🔍 Verbose mode enabled - detailed exploration tracking
📊 Using 8 maximum iterations per scenario

🎯 Running scenario: basic_sharing_primitive
✓ Validated 4 constraints in scenario 'Basic Resource Sharing (True Primitives Only)'
🎯 Running scenario: Basic Resource Sharing (True Primitives Only)
   Description: Same simplified scenario as basic_sharing (1 private file + 1 shared file per PD) but using only true graph primitives
   Goals (3): ['Goal(minimize RSI[PD_1,PD_2] to 0.3)', 'Goal(minimize TCB[PD_1] to 0)', 'Goal(minimize ASR to 1.0)']
   Constraints (4): ["Constraint(requires_file_access for PD_1: FILE, {'file_type': 'CONFIG', 'min_size_kb': 1})", "Constraint(requires_file_access for PD_2: FILE, {'file_type': 'DATABASE', 'min_size_kb': 1})", "Constraint(requires_file_access for PD_1: FILE, {'file_type': 'TEMP', 'min_size_kb': 1})", "Constraint(requires_file_access for PD_2: FILE, {'file_type': 'TEMP', 'min_size_kb': 1})"]
   Transitions (12): ['Transition(add_pd: Create new Protection Domain)', 'Transition(remove_pd: Remove existing Protection Domain)', 'Transition(add_file_resource: Create new FILE resource)', 'Transition(remove_file_resource: Remove FILE resource)', 'Transition(add_resource_space: Create new resource space)', 'Transition(remove_resource_space: Remove resource space)', 'Transition(add_hold_edge: Create PD → Resource relationship)', 'Transition(remove_hold_edge: Remove PD → Resource relationship)', 'Transition(add_request_edge: Create PD → PD authority relationship)', 'Transition(remove_request_edge: Remove PD → PD authority relationship)', 'Transition(add_subset_edge: Create Resource → ResourceSpace relationship)', 'Transition(remove_subset_edge: Remove Resource → ResourceSpace relationship)']
   Starting Graph: 6 nodes, 7 edges

=== Graph Details ===
Node: PD_1 -> {'type': 'PD', 'data': 'user_process', 'extra': ''}
Node: PD_2 -> {'type': 'PD', 'data': 'database_server', 'extra': ''}
Node: FILE_SPACE_1 -> {'type': 'RESOURCE_SPACE', 'data': 'FILE', 'extra': ''}
Node: FILE_1_1 -> {'type': 'RESOURCE', 'data': 'FILE', 'extra': '{"path": "/etc/user.conf", "file_type": "CONFIG", "size_bytes": "4096", "permissions": "rw-"}'}
Node: FILE_1_2 -> {'type': 'RESOURCE', 'data': 'FILE', 'extra': '{"path": "/var/db/main.db", "file_type": "DATABASE", "size_bytes": "8192", "permissions": "rw-"}'}
Node: FILE_1_3 -> {'type': 'RESOURCE', 'data': 'FILE', 'extra': '{"path": "/tmp/shared_buffer.tmp", "file_type": "TEMP", "size_bytes": "2048", "permissions": "rw-"}'}

=== Ready for IsoSearch! ===

=== Exploring Basic Resource Sharing (True Primitives Only) ===
🔍 Using beam search (width=3)
🔍 Starting beam search exploration (beam_width=3)
   Goals: 3, Constraints: 4, Transitions: 12

📊 Initial graph:
        # Graph structure:
        # PD_1 --HOLD--> FILE_1_1 -> FILE_SPACE_1
        # PD_1 --HOLD--> FILE_1_3 -> FILE_SPACE_1
        # PD_2 --HOLD--> FILE_1_2 -> FILE_SPACE_1
        # PD_2 --HOLD--> FILE_1_3 -> FILE_SPACE_1
        #
        # FILE_1_3 shared by: PD_1, PD_2


============================================================
🔍 Beam Search Iteration 1/8
📊 Current beam size: 1
  Beam[0]: BeamState(iter=0, score=0.000, path=)

🌟 Expanding Beam[0] (score: 0.000)
  Computing metrics...
    RSI: {'PD_1,PD_2': 0.3333333333333333}, ASR: 2.0, TCB: {'PD_1': ['PD_2'], 'PD_2': ['PD_1']}, FR: {'PD_1,PD_2': inf}
    Goal not met: RSI[PD_1,PD_2]=0.333 > 0.3
  Computing metrics...
    RSI: {'PD_1,PD_2': 0.3333333333333333}, ASR: 2.0, TCB: {'PD_1': ['PD_2'], 'PD_2': ['PD_1']}, FR: {'PD_1,PD_2': inf}
  Computing metrics...
    RSI: {'PD_1,PD_2': 0.3333333333333333, 'PD_1,PD_3': 0.0, 'PD_2,PD_3': 0.0}, ASR: 1.3333333333333333, TCB: {'PD_1': ['PD_2'], 'PD_2': ['PD_1'], 'PD_3': []}, FR: {'PD_1,PD_2': inf, 'PD_1,PD_3': inf, 'PD_2,PD_3': inf}
  Computing metrics...
    RSI: {'PD_1,PD_2': 0.3333333333333333}, ASR: 2.0, TCB: {'PD_1': ['PD_2'], 'PD_2': ['PD_1']}, FR: {'PD_1,PD_2': inf}
  Computing metrics...
    RSI: {'PD_1,PD_2': 0.3333333333333333}, ASR: 2.0, TCB: {'PD_1': ['PD_2'], 'PD_2': ['PD_1']}, FR: {'PD_1,PD_2': inf}
  Computing metrics...
    RSI: {'PD_1,PD_2': 0.3333333333333333}, ASR: 2.0, TCB: {'PD_1': ['PD_2'], 'PD_2': ['PD_1']}, FR: {'PD_1,PD_2': inf}
  Computing metrics...
    RSI: {'PD_1,PD_2': 0.3333333333333333}, ASR: 2.0, TCB: {'PD_1': ['PD_2'], 'PD_2': ['PD_1']}, FR: {'PD_1,PD_2': inf}
  Computing metrics...
    RSI: {'PD_1,PD_2': 0.3333333333333333}, ASR: 2.0, TCB: {'PD_1': ['PD_2'], 'PD_2': ['PD_1']}, FR: {'PD_1,PD_2': inf}
  Computing metrics...
    RSI: {'PD_1,PD_2': 0.3333333333333333}, ASR: 2.0, TCB: {'PD_1': ['PD_2'], 'PD_2': ['PD_1']}, FR: {'PD_1,PD_2': inf}
  Computing metrics...
    RSI: {'PD_1,PD_2': 0.3333333333333333}, ASR: 2.0, TCB: {'PD_1': ['PD_2'], 'PD_2': ['PD_1']}, FR: {'PD_1,PD_2': inf}
  Computing metrics...
    RSI: {'PD_1,PD_2': 0.3333333333333333}, ASR: 2.0, TCB: {'PD_1': ['PD_2'], 'PD_2': ['PD_1']}, FR: {'PD_1,PD_2': inf}
  Computing metrics...
    RSI: {'PD_1,PD_2': 0.3333333333333333}, ASR: 2.0, TCB: {'PD_1': ['PD_2'], 'PD_2': ['PD_1']}, FR: {'PD_1,PD_2': inf}
  Computing metrics...
    RSI: {'PD_1,PD_2': 0.3333333333333333}, ASR: 2.0, TCB: {'PD_1': ['PD_2'], 'PD_2': ['PD_1']}, FR: {'PD_1,PD_2': inf}
  Computing metrics...
    RSI: {'PD_1,PD_2': 0.3333333333333333}, ASR: 2.0, TCB: {'PD_1': ['PD_2'], 'PD_2': ['PD_1']}, FR: {'PD_1,PD_2': inf}
  Computing metrics...
    RSI: {'PD_1,PD_2': 0.6666666666666666}, ASR: 2.5, TCB: {'PD_1': ['PD_2'], 'PD_2': ['PD_1']}, FR: {'PD_1,PD_2': inf}
  Computing metrics...
    RSI: {'PD_1,PD_2': 0.3333333333333333}, ASR: 2.0, TCB: {'PD_1': ['PD_2'], 'PD_2': ['PD_1']}, FR: {'PD_1,PD_2': inf}
  Computing metrics...
    RSI: {'PD_1,PD_2': 0.6666666666666666}, ASR: 2.5, TCB: {'PD_1': ['PD_2'], 'PD_2': ['PD_1']}, FR: {'PD_1,PD_2': inf}
  Computing metrics...
    RSI: {'PD_1,PD_2': 0.3333333333333333}, ASR: 2.0, TCB: {'PD_1': ['PD_2'], 'PD_2': ['PD_1']}, FR: {'PD_1,PD_2': inf}
  Computing metrics...
    RSI: {'PD_1,PD_2': 0.3333333333333333}, ASR: 2.5, TCB: {'PD_1': ['PD_2'], 'PD_2': ['PD_1']}, FR: {'PD_1,PD_2': inf}
  Computing metrics...
    RSI: {'PD_1,PD_2': 0.3333333333333333}, ASR: 2.0, TCB: {'PD_1': ['PD_2'], 'PD_2': ['PD_1']}, FR: {'PD_1,PD_2': inf}
  Computing metrics...
    RSI: {'PD_1,PD_2': 0.3333333333333333}, ASR: 2.5, TCB: {'PD_1': ['PD_2'], 'PD_2': ['PD_1']}, FR: {'PD_1,PD_2': inf}
  Computing metrics...
    RSI: {'PD_1,PD_2': 0.3333333333333333}, ASR: 2.0, TCB: {'PD_1': ['PD_2'], 'PD_2': ['PD_1']}, FR: {'PD_1,PD_2': inf}
  Computing metrics...
    RSI: {'PD_1,PD_2': 0.3333333333333333}, ASR: 2.0, TCB: {'PD_1': ['PD_2'], 'PD_2': ['PD_1']}, FR: {'PD_1,PD_2': inf}
  Computing metrics...
    RSI: {'PD_1,PD_2': 0.3333333333333333}, ASR: 2.0, TCB: {'PD_1': ['PD_2'], 'PD_2': ['PD_1']}, FR: {'PD_1,PD_2': inf}
  Computing metrics...
    RSI: {'PD_1,PD_2': 0.3333333333333333}, ASR: 2.0, TCB: {'PD_1': ['PD_2'], 'PD_2': ['PD_1']}, FR: {'PD_1,PD_2': inf}
  Computing metrics...
    RSI: {'PD_1,PD_2': 0.3333333333333333}, ASR: 2.0, TCB: {'PD_1': ['PD_2'], 'PD_2': ['PD_1']}, FR: {'PD_1,PD_2': inf}
  Computing metrics...
    RSI: {'PD_1,PD_2': 0.3333333333333333}, ASR: 2.0, TCB: {'PD_1': ['PD_2'], 'PD_2': ['PD_1']}, FR: {'PD_1,PD_2': inf}
  🎲 Exploration: selecting candidate #2 instead of best
  Trying best transition: primitive
    Target: create new DATABASE file in FILE_SPACE_1
    Predicted improvement: 0.700
    Considered 12 other option(s):
      1. primitive: create new DATABASE file in FILE_SPACE_1 (improvement: 0.700)
      2. primitive: create new TEMP file in FILE_SPACE_1 (improvement: 0.700)
      3. primitive: create new LOG file in FILE_SPACE_1 (improvement: 0.700)
      4. primitive: add new protection domain for system expansion (improvement: 0.544)
      5. primitive: remove FILE_1_3 (holders: 2) (improvement: 0.100)
      6. primitive: disconnect FILE_1_1 from FILE_SPACE_1 (improvement: 0.100)
      7. primitive: disconnect FILE_1_2 from FILE_SPACE_1 (improvement: 0.100)
      8. primitive: disconnect FILE_1_3 from FILE_SPACE_1 (improvement: 0.100)
      9. primitive: connect PD_1 to FILE_1_2 (improvement: 0.001)
      10. primitive: connect PD_2 to FILE_1_1 (improvement: 0.001)
      ... and 2 more
    ✅ Applied add_file_resource
  📋 Generated 13 candidate(s)
  Computing metrics...
    RSI: {'PD_1,PD_2': 0.3333333333333333}, ASR: 2.0, TCB: {'PD_1': ['PD_2'], 'PD_2': ['PD_1']}, FR: {'PD_1,PD_2': inf}
    ✅ Added candidate: add_file_resource (score: 0.700)
  Computing metrics...
    RSI: {'PD_1,PD_2': 0.3333333333333333}, ASR: 2.0, TCB: {'PD_1': ['PD_2'], 'PD_2': ['PD_1']}, FR: {'PD_1,PD_2': inf}
    ✅ Added candidate: add_file_resource (score: 0.700)
  Computing metrics...
    RSI: {'PD_1,PD_2': 0.3333333333333333}, ASR: 2.0, TCB: {'PD_1': ['PD_2'], 'PD_2': ['PD_1']}, FR: {'PD_1,PD_2': inf}
    ✅ Added candidate: add_file_resource (score: 0.700)
  Computing metrics...
    RSI: {'PD_1,PD_2': 0.3333333333333333}, ASR: 2.0, TCB: {'PD_1': ['PD_2'], 'PD_2': ['PD_1']}, FR: {'PD_1,PD_2': inf}
    ✅ Added candidate: add_file_resource (score: 0.700)

📊 Next beam (3 states):
  Beam[0]: BeamState(iter=1, score=0.700, path=add_file_resource(create new CONFIG file in FILE_SPACE_1))
  Beam[1]: BeamState(iter=1, score=0.700, path=add_file_resource(create new DATABASE file in FILE_SPACE_1))
  Beam[2]: BeamState(iter=1, score=0.700, path=add_file_resource(create new TEMP file in FILE_SPACE_1))
💡 Total candidates generated: 4
🎯 Mechanisms discovered so far: 0

============================================================
🔍 Beam Search Iteration 2/8
📊 Current beam size: 3
  Beam[0]: BeamState(iter=1, score=0.700, path=add_file_resource(create new CONFIG file in FILE_SPACE_1))
  Beam[1]: BeamState(iter=1, score=0.700, path=add_file_resource(create new DATABASE file in FILE_SPACE_1))
  Beam[2]: BeamState(iter=1, score=0.700, path=add_file_resource(create new TEMP file in FILE_SPACE_1))

🌟 Expanding Beam[0] (score: 0.700)
  Computing metrics...
    RSI: {'PD_1,PD_2': 0.3333333333333333}, ASR: 2.0, TCB: {'PD_1': ['PD_2'], 'PD_2': ['PD_1']}, FR: {'PD_1,PD_2': inf}
    Goal not met: RSI[PD_1,PD_2]=0.333 > 0.3
  Computing metrics...
    RSI: {'PD_1,PD_2': 0.3333333333333333}, ASR: 2.0, TCB: {'PD_1': ['PD_2'], 'PD_2': ['PD_1']}, FR: {'PD_1,PD_2': inf}
  Computing metrics...
    RSI: {'PD_1,PD_2': 0.3333333333333333, 'PD_1,PD_3': 0.0, 'PD_2,PD_3': 0.0}, ASR: 1.3333333333333333, TCB: {'PD_1': ['PD_2'], 'PD_2': ['PD_1'], 'PD_3': []}, FR: {'PD_1,PD_2': inf, 'PD_1,PD_3': inf, 'PD_2,PD_3': inf}
  Computing metrics...
    RSI: {'PD_1,PD_2': 0.3333333333333333}, ASR: 2.0, TCB: {'PD_1': ['PD_2'], 'PD_2': ['PD_1']}, FR: {'PD_1,PD_2': inf}
  Computing metrics...
    RSI: {'PD_1,PD_2': 0.3333333333333333}, ASR: 2.0, TCB: {'PD_1': ['PD_2'], 'PD_2': ['PD_1']}, FR: {'PD_1,PD_2': inf}
  Computing metrics...
    RSI: {'PD_1,PD_2': 0.3333333333333333}, ASR: 2.0, TCB: {'PD_1': ['PD_2'], 'PD_2': ['PD_1']}, FR: {'PD_1,PD_2': inf}
  Computing metrics...
    RSI: {'PD_1,PD_2': 0.3333333333333333}, ASR: 2.0, TCB: {'PD_1': ['PD_2'], 'PD_2': ['PD_1']}, FR: {'PD_1,PD_2': inf}
  Computing metrics...
    RSI: {'PD_1,PD_2': 0.3333333333333333}, ASR: 2.0, TCB: {'PD_1': ['PD_2'], 'PD_2': ['PD_1']}, FR: {'PD_1,PD_2': inf}
  Computing metrics...
    RSI: {'PD_1,PD_2': 0.3333333333333333}, ASR: 2.0, TCB: {'PD_1': ['PD_2'], 'PD_2': ['PD_1']}, FR: {'PD_1,PD_2': inf}
  Computing metrics...
    RSI: {'PD_1,PD_2': 0.3333333333333333}, ASR: 2.0, TCB: {'PD_1': ['PD_2'], 'PD_2': ['PD_1']}, FR: {'PD_1,PD_2': inf}
  Computing metrics...
    RSI: {'PD_1,PD_2': 0.3333333333333333}, ASR: 2.0, TCB: {'PD_1': ['PD_2'], 'PD_2': ['PD_1']}, FR: {'PD_1,PD_2': inf}
  Computing metrics...
    RSI: {'PD_1,PD_2': 0.3333333333333333}, ASR: 2.0, TCB: {'PD_1': ['PD_2'], 'PD_2': ['PD_1']}, FR: {'PD_1,PD_2': inf}
  Computing metrics...
    RSI: {'PD_1,PD_2': 0.3333333333333333}, ASR: 2.0, TCB: {'PD_1': ['PD_2'], 'PD_2': ['PD_1']}, FR: {'PD_1,PD_2': inf}
  Computing metrics...
    RSI: {'PD_1,PD_2': 0.3333333333333333}, ASR: 2.0, TCB: {'PD_1': ['PD_2'], 'PD_2': ['PD_1']}, FR: {'PD_1,PD_2': inf}
  Computing metrics...
    RSI: {'PD_1,PD_2': 0.3333333333333333}, ASR: 2.0, TCB: {'PD_1': ['PD_2'], 'PD_2': ['PD_1']}, FR: {'PD_1,PD_2': inf}
  Computing metrics...
    RSI: {'PD_1,PD_2': 0.3333333333333333}, ASR: 2.0, TCB: {'PD_1': ['PD_2'], 'PD_2': ['PD_1']}, FR: {'PD_1,PD_2': inf}
  Computing metrics...
    RSI: {'PD_1,PD_2': 0.6666666666666666}, ASR: 2.5, TCB: {'PD_1': ['PD_2'], 'PD_2': ['PD_1']}, FR: {'PD_1,PD_2': inf}
  Computing metrics...
    RSI: {'PD_1,PD_2': 0.3333333333333333}, ASR: 2.0, TCB: {'PD_1': ['PD_2'], 'PD_2': ['PD_1']}, FR: {'PD_1,PD_2': inf}
  Computing metrics...
    RSI: {'PD_1,PD_2': 0.25}, ASR: 2.5, TCB: {'PD_1': ['PD_2'], 'PD_2': ['PD_1']}, FR: {'PD_1,PD_2': inf}
  Computing metrics...
    RSI: {'PD_1,PD_2': 0.3333333333333333}, ASR: 2.0, TCB: {'PD_1': ['PD_2'], 'PD_2': ['PD_1']}, FR: {'PD_1,PD_2': inf}
  Computing metrics...
    RSI: {'PD_1,PD_2': 0.6666666666666666}, ASR: 2.5, TCB: {'PD_1': ['PD_2'], 'PD_2': ['PD_1']}, FR: {'PD_1,PD_2': inf}
  Computing metrics...
    RSI: {'PD_1,PD_2': 0.3333333333333333}, ASR: 2.0, TCB: {'PD_1': ['PD_2'], 'PD_2': ['PD_1']}, FR: {'PD_1,PD_2': inf}
  Computing metrics...
    RSI: {'PD_1,PD_2': 0.25}, ASR: 2.5, TCB: {'PD_1': ['PD_2'], 'PD_2': ['PD_1']}, FR: {'PD_1,PD_2': inf}
  Computing metrics...
    RSI: {'PD_1,PD_2': 0.3333333333333333}, ASR: 2.0, TCB: {'PD_1': ['PD_2'], 'PD_2': ['PD_1']}, FR: {'PD_1,PD_2': inf}
  Computing metrics...
    RSI: {'PD_1,PD_2': 0.3333333333333333}, ASR: 2.5, TCB: {'PD_1': ['PD_2'], 'PD_2': ['PD_1']}, FR: {'PD_1,PD_2': inf}
  Computing metrics...
    RSI: {'PD_1,PD_2': 0.3333333333333333}, ASR: 2.0, TCB: {'PD_1': ['PD_2'], 'PD_2': ['PD_1']}, FR: {'PD_1,PD_2': inf}
  Computing metrics...
    RSI: {'PD_1,PD_2': 0.3333333333333333}, ASR: 2.5, TCB: {'PD_1': ['PD_2'], 'PD_2': ['PD_1']}, FR: {'PD_1,PD_2': inf}
  Computing metrics...
    RSI: {'PD_1,PD_2': 0.3333333333333333}, ASR: 2.0, TCB: {'PD_1': ['PD_2'], 'PD_2': ['PD_1']}, FR: {'PD_1,PD_2': inf}
  Computing metrics...
    RSI: {'PD_1,PD_2': 0.3333333333333333}, ASR: 2.0, TCB: {'PD_1': ['PD_2'], 'PD_2': ['PD_1']}, FR: {'PD_1,PD_2': inf}
  Computing metrics...
    RSI: {'PD_1,PD_2': 0.3333333333333333}, ASR: 2.0, TCB: {'PD_1': ['PD_2'], 'PD_2': ['PD_1']}, FR: {'PD_1,PD_2': inf}
  Computing metrics...
    RSI: {'PD_1,PD_2': 0.3333333333333333}, ASR: 2.0, TCB: {'PD_1': ['PD_2'], 'PD_2': ['PD_1']}, FR: {'PD_1,PD_2': inf}
  Computing metrics...
    RSI: {'PD_1,PD_2': 0.3333333333333333}, ASR: 2.0, TCB: {'PD_1': ['PD_2'], 'PD_2': ['PD_1']}, FR: {'PD_1,PD_2': inf}
  Computing metrics...
    RSI: {'PD_1,PD_2': 0.3333333333333333}, ASR: 2.0, TCB: {'PD_1': ['PD_2'], 'PD_2': ['PD_1']}, FR: {'PD_1,PD_2': inf}
  Computing metrics...
    RSI: {'PD_1,PD_2': 0.3333333333333333}, ASR: 2.0, TCB: {'PD_1': ['PD_2'], 'PD_2': ['PD_1']}, FR: {'PD_1,PD_2': inf}
  Computing metrics...
    RSI: {'PD_1,PD_2': 0.3333333333333333}, ASR: 2.0, TCB: {'PD_1': ['PD_2'], 'PD_2': ['PD_1']}, FR: {'PD_1,PD_2': inf}
  🚫 Filtered out 0 'add_file_resource(create new CONFIG file in FILE_SPACE_1)' candidates (avoiding repetition)
  🎲 Exploration: selecting candidate #1 instead of best
  Trying best transition: primitive
    Target: create new CONFIG file in FILE_SPACE_1
    Predicted improvement: 0.700
    Considered 16 other option(s):
      1. primitive: create new DATABASE file in FILE_SPACE_1 (improvement: 0.700)
      2. primitive: create new TEMP file in FILE_SPACE_1 (improvement: 0.700)
      3. primitive: create new LOG file in FILE_SPACE_1 (improvement: 0.700)
      4. primitive: add new protection domain for system expansion (improvement: 0.544)
      5. primitive: remove FILE_1_3 (holders: 2) (improvement: 0.100)
      6. primitive: remove FILE_1_4 (holders: 0) (improvement: 0.100)
      7. primitive: disconnect FILE_1_1 from FILE_SPACE_1 (improvement: 0.100)
      8. primitive: disconnect FILE_1_2 from FILE_SPACE_1 (improvement: 0.100)
      9. primitive: disconnect FILE_1_3 from FILE_SPACE_1 (improvement: 0.100)
      10. primitive: disconnect FILE_1_4 from FILE_SPACE_1 (improvement: 0.100)
      ... and 6 more
    ✅ Applied add_file_resource
  📋 Generated 17 candidate(s)
  Computing metrics...
    RSI: {'PD_1,PD_2': 0.3333333333333333}, ASR: 2.0, TCB: {'PD_1': ['PD_2'], 'PD_2': ['PD_1']}, FR: {'PD_1,PD_2': inf}
    ✅ Added candidate: add_file_resource (score: 0.700)
  Computing metrics...
    RSI: {'PD_1,PD_2': 0.3333333333333333}, ASR: 2.0, TCB: {'PD_1': ['PD_2'], 'PD_2': ['PD_1']}, FR: {'PD_1,PD_2': inf}
    ✅ Added candidate: add_file_resource (score: 0.700)

🌟 Expanding Beam[1] (score: 0.700)
  Computing metrics...
    RSI: {'PD_1,PD_2': 0.3333333333333333}, ASR: 2.0, TCB: {'PD_1': ['PD_2'], 'PD_2': ['PD_1']}, FR: {'PD_1,PD_2': inf}
    Goal not met: RSI[PD_1,PD_2]=0.333 > 0.3
  Computing metrics...
    RSI: {'PD_1,PD_2': 0.3333333333333333}, ASR: 2.0, TCB: {'PD_1': ['PD_2'], 'PD_2': ['PD_1']}, FR: {'PD_1,PD_2': inf}
  Computing metrics...
    RSI: {'PD_1,PD_2': 0.3333333333333333, 'PD_1,PD_3': 0.0, 'PD_2,PD_3': 0.0}, ASR: 1.3333333333333333, TCB: {'PD_1': ['PD_2'], 'PD_2': ['PD_1'], 'PD_3': []}, FR: {'PD_1,PD_2': inf, 'PD_1,PD_3': inf, 'PD_2,PD_3': inf}
  Computing metrics...
    RSI: {'PD_1,PD_2': 0.3333333333333333}, ASR: 2.0, TCB: {'PD_1': ['PD_2'], 'PD_2': ['PD_1']}, FR: {'PD_1,PD_2': inf}
  Computing metrics...
    RSI: {'PD_1,PD_2': 0.3333333333333333}, ASR: 2.0, TCB: {'PD_1': ['PD_2'], 'PD_2': ['PD_1']}, FR: {'PD_1,PD_2': inf}
  Computing metrics...
    RSI: {'PD_1,PD_2': 0.3333333333333333}, ASR: 2.0, TCB: {'PD_1': ['PD_2'], 'PD_2': ['PD_1']}, FR: {'PD_1,PD_2': inf}
  Computing metrics...
    RSI: {'PD_1,PD_2': 0.3333333333333333}, ASR: 2.0, TCB: {'PD_1': ['PD_2'], 'PD_2': ['PD_1']}, FR: {'PD_1,PD_2': inf}
  Computing metrics...
    RSI: {'PD_1,PD_2': 0.3333333333333333}, ASR: 2.0, TCB: {'PD_1': ['PD_2'], 'PD_2': ['PD_1']}, FR: {'PD_1,PD_2': inf}
  Computing metrics...
    RSI: {'PD_1,PD_2': 0.3333333333333333}, ASR: 2.0, TCB: {'PD_1': ['PD_2'], 'PD_2': ['PD_1']}, FR: {'PD_1,PD_2': inf}
  Computing metrics...
    RSI: {'PD_1,PD_2': 0.3333333333333333}, ASR: 2.0, TCB: {'PD_1': ['PD_2'], 'PD_2': ['PD_1']}, FR: {'PD_1,PD_2': inf}
  Computing metrics...
    RSI: {'PD_1,PD_2': 0.3333333333333333}, ASR: 2.0, TCB: {'PD_1': ['PD_2'], 'PD_2': ['PD_1']}, FR: {'PD_1,PD_2': inf}
  Computing metrics...
    RSI: {'PD_1,PD_2': 0.3333333333333333}, ASR: 2.0, TCB: {'PD_1': ['PD_2'], 'PD_2': ['PD_1']}, FR: {'PD_1,PD_2': inf}
  Computing metrics...
    RSI: {'PD_1,PD_2': 0.3333333333333333}, ASR: 2.0, TCB: {'PD_1': ['PD_2'], 'PD_2': ['PD_1']}, FR: {'PD_1,PD_2': inf}
  Computing metrics...
    RSI: {'PD_1,PD_2': 0.3333333333333333}, ASR: 2.0, TCB: {'PD_1': ['PD_2'], 'PD_2': ['PD_1']}, FR: {'PD_1,PD_2': inf}
  Computing metrics...
    RSI: {'PD_1,PD_2': 0.3333333333333333}, ASR: 2.0, TCB: {'PD_1': ['PD_2'], 'PD_2': ['PD_1']}, FR: {'PD_1,PD_2': inf}
  Computing metrics...
    RSI: {'PD_1,PD_2': 0.3333333333333333}, ASR: 2.0, TCB: {'PD_1': ['PD_2'], 'PD_2': ['PD_1']}, FR: {'PD_1,PD_2': inf}
  Computing metrics...
    RSI: {'PD_1,PD_2': 0.6666666666666666}, ASR: 2.5, TCB: {'PD_1': ['PD_2'], 'PD_2': ['PD_1']}, FR: {'PD_1,PD_2': inf}
  Computing metrics...
    RSI: {'PD_1,PD_2': 0.3333333333333333}, ASR: 2.0, TCB: {'PD_1': ['PD_2'], 'PD_2': ['PD_1']}, FR: {'PD_1,PD_2': inf}
  Computing metrics...
    RSI: {'PD_1,PD_2': 0.25}, ASR: 2.5, TCB: {'PD_1': ['PD_2'], 'PD_2': ['PD_1']}, FR: {'PD_1,PD_2': inf}
  Computing metrics...
    RSI: {'PD_1,PD_2': 0.3333333333333333}, ASR: 2.0, TCB: {'PD_1': ['PD_2'], 'PD_2': ['PD_1']}, FR: {'PD_1,PD_2': inf}
  Computing metrics...
    RSI: {'PD_1,PD_2': 0.6666666666666666}, ASR: 2.5, TCB: {'PD_1': ['PD_2'], 'PD_2': ['PD_1']}, FR: {'PD_1,PD_2': inf}
  Computing metrics...
    RSI: {'PD_1,PD_2': 0.3333333333333333}, ASR: 2.0, TCB: {'PD_1': ['PD_2'], 'PD_2': ['PD_1']}, FR: {'PD_1,PD_2': inf}
  Computing metrics...
    RSI: {'PD_1,PD_2': 0.25}, ASR: 2.5, TCB: {'PD_1': ['PD_2'], 'PD_2': ['PD_1']}, FR: {'PD_1,PD_2': inf}
  Computing metrics...
    RSI: {'PD_1,PD_2': 0.3333333333333333}, ASR: 2.0, TCB: {'PD_1': ['PD_2'], 'PD_2': ['PD_1']}, FR: {'PD_1,PD_2': inf}
  Computing metrics...
    RSI: {'PD_1,PD_2': 0.3333333333333333}, ASR: 2.5, TCB: {'PD_1': ['PD_2'], 'PD_2': ['PD_1']}, FR: {'PD_1,PD_2': inf}
  Computing metrics...
    RSI: {'PD_1,PD_2': 0.3333333333333333}, ASR: 2.0, TCB: {'PD_1': ['PD_2'], 'PD_2': ['PD_1']}, FR: {'PD_1,PD_2': inf}
  Computing metrics...
    RSI: {'PD_1,PD_2': 0.3333333333333333}, ASR: 2.5, TCB: {'PD_1': ['PD_2'], 'PD_2': ['PD_1']}, FR: {'PD_1,PD_2': inf}
  Computing metrics...
    RSI: {'PD_1,PD_2': 0.3333333333333333}, ASR: 2.0, TCB: {'PD_1': ['PD_2'], 'PD_2': ['PD_1']}, FR: {'PD_1,PD_2': inf}
  Computing metrics...
    RSI: {'PD_1,PD_2': 0.3333333333333333}, ASR: 2.0, TCB: {'PD_1': ['PD_2'], 'PD_2': ['PD_1']}, FR: {'PD_1,PD_2': inf}
  Computing metrics...
    RSI: {'PD_1,PD_2': 0.3333333333333333}, ASR: 2.0, TCB: {'PD_1': ['PD_2'], 'PD_2': ['PD_1']}, FR: {'PD_1,PD_2': inf}
  Computing metrics...
    RSI: {'PD_1,PD_2': 0.3333333333333333}, ASR: 2.0, TCB: {'PD_1': ['PD_2'], 'PD_2': ['PD_1']}, FR: {'PD_1,PD_2': inf}
  Computing metrics...
    RSI: {'PD_1,PD_2': 0.3333333333333333}, ASR: 2.0, TCB: {'PD_1': ['PD_2'], 'PD_2': ['PD_1']}, FR: {'PD_1,PD_2': inf}
  Computing metrics...
    RSI: {'PD_1,PD_2': 0.3333333333333333}, ASR: 2.0, TCB: {'PD_1': ['PD_2'], 'PD_2': ['PD_1']}, FR: {'PD_1,PD_2': inf}
  Computing metrics...
    RSI: {'PD_1,PD_2': 0.3333333333333333}, ASR: 2.0, TCB: {'PD_1': ['PD_2'], 'PD_2': ['PD_1']}, FR: {'PD_1,PD_2': inf}
  Computing metrics...
    RSI: {'PD_1,PD_2': 0.3333333333333333}, ASR: 2.0, TCB: {'PD_1': ['PD_2'], 'PD_2': ['PD_1']}, FR: {'PD_1,PD_2': inf}
  🚫 Filtered out 0 'add_file_resource(create new DATABASE file in FILE_SPACE_1)' candidates (avoiding repetition)
  🎲 Exploration: selecting candidate #2 instead of best
  Trying best transition: primitive
    Target: create new DATABASE file in FILE_SPACE_1
    Predicted improvement: 0.700
    Considered 16 other option(s):
      1. primitive: create new DATABASE file in FILE_SPACE_1 (improvement: 0.700)
      2. primitive: create new TEMP file in FILE_SPACE_1 (improvement: 0.700)
      3. primitive: create new LOG file in FILE_SPACE_1 (improvement: 0.700)
      4. primitive: add new protection domain for system expansion (improvement: 0.544)
      5. primitive: remove FILE_1_3 (holders: 2) (improvement: 0.100)
      6. primitive: remove FILE_1_4 (holders: 0) (improvement: 0.100)
      7. primitive: disconnect FILE_1_1 from FILE_SPACE_1 (improvement: 0.100)
      8. primitive: disconnect FILE_1_2 from FILE_SPACE_1 (improvement: 0.100)
      9. primitive: disconnect FILE_1_3 from FILE_SPACE_1 (improvement: 0.100)
      10. primitive: disconnect FILE_1_4 from FILE_SPACE_1 (improvement: 0.100)
      ... and 6 more
    ✅ Applied add_file_resource
  📋 Generated 17 candidate(s)
  Computing metrics...
    RSI: {'PD_1,PD_2': 0.3333333333333333}, ASR: 2.0, TCB: {'PD_1': ['PD_2'], 'PD_2': ['PD_1']}, FR: {'PD_1,PD_2': inf}
    ✅ Added candidate: add_file_resource (score: 0.700)
  Computing metrics...
    RSI: {'PD_1,PD_2': 0.3333333333333333}, ASR: 2.0, TCB: {'PD_1': ['PD_2'], 'PD_2': ['PD_1']}, FR: {'PD_1,PD_2': inf}
    ✅ Added candidate: add_file_resource (score: 0.700)

🌟 Expanding Beam[2] (score: 0.700)
  Computing metrics...
    RSI: {'PD_1,PD_2': 0.3333333333333333}, ASR: 2.0, TCB: {'PD_1': ['PD_2'], 'PD_2': ['PD_1']}, FR: {'PD_1,PD_2': inf}
    Goal not met: RSI[PD_1,PD_2]=0.333 > 0.3
  Computing metrics...
    RSI: {'PD_1,PD_2': 0.3333333333333333}, ASR: 2.0, TCB: {'PD_1': ['PD_2'], 'PD_2': ['PD_1']}, FR: {'PD_1,PD_2': inf}
  Computing metrics...
    RSI: {'PD_1,PD_2': 0.3333333333333333, 'PD_1,PD_3': 0.0, 'PD_2,PD_3': 0.0}, ASR: 1.3333333333333333, TCB: {'PD_1': ['PD_2'], 'PD_2': ['PD_1'], 'PD_3': []}, FR: {'PD_1,PD_2': inf, 'PD_1,PD_3': inf, 'PD_2,PD_3': inf}
  Computing metrics...
    RSI: {'PD_1,PD_2': 0.3333333333333333}, ASR: 2.0, TCB: {'PD_1': ['PD_2'], 'PD_2': ['PD_1']}, FR: {'PD_1,PD_2': inf}
  Computing metrics...
    RSI: {'PD_1,PD_2': 0.3333333333333333}, ASR: 2.0, TCB: {'PD_1': ['PD_2'], 'PD_2': ['PD_1']}, FR: {'PD_1,PD_2': inf}
  Computing metrics...
    RSI: {'PD_1,PD_2': 0.3333333333333333}, ASR: 2.0, TCB: {'PD_1': ['PD_2'], 'PD_2': ['PD_1']}, FR: {'PD_1,PD_2': inf}
  Computing metrics...
    RSI: {'PD_1,PD_2': 0.3333333333333333}, ASR: 2.0, TCB: {'PD_1': ['PD_2'], 'PD_2': ['PD_1']}, FR: {'PD_1,PD_2': inf}
  Computing metrics...
    RSI: {'PD_1,PD_2': 0.3333333333333333}, ASR: 2.0, TCB: {'PD_1': ['PD_2'], 'PD_2': ['PD_1']}, FR: {'PD_1,PD_2': inf}
  Computing metrics...
    RSI: {'PD_1,PD_2': 0.3333333333333333}, ASR: 2.0, TCB: {'PD_1': ['PD_2'], 'PD_2': ['PD_1']}, FR: {'PD_1,PD_2': inf}
  Computing metrics...
    RSI: {'PD_1,PD_2': 0.3333333333333333}, ASR: 2.0, TCB: {'PD_1': ['PD_2'], 'PD_2': ['PD_1']}, FR: {'PD_1,PD_2': inf}
  Computing metrics...
    RSI: {'PD_1,PD_2': 0.3333333333333333}, ASR: 2.0, TCB: {'PD_1': ['PD_2'], 'PD_2': ['PD_1']}, FR: {'PD_1,PD_2': inf}
  Computing metrics...
    RSI: {'PD_1,PD_2': 0.3333333333333333}, ASR: 2.0, TCB: {'PD_1': ['PD_2'], 'PD_2': ['PD_1']}, FR: {'PD_1,PD_2': inf}
  Computing metrics...
    RSI: {'PD_1,PD_2': 0.3333333333333333}, ASR: 2.0, TCB: {'PD_1': ['PD_2'], 'PD_2': ['PD_1']}, FR: {'PD_1,PD_2': inf}
  Computing metrics...
    RSI: {'PD_1,PD_2': 0.3333333333333333}, ASR: 2.0, TCB: {'PD_1': ['PD_2'], 'PD_2': ['PD_1']}, FR: {'PD_1,PD_2': inf}
  Computing metrics...
    RSI: {'PD_1,PD_2': 0.3333333333333333}, ASR: 2.0, TCB: {'PD_1': ['PD_2'], 'PD_2': ['PD_1']}, FR: {'PD_1,PD_2': inf}
  Computing metrics...
    RSI: {'PD_1,PD_2': 0.3333333333333333}, ASR: 2.0, TCB: {'PD_1': ['PD_2'], 'PD_2': ['PD_1']}, FR: {'PD_1,PD_2': inf}
  Computing metrics...
    RSI: {'PD_1,PD_2': 0.6666666666666666}, ASR: 2.5, TCB: {'PD_1': ['PD_2'], 'PD_2': ['PD_1']}, FR: {'PD_1,PD_2': inf}
  Computing metrics...
    RSI: {'PD_1,PD_2': 0.3333333333333333}, ASR: 2.0, TCB: {'PD_1': ['PD_2'], 'PD_2': ['PD_1']}, FR: {'PD_1,PD_2': inf}
  Computing metrics...
    RSI: {'PD_1,PD_2': 0.25}, ASR: 2.5, TCB: {'PD_1': ['PD_2'], 'PD_2': ['PD_1']}, FR: {'PD_1,PD_2': inf}
  Computing metrics...
    RSI: {'PD_1,PD_2': 0.3333333333333333}, ASR: 2.0, TCB: {'PD_1': ['PD_2'], 'PD_2': ['PD_1']}, FR: {'PD_1,PD_2': inf}
  Computing metrics...
    RSI: {'PD_1,PD_2': 0.6666666666666666}, ASR: 2.5, TCB: {'PD_1': ['PD_2'], 'PD_2': ['PD_1']}, FR: {'PD_1,PD_2': inf}
  Computing metrics...
    RSI: {'PD_1,PD_2': 0.3333333333333333}, ASR: 2.0, TCB: {'PD_1': ['PD_2'], 'PD_2': ['PD_1']}, FR: {'PD_1,PD_2': inf}
  Computing metrics...
    RSI: {'PD_1,PD_2': 0.25}, ASR: 2.5, TCB: {'PD_1': ['PD_2'], 'PD_2': ['PD_1']}, FR: {'PD_1,PD_2': inf}
  Computing metrics...
    RSI: {'PD_1,PD_2': 0.3333333333333333}, ASR: 2.0, TCB: {'PD_1': ['PD_2'], 'PD_2': ['PD_1']}, FR: {'PD_1,PD_2': inf}
  Computing metrics...
    RSI: {'PD_1,PD_2': 0.3333333333333333}, ASR: 2.5, TCB: {'PD_1': ['PD_2'], 'PD_2': ['PD_1']}, FR: {'PD_1,PD_2': inf}
  Computing metrics...
    RSI: {'PD_1,PD_2': 0.3333333333333333}, ASR: 2.0, TCB: {'PD_1': ['PD_2'], 'PD_2': ['PD_1']}, FR: {'PD_1,PD_2': inf}
  Computing metrics...
    RSI: {'PD_1,PD_2': 0.3333333333333333}, ASR: 2.5, TCB: {'PD_1': ['PD_2'], 'PD_2': ['PD_1']}, FR: {'PD_1,PD_2': inf}
  Computing metrics...
    RSI: {'PD_1,PD_2': 0.3333333333333333}, ASR: 2.0, TCB: {'PD_1': ['PD_2'], 'PD_2': ['PD_1']}, FR: {'PD_1,PD_2': inf}
  Computing metrics...
    RSI: {'PD_1,PD_2': 0.3333333333333333}, ASR: 2.0, TCB: {'PD_1': ['PD_2'], 'PD_2': ['PD_1']}, FR: {'PD_1,PD_2': inf}
  Computing metrics...
    RSI: {'PD_1,PD_2': 0.3333333333333333}, ASR: 2.0, TCB: {'PD_1': ['PD_2'], 'PD_2': ['PD_1']}, FR: {'PD_1,PD_2': inf}
  Computing metrics...
    RSI: {'PD_1,PD_2': 0.3333333333333333}, ASR: 2.0, TCB: {'PD_1': ['PD_2'], 'PD_2': ['PD_1']}, FR: {'PD_1,PD_2': inf}
  Computing metrics...
    RSI: {'PD_1,PD_2': 0.3333333333333333}, ASR: 2.0, TCB: {'PD_1': ['PD_2'], 'PD_2': ['PD_1']}, FR: {'PD_1,PD_2': inf}
  Computing metrics...
    RSI: {'PD_1,PD_2': 0.3333333333333333}, ASR: 2.0, TCB: {'PD_1': ['PD_2'], 'PD_2': ['PD_1']}, FR: {'PD_1,PD_2': inf}
  Computing metrics...
    RSI: {'PD_1,PD_2': 0.3333333333333333}, ASR: 2.0, TCB: {'PD_1': ['PD_2'], 'PD_2': ['PD_1']}, FR: {'PD_1,PD_2': inf}
  Computing metrics...
    RSI: {'PD_1,PD_2': 0.3333333333333333}, ASR: 2.0, TCB: {'PD_1': ['PD_2'], 'PD_2': ['PD_1']}, FR: {'PD_1,PD_2': inf}
  🚫 Filtered out 0 'add_file_resource(create new TEMP file in FILE_SPACE_1)' candidates (avoiding repetition)
  Trying best transition: primitive
    Target: create new CONFIG file in FILE_SPACE_1
    Predicted improvement: 0.700
    Considered 16 other option(s):
      1. primitive: create new DATABASE file in FILE_SPACE_1 (improvement: 0.700)
      2. primitive: create new TEMP file in FILE_SPACE_1 (improvement: 0.700)
      3. primitive: create new LOG file in FILE_SPACE_1 (improvement: 0.700)
      4. primitive: add new protection domain for system expansion (improvement: 0.544)
      5. primitive: remove FILE_1_3 (holders: 2) (improvement: 0.100)
      6. primitive: remove FILE_1_4 (holders: 0) (improvement: 0.100)
      7. primitive: disconnect FILE_1_1 from FILE_SPACE_1 (improvement: 0.100)
      8. primitive: disconnect FILE_1_2 from FILE_SPACE_1 (improvement: 0.100)
      9. primitive: disconnect FILE_1_3 from FILE_SPACE_1 (improvement: 0.100)
      10. primitive: disconnect FILE_1_4 from FILE_SPACE_1 (improvement: 0.100)
      ... and 6 more
    ✅ Applied add_file_resource
  📋 Generated 17 candidate(s)
  Computing metrics...
    RSI: {'PD_1,PD_2': 0.3333333333333333}, ASR: 2.0, TCB: {'PD_1': ['PD_2'], 'PD_2': ['PD_1']}, FR: {'PD_1,PD_2': inf}
    ✅ Added candidate: add_file_resource (score: 0.700)
  Computing metrics...
    RSI: {'PD_1,PD_2': 0.3333333333333333}, ASR: 2.0, TCB: {'PD_1': ['PD_2'], 'PD_2': ['PD_1']}, FR: {'PD_1,PD_2': inf}
    ✅ Added candidate: add_file_resource (score: 0.700)

📊 Next beam (3 states):
  Beam[0]: BeamState(iter=2, score=0.700, path=add_file_resource(create new CONFIG file in FILE_SPACE_1) → add_file_resource(create new CONFIG file in FILE_SPACE_1))
  Beam[1]: BeamState(iter=2, score=0.700, path=add_file_resource(create new CONFIG file in FILE_SPACE_1) → add_file_resource(create new DATABASE file in FILE_SPACE_1))
  Beam[2]: BeamState(iter=2, score=0.700, path=add_file_resource(create new DATABASE file in FILE_SPACE_1) → add_file_resource(create new CONFIG file in FILE_SPACE_1))
💡 Total candidates generated: 6
🎯 Mechanisms discovered so far: 0

============================================================
🔍 Beam Search Iteration 3/8
📊 Current beam size: 3
  Beam[0]: BeamState(iter=2, score=0.700, path=add_file_resource(create new CONFIG file in FILE_SPACE_1) → add_file_resource(create new CONFIG file in FILE_SPACE_1))
  Beam[1]: BeamState(iter=2, score=0.700, path=add_file_resource(create new CONFIG file in FILE_SPACE_1) → add_file_resource(create new DATABASE file in FILE_SPACE_1))
  Beam[2]: BeamState(iter=2, score=0.700, path=add_file_resource(create new DATABASE file in FILE_SPACE_1) → add_file_resource(create new CONFIG file in FILE_SPACE_1))

🌟 Expanding Beam[0] (score: 0.700)
  Computing metrics...
    RSI: {'PD_1,PD_2': 0.3333333333333333}, ASR: 2.0, TCB: {'PD_1': ['PD_2'], 'PD_2': ['PD_1']}, FR: {'PD_1,PD_2': inf}
    Goal not met: RSI[PD_1,PD_2]=0.333 > 0.3
  Computing metrics...
    RSI: {'PD_1,PD_2': 0.3333333333333333}, ASR: 2.0, TCB: {'PD_1': ['PD_2'], 'PD_2': ['PD_1']}, FR: {'PD_1,PD_2': inf}
  Computing metrics...
    RSI: {'PD_1,PD_2': 0.3333333333333333, 'PD_1,PD_3': 0.0, 'PD_2,PD_3': 0.0}, ASR: 1.3333333333333333, TCB: {'PD_1': ['PD_2'], 'PD_2': ['PD_1'], 'PD_3': []}, FR: {'PD_1,PD_2': inf, 'PD_1,PD_3': inf, 'PD_2,PD_3': inf}
  Computing metrics...
    RSI: {'PD_1,PD_2': 0.3333333333333333}, ASR: 2.0, TCB: {'PD_1': ['PD_2'], 'PD_2': ['PD_1']}, FR: {'PD_1,PD_2': inf}
  Computing metrics...
    RSI: {'PD_1,PD_2': 0.3333333333333333}, ASR: 2.0, TCB: {'PD_1': ['PD_2'], 'PD_2': ['PD_1']}, FR: {'PD_1,PD_2': inf}
  Computing metrics...
    RSI: {'PD_1,PD_2': 0.3333333333333333}, ASR: 2.0, TCB: {'PD_1': ['PD_2'], 'PD_2': ['PD_1']}, FR: {'PD_1,PD_2': inf}
  Computing metrics...
    RSI: {'PD_1,PD_2': 0.3333333333333333}, ASR: 2.0, TCB: {'PD_1': ['PD_2'], 'PD_2': ['PD_1']}, FR: {'PD_1,PD_2': inf}
  Computing metrics...
    RSI: {'PD_1,PD_2': 0.3333333333333333}, ASR: 2.0, TCB: {'PD_1': ['PD_2'], 'PD_2': ['PD_1']}, FR: {'PD_1,PD_2': inf}
  Computing metrics...
    RSI: {'PD_1,PD_2': 0.3333333333333333}, ASR: 2.0, TCB: {'PD_1': ['PD_2'], 'PD_2': ['PD_1']}, FR: {'PD_1,PD_2': inf}
  Computing metrics...
    RSI: {'PD_1,PD_2': 0.3333333333333333}, ASR: 2.0, TCB: {'PD_1': ['PD_2'], 'PD_2': ['PD_1']}, FR: {'PD_1,PD_2': inf}
  Computing metrics...
    RSI: {'PD_1,PD_2': 0.3333333333333333}, ASR: 2.0, TCB: {'PD_1': ['PD_2'], 'PD_2': ['PD_1']}, FR: {'PD_1,PD_2': inf}
  Computing metrics...
    RSI: {'PD_1,PD_2': 0.3333333333333333}, ASR: 2.0, TCB: {'PD_1': ['PD_2'], 'PD_2': ['PD_1']}, FR: {'PD_1,PD_2': inf}
  Computing metrics...
    RSI: {'PD_1,PD_2': 0.3333333333333333}, ASR: 2.0, TCB: {'PD_1': ['PD_2'], 'PD_2': ['PD_1']}, FR: {'PD_1,PD_2': inf}
  Computing metrics...
    RSI: {'PD_1,PD_2': 0.3333333333333333}, ASR: 2.0, TCB: {'PD_1': ['PD_2'], 'PD_2': ['PD_1']}, FR: {'PD_1,PD_2': inf}
  Computing metrics...
    RSI: {'PD_1,PD_2': 0.3333333333333333}, ASR: 2.0, TCB: {'PD_1': ['PD_2'], 'PD_2': ['PD_1']}, FR: {'PD_1,PD_2': inf}
  Computing metrics...
    RSI: {'PD_1,PD_2': 0.3333333333333333}, ASR: 2.0, TCB: {'PD_1': ['PD_2'], 'PD_2': ['PD_1']}, FR: {'PD_1,PD_2': inf}
  Computing metrics...
    RSI: {'PD_1,PD_2': 0.3333333333333333}, ASR: 2.0, TCB: {'PD_1': ['PD_2'], 'PD_2': ['PD_1']}, FR: {'PD_1,PD_2': inf}
  Computing metrics...
    RSI: {'PD_1,PD_2': 0.3333333333333333}, ASR: 2.0, TCB: {'PD_1': ['PD_2'], 'PD_2': ['PD_1']}, FR: {'PD_1,PD_2': inf}
  Computing metrics...
    RSI: {'PD_1,PD_2': 0.6666666666666666}, ASR: 2.5, TCB: {'PD_1': ['PD_2'], 'PD_2': ['PD_1']}, FR: {'PD_1,PD_2': inf}
  Computing metrics...
    RSI: {'PD_1,PD_2': 0.3333333333333333}, ASR: 2.0, TCB: {'PD_1': ['PD_2'], 'PD_2': ['PD_1']}, FR: {'PD_1,PD_2': inf}
  Computing metrics...
    RSI: {'PD_1,PD_2': 0.25}, ASR: 2.5, TCB: {'PD_1': ['PD_2'], 'PD_2': ['PD_1']}, FR: {'PD_1,PD_2': inf}
  Computing metrics...
    RSI: {'PD_1,PD_2': 0.3333333333333333}, ASR: 2.0, TCB: {'PD_1': ['PD_2'], 'PD_2': ['PD_1']}, FR: {'PD_1,PD_2': inf}
  Computing metrics...
    RSI: {'PD_1,PD_2': 0.25}, ASR: 2.5, TCB: {'PD_1': ['PD_2'], 'PD_2': ['PD_1']}, FR: {'PD_1,PD_2': inf}
  Computing metrics...
    RSI: {'PD_1,PD_2': 0.3333333333333333}, ASR: 2.0, TCB: {'PD_1': ['PD_2'], 'PD_2': ['PD_1']}, FR: {'PD_1,PD_2': inf}
  Computing metrics...
    RSI: {'PD_1,PD_2': 0.6666666666666666}, ASR: 2.5, TCB: {'PD_1': ['PD_2'], 'PD_2': ['PD_1']}, FR: {'PD_1,PD_2': inf}
  Computing metrics...
    RSI: {'PD_1,PD_2': 0.3333333333333333}, ASR: 2.0, TCB: {'PD_1': ['PD_2'], 'PD_2': ['PD_1']}, FR: {'PD_1,PD_2': inf}
  Computing metrics...
    RSI: {'PD_1,PD_2': 0.25}, ASR: 2.5, TCB: {'PD_1': ['PD_2'], 'PD_2': ['PD_1']}, FR: {'PD_1,PD_2': inf}
  Computing metrics...
    RSI: {'PD_1,PD_2': 0.3333333333333333}, ASR: 2.0, TCB: {'PD_1': ['PD_2'], 'PD_2': ['PD_1']}, FR: {'PD_1,PD_2': inf}
  Computing metrics...
    RSI: {'PD_1,PD_2': 0.25}, ASR: 2.5, TCB: {'PD_1': ['PD_2'], 'PD_2': ['PD_1']}, FR: {'PD_1,PD_2': inf}
  Computing metrics...
    RSI: {'PD_1,PD_2': 0.3333333333333333}, ASR: 2.0, TCB: {'PD_1': ['PD_2'], 'PD_2': ['PD_1']}, FR: {'PD_1,PD_2': inf}
  Computing metrics...
    RSI: {'PD_1,PD_2': 0.3333333333333333}, ASR: 2.5, TCB: {'PD_1': ['PD_2'], 'PD_2': ['PD_1']}, FR: {'PD_1,PD_2': inf}
  Computing metrics...
    RSI: {'PD_1,PD_2': 0.3333333333333333}, ASR: 2.0, TCB: {'PD_1': ['PD_2'], 'PD_2': ['PD_1']}, FR: {'PD_1,PD_2': inf}
  Computing metrics...
    RSI: {'PD_1,PD_2': 0.3333333333333333}, ASR: 2.5, TCB: {'PD_1': ['PD_2'], 'PD_2': ['PD_1']}, FR: {'PD_1,PD_2': inf}
  Computing metrics...
    RSI: {'PD_1,PD_2': 0.3333333333333333}, ASR: 2.0, TCB: {'PD_1': ['PD_2'], 'PD_2': ['PD_1']}, FR: {'PD_1,PD_2': inf}
  Computing metrics...
    RSI: {'PD_1,PD_2': 0.3333333333333333}, ASR: 2.0, TCB: {'PD_1': ['PD_2'], 'PD_2': ['PD_1']}, FR: {'PD_1,PD_2': inf}
  Computing metrics...
    RSI: {'PD_1,PD_2': 0.3333333333333333}, ASR: 2.0, TCB: {'PD_1': ['PD_2'], 'PD_2': ['PD_1']}, FR: {'PD_1,PD_2': inf}
  Computing metrics...
    RSI: {'PD_1,PD_2': 0.3333333333333333}, ASR: 2.0, TCB: {'PD_1': ['PD_2'], 'PD_2': ['PD_1']}, FR: {'PD_1,PD_2': inf}
  Computing metrics...
    RSI: {'PD_1,PD_2': 0.3333333333333333}, ASR: 2.0, TCB: {'PD_1': ['PD_2'], 'PD_2': ['PD_1']}, FR: {'PD_1,PD_2': inf}
  Computing metrics...
    RSI: {'PD_1,PD_2': 0.3333333333333333}, ASR: 2.0, TCB: {'PD_1': ['PD_2'], 'PD_2': ['PD_1']}, FR: {'PD_1,PD_2': inf}
  Computing metrics...
    RSI: {'PD_1,PD_2': 0.3333333333333333}, ASR: 2.0, TCB: {'PD_1': ['PD_2'], 'PD_2': ['PD_1']}, FR: {'PD_1,PD_2': inf}
  Computing metrics...
    RSI: {'PD_1,PD_2': 0.3333333333333333}, ASR: 2.0, TCB: {'PD_1': ['PD_2'], 'PD_2': ['PD_1']}, FR: {'PD_1,PD_2': inf}
  Computing metrics...
    RSI: {'PD_1,PD_2': 0.3333333333333333}, ASR: 2.0, TCB: {'PD_1': ['PD_2'], 'PD_2': ['PD_1']}, FR: {'PD_1,PD_2': inf}
  Computing metrics...
    RSI: {'PD_1,PD_2': 0.3333333333333333}, ASR: 2.0, TCB: {'PD_1': ['PD_2'], 'PD_2': ['PD_1']}, FR: {'PD_1,PD_2': inf}
  🚫 Filtered out 0 'add_file_resource(create new CONFIG file in FILE_SPACE_1)' candidates (avoiding repetition)
  Trying best transition: primitive
    Target: create new CONFIG file in FILE_SPACE_1
    Predicted improvement: 0.700
    Considered 20 other option(s):
      1. primitive: create new DATABASE file in FILE_SPACE_1 (improvement: 0.700)
      2. primitive: create new TEMP file in FILE_SPACE_1 (improvement: 0.700)
      3. primitive: create new LOG file in FILE_SPACE_1 (improvement: 0.700)
      4. primitive: add new protection domain for system expansion (improvement: 0.544)
      5. primitive: remove FILE_1_3 (holders: 2) (improvement: 0.100)
      6. primitive: remove FILE_1_4 (holders: 0) (improvement: 0.100)
      7. primitive: remove FILE_1_5 (holders: 0) (improvement: 0.100)
      8. primitive: disconnect FILE_1_1 from FILE_SPACE_1 (improvement: 0.100)
      9. primitive: disconnect FILE_1_2 from FILE_SPACE_1 (improvement: 0.100)
      10. primitive: disconnect FILE_1_3 from FILE_SPACE_1 (improvement: 0.100)
      ... and 10 more
    ✅ Applied add_file_resource
  📋 Generated 21 candidate(s)
  Computing metrics...
    RSI: {'PD_1,PD_2': 0.3333333333333333}, ASR: 2.0, TCB: {'PD_1': ['PD_2'], 'PD_2': ['PD_1']}, FR: {'PD_1,PD_2': inf}
    ✅ Added candidate: add_file_resource (score: 0.700)
  Computing metrics...
    RSI: {'PD_1,PD_2': 0.3333333333333333}, ASR: 2.0, TCB: {'PD_1': ['PD_2'], 'PD_2': ['PD_1']}, FR: {'PD_1,PD_2': inf}
    ✅ Added candidate: add_file_resource (score: 0.700)

🌟 Expanding Beam[1] (score: 0.700)
  Computing metrics...
    RSI: {'PD_1,PD_2': 0.3333333333333333}, ASR: 2.0, TCB: {'PD_1': ['PD_2'], 'PD_2': ['PD_1']}, FR: {'PD_1,PD_2': inf}
    Goal not met: RSI[PD_1,PD_2]=0.333 > 0.3
  Computing metrics...
    RSI: {'PD_1,PD_2': 0.3333333333333333}, ASR: 2.0, TCB: {'PD_1': ['PD_2'], 'PD_2': ['PD_1']}, FR: {'PD_1,PD_2': inf}
  Computing metrics...
    RSI: {'PD_1,PD_2': 0.3333333333333333, 'PD_1,PD_3': 0.0, 'PD_2,PD_3': 0.0}, ASR: 1.3333333333333333, TCB: {'PD_1': ['PD_2'], 'PD_2': ['PD_1'], 'PD_3': []}, FR: {'PD_1,PD_2': inf, 'PD_1,PD_3': inf, 'PD_2,PD_3': inf}
  Computing metrics...
    RSI: {'PD_1,PD_2': 0.3333333333333333}, ASR: 2.0, TCB: {'PD_1': ['PD_2'], 'PD_2': ['PD_1']}, FR: {'PD_1,PD_2': inf}
  Computing metrics...
    RSI: {'PD_1,PD_2': 0.3333333333333333}, ASR: 2.0, TCB: {'PD_1': ['PD_2'], 'PD_2': ['PD_1']}, FR: {'PD_1,PD_2': inf}
  Computing metrics...
    RSI: {'PD_1,PD_2': 0.3333333333333333}, ASR: 2.0, TCB: {'PD_1': ['PD_2'], 'PD_2': ['PD_1']}, FR: {'PD_1,PD_2': inf}
  Computing metrics...
    RSI: {'PD_1,PD_2': 0.3333333333333333}, ASR: 2.0, TCB: {'PD_1': ['PD_2'], 'PD_2': ['PD_1']}, FR: {'PD_1,PD_2': inf}
  Computing metrics...
    RSI: {'PD_1,PD_2': 0.3333333333333333}, ASR: 2.0, TCB: {'PD_1': ['PD_2'], 'PD_2': ['PD_1']}, FR: {'PD_1,PD_2': inf}
  Computing metrics...
    RSI: {'PD_1,PD_2': 0.3333333333333333}, ASR: 2.0, TCB: {'PD_1': ['PD_2'], 'PD_2': ['PD_1']}, FR: {'PD_1,PD_2': inf}
  Computing metrics...
    RSI: {'PD_1,PD_2': 0.3333333333333333}, ASR: 2.0, TCB: {'PD_1': ['PD_2'], 'PD_2': ['PD_1']}, FR: {'PD_1,PD_2': inf}
  Computing metrics...
    RSI: {'PD_1,PD_2': 0.3333333333333333}, ASR: 2.0, TCB: {'PD_1': ['PD_2'], 'PD_2': ['PD_1']}, FR: {'PD_1,PD_2': inf}
  Computing metrics...
    RSI: {'PD_1,PD_2': 0.3333333333333333}, ASR: 2.0, TCB: {'PD_1': ['PD_2'], 'PD_2': ['PD_1']}, FR: {'PD_1,PD_2': inf}
  Computing metrics...
    RSI: {'PD_1,PD_2': 0.3333333333333333}, ASR: 2.0, TCB: {'PD_1': ['PD_2'], 'PD_2': ['PD_1']}, FR: {'PD_1,PD_2': inf}
  Computing metrics...
    RSI: {'PD_1,PD_2': 0.3333333333333333}, ASR: 2.0, TCB: {'PD_1': ['PD_2'], 'PD_2': ['PD_1']}, FR: {'PD_1,PD_2': inf}
  Computing metrics...
    RSI: {'PD_1,PD_2': 0.3333333333333333}, ASR: 2.0, TCB: {'PD_1': ['PD_2'], 'PD_2': ['PD_1']}, FR: {'PD_1,PD_2': inf}
  Computing metrics...
    RSI: {'PD_1,PD_2': 0.3333333333333333}, ASR: 2.0, TCB: {'PD_1': ['PD_2'], 'PD_2': ['PD_1']}, FR: {'PD_1,PD_2': inf}
  Computing metrics...
    RSI: {'PD_1,PD_2': 0.3333333333333333}, ASR: 2.0, TCB: {'PD_1': ['PD_2'], 'PD_2': ['PD_1']}, FR: {'PD_1,PD_2': inf}
  Computing metrics...
    RSI: {'PD_1,PD_2': 0.3333333333333333}, ASR: 2.0, TCB: {'PD_1': ['PD_2'], 'PD_2': ['PD_1']}, FR: {'PD_1,PD_2': inf}
  Computing metrics...
    RSI: {'PD_1,PD_2': 0.6666666666666666}, ASR: 2.5, TCB: {'PD_1': ['PD_2'], 'PD_2': ['PD_1']}, FR: {'PD_1,PD_2': inf}
  Computing metrics...
    RSI: {'PD_1,PD_2': 0.3333333333333333}, ASR: 2.0, TCB: {'PD_1': ['PD_2'], 'PD_2': ['PD_1']}, FR: {'PD_1,PD_2': inf}
  Computing metrics...
    RSI: {'PD_1,PD_2': 0.25}, ASR: 2.5, TCB: {'PD_1': ['PD_2'], 'PD_2': ['PD_1']}, FR: {'PD_1,PD_2': inf}
  Computing metrics...
    RSI: {'PD_1,PD_2': 0.3333333333333333}, ASR: 2.0, TCB: {'PD_1': ['PD_2'], 'PD_2': ['PD_1']}, FR: {'PD_1,PD_2': inf}
  Computing metrics...
    RSI: {'PD_1,PD_2': 0.25}, ASR: 2.5, TCB: {'PD_1': ['PD_2'], 'PD_2': ['PD_1']}, FR: {'PD_1,PD_2': inf}
  Computing metrics...
    RSI: {'PD_1,PD_2': 0.3333333333333333}, ASR: 2.0, TCB: {'PD_1': ['PD_2'], 'PD_2': ['PD_1']}, FR: {'PD_1,PD_2': inf}
  Computing metrics...
    RSI: {'PD_1,PD_2': 0.6666666666666666}, ASR: 2.5, TCB: {'PD_1': ['PD_2'], 'PD_2': ['PD_1']}, FR: {'PD_1,PD_2': inf}
  Computing metrics...
    RSI: {'PD_1,PD_2': 0.3333333333333333}, ASR: 2.0, TCB: {'PD_1': ['PD_2'], 'PD_2': ['PD_1']}, FR: {'PD_1,PD_2': inf}
  Computing metrics...
    RSI: {'PD_1,PD_2': 0.25}, ASR: 2.5, TCB: {'PD_1': ['PD_2'], 'PD_2': ['PD_1']}, FR: {'PD_1,PD_2': inf}
  Computing metrics...
    RSI: {'PD_1,PD_2': 0.3333333333333333}, ASR: 2.0, TCB: {'PD_1': ['PD_2'], 'PD_2': ['PD_1']}, FR: {'PD_1,PD_2': inf}
  Computing metrics...
    RSI: {'PD_1,PD_2': 0.25}, ASR: 2.5, TCB: {'PD_1': ['PD_2'], 'PD_2': ['PD_1']}, FR: {'PD_1,PD_2': inf}
  Computing metrics...
    RSI: {'PD_1,PD_2': 0.3333333333333333}, ASR: 2.0, TCB: {'PD_1': ['PD_2'], 'PD_2': ['PD_1']}, FR: {'PD_1,PD_2': inf}
  Computing metrics...
    RSI: {'PD_1,PD_2': 0.3333333333333333}, ASR: 2.5, TCB: {'PD_1': ['PD_2'], 'PD_2': ['PD_1']}, FR: {'PD_1,PD_2': inf}
  Computing metrics...
    RSI: {'PD_1,PD_2': 0.3333333333333333}, ASR: 2.0, TCB: {'PD_1': ['PD_2'], 'PD_2': ['PD_1']}, FR: {'PD_1,PD_2': inf}
  Computing metrics...
    RSI: {'PD_1,PD_2': 0.3333333333333333}, ASR: 2.5, TCB: {'PD_1': ['PD_2'], 'PD_2': ['PD_1']}, FR: {'PD_1,PD_2': inf}
  Computing metrics...
    RSI: {'PD_1,PD_2': 0.3333333333333333}, ASR: 2.0, TCB: {'PD_1': ['PD_2'], 'PD_2': ['PD_1']}, FR: {'PD_1,PD_2': inf}
  Computing metrics...
    RSI: {'PD_1,PD_2': 0.3333333333333333}, ASR: 2.0, TCB: {'PD_1': ['PD_2'], 'PD_2': ['PD_1']}, FR: {'PD_1,PD_2': inf}
  Computing metrics...
    RSI: {'PD_1,PD_2': 0.3333333333333333}, ASR: 2.0, TCB: {'PD_1': ['PD_2'], 'PD_2': ['PD_1']}, FR: {'PD_1,PD_2': inf}
  Computing metrics...
    RSI: {'PD_1,PD_2': 0.3333333333333333}, ASR: 2.0, TCB: {'PD_1': ['PD_2'], 'PD_2': ['PD_1']}, FR: {'PD_1,PD_2': inf}
  Computing metrics...
    RSI: {'PD_1,PD_2': 0.3333333333333333}, ASR: 2.0, TCB: {'PD_1': ['PD_2'], 'PD_2': ['PD_1']}, FR: {'PD_1,PD_2': inf}
  Computing metrics...
    RSI: {'PD_1,PD_2': 0.3333333333333333}, ASR: 2.0, TCB: {'PD_1': ['PD_2'], 'PD_2': ['PD_1']}, FR: {'PD_1,PD_2': inf}
  Computing metrics...
    RSI: {'PD_1,PD_2': 0.3333333333333333}, ASR: 2.0, TCB: {'PD_1': ['PD_2'], 'PD_2': ['PD_1']}, FR: {'PD_1,PD_2': inf}
  Computing metrics...
    RSI: {'PD_1,PD_2': 0.3333333333333333}, ASR: 2.0, TCB: {'PD_1': ['PD_2'], 'PD_2': ['PD_1']}, FR: {'PD_1,PD_2': inf}
  Computing metrics...
    RSI: {'PD_1,PD_2': 0.3333333333333333}, ASR: 2.0, TCB: {'PD_1': ['PD_2'], 'PD_2': ['PD_1']}, FR: {'PD_1,PD_2': inf}
  Computing metrics...
    RSI: {'PD_1,PD_2': 0.3333333333333333}, ASR: 2.0, TCB: {'PD_1': ['PD_2'], 'PD_2': ['PD_1']}, FR: {'PD_1,PD_2': inf}
  🚫 Filtered out 0 'add_file_resource(create new DATABASE file in FILE_SPACE_1)' candidates (avoiding repetition)
  Trying best transition: primitive
    Target: create new CONFIG file in FILE_SPACE_1
    Predicted improvement: 0.700
    Considered 20 other option(s):
      1. primitive: create new DATABASE file in FILE_SPACE_1 (improvement: 0.700)
      2. primitive: create new TEMP file in FILE_SPACE_1 (improvement: 0.700)
      3. primitive: create new LOG file in FILE_SPACE_1 (improvement: 0.700)
      4. primitive: add new protection domain for system expansion (improvement: 0.544)
      5. primitive: remove FILE_1_3 (holders: 2) (improvement: 0.100)
      6. primitive: remove FILE_1_4 (holders: 0) (improvement: 0.100)
      7. primitive: remove FILE_1_5 (holders: 0) (improvement: 0.100)
      8. primitive: disconnect FILE_1_1 from FILE_SPACE_1 (improvement: 0.100)
      9. primitive: disconnect FILE_1_2 from FILE_SPACE_1 (improvement: 0.100)
      10. primitive: disconnect FILE_1_3 from FILE_SPACE_1 (improvement: 0.100)
      ... and 10 more
    ✅ Applied add_file_resource
  📋 Generated 21 candidate(s)
  Computing metrics...
    RSI: {'PD_1,PD_2': 0.3333333333333333}, ASR: 2.0, TCB: {'PD_1': ['PD_2'], 'PD_2': ['PD_1']}, FR: {'PD_1,PD_2': inf}
    ✅ Added candidate: add_file_resource (score: 0.700)
  Computing metrics...
    RSI: {'PD_1,PD_2': 0.3333333333333333}, ASR: 2.0, TCB: {'PD_1': ['PD_2'], 'PD_2': ['PD_1']}, FR: {'PD_1,PD_2': inf}
    ✅ Added candidate: add_file_resource (score: 0.700)

🌟 Expanding Beam[2] (score: 0.700)
  Computing metrics...
    RSI: {'PD_1,PD_2': 0.3333333333333333}, ASR: 2.0, TCB: {'PD_1': ['PD_2'], 'PD_2': ['PD_1']}, FR: {'PD_1,PD_2': inf}
    Goal not met: RSI[PD_1,PD_2]=0.333 > 0.3
  Computing metrics...
    RSI: {'PD_1,PD_2': 0.3333333333333333}, ASR: 2.0, TCB: {'PD_1': ['PD_2'], 'PD_2': ['PD_1']}, FR: {'PD_1,PD_2': inf}
  Computing metrics...
    RSI: {'PD_1,PD_2': 0.3333333333333333, 'PD_1,PD_3': 0.0, 'PD_2,PD_3': 0.0}, ASR: 1.3333333333333333, TCB: {'PD_1': ['PD_2'], 'PD_2': ['PD_1'], 'PD_3': []}, FR: {'PD_1,PD_2': inf, 'PD_1,PD_3': inf, 'PD_2,PD_3': inf}
  Computing metrics...
    RSI: {'PD_1,PD_2': 0.3333333333333333}, ASR: 2.0, TCB: {'PD_1': ['PD_2'], 'PD_2': ['PD_1']}, FR: {'PD_1,PD_2': inf}
  Computing metrics...
    RSI: {'PD_1,PD_2': 0.3333333333333333}, ASR: 2.0, TCB: {'PD_1': ['PD_2'], 'PD_2': ['PD_1']}, FR: {'PD_1,PD_2': inf}
  Computing metrics...
    RSI: {'PD_1,PD_2': 0.3333333333333333}, ASR: 2.0, TCB: {'PD_1': ['PD_2'], 'PD_2': ['PD_1']}, FR: {'PD_1,PD_2': inf}
  Computing metrics...
    RSI: {'PD_1,PD_2': 0.3333333333333333}, ASR: 2.0, TCB: {'PD_1': ['PD_2'], 'PD_2': ['PD_1']}, FR: {'PD_1,PD_2': inf}
  Computing metrics...
    RSI: {'PD_1,PD_2': 0.3333333333333333}, ASR: 2.0, TCB: {'PD_1': ['PD_2'], 'PD_2': ['PD_1']}, FR: {'PD_1,PD_2': inf}
  Computing metrics...
    RSI: {'PD_1,PD_2': 0.3333333333333333}, ASR: 2.0, TCB: {'PD_1': ['PD_2'], 'PD_2': ['PD_1']}, FR: {'PD_1,PD_2': inf}
  Computing metrics...
    RSI: {'PD_1,PD_2': 0.3333333333333333}, ASR: 2.0, TCB: {'PD_1': ['PD_2'], 'PD_2': ['PD_1']}, FR: {'PD_1,PD_2': inf}
  Computing metrics...
    RSI: {'PD_1,PD_2': 0.3333333333333333}, ASR: 2.0, TCB: {'PD_1': ['PD_2'], 'PD_2': ['PD_1']}, FR: {'PD_1,PD_2': inf}
  Computing metrics...
    RSI: {'PD_1,PD_2': 0.3333333333333333}, ASR: 2.0, TCB: {'PD_1': ['PD_2'], 'PD_2': ['PD_1']}, FR: {'PD_1,PD_2': inf}
  Computing metrics...
    RSI: {'PD_1,PD_2': 0.3333333333333333}, ASR: 2.0, TCB: {'PD_1': ['PD_2'], 'PD_2': ['PD_1']}, FR: {'PD_1,PD_2': inf}
  Computing metrics...
    RSI: {'PD_1,PD_2': 0.3333333333333333}, ASR: 2.0, TCB: {'PD_1': ['PD_2'], 'PD_2': ['PD_1']}, FR: {'PD_1,PD_2': inf}
  Computing metrics...
    RSI: {'PD_1,PD_2': 0.3333333333333333}, ASR: 2.0, TCB: {'PD_1': ['PD_2'], 'PD_2': ['PD_1']}, FR: {'PD_1,PD_2': inf}
  Computing metrics...
    RSI: {'PD_1,PD_2': 0.3333333333333333}, ASR: 2.0, TCB: {'PD_1': ['PD_2'], 'PD_2': ['PD_1']}, FR: {'PD_1,PD_2': inf}
  Computing metrics...
    RSI: {'PD_1,PD_2': 0.3333333333333333}, ASR: 2.0, TCB: {'PD_1': ['PD_2'], 'PD_2': ['PD_1']}, FR: {'PD_1,PD_2': inf}
  Computing metrics...
    RSI: {'PD_1,PD_2': 0.3333333333333333}, ASR: 2.0, TCB: {'PD_1': ['PD_2'], 'PD_2': ['PD_1']}, FR: {'PD_1,PD_2': inf}
  Computing metrics...
    RSI: {'PD_1,PD_2': 0.6666666666666666}, ASR: 2.5, TCB: {'PD_1': ['PD_2'], 'PD_2': ['PD_1']}, FR: {'PD_1,PD_2': inf}
  Computing metrics...
    RSI: {'PD_1,PD_2': 0.3333333333333333}, ASR: 2.0, TCB: {'PD_1': ['PD_2'], 'PD_2': ['PD_1']}, FR: {'PD_1,PD_2': inf}
  Computing metrics...
    RSI: {'PD_1,PD_2': 0.25}, ASR: 2.5, TCB: {'PD_1': ['PD_2'], 'PD_2': ['PD_1']}, FR: {'PD_1,PD_2': inf}
  Computing metrics...
    RSI: {'PD_1,PD_2': 0.3333333333333333}, ASR: 2.0, TCB: {'PD_1': ['PD_2'], 'PD_2': ['PD_1']}, FR: {'PD_1,PD_2': inf}
  Computing metrics...
    RSI: {'PD_1,PD_2': 0.25}, ASR: 2.5, TCB: {'PD_1': ['PD_2'], 'PD_2': ['PD_1']}, FR: {'PD_1,PD_2': inf}
  Computing metrics...
    RSI: {'PD_1,PD_2': 0.3333333333333333}, ASR: 2.0, TCB: {'PD_1': ['PD_2'], 'PD_2': ['PD_1']}, FR: {'PD_1,PD_2': inf}
  Computing metrics...
    RSI: {'PD_1,PD_2': 0.6666666666666666}, ASR: 2.5, TCB: {'PD_1': ['PD_2'], 'PD_2': ['PD_1']}, FR: {'PD_1,PD_2': inf}
  Computing metrics...
    RSI: {'PD_1,PD_2': 0.3333333333333333}, ASR: 2.0, TCB: {'PD_1': ['PD_2'], 'PD_2': ['PD_1']}, FR: {'PD_1,PD_2': inf}
  Computing metrics...
    RSI: {'PD_1,PD_2': 0.25}, ASR: 2.5, TCB: {'PD_1': ['PD_2'], 'PD_2': ['PD_1']}, FR: {'PD_1,PD_2': inf}
  Computing metrics...
    RSI: {'PD_1,PD_2': 0.3333333333333333}, ASR: 2.0, TCB: {'PD_1': ['PD_2'], 'PD_2': ['PD_1']}, FR: {'PD_1,PD_2': inf}
  Computing metrics...
    RSI: {'PD_1,PD_2': 0.25}, ASR: 2.5, TCB: {'PD_1': ['PD_2'], 'PD_2': ['PD_1']}, FR: {'PD_1,PD_2': inf}
  Computing metrics...
    RSI: {'PD_1,PD_2': 0.3333333333333333}, ASR: 2.0, TCB: {'PD_1': ['PD_2'], 'PD_2': ['PD_1']}, FR: {'PD_1,PD_2': inf}
  Computing metrics...
    RSI: {'PD_1,PD_2': 0.3333333333333333}, ASR: 2.5, TCB: {'PD_1': ['PD_2'], 'PD_2': ['PD_1']}, FR: {'PD_1,PD_2': inf}
  Computing metrics...
    RSI: {'PD_1,PD_2': 0.3333333333333333}, ASR: 2.0, TCB: {'PD_1': ['PD_2'], 'PD_2': ['PD_1']}, FR: {'PD_1,PD_2': inf}
  Computing metrics...
    RSI: {'PD_1,PD_2': 0.3333333333333333}, ASR: 2.5, TCB: {'PD_1': ['PD_2'], 'PD_2': ['PD_1']}, FR: {'PD_1,PD_2': inf}
  Computing metrics...
    RSI: {'PD_1,PD_2': 0.3333333333333333}, ASR: 2.0, TCB: {'PD_1': ['PD_2'], 'PD_2': ['PD_1']}, FR: {'PD_1,PD_2': inf}
  Computing metrics...
    RSI: {'PD_1,PD_2': 0.3333333333333333}, ASR: 2.0, TCB: {'PD_1': ['PD_2'], 'PD_2': ['PD_1']}, FR: {'PD_1,PD_2': inf}
  Computing metrics...
    RSI: {'PD_1,PD_2': 0.3333333333333333}, ASR: 2.0, TCB: {'PD_1': ['PD_2'], 'PD_2': ['PD_1']}, FR: {'PD_1,PD_2': inf}
  Computing metrics...
    RSI: {'PD_1,PD_2': 0.3333333333333333}, ASR: 2.0, TCB: {'PD_1': ['PD_2'], 'PD_2': ['PD_1']}, FR: {'PD_1,PD_2': inf}
  Computing metrics...
    RSI: {'PD_1,PD_2': 0.3333333333333333}, ASR: 2.0, TCB: {'PD_1': ['PD_2'], 'PD_2': ['PD_1']}, FR: {'PD_1,PD_2': inf}
  Computing metrics...
    RSI: {'PD_1,PD_2': 0.3333333333333333}, ASR: 2.0, TCB: {'PD_1': ['PD_2'], 'PD_2': ['PD_1']}, FR: {'PD_1,PD_2': inf}
  Computing metrics...
    RSI: {'PD_1,PD_2': 0.3333333333333333}, ASR: 2.0, TCB: {'PD_1': ['PD_2'], 'PD_2': ['PD_1']}, FR: {'PD_1,PD_2': inf}
  Computing metrics...
    RSI: {'PD_1,PD_2': 0.3333333333333333}, ASR: 2.0, TCB: {'PD_1': ['PD_2'], 'PD_2': ['PD_1']}, FR: {'PD_1,PD_2': inf}
  Computing metrics...
    RSI: {'PD_1,PD_2': 0.3333333333333333}, ASR: 2.0, TCB: {'PD_1': ['PD_2'], 'PD_2': ['PD_1']}, FR: {'PD_1,PD_2': inf}
  Computing metrics...
    RSI: {'PD_1,PD_2': 0.3333333333333333}, ASR: 2.0, TCB: {'PD_1': ['PD_2'], 'PD_2': ['PD_1']}, FR: {'PD_1,PD_2': inf}
  🚫 Filtered out 0 'add_file_resource(create new CONFIG file in FILE_SPACE_1)' candidates (avoiding repetition)
  Trying best transition: primitive
    Target: create new CONFIG file in FILE_SPACE_1
    Predicted improvement: 0.700
    Considered 20 other option(s):
      1. primitive: create new DATABASE file in FILE_SPACE_1 (improvement: 0.700)
      2. primitive: create new TEMP file in FILE_SPACE_1 (improvement: 0.700)
      3. primitive: create new LOG file in FILE_SPACE_1 (improvement: 0.700)
      4. primitive: add new protection domain for system expansion (improvement: 0.544)
      5. primitive: remove FILE_1_3 (holders: 2) (improvement: 0.100)
      6. primitive: remove FILE_1_4 (holders: 0) (improvement: 0.100)
      7. primitive: remove FILE_1_5 (holders: 0) (improvement: 0.100)
      8. primitive: disconnect FILE_1_1 from FILE_SPACE_1 (improvement: 0.100)
      9. primitive: disconnect FILE_1_2 from FILE_SPACE_1 (improvement: 0.100)
      10. primitive: disconnect FILE_1_3 from FILE_SPACE_1 (improvement: 0.100)
      ... and 10 more
    ✅ Applied add_file_resource
  📋 Generated 21 candidate(s)
  Computing metrics...
    RSI: {'PD_1,PD_2': 0.3333333333333333}, ASR: 2.0, TCB: {'PD_1': ['PD_2'], 'PD_2': ['PD_1']}, FR: {'PD_1,PD_2': inf}
    ✅ Added candidate: add_file_resource (score: 0.700)
  Computing metrics...
    RSI: {'PD_1,PD_2': 0.3333333333333333}, ASR: 2.0, TCB: {'PD_1': ['PD_2'], 'PD_2': ['PD_1']}, FR: {'PD_1,PD_2': inf}
    ✅ Added candidate: add_file_resource (score: 0.700)

📊 Next beam (3 states):
  Beam[0]: BeamState(iter=3, score=0.700, path=add_file_resource(create new CONFIG file in FILE_SPACE_1) → add_file_resource(create new CONFIG file in FILE_SPACE_1) → add_file_resource(create new CONFIG file in FILE_SPACE_1))
  Beam[1]: BeamState(iter=3, score=0.700, path=add_file_resource(create new CONFIG file in FILE_SPACE_1) → add_file_resource(create new CONFIG file in FILE_SPACE_1) → add_file_resource(create new DATABASE file in FILE_SPACE_1))
  Beam[2]: BeamState(iter=3, score=0.700, path=add_file_resource(create new CONFIG file in FILE_SPACE_1) → add_file_resource(create new DATABASE file in FILE_SPACE_1) → add_file_resource(create new CONFIG file in FILE_SPACE_1))
💡 Total candidates generated: 6
🎯 Mechanisms discovered so far: 0

============================================================
🔍 Beam Search Iteration 4/8
📊 Current beam size: 3
  Beam[0]: BeamState(iter=3, score=0.700, path=add_file_resource(create new CONFIG file in FILE_SPACE_1) → add_file_resource(create new CONFIG file in FILE_SPACE_1) → add_file_resource(create new CONFIG file in FILE_SPACE_1))
  Beam[1]: BeamState(iter=3, score=0.700, path=add_file_resource(create new CONFIG file in FILE_SPACE_1) → add_file_resource(create new CONFIG file in FILE_SPACE_1) → add_file_resource(create new DATABASE file in FILE_SPACE_1))
  Beam[2]: BeamState(iter=3, score=0.700, path=add_file_resource(create new CONFIG file in FILE_SPACE_1) → add_file_resource(create new DATABASE file in FILE_SPACE_1) → add_file_resource(create new CONFIG file in FILE_SPACE_1))

🌟 Expanding Beam[0] (score: 0.700)
  Computing metrics...
    RSI: {'PD_1,PD_2': 0.3333333333333333}, ASR: 2.0, TCB: {'PD_1': ['PD_2'], 'PD_2': ['PD_1']}, FR: {'PD_1,PD_2': inf}
    Goal not met: RSI[PD_1,PD_2]=0.333 > 0.3
  Computing metrics...
    RSI: {'PD_1,PD_2': 0.3333333333333333}, ASR: 2.0, TCB: {'PD_1': ['PD_2'], 'PD_2': ['PD_1']}, FR: {'PD_1,PD_2': inf}
  Computing metrics...
    RSI: {'PD_1,PD_2': 0.3333333333333333, 'PD_1,PD_3': 0.0, 'PD_2,PD_3': 0.0}, ASR: 1.3333333333333333, TCB: {'PD_1': ['PD_2'], 'PD_2': ['PD_1'], 'PD_3': []}, FR: {'PD_1,PD_2': inf, 'PD_1,PD_3': inf, 'PD_2,PD_3': inf}
  Computing metrics...
    RSI: {'PD_1,PD_2': 0.3333333333333333}, ASR: 2.0, TCB: {'PD_1': ['PD_2'], 'PD_2': ['PD_1']}, FR: {'PD_1,PD_2': inf}
  Computing metrics...
    RSI: {'PD_1,PD_2': 0.3333333333333333}, ASR: 2.0, TCB: {'PD_1': ['PD_2'], 'PD_2': ['PD_1']}, FR: {'PD_1,PD_2': inf}
  Computing metrics...
    RSI: {'PD_1,PD_2': 0.3333333333333333}, ASR: 2.0, TCB: {'PD_1': ['PD_2'], 'PD_2': ['PD_1']}, FR: {'PD_1,PD_2': inf}
  Computing metrics...
    RSI: {'PD_1,PD_2': 0.3333333333333333}, ASR: 2.0, TCB: {'PD_1': ['PD_2'], 'PD_2': ['PD_1']}, FR: {'PD_1,PD_2': inf}
  Computing metrics...
    RSI: {'PD_1,PD_2': 0.3333333333333333}, ASR: 2.0, TCB: {'PD_1': ['PD_2'], 'PD_2': ['PD_1']}, FR: {'PD_1,PD_2': inf}
  Computing metrics...
    RSI: {'PD_1,PD_2': 0.3333333333333333}, ASR: 2.0, TCB: {'PD_1': ['PD_2'], 'PD_2': ['PD_1']}, FR: {'PD_1,PD_2': inf}
  Computing metrics...
    RSI: {'PD_1,PD_2': 0.3333333333333333}, ASR: 2.0, TCB: {'PD_1': ['PD_2'], 'PD_2': ['PD_1']}, FR: {'PD_1,PD_2': inf}
  Computing metrics...
    RSI: {'PD_1,PD_2': 0.3333333333333333}, ASR: 2.0, TCB: {'PD_1': ['PD_2'], 'PD_2': ['PD_1']}, FR: {'PD_1,PD_2': inf}
  Computing metrics...
    RSI: {'PD_1,PD_2': 0.3333333333333333}, ASR: 2.0, TCB: {'PD_1': ['PD_2'], 'PD_2': ['PD_1']}, FR: {'PD_1,PD_2': inf}
  Computing metrics...
    RSI: {'PD_1,PD_2': 0.3333333333333333}, ASR: 2.0, TCB: {'PD_1': ['PD_2'], 'PD_2': ['PD_1']}, FR: {'PD_1,PD_2': inf}
  Computing metrics...
    RSI: {'PD_1,PD_2': 0.3333333333333333}, ASR: 2.0, TCB: {'PD_1': ['PD_2'], 'PD_2': ['PD_1']}, FR: {'PD_1,PD_2': inf}
  Computing metrics...
    RSI: {'PD_1,PD_2': 0.3333333333333333}, ASR: 2.0, TCB: {'PD_1': ['PD_2'], 'PD_2': ['PD_1']}, FR: {'PD_1,PD_2': inf}
  Computing metrics...
    RSI: {'PD_1,PD_2': 0.3333333333333333}, ASR: 2.0, TCB: {'PD_1': ['PD_2'], 'PD_2': ['PD_1']}, FR: {'PD_1,PD_2': inf}
  Computing metrics...
    RSI: {'PD_1,PD_2': 0.3333333333333333}, ASR: 2.0, TCB: {'PD_1': ['PD_2'], 'PD_2': ['PD_1']}, FR: {'PD_1,PD_2': inf}
  Computing metrics...
    RSI: {'PD_1,PD_2': 0.3333333333333333}, ASR: 2.0, TCB: {'PD_1': ['PD_2'], 'PD_2': ['PD_1']}, FR: {'PD_1,PD_2': inf}
  Computing metrics...
    RSI: {'PD_1,PD_2': 0.3333333333333333}, ASR: 2.0, TCB: {'PD_1': ['PD_2'], 'PD_2': ['PD_1']}, FR: {'PD_1,PD_2': inf}
  Computing metrics...
    RSI: {'PD_1,PD_2': 0.3333333333333333}, ASR: 2.0, TCB: {'PD_1': ['PD_2'], 'PD_2': ['PD_1']}, FR: {'PD_1,PD_2': inf}
  Computing metrics...
    RSI: {'PD_1,PD_2': 0.6666666666666666}, ASR: 2.5, TCB: {'PD_1': ['PD_2'], 'PD_2': ['PD_1']}, FR: {'PD_1,PD_2': inf}
  Computing metrics...
    RSI: {'PD_1,PD_2': 0.3333333333333333}, ASR: 2.0, TCB: {'PD_1': ['PD_2'], 'PD_2': ['PD_1']}, FR: {'PD_1,PD_2': inf}
  Computing metrics...
    RSI: {'PD_1,PD_2': 0.25}, ASR: 2.5, TCB: {'PD_1': ['PD_2'], 'PD_2': ['PD_1']}, FR: {'PD_1,PD_2': inf}
  Computing metrics...
    RSI: {'PD_1,PD_2': 0.3333333333333333}, ASR: 2.0, TCB: {'PD_1': ['PD_2'], 'PD_2': ['PD_1']}, FR: {'PD_1,PD_2': inf}
  Computing metrics...
    RSI: {'PD_1,PD_2': 0.25}, ASR: 2.5, TCB: {'PD_1': ['PD_2'], 'PD_2': ['PD_1']}, FR: {'PD_1,PD_2': inf}
  Computing metrics...
    RSI: {'PD_1,PD_2': 0.3333333333333333}, ASR: 2.0, TCB: {'PD_1': ['PD_2'], 'PD_2': ['PD_1']}, FR: {'PD_1,PD_2': inf}
  Computing metrics...
    RSI: {'PD_1,PD_2': 0.25}, ASR: 2.5, TCB: {'PD_1': ['PD_2'], 'PD_2': ['PD_1']}, FR: {'PD_1,PD_2': inf}
  Computing metrics...
    RSI: {'PD_1,PD_2': 0.3333333333333333}, ASR: 2.0, TCB: {'PD_1': ['PD_2'], 'PD_2': ['PD_1']}, FR: {'PD_1,PD_2': inf}
  Computing metrics...
    RSI: {'PD_1,PD_2': 0.6666666666666666}, ASR: 2.5, TCB: {'PD_1': ['PD_2'], 'PD_2': ['PD_1']}, FR: {'PD_1,PD_2': inf}
  Computing metrics...
    RSI: {'PD_1,PD_2': 0.3333333333333333}, ASR: 2.0, TCB: {'PD_1': ['PD_2'], 'PD_2': ['PD_1']}, FR: {'PD_1,PD_2': inf}
  Computing metrics...
    RSI: {'PD_1,PD_2': 0.25}, ASR: 2.5, TCB: {'PD_1': ['PD_2'], 'PD_2': ['PD_1']}, FR: {'PD_1,PD_2': inf}
  Computing metrics...
    RSI: {'PD_1,PD_2': 0.3333333333333333}, ASR: 2.0, TCB: {'PD_1': ['PD_2'], 'PD_2': ['PD_1']}, FR: {'PD_1,PD_2': inf}
  Computing metrics...
    RSI: {'PD_1,PD_2': 0.25}, ASR: 2.5, TCB: {'PD_1': ['PD_2'], 'PD_2': ['PD_1']}, FR: {'PD_1,PD_2': inf}
  Computing metrics...
    RSI: {'PD_1,PD_2': 0.3333333333333333}, ASR: 2.0, TCB: {'PD_1': ['PD_2'], 'PD_2': ['PD_1']}, FR: {'PD_1,PD_2': inf}
  Computing metrics...
    RSI: {'PD_1,PD_2': 0.25}, ASR: 2.5, TCB: {'PD_1': ['PD_2'], 'PD_2': ['PD_1']}, FR: {'PD_1,PD_2': inf}
  Computing metrics...
    RSI: {'PD_1,PD_2': 0.3333333333333333}, ASR: 2.0, TCB: {'PD_1': ['PD_2'], 'PD_2': ['PD_1']}, FR: {'PD_1,PD_2': inf}
  Computing metrics...
    RSI: {'PD_1,PD_2': 0.3333333333333333}, ASR: 2.5, TCB: {'PD_1': ['PD_2'], 'PD_2': ['PD_1']}, FR: {'PD_1,PD_2': inf}
  Computing metrics...
    RSI: {'PD_1,PD_2': 0.3333333333333333}, ASR: 2.0, TCB: {'PD_1': ['PD_2'], 'PD_2': ['PD_1']}, FR: {'PD_1,PD_2': inf}
  Computing metrics...
    RSI: {'PD_1,PD_2': 0.3333333333333333}, ASR: 2.5, TCB: {'PD_1': ['PD_2'], 'PD_2': ['PD_1']}, FR: {'PD_1,PD_2': inf}
  Computing metrics...
    RSI: {'PD_1,PD_2': 0.3333333333333333}, ASR: 2.0, TCB: {'PD_1': ['PD_2'], 'PD_2': ['PD_1']}, FR: {'PD_1,PD_2': inf}
  Computing metrics...
    RSI: {'PD_1,PD_2': 0.3333333333333333}, ASR: 2.0, TCB: {'PD_1': ['PD_2'], 'PD_2': ['PD_1']}, FR: {'PD_1,PD_2': inf}
  Computing metrics...
    RSI: {'PD_1,PD_2': 0.3333333333333333}, ASR: 2.0, TCB: {'PD_1': ['PD_2'], 'PD_2': ['PD_1']}, FR: {'PD_1,PD_2': inf}
  Computing metrics...
    RSI: {'PD_1,PD_2': 0.3333333333333333}, ASR: 2.0, TCB: {'PD_1': ['PD_2'], 'PD_2': ['PD_1']}, FR: {'PD_1,PD_2': inf}
  Computing metrics...
    RSI: {'PD_1,PD_2': 0.3333333333333333}, ASR: 2.0, TCB: {'PD_1': ['PD_2'], 'PD_2': ['PD_1']}, FR: {'PD_1,PD_2': inf}
  Computing metrics...
    RSI: {'PD_1,PD_2': 0.3333333333333333}, ASR: 2.0, TCB: {'PD_1': ['PD_2'], 'PD_2': ['PD_1']}, FR: {'PD_1,PD_2': inf}
  Computing metrics...
    RSI: {'PD_1,PD_2': 0.3333333333333333}, ASR: 2.0, TCB: {'PD_1': ['PD_2'], 'PD_2': ['PD_1']}, FR: {'PD_1,PD_2': inf}
  Computing metrics...
    RSI: {'PD_1,PD_2': 0.3333333333333333}, ASR: 2.0, TCB: {'PD_1': ['PD_2'], 'PD_2': ['PD_1']}, FR: {'PD_1,PD_2': inf}
  Computing metrics...
    RSI: {'PD_1,PD_2': 0.3333333333333333}, ASR: 2.0, TCB: {'PD_1': ['PD_2'], 'PD_2': ['PD_1']}, FR: {'PD_1,PD_2': inf}
  Computing metrics...
    RSI: {'PD_1,PD_2': 0.3333333333333333}, ASR: 2.0, TCB: {'PD_1': ['PD_2'], 'PD_2': ['PD_1']}, FR: {'PD_1,PD_2': inf}
  Computing metrics...
    RSI: {'PD_1,PD_2': 0.3333333333333333}, ASR: 2.0, TCB: {'PD_1': ['PD_2'], 'PD_2': ['PD_1']}, FR: {'PD_1,PD_2': inf}
  Computing metrics...
    RSI: {'PD_1,PD_2': 0.3333333333333333}, ASR: 2.0, TCB: {'PD_1': ['PD_2'], 'PD_2': ['PD_1']}, FR: {'PD_1,PD_2': inf}
  🚫 Filtered out 0 'add_file_resource(create new CONFIG file in FILE_SPACE_1)' candidates (avoiding repetition)
  Trying best transition: primitive
    Target: create new CONFIG file in FILE_SPACE_1
    Predicted improvement: 0.700
    Considered 24 other option(s):
      1. primitive: create new DATABASE file in FILE_SPACE_1 (improvement: 0.700)
      2. primitive: create new TEMP file in FILE_SPACE_1 (improvement: 0.700)
      3. primitive: create new LOG file in FILE_SPACE_1 (improvement: 0.700)
      4. primitive: add new protection domain for system expansion (improvement: 0.544)
      5. primitive: remove FILE_1_3 (holders: 2) (improvement: 0.100)
      6. primitive: remove FILE_1_4 (holders: 0) (improvement: 0.100)
      7. primitive: remove FILE_1_5 (holders: 0) (improvement: 0.100)
      8. primitive: remove FILE_1_6 (holders: 0) (improvement: 0.100)
      9. primitive: disconnect FILE_1_1 from FILE_SPACE_1 (improvement: 0.100)
      10. primitive: disconnect FILE_1_2 from FILE_SPACE_1 (improvement: 0.100)
      ... and 14 more
    ✅ Applied add_file_resource
  📋 Generated 25 candidate(s)
  Computing metrics...
    RSI: {'PD_1,PD_2': 0.3333333333333333}, ASR: 2.0, TCB: {'PD_1': ['PD_2'], 'PD_2': ['PD_1']}, FR: {'PD_1,PD_2': inf}
    ✅ Added candidate: add_file_resource (score: 0.700)
  Computing metrics...
    RSI: {'PD_1,PD_2': 0.3333333333333333}, ASR: 2.0, TCB: {'PD_1': ['PD_2'], 'PD_2': ['PD_1']}, FR: {'PD_1,PD_2': inf}
    ✅ Added candidate: add_file_resource (score: 0.700)

🌟 Expanding Beam[1] (score: 0.700)
  Computing metrics...
    RSI: {'PD_1,PD_2': 0.3333333333333333}, ASR: 2.0, TCB: {'PD_1': ['PD_2'], 'PD_2': ['PD_1']}, FR: {'PD_1,PD_2': inf}
    Goal not met: RSI[PD_1,PD_2]=0.333 > 0.3
  Computing metrics...
    RSI: {'PD_1,PD_2': 0.3333333333333333}, ASR: 2.0, TCB: {'PD_1': ['PD_2'], 'PD_2': ['PD_1']}, FR: {'PD_1,PD_2': inf}
  Computing metrics...
    RSI: {'PD_1,PD_2': 0.3333333333333333, 'PD_1,PD_3': 0.0, 'PD_2,PD_3': 0.0}, ASR: 1.3333333333333333, TCB: {'PD_1': ['PD_2'], 'PD_2': ['PD_1'], 'PD_3': []}, FR: {'PD_1,PD_2': inf, 'PD_1,PD_3': inf, 'PD_2,PD_3': inf}
  Computing metrics...
    RSI: {'PD_1,PD_2': 0.3333333333333333}, ASR: 2.0, TCB: {'PD_1': ['PD_2'], 'PD_2': ['PD_1']}, FR: {'PD_1,PD_2': inf}
  Computing metrics...
    RSI: {'PD_1,PD_2': 0.3333333333333333}, ASR: 2.0, TCB: {'PD_1': ['PD_2'], 'PD_2': ['PD_1']}, FR: {'PD_1,PD_2': inf}
  Computing metrics...
    RSI: {'PD_1,PD_2': 0.3333333333333333}, ASR: 2.0, TCB: {'PD_1': ['PD_2'], 'PD_2': ['PD_1']}, FR: {'PD_1,PD_2': inf}
  Computing metrics...
    RSI: {'PD_1,PD_2': 0.3333333333333333}, ASR: 2.0, TCB: {'PD_1': ['PD_2'], 'PD_2': ['PD_1']}, FR: {'PD_1,PD_2': inf}
  Computing metrics...
    RSI: {'PD_1,PD_2': 0.3333333333333333}, ASR: 2.0, TCB: {'PD_1': ['PD_2'], 'PD_2': ['PD_1']}, FR: {'PD_1,PD_2': inf}
  Computing metrics...
    RSI: {'PD_1,PD_2': 0.3333333333333333}, ASR: 2.0, TCB: {'PD_1': ['PD_2'], 'PD_2': ['PD_1']}, FR: {'PD_1,PD_2': inf}
  Computing metrics...
    RSI: {'PD_1,PD_2': 0.3333333333333333}, ASR: 2.0, TCB: {'PD_1': ['PD_2'], 'PD_2': ['PD_1']}, FR: {'PD_1,PD_2': inf}
  Computing metrics...
    RSI: {'PD_1,PD_2': 0.3333333333333333}, ASR: 2.0, TCB: {'PD_1': ['PD_2'], 'PD_2': ['PD_1']}, FR: {'PD_1,PD_2': inf}
  Computing metrics...
    RSI: {'PD_1,PD_2': 0.3333333333333333}, ASR: 2.0, TCB: {'PD_1': ['PD_2'], 'PD_2': ['PD_1']}, FR: {'PD_1,PD_2': inf}
  Computing metrics...
    RSI: {'PD_1,PD_2': 0.3333333333333333}, ASR: 2.0, TCB: {'PD_1': ['PD_2'], 'PD_2': ['PD_1']}, FR: {'PD_1,PD_2': inf}
  Computing metrics...
    RSI: {'PD_1,PD_2': 0.3333333333333333}, ASR: 2.0, TCB: {'PD_1': ['PD_2'], 'PD_2': ['PD_1']}, FR: {'PD_1,PD_2': inf}
  Computing metrics...
    RSI: {'PD_1,PD_2': 0.3333333333333333}, ASR: 2.0, TCB: {'PD_1': ['PD_2'], 'PD_2': ['PD_1']}, FR: {'PD_1,PD_2': inf}
  Computing metrics...
    RSI: {'PD_1,PD_2': 0.3333333333333333}, ASR: 2.0, TCB: {'PD_1': ['PD_2'], 'PD_2': ['PD_1']}, FR: {'PD_1,PD_2': inf}
  Computing metrics...
    RSI: {'PD_1,PD_2': 0.3333333333333333}, ASR: 2.0, TCB: {'PD_1': ['PD_2'], 'PD_2': ['PD_1']}, FR: {'PD_1,PD_2': inf}
  Computing metrics...
    RSI: {'PD_1,PD_2': 0.3333333333333333}, ASR: 2.0, TCB: {'PD_1': ['PD_2'], 'PD_2': ['PD_1']}, FR: {'PD_1,PD_2': inf}
  Computing metrics...
    RSI: {'PD_1,PD_2': 0.3333333333333333}, ASR: 2.0, TCB: {'PD_1': ['PD_2'], 'PD_2': ['PD_1']}, FR: {'PD_1,PD_2': inf}
  Computing metrics...
    RSI: {'PD_1,PD_2': 0.3333333333333333}, ASR: 2.0, TCB: {'PD_1': ['PD_2'], 'PD_2': ['PD_1']}, FR: {'PD_1,PD_2': inf}
  Computing metrics...
    RSI: {'PD_1,PD_2': 0.6666666666666666}, ASR: 2.5, TCB: {'PD_1': ['PD_2'], 'PD_2': ['PD_1']}, FR: {'PD_1,PD_2': inf}
  Computing metrics...
    RSI: {'PD_1,PD_2': 0.3333333333333333}, ASR: 2.0, TCB: {'PD_1': ['PD_2'], 'PD_2': ['PD_1']}, FR: {'PD_1,PD_2': inf}
  Computing metrics...
    RSI: {'PD_1,PD_2': 0.25}, ASR: 2.5, TCB: {'PD_1': ['PD_2'], 'PD_2': ['PD_1']}, FR: {'PD_1,PD_2': inf}
  Computing metrics...
    RSI: {'PD_1,PD_2': 0.3333333333333333}, ASR: 2.0, TCB: {'PD_1': ['PD_2'], 'PD_2': ['PD_1']}, FR: {'PD_1,PD_2': inf}
  Computing metrics...
    RSI: {'PD_1,PD_2': 0.25}, ASR: 2.5, TCB: {'PD_1': ['PD_2'], 'PD_2': ['PD_1']}, FR: {'PD_1,PD_2': inf}
  Computing metrics...
    RSI: {'PD_1,PD_2': 0.3333333333333333}, ASR: 2.0, TCB: {'PD_1': ['PD_2'], 'PD_2': ['PD_1']}, FR: {'PD_1,PD_2': inf}
  Computing metrics...
    RSI: {'PD_1,PD_2': 0.25}, ASR: 2.5, TCB: {'PD_1': ['PD_2'], 'PD_2': ['PD_1']}, FR: {'PD_1,PD_2': inf}
  Computing metrics...
    RSI: {'PD_1,PD_2': 0.3333333333333333}, ASR: 2.0, TCB: {'PD_1': ['PD_2'], 'PD_2': ['PD_1']}, FR: {'PD_1,PD_2': inf}
  Computing metrics...
    RSI: {'PD_1,PD_2': 0.6666666666666666}, ASR: 2.5, TCB: {'PD_1': ['PD_2'], 'PD_2': ['PD_1']}, FR: {'PD_1,PD_2': inf}
  Computing metrics...
    RSI: {'PD_1,PD_2': 0.3333333333333333}, ASR: 2.0, TCB: {'PD_1': ['PD_2'], 'PD_2': ['PD_1']}, FR: {'PD_1,PD_2': inf}
  Computing metrics...
    RSI: {'PD_1,PD_2': 0.25}, ASR: 2.5, TCB: {'PD_1': ['PD_2'], 'PD_2': ['PD_1']}, FR: {'PD_1,PD_2': inf}
  Computing metrics...
    RSI: {'PD_1,PD_2': 0.3333333333333333}, ASR: 2.0, TCB: {'PD_1': ['PD_2'], 'PD_2': ['PD_1']}, FR: {'PD_1,PD_2': inf}
  Computing metrics...
    RSI: {'PD_1,PD_2': 0.25}, ASR: 2.5, TCB: {'PD_1': ['PD_2'], 'PD_2': ['PD_1']}, FR: {'PD_1,PD_2': inf}
  Computing metrics...
    RSI: {'PD_1,PD_2': 0.3333333333333333}, ASR: 2.0, TCB: {'PD_1': ['PD_2'], 'PD_2': ['PD_1']}, FR: {'PD_1,PD_2': inf}
  Computing metrics...
    RSI: {'PD_1,PD_2': 0.25}, ASR: 2.5, TCB: {'PD_1': ['PD_2'], 'PD_2': ['PD_1']}, FR: {'PD_1,PD_2': inf}
  Computing metrics...
    RSI: {'PD_1,PD_2': 0.3333333333333333}, ASR: 2.0, TCB: {'PD_1': ['PD_2'], 'PD_2': ['PD_1']}, FR: {'PD_1,PD_2': inf}
  Computing metrics...
    RSI: {'PD_1,PD_2': 0.3333333333333333}, ASR: 2.5, TCB: {'PD_1': ['PD_2'], 'PD_2': ['PD_1']}, FR: {'PD_1,PD_2': inf}
  Computing metrics...
    RSI: {'PD_1,PD_2': 0.3333333333333333}, ASR: 2.0, TCB: {'PD_1': ['PD_2'], 'PD_2': ['PD_1']}, FR: {'PD_1,PD_2': inf}
  Computing metrics...
    RSI: {'PD_1,PD_2': 0.3333333333333333}, ASR: 2.5, TCB: {'PD_1': ['PD_2'], 'PD_2': ['PD_1']}, FR: {'PD_1,PD_2': inf}
  Computing metrics...
    RSI: {'PD_1,PD_2': 0.3333333333333333}, ASR: 2.0, TCB: {'PD_1': ['PD_2'], 'PD_2': ['PD_1']}, FR: {'PD_1,PD_2': inf}
  Computing metrics...
    RSI: {'PD_1,PD_2': 0.3333333333333333}, ASR: 2.0, TCB: {'PD_1': ['PD_2'], 'PD_2': ['PD_1']}, FR: {'PD_1,PD_2': inf}
  Computing metrics...
    RSI: {'PD_1,PD_2': 0.3333333333333333}, ASR: 2.0, TCB: {'PD_1': ['PD_2'], 'PD_2': ['PD_1']}, FR: {'PD_1,PD_2': inf}
  Computing metrics...
    RSI: {'PD_1,PD_2': 0.3333333333333333}, ASR: 2.0, TCB: {'PD_1': ['PD_2'], 'PD_2': ['PD_1']}, FR: {'PD_1,PD_2': inf}
  Computing metrics...
    RSI: {'PD_1,PD_2': 0.3333333333333333}, ASR: 2.0, TCB: {'PD_1': ['PD_2'], 'PD_2': ['PD_1']}, FR: {'PD_1,PD_2': inf}
  Computing metrics...
    RSI: {'PD_1,PD_2': 0.3333333333333333}, ASR: 2.0, TCB: {'PD_1': ['PD_2'], 'PD_2': ['PD_1']}, FR: {'PD_1,PD_2': inf}
  Computing metrics...
    RSI: {'PD_1,PD_2': 0.3333333333333333}, ASR: 2.0, TCB: {'PD_1': ['PD_2'], 'PD_2': ['PD_1']}, FR: {'PD_1,PD_2': inf}
  Computing metrics...
    RSI: {'PD_1,PD_2': 0.3333333333333333}, ASR: 2.0, TCB: {'PD_1': ['PD_2'], 'PD_2': ['PD_1']}, FR: {'PD_1,PD_2': inf}
  Computing metrics...
    RSI: {'PD_1,PD_2': 0.3333333333333333}, ASR: 2.0, TCB: {'PD_1': ['PD_2'], 'PD_2': ['PD_1']}, FR: {'PD_1,PD_2': inf}
  Computing metrics...
    RSI: {'PD_1,PD_2': 0.3333333333333333}, ASR: 2.0, TCB: {'PD_1': ['PD_2'], 'PD_2': ['PD_1']}, FR: {'PD_1,PD_2': inf}
  Computing metrics...
    RSI: {'PD_1,PD_2': 0.3333333333333333}, ASR: 2.0, TCB: {'PD_1': ['PD_2'], 'PD_2': ['PD_1']}, FR: {'PD_1,PD_2': inf}
  Computing metrics...
    RSI: {'PD_1,PD_2': 0.3333333333333333}, ASR: 2.0, TCB: {'PD_1': ['PD_2'], 'PD_2': ['PD_1']}, FR: {'PD_1,PD_2': inf}
  🚫 Filtered out 0 'add_file_resource(create new DATABASE file in FILE_SPACE_1)' candidates (avoiding repetition)
  Trying best transition: primitive
    Target: create new CONFIG file in FILE_SPACE_1
    Predicted improvement: 0.700
    Considered 24 other option(s):
      1. primitive: create new DATABASE file in FILE_SPACE_1 (improvement: 0.700)
      2. primitive: create new TEMP file in FILE_SPACE_1 (improvement: 0.700)
      3. primitive: create new LOG file in FILE_SPACE_1 (improvement: 0.700)
      4. primitive: add new protection domain for system expansion (improvement: 0.544)
      5. primitive: remove FILE_1_3 (holders: 2) (improvement: 0.100)
      6. primitive: remove FILE_1_4 (holders: 0) (improvement: 0.100)
      7. primitive: remove FILE_1_5 (holders: 0) (improvement: 0.100)
      8. primitive: remove FILE_1_6 (holders: 0) (improvement: 0.100)
      9. primitive: disconnect FILE_1_1 from FILE_SPACE_1 (improvement: 0.100)
      10. primitive: disconnect FILE_1_2 from FILE_SPACE_1 (improvement: 0.100)
      ... and 14 more
    ✅ Applied add_file_resource
  📋 Generated 25 candidate(s)
  Computing metrics...
    RSI: {'PD_1,PD_2': 0.3333333333333333}, ASR: 2.0, TCB: {'PD_1': ['PD_2'], 'PD_2': ['PD_1']}, FR: {'PD_1,PD_2': inf}
    ✅ Added candidate: add_file_resource (score: 0.700)
  Computing metrics...
    RSI: {'PD_1,PD_2': 0.3333333333333333}, ASR: 2.0, TCB: {'PD_1': ['PD_2'], 'PD_2': ['PD_1']}, FR: {'PD_1,PD_2': inf}
    ✅ Added candidate: add_file_resource (score: 0.700)

🌟 Expanding Beam[2] (score: 0.700)
  Computing metrics...
    RSI: {'PD_1,PD_2': 0.3333333333333333}, ASR: 2.0, TCB: {'PD_1': ['PD_2'], 'PD_2': ['PD_1']}, FR: {'PD_1,PD_2': inf}
    Goal not met: RSI[PD_1,PD_2]=0.333 > 0.3
  Computing metrics...
    RSI: {'PD_1,PD_2': 0.3333333333333333}, ASR: 2.0, TCB: {'PD_1': ['PD_2'], 'PD_2': ['PD_1']}, FR: {'PD_1,PD_2': inf}
  Computing metrics...
    RSI: {'PD_1,PD_2': 0.3333333333333333, 'PD_1,PD_3': 0.0, 'PD_2,PD_3': 0.0}, ASR: 1.3333333333333333, TCB: {'PD_1': ['PD_2'], 'PD_2': ['PD_1'], 'PD_3': []}, FR: {'PD_1,PD_2': inf, 'PD_1,PD_3': inf, 'PD_2,PD_3': inf}
  Computing metrics...
    RSI: {'PD_1,PD_2': 0.3333333333333333}, ASR: 2.0, TCB: {'PD_1': ['PD_2'], 'PD_2': ['PD_1']}, FR: {'PD_1,PD_2': inf}
  Computing metrics...
    RSI: {'PD_1,PD_2': 0.3333333333333333}, ASR: 2.0, TCB: {'PD_1': ['PD_2'], 'PD_2': ['PD_1']}, FR: {'PD_1,PD_2': inf}
  Computing metrics...
    RSI: {'PD_1,PD_2': 0.3333333333333333}, ASR: 2.0, TCB: {'PD_1': ['PD_2'], 'PD_2': ['PD_1']}, FR: {'PD_1,PD_2': inf}
  Computing metrics...
    RSI: {'PD_1,PD_2': 0.3333333333333333}, ASR: 2.0, TCB: {'PD_1': ['PD_2'], 'PD_2': ['PD_1']}, FR: {'PD_1,PD_2': inf}
  Computing metrics...
    RSI: {'PD_1,PD_2': 0.3333333333333333}, ASR: 2.0, TCB: {'PD_1': ['PD_2'], 'PD_2': ['PD_1']}, FR: {'PD_1,PD_2': inf}
  Computing metrics...
    RSI: {'PD_1,PD_2': 0.3333333333333333}, ASR: 2.0, TCB: {'PD_1': ['PD_2'], 'PD_2': ['PD_1']}, FR: {'PD_1,PD_2': inf}
  Computing metrics...
    RSI: {'PD_1,PD_2': 0.3333333333333333}, ASR: 2.0, TCB: {'PD_1': ['PD_2'], 'PD_2': ['PD_1']}, FR: {'PD_1,PD_2': inf}
  Computing metrics...
    RSI: {'PD_1,PD_2': 0.3333333333333333}, ASR: 2.0, TCB: {'PD_1': ['PD_2'], 'PD_2': ['PD_1']}, FR: {'PD_1,PD_2': inf}
  Computing metrics...
    RSI: {'PD_1,PD_2': 0.3333333333333333}, ASR: 2.0, TCB: {'PD_1': ['PD_2'], 'PD_2': ['PD_1']}, FR: {'PD_1,PD_2': inf}
  Computing metrics...
    RSI: {'PD_1,PD_2': 0.3333333333333333}, ASR: 2.0, TCB: {'PD_1': ['PD_2'], 'PD_2': ['PD_1']}, FR: {'PD_1,PD_2': inf}
  Computing metrics...
    RSI: {'PD_1,PD_2': 0.3333333333333333}, ASR: 2.0, TCB: {'PD_1': ['PD_2'], 'PD_2': ['PD_1']}, FR: {'PD_1,PD_2': inf}
  Computing metrics...
    RSI: {'PD_1,PD_2': 0.3333333333333333}, ASR: 2.0, TCB: {'PD_1': ['PD_2'], 'PD_2': ['PD_1']}, FR: {'PD_1,PD_2': inf}
  Computing metrics...
    RSI: {'PD_1,PD_2': 0.3333333333333333}, ASR: 2.0, TCB: {'PD_1': ['PD_2'], 'PD_2': ['PD_1']}, FR: {'PD_1,PD_2': inf}
  Computing metrics...
    RSI: {'PD_1,PD_2': 0.3333333333333333}, ASR: 2.0, TCB: {'PD_1': ['PD_2'], 'PD_2': ['PD_1']}, FR: {'PD_1,PD_2': inf}
  Computing metrics...
    RSI: {'PD_1,PD_2': 0.3333333333333333}, ASR: 2.0, TCB: {'PD_1': ['PD_2'], 'PD_2': ['PD_1']}, FR: {'PD_1,PD_2': inf}
  Computing metrics...
    RSI: {'PD_1,PD_2': 0.3333333333333333}, ASR: 2.0, TCB: {'PD_1': ['PD_2'], 'PD_2': ['PD_1']}, FR: {'PD_1,PD_2': inf}
  Computing metrics...
    RSI: {'PD_1,PD_2': 0.3333333333333333}, ASR: 2.0, TCB: {'PD_1': ['PD_2'], 'PD_2': ['PD_1']}, FR: {'PD_1,PD_2': inf}
  Computing metrics...
    RSI: {'PD_1,PD_2': 0.6666666666666666}, ASR: 2.5, TCB: {'PD_1': ['PD_2'], 'PD_2': ['PD_1']}, FR: {'PD_1,PD_2': inf}
  Computing metrics...
    RSI: {'PD_1,PD_2': 0.3333333333333333}, ASR: 2.0, TCB: {'PD_1': ['PD_2'], 'PD_2': ['PD_1']}, FR: {'PD_1,PD_2': inf}
  Computing metrics...
    RSI: {'PD_1,PD_2': 0.25}, ASR: 2.5, TCB: {'PD_1': ['PD_2'], 'PD_2': ['PD_1']}, FR: {'PD_1,PD_2': inf}
  Computing metrics...
    RSI: {'PD_1,PD_2': 0.3333333333333333}, ASR: 2.0, TCB: {'PD_1': ['PD_2'], 'PD_2': ['PD_1']}, FR: {'PD_1,PD_2': inf}
  Computing metrics...
    RSI: {'PD_1,PD_2': 0.25}, ASR: 2.5, TCB: {'PD_1': ['PD_2'], 'PD_2': ['PD_1']}, FR: {'PD_1,PD_2': inf}
  Computing metrics...
    RSI: {'PD_1,PD_2': 0.3333333333333333}, ASR: 2.0, TCB: {'PD_1': ['PD_2'], 'PD_2': ['PD_1']}, FR: {'PD_1,PD_2': inf}
  Computing metrics...
    RSI: {'PD_1,PD_2': 0.25}, ASR: 2.5, TCB: {'PD_1': ['PD_2'], 'PD_2': ['PD_1']}, FR: {'PD_1,PD_2': inf}
  Computing metrics...
    RSI: {'PD_1,PD_2': 0.3333333333333333}, ASR: 2.0, TCB: {'PD_1': ['PD_2'], 'PD_2': ['PD_1']}, FR: {'PD_1,PD_2': inf}
  Computing metrics...
    RSI: {'PD_1,PD_2': 0.6666666666666666}, ASR: 2.5, TCB: {'PD_1': ['PD_2'], 'PD_2': ['PD_1']}, FR: {'PD_1,PD_2': inf}
  Computing metrics...
    RSI: {'PD_1,PD_2': 0.3333333333333333}, ASR: 2.0, TCB: {'PD_1': ['PD_2'], 'PD_2': ['PD_1']}, FR: {'PD_1,PD_2': inf}
  Computing metrics...
    RSI: {'PD_1,PD_2': 0.25}, ASR: 2.5, TCB: {'PD_1': ['PD_2'], 'PD_2': ['PD_1']}, FR: {'PD_1,PD_2': inf}
  Computing metrics...
    RSI: {'PD_1,PD_2': 0.3333333333333333}, ASR: 2.0, TCB: {'PD_1': ['PD_2'], 'PD_2': ['PD_1']}, FR: {'PD_1,PD_2': inf}
  Computing metrics...
    RSI: {'PD_1,PD_2': 0.25}, ASR: 2.5, TCB: {'PD_1': ['PD_2'], 'PD_2': ['PD_1']}, FR: {'PD_1,PD_2': inf}
  Computing metrics...
    RSI: {'PD_1,PD_2': 0.3333333333333333}, ASR: 2.0, TCB: {'PD_1': ['PD_2'], 'PD_2': ['PD_1']}, FR: {'PD_1,PD_2': inf}
  Computing metrics...
    RSI: {'PD_1,PD_2': 0.25}, ASR: 2.5, TCB: {'PD_1': ['PD_2'], 'PD_2': ['PD_1']}, FR: {'PD_1,PD_2': inf}
  Computing metrics...
    RSI: {'PD_1,PD_2': 0.3333333333333333}, ASR: 2.0, TCB: {'PD_1': ['PD_2'], 'PD_2': ['PD_1']}, FR: {'PD_1,PD_2': inf}
  Computing metrics...
    RSI: {'PD_1,PD_2': 0.3333333333333333}, ASR: 2.5, TCB: {'PD_1': ['PD_2'], 'PD_2': ['PD_1']}, FR: {'PD_1,PD_2': inf}
  Computing metrics...
    RSI: {'PD_1,PD_2': 0.3333333333333333}, ASR: 2.0, TCB: {'PD_1': ['PD_2'], 'PD_2': ['PD_1']}, FR: {'PD_1,PD_2': inf}
  Computing metrics...
    RSI: {'PD_1,PD_2': 0.3333333333333333}, ASR: 2.5, TCB: {'PD_1': ['PD_2'], 'PD_2': ['PD_1']}, FR: {'PD_1,PD_2': inf}
  Computing metrics...
    RSI: {'PD_1,PD_2': 0.3333333333333333}, ASR: 2.0, TCB: {'PD_1': ['PD_2'], 'PD_2': ['PD_1']}, FR: {'PD_1,PD_2': inf}
  Computing metrics...
    RSI: {'PD_1,PD_2': 0.3333333333333333}, ASR: 2.0, TCB: {'PD_1': ['PD_2'], 'PD_2': ['PD_1']}, FR: {'PD_1,PD_2': inf}
  Computing metrics...
    RSI: {'PD_1,PD_2': 0.3333333333333333}, ASR: 2.0, TCB: {'PD_1': ['PD_2'], 'PD_2': ['PD_1']}, FR: {'PD_1,PD_2': inf}
  Computing metrics...
    RSI: {'PD_1,PD_2': 0.3333333333333333}, ASR: 2.0, TCB: {'PD_1': ['PD_2'], 'PD_2': ['PD_1']}, FR: {'PD_1,PD_2': inf}
  Computing metrics...
    RSI: {'PD_1,PD_2': 0.3333333333333333}, ASR: 2.0, TCB: {'PD_1': ['PD_2'], 'PD_2': ['PD_1']}, FR: {'PD_1,PD_2': inf}
  Computing metrics...
    RSI: {'PD_1,PD_2': 0.3333333333333333}, ASR: 2.0, TCB: {'PD_1': ['PD_2'], 'PD_2': ['PD_1']}, FR: {'PD_1,PD_2': inf}
  Computing metrics...
    RSI: {'PD_1,PD_2': 0.3333333333333333}, ASR: 2.0, TCB: {'PD_1': ['PD_2'], 'PD_2': ['PD_1']}, FR: {'PD_1,PD_2': inf}
  Computing metrics...
    RSI: {'PD_1,PD_2': 0.3333333333333333}, ASR: 2.0, TCB: {'PD_1': ['PD_2'], 'PD_2': ['PD_1']}, FR: {'PD_1,PD_2': inf}
  Computing metrics...
    RSI: {'PD_1,PD_2': 0.3333333333333333}, ASR: 2.0, TCB: {'PD_1': ['PD_2'], 'PD_2': ['PD_1']}, FR: {'PD_1,PD_2': inf}
  Computing metrics...
    RSI: {'PD_1,PD_2': 0.3333333333333333}, ASR: 2.0, TCB: {'PD_1': ['PD_2'], 'PD_2': ['PD_1']}, FR: {'PD_1,PD_2': inf}
  Computing metrics...
    RSI: {'PD_1,PD_2': 0.3333333333333333}, ASR: 2.0, TCB: {'PD_1': ['PD_2'], 'PD_2': ['PD_1']}, FR: {'PD_1,PD_2': inf}
  Computing metrics...
    RSI: {'PD_1,PD_2': 0.3333333333333333}, ASR: 2.0, TCB: {'PD_1': ['PD_2'], 'PD_2': ['PD_1']}, FR: {'PD_1,PD_2': inf}
  🚫 Filtered out 0 'add_file_resource(create new CONFIG file in FILE_SPACE_1)' candidates (avoiding repetition)
  Trying best transition: primitive
    Target: create new CONFIG file in FILE_SPACE_1
    Predicted improvement: 0.700
    Considered 24 other option(s):
      1. primitive: create new DATABASE file in FILE_SPACE_1 (improvement: 0.700)
      2. primitive: create new TEMP file in FILE_SPACE_1 (improvement: 0.700)
      3. primitive: create new LOG file in FILE_SPACE_1 (improvement: 0.700)
      4. primitive: add new protection domain for system expansion (improvement: 0.544)
      5. primitive: remove FILE_1_3 (holders: 2) (improvement: 0.100)
      6. primitive: remove FILE_1_4 (holders: 0) (improvement: 0.100)
      7. primitive: remove FILE_1_5 (holders: 0) (improvement: 0.100)
      8. primitive: remove FILE_1_6 (holders: 0) (improvement: 0.100)
      9. primitive: disconnect FILE_1_1 from FILE_SPACE_1 (improvement: 0.100)
      10. primitive: disconnect FILE_1_2 from FILE_SPACE_1 (improvement: 0.100)
      ... and 14 more
    ✅ Applied add_file_resource
  📋 Generated 25 candidate(s)
  Computing metrics...
    RSI: {'PD_1,PD_2': 0.3333333333333333}, ASR: 2.0, TCB: {'PD_1': ['PD_2'], 'PD_2': ['PD_1']}, FR: {'PD_1,PD_2': inf}
    ✅ Added candidate: add_file_resource (score: 0.700)
  Computing metrics...
    RSI: {'PD_1,PD_2': 0.3333333333333333}, ASR: 2.0, TCB: {'PD_1': ['PD_2'], 'PD_2': ['PD_1']}, FR: {'PD_1,PD_2': inf}
    ✅ Added candidate: add_file_resource (score: 0.700)

📊 Next beam (3 states):
  Beam[0]: BeamState(iter=4, score=0.700, path=add_file_resource(create new CONFIG file in FILE_SPACE_1) → add_file_resource(create new CONFIG file in FILE_SPACE_1) → add_file_resource(create new CONFIG file in FILE_SPACE_1))
  Beam[1]: BeamState(iter=4, score=0.700, path=add_file_resource(create new CONFIG file in FILE_SPACE_1) → add_file_resource(create new CONFIG file in FILE_SPACE_1) → add_file_resource(create new DATABASE file in FILE_SPACE_1))
  Beam[2]: BeamState(iter=4, score=0.700, path=add_file_resource(create new CONFIG file in FILE_SPACE_1) → add_file_resource(create new DATABASE file in FILE_SPACE_1) → add_file_resource(create new CONFIG file in FILE_SPACE_1))
💡 Total candidates generated: 6
🎯 Mechanisms discovered so far: 0

============================================================
🔍 Beam Search Iteration 5/8
📊 Current beam size: 3
  Beam[0]: BeamState(iter=4, score=0.700, path=add_file_resource(create new CONFIG file in FILE_SPACE_1) → add_file_resource(create new CONFIG file in FILE_SPACE_1) → add_file_resource(create new CONFIG file in FILE_SPACE_1))
  Beam[1]: BeamState(iter=4, score=0.700, path=add_file_resource(create new CONFIG file in FILE_SPACE_1) → add_file_resource(create new CONFIG file in FILE_SPACE_1) → add_file_resource(create new DATABASE file in FILE_SPACE_1))
  Beam[2]: BeamState(iter=4, score=0.700, path=add_file_resource(create new CONFIG file in FILE_SPACE_1) → add_file_resource(create new DATABASE file in FILE_SPACE_1) → add_file_resource(create new CONFIG file in FILE_SPACE_1))

🌟 Expanding Beam[0] (score: 0.700)
  Computing metrics...
    RSI: {'PD_1,PD_2': 0.3333333333333333}, ASR: 2.0, TCB: {'PD_1': ['PD_2'], 'PD_2': ['PD_1']}, FR: {'PD_1,PD_2': inf}
    Goal not met: RSI[PD_1,PD_2]=0.333 > 0.3
  Computing metrics...
    RSI: {'PD_1,PD_2': 0.3333333333333333}, ASR: 2.0, TCB: {'PD_1': ['PD_2'], 'PD_2': ['PD_1']}, FR: {'PD_1,PD_2': inf}
  Computing metrics...
    RSI: {'PD_1,PD_2': 0.3333333333333333, 'PD_1,PD_3': 0.0, 'PD_2,PD_3': 0.0}, ASR: 1.3333333333333333, TCB: {'PD_1': ['PD_2'], 'PD_2': ['PD_1'], 'PD_3': []}, FR: {'PD_1,PD_2': inf, 'PD_1,PD_3': inf, 'PD_2,PD_3': inf}
  Computing metrics...
    RSI: {'PD_1,PD_2': 0.3333333333333333}, ASR: 2.0, TCB: {'PD_1': ['PD_2'], 'PD_2': ['PD_1']}, FR: {'PD_1,PD_2': inf}
  Computing metrics...
    RSI: {'PD_1,PD_2': 0.3333333333333333}, ASR: 2.0, TCB: {'PD_1': ['PD_2'], 'PD_2': ['PD_1']}, FR: {'PD_1,PD_2': inf}
  Computing metrics...
    RSI: {'PD_1,PD_2': 0.3333333333333333}, ASR: 2.0, TCB: {'PD_1': ['PD_2'], 'PD_2': ['PD_1']}, FR: {'PD_1,PD_2': inf}
  Computing metrics...
    RSI: {'PD_1,PD_2': 0.3333333333333333}, ASR: 2.0, TCB: {'PD_1': ['PD_2'], 'PD_2': ['PD_1']}, FR: {'PD_1,PD_2': inf}
  Computing metrics...
    RSI: {'PD_1,PD_2': 0.3333333333333333}, ASR: 2.0, TCB: {'PD_1': ['PD_2'], 'PD_2': ['PD_1']}, FR: {'PD_1,PD_2': inf}
  Computing metrics...
    RSI: {'PD_1,PD_2': 0.3333333333333333}, ASR: 2.0, TCB: {'PD_1': ['PD_2'], 'PD_2': ['PD_1']}, FR: {'PD_1,PD_2': inf}
  Computing metrics...
    RSI: {'PD_1,PD_2': 0.3333333333333333}, ASR: 2.0, TCB: {'PD_1': ['PD_2'], 'PD_2': ['PD_1']}, FR: {'PD_1,PD_2': inf}
  Computing metrics...
    RSI: {'PD_1,PD_2': 0.3333333333333333}, ASR: 2.0, TCB: {'PD_1': ['PD_2'], 'PD_2': ['PD_1']}, FR: {'PD_1,PD_2': inf}
  Computing metrics...
    RSI: {'PD_1,PD_2': 0.3333333333333333}, ASR: 2.0, TCB: {'PD_1': ['PD_2'], 'PD_2': ['PD_1']}, FR: {'PD_1,PD_2': inf}
  Computing metrics...
    RSI: {'PD_1,PD_2': 0.3333333333333333}, ASR: 2.0, TCB: {'PD_1': ['PD_2'], 'PD_2': ['PD_1']}, FR: {'PD_1,PD_2': inf}
  Computing metrics...
    RSI: {'PD_1,PD_2': 0.3333333333333333}, ASR: 2.0, TCB: {'PD_1': ['PD_2'], 'PD_2': ['PD_1']}, FR: {'PD_1,PD_2': inf}
  Computing metrics...
    RSI: {'PD_1,PD_2': 0.3333333333333333}, ASR: 2.0, TCB: {'PD_1': ['PD_2'], 'PD_2': ['PD_1']}, FR: {'PD_1,PD_2': inf}
  Computing metrics...
    RSI: {'PD_1,PD_2': 0.3333333333333333}, ASR: 2.0, TCB: {'PD_1': ['PD_2'], 'PD_2': ['PD_1']}, FR: {'PD_1,PD_2': inf}
  Computing metrics...
    RSI: {'PD_1,PD_2': 0.3333333333333333}, ASR: 2.0, TCB: {'PD_1': ['PD_2'], 'PD_2': ['PD_1']}, FR: {'PD_1,PD_2': inf}
  Computing metrics...
    RSI: {'PD_1,PD_2': 0.3333333333333333}, ASR: 2.0, TCB: {'PD_1': ['PD_2'], 'PD_2': ['PD_1']}, FR: {'PD_1,PD_2': inf}
  Computing metrics...
    RSI: {'PD_1,PD_2': 0.3333333333333333}, ASR: 2.0, TCB: {'PD_1': ['PD_2'], 'PD_2': ['PD_1']}, FR: {'PD_1,PD_2': inf}
  Computing metrics...
    RSI: {'PD_1,PD_2': 0.3333333333333333}, ASR: 2.0, TCB: {'PD_1': ['PD_2'], 'PD_2': ['PD_1']}, FR: {'PD_1,PD_2': inf}
  Computing metrics...
    RSI: {'PD_1,PD_2': 0.3333333333333333}, ASR: 2.0, TCB: {'PD_1': ['PD_2'], 'PD_2': ['PD_1']}, FR: {'PD_1,PD_2': inf}
  Computing metrics...
    RSI: {'PD_1,PD_2': 0.3333333333333333}, ASR: 2.0, TCB: {'PD_1': ['PD_2'], 'PD_2': ['PD_1']}, FR: {'PD_1,PD_2': inf}
  Computing metrics...
    RSI: {'PD_1,PD_2': 0.6666666666666666}, ASR: 2.5, TCB: {'PD_1': ['PD_2'], 'PD_2': ['PD_1']}, FR: {'PD_1,PD_2': inf}
  Computing metrics...
    RSI: {'PD_1,PD_2': 0.3333333333333333}, ASR: 2.0, TCB: {'PD_1': ['PD_2'], 'PD_2': ['PD_1']}, FR: {'PD_1,PD_2': inf}
  Computing metrics...
    RSI: {'PD_1,PD_2': 0.25}, ASR: 2.5, TCB: {'PD_1': ['PD_2'], 'PD_2': ['PD_1']}, FR: {'PD_1,PD_2': inf}
  Computing metrics...
    RSI: {'PD_1,PD_2': 0.3333333333333333}, ASR: 2.0, TCB: {'PD_1': ['PD_2'], 'PD_2': ['PD_1']}, FR: {'PD_1,PD_2': inf}
  Computing metrics...
    RSI: {'PD_1,PD_2': 0.25}, ASR: 2.5, TCB: {'PD_1': ['PD_2'], 'PD_2': ['PD_1']}, FR: {'PD_1,PD_2': inf}
  Computing metrics...
    RSI: {'PD_1,PD_2': 0.3333333333333333}, ASR: 2.0, TCB: {'PD_1': ['PD_2'], 'PD_2': ['PD_1']}, FR: {'PD_1,PD_2': inf}
  Computing metrics...
    RSI: {'PD_1,PD_2': 0.25}, ASR: 2.5, TCB: {'PD_1': ['PD_2'], 'PD_2': ['PD_1']}, FR: {'PD_1,PD_2': inf}
  Computing metrics...
    RSI: {'PD_1,PD_2': 0.3333333333333333}, ASR: 2.0, TCB: {'PD_1': ['PD_2'], 'PD_2': ['PD_1']}, FR: {'PD_1,PD_2': inf}
  Computing metrics...
    RSI: {'PD_1,PD_2': 0.25}, ASR: 2.5, TCB: {'PD_1': ['PD_2'], 'PD_2': ['PD_1']}, FR: {'PD_1,PD_2': inf}
  Computing metrics...
    RSI: {'PD_1,PD_2': 0.3333333333333333}, ASR: 2.0, TCB: {'PD_1': ['PD_2'], 'PD_2': ['PD_1']}, FR: {'PD_1,PD_2': inf}
  Computing metrics...
    RSI: {'PD_1,PD_2': 0.6666666666666666}, ASR: 2.5, TCB: {'PD_1': ['PD_2'], 'PD_2': ['PD_1']}, FR: {'PD_1,PD_2': inf}
  Computing metrics...
    RSI: {'PD_1,PD_2': 0.3333333333333333}, ASR: 2.0, TCB: {'PD_1': ['PD_2'], 'PD_2': ['PD_1']}, FR: {'PD_1,PD_2': inf}
  Computing metrics...
    RSI: {'PD_1,PD_2': 0.25}, ASR: 2.5, TCB: {'PD_1': ['PD_2'], 'PD_2': ['PD_1']}, FR: {'PD_1,PD_2': inf}
  Computing metrics...
    RSI: {'PD_1,PD_2': 0.3333333333333333}, ASR: 2.0, TCB: {'PD_1': ['PD_2'], 'PD_2': ['PD_1']}, FR: {'PD_1,PD_2': inf}
  Computing metrics...
    RSI: {'PD_1,PD_2': 0.25}, ASR: 2.5, TCB: {'PD_1': ['PD_2'], 'PD_2': ['PD_1']}, FR: {'PD_1,PD_2': inf}
  Computing metrics...
    RSI: {'PD_1,PD_2': 0.3333333333333333}, ASR: 2.0, TCB: {'PD_1': ['PD_2'], 'PD_2': ['PD_1']}, FR: {'PD_1,PD_2': inf}
  Computing metrics...
    RSI: {'PD_1,PD_2': 0.25}, ASR: 2.5, TCB: {'PD_1': ['PD_2'], 'PD_2': ['PD_1']}, FR: {'PD_1,PD_2': inf}
  Computing metrics...
    RSI: {'PD_1,PD_2': 0.3333333333333333}, ASR: 2.0, TCB: {'PD_1': ['PD_2'], 'PD_2': ['PD_1']}, FR: {'PD_1,PD_2': inf}
  Computing metrics...
    RSI: {'PD_1,PD_2': 0.25}, ASR: 2.5, TCB: {'PD_1': ['PD_2'], 'PD_2': ['PD_1']}, FR: {'PD_1,PD_2': inf}
  Computing metrics...
    RSI: {'PD_1,PD_2': 0.3333333333333333}, ASR: 2.0, TCB: {'PD_1': ['PD_2'], 'PD_2': ['PD_1']}, FR: {'PD_1,PD_2': inf}
  Computing metrics...
    RSI: {'PD_1,PD_2': 0.3333333333333333}, ASR: 2.5, TCB: {'PD_1': ['PD_2'], 'PD_2': ['PD_1']}, FR: {'PD_1,PD_2': inf}
  Computing metrics...
    RSI: {'PD_1,PD_2': 0.3333333333333333}, ASR: 2.0, TCB: {'PD_1': ['PD_2'], 'PD_2': ['PD_1']}, FR: {'PD_1,PD_2': inf}
  Computing metrics...
    RSI: {'PD_1,PD_2': 0.3333333333333333}, ASR: 2.5, TCB: {'PD_1': ['PD_2'], 'PD_2': ['PD_1']}, FR: {'PD_1,PD_2': inf}
  Computing metrics...
    RSI: {'PD_1,PD_2': 0.3333333333333333}, ASR: 2.0, TCB: {'PD_1': ['PD_2'], 'PD_2': ['PD_1']}, FR: {'PD_1,PD_2': inf}
  Computing metrics...
    RSI: {'PD_1,PD_2': 0.3333333333333333}, ASR: 2.0, TCB: {'PD_1': ['PD_2'], 'PD_2': ['PD_1']}, FR: {'PD_1,PD_2': inf}
  Computing metrics...
    RSI: {'PD_1,PD_2': 0.3333333333333333}, ASR: 2.0, TCB: {'PD_1': ['PD_2'], 'PD_2': ['PD_1']}, FR: {'PD_1,PD_2': inf}
  Computing metrics...
    RSI: {'PD_1,PD_2': 0.3333333333333333}, ASR: 2.0, TCB: {'PD_1': ['PD_2'], 'PD_2': ['PD_1']}, FR: {'PD_1,PD_2': inf}
  Computing metrics...
    RSI: {'PD_1,PD_2': 0.3333333333333333}, ASR: 2.0, TCB: {'PD_1': ['PD_2'], 'PD_2': ['PD_1']}, FR: {'PD_1,PD_2': inf}
  Computing metrics...
    RSI: {'PD_1,PD_2': 0.3333333333333333}, ASR: 2.0, TCB: {'PD_1': ['PD_2'], 'PD_2': ['PD_1']}, FR: {'PD_1,PD_2': inf}
  Computing metrics...
    RSI: {'PD_1,PD_2': 0.3333333333333333}, ASR: 2.0, TCB: {'PD_1': ['PD_2'], 'PD_2': ['PD_1']}, FR: {'PD_1,PD_2': inf}
  Computing metrics...
    RSI: {'PD_1,PD_2': 0.3333333333333333}, ASR: 2.0, TCB: {'PD_1': ['PD_2'], 'PD_2': ['PD_1']}, FR: {'PD_1,PD_2': inf}
  Computing metrics...
    RSI: {'PD_1,PD_2': 0.3333333333333333}, ASR: 2.0, TCB: {'PD_1': ['PD_2'], 'PD_2': ['PD_1']}, FR: {'PD_1,PD_2': inf}
  Computing metrics...
    RSI: {'PD_1,PD_2': 0.3333333333333333}, ASR: 2.0, TCB: {'PD_1': ['PD_2'], 'PD_2': ['PD_1']}, FR: {'PD_1,PD_2': inf}
  Computing metrics...
    RSI: {'PD_1,PD_2': 0.3333333333333333}, ASR: 2.0, TCB: {'PD_1': ['PD_2'], 'PD_2': ['PD_1']}, FR: {'PD_1,PD_2': inf}
  Computing metrics...
    RSI: {'PD_1,PD_2': 0.3333333333333333}, ASR: 2.0, TCB: {'PD_1': ['PD_2'], 'PD_2': ['PD_1']}, FR: {'PD_1,PD_2': inf}
  Computing metrics...
    RSI: {'PD_1,PD_2': 0.3333333333333333}, ASR: 2.0, TCB: {'PD_1': ['PD_2'], 'PD_2': ['PD_1']}, FR: {'PD_1,PD_2': inf}
  Computing metrics...
    RSI: {'PD_1,PD_2': 0.3333333333333333}, ASR: 2.0, TCB: {'PD_1': ['PD_2'], 'PD_2': ['PD_1']}, FR: {'PD_1,PD_2': inf}
  🚫 Filtered out 0 'add_file_resource(create new CONFIG file in FILE_SPACE_1)' candidates (avoiding repetition)
  Trying best transition: primitive
    Target: create new CONFIG file in FILE_SPACE_1
    Predicted improvement: 0.700
    Considered 28 other option(s):
      1. primitive: create new DATABASE file in FILE_SPACE_1 (improvement: 0.700)
      2. primitive: create new TEMP file in FILE_SPACE_1 (improvement: 0.700)
      3. primitive: create new LOG file in FILE_SPACE_1 (improvement: 0.700)
      4. primitive: add new protection domain for system expansion (improvement: 0.544)
      5. primitive: remove FILE_1_3 (holders: 2) (improvement: 0.100)
      6. primitive: remove FILE_1_4 (holders: 0) (improvement: 0.100)
      7. primitive: remove FILE_1_5 (holders: 0) (improvement: 0.100)
      8. primitive: remove FILE_1_6 (holders: 0) (improvement: 0.100)
      9. primitive: remove FILE_1_7 (holders: 0) (improvement: 0.100)
      10. primitive: disconnect FILE_1_1 from FILE_SPACE_1 (improvement: 0.100)
      ... and 18 more
    ✅ Applied add_file_resource
  📋 Generated 29 candidate(s)
  Computing metrics...
    RSI: {'PD_1,PD_2': 0.3333333333333333}, ASR: 2.0, TCB: {'PD_1': ['PD_2'], 'PD_2': ['PD_1']}, FR: {'PD_1,PD_2': inf}
    ✅ Added candidate: add_file_resource (score: 0.700)
  Computing metrics...
    RSI: {'PD_1,PD_2': 0.3333333333333333}, ASR: 2.0, TCB: {'PD_1': ['PD_2'], 'PD_2': ['PD_1']}, FR: {'PD_1,PD_2': inf}
    ✅ Added candidate: add_file_resource (score: 0.700)

🌟 Expanding Beam[1] (score: 0.700)
  Computing metrics...
    RSI: {'PD_1,PD_2': 0.3333333333333333}, ASR: 2.0, TCB: {'PD_1': ['PD_2'], 'PD_2': ['PD_1']}, FR: {'PD_1,PD_2': inf}
    Goal not met: RSI[PD_1,PD_2]=0.333 > 0.3
  Computing metrics...
    RSI: {'PD_1,PD_2': 0.3333333333333333}, ASR: 2.0, TCB: {'PD_1': ['PD_2'], 'PD_2': ['PD_1']}, FR: {'PD_1,PD_2': inf}
  Computing metrics...
    RSI: {'PD_1,PD_2': 0.3333333333333333, 'PD_1,PD_3': 0.0, 'PD_2,PD_3': 0.0}, ASR: 1.3333333333333333, TCB: {'PD_1': ['PD_2'], 'PD_2': ['PD_1'], 'PD_3': []}, FR: {'PD_1,PD_2': inf, 'PD_1,PD_3': inf, 'PD_2,PD_3': inf}
  Computing metrics...
    RSI: {'PD_1,PD_2': 0.3333333333333333}, ASR: 2.0, TCB: {'PD_1': ['PD_2'], 'PD_2': ['PD_1']}, FR: {'PD_1,PD_2': inf}
  Computing metrics...
    RSI: {'PD_1,PD_2': 0.3333333333333333}, ASR: 2.0, TCB: {'PD_1': ['PD_2'], 'PD_2': ['PD_1']}, FR: {'PD_1,PD_2': inf}
  Computing metrics...
    RSI: {'PD_1,PD_2': 0.3333333333333333}, ASR: 2.0, TCB: {'PD_1': ['PD_2'], 'PD_2': ['PD_1']}, FR: {'PD_1,PD_2': inf}
  Computing metrics...
    RSI: {'PD_1,PD_2': 0.3333333333333333}, ASR: 2.0, TCB: {'PD_1': ['PD_2'], 'PD_2': ['PD_1']}, FR: {'PD_1,PD_2': inf}
  Computing metrics...
    RSI: {'PD_1,PD_2': 0.3333333333333333}, ASR: 2.0, TCB: {'PD_1': ['PD_2'], 'PD_2': ['PD_1']}, FR: {'PD_1,PD_2': inf}
  Computing metrics...
    RSI: {'PD_1,PD_2': 0.3333333333333333}, ASR: 2.0, TCB: {'PD_1': ['PD_2'], 'PD_2': ['PD_1']}, FR: {'PD_1,PD_2': inf}
  Computing metrics...
    RSI: {'PD_1,PD_2': 0.3333333333333333}, ASR: 2.0, TCB: {'PD_1': ['PD_2'], 'PD_2': ['PD_1']}, FR: {'PD_1,PD_2': inf}
  Computing metrics...
    RSI: {'PD_1,PD_2': 0.3333333333333333}, ASR: 2.0, TCB: {'PD_1': ['PD_2'], 'PD_2': ['PD_1']}, FR: {'PD_1,PD_2': inf}
  Computing metrics...
    RSI: {'PD_1,PD_2': 0.3333333333333333}, ASR: 2.0, TCB: {'PD_1': ['PD_2'], 'PD_2': ['PD_1']}, FR: {'PD_1,PD_2': inf}
  Computing metrics...
    RSI: {'PD_1,PD_2': 0.3333333333333333}, ASR: 2.0, TCB: {'PD_1': ['PD_2'], 'PD_2': ['PD_1']}, FR: {'PD_1,PD_2': inf}
  Computing metrics...
    RSI: {'PD_1,PD_2': 0.3333333333333333}, ASR: 2.0, TCB: {'PD_1': ['PD_2'], 'PD_2': ['PD_1']}, FR: {'PD_1,PD_2': inf}
  Computing metrics...
    RSI: {'PD_1,PD_2': 0.3333333333333333}, ASR: 2.0, TCB: {'PD_1': ['PD_2'], 'PD_2': ['PD_1']}, FR: {'PD_1,PD_2': inf}
  Computing metrics...
    RSI: {'PD_1,PD_2': 0.3333333333333333}, ASR: 2.0, TCB: {'PD_1': ['PD_2'], 'PD_2': ['PD_1']}, FR: {'PD_1,PD_2': inf}
  Computing metrics...
    RSI: {'PD_1,PD_2': 0.3333333333333333}, ASR: 2.0, TCB: {'PD_1': ['PD_2'], 'PD_2': ['PD_1']}, FR: {'PD_1,PD_2': inf}
  Computing metrics...
    RSI: {'PD_1,PD_2': 0.3333333333333333}, ASR: 2.0, TCB: {'PD_1': ['PD_2'], 'PD_2': ['PD_1']}, FR: {'PD_1,PD_2': inf}
  Computing metrics...
    RSI: {'PD_1,PD_2': 0.3333333333333333}, ASR: 2.0, TCB: {'PD_1': ['PD_2'], 'PD_2': ['PD_1']}, FR: {'PD_1,PD_2': inf}
  Computing metrics...
    RSI: {'PD_1,PD_2': 0.3333333333333333}, ASR: 2.0, TCB: {'PD_1': ['PD_2'], 'PD_2': ['PD_1']}, FR: {'PD_1,PD_2': inf}
  Computing metrics...
    RSI: {'PD_1,PD_2': 0.3333333333333333}, ASR: 2.0, TCB: {'PD_1': ['PD_2'], 'PD_2': ['PD_1']}, FR: {'PD_1,PD_2': inf}
  Computing metrics...
    RSI: {'PD_1,PD_2': 0.3333333333333333}, ASR: 2.0, TCB: {'PD_1': ['PD_2'], 'PD_2': ['PD_1']}, FR: {'PD_1,PD_2': inf}
  Computing metrics...
    RSI: {'PD_1,PD_2': 0.6666666666666666}, ASR: 2.5, TCB: {'PD_1': ['PD_2'], 'PD_2': ['PD_1']}, FR: {'PD_1,PD_2': inf}
  Computing metrics...
    RSI: {'PD_1,PD_2': 0.3333333333333333}, ASR: 2.0, TCB: {'PD_1': ['PD_2'], 'PD_2': ['PD_1']}, FR: {'PD_1,PD_2': inf}
  Computing metrics...
    RSI: {'PD_1,PD_2': 0.25}, ASR: 2.5, TCB: {'PD_1': ['PD_2'], 'PD_2': ['PD_1']}, FR: {'PD_1,PD_2': inf}
  Computing metrics...
    RSI: {'PD_1,PD_2': 0.3333333333333333}, ASR: 2.0, TCB: {'PD_1': ['PD_2'], 'PD_2': ['PD_1']}, FR: {'PD_1,PD_2': inf}
  Computing metrics...
    RSI: {'PD_1,PD_2': 0.25}, ASR: 2.5, TCB: {'PD_1': ['PD_2'], 'PD_2': ['PD_1']}, FR: {'PD_1,PD_2': inf}
  Computing metrics...
    RSI: {'PD_1,PD_2': 0.3333333333333333}, ASR: 2.0, TCB: {'PD_1': ['PD_2'], 'PD_2': ['PD_1']}, FR: {'PD_1,PD_2': inf}
  Computing metrics...
    RSI: {'PD_1,PD_2': 0.25}, ASR: 2.5, TCB: {'PD_1': ['PD_2'], 'PD_2': ['PD_1']}, FR: {'PD_1,PD_2': inf}
  Computing metrics...
    RSI: {'PD_1,PD_2': 0.3333333333333333}, ASR: 2.0, TCB: {'PD_1': ['PD_2'], 'PD_2': ['PD_1']}, FR: {'PD_1,PD_2': inf}
  Computing metrics...
    RSI: {'PD_1,PD_2': 0.25}, ASR: 2.5, TCB: {'PD_1': ['PD_2'], 'PD_2': ['PD_1']}, FR: {'PD_1,PD_2': inf}
  Computing metrics...
    RSI: {'PD_1,PD_2': 0.3333333333333333}, ASR: 2.0, TCB: {'PD_1': ['PD_2'], 'PD_2': ['PD_1']}, FR: {'PD_1,PD_2': inf}
  Computing metrics...
    RSI: {'PD_1,PD_2': 0.6666666666666666}, ASR: 2.5, TCB: {'PD_1': ['PD_2'], 'PD_2': ['PD_1']}, FR: {'PD_1,PD_2': inf}
  Computing metrics...
    RSI: {'PD_1,PD_2': 0.3333333333333333}, ASR: 2.0, TCB: {'PD_1': ['PD_2'], 'PD_2': ['PD_1']}, FR: {'PD_1,PD_2': inf}
  Computing metrics...
    RSI: {'PD_1,PD_2': 0.25}, ASR: 2.5, TCB: {'PD_1': ['PD_2'], 'PD_2': ['PD_1']}, FR: {'PD_1,PD_2': inf}
  Computing metrics...
    RSI: {'PD_1,PD_2': 0.3333333333333333}, ASR: 2.0, TCB: {'PD_1': ['PD_2'], 'PD_2': ['PD_1']}, FR: {'PD_1,PD_2': inf}
  Computing metrics...
    RSI: {'PD_1,PD_2': 0.25}, ASR: 2.5, TCB: {'PD_1': ['PD_2'], 'PD_2': ['PD_1']}, FR: {'PD_1,PD_2': inf}
  Computing metrics...
    RSI: {'PD_1,PD_2': 0.3333333333333333}, ASR: 2.0, TCB: {'PD_1': ['PD_2'], 'PD_2': ['PD_1']}, FR: {'PD_1,PD_2': inf}
  Computing metrics...
    RSI: {'PD_1,PD_2': 0.25}, ASR: 2.5, TCB: {'PD_1': ['PD_2'], 'PD_2': ['PD_1']}, FR: {'PD_1,PD_2': inf}
  Computing metrics...
    RSI: {'PD_1,PD_2': 0.3333333333333333}, ASR: 2.0, TCB: {'PD_1': ['PD_2'], 'PD_2': ['PD_1']}, FR: {'PD_1,PD_2': inf}
  Computing metrics...
    RSI: {'PD_1,PD_2': 0.25}, ASR: 2.5, TCB: {'PD_1': ['PD_2'], 'PD_2': ['PD_1']}, FR: {'PD_1,PD_2': inf}
  Computing metrics...
    RSI: {'PD_1,PD_2': 0.3333333333333333}, ASR: 2.0, TCB: {'PD_1': ['PD_2'], 'PD_2': ['PD_1']}, FR: {'PD_1,PD_2': inf}
  Computing metrics...
    RSI: {'PD_1,PD_2': 0.3333333333333333}, ASR: 2.5, TCB: {'PD_1': ['PD_2'], 'PD_2': ['PD_1']}, FR: {'PD_1,PD_2': inf}
  Computing metrics...
    RSI: {'PD_1,PD_2': 0.3333333333333333}, ASR: 2.0, TCB: {'PD_1': ['PD_2'], 'PD_2': ['PD_1']}, FR: {'PD_1,PD_2': inf}
  Computing metrics...
    RSI: {'PD_1,PD_2': 0.3333333333333333}, ASR: 2.5, TCB: {'PD_1': ['PD_2'], 'PD_2': ['PD_1']}, FR: {'PD_1,PD_2': inf}
  Computing metrics...
    RSI: {'PD_1,PD_2': 0.3333333333333333}, ASR: 2.0, TCB: {'PD_1': ['PD_2'], 'PD_2': ['PD_1']}, FR: {'PD_1,PD_2': inf}
  Computing metrics...
    RSI: {'PD_1,PD_2': 0.3333333333333333}, ASR: 2.0, TCB: {'PD_1': ['PD_2'], 'PD_2': ['PD_1']}, FR: {'PD_1,PD_2': inf}
  Computing metrics...
    RSI: {'PD_1,PD_2': 0.3333333333333333}, ASR: 2.0, TCB: {'PD_1': ['PD_2'], 'PD_2': ['PD_1']}, FR: {'PD_1,PD_2': inf}
  Computing metrics...
    RSI: {'PD_1,PD_2': 0.3333333333333333}, ASR: 2.0, TCB: {'PD_1': ['PD_2'], 'PD_2': ['PD_1']}, FR: {'PD_1,PD_2': inf}
  Computing metrics...
    RSI: {'PD_1,PD_2': 0.3333333333333333}, ASR: 2.0, TCB: {'PD_1': ['PD_2'], 'PD_2': ['PD_1']}, FR: {'PD_1,PD_2': inf}
  Computing metrics...
    RSI: {'PD_1,PD_2': 0.3333333333333333}, ASR: 2.0, TCB: {'PD_1': ['PD_2'], 'PD_2': ['PD_1']}, FR: {'PD_1,PD_2': inf}
  Computing metrics...
    RSI: {'PD_1,PD_2': 0.3333333333333333}, ASR: 2.0, TCB: {'PD_1': ['PD_2'], 'PD_2': ['PD_1']}, FR: {'PD_1,PD_2': inf}
  Computing metrics...
    RSI: {'PD_1,PD_2': 0.3333333333333333}, ASR: 2.0, TCB: {'PD_1': ['PD_2'], 'PD_2': ['PD_1']}, FR: {'PD_1,PD_2': inf}
  Computing metrics...
    RSI: {'PD_1,PD_2': 0.3333333333333333}, ASR: 2.0, TCB: {'PD_1': ['PD_2'], 'PD_2': ['PD_1']}, FR: {'PD_1,PD_2': inf}
  Computing metrics...
    RSI: {'PD_1,PD_2': 0.3333333333333333}, ASR: 2.0, TCB: {'PD_1': ['PD_2'], 'PD_2': ['PD_1']}, FR: {'PD_1,PD_2': inf}
  Computing metrics...
    RSI: {'PD_1,PD_2': 0.3333333333333333}, ASR: 2.0, TCB: {'PD_1': ['PD_2'], 'PD_2': ['PD_1']}, FR: {'PD_1,PD_2': inf}
  Computing metrics...
    RSI: {'PD_1,PD_2': 0.3333333333333333}, ASR: 2.0, TCB: {'PD_1': ['PD_2'], 'PD_2': ['PD_1']}, FR: {'PD_1,PD_2': inf}
  Computing metrics...
    RSI: {'PD_1,PD_2': 0.3333333333333333}, ASR: 2.0, TCB: {'PD_1': ['PD_2'], 'PD_2': ['PD_1']}, FR: {'PD_1,PD_2': inf}
  Computing metrics...
    RSI: {'PD_1,PD_2': 0.3333333333333333}, ASR: 2.0, TCB: {'PD_1': ['PD_2'], 'PD_2': ['PD_1']}, FR: {'PD_1,PD_2': inf}
  🚫 Filtered out 0 'add_file_resource(create new DATABASE file in FILE_SPACE_1)' candidates (avoiding repetition)
  Trying best transition: primitive
    Target: create new CONFIG file in FILE_SPACE_1
    Predicted improvement: 0.700
    Considered 28 other option(s):
      1. primitive: create new DATABASE file in FILE_SPACE_1 (improvement: 0.700)
      2. primitive: create new TEMP file in FILE_SPACE_1 (improvement: 0.700)
      3. primitive: create new LOG file in FILE_SPACE_1 (improvement: 0.700)
      4. primitive: add new protection domain for system expansion (improvement: 0.544)
      5. primitive: remove FILE_1_3 (holders: 2) (improvement: 0.100)
      6. primitive: remove FILE_1_4 (holders: 0) (improvement: 0.100)
      7. primitive: remove FILE_1_5 (holders: 0) (improvement: 0.100)
      8. primitive: remove FILE_1_6 (holders: 0) (improvement: 0.100)
      9. primitive: remove FILE_1_7 (holders: 0) (improvement: 0.100)
      10. primitive: disconnect FILE_1_1 from FILE_SPACE_1 (improvement: 0.100)
      ... and 18 more
    ✅ Applied add_file_resource
  📋 Generated 29 candidate(s)
  Computing metrics...
    RSI: {'PD_1,PD_2': 0.3333333333333333}, ASR: 2.0, TCB: {'PD_1': ['PD_2'], 'PD_2': ['PD_1']}, FR: {'PD_1,PD_2': inf}
    ✅ Added candidate: add_file_resource (score: 0.700)
  Computing metrics...
    RSI: {'PD_1,PD_2': 0.3333333333333333}, ASR: 2.0, TCB: {'PD_1': ['PD_2'], 'PD_2': ['PD_1']}, FR: {'PD_1,PD_2': inf}
    ✅ Added candidate: add_file_resource (score: 0.700)

🌟 Expanding Beam[2] (score: 0.700)
  Computing metrics...
    RSI: {'PD_1,PD_2': 0.3333333333333333}, ASR: 2.0, TCB: {'PD_1': ['PD_2'], 'PD_2': ['PD_1']}, FR: {'PD_1,PD_2': inf}
    Goal not met: RSI[PD_1,PD_2]=0.333 > 0.3
  Computing metrics...
    RSI: {'PD_1,PD_2': 0.3333333333333333}, ASR: 2.0, TCB: {'PD_1': ['PD_2'], 'PD_2': ['PD_1']}, FR: {'PD_1,PD_2': inf}
  Computing metrics...
    RSI: {'PD_1,PD_2': 0.3333333333333333, 'PD_1,PD_3': 0.0, 'PD_2,PD_3': 0.0}, ASR: 1.3333333333333333, TCB: {'PD_1': ['PD_2'], 'PD_2': ['PD_1'], 'PD_3': []}, FR: {'PD_1,PD_2': inf, 'PD_1,PD_3': inf, 'PD_2,PD_3': inf}
  Computing metrics...
    RSI: {'PD_1,PD_2': 0.3333333333333333}, ASR: 2.0, TCB: {'PD_1': ['PD_2'], 'PD_2': ['PD_1']}, FR: {'PD_1,PD_2': inf}
  Computing metrics...
    RSI: {'PD_1,PD_2': 0.3333333333333333}, ASR: 2.0, TCB: {'PD_1': ['PD_2'], 'PD_2': ['PD_1']}, FR: {'PD_1,PD_2': inf}
  Computing metrics...
    RSI: {'PD_1,PD_2': 0.3333333333333333}, ASR: 2.0, TCB: {'PD_1': ['PD_2'], 'PD_2': ['PD_1']}, FR: {'PD_1,PD_2': inf}
  Computing metrics...
    RSI: {'PD_1,PD_2': 0.3333333333333333}, ASR: 2.0, TCB: {'PD_1': ['PD_2'], 'PD_2': ['PD_1']}, FR: {'PD_1,PD_2': inf}
  Computing metrics...
    RSI: {'PD_1,PD_2': 0.3333333333333333}, ASR: 2.0, TCB: {'PD_1': ['PD_2'], 'PD_2': ['PD_1']}, FR: {'PD_1,PD_2': inf}
  Computing metrics...
    RSI: {'PD_1,PD_2': 0.3333333333333333}, ASR: 2.0, TCB: {'PD_1': ['PD_2'], 'PD_2': ['PD_1']}, FR: {'PD_1,PD_2': inf}
  Computing metrics...
    RSI: {'PD_1,PD_2': 0.3333333333333333}, ASR: 2.0, TCB: {'PD_1': ['PD_2'], 'PD_2': ['PD_1']}, FR: {'PD_1,PD_2': inf}
  Computing metrics...
    RSI: {'PD_1,PD_2': 0.3333333333333333}, ASR: 2.0, TCB: {'PD_1': ['PD_2'], 'PD_2': ['PD_1']}, FR: {'PD_1,PD_2': inf}
  Computing metrics...
    RSI: {'PD_1,PD_2': 0.3333333333333333}, ASR: 2.0, TCB: {'PD_1': ['PD_2'], 'PD_2': ['PD_1']}, FR: {'PD_1,PD_2': inf}
  Computing metrics...
    RSI: {'PD_1,PD_2': 0.3333333333333333}, ASR: 2.0, TCB: {'PD_1': ['PD_2'], 'PD_2': ['PD_1']}, FR: {'PD_1,PD_2': inf}
  Computing metrics...
    RSI: {'PD_1,PD_2': 0.3333333333333333}, ASR: 2.0, TCB: {'PD_1': ['PD_2'], 'PD_2': ['PD_1']}, FR: {'PD_1,PD_2': inf}
  Computing metrics...
    RSI: {'PD_1,PD_2': 0.3333333333333333}, ASR: 2.0, TCB: {'PD_1': ['PD_2'], 'PD_2': ['PD_1']}, FR: {'PD_1,PD_2': inf}
  Computing metrics...
    RSI: {'PD_1,PD_2': 0.3333333333333333}, ASR: 2.0, TCB: {'PD_1': ['PD_2'], 'PD_2': ['PD_1']}, FR: {'PD_1,PD_2': inf}
  Computing metrics...
    RSI: {'PD_1,PD_2': 0.3333333333333333}, ASR: 2.0, TCB: {'PD_1': ['PD_2'], 'PD_2': ['PD_1']}, FR: {'PD_1,PD_2': inf}
  Computing metrics...
    RSI: {'PD_1,PD_2': 0.3333333333333333}, ASR: 2.0, TCB: {'PD_1': ['PD_2'], 'PD_2': ['PD_1']}, FR: {'PD_1,PD_2': inf}
  Computing metrics...
    RSI: {'PD_1,PD_2': 0.3333333333333333}, ASR: 2.0, TCB: {'PD_1': ['PD_2'], 'PD_2': ['PD_1']}, FR: {'PD_1,PD_2': inf}
  Computing metrics...
    RSI: {'PD_1,PD_2': 0.3333333333333333}, ASR: 2.0, TCB: {'PD_1': ['PD_2'], 'PD_2': ['PD_1']}, FR: {'PD_1,PD_2': inf}
  Computing metrics...
    RSI: {'PD_1,PD_2': 0.3333333333333333}, ASR: 2.0, TCB: {'PD_1': ['PD_2'], 'PD_2': ['PD_1']}, FR: {'PD_1,PD_2': inf}
  Computing metrics...
    RSI: {'PD_1,PD_2': 0.3333333333333333}, ASR: 2.0, TCB: {'PD_1': ['PD_2'], 'PD_2': ['PD_1']}, FR: {'PD_1,PD_2': inf}
  Computing metrics...
    RSI: {'PD_1,PD_2': 0.6666666666666666}, ASR: 2.5, TCB: {'PD_1': ['PD_2'], 'PD_2': ['PD_1']}, FR: {'PD_1,PD_2': inf}
  Computing metrics...
    RSI: {'PD_1,PD_2': 0.3333333333333333}, ASR: 2.0, TCB: {'PD_1': ['PD_2'], 'PD_2': ['PD_1']}, FR: {'PD_1,PD_2': inf}
  Computing metrics...
    RSI: {'PD_1,PD_2': 0.25}, ASR: 2.5, TCB: {'PD_1': ['PD_2'], 'PD_2': ['PD_1']}, FR: {'PD_1,PD_2': inf}
  Computing metrics...
    RSI: {'PD_1,PD_2': 0.3333333333333333}, ASR: 2.0, TCB: {'PD_1': ['PD_2'], 'PD_2': ['PD_1']}, FR: {'PD_1,PD_2': inf}
  Computing metrics...
    RSI: {'PD_1,PD_2': 0.25}, ASR: 2.5, TCB: {'PD_1': ['PD_2'], 'PD_2': ['PD_1']}, FR: {'PD_1,PD_2': inf}
  Computing metrics...
    RSI: {'PD_1,PD_2': 0.3333333333333333}, ASR: 2.0, TCB: {'PD_1': ['PD_2'], 'PD_2': ['PD_1']}, FR: {'PD_1,PD_2': inf}
  Computing metrics...
    RSI: {'PD_1,PD_2': 0.25}, ASR: 2.5, TCB: {'PD_1': ['PD_2'], 'PD_2': ['PD_1']}, FR: {'PD_1,PD_2': inf}
  Computing metrics...
    RSI: {'PD_1,PD_2': 0.3333333333333333}, ASR: 2.0, TCB: {'PD_1': ['PD_2'], 'PD_2': ['PD_1']}, FR: {'PD_1,PD_2': inf}
  Computing metrics...
    RSI: {'PD_1,PD_2': 0.25}, ASR: 2.5, TCB: {'PD_1': ['PD_2'], 'PD_2': ['PD_1']}, FR: {'PD_1,PD_2': inf}
  Computing metrics...
    RSI: {'PD_1,PD_2': 0.3333333333333333}, ASR: 2.0, TCB: {'PD_1': ['PD_2'], 'PD_2': ['PD_1']}, FR: {'PD_1,PD_2': inf}
  Computing metrics...
    RSI: {'PD_1,PD_2': 0.6666666666666666}, ASR: 2.5, TCB: {'PD_1': ['PD_2'], 'PD_2': ['PD_1']}, FR: {'PD_1,PD_2': inf}
  Computing metrics...
    RSI: {'PD_1,PD_2': 0.3333333333333333}, ASR: 2.0, TCB: {'PD_1': ['PD_2'], 'PD_2': ['PD_1']}, FR: {'PD_1,PD_2': inf}
  Computing metrics...
    RSI: {'PD_1,PD_2': 0.25}, ASR: 2.5, TCB: {'PD_1': ['PD_2'], 'PD_2': ['PD_1']}, FR: {'PD_1,PD_2': inf}
  Computing metrics...
    RSI: {'PD_1,PD_2': 0.3333333333333333}, ASR: 2.0, TCB: {'PD_1': ['PD_2'], 'PD_2': ['PD_1']}, FR: {'PD_1,PD_2': inf}
  Computing metrics...
    RSI: {'PD_1,PD_2': 0.25}, ASR: 2.5, TCB: {'PD_1': ['PD_2'], 'PD_2': ['PD_1']}, FR: {'PD_1,PD_2': inf}
  Computing metrics...
    RSI: {'PD_1,PD_2': 0.3333333333333333}, ASR: 2.0, TCB: {'PD_1': ['PD_2'], 'PD_2': ['PD_1']}, FR: {'PD_1,PD_2': inf}
  Computing metrics...
    RSI: {'PD_1,PD_2': 0.25}, ASR: 2.5, TCB: {'PD_1': ['PD_2'], 'PD_2': ['PD_1']}, FR: {'PD_1,PD_2': inf}
  Computing metrics...
    RSI: {'PD_1,PD_2': 0.3333333333333333}, ASR: 2.0, TCB: {'PD_1': ['PD_2'], 'PD_2': ['PD_1']}, FR: {'PD_1,PD_2': inf}
  Computing metrics...
    RSI: {'PD_1,PD_2': 0.25}, ASR: 2.5, TCB: {'PD_1': ['PD_2'], 'PD_2': ['PD_1']}, FR: {'PD_1,PD_2': inf}
  Computing metrics...
    RSI: {'PD_1,PD_2': 0.3333333333333333}, ASR: 2.0, TCB: {'PD_1': ['PD_2'], 'PD_2': ['PD_1']}, FR: {'PD_1,PD_2': inf}
  Computing metrics...
    RSI: {'PD_1,PD_2': 0.3333333333333333}, ASR: 2.5, TCB: {'PD_1': ['PD_2'], 'PD_2': ['PD_1']}, FR: {'PD_1,PD_2': inf}
  Computing metrics...
    RSI: {'PD_1,PD_2': 0.3333333333333333}, ASR: 2.0, TCB: {'PD_1': ['PD_2'], 'PD_2': ['PD_1']}, FR: {'PD_1,PD_2': inf}
  Computing metrics...
    RSI: {'PD_1,PD_2': 0.3333333333333333}, ASR: 2.5, TCB: {'PD_1': ['PD_2'], 'PD_2': ['PD_1']}, FR: {'PD_1,PD_2': inf}
  Computing metrics...
    RSI: {'PD_1,PD_2': 0.3333333333333333}, ASR: 2.0, TCB: {'PD_1': ['PD_2'], 'PD_2': ['PD_1']}, FR: {'PD_1,PD_2': inf}
  Computing metrics...
    RSI: {'PD_1,PD_2': 0.3333333333333333}, ASR: 2.0, TCB: {'PD_1': ['PD_2'], 'PD_2': ['PD_1']}, FR: {'PD_1,PD_2': inf}
  Computing metrics...
    RSI: {'PD_1,PD_2': 0.3333333333333333}, ASR: 2.0, TCB: {'PD_1': ['PD_2'], 'PD_2': ['PD_1']}, FR: {'PD_1,PD_2': inf}
  Computing metrics...
    RSI: {'PD_1,PD_2': 0.3333333333333333}, ASR: 2.0, TCB: {'PD_1': ['PD_2'], 'PD_2': ['PD_1']}, FR: {'PD_1,PD_2': inf}
  Computing metrics...
    RSI: {'PD_1,PD_2': 0.3333333333333333}, ASR: 2.0, TCB: {'PD_1': ['PD_2'], 'PD_2': ['PD_1']}, FR: {'PD_1,PD_2': inf}
  Computing metrics...
    RSI: {'PD_1,PD_2': 0.3333333333333333}, ASR: 2.0, TCB: {'PD_1': ['PD_2'], 'PD_2': ['PD_1']}, FR: {'PD_1,PD_2': inf}
  Computing metrics...
    RSI: {'PD_1,PD_2': 0.3333333333333333}, ASR: 2.0, TCB: {'PD_1': ['PD_2'], 'PD_2': ['PD_1']}, FR: {'PD_1,PD_2': inf}
  Computing metrics...
    RSI: {'PD_1,PD_2': 0.3333333333333333}, ASR: 2.0, TCB: {'PD_1': ['PD_2'], 'PD_2': ['PD_1']}, FR: {'PD_1,PD_2': inf}
  Computing metrics...
    RSI: {'PD_1,PD_2': 0.3333333333333333}, ASR: 2.0, TCB: {'PD_1': ['PD_2'], 'PD_2': ['PD_1']}, FR: {'PD_1,PD_2': inf}
  Computing metrics...
    RSI: {'PD_1,PD_2': 0.3333333333333333}, ASR: 2.0, TCB: {'PD_1': ['PD_2'], 'PD_2': ['PD_1']}, FR: {'PD_1,PD_2': inf}
  Computing metrics...
    RSI: {'PD_1,PD_2': 0.3333333333333333}, ASR: 2.0, TCB: {'PD_1': ['PD_2'], 'PD_2': ['PD_1']}, FR: {'PD_1,PD_2': inf}
  Computing metrics...
    RSI: {'PD_1,PD_2': 0.3333333333333333}, ASR: 2.0, TCB: {'PD_1': ['PD_2'], 'PD_2': ['PD_1']}, FR: {'PD_1,PD_2': inf}
  Computing metrics...
    RSI: {'PD_1,PD_2': 0.3333333333333333}, ASR: 2.0, TCB: {'PD_1': ['PD_2'], 'PD_2': ['PD_1']}, FR: {'PD_1,PD_2': inf}
  Computing metrics...
    RSI: {'PD_1,PD_2': 0.3333333333333333}, ASR: 2.0, TCB: {'PD_1': ['PD_2'], 'PD_2': ['PD_1']}, FR: {'PD_1,PD_2': inf}
  🚫 Filtered out 0 'add_file_resource(create new CONFIG file in FILE_SPACE_1)' candidates (avoiding repetition)
  Trying best transition: primitive
    Target: create new CONFIG file in FILE_SPACE_1
    Predicted improvement: 0.700
    Considered 28 other option(s):
      1. primitive: create new DATABASE file in FILE_SPACE_1 (improvement: 0.700)
      2. primitive: create new TEMP file in FILE_SPACE_1 (improvement: 0.700)
      3. primitive: create new LOG file in FILE_SPACE_1 (improvement: 0.700)
      4. primitive: add new protection domain for system expansion (improvement: 0.544)
      5. primitive: remove FILE_1_3 (holders: 2) (improvement: 0.100)
      6. primitive: remove FILE_1_4 (holders: 0) (improvement: 0.100)
      7. primitive: remove FILE_1_5 (holders: 0) (improvement: 0.100)
      8. primitive: remove FILE_1_6 (holders: 0) (improvement: 0.100)
      9. primitive: remove FILE_1_7 (holders: 0) (improvement: 0.100)
      10. primitive: disconnect FILE_1_1 from FILE_SPACE_1 (improvement: 0.100)
      ... and 18 more
    ✅ Applied add_file_resource
  📋 Generated 29 candidate(s)
  Computing metrics...
    RSI: {'PD_1,PD_2': 0.3333333333333333}, ASR: 2.0, TCB: {'PD_1': ['PD_2'], 'PD_2': ['PD_1']}, FR: {'PD_1,PD_2': inf}
    ✅ Added candidate: add_file_resource (score: 0.700)
  Computing metrics...
    RSI: {'PD_1,PD_2': 0.3333333333333333}, ASR: 2.0, TCB: {'PD_1': ['PD_2'], 'PD_2': ['PD_1']}, FR: {'PD_1,PD_2': inf}
    ✅ Added candidate: add_file_resource (score: 0.700)

📊 Next beam (3 states):
  Beam[0]: BeamState(iter=5, score=0.700, path=add_file_resource(create new CONFIG file in FILE_SPACE_1) → add_file_resource(create new CONFIG file in FILE_SPACE_1) → add_file_resource(create new CONFIG file in FILE_SPACE_1))
  Beam[1]: BeamState(iter=5, score=0.700, path=add_file_resource(create new CONFIG file in FILE_SPACE_1) → add_file_resource(create new CONFIG file in FILE_SPACE_1) → add_file_resource(create new DATABASE file in FILE_SPACE_1))
  Beam[2]: BeamState(iter=5, score=0.700, path=add_file_resource(create new CONFIG file in FILE_SPACE_1) → add_file_resource(create new DATABASE file in FILE_SPACE_1) → add_file_resource(create new CONFIG file in FILE_SPACE_1))
💡 Total candidates generated: 6
🎯 Mechanisms discovered so far: 0

============================================================
🔍 Beam Search Iteration 6/8
📊 Current beam size: 3
  Beam[0]: BeamState(iter=5, score=0.700, path=add_file_resource(create new CONFIG file in FILE_SPACE_1) → add_file_resource(create new CONFIG file in FILE_SPACE_1) → add_file_resource(create new CONFIG file in FILE_SPACE_1))
  Beam[1]: BeamState(iter=5, score=0.700, path=add_file_resource(create new CONFIG file in FILE_SPACE_1) → add_file_resource(create new CONFIG file in FILE_SPACE_1) → add_file_resource(create new DATABASE file in FILE_SPACE_1))
  Beam[2]: BeamState(iter=5, score=0.700, path=add_file_resource(create new CONFIG file in FILE_SPACE_1) → add_file_resource(create new DATABASE file in FILE_SPACE_1) → add_file_resource(create new CONFIG file in FILE_SPACE_1))

🌟 Expanding Beam[0] (score: 0.700)
  Computing metrics...
    RSI: {'PD_1,PD_2': 0.3333333333333333}, ASR: 2.0, TCB: {'PD_1': ['PD_2'], 'PD_2': ['PD_1']}, FR: {'PD_1,PD_2': inf}
    Goal not met: RSI[PD_1,PD_2]=0.333 > 0.3
  Computing metrics...
    RSI: {'PD_1,PD_2': 0.3333333333333333}, ASR: 2.0, TCB: {'PD_1': ['PD_2'], 'PD_2': ['PD_1']}, FR: {'PD_1,PD_2': inf}
  Computing metrics...
    RSI: {'PD_1,PD_2': 0.3333333333333333, 'PD_1,PD_3': 0.0, 'PD_2,PD_3': 0.0}, ASR: 1.3333333333333333, TCB: {'PD_1': ['PD_2'], 'PD_2': ['PD_1'], 'PD_3': []}, FR: {'PD_1,PD_2': inf, 'PD_1,PD_3': inf, 'PD_2,PD_3': inf}
  Computing metrics...
    RSI: {'PD_1,PD_2': 0.3333333333333333}, ASR: 2.0, TCB: {'PD_1': ['PD_2'], 'PD_2': ['PD_1']}, FR: {'PD_1,PD_2': inf}
  Computing metrics...
    RSI: {'PD_1,PD_2': 0.3333333333333333}, ASR: 2.0, TCB: {'PD_1': ['PD_2'], 'PD_2': ['PD_1']}, FR: {'PD_1,PD_2': inf}
  Computing metrics...
    RSI: {'PD_1,PD_2': 0.3333333333333333}, ASR: 2.0, TCB: {'PD_1': ['PD_2'], 'PD_2': ['PD_1']}, FR: {'PD_1,PD_2': inf}
  Computing metrics...
    RSI: {'PD_1,PD_2': 0.3333333333333333}, ASR: 2.0, TCB: {'PD_1': ['PD_2'], 'PD_2': ['PD_1']}, FR: {'PD_1,PD_2': inf}
  Computing metrics...
    RSI: {'PD_1,PD_2': 0.3333333333333333}, ASR: 2.0, TCB: {'PD_1': ['PD_2'], 'PD_2': ['PD_1']}, FR: {'PD_1,PD_2': inf}
  Computing metrics...
    RSI: {'PD_1,PD_2': 0.3333333333333333}, ASR: 2.0, TCB: {'PD_1': ['PD_2'], 'PD_2': ['PD_1']}, FR: {'PD_1,PD_2': inf}
  Computing metrics...
    RSI: {'PD_1,PD_2': 0.3333333333333333}, ASR: 2.0, TCB: {'PD_1': ['PD_2'], 'PD_2': ['PD_1']}, FR: {'PD_1,PD_2': inf}
  Computing metrics...
    RSI: {'PD_1,PD_2': 0.3333333333333333}, ASR: 2.0, TCB: {'PD_1': ['PD_2'], 'PD_2': ['PD_1']}, FR: {'PD_1,PD_2': inf}
  Computing metrics...
    RSI: {'PD_1,PD_2': 0.3333333333333333}, ASR: 2.0, TCB: {'PD_1': ['PD_2'], 'PD_2': ['PD_1']}, FR: {'PD_1,PD_2': inf}
  Computing metrics...
    RSI: {'PD_1,PD_2': 0.3333333333333333}, ASR: 2.0, TCB: {'PD_1': ['PD_2'], 'PD_2': ['PD_1']}, FR: {'PD_1,PD_2': inf}
  Computing metrics...
    RSI: {'PD_1,PD_2': 0.3333333333333333}, ASR: 2.0, TCB: {'PD_1': ['PD_2'], 'PD_2': ['PD_1']}, FR: {'PD_1,PD_2': inf}
  Computing metrics...
    RSI: {'PD_1,PD_2': 0.3333333333333333}, ASR: 2.0, TCB: {'PD_1': ['PD_2'], 'PD_2': ['PD_1']}, FR: {'PD_1,PD_2': inf}
  Computing metrics...
    RSI: {'PD_1,PD_2': 0.3333333333333333}, ASR: 2.0, TCB: {'PD_1': ['PD_2'], 'PD_2': ['PD_1']}, FR: {'PD_1,PD_2': inf}
  Computing metrics...
    RSI: {'PD_1,PD_2': 0.3333333333333333}, ASR: 2.0, TCB: {'PD_1': ['PD_2'], 'PD_2': ['PD_1']}, FR: {'PD_1,PD_2': inf}
  Computing metrics...
    RSI: {'PD_1,PD_2': 0.3333333333333333}, ASR: 2.0, TCB: {'PD_1': ['PD_2'], 'PD_2': ['PD_1']}, FR: {'PD_1,PD_2': inf}
  Computing metrics...
    RSI: {'PD_1,PD_2': 0.3333333333333333}, ASR: 2.0, TCB: {'PD_1': ['PD_2'], 'PD_2': ['PD_1']}, FR: {'PD_1,PD_2': inf}
  Computing metrics...
    RSI: {'PD_1,PD_2': 0.3333333333333333}, ASR: 2.0, TCB: {'PD_1': ['PD_2'], 'PD_2': ['PD_1']}, FR: {'PD_1,PD_2': inf}
  Computing metrics...
    RSI: {'PD_1,PD_2': 0.3333333333333333}, ASR: 2.0, TCB: {'PD_1': ['PD_2'], 'PD_2': ['PD_1']}, FR: {'PD_1,PD_2': inf}
  Computing metrics...
    RSI: {'PD_1,PD_2': 0.3333333333333333}, ASR: 2.0, TCB: {'PD_1': ['PD_2'], 'PD_2': ['PD_1']}, FR: {'PD_1,PD_2': inf}
  Computing metrics...
    RSI: {'PD_1,PD_2': 0.3333333333333333}, ASR: 2.0, TCB: {'PD_1': ['PD_2'], 'PD_2': ['PD_1']}, FR: {'PD_1,PD_2': inf}
  Computing metrics...
    RSI: {'PD_1,PD_2': 0.3333333333333333}, ASR: 2.0, TCB: {'PD_1': ['PD_2'], 'PD_2': ['PD_1']}, FR: {'PD_1,PD_2': inf}
  Computing metrics...
    RSI: {'PD_1,PD_2': 0.6666666666666666}, ASR: 2.5, TCB: {'PD_1': ['PD_2'], 'PD_2': ['PD_1']}, FR: {'PD_1,PD_2': inf}
  Computing metrics...
    RSI: {'PD_1,PD_2': 0.3333333333333333}, ASR: 2.0, TCB: {'PD_1': ['PD_2'], 'PD_2': ['PD_1']}, FR: {'PD_1,PD_2': inf}
  Computing metrics...
    RSI: {'PD_1,PD_2': 0.25}, ASR: 2.5, TCB: {'PD_1': ['PD_2'], 'PD_2': ['PD_1']}, FR: {'PD_1,PD_2': inf}
  Computing metrics...
    RSI: {'PD_1,PD_2': 0.3333333333333333}, ASR: 2.0, TCB: {'PD_1': ['PD_2'], 'PD_2': ['PD_1']}, FR: {'PD_1,PD_2': inf}
  Computing metrics...
    RSI: {'PD_1,PD_2': 0.25}, ASR: 2.5, TCB: {'PD_1': ['PD_2'], 'PD_2': ['PD_1']}, FR: {'PD_1,PD_2': inf}
  Computing metrics...
    RSI: {'PD_1,PD_2': 0.3333333333333333}, ASR: 2.0, TCB: {'PD_1': ['PD_2'], 'PD_2': ['PD_1']}, FR: {'PD_1,PD_2': inf}
  Computing metrics...
    RSI: {'PD_1,PD_2': 0.25}, ASR: 2.5, TCB: {'PD_1': ['PD_2'], 'PD_2': ['PD_1']}, FR: {'PD_1,PD_2': inf}
  Computing metrics...
    RSI: {'PD_1,PD_2': 0.3333333333333333}, ASR: 2.0, TCB: {'PD_1': ['PD_2'], 'PD_2': ['PD_1']}, FR: {'PD_1,PD_2': inf}
  Computing metrics...
    RSI: {'PD_1,PD_2': 0.25}, ASR: 2.5, TCB: {'PD_1': ['PD_2'], 'PD_2': ['PD_1']}, FR: {'PD_1,PD_2': inf}
  Computing metrics...
    RSI: {'PD_1,PD_2': 0.3333333333333333}, ASR: 2.0, TCB: {'PD_1': ['PD_2'], 'PD_2': ['PD_1']}, FR: {'PD_1,PD_2': inf}
  Computing metrics...
    RSI: {'PD_1,PD_2': 0.25}, ASR: 2.5, TCB: {'PD_1': ['PD_2'], 'PD_2': ['PD_1']}, FR: {'PD_1,PD_2': inf}
  Computing metrics...
    RSI: {'PD_1,PD_2': 0.3333333333333333}, ASR: 2.0, TCB: {'PD_1': ['PD_2'], 'PD_2': ['PD_1']}, FR: {'PD_1,PD_2': inf}
  Computing metrics...
    RSI: {'PD_1,PD_2': 0.6666666666666666}, ASR: 2.5, TCB: {'PD_1': ['PD_2'], 'PD_2': ['PD_1']}, FR: {'PD_1,PD_2': inf}
  Computing metrics...
    RSI: {'PD_1,PD_2': 0.3333333333333333}, ASR: 2.0, TCB: {'PD_1': ['PD_2'], 'PD_2': ['PD_1']}, FR: {'PD_1,PD_2': inf}
  Computing metrics...
    RSI: {'PD_1,PD_2': 0.25}, ASR: 2.5, TCB: {'PD_1': ['PD_2'], 'PD_2': ['PD_1']}, FR: {'PD_1,PD_2': inf}
  Computing metrics...
    RSI: {'PD_1,PD_2': 0.3333333333333333}, ASR: 2.0, TCB: {'PD_1': ['PD_2'], 'PD_2': ['PD_1']}, FR: {'PD_1,PD_2': inf}
  Computing metrics...
    RSI: {'PD_1,PD_2': 0.25}, ASR: 2.5, TCB: {'PD_1': ['PD_2'], 'PD_2': ['PD_1']}, FR: {'PD_1,PD_2': inf}
  Computing metrics...
    RSI: {'PD_1,PD_2': 0.3333333333333333}, ASR: 2.0, TCB: {'PD_1': ['PD_2'], 'PD_2': ['PD_1']}, FR: {'PD_1,PD_2': inf}
  Computing metrics...
    RSI: {'PD_1,PD_2': 0.25}, ASR: 2.5, TCB: {'PD_1': ['PD_2'], 'PD_2': ['PD_1']}, FR: {'PD_1,PD_2': inf}
  Computing metrics...
    RSI: {'PD_1,PD_2': 0.3333333333333333}, ASR: 2.0, TCB: {'PD_1': ['PD_2'], 'PD_2': ['PD_1']}, FR: {'PD_1,PD_2': inf}
  Computing metrics...
    RSI: {'PD_1,PD_2': 0.25}, ASR: 2.5, TCB: {'PD_1': ['PD_2'], 'PD_2': ['PD_1']}, FR: {'PD_1,PD_2': inf}
  Computing metrics...
    RSI: {'PD_1,PD_2': 0.3333333333333333}, ASR: 2.0, TCB: {'PD_1': ['PD_2'], 'PD_2': ['PD_1']}, FR: {'PD_1,PD_2': inf}
  Computing metrics...
    RSI: {'PD_1,PD_2': 0.25}, ASR: 2.5, TCB: {'PD_1': ['PD_2'], 'PD_2': ['PD_1']}, FR: {'PD_1,PD_2': inf}
  Computing metrics...
    RSI: {'PD_1,PD_2': 0.3333333333333333}, ASR: 2.0, TCB: {'PD_1': ['PD_2'], 'PD_2': ['PD_1']}, FR: {'PD_1,PD_2': inf}
  Computing metrics...
    RSI: {'PD_1,PD_2': 0.3333333333333333}, ASR: 2.5, TCB: {'PD_1': ['PD_2'], 'PD_2': ['PD_1']}, FR: {'PD_1,PD_2': inf}
  Computing metrics...
    RSI: {'PD_1,PD_2': 0.3333333333333333}, ASR: 2.0, TCB: {'PD_1': ['PD_2'], 'PD_2': ['PD_1']}, FR: {'PD_1,PD_2': inf}
  Computing metrics...
    RSI: {'PD_1,PD_2': 0.3333333333333333}, ASR: 2.5, TCB: {'PD_1': ['PD_2'], 'PD_2': ['PD_1']}, FR: {'PD_1,PD_2': inf}
  Computing metrics...
    RSI: {'PD_1,PD_2': 0.3333333333333333}, ASR: 2.0, TCB: {'PD_1': ['PD_2'], 'PD_2': ['PD_1']}, FR: {'PD_1,PD_2': inf}
  Computing metrics...
    RSI: {'PD_1,PD_2': 0.3333333333333333}, ASR: 2.0, TCB: {'PD_1': ['PD_2'], 'PD_2': ['PD_1']}, FR: {'PD_1,PD_2': inf}
  Computing metrics...
    RSI: {'PD_1,PD_2': 0.3333333333333333}, ASR: 2.0, TCB: {'PD_1': ['PD_2'], 'PD_2': ['PD_1']}, FR: {'PD_1,PD_2': inf}
  Computing metrics...
    RSI: {'PD_1,PD_2': 0.3333333333333333}, ASR: 2.0, TCB: {'PD_1': ['PD_2'], 'PD_2': ['PD_1']}, FR: {'PD_1,PD_2': inf}
  Computing metrics...
    RSI: {'PD_1,PD_2': 0.3333333333333333}, ASR: 2.0, TCB: {'PD_1': ['PD_2'], 'PD_2': ['PD_1']}, FR: {'PD_1,PD_2': inf}
  Computing metrics...
    RSI: {'PD_1,PD_2': 0.3333333333333333}, ASR: 2.0, TCB: {'PD_1': ['PD_2'], 'PD_2': ['PD_1']}, FR: {'PD_1,PD_2': inf}
  Computing metrics...
    RSI: {'PD_1,PD_2': 0.3333333333333333}, ASR: 2.0, TCB: {'PD_1': ['PD_2'], 'PD_2': ['PD_1']}, FR: {'PD_1,PD_2': inf}
  Computing metrics...
    RSI: {'PD_1,PD_2': 0.3333333333333333}, ASR: 2.0, TCB: {'PD_1': ['PD_2'], 'PD_2': ['PD_1']}, FR: {'PD_1,PD_2': inf}
  Computing metrics...
    RSI: {'PD_1,PD_2': 0.3333333333333333}, ASR: 2.0, TCB: {'PD_1': ['PD_2'], 'PD_2': ['PD_1']}, FR: {'PD_1,PD_2': inf}
  Computing metrics...
    RSI: {'PD_1,PD_2': 0.3333333333333333}, ASR: 2.0, TCB: {'PD_1': ['PD_2'], 'PD_2': ['PD_1']}, FR: {'PD_1,PD_2': inf}
  Computing metrics...
    RSI: {'PD_1,PD_2': 0.3333333333333333}, ASR: 2.0, TCB: {'PD_1': ['PD_2'], 'PD_2': ['PD_1']}, FR: {'PD_1,PD_2': inf}
  Computing metrics...
    RSI: {'PD_1,PD_2': 0.3333333333333333}, ASR: 2.0, TCB: {'PD_1': ['PD_2'], 'PD_2': ['PD_1']}, FR: {'PD_1,PD_2': inf}
  Computing metrics...
    RSI: {'PD_1,PD_2': 0.3333333333333333}, ASR: 2.0, TCB: {'PD_1': ['PD_2'], 'PD_2': ['PD_1']}, FR: {'PD_1,PD_2': inf}
  Computing metrics...
    RSI: {'PD_1,PD_2': 0.3333333333333333}, ASR: 2.0, TCB: {'PD_1': ['PD_2'], 'PD_2': ['PD_1']}, FR: {'PD_1,PD_2': inf}
  Computing metrics...
    RSI: {'PD_1,PD_2': 0.3333333333333333}, ASR: 2.0, TCB: {'PD_1': ['PD_2'], 'PD_2': ['PD_1']}, FR: {'PD_1,PD_2': inf}
  Computing metrics...
    RSI: {'PD_1,PD_2': 0.3333333333333333}, ASR: 2.0, TCB: {'PD_1': ['PD_2'], 'PD_2': ['PD_1']}, FR: {'PD_1,PD_2': inf}
  🚫 Filtered out 0 'add_file_resource(create new CONFIG file in FILE_SPACE_1)' candidates (avoiding repetition)
  Trying best transition: primitive
    Target: create new CONFIG file in FILE_SPACE_1
    Predicted improvement: 0.700
    Considered 32 other option(s):
      1. primitive: create new DATABASE file in FILE_SPACE_1 (improvement: 0.700)
      2. primitive: create new TEMP file in FILE_SPACE_1 (improvement: 0.700)
      3. primitive: create new LOG file in FILE_SPACE_1 (improvement: 0.700)
      4. primitive: add new protection domain for system expansion (improvement: 0.544)
      5. primitive: remove FILE_1_3 (holders: 2) (improvement: 0.100)
      6. primitive: remove FILE_1_4 (holders: 0) (improvement: 0.100)
      7. primitive: remove FILE_1_5 (holders: 0) (improvement: 0.100)
      8. primitive: remove FILE_1_6 (holders: 0) (improvement: 0.100)
      9. primitive: remove FILE_1_7 (holders: 0) (improvement: 0.100)
      10. primitive: remove FILE_1_8 (holders: 0) (improvement: 0.100)
      ... and 22 more
    ✅ Applied add_file_resource
  📋 Generated 33 candidate(s)
  Computing metrics...
    RSI: {'PD_1,PD_2': 0.3333333333333333}, ASR: 2.0, TCB: {'PD_1': ['PD_2'], 'PD_2': ['PD_1']}, FR: {'PD_1,PD_2': inf}
    ✅ Added candidate: add_file_resource (score: 0.700)
  Computing metrics...
    RSI: {'PD_1,PD_2': 0.3333333333333333}, ASR: 2.0, TCB: {'PD_1': ['PD_2'], 'PD_2': ['PD_1']}, FR: {'PD_1,PD_2': inf}
    ✅ Added candidate: add_file_resource (score: 0.700)

🌟 Expanding Beam[1] (score: 0.700)
  Computing metrics...
    RSI: {'PD_1,PD_2': 0.3333333333333333}, ASR: 2.0, TCB: {'PD_1': ['PD_2'], 'PD_2': ['PD_1']}, FR: {'PD_1,PD_2': inf}
    Goal not met: RSI[PD_1,PD_2]=0.333 > 0.3
  Computing metrics...
    RSI: {'PD_1,PD_2': 0.3333333333333333}, ASR: 2.0, TCB: {'PD_1': ['PD_2'], 'PD_2': ['PD_1']}, FR: {'PD_1,PD_2': inf}
  Computing metrics...
    RSI: {'PD_1,PD_2': 0.3333333333333333, 'PD_1,PD_3': 0.0, 'PD_2,PD_3': 0.0}, ASR: 1.3333333333333333, TCB: {'PD_1': ['PD_2'], 'PD_2': ['PD_1'], 'PD_3': []}, FR: {'PD_1,PD_2': inf, 'PD_1,PD_3': inf, 'PD_2,PD_3': inf}
  Computing metrics...
    RSI: {'PD_1,PD_2': 0.3333333333333333}, ASR: 2.0, TCB: {'PD_1': ['PD_2'], 'PD_2': ['PD_1']}, FR: {'PD_1,PD_2': inf}
  Computing metrics...
    RSI: {'PD_1,PD_2': 0.3333333333333333}, ASR: 2.0, TCB: {'PD_1': ['PD_2'], 'PD_2': ['PD_1']}, FR: {'PD_1,PD_2': inf}
  Computing metrics...
    RSI: {'PD_1,PD_2': 0.3333333333333333}, ASR: 2.0, TCB: {'PD_1': ['PD_2'], 'PD_2': ['PD_1']}, FR: {'PD_1,PD_2': inf}
  Computing metrics...
    RSI: {'PD_1,PD_2': 0.3333333333333333}, ASR: 2.0, TCB: {'PD_1': ['PD_2'], 'PD_2': ['PD_1']}, FR: {'PD_1,PD_2': inf}
  Computing metrics...
    RSI: {'PD_1,PD_2': 0.3333333333333333}, ASR: 2.0, TCB: {'PD_1': ['PD_2'], 'PD_2': ['PD_1']}, FR: {'PD_1,PD_2': inf}
  Computing metrics...
    RSI: {'PD_1,PD_2': 0.3333333333333333}, ASR: 2.0, TCB: {'PD_1': ['PD_2'], 'PD_2': ['PD_1']}, FR: {'PD_1,PD_2': inf}
  Computing metrics...
    RSI: {'PD_1,PD_2': 0.3333333333333333}, ASR: 2.0, TCB: {'PD_1': ['PD_2'], 'PD_2': ['PD_1']}, FR: {'PD_1,PD_2': inf}
  Computing metrics...
    RSI: {'PD_1,PD_2': 0.3333333333333333}, ASR: 2.0, TCB: {'PD_1': ['PD_2'], 'PD_2': ['PD_1']}, FR: {'PD_1,PD_2': inf}
  Computing metrics...
    RSI: {'PD_1,PD_2': 0.3333333333333333}, ASR: 2.0, TCB: {'PD_1': ['PD_2'], 'PD_2': ['PD_1']}, FR: {'PD_1,PD_2': inf}
  Computing metrics...
    RSI: {'PD_1,PD_2': 0.3333333333333333}, ASR: 2.0, TCB: {'PD_1': ['PD_2'], 'PD_2': ['PD_1']}, FR: {'PD_1,PD_2': inf}
  Computing metrics...
    RSI: {'PD_1,PD_2': 0.3333333333333333}, ASR: 2.0, TCB: {'PD_1': ['PD_2'], 'PD_2': ['PD_1']}, FR: {'PD_1,PD_2': inf}
  Computing metrics...
    RSI: {'PD_1,PD_2': 0.3333333333333333}, ASR: 2.0, TCB: {'PD_1': ['PD_2'], 'PD_2': ['PD_1']}, FR: {'PD_1,PD_2': inf}
  Computing metrics...
    RSI: {'PD_1,PD_2': 0.3333333333333333}, ASR: 2.0, TCB: {'PD_1': ['PD_2'], 'PD_2': ['PD_1']}, FR: {'PD_1,PD_2': inf}
  Computing metrics...
    RSI: {'PD_1,PD_2': 0.3333333333333333}, ASR: 2.0, TCB: {'PD_1': ['PD_2'], 'PD_2': ['PD_1']}, FR: {'PD_1,PD_2': inf}
  Computing metrics...
    RSI: {'PD_1,PD_2': 0.3333333333333333}, ASR: 2.0, TCB: {'PD_1': ['PD_2'], 'PD_2': ['PD_1']}, FR: {'PD_1,PD_2': inf}
  Computing metrics...
    RSI: {'PD_1,PD_2': 0.3333333333333333}, ASR: 2.0, TCB: {'PD_1': ['PD_2'], 'PD_2': ['PD_1']}, FR: {'PD_1,PD_2': inf}
  Computing metrics...
    RSI: {'PD_1,PD_2': 0.3333333333333333}, ASR: 2.0, TCB: {'PD_1': ['PD_2'], 'PD_2': ['PD_1']}, FR: {'PD_1,PD_2': inf}
  Computing metrics...
    RSI: {'PD_1,PD_2': 0.3333333333333333}, ASR: 2.0, TCB: {'PD_1': ['PD_2'], 'PD_2': ['PD_1']}, FR: {'PD_1,PD_2': inf}
  Computing metrics...
    RSI: {'PD_1,PD_2': 0.3333333333333333}, ASR: 2.0, TCB: {'PD_1': ['PD_2'], 'PD_2': ['PD_1']}, FR: {'PD_1,PD_2': inf}
  Computing metrics...
    RSI: {'PD_1,PD_2': 0.3333333333333333}, ASR: 2.0, TCB: {'PD_1': ['PD_2'], 'PD_2': ['PD_1']}, FR: {'PD_1,PD_2': inf}
  Computing metrics...
    RSI: {'PD_1,PD_2': 0.3333333333333333}, ASR: 2.0, TCB: {'PD_1': ['PD_2'], 'PD_2': ['PD_1']}, FR: {'PD_1,PD_2': inf}
  Computing metrics...
    RSI: {'PD_1,PD_2': 0.6666666666666666}, ASR: 2.5, TCB: {'PD_1': ['PD_2'], 'PD_2': ['PD_1']}, FR: {'PD_1,PD_2': inf}
  Computing metrics...
    RSI: {'PD_1,PD_2': 0.3333333333333333}, ASR: 2.0, TCB: {'PD_1': ['PD_2'], 'PD_2': ['PD_1']}, FR: {'PD_1,PD_2': inf}
  Computing metrics...
    RSI: {'PD_1,PD_2': 0.25}, ASR: 2.5, TCB: {'PD_1': ['PD_2'], 'PD_2': ['PD_1']}, FR: {'PD_1,PD_2': inf}
  Computing metrics...
    RSI: {'PD_1,PD_2': 0.3333333333333333}, ASR: 2.0, TCB: {'PD_1': ['PD_2'], 'PD_2': ['PD_1']}, FR: {'PD_1,PD_2': inf}
  Computing metrics...
    RSI: {'PD_1,PD_2': 0.25}, ASR: 2.5, TCB: {'PD_1': ['PD_2'], 'PD_2': ['PD_1']}, FR: {'PD_1,PD_2': inf}
  Computing metrics...
    RSI: {'PD_1,PD_2': 0.3333333333333333}, ASR: 2.0, TCB: {'PD_1': ['PD_2'], 'PD_2': ['PD_1']}, FR: {'PD_1,PD_2': inf}
  Computing metrics...
    RSI: {'PD_1,PD_2': 0.25}, ASR: 2.5, TCB: {'PD_1': ['PD_2'], 'PD_2': ['PD_1']}, FR: {'PD_1,PD_2': inf}
  Computing metrics...
    RSI: {'PD_1,PD_2': 0.3333333333333333}, ASR: 2.0, TCB: {'PD_1': ['PD_2'], 'PD_2': ['PD_1']}, FR: {'PD_1,PD_2': inf}
  Computing metrics...
    RSI: {'PD_1,PD_2': 0.25}, ASR: 2.5, TCB: {'PD_1': ['PD_2'], 'PD_2': ['PD_1']}, FR: {'PD_1,PD_2': inf}
  Computing metrics...
    RSI: {'PD_1,PD_2': 0.3333333333333333}, ASR: 2.0, TCB: {'PD_1': ['PD_2'], 'PD_2': ['PD_1']}, FR: {'PD_1,PD_2': inf}
  Computing metrics...
    RSI: {'PD_1,PD_2': 0.25}, ASR: 2.5, TCB: {'PD_1': ['PD_2'], 'PD_2': ['PD_1']}, FR: {'PD_1,PD_2': inf}
  Computing metrics...
    RSI: {'PD_1,PD_2': 0.3333333333333333}, ASR: 2.0, TCB: {'PD_1': ['PD_2'], 'PD_2': ['PD_1']}, FR: {'PD_1,PD_2': inf}
  Computing metrics...
    RSI: {'PD_1,PD_2': 0.6666666666666666}, ASR: 2.5, TCB: {'PD_1': ['PD_2'], 'PD_2': ['PD_1']}, FR: {'PD_1,PD_2': inf}
  Computing metrics...
    RSI: {'PD_1,PD_2': 0.3333333333333333}, ASR: 2.0, TCB: {'PD_1': ['PD_2'], 'PD_2': ['PD_1']}, FR: {'PD_1,PD_2': inf}
  Computing metrics...
    RSI: {'PD_1,PD_2': 0.25}, ASR: 2.5, TCB: {'PD_1': ['PD_2'], 'PD_2': ['PD_1']}, FR: {'PD_1,PD_2': inf}
  Computing metrics...
    RSI: {'PD_1,PD_2': 0.3333333333333333}, ASR: 2.0, TCB: {'PD_1': ['PD_2'], 'PD_2': ['PD_1']}, FR: {'PD_1,PD_2': inf}
  Computing metrics...
    RSI: {'PD_1,PD_2': 0.25}, ASR: 2.5, TCB: {'PD_1': ['PD_2'], 'PD_2': ['PD_1']}, FR: {'PD_1,PD_2': inf}
  Computing metrics...
    RSI: {'PD_1,PD_2': 0.3333333333333333}, ASR: 2.0, TCB: {'PD_1': ['PD_2'], 'PD_2': ['PD_1']}, FR: {'PD_1,PD_2': inf}
  Computing metrics...
    RSI: {'PD_1,PD_2': 0.25}, ASR: 2.5, TCB: {'PD_1': ['PD_2'], 'PD_2': ['PD_1']}, FR: {'PD_1,PD_2': inf}
  Computing metrics...
    RSI: {'PD_1,PD_2': 0.3333333333333333}, ASR: 2.0, TCB: {'PD_1': ['PD_2'], 'PD_2': ['PD_1']}, FR: {'PD_1,PD_2': inf}
  Computing metrics...
    RSI: {'PD_1,PD_2': 0.25}, ASR: 2.5, TCB: {'PD_1': ['PD_2'], 'PD_2': ['PD_1']}, FR: {'PD_1,PD_2': inf}
  Computing metrics...
    RSI: {'PD_1,PD_2': 0.3333333333333333}, ASR: 2.0, TCB: {'PD_1': ['PD_2'], 'PD_2': ['PD_1']}, FR: {'PD_1,PD_2': inf}
  Computing metrics...
    RSI: {'PD_1,PD_2': 0.25}, ASR: 2.5, TCB: {'PD_1': ['PD_2'], 'PD_2': ['PD_1']}, FR: {'PD_1,PD_2': inf}
  Computing metrics...
    RSI: {'PD_1,PD_2': 0.3333333333333333}, ASR: 2.0, TCB: {'PD_1': ['PD_2'], 'PD_2': ['PD_1']}, FR: {'PD_1,PD_2': inf}
  Computing metrics...
    RSI: {'PD_1,PD_2': 0.3333333333333333}, ASR: 2.5, TCB: {'PD_1': ['PD_2'], 'PD_2': ['PD_1']}, FR: {'PD_1,PD_2': inf}
  Computing metrics...
    RSI: {'PD_1,PD_2': 0.3333333333333333}, ASR: 2.0, TCB: {'PD_1': ['PD_2'], 'PD_2': ['PD_1']}, FR: {'PD_1,PD_2': inf}
  Computing metrics...
    RSI: {'PD_1,PD_2': 0.3333333333333333}, ASR: 2.5, TCB: {'PD_1': ['PD_2'], 'PD_2': ['PD_1']}, FR: {'PD_1,PD_2': inf}
  Computing metrics...
    RSI: {'PD_1,PD_2': 0.3333333333333333}, ASR: 2.0, TCB: {'PD_1': ['PD_2'], 'PD_2': ['PD_1']}, FR: {'PD_1,PD_2': inf}
  Computing metrics...
    RSI: {'PD_1,PD_2': 0.3333333333333333}, ASR: 2.0, TCB: {'PD_1': ['PD_2'], 'PD_2': ['PD_1']}, FR: {'PD_1,PD_2': inf}
  Computing metrics...
    RSI: {'PD_1,PD_2': 0.3333333333333333}, ASR: 2.0, TCB: {'PD_1': ['PD_2'], 'PD_2': ['PD_1']}, FR: {'PD_1,PD_2': inf}
  Computing metrics...
    RSI: {'PD_1,PD_2': 0.3333333333333333}, ASR: 2.0, TCB: {'PD_1': ['PD_2'], 'PD_2': ['PD_1']}, FR: {'PD_1,PD_2': inf}
  Computing metrics...
    RSI: {'PD_1,PD_2': 0.3333333333333333}, ASR: 2.0, TCB: {'PD_1': ['PD_2'], 'PD_2': ['PD_1']}, FR: {'PD_1,PD_2': inf}
  Computing metrics...
    RSI: {'PD_1,PD_2': 0.3333333333333333}, ASR: 2.0, TCB: {'PD_1': ['PD_2'], 'PD_2': ['PD_1']}, FR: {'PD_1,PD_2': inf}
  Computing metrics...
    RSI: {'PD_1,PD_2': 0.3333333333333333}, ASR: 2.0, TCB: {'PD_1': ['PD_2'], 'PD_2': ['PD_1']}, FR: {'PD_1,PD_2': inf}
  Computing metrics...
    RSI: {'PD_1,PD_2': 0.3333333333333333}, ASR: 2.0, TCB: {'PD_1': ['PD_2'], 'PD_2': ['PD_1']}, FR: {'PD_1,PD_2': inf}
  Computing metrics...
    RSI: {'PD_1,PD_2': 0.3333333333333333}, ASR: 2.0, TCB: {'PD_1': ['PD_2'], 'PD_2': ['PD_1']}, FR: {'PD_1,PD_2': inf}
  Computing metrics...
    RSI: {'PD_1,PD_2': 0.3333333333333333}, ASR: 2.0, TCB: {'PD_1': ['PD_2'], 'PD_2': ['PD_1']}, FR: {'PD_1,PD_2': inf}
  Computing metrics...
    RSI: {'PD_1,PD_2': 0.3333333333333333}, ASR: 2.0, TCB: {'PD_1': ['PD_2'], 'PD_2': ['PD_1']}, FR: {'PD_1,PD_2': inf}
  Computing metrics...
    RSI: {'PD_1,PD_2': 0.3333333333333333}, ASR: 2.0, TCB: {'PD_1': ['PD_2'], 'PD_2': ['PD_1']}, FR: {'PD_1,PD_2': inf}
  Computing metrics...
    RSI: {'PD_1,PD_2': 0.3333333333333333}, ASR: 2.0, TCB: {'PD_1': ['PD_2'], 'PD_2': ['PD_1']}, FR: {'PD_1,PD_2': inf}
  Computing metrics...
    RSI: {'PD_1,PD_2': 0.3333333333333333}, ASR: 2.0, TCB: {'PD_1': ['PD_2'], 'PD_2': ['PD_1']}, FR: {'PD_1,PD_2': inf}
  Computing metrics...
    RSI: {'PD_1,PD_2': 0.3333333333333333}, ASR: 2.0, TCB: {'PD_1': ['PD_2'], 'PD_2': ['PD_1']}, FR: {'PD_1,PD_2': inf}
  Computing metrics...
    RSI: {'PD_1,PD_2': 0.3333333333333333}, ASR: 2.0, TCB: {'PD_1': ['PD_2'], 'PD_2': ['PD_1']}, FR: {'PD_1,PD_2': inf}
  🚫 Filtered out 0 'add_file_resource(create new DATABASE file in FILE_SPACE_1)' candidates (avoiding repetition)
  Trying best transition: primitive
    Target: create new CONFIG file in FILE_SPACE_1
    Predicted improvement: 0.700
    Considered 32 other option(s):
      1. primitive: create new DATABASE file in FILE_SPACE_1 (improvement: 0.700)
      2. primitive: create new TEMP file in FILE_SPACE_1 (improvement: 0.700)
      3. primitive: create new LOG file in FILE_SPACE_1 (improvement: 0.700)
      4. primitive: add new protection domain for system expansion (improvement: 0.544)
      5. primitive: remove FILE_1_3 (holders: 2) (improvement: 0.100)
      6. primitive: remove FILE_1_4 (holders: 0) (improvement: 0.100)
      7. primitive: remove FILE_1_5 (holders: 0) (improvement: 0.100)
      8. primitive: remove FILE_1_6 (holders: 0) (improvement: 0.100)
      9. primitive: remove FILE_1_7 (holders: 0) (improvement: 0.100)
      10. primitive: remove FILE_1_8 (holders: 0) (improvement: 0.100)
      ... and 22 more
    ✅ Applied add_file_resource
  📋 Generated 33 candidate(s)
  Computing metrics...
    RSI: {'PD_1,PD_2': 0.3333333333333333}, ASR: 2.0, TCB: {'PD_1': ['PD_2'], 'PD_2': ['PD_1']}, FR: {'PD_1,PD_2': inf}
    ✅ Added candidate: add_file_resource (score: 0.700)
  Computing metrics...
    RSI: {'PD_1,PD_2': 0.3333333333333333}, ASR: 2.0, TCB: {'PD_1': ['PD_2'], 'PD_2': ['PD_1']}, FR: {'PD_1,PD_2': inf}
    ✅ Added candidate: add_file_resource (score: 0.700)

🌟 Expanding Beam[2] (score: 0.700)
  Computing metrics...
    RSI: {'PD_1,PD_2': 0.3333333333333333}, ASR: 2.0, TCB: {'PD_1': ['PD_2'], 'PD_2': ['PD_1']}, FR: {'PD_1,PD_2': inf}
    Goal not met: RSI[PD_1,PD_2]=0.333 > 0.3
  Computing metrics...
    RSI: {'PD_1,PD_2': 0.3333333333333333}, ASR: 2.0, TCB: {'PD_1': ['PD_2'], 'PD_2': ['PD_1']}, FR: {'PD_1,PD_2': inf}
  Computing metrics...
    RSI: {'PD_1,PD_2': 0.3333333333333333, 'PD_1,PD_3': 0.0, 'PD_2,PD_3': 0.0}, ASR: 1.3333333333333333, TCB: {'PD_1': ['PD_2'], 'PD_2': ['PD_1'], 'PD_3': []}, FR: {'PD_1,PD_2': inf, 'PD_1,PD_3': inf, 'PD_2,PD_3': inf}
  Computing metrics...
    RSI: {'PD_1,PD_2': 0.3333333333333333}, ASR: 2.0, TCB: {'PD_1': ['PD_2'], 'PD_2': ['PD_1']}, FR: {'PD_1,PD_2': inf}
  Computing metrics...
    RSI: {'PD_1,PD_2': 0.3333333333333333}, ASR: 2.0, TCB: {'PD_1': ['PD_2'], 'PD_2': ['PD_1']}, FR: {'PD_1,PD_2': inf}
  Computing metrics...
    RSI: {'PD_1,PD_2': 0.3333333333333333}, ASR: 2.0, TCB: {'PD_1': ['PD_2'], 'PD_2': ['PD_1']}, FR: {'PD_1,PD_2': inf}
  Computing metrics...
    RSI: {'PD_1,PD_2': 0.3333333333333333}, ASR: 2.0, TCB: {'PD_1': ['PD_2'], 'PD_2': ['PD_1']}, FR: {'PD_1,PD_2': inf}
  Computing metrics...
    RSI: {'PD_1,PD_2': 0.3333333333333333}, ASR: 2.0, TCB: {'PD_1': ['PD_2'], 'PD_2': ['PD_1']}, FR: {'PD_1,PD_2': inf}
  Computing metrics...
    RSI: {'PD_1,PD_2': 0.3333333333333333}, ASR: 2.0, TCB: {'PD_1': ['PD_2'], 'PD_2': ['PD_1']}, FR: {'PD_1,PD_2': inf}
  Computing metrics...
    RSI: {'PD_1,PD_2': 0.3333333333333333}, ASR: 2.0, TCB: {'PD_1': ['PD_2'], 'PD_2': ['PD_1']}, FR: {'PD_1,PD_2': inf}
  Computing metrics...
    RSI: {'PD_1,PD_2': 0.3333333333333333}, ASR: 2.0, TCB: {'PD_1': ['PD_2'], 'PD_2': ['PD_1']}, FR: {'PD_1,PD_2': inf}
  Computing metrics...
    RSI: {'PD_1,PD_2': 0.3333333333333333}, ASR: 2.0, TCB: {'PD_1': ['PD_2'], 'PD_2': ['PD_1']}, FR: {'PD_1,PD_2': inf}
  Computing metrics...
    RSI: {'PD_1,PD_2': 0.3333333333333333}, ASR: 2.0, TCB: {'PD_1': ['PD_2'], 'PD_2': ['PD_1']}, FR: {'PD_1,PD_2': inf}
  Computing metrics...
    RSI: {'PD_1,PD_2': 0.3333333333333333}, ASR: 2.0, TCB: {'PD_1': ['PD_2'], 'PD_2': ['PD_1']}, FR: {'PD_1,PD_2': inf}
  Computing metrics...
    RSI: {'PD_1,PD_2': 0.3333333333333333}, ASR: 2.0, TCB: {'PD_1': ['PD_2'], 'PD_2': ['PD_1']}, FR: {'PD_1,PD_2': inf}
  Computing metrics...
    RSI: {'PD_1,PD_2': 0.3333333333333333}, ASR: 2.0, TCB: {'PD_1': ['PD_2'], 'PD_2': ['PD_1']}, FR: {'PD_1,PD_2': inf}
  Computing metrics...
    RSI: {'PD_1,PD_2': 0.3333333333333333}, ASR: 2.0, TCB: {'PD_1': ['PD_2'], 'PD_2': ['PD_1']}, FR: {'PD_1,PD_2': inf}
  Computing metrics...
    RSI: {'PD_1,PD_2': 0.3333333333333333}, ASR: 2.0, TCB: {'PD_1': ['PD_2'], 'PD_2': ['PD_1']}, FR: {'PD_1,PD_2': inf}
  Computing metrics...
    RSI: {'PD_1,PD_2': 0.3333333333333333}, ASR: 2.0, TCB: {'PD_1': ['PD_2'], 'PD_2': ['PD_1']}, FR: {'PD_1,PD_2': inf}
  Computing metrics...
    RSI: {'PD_1,PD_2': 0.3333333333333333}, ASR: 2.0, TCB: {'PD_1': ['PD_2'], 'PD_2': ['PD_1']}, FR: {'PD_1,PD_2': inf}
  Computing metrics...
    RSI: {'PD_1,PD_2': 0.3333333333333333}, ASR: 2.0, TCB: {'PD_1': ['PD_2'], 'PD_2': ['PD_1']}, FR: {'PD_1,PD_2': inf}
  Computing metrics...
    RSI: {'PD_1,PD_2': 0.3333333333333333}, ASR: 2.0, TCB: {'PD_1': ['PD_2'], 'PD_2': ['PD_1']}, FR: {'PD_1,PD_2': inf}
  Computing metrics...
    RSI: {'PD_1,PD_2': 0.3333333333333333}, ASR: 2.0, TCB: {'PD_1': ['PD_2'], 'PD_2': ['PD_1']}, FR: {'PD_1,PD_2': inf}
  Computing metrics...
    RSI: {'PD_1,PD_2': 0.3333333333333333}, ASR: 2.0, TCB: {'PD_1': ['PD_2'], 'PD_2': ['PD_1']}, FR: {'PD_1,PD_2': inf}
  Computing metrics...
    RSI: {'PD_1,PD_2': 0.6666666666666666}, ASR: 2.5, TCB: {'PD_1': ['PD_2'], 'PD_2': ['PD_1']}, FR: {'PD_1,PD_2': inf}
  Computing metrics...
    RSI: {'PD_1,PD_2': 0.3333333333333333}, ASR: 2.0, TCB: {'PD_1': ['PD_2'], 'PD_2': ['PD_1']}, FR: {'PD_1,PD_2': inf}
  Computing metrics...
    RSI: {'PD_1,PD_2': 0.25}, ASR: 2.5, TCB: {'PD_1': ['PD_2'], 'PD_2': ['PD_1']}, FR: {'PD_1,PD_2': inf}
  Computing metrics...
    RSI: {'PD_1,PD_2': 0.3333333333333333}, ASR: 2.0, TCB: {'PD_1': ['PD_2'], 'PD_2': ['PD_1']}, FR: {'PD_1,PD_2': inf}
  Computing metrics...
    RSI: {'PD_1,PD_2': 0.25}, ASR: 2.5, TCB: {'PD_1': ['PD_2'], 'PD_2': ['PD_1']}, FR: {'PD_1,PD_2': inf}
  Computing metrics...
    RSI: {'PD_1,PD_2': 0.3333333333333333}, ASR: 2.0, TCB: {'PD_1': ['PD_2'], 'PD_2': ['PD_1']}, FR: {'PD_1,PD_2': inf}
  Computing metrics...
    RSI: {'PD_1,PD_2': 0.25}, ASR: 2.5, TCB: {'PD_1': ['PD_2'], 'PD_2': ['PD_1']}, FR: {'PD_1,PD_2': inf}
  Computing metrics...
    RSI: {'PD_1,PD_2': 0.3333333333333333}, ASR: 2.0, TCB: {'PD_1': ['PD_2'], 'PD_2': ['PD_1']}, FR: {'PD_1,PD_2': inf}
  Computing metrics...
    RSI: {'PD_1,PD_2': 0.25}, ASR: 2.5, TCB: {'PD_1': ['PD_2'], 'PD_2': ['PD_1']}, FR: {'PD_1,PD_2': inf}
  Computing metrics...
    RSI: {'PD_1,PD_2': 0.3333333333333333}, ASR: 2.0, TCB: {'PD_1': ['PD_2'], 'PD_2': ['PD_1']}, FR: {'PD_1,PD_2': inf}
  Computing metrics...
    RSI: {'PD_1,PD_2': 0.25}, ASR: 2.5, TCB: {'PD_1': ['PD_2'], 'PD_2': ['PD_1']}, FR: {'PD_1,PD_2': inf}
  Computing metrics...
    RSI: {'PD_1,PD_2': 0.3333333333333333}, ASR: 2.0, TCB: {'PD_1': ['PD_2'], 'PD_2': ['PD_1']}, FR: {'PD_1,PD_2': inf}
  Computing metrics...
    RSI: {'PD_1,PD_2': 0.6666666666666666}, ASR: 2.5, TCB: {'PD_1': ['PD_2'], 'PD_2': ['PD_1']}, FR: {'PD_1,PD_2': inf}
  Computing metrics...
    RSI: {'PD_1,PD_2': 0.3333333333333333}, ASR: 2.0, TCB: {'PD_1': ['PD_2'], 'PD_2': ['PD_1']}, FR: {'PD_1,PD_2': inf}
  Computing metrics...
    RSI: {'PD_1,PD_2': 0.25}, ASR: 2.5, TCB: {'PD_1': ['PD_2'], 'PD_2': ['PD_1']}, FR: {'PD_1,PD_2': inf}
  Computing metrics...
    RSI: {'PD_1,PD_2': 0.3333333333333333}, ASR: 2.0, TCB: {'PD_1': ['PD_2'], 'PD_2': ['PD_1']}, FR: {'PD_1,PD_2': inf}
  Computing metrics...
    RSI: {'PD_1,PD_2': 0.25}, ASR: 2.5, TCB: {'PD_1': ['PD_2'], 'PD_2': ['PD_1']}, FR: {'PD_1,PD_2': inf}
  Computing metrics...
    RSI: {'PD_1,PD_2': 0.3333333333333333}, ASR: 2.0, TCB: {'PD_1': ['PD_2'], 'PD_2': ['PD_1']}, FR: {'PD_1,PD_2': inf}
  Computing metrics...
    RSI: {'PD_1,PD_2': 0.25}, ASR: 2.5, TCB: {'PD_1': ['PD_2'], 'PD_2': ['PD_1']}, FR: {'PD_1,PD_2': inf}
  Computing metrics...
    RSI: {'PD_1,PD_2': 0.3333333333333333}, ASR: 2.0, TCB: {'PD_1': ['PD_2'], 'PD_2': ['PD_1']}, FR: {'PD_1,PD_2': inf}
  Computing metrics...
    RSI: {'PD_1,PD_2': 0.25}, ASR: 2.5, TCB: {'PD_1': ['PD_2'], 'PD_2': ['PD_1']}, FR: {'PD_1,PD_2': inf}
  Computing metrics...
    RSI: {'PD_1,PD_2': 0.3333333333333333}, ASR: 2.0, TCB: {'PD_1': ['PD_2'], 'PD_2': ['PD_1']}, FR: {'PD_1,PD_2': inf}
  Computing metrics...
    RSI: {'PD_1,PD_2': 0.25}, ASR: 2.5, TCB: {'PD_1': ['PD_2'], 'PD_2': ['PD_1']}, FR: {'PD_1,PD_2': inf}
  Computing metrics...
    RSI: {'PD_1,PD_2': 0.3333333333333333}, ASR: 2.0, TCB: {'PD_1': ['PD_2'], 'PD_2': ['PD_1']}, FR: {'PD_1,PD_2': inf}
  Computing metrics...
    RSI: {'PD_1,PD_2': 0.3333333333333333}, ASR: 2.5, TCB: {'PD_1': ['PD_2'], 'PD_2': ['PD_1']}, FR: {'PD_1,PD_2': inf}
  Computing metrics...
    RSI: {'PD_1,PD_2': 0.3333333333333333}, ASR: 2.0, TCB: {'PD_1': ['PD_2'], 'PD_2': ['PD_1']}, FR: {'PD_1,PD_2': inf}
  Computing metrics...
    RSI: {'PD_1,PD_2': 0.3333333333333333}, ASR: 2.5, TCB: {'PD_1': ['PD_2'], 'PD_2': ['PD_1']}, FR: {'PD_1,PD_2': inf}
  Computing metrics...
    RSI: {'PD_1,PD_2': 0.3333333333333333}, ASR: 2.0, TCB: {'PD_1': ['PD_2'], 'PD_2': ['PD_1']}, FR: {'PD_1,PD_2': inf}
  Computing metrics...
    RSI: {'PD_1,PD_2': 0.3333333333333333}, ASR: 2.0, TCB: {'PD_1': ['PD_2'], 'PD_2': ['PD_1']}, FR: {'PD_1,PD_2': inf}
  Computing metrics...
    RSI: {'PD_1,PD_2': 0.3333333333333333}, ASR: 2.0, TCB: {'PD_1': ['PD_2'], 'PD_2': ['PD_1']}, FR: {'PD_1,PD_2': inf}
  Computing metrics...
    RSI: {'PD_1,PD_2': 0.3333333333333333}, ASR: 2.0, TCB: {'PD_1': ['PD_2'], 'PD_2': ['PD_1']}, FR: {'PD_1,PD_2': inf}
  Computing metrics...
    RSI: {'PD_1,PD_2': 0.3333333333333333}, ASR: 2.0, TCB: {'PD_1': ['PD_2'], 'PD_2': ['PD_1']}, FR: {'PD_1,PD_2': inf}
  Computing metrics...
    RSI: {'PD_1,PD_2': 0.3333333333333333}, ASR: 2.0, TCB: {'PD_1': ['PD_2'], 'PD_2': ['PD_1']}, FR: {'PD_1,PD_2': inf}
  Computing metrics...
    RSI: {'PD_1,PD_2': 0.3333333333333333}, ASR: 2.0, TCB: {'PD_1': ['PD_2'], 'PD_2': ['PD_1']}, FR: {'PD_1,PD_2': inf}
  Computing metrics...
    RSI: {'PD_1,PD_2': 0.3333333333333333}, ASR: 2.0, TCB: {'PD_1': ['PD_2'], 'PD_2': ['PD_1']}, FR: {'PD_1,PD_2': inf}
  Computing metrics...
    RSI: {'PD_1,PD_2': 0.3333333333333333}, ASR: 2.0, TCB: {'PD_1': ['PD_2'], 'PD_2': ['PD_1']}, FR: {'PD_1,PD_2': inf}
  Computing metrics...
    RSI: {'PD_1,PD_2': 0.3333333333333333}, ASR: 2.0, TCB: {'PD_1': ['PD_2'], 'PD_2': ['PD_1']}, FR: {'PD_1,PD_2': inf}
  Computing metrics...
    RSI: {'PD_1,PD_2': 0.3333333333333333}, ASR: 2.0, TCB: {'PD_1': ['PD_2'], 'PD_2': ['PD_1']}, FR: {'PD_1,PD_2': inf}
  Computing metrics...
    RSI: {'PD_1,PD_2': 0.3333333333333333}, ASR: 2.0, TCB: {'PD_1': ['PD_2'], 'PD_2': ['PD_1']}, FR: {'PD_1,PD_2': inf}
  Computing metrics...
    RSI: {'PD_1,PD_2': 0.3333333333333333}, ASR: 2.0, TCB: {'PD_1': ['PD_2'], 'PD_2': ['PD_1']}, FR: {'PD_1,PD_2': inf}
  Computing metrics...
    RSI: {'PD_1,PD_2': 0.3333333333333333}, ASR: 2.0, TCB: {'PD_1': ['PD_2'], 'PD_2': ['PD_1']}, FR: {'PD_1,PD_2': inf}
  Computing metrics...
    RSI: {'PD_1,PD_2': 0.3333333333333333}, ASR: 2.0, TCB: {'PD_1': ['PD_2'], 'PD_2': ['PD_1']}, FR: {'PD_1,PD_2': inf}
  Computing metrics...
    RSI: {'PD_1,PD_2': 0.3333333333333333}, ASR: 2.0, TCB: {'PD_1': ['PD_2'], 'PD_2': ['PD_1']}, FR: {'PD_1,PD_2': inf}
  🚫 Filtered out 0 'add_file_resource(create new CONFIG file in FILE_SPACE_1)' candidates (avoiding repetition)
  Trying best transition: primitive
    Target: create new CONFIG file in FILE_SPACE_1
    Predicted improvement: 0.700
    Considered 32 other option(s):
      1. primitive: create new DATABASE file in FILE_SPACE_1 (improvement: 0.700)
      2. primitive: create new TEMP file in FILE_SPACE_1 (improvement: 0.700)
      3. primitive: create new LOG file in FILE_SPACE_1 (improvement: 0.700)
      4. primitive: add new protection domain for system expansion (improvement: 0.544)
      5. primitive: remove FILE_1_3 (holders: 2) (improvement: 0.100)
      6. primitive: remove FILE_1_4 (holders: 0) (improvement: 0.100)
      7. primitive: remove FILE_1_5 (holders: 0) (improvement: 0.100)
      8. primitive: remove FILE_1_6 (holders: 0) (improvement: 0.100)
      9. primitive: remove FILE_1_7 (holders: 0) (improvement: 0.100)
      10. primitive: remove FILE_1_8 (holders: 0) (improvement: 0.100)
      ... and 22 more
    ✅ Applied add_file_resource
  📋 Generated 33 candidate(s)
  Computing metrics...
    RSI: {'PD_1,PD_2': 0.3333333333333333}, ASR: 2.0, TCB: {'PD_1': ['PD_2'], 'PD_2': ['PD_1']}, FR: {'PD_1,PD_2': inf}
    ✅ Added candidate: add_file_resource (score: 0.700)
  Computing metrics...
    RSI: {'PD_1,PD_2': 0.3333333333333333}, ASR: 2.0, TCB: {'PD_1': ['PD_2'], 'PD_2': ['PD_1']}, FR: {'PD_1,PD_2': inf}
    ✅ Added candidate: add_file_resource (score: 0.700)

📊 Next beam (3 states):
  Beam[0]: BeamState(iter=6, score=0.700, path=add_file_resource(create new CONFIG file in FILE_SPACE_1) → add_file_resource(create new CONFIG file in FILE_SPACE_1) → add_file_resource(create new CONFIG file in FILE_SPACE_1))
  Beam[1]: BeamState(iter=6, score=0.700, path=add_file_resource(create new CONFIG file in FILE_SPACE_1) → add_file_resource(create new CONFIG file in FILE_SPACE_1) → add_file_resource(create new DATABASE file in FILE_SPACE_1))
  Beam[2]: BeamState(iter=6, score=0.700, path=add_file_resource(create new CONFIG file in FILE_SPACE_1) → add_file_resource(create new DATABASE file in FILE_SPACE_1) → add_file_resource(create new CONFIG file in FILE_SPACE_1))
💡 Total candidates generated: 6
🎯 Mechanisms discovered so far: 0

============================================================
🔍 Beam Search Iteration 7/8
📊 Current beam size: 3
  Beam[0]: BeamState(iter=6, score=0.700, path=add_file_resource(create new CONFIG file in FILE_SPACE_1) → add_file_resource(create new CONFIG file in FILE_SPACE_1) → add_file_resource(create new CONFIG file in FILE_SPACE_1))
  Beam[1]: BeamState(iter=6, score=0.700, path=add_file_resource(create new CONFIG file in FILE_SPACE_1) → add_file_resource(create new CONFIG file in FILE_SPACE_1) → add_file_resource(create new DATABASE file in FILE_SPACE_1))
  Beam[2]: BeamState(iter=6, score=0.700, path=add_file_resource(create new CONFIG file in FILE_SPACE_1) → add_file_resource(create new DATABASE file in FILE_SPACE_1) → add_file_resource(create new CONFIG file in FILE_SPACE_1))

🌟 Expanding Beam[0] (score: 0.700)
  Computing metrics...
    RSI: {'PD_1,PD_2': 0.3333333333333333}, ASR: 2.0, TCB: {'PD_1': ['PD_2'], 'PD_2': ['PD_1']}, FR: {'PD_1,PD_2': inf}
    Goal not met: RSI[PD_1,PD_2]=0.333 > 0.3
  Computing metrics...
    RSI: {'PD_1,PD_2': 0.3333333333333333}, ASR: 2.0, TCB: {'PD_1': ['PD_2'], 'PD_2': ['PD_1']}, FR: {'PD_1,PD_2': inf}
  Computing metrics...
    RSI: {'PD_1,PD_2': 0.3333333333333333, 'PD_1,PD_3': 0.0, 'PD_2,PD_3': 0.0}, ASR: 1.3333333333333333, TCB: {'PD_1': ['PD_2'], 'PD_2': ['PD_1'], 'PD_3': []}, FR: {'PD_1,PD_2': inf, 'PD_1,PD_3': inf, 'PD_2,PD_3': inf}
  Computing metrics...
    RSI: {'PD_1,PD_2': 0.3333333333333333}, ASR: 2.0, TCB: {'PD_1': ['PD_2'], 'PD_2': ['PD_1']}, FR: {'PD_1,PD_2': inf}
  Computing metrics...
    RSI: {'PD_1,PD_2': 0.3333333333333333}, ASR: 2.0, TCB: {'PD_1': ['PD_2'], 'PD_2': ['PD_1']}, FR: {'PD_1,PD_2': inf}
  Computing metrics...
    RSI: {'PD_1,PD_2': 0.3333333333333333}, ASR: 2.0, TCB: {'PD_1': ['PD_2'], 'PD_2': ['PD_1']}, FR: {'PD_1,PD_2': inf}
  Computing metrics...
    RSI: {'PD_1,PD_2': 0.3333333333333333}, ASR: 2.0, TCB: {'PD_1': ['PD_2'], 'PD_2': ['PD_1']}, FR: {'PD_1,PD_2': inf}
  Computing metrics...
    RSI: {'PD_1,PD_2': 0.3333333333333333}, ASR: 2.0, TCB: {'PD_1': ['PD_2'], 'PD_2': ['PD_1']}, FR: {'PD_1,PD_2': inf}
  Computing metrics...
    RSI: {'PD_1,PD_2': 0.3333333333333333}, ASR: 2.0, TCB: {'PD_1': ['PD_2'], 'PD_2': ['PD_1']}, FR: {'PD_1,PD_2': inf}
  Computing metrics...
    RSI: {'PD_1,PD_2': 0.3333333333333333}, ASR: 2.0, TCB: {'PD_1': ['PD_2'], 'PD_2': ['PD_1']}, FR: {'PD_1,PD_2': inf}
  Computing metrics...
    RSI: {'PD_1,PD_2': 0.3333333333333333}, ASR: 2.0, TCB: {'PD_1': ['PD_2'], 'PD_2': ['PD_1']}, FR: {'PD_1,PD_2': inf}
  Computing metrics...
    RSI: {'PD_1,PD_2': 0.3333333333333333}, ASR: 2.0, TCB: {'PD_1': ['PD_2'], 'PD_2': ['PD_1']}, FR: {'PD_1,PD_2': inf}
  Computing metrics...
    RSI: {'PD_1,PD_2': 0.3333333333333333}, ASR: 2.0, TCB: {'PD_1': ['PD_2'], 'PD_2': ['PD_1']}, FR: {'PD_1,PD_2': inf}
  Computing metrics...
    RSI: {'PD_1,PD_2': 0.3333333333333333}, ASR: 2.0, TCB: {'PD_1': ['PD_2'], 'PD_2': ['PD_1']}, FR: {'PD_1,PD_2': inf}
  Computing metrics...
    RSI: {'PD_1,PD_2': 0.3333333333333333}, ASR: 2.0, TCB: {'PD_1': ['PD_2'], 'PD_2': ['PD_1']}, FR: {'PD_1,PD_2': inf}
  Computing metrics...
    RSI: {'PD_1,PD_2': 0.3333333333333333}, ASR: 2.0, TCB: {'PD_1': ['PD_2'], 'PD_2': ['PD_1']}, FR: {'PD_1,PD_2': inf}
  Computing metrics...
    RSI: {'PD_1,PD_2': 0.3333333333333333}, ASR: 2.0, TCB: {'PD_1': ['PD_2'], 'PD_2': ['PD_1']}, FR: {'PD_1,PD_2': inf}
  Computing metrics...
    RSI: {'PD_1,PD_2': 0.3333333333333333}, ASR: 2.0, TCB: {'PD_1': ['PD_2'], 'PD_2': ['PD_1']}, FR: {'PD_1,PD_2': inf}
  Computing metrics...
    RSI: {'PD_1,PD_2': 0.3333333333333333}, ASR: 2.0, TCB: {'PD_1': ['PD_2'], 'PD_2': ['PD_1']}, FR: {'PD_1,PD_2': inf}
  Computing metrics...
    RSI: {'PD_1,PD_2': 0.3333333333333333}, ASR: 2.0, TCB: {'PD_1': ['PD_2'], 'PD_2': ['PD_1']}, FR: {'PD_1,PD_2': inf}
  Computing metrics...
    RSI: {'PD_1,PD_2': 0.3333333333333333}, ASR: 2.0, TCB: {'PD_1': ['PD_2'], 'PD_2': ['PD_1']}, FR: {'PD_1,PD_2': inf}
  Computing metrics...
    RSI: {'PD_1,PD_2': 0.3333333333333333}, ASR: 2.0, TCB: {'PD_1': ['PD_2'], 'PD_2': ['PD_1']}, FR: {'PD_1,PD_2': inf}
  Computing metrics...
    RSI: {'PD_1,PD_2': 0.3333333333333333}, ASR: 2.0, TCB: {'PD_1': ['PD_2'], 'PD_2': ['PD_1']}, FR: {'PD_1,PD_2': inf}
  Computing metrics...
    RSI: {'PD_1,PD_2': 0.3333333333333333}, ASR: 2.0, TCB: {'PD_1': ['PD_2'], 'PD_2': ['PD_1']}, FR: {'PD_1,PD_2': inf}
  Computing metrics...
    RSI: {'PD_1,PD_2': 0.3333333333333333}, ASR: 2.0, TCB: {'PD_1': ['PD_2'], 'PD_2': ['PD_1']}, FR: {'PD_1,PD_2': inf}
  Computing metrics...
    RSI: {'PD_1,PD_2': 0.3333333333333333}, ASR: 2.0, TCB: {'PD_1': ['PD_2'], 'PD_2': ['PD_1']}, FR: {'PD_1,PD_2': inf}
  Computing metrics...
    RSI: {'PD_1,PD_2': 0.6666666666666666}, ASR: 2.5, TCB: {'PD_1': ['PD_2'], 'PD_2': ['PD_1']}, FR: {'PD_1,PD_2': inf}
  Computing metrics...
    RSI: {'PD_1,PD_2': 0.3333333333333333}, ASR: 2.0, TCB: {'PD_1': ['PD_2'], 'PD_2': ['PD_1']}, FR: {'PD_1,PD_2': inf}
  Computing metrics...
    RSI: {'PD_1,PD_2': 0.25}, ASR: 2.5, TCB: {'PD_1': ['PD_2'], 'PD_2': ['PD_1']}, FR: {'PD_1,PD_2': inf}
  Computing metrics...
    RSI: {'PD_1,PD_2': 0.3333333333333333}, ASR: 2.0, TCB: {'PD_1': ['PD_2'], 'PD_2': ['PD_1']}, FR: {'PD_1,PD_2': inf}
  Computing metrics...
    RSI: {'PD_1,PD_2': 0.25}, ASR: 2.5, TCB: {'PD_1': ['PD_2'], 'PD_2': ['PD_1']}, FR: {'PD_1,PD_2': inf}
  Computing metrics...
    RSI: {'PD_1,PD_2': 0.3333333333333333}, ASR: 2.0, TCB: {'PD_1': ['PD_2'], 'PD_2': ['PD_1']}, FR: {'PD_1,PD_2': inf}
  Computing metrics...
    RSI: {'PD_1,PD_2': 0.25}, ASR: 2.5, TCB: {'PD_1': ['PD_2'], 'PD_2': ['PD_1']}, FR: {'PD_1,PD_2': inf}
  Computing metrics...
    RSI: {'PD_1,PD_2': 0.3333333333333333}, ASR: 2.0, TCB: {'PD_1': ['PD_2'], 'PD_2': ['PD_1']}, FR: {'PD_1,PD_2': inf}
  Computing metrics...
    RSI: {'PD_1,PD_2': 0.25}, ASR: 2.5, TCB: {'PD_1': ['PD_2'], 'PD_2': ['PD_1']}, FR: {'PD_1,PD_2': inf}
  Computing metrics...
    RSI: {'PD_1,PD_2': 0.3333333333333333}, ASR: 2.0, TCB: {'PD_1': ['PD_2'], 'PD_2': ['PD_1']}, FR: {'PD_1,PD_2': inf}
  Computing metrics...
    RSI: {'PD_1,PD_2': 0.25}, ASR: 2.5, TCB: {'PD_1': ['PD_2'], 'PD_2': ['PD_1']}, FR: {'PD_1,PD_2': inf}
  Computing metrics...
    RSI: {'PD_1,PD_2': 0.3333333333333333}, ASR: 2.0, TCB: {'PD_1': ['PD_2'], 'PD_2': ['PD_1']}, FR: {'PD_1,PD_2': inf}
  Computing metrics...
    RSI: {'PD_1,PD_2': 0.25}, ASR: 2.5, TCB: {'PD_1': ['PD_2'], 'PD_2': ['PD_1']}, FR: {'PD_1,PD_2': inf}
  Computing metrics...
    RSI: {'PD_1,PD_2': 0.3333333333333333}, ASR: 2.0, TCB: {'PD_1': ['PD_2'], 'PD_2': ['PD_1']}, FR: {'PD_1,PD_2': inf}
  Computing metrics...
    RSI: {'PD_1,PD_2': 0.6666666666666666}, ASR: 2.5, TCB: {'PD_1': ['PD_2'], 'PD_2': ['PD_1']}, FR: {'PD_1,PD_2': inf}
  Computing metrics...
    RSI: {'PD_1,PD_2': 0.3333333333333333}, ASR: 2.0, TCB: {'PD_1': ['PD_2'], 'PD_2': ['PD_1']}, FR: {'PD_1,PD_2': inf}
  Computing metrics...
    RSI: {'PD_1,PD_2': 0.25}, ASR: 2.5, TCB: {'PD_1': ['PD_2'], 'PD_2': ['PD_1']}, FR: {'PD_1,PD_2': inf}
  Computing metrics...
    RSI: {'PD_1,PD_2': 0.3333333333333333}, ASR: 2.0, TCB: {'PD_1': ['PD_2'], 'PD_2': ['PD_1']}, FR: {'PD_1,PD_2': inf}
  Computing metrics...
    RSI: {'PD_1,PD_2': 0.25}, ASR: 2.5, TCB: {'PD_1': ['PD_2'], 'PD_2': ['PD_1']}, FR: {'PD_1,PD_2': inf}
  Computing metrics...
    RSI: {'PD_1,PD_2': 0.3333333333333333}, ASR: 2.0, TCB: {'PD_1': ['PD_2'], 'PD_2': ['PD_1']}, FR: {'PD_1,PD_2': inf}
  Computing metrics...
    RSI: {'PD_1,PD_2': 0.25}, ASR: 2.5, TCB: {'PD_1': ['PD_2'], 'PD_2': ['PD_1']}, FR: {'PD_1,PD_2': inf}
  Computing metrics...
    RSI: {'PD_1,PD_2': 0.3333333333333333}, ASR: 2.0, TCB: {'PD_1': ['PD_2'], 'PD_2': ['PD_1']}, FR: {'PD_1,PD_2': inf}
  Computing metrics...
    RSI: {'PD_1,PD_2': 0.25}, ASR: 2.5, TCB: {'PD_1': ['PD_2'], 'PD_2': ['PD_1']}, FR: {'PD_1,PD_2': inf}
  Computing metrics...
    RSI: {'PD_1,PD_2': 0.3333333333333333}, ASR: 2.0, TCB: {'PD_1': ['PD_2'], 'PD_2': ['PD_1']}, FR: {'PD_1,PD_2': inf}
  Computing metrics...
    RSI: {'PD_1,PD_2': 0.25}, ASR: 2.5, TCB: {'PD_1': ['PD_2'], 'PD_2': ['PD_1']}, FR: {'PD_1,PD_2': inf}
  Computing metrics...
    RSI: {'PD_1,PD_2': 0.3333333333333333}, ASR: 2.0, TCB: {'PD_1': ['PD_2'], 'PD_2': ['PD_1']}, FR: {'PD_1,PD_2': inf}
  Computing metrics...
    RSI: {'PD_1,PD_2': 0.25}, ASR: 2.5, TCB: {'PD_1': ['PD_2'], 'PD_2': ['PD_1']}, FR: {'PD_1,PD_2': inf}
  Computing metrics...
    RSI: {'PD_1,PD_2': 0.3333333333333333}, ASR: 2.0, TCB: {'PD_1': ['PD_2'], 'PD_2': ['PD_1']}, FR: {'PD_1,PD_2': inf}
  Computing metrics...
    RSI: {'PD_1,PD_2': 0.3333333333333333}, ASR: 2.5, TCB: {'PD_1': ['PD_2'], 'PD_2': ['PD_1']}, FR: {'PD_1,PD_2': inf}
  Computing metrics...
    RSI: {'PD_1,PD_2': 0.3333333333333333}, ASR: 2.0, TCB: {'PD_1': ['PD_2'], 'PD_2': ['PD_1']}, FR: {'PD_1,PD_2': inf}
  Computing metrics...
    RSI: {'PD_1,PD_2': 0.3333333333333333}, ASR: 2.5, TCB: {'PD_1': ['PD_2'], 'PD_2': ['PD_1']}, FR: {'PD_1,PD_2': inf}
  Computing metrics...
    RSI: {'PD_1,PD_2': 0.3333333333333333}, ASR: 2.0, TCB: {'PD_1': ['PD_2'], 'PD_2': ['PD_1']}, FR: {'PD_1,PD_2': inf}
  Computing metrics...
    RSI: {'PD_1,PD_2': 0.3333333333333333}, ASR: 2.0, TCB: {'PD_1': ['PD_2'], 'PD_2': ['PD_1']}, FR: {'PD_1,PD_2': inf}
  Computing metrics...
    RSI: {'PD_1,PD_2': 0.3333333333333333}, ASR: 2.0, TCB: {'PD_1': ['PD_2'], 'PD_2': ['PD_1']}, FR: {'PD_1,PD_2': inf}
  Computing metrics...
    RSI: {'PD_1,PD_2': 0.3333333333333333}, ASR: 2.0, TCB: {'PD_1': ['PD_2'], 'PD_2': ['PD_1']}, FR: {'PD_1,PD_2': inf}
  Computing metrics...
    RSI: {'PD_1,PD_2': 0.3333333333333333}, ASR: 2.0, TCB: {'PD_1': ['PD_2'], 'PD_2': ['PD_1']}, FR: {'PD_1,PD_2': inf}
  Computing metrics...
    RSI: {'PD_1,PD_2': 0.3333333333333333}, ASR: 2.0, TCB: {'PD_1': ['PD_2'], 'PD_2': ['PD_1']}, FR: {'PD_1,PD_2': inf}
  Computing metrics...
    RSI: {'PD_1,PD_2': 0.3333333333333333}, ASR: 2.0, TCB: {'PD_1': ['PD_2'], 'PD_2': ['PD_1']}, FR: {'PD_1,PD_2': inf}
  Computing metrics...
    RSI: {'PD_1,PD_2': 0.3333333333333333}, ASR: 2.0, TCB: {'PD_1': ['PD_2'], 'PD_2': ['PD_1']}, FR: {'PD_1,PD_2': inf}
  Computing metrics...
    RSI: {'PD_1,PD_2': 0.3333333333333333}, ASR: 2.0, TCB: {'PD_1': ['PD_2'], 'PD_2': ['PD_1']}, FR: {'PD_1,PD_2': inf}
  Computing metrics...
    RSI: {'PD_1,PD_2': 0.3333333333333333}, ASR: 2.0, TCB: {'PD_1': ['PD_2'], 'PD_2': ['PD_1']}, FR: {'PD_1,PD_2': inf}
  Computing metrics...
    RSI: {'PD_1,PD_2': 0.3333333333333333}, ASR: 2.0, TCB: {'PD_1': ['PD_2'], 'PD_2': ['PD_1']}, FR: {'PD_1,PD_2': inf}
  Computing metrics...
    RSI: {'PD_1,PD_2': 0.3333333333333333}, ASR: 2.0, TCB: {'PD_1': ['PD_2'], 'PD_2': ['PD_1']}, FR: {'PD_1,PD_2': inf}
  Computing metrics...
    RSI: {'PD_1,PD_2': 0.3333333333333333}, ASR: 2.0, TCB: {'PD_1': ['PD_2'], 'PD_2': ['PD_1']}, FR: {'PD_1,PD_2': inf}
  Computing metrics...
    RSI: {'PD_1,PD_2': 0.3333333333333333}, ASR: 2.0, TCB: {'PD_1': ['PD_2'], 'PD_2': ['PD_1']}, FR: {'PD_1,PD_2': inf}
  Computing metrics...
    RSI: {'PD_1,PD_2': 0.3333333333333333}, ASR: 2.0, TCB: {'PD_1': ['PD_2'], 'PD_2': ['PD_1']}, FR: {'PD_1,PD_2': inf}
  Computing metrics...
    RSI: {'PD_1,PD_2': 0.3333333333333333}, ASR: 2.0, TCB: {'PD_1': ['PD_2'], 'PD_2': ['PD_1']}, FR: {'PD_1,PD_2': inf}
  Computing metrics...
    RSI: {'PD_1,PD_2': 0.3333333333333333}, ASR: 2.0, TCB: {'PD_1': ['PD_2'], 'PD_2': ['PD_1']}, FR: {'PD_1,PD_2': inf}
  Computing metrics...
    RSI: {'PD_1,PD_2': 0.3333333333333333}, ASR: 2.0, TCB: {'PD_1': ['PD_2'], 'PD_2': ['PD_1']}, FR: {'PD_1,PD_2': inf}
  🚫 Filtered out 0 'add_file_resource(create new CONFIG file in FILE_SPACE_1)' candidates (avoiding repetition)
  Trying best transition: primitive
    Target: create new CONFIG file in FILE_SPACE_1
    Predicted improvement: 0.700
    Considered 36 other option(s):
      1. primitive: create new DATABASE file in FILE_SPACE_1 (improvement: 0.700)
      2. primitive: create new TEMP file in FILE_SPACE_1 (improvement: 0.700)
      3. primitive: create new LOG file in FILE_SPACE_1 (improvement: 0.700)
      4. primitive: add new protection domain for system expansion (improvement: 0.544)
      5. primitive: remove FILE_1_3 (holders: 2) (improvement: 0.100)
      6. primitive: remove FILE_1_4 (holders: 0) (improvement: 0.100)
      7. primitive: remove FILE_1_5 (holders: 0) (improvement: 0.100)
      8. primitive: remove FILE_1_6 (holders: 0) (improvement: 0.100)
      9. primitive: remove FILE_1_7 (holders: 0) (improvement: 0.100)
      10. primitive: remove FILE_1_8 (holders: 0) (improvement: 0.100)
      ... and 26 more
    ✅ Applied add_file_resource
  📋 Generated 37 candidate(s)
  Computing metrics...
    RSI: {'PD_1,PD_2': 0.3333333333333333}, ASR: 2.0, TCB: {'PD_1': ['PD_2'], 'PD_2': ['PD_1']}, FR: {'PD_1,PD_2': inf}
    ✅ Added candidate: add_file_resource (score: 0.700)
  Computing metrics...
    RSI: {'PD_1,PD_2': 0.3333333333333333}, ASR: 2.0, TCB: {'PD_1': ['PD_2'], 'PD_2': ['PD_1']}, FR: {'PD_1,PD_2': inf}
    ✅ Added candidate: add_file_resource (score: 0.700)

🌟 Expanding Beam[1] (score: 0.700)
  Computing metrics...
    RSI: {'PD_1,PD_2': 0.3333333333333333}, ASR: 2.0, TCB: {'PD_1': ['PD_2'], 'PD_2': ['PD_1']}, FR: {'PD_1,PD_2': inf}
    Goal not met: RSI[PD_1,PD_2]=0.333 > 0.3
  Computing metrics...
    RSI: {'PD_1,PD_2': 0.3333333333333333}, ASR: 2.0, TCB: {'PD_1': ['PD_2'], 'PD_2': ['PD_1']}, FR: {'PD_1,PD_2': inf}
  Computing metrics...
    RSI: {'PD_1,PD_2': 0.3333333333333333, 'PD_1,PD_3': 0.0, 'PD_2,PD_3': 0.0}, ASR: 1.3333333333333333, TCB: {'PD_1': ['PD_2'], 'PD_2': ['PD_1'], 'PD_3': []}, FR: {'PD_1,PD_2': inf, 'PD_1,PD_3': inf, 'PD_2,PD_3': inf}
  Computing metrics...
    RSI: {'PD_1,PD_2': 0.3333333333333333}, ASR: 2.0, TCB: {'PD_1': ['PD_2'], 'PD_2': ['PD_1']}, FR: {'PD_1,PD_2': inf}
  Computing metrics...
    RSI: {'PD_1,PD_2': 0.3333333333333333}, ASR: 2.0, TCB: {'PD_1': ['PD_2'], 'PD_2': ['PD_1']}, FR: {'PD_1,PD_2': inf}
  Computing metrics...
    RSI: {'PD_1,PD_2': 0.3333333333333333}, ASR: 2.0, TCB: {'PD_1': ['PD_2'], 'PD_2': ['PD_1']}, FR: {'PD_1,PD_2': inf}
  Computing metrics...
    RSI: {'PD_1,PD_2': 0.3333333333333333}, ASR: 2.0, TCB: {'PD_1': ['PD_2'], 'PD_2': ['PD_1']}, FR: {'PD_1,PD_2': inf}
  Computing metrics...
    RSI: {'PD_1,PD_2': 0.3333333333333333}, ASR: 2.0, TCB: {'PD_1': ['PD_2'], 'PD_2': ['PD_1']}, FR: {'PD_1,PD_2': inf}
  Computing metrics...
    RSI: {'PD_1,PD_2': 0.3333333333333333}, ASR: 2.0, TCB: {'PD_1': ['PD_2'], 'PD_2': ['PD_1']}, FR: {'PD_1,PD_2': inf}
  Computing metrics...
    RSI: {'PD_1,PD_2': 0.3333333333333333}, ASR: 2.0, TCB: {'PD_1': ['PD_2'], 'PD_2': ['PD_1']}, FR: {'PD_1,PD_2': inf}
  Computing metrics...
    RSI: {'PD_1,PD_2': 0.3333333333333333}, ASR: 2.0, TCB: {'PD_1': ['PD_2'], 'PD_2': ['PD_1']}, FR: {'PD_1,PD_2': inf}
  Computing metrics...
    RSI: {'PD_1,PD_2': 0.3333333333333333}, ASR: 2.0, TCB: {'PD_1': ['PD_2'], 'PD_2': ['PD_1']}, FR: {'PD_1,PD_2': inf}
  Computing metrics...
    RSI: {'PD_1,PD_2': 0.3333333333333333}, ASR: 2.0, TCB: {'PD_1': ['PD_2'], 'PD_2': ['PD_1']}, FR: {'PD_1,PD_2': inf}
  Computing metrics...
    RSI: {'PD_1,PD_2': 0.3333333333333333}, ASR: 2.0, TCB: {'PD_1': ['PD_2'], 'PD_2': ['PD_1']}, FR: {'PD_1,PD_2': inf}
  Computing metrics...
    RSI: {'PD_1,PD_2': 0.3333333333333333}, ASR: 2.0, TCB: {'PD_1': ['PD_2'], 'PD_2': ['PD_1']}, FR: {'PD_1,PD_2': inf}
  Computing metrics...
    RSI: {'PD_1,PD_2': 0.3333333333333333}, ASR: 2.0, TCB: {'PD_1': ['PD_2'], 'PD_2': ['PD_1']}, FR: {'PD_1,PD_2': inf}
  Computing metrics...
    RSI: {'PD_1,PD_2': 0.3333333333333333}, ASR: 2.0, TCB: {'PD_1': ['PD_2'], 'PD_2': ['PD_1']}, FR: {'PD_1,PD_2': inf}
  Computing metrics...
    RSI: {'PD_1,PD_2': 0.3333333333333333}, ASR: 2.0, TCB: {'PD_1': ['PD_2'], 'PD_2': ['PD_1']}, FR: {'PD_1,PD_2': inf}
  Computing metrics...
    RSI: {'PD_1,PD_2': 0.3333333333333333}, ASR: 2.0, TCB: {'PD_1': ['PD_2'], 'PD_2': ['PD_1']}, FR: {'PD_1,PD_2': inf}
  Computing metrics...
    RSI: {'PD_1,PD_2': 0.3333333333333333}, ASR: 2.0, TCB: {'PD_1': ['PD_2'], 'PD_2': ['PD_1']}, FR: {'PD_1,PD_2': inf}
  Computing metrics...
    RSI: {'PD_1,PD_2': 0.3333333333333333}, ASR: 2.0, TCB: {'PD_1': ['PD_2'], 'PD_2': ['PD_1']}, FR: {'PD_1,PD_2': inf}
  Computing metrics...
    RSI: {'PD_1,PD_2': 0.3333333333333333}, ASR: 2.0, TCB: {'PD_1': ['PD_2'], 'PD_2': ['PD_1']}, FR: {'PD_1,PD_2': inf}
  Computing metrics...
    RSI: {'PD_1,PD_2': 0.3333333333333333}, ASR: 2.0, TCB: {'PD_1': ['PD_2'], 'PD_2': ['PD_1']}, FR: {'PD_1,PD_2': inf}
  Computing metrics...
    RSI: {'PD_1,PD_2': 0.3333333333333333}, ASR: 2.0, TCB: {'PD_1': ['PD_2'], 'PD_2': ['PD_1']}, FR: {'PD_1,PD_2': inf}
  Computing metrics...
    RSI: {'PD_1,PD_2': 0.3333333333333333}, ASR: 2.0, TCB: {'PD_1': ['PD_2'], 'PD_2': ['PD_1']}, FR: {'PD_1,PD_2': inf}
  Computing metrics...
    RSI: {'PD_1,PD_2': 0.3333333333333333}, ASR: 2.0, TCB: {'PD_1': ['PD_2'], 'PD_2': ['PD_1']}, FR: {'PD_1,PD_2': inf}
  Computing metrics...
    RSI: {'PD_1,PD_2': 0.6666666666666666}, ASR: 2.5, TCB: {'PD_1': ['PD_2'], 'PD_2': ['PD_1']}, FR: {'PD_1,PD_2': inf}
  Computing metrics...
    RSI: {'PD_1,PD_2': 0.3333333333333333}, ASR: 2.0, TCB: {'PD_1': ['PD_2'], 'PD_2': ['PD_1']}, FR: {'PD_1,PD_2': inf}
  Computing metrics...
    RSI: {'PD_1,PD_2': 0.25}, ASR: 2.5, TCB: {'PD_1': ['PD_2'], 'PD_2': ['PD_1']}, FR: {'PD_1,PD_2': inf}
  Computing metrics...
    RSI: {'PD_1,PD_2': 0.3333333333333333}, ASR: 2.0, TCB: {'PD_1': ['PD_2'], 'PD_2': ['PD_1']}, FR: {'PD_1,PD_2': inf}
  Computing metrics...
    RSI: {'PD_1,PD_2': 0.25}, ASR: 2.5, TCB: {'PD_1': ['PD_2'], 'PD_2': ['PD_1']}, FR: {'PD_1,PD_2': inf}
  Computing metrics...
    RSI: {'PD_1,PD_2': 0.3333333333333333}, ASR: 2.0, TCB: {'PD_1': ['PD_2'], 'PD_2': ['PD_1']}, FR: {'PD_1,PD_2': inf}
  Computing metrics...
    RSI: {'PD_1,PD_2': 0.25}, ASR: 2.5, TCB: {'PD_1': ['PD_2'], 'PD_2': ['PD_1']}, FR: {'PD_1,PD_2': inf}
  Computing metrics...
    RSI: {'PD_1,PD_2': 0.3333333333333333}, ASR: 2.0, TCB: {'PD_1': ['PD_2'], 'PD_2': ['PD_1']}, FR: {'PD_1,PD_2': inf}
  Computing metrics...
    RSI: {'PD_1,PD_2': 0.25}, ASR: 2.5, TCB: {'PD_1': ['PD_2'], 'PD_2': ['PD_1']}, FR: {'PD_1,PD_2': inf}
  Computing metrics...
    RSI: {'PD_1,PD_2': 0.3333333333333333}, ASR: 2.0, TCB: {'PD_1': ['PD_2'], 'PD_2': ['PD_1']}, FR: {'PD_1,PD_2': inf}
  Computing metrics...
    RSI: {'PD_1,PD_2': 0.25}, ASR: 2.5, TCB: {'PD_1': ['PD_2'], 'PD_2': ['PD_1']}, FR: {'PD_1,PD_2': inf}
  Computing metrics...
    RSI: {'PD_1,PD_2': 0.3333333333333333}, ASR: 2.0, TCB: {'PD_1': ['PD_2'], 'PD_2': ['PD_1']}, FR: {'PD_1,PD_2': inf}
  Computing metrics...
    RSI: {'PD_1,PD_2': 0.25}, ASR: 2.5, TCB: {'PD_1': ['PD_2'], 'PD_2': ['PD_1']}, FR: {'PD_1,PD_2': inf}
  Computing metrics...
    RSI: {'PD_1,PD_2': 0.3333333333333333}, ASR: 2.0, TCB: {'PD_1': ['PD_2'], 'PD_2': ['PD_1']}, FR: {'PD_1,PD_2': inf}
  Computing metrics...
    RSI: {'PD_1,PD_2': 0.6666666666666666}, ASR: 2.5, TCB: {'PD_1': ['PD_2'], 'PD_2': ['PD_1']}, FR: {'PD_1,PD_2': inf}
  Computing metrics...
    RSI: {'PD_1,PD_2': 0.3333333333333333}, ASR: 2.0, TCB: {'PD_1': ['PD_2'], 'PD_2': ['PD_1']}, FR: {'PD_1,PD_2': inf}
  Computing metrics...
    RSI: {'PD_1,PD_2': 0.25}, ASR: 2.5, TCB: {'PD_1': ['PD_2'], 'PD_2': ['PD_1']}, FR: {'PD_1,PD_2': inf}
  Computing metrics...
    RSI: {'PD_1,PD_2': 0.3333333333333333}, ASR: 2.0, TCB: {'PD_1': ['PD_2'], 'PD_2': ['PD_1']}, FR: {'PD_1,PD_2': inf}
  Computing metrics...
    RSI: {'PD_1,PD_2': 0.25}, ASR: 2.5, TCB: {'PD_1': ['PD_2'], 'PD_2': ['PD_1']}, FR: {'PD_1,PD_2': inf}
  Computing metrics...
    RSI: {'PD_1,PD_2': 0.3333333333333333}, ASR: 2.0, TCB: {'PD_1': ['PD_2'], 'PD_2': ['PD_1']}, FR: {'PD_1,PD_2': inf}
  Computing metrics...
    RSI: {'PD_1,PD_2': 0.25}, ASR: 2.5, TCB: {'PD_1': ['PD_2'], 'PD_2': ['PD_1']}, FR: {'PD_1,PD_2': inf}
  Computing metrics...
    RSI: {'PD_1,PD_2': 0.3333333333333333}, ASR: 2.0, TCB: {'PD_1': ['PD_2'], 'PD_2': ['PD_1']}, FR: {'PD_1,PD_2': inf}
  Computing metrics...
    RSI: {'PD_1,PD_2': 0.25}, ASR: 2.5, TCB: {'PD_1': ['PD_2'], 'PD_2': ['PD_1']}, FR: {'PD_1,PD_2': inf}
  Computing metrics...
    RSI: {'PD_1,PD_2': 0.3333333333333333}, ASR: 2.0, TCB: {'PD_1': ['PD_2'], 'PD_2': ['PD_1']}, FR: {'PD_1,PD_2': inf}
  Computing metrics...
    RSI: {'PD_1,PD_2': 0.25}, ASR: 2.5, TCB: {'PD_1': ['PD_2'], 'PD_2': ['PD_1']}, FR: {'PD_1,PD_2': inf}
  Computing metrics...
    RSI: {'PD_1,PD_2': 0.3333333333333333}, ASR: 2.0, TCB: {'PD_1': ['PD_2'], 'PD_2': ['PD_1']}, FR: {'PD_1,PD_2': inf}
  Computing metrics...
    RSI: {'PD_1,PD_2': 0.25}, ASR: 2.5, TCB: {'PD_1': ['PD_2'], 'PD_2': ['PD_1']}, FR: {'PD_1,PD_2': inf}
  Computing metrics...
    RSI: {'PD_1,PD_2': 0.3333333333333333}, ASR: 2.0, TCB: {'PD_1': ['PD_2'], 'PD_2': ['PD_1']}, FR: {'PD_1,PD_2': inf}
  Computing metrics...
    RSI: {'PD_1,PD_2': 0.3333333333333333}, ASR: 2.5, TCB: {'PD_1': ['PD_2'], 'PD_2': ['PD_1']}, FR: {'PD_1,PD_2': inf}
  Computing metrics...
    RSI: {'PD_1,PD_2': 0.3333333333333333}, ASR: 2.0, TCB: {'PD_1': ['PD_2'], 'PD_2': ['PD_1']}, FR: {'PD_1,PD_2': inf}
  Computing metrics...
    RSI: {'PD_1,PD_2': 0.3333333333333333}, ASR: 2.5, TCB: {'PD_1': ['PD_2'], 'PD_2': ['PD_1']}, FR: {'PD_1,PD_2': inf}
  Computing metrics...
    RSI: {'PD_1,PD_2': 0.3333333333333333}, ASR: 2.0, TCB: {'PD_1': ['PD_2'], 'PD_2': ['PD_1']}, FR: {'PD_1,PD_2': inf}
  Computing metrics...
    RSI: {'PD_1,PD_2': 0.3333333333333333}, ASR: 2.0, TCB: {'PD_1': ['PD_2'], 'PD_2': ['PD_1']}, FR: {'PD_1,PD_2': inf}
  Computing metrics...
    RSI: {'PD_1,PD_2': 0.3333333333333333}, ASR: 2.0, TCB: {'PD_1': ['PD_2'], 'PD_2': ['PD_1']}, FR: {'PD_1,PD_2': inf}
  Computing metrics...
    RSI: {'PD_1,PD_2': 0.3333333333333333}, ASR: 2.0, TCB: {'PD_1': ['PD_2'], 'PD_2': ['PD_1']}, FR: {'PD_1,PD_2': inf}
  Computing metrics...
    RSI: {'PD_1,PD_2': 0.3333333333333333}, ASR: 2.0, TCB: {'PD_1': ['PD_2'], 'PD_2': ['PD_1']}, FR: {'PD_1,PD_2': inf}
  Computing metrics...
    RSI: {'PD_1,PD_2': 0.3333333333333333}, ASR: 2.0, TCB: {'PD_1': ['PD_2'], 'PD_2': ['PD_1']}, FR: {'PD_1,PD_2': inf}
  Computing metrics...
    RSI: {'PD_1,PD_2': 0.3333333333333333}, ASR: 2.0, TCB: {'PD_1': ['PD_2'], 'PD_2': ['PD_1']}, FR: {'PD_1,PD_2': inf}
  Computing metrics...
    RSI: {'PD_1,PD_2': 0.3333333333333333}, ASR: 2.0, TCB: {'PD_1': ['PD_2'], 'PD_2': ['PD_1']}, FR: {'PD_1,PD_2': inf}
  Computing metrics...
    RSI: {'PD_1,PD_2': 0.3333333333333333}, ASR: 2.0, TCB: {'PD_1': ['PD_2'], 'PD_2': ['PD_1']}, FR: {'PD_1,PD_2': inf}
  Computing metrics...
    RSI: {'PD_1,PD_2': 0.3333333333333333}, ASR: 2.0, TCB: {'PD_1': ['PD_2'], 'PD_2': ['PD_1']}, FR: {'PD_1,PD_2': inf}
  Computing metrics...
    RSI: {'PD_1,PD_2': 0.3333333333333333}, ASR: 2.0, TCB: {'PD_1': ['PD_2'], 'PD_2': ['PD_1']}, FR: {'PD_1,PD_2': inf}
  Computing metrics...
    RSI: {'PD_1,PD_2': 0.3333333333333333}, ASR: 2.0, TCB: {'PD_1': ['PD_2'], 'PD_2': ['PD_1']}, FR: {'PD_1,PD_2': inf}
  Computing metrics...
    RSI: {'PD_1,PD_2': 0.3333333333333333}, ASR: 2.0, TCB: {'PD_1': ['PD_2'], 'PD_2': ['PD_1']}, FR: {'PD_1,PD_2': inf}
  Computing metrics...
    RSI: {'PD_1,PD_2': 0.3333333333333333}, ASR: 2.0, TCB: {'PD_1': ['PD_2'], 'PD_2': ['PD_1']}, FR: {'PD_1,PD_2': inf}
  Computing metrics...
    RSI: {'PD_1,PD_2': 0.3333333333333333}, ASR: 2.0, TCB: {'PD_1': ['PD_2'], 'PD_2': ['PD_1']}, FR: {'PD_1,PD_2': inf}
  Computing metrics...
    RSI: {'PD_1,PD_2': 0.3333333333333333}, ASR: 2.0, TCB: {'PD_1': ['PD_2'], 'PD_2': ['PD_1']}, FR: {'PD_1,PD_2': inf}
  Computing metrics...
    RSI: {'PD_1,PD_2': 0.3333333333333333}, ASR: 2.0, TCB: {'PD_1': ['PD_2'], 'PD_2': ['PD_1']}, FR: {'PD_1,PD_2': inf}
  Computing metrics...
    RSI: {'PD_1,PD_2': 0.3333333333333333}, ASR: 2.0, TCB: {'PD_1': ['PD_2'], 'PD_2': ['PD_1']}, FR: {'PD_1,PD_2': inf}
  🚫 Filtered out 0 'add_file_resource(create new DATABASE file in FILE_SPACE_1)' candidates (avoiding repetition)
  Trying best transition: primitive
    Target: create new CONFIG file in FILE_SPACE_1
    Predicted improvement: 0.700
    Considered 36 other option(s):
      1. primitive: create new DATABASE file in FILE_SPACE_1 (improvement: 0.700)
      2. primitive: create new TEMP file in FILE_SPACE_1 (improvement: 0.700)
      3. primitive: create new LOG file in FILE_SPACE_1 (improvement: 0.700)
      4. primitive: add new protection domain for system expansion (improvement: 0.544)
      5. primitive: remove FILE_1_3 (holders: 2) (improvement: 0.100)
      6. primitive: remove FILE_1_4 (holders: 0) (improvement: 0.100)
      7. primitive: remove FILE_1_5 (holders: 0) (improvement: 0.100)
      8. primitive: remove FILE_1_6 (holders: 0) (improvement: 0.100)
      9. primitive: remove FILE_1_7 (holders: 0) (improvement: 0.100)
      10. primitive: remove FILE_1_8 (holders: 0) (improvement: 0.100)
      ... and 26 more
    ✅ Applied add_file_resource
  📋 Generated 37 candidate(s)
  Computing metrics...
    RSI: {'PD_1,PD_2': 0.3333333333333333}, ASR: 2.0, TCB: {'PD_1': ['PD_2'], 'PD_2': ['PD_1']}, FR: {'PD_1,PD_2': inf}
    ✅ Added candidate: add_file_resource (score: 0.700)
  Computing metrics...
    RSI: {'PD_1,PD_2': 0.3333333333333333}, ASR: 2.0, TCB: {'PD_1': ['PD_2'], 'PD_2': ['PD_1']}, FR: {'PD_1,PD_2': inf}
    ✅ Added candidate: add_file_resource (score: 0.700)

🌟 Expanding Beam[2] (score: 0.700)
  Computing metrics...
    RSI: {'PD_1,PD_2': 0.3333333333333333}, ASR: 2.0, TCB: {'PD_1': ['PD_2'], 'PD_2': ['PD_1']}, FR: {'PD_1,PD_2': inf}
    Goal not met: RSI[PD_1,PD_2]=0.333 > 0.3
  Computing metrics...
    RSI: {'PD_1,PD_2': 0.3333333333333333}, ASR: 2.0, TCB: {'PD_1': ['PD_2'], 'PD_2': ['PD_1']}, FR: {'PD_1,PD_2': inf}
  Computing metrics...
    RSI: {'PD_1,PD_2': 0.3333333333333333, 'PD_1,PD_3': 0.0, 'PD_2,PD_3': 0.0}, ASR: 1.3333333333333333, TCB: {'PD_1': ['PD_2'], 'PD_2': ['PD_1'], 'PD_3': []}, FR: {'PD_1,PD_2': inf, 'PD_1,PD_3': inf, 'PD_2,PD_3': inf}
  Computing metrics...
    RSI: {'PD_1,PD_2': 0.3333333333333333}, ASR: 2.0, TCB: {'PD_1': ['PD_2'], 'PD_2': ['PD_1']}, FR: {'PD_1,PD_2': inf}
  Computing metrics...
    RSI: {'PD_1,PD_2': 0.3333333333333333}, ASR: 2.0, TCB: {'PD_1': ['PD_2'], 'PD_2': ['PD_1']}, FR: {'PD_1,PD_2': inf}
  Computing metrics...
    RSI: {'PD_1,PD_2': 0.3333333333333333}, ASR: 2.0, TCB: {'PD_1': ['PD_2'], 'PD_2': ['PD_1']}, FR: {'PD_1,PD_2': inf}
  Computing metrics...
    RSI: {'PD_1,PD_2': 0.3333333333333333}, ASR: 2.0, TCB: {'PD_1': ['PD_2'], 'PD_2': ['PD_1']}, FR: {'PD_1,PD_2': inf}
  Computing metrics...
    RSI: {'PD_1,PD_2': 0.3333333333333333}, ASR: 2.0, TCB: {'PD_1': ['PD_2'], 'PD_2': ['PD_1']}, FR: {'PD_1,PD_2': inf}
  Computing metrics...
    RSI: {'PD_1,PD_2': 0.3333333333333333}, ASR: 2.0, TCB: {'PD_1': ['PD_2'], 'PD_2': ['PD_1']}, FR: {'PD_1,PD_2': inf}
  Computing metrics...
    RSI: {'PD_1,PD_2': 0.3333333333333333}, ASR: 2.0, TCB: {'PD_1': ['PD_2'], 'PD_2': ['PD_1']}, FR: {'PD_1,PD_2': inf}
  Computing metrics...
    RSI: {'PD_1,PD_2': 0.3333333333333333}, ASR: 2.0, TCB: {'PD_1': ['PD_2'], 'PD_2': ['PD_1']}, FR: {'PD_1,PD_2': inf}
  Computing metrics...
    RSI: {'PD_1,PD_2': 0.3333333333333333}, ASR: 2.0, TCB: {'PD_1': ['PD_2'], 'PD_2': ['PD_1']}, FR: {'PD_1,PD_2': inf}
  Computing metrics...
    RSI: {'PD_1,PD_2': 0.3333333333333333}, ASR: 2.0, TCB: {'PD_1': ['PD_2'], 'PD_2': ['PD_1']}, FR: {'PD_1,PD_2': inf}
  Computing metrics...
    RSI: {'PD_1,PD_2': 0.3333333333333333}, ASR: 2.0, TCB: {'PD_1': ['PD_2'], 'PD_2': ['PD_1']}, FR: {'PD_1,PD_2': inf}
  Computing metrics...
    RSI: {'PD_1,PD_2': 0.3333333333333333}, ASR: 2.0, TCB: {'PD_1': ['PD_2'], 'PD_2': ['PD_1']}, FR: {'PD_1,PD_2': inf}
  Computing metrics...
    RSI: {'PD_1,PD_2': 0.3333333333333333}, ASR: 2.0, TCB: {'PD_1': ['PD_2'], 'PD_2': ['PD_1']}, FR: {'PD_1,PD_2': inf}
  Computing metrics...
    RSI: {'PD_1,PD_2': 0.3333333333333333}, ASR: 2.0, TCB: {'PD_1': ['PD_2'], 'PD_2': ['PD_1']}, FR: {'PD_1,PD_2': inf}
  Computing metrics...
    RSI: {'PD_1,PD_2': 0.3333333333333333}, ASR: 2.0, TCB: {'PD_1': ['PD_2'], 'PD_2': ['PD_1']}, FR: {'PD_1,PD_2': inf}
  Computing metrics...
    RSI: {'PD_1,PD_2': 0.3333333333333333}, ASR: 2.0, TCB: {'PD_1': ['PD_2'], 'PD_2': ['PD_1']}, FR: {'PD_1,PD_2': inf}
  Computing metrics...
    RSI: {'PD_1,PD_2': 0.3333333333333333}, ASR: 2.0, TCB: {'PD_1': ['PD_2'], 'PD_2': ['PD_1']}, FR: {'PD_1,PD_2': inf}
  Computing metrics...
    RSI: {'PD_1,PD_2': 0.3333333333333333}, ASR: 2.0, TCB: {'PD_1': ['PD_2'], 'PD_2': ['PD_1']}, FR: {'PD_1,PD_2': inf}
  Computing metrics...
    RSI: {'PD_1,PD_2': 0.3333333333333333}, ASR: 2.0, TCB: {'PD_1': ['PD_2'], 'PD_2': ['PD_1']}, FR: {'PD_1,PD_2': inf}
  Computing metrics...
    RSI: {'PD_1,PD_2': 0.3333333333333333}, ASR: 2.0, TCB: {'PD_1': ['PD_2'], 'PD_2': ['PD_1']}, FR: {'PD_1,PD_2': inf}
  Computing metrics...
    RSI: {'PD_1,PD_2': 0.3333333333333333}, ASR: 2.0, TCB: {'PD_1': ['PD_2'], 'PD_2': ['PD_1']}, FR: {'PD_1,PD_2': inf}
  Computing metrics...
    RSI: {'PD_1,PD_2': 0.3333333333333333}, ASR: 2.0, TCB: {'PD_1': ['PD_2'], 'PD_2': ['PD_1']}, FR: {'PD_1,PD_2': inf}
  Computing metrics...
    RSI: {'PD_1,PD_2': 0.3333333333333333}, ASR: 2.0, TCB: {'PD_1': ['PD_2'], 'PD_2': ['PD_1']}, FR: {'PD_1,PD_2': inf}
  Computing metrics...
    RSI: {'PD_1,PD_2': 0.6666666666666666}, ASR: 2.5, TCB: {'PD_1': ['PD_2'], 'PD_2': ['PD_1']}, FR: {'PD_1,PD_2': inf}
  Computing metrics...
    RSI: {'PD_1,PD_2': 0.3333333333333333}, ASR: 2.0, TCB: {'PD_1': ['PD_2'], 'PD_2': ['PD_1']}, FR: {'PD_1,PD_2': inf}
  Computing metrics...
    RSI: {'PD_1,PD_2': 0.25}, ASR: 2.5, TCB: {'PD_1': ['PD_2'], 'PD_2': ['PD_1']}, FR: {'PD_1,PD_2': inf}
  Computing metrics...
    RSI: {'PD_1,PD_2': 0.3333333333333333}, ASR: 2.0, TCB: {'PD_1': ['PD_2'], 'PD_2': ['PD_1']}, FR: {'PD_1,PD_2': inf}
  Computing metrics...
    RSI: {'PD_1,PD_2': 0.25}, ASR: 2.5, TCB: {'PD_1': ['PD_2'], 'PD_2': ['PD_1']}, FR: {'PD_1,PD_2': inf}
  Computing metrics...
    RSI: {'PD_1,PD_2': 0.3333333333333333}, ASR: 2.0, TCB: {'PD_1': ['PD_2'], 'PD_2': ['PD_1']}, FR: {'PD_1,PD_2': inf}
  Computing metrics...
    RSI: {'PD_1,PD_2': 0.25}, ASR: 2.5, TCB: {'PD_1': ['PD_2'], 'PD_2': ['PD_1']}, FR: {'PD_1,PD_2': inf}
  Computing metrics...
    RSI: {'PD_1,PD_2': 0.3333333333333333}, ASR: 2.0, TCB: {'PD_1': ['PD_2'], 'PD_2': ['PD_1']}, FR: {'PD_1,PD_2': inf}
  Computing metrics...
    RSI: {'PD_1,PD_2': 0.25}, ASR: 2.5, TCB: {'PD_1': ['PD_2'], 'PD_2': ['PD_1']}, FR: {'PD_1,PD_2': inf}
  Computing metrics...
    RSI: {'PD_1,PD_2': 0.3333333333333333}, ASR: 2.0, TCB: {'PD_1': ['PD_2'], 'PD_2': ['PD_1']}, FR: {'PD_1,PD_2': inf}
  Computing metrics...
    RSI: {'PD_1,PD_2': 0.25}, ASR: 2.5, TCB: {'PD_1': ['PD_2'], 'PD_2': ['PD_1']}, FR: {'PD_1,PD_2': inf}
  Computing metrics...
    RSI: {'PD_1,PD_2': 0.3333333333333333}, ASR: 2.0, TCB: {'PD_1': ['PD_2'], 'PD_2': ['PD_1']}, FR: {'PD_1,PD_2': inf}
  Computing metrics...
    RSI: {'PD_1,PD_2': 0.25}, ASR: 2.5, TCB: {'PD_1': ['PD_2'], 'PD_2': ['PD_1']}, FR: {'PD_1,PD_2': inf}
  Computing metrics...
    RSI: {'PD_1,PD_2': 0.3333333333333333}, ASR: 2.0, TCB: {'PD_1': ['PD_2'], 'PD_2': ['PD_1']}, FR: {'PD_1,PD_2': inf}
  Computing metrics...
    RSI: {'PD_1,PD_2': 0.6666666666666666}, ASR: 2.5, TCB: {'PD_1': ['PD_2'], 'PD_2': ['PD_1']}, FR: {'PD_1,PD_2': inf}
  Computing metrics...
    RSI: {'PD_1,PD_2': 0.3333333333333333}, ASR: 2.0, TCB: {'PD_1': ['PD_2'], 'PD_2': ['PD_1']}, FR: {'PD_1,PD_2': inf}
  Computing metrics...
    RSI: {'PD_1,PD_2': 0.25}, ASR: 2.5, TCB: {'PD_1': ['PD_2'], 'PD_2': ['PD_1']}, FR: {'PD_1,PD_2': inf}
  Computing metrics...
    RSI: {'PD_1,PD_2': 0.3333333333333333}, ASR: 2.0, TCB: {'PD_1': ['PD_2'], 'PD_2': ['PD_1']}, FR: {'PD_1,PD_2': inf}
  Computing metrics...
    RSI: {'PD_1,PD_2': 0.25}, ASR: 2.5, TCB: {'PD_1': ['PD_2'], 'PD_2': ['PD_1']}, FR: {'PD_1,PD_2': inf}
  Computing metrics...
    RSI: {'PD_1,PD_2': 0.3333333333333333}, ASR: 2.0, TCB: {'PD_1': ['PD_2'], 'PD_2': ['PD_1']}, FR: {'PD_1,PD_2': inf}
  Computing metrics...
    RSI: {'PD_1,PD_2': 0.25}, ASR: 2.5, TCB: {'PD_1': ['PD_2'], 'PD_2': ['PD_1']}, FR: {'PD_1,PD_2': inf}
  Computing metrics...
    RSI: {'PD_1,PD_2': 0.3333333333333333}, ASR: 2.0, TCB: {'PD_1': ['PD_2'], 'PD_2': ['PD_1']}, FR: {'PD_1,PD_2': inf}
  Computing metrics...
    RSI: {'PD_1,PD_2': 0.25}, ASR: 2.5, TCB: {'PD_1': ['PD_2'], 'PD_2': ['PD_1']}, FR: {'PD_1,PD_2': inf}
  Computing metrics...
    RSI: {'PD_1,PD_2': 0.3333333333333333}, ASR: 2.0, TCB: {'PD_1': ['PD_2'], 'PD_2': ['PD_1']}, FR: {'PD_1,PD_2': inf}
  Computing metrics...
    RSI: {'PD_1,PD_2': 0.25}, ASR: 2.5, TCB: {'PD_1': ['PD_2'], 'PD_2': ['PD_1']}, FR: {'PD_1,PD_2': inf}
  Computing metrics...
    RSI: {'PD_1,PD_2': 0.3333333333333333}, ASR: 2.0, TCB: {'PD_1': ['PD_2'], 'PD_2': ['PD_1']}, FR: {'PD_1,PD_2': inf}
  Computing metrics...
    RSI: {'PD_1,PD_2': 0.25}, ASR: 2.5, TCB: {'PD_1': ['PD_2'], 'PD_2': ['PD_1']}, FR: {'PD_1,PD_2': inf}
  Computing metrics...
    RSI: {'PD_1,PD_2': 0.3333333333333333}, ASR: 2.0, TCB: {'PD_1': ['PD_2'], 'PD_2': ['PD_1']}, FR: {'PD_1,PD_2': inf}
  Computing metrics...
    RSI: {'PD_1,PD_2': 0.3333333333333333}, ASR: 2.5, TCB: {'PD_1': ['PD_2'], 'PD_2': ['PD_1']}, FR: {'PD_1,PD_2': inf}
  Computing metrics...
    RSI: {'PD_1,PD_2': 0.3333333333333333}, ASR: 2.0, TCB: {'PD_1': ['PD_2'], 'PD_2': ['PD_1']}, FR: {'PD_1,PD_2': inf}
  Computing metrics...
    RSI: {'PD_1,PD_2': 0.3333333333333333}, ASR: 2.5, TCB: {'PD_1': ['PD_2'], 'PD_2': ['PD_1']}, FR: {'PD_1,PD_2': inf}
  Computing metrics...
    RSI: {'PD_1,PD_2': 0.3333333333333333}, ASR: 2.0, TCB: {'PD_1': ['PD_2'], 'PD_2': ['PD_1']}, FR: {'PD_1,PD_2': inf}
  Computing metrics...
    RSI: {'PD_1,PD_2': 0.3333333333333333}, ASR: 2.0, TCB: {'PD_1': ['PD_2'], 'PD_2': ['PD_1']}, FR: {'PD_1,PD_2': inf}
  Computing metrics...
    RSI: {'PD_1,PD_2': 0.3333333333333333}, ASR: 2.0, TCB: {'PD_1': ['PD_2'], 'PD_2': ['PD_1']}, FR: {'PD_1,PD_2': inf}
  Computing metrics...
    RSI: {'PD_1,PD_2': 0.3333333333333333}, ASR: 2.0, TCB: {'PD_1': ['PD_2'], 'PD_2': ['PD_1']}, FR: {'PD_1,PD_2': inf}
  Computing metrics...
    RSI: {'PD_1,PD_2': 0.3333333333333333}, ASR: 2.0, TCB: {'PD_1': ['PD_2'], 'PD_2': ['PD_1']}, FR: {'PD_1,PD_2': inf}
  Computing metrics...
    RSI: {'PD_1,PD_2': 0.3333333333333333}, ASR: 2.0, TCB: {'PD_1': ['PD_2'], 'PD_2': ['PD_1']}, FR: {'PD_1,PD_2': inf}
  Computing metrics...
    RSI: {'PD_1,PD_2': 0.3333333333333333}, ASR: 2.0, TCB: {'PD_1': ['PD_2'], 'PD_2': ['PD_1']}, FR: {'PD_1,PD_2': inf}
  Computing metrics...
    RSI: {'PD_1,PD_2': 0.3333333333333333}, ASR: 2.0, TCB: {'PD_1': ['PD_2'], 'PD_2': ['PD_1']}, FR: {'PD_1,PD_2': inf}
  Computing metrics...
    RSI: {'PD_1,PD_2': 0.3333333333333333}, ASR: 2.0, TCB: {'PD_1': ['PD_2'], 'PD_2': ['PD_1']}, FR: {'PD_1,PD_2': inf}
  Computing metrics...
    RSI: {'PD_1,PD_2': 0.3333333333333333}, ASR: 2.0, TCB: {'PD_1': ['PD_2'], 'PD_2': ['PD_1']}, FR: {'PD_1,PD_2': inf}
  Computing metrics...
    RSI: {'PD_1,PD_2': 0.3333333333333333}, ASR: 2.0, TCB: {'PD_1': ['PD_2'], 'PD_2': ['PD_1']}, FR: {'PD_1,PD_2': inf}
  Computing metrics...
    RSI: {'PD_1,PD_2': 0.3333333333333333}, ASR: 2.0, TCB: {'PD_1': ['PD_2'], 'PD_2': ['PD_1']}, FR: {'PD_1,PD_2': inf}
  Computing metrics...
    RSI: {'PD_1,PD_2': 0.3333333333333333}, ASR: 2.0, TCB: {'PD_1': ['PD_2'], 'PD_2': ['PD_1']}, FR: {'PD_1,PD_2': inf}
  Computing metrics...
    RSI: {'PD_1,PD_2': 0.3333333333333333}, ASR: 2.0, TCB: {'PD_1': ['PD_2'], 'PD_2': ['PD_1']}, FR: {'PD_1,PD_2': inf}
  Computing metrics...
    RSI: {'PD_1,PD_2': 0.3333333333333333}, ASR: 2.0, TCB: {'PD_1': ['PD_2'], 'PD_2': ['PD_1']}, FR: {'PD_1,PD_2': inf}
  Computing metrics...
    RSI: {'PD_1,PD_2': 0.3333333333333333}, ASR: 2.0, TCB: {'PD_1': ['PD_2'], 'PD_2': ['PD_1']}, FR: {'PD_1,PD_2': inf}
  Computing metrics...
    RSI: {'PD_1,PD_2': 0.3333333333333333}, ASR: 2.0, TCB: {'PD_1': ['PD_2'], 'PD_2': ['PD_1']}, FR: {'PD_1,PD_2': inf}
  Computing metrics...
    RSI: {'PD_1,PD_2': 0.3333333333333333}, ASR: 2.0, TCB: {'PD_1': ['PD_2'], 'PD_2': ['PD_1']}, FR: {'PD_1,PD_2': inf}
  🚫 Filtered out 0 'add_file_resource(create new CONFIG file in FILE_SPACE_1)' candidates (avoiding repetition)
  Trying best transition: primitive
    Target: create new CONFIG file in FILE_SPACE_1
    Predicted improvement: 0.700
    Considered 36 other option(s):
      1. primitive: create new DATABASE file in FILE_SPACE_1 (improvement: 0.700)
      2. primitive: create new TEMP file in FILE_SPACE_1 (improvement: 0.700)
      3. primitive: create new LOG file in FILE_SPACE_1 (improvement: 0.700)
      4. primitive: add new protection domain for system expansion (improvement: 0.544)
      5. primitive: remove FILE_1_3 (holders: 2) (improvement: 0.100)
      6. primitive: remove FILE_1_4 (holders: 0) (improvement: 0.100)
      7. primitive: remove FILE_1_5 (holders: 0) (improvement: 0.100)
      8. primitive: remove FILE_1_6 (holders: 0) (improvement: 0.100)
      9. primitive: remove FILE_1_7 (holders: 0) (improvement: 0.100)
      10. primitive: remove FILE_1_8 (holders: 0) (improvement: 0.100)
      ... and 26 more
    ✅ Applied add_file_resource
  📋 Generated 37 candidate(s)
  Computing metrics...
    RSI: {'PD_1,PD_2': 0.3333333333333333}, ASR: 2.0, TCB: {'PD_1': ['PD_2'], 'PD_2': ['PD_1']}, FR: {'PD_1,PD_2': inf}
    ✅ Added candidate: add_file_resource (score: 0.700)
  Computing metrics...
    RSI: {'PD_1,PD_2': 0.3333333333333333}, ASR: 2.0, TCB: {'PD_1': ['PD_2'], 'PD_2': ['PD_1']}, FR: {'PD_1,PD_2': inf}
    ✅ Added candidate: add_file_resource (score: 0.700)

📊 Next beam (3 states):
  Beam[0]: BeamState(iter=7, score=0.700, path=add_file_resource(create new CONFIG file in FILE_SPACE_1) → add_file_resource(create new CONFIG file in FILE_SPACE_1) → add_file_resource(create new CONFIG file in FILE_SPACE_1))
  Beam[1]: BeamState(iter=7, score=0.700, path=add_file_resource(create new CONFIG file in FILE_SPACE_1) → add_file_resource(create new CONFIG file in FILE_SPACE_1) → add_file_resource(create new DATABASE file in FILE_SPACE_1))
  Beam[2]: BeamState(iter=7, score=0.700, path=add_file_resource(create new CONFIG file in FILE_SPACE_1) → add_file_resource(create new DATABASE file in FILE_SPACE_1) → add_file_resource(create new CONFIG file in FILE_SPACE_1))
💡 Total candidates generated: 6
🎯 Mechanisms discovered so far: 0

============================================================
🔍 Beam Search Iteration 8/8
📊 Current beam size: 3
  Beam[0]: BeamState(iter=7, score=0.700, path=add_file_resource(create new CONFIG file in FILE_SPACE_1) → add_file_resource(create new CONFIG file in FILE_SPACE_1) → add_file_resource(create new CONFIG file in FILE_SPACE_1))
  Beam[1]: BeamState(iter=7, score=0.700, path=add_file_resource(create new CONFIG file in FILE_SPACE_1) → add_file_resource(create new CONFIG file in FILE_SPACE_1) → add_file_resource(create new DATABASE file in FILE_SPACE_1))
  Beam[2]: BeamState(iter=7, score=0.700, path=add_file_resource(create new CONFIG file in FILE_SPACE_1) → add_file_resource(create new DATABASE file in FILE_SPACE_1) → add_file_resource(create new CONFIG file in FILE_SPACE_1))

🌟 Expanding Beam[0] (score: 0.700)
  Computing metrics...
    RSI: {'PD_1,PD_2': 0.3333333333333333}, ASR: 2.0, TCB: {'PD_1': ['PD_2'], 'PD_2': ['PD_1']}, FR: {'PD_1,PD_2': inf}
    Goal not met: RSI[PD_1,PD_2]=0.333 > 0.3
  Computing metrics...
    RSI: {'PD_1,PD_2': 0.3333333333333333}, ASR: 2.0, TCB: {'PD_1': ['PD_2'], 'PD_2': ['PD_1']}, FR: {'PD_1,PD_2': inf}
  Computing metrics...
    RSI: {'PD_1,PD_2': 0.3333333333333333, 'PD_1,PD_3': 0.0, 'PD_2,PD_3': 0.0}, ASR: 1.3333333333333333, TCB: {'PD_1': ['PD_2'], 'PD_2': ['PD_1'], 'PD_3': []}, FR: {'PD_1,PD_2': inf, 'PD_1,PD_3': inf, 'PD_2,PD_3': inf}
  Computing metrics...
    RSI: {'PD_1,PD_2': 0.3333333333333333}, ASR: 2.0, TCB: {'PD_1': ['PD_2'], 'PD_2': ['PD_1']}, FR: {'PD_1,PD_2': inf}
  Computing metrics...
    RSI: {'PD_1,PD_2': 0.3333333333333333}, ASR: 2.0, TCB: {'PD_1': ['PD_2'], 'PD_2': ['PD_1']}, FR: {'PD_1,PD_2': inf}
  Computing metrics...
    RSI: {'PD_1,PD_2': 0.3333333333333333}, ASR: 2.0, TCB: {'PD_1': ['PD_2'], 'PD_2': ['PD_1']}, FR: {'PD_1,PD_2': inf}
  Computing metrics...
    RSI: {'PD_1,PD_2': 0.3333333333333333}, ASR: 2.0, TCB: {'PD_1': ['PD_2'], 'PD_2': ['PD_1']}, FR: {'PD_1,PD_2': inf}
  Computing metrics...
    RSI: {'PD_1,PD_2': 0.3333333333333333}, ASR: 2.0, TCB: {'PD_1': ['PD_2'], 'PD_2': ['PD_1']}, FR: {'PD_1,PD_2': inf}
  Computing metrics...
    RSI: {'PD_1,PD_2': 0.3333333333333333}, ASR: 2.0, TCB: {'PD_1': ['PD_2'], 'PD_2': ['PD_1']}, FR: {'PD_1,PD_2': inf}
  Computing metrics...
    RSI: {'PD_1,PD_2': 0.3333333333333333}, ASR: 2.0, TCB: {'PD_1': ['PD_2'], 'PD_2': ['PD_1']}, FR: {'PD_1,PD_2': inf}
  Computing metrics...
    RSI: {'PD_1,PD_2': 0.3333333333333333}, ASR: 2.0, TCB: {'PD_1': ['PD_2'], 'PD_2': ['PD_1']}, FR: {'PD_1,PD_2': inf}
  Computing metrics...
    RSI: {'PD_1,PD_2': 0.3333333333333333}, ASR: 2.0, TCB: {'PD_1': ['PD_2'], 'PD_2': ['PD_1']}, FR: {'PD_1,PD_2': inf}
  Computing metrics...
    RSI: {'PD_1,PD_2': 0.3333333333333333}, ASR: 2.0, TCB: {'PD_1': ['PD_2'], 'PD_2': ['PD_1']}, FR: {'PD_1,PD_2': inf}
  Computing metrics...
    RSI: {'PD_1,PD_2': 0.3333333333333333}, ASR: 2.0, TCB: {'PD_1': ['PD_2'], 'PD_2': ['PD_1']}, FR: {'PD_1,PD_2': inf}
  Computing metrics...
    RSI: {'PD_1,PD_2': 0.3333333333333333}, ASR: 2.0, TCB: {'PD_1': ['PD_2'], 'PD_2': ['PD_1']}, FR: {'PD_1,PD_2': inf}
  Computing metrics...
    RSI: {'PD_1,PD_2': 0.3333333333333333}, ASR: 2.0, TCB: {'PD_1': ['PD_2'], 'PD_2': ['PD_1']}, FR: {'PD_1,PD_2': inf}
  Computing metrics...
    RSI: {'PD_1,PD_2': 0.3333333333333333}, ASR: 2.0, TCB: {'PD_1': ['PD_2'], 'PD_2': ['PD_1']}, FR: {'PD_1,PD_2': inf}
  Computing metrics...
    RSI: {'PD_1,PD_2': 0.3333333333333333}, ASR: 2.0, TCB: {'PD_1': ['PD_2'], 'PD_2': ['PD_1']}, FR: {'PD_1,PD_2': inf}
  Computing metrics...
    RSI: {'PD_1,PD_2': 0.3333333333333333}, ASR: 2.0, TCB: {'PD_1': ['PD_2'], 'PD_2': ['PD_1']}, FR: {'PD_1,PD_2': inf}
  Computing metrics...
    RSI: {'PD_1,PD_2': 0.3333333333333333}, ASR: 2.0, TCB: {'PD_1': ['PD_2'], 'PD_2': ['PD_1']}, FR: {'PD_1,PD_2': inf}
  Computing metrics...
    RSI: {'PD_1,PD_2': 0.3333333333333333}, ASR: 2.0, TCB: {'PD_1': ['PD_2'], 'PD_2': ['PD_1']}, FR: {'PD_1,PD_2': inf}
  Computing metrics...
    RSI: {'PD_1,PD_2': 0.3333333333333333}, ASR: 2.0, TCB: {'PD_1': ['PD_2'], 'PD_2': ['PD_1']}, FR: {'PD_1,PD_2': inf}
  Computing metrics...
    RSI: {'PD_1,PD_2': 0.3333333333333333}, ASR: 2.0, TCB: {'PD_1': ['PD_2'], 'PD_2': ['PD_1']}, FR: {'PD_1,PD_2': inf}
  Computing metrics...
    RSI: {'PD_1,PD_2': 0.3333333333333333}, ASR: 2.0, TCB: {'PD_1': ['PD_2'], 'PD_2': ['PD_1']}, FR: {'PD_1,PD_2': inf}
  Computing metrics...
    RSI: {'PD_1,PD_2': 0.3333333333333333}, ASR: 2.0, TCB: {'PD_1': ['PD_2'], 'PD_2': ['PD_1']}, FR: {'PD_1,PD_2': inf}
  Computing metrics...
    RSI: {'PD_1,PD_2': 0.3333333333333333}, ASR: 2.0, TCB: {'PD_1': ['PD_2'], 'PD_2': ['PD_1']}, FR: {'PD_1,PD_2': inf}
  Computing metrics...
    RSI: {'PD_1,PD_2': 0.3333333333333333}, ASR: 2.0, TCB: {'PD_1': ['PD_2'], 'PD_2': ['PD_1']}, FR: {'PD_1,PD_2': inf}
  Computing metrics...
    RSI: {'PD_1,PD_2': 0.3333333333333333}, ASR: 2.0, TCB: {'PD_1': ['PD_2'], 'PD_2': ['PD_1']}, FR: {'PD_1,PD_2': inf}
  Computing metrics...
    RSI: {'PD_1,PD_2': 0.6666666666666666}, ASR: 2.5, TCB: {'PD_1': ['PD_2'], 'PD_2': ['PD_1']}, FR: {'PD_1,PD_2': inf}
  Computing metrics...
    RSI: {'PD_1,PD_2': 0.3333333333333333}, ASR: 2.0, TCB: {'PD_1': ['PD_2'], 'PD_2': ['PD_1']}, FR: {'PD_1,PD_2': inf}
  Computing metrics...
    RSI: {'PD_1,PD_2': 0.25}, ASR: 2.5, TCB: {'PD_1': ['PD_2'], 'PD_2': ['PD_1']}, FR: {'PD_1,PD_2': inf}
  Computing metrics...
    RSI: {'PD_1,PD_2': 0.3333333333333333}, ASR: 2.0, TCB: {'PD_1': ['PD_2'], 'PD_2': ['PD_1']}, FR: {'PD_1,PD_2': inf}
  Computing metrics...
    RSI: {'PD_1,PD_2': 0.25}, ASR: 2.5, TCB: {'PD_1': ['PD_2'], 'PD_2': ['PD_1']}, FR: {'PD_1,PD_2': inf}
  Computing metrics...
    RSI: {'PD_1,PD_2': 0.3333333333333333}, ASR: 2.0, TCB: {'PD_1': ['PD_2'], 'PD_2': ['PD_1']}, FR: {'PD_1,PD_2': inf}
  Computing metrics...
    RSI: {'PD_1,PD_2': 0.25}, ASR: 2.5, TCB: {'PD_1': ['PD_2'], 'PD_2': ['PD_1']}, FR: {'PD_1,PD_2': inf}
  Computing metrics...
    RSI: {'PD_1,PD_2': 0.3333333333333333}, ASR: 2.0, TCB: {'PD_1': ['PD_2'], 'PD_2': ['PD_1']}, FR: {'PD_1,PD_2': inf}
  Computing metrics...
    RSI: {'PD_1,PD_2': 0.25}, ASR: 2.5, TCB: {'PD_1': ['PD_2'], 'PD_2': ['PD_1']}, FR: {'PD_1,PD_2': inf}
  Computing metrics...
    RSI: {'PD_1,PD_2': 0.3333333333333333}, ASR: 2.0, TCB: {'PD_1': ['PD_2'], 'PD_2': ['PD_1']}, FR: {'PD_1,PD_2': inf}
  Computing metrics...
    RSI: {'PD_1,PD_2': 0.25}, ASR: 2.5, TCB: {'PD_1': ['PD_2'], 'PD_2': ['PD_1']}, FR: {'PD_1,PD_2': inf}
  Computing metrics...
    RSI: {'PD_1,PD_2': 0.3333333333333333}, ASR: 2.0, TCB: {'PD_1': ['PD_2'], 'PD_2': ['PD_1']}, FR: {'PD_1,PD_2': inf}
  Computing metrics...
    RSI: {'PD_1,PD_2': 0.25}, ASR: 2.5, TCB: {'PD_1': ['PD_2'], 'PD_2': ['PD_1']}, FR: {'PD_1,PD_2': inf}
  Computing metrics...
    RSI: {'PD_1,PD_2': 0.3333333333333333}, ASR: 2.0, TCB: {'PD_1': ['PD_2'], 'PD_2': ['PD_1']}, FR: {'PD_1,PD_2': inf}
  Computing metrics...
    RSI: {'PD_1,PD_2': 0.25}, ASR: 2.5, TCB: {'PD_1': ['PD_2'], 'PD_2': ['PD_1']}, FR: {'PD_1,PD_2': inf}
  Computing metrics...
    RSI: {'PD_1,PD_2': 0.3333333333333333}, ASR: 2.0, TCB: {'PD_1': ['PD_2'], 'PD_2': ['PD_1']}, FR: {'PD_1,PD_2': inf}
  Computing metrics...
    RSI: {'PD_1,PD_2': 0.6666666666666666}, ASR: 2.5, TCB: {'PD_1': ['PD_2'], 'PD_2': ['PD_1']}, FR: {'PD_1,PD_2': inf}
  Computing metrics...
    RSI: {'PD_1,PD_2': 0.3333333333333333}, ASR: 2.0, TCB: {'PD_1': ['PD_2'], 'PD_2': ['PD_1']}, FR: {'PD_1,PD_2': inf}
  Computing metrics...
    RSI: {'PD_1,PD_2': 0.25}, ASR: 2.5, TCB: {'PD_1': ['PD_2'], 'PD_2': ['PD_1']}, FR: {'PD_1,PD_2': inf}
  Computing metrics...
    RSI: {'PD_1,PD_2': 0.3333333333333333}, ASR: 2.0, TCB: {'PD_1': ['PD_2'], 'PD_2': ['PD_1']}, FR: {'PD_1,PD_2': inf}
  Computing metrics...
    RSI: {'PD_1,PD_2': 0.25}, ASR: 2.5, TCB: {'PD_1': ['PD_2'], 'PD_2': ['PD_1']}, FR: {'PD_1,PD_2': inf}
  Computing metrics...
    RSI: {'PD_1,PD_2': 0.3333333333333333}, ASR: 2.0, TCB: {'PD_1': ['PD_2'], 'PD_2': ['PD_1']}, FR: {'PD_1,PD_2': inf}
  Computing metrics...
    RSI: {'PD_1,PD_2': 0.25}, ASR: 2.5, TCB: {'PD_1': ['PD_2'], 'PD_2': ['PD_1']}, FR: {'PD_1,PD_2': inf}
  Computing metrics...
    RSI: {'PD_1,PD_2': 0.3333333333333333}, ASR: 2.0, TCB: {'PD_1': ['PD_2'], 'PD_2': ['PD_1']}, FR: {'PD_1,PD_2': inf}
  Computing metrics...
    RSI: {'PD_1,PD_2': 0.25}, ASR: 2.5, TCB: {'PD_1': ['PD_2'], 'PD_2': ['PD_1']}, FR: {'PD_1,PD_2': inf}
  Computing metrics...
    RSI: {'PD_1,PD_2': 0.3333333333333333}, ASR: 2.0, TCB: {'PD_1': ['PD_2'], 'PD_2': ['PD_1']}, FR: {'PD_1,PD_2': inf}
  Computing metrics...
    RSI: {'PD_1,PD_2': 0.25}, ASR: 2.5, TCB: {'PD_1': ['PD_2'], 'PD_2': ['PD_1']}, FR: {'PD_1,PD_2': inf}
  Computing metrics...
    RSI: {'PD_1,PD_2': 0.3333333333333333}, ASR: 2.0, TCB: {'PD_1': ['PD_2'], 'PD_2': ['PD_1']}, FR: {'PD_1,PD_2': inf}
  Computing metrics...
    RSI: {'PD_1,PD_2': 0.25}, ASR: 2.5, TCB: {'PD_1': ['PD_2'], 'PD_2': ['PD_1']}, FR: {'PD_1,PD_2': inf}
  Computing metrics...
    RSI: {'PD_1,PD_2': 0.3333333333333333}, ASR: 2.0, TCB: {'PD_1': ['PD_2'], 'PD_2': ['PD_1']}, FR: {'PD_1,PD_2': inf}
  Computing metrics...
    RSI: {'PD_1,PD_2': 0.25}, ASR: 2.5, TCB: {'PD_1': ['PD_2'], 'PD_2': ['PD_1']}, FR: {'PD_1,PD_2': inf}
  Computing metrics...
    RSI: {'PD_1,PD_2': 0.3333333333333333}, ASR: 2.0, TCB: {'PD_1': ['PD_2'], 'PD_2': ['PD_1']}, FR: {'PD_1,PD_2': inf}
  Computing metrics...
    RSI: {'PD_1,PD_2': 0.3333333333333333}, ASR: 2.5, TCB: {'PD_1': ['PD_2'], 'PD_2': ['PD_1']}, FR: {'PD_1,PD_2': inf}
  Computing metrics...
    RSI: {'PD_1,PD_2': 0.3333333333333333}, ASR: 2.0, TCB: {'PD_1': ['PD_2'], 'PD_2': ['PD_1']}, FR: {'PD_1,PD_2': inf}
  Computing metrics...
    RSI: {'PD_1,PD_2': 0.3333333333333333}, ASR: 2.5, TCB: {'PD_1': ['PD_2'], 'PD_2': ['PD_1']}, FR: {'PD_1,PD_2': inf}
  Computing metrics...
    RSI: {'PD_1,PD_2': 0.3333333333333333}, ASR: 2.0, TCB: {'PD_1': ['PD_2'], 'PD_2': ['PD_1']}, FR: {'PD_1,PD_2': inf}
  Computing metrics...
    RSI: {'PD_1,PD_2': 0.3333333333333333}, ASR: 2.0, TCB: {'PD_1': ['PD_2'], 'PD_2': ['PD_1']}, FR: {'PD_1,PD_2': inf}
  Computing metrics...
    RSI: {'PD_1,PD_2': 0.3333333333333333}, ASR: 2.0, TCB: {'PD_1': ['PD_2'], 'PD_2': ['PD_1']}, FR: {'PD_1,PD_2': inf}
  Computing metrics...
    RSI: {'PD_1,PD_2': 0.3333333333333333}, ASR: 2.0, TCB: {'PD_1': ['PD_2'], 'PD_2': ['PD_1']}, FR: {'PD_1,PD_2': inf}
  Computing metrics...
    RSI: {'PD_1,PD_2': 0.3333333333333333}, ASR: 2.0, TCB: {'PD_1': ['PD_2'], 'PD_2': ['PD_1']}, FR: {'PD_1,PD_2': inf}
  Computing metrics...
    RSI: {'PD_1,PD_2': 0.3333333333333333}, ASR: 2.0, TCB: {'PD_1': ['PD_2'], 'PD_2': ['PD_1']}, FR: {'PD_1,PD_2': inf}
  Computing metrics...
    RSI: {'PD_1,PD_2': 0.3333333333333333}, ASR: 2.0, TCB: {'PD_1': ['PD_2'], 'PD_2': ['PD_1']}, FR: {'PD_1,PD_2': inf}
  Computing metrics...
    RSI: {'PD_1,PD_2': 0.3333333333333333}, ASR: 2.0, TCB: {'PD_1': ['PD_2'], 'PD_2': ['PD_1']}, FR: {'PD_1,PD_2': inf}
  Computing metrics...
    RSI: {'PD_1,PD_2': 0.3333333333333333}, ASR: 2.0, TCB: {'PD_1': ['PD_2'], 'PD_2': ['PD_1']}, FR: {'PD_1,PD_2': inf}
  Computing metrics...
    RSI: {'PD_1,PD_2': 0.3333333333333333}, ASR: 2.0, TCB: {'PD_1': ['PD_2'], 'PD_2': ['PD_1']}, FR: {'PD_1,PD_2': inf}
  Computing metrics...
    RSI: {'PD_1,PD_2': 0.3333333333333333}, ASR: 2.0, TCB: {'PD_1': ['PD_2'], 'PD_2': ['PD_1']}, FR: {'PD_1,PD_2': inf}
  Computing metrics...
    RSI: {'PD_1,PD_2': 0.3333333333333333}, ASR: 2.0, TCB: {'PD_1': ['PD_2'], 'PD_2': ['PD_1']}, FR: {'PD_1,PD_2': inf}
  Computing metrics...
    RSI: {'PD_1,PD_2': 0.3333333333333333}, ASR: 2.0, TCB: {'PD_1': ['PD_2'], 'PD_2': ['PD_1']}, FR: {'PD_1,PD_2': inf}
  Computing metrics...
    RSI: {'PD_1,PD_2': 0.3333333333333333}, ASR: 2.0, TCB: {'PD_1': ['PD_2'], 'PD_2': ['PD_1']}, FR: {'PD_1,PD_2': inf}
  Computing metrics...
    RSI: {'PD_1,PD_2': 0.3333333333333333}, ASR: 2.0, TCB: {'PD_1': ['PD_2'], 'PD_2': ['PD_1']}, FR: {'PD_1,PD_2': inf}
  Computing metrics...
    RSI: {'PD_1,PD_2': 0.3333333333333333}, ASR: 2.0, TCB: {'PD_1': ['PD_2'], 'PD_2': ['PD_1']}, FR: {'PD_1,PD_2': inf}
  Computing metrics...
    RSI: {'PD_1,PD_2': 0.3333333333333333}, ASR: 2.0, TCB: {'PD_1': ['PD_2'], 'PD_2': ['PD_1']}, FR: {'PD_1,PD_2': inf}
  Computing metrics...
    RSI: {'PD_1,PD_2': 0.3333333333333333}, ASR: 2.0, TCB: {'PD_1': ['PD_2'], 'PD_2': ['PD_1']}, FR: {'PD_1,PD_2': inf}
  Computing metrics...
    RSI: {'PD_1,PD_2': 0.3333333333333333}, ASR: 2.0, TCB: {'PD_1': ['PD_2'], 'PD_2': ['PD_1']}, FR: {'PD_1,PD_2': inf}
  Computing metrics...
    RSI: {'PD_1,PD_2': 0.3333333333333333}, ASR: 2.0, TCB: {'PD_1': ['PD_2'], 'PD_2': ['PD_1']}, FR: {'PD_1,PD_2': inf}
  🚫 Filtered out 0 'add_file_resource(create new CONFIG file in FILE_SPACE_1)' candidates (avoiding repetition)
  Trying best transition: primitive
    Target: create new CONFIG file in FILE_SPACE_1
    Predicted improvement: 0.700
    Considered 40 other option(s):
      1. primitive: create new DATABASE file in FILE_SPACE_1 (improvement: 0.700)
      2. primitive: create new TEMP file in FILE_SPACE_1 (improvement: 0.700)
      3. primitive: create new LOG file in FILE_SPACE_1 (improvement: 0.700)
      4. primitive: add new protection domain for system expansion (improvement: 0.544)
      5. primitive: remove FILE_1_3 (holders: 2) (improvement: 0.100)
      6. primitive: remove FILE_1_4 (holders: 0) (improvement: 0.100)
      7. primitive: remove FILE_1_5 (holders: 0) (improvement: 0.100)
      8. primitive: remove FILE_1_6 (holders: 0) (improvement: 0.100)
      9. primitive: remove FILE_1_7 (holders: 0) (improvement: 0.100)
      10. primitive: remove FILE_1_8 (holders: 0) (improvement: 0.100)
      ... and 30 more
    ✅ Applied add_file_resource
  📋 Generated 41 candidate(s)
  Computing metrics...
    RSI: {'PD_1,PD_2': 0.3333333333333333}, ASR: 2.0, TCB: {'PD_1': ['PD_2'], 'PD_2': ['PD_1']}, FR: {'PD_1,PD_2': inf}
    ✅ Added candidate: add_file_resource (score: 0.700)
  Computing metrics...
    RSI: {'PD_1,PD_2': 0.3333333333333333}, ASR: 2.0, TCB: {'PD_1': ['PD_2'], 'PD_2': ['PD_1']}, FR: {'PD_1,PD_2': inf}
    ✅ Added candidate: add_file_resource (score: 0.700)

🌟 Expanding Beam[1] (score: 0.700)
  Computing metrics...
    RSI: {'PD_1,PD_2': 0.3333333333333333}, ASR: 2.0, TCB: {'PD_1': ['PD_2'], 'PD_2': ['PD_1']}, FR: {'PD_1,PD_2': inf}
    Goal not met: RSI[PD_1,PD_2]=0.333 > 0.3
  Computing metrics...
    RSI: {'PD_1,PD_2': 0.3333333333333333}, ASR: 2.0, TCB: {'PD_1': ['PD_2'], 'PD_2': ['PD_1']}, FR: {'PD_1,PD_2': inf}
  Computing metrics...
    RSI: {'PD_1,PD_2': 0.3333333333333333, 'PD_1,PD_3': 0.0, 'PD_2,PD_3': 0.0}, ASR: 1.3333333333333333, TCB: {'PD_1': ['PD_2'], 'PD_2': ['PD_1'], 'PD_3': []}, FR: {'PD_1,PD_2': inf, 'PD_1,PD_3': inf, 'PD_2,PD_3': inf}
  Computing metrics...
    RSI: {'PD_1,PD_2': 0.3333333333333333}, ASR: 2.0, TCB: {'PD_1': ['PD_2'], 'PD_2': ['PD_1']}, FR: {'PD_1,PD_2': inf}
  Computing metrics...
    RSI: {'PD_1,PD_2': 0.3333333333333333}, ASR: 2.0, TCB: {'PD_1': ['PD_2'], 'PD_2': ['PD_1']}, FR: {'PD_1,PD_2': inf}
  Computing metrics...
    RSI: {'PD_1,PD_2': 0.3333333333333333}, ASR: 2.0, TCB: {'PD_1': ['PD_2'], 'PD_2': ['PD_1']}, FR: {'PD_1,PD_2': inf}
  Computing metrics...
    RSI: {'PD_1,PD_2': 0.3333333333333333}, ASR: 2.0, TCB: {'PD_1': ['PD_2'], 'PD_2': ['PD_1']}, FR: {'PD_1,PD_2': inf}
  Computing metrics...
    RSI: {'PD_1,PD_2': 0.3333333333333333}, ASR: 2.0, TCB: {'PD_1': ['PD_2'], 'PD_2': ['PD_1']}, FR: {'PD_1,PD_2': inf}
  Computing metrics...
    RSI: {'PD_1,PD_2': 0.3333333333333333}, ASR: 2.0, TCB: {'PD_1': ['PD_2'], 'PD_2': ['PD_1']}, FR: {'PD_1,PD_2': inf}
  Computing metrics...
    RSI: {'PD_1,PD_2': 0.3333333333333333}, ASR: 2.0, TCB: {'PD_1': ['PD_2'], 'PD_2': ['PD_1']}, FR: {'PD_1,PD_2': inf}
  Computing metrics...
    RSI: {'PD_1,PD_2': 0.3333333333333333}, ASR: 2.0, TCB: {'PD_1': ['PD_2'], 'PD_2': ['PD_1']}, FR: {'PD_1,PD_2': inf}
  Computing metrics...
    RSI: {'PD_1,PD_2': 0.3333333333333333}, ASR: 2.0, TCB: {'PD_1': ['PD_2'], 'PD_2': ['PD_1']}, FR: {'PD_1,PD_2': inf}
  Computing metrics...
    RSI: {'PD_1,PD_2': 0.3333333333333333}, ASR: 2.0, TCB: {'PD_1': ['PD_2'], 'PD_2': ['PD_1']}, FR: {'PD_1,PD_2': inf}
  Computing metrics...
    RSI: {'PD_1,PD_2': 0.3333333333333333}, ASR: 2.0, TCB: {'PD_1': ['PD_2'], 'PD_2': ['PD_1']}, FR: {'PD_1,PD_2': inf}
  Computing metrics...
    RSI: {'PD_1,PD_2': 0.3333333333333333}, ASR: 2.0, TCB: {'PD_1': ['PD_2'], 'PD_2': ['PD_1']}, FR: {'PD_1,PD_2': inf}
  Computing metrics...
    RSI: {'PD_1,PD_2': 0.3333333333333333}, ASR: 2.0, TCB: {'PD_1': ['PD_2'], 'PD_2': ['PD_1']}, FR: {'PD_1,PD_2': inf}
  Computing metrics...
    RSI: {'PD_1,PD_2': 0.3333333333333333}, ASR: 2.0, TCB: {'PD_1': ['PD_2'], 'PD_2': ['PD_1']}, FR: {'PD_1,PD_2': inf}
  Computing metrics...
    RSI: {'PD_1,PD_2': 0.3333333333333333}, ASR: 2.0, TCB: {'PD_1': ['PD_2'], 'PD_2': ['PD_1']}, FR: {'PD_1,PD_2': inf}
  Computing metrics...
    RSI: {'PD_1,PD_2': 0.3333333333333333}, ASR: 2.0, TCB: {'PD_1': ['PD_2'], 'PD_2': ['PD_1']}, FR: {'PD_1,PD_2': inf}
  Computing metrics...
    RSI: {'PD_1,PD_2': 0.3333333333333333}, ASR: 2.0, TCB: {'PD_1': ['PD_2'], 'PD_2': ['PD_1']}, FR: {'PD_1,PD_2': inf}
  Computing metrics...
    RSI: {'PD_1,PD_2': 0.3333333333333333}, ASR: 2.0, TCB: {'PD_1': ['PD_2'], 'PD_2': ['PD_1']}, FR: {'PD_1,PD_2': inf}
  Computing metrics...
    RSI: {'PD_1,PD_2': 0.3333333333333333}, ASR: 2.0, TCB: {'PD_1': ['PD_2'], 'PD_2': ['PD_1']}, FR: {'PD_1,PD_2': inf}
  Computing metrics...
    RSI: {'PD_1,PD_2': 0.3333333333333333}, ASR: 2.0, TCB: {'PD_1': ['PD_2'], 'PD_2': ['PD_1']}, FR: {'PD_1,PD_2': inf}
  Computing metrics...
    RSI: {'PD_1,PD_2': 0.3333333333333333}, ASR: 2.0, TCB: {'PD_1': ['PD_2'], 'PD_2': ['PD_1']}, FR: {'PD_1,PD_2': inf}
  Computing metrics...
    RSI: {'PD_1,PD_2': 0.3333333333333333}, ASR: 2.0, TCB: {'PD_1': ['PD_2'], 'PD_2': ['PD_1']}, FR: {'PD_1,PD_2': inf}
  Computing metrics...
    RSI: {'PD_1,PD_2': 0.3333333333333333}, ASR: 2.0, TCB: {'PD_1': ['PD_2'], 'PD_2': ['PD_1']}, FR: {'PD_1,PD_2': inf}
  Computing metrics...
    RSI: {'PD_1,PD_2': 0.3333333333333333}, ASR: 2.0, TCB: {'PD_1': ['PD_2'], 'PD_2': ['PD_1']}, FR: {'PD_1,PD_2': inf}
  Computing metrics...
    RSI: {'PD_1,PD_2': 0.3333333333333333}, ASR: 2.0, TCB: {'PD_1': ['PD_2'], 'PD_2': ['PD_1']}, FR: {'PD_1,PD_2': inf}
  Computing metrics...
    RSI: {'PD_1,PD_2': 0.6666666666666666}, ASR: 2.5, TCB: {'PD_1': ['PD_2'], 'PD_2': ['PD_1']}, FR: {'PD_1,PD_2': inf}
  Computing metrics...
    RSI: {'PD_1,PD_2': 0.3333333333333333}, ASR: 2.0, TCB: {'PD_1': ['PD_2'], 'PD_2': ['PD_1']}, FR: {'PD_1,PD_2': inf}
  Computing metrics...
    RSI: {'PD_1,PD_2': 0.25}, ASR: 2.5, TCB: {'PD_1': ['PD_2'], 'PD_2': ['PD_1']}, FR: {'PD_1,PD_2': inf}
  Computing metrics...
    RSI: {'PD_1,PD_2': 0.3333333333333333}, ASR: 2.0, TCB: {'PD_1': ['PD_2'], 'PD_2': ['PD_1']}, FR: {'PD_1,PD_2': inf}
  Computing metrics...
    RSI: {'PD_1,PD_2': 0.25}, ASR: 2.5, TCB: {'PD_1': ['PD_2'], 'PD_2': ['PD_1']}, FR: {'PD_1,PD_2': inf}
  Computing metrics...
    RSI: {'PD_1,PD_2': 0.3333333333333333}, ASR: 2.0, TCB: {'PD_1': ['PD_2'], 'PD_2': ['PD_1']}, FR: {'PD_1,PD_2': inf}
  Computing metrics...
    RSI: {'PD_1,PD_2': 0.25}, ASR: 2.5, TCB: {'PD_1': ['PD_2'], 'PD_2': ['PD_1']}, FR: {'PD_1,PD_2': inf}
  Computing metrics...
    RSI: {'PD_1,PD_2': 0.3333333333333333}, ASR: 2.0, TCB: {'PD_1': ['PD_2'], 'PD_2': ['PD_1']}, FR: {'PD_1,PD_2': inf}
  Computing metrics...
    RSI: {'PD_1,PD_2': 0.25}, ASR: 2.5, TCB: {'PD_1': ['PD_2'], 'PD_2': ['PD_1']}, FR: {'PD_1,PD_2': inf}
  Computing metrics...
    RSI: {'PD_1,PD_2': 0.3333333333333333}, ASR: 2.0, TCB: {'PD_1': ['PD_2'], 'PD_2': ['PD_1']}, FR: {'PD_1,PD_2': inf}
  Computing metrics...
    RSI: {'PD_1,PD_2': 0.25}, ASR: 2.5, TCB: {'PD_1': ['PD_2'], 'PD_2': ['PD_1']}, FR: {'PD_1,PD_2': inf}
  Computing metrics...
    RSI: {'PD_1,PD_2': 0.3333333333333333}, ASR: 2.0, TCB: {'PD_1': ['PD_2'], 'PD_2': ['PD_1']}, FR: {'PD_1,PD_2': inf}
  Computing metrics...
    RSI: {'PD_1,PD_2': 0.25}, ASR: 2.5, TCB: {'PD_1': ['PD_2'], 'PD_2': ['PD_1']}, FR: {'PD_1,PD_2': inf}
  Computing metrics...
    RSI: {'PD_1,PD_2': 0.3333333333333333}, ASR: 2.0, TCB: {'PD_1': ['PD_2'], 'PD_2': ['PD_1']}, FR: {'PD_1,PD_2': inf}
  Computing metrics...
    RSI: {'PD_1,PD_2': 0.25}, ASR: 2.5, TCB: {'PD_1': ['PD_2'], 'PD_2': ['PD_1']}, FR: {'PD_1,PD_2': inf}
  Computing metrics...
    RSI: {'PD_1,PD_2': 0.3333333333333333}, ASR: 2.0, TCB: {'PD_1': ['PD_2'], 'PD_2': ['PD_1']}, FR: {'PD_1,PD_2': inf}
  Computing metrics...
    RSI: {'PD_1,PD_2': 0.6666666666666666}, ASR: 2.5, TCB: {'PD_1': ['PD_2'], 'PD_2': ['PD_1']}, FR: {'PD_1,PD_2': inf}
  Computing metrics...
    RSI: {'PD_1,PD_2': 0.3333333333333333}, ASR: 2.0, TCB: {'PD_1': ['PD_2'], 'PD_2': ['PD_1']}, FR: {'PD_1,PD_2': inf}
  Computing metrics...
    RSI: {'PD_1,PD_2': 0.25}, ASR: 2.5, TCB: {'PD_1': ['PD_2'], 'PD_2': ['PD_1']}, FR: {'PD_1,PD_2': inf}
  Computing metrics...
    RSI: {'PD_1,PD_2': 0.3333333333333333}, ASR: 2.0, TCB: {'PD_1': ['PD_2'], 'PD_2': ['PD_1']}, FR: {'PD_1,PD_2': inf}
  Computing metrics...
    RSI: {'PD_1,PD_2': 0.25}, ASR: 2.5, TCB: {'PD_1': ['PD_2'], 'PD_2': ['PD_1']}, FR: {'PD_1,PD_2': inf}
  Computing metrics...
    RSI: {'PD_1,PD_2': 0.3333333333333333}, ASR: 2.0, TCB: {'PD_1': ['PD_2'], 'PD_2': ['PD_1']}, FR: {'PD_1,PD_2': inf}
  Computing metrics...
    RSI: {'PD_1,PD_2': 0.25}, ASR: 2.5, TCB: {'PD_1': ['PD_2'], 'PD_2': ['PD_1']}, FR: {'PD_1,PD_2': inf}
  Computing metrics...
    RSI: {'PD_1,PD_2': 0.3333333333333333}, ASR: 2.0, TCB: {'PD_1': ['PD_2'], 'PD_2': ['PD_1']}, FR: {'PD_1,PD_2': inf}
  Computing metrics...
    RSI: {'PD_1,PD_2': 0.25}, ASR: 2.5, TCB: {'PD_1': ['PD_2'], 'PD_2': ['PD_1']}, FR: {'PD_1,PD_2': inf}
  Computing metrics...
    RSI: {'PD_1,PD_2': 0.3333333333333333}, ASR: 2.0, TCB: {'PD_1': ['PD_2'], 'PD_2': ['PD_1']}, FR: {'PD_1,PD_2': inf}
  Computing metrics...
    RSI: {'PD_1,PD_2': 0.25}, ASR: 2.5, TCB: {'PD_1': ['PD_2'], 'PD_2': ['PD_1']}, FR: {'PD_1,PD_2': inf}
  Computing metrics...
    RSI: {'PD_1,PD_2': 0.3333333333333333}, ASR: 2.0, TCB: {'PD_1': ['PD_2'], 'PD_2': ['PD_1']}, FR: {'PD_1,PD_2': inf}
  Computing metrics...
    RSI: {'PD_1,PD_2': 0.25}, ASR: 2.5, TCB: {'PD_1': ['PD_2'], 'PD_2': ['PD_1']}, FR: {'PD_1,PD_2': inf}
  Computing metrics...
    RSI: {'PD_1,PD_2': 0.3333333333333333}, ASR: 2.0, TCB: {'PD_1': ['PD_2'], 'PD_2': ['PD_1']}, FR: {'PD_1,PD_2': inf}
  Computing metrics...
    RSI: {'PD_1,PD_2': 0.25}, ASR: 2.5, TCB: {'PD_1': ['PD_2'], 'PD_2': ['PD_1']}, FR: {'PD_1,PD_2': inf}
  Computing metrics...
    RSI: {'PD_1,PD_2': 0.3333333333333333}, ASR: 2.0, TCB: {'PD_1': ['PD_2'], 'PD_2': ['PD_1']}, FR: {'PD_1,PD_2': inf}
  Computing metrics...
    RSI: {'PD_1,PD_2': 0.3333333333333333}, ASR: 2.5, TCB: {'PD_1': ['PD_2'], 'PD_2': ['PD_1']}, FR: {'PD_1,PD_2': inf}
  Computing metrics...
    RSI: {'PD_1,PD_2': 0.3333333333333333}, ASR: 2.0, TCB: {'PD_1': ['PD_2'], 'PD_2': ['PD_1']}, FR: {'PD_1,PD_2': inf}
  Computing metrics...
    RSI: {'PD_1,PD_2': 0.3333333333333333}, ASR: 2.5, TCB: {'PD_1': ['PD_2'], 'PD_2': ['PD_1']}, FR: {'PD_1,PD_2': inf}
  Computing metrics...
    RSI: {'PD_1,PD_2': 0.3333333333333333}, ASR: 2.0, TCB: {'PD_1': ['PD_2'], 'PD_2': ['PD_1']}, FR: {'PD_1,PD_2': inf}
  Computing metrics...
    RSI: {'PD_1,PD_2': 0.3333333333333333}, ASR: 2.0, TCB: {'PD_1': ['PD_2'], 'PD_2': ['PD_1']}, FR: {'PD_1,PD_2': inf}
  Computing metrics...
    RSI: {'PD_1,PD_2': 0.3333333333333333}, ASR: 2.0, TCB: {'PD_1': ['PD_2'], 'PD_2': ['PD_1']}, FR: {'PD_1,PD_2': inf}
  Computing metrics...
    RSI: {'PD_1,PD_2': 0.3333333333333333}, ASR: 2.0, TCB: {'PD_1': ['PD_2'], 'PD_2': ['PD_1']}, FR: {'PD_1,PD_2': inf}
  Computing metrics...
    RSI: {'PD_1,PD_2': 0.3333333333333333}, ASR: 2.0, TCB: {'PD_1': ['PD_2'], 'PD_2': ['PD_1']}, FR: {'PD_1,PD_2': inf}
  Computing metrics...
    RSI: {'PD_1,PD_2': 0.3333333333333333}, ASR: 2.0, TCB: {'PD_1': ['PD_2'], 'PD_2': ['PD_1']}, FR: {'PD_1,PD_2': inf}
  Computing metrics...
    RSI: {'PD_1,PD_2': 0.3333333333333333}, ASR: 2.0, TCB: {'PD_1': ['PD_2'], 'PD_2': ['PD_1']}, FR: {'PD_1,PD_2': inf}
  Computing metrics...
    RSI: {'PD_1,PD_2': 0.3333333333333333}, ASR: 2.0, TCB: {'PD_1': ['PD_2'], 'PD_2': ['PD_1']}, FR: {'PD_1,PD_2': inf}
  Computing metrics...
    RSI: {'PD_1,PD_2': 0.3333333333333333}, ASR: 2.0, TCB: {'PD_1': ['PD_2'], 'PD_2': ['PD_1']}, FR: {'PD_1,PD_2': inf}
  Computing metrics...
    RSI: {'PD_1,PD_2': 0.3333333333333333}, ASR: 2.0, TCB: {'PD_1': ['PD_2'], 'PD_2': ['PD_1']}, FR: {'PD_1,PD_2': inf}
  Computing metrics...
    RSI: {'PD_1,PD_2': 0.3333333333333333}, ASR: 2.0, TCB: {'PD_1': ['PD_2'], 'PD_2': ['PD_1']}, FR: {'PD_1,PD_2': inf}
  Computing metrics...
    RSI: {'PD_1,PD_2': 0.3333333333333333}, ASR: 2.0, TCB: {'PD_1': ['PD_2'], 'PD_2': ['PD_1']}, FR: {'PD_1,PD_2': inf}
  Computing metrics...
    RSI: {'PD_1,PD_2': 0.3333333333333333}, ASR: 2.0, TCB: {'PD_1': ['PD_2'], 'PD_2': ['PD_1']}, FR: {'PD_1,PD_2': inf}
  Computing metrics...
    RSI: {'PD_1,PD_2': 0.3333333333333333}, ASR: 2.0, TCB: {'PD_1': ['PD_2'], 'PD_2': ['PD_1']}, FR: {'PD_1,PD_2': inf}
  Computing metrics...
    RSI: {'PD_1,PD_2': 0.3333333333333333}, ASR: 2.0, TCB: {'PD_1': ['PD_2'], 'PD_2': ['PD_1']}, FR: {'PD_1,PD_2': inf}
  Computing metrics...
    RSI: {'PD_1,PD_2': 0.3333333333333333}, ASR: 2.0, TCB: {'PD_1': ['PD_2'], 'PD_2': ['PD_1']}, FR: {'PD_1,PD_2': inf}
  Computing metrics...
    RSI: {'PD_1,PD_2': 0.3333333333333333}, ASR: 2.0, TCB: {'PD_1': ['PD_2'], 'PD_2': ['PD_1']}, FR: {'PD_1,PD_2': inf}
  Computing metrics...
    RSI: {'PD_1,PD_2': 0.3333333333333333}, ASR: 2.0, TCB: {'PD_1': ['PD_2'], 'PD_2': ['PD_1']}, FR: {'PD_1,PD_2': inf}
  Computing metrics...
    RSI: {'PD_1,PD_2': 0.3333333333333333}, ASR: 2.0, TCB: {'PD_1': ['PD_2'], 'PD_2': ['PD_1']}, FR: {'PD_1,PD_2': inf}
  Computing metrics...
    RSI: {'PD_1,PD_2': 0.3333333333333333}, ASR: 2.0, TCB: {'PD_1': ['PD_2'], 'PD_2': ['PD_1']}, FR: {'PD_1,PD_2': inf}
  🚫 Filtered out 0 'add_file_resource(create new DATABASE file in FILE_SPACE_1)' candidates (avoiding repetition)
  Trying best transition: primitive
    Target: create new CONFIG file in FILE_SPACE_1
    Predicted improvement: 0.700
    Considered 40 other option(s):
      1. primitive: create new DATABASE file in FILE_SPACE_1 (improvement: 0.700)
      2. primitive: create new TEMP file in FILE_SPACE_1 (improvement: 0.700)
      3. primitive: create new LOG file in FILE_SPACE_1 (improvement: 0.700)
      4. primitive: add new protection domain for system expansion (improvement: 0.544)
      5. primitive: remove FILE_1_3 (holders: 2) (improvement: 0.100)
      6. primitive: remove FILE_1_4 (holders: 0) (improvement: 0.100)
      7. primitive: remove FILE_1_5 (holders: 0) (improvement: 0.100)
      8. primitive: remove FILE_1_6 (holders: 0) (improvement: 0.100)
      9. primitive: remove FILE_1_7 (holders: 0) (improvement: 0.100)
      10. primitive: remove FILE_1_8 (holders: 0) (improvement: 0.100)
      ... and 30 more
    ✅ Applied add_file_resource
  📋 Generated 41 candidate(s)
  Computing metrics...
    RSI: {'PD_1,PD_2': 0.3333333333333333}, ASR: 2.0, TCB: {'PD_1': ['PD_2'], 'PD_2': ['PD_1']}, FR: {'PD_1,PD_2': inf}
    ✅ Added candidate: add_file_resource (score: 0.700)
  Computing metrics...
    RSI: {'PD_1,PD_2': 0.3333333333333333}, ASR: 2.0, TCB: {'PD_1': ['PD_2'], 'PD_2': ['PD_1']}, FR: {'PD_1,PD_2': inf}
    ✅ Added candidate: add_file_resource (score: 0.700)

🌟 Expanding Beam[2] (score: 0.700)
  Computing metrics...
    RSI: {'PD_1,PD_2': 0.3333333333333333}, ASR: 2.0, TCB: {'PD_1': ['PD_2'], 'PD_2': ['PD_1']}, FR: {'PD_1,PD_2': inf}
    Goal not met: RSI[PD_1,PD_2]=0.333 > 0.3
  Computing metrics...
    RSI: {'PD_1,PD_2': 0.3333333333333333}, ASR: 2.0, TCB: {'PD_1': ['PD_2'], 'PD_2': ['PD_1']}, FR: {'PD_1,PD_2': inf}
  Computing metrics...
    RSI: {'PD_1,PD_2': 0.3333333333333333, 'PD_1,PD_3': 0.0, 'PD_2,PD_3': 0.0}, ASR: 1.3333333333333333, TCB: {'PD_1': ['PD_2'], 'PD_2': ['PD_1'], 'PD_3': []}, FR: {'PD_1,PD_2': inf, 'PD_1,PD_3': inf, 'PD_2,PD_3': inf}
  Computing metrics...
    RSI: {'PD_1,PD_2': 0.3333333333333333}, ASR: 2.0, TCB: {'PD_1': ['PD_2'], 'PD_2': ['PD_1']}, FR: {'PD_1,PD_2': inf}
  Computing metrics...
    RSI: {'PD_1,PD_2': 0.3333333333333333}, ASR: 2.0, TCB: {'PD_1': ['PD_2'], 'PD_2': ['PD_1']}, FR: {'PD_1,PD_2': inf}
  Computing metrics...
    RSI: {'PD_1,PD_2': 0.3333333333333333}, ASR: 2.0, TCB: {'PD_1': ['PD_2'], 'PD_2': ['PD_1']}, FR: {'PD_1,PD_2': inf}
  Computing metrics...
    RSI: {'PD_1,PD_2': 0.3333333333333333}, ASR: 2.0, TCB: {'PD_1': ['PD_2'], 'PD_2': ['PD_1']}, FR: {'PD_1,PD_2': inf}
  Computing metrics...
    RSI: {'PD_1,PD_2': 0.3333333333333333}, ASR: 2.0, TCB: {'PD_1': ['PD_2'], 'PD_2': ['PD_1']}, FR: {'PD_1,PD_2': inf}
  Computing metrics...
    RSI: {'PD_1,PD_2': 0.3333333333333333}, ASR: 2.0, TCB: {'PD_1': ['PD_2'], 'PD_2': ['PD_1']}, FR: {'PD_1,PD_2': inf}
  Computing metrics...
    RSI: {'PD_1,PD_2': 0.3333333333333333}, ASR: 2.0, TCB: {'PD_1': ['PD_2'], 'PD_2': ['PD_1']}, FR: {'PD_1,PD_2': inf}
  Computing metrics...
    RSI: {'PD_1,PD_2': 0.3333333333333333}, ASR: 2.0, TCB: {'PD_1': ['PD_2'], 'PD_2': ['PD_1']}, FR: {'PD_1,PD_2': inf}
  Computing metrics...
    RSI: {'PD_1,PD_2': 0.3333333333333333}, ASR: 2.0, TCB: {'PD_1': ['PD_2'], 'PD_2': ['PD_1']}, FR: {'PD_1,PD_2': inf}
  Computing metrics...
    RSI: {'PD_1,PD_2': 0.3333333333333333}, ASR: 2.0, TCB: {'PD_1': ['PD_2'], 'PD_2': ['PD_1']}, FR: {'PD_1,PD_2': inf}
  Computing metrics...
    RSI: {'PD_1,PD_2': 0.3333333333333333}, ASR: 2.0, TCB: {'PD_1': ['PD_2'], 'PD_2': ['PD_1']}, FR: {'PD_1,PD_2': inf}
  Computing metrics...
    RSI: {'PD_1,PD_2': 0.3333333333333333}, ASR: 2.0, TCB: {'PD_1': ['PD_2'], 'PD_2': ['PD_1']}, FR: {'PD_1,PD_2': inf}
  Computing metrics...
    RSI: {'PD_1,PD_2': 0.3333333333333333}, ASR: 2.0, TCB: {'PD_1': ['PD_2'], 'PD_2': ['PD_1']}, FR: {'PD_1,PD_2': inf}
  Computing metrics...
    RSI: {'PD_1,PD_2': 0.3333333333333333}, ASR: 2.0, TCB: {'PD_1': ['PD_2'], 'PD_2': ['PD_1']}, FR: {'PD_1,PD_2': inf}
  Computing metrics...
    RSI: {'PD_1,PD_2': 0.3333333333333333}, ASR: 2.0, TCB: {'PD_1': ['PD_2'], 'PD_2': ['PD_1']}, FR: {'PD_1,PD_2': inf}
  Computing metrics...
    RSI: {'PD_1,PD_2': 0.3333333333333333}, ASR: 2.0, TCB: {'PD_1': ['PD_2'], 'PD_2': ['PD_1']}, FR: {'PD_1,PD_2': inf}
  Computing metrics...
    RSI: {'PD_1,PD_2': 0.3333333333333333}, ASR: 2.0, TCB: {'PD_1': ['PD_2'], 'PD_2': ['PD_1']}, FR: {'PD_1,PD_2': inf}
  Computing metrics...
    RSI: {'PD_1,PD_2': 0.3333333333333333}, ASR: 2.0, TCB: {'PD_1': ['PD_2'], 'PD_2': ['PD_1']}, FR: {'PD_1,PD_2': inf}
  Computing metrics...
    RSI: {'PD_1,PD_2': 0.3333333333333333}, ASR: 2.0, TCB: {'PD_1': ['PD_2'], 'PD_2': ['PD_1']}, FR: {'PD_1,PD_2': inf}
  Computing metrics...
    RSI: {'PD_1,PD_2': 0.3333333333333333}, ASR: 2.0, TCB: {'PD_1': ['PD_2'], 'PD_2': ['PD_1']}, FR: {'PD_1,PD_2': inf}
  Computing metrics...
    RSI: {'PD_1,PD_2': 0.3333333333333333}, ASR: 2.0, TCB: {'PD_1': ['PD_2'], 'PD_2': ['PD_1']}, FR: {'PD_1,PD_2': inf}
  Computing metrics...
    RSI: {'PD_1,PD_2': 0.3333333333333333}, ASR: 2.0, TCB: {'PD_1': ['PD_2'], 'PD_2': ['PD_1']}, FR: {'PD_1,PD_2': inf}
  Computing metrics...
    RSI: {'PD_1,PD_2': 0.3333333333333333}, ASR: 2.0, TCB: {'PD_1': ['PD_2'], 'PD_2': ['PD_1']}, FR: {'PD_1,PD_2': inf}
  Computing metrics...
    RSI: {'PD_1,PD_2': 0.3333333333333333}, ASR: 2.0, TCB: {'PD_1': ['PD_2'], 'PD_2': ['PD_1']}, FR: {'PD_1,PD_2': inf}
  Computing metrics...
    RSI: {'PD_1,PD_2': 0.3333333333333333}, ASR: 2.0, TCB: {'PD_1': ['PD_2'], 'PD_2': ['PD_1']}, FR: {'PD_1,PD_2': inf}
  Computing metrics...
    RSI: {'PD_1,PD_2': 0.6666666666666666}, ASR: 2.5, TCB: {'PD_1': ['PD_2'], 'PD_2': ['PD_1']}, FR: {'PD_1,PD_2': inf}
  Computing metrics...
    RSI: {'PD_1,PD_2': 0.3333333333333333}, ASR: 2.0, TCB: {'PD_1': ['PD_2'], 'PD_2': ['PD_1']}, FR: {'PD_1,PD_2': inf}
  Computing metrics...
    RSI: {'PD_1,PD_2': 0.25}, ASR: 2.5, TCB: {'PD_1': ['PD_2'], 'PD_2': ['PD_1']}, FR: {'PD_1,PD_2': inf}
  Computing metrics...
    RSI: {'PD_1,PD_2': 0.3333333333333333}, ASR: 2.0, TCB: {'PD_1': ['PD_2'], 'PD_2': ['PD_1']}, FR: {'PD_1,PD_2': inf}
  Computing metrics...
    RSI: {'PD_1,PD_2': 0.25}, ASR: 2.5, TCB: {'PD_1': ['PD_2'], 'PD_2': ['PD_1']}, FR: {'PD_1,PD_2': inf}
  Computing metrics...
    RSI: {'PD_1,PD_2': 0.3333333333333333}, ASR: 2.0, TCB: {'PD_1': ['PD_2'], 'PD_2': ['PD_1']}, FR: {'PD_1,PD_2': inf}
  Computing metrics...
    RSI: {'PD_1,PD_2': 0.25}, ASR: 2.5, TCB: {'PD_1': ['PD_2'], 'PD_2': ['PD_1']}, FR: {'PD_1,PD_2': inf}
  Computing metrics...
    RSI: {'PD_1,PD_2': 0.3333333333333333}, ASR: 2.0, TCB: {'PD_1': ['PD_2'], 'PD_2': ['PD_1']}, FR: {'PD_1,PD_2': inf}
  Computing metrics...
    RSI: {'PD_1,PD_2': 0.25}, ASR: 2.5, TCB: {'PD_1': ['PD_2'], 'PD_2': ['PD_1']}, FR: {'PD_1,PD_2': inf}
  Computing metrics...
    RSI: {'PD_1,PD_2': 0.3333333333333333}, ASR: 2.0, TCB: {'PD_1': ['PD_2'], 'PD_2': ['PD_1']}, FR: {'PD_1,PD_2': inf}
  Computing metrics...
    RSI: {'PD_1,PD_2': 0.25}, ASR: 2.5, TCB: {'PD_1': ['PD_2'], 'PD_2': ['PD_1']}, FR: {'PD_1,PD_2': inf}
  Computing metrics...
    RSI: {'PD_1,PD_2': 0.3333333333333333}, ASR: 2.0, TCB: {'PD_1': ['PD_2'], 'PD_2': ['PD_1']}, FR: {'PD_1,PD_2': inf}
  Computing metrics...
    RSI: {'PD_1,PD_2': 0.25}, ASR: 2.5, TCB: {'PD_1': ['PD_2'], 'PD_2': ['PD_1']}, FR: {'PD_1,PD_2': inf}
  Computing metrics...
    RSI: {'PD_1,PD_2': 0.3333333333333333}, ASR: 2.0, TCB: {'PD_1': ['PD_2'], 'PD_2': ['PD_1']}, FR: {'PD_1,PD_2': inf}
  Computing metrics...
    RSI: {'PD_1,PD_2': 0.25}, ASR: 2.5, TCB: {'PD_1': ['PD_2'], 'PD_2': ['PD_1']}, FR: {'PD_1,PD_2': inf}
  Computing metrics...
    RSI: {'PD_1,PD_2': 0.3333333333333333}, ASR: 2.0, TCB: {'PD_1': ['PD_2'], 'PD_2': ['PD_1']}, FR: {'PD_1,PD_2': inf}
  Computing metrics...
    RSI: {'PD_1,PD_2': 0.6666666666666666}, ASR: 2.5, TCB: {'PD_1': ['PD_2'], 'PD_2': ['PD_1']}, FR: {'PD_1,PD_2': inf}
  Computing metrics...
    RSI: {'PD_1,PD_2': 0.3333333333333333}, ASR: 2.0, TCB: {'PD_1': ['PD_2'], 'PD_2': ['PD_1']}, FR: {'PD_1,PD_2': inf}
  Computing metrics...
    RSI: {'PD_1,PD_2': 0.25}, ASR: 2.5, TCB: {'PD_1': ['PD_2'], 'PD_2': ['PD_1']}, FR: {'PD_1,PD_2': inf}
  Computing metrics...
    RSI: {'PD_1,PD_2': 0.3333333333333333}, ASR: 2.0, TCB: {'PD_1': ['PD_2'], 'PD_2': ['PD_1']}, FR: {'PD_1,PD_2': inf}
  Computing metrics...
    RSI: {'PD_1,PD_2': 0.25}, ASR: 2.5, TCB: {'PD_1': ['PD_2'], 'PD_2': ['PD_1']}, FR: {'PD_1,PD_2': inf}
  Computing metrics...
    RSI: {'PD_1,PD_2': 0.3333333333333333}, ASR: 2.0, TCB: {'PD_1': ['PD_2'], 'PD_2': ['PD_1']}, FR: {'PD_1,PD_2': inf}
  Computing metrics...
    RSI: {'PD_1,PD_2': 0.25}, ASR: 2.5, TCB: {'PD_1': ['PD_2'], 'PD_2': ['PD_1']}, FR: {'PD_1,PD_2': inf}
  Computing metrics...
    RSI: {'PD_1,PD_2': 0.3333333333333333}, ASR: 2.0, TCB: {'PD_1': ['PD_2'], 'PD_2': ['PD_1']}, FR: {'PD_1,PD_2': inf}
  Computing metrics...
    RSI: {'PD_1,PD_2': 0.25}, ASR: 2.5, TCB: {'PD_1': ['PD_2'], 'PD_2': ['PD_1']}, FR: {'PD_1,PD_2': inf}
  Computing metrics...
    RSI: {'PD_1,PD_2': 0.3333333333333333}, ASR: 2.0, TCB: {'PD_1': ['PD_2'], 'PD_2': ['PD_1']}, FR: {'PD_1,PD_2': inf}
  Computing metrics...
    RSI: {'PD_1,PD_2': 0.25}, ASR: 2.5, TCB: {'PD_1': ['PD_2'], 'PD_2': ['PD_1']}, FR: {'PD_1,PD_2': inf}
  Computing metrics...
    RSI: {'PD_1,PD_2': 0.3333333333333333}, ASR: 2.0, TCB: {'PD_1': ['PD_2'], 'PD_2': ['PD_1']}, FR: {'PD_1,PD_2': inf}
  Computing metrics...
    RSI: {'PD_1,PD_2': 0.25}, ASR: 2.5, TCB: {'PD_1': ['PD_2'], 'PD_2': ['PD_1']}, FR: {'PD_1,PD_2': inf}
  Computing metrics...
    RSI: {'PD_1,PD_2': 0.3333333333333333}, ASR: 2.0, TCB: {'PD_1': ['PD_2'], 'PD_2': ['PD_1']}, FR: {'PD_1,PD_2': inf}
  Computing metrics...
    RSI: {'PD_1,PD_2': 0.25}, ASR: 2.5, TCB: {'PD_1': ['PD_2'], 'PD_2': ['PD_1']}, FR: {'PD_1,PD_2': inf}
  Computing metrics...
    RSI: {'PD_1,PD_2': 0.3333333333333333}, ASR: 2.0, TCB: {'PD_1': ['PD_2'], 'PD_2': ['PD_1']}, FR: {'PD_1,PD_2': inf}
  Computing metrics...
    RSI: {'PD_1,PD_2': 0.3333333333333333}, ASR: 2.5, TCB: {'PD_1': ['PD_2'], 'PD_2': ['PD_1']}, FR: {'PD_1,PD_2': inf}
  Computing metrics...
    RSI: {'PD_1,PD_2': 0.3333333333333333}, ASR: 2.0, TCB: {'PD_1': ['PD_2'], 'PD_2': ['PD_1']}, FR: {'PD_1,PD_2': inf}
  Computing metrics...
    RSI: {'PD_1,PD_2': 0.3333333333333333}, ASR: 2.5, TCB: {'PD_1': ['PD_2'], 'PD_2': ['PD_1']}, FR: {'PD_1,PD_2': inf}
  Computing metrics...
    RSI: {'PD_1,PD_2': 0.3333333333333333}, ASR: 2.0, TCB: {'PD_1': ['PD_2'], 'PD_2': ['PD_1']}, FR: {'PD_1,PD_2': inf}
  Computing metrics...
    RSI: {'PD_1,PD_2': 0.3333333333333333}, ASR: 2.0, TCB: {'PD_1': ['PD_2'], 'PD_2': ['PD_1']}, FR: {'PD_1,PD_2': inf}
  Computing metrics...
    RSI: {'PD_1,PD_2': 0.3333333333333333}, ASR: 2.0, TCB: {'PD_1': ['PD_2'], 'PD_2': ['PD_1']}, FR: {'PD_1,PD_2': inf}
  Computing metrics...
    RSI: {'PD_1,PD_2': 0.3333333333333333}, ASR: 2.0, TCB: {'PD_1': ['PD_2'], 'PD_2': ['PD_1']}, FR: {'PD_1,PD_2': inf}
  Computing metrics...
    RSI: {'PD_1,PD_2': 0.3333333333333333}, ASR: 2.0, TCB: {'PD_1': ['PD_2'], 'PD_2': ['PD_1']}, FR: {'PD_1,PD_2': inf}
  Computing metrics...
    RSI: {'PD_1,PD_2': 0.3333333333333333}, ASR: 2.0, TCB: {'PD_1': ['PD_2'], 'PD_2': ['PD_1']}, FR: {'PD_1,PD_2': inf}
  Computing metrics...
    RSI: {'PD_1,PD_2': 0.3333333333333333}, ASR: 2.0, TCB: {'PD_1': ['PD_2'], 'PD_2': ['PD_1']}, FR: {'PD_1,PD_2': inf}
  Computing metrics...
    RSI: {'PD_1,PD_2': 0.3333333333333333}, ASR: 2.0, TCB: {'PD_1': ['PD_2'], 'PD_2': ['PD_1']}, FR: {'PD_1,PD_2': inf}
  Computing metrics...
    RSI: {'PD_1,PD_2': 0.3333333333333333}, ASR: 2.0, TCB: {'PD_1': ['PD_2'], 'PD_2': ['PD_1']}, FR: {'PD_1,PD_2': inf}
  Computing metrics...
    RSI: {'PD_1,PD_2': 0.3333333333333333}, ASR: 2.0, TCB: {'PD_1': ['PD_2'], 'PD_2': ['PD_1']}, FR: {'PD_1,PD_2': inf}
  Computing metrics...
    RSI: {'PD_1,PD_2': 0.3333333333333333}, ASR: 2.0, TCB: {'PD_1': ['PD_2'], 'PD_2': ['PD_1']}, FR: {'PD_1,PD_2': inf}
  Computing metrics...
    RSI: {'PD_1,PD_2': 0.3333333333333333}, ASR: 2.0, TCB: {'PD_1': ['PD_2'], 'PD_2': ['PD_1']}, FR: {'PD_1,PD_2': inf}
  Computing metrics...
    RSI: {'PD_1,PD_2': 0.3333333333333333}, ASR: 2.0, TCB: {'PD_1': ['PD_2'], 'PD_2': ['PD_1']}, FR: {'PD_1,PD_2': inf}
  Computing metrics...
    RSI: {'PD_1,PD_2': 0.3333333333333333}, ASR: 2.0, TCB: {'PD_1': ['PD_2'], 'PD_2': ['PD_1']}, FR: {'PD_1,PD_2': inf}
  Computing metrics...
    RSI: {'PD_1,PD_2': 0.3333333333333333}, ASR: 2.0, TCB: {'PD_1': ['PD_2'], 'PD_2': ['PD_1']}, FR: {'PD_1,PD_2': inf}
  Computing metrics...
    RSI: {'PD_1,PD_2': 0.3333333333333333}, ASR: 2.0, TCB: {'PD_1': ['PD_2'], 'PD_2': ['PD_1']}, FR: {'PD_1,PD_2': inf}
  Computing metrics...
    RSI: {'PD_1,PD_2': 0.3333333333333333}, ASR: 2.0, TCB: {'PD_1': ['PD_2'], 'PD_2': ['PD_1']}, FR: {'PD_1,PD_2': inf}
  Computing metrics...
    RSI: {'PD_1,PD_2': 0.3333333333333333}, ASR: 2.0, TCB: {'PD_1': ['PD_2'], 'PD_2': ['PD_1']}, FR: {'PD_1,PD_2': inf}
  Computing metrics...
    RSI: {'PD_1,PD_2': 0.3333333333333333}, ASR: 2.0, TCB: {'PD_1': ['PD_2'], 'PD_2': ['PD_1']}, FR: {'PD_1,PD_2': inf}
  Computing metrics...
    RSI: {'PD_1,PD_2': 0.3333333333333333}, ASR: 2.0, TCB: {'PD_1': ['PD_2'], 'PD_2': ['PD_1']}, FR: {'PD_1,PD_2': inf}
  🚫 Filtered out 0 'add_file_resource(create new CONFIG file in FILE_SPACE_1)' candidates (avoiding repetition)
  Trying best transition: primitive
    Target: create new CONFIG file in FILE_SPACE_1
    Predicted improvement: 0.700
    Considered 40 other option(s):
      1. primitive: create new DATABASE file in FILE_SPACE_1 (improvement: 0.700)
      2. primitive: create new TEMP file in FILE_SPACE_1 (improvement: 0.700)
      3. primitive: create new LOG file in FILE_SPACE_1 (improvement: 0.700)
      4. primitive: add new protection domain for system expansion (improvement: 0.544)
      5. primitive: remove FILE_1_3 (holders: 2) (improvement: 0.100)
      6. primitive: remove FILE_1_4 (holders: 0) (improvement: 0.100)
      7. primitive: remove FILE_1_5 (holders: 0) (improvement: 0.100)
      8. primitive: remove FILE_1_6 (holders: 0) (improvement: 0.100)
      9. primitive: remove FILE_1_7 (holders: 0) (improvement: 0.100)
      10. primitive: remove FILE_1_8 (holders: 0) (improvement: 0.100)
      ... and 30 more
    ✅ Applied add_file_resource
  📋 Generated 41 candidate(s)
  Computing metrics...
    RSI: {'PD_1,PD_2': 0.3333333333333333}, ASR: 2.0, TCB: {'PD_1': ['PD_2'], 'PD_2': ['PD_1']}, FR: {'PD_1,PD_2': inf}
    ✅ Added candidate: add_file_resource (score: 0.700)
  Computing metrics...
    RSI: {'PD_1,PD_2': 0.3333333333333333}, ASR: 2.0, TCB: {'PD_1': ['PD_2'], 'PD_2': ['PD_1']}, FR: {'PD_1,PD_2': inf}
    ✅ Added candidate: add_file_resource (score: 0.700)

📊 Next beam (3 states):
  Beam[0]: BeamState(iter=8, score=0.700, path=add_file_resource(create new CONFIG file in FILE_SPACE_1) → add_file_resource(create new CONFIG file in FILE_SPACE_1) → add_file_resource(create new CONFIG file in FILE_SPACE_1))
  Beam[1]: BeamState(iter=8, score=0.700, path=add_file_resource(create new CONFIG file in FILE_SPACE_1) → add_file_resource(create new CONFIG file in FILE_SPACE_1) → add_file_resource(create new DATABASE file in FILE_SPACE_1))
  Beam[2]: BeamState(iter=8, score=0.700, path=add_file_resource(create new CONFIG file in FILE_SPACE_1) → add_file_resource(create new DATABASE file in FILE_SPACE_1) → add_file_resource(create new CONFIG file in FILE_SPACE_1))
💡 Total candidates generated: 6
🎯 Mechanisms discovered so far: 0

🏁 Beam search complete!
🎯 Total mechanisms discovered: 0

📊 Final beam states:
  Final[0]: BeamState(iter=8, score=0.700, path=add_file_resource(create new CONFIG file in FILE_SPACE_1) → add_file_resource(create new CONFIG file in FILE_SPACE_1) → add_file_resource(create new CONFIG file in FILE_SPACE_1))
    Path: add_file_resource(create new CONFIG file in FILE_SPACE_1) → add_file_resource(create new CONFIG file in FILE_SPACE_1) → add_file_resource(create new CONFIG file in FILE_SPACE_1) → add_file_resource(create new CONFIG file in FILE_SPACE_1) → add_file_resource(create new CONFIG file in FILE_SPACE_1) → add_file_resource(create new CONFIG file in FILE_SPACE_1) → add_file_resource(create new CONFIG file in FILE_SPACE_1) → add_file_resource(create new CONFIG file in FILE_SPACE_1)
  Final[1]: BeamState(iter=8, score=0.700, path=add_file_resource(create new CONFIG file in FILE_SPACE_1) → add_file_resource(create new CONFIG file in FILE_SPACE_1) → add_file_resource(create new DATABASE file in FILE_SPACE_1))
    Path: add_file_resource(create new CONFIG file in FILE_SPACE_1) → add_file_resource(create new CONFIG file in FILE_SPACE_1) → add_file_resource(create new CONFIG file in FILE_SPACE_1) → add_file_resource(create new CONFIG file in FILE_SPACE_1) → add_file_resource(create new CONFIG file in FILE_SPACE_1) → add_file_resource(create new CONFIG file in FILE_SPACE_1) → add_file_resource(create new CONFIG file in FILE_SPACE_1) → add_file_resource(create new DATABASE file in FILE_SPACE_1)
  Final[2]: BeamState(iter=8, score=0.700, path=add_file_resource(create new CONFIG file in FILE_SPACE_1) → add_file_resource(create new DATABASE file in FILE_SPACE_1) → add_file_resource(create new CONFIG file in FILE_SPACE_1))
    Path: add_file_resource(create new CONFIG file in FILE_SPACE_1) → add_file_resource(create new CONFIG file in FILE_SPACE_1) → add_file_resource(create new CONFIG file in FILE_SPACE_1) → add_file_resource(create new CONFIG file in FILE_SPACE_1) → add_file_resource(create new CONFIG file in FILE_SPACE_1) → add_file_resource(create new CONFIG file in FILE_SPACE_1) → add_file_resource(create new DATABASE file in FILE_SPACE_1) → add_file_resource(create new CONFIG file in FILE_SPACE_1)

✅ Scenario 'Basic Resource Sharing (True Primitives Only)' complete!
   Mechanisms discovered: 0

✅ Exploration complete!
