🔍 Verbose mode enabled - detailed exploration tracking
📊 Using 8 maximum iterations per scenario

🎯 Running scenario: reduce_isolation
✓ Validated 5 constraints in scenario 'Reduce Isolation'
🎯 Running scenario: Reduce Isolation
   Description: Transform mediated access (PD1->PD3->R0, PD2->PD4->R0) to direct access (PD1->R0, PD2->R0) by maximizing RSI
   Goals (1): ['Goal(maximize RSI[PD_1,PD_2] to 0.8)']
   Constraints (5): ["Constraint(requires_resource_access for PD_1: FILE_1_1, {'access_type': 'direct_or_indirect'})", "Constraint(requires_resource_access for PD_2: FILE_1_1, {'access_type': 'direct_or_indirect'})", "Constraint(requires_resource_exists for PD_None: FILE_1_1, {'mandatory': True})", "Constraint(requires_file_access for PD_1: FILE, {'file_type': 'any', 'min_size_kb': 1})", "Constraint(requires_file_access for PD_2: FILE, {'file_type': 'any', 'min_size_kb': 1})"]
   Transitions (12): ['Transition(add_pd: Create new Protection Domain)', 'Transition(remove_pd: Remove existing Protection Domain)', 'Transition(add_file_resource: Create new FILE resource)', 'Transition(remove_file_resource: Remove FILE resource)', 'Transition(add_resource_space: Create new resource space)', 'Transition(remove_resource_space: Remove resource space)', 'Transition(add_hold_edge: Create PD → Resource relationship)', 'Transition(remove_hold_edge: Remove PD → Resource relationship)', 'Transition(add_request_edge: Create PD → PD authority relationship)', 'Transition(remove_request_edge: Remove PD → PD authority relationship)', 'Transition(add_subset_edge: Create Resource → ResourceSpace relationship)', 'Transition(remove_subset_edge: Remove Resource → ResourceSpace relationship)']
   Starting Graph: 6 nodes, 5 edges

=== Graph Details ===
Node: PD_1 -> {'type': 'PD', 'data': 'client_1', 'extra': ''}
Node: PD_2 -> {'type': 'PD', 'data': 'client_2', 'extra': ''}
Node: PD_3 -> {'type': 'PD', 'data': 'mediator_1', 'extra': ''}
Node: PD_4 -> {'type': 'PD', 'data': 'mediator_2', 'extra': ''}
Node: FILE_SPACE_1 -> {'type': 'RESOURCE_SPACE', 'data': 'FILE', 'extra': ''}
Node: FILE_1_1 -> {'type': 'RESOURCE', 'data': 'FILE', 'extra': '{"path": "/shared/config.dat", "file_type": "CONFIG", "size_bytes": "4096", "permissions": "rw-"}'}

=== Ready for IsoSearch! ===

=== Exploring Reduce Isolation ===
🔍 Using beam search (width=3)
🔍 Starting beam search exploration (beam_width=3)
   Goals: 1, Constraints: 5, Transitions: 12

📊 Initial graph:
        # Graph structure:
        # PD_1 --REQUEST--> PD_3
        # PD_2 --REQUEST--> PD_4
        # PD_3 --HOLD--> FILE_1_1 -> FILE_SPACE_1
        # PD_4 --HOLD--> FILE_1_1 -> FILE_SPACE_1
        #
        # FILE_1_1 shared by: PD_3, PD_4


============================================================
🔍 Beam Search Iteration 1/8
📊 Current beam size: 1
  Beam[0]: BeamState(iter=0, score=0.000, path=)

🌟 Expanding Beam[0] (score: 0.000)
  ⚠️  Constraints violated: PD_1 lacks access to any files; PD_2 lacks access to any files
  Computing metrics...
    RSI: {'PD_1,PD_2': 0.0, 'PD_1,PD_3': 0.0, 'PD_1,PD_4': 0.0, 'PD_2,PD_3': 0.0, 'PD_2,PD_4': 0.0, 'PD_3,PD_4': 1.0}, ASR: 1.0, TCB: {'PD_1': ['PD_3'], 'PD_2': ['PD_4'], 'PD_3': ['PD_4'], 'PD_4': ['PD_3']}, FR: {'PD_1,PD_2': inf, 'PD_1,PD_3': inf, 'PD_1,PD_4': inf, 'PD_2,PD_3': inf, 'PD_2,PD_4': inf, 'PD_3,PD_4': inf}
  Computing metrics...
    RSI: {'PD_1,PD_2': 0.0, 'PD_1,PD_3': 0.0, 'PD_1,PD_4': 0.0, 'PD_1,PD_5': 0.0, 'PD_2,PD_3': 0.0, 'PD_2,PD_4': 0.0, 'PD_2,PD_5': 0.0, 'PD_3,PD_4': 1.0, 'PD_3,PD_5': 0.0, 'PD_4,PD_5': 0.0}, ASR: 0.8, TCB: {'PD_1': ['PD_3'], 'PD_2': ['PD_4'], 'PD_3': ['PD_4'], 'PD_4': ['PD_3'], 'PD_5': []}, FR: {'PD_1,PD_2': inf, 'PD_1,PD_3': inf, 'PD_1,PD_4': inf, 'PD_1,PD_5': inf, 'PD_2,PD_3': inf, 'PD_2,PD_4': inf, 'PD_2,PD_5': inf, 'PD_3,PD_4': inf, 'PD_3,PD_5': inf, 'PD_4,PD_5': inf}
  Computing metrics...
    RSI: {'PD_1,PD_2': 0.0, 'PD_1,PD_3': 0.0, 'PD_1,PD_4': 0.0, 'PD_2,PD_3': 0.0, 'PD_2,PD_4': 0.0, 'PD_3,PD_4': 1.0}, ASR: 1.0, TCB: {'PD_1': ['PD_3'], 'PD_2': ['PD_4'], 'PD_3': ['PD_4'], 'PD_4': ['PD_3']}, FR: {'PD_1,PD_2': inf, 'PD_1,PD_3': inf, 'PD_1,PD_4': inf, 'PD_2,PD_3': inf, 'PD_2,PD_4': inf, 'PD_3,PD_4': inf}
  Computing metrics...
    RSI: {'PD_1,PD_2': 0.0, 'PD_1,PD_3': 0.0, 'PD_1,PD_4': 0.0, 'PD_2,PD_3': 0.0, 'PD_2,PD_4': 0.0, 'PD_3,PD_4': 1.0}, ASR: 1.0, TCB: {'PD_1': ['PD_3'], 'PD_2': ['PD_4'], 'PD_3': ['PD_4'], 'PD_4': ['PD_3']}, FR: {'PD_1,PD_2': inf, 'PD_1,PD_3': inf, 'PD_1,PD_4': inf, 'PD_2,PD_3': inf, 'PD_2,PD_4': inf, 'PD_3,PD_4': inf}
  Computing metrics...
    RSI: {'PD_1,PD_2': 0.0, 'PD_1,PD_3': 0.0, 'PD_1,PD_4': 0.0, 'PD_2,PD_3': 0.0, 'PD_2,PD_4': 0.0, 'PD_3,PD_4': 1.0}, ASR: 1.0, TCB: {'PD_1': ['PD_3'], 'PD_2': ['PD_4'], 'PD_3': ['PD_4'], 'PD_4': ['PD_3']}, FR: {'PD_1,PD_2': inf, 'PD_1,PD_3': inf, 'PD_1,PD_4': inf, 'PD_2,PD_3': inf, 'PD_2,PD_4': inf, 'PD_3,PD_4': inf}
  Computing metrics...
    RSI: {'PD_1,PD_2': 0.0, 'PD_1,PD_3': 0.0, 'PD_1,PD_4': 0.0, 'PD_2,PD_3': 0.0, 'PD_2,PD_4': 0.0, 'PD_3,PD_4': 1.0}, ASR: 1.0, TCB: {'PD_1': ['PD_3'], 'PD_2': ['PD_4'], 'PD_3': ['PD_4'], 'PD_4': ['PD_3']}, FR: {'PD_1,PD_2': inf, 'PD_1,PD_3': inf, 'PD_1,PD_4': inf, 'PD_2,PD_3': inf, 'PD_2,PD_4': inf, 'PD_3,PD_4': inf}
  Computing metrics...
    RSI: {'PD_1,PD_2': 0.0, 'PD_1,PD_3': 0.0, 'PD_1,PD_4': 0.0, 'PD_2,PD_3': 0.0, 'PD_2,PD_4': 0.0, 'PD_3,PD_4': 1.0}, ASR: 1.0, TCB: {'PD_1': ['PD_3'], 'PD_2': ['PD_4'], 'PD_3': ['PD_4'], 'PD_4': ['PD_3']}, FR: {'PD_1,PD_2': inf, 'PD_1,PD_3': inf, 'PD_1,PD_4': inf, 'PD_2,PD_3': inf, 'PD_2,PD_4': inf, 'PD_3,PD_4': inf}
  Computing metrics...
    RSI: {'PD_1,PD_2': 0.0, 'PD_1,PD_3': 0.0, 'PD_1,PD_4': 0.0, 'PD_2,PD_3': 0.0, 'PD_2,PD_4': 0.0, 'PD_3,PD_4': 1.0}, ASR: 1.0, TCB: {'PD_1': ['PD_3'], 'PD_2': ['PD_4'], 'PD_3': ['PD_4'], 'PD_4': ['PD_3']}, FR: {'PD_1,PD_2': inf, 'PD_1,PD_3': inf, 'PD_1,PD_4': inf, 'PD_2,PD_3': inf, 'PD_2,PD_4': inf, 'PD_3,PD_4': inf}
  Computing metrics...
    RSI: {'PD_1,PD_2': 0.0, 'PD_1,PD_3': 0.0, 'PD_1,PD_4': 0.0, 'PD_2,PD_3': 0.0, 'PD_2,PD_4': 0.0, 'PD_3,PD_4': 1.0}, ASR: 1.0, TCB: {'PD_1': ['PD_3'], 'PD_2': ['PD_4'], 'PD_3': ['PD_4'], 'PD_4': ['PD_3']}, FR: {'PD_1,PD_2': inf, 'PD_1,PD_3': inf, 'PD_1,PD_4': inf, 'PD_2,PD_3': inf, 'PD_2,PD_4': inf, 'PD_3,PD_4': inf}
  Computing metrics...
    RSI: {'PD_1,PD_2': 0.0, 'PD_1,PD_3': 0.0, 'PD_1,PD_4': 0.0, 'PD_2,PD_3': 0.0, 'PD_2,PD_4': 0.0, 'PD_3,PD_4': 1.0}, ASR: 1.0, TCB: {'PD_1': ['PD_3'], 'PD_2': ['PD_4'], 'PD_3': ['PD_4'], 'PD_4': ['PD_3']}, FR: {'PD_1,PD_2': inf, 'PD_1,PD_3': inf, 'PD_1,PD_4': inf, 'PD_2,PD_3': inf, 'PD_2,PD_4': inf, 'PD_3,PD_4': inf}
  Computing metrics...
    RSI: {'PD_1,PD_2': 0.0, 'PD_1,PD_3': 0.0, 'PD_1,PD_4': 0.0, 'PD_2,PD_3': 0.0, 'PD_2,PD_4': 0.0, 'PD_3,PD_4': 1.0}, ASR: 1.0, TCB: {'PD_1': ['PD_3'], 'PD_2': ['PD_4'], 'PD_3': ['PD_4'], 'PD_4': ['PD_3']}, FR: {'PD_1,PD_2': inf, 'PD_1,PD_3': inf, 'PD_1,PD_4': inf, 'PD_2,PD_3': inf, 'PD_2,PD_4': inf, 'PD_3,PD_4': inf}
  Computing metrics...
    RSI: {'PD_1,PD_2': 0.0, 'PD_1,PD_3': 0.0, 'PD_1,PD_4': 0.0, 'PD_2,PD_3': 0.0, 'PD_2,PD_4': 0.0, 'PD_3,PD_4': 1.0}, ASR: 1.0, TCB: {'PD_1': ['PD_3'], 'PD_2': ['PD_4'], 'PD_3': ['PD_4'], 'PD_4': ['PD_3']}, FR: {'PD_1,PD_2': inf, 'PD_1,PD_3': inf, 'PD_1,PD_4': inf, 'PD_2,PD_3': inf, 'PD_2,PD_4': inf, 'PD_3,PD_4': inf}
  Computing metrics...
    RSI: {'PD_1,PD_2': 0.0, 'PD_1,PD_3': 0.0, 'PD_1,PD_4': 0.0, 'PD_2,PD_3': 0.0, 'PD_2,PD_4': 0.0, 'PD_3,PD_4': 1.0}, ASR: 1.0, TCB: {'PD_1': ['PD_3'], 'PD_2': ['PD_4'], 'PD_3': ['PD_4'], 'PD_4': ['PD_3']}, FR: {'PD_1,PD_2': inf, 'PD_1,PD_3': inf, 'PD_1,PD_4': inf, 'PD_2,PD_3': inf, 'PD_2,PD_4': inf, 'PD_3,PD_4': inf}
  Computing metrics...
    RSI: {'PD_1,PD_2': 0.0, 'PD_1,PD_3': 0.0, 'PD_1,PD_4': 0.0, 'PD_2,PD_3': 0.0, 'PD_2,PD_4': 0.0, 'PD_3,PD_4': 1.0}, ASR: 1.0, TCB: {'PD_1': ['PD_3'], 'PD_2': ['PD_4'], 'PD_3': ['PD_4'], 'PD_4': ['PD_3']}, FR: {'PD_1,PD_2': inf, 'PD_1,PD_3': inf, 'PD_1,PD_4': inf, 'PD_2,PD_3': inf, 'PD_2,PD_4': inf, 'PD_3,PD_4': inf}
  Computing metrics...
    RSI: {'PD_1,PD_2': 0.0, 'PD_1,PD_3': 0.0, 'PD_1,PD_4': 0.0, 'PD_2,PD_3': 0.0, 'PD_2,PD_4': 0.0, 'PD_3,PD_4': 1.0}, ASR: 1.0, TCB: {'PD_1': ['PD_3'], 'PD_2': ['PD_4'], 'PD_3': ['PD_4'], 'PD_4': ['PD_3']}, FR: {'PD_1,PD_2': inf, 'PD_1,PD_3': inf, 'PD_1,PD_4': inf, 'PD_2,PD_3': inf, 'PD_2,PD_4': inf, 'PD_3,PD_4': inf}
  Computing metrics...
    RSI: {'PD_1,PD_2': 0.0, 'PD_1,PD_3': 0.0, 'PD_1,PD_4': 0.0, 'PD_2,PD_3': 0.0, 'PD_2,PD_4': 0.0, 'PD_3,PD_4': 1.0}, ASR: 1.0, TCB: {'PD_1': ['PD_3'], 'PD_2': ['PD_4'], 'PD_3': ['PD_4'], 'PD_4': ['PD_3']}, FR: {'PD_1,PD_2': inf, 'PD_1,PD_3': inf, 'PD_1,PD_4': inf, 'PD_2,PD_3': inf, 'PD_2,PD_4': inf, 'PD_3,PD_4': inf}
  Computing metrics...
    RSI: {'PD_1,PD_2': 0.0, 'PD_1,PD_3': 0.0, 'PD_1,PD_4': 0.0, 'PD_2,PD_3': 0.0, 'PD_2,PD_4': 0.0, 'PD_3,PD_4': 1.0}, ASR: 1.0, TCB: {'PD_1': ['PD_3'], 'PD_2': ['PD_4'], 'PD_3': ['PD_4'], 'PD_4': ['PD_3']}, FR: {'PD_1,PD_2': inf, 'PD_1,PD_3': inf, 'PD_1,PD_4': inf, 'PD_2,PD_3': inf, 'PD_2,PD_4': inf, 'PD_3,PD_4': inf}
  Computing metrics...
    RSI: {'PD_1,PD_2': 0.0, 'PD_1,PD_3': 1.0, 'PD_1,PD_4': 1.0, 'PD_2,PD_3': 0.0, 'PD_2,PD_4': 0.0, 'PD_3,PD_4': 1.0}, ASR: 1.25, TCB: {'PD_1': ['PD_3', 'PD_4'], 'PD_2': ['PD_4'], 'PD_3': ['PD_1', 'PD_4'], 'PD_4': ['PD_1', 'PD_3']}, FR: {'PD_1,PD_2': inf, 'PD_1,PD_3': inf, 'PD_1,PD_4': inf, 'PD_2,PD_3': inf, 'PD_2,PD_4': inf, 'PD_3,PD_4': inf}
  Computing metrics...
    RSI: {'PD_1,PD_2': 0.0, 'PD_1,PD_3': 0.0, 'PD_1,PD_4': 0.0, 'PD_2,PD_3': 0.0, 'PD_2,PD_4': 0.0, 'PD_3,PD_4': 1.0}, ASR: 1.0, TCB: {'PD_1': ['PD_3'], 'PD_2': ['PD_4'], 'PD_3': ['PD_4'], 'PD_4': ['PD_3']}, FR: {'PD_1,PD_2': inf, 'PD_1,PD_3': inf, 'PD_1,PD_4': inf, 'PD_2,PD_3': inf, 'PD_2,PD_4': inf, 'PD_3,PD_4': inf}
  Computing metrics...
    RSI: {'PD_1,PD_2': 0.0, 'PD_1,PD_3': 0.0, 'PD_1,PD_4': 0.0, 'PD_2,PD_3': 1.0, 'PD_2,PD_4': 1.0, 'PD_3,PD_4': 1.0}, ASR: 1.25, TCB: {'PD_1': ['PD_3'], 'PD_2': ['PD_4', 'PD_3'], 'PD_3': ['PD_2', 'PD_4'], 'PD_4': ['PD_2', 'PD_3']}, FR: {'PD_1,PD_2': inf, 'PD_1,PD_3': inf, 'PD_1,PD_4': inf, 'PD_2,PD_3': inf, 'PD_2,PD_4': inf, 'PD_3,PD_4': inf}
  Computing metrics...
    RSI: {'PD_1,PD_2': 0.0, 'PD_1,PD_3': 0.0, 'PD_1,PD_4': 0.0, 'PD_2,PD_3': 0.0, 'PD_2,PD_4': 0.0, 'PD_3,PD_4': 1.0}, ASR: 1.0, TCB: {'PD_1': ['PD_3'], 'PD_2': ['PD_4'], 'PD_3': ['PD_4'], 'PD_4': ['PD_3']}, FR: {'PD_1,PD_2': inf, 'PD_1,PD_3': inf, 'PD_1,PD_4': inf, 'PD_2,PD_3': inf, 'PD_2,PD_4': inf, 'PD_3,PD_4': inf}
  Computing metrics...
    RSI: {'PD_1,PD_2': 0.0, 'PD_1,PD_3': 0.0, 'PD_1,PD_4': 0.0, 'PD_2,PD_3': 0.0, 'PD_2,PD_4': 0.0, 'PD_3,PD_4': 1.0}, ASR: 1.0, TCB: {'PD_1': ['PD_3'], 'PD_2': ['PD_4'], 'PD_3': ['PD_4'], 'PD_4': ['PD_3']}, FR: {'PD_1,PD_2': inf, 'PD_1,PD_3': inf, 'PD_1,PD_4': inf, 'PD_2,PD_3': inf, 'PD_2,PD_4': inf, 'PD_3,PD_4': inf}
    remove_hold_edge candidate: remove PD_3 -> FILE_1_1 HOLD edge -> score: 0.150
  Computing metrics...
    RSI: {'PD_1,PD_2': 0.0, 'PD_1,PD_3': 0.0, 'PD_1,PD_4': 0.0, 'PD_2,PD_3': 0.0, 'PD_2,PD_4': 0.0, 'PD_3,PD_4': 1.0}, ASR: 1.0, TCB: {'PD_1': ['PD_3'], 'PD_2': ['PD_4'], 'PD_3': ['PD_4'], 'PD_4': ['PD_3']}, FR: {'PD_1,PD_2': inf, 'PD_1,PD_3': inf, 'PD_1,PD_4': inf, 'PD_2,PD_3': inf, 'PD_2,PD_4': inf, 'PD_3,PD_4': inf}
  Computing metrics...
    RSI: {'PD_1,PD_2': 0.0, 'PD_1,PD_3': 0.0, 'PD_1,PD_4': 0.0, 'PD_2,PD_3': 0.0, 'PD_2,PD_4': 0.0, 'PD_3,PD_4': 1.0}, ASR: 1.0, TCB: {'PD_1': ['PD_3'], 'PD_2': ['PD_4'], 'PD_3': ['PD_4'], 'PD_4': ['PD_3']}, FR: {'PD_1,PD_2': inf, 'PD_1,PD_3': inf, 'PD_1,PD_4': inf, 'PD_2,PD_3': inf, 'PD_2,PD_4': inf, 'PD_3,PD_4': inf}
    remove_hold_edge candidate: remove PD_4 -> FILE_1_1 HOLD edge -> score: 0.150
  Computing metrics...
    RSI: {'PD_1,PD_2': 0.0, 'PD_1,PD_3': 0.0, 'PD_1,PD_4': 0.0, 'PD_2,PD_3': 0.0, 'PD_2,PD_4': 0.0, 'PD_3,PD_4': 1.0}, ASR: 1.0, TCB: {'PD_1': ['PD_3'], 'PD_2': ['PD_4'], 'PD_3': ['PD_4'], 'PD_4': ['PD_3']}, FR: {'PD_1,PD_2': inf, 'PD_1,PD_3': inf, 'PD_1,PD_4': inf, 'PD_2,PD_3': inf, 'PD_2,PD_4': inf, 'PD_3,PD_4': inf}
  Computing metrics...
    RSI: {'PD_1,PD_2': 0.0, 'PD_1,PD_3': 0.0, 'PD_1,PD_4': 0.0, 'PD_2,PD_3': 0.0, 'PD_2,PD_4': 0.0, 'PD_3,PD_4': 1.0}, ASR: 1.25, TCB: {'PD_1': ['PD_3', 'PD_2'], 'PD_2': ['PD_4'], 'PD_3': ['PD_4'], 'PD_4': ['PD_3']}, FR: {'PD_1,PD_2': 3, 'PD_1,PD_3': inf, 'PD_1,PD_4': inf, 'PD_2,PD_3': inf, 'PD_2,PD_4': inf, 'PD_3,PD_4': inf}
  Computing metrics...
    RSI: {'PD_1,PD_2': 0.0, 'PD_1,PD_3': 0.0, 'PD_1,PD_4': 0.0, 'PD_2,PD_3': 0.0, 'PD_2,PD_4': 0.0, 'PD_3,PD_4': 1.0}, ASR: 1.0, TCB: {'PD_1': ['PD_3'], 'PD_2': ['PD_4'], 'PD_3': ['PD_4'], 'PD_4': ['PD_3']}, FR: {'PD_1,PD_2': inf, 'PD_1,PD_3': inf, 'PD_1,PD_4': inf, 'PD_2,PD_3': inf, 'PD_2,PD_4': inf, 'PD_3,PD_4': inf}
  Computing metrics...
    RSI: {'PD_1,PD_2': 0.0, 'PD_1,PD_3': 0.0, 'PD_1,PD_4': 0.0, 'PD_2,PD_3': 0.0, 'PD_2,PD_4': 0.0, 'PD_3,PD_4': 1.0}, ASR: 1.25, TCB: {'PD_1': ['PD_3', 'PD_4'], 'PD_2': ['PD_4'], 'PD_3': ['PD_4'], 'PD_4': ['PD_3']}, FR: {'PD_1,PD_2': 2, 'PD_1,PD_3': inf, 'PD_1,PD_4': inf, 'PD_2,PD_3': inf, 'PD_2,PD_4': inf, 'PD_3,PD_4': inf}
  Computing metrics...
    RSI: {'PD_1,PD_2': 0.0, 'PD_1,PD_3': 0.0, 'PD_1,PD_4': 0.0, 'PD_2,PD_3': 0.0, 'PD_2,PD_4': 0.0, 'PD_3,PD_4': 1.0}, ASR: 1.0, TCB: {'PD_1': ['PD_3'], 'PD_2': ['PD_4'], 'PD_3': ['PD_4'], 'PD_4': ['PD_3']}, FR: {'PD_1,PD_2': inf, 'PD_1,PD_3': inf, 'PD_1,PD_4': inf, 'PD_2,PD_3': inf, 'PD_2,PD_4': inf, 'PD_3,PD_4': inf}
  Computing metrics...
    RSI: {'PD_1,PD_2': 0.0, 'PD_1,PD_3': 0.0, 'PD_1,PD_4': 0.0, 'PD_2,PD_3': 0.0, 'PD_2,PD_4': 0.0, 'PD_3,PD_4': 1.0}, ASR: 1.25, TCB: {'PD_1': ['PD_3'], 'PD_2': ['PD_4', 'PD_1'], 'PD_3': ['PD_4'], 'PD_4': ['PD_3']}, FR: {'PD_1,PD_2': 3, 'PD_1,PD_3': inf, 'PD_1,PD_4': inf, 'PD_2,PD_3': inf, 'PD_2,PD_4': inf, 'PD_3,PD_4': inf}
  Computing metrics...
    RSI: {'PD_1,PD_2': 0.0, 'PD_1,PD_3': 0.0, 'PD_1,PD_4': 0.0, 'PD_2,PD_3': 0.0, 'PD_2,PD_4': 0.0, 'PD_3,PD_4': 1.0}, ASR: 1.0, TCB: {'PD_1': ['PD_3'], 'PD_2': ['PD_4'], 'PD_3': ['PD_4'], 'PD_4': ['PD_3']}, FR: {'PD_1,PD_2': inf, 'PD_1,PD_3': inf, 'PD_1,PD_4': inf, 'PD_2,PD_3': inf, 'PD_2,PD_4': inf, 'PD_3,PD_4': inf}
  Computing metrics...
    RSI: {'PD_1,PD_2': 0.0, 'PD_1,PD_3': 0.0, 'PD_1,PD_4': 0.0, 'PD_2,PD_3': 0.0, 'PD_2,PD_4': 0.0, 'PD_3,PD_4': 1.0}, ASR: 1.25, TCB: {'PD_1': ['PD_3'], 'PD_2': ['PD_4', 'PD_3'], 'PD_3': ['PD_4'], 'PD_4': ['PD_3']}, FR: {'PD_1,PD_2': 2, 'PD_1,PD_3': inf, 'PD_1,PD_4': inf, 'PD_2,PD_3': inf, 'PD_2,PD_4': inf, 'PD_3,PD_4': inf}
  Computing metrics...
    RSI: {'PD_1,PD_2': 0.0, 'PD_1,PD_3': 0.0, 'PD_1,PD_4': 0.0, 'PD_2,PD_3': 0.0, 'PD_2,PD_4': 0.0, 'PD_3,PD_4': 1.0}, ASR: 1.0, TCB: {'PD_1': ['PD_3'], 'PD_2': ['PD_4'], 'PD_3': ['PD_4'], 'PD_4': ['PD_3']}, FR: {'PD_1,PD_2': inf, 'PD_1,PD_3': inf, 'PD_1,PD_4': inf, 'PD_2,PD_3': inf, 'PD_2,PD_4': inf, 'PD_3,PD_4': inf}
  Computing metrics...
    RSI: {'PD_1,PD_2': 0.0, 'PD_1,PD_3': 0.0, 'PD_1,PD_4': 0.0, 'PD_2,PD_3': 0.0, 'PD_2,PD_4': 0.0, 'PD_3,PD_4': 1.0}, ASR: 1.25, TCB: {'PD_1': ['PD_3'], 'PD_2': ['PD_4'], 'PD_3': ['PD_1', 'PD_4'], 'PD_4': ['PD_3']}, FR: {'PD_1,PD_2': inf, 'PD_1,PD_3': inf, 'PD_1,PD_4': inf, 'PD_2,PD_3': inf, 'PD_2,PD_4': inf, 'PD_3,PD_4': inf}
  Computing metrics...
    RSI: {'PD_1,PD_2': 0.0, 'PD_1,PD_3': 0.0, 'PD_1,PD_4': 0.0, 'PD_2,PD_3': 0.0, 'PD_2,PD_4': 0.0, 'PD_3,PD_4': 1.0}, ASR: 1.0, TCB: {'PD_1': ['PD_3'], 'PD_2': ['PD_4'], 'PD_3': ['PD_4'], 'PD_4': ['PD_3']}, FR: {'PD_1,PD_2': inf, 'PD_1,PD_3': inf, 'PD_1,PD_4': inf, 'PD_2,PD_3': inf, 'PD_2,PD_4': inf, 'PD_3,PD_4': inf}
  Computing metrics...
    RSI: {'PD_1,PD_2': 0.0, 'PD_1,PD_3': 0.0, 'PD_1,PD_4': 0.0, 'PD_2,PD_3': 0.0, 'PD_2,PD_4': 0.0, 'PD_3,PD_4': 1.0}, ASR: 1.25, TCB: {'PD_1': ['PD_3'], 'PD_2': ['PD_4'], 'PD_3': ['PD_2', 'PD_4'], 'PD_4': ['PD_3']}, FR: {'PD_1,PD_2': 4, 'PD_1,PD_3': 3, 'PD_1,PD_4': inf, 'PD_2,PD_3': 3, 'PD_2,PD_4': inf, 'PD_3,PD_4': inf}
  Computing metrics...
    RSI: {'PD_1,PD_2': 0.0, 'PD_1,PD_3': 0.0, 'PD_1,PD_4': 0.0, 'PD_2,PD_3': 0.0, 'PD_2,PD_4': 0.0, 'PD_3,PD_4': 1.0}, ASR: 1.0, TCB: {'PD_1': ['PD_3'], 'PD_2': ['PD_4'], 'PD_3': ['PD_4'], 'PD_4': ['PD_3']}, FR: {'PD_1,PD_2': inf, 'PD_1,PD_3': inf, 'PD_1,PD_4': inf, 'PD_2,PD_3': inf, 'PD_2,PD_4': inf, 'PD_3,PD_4': inf}
  Computing metrics...
    RSI: {'PD_1,PD_2': 0.0, 'PD_1,PD_3': 0.0, 'PD_1,PD_4': 0.0, 'PD_2,PD_3': 0.0, 'PD_2,PD_4': 0.0, 'PD_3,PD_4': 1.0}, ASR: 1.25, TCB: {'PD_1': ['PD_3'], 'PD_2': ['PD_4'], 'PD_3': ['PD_4'], 'PD_4': ['PD_3']}, FR: {'PD_1,PD_2': 3, 'PD_1,PD_3': 3, 'PD_1,PD_4': inf, 'PD_2,PD_3': 2, 'PD_2,PD_4': inf, 'PD_3,PD_4': inf}
  Computing metrics...
    RSI: {'PD_1,PD_2': 0.0, 'PD_1,PD_3': 0.0, 'PD_1,PD_4': 0.0, 'PD_2,PD_3': 0.0, 'PD_2,PD_4': 0.0, 'PD_3,PD_4': 1.0}, ASR: 1.0, TCB: {'PD_1': ['PD_3'], 'PD_2': ['PD_4'], 'PD_3': ['PD_4'], 'PD_4': ['PD_3']}, FR: {'PD_1,PD_2': inf, 'PD_1,PD_3': inf, 'PD_1,PD_4': inf, 'PD_2,PD_3': inf, 'PD_2,PD_4': inf, 'PD_3,PD_4': inf}
  Computing metrics...
    RSI: {'PD_1,PD_2': 0.0, 'PD_1,PD_3': 0.0, 'PD_1,PD_4': 0.0, 'PD_2,PD_3': 0.0, 'PD_2,PD_4': 0.0, 'PD_3,PD_4': 1.0}, ASR: 1.25, TCB: {'PD_1': ['PD_3'], 'PD_2': ['PD_4'], 'PD_3': ['PD_4'], 'PD_4': ['PD_1', 'PD_3']}, FR: {'PD_1,PD_2': 4, 'PD_1,PD_3': inf, 'PD_1,PD_4': 3, 'PD_2,PD_3': inf, 'PD_2,PD_4': 3, 'PD_3,PD_4': inf}
  Computing metrics...
    RSI: {'PD_1,PD_2': 0.0, 'PD_1,PD_3': 0.0, 'PD_1,PD_4': 0.0, 'PD_2,PD_3': 0.0, 'PD_2,PD_4': 0.0, 'PD_3,PD_4': 1.0}, ASR: 1.0, TCB: {'PD_1': ['PD_3'], 'PD_2': ['PD_4'], 'PD_3': ['PD_4'], 'PD_4': ['PD_3']}, FR: {'PD_1,PD_2': inf, 'PD_1,PD_3': inf, 'PD_1,PD_4': inf, 'PD_2,PD_3': inf, 'PD_2,PD_4': inf, 'PD_3,PD_4': inf}
  Computing metrics...
    RSI: {'PD_1,PD_2': 0.0, 'PD_1,PD_3': 0.0, 'PD_1,PD_4': 0.0, 'PD_2,PD_3': 0.0, 'PD_2,PD_4': 0.0, 'PD_3,PD_4': 1.0}, ASR: 1.25, TCB: {'PD_1': ['PD_3'], 'PD_2': ['PD_4'], 'PD_3': ['PD_4'], 'PD_4': ['PD_2', 'PD_3']}, FR: {'PD_1,PD_2': inf, 'PD_1,PD_3': inf, 'PD_1,PD_4': inf, 'PD_2,PD_3': inf, 'PD_2,PD_4': inf, 'PD_3,PD_4': inf}
  Computing metrics...
    RSI: {'PD_1,PD_2': 0.0, 'PD_1,PD_3': 0.0, 'PD_1,PD_4': 0.0, 'PD_2,PD_3': 0.0, 'PD_2,PD_4': 0.0, 'PD_3,PD_4': 1.0}, ASR: 1.0, TCB: {'PD_1': ['PD_3'], 'PD_2': ['PD_4'], 'PD_3': ['PD_4'], 'PD_4': ['PD_3']}, FR: {'PD_1,PD_2': inf, 'PD_1,PD_3': inf, 'PD_1,PD_4': inf, 'PD_2,PD_3': inf, 'PD_2,PD_4': inf, 'PD_3,PD_4': inf}
  Computing metrics...
    RSI: {'PD_1,PD_2': 0.0, 'PD_1,PD_3': 0.0, 'PD_1,PD_4': 0.0, 'PD_2,PD_3': 0.0, 'PD_2,PD_4': 0.0, 'PD_3,PD_4': 1.0}, ASR: 1.25, TCB: {'PD_1': ['PD_3'], 'PD_2': ['PD_4'], 'PD_3': ['PD_4'], 'PD_4': ['PD_3']}, FR: {'PD_1,PD_2': 3, 'PD_1,PD_3': inf, 'PD_1,PD_4': 2, 'PD_2,PD_3': inf, 'PD_2,PD_4': 3, 'PD_3,PD_4': inf}
  Computing metrics...
    RSI: {'PD_1,PD_2': 0.0, 'PD_1,PD_3': 0.0, 'PD_1,PD_4': 0.0, 'PD_2,PD_3': 0.0, 'PD_2,PD_4': 0.0, 'PD_3,PD_4': 1.0}, ASR: 1.0, TCB: {'PD_1': ['PD_3'], 'PD_2': ['PD_4'], 'PD_3': ['PD_4'], 'PD_4': ['PD_3']}, FR: {'PD_1,PD_2': inf, 'PD_1,PD_3': inf, 'PD_1,PD_4': inf, 'PD_2,PD_3': inf, 'PD_2,PD_4': inf, 'PD_3,PD_4': inf}
  Computing metrics...
    RSI: {'PD_1,PD_2': 0.0, 'PD_1,PD_3': 0.0, 'PD_1,PD_4': 0.0, 'PD_2,PD_3': 0.0, 'PD_2,PD_4': 0.0, 'PD_3,PD_4': 1.0}, ASR: 1.0, TCB: {'PD_1': ['PD_3'], 'PD_2': ['PD_4'], 'PD_3': ['PD_4'], 'PD_4': ['PD_3']}, FR: {'PD_1,PD_2': inf, 'PD_1,PD_3': inf, 'PD_1,PD_4': inf, 'PD_2,PD_3': inf, 'PD_2,PD_4': inf, 'PD_3,PD_4': inf}
  Computing metrics...
    RSI: {'PD_1,PD_2': 0.0, 'PD_1,PD_3': 0.0, 'PD_1,PD_4': 0.0, 'PD_2,PD_3': 0.0, 'PD_2,PD_4': 0.0, 'PD_3,PD_4': 1.0}, ASR: 1.0, TCB: {'PD_1': ['PD_3'], 'PD_2': ['PD_4'], 'PD_3': ['PD_4'], 'PD_4': ['PD_3']}, FR: {'PD_1,PD_2': inf, 'PD_1,PD_3': inf, 'PD_1,PD_4': inf, 'PD_2,PD_3': inf, 'PD_2,PD_4': inf, 'PD_3,PD_4': inf}
  Computing metrics...
    RSI: {'PD_1,PD_2': 0.0, 'PD_1,PD_3': 0.0, 'PD_1,PD_4': 0.0, 'PD_2,PD_3': 0.0, 'PD_2,PD_4': 0.0, 'PD_3,PD_4': 1.0}, ASR: 1.0, TCB: {'PD_1': ['PD_3'], 'PD_2': ['PD_4'], 'PD_3': ['PD_4'], 'PD_4': ['PD_3']}, FR: {'PD_1,PD_2': inf, 'PD_1,PD_3': inf, 'PD_1,PD_4': inf, 'PD_2,PD_3': inf, 'PD_2,PD_4': inf, 'PD_3,PD_4': inf}
  Computing metrics...
    RSI: {'PD_1,PD_2': 0.0, 'PD_1,PD_3': 0.0, 'PD_1,PD_4': 0.0, 'PD_2,PD_3': 0.0, 'PD_2,PD_4': 0.0, 'PD_3,PD_4': 1.0}, ASR: 1.0, TCB: {'PD_1': ['PD_3'], 'PD_2': ['PD_4'], 'PD_3': ['PD_4'], 'PD_4': ['PD_3']}, FR: {'PD_1,PD_2': inf, 'PD_1,PD_3': inf, 'PD_1,PD_4': inf, 'PD_2,PD_3': inf, 'PD_2,PD_4': inf, 'PD_3,PD_4': inf}
  Computing metrics...
    RSI: {'PD_1,PD_2': 0.0, 'PD_1,PD_3': 0.0, 'PD_1,PD_4': 0.0, 'PD_2,PD_3': 0.0, 'PD_2,PD_4': 0.0, 'PD_3,PD_4': 1.0}, ASR: 1.0, TCB: {'PD_1': ['PD_3'], 'PD_2': ['PD_4'], 'PD_3': ['PD_4'], 'PD_4': ['PD_3']}, FR: {'PD_1,PD_2': inf, 'PD_1,PD_3': inf, 'PD_1,PD_4': inf, 'PD_2,PD_3': inf, 'PD_2,PD_4': inf, 'PD_3,PD_4': inf}
  Trying best transition: primitive
    Target: add new protection domain to help resolve 2 constraint violation(s)
    Predicted improvement: 0.100
    Considered 24 other option(s):
      1. primitive: create new CONFIG file in FILE_SPACE_1 (improvement: 0.700)
      2. primitive: create new DATABASE file in FILE_SPACE_1 (improvement: 0.700)
      3. primitive: create new TEMP file in FILE_SPACE_1 (improvement: 0.700)
      4. primitive: create new LOG file in FILE_SPACE_1 (improvement: 0.700)
      5. primitive: add authority relationship: PD_1 -> PD_2 (improvement: 0.250)
      6. primitive: enable indirect access: PD_1 -> PD_4 (improvement: 0.250)
      7. primitive: add authority relationship: PD_2 -> PD_1 (improvement: 0.250)
      8. primitive: enable indirect access: PD_2 -> PD_3 (improvement: 0.250)
      9. primitive: add authority relationship: PD_3 -> PD_1 (improvement: 0.250)
      10. primitive: add authority relationship: PD_3 -> PD_2 (improvement: 0.250)
      ... and 14 more
    ✅ Applied add_pd
  📋 Generated 25 candidate(s)
  Computing metrics...
    RSI: {'PD_1,PD_2': 0.0, 'PD_1,PD_3': 0.0, 'PD_1,PD_4': 0.0, 'PD_2,PD_3': 0.0, 'PD_2,PD_4': 0.0, 'PD_3,PD_4': 1.0}, ASR: 1.0, TCB: {'PD_1': ['PD_3'], 'PD_2': ['PD_4'], 'PD_3': ['PD_4'], 'PD_4': ['PD_3']}, FR: {'PD_1,PD_2': inf, 'PD_1,PD_3': inf, 'PD_1,PD_4': inf, 'PD_2,PD_3': inf, 'PD_2,PD_4': inf, 'PD_3,PD_4': inf}
    ✅ Added candidate: add_file_resource (score: 0.700)
  Computing metrics...
    RSI: {'PD_1,PD_2': 0.0, 'PD_1,PD_3': 0.0, 'PD_1,PD_4': 0.0, 'PD_2,PD_3': 0.0, 'PD_2,PD_4': 0.0, 'PD_3,PD_4': 1.0}, ASR: 1.0, TCB: {'PD_1': ['PD_3'], 'PD_2': ['PD_4'], 'PD_3': ['PD_4'], 'PD_4': ['PD_3']}, FR: {'PD_1,PD_2': inf, 'PD_1,PD_3': inf, 'PD_1,PD_4': inf, 'PD_2,PD_3': inf, 'PD_2,PD_4': inf, 'PD_3,PD_4': inf}
    ✅ Added candidate: add_file_resource (score: 0.700)
  Computing metrics...
    RSI: {'PD_1,PD_2': 0.0, 'PD_1,PD_3': 0.0, 'PD_1,PD_4': 0.0, 'PD_2,PD_3': 0.0, 'PD_2,PD_4': 0.0, 'PD_3,PD_4': 1.0}, ASR: 1.0, TCB: {'PD_1': ['PD_3'], 'PD_2': ['PD_4'], 'PD_3': ['PD_4'], 'PD_4': ['PD_3']}, FR: {'PD_1,PD_2': inf, 'PD_1,PD_3': inf, 'PD_1,PD_4': inf, 'PD_2,PD_3': inf, 'PD_2,PD_4': inf, 'PD_3,PD_4': inf}
    ✅ Added candidate: add_file_resource (score: 0.700)
  Computing metrics...
    RSI: {'PD_1,PD_2': 0.0, 'PD_1,PD_3': 0.0, 'PD_1,PD_4': 0.0, 'PD_2,PD_3': 0.0, 'PD_2,PD_4': 0.0, 'PD_3,PD_4': 1.0}, ASR: 1.0, TCB: {'PD_1': ['PD_3'], 'PD_2': ['PD_4'], 'PD_3': ['PD_4'], 'PD_4': ['PD_3']}, FR: {'PD_1,PD_2': inf, 'PD_1,PD_3': inf, 'PD_1,PD_4': inf, 'PD_2,PD_3': inf, 'PD_2,PD_4': inf, 'PD_3,PD_4': inf}
    ✅ Added candidate: add_file_resource (score: 0.700)

📊 Next beam (3 states):
  Beam[0]: BeamState(iter=1, score=0.700, path=add_file_resource(create new CONFIG file in FILE_SPACE_1))
  Beam[1]: BeamState(iter=1, score=0.700, path=add_file_resource(create new DATABASE file in FILE_SPACE_1))
  Beam[2]: BeamState(iter=1, score=0.700, path=add_file_resource(create new TEMP file in FILE_SPACE_1))
💡 Total candidates generated: 4
🎯 Mechanisms discovered so far: 0

============================================================
🔍 Beam Search Iteration 2/8
📊 Current beam size: 3
  Beam[0]: BeamState(iter=1, score=0.700, path=add_file_resource(create new CONFIG file in FILE_SPACE_1))
  Beam[1]: BeamState(iter=1, score=0.700, path=add_file_resource(create new DATABASE file in FILE_SPACE_1))
  Beam[2]: BeamState(iter=1, score=0.700, path=add_file_resource(create new TEMP file in FILE_SPACE_1))

🌟 Expanding Beam[0] (score: 0.700)
  ⚠️  Constraints violated: PD_1 lacks access to any files; PD_2 lacks access to any files
  Computing metrics...
    RSI: {'PD_1,PD_2': 0.0, 'PD_1,PD_3': 0.0, 'PD_1,PD_4': 0.0, 'PD_2,PD_3': 0.0, 'PD_2,PD_4': 0.0, 'PD_3,PD_4': 1.0}, ASR: 1.0, TCB: {'PD_1': ['PD_3'], 'PD_2': ['PD_4'], 'PD_3': ['PD_4'], 'PD_4': ['PD_3']}, FR: {'PD_1,PD_2': inf, 'PD_1,PD_3': inf, 'PD_1,PD_4': inf, 'PD_2,PD_3': inf, 'PD_2,PD_4': inf, 'PD_3,PD_4': inf}
  Computing metrics...
    RSI: {'PD_1,PD_2': 0.0, 'PD_1,PD_3': 0.0, 'PD_1,PD_4': 0.0, 'PD_1,PD_5': 0.0, 'PD_2,PD_3': 0.0, 'PD_2,PD_4': 0.0, 'PD_2,PD_5': 0.0, 'PD_3,PD_4': 1.0, 'PD_3,PD_5': 0.0, 'PD_4,PD_5': 0.0}, ASR: 0.8, TCB: {'PD_1': ['PD_3'], 'PD_2': ['PD_4'], 'PD_3': ['PD_4'], 'PD_4': ['PD_3'], 'PD_5': []}, FR: {'PD_1,PD_2': inf, 'PD_1,PD_3': inf, 'PD_1,PD_4': inf, 'PD_1,PD_5': inf, 'PD_2,PD_3': inf, 'PD_2,PD_4': inf, 'PD_2,PD_5': inf, 'PD_3,PD_4': inf, 'PD_3,PD_5': inf, 'PD_4,PD_5': inf}
  Computing metrics...
    RSI: {'PD_1,PD_2': 0.0, 'PD_1,PD_3': 0.0, 'PD_1,PD_4': 0.0, 'PD_2,PD_3': 0.0, 'PD_2,PD_4': 0.0, 'PD_3,PD_4': 1.0}, ASR: 1.0, TCB: {'PD_1': ['PD_3'], 'PD_2': ['PD_4'], 'PD_3': ['PD_4'], 'PD_4': ['PD_3']}, FR: {'PD_1,PD_2': inf, 'PD_1,PD_3': inf, 'PD_1,PD_4': inf, 'PD_2,PD_3': inf, 'PD_2,PD_4': inf, 'PD_3,PD_4': inf}
  Computing metrics...
    RSI: {'PD_1,PD_2': 0.0, 'PD_1,PD_3': 0.0, 'PD_1,PD_4': 0.0, 'PD_2,PD_3': 0.0, 'PD_2,PD_4': 0.0, 'PD_3,PD_4': 1.0}, ASR: 1.0, TCB: {'PD_1': ['PD_3'], 'PD_2': ['PD_4'], 'PD_3': ['PD_4'], 'PD_4': ['PD_3']}, FR: {'PD_1,PD_2': inf, 'PD_1,PD_3': inf, 'PD_1,PD_4': inf, 'PD_2,PD_3': inf, 'PD_2,PD_4': inf, 'PD_3,PD_4': inf}
  Computing metrics...
    RSI: {'PD_1,PD_2': 0.0, 'PD_1,PD_3': 0.0, 'PD_1,PD_4': 0.0, 'PD_2,PD_3': 0.0, 'PD_2,PD_4': 0.0, 'PD_3,PD_4': 1.0}, ASR: 1.0, TCB: {'PD_1': ['PD_3'], 'PD_2': ['PD_4'], 'PD_3': ['PD_4'], 'PD_4': ['PD_3']}, FR: {'PD_1,PD_2': inf, 'PD_1,PD_3': inf, 'PD_1,PD_4': inf, 'PD_2,PD_3': inf, 'PD_2,PD_4': inf, 'PD_3,PD_4': inf}
  Computing metrics...
    RSI: {'PD_1,PD_2': 0.0, 'PD_1,PD_3': 0.0, 'PD_1,PD_4': 0.0, 'PD_2,PD_3': 0.0, 'PD_2,PD_4': 0.0, 'PD_3,PD_4': 1.0}, ASR: 1.0, TCB: {'PD_1': ['PD_3'], 'PD_2': ['PD_4'], 'PD_3': ['PD_4'], 'PD_4': ['PD_3']}, FR: {'PD_1,PD_2': inf, 'PD_1,PD_3': inf, 'PD_1,PD_4': inf, 'PD_2,PD_3': inf, 'PD_2,PD_4': inf, 'PD_3,PD_4': inf}
  Computing metrics...
    RSI: {'PD_1,PD_2': 0.0, 'PD_1,PD_3': 0.0, 'PD_1,PD_4': 0.0, 'PD_2,PD_3': 0.0, 'PD_2,PD_4': 0.0, 'PD_3,PD_4': 1.0}, ASR: 1.0, TCB: {'PD_1': ['PD_3'], 'PD_2': ['PD_4'], 'PD_3': ['PD_4'], 'PD_4': ['PD_3']}, FR: {'PD_1,PD_2': inf, 'PD_1,PD_3': inf, 'PD_1,PD_4': inf, 'PD_2,PD_3': inf, 'PD_2,PD_4': inf, 'PD_3,PD_4': inf}
  Computing metrics...
    RSI: {'PD_1,PD_2': 0.0, 'PD_1,PD_3': 0.0, 'PD_1,PD_4': 0.0, 'PD_2,PD_3': 0.0, 'PD_2,PD_4': 0.0, 'PD_3,PD_4': 1.0}, ASR: 1.0, TCB: {'PD_1': ['PD_3'], 'PD_2': ['PD_4'], 'PD_3': ['PD_4'], 'PD_4': ['PD_3']}, FR: {'PD_1,PD_2': inf, 'PD_1,PD_3': inf, 'PD_1,PD_4': inf, 'PD_2,PD_3': inf, 'PD_2,PD_4': inf, 'PD_3,PD_4': inf}
  Computing metrics...
    RSI: {'PD_1,PD_2': 0.0, 'PD_1,PD_3': 0.0, 'PD_1,PD_4': 0.0, 'PD_2,PD_3': 0.0, 'PD_2,PD_4': 0.0, 'PD_3,PD_4': 1.0}, ASR: 1.0, TCB: {'PD_1': ['PD_3'], 'PD_2': ['PD_4'], 'PD_3': ['PD_4'], 'PD_4': ['PD_3']}, FR: {'PD_1,PD_2': inf, 'PD_1,PD_3': inf, 'PD_1,PD_4': inf, 'PD_2,PD_3': inf, 'PD_2,PD_4': inf, 'PD_3,PD_4': inf}
  Computing metrics...
    RSI: {'PD_1,PD_2': 0.0, 'PD_1,PD_3': 0.0, 'PD_1,PD_4': 0.0, 'PD_2,PD_3': 0.0, 'PD_2,PD_4': 0.0, 'PD_3,PD_4': 1.0}, ASR: 1.0, TCB: {'PD_1': ['PD_3'], 'PD_2': ['PD_4'], 'PD_3': ['PD_4'], 'PD_4': ['PD_3']}, FR: {'PD_1,PD_2': inf, 'PD_1,PD_3': inf, 'PD_1,PD_4': inf, 'PD_2,PD_3': inf, 'PD_2,PD_4': inf, 'PD_3,PD_4': inf}
  Computing metrics...
    RSI: {'PD_1,PD_2': 0.0, 'PD_1,PD_3': 0.0, 'PD_1,PD_4': 0.0, 'PD_2,PD_3': 0.0, 'PD_2,PD_4': 0.0, 'PD_3,PD_4': 1.0}, ASR: 1.0, TCB: {'PD_1': ['PD_3'], 'PD_2': ['PD_4'], 'PD_3': ['PD_4'], 'PD_4': ['PD_3']}, FR: {'PD_1,PD_2': inf, 'PD_1,PD_3': inf, 'PD_1,PD_4': inf, 'PD_2,PD_3': inf, 'PD_2,PD_4': inf, 'PD_3,PD_4': inf}
  Computing metrics...
    RSI: {'PD_1,PD_2': 0.0, 'PD_1,PD_3': 0.0, 'PD_1,PD_4': 0.0, 'PD_2,PD_3': 0.0, 'PD_2,PD_4': 0.0, 'PD_3,PD_4': 1.0}, ASR: 1.0, TCB: {'PD_1': ['PD_3'], 'PD_2': ['PD_4'], 'PD_3': ['PD_4'], 'PD_4': ['PD_3']}, FR: {'PD_1,PD_2': inf, 'PD_1,PD_3': inf, 'PD_1,PD_4': inf, 'PD_2,PD_3': inf, 'PD_2,PD_4': inf, 'PD_3,PD_4': inf}
  Computing metrics...
    RSI: {'PD_1,PD_2': 0.0, 'PD_1,PD_3': 0.0, 'PD_1,PD_4': 0.0, 'PD_2,PD_3': 0.0, 'PD_2,PD_4': 0.0, 'PD_3,PD_4': 1.0}, ASR: 1.0, TCB: {'PD_1': ['PD_3'], 'PD_2': ['PD_4'], 'PD_3': ['PD_4'], 'PD_4': ['PD_3']}, FR: {'PD_1,PD_2': inf, 'PD_1,PD_3': inf, 'PD_1,PD_4': inf, 'PD_2,PD_3': inf, 'PD_2,PD_4': inf, 'PD_3,PD_4': inf}
  Computing metrics...
    RSI: {'PD_1,PD_2': 0.0, 'PD_1,PD_3': 0.0, 'PD_1,PD_4': 0.0, 'PD_2,PD_3': 0.0, 'PD_2,PD_4': 0.0, 'PD_3,PD_4': 1.0}, ASR: 1.0, TCB: {'PD_1': ['PD_3'], 'PD_2': ['PD_4'], 'PD_3': ['PD_4'], 'PD_4': ['PD_3']}, FR: {'PD_1,PD_2': inf, 'PD_1,PD_3': inf, 'PD_1,PD_4': inf, 'PD_2,PD_3': inf, 'PD_2,PD_4': inf, 'PD_3,PD_4': inf}
  Computing metrics...
    RSI: {'PD_1,PD_2': 0.0, 'PD_1,PD_3': 0.0, 'PD_1,PD_4': 0.0, 'PD_2,PD_3': 0.0, 'PD_2,PD_4': 0.0, 'PD_3,PD_4': 1.0}, ASR: 1.0, TCB: {'PD_1': ['PD_3'], 'PD_2': ['PD_4'], 'PD_3': ['PD_4'], 'PD_4': ['PD_3']}, FR: {'PD_1,PD_2': inf, 'PD_1,PD_3': inf, 'PD_1,PD_4': inf, 'PD_2,PD_3': inf, 'PD_2,PD_4': inf, 'PD_3,PD_4': inf}
  Computing metrics...
    RSI: {'PD_1,PD_2': 0.0, 'PD_1,PD_3': 0.0, 'PD_1,PD_4': 0.0, 'PD_2,PD_3': 0.0, 'PD_2,PD_4': 0.0, 'PD_3,PD_4': 1.0}, ASR: 1.0, TCB: {'PD_1': ['PD_3'], 'PD_2': ['PD_4'], 'PD_3': ['PD_4'], 'PD_4': ['PD_3']}, FR: {'PD_1,PD_2': inf, 'PD_1,PD_3': inf, 'PD_1,PD_4': inf, 'PD_2,PD_3': inf, 'PD_2,PD_4': inf, 'PD_3,PD_4': inf}
  Computing metrics...
    RSI: {'PD_1,PD_2': 0.0, 'PD_1,PD_3': 0.0, 'PD_1,PD_4': 0.0, 'PD_2,PD_3': 0.0, 'PD_2,PD_4': 0.0, 'PD_3,PD_4': 1.0}, ASR: 1.0, TCB: {'PD_1': ['PD_3'], 'PD_2': ['PD_4'], 'PD_3': ['PD_4'], 'PD_4': ['PD_3']}, FR: {'PD_1,PD_2': inf, 'PD_1,PD_3': inf, 'PD_1,PD_4': inf, 'PD_2,PD_3': inf, 'PD_2,PD_4': inf, 'PD_3,PD_4': inf}
  Computing metrics...
    RSI: {'PD_1,PD_2': 0.0, 'PD_1,PD_3': 0.0, 'PD_1,PD_4': 0.0, 'PD_2,PD_3': 0.0, 'PD_2,PD_4': 0.0, 'PD_3,PD_4': 1.0}, ASR: 1.0, TCB: {'PD_1': ['PD_3'], 'PD_2': ['PD_4'], 'PD_3': ['PD_4'], 'PD_4': ['PD_3']}, FR: {'PD_1,PD_2': inf, 'PD_1,PD_3': inf, 'PD_1,PD_4': inf, 'PD_2,PD_3': inf, 'PD_2,PD_4': inf, 'PD_3,PD_4': inf}
  Computing metrics...
    RSI: {'PD_1,PD_2': 0.0, 'PD_1,PD_3': 0.0, 'PD_1,PD_4': 0.0, 'PD_2,PD_3': 0.0, 'PD_2,PD_4': 0.0, 'PD_3,PD_4': 1.0}, ASR: 1.0, TCB: {'PD_1': ['PD_3'], 'PD_2': ['PD_4'], 'PD_3': ['PD_4'], 'PD_4': ['PD_3']}, FR: {'PD_1,PD_2': inf, 'PD_1,PD_3': inf, 'PD_1,PD_4': inf, 'PD_2,PD_3': inf, 'PD_2,PD_4': inf, 'PD_3,PD_4': inf}
  Computing metrics...
    RSI: {'PD_1,PD_2': 0.0, 'PD_1,PD_3': 1.0, 'PD_1,PD_4': 1.0, 'PD_2,PD_3': 0.0, 'PD_2,PD_4': 0.0, 'PD_3,PD_4': 1.0}, ASR: 1.25, TCB: {'PD_1': ['PD_3', 'PD_4'], 'PD_2': ['PD_4'], 'PD_3': ['PD_1', 'PD_4'], 'PD_4': ['PD_1', 'PD_3']}, FR: {'PD_1,PD_2': inf, 'PD_1,PD_3': inf, 'PD_1,PD_4': inf, 'PD_2,PD_3': inf, 'PD_2,PD_4': inf, 'PD_3,PD_4': inf}
  Computing metrics...
    RSI: {'PD_1,PD_2': 0.0, 'PD_1,PD_3': 0.0, 'PD_1,PD_4': 0.0, 'PD_2,PD_3': 0.0, 'PD_2,PD_4': 0.0, 'PD_3,PD_4': 1.0}, ASR: 1.0, TCB: {'PD_1': ['PD_3'], 'PD_2': ['PD_4'], 'PD_3': ['PD_4'], 'PD_4': ['PD_3']}, FR: {'PD_1,PD_2': inf, 'PD_1,PD_3': inf, 'PD_1,PD_4': inf, 'PD_2,PD_3': inf, 'PD_2,PD_4': inf, 'PD_3,PD_4': inf}
  Computing metrics...
    RSI: {'PD_1,PD_2': 0.0, 'PD_1,PD_3': 0.0, 'PD_1,PD_4': 0.0, 'PD_2,PD_3': 0.0, 'PD_2,PD_4': 0.0, 'PD_3,PD_4': 1.0}, ASR: 1.25, TCB: {'PD_1': ['PD_3'], 'PD_2': ['PD_4'], 'PD_3': ['PD_4'], 'PD_4': ['PD_3']}, FR: {'PD_1,PD_2': inf, 'PD_1,PD_3': inf, 'PD_1,PD_4': inf, 'PD_2,PD_3': inf, 'PD_2,PD_4': inf, 'PD_3,PD_4': inf}
  Computing metrics...
    RSI: {'PD_1,PD_2': 0.0, 'PD_1,PD_3': 0.0, 'PD_1,PD_4': 0.0, 'PD_2,PD_3': 0.0, 'PD_2,PD_4': 0.0, 'PD_3,PD_4': 1.0}, ASR: 1.0, TCB: {'PD_1': ['PD_3'], 'PD_2': ['PD_4'], 'PD_3': ['PD_4'], 'PD_4': ['PD_3']}, FR: {'PD_1,PD_2': inf, 'PD_1,PD_3': inf, 'PD_1,PD_4': inf, 'PD_2,PD_3': inf, 'PD_2,PD_4': inf, 'PD_3,PD_4': inf}
  Computing metrics...
    RSI: {'PD_1,PD_2': 0.0, 'PD_1,PD_3': 0.0, 'PD_1,PD_4': 0.0, 'PD_2,PD_3': 1.0, 'PD_2,PD_4': 1.0, 'PD_3,PD_4': 1.0}, ASR: 1.25, TCB: {'PD_1': ['PD_3'], 'PD_2': ['PD_4', 'PD_3'], 'PD_3': ['PD_2', 'PD_4'], 'PD_4': ['PD_2', 'PD_3']}, FR: {'PD_1,PD_2': inf, 'PD_1,PD_3': inf, 'PD_1,PD_4': inf, 'PD_2,PD_3': inf, 'PD_2,PD_4': inf, 'PD_3,PD_4': inf}
  Computing metrics...
    RSI: {'PD_1,PD_2': 0.0, 'PD_1,PD_3': 0.0, 'PD_1,PD_4': 0.0, 'PD_2,PD_3': 0.0, 'PD_2,PD_4': 0.0, 'PD_3,PD_4': 1.0}, ASR: 1.0, TCB: {'PD_1': ['PD_3'], 'PD_2': ['PD_4'], 'PD_3': ['PD_4'], 'PD_4': ['PD_3']}, FR: {'PD_1,PD_2': inf, 'PD_1,PD_3': inf, 'PD_1,PD_4': inf, 'PD_2,PD_3': inf, 'PD_2,PD_4': inf, 'PD_3,PD_4': inf}
  Computing metrics...
    RSI: {'PD_1,PD_2': 0.0, 'PD_1,PD_3': 0.0, 'PD_1,PD_4': 0.0, 'PD_2,PD_3': 0.0, 'PD_2,PD_4': 0.0, 'PD_3,PD_4': 1.0}, ASR: 1.25, TCB: {'PD_1': ['PD_3'], 'PD_2': ['PD_4'], 'PD_3': ['PD_4'], 'PD_4': ['PD_3']}, FR: {'PD_1,PD_2': inf, 'PD_1,PD_3': inf, 'PD_1,PD_4': inf, 'PD_2,PD_3': inf, 'PD_2,PD_4': inf, 'PD_3,PD_4': inf}
  Computing metrics...
    RSI: {'PD_1,PD_2': 0.0, 'PD_1,PD_3': 0.0, 'PD_1,PD_4': 0.0, 'PD_2,PD_3': 0.0, 'PD_2,PD_4': 0.0, 'PD_3,PD_4': 1.0}, ASR: 1.0, TCB: {'PD_1': ['PD_3'], 'PD_2': ['PD_4'], 'PD_3': ['PD_4'], 'PD_4': ['PD_3']}, FR: {'PD_1,PD_2': inf, 'PD_1,PD_3': inf, 'PD_1,PD_4': inf, 'PD_2,PD_3': inf, 'PD_2,PD_4': inf, 'PD_3,PD_4': inf}
  Computing metrics...
    RSI: {'PD_1,PD_2': 0.0, 'PD_1,PD_3': 0.0, 'PD_1,PD_4': 0.0, 'PD_2,PD_3': 0.0, 'PD_2,PD_4': 0.0, 'PD_3,PD_4': 0.5}, ASR: 1.25, TCB: {'PD_1': ['PD_3'], 'PD_2': ['PD_4'], 'PD_3': ['PD_4'], 'PD_4': ['PD_3']}, FR: {'PD_1,PD_2': inf, 'PD_1,PD_3': inf, 'PD_1,PD_4': inf, 'PD_2,PD_3': inf, 'PD_2,PD_4': inf, 'PD_3,PD_4': inf}
  Computing metrics...
    RSI: {'PD_1,PD_2': 0.0, 'PD_1,PD_3': 0.0, 'PD_1,PD_4': 0.0, 'PD_2,PD_3': 0.0, 'PD_2,PD_4': 0.0, 'PD_3,PD_4': 1.0}, ASR: 1.0, TCB: {'PD_1': ['PD_3'], 'PD_2': ['PD_4'], 'PD_3': ['PD_4'], 'PD_4': ['PD_3']}, FR: {'PD_1,PD_2': inf, 'PD_1,PD_3': inf, 'PD_1,PD_4': inf, 'PD_2,PD_3': inf, 'PD_2,PD_4': inf, 'PD_3,PD_4': inf}
  Computing metrics...
    RSI: {'PD_1,PD_2': 0.0, 'PD_1,PD_3': 0.0, 'PD_1,PD_4': 0.0, 'PD_2,PD_3': 0.0, 'PD_2,PD_4': 0.0, 'PD_3,PD_4': 0.5}, ASR: 1.25, TCB: {'PD_1': ['PD_3'], 'PD_2': ['PD_4'], 'PD_3': ['PD_4'], 'PD_4': ['PD_3']}, FR: {'PD_1,PD_2': inf, 'PD_1,PD_3': inf, 'PD_1,PD_4': inf, 'PD_2,PD_3': inf, 'PD_2,PD_4': inf, 'PD_3,PD_4': inf}
  Computing metrics...
    RSI: {'PD_1,PD_2': 0.0, 'PD_1,PD_3': 0.0, 'PD_1,PD_4': 0.0, 'PD_2,PD_3': 0.0, 'PD_2,PD_4': 0.0, 'PD_3,PD_4': 1.0}, ASR: 1.0, TCB: {'PD_1': ['PD_3'], 'PD_2': ['PD_4'], 'PD_3': ['PD_4'], 'PD_4': ['PD_3']}, FR: {'PD_1,PD_2': inf, 'PD_1,PD_3': inf, 'PD_1,PD_4': inf, 'PD_2,PD_3': inf, 'PD_2,PD_4': inf, 'PD_3,PD_4': inf}
  Computing metrics...
    RSI: {'PD_1,PD_2': 0.0, 'PD_1,PD_3': 0.0, 'PD_1,PD_4': 0.0, 'PD_2,PD_3': 0.0, 'PD_2,PD_4': 0.0, 'PD_3,PD_4': 1.0}, ASR: 1.0, TCB: {'PD_1': ['PD_3'], 'PD_2': ['PD_4'], 'PD_3': ['PD_4'], 'PD_4': ['PD_3']}, FR: {'PD_1,PD_2': inf, 'PD_1,PD_3': inf, 'PD_1,PD_4': inf, 'PD_2,PD_3': inf, 'PD_2,PD_4': inf, 'PD_3,PD_4': inf}
    remove_hold_edge candidate: remove PD_3 -> FILE_1_1 HOLD edge -> score: 0.150
  Computing metrics...
    RSI: {'PD_1,PD_2': 0.0, 'PD_1,PD_3': 0.0, 'PD_1,PD_4': 0.0, 'PD_2,PD_3': 0.0, 'PD_2,PD_4': 0.0, 'PD_3,PD_4': 1.0}, ASR: 1.0, TCB: {'PD_1': ['PD_3'], 'PD_2': ['PD_4'], 'PD_3': ['PD_4'], 'PD_4': ['PD_3']}, FR: {'PD_1,PD_2': inf, 'PD_1,PD_3': inf, 'PD_1,PD_4': inf, 'PD_2,PD_3': inf, 'PD_2,PD_4': inf, 'PD_3,PD_4': inf}
  Computing metrics...
    RSI: {'PD_1,PD_2': 0.0, 'PD_1,PD_3': 0.0, 'PD_1,PD_4': 0.0, 'PD_2,PD_3': 0.0, 'PD_2,PD_4': 0.0, 'PD_3,PD_4': 1.0}, ASR: 1.0, TCB: {'PD_1': ['PD_3'], 'PD_2': ['PD_4'], 'PD_3': ['PD_4'], 'PD_4': ['PD_3']}, FR: {'PD_1,PD_2': inf, 'PD_1,PD_3': inf, 'PD_1,PD_4': inf, 'PD_2,PD_3': inf, 'PD_2,PD_4': inf, 'PD_3,PD_4': inf}
    remove_hold_edge candidate: remove PD_4 -> FILE_1_1 HOLD edge -> score: 0.150
  Computing metrics...
    RSI: {'PD_1,PD_2': 0.0, 'PD_1,PD_3': 0.0, 'PD_1,PD_4': 0.0, 'PD_2,PD_3': 0.0, 'PD_2,PD_4': 0.0, 'PD_3,PD_4': 1.0}, ASR: 1.0, TCB: {'PD_1': ['PD_3'], 'PD_2': ['PD_4'], 'PD_3': ['PD_4'], 'PD_4': ['PD_3']}, FR: {'PD_1,PD_2': inf, 'PD_1,PD_3': inf, 'PD_1,PD_4': inf, 'PD_2,PD_3': inf, 'PD_2,PD_4': inf, 'PD_3,PD_4': inf}
  Computing metrics...
    RSI: {'PD_1,PD_2': 0.0, 'PD_1,PD_3': 0.0, 'PD_1,PD_4': 0.0, 'PD_2,PD_3': 0.0, 'PD_2,PD_4': 0.0, 'PD_3,PD_4': 1.0}, ASR: 1.25, TCB: {'PD_1': ['PD_3', 'PD_2'], 'PD_2': ['PD_4'], 'PD_3': ['PD_4'], 'PD_4': ['PD_3']}, FR: {'PD_1,PD_2': 3, 'PD_1,PD_3': inf, 'PD_1,PD_4': inf, 'PD_2,PD_3': inf, 'PD_2,PD_4': inf, 'PD_3,PD_4': inf}
  Computing metrics...
    RSI: {'PD_1,PD_2': 0.0, 'PD_1,PD_3': 0.0, 'PD_1,PD_4': 0.0, 'PD_2,PD_3': 0.0, 'PD_2,PD_4': 0.0, 'PD_3,PD_4': 1.0}, ASR: 1.0, TCB: {'PD_1': ['PD_3'], 'PD_2': ['PD_4'], 'PD_3': ['PD_4'], 'PD_4': ['PD_3']}, FR: {'PD_1,PD_2': inf, 'PD_1,PD_3': inf, 'PD_1,PD_4': inf, 'PD_2,PD_3': inf, 'PD_2,PD_4': inf, 'PD_3,PD_4': inf}
  Computing metrics...
    RSI: {'PD_1,PD_2': 0.0, 'PD_1,PD_3': 0.0, 'PD_1,PD_4': 0.0, 'PD_2,PD_3': 0.0, 'PD_2,PD_4': 0.0, 'PD_3,PD_4': 1.0}, ASR: 1.25, TCB: {'PD_1': ['PD_3', 'PD_4'], 'PD_2': ['PD_4'], 'PD_3': ['PD_4'], 'PD_4': ['PD_3']}, FR: {'PD_1,PD_2': 2, 'PD_1,PD_3': inf, 'PD_1,PD_4': inf, 'PD_2,PD_3': inf, 'PD_2,PD_4': inf, 'PD_3,PD_4': inf}
  Computing metrics...
    RSI: {'PD_1,PD_2': 0.0, 'PD_1,PD_3': 0.0, 'PD_1,PD_4': 0.0, 'PD_2,PD_3': 0.0, 'PD_2,PD_4': 0.0, 'PD_3,PD_4': 1.0}, ASR: 1.0, TCB: {'PD_1': ['PD_3'], 'PD_2': ['PD_4'], 'PD_3': ['PD_4'], 'PD_4': ['PD_3']}, FR: {'PD_1,PD_2': inf, 'PD_1,PD_3': inf, 'PD_1,PD_4': inf, 'PD_2,PD_3': inf, 'PD_2,PD_4': inf, 'PD_3,PD_4': inf}
  Computing metrics...
    RSI: {'PD_1,PD_2': 0.0, 'PD_1,PD_3': 0.0, 'PD_1,PD_4': 0.0, 'PD_2,PD_3': 0.0, 'PD_2,PD_4': 0.0, 'PD_3,PD_4': 1.0}, ASR: 1.25, TCB: {'PD_1': ['PD_3'], 'PD_2': ['PD_4', 'PD_1'], 'PD_3': ['PD_4'], 'PD_4': ['PD_3']}, FR: {'PD_1,PD_2': 3, 'PD_1,PD_3': inf, 'PD_1,PD_4': inf, 'PD_2,PD_3': inf, 'PD_2,PD_4': inf, 'PD_3,PD_4': inf}
  Computing metrics...
    RSI: {'PD_1,PD_2': 0.0, 'PD_1,PD_3': 0.0, 'PD_1,PD_4': 0.0, 'PD_2,PD_3': 0.0, 'PD_2,PD_4': 0.0, 'PD_3,PD_4': 1.0}, ASR: 1.0, TCB: {'PD_1': ['PD_3'], 'PD_2': ['PD_4'], 'PD_3': ['PD_4'], 'PD_4': ['PD_3']}, FR: {'PD_1,PD_2': inf, 'PD_1,PD_3': inf, 'PD_1,PD_4': inf, 'PD_2,PD_3': inf, 'PD_2,PD_4': inf, 'PD_3,PD_4': inf}
  Computing metrics...
    RSI: {'PD_1,PD_2': 0.0, 'PD_1,PD_3': 0.0, 'PD_1,PD_4': 0.0, 'PD_2,PD_3': 0.0, 'PD_2,PD_4': 0.0, 'PD_3,PD_4': 1.0}, ASR: 1.25, TCB: {'PD_1': ['PD_3'], 'PD_2': ['PD_4', 'PD_3'], 'PD_3': ['PD_4'], 'PD_4': ['PD_3']}, FR: {'PD_1,PD_2': 2, 'PD_1,PD_3': inf, 'PD_1,PD_4': inf, 'PD_2,PD_3': inf, 'PD_2,PD_4': inf, 'PD_3,PD_4': inf}
  Computing metrics...
    RSI: {'PD_1,PD_2': 0.0, 'PD_1,PD_3': 0.0, 'PD_1,PD_4': 0.0, 'PD_2,PD_3': 0.0, 'PD_2,PD_4': 0.0, 'PD_3,PD_4': 1.0}, ASR: 1.0, TCB: {'PD_1': ['PD_3'], 'PD_2': ['PD_4'], 'PD_3': ['PD_4'], 'PD_4': ['PD_3']}, FR: {'PD_1,PD_2': inf, 'PD_1,PD_3': inf, 'PD_1,PD_4': inf, 'PD_2,PD_3': inf, 'PD_2,PD_4': inf, 'PD_3,PD_4': inf}
  Computing metrics...
    RSI: {'PD_1,PD_2': 0.0, 'PD_1,PD_3': 0.0, 'PD_1,PD_4': 0.0, 'PD_2,PD_3': 0.0, 'PD_2,PD_4': 0.0, 'PD_3,PD_4': 1.0}, ASR: 1.25, TCB: {'PD_1': ['PD_3'], 'PD_2': ['PD_4'], 'PD_3': ['PD_1', 'PD_4'], 'PD_4': ['PD_3']}, FR: {'PD_1,PD_2': inf, 'PD_1,PD_3': inf, 'PD_1,PD_4': inf, 'PD_2,PD_3': inf, 'PD_2,PD_4': inf, 'PD_3,PD_4': inf}
  Computing metrics...
    RSI: {'PD_1,PD_2': 0.0, 'PD_1,PD_3': 0.0, 'PD_1,PD_4': 0.0, 'PD_2,PD_3': 0.0, 'PD_2,PD_4': 0.0, 'PD_3,PD_4': 1.0}, ASR: 1.0, TCB: {'PD_1': ['PD_3'], 'PD_2': ['PD_4'], 'PD_3': ['PD_4'], 'PD_4': ['PD_3']}, FR: {'PD_1,PD_2': inf, 'PD_1,PD_3': inf, 'PD_1,PD_4': inf, 'PD_2,PD_3': inf, 'PD_2,PD_4': inf, 'PD_3,PD_4': inf}
  Computing metrics...
    RSI: {'PD_1,PD_2': 0.0, 'PD_1,PD_3': 0.0, 'PD_1,PD_4': 0.0, 'PD_2,PD_3': 0.0, 'PD_2,PD_4': 0.0, 'PD_3,PD_4': 1.0}, ASR: 1.25, TCB: {'PD_1': ['PD_3'], 'PD_2': ['PD_4'], 'PD_3': ['PD_2', 'PD_4'], 'PD_4': ['PD_3']}, FR: {'PD_1,PD_2': 4, 'PD_1,PD_3': 3, 'PD_1,PD_4': inf, 'PD_2,PD_3': 3, 'PD_2,PD_4': inf, 'PD_3,PD_4': inf}
  Computing metrics...
    RSI: {'PD_1,PD_2': 0.0, 'PD_1,PD_3': 0.0, 'PD_1,PD_4': 0.0, 'PD_2,PD_3': 0.0, 'PD_2,PD_4': 0.0, 'PD_3,PD_4': 1.0}, ASR: 1.0, TCB: {'PD_1': ['PD_3'], 'PD_2': ['PD_4'], 'PD_3': ['PD_4'], 'PD_4': ['PD_3']}, FR: {'PD_1,PD_2': inf, 'PD_1,PD_3': inf, 'PD_1,PD_4': inf, 'PD_2,PD_3': inf, 'PD_2,PD_4': inf, 'PD_3,PD_4': inf}
  Computing metrics...
    RSI: {'PD_1,PD_2': 0.0, 'PD_1,PD_3': 0.0, 'PD_1,PD_4': 0.0, 'PD_2,PD_3': 0.0, 'PD_2,PD_4': 0.0, 'PD_3,PD_4': 1.0}, ASR: 1.25, TCB: {'PD_1': ['PD_3'], 'PD_2': ['PD_4'], 'PD_3': ['PD_4'], 'PD_4': ['PD_3']}, FR: {'PD_1,PD_2': 3, 'PD_1,PD_3': 3, 'PD_1,PD_4': inf, 'PD_2,PD_3': 2, 'PD_2,PD_4': inf, 'PD_3,PD_4': inf}
  Computing metrics...
    RSI: {'PD_1,PD_2': 0.0, 'PD_1,PD_3': 0.0, 'PD_1,PD_4': 0.0, 'PD_2,PD_3': 0.0, 'PD_2,PD_4': 0.0, 'PD_3,PD_4': 1.0}, ASR: 1.0, TCB: {'PD_1': ['PD_3'], 'PD_2': ['PD_4'], 'PD_3': ['PD_4'], 'PD_4': ['PD_3']}, FR: {'PD_1,PD_2': inf, 'PD_1,PD_3': inf, 'PD_1,PD_4': inf, 'PD_2,PD_3': inf, 'PD_2,PD_4': inf, 'PD_3,PD_4': inf}
  Computing metrics...
    RSI: {'PD_1,PD_2': 0.0, 'PD_1,PD_3': 0.0, 'PD_1,PD_4': 0.0, 'PD_2,PD_3': 0.0, 'PD_2,PD_4': 0.0, 'PD_3,PD_4': 1.0}, ASR: 1.25, TCB: {'PD_1': ['PD_3'], 'PD_2': ['PD_4'], 'PD_3': ['PD_4'], 'PD_4': ['PD_1', 'PD_3']}, FR: {'PD_1,PD_2': 4, 'PD_1,PD_3': inf, 'PD_1,PD_4': 3, 'PD_2,PD_3': inf, 'PD_2,PD_4': 3, 'PD_3,PD_4': inf}
  Computing metrics...
    RSI: {'PD_1,PD_2': 0.0, 'PD_1,PD_3': 0.0, 'PD_1,PD_4': 0.0, 'PD_2,PD_3': 0.0, 'PD_2,PD_4': 0.0, 'PD_3,PD_4': 1.0}, ASR: 1.0, TCB: {'PD_1': ['PD_3'], 'PD_2': ['PD_4'], 'PD_3': ['PD_4'], 'PD_4': ['PD_3']}, FR: {'PD_1,PD_2': inf, 'PD_1,PD_3': inf, 'PD_1,PD_4': inf, 'PD_2,PD_3': inf, 'PD_2,PD_4': inf, 'PD_3,PD_4': inf}
  Computing metrics...
    RSI: {'PD_1,PD_2': 0.0, 'PD_1,PD_3': 0.0, 'PD_1,PD_4': 0.0, 'PD_2,PD_3': 0.0, 'PD_2,PD_4': 0.0, 'PD_3,PD_4': 1.0}, ASR: 1.25, TCB: {'PD_1': ['PD_3'], 'PD_2': ['PD_4'], 'PD_3': ['PD_4'], 'PD_4': ['PD_2', 'PD_3']}, FR: {'PD_1,PD_2': inf, 'PD_1,PD_3': inf, 'PD_1,PD_4': inf, 'PD_2,PD_3': inf, 'PD_2,PD_4': inf, 'PD_3,PD_4': inf}
  Computing metrics...
    RSI: {'PD_1,PD_2': 0.0, 'PD_1,PD_3': 0.0, 'PD_1,PD_4': 0.0, 'PD_2,PD_3': 0.0, 'PD_2,PD_4': 0.0, 'PD_3,PD_4': 1.0}, ASR: 1.0, TCB: {'PD_1': ['PD_3'], 'PD_2': ['PD_4'], 'PD_3': ['PD_4'], 'PD_4': ['PD_3']}, FR: {'PD_1,PD_2': inf, 'PD_1,PD_3': inf, 'PD_1,PD_4': inf, 'PD_2,PD_3': inf, 'PD_2,PD_4': inf, 'PD_3,PD_4': inf}
  Computing metrics...
    RSI: {'PD_1,PD_2': 0.0, 'PD_1,PD_3': 0.0, 'PD_1,PD_4': 0.0, 'PD_2,PD_3': 0.0, 'PD_2,PD_4': 0.0, 'PD_3,PD_4': 1.0}, ASR: 1.25, TCB: {'PD_1': ['PD_3'], 'PD_2': ['PD_4'], 'PD_3': ['PD_4'], 'PD_4': ['PD_3']}, FR: {'PD_1,PD_2': 3, 'PD_1,PD_3': inf, 'PD_1,PD_4': 2, 'PD_2,PD_3': inf, 'PD_2,PD_4': 3, 'PD_3,PD_4': inf}
  Computing metrics...
    RSI: {'PD_1,PD_2': 0.0, 'PD_1,PD_3': 0.0, 'PD_1,PD_4': 0.0, 'PD_2,PD_3': 0.0, 'PD_2,PD_4': 0.0, 'PD_3,PD_4': 1.0}, ASR: 1.0, TCB: {'PD_1': ['PD_3'], 'PD_2': ['PD_4'], 'PD_3': ['PD_4'], 'PD_4': ['PD_3']}, FR: {'PD_1,PD_2': inf, 'PD_1,PD_3': inf, 'PD_1,PD_4': inf, 'PD_2,PD_3': inf, 'PD_2,PD_4': inf, 'PD_3,PD_4': inf}
  Computing metrics...
    RSI: {'PD_1,PD_2': 0.0, 'PD_1,PD_3': 0.0, 'PD_1,PD_4': 0.0, 'PD_2,PD_3': 0.0, 'PD_2,PD_4': 0.0, 'PD_3,PD_4': 1.0}, ASR: 1.0, TCB: {'PD_1': ['PD_3'], 'PD_2': ['PD_4'], 'PD_3': ['PD_4'], 'PD_4': ['PD_3']}, FR: {'PD_1,PD_2': inf, 'PD_1,PD_3': inf, 'PD_1,PD_4': inf, 'PD_2,PD_3': inf, 'PD_2,PD_4': inf, 'PD_3,PD_4': inf}
  Computing metrics...
    RSI: {'PD_1,PD_2': 0.0, 'PD_1,PD_3': 0.0, 'PD_1,PD_4': 0.0, 'PD_2,PD_3': 0.0, 'PD_2,PD_4': 0.0, 'PD_3,PD_4': 1.0}, ASR: 1.0, TCB: {'PD_1': ['PD_3'], 'PD_2': ['PD_4'], 'PD_3': ['PD_4'], 'PD_4': ['PD_3']}, FR: {'PD_1,PD_2': inf, 'PD_1,PD_3': inf, 'PD_1,PD_4': inf, 'PD_2,PD_3': inf, 'PD_2,PD_4': inf, 'PD_3,PD_4': inf}
  Computing metrics...
    RSI: {'PD_1,PD_2': 0.0, 'PD_1,PD_3': 0.0, 'PD_1,PD_4': 0.0, 'PD_2,PD_3': 0.0, 'PD_2,PD_4': 0.0, 'PD_3,PD_4': 1.0}, ASR: 1.0, TCB: {'PD_1': ['PD_3'], 'PD_2': ['PD_4'], 'PD_3': ['PD_4'], 'PD_4': ['PD_3']}, FR: {'PD_1,PD_2': inf, 'PD_1,PD_3': inf, 'PD_1,PD_4': inf, 'PD_2,PD_3': inf, 'PD_2,PD_4': inf, 'PD_3,PD_4': inf}
  Computing metrics...
    RSI: {'PD_1,PD_2': 0.0, 'PD_1,PD_3': 0.0, 'PD_1,PD_4': 0.0, 'PD_2,PD_3': 0.0, 'PD_2,PD_4': 0.0, 'PD_3,PD_4': 1.0}, ASR: 1.0, TCB: {'PD_1': ['PD_3'], 'PD_2': ['PD_4'], 'PD_3': ['PD_4'], 'PD_4': ['PD_3']}, FR: {'PD_1,PD_2': inf, 'PD_1,PD_3': inf, 'PD_1,PD_4': inf, 'PD_2,PD_3': inf, 'PD_2,PD_4': inf, 'PD_3,PD_4': inf}
  Computing metrics...
    RSI: {'PD_1,PD_2': 0.0, 'PD_1,PD_3': 0.0, 'PD_1,PD_4': 0.0, 'PD_2,PD_3': 0.0, 'PD_2,PD_4': 0.0, 'PD_3,PD_4': 1.0}, ASR: 1.0, TCB: {'PD_1': ['PD_3'], 'PD_2': ['PD_4'], 'PD_3': ['PD_4'], 'PD_4': ['PD_3']}, FR: {'PD_1,PD_2': inf, 'PD_1,PD_3': inf, 'PD_1,PD_4': inf, 'PD_2,PD_3': inf, 'PD_2,PD_4': inf, 'PD_3,PD_4': inf}
  Computing metrics...
    RSI: {'PD_1,PD_2': 0.0, 'PD_1,PD_3': 0.0, 'PD_1,PD_4': 0.0, 'PD_2,PD_3': 0.0, 'PD_2,PD_4': 0.0, 'PD_3,PD_4': 1.0}, ASR: 1.0, TCB: {'PD_1': ['PD_3'], 'PD_2': ['PD_4'], 'PD_3': ['PD_4'], 'PD_4': ['PD_3']}, FR: {'PD_1,PD_2': inf, 'PD_1,PD_3': inf, 'PD_1,PD_4': inf, 'PD_2,PD_3': inf, 'PD_2,PD_4': inf, 'PD_3,PD_4': inf}
  Computing metrics...
    RSI: {'PD_1,PD_2': 0.0, 'PD_1,PD_3': 0.0, 'PD_1,PD_4': 0.0, 'PD_2,PD_3': 0.0, 'PD_2,PD_4': 0.0, 'PD_3,PD_4': 1.0}, ASR: 1.0, TCB: {'PD_1': ['PD_3'], 'PD_2': ['PD_4'], 'PD_3': ['PD_4'], 'PD_4': ['PD_3']}, FR: {'PD_1,PD_2': inf, 'PD_1,PD_3': inf, 'PD_1,PD_4': inf, 'PD_2,PD_3': inf, 'PD_2,PD_4': inf, 'PD_3,PD_4': inf}
  🚫 Filtered out 0 'add_file_resource(create new CONFIG file in FILE_SPACE_1)' candidates (avoiding repetition)
  🎲 Exploration: selecting candidate #3 instead of best
  Trying best transition: primitive
    Target: create new DATABASE file in FILE_SPACE_1
    Predicted improvement: 0.700
    Considered 30 other option(s):
      1. primitive: create new CONFIG file in FILE_SPACE_1 (improvement: 0.700)
      2. primitive: create new DATABASE file in FILE_SPACE_1 (improvement: 0.700)
      3. primitive: create new TEMP file in FILE_SPACE_1 (improvement: 0.700)
      4. primitive: create new LOG file in FILE_SPACE_1 (improvement: 0.700)
      5. primitive: add authority relationship: PD_1 -> PD_2 (improvement: 0.250)
      6. primitive: enable indirect access: PD_1 -> PD_4 (improvement: 0.250)
      7. primitive: add authority relationship: PD_2 -> PD_1 (improvement: 0.250)
      8. primitive: enable indirect access: PD_2 -> PD_3 (improvement: 0.250)
      9. primitive: add authority relationship: PD_3 -> PD_1 (improvement: 0.250)
      10. primitive: add authority relationship: PD_3 -> PD_2 (improvement: 0.250)
      ... and 20 more
    ✅ Applied add_file_resource
  📋 Generated 31 candidate(s)
  Computing metrics...
    RSI: {'PD_1,PD_2': 0.0, 'PD_1,PD_3': 0.0, 'PD_1,PD_4': 0.0, 'PD_2,PD_3': 0.0, 'PD_2,PD_4': 0.0, 'PD_3,PD_4': 1.0}, ASR: 1.0, TCB: {'PD_1': ['PD_3'], 'PD_2': ['PD_4'], 'PD_3': ['PD_4'], 'PD_4': ['PD_3']}, FR: {'PD_1,PD_2': inf, 'PD_1,PD_3': inf, 'PD_1,PD_4': inf, 'PD_2,PD_3': inf, 'PD_2,PD_4': inf, 'PD_3,PD_4': inf}
    ✅ Added candidate: add_file_resource (score: 0.700)
  Computing metrics...
    RSI: {'PD_1,PD_2': 0.0, 'PD_1,PD_3': 0.0, 'PD_1,PD_4': 0.0, 'PD_2,PD_3': 0.0, 'PD_2,PD_4': 0.0, 'PD_3,PD_4': 1.0}, ASR: 1.0, TCB: {'PD_1': ['PD_3'], 'PD_2': ['PD_4'], 'PD_3': ['PD_4'], 'PD_4': ['PD_3']}, FR: {'PD_1,PD_2': inf, 'PD_1,PD_3': inf, 'PD_1,PD_4': inf, 'PD_2,PD_3': inf, 'PD_2,PD_4': inf, 'PD_3,PD_4': inf}
    ✅ Added candidate: add_file_resource (score: 0.700)

🌟 Expanding Beam[1] (score: 0.700)
  ⚠️  Constraints violated: PD_1 lacks access to any files; PD_2 lacks access to any files
  Computing metrics...
    RSI: {'PD_1,PD_2': 0.0, 'PD_1,PD_3': 0.0, 'PD_1,PD_4': 0.0, 'PD_2,PD_3': 0.0, 'PD_2,PD_4': 0.0, 'PD_3,PD_4': 1.0}, ASR: 1.0, TCB: {'PD_1': ['PD_3'], 'PD_2': ['PD_4'], 'PD_3': ['PD_4'], 'PD_4': ['PD_3']}, FR: {'PD_1,PD_2': inf, 'PD_1,PD_3': inf, 'PD_1,PD_4': inf, 'PD_2,PD_3': inf, 'PD_2,PD_4': inf, 'PD_3,PD_4': inf}
  Computing metrics...
    RSI: {'PD_1,PD_2': 0.0, 'PD_1,PD_3': 0.0, 'PD_1,PD_4': 0.0, 'PD_1,PD_5': 0.0, 'PD_2,PD_3': 0.0, 'PD_2,PD_4': 0.0, 'PD_2,PD_5': 0.0, 'PD_3,PD_4': 1.0, 'PD_3,PD_5': 0.0, 'PD_4,PD_5': 0.0}, ASR: 0.8, TCB: {'PD_1': ['PD_3'], 'PD_2': ['PD_4'], 'PD_3': ['PD_4'], 'PD_4': ['PD_3'], 'PD_5': []}, FR: {'PD_1,PD_2': inf, 'PD_1,PD_3': inf, 'PD_1,PD_4': inf, 'PD_1,PD_5': inf, 'PD_2,PD_3': inf, 'PD_2,PD_4': inf, 'PD_2,PD_5': inf, 'PD_3,PD_4': inf, 'PD_3,PD_5': inf, 'PD_4,PD_5': inf}
  Computing metrics...
    RSI: {'PD_1,PD_2': 0.0, 'PD_1,PD_3': 0.0, 'PD_1,PD_4': 0.0, 'PD_2,PD_3': 0.0, 'PD_2,PD_4': 0.0, 'PD_3,PD_4': 1.0}, ASR: 1.0, TCB: {'PD_1': ['PD_3'], 'PD_2': ['PD_4'], 'PD_3': ['PD_4'], 'PD_4': ['PD_3']}, FR: {'PD_1,PD_2': inf, 'PD_1,PD_3': inf, 'PD_1,PD_4': inf, 'PD_2,PD_3': inf, 'PD_2,PD_4': inf, 'PD_3,PD_4': inf}
  Computing metrics...
    RSI: {'PD_1,PD_2': 0.0, 'PD_1,PD_3': 0.0, 'PD_1,PD_4': 0.0, 'PD_2,PD_3': 0.0, 'PD_2,PD_4': 0.0, 'PD_3,PD_4': 1.0}, ASR: 1.0, TCB: {'PD_1': ['PD_3'], 'PD_2': ['PD_4'], 'PD_3': ['PD_4'], 'PD_4': ['PD_3']}, FR: {'PD_1,PD_2': inf, 'PD_1,PD_3': inf, 'PD_1,PD_4': inf, 'PD_2,PD_3': inf, 'PD_2,PD_4': inf, 'PD_3,PD_4': inf}
  Computing metrics...
    RSI: {'PD_1,PD_2': 0.0, 'PD_1,PD_3': 0.0, 'PD_1,PD_4': 0.0, 'PD_2,PD_3': 0.0, 'PD_2,PD_4': 0.0, 'PD_3,PD_4': 1.0}, ASR: 1.0, TCB: {'PD_1': ['PD_3'], 'PD_2': ['PD_4'], 'PD_3': ['PD_4'], 'PD_4': ['PD_3']}, FR: {'PD_1,PD_2': inf, 'PD_1,PD_3': inf, 'PD_1,PD_4': inf, 'PD_2,PD_3': inf, 'PD_2,PD_4': inf, 'PD_3,PD_4': inf}
  Computing metrics...
    RSI: {'PD_1,PD_2': 0.0, 'PD_1,PD_3': 0.0, 'PD_1,PD_4': 0.0, 'PD_2,PD_3': 0.0, 'PD_2,PD_4': 0.0, 'PD_3,PD_4': 1.0}, ASR: 1.0, TCB: {'PD_1': ['PD_3'], 'PD_2': ['PD_4'], 'PD_3': ['PD_4'], 'PD_4': ['PD_3']}, FR: {'PD_1,PD_2': inf, 'PD_1,PD_3': inf, 'PD_1,PD_4': inf, 'PD_2,PD_3': inf, 'PD_2,PD_4': inf, 'PD_3,PD_4': inf}
  Computing metrics...
    RSI: {'PD_1,PD_2': 0.0, 'PD_1,PD_3': 0.0, 'PD_1,PD_4': 0.0, 'PD_2,PD_3': 0.0, 'PD_2,PD_4': 0.0, 'PD_3,PD_4': 1.0}, ASR: 1.0, TCB: {'PD_1': ['PD_3'], 'PD_2': ['PD_4'], 'PD_3': ['PD_4'], 'PD_4': ['PD_3']}, FR: {'PD_1,PD_2': inf, 'PD_1,PD_3': inf, 'PD_1,PD_4': inf, 'PD_2,PD_3': inf, 'PD_2,PD_4': inf, 'PD_3,PD_4': inf}
  Computing metrics...
    RSI: {'PD_1,PD_2': 0.0, 'PD_1,PD_3': 0.0, 'PD_1,PD_4': 0.0, 'PD_2,PD_3': 0.0, 'PD_2,PD_4': 0.0, 'PD_3,PD_4': 1.0}, ASR: 1.0, TCB: {'PD_1': ['PD_3'], 'PD_2': ['PD_4'], 'PD_3': ['PD_4'], 'PD_4': ['PD_3']}, FR: {'PD_1,PD_2': inf, 'PD_1,PD_3': inf, 'PD_1,PD_4': inf, 'PD_2,PD_3': inf, 'PD_2,PD_4': inf, 'PD_3,PD_4': inf}
  Computing metrics...
    RSI: {'PD_1,PD_2': 0.0, 'PD_1,PD_3': 0.0, 'PD_1,PD_4': 0.0, 'PD_2,PD_3': 0.0, 'PD_2,PD_4': 0.0, 'PD_3,PD_4': 1.0}, ASR: 1.0, TCB: {'PD_1': ['PD_3'], 'PD_2': ['PD_4'], 'PD_3': ['PD_4'], 'PD_4': ['PD_3']}, FR: {'PD_1,PD_2': inf, 'PD_1,PD_3': inf, 'PD_1,PD_4': inf, 'PD_2,PD_3': inf, 'PD_2,PD_4': inf, 'PD_3,PD_4': inf}
  Computing metrics...
    RSI: {'PD_1,PD_2': 0.0, 'PD_1,PD_3': 0.0, 'PD_1,PD_4': 0.0, 'PD_2,PD_3': 0.0, 'PD_2,PD_4': 0.0, 'PD_3,PD_4': 1.0}, ASR: 1.0, TCB: {'PD_1': ['PD_3'], 'PD_2': ['PD_4'], 'PD_3': ['PD_4'], 'PD_4': ['PD_3']}, FR: {'PD_1,PD_2': inf, 'PD_1,PD_3': inf, 'PD_1,PD_4': inf, 'PD_2,PD_3': inf, 'PD_2,PD_4': inf, 'PD_3,PD_4': inf}
  Computing metrics...
    RSI: {'PD_1,PD_2': 0.0, 'PD_1,PD_3': 0.0, 'PD_1,PD_4': 0.0, 'PD_2,PD_3': 0.0, 'PD_2,PD_4': 0.0, 'PD_3,PD_4': 1.0}, ASR: 1.0, TCB: {'PD_1': ['PD_3'], 'PD_2': ['PD_4'], 'PD_3': ['PD_4'], 'PD_4': ['PD_3']}, FR: {'PD_1,PD_2': inf, 'PD_1,PD_3': inf, 'PD_1,PD_4': inf, 'PD_2,PD_3': inf, 'PD_2,PD_4': inf, 'PD_3,PD_4': inf}
  Computing metrics...
    RSI: {'PD_1,PD_2': 0.0, 'PD_1,PD_3': 0.0, 'PD_1,PD_4': 0.0, 'PD_2,PD_3': 0.0, 'PD_2,PD_4': 0.0, 'PD_3,PD_4': 1.0}, ASR: 1.0, TCB: {'PD_1': ['PD_3'], 'PD_2': ['PD_4'], 'PD_3': ['PD_4'], 'PD_4': ['PD_3']}, FR: {'PD_1,PD_2': inf, 'PD_1,PD_3': inf, 'PD_1,PD_4': inf, 'PD_2,PD_3': inf, 'PD_2,PD_4': inf, 'PD_3,PD_4': inf}
  Computing metrics...
    RSI: {'PD_1,PD_2': 0.0, 'PD_1,PD_3': 0.0, 'PD_1,PD_4': 0.0, 'PD_2,PD_3': 0.0, 'PD_2,PD_4': 0.0, 'PD_3,PD_4': 1.0}, ASR: 1.0, TCB: {'PD_1': ['PD_3'], 'PD_2': ['PD_4'], 'PD_3': ['PD_4'], 'PD_4': ['PD_3']}, FR: {'PD_1,PD_2': inf, 'PD_1,PD_3': inf, 'PD_1,PD_4': inf, 'PD_2,PD_3': inf, 'PD_2,PD_4': inf, 'PD_3,PD_4': inf}
  Computing metrics...
    RSI: {'PD_1,PD_2': 0.0, 'PD_1,PD_3': 0.0, 'PD_1,PD_4': 0.0, 'PD_2,PD_3': 0.0, 'PD_2,PD_4': 0.0, 'PD_3,PD_4': 1.0}, ASR: 1.0, TCB: {'PD_1': ['PD_3'], 'PD_2': ['PD_4'], 'PD_3': ['PD_4'], 'PD_4': ['PD_3']}, FR: {'PD_1,PD_2': inf, 'PD_1,PD_3': inf, 'PD_1,PD_4': inf, 'PD_2,PD_3': inf, 'PD_2,PD_4': inf, 'PD_3,PD_4': inf}
  Computing metrics...
    RSI: {'PD_1,PD_2': 0.0, 'PD_1,PD_3': 0.0, 'PD_1,PD_4': 0.0, 'PD_2,PD_3': 0.0, 'PD_2,PD_4': 0.0, 'PD_3,PD_4': 1.0}, ASR: 1.0, TCB: {'PD_1': ['PD_3'], 'PD_2': ['PD_4'], 'PD_3': ['PD_4'], 'PD_4': ['PD_3']}, FR: {'PD_1,PD_2': inf, 'PD_1,PD_3': inf, 'PD_1,PD_4': inf, 'PD_2,PD_3': inf, 'PD_2,PD_4': inf, 'PD_3,PD_4': inf}
  Computing metrics...
    RSI: {'PD_1,PD_2': 0.0, 'PD_1,PD_3': 0.0, 'PD_1,PD_4': 0.0, 'PD_2,PD_3': 0.0, 'PD_2,PD_4': 0.0, 'PD_3,PD_4': 1.0}, ASR: 1.0, TCB: {'PD_1': ['PD_3'], 'PD_2': ['PD_4'], 'PD_3': ['PD_4'], 'PD_4': ['PD_3']}, FR: {'PD_1,PD_2': inf, 'PD_1,PD_3': inf, 'PD_1,PD_4': inf, 'PD_2,PD_3': inf, 'PD_2,PD_4': inf, 'PD_3,PD_4': inf}
  Computing metrics...
    RSI: {'PD_1,PD_2': 0.0, 'PD_1,PD_3': 0.0, 'PD_1,PD_4': 0.0, 'PD_2,PD_3': 0.0, 'PD_2,PD_4': 0.0, 'PD_3,PD_4': 1.0}, ASR: 1.0, TCB: {'PD_1': ['PD_3'], 'PD_2': ['PD_4'], 'PD_3': ['PD_4'], 'PD_4': ['PD_3']}, FR: {'PD_1,PD_2': inf, 'PD_1,PD_3': inf, 'PD_1,PD_4': inf, 'PD_2,PD_3': inf, 'PD_2,PD_4': inf, 'PD_3,PD_4': inf}
  Computing metrics...
    RSI: {'PD_1,PD_2': 0.0, 'PD_1,PD_3': 0.0, 'PD_1,PD_4': 0.0, 'PD_2,PD_3': 0.0, 'PD_2,PD_4': 0.0, 'PD_3,PD_4': 1.0}, ASR: 1.0, TCB: {'PD_1': ['PD_3'], 'PD_2': ['PD_4'], 'PD_3': ['PD_4'], 'PD_4': ['PD_3']}, FR: {'PD_1,PD_2': inf, 'PD_1,PD_3': inf, 'PD_1,PD_4': inf, 'PD_2,PD_3': inf, 'PD_2,PD_4': inf, 'PD_3,PD_4': inf}
  Computing metrics...
    RSI: {'PD_1,PD_2': 0.0, 'PD_1,PD_3': 0.0, 'PD_1,PD_4': 0.0, 'PD_2,PD_3': 0.0, 'PD_2,PD_4': 0.0, 'PD_3,PD_4': 1.0}, ASR: 1.0, TCB: {'PD_1': ['PD_3'], 'PD_2': ['PD_4'], 'PD_3': ['PD_4'], 'PD_4': ['PD_3']}, FR: {'PD_1,PD_2': inf, 'PD_1,PD_3': inf, 'PD_1,PD_4': inf, 'PD_2,PD_3': inf, 'PD_2,PD_4': inf, 'PD_3,PD_4': inf}
  Computing metrics...
    RSI: {'PD_1,PD_2': 0.0, 'PD_1,PD_3': 1.0, 'PD_1,PD_4': 1.0, 'PD_2,PD_3': 0.0, 'PD_2,PD_4': 0.0, 'PD_3,PD_4': 1.0}, ASR: 1.25, TCB: {'PD_1': ['PD_3', 'PD_4'], 'PD_2': ['PD_4'], 'PD_3': ['PD_1', 'PD_4'], 'PD_4': ['PD_1', 'PD_3']}, FR: {'PD_1,PD_2': inf, 'PD_1,PD_3': inf, 'PD_1,PD_4': inf, 'PD_2,PD_3': inf, 'PD_2,PD_4': inf, 'PD_3,PD_4': inf}
  Computing metrics...
    RSI: {'PD_1,PD_2': 0.0, 'PD_1,PD_3': 0.0, 'PD_1,PD_4': 0.0, 'PD_2,PD_3': 0.0, 'PD_2,PD_4': 0.0, 'PD_3,PD_4': 1.0}, ASR: 1.0, TCB: {'PD_1': ['PD_3'], 'PD_2': ['PD_4'], 'PD_3': ['PD_4'], 'PD_4': ['PD_3']}, FR: {'PD_1,PD_2': inf, 'PD_1,PD_3': inf, 'PD_1,PD_4': inf, 'PD_2,PD_3': inf, 'PD_2,PD_4': inf, 'PD_3,PD_4': inf}
  Computing metrics...
    RSI: {'PD_1,PD_2': 0.0, 'PD_1,PD_3': 0.0, 'PD_1,PD_4': 0.0, 'PD_2,PD_3': 0.0, 'PD_2,PD_4': 0.0, 'PD_3,PD_4': 1.0}, ASR: 1.25, TCB: {'PD_1': ['PD_3'], 'PD_2': ['PD_4'], 'PD_3': ['PD_4'], 'PD_4': ['PD_3']}, FR: {'PD_1,PD_2': inf, 'PD_1,PD_3': inf, 'PD_1,PD_4': inf, 'PD_2,PD_3': inf, 'PD_2,PD_4': inf, 'PD_3,PD_4': inf}
  Computing metrics...
    RSI: {'PD_1,PD_2': 0.0, 'PD_1,PD_3': 0.0, 'PD_1,PD_4': 0.0, 'PD_2,PD_3': 0.0, 'PD_2,PD_4': 0.0, 'PD_3,PD_4': 1.0}, ASR: 1.0, TCB: {'PD_1': ['PD_3'], 'PD_2': ['PD_4'], 'PD_3': ['PD_4'], 'PD_4': ['PD_3']}, FR: {'PD_1,PD_2': inf, 'PD_1,PD_3': inf, 'PD_1,PD_4': inf, 'PD_2,PD_3': inf, 'PD_2,PD_4': inf, 'PD_3,PD_4': inf}
  Computing metrics...
    RSI: {'PD_1,PD_2': 0.0, 'PD_1,PD_3': 0.0, 'PD_1,PD_4': 0.0, 'PD_2,PD_3': 1.0, 'PD_2,PD_4': 1.0, 'PD_3,PD_4': 1.0}, ASR: 1.25, TCB: {'PD_1': ['PD_3'], 'PD_2': ['PD_4', 'PD_3'], 'PD_3': ['PD_2', 'PD_4'], 'PD_4': ['PD_2', 'PD_3']}, FR: {'PD_1,PD_2': inf, 'PD_1,PD_3': inf, 'PD_1,PD_4': inf, 'PD_2,PD_3': inf, 'PD_2,PD_4': inf, 'PD_3,PD_4': inf}
  Computing metrics...
    RSI: {'PD_1,PD_2': 0.0, 'PD_1,PD_3': 0.0, 'PD_1,PD_4': 0.0, 'PD_2,PD_3': 0.0, 'PD_2,PD_4': 0.0, 'PD_3,PD_4': 1.0}, ASR: 1.0, TCB: {'PD_1': ['PD_3'], 'PD_2': ['PD_4'], 'PD_3': ['PD_4'], 'PD_4': ['PD_3']}, FR: {'PD_1,PD_2': inf, 'PD_1,PD_3': inf, 'PD_1,PD_4': inf, 'PD_2,PD_3': inf, 'PD_2,PD_4': inf, 'PD_3,PD_4': inf}
  Computing metrics...
    RSI: {'PD_1,PD_2': 0.0, 'PD_1,PD_3': 0.0, 'PD_1,PD_4': 0.0, 'PD_2,PD_3': 0.0, 'PD_2,PD_4': 0.0, 'PD_3,PD_4': 1.0}, ASR: 1.25, TCB: {'PD_1': ['PD_3'], 'PD_2': ['PD_4'], 'PD_3': ['PD_4'], 'PD_4': ['PD_3']}, FR: {'PD_1,PD_2': inf, 'PD_1,PD_3': inf, 'PD_1,PD_4': inf, 'PD_2,PD_3': inf, 'PD_2,PD_4': inf, 'PD_3,PD_4': inf}
  Computing metrics...
    RSI: {'PD_1,PD_2': 0.0, 'PD_1,PD_3': 0.0, 'PD_1,PD_4': 0.0, 'PD_2,PD_3': 0.0, 'PD_2,PD_4': 0.0, 'PD_3,PD_4': 1.0}, ASR: 1.0, TCB: {'PD_1': ['PD_3'], 'PD_2': ['PD_4'], 'PD_3': ['PD_4'], 'PD_4': ['PD_3']}, FR: {'PD_1,PD_2': inf, 'PD_1,PD_3': inf, 'PD_1,PD_4': inf, 'PD_2,PD_3': inf, 'PD_2,PD_4': inf, 'PD_3,PD_4': inf}
  Computing metrics...
    RSI: {'PD_1,PD_2': 0.0, 'PD_1,PD_3': 0.0, 'PD_1,PD_4': 0.0, 'PD_2,PD_3': 0.0, 'PD_2,PD_4': 0.0, 'PD_3,PD_4': 0.5}, ASR: 1.25, TCB: {'PD_1': ['PD_3'], 'PD_2': ['PD_4'], 'PD_3': ['PD_4'], 'PD_4': ['PD_3']}, FR: {'PD_1,PD_2': inf, 'PD_1,PD_3': inf, 'PD_1,PD_4': inf, 'PD_2,PD_3': inf, 'PD_2,PD_4': inf, 'PD_3,PD_4': inf}
  Computing metrics...
    RSI: {'PD_1,PD_2': 0.0, 'PD_1,PD_3': 0.0, 'PD_1,PD_4': 0.0, 'PD_2,PD_3': 0.0, 'PD_2,PD_4': 0.0, 'PD_3,PD_4': 1.0}, ASR: 1.0, TCB: {'PD_1': ['PD_3'], 'PD_2': ['PD_4'], 'PD_3': ['PD_4'], 'PD_4': ['PD_3']}, FR: {'PD_1,PD_2': inf, 'PD_1,PD_3': inf, 'PD_1,PD_4': inf, 'PD_2,PD_3': inf, 'PD_2,PD_4': inf, 'PD_3,PD_4': inf}
  Computing metrics...
    RSI: {'PD_1,PD_2': 0.0, 'PD_1,PD_3': 0.0, 'PD_1,PD_4': 0.0, 'PD_2,PD_3': 0.0, 'PD_2,PD_4': 0.0, 'PD_3,PD_4': 0.5}, ASR: 1.25, TCB: {'PD_1': ['PD_3'], 'PD_2': ['PD_4'], 'PD_3': ['PD_4'], 'PD_4': ['PD_3']}, FR: {'PD_1,PD_2': inf, 'PD_1,PD_3': inf, 'PD_1,PD_4': inf, 'PD_2,PD_3': inf, 'PD_2,PD_4': inf, 'PD_3,PD_4': inf}
  Computing metrics...
    RSI: {'PD_1,PD_2': 0.0, 'PD_1,PD_3': 0.0, 'PD_1,PD_4': 0.0, 'PD_2,PD_3': 0.0, 'PD_2,PD_4': 0.0, 'PD_3,PD_4': 1.0}, ASR: 1.0, TCB: {'PD_1': ['PD_3'], 'PD_2': ['PD_4'], 'PD_3': ['PD_4'], 'PD_4': ['PD_3']}, FR: {'PD_1,PD_2': inf, 'PD_1,PD_3': inf, 'PD_1,PD_4': inf, 'PD_2,PD_3': inf, 'PD_2,PD_4': inf, 'PD_3,PD_4': inf}
  Computing metrics...
    RSI: {'PD_1,PD_2': 0.0, 'PD_1,PD_3': 0.0, 'PD_1,PD_4': 0.0, 'PD_2,PD_3': 0.0, 'PD_2,PD_4': 0.0, 'PD_3,PD_4': 1.0}, ASR: 1.0, TCB: {'PD_1': ['PD_3'], 'PD_2': ['PD_4'], 'PD_3': ['PD_4'], 'PD_4': ['PD_3']}, FR: {'PD_1,PD_2': inf, 'PD_1,PD_3': inf, 'PD_1,PD_4': inf, 'PD_2,PD_3': inf, 'PD_2,PD_4': inf, 'PD_3,PD_4': inf}
    remove_hold_edge candidate: remove PD_3 -> FILE_1_1 HOLD edge -> score: 0.150
  Computing metrics...
    RSI: {'PD_1,PD_2': 0.0, 'PD_1,PD_3': 0.0, 'PD_1,PD_4': 0.0, 'PD_2,PD_3': 0.0, 'PD_2,PD_4': 0.0, 'PD_3,PD_4': 1.0}, ASR: 1.0, TCB: {'PD_1': ['PD_3'], 'PD_2': ['PD_4'], 'PD_3': ['PD_4'], 'PD_4': ['PD_3']}, FR: {'PD_1,PD_2': inf, 'PD_1,PD_3': inf, 'PD_1,PD_4': inf, 'PD_2,PD_3': inf, 'PD_2,PD_4': inf, 'PD_3,PD_4': inf}
  Computing metrics...
    RSI: {'PD_1,PD_2': 0.0, 'PD_1,PD_3': 0.0, 'PD_1,PD_4': 0.0, 'PD_2,PD_3': 0.0, 'PD_2,PD_4': 0.0, 'PD_3,PD_4': 1.0}, ASR: 1.0, TCB: {'PD_1': ['PD_3'], 'PD_2': ['PD_4'], 'PD_3': ['PD_4'], 'PD_4': ['PD_3']}, FR: {'PD_1,PD_2': inf, 'PD_1,PD_3': inf, 'PD_1,PD_4': inf, 'PD_2,PD_3': inf, 'PD_2,PD_4': inf, 'PD_3,PD_4': inf}
    remove_hold_edge candidate: remove PD_4 -> FILE_1_1 HOLD edge -> score: 0.150
  Computing metrics...
    RSI: {'PD_1,PD_2': 0.0, 'PD_1,PD_3': 0.0, 'PD_1,PD_4': 0.0, 'PD_2,PD_3': 0.0, 'PD_2,PD_4': 0.0, 'PD_3,PD_4': 1.0}, ASR: 1.0, TCB: {'PD_1': ['PD_3'], 'PD_2': ['PD_4'], 'PD_3': ['PD_4'], 'PD_4': ['PD_3']}, FR: {'PD_1,PD_2': inf, 'PD_1,PD_3': inf, 'PD_1,PD_4': inf, 'PD_2,PD_3': inf, 'PD_2,PD_4': inf, 'PD_3,PD_4': inf}
  Computing metrics...
    RSI: {'PD_1,PD_2': 0.0, 'PD_1,PD_3': 0.0, 'PD_1,PD_4': 0.0, 'PD_2,PD_3': 0.0, 'PD_2,PD_4': 0.0, 'PD_3,PD_4': 1.0}, ASR: 1.25, TCB: {'PD_1': ['PD_3', 'PD_2'], 'PD_2': ['PD_4'], 'PD_3': ['PD_4'], 'PD_4': ['PD_3']}, FR: {'PD_1,PD_2': 3, 'PD_1,PD_3': inf, 'PD_1,PD_4': inf, 'PD_2,PD_3': inf, 'PD_2,PD_4': inf, 'PD_3,PD_4': inf}
  Computing metrics...
    RSI: {'PD_1,PD_2': 0.0, 'PD_1,PD_3': 0.0, 'PD_1,PD_4': 0.0, 'PD_2,PD_3': 0.0, 'PD_2,PD_4': 0.0, 'PD_3,PD_4': 1.0}, ASR: 1.0, TCB: {'PD_1': ['PD_3'], 'PD_2': ['PD_4'], 'PD_3': ['PD_4'], 'PD_4': ['PD_3']}, FR: {'PD_1,PD_2': inf, 'PD_1,PD_3': inf, 'PD_1,PD_4': inf, 'PD_2,PD_3': inf, 'PD_2,PD_4': inf, 'PD_3,PD_4': inf}
  Computing metrics...
    RSI: {'PD_1,PD_2': 0.0, 'PD_1,PD_3': 0.0, 'PD_1,PD_4': 0.0, 'PD_2,PD_3': 0.0, 'PD_2,PD_4': 0.0, 'PD_3,PD_4': 1.0}, ASR: 1.25, TCB: {'PD_1': ['PD_3', 'PD_4'], 'PD_2': ['PD_4'], 'PD_3': ['PD_4'], 'PD_4': ['PD_3']}, FR: {'PD_1,PD_2': 2, 'PD_1,PD_3': inf, 'PD_1,PD_4': inf, 'PD_2,PD_3': inf, 'PD_2,PD_4': inf, 'PD_3,PD_4': inf}
  Computing metrics...
    RSI: {'PD_1,PD_2': 0.0, 'PD_1,PD_3': 0.0, 'PD_1,PD_4': 0.0, 'PD_2,PD_3': 0.0, 'PD_2,PD_4': 0.0, 'PD_3,PD_4': 1.0}, ASR: 1.0, TCB: {'PD_1': ['PD_3'], 'PD_2': ['PD_4'], 'PD_3': ['PD_4'], 'PD_4': ['PD_3']}, FR: {'PD_1,PD_2': inf, 'PD_1,PD_3': inf, 'PD_1,PD_4': inf, 'PD_2,PD_3': inf, 'PD_2,PD_4': inf, 'PD_3,PD_4': inf}
  Computing metrics...
    RSI: {'PD_1,PD_2': 0.0, 'PD_1,PD_3': 0.0, 'PD_1,PD_4': 0.0, 'PD_2,PD_3': 0.0, 'PD_2,PD_4': 0.0, 'PD_3,PD_4': 1.0}, ASR: 1.25, TCB: {'PD_1': ['PD_3'], 'PD_2': ['PD_4', 'PD_1'], 'PD_3': ['PD_4'], 'PD_4': ['PD_3']}, FR: {'PD_1,PD_2': 3, 'PD_1,PD_3': inf, 'PD_1,PD_4': inf, 'PD_2,PD_3': inf, 'PD_2,PD_4': inf, 'PD_3,PD_4': inf}
  Computing metrics...
    RSI: {'PD_1,PD_2': 0.0, 'PD_1,PD_3': 0.0, 'PD_1,PD_4': 0.0, 'PD_2,PD_3': 0.0, 'PD_2,PD_4': 0.0, 'PD_3,PD_4': 1.0}, ASR: 1.0, TCB: {'PD_1': ['PD_3'], 'PD_2': ['PD_4'], 'PD_3': ['PD_4'], 'PD_4': ['PD_3']}, FR: {'PD_1,PD_2': inf, 'PD_1,PD_3': inf, 'PD_1,PD_4': inf, 'PD_2,PD_3': inf, 'PD_2,PD_4': inf, 'PD_3,PD_4': inf}
  Computing metrics...
    RSI: {'PD_1,PD_2': 0.0, 'PD_1,PD_3': 0.0, 'PD_1,PD_4': 0.0, 'PD_2,PD_3': 0.0, 'PD_2,PD_4': 0.0, 'PD_3,PD_4': 1.0}, ASR: 1.25, TCB: {'PD_1': ['PD_3'], 'PD_2': ['PD_4', 'PD_3'], 'PD_3': ['PD_4'], 'PD_4': ['PD_3']}, FR: {'PD_1,PD_2': 2, 'PD_1,PD_3': inf, 'PD_1,PD_4': inf, 'PD_2,PD_3': inf, 'PD_2,PD_4': inf, 'PD_3,PD_4': inf}
  Computing metrics...
    RSI: {'PD_1,PD_2': 0.0, 'PD_1,PD_3': 0.0, 'PD_1,PD_4': 0.0, 'PD_2,PD_3': 0.0, 'PD_2,PD_4': 0.0, 'PD_3,PD_4': 1.0}, ASR: 1.0, TCB: {'PD_1': ['PD_3'], 'PD_2': ['PD_4'], 'PD_3': ['PD_4'], 'PD_4': ['PD_3']}, FR: {'PD_1,PD_2': inf, 'PD_1,PD_3': inf, 'PD_1,PD_4': inf, 'PD_2,PD_3': inf, 'PD_2,PD_4': inf, 'PD_3,PD_4': inf}
  Computing metrics...
    RSI: {'PD_1,PD_2': 0.0, 'PD_1,PD_3': 0.0, 'PD_1,PD_4': 0.0, 'PD_2,PD_3': 0.0, 'PD_2,PD_4': 0.0, 'PD_3,PD_4': 1.0}, ASR: 1.25, TCB: {'PD_1': ['PD_3'], 'PD_2': ['PD_4'], 'PD_3': ['PD_1', 'PD_4'], 'PD_4': ['PD_3']}, FR: {'PD_1,PD_2': inf, 'PD_1,PD_3': inf, 'PD_1,PD_4': inf, 'PD_2,PD_3': inf, 'PD_2,PD_4': inf, 'PD_3,PD_4': inf}
  Computing metrics...
    RSI: {'PD_1,PD_2': 0.0, 'PD_1,PD_3': 0.0, 'PD_1,PD_4': 0.0, 'PD_2,PD_3': 0.0, 'PD_2,PD_4': 0.0, 'PD_3,PD_4': 1.0}, ASR: 1.0, TCB: {'PD_1': ['PD_3'], 'PD_2': ['PD_4'], 'PD_3': ['PD_4'], 'PD_4': ['PD_3']}, FR: {'PD_1,PD_2': inf, 'PD_1,PD_3': inf, 'PD_1,PD_4': inf, 'PD_2,PD_3': inf, 'PD_2,PD_4': inf, 'PD_3,PD_4': inf}
  Computing metrics...
    RSI: {'PD_1,PD_2': 0.0, 'PD_1,PD_3': 0.0, 'PD_1,PD_4': 0.0, 'PD_2,PD_3': 0.0, 'PD_2,PD_4': 0.0, 'PD_3,PD_4': 1.0}, ASR: 1.25, TCB: {'PD_1': ['PD_3'], 'PD_2': ['PD_4'], 'PD_3': ['PD_2', 'PD_4'], 'PD_4': ['PD_3']}, FR: {'PD_1,PD_2': 4, 'PD_1,PD_3': 3, 'PD_1,PD_4': inf, 'PD_2,PD_3': 3, 'PD_2,PD_4': inf, 'PD_3,PD_4': inf}
  Computing metrics...
    RSI: {'PD_1,PD_2': 0.0, 'PD_1,PD_3': 0.0, 'PD_1,PD_4': 0.0, 'PD_2,PD_3': 0.0, 'PD_2,PD_4': 0.0, 'PD_3,PD_4': 1.0}, ASR: 1.0, TCB: {'PD_1': ['PD_3'], 'PD_2': ['PD_4'], 'PD_3': ['PD_4'], 'PD_4': ['PD_3']}, FR: {'PD_1,PD_2': inf, 'PD_1,PD_3': inf, 'PD_1,PD_4': inf, 'PD_2,PD_3': inf, 'PD_2,PD_4': inf, 'PD_3,PD_4': inf}
  Computing metrics...
    RSI: {'PD_1,PD_2': 0.0, 'PD_1,PD_3': 0.0, 'PD_1,PD_4': 0.0, 'PD_2,PD_3': 0.0, 'PD_2,PD_4': 0.0, 'PD_3,PD_4': 1.0}, ASR: 1.25, TCB: {'PD_1': ['PD_3'], 'PD_2': ['PD_4'], 'PD_3': ['PD_4'], 'PD_4': ['PD_3']}, FR: {'PD_1,PD_2': 3, 'PD_1,PD_3': 3, 'PD_1,PD_4': inf, 'PD_2,PD_3': 2, 'PD_2,PD_4': inf, 'PD_3,PD_4': inf}
  Computing metrics...
    RSI: {'PD_1,PD_2': 0.0, 'PD_1,PD_3': 0.0, 'PD_1,PD_4': 0.0, 'PD_2,PD_3': 0.0, 'PD_2,PD_4': 0.0, 'PD_3,PD_4': 1.0}, ASR: 1.0, TCB: {'PD_1': ['PD_3'], 'PD_2': ['PD_4'], 'PD_3': ['PD_4'], 'PD_4': ['PD_3']}, FR: {'PD_1,PD_2': inf, 'PD_1,PD_3': inf, 'PD_1,PD_4': inf, 'PD_2,PD_3': inf, 'PD_2,PD_4': inf, 'PD_3,PD_4': inf}
  Computing metrics...
    RSI: {'PD_1,PD_2': 0.0, 'PD_1,PD_3': 0.0, 'PD_1,PD_4': 0.0, 'PD_2,PD_3': 0.0, 'PD_2,PD_4': 0.0, 'PD_3,PD_4': 1.0}, ASR: 1.25, TCB: {'PD_1': ['PD_3'], 'PD_2': ['PD_4'], 'PD_3': ['PD_4'], 'PD_4': ['PD_1', 'PD_3']}, FR: {'PD_1,PD_2': 4, 'PD_1,PD_3': inf, 'PD_1,PD_4': 3, 'PD_2,PD_3': inf, 'PD_2,PD_4': 3, 'PD_3,PD_4': inf}
  Computing metrics...
    RSI: {'PD_1,PD_2': 0.0, 'PD_1,PD_3': 0.0, 'PD_1,PD_4': 0.0, 'PD_2,PD_3': 0.0, 'PD_2,PD_4': 0.0, 'PD_3,PD_4': 1.0}, ASR: 1.0, TCB: {'PD_1': ['PD_3'], 'PD_2': ['PD_4'], 'PD_3': ['PD_4'], 'PD_4': ['PD_3']}, FR: {'PD_1,PD_2': inf, 'PD_1,PD_3': inf, 'PD_1,PD_4': inf, 'PD_2,PD_3': inf, 'PD_2,PD_4': inf, 'PD_3,PD_4': inf}
  Computing metrics...
    RSI: {'PD_1,PD_2': 0.0, 'PD_1,PD_3': 0.0, 'PD_1,PD_4': 0.0, 'PD_2,PD_3': 0.0, 'PD_2,PD_4': 0.0, 'PD_3,PD_4': 1.0}, ASR: 1.25, TCB: {'PD_1': ['PD_3'], 'PD_2': ['PD_4'], 'PD_3': ['PD_4'], 'PD_4': ['PD_2', 'PD_3']}, FR: {'PD_1,PD_2': inf, 'PD_1,PD_3': inf, 'PD_1,PD_4': inf, 'PD_2,PD_3': inf, 'PD_2,PD_4': inf, 'PD_3,PD_4': inf}
  Computing metrics...
    RSI: {'PD_1,PD_2': 0.0, 'PD_1,PD_3': 0.0, 'PD_1,PD_4': 0.0, 'PD_2,PD_3': 0.0, 'PD_2,PD_4': 0.0, 'PD_3,PD_4': 1.0}, ASR: 1.0, TCB: {'PD_1': ['PD_3'], 'PD_2': ['PD_4'], 'PD_3': ['PD_4'], 'PD_4': ['PD_3']}, FR: {'PD_1,PD_2': inf, 'PD_1,PD_3': inf, 'PD_1,PD_4': inf, 'PD_2,PD_3': inf, 'PD_2,PD_4': inf, 'PD_3,PD_4': inf}
  Computing metrics...
    RSI: {'PD_1,PD_2': 0.0, 'PD_1,PD_3': 0.0, 'PD_1,PD_4': 0.0, 'PD_2,PD_3': 0.0, 'PD_2,PD_4': 0.0, 'PD_3,PD_4': 1.0}, ASR: 1.25, TCB: {'PD_1': ['PD_3'], 'PD_2': ['PD_4'], 'PD_3': ['PD_4'], 'PD_4': ['PD_3']}, FR: {'PD_1,PD_2': 3, 'PD_1,PD_3': inf, 'PD_1,PD_4': 2, 'PD_2,PD_3': inf, 'PD_2,PD_4': 3, 'PD_3,PD_4': inf}
  Computing metrics...
    RSI: {'PD_1,PD_2': 0.0, 'PD_1,PD_3': 0.0, 'PD_1,PD_4': 0.0, 'PD_2,PD_3': 0.0, 'PD_2,PD_4': 0.0, 'PD_3,PD_4': 1.0}, ASR: 1.0, TCB: {'PD_1': ['PD_3'], 'PD_2': ['PD_4'], 'PD_3': ['PD_4'], 'PD_4': ['PD_3']}, FR: {'PD_1,PD_2': inf, 'PD_1,PD_3': inf, 'PD_1,PD_4': inf, 'PD_2,PD_3': inf, 'PD_2,PD_4': inf, 'PD_3,PD_4': inf}
  Computing metrics...
    RSI: {'PD_1,PD_2': 0.0, 'PD_1,PD_3': 0.0, 'PD_1,PD_4': 0.0, 'PD_2,PD_3': 0.0, 'PD_2,PD_4': 0.0, 'PD_3,PD_4': 1.0}, ASR: 1.0, TCB: {'PD_1': ['PD_3'], 'PD_2': ['PD_4'], 'PD_3': ['PD_4'], 'PD_4': ['PD_3']}, FR: {'PD_1,PD_2': inf, 'PD_1,PD_3': inf, 'PD_1,PD_4': inf, 'PD_2,PD_3': inf, 'PD_2,PD_4': inf, 'PD_3,PD_4': inf}
  Computing metrics...
    RSI: {'PD_1,PD_2': 0.0, 'PD_1,PD_3': 0.0, 'PD_1,PD_4': 0.0, 'PD_2,PD_3': 0.0, 'PD_2,PD_4': 0.0, 'PD_3,PD_4': 1.0}, ASR: 1.0, TCB: {'PD_1': ['PD_3'], 'PD_2': ['PD_4'], 'PD_3': ['PD_4'], 'PD_4': ['PD_3']}, FR: {'PD_1,PD_2': inf, 'PD_1,PD_3': inf, 'PD_1,PD_4': inf, 'PD_2,PD_3': inf, 'PD_2,PD_4': inf, 'PD_3,PD_4': inf}
  Computing metrics...
    RSI: {'PD_1,PD_2': 0.0, 'PD_1,PD_3': 0.0, 'PD_1,PD_4': 0.0, 'PD_2,PD_3': 0.0, 'PD_2,PD_4': 0.0, 'PD_3,PD_4': 1.0}, ASR: 1.0, TCB: {'PD_1': ['PD_3'], 'PD_2': ['PD_4'], 'PD_3': ['PD_4'], 'PD_4': ['PD_3']}, FR: {'PD_1,PD_2': inf, 'PD_1,PD_3': inf, 'PD_1,PD_4': inf, 'PD_2,PD_3': inf, 'PD_2,PD_4': inf, 'PD_3,PD_4': inf}
  Computing metrics...
    RSI: {'PD_1,PD_2': 0.0, 'PD_1,PD_3': 0.0, 'PD_1,PD_4': 0.0, 'PD_2,PD_3': 0.0, 'PD_2,PD_4': 0.0, 'PD_3,PD_4': 1.0}, ASR: 1.0, TCB: {'PD_1': ['PD_3'], 'PD_2': ['PD_4'], 'PD_3': ['PD_4'], 'PD_4': ['PD_3']}, FR: {'PD_1,PD_2': inf, 'PD_1,PD_3': inf, 'PD_1,PD_4': inf, 'PD_2,PD_3': inf, 'PD_2,PD_4': inf, 'PD_3,PD_4': inf}
  Computing metrics...
    RSI: {'PD_1,PD_2': 0.0, 'PD_1,PD_3': 0.0, 'PD_1,PD_4': 0.0, 'PD_2,PD_3': 0.0, 'PD_2,PD_4': 0.0, 'PD_3,PD_4': 1.0}, ASR: 1.0, TCB: {'PD_1': ['PD_3'], 'PD_2': ['PD_4'], 'PD_3': ['PD_4'], 'PD_4': ['PD_3']}, FR: {'PD_1,PD_2': inf, 'PD_1,PD_3': inf, 'PD_1,PD_4': inf, 'PD_2,PD_3': inf, 'PD_2,PD_4': inf, 'PD_3,PD_4': inf}
  Computing metrics...
    RSI: {'PD_1,PD_2': 0.0, 'PD_1,PD_3': 0.0, 'PD_1,PD_4': 0.0, 'PD_2,PD_3': 0.0, 'PD_2,PD_4': 0.0, 'PD_3,PD_4': 1.0}, ASR: 1.0, TCB: {'PD_1': ['PD_3'], 'PD_2': ['PD_4'], 'PD_3': ['PD_4'], 'PD_4': ['PD_3']}, FR: {'PD_1,PD_2': inf, 'PD_1,PD_3': inf, 'PD_1,PD_4': inf, 'PD_2,PD_3': inf, 'PD_2,PD_4': inf, 'PD_3,PD_4': inf}
  Computing metrics...
    RSI: {'PD_1,PD_2': 0.0, 'PD_1,PD_3': 0.0, 'PD_1,PD_4': 0.0, 'PD_2,PD_3': 0.0, 'PD_2,PD_4': 0.0, 'PD_3,PD_4': 1.0}, ASR: 1.0, TCB: {'PD_1': ['PD_3'], 'PD_2': ['PD_4'], 'PD_3': ['PD_4'], 'PD_4': ['PD_3']}, FR: {'PD_1,PD_2': inf, 'PD_1,PD_3': inf, 'PD_1,PD_4': inf, 'PD_2,PD_3': inf, 'PD_2,PD_4': inf, 'PD_3,PD_4': inf}
  🚫 Filtered out 0 'add_file_resource(create new DATABASE file in FILE_SPACE_1)' candidates (avoiding repetition)
  Trying best transition: primitive
    Target: add new protection domain to help resolve 2 constraint violation(s)
    Predicted improvement: 0.100
    Considered 30 other option(s):
      1. primitive: create new CONFIG file in FILE_SPACE_1 (improvement: 0.700)
      2. primitive: create new DATABASE file in FILE_SPACE_1 (improvement: 0.700)
      3. primitive: create new TEMP file in FILE_SPACE_1 (improvement: 0.700)
      4. primitive: create new LOG file in FILE_SPACE_1 (improvement: 0.700)
      5. primitive: add authority relationship: PD_1 -> PD_2 (improvement: 0.250)
      6. primitive: enable indirect access: PD_1 -> PD_4 (improvement: 0.250)
      7. primitive: add authority relationship: PD_2 -> PD_1 (improvement: 0.250)
      8. primitive: enable indirect access: PD_2 -> PD_3 (improvement: 0.250)
      9. primitive: add authority relationship: PD_3 -> PD_1 (improvement: 0.250)
      10. primitive: add authority relationship: PD_3 -> PD_2 (improvement: 0.250)
      ... and 20 more
    ✅ Applied add_pd
  📋 Generated 31 candidate(s)
  Computing metrics...
    RSI: {'PD_1,PD_2': 0.0, 'PD_1,PD_3': 0.0, 'PD_1,PD_4': 0.0, 'PD_2,PD_3': 0.0, 'PD_2,PD_4': 0.0, 'PD_3,PD_4': 1.0}, ASR: 1.0, TCB: {'PD_1': ['PD_3'], 'PD_2': ['PD_4'], 'PD_3': ['PD_4'], 'PD_4': ['PD_3']}, FR: {'PD_1,PD_2': inf, 'PD_1,PD_3': inf, 'PD_1,PD_4': inf, 'PD_2,PD_3': inf, 'PD_2,PD_4': inf, 'PD_3,PD_4': inf}
    ✅ Added candidate: add_file_resource (score: 0.700)
  Computing metrics...
    RSI: {'PD_1,PD_2': 0.0, 'PD_1,PD_3': 0.0, 'PD_1,PD_4': 0.0, 'PD_2,PD_3': 0.0, 'PD_2,PD_4': 0.0, 'PD_3,PD_4': 1.0}, ASR: 1.0, TCB: {'PD_1': ['PD_3'], 'PD_2': ['PD_4'], 'PD_3': ['PD_4'], 'PD_4': ['PD_3']}, FR: {'PD_1,PD_2': inf, 'PD_1,PD_3': inf, 'PD_1,PD_4': inf, 'PD_2,PD_3': inf, 'PD_2,PD_4': inf, 'PD_3,PD_4': inf}
    ✅ Added candidate: add_file_resource (score: 0.700)

🌟 Expanding Beam[2] (score: 0.700)
  ⚠️  Constraints violated: PD_1 lacks access to any files; PD_2 lacks access to any files
  Computing metrics...
    RSI: {'PD_1,PD_2': 0.0, 'PD_1,PD_3': 0.0, 'PD_1,PD_4': 0.0, 'PD_2,PD_3': 0.0, 'PD_2,PD_4': 0.0, 'PD_3,PD_4': 1.0}, ASR: 1.0, TCB: {'PD_1': ['PD_3'], 'PD_2': ['PD_4'], 'PD_3': ['PD_4'], 'PD_4': ['PD_3']}, FR: {'PD_1,PD_2': inf, 'PD_1,PD_3': inf, 'PD_1,PD_4': inf, 'PD_2,PD_3': inf, 'PD_2,PD_4': inf, 'PD_3,PD_4': inf}
  Computing metrics...
    RSI: {'PD_1,PD_2': 0.0, 'PD_1,PD_3': 0.0, 'PD_1,PD_4': 0.0, 'PD_1,PD_5': 0.0, 'PD_2,PD_3': 0.0, 'PD_2,PD_4': 0.0, 'PD_2,PD_5': 0.0, 'PD_3,PD_4': 1.0, 'PD_3,PD_5': 0.0, 'PD_4,PD_5': 0.0}, ASR: 0.8, TCB: {'PD_1': ['PD_3'], 'PD_2': ['PD_4'], 'PD_3': ['PD_4'], 'PD_4': ['PD_3'], 'PD_5': []}, FR: {'PD_1,PD_2': inf, 'PD_1,PD_3': inf, 'PD_1,PD_4': inf, 'PD_1,PD_5': inf, 'PD_2,PD_3': inf, 'PD_2,PD_4': inf, 'PD_2,PD_5': inf, 'PD_3,PD_4': inf, 'PD_3,PD_5': inf, 'PD_4,PD_5': inf}
  Computing metrics...
    RSI: {'PD_1,PD_2': 0.0, 'PD_1,PD_3': 0.0, 'PD_1,PD_4': 0.0, 'PD_2,PD_3': 0.0, 'PD_2,PD_4': 0.0, 'PD_3,PD_4': 1.0}, ASR: 1.0, TCB: {'PD_1': ['PD_3'], 'PD_2': ['PD_4'], 'PD_3': ['PD_4'], 'PD_4': ['PD_3']}, FR: {'PD_1,PD_2': inf, 'PD_1,PD_3': inf, 'PD_1,PD_4': inf, 'PD_2,PD_3': inf, 'PD_2,PD_4': inf, 'PD_3,PD_4': inf}
  Computing metrics...
    RSI: {'PD_1,PD_2': 0.0, 'PD_1,PD_3': 0.0, 'PD_1,PD_4': 0.0, 'PD_2,PD_3': 0.0, 'PD_2,PD_4': 0.0, 'PD_3,PD_4': 1.0}, ASR: 1.0, TCB: {'PD_1': ['PD_3'], 'PD_2': ['PD_4'], 'PD_3': ['PD_4'], 'PD_4': ['PD_3']}, FR: {'PD_1,PD_2': inf, 'PD_1,PD_3': inf, 'PD_1,PD_4': inf, 'PD_2,PD_3': inf, 'PD_2,PD_4': inf, 'PD_3,PD_4': inf}
  Computing metrics...
    RSI: {'PD_1,PD_2': 0.0, 'PD_1,PD_3': 0.0, 'PD_1,PD_4': 0.0, 'PD_2,PD_3': 0.0, 'PD_2,PD_4': 0.0, 'PD_3,PD_4': 1.0}, ASR: 1.0, TCB: {'PD_1': ['PD_3'], 'PD_2': ['PD_4'], 'PD_3': ['PD_4'], 'PD_4': ['PD_3']}, FR: {'PD_1,PD_2': inf, 'PD_1,PD_3': inf, 'PD_1,PD_4': inf, 'PD_2,PD_3': inf, 'PD_2,PD_4': inf, 'PD_3,PD_4': inf}
  Computing metrics...
    RSI: {'PD_1,PD_2': 0.0, 'PD_1,PD_3': 0.0, 'PD_1,PD_4': 0.0, 'PD_2,PD_3': 0.0, 'PD_2,PD_4': 0.0, 'PD_3,PD_4': 1.0}, ASR: 1.0, TCB: {'PD_1': ['PD_3'], 'PD_2': ['PD_4'], 'PD_3': ['PD_4'], 'PD_4': ['PD_3']}, FR: {'PD_1,PD_2': inf, 'PD_1,PD_3': inf, 'PD_1,PD_4': inf, 'PD_2,PD_3': inf, 'PD_2,PD_4': inf, 'PD_3,PD_4': inf}
  Computing metrics...
    RSI: {'PD_1,PD_2': 0.0, 'PD_1,PD_3': 0.0, 'PD_1,PD_4': 0.0, 'PD_2,PD_3': 0.0, 'PD_2,PD_4': 0.0, 'PD_3,PD_4': 1.0}, ASR: 1.0, TCB: {'PD_1': ['PD_3'], 'PD_2': ['PD_4'], 'PD_3': ['PD_4'], 'PD_4': ['PD_3']}, FR: {'PD_1,PD_2': inf, 'PD_1,PD_3': inf, 'PD_1,PD_4': inf, 'PD_2,PD_3': inf, 'PD_2,PD_4': inf, 'PD_3,PD_4': inf}
  Computing metrics...
    RSI: {'PD_1,PD_2': 0.0, 'PD_1,PD_3': 0.0, 'PD_1,PD_4': 0.0, 'PD_2,PD_3': 0.0, 'PD_2,PD_4': 0.0, 'PD_3,PD_4': 1.0}, ASR: 1.0, TCB: {'PD_1': ['PD_3'], 'PD_2': ['PD_4'], 'PD_3': ['PD_4'], 'PD_4': ['PD_3']}, FR: {'PD_1,PD_2': inf, 'PD_1,PD_3': inf, 'PD_1,PD_4': inf, 'PD_2,PD_3': inf, 'PD_2,PD_4': inf, 'PD_3,PD_4': inf}
  Computing metrics...
    RSI: {'PD_1,PD_2': 0.0, 'PD_1,PD_3': 0.0, 'PD_1,PD_4': 0.0, 'PD_2,PD_3': 0.0, 'PD_2,PD_4': 0.0, 'PD_3,PD_4': 1.0}, ASR: 1.0, TCB: {'PD_1': ['PD_3'], 'PD_2': ['PD_4'], 'PD_3': ['PD_4'], 'PD_4': ['PD_3']}, FR: {'PD_1,PD_2': inf, 'PD_1,PD_3': inf, 'PD_1,PD_4': inf, 'PD_2,PD_3': inf, 'PD_2,PD_4': inf, 'PD_3,PD_4': inf}
  Computing metrics...
    RSI: {'PD_1,PD_2': 0.0, 'PD_1,PD_3': 0.0, 'PD_1,PD_4': 0.0, 'PD_2,PD_3': 0.0, 'PD_2,PD_4': 0.0, 'PD_3,PD_4': 1.0}, ASR: 1.0, TCB: {'PD_1': ['PD_3'], 'PD_2': ['PD_4'], 'PD_3': ['PD_4'], 'PD_4': ['PD_3']}, FR: {'PD_1,PD_2': inf, 'PD_1,PD_3': inf, 'PD_1,PD_4': inf, 'PD_2,PD_3': inf, 'PD_2,PD_4': inf, 'PD_3,PD_4': inf}
  Computing metrics...
    RSI: {'PD_1,PD_2': 0.0, 'PD_1,PD_3': 0.0, 'PD_1,PD_4': 0.0, 'PD_2,PD_3': 0.0, 'PD_2,PD_4': 0.0, 'PD_3,PD_4': 1.0}, ASR: 1.0, TCB: {'PD_1': ['PD_3'], 'PD_2': ['PD_4'], 'PD_3': ['PD_4'], 'PD_4': ['PD_3']}, FR: {'PD_1,PD_2': inf, 'PD_1,PD_3': inf, 'PD_1,PD_4': inf, 'PD_2,PD_3': inf, 'PD_2,PD_4': inf, 'PD_3,PD_4': inf}
  Computing metrics...
    RSI: {'PD_1,PD_2': 0.0, 'PD_1,PD_3': 0.0, 'PD_1,PD_4': 0.0, 'PD_2,PD_3': 0.0, 'PD_2,PD_4': 0.0, 'PD_3,PD_4': 1.0}, ASR: 1.0, TCB: {'PD_1': ['PD_3'], 'PD_2': ['PD_4'], 'PD_3': ['PD_4'], 'PD_4': ['PD_3']}, FR: {'PD_1,PD_2': inf, 'PD_1,PD_3': inf, 'PD_1,PD_4': inf, 'PD_2,PD_3': inf, 'PD_2,PD_4': inf, 'PD_3,PD_4': inf}
  Computing metrics...
    RSI: {'PD_1,PD_2': 0.0, 'PD_1,PD_3': 0.0, 'PD_1,PD_4': 0.0, 'PD_2,PD_3': 0.0, 'PD_2,PD_4': 0.0, 'PD_3,PD_4': 1.0}, ASR: 1.0, TCB: {'PD_1': ['PD_3'], 'PD_2': ['PD_4'], 'PD_3': ['PD_4'], 'PD_4': ['PD_3']}, FR: {'PD_1,PD_2': inf, 'PD_1,PD_3': inf, 'PD_1,PD_4': inf, 'PD_2,PD_3': inf, 'PD_2,PD_4': inf, 'PD_3,PD_4': inf}
  Computing metrics...
    RSI: {'PD_1,PD_2': 0.0, 'PD_1,PD_3': 0.0, 'PD_1,PD_4': 0.0, 'PD_2,PD_3': 0.0, 'PD_2,PD_4': 0.0, 'PD_3,PD_4': 1.0}, ASR: 1.0, TCB: {'PD_1': ['PD_3'], 'PD_2': ['PD_4'], 'PD_3': ['PD_4'], 'PD_4': ['PD_3']}, FR: {'PD_1,PD_2': inf, 'PD_1,PD_3': inf, 'PD_1,PD_4': inf, 'PD_2,PD_3': inf, 'PD_2,PD_4': inf, 'PD_3,PD_4': inf}
  Computing metrics...
    RSI: {'PD_1,PD_2': 0.0, 'PD_1,PD_3': 0.0, 'PD_1,PD_4': 0.0, 'PD_2,PD_3': 0.0, 'PD_2,PD_4': 0.0, 'PD_3,PD_4': 1.0}, ASR: 1.0, TCB: {'PD_1': ['PD_3'], 'PD_2': ['PD_4'], 'PD_3': ['PD_4'], 'PD_4': ['PD_3']}, FR: {'PD_1,PD_2': inf, 'PD_1,PD_3': inf, 'PD_1,PD_4': inf, 'PD_2,PD_3': inf, 'PD_2,PD_4': inf, 'PD_3,PD_4': inf}
  Computing metrics...
    RSI: {'PD_1,PD_2': 0.0, 'PD_1,PD_3': 0.0, 'PD_1,PD_4': 0.0, 'PD_2,PD_3': 0.0, 'PD_2,PD_4': 0.0, 'PD_3,PD_4': 1.0}, ASR: 1.0, TCB: {'PD_1': ['PD_3'], 'PD_2': ['PD_4'], 'PD_3': ['PD_4'], 'PD_4': ['PD_3']}, FR: {'PD_1,PD_2': inf, 'PD_1,PD_3': inf, 'PD_1,PD_4': inf, 'PD_2,PD_3': inf, 'PD_2,PD_4': inf, 'PD_3,PD_4': inf}
  Computing metrics...
    RSI: {'PD_1,PD_2': 0.0, 'PD_1,PD_3': 0.0, 'PD_1,PD_4': 0.0, 'PD_2,PD_3': 0.0, 'PD_2,PD_4': 0.0, 'PD_3,PD_4': 1.0}, ASR: 1.0, TCB: {'PD_1': ['PD_3'], 'PD_2': ['PD_4'], 'PD_3': ['PD_4'], 'PD_4': ['PD_3']}, FR: {'PD_1,PD_2': inf, 'PD_1,PD_3': inf, 'PD_1,PD_4': inf, 'PD_2,PD_3': inf, 'PD_2,PD_4': inf, 'PD_3,PD_4': inf}
  Computing metrics...
    RSI: {'PD_1,PD_2': 0.0, 'PD_1,PD_3': 0.0, 'PD_1,PD_4': 0.0, 'PD_2,PD_3': 0.0, 'PD_2,PD_4': 0.0, 'PD_3,PD_4': 1.0}, ASR: 1.0, TCB: {'PD_1': ['PD_3'], 'PD_2': ['PD_4'], 'PD_3': ['PD_4'], 'PD_4': ['PD_3']}, FR: {'PD_1,PD_2': inf, 'PD_1,PD_3': inf, 'PD_1,PD_4': inf, 'PD_2,PD_3': inf, 'PD_2,PD_4': inf, 'PD_3,PD_4': inf}
  Computing metrics...
    RSI: {'PD_1,PD_2': 0.0, 'PD_1,PD_3': 0.0, 'PD_1,PD_4': 0.0, 'PD_2,PD_3': 0.0, 'PD_2,PD_4': 0.0, 'PD_3,PD_4': 1.0}, ASR: 1.0, TCB: {'PD_1': ['PD_3'], 'PD_2': ['PD_4'], 'PD_3': ['PD_4'], 'PD_4': ['PD_3']}, FR: {'PD_1,PD_2': inf, 'PD_1,PD_3': inf, 'PD_1,PD_4': inf, 'PD_2,PD_3': inf, 'PD_2,PD_4': inf, 'PD_3,PD_4': inf}
  Computing metrics...
    RSI: {'PD_1,PD_2': 0.0, 'PD_1,PD_3': 1.0, 'PD_1,PD_4': 1.0, 'PD_2,PD_3': 0.0, 'PD_2,PD_4': 0.0, 'PD_3,PD_4': 1.0}, ASR: 1.25, TCB: {'PD_1': ['PD_3', 'PD_4'], 'PD_2': ['PD_4'], 'PD_3': ['PD_1', 'PD_4'], 'PD_4': ['PD_1', 'PD_3']}, FR: {'PD_1,PD_2': inf, 'PD_1,PD_3': inf, 'PD_1,PD_4': inf, 'PD_2,PD_3': inf, 'PD_2,PD_4': inf, 'PD_3,PD_4': inf}
  Computing metrics...
    RSI: {'PD_1,PD_2': 0.0, 'PD_1,PD_3': 0.0, 'PD_1,PD_4': 0.0, 'PD_2,PD_3': 0.0, 'PD_2,PD_4': 0.0, 'PD_3,PD_4': 1.0}, ASR: 1.0, TCB: {'PD_1': ['PD_3'], 'PD_2': ['PD_4'], 'PD_3': ['PD_4'], 'PD_4': ['PD_3']}, FR: {'PD_1,PD_2': inf, 'PD_1,PD_3': inf, 'PD_1,PD_4': inf, 'PD_2,PD_3': inf, 'PD_2,PD_4': inf, 'PD_3,PD_4': inf}
  Computing metrics...
    RSI: {'PD_1,PD_2': 0.0, 'PD_1,PD_3': 0.0, 'PD_1,PD_4': 0.0, 'PD_2,PD_3': 0.0, 'PD_2,PD_4': 0.0, 'PD_3,PD_4': 1.0}, ASR: 1.25, TCB: {'PD_1': ['PD_3'], 'PD_2': ['PD_4'], 'PD_3': ['PD_4'], 'PD_4': ['PD_3']}, FR: {'PD_1,PD_2': inf, 'PD_1,PD_3': inf, 'PD_1,PD_4': inf, 'PD_2,PD_3': inf, 'PD_2,PD_4': inf, 'PD_3,PD_4': inf}
  Computing metrics...
    RSI: {'PD_1,PD_2': 0.0, 'PD_1,PD_3': 0.0, 'PD_1,PD_4': 0.0, 'PD_2,PD_3': 0.0, 'PD_2,PD_4': 0.0, 'PD_3,PD_4': 1.0}, ASR: 1.0, TCB: {'PD_1': ['PD_3'], 'PD_2': ['PD_4'], 'PD_3': ['PD_4'], 'PD_4': ['PD_3']}, FR: {'PD_1,PD_2': inf, 'PD_1,PD_3': inf, 'PD_1,PD_4': inf, 'PD_2,PD_3': inf, 'PD_2,PD_4': inf, 'PD_3,PD_4': inf}
  Computing metrics...
    RSI: {'PD_1,PD_2': 0.0, 'PD_1,PD_3': 0.0, 'PD_1,PD_4': 0.0, 'PD_2,PD_3': 1.0, 'PD_2,PD_4': 1.0, 'PD_3,PD_4': 1.0}, ASR: 1.25, TCB: {'PD_1': ['PD_3'], 'PD_2': ['PD_4', 'PD_3'], 'PD_3': ['PD_2', 'PD_4'], 'PD_4': ['PD_2', 'PD_3']}, FR: {'PD_1,PD_2': inf, 'PD_1,PD_3': inf, 'PD_1,PD_4': inf, 'PD_2,PD_3': inf, 'PD_2,PD_4': inf, 'PD_3,PD_4': inf}
  Computing metrics...
    RSI: {'PD_1,PD_2': 0.0, 'PD_1,PD_3': 0.0, 'PD_1,PD_4': 0.0, 'PD_2,PD_3': 0.0, 'PD_2,PD_4': 0.0, 'PD_3,PD_4': 1.0}, ASR: 1.0, TCB: {'PD_1': ['PD_3'], 'PD_2': ['PD_4'], 'PD_3': ['PD_4'], 'PD_4': ['PD_3']}, FR: {'PD_1,PD_2': inf, 'PD_1,PD_3': inf, 'PD_1,PD_4': inf, 'PD_2,PD_3': inf, 'PD_2,PD_4': inf, 'PD_3,PD_4': inf}
  Computing metrics...
    RSI: {'PD_1,PD_2': 0.0, 'PD_1,PD_3': 0.0, 'PD_1,PD_4': 0.0, 'PD_2,PD_3': 0.0, 'PD_2,PD_4': 0.0, 'PD_3,PD_4': 1.0}, ASR: 1.25, TCB: {'PD_1': ['PD_3'], 'PD_2': ['PD_4'], 'PD_3': ['PD_4'], 'PD_4': ['PD_3']}, FR: {'PD_1,PD_2': inf, 'PD_1,PD_3': inf, 'PD_1,PD_4': inf, 'PD_2,PD_3': inf, 'PD_2,PD_4': inf, 'PD_3,PD_4': inf}
  Computing metrics...
    RSI: {'PD_1,PD_2': 0.0, 'PD_1,PD_3': 0.0, 'PD_1,PD_4': 0.0, 'PD_2,PD_3': 0.0, 'PD_2,PD_4': 0.0, 'PD_3,PD_4': 1.0}, ASR: 1.0, TCB: {'PD_1': ['PD_3'], 'PD_2': ['PD_4'], 'PD_3': ['PD_4'], 'PD_4': ['PD_3']}, FR: {'PD_1,PD_2': inf, 'PD_1,PD_3': inf, 'PD_1,PD_4': inf, 'PD_2,PD_3': inf, 'PD_2,PD_4': inf, 'PD_3,PD_4': inf}
  Computing metrics...
    RSI: {'PD_1,PD_2': 0.0, 'PD_1,PD_3': 0.0, 'PD_1,PD_4': 0.0, 'PD_2,PD_3': 0.0, 'PD_2,PD_4': 0.0, 'PD_3,PD_4': 0.5}, ASR: 1.25, TCB: {'PD_1': ['PD_3'], 'PD_2': ['PD_4'], 'PD_3': ['PD_4'], 'PD_4': ['PD_3']}, FR: {'PD_1,PD_2': inf, 'PD_1,PD_3': inf, 'PD_1,PD_4': inf, 'PD_2,PD_3': inf, 'PD_2,PD_4': inf, 'PD_3,PD_4': inf}
  Computing metrics...
    RSI: {'PD_1,PD_2': 0.0, 'PD_1,PD_3': 0.0, 'PD_1,PD_4': 0.0, 'PD_2,PD_3': 0.0, 'PD_2,PD_4': 0.0, 'PD_3,PD_4': 1.0}, ASR: 1.0, TCB: {'PD_1': ['PD_3'], 'PD_2': ['PD_4'], 'PD_3': ['PD_4'], 'PD_4': ['PD_3']}, FR: {'PD_1,PD_2': inf, 'PD_1,PD_3': inf, 'PD_1,PD_4': inf, 'PD_2,PD_3': inf, 'PD_2,PD_4': inf, 'PD_3,PD_4': inf}
  Computing metrics...
    RSI: {'PD_1,PD_2': 0.0, 'PD_1,PD_3': 0.0, 'PD_1,PD_4': 0.0, 'PD_2,PD_3': 0.0, 'PD_2,PD_4': 0.0, 'PD_3,PD_4': 0.5}, ASR: 1.25, TCB: {'PD_1': ['PD_3'], 'PD_2': ['PD_4'], 'PD_3': ['PD_4'], 'PD_4': ['PD_3']}, FR: {'PD_1,PD_2': inf, 'PD_1,PD_3': inf, 'PD_1,PD_4': inf, 'PD_2,PD_3': inf, 'PD_2,PD_4': inf, 'PD_3,PD_4': inf}
  Computing metrics...
    RSI: {'PD_1,PD_2': 0.0, 'PD_1,PD_3': 0.0, 'PD_1,PD_4': 0.0, 'PD_2,PD_3': 0.0, 'PD_2,PD_4': 0.0, 'PD_3,PD_4': 1.0}, ASR: 1.0, TCB: {'PD_1': ['PD_3'], 'PD_2': ['PD_4'], 'PD_3': ['PD_4'], 'PD_4': ['PD_3']}, FR: {'PD_1,PD_2': inf, 'PD_1,PD_3': inf, 'PD_1,PD_4': inf, 'PD_2,PD_3': inf, 'PD_2,PD_4': inf, 'PD_3,PD_4': inf}
  Computing metrics...
    RSI: {'PD_1,PD_2': 0.0, 'PD_1,PD_3': 0.0, 'PD_1,PD_4': 0.0, 'PD_2,PD_3': 0.0, 'PD_2,PD_4': 0.0, 'PD_3,PD_4': 1.0}, ASR: 1.0, TCB: {'PD_1': ['PD_3'], 'PD_2': ['PD_4'], 'PD_3': ['PD_4'], 'PD_4': ['PD_3']}, FR: {'PD_1,PD_2': inf, 'PD_1,PD_3': inf, 'PD_1,PD_4': inf, 'PD_2,PD_3': inf, 'PD_2,PD_4': inf, 'PD_3,PD_4': inf}
    remove_hold_edge candidate: remove PD_3 -> FILE_1_1 HOLD edge -> score: 0.150
  Computing metrics...
    RSI: {'PD_1,PD_2': 0.0, 'PD_1,PD_3': 0.0, 'PD_1,PD_4': 0.0, 'PD_2,PD_3': 0.0, 'PD_2,PD_4': 0.0, 'PD_3,PD_4': 1.0}, ASR: 1.0, TCB: {'PD_1': ['PD_3'], 'PD_2': ['PD_4'], 'PD_3': ['PD_4'], 'PD_4': ['PD_3']}, FR: {'PD_1,PD_2': inf, 'PD_1,PD_3': inf, 'PD_1,PD_4': inf, 'PD_2,PD_3': inf, 'PD_2,PD_4': inf, 'PD_3,PD_4': inf}
  Computing metrics...
    RSI: {'PD_1,PD_2': 0.0, 'PD_1,PD_3': 0.0, 'PD_1,PD_4': 0.0, 'PD_2,PD_3': 0.0, 'PD_2,PD_4': 0.0, 'PD_3,PD_4': 1.0}, ASR: 1.0, TCB: {'PD_1': ['PD_3'], 'PD_2': ['PD_4'], 'PD_3': ['PD_4'], 'PD_4': ['PD_3']}, FR: {'PD_1,PD_2': inf, 'PD_1,PD_3': inf, 'PD_1,PD_4': inf, 'PD_2,PD_3': inf, 'PD_2,PD_4': inf, 'PD_3,PD_4': inf}
    remove_hold_edge candidate: remove PD_4 -> FILE_1_1 HOLD edge -> score: 0.150
  Computing metrics...
    RSI: {'PD_1,PD_2': 0.0, 'PD_1,PD_3': 0.0, 'PD_1,PD_4': 0.0, 'PD_2,PD_3': 0.0, 'PD_2,PD_4': 0.0, 'PD_3,PD_4': 1.0}, ASR: 1.0, TCB: {'PD_1': ['PD_3'], 'PD_2': ['PD_4'], 'PD_3': ['PD_4'], 'PD_4': ['PD_3']}, FR: {'PD_1,PD_2': inf, 'PD_1,PD_3': inf, 'PD_1,PD_4': inf, 'PD_2,PD_3': inf, 'PD_2,PD_4': inf, 'PD_3,PD_4': inf}
  Computing metrics...
    RSI: {'PD_1,PD_2': 0.0, 'PD_1,PD_3': 0.0, 'PD_1,PD_4': 0.0, 'PD_2,PD_3': 0.0, 'PD_2,PD_4': 0.0, 'PD_3,PD_4': 1.0}, ASR: 1.25, TCB: {'PD_1': ['PD_3', 'PD_2'], 'PD_2': ['PD_4'], 'PD_3': ['PD_4'], 'PD_4': ['PD_3']}, FR: {'PD_1,PD_2': 3, 'PD_1,PD_3': inf, 'PD_1,PD_4': inf, 'PD_2,PD_3': inf, 'PD_2,PD_4': inf, 'PD_3,PD_4': inf}
  Computing metrics...
    RSI: {'PD_1,PD_2': 0.0, 'PD_1,PD_3': 0.0, 'PD_1,PD_4': 0.0, 'PD_2,PD_3': 0.0, 'PD_2,PD_4': 0.0, 'PD_3,PD_4': 1.0}, ASR: 1.0, TCB: {'PD_1': ['PD_3'], 'PD_2': ['PD_4'], 'PD_3': ['PD_4'], 'PD_4': ['PD_3']}, FR: {'PD_1,PD_2': inf, 'PD_1,PD_3': inf, 'PD_1,PD_4': inf, 'PD_2,PD_3': inf, 'PD_2,PD_4': inf, 'PD_3,PD_4': inf}
  Computing metrics...
    RSI: {'PD_1,PD_2': 0.0, 'PD_1,PD_3': 0.0, 'PD_1,PD_4': 0.0, 'PD_2,PD_3': 0.0, 'PD_2,PD_4': 0.0, 'PD_3,PD_4': 1.0}, ASR: 1.25, TCB: {'PD_1': ['PD_3', 'PD_4'], 'PD_2': ['PD_4'], 'PD_3': ['PD_4'], 'PD_4': ['PD_3']}, FR: {'PD_1,PD_2': 2, 'PD_1,PD_3': inf, 'PD_1,PD_4': inf, 'PD_2,PD_3': inf, 'PD_2,PD_4': inf, 'PD_3,PD_4': inf}
  Computing metrics...
    RSI: {'PD_1,PD_2': 0.0, 'PD_1,PD_3': 0.0, 'PD_1,PD_4': 0.0, 'PD_2,PD_3': 0.0, 'PD_2,PD_4': 0.0, 'PD_3,PD_4': 1.0}, ASR: 1.0, TCB: {'PD_1': ['PD_3'], 'PD_2': ['PD_4'], 'PD_3': ['PD_4'], 'PD_4': ['PD_3']}, FR: {'PD_1,PD_2': inf, 'PD_1,PD_3': inf, 'PD_1,PD_4': inf, 'PD_2,PD_3': inf, 'PD_2,PD_4': inf, 'PD_3,PD_4': inf}
  Computing metrics...
    RSI: {'PD_1,PD_2': 0.0, 'PD_1,PD_3': 0.0, 'PD_1,PD_4': 0.0, 'PD_2,PD_3': 0.0, 'PD_2,PD_4': 0.0, 'PD_3,PD_4': 1.0}, ASR: 1.25, TCB: {'PD_1': ['PD_3'], 'PD_2': ['PD_4', 'PD_1'], 'PD_3': ['PD_4'], 'PD_4': ['PD_3']}, FR: {'PD_1,PD_2': 3, 'PD_1,PD_3': inf, 'PD_1,PD_4': inf, 'PD_2,PD_3': inf, 'PD_2,PD_4': inf, 'PD_3,PD_4': inf}
  Computing metrics...
    RSI: {'PD_1,PD_2': 0.0, 'PD_1,PD_3': 0.0, 'PD_1,PD_4': 0.0, 'PD_2,PD_3': 0.0, 'PD_2,PD_4': 0.0, 'PD_3,PD_4': 1.0}, ASR: 1.0, TCB: {'PD_1': ['PD_3'], 'PD_2': ['PD_4'], 'PD_3': ['PD_4'], 'PD_4': ['PD_3']}, FR: {'PD_1,PD_2': inf, 'PD_1,PD_3': inf, 'PD_1,PD_4': inf, 'PD_2,PD_3': inf, 'PD_2,PD_4': inf, 'PD_3,PD_4': inf}
  Computing metrics...
    RSI: {'PD_1,PD_2': 0.0, 'PD_1,PD_3': 0.0, 'PD_1,PD_4': 0.0, 'PD_2,PD_3': 0.0, 'PD_2,PD_4': 0.0, 'PD_3,PD_4': 1.0}, ASR: 1.25, TCB: {'PD_1': ['PD_3'], 'PD_2': ['PD_4', 'PD_3'], 'PD_3': ['PD_4'], 'PD_4': ['PD_3']}, FR: {'PD_1,PD_2': 2, 'PD_1,PD_3': inf, 'PD_1,PD_4': inf, 'PD_2,PD_3': inf, 'PD_2,PD_4': inf, 'PD_3,PD_4': inf}
  Computing metrics...
    RSI: {'PD_1,PD_2': 0.0, 'PD_1,PD_3': 0.0, 'PD_1,PD_4': 0.0, 'PD_2,PD_3': 0.0, 'PD_2,PD_4': 0.0, 'PD_3,PD_4': 1.0}, ASR: 1.0, TCB: {'PD_1': ['PD_3'], 'PD_2': ['PD_4'], 'PD_3': ['PD_4'], 'PD_4': ['PD_3']}, FR: {'PD_1,PD_2': inf, 'PD_1,PD_3': inf, 'PD_1,PD_4': inf, 'PD_2,PD_3': inf, 'PD_2,PD_4': inf, 'PD_3,PD_4': inf}
  Computing metrics...
    RSI: {'PD_1,PD_2': 0.0, 'PD_1,PD_3': 0.0, 'PD_1,PD_4': 0.0, 'PD_2,PD_3': 0.0, 'PD_2,PD_4': 0.0, 'PD_3,PD_4': 1.0}, ASR: 1.25, TCB: {'PD_1': ['PD_3'], 'PD_2': ['PD_4'], 'PD_3': ['PD_1', 'PD_4'], 'PD_4': ['PD_3']}, FR: {'PD_1,PD_2': inf, 'PD_1,PD_3': inf, 'PD_1,PD_4': inf, 'PD_2,PD_3': inf, 'PD_2,PD_4': inf, 'PD_3,PD_4': inf}
  Computing metrics...
    RSI: {'PD_1,PD_2': 0.0, 'PD_1,PD_3': 0.0, 'PD_1,PD_4': 0.0, 'PD_2,PD_3': 0.0, 'PD_2,PD_4': 0.0, 'PD_3,PD_4': 1.0}, ASR: 1.0, TCB: {'PD_1': ['PD_3'], 'PD_2': ['PD_4'], 'PD_3': ['PD_4'], 'PD_4': ['PD_3']}, FR: {'PD_1,PD_2': inf, 'PD_1,PD_3': inf, 'PD_1,PD_4': inf, 'PD_2,PD_3': inf, 'PD_2,PD_4': inf, 'PD_3,PD_4': inf}
  Computing metrics...
    RSI: {'PD_1,PD_2': 0.0, 'PD_1,PD_3': 0.0, 'PD_1,PD_4': 0.0, 'PD_2,PD_3': 0.0, 'PD_2,PD_4': 0.0, 'PD_3,PD_4': 1.0}, ASR: 1.25, TCB: {'PD_1': ['PD_3'], 'PD_2': ['PD_4'], 'PD_3': ['PD_2', 'PD_4'], 'PD_4': ['PD_3']}, FR: {'PD_1,PD_2': 4, 'PD_1,PD_3': 3, 'PD_1,PD_4': inf, 'PD_2,PD_3': 3, 'PD_2,PD_4': inf, 'PD_3,PD_4': inf}
  Computing metrics...
    RSI: {'PD_1,PD_2': 0.0, 'PD_1,PD_3': 0.0, 'PD_1,PD_4': 0.0, 'PD_2,PD_3': 0.0, 'PD_2,PD_4': 0.0, 'PD_3,PD_4': 1.0}, ASR: 1.0, TCB: {'PD_1': ['PD_3'], 'PD_2': ['PD_4'], 'PD_3': ['PD_4'], 'PD_4': ['PD_3']}, FR: {'PD_1,PD_2': inf, 'PD_1,PD_3': inf, 'PD_1,PD_4': inf, 'PD_2,PD_3': inf, 'PD_2,PD_4': inf, 'PD_3,PD_4': inf}
  Computing metrics...
    RSI: {'PD_1,PD_2': 0.0, 'PD_1,PD_3': 0.0, 'PD_1,PD_4': 0.0, 'PD_2,PD_3': 0.0, 'PD_2,PD_4': 0.0, 'PD_3,PD_4': 1.0}, ASR: 1.25, TCB: {'PD_1': ['PD_3'], 'PD_2': ['PD_4'], 'PD_3': ['PD_4'], 'PD_4': ['PD_3']}, FR: {'PD_1,PD_2': 3, 'PD_1,PD_3': 3, 'PD_1,PD_4': inf, 'PD_2,PD_3': 2, 'PD_2,PD_4': inf, 'PD_3,PD_4': inf}
  Computing metrics...
    RSI: {'PD_1,PD_2': 0.0, 'PD_1,PD_3': 0.0, 'PD_1,PD_4': 0.0, 'PD_2,PD_3': 0.0, 'PD_2,PD_4': 0.0, 'PD_3,PD_4': 1.0}, ASR: 1.0, TCB: {'PD_1': ['PD_3'], 'PD_2': ['PD_4'], 'PD_3': ['PD_4'], 'PD_4': ['PD_3']}, FR: {'PD_1,PD_2': inf, 'PD_1,PD_3': inf, 'PD_1,PD_4': inf, 'PD_2,PD_3': inf, 'PD_2,PD_4': inf, 'PD_3,PD_4': inf}
  Computing metrics...
    RSI: {'PD_1,PD_2': 0.0, 'PD_1,PD_3': 0.0, 'PD_1,PD_4': 0.0, 'PD_2,PD_3': 0.0, 'PD_2,PD_4': 0.0, 'PD_3,PD_4': 1.0}, ASR: 1.25, TCB: {'PD_1': ['PD_3'], 'PD_2': ['PD_4'], 'PD_3': ['PD_4'], 'PD_4': ['PD_1', 'PD_3']}, FR: {'PD_1,PD_2': 4, 'PD_1,PD_3': inf, 'PD_1,PD_4': 3, 'PD_2,PD_3': inf, 'PD_2,PD_4': 3, 'PD_3,PD_4': inf}
  Computing metrics...
    RSI: {'PD_1,PD_2': 0.0, 'PD_1,PD_3': 0.0, 'PD_1,PD_4': 0.0, 'PD_2,PD_3': 0.0, 'PD_2,PD_4': 0.0, 'PD_3,PD_4': 1.0}, ASR: 1.0, TCB: {'PD_1': ['PD_3'], 'PD_2': ['PD_4'], 'PD_3': ['PD_4'], 'PD_4': ['PD_3']}, FR: {'PD_1,PD_2': inf, 'PD_1,PD_3': inf, 'PD_1,PD_4': inf, 'PD_2,PD_3': inf, 'PD_2,PD_4': inf, 'PD_3,PD_4': inf}
  Computing metrics...
    RSI: {'PD_1,PD_2': 0.0, 'PD_1,PD_3': 0.0, 'PD_1,PD_4': 0.0, 'PD_2,PD_3': 0.0, 'PD_2,PD_4': 0.0, 'PD_3,PD_4': 1.0}, ASR: 1.25, TCB: {'PD_1': ['PD_3'], 'PD_2': ['PD_4'], 'PD_3': ['PD_4'], 'PD_4': ['PD_2', 'PD_3']}, FR: {'PD_1,PD_2': inf, 'PD_1,PD_3': inf, 'PD_1,PD_4': inf, 'PD_2,PD_3': inf, 'PD_2,PD_4': inf, 'PD_3,PD_4': inf}
  Computing metrics...
    RSI: {'PD_1,PD_2': 0.0, 'PD_1,PD_3': 0.0, 'PD_1,PD_4': 0.0, 'PD_2,PD_3': 0.0, 'PD_2,PD_4': 0.0, 'PD_3,PD_4': 1.0}, ASR: 1.0, TCB: {'PD_1': ['PD_3'], 'PD_2': ['PD_4'], 'PD_3': ['PD_4'], 'PD_4': ['PD_3']}, FR: {'PD_1,PD_2': inf, 'PD_1,PD_3': inf, 'PD_1,PD_4': inf, 'PD_2,PD_3': inf, 'PD_2,PD_4': inf, 'PD_3,PD_4': inf}
  Computing metrics...
    RSI: {'PD_1,PD_2': 0.0, 'PD_1,PD_3': 0.0, 'PD_1,PD_4': 0.0, 'PD_2,PD_3': 0.0, 'PD_2,PD_4': 0.0, 'PD_3,PD_4': 1.0}, ASR: 1.25, TCB: {'PD_1': ['PD_3'], 'PD_2': ['PD_4'], 'PD_3': ['PD_4'], 'PD_4': ['PD_3']}, FR: {'PD_1,PD_2': 3, 'PD_1,PD_3': inf, 'PD_1,PD_4': 2, 'PD_2,PD_3': inf, 'PD_2,PD_4': 3, 'PD_3,PD_4': inf}
  Computing metrics...
    RSI: {'PD_1,PD_2': 0.0, 'PD_1,PD_3': 0.0, 'PD_1,PD_4': 0.0, 'PD_2,PD_3': 0.0, 'PD_2,PD_4': 0.0, 'PD_3,PD_4': 1.0}, ASR: 1.0, TCB: {'PD_1': ['PD_3'], 'PD_2': ['PD_4'], 'PD_3': ['PD_4'], 'PD_4': ['PD_3']}, FR: {'PD_1,PD_2': inf, 'PD_1,PD_3': inf, 'PD_1,PD_4': inf, 'PD_2,PD_3': inf, 'PD_2,PD_4': inf, 'PD_3,PD_4': inf}
  Computing metrics...
    RSI: {'PD_1,PD_2': 0.0, 'PD_1,PD_3': 0.0, 'PD_1,PD_4': 0.0, 'PD_2,PD_3': 0.0, 'PD_2,PD_4': 0.0, 'PD_3,PD_4': 1.0}, ASR: 1.0, TCB: {'PD_1': ['PD_3'], 'PD_2': ['PD_4'], 'PD_3': ['PD_4'], 'PD_4': ['PD_3']}, FR: {'PD_1,PD_2': inf, 'PD_1,PD_3': inf, 'PD_1,PD_4': inf, 'PD_2,PD_3': inf, 'PD_2,PD_4': inf, 'PD_3,PD_4': inf}
  Computing metrics...
    RSI: {'PD_1,PD_2': 0.0, 'PD_1,PD_3': 0.0, 'PD_1,PD_4': 0.0, 'PD_2,PD_3': 0.0, 'PD_2,PD_4': 0.0, 'PD_3,PD_4': 1.0}, ASR: 1.0, TCB: {'PD_1': ['PD_3'], 'PD_2': ['PD_4'], 'PD_3': ['PD_4'], 'PD_4': ['PD_3']}, FR: {'PD_1,PD_2': inf, 'PD_1,PD_3': inf, 'PD_1,PD_4': inf, 'PD_2,PD_3': inf, 'PD_2,PD_4': inf, 'PD_3,PD_4': inf}
  Computing metrics...
    RSI: {'PD_1,PD_2': 0.0, 'PD_1,PD_3': 0.0, 'PD_1,PD_4': 0.0, 'PD_2,PD_3': 0.0, 'PD_2,PD_4': 0.0, 'PD_3,PD_4': 1.0}, ASR: 1.0, TCB: {'PD_1': ['PD_3'], 'PD_2': ['PD_4'], 'PD_3': ['PD_4'], 'PD_4': ['PD_3']}, FR: {'PD_1,PD_2': inf, 'PD_1,PD_3': inf, 'PD_1,PD_4': inf, 'PD_2,PD_3': inf, 'PD_2,PD_4': inf, 'PD_3,PD_4': inf}
  Computing metrics...
    RSI: {'PD_1,PD_2': 0.0, 'PD_1,PD_3': 0.0, 'PD_1,PD_4': 0.0, 'PD_2,PD_3': 0.0, 'PD_2,PD_4': 0.0, 'PD_3,PD_4': 1.0}, ASR: 1.0, TCB: {'PD_1': ['PD_3'], 'PD_2': ['PD_4'], 'PD_3': ['PD_4'], 'PD_4': ['PD_3']}, FR: {'PD_1,PD_2': inf, 'PD_1,PD_3': inf, 'PD_1,PD_4': inf, 'PD_2,PD_3': inf, 'PD_2,PD_4': inf, 'PD_3,PD_4': inf}
  Computing metrics...
    RSI: {'PD_1,PD_2': 0.0, 'PD_1,PD_3': 0.0, 'PD_1,PD_4': 0.0, 'PD_2,PD_3': 0.0, 'PD_2,PD_4': 0.0, 'PD_3,PD_4': 1.0}, ASR: 1.0, TCB: {'PD_1': ['PD_3'], 'PD_2': ['PD_4'], 'PD_3': ['PD_4'], 'PD_4': ['PD_3']}, FR: {'PD_1,PD_2': inf, 'PD_1,PD_3': inf, 'PD_1,PD_4': inf, 'PD_2,PD_3': inf, 'PD_2,PD_4': inf, 'PD_3,PD_4': inf}
  Computing metrics...
    RSI: {'PD_1,PD_2': 0.0, 'PD_1,PD_3': 0.0, 'PD_1,PD_4': 0.0, 'PD_2,PD_3': 0.0, 'PD_2,PD_4': 0.0, 'PD_3,PD_4': 1.0}, ASR: 1.0, TCB: {'PD_1': ['PD_3'], 'PD_2': ['PD_4'], 'PD_3': ['PD_4'], 'PD_4': ['PD_3']}, FR: {'PD_1,PD_2': inf, 'PD_1,PD_3': inf, 'PD_1,PD_4': inf, 'PD_2,PD_3': inf, 'PD_2,PD_4': inf, 'PD_3,PD_4': inf}
  Computing metrics...
    RSI: {'PD_1,PD_2': 0.0, 'PD_1,PD_3': 0.0, 'PD_1,PD_4': 0.0, 'PD_2,PD_3': 0.0, 'PD_2,PD_4': 0.0, 'PD_3,PD_4': 1.0}, ASR: 1.0, TCB: {'PD_1': ['PD_3'], 'PD_2': ['PD_4'], 'PD_3': ['PD_4'], 'PD_4': ['PD_3']}, FR: {'PD_1,PD_2': inf, 'PD_1,PD_3': inf, 'PD_1,PD_4': inf, 'PD_2,PD_3': inf, 'PD_2,PD_4': inf, 'PD_3,PD_4': inf}
  🚫 Filtered out 0 'add_file_resource(create new TEMP file in FILE_SPACE_1)' candidates (avoiding repetition)
  Trying best transition: primitive
    Target: add new protection domain to help resolve 2 constraint violation(s)
    Predicted improvement: 0.100
    Considered 30 other option(s):
      1. primitive: create new CONFIG file in FILE_SPACE_1 (improvement: 0.700)
      2. primitive: create new DATABASE file in FILE_SPACE_1 (improvement: 0.700)
      3. primitive: create new TEMP file in FILE_SPACE_1 (improvement: 0.700)
      4. primitive: create new LOG file in FILE_SPACE_1 (improvement: 0.700)
      5. primitive: add authority relationship: PD_1 -> PD_2 (improvement: 0.250)
      6. primitive: enable indirect access: PD_1 -> PD_4 (improvement: 0.250)
      7. primitive: add authority relationship: PD_2 -> PD_1 (improvement: 0.250)
      8. primitive: enable indirect access: PD_2 -> PD_3 (improvement: 0.250)
      9. primitive: add authority relationship: PD_3 -> PD_1 (improvement: 0.250)
      10. primitive: add authority relationship: PD_3 -> PD_2 (improvement: 0.250)
      ... and 20 more
    ✅ Applied add_pd
  📋 Generated 31 candidate(s)
  Computing metrics...
    RSI: {'PD_1,PD_2': 0.0, 'PD_1,PD_3': 0.0, 'PD_1,PD_4': 0.0, 'PD_2,PD_3': 0.0, 'PD_2,PD_4': 0.0, 'PD_3,PD_4': 1.0}, ASR: 1.0, TCB: {'PD_1': ['PD_3'], 'PD_2': ['PD_4'], 'PD_3': ['PD_4'], 'PD_4': ['PD_3']}, FR: {'PD_1,PD_2': inf, 'PD_1,PD_3': inf, 'PD_1,PD_4': inf, 'PD_2,PD_3': inf, 'PD_2,PD_4': inf, 'PD_3,PD_4': inf}
    ✅ Added candidate: add_file_resource (score: 0.700)
  Computing metrics...
    RSI: {'PD_1,PD_2': 0.0, 'PD_1,PD_3': 0.0, 'PD_1,PD_4': 0.0, 'PD_2,PD_3': 0.0, 'PD_2,PD_4': 0.0, 'PD_3,PD_4': 1.0}, ASR: 1.0, TCB: {'PD_1': ['PD_3'], 'PD_2': ['PD_4'], 'PD_3': ['PD_4'], 'PD_4': ['PD_3']}, FR: {'PD_1,PD_2': inf, 'PD_1,PD_3': inf, 'PD_1,PD_4': inf, 'PD_2,PD_3': inf, 'PD_2,PD_4': inf, 'PD_3,PD_4': inf}
    ✅ Added candidate: add_file_resource (score: 0.700)

📊 Next beam (3 states):
  Beam[0]: BeamState(iter=2, score=0.700, path=add_file_resource(create new CONFIG file in FILE_SPACE_1) → add_file_resource(create new CONFIG file in FILE_SPACE_1))
  Beam[1]: BeamState(iter=2, score=0.700, path=add_file_resource(create new CONFIG file in FILE_SPACE_1) → add_file_resource(create new DATABASE file in FILE_SPACE_1))
  Beam[2]: BeamState(iter=2, score=0.700, path=add_file_resource(create new DATABASE file in FILE_SPACE_1) → add_file_resource(create new CONFIG file in FILE_SPACE_1))
💡 Total candidates generated: 6
🎯 Mechanisms discovered so far: 0

============================================================
🔍 Beam Search Iteration 3/8
📊 Current beam size: 3
  Beam[0]: BeamState(iter=2, score=0.700, path=add_file_resource(create new CONFIG file in FILE_SPACE_1) → add_file_resource(create new CONFIG file in FILE_SPACE_1))
  Beam[1]: BeamState(iter=2, score=0.700, path=add_file_resource(create new CONFIG file in FILE_SPACE_1) → add_file_resource(create new DATABASE file in FILE_SPACE_1))
  Beam[2]: BeamState(iter=2, score=0.700, path=add_file_resource(create new DATABASE file in FILE_SPACE_1) → add_file_resource(create new CONFIG file in FILE_SPACE_1))

🌟 Expanding Beam[0] (score: 0.700)
  ⚠️  Constraints violated: PD_1 lacks access to any files; PD_2 lacks access to any files
  Computing metrics...
    RSI: {'PD_1,PD_2': 0.0, 'PD_1,PD_3': 0.0, 'PD_1,PD_4': 0.0, 'PD_2,PD_3': 0.0, 'PD_2,PD_4': 0.0, 'PD_3,PD_4': 1.0}, ASR: 1.0, TCB: {'PD_1': ['PD_3'], 'PD_2': ['PD_4'], 'PD_3': ['PD_4'], 'PD_4': ['PD_3']}, FR: {'PD_1,PD_2': inf, 'PD_1,PD_3': inf, 'PD_1,PD_4': inf, 'PD_2,PD_3': inf, 'PD_2,PD_4': inf, 'PD_3,PD_4': inf}
  Computing metrics...
    RSI: {'PD_1,PD_2': 0.0, 'PD_1,PD_3': 0.0, 'PD_1,PD_4': 0.0, 'PD_1,PD_5': 0.0, 'PD_2,PD_3': 0.0, 'PD_2,PD_4': 0.0, 'PD_2,PD_5': 0.0, 'PD_3,PD_4': 1.0, 'PD_3,PD_5': 0.0, 'PD_4,PD_5': 0.0}, ASR: 0.8, TCB: {'PD_1': ['PD_3'], 'PD_2': ['PD_4'], 'PD_3': ['PD_4'], 'PD_4': ['PD_3'], 'PD_5': []}, FR: {'PD_1,PD_2': inf, 'PD_1,PD_3': inf, 'PD_1,PD_4': inf, 'PD_1,PD_5': inf, 'PD_2,PD_3': inf, 'PD_2,PD_4': inf, 'PD_2,PD_5': inf, 'PD_3,PD_4': inf, 'PD_3,PD_5': inf, 'PD_4,PD_5': inf}
  Computing metrics...
    RSI: {'PD_1,PD_2': 0.0, 'PD_1,PD_3': 0.0, 'PD_1,PD_4': 0.0, 'PD_2,PD_3': 0.0, 'PD_2,PD_4': 0.0, 'PD_3,PD_4': 1.0}, ASR: 1.0, TCB: {'PD_1': ['PD_3'], 'PD_2': ['PD_4'], 'PD_3': ['PD_4'], 'PD_4': ['PD_3']}, FR: {'PD_1,PD_2': inf, 'PD_1,PD_3': inf, 'PD_1,PD_4': inf, 'PD_2,PD_3': inf, 'PD_2,PD_4': inf, 'PD_3,PD_4': inf}
  Computing metrics...
    RSI: {'PD_1,PD_2': 0.0, 'PD_1,PD_3': 0.0, 'PD_1,PD_4': 0.0, 'PD_2,PD_3': 0.0, 'PD_2,PD_4': 0.0, 'PD_3,PD_4': 1.0}, ASR: 1.0, TCB: {'PD_1': ['PD_3'], 'PD_2': ['PD_4'], 'PD_3': ['PD_4'], 'PD_4': ['PD_3']}, FR: {'PD_1,PD_2': inf, 'PD_1,PD_3': inf, 'PD_1,PD_4': inf, 'PD_2,PD_3': inf, 'PD_2,PD_4': inf, 'PD_3,PD_4': inf}
  Computing metrics...
    RSI: {'PD_1,PD_2': 0.0, 'PD_1,PD_3': 0.0, 'PD_1,PD_4': 0.0, 'PD_2,PD_3': 0.0, 'PD_2,PD_4': 0.0, 'PD_3,PD_4': 1.0}, ASR: 1.0, TCB: {'PD_1': ['PD_3'], 'PD_2': ['PD_4'], 'PD_3': ['PD_4'], 'PD_4': ['PD_3']}, FR: {'PD_1,PD_2': inf, 'PD_1,PD_3': inf, 'PD_1,PD_4': inf, 'PD_2,PD_3': inf, 'PD_2,PD_4': inf, 'PD_3,PD_4': inf}
  Computing metrics...
    RSI: {'PD_1,PD_2': 0.0, 'PD_1,PD_3': 0.0, 'PD_1,PD_4': 0.0, 'PD_2,PD_3': 0.0, 'PD_2,PD_4': 0.0, 'PD_3,PD_4': 1.0}, ASR: 1.0, TCB: {'PD_1': ['PD_3'], 'PD_2': ['PD_4'], 'PD_3': ['PD_4'], 'PD_4': ['PD_3']}, FR: {'PD_1,PD_2': inf, 'PD_1,PD_3': inf, 'PD_1,PD_4': inf, 'PD_2,PD_3': inf, 'PD_2,PD_4': inf, 'PD_3,PD_4': inf}
  Computing metrics...
    RSI: {'PD_1,PD_2': 0.0, 'PD_1,PD_3': 0.0, 'PD_1,PD_4': 0.0, 'PD_2,PD_3': 0.0, 'PD_2,PD_4': 0.0, 'PD_3,PD_4': 1.0}, ASR: 1.0, TCB: {'PD_1': ['PD_3'], 'PD_2': ['PD_4'], 'PD_3': ['PD_4'], 'PD_4': ['PD_3']}, FR: {'PD_1,PD_2': inf, 'PD_1,PD_3': inf, 'PD_1,PD_4': inf, 'PD_2,PD_3': inf, 'PD_2,PD_4': inf, 'PD_3,PD_4': inf}
  Computing metrics...
    RSI: {'PD_1,PD_2': 0.0, 'PD_1,PD_3': 0.0, 'PD_1,PD_4': 0.0, 'PD_2,PD_3': 0.0, 'PD_2,PD_4': 0.0, 'PD_3,PD_4': 1.0}, ASR: 1.0, TCB: {'PD_1': ['PD_3'], 'PD_2': ['PD_4'], 'PD_3': ['PD_4'], 'PD_4': ['PD_3']}, FR: {'PD_1,PD_2': inf, 'PD_1,PD_3': inf, 'PD_1,PD_4': inf, 'PD_2,PD_3': inf, 'PD_2,PD_4': inf, 'PD_3,PD_4': inf}
  Computing metrics...
    RSI: {'PD_1,PD_2': 0.0, 'PD_1,PD_3': 0.0, 'PD_1,PD_4': 0.0, 'PD_2,PD_3': 0.0, 'PD_2,PD_4': 0.0, 'PD_3,PD_4': 1.0}, ASR: 1.0, TCB: {'PD_1': ['PD_3'], 'PD_2': ['PD_4'], 'PD_3': ['PD_4'], 'PD_4': ['PD_3']}, FR: {'PD_1,PD_2': inf, 'PD_1,PD_3': inf, 'PD_1,PD_4': inf, 'PD_2,PD_3': inf, 'PD_2,PD_4': inf, 'PD_3,PD_4': inf}
  Computing metrics...
    RSI: {'PD_1,PD_2': 0.0, 'PD_1,PD_3': 0.0, 'PD_1,PD_4': 0.0, 'PD_2,PD_3': 0.0, 'PD_2,PD_4': 0.0, 'PD_3,PD_4': 1.0}, ASR: 1.0, TCB: {'PD_1': ['PD_3'], 'PD_2': ['PD_4'], 'PD_3': ['PD_4'], 'PD_4': ['PD_3']}, FR: {'PD_1,PD_2': inf, 'PD_1,PD_3': inf, 'PD_1,PD_4': inf, 'PD_2,PD_3': inf, 'PD_2,PD_4': inf, 'PD_3,PD_4': inf}
  Computing metrics...
    RSI: {'PD_1,PD_2': 0.0, 'PD_1,PD_3': 0.0, 'PD_1,PD_4': 0.0, 'PD_2,PD_3': 0.0, 'PD_2,PD_4': 0.0, 'PD_3,PD_4': 1.0}, ASR: 1.0, TCB: {'PD_1': ['PD_3'], 'PD_2': ['PD_4'], 'PD_3': ['PD_4'], 'PD_4': ['PD_3']}, FR: {'PD_1,PD_2': inf, 'PD_1,PD_3': inf, 'PD_1,PD_4': inf, 'PD_2,PD_3': inf, 'PD_2,PD_4': inf, 'PD_3,PD_4': inf}
  Computing metrics...
    RSI: {'PD_1,PD_2': 0.0, 'PD_1,PD_3': 0.0, 'PD_1,PD_4': 0.0, 'PD_2,PD_3': 0.0, 'PD_2,PD_4': 0.0, 'PD_3,PD_4': 1.0}, ASR: 1.0, TCB: {'PD_1': ['PD_3'], 'PD_2': ['PD_4'], 'PD_3': ['PD_4'], 'PD_4': ['PD_3']}, FR: {'PD_1,PD_2': inf, 'PD_1,PD_3': inf, 'PD_1,PD_4': inf, 'PD_2,PD_3': inf, 'PD_2,PD_4': inf, 'PD_3,PD_4': inf}
  Computing metrics...
    RSI: {'PD_1,PD_2': 0.0, 'PD_1,PD_3': 0.0, 'PD_1,PD_4': 0.0, 'PD_2,PD_3': 0.0, 'PD_2,PD_4': 0.0, 'PD_3,PD_4': 1.0}, ASR: 1.0, TCB: {'PD_1': ['PD_3'], 'PD_2': ['PD_4'], 'PD_3': ['PD_4'], 'PD_4': ['PD_3']}, FR: {'PD_1,PD_2': inf, 'PD_1,PD_3': inf, 'PD_1,PD_4': inf, 'PD_2,PD_3': inf, 'PD_2,PD_4': inf, 'PD_3,PD_4': inf}
  Computing metrics...
    RSI: {'PD_1,PD_2': 0.0, 'PD_1,PD_3': 0.0, 'PD_1,PD_4': 0.0, 'PD_2,PD_3': 0.0, 'PD_2,PD_4': 0.0, 'PD_3,PD_4': 1.0}, ASR: 1.0, TCB: {'PD_1': ['PD_3'], 'PD_2': ['PD_4'], 'PD_3': ['PD_4'], 'PD_4': ['PD_3']}, FR: {'PD_1,PD_2': inf, 'PD_1,PD_3': inf, 'PD_1,PD_4': inf, 'PD_2,PD_3': inf, 'PD_2,PD_4': inf, 'PD_3,PD_4': inf}
  Computing metrics...
    RSI: {'PD_1,PD_2': 0.0, 'PD_1,PD_3': 0.0, 'PD_1,PD_4': 0.0, 'PD_2,PD_3': 0.0, 'PD_2,PD_4': 0.0, 'PD_3,PD_4': 1.0}, ASR: 1.0, TCB: {'PD_1': ['PD_3'], 'PD_2': ['PD_4'], 'PD_3': ['PD_4'], 'PD_4': ['PD_3']}, FR: {'PD_1,PD_2': inf, 'PD_1,PD_3': inf, 'PD_1,PD_4': inf, 'PD_2,PD_3': inf, 'PD_2,PD_4': inf, 'PD_3,PD_4': inf}
  Computing metrics...
    RSI: {'PD_1,PD_2': 0.0, 'PD_1,PD_3': 0.0, 'PD_1,PD_4': 0.0, 'PD_2,PD_3': 0.0, 'PD_2,PD_4': 0.0, 'PD_3,PD_4': 1.0}, ASR: 1.0, TCB: {'PD_1': ['PD_3'], 'PD_2': ['PD_4'], 'PD_3': ['PD_4'], 'PD_4': ['PD_3']}, FR: {'PD_1,PD_2': inf, 'PD_1,PD_3': inf, 'PD_1,PD_4': inf, 'PD_2,PD_3': inf, 'PD_2,PD_4': inf, 'PD_3,PD_4': inf}
  Computing metrics...
    RSI: {'PD_1,PD_2': 0.0, 'PD_1,PD_3': 0.0, 'PD_1,PD_4': 0.0, 'PD_2,PD_3': 0.0, 'PD_2,PD_4': 0.0, 'PD_3,PD_4': 1.0}, ASR: 1.0, TCB: {'PD_1': ['PD_3'], 'PD_2': ['PD_4'], 'PD_3': ['PD_4'], 'PD_4': ['PD_3']}, FR: {'PD_1,PD_2': inf, 'PD_1,PD_3': inf, 'PD_1,PD_4': inf, 'PD_2,PD_3': inf, 'PD_2,PD_4': inf, 'PD_3,PD_4': inf}
  Computing metrics...
    RSI: {'PD_1,PD_2': 0.0, 'PD_1,PD_3': 0.0, 'PD_1,PD_4': 0.0, 'PD_2,PD_3': 0.0, 'PD_2,PD_4': 0.0, 'PD_3,PD_4': 1.0}, ASR: 1.0, TCB: {'PD_1': ['PD_3'], 'PD_2': ['PD_4'], 'PD_3': ['PD_4'], 'PD_4': ['PD_3']}, FR: {'PD_1,PD_2': inf, 'PD_1,PD_3': inf, 'PD_1,PD_4': inf, 'PD_2,PD_3': inf, 'PD_2,PD_4': inf, 'PD_3,PD_4': inf}
  Computing metrics...
    RSI: {'PD_1,PD_2': 0.0, 'PD_1,PD_3': 0.0, 'PD_1,PD_4': 0.0, 'PD_2,PD_3': 0.0, 'PD_2,PD_4': 0.0, 'PD_3,PD_4': 1.0}, ASR: 1.0, TCB: {'PD_1': ['PD_3'], 'PD_2': ['PD_4'], 'PD_3': ['PD_4'], 'PD_4': ['PD_3']}, FR: {'PD_1,PD_2': inf, 'PD_1,PD_3': inf, 'PD_1,PD_4': inf, 'PD_2,PD_3': inf, 'PD_2,PD_4': inf, 'PD_3,PD_4': inf}
  Computing metrics...
    RSI: {'PD_1,PD_2': 0.0, 'PD_1,PD_3': 0.0, 'PD_1,PD_4': 0.0, 'PD_2,PD_3': 0.0, 'PD_2,PD_4': 0.0, 'PD_3,PD_4': 1.0}, ASR: 1.0, TCB: {'PD_1': ['PD_3'], 'PD_2': ['PD_4'], 'PD_3': ['PD_4'], 'PD_4': ['PD_3']}, FR: {'PD_1,PD_2': inf, 'PD_1,PD_3': inf, 'PD_1,PD_4': inf, 'PD_2,PD_3': inf, 'PD_2,PD_4': inf, 'PD_3,PD_4': inf}
  Computing metrics...
    RSI: {'PD_1,PD_2': 0.0, 'PD_1,PD_3': 0.0, 'PD_1,PD_4': 0.0, 'PD_2,PD_3': 0.0, 'PD_2,PD_4': 0.0, 'PD_3,PD_4': 1.0}, ASR: 1.0, TCB: {'PD_1': ['PD_3'], 'PD_2': ['PD_4'], 'PD_3': ['PD_4'], 'PD_4': ['PD_3']}, FR: {'PD_1,PD_2': inf, 'PD_1,PD_3': inf, 'PD_1,PD_4': inf, 'PD_2,PD_3': inf, 'PD_2,PD_4': inf, 'PD_3,PD_4': inf}
  Computing metrics...
    RSI: {'PD_1,PD_2': 0.0, 'PD_1,PD_3': 1.0, 'PD_1,PD_4': 1.0, 'PD_2,PD_3': 0.0, 'PD_2,PD_4': 0.0, 'PD_3,PD_4': 1.0}, ASR: 1.25, TCB: {'PD_1': ['PD_3', 'PD_4'], 'PD_2': ['PD_4'], 'PD_3': ['PD_1', 'PD_4'], 'PD_4': ['PD_1', 'PD_3']}, FR: {'PD_1,PD_2': inf, 'PD_1,PD_3': inf, 'PD_1,PD_4': inf, 'PD_2,PD_3': inf, 'PD_2,PD_4': inf, 'PD_3,PD_4': inf}
  Computing metrics...
    RSI: {'PD_1,PD_2': 0.0, 'PD_1,PD_3': 0.0, 'PD_1,PD_4': 0.0, 'PD_2,PD_3': 0.0, 'PD_2,PD_4': 0.0, 'PD_3,PD_4': 1.0}, ASR: 1.0, TCB: {'PD_1': ['PD_3'], 'PD_2': ['PD_4'], 'PD_3': ['PD_4'], 'PD_4': ['PD_3']}, FR: {'PD_1,PD_2': inf, 'PD_1,PD_3': inf, 'PD_1,PD_4': inf, 'PD_2,PD_3': inf, 'PD_2,PD_4': inf, 'PD_3,PD_4': inf}
  Computing metrics...
    RSI: {'PD_1,PD_2': 0.0, 'PD_1,PD_3': 0.0, 'PD_1,PD_4': 0.0, 'PD_2,PD_3': 0.0, 'PD_2,PD_4': 0.0, 'PD_3,PD_4': 1.0}, ASR: 1.25, TCB: {'PD_1': ['PD_3'], 'PD_2': ['PD_4'], 'PD_3': ['PD_4'], 'PD_4': ['PD_3']}, FR: {'PD_1,PD_2': inf, 'PD_1,PD_3': inf, 'PD_1,PD_4': inf, 'PD_2,PD_3': inf, 'PD_2,PD_4': inf, 'PD_3,PD_4': inf}
  Computing metrics...
    RSI: {'PD_1,PD_2': 0.0, 'PD_1,PD_3': 0.0, 'PD_1,PD_4': 0.0, 'PD_2,PD_3': 0.0, 'PD_2,PD_4': 0.0, 'PD_3,PD_4': 1.0}, ASR: 1.0, TCB: {'PD_1': ['PD_3'], 'PD_2': ['PD_4'], 'PD_3': ['PD_4'], 'PD_4': ['PD_3']}, FR: {'PD_1,PD_2': inf, 'PD_1,PD_3': inf, 'PD_1,PD_4': inf, 'PD_2,PD_3': inf, 'PD_2,PD_4': inf, 'PD_3,PD_4': inf}
  Computing metrics...
    RSI: {'PD_1,PD_2': 0.0, 'PD_1,PD_3': 0.0, 'PD_1,PD_4': 0.0, 'PD_2,PD_3': 0.0, 'PD_2,PD_4': 0.0, 'PD_3,PD_4': 1.0}, ASR: 1.25, TCB: {'PD_1': ['PD_3'], 'PD_2': ['PD_4'], 'PD_3': ['PD_4'], 'PD_4': ['PD_3']}, FR: {'PD_1,PD_2': inf, 'PD_1,PD_3': inf, 'PD_1,PD_4': inf, 'PD_2,PD_3': inf, 'PD_2,PD_4': inf, 'PD_3,PD_4': inf}
  Computing metrics...
    RSI: {'PD_1,PD_2': 0.0, 'PD_1,PD_3': 0.0, 'PD_1,PD_4': 0.0, 'PD_2,PD_3': 0.0, 'PD_2,PD_4': 0.0, 'PD_3,PD_4': 1.0}, ASR: 1.0, TCB: {'PD_1': ['PD_3'], 'PD_2': ['PD_4'], 'PD_3': ['PD_4'], 'PD_4': ['PD_3']}, FR: {'PD_1,PD_2': inf, 'PD_1,PD_3': inf, 'PD_1,PD_4': inf, 'PD_2,PD_3': inf, 'PD_2,PD_4': inf, 'PD_3,PD_4': inf}
  Computing metrics...
    RSI: {'PD_1,PD_2': 0.0, 'PD_1,PD_3': 0.0, 'PD_1,PD_4': 0.0, 'PD_2,PD_3': 1.0, 'PD_2,PD_4': 1.0, 'PD_3,PD_4': 1.0}, ASR: 1.25, TCB: {'PD_1': ['PD_3'], 'PD_2': ['PD_4', 'PD_3'], 'PD_3': ['PD_2', 'PD_4'], 'PD_4': ['PD_2', 'PD_3']}, FR: {'PD_1,PD_2': inf, 'PD_1,PD_3': inf, 'PD_1,PD_4': inf, 'PD_2,PD_3': inf, 'PD_2,PD_4': inf, 'PD_3,PD_4': inf}
  Computing metrics...
    RSI: {'PD_1,PD_2': 0.0, 'PD_1,PD_3': 0.0, 'PD_1,PD_4': 0.0, 'PD_2,PD_3': 0.0, 'PD_2,PD_4': 0.0, 'PD_3,PD_4': 1.0}, ASR: 1.0, TCB: {'PD_1': ['PD_3'], 'PD_2': ['PD_4'], 'PD_3': ['PD_4'], 'PD_4': ['PD_3']}, FR: {'PD_1,PD_2': inf, 'PD_1,PD_3': inf, 'PD_1,PD_4': inf, 'PD_2,PD_3': inf, 'PD_2,PD_4': inf, 'PD_3,PD_4': inf}
  Computing metrics...
    RSI: {'PD_1,PD_2': 0.0, 'PD_1,PD_3': 0.0, 'PD_1,PD_4': 0.0, 'PD_2,PD_3': 0.0, 'PD_2,PD_4': 0.0, 'PD_3,PD_4': 1.0}, ASR: 1.25, TCB: {'PD_1': ['PD_3'], 'PD_2': ['PD_4'], 'PD_3': ['PD_4'], 'PD_4': ['PD_3']}, FR: {'PD_1,PD_2': inf, 'PD_1,PD_3': inf, 'PD_1,PD_4': inf, 'PD_2,PD_3': inf, 'PD_2,PD_4': inf, 'PD_3,PD_4': inf}
  Computing metrics...
    RSI: {'PD_1,PD_2': 0.0, 'PD_1,PD_3': 0.0, 'PD_1,PD_4': 0.0, 'PD_2,PD_3': 0.0, 'PD_2,PD_4': 0.0, 'PD_3,PD_4': 1.0}, ASR: 1.0, TCB: {'PD_1': ['PD_3'], 'PD_2': ['PD_4'], 'PD_3': ['PD_4'], 'PD_4': ['PD_3']}, FR: {'PD_1,PD_2': inf, 'PD_1,PD_3': inf, 'PD_1,PD_4': inf, 'PD_2,PD_3': inf, 'PD_2,PD_4': inf, 'PD_3,PD_4': inf}
  Computing metrics...
    RSI: {'PD_1,PD_2': 0.0, 'PD_1,PD_3': 0.0, 'PD_1,PD_4': 0.0, 'PD_2,PD_3': 0.0, 'PD_2,PD_4': 0.0, 'PD_3,PD_4': 1.0}, ASR: 1.25, TCB: {'PD_1': ['PD_3'], 'PD_2': ['PD_4'], 'PD_3': ['PD_4'], 'PD_4': ['PD_3']}, FR: {'PD_1,PD_2': inf, 'PD_1,PD_3': inf, 'PD_1,PD_4': inf, 'PD_2,PD_3': inf, 'PD_2,PD_4': inf, 'PD_3,PD_4': inf}
  Computing metrics...
    RSI: {'PD_1,PD_2': 0.0, 'PD_1,PD_3': 0.0, 'PD_1,PD_4': 0.0, 'PD_2,PD_3': 0.0, 'PD_2,PD_4': 0.0, 'PD_3,PD_4': 1.0}, ASR: 1.0, TCB: {'PD_1': ['PD_3'], 'PD_2': ['PD_4'], 'PD_3': ['PD_4'], 'PD_4': ['PD_3']}, FR: {'PD_1,PD_2': inf, 'PD_1,PD_3': inf, 'PD_1,PD_4': inf, 'PD_2,PD_3': inf, 'PD_2,PD_4': inf, 'PD_3,PD_4': inf}
  Computing metrics...
    RSI: {'PD_1,PD_2': 0.0, 'PD_1,PD_3': 0.0, 'PD_1,PD_4': 0.0, 'PD_2,PD_3': 0.0, 'PD_2,PD_4': 0.0, 'PD_3,PD_4': 0.5}, ASR: 1.25, TCB: {'PD_1': ['PD_3'], 'PD_2': ['PD_4'], 'PD_3': ['PD_4'], 'PD_4': ['PD_3']}, FR: {'PD_1,PD_2': inf, 'PD_1,PD_3': inf, 'PD_1,PD_4': inf, 'PD_2,PD_3': inf, 'PD_2,PD_4': inf, 'PD_3,PD_4': inf}
  Computing metrics...
    RSI: {'PD_1,PD_2': 0.0, 'PD_1,PD_3': 0.0, 'PD_1,PD_4': 0.0, 'PD_2,PD_3': 0.0, 'PD_2,PD_4': 0.0, 'PD_3,PD_4': 1.0}, ASR: 1.0, TCB: {'PD_1': ['PD_3'], 'PD_2': ['PD_4'], 'PD_3': ['PD_4'], 'PD_4': ['PD_3']}, FR: {'PD_1,PD_2': inf, 'PD_1,PD_3': inf, 'PD_1,PD_4': inf, 'PD_2,PD_3': inf, 'PD_2,PD_4': inf, 'PD_3,PD_4': inf}
  Computing metrics...
    RSI: {'PD_1,PD_2': 0.0, 'PD_1,PD_3': 0.0, 'PD_1,PD_4': 0.0, 'PD_2,PD_3': 0.0, 'PD_2,PD_4': 0.0, 'PD_3,PD_4': 0.5}, ASR: 1.25, TCB: {'PD_1': ['PD_3'], 'PD_2': ['PD_4'], 'PD_3': ['PD_4'], 'PD_4': ['PD_3']}, FR: {'PD_1,PD_2': inf, 'PD_1,PD_3': inf, 'PD_1,PD_4': inf, 'PD_2,PD_3': inf, 'PD_2,PD_4': inf, 'PD_3,PD_4': inf}
  Computing metrics...
    RSI: {'PD_1,PD_2': 0.0, 'PD_1,PD_3': 0.0, 'PD_1,PD_4': 0.0, 'PD_2,PD_3': 0.0, 'PD_2,PD_4': 0.0, 'PD_3,PD_4': 1.0}, ASR: 1.0, TCB: {'PD_1': ['PD_3'], 'PD_2': ['PD_4'], 'PD_3': ['PD_4'], 'PD_4': ['PD_3']}, FR: {'PD_1,PD_2': inf, 'PD_1,PD_3': inf, 'PD_1,PD_4': inf, 'PD_2,PD_3': inf, 'PD_2,PD_4': inf, 'PD_3,PD_4': inf}
  Computing metrics...
    RSI: {'PD_1,PD_2': 0.0, 'PD_1,PD_3': 0.0, 'PD_1,PD_4': 0.0, 'PD_2,PD_3': 0.0, 'PD_2,PD_4': 0.0, 'PD_3,PD_4': 0.5}, ASR: 1.25, TCB: {'PD_1': ['PD_3'], 'PD_2': ['PD_4'], 'PD_3': ['PD_4'], 'PD_4': ['PD_3']}, FR: {'PD_1,PD_2': inf, 'PD_1,PD_3': inf, 'PD_1,PD_4': inf, 'PD_2,PD_3': inf, 'PD_2,PD_4': inf, 'PD_3,PD_4': inf}
  Computing metrics...
    RSI: {'PD_1,PD_2': 0.0, 'PD_1,PD_3': 0.0, 'PD_1,PD_4': 0.0, 'PD_2,PD_3': 0.0, 'PD_2,PD_4': 0.0, 'PD_3,PD_4': 1.0}, ASR: 1.0, TCB: {'PD_1': ['PD_3'], 'PD_2': ['PD_4'], 'PD_3': ['PD_4'], 'PD_4': ['PD_3']}, FR: {'PD_1,PD_2': inf, 'PD_1,PD_3': inf, 'PD_1,PD_4': inf, 'PD_2,PD_3': inf, 'PD_2,PD_4': inf, 'PD_3,PD_4': inf}
  Computing metrics...
    RSI: {'PD_1,PD_2': 0.0, 'PD_1,PD_3': 0.0, 'PD_1,PD_4': 0.0, 'PD_2,PD_3': 0.0, 'PD_2,PD_4': 0.0, 'PD_3,PD_4': 0.5}, ASR: 1.25, TCB: {'PD_1': ['PD_3'], 'PD_2': ['PD_4'], 'PD_3': ['PD_4'], 'PD_4': ['PD_3']}, FR: {'PD_1,PD_2': inf, 'PD_1,PD_3': inf, 'PD_1,PD_4': inf, 'PD_2,PD_3': inf, 'PD_2,PD_4': inf, 'PD_3,PD_4': inf}
  Computing metrics...
    RSI: {'PD_1,PD_2': 0.0, 'PD_1,PD_3': 0.0, 'PD_1,PD_4': 0.0, 'PD_2,PD_3': 0.0, 'PD_2,PD_4': 0.0, 'PD_3,PD_4': 1.0}, ASR: 1.0, TCB: {'PD_1': ['PD_3'], 'PD_2': ['PD_4'], 'PD_3': ['PD_4'], 'PD_4': ['PD_3']}, FR: {'PD_1,PD_2': inf, 'PD_1,PD_3': inf, 'PD_1,PD_4': inf, 'PD_2,PD_3': inf, 'PD_2,PD_4': inf, 'PD_3,PD_4': inf}
  Computing metrics...
    RSI: {'PD_1,PD_2': 0.0, 'PD_1,PD_3': 0.0, 'PD_1,PD_4': 0.0, 'PD_2,PD_3': 0.0, 'PD_2,PD_4': 0.0, 'PD_3,PD_4': 1.0}, ASR: 1.0, TCB: {'PD_1': ['PD_3'], 'PD_2': ['PD_4'], 'PD_3': ['PD_4'], 'PD_4': ['PD_3']}, FR: {'PD_1,PD_2': inf, 'PD_1,PD_3': inf, 'PD_1,PD_4': inf, 'PD_2,PD_3': inf, 'PD_2,PD_4': inf, 'PD_3,PD_4': inf}
    remove_hold_edge candidate: remove PD_3 -> FILE_1_1 HOLD edge -> score: 0.150
  Computing metrics...
    RSI: {'PD_1,PD_2': 0.0, 'PD_1,PD_3': 0.0, 'PD_1,PD_4': 0.0, 'PD_2,PD_3': 0.0, 'PD_2,PD_4': 0.0, 'PD_3,PD_4': 1.0}, ASR: 1.0, TCB: {'PD_1': ['PD_3'], 'PD_2': ['PD_4'], 'PD_3': ['PD_4'], 'PD_4': ['PD_3']}, FR: {'PD_1,PD_2': inf, 'PD_1,PD_3': inf, 'PD_1,PD_4': inf, 'PD_2,PD_3': inf, 'PD_2,PD_4': inf, 'PD_3,PD_4': inf}
  Computing metrics...
    RSI: {'PD_1,PD_2': 0.0, 'PD_1,PD_3': 0.0, 'PD_1,PD_4': 0.0, 'PD_2,PD_3': 0.0, 'PD_2,PD_4': 0.0, 'PD_3,PD_4': 1.0}, ASR: 1.0, TCB: {'PD_1': ['PD_3'], 'PD_2': ['PD_4'], 'PD_3': ['PD_4'], 'PD_4': ['PD_3']}, FR: {'PD_1,PD_2': inf, 'PD_1,PD_3': inf, 'PD_1,PD_4': inf, 'PD_2,PD_3': inf, 'PD_2,PD_4': inf, 'PD_3,PD_4': inf}
    remove_hold_edge candidate: remove PD_4 -> FILE_1_1 HOLD edge -> score: 0.150
  Computing metrics...
    RSI: {'PD_1,PD_2': 0.0, 'PD_1,PD_3': 0.0, 'PD_1,PD_4': 0.0, 'PD_2,PD_3': 0.0, 'PD_2,PD_4': 0.0, 'PD_3,PD_4': 1.0}, ASR: 1.0, TCB: {'PD_1': ['PD_3'], 'PD_2': ['PD_4'], 'PD_3': ['PD_4'], 'PD_4': ['PD_3']}, FR: {'PD_1,PD_2': inf, 'PD_1,PD_3': inf, 'PD_1,PD_4': inf, 'PD_2,PD_3': inf, 'PD_2,PD_4': inf, 'PD_3,PD_4': inf}
  Computing metrics...
    RSI: {'PD_1,PD_2': 0.0, 'PD_1,PD_3': 0.0, 'PD_1,PD_4': 0.0, 'PD_2,PD_3': 0.0, 'PD_2,PD_4': 0.0, 'PD_3,PD_4': 1.0}, ASR: 1.25, TCB: {'PD_1': ['PD_3', 'PD_2'], 'PD_2': ['PD_4'], 'PD_3': ['PD_4'], 'PD_4': ['PD_3']}, FR: {'PD_1,PD_2': 3, 'PD_1,PD_3': inf, 'PD_1,PD_4': inf, 'PD_2,PD_3': inf, 'PD_2,PD_4': inf, 'PD_3,PD_4': inf}
  Computing metrics...
    RSI: {'PD_1,PD_2': 0.0, 'PD_1,PD_3': 0.0, 'PD_1,PD_4': 0.0, 'PD_2,PD_3': 0.0, 'PD_2,PD_4': 0.0, 'PD_3,PD_4': 1.0}, ASR: 1.0, TCB: {'PD_1': ['PD_3'], 'PD_2': ['PD_4'], 'PD_3': ['PD_4'], 'PD_4': ['PD_3']}, FR: {'PD_1,PD_2': inf, 'PD_1,PD_3': inf, 'PD_1,PD_4': inf, 'PD_2,PD_3': inf, 'PD_2,PD_4': inf, 'PD_3,PD_4': inf}
  Computing metrics...
    RSI: {'PD_1,PD_2': 0.0, 'PD_1,PD_3': 0.0, 'PD_1,PD_4': 0.0, 'PD_2,PD_3': 0.0, 'PD_2,PD_4': 0.0, 'PD_3,PD_4': 1.0}, ASR: 1.25, TCB: {'PD_1': ['PD_3', 'PD_4'], 'PD_2': ['PD_4'], 'PD_3': ['PD_4'], 'PD_4': ['PD_3']}, FR: {'PD_1,PD_2': 2, 'PD_1,PD_3': inf, 'PD_1,PD_4': inf, 'PD_2,PD_3': inf, 'PD_2,PD_4': inf, 'PD_3,PD_4': inf}
  Computing metrics...
    RSI: {'PD_1,PD_2': 0.0, 'PD_1,PD_3': 0.0, 'PD_1,PD_4': 0.0, 'PD_2,PD_3': 0.0, 'PD_2,PD_4': 0.0, 'PD_3,PD_4': 1.0}, ASR: 1.0, TCB: {'PD_1': ['PD_3'], 'PD_2': ['PD_4'], 'PD_3': ['PD_4'], 'PD_4': ['PD_3']}, FR: {'PD_1,PD_2': inf, 'PD_1,PD_3': inf, 'PD_1,PD_4': inf, 'PD_2,PD_3': inf, 'PD_2,PD_4': inf, 'PD_3,PD_4': inf}
  Computing metrics...
    RSI: {'PD_1,PD_2': 0.0, 'PD_1,PD_3': 0.0, 'PD_1,PD_4': 0.0, 'PD_2,PD_3': 0.0, 'PD_2,PD_4': 0.0, 'PD_3,PD_4': 1.0}, ASR: 1.25, TCB: {'PD_1': ['PD_3'], 'PD_2': ['PD_4', 'PD_1'], 'PD_3': ['PD_4'], 'PD_4': ['PD_3']}, FR: {'PD_1,PD_2': 3, 'PD_1,PD_3': inf, 'PD_1,PD_4': inf, 'PD_2,PD_3': inf, 'PD_2,PD_4': inf, 'PD_3,PD_4': inf}
  Computing metrics...
    RSI: {'PD_1,PD_2': 0.0, 'PD_1,PD_3': 0.0, 'PD_1,PD_4': 0.0, 'PD_2,PD_3': 0.0, 'PD_2,PD_4': 0.0, 'PD_3,PD_4': 1.0}, ASR: 1.0, TCB: {'PD_1': ['PD_3'], 'PD_2': ['PD_4'], 'PD_3': ['PD_4'], 'PD_4': ['PD_3']}, FR: {'PD_1,PD_2': inf, 'PD_1,PD_3': inf, 'PD_1,PD_4': inf, 'PD_2,PD_3': inf, 'PD_2,PD_4': inf, 'PD_3,PD_4': inf}
  Computing metrics...
    RSI: {'PD_1,PD_2': 0.0, 'PD_1,PD_3': 0.0, 'PD_1,PD_4': 0.0, 'PD_2,PD_3': 0.0, 'PD_2,PD_4': 0.0, 'PD_3,PD_4': 1.0}, ASR: 1.25, TCB: {'PD_1': ['PD_3'], 'PD_2': ['PD_4', 'PD_3'], 'PD_3': ['PD_4'], 'PD_4': ['PD_3']}, FR: {'PD_1,PD_2': 2, 'PD_1,PD_3': inf, 'PD_1,PD_4': inf, 'PD_2,PD_3': inf, 'PD_2,PD_4': inf, 'PD_3,PD_4': inf}
  Computing metrics...
    RSI: {'PD_1,PD_2': 0.0, 'PD_1,PD_3': 0.0, 'PD_1,PD_4': 0.0, 'PD_2,PD_3': 0.0, 'PD_2,PD_4': 0.0, 'PD_3,PD_4': 1.0}, ASR: 1.0, TCB: {'PD_1': ['PD_3'], 'PD_2': ['PD_4'], 'PD_3': ['PD_4'], 'PD_4': ['PD_3']}, FR: {'PD_1,PD_2': inf, 'PD_1,PD_3': inf, 'PD_1,PD_4': inf, 'PD_2,PD_3': inf, 'PD_2,PD_4': inf, 'PD_3,PD_4': inf}
  Computing metrics...
    RSI: {'PD_1,PD_2': 0.0, 'PD_1,PD_3': 0.0, 'PD_1,PD_4': 0.0, 'PD_2,PD_3': 0.0, 'PD_2,PD_4': 0.0, 'PD_3,PD_4': 1.0}, ASR: 1.25, TCB: {'PD_1': ['PD_3'], 'PD_2': ['PD_4'], 'PD_3': ['PD_1', 'PD_4'], 'PD_4': ['PD_3']}, FR: {'PD_1,PD_2': inf, 'PD_1,PD_3': inf, 'PD_1,PD_4': inf, 'PD_2,PD_3': inf, 'PD_2,PD_4': inf, 'PD_3,PD_4': inf}
  Computing metrics...
    RSI: {'PD_1,PD_2': 0.0, 'PD_1,PD_3': 0.0, 'PD_1,PD_4': 0.0, 'PD_2,PD_3': 0.0, 'PD_2,PD_4': 0.0, 'PD_3,PD_4': 1.0}, ASR: 1.0, TCB: {'PD_1': ['PD_3'], 'PD_2': ['PD_4'], 'PD_3': ['PD_4'], 'PD_4': ['PD_3']}, FR: {'PD_1,PD_2': inf, 'PD_1,PD_3': inf, 'PD_1,PD_4': inf, 'PD_2,PD_3': inf, 'PD_2,PD_4': inf, 'PD_3,PD_4': inf}
  Computing metrics...
    RSI: {'PD_1,PD_2': 0.0, 'PD_1,PD_3': 0.0, 'PD_1,PD_4': 0.0, 'PD_2,PD_3': 0.0, 'PD_2,PD_4': 0.0, 'PD_3,PD_4': 1.0}, ASR: 1.25, TCB: {'PD_1': ['PD_3'], 'PD_2': ['PD_4'], 'PD_3': ['PD_2', 'PD_4'], 'PD_4': ['PD_3']}, FR: {'PD_1,PD_2': 4, 'PD_1,PD_3': 3, 'PD_1,PD_4': inf, 'PD_2,PD_3': 3, 'PD_2,PD_4': inf, 'PD_3,PD_4': inf}
  Computing metrics...
    RSI: {'PD_1,PD_2': 0.0, 'PD_1,PD_3': 0.0, 'PD_1,PD_4': 0.0, 'PD_2,PD_3': 0.0, 'PD_2,PD_4': 0.0, 'PD_3,PD_4': 1.0}, ASR: 1.0, TCB: {'PD_1': ['PD_3'], 'PD_2': ['PD_4'], 'PD_3': ['PD_4'], 'PD_4': ['PD_3']}, FR: {'PD_1,PD_2': inf, 'PD_1,PD_3': inf, 'PD_1,PD_4': inf, 'PD_2,PD_3': inf, 'PD_2,PD_4': inf, 'PD_3,PD_4': inf}
  Computing metrics...
    RSI: {'PD_1,PD_2': 0.0, 'PD_1,PD_3': 0.0, 'PD_1,PD_4': 0.0, 'PD_2,PD_3': 0.0, 'PD_2,PD_4': 0.0, 'PD_3,PD_4': 1.0}, ASR: 1.25, TCB: {'PD_1': ['PD_3'], 'PD_2': ['PD_4'], 'PD_3': ['PD_4'], 'PD_4': ['PD_3']}, FR: {'PD_1,PD_2': 3, 'PD_1,PD_3': 3, 'PD_1,PD_4': inf, 'PD_2,PD_3': 2, 'PD_2,PD_4': inf, 'PD_3,PD_4': inf}
  Computing metrics...
    RSI: {'PD_1,PD_2': 0.0, 'PD_1,PD_3': 0.0, 'PD_1,PD_4': 0.0, 'PD_2,PD_3': 0.0, 'PD_2,PD_4': 0.0, 'PD_3,PD_4': 1.0}, ASR: 1.0, TCB: {'PD_1': ['PD_3'], 'PD_2': ['PD_4'], 'PD_3': ['PD_4'], 'PD_4': ['PD_3']}, FR: {'PD_1,PD_2': inf, 'PD_1,PD_3': inf, 'PD_1,PD_4': inf, 'PD_2,PD_3': inf, 'PD_2,PD_4': inf, 'PD_3,PD_4': inf}
  Computing metrics...
    RSI: {'PD_1,PD_2': 0.0, 'PD_1,PD_3': 0.0, 'PD_1,PD_4': 0.0, 'PD_2,PD_3': 0.0, 'PD_2,PD_4': 0.0, 'PD_3,PD_4': 1.0}, ASR: 1.25, TCB: {'PD_1': ['PD_3'], 'PD_2': ['PD_4'], 'PD_3': ['PD_4'], 'PD_4': ['PD_1', 'PD_3']}, FR: {'PD_1,PD_2': 4, 'PD_1,PD_3': inf, 'PD_1,PD_4': 3, 'PD_2,PD_3': inf, 'PD_2,PD_4': 3, 'PD_3,PD_4': inf}
  Computing metrics...
    RSI: {'PD_1,PD_2': 0.0, 'PD_1,PD_3': 0.0, 'PD_1,PD_4': 0.0, 'PD_2,PD_3': 0.0, 'PD_2,PD_4': 0.0, 'PD_3,PD_4': 1.0}, ASR: 1.0, TCB: {'PD_1': ['PD_3'], 'PD_2': ['PD_4'], 'PD_3': ['PD_4'], 'PD_4': ['PD_3']}, FR: {'PD_1,PD_2': inf, 'PD_1,PD_3': inf, 'PD_1,PD_4': inf, 'PD_2,PD_3': inf, 'PD_2,PD_4': inf, 'PD_3,PD_4': inf}
  Computing metrics...
    RSI: {'PD_1,PD_2': 0.0, 'PD_1,PD_3': 0.0, 'PD_1,PD_4': 0.0, 'PD_2,PD_3': 0.0, 'PD_2,PD_4': 0.0, 'PD_3,PD_4': 1.0}, ASR: 1.25, TCB: {'PD_1': ['PD_3'], 'PD_2': ['PD_4'], 'PD_3': ['PD_4'], 'PD_4': ['PD_2', 'PD_3']}, FR: {'PD_1,PD_2': inf, 'PD_1,PD_3': inf, 'PD_1,PD_4': inf, 'PD_2,PD_3': inf, 'PD_2,PD_4': inf, 'PD_3,PD_4': inf}
  Computing metrics...
    RSI: {'PD_1,PD_2': 0.0, 'PD_1,PD_3': 0.0, 'PD_1,PD_4': 0.0, 'PD_2,PD_3': 0.0, 'PD_2,PD_4': 0.0, 'PD_3,PD_4': 1.0}, ASR: 1.0, TCB: {'PD_1': ['PD_3'], 'PD_2': ['PD_4'], 'PD_3': ['PD_4'], 'PD_4': ['PD_3']}, FR: {'PD_1,PD_2': inf, 'PD_1,PD_3': inf, 'PD_1,PD_4': inf, 'PD_2,PD_3': inf, 'PD_2,PD_4': inf, 'PD_3,PD_4': inf}
  Computing metrics...
    RSI: {'PD_1,PD_2': 0.0, 'PD_1,PD_3': 0.0, 'PD_1,PD_4': 0.0, 'PD_2,PD_3': 0.0, 'PD_2,PD_4': 0.0, 'PD_3,PD_4': 1.0}, ASR: 1.25, TCB: {'PD_1': ['PD_3'], 'PD_2': ['PD_4'], 'PD_3': ['PD_4'], 'PD_4': ['PD_3']}, FR: {'PD_1,PD_2': 3, 'PD_1,PD_3': inf, 'PD_1,PD_4': 2, 'PD_2,PD_3': inf, 'PD_2,PD_4': 3, 'PD_3,PD_4': inf}
  Computing metrics...
    RSI: {'PD_1,PD_2': 0.0, 'PD_1,PD_3': 0.0, 'PD_1,PD_4': 0.0, 'PD_2,PD_3': 0.0, 'PD_2,PD_4': 0.0, 'PD_3,PD_4': 1.0}, ASR: 1.0, TCB: {'PD_1': ['PD_3'], 'PD_2': ['PD_4'], 'PD_3': ['PD_4'], 'PD_4': ['PD_3']}, FR: {'PD_1,PD_2': inf, 'PD_1,PD_3': inf, 'PD_1,PD_4': inf, 'PD_2,PD_3': inf, 'PD_2,PD_4': inf, 'PD_3,PD_4': inf}
  Computing metrics...
    RSI: {'PD_1,PD_2': 0.0, 'PD_1,PD_3': 0.0, 'PD_1,PD_4': 0.0, 'PD_2,PD_3': 0.0, 'PD_2,PD_4': 0.0, 'PD_3,PD_4': 1.0}, ASR: 1.0, TCB: {'PD_1': ['PD_3'], 'PD_2': ['PD_4'], 'PD_3': ['PD_4'], 'PD_4': ['PD_3']}, FR: {'PD_1,PD_2': inf, 'PD_1,PD_3': inf, 'PD_1,PD_4': inf, 'PD_2,PD_3': inf, 'PD_2,PD_4': inf, 'PD_3,PD_4': inf}
  Computing metrics...
    RSI: {'PD_1,PD_2': 0.0, 'PD_1,PD_3': 0.0, 'PD_1,PD_4': 0.0, 'PD_2,PD_3': 0.0, 'PD_2,PD_4': 0.0, 'PD_3,PD_4': 1.0}, ASR: 1.0, TCB: {'PD_1': ['PD_3'], 'PD_2': ['PD_4'], 'PD_3': ['PD_4'], 'PD_4': ['PD_3']}, FR: {'PD_1,PD_2': inf, 'PD_1,PD_3': inf, 'PD_1,PD_4': inf, 'PD_2,PD_3': inf, 'PD_2,PD_4': inf, 'PD_3,PD_4': inf}
  Computing metrics...
    RSI: {'PD_1,PD_2': 0.0, 'PD_1,PD_3': 0.0, 'PD_1,PD_4': 0.0, 'PD_2,PD_3': 0.0, 'PD_2,PD_4': 0.0, 'PD_3,PD_4': 1.0}, ASR: 1.0, TCB: {'PD_1': ['PD_3'], 'PD_2': ['PD_4'], 'PD_3': ['PD_4'], 'PD_4': ['PD_3']}, FR: {'PD_1,PD_2': inf, 'PD_1,PD_3': inf, 'PD_1,PD_4': inf, 'PD_2,PD_3': inf, 'PD_2,PD_4': inf, 'PD_3,PD_4': inf}
  Computing metrics...
    RSI: {'PD_1,PD_2': 0.0, 'PD_1,PD_3': 0.0, 'PD_1,PD_4': 0.0, 'PD_2,PD_3': 0.0, 'PD_2,PD_4': 0.0, 'PD_3,PD_4': 1.0}, ASR: 1.0, TCB: {'PD_1': ['PD_3'], 'PD_2': ['PD_4'], 'PD_3': ['PD_4'], 'PD_4': ['PD_3']}, FR: {'PD_1,PD_2': inf, 'PD_1,PD_3': inf, 'PD_1,PD_4': inf, 'PD_2,PD_3': inf, 'PD_2,PD_4': inf, 'PD_3,PD_4': inf}
  Computing metrics...
    RSI: {'PD_1,PD_2': 0.0, 'PD_1,PD_3': 0.0, 'PD_1,PD_4': 0.0, 'PD_2,PD_3': 0.0, 'PD_2,PD_4': 0.0, 'PD_3,PD_4': 1.0}, ASR: 1.0, TCB: {'PD_1': ['PD_3'], 'PD_2': ['PD_4'], 'PD_3': ['PD_4'], 'PD_4': ['PD_3']}, FR: {'PD_1,PD_2': inf, 'PD_1,PD_3': inf, 'PD_1,PD_4': inf, 'PD_2,PD_3': inf, 'PD_2,PD_4': inf, 'PD_3,PD_4': inf}
  Computing metrics...
    RSI: {'PD_1,PD_2': 0.0, 'PD_1,PD_3': 0.0, 'PD_1,PD_4': 0.0, 'PD_2,PD_3': 0.0, 'PD_2,PD_4': 0.0, 'PD_3,PD_4': 1.0}, ASR: 1.0, TCB: {'PD_1': ['PD_3'], 'PD_2': ['PD_4'], 'PD_3': ['PD_4'], 'PD_4': ['PD_3']}, FR: {'PD_1,PD_2': inf, 'PD_1,PD_3': inf, 'PD_1,PD_4': inf, 'PD_2,PD_3': inf, 'PD_2,PD_4': inf, 'PD_3,PD_4': inf}
  Computing metrics...
    RSI: {'PD_1,PD_2': 0.0, 'PD_1,PD_3': 0.0, 'PD_1,PD_4': 0.0, 'PD_2,PD_3': 0.0, 'PD_2,PD_4': 0.0, 'PD_3,PD_4': 1.0}, ASR: 1.0, TCB: {'PD_1': ['PD_3'], 'PD_2': ['PD_4'], 'PD_3': ['PD_4'], 'PD_4': ['PD_3']}, FR: {'PD_1,PD_2': inf, 'PD_1,PD_3': inf, 'PD_1,PD_4': inf, 'PD_2,PD_3': inf, 'PD_2,PD_4': inf, 'PD_3,PD_4': inf}
  Computing metrics...
    RSI: {'PD_1,PD_2': 0.0, 'PD_1,PD_3': 0.0, 'PD_1,PD_4': 0.0, 'PD_2,PD_3': 0.0, 'PD_2,PD_4': 0.0, 'PD_3,PD_4': 1.0}, ASR: 1.0, TCB: {'PD_1': ['PD_3'], 'PD_2': ['PD_4'], 'PD_3': ['PD_4'], 'PD_4': ['PD_3']}, FR: {'PD_1,PD_2': inf, 'PD_1,PD_3': inf, 'PD_1,PD_4': inf, 'PD_2,PD_3': inf, 'PD_2,PD_4': inf, 'PD_3,PD_4': inf}
  Computing metrics...
    RSI: {'PD_1,PD_2': 0.0, 'PD_1,PD_3': 0.0, 'PD_1,PD_4': 0.0, 'PD_2,PD_3': 0.0, 'PD_2,PD_4': 0.0, 'PD_3,PD_4': 1.0}, ASR: 1.0, TCB: {'PD_1': ['PD_3'], 'PD_2': ['PD_4'], 'PD_3': ['PD_4'], 'PD_4': ['PD_3']}, FR: {'PD_1,PD_2': inf, 'PD_1,PD_3': inf, 'PD_1,PD_4': inf, 'PD_2,PD_3': inf, 'PD_2,PD_4': inf, 'PD_3,PD_4': inf}
  🚫 Filtered out 0 'add_file_resource(create new CONFIG file in FILE_SPACE_1)' candidates (avoiding repetition)
  Trying best transition: primitive
    Target: add new protection domain to help resolve 2 constraint violation(s)
    Predicted improvement: 0.100
    Considered 36 other option(s):
      1. primitive: create new CONFIG file in FILE_SPACE_1 (improvement: 0.700)
      2. primitive: create new DATABASE file in FILE_SPACE_1 (improvement: 0.700)
      3. primitive: create new TEMP file in FILE_SPACE_1 (improvement: 0.700)
      4. primitive: create new LOG file in FILE_SPACE_1 (improvement: 0.700)
      5. primitive: add authority relationship: PD_1 -> PD_2 (improvement: 0.250)
      6. primitive: enable indirect access: PD_1 -> PD_4 (improvement: 0.250)
      7. primitive: add authority relationship: PD_2 -> PD_1 (improvement: 0.250)
      8. primitive: enable indirect access: PD_2 -> PD_3 (improvement: 0.250)
      9. primitive: add authority relationship: PD_3 -> PD_1 (improvement: 0.250)
      10. primitive: add authority relationship: PD_3 -> PD_2 (improvement: 0.250)
      ... and 26 more
    ✅ Applied add_pd
  📋 Generated 37 candidate(s)
  Computing metrics...
    RSI: {'PD_1,PD_2': 0.0, 'PD_1,PD_3': 0.0, 'PD_1,PD_4': 0.0, 'PD_2,PD_3': 0.0, 'PD_2,PD_4': 0.0, 'PD_3,PD_4': 1.0}, ASR: 1.0, TCB: {'PD_1': ['PD_3'], 'PD_2': ['PD_4'], 'PD_3': ['PD_4'], 'PD_4': ['PD_3']}, FR: {'PD_1,PD_2': inf, 'PD_1,PD_3': inf, 'PD_1,PD_4': inf, 'PD_2,PD_3': inf, 'PD_2,PD_4': inf, 'PD_3,PD_4': inf}
    ✅ Added candidate: add_file_resource (score: 0.700)
  Computing metrics...
    RSI: {'PD_1,PD_2': 0.0, 'PD_1,PD_3': 0.0, 'PD_1,PD_4': 0.0, 'PD_2,PD_3': 0.0, 'PD_2,PD_4': 0.0, 'PD_3,PD_4': 1.0}, ASR: 1.0, TCB: {'PD_1': ['PD_3'], 'PD_2': ['PD_4'], 'PD_3': ['PD_4'], 'PD_4': ['PD_3']}, FR: {'PD_1,PD_2': inf, 'PD_1,PD_3': inf, 'PD_1,PD_4': inf, 'PD_2,PD_3': inf, 'PD_2,PD_4': inf, 'PD_3,PD_4': inf}
    ✅ Added candidate: add_file_resource (score: 0.700)

🌟 Expanding Beam[1] (score: 0.700)
  ⚠️  Constraints violated: PD_1 lacks access to any files; PD_2 lacks access to any files
  Computing metrics...
    RSI: {'PD_1,PD_2': 0.0, 'PD_1,PD_3': 0.0, 'PD_1,PD_4': 0.0, 'PD_2,PD_3': 0.0, 'PD_2,PD_4': 0.0, 'PD_3,PD_4': 1.0}, ASR: 1.0, TCB: {'PD_1': ['PD_3'], 'PD_2': ['PD_4'], 'PD_3': ['PD_4'], 'PD_4': ['PD_3']}, FR: {'PD_1,PD_2': inf, 'PD_1,PD_3': inf, 'PD_1,PD_4': inf, 'PD_2,PD_3': inf, 'PD_2,PD_4': inf, 'PD_3,PD_4': inf}
  Computing metrics...
    RSI: {'PD_1,PD_2': 0.0, 'PD_1,PD_3': 0.0, 'PD_1,PD_4': 0.0, 'PD_1,PD_5': 0.0, 'PD_2,PD_3': 0.0, 'PD_2,PD_4': 0.0, 'PD_2,PD_5': 0.0, 'PD_3,PD_4': 1.0, 'PD_3,PD_5': 0.0, 'PD_4,PD_5': 0.0}, ASR: 0.8, TCB: {'PD_1': ['PD_3'], 'PD_2': ['PD_4'], 'PD_3': ['PD_4'], 'PD_4': ['PD_3'], 'PD_5': []}, FR: {'PD_1,PD_2': inf, 'PD_1,PD_3': inf, 'PD_1,PD_4': inf, 'PD_1,PD_5': inf, 'PD_2,PD_3': inf, 'PD_2,PD_4': inf, 'PD_2,PD_5': inf, 'PD_3,PD_4': inf, 'PD_3,PD_5': inf, 'PD_4,PD_5': inf}
  Computing metrics...
    RSI: {'PD_1,PD_2': 0.0, 'PD_1,PD_3': 0.0, 'PD_1,PD_4': 0.0, 'PD_2,PD_3': 0.0, 'PD_2,PD_4': 0.0, 'PD_3,PD_4': 1.0}, ASR: 1.0, TCB: {'PD_1': ['PD_3'], 'PD_2': ['PD_4'], 'PD_3': ['PD_4'], 'PD_4': ['PD_3']}, FR: {'PD_1,PD_2': inf, 'PD_1,PD_3': inf, 'PD_1,PD_4': inf, 'PD_2,PD_3': inf, 'PD_2,PD_4': inf, 'PD_3,PD_4': inf}
  Computing metrics...
    RSI: {'PD_1,PD_2': 0.0, 'PD_1,PD_3': 0.0, 'PD_1,PD_4': 0.0, 'PD_2,PD_3': 0.0, 'PD_2,PD_4': 0.0, 'PD_3,PD_4': 1.0}, ASR: 1.0, TCB: {'PD_1': ['PD_3'], 'PD_2': ['PD_4'], 'PD_3': ['PD_4'], 'PD_4': ['PD_3']}, FR: {'PD_1,PD_2': inf, 'PD_1,PD_3': inf, 'PD_1,PD_4': inf, 'PD_2,PD_3': inf, 'PD_2,PD_4': inf, 'PD_3,PD_4': inf}
  Computing metrics...
    RSI: {'PD_1,PD_2': 0.0, 'PD_1,PD_3': 0.0, 'PD_1,PD_4': 0.0, 'PD_2,PD_3': 0.0, 'PD_2,PD_4': 0.0, 'PD_3,PD_4': 1.0}, ASR: 1.0, TCB: {'PD_1': ['PD_3'], 'PD_2': ['PD_4'], 'PD_3': ['PD_4'], 'PD_4': ['PD_3']}, FR: {'PD_1,PD_2': inf, 'PD_1,PD_3': inf, 'PD_1,PD_4': inf, 'PD_2,PD_3': inf, 'PD_2,PD_4': inf, 'PD_3,PD_4': inf}
  Computing metrics...
    RSI: {'PD_1,PD_2': 0.0, 'PD_1,PD_3': 0.0, 'PD_1,PD_4': 0.0, 'PD_2,PD_3': 0.0, 'PD_2,PD_4': 0.0, 'PD_3,PD_4': 1.0}, ASR: 1.0, TCB: {'PD_1': ['PD_3'], 'PD_2': ['PD_4'], 'PD_3': ['PD_4'], 'PD_4': ['PD_3']}, FR: {'PD_1,PD_2': inf, 'PD_1,PD_3': inf, 'PD_1,PD_4': inf, 'PD_2,PD_3': inf, 'PD_2,PD_4': inf, 'PD_3,PD_4': inf}
  Computing metrics...
    RSI: {'PD_1,PD_2': 0.0, 'PD_1,PD_3': 0.0, 'PD_1,PD_4': 0.0, 'PD_2,PD_3': 0.0, 'PD_2,PD_4': 0.0, 'PD_3,PD_4': 1.0}, ASR: 1.0, TCB: {'PD_1': ['PD_3'], 'PD_2': ['PD_4'], 'PD_3': ['PD_4'], 'PD_4': ['PD_3']}, FR: {'PD_1,PD_2': inf, 'PD_1,PD_3': inf, 'PD_1,PD_4': inf, 'PD_2,PD_3': inf, 'PD_2,PD_4': inf, 'PD_3,PD_4': inf}
  Computing metrics...
    RSI: {'PD_1,PD_2': 0.0, 'PD_1,PD_3': 0.0, 'PD_1,PD_4': 0.0, 'PD_2,PD_3': 0.0, 'PD_2,PD_4': 0.0, 'PD_3,PD_4': 1.0}, ASR: 1.0, TCB: {'PD_1': ['PD_3'], 'PD_2': ['PD_4'], 'PD_3': ['PD_4'], 'PD_4': ['PD_3']}, FR: {'PD_1,PD_2': inf, 'PD_1,PD_3': inf, 'PD_1,PD_4': inf, 'PD_2,PD_3': inf, 'PD_2,PD_4': inf, 'PD_3,PD_4': inf}
  Computing metrics...
    RSI: {'PD_1,PD_2': 0.0, 'PD_1,PD_3': 0.0, 'PD_1,PD_4': 0.0, 'PD_2,PD_3': 0.0, 'PD_2,PD_4': 0.0, 'PD_3,PD_4': 1.0}, ASR: 1.0, TCB: {'PD_1': ['PD_3'], 'PD_2': ['PD_4'], 'PD_3': ['PD_4'], 'PD_4': ['PD_3']}, FR: {'PD_1,PD_2': inf, 'PD_1,PD_3': inf, 'PD_1,PD_4': inf, 'PD_2,PD_3': inf, 'PD_2,PD_4': inf, 'PD_3,PD_4': inf}
  Computing metrics...
    RSI: {'PD_1,PD_2': 0.0, 'PD_1,PD_3': 0.0, 'PD_1,PD_4': 0.0, 'PD_2,PD_3': 0.0, 'PD_2,PD_4': 0.0, 'PD_3,PD_4': 1.0}, ASR: 1.0, TCB: {'PD_1': ['PD_3'], 'PD_2': ['PD_4'], 'PD_3': ['PD_4'], 'PD_4': ['PD_3']}, FR: {'PD_1,PD_2': inf, 'PD_1,PD_3': inf, 'PD_1,PD_4': inf, 'PD_2,PD_3': inf, 'PD_2,PD_4': inf, 'PD_3,PD_4': inf}
  Computing metrics...
    RSI: {'PD_1,PD_2': 0.0, 'PD_1,PD_3': 0.0, 'PD_1,PD_4': 0.0, 'PD_2,PD_3': 0.0, 'PD_2,PD_4': 0.0, 'PD_3,PD_4': 1.0}, ASR: 1.0, TCB: {'PD_1': ['PD_3'], 'PD_2': ['PD_4'], 'PD_3': ['PD_4'], 'PD_4': ['PD_3']}, FR: {'PD_1,PD_2': inf, 'PD_1,PD_3': inf, 'PD_1,PD_4': inf, 'PD_2,PD_3': inf, 'PD_2,PD_4': inf, 'PD_3,PD_4': inf}
  Computing metrics...
    RSI: {'PD_1,PD_2': 0.0, 'PD_1,PD_3': 0.0, 'PD_1,PD_4': 0.0, 'PD_2,PD_3': 0.0, 'PD_2,PD_4': 0.0, 'PD_3,PD_4': 1.0}, ASR: 1.0, TCB: {'PD_1': ['PD_3'], 'PD_2': ['PD_4'], 'PD_3': ['PD_4'], 'PD_4': ['PD_3']}, FR: {'PD_1,PD_2': inf, 'PD_1,PD_3': inf, 'PD_1,PD_4': inf, 'PD_2,PD_3': inf, 'PD_2,PD_4': inf, 'PD_3,PD_4': inf}
  Computing metrics...
    RSI: {'PD_1,PD_2': 0.0, 'PD_1,PD_3': 0.0, 'PD_1,PD_4': 0.0, 'PD_2,PD_3': 0.0, 'PD_2,PD_4': 0.0, 'PD_3,PD_4': 1.0}, ASR: 1.0, TCB: {'PD_1': ['PD_3'], 'PD_2': ['PD_4'], 'PD_3': ['PD_4'], 'PD_4': ['PD_3']}, FR: {'PD_1,PD_2': inf, 'PD_1,PD_3': inf, 'PD_1,PD_4': inf, 'PD_2,PD_3': inf, 'PD_2,PD_4': inf, 'PD_3,PD_4': inf}
  Computing metrics...
    RSI: {'PD_1,PD_2': 0.0, 'PD_1,PD_3': 0.0, 'PD_1,PD_4': 0.0, 'PD_2,PD_3': 0.0, 'PD_2,PD_4': 0.0, 'PD_3,PD_4': 1.0}, ASR: 1.0, TCB: {'PD_1': ['PD_3'], 'PD_2': ['PD_4'], 'PD_3': ['PD_4'], 'PD_4': ['PD_3']}, FR: {'PD_1,PD_2': inf, 'PD_1,PD_3': inf, 'PD_1,PD_4': inf, 'PD_2,PD_3': inf, 'PD_2,PD_4': inf, 'PD_3,PD_4': inf}
  Computing metrics...
    RSI: {'PD_1,PD_2': 0.0, 'PD_1,PD_3': 0.0, 'PD_1,PD_4': 0.0, 'PD_2,PD_3': 0.0, 'PD_2,PD_4': 0.0, 'PD_3,PD_4': 1.0}, ASR: 1.0, TCB: {'PD_1': ['PD_3'], 'PD_2': ['PD_4'], 'PD_3': ['PD_4'], 'PD_4': ['PD_3']}, FR: {'PD_1,PD_2': inf, 'PD_1,PD_3': inf, 'PD_1,PD_4': inf, 'PD_2,PD_3': inf, 'PD_2,PD_4': inf, 'PD_3,PD_4': inf}
  Computing metrics...
    RSI: {'PD_1,PD_2': 0.0, 'PD_1,PD_3': 0.0, 'PD_1,PD_4': 0.0, 'PD_2,PD_3': 0.0, 'PD_2,PD_4': 0.0, 'PD_3,PD_4': 1.0}, ASR: 1.0, TCB: {'PD_1': ['PD_3'], 'PD_2': ['PD_4'], 'PD_3': ['PD_4'], 'PD_4': ['PD_3']}, FR: {'PD_1,PD_2': inf, 'PD_1,PD_3': inf, 'PD_1,PD_4': inf, 'PD_2,PD_3': inf, 'PD_2,PD_4': inf, 'PD_3,PD_4': inf}
  Computing metrics...
    RSI: {'PD_1,PD_2': 0.0, 'PD_1,PD_3': 0.0, 'PD_1,PD_4': 0.0, 'PD_2,PD_3': 0.0, 'PD_2,PD_4': 0.0, 'PD_3,PD_4': 1.0}, ASR: 1.0, TCB: {'PD_1': ['PD_3'], 'PD_2': ['PD_4'], 'PD_3': ['PD_4'], 'PD_4': ['PD_3']}, FR: {'PD_1,PD_2': inf, 'PD_1,PD_3': inf, 'PD_1,PD_4': inf, 'PD_2,PD_3': inf, 'PD_2,PD_4': inf, 'PD_3,PD_4': inf}
  Computing metrics...
    RSI: {'PD_1,PD_2': 0.0, 'PD_1,PD_3': 0.0, 'PD_1,PD_4': 0.0, 'PD_2,PD_3': 0.0, 'PD_2,PD_4': 0.0, 'PD_3,PD_4': 1.0}, ASR: 1.0, TCB: {'PD_1': ['PD_3'], 'PD_2': ['PD_4'], 'PD_3': ['PD_4'], 'PD_4': ['PD_3']}, FR: {'PD_1,PD_2': inf, 'PD_1,PD_3': inf, 'PD_1,PD_4': inf, 'PD_2,PD_3': inf, 'PD_2,PD_4': inf, 'PD_3,PD_4': inf}
  Computing metrics...
    RSI: {'PD_1,PD_2': 0.0, 'PD_1,PD_3': 0.0, 'PD_1,PD_4': 0.0, 'PD_2,PD_3': 0.0, 'PD_2,PD_4': 0.0, 'PD_3,PD_4': 1.0}, ASR: 1.0, TCB: {'PD_1': ['PD_3'], 'PD_2': ['PD_4'], 'PD_3': ['PD_4'], 'PD_4': ['PD_3']}, FR: {'PD_1,PD_2': inf, 'PD_1,PD_3': inf, 'PD_1,PD_4': inf, 'PD_2,PD_3': inf, 'PD_2,PD_4': inf, 'PD_3,PD_4': inf}
  Computing metrics...
    RSI: {'PD_1,PD_2': 0.0, 'PD_1,PD_3': 0.0, 'PD_1,PD_4': 0.0, 'PD_2,PD_3': 0.0, 'PD_2,PD_4': 0.0, 'PD_3,PD_4': 1.0}, ASR: 1.0, TCB: {'PD_1': ['PD_3'], 'PD_2': ['PD_4'], 'PD_3': ['PD_4'], 'PD_4': ['PD_3']}, FR: {'PD_1,PD_2': inf, 'PD_1,PD_3': inf, 'PD_1,PD_4': inf, 'PD_2,PD_3': inf, 'PD_2,PD_4': inf, 'PD_3,PD_4': inf}
  Computing metrics...
    RSI: {'PD_1,PD_2': 0.0, 'PD_1,PD_3': 0.0, 'PD_1,PD_4': 0.0, 'PD_2,PD_3': 0.0, 'PD_2,PD_4': 0.0, 'PD_3,PD_4': 1.0}, ASR: 1.0, TCB: {'PD_1': ['PD_3'], 'PD_2': ['PD_4'], 'PD_3': ['PD_4'], 'PD_4': ['PD_3']}, FR: {'PD_1,PD_2': inf, 'PD_1,PD_3': inf, 'PD_1,PD_4': inf, 'PD_2,PD_3': inf, 'PD_2,PD_4': inf, 'PD_3,PD_4': inf}
  Computing metrics...
    RSI: {'PD_1,PD_2': 0.0, 'PD_1,PD_3': 1.0, 'PD_1,PD_4': 1.0, 'PD_2,PD_3': 0.0, 'PD_2,PD_4': 0.0, 'PD_3,PD_4': 1.0}, ASR: 1.25, TCB: {'PD_1': ['PD_3', 'PD_4'], 'PD_2': ['PD_4'], 'PD_3': ['PD_1', 'PD_4'], 'PD_4': ['PD_1', 'PD_3']}, FR: {'PD_1,PD_2': inf, 'PD_1,PD_3': inf, 'PD_1,PD_4': inf, 'PD_2,PD_3': inf, 'PD_2,PD_4': inf, 'PD_3,PD_4': inf}
  Computing metrics...
    RSI: {'PD_1,PD_2': 0.0, 'PD_1,PD_3': 0.0, 'PD_1,PD_4': 0.0, 'PD_2,PD_3': 0.0, 'PD_2,PD_4': 0.0, 'PD_3,PD_4': 1.0}, ASR: 1.0, TCB: {'PD_1': ['PD_3'], 'PD_2': ['PD_4'], 'PD_3': ['PD_4'], 'PD_4': ['PD_3']}, FR: {'PD_1,PD_2': inf, 'PD_1,PD_3': inf, 'PD_1,PD_4': inf, 'PD_2,PD_3': inf, 'PD_2,PD_4': inf, 'PD_3,PD_4': inf}
  Computing metrics...
    RSI: {'PD_1,PD_2': 0.0, 'PD_1,PD_3': 0.0, 'PD_1,PD_4': 0.0, 'PD_2,PD_3': 0.0, 'PD_2,PD_4': 0.0, 'PD_3,PD_4': 1.0}, ASR: 1.25, TCB: {'PD_1': ['PD_3'], 'PD_2': ['PD_4'], 'PD_3': ['PD_4'], 'PD_4': ['PD_3']}, FR: {'PD_1,PD_2': inf, 'PD_1,PD_3': inf, 'PD_1,PD_4': inf, 'PD_2,PD_3': inf, 'PD_2,PD_4': inf, 'PD_3,PD_4': inf}
  Computing metrics...
    RSI: {'PD_1,PD_2': 0.0, 'PD_1,PD_3': 0.0, 'PD_1,PD_4': 0.0, 'PD_2,PD_3': 0.0, 'PD_2,PD_4': 0.0, 'PD_3,PD_4': 1.0}, ASR: 1.0, TCB: {'PD_1': ['PD_3'], 'PD_2': ['PD_4'], 'PD_3': ['PD_4'], 'PD_4': ['PD_3']}, FR: {'PD_1,PD_2': inf, 'PD_1,PD_3': inf, 'PD_1,PD_4': inf, 'PD_2,PD_3': inf, 'PD_2,PD_4': inf, 'PD_3,PD_4': inf}
  Computing metrics...
    RSI: {'PD_1,PD_2': 0.0, 'PD_1,PD_3': 0.0, 'PD_1,PD_4': 0.0, 'PD_2,PD_3': 0.0, 'PD_2,PD_4': 0.0, 'PD_3,PD_4': 1.0}, ASR: 1.25, TCB: {'PD_1': ['PD_3'], 'PD_2': ['PD_4'], 'PD_3': ['PD_4'], 'PD_4': ['PD_3']}, FR: {'PD_1,PD_2': inf, 'PD_1,PD_3': inf, 'PD_1,PD_4': inf, 'PD_2,PD_3': inf, 'PD_2,PD_4': inf, 'PD_3,PD_4': inf}
  Computing metrics...
    RSI: {'PD_1,PD_2': 0.0, 'PD_1,PD_3': 0.0, 'PD_1,PD_4': 0.0, 'PD_2,PD_3': 0.0, 'PD_2,PD_4': 0.0, 'PD_3,PD_4': 1.0}, ASR: 1.0, TCB: {'PD_1': ['PD_3'], 'PD_2': ['PD_4'], 'PD_3': ['PD_4'], 'PD_4': ['PD_3']}, FR: {'PD_1,PD_2': inf, 'PD_1,PD_3': inf, 'PD_1,PD_4': inf, 'PD_2,PD_3': inf, 'PD_2,PD_4': inf, 'PD_3,PD_4': inf}
  Computing metrics...
    RSI: {'PD_1,PD_2': 0.0, 'PD_1,PD_3': 0.0, 'PD_1,PD_4': 0.0, 'PD_2,PD_3': 1.0, 'PD_2,PD_4': 1.0, 'PD_3,PD_4': 1.0}, ASR: 1.25, TCB: {'PD_1': ['PD_3'], 'PD_2': ['PD_4', 'PD_3'], 'PD_3': ['PD_2', 'PD_4'], 'PD_4': ['PD_2', 'PD_3']}, FR: {'PD_1,PD_2': inf, 'PD_1,PD_3': inf, 'PD_1,PD_4': inf, 'PD_2,PD_3': inf, 'PD_2,PD_4': inf, 'PD_3,PD_4': inf}
  Computing metrics...
    RSI: {'PD_1,PD_2': 0.0, 'PD_1,PD_3': 0.0, 'PD_1,PD_4': 0.0, 'PD_2,PD_3': 0.0, 'PD_2,PD_4': 0.0, 'PD_3,PD_4': 1.0}, ASR: 1.0, TCB: {'PD_1': ['PD_3'], 'PD_2': ['PD_4'], 'PD_3': ['PD_4'], 'PD_4': ['PD_3']}, FR: {'PD_1,PD_2': inf, 'PD_1,PD_3': inf, 'PD_1,PD_4': inf, 'PD_2,PD_3': inf, 'PD_2,PD_4': inf, 'PD_3,PD_4': inf}
  Computing metrics...
    RSI: {'PD_1,PD_2': 0.0, 'PD_1,PD_3': 0.0, 'PD_1,PD_4': 0.0, 'PD_2,PD_3': 0.0, 'PD_2,PD_4': 0.0, 'PD_3,PD_4': 1.0}, ASR: 1.25, TCB: {'PD_1': ['PD_3'], 'PD_2': ['PD_4'], 'PD_3': ['PD_4'], 'PD_4': ['PD_3']}, FR: {'PD_1,PD_2': inf, 'PD_1,PD_3': inf, 'PD_1,PD_4': inf, 'PD_2,PD_3': inf, 'PD_2,PD_4': inf, 'PD_3,PD_4': inf}
  Computing metrics...
    RSI: {'PD_1,PD_2': 0.0, 'PD_1,PD_3': 0.0, 'PD_1,PD_4': 0.0, 'PD_2,PD_3': 0.0, 'PD_2,PD_4': 0.0, 'PD_3,PD_4': 1.0}, ASR: 1.0, TCB: {'PD_1': ['PD_3'], 'PD_2': ['PD_4'], 'PD_3': ['PD_4'], 'PD_4': ['PD_3']}, FR: {'PD_1,PD_2': inf, 'PD_1,PD_3': inf, 'PD_1,PD_4': inf, 'PD_2,PD_3': inf, 'PD_2,PD_4': inf, 'PD_3,PD_4': inf}
  Computing metrics...
    RSI: {'PD_1,PD_2': 0.0, 'PD_1,PD_3': 0.0, 'PD_1,PD_4': 0.0, 'PD_2,PD_3': 0.0, 'PD_2,PD_4': 0.0, 'PD_3,PD_4': 1.0}, ASR: 1.25, TCB: {'PD_1': ['PD_3'], 'PD_2': ['PD_4'], 'PD_3': ['PD_4'], 'PD_4': ['PD_3']}, FR: {'PD_1,PD_2': inf, 'PD_1,PD_3': inf, 'PD_1,PD_4': inf, 'PD_2,PD_3': inf, 'PD_2,PD_4': inf, 'PD_3,PD_4': inf}
  Computing metrics...
    RSI: {'PD_1,PD_2': 0.0, 'PD_1,PD_3': 0.0, 'PD_1,PD_4': 0.0, 'PD_2,PD_3': 0.0, 'PD_2,PD_4': 0.0, 'PD_3,PD_4': 1.0}, ASR: 1.0, TCB: {'PD_1': ['PD_3'], 'PD_2': ['PD_4'], 'PD_3': ['PD_4'], 'PD_4': ['PD_3']}, FR: {'PD_1,PD_2': inf, 'PD_1,PD_3': inf, 'PD_1,PD_4': inf, 'PD_2,PD_3': inf, 'PD_2,PD_4': inf, 'PD_3,PD_4': inf}
  Computing metrics...
    RSI: {'PD_1,PD_2': 0.0, 'PD_1,PD_3': 0.0, 'PD_1,PD_4': 0.0, 'PD_2,PD_3': 0.0, 'PD_2,PD_4': 0.0, 'PD_3,PD_4': 0.5}, ASR: 1.25, TCB: {'PD_1': ['PD_3'], 'PD_2': ['PD_4'], 'PD_3': ['PD_4'], 'PD_4': ['PD_3']}, FR: {'PD_1,PD_2': inf, 'PD_1,PD_3': inf, 'PD_1,PD_4': inf, 'PD_2,PD_3': inf, 'PD_2,PD_4': inf, 'PD_3,PD_4': inf}
  Computing metrics...
    RSI: {'PD_1,PD_2': 0.0, 'PD_1,PD_3': 0.0, 'PD_1,PD_4': 0.0, 'PD_2,PD_3': 0.0, 'PD_2,PD_4': 0.0, 'PD_3,PD_4': 1.0}, ASR: 1.0, TCB: {'PD_1': ['PD_3'], 'PD_2': ['PD_4'], 'PD_3': ['PD_4'], 'PD_4': ['PD_3']}, FR: {'PD_1,PD_2': inf, 'PD_1,PD_3': inf, 'PD_1,PD_4': inf, 'PD_2,PD_3': inf, 'PD_2,PD_4': inf, 'PD_3,PD_4': inf}
  Computing metrics...
    RSI: {'PD_1,PD_2': 0.0, 'PD_1,PD_3': 0.0, 'PD_1,PD_4': 0.0, 'PD_2,PD_3': 0.0, 'PD_2,PD_4': 0.0, 'PD_3,PD_4': 0.5}, ASR: 1.25, TCB: {'PD_1': ['PD_3'], 'PD_2': ['PD_4'], 'PD_3': ['PD_4'], 'PD_4': ['PD_3']}, FR: {'PD_1,PD_2': inf, 'PD_1,PD_3': inf, 'PD_1,PD_4': inf, 'PD_2,PD_3': inf, 'PD_2,PD_4': inf, 'PD_3,PD_4': inf}
  Computing metrics...
    RSI: {'PD_1,PD_2': 0.0, 'PD_1,PD_3': 0.0, 'PD_1,PD_4': 0.0, 'PD_2,PD_3': 0.0, 'PD_2,PD_4': 0.0, 'PD_3,PD_4': 1.0}, ASR: 1.0, TCB: {'PD_1': ['PD_3'], 'PD_2': ['PD_4'], 'PD_3': ['PD_4'], 'PD_4': ['PD_3']}, FR: {'PD_1,PD_2': inf, 'PD_1,PD_3': inf, 'PD_1,PD_4': inf, 'PD_2,PD_3': inf, 'PD_2,PD_4': inf, 'PD_3,PD_4': inf}
  Computing metrics...
    RSI: {'PD_1,PD_2': 0.0, 'PD_1,PD_3': 0.0, 'PD_1,PD_4': 0.0, 'PD_2,PD_3': 0.0, 'PD_2,PD_4': 0.0, 'PD_3,PD_4': 0.5}, ASR: 1.25, TCB: {'PD_1': ['PD_3'], 'PD_2': ['PD_4'], 'PD_3': ['PD_4'], 'PD_4': ['PD_3']}, FR: {'PD_1,PD_2': inf, 'PD_1,PD_3': inf, 'PD_1,PD_4': inf, 'PD_2,PD_3': inf, 'PD_2,PD_4': inf, 'PD_3,PD_4': inf}
  Computing metrics...
    RSI: {'PD_1,PD_2': 0.0, 'PD_1,PD_3': 0.0, 'PD_1,PD_4': 0.0, 'PD_2,PD_3': 0.0, 'PD_2,PD_4': 0.0, 'PD_3,PD_4': 1.0}, ASR: 1.0, TCB: {'PD_1': ['PD_3'], 'PD_2': ['PD_4'], 'PD_3': ['PD_4'], 'PD_4': ['PD_3']}, FR: {'PD_1,PD_2': inf, 'PD_1,PD_3': inf, 'PD_1,PD_4': inf, 'PD_2,PD_3': inf, 'PD_2,PD_4': inf, 'PD_3,PD_4': inf}
  Computing metrics...
    RSI: {'PD_1,PD_2': 0.0, 'PD_1,PD_3': 0.0, 'PD_1,PD_4': 0.0, 'PD_2,PD_3': 0.0, 'PD_2,PD_4': 0.0, 'PD_3,PD_4': 0.5}, ASR: 1.25, TCB: {'PD_1': ['PD_3'], 'PD_2': ['PD_4'], 'PD_3': ['PD_4'], 'PD_4': ['PD_3']}, FR: {'PD_1,PD_2': inf, 'PD_1,PD_3': inf, 'PD_1,PD_4': inf, 'PD_2,PD_3': inf, 'PD_2,PD_4': inf, 'PD_3,PD_4': inf}
  Computing metrics...
    RSI: {'PD_1,PD_2': 0.0, 'PD_1,PD_3': 0.0, 'PD_1,PD_4': 0.0, 'PD_2,PD_3': 0.0, 'PD_2,PD_4': 0.0, 'PD_3,PD_4': 1.0}, ASR: 1.0, TCB: {'PD_1': ['PD_3'], 'PD_2': ['PD_4'], 'PD_3': ['PD_4'], 'PD_4': ['PD_3']}, FR: {'PD_1,PD_2': inf, 'PD_1,PD_3': inf, 'PD_1,PD_4': inf, 'PD_2,PD_3': inf, 'PD_2,PD_4': inf, 'PD_3,PD_4': inf}
  Computing metrics...
    RSI: {'PD_1,PD_2': 0.0, 'PD_1,PD_3': 0.0, 'PD_1,PD_4': 0.0, 'PD_2,PD_3': 0.0, 'PD_2,PD_4': 0.0, 'PD_3,PD_4': 1.0}, ASR: 1.0, TCB: {'PD_1': ['PD_3'], 'PD_2': ['PD_4'], 'PD_3': ['PD_4'], 'PD_4': ['PD_3']}, FR: {'PD_1,PD_2': inf, 'PD_1,PD_3': inf, 'PD_1,PD_4': inf, 'PD_2,PD_3': inf, 'PD_2,PD_4': inf, 'PD_3,PD_4': inf}
    remove_hold_edge candidate: remove PD_3 -> FILE_1_1 HOLD edge -> score: 0.150
  Computing metrics...
    RSI: {'PD_1,PD_2': 0.0, 'PD_1,PD_3': 0.0, 'PD_1,PD_4': 0.0, 'PD_2,PD_3': 0.0, 'PD_2,PD_4': 0.0, 'PD_3,PD_4': 1.0}, ASR: 1.0, TCB: {'PD_1': ['PD_3'], 'PD_2': ['PD_4'], 'PD_3': ['PD_4'], 'PD_4': ['PD_3']}, FR: {'PD_1,PD_2': inf, 'PD_1,PD_3': inf, 'PD_1,PD_4': inf, 'PD_2,PD_3': inf, 'PD_2,PD_4': inf, 'PD_3,PD_4': inf}
  Computing metrics...
    RSI: {'PD_1,PD_2': 0.0, 'PD_1,PD_3': 0.0, 'PD_1,PD_4': 0.0, 'PD_2,PD_3': 0.0, 'PD_2,PD_4': 0.0, 'PD_3,PD_4': 1.0}, ASR: 1.0, TCB: {'PD_1': ['PD_3'], 'PD_2': ['PD_4'], 'PD_3': ['PD_4'], 'PD_4': ['PD_3']}, FR: {'PD_1,PD_2': inf, 'PD_1,PD_3': inf, 'PD_1,PD_4': inf, 'PD_2,PD_3': inf, 'PD_2,PD_4': inf, 'PD_3,PD_4': inf}
    remove_hold_edge candidate: remove PD_4 -> FILE_1_1 HOLD edge -> score: 0.150
  Computing metrics...
    RSI: {'PD_1,PD_2': 0.0, 'PD_1,PD_3': 0.0, 'PD_1,PD_4': 0.0, 'PD_2,PD_3': 0.0, 'PD_2,PD_4': 0.0, 'PD_3,PD_4': 1.0}, ASR: 1.0, TCB: {'PD_1': ['PD_3'], 'PD_2': ['PD_4'], 'PD_3': ['PD_4'], 'PD_4': ['PD_3']}, FR: {'PD_1,PD_2': inf, 'PD_1,PD_3': inf, 'PD_1,PD_4': inf, 'PD_2,PD_3': inf, 'PD_2,PD_4': inf, 'PD_3,PD_4': inf}
  Computing metrics...
    RSI: {'PD_1,PD_2': 0.0, 'PD_1,PD_3': 0.0, 'PD_1,PD_4': 0.0, 'PD_2,PD_3': 0.0, 'PD_2,PD_4': 0.0, 'PD_3,PD_4': 1.0}, ASR: 1.25, TCB: {'PD_1': ['PD_3', 'PD_2'], 'PD_2': ['PD_4'], 'PD_3': ['PD_4'], 'PD_4': ['PD_3']}, FR: {'PD_1,PD_2': 3, 'PD_1,PD_3': inf, 'PD_1,PD_4': inf, 'PD_2,PD_3': inf, 'PD_2,PD_4': inf, 'PD_3,PD_4': inf}
  Computing metrics...
    RSI: {'PD_1,PD_2': 0.0, 'PD_1,PD_3': 0.0, 'PD_1,PD_4': 0.0, 'PD_2,PD_3': 0.0, 'PD_2,PD_4': 0.0, 'PD_3,PD_4': 1.0}, ASR: 1.0, TCB: {'PD_1': ['PD_3'], 'PD_2': ['PD_4'], 'PD_3': ['PD_4'], 'PD_4': ['PD_3']}, FR: {'PD_1,PD_2': inf, 'PD_1,PD_3': inf, 'PD_1,PD_4': inf, 'PD_2,PD_3': inf, 'PD_2,PD_4': inf, 'PD_3,PD_4': inf}
  Computing metrics...
    RSI: {'PD_1,PD_2': 0.0, 'PD_1,PD_3': 0.0, 'PD_1,PD_4': 0.0, 'PD_2,PD_3': 0.0, 'PD_2,PD_4': 0.0, 'PD_3,PD_4': 1.0}, ASR: 1.25, TCB: {'PD_1': ['PD_3', 'PD_4'], 'PD_2': ['PD_4'], 'PD_3': ['PD_4'], 'PD_4': ['PD_3']}, FR: {'PD_1,PD_2': 2, 'PD_1,PD_3': inf, 'PD_1,PD_4': inf, 'PD_2,PD_3': inf, 'PD_2,PD_4': inf, 'PD_3,PD_4': inf}
  Computing metrics...
    RSI: {'PD_1,PD_2': 0.0, 'PD_1,PD_3': 0.0, 'PD_1,PD_4': 0.0, 'PD_2,PD_3': 0.0, 'PD_2,PD_4': 0.0, 'PD_3,PD_4': 1.0}, ASR: 1.0, TCB: {'PD_1': ['PD_3'], 'PD_2': ['PD_4'], 'PD_3': ['PD_4'], 'PD_4': ['PD_3']}, FR: {'PD_1,PD_2': inf, 'PD_1,PD_3': inf, 'PD_1,PD_4': inf, 'PD_2,PD_3': inf, 'PD_2,PD_4': inf, 'PD_3,PD_4': inf}
  Computing metrics...
    RSI: {'PD_1,PD_2': 0.0, 'PD_1,PD_3': 0.0, 'PD_1,PD_4': 0.0, 'PD_2,PD_3': 0.0, 'PD_2,PD_4': 0.0, 'PD_3,PD_4': 1.0}, ASR: 1.25, TCB: {'PD_1': ['PD_3'], 'PD_2': ['PD_4', 'PD_1'], 'PD_3': ['PD_4'], 'PD_4': ['PD_3']}, FR: {'PD_1,PD_2': 3, 'PD_1,PD_3': inf, 'PD_1,PD_4': inf, 'PD_2,PD_3': inf, 'PD_2,PD_4': inf, 'PD_3,PD_4': inf}
  Computing metrics...
    RSI: {'PD_1,PD_2': 0.0, 'PD_1,PD_3': 0.0, 'PD_1,PD_4': 0.0, 'PD_2,PD_3': 0.0, 'PD_2,PD_4': 0.0, 'PD_3,PD_4': 1.0}, ASR: 1.0, TCB: {'PD_1': ['PD_3'], 'PD_2': ['PD_4'], 'PD_3': ['PD_4'], 'PD_4': ['PD_3']}, FR: {'PD_1,PD_2': inf, 'PD_1,PD_3': inf, 'PD_1,PD_4': inf, 'PD_2,PD_3': inf, 'PD_2,PD_4': inf, 'PD_3,PD_4': inf}
  Computing metrics...
    RSI: {'PD_1,PD_2': 0.0, 'PD_1,PD_3': 0.0, 'PD_1,PD_4': 0.0, 'PD_2,PD_3': 0.0, 'PD_2,PD_4': 0.0, 'PD_3,PD_4': 1.0}, ASR: 1.25, TCB: {'PD_1': ['PD_3'], 'PD_2': ['PD_4', 'PD_3'], 'PD_3': ['PD_4'], 'PD_4': ['PD_3']}, FR: {'PD_1,PD_2': 2, 'PD_1,PD_3': inf, 'PD_1,PD_4': inf, 'PD_2,PD_3': inf, 'PD_2,PD_4': inf, 'PD_3,PD_4': inf}
  Computing metrics...
    RSI: {'PD_1,PD_2': 0.0, 'PD_1,PD_3': 0.0, 'PD_1,PD_4': 0.0, 'PD_2,PD_3': 0.0, 'PD_2,PD_4': 0.0, 'PD_3,PD_4': 1.0}, ASR: 1.0, TCB: {'PD_1': ['PD_3'], 'PD_2': ['PD_4'], 'PD_3': ['PD_4'], 'PD_4': ['PD_3']}, FR: {'PD_1,PD_2': inf, 'PD_1,PD_3': inf, 'PD_1,PD_4': inf, 'PD_2,PD_3': inf, 'PD_2,PD_4': inf, 'PD_3,PD_4': inf}
  Computing metrics...
    RSI: {'PD_1,PD_2': 0.0, 'PD_1,PD_3': 0.0, 'PD_1,PD_4': 0.0, 'PD_2,PD_3': 0.0, 'PD_2,PD_4': 0.0, 'PD_3,PD_4': 1.0}, ASR: 1.25, TCB: {'PD_1': ['PD_3'], 'PD_2': ['PD_4'], 'PD_3': ['PD_1', 'PD_4'], 'PD_4': ['PD_3']}, FR: {'PD_1,PD_2': inf, 'PD_1,PD_3': inf, 'PD_1,PD_4': inf, 'PD_2,PD_3': inf, 'PD_2,PD_4': inf, 'PD_3,PD_4': inf}
  Computing metrics...
    RSI: {'PD_1,PD_2': 0.0, 'PD_1,PD_3': 0.0, 'PD_1,PD_4': 0.0, 'PD_2,PD_3': 0.0, 'PD_2,PD_4': 0.0, 'PD_3,PD_4': 1.0}, ASR: 1.0, TCB: {'PD_1': ['PD_3'], 'PD_2': ['PD_4'], 'PD_3': ['PD_4'], 'PD_4': ['PD_3']}, FR: {'PD_1,PD_2': inf, 'PD_1,PD_3': inf, 'PD_1,PD_4': inf, 'PD_2,PD_3': inf, 'PD_2,PD_4': inf, 'PD_3,PD_4': inf}
  Computing metrics...
    RSI: {'PD_1,PD_2': 0.0, 'PD_1,PD_3': 0.0, 'PD_1,PD_4': 0.0, 'PD_2,PD_3': 0.0, 'PD_2,PD_4': 0.0, 'PD_3,PD_4': 1.0}, ASR: 1.25, TCB: {'PD_1': ['PD_3'], 'PD_2': ['PD_4'], 'PD_3': ['PD_2', 'PD_4'], 'PD_4': ['PD_3']}, FR: {'PD_1,PD_2': 4, 'PD_1,PD_3': 3, 'PD_1,PD_4': inf, 'PD_2,PD_3': 3, 'PD_2,PD_4': inf, 'PD_3,PD_4': inf}
  Computing metrics...
    RSI: {'PD_1,PD_2': 0.0, 'PD_1,PD_3': 0.0, 'PD_1,PD_4': 0.0, 'PD_2,PD_3': 0.0, 'PD_2,PD_4': 0.0, 'PD_3,PD_4': 1.0}, ASR: 1.0, TCB: {'PD_1': ['PD_3'], 'PD_2': ['PD_4'], 'PD_3': ['PD_4'], 'PD_4': ['PD_3']}, FR: {'PD_1,PD_2': inf, 'PD_1,PD_3': inf, 'PD_1,PD_4': inf, 'PD_2,PD_3': inf, 'PD_2,PD_4': inf, 'PD_3,PD_4': inf}
  Computing metrics...
    RSI: {'PD_1,PD_2': 0.0, 'PD_1,PD_3': 0.0, 'PD_1,PD_4': 0.0, 'PD_2,PD_3': 0.0, 'PD_2,PD_4': 0.0, 'PD_3,PD_4': 1.0}, ASR: 1.25, TCB: {'PD_1': ['PD_3'], 'PD_2': ['PD_4'], 'PD_3': ['PD_4'], 'PD_4': ['PD_3']}, FR: {'PD_1,PD_2': 3, 'PD_1,PD_3': 3, 'PD_1,PD_4': inf, 'PD_2,PD_3': 2, 'PD_2,PD_4': inf, 'PD_3,PD_4': inf}
  Computing metrics...
    RSI: {'PD_1,PD_2': 0.0, 'PD_1,PD_3': 0.0, 'PD_1,PD_4': 0.0, 'PD_2,PD_3': 0.0, 'PD_2,PD_4': 0.0, 'PD_3,PD_4': 1.0}, ASR: 1.0, TCB: {'PD_1': ['PD_3'], 'PD_2': ['PD_4'], 'PD_3': ['PD_4'], 'PD_4': ['PD_3']}, FR: {'PD_1,PD_2': inf, 'PD_1,PD_3': inf, 'PD_1,PD_4': inf, 'PD_2,PD_3': inf, 'PD_2,PD_4': inf, 'PD_3,PD_4': inf}
  Computing metrics...
    RSI: {'PD_1,PD_2': 0.0, 'PD_1,PD_3': 0.0, 'PD_1,PD_4': 0.0, 'PD_2,PD_3': 0.0, 'PD_2,PD_4': 0.0, 'PD_3,PD_4': 1.0}, ASR: 1.25, TCB: {'PD_1': ['PD_3'], 'PD_2': ['PD_4'], 'PD_3': ['PD_4'], 'PD_4': ['PD_1', 'PD_3']}, FR: {'PD_1,PD_2': 4, 'PD_1,PD_3': inf, 'PD_1,PD_4': 3, 'PD_2,PD_3': inf, 'PD_2,PD_4': 3, 'PD_3,PD_4': inf}
  Computing metrics...
    RSI: {'PD_1,PD_2': 0.0, 'PD_1,PD_3': 0.0, 'PD_1,PD_4': 0.0, 'PD_2,PD_3': 0.0, 'PD_2,PD_4': 0.0, 'PD_3,PD_4': 1.0}, ASR: 1.0, TCB: {'PD_1': ['PD_3'], 'PD_2': ['PD_4'], 'PD_3': ['PD_4'], 'PD_4': ['PD_3']}, FR: {'PD_1,PD_2': inf, 'PD_1,PD_3': inf, 'PD_1,PD_4': inf, 'PD_2,PD_3': inf, 'PD_2,PD_4': inf, 'PD_3,PD_4': inf}
  Computing metrics...
    RSI: {'PD_1,PD_2': 0.0, 'PD_1,PD_3': 0.0, 'PD_1,PD_4': 0.0, 'PD_2,PD_3': 0.0, 'PD_2,PD_4': 0.0, 'PD_3,PD_4': 1.0}, ASR: 1.25, TCB: {'PD_1': ['PD_3'], 'PD_2': ['PD_4'], 'PD_3': ['PD_4'], 'PD_4': ['PD_2', 'PD_3']}, FR: {'PD_1,PD_2': inf, 'PD_1,PD_3': inf, 'PD_1,PD_4': inf, 'PD_2,PD_3': inf, 'PD_2,PD_4': inf, 'PD_3,PD_4': inf}
  Computing metrics...
    RSI: {'PD_1,PD_2': 0.0, 'PD_1,PD_3': 0.0, 'PD_1,PD_4': 0.0, 'PD_2,PD_3': 0.0, 'PD_2,PD_4': 0.0, 'PD_3,PD_4': 1.0}, ASR: 1.0, TCB: {'PD_1': ['PD_3'], 'PD_2': ['PD_4'], 'PD_3': ['PD_4'], 'PD_4': ['PD_3']}, FR: {'PD_1,PD_2': inf, 'PD_1,PD_3': inf, 'PD_1,PD_4': inf, 'PD_2,PD_3': inf, 'PD_2,PD_4': inf, 'PD_3,PD_4': inf}
  Computing metrics...
    RSI: {'PD_1,PD_2': 0.0, 'PD_1,PD_3': 0.0, 'PD_1,PD_4': 0.0, 'PD_2,PD_3': 0.0, 'PD_2,PD_4': 0.0, 'PD_3,PD_4': 1.0}, ASR: 1.25, TCB: {'PD_1': ['PD_3'], 'PD_2': ['PD_4'], 'PD_3': ['PD_4'], 'PD_4': ['PD_3']}, FR: {'PD_1,PD_2': 3, 'PD_1,PD_3': inf, 'PD_1,PD_4': 2, 'PD_2,PD_3': inf, 'PD_2,PD_4': 3, 'PD_3,PD_4': inf}
  Computing metrics...
    RSI: {'PD_1,PD_2': 0.0, 'PD_1,PD_3': 0.0, 'PD_1,PD_4': 0.0, 'PD_2,PD_3': 0.0, 'PD_2,PD_4': 0.0, 'PD_3,PD_4': 1.0}, ASR: 1.0, TCB: {'PD_1': ['PD_3'], 'PD_2': ['PD_4'], 'PD_3': ['PD_4'], 'PD_4': ['PD_3']}, FR: {'PD_1,PD_2': inf, 'PD_1,PD_3': inf, 'PD_1,PD_4': inf, 'PD_2,PD_3': inf, 'PD_2,PD_4': inf, 'PD_3,PD_4': inf}
  Computing metrics...
    RSI: {'PD_1,PD_2': 0.0, 'PD_1,PD_3': 0.0, 'PD_1,PD_4': 0.0, 'PD_2,PD_3': 0.0, 'PD_2,PD_4': 0.0, 'PD_3,PD_4': 1.0}, ASR: 1.0, TCB: {'PD_1': ['PD_3'], 'PD_2': ['PD_4'], 'PD_3': ['PD_4'], 'PD_4': ['PD_3']}, FR: {'PD_1,PD_2': inf, 'PD_1,PD_3': inf, 'PD_1,PD_4': inf, 'PD_2,PD_3': inf, 'PD_2,PD_4': inf, 'PD_3,PD_4': inf}
  Computing metrics...
    RSI: {'PD_1,PD_2': 0.0, 'PD_1,PD_3': 0.0, 'PD_1,PD_4': 0.0, 'PD_2,PD_3': 0.0, 'PD_2,PD_4': 0.0, 'PD_3,PD_4': 1.0}, ASR: 1.0, TCB: {'PD_1': ['PD_3'], 'PD_2': ['PD_4'], 'PD_3': ['PD_4'], 'PD_4': ['PD_3']}, FR: {'PD_1,PD_2': inf, 'PD_1,PD_3': inf, 'PD_1,PD_4': inf, 'PD_2,PD_3': inf, 'PD_2,PD_4': inf, 'PD_3,PD_4': inf}
  Computing metrics...
    RSI: {'PD_1,PD_2': 0.0, 'PD_1,PD_3': 0.0, 'PD_1,PD_4': 0.0, 'PD_2,PD_3': 0.0, 'PD_2,PD_4': 0.0, 'PD_3,PD_4': 1.0}, ASR: 1.0, TCB: {'PD_1': ['PD_3'], 'PD_2': ['PD_4'], 'PD_3': ['PD_4'], 'PD_4': ['PD_3']}, FR: {'PD_1,PD_2': inf, 'PD_1,PD_3': inf, 'PD_1,PD_4': inf, 'PD_2,PD_3': inf, 'PD_2,PD_4': inf, 'PD_3,PD_4': inf}
  Computing metrics...
    RSI: {'PD_1,PD_2': 0.0, 'PD_1,PD_3': 0.0, 'PD_1,PD_4': 0.0, 'PD_2,PD_3': 0.0, 'PD_2,PD_4': 0.0, 'PD_3,PD_4': 1.0}, ASR: 1.0, TCB: {'PD_1': ['PD_3'], 'PD_2': ['PD_4'], 'PD_3': ['PD_4'], 'PD_4': ['PD_3']}, FR: {'PD_1,PD_2': inf, 'PD_1,PD_3': inf, 'PD_1,PD_4': inf, 'PD_2,PD_3': inf, 'PD_2,PD_4': inf, 'PD_3,PD_4': inf}
  Computing metrics...
    RSI: {'PD_1,PD_2': 0.0, 'PD_1,PD_3': 0.0, 'PD_1,PD_4': 0.0, 'PD_2,PD_3': 0.0, 'PD_2,PD_4': 0.0, 'PD_3,PD_4': 1.0}, ASR: 1.0, TCB: {'PD_1': ['PD_3'], 'PD_2': ['PD_4'], 'PD_3': ['PD_4'], 'PD_4': ['PD_3']}, FR: {'PD_1,PD_2': inf, 'PD_1,PD_3': inf, 'PD_1,PD_4': inf, 'PD_2,PD_3': inf, 'PD_2,PD_4': inf, 'PD_3,PD_4': inf}
  Computing metrics...
    RSI: {'PD_1,PD_2': 0.0, 'PD_1,PD_3': 0.0, 'PD_1,PD_4': 0.0, 'PD_2,PD_3': 0.0, 'PD_2,PD_4': 0.0, 'PD_3,PD_4': 1.0}, ASR: 1.0, TCB: {'PD_1': ['PD_3'], 'PD_2': ['PD_4'], 'PD_3': ['PD_4'], 'PD_4': ['PD_3']}, FR: {'PD_1,PD_2': inf, 'PD_1,PD_3': inf, 'PD_1,PD_4': inf, 'PD_2,PD_3': inf, 'PD_2,PD_4': inf, 'PD_3,PD_4': inf}
  Computing metrics...
    RSI: {'PD_1,PD_2': 0.0, 'PD_1,PD_3': 0.0, 'PD_1,PD_4': 0.0, 'PD_2,PD_3': 0.0, 'PD_2,PD_4': 0.0, 'PD_3,PD_4': 1.0}, ASR: 1.0, TCB: {'PD_1': ['PD_3'], 'PD_2': ['PD_4'], 'PD_3': ['PD_4'], 'PD_4': ['PD_3']}, FR: {'PD_1,PD_2': inf, 'PD_1,PD_3': inf, 'PD_1,PD_4': inf, 'PD_2,PD_3': inf, 'PD_2,PD_4': inf, 'PD_3,PD_4': inf}
  Computing metrics...
    RSI: {'PD_1,PD_2': 0.0, 'PD_1,PD_3': 0.0, 'PD_1,PD_4': 0.0, 'PD_2,PD_3': 0.0, 'PD_2,PD_4': 0.0, 'PD_3,PD_4': 1.0}, ASR: 1.0, TCB: {'PD_1': ['PD_3'], 'PD_2': ['PD_4'], 'PD_3': ['PD_4'], 'PD_4': ['PD_3']}, FR: {'PD_1,PD_2': inf, 'PD_1,PD_3': inf, 'PD_1,PD_4': inf, 'PD_2,PD_3': inf, 'PD_2,PD_4': inf, 'PD_3,PD_4': inf}
  Computing metrics...
    RSI: {'PD_1,PD_2': 0.0, 'PD_1,PD_3': 0.0, 'PD_1,PD_4': 0.0, 'PD_2,PD_3': 0.0, 'PD_2,PD_4': 0.0, 'PD_3,PD_4': 1.0}, ASR: 1.0, TCB: {'PD_1': ['PD_3'], 'PD_2': ['PD_4'], 'PD_3': ['PD_4'], 'PD_4': ['PD_3']}, FR: {'PD_1,PD_2': inf, 'PD_1,PD_3': inf, 'PD_1,PD_4': inf, 'PD_2,PD_3': inf, 'PD_2,PD_4': inf, 'PD_3,PD_4': inf}
  🚫 Filtered out 0 'add_file_resource(create new DATABASE file in FILE_SPACE_1)' candidates (avoiding repetition)
  Trying best transition: primitive
    Target: add new protection domain to help resolve 2 constraint violation(s)
    Predicted improvement: 0.100
    Considered 36 other option(s):
      1. primitive: create new CONFIG file in FILE_SPACE_1 (improvement: 0.700)
      2. primitive: create new DATABASE file in FILE_SPACE_1 (improvement: 0.700)
      3. primitive: create new TEMP file in FILE_SPACE_1 (improvement: 0.700)
      4. primitive: create new LOG file in FILE_SPACE_1 (improvement: 0.700)
      5. primitive: add authority relationship: PD_1 -> PD_2 (improvement: 0.250)
      6. primitive: enable indirect access: PD_1 -> PD_4 (improvement: 0.250)
      7. primitive: add authority relationship: PD_2 -> PD_1 (improvement: 0.250)
      8. primitive: enable indirect access: PD_2 -> PD_3 (improvement: 0.250)
      9. primitive: add authority relationship: PD_3 -> PD_1 (improvement: 0.250)
      10. primitive: add authority relationship: PD_3 -> PD_2 (improvement: 0.250)
      ... and 26 more
    ✅ Applied add_pd
  📋 Generated 37 candidate(s)
  Computing metrics...
    RSI: {'PD_1,PD_2': 0.0, 'PD_1,PD_3': 0.0, 'PD_1,PD_4': 0.0, 'PD_2,PD_3': 0.0, 'PD_2,PD_4': 0.0, 'PD_3,PD_4': 1.0}, ASR: 1.0, TCB: {'PD_1': ['PD_3'], 'PD_2': ['PD_4'], 'PD_3': ['PD_4'], 'PD_4': ['PD_3']}, FR: {'PD_1,PD_2': inf, 'PD_1,PD_3': inf, 'PD_1,PD_4': inf, 'PD_2,PD_3': inf, 'PD_2,PD_4': inf, 'PD_3,PD_4': inf}
    ✅ Added candidate: add_file_resource (score: 0.700)
  Computing metrics...
    RSI: {'PD_1,PD_2': 0.0, 'PD_1,PD_3': 0.0, 'PD_1,PD_4': 0.0, 'PD_2,PD_3': 0.0, 'PD_2,PD_4': 0.0, 'PD_3,PD_4': 1.0}, ASR: 1.0, TCB: {'PD_1': ['PD_3'], 'PD_2': ['PD_4'], 'PD_3': ['PD_4'], 'PD_4': ['PD_3']}, FR: {'PD_1,PD_2': inf, 'PD_1,PD_3': inf, 'PD_1,PD_4': inf, 'PD_2,PD_3': inf, 'PD_2,PD_4': inf, 'PD_3,PD_4': inf}
    ✅ Added candidate: add_file_resource (score: 0.700)

🌟 Expanding Beam[2] (score: 0.700)
  ⚠️  Constraints violated: PD_1 lacks access to any files; PD_2 lacks access to any files
  Computing metrics...
    RSI: {'PD_1,PD_2': 0.0, 'PD_1,PD_3': 0.0, 'PD_1,PD_4': 0.0, 'PD_2,PD_3': 0.0, 'PD_2,PD_4': 0.0, 'PD_3,PD_4': 1.0}, ASR: 1.0, TCB: {'PD_1': ['PD_3'], 'PD_2': ['PD_4'], 'PD_3': ['PD_4'], 'PD_4': ['PD_3']}, FR: {'PD_1,PD_2': inf, 'PD_1,PD_3': inf, 'PD_1,PD_4': inf, 'PD_2,PD_3': inf, 'PD_2,PD_4': inf, 'PD_3,PD_4': inf}
  Computing metrics...
    RSI: {'PD_1,PD_2': 0.0, 'PD_1,PD_3': 0.0, 'PD_1,PD_4': 0.0, 'PD_1,PD_5': 0.0, 'PD_2,PD_3': 0.0, 'PD_2,PD_4': 0.0, 'PD_2,PD_5': 0.0, 'PD_3,PD_4': 1.0, 'PD_3,PD_5': 0.0, 'PD_4,PD_5': 0.0}, ASR: 0.8, TCB: {'PD_1': ['PD_3'], 'PD_2': ['PD_4'], 'PD_3': ['PD_4'], 'PD_4': ['PD_3'], 'PD_5': []}, FR: {'PD_1,PD_2': inf, 'PD_1,PD_3': inf, 'PD_1,PD_4': inf, 'PD_1,PD_5': inf, 'PD_2,PD_3': inf, 'PD_2,PD_4': inf, 'PD_2,PD_5': inf, 'PD_3,PD_4': inf, 'PD_3,PD_5': inf, 'PD_4,PD_5': inf}
  Computing metrics...
    RSI: {'PD_1,PD_2': 0.0, 'PD_1,PD_3': 0.0, 'PD_1,PD_4': 0.0, 'PD_2,PD_3': 0.0, 'PD_2,PD_4': 0.0, 'PD_3,PD_4': 1.0}, ASR: 1.0, TCB: {'PD_1': ['PD_3'], 'PD_2': ['PD_4'], 'PD_3': ['PD_4'], 'PD_4': ['PD_3']}, FR: {'PD_1,PD_2': inf, 'PD_1,PD_3': inf, 'PD_1,PD_4': inf, 'PD_2,PD_3': inf, 'PD_2,PD_4': inf, 'PD_3,PD_4': inf}
  Computing metrics...
    RSI: {'PD_1,PD_2': 0.0, 'PD_1,PD_3': 0.0, 'PD_1,PD_4': 0.0, 'PD_2,PD_3': 0.0, 'PD_2,PD_4': 0.0, 'PD_3,PD_4': 1.0}, ASR: 1.0, TCB: {'PD_1': ['PD_3'], 'PD_2': ['PD_4'], 'PD_3': ['PD_4'], 'PD_4': ['PD_3']}, FR: {'PD_1,PD_2': inf, 'PD_1,PD_3': inf, 'PD_1,PD_4': inf, 'PD_2,PD_3': inf, 'PD_2,PD_4': inf, 'PD_3,PD_4': inf}
  Computing metrics...
    RSI: {'PD_1,PD_2': 0.0, 'PD_1,PD_3': 0.0, 'PD_1,PD_4': 0.0, 'PD_2,PD_3': 0.0, 'PD_2,PD_4': 0.0, 'PD_3,PD_4': 1.0}, ASR: 1.0, TCB: {'PD_1': ['PD_3'], 'PD_2': ['PD_4'], 'PD_3': ['PD_4'], 'PD_4': ['PD_3']}, FR: {'PD_1,PD_2': inf, 'PD_1,PD_3': inf, 'PD_1,PD_4': inf, 'PD_2,PD_3': inf, 'PD_2,PD_4': inf, 'PD_3,PD_4': inf}
  Computing metrics...
    RSI: {'PD_1,PD_2': 0.0, 'PD_1,PD_3': 0.0, 'PD_1,PD_4': 0.0, 'PD_2,PD_3': 0.0, 'PD_2,PD_4': 0.0, 'PD_3,PD_4': 1.0}, ASR: 1.0, TCB: {'PD_1': ['PD_3'], 'PD_2': ['PD_4'], 'PD_3': ['PD_4'], 'PD_4': ['PD_3']}, FR: {'PD_1,PD_2': inf, 'PD_1,PD_3': inf, 'PD_1,PD_4': inf, 'PD_2,PD_3': inf, 'PD_2,PD_4': inf, 'PD_3,PD_4': inf}
  Computing metrics...
    RSI: {'PD_1,PD_2': 0.0, 'PD_1,PD_3': 0.0, 'PD_1,PD_4': 0.0, 'PD_2,PD_3': 0.0, 'PD_2,PD_4': 0.0, 'PD_3,PD_4': 1.0}, ASR: 1.0, TCB: {'PD_1': ['PD_3'], 'PD_2': ['PD_4'], 'PD_3': ['PD_4'], 'PD_4': ['PD_3']}, FR: {'PD_1,PD_2': inf, 'PD_1,PD_3': inf, 'PD_1,PD_4': inf, 'PD_2,PD_3': inf, 'PD_2,PD_4': inf, 'PD_3,PD_4': inf}
  Computing metrics...
    RSI: {'PD_1,PD_2': 0.0, 'PD_1,PD_3': 0.0, 'PD_1,PD_4': 0.0, 'PD_2,PD_3': 0.0, 'PD_2,PD_4': 0.0, 'PD_3,PD_4': 1.0}, ASR: 1.0, TCB: {'PD_1': ['PD_3'], 'PD_2': ['PD_4'], 'PD_3': ['PD_4'], 'PD_4': ['PD_3']}, FR: {'PD_1,PD_2': inf, 'PD_1,PD_3': inf, 'PD_1,PD_4': inf, 'PD_2,PD_3': inf, 'PD_2,PD_4': inf, 'PD_3,PD_4': inf}
  Computing metrics...
    RSI: {'PD_1,PD_2': 0.0, 'PD_1,PD_3': 0.0, 'PD_1,PD_4': 0.0, 'PD_2,PD_3': 0.0, 'PD_2,PD_4': 0.0, 'PD_3,PD_4': 1.0}, ASR: 1.0, TCB: {'PD_1': ['PD_3'], 'PD_2': ['PD_4'], 'PD_3': ['PD_4'], 'PD_4': ['PD_3']}, FR: {'PD_1,PD_2': inf, 'PD_1,PD_3': inf, 'PD_1,PD_4': inf, 'PD_2,PD_3': inf, 'PD_2,PD_4': inf, 'PD_3,PD_4': inf}
  Computing metrics...
    RSI: {'PD_1,PD_2': 0.0, 'PD_1,PD_3': 0.0, 'PD_1,PD_4': 0.0, 'PD_2,PD_3': 0.0, 'PD_2,PD_4': 0.0, 'PD_3,PD_4': 1.0}, ASR: 1.0, TCB: {'PD_1': ['PD_3'], 'PD_2': ['PD_4'], 'PD_3': ['PD_4'], 'PD_4': ['PD_3']}, FR: {'PD_1,PD_2': inf, 'PD_1,PD_3': inf, 'PD_1,PD_4': inf, 'PD_2,PD_3': inf, 'PD_2,PD_4': inf, 'PD_3,PD_4': inf}
  Computing metrics...
    RSI: {'PD_1,PD_2': 0.0, 'PD_1,PD_3': 0.0, 'PD_1,PD_4': 0.0, 'PD_2,PD_3': 0.0, 'PD_2,PD_4': 0.0, 'PD_3,PD_4': 1.0}, ASR: 1.0, TCB: {'PD_1': ['PD_3'], 'PD_2': ['PD_4'], 'PD_3': ['PD_4'], 'PD_4': ['PD_3']}, FR: {'PD_1,PD_2': inf, 'PD_1,PD_3': inf, 'PD_1,PD_4': inf, 'PD_2,PD_3': inf, 'PD_2,PD_4': inf, 'PD_3,PD_4': inf}
  Computing metrics...
    RSI: {'PD_1,PD_2': 0.0, 'PD_1,PD_3': 0.0, 'PD_1,PD_4': 0.0, 'PD_2,PD_3': 0.0, 'PD_2,PD_4': 0.0, 'PD_3,PD_4': 1.0}, ASR: 1.0, TCB: {'PD_1': ['PD_3'], 'PD_2': ['PD_4'], 'PD_3': ['PD_4'], 'PD_4': ['PD_3']}, FR: {'PD_1,PD_2': inf, 'PD_1,PD_3': inf, 'PD_1,PD_4': inf, 'PD_2,PD_3': inf, 'PD_2,PD_4': inf, 'PD_3,PD_4': inf}
  Computing metrics...
    RSI: {'PD_1,PD_2': 0.0, 'PD_1,PD_3': 0.0, 'PD_1,PD_4': 0.0, 'PD_2,PD_3': 0.0, 'PD_2,PD_4': 0.0, 'PD_3,PD_4': 1.0}, ASR: 1.0, TCB: {'PD_1': ['PD_3'], 'PD_2': ['PD_4'], 'PD_3': ['PD_4'], 'PD_4': ['PD_3']}, FR: {'PD_1,PD_2': inf, 'PD_1,PD_3': inf, 'PD_1,PD_4': inf, 'PD_2,PD_3': inf, 'PD_2,PD_4': inf, 'PD_3,PD_4': inf}
  Computing metrics...
    RSI: {'PD_1,PD_2': 0.0, 'PD_1,PD_3': 0.0, 'PD_1,PD_4': 0.0, 'PD_2,PD_3': 0.0, 'PD_2,PD_4': 0.0, 'PD_3,PD_4': 1.0}, ASR: 1.0, TCB: {'PD_1': ['PD_3'], 'PD_2': ['PD_4'], 'PD_3': ['PD_4'], 'PD_4': ['PD_3']}, FR: {'PD_1,PD_2': inf, 'PD_1,PD_3': inf, 'PD_1,PD_4': inf, 'PD_2,PD_3': inf, 'PD_2,PD_4': inf, 'PD_3,PD_4': inf}
  Computing metrics...
    RSI: {'PD_1,PD_2': 0.0, 'PD_1,PD_3': 0.0, 'PD_1,PD_4': 0.0, 'PD_2,PD_3': 0.0, 'PD_2,PD_4': 0.0, 'PD_3,PD_4': 1.0}, ASR: 1.0, TCB: {'PD_1': ['PD_3'], 'PD_2': ['PD_4'], 'PD_3': ['PD_4'], 'PD_4': ['PD_3']}, FR: {'PD_1,PD_2': inf, 'PD_1,PD_3': inf, 'PD_1,PD_4': inf, 'PD_2,PD_3': inf, 'PD_2,PD_4': inf, 'PD_3,PD_4': inf}
  Computing metrics...
    RSI: {'PD_1,PD_2': 0.0, 'PD_1,PD_3': 0.0, 'PD_1,PD_4': 0.0, 'PD_2,PD_3': 0.0, 'PD_2,PD_4': 0.0, 'PD_3,PD_4': 1.0}, ASR: 1.0, TCB: {'PD_1': ['PD_3'], 'PD_2': ['PD_4'], 'PD_3': ['PD_4'], 'PD_4': ['PD_3']}, FR: {'PD_1,PD_2': inf, 'PD_1,PD_3': inf, 'PD_1,PD_4': inf, 'PD_2,PD_3': inf, 'PD_2,PD_4': inf, 'PD_3,PD_4': inf}
  Computing metrics...
    RSI: {'PD_1,PD_2': 0.0, 'PD_1,PD_3': 0.0, 'PD_1,PD_4': 0.0, 'PD_2,PD_3': 0.0, 'PD_2,PD_4': 0.0, 'PD_3,PD_4': 1.0}, ASR: 1.0, TCB: {'PD_1': ['PD_3'], 'PD_2': ['PD_4'], 'PD_3': ['PD_4'], 'PD_4': ['PD_3']}, FR: {'PD_1,PD_2': inf, 'PD_1,PD_3': inf, 'PD_1,PD_4': inf, 'PD_2,PD_3': inf, 'PD_2,PD_4': inf, 'PD_3,PD_4': inf}
  Computing metrics...
    RSI: {'PD_1,PD_2': 0.0, 'PD_1,PD_3': 0.0, 'PD_1,PD_4': 0.0, 'PD_2,PD_3': 0.0, 'PD_2,PD_4': 0.0, 'PD_3,PD_4': 1.0}, ASR: 1.0, TCB: {'PD_1': ['PD_3'], 'PD_2': ['PD_4'], 'PD_3': ['PD_4'], 'PD_4': ['PD_3']}, FR: {'PD_1,PD_2': inf, 'PD_1,PD_3': inf, 'PD_1,PD_4': inf, 'PD_2,PD_3': inf, 'PD_2,PD_4': inf, 'PD_3,PD_4': inf}
  Computing metrics...
    RSI: {'PD_1,PD_2': 0.0, 'PD_1,PD_3': 0.0, 'PD_1,PD_4': 0.0, 'PD_2,PD_3': 0.0, 'PD_2,PD_4': 0.0, 'PD_3,PD_4': 1.0}, ASR: 1.0, TCB: {'PD_1': ['PD_3'], 'PD_2': ['PD_4'], 'PD_3': ['PD_4'], 'PD_4': ['PD_3']}, FR: {'PD_1,PD_2': inf, 'PD_1,PD_3': inf, 'PD_1,PD_4': inf, 'PD_2,PD_3': inf, 'PD_2,PD_4': inf, 'PD_3,PD_4': inf}
  Computing metrics...
    RSI: {'PD_1,PD_2': 0.0, 'PD_1,PD_3': 0.0, 'PD_1,PD_4': 0.0, 'PD_2,PD_3': 0.0, 'PD_2,PD_4': 0.0, 'PD_3,PD_4': 1.0}, ASR: 1.0, TCB: {'PD_1': ['PD_3'], 'PD_2': ['PD_4'], 'PD_3': ['PD_4'], 'PD_4': ['PD_3']}, FR: {'PD_1,PD_2': inf, 'PD_1,PD_3': inf, 'PD_1,PD_4': inf, 'PD_2,PD_3': inf, 'PD_2,PD_4': inf, 'PD_3,PD_4': inf}
  Computing metrics...
    RSI: {'PD_1,PD_2': 0.0, 'PD_1,PD_3': 0.0, 'PD_1,PD_4': 0.0, 'PD_2,PD_3': 0.0, 'PD_2,PD_4': 0.0, 'PD_3,PD_4': 1.0}, ASR: 1.0, TCB: {'PD_1': ['PD_3'], 'PD_2': ['PD_4'], 'PD_3': ['PD_4'], 'PD_4': ['PD_3']}, FR: {'PD_1,PD_2': inf, 'PD_1,PD_3': inf, 'PD_1,PD_4': inf, 'PD_2,PD_3': inf, 'PD_2,PD_4': inf, 'PD_3,PD_4': inf}
  Computing metrics...
    RSI: {'PD_1,PD_2': 0.0, 'PD_1,PD_3': 1.0, 'PD_1,PD_4': 1.0, 'PD_2,PD_3': 0.0, 'PD_2,PD_4': 0.0, 'PD_3,PD_4': 1.0}, ASR: 1.25, TCB: {'PD_1': ['PD_3', 'PD_4'], 'PD_2': ['PD_4'], 'PD_3': ['PD_1', 'PD_4'], 'PD_4': ['PD_1', 'PD_3']}, FR: {'PD_1,PD_2': inf, 'PD_1,PD_3': inf, 'PD_1,PD_4': inf, 'PD_2,PD_3': inf, 'PD_2,PD_4': inf, 'PD_3,PD_4': inf}
  Computing metrics...
    RSI: {'PD_1,PD_2': 0.0, 'PD_1,PD_3': 0.0, 'PD_1,PD_4': 0.0, 'PD_2,PD_3': 0.0, 'PD_2,PD_4': 0.0, 'PD_3,PD_4': 1.0}, ASR: 1.0, TCB: {'PD_1': ['PD_3'], 'PD_2': ['PD_4'], 'PD_3': ['PD_4'], 'PD_4': ['PD_3']}, FR: {'PD_1,PD_2': inf, 'PD_1,PD_3': inf, 'PD_1,PD_4': inf, 'PD_2,PD_3': inf, 'PD_2,PD_4': inf, 'PD_3,PD_4': inf}
  Computing metrics...
    RSI: {'PD_1,PD_2': 0.0, 'PD_1,PD_3': 0.0, 'PD_1,PD_4': 0.0, 'PD_2,PD_3': 0.0, 'PD_2,PD_4': 0.0, 'PD_3,PD_4': 1.0}, ASR: 1.25, TCB: {'PD_1': ['PD_3'], 'PD_2': ['PD_4'], 'PD_3': ['PD_4'], 'PD_4': ['PD_3']}, FR: {'PD_1,PD_2': inf, 'PD_1,PD_3': inf, 'PD_1,PD_4': inf, 'PD_2,PD_3': inf, 'PD_2,PD_4': inf, 'PD_3,PD_4': inf}
  Computing metrics...
    RSI: {'PD_1,PD_2': 0.0, 'PD_1,PD_3': 0.0, 'PD_1,PD_4': 0.0, 'PD_2,PD_3': 0.0, 'PD_2,PD_4': 0.0, 'PD_3,PD_4': 1.0}, ASR: 1.0, TCB: {'PD_1': ['PD_3'], 'PD_2': ['PD_4'], 'PD_3': ['PD_4'], 'PD_4': ['PD_3']}, FR: {'PD_1,PD_2': inf, 'PD_1,PD_3': inf, 'PD_1,PD_4': inf, 'PD_2,PD_3': inf, 'PD_2,PD_4': inf, 'PD_3,PD_4': inf}
  Computing metrics...
    RSI: {'PD_1,PD_2': 0.0, 'PD_1,PD_3': 0.0, 'PD_1,PD_4': 0.0, 'PD_2,PD_3': 0.0, 'PD_2,PD_4': 0.0, 'PD_3,PD_4': 1.0}, ASR: 1.25, TCB: {'PD_1': ['PD_3'], 'PD_2': ['PD_4'], 'PD_3': ['PD_4'], 'PD_4': ['PD_3']}, FR: {'PD_1,PD_2': inf, 'PD_1,PD_3': inf, 'PD_1,PD_4': inf, 'PD_2,PD_3': inf, 'PD_2,PD_4': inf, 'PD_3,PD_4': inf}
  Computing metrics...
    RSI: {'PD_1,PD_2': 0.0, 'PD_1,PD_3': 0.0, 'PD_1,PD_4': 0.0, 'PD_2,PD_3': 0.0, 'PD_2,PD_4': 0.0, 'PD_3,PD_4': 1.0}, ASR: 1.0, TCB: {'PD_1': ['PD_3'], 'PD_2': ['PD_4'], 'PD_3': ['PD_4'], 'PD_4': ['PD_3']}, FR: {'PD_1,PD_2': inf, 'PD_1,PD_3': inf, 'PD_1,PD_4': inf, 'PD_2,PD_3': inf, 'PD_2,PD_4': inf, 'PD_3,PD_4': inf}
  Computing metrics...
    RSI: {'PD_1,PD_2': 0.0, 'PD_1,PD_3': 0.0, 'PD_1,PD_4': 0.0, 'PD_2,PD_3': 1.0, 'PD_2,PD_4': 1.0, 'PD_3,PD_4': 1.0}, ASR: 1.25, TCB: {'PD_1': ['PD_3'], 'PD_2': ['PD_4', 'PD_3'], 'PD_3': ['PD_2', 'PD_4'], 'PD_4': ['PD_2', 'PD_3']}, FR: {'PD_1,PD_2': inf, 'PD_1,PD_3': inf, 'PD_1,PD_4': inf, 'PD_2,PD_3': inf, 'PD_2,PD_4': inf, 'PD_3,PD_4': inf}
  Computing metrics...
    RSI: {'PD_1,PD_2': 0.0, 'PD_1,PD_3': 0.0, 'PD_1,PD_4': 0.0, 'PD_2,PD_3': 0.0, 'PD_2,PD_4': 0.0, 'PD_3,PD_4': 1.0}, ASR: 1.0, TCB: {'PD_1': ['PD_3'], 'PD_2': ['PD_4'], 'PD_3': ['PD_4'], 'PD_4': ['PD_3']}, FR: {'PD_1,PD_2': inf, 'PD_1,PD_3': inf, 'PD_1,PD_4': inf, 'PD_2,PD_3': inf, 'PD_2,PD_4': inf, 'PD_3,PD_4': inf}
  Computing metrics...
    RSI: {'PD_1,PD_2': 0.0, 'PD_1,PD_3': 0.0, 'PD_1,PD_4': 0.0, 'PD_2,PD_3': 0.0, 'PD_2,PD_4': 0.0, 'PD_3,PD_4': 1.0}, ASR: 1.25, TCB: {'PD_1': ['PD_3'], 'PD_2': ['PD_4'], 'PD_3': ['PD_4'], 'PD_4': ['PD_3']}, FR: {'PD_1,PD_2': inf, 'PD_1,PD_3': inf, 'PD_1,PD_4': inf, 'PD_2,PD_3': inf, 'PD_2,PD_4': inf, 'PD_3,PD_4': inf}
  Computing metrics...
    RSI: {'PD_1,PD_2': 0.0, 'PD_1,PD_3': 0.0, 'PD_1,PD_4': 0.0, 'PD_2,PD_3': 0.0, 'PD_2,PD_4': 0.0, 'PD_3,PD_4': 1.0}, ASR: 1.0, TCB: {'PD_1': ['PD_3'], 'PD_2': ['PD_4'], 'PD_3': ['PD_4'], 'PD_4': ['PD_3']}, FR: {'PD_1,PD_2': inf, 'PD_1,PD_3': inf, 'PD_1,PD_4': inf, 'PD_2,PD_3': inf, 'PD_2,PD_4': inf, 'PD_3,PD_4': inf}
  Computing metrics...
    RSI: {'PD_1,PD_2': 0.0, 'PD_1,PD_3': 0.0, 'PD_1,PD_4': 0.0, 'PD_2,PD_3': 0.0, 'PD_2,PD_4': 0.0, 'PD_3,PD_4': 1.0}, ASR: 1.25, TCB: {'PD_1': ['PD_3'], 'PD_2': ['PD_4'], 'PD_3': ['PD_4'], 'PD_4': ['PD_3']}, FR: {'PD_1,PD_2': inf, 'PD_1,PD_3': inf, 'PD_1,PD_4': inf, 'PD_2,PD_3': inf, 'PD_2,PD_4': inf, 'PD_3,PD_4': inf}
  Computing metrics...
    RSI: {'PD_1,PD_2': 0.0, 'PD_1,PD_3': 0.0, 'PD_1,PD_4': 0.0, 'PD_2,PD_3': 0.0, 'PD_2,PD_4': 0.0, 'PD_3,PD_4': 1.0}, ASR: 1.0, TCB: {'PD_1': ['PD_3'], 'PD_2': ['PD_4'], 'PD_3': ['PD_4'], 'PD_4': ['PD_3']}, FR: {'PD_1,PD_2': inf, 'PD_1,PD_3': inf, 'PD_1,PD_4': inf, 'PD_2,PD_3': inf, 'PD_2,PD_4': inf, 'PD_3,PD_4': inf}
  Computing metrics...
    RSI: {'PD_1,PD_2': 0.0, 'PD_1,PD_3': 0.0, 'PD_1,PD_4': 0.0, 'PD_2,PD_3': 0.0, 'PD_2,PD_4': 0.0, 'PD_3,PD_4': 0.5}, ASR: 1.25, TCB: {'PD_1': ['PD_3'], 'PD_2': ['PD_4'], 'PD_3': ['PD_4'], 'PD_4': ['PD_3']}, FR: {'PD_1,PD_2': inf, 'PD_1,PD_3': inf, 'PD_1,PD_4': inf, 'PD_2,PD_3': inf, 'PD_2,PD_4': inf, 'PD_3,PD_4': inf}
  Computing metrics...
    RSI: {'PD_1,PD_2': 0.0, 'PD_1,PD_3': 0.0, 'PD_1,PD_4': 0.0, 'PD_2,PD_3': 0.0, 'PD_2,PD_4': 0.0, 'PD_3,PD_4': 1.0}, ASR: 1.0, TCB: {'PD_1': ['PD_3'], 'PD_2': ['PD_4'], 'PD_3': ['PD_4'], 'PD_4': ['PD_3']}, FR: {'PD_1,PD_2': inf, 'PD_1,PD_3': inf, 'PD_1,PD_4': inf, 'PD_2,PD_3': inf, 'PD_2,PD_4': inf, 'PD_3,PD_4': inf}
  Computing metrics...
    RSI: {'PD_1,PD_2': 0.0, 'PD_1,PD_3': 0.0, 'PD_1,PD_4': 0.0, 'PD_2,PD_3': 0.0, 'PD_2,PD_4': 0.0, 'PD_3,PD_4': 0.5}, ASR: 1.25, TCB: {'PD_1': ['PD_3'], 'PD_2': ['PD_4'], 'PD_3': ['PD_4'], 'PD_4': ['PD_3']}, FR: {'PD_1,PD_2': inf, 'PD_1,PD_3': inf, 'PD_1,PD_4': inf, 'PD_2,PD_3': inf, 'PD_2,PD_4': inf, 'PD_3,PD_4': inf}
  Computing metrics...
    RSI: {'PD_1,PD_2': 0.0, 'PD_1,PD_3': 0.0, 'PD_1,PD_4': 0.0, 'PD_2,PD_3': 0.0, 'PD_2,PD_4': 0.0, 'PD_3,PD_4': 1.0}, ASR: 1.0, TCB: {'PD_1': ['PD_3'], 'PD_2': ['PD_4'], 'PD_3': ['PD_4'], 'PD_4': ['PD_3']}, FR: {'PD_1,PD_2': inf, 'PD_1,PD_3': inf, 'PD_1,PD_4': inf, 'PD_2,PD_3': inf, 'PD_2,PD_4': inf, 'PD_3,PD_4': inf}
  Computing metrics...
    RSI: {'PD_1,PD_2': 0.0, 'PD_1,PD_3': 0.0, 'PD_1,PD_4': 0.0, 'PD_2,PD_3': 0.0, 'PD_2,PD_4': 0.0, 'PD_3,PD_4': 0.5}, ASR: 1.25, TCB: {'PD_1': ['PD_3'], 'PD_2': ['PD_4'], 'PD_3': ['PD_4'], 'PD_4': ['PD_3']}, FR: {'PD_1,PD_2': inf, 'PD_1,PD_3': inf, 'PD_1,PD_4': inf, 'PD_2,PD_3': inf, 'PD_2,PD_4': inf, 'PD_3,PD_4': inf}
  Computing metrics...
    RSI: {'PD_1,PD_2': 0.0, 'PD_1,PD_3': 0.0, 'PD_1,PD_4': 0.0, 'PD_2,PD_3': 0.0, 'PD_2,PD_4': 0.0, 'PD_3,PD_4': 1.0}, ASR: 1.0, TCB: {'PD_1': ['PD_3'], 'PD_2': ['PD_4'], 'PD_3': ['PD_4'], 'PD_4': ['PD_3']}, FR: {'PD_1,PD_2': inf, 'PD_1,PD_3': inf, 'PD_1,PD_4': inf, 'PD_2,PD_3': inf, 'PD_2,PD_4': inf, 'PD_3,PD_4': inf}
  Computing metrics...
    RSI: {'PD_1,PD_2': 0.0, 'PD_1,PD_3': 0.0, 'PD_1,PD_4': 0.0, 'PD_2,PD_3': 0.0, 'PD_2,PD_4': 0.0, 'PD_3,PD_4': 0.5}, ASR: 1.25, TCB: {'PD_1': ['PD_3'], 'PD_2': ['PD_4'], 'PD_3': ['PD_4'], 'PD_4': ['PD_3']}, FR: {'PD_1,PD_2': inf, 'PD_1,PD_3': inf, 'PD_1,PD_4': inf, 'PD_2,PD_3': inf, 'PD_2,PD_4': inf, 'PD_3,PD_4': inf}
  Computing metrics...
    RSI: {'PD_1,PD_2': 0.0, 'PD_1,PD_3': 0.0, 'PD_1,PD_4': 0.0, 'PD_2,PD_3': 0.0, 'PD_2,PD_4': 0.0, 'PD_3,PD_4': 1.0}, ASR: 1.0, TCB: {'PD_1': ['PD_3'], 'PD_2': ['PD_4'], 'PD_3': ['PD_4'], 'PD_4': ['PD_3']}, FR: {'PD_1,PD_2': inf, 'PD_1,PD_3': inf, 'PD_1,PD_4': inf, 'PD_2,PD_3': inf, 'PD_2,PD_4': inf, 'PD_3,PD_4': inf}
  Computing metrics...
    RSI: {'PD_1,PD_2': 0.0, 'PD_1,PD_3': 0.0, 'PD_1,PD_4': 0.0, 'PD_2,PD_3': 0.0, 'PD_2,PD_4': 0.0, 'PD_3,PD_4': 1.0}, ASR: 1.0, TCB: {'PD_1': ['PD_3'], 'PD_2': ['PD_4'], 'PD_3': ['PD_4'], 'PD_4': ['PD_3']}, FR: {'PD_1,PD_2': inf, 'PD_1,PD_3': inf, 'PD_1,PD_4': inf, 'PD_2,PD_3': inf, 'PD_2,PD_4': inf, 'PD_3,PD_4': inf}
    remove_hold_edge candidate: remove PD_3 -> FILE_1_1 HOLD edge -> score: 0.150
  Computing metrics...
    RSI: {'PD_1,PD_2': 0.0, 'PD_1,PD_3': 0.0, 'PD_1,PD_4': 0.0, 'PD_2,PD_3': 0.0, 'PD_2,PD_4': 0.0, 'PD_3,PD_4': 1.0}, ASR: 1.0, TCB: {'PD_1': ['PD_3'], 'PD_2': ['PD_4'], 'PD_3': ['PD_4'], 'PD_4': ['PD_3']}, FR: {'PD_1,PD_2': inf, 'PD_1,PD_3': inf, 'PD_1,PD_4': inf, 'PD_2,PD_3': inf, 'PD_2,PD_4': inf, 'PD_3,PD_4': inf}
  Computing metrics...
    RSI: {'PD_1,PD_2': 0.0, 'PD_1,PD_3': 0.0, 'PD_1,PD_4': 0.0, 'PD_2,PD_3': 0.0, 'PD_2,PD_4': 0.0, 'PD_3,PD_4': 1.0}, ASR: 1.0, TCB: {'PD_1': ['PD_3'], 'PD_2': ['PD_4'], 'PD_3': ['PD_4'], 'PD_4': ['PD_3']}, FR: {'PD_1,PD_2': inf, 'PD_1,PD_3': inf, 'PD_1,PD_4': inf, 'PD_2,PD_3': inf, 'PD_2,PD_4': inf, 'PD_3,PD_4': inf}
    remove_hold_edge candidate: remove PD_4 -> FILE_1_1 HOLD edge -> score: 0.150
  Computing metrics...
    RSI: {'PD_1,PD_2': 0.0, 'PD_1,PD_3': 0.0, 'PD_1,PD_4': 0.0, 'PD_2,PD_3': 0.0, 'PD_2,PD_4': 0.0, 'PD_3,PD_4': 1.0}, ASR: 1.0, TCB: {'PD_1': ['PD_3'], 'PD_2': ['PD_4'], 'PD_3': ['PD_4'], 'PD_4': ['PD_3']}, FR: {'PD_1,PD_2': inf, 'PD_1,PD_3': inf, 'PD_1,PD_4': inf, 'PD_2,PD_3': inf, 'PD_2,PD_4': inf, 'PD_3,PD_4': inf}
  Computing metrics...
    RSI: {'PD_1,PD_2': 0.0, 'PD_1,PD_3': 0.0, 'PD_1,PD_4': 0.0, 'PD_2,PD_3': 0.0, 'PD_2,PD_4': 0.0, 'PD_3,PD_4': 1.0}, ASR: 1.25, TCB: {'PD_1': ['PD_3', 'PD_2'], 'PD_2': ['PD_4'], 'PD_3': ['PD_4'], 'PD_4': ['PD_3']}, FR: {'PD_1,PD_2': 3, 'PD_1,PD_3': inf, 'PD_1,PD_4': inf, 'PD_2,PD_3': inf, 'PD_2,PD_4': inf, 'PD_3,PD_4': inf}
  Computing metrics...
    RSI: {'PD_1,PD_2': 0.0, 'PD_1,PD_3': 0.0, 'PD_1,PD_4': 0.0, 'PD_2,PD_3': 0.0, 'PD_2,PD_4': 0.0, 'PD_3,PD_4': 1.0}, ASR: 1.0, TCB: {'PD_1': ['PD_3'], 'PD_2': ['PD_4'], 'PD_3': ['PD_4'], 'PD_4': ['PD_3']}, FR: {'PD_1,PD_2': inf, 'PD_1,PD_3': inf, 'PD_1,PD_4': inf, 'PD_2,PD_3': inf, 'PD_2,PD_4': inf, 'PD_3,PD_4': inf}
  Computing metrics...
    RSI: {'PD_1,PD_2': 0.0, 'PD_1,PD_3': 0.0, 'PD_1,PD_4': 0.0, 'PD_2,PD_3': 0.0, 'PD_2,PD_4': 0.0, 'PD_3,PD_4': 1.0}, ASR: 1.25, TCB: {'PD_1': ['PD_3', 'PD_4'], 'PD_2': ['PD_4'], 'PD_3': ['PD_4'], 'PD_4': ['PD_3']}, FR: {'PD_1,PD_2': 2, 'PD_1,PD_3': inf, 'PD_1,PD_4': inf, 'PD_2,PD_3': inf, 'PD_2,PD_4': inf, 'PD_3,PD_4': inf}
  Computing metrics...
    RSI: {'PD_1,PD_2': 0.0, 'PD_1,PD_3': 0.0, 'PD_1,PD_4': 0.0, 'PD_2,PD_3': 0.0, 'PD_2,PD_4': 0.0, 'PD_3,PD_4': 1.0}, ASR: 1.0, TCB: {'PD_1': ['PD_3'], 'PD_2': ['PD_4'], 'PD_3': ['PD_4'], 'PD_4': ['PD_3']}, FR: {'PD_1,PD_2': inf, 'PD_1,PD_3': inf, 'PD_1,PD_4': inf, 'PD_2,PD_3': inf, 'PD_2,PD_4': inf, 'PD_3,PD_4': inf}
  Computing metrics...
    RSI: {'PD_1,PD_2': 0.0, 'PD_1,PD_3': 0.0, 'PD_1,PD_4': 0.0, 'PD_2,PD_3': 0.0, 'PD_2,PD_4': 0.0, 'PD_3,PD_4': 1.0}, ASR: 1.25, TCB: {'PD_1': ['PD_3'], 'PD_2': ['PD_4', 'PD_1'], 'PD_3': ['PD_4'], 'PD_4': ['PD_3']}, FR: {'PD_1,PD_2': 3, 'PD_1,PD_3': inf, 'PD_1,PD_4': inf, 'PD_2,PD_3': inf, 'PD_2,PD_4': inf, 'PD_3,PD_4': inf}
  Computing metrics...
    RSI: {'PD_1,PD_2': 0.0, 'PD_1,PD_3': 0.0, 'PD_1,PD_4': 0.0, 'PD_2,PD_3': 0.0, 'PD_2,PD_4': 0.0, 'PD_3,PD_4': 1.0}, ASR: 1.0, TCB: {'PD_1': ['PD_3'], 'PD_2': ['PD_4'], 'PD_3': ['PD_4'], 'PD_4': ['PD_3']}, FR: {'PD_1,PD_2': inf, 'PD_1,PD_3': inf, 'PD_1,PD_4': inf, 'PD_2,PD_3': inf, 'PD_2,PD_4': inf, 'PD_3,PD_4': inf}
  Computing metrics...
    RSI: {'PD_1,PD_2': 0.0, 'PD_1,PD_3': 0.0, 'PD_1,PD_4': 0.0, 'PD_2,PD_3': 0.0, 'PD_2,PD_4': 0.0, 'PD_3,PD_4': 1.0}, ASR: 1.25, TCB: {'PD_1': ['PD_3'], 'PD_2': ['PD_4', 'PD_3'], 'PD_3': ['PD_4'], 'PD_4': ['PD_3']}, FR: {'PD_1,PD_2': 2, 'PD_1,PD_3': inf, 'PD_1,PD_4': inf, 'PD_2,PD_3': inf, 'PD_2,PD_4': inf, 'PD_3,PD_4': inf}
  Computing metrics...
    RSI: {'PD_1,PD_2': 0.0, 'PD_1,PD_3': 0.0, 'PD_1,PD_4': 0.0, 'PD_2,PD_3': 0.0, 'PD_2,PD_4': 0.0, 'PD_3,PD_4': 1.0}, ASR: 1.0, TCB: {'PD_1': ['PD_3'], 'PD_2': ['PD_4'], 'PD_3': ['PD_4'], 'PD_4': ['PD_3']}, FR: {'PD_1,PD_2': inf, 'PD_1,PD_3': inf, 'PD_1,PD_4': inf, 'PD_2,PD_3': inf, 'PD_2,PD_4': inf, 'PD_3,PD_4': inf}
  Computing metrics...
    RSI: {'PD_1,PD_2': 0.0, 'PD_1,PD_3': 0.0, 'PD_1,PD_4': 0.0, 'PD_2,PD_3': 0.0, 'PD_2,PD_4': 0.0, 'PD_3,PD_4': 1.0}, ASR: 1.25, TCB: {'PD_1': ['PD_3'], 'PD_2': ['PD_4'], 'PD_3': ['PD_1', 'PD_4'], 'PD_4': ['PD_3']}, FR: {'PD_1,PD_2': inf, 'PD_1,PD_3': inf, 'PD_1,PD_4': inf, 'PD_2,PD_3': inf, 'PD_2,PD_4': inf, 'PD_3,PD_4': inf}
  Computing metrics...
    RSI: {'PD_1,PD_2': 0.0, 'PD_1,PD_3': 0.0, 'PD_1,PD_4': 0.0, 'PD_2,PD_3': 0.0, 'PD_2,PD_4': 0.0, 'PD_3,PD_4': 1.0}, ASR: 1.0, TCB: {'PD_1': ['PD_3'], 'PD_2': ['PD_4'], 'PD_3': ['PD_4'], 'PD_4': ['PD_3']}, FR: {'PD_1,PD_2': inf, 'PD_1,PD_3': inf, 'PD_1,PD_4': inf, 'PD_2,PD_3': inf, 'PD_2,PD_4': inf, 'PD_3,PD_4': inf}
  Computing metrics...
    RSI: {'PD_1,PD_2': 0.0, 'PD_1,PD_3': 0.0, 'PD_1,PD_4': 0.0, 'PD_2,PD_3': 0.0, 'PD_2,PD_4': 0.0, 'PD_3,PD_4': 1.0}, ASR: 1.25, TCB: {'PD_1': ['PD_3'], 'PD_2': ['PD_4'], 'PD_3': ['PD_2', 'PD_4'], 'PD_4': ['PD_3']}, FR: {'PD_1,PD_2': 4, 'PD_1,PD_3': 3, 'PD_1,PD_4': inf, 'PD_2,PD_3': 3, 'PD_2,PD_4': inf, 'PD_3,PD_4': inf}
  Computing metrics...
    RSI: {'PD_1,PD_2': 0.0, 'PD_1,PD_3': 0.0, 'PD_1,PD_4': 0.0, 'PD_2,PD_3': 0.0, 'PD_2,PD_4': 0.0, 'PD_3,PD_4': 1.0}, ASR: 1.0, TCB: {'PD_1': ['PD_3'], 'PD_2': ['PD_4'], 'PD_3': ['PD_4'], 'PD_4': ['PD_3']}, FR: {'PD_1,PD_2': inf, 'PD_1,PD_3': inf, 'PD_1,PD_4': inf, 'PD_2,PD_3': inf, 'PD_2,PD_4': inf, 'PD_3,PD_4': inf}
  Computing metrics...
    RSI: {'PD_1,PD_2': 0.0, 'PD_1,PD_3': 0.0, 'PD_1,PD_4': 0.0, 'PD_2,PD_3': 0.0, 'PD_2,PD_4': 0.0, 'PD_3,PD_4': 1.0}, ASR: 1.25, TCB: {'PD_1': ['PD_3'], 'PD_2': ['PD_4'], 'PD_3': ['PD_4'], 'PD_4': ['PD_3']}, FR: {'PD_1,PD_2': 3, 'PD_1,PD_3': 3, 'PD_1,PD_4': inf, 'PD_2,PD_3': 2, 'PD_2,PD_4': inf, 'PD_3,PD_4': inf}
  Computing metrics...
    RSI: {'PD_1,PD_2': 0.0, 'PD_1,PD_3': 0.0, 'PD_1,PD_4': 0.0, 'PD_2,PD_3': 0.0, 'PD_2,PD_4': 0.0, 'PD_3,PD_4': 1.0}, ASR: 1.0, TCB: {'PD_1': ['PD_3'], 'PD_2': ['PD_4'], 'PD_3': ['PD_4'], 'PD_4': ['PD_3']}, FR: {'PD_1,PD_2': inf, 'PD_1,PD_3': inf, 'PD_1,PD_4': inf, 'PD_2,PD_3': inf, 'PD_2,PD_4': inf, 'PD_3,PD_4': inf}
  Computing metrics...
    RSI: {'PD_1,PD_2': 0.0, 'PD_1,PD_3': 0.0, 'PD_1,PD_4': 0.0, 'PD_2,PD_3': 0.0, 'PD_2,PD_4': 0.0, 'PD_3,PD_4': 1.0}, ASR: 1.25, TCB: {'PD_1': ['PD_3'], 'PD_2': ['PD_4'], 'PD_3': ['PD_4'], 'PD_4': ['PD_1', 'PD_3']}, FR: {'PD_1,PD_2': 4, 'PD_1,PD_3': inf, 'PD_1,PD_4': 3, 'PD_2,PD_3': inf, 'PD_2,PD_4': 3, 'PD_3,PD_4': inf}
  Computing metrics...
    RSI: {'PD_1,PD_2': 0.0, 'PD_1,PD_3': 0.0, 'PD_1,PD_4': 0.0, 'PD_2,PD_3': 0.0, 'PD_2,PD_4': 0.0, 'PD_3,PD_4': 1.0}, ASR: 1.0, TCB: {'PD_1': ['PD_3'], 'PD_2': ['PD_4'], 'PD_3': ['PD_4'], 'PD_4': ['PD_3']}, FR: {'PD_1,PD_2': inf, 'PD_1,PD_3': inf, 'PD_1,PD_4': inf, 'PD_2,PD_3': inf, 'PD_2,PD_4': inf, 'PD_3,PD_4': inf}
  Computing metrics...
    RSI: {'PD_1,PD_2': 0.0, 'PD_1,PD_3': 0.0, 'PD_1,PD_4': 0.0, 'PD_2,PD_3': 0.0, 'PD_2,PD_4': 0.0, 'PD_3,PD_4': 1.0}, ASR: 1.25, TCB: {'PD_1': ['PD_3'], 'PD_2': ['PD_4'], 'PD_3': ['PD_4'], 'PD_4': ['PD_2', 'PD_3']}, FR: {'PD_1,PD_2': inf, 'PD_1,PD_3': inf, 'PD_1,PD_4': inf, 'PD_2,PD_3': inf, 'PD_2,PD_4': inf, 'PD_3,PD_4': inf}
  Computing metrics...
    RSI: {'PD_1,PD_2': 0.0, 'PD_1,PD_3': 0.0, 'PD_1,PD_4': 0.0, 'PD_2,PD_3': 0.0, 'PD_2,PD_4': 0.0, 'PD_3,PD_4': 1.0}, ASR: 1.0, TCB: {'PD_1': ['PD_3'], 'PD_2': ['PD_4'], 'PD_3': ['PD_4'], 'PD_4': ['PD_3']}, FR: {'PD_1,PD_2': inf, 'PD_1,PD_3': inf, 'PD_1,PD_4': inf, 'PD_2,PD_3': inf, 'PD_2,PD_4': inf, 'PD_3,PD_4': inf}
  Computing metrics...
    RSI: {'PD_1,PD_2': 0.0, 'PD_1,PD_3': 0.0, 'PD_1,PD_4': 0.0, 'PD_2,PD_3': 0.0, 'PD_2,PD_4': 0.0, 'PD_3,PD_4': 1.0}, ASR: 1.25, TCB: {'PD_1': ['PD_3'], 'PD_2': ['PD_4'], 'PD_3': ['PD_4'], 'PD_4': ['PD_3']}, FR: {'PD_1,PD_2': 3, 'PD_1,PD_3': inf, 'PD_1,PD_4': 2, 'PD_2,PD_3': inf, 'PD_2,PD_4': 3, 'PD_3,PD_4': inf}
  Computing metrics...
    RSI: {'PD_1,PD_2': 0.0, 'PD_1,PD_3': 0.0, 'PD_1,PD_4': 0.0, 'PD_2,PD_3': 0.0, 'PD_2,PD_4': 0.0, 'PD_3,PD_4': 1.0}, ASR: 1.0, TCB: {'PD_1': ['PD_3'], 'PD_2': ['PD_4'], 'PD_3': ['PD_4'], 'PD_4': ['PD_3']}, FR: {'PD_1,PD_2': inf, 'PD_1,PD_3': inf, 'PD_1,PD_4': inf, 'PD_2,PD_3': inf, 'PD_2,PD_4': inf, 'PD_3,PD_4': inf}
  Computing metrics...
    RSI: {'PD_1,PD_2': 0.0, 'PD_1,PD_3': 0.0, 'PD_1,PD_4': 0.0, 'PD_2,PD_3': 0.0, 'PD_2,PD_4': 0.0, 'PD_3,PD_4': 1.0}, ASR: 1.0, TCB: {'PD_1': ['PD_3'], 'PD_2': ['PD_4'], 'PD_3': ['PD_4'], 'PD_4': ['PD_3']}, FR: {'PD_1,PD_2': inf, 'PD_1,PD_3': inf, 'PD_1,PD_4': inf, 'PD_2,PD_3': inf, 'PD_2,PD_4': inf, 'PD_3,PD_4': inf}
  Computing metrics...
    RSI: {'PD_1,PD_2': 0.0, 'PD_1,PD_3': 0.0, 'PD_1,PD_4': 0.0, 'PD_2,PD_3': 0.0, 'PD_2,PD_4': 0.0, 'PD_3,PD_4': 1.0}, ASR: 1.0, TCB: {'PD_1': ['PD_3'], 'PD_2': ['PD_4'], 'PD_3': ['PD_4'], 'PD_4': ['PD_3']}, FR: {'PD_1,PD_2': inf, 'PD_1,PD_3': inf, 'PD_1,PD_4': inf, 'PD_2,PD_3': inf, 'PD_2,PD_4': inf, 'PD_3,PD_4': inf}
  Computing metrics...
    RSI: {'PD_1,PD_2': 0.0, 'PD_1,PD_3': 0.0, 'PD_1,PD_4': 0.0, 'PD_2,PD_3': 0.0, 'PD_2,PD_4': 0.0, 'PD_3,PD_4': 1.0}, ASR: 1.0, TCB: {'PD_1': ['PD_3'], 'PD_2': ['PD_4'], 'PD_3': ['PD_4'], 'PD_4': ['PD_3']}, FR: {'PD_1,PD_2': inf, 'PD_1,PD_3': inf, 'PD_1,PD_4': inf, 'PD_2,PD_3': inf, 'PD_2,PD_4': inf, 'PD_3,PD_4': inf}
  Computing metrics...
    RSI: {'PD_1,PD_2': 0.0, 'PD_1,PD_3': 0.0, 'PD_1,PD_4': 0.0, 'PD_2,PD_3': 0.0, 'PD_2,PD_4': 0.0, 'PD_3,PD_4': 1.0}, ASR: 1.0, TCB: {'PD_1': ['PD_3'], 'PD_2': ['PD_4'], 'PD_3': ['PD_4'], 'PD_4': ['PD_3']}, FR: {'PD_1,PD_2': inf, 'PD_1,PD_3': inf, 'PD_1,PD_4': inf, 'PD_2,PD_3': inf, 'PD_2,PD_4': inf, 'PD_3,PD_4': inf}
  Computing metrics...
    RSI: {'PD_1,PD_2': 0.0, 'PD_1,PD_3': 0.0, 'PD_1,PD_4': 0.0, 'PD_2,PD_3': 0.0, 'PD_2,PD_4': 0.0, 'PD_3,PD_4': 1.0}, ASR: 1.0, TCB: {'PD_1': ['PD_3'], 'PD_2': ['PD_4'], 'PD_3': ['PD_4'], 'PD_4': ['PD_3']}, FR: {'PD_1,PD_2': inf, 'PD_1,PD_3': inf, 'PD_1,PD_4': inf, 'PD_2,PD_3': inf, 'PD_2,PD_4': inf, 'PD_3,PD_4': inf}
  Computing metrics...
    RSI: {'PD_1,PD_2': 0.0, 'PD_1,PD_3': 0.0, 'PD_1,PD_4': 0.0, 'PD_2,PD_3': 0.0, 'PD_2,PD_4': 0.0, 'PD_3,PD_4': 1.0}, ASR: 1.0, TCB: {'PD_1': ['PD_3'], 'PD_2': ['PD_4'], 'PD_3': ['PD_4'], 'PD_4': ['PD_3']}, FR: {'PD_1,PD_2': inf, 'PD_1,PD_3': inf, 'PD_1,PD_4': inf, 'PD_2,PD_3': inf, 'PD_2,PD_4': inf, 'PD_3,PD_4': inf}
  Computing metrics...
    RSI: {'PD_1,PD_2': 0.0, 'PD_1,PD_3': 0.0, 'PD_1,PD_4': 0.0, 'PD_2,PD_3': 0.0, 'PD_2,PD_4': 0.0, 'PD_3,PD_4': 1.0}, ASR: 1.0, TCB: {'PD_1': ['PD_3'], 'PD_2': ['PD_4'], 'PD_3': ['PD_4'], 'PD_4': ['PD_3']}, FR: {'PD_1,PD_2': inf, 'PD_1,PD_3': inf, 'PD_1,PD_4': inf, 'PD_2,PD_3': inf, 'PD_2,PD_4': inf, 'PD_3,PD_4': inf}
  Computing metrics...
    RSI: {'PD_1,PD_2': 0.0, 'PD_1,PD_3': 0.0, 'PD_1,PD_4': 0.0, 'PD_2,PD_3': 0.0, 'PD_2,PD_4': 0.0, 'PD_3,PD_4': 1.0}, ASR: 1.0, TCB: {'PD_1': ['PD_3'], 'PD_2': ['PD_4'], 'PD_3': ['PD_4'], 'PD_4': ['PD_3']}, FR: {'PD_1,PD_2': inf, 'PD_1,PD_3': inf, 'PD_1,PD_4': inf, 'PD_2,PD_3': inf, 'PD_2,PD_4': inf, 'PD_3,PD_4': inf}
  Computing metrics...
    RSI: {'PD_1,PD_2': 0.0, 'PD_1,PD_3': 0.0, 'PD_1,PD_4': 0.0, 'PD_2,PD_3': 0.0, 'PD_2,PD_4': 0.0, 'PD_3,PD_4': 1.0}, ASR: 1.0, TCB: {'PD_1': ['PD_3'], 'PD_2': ['PD_4'], 'PD_3': ['PD_4'], 'PD_4': ['PD_3']}, FR: {'PD_1,PD_2': inf, 'PD_1,PD_3': inf, 'PD_1,PD_4': inf, 'PD_2,PD_3': inf, 'PD_2,PD_4': inf, 'PD_3,PD_4': inf}
  🚫 Filtered out 0 'add_file_resource(create new CONFIG file in FILE_SPACE_1)' candidates (avoiding repetition)
  Trying best transition: primitive
    Target: add new protection domain to help resolve 2 constraint violation(s)
    Predicted improvement: 0.100
    Considered 36 other option(s):
      1. primitive: create new CONFIG file in FILE_SPACE_1 (improvement: 0.700)
      2. primitive: create new DATABASE file in FILE_SPACE_1 (improvement: 0.700)
      3. primitive: create new TEMP file in FILE_SPACE_1 (improvement: 0.700)
      4. primitive: create new LOG file in FILE_SPACE_1 (improvement: 0.700)
      5. primitive: add authority relationship: PD_1 -> PD_2 (improvement: 0.250)
      6. primitive: enable indirect access: PD_1 -> PD_4 (improvement: 0.250)
      7. primitive: add authority relationship: PD_2 -> PD_1 (improvement: 0.250)
      8. primitive: enable indirect access: PD_2 -> PD_3 (improvement: 0.250)
      9. primitive: add authority relationship: PD_3 -> PD_1 (improvement: 0.250)
      10. primitive: add authority relationship: PD_3 -> PD_2 (improvement: 0.250)
      ... and 26 more
    ✅ Applied add_pd
  📋 Generated 37 candidate(s)
  Computing metrics...
    RSI: {'PD_1,PD_2': 0.0, 'PD_1,PD_3': 0.0, 'PD_1,PD_4': 0.0, 'PD_2,PD_3': 0.0, 'PD_2,PD_4': 0.0, 'PD_3,PD_4': 1.0}, ASR: 1.0, TCB: {'PD_1': ['PD_3'], 'PD_2': ['PD_4'], 'PD_3': ['PD_4'], 'PD_4': ['PD_3']}, FR: {'PD_1,PD_2': inf, 'PD_1,PD_3': inf, 'PD_1,PD_4': inf, 'PD_2,PD_3': inf, 'PD_2,PD_4': inf, 'PD_3,PD_4': inf}
    ✅ Added candidate: add_file_resource (score: 0.700)
  Computing metrics...
    RSI: {'PD_1,PD_2': 0.0, 'PD_1,PD_3': 0.0, 'PD_1,PD_4': 0.0, 'PD_2,PD_3': 0.0, 'PD_2,PD_4': 0.0, 'PD_3,PD_4': 1.0}, ASR: 1.0, TCB: {'PD_1': ['PD_3'], 'PD_2': ['PD_4'], 'PD_3': ['PD_4'], 'PD_4': ['PD_3']}, FR: {'PD_1,PD_2': inf, 'PD_1,PD_3': inf, 'PD_1,PD_4': inf, 'PD_2,PD_3': inf, 'PD_2,PD_4': inf, 'PD_3,PD_4': inf}
    ✅ Added candidate: add_file_resource (score: 0.700)

📊 Next beam (3 states):
  Beam[0]: BeamState(iter=3, score=0.700, path=add_file_resource(create new CONFIG file in FILE_SPACE_1) → add_file_resource(create new CONFIG file in FILE_SPACE_1) → add_file_resource(create new CONFIG file in FILE_SPACE_1))
  Beam[1]: BeamState(iter=3, score=0.700, path=add_file_resource(create new CONFIG file in FILE_SPACE_1) → add_file_resource(create new CONFIG file in FILE_SPACE_1) → add_file_resource(create new DATABASE file in FILE_SPACE_1))
  Beam[2]: BeamState(iter=3, score=0.700, path=add_file_resource(create new CONFIG file in FILE_SPACE_1) → add_file_resource(create new DATABASE file in FILE_SPACE_1) → add_file_resource(create new CONFIG file in FILE_SPACE_1))
💡 Total candidates generated: 6
🎯 Mechanisms discovered so far: 0

============================================================
🔍 Beam Search Iteration 4/8
📊 Current beam size: 3
  Beam[0]: BeamState(iter=3, score=0.700, path=add_file_resource(create new CONFIG file in FILE_SPACE_1) → add_file_resource(create new CONFIG file in FILE_SPACE_1) → add_file_resource(create new CONFIG file in FILE_SPACE_1))
  Beam[1]: BeamState(iter=3, score=0.700, path=add_file_resource(create new CONFIG file in FILE_SPACE_1) → add_file_resource(create new CONFIG file in FILE_SPACE_1) → add_file_resource(create new DATABASE file in FILE_SPACE_1))
  Beam[2]: BeamState(iter=3, score=0.700, path=add_file_resource(create new CONFIG file in FILE_SPACE_1) → add_file_resource(create new DATABASE file in FILE_SPACE_1) → add_file_resource(create new CONFIG file in FILE_SPACE_1))

🌟 Expanding Beam[0] (score: 0.700)
  ⚠️  Constraints violated: PD_1 lacks access to any files; PD_2 lacks access to any files
  Computing metrics...
    RSI: {'PD_1,PD_2': 0.0, 'PD_1,PD_3': 0.0, 'PD_1,PD_4': 0.0, 'PD_2,PD_3': 0.0, 'PD_2,PD_4': 0.0, 'PD_3,PD_4': 1.0}, ASR: 1.0, TCB: {'PD_1': ['PD_3'], 'PD_2': ['PD_4'], 'PD_3': ['PD_4'], 'PD_4': ['PD_3']}, FR: {'PD_1,PD_2': inf, 'PD_1,PD_3': inf, 'PD_1,PD_4': inf, 'PD_2,PD_3': inf, 'PD_2,PD_4': inf, 'PD_3,PD_4': inf}
  Computing metrics...
    RSI: {'PD_1,PD_2': 0.0, 'PD_1,PD_3': 0.0, 'PD_1,PD_4': 0.0, 'PD_1,PD_5': 0.0, 'PD_2,PD_3': 0.0, 'PD_2,PD_4': 0.0, 'PD_2,PD_5': 0.0, 'PD_3,PD_4': 1.0, 'PD_3,PD_5': 0.0, 'PD_4,PD_5': 0.0}, ASR: 0.8, TCB: {'PD_1': ['PD_3'], 'PD_2': ['PD_4'], 'PD_3': ['PD_4'], 'PD_4': ['PD_3'], 'PD_5': []}, FR: {'PD_1,PD_2': inf, 'PD_1,PD_3': inf, 'PD_1,PD_4': inf, 'PD_1,PD_5': inf, 'PD_2,PD_3': inf, 'PD_2,PD_4': inf, 'PD_2,PD_5': inf, 'PD_3,PD_4': inf, 'PD_3,PD_5': inf, 'PD_4,PD_5': inf}
  Computing metrics...
    RSI: {'PD_1,PD_2': 0.0, 'PD_1,PD_3': 0.0, 'PD_1,PD_4': 0.0, 'PD_2,PD_3': 0.0, 'PD_2,PD_4': 0.0, 'PD_3,PD_4': 1.0}, ASR: 1.0, TCB: {'PD_1': ['PD_3'], 'PD_2': ['PD_4'], 'PD_3': ['PD_4'], 'PD_4': ['PD_3']}, FR: {'PD_1,PD_2': inf, 'PD_1,PD_3': inf, 'PD_1,PD_4': inf, 'PD_2,PD_3': inf, 'PD_2,PD_4': inf, 'PD_3,PD_4': inf}
  Computing metrics...
    RSI: {'PD_1,PD_2': 0.0, 'PD_1,PD_3': 0.0, 'PD_1,PD_4': 0.0, 'PD_2,PD_3': 0.0, 'PD_2,PD_4': 0.0, 'PD_3,PD_4': 1.0}, ASR: 1.0, TCB: {'PD_1': ['PD_3'], 'PD_2': ['PD_4'], 'PD_3': ['PD_4'], 'PD_4': ['PD_3']}, FR: {'PD_1,PD_2': inf, 'PD_1,PD_3': inf, 'PD_1,PD_4': inf, 'PD_2,PD_3': inf, 'PD_2,PD_4': inf, 'PD_3,PD_4': inf}
  Computing metrics...
    RSI: {'PD_1,PD_2': 0.0, 'PD_1,PD_3': 0.0, 'PD_1,PD_4': 0.0, 'PD_2,PD_3': 0.0, 'PD_2,PD_4': 0.0, 'PD_3,PD_4': 1.0}, ASR: 1.0, TCB: {'PD_1': ['PD_3'], 'PD_2': ['PD_4'], 'PD_3': ['PD_4'], 'PD_4': ['PD_3']}, FR: {'PD_1,PD_2': inf, 'PD_1,PD_3': inf, 'PD_1,PD_4': inf, 'PD_2,PD_3': inf, 'PD_2,PD_4': inf, 'PD_3,PD_4': inf}
  Computing metrics...
    RSI: {'PD_1,PD_2': 0.0, 'PD_1,PD_3': 0.0, 'PD_1,PD_4': 0.0, 'PD_2,PD_3': 0.0, 'PD_2,PD_4': 0.0, 'PD_3,PD_4': 1.0}, ASR: 1.0, TCB: {'PD_1': ['PD_3'], 'PD_2': ['PD_4'], 'PD_3': ['PD_4'], 'PD_4': ['PD_3']}, FR: {'PD_1,PD_2': inf, 'PD_1,PD_3': inf, 'PD_1,PD_4': inf, 'PD_2,PD_3': inf, 'PD_2,PD_4': inf, 'PD_3,PD_4': inf}
  Computing metrics...
    RSI: {'PD_1,PD_2': 0.0, 'PD_1,PD_3': 0.0, 'PD_1,PD_4': 0.0, 'PD_2,PD_3': 0.0, 'PD_2,PD_4': 0.0, 'PD_3,PD_4': 1.0}, ASR: 1.0, TCB: {'PD_1': ['PD_3'], 'PD_2': ['PD_4'], 'PD_3': ['PD_4'], 'PD_4': ['PD_3']}, FR: {'PD_1,PD_2': inf, 'PD_1,PD_3': inf, 'PD_1,PD_4': inf, 'PD_2,PD_3': inf, 'PD_2,PD_4': inf, 'PD_3,PD_4': inf}
  Computing metrics...
    RSI: {'PD_1,PD_2': 0.0, 'PD_1,PD_3': 0.0, 'PD_1,PD_4': 0.0, 'PD_2,PD_3': 0.0, 'PD_2,PD_4': 0.0, 'PD_3,PD_4': 1.0}, ASR: 1.0, TCB: {'PD_1': ['PD_3'], 'PD_2': ['PD_4'], 'PD_3': ['PD_4'], 'PD_4': ['PD_3']}, FR: {'PD_1,PD_2': inf, 'PD_1,PD_3': inf, 'PD_1,PD_4': inf, 'PD_2,PD_3': inf, 'PD_2,PD_4': inf, 'PD_3,PD_4': inf}
  Computing metrics...
    RSI: {'PD_1,PD_2': 0.0, 'PD_1,PD_3': 0.0, 'PD_1,PD_4': 0.0, 'PD_2,PD_3': 0.0, 'PD_2,PD_4': 0.0, 'PD_3,PD_4': 1.0}, ASR: 1.0, TCB: {'PD_1': ['PD_3'], 'PD_2': ['PD_4'], 'PD_3': ['PD_4'], 'PD_4': ['PD_3']}, FR: {'PD_1,PD_2': inf, 'PD_1,PD_3': inf, 'PD_1,PD_4': inf, 'PD_2,PD_3': inf, 'PD_2,PD_4': inf, 'PD_3,PD_4': inf}
  Computing metrics...
    RSI: {'PD_1,PD_2': 0.0, 'PD_1,PD_3': 0.0, 'PD_1,PD_4': 0.0, 'PD_2,PD_3': 0.0, 'PD_2,PD_4': 0.0, 'PD_3,PD_4': 1.0}, ASR: 1.0, TCB: {'PD_1': ['PD_3'], 'PD_2': ['PD_4'], 'PD_3': ['PD_4'], 'PD_4': ['PD_3']}, FR: {'PD_1,PD_2': inf, 'PD_1,PD_3': inf, 'PD_1,PD_4': inf, 'PD_2,PD_3': inf, 'PD_2,PD_4': inf, 'PD_3,PD_4': inf}
  Computing metrics...
    RSI: {'PD_1,PD_2': 0.0, 'PD_1,PD_3': 0.0, 'PD_1,PD_4': 0.0, 'PD_2,PD_3': 0.0, 'PD_2,PD_4': 0.0, 'PD_3,PD_4': 1.0}, ASR: 1.0, TCB: {'PD_1': ['PD_3'], 'PD_2': ['PD_4'], 'PD_3': ['PD_4'], 'PD_4': ['PD_3']}, FR: {'PD_1,PD_2': inf, 'PD_1,PD_3': inf, 'PD_1,PD_4': inf, 'PD_2,PD_3': inf, 'PD_2,PD_4': inf, 'PD_3,PD_4': inf}
  Computing metrics...
    RSI: {'PD_1,PD_2': 0.0, 'PD_1,PD_3': 0.0, 'PD_1,PD_4': 0.0, 'PD_2,PD_3': 0.0, 'PD_2,PD_4': 0.0, 'PD_3,PD_4': 1.0}, ASR: 1.0, TCB: {'PD_1': ['PD_3'], 'PD_2': ['PD_4'], 'PD_3': ['PD_4'], 'PD_4': ['PD_3']}, FR: {'PD_1,PD_2': inf, 'PD_1,PD_3': inf, 'PD_1,PD_4': inf, 'PD_2,PD_3': inf, 'PD_2,PD_4': inf, 'PD_3,PD_4': inf}
  Computing metrics...
    RSI: {'PD_1,PD_2': 0.0, 'PD_1,PD_3': 0.0, 'PD_1,PD_4': 0.0, 'PD_2,PD_3': 0.0, 'PD_2,PD_4': 0.0, 'PD_3,PD_4': 1.0}, ASR: 1.0, TCB: {'PD_1': ['PD_3'], 'PD_2': ['PD_4'], 'PD_3': ['PD_4'], 'PD_4': ['PD_3']}, FR: {'PD_1,PD_2': inf, 'PD_1,PD_3': inf, 'PD_1,PD_4': inf, 'PD_2,PD_3': inf, 'PD_2,PD_4': inf, 'PD_3,PD_4': inf}
  Computing metrics...
    RSI: {'PD_1,PD_2': 0.0, 'PD_1,PD_3': 0.0, 'PD_1,PD_4': 0.0, 'PD_2,PD_3': 0.0, 'PD_2,PD_4': 0.0, 'PD_3,PD_4': 1.0}, ASR: 1.0, TCB: {'PD_1': ['PD_3'], 'PD_2': ['PD_4'], 'PD_3': ['PD_4'], 'PD_4': ['PD_3']}, FR: {'PD_1,PD_2': inf, 'PD_1,PD_3': inf, 'PD_1,PD_4': inf, 'PD_2,PD_3': inf, 'PD_2,PD_4': inf, 'PD_3,PD_4': inf}
  Computing metrics...
    RSI: {'PD_1,PD_2': 0.0, 'PD_1,PD_3': 0.0, 'PD_1,PD_4': 0.0, 'PD_2,PD_3': 0.0, 'PD_2,PD_4': 0.0, 'PD_3,PD_4': 1.0}, ASR: 1.0, TCB: {'PD_1': ['PD_3'], 'PD_2': ['PD_4'], 'PD_3': ['PD_4'], 'PD_4': ['PD_3']}, FR: {'PD_1,PD_2': inf, 'PD_1,PD_3': inf, 'PD_1,PD_4': inf, 'PD_2,PD_3': inf, 'PD_2,PD_4': inf, 'PD_3,PD_4': inf}
  Computing metrics...
    RSI: {'PD_1,PD_2': 0.0, 'PD_1,PD_3': 0.0, 'PD_1,PD_4': 0.0, 'PD_2,PD_3': 0.0, 'PD_2,PD_4': 0.0, 'PD_3,PD_4': 1.0}, ASR: 1.0, TCB: {'PD_1': ['PD_3'], 'PD_2': ['PD_4'], 'PD_3': ['PD_4'], 'PD_4': ['PD_3']}, FR: {'PD_1,PD_2': inf, 'PD_1,PD_3': inf, 'PD_1,PD_4': inf, 'PD_2,PD_3': inf, 'PD_2,PD_4': inf, 'PD_3,PD_4': inf}
  Computing metrics...
    RSI: {'PD_1,PD_2': 0.0, 'PD_1,PD_3': 0.0, 'PD_1,PD_4': 0.0, 'PD_2,PD_3': 0.0, 'PD_2,PD_4': 0.0, 'PD_3,PD_4': 1.0}, ASR: 1.0, TCB: {'PD_1': ['PD_3'], 'PD_2': ['PD_4'], 'PD_3': ['PD_4'], 'PD_4': ['PD_3']}, FR: {'PD_1,PD_2': inf, 'PD_1,PD_3': inf, 'PD_1,PD_4': inf, 'PD_2,PD_3': inf, 'PD_2,PD_4': inf, 'PD_3,PD_4': inf}
  Computing metrics...
    RSI: {'PD_1,PD_2': 0.0, 'PD_1,PD_3': 0.0, 'PD_1,PD_4': 0.0, 'PD_2,PD_3': 0.0, 'PD_2,PD_4': 0.0, 'PD_3,PD_4': 1.0}, ASR: 1.0, TCB: {'PD_1': ['PD_3'], 'PD_2': ['PD_4'], 'PD_3': ['PD_4'], 'PD_4': ['PD_3']}, FR: {'PD_1,PD_2': inf, 'PD_1,PD_3': inf, 'PD_1,PD_4': inf, 'PD_2,PD_3': inf, 'PD_2,PD_4': inf, 'PD_3,PD_4': inf}
  Computing metrics...
    RSI: {'PD_1,PD_2': 0.0, 'PD_1,PD_3': 0.0, 'PD_1,PD_4': 0.0, 'PD_2,PD_3': 0.0, 'PD_2,PD_4': 0.0, 'PD_3,PD_4': 1.0}, ASR: 1.0, TCB: {'PD_1': ['PD_3'], 'PD_2': ['PD_4'], 'PD_3': ['PD_4'], 'PD_4': ['PD_3']}, FR: {'PD_1,PD_2': inf, 'PD_1,PD_3': inf, 'PD_1,PD_4': inf, 'PD_2,PD_3': inf, 'PD_2,PD_4': inf, 'PD_3,PD_4': inf}
  Computing metrics...
    RSI: {'PD_1,PD_2': 0.0, 'PD_1,PD_3': 0.0, 'PD_1,PD_4': 0.0, 'PD_2,PD_3': 0.0, 'PD_2,PD_4': 0.0, 'PD_3,PD_4': 1.0}, ASR: 1.0, TCB: {'PD_1': ['PD_3'], 'PD_2': ['PD_4'], 'PD_3': ['PD_4'], 'PD_4': ['PD_3']}, FR: {'PD_1,PD_2': inf, 'PD_1,PD_3': inf, 'PD_1,PD_4': inf, 'PD_2,PD_3': inf, 'PD_2,PD_4': inf, 'PD_3,PD_4': inf}
  Computing metrics...
    RSI: {'PD_1,PD_2': 0.0, 'PD_1,PD_3': 0.0, 'PD_1,PD_4': 0.0, 'PD_2,PD_3': 0.0, 'PD_2,PD_4': 0.0, 'PD_3,PD_4': 1.0}, ASR: 1.0, TCB: {'PD_1': ['PD_3'], 'PD_2': ['PD_4'], 'PD_3': ['PD_4'], 'PD_4': ['PD_3']}, FR: {'PD_1,PD_2': inf, 'PD_1,PD_3': inf, 'PD_1,PD_4': inf, 'PD_2,PD_3': inf, 'PD_2,PD_4': inf, 'PD_3,PD_4': inf}
  Computing metrics...
    RSI: {'PD_1,PD_2': 0.0, 'PD_1,PD_3': 0.0, 'PD_1,PD_4': 0.0, 'PD_2,PD_3': 0.0, 'PD_2,PD_4': 0.0, 'PD_3,PD_4': 1.0}, ASR: 1.0, TCB: {'PD_1': ['PD_3'], 'PD_2': ['PD_4'], 'PD_3': ['PD_4'], 'PD_4': ['PD_3']}, FR: {'PD_1,PD_2': inf, 'PD_1,PD_3': inf, 'PD_1,PD_4': inf, 'PD_2,PD_3': inf, 'PD_2,PD_4': inf, 'PD_3,PD_4': inf}
  Computing metrics...
    RSI: {'PD_1,PD_2': 0.0, 'PD_1,PD_3': 0.0, 'PD_1,PD_4': 0.0, 'PD_2,PD_3': 0.0, 'PD_2,PD_4': 0.0, 'PD_3,PD_4': 1.0}, ASR: 1.0, TCB: {'PD_1': ['PD_3'], 'PD_2': ['PD_4'], 'PD_3': ['PD_4'], 'PD_4': ['PD_3']}, FR: {'PD_1,PD_2': inf, 'PD_1,PD_3': inf, 'PD_1,PD_4': inf, 'PD_2,PD_3': inf, 'PD_2,PD_4': inf, 'PD_3,PD_4': inf}
  Computing metrics...
    RSI: {'PD_1,PD_2': 0.0, 'PD_1,PD_3': 1.0, 'PD_1,PD_4': 1.0, 'PD_2,PD_3': 0.0, 'PD_2,PD_4': 0.0, 'PD_3,PD_4': 1.0}, ASR: 1.25, TCB: {'PD_1': ['PD_3', 'PD_4'], 'PD_2': ['PD_4'], 'PD_3': ['PD_1', 'PD_4'], 'PD_4': ['PD_1', 'PD_3']}, FR: {'PD_1,PD_2': inf, 'PD_1,PD_3': inf, 'PD_1,PD_4': inf, 'PD_2,PD_3': inf, 'PD_2,PD_4': inf, 'PD_3,PD_4': inf}
  Computing metrics...
    RSI: {'PD_1,PD_2': 0.0, 'PD_1,PD_3': 0.0, 'PD_1,PD_4': 0.0, 'PD_2,PD_3': 0.0, 'PD_2,PD_4': 0.0, 'PD_3,PD_4': 1.0}, ASR: 1.0, TCB: {'PD_1': ['PD_3'], 'PD_2': ['PD_4'], 'PD_3': ['PD_4'], 'PD_4': ['PD_3']}, FR: {'PD_1,PD_2': inf, 'PD_1,PD_3': inf, 'PD_1,PD_4': inf, 'PD_2,PD_3': inf, 'PD_2,PD_4': inf, 'PD_3,PD_4': inf}
  Computing metrics...
    RSI: {'PD_1,PD_2': 0.0, 'PD_1,PD_3': 0.0, 'PD_1,PD_4': 0.0, 'PD_2,PD_3': 0.0, 'PD_2,PD_4': 0.0, 'PD_3,PD_4': 1.0}, ASR: 1.25, TCB: {'PD_1': ['PD_3'], 'PD_2': ['PD_4'], 'PD_3': ['PD_4'], 'PD_4': ['PD_3']}, FR: {'PD_1,PD_2': inf, 'PD_1,PD_3': inf, 'PD_1,PD_4': inf, 'PD_2,PD_3': inf, 'PD_2,PD_4': inf, 'PD_3,PD_4': inf}
  Computing metrics...
    RSI: {'PD_1,PD_2': 0.0, 'PD_1,PD_3': 0.0, 'PD_1,PD_4': 0.0, 'PD_2,PD_3': 0.0, 'PD_2,PD_4': 0.0, 'PD_3,PD_4': 1.0}, ASR: 1.0, TCB: {'PD_1': ['PD_3'], 'PD_2': ['PD_4'], 'PD_3': ['PD_4'], 'PD_4': ['PD_3']}, FR: {'PD_1,PD_2': inf, 'PD_1,PD_3': inf, 'PD_1,PD_4': inf, 'PD_2,PD_3': inf, 'PD_2,PD_4': inf, 'PD_3,PD_4': inf}
  Computing metrics...
    RSI: {'PD_1,PD_2': 0.0, 'PD_1,PD_3': 0.0, 'PD_1,PD_4': 0.0, 'PD_2,PD_3': 0.0, 'PD_2,PD_4': 0.0, 'PD_3,PD_4': 1.0}, ASR: 1.25, TCB: {'PD_1': ['PD_3'], 'PD_2': ['PD_4'], 'PD_3': ['PD_4'], 'PD_4': ['PD_3']}, FR: {'PD_1,PD_2': inf, 'PD_1,PD_3': inf, 'PD_1,PD_4': inf, 'PD_2,PD_3': inf, 'PD_2,PD_4': inf, 'PD_3,PD_4': inf}
  Computing metrics...
    RSI: {'PD_1,PD_2': 0.0, 'PD_1,PD_3': 0.0, 'PD_1,PD_4': 0.0, 'PD_2,PD_3': 0.0, 'PD_2,PD_4': 0.0, 'PD_3,PD_4': 1.0}, ASR: 1.0, TCB: {'PD_1': ['PD_3'], 'PD_2': ['PD_4'], 'PD_3': ['PD_4'], 'PD_4': ['PD_3']}, FR: {'PD_1,PD_2': inf, 'PD_1,PD_3': inf, 'PD_1,PD_4': inf, 'PD_2,PD_3': inf, 'PD_2,PD_4': inf, 'PD_3,PD_4': inf}
  Computing metrics...
    RSI: {'PD_1,PD_2': 0.0, 'PD_1,PD_3': 0.0, 'PD_1,PD_4': 0.0, 'PD_2,PD_3': 0.0, 'PD_2,PD_4': 0.0, 'PD_3,PD_4': 1.0}, ASR: 1.25, TCB: {'PD_1': ['PD_3'], 'PD_2': ['PD_4'], 'PD_3': ['PD_4'], 'PD_4': ['PD_3']}, FR: {'PD_1,PD_2': inf, 'PD_1,PD_3': inf, 'PD_1,PD_4': inf, 'PD_2,PD_3': inf, 'PD_2,PD_4': inf, 'PD_3,PD_4': inf}
  Computing metrics...
    RSI: {'PD_1,PD_2': 0.0, 'PD_1,PD_3': 0.0, 'PD_1,PD_4': 0.0, 'PD_2,PD_3': 0.0, 'PD_2,PD_4': 0.0, 'PD_3,PD_4': 1.0}, ASR: 1.0, TCB: {'PD_1': ['PD_3'], 'PD_2': ['PD_4'], 'PD_3': ['PD_4'], 'PD_4': ['PD_3']}, FR: {'PD_1,PD_2': inf, 'PD_1,PD_3': inf, 'PD_1,PD_4': inf, 'PD_2,PD_3': inf, 'PD_2,PD_4': inf, 'PD_3,PD_4': inf}
  Computing metrics...
    RSI: {'PD_1,PD_2': 0.0, 'PD_1,PD_3': 0.0, 'PD_1,PD_4': 0.0, 'PD_2,PD_3': 1.0, 'PD_2,PD_4': 1.0, 'PD_3,PD_4': 1.0}, ASR: 1.25, TCB: {'PD_1': ['PD_3'], 'PD_2': ['PD_4', 'PD_3'], 'PD_3': ['PD_2', 'PD_4'], 'PD_4': ['PD_2', 'PD_3']}, FR: {'PD_1,PD_2': inf, 'PD_1,PD_3': inf, 'PD_1,PD_4': inf, 'PD_2,PD_3': inf, 'PD_2,PD_4': inf, 'PD_3,PD_4': inf}
  Computing metrics...
    RSI: {'PD_1,PD_2': 0.0, 'PD_1,PD_3': 0.0, 'PD_1,PD_4': 0.0, 'PD_2,PD_3': 0.0, 'PD_2,PD_4': 0.0, 'PD_3,PD_4': 1.0}, ASR: 1.0, TCB: {'PD_1': ['PD_3'], 'PD_2': ['PD_4'], 'PD_3': ['PD_4'], 'PD_4': ['PD_3']}, FR: {'PD_1,PD_2': inf, 'PD_1,PD_3': inf, 'PD_1,PD_4': inf, 'PD_2,PD_3': inf, 'PD_2,PD_4': inf, 'PD_3,PD_4': inf}
  Computing metrics...
    RSI: {'PD_1,PD_2': 0.0, 'PD_1,PD_3': 0.0, 'PD_1,PD_4': 0.0, 'PD_2,PD_3': 0.0, 'PD_2,PD_4': 0.0, 'PD_3,PD_4': 1.0}, ASR: 1.25, TCB: {'PD_1': ['PD_3'], 'PD_2': ['PD_4'], 'PD_3': ['PD_4'], 'PD_4': ['PD_3']}, FR: {'PD_1,PD_2': inf, 'PD_1,PD_3': inf, 'PD_1,PD_4': inf, 'PD_2,PD_3': inf, 'PD_2,PD_4': inf, 'PD_3,PD_4': inf}
  Computing metrics...
    RSI: {'PD_1,PD_2': 0.0, 'PD_1,PD_3': 0.0, 'PD_1,PD_4': 0.0, 'PD_2,PD_3': 0.0, 'PD_2,PD_4': 0.0, 'PD_3,PD_4': 1.0}, ASR: 1.0, TCB: {'PD_1': ['PD_3'], 'PD_2': ['PD_4'], 'PD_3': ['PD_4'], 'PD_4': ['PD_3']}, FR: {'PD_1,PD_2': inf, 'PD_1,PD_3': inf, 'PD_1,PD_4': inf, 'PD_2,PD_3': inf, 'PD_2,PD_4': inf, 'PD_3,PD_4': inf}
  Computing metrics...
    RSI: {'PD_1,PD_2': 0.0, 'PD_1,PD_3': 0.0, 'PD_1,PD_4': 0.0, 'PD_2,PD_3': 0.0, 'PD_2,PD_4': 0.0, 'PD_3,PD_4': 1.0}, ASR: 1.25, TCB: {'PD_1': ['PD_3'], 'PD_2': ['PD_4'], 'PD_3': ['PD_4'], 'PD_4': ['PD_3']}, FR: {'PD_1,PD_2': inf, 'PD_1,PD_3': inf, 'PD_1,PD_4': inf, 'PD_2,PD_3': inf, 'PD_2,PD_4': inf, 'PD_3,PD_4': inf}
  Computing metrics...
    RSI: {'PD_1,PD_2': 0.0, 'PD_1,PD_3': 0.0, 'PD_1,PD_4': 0.0, 'PD_2,PD_3': 0.0, 'PD_2,PD_4': 0.0, 'PD_3,PD_4': 1.0}, ASR: 1.0, TCB: {'PD_1': ['PD_3'], 'PD_2': ['PD_4'], 'PD_3': ['PD_4'], 'PD_4': ['PD_3']}, FR: {'PD_1,PD_2': inf, 'PD_1,PD_3': inf, 'PD_1,PD_4': inf, 'PD_2,PD_3': inf, 'PD_2,PD_4': inf, 'PD_3,PD_4': inf}
  Computing metrics...
    RSI: {'PD_1,PD_2': 0.0, 'PD_1,PD_3': 0.0, 'PD_1,PD_4': 0.0, 'PD_2,PD_3': 0.0, 'PD_2,PD_4': 0.0, 'PD_3,PD_4': 1.0}, ASR: 1.25, TCB: {'PD_1': ['PD_3'], 'PD_2': ['PD_4'], 'PD_3': ['PD_4'], 'PD_4': ['PD_3']}, FR: {'PD_1,PD_2': inf, 'PD_1,PD_3': inf, 'PD_1,PD_4': inf, 'PD_2,PD_3': inf, 'PD_2,PD_4': inf, 'PD_3,PD_4': inf}
  Computing metrics...
    RSI: {'PD_1,PD_2': 0.0, 'PD_1,PD_3': 0.0, 'PD_1,PD_4': 0.0, 'PD_2,PD_3': 0.0, 'PD_2,PD_4': 0.0, 'PD_3,PD_4': 1.0}, ASR: 1.0, TCB: {'PD_1': ['PD_3'], 'PD_2': ['PD_4'], 'PD_3': ['PD_4'], 'PD_4': ['PD_3']}, FR: {'PD_1,PD_2': inf, 'PD_1,PD_3': inf, 'PD_1,PD_4': inf, 'PD_2,PD_3': inf, 'PD_2,PD_4': inf, 'PD_3,PD_4': inf}
  Computing metrics...
    RSI: {'PD_1,PD_2': 0.0, 'PD_1,PD_3': 0.0, 'PD_1,PD_4': 0.0, 'PD_2,PD_3': 0.0, 'PD_2,PD_4': 0.0, 'PD_3,PD_4': 0.5}, ASR: 1.25, TCB: {'PD_1': ['PD_3'], 'PD_2': ['PD_4'], 'PD_3': ['PD_4'], 'PD_4': ['PD_3']}, FR: {'PD_1,PD_2': inf, 'PD_1,PD_3': inf, 'PD_1,PD_4': inf, 'PD_2,PD_3': inf, 'PD_2,PD_4': inf, 'PD_3,PD_4': inf}
  Computing metrics...
    RSI: {'PD_1,PD_2': 0.0, 'PD_1,PD_3': 0.0, 'PD_1,PD_4': 0.0, 'PD_2,PD_3': 0.0, 'PD_2,PD_4': 0.0, 'PD_3,PD_4': 1.0}, ASR: 1.0, TCB: {'PD_1': ['PD_3'], 'PD_2': ['PD_4'], 'PD_3': ['PD_4'], 'PD_4': ['PD_3']}, FR: {'PD_1,PD_2': inf, 'PD_1,PD_3': inf, 'PD_1,PD_4': inf, 'PD_2,PD_3': inf, 'PD_2,PD_4': inf, 'PD_3,PD_4': inf}
  Computing metrics...
    RSI: {'PD_1,PD_2': 0.0, 'PD_1,PD_3': 0.0, 'PD_1,PD_4': 0.0, 'PD_2,PD_3': 0.0, 'PD_2,PD_4': 0.0, 'PD_3,PD_4': 0.5}, ASR: 1.25, TCB: {'PD_1': ['PD_3'], 'PD_2': ['PD_4'], 'PD_3': ['PD_4'], 'PD_4': ['PD_3']}, FR: {'PD_1,PD_2': inf, 'PD_1,PD_3': inf, 'PD_1,PD_4': inf, 'PD_2,PD_3': inf, 'PD_2,PD_4': inf, 'PD_3,PD_4': inf}
  Computing metrics...
    RSI: {'PD_1,PD_2': 0.0, 'PD_1,PD_3': 0.0, 'PD_1,PD_4': 0.0, 'PD_2,PD_3': 0.0, 'PD_2,PD_4': 0.0, 'PD_3,PD_4': 1.0}, ASR: 1.0, TCB: {'PD_1': ['PD_3'], 'PD_2': ['PD_4'], 'PD_3': ['PD_4'], 'PD_4': ['PD_3']}, FR: {'PD_1,PD_2': inf, 'PD_1,PD_3': inf, 'PD_1,PD_4': inf, 'PD_2,PD_3': inf, 'PD_2,PD_4': inf, 'PD_3,PD_4': inf}
  Computing metrics...
    RSI: {'PD_1,PD_2': 0.0, 'PD_1,PD_3': 0.0, 'PD_1,PD_4': 0.0, 'PD_2,PD_3': 0.0, 'PD_2,PD_4': 0.0, 'PD_3,PD_4': 0.5}, ASR: 1.25, TCB: {'PD_1': ['PD_3'], 'PD_2': ['PD_4'], 'PD_3': ['PD_4'], 'PD_4': ['PD_3']}, FR: {'PD_1,PD_2': inf, 'PD_1,PD_3': inf, 'PD_1,PD_4': inf, 'PD_2,PD_3': inf, 'PD_2,PD_4': inf, 'PD_3,PD_4': inf}
  Computing metrics...
    RSI: {'PD_1,PD_2': 0.0, 'PD_1,PD_3': 0.0, 'PD_1,PD_4': 0.0, 'PD_2,PD_3': 0.0, 'PD_2,PD_4': 0.0, 'PD_3,PD_4': 1.0}, ASR: 1.0, TCB: {'PD_1': ['PD_3'], 'PD_2': ['PD_4'], 'PD_3': ['PD_4'], 'PD_4': ['PD_3']}, FR: {'PD_1,PD_2': inf, 'PD_1,PD_3': inf, 'PD_1,PD_4': inf, 'PD_2,PD_3': inf, 'PD_2,PD_4': inf, 'PD_3,PD_4': inf}
  Computing metrics...
    RSI: {'PD_1,PD_2': 0.0, 'PD_1,PD_3': 0.0, 'PD_1,PD_4': 0.0, 'PD_2,PD_3': 0.0, 'PD_2,PD_4': 0.0, 'PD_3,PD_4': 0.5}, ASR: 1.25, TCB: {'PD_1': ['PD_3'], 'PD_2': ['PD_4'], 'PD_3': ['PD_4'], 'PD_4': ['PD_3']}, FR: {'PD_1,PD_2': inf, 'PD_1,PD_3': inf, 'PD_1,PD_4': inf, 'PD_2,PD_3': inf, 'PD_2,PD_4': inf, 'PD_3,PD_4': inf}
  Computing metrics...
    RSI: {'PD_1,PD_2': 0.0, 'PD_1,PD_3': 0.0, 'PD_1,PD_4': 0.0, 'PD_2,PD_3': 0.0, 'PD_2,PD_4': 0.0, 'PD_3,PD_4': 1.0}, ASR: 1.0, TCB: {'PD_1': ['PD_3'], 'PD_2': ['PD_4'], 'PD_3': ['PD_4'], 'PD_4': ['PD_3']}, FR: {'PD_1,PD_2': inf, 'PD_1,PD_3': inf, 'PD_1,PD_4': inf, 'PD_2,PD_3': inf, 'PD_2,PD_4': inf, 'PD_3,PD_4': inf}
  Computing metrics...
    RSI: {'PD_1,PD_2': 0.0, 'PD_1,PD_3': 0.0, 'PD_1,PD_4': 0.0, 'PD_2,PD_3': 0.0, 'PD_2,PD_4': 0.0, 'PD_3,PD_4': 0.5}, ASR: 1.25, TCB: {'PD_1': ['PD_3'], 'PD_2': ['PD_4'], 'PD_3': ['PD_4'], 'PD_4': ['PD_3']}, FR: {'PD_1,PD_2': inf, 'PD_1,PD_3': inf, 'PD_1,PD_4': inf, 'PD_2,PD_3': inf, 'PD_2,PD_4': inf, 'PD_3,PD_4': inf}
  Computing metrics...
    RSI: {'PD_1,PD_2': 0.0, 'PD_1,PD_3': 0.0, 'PD_1,PD_4': 0.0, 'PD_2,PD_3': 0.0, 'PD_2,PD_4': 0.0, 'PD_3,PD_4': 1.0}, ASR: 1.0, TCB: {'PD_1': ['PD_3'], 'PD_2': ['PD_4'], 'PD_3': ['PD_4'], 'PD_4': ['PD_3']}, FR: {'PD_1,PD_2': inf, 'PD_1,PD_3': inf, 'PD_1,PD_4': inf, 'PD_2,PD_3': inf, 'PD_2,PD_4': inf, 'PD_3,PD_4': inf}
  Computing metrics...
    RSI: {'PD_1,PD_2': 0.0, 'PD_1,PD_3': 0.0, 'PD_1,PD_4': 0.0, 'PD_2,PD_3': 0.0, 'PD_2,PD_4': 0.0, 'PD_3,PD_4': 0.5}, ASR: 1.25, TCB: {'PD_1': ['PD_3'], 'PD_2': ['PD_4'], 'PD_3': ['PD_4'], 'PD_4': ['PD_3']}, FR: {'PD_1,PD_2': inf, 'PD_1,PD_3': inf, 'PD_1,PD_4': inf, 'PD_2,PD_3': inf, 'PD_2,PD_4': inf, 'PD_3,PD_4': inf}
  Computing metrics...
    RSI: {'PD_1,PD_2': 0.0, 'PD_1,PD_3': 0.0, 'PD_1,PD_4': 0.0, 'PD_2,PD_3': 0.0, 'PD_2,PD_4': 0.0, 'PD_3,PD_4': 1.0}, ASR: 1.0, TCB: {'PD_1': ['PD_3'], 'PD_2': ['PD_4'], 'PD_3': ['PD_4'], 'PD_4': ['PD_3']}, FR: {'PD_1,PD_2': inf, 'PD_1,PD_3': inf, 'PD_1,PD_4': inf, 'PD_2,PD_3': inf, 'PD_2,PD_4': inf, 'PD_3,PD_4': inf}
  Computing metrics...
    RSI: {'PD_1,PD_2': 0.0, 'PD_1,PD_3': 0.0, 'PD_1,PD_4': 0.0, 'PD_2,PD_3': 0.0, 'PD_2,PD_4': 0.0, 'PD_3,PD_4': 1.0}, ASR: 1.0, TCB: {'PD_1': ['PD_3'], 'PD_2': ['PD_4'], 'PD_3': ['PD_4'], 'PD_4': ['PD_3']}, FR: {'PD_1,PD_2': inf, 'PD_1,PD_3': inf, 'PD_1,PD_4': inf, 'PD_2,PD_3': inf, 'PD_2,PD_4': inf, 'PD_3,PD_4': inf}
    remove_hold_edge candidate: remove PD_3 -> FILE_1_1 HOLD edge -> score: 0.150
  Computing metrics...
    RSI: {'PD_1,PD_2': 0.0, 'PD_1,PD_3': 0.0, 'PD_1,PD_4': 0.0, 'PD_2,PD_3': 0.0, 'PD_2,PD_4': 0.0, 'PD_3,PD_4': 1.0}, ASR: 1.0, TCB: {'PD_1': ['PD_3'], 'PD_2': ['PD_4'], 'PD_3': ['PD_4'], 'PD_4': ['PD_3']}, FR: {'PD_1,PD_2': inf, 'PD_1,PD_3': inf, 'PD_1,PD_4': inf, 'PD_2,PD_3': inf, 'PD_2,PD_4': inf, 'PD_3,PD_4': inf}
  Computing metrics...
    RSI: {'PD_1,PD_2': 0.0, 'PD_1,PD_3': 0.0, 'PD_1,PD_4': 0.0, 'PD_2,PD_3': 0.0, 'PD_2,PD_4': 0.0, 'PD_3,PD_4': 1.0}, ASR: 1.0, TCB: {'PD_1': ['PD_3'], 'PD_2': ['PD_4'], 'PD_3': ['PD_4'], 'PD_4': ['PD_3']}, FR: {'PD_1,PD_2': inf, 'PD_1,PD_3': inf, 'PD_1,PD_4': inf, 'PD_2,PD_3': inf, 'PD_2,PD_4': inf, 'PD_3,PD_4': inf}
    remove_hold_edge candidate: remove PD_4 -> FILE_1_1 HOLD edge -> score: 0.150
  Computing metrics...
    RSI: {'PD_1,PD_2': 0.0, 'PD_1,PD_3': 0.0, 'PD_1,PD_4': 0.0, 'PD_2,PD_3': 0.0, 'PD_2,PD_4': 0.0, 'PD_3,PD_4': 1.0}, ASR: 1.0, TCB: {'PD_1': ['PD_3'], 'PD_2': ['PD_4'], 'PD_3': ['PD_4'], 'PD_4': ['PD_3']}, FR: {'PD_1,PD_2': inf, 'PD_1,PD_3': inf, 'PD_1,PD_4': inf, 'PD_2,PD_3': inf, 'PD_2,PD_4': inf, 'PD_3,PD_4': inf}
  Computing metrics...
    RSI: {'PD_1,PD_2': 0.0, 'PD_1,PD_3': 0.0, 'PD_1,PD_4': 0.0, 'PD_2,PD_3': 0.0, 'PD_2,PD_4': 0.0, 'PD_3,PD_4': 1.0}, ASR: 1.25, TCB: {'PD_1': ['PD_3', 'PD_2'], 'PD_2': ['PD_4'], 'PD_3': ['PD_4'], 'PD_4': ['PD_3']}, FR: {'PD_1,PD_2': 3, 'PD_1,PD_3': inf, 'PD_1,PD_4': inf, 'PD_2,PD_3': inf, 'PD_2,PD_4': inf, 'PD_3,PD_4': inf}
  Computing metrics...
    RSI: {'PD_1,PD_2': 0.0, 'PD_1,PD_3': 0.0, 'PD_1,PD_4': 0.0, 'PD_2,PD_3': 0.0, 'PD_2,PD_4': 0.0, 'PD_3,PD_4': 1.0}, ASR: 1.0, TCB: {'PD_1': ['PD_3'], 'PD_2': ['PD_4'], 'PD_3': ['PD_4'], 'PD_4': ['PD_3']}, FR: {'PD_1,PD_2': inf, 'PD_1,PD_3': inf, 'PD_1,PD_4': inf, 'PD_2,PD_3': inf, 'PD_2,PD_4': inf, 'PD_3,PD_4': inf}
  Computing metrics...
    RSI: {'PD_1,PD_2': 0.0, 'PD_1,PD_3': 0.0, 'PD_1,PD_4': 0.0, 'PD_2,PD_3': 0.0, 'PD_2,PD_4': 0.0, 'PD_3,PD_4': 1.0}, ASR: 1.25, TCB: {'PD_1': ['PD_3', 'PD_4'], 'PD_2': ['PD_4'], 'PD_3': ['PD_4'], 'PD_4': ['PD_3']}, FR: {'PD_1,PD_2': 2, 'PD_1,PD_3': inf, 'PD_1,PD_4': inf, 'PD_2,PD_3': inf, 'PD_2,PD_4': inf, 'PD_3,PD_4': inf}
  Computing metrics...
    RSI: {'PD_1,PD_2': 0.0, 'PD_1,PD_3': 0.0, 'PD_1,PD_4': 0.0, 'PD_2,PD_3': 0.0, 'PD_2,PD_4': 0.0, 'PD_3,PD_4': 1.0}, ASR: 1.0, TCB: {'PD_1': ['PD_3'], 'PD_2': ['PD_4'], 'PD_3': ['PD_4'], 'PD_4': ['PD_3']}, FR: {'PD_1,PD_2': inf, 'PD_1,PD_3': inf, 'PD_1,PD_4': inf, 'PD_2,PD_3': inf, 'PD_2,PD_4': inf, 'PD_3,PD_4': inf}
  Computing metrics...
    RSI: {'PD_1,PD_2': 0.0, 'PD_1,PD_3': 0.0, 'PD_1,PD_4': 0.0, 'PD_2,PD_3': 0.0, 'PD_2,PD_4': 0.0, 'PD_3,PD_4': 1.0}, ASR: 1.25, TCB: {'PD_1': ['PD_3'], 'PD_2': ['PD_4', 'PD_1'], 'PD_3': ['PD_4'], 'PD_4': ['PD_3']}, FR: {'PD_1,PD_2': 3, 'PD_1,PD_3': inf, 'PD_1,PD_4': inf, 'PD_2,PD_3': inf, 'PD_2,PD_4': inf, 'PD_3,PD_4': inf}
  Computing metrics...
    RSI: {'PD_1,PD_2': 0.0, 'PD_1,PD_3': 0.0, 'PD_1,PD_4': 0.0, 'PD_2,PD_3': 0.0, 'PD_2,PD_4': 0.0, 'PD_3,PD_4': 1.0}, ASR: 1.0, TCB: {'PD_1': ['PD_3'], 'PD_2': ['PD_4'], 'PD_3': ['PD_4'], 'PD_4': ['PD_3']}, FR: {'PD_1,PD_2': inf, 'PD_1,PD_3': inf, 'PD_1,PD_4': inf, 'PD_2,PD_3': inf, 'PD_2,PD_4': inf, 'PD_3,PD_4': inf}
  Computing metrics...
    RSI: {'PD_1,PD_2': 0.0, 'PD_1,PD_3': 0.0, 'PD_1,PD_4': 0.0, 'PD_2,PD_3': 0.0, 'PD_2,PD_4': 0.0, 'PD_3,PD_4': 1.0}, ASR: 1.25, TCB: {'PD_1': ['PD_3'], 'PD_2': ['PD_4', 'PD_3'], 'PD_3': ['PD_4'], 'PD_4': ['PD_3']}, FR: {'PD_1,PD_2': 2, 'PD_1,PD_3': inf, 'PD_1,PD_4': inf, 'PD_2,PD_3': inf, 'PD_2,PD_4': inf, 'PD_3,PD_4': inf}
  Computing metrics...
    RSI: {'PD_1,PD_2': 0.0, 'PD_1,PD_3': 0.0, 'PD_1,PD_4': 0.0, 'PD_2,PD_3': 0.0, 'PD_2,PD_4': 0.0, 'PD_3,PD_4': 1.0}, ASR: 1.0, TCB: {'PD_1': ['PD_3'], 'PD_2': ['PD_4'], 'PD_3': ['PD_4'], 'PD_4': ['PD_3']}, FR: {'PD_1,PD_2': inf, 'PD_1,PD_3': inf, 'PD_1,PD_4': inf, 'PD_2,PD_3': inf, 'PD_2,PD_4': inf, 'PD_3,PD_4': inf}
  Computing metrics...
    RSI: {'PD_1,PD_2': 0.0, 'PD_1,PD_3': 0.0, 'PD_1,PD_4': 0.0, 'PD_2,PD_3': 0.0, 'PD_2,PD_4': 0.0, 'PD_3,PD_4': 1.0}, ASR: 1.25, TCB: {'PD_1': ['PD_3'], 'PD_2': ['PD_4'], 'PD_3': ['PD_1', 'PD_4'], 'PD_4': ['PD_3']}, FR: {'PD_1,PD_2': inf, 'PD_1,PD_3': inf, 'PD_1,PD_4': inf, 'PD_2,PD_3': inf, 'PD_2,PD_4': inf, 'PD_3,PD_4': inf}
  Computing metrics...
    RSI: {'PD_1,PD_2': 0.0, 'PD_1,PD_3': 0.0, 'PD_1,PD_4': 0.0, 'PD_2,PD_3': 0.0, 'PD_2,PD_4': 0.0, 'PD_3,PD_4': 1.0}, ASR: 1.0, TCB: {'PD_1': ['PD_3'], 'PD_2': ['PD_4'], 'PD_3': ['PD_4'], 'PD_4': ['PD_3']}, FR: {'PD_1,PD_2': inf, 'PD_1,PD_3': inf, 'PD_1,PD_4': inf, 'PD_2,PD_3': inf, 'PD_2,PD_4': inf, 'PD_3,PD_4': inf}
  Computing metrics...
    RSI: {'PD_1,PD_2': 0.0, 'PD_1,PD_3': 0.0, 'PD_1,PD_4': 0.0, 'PD_2,PD_3': 0.0, 'PD_2,PD_4': 0.0, 'PD_3,PD_4': 1.0}, ASR: 1.25, TCB: {'PD_1': ['PD_3'], 'PD_2': ['PD_4'], 'PD_3': ['PD_2', 'PD_4'], 'PD_4': ['PD_3']}, FR: {'PD_1,PD_2': 4, 'PD_1,PD_3': 3, 'PD_1,PD_4': inf, 'PD_2,PD_3': 3, 'PD_2,PD_4': inf, 'PD_3,PD_4': inf}
  Computing metrics...
    RSI: {'PD_1,PD_2': 0.0, 'PD_1,PD_3': 0.0, 'PD_1,PD_4': 0.0, 'PD_2,PD_3': 0.0, 'PD_2,PD_4': 0.0, 'PD_3,PD_4': 1.0}, ASR: 1.0, TCB: {'PD_1': ['PD_3'], 'PD_2': ['PD_4'], 'PD_3': ['PD_4'], 'PD_4': ['PD_3']}, FR: {'PD_1,PD_2': inf, 'PD_1,PD_3': inf, 'PD_1,PD_4': inf, 'PD_2,PD_3': inf, 'PD_2,PD_4': inf, 'PD_3,PD_4': inf}
  Computing metrics...
    RSI: {'PD_1,PD_2': 0.0, 'PD_1,PD_3': 0.0, 'PD_1,PD_4': 0.0, 'PD_2,PD_3': 0.0, 'PD_2,PD_4': 0.0, 'PD_3,PD_4': 1.0}, ASR: 1.25, TCB: {'PD_1': ['PD_3'], 'PD_2': ['PD_4'], 'PD_3': ['PD_4'], 'PD_4': ['PD_3']}, FR: {'PD_1,PD_2': 3, 'PD_1,PD_3': 3, 'PD_1,PD_4': inf, 'PD_2,PD_3': 2, 'PD_2,PD_4': inf, 'PD_3,PD_4': inf}
  Computing metrics...
    RSI: {'PD_1,PD_2': 0.0, 'PD_1,PD_3': 0.0, 'PD_1,PD_4': 0.0, 'PD_2,PD_3': 0.0, 'PD_2,PD_4': 0.0, 'PD_3,PD_4': 1.0}, ASR: 1.0, TCB: {'PD_1': ['PD_3'], 'PD_2': ['PD_4'], 'PD_3': ['PD_4'], 'PD_4': ['PD_3']}, FR: {'PD_1,PD_2': inf, 'PD_1,PD_3': inf, 'PD_1,PD_4': inf, 'PD_2,PD_3': inf, 'PD_2,PD_4': inf, 'PD_3,PD_4': inf}
  Computing metrics...
    RSI: {'PD_1,PD_2': 0.0, 'PD_1,PD_3': 0.0, 'PD_1,PD_4': 0.0, 'PD_2,PD_3': 0.0, 'PD_2,PD_4': 0.0, 'PD_3,PD_4': 1.0}, ASR: 1.25, TCB: {'PD_1': ['PD_3'], 'PD_2': ['PD_4'], 'PD_3': ['PD_4'], 'PD_4': ['PD_1', 'PD_3']}, FR: {'PD_1,PD_2': 4, 'PD_1,PD_3': inf, 'PD_1,PD_4': 3, 'PD_2,PD_3': inf, 'PD_2,PD_4': 3, 'PD_3,PD_4': inf}
  Computing metrics...
    RSI: {'PD_1,PD_2': 0.0, 'PD_1,PD_3': 0.0, 'PD_1,PD_4': 0.0, 'PD_2,PD_3': 0.0, 'PD_2,PD_4': 0.0, 'PD_3,PD_4': 1.0}, ASR: 1.0, TCB: {'PD_1': ['PD_3'], 'PD_2': ['PD_4'], 'PD_3': ['PD_4'], 'PD_4': ['PD_3']}, FR: {'PD_1,PD_2': inf, 'PD_1,PD_3': inf, 'PD_1,PD_4': inf, 'PD_2,PD_3': inf, 'PD_2,PD_4': inf, 'PD_3,PD_4': inf}
  Computing metrics...
    RSI: {'PD_1,PD_2': 0.0, 'PD_1,PD_3': 0.0, 'PD_1,PD_4': 0.0, 'PD_2,PD_3': 0.0, 'PD_2,PD_4': 0.0, 'PD_3,PD_4': 1.0}, ASR: 1.25, TCB: {'PD_1': ['PD_3'], 'PD_2': ['PD_4'], 'PD_3': ['PD_4'], 'PD_4': ['PD_2', 'PD_3']}, FR: {'PD_1,PD_2': inf, 'PD_1,PD_3': inf, 'PD_1,PD_4': inf, 'PD_2,PD_3': inf, 'PD_2,PD_4': inf, 'PD_3,PD_4': inf}
  Computing metrics...
    RSI: {'PD_1,PD_2': 0.0, 'PD_1,PD_3': 0.0, 'PD_1,PD_4': 0.0, 'PD_2,PD_3': 0.0, 'PD_2,PD_4': 0.0, 'PD_3,PD_4': 1.0}, ASR: 1.0, TCB: {'PD_1': ['PD_3'], 'PD_2': ['PD_4'], 'PD_3': ['PD_4'], 'PD_4': ['PD_3']}, FR: {'PD_1,PD_2': inf, 'PD_1,PD_3': inf, 'PD_1,PD_4': inf, 'PD_2,PD_3': inf, 'PD_2,PD_4': inf, 'PD_3,PD_4': inf}
  Computing metrics...
    RSI: {'PD_1,PD_2': 0.0, 'PD_1,PD_3': 0.0, 'PD_1,PD_4': 0.0, 'PD_2,PD_3': 0.0, 'PD_2,PD_4': 0.0, 'PD_3,PD_4': 1.0}, ASR: 1.25, TCB: {'PD_1': ['PD_3'], 'PD_2': ['PD_4'], 'PD_3': ['PD_4'], 'PD_4': ['PD_3']}, FR: {'PD_1,PD_2': 3, 'PD_1,PD_3': inf, 'PD_1,PD_4': 2, 'PD_2,PD_3': inf, 'PD_2,PD_4': 3, 'PD_3,PD_4': inf}
  Computing metrics...
    RSI: {'PD_1,PD_2': 0.0, 'PD_1,PD_3': 0.0, 'PD_1,PD_4': 0.0, 'PD_2,PD_3': 0.0, 'PD_2,PD_4': 0.0, 'PD_3,PD_4': 1.0}, ASR: 1.0, TCB: {'PD_1': ['PD_3'], 'PD_2': ['PD_4'], 'PD_3': ['PD_4'], 'PD_4': ['PD_3']}, FR: {'PD_1,PD_2': inf, 'PD_1,PD_3': inf, 'PD_1,PD_4': inf, 'PD_2,PD_3': inf, 'PD_2,PD_4': inf, 'PD_3,PD_4': inf}
  Computing metrics...
    RSI: {'PD_1,PD_2': 0.0, 'PD_1,PD_3': 0.0, 'PD_1,PD_4': 0.0, 'PD_2,PD_3': 0.0, 'PD_2,PD_4': 0.0, 'PD_3,PD_4': 1.0}, ASR: 1.0, TCB: {'PD_1': ['PD_3'], 'PD_2': ['PD_4'], 'PD_3': ['PD_4'], 'PD_4': ['PD_3']}, FR: {'PD_1,PD_2': inf, 'PD_1,PD_3': inf, 'PD_1,PD_4': inf, 'PD_2,PD_3': inf, 'PD_2,PD_4': inf, 'PD_3,PD_4': inf}
  Computing metrics...
    RSI: {'PD_1,PD_2': 0.0, 'PD_1,PD_3': 0.0, 'PD_1,PD_4': 0.0, 'PD_2,PD_3': 0.0, 'PD_2,PD_4': 0.0, 'PD_3,PD_4': 1.0}, ASR: 1.0, TCB: {'PD_1': ['PD_3'], 'PD_2': ['PD_4'], 'PD_3': ['PD_4'], 'PD_4': ['PD_3']}, FR: {'PD_1,PD_2': inf, 'PD_1,PD_3': inf, 'PD_1,PD_4': inf, 'PD_2,PD_3': inf, 'PD_2,PD_4': inf, 'PD_3,PD_4': inf}
  Computing metrics...
    RSI: {'PD_1,PD_2': 0.0, 'PD_1,PD_3': 0.0, 'PD_1,PD_4': 0.0, 'PD_2,PD_3': 0.0, 'PD_2,PD_4': 0.0, 'PD_3,PD_4': 1.0}, ASR: 1.0, TCB: {'PD_1': ['PD_3'], 'PD_2': ['PD_4'], 'PD_3': ['PD_4'], 'PD_4': ['PD_3']}, FR: {'PD_1,PD_2': inf, 'PD_1,PD_3': inf, 'PD_1,PD_4': inf, 'PD_2,PD_3': inf, 'PD_2,PD_4': inf, 'PD_3,PD_4': inf}
  Computing metrics...
    RSI: {'PD_1,PD_2': 0.0, 'PD_1,PD_3': 0.0, 'PD_1,PD_4': 0.0, 'PD_2,PD_3': 0.0, 'PD_2,PD_4': 0.0, 'PD_3,PD_4': 1.0}, ASR: 1.0, TCB: {'PD_1': ['PD_3'], 'PD_2': ['PD_4'], 'PD_3': ['PD_4'], 'PD_4': ['PD_3']}, FR: {'PD_1,PD_2': inf, 'PD_1,PD_3': inf, 'PD_1,PD_4': inf, 'PD_2,PD_3': inf, 'PD_2,PD_4': inf, 'PD_3,PD_4': inf}
  Computing metrics...
    RSI: {'PD_1,PD_2': 0.0, 'PD_1,PD_3': 0.0, 'PD_1,PD_4': 0.0, 'PD_2,PD_3': 0.0, 'PD_2,PD_4': 0.0, 'PD_3,PD_4': 1.0}, ASR: 1.0, TCB: {'PD_1': ['PD_3'], 'PD_2': ['PD_4'], 'PD_3': ['PD_4'], 'PD_4': ['PD_3']}, FR: {'PD_1,PD_2': inf, 'PD_1,PD_3': inf, 'PD_1,PD_4': inf, 'PD_2,PD_3': inf, 'PD_2,PD_4': inf, 'PD_3,PD_4': inf}
  Computing metrics...
    RSI: {'PD_1,PD_2': 0.0, 'PD_1,PD_3': 0.0, 'PD_1,PD_4': 0.0, 'PD_2,PD_3': 0.0, 'PD_2,PD_4': 0.0, 'PD_3,PD_4': 1.0}, ASR: 1.0, TCB: {'PD_1': ['PD_3'], 'PD_2': ['PD_4'], 'PD_3': ['PD_4'], 'PD_4': ['PD_3']}, FR: {'PD_1,PD_2': inf, 'PD_1,PD_3': inf, 'PD_1,PD_4': inf, 'PD_2,PD_3': inf, 'PD_2,PD_4': inf, 'PD_3,PD_4': inf}
  Computing metrics...
    RSI: {'PD_1,PD_2': 0.0, 'PD_1,PD_3': 0.0, 'PD_1,PD_4': 0.0, 'PD_2,PD_3': 0.0, 'PD_2,PD_4': 0.0, 'PD_3,PD_4': 1.0}, ASR: 1.0, TCB: {'PD_1': ['PD_3'], 'PD_2': ['PD_4'], 'PD_3': ['PD_4'], 'PD_4': ['PD_3']}, FR: {'PD_1,PD_2': inf, 'PD_1,PD_3': inf, 'PD_1,PD_4': inf, 'PD_2,PD_3': inf, 'PD_2,PD_4': inf, 'PD_3,PD_4': inf}
  Computing metrics...
    RSI: {'PD_1,PD_2': 0.0, 'PD_1,PD_3': 0.0, 'PD_1,PD_4': 0.0, 'PD_2,PD_3': 0.0, 'PD_2,PD_4': 0.0, 'PD_3,PD_4': 1.0}, ASR: 1.0, TCB: {'PD_1': ['PD_3'], 'PD_2': ['PD_4'], 'PD_3': ['PD_4'], 'PD_4': ['PD_3']}, FR: {'PD_1,PD_2': inf, 'PD_1,PD_3': inf, 'PD_1,PD_4': inf, 'PD_2,PD_3': inf, 'PD_2,PD_4': inf, 'PD_3,PD_4': inf}
  Computing metrics...
    RSI: {'PD_1,PD_2': 0.0, 'PD_1,PD_3': 0.0, 'PD_1,PD_4': 0.0, 'PD_2,PD_3': 0.0, 'PD_2,PD_4': 0.0, 'PD_3,PD_4': 1.0}, ASR: 1.0, TCB: {'PD_1': ['PD_3'], 'PD_2': ['PD_4'], 'PD_3': ['PD_4'], 'PD_4': ['PD_3']}, FR: {'PD_1,PD_2': inf, 'PD_1,PD_3': inf, 'PD_1,PD_4': inf, 'PD_2,PD_3': inf, 'PD_2,PD_4': inf, 'PD_3,PD_4': inf}
  Computing metrics...
    RSI: {'PD_1,PD_2': 0.0, 'PD_1,PD_3': 0.0, 'PD_1,PD_4': 0.0, 'PD_2,PD_3': 0.0, 'PD_2,PD_4': 0.0, 'PD_3,PD_4': 1.0}, ASR: 1.0, TCB: {'PD_1': ['PD_3'], 'PD_2': ['PD_4'], 'PD_3': ['PD_4'], 'PD_4': ['PD_3']}, FR: {'PD_1,PD_2': inf, 'PD_1,PD_3': inf, 'PD_1,PD_4': inf, 'PD_2,PD_3': inf, 'PD_2,PD_4': inf, 'PD_3,PD_4': inf}
  Computing metrics...
    RSI: {'PD_1,PD_2': 0.0, 'PD_1,PD_3': 0.0, 'PD_1,PD_4': 0.0, 'PD_2,PD_3': 0.0, 'PD_2,PD_4': 0.0, 'PD_3,PD_4': 1.0}, ASR: 1.0, TCB: {'PD_1': ['PD_3'], 'PD_2': ['PD_4'], 'PD_3': ['PD_4'], 'PD_4': ['PD_3']}, FR: {'PD_1,PD_2': inf, 'PD_1,PD_3': inf, 'PD_1,PD_4': inf, 'PD_2,PD_3': inf, 'PD_2,PD_4': inf, 'PD_3,PD_4': inf}
  🚫 Filtered out 0 'add_file_resource(create new CONFIG file in FILE_SPACE_1)' candidates (avoiding repetition)
  Trying best transition: primitive
    Target: add new protection domain to help resolve 2 constraint violation(s)
    Predicted improvement: 0.100
    Considered 42 other option(s):
      1. primitive: create new CONFIG file in FILE_SPACE_1 (improvement: 0.700)
      2. primitive: create new DATABASE file in FILE_SPACE_1 (improvement: 0.700)
      3. primitive: create new TEMP file in FILE_SPACE_1 (improvement: 0.700)
      4. primitive: create new LOG file in FILE_SPACE_1 (improvement: 0.700)
      5. primitive: add authority relationship: PD_1 -> PD_2 (improvement: 0.250)
      6. primitive: enable indirect access: PD_1 -> PD_4 (improvement: 0.250)
      7. primitive: add authority relationship: PD_2 -> PD_1 (improvement: 0.250)
      8. primitive: enable indirect access: PD_2 -> PD_3 (improvement: 0.250)
      9. primitive: add authority relationship: PD_3 -> PD_1 (improvement: 0.250)
      10. primitive: add authority relationship: PD_3 -> PD_2 (improvement: 0.250)
      ... and 32 more
    ✅ Applied add_pd
  📋 Generated 43 candidate(s)
  Computing metrics...
    RSI: {'PD_1,PD_2': 0.0, 'PD_1,PD_3': 0.0, 'PD_1,PD_4': 0.0, 'PD_2,PD_3': 0.0, 'PD_2,PD_4': 0.0, 'PD_3,PD_4': 1.0}, ASR: 1.0, TCB: {'PD_1': ['PD_3'], 'PD_2': ['PD_4'], 'PD_3': ['PD_4'], 'PD_4': ['PD_3']}, FR: {'PD_1,PD_2': inf, 'PD_1,PD_3': inf, 'PD_1,PD_4': inf, 'PD_2,PD_3': inf, 'PD_2,PD_4': inf, 'PD_3,PD_4': inf}
    ✅ Added candidate: add_file_resource (score: 0.700)
  Computing metrics...
    RSI: {'PD_1,PD_2': 0.0, 'PD_1,PD_3': 0.0, 'PD_1,PD_4': 0.0, 'PD_2,PD_3': 0.0, 'PD_2,PD_4': 0.0, 'PD_3,PD_4': 1.0}, ASR: 1.0, TCB: {'PD_1': ['PD_3'], 'PD_2': ['PD_4'], 'PD_3': ['PD_4'], 'PD_4': ['PD_3']}, FR: {'PD_1,PD_2': inf, 'PD_1,PD_3': inf, 'PD_1,PD_4': inf, 'PD_2,PD_3': inf, 'PD_2,PD_4': inf, 'PD_3,PD_4': inf}
    ✅ Added candidate: add_file_resource (score: 0.700)

🌟 Expanding Beam[1] (score: 0.700)
  ⚠️  Constraints violated: PD_1 lacks access to any files; PD_2 lacks access to any files
  Computing metrics...
    RSI: {'PD_1,PD_2': 0.0, 'PD_1,PD_3': 0.0, 'PD_1,PD_4': 0.0, 'PD_2,PD_3': 0.0, 'PD_2,PD_4': 0.0, 'PD_3,PD_4': 1.0}, ASR: 1.0, TCB: {'PD_1': ['PD_3'], 'PD_2': ['PD_4'], 'PD_3': ['PD_4'], 'PD_4': ['PD_3']}, FR: {'PD_1,PD_2': inf, 'PD_1,PD_3': inf, 'PD_1,PD_4': inf, 'PD_2,PD_3': inf, 'PD_2,PD_4': inf, 'PD_3,PD_4': inf}
  Computing metrics...
    RSI: {'PD_1,PD_2': 0.0, 'PD_1,PD_3': 0.0, 'PD_1,PD_4': 0.0, 'PD_1,PD_5': 0.0, 'PD_2,PD_3': 0.0, 'PD_2,PD_4': 0.0, 'PD_2,PD_5': 0.0, 'PD_3,PD_4': 1.0, 'PD_3,PD_5': 0.0, 'PD_4,PD_5': 0.0}, ASR: 0.8, TCB: {'PD_1': ['PD_3'], 'PD_2': ['PD_4'], 'PD_3': ['PD_4'], 'PD_4': ['PD_3'], 'PD_5': []}, FR: {'PD_1,PD_2': inf, 'PD_1,PD_3': inf, 'PD_1,PD_4': inf, 'PD_1,PD_5': inf, 'PD_2,PD_3': inf, 'PD_2,PD_4': inf, 'PD_2,PD_5': inf, 'PD_3,PD_4': inf, 'PD_3,PD_5': inf, 'PD_4,PD_5': inf}
  Computing metrics...
    RSI: {'PD_1,PD_2': 0.0, 'PD_1,PD_3': 0.0, 'PD_1,PD_4': 0.0, 'PD_2,PD_3': 0.0, 'PD_2,PD_4': 0.0, 'PD_3,PD_4': 1.0}, ASR: 1.0, TCB: {'PD_1': ['PD_3'], 'PD_2': ['PD_4'], 'PD_3': ['PD_4'], 'PD_4': ['PD_3']}, FR: {'PD_1,PD_2': inf, 'PD_1,PD_3': inf, 'PD_1,PD_4': inf, 'PD_2,PD_3': inf, 'PD_2,PD_4': inf, 'PD_3,PD_4': inf}
  Computing metrics...
    RSI: {'PD_1,PD_2': 0.0, 'PD_1,PD_3': 0.0, 'PD_1,PD_4': 0.0, 'PD_2,PD_3': 0.0, 'PD_2,PD_4': 0.0, 'PD_3,PD_4': 1.0}, ASR: 1.0, TCB: {'PD_1': ['PD_3'], 'PD_2': ['PD_4'], 'PD_3': ['PD_4'], 'PD_4': ['PD_3']}, FR: {'PD_1,PD_2': inf, 'PD_1,PD_3': inf, 'PD_1,PD_4': inf, 'PD_2,PD_3': inf, 'PD_2,PD_4': inf, 'PD_3,PD_4': inf}
  Computing metrics...
    RSI: {'PD_1,PD_2': 0.0, 'PD_1,PD_3': 0.0, 'PD_1,PD_4': 0.0, 'PD_2,PD_3': 0.0, 'PD_2,PD_4': 0.0, 'PD_3,PD_4': 1.0}, ASR: 1.0, TCB: {'PD_1': ['PD_3'], 'PD_2': ['PD_4'], 'PD_3': ['PD_4'], 'PD_4': ['PD_3']}, FR: {'PD_1,PD_2': inf, 'PD_1,PD_3': inf, 'PD_1,PD_4': inf, 'PD_2,PD_3': inf, 'PD_2,PD_4': inf, 'PD_3,PD_4': inf}
  Computing metrics...
    RSI: {'PD_1,PD_2': 0.0, 'PD_1,PD_3': 0.0, 'PD_1,PD_4': 0.0, 'PD_2,PD_3': 0.0, 'PD_2,PD_4': 0.0, 'PD_3,PD_4': 1.0}, ASR: 1.0, TCB: {'PD_1': ['PD_3'], 'PD_2': ['PD_4'], 'PD_3': ['PD_4'], 'PD_4': ['PD_3']}, FR: {'PD_1,PD_2': inf, 'PD_1,PD_3': inf, 'PD_1,PD_4': inf, 'PD_2,PD_3': inf, 'PD_2,PD_4': inf, 'PD_3,PD_4': inf}
  Computing metrics...
    RSI: {'PD_1,PD_2': 0.0, 'PD_1,PD_3': 0.0, 'PD_1,PD_4': 0.0, 'PD_2,PD_3': 0.0, 'PD_2,PD_4': 0.0, 'PD_3,PD_4': 1.0}, ASR: 1.0, TCB: {'PD_1': ['PD_3'], 'PD_2': ['PD_4'], 'PD_3': ['PD_4'], 'PD_4': ['PD_3']}, FR: {'PD_1,PD_2': inf, 'PD_1,PD_3': inf, 'PD_1,PD_4': inf, 'PD_2,PD_3': inf, 'PD_2,PD_4': inf, 'PD_3,PD_4': inf}
  Computing metrics...
    RSI: {'PD_1,PD_2': 0.0, 'PD_1,PD_3': 0.0, 'PD_1,PD_4': 0.0, 'PD_2,PD_3': 0.0, 'PD_2,PD_4': 0.0, 'PD_3,PD_4': 1.0}, ASR: 1.0, TCB: {'PD_1': ['PD_3'], 'PD_2': ['PD_4'], 'PD_3': ['PD_4'], 'PD_4': ['PD_3']}, FR: {'PD_1,PD_2': inf, 'PD_1,PD_3': inf, 'PD_1,PD_4': inf, 'PD_2,PD_3': inf, 'PD_2,PD_4': inf, 'PD_3,PD_4': inf}
  Computing metrics...
    RSI: {'PD_1,PD_2': 0.0, 'PD_1,PD_3': 0.0, 'PD_1,PD_4': 0.0, 'PD_2,PD_3': 0.0, 'PD_2,PD_4': 0.0, 'PD_3,PD_4': 1.0}, ASR: 1.0, TCB: {'PD_1': ['PD_3'], 'PD_2': ['PD_4'], 'PD_3': ['PD_4'], 'PD_4': ['PD_3']}, FR: {'PD_1,PD_2': inf, 'PD_1,PD_3': inf, 'PD_1,PD_4': inf, 'PD_2,PD_3': inf, 'PD_2,PD_4': inf, 'PD_3,PD_4': inf}
  Computing metrics...
    RSI: {'PD_1,PD_2': 0.0, 'PD_1,PD_3': 0.0, 'PD_1,PD_4': 0.0, 'PD_2,PD_3': 0.0, 'PD_2,PD_4': 0.0, 'PD_3,PD_4': 1.0}, ASR: 1.0, TCB: {'PD_1': ['PD_3'], 'PD_2': ['PD_4'], 'PD_3': ['PD_4'], 'PD_4': ['PD_3']}, FR: {'PD_1,PD_2': inf, 'PD_1,PD_3': inf, 'PD_1,PD_4': inf, 'PD_2,PD_3': inf, 'PD_2,PD_4': inf, 'PD_3,PD_4': inf}
  Computing metrics...
    RSI: {'PD_1,PD_2': 0.0, 'PD_1,PD_3': 0.0, 'PD_1,PD_4': 0.0, 'PD_2,PD_3': 0.0, 'PD_2,PD_4': 0.0, 'PD_3,PD_4': 1.0}, ASR: 1.0, TCB: {'PD_1': ['PD_3'], 'PD_2': ['PD_4'], 'PD_3': ['PD_4'], 'PD_4': ['PD_3']}, FR: {'PD_1,PD_2': inf, 'PD_1,PD_3': inf, 'PD_1,PD_4': inf, 'PD_2,PD_3': inf, 'PD_2,PD_4': inf, 'PD_3,PD_4': inf}
  Computing metrics...
    RSI: {'PD_1,PD_2': 0.0, 'PD_1,PD_3': 0.0, 'PD_1,PD_4': 0.0, 'PD_2,PD_3': 0.0, 'PD_2,PD_4': 0.0, 'PD_3,PD_4': 1.0}, ASR: 1.0, TCB: {'PD_1': ['PD_3'], 'PD_2': ['PD_4'], 'PD_3': ['PD_4'], 'PD_4': ['PD_3']}, FR: {'PD_1,PD_2': inf, 'PD_1,PD_3': inf, 'PD_1,PD_4': inf, 'PD_2,PD_3': inf, 'PD_2,PD_4': inf, 'PD_3,PD_4': inf}
  Computing metrics...
    RSI: {'PD_1,PD_2': 0.0, 'PD_1,PD_3': 0.0, 'PD_1,PD_4': 0.0, 'PD_2,PD_3': 0.0, 'PD_2,PD_4': 0.0, 'PD_3,PD_4': 1.0}, ASR: 1.0, TCB: {'PD_1': ['PD_3'], 'PD_2': ['PD_4'], 'PD_3': ['PD_4'], 'PD_4': ['PD_3']}, FR: {'PD_1,PD_2': inf, 'PD_1,PD_3': inf, 'PD_1,PD_4': inf, 'PD_2,PD_3': inf, 'PD_2,PD_4': inf, 'PD_3,PD_4': inf}
  Computing metrics...
    RSI: {'PD_1,PD_2': 0.0, 'PD_1,PD_3': 0.0, 'PD_1,PD_4': 0.0, 'PD_2,PD_3': 0.0, 'PD_2,PD_4': 0.0, 'PD_3,PD_4': 1.0}, ASR: 1.0, TCB: {'PD_1': ['PD_3'], 'PD_2': ['PD_4'], 'PD_3': ['PD_4'], 'PD_4': ['PD_3']}, FR: {'PD_1,PD_2': inf, 'PD_1,PD_3': inf, 'PD_1,PD_4': inf, 'PD_2,PD_3': inf, 'PD_2,PD_4': inf, 'PD_3,PD_4': inf}
  Computing metrics...
    RSI: {'PD_1,PD_2': 0.0, 'PD_1,PD_3': 0.0, 'PD_1,PD_4': 0.0, 'PD_2,PD_3': 0.0, 'PD_2,PD_4': 0.0, 'PD_3,PD_4': 1.0}, ASR: 1.0, TCB: {'PD_1': ['PD_3'], 'PD_2': ['PD_4'], 'PD_3': ['PD_4'], 'PD_4': ['PD_3']}, FR: {'PD_1,PD_2': inf, 'PD_1,PD_3': inf, 'PD_1,PD_4': inf, 'PD_2,PD_3': inf, 'PD_2,PD_4': inf, 'PD_3,PD_4': inf}
  Computing metrics...
    RSI: {'PD_1,PD_2': 0.0, 'PD_1,PD_3': 0.0, 'PD_1,PD_4': 0.0, 'PD_2,PD_3': 0.0, 'PD_2,PD_4': 0.0, 'PD_3,PD_4': 1.0}, ASR: 1.0, TCB: {'PD_1': ['PD_3'], 'PD_2': ['PD_4'], 'PD_3': ['PD_4'], 'PD_4': ['PD_3']}, FR: {'PD_1,PD_2': inf, 'PD_1,PD_3': inf, 'PD_1,PD_4': inf, 'PD_2,PD_3': inf, 'PD_2,PD_4': inf, 'PD_3,PD_4': inf}
  Computing metrics...
    RSI: {'PD_1,PD_2': 0.0, 'PD_1,PD_3': 0.0, 'PD_1,PD_4': 0.0, 'PD_2,PD_3': 0.0, 'PD_2,PD_4': 0.0, 'PD_3,PD_4': 1.0}, ASR: 1.0, TCB: {'PD_1': ['PD_3'], 'PD_2': ['PD_4'], 'PD_3': ['PD_4'], 'PD_4': ['PD_3']}, FR: {'PD_1,PD_2': inf, 'PD_1,PD_3': inf, 'PD_1,PD_4': inf, 'PD_2,PD_3': inf, 'PD_2,PD_4': inf, 'PD_3,PD_4': inf}
  Computing metrics...
    RSI: {'PD_1,PD_2': 0.0, 'PD_1,PD_3': 0.0, 'PD_1,PD_4': 0.0, 'PD_2,PD_3': 0.0, 'PD_2,PD_4': 0.0, 'PD_3,PD_4': 1.0}, ASR: 1.0, TCB: {'PD_1': ['PD_3'], 'PD_2': ['PD_4'], 'PD_3': ['PD_4'], 'PD_4': ['PD_3']}, FR: {'PD_1,PD_2': inf, 'PD_1,PD_3': inf, 'PD_1,PD_4': inf, 'PD_2,PD_3': inf, 'PD_2,PD_4': inf, 'PD_3,PD_4': inf}
  Computing metrics...
    RSI: {'PD_1,PD_2': 0.0, 'PD_1,PD_3': 0.0, 'PD_1,PD_4': 0.0, 'PD_2,PD_3': 0.0, 'PD_2,PD_4': 0.0, 'PD_3,PD_4': 1.0}, ASR: 1.0, TCB: {'PD_1': ['PD_3'], 'PD_2': ['PD_4'], 'PD_3': ['PD_4'], 'PD_4': ['PD_3']}, FR: {'PD_1,PD_2': inf, 'PD_1,PD_3': inf, 'PD_1,PD_4': inf, 'PD_2,PD_3': inf, 'PD_2,PD_4': inf, 'PD_3,PD_4': inf}
  Computing metrics...
    RSI: {'PD_1,PD_2': 0.0, 'PD_1,PD_3': 0.0, 'PD_1,PD_4': 0.0, 'PD_2,PD_3': 0.0, 'PD_2,PD_4': 0.0, 'PD_3,PD_4': 1.0}, ASR: 1.0, TCB: {'PD_1': ['PD_3'], 'PD_2': ['PD_4'], 'PD_3': ['PD_4'], 'PD_4': ['PD_3']}, FR: {'PD_1,PD_2': inf, 'PD_1,PD_3': inf, 'PD_1,PD_4': inf, 'PD_2,PD_3': inf, 'PD_2,PD_4': inf, 'PD_3,PD_4': inf}
  Computing metrics...
    RSI: {'PD_1,PD_2': 0.0, 'PD_1,PD_3': 0.0, 'PD_1,PD_4': 0.0, 'PD_2,PD_3': 0.0, 'PD_2,PD_4': 0.0, 'PD_3,PD_4': 1.0}, ASR: 1.0, TCB: {'PD_1': ['PD_3'], 'PD_2': ['PD_4'], 'PD_3': ['PD_4'], 'PD_4': ['PD_3']}, FR: {'PD_1,PD_2': inf, 'PD_1,PD_3': inf, 'PD_1,PD_4': inf, 'PD_2,PD_3': inf, 'PD_2,PD_4': inf, 'PD_3,PD_4': inf}
  Computing metrics...
    RSI: {'PD_1,PD_2': 0.0, 'PD_1,PD_3': 0.0, 'PD_1,PD_4': 0.0, 'PD_2,PD_3': 0.0, 'PD_2,PD_4': 0.0, 'PD_3,PD_4': 1.0}, ASR: 1.0, TCB: {'PD_1': ['PD_3'], 'PD_2': ['PD_4'], 'PD_3': ['PD_4'], 'PD_4': ['PD_3']}, FR: {'PD_1,PD_2': inf, 'PD_1,PD_3': inf, 'PD_1,PD_4': inf, 'PD_2,PD_3': inf, 'PD_2,PD_4': inf, 'PD_3,PD_4': inf}
  Computing metrics...
    RSI: {'PD_1,PD_2': 0.0, 'PD_1,PD_3': 0.0, 'PD_1,PD_4': 0.0, 'PD_2,PD_3': 0.0, 'PD_2,PD_4': 0.0, 'PD_3,PD_4': 1.0}, ASR: 1.0, TCB: {'PD_1': ['PD_3'], 'PD_2': ['PD_4'], 'PD_3': ['PD_4'], 'PD_4': ['PD_3']}, FR: {'PD_1,PD_2': inf, 'PD_1,PD_3': inf, 'PD_1,PD_4': inf, 'PD_2,PD_3': inf, 'PD_2,PD_4': inf, 'PD_3,PD_4': inf}
  Computing metrics...
    RSI: {'PD_1,PD_2': 0.0, 'PD_1,PD_3': 1.0, 'PD_1,PD_4': 1.0, 'PD_2,PD_3': 0.0, 'PD_2,PD_4': 0.0, 'PD_3,PD_4': 1.0}, ASR: 1.25, TCB: {'PD_1': ['PD_3', 'PD_4'], 'PD_2': ['PD_4'], 'PD_3': ['PD_1', 'PD_4'], 'PD_4': ['PD_1', 'PD_3']}, FR: {'PD_1,PD_2': inf, 'PD_1,PD_3': inf, 'PD_1,PD_4': inf, 'PD_2,PD_3': inf, 'PD_2,PD_4': inf, 'PD_3,PD_4': inf}
  Computing metrics...
    RSI: {'PD_1,PD_2': 0.0, 'PD_1,PD_3': 0.0, 'PD_1,PD_4': 0.0, 'PD_2,PD_3': 0.0, 'PD_2,PD_4': 0.0, 'PD_3,PD_4': 1.0}, ASR: 1.0, TCB: {'PD_1': ['PD_3'], 'PD_2': ['PD_4'], 'PD_3': ['PD_4'], 'PD_4': ['PD_3']}, FR: {'PD_1,PD_2': inf, 'PD_1,PD_3': inf, 'PD_1,PD_4': inf, 'PD_2,PD_3': inf, 'PD_2,PD_4': inf, 'PD_3,PD_4': inf}
  Computing metrics...
    RSI: {'PD_1,PD_2': 0.0, 'PD_1,PD_3': 0.0, 'PD_1,PD_4': 0.0, 'PD_2,PD_3': 0.0, 'PD_2,PD_4': 0.0, 'PD_3,PD_4': 1.0}, ASR: 1.25, TCB: {'PD_1': ['PD_3'], 'PD_2': ['PD_4'], 'PD_3': ['PD_4'], 'PD_4': ['PD_3']}, FR: {'PD_1,PD_2': inf, 'PD_1,PD_3': inf, 'PD_1,PD_4': inf, 'PD_2,PD_3': inf, 'PD_2,PD_4': inf, 'PD_3,PD_4': inf}
  Computing metrics...
    RSI: {'PD_1,PD_2': 0.0, 'PD_1,PD_3': 0.0, 'PD_1,PD_4': 0.0, 'PD_2,PD_3': 0.0, 'PD_2,PD_4': 0.0, 'PD_3,PD_4': 1.0}, ASR: 1.0, TCB: {'PD_1': ['PD_3'], 'PD_2': ['PD_4'], 'PD_3': ['PD_4'], 'PD_4': ['PD_3']}, FR: {'PD_1,PD_2': inf, 'PD_1,PD_3': inf, 'PD_1,PD_4': inf, 'PD_2,PD_3': inf, 'PD_2,PD_4': inf, 'PD_3,PD_4': inf}
  Computing metrics...
    RSI: {'PD_1,PD_2': 0.0, 'PD_1,PD_3': 0.0, 'PD_1,PD_4': 0.0, 'PD_2,PD_3': 0.0, 'PD_2,PD_4': 0.0, 'PD_3,PD_4': 1.0}, ASR: 1.25, TCB: {'PD_1': ['PD_3'], 'PD_2': ['PD_4'], 'PD_3': ['PD_4'], 'PD_4': ['PD_3']}, FR: {'PD_1,PD_2': inf, 'PD_1,PD_3': inf, 'PD_1,PD_4': inf, 'PD_2,PD_3': inf, 'PD_2,PD_4': inf, 'PD_3,PD_4': inf}
  Computing metrics...
    RSI: {'PD_1,PD_2': 0.0, 'PD_1,PD_3': 0.0, 'PD_1,PD_4': 0.0, 'PD_2,PD_3': 0.0, 'PD_2,PD_4': 0.0, 'PD_3,PD_4': 1.0}, ASR: 1.0, TCB: {'PD_1': ['PD_3'], 'PD_2': ['PD_4'], 'PD_3': ['PD_4'], 'PD_4': ['PD_3']}, FR: {'PD_1,PD_2': inf, 'PD_1,PD_3': inf, 'PD_1,PD_4': inf, 'PD_2,PD_3': inf, 'PD_2,PD_4': inf, 'PD_3,PD_4': inf}
  Computing metrics...
    RSI: {'PD_1,PD_2': 0.0, 'PD_1,PD_3': 0.0, 'PD_1,PD_4': 0.0, 'PD_2,PD_3': 0.0, 'PD_2,PD_4': 0.0, 'PD_3,PD_4': 1.0}, ASR: 1.25, TCB: {'PD_1': ['PD_3'], 'PD_2': ['PD_4'], 'PD_3': ['PD_4'], 'PD_4': ['PD_3']}, FR: {'PD_1,PD_2': inf, 'PD_1,PD_3': inf, 'PD_1,PD_4': inf, 'PD_2,PD_3': inf, 'PD_2,PD_4': inf, 'PD_3,PD_4': inf}
  Computing metrics...
    RSI: {'PD_1,PD_2': 0.0, 'PD_1,PD_3': 0.0, 'PD_1,PD_4': 0.0, 'PD_2,PD_3': 0.0, 'PD_2,PD_4': 0.0, 'PD_3,PD_4': 1.0}, ASR: 1.0, TCB: {'PD_1': ['PD_3'], 'PD_2': ['PD_4'], 'PD_3': ['PD_4'], 'PD_4': ['PD_3']}, FR: {'PD_1,PD_2': inf, 'PD_1,PD_3': inf, 'PD_1,PD_4': inf, 'PD_2,PD_3': inf, 'PD_2,PD_4': inf, 'PD_3,PD_4': inf}
  Computing metrics...
    RSI: {'PD_1,PD_2': 0.0, 'PD_1,PD_3': 0.0, 'PD_1,PD_4': 0.0, 'PD_2,PD_3': 1.0, 'PD_2,PD_4': 1.0, 'PD_3,PD_4': 1.0}, ASR: 1.25, TCB: {'PD_1': ['PD_3'], 'PD_2': ['PD_4', 'PD_3'], 'PD_3': ['PD_2', 'PD_4'], 'PD_4': ['PD_2', 'PD_3']}, FR: {'PD_1,PD_2': inf, 'PD_1,PD_3': inf, 'PD_1,PD_4': inf, 'PD_2,PD_3': inf, 'PD_2,PD_4': inf, 'PD_3,PD_4': inf}
  Computing metrics...
    RSI: {'PD_1,PD_2': 0.0, 'PD_1,PD_3': 0.0, 'PD_1,PD_4': 0.0, 'PD_2,PD_3': 0.0, 'PD_2,PD_4': 0.0, 'PD_3,PD_4': 1.0}, ASR: 1.0, TCB: {'PD_1': ['PD_3'], 'PD_2': ['PD_4'], 'PD_3': ['PD_4'], 'PD_4': ['PD_3']}, FR: {'PD_1,PD_2': inf, 'PD_1,PD_3': inf, 'PD_1,PD_4': inf, 'PD_2,PD_3': inf, 'PD_2,PD_4': inf, 'PD_3,PD_4': inf}
  Computing metrics...
    RSI: {'PD_1,PD_2': 0.0, 'PD_1,PD_3': 0.0, 'PD_1,PD_4': 0.0, 'PD_2,PD_3': 0.0, 'PD_2,PD_4': 0.0, 'PD_3,PD_4': 1.0}, ASR: 1.25, TCB: {'PD_1': ['PD_3'], 'PD_2': ['PD_4'], 'PD_3': ['PD_4'], 'PD_4': ['PD_3']}, FR: {'PD_1,PD_2': inf, 'PD_1,PD_3': inf, 'PD_1,PD_4': inf, 'PD_2,PD_3': inf, 'PD_2,PD_4': inf, 'PD_3,PD_4': inf}
  Computing metrics...
    RSI: {'PD_1,PD_2': 0.0, 'PD_1,PD_3': 0.0, 'PD_1,PD_4': 0.0, 'PD_2,PD_3': 0.0, 'PD_2,PD_4': 0.0, 'PD_3,PD_4': 1.0}, ASR: 1.0, TCB: {'PD_1': ['PD_3'], 'PD_2': ['PD_4'], 'PD_3': ['PD_4'], 'PD_4': ['PD_3']}, FR: {'PD_1,PD_2': inf, 'PD_1,PD_3': inf, 'PD_1,PD_4': inf, 'PD_2,PD_3': inf, 'PD_2,PD_4': inf, 'PD_3,PD_4': inf}
  Computing metrics...
    RSI: {'PD_1,PD_2': 0.0, 'PD_1,PD_3': 0.0, 'PD_1,PD_4': 0.0, 'PD_2,PD_3': 0.0, 'PD_2,PD_4': 0.0, 'PD_3,PD_4': 1.0}, ASR: 1.25, TCB: {'PD_1': ['PD_3'], 'PD_2': ['PD_4'], 'PD_3': ['PD_4'], 'PD_4': ['PD_3']}, FR: {'PD_1,PD_2': inf, 'PD_1,PD_3': inf, 'PD_1,PD_4': inf, 'PD_2,PD_3': inf, 'PD_2,PD_4': inf, 'PD_3,PD_4': inf}
  Computing metrics...
    RSI: {'PD_1,PD_2': 0.0, 'PD_1,PD_3': 0.0, 'PD_1,PD_4': 0.0, 'PD_2,PD_3': 0.0, 'PD_2,PD_4': 0.0, 'PD_3,PD_4': 1.0}, ASR: 1.0, TCB: {'PD_1': ['PD_3'], 'PD_2': ['PD_4'], 'PD_3': ['PD_4'], 'PD_4': ['PD_3']}, FR: {'PD_1,PD_2': inf, 'PD_1,PD_3': inf, 'PD_1,PD_4': inf, 'PD_2,PD_3': inf, 'PD_2,PD_4': inf, 'PD_3,PD_4': inf}
  Computing metrics...
    RSI: {'PD_1,PD_2': 0.0, 'PD_1,PD_3': 0.0, 'PD_1,PD_4': 0.0, 'PD_2,PD_3': 0.0, 'PD_2,PD_4': 0.0, 'PD_3,PD_4': 1.0}, ASR: 1.25, TCB: {'PD_1': ['PD_3'], 'PD_2': ['PD_4'], 'PD_3': ['PD_4'], 'PD_4': ['PD_3']}, FR: {'PD_1,PD_2': inf, 'PD_1,PD_3': inf, 'PD_1,PD_4': inf, 'PD_2,PD_3': inf, 'PD_2,PD_4': inf, 'PD_3,PD_4': inf}
  Computing metrics...
    RSI: {'PD_1,PD_2': 0.0, 'PD_1,PD_3': 0.0, 'PD_1,PD_4': 0.0, 'PD_2,PD_3': 0.0, 'PD_2,PD_4': 0.0, 'PD_3,PD_4': 1.0}, ASR: 1.0, TCB: {'PD_1': ['PD_3'], 'PD_2': ['PD_4'], 'PD_3': ['PD_4'], 'PD_4': ['PD_3']}, FR: {'PD_1,PD_2': inf, 'PD_1,PD_3': inf, 'PD_1,PD_4': inf, 'PD_2,PD_3': inf, 'PD_2,PD_4': inf, 'PD_3,PD_4': inf}
  Computing metrics...
    RSI: {'PD_1,PD_2': 0.0, 'PD_1,PD_3': 0.0, 'PD_1,PD_4': 0.0, 'PD_2,PD_3': 0.0, 'PD_2,PD_4': 0.0, 'PD_3,PD_4': 0.5}, ASR: 1.25, TCB: {'PD_1': ['PD_3'], 'PD_2': ['PD_4'], 'PD_3': ['PD_4'], 'PD_4': ['PD_3']}, FR: {'PD_1,PD_2': inf, 'PD_1,PD_3': inf, 'PD_1,PD_4': inf, 'PD_2,PD_3': inf, 'PD_2,PD_4': inf, 'PD_3,PD_4': inf}
  Computing metrics...
    RSI: {'PD_1,PD_2': 0.0, 'PD_1,PD_3': 0.0, 'PD_1,PD_4': 0.0, 'PD_2,PD_3': 0.0, 'PD_2,PD_4': 0.0, 'PD_3,PD_4': 1.0}, ASR: 1.0, TCB: {'PD_1': ['PD_3'], 'PD_2': ['PD_4'], 'PD_3': ['PD_4'], 'PD_4': ['PD_3']}, FR: {'PD_1,PD_2': inf, 'PD_1,PD_3': inf, 'PD_1,PD_4': inf, 'PD_2,PD_3': inf, 'PD_2,PD_4': inf, 'PD_3,PD_4': inf}
  Computing metrics...
    RSI: {'PD_1,PD_2': 0.0, 'PD_1,PD_3': 0.0, 'PD_1,PD_4': 0.0, 'PD_2,PD_3': 0.0, 'PD_2,PD_4': 0.0, 'PD_3,PD_4': 0.5}, ASR: 1.25, TCB: {'PD_1': ['PD_3'], 'PD_2': ['PD_4'], 'PD_3': ['PD_4'], 'PD_4': ['PD_3']}, FR: {'PD_1,PD_2': inf, 'PD_1,PD_3': inf, 'PD_1,PD_4': inf, 'PD_2,PD_3': inf, 'PD_2,PD_4': inf, 'PD_3,PD_4': inf}
  Computing metrics...
    RSI: {'PD_1,PD_2': 0.0, 'PD_1,PD_3': 0.0, 'PD_1,PD_4': 0.0, 'PD_2,PD_3': 0.0, 'PD_2,PD_4': 0.0, 'PD_3,PD_4': 1.0}, ASR: 1.0, TCB: {'PD_1': ['PD_3'], 'PD_2': ['PD_4'], 'PD_3': ['PD_4'], 'PD_4': ['PD_3']}, FR: {'PD_1,PD_2': inf, 'PD_1,PD_3': inf, 'PD_1,PD_4': inf, 'PD_2,PD_3': inf, 'PD_2,PD_4': inf, 'PD_3,PD_4': inf}
  Computing metrics...
    RSI: {'PD_1,PD_2': 0.0, 'PD_1,PD_3': 0.0, 'PD_1,PD_4': 0.0, 'PD_2,PD_3': 0.0, 'PD_2,PD_4': 0.0, 'PD_3,PD_4': 0.5}, ASR: 1.25, TCB: {'PD_1': ['PD_3'], 'PD_2': ['PD_4'], 'PD_3': ['PD_4'], 'PD_4': ['PD_3']}, FR: {'PD_1,PD_2': inf, 'PD_1,PD_3': inf, 'PD_1,PD_4': inf, 'PD_2,PD_3': inf, 'PD_2,PD_4': inf, 'PD_3,PD_4': inf}
  Computing metrics...
    RSI: {'PD_1,PD_2': 0.0, 'PD_1,PD_3': 0.0, 'PD_1,PD_4': 0.0, 'PD_2,PD_3': 0.0, 'PD_2,PD_4': 0.0, 'PD_3,PD_4': 1.0}, ASR: 1.0, TCB: {'PD_1': ['PD_3'], 'PD_2': ['PD_4'], 'PD_3': ['PD_4'], 'PD_4': ['PD_3']}, FR: {'PD_1,PD_2': inf, 'PD_1,PD_3': inf, 'PD_1,PD_4': inf, 'PD_2,PD_3': inf, 'PD_2,PD_4': inf, 'PD_3,PD_4': inf}
  Computing metrics...
    RSI: {'PD_1,PD_2': 0.0, 'PD_1,PD_3': 0.0, 'PD_1,PD_4': 0.0, 'PD_2,PD_3': 0.0, 'PD_2,PD_4': 0.0, 'PD_3,PD_4': 0.5}, ASR: 1.25, TCB: {'PD_1': ['PD_3'], 'PD_2': ['PD_4'], 'PD_3': ['PD_4'], 'PD_4': ['PD_3']}, FR: {'PD_1,PD_2': inf, 'PD_1,PD_3': inf, 'PD_1,PD_4': inf, 'PD_2,PD_3': inf, 'PD_2,PD_4': inf, 'PD_3,PD_4': inf}
  Computing metrics...
    RSI: {'PD_1,PD_2': 0.0, 'PD_1,PD_3': 0.0, 'PD_1,PD_4': 0.0, 'PD_2,PD_3': 0.0, 'PD_2,PD_4': 0.0, 'PD_3,PD_4': 1.0}, ASR: 1.0, TCB: {'PD_1': ['PD_3'], 'PD_2': ['PD_4'], 'PD_3': ['PD_4'], 'PD_4': ['PD_3']}, FR: {'PD_1,PD_2': inf, 'PD_1,PD_3': inf, 'PD_1,PD_4': inf, 'PD_2,PD_3': inf, 'PD_2,PD_4': inf, 'PD_3,PD_4': inf}
  Computing metrics...
    RSI: {'PD_1,PD_2': 0.0, 'PD_1,PD_3': 0.0, 'PD_1,PD_4': 0.0, 'PD_2,PD_3': 0.0, 'PD_2,PD_4': 0.0, 'PD_3,PD_4': 0.5}, ASR: 1.25, TCB: {'PD_1': ['PD_3'], 'PD_2': ['PD_4'], 'PD_3': ['PD_4'], 'PD_4': ['PD_3']}, FR: {'PD_1,PD_2': inf, 'PD_1,PD_3': inf, 'PD_1,PD_4': inf, 'PD_2,PD_3': inf, 'PD_2,PD_4': inf, 'PD_3,PD_4': inf}
  Computing metrics...
    RSI: {'PD_1,PD_2': 0.0, 'PD_1,PD_3': 0.0, 'PD_1,PD_4': 0.0, 'PD_2,PD_3': 0.0, 'PD_2,PD_4': 0.0, 'PD_3,PD_4': 1.0}, ASR: 1.0, TCB: {'PD_1': ['PD_3'], 'PD_2': ['PD_4'], 'PD_3': ['PD_4'], 'PD_4': ['PD_3']}, FR: {'PD_1,PD_2': inf, 'PD_1,PD_3': inf, 'PD_1,PD_4': inf, 'PD_2,PD_3': inf, 'PD_2,PD_4': inf, 'PD_3,PD_4': inf}
  Computing metrics...
    RSI: {'PD_1,PD_2': 0.0, 'PD_1,PD_3': 0.0, 'PD_1,PD_4': 0.0, 'PD_2,PD_3': 0.0, 'PD_2,PD_4': 0.0, 'PD_3,PD_4': 0.5}, ASR: 1.25, TCB: {'PD_1': ['PD_3'], 'PD_2': ['PD_4'], 'PD_3': ['PD_4'], 'PD_4': ['PD_3']}, FR: {'PD_1,PD_2': inf, 'PD_1,PD_3': inf, 'PD_1,PD_4': inf, 'PD_2,PD_3': inf, 'PD_2,PD_4': inf, 'PD_3,PD_4': inf}
  Computing metrics...
    RSI: {'PD_1,PD_2': 0.0, 'PD_1,PD_3': 0.0, 'PD_1,PD_4': 0.0, 'PD_2,PD_3': 0.0, 'PD_2,PD_4': 0.0, 'PD_3,PD_4': 1.0}, ASR: 1.0, TCB: {'PD_1': ['PD_3'], 'PD_2': ['PD_4'], 'PD_3': ['PD_4'], 'PD_4': ['PD_3']}, FR: {'PD_1,PD_2': inf, 'PD_1,PD_3': inf, 'PD_1,PD_4': inf, 'PD_2,PD_3': inf, 'PD_2,PD_4': inf, 'PD_3,PD_4': inf}
  Computing metrics...
    RSI: {'PD_1,PD_2': 0.0, 'PD_1,PD_3': 0.0, 'PD_1,PD_4': 0.0, 'PD_2,PD_3': 0.0, 'PD_2,PD_4': 0.0, 'PD_3,PD_4': 1.0}, ASR: 1.0, TCB: {'PD_1': ['PD_3'], 'PD_2': ['PD_4'], 'PD_3': ['PD_4'], 'PD_4': ['PD_3']}, FR: {'PD_1,PD_2': inf, 'PD_1,PD_3': inf, 'PD_1,PD_4': inf, 'PD_2,PD_3': inf, 'PD_2,PD_4': inf, 'PD_3,PD_4': inf}
    remove_hold_edge candidate: remove PD_3 -> FILE_1_1 HOLD edge -> score: 0.150
  Computing metrics...
    RSI: {'PD_1,PD_2': 0.0, 'PD_1,PD_3': 0.0, 'PD_1,PD_4': 0.0, 'PD_2,PD_3': 0.0, 'PD_2,PD_4': 0.0, 'PD_3,PD_4': 1.0}, ASR: 1.0, TCB: {'PD_1': ['PD_3'], 'PD_2': ['PD_4'], 'PD_3': ['PD_4'], 'PD_4': ['PD_3']}, FR: {'PD_1,PD_2': inf, 'PD_1,PD_3': inf, 'PD_1,PD_4': inf, 'PD_2,PD_3': inf, 'PD_2,PD_4': inf, 'PD_3,PD_4': inf}
  Computing metrics...
    RSI: {'PD_1,PD_2': 0.0, 'PD_1,PD_3': 0.0, 'PD_1,PD_4': 0.0, 'PD_2,PD_3': 0.0, 'PD_2,PD_4': 0.0, 'PD_3,PD_4': 1.0}, ASR: 1.0, TCB: {'PD_1': ['PD_3'], 'PD_2': ['PD_4'], 'PD_3': ['PD_4'], 'PD_4': ['PD_3']}, FR: {'PD_1,PD_2': inf, 'PD_1,PD_3': inf, 'PD_1,PD_4': inf, 'PD_2,PD_3': inf, 'PD_2,PD_4': inf, 'PD_3,PD_4': inf}
    remove_hold_edge candidate: remove PD_4 -> FILE_1_1 HOLD edge -> score: 0.150
  Computing metrics...
    RSI: {'PD_1,PD_2': 0.0, 'PD_1,PD_3': 0.0, 'PD_1,PD_4': 0.0, 'PD_2,PD_3': 0.0, 'PD_2,PD_4': 0.0, 'PD_3,PD_4': 1.0}, ASR: 1.0, TCB: {'PD_1': ['PD_3'], 'PD_2': ['PD_4'], 'PD_3': ['PD_4'], 'PD_4': ['PD_3']}, FR: {'PD_1,PD_2': inf, 'PD_1,PD_3': inf, 'PD_1,PD_4': inf, 'PD_2,PD_3': inf, 'PD_2,PD_4': inf, 'PD_3,PD_4': inf}
  Computing metrics...
    RSI: {'PD_1,PD_2': 0.0, 'PD_1,PD_3': 0.0, 'PD_1,PD_4': 0.0, 'PD_2,PD_3': 0.0, 'PD_2,PD_4': 0.0, 'PD_3,PD_4': 1.0}, ASR: 1.25, TCB: {'PD_1': ['PD_3', 'PD_2'], 'PD_2': ['PD_4'], 'PD_3': ['PD_4'], 'PD_4': ['PD_3']}, FR: {'PD_1,PD_2': 3, 'PD_1,PD_3': inf, 'PD_1,PD_4': inf, 'PD_2,PD_3': inf, 'PD_2,PD_4': inf, 'PD_3,PD_4': inf}
  Computing metrics...
    RSI: {'PD_1,PD_2': 0.0, 'PD_1,PD_3': 0.0, 'PD_1,PD_4': 0.0, 'PD_2,PD_3': 0.0, 'PD_2,PD_4': 0.0, 'PD_3,PD_4': 1.0}, ASR: 1.0, TCB: {'PD_1': ['PD_3'], 'PD_2': ['PD_4'], 'PD_3': ['PD_4'], 'PD_4': ['PD_3']}, FR: {'PD_1,PD_2': inf, 'PD_1,PD_3': inf, 'PD_1,PD_4': inf, 'PD_2,PD_3': inf, 'PD_2,PD_4': inf, 'PD_3,PD_4': inf}
  Computing metrics...
    RSI: {'PD_1,PD_2': 0.0, 'PD_1,PD_3': 0.0, 'PD_1,PD_4': 0.0, 'PD_2,PD_3': 0.0, 'PD_2,PD_4': 0.0, 'PD_3,PD_4': 1.0}, ASR: 1.25, TCB: {'PD_1': ['PD_3', 'PD_4'], 'PD_2': ['PD_4'], 'PD_3': ['PD_4'], 'PD_4': ['PD_3']}, FR: {'PD_1,PD_2': 2, 'PD_1,PD_3': inf, 'PD_1,PD_4': inf, 'PD_2,PD_3': inf, 'PD_2,PD_4': inf, 'PD_3,PD_4': inf}
  Computing metrics...
    RSI: {'PD_1,PD_2': 0.0, 'PD_1,PD_3': 0.0, 'PD_1,PD_4': 0.0, 'PD_2,PD_3': 0.0, 'PD_2,PD_4': 0.0, 'PD_3,PD_4': 1.0}, ASR: 1.0, TCB: {'PD_1': ['PD_3'], 'PD_2': ['PD_4'], 'PD_3': ['PD_4'], 'PD_4': ['PD_3']}, FR: {'PD_1,PD_2': inf, 'PD_1,PD_3': inf, 'PD_1,PD_4': inf, 'PD_2,PD_3': inf, 'PD_2,PD_4': inf, 'PD_3,PD_4': inf}
  Computing metrics...
    RSI: {'PD_1,PD_2': 0.0, 'PD_1,PD_3': 0.0, 'PD_1,PD_4': 0.0, 'PD_2,PD_3': 0.0, 'PD_2,PD_4': 0.0, 'PD_3,PD_4': 1.0}, ASR: 1.25, TCB: {'PD_1': ['PD_3'], 'PD_2': ['PD_4', 'PD_1'], 'PD_3': ['PD_4'], 'PD_4': ['PD_3']}, FR: {'PD_1,PD_2': 3, 'PD_1,PD_3': inf, 'PD_1,PD_4': inf, 'PD_2,PD_3': inf, 'PD_2,PD_4': inf, 'PD_3,PD_4': inf}
  Computing metrics...
    RSI: {'PD_1,PD_2': 0.0, 'PD_1,PD_3': 0.0, 'PD_1,PD_4': 0.0, 'PD_2,PD_3': 0.0, 'PD_2,PD_4': 0.0, 'PD_3,PD_4': 1.0}, ASR: 1.0, TCB: {'PD_1': ['PD_3'], 'PD_2': ['PD_4'], 'PD_3': ['PD_4'], 'PD_4': ['PD_3']}, FR: {'PD_1,PD_2': inf, 'PD_1,PD_3': inf, 'PD_1,PD_4': inf, 'PD_2,PD_3': inf, 'PD_2,PD_4': inf, 'PD_3,PD_4': inf}
  Computing metrics...
    RSI: {'PD_1,PD_2': 0.0, 'PD_1,PD_3': 0.0, 'PD_1,PD_4': 0.0, 'PD_2,PD_3': 0.0, 'PD_2,PD_4': 0.0, 'PD_3,PD_4': 1.0}, ASR: 1.25, TCB: {'PD_1': ['PD_3'], 'PD_2': ['PD_4', 'PD_3'], 'PD_3': ['PD_4'], 'PD_4': ['PD_3']}, FR: {'PD_1,PD_2': 2, 'PD_1,PD_3': inf, 'PD_1,PD_4': inf, 'PD_2,PD_3': inf, 'PD_2,PD_4': inf, 'PD_3,PD_4': inf}
  Computing metrics...
    RSI: {'PD_1,PD_2': 0.0, 'PD_1,PD_3': 0.0, 'PD_1,PD_4': 0.0, 'PD_2,PD_3': 0.0, 'PD_2,PD_4': 0.0, 'PD_3,PD_4': 1.0}, ASR: 1.0, TCB: {'PD_1': ['PD_3'], 'PD_2': ['PD_4'], 'PD_3': ['PD_4'], 'PD_4': ['PD_3']}, FR: {'PD_1,PD_2': inf, 'PD_1,PD_3': inf, 'PD_1,PD_4': inf, 'PD_2,PD_3': inf, 'PD_2,PD_4': inf, 'PD_3,PD_4': inf}
  Computing metrics...
    RSI: {'PD_1,PD_2': 0.0, 'PD_1,PD_3': 0.0, 'PD_1,PD_4': 0.0, 'PD_2,PD_3': 0.0, 'PD_2,PD_4': 0.0, 'PD_3,PD_4': 1.0}, ASR: 1.25, TCB: {'PD_1': ['PD_3'], 'PD_2': ['PD_4'], 'PD_3': ['PD_1', 'PD_4'], 'PD_4': ['PD_3']}, FR: {'PD_1,PD_2': inf, 'PD_1,PD_3': inf, 'PD_1,PD_4': inf, 'PD_2,PD_3': inf, 'PD_2,PD_4': inf, 'PD_3,PD_4': inf}
  Computing metrics...
    RSI: {'PD_1,PD_2': 0.0, 'PD_1,PD_3': 0.0, 'PD_1,PD_4': 0.0, 'PD_2,PD_3': 0.0, 'PD_2,PD_4': 0.0, 'PD_3,PD_4': 1.0}, ASR: 1.0, TCB: {'PD_1': ['PD_3'], 'PD_2': ['PD_4'], 'PD_3': ['PD_4'], 'PD_4': ['PD_3']}, FR: {'PD_1,PD_2': inf, 'PD_1,PD_3': inf, 'PD_1,PD_4': inf, 'PD_2,PD_3': inf, 'PD_2,PD_4': inf, 'PD_3,PD_4': inf}
  Computing metrics...
    RSI: {'PD_1,PD_2': 0.0, 'PD_1,PD_3': 0.0, 'PD_1,PD_4': 0.0, 'PD_2,PD_3': 0.0, 'PD_2,PD_4': 0.0, 'PD_3,PD_4': 1.0}, ASR: 1.25, TCB: {'PD_1': ['PD_3'], 'PD_2': ['PD_4'], 'PD_3': ['PD_2', 'PD_4'], 'PD_4': ['PD_3']}, FR: {'PD_1,PD_2': 4, 'PD_1,PD_3': 3, 'PD_1,PD_4': inf, 'PD_2,PD_3': 3, 'PD_2,PD_4': inf, 'PD_3,PD_4': inf}
  Computing metrics...
    RSI: {'PD_1,PD_2': 0.0, 'PD_1,PD_3': 0.0, 'PD_1,PD_4': 0.0, 'PD_2,PD_3': 0.0, 'PD_2,PD_4': 0.0, 'PD_3,PD_4': 1.0}, ASR: 1.0, TCB: {'PD_1': ['PD_3'], 'PD_2': ['PD_4'], 'PD_3': ['PD_4'], 'PD_4': ['PD_3']}, FR: {'PD_1,PD_2': inf, 'PD_1,PD_3': inf, 'PD_1,PD_4': inf, 'PD_2,PD_3': inf, 'PD_2,PD_4': inf, 'PD_3,PD_4': inf}
  Computing metrics...
    RSI: {'PD_1,PD_2': 0.0, 'PD_1,PD_3': 0.0, 'PD_1,PD_4': 0.0, 'PD_2,PD_3': 0.0, 'PD_2,PD_4': 0.0, 'PD_3,PD_4': 1.0}, ASR: 1.25, TCB: {'PD_1': ['PD_3'], 'PD_2': ['PD_4'], 'PD_3': ['PD_4'], 'PD_4': ['PD_3']}, FR: {'PD_1,PD_2': 3, 'PD_1,PD_3': 3, 'PD_1,PD_4': inf, 'PD_2,PD_3': 2, 'PD_2,PD_4': inf, 'PD_3,PD_4': inf}
  Computing metrics...
    RSI: {'PD_1,PD_2': 0.0, 'PD_1,PD_3': 0.0, 'PD_1,PD_4': 0.0, 'PD_2,PD_3': 0.0, 'PD_2,PD_4': 0.0, 'PD_3,PD_4': 1.0}, ASR: 1.0, TCB: {'PD_1': ['PD_3'], 'PD_2': ['PD_4'], 'PD_3': ['PD_4'], 'PD_4': ['PD_3']}, FR: {'PD_1,PD_2': inf, 'PD_1,PD_3': inf, 'PD_1,PD_4': inf, 'PD_2,PD_3': inf, 'PD_2,PD_4': inf, 'PD_3,PD_4': inf}
  Computing metrics...
    RSI: {'PD_1,PD_2': 0.0, 'PD_1,PD_3': 0.0, 'PD_1,PD_4': 0.0, 'PD_2,PD_3': 0.0, 'PD_2,PD_4': 0.0, 'PD_3,PD_4': 1.0}, ASR: 1.25, TCB: {'PD_1': ['PD_3'], 'PD_2': ['PD_4'], 'PD_3': ['PD_4'], 'PD_4': ['PD_1', 'PD_3']}, FR: {'PD_1,PD_2': 4, 'PD_1,PD_3': inf, 'PD_1,PD_4': 3, 'PD_2,PD_3': inf, 'PD_2,PD_4': 3, 'PD_3,PD_4': inf}
  Computing metrics...
    RSI: {'PD_1,PD_2': 0.0, 'PD_1,PD_3': 0.0, 'PD_1,PD_4': 0.0, 'PD_2,PD_3': 0.0, 'PD_2,PD_4': 0.0, 'PD_3,PD_4': 1.0}, ASR: 1.0, TCB: {'PD_1': ['PD_3'], 'PD_2': ['PD_4'], 'PD_3': ['PD_4'], 'PD_4': ['PD_3']}, FR: {'PD_1,PD_2': inf, 'PD_1,PD_3': inf, 'PD_1,PD_4': inf, 'PD_2,PD_3': inf, 'PD_2,PD_4': inf, 'PD_3,PD_4': inf}
  Computing metrics...
    RSI: {'PD_1,PD_2': 0.0, 'PD_1,PD_3': 0.0, 'PD_1,PD_4': 0.0, 'PD_2,PD_3': 0.0, 'PD_2,PD_4': 0.0, 'PD_3,PD_4': 1.0}, ASR: 1.25, TCB: {'PD_1': ['PD_3'], 'PD_2': ['PD_4'], 'PD_3': ['PD_4'], 'PD_4': ['PD_2', 'PD_3']}, FR: {'PD_1,PD_2': inf, 'PD_1,PD_3': inf, 'PD_1,PD_4': inf, 'PD_2,PD_3': inf, 'PD_2,PD_4': inf, 'PD_3,PD_4': inf}
  Computing metrics...
    RSI: {'PD_1,PD_2': 0.0, 'PD_1,PD_3': 0.0, 'PD_1,PD_4': 0.0, 'PD_2,PD_3': 0.0, 'PD_2,PD_4': 0.0, 'PD_3,PD_4': 1.0}, ASR: 1.0, TCB: {'PD_1': ['PD_3'], 'PD_2': ['PD_4'], 'PD_3': ['PD_4'], 'PD_4': ['PD_3']}, FR: {'PD_1,PD_2': inf, 'PD_1,PD_3': inf, 'PD_1,PD_4': inf, 'PD_2,PD_3': inf, 'PD_2,PD_4': inf, 'PD_3,PD_4': inf}
  Computing metrics...
    RSI: {'PD_1,PD_2': 0.0, 'PD_1,PD_3': 0.0, 'PD_1,PD_4': 0.0, 'PD_2,PD_3': 0.0, 'PD_2,PD_4': 0.0, 'PD_3,PD_4': 1.0}, ASR: 1.25, TCB: {'PD_1': ['PD_3'], 'PD_2': ['PD_4'], 'PD_3': ['PD_4'], 'PD_4': ['PD_3']}, FR: {'PD_1,PD_2': 3, 'PD_1,PD_3': inf, 'PD_1,PD_4': 2, 'PD_2,PD_3': inf, 'PD_2,PD_4': 3, 'PD_3,PD_4': inf}
  Computing metrics...
    RSI: {'PD_1,PD_2': 0.0, 'PD_1,PD_3': 0.0, 'PD_1,PD_4': 0.0, 'PD_2,PD_3': 0.0, 'PD_2,PD_4': 0.0, 'PD_3,PD_4': 1.0}, ASR: 1.0, TCB: {'PD_1': ['PD_3'], 'PD_2': ['PD_4'], 'PD_3': ['PD_4'], 'PD_4': ['PD_3']}, FR: {'PD_1,PD_2': inf, 'PD_1,PD_3': inf, 'PD_1,PD_4': inf, 'PD_2,PD_3': inf, 'PD_2,PD_4': inf, 'PD_3,PD_4': inf}
  Computing metrics...
    RSI: {'PD_1,PD_2': 0.0, 'PD_1,PD_3': 0.0, 'PD_1,PD_4': 0.0, 'PD_2,PD_3': 0.0, 'PD_2,PD_4': 0.0, 'PD_3,PD_4': 1.0}, ASR: 1.0, TCB: {'PD_1': ['PD_3'], 'PD_2': ['PD_4'], 'PD_3': ['PD_4'], 'PD_4': ['PD_3']}, FR: {'PD_1,PD_2': inf, 'PD_1,PD_3': inf, 'PD_1,PD_4': inf, 'PD_2,PD_3': inf, 'PD_2,PD_4': inf, 'PD_3,PD_4': inf}
  Computing metrics...
    RSI: {'PD_1,PD_2': 0.0, 'PD_1,PD_3': 0.0, 'PD_1,PD_4': 0.0, 'PD_2,PD_3': 0.0, 'PD_2,PD_4': 0.0, 'PD_3,PD_4': 1.0}, ASR: 1.0, TCB: {'PD_1': ['PD_3'], 'PD_2': ['PD_4'], 'PD_3': ['PD_4'], 'PD_4': ['PD_3']}, FR: {'PD_1,PD_2': inf, 'PD_1,PD_3': inf, 'PD_1,PD_4': inf, 'PD_2,PD_3': inf, 'PD_2,PD_4': inf, 'PD_3,PD_4': inf}
  Computing metrics...
    RSI: {'PD_1,PD_2': 0.0, 'PD_1,PD_3': 0.0, 'PD_1,PD_4': 0.0, 'PD_2,PD_3': 0.0, 'PD_2,PD_4': 0.0, 'PD_3,PD_4': 1.0}, ASR: 1.0, TCB: {'PD_1': ['PD_3'], 'PD_2': ['PD_4'], 'PD_3': ['PD_4'], 'PD_4': ['PD_3']}, FR: {'PD_1,PD_2': inf, 'PD_1,PD_3': inf, 'PD_1,PD_4': inf, 'PD_2,PD_3': inf, 'PD_2,PD_4': inf, 'PD_3,PD_4': inf}
  Computing metrics...
    RSI: {'PD_1,PD_2': 0.0, 'PD_1,PD_3': 0.0, 'PD_1,PD_4': 0.0, 'PD_2,PD_3': 0.0, 'PD_2,PD_4': 0.0, 'PD_3,PD_4': 1.0}, ASR: 1.0, TCB: {'PD_1': ['PD_3'], 'PD_2': ['PD_4'], 'PD_3': ['PD_4'], 'PD_4': ['PD_3']}, FR: {'PD_1,PD_2': inf, 'PD_1,PD_3': inf, 'PD_1,PD_4': inf, 'PD_2,PD_3': inf, 'PD_2,PD_4': inf, 'PD_3,PD_4': inf}
  Computing metrics...
    RSI: {'PD_1,PD_2': 0.0, 'PD_1,PD_3': 0.0, 'PD_1,PD_4': 0.0, 'PD_2,PD_3': 0.0, 'PD_2,PD_4': 0.0, 'PD_3,PD_4': 1.0}, ASR: 1.0, TCB: {'PD_1': ['PD_3'], 'PD_2': ['PD_4'], 'PD_3': ['PD_4'], 'PD_4': ['PD_3']}, FR: {'PD_1,PD_2': inf, 'PD_1,PD_3': inf, 'PD_1,PD_4': inf, 'PD_2,PD_3': inf, 'PD_2,PD_4': inf, 'PD_3,PD_4': inf}
  Computing metrics...
    RSI: {'PD_1,PD_2': 0.0, 'PD_1,PD_3': 0.0, 'PD_1,PD_4': 0.0, 'PD_2,PD_3': 0.0, 'PD_2,PD_4': 0.0, 'PD_3,PD_4': 1.0}, ASR: 1.0, TCB: {'PD_1': ['PD_3'], 'PD_2': ['PD_4'], 'PD_3': ['PD_4'], 'PD_4': ['PD_3']}, FR: {'PD_1,PD_2': inf, 'PD_1,PD_3': inf, 'PD_1,PD_4': inf, 'PD_2,PD_3': inf, 'PD_2,PD_4': inf, 'PD_3,PD_4': inf}
  Computing metrics...
    RSI: {'PD_1,PD_2': 0.0, 'PD_1,PD_3': 0.0, 'PD_1,PD_4': 0.0, 'PD_2,PD_3': 0.0, 'PD_2,PD_4': 0.0, 'PD_3,PD_4': 1.0}, ASR: 1.0, TCB: {'PD_1': ['PD_3'], 'PD_2': ['PD_4'], 'PD_3': ['PD_4'], 'PD_4': ['PD_3']}, FR: {'PD_1,PD_2': inf, 'PD_1,PD_3': inf, 'PD_1,PD_4': inf, 'PD_2,PD_3': inf, 'PD_2,PD_4': inf, 'PD_3,PD_4': inf}
  Computing metrics...
    RSI: {'PD_1,PD_2': 0.0, 'PD_1,PD_3': 0.0, 'PD_1,PD_4': 0.0, 'PD_2,PD_3': 0.0, 'PD_2,PD_4': 0.0, 'PD_3,PD_4': 1.0}, ASR: 1.0, TCB: {'PD_1': ['PD_3'], 'PD_2': ['PD_4'], 'PD_3': ['PD_4'], 'PD_4': ['PD_3']}, FR: {'PD_1,PD_2': inf, 'PD_1,PD_3': inf, 'PD_1,PD_4': inf, 'PD_2,PD_3': inf, 'PD_2,PD_4': inf, 'PD_3,PD_4': inf}
  Computing metrics...
    RSI: {'PD_1,PD_2': 0.0, 'PD_1,PD_3': 0.0, 'PD_1,PD_4': 0.0, 'PD_2,PD_3': 0.0, 'PD_2,PD_4': 0.0, 'PD_3,PD_4': 1.0}, ASR: 1.0, TCB: {'PD_1': ['PD_3'], 'PD_2': ['PD_4'], 'PD_3': ['PD_4'], 'PD_4': ['PD_3']}, FR: {'PD_1,PD_2': inf, 'PD_1,PD_3': inf, 'PD_1,PD_4': inf, 'PD_2,PD_3': inf, 'PD_2,PD_4': inf, 'PD_3,PD_4': inf}
  Computing metrics...
    RSI: {'PD_1,PD_2': 0.0, 'PD_1,PD_3': 0.0, 'PD_1,PD_4': 0.0, 'PD_2,PD_3': 0.0, 'PD_2,PD_4': 0.0, 'PD_3,PD_4': 1.0}, ASR: 1.0, TCB: {'PD_1': ['PD_3'], 'PD_2': ['PD_4'], 'PD_3': ['PD_4'], 'PD_4': ['PD_3']}, FR: {'PD_1,PD_2': inf, 'PD_1,PD_3': inf, 'PD_1,PD_4': inf, 'PD_2,PD_3': inf, 'PD_2,PD_4': inf, 'PD_3,PD_4': inf}
  Computing metrics...
    RSI: {'PD_1,PD_2': 0.0, 'PD_1,PD_3': 0.0, 'PD_1,PD_4': 0.0, 'PD_2,PD_3': 0.0, 'PD_2,PD_4': 0.0, 'PD_3,PD_4': 1.0}, ASR: 1.0, TCB: {'PD_1': ['PD_3'], 'PD_2': ['PD_4'], 'PD_3': ['PD_4'], 'PD_4': ['PD_3']}, FR: {'PD_1,PD_2': inf, 'PD_1,PD_3': inf, 'PD_1,PD_4': inf, 'PD_2,PD_3': inf, 'PD_2,PD_4': inf, 'PD_3,PD_4': inf}
  🚫 Filtered out 0 'add_file_resource(create new DATABASE file in FILE_SPACE_1)' candidates (avoiding repetition)
  🎲 Exploration: selecting candidate #1 instead of best
  Trying best transition: primitive
    Target: add new protection domain to help resolve 2 constraint violation(s)
    Predicted improvement: 0.100
    Considered 42 other option(s):
      1. primitive: create new CONFIG file in FILE_SPACE_1 (improvement: 0.700)
      2. primitive: create new DATABASE file in FILE_SPACE_1 (improvement: 0.700)
      3. primitive: create new TEMP file in FILE_SPACE_1 (improvement: 0.700)
      4. primitive: create new LOG file in FILE_SPACE_1 (improvement: 0.700)
      5. primitive: add authority relationship: PD_1 -> PD_2 (improvement: 0.250)
      6. primitive: enable indirect access: PD_1 -> PD_4 (improvement: 0.250)
      7. primitive: add authority relationship: PD_2 -> PD_1 (improvement: 0.250)
      8. primitive: enable indirect access: PD_2 -> PD_3 (improvement: 0.250)
      9. primitive: add authority relationship: PD_3 -> PD_1 (improvement: 0.250)
      10. primitive: add authority relationship: PD_3 -> PD_2 (improvement: 0.250)
      ... and 32 more
    ✅ Applied add_pd
  📋 Generated 43 candidate(s)
  Computing metrics...
    RSI: {'PD_1,PD_2': 0.0, 'PD_1,PD_3': 0.0, 'PD_1,PD_4': 0.0, 'PD_2,PD_3': 0.0, 'PD_2,PD_4': 0.0, 'PD_3,PD_4': 1.0}, ASR: 1.0, TCB: {'PD_1': ['PD_3'], 'PD_2': ['PD_4'], 'PD_3': ['PD_4'], 'PD_4': ['PD_3']}, FR: {'PD_1,PD_2': inf, 'PD_1,PD_3': inf, 'PD_1,PD_4': inf, 'PD_2,PD_3': inf, 'PD_2,PD_4': inf, 'PD_3,PD_4': inf}
    ✅ Added candidate: add_file_resource (score: 0.700)
  Computing metrics...
    RSI: {'PD_1,PD_2': 0.0, 'PD_1,PD_3': 0.0, 'PD_1,PD_4': 0.0, 'PD_2,PD_3': 0.0, 'PD_2,PD_4': 0.0, 'PD_3,PD_4': 1.0}, ASR: 1.0, TCB: {'PD_1': ['PD_3'], 'PD_2': ['PD_4'], 'PD_3': ['PD_4'], 'PD_4': ['PD_3']}, FR: {'PD_1,PD_2': inf, 'PD_1,PD_3': inf, 'PD_1,PD_4': inf, 'PD_2,PD_3': inf, 'PD_2,PD_4': inf, 'PD_3,PD_4': inf}
    ✅ Added candidate: add_file_resource (score: 0.700)

🌟 Expanding Beam[2] (score: 0.700)
  ⚠️  Constraints violated: PD_1 lacks access to any files; PD_2 lacks access to any files
  Computing metrics...
    RSI: {'PD_1,PD_2': 0.0, 'PD_1,PD_3': 0.0, 'PD_1,PD_4': 0.0, 'PD_2,PD_3': 0.0, 'PD_2,PD_4': 0.0, 'PD_3,PD_4': 1.0}, ASR: 1.0, TCB: {'PD_1': ['PD_3'], 'PD_2': ['PD_4'], 'PD_3': ['PD_4'], 'PD_4': ['PD_3']}, FR: {'PD_1,PD_2': inf, 'PD_1,PD_3': inf, 'PD_1,PD_4': inf, 'PD_2,PD_3': inf, 'PD_2,PD_4': inf, 'PD_3,PD_4': inf}
  Computing metrics...
    RSI: {'PD_1,PD_2': 0.0, 'PD_1,PD_3': 0.0, 'PD_1,PD_4': 0.0, 'PD_1,PD_5': 0.0, 'PD_2,PD_3': 0.0, 'PD_2,PD_4': 0.0, 'PD_2,PD_5': 0.0, 'PD_3,PD_4': 1.0, 'PD_3,PD_5': 0.0, 'PD_4,PD_5': 0.0}, ASR: 0.8, TCB: {'PD_1': ['PD_3'], 'PD_2': ['PD_4'], 'PD_3': ['PD_4'], 'PD_4': ['PD_3'], 'PD_5': []}, FR: {'PD_1,PD_2': inf, 'PD_1,PD_3': inf, 'PD_1,PD_4': inf, 'PD_1,PD_5': inf, 'PD_2,PD_3': inf, 'PD_2,PD_4': inf, 'PD_2,PD_5': inf, 'PD_3,PD_4': inf, 'PD_3,PD_5': inf, 'PD_4,PD_5': inf}
  Computing metrics...
    RSI: {'PD_1,PD_2': 0.0, 'PD_1,PD_3': 0.0, 'PD_1,PD_4': 0.0, 'PD_2,PD_3': 0.0, 'PD_2,PD_4': 0.0, 'PD_3,PD_4': 1.0}, ASR: 1.0, TCB: {'PD_1': ['PD_3'], 'PD_2': ['PD_4'], 'PD_3': ['PD_4'], 'PD_4': ['PD_3']}, FR: {'PD_1,PD_2': inf, 'PD_1,PD_3': inf, 'PD_1,PD_4': inf, 'PD_2,PD_3': inf, 'PD_2,PD_4': inf, 'PD_3,PD_4': inf}
  Computing metrics...
    RSI: {'PD_1,PD_2': 0.0, 'PD_1,PD_3': 0.0, 'PD_1,PD_4': 0.0, 'PD_2,PD_3': 0.0, 'PD_2,PD_4': 0.0, 'PD_3,PD_4': 1.0}, ASR: 1.0, TCB: {'PD_1': ['PD_3'], 'PD_2': ['PD_4'], 'PD_3': ['PD_4'], 'PD_4': ['PD_3']}, FR: {'PD_1,PD_2': inf, 'PD_1,PD_3': inf, 'PD_1,PD_4': inf, 'PD_2,PD_3': inf, 'PD_2,PD_4': inf, 'PD_3,PD_4': inf}
  Computing metrics...
    RSI: {'PD_1,PD_2': 0.0, 'PD_1,PD_3': 0.0, 'PD_1,PD_4': 0.0, 'PD_2,PD_3': 0.0, 'PD_2,PD_4': 0.0, 'PD_3,PD_4': 1.0}, ASR: 1.0, TCB: {'PD_1': ['PD_3'], 'PD_2': ['PD_4'], 'PD_3': ['PD_4'], 'PD_4': ['PD_3']}, FR: {'PD_1,PD_2': inf, 'PD_1,PD_3': inf, 'PD_1,PD_4': inf, 'PD_2,PD_3': inf, 'PD_2,PD_4': inf, 'PD_3,PD_4': inf}
  Computing metrics...
    RSI: {'PD_1,PD_2': 0.0, 'PD_1,PD_3': 0.0, 'PD_1,PD_4': 0.0, 'PD_2,PD_3': 0.0, 'PD_2,PD_4': 0.0, 'PD_3,PD_4': 1.0}, ASR: 1.0, TCB: {'PD_1': ['PD_3'], 'PD_2': ['PD_4'], 'PD_3': ['PD_4'], 'PD_4': ['PD_3']}, FR: {'PD_1,PD_2': inf, 'PD_1,PD_3': inf, 'PD_1,PD_4': inf, 'PD_2,PD_3': inf, 'PD_2,PD_4': inf, 'PD_3,PD_4': inf}
  Computing metrics...
    RSI: {'PD_1,PD_2': 0.0, 'PD_1,PD_3': 0.0, 'PD_1,PD_4': 0.0, 'PD_2,PD_3': 0.0, 'PD_2,PD_4': 0.0, 'PD_3,PD_4': 1.0}, ASR: 1.0, TCB: {'PD_1': ['PD_3'], 'PD_2': ['PD_4'], 'PD_3': ['PD_4'], 'PD_4': ['PD_3']}, FR: {'PD_1,PD_2': inf, 'PD_1,PD_3': inf, 'PD_1,PD_4': inf, 'PD_2,PD_3': inf, 'PD_2,PD_4': inf, 'PD_3,PD_4': inf}
  Computing metrics...
    RSI: {'PD_1,PD_2': 0.0, 'PD_1,PD_3': 0.0, 'PD_1,PD_4': 0.0, 'PD_2,PD_3': 0.0, 'PD_2,PD_4': 0.0, 'PD_3,PD_4': 1.0}, ASR: 1.0, TCB: {'PD_1': ['PD_3'], 'PD_2': ['PD_4'], 'PD_3': ['PD_4'], 'PD_4': ['PD_3']}, FR: {'PD_1,PD_2': inf, 'PD_1,PD_3': inf, 'PD_1,PD_4': inf, 'PD_2,PD_3': inf, 'PD_2,PD_4': inf, 'PD_3,PD_4': inf}
  Computing metrics...
    RSI: {'PD_1,PD_2': 0.0, 'PD_1,PD_3': 0.0, 'PD_1,PD_4': 0.0, 'PD_2,PD_3': 0.0, 'PD_2,PD_4': 0.0, 'PD_3,PD_4': 1.0}, ASR: 1.0, TCB: {'PD_1': ['PD_3'], 'PD_2': ['PD_4'], 'PD_3': ['PD_4'], 'PD_4': ['PD_3']}, FR: {'PD_1,PD_2': inf, 'PD_1,PD_3': inf, 'PD_1,PD_4': inf, 'PD_2,PD_3': inf, 'PD_2,PD_4': inf, 'PD_3,PD_4': inf}
  Computing metrics...
    RSI: {'PD_1,PD_2': 0.0, 'PD_1,PD_3': 0.0, 'PD_1,PD_4': 0.0, 'PD_2,PD_3': 0.0, 'PD_2,PD_4': 0.0, 'PD_3,PD_4': 1.0}, ASR: 1.0, TCB: {'PD_1': ['PD_3'], 'PD_2': ['PD_4'], 'PD_3': ['PD_4'], 'PD_4': ['PD_3']}, FR: {'PD_1,PD_2': inf, 'PD_1,PD_3': inf, 'PD_1,PD_4': inf, 'PD_2,PD_3': inf, 'PD_2,PD_4': inf, 'PD_3,PD_4': inf}
  Computing metrics...
    RSI: {'PD_1,PD_2': 0.0, 'PD_1,PD_3': 0.0, 'PD_1,PD_4': 0.0, 'PD_2,PD_3': 0.0, 'PD_2,PD_4': 0.0, 'PD_3,PD_4': 1.0}, ASR: 1.0, TCB: {'PD_1': ['PD_3'], 'PD_2': ['PD_4'], 'PD_3': ['PD_4'], 'PD_4': ['PD_3']}, FR: {'PD_1,PD_2': inf, 'PD_1,PD_3': inf, 'PD_1,PD_4': inf, 'PD_2,PD_3': inf, 'PD_2,PD_4': inf, 'PD_3,PD_4': inf}
  Computing metrics...
    RSI: {'PD_1,PD_2': 0.0, 'PD_1,PD_3': 0.0, 'PD_1,PD_4': 0.0, 'PD_2,PD_3': 0.0, 'PD_2,PD_4': 0.0, 'PD_3,PD_4': 1.0}, ASR: 1.0, TCB: {'PD_1': ['PD_3'], 'PD_2': ['PD_4'], 'PD_3': ['PD_4'], 'PD_4': ['PD_3']}, FR: {'PD_1,PD_2': inf, 'PD_1,PD_3': inf, 'PD_1,PD_4': inf, 'PD_2,PD_3': inf, 'PD_2,PD_4': inf, 'PD_3,PD_4': inf}
  Computing metrics...
    RSI: {'PD_1,PD_2': 0.0, 'PD_1,PD_3': 0.0, 'PD_1,PD_4': 0.0, 'PD_2,PD_3': 0.0, 'PD_2,PD_4': 0.0, 'PD_3,PD_4': 1.0}, ASR: 1.0, TCB: {'PD_1': ['PD_3'], 'PD_2': ['PD_4'], 'PD_3': ['PD_4'], 'PD_4': ['PD_3']}, FR: {'PD_1,PD_2': inf, 'PD_1,PD_3': inf, 'PD_1,PD_4': inf, 'PD_2,PD_3': inf, 'PD_2,PD_4': inf, 'PD_3,PD_4': inf}
  Computing metrics...
    RSI: {'PD_1,PD_2': 0.0, 'PD_1,PD_3': 0.0, 'PD_1,PD_4': 0.0, 'PD_2,PD_3': 0.0, 'PD_2,PD_4': 0.0, 'PD_3,PD_4': 1.0}, ASR: 1.0, TCB: {'PD_1': ['PD_3'], 'PD_2': ['PD_4'], 'PD_3': ['PD_4'], 'PD_4': ['PD_3']}, FR: {'PD_1,PD_2': inf, 'PD_1,PD_3': inf, 'PD_1,PD_4': inf, 'PD_2,PD_3': inf, 'PD_2,PD_4': inf, 'PD_3,PD_4': inf}
  Computing metrics...
    RSI: {'PD_1,PD_2': 0.0, 'PD_1,PD_3': 0.0, 'PD_1,PD_4': 0.0, 'PD_2,PD_3': 0.0, 'PD_2,PD_4': 0.0, 'PD_3,PD_4': 1.0}, ASR: 1.0, TCB: {'PD_1': ['PD_3'], 'PD_2': ['PD_4'], 'PD_3': ['PD_4'], 'PD_4': ['PD_3']}, FR: {'PD_1,PD_2': inf, 'PD_1,PD_3': inf, 'PD_1,PD_4': inf, 'PD_2,PD_3': inf, 'PD_2,PD_4': inf, 'PD_3,PD_4': inf}
  Computing metrics...
    RSI: {'PD_1,PD_2': 0.0, 'PD_1,PD_3': 0.0, 'PD_1,PD_4': 0.0, 'PD_2,PD_3': 0.0, 'PD_2,PD_4': 0.0, 'PD_3,PD_4': 1.0}, ASR: 1.0, TCB: {'PD_1': ['PD_3'], 'PD_2': ['PD_4'], 'PD_3': ['PD_4'], 'PD_4': ['PD_3']}, FR: {'PD_1,PD_2': inf, 'PD_1,PD_3': inf, 'PD_1,PD_4': inf, 'PD_2,PD_3': inf, 'PD_2,PD_4': inf, 'PD_3,PD_4': inf}
  Computing metrics...
    RSI: {'PD_1,PD_2': 0.0, 'PD_1,PD_3': 0.0, 'PD_1,PD_4': 0.0, 'PD_2,PD_3': 0.0, 'PD_2,PD_4': 0.0, 'PD_3,PD_4': 1.0}, ASR: 1.0, TCB: {'PD_1': ['PD_3'], 'PD_2': ['PD_4'], 'PD_3': ['PD_4'], 'PD_4': ['PD_3']}, FR: {'PD_1,PD_2': inf, 'PD_1,PD_3': inf, 'PD_1,PD_4': inf, 'PD_2,PD_3': inf, 'PD_2,PD_4': inf, 'PD_3,PD_4': inf}
  Computing metrics...
    RSI: {'PD_1,PD_2': 0.0, 'PD_1,PD_3': 0.0, 'PD_1,PD_4': 0.0, 'PD_2,PD_3': 0.0, 'PD_2,PD_4': 0.0, 'PD_3,PD_4': 1.0}, ASR: 1.0, TCB: {'PD_1': ['PD_3'], 'PD_2': ['PD_4'], 'PD_3': ['PD_4'], 'PD_4': ['PD_3']}, FR: {'PD_1,PD_2': inf, 'PD_1,PD_3': inf, 'PD_1,PD_4': inf, 'PD_2,PD_3': inf, 'PD_2,PD_4': inf, 'PD_3,PD_4': inf}
  Computing metrics...
    RSI: {'PD_1,PD_2': 0.0, 'PD_1,PD_3': 0.0, 'PD_1,PD_4': 0.0, 'PD_2,PD_3': 0.0, 'PD_2,PD_4': 0.0, 'PD_3,PD_4': 1.0}, ASR: 1.0, TCB: {'PD_1': ['PD_3'], 'PD_2': ['PD_4'], 'PD_3': ['PD_4'], 'PD_4': ['PD_3']}, FR: {'PD_1,PD_2': inf, 'PD_1,PD_3': inf, 'PD_1,PD_4': inf, 'PD_2,PD_3': inf, 'PD_2,PD_4': inf, 'PD_3,PD_4': inf}
  Computing metrics...
    RSI: {'PD_1,PD_2': 0.0, 'PD_1,PD_3': 0.0, 'PD_1,PD_4': 0.0, 'PD_2,PD_3': 0.0, 'PD_2,PD_4': 0.0, 'PD_3,PD_4': 1.0}, ASR: 1.0, TCB: {'PD_1': ['PD_3'], 'PD_2': ['PD_4'], 'PD_3': ['PD_4'], 'PD_4': ['PD_3']}, FR: {'PD_1,PD_2': inf, 'PD_1,PD_3': inf, 'PD_1,PD_4': inf, 'PD_2,PD_3': inf, 'PD_2,PD_4': inf, 'PD_3,PD_4': inf}
  Computing metrics...
    RSI: {'PD_1,PD_2': 0.0, 'PD_1,PD_3': 0.0, 'PD_1,PD_4': 0.0, 'PD_2,PD_3': 0.0, 'PD_2,PD_4': 0.0, 'PD_3,PD_4': 1.0}, ASR: 1.0, TCB: {'PD_1': ['PD_3'], 'PD_2': ['PD_4'], 'PD_3': ['PD_4'], 'PD_4': ['PD_3']}, FR: {'PD_1,PD_2': inf, 'PD_1,PD_3': inf, 'PD_1,PD_4': inf, 'PD_2,PD_3': inf, 'PD_2,PD_4': inf, 'PD_3,PD_4': inf}
  Computing metrics...
    RSI: {'PD_1,PD_2': 0.0, 'PD_1,PD_3': 0.0, 'PD_1,PD_4': 0.0, 'PD_2,PD_3': 0.0, 'PD_2,PD_4': 0.0, 'PD_3,PD_4': 1.0}, ASR: 1.0, TCB: {'PD_1': ['PD_3'], 'PD_2': ['PD_4'], 'PD_3': ['PD_4'], 'PD_4': ['PD_3']}, FR: {'PD_1,PD_2': inf, 'PD_1,PD_3': inf, 'PD_1,PD_4': inf, 'PD_2,PD_3': inf, 'PD_2,PD_4': inf, 'PD_3,PD_4': inf}
  Computing metrics...
    RSI: {'PD_1,PD_2': 0.0, 'PD_1,PD_3': 0.0, 'PD_1,PD_4': 0.0, 'PD_2,PD_3': 0.0, 'PD_2,PD_4': 0.0, 'PD_3,PD_4': 1.0}, ASR: 1.0, TCB: {'PD_1': ['PD_3'], 'PD_2': ['PD_4'], 'PD_3': ['PD_4'], 'PD_4': ['PD_3']}, FR: {'PD_1,PD_2': inf, 'PD_1,PD_3': inf, 'PD_1,PD_4': inf, 'PD_2,PD_3': inf, 'PD_2,PD_4': inf, 'PD_3,PD_4': inf}
  Computing metrics...
    RSI: {'PD_1,PD_2': 0.0, 'PD_1,PD_3': 1.0, 'PD_1,PD_4': 1.0, 'PD_2,PD_3': 0.0, 'PD_2,PD_4': 0.0, 'PD_3,PD_4': 1.0}, ASR: 1.25, TCB: {'PD_1': ['PD_3', 'PD_4'], 'PD_2': ['PD_4'], 'PD_3': ['PD_1', 'PD_4'], 'PD_4': ['PD_1', 'PD_3']}, FR: {'PD_1,PD_2': inf, 'PD_1,PD_3': inf, 'PD_1,PD_4': inf, 'PD_2,PD_3': inf, 'PD_2,PD_4': inf, 'PD_3,PD_4': inf}
  Computing metrics...
    RSI: {'PD_1,PD_2': 0.0, 'PD_1,PD_3': 0.0, 'PD_1,PD_4': 0.0, 'PD_2,PD_3': 0.0, 'PD_2,PD_4': 0.0, 'PD_3,PD_4': 1.0}, ASR: 1.0, TCB: {'PD_1': ['PD_3'], 'PD_2': ['PD_4'], 'PD_3': ['PD_4'], 'PD_4': ['PD_3']}, FR: {'PD_1,PD_2': inf, 'PD_1,PD_3': inf, 'PD_1,PD_4': inf, 'PD_2,PD_3': inf, 'PD_2,PD_4': inf, 'PD_3,PD_4': inf}
  Computing metrics...
    RSI: {'PD_1,PD_2': 0.0, 'PD_1,PD_3': 0.0, 'PD_1,PD_4': 0.0, 'PD_2,PD_3': 0.0, 'PD_2,PD_4': 0.0, 'PD_3,PD_4': 1.0}, ASR: 1.25, TCB: {'PD_1': ['PD_3'], 'PD_2': ['PD_4'], 'PD_3': ['PD_4'], 'PD_4': ['PD_3']}, FR: {'PD_1,PD_2': inf, 'PD_1,PD_3': inf, 'PD_1,PD_4': inf, 'PD_2,PD_3': inf, 'PD_2,PD_4': inf, 'PD_3,PD_4': inf}
  Computing metrics...
    RSI: {'PD_1,PD_2': 0.0, 'PD_1,PD_3': 0.0, 'PD_1,PD_4': 0.0, 'PD_2,PD_3': 0.0, 'PD_2,PD_4': 0.0, 'PD_3,PD_4': 1.0}, ASR: 1.0, TCB: {'PD_1': ['PD_3'], 'PD_2': ['PD_4'], 'PD_3': ['PD_4'], 'PD_4': ['PD_3']}, FR: {'PD_1,PD_2': inf, 'PD_1,PD_3': inf, 'PD_1,PD_4': inf, 'PD_2,PD_3': inf, 'PD_2,PD_4': inf, 'PD_3,PD_4': inf}
  Computing metrics...
    RSI: {'PD_1,PD_2': 0.0, 'PD_1,PD_3': 0.0, 'PD_1,PD_4': 0.0, 'PD_2,PD_3': 0.0, 'PD_2,PD_4': 0.0, 'PD_3,PD_4': 1.0}, ASR: 1.25, TCB: {'PD_1': ['PD_3'], 'PD_2': ['PD_4'], 'PD_3': ['PD_4'], 'PD_4': ['PD_3']}, FR: {'PD_1,PD_2': inf, 'PD_1,PD_3': inf, 'PD_1,PD_4': inf, 'PD_2,PD_3': inf, 'PD_2,PD_4': inf, 'PD_3,PD_4': inf}
  Computing metrics...
    RSI: {'PD_1,PD_2': 0.0, 'PD_1,PD_3': 0.0, 'PD_1,PD_4': 0.0, 'PD_2,PD_3': 0.0, 'PD_2,PD_4': 0.0, 'PD_3,PD_4': 1.0}, ASR: 1.0, TCB: {'PD_1': ['PD_3'], 'PD_2': ['PD_4'], 'PD_3': ['PD_4'], 'PD_4': ['PD_3']}, FR: {'PD_1,PD_2': inf, 'PD_1,PD_3': inf, 'PD_1,PD_4': inf, 'PD_2,PD_3': inf, 'PD_2,PD_4': inf, 'PD_3,PD_4': inf}
  Computing metrics...
    RSI: {'PD_1,PD_2': 0.0, 'PD_1,PD_3': 0.0, 'PD_1,PD_4': 0.0, 'PD_2,PD_3': 0.0, 'PD_2,PD_4': 0.0, 'PD_3,PD_4': 1.0}, ASR: 1.25, TCB: {'PD_1': ['PD_3'], 'PD_2': ['PD_4'], 'PD_3': ['PD_4'], 'PD_4': ['PD_3']}, FR: {'PD_1,PD_2': inf, 'PD_1,PD_3': inf, 'PD_1,PD_4': inf, 'PD_2,PD_3': inf, 'PD_2,PD_4': inf, 'PD_3,PD_4': inf}
  Computing metrics...
    RSI: {'PD_1,PD_2': 0.0, 'PD_1,PD_3': 0.0, 'PD_1,PD_4': 0.0, 'PD_2,PD_3': 0.0, 'PD_2,PD_4': 0.0, 'PD_3,PD_4': 1.0}, ASR: 1.0, TCB: {'PD_1': ['PD_3'], 'PD_2': ['PD_4'], 'PD_3': ['PD_4'], 'PD_4': ['PD_3']}, FR: {'PD_1,PD_2': inf, 'PD_1,PD_3': inf, 'PD_1,PD_4': inf, 'PD_2,PD_3': inf, 'PD_2,PD_4': inf, 'PD_3,PD_4': inf}
  Computing metrics...
    RSI: {'PD_1,PD_2': 0.0, 'PD_1,PD_3': 0.0, 'PD_1,PD_4': 0.0, 'PD_2,PD_3': 1.0, 'PD_2,PD_4': 1.0, 'PD_3,PD_4': 1.0}, ASR: 1.25, TCB: {'PD_1': ['PD_3'], 'PD_2': ['PD_4', 'PD_3'], 'PD_3': ['PD_2', 'PD_4'], 'PD_4': ['PD_2', 'PD_3']}, FR: {'PD_1,PD_2': inf, 'PD_1,PD_3': inf, 'PD_1,PD_4': inf, 'PD_2,PD_3': inf, 'PD_2,PD_4': inf, 'PD_3,PD_4': inf}
  Computing metrics...
    RSI: {'PD_1,PD_2': 0.0, 'PD_1,PD_3': 0.0, 'PD_1,PD_4': 0.0, 'PD_2,PD_3': 0.0, 'PD_2,PD_4': 0.0, 'PD_3,PD_4': 1.0}, ASR: 1.0, TCB: {'PD_1': ['PD_3'], 'PD_2': ['PD_4'], 'PD_3': ['PD_4'], 'PD_4': ['PD_3']}, FR: {'PD_1,PD_2': inf, 'PD_1,PD_3': inf, 'PD_1,PD_4': inf, 'PD_2,PD_3': inf, 'PD_2,PD_4': inf, 'PD_3,PD_4': inf}
  Computing metrics...
    RSI: {'PD_1,PD_2': 0.0, 'PD_1,PD_3': 0.0, 'PD_1,PD_4': 0.0, 'PD_2,PD_3': 0.0, 'PD_2,PD_4': 0.0, 'PD_3,PD_4': 1.0}, ASR: 1.25, TCB: {'PD_1': ['PD_3'], 'PD_2': ['PD_4'], 'PD_3': ['PD_4'], 'PD_4': ['PD_3']}, FR: {'PD_1,PD_2': inf, 'PD_1,PD_3': inf, 'PD_1,PD_4': inf, 'PD_2,PD_3': inf, 'PD_2,PD_4': inf, 'PD_3,PD_4': inf}
  Computing metrics...
    RSI: {'PD_1,PD_2': 0.0, 'PD_1,PD_3': 0.0, 'PD_1,PD_4': 0.0, 'PD_2,PD_3': 0.0, 'PD_2,PD_4': 0.0, 'PD_3,PD_4': 1.0}, ASR: 1.0, TCB: {'PD_1': ['PD_3'], 'PD_2': ['PD_4'], 'PD_3': ['PD_4'], 'PD_4': ['PD_3']}, FR: {'PD_1,PD_2': inf, 'PD_1,PD_3': inf, 'PD_1,PD_4': inf, 'PD_2,PD_3': inf, 'PD_2,PD_4': inf, 'PD_3,PD_4': inf}
  Computing metrics...
    RSI: {'PD_1,PD_2': 0.0, 'PD_1,PD_3': 0.0, 'PD_1,PD_4': 0.0, 'PD_2,PD_3': 0.0, 'PD_2,PD_4': 0.0, 'PD_3,PD_4': 1.0}, ASR: 1.25, TCB: {'PD_1': ['PD_3'], 'PD_2': ['PD_4'], 'PD_3': ['PD_4'], 'PD_4': ['PD_3']}, FR: {'PD_1,PD_2': inf, 'PD_1,PD_3': inf, 'PD_1,PD_4': inf, 'PD_2,PD_3': inf, 'PD_2,PD_4': inf, 'PD_3,PD_4': inf}
  Computing metrics...
    RSI: {'PD_1,PD_2': 0.0, 'PD_1,PD_3': 0.0, 'PD_1,PD_4': 0.0, 'PD_2,PD_3': 0.0, 'PD_2,PD_4': 0.0, 'PD_3,PD_4': 1.0}, ASR: 1.0, TCB: {'PD_1': ['PD_3'], 'PD_2': ['PD_4'], 'PD_3': ['PD_4'], 'PD_4': ['PD_3']}, FR: {'PD_1,PD_2': inf, 'PD_1,PD_3': inf, 'PD_1,PD_4': inf, 'PD_2,PD_3': inf, 'PD_2,PD_4': inf, 'PD_3,PD_4': inf}
  Computing metrics...
    RSI: {'PD_1,PD_2': 0.0, 'PD_1,PD_3': 0.0, 'PD_1,PD_4': 0.0, 'PD_2,PD_3': 0.0, 'PD_2,PD_4': 0.0, 'PD_3,PD_4': 1.0}, ASR: 1.25, TCB: {'PD_1': ['PD_3'], 'PD_2': ['PD_4'], 'PD_3': ['PD_4'], 'PD_4': ['PD_3']}, FR: {'PD_1,PD_2': inf, 'PD_1,PD_3': inf, 'PD_1,PD_4': inf, 'PD_2,PD_3': inf, 'PD_2,PD_4': inf, 'PD_3,PD_4': inf}
  Computing metrics...
    RSI: {'PD_1,PD_2': 0.0, 'PD_1,PD_3': 0.0, 'PD_1,PD_4': 0.0, 'PD_2,PD_3': 0.0, 'PD_2,PD_4': 0.0, 'PD_3,PD_4': 1.0}, ASR: 1.0, TCB: {'PD_1': ['PD_3'], 'PD_2': ['PD_4'], 'PD_3': ['PD_4'], 'PD_4': ['PD_3']}, FR: {'PD_1,PD_2': inf, 'PD_1,PD_3': inf, 'PD_1,PD_4': inf, 'PD_2,PD_3': inf, 'PD_2,PD_4': inf, 'PD_3,PD_4': inf}
  Computing metrics...
    RSI: {'PD_1,PD_2': 0.0, 'PD_1,PD_3': 0.0, 'PD_1,PD_4': 0.0, 'PD_2,PD_3': 0.0, 'PD_2,PD_4': 0.0, 'PD_3,PD_4': 0.5}, ASR: 1.25, TCB: {'PD_1': ['PD_3'], 'PD_2': ['PD_4'], 'PD_3': ['PD_4'], 'PD_4': ['PD_3']}, FR: {'PD_1,PD_2': inf, 'PD_1,PD_3': inf, 'PD_1,PD_4': inf, 'PD_2,PD_3': inf, 'PD_2,PD_4': inf, 'PD_3,PD_4': inf}
  Computing metrics...
    RSI: {'PD_1,PD_2': 0.0, 'PD_1,PD_3': 0.0, 'PD_1,PD_4': 0.0, 'PD_2,PD_3': 0.0, 'PD_2,PD_4': 0.0, 'PD_3,PD_4': 1.0}, ASR: 1.0, TCB: {'PD_1': ['PD_3'], 'PD_2': ['PD_4'], 'PD_3': ['PD_4'], 'PD_4': ['PD_3']}, FR: {'PD_1,PD_2': inf, 'PD_1,PD_3': inf, 'PD_1,PD_4': inf, 'PD_2,PD_3': inf, 'PD_2,PD_4': inf, 'PD_3,PD_4': inf}
  Computing metrics...
    RSI: {'PD_1,PD_2': 0.0, 'PD_1,PD_3': 0.0, 'PD_1,PD_4': 0.0, 'PD_2,PD_3': 0.0, 'PD_2,PD_4': 0.0, 'PD_3,PD_4': 0.5}, ASR: 1.25, TCB: {'PD_1': ['PD_3'], 'PD_2': ['PD_4'], 'PD_3': ['PD_4'], 'PD_4': ['PD_3']}, FR: {'PD_1,PD_2': inf, 'PD_1,PD_3': inf, 'PD_1,PD_4': inf, 'PD_2,PD_3': inf, 'PD_2,PD_4': inf, 'PD_3,PD_4': inf}
  Computing metrics...
    RSI: {'PD_1,PD_2': 0.0, 'PD_1,PD_3': 0.0, 'PD_1,PD_4': 0.0, 'PD_2,PD_3': 0.0, 'PD_2,PD_4': 0.0, 'PD_3,PD_4': 1.0}, ASR: 1.0, TCB: {'PD_1': ['PD_3'], 'PD_2': ['PD_4'], 'PD_3': ['PD_4'], 'PD_4': ['PD_3']}, FR: {'PD_1,PD_2': inf, 'PD_1,PD_3': inf, 'PD_1,PD_4': inf, 'PD_2,PD_3': inf, 'PD_2,PD_4': inf, 'PD_3,PD_4': inf}
  Computing metrics...
    RSI: {'PD_1,PD_2': 0.0, 'PD_1,PD_3': 0.0, 'PD_1,PD_4': 0.0, 'PD_2,PD_3': 0.0, 'PD_2,PD_4': 0.0, 'PD_3,PD_4': 0.5}, ASR: 1.25, TCB: {'PD_1': ['PD_3'], 'PD_2': ['PD_4'], 'PD_3': ['PD_4'], 'PD_4': ['PD_3']}, FR: {'PD_1,PD_2': inf, 'PD_1,PD_3': inf, 'PD_1,PD_4': inf, 'PD_2,PD_3': inf, 'PD_2,PD_4': inf, 'PD_3,PD_4': inf}
  Computing metrics...
    RSI: {'PD_1,PD_2': 0.0, 'PD_1,PD_3': 0.0, 'PD_1,PD_4': 0.0, 'PD_2,PD_3': 0.0, 'PD_2,PD_4': 0.0, 'PD_3,PD_4': 1.0}, ASR: 1.0, TCB: {'PD_1': ['PD_3'], 'PD_2': ['PD_4'], 'PD_3': ['PD_4'], 'PD_4': ['PD_3']}, FR: {'PD_1,PD_2': inf, 'PD_1,PD_3': inf, 'PD_1,PD_4': inf, 'PD_2,PD_3': inf, 'PD_2,PD_4': inf, 'PD_3,PD_4': inf}
  Computing metrics...
    RSI: {'PD_1,PD_2': 0.0, 'PD_1,PD_3': 0.0, 'PD_1,PD_4': 0.0, 'PD_2,PD_3': 0.0, 'PD_2,PD_4': 0.0, 'PD_3,PD_4': 0.5}, ASR: 1.25, TCB: {'PD_1': ['PD_3'], 'PD_2': ['PD_4'], 'PD_3': ['PD_4'], 'PD_4': ['PD_3']}, FR: {'PD_1,PD_2': inf, 'PD_1,PD_3': inf, 'PD_1,PD_4': inf, 'PD_2,PD_3': inf, 'PD_2,PD_4': inf, 'PD_3,PD_4': inf}
  Computing metrics...
    RSI: {'PD_1,PD_2': 0.0, 'PD_1,PD_3': 0.0, 'PD_1,PD_4': 0.0, 'PD_2,PD_3': 0.0, 'PD_2,PD_4': 0.0, 'PD_3,PD_4': 1.0}, ASR: 1.0, TCB: {'PD_1': ['PD_3'], 'PD_2': ['PD_4'], 'PD_3': ['PD_4'], 'PD_4': ['PD_3']}, FR: {'PD_1,PD_2': inf, 'PD_1,PD_3': inf, 'PD_1,PD_4': inf, 'PD_2,PD_3': inf, 'PD_2,PD_4': inf, 'PD_3,PD_4': inf}
  Computing metrics...
    RSI: {'PD_1,PD_2': 0.0, 'PD_1,PD_3': 0.0, 'PD_1,PD_4': 0.0, 'PD_2,PD_3': 0.0, 'PD_2,PD_4': 0.0, 'PD_3,PD_4': 0.5}, ASR: 1.25, TCB: {'PD_1': ['PD_3'], 'PD_2': ['PD_4'], 'PD_3': ['PD_4'], 'PD_4': ['PD_3']}, FR: {'PD_1,PD_2': inf, 'PD_1,PD_3': inf, 'PD_1,PD_4': inf, 'PD_2,PD_3': inf, 'PD_2,PD_4': inf, 'PD_3,PD_4': inf}
  Computing metrics...
    RSI: {'PD_1,PD_2': 0.0, 'PD_1,PD_3': 0.0, 'PD_1,PD_4': 0.0, 'PD_2,PD_3': 0.0, 'PD_2,PD_4': 0.0, 'PD_3,PD_4': 1.0}, ASR: 1.0, TCB: {'PD_1': ['PD_3'], 'PD_2': ['PD_4'], 'PD_3': ['PD_4'], 'PD_4': ['PD_3']}, FR: {'PD_1,PD_2': inf, 'PD_1,PD_3': inf, 'PD_1,PD_4': inf, 'PD_2,PD_3': inf, 'PD_2,PD_4': inf, 'PD_3,PD_4': inf}
  Computing metrics...
    RSI: {'PD_1,PD_2': 0.0, 'PD_1,PD_3': 0.0, 'PD_1,PD_4': 0.0, 'PD_2,PD_3': 0.0, 'PD_2,PD_4': 0.0, 'PD_3,PD_4': 0.5}, ASR: 1.25, TCB: {'PD_1': ['PD_3'], 'PD_2': ['PD_4'], 'PD_3': ['PD_4'], 'PD_4': ['PD_3']}, FR: {'PD_1,PD_2': inf, 'PD_1,PD_3': inf, 'PD_1,PD_4': inf, 'PD_2,PD_3': inf, 'PD_2,PD_4': inf, 'PD_3,PD_4': inf}
  Computing metrics...
    RSI: {'PD_1,PD_2': 0.0, 'PD_1,PD_3': 0.0, 'PD_1,PD_4': 0.0, 'PD_2,PD_3': 0.0, 'PD_2,PD_4': 0.0, 'PD_3,PD_4': 1.0}, ASR: 1.0, TCB: {'PD_1': ['PD_3'], 'PD_2': ['PD_4'], 'PD_3': ['PD_4'], 'PD_4': ['PD_3']}, FR: {'PD_1,PD_2': inf, 'PD_1,PD_3': inf, 'PD_1,PD_4': inf, 'PD_2,PD_3': inf, 'PD_2,PD_4': inf, 'PD_3,PD_4': inf}
  Computing metrics...
    RSI: {'PD_1,PD_2': 0.0, 'PD_1,PD_3': 0.0, 'PD_1,PD_4': 0.0, 'PD_2,PD_3': 0.0, 'PD_2,PD_4': 0.0, 'PD_3,PD_4': 1.0}, ASR: 1.0, TCB: {'PD_1': ['PD_3'], 'PD_2': ['PD_4'], 'PD_3': ['PD_4'], 'PD_4': ['PD_3']}, FR: {'PD_1,PD_2': inf, 'PD_1,PD_3': inf, 'PD_1,PD_4': inf, 'PD_2,PD_3': inf, 'PD_2,PD_4': inf, 'PD_3,PD_4': inf}
    remove_hold_edge candidate: remove PD_3 -> FILE_1_1 HOLD edge -> score: 0.150
  Computing metrics...
    RSI: {'PD_1,PD_2': 0.0, 'PD_1,PD_3': 0.0, 'PD_1,PD_4': 0.0, 'PD_2,PD_3': 0.0, 'PD_2,PD_4': 0.0, 'PD_3,PD_4': 1.0}, ASR: 1.0, TCB: {'PD_1': ['PD_3'], 'PD_2': ['PD_4'], 'PD_3': ['PD_4'], 'PD_4': ['PD_3']}, FR: {'PD_1,PD_2': inf, 'PD_1,PD_3': inf, 'PD_1,PD_4': inf, 'PD_2,PD_3': inf, 'PD_2,PD_4': inf, 'PD_3,PD_4': inf}
  Computing metrics...
    RSI: {'PD_1,PD_2': 0.0, 'PD_1,PD_3': 0.0, 'PD_1,PD_4': 0.0, 'PD_2,PD_3': 0.0, 'PD_2,PD_4': 0.0, 'PD_3,PD_4': 1.0}, ASR: 1.0, TCB: {'PD_1': ['PD_3'], 'PD_2': ['PD_4'], 'PD_3': ['PD_4'], 'PD_4': ['PD_3']}, FR: {'PD_1,PD_2': inf, 'PD_1,PD_3': inf, 'PD_1,PD_4': inf, 'PD_2,PD_3': inf, 'PD_2,PD_4': inf, 'PD_3,PD_4': inf}
    remove_hold_edge candidate: remove PD_4 -> FILE_1_1 HOLD edge -> score: 0.150
  Computing metrics...
    RSI: {'PD_1,PD_2': 0.0, 'PD_1,PD_3': 0.0, 'PD_1,PD_4': 0.0, 'PD_2,PD_3': 0.0, 'PD_2,PD_4': 0.0, 'PD_3,PD_4': 1.0}, ASR: 1.0, TCB: {'PD_1': ['PD_3'], 'PD_2': ['PD_4'], 'PD_3': ['PD_4'], 'PD_4': ['PD_3']}, FR: {'PD_1,PD_2': inf, 'PD_1,PD_3': inf, 'PD_1,PD_4': inf, 'PD_2,PD_3': inf, 'PD_2,PD_4': inf, 'PD_3,PD_4': inf}
  Computing metrics...
    RSI: {'PD_1,PD_2': 0.0, 'PD_1,PD_3': 0.0, 'PD_1,PD_4': 0.0, 'PD_2,PD_3': 0.0, 'PD_2,PD_4': 0.0, 'PD_3,PD_4': 1.0}, ASR: 1.25, TCB: {'PD_1': ['PD_3', 'PD_2'], 'PD_2': ['PD_4'], 'PD_3': ['PD_4'], 'PD_4': ['PD_3']}, FR: {'PD_1,PD_2': 3, 'PD_1,PD_3': inf, 'PD_1,PD_4': inf, 'PD_2,PD_3': inf, 'PD_2,PD_4': inf, 'PD_3,PD_4': inf}
  Computing metrics...
    RSI: {'PD_1,PD_2': 0.0, 'PD_1,PD_3': 0.0, 'PD_1,PD_4': 0.0, 'PD_2,PD_3': 0.0, 'PD_2,PD_4': 0.0, 'PD_3,PD_4': 1.0}, ASR: 1.0, TCB: {'PD_1': ['PD_3'], 'PD_2': ['PD_4'], 'PD_3': ['PD_4'], 'PD_4': ['PD_3']}, FR: {'PD_1,PD_2': inf, 'PD_1,PD_3': inf, 'PD_1,PD_4': inf, 'PD_2,PD_3': inf, 'PD_2,PD_4': inf, 'PD_3,PD_4': inf}
  Computing metrics...
    RSI: {'PD_1,PD_2': 0.0, 'PD_1,PD_3': 0.0, 'PD_1,PD_4': 0.0, 'PD_2,PD_3': 0.0, 'PD_2,PD_4': 0.0, 'PD_3,PD_4': 1.0}, ASR: 1.25, TCB: {'PD_1': ['PD_3', 'PD_4'], 'PD_2': ['PD_4'], 'PD_3': ['PD_4'], 'PD_4': ['PD_3']}, FR: {'PD_1,PD_2': 2, 'PD_1,PD_3': inf, 'PD_1,PD_4': inf, 'PD_2,PD_3': inf, 'PD_2,PD_4': inf, 'PD_3,PD_4': inf}
  Computing metrics...
    RSI: {'PD_1,PD_2': 0.0, 'PD_1,PD_3': 0.0, 'PD_1,PD_4': 0.0, 'PD_2,PD_3': 0.0, 'PD_2,PD_4': 0.0, 'PD_3,PD_4': 1.0}, ASR: 1.0, TCB: {'PD_1': ['PD_3'], 'PD_2': ['PD_4'], 'PD_3': ['PD_4'], 'PD_4': ['PD_3']}, FR: {'PD_1,PD_2': inf, 'PD_1,PD_3': inf, 'PD_1,PD_4': inf, 'PD_2,PD_3': inf, 'PD_2,PD_4': inf, 'PD_3,PD_4': inf}
  Computing metrics...
    RSI: {'PD_1,PD_2': 0.0, 'PD_1,PD_3': 0.0, 'PD_1,PD_4': 0.0, 'PD_2,PD_3': 0.0, 'PD_2,PD_4': 0.0, 'PD_3,PD_4': 1.0}, ASR: 1.25, TCB: {'PD_1': ['PD_3'], 'PD_2': ['PD_4', 'PD_1'], 'PD_3': ['PD_4'], 'PD_4': ['PD_3']}, FR: {'PD_1,PD_2': 3, 'PD_1,PD_3': inf, 'PD_1,PD_4': inf, 'PD_2,PD_3': inf, 'PD_2,PD_4': inf, 'PD_3,PD_4': inf}
  Computing metrics...
    RSI: {'PD_1,PD_2': 0.0, 'PD_1,PD_3': 0.0, 'PD_1,PD_4': 0.0, 'PD_2,PD_3': 0.0, 'PD_2,PD_4': 0.0, 'PD_3,PD_4': 1.0}, ASR: 1.0, TCB: {'PD_1': ['PD_3'], 'PD_2': ['PD_4'], 'PD_3': ['PD_4'], 'PD_4': ['PD_3']}, FR: {'PD_1,PD_2': inf, 'PD_1,PD_3': inf, 'PD_1,PD_4': inf, 'PD_2,PD_3': inf, 'PD_2,PD_4': inf, 'PD_3,PD_4': inf}
  Computing metrics...
    RSI: {'PD_1,PD_2': 0.0, 'PD_1,PD_3': 0.0, 'PD_1,PD_4': 0.0, 'PD_2,PD_3': 0.0, 'PD_2,PD_4': 0.0, 'PD_3,PD_4': 1.0}, ASR: 1.25, TCB: {'PD_1': ['PD_3'], 'PD_2': ['PD_4', 'PD_3'], 'PD_3': ['PD_4'], 'PD_4': ['PD_3']}, FR: {'PD_1,PD_2': 2, 'PD_1,PD_3': inf, 'PD_1,PD_4': inf, 'PD_2,PD_3': inf, 'PD_2,PD_4': inf, 'PD_3,PD_4': inf}
  Computing metrics...
    RSI: {'PD_1,PD_2': 0.0, 'PD_1,PD_3': 0.0, 'PD_1,PD_4': 0.0, 'PD_2,PD_3': 0.0, 'PD_2,PD_4': 0.0, 'PD_3,PD_4': 1.0}, ASR: 1.0, TCB: {'PD_1': ['PD_3'], 'PD_2': ['PD_4'], 'PD_3': ['PD_4'], 'PD_4': ['PD_3']}, FR: {'PD_1,PD_2': inf, 'PD_1,PD_3': inf, 'PD_1,PD_4': inf, 'PD_2,PD_3': inf, 'PD_2,PD_4': inf, 'PD_3,PD_4': inf}
  Computing metrics...
    RSI: {'PD_1,PD_2': 0.0, 'PD_1,PD_3': 0.0, 'PD_1,PD_4': 0.0, 'PD_2,PD_3': 0.0, 'PD_2,PD_4': 0.0, 'PD_3,PD_4': 1.0}, ASR: 1.25, TCB: {'PD_1': ['PD_3'], 'PD_2': ['PD_4'], 'PD_3': ['PD_1', 'PD_4'], 'PD_4': ['PD_3']}, FR: {'PD_1,PD_2': inf, 'PD_1,PD_3': inf, 'PD_1,PD_4': inf, 'PD_2,PD_3': inf, 'PD_2,PD_4': inf, 'PD_3,PD_4': inf}
  Computing metrics...
    RSI: {'PD_1,PD_2': 0.0, 'PD_1,PD_3': 0.0, 'PD_1,PD_4': 0.0, 'PD_2,PD_3': 0.0, 'PD_2,PD_4': 0.0, 'PD_3,PD_4': 1.0}, ASR: 1.0, TCB: {'PD_1': ['PD_3'], 'PD_2': ['PD_4'], 'PD_3': ['PD_4'], 'PD_4': ['PD_3']}, FR: {'PD_1,PD_2': inf, 'PD_1,PD_3': inf, 'PD_1,PD_4': inf, 'PD_2,PD_3': inf, 'PD_2,PD_4': inf, 'PD_3,PD_4': inf}
  Computing metrics...
    RSI: {'PD_1,PD_2': 0.0, 'PD_1,PD_3': 0.0, 'PD_1,PD_4': 0.0, 'PD_2,PD_3': 0.0, 'PD_2,PD_4': 0.0, 'PD_3,PD_4': 1.0}, ASR: 1.25, TCB: {'PD_1': ['PD_3'], 'PD_2': ['PD_4'], 'PD_3': ['PD_2', 'PD_4'], 'PD_4': ['PD_3']}, FR: {'PD_1,PD_2': 4, 'PD_1,PD_3': 3, 'PD_1,PD_4': inf, 'PD_2,PD_3': 3, 'PD_2,PD_4': inf, 'PD_3,PD_4': inf}
  Computing metrics...
    RSI: {'PD_1,PD_2': 0.0, 'PD_1,PD_3': 0.0, 'PD_1,PD_4': 0.0, 'PD_2,PD_3': 0.0, 'PD_2,PD_4': 0.0, 'PD_3,PD_4': 1.0}, ASR: 1.0, TCB: {'PD_1': ['PD_3'], 'PD_2': ['PD_4'], 'PD_3': ['PD_4'], 'PD_4': ['PD_3']}, FR: {'PD_1,PD_2': inf, 'PD_1,PD_3': inf, 'PD_1,PD_4': inf, 'PD_2,PD_3': inf, 'PD_2,PD_4': inf, 'PD_3,PD_4': inf}
  Computing metrics...
    RSI: {'PD_1,PD_2': 0.0, 'PD_1,PD_3': 0.0, 'PD_1,PD_4': 0.0, 'PD_2,PD_3': 0.0, 'PD_2,PD_4': 0.0, 'PD_3,PD_4': 1.0}, ASR: 1.25, TCB: {'PD_1': ['PD_3'], 'PD_2': ['PD_4'], 'PD_3': ['PD_4'], 'PD_4': ['PD_3']}, FR: {'PD_1,PD_2': 3, 'PD_1,PD_3': 3, 'PD_1,PD_4': inf, 'PD_2,PD_3': 2, 'PD_2,PD_4': inf, 'PD_3,PD_4': inf}
  Computing metrics...
    RSI: {'PD_1,PD_2': 0.0, 'PD_1,PD_3': 0.0, 'PD_1,PD_4': 0.0, 'PD_2,PD_3': 0.0, 'PD_2,PD_4': 0.0, 'PD_3,PD_4': 1.0}, ASR: 1.0, TCB: {'PD_1': ['PD_3'], 'PD_2': ['PD_4'], 'PD_3': ['PD_4'], 'PD_4': ['PD_3']}, FR: {'PD_1,PD_2': inf, 'PD_1,PD_3': inf, 'PD_1,PD_4': inf, 'PD_2,PD_3': inf, 'PD_2,PD_4': inf, 'PD_3,PD_4': inf}
  Computing metrics...
    RSI: {'PD_1,PD_2': 0.0, 'PD_1,PD_3': 0.0, 'PD_1,PD_4': 0.0, 'PD_2,PD_3': 0.0, 'PD_2,PD_4': 0.0, 'PD_3,PD_4': 1.0}, ASR: 1.25, TCB: {'PD_1': ['PD_3'], 'PD_2': ['PD_4'], 'PD_3': ['PD_4'], 'PD_4': ['PD_1', 'PD_3']}, FR: {'PD_1,PD_2': 4, 'PD_1,PD_3': inf, 'PD_1,PD_4': 3, 'PD_2,PD_3': inf, 'PD_2,PD_4': 3, 'PD_3,PD_4': inf}
  Computing metrics...
    RSI: {'PD_1,PD_2': 0.0, 'PD_1,PD_3': 0.0, 'PD_1,PD_4': 0.0, 'PD_2,PD_3': 0.0, 'PD_2,PD_4': 0.0, 'PD_3,PD_4': 1.0}, ASR: 1.0, TCB: {'PD_1': ['PD_3'], 'PD_2': ['PD_4'], 'PD_3': ['PD_4'], 'PD_4': ['PD_3']}, FR: {'PD_1,PD_2': inf, 'PD_1,PD_3': inf, 'PD_1,PD_4': inf, 'PD_2,PD_3': inf, 'PD_2,PD_4': inf, 'PD_3,PD_4': inf}
  Computing metrics...
    RSI: {'PD_1,PD_2': 0.0, 'PD_1,PD_3': 0.0, 'PD_1,PD_4': 0.0, 'PD_2,PD_3': 0.0, 'PD_2,PD_4': 0.0, 'PD_3,PD_4': 1.0}, ASR: 1.25, TCB: {'PD_1': ['PD_3'], 'PD_2': ['PD_4'], 'PD_3': ['PD_4'], 'PD_4': ['PD_2', 'PD_3']}, FR: {'PD_1,PD_2': inf, 'PD_1,PD_3': inf, 'PD_1,PD_4': inf, 'PD_2,PD_3': inf, 'PD_2,PD_4': inf, 'PD_3,PD_4': inf}
  Computing metrics...
    RSI: {'PD_1,PD_2': 0.0, 'PD_1,PD_3': 0.0, 'PD_1,PD_4': 0.0, 'PD_2,PD_3': 0.0, 'PD_2,PD_4': 0.0, 'PD_3,PD_4': 1.0}, ASR: 1.0, TCB: {'PD_1': ['PD_3'], 'PD_2': ['PD_4'], 'PD_3': ['PD_4'], 'PD_4': ['PD_3']}, FR: {'PD_1,PD_2': inf, 'PD_1,PD_3': inf, 'PD_1,PD_4': inf, 'PD_2,PD_3': inf, 'PD_2,PD_4': inf, 'PD_3,PD_4': inf}
  Computing metrics...
    RSI: {'PD_1,PD_2': 0.0, 'PD_1,PD_3': 0.0, 'PD_1,PD_4': 0.0, 'PD_2,PD_3': 0.0, 'PD_2,PD_4': 0.0, 'PD_3,PD_4': 1.0}, ASR: 1.25, TCB: {'PD_1': ['PD_3'], 'PD_2': ['PD_4'], 'PD_3': ['PD_4'], 'PD_4': ['PD_3']}, FR: {'PD_1,PD_2': 3, 'PD_1,PD_3': inf, 'PD_1,PD_4': 2, 'PD_2,PD_3': inf, 'PD_2,PD_4': 3, 'PD_3,PD_4': inf}
  Computing metrics...
    RSI: {'PD_1,PD_2': 0.0, 'PD_1,PD_3': 0.0, 'PD_1,PD_4': 0.0, 'PD_2,PD_3': 0.0, 'PD_2,PD_4': 0.0, 'PD_3,PD_4': 1.0}, ASR: 1.0, TCB: {'PD_1': ['PD_3'], 'PD_2': ['PD_4'], 'PD_3': ['PD_4'], 'PD_4': ['PD_3']}, FR: {'PD_1,PD_2': inf, 'PD_1,PD_3': inf, 'PD_1,PD_4': inf, 'PD_2,PD_3': inf, 'PD_2,PD_4': inf, 'PD_3,PD_4': inf}
  Computing metrics...
    RSI: {'PD_1,PD_2': 0.0, 'PD_1,PD_3': 0.0, 'PD_1,PD_4': 0.0, 'PD_2,PD_3': 0.0, 'PD_2,PD_4': 0.0, 'PD_3,PD_4': 1.0}, ASR: 1.0, TCB: {'PD_1': ['PD_3'], 'PD_2': ['PD_4'], 'PD_3': ['PD_4'], 'PD_4': ['PD_3']}, FR: {'PD_1,PD_2': inf, 'PD_1,PD_3': inf, 'PD_1,PD_4': inf, 'PD_2,PD_3': inf, 'PD_2,PD_4': inf, 'PD_3,PD_4': inf}
  Computing metrics...
    RSI: {'PD_1,PD_2': 0.0, 'PD_1,PD_3': 0.0, 'PD_1,PD_4': 0.0, 'PD_2,PD_3': 0.0, 'PD_2,PD_4': 0.0, 'PD_3,PD_4': 1.0}, ASR: 1.0, TCB: {'PD_1': ['PD_3'], 'PD_2': ['PD_4'], 'PD_3': ['PD_4'], 'PD_4': ['PD_3']}, FR: {'PD_1,PD_2': inf, 'PD_1,PD_3': inf, 'PD_1,PD_4': inf, 'PD_2,PD_3': inf, 'PD_2,PD_4': inf, 'PD_3,PD_4': inf}
  Computing metrics...
    RSI: {'PD_1,PD_2': 0.0, 'PD_1,PD_3': 0.0, 'PD_1,PD_4': 0.0, 'PD_2,PD_3': 0.0, 'PD_2,PD_4': 0.0, 'PD_3,PD_4': 1.0}, ASR: 1.0, TCB: {'PD_1': ['PD_3'], 'PD_2': ['PD_4'], 'PD_3': ['PD_4'], 'PD_4': ['PD_3']}, FR: {'PD_1,PD_2': inf, 'PD_1,PD_3': inf, 'PD_1,PD_4': inf, 'PD_2,PD_3': inf, 'PD_2,PD_4': inf, 'PD_3,PD_4': inf}
  Computing metrics...
    RSI: {'PD_1,PD_2': 0.0, 'PD_1,PD_3': 0.0, 'PD_1,PD_4': 0.0, 'PD_2,PD_3': 0.0, 'PD_2,PD_4': 0.0, 'PD_3,PD_4': 1.0}, ASR: 1.0, TCB: {'PD_1': ['PD_3'], 'PD_2': ['PD_4'], 'PD_3': ['PD_4'], 'PD_4': ['PD_3']}, FR: {'PD_1,PD_2': inf, 'PD_1,PD_3': inf, 'PD_1,PD_4': inf, 'PD_2,PD_3': inf, 'PD_2,PD_4': inf, 'PD_3,PD_4': inf}
  Computing metrics...
    RSI: {'PD_1,PD_2': 0.0, 'PD_1,PD_3': 0.0, 'PD_1,PD_4': 0.0, 'PD_2,PD_3': 0.0, 'PD_2,PD_4': 0.0, 'PD_3,PD_4': 1.0}, ASR: 1.0, TCB: {'PD_1': ['PD_3'], 'PD_2': ['PD_4'], 'PD_3': ['PD_4'], 'PD_4': ['PD_3']}, FR: {'PD_1,PD_2': inf, 'PD_1,PD_3': inf, 'PD_1,PD_4': inf, 'PD_2,PD_3': inf, 'PD_2,PD_4': inf, 'PD_3,PD_4': inf}
  Computing metrics...
    RSI: {'PD_1,PD_2': 0.0, 'PD_1,PD_3': 0.0, 'PD_1,PD_4': 0.0, 'PD_2,PD_3': 0.0, 'PD_2,PD_4': 0.0, 'PD_3,PD_4': 1.0}, ASR: 1.0, TCB: {'PD_1': ['PD_3'], 'PD_2': ['PD_4'], 'PD_3': ['PD_4'], 'PD_4': ['PD_3']}, FR: {'PD_1,PD_2': inf, 'PD_1,PD_3': inf, 'PD_1,PD_4': inf, 'PD_2,PD_3': inf, 'PD_2,PD_4': inf, 'PD_3,PD_4': inf}
  Computing metrics...
    RSI: {'PD_1,PD_2': 0.0, 'PD_1,PD_3': 0.0, 'PD_1,PD_4': 0.0, 'PD_2,PD_3': 0.0, 'PD_2,PD_4': 0.0, 'PD_3,PD_4': 1.0}, ASR: 1.0, TCB: {'PD_1': ['PD_3'], 'PD_2': ['PD_4'], 'PD_3': ['PD_4'], 'PD_4': ['PD_3']}, FR: {'PD_1,PD_2': inf, 'PD_1,PD_3': inf, 'PD_1,PD_4': inf, 'PD_2,PD_3': inf, 'PD_2,PD_4': inf, 'PD_3,PD_4': inf}
  Computing metrics...
    RSI: {'PD_1,PD_2': 0.0, 'PD_1,PD_3': 0.0, 'PD_1,PD_4': 0.0, 'PD_2,PD_3': 0.0, 'PD_2,PD_4': 0.0, 'PD_3,PD_4': 1.0}, ASR: 1.0, TCB: {'PD_1': ['PD_3'], 'PD_2': ['PD_4'], 'PD_3': ['PD_4'], 'PD_4': ['PD_3']}, FR: {'PD_1,PD_2': inf, 'PD_1,PD_3': inf, 'PD_1,PD_4': inf, 'PD_2,PD_3': inf, 'PD_2,PD_4': inf, 'PD_3,PD_4': inf}
  Computing metrics...
    RSI: {'PD_1,PD_2': 0.0, 'PD_1,PD_3': 0.0, 'PD_1,PD_4': 0.0, 'PD_2,PD_3': 0.0, 'PD_2,PD_4': 0.0, 'PD_3,PD_4': 1.0}, ASR: 1.0, TCB: {'PD_1': ['PD_3'], 'PD_2': ['PD_4'], 'PD_3': ['PD_4'], 'PD_4': ['PD_3']}, FR: {'PD_1,PD_2': inf, 'PD_1,PD_3': inf, 'PD_1,PD_4': inf, 'PD_2,PD_3': inf, 'PD_2,PD_4': inf, 'PD_3,PD_4': inf}
  Computing metrics...
    RSI: {'PD_1,PD_2': 0.0, 'PD_1,PD_3': 0.0, 'PD_1,PD_4': 0.0, 'PD_2,PD_3': 0.0, 'PD_2,PD_4': 0.0, 'PD_3,PD_4': 1.0}, ASR: 1.0, TCB: {'PD_1': ['PD_3'], 'PD_2': ['PD_4'], 'PD_3': ['PD_4'], 'PD_4': ['PD_3']}, FR: {'PD_1,PD_2': inf, 'PD_1,PD_3': inf, 'PD_1,PD_4': inf, 'PD_2,PD_3': inf, 'PD_2,PD_4': inf, 'PD_3,PD_4': inf}
  Computing metrics...
    RSI: {'PD_1,PD_2': 0.0, 'PD_1,PD_3': 0.0, 'PD_1,PD_4': 0.0, 'PD_2,PD_3': 0.0, 'PD_2,PD_4': 0.0, 'PD_3,PD_4': 1.0}, ASR: 1.0, TCB: {'PD_1': ['PD_3'], 'PD_2': ['PD_4'], 'PD_3': ['PD_4'], 'PD_4': ['PD_3']}, FR: {'PD_1,PD_2': inf, 'PD_1,PD_3': inf, 'PD_1,PD_4': inf, 'PD_2,PD_3': inf, 'PD_2,PD_4': inf, 'PD_3,PD_4': inf}
  🚫 Filtered out 0 'add_file_resource(create new CONFIG file in FILE_SPACE_1)' candidates (avoiding repetition)
  🎲 Exploration: selecting candidate #1 instead of best
  Trying best transition: primitive
    Target: add new protection domain to help resolve 2 constraint violation(s)
    Predicted improvement: 0.100
    Considered 42 other option(s):
      1. primitive: create new CONFIG file in FILE_SPACE_1 (improvement: 0.700)
      2. primitive: create new DATABASE file in FILE_SPACE_1 (improvement: 0.700)
      3. primitive: create new TEMP file in FILE_SPACE_1 (improvement: 0.700)
      4. primitive: create new LOG file in FILE_SPACE_1 (improvement: 0.700)
      5. primitive: add authority relationship: PD_1 -> PD_2 (improvement: 0.250)
      6. primitive: enable indirect access: PD_1 -> PD_4 (improvement: 0.250)
      7. primitive: add authority relationship: PD_2 -> PD_1 (improvement: 0.250)
      8. primitive: enable indirect access: PD_2 -> PD_3 (improvement: 0.250)
      9. primitive: add authority relationship: PD_3 -> PD_1 (improvement: 0.250)
      10. primitive: add authority relationship: PD_3 -> PD_2 (improvement: 0.250)
      ... and 32 more
    ✅ Applied add_pd
  📋 Generated 43 candidate(s)
  Computing metrics...
    RSI: {'PD_1,PD_2': 0.0, 'PD_1,PD_3': 0.0, 'PD_1,PD_4': 0.0, 'PD_2,PD_3': 0.0, 'PD_2,PD_4': 0.0, 'PD_3,PD_4': 1.0}, ASR: 1.0, TCB: {'PD_1': ['PD_3'], 'PD_2': ['PD_4'], 'PD_3': ['PD_4'], 'PD_4': ['PD_3']}, FR: {'PD_1,PD_2': inf, 'PD_1,PD_3': inf, 'PD_1,PD_4': inf, 'PD_2,PD_3': inf, 'PD_2,PD_4': inf, 'PD_3,PD_4': inf}
    ✅ Added candidate: add_file_resource (score: 0.700)
  Computing metrics...
    RSI: {'PD_1,PD_2': 0.0, 'PD_1,PD_3': 0.0, 'PD_1,PD_4': 0.0, 'PD_2,PD_3': 0.0, 'PD_2,PD_4': 0.0, 'PD_3,PD_4': 1.0}, ASR: 1.0, TCB: {'PD_1': ['PD_3'], 'PD_2': ['PD_4'], 'PD_3': ['PD_4'], 'PD_4': ['PD_3']}, FR: {'PD_1,PD_2': inf, 'PD_1,PD_3': inf, 'PD_1,PD_4': inf, 'PD_2,PD_3': inf, 'PD_2,PD_4': inf, 'PD_3,PD_4': inf}
    ✅ Added candidate: add_file_resource (score: 0.700)

📊 Next beam (3 states):
  Beam[0]: BeamState(iter=4, score=0.700, path=add_file_resource(create new CONFIG file in FILE_SPACE_1) → add_file_resource(create new CONFIG file in FILE_SPACE_1) → add_file_resource(create new CONFIG file in FILE_SPACE_1))
  Beam[1]: BeamState(iter=4, score=0.700, path=add_file_resource(create new CONFIG file in FILE_SPACE_1) → add_file_resource(create new CONFIG file in FILE_SPACE_1) → add_file_resource(create new DATABASE file in FILE_SPACE_1))
  Beam[2]: BeamState(iter=4, score=0.700, path=add_file_resource(create new CONFIG file in FILE_SPACE_1) → add_file_resource(create new DATABASE file in FILE_SPACE_1) → add_file_resource(create new CONFIG file in FILE_SPACE_1))
💡 Total candidates generated: 6
🎯 Mechanisms discovered so far: 0

============================================================
🔍 Beam Search Iteration 5/8
📊 Current beam size: 3
  Beam[0]: BeamState(iter=4, score=0.700, path=add_file_resource(create new CONFIG file in FILE_SPACE_1) → add_file_resource(create new CONFIG file in FILE_SPACE_1) → add_file_resource(create new CONFIG file in FILE_SPACE_1))
  Beam[1]: BeamState(iter=4, score=0.700, path=add_file_resource(create new CONFIG file in FILE_SPACE_1) → add_file_resource(create new CONFIG file in FILE_SPACE_1) → add_file_resource(create new DATABASE file in FILE_SPACE_1))
  Beam[2]: BeamState(iter=4, score=0.700, path=add_file_resource(create new CONFIG file in FILE_SPACE_1) → add_file_resource(create new DATABASE file in FILE_SPACE_1) → add_file_resource(create new CONFIG file in FILE_SPACE_1))

🌟 Expanding Beam[0] (score: 0.700)
  ⚠️  Constraints violated: PD_1 lacks access to any files; PD_2 lacks access to any files
  Computing metrics...
    RSI: {'PD_1,PD_2': 0.0, 'PD_1,PD_3': 0.0, 'PD_1,PD_4': 0.0, 'PD_2,PD_3': 0.0, 'PD_2,PD_4': 0.0, 'PD_3,PD_4': 1.0}, ASR: 1.0, TCB: {'PD_1': ['PD_3'], 'PD_2': ['PD_4'], 'PD_3': ['PD_4'], 'PD_4': ['PD_3']}, FR: {'PD_1,PD_2': inf, 'PD_1,PD_3': inf, 'PD_1,PD_4': inf, 'PD_2,PD_3': inf, 'PD_2,PD_4': inf, 'PD_3,PD_4': inf}
  Computing metrics...
    RSI: {'PD_1,PD_2': 0.0, 'PD_1,PD_3': 0.0, 'PD_1,PD_4': 0.0, 'PD_1,PD_5': 0.0, 'PD_2,PD_3': 0.0, 'PD_2,PD_4': 0.0, 'PD_2,PD_5': 0.0, 'PD_3,PD_4': 1.0, 'PD_3,PD_5': 0.0, 'PD_4,PD_5': 0.0}, ASR: 0.8, TCB: {'PD_1': ['PD_3'], 'PD_2': ['PD_4'], 'PD_3': ['PD_4'], 'PD_4': ['PD_3'], 'PD_5': []}, FR: {'PD_1,PD_2': inf, 'PD_1,PD_3': inf, 'PD_1,PD_4': inf, 'PD_1,PD_5': inf, 'PD_2,PD_3': inf, 'PD_2,PD_4': inf, 'PD_2,PD_5': inf, 'PD_3,PD_4': inf, 'PD_3,PD_5': inf, 'PD_4,PD_5': inf}
  Computing metrics...
    RSI: {'PD_1,PD_2': 0.0, 'PD_1,PD_3': 0.0, 'PD_1,PD_4': 0.0, 'PD_2,PD_3': 0.0, 'PD_2,PD_4': 0.0, 'PD_3,PD_4': 1.0}, ASR: 1.0, TCB: {'PD_1': ['PD_3'], 'PD_2': ['PD_4'], 'PD_3': ['PD_4'], 'PD_4': ['PD_3']}, FR: {'PD_1,PD_2': inf, 'PD_1,PD_3': inf, 'PD_1,PD_4': inf, 'PD_2,PD_3': inf, 'PD_2,PD_4': inf, 'PD_3,PD_4': inf}
  Computing metrics...
    RSI: {'PD_1,PD_2': 0.0, 'PD_1,PD_3': 0.0, 'PD_1,PD_4': 0.0, 'PD_2,PD_3': 0.0, 'PD_2,PD_4': 0.0, 'PD_3,PD_4': 1.0}, ASR: 1.0, TCB: {'PD_1': ['PD_3'], 'PD_2': ['PD_4'], 'PD_3': ['PD_4'], 'PD_4': ['PD_3']}, FR: {'PD_1,PD_2': inf, 'PD_1,PD_3': inf, 'PD_1,PD_4': inf, 'PD_2,PD_3': inf, 'PD_2,PD_4': inf, 'PD_3,PD_4': inf}
  Computing metrics...
    RSI: {'PD_1,PD_2': 0.0, 'PD_1,PD_3': 0.0, 'PD_1,PD_4': 0.0, 'PD_2,PD_3': 0.0, 'PD_2,PD_4': 0.0, 'PD_3,PD_4': 1.0}, ASR: 1.0, TCB: {'PD_1': ['PD_3'], 'PD_2': ['PD_4'], 'PD_3': ['PD_4'], 'PD_4': ['PD_3']}, FR: {'PD_1,PD_2': inf, 'PD_1,PD_3': inf, 'PD_1,PD_4': inf, 'PD_2,PD_3': inf, 'PD_2,PD_4': inf, 'PD_3,PD_4': inf}
  Computing metrics...
    RSI: {'PD_1,PD_2': 0.0, 'PD_1,PD_3': 0.0, 'PD_1,PD_4': 0.0, 'PD_2,PD_3': 0.0, 'PD_2,PD_4': 0.0, 'PD_3,PD_4': 1.0}, ASR: 1.0, TCB: {'PD_1': ['PD_3'], 'PD_2': ['PD_4'], 'PD_3': ['PD_4'], 'PD_4': ['PD_3']}, FR: {'PD_1,PD_2': inf, 'PD_1,PD_3': inf, 'PD_1,PD_4': inf, 'PD_2,PD_3': inf, 'PD_2,PD_4': inf, 'PD_3,PD_4': inf}
  Computing metrics...
    RSI: {'PD_1,PD_2': 0.0, 'PD_1,PD_3': 0.0, 'PD_1,PD_4': 0.0, 'PD_2,PD_3': 0.0, 'PD_2,PD_4': 0.0, 'PD_3,PD_4': 1.0}, ASR: 1.0, TCB: {'PD_1': ['PD_3'], 'PD_2': ['PD_4'], 'PD_3': ['PD_4'], 'PD_4': ['PD_3']}, FR: {'PD_1,PD_2': inf, 'PD_1,PD_3': inf, 'PD_1,PD_4': inf, 'PD_2,PD_3': inf, 'PD_2,PD_4': inf, 'PD_3,PD_4': inf}
  Computing metrics...
    RSI: {'PD_1,PD_2': 0.0, 'PD_1,PD_3': 0.0, 'PD_1,PD_4': 0.0, 'PD_2,PD_3': 0.0, 'PD_2,PD_4': 0.0, 'PD_3,PD_4': 1.0}, ASR: 1.0, TCB: {'PD_1': ['PD_3'], 'PD_2': ['PD_4'], 'PD_3': ['PD_4'], 'PD_4': ['PD_3']}, FR: {'PD_1,PD_2': inf, 'PD_1,PD_3': inf, 'PD_1,PD_4': inf, 'PD_2,PD_3': inf, 'PD_2,PD_4': inf, 'PD_3,PD_4': inf}
  Computing metrics...
    RSI: {'PD_1,PD_2': 0.0, 'PD_1,PD_3': 0.0, 'PD_1,PD_4': 0.0, 'PD_2,PD_3': 0.0, 'PD_2,PD_4': 0.0, 'PD_3,PD_4': 1.0}, ASR: 1.0, TCB: {'PD_1': ['PD_3'], 'PD_2': ['PD_4'], 'PD_3': ['PD_4'], 'PD_4': ['PD_3']}, FR: {'PD_1,PD_2': inf, 'PD_1,PD_3': inf, 'PD_1,PD_4': inf, 'PD_2,PD_3': inf, 'PD_2,PD_4': inf, 'PD_3,PD_4': inf}
  Computing metrics...
    RSI: {'PD_1,PD_2': 0.0, 'PD_1,PD_3': 0.0, 'PD_1,PD_4': 0.0, 'PD_2,PD_3': 0.0, 'PD_2,PD_4': 0.0, 'PD_3,PD_4': 1.0}, ASR: 1.0, TCB: {'PD_1': ['PD_3'], 'PD_2': ['PD_4'], 'PD_3': ['PD_4'], 'PD_4': ['PD_3']}, FR: {'PD_1,PD_2': inf, 'PD_1,PD_3': inf, 'PD_1,PD_4': inf, 'PD_2,PD_3': inf, 'PD_2,PD_4': inf, 'PD_3,PD_4': inf}
  Computing metrics...
    RSI: {'PD_1,PD_2': 0.0, 'PD_1,PD_3': 0.0, 'PD_1,PD_4': 0.0, 'PD_2,PD_3': 0.0, 'PD_2,PD_4': 0.0, 'PD_3,PD_4': 1.0}, ASR: 1.0, TCB: {'PD_1': ['PD_3'], 'PD_2': ['PD_4'], 'PD_3': ['PD_4'], 'PD_4': ['PD_3']}, FR: {'PD_1,PD_2': inf, 'PD_1,PD_3': inf, 'PD_1,PD_4': inf, 'PD_2,PD_3': inf, 'PD_2,PD_4': inf, 'PD_3,PD_4': inf}
  Computing metrics...
    RSI: {'PD_1,PD_2': 0.0, 'PD_1,PD_3': 0.0, 'PD_1,PD_4': 0.0, 'PD_2,PD_3': 0.0, 'PD_2,PD_4': 0.0, 'PD_3,PD_4': 1.0}, ASR: 1.0, TCB: {'PD_1': ['PD_3'], 'PD_2': ['PD_4'], 'PD_3': ['PD_4'], 'PD_4': ['PD_3']}, FR: {'PD_1,PD_2': inf, 'PD_1,PD_3': inf, 'PD_1,PD_4': inf, 'PD_2,PD_3': inf, 'PD_2,PD_4': inf, 'PD_3,PD_4': inf}
  Computing metrics...
    RSI: {'PD_1,PD_2': 0.0, 'PD_1,PD_3': 0.0, 'PD_1,PD_4': 0.0, 'PD_2,PD_3': 0.0, 'PD_2,PD_4': 0.0, 'PD_3,PD_4': 1.0}, ASR: 1.0, TCB: {'PD_1': ['PD_3'], 'PD_2': ['PD_4'], 'PD_3': ['PD_4'], 'PD_4': ['PD_3']}, FR: {'PD_1,PD_2': inf, 'PD_1,PD_3': inf, 'PD_1,PD_4': inf, 'PD_2,PD_3': inf, 'PD_2,PD_4': inf, 'PD_3,PD_4': inf}
  Computing metrics...
    RSI: {'PD_1,PD_2': 0.0, 'PD_1,PD_3': 0.0, 'PD_1,PD_4': 0.0, 'PD_2,PD_3': 0.0, 'PD_2,PD_4': 0.0, 'PD_3,PD_4': 1.0}, ASR: 1.0, TCB: {'PD_1': ['PD_3'], 'PD_2': ['PD_4'], 'PD_3': ['PD_4'], 'PD_4': ['PD_3']}, FR: {'PD_1,PD_2': inf, 'PD_1,PD_3': inf, 'PD_1,PD_4': inf, 'PD_2,PD_3': inf, 'PD_2,PD_4': inf, 'PD_3,PD_4': inf}
  Computing metrics...
    RSI: {'PD_1,PD_2': 0.0, 'PD_1,PD_3': 0.0, 'PD_1,PD_4': 0.0, 'PD_2,PD_3': 0.0, 'PD_2,PD_4': 0.0, 'PD_3,PD_4': 1.0}, ASR: 1.0, TCB: {'PD_1': ['PD_3'], 'PD_2': ['PD_4'], 'PD_3': ['PD_4'], 'PD_4': ['PD_3']}, FR: {'PD_1,PD_2': inf, 'PD_1,PD_3': inf, 'PD_1,PD_4': inf, 'PD_2,PD_3': inf, 'PD_2,PD_4': inf, 'PD_3,PD_4': inf}
  Computing metrics...
    RSI: {'PD_1,PD_2': 0.0, 'PD_1,PD_3': 0.0, 'PD_1,PD_4': 0.0, 'PD_2,PD_3': 0.0, 'PD_2,PD_4': 0.0, 'PD_3,PD_4': 1.0}, ASR: 1.0, TCB: {'PD_1': ['PD_3'], 'PD_2': ['PD_4'], 'PD_3': ['PD_4'], 'PD_4': ['PD_3']}, FR: {'PD_1,PD_2': inf, 'PD_1,PD_3': inf, 'PD_1,PD_4': inf, 'PD_2,PD_3': inf, 'PD_2,PD_4': inf, 'PD_3,PD_4': inf}
  Computing metrics...
    RSI: {'PD_1,PD_2': 0.0, 'PD_1,PD_3': 0.0, 'PD_1,PD_4': 0.0, 'PD_2,PD_3': 0.0, 'PD_2,PD_4': 0.0, 'PD_3,PD_4': 1.0}, ASR: 1.0, TCB: {'PD_1': ['PD_3'], 'PD_2': ['PD_4'], 'PD_3': ['PD_4'], 'PD_4': ['PD_3']}, FR: {'PD_1,PD_2': inf, 'PD_1,PD_3': inf, 'PD_1,PD_4': inf, 'PD_2,PD_3': inf, 'PD_2,PD_4': inf, 'PD_3,PD_4': inf}
  Computing metrics...
    RSI: {'PD_1,PD_2': 0.0, 'PD_1,PD_3': 0.0, 'PD_1,PD_4': 0.0, 'PD_2,PD_3': 0.0, 'PD_2,PD_4': 0.0, 'PD_3,PD_4': 1.0}, ASR: 1.0, TCB: {'PD_1': ['PD_3'], 'PD_2': ['PD_4'], 'PD_3': ['PD_4'], 'PD_4': ['PD_3']}, FR: {'PD_1,PD_2': inf, 'PD_1,PD_3': inf, 'PD_1,PD_4': inf, 'PD_2,PD_3': inf, 'PD_2,PD_4': inf, 'PD_3,PD_4': inf}
  Computing metrics...
    RSI: {'PD_1,PD_2': 0.0, 'PD_1,PD_3': 0.0, 'PD_1,PD_4': 0.0, 'PD_2,PD_3': 0.0, 'PD_2,PD_4': 0.0, 'PD_3,PD_4': 1.0}, ASR: 1.0, TCB: {'PD_1': ['PD_3'], 'PD_2': ['PD_4'], 'PD_3': ['PD_4'], 'PD_4': ['PD_3']}, FR: {'PD_1,PD_2': inf, 'PD_1,PD_3': inf, 'PD_1,PD_4': inf, 'PD_2,PD_3': inf, 'PD_2,PD_4': inf, 'PD_3,PD_4': inf}
  Computing metrics...
    RSI: {'PD_1,PD_2': 0.0, 'PD_1,PD_3': 0.0, 'PD_1,PD_4': 0.0, 'PD_2,PD_3': 0.0, 'PD_2,PD_4': 0.0, 'PD_3,PD_4': 1.0}, ASR: 1.0, TCB: {'PD_1': ['PD_3'], 'PD_2': ['PD_4'], 'PD_3': ['PD_4'], 'PD_4': ['PD_3']}, FR: {'PD_1,PD_2': inf, 'PD_1,PD_3': inf, 'PD_1,PD_4': inf, 'PD_2,PD_3': inf, 'PD_2,PD_4': inf, 'PD_3,PD_4': inf}
  Computing metrics...
    RSI: {'PD_1,PD_2': 0.0, 'PD_1,PD_3': 0.0, 'PD_1,PD_4': 0.0, 'PD_2,PD_3': 0.0, 'PD_2,PD_4': 0.0, 'PD_3,PD_4': 1.0}, ASR: 1.0, TCB: {'PD_1': ['PD_3'], 'PD_2': ['PD_4'], 'PD_3': ['PD_4'], 'PD_4': ['PD_3']}, FR: {'PD_1,PD_2': inf, 'PD_1,PD_3': inf, 'PD_1,PD_4': inf, 'PD_2,PD_3': inf, 'PD_2,PD_4': inf, 'PD_3,PD_4': inf}
  Computing metrics...
    RSI: {'PD_1,PD_2': 0.0, 'PD_1,PD_3': 0.0, 'PD_1,PD_4': 0.0, 'PD_2,PD_3': 0.0, 'PD_2,PD_4': 0.0, 'PD_3,PD_4': 1.0}, ASR: 1.0, TCB: {'PD_1': ['PD_3'], 'PD_2': ['PD_4'], 'PD_3': ['PD_4'], 'PD_4': ['PD_3']}, FR: {'PD_1,PD_2': inf, 'PD_1,PD_3': inf, 'PD_1,PD_4': inf, 'PD_2,PD_3': inf, 'PD_2,PD_4': inf, 'PD_3,PD_4': inf}
  Computing metrics...
    RSI: {'PD_1,PD_2': 0.0, 'PD_1,PD_3': 0.0, 'PD_1,PD_4': 0.0, 'PD_2,PD_3': 0.0, 'PD_2,PD_4': 0.0, 'PD_3,PD_4': 1.0}, ASR: 1.0, TCB: {'PD_1': ['PD_3'], 'PD_2': ['PD_4'], 'PD_3': ['PD_4'], 'PD_4': ['PD_3']}, FR: {'PD_1,PD_2': inf, 'PD_1,PD_3': inf, 'PD_1,PD_4': inf, 'PD_2,PD_3': inf, 'PD_2,PD_4': inf, 'PD_3,PD_4': inf}
  Computing metrics...
    RSI: {'PD_1,PD_2': 0.0, 'PD_1,PD_3': 0.0, 'PD_1,PD_4': 0.0, 'PD_2,PD_3': 0.0, 'PD_2,PD_4': 0.0, 'PD_3,PD_4': 1.0}, ASR: 1.0, TCB: {'PD_1': ['PD_3'], 'PD_2': ['PD_4'], 'PD_3': ['PD_4'], 'PD_4': ['PD_3']}, FR: {'PD_1,PD_2': inf, 'PD_1,PD_3': inf, 'PD_1,PD_4': inf, 'PD_2,PD_3': inf, 'PD_2,PD_4': inf, 'PD_3,PD_4': inf}
  Computing metrics...
    RSI: {'PD_1,PD_2': 0.0, 'PD_1,PD_3': 0.0, 'PD_1,PD_4': 0.0, 'PD_2,PD_3': 0.0, 'PD_2,PD_4': 0.0, 'PD_3,PD_4': 1.0}, ASR: 1.0, TCB: {'PD_1': ['PD_3'], 'PD_2': ['PD_4'], 'PD_3': ['PD_4'], 'PD_4': ['PD_3']}, FR: {'PD_1,PD_2': inf, 'PD_1,PD_3': inf, 'PD_1,PD_4': inf, 'PD_2,PD_3': inf, 'PD_2,PD_4': inf, 'PD_3,PD_4': inf}
  Computing metrics...
    RSI: {'PD_1,PD_2': 0.0, 'PD_1,PD_3': 1.0, 'PD_1,PD_4': 1.0, 'PD_2,PD_3': 0.0, 'PD_2,PD_4': 0.0, 'PD_3,PD_4': 1.0}, ASR: 1.25, TCB: {'PD_1': ['PD_3', 'PD_4'], 'PD_2': ['PD_4'], 'PD_3': ['PD_1', 'PD_4'], 'PD_4': ['PD_1', 'PD_3']}, FR: {'PD_1,PD_2': inf, 'PD_1,PD_3': inf, 'PD_1,PD_4': inf, 'PD_2,PD_3': inf, 'PD_2,PD_4': inf, 'PD_3,PD_4': inf}
  Computing metrics...
    RSI: {'PD_1,PD_2': 0.0, 'PD_1,PD_3': 0.0, 'PD_1,PD_4': 0.0, 'PD_2,PD_3': 0.0, 'PD_2,PD_4': 0.0, 'PD_3,PD_4': 1.0}, ASR: 1.0, TCB: {'PD_1': ['PD_3'], 'PD_2': ['PD_4'], 'PD_3': ['PD_4'], 'PD_4': ['PD_3']}, FR: {'PD_1,PD_2': inf, 'PD_1,PD_3': inf, 'PD_1,PD_4': inf, 'PD_2,PD_3': inf, 'PD_2,PD_4': inf, 'PD_3,PD_4': inf}
  Computing metrics...
    RSI: {'PD_1,PD_2': 0.0, 'PD_1,PD_3': 0.0, 'PD_1,PD_4': 0.0, 'PD_2,PD_3': 0.0, 'PD_2,PD_4': 0.0, 'PD_3,PD_4': 1.0}, ASR: 1.25, TCB: {'PD_1': ['PD_3'], 'PD_2': ['PD_4'], 'PD_3': ['PD_4'], 'PD_4': ['PD_3']}, FR: {'PD_1,PD_2': inf, 'PD_1,PD_3': inf, 'PD_1,PD_4': inf, 'PD_2,PD_3': inf, 'PD_2,PD_4': inf, 'PD_3,PD_4': inf}
  Computing metrics...
    RSI: {'PD_1,PD_2': 0.0, 'PD_1,PD_3': 0.0, 'PD_1,PD_4': 0.0, 'PD_2,PD_3': 0.0, 'PD_2,PD_4': 0.0, 'PD_3,PD_4': 1.0}, ASR: 1.0, TCB: {'PD_1': ['PD_3'], 'PD_2': ['PD_4'], 'PD_3': ['PD_4'], 'PD_4': ['PD_3']}, FR: {'PD_1,PD_2': inf, 'PD_1,PD_3': inf, 'PD_1,PD_4': inf, 'PD_2,PD_3': inf, 'PD_2,PD_4': inf, 'PD_3,PD_4': inf}
  Computing metrics...
    RSI: {'PD_1,PD_2': 0.0, 'PD_1,PD_3': 0.0, 'PD_1,PD_4': 0.0, 'PD_2,PD_3': 0.0, 'PD_2,PD_4': 0.0, 'PD_3,PD_4': 1.0}, ASR: 1.25, TCB: {'PD_1': ['PD_3'], 'PD_2': ['PD_4'], 'PD_3': ['PD_4'], 'PD_4': ['PD_3']}, FR: {'PD_1,PD_2': inf, 'PD_1,PD_3': inf, 'PD_1,PD_4': inf, 'PD_2,PD_3': inf, 'PD_2,PD_4': inf, 'PD_3,PD_4': inf}
  Computing metrics...
    RSI: {'PD_1,PD_2': 0.0, 'PD_1,PD_3': 0.0, 'PD_1,PD_4': 0.0, 'PD_2,PD_3': 0.0, 'PD_2,PD_4': 0.0, 'PD_3,PD_4': 1.0}, ASR: 1.0, TCB: {'PD_1': ['PD_3'], 'PD_2': ['PD_4'], 'PD_3': ['PD_4'], 'PD_4': ['PD_3']}, FR: {'PD_1,PD_2': inf, 'PD_1,PD_3': inf, 'PD_1,PD_4': inf, 'PD_2,PD_3': inf, 'PD_2,PD_4': inf, 'PD_3,PD_4': inf}
  Computing metrics...
    RSI: {'PD_1,PD_2': 0.0, 'PD_1,PD_3': 0.0, 'PD_1,PD_4': 0.0, 'PD_2,PD_3': 0.0, 'PD_2,PD_4': 0.0, 'PD_3,PD_4': 1.0}, ASR: 1.25, TCB: {'PD_1': ['PD_3'], 'PD_2': ['PD_4'], 'PD_3': ['PD_4'], 'PD_4': ['PD_3']}, FR: {'PD_1,PD_2': inf, 'PD_1,PD_3': inf, 'PD_1,PD_4': inf, 'PD_2,PD_3': inf, 'PD_2,PD_4': inf, 'PD_3,PD_4': inf}
  Computing metrics...
    RSI: {'PD_1,PD_2': 0.0, 'PD_1,PD_3': 0.0, 'PD_1,PD_4': 0.0, 'PD_2,PD_3': 0.0, 'PD_2,PD_4': 0.0, 'PD_3,PD_4': 1.0}, ASR: 1.0, TCB: {'PD_1': ['PD_3'], 'PD_2': ['PD_4'], 'PD_3': ['PD_4'], 'PD_4': ['PD_3']}, FR: {'PD_1,PD_2': inf, 'PD_1,PD_3': inf, 'PD_1,PD_4': inf, 'PD_2,PD_3': inf, 'PD_2,PD_4': inf, 'PD_3,PD_4': inf}
  Computing metrics...
    RSI: {'PD_1,PD_2': 0.0, 'PD_1,PD_3': 0.0, 'PD_1,PD_4': 0.0, 'PD_2,PD_3': 0.0, 'PD_2,PD_4': 0.0, 'PD_3,PD_4': 1.0}, ASR: 1.25, TCB: {'PD_1': ['PD_3'], 'PD_2': ['PD_4'], 'PD_3': ['PD_4'], 'PD_4': ['PD_3']}, FR: {'PD_1,PD_2': inf, 'PD_1,PD_3': inf, 'PD_1,PD_4': inf, 'PD_2,PD_3': inf, 'PD_2,PD_4': inf, 'PD_3,PD_4': inf}
  Computing metrics...
    RSI: {'PD_1,PD_2': 0.0, 'PD_1,PD_3': 0.0, 'PD_1,PD_4': 0.0, 'PD_2,PD_3': 0.0, 'PD_2,PD_4': 0.0, 'PD_3,PD_4': 1.0}, ASR: 1.0, TCB: {'PD_1': ['PD_3'], 'PD_2': ['PD_4'], 'PD_3': ['PD_4'], 'PD_4': ['PD_3']}, FR: {'PD_1,PD_2': inf, 'PD_1,PD_3': inf, 'PD_1,PD_4': inf, 'PD_2,PD_3': inf, 'PD_2,PD_4': inf, 'PD_3,PD_4': inf}
  Computing metrics...
    RSI: {'PD_1,PD_2': 0.0, 'PD_1,PD_3': 0.0, 'PD_1,PD_4': 0.0, 'PD_2,PD_3': 1.0, 'PD_2,PD_4': 1.0, 'PD_3,PD_4': 1.0}, ASR: 1.25, TCB: {'PD_1': ['PD_3'], 'PD_2': ['PD_4', 'PD_3'], 'PD_3': ['PD_2', 'PD_4'], 'PD_4': ['PD_2', 'PD_3']}, FR: {'PD_1,PD_2': inf, 'PD_1,PD_3': inf, 'PD_1,PD_4': inf, 'PD_2,PD_3': inf, 'PD_2,PD_4': inf, 'PD_3,PD_4': inf}
  Computing metrics...
    RSI: {'PD_1,PD_2': 0.0, 'PD_1,PD_3': 0.0, 'PD_1,PD_4': 0.0, 'PD_2,PD_3': 0.0, 'PD_2,PD_4': 0.0, 'PD_3,PD_4': 1.0}, ASR: 1.0, TCB: {'PD_1': ['PD_3'], 'PD_2': ['PD_4'], 'PD_3': ['PD_4'], 'PD_4': ['PD_3']}, FR: {'PD_1,PD_2': inf, 'PD_1,PD_3': inf, 'PD_1,PD_4': inf, 'PD_2,PD_3': inf, 'PD_2,PD_4': inf, 'PD_3,PD_4': inf}
  Computing metrics...
    RSI: {'PD_1,PD_2': 0.0, 'PD_1,PD_3': 0.0, 'PD_1,PD_4': 0.0, 'PD_2,PD_3': 0.0, 'PD_2,PD_4': 0.0, 'PD_3,PD_4': 1.0}, ASR: 1.25, TCB: {'PD_1': ['PD_3'], 'PD_2': ['PD_4'], 'PD_3': ['PD_4'], 'PD_4': ['PD_3']}, FR: {'PD_1,PD_2': inf, 'PD_1,PD_3': inf, 'PD_1,PD_4': inf, 'PD_2,PD_3': inf, 'PD_2,PD_4': inf, 'PD_3,PD_4': inf}
  Computing metrics...
    RSI: {'PD_1,PD_2': 0.0, 'PD_1,PD_3': 0.0, 'PD_1,PD_4': 0.0, 'PD_2,PD_3': 0.0, 'PD_2,PD_4': 0.0, 'PD_3,PD_4': 1.0}, ASR: 1.0, TCB: {'PD_1': ['PD_3'], 'PD_2': ['PD_4'], 'PD_3': ['PD_4'], 'PD_4': ['PD_3']}, FR: {'PD_1,PD_2': inf, 'PD_1,PD_3': inf, 'PD_1,PD_4': inf, 'PD_2,PD_3': inf, 'PD_2,PD_4': inf, 'PD_3,PD_4': inf}
  Computing metrics...
    RSI: {'PD_1,PD_2': 0.0, 'PD_1,PD_3': 0.0, 'PD_1,PD_4': 0.0, 'PD_2,PD_3': 0.0, 'PD_2,PD_4': 0.0, 'PD_3,PD_4': 1.0}, ASR: 1.25, TCB: {'PD_1': ['PD_3'], 'PD_2': ['PD_4'], 'PD_3': ['PD_4'], 'PD_4': ['PD_3']}, FR: {'PD_1,PD_2': inf, 'PD_1,PD_3': inf, 'PD_1,PD_4': inf, 'PD_2,PD_3': inf, 'PD_2,PD_4': inf, 'PD_3,PD_4': inf}
  Computing metrics...
    RSI: {'PD_1,PD_2': 0.0, 'PD_1,PD_3': 0.0, 'PD_1,PD_4': 0.0, 'PD_2,PD_3': 0.0, 'PD_2,PD_4': 0.0, 'PD_3,PD_4': 1.0}, ASR: 1.0, TCB: {'PD_1': ['PD_3'], 'PD_2': ['PD_4'], 'PD_3': ['PD_4'], 'PD_4': ['PD_3']}, FR: {'PD_1,PD_2': inf, 'PD_1,PD_3': inf, 'PD_1,PD_4': inf, 'PD_2,PD_3': inf, 'PD_2,PD_4': inf, 'PD_3,PD_4': inf}
  Computing metrics...
    RSI: {'PD_1,PD_2': 0.0, 'PD_1,PD_3': 0.0, 'PD_1,PD_4': 0.0, 'PD_2,PD_3': 0.0, 'PD_2,PD_4': 0.0, 'PD_3,PD_4': 1.0}, ASR: 1.25, TCB: {'PD_1': ['PD_3'], 'PD_2': ['PD_4'], 'PD_3': ['PD_4'], 'PD_4': ['PD_3']}, FR: {'PD_1,PD_2': inf, 'PD_1,PD_3': inf, 'PD_1,PD_4': inf, 'PD_2,PD_3': inf, 'PD_2,PD_4': inf, 'PD_3,PD_4': inf}
  Computing metrics...
    RSI: {'PD_1,PD_2': 0.0, 'PD_1,PD_3': 0.0, 'PD_1,PD_4': 0.0, 'PD_2,PD_3': 0.0, 'PD_2,PD_4': 0.0, 'PD_3,PD_4': 1.0}, ASR: 1.0, TCB: {'PD_1': ['PD_3'], 'PD_2': ['PD_4'], 'PD_3': ['PD_4'], 'PD_4': ['PD_3']}, FR: {'PD_1,PD_2': inf, 'PD_1,PD_3': inf, 'PD_1,PD_4': inf, 'PD_2,PD_3': inf, 'PD_2,PD_4': inf, 'PD_3,PD_4': inf}
  Computing metrics...
    RSI: {'PD_1,PD_2': 0.0, 'PD_1,PD_3': 0.0, 'PD_1,PD_4': 0.0, 'PD_2,PD_3': 0.0, 'PD_2,PD_4': 0.0, 'PD_3,PD_4': 1.0}, ASR: 1.25, TCB: {'PD_1': ['PD_3'], 'PD_2': ['PD_4'], 'PD_3': ['PD_4'], 'PD_4': ['PD_3']}, FR: {'PD_1,PD_2': inf, 'PD_1,PD_3': inf, 'PD_1,PD_4': inf, 'PD_2,PD_3': inf, 'PD_2,PD_4': inf, 'PD_3,PD_4': inf}
  Computing metrics...
    RSI: {'PD_1,PD_2': 0.0, 'PD_1,PD_3': 0.0, 'PD_1,PD_4': 0.0, 'PD_2,PD_3': 0.0, 'PD_2,PD_4': 0.0, 'PD_3,PD_4': 1.0}, ASR: 1.0, TCB: {'PD_1': ['PD_3'], 'PD_2': ['PD_4'], 'PD_3': ['PD_4'], 'PD_4': ['PD_3']}, FR: {'PD_1,PD_2': inf, 'PD_1,PD_3': inf, 'PD_1,PD_4': inf, 'PD_2,PD_3': inf, 'PD_2,PD_4': inf, 'PD_3,PD_4': inf}
  Computing metrics...
    RSI: {'PD_1,PD_2': 0.0, 'PD_1,PD_3': 0.0, 'PD_1,PD_4': 0.0, 'PD_2,PD_3': 0.0, 'PD_2,PD_4': 0.0, 'PD_3,PD_4': 0.5}, ASR: 1.25, TCB: {'PD_1': ['PD_3'], 'PD_2': ['PD_4'], 'PD_3': ['PD_4'], 'PD_4': ['PD_3']}, FR: {'PD_1,PD_2': inf, 'PD_1,PD_3': inf, 'PD_1,PD_4': inf, 'PD_2,PD_3': inf, 'PD_2,PD_4': inf, 'PD_3,PD_4': inf}
  Computing metrics...
    RSI: {'PD_1,PD_2': 0.0, 'PD_1,PD_3': 0.0, 'PD_1,PD_4': 0.0, 'PD_2,PD_3': 0.0, 'PD_2,PD_4': 0.0, 'PD_3,PD_4': 1.0}, ASR: 1.0, TCB: {'PD_1': ['PD_3'], 'PD_2': ['PD_4'], 'PD_3': ['PD_4'], 'PD_4': ['PD_3']}, FR: {'PD_1,PD_2': inf, 'PD_1,PD_3': inf, 'PD_1,PD_4': inf, 'PD_2,PD_3': inf, 'PD_2,PD_4': inf, 'PD_3,PD_4': inf}
  Computing metrics...
    RSI: {'PD_1,PD_2': 0.0, 'PD_1,PD_3': 0.0, 'PD_1,PD_4': 0.0, 'PD_2,PD_3': 0.0, 'PD_2,PD_4': 0.0, 'PD_3,PD_4': 0.5}, ASR: 1.25, TCB: {'PD_1': ['PD_3'], 'PD_2': ['PD_4'], 'PD_3': ['PD_4'], 'PD_4': ['PD_3']}, FR: {'PD_1,PD_2': inf, 'PD_1,PD_3': inf, 'PD_1,PD_4': inf, 'PD_2,PD_3': inf, 'PD_2,PD_4': inf, 'PD_3,PD_4': inf}
  Computing metrics...
    RSI: {'PD_1,PD_2': 0.0, 'PD_1,PD_3': 0.0, 'PD_1,PD_4': 0.0, 'PD_2,PD_3': 0.0, 'PD_2,PD_4': 0.0, 'PD_3,PD_4': 1.0}, ASR: 1.0, TCB: {'PD_1': ['PD_3'], 'PD_2': ['PD_4'], 'PD_3': ['PD_4'], 'PD_4': ['PD_3']}, FR: {'PD_1,PD_2': inf, 'PD_1,PD_3': inf, 'PD_1,PD_4': inf, 'PD_2,PD_3': inf, 'PD_2,PD_4': inf, 'PD_3,PD_4': inf}
  Computing metrics...
    RSI: {'PD_1,PD_2': 0.0, 'PD_1,PD_3': 0.0, 'PD_1,PD_4': 0.0, 'PD_2,PD_3': 0.0, 'PD_2,PD_4': 0.0, 'PD_3,PD_4': 0.5}, ASR: 1.25, TCB: {'PD_1': ['PD_3'], 'PD_2': ['PD_4'], 'PD_3': ['PD_4'], 'PD_4': ['PD_3']}, FR: {'PD_1,PD_2': inf, 'PD_1,PD_3': inf, 'PD_1,PD_4': inf, 'PD_2,PD_3': inf, 'PD_2,PD_4': inf, 'PD_3,PD_4': inf}
  Computing metrics...
    RSI: {'PD_1,PD_2': 0.0, 'PD_1,PD_3': 0.0, 'PD_1,PD_4': 0.0, 'PD_2,PD_3': 0.0, 'PD_2,PD_4': 0.0, 'PD_3,PD_4': 1.0}, ASR: 1.0, TCB: {'PD_1': ['PD_3'], 'PD_2': ['PD_4'], 'PD_3': ['PD_4'], 'PD_4': ['PD_3']}, FR: {'PD_1,PD_2': inf, 'PD_1,PD_3': inf, 'PD_1,PD_4': inf, 'PD_2,PD_3': inf, 'PD_2,PD_4': inf, 'PD_3,PD_4': inf}
  Computing metrics...
    RSI: {'PD_1,PD_2': 0.0, 'PD_1,PD_3': 0.0, 'PD_1,PD_4': 0.0, 'PD_2,PD_3': 0.0, 'PD_2,PD_4': 0.0, 'PD_3,PD_4': 0.5}, ASR: 1.25, TCB: {'PD_1': ['PD_3'], 'PD_2': ['PD_4'], 'PD_3': ['PD_4'], 'PD_4': ['PD_3']}, FR: {'PD_1,PD_2': inf, 'PD_1,PD_3': inf, 'PD_1,PD_4': inf, 'PD_2,PD_3': inf, 'PD_2,PD_4': inf, 'PD_3,PD_4': inf}
  Computing metrics...
    RSI: {'PD_1,PD_2': 0.0, 'PD_1,PD_3': 0.0, 'PD_1,PD_4': 0.0, 'PD_2,PD_3': 0.0, 'PD_2,PD_4': 0.0, 'PD_3,PD_4': 1.0}, ASR: 1.0, TCB: {'PD_1': ['PD_3'], 'PD_2': ['PD_4'], 'PD_3': ['PD_4'], 'PD_4': ['PD_3']}, FR: {'PD_1,PD_2': inf, 'PD_1,PD_3': inf, 'PD_1,PD_4': inf, 'PD_2,PD_3': inf, 'PD_2,PD_4': inf, 'PD_3,PD_4': inf}
  Computing metrics...
    RSI: {'PD_1,PD_2': 0.0, 'PD_1,PD_3': 0.0, 'PD_1,PD_4': 0.0, 'PD_2,PD_3': 0.0, 'PD_2,PD_4': 0.0, 'PD_3,PD_4': 0.5}, ASR: 1.25, TCB: {'PD_1': ['PD_3'], 'PD_2': ['PD_4'], 'PD_3': ['PD_4'], 'PD_4': ['PD_3']}, FR: {'PD_1,PD_2': inf, 'PD_1,PD_3': inf, 'PD_1,PD_4': inf, 'PD_2,PD_3': inf, 'PD_2,PD_4': inf, 'PD_3,PD_4': inf}
  Computing metrics...
    RSI: {'PD_1,PD_2': 0.0, 'PD_1,PD_3': 0.0, 'PD_1,PD_4': 0.0, 'PD_2,PD_3': 0.0, 'PD_2,PD_4': 0.0, 'PD_3,PD_4': 1.0}, ASR: 1.0, TCB: {'PD_1': ['PD_3'], 'PD_2': ['PD_4'], 'PD_3': ['PD_4'], 'PD_4': ['PD_3']}, FR: {'PD_1,PD_2': inf, 'PD_1,PD_3': inf, 'PD_1,PD_4': inf, 'PD_2,PD_3': inf, 'PD_2,PD_4': inf, 'PD_3,PD_4': inf}
  Computing metrics...
    RSI: {'PD_1,PD_2': 0.0, 'PD_1,PD_3': 0.0, 'PD_1,PD_4': 0.0, 'PD_2,PD_3': 0.0, 'PD_2,PD_4': 0.0, 'PD_3,PD_4': 0.5}, ASR: 1.25, TCB: {'PD_1': ['PD_3'], 'PD_2': ['PD_4'], 'PD_3': ['PD_4'], 'PD_4': ['PD_3']}, FR: {'PD_1,PD_2': inf, 'PD_1,PD_3': inf, 'PD_1,PD_4': inf, 'PD_2,PD_3': inf, 'PD_2,PD_4': inf, 'PD_3,PD_4': inf}
  Computing metrics...
    RSI: {'PD_1,PD_2': 0.0, 'PD_1,PD_3': 0.0, 'PD_1,PD_4': 0.0, 'PD_2,PD_3': 0.0, 'PD_2,PD_4': 0.0, 'PD_3,PD_4': 1.0}, ASR: 1.0, TCB: {'PD_1': ['PD_3'], 'PD_2': ['PD_4'], 'PD_3': ['PD_4'], 'PD_4': ['PD_3']}, FR: {'PD_1,PD_2': inf, 'PD_1,PD_3': inf, 'PD_1,PD_4': inf, 'PD_2,PD_3': inf, 'PD_2,PD_4': inf, 'PD_3,PD_4': inf}
  Computing metrics...
    RSI: {'PD_1,PD_2': 0.0, 'PD_1,PD_3': 0.0, 'PD_1,PD_4': 0.0, 'PD_2,PD_3': 0.0, 'PD_2,PD_4': 0.0, 'PD_3,PD_4': 0.5}, ASR: 1.25, TCB: {'PD_1': ['PD_3'], 'PD_2': ['PD_4'], 'PD_3': ['PD_4'], 'PD_4': ['PD_3']}, FR: {'PD_1,PD_2': inf, 'PD_1,PD_3': inf, 'PD_1,PD_4': inf, 'PD_2,PD_3': inf, 'PD_2,PD_4': inf, 'PD_3,PD_4': inf}
  Computing metrics...
    RSI: {'PD_1,PD_2': 0.0, 'PD_1,PD_3': 0.0, 'PD_1,PD_4': 0.0, 'PD_2,PD_3': 0.0, 'PD_2,PD_4': 0.0, 'PD_3,PD_4': 1.0}, ASR: 1.0, TCB: {'PD_1': ['PD_3'], 'PD_2': ['PD_4'], 'PD_3': ['PD_4'], 'PD_4': ['PD_3']}, FR: {'PD_1,PD_2': inf, 'PD_1,PD_3': inf, 'PD_1,PD_4': inf, 'PD_2,PD_3': inf, 'PD_2,PD_4': inf, 'PD_3,PD_4': inf}
  Computing metrics...
    RSI: {'PD_1,PD_2': 0.0, 'PD_1,PD_3': 0.0, 'PD_1,PD_4': 0.0, 'PD_2,PD_3': 0.0, 'PD_2,PD_4': 0.0, 'PD_3,PD_4': 0.5}, ASR: 1.25, TCB: {'PD_1': ['PD_3'], 'PD_2': ['PD_4'], 'PD_3': ['PD_4'], 'PD_4': ['PD_3']}, FR: {'PD_1,PD_2': inf, 'PD_1,PD_3': inf, 'PD_1,PD_4': inf, 'PD_2,PD_3': inf, 'PD_2,PD_4': inf, 'PD_3,PD_4': inf}
  Computing metrics...
    RSI: {'PD_1,PD_2': 0.0, 'PD_1,PD_3': 0.0, 'PD_1,PD_4': 0.0, 'PD_2,PD_3': 0.0, 'PD_2,PD_4': 0.0, 'PD_3,PD_4': 1.0}, ASR: 1.0, TCB: {'PD_1': ['PD_3'], 'PD_2': ['PD_4'], 'PD_3': ['PD_4'], 'PD_4': ['PD_3']}, FR: {'PD_1,PD_2': inf, 'PD_1,PD_3': inf, 'PD_1,PD_4': inf, 'PD_2,PD_3': inf, 'PD_2,PD_4': inf, 'PD_3,PD_4': inf}
  Computing metrics...
    RSI: {'PD_1,PD_2': 0.0, 'PD_1,PD_3': 0.0, 'PD_1,PD_4': 0.0, 'PD_2,PD_3': 0.0, 'PD_2,PD_4': 0.0, 'PD_3,PD_4': 1.0}, ASR: 1.0, TCB: {'PD_1': ['PD_3'], 'PD_2': ['PD_4'], 'PD_3': ['PD_4'], 'PD_4': ['PD_3']}, FR: {'PD_1,PD_2': inf, 'PD_1,PD_3': inf, 'PD_1,PD_4': inf, 'PD_2,PD_3': inf, 'PD_2,PD_4': inf, 'PD_3,PD_4': inf}
    remove_hold_edge candidate: remove PD_3 -> FILE_1_1 HOLD edge -> score: 0.150
  Computing metrics...
    RSI: {'PD_1,PD_2': 0.0, 'PD_1,PD_3': 0.0, 'PD_1,PD_4': 0.0, 'PD_2,PD_3': 0.0, 'PD_2,PD_4': 0.0, 'PD_3,PD_4': 1.0}, ASR: 1.0, TCB: {'PD_1': ['PD_3'], 'PD_2': ['PD_4'], 'PD_3': ['PD_4'], 'PD_4': ['PD_3']}, FR: {'PD_1,PD_2': inf, 'PD_1,PD_3': inf, 'PD_1,PD_4': inf, 'PD_2,PD_3': inf, 'PD_2,PD_4': inf, 'PD_3,PD_4': inf}
  Computing metrics...
    RSI: {'PD_1,PD_2': 0.0, 'PD_1,PD_3': 0.0, 'PD_1,PD_4': 0.0, 'PD_2,PD_3': 0.0, 'PD_2,PD_4': 0.0, 'PD_3,PD_4': 1.0}, ASR: 1.0, TCB: {'PD_1': ['PD_3'], 'PD_2': ['PD_4'], 'PD_3': ['PD_4'], 'PD_4': ['PD_3']}, FR: {'PD_1,PD_2': inf, 'PD_1,PD_3': inf, 'PD_1,PD_4': inf, 'PD_2,PD_3': inf, 'PD_2,PD_4': inf, 'PD_3,PD_4': inf}
    remove_hold_edge candidate: remove PD_4 -> FILE_1_1 HOLD edge -> score: 0.150
  Computing metrics...
    RSI: {'PD_1,PD_2': 0.0, 'PD_1,PD_3': 0.0, 'PD_1,PD_4': 0.0, 'PD_2,PD_3': 0.0, 'PD_2,PD_4': 0.0, 'PD_3,PD_4': 1.0}, ASR: 1.0, TCB: {'PD_1': ['PD_3'], 'PD_2': ['PD_4'], 'PD_3': ['PD_4'], 'PD_4': ['PD_3']}, FR: {'PD_1,PD_2': inf, 'PD_1,PD_3': inf, 'PD_1,PD_4': inf, 'PD_2,PD_3': inf, 'PD_2,PD_4': inf, 'PD_3,PD_4': inf}
  Computing metrics...
    RSI: {'PD_1,PD_2': 0.0, 'PD_1,PD_3': 0.0, 'PD_1,PD_4': 0.0, 'PD_2,PD_3': 0.0, 'PD_2,PD_4': 0.0, 'PD_3,PD_4': 1.0}, ASR: 1.25, TCB: {'PD_1': ['PD_3', 'PD_2'], 'PD_2': ['PD_4'], 'PD_3': ['PD_4'], 'PD_4': ['PD_3']}, FR: {'PD_1,PD_2': 3, 'PD_1,PD_3': inf, 'PD_1,PD_4': inf, 'PD_2,PD_3': inf, 'PD_2,PD_4': inf, 'PD_3,PD_4': inf}
  Computing metrics...
    RSI: {'PD_1,PD_2': 0.0, 'PD_1,PD_3': 0.0, 'PD_1,PD_4': 0.0, 'PD_2,PD_3': 0.0, 'PD_2,PD_4': 0.0, 'PD_3,PD_4': 1.0}, ASR: 1.0, TCB: {'PD_1': ['PD_3'], 'PD_2': ['PD_4'], 'PD_3': ['PD_4'], 'PD_4': ['PD_3']}, FR: {'PD_1,PD_2': inf, 'PD_1,PD_3': inf, 'PD_1,PD_4': inf, 'PD_2,PD_3': inf, 'PD_2,PD_4': inf, 'PD_3,PD_4': inf}
  Computing metrics...
    RSI: {'PD_1,PD_2': 0.0, 'PD_1,PD_3': 0.0, 'PD_1,PD_4': 0.0, 'PD_2,PD_3': 0.0, 'PD_2,PD_4': 0.0, 'PD_3,PD_4': 1.0}, ASR: 1.25, TCB: {'PD_1': ['PD_3', 'PD_4'], 'PD_2': ['PD_4'], 'PD_3': ['PD_4'], 'PD_4': ['PD_3']}, FR: {'PD_1,PD_2': 2, 'PD_1,PD_3': inf, 'PD_1,PD_4': inf, 'PD_2,PD_3': inf, 'PD_2,PD_4': inf, 'PD_3,PD_4': inf}
  Computing metrics...
    RSI: {'PD_1,PD_2': 0.0, 'PD_1,PD_3': 0.0, 'PD_1,PD_4': 0.0, 'PD_2,PD_3': 0.0, 'PD_2,PD_4': 0.0, 'PD_3,PD_4': 1.0}, ASR: 1.0, TCB: {'PD_1': ['PD_3'], 'PD_2': ['PD_4'], 'PD_3': ['PD_4'], 'PD_4': ['PD_3']}, FR: {'PD_1,PD_2': inf, 'PD_1,PD_3': inf, 'PD_1,PD_4': inf, 'PD_2,PD_3': inf, 'PD_2,PD_4': inf, 'PD_3,PD_4': inf}
  Computing metrics...
    RSI: {'PD_1,PD_2': 0.0, 'PD_1,PD_3': 0.0, 'PD_1,PD_4': 0.0, 'PD_2,PD_3': 0.0, 'PD_2,PD_4': 0.0, 'PD_3,PD_4': 1.0}, ASR: 1.25, TCB: {'PD_1': ['PD_3'], 'PD_2': ['PD_4', 'PD_1'], 'PD_3': ['PD_4'], 'PD_4': ['PD_3']}, FR: {'PD_1,PD_2': 3, 'PD_1,PD_3': inf, 'PD_1,PD_4': inf, 'PD_2,PD_3': inf, 'PD_2,PD_4': inf, 'PD_3,PD_4': inf}
  Computing metrics...
    RSI: {'PD_1,PD_2': 0.0, 'PD_1,PD_3': 0.0, 'PD_1,PD_4': 0.0, 'PD_2,PD_3': 0.0, 'PD_2,PD_4': 0.0, 'PD_3,PD_4': 1.0}, ASR: 1.0, TCB: {'PD_1': ['PD_3'], 'PD_2': ['PD_4'], 'PD_3': ['PD_4'], 'PD_4': ['PD_3']}, FR: {'PD_1,PD_2': inf, 'PD_1,PD_3': inf, 'PD_1,PD_4': inf, 'PD_2,PD_3': inf, 'PD_2,PD_4': inf, 'PD_3,PD_4': inf}
  Computing metrics...
    RSI: {'PD_1,PD_2': 0.0, 'PD_1,PD_3': 0.0, 'PD_1,PD_4': 0.0, 'PD_2,PD_3': 0.0, 'PD_2,PD_4': 0.0, 'PD_3,PD_4': 1.0}, ASR: 1.25, TCB: {'PD_1': ['PD_3'], 'PD_2': ['PD_4', 'PD_3'], 'PD_3': ['PD_4'], 'PD_4': ['PD_3']}, FR: {'PD_1,PD_2': 2, 'PD_1,PD_3': inf, 'PD_1,PD_4': inf, 'PD_2,PD_3': inf, 'PD_2,PD_4': inf, 'PD_3,PD_4': inf}
  Computing metrics...
    RSI: {'PD_1,PD_2': 0.0, 'PD_1,PD_3': 0.0, 'PD_1,PD_4': 0.0, 'PD_2,PD_3': 0.0, 'PD_2,PD_4': 0.0, 'PD_3,PD_4': 1.0}, ASR: 1.0, TCB: {'PD_1': ['PD_3'], 'PD_2': ['PD_4'], 'PD_3': ['PD_4'], 'PD_4': ['PD_3']}, FR: {'PD_1,PD_2': inf, 'PD_1,PD_3': inf, 'PD_1,PD_4': inf, 'PD_2,PD_3': inf, 'PD_2,PD_4': inf, 'PD_3,PD_4': inf}
  Computing metrics...
    RSI: {'PD_1,PD_2': 0.0, 'PD_1,PD_3': 0.0, 'PD_1,PD_4': 0.0, 'PD_2,PD_3': 0.0, 'PD_2,PD_4': 0.0, 'PD_3,PD_4': 1.0}, ASR: 1.25, TCB: {'PD_1': ['PD_3'], 'PD_2': ['PD_4'], 'PD_3': ['PD_1', 'PD_4'], 'PD_4': ['PD_3']}, FR: {'PD_1,PD_2': inf, 'PD_1,PD_3': inf, 'PD_1,PD_4': inf, 'PD_2,PD_3': inf, 'PD_2,PD_4': inf, 'PD_3,PD_4': inf}
  Computing metrics...
    RSI: {'PD_1,PD_2': 0.0, 'PD_1,PD_3': 0.0, 'PD_1,PD_4': 0.0, 'PD_2,PD_3': 0.0, 'PD_2,PD_4': 0.0, 'PD_3,PD_4': 1.0}, ASR: 1.0, TCB: {'PD_1': ['PD_3'], 'PD_2': ['PD_4'], 'PD_3': ['PD_4'], 'PD_4': ['PD_3']}, FR: {'PD_1,PD_2': inf, 'PD_1,PD_3': inf, 'PD_1,PD_4': inf, 'PD_2,PD_3': inf, 'PD_2,PD_4': inf, 'PD_3,PD_4': inf}
  Computing metrics...
    RSI: {'PD_1,PD_2': 0.0, 'PD_1,PD_3': 0.0, 'PD_1,PD_4': 0.0, 'PD_2,PD_3': 0.0, 'PD_2,PD_4': 0.0, 'PD_3,PD_4': 1.0}, ASR: 1.25, TCB: {'PD_1': ['PD_3'], 'PD_2': ['PD_4'], 'PD_3': ['PD_2', 'PD_4'], 'PD_4': ['PD_3']}, FR: {'PD_1,PD_2': 4, 'PD_1,PD_3': 3, 'PD_1,PD_4': inf, 'PD_2,PD_3': 3, 'PD_2,PD_4': inf, 'PD_3,PD_4': inf}
  Computing metrics...
    RSI: {'PD_1,PD_2': 0.0, 'PD_1,PD_3': 0.0, 'PD_1,PD_4': 0.0, 'PD_2,PD_3': 0.0, 'PD_2,PD_4': 0.0, 'PD_3,PD_4': 1.0}, ASR: 1.0, TCB: {'PD_1': ['PD_3'], 'PD_2': ['PD_4'], 'PD_3': ['PD_4'], 'PD_4': ['PD_3']}, FR: {'PD_1,PD_2': inf, 'PD_1,PD_3': inf, 'PD_1,PD_4': inf, 'PD_2,PD_3': inf, 'PD_2,PD_4': inf, 'PD_3,PD_4': inf}
  Computing metrics...
    RSI: {'PD_1,PD_2': 0.0, 'PD_1,PD_3': 0.0, 'PD_1,PD_4': 0.0, 'PD_2,PD_3': 0.0, 'PD_2,PD_4': 0.0, 'PD_3,PD_4': 1.0}, ASR: 1.25, TCB: {'PD_1': ['PD_3'], 'PD_2': ['PD_4'], 'PD_3': ['PD_4'], 'PD_4': ['PD_3']}, FR: {'PD_1,PD_2': 3, 'PD_1,PD_3': 3, 'PD_1,PD_4': inf, 'PD_2,PD_3': 2, 'PD_2,PD_4': inf, 'PD_3,PD_4': inf}
  Computing metrics...
    RSI: {'PD_1,PD_2': 0.0, 'PD_1,PD_3': 0.0, 'PD_1,PD_4': 0.0, 'PD_2,PD_3': 0.0, 'PD_2,PD_4': 0.0, 'PD_3,PD_4': 1.0}, ASR: 1.0, TCB: {'PD_1': ['PD_3'], 'PD_2': ['PD_4'], 'PD_3': ['PD_4'], 'PD_4': ['PD_3']}, FR: {'PD_1,PD_2': inf, 'PD_1,PD_3': inf, 'PD_1,PD_4': inf, 'PD_2,PD_3': inf, 'PD_2,PD_4': inf, 'PD_3,PD_4': inf}
  Computing metrics...
    RSI: {'PD_1,PD_2': 0.0, 'PD_1,PD_3': 0.0, 'PD_1,PD_4': 0.0, 'PD_2,PD_3': 0.0, 'PD_2,PD_4': 0.0, 'PD_3,PD_4': 1.0}, ASR: 1.25, TCB: {'PD_1': ['PD_3'], 'PD_2': ['PD_4'], 'PD_3': ['PD_4'], 'PD_4': ['PD_1', 'PD_3']}, FR: {'PD_1,PD_2': 4, 'PD_1,PD_3': inf, 'PD_1,PD_4': 3, 'PD_2,PD_3': inf, 'PD_2,PD_4': 3, 'PD_3,PD_4': inf}
  Computing metrics...
    RSI: {'PD_1,PD_2': 0.0, 'PD_1,PD_3': 0.0, 'PD_1,PD_4': 0.0, 'PD_2,PD_3': 0.0, 'PD_2,PD_4': 0.0, 'PD_3,PD_4': 1.0}, ASR: 1.0, TCB: {'PD_1': ['PD_3'], 'PD_2': ['PD_4'], 'PD_3': ['PD_4'], 'PD_4': ['PD_3']}, FR: {'PD_1,PD_2': inf, 'PD_1,PD_3': inf, 'PD_1,PD_4': inf, 'PD_2,PD_3': inf, 'PD_2,PD_4': inf, 'PD_3,PD_4': inf}
  Computing metrics...
    RSI: {'PD_1,PD_2': 0.0, 'PD_1,PD_3': 0.0, 'PD_1,PD_4': 0.0, 'PD_2,PD_3': 0.0, 'PD_2,PD_4': 0.0, 'PD_3,PD_4': 1.0}, ASR: 1.25, TCB: {'PD_1': ['PD_3'], 'PD_2': ['PD_4'], 'PD_3': ['PD_4'], 'PD_4': ['PD_2', 'PD_3']}, FR: {'PD_1,PD_2': inf, 'PD_1,PD_3': inf, 'PD_1,PD_4': inf, 'PD_2,PD_3': inf, 'PD_2,PD_4': inf, 'PD_3,PD_4': inf}
  Computing metrics...
    RSI: {'PD_1,PD_2': 0.0, 'PD_1,PD_3': 0.0, 'PD_1,PD_4': 0.0, 'PD_2,PD_3': 0.0, 'PD_2,PD_4': 0.0, 'PD_3,PD_4': 1.0}, ASR: 1.0, TCB: {'PD_1': ['PD_3'], 'PD_2': ['PD_4'], 'PD_3': ['PD_4'], 'PD_4': ['PD_3']}, FR: {'PD_1,PD_2': inf, 'PD_1,PD_3': inf, 'PD_1,PD_4': inf, 'PD_2,PD_3': inf, 'PD_2,PD_4': inf, 'PD_3,PD_4': inf}
  Computing metrics...
    RSI: {'PD_1,PD_2': 0.0, 'PD_1,PD_3': 0.0, 'PD_1,PD_4': 0.0, 'PD_2,PD_3': 0.0, 'PD_2,PD_4': 0.0, 'PD_3,PD_4': 1.0}, ASR: 1.25, TCB: {'PD_1': ['PD_3'], 'PD_2': ['PD_4'], 'PD_3': ['PD_4'], 'PD_4': ['PD_3']}, FR: {'PD_1,PD_2': 3, 'PD_1,PD_3': inf, 'PD_1,PD_4': 2, 'PD_2,PD_3': inf, 'PD_2,PD_4': 3, 'PD_3,PD_4': inf}
  Computing metrics...
    RSI: {'PD_1,PD_2': 0.0, 'PD_1,PD_3': 0.0, 'PD_1,PD_4': 0.0, 'PD_2,PD_3': 0.0, 'PD_2,PD_4': 0.0, 'PD_3,PD_4': 1.0}, ASR: 1.0, TCB: {'PD_1': ['PD_3'], 'PD_2': ['PD_4'], 'PD_3': ['PD_4'], 'PD_4': ['PD_3']}, FR: {'PD_1,PD_2': inf, 'PD_1,PD_3': inf, 'PD_1,PD_4': inf, 'PD_2,PD_3': inf, 'PD_2,PD_4': inf, 'PD_3,PD_4': inf}
  Computing metrics...
    RSI: {'PD_1,PD_2': 0.0, 'PD_1,PD_3': 0.0, 'PD_1,PD_4': 0.0, 'PD_2,PD_3': 0.0, 'PD_2,PD_4': 0.0, 'PD_3,PD_4': 1.0}, ASR: 1.0, TCB: {'PD_1': ['PD_3'], 'PD_2': ['PD_4'], 'PD_3': ['PD_4'], 'PD_4': ['PD_3']}, FR: {'PD_1,PD_2': inf, 'PD_1,PD_3': inf, 'PD_1,PD_4': inf, 'PD_2,PD_3': inf, 'PD_2,PD_4': inf, 'PD_3,PD_4': inf}
  Computing metrics...
    RSI: {'PD_1,PD_2': 0.0, 'PD_1,PD_3': 0.0, 'PD_1,PD_4': 0.0, 'PD_2,PD_3': 0.0, 'PD_2,PD_4': 0.0, 'PD_3,PD_4': 1.0}, ASR: 1.0, TCB: {'PD_1': ['PD_3'], 'PD_2': ['PD_4'], 'PD_3': ['PD_4'], 'PD_4': ['PD_3']}, FR: {'PD_1,PD_2': inf, 'PD_1,PD_3': inf, 'PD_1,PD_4': inf, 'PD_2,PD_3': inf, 'PD_2,PD_4': inf, 'PD_3,PD_4': inf}
  Computing metrics...
    RSI: {'PD_1,PD_2': 0.0, 'PD_1,PD_3': 0.0, 'PD_1,PD_4': 0.0, 'PD_2,PD_3': 0.0, 'PD_2,PD_4': 0.0, 'PD_3,PD_4': 1.0}, ASR: 1.0, TCB: {'PD_1': ['PD_3'], 'PD_2': ['PD_4'], 'PD_3': ['PD_4'], 'PD_4': ['PD_3']}, FR: {'PD_1,PD_2': inf, 'PD_1,PD_3': inf, 'PD_1,PD_4': inf, 'PD_2,PD_3': inf, 'PD_2,PD_4': inf, 'PD_3,PD_4': inf}
  Computing metrics...
    RSI: {'PD_1,PD_2': 0.0, 'PD_1,PD_3': 0.0, 'PD_1,PD_4': 0.0, 'PD_2,PD_3': 0.0, 'PD_2,PD_4': 0.0, 'PD_3,PD_4': 1.0}, ASR: 1.0, TCB: {'PD_1': ['PD_3'], 'PD_2': ['PD_4'], 'PD_3': ['PD_4'], 'PD_4': ['PD_3']}, FR: {'PD_1,PD_2': inf, 'PD_1,PD_3': inf, 'PD_1,PD_4': inf, 'PD_2,PD_3': inf, 'PD_2,PD_4': inf, 'PD_3,PD_4': inf}
  Computing metrics...
    RSI: {'PD_1,PD_2': 0.0, 'PD_1,PD_3': 0.0, 'PD_1,PD_4': 0.0, 'PD_2,PD_3': 0.0, 'PD_2,PD_4': 0.0, 'PD_3,PD_4': 1.0}, ASR: 1.0, TCB: {'PD_1': ['PD_3'], 'PD_2': ['PD_4'], 'PD_3': ['PD_4'], 'PD_4': ['PD_3']}, FR: {'PD_1,PD_2': inf, 'PD_1,PD_3': inf, 'PD_1,PD_4': inf, 'PD_2,PD_3': inf, 'PD_2,PD_4': inf, 'PD_3,PD_4': inf}
  Computing metrics...
    RSI: {'PD_1,PD_2': 0.0, 'PD_1,PD_3': 0.0, 'PD_1,PD_4': 0.0, 'PD_2,PD_3': 0.0, 'PD_2,PD_4': 0.0, 'PD_3,PD_4': 1.0}, ASR: 1.0, TCB: {'PD_1': ['PD_3'], 'PD_2': ['PD_4'], 'PD_3': ['PD_4'], 'PD_4': ['PD_3']}, FR: {'PD_1,PD_2': inf, 'PD_1,PD_3': inf, 'PD_1,PD_4': inf, 'PD_2,PD_3': inf, 'PD_2,PD_4': inf, 'PD_3,PD_4': inf}
  Computing metrics...
    RSI: {'PD_1,PD_2': 0.0, 'PD_1,PD_3': 0.0, 'PD_1,PD_4': 0.0, 'PD_2,PD_3': 0.0, 'PD_2,PD_4': 0.0, 'PD_3,PD_4': 1.0}, ASR: 1.0, TCB: {'PD_1': ['PD_3'], 'PD_2': ['PD_4'], 'PD_3': ['PD_4'], 'PD_4': ['PD_3']}, FR: {'PD_1,PD_2': inf, 'PD_1,PD_3': inf, 'PD_1,PD_4': inf, 'PD_2,PD_3': inf, 'PD_2,PD_4': inf, 'PD_3,PD_4': inf}
  Computing metrics...
    RSI: {'PD_1,PD_2': 0.0, 'PD_1,PD_3': 0.0, 'PD_1,PD_4': 0.0, 'PD_2,PD_3': 0.0, 'PD_2,PD_4': 0.0, 'PD_3,PD_4': 1.0}, ASR: 1.0, TCB: {'PD_1': ['PD_3'], 'PD_2': ['PD_4'], 'PD_3': ['PD_4'], 'PD_4': ['PD_3']}, FR: {'PD_1,PD_2': inf, 'PD_1,PD_3': inf, 'PD_1,PD_4': inf, 'PD_2,PD_3': inf, 'PD_2,PD_4': inf, 'PD_3,PD_4': inf}
  Computing metrics...
    RSI: {'PD_1,PD_2': 0.0, 'PD_1,PD_3': 0.0, 'PD_1,PD_4': 0.0, 'PD_2,PD_3': 0.0, 'PD_2,PD_4': 0.0, 'PD_3,PD_4': 1.0}, ASR: 1.0, TCB: {'PD_1': ['PD_3'], 'PD_2': ['PD_4'], 'PD_3': ['PD_4'], 'PD_4': ['PD_3']}, FR: {'PD_1,PD_2': inf, 'PD_1,PD_3': inf, 'PD_1,PD_4': inf, 'PD_2,PD_3': inf, 'PD_2,PD_4': inf, 'PD_3,PD_4': inf}
  Computing metrics...
    RSI: {'PD_1,PD_2': 0.0, 'PD_1,PD_3': 0.0, 'PD_1,PD_4': 0.0, 'PD_2,PD_3': 0.0, 'PD_2,PD_4': 0.0, 'PD_3,PD_4': 1.0}, ASR: 1.0, TCB: {'PD_1': ['PD_3'], 'PD_2': ['PD_4'], 'PD_3': ['PD_4'], 'PD_4': ['PD_3']}, FR: {'PD_1,PD_2': inf, 'PD_1,PD_3': inf, 'PD_1,PD_4': inf, 'PD_2,PD_3': inf, 'PD_2,PD_4': inf, 'PD_3,PD_4': inf}
  Computing metrics...
    RSI: {'PD_1,PD_2': 0.0, 'PD_1,PD_3': 0.0, 'PD_1,PD_4': 0.0, 'PD_2,PD_3': 0.0, 'PD_2,PD_4': 0.0, 'PD_3,PD_4': 1.0}, ASR: 1.0, TCB: {'PD_1': ['PD_3'], 'PD_2': ['PD_4'], 'PD_3': ['PD_4'], 'PD_4': ['PD_3']}, FR: {'PD_1,PD_2': inf, 'PD_1,PD_3': inf, 'PD_1,PD_4': inf, 'PD_2,PD_3': inf, 'PD_2,PD_4': inf, 'PD_3,PD_4': inf}
  Computing metrics...
    RSI: {'PD_1,PD_2': 0.0, 'PD_1,PD_3': 0.0, 'PD_1,PD_4': 0.0, 'PD_2,PD_3': 0.0, 'PD_2,PD_4': 0.0, 'PD_3,PD_4': 1.0}, ASR: 1.0, TCB: {'PD_1': ['PD_3'], 'PD_2': ['PD_4'], 'PD_3': ['PD_4'], 'PD_4': ['PD_3']}, FR: {'PD_1,PD_2': inf, 'PD_1,PD_3': inf, 'PD_1,PD_4': inf, 'PD_2,PD_3': inf, 'PD_2,PD_4': inf, 'PD_3,PD_4': inf}
  Computing metrics...
    RSI: {'PD_1,PD_2': 0.0, 'PD_1,PD_3': 0.0, 'PD_1,PD_4': 0.0, 'PD_2,PD_3': 0.0, 'PD_2,PD_4': 0.0, 'PD_3,PD_4': 1.0}, ASR: 1.0, TCB: {'PD_1': ['PD_3'], 'PD_2': ['PD_4'], 'PD_3': ['PD_4'], 'PD_4': ['PD_3']}, FR: {'PD_1,PD_2': inf, 'PD_1,PD_3': inf, 'PD_1,PD_4': inf, 'PD_2,PD_3': inf, 'PD_2,PD_4': inf, 'PD_3,PD_4': inf}
  🚫 Filtered out 0 'add_file_resource(create new CONFIG file in FILE_SPACE_1)' candidates (avoiding repetition)
  Trying best transition: primitive
    Target: add new protection domain to help resolve 2 constraint violation(s)
    Predicted improvement: 0.100
    Considered 48 other option(s):
      1. primitive: create new CONFIG file in FILE_SPACE_1 (improvement: 0.700)
      2. primitive: create new DATABASE file in FILE_SPACE_1 (improvement: 0.700)
      3. primitive: create new TEMP file in FILE_SPACE_1 (improvement: 0.700)
      4. primitive: create new LOG file in FILE_SPACE_1 (improvement: 0.700)
      5. primitive: add authority relationship: PD_1 -> PD_2 (improvement: 0.250)
      6. primitive: enable indirect access: PD_1 -> PD_4 (improvement: 0.250)
      7. primitive: add authority relationship: PD_2 -> PD_1 (improvement: 0.250)
      8. primitive: enable indirect access: PD_2 -> PD_3 (improvement: 0.250)
      9. primitive: add authority relationship: PD_3 -> PD_1 (improvement: 0.250)
      10. primitive: add authority relationship: PD_3 -> PD_2 (improvement: 0.250)
      ... and 38 more
    ✅ Applied add_pd
  📋 Generated 49 candidate(s)
  Computing metrics...
    RSI: {'PD_1,PD_2': 0.0, 'PD_1,PD_3': 0.0, 'PD_1,PD_4': 0.0, 'PD_2,PD_3': 0.0, 'PD_2,PD_4': 0.0, 'PD_3,PD_4': 1.0}, ASR: 1.0, TCB: {'PD_1': ['PD_3'], 'PD_2': ['PD_4'], 'PD_3': ['PD_4'], 'PD_4': ['PD_3']}, FR: {'PD_1,PD_2': inf, 'PD_1,PD_3': inf, 'PD_1,PD_4': inf, 'PD_2,PD_3': inf, 'PD_2,PD_4': inf, 'PD_3,PD_4': inf}
    ✅ Added candidate: add_file_resource (score: 0.700)
  Computing metrics...
    RSI: {'PD_1,PD_2': 0.0, 'PD_1,PD_3': 0.0, 'PD_1,PD_4': 0.0, 'PD_2,PD_3': 0.0, 'PD_2,PD_4': 0.0, 'PD_3,PD_4': 1.0}, ASR: 1.0, TCB: {'PD_1': ['PD_3'], 'PD_2': ['PD_4'], 'PD_3': ['PD_4'], 'PD_4': ['PD_3']}, FR: {'PD_1,PD_2': inf, 'PD_1,PD_3': inf, 'PD_1,PD_4': inf, 'PD_2,PD_3': inf, 'PD_2,PD_4': inf, 'PD_3,PD_4': inf}
    ✅ Added candidate: add_file_resource (score: 0.700)

🌟 Expanding Beam[1] (score: 0.700)
  ⚠️  Constraints violated: PD_1 lacks access to any files; PD_2 lacks access to any files
  Computing metrics...
    RSI: {'PD_1,PD_2': 0.0, 'PD_1,PD_3': 0.0, 'PD_1,PD_4': 0.0, 'PD_2,PD_3': 0.0, 'PD_2,PD_4': 0.0, 'PD_3,PD_4': 1.0}, ASR: 1.0, TCB: {'PD_1': ['PD_3'], 'PD_2': ['PD_4'], 'PD_3': ['PD_4'], 'PD_4': ['PD_3']}, FR: {'PD_1,PD_2': inf, 'PD_1,PD_3': inf, 'PD_1,PD_4': inf, 'PD_2,PD_3': inf, 'PD_2,PD_4': inf, 'PD_3,PD_4': inf}
  Computing metrics...
    RSI: {'PD_1,PD_2': 0.0, 'PD_1,PD_3': 0.0, 'PD_1,PD_4': 0.0, 'PD_1,PD_5': 0.0, 'PD_2,PD_3': 0.0, 'PD_2,PD_4': 0.0, 'PD_2,PD_5': 0.0, 'PD_3,PD_4': 1.0, 'PD_3,PD_5': 0.0, 'PD_4,PD_5': 0.0}, ASR: 0.8, TCB: {'PD_1': ['PD_3'], 'PD_2': ['PD_4'], 'PD_3': ['PD_4'], 'PD_4': ['PD_3'], 'PD_5': []}, FR: {'PD_1,PD_2': inf, 'PD_1,PD_3': inf, 'PD_1,PD_4': inf, 'PD_1,PD_5': inf, 'PD_2,PD_3': inf, 'PD_2,PD_4': inf, 'PD_2,PD_5': inf, 'PD_3,PD_4': inf, 'PD_3,PD_5': inf, 'PD_4,PD_5': inf}
  Computing metrics...
    RSI: {'PD_1,PD_2': 0.0, 'PD_1,PD_3': 0.0, 'PD_1,PD_4': 0.0, 'PD_2,PD_3': 0.0, 'PD_2,PD_4': 0.0, 'PD_3,PD_4': 1.0}, ASR: 1.0, TCB: {'PD_1': ['PD_3'], 'PD_2': ['PD_4'], 'PD_3': ['PD_4'], 'PD_4': ['PD_3']}, FR: {'PD_1,PD_2': inf, 'PD_1,PD_3': inf, 'PD_1,PD_4': inf, 'PD_2,PD_3': inf, 'PD_2,PD_4': inf, 'PD_3,PD_4': inf}
  Computing metrics...
    RSI: {'PD_1,PD_2': 0.0, 'PD_1,PD_3': 0.0, 'PD_1,PD_4': 0.0, 'PD_2,PD_3': 0.0, 'PD_2,PD_4': 0.0, 'PD_3,PD_4': 1.0}, ASR: 1.0, TCB: {'PD_1': ['PD_3'], 'PD_2': ['PD_4'], 'PD_3': ['PD_4'], 'PD_4': ['PD_3']}, FR: {'PD_1,PD_2': inf, 'PD_1,PD_3': inf, 'PD_1,PD_4': inf, 'PD_2,PD_3': inf, 'PD_2,PD_4': inf, 'PD_3,PD_4': inf}
  Computing metrics...
    RSI: {'PD_1,PD_2': 0.0, 'PD_1,PD_3': 0.0, 'PD_1,PD_4': 0.0, 'PD_2,PD_3': 0.0, 'PD_2,PD_4': 0.0, 'PD_3,PD_4': 1.0}, ASR: 1.0, TCB: {'PD_1': ['PD_3'], 'PD_2': ['PD_4'], 'PD_3': ['PD_4'], 'PD_4': ['PD_3']}, FR: {'PD_1,PD_2': inf, 'PD_1,PD_3': inf, 'PD_1,PD_4': inf, 'PD_2,PD_3': inf, 'PD_2,PD_4': inf, 'PD_3,PD_4': inf}
  Computing metrics...
    RSI: {'PD_1,PD_2': 0.0, 'PD_1,PD_3': 0.0, 'PD_1,PD_4': 0.0, 'PD_2,PD_3': 0.0, 'PD_2,PD_4': 0.0, 'PD_3,PD_4': 1.0}, ASR: 1.0, TCB: {'PD_1': ['PD_3'], 'PD_2': ['PD_4'], 'PD_3': ['PD_4'], 'PD_4': ['PD_3']}, FR: {'PD_1,PD_2': inf, 'PD_1,PD_3': inf, 'PD_1,PD_4': inf, 'PD_2,PD_3': inf, 'PD_2,PD_4': inf, 'PD_3,PD_4': inf}
  Computing metrics...
    RSI: {'PD_1,PD_2': 0.0, 'PD_1,PD_3': 0.0, 'PD_1,PD_4': 0.0, 'PD_2,PD_3': 0.0, 'PD_2,PD_4': 0.0, 'PD_3,PD_4': 1.0}, ASR: 1.0, TCB: {'PD_1': ['PD_3'], 'PD_2': ['PD_4'], 'PD_3': ['PD_4'], 'PD_4': ['PD_3']}, FR: {'PD_1,PD_2': inf, 'PD_1,PD_3': inf, 'PD_1,PD_4': inf, 'PD_2,PD_3': inf, 'PD_2,PD_4': inf, 'PD_3,PD_4': inf}
  Computing metrics...
    RSI: {'PD_1,PD_2': 0.0, 'PD_1,PD_3': 0.0, 'PD_1,PD_4': 0.0, 'PD_2,PD_3': 0.0, 'PD_2,PD_4': 0.0, 'PD_3,PD_4': 1.0}, ASR: 1.0, TCB: {'PD_1': ['PD_3'], 'PD_2': ['PD_4'], 'PD_3': ['PD_4'], 'PD_4': ['PD_3']}, FR: {'PD_1,PD_2': inf, 'PD_1,PD_3': inf, 'PD_1,PD_4': inf, 'PD_2,PD_3': inf, 'PD_2,PD_4': inf, 'PD_3,PD_4': inf}
  Computing metrics...
    RSI: {'PD_1,PD_2': 0.0, 'PD_1,PD_3': 0.0, 'PD_1,PD_4': 0.0, 'PD_2,PD_3': 0.0, 'PD_2,PD_4': 0.0, 'PD_3,PD_4': 1.0}, ASR: 1.0, TCB: {'PD_1': ['PD_3'], 'PD_2': ['PD_4'], 'PD_3': ['PD_4'], 'PD_4': ['PD_3']}, FR: {'PD_1,PD_2': inf, 'PD_1,PD_3': inf, 'PD_1,PD_4': inf, 'PD_2,PD_3': inf, 'PD_2,PD_4': inf, 'PD_3,PD_4': inf}
  Computing metrics...
    RSI: {'PD_1,PD_2': 0.0, 'PD_1,PD_3': 0.0, 'PD_1,PD_4': 0.0, 'PD_2,PD_3': 0.0, 'PD_2,PD_4': 0.0, 'PD_3,PD_4': 1.0}, ASR: 1.0, TCB: {'PD_1': ['PD_3'], 'PD_2': ['PD_4'], 'PD_3': ['PD_4'], 'PD_4': ['PD_3']}, FR: {'PD_1,PD_2': inf, 'PD_1,PD_3': inf, 'PD_1,PD_4': inf, 'PD_2,PD_3': inf, 'PD_2,PD_4': inf, 'PD_3,PD_4': inf}
  Computing metrics...
    RSI: {'PD_1,PD_2': 0.0, 'PD_1,PD_3': 0.0, 'PD_1,PD_4': 0.0, 'PD_2,PD_3': 0.0, 'PD_2,PD_4': 0.0, 'PD_3,PD_4': 1.0}, ASR: 1.0, TCB: {'PD_1': ['PD_3'], 'PD_2': ['PD_4'], 'PD_3': ['PD_4'], 'PD_4': ['PD_3']}, FR: {'PD_1,PD_2': inf, 'PD_1,PD_3': inf, 'PD_1,PD_4': inf, 'PD_2,PD_3': inf, 'PD_2,PD_4': inf, 'PD_3,PD_4': inf}
  Computing metrics...
    RSI: {'PD_1,PD_2': 0.0, 'PD_1,PD_3': 0.0, 'PD_1,PD_4': 0.0, 'PD_2,PD_3': 0.0, 'PD_2,PD_4': 0.0, 'PD_3,PD_4': 1.0}, ASR: 1.0, TCB: {'PD_1': ['PD_3'], 'PD_2': ['PD_4'], 'PD_3': ['PD_4'], 'PD_4': ['PD_3']}, FR: {'PD_1,PD_2': inf, 'PD_1,PD_3': inf, 'PD_1,PD_4': inf, 'PD_2,PD_3': inf, 'PD_2,PD_4': inf, 'PD_3,PD_4': inf}
  Computing metrics...
    RSI: {'PD_1,PD_2': 0.0, 'PD_1,PD_3': 0.0, 'PD_1,PD_4': 0.0, 'PD_2,PD_3': 0.0, 'PD_2,PD_4': 0.0, 'PD_3,PD_4': 1.0}, ASR: 1.0, TCB: {'PD_1': ['PD_3'], 'PD_2': ['PD_4'], 'PD_3': ['PD_4'], 'PD_4': ['PD_3']}, FR: {'PD_1,PD_2': inf, 'PD_1,PD_3': inf, 'PD_1,PD_4': inf, 'PD_2,PD_3': inf, 'PD_2,PD_4': inf, 'PD_3,PD_4': inf}
  Computing metrics...
    RSI: {'PD_1,PD_2': 0.0, 'PD_1,PD_3': 0.0, 'PD_1,PD_4': 0.0, 'PD_2,PD_3': 0.0, 'PD_2,PD_4': 0.0, 'PD_3,PD_4': 1.0}, ASR: 1.0, TCB: {'PD_1': ['PD_3'], 'PD_2': ['PD_4'], 'PD_3': ['PD_4'], 'PD_4': ['PD_3']}, FR: {'PD_1,PD_2': inf, 'PD_1,PD_3': inf, 'PD_1,PD_4': inf, 'PD_2,PD_3': inf, 'PD_2,PD_4': inf, 'PD_3,PD_4': inf}
  Computing metrics...
    RSI: {'PD_1,PD_2': 0.0, 'PD_1,PD_3': 0.0, 'PD_1,PD_4': 0.0, 'PD_2,PD_3': 0.0, 'PD_2,PD_4': 0.0, 'PD_3,PD_4': 1.0}, ASR: 1.0, TCB: {'PD_1': ['PD_3'], 'PD_2': ['PD_4'], 'PD_3': ['PD_4'], 'PD_4': ['PD_3']}, FR: {'PD_1,PD_2': inf, 'PD_1,PD_3': inf, 'PD_1,PD_4': inf, 'PD_2,PD_3': inf, 'PD_2,PD_4': inf, 'PD_3,PD_4': inf}
  Computing metrics...
    RSI: {'PD_1,PD_2': 0.0, 'PD_1,PD_3': 0.0, 'PD_1,PD_4': 0.0, 'PD_2,PD_3': 0.0, 'PD_2,PD_4': 0.0, 'PD_3,PD_4': 1.0}, ASR: 1.0, TCB: {'PD_1': ['PD_3'], 'PD_2': ['PD_4'], 'PD_3': ['PD_4'], 'PD_4': ['PD_3']}, FR: {'PD_1,PD_2': inf, 'PD_1,PD_3': inf, 'PD_1,PD_4': inf, 'PD_2,PD_3': inf, 'PD_2,PD_4': inf, 'PD_3,PD_4': inf}
  Computing metrics...
    RSI: {'PD_1,PD_2': 0.0, 'PD_1,PD_3': 0.0, 'PD_1,PD_4': 0.0, 'PD_2,PD_3': 0.0, 'PD_2,PD_4': 0.0, 'PD_3,PD_4': 1.0}, ASR: 1.0, TCB: {'PD_1': ['PD_3'], 'PD_2': ['PD_4'], 'PD_3': ['PD_4'], 'PD_4': ['PD_3']}, FR: {'PD_1,PD_2': inf, 'PD_1,PD_3': inf, 'PD_1,PD_4': inf, 'PD_2,PD_3': inf, 'PD_2,PD_4': inf, 'PD_3,PD_4': inf}
  Computing metrics...
    RSI: {'PD_1,PD_2': 0.0, 'PD_1,PD_3': 0.0, 'PD_1,PD_4': 0.0, 'PD_2,PD_3': 0.0, 'PD_2,PD_4': 0.0, 'PD_3,PD_4': 1.0}, ASR: 1.0, TCB: {'PD_1': ['PD_3'], 'PD_2': ['PD_4'], 'PD_3': ['PD_4'], 'PD_4': ['PD_3']}, FR: {'PD_1,PD_2': inf, 'PD_1,PD_3': inf, 'PD_1,PD_4': inf, 'PD_2,PD_3': inf, 'PD_2,PD_4': inf, 'PD_3,PD_4': inf}
  Computing metrics...
    RSI: {'PD_1,PD_2': 0.0, 'PD_1,PD_3': 0.0, 'PD_1,PD_4': 0.0, 'PD_2,PD_3': 0.0, 'PD_2,PD_4': 0.0, 'PD_3,PD_4': 1.0}, ASR: 1.0, TCB: {'PD_1': ['PD_3'], 'PD_2': ['PD_4'], 'PD_3': ['PD_4'], 'PD_4': ['PD_3']}, FR: {'PD_1,PD_2': inf, 'PD_1,PD_3': inf, 'PD_1,PD_4': inf, 'PD_2,PD_3': inf, 'PD_2,PD_4': inf, 'PD_3,PD_4': inf}
  Computing metrics...
    RSI: {'PD_1,PD_2': 0.0, 'PD_1,PD_3': 0.0, 'PD_1,PD_4': 0.0, 'PD_2,PD_3': 0.0, 'PD_2,PD_4': 0.0, 'PD_3,PD_4': 1.0}, ASR: 1.0, TCB: {'PD_1': ['PD_3'], 'PD_2': ['PD_4'], 'PD_3': ['PD_4'], 'PD_4': ['PD_3']}, FR: {'PD_1,PD_2': inf, 'PD_1,PD_3': inf, 'PD_1,PD_4': inf, 'PD_2,PD_3': inf, 'PD_2,PD_4': inf, 'PD_3,PD_4': inf}
  Computing metrics...
    RSI: {'PD_1,PD_2': 0.0, 'PD_1,PD_3': 0.0, 'PD_1,PD_4': 0.0, 'PD_2,PD_3': 0.0, 'PD_2,PD_4': 0.0, 'PD_3,PD_4': 1.0}, ASR: 1.0, TCB: {'PD_1': ['PD_3'], 'PD_2': ['PD_4'], 'PD_3': ['PD_4'], 'PD_4': ['PD_3']}, FR: {'PD_1,PD_2': inf, 'PD_1,PD_3': inf, 'PD_1,PD_4': inf, 'PD_2,PD_3': inf, 'PD_2,PD_4': inf, 'PD_3,PD_4': inf}
  Computing metrics...
    RSI: {'PD_1,PD_2': 0.0, 'PD_1,PD_3': 0.0, 'PD_1,PD_4': 0.0, 'PD_2,PD_3': 0.0, 'PD_2,PD_4': 0.0, 'PD_3,PD_4': 1.0}, ASR: 1.0, TCB: {'PD_1': ['PD_3'], 'PD_2': ['PD_4'], 'PD_3': ['PD_4'], 'PD_4': ['PD_3']}, FR: {'PD_1,PD_2': inf, 'PD_1,PD_3': inf, 'PD_1,PD_4': inf, 'PD_2,PD_3': inf, 'PD_2,PD_4': inf, 'PD_3,PD_4': inf}
  Computing metrics...
    RSI: {'PD_1,PD_2': 0.0, 'PD_1,PD_3': 0.0, 'PD_1,PD_4': 0.0, 'PD_2,PD_3': 0.0, 'PD_2,PD_4': 0.0, 'PD_3,PD_4': 1.0}, ASR: 1.0, TCB: {'PD_1': ['PD_3'], 'PD_2': ['PD_4'], 'PD_3': ['PD_4'], 'PD_4': ['PD_3']}, FR: {'PD_1,PD_2': inf, 'PD_1,PD_3': inf, 'PD_1,PD_4': inf, 'PD_2,PD_3': inf, 'PD_2,PD_4': inf, 'PD_3,PD_4': inf}
  Computing metrics...
    RSI: {'PD_1,PD_2': 0.0, 'PD_1,PD_3': 0.0, 'PD_1,PD_4': 0.0, 'PD_2,PD_3': 0.0, 'PD_2,PD_4': 0.0, 'PD_3,PD_4': 1.0}, ASR: 1.0, TCB: {'PD_1': ['PD_3'], 'PD_2': ['PD_4'], 'PD_3': ['PD_4'], 'PD_4': ['PD_3']}, FR: {'PD_1,PD_2': inf, 'PD_1,PD_3': inf, 'PD_1,PD_4': inf, 'PD_2,PD_3': inf, 'PD_2,PD_4': inf, 'PD_3,PD_4': inf}
  Computing metrics...
    RSI: {'PD_1,PD_2': 0.0, 'PD_1,PD_3': 0.0, 'PD_1,PD_4': 0.0, 'PD_2,PD_3': 0.0, 'PD_2,PD_4': 0.0, 'PD_3,PD_4': 1.0}, ASR: 1.0, TCB: {'PD_1': ['PD_3'], 'PD_2': ['PD_4'], 'PD_3': ['PD_4'], 'PD_4': ['PD_3']}, FR: {'PD_1,PD_2': inf, 'PD_1,PD_3': inf, 'PD_1,PD_4': inf, 'PD_2,PD_3': inf, 'PD_2,PD_4': inf, 'PD_3,PD_4': inf}
  Computing metrics...
    RSI: {'PD_1,PD_2': 0.0, 'PD_1,PD_3': 1.0, 'PD_1,PD_4': 1.0, 'PD_2,PD_3': 0.0, 'PD_2,PD_4': 0.0, 'PD_3,PD_4': 1.0}, ASR: 1.25, TCB: {'PD_1': ['PD_3', 'PD_4'], 'PD_2': ['PD_4'], 'PD_3': ['PD_1', 'PD_4'], 'PD_4': ['PD_1', 'PD_3']}, FR: {'PD_1,PD_2': inf, 'PD_1,PD_3': inf, 'PD_1,PD_4': inf, 'PD_2,PD_3': inf, 'PD_2,PD_4': inf, 'PD_3,PD_4': inf}
  Computing metrics...
    RSI: {'PD_1,PD_2': 0.0, 'PD_1,PD_3': 0.0, 'PD_1,PD_4': 0.0, 'PD_2,PD_3': 0.0, 'PD_2,PD_4': 0.0, 'PD_3,PD_4': 1.0}, ASR: 1.0, TCB: {'PD_1': ['PD_3'], 'PD_2': ['PD_4'], 'PD_3': ['PD_4'], 'PD_4': ['PD_3']}, FR: {'PD_1,PD_2': inf, 'PD_1,PD_3': inf, 'PD_1,PD_4': inf, 'PD_2,PD_3': inf, 'PD_2,PD_4': inf, 'PD_3,PD_4': inf}
  Computing metrics...
    RSI: {'PD_1,PD_2': 0.0, 'PD_1,PD_3': 0.0, 'PD_1,PD_4': 0.0, 'PD_2,PD_3': 0.0, 'PD_2,PD_4': 0.0, 'PD_3,PD_4': 1.0}, ASR: 1.25, TCB: {'PD_1': ['PD_3'], 'PD_2': ['PD_4'], 'PD_3': ['PD_4'], 'PD_4': ['PD_3']}, FR: {'PD_1,PD_2': inf, 'PD_1,PD_3': inf, 'PD_1,PD_4': inf, 'PD_2,PD_3': inf, 'PD_2,PD_4': inf, 'PD_3,PD_4': inf}
  Computing metrics...
    RSI: {'PD_1,PD_2': 0.0, 'PD_1,PD_3': 0.0, 'PD_1,PD_4': 0.0, 'PD_2,PD_3': 0.0, 'PD_2,PD_4': 0.0, 'PD_3,PD_4': 1.0}, ASR: 1.0, TCB: {'PD_1': ['PD_3'], 'PD_2': ['PD_4'], 'PD_3': ['PD_4'], 'PD_4': ['PD_3']}, FR: {'PD_1,PD_2': inf, 'PD_1,PD_3': inf, 'PD_1,PD_4': inf, 'PD_2,PD_3': inf, 'PD_2,PD_4': inf, 'PD_3,PD_4': inf}
  Computing metrics...
    RSI: {'PD_1,PD_2': 0.0, 'PD_1,PD_3': 0.0, 'PD_1,PD_4': 0.0, 'PD_2,PD_3': 0.0, 'PD_2,PD_4': 0.0, 'PD_3,PD_4': 1.0}, ASR: 1.25, TCB: {'PD_1': ['PD_3'], 'PD_2': ['PD_4'], 'PD_3': ['PD_4'], 'PD_4': ['PD_3']}, FR: {'PD_1,PD_2': inf, 'PD_1,PD_3': inf, 'PD_1,PD_4': inf, 'PD_2,PD_3': inf, 'PD_2,PD_4': inf, 'PD_3,PD_4': inf}
  Computing metrics...
    RSI: {'PD_1,PD_2': 0.0, 'PD_1,PD_3': 0.0, 'PD_1,PD_4': 0.0, 'PD_2,PD_3': 0.0, 'PD_2,PD_4': 0.0, 'PD_3,PD_4': 1.0}, ASR: 1.0, TCB: {'PD_1': ['PD_3'], 'PD_2': ['PD_4'], 'PD_3': ['PD_4'], 'PD_4': ['PD_3']}, FR: {'PD_1,PD_2': inf, 'PD_1,PD_3': inf, 'PD_1,PD_4': inf, 'PD_2,PD_3': inf, 'PD_2,PD_4': inf, 'PD_3,PD_4': inf}
  Computing metrics...
    RSI: {'PD_1,PD_2': 0.0, 'PD_1,PD_3': 0.0, 'PD_1,PD_4': 0.0, 'PD_2,PD_3': 0.0, 'PD_2,PD_4': 0.0, 'PD_3,PD_4': 1.0}, ASR: 1.25, TCB: {'PD_1': ['PD_3'], 'PD_2': ['PD_4'], 'PD_3': ['PD_4'], 'PD_4': ['PD_3']}, FR: {'PD_1,PD_2': inf, 'PD_1,PD_3': inf, 'PD_1,PD_4': inf, 'PD_2,PD_3': inf, 'PD_2,PD_4': inf, 'PD_3,PD_4': inf}
  Computing metrics...
    RSI: {'PD_1,PD_2': 0.0, 'PD_1,PD_3': 0.0, 'PD_1,PD_4': 0.0, 'PD_2,PD_3': 0.0, 'PD_2,PD_4': 0.0, 'PD_3,PD_4': 1.0}, ASR: 1.0, TCB: {'PD_1': ['PD_3'], 'PD_2': ['PD_4'], 'PD_3': ['PD_4'], 'PD_4': ['PD_3']}, FR: {'PD_1,PD_2': inf, 'PD_1,PD_3': inf, 'PD_1,PD_4': inf, 'PD_2,PD_3': inf, 'PD_2,PD_4': inf, 'PD_3,PD_4': inf}
  Computing metrics...
    RSI: {'PD_1,PD_2': 0.0, 'PD_1,PD_3': 0.0, 'PD_1,PD_4': 0.0, 'PD_2,PD_3': 0.0, 'PD_2,PD_4': 0.0, 'PD_3,PD_4': 1.0}, ASR: 1.25, TCB: {'PD_1': ['PD_3'], 'PD_2': ['PD_4'], 'PD_3': ['PD_4'], 'PD_4': ['PD_3']}, FR: {'PD_1,PD_2': inf, 'PD_1,PD_3': inf, 'PD_1,PD_4': inf, 'PD_2,PD_3': inf, 'PD_2,PD_4': inf, 'PD_3,PD_4': inf}
  Computing metrics...
    RSI: {'PD_1,PD_2': 0.0, 'PD_1,PD_3': 0.0, 'PD_1,PD_4': 0.0, 'PD_2,PD_3': 0.0, 'PD_2,PD_4': 0.0, 'PD_3,PD_4': 1.0}, ASR: 1.0, TCB: {'PD_1': ['PD_3'], 'PD_2': ['PD_4'], 'PD_3': ['PD_4'], 'PD_4': ['PD_3']}, FR: {'PD_1,PD_2': inf, 'PD_1,PD_3': inf, 'PD_1,PD_4': inf, 'PD_2,PD_3': inf, 'PD_2,PD_4': inf, 'PD_3,PD_4': inf}
  Computing metrics...
    RSI: {'PD_1,PD_2': 0.0, 'PD_1,PD_3': 0.0, 'PD_1,PD_4': 0.0, 'PD_2,PD_3': 1.0, 'PD_2,PD_4': 1.0, 'PD_3,PD_4': 1.0}, ASR: 1.25, TCB: {'PD_1': ['PD_3'], 'PD_2': ['PD_4', 'PD_3'], 'PD_3': ['PD_2', 'PD_4'], 'PD_4': ['PD_2', 'PD_3']}, FR: {'PD_1,PD_2': inf, 'PD_1,PD_3': inf, 'PD_1,PD_4': inf, 'PD_2,PD_3': inf, 'PD_2,PD_4': inf, 'PD_3,PD_4': inf}
  Computing metrics...
    RSI: {'PD_1,PD_2': 0.0, 'PD_1,PD_3': 0.0, 'PD_1,PD_4': 0.0, 'PD_2,PD_3': 0.0, 'PD_2,PD_4': 0.0, 'PD_3,PD_4': 1.0}, ASR: 1.0, TCB: {'PD_1': ['PD_3'], 'PD_2': ['PD_4'], 'PD_3': ['PD_4'], 'PD_4': ['PD_3']}, FR: {'PD_1,PD_2': inf, 'PD_1,PD_3': inf, 'PD_1,PD_4': inf, 'PD_2,PD_3': inf, 'PD_2,PD_4': inf, 'PD_3,PD_4': inf}
  Computing metrics...
    RSI: {'PD_1,PD_2': 0.0, 'PD_1,PD_3': 0.0, 'PD_1,PD_4': 0.0, 'PD_2,PD_3': 0.0, 'PD_2,PD_4': 0.0, 'PD_3,PD_4': 1.0}, ASR: 1.25, TCB: {'PD_1': ['PD_3'], 'PD_2': ['PD_4'], 'PD_3': ['PD_4'], 'PD_4': ['PD_3']}, FR: {'PD_1,PD_2': inf, 'PD_1,PD_3': inf, 'PD_1,PD_4': inf, 'PD_2,PD_3': inf, 'PD_2,PD_4': inf, 'PD_3,PD_4': inf}
  Computing metrics...
    RSI: {'PD_1,PD_2': 0.0, 'PD_1,PD_3': 0.0, 'PD_1,PD_4': 0.0, 'PD_2,PD_3': 0.0, 'PD_2,PD_4': 0.0, 'PD_3,PD_4': 1.0}, ASR: 1.0, TCB: {'PD_1': ['PD_3'], 'PD_2': ['PD_4'], 'PD_3': ['PD_4'], 'PD_4': ['PD_3']}, FR: {'PD_1,PD_2': inf, 'PD_1,PD_3': inf, 'PD_1,PD_4': inf, 'PD_2,PD_3': inf, 'PD_2,PD_4': inf, 'PD_3,PD_4': inf}
  Computing metrics...
    RSI: {'PD_1,PD_2': 0.0, 'PD_1,PD_3': 0.0, 'PD_1,PD_4': 0.0, 'PD_2,PD_3': 0.0, 'PD_2,PD_4': 0.0, 'PD_3,PD_4': 1.0}, ASR: 1.25, TCB: {'PD_1': ['PD_3'], 'PD_2': ['PD_4'], 'PD_3': ['PD_4'], 'PD_4': ['PD_3']}, FR: {'PD_1,PD_2': inf, 'PD_1,PD_3': inf, 'PD_1,PD_4': inf, 'PD_2,PD_3': inf, 'PD_2,PD_4': inf, 'PD_3,PD_4': inf}
  Computing metrics...
    RSI: {'PD_1,PD_2': 0.0, 'PD_1,PD_3': 0.0, 'PD_1,PD_4': 0.0, 'PD_2,PD_3': 0.0, 'PD_2,PD_4': 0.0, 'PD_3,PD_4': 1.0}, ASR: 1.0, TCB: {'PD_1': ['PD_3'], 'PD_2': ['PD_4'], 'PD_3': ['PD_4'], 'PD_4': ['PD_3']}, FR: {'PD_1,PD_2': inf, 'PD_1,PD_3': inf, 'PD_1,PD_4': inf, 'PD_2,PD_3': inf, 'PD_2,PD_4': inf, 'PD_3,PD_4': inf}
  Computing metrics...
    RSI: {'PD_1,PD_2': 0.0, 'PD_1,PD_3': 0.0, 'PD_1,PD_4': 0.0, 'PD_2,PD_3': 0.0, 'PD_2,PD_4': 0.0, 'PD_3,PD_4': 1.0}, ASR: 1.25, TCB: {'PD_1': ['PD_3'], 'PD_2': ['PD_4'], 'PD_3': ['PD_4'], 'PD_4': ['PD_3']}, FR: {'PD_1,PD_2': inf, 'PD_1,PD_3': inf, 'PD_1,PD_4': inf, 'PD_2,PD_3': inf, 'PD_2,PD_4': inf, 'PD_3,PD_4': inf}
  Computing metrics...
    RSI: {'PD_1,PD_2': 0.0, 'PD_1,PD_3': 0.0, 'PD_1,PD_4': 0.0, 'PD_2,PD_3': 0.0, 'PD_2,PD_4': 0.0, 'PD_3,PD_4': 1.0}, ASR: 1.0, TCB: {'PD_1': ['PD_3'], 'PD_2': ['PD_4'], 'PD_3': ['PD_4'], 'PD_4': ['PD_3']}, FR: {'PD_1,PD_2': inf, 'PD_1,PD_3': inf, 'PD_1,PD_4': inf, 'PD_2,PD_3': inf, 'PD_2,PD_4': inf, 'PD_3,PD_4': inf}
  Computing metrics...
    RSI: {'PD_1,PD_2': 0.0, 'PD_1,PD_3': 0.0, 'PD_1,PD_4': 0.0, 'PD_2,PD_3': 0.0, 'PD_2,PD_4': 0.0, 'PD_3,PD_4': 1.0}, ASR: 1.25, TCB: {'PD_1': ['PD_3'], 'PD_2': ['PD_4'], 'PD_3': ['PD_4'], 'PD_4': ['PD_3']}, FR: {'PD_1,PD_2': inf, 'PD_1,PD_3': inf, 'PD_1,PD_4': inf, 'PD_2,PD_3': inf, 'PD_2,PD_4': inf, 'PD_3,PD_4': inf}
  Computing metrics...
    RSI: {'PD_1,PD_2': 0.0, 'PD_1,PD_3': 0.0, 'PD_1,PD_4': 0.0, 'PD_2,PD_3': 0.0, 'PD_2,PD_4': 0.0, 'PD_3,PD_4': 1.0}, ASR: 1.0, TCB: {'PD_1': ['PD_3'], 'PD_2': ['PD_4'], 'PD_3': ['PD_4'], 'PD_4': ['PD_3']}, FR: {'PD_1,PD_2': inf, 'PD_1,PD_3': inf, 'PD_1,PD_4': inf, 'PD_2,PD_3': inf, 'PD_2,PD_4': inf, 'PD_3,PD_4': inf}
  Computing metrics...
    RSI: {'PD_1,PD_2': 0.0, 'PD_1,PD_3': 0.0, 'PD_1,PD_4': 0.0, 'PD_2,PD_3': 0.0, 'PD_2,PD_4': 0.0, 'PD_3,PD_4': 0.5}, ASR: 1.25, TCB: {'PD_1': ['PD_3'], 'PD_2': ['PD_4'], 'PD_3': ['PD_4'], 'PD_4': ['PD_3']}, FR: {'PD_1,PD_2': inf, 'PD_1,PD_3': inf, 'PD_1,PD_4': inf, 'PD_2,PD_3': inf, 'PD_2,PD_4': inf, 'PD_3,PD_4': inf}
  Computing metrics...
    RSI: {'PD_1,PD_2': 0.0, 'PD_1,PD_3': 0.0, 'PD_1,PD_4': 0.0, 'PD_2,PD_3': 0.0, 'PD_2,PD_4': 0.0, 'PD_3,PD_4': 1.0}, ASR: 1.0, TCB: {'PD_1': ['PD_3'], 'PD_2': ['PD_4'], 'PD_3': ['PD_4'], 'PD_4': ['PD_3']}, FR: {'PD_1,PD_2': inf, 'PD_1,PD_3': inf, 'PD_1,PD_4': inf, 'PD_2,PD_3': inf, 'PD_2,PD_4': inf, 'PD_3,PD_4': inf}
  Computing metrics...
    RSI: {'PD_1,PD_2': 0.0, 'PD_1,PD_3': 0.0, 'PD_1,PD_4': 0.0, 'PD_2,PD_3': 0.0, 'PD_2,PD_4': 0.0, 'PD_3,PD_4': 0.5}, ASR: 1.25, TCB: {'PD_1': ['PD_3'], 'PD_2': ['PD_4'], 'PD_3': ['PD_4'], 'PD_4': ['PD_3']}, FR: {'PD_1,PD_2': inf, 'PD_1,PD_3': inf, 'PD_1,PD_4': inf, 'PD_2,PD_3': inf, 'PD_2,PD_4': inf, 'PD_3,PD_4': inf}
  Computing metrics...
    RSI: {'PD_1,PD_2': 0.0, 'PD_1,PD_3': 0.0, 'PD_1,PD_4': 0.0, 'PD_2,PD_3': 0.0, 'PD_2,PD_4': 0.0, 'PD_3,PD_4': 1.0}, ASR: 1.0, TCB: {'PD_1': ['PD_3'], 'PD_2': ['PD_4'], 'PD_3': ['PD_4'], 'PD_4': ['PD_3']}, FR: {'PD_1,PD_2': inf, 'PD_1,PD_3': inf, 'PD_1,PD_4': inf, 'PD_2,PD_3': inf, 'PD_2,PD_4': inf, 'PD_3,PD_4': inf}
  Computing metrics...
    RSI: {'PD_1,PD_2': 0.0, 'PD_1,PD_3': 0.0, 'PD_1,PD_4': 0.0, 'PD_2,PD_3': 0.0, 'PD_2,PD_4': 0.0, 'PD_3,PD_4': 0.5}, ASR: 1.25, TCB: {'PD_1': ['PD_3'], 'PD_2': ['PD_4'], 'PD_3': ['PD_4'], 'PD_4': ['PD_3']}, FR: {'PD_1,PD_2': inf, 'PD_1,PD_3': inf, 'PD_1,PD_4': inf, 'PD_2,PD_3': inf, 'PD_2,PD_4': inf, 'PD_3,PD_4': inf}
  Computing metrics...
    RSI: {'PD_1,PD_2': 0.0, 'PD_1,PD_3': 0.0, 'PD_1,PD_4': 0.0, 'PD_2,PD_3': 0.0, 'PD_2,PD_4': 0.0, 'PD_3,PD_4': 1.0}, ASR: 1.0, TCB: {'PD_1': ['PD_3'], 'PD_2': ['PD_4'], 'PD_3': ['PD_4'], 'PD_4': ['PD_3']}, FR: {'PD_1,PD_2': inf, 'PD_1,PD_3': inf, 'PD_1,PD_4': inf, 'PD_2,PD_3': inf, 'PD_2,PD_4': inf, 'PD_3,PD_4': inf}
  Computing metrics...
    RSI: {'PD_1,PD_2': 0.0, 'PD_1,PD_3': 0.0, 'PD_1,PD_4': 0.0, 'PD_2,PD_3': 0.0, 'PD_2,PD_4': 0.0, 'PD_3,PD_4': 0.5}, ASR: 1.25, TCB: {'PD_1': ['PD_3'], 'PD_2': ['PD_4'], 'PD_3': ['PD_4'], 'PD_4': ['PD_3']}, FR: {'PD_1,PD_2': inf, 'PD_1,PD_3': inf, 'PD_1,PD_4': inf, 'PD_2,PD_3': inf, 'PD_2,PD_4': inf, 'PD_3,PD_4': inf}
  Computing metrics...
    RSI: {'PD_1,PD_2': 0.0, 'PD_1,PD_3': 0.0, 'PD_1,PD_4': 0.0, 'PD_2,PD_3': 0.0, 'PD_2,PD_4': 0.0, 'PD_3,PD_4': 1.0}, ASR: 1.0, TCB: {'PD_1': ['PD_3'], 'PD_2': ['PD_4'], 'PD_3': ['PD_4'], 'PD_4': ['PD_3']}, FR: {'PD_1,PD_2': inf, 'PD_1,PD_3': inf, 'PD_1,PD_4': inf, 'PD_2,PD_3': inf, 'PD_2,PD_4': inf, 'PD_3,PD_4': inf}
  Computing metrics...
    RSI: {'PD_1,PD_2': 0.0, 'PD_1,PD_3': 0.0, 'PD_1,PD_4': 0.0, 'PD_2,PD_3': 0.0, 'PD_2,PD_4': 0.0, 'PD_3,PD_4': 0.5}, ASR: 1.25, TCB: {'PD_1': ['PD_3'], 'PD_2': ['PD_4'], 'PD_3': ['PD_4'], 'PD_4': ['PD_3']}, FR: {'PD_1,PD_2': inf, 'PD_1,PD_3': inf, 'PD_1,PD_4': inf, 'PD_2,PD_3': inf, 'PD_2,PD_4': inf, 'PD_3,PD_4': inf}
  Computing metrics...
    RSI: {'PD_1,PD_2': 0.0, 'PD_1,PD_3': 0.0, 'PD_1,PD_4': 0.0, 'PD_2,PD_3': 0.0, 'PD_2,PD_4': 0.0, 'PD_3,PD_4': 1.0}, ASR: 1.0, TCB: {'PD_1': ['PD_3'], 'PD_2': ['PD_4'], 'PD_3': ['PD_4'], 'PD_4': ['PD_3']}, FR: {'PD_1,PD_2': inf, 'PD_1,PD_3': inf, 'PD_1,PD_4': inf, 'PD_2,PD_3': inf, 'PD_2,PD_4': inf, 'PD_3,PD_4': inf}
  Computing metrics...
    RSI: {'PD_1,PD_2': 0.0, 'PD_1,PD_3': 0.0, 'PD_1,PD_4': 0.0, 'PD_2,PD_3': 0.0, 'PD_2,PD_4': 0.0, 'PD_3,PD_4': 0.5}, ASR: 1.25, TCB: {'PD_1': ['PD_3'], 'PD_2': ['PD_4'], 'PD_3': ['PD_4'], 'PD_4': ['PD_3']}, FR: {'PD_1,PD_2': inf, 'PD_1,PD_3': inf, 'PD_1,PD_4': inf, 'PD_2,PD_3': inf, 'PD_2,PD_4': inf, 'PD_3,PD_4': inf}
  Computing metrics...
    RSI: {'PD_1,PD_2': 0.0, 'PD_1,PD_3': 0.0, 'PD_1,PD_4': 0.0, 'PD_2,PD_3': 0.0, 'PD_2,PD_4': 0.0, 'PD_3,PD_4': 1.0}, ASR: 1.0, TCB: {'PD_1': ['PD_3'], 'PD_2': ['PD_4'], 'PD_3': ['PD_4'], 'PD_4': ['PD_3']}, FR: {'PD_1,PD_2': inf, 'PD_1,PD_3': inf, 'PD_1,PD_4': inf, 'PD_2,PD_3': inf, 'PD_2,PD_4': inf, 'PD_3,PD_4': inf}
  Computing metrics...
    RSI: {'PD_1,PD_2': 0.0, 'PD_1,PD_3': 0.0, 'PD_1,PD_4': 0.0, 'PD_2,PD_3': 0.0, 'PD_2,PD_4': 0.0, 'PD_3,PD_4': 0.5}, ASR: 1.25, TCB: {'PD_1': ['PD_3'], 'PD_2': ['PD_4'], 'PD_3': ['PD_4'], 'PD_4': ['PD_3']}, FR: {'PD_1,PD_2': inf, 'PD_1,PD_3': inf, 'PD_1,PD_4': inf, 'PD_2,PD_3': inf, 'PD_2,PD_4': inf, 'PD_3,PD_4': inf}
  Computing metrics...
    RSI: {'PD_1,PD_2': 0.0, 'PD_1,PD_3': 0.0, 'PD_1,PD_4': 0.0, 'PD_2,PD_3': 0.0, 'PD_2,PD_4': 0.0, 'PD_3,PD_4': 1.0}, ASR: 1.0, TCB: {'PD_1': ['PD_3'], 'PD_2': ['PD_4'], 'PD_3': ['PD_4'], 'PD_4': ['PD_3']}, FR: {'PD_1,PD_2': inf, 'PD_1,PD_3': inf, 'PD_1,PD_4': inf, 'PD_2,PD_3': inf, 'PD_2,PD_4': inf, 'PD_3,PD_4': inf}
  Computing metrics...
    RSI: {'PD_1,PD_2': 0.0, 'PD_1,PD_3': 0.0, 'PD_1,PD_4': 0.0, 'PD_2,PD_3': 0.0, 'PD_2,PD_4': 0.0, 'PD_3,PD_4': 0.5}, ASR: 1.25, TCB: {'PD_1': ['PD_3'], 'PD_2': ['PD_4'], 'PD_3': ['PD_4'], 'PD_4': ['PD_3']}, FR: {'PD_1,PD_2': inf, 'PD_1,PD_3': inf, 'PD_1,PD_4': inf, 'PD_2,PD_3': inf, 'PD_2,PD_4': inf, 'PD_3,PD_4': inf}
  Computing metrics...
    RSI: {'PD_1,PD_2': 0.0, 'PD_1,PD_3': 0.0, 'PD_1,PD_4': 0.0, 'PD_2,PD_3': 0.0, 'PD_2,PD_4': 0.0, 'PD_3,PD_4': 1.0}, ASR: 1.0, TCB: {'PD_1': ['PD_3'], 'PD_2': ['PD_4'], 'PD_3': ['PD_4'], 'PD_4': ['PD_3']}, FR: {'PD_1,PD_2': inf, 'PD_1,PD_3': inf, 'PD_1,PD_4': inf, 'PD_2,PD_3': inf, 'PD_2,PD_4': inf, 'PD_3,PD_4': inf}
  Computing metrics...
    RSI: {'PD_1,PD_2': 0.0, 'PD_1,PD_3': 0.0, 'PD_1,PD_4': 0.0, 'PD_2,PD_3': 0.0, 'PD_2,PD_4': 0.0, 'PD_3,PD_4': 1.0}, ASR: 1.0, TCB: {'PD_1': ['PD_3'], 'PD_2': ['PD_4'], 'PD_3': ['PD_4'], 'PD_4': ['PD_3']}, FR: {'PD_1,PD_2': inf, 'PD_1,PD_3': inf, 'PD_1,PD_4': inf, 'PD_2,PD_3': inf, 'PD_2,PD_4': inf, 'PD_3,PD_4': inf}
    remove_hold_edge candidate: remove PD_3 -> FILE_1_1 HOLD edge -> score: 0.150
  Computing metrics...
    RSI: {'PD_1,PD_2': 0.0, 'PD_1,PD_3': 0.0, 'PD_1,PD_4': 0.0, 'PD_2,PD_3': 0.0, 'PD_2,PD_4': 0.0, 'PD_3,PD_4': 1.0}, ASR: 1.0, TCB: {'PD_1': ['PD_3'], 'PD_2': ['PD_4'], 'PD_3': ['PD_4'], 'PD_4': ['PD_3']}, FR: {'PD_1,PD_2': inf, 'PD_1,PD_3': inf, 'PD_1,PD_4': inf, 'PD_2,PD_3': inf, 'PD_2,PD_4': inf, 'PD_3,PD_4': inf}
  Computing metrics...
    RSI: {'PD_1,PD_2': 0.0, 'PD_1,PD_3': 0.0, 'PD_1,PD_4': 0.0, 'PD_2,PD_3': 0.0, 'PD_2,PD_4': 0.0, 'PD_3,PD_4': 1.0}, ASR: 1.0, TCB: {'PD_1': ['PD_3'], 'PD_2': ['PD_4'], 'PD_3': ['PD_4'], 'PD_4': ['PD_3']}, FR: {'PD_1,PD_2': inf, 'PD_1,PD_3': inf, 'PD_1,PD_4': inf, 'PD_2,PD_3': inf, 'PD_2,PD_4': inf, 'PD_3,PD_4': inf}
    remove_hold_edge candidate: remove PD_4 -> FILE_1_1 HOLD edge -> score: 0.150
  Computing metrics...
    RSI: {'PD_1,PD_2': 0.0, 'PD_1,PD_3': 0.0, 'PD_1,PD_4': 0.0, 'PD_2,PD_3': 0.0, 'PD_2,PD_4': 0.0, 'PD_3,PD_4': 1.0}, ASR: 1.0, TCB: {'PD_1': ['PD_3'], 'PD_2': ['PD_4'], 'PD_3': ['PD_4'], 'PD_4': ['PD_3']}, FR: {'PD_1,PD_2': inf, 'PD_1,PD_3': inf, 'PD_1,PD_4': inf, 'PD_2,PD_3': inf, 'PD_2,PD_4': inf, 'PD_3,PD_4': inf}
  Computing metrics...
    RSI: {'PD_1,PD_2': 0.0, 'PD_1,PD_3': 0.0, 'PD_1,PD_4': 0.0, 'PD_2,PD_3': 0.0, 'PD_2,PD_4': 0.0, 'PD_3,PD_4': 1.0}, ASR: 1.25, TCB: {'PD_1': ['PD_3', 'PD_2'], 'PD_2': ['PD_4'], 'PD_3': ['PD_4'], 'PD_4': ['PD_3']}, FR: {'PD_1,PD_2': 3, 'PD_1,PD_3': inf, 'PD_1,PD_4': inf, 'PD_2,PD_3': inf, 'PD_2,PD_4': inf, 'PD_3,PD_4': inf}
  Computing metrics...
    RSI: {'PD_1,PD_2': 0.0, 'PD_1,PD_3': 0.0, 'PD_1,PD_4': 0.0, 'PD_2,PD_3': 0.0, 'PD_2,PD_4': 0.0, 'PD_3,PD_4': 1.0}, ASR: 1.0, TCB: {'PD_1': ['PD_3'], 'PD_2': ['PD_4'], 'PD_3': ['PD_4'], 'PD_4': ['PD_3']}, FR: {'PD_1,PD_2': inf, 'PD_1,PD_3': inf, 'PD_1,PD_4': inf, 'PD_2,PD_3': inf, 'PD_2,PD_4': inf, 'PD_3,PD_4': inf}
  Computing metrics...
    RSI: {'PD_1,PD_2': 0.0, 'PD_1,PD_3': 0.0, 'PD_1,PD_4': 0.0, 'PD_2,PD_3': 0.0, 'PD_2,PD_4': 0.0, 'PD_3,PD_4': 1.0}, ASR: 1.25, TCB: {'PD_1': ['PD_3', 'PD_4'], 'PD_2': ['PD_4'], 'PD_3': ['PD_4'], 'PD_4': ['PD_3']}, FR: {'PD_1,PD_2': 2, 'PD_1,PD_3': inf, 'PD_1,PD_4': inf, 'PD_2,PD_3': inf, 'PD_2,PD_4': inf, 'PD_3,PD_4': inf}
  Computing metrics...
    RSI: {'PD_1,PD_2': 0.0, 'PD_1,PD_3': 0.0, 'PD_1,PD_4': 0.0, 'PD_2,PD_3': 0.0, 'PD_2,PD_4': 0.0, 'PD_3,PD_4': 1.0}, ASR: 1.0, TCB: {'PD_1': ['PD_3'], 'PD_2': ['PD_4'], 'PD_3': ['PD_4'], 'PD_4': ['PD_3']}, FR: {'PD_1,PD_2': inf, 'PD_1,PD_3': inf, 'PD_1,PD_4': inf, 'PD_2,PD_3': inf, 'PD_2,PD_4': inf, 'PD_3,PD_4': inf}
  Computing metrics...
    RSI: {'PD_1,PD_2': 0.0, 'PD_1,PD_3': 0.0, 'PD_1,PD_4': 0.0, 'PD_2,PD_3': 0.0, 'PD_2,PD_4': 0.0, 'PD_3,PD_4': 1.0}, ASR: 1.25, TCB: {'PD_1': ['PD_3'], 'PD_2': ['PD_4', 'PD_1'], 'PD_3': ['PD_4'], 'PD_4': ['PD_3']}, FR: {'PD_1,PD_2': 3, 'PD_1,PD_3': inf, 'PD_1,PD_4': inf, 'PD_2,PD_3': inf, 'PD_2,PD_4': inf, 'PD_3,PD_4': inf}
  Computing metrics...
    RSI: {'PD_1,PD_2': 0.0, 'PD_1,PD_3': 0.0, 'PD_1,PD_4': 0.0, 'PD_2,PD_3': 0.0, 'PD_2,PD_4': 0.0, 'PD_3,PD_4': 1.0}, ASR: 1.0, TCB: {'PD_1': ['PD_3'], 'PD_2': ['PD_4'], 'PD_3': ['PD_4'], 'PD_4': ['PD_3']}, FR: {'PD_1,PD_2': inf, 'PD_1,PD_3': inf, 'PD_1,PD_4': inf, 'PD_2,PD_3': inf, 'PD_2,PD_4': inf, 'PD_3,PD_4': inf}
  Computing metrics...
    RSI: {'PD_1,PD_2': 0.0, 'PD_1,PD_3': 0.0, 'PD_1,PD_4': 0.0, 'PD_2,PD_3': 0.0, 'PD_2,PD_4': 0.0, 'PD_3,PD_4': 1.0}, ASR: 1.25, TCB: {'PD_1': ['PD_3'], 'PD_2': ['PD_4', 'PD_3'], 'PD_3': ['PD_4'], 'PD_4': ['PD_3']}, FR: {'PD_1,PD_2': 2, 'PD_1,PD_3': inf, 'PD_1,PD_4': inf, 'PD_2,PD_3': inf, 'PD_2,PD_4': inf, 'PD_3,PD_4': inf}
  Computing metrics...
    RSI: {'PD_1,PD_2': 0.0, 'PD_1,PD_3': 0.0, 'PD_1,PD_4': 0.0, 'PD_2,PD_3': 0.0, 'PD_2,PD_4': 0.0, 'PD_3,PD_4': 1.0}, ASR: 1.0, TCB: {'PD_1': ['PD_3'], 'PD_2': ['PD_4'], 'PD_3': ['PD_4'], 'PD_4': ['PD_3']}, FR: {'PD_1,PD_2': inf, 'PD_1,PD_3': inf, 'PD_1,PD_4': inf, 'PD_2,PD_3': inf, 'PD_2,PD_4': inf, 'PD_3,PD_4': inf}
  Computing metrics...
    RSI: {'PD_1,PD_2': 0.0, 'PD_1,PD_3': 0.0, 'PD_1,PD_4': 0.0, 'PD_2,PD_3': 0.0, 'PD_2,PD_4': 0.0, 'PD_3,PD_4': 1.0}, ASR: 1.25, TCB: {'PD_1': ['PD_3'], 'PD_2': ['PD_4'], 'PD_3': ['PD_1', 'PD_4'], 'PD_4': ['PD_3']}, FR: {'PD_1,PD_2': inf, 'PD_1,PD_3': inf, 'PD_1,PD_4': inf, 'PD_2,PD_3': inf, 'PD_2,PD_4': inf, 'PD_3,PD_4': inf}
  Computing metrics...
    RSI: {'PD_1,PD_2': 0.0, 'PD_1,PD_3': 0.0, 'PD_1,PD_4': 0.0, 'PD_2,PD_3': 0.0, 'PD_2,PD_4': 0.0, 'PD_3,PD_4': 1.0}, ASR: 1.0, TCB: {'PD_1': ['PD_3'], 'PD_2': ['PD_4'], 'PD_3': ['PD_4'], 'PD_4': ['PD_3']}, FR: {'PD_1,PD_2': inf, 'PD_1,PD_3': inf, 'PD_1,PD_4': inf, 'PD_2,PD_3': inf, 'PD_2,PD_4': inf, 'PD_3,PD_4': inf}
  Computing metrics...
    RSI: {'PD_1,PD_2': 0.0, 'PD_1,PD_3': 0.0, 'PD_1,PD_4': 0.0, 'PD_2,PD_3': 0.0, 'PD_2,PD_4': 0.0, 'PD_3,PD_4': 1.0}, ASR: 1.25, TCB: {'PD_1': ['PD_3'], 'PD_2': ['PD_4'], 'PD_3': ['PD_2', 'PD_4'], 'PD_4': ['PD_3']}, FR: {'PD_1,PD_2': 4, 'PD_1,PD_3': 3, 'PD_1,PD_4': inf, 'PD_2,PD_3': 3, 'PD_2,PD_4': inf, 'PD_3,PD_4': inf}
  Computing metrics...
    RSI: {'PD_1,PD_2': 0.0, 'PD_1,PD_3': 0.0, 'PD_1,PD_4': 0.0, 'PD_2,PD_3': 0.0, 'PD_2,PD_4': 0.0, 'PD_3,PD_4': 1.0}, ASR: 1.0, TCB: {'PD_1': ['PD_3'], 'PD_2': ['PD_4'], 'PD_3': ['PD_4'], 'PD_4': ['PD_3']}, FR: {'PD_1,PD_2': inf, 'PD_1,PD_3': inf, 'PD_1,PD_4': inf, 'PD_2,PD_3': inf, 'PD_2,PD_4': inf, 'PD_3,PD_4': inf}
  Computing metrics...
    RSI: {'PD_1,PD_2': 0.0, 'PD_1,PD_3': 0.0, 'PD_1,PD_4': 0.0, 'PD_2,PD_3': 0.0, 'PD_2,PD_4': 0.0, 'PD_3,PD_4': 1.0}, ASR: 1.25, TCB: {'PD_1': ['PD_3'], 'PD_2': ['PD_4'], 'PD_3': ['PD_4'], 'PD_4': ['PD_3']}, FR: {'PD_1,PD_2': 3, 'PD_1,PD_3': 3, 'PD_1,PD_4': inf, 'PD_2,PD_3': 2, 'PD_2,PD_4': inf, 'PD_3,PD_4': inf}
  Computing metrics...
    RSI: {'PD_1,PD_2': 0.0, 'PD_1,PD_3': 0.0, 'PD_1,PD_4': 0.0, 'PD_2,PD_3': 0.0, 'PD_2,PD_4': 0.0, 'PD_3,PD_4': 1.0}, ASR: 1.0, TCB: {'PD_1': ['PD_3'], 'PD_2': ['PD_4'], 'PD_3': ['PD_4'], 'PD_4': ['PD_3']}, FR: {'PD_1,PD_2': inf, 'PD_1,PD_3': inf, 'PD_1,PD_4': inf, 'PD_2,PD_3': inf, 'PD_2,PD_4': inf, 'PD_3,PD_4': inf}
  Computing metrics...
    RSI: {'PD_1,PD_2': 0.0, 'PD_1,PD_3': 0.0, 'PD_1,PD_4': 0.0, 'PD_2,PD_3': 0.0, 'PD_2,PD_4': 0.0, 'PD_3,PD_4': 1.0}, ASR: 1.25, TCB: {'PD_1': ['PD_3'], 'PD_2': ['PD_4'], 'PD_3': ['PD_4'], 'PD_4': ['PD_1', 'PD_3']}, FR: {'PD_1,PD_2': 4, 'PD_1,PD_3': inf, 'PD_1,PD_4': 3, 'PD_2,PD_3': inf, 'PD_2,PD_4': 3, 'PD_3,PD_4': inf}
  Computing metrics...
    RSI: {'PD_1,PD_2': 0.0, 'PD_1,PD_3': 0.0, 'PD_1,PD_4': 0.0, 'PD_2,PD_3': 0.0, 'PD_2,PD_4': 0.0, 'PD_3,PD_4': 1.0}, ASR: 1.0, TCB: {'PD_1': ['PD_3'], 'PD_2': ['PD_4'], 'PD_3': ['PD_4'], 'PD_4': ['PD_3']}, FR: {'PD_1,PD_2': inf, 'PD_1,PD_3': inf, 'PD_1,PD_4': inf, 'PD_2,PD_3': inf, 'PD_2,PD_4': inf, 'PD_3,PD_4': inf}
  Computing metrics...
    RSI: {'PD_1,PD_2': 0.0, 'PD_1,PD_3': 0.0, 'PD_1,PD_4': 0.0, 'PD_2,PD_3': 0.0, 'PD_2,PD_4': 0.0, 'PD_3,PD_4': 1.0}, ASR: 1.25, TCB: {'PD_1': ['PD_3'], 'PD_2': ['PD_4'], 'PD_3': ['PD_4'], 'PD_4': ['PD_2', 'PD_3']}, FR: {'PD_1,PD_2': inf, 'PD_1,PD_3': inf, 'PD_1,PD_4': inf, 'PD_2,PD_3': inf, 'PD_2,PD_4': inf, 'PD_3,PD_4': inf}
  Computing metrics...
    RSI: {'PD_1,PD_2': 0.0, 'PD_1,PD_3': 0.0, 'PD_1,PD_4': 0.0, 'PD_2,PD_3': 0.0, 'PD_2,PD_4': 0.0, 'PD_3,PD_4': 1.0}, ASR: 1.0, TCB: {'PD_1': ['PD_3'], 'PD_2': ['PD_4'], 'PD_3': ['PD_4'], 'PD_4': ['PD_3']}, FR: {'PD_1,PD_2': inf, 'PD_1,PD_3': inf, 'PD_1,PD_4': inf, 'PD_2,PD_3': inf, 'PD_2,PD_4': inf, 'PD_3,PD_4': inf}
  Computing metrics...
    RSI: {'PD_1,PD_2': 0.0, 'PD_1,PD_3': 0.0, 'PD_1,PD_4': 0.0, 'PD_2,PD_3': 0.0, 'PD_2,PD_4': 0.0, 'PD_3,PD_4': 1.0}, ASR: 1.25, TCB: {'PD_1': ['PD_3'], 'PD_2': ['PD_4'], 'PD_3': ['PD_4'], 'PD_4': ['PD_3']}, FR: {'PD_1,PD_2': 3, 'PD_1,PD_3': inf, 'PD_1,PD_4': 2, 'PD_2,PD_3': inf, 'PD_2,PD_4': 3, 'PD_3,PD_4': inf}
  Computing metrics...
    RSI: {'PD_1,PD_2': 0.0, 'PD_1,PD_3': 0.0, 'PD_1,PD_4': 0.0, 'PD_2,PD_3': 0.0, 'PD_2,PD_4': 0.0, 'PD_3,PD_4': 1.0}, ASR: 1.0, TCB: {'PD_1': ['PD_3'], 'PD_2': ['PD_4'], 'PD_3': ['PD_4'], 'PD_4': ['PD_3']}, FR: {'PD_1,PD_2': inf, 'PD_1,PD_3': inf, 'PD_1,PD_4': inf, 'PD_2,PD_3': inf, 'PD_2,PD_4': inf, 'PD_3,PD_4': inf}
  Computing metrics...
    RSI: {'PD_1,PD_2': 0.0, 'PD_1,PD_3': 0.0, 'PD_1,PD_4': 0.0, 'PD_2,PD_3': 0.0, 'PD_2,PD_4': 0.0, 'PD_3,PD_4': 1.0}, ASR: 1.0, TCB: {'PD_1': ['PD_3'], 'PD_2': ['PD_4'], 'PD_3': ['PD_4'], 'PD_4': ['PD_3']}, FR: {'PD_1,PD_2': inf, 'PD_1,PD_3': inf, 'PD_1,PD_4': inf, 'PD_2,PD_3': inf, 'PD_2,PD_4': inf, 'PD_3,PD_4': inf}
  Computing metrics...
    RSI: {'PD_1,PD_2': 0.0, 'PD_1,PD_3': 0.0, 'PD_1,PD_4': 0.0, 'PD_2,PD_3': 0.0, 'PD_2,PD_4': 0.0, 'PD_3,PD_4': 1.0}, ASR: 1.0, TCB: {'PD_1': ['PD_3'], 'PD_2': ['PD_4'], 'PD_3': ['PD_4'], 'PD_4': ['PD_3']}, FR: {'PD_1,PD_2': inf, 'PD_1,PD_3': inf, 'PD_1,PD_4': inf, 'PD_2,PD_3': inf, 'PD_2,PD_4': inf, 'PD_3,PD_4': inf}
  Computing metrics...
    RSI: {'PD_1,PD_2': 0.0, 'PD_1,PD_3': 0.0, 'PD_1,PD_4': 0.0, 'PD_2,PD_3': 0.0, 'PD_2,PD_4': 0.0, 'PD_3,PD_4': 1.0}, ASR: 1.0, TCB: {'PD_1': ['PD_3'], 'PD_2': ['PD_4'], 'PD_3': ['PD_4'], 'PD_4': ['PD_3']}, FR: {'PD_1,PD_2': inf, 'PD_1,PD_3': inf, 'PD_1,PD_4': inf, 'PD_2,PD_3': inf, 'PD_2,PD_4': inf, 'PD_3,PD_4': inf}
  Computing metrics...
    RSI: {'PD_1,PD_2': 0.0, 'PD_1,PD_3': 0.0, 'PD_1,PD_4': 0.0, 'PD_2,PD_3': 0.0, 'PD_2,PD_4': 0.0, 'PD_3,PD_4': 1.0}, ASR: 1.0, TCB: {'PD_1': ['PD_3'], 'PD_2': ['PD_4'], 'PD_3': ['PD_4'], 'PD_4': ['PD_3']}, FR: {'PD_1,PD_2': inf, 'PD_1,PD_3': inf, 'PD_1,PD_4': inf, 'PD_2,PD_3': inf, 'PD_2,PD_4': inf, 'PD_3,PD_4': inf}
  Computing metrics...
    RSI: {'PD_1,PD_2': 0.0, 'PD_1,PD_3': 0.0, 'PD_1,PD_4': 0.0, 'PD_2,PD_3': 0.0, 'PD_2,PD_4': 0.0, 'PD_3,PD_4': 1.0}, ASR: 1.0, TCB: {'PD_1': ['PD_3'], 'PD_2': ['PD_4'], 'PD_3': ['PD_4'], 'PD_4': ['PD_3']}, FR: {'PD_1,PD_2': inf, 'PD_1,PD_3': inf, 'PD_1,PD_4': inf, 'PD_2,PD_3': inf, 'PD_2,PD_4': inf, 'PD_3,PD_4': inf}
  Computing metrics...
    RSI: {'PD_1,PD_2': 0.0, 'PD_1,PD_3': 0.0, 'PD_1,PD_4': 0.0, 'PD_2,PD_3': 0.0, 'PD_2,PD_4': 0.0, 'PD_3,PD_4': 1.0}, ASR: 1.0, TCB: {'PD_1': ['PD_3'], 'PD_2': ['PD_4'], 'PD_3': ['PD_4'], 'PD_4': ['PD_3']}, FR: {'PD_1,PD_2': inf, 'PD_1,PD_3': inf, 'PD_1,PD_4': inf, 'PD_2,PD_3': inf, 'PD_2,PD_4': inf, 'PD_3,PD_4': inf}
  Computing metrics...
    RSI: {'PD_1,PD_2': 0.0, 'PD_1,PD_3': 0.0, 'PD_1,PD_4': 0.0, 'PD_2,PD_3': 0.0, 'PD_2,PD_4': 0.0, 'PD_3,PD_4': 1.0}, ASR: 1.0, TCB: {'PD_1': ['PD_3'], 'PD_2': ['PD_4'], 'PD_3': ['PD_4'], 'PD_4': ['PD_3']}, FR: {'PD_1,PD_2': inf, 'PD_1,PD_3': inf, 'PD_1,PD_4': inf, 'PD_2,PD_3': inf, 'PD_2,PD_4': inf, 'PD_3,PD_4': inf}
  Computing metrics...
    RSI: {'PD_1,PD_2': 0.0, 'PD_1,PD_3': 0.0, 'PD_1,PD_4': 0.0, 'PD_2,PD_3': 0.0, 'PD_2,PD_4': 0.0, 'PD_3,PD_4': 1.0}, ASR: 1.0, TCB: {'PD_1': ['PD_3'], 'PD_2': ['PD_4'], 'PD_3': ['PD_4'], 'PD_4': ['PD_3']}, FR: {'PD_1,PD_2': inf, 'PD_1,PD_3': inf, 'PD_1,PD_4': inf, 'PD_2,PD_3': inf, 'PD_2,PD_4': inf, 'PD_3,PD_4': inf}
  Computing metrics...
    RSI: {'PD_1,PD_2': 0.0, 'PD_1,PD_3': 0.0, 'PD_1,PD_4': 0.0, 'PD_2,PD_3': 0.0, 'PD_2,PD_4': 0.0, 'PD_3,PD_4': 1.0}, ASR: 1.0, TCB: {'PD_1': ['PD_3'], 'PD_2': ['PD_4'], 'PD_3': ['PD_4'], 'PD_4': ['PD_3']}, FR: {'PD_1,PD_2': inf, 'PD_1,PD_3': inf, 'PD_1,PD_4': inf, 'PD_2,PD_3': inf, 'PD_2,PD_4': inf, 'PD_3,PD_4': inf}
  Computing metrics...
    RSI: {'PD_1,PD_2': 0.0, 'PD_1,PD_3': 0.0, 'PD_1,PD_4': 0.0, 'PD_2,PD_3': 0.0, 'PD_2,PD_4': 0.0, 'PD_3,PD_4': 1.0}, ASR: 1.0, TCB: {'PD_1': ['PD_3'], 'PD_2': ['PD_4'], 'PD_3': ['PD_4'], 'PD_4': ['PD_3']}, FR: {'PD_1,PD_2': inf, 'PD_1,PD_3': inf, 'PD_1,PD_4': inf, 'PD_2,PD_3': inf, 'PD_2,PD_4': inf, 'PD_3,PD_4': inf}
  Computing metrics...
    RSI: {'PD_1,PD_2': 0.0, 'PD_1,PD_3': 0.0, 'PD_1,PD_4': 0.0, 'PD_2,PD_3': 0.0, 'PD_2,PD_4': 0.0, 'PD_3,PD_4': 1.0}, ASR: 1.0, TCB: {'PD_1': ['PD_3'], 'PD_2': ['PD_4'], 'PD_3': ['PD_4'], 'PD_4': ['PD_3']}, FR: {'PD_1,PD_2': inf, 'PD_1,PD_3': inf, 'PD_1,PD_4': inf, 'PD_2,PD_3': inf, 'PD_2,PD_4': inf, 'PD_3,PD_4': inf}
  Computing metrics...
    RSI: {'PD_1,PD_2': 0.0, 'PD_1,PD_3': 0.0, 'PD_1,PD_4': 0.0, 'PD_2,PD_3': 0.0, 'PD_2,PD_4': 0.0, 'PD_3,PD_4': 1.0}, ASR: 1.0, TCB: {'PD_1': ['PD_3'], 'PD_2': ['PD_4'], 'PD_3': ['PD_4'], 'PD_4': ['PD_3']}, FR: {'PD_1,PD_2': inf, 'PD_1,PD_3': inf, 'PD_1,PD_4': inf, 'PD_2,PD_3': inf, 'PD_2,PD_4': inf, 'PD_3,PD_4': inf}
  Computing metrics...
    RSI: {'PD_1,PD_2': 0.0, 'PD_1,PD_3': 0.0, 'PD_1,PD_4': 0.0, 'PD_2,PD_3': 0.0, 'PD_2,PD_4': 0.0, 'PD_3,PD_4': 1.0}, ASR: 1.0, TCB: {'PD_1': ['PD_3'], 'PD_2': ['PD_4'], 'PD_3': ['PD_4'], 'PD_4': ['PD_3']}, FR: {'PD_1,PD_2': inf, 'PD_1,PD_3': inf, 'PD_1,PD_4': inf, 'PD_2,PD_3': inf, 'PD_2,PD_4': inf, 'PD_3,PD_4': inf}
  🚫 Filtered out 0 'add_file_resource(create new DATABASE file in FILE_SPACE_1)' candidates (avoiding repetition)
  Trying best transition: primitive
    Target: add new protection domain to help resolve 2 constraint violation(s)
    Predicted improvement: 0.100
    Considered 48 other option(s):
      1. primitive: create new CONFIG file in FILE_SPACE_1 (improvement: 0.700)
      2. primitive: create new DATABASE file in FILE_SPACE_1 (improvement: 0.700)
      3. primitive: create new TEMP file in FILE_SPACE_1 (improvement: 0.700)
      4. primitive: create new LOG file in FILE_SPACE_1 (improvement: 0.700)
      5. primitive: add authority relationship: PD_1 -> PD_2 (improvement: 0.250)
      6. primitive: enable indirect access: PD_1 -> PD_4 (improvement: 0.250)
      7. primitive: add authority relationship: PD_2 -> PD_1 (improvement: 0.250)
      8. primitive: enable indirect access: PD_2 -> PD_3 (improvement: 0.250)
      9. primitive: add authority relationship: PD_3 -> PD_1 (improvement: 0.250)
      10. primitive: add authority relationship: PD_3 -> PD_2 (improvement: 0.250)
      ... and 38 more
    ✅ Applied add_pd
  📋 Generated 49 candidate(s)
  Computing metrics...
    RSI: {'PD_1,PD_2': 0.0, 'PD_1,PD_3': 0.0, 'PD_1,PD_4': 0.0, 'PD_2,PD_3': 0.0, 'PD_2,PD_4': 0.0, 'PD_3,PD_4': 1.0}, ASR: 1.0, TCB: {'PD_1': ['PD_3'], 'PD_2': ['PD_4'], 'PD_3': ['PD_4'], 'PD_4': ['PD_3']}, FR: {'PD_1,PD_2': inf, 'PD_1,PD_3': inf, 'PD_1,PD_4': inf, 'PD_2,PD_3': inf, 'PD_2,PD_4': inf, 'PD_3,PD_4': inf}
    ✅ Added candidate: add_file_resource (score: 0.700)
  Computing metrics...
    RSI: {'PD_1,PD_2': 0.0, 'PD_1,PD_3': 0.0, 'PD_1,PD_4': 0.0, 'PD_2,PD_3': 0.0, 'PD_2,PD_4': 0.0, 'PD_3,PD_4': 1.0}, ASR: 1.0, TCB: {'PD_1': ['PD_3'], 'PD_2': ['PD_4'], 'PD_3': ['PD_4'], 'PD_4': ['PD_3']}, FR: {'PD_1,PD_2': inf, 'PD_1,PD_3': inf, 'PD_1,PD_4': inf, 'PD_2,PD_3': inf, 'PD_2,PD_4': inf, 'PD_3,PD_4': inf}
    ✅ Added candidate: add_file_resource (score: 0.700)

🌟 Expanding Beam[2] (score: 0.700)
  ⚠️  Constraints violated: PD_1 lacks access to any files; PD_2 lacks access to any files
  Computing metrics...
    RSI: {'PD_1,PD_2': 0.0, 'PD_1,PD_3': 0.0, 'PD_1,PD_4': 0.0, 'PD_2,PD_3': 0.0, 'PD_2,PD_4': 0.0, 'PD_3,PD_4': 1.0}, ASR: 1.0, TCB: {'PD_1': ['PD_3'], 'PD_2': ['PD_4'], 'PD_3': ['PD_4'], 'PD_4': ['PD_3']}, FR: {'PD_1,PD_2': inf, 'PD_1,PD_3': inf, 'PD_1,PD_4': inf, 'PD_2,PD_3': inf, 'PD_2,PD_4': inf, 'PD_3,PD_4': inf}
  Computing metrics...
    RSI: {'PD_1,PD_2': 0.0, 'PD_1,PD_3': 0.0, 'PD_1,PD_4': 0.0, 'PD_1,PD_5': 0.0, 'PD_2,PD_3': 0.0, 'PD_2,PD_4': 0.0, 'PD_2,PD_5': 0.0, 'PD_3,PD_4': 1.0, 'PD_3,PD_5': 0.0, 'PD_4,PD_5': 0.0}, ASR: 0.8, TCB: {'PD_1': ['PD_3'], 'PD_2': ['PD_4'], 'PD_3': ['PD_4'], 'PD_4': ['PD_3'], 'PD_5': []}, FR: {'PD_1,PD_2': inf, 'PD_1,PD_3': inf, 'PD_1,PD_4': inf, 'PD_1,PD_5': inf, 'PD_2,PD_3': inf, 'PD_2,PD_4': inf, 'PD_2,PD_5': inf, 'PD_3,PD_4': inf, 'PD_3,PD_5': inf, 'PD_4,PD_5': inf}
  Computing metrics...
    RSI: {'PD_1,PD_2': 0.0, 'PD_1,PD_3': 0.0, 'PD_1,PD_4': 0.0, 'PD_2,PD_3': 0.0, 'PD_2,PD_4': 0.0, 'PD_3,PD_4': 1.0}, ASR: 1.0, TCB: {'PD_1': ['PD_3'], 'PD_2': ['PD_4'], 'PD_3': ['PD_4'], 'PD_4': ['PD_3']}, FR: {'PD_1,PD_2': inf, 'PD_1,PD_3': inf, 'PD_1,PD_4': inf, 'PD_2,PD_3': inf, 'PD_2,PD_4': inf, 'PD_3,PD_4': inf}
  Computing metrics...
    RSI: {'PD_1,PD_2': 0.0, 'PD_1,PD_3': 0.0, 'PD_1,PD_4': 0.0, 'PD_2,PD_3': 0.0, 'PD_2,PD_4': 0.0, 'PD_3,PD_4': 1.0}, ASR: 1.0, TCB: {'PD_1': ['PD_3'], 'PD_2': ['PD_4'], 'PD_3': ['PD_4'], 'PD_4': ['PD_3']}, FR: {'PD_1,PD_2': inf, 'PD_1,PD_3': inf, 'PD_1,PD_4': inf, 'PD_2,PD_3': inf, 'PD_2,PD_4': inf, 'PD_3,PD_4': inf}
  Computing metrics...
    RSI: {'PD_1,PD_2': 0.0, 'PD_1,PD_3': 0.0, 'PD_1,PD_4': 0.0, 'PD_2,PD_3': 0.0, 'PD_2,PD_4': 0.0, 'PD_3,PD_4': 1.0}, ASR: 1.0, TCB: {'PD_1': ['PD_3'], 'PD_2': ['PD_4'], 'PD_3': ['PD_4'], 'PD_4': ['PD_3']}, FR: {'PD_1,PD_2': inf, 'PD_1,PD_3': inf, 'PD_1,PD_4': inf, 'PD_2,PD_3': inf, 'PD_2,PD_4': inf, 'PD_3,PD_4': inf}
  Computing metrics...
    RSI: {'PD_1,PD_2': 0.0, 'PD_1,PD_3': 0.0, 'PD_1,PD_4': 0.0, 'PD_2,PD_3': 0.0, 'PD_2,PD_4': 0.0, 'PD_3,PD_4': 1.0}, ASR: 1.0, TCB: {'PD_1': ['PD_3'], 'PD_2': ['PD_4'], 'PD_3': ['PD_4'], 'PD_4': ['PD_3']}, FR: {'PD_1,PD_2': inf, 'PD_1,PD_3': inf, 'PD_1,PD_4': inf, 'PD_2,PD_3': inf, 'PD_2,PD_4': inf, 'PD_3,PD_4': inf}
  Computing metrics...
    RSI: {'PD_1,PD_2': 0.0, 'PD_1,PD_3': 0.0, 'PD_1,PD_4': 0.0, 'PD_2,PD_3': 0.0, 'PD_2,PD_4': 0.0, 'PD_3,PD_4': 1.0}, ASR: 1.0, TCB: {'PD_1': ['PD_3'], 'PD_2': ['PD_4'], 'PD_3': ['PD_4'], 'PD_4': ['PD_3']}, FR: {'PD_1,PD_2': inf, 'PD_1,PD_3': inf, 'PD_1,PD_4': inf, 'PD_2,PD_3': inf, 'PD_2,PD_4': inf, 'PD_3,PD_4': inf}
  Computing metrics...
    RSI: {'PD_1,PD_2': 0.0, 'PD_1,PD_3': 0.0, 'PD_1,PD_4': 0.0, 'PD_2,PD_3': 0.0, 'PD_2,PD_4': 0.0, 'PD_3,PD_4': 1.0}, ASR: 1.0, TCB: {'PD_1': ['PD_3'], 'PD_2': ['PD_4'], 'PD_3': ['PD_4'], 'PD_4': ['PD_3']}, FR: {'PD_1,PD_2': inf, 'PD_1,PD_3': inf, 'PD_1,PD_4': inf, 'PD_2,PD_3': inf, 'PD_2,PD_4': inf, 'PD_3,PD_4': inf}
  Computing metrics...
    RSI: {'PD_1,PD_2': 0.0, 'PD_1,PD_3': 0.0, 'PD_1,PD_4': 0.0, 'PD_2,PD_3': 0.0, 'PD_2,PD_4': 0.0, 'PD_3,PD_4': 1.0}, ASR: 1.0, TCB: {'PD_1': ['PD_3'], 'PD_2': ['PD_4'], 'PD_3': ['PD_4'], 'PD_4': ['PD_3']}, FR: {'PD_1,PD_2': inf, 'PD_1,PD_3': inf, 'PD_1,PD_4': inf, 'PD_2,PD_3': inf, 'PD_2,PD_4': inf, 'PD_3,PD_4': inf}
  Computing metrics...
    RSI: {'PD_1,PD_2': 0.0, 'PD_1,PD_3': 0.0, 'PD_1,PD_4': 0.0, 'PD_2,PD_3': 0.0, 'PD_2,PD_4': 0.0, 'PD_3,PD_4': 1.0}, ASR: 1.0, TCB: {'PD_1': ['PD_3'], 'PD_2': ['PD_4'], 'PD_3': ['PD_4'], 'PD_4': ['PD_3']}, FR: {'PD_1,PD_2': inf, 'PD_1,PD_3': inf, 'PD_1,PD_4': inf, 'PD_2,PD_3': inf, 'PD_2,PD_4': inf, 'PD_3,PD_4': inf}
  Computing metrics...
    RSI: {'PD_1,PD_2': 0.0, 'PD_1,PD_3': 0.0, 'PD_1,PD_4': 0.0, 'PD_2,PD_3': 0.0, 'PD_2,PD_4': 0.0, 'PD_3,PD_4': 1.0}, ASR: 1.0, TCB: {'PD_1': ['PD_3'], 'PD_2': ['PD_4'], 'PD_3': ['PD_4'], 'PD_4': ['PD_3']}, FR: {'PD_1,PD_2': inf, 'PD_1,PD_3': inf, 'PD_1,PD_4': inf, 'PD_2,PD_3': inf, 'PD_2,PD_4': inf, 'PD_3,PD_4': inf}
  Computing metrics...
    RSI: {'PD_1,PD_2': 0.0, 'PD_1,PD_3': 0.0, 'PD_1,PD_4': 0.0, 'PD_2,PD_3': 0.0, 'PD_2,PD_4': 0.0, 'PD_3,PD_4': 1.0}, ASR: 1.0, TCB: {'PD_1': ['PD_3'], 'PD_2': ['PD_4'], 'PD_3': ['PD_4'], 'PD_4': ['PD_3']}, FR: {'PD_1,PD_2': inf, 'PD_1,PD_3': inf, 'PD_1,PD_4': inf, 'PD_2,PD_3': inf, 'PD_2,PD_4': inf, 'PD_3,PD_4': inf}
  Computing metrics...
    RSI: {'PD_1,PD_2': 0.0, 'PD_1,PD_3': 0.0, 'PD_1,PD_4': 0.0, 'PD_2,PD_3': 0.0, 'PD_2,PD_4': 0.0, 'PD_3,PD_4': 1.0}, ASR: 1.0, TCB: {'PD_1': ['PD_3'], 'PD_2': ['PD_4'], 'PD_3': ['PD_4'], 'PD_4': ['PD_3']}, FR: {'PD_1,PD_2': inf, 'PD_1,PD_3': inf, 'PD_1,PD_4': inf, 'PD_2,PD_3': inf, 'PD_2,PD_4': inf, 'PD_3,PD_4': inf}
  Computing metrics...
    RSI: {'PD_1,PD_2': 0.0, 'PD_1,PD_3': 0.0, 'PD_1,PD_4': 0.0, 'PD_2,PD_3': 0.0, 'PD_2,PD_4': 0.0, 'PD_3,PD_4': 1.0}, ASR: 1.0, TCB: {'PD_1': ['PD_3'], 'PD_2': ['PD_4'], 'PD_3': ['PD_4'], 'PD_4': ['PD_3']}, FR: {'PD_1,PD_2': inf, 'PD_1,PD_3': inf, 'PD_1,PD_4': inf, 'PD_2,PD_3': inf, 'PD_2,PD_4': inf, 'PD_3,PD_4': inf}
  Computing metrics...
    RSI: {'PD_1,PD_2': 0.0, 'PD_1,PD_3': 0.0, 'PD_1,PD_4': 0.0, 'PD_2,PD_3': 0.0, 'PD_2,PD_4': 0.0, 'PD_3,PD_4': 1.0}, ASR: 1.0, TCB: {'PD_1': ['PD_3'], 'PD_2': ['PD_4'], 'PD_3': ['PD_4'], 'PD_4': ['PD_3']}, FR: {'PD_1,PD_2': inf, 'PD_1,PD_3': inf, 'PD_1,PD_4': inf, 'PD_2,PD_3': inf, 'PD_2,PD_4': inf, 'PD_3,PD_4': inf}
  Computing metrics...
    RSI: {'PD_1,PD_2': 0.0, 'PD_1,PD_3': 0.0, 'PD_1,PD_4': 0.0, 'PD_2,PD_3': 0.0, 'PD_2,PD_4': 0.0, 'PD_3,PD_4': 1.0}, ASR: 1.0, TCB: {'PD_1': ['PD_3'], 'PD_2': ['PD_4'], 'PD_3': ['PD_4'], 'PD_4': ['PD_3']}, FR: {'PD_1,PD_2': inf, 'PD_1,PD_3': inf, 'PD_1,PD_4': inf, 'PD_2,PD_3': inf, 'PD_2,PD_4': inf, 'PD_3,PD_4': inf}
  Computing metrics...
    RSI: {'PD_1,PD_2': 0.0, 'PD_1,PD_3': 0.0, 'PD_1,PD_4': 0.0, 'PD_2,PD_3': 0.0, 'PD_2,PD_4': 0.0, 'PD_3,PD_4': 1.0}, ASR: 1.0, TCB: {'PD_1': ['PD_3'], 'PD_2': ['PD_4'], 'PD_3': ['PD_4'], 'PD_4': ['PD_3']}, FR: {'PD_1,PD_2': inf, 'PD_1,PD_3': inf, 'PD_1,PD_4': inf, 'PD_2,PD_3': inf, 'PD_2,PD_4': inf, 'PD_3,PD_4': inf}
  Computing metrics...
    RSI: {'PD_1,PD_2': 0.0, 'PD_1,PD_3': 0.0, 'PD_1,PD_4': 0.0, 'PD_2,PD_3': 0.0, 'PD_2,PD_4': 0.0, 'PD_3,PD_4': 1.0}, ASR: 1.0, TCB: {'PD_1': ['PD_3'], 'PD_2': ['PD_4'], 'PD_3': ['PD_4'], 'PD_4': ['PD_3']}, FR: {'PD_1,PD_2': inf, 'PD_1,PD_3': inf, 'PD_1,PD_4': inf, 'PD_2,PD_3': inf, 'PD_2,PD_4': inf, 'PD_3,PD_4': inf}
  Computing metrics...
    RSI: {'PD_1,PD_2': 0.0, 'PD_1,PD_3': 0.0, 'PD_1,PD_4': 0.0, 'PD_2,PD_3': 0.0, 'PD_2,PD_4': 0.0, 'PD_3,PD_4': 1.0}, ASR: 1.0, TCB: {'PD_1': ['PD_3'], 'PD_2': ['PD_4'], 'PD_3': ['PD_4'], 'PD_4': ['PD_3']}, FR: {'PD_1,PD_2': inf, 'PD_1,PD_3': inf, 'PD_1,PD_4': inf, 'PD_2,PD_3': inf, 'PD_2,PD_4': inf, 'PD_3,PD_4': inf}
  Computing metrics...
    RSI: {'PD_1,PD_2': 0.0, 'PD_1,PD_3': 0.0, 'PD_1,PD_4': 0.0, 'PD_2,PD_3': 0.0, 'PD_2,PD_4': 0.0, 'PD_3,PD_4': 1.0}, ASR: 1.0, TCB: {'PD_1': ['PD_3'], 'PD_2': ['PD_4'], 'PD_3': ['PD_4'], 'PD_4': ['PD_3']}, FR: {'PD_1,PD_2': inf, 'PD_1,PD_3': inf, 'PD_1,PD_4': inf, 'PD_2,PD_3': inf, 'PD_2,PD_4': inf, 'PD_3,PD_4': inf}
  Computing metrics...
    RSI: {'PD_1,PD_2': 0.0, 'PD_1,PD_3': 0.0, 'PD_1,PD_4': 0.0, 'PD_2,PD_3': 0.0, 'PD_2,PD_4': 0.0, 'PD_3,PD_4': 1.0}, ASR: 1.0, TCB: {'PD_1': ['PD_3'], 'PD_2': ['PD_4'], 'PD_3': ['PD_4'], 'PD_4': ['PD_3']}, FR: {'PD_1,PD_2': inf, 'PD_1,PD_3': inf, 'PD_1,PD_4': inf, 'PD_2,PD_3': inf, 'PD_2,PD_4': inf, 'PD_3,PD_4': inf}
  Computing metrics...
    RSI: {'PD_1,PD_2': 0.0, 'PD_1,PD_3': 0.0, 'PD_1,PD_4': 0.0, 'PD_2,PD_3': 0.0, 'PD_2,PD_4': 0.0, 'PD_3,PD_4': 1.0}, ASR: 1.0, TCB: {'PD_1': ['PD_3'], 'PD_2': ['PD_4'], 'PD_3': ['PD_4'], 'PD_4': ['PD_3']}, FR: {'PD_1,PD_2': inf, 'PD_1,PD_3': inf, 'PD_1,PD_4': inf, 'PD_2,PD_3': inf, 'PD_2,PD_4': inf, 'PD_3,PD_4': inf}
  Computing metrics...
    RSI: {'PD_1,PD_2': 0.0, 'PD_1,PD_3': 0.0, 'PD_1,PD_4': 0.0, 'PD_2,PD_3': 0.0, 'PD_2,PD_4': 0.0, 'PD_3,PD_4': 1.0}, ASR: 1.0, TCB: {'PD_1': ['PD_3'], 'PD_2': ['PD_4'], 'PD_3': ['PD_4'], 'PD_4': ['PD_3']}, FR: {'PD_1,PD_2': inf, 'PD_1,PD_3': inf, 'PD_1,PD_4': inf, 'PD_2,PD_3': inf, 'PD_2,PD_4': inf, 'PD_3,PD_4': inf}
  Computing metrics...
    RSI: {'PD_1,PD_2': 0.0, 'PD_1,PD_3': 0.0, 'PD_1,PD_4': 0.0, 'PD_2,PD_3': 0.0, 'PD_2,PD_4': 0.0, 'PD_3,PD_4': 1.0}, ASR: 1.0, TCB: {'PD_1': ['PD_3'], 'PD_2': ['PD_4'], 'PD_3': ['PD_4'], 'PD_4': ['PD_3']}, FR: {'PD_1,PD_2': inf, 'PD_1,PD_3': inf, 'PD_1,PD_4': inf, 'PD_2,PD_3': inf, 'PD_2,PD_4': inf, 'PD_3,PD_4': inf}
  Computing metrics...
    RSI: {'PD_1,PD_2': 0.0, 'PD_1,PD_3': 0.0, 'PD_1,PD_4': 0.0, 'PD_2,PD_3': 0.0, 'PD_2,PD_4': 0.0, 'PD_3,PD_4': 1.0}, ASR: 1.0, TCB: {'PD_1': ['PD_3'], 'PD_2': ['PD_4'], 'PD_3': ['PD_4'], 'PD_4': ['PD_3']}, FR: {'PD_1,PD_2': inf, 'PD_1,PD_3': inf, 'PD_1,PD_4': inf, 'PD_2,PD_3': inf, 'PD_2,PD_4': inf, 'PD_3,PD_4': inf}
  Computing metrics...
    RSI: {'PD_1,PD_2': 0.0, 'PD_1,PD_3': 1.0, 'PD_1,PD_4': 1.0, 'PD_2,PD_3': 0.0, 'PD_2,PD_4': 0.0, 'PD_3,PD_4': 1.0}, ASR: 1.25, TCB: {'PD_1': ['PD_3', 'PD_4'], 'PD_2': ['PD_4'], 'PD_3': ['PD_1', 'PD_4'], 'PD_4': ['PD_1', 'PD_3']}, FR: {'PD_1,PD_2': inf, 'PD_1,PD_3': inf, 'PD_1,PD_4': inf, 'PD_2,PD_3': inf, 'PD_2,PD_4': inf, 'PD_3,PD_4': inf}
  Computing metrics...
    RSI: {'PD_1,PD_2': 0.0, 'PD_1,PD_3': 0.0, 'PD_1,PD_4': 0.0, 'PD_2,PD_3': 0.0, 'PD_2,PD_4': 0.0, 'PD_3,PD_4': 1.0}, ASR: 1.0, TCB: {'PD_1': ['PD_3'], 'PD_2': ['PD_4'], 'PD_3': ['PD_4'], 'PD_4': ['PD_3']}, FR: {'PD_1,PD_2': inf, 'PD_1,PD_3': inf, 'PD_1,PD_4': inf, 'PD_2,PD_3': inf, 'PD_2,PD_4': inf, 'PD_3,PD_4': inf}
  Computing metrics...
    RSI: {'PD_1,PD_2': 0.0, 'PD_1,PD_3': 0.0, 'PD_1,PD_4': 0.0, 'PD_2,PD_3': 0.0, 'PD_2,PD_4': 0.0, 'PD_3,PD_4': 1.0}, ASR: 1.25, TCB: {'PD_1': ['PD_3'], 'PD_2': ['PD_4'], 'PD_3': ['PD_4'], 'PD_4': ['PD_3']}, FR: {'PD_1,PD_2': inf, 'PD_1,PD_3': inf, 'PD_1,PD_4': inf, 'PD_2,PD_3': inf, 'PD_2,PD_4': inf, 'PD_3,PD_4': inf}
  Computing metrics...
    RSI: {'PD_1,PD_2': 0.0, 'PD_1,PD_3': 0.0, 'PD_1,PD_4': 0.0, 'PD_2,PD_3': 0.0, 'PD_2,PD_4': 0.0, 'PD_3,PD_4': 1.0}, ASR: 1.0, TCB: {'PD_1': ['PD_3'], 'PD_2': ['PD_4'], 'PD_3': ['PD_4'], 'PD_4': ['PD_3']}, FR: {'PD_1,PD_2': inf, 'PD_1,PD_3': inf, 'PD_1,PD_4': inf, 'PD_2,PD_3': inf, 'PD_2,PD_4': inf, 'PD_3,PD_4': inf}
  Computing metrics...
    RSI: {'PD_1,PD_2': 0.0, 'PD_1,PD_3': 0.0, 'PD_1,PD_4': 0.0, 'PD_2,PD_3': 0.0, 'PD_2,PD_4': 0.0, 'PD_3,PD_4': 1.0}, ASR: 1.25, TCB: {'PD_1': ['PD_3'], 'PD_2': ['PD_4'], 'PD_3': ['PD_4'], 'PD_4': ['PD_3']}, FR: {'PD_1,PD_2': inf, 'PD_1,PD_3': inf, 'PD_1,PD_4': inf, 'PD_2,PD_3': inf, 'PD_2,PD_4': inf, 'PD_3,PD_4': inf}
  Computing metrics...
    RSI: {'PD_1,PD_2': 0.0, 'PD_1,PD_3': 0.0, 'PD_1,PD_4': 0.0, 'PD_2,PD_3': 0.0, 'PD_2,PD_4': 0.0, 'PD_3,PD_4': 1.0}, ASR: 1.0, TCB: {'PD_1': ['PD_3'], 'PD_2': ['PD_4'], 'PD_3': ['PD_4'], 'PD_4': ['PD_3']}, FR: {'PD_1,PD_2': inf, 'PD_1,PD_3': inf, 'PD_1,PD_4': inf, 'PD_2,PD_3': inf, 'PD_2,PD_4': inf, 'PD_3,PD_4': inf}
  Computing metrics...
    RSI: {'PD_1,PD_2': 0.0, 'PD_1,PD_3': 0.0, 'PD_1,PD_4': 0.0, 'PD_2,PD_3': 0.0, 'PD_2,PD_4': 0.0, 'PD_3,PD_4': 1.0}, ASR: 1.25, TCB: {'PD_1': ['PD_3'], 'PD_2': ['PD_4'], 'PD_3': ['PD_4'], 'PD_4': ['PD_3']}, FR: {'PD_1,PD_2': inf, 'PD_1,PD_3': inf, 'PD_1,PD_4': inf, 'PD_2,PD_3': inf, 'PD_2,PD_4': inf, 'PD_3,PD_4': inf}
  Computing metrics...
    RSI: {'PD_1,PD_2': 0.0, 'PD_1,PD_3': 0.0, 'PD_1,PD_4': 0.0, 'PD_2,PD_3': 0.0, 'PD_2,PD_4': 0.0, 'PD_3,PD_4': 1.0}, ASR: 1.0, TCB: {'PD_1': ['PD_3'], 'PD_2': ['PD_4'], 'PD_3': ['PD_4'], 'PD_4': ['PD_3']}, FR: {'PD_1,PD_2': inf, 'PD_1,PD_3': inf, 'PD_1,PD_4': inf, 'PD_2,PD_3': inf, 'PD_2,PD_4': inf, 'PD_3,PD_4': inf}
  Computing metrics...
    RSI: {'PD_1,PD_2': 0.0, 'PD_1,PD_3': 0.0, 'PD_1,PD_4': 0.0, 'PD_2,PD_3': 0.0, 'PD_2,PD_4': 0.0, 'PD_3,PD_4': 1.0}, ASR: 1.25, TCB: {'PD_1': ['PD_3'], 'PD_2': ['PD_4'], 'PD_3': ['PD_4'], 'PD_4': ['PD_3']}, FR: {'PD_1,PD_2': inf, 'PD_1,PD_3': inf, 'PD_1,PD_4': inf, 'PD_2,PD_3': inf, 'PD_2,PD_4': inf, 'PD_3,PD_4': inf}
  Computing metrics...
    RSI: {'PD_1,PD_2': 0.0, 'PD_1,PD_3': 0.0, 'PD_1,PD_4': 0.0, 'PD_2,PD_3': 0.0, 'PD_2,PD_4': 0.0, 'PD_3,PD_4': 1.0}, ASR: 1.0, TCB: {'PD_1': ['PD_3'], 'PD_2': ['PD_4'], 'PD_3': ['PD_4'], 'PD_4': ['PD_3']}, FR: {'PD_1,PD_2': inf, 'PD_1,PD_3': inf, 'PD_1,PD_4': inf, 'PD_2,PD_3': inf, 'PD_2,PD_4': inf, 'PD_3,PD_4': inf}
  Computing metrics...
    RSI: {'PD_1,PD_2': 0.0, 'PD_1,PD_3': 0.0, 'PD_1,PD_4': 0.0, 'PD_2,PD_3': 1.0, 'PD_2,PD_4': 1.0, 'PD_3,PD_4': 1.0}, ASR: 1.25, TCB: {'PD_1': ['PD_3'], 'PD_2': ['PD_4', 'PD_3'], 'PD_3': ['PD_2', 'PD_4'], 'PD_4': ['PD_2', 'PD_3']}, FR: {'PD_1,PD_2': inf, 'PD_1,PD_3': inf, 'PD_1,PD_4': inf, 'PD_2,PD_3': inf, 'PD_2,PD_4': inf, 'PD_3,PD_4': inf}
  Computing metrics...
    RSI: {'PD_1,PD_2': 0.0, 'PD_1,PD_3': 0.0, 'PD_1,PD_4': 0.0, 'PD_2,PD_3': 0.0, 'PD_2,PD_4': 0.0, 'PD_3,PD_4': 1.0}, ASR: 1.0, TCB: {'PD_1': ['PD_3'], 'PD_2': ['PD_4'], 'PD_3': ['PD_4'], 'PD_4': ['PD_3']}, FR: {'PD_1,PD_2': inf, 'PD_1,PD_3': inf, 'PD_1,PD_4': inf, 'PD_2,PD_3': inf, 'PD_2,PD_4': inf, 'PD_3,PD_4': inf}
  Computing metrics...
    RSI: {'PD_1,PD_2': 0.0, 'PD_1,PD_3': 0.0, 'PD_1,PD_4': 0.0, 'PD_2,PD_3': 0.0, 'PD_2,PD_4': 0.0, 'PD_3,PD_4': 1.0}, ASR: 1.25, TCB: {'PD_1': ['PD_3'], 'PD_2': ['PD_4'], 'PD_3': ['PD_4'], 'PD_4': ['PD_3']}, FR: {'PD_1,PD_2': inf, 'PD_1,PD_3': inf, 'PD_1,PD_4': inf, 'PD_2,PD_3': inf, 'PD_2,PD_4': inf, 'PD_3,PD_4': inf}
  Computing metrics...
    RSI: {'PD_1,PD_2': 0.0, 'PD_1,PD_3': 0.0, 'PD_1,PD_4': 0.0, 'PD_2,PD_3': 0.0, 'PD_2,PD_4': 0.0, 'PD_3,PD_4': 1.0}, ASR: 1.0, TCB: {'PD_1': ['PD_3'], 'PD_2': ['PD_4'], 'PD_3': ['PD_4'], 'PD_4': ['PD_3']}, FR: {'PD_1,PD_2': inf, 'PD_1,PD_3': inf, 'PD_1,PD_4': inf, 'PD_2,PD_3': inf, 'PD_2,PD_4': inf, 'PD_3,PD_4': inf}
  Computing metrics...
    RSI: {'PD_1,PD_2': 0.0, 'PD_1,PD_3': 0.0, 'PD_1,PD_4': 0.0, 'PD_2,PD_3': 0.0, 'PD_2,PD_4': 0.0, 'PD_3,PD_4': 1.0}, ASR: 1.25, TCB: {'PD_1': ['PD_3'], 'PD_2': ['PD_4'], 'PD_3': ['PD_4'], 'PD_4': ['PD_3']}, FR: {'PD_1,PD_2': inf, 'PD_1,PD_3': inf, 'PD_1,PD_4': inf, 'PD_2,PD_3': inf, 'PD_2,PD_4': inf, 'PD_3,PD_4': inf}
  Computing metrics...
    RSI: {'PD_1,PD_2': 0.0, 'PD_1,PD_3': 0.0, 'PD_1,PD_4': 0.0, 'PD_2,PD_3': 0.0, 'PD_2,PD_4': 0.0, 'PD_3,PD_4': 1.0}, ASR: 1.0, TCB: {'PD_1': ['PD_3'], 'PD_2': ['PD_4'], 'PD_3': ['PD_4'], 'PD_4': ['PD_3']}, FR: {'PD_1,PD_2': inf, 'PD_1,PD_3': inf, 'PD_1,PD_4': inf, 'PD_2,PD_3': inf, 'PD_2,PD_4': inf, 'PD_3,PD_4': inf}
  Computing metrics...
    RSI: {'PD_1,PD_2': 0.0, 'PD_1,PD_3': 0.0, 'PD_1,PD_4': 0.0, 'PD_2,PD_3': 0.0, 'PD_2,PD_4': 0.0, 'PD_3,PD_4': 1.0}, ASR: 1.25, TCB: {'PD_1': ['PD_3'], 'PD_2': ['PD_4'], 'PD_3': ['PD_4'], 'PD_4': ['PD_3']}, FR: {'PD_1,PD_2': inf, 'PD_1,PD_3': inf, 'PD_1,PD_4': inf, 'PD_2,PD_3': inf, 'PD_2,PD_4': inf, 'PD_3,PD_4': inf}
  Computing metrics...
    RSI: {'PD_1,PD_2': 0.0, 'PD_1,PD_3': 0.0, 'PD_1,PD_4': 0.0, 'PD_2,PD_3': 0.0, 'PD_2,PD_4': 0.0, 'PD_3,PD_4': 1.0}, ASR: 1.0, TCB: {'PD_1': ['PD_3'], 'PD_2': ['PD_4'], 'PD_3': ['PD_4'], 'PD_4': ['PD_3']}, FR: {'PD_1,PD_2': inf, 'PD_1,PD_3': inf, 'PD_1,PD_4': inf, 'PD_2,PD_3': inf, 'PD_2,PD_4': inf, 'PD_3,PD_4': inf}
  Computing metrics...
    RSI: {'PD_1,PD_2': 0.0, 'PD_1,PD_3': 0.0, 'PD_1,PD_4': 0.0, 'PD_2,PD_3': 0.0, 'PD_2,PD_4': 0.0, 'PD_3,PD_4': 1.0}, ASR: 1.25, TCB: {'PD_1': ['PD_3'], 'PD_2': ['PD_4'], 'PD_3': ['PD_4'], 'PD_4': ['PD_3']}, FR: {'PD_1,PD_2': inf, 'PD_1,PD_3': inf, 'PD_1,PD_4': inf, 'PD_2,PD_3': inf, 'PD_2,PD_4': inf, 'PD_3,PD_4': inf}
  Computing metrics...
    RSI: {'PD_1,PD_2': 0.0, 'PD_1,PD_3': 0.0, 'PD_1,PD_4': 0.0, 'PD_2,PD_3': 0.0, 'PD_2,PD_4': 0.0, 'PD_3,PD_4': 1.0}, ASR: 1.0, TCB: {'PD_1': ['PD_3'], 'PD_2': ['PD_4'], 'PD_3': ['PD_4'], 'PD_4': ['PD_3']}, FR: {'PD_1,PD_2': inf, 'PD_1,PD_3': inf, 'PD_1,PD_4': inf, 'PD_2,PD_3': inf, 'PD_2,PD_4': inf, 'PD_3,PD_4': inf}
  Computing metrics...
    RSI: {'PD_1,PD_2': 0.0, 'PD_1,PD_3': 0.0, 'PD_1,PD_4': 0.0, 'PD_2,PD_3': 0.0, 'PD_2,PD_4': 0.0, 'PD_3,PD_4': 0.5}, ASR: 1.25, TCB: {'PD_1': ['PD_3'], 'PD_2': ['PD_4'], 'PD_3': ['PD_4'], 'PD_4': ['PD_3']}, FR: {'PD_1,PD_2': inf, 'PD_1,PD_3': inf, 'PD_1,PD_4': inf, 'PD_2,PD_3': inf, 'PD_2,PD_4': inf, 'PD_3,PD_4': inf}
  Computing metrics...
    RSI: {'PD_1,PD_2': 0.0, 'PD_1,PD_3': 0.0, 'PD_1,PD_4': 0.0, 'PD_2,PD_3': 0.0, 'PD_2,PD_4': 0.0, 'PD_3,PD_4': 1.0}, ASR: 1.0, TCB: {'PD_1': ['PD_3'], 'PD_2': ['PD_4'], 'PD_3': ['PD_4'], 'PD_4': ['PD_3']}, FR: {'PD_1,PD_2': inf, 'PD_1,PD_3': inf, 'PD_1,PD_4': inf, 'PD_2,PD_3': inf, 'PD_2,PD_4': inf, 'PD_3,PD_4': inf}
  Computing metrics...
    RSI: {'PD_1,PD_2': 0.0, 'PD_1,PD_3': 0.0, 'PD_1,PD_4': 0.0, 'PD_2,PD_3': 0.0, 'PD_2,PD_4': 0.0, 'PD_3,PD_4': 0.5}, ASR: 1.25, TCB: {'PD_1': ['PD_3'], 'PD_2': ['PD_4'], 'PD_3': ['PD_4'], 'PD_4': ['PD_3']}, FR: {'PD_1,PD_2': inf, 'PD_1,PD_3': inf, 'PD_1,PD_4': inf, 'PD_2,PD_3': inf, 'PD_2,PD_4': inf, 'PD_3,PD_4': inf}
  Computing metrics...
    RSI: {'PD_1,PD_2': 0.0, 'PD_1,PD_3': 0.0, 'PD_1,PD_4': 0.0, 'PD_2,PD_3': 0.0, 'PD_2,PD_4': 0.0, 'PD_3,PD_4': 1.0}, ASR: 1.0, TCB: {'PD_1': ['PD_3'], 'PD_2': ['PD_4'], 'PD_3': ['PD_4'], 'PD_4': ['PD_3']}, FR: {'PD_1,PD_2': inf, 'PD_1,PD_3': inf, 'PD_1,PD_4': inf, 'PD_2,PD_3': inf, 'PD_2,PD_4': inf, 'PD_3,PD_4': inf}
  Computing metrics...
    RSI: {'PD_1,PD_2': 0.0, 'PD_1,PD_3': 0.0, 'PD_1,PD_4': 0.0, 'PD_2,PD_3': 0.0, 'PD_2,PD_4': 0.0, 'PD_3,PD_4': 0.5}, ASR: 1.25, TCB: {'PD_1': ['PD_3'], 'PD_2': ['PD_4'], 'PD_3': ['PD_4'], 'PD_4': ['PD_3']}, FR: {'PD_1,PD_2': inf, 'PD_1,PD_3': inf, 'PD_1,PD_4': inf, 'PD_2,PD_3': inf, 'PD_2,PD_4': inf, 'PD_3,PD_4': inf}
  Computing metrics...
    RSI: {'PD_1,PD_2': 0.0, 'PD_1,PD_3': 0.0, 'PD_1,PD_4': 0.0, 'PD_2,PD_3': 0.0, 'PD_2,PD_4': 0.0, 'PD_3,PD_4': 1.0}, ASR: 1.0, TCB: {'PD_1': ['PD_3'], 'PD_2': ['PD_4'], 'PD_3': ['PD_4'], 'PD_4': ['PD_3']}, FR: {'PD_1,PD_2': inf, 'PD_1,PD_3': inf, 'PD_1,PD_4': inf, 'PD_2,PD_3': inf, 'PD_2,PD_4': inf, 'PD_3,PD_4': inf}
  Computing metrics...
    RSI: {'PD_1,PD_2': 0.0, 'PD_1,PD_3': 0.0, 'PD_1,PD_4': 0.0, 'PD_2,PD_3': 0.0, 'PD_2,PD_4': 0.0, 'PD_3,PD_4': 0.5}, ASR: 1.25, TCB: {'PD_1': ['PD_3'], 'PD_2': ['PD_4'], 'PD_3': ['PD_4'], 'PD_4': ['PD_3']}, FR: {'PD_1,PD_2': inf, 'PD_1,PD_3': inf, 'PD_1,PD_4': inf, 'PD_2,PD_3': inf, 'PD_2,PD_4': inf, 'PD_3,PD_4': inf}
  Computing metrics...
    RSI: {'PD_1,PD_2': 0.0, 'PD_1,PD_3': 0.0, 'PD_1,PD_4': 0.0, 'PD_2,PD_3': 0.0, 'PD_2,PD_4': 0.0, 'PD_3,PD_4': 1.0}, ASR: 1.0, TCB: {'PD_1': ['PD_3'], 'PD_2': ['PD_4'], 'PD_3': ['PD_4'], 'PD_4': ['PD_3']}, FR: {'PD_1,PD_2': inf, 'PD_1,PD_3': inf, 'PD_1,PD_4': inf, 'PD_2,PD_3': inf, 'PD_2,PD_4': inf, 'PD_3,PD_4': inf}
  Computing metrics...
    RSI: {'PD_1,PD_2': 0.0, 'PD_1,PD_3': 0.0, 'PD_1,PD_4': 0.0, 'PD_2,PD_3': 0.0, 'PD_2,PD_4': 0.0, 'PD_3,PD_4': 0.5}, ASR: 1.25, TCB: {'PD_1': ['PD_3'], 'PD_2': ['PD_4'], 'PD_3': ['PD_4'], 'PD_4': ['PD_3']}, FR: {'PD_1,PD_2': inf, 'PD_1,PD_3': inf, 'PD_1,PD_4': inf, 'PD_2,PD_3': inf, 'PD_2,PD_4': inf, 'PD_3,PD_4': inf}
  Computing metrics...
    RSI: {'PD_1,PD_2': 0.0, 'PD_1,PD_3': 0.0, 'PD_1,PD_4': 0.0, 'PD_2,PD_3': 0.0, 'PD_2,PD_4': 0.0, 'PD_3,PD_4': 1.0}, ASR: 1.0, TCB: {'PD_1': ['PD_3'], 'PD_2': ['PD_4'], 'PD_3': ['PD_4'], 'PD_4': ['PD_3']}, FR: {'PD_1,PD_2': inf, 'PD_1,PD_3': inf, 'PD_1,PD_4': inf, 'PD_2,PD_3': inf, 'PD_2,PD_4': inf, 'PD_3,PD_4': inf}
  Computing metrics...
    RSI: {'PD_1,PD_2': 0.0, 'PD_1,PD_3': 0.0, 'PD_1,PD_4': 0.0, 'PD_2,PD_3': 0.0, 'PD_2,PD_4': 0.0, 'PD_3,PD_4': 0.5}, ASR: 1.25, TCB: {'PD_1': ['PD_3'], 'PD_2': ['PD_4'], 'PD_3': ['PD_4'], 'PD_4': ['PD_3']}, FR: {'PD_1,PD_2': inf, 'PD_1,PD_3': inf, 'PD_1,PD_4': inf, 'PD_2,PD_3': inf, 'PD_2,PD_4': inf, 'PD_3,PD_4': inf}
  Computing metrics...
    RSI: {'PD_1,PD_2': 0.0, 'PD_1,PD_3': 0.0, 'PD_1,PD_4': 0.0, 'PD_2,PD_3': 0.0, 'PD_2,PD_4': 0.0, 'PD_3,PD_4': 1.0}, ASR: 1.0, TCB: {'PD_1': ['PD_3'], 'PD_2': ['PD_4'], 'PD_3': ['PD_4'], 'PD_4': ['PD_3']}, FR: {'PD_1,PD_2': inf, 'PD_1,PD_3': inf, 'PD_1,PD_4': inf, 'PD_2,PD_3': inf, 'PD_2,PD_4': inf, 'PD_3,PD_4': inf}
  Computing metrics...
    RSI: {'PD_1,PD_2': 0.0, 'PD_1,PD_3': 0.0, 'PD_1,PD_4': 0.0, 'PD_2,PD_3': 0.0, 'PD_2,PD_4': 0.0, 'PD_3,PD_4': 0.5}, ASR: 1.25, TCB: {'PD_1': ['PD_3'], 'PD_2': ['PD_4'], 'PD_3': ['PD_4'], 'PD_4': ['PD_3']}, FR: {'PD_1,PD_2': inf, 'PD_1,PD_3': inf, 'PD_1,PD_4': inf, 'PD_2,PD_3': inf, 'PD_2,PD_4': inf, 'PD_3,PD_4': inf}
  Computing metrics...
    RSI: {'PD_1,PD_2': 0.0, 'PD_1,PD_3': 0.0, 'PD_1,PD_4': 0.0, 'PD_2,PD_3': 0.0, 'PD_2,PD_4': 0.0, 'PD_3,PD_4': 1.0}, ASR: 1.0, TCB: {'PD_1': ['PD_3'], 'PD_2': ['PD_4'], 'PD_3': ['PD_4'], 'PD_4': ['PD_3']}, FR: {'PD_1,PD_2': inf, 'PD_1,PD_3': inf, 'PD_1,PD_4': inf, 'PD_2,PD_3': inf, 'PD_2,PD_4': inf, 'PD_3,PD_4': inf}
  Computing metrics...
    RSI: {'PD_1,PD_2': 0.0, 'PD_1,PD_3': 0.0, 'PD_1,PD_4': 0.0, 'PD_2,PD_3': 0.0, 'PD_2,PD_4': 0.0, 'PD_3,PD_4': 0.5}, ASR: 1.25, TCB: {'PD_1': ['PD_3'], 'PD_2': ['PD_4'], 'PD_3': ['PD_4'], 'PD_4': ['PD_3']}, FR: {'PD_1,PD_2': inf, 'PD_1,PD_3': inf, 'PD_1,PD_4': inf, 'PD_2,PD_3': inf, 'PD_2,PD_4': inf, 'PD_3,PD_4': inf}
  Computing metrics...
    RSI: {'PD_1,PD_2': 0.0, 'PD_1,PD_3': 0.0, 'PD_1,PD_4': 0.0, 'PD_2,PD_3': 0.0, 'PD_2,PD_4': 0.0, 'PD_3,PD_4': 1.0}, ASR: 1.0, TCB: {'PD_1': ['PD_3'], 'PD_2': ['PD_4'], 'PD_3': ['PD_4'], 'PD_4': ['PD_3']}, FR: {'PD_1,PD_2': inf, 'PD_1,PD_3': inf, 'PD_1,PD_4': inf, 'PD_2,PD_3': inf, 'PD_2,PD_4': inf, 'PD_3,PD_4': inf}
  Computing metrics...
    RSI: {'PD_1,PD_2': 0.0, 'PD_1,PD_3': 0.0, 'PD_1,PD_4': 0.0, 'PD_2,PD_3': 0.0, 'PD_2,PD_4': 0.0, 'PD_3,PD_4': 1.0}, ASR: 1.0, TCB: {'PD_1': ['PD_3'], 'PD_2': ['PD_4'], 'PD_3': ['PD_4'], 'PD_4': ['PD_3']}, FR: {'PD_1,PD_2': inf, 'PD_1,PD_3': inf, 'PD_1,PD_4': inf, 'PD_2,PD_3': inf, 'PD_2,PD_4': inf, 'PD_3,PD_4': inf}
    remove_hold_edge candidate: remove PD_3 -> FILE_1_1 HOLD edge -> score: 0.150
  Computing metrics...
    RSI: {'PD_1,PD_2': 0.0, 'PD_1,PD_3': 0.0, 'PD_1,PD_4': 0.0, 'PD_2,PD_3': 0.0, 'PD_2,PD_4': 0.0, 'PD_3,PD_4': 1.0}, ASR: 1.0, TCB: {'PD_1': ['PD_3'], 'PD_2': ['PD_4'], 'PD_3': ['PD_4'], 'PD_4': ['PD_3']}, FR: {'PD_1,PD_2': inf, 'PD_1,PD_3': inf, 'PD_1,PD_4': inf, 'PD_2,PD_3': inf, 'PD_2,PD_4': inf, 'PD_3,PD_4': inf}
  Computing metrics...
    RSI: {'PD_1,PD_2': 0.0, 'PD_1,PD_3': 0.0, 'PD_1,PD_4': 0.0, 'PD_2,PD_3': 0.0, 'PD_2,PD_4': 0.0, 'PD_3,PD_4': 1.0}, ASR: 1.0, TCB: {'PD_1': ['PD_3'], 'PD_2': ['PD_4'], 'PD_3': ['PD_4'], 'PD_4': ['PD_3']}, FR: {'PD_1,PD_2': inf, 'PD_1,PD_3': inf, 'PD_1,PD_4': inf, 'PD_2,PD_3': inf, 'PD_2,PD_4': inf, 'PD_3,PD_4': inf}
    remove_hold_edge candidate: remove PD_4 -> FILE_1_1 HOLD edge -> score: 0.150
  Computing metrics...
    RSI: {'PD_1,PD_2': 0.0, 'PD_1,PD_3': 0.0, 'PD_1,PD_4': 0.0, 'PD_2,PD_3': 0.0, 'PD_2,PD_4': 0.0, 'PD_3,PD_4': 1.0}, ASR: 1.0, TCB: {'PD_1': ['PD_3'], 'PD_2': ['PD_4'], 'PD_3': ['PD_4'], 'PD_4': ['PD_3']}, FR: {'PD_1,PD_2': inf, 'PD_1,PD_3': inf, 'PD_1,PD_4': inf, 'PD_2,PD_3': inf, 'PD_2,PD_4': inf, 'PD_3,PD_4': inf}
  Computing metrics...
    RSI: {'PD_1,PD_2': 0.0, 'PD_1,PD_3': 0.0, 'PD_1,PD_4': 0.0, 'PD_2,PD_3': 0.0, 'PD_2,PD_4': 0.0, 'PD_3,PD_4': 1.0}, ASR: 1.25, TCB: {'PD_1': ['PD_3', 'PD_2'], 'PD_2': ['PD_4'], 'PD_3': ['PD_4'], 'PD_4': ['PD_3']}, FR: {'PD_1,PD_2': 3, 'PD_1,PD_3': inf, 'PD_1,PD_4': inf, 'PD_2,PD_3': inf, 'PD_2,PD_4': inf, 'PD_3,PD_4': inf}
  Computing metrics...
    RSI: {'PD_1,PD_2': 0.0, 'PD_1,PD_3': 0.0, 'PD_1,PD_4': 0.0, 'PD_2,PD_3': 0.0, 'PD_2,PD_4': 0.0, 'PD_3,PD_4': 1.0}, ASR: 1.0, TCB: {'PD_1': ['PD_3'], 'PD_2': ['PD_4'], 'PD_3': ['PD_4'], 'PD_4': ['PD_3']}, FR: {'PD_1,PD_2': inf, 'PD_1,PD_3': inf, 'PD_1,PD_4': inf, 'PD_2,PD_3': inf, 'PD_2,PD_4': inf, 'PD_3,PD_4': inf}
  Computing metrics...
    RSI: {'PD_1,PD_2': 0.0, 'PD_1,PD_3': 0.0, 'PD_1,PD_4': 0.0, 'PD_2,PD_3': 0.0, 'PD_2,PD_4': 0.0, 'PD_3,PD_4': 1.0}, ASR: 1.25, TCB: {'PD_1': ['PD_3', 'PD_4'], 'PD_2': ['PD_4'], 'PD_3': ['PD_4'], 'PD_4': ['PD_3']}, FR: {'PD_1,PD_2': 2, 'PD_1,PD_3': inf, 'PD_1,PD_4': inf, 'PD_2,PD_3': inf, 'PD_2,PD_4': inf, 'PD_3,PD_4': inf}
  Computing metrics...
    RSI: {'PD_1,PD_2': 0.0, 'PD_1,PD_3': 0.0, 'PD_1,PD_4': 0.0, 'PD_2,PD_3': 0.0, 'PD_2,PD_4': 0.0, 'PD_3,PD_4': 1.0}, ASR: 1.0, TCB: {'PD_1': ['PD_3'], 'PD_2': ['PD_4'], 'PD_3': ['PD_4'], 'PD_4': ['PD_3']}, FR: {'PD_1,PD_2': inf, 'PD_1,PD_3': inf, 'PD_1,PD_4': inf, 'PD_2,PD_3': inf, 'PD_2,PD_4': inf, 'PD_3,PD_4': inf}
  Computing metrics...
    RSI: {'PD_1,PD_2': 0.0, 'PD_1,PD_3': 0.0, 'PD_1,PD_4': 0.0, 'PD_2,PD_3': 0.0, 'PD_2,PD_4': 0.0, 'PD_3,PD_4': 1.0}, ASR: 1.25, TCB: {'PD_1': ['PD_3'], 'PD_2': ['PD_4', 'PD_1'], 'PD_3': ['PD_4'], 'PD_4': ['PD_3']}, FR: {'PD_1,PD_2': 3, 'PD_1,PD_3': inf, 'PD_1,PD_4': inf, 'PD_2,PD_3': inf, 'PD_2,PD_4': inf, 'PD_3,PD_4': inf}
  Computing metrics...
    RSI: {'PD_1,PD_2': 0.0, 'PD_1,PD_3': 0.0, 'PD_1,PD_4': 0.0, 'PD_2,PD_3': 0.0, 'PD_2,PD_4': 0.0, 'PD_3,PD_4': 1.0}, ASR: 1.0, TCB: {'PD_1': ['PD_3'], 'PD_2': ['PD_4'], 'PD_3': ['PD_4'], 'PD_4': ['PD_3']}, FR: {'PD_1,PD_2': inf, 'PD_1,PD_3': inf, 'PD_1,PD_4': inf, 'PD_2,PD_3': inf, 'PD_2,PD_4': inf, 'PD_3,PD_4': inf}
  Computing metrics...
    RSI: {'PD_1,PD_2': 0.0, 'PD_1,PD_3': 0.0, 'PD_1,PD_4': 0.0, 'PD_2,PD_3': 0.0, 'PD_2,PD_4': 0.0, 'PD_3,PD_4': 1.0}, ASR: 1.25, TCB: {'PD_1': ['PD_3'], 'PD_2': ['PD_4', 'PD_3'], 'PD_3': ['PD_4'], 'PD_4': ['PD_3']}, FR: {'PD_1,PD_2': 2, 'PD_1,PD_3': inf, 'PD_1,PD_4': inf, 'PD_2,PD_3': inf, 'PD_2,PD_4': inf, 'PD_3,PD_4': inf}
  Computing metrics...
    RSI: {'PD_1,PD_2': 0.0, 'PD_1,PD_3': 0.0, 'PD_1,PD_4': 0.0, 'PD_2,PD_3': 0.0, 'PD_2,PD_4': 0.0, 'PD_3,PD_4': 1.0}, ASR: 1.0, TCB: {'PD_1': ['PD_3'], 'PD_2': ['PD_4'], 'PD_3': ['PD_4'], 'PD_4': ['PD_3']}, FR: {'PD_1,PD_2': inf, 'PD_1,PD_3': inf, 'PD_1,PD_4': inf, 'PD_2,PD_3': inf, 'PD_2,PD_4': inf, 'PD_3,PD_4': inf}
  Computing metrics...
    RSI: {'PD_1,PD_2': 0.0, 'PD_1,PD_3': 0.0, 'PD_1,PD_4': 0.0, 'PD_2,PD_3': 0.0, 'PD_2,PD_4': 0.0, 'PD_3,PD_4': 1.0}, ASR: 1.25, TCB: {'PD_1': ['PD_3'], 'PD_2': ['PD_4'], 'PD_3': ['PD_1', 'PD_4'], 'PD_4': ['PD_3']}, FR: {'PD_1,PD_2': inf, 'PD_1,PD_3': inf, 'PD_1,PD_4': inf, 'PD_2,PD_3': inf, 'PD_2,PD_4': inf, 'PD_3,PD_4': inf}
  Computing metrics...
    RSI: {'PD_1,PD_2': 0.0, 'PD_1,PD_3': 0.0, 'PD_1,PD_4': 0.0, 'PD_2,PD_3': 0.0, 'PD_2,PD_4': 0.0, 'PD_3,PD_4': 1.0}, ASR: 1.0, TCB: {'PD_1': ['PD_3'], 'PD_2': ['PD_4'], 'PD_3': ['PD_4'], 'PD_4': ['PD_3']}, FR: {'PD_1,PD_2': inf, 'PD_1,PD_3': inf, 'PD_1,PD_4': inf, 'PD_2,PD_3': inf, 'PD_2,PD_4': inf, 'PD_3,PD_4': inf}
  Computing metrics...
    RSI: {'PD_1,PD_2': 0.0, 'PD_1,PD_3': 0.0, 'PD_1,PD_4': 0.0, 'PD_2,PD_3': 0.0, 'PD_2,PD_4': 0.0, 'PD_3,PD_4': 1.0}, ASR: 1.25, TCB: {'PD_1': ['PD_3'], 'PD_2': ['PD_4'], 'PD_3': ['PD_2', 'PD_4'], 'PD_4': ['PD_3']}, FR: {'PD_1,PD_2': 4, 'PD_1,PD_3': 3, 'PD_1,PD_4': inf, 'PD_2,PD_3': 3, 'PD_2,PD_4': inf, 'PD_3,PD_4': inf}
  Computing metrics...
    RSI: {'PD_1,PD_2': 0.0, 'PD_1,PD_3': 0.0, 'PD_1,PD_4': 0.0, 'PD_2,PD_3': 0.0, 'PD_2,PD_4': 0.0, 'PD_3,PD_4': 1.0}, ASR: 1.0, TCB: {'PD_1': ['PD_3'], 'PD_2': ['PD_4'], 'PD_3': ['PD_4'], 'PD_4': ['PD_3']}, FR: {'PD_1,PD_2': inf, 'PD_1,PD_3': inf, 'PD_1,PD_4': inf, 'PD_2,PD_3': inf, 'PD_2,PD_4': inf, 'PD_3,PD_4': inf}
  Computing metrics...
    RSI: {'PD_1,PD_2': 0.0, 'PD_1,PD_3': 0.0, 'PD_1,PD_4': 0.0, 'PD_2,PD_3': 0.0, 'PD_2,PD_4': 0.0, 'PD_3,PD_4': 1.0}, ASR: 1.25, TCB: {'PD_1': ['PD_3'], 'PD_2': ['PD_4'], 'PD_3': ['PD_4'], 'PD_4': ['PD_3']}, FR: {'PD_1,PD_2': 3, 'PD_1,PD_3': 3, 'PD_1,PD_4': inf, 'PD_2,PD_3': 2, 'PD_2,PD_4': inf, 'PD_3,PD_4': inf}
  Computing metrics...
    RSI: {'PD_1,PD_2': 0.0, 'PD_1,PD_3': 0.0, 'PD_1,PD_4': 0.0, 'PD_2,PD_3': 0.0, 'PD_2,PD_4': 0.0, 'PD_3,PD_4': 1.0}, ASR: 1.0, TCB: {'PD_1': ['PD_3'], 'PD_2': ['PD_4'], 'PD_3': ['PD_4'], 'PD_4': ['PD_3']}, FR: {'PD_1,PD_2': inf, 'PD_1,PD_3': inf, 'PD_1,PD_4': inf, 'PD_2,PD_3': inf, 'PD_2,PD_4': inf, 'PD_3,PD_4': inf}
  Computing metrics...
    RSI: {'PD_1,PD_2': 0.0, 'PD_1,PD_3': 0.0, 'PD_1,PD_4': 0.0, 'PD_2,PD_3': 0.0, 'PD_2,PD_4': 0.0, 'PD_3,PD_4': 1.0}, ASR: 1.25, TCB: {'PD_1': ['PD_3'], 'PD_2': ['PD_4'], 'PD_3': ['PD_4'], 'PD_4': ['PD_1', 'PD_3']}, FR: {'PD_1,PD_2': 4, 'PD_1,PD_3': inf, 'PD_1,PD_4': 3, 'PD_2,PD_3': inf, 'PD_2,PD_4': 3, 'PD_3,PD_4': inf}
  Computing metrics...
    RSI: {'PD_1,PD_2': 0.0, 'PD_1,PD_3': 0.0, 'PD_1,PD_4': 0.0, 'PD_2,PD_3': 0.0, 'PD_2,PD_4': 0.0, 'PD_3,PD_4': 1.0}, ASR: 1.0, TCB: {'PD_1': ['PD_3'], 'PD_2': ['PD_4'], 'PD_3': ['PD_4'], 'PD_4': ['PD_3']}, FR: {'PD_1,PD_2': inf, 'PD_1,PD_3': inf, 'PD_1,PD_4': inf, 'PD_2,PD_3': inf, 'PD_2,PD_4': inf, 'PD_3,PD_4': inf}
  Computing metrics...
    RSI: {'PD_1,PD_2': 0.0, 'PD_1,PD_3': 0.0, 'PD_1,PD_4': 0.0, 'PD_2,PD_3': 0.0, 'PD_2,PD_4': 0.0, 'PD_3,PD_4': 1.0}, ASR: 1.25, TCB: {'PD_1': ['PD_3'], 'PD_2': ['PD_4'], 'PD_3': ['PD_4'], 'PD_4': ['PD_2', 'PD_3']}, FR: {'PD_1,PD_2': inf, 'PD_1,PD_3': inf, 'PD_1,PD_4': inf, 'PD_2,PD_3': inf, 'PD_2,PD_4': inf, 'PD_3,PD_4': inf}
  Computing metrics...
    RSI: {'PD_1,PD_2': 0.0, 'PD_1,PD_3': 0.0, 'PD_1,PD_4': 0.0, 'PD_2,PD_3': 0.0, 'PD_2,PD_4': 0.0, 'PD_3,PD_4': 1.0}, ASR: 1.0, TCB: {'PD_1': ['PD_3'], 'PD_2': ['PD_4'], 'PD_3': ['PD_4'], 'PD_4': ['PD_3']}, FR: {'PD_1,PD_2': inf, 'PD_1,PD_3': inf, 'PD_1,PD_4': inf, 'PD_2,PD_3': inf, 'PD_2,PD_4': inf, 'PD_3,PD_4': inf}
  Computing metrics...
    RSI: {'PD_1,PD_2': 0.0, 'PD_1,PD_3': 0.0, 'PD_1,PD_4': 0.0, 'PD_2,PD_3': 0.0, 'PD_2,PD_4': 0.0, 'PD_3,PD_4': 1.0}, ASR: 1.25, TCB: {'PD_1': ['PD_3'], 'PD_2': ['PD_4'], 'PD_3': ['PD_4'], 'PD_4': ['PD_3']}, FR: {'PD_1,PD_2': 3, 'PD_1,PD_3': inf, 'PD_1,PD_4': 2, 'PD_2,PD_3': inf, 'PD_2,PD_4': 3, 'PD_3,PD_4': inf}
  Computing metrics...
    RSI: {'PD_1,PD_2': 0.0, 'PD_1,PD_3': 0.0, 'PD_1,PD_4': 0.0, 'PD_2,PD_3': 0.0, 'PD_2,PD_4': 0.0, 'PD_3,PD_4': 1.0}, ASR: 1.0, TCB: {'PD_1': ['PD_3'], 'PD_2': ['PD_4'], 'PD_3': ['PD_4'], 'PD_4': ['PD_3']}, FR: {'PD_1,PD_2': inf, 'PD_1,PD_3': inf, 'PD_1,PD_4': inf, 'PD_2,PD_3': inf, 'PD_2,PD_4': inf, 'PD_3,PD_4': inf}
  Computing metrics...
    RSI: {'PD_1,PD_2': 0.0, 'PD_1,PD_3': 0.0, 'PD_1,PD_4': 0.0, 'PD_2,PD_3': 0.0, 'PD_2,PD_4': 0.0, 'PD_3,PD_4': 1.0}, ASR: 1.0, TCB: {'PD_1': ['PD_3'], 'PD_2': ['PD_4'], 'PD_3': ['PD_4'], 'PD_4': ['PD_3']}, FR: {'PD_1,PD_2': inf, 'PD_1,PD_3': inf, 'PD_1,PD_4': inf, 'PD_2,PD_3': inf, 'PD_2,PD_4': inf, 'PD_3,PD_4': inf}
  Computing metrics...
    RSI: {'PD_1,PD_2': 0.0, 'PD_1,PD_3': 0.0, 'PD_1,PD_4': 0.0, 'PD_2,PD_3': 0.0, 'PD_2,PD_4': 0.0, 'PD_3,PD_4': 1.0}, ASR: 1.0, TCB: {'PD_1': ['PD_3'], 'PD_2': ['PD_4'], 'PD_3': ['PD_4'], 'PD_4': ['PD_3']}, FR: {'PD_1,PD_2': inf, 'PD_1,PD_3': inf, 'PD_1,PD_4': inf, 'PD_2,PD_3': inf, 'PD_2,PD_4': inf, 'PD_3,PD_4': inf}
  Computing metrics...
    RSI: {'PD_1,PD_2': 0.0, 'PD_1,PD_3': 0.0, 'PD_1,PD_4': 0.0, 'PD_2,PD_3': 0.0, 'PD_2,PD_4': 0.0, 'PD_3,PD_4': 1.0}, ASR: 1.0, TCB: {'PD_1': ['PD_3'], 'PD_2': ['PD_4'], 'PD_3': ['PD_4'], 'PD_4': ['PD_3']}, FR: {'PD_1,PD_2': inf, 'PD_1,PD_3': inf, 'PD_1,PD_4': inf, 'PD_2,PD_3': inf, 'PD_2,PD_4': inf, 'PD_3,PD_4': inf}
  Computing metrics...
    RSI: {'PD_1,PD_2': 0.0, 'PD_1,PD_3': 0.0, 'PD_1,PD_4': 0.0, 'PD_2,PD_3': 0.0, 'PD_2,PD_4': 0.0, 'PD_3,PD_4': 1.0}, ASR: 1.0, TCB: {'PD_1': ['PD_3'], 'PD_2': ['PD_4'], 'PD_3': ['PD_4'], 'PD_4': ['PD_3']}, FR: {'PD_1,PD_2': inf, 'PD_1,PD_3': inf, 'PD_1,PD_4': inf, 'PD_2,PD_3': inf, 'PD_2,PD_4': inf, 'PD_3,PD_4': inf}
  Computing metrics...
    RSI: {'PD_1,PD_2': 0.0, 'PD_1,PD_3': 0.0, 'PD_1,PD_4': 0.0, 'PD_2,PD_3': 0.0, 'PD_2,PD_4': 0.0, 'PD_3,PD_4': 1.0}, ASR: 1.0, TCB: {'PD_1': ['PD_3'], 'PD_2': ['PD_4'], 'PD_3': ['PD_4'], 'PD_4': ['PD_3']}, FR: {'PD_1,PD_2': inf, 'PD_1,PD_3': inf, 'PD_1,PD_4': inf, 'PD_2,PD_3': inf, 'PD_2,PD_4': inf, 'PD_3,PD_4': inf}
  Computing metrics...
    RSI: {'PD_1,PD_2': 0.0, 'PD_1,PD_3': 0.0, 'PD_1,PD_4': 0.0, 'PD_2,PD_3': 0.0, 'PD_2,PD_4': 0.0, 'PD_3,PD_4': 1.0}, ASR: 1.0, TCB: {'PD_1': ['PD_3'], 'PD_2': ['PD_4'], 'PD_3': ['PD_4'], 'PD_4': ['PD_3']}, FR: {'PD_1,PD_2': inf, 'PD_1,PD_3': inf, 'PD_1,PD_4': inf, 'PD_2,PD_3': inf, 'PD_2,PD_4': inf, 'PD_3,PD_4': inf}
  Computing metrics...
    RSI: {'PD_1,PD_2': 0.0, 'PD_1,PD_3': 0.0, 'PD_1,PD_4': 0.0, 'PD_2,PD_3': 0.0, 'PD_2,PD_4': 0.0, 'PD_3,PD_4': 1.0}, ASR: 1.0, TCB: {'PD_1': ['PD_3'], 'PD_2': ['PD_4'], 'PD_3': ['PD_4'], 'PD_4': ['PD_3']}, FR: {'PD_1,PD_2': inf, 'PD_1,PD_3': inf, 'PD_1,PD_4': inf, 'PD_2,PD_3': inf, 'PD_2,PD_4': inf, 'PD_3,PD_4': inf}
  Computing metrics...
    RSI: {'PD_1,PD_2': 0.0, 'PD_1,PD_3': 0.0, 'PD_1,PD_4': 0.0, 'PD_2,PD_3': 0.0, 'PD_2,PD_4': 0.0, 'PD_3,PD_4': 1.0}, ASR: 1.0, TCB: {'PD_1': ['PD_3'], 'PD_2': ['PD_4'], 'PD_3': ['PD_4'], 'PD_4': ['PD_3']}, FR: {'PD_1,PD_2': inf, 'PD_1,PD_3': inf, 'PD_1,PD_4': inf, 'PD_2,PD_3': inf, 'PD_2,PD_4': inf, 'PD_3,PD_4': inf}
  Computing metrics...
    RSI: {'PD_1,PD_2': 0.0, 'PD_1,PD_3': 0.0, 'PD_1,PD_4': 0.0, 'PD_2,PD_3': 0.0, 'PD_2,PD_4': 0.0, 'PD_3,PD_4': 1.0}, ASR: 1.0, TCB: {'PD_1': ['PD_3'], 'PD_2': ['PD_4'], 'PD_3': ['PD_4'], 'PD_4': ['PD_3']}, FR: {'PD_1,PD_2': inf, 'PD_1,PD_3': inf, 'PD_1,PD_4': inf, 'PD_2,PD_3': inf, 'PD_2,PD_4': inf, 'PD_3,PD_4': inf}
  Computing metrics...
    RSI: {'PD_1,PD_2': 0.0, 'PD_1,PD_3': 0.0, 'PD_1,PD_4': 0.0, 'PD_2,PD_3': 0.0, 'PD_2,PD_4': 0.0, 'PD_3,PD_4': 1.0}, ASR: 1.0, TCB: {'PD_1': ['PD_3'], 'PD_2': ['PD_4'], 'PD_3': ['PD_4'], 'PD_4': ['PD_3']}, FR: {'PD_1,PD_2': inf, 'PD_1,PD_3': inf, 'PD_1,PD_4': inf, 'PD_2,PD_3': inf, 'PD_2,PD_4': inf, 'PD_3,PD_4': inf}
  Computing metrics...
    RSI: {'PD_1,PD_2': 0.0, 'PD_1,PD_3': 0.0, 'PD_1,PD_4': 0.0, 'PD_2,PD_3': 0.0, 'PD_2,PD_4': 0.0, 'PD_3,PD_4': 1.0}, ASR: 1.0, TCB: {'PD_1': ['PD_3'], 'PD_2': ['PD_4'], 'PD_3': ['PD_4'], 'PD_4': ['PD_3']}, FR: {'PD_1,PD_2': inf, 'PD_1,PD_3': inf, 'PD_1,PD_4': inf, 'PD_2,PD_3': inf, 'PD_2,PD_4': inf, 'PD_3,PD_4': inf}
  Computing metrics...
    RSI: {'PD_1,PD_2': 0.0, 'PD_1,PD_3': 0.0, 'PD_1,PD_4': 0.0, 'PD_2,PD_3': 0.0, 'PD_2,PD_4': 0.0, 'PD_3,PD_4': 1.0}, ASR: 1.0, TCB: {'PD_1': ['PD_3'], 'PD_2': ['PD_4'], 'PD_3': ['PD_4'], 'PD_4': ['PD_3']}, FR: {'PD_1,PD_2': inf, 'PD_1,PD_3': inf, 'PD_1,PD_4': inf, 'PD_2,PD_3': inf, 'PD_2,PD_4': inf, 'PD_3,PD_4': inf}
  Computing metrics...
    RSI: {'PD_1,PD_2': 0.0, 'PD_1,PD_3': 0.0, 'PD_1,PD_4': 0.0, 'PD_2,PD_3': 0.0, 'PD_2,PD_4': 0.0, 'PD_3,PD_4': 1.0}, ASR: 1.0, TCB: {'PD_1': ['PD_3'], 'PD_2': ['PD_4'], 'PD_3': ['PD_4'], 'PD_4': ['PD_3']}, FR: {'PD_1,PD_2': inf, 'PD_1,PD_3': inf, 'PD_1,PD_4': inf, 'PD_2,PD_3': inf, 'PD_2,PD_4': inf, 'PD_3,PD_4': inf}
  🚫 Filtered out 0 'add_file_resource(create new CONFIG file in FILE_SPACE_1)' candidates (avoiding repetition)
  Trying best transition: primitive
    Target: add new protection domain to help resolve 2 constraint violation(s)
    Predicted improvement: 0.100
    Considered 48 other option(s):
      1. primitive: create new CONFIG file in FILE_SPACE_1 (improvement: 0.700)
      2. primitive: create new DATABASE file in FILE_SPACE_1 (improvement: 0.700)
      3. primitive: create new TEMP file in FILE_SPACE_1 (improvement: 0.700)
      4. primitive: create new LOG file in FILE_SPACE_1 (improvement: 0.700)
      5. primitive: add authority relationship: PD_1 -> PD_2 (improvement: 0.250)
      6. primitive: enable indirect access: PD_1 -> PD_4 (improvement: 0.250)
      7. primitive: add authority relationship: PD_2 -> PD_1 (improvement: 0.250)
      8. primitive: enable indirect access: PD_2 -> PD_3 (improvement: 0.250)
      9. primitive: add authority relationship: PD_3 -> PD_1 (improvement: 0.250)
      10. primitive: add authority relationship: PD_3 -> PD_2 (improvement: 0.250)
      ... and 38 more
    ✅ Applied add_pd
  📋 Generated 49 candidate(s)
  Computing metrics...
    RSI: {'PD_1,PD_2': 0.0, 'PD_1,PD_3': 0.0, 'PD_1,PD_4': 0.0, 'PD_2,PD_3': 0.0, 'PD_2,PD_4': 0.0, 'PD_3,PD_4': 1.0}, ASR: 1.0, TCB: {'PD_1': ['PD_3'], 'PD_2': ['PD_4'], 'PD_3': ['PD_4'], 'PD_4': ['PD_3']}, FR: {'PD_1,PD_2': inf, 'PD_1,PD_3': inf, 'PD_1,PD_4': inf, 'PD_2,PD_3': inf, 'PD_2,PD_4': inf, 'PD_3,PD_4': inf}
    ✅ Added candidate: add_file_resource (score: 0.700)
  Computing metrics...
    RSI: {'PD_1,PD_2': 0.0, 'PD_1,PD_3': 0.0, 'PD_1,PD_4': 0.0, 'PD_2,PD_3': 0.0, 'PD_2,PD_4': 0.0, 'PD_3,PD_4': 1.0}, ASR: 1.0, TCB: {'PD_1': ['PD_3'], 'PD_2': ['PD_4'], 'PD_3': ['PD_4'], 'PD_4': ['PD_3']}, FR: {'PD_1,PD_2': inf, 'PD_1,PD_3': inf, 'PD_1,PD_4': inf, 'PD_2,PD_3': inf, 'PD_2,PD_4': inf, 'PD_3,PD_4': inf}
    ✅ Added candidate: add_file_resource (score: 0.700)

📊 Next beam (3 states):
  Beam[0]: BeamState(iter=5, score=0.700, path=add_file_resource(create new CONFIG file in FILE_SPACE_1) → add_file_resource(create new CONFIG file in FILE_SPACE_1) → add_file_resource(create new CONFIG file in FILE_SPACE_1))
  Beam[1]: BeamState(iter=5, score=0.700, path=add_file_resource(create new CONFIG file in FILE_SPACE_1) → add_file_resource(create new CONFIG file in FILE_SPACE_1) → add_file_resource(create new DATABASE file in FILE_SPACE_1))
  Beam[2]: BeamState(iter=5, score=0.700, path=add_file_resource(create new CONFIG file in FILE_SPACE_1) → add_file_resource(create new DATABASE file in FILE_SPACE_1) → add_file_resource(create new CONFIG file in FILE_SPACE_1))
💡 Total candidates generated: 6
🎯 Mechanisms discovered so far: 0

============================================================
🔍 Beam Search Iteration 6/8
📊 Current beam size: 3
  Beam[0]: BeamState(iter=5, score=0.700, path=add_file_resource(create new CONFIG file in FILE_SPACE_1) → add_file_resource(create new CONFIG file in FILE_SPACE_1) → add_file_resource(create new CONFIG file in FILE_SPACE_1))
  Beam[1]: BeamState(iter=5, score=0.700, path=add_file_resource(create new CONFIG file in FILE_SPACE_1) → add_file_resource(create new CONFIG file in FILE_SPACE_1) → add_file_resource(create new DATABASE file in FILE_SPACE_1))
  Beam[2]: BeamState(iter=5, score=0.700, path=add_file_resource(create new CONFIG file in FILE_SPACE_1) → add_file_resource(create new DATABASE file in FILE_SPACE_1) → add_file_resource(create new CONFIG file in FILE_SPACE_1))

🌟 Expanding Beam[0] (score: 0.700)
  ⚠️  Constraints violated: PD_1 lacks access to any files; PD_2 lacks access to any files
  Computing metrics...
    RSI: {'PD_1,PD_2': 0.0, 'PD_1,PD_3': 0.0, 'PD_1,PD_4': 0.0, 'PD_2,PD_3': 0.0, 'PD_2,PD_4': 0.0, 'PD_3,PD_4': 1.0}, ASR: 1.0, TCB: {'PD_1': ['PD_3'], 'PD_2': ['PD_4'], 'PD_3': ['PD_4'], 'PD_4': ['PD_3']}, FR: {'PD_1,PD_2': inf, 'PD_1,PD_3': inf, 'PD_1,PD_4': inf, 'PD_2,PD_3': inf, 'PD_2,PD_4': inf, 'PD_3,PD_4': inf}
  Computing metrics...
    RSI: {'PD_1,PD_2': 0.0, 'PD_1,PD_3': 0.0, 'PD_1,PD_4': 0.0, 'PD_1,PD_5': 0.0, 'PD_2,PD_3': 0.0, 'PD_2,PD_4': 0.0, 'PD_2,PD_5': 0.0, 'PD_3,PD_4': 1.0, 'PD_3,PD_5': 0.0, 'PD_4,PD_5': 0.0}, ASR: 0.8, TCB: {'PD_1': ['PD_3'], 'PD_2': ['PD_4'], 'PD_3': ['PD_4'], 'PD_4': ['PD_3'], 'PD_5': []}, FR: {'PD_1,PD_2': inf, 'PD_1,PD_3': inf, 'PD_1,PD_4': inf, 'PD_1,PD_5': inf, 'PD_2,PD_3': inf, 'PD_2,PD_4': inf, 'PD_2,PD_5': inf, 'PD_3,PD_4': inf, 'PD_3,PD_5': inf, 'PD_4,PD_5': inf}
  Computing metrics...
    RSI: {'PD_1,PD_2': 0.0, 'PD_1,PD_3': 0.0, 'PD_1,PD_4': 0.0, 'PD_2,PD_3': 0.0, 'PD_2,PD_4': 0.0, 'PD_3,PD_4': 1.0}, ASR: 1.0, TCB: {'PD_1': ['PD_3'], 'PD_2': ['PD_4'], 'PD_3': ['PD_4'], 'PD_4': ['PD_3']}, FR: {'PD_1,PD_2': inf, 'PD_1,PD_3': inf, 'PD_1,PD_4': inf, 'PD_2,PD_3': inf, 'PD_2,PD_4': inf, 'PD_3,PD_4': inf}
  Computing metrics...
    RSI: {'PD_1,PD_2': 0.0, 'PD_1,PD_3': 0.0, 'PD_1,PD_4': 0.0, 'PD_2,PD_3': 0.0, 'PD_2,PD_4': 0.0, 'PD_3,PD_4': 1.0}, ASR: 1.0, TCB: {'PD_1': ['PD_3'], 'PD_2': ['PD_4'], 'PD_3': ['PD_4'], 'PD_4': ['PD_3']}, FR: {'PD_1,PD_2': inf, 'PD_1,PD_3': inf, 'PD_1,PD_4': inf, 'PD_2,PD_3': inf, 'PD_2,PD_4': inf, 'PD_3,PD_4': inf}
  Computing metrics...
    RSI: {'PD_1,PD_2': 0.0, 'PD_1,PD_3': 0.0, 'PD_1,PD_4': 0.0, 'PD_2,PD_3': 0.0, 'PD_2,PD_4': 0.0, 'PD_3,PD_4': 1.0}, ASR: 1.0, TCB: {'PD_1': ['PD_3'], 'PD_2': ['PD_4'], 'PD_3': ['PD_4'], 'PD_4': ['PD_3']}, FR: {'PD_1,PD_2': inf, 'PD_1,PD_3': inf, 'PD_1,PD_4': inf, 'PD_2,PD_3': inf, 'PD_2,PD_4': inf, 'PD_3,PD_4': inf}
  Computing metrics...
    RSI: {'PD_1,PD_2': 0.0, 'PD_1,PD_3': 0.0, 'PD_1,PD_4': 0.0, 'PD_2,PD_3': 0.0, 'PD_2,PD_4': 0.0, 'PD_3,PD_4': 1.0}, ASR: 1.0, TCB: {'PD_1': ['PD_3'], 'PD_2': ['PD_4'], 'PD_3': ['PD_4'], 'PD_4': ['PD_3']}, FR: {'PD_1,PD_2': inf, 'PD_1,PD_3': inf, 'PD_1,PD_4': inf, 'PD_2,PD_3': inf, 'PD_2,PD_4': inf, 'PD_3,PD_4': inf}
  Computing metrics...
    RSI: {'PD_1,PD_2': 0.0, 'PD_1,PD_3': 0.0, 'PD_1,PD_4': 0.0, 'PD_2,PD_3': 0.0, 'PD_2,PD_4': 0.0, 'PD_3,PD_4': 1.0}, ASR: 1.0, TCB: {'PD_1': ['PD_3'], 'PD_2': ['PD_4'], 'PD_3': ['PD_4'], 'PD_4': ['PD_3']}, FR: {'PD_1,PD_2': inf, 'PD_1,PD_3': inf, 'PD_1,PD_4': inf, 'PD_2,PD_3': inf, 'PD_2,PD_4': inf, 'PD_3,PD_4': inf}
  Computing metrics...
    RSI: {'PD_1,PD_2': 0.0, 'PD_1,PD_3': 0.0, 'PD_1,PD_4': 0.0, 'PD_2,PD_3': 0.0, 'PD_2,PD_4': 0.0, 'PD_3,PD_4': 1.0}, ASR: 1.0, TCB: {'PD_1': ['PD_3'], 'PD_2': ['PD_4'], 'PD_3': ['PD_4'], 'PD_4': ['PD_3']}, FR: {'PD_1,PD_2': inf, 'PD_1,PD_3': inf, 'PD_1,PD_4': inf, 'PD_2,PD_3': inf, 'PD_2,PD_4': inf, 'PD_3,PD_4': inf}
  Computing metrics...
    RSI: {'PD_1,PD_2': 0.0, 'PD_1,PD_3': 0.0, 'PD_1,PD_4': 0.0, 'PD_2,PD_3': 0.0, 'PD_2,PD_4': 0.0, 'PD_3,PD_4': 1.0}, ASR: 1.0, TCB: {'PD_1': ['PD_3'], 'PD_2': ['PD_4'], 'PD_3': ['PD_4'], 'PD_4': ['PD_3']}, FR: {'PD_1,PD_2': inf, 'PD_1,PD_3': inf, 'PD_1,PD_4': inf, 'PD_2,PD_3': inf, 'PD_2,PD_4': inf, 'PD_3,PD_4': inf}
  Computing metrics...
    RSI: {'PD_1,PD_2': 0.0, 'PD_1,PD_3': 0.0, 'PD_1,PD_4': 0.0, 'PD_2,PD_3': 0.0, 'PD_2,PD_4': 0.0, 'PD_3,PD_4': 1.0}, ASR: 1.0, TCB: {'PD_1': ['PD_3'], 'PD_2': ['PD_4'], 'PD_3': ['PD_4'], 'PD_4': ['PD_3']}, FR: {'PD_1,PD_2': inf, 'PD_1,PD_3': inf, 'PD_1,PD_4': inf, 'PD_2,PD_3': inf, 'PD_2,PD_4': inf, 'PD_3,PD_4': inf}
  Computing metrics...
    RSI: {'PD_1,PD_2': 0.0, 'PD_1,PD_3': 0.0, 'PD_1,PD_4': 0.0, 'PD_2,PD_3': 0.0, 'PD_2,PD_4': 0.0, 'PD_3,PD_4': 1.0}, ASR: 1.0, TCB: {'PD_1': ['PD_3'], 'PD_2': ['PD_4'], 'PD_3': ['PD_4'], 'PD_4': ['PD_3']}, FR: {'PD_1,PD_2': inf, 'PD_1,PD_3': inf, 'PD_1,PD_4': inf, 'PD_2,PD_3': inf, 'PD_2,PD_4': inf, 'PD_3,PD_4': inf}
  Computing metrics...
    RSI: {'PD_1,PD_2': 0.0, 'PD_1,PD_3': 0.0, 'PD_1,PD_4': 0.0, 'PD_2,PD_3': 0.0, 'PD_2,PD_4': 0.0, 'PD_3,PD_4': 1.0}, ASR: 1.0, TCB: {'PD_1': ['PD_3'], 'PD_2': ['PD_4'], 'PD_3': ['PD_4'], 'PD_4': ['PD_3']}, FR: {'PD_1,PD_2': inf, 'PD_1,PD_3': inf, 'PD_1,PD_4': inf, 'PD_2,PD_3': inf, 'PD_2,PD_4': inf, 'PD_3,PD_4': inf}
  Computing metrics...
    RSI: {'PD_1,PD_2': 0.0, 'PD_1,PD_3': 0.0, 'PD_1,PD_4': 0.0, 'PD_2,PD_3': 0.0, 'PD_2,PD_4': 0.0, 'PD_3,PD_4': 1.0}, ASR: 1.0, TCB: {'PD_1': ['PD_3'], 'PD_2': ['PD_4'], 'PD_3': ['PD_4'], 'PD_4': ['PD_3']}, FR: {'PD_1,PD_2': inf, 'PD_1,PD_3': inf, 'PD_1,PD_4': inf, 'PD_2,PD_3': inf, 'PD_2,PD_4': inf, 'PD_3,PD_4': inf}
  Computing metrics...
    RSI: {'PD_1,PD_2': 0.0, 'PD_1,PD_3': 0.0, 'PD_1,PD_4': 0.0, 'PD_2,PD_3': 0.0, 'PD_2,PD_4': 0.0, 'PD_3,PD_4': 1.0}, ASR: 1.0, TCB: {'PD_1': ['PD_3'], 'PD_2': ['PD_4'], 'PD_3': ['PD_4'], 'PD_4': ['PD_3']}, FR: {'PD_1,PD_2': inf, 'PD_1,PD_3': inf, 'PD_1,PD_4': inf, 'PD_2,PD_3': inf, 'PD_2,PD_4': inf, 'PD_3,PD_4': inf}
  Computing metrics...
    RSI: {'PD_1,PD_2': 0.0, 'PD_1,PD_3': 0.0, 'PD_1,PD_4': 0.0, 'PD_2,PD_3': 0.0, 'PD_2,PD_4': 0.0, 'PD_3,PD_4': 1.0}, ASR: 1.0, TCB: {'PD_1': ['PD_3'], 'PD_2': ['PD_4'], 'PD_3': ['PD_4'], 'PD_4': ['PD_3']}, FR: {'PD_1,PD_2': inf, 'PD_1,PD_3': inf, 'PD_1,PD_4': inf, 'PD_2,PD_3': inf, 'PD_2,PD_4': inf, 'PD_3,PD_4': inf}
  Computing metrics...
    RSI: {'PD_1,PD_2': 0.0, 'PD_1,PD_3': 0.0, 'PD_1,PD_4': 0.0, 'PD_2,PD_3': 0.0, 'PD_2,PD_4': 0.0, 'PD_3,PD_4': 1.0}, ASR: 1.0, TCB: {'PD_1': ['PD_3'], 'PD_2': ['PD_4'], 'PD_3': ['PD_4'], 'PD_4': ['PD_3']}, FR: {'PD_1,PD_2': inf, 'PD_1,PD_3': inf, 'PD_1,PD_4': inf, 'PD_2,PD_3': inf, 'PD_2,PD_4': inf, 'PD_3,PD_4': inf}
  Computing metrics...
    RSI: {'PD_1,PD_2': 0.0, 'PD_1,PD_3': 0.0, 'PD_1,PD_4': 0.0, 'PD_2,PD_3': 0.0, 'PD_2,PD_4': 0.0, 'PD_3,PD_4': 1.0}, ASR: 1.0, TCB: {'PD_1': ['PD_3'], 'PD_2': ['PD_4'], 'PD_3': ['PD_4'], 'PD_4': ['PD_3']}, FR: {'PD_1,PD_2': inf, 'PD_1,PD_3': inf, 'PD_1,PD_4': inf, 'PD_2,PD_3': inf, 'PD_2,PD_4': inf, 'PD_3,PD_4': inf}
  Computing metrics...
    RSI: {'PD_1,PD_2': 0.0, 'PD_1,PD_3': 0.0, 'PD_1,PD_4': 0.0, 'PD_2,PD_3': 0.0, 'PD_2,PD_4': 0.0, 'PD_3,PD_4': 1.0}, ASR: 1.0, TCB: {'PD_1': ['PD_3'], 'PD_2': ['PD_4'], 'PD_3': ['PD_4'], 'PD_4': ['PD_3']}, FR: {'PD_1,PD_2': inf, 'PD_1,PD_3': inf, 'PD_1,PD_4': inf, 'PD_2,PD_3': inf, 'PD_2,PD_4': inf, 'PD_3,PD_4': inf}
  Computing metrics...
    RSI: {'PD_1,PD_2': 0.0, 'PD_1,PD_3': 0.0, 'PD_1,PD_4': 0.0, 'PD_2,PD_3': 0.0, 'PD_2,PD_4': 0.0, 'PD_3,PD_4': 1.0}, ASR: 1.0, TCB: {'PD_1': ['PD_3'], 'PD_2': ['PD_4'], 'PD_3': ['PD_4'], 'PD_4': ['PD_3']}, FR: {'PD_1,PD_2': inf, 'PD_1,PD_3': inf, 'PD_1,PD_4': inf, 'PD_2,PD_3': inf, 'PD_2,PD_4': inf, 'PD_3,PD_4': inf}
  Computing metrics...
    RSI: {'PD_1,PD_2': 0.0, 'PD_1,PD_3': 0.0, 'PD_1,PD_4': 0.0, 'PD_2,PD_3': 0.0, 'PD_2,PD_4': 0.0, 'PD_3,PD_4': 1.0}, ASR: 1.0, TCB: {'PD_1': ['PD_3'], 'PD_2': ['PD_4'], 'PD_3': ['PD_4'], 'PD_4': ['PD_3']}, FR: {'PD_1,PD_2': inf, 'PD_1,PD_3': inf, 'PD_1,PD_4': inf, 'PD_2,PD_3': inf, 'PD_2,PD_4': inf, 'PD_3,PD_4': inf}
  Computing metrics...
    RSI: {'PD_1,PD_2': 0.0, 'PD_1,PD_3': 0.0, 'PD_1,PD_4': 0.0, 'PD_2,PD_3': 0.0, 'PD_2,PD_4': 0.0, 'PD_3,PD_4': 1.0}, ASR: 1.0, TCB: {'PD_1': ['PD_3'], 'PD_2': ['PD_4'], 'PD_3': ['PD_4'], 'PD_4': ['PD_3']}, FR: {'PD_1,PD_2': inf, 'PD_1,PD_3': inf, 'PD_1,PD_4': inf, 'PD_2,PD_3': inf, 'PD_2,PD_4': inf, 'PD_3,PD_4': inf}
  Computing metrics...
    RSI: {'PD_1,PD_2': 0.0, 'PD_1,PD_3': 0.0, 'PD_1,PD_4': 0.0, 'PD_2,PD_3': 0.0, 'PD_2,PD_4': 0.0, 'PD_3,PD_4': 1.0}, ASR: 1.0, TCB: {'PD_1': ['PD_3'], 'PD_2': ['PD_4'], 'PD_3': ['PD_4'], 'PD_4': ['PD_3']}, FR: {'PD_1,PD_2': inf, 'PD_1,PD_3': inf, 'PD_1,PD_4': inf, 'PD_2,PD_3': inf, 'PD_2,PD_4': inf, 'PD_3,PD_4': inf}
  Computing metrics...
    RSI: {'PD_1,PD_2': 0.0, 'PD_1,PD_3': 0.0, 'PD_1,PD_4': 0.0, 'PD_2,PD_3': 0.0, 'PD_2,PD_4': 0.0, 'PD_3,PD_4': 1.0}, ASR: 1.0, TCB: {'PD_1': ['PD_3'], 'PD_2': ['PD_4'], 'PD_3': ['PD_4'], 'PD_4': ['PD_3']}, FR: {'PD_1,PD_2': inf, 'PD_1,PD_3': inf, 'PD_1,PD_4': inf, 'PD_2,PD_3': inf, 'PD_2,PD_4': inf, 'PD_3,PD_4': inf}
  Computing metrics...
    RSI: {'PD_1,PD_2': 0.0, 'PD_1,PD_3': 0.0, 'PD_1,PD_4': 0.0, 'PD_2,PD_3': 0.0, 'PD_2,PD_4': 0.0, 'PD_3,PD_4': 1.0}, ASR: 1.0, TCB: {'PD_1': ['PD_3'], 'PD_2': ['PD_4'], 'PD_3': ['PD_4'], 'PD_4': ['PD_3']}, FR: {'PD_1,PD_2': inf, 'PD_1,PD_3': inf, 'PD_1,PD_4': inf, 'PD_2,PD_3': inf, 'PD_2,PD_4': inf, 'PD_3,PD_4': inf}
  Computing metrics...
    RSI: {'PD_1,PD_2': 0.0, 'PD_1,PD_3': 0.0, 'PD_1,PD_4': 0.0, 'PD_2,PD_3': 0.0, 'PD_2,PD_4': 0.0, 'PD_3,PD_4': 1.0}, ASR: 1.0, TCB: {'PD_1': ['PD_3'], 'PD_2': ['PD_4'], 'PD_3': ['PD_4'], 'PD_4': ['PD_3']}, FR: {'PD_1,PD_2': inf, 'PD_1,PD_3': inf, 'PD_1,PD_4': inf, 'PD_2,PD_3': inf, 'PD_2,PD_4': inf, 'PD_3,PD_4': inf}
  Computing metrics...
    RSI: {'PD_1,PD_2': 0.0, 'PD_1,PD_3': 0.0, 'PD_1,PD_4': 0.0, 'PD_2,PD_3': 0.0, 'PD_2,PD_4': 0.0, 'PD_3,PD_4': 1.0}, ASR: 1.0, TCB: {'PD_1': ['PD_3'], 'PD_2': ['PD_4'], 'PD_3': ['PD_4'], 'PD_4': ['PD_3']}, FR: {'PD_1,PD_2': inf, 'PD_1,PD_3': inf, 'PD_1,PD_4': inf, 'PD_2,PD_3': inf, 'PD_2,PD_4': inf, 'PD_3,PD_4': inf}
  Computing metrics...
    RSI: {'PD_1,PD_2': 0.0, 'PD_1,PD_3': 0.0, 'PD_1,PD_4': 0.0, 'PD_2,PD_3': 0.0, 'PD_2,PD_4': 0.0, 'PD_3,PD_4': 1.0}, ASR: 1.0, TCB: {'PD_1': ['PD_3'], 'PD_2': ['PD_4'], 'PD_3': ['PD_4'], 'PD_4': ['PD_3']}, FR: {'PD_1,PD_2': inf, 'PD_1,PD_3': inf, 'PD_1,PD_4': inf, 'PD_2,PD_3': inf, 'PD_2,PD_4': inf, 'PD_3,PD_4': inf}
  Computing metrics...
    RSI: {'PD_1,PD_2': 0.0, 'PD_1,PD_3': 1.0, 'PD_1,PD_4': 1.0, 'PD_2,PD_3': 0.0, 'PD_2,PD_4': 0.0, 'PD_3,PD_4': 1.0}, ASR: 1.25, TCB: {'PD_1': ['PD_3', 'PD_4'], 'PD_2': ['PD_4'], 'PD_3': ['PD_1', 'PD_4'], 'PD_4': ['PD_1', 'PD_3']}, FR: {'PD_1,PD_2': inf, 'PD_1,PD_3': inf, 'PD_1,PD_4': inf, 'PD_2,PD_3': inf, 'PD_2,PD_4': inf, 'PD_3,PD_4': inf}
  Computing metrics...
    RSI: {'PD_1,PD_2': 0.0, 'PD_1,PD_3': 0.0, 'PD_1,PD_4': 0.0, 'PD_2,PD_3': 0.0, 'PD_2,PD_4': 0.0, 'PD_3,PD_4': 1.0}, ASR: 1.0, TCB: {'PD_1': ['PD_3'], 'PD_2': ['PD_4'], 'PD_3': ['PD_4'], 'PD_4': ['PD_3']}, FR: {'PD_1,PD_2': inf, 'PD_1,PD_3': inf, 'PD_1,PD_4': inf, 'PD_2,PD_3': inf, 'PD_2,PD_4': inf, 'PD_3,PD_4': inf}
  Computing metrics...
    RSI: {'PD_1,PD_2': 0.0, 'PD_1,PD_3': 0.0, 'PD_1,PD_4': 0.0, 'PD_2,PD_3': 0.0, 'PD_2,PD_4': 0.0, 'PD_3,PD_4': 1.0}, ASR: 1.25, TCB: {'PD_1': ['PD_3'], 'PD_2': ['PD_4'], 'PD_3': ['PD_4'], 'PD_4': ['PD_3']}, FR: {'PD_1,PD_2': inf, 'PD_1,PD_3': inf, 'PD_1,PD_4': inf, 'PD_2,PD_3': inf, 'PD_2,PD_4': inf, 'PD_3,PD_4': inf}
  Computing metrics...
    RSI: {'PD_1,PD_2': 0.0, 'PD_1,PD_3': 0.0, 'PD_1,PD_4': 0.0, 'PD_2,PD_3': 0.0, 'PD_2,PD_4': 0.0, 'PD_3,PD_4': 1.0}, ASR: 1.0, TCB: {'PD_1': ['PD_3'], 'PD_2': ['PD_4'], 'PD_3': ['PD_4'], 'PD_4': ['PD_3']}, FR: {'PD_1,PD_2': inf, 'PD_1,PD_3': inf, 'PD_1,PD_4': inf, 'PD_2,PD_3': inf, 'PD_2,PD_4': inf, 'PD_3,PD_4': inf}
  Computing metrics...
    RSI: {'PD_1,PD_2': 0.0, 'PD_1,PD_3': 0.0, 'PD_1,PD_4': 0.0, 'PD_2,PD_3': 0.0, 'PD_2,PD_4': 0.0, 'PD_3,PD_4': 1.0}, ASR: 1.25, TCB: {'PD_1': ['PD_3'], 'PD_2': ['PD_4'], 'PD_3': ['PD_4'], 'PD_4': ['PD_3']}, FR: {'PD_1,PD_2': inf, 'PD_1,PD_3': inf, 'PD_1,PD_4': inf, 'PD_2,PD_3': inf, 'PD_2,PD_4': inf, 'PD_3,PD_4': inf}
  Computing metrics...
    RSI: {'PD_1,PD_2': 0.0, 'PD_1,PD_3': 0.0, 'PD_1,PD_4': 0.0, 'PD_2,PD_3': 0.0, 'PD_2,PD_4': 0.0, 'PD_3,PD_4': 1.0}, ASR: 1.0, TCB: {'PD_1': ['PD_3'], 'PD_2': ['PD_4'], 'PD_3': ['PD_4'], 'PD_4': ['PD_3']}, FR: {'PD_1,PD_2': inf, 'PD_1,PD_3': inf, 'PD_1,PD_4': inf, 'PD_2,PD_3': inf, 'PD_2,PD_4': inf, 'PD_3,PD_4': inf}
  Computing metrics...
    RSI: {'PD_1,PD_2': 0.0, 'PD_1,PD_3': 0.0, 'PD_1,PD_4': 0.0, 'PD_2,PD_3': 0.0, 'PD_2,PD_4': 0.0, 'PD_3,PD_4': 1.0}, ASR: 1.25, TCB: {'PD_1': ['PD_3'], 'PD_2': ['PD_4'], 'PD_3': ['PD_4'], 'PD_4': ['PD_3']}, FR: {'PD_1,PD_2': inf, 'PD_1,PD_3': inf, 'PD_1,PD_4': inf, 'PD_2,PD_3': inf, 'PD_2,PD_4': inf, 'PD_3,PD_4': inf}
  Computing metrics...
    RSI: {'PD_1,PD_2': 0.0, 'PD_1,PD_3': 0.0, 'PD_1,PD_4': 0.0, 'PD_2,PD_3': 0.0, 'PD_2,PD_4': 0.0, 'PD_3,PD_4': 1.0}, ASR: 1.0, TCB: {'PD_1': ['PD_3'], 'PD_2': ['PD_4'], 'PD_3': ['PD_4'], 'PD_4': ['PD_3']}, FR: {'PD_1,PD_2': inf, 'PD_1,PD_3': inf, 'PD_1,PD_4': inf, 'PD_2,PD_3': inf, 'PD_2,PD_4': inf, 'PD_3,PD_4': inf}
  Computing metrics...
    RSI: {'PD_1,PD_2': 0.0, 'PD_1,PD_3': 0.0, 'PD_1,PD_4': 0.0, 'PD_2,PD_3': 0.0, 'PD_2,PD_4': 0.0, 'PD_3,PD_4': 1.0}, ASR: 1.25, TCB: {'PD_1': ['PD_3'], 'PD_2': ['PD_4'], 'PD_3': ['PD_4'], 'PD_4': ['PD_3']}, FR: {'PD_1,PD_2': inf, 'PD_1,PD_3': inf, 'PD_1,PD_4': inf, 'PD_2,PD_3': inf, 'PD_2,PD_4': inf, 'PD_3,PD_4': inf}
  Computing metrics...
    RSI: {'PD_1,PD_2': 0.0, 'PD_1,PD_3': 0.0, 'PD_1,PD_4': 0.0, 'PD_2,PD_3': 0.0, 'PD_2,PD_4': 0.0, 'PD_3,PD_4': 1.0}, ASR: 1.0, TCB: {'PD_1': ['PD_3'], 'PD_2': ['PD_4'], 'PD_3': ['PD_4'], 'PD_4': ['PD_3']}, FR: {'PD_1,PD_2': inf, 'PD_1,PD_3': inf, 'PD_1,PD_4': inf, 'PD_2,PD_3': inf, 'PD_2,PD_4': inf, 'PD_3,PD_4': inf}
  Computing metrics...
    RSI: {'PD_1,PD_2': 0.0, 'PD_1,PD_3': 0.0, 'PD_1,PD_4': 0.0, 'PD_2,PD_3': 0.0, 'PD_2,PD_4': 0.0, 'PD_3,PD_4': 1.0}, ASR: 1.25, TCB: {'PD_1': ['PD_3'], 'PD_2': ['PD_4'], 'PD_3': ['PD_4'], 'PD_4': ['PD_3']}, FR: {'PD_1,PD_2': inf, 'PD_1,PD_3': inf, 'PD_1,PD_4': inf, 'PD_2,PD_3': inf, 'PD_2,PD_4': inf, 'PD_3,PD_4': inf}
  Computing metrics...
    RSI: {'PD_1,PD_2': 0.0, 'PD_1,PD_3': 0.0, 'PD_1,PD_4': 0.0, 'PD_2,PD_3': 0.0, 'PD_2,PD_4': 0.0, 'PD_3,PD_4': 1.0}, ASR: 1.0, TCB: {'PD_1': ['PD_3'], 'PD_2': ['PD_4'], 'PD_3': ['PD_4'], 'PD_4': ['PD_3']}, FR: {'PD_1,PD_2': inf, 'PD_1,PD_3': inf, 'PD_1,PD_4': inf, 'PD_2,PD_3': inf, 'PD_2,PD_4': inf, 'PD_3,PD_4': inf}
  Computing metrics...
    RSI: {'PD_1,PD_2': 0.0, 'PD_1,PD_3': 0.0, 'PD_1,PD_4': 0.0, 'PD_2,PD_3': 1.0, 'PD_2,PD_4': 1.0, 'PD_3,PD_4': 1.0}, ASR: 1.25, TCB: {'PD_1': ['PD_3'], 'PD_2': ['PD_4', 'PD_3'], 'PD_3': ['PD_2', 'PD_4'], 'PD_4': ['PD_2', 'PD_3']}, FR: {'PD_1,PD_2': inf, 'PD_1,PD_3': inf, 'PD_1,PD_4': inf, 'PD_2,PD_3': inf, 'PD_2,PD_4': inf, 'PD_3,PD_4': inf}
  Computing metrics...
    RSI: {'PD_1,PD_2': 0.0, 'PD_1,PD_3': 0.0, 'PD_1,PD_4': 0.0, 'PD_2,PD_3': 0.0, 'PD_2,PD_4': 0.0, 'PD_3,PD_4': 1.0}, ASR: 1.0, TCB: {'PD_1': ['PD_3'], 'PD_2': ['PD_4'], 'PD_3': ['PD_4'], 'PD_4': ['PD_3']}, FR: {'PD_1,PD_2': inf, 'PD_1,PD_3': inf, 'PD_1,PD_4': inf, 'PD_2,PD_3': inf, 'PD_2,PD_4': inf, 'PD_3,PD_4': inf}
  Computing metrics...
    RSI: {'PD_1,PD_2': 0.0, 'PD_1,PD_3': 0.0, 'PD_1,PD_4': 0.0, 'PD_2,PD_3': 0.0, 'PD_2,PD_4': 0.0, 'PD_3,PD_4': 1.0}, ASR: 1.25, TCB: {'PD_1': ['PD_3'], 'PD_2': ['PD_4'], 'PD_3': ['PD_4'], 'PD_4': ['PD_3']}, FR: {'PD_1,PD_2': inf, 'PD_1,PD_3': inf, 'PD_1,PD_4': inf, 'PD_2,PD_3': inf, 'PD_2,PD_4': inf, 'PD_3,PD_4': inf}
  Computing metrics...
    RSI: {'PD_1,PD_2': 0.0, 'PD_1,PD_3': 0.0, 'PD_1,PD_4': 0.0, 'PD_2,PD_3': 0.0, 'PD_2,PD_4': 0.0, 'PD_3,PD_4': 1.0}, ASR: 1.0, TCB: {'PD_1': ['PD_3'], 'PD_2': ['PD_4'], 'PD_3': ['PD_4'], 'PD_4': ['PD_3']}, FR: {'PD_1,PD_2': inf, 'PD_1,PD_3': inf, 'PD_1,PD_4': inf, 'PD_2,PD_3': inf, 'PD_2,PD_4': inf, 'PD_3,PD_4': inf}
  Computing metrics...
    RSI: {'PD_1,PD_2': 0.0, 'PD_1,PD_3': 0.0, 'PD_1,PD_4': 0.0, 'PD_2,PD_3': 0.0, 'PD_2,PD_4': 0.0, 'PD_3,PD_4': 1.0}, ASR: 1.25, TCB: {'PD_1': ['PD_3'], 'PD_2': ['PD_4'], 'PD_3': ['PD_4'], 'PD_4': ['PD_3']}, FR: {'PD_1,PD_2': inf, 'PD_1,PD_3': inf, 'PD_1,PD_4': inf, 'PD_2,PD_3': inf, 'PD_2,PD_4': inf, 'PD_3,PD_4': inf}
  Computing metrics...
    RSI: {'PD_1,PD_2': 0.0, 'PD_1,PD_3': 0.0, 'PD_1,PD_4': 0.0, 'PD_2,PD_3': 0.0, 'PD_2,PD_4': 0.0, 'PD_3,PD_4': 1.0}, ASR: 1.0, TCB: {'PD_1': ['PD_3'], 'PD_2': ['PD_4'], 'PD_3': ['PD_4'], 'PD_4': ['PD_3']}, FR: {'PD_1,PD_2': inf, 'PD_1,PD_3': inf, 'PD_1,PD_4': inf, 'PD_2,PD_3': inf, 'PD_2,PD_4': inf, 'PD_3,PD_4': inf}
  Computing metrics...
    RSI: {'PD_1,PD_2': 0.0, 'PD_1,PD_3': 0.0, 'PD_1,PD_4': 0.0, 'PD_2,PD_3': 0.0, 'PD_2,PD_4': 0.0, 'PD_3,PD_4': 1.0}, ASR: 1.25, TCB: {'PD_1': ['PD_3'], 'PD_2': ['PD_4'], 'PD_3': ['PD_4'], 'PD_4': ['PD_3']}, FR: {'PD_1,PD_2': inf, 'PD_1,PD_3': inf, 'PD_1,PD_4': inf, 'PD_2,PD_3': inf, 'PD_2,PD_4': inf, 'PD_3,PD_4': inf}
  Computing metrics...
    RSI: {'PD_1,PD_2': 0.0, 'PD_1,PD_3': 0.0, 'PD_1,PD_4': 0.0, 'PD_2,PD_3': 0.0, 'PD_2,PD_4': 0.0, 'PD_3,PD_4': 1.0}, ASR: 1.0, TCB: {'PD_1': ['PD_3'], 'PD_2': ['PD_4'], 'PD_3': ['PD_4'], 'PD_4': ['PD_3']}, FR: {'PD_1,PD_2': inf, 'PD_1,PD_3': inf, 'PD_1,PD_4': inf, 'PD_2,PD_3': inf, 'PD_2,PD_4': inf, 'PD_3,PD_4': inf}
  Computing metrics...
    RSI: {'PD_1,PD_2': 0.0, 'PD_1,PD_3': 0.0, 'PD_1,PD_4': 0.0, 'PD_2,PD_3': 0.0, 'PD_2,PD_4': 0.0, 'PD_3,PD_4': 1.0}, ASR: 1.25, TCB: {'PD_1': ['PD_3'], 'PD_2': ['PD_4'], 'PD_3': ['PD_4'], 'PD_4': ['PD_3']}, FR: {'PD_1,PD_2': inf, 'PD_1,PD_3': inf, 'PD_1,PD_4': inf, 'PD_2,PD_3': inf, 'PD_2,PD_4': inf, 'PD_3,PD_4': inf}
  Computing metrics...
    RSI: {'PD_1,PD_2': 0.0, 'PD_1,PD_3': 0.0, 'PD_1,PD_4': 0.0, 'PD_2,PD_3': 0.0, 'PD_2,PD_4': 0.0, 'PD_3,PD_4': 1.0}, ASR: 1.0, TCB: {'PD_1': ['PD_3'], 'PD_2': ['PD_4'], 'PD_3': ['PD_4'], 'PD_4': ['PD_3']}, FR: {'PD_1,PD_2': inf, 'PD_1,PD_3': inf, 'PD_1,PD_4': inf, 'PD_2,PD_3': inf, 'PD_2,PD_4': inf, 'PD_3,PD_4': inf}
  Computing metrics...
    RSI: {'PD_1,PD_2': 0.0, 'PD_1,PD_3': 0.0, 'PD_1,PD_4': 0.0, 'PD_2,PD_3': 0.0, 'PD_2,PD_4': 0.0, 'PD_3,PD_4': 1.0}, ASR: 1.25, TCB: {'PD_1': ['PD_3'], 'PD_2': ['PD_4'], 'PD_3': ['PD_4'], 'PD_4': ['PD_3']}, FR: {'PD_1,PD_2': inf, 'PD_1,PD_3': inf, 'PD_1,PD_4': inf, 'PD_2,PD_3': inf, 'PD_2,PD_4': inf, 'PD_3,PD_4': inf}
  Computing metrics...
    RSI: {'PD_1,PD_2': 0.0, 'PD_1,PD_3': 0.0, 'PD_1,PD_4': 0.0, 'PD_2,PD_3': 0.0, 'PD_2,PD_4': 0.0, 'PD_3,PD_4': 1.0}, ASR: 1.0, TCB: {'PD_1': ['PD_3'], 'PD_2': ['PD_4'], 'PD_3': ['PD_4'], 'PD_4': ['PD_3']}, FR: {'PD_1,PD_2': inf, 'PD_1,PD_3': inf, 'PD_1,PD_4': inf, 'PD_2,PD_3': inf, 'PD_2,PD_4': inf, 'PD_3,PD_4': inf}
  Computing metrics...
    RSI: {'PD_1,PD_2': 0.0, 'PD_1,PD_3': 0.0, 'PD_1,PD_4': 0.0, 'PD_2,PD_3': 0.0, 'PD_2,PD_4': 0.0, 'PD_3,PD_4': 0.5}, ASR: 1.25, TCB: {'PD_1': ['PD_3'], 'PD_2': ['PD_4'], 'PD_3': ['PD_4'], 'PD_4': ['PD_3']}, FR: {'PD_1,PD_2': inf, 'PD_1,PD_3': inf, 'PD_1,PD_4': inf, 'PD_2,PD_3': inf, 'PD_2,PD_4': inf, 'PD_3,PD_4': inf}
  Computing metrics...
    RSI: {'PD_1,PD_2': 0.0, 'PD_1,PD_3': 0.0, 'PD_1,PD_4': 0.0, 'PD_2,PD_3': 0.0, 'PD_2,PD_4': 0.0, 'PD_3,PD_4': 1.0}, ASR: 1.0, TCB: {'PD_1': ['PD_3'], 'PD_2': ['PD_4'], 'PD_3': ['PD_4'], 'PD_4': ['PD_3']}, FR: {'PD_1,PD_2': inf, 'PD_1,PD_3': inf, 'PD_1,PD_4': inf, 'PD_2,PD_3': inf, 'PD_2,PD_4': inf, 'PD_3,PD_4': inf}
  Computing metrics...
    RSI: {'PD_1,PD_2': 0.0, 'PD_1,PD_3': 0.0, 'PD_1,PD_4': 0.0, 'PD_2,PD_3': 0.0, 'PD_2,PD_4': 0.0, 'PD_3,PD_4': 0.5}, ASR: 1.25, TCB: {'PD_1': ['PD_3'], 'PD_2': ['PD_4'], 'PD_3': ['PD_4'], 'PD_4': ['PD_3']}, FR: {'PD_1,PD_2': inf, 'PD_1,PD_3': inf, 'PD_1,PD_4': inf, 'PD_2,PD_3': inf, 'PD_2,PD_4': inf, 'PD_3,PD_4': inf}
  Computing metrics...
    RSI: {'PD_1,PD_2': 0.0, 'PD_1,PD_3': 0.0, 'PD_1,PD_4': 0.0, 'PD_2,PD_3': 0.0, 'PD_2,PD_4': 0.0, 'PD_3,PD_4': 1.0}, ASR: 1.0, TCB: {'PD_1': ['PD_3'], 'PD_2': ['PD_4'], 'PD_3': ['PD_4'], 'PD_4': ['PD_3']}, FR: {'PD_1,PD_2': inf, 'PD_1,PD_3': inf, 'PD_1,PD_4': inf, 'PD_2,PD_3': inf, 'PD_2,PD_4': inf, 'PD_3,PD_4': inf}
  Computing metrics...
    RSI: {'PD_1,PD_2': 0.0, 'PD_1,PD_3': 0.0, 'PD_1,PD_4': 0.0, 'PD_2,PD_3': 0.0, 'PD_2,PD_4': 0.0, 'PD_3,PD_4': 0.5}, ASR: 1.25, TCB: {'PD_1': ['PD_3'], 'PD_2': ['PD_4'], 'PD_3': ['PD_4'], 'PD_4': ['PD_3']}, FR: {'PD_1,PD_2': inf, 'PD_1,PD_3': inf, 'PD_1,PD_4': inf, 'PD_2,PD_3': inf, 'PD_2,PD_4': inf, 'PD_3,PD_4': inf}
  Computing metrics...
    RSI: {'PD_1,PD_2': 0.0, 'PD_1,PD_3': 0.0, 'PD_1,PD_4': 0.0, 'PD_2,PD_3': 0.0, 'PD_2,PD_4': 0.0, 'PD_3,PD_4': 1.0}, ASR: 1.0, TCB: {'PD_1': ['PD_3'], 'PD_2': ['PD_4'], 'PD_3': ['PD_4'], 'PD_4': ['PD_3']}, FR: {'PD_1,PD_2': inf, 'PD_1,PD_3': inf, 'PD_1,PD_4': inf, 'PD_2,PD_3': inf, 'PD_2,PD_4': inf, 'PD_3,PD_4': inf}
  Computing metrics...
    RSI: {'PD_1,PD_2': 0.0, 'PD_1,PD_3': 0.0, 'PD_1,PD_4': 0.0, 'PD_2,PD_3': 0.0, 'PD_2,PD_4': 0.0, 'PD_3,PD_4': 0.5}, ASR: 1.25, TCB: {'PD_1': ['PD_3'], 'PD_2': ['PD_4'], 'PD_3': ['PD_4'], 'PD_4': ['PD_3']}, FR: {'PD_1,PD_2': inf, 'PD_1,PD_3': inf, 'PD_1,PD_4': inf, 'PD_2,PD_3': inf, 'PD_2,PD_4': inf, 'PD_3,PD_4': inf}
  Computing metrics...
    RSI: {'PD_1,PD_2': 0.0, 'PD_1,PD_3': 0.0, 'PD_1,PD_4': 0.0, 'PD_2,PD_3': 0.0, 'PD_2,PD_4': 0.0, 'PD_3,PD_4': 1.0}, ASR: 1.0, TCB: {'PD_1': ['PD_3'], 'PD_2': ['PD_4'], 'PD_3': ['PD_4'], 'PD_4': ['PD_3']}, FR: {'PD_1,PD_2': inf, 'PD_1,PD_3': inf, 'PD_1,PD_4': inf, 'PD_2,PD_3': inf, 'PD_2,PD_4': inf, 'PD_3,PD_4': inf}
  Computing metrics...
    RSI: {'PD_1,PD_2': 0.0, 'PD_1,PD_3': 0.0, 'PD_1,PD_4': 0.0, 'PD_2,PD_3': 0.0, 'PD_2,PD_4': 0.0, 'PD_3,PD_4': 0.5}, ASR: 1.25, TCB: {'PD_1': ['PD_3'], 'PD_2': ['PD_4'], 'PD_3': ['PD_4'], 'PD_4': ['PD_3']}, FR: {'PD_1,PD_2': inf, 'PD_1,PD_3': inf, 'PD_1,PD_4': inf, 'PD_2,PD_3': inf, 'PD_2,PD_4': inf, 'PD_3,PD_4': inf}
  Computing metrics...
    RSI: {'PD_1,PD_2': 0.0, 'PD_1,PD_3': 0.0, 'PD_1,PD_4': 0.0, 'PD_2,PD_3': 0.0, 'PD_2,PD_4': 0.0, 'PD_3,PD_4': 1.0}, ASR: 1.0, TCB: {'PD_1': ['PD_3'], 'PD_2': ['PD_4'], 'PD_3': ['PD_4'], 'PD_4': ['PD_3']}, FR: {'PD_1,PD_2': inf, 'PD_1,PD_3': inf, 'PD_1,PD_4': inf, 'PD_2,PD_3': inf, 'PD_2,PD_4': inf, 'PD_3,PD_4': inf}
  Computing metrics...
    RSI: {'PD_1,PD_2': 0.0, 'PD_1,PD_3': 0.0, 'PD_1,PD_4': 0.0, 'PD_2,PD_3': 0.0, 'PD_2,PD_4': 0.0, 'PD_3,PD_4': 0.5}, ASR: 1.25, TCB: {'PD_1': ['PD_3'], 'PD_2': ['PD_4'], 'PD_3': ['PD_4'], 'PD_4': ['PD_3']}, FR: {'PD_1,PD_2': inf, 'PD_1,PD_3': inf, 'PD_1,PD_4': inf, 'PD_2,PD_3': inf, 'PD_2,PD_4': inf, 'PD_3,PD_4': inf}
  Computing metrics...
    RSI: {'PD_1,PD_2': 0.0, 'PD_1,PD_3': 0.0, 'PD_1,PD_4': 0.0, 'PD_2,PD_3': 0.0, 'PD_2,PD_4': 0.0, 'PD_3,PD_4': 1.0}, ASR: 1.0, TCB: {'PD_1': ['PD_3'], 'PD_2': ['PD_4'], 'PD_3': ['PD_4'], 'PD_4': ['PD_3']}, FR: {'PD_1,PD_2': inf, 'PD_1,PD_3': inf, 'PD_1,PD_4': inf, 'PD_2,PD_3': inf, 'PD_2,PD_4': inf, 'PD_3,PD_4': inf}
  Computing metrics...
    RSI: {'PD_1,PD_2': 0.0, 'PD_1,PD_3': 0.0, 'PD_1,PD_4': 0.0, 'PD_2,PD_3': 0.0, 'PD_2,PD_4': 0.0, 'PD_3,PD_4': 0.5}, ASR: 1.25, TCB: {'PD_1': ['PD_3'], 'PD_2': ['PD_4'], 'PD_3': ['PD_4'], 'PD_4': ['PD_3']}, FR: {'PD_1,PD_2': inf, 'PD_1,PD_3': inf, 'PD_1,PD_4': inf, 'PD_2,PD_3': inf, 'PD_2,PD_4': inf, 'PD_3,PD_4': inf}
  Computing metrics...
    RSI: {'PD_1,PD_2': 0.0, 'PD_1,PD_3': 0.0, 'PD_1,PD_4': 0.0, 'PD_2,PD_3': 0.0, 'PD_2,PD_4': 0.0, 'PD_3,PD_4': 1.0}, ASR: 1.0, TCB: {'PD_1': ['PD_3'], 'PD_2': ['PD_4'], 'PD_3': ['PD_4'], 'PD_4': ['PD_3']}, FR: {'PD_1,PD_2': inf, 'PD_1,PD_3': inf, 'PD_1,PD_4': inf, 'PD_2,PD_3': inf, 'PD_2,PD_4': inf, 'PD_3,PD_4': inf}
  Computing metrics...
    RSI: {'PD_1,PD_2': 0.0, 'PD_1,PD_3': 0.0, 'PD_1,PD_4': 0.0, 'PD_2,PD_3': 0.0, 'PD_2,PD_4': 0.0, 'PD_3,PD_4': 0.5}, ASR: 1.25, TCB: {'PD_1': ['PD_3'], 'PD_2': ['PD_4'], 'PD_3': ['PD_4'], 'PD_4': ['PD_3']}, FR: {'PD_1,PD_2': inf, 'PD_1,PD_3': inf, 'PD_1,PD_4': inf, 'PD_2,PD_3': inf, 'PD_2,PD_4': inf, 'PD_3,PD_4': inf}
  Computing metrics...
    RSI: {'PD_1,PD_2': 0.0, 'PD_1,PD_3': 0.0, 'PD_1,PD_4': 0.0, 'PD_2,PD_3': 0.0, 'PD_2,PD_4': 0.0, 'PD_3,PD_4': 1.0}, ASR: 1.0, TCB: {'PD_1': ['PD_3'], 'PD_2': ['PD_4'], 'PD_3': ['PD_4'], 'PD_4': ['PD_3']}, FR: {'PD_1,PD_2': inf, 'PD_1,PD_3': inf, 'PD_1,PD_4': inf, 'PD_2,PD_3': inf, 'PD_2,PD_4': inf, 'PD_3,PD_4': inf}
  Computing metrics...
    RSI: {'PD_1,PD_2': 0.0, 'PD_1,PD_3': 0.0, 'PD_1,PD_4': 0.0, 'PD_2,PD_3': 0.0, 'PD_2,PD_4': 0.0, 'PD_3,PD_4': 0.5}, ASR: 1.25, TCB: {'PD_1': ['PD_3'], 'PD_2': ['PD_4'], 'PD_3': ['PD_4'], 'PD_4': ['PD_3']}, FR: {'PD_1,PD_2': inf, 'PD_1,PD_3': inf, 'PD_1,PD_4': inf, 'PD_2,PD_3': inf, 'PD_2,PD_4': inf, 'PD_3,PD_4': inf}
  Computing metrics...
    RSI: {'PD_1,PD_2': 0.0, 'PD_1,PD_3': 0.0, 'PD_1,PD_4': 0.0, 'PD_2,PD_3': 0.0, 'PD_2,PD_4': 0.0, 'PD_3,PD_4': 1.0}, ASR: 1.0, TCB: {'PD_1': ['PD_3'], 'PD_2': ['PD_4'], 'PD_3': ['PD_4'], 'PD_4': ['PD_3']}, FR: {'PD_1,PD_2': inf, 'PD_1,PD_3': inf, 'PD_1,PD_4': inf, 'PD_2,PD_3': inf, 'PD_2,PD_4': inf, 'PD_3,PD_4': inf}
  Computing metrics...
    RSI: {'PD_1,PD_2': 0.0, 'PD_1,PD_3': 0.0, 'PD_1,PD_4': 0.0, 'PD_2,PD_3': 0.0, 'PD_2,PD_4': 0.0, 'PD_3,PD_4': 0.5}, ASR: 1.25, TCB: {'PD_1': ['PD_3'], 'PD_2': ['PD_4'], 'PD_3': ['PD_4'], 'PD_4': ['PD_3']}, FR: {'PD_1,PD_2': inf, 'PD_1,PD_3': inf, 'PD_1,PD_4': inf, 'PD_2,PD_3': inf, 'PD_2,PD_4': inf, 'PD_3,PD_4': inf}
  Computing metrics...
    RSI: {'PD_1,PD_2': 0.0, 'PD_1,PD_3': 0.0, 'PD_1,PD_4': 0.0, 'PD_2,PD_3': 0.0, 'PD_2,PD_4': 0.0, 'PD_3,PD_4': 1.0}, ASR: 1.0, TCB: {'PD_1': ['PD_3'], 'PD_2': ['PD_4'], 'PD_3': ['PD_4'], 'PD_4': ['PD_3']}, FR: {'PD_1,PD_2': inf, 'PD_1,PD_3': inf, 'PD_1,PD_4': inf, 'PD_2,PD_3': inf, 'PD_2,PD_4': inf, 'PD_3,PD_4': inf}
  Computing metrics...
    RSI: {'PD_1,PD_2': 0.0, 'PD_1,PD_3': 0.0, 'PD_1,PD_4': 0.0, 'PD_2,PD_3': 0.0, 'PD_2,PD_4': 0.0, 'PD_3,PD_4': 1.0}, ASR: 1.0, TCB: {'PD_1': ['PD_3'], 'PD_2': ['PD_4'], 'PD_3': ['PD_4'], 'PD_4': ['PD_3']}, FR: {'PD_1,PD_2': inf, 'PD_1,PD_3': inf, 'PD_1,PD_4': inf, 'PD_2,PD_3': inf, 'PD_2,PD_4': inf, 'PD_3,PD_4': inf}
    remove_hold_edge candidate: remove PD_3 -> FILE_1_1 HOLD edge -> score: 0.150
  Computing metrics...
    RSI: {'PD_1,PD_2': 0.0, 'PD_1,PD_3': 0.0, 'PD_1,PD_4': 0.0, 'PD_2,PD_3': 0.0, 'PD_2,PD_4': 0.0, 'PD_3,PD_4': 1.0}, ASR: 1.0, TCB: {'PD_1': ['PD_3'], 'PD_2': ['PD_4'], 'PD_3': ['PD_4'], 'PD_4': ['PD_3']}, FR: {'PD_1,PD_2': inf, 'PD_1,PD_3': inf, 'PD_1,PD_4': inf, 'PD_2,PD_3': inf, 'PD_2,PD_4': inf, 'PD_3,PD_4': inf}
  Computing metrics...
    RSI: {'PD_1,PD_2': 0.0, 'PD_1,PD_3': 0.0, 'PD_1,PD_4': 0.0, 'PD_2,PD_3': 0.0, 'PD_2,PD_4': 0.0, 'PD_3,PD_4': 1.0}, ASR: 1.0, TCB: {'PD_1': ['PD_3'], 'PD_2': ['PD_4'], 'PD_3': ['PD_4'], 'PD_4': ['PD_3']}, FR: {'PD_1,PD_2': inf, 'PD_1,PD_3': inf, 'PD_1,PD_4': inf, 'PD_2,PD_3': inf, 'PD_2,PD_4': inf, 'PD_3,PD_4': inf}
    remove_hold_edge candidate: remove PD_4 -> FILE_1_1 HOLD edge -> score: 0.150
  Computing metrics...
    RSI: {'PD_1,PD_2': 0.0, 'PD_1,PD_3': 0.0, 'PD_1,PD_4': 0.0, 'PD_2,PD_3': 0.0, 'PD_2,PD_4': 0.0, 'PD_3,PD_4': 1.0}, ASR: 1.0, TCB: {'PD_1': ['PD_3'], 'PD_2': ['PD_4'], 'PD_3': ['PD_4'], 'PD_4': ['PD_3']}, FR: {'PD_1,PD_2': inf, 'PD_1,PD_3': inf, 'PD_1,PD_4': inf, 'PD_2,PD_3': inf, 'PD_2,PD_4': inf, 'PD_3,PD_4': inf}
  Computing metrics...
    RSI: {'PD_1,PD_2': 0.0, 'PD_1,PD_3': 0.0, 'PD_1,PD_4': 0.0, 'PD_2,PD_3': 0.0, 'PD_2,PD_4': 0.0, 'PD_3,PD_4': 1.0}, ASR: 1.25, TCB: {'PD_1': ['PD_3', 'PD_2'], 'PD_2': ['PD_4'], 'PD_3': ['PD_4'], 'PD_4': ['PD_3']}, FR: {'PD_1,PD_2': 3, 'PD_1,PD_3': inf, 'PD_1,PD_4': inf, 'PD_2,PD_3': inf, 'PD_2,PD_4': inf, 'PD_3,PD_4': inf}
  Computing metrics...
    RSI: {'PD_1,PD_2': 0.0, 'PD_1,PD_3': 0.0, 'PD_1,PD_4': 0.0, 'PD_2,PD_3': 0.0, 'PD_2,PD_4': 0.0, 'PD_3,PD_4': 1.0}, ASR: 1.0, TCB: {'PD_1': ['PD_3'], 'PD_2': ['PD_4'], 'PD_3': ['PD_4'], 'PD_4': ['PD_3']}, FR: {'PD_1,PD_2': inf, 'PD_1,PD_3': inf, 'PD_1,PD_4': inf, 'PD_2,PD_3': inf, 'PD_2,PD_4': inf, 'PD_3,PD_4': inf}
  Computing metrics...
    RSI: {'PD_1,PD_2': 0.0, 'PD_1,PD_3': 0.0, 'PD_1,PD_4': 0.0, 'PD_2,PD_3': 0.0, 'PD_2,PD_4': 0.0, 'PD_3,PD_4': 1.0}, ASR: 1.25, TCB: {'PD_1': ['PD_3', 'PD_4'], 'PD_2': ['PD_4'], 'PD_3': ['PD_4'], 'PD_4': ['PD_3']}, FR: {'PD_1,PD_2': 2, 'PD_1,PD_3': inf, 'PD_1,PD_4': inf, 'PD_2,PD_3': inf, 'PD_2,PD_4': inf, 'PD_3,PD_4': inf}
  Computing metrics...
    RSI: {'PD_1,PD_2': 0.0, 'PD_1,PD_3': 0.0, 'PD_1,PD_4': 0.0, 'PD_2,PD_3': 0.0, 'PD_2,PD_4': 0.0, 'PD_3,PD_4': 1.0}, ASR: 1.0, TCB: {'PD_1': ['PD_3'], 'PD_2': ['PD_4'], 'PD_3': ['PD_4'], 'PD_4': ['PD_3']}, FR: {'PD_1,PD_2': inf, 'PD_1,PD_3': inf, 'PD_1,PD_4': inf, 'PD_2,PD_3': inf, 'PD_2,PD_4': inf, 'PD_3,PD_4': inf}
  Computing metrics...
    RSI: {'PD_1,PD_2': 0.0, 'PD_1,PD_3': 0.0, 'PD_1,PD_4': 0.0, 'PD_2,PD_3': 0.0, 'PD_2,PD_4': 0.0, 'PD_3,PD_4': 1.0}, ASR: 1.25, TCB: {'PD_1': ['PD_3'], 'PD_2': ['PD_4', 'PD_1'], 'PD_3': ['PD_4'], 'PD_4': ['PD_3']}, FR: {'PD_1,PD_2': 3, 'PD_1,PD_3': inf, 'PD_1,PD_4': inf, 'PD_2,PD_3': inf, 'PD_2,PD_4': inf, 'PD_3,PD_4': inf}
  Computing metrics...
    RSI: {'PD_1,PD_2': 0.0, 'PD_1,PD_3': 0.0, 'PD_1,PD_4': 0.0, 'PD_2,PD_3': 0.0, 'PD_2,PD_4': 0.0, 'PD_3,PD_4': 1.0}, ASR: 1.0, TCB: {'PD_1': ['PD_3'], 'PD_2': ['PD_4'], 'PD_3': ['PD_4'], 'PD_4': ['PD_3']}, FR: {'PD_1,PD_2': inf, 'PD_1,PD_3': inf, 'PD_1,PD_4': inf, 'PD_2,PD_3': inf, 'PD_2,PD_4': inf, 'PD_3,PD_4': inf}
  Computing metrics...
    RSI: {'PD_1,PD_2': 0.0, 'PD_1,PD_3': 0.0, 'PD_1,PD_4': 0.0, 'PD_2,PD_3': 0.0, 'PD_2,PD_4': 0.0, 'PD_3,PD_4': 1.0}, ASR: 1.25, TCB: {'PD_1': ['PD_3'], 'PD_2': ['PD_4', 'PD_3'], 'PD_3': ['PD_4'], 'PD_4': ['PD_3']}, FR: {'PD_1,PD_2': 2, 'PD_1,PD_3': inf, 'PD_1,PD_4': inf, 'PD_2,PD_3': inf, 'PD_2,PD_4': inf, 'PD_3,PD_4': inf}
  Computing metrics...
    RSI: {'PD_1,PD_2': 0.0, 'PD_1,PD_3': 0.0, 'PD_1,PD_4': 0.0, 'PD_2,PD_3': 0.0, 'PD_2,PD_4': 0.0, 'PD_3,PD_4': 1.0}, ASR: 1.0, TCB: {'PD_1': ['PD_3'], 'PD_2': ['PD_4'], 'PD_3': ['PD_4'], 'PD_4': ['PD_3']}, FR: {'PD_1,PD_2': inf, 'PD_1,PD_3': inf, 'PD_1,PD_4': inf, 'PD_2,PD_3': inf, 'PD_2,PD_4': inf, 'PD_3,PD_4': inf}
  Computing metrics...
    RSI: {'PD_1,PD_2': 0.0, 'PD_1,PD_3': 0.0, 'PD_1,PD_4': 0.0, 'PD_2,PD_3': 0.0, 'PD_2,PD_4': 0.0, 'PD_3,PD_4': 1.0}, ASR: 1.25, TCB: {'PD_1': ['PD_3'], 'PD_2': ['PD_4'], 'PD_3': ['PD_1', 'PD_4'], 'PD_4': ['PD_3']}, FR: {'PD_1,PD_2': inf, 'PD_1,PD_3': inf, 'PD_1,PD_4': inf, 'PD_2,PD_3': inf, 'PD_2,PD_4': inf, 'PD_3,PD_4': inf}
  Computing metrics...
    RSI: {'PD_1,PD_2': 0.0, 'PD_1,PD_3': 0.0, 'PD_1,PD_4': 0.0, 'PD_2,PD_3': 0.0, 'PD_2,PD_4': 0.0, 'PD_3,PD_4': 1.0}, ASR: 1.0, TCB: {'PD_1': ['PD_3'], 'PD_2': ['PD_4'], 'PD_3': ['PD_4'], 'PD_4': ['PD_3']}, FR: {'PD_1,PD_2': inf, 'PD_1,PD_3': inf, 'PD_1,PD_4': inf, 'PD_2,PD_3': inf, 'PD_2,PD_4': inf, 'PD_3,PD_4': inf}
  Computing metrics...
    RSI: {'PD_1,PD_2': 0.0, 'PD_1,PD_3': 0.0, 'PD_1,PD_4': 0.0, 'PD_2,PD_3': 0.0, 'PD_2,PD_4': 0.0, 'PD_3,PD_4': 1.0}, ASR: 1.25, TCB: {'PD_1': ['PD_3'], 'PD_2': ['PD_4'], 'PD_3': ['PD_2', 'PD_4'], 'PD_4': ['PD_3']}, FR: {'PD_1,PD_2': 4, 'PD_1,PD_3': 3, 'PD_1,PD_4': inf, 'PD_2,PD_3': 3, 'PD_2,PD_4': inf, 'PD_3,PD_4': inf}
  Computing metrics...
    RSI: {'PD_1,PD_2': 0.0, 'PD_1,PD_3': 0.0, 'PD_1,PD_4': 0.0, 'PD_2,PD_3': 0.0, 'PD_2,PD_4': 0.0, 'PD_3,PD_4': 1.0}, ASR: 1.0, TCB: {'PD_1': ['PD_3'], 'PD_2': ['PD_4'], 'PD_3': ['PD_4'], 'PD_4': ['PD_3']}, FR: {'PD_1,PD_2': inf, 'PD_1,PD_3': inf, 'PD_1,PD_4': inf, 'PD_2,PD_3': inf, 'PD_2,PD_4': inf, 'PD_3,PD_4': inf}
  Computing metrics...
    RSI: {'PD_1,PD_2': 0.0, 'PD_1,PD_3': 0.0, 'PD_1,PD_4': 0.0, 'PD_2,PD_3': 0.0, 'PD_2,PD_4': 0.0, 'PD_3,PD_4': 1.0}, ASR: 1.25, TCB: {'PD_1': ['PD_3'], 'PD_2': ['PD_4'], 'PD_3': ['PD_4'], 'PD_4': ['PD_3']}, FR: {'PD_1,PD_2': 3, 'PD_1,PD_3': 3, 'PD_1,PD_4': inf, 'PD_2,PD_3': 2, 'PD_2,PD_4': inf, 'PD_3,PD_4': inf}
  Computing metrics...
    RSI: {'PD_1,PD_2': 0.0, 'PD_1,PD_3': 0.0, 'PD_1,PD_4': 0.0, 'PD_2,PD_3': 0.0, 'PD_2,PD_4': 0.0, 'PD_3,PD_4': 1.0}, ASR: 1.0, TCB: {'PD_1': ['PD_3'], 'PD_2': ['PD_4'], 'PD_3': ['PD_4'], 'PD_4': ['PD_3']}, FR: {'PD_1,PD_2': inf, 'PD_1,PD_3': inf, 'PD_1,PD_4': inf, 'PD_2,PD_3': inf, 'PD_2,PD_4': inf, 'PD_3,PD_4': inf}
  Computing metrics...
    RSI: {'PD_1,PD_2': 0.0, 'PD_1,PD_3': 0.0, 'PD_1,PD_4': 0.0, 'PD_2,PD_3': 0.0, 'PD_2,PD_4': 0.0, 'PD_3,PD_4': 1.0}, ASR: 1.25, TCB: {'PD_1': ['PD_3'], 'PD_2': ['PD_4'], 'PD_3': ['PD_4'], 'PD_4': ['PD_1', 'PD_3']}, FR: {'PD_1,PD_2': 4, 'PD_1,PD_3': inf, 'PD_1,PD_4': 3, 'PD_2,PD_3': inf, 'PD_2,PD_4': 3, 'PD_3,PD_4': inf}
  Computing metrics...
    RSI: {'PD_1,PD_2': 0.0, 'PD_1,PD_3': 0.0, 'PD_1,PD_4': 0.0, 'PD_2,PD_3': 0.0, 'PD_2,PD_4': 0.0, 'PD_3,PD_4': 1.0}, ASR: 1.0, TCB: {'PD_1': ['PD_3'], 'PD_2': ['PD_4'], 'PD_3': ['PD_4'], 'PD_4': ['PD_3']}, FR: {'PD_1,PD_2': inf, 'PD_1,PD_3': inf, 'PD_1,PD_4': inf, 'PD_2,PD_3': inf, 'PD_2,PD_4': inf, 'PD_3,PD_4': inf}
  Computing metrics...
    RSI: {'PD_1,PD_2': 0.0, 'PD_1,PD_3': 0.0, 'PD_1,PD_4': 0.0, 'PD_2,PD_3': 0.0, 'PD_2,PD_4': 0.0, 'PD_3,PD_4': 1.0}, ASR: 1.25, TCB: {'PD_1': ['PD_3'], 'PD_2': ['PD_4'], 'PD_3': ['PD_4'], 'PD_4': ['PD_2', 'PD_3']}, FR: {'PD_1,PD_2': inf, 'PD_1,PD_3': inf, 'PD_1,PD_4': inf, 'PD_2,PD_3': inf, 'PD_2,PD_4': inf, 'PD_3,PD_4': inf}
  Computing metrics...
    RSI: {'PD_1,PD_2': 0.0, 'PD_1,PD_3': 0.0, 'PD_1,PD_4': 0.0, 'PD_2,PD_3': 0.0, 'PD_2,PD_4': 0.0, 'PD_3,PD_4': 1.0}, ASR: 1.0, TCB: {'PD_1': ['PD_3'], 'PD_2': ['PD_4'], 'PD_3': ['PD_4'], 'PD_4': ['PD_3']}, FR: {'PD_1,PD_2': inf, 'PD_1,PD_3': inf, 'PD_1,PD_4': inf, 'PD_2,PD_3': inf, 'PD_2,PD_4': inf, 'PD_3,PD_4': inf}
  Computing metrics...
    RSI: {'PD_1,PD_2': 0.0, 'PD_1,PD_3': 0.0, 'PD_1,PD_4': 0.0, 'PD_2,PD_3': 0.0, 'PD_2,PD_4': 0.0, 'PD_3,PD_4': 1.0}, ASR: 1.25, TCB: {'PD_1': ['PD_3'], 'PD_2': ['PD_4'], 'PD_3': ['PD_4'], 'PD_4': ['PD_3']}, FR: {'PD_1,PD_2': 3, 'PD_1,PD_3': inf, 'PD_1,PD_4': 2, 'PD_2,PD_3': inf, 'PD_2,PD_4': 3, 'PD_3,PD_4': inf}
  Computing metrics...
    RSI: {'PD_1,PD_2': 0.0, 'PD_1,PD_3': 0.0, 'PD_1,PD_4': 0.0, 'PD_2,PD_3': 0.0, 'PD_2,PD_4': 0.0, 'PD_3,PD_4': 1.0}, ASR: 1.0, TCB: {'PD_1': ['PD_3'], 'PD_2': ['PD_4'], 'PD_3': ['PD_4'], 'PD_4': ['PD_3']}, FR: {'PD_1,PD_2': inf, 'PD_1,PD_3': inf, 'PD_1,PD_4': inf, 'PD_2,PD_3': inf, 'PD_2,PD_4': inf, 'PD_3,PD_4': inf}
  Computing metrics...
    RSI: {'PD_1,PD_2': 0.0, 'PD_1,PD_3': 0.0, 'PD_1,PD_4': 0.0, 'PD_2,PD_3': 0.0, 'PD_2,PD_4': 0.0, 'PD_3,PD_4': 1.0}, ASR: 1.0, TCB: {'PD_1': ['PD_3'], 'PD_2': ['PD_4'], 'PD_3': ['PD_4'], 'PD_4': ['PD_3']}, FR: {'PD_1,PD_2': inf, 'PD_1,PD_3': inf, 'PD_1,PD_4': inf, 'PD_2,PD_3': inf, 'PD_2,PD_4': inf, 'PD_3,PD_4': inf}
  Computing metrics...
    RSI: {'PD_1,PD_2': 0.0, 'PD_1,PD_3': 0.0, 'PD_1,PD_4': 0.0, 'PD_2,PD_3': 0.0, 'PD_2,PD_4': 0.0, 'PD_3,PD_4': 1.0}, ASR: 1.0, TCB: {'PD_1': ['PD_3'], 'PD_2': ['PD_4'], 'PD_3': ['PD_4'], 'PD_4': ['PD_3']}, FR: {'PD_1,PD_2': inf, 'PD_1,PD_3': inf, 'PD_1,PD_4': inf, 'PD_2,PD_3': inf, 'PD_2,PD_4': inf, 'PD_3,PD_4': inf}
  Computing metrics...
    RSI: {'PD_1,PD_2': 0.0, 'PD_1,PD_3': 0.0, 'PD_1,PD_4': 0.0, 'PD_2,PD_3': 0.0, 'PD_2,PD_4': 0.0, 'PD_3,PD_4': 1.0}, ASR: 1.0, TCB: {'PD_1': ['PD_3'], 'PD_2': ['PD_4'], 'PD_3': ['PD_4'], 'PD_4': ['PD_3']}, FR: {'PD_1,PD_2': inf, 'PD_1,PD_3': inf, 'PD_1,PD_4': inf, 'PD_2,PD_3': inf, 'PD_2,PD_4': inf, 'PD_3,PD_4': inf}
  Computing metrics...
    RSI: {'PD_1,PD_2': 0.0, 'PD_1,PD_3': 0.0, 'PD_1,PD_4': 0.0, 'PD_2,PD_3': 0.0, 'PD_2,PD_4': 0.0, 'PD_3,PD_4': 1.0}, ASR: 1.0, TCB: {'PD_1': ['PD_3'], 'PD_2': ['PD_4'], 'PD_3': ['PD_4'], 'PD_4': ['PD_3']}, FR: {'PD_1,PD_2': inf, 'PD_1,PD_3': inf, 'PD_1,PD_4': inf, 'PD_2,PD_3': inf, 'PD_2,PD_4': inf, 'PD_3,PD_4': inf}
  Computing metrics...
    RSI: {'PD_1,PD_2': 0.0, 'PD_1,PD_3': 0.0, 'PD_1,PD_4': 0.0, 'PD_2,PD_3': 0.0, 'PD_2,PD_4': 0.0, 'PD_3,PD_4': 1.0}, ASR: 1.0, TCB: {'PD_1': ['PD_3'], 'PD_2': ['PD_4'], 'PD_3': ['PD_4'], 'PD_4': ['PD_3']}, FR: {'PD_1,PD_2': inf, 'PD_1,PD_3': inf, 'PD_1,PD_4': inf, 'PD_2,PD_3': inf, 'PD_2,PD_4': inf, 'PD_3,PD_4': inf}
  Computing metrics...
    RSI: {'PD_1,PD_2': 0.0, 'PD_1,PD_3': 0.0, 'PD_1,PD_4': 0.0, 'PD_2,PD_3': 0.0, 'PD_2,PD_4': 0.0, 'PD_3,PD_4': 1.0}, ASR: 1.0, TCB: {'PD_1': ['PD_3'], 'PD_2': ['PD_4'], 'PD_3': ['PD_4'], 'PD_4': ['PD_3']}, FR: {'PD_1,PD_2': inf, 'PD_1,PD_3': inf, 'PD_1,PD_4': inf, 'PD_2,PD_3': inf, 'PD_2,PD_4': inf, 'PD_3,PD_4': inf}
  Computing metrics...
    RSI: {'PD_1,PD_2': 0.0, 'PD_1,PD_3': 0.0, 'PD_1,PD_4': 0.0, 'PD_2,PD_3': 0.0, 'PD_2,PD_4': 0.0, 'PD_3,PD_4': 1.0}, ASR: 1.0, TCB: {'PD_1': ['PD_3'], 'PD_2': ['PD_4'], 'PD_3': ['PD_4'], 'PD_4': ['PD_3']}, FR: {'PD_1,PD_2': inf, 'PD_1,PD_3': inf, 'PD_1,PD_4': inf, 'PD_2,PD_3': inf, 'PD_2,PD_4': inf, 'PD_3,PD_4': inf}
  Computing metrics...
    RSI: {'PD_1,PD_2': 0.0, 'PD_1,PD_3': 0.0, 'PD_1,PD_4': 0.0, 'PD_2,PD_3': 0.0, 'PD_2,PD_4': 0.0, 'PD_3,PD_4': 1.0}, ASR: 1.0, TCB: {'PD_1': ['PD_3'], 'PD_2': ['PD_4'], 'PD_3': ['PD_4'], 'PD_4': ['PD_3']}, FR: {'PD_1,PD_2': inf, 'PD_1,PD_3': inf, 'PD_1,PD_4': inf, 'PD_2,PD_3': inf, 'PD_2,PD_4': inf, 'PD_3,PD_4': inf}
  Computing metrics...
    RSI: {'PD_1,PD_2': 0.0, 'PD_1,PD_3': 0.0, 'PD_1,PD_4': 0.0, 'PD_2,PD_3': 0.0, 'PD_2,PD_4': 0.0, 'PD_3,PD_4': 1.0}, ASR: 1.0, TCB: {'PD_1': ['PD_3'], 'PD_2': ['PD_4'], 'PD_3': ['PD_4'], 'PD_4': ['PD_3']}, FR: {'PD_1,PD_2': inf, 'PD_1,PD_3': inf, 'PD_1,PD_4': inf, 'PD_2,PD_3': inf, 'PD_2,PD_4': inf, 'PD_3,PD_4': inf}
  Computing metrics...
    RSI: {'PD_1,PD_2': 0.0, 'PD_1,PD_3': 0.0, 'PD_1,PD_4': 0.0, 'PD_2,PD_3': 0.0, 'PD_2,PD_4': 0.0, 'PD_3,PD_4': 1.0}, ASR: 1.0, TCB: {'PD_1': ['PD_3'], 'PD_2': ['PD_4'], 'PD_3': ['PD_4'], 'PD_4': ['PD_3']}, FR: {'PD_1,PD_2': inf, 'PD_1,PD_3': inf, 'PD_1,PD_4': inf, 'PD_2,PD_3': inf, 'PD_2,PD_4': inf, 'PD_3,PD_4': inf}
  Computing metrics...
    RSI: {'PD_1,PD_2': 0.0, 'PD_1,PD_3': 0.0, 'PD_1,PD_4': 0.0, 'PD_2,PD_3': 0.0, 'PD_2,PD_4': 0.0, 'PD_3,PD_4': 1.0}, ASR: 1.0, TCB: {'PD_1': ['PD_3'], 'PD_2': ['PD_4'], 'PD_3': ['PD_4'], 'PD_4': ['PD_3']}, FR: {'PD_1,PD_2': inf, 'PD_1,PD_3': inf, 'PD_1,PD_4': inf, 'PD_2,PD_3': inf, 'PD_2,PD_4': inf, 'PD_3,PD_4': inf}
  Computing metrics...
    RSI: {'PD_1,PD_2': 0.0, 'PD_1,PD_3': 0.0, 'PD_1,PD_4': 0.0, 'PD_2,PD_3': 0.0, 'PD_2,PD_4': 0.0, 'PD_3,PD_4': 1.0}, ASR: 1.0, TCB: {'PD_1': ['PD_3'], 'PD_2': ['PD_4'], 'PD_3': ['PD_4'], 'PD_4': ['PD_3']}, FR: {'PD_1,PD_2': inf, 'PD_1,PD_3': inf, 'PD_1,PD_4': inf, 'PD_2,PD_3': inf, 'PD_2,PD_4': inf, 'PD_3,PD_4': inf}
  Computing metrics...
    RSI: {'PD_1,PD_2': 0.0, 'PD_1,PD_3': 0.0, 'PD_1,PD_4': 0.0, 'PD_2,PD_3': 0.0, 'PD_2,PD_4': 0.0, 'PD_3,PD_4': 1.0}, ASR: 1.0, TCB: {'PD_1': ['PD_3'], 'PD_2': ['PD_4'], 'PD_3': ['PD_4'], 'PD_4': ['PD_3']}, FR: {'PD_1,PD_2': inf, 'PD_1,PD_3': inf, 'PD_1,PD_4': inf, 'PD_2,PD_3': inf, 'PD_2,PD_4': inf, 'PD_3,PD_4': inf}
  Computing metrics...
    RSI: {'PD_1,PD_2': 0.0, 'PD_1,PD_3': 0.0, 'PD_1,PD_4': 0.0, 'PD_2,PD_3': 0.0, 'PD_2,PD_4': 0.0, 'PD_3,PD_4': 1.0}, ASR: 1.0, TCB: {'PD_1': ['PD_3'], 'PD_2': ['PD_4'], 'PD_3': ['PD_4'], 'PD_4': ['PD_3']}, FR: {'PD_1,PD_2': inf, 'PD_1,PD_3': inf, 'PD_1,PD_4': inf, 'PD_2,PD_3': inf, 'PD_2,PD_4': inf, 'PD_3,PD_4': inf}
  Computing metrics...
    RSI: {'PD_1,PD_2': 0.0, 'PD_1,PD_3': 0.0, 'PD_1,PD_4': 0.0, 'PD_2,PD_3': 0.0, 'PD_2,PD_4': 0.0, 'PD_3,PD_4': 1.0}, ASR: 1.0, TCB: {'PD_1': ['PD_3'], 'PD_2': ['PD_4'], 'PD_3': ['PD_4'], 'PD_4': ['PD_3']}, FR: {'PD_1,PD_2': inf, 'PD_1,PD_3': inf, 'PD_1,PD_4': inf, 'PD_2,PD_3': inf, 'PD_2,PD_4': inf, 'PD_3,PD_4': inf}
  🚫 Filtered out 0 'add_file_resource(create new CONFIG file in FILE_SPACE_1)' candidates (avoiding repetition)
  Trying best transition: primitive
    Target: add new protection domain to help resolve 2 constraint violation(s)
    Predicted improvement: 0.100
    Considered 54 other option(s):
      1. primitive: create new CONFIG file in FILE_SPACE_1 (improvement: 0.700)
      2. primitive: create new DATABASE file in FILE_SPACE_1 (improvement: 0.700)
      3. primitive: create new TEMP file in FILE_SPACE_1 (improvement: 0.700)
      4. primitive: create new LOG file in FILE_SPACE_1 (improvement: 0.700)
      5. primitive: add authority relationship: PD_1 -> PD_2 (improvement: 0.250)
      6. primitive: enable indirect access: PD_1 -> PD_4 (improvement: 0.250)
      7. primitive: add authority relationship: PD_2 -> PD_1 (improvement: 0.250)
      8. primitive: enable indirect access: PD_2 -> PD_3 (improvement: 0.250)
      9. primitive: add authority relationship: PD_3 -> PD_1 (improvement: 0.250)
      10. primitive: add authority relationship: PD_3 -> PD_2 (improvement: 0.250)
      ... and 44 more
    ✅ Applied add_pd
  📋 Generated 55 candidate(s)
  Computing metrics...
    RSI: {'PD_1,PD_2': 0.0, 'PD_1,PD_3': 0.0, 'PD_1,PD_4': 0.0, 'PD_2,PD_3': 0.0, 'PD_2,PD_4': 0.0, 'PD_3,PD_4': 1.0}, ASR: 1.0, TCB: {'PD_1': ['PD_3'], 'PD_2': ['PD_4'], 'PD_3': ['PD_4'], 'PD_4': ['PD_3']}, FR: {'PD_1,PD_2': inf, 'PD_1,PD_3': inf, 'PD_1,PD_4': inf, 'PD_2,PD_3': inf, 'PD_2,PD_4': inf, 'PD_3,PD_4': inf}
    ✅ Added candidate: add_file_resource (score: 0.700)
  Computing metrics...
    RSI: {'PD_1,PD_2': 0.0, 'PD_1,PD_3': 0.0, 'PD_1,PD_4': 0.0, 'PD_2,PD_3': 0.0, 'PD_2,PD_4': 0.0, 'PD_3,PD_4': 1.0}, ASR: 1.0, TCB: {'PD_1': ['PD_3'], 'PD_2': ['PD_4'], 'PD_3': ['PD_4'], 'PD_4': ['PD_3']}, FR: {'PD_1,PD_2': inf, 'PD_1,PD_3': inf, 'PD_1,PD_4': inf, 'PD_2,PD_3': inf, 'PD_2,PD_4': inf, 'PD_3,PD_4': inf}
    ✅ Added candidate: add_file_resource (score: 0.700)

🌟 Expanding Beam[1] (score: 0.700)
  ⚠️  Constraints violated: PD_1 lacks access to any files; PD_2 lacks access to any files
  Computing metrics...
    RSI: {'PD_1,PD_2': 0.0, 'PD_1,PD_3': 0.0, 'PD_1,PD_4': 0.0, 'PD_2,PD_3': 0.0, 'PD_2,PD_4': 0.0, 'PD_3,PD_4': 1.0}, ASR: 1.0, TCB: {'PD_1': ['PD_3'], 'PD_2': ['PD_4'], 'PD_3': ['PD_4'], 'PD_4': ['PD_3']}, FR: {'PD_1,PD_2': inf, 'PD_1,PD_3': inf, 'PD_1,PD_4': inf, 'PD_2,PD_3': inf, 'PD_2,PD_4': inf, 'PD_3,PD_4': inf}
  Computing metrics...
    RSI: {'PD_1,PD_2': 0.0, 'PD_1,PD_3': 0.0, 'PD_1,PD_4': 0.0, 'PD_1,PD_5': 0.0, 'PD_2,PD_3': 0.0, 'PD_2,PD_4': 0.0, 'PD_2,PD_5': 0.0, 'PD_3,PD_4': 1.0, 'PD_3,PD_5': 0.0, 'PD_4,PD_5': 0.0}, ASR: 0.8, TCB: {'PD_1': ['PD_3'], 'PD_2': ['PD_4'], 'PD_3': ['PD_4'], 'PD_4': ['PD_3'], 'PD_5': []}, FR: {'PD_1,PD_2': inf, 'PD_1,PD_3': inf, 'PD_1,PD_4': inf, 'PD_1,PD_5': inf, 'PD_2,PD_3': inf, 'PD_2,PD_4': inf, 'PD_2,PD_5': inf, 'PD_3,PD_4': inf, 'PD_3,PD_5': inf, 'PD_4,PD_5': inf}
  Computing metrics...
    RSI: {'PD_1,PD_2': 0.0, 'PD_1,PD_3': 0.0, 'PD_1,PD_4': 0.0, 'PD_2,PD_3': 0.0, 'PD_2,PD_4': 0.0, 'PD_3,PD_4': 1.0}, ASR: 1.0, TCB: {'PD_1': ['PD_3'], 'PD_2': ['PD_4'], 'PD_3': ['PD_4'], 'PD_4': ['PD_3']}, FR: {'PD_1,PD_2': inf, 'PD_1,PD_3': inf, 'PD_1,PD_4': inf, 'PD_2,PD_3': inf, 'PD_2,PD_4': inf, 'PD_3,PD_4': inf}
  Computing metrics...
    RSI: {'PD_1,PD_2': 0.0, 'PD_1,PD_3': 0.0, 'PD_1,PD_4': 0.0, 'PD_2,PD_3': 0.0, 'PD_2,PD_4': 0.0, 'PD_3,PD_4': 1.0}, ASR: 1.0, TCB: {'PD_1': ['PD_3'], 'PD_2': ['PD_4'], 'PD_3': ['PD_4'], 'PD_4': ['PD_3']}, FR: {'PD_1,PD_2': inf, 'PD_1,PD_3': inf, 'PD_1,PD_4': inf, 'PD_2,PD_3': inf, 'PD_2,PD_4': inf, 'PD_3,PD_4': inf}
  Computing metrics...
    RSI: {'PD_1,PD_2': 0.0, 'PD_1,PD_3': 0.0, 'PD_1,PD_4': 0.0, 'PD_2,PD_3': 0.0, 'PD_2,PD_4': 0.0, 'PD_3,PD_4': 1.0}, ASR: 1.0, TCB: {'PD_1': ['PD_3'], 'PD_2': ['PD_4'], 'PD_3': ['PD_4'], 'PD_4': ['PD_3']}, FR: {'PD_1,PD_2': inf, 'PD_1,PD_3': inf, 'PD_1,PD_4': inf, 'PD_2,PD_3': inf, 'PD_2,PD_4': inf, 'PD_3,PD_4': inf}
  Computing metrics...
    RSI: {'PD_1,PD_2': 0.0, 'PD_1,PD_3': 0.0, 'PD_1,PD_4': 0.0, 'PD_2,PD_3': 0.0, 'PD_2,PD_4': 0.0, 'PD_3,PD_4': 1.0}, ASR: 1.0, TCB: {'PD_1': ['PD_3'], 'PD_2': ['PD_4'], 'PD_3': ['PD_4'], 'PD_4': ['PD_3']}, FR: {'PD_1,PD_2': inf, 'PD_1,PD_3': inf, 'PD_1,PD_4': inf, 'PD_2,PD_3': inf, 'PD_2,PD_4': inf, 'PD_3,PD_4': inf}
  Computing metrics...
    RSI: {'PD_1,PD_2': 0.0, 'PD_1,PD_3': 0.0, 'PD_1,PD_4': 0.0, 'PD_2,PD_3': 0.0, 'PD_2,PD_4': 0.0, 'PD_3,PD_4': 1.0}, ASR: 1.0, TCB: {'PD_1': ['PD_3'], 'PD_2': ['PD_4'], 'PD_3': ['PD_4'], 'PD_4': ['PD_3']}, FR: {'PD_1,PD_2': inf, 'PD_1,PD_3': inf, 'PD_1,PD_4': inf, 'PD_2,PD_3': inf, 'PD_2,PD_4': inf, 'PD_3,PD_4': inf}
  Computing metrics...
    RSI: {'PD_1,PD_2': 0.0, 'PD_1,PD_3': 0.0, 'PD_1,PD_4': 0.0, 'PD_2,PD_3': 0.0, 'PD_2,PD_4': 0.0, 'PD_3,PD_4': 1.0}, ASR: 1.0, TCB: {'PD_1': ['PD_3'], 'PD_2': ['PD_4'], 'PD_3': ['PD_4'], 'PD_4': ['PD_3']}, FR: {'PD_1,PD_2': inf, 'PD_1,PD_3': inf, 'PD_1,PD_4': inf, 'PD_2,PD_3': inf, 'PD_2,PD_4': inf, 'PD_3,PD_4': inf}
  Computing metrics...
    RSI: {'PD_1,PD_2': 0.0, 'PD_1,PD_3': 0.0, 'PD_1,PD_4': 0.0, 'PD_2,PD_3': 0.0, 'PD_2,PD_4': 0.0, 'PD_3,PD_4': 1.0}, ASR: 1.0, TCB: {'PD_1': ['PD_3'], 'PD_2': ['PD_4'], 'PD_3': ['PD_4'], 'PD_4': ['PD_3']}, FR: {'PD_1,PD_2': inf, 'PD_1,PD_3': inf, 'PD_1,PD_4': inf, 'PD_2,PD_3': inf, 'PD_2,PD_4': inf, 'PD_3,PD_4': inf}
  Computing metrics...
    RSI: {'PD_1,PD_2': 0.0, 'PD_1,PD_3': 0.0, 'PD_1,PD_4': 0.0, 'PD_2,PD_3': 0.0, 'PD_2,PD_4': 0.0, 'PD_3,PD_4': 1.0}, ASR: 1.0, TCB: {'PD_1': ['PD_3'], 'PD_2': ['PD_4'], 'PD_3': ['PD_4'], 'PD_4': ['PD_3']}, FR: {'PD_1,PD_2': inf, 'PD_1,PD_3': inf, 'PD_1,PD_4': inf, 'PD_2,PD_3': inf, 'PD_2,PD_4': inf, 'PD_3,PD_4': inf}
  Computing metrics...
    RSI: {'PD_1,PD_2': 0.0, 'PD_1,PD_3': 0.0, 'PD_1,PD_4': 0.0, 'PD_2,PD_3': 0.0, 'PD_2,PD_4': 0.0, 'PD_3,PD_4': 1.0}, ASR: 1.0, TCB: {'PD_1': ['PD_3'], 'PD_2': ['PD_4'], 'PD_3': ['PD_4'], 'PD_4': ['PD_3']}, FR: {'PD_1,PD_2': inf, 'PD_1,PD_3': inf, 'PD_1,PD_4': inf, 'PD_2,PD_3': inf, 'PD_2,PD_4': inf, 'PD_3,PD_4': inf}
  Computing metrics...
    RSI: {'PD_1,PD_2': 0.0, 'PD_1,PD_3': 0.0, 'PD_1,PD_4': 0.0, 'PD_2,PD_3': 0.0, 'PD_2,PD_4': 0.0, 'PD_3,PD_4': 1.0}, ASR: 1.0, TCB: {'PD_1': ['PD_3'], 'PD_2': ['PD_4'], 'PD_3': ['PD_4'], 'PD_4': ['PD_3']}, FR: {'PD_1,PD_2': inf, 'PD_1,PD_3': inf, 'PD_1,PD_4': inf, 'PD_2,PD_3': inf, 'PD_2,PD_4': inf, 'PD_3,PD_4': inf}
  Computing metrics...
    RSI: {'PD_1,PD_2': 0.0, 'PD_1,PD_3': 0.0, 'PD_1,PD_4': 0.0, 'PD_2,PD_3': 0.0, 'PD_2,PD_4': 0.0, 'PD_3,PD_4': 1.0}, ASR: 1.0, TCB: {'PD_1': ['PD_3'], 'PD_2': ['PD_4'], 'PD_3': ['PD_4'], 'PD_4': ['PD_3']}, FR: {'PD_1,PD_2': inf, 'PD_1,PD_3': inf, 'PD_1,PD_4': inf, 'PD_2,PD_3': inf, 'PD_2,PD_4': inf, 'PD_3,PD_4': inf}
  Computing metrics...
    RSI: {'PD_1,PD_2': 0.0, 'PD_1,PD_3': 0.0, 'PD_1,PD_4': 0.0, 'PD_2,PD_3': 0.0, 'PD_2,PD_4': 0.0, 'PD_3,PD_4': 1.0}, ASR: 1.0, TCB: {'PD_1': ['PD_3'], 'PD_2': ['PD_4'], 'PD_3': ['PD_4'], 'PD_4': ['PD_3']}, FR: {'PD_1,PD_2': inf, 'PD_1,PD_3': inf, 'PD_1,PD_4': inf, 'PD_2,PD_3': inf, 'PD_2,PD_4': inf, 'PD_3,PD_4': inf}
  Computing metrics...
    RSI: {'PD_1,PD_2': 0.0, 'PD_1,PD_3': 0.0, 'PD_1,PD_4': 0.0, 'PD_2,PD_3': 0.0, 'PD_2,PD_4': 0.0, 'PD_3,PD_4': 1.0}, ASR: 1.0, TCB: {'PD_1': ['PD_3'], 'PD_2': ['PD_4'], 'PD_3': ['PD_4'], 'PD_4': ['PD_3']}, FR: {'PD_1,PD_2': inf, 'PD_1,PD_3': inf, 'PD_1,PD_4': inf, 'PD_2,PD_3': inf, 'PD_2,PD_4': inf, 'PD_3,PD_4': inf}
  Computing metrics...
    RSI: {'PD_1,PD_2': 0.0, 'PD_1,PD_3': 0.0, 'PD_1,PD_4': 0.0, 'PD_2,PD_3': 0.0, 'PD_2,PD_4': 0.0, 'PD_3,PD_4': 1.0}, ASR: 1.0, TCB: {'PD_1': ['PD_3'], 'PD_2': ['PD_4'], 'PD_3': ['PD_4'], 'PD_4': ['PD_3']}, FR: {'PD_1,PD_2': inf, 'PD_1,PD_3': inf, 'PD_1,PD_4': inf, 'PD_2,PD_3': inf, 'PD_2,PD_4': inf, 'PD_3,PD_4': inf}
  Computing metrics...
    RSI: {'PD_1,PD_2': 0.0, 'PD_1,PD_3': 0.0, 'PD_1,PD_4': 0.0, 'PD_2,PD_3': 0.0, 'PD_2,PD_4': 0.0, 'PD_3,PD_4': 1.0}, ASR: 1.0, TCB: {'PD_1': ['PD_3'], 'PD_2': ['PD_4'], 'PD_3': ['PD_4'], 'PD_4': ['PD_3']}, FR: {'PD_1,PD_2': inf, 'PD_1,PD_3': inf, 'PD_1,PD_4': inf, 'PD_2,PD_3': inf, 'PD_2,PD_4': inf, 'PD_3,PD_4': inf}
  Computing metrics...
    RSI: {'PD_1,PD_2': 0.0, 'PD_1,PD_3': 0.0, 'PD_1,PD_4': 0.0, 'PD_2,PD_3': 0.0, 'PD_2,PD_4': 0.0, 'PD_3,PD_4': 1.0}, ASR: 1.0, TCB: {'PD_1': ['PD_3'], 'PD_2': ['PD_4'], 'PD_3': ['PD_4'], 'PD_4': ['PD_3']}, FR: {'PD_1,PD_2': inf, 'PD_1,PD_3': inf, 'PD_1,PD_4': inf, 'PD_2,PD_3': inf, 'PD_2,PD_4': inf, 'PD_3,PD_4': inf}
  Computing metrics...
    RSI: {'PD_1,PD_2': 0.0, 'PD_1,PD_3': 0.0, 'PD_1,PD_4': 0.0, 'PD_2,PD_3': 0.0, 'PD_2,PD_4': 0.0, 'PD_3,PD_4': 1.0}, ASR: 1.0, TCB: {'PD_1': ['PD_3'], 'PD_2': ['PD_4'], 'PD_3': ['PD_4'], 'PD_4': ['PD_3']}, FR: {'PD_1,PD_2': inf, 'PD_1,PD_3': inf, 'PD_1,PD_4': inf, 'PD_2,PD_3': inf, 'PD_2,PD_4': inf, 'PD_3,PD_4': inf}
  Computing metrics...
    RSI: {'PD_1,PD_2': 0.0, 'PD_1,PD_3': 0.0, 'PD_1,PD_4': 0.0, 'PD_2,PD_3': 0.0, 'PD_2,PD_4': 0.0, 'PD_3,PD_4': 1.0}, ASR: 1.0, TCB: {'PD_1': ['PD_3'], 'PD_2': ['PD_4'], 'PD_3': ['PD_4'], 'PD_4': ['PD_3']}, FR: {'PD_1,PD_2': inf, 'PD_1,PD_3': inf, 'PD_1,PD_4': inf, 'PD_2,PD_3': inf, 'PD_2,PD_4': inf, 'PD_3,PD_4': inf}
  Computing metrics...
    RSI: {'PD_1,PD_2': 0.0, 'PD_1,PD_3': 0.0, 'PD_1,PD_4': 0.0, 'PD_2,PD_3': 0.0, 'PD_2,PD_4': 0.0, 'PD_3,PD_4': 1.0}, ASR: 1.0, TCB: {'PD_1': ['PD_3'], 'PD_2': ['PD_4'], 'PD_3': ['PD_4'], 'PD_4': ['PD_3']}, FR: {'PD_1,PD_2': inf, 'PD_1,PD_3': inf, 'PD_1,PD_4': inf, 'PD_2,PD_3': inf, 'PD_2,PD_4': inf, 'PD_3,PD_4': inf}
  Computing metrics...
    RSI: {'PD_1,PD_2': 0.0, 'PD_1,PD_3': 0.0, 'PD_1,PD_4': 0.0, 'PD_2,PD_3': 0.0, 'PD_2,PD_4': 0.0, 'PD_3,PD_4': 1.0}, ASR: 1.0, TCB: {'PD_1': ['PD_3'], 'PD_2': ['PD_4'], 'PD_3': ['PD_4'], 'PD_4': ['PD_3']}, FR: {'PD_1,PD_2': inf, 'PD_1,PD_3': inf, 'PD_1,PD_4': inf, 'PD_2,PD_3': inf, 'PD_2,PD_4': inf, 'PD_3,PD_4': inf}
  Computing metrics...
    RSI: {'PD_1,PD_2': 0.0, 'PD_1,PD_3': 0.0, 'PD_1,PD_4': 0.0, 'PD_2,PD_3': 0.0, 'PD_2,PD_4': 0.0, 'PD_3,PD_4': 1.0}, ASR: 1.0, TCB: {'PD_1': ['PD_3'], 'PD_2': ['PD_4'], 'PD_3': ['PD_4'], 'PD_4': ['PD_3']}, FR: {'PD_1,PD_2': inf, 'PD_1,PD_3': inf, 'PD_1,PD_4': inf, 'PD_2,PD_3': inf, 'PD_2,PD_4': inf, 'PD_3,PD_4': inf}
  Computing metrics...
    RSI: {'PD_1,PD_2': 0.0, 'PD_1,PD_3': 0.0, 'PD_1,PD_4': 0.0, 'PD_2,PD_3': 0.0, 'PD_2,PD_4': 0.0, 'PD_3,PD_4': 1.0}, ASR: 1.0, TCB: {'PD_1': ['PD_3'], 'PD_2': ['PD_4'], 'PD_3': ['PD_4'], 'PD_4': ['PD_3']}, FR: {'PD_1,PD_2': inf, 'PD_1,PD_3': inf, 'PD_1,PD_4': inf, 'PD_2,PD_3': inf, 'PD_2,PD_4': inf, 'PD_3,PD_4': inf}
  Computing metrics...
    RSI: {'PD_1,PD_2': 0.0, 'PD_1,PD_3': 0.0, 'PD_1,PD_4': 0.0, 'PD_2,PD_3': 0.0, 'PD_2,PD_4': 0.0, 'PD_3,PD_4': 1.0}, ASR: 1.0, TCB: {'PD_1': ['PD_3'], 'PD_2': ['PD_4'], 'PD_3': ['PD_4'], 'PD_4': ['PD_3']}, FR: {'PD_1,PD_2': inf, 'PD_1,PD_3': inf, 'PD_1,PD_4': inf, 'PD_2,PD_3': inf, 'PD_2,PD_4': inf, 'PD_3,PD_4': inf}
  Computing metrics...
    RSI: {'PD_1,PD_2': 0.0, 'PD_1,PD_3': 0.0, 'PD_1,PD_4': 0.0, 'PD_2,PD_3': 0.0, 'PD_2,PD_4': 0.0, 'PD_3,PD_4': 1.0}, ASR: 1.0, TCB: {'PD_1': ['PD_3'], 'PD_2': ['PD_4'], 'PD_3': ['PD_4'], 'PD_4': ['PD_3']}, FR: {'PD_1,PD_2': inf, 'PD_1,PD_3': inf, 'PD_1,PD_4': inf, 'PD_2,PD_3': inf, 'PD_2,PD_4': inf, 'PD_3,PD_4': inf}
  Computing metrics...
    RSI: {'PD_1,PD_2': 0.0, 'PD_1,PD_3': 0.0, 'PD_1,PD_4': 0.0, 'PD_2,PD_3': 0.0, 'PD_2,PD_4': 0.0, 'PD_3,PD_4': 1.0}, ASR: 1.0, TCB: {'PD_1': ['PD_3'], 'PD_2': ['PD_4'], 'PD_3': ['PD_4'], 'PD_4': ['PD_3']}, FR: {'PD_1,PD_2': inf, 'PD_1,PD_3': inf, 'PD_1,PD_4': inf, 'PD_2,PD_3': inf, 'PD_2,PD_4': inf, 'PD_3,PD_4': inf}
  Computing metrics...
    RSI: {'PD_1,PD_2': 0.0, 'PD_1,PD_3': 1.0, 'PD_1,PD_4': 1.0, 'PD_2,PD_3': 0.0, 'PD_2,PD_4': 0.0, 'PD_3,PD_4': 1.0}, ASR: 1.25, TCB: {'PD_1': ['PD_3', 'PD_4'], 'PD_2': ['PD_4'], 'PD_3': ['PD_1', 'PD_4'], 'PD_4': ['PD_1', 'PD_3']}, FR: {'PD_1,PD_2': inf, 'PD_1,PD_3': inf, 'PD_1,PD_4': inf, 'PD_2,PD_3': inf, 'PD_2,PD_4': inf, 'PD_3,PD_4': inf}
  Computing metrics...
    RSI: {'PD_1,PD_2': 0.0, 'PD_1,PD_3': 0.0, 'PD_1,PD_4': 0.0, 'PD_2,PD_3': 0.0, 'PD_2,PD_4': 0.0, 'PD_3,PD_4': 1.0}, ASR: 1.0, TCB: {'PD_1': ['PD_3'], 'PD_2': ['PD_4'], 'PD_3': ['PD_4'], 'PD_4': ['PD_3']}, FR: {'PD_1,PD_2': inf, 'PD_1,PD_3': inf, 'PD_1,PD_4': inf, 'PD_2,PD_3': inf, 'PD_2,PD_4': inf, 'PD_3,PD_4': inf}
  Computing metrics...
    RSI: {'PD_1,PD_2': 0.0, 'PD_1,PD_3': 0.0, 'PD_1,PD_4': 0.0, 'PD_2,PD_3': 0.0, 'PD_2,PD_4': 0.0, 'PD_3,PD_4': 1.0}, ASR: 1.25, TCB: {'PD_1': ['PD_3'], 'PD_2': ['PD_4'], 'PD_3': ['PD_4'], 'PD_4': ['PD_3']}, FR: {'PD_1,PD_2': inf, 'PD_1,PD_3': inf, 'PD_1,PD_4': inf, 'PD_2,PD_3': inf, 'PD_2,PD_4': inf, 'PD_3,PD_4': inf}
  Computing metrics...
    RSI: {'PD_1,PD_2': 0.0, 'PD_1,PD_3': 0.0, 'PD_1,PD_4': 0.0, 'PD_2,PD_3': 0.0, 'PD_2,PD_4': 0.0, 'PD_3,PD_4': 1.0}, ASR: 1.0, TCB: {'PD_1': ['PD_3'], 'PD_2': ['PD_4'], 'PD_3': ['PD_4'], 'PD_4': ['PD_3']}, FR: {'PD_1,PD_2': inf, 'PD_1,PD_3': inf, 'PD_1,PD_4': inf, 'PD_2,PD_3': inf, 'PD_2,PD_4': inf, 'PD_3,PD_4': inf}
  Computing metrics...
    RSI: {'PD_1,PD_2': 0.0, 'PD_1,PD_3': 0.0, 'PD_1,PD_4': 0.0, 'PD_2,PD_3': 0.0, 'PD_2,PD_4': 0.0, 'PD_3,PD_4': 1.0}, ASR: 1.25, TCB: {'PD_1': ['PD_3'], 'PD_2': ['PD_4'], 'PD_3': ['PD_4'], 'PD_4': ['PD_3']}, FR: {'PD_1,PD_2': inf, 'PD_1,PD_3': inf, 'PD_1,PD_4': inf, 'PD_2,PD_3': inf, 'PD_2,PD_4': inf, 'PD_3,PD_4': inf}
  Computing metrics...
    RSI: {'PD_1,PD_2': 0.0, 'PD_1,PD_3': 0.0, 'PD_1,PD_4': 0.0, 'PD_2,PD_3': 0.0, 'PD_2,PD_4': 0.0, 'PD_3,PD_4': 1.0}, ASR: 1.0, TCB: {'PD_1': ['PD_3'], 'PD_2': ['PD_4'], 'PD_3': ['PD_4'], 'PD_4': ['PD_3']}, FR: {'PD_1,PD_2': inf, 'PD_1,PD_3': inf, 'PD_1,PD_4': inf, 'PD_2,PD_3': inf, 'PD_2,PD_4': inf, 'PD_3,PD_4': inf}
  Computing metrics...
    RSI: {'PD_1,PD_2': 0.0, 'PD_1,PD_3': 0.0, 'PD_1,PD_4': 0.0, 'PD_2,PD_3': 0.0, 'PD_2,PD_4': 0.0, 'PD_3,PD_4': 1.0}, ASR: 1.25, TCB: {'PD_1': ['PD_3'], 'PD_2': ['PD_4'], 'PD_3': ['PD_4'], 'PD_4': ['PD_3']}, FR: {'PD_1,PD_2': inf, 'PD_1,PD_3': inf, 'PD_1,PD_4': inf, 'PD_2,PD_3': inf, 'PD_2,PD_4': inf, 'PD_3,PD_4': inf}
  Computing metrics...
    RSI: {'PD_1,PD_2': 0.0, 'PD_1,PD_3': 0.0, 'PD_1,PD_4': 0.0, 'PD_2,PD_3': 0.0, 'PD_2,PD_4': 0.0, 'PD_3,PD_4': 1.0}, ASR: 1.0, TCB: {'PD_1': ['PD_3'], 'PD_2': ['PD_4'], 'PD_3': ['PD_4'], 'PD_4': ['PD_3']}, FR: {'PD_1,PD_2': inf, 'PD_1,PD_3': inf, 'PD_1,PD_4': inf, 'PD_2,PD_3': inf, 'PD_2,PD_4': inf, 'PD_3,PD_4': inf}
  Computing metrics...
    RSI: {'PD_1,PD_2': 0.0, 'PD_1,PD_3': 0.0, 'PD_1,PD_4': 0.0, 'PD_2,PD_3': 0.0, 'PD_2,PD_4': 0.0, 'PD_3,PD_4': 1.0}, ASR: 1.25, TCB: {'PD_1': ['PD_3'], 'PD_2': ['PD_4'], 'PD_3': ['PD_4'], 'PD_4': ['PD_3']}, FR: {'PD_1,PD_2': inf, 'PD_1,PD_3': inf, 'PD_1,PD_4': inf, 'PD_2,PD_3': inf, 'PD_2,PD_4': inf, 'PD_3,PD_4': inf}
  Computing metrics...
    RSI: {'PD_1,PD_2': 0.0, 'PD_1,PD_3': 0.0, 'PD_1,PD_4': 0.0, 'PD_2,PD_3': 0.0, 'PD_2,PD_4': 0.0, 'PD_3,PD_4': 1.0}, ASR: 1.0, TCB: {'PD_1': ['PD_3'], 'PD_2': ['PD_4'], 'PD_3': ['PD_4'], 'PD_4': ['PD_3']}, FR: {'PD_1,PD_2': inf, 'PD_1,PD_3': inf, 'PD_1,PD_4': inf, 'PD_2,PD_3': inf, 'PD_2,PD_4': inf, 'PD_3,PD_4': inf}
  Computing metrics...
    RSI: {'PD_1,PD_2': 0.0, 'PD_1,PD_3': 0.0, 'PD_1,PD_4': 0.0, 'PD_2,PD_3': 0.0, 'PD_2,PD_4': 0.0, 'PD_3,PD_4': 1.0}, ASR: 1.25, TCB: {'PD_1': ['PD_3'], 'PD_2': ['PD_4'], 'PD_3': ['PD_4'], 'PD_4': ['PD_3']}, FR: {'PD_1,PD_2': inf, 'PD_1,PD_3': inf, 'PD_1,PD_4': inf, 'PD_2,PD_3': inf, 'PD_2,PD_4': inf, 'PD_3,PD_4': inf}
  Computing metrics...
    RSI: {'PD_1,PD_2': 0.0, 'PD_1,PD_3': 0.0, 'PD_1,PD_4': 0.0, 'PD_2,PD_3': 0.0, 'PD_2,PD_4': 0.0, 'PD_3,PD_4': 1.0}, ASR: 1.0, TCB: {'PD_1': ['PD_3'], 'PD_2': ['PD_4'], 'PD_3': ['PD_4'], 'PD_4': ['PD_3']}, FR: {'PD_1,PD_2': inf, 'PD_1,PD_3': inf, 'PD_1,PD_4': inf, 'PD_2,PD_3': inf, 'PD_2,PD_4': inf, 'PD_3,PD_4': inf}
  Computing metrics...
    RSI: {'PD_1,PD_2': 0.0, 'PD_1,PD_3': 0.0, 'PD_1,PD_4': 0.0, 'PD_2,PD_3': 1.0, 'PD_2,PD_4': 1.0, 'PD_3,PD_4': 1.0}, ASR: 1.25, TCB: {'PD_1': ['PD_3'], 'PD_2': ['PD_4', 'PD_3'], 'PD_3': ['PD_2', 'PD_4'], 'PD_4': ['PD_2', 'PD_3']}, FR: {'PD_1,PD_2': inf, 'PD_1,PD_3': inf, 'PD_1,PD_4': inf, 'PD_2,PD_3': inf, 'PD_2,PD_4': inf, 'PD_3,PD_4': inf}
  Computing metrics...
    RSI: {'PD_1,PD_2': 0.0, 'PD_1,PD_3': 0.0, 'PD_1,PD_4': 0.0, 'PD_2,PD_3': 0.0, 'PD_2,PD_4': 0.0, 'PD_3,PD_4': 1.0}, ASR: 1.0, TCB: {'PD_1': ['PD_3'], 'PD_2': ['PD_4'], 'PD_3': ['PD_4'], 'PD_4': ['PD_3']}, FR: {'PD_1,PD_2': inf, 'PD_1,PD_3': inf, 'PD_1,PD_4': inf, 'PD_2,PD_3': inf, 'PD_2,PD_4': inf, 'PD_3,PD_4': inf}
  Computing metrics...
    RSI: {'PD_1,PD_2': 0.0, 'PD_1,PD_3': 0.0, 'PD_1,PD_4': 0.0, 'PD_2,PD_3': 0.0, 'PD_2,PD_4': 0.0, 'PD_3,PD_4': 1.0}, ASR: 1.25, TCB: {'PD_1': ['PD_3'], 'PD_2': ['PD_4'], 'PD_3': ['PD_4'], 'PD_4': ['PD_3']}, FR: {'PD_1,PD_2': inf, 'PD_1,PD_3': inf, 'PD_1,PD_4': inf, 'PD_2,PD_3': inf, 'PD_2,PD_4': inf, 'PD_3,PD_4': inf}
  Computing metrics...
    RSI: {'PD_1,PD_2': 0.0, 'PD_1,PD_3': 0.0, 'PD_1,PD_4': 0.0, 'PD_2,PD_3': 0.0, 'PD_2,PD_4': 0.0, 'PD_3,PD_4': 1.0}, ASR: 1.0, TCB: {'PD_1': ['PD_3'], 'PD_2': ['PD_4'], 'PD_3': ['PD_4'], 'PD_4': ['PD_3']}, FR: {'PD_1,PD_2': inf, 'PD_1,PD_3': inf, 'PD_1,PD_4': inf, 'PD_2,PD_3': inf, 'PD_2,PD_4': inf, 'PD_3,PD_4': inf}
  Computing metrics...
    RSI: {'PD_1,PD_2': 0.0, 'PD_1,PD_3': 0.0, 'PD_1,PD_4': 0.0, 'PD_2,PD_3': 0.0, 'PD_2,PD_4': 0.0, 'PD_3,PD_4': 1.0}, ASR: 1.25, TCB: {'PD_1': ['PD_3'], 'PD_2': ['PD_4'], 'PD_3': ['PD_4'], 'PD_4': ['PD_3']}, FR: {'PD_1,PD_2': inf, 'PD_1,PD_3': inf, 'PD_1,PD_4': inf, 'PD_2,PD_3': inf, 'PD_2,PD_4': inf, 'PD_3,PD_4': inf}
  Computing metrics...
    RSI: {'PD_1,PD_2': 0.0, 'PD_1,PD_3': 0.0, 'PD_1,PD_4': 0.0, 'PD_2,PD_3': 0.0, 'PD_2,PD_4': 0.0, 'PD_3,PD_4': 1.0}, ASR: 1.0, TCB: {'PD_1': ['PD_3'], 'PD_2': ['PD_4'], 'PD_3': ['PD_4'], 'PD_4': ['PD_3']}, FR: {'PD_1,PD_2': inf, 'PD_1,PD_3': inf, 'PD_1,PD_4': inf, 'PD_2,PD_3': inf, 'PD_2,PD_4': inf, 'PD_3,PD_4': inf}
  Computing metrics...
    RSI: {'PD_1,PD_2': 0.0, 'PD_1,PD_3': 0.0, 'PD_1,PD_4': 0.0, 'PD_2,PD_3': 0.0, 'PD_2,PD_4': 0.0, 'PD_3,PD_4': 1.0}, ASR: 1.25, TCB: {'PD_1': ['PD_3'], 'PD_2': ['PD_4'], 'PD_3': ['PD_4'], 'PD_4': ['PD_3']}, FR: {'PD_1,PD_2': inf, 'PD_1,PD_3': inf, 'PD_1,PD_4': inf, 'PD_2,PD_3': inf, 'PD_2,PD_4': inf, 'PD_3,PD_4': inf}
  Computing metrics...
    RSI: {'PD_1,PD_2': 0.0, 'PD_1,PD_3': 0.0, 'PD_1,PD_4': 0.0, 'PD_2,PD_3': 0.0, 'PD_2,PD_4': 0.0, 'PD_3,PD_4': 1.0}, ASR: 1.0, TCB: {'PD_1': ['PD_3'], 'PD_2': ['PD_4'], 'PD_3': ['PD_4'], 'PD_4': ['PD_3']}, FR: {'PD_1,PD_2': inf, 'PD_1,PD_3': inf, 'PD_1,PD_4': inf, 'PD_2,PD_3': inf, 'PD_2,PD_4': inf, 'PD_3,PD_4': inf}
  Computing metrics...
    RSI: {'PD_1,PD_2': 0.0, 'PD_1,PD_3': 0.0, 'PD_1,PD_4': 0.0, 'PD_2,PD_3': 0.0, 'PD_2,PD_4': 0.0, 'PD_3,PD_4': 1.0}, ASR: 1.25, TCB: {'PD_1': ['PD_3'], 'PD_2': ['PD_4'], 'PD_3': ['PD_4'], 'PD_4': ['PD_3']}, FR: {'PD_1,PD_2': inf, 'PD_1,PD_3': inf, 'PD_1,PD_4': inf, 'PD_2,PD_3': inf, 'PD_2,PD_4': inf, 'PD_3,PD_4': inf}
  Computing metrics...
    RSI: {'PD_1,PD_2': 0.0, 'PD_1,PD_3': 0.0, 'PD_1,PD_4': 0.0, 'PD_2,PD_3': 0.0, 'PD_2,PD_4': 0.0, 'PD_3,PD_4': 1.0}, ASR: 1.0, TCB: {'PD_1': ['PD_3'], 'PD_2': ['PD_4'], 'PD_3': ['PD_4'], 'PD_4': ['PD_3']}, FR: {'PD_1,PD_2': inf, 'PD_1,PD_3': inf, 'PD_1,PD_4': inf, 'PD_2,PD_3': inf, 'PD_2,PD_4': inf, 'PD_3,PD_4': inf}
  Computing metrics...
    RSI: {'PD_1,PD_2': 0.0, 'PD_1,PD_3': 0.0, 'PD_1,PD_4': 0.0, 'PD_2,PD_3': 0.0, 'PD_2,PD_4': 0.0, 'PD_3,PD_4': 1.0}, ASR: 1.25, TCB: {'PD_1': ['PD_3'], 'PD_2': ['PD_4'], 'PD_3': ['PD_4'], 'PD_4': ['PD_3']}, FR: {'PD_1,PD_2': inf, 'PD_1,PD_3': inf, 'PD_1,PD_4': inf, 'PD_2,PD_3': inf, 'PD_2,PD_4': inf, 'PD_3,PD_4': inf}
  Computing metrics...
    RSI: {'PD_1,PD_2': 0.0, 'PD_1,PD_3': 0.0, 'PD_1,PD_4': 0.0, 'PD_2,PD_3': 0.0, 'PD_2,PD_4': 0.0, 'PD_3,PD_4': 1.0}, ASR: 1.0, TCB: {'PD_1': ['PD_3'], 'PD_2': ['PD_4'], 'PD_3': ['PD_4'], 'PD_4': ['PD_3']}, FR: {'PD_1,PD_2': inf, 'PD_1,PD_3': inf, 'PD_1,PD_4': inf, 'PD_2,PD_3': inf, 'PD_2,PD_4': inf, 'PD_3,PD_4': inf}
  Computing metrics...
    RSI: {'PD_1,PD_2': 0.0, 'PD_1,PD_3': 0.0, 'PD_1,PD_4': 0.0, 'PD_2,PD_3': 0.0, 'PD_2,PD_4': 0.0, 'PD_3,PD_4': 0.5}, ASR: 1.25, TCB: {'PD_1': ['PD_3'], 'PD_2': ['PD_4'], 'PD_3': ['PD_4'], 'PD_4': ['PD_3']}, FR: {'PD_1,PD_2': inf, 'PD_1,PD_3': inf, 'PD_1,PD_4': inf, 'PD_2,PD_3': inf, 'PD_2,PD_4': inf, 'PD_3,PD_4': inf}
  Computing metrics...
    RSI: {'PD_1,PD_2': 0.0, 'PD_1,PD_3': 0.0, 'PD_1,PD_4': 0.0, 'PD_2,PD_3': 0.0, 'PD_2,PD_4': 0.0, 'PD_3,PD_4': 1.0}, ASR: 1.0, TCB: {'PD_1': ['PD_3'], 'PD_2': ['PD_4'], 'PD_3': ['PD_4'], 'PD_4': ['PD_3']}, FR: {'PD_1,PD_2': inf, 'PD_1,PD_3': inf, 'PD_1,PD_4': inf, 'PD_2,PD_3': inf, 'PD_2,PD_4': inf, 'PD_3,PD_4': inf}
  Computing metrics...
    RSI: {'PD_1,PD_2': 0.0, 'PD_1,PD_3': 0.0, 'PD_1,PD_4': 0.0, 'PD_2,PD_3': 0.0, 'PD_2,PD_4': 0.0, 'PD_3,PD_4': 0.5}, ASR: 1.25, TCB: {'PD_1': ['PD_3'], 'PD_2': ['PD_4'], 'PD_3': ['PD_4'], 'PD_4': ['PD_3']}, FR: {'PD_1,PD_2': inf, 'PD_1,PD_3': inf, 'PD_1,PD_4': inf, 'PD_2,PD_3': inf, 'PD_2,PD_4': inf, 'PD_3,PD_4': inf}
  Computing metrics...
    RSI: {'PD_1,PD_2': 0.0, 'PD_1,PD_3': 0.0, 'PD_1,PD_4': 0.0, 'PD_2,PD_3': 0.0, 'PD_2,PD_4': 0.0, 'PD_3,PD_4': 1.0}, ASR: 1.0, TCB: {'PD_1': ['PD_3'], 'PD_2': ['PD_4'], 'PD_3': ['PD_4'], 'PD_4': ['PD_3']}, FR: {'PD_1,PD_2': inf, 'PD_1,PD_3': inf, 'PD_1,PD_4': inf, 'PD_2,PD_3': inf, 'PD_2,PD_4': inf, 'PD_3,PD_4': inf}
  Computing metrics...
    RSI: {'PD_1,PD_2': 0.0, 'PD_1,PD_3': 0.0, 'PD_1,PD_4': 0.0, 'PD_2,PD_3': 0.0, 'PD_2,PD_4': 0.0, 'PD_3,PD_4': 0.5}, ASR: 1.25, TCB: {'PD_1': ['PD_3'], 'PD_2': ['PD_4'], 'PD_3': ['PD_4'], 'PD_4': ['PD_3']}, FR: {'PD_1,PD_2': inf, 'PD_1,PD_3': inf, 'PD_1,PD_4': inf, 'PD_2,PD_3': inf, 'PD_2,PD_4': inf, 'PD_3,PD_4': inf}
  Computing metrics...
    RSI: {'PD_1,PD_2': 0.0, 'PD_1,PD_3': 0.0, 'PD_1,PD_4': 0.0, 'PD_2,PD_3': 0.0, 'PD_2,PD_4': 0.0, 'PD_3,PD_4': 1.0}, ASR: 1.0, TCB: {'PD_1': ['PD_3'], 'PD_2': ['PD_4'], 'PD_3': ['PD_4'], 'PD_4': ['PD_3']}, FR: {'PD_1,PD_2': inf, 'PD_1,PD_3': inf, 'PD_1,PD_4': inf, 'PD_2,PD_3': inf, 'PD_2,PD_4': inf, 'PD_3,PD_4': inf}
  Computing metrics...
    RSI: {'PD_1,PD_2': 0.0, 'PD_1,PD_3': 0.0, 'PD_1,PD_4': 0.0, 'PD_2,PD_3': 0.0, 'PD_2,PD_4': 0.0, 'PD_3,PD_4': 0.5}, ASR: 1.25, TCB: {'PD_1': ['PD_3'], 'PD_2': ['PD_4'], 'PD_3': ['PD_4'], 'PD_4': ['PD_3']}, FR: {'PD_1,PD_2': inf, 'PD_1,PD_3': inf, 'PD_1,PD_4': inf, 'PD_2,PD_3': inf, 'PD_2,PD_4': inf, 'PD_3,PD_4': inf}
  Computing metrics...
    RSI: {'PD_1,PD_2': 0.0, 'PD_1,PD_3': 0.0, 'PD_1,PD_4': 0.0, 'PD_2,PD_3': 0.0, 'PD_2,PD_4': 0.0, 'PD_3,PD_4': 1.0}, ASR: 1.0, TCB: {'PD_1': ['PD_3'], 'PD_2': ['PD_4'], 'PD_3': ['PD_4'], 'PD_4': ['PD_3']}, FR: {'PD_1,PD_2': inf, 'PD_1,PD_3': inf, 'PD_1,PD_4': inf, 'PD_2,PD_3': inf, 'PD_2,PD_4': inf, 'PD_3,PD_4': inf}
  Computing metrics...
    RSI: {'PD_1,PD_2': 0.0, 'PD_1,PD_3': 0.0, 'PD_1,PD_4': 0.0, 'PD_2,PD_3': 0.0, 'PD_2,PD_4': 0.0, 'PD_3,PD_4': 0.5}, ASR: 1.25, TCB: {'PD_1': ['PD_3'], 'PD_2': ['PD_4'], 'PD_3': ['PD_4'], 'PD_4': ['PD_3']}, FR: {'PD_1,PD_2': inf, 'PD_1,PD_3': inf, 'PD_1,PD_4': inf, 'PD_2,PD_3': inf, 'PD_2,PD_4': inf, 'PD_3,PD_4': inf}
  Computing metrics...
    RSI: {'PD_1,PD_2': 0.0, 'PD_1,PD_3': 0.0, 'PD_1,PD_4': 0.0, 'PD_2,PD_3': 0.0, 'PD_2,PD_4': 0.0, 'PD_3,PD_4': 1.0}, ASR: 1.0, TCB: {'PD_1': ['PD_3'], 'PD_2': ['PD_4'], 'PD_3': ['PD_4'], 'PD_4': ['PD_3']}, FR: {'PD_1,PD_2': inf, 'PD_1,PD_3': inf, 'PD_1,PD_4': inf, 'PD_2,PD_3': inf, 'PD_2,PD_4': inf, 'PD_3,PD_4': inf}
  Computing metrics...
    RSI: {'PD_1,PD_2': 0.0, 'PD_1,PD_3': 0.0, 'PD_1,PD_4': 0.0, 'PD_2,PD_3': 0.0, 'PD_2,PD_4': 0.0, 'PD_3,PD_4': 0.5}, ASR: 1.25, TCB: {'PD_1': ['PD_3'], 'PD_2': ['PD_4'], 'PD_3': ['PD_4'], 'PD_4': ['PD_3']}, FR: {'PD_1,PD_2': inf, 'PD_1,PD_3': inf, 'PD_1,PD_4': inf, 'PD_2,PD_3': inf, 'PD_2,PD_4': inf, 'PD_3,PD_4': inf}
  Computing metrics...
    RSI: {'PD_1,PD_2': 0.0, 'PD_1,PD_3': 0.0, 'PD_1,PD_4': 0.0, 'PD_2,PD_3': 0.0, 'PD_2,PD_4': 0.0, 'PD_3,PD_4': 1.0}, ASR: 1.0, TCB: {'PD_1': ['PD_3'], 'PD_2': ['PD_4'], 'PD_3': ['PD_4'], 'PD_4': ['PD_3']}, FR: {'PD_1,PD_2': inf, 'PD_1,PD_3': inf, 'PD_1,PD_4': inf, 'PD_2,PD_3': inf, 'PD_2,PD_4': inf, 'PD_3,PD_4': inf}
  Computing metrics...
    RSI: {'PD_1,PD_2': 0.0, 'PD_1,PD_3': 0.0, 'PD_1,PD_4': 0.0, 'PD_2,PD_3': 0.0, 'PD_2,PD_4': 0.0, 'PD_3,PD_4': 0.5}, ASR: 1.25, TCB: {'PD_1': ['PD_3'], 'PD_2': ['PD_4'], 'PD_3': ['PD_4'], 'PD_4': ['PD_3']}, FR: {'PD_1,PD_2': inf, 'PD_1,PD_3': inf, 'PD_1,PD_4': inf, 'PD_2,PD_3': inf, 'PD_2,PD_4': inf, 'PD_3,PD_4': inf}
  Computing metrics...
    RSI: {'PD_1,PD_2': 0.0, 'PD_1,PD_3': 0.0, 'PD_1,PD_4': 0.0, 'PD_2,PD_3': 0.0, 'PD_2,PD_4': 0.0, 'PD_3,PD_4': 1.0}, ASR: 1.0, TCB: {'PD_1': ['PD_3'], 'PD_2': ['PD_4'], 'PD_3': ['PD_4'], 'PD_4': ['PD_3']}, FR: {'PD_1,PD_2': inf, 'PD_1,PD_3': inf, 'PD_1,PD_4': inf, 'PD_2,PD_3': inf, 'PD_2,PD_4': inf, 'PD_3,PD_4': inf}
  Computing metrics...
    RSI: {'PD_1,PD_2': 0.0, 'PD_1,PD_3': 0.0, 'PD_1,PD_4': 0.0, 'PD_2,PD_3': 0.0, 'PD_2,PD_4': 0.0, 'PD_3,PD_4': 0.5}, ASR: 1.25, TCB: {'PD_1': ['PD_3'], 'PD_2': ['PD_4'], 'PD_3': ['PD_4'], 'PD_4': ['PD_3']}, FR: {'PD_1,PD_2': inf, 'PD_1,PD_3': inf, 'PD_1,PD_4': inf, 'PD_2,PD_3': inf, 'PD_2,PD_4': inf, 'PD_3,PD_4': inf}
  Computing metrics...
    RSI: {'PD_1,PD_2': 0.0, 'PD_1,PD_3': 0.0, 'PD_1,PD_4': 0.0, 'PD_2,PD_3': 0.0, 'PD_2,PD_4': 0.0, 'PD_3,PD_4': 1.0}, ASR: 1.0, TCB: {'PD_1': ['PD_3'], 'PD_2': ['PD_4'], 'PD_3': ['PD_4'], 'PD_4': ['PD_3']}, FR: {'PD_1,PD_2': inf, 'PD_1,PD_3': inf, 'PD_1,PD_4': inf, 'PD_2,PD_3': inf, 'PD_2,PD_4': inf, 'PD_3,PD_4': inf}
  Computing metrics...
    RSI: {'PD_1,PD_2': 0.0, 'PD_1,PD_3': 0.0, 'PD_1,PD_4': 0.0, 'PD_2,PD_3': 0.0, 'PD_2,PD_4': 0.0, 'PD_3,PD_4': 0.5}, ASR: 1.25, TCB: {'PD_1': ['PD_3'], 'PD_2': ['PD_4'], 'PD_3': ['PD_4'], 'PD_4': ['PD_3']}, FR: {'PD_1,PD_2': inf, 'PD_1,PD_3': inf, 'PD_1,PD_4': inf, 'PD_2,PD_3': inf, 'PD_2,PD_4': inf, 'PD_3,PD_4': inf}
  Computing metrics...
    RSI: {'PD_1,PD_2': 0.0, 'PD_1,PD_3': 0.0, 'PD_1,PD_4': 0.0, 'PD_2,PD_3': 0.0, 'PD_2,PD_4': 0.0, 'PD_3,PD_4': 1.0}, ASR: 1.0, TCB: {'PD_1': ['PD_3'], 'PD_2': ['PD_4'], 'PD_3': ['PD_4'], 'PD_4': ['PD_3']}, FR: {'PD_1,PD_2': inf, 'PD_1,PD_3': inf, 'PD_1,PD_4': inf, 'PD_2,PD_3': inf, 'PD_2,PD_4': inf, 'PD_3,PD_4': inf}
  Computing metrics...
    RSI: {'PD_1,PD_2': 0.0, 'PD_1,PD_3': 0.0, 'PD_1,PD_4': 0.0, 'PD_2,PD_3': 0.0, 'PD_2,PD_4': 0.0, 'PD_3,PD_4': 0.5}, ASR: 1.25, TCB: {'PD_1': ['PD_3'], 'PD_2': ['PD_4'], 'PD_3': ['PD_4'], 'PD_4': ['PD_3']}, FR: {'PD_1,PD_2': inf, 'PD_1,PD_3': inf, 'PD_1,PD_4': inf, 'PD_2,PD_3': inf, 'PD_2,PD_4': inf, 'PD_3,PD_4': inf}
  Computing metrics...
    RSI: {'PD_1,PD_2': 0.0, 'PD_1,PD_3': 0.0, 'PD_1,PD_4': 0.0, 'PD_2,PD_3': 0.0, 'PD_2,PD_4': 0.0, 'PD_3,PD_4': 1.0}, ASR: 1.0, TCB: {'PD_1': ['PD_3'], 'PD_2': ['PD_4'], 'PD_3': ['PD_4'], 'PD_4': ['PD_3']}, FR: {'PD_1,PD_2': inf, 'PD_1,PD_3': inf, 'PD_1,PD_4': inf, 'PD_2,PD_3': inf, 'PD_2,PD_4': inf, 'PD_3,PD_4': inf}
  Computing metrics...
    RSI: {'PD_1,PD_2': 0.0, 'PD_1,PD_3': 0.0, 'PD_1,PD_4': 0.0, 'PD_2,PD_3': 0.0, 'PD_2,PD_4': 0.0, 'PD_3,PD_4': 1.0}, ASR: 1.0, TCB: {'PD_1': ['PD_3'], 'PD_2': ['PD_4'], 'PD_3': ['PD_4'], 'PD_4': ['PD_3']}, FR: {'PD_1,PD_2': inf, 'PD_1,PD_3': inf, 'PD_1,PD_4': inf, 'PD_2,PD_3': inf, 'PD_2,PD_4': inf, 'PD_3,PD_4': inf}
    remove_hold_edge candidate: remove PD_3 -> FILE_1_1 HOLD edge -> score: 0.150
  Computing metrics...
    RSI: {'PD_1,PD_2': 0.0, 'PD_1,PD_3': 0.0, 'PD_1,PD_4': 0.0, 'PD_2,PD_3': 0.0, 'PD_2,PD_4': 0.0, 'PD_3,PD_4': 1.0}, ASR: 1.0, TCB: {'PD_1': ['PD_3'], 'PD_2': ['PD_4'], 'PD_3': ['PD_4'], 'PD_4': ['PD_3']}, FR: {'PD_1,PD_2': inf, 'PD_1,PD_3': inf, 'PD_1,PD_4': inf, 'PD_2,PD_3': inf, 'PD_2,PD_4': inf, 'PD_3,PD_4': inf}
  Computing metrics...
    RSI: {'PD_1,PD_2': 0.0, 'PD_1,PD_3': 0.0, 'PD_1,PD_4': 0.0, 'PD_2,PD_3': 0.0, 'PD_2,PD_4': 0.0, 'PD_3,PD_4': 1.0}, ASR: 1.0, TCB: {'PD_1': ['PD_3'], 'PD_2': ['PD_4'], 'PD_3': ['PD_4'], 'PD_4': ['PD_3']}, FR: {'PD_1,PD_2': inf, 'PD_1,PD_3': inf, 'PD_1,PD_4': inf, 'PD_2,PD_3': inf, 'PD_2,PD_4': inf, 'PD_3,PD_4': inf}
    remove_hold_edge candidate: remove PD_4 -> FILE_1_1 HOLD edge -> score: 0.150
  Computing metrics...
    RSI: {'PD_1,PD_2': 0.0, 'PD_1,PD_3': 0.0, 'PD_1,PD_4': 0.0, 'PD_2,PD_3': 0.0, 'PD_2,PD_4': 0.0, 'PD_3,PD_4': 1.0}, ASR: 1.0, TCB: {'PD_1': ['PD_3'], 'PD_2': ['PD_4'], 'PD_3': ['PD_4'], 'PD_4': ['PD_3']}, FR: {'PD_1,PD_2': inf, 'PD_1,PD_3': inf, 'PD_1,PD_4': inf, 'PD_2,PD_3': inf, 'PD_2,PD_4': inf, 'PD_3,PD_4': inf}
  Computing metrics...
    RSI: {'PD_1,PD_2': 0.0, 'PD_1,PD_3': 0.0, 'PD_1,PD_4': 0.0, 'PD_2,PD_3': 0.0, 'PD_2,PD_4': 0.0, 'PD_3,PD_4': 1.0}, ASR: 1.25, TCB: {'PD_1': ['PD_3', 'PD_2'], 'PD_2': ['PD_4'], 'PD_3': ['PD_4'], 'PD_4': ['PD_3']}, FR: {'PD_1,PD_2': 3, 'PD_1,PD_3': inf, 'PD_1,PD_4': inf, 'PD_2,PD_3': inf, 'PD_2,PD_4': inf, 'PD_3,PD_4': inf}
  Computing metrics...
    RSI: {'PD_1,PD_2': 0.0, 'PD_1,PD_3': 0.0, 'PD_1,PD_4': 0.0, 'PD_2,PD_3': 0.0, 'PD_2,PD_4': 0.0, 'PD_3,PD_4': 1.0}, ASR: 1.0, TCB: {'PD_1': ['PD_3'], 'PD_2': ['PD_4'], 'PD_3': ['PD_4'], 'PD_4': ['PD_3']}, FR: {'PD_1,PD_2': inf, 'PD_1,PD_3': inf, 'PD_1,PD_4': inf, 'PD_2,PD_3': inf, 'PD_2,PD_4': inf, 'PD_3,PD_4': inf}
  Computing metrics...
    RSI: {'PD_1,PD_2': 0.0, 'PD_1,PD_3': 0.0, 'PD_1,PD_4': 0.0, 'PD_2,PD_3': 0.0, 'PD_2,PD_4': 0.0, 'PD_3,PD_4': 1.0}, ASR: 1.25, TCB: {'PD_1': ['PD_3', 'PD_4'], 'PD_2': ['PD_4'], 'PD_3': ['PD_4'], 'PD_4': ['PD_3']}, FR: {'PD_1,PD_2': 2, 'PD_1,PD_3': inf, 'PD_1,PD_4': inf, 'PD_2,PD_3': inf, 'PD_2,PD_4': inf, 'PD_3,PD_4': inf}
  Computing metrics...
    RSI: {'PD_1,PD_2': 0.0, 'PD_1,PD_3': 0.0, 'PD_1,PD_4': 0.0, 'PD_2,PD_3': 0.0, 'PD_2,PD_4': 0.0, 'PD_3,PD_4': 1.0}, ASR: 1.0, TCB: {'PD_1': ['PD_3'], 'PD_2': ['PD_4'], 'PD_3': ['PD_4'], 'PD_4': ['PD_3']}, FR: {'PD_1,PD_2': inf, 'PD_1,PD_3': inf, 'PD_1,PD_4': inf, 'PD_2,PD_3': inf, 'PD_2,PD_4': inf, 'PD_3,PD_4': inf}
  Computing metrics...
    RSI: {'PD_1,PD_2': 0.0, 'PD_1,PD_3': 0.0, 'PD_1,PD_4': 0.0, 'PD_2,PD_3': 0.0, 'PD_2,PD_4': 0.0, 'PD_3,PD_4': 1.0}, ASR: 1.25, TCB: {'PD_1': ['PD_3'], 'PD_2': ['PD_4', 'PD_1'], 'PD_3': ['PD_4'], 'PD_4': ['PD_3']}, FR: {'PD_1,PD_2': 3, 'PD_1,PD_3': inf, 'PD_1,PD_4': inf, 'PD_2,PD_3': inf, 'PD_2,PD_4': inf, 'PD_3,PD_4': inf}
  Computing metrics...
    RSI: {'PD_1,PD_2': 0.0, 'PD_1,PD_3': 0.0, 'PD_1,PD_4': 0.0, 'PD_2,PD_3': 0.0, 'PD_2,PD_4': 0.0, 'PD_3,PD_4': 1.0}, ASR: 1.0, TCB: {'PD_1': ['PD_3'], 'PD_2': ['PD_4'], 'PD_3': ['PD_4'], 'PD_4': ['PD_3']}, FR: {'PD_1,PD_2': inf, 'PD_1,PD_3': inf, 'PD_1,PD_4': inf, 'PD_2,PD_3': inf, 'PD_2,PD_4': inf, 'PD_3,PD_4': inf}
  Computing metrics...
    RSI: {'PD_1,PD_2': 0.0, 'PD_1,PD_3': 0.0, 'PD_1,PD_4': 0.0, 'PD_2,PD_3': 0.0, 'PD_2,PD_4': 0.0, 'PD_3,PD_4': 1.0}, ASR: 1.25, TCB: {'PD_1': ['PD_3'], 'PD_2': ['PD_4', 'PD_3'], 'PD_3': ['PD_4'], 'PD_4': ['PD_3']}, FR: {'PD_1,PD_2': 2, 'PD_1,PD_3': inf, 'PD_1,PD_4': inf, 'PD_2,PD_3': inf, 'PD_2,PD_4': inf, 'PD_3,PD_4': inf}
  Computing metrics...
    RSI: {'PD_1,PD_2': 0.0, 'PD_1,PD_3': 0.0, 'PD_1,PD_4': 0.0, 'PD_2,PD_3': 0.0, 'PD_2,PD_4': 0.0, 'PD_3,PD_4': 1.0}, ASR: 1.0, TCB: {'PD_1': ['PD_3'], 'PD_2': ['PD_4'], 'PD_3': ['PD_4'], 'PD_4': ['PD_3']}, FR: {'PD_1,PD_2': inf, 'PD_1,PD_3': inf, 'PD_1,PD_4': inf, 'PD_2,PD_3': inf, 'PD_2,PD_4': inf, 'PD_3,PD_4': inf}
  Computing metrics...
    RSI: {'PD_1,PD_2': 0.0, 'PD_1,PD_3': 0.0, 'PD_1,PD_4': 0.0, 'PD_2,PD_3': 0.0, 'PD_2,PD_4': 0.0, 'PD_3,PD_4': 1.0}, ASR: 1.25, TCB: {'PD_1': ['PD_3'], 'PD_2': ['PD_4'], 'PD_3': ['PD_1', 'PD_4'], 'PD_4': ['PD_3']}, FR: {'PD_1,PD_2': inf, 'PD_1,PD_3': inf, 'PD_1,PD_4': inf, 'PD_2,PD_3': inf, 'PD_2,PD_4': inf, 'PD_3,PD_4': inf}
  Computing metrics...
    RSI: {'PD_1,PD_2': 0.0, 'PD_1,PD_3': 0.0, 'PD_1,PD_4': 0.0, 'PD_2,PD_3': 0.0, 'PD_2,PD_4': 0.0, 'PD_3,PD_4': 1.0}, ASR: 1.0, TCB: {'PD_1': ['PD_3'], 'PD_2': ['PD_4'], 'PD_3': ['PD_4'], 'PD_4': ['PD_3']}, FR: {'PD_1,PD_2': inf, 'PD_1,PD_3': inf, 'PD_1,PD_4': inf, 'PD_2,PD_3': inf, 'PD_2,PD_4': inf, 'PD_3,PD_4': inf}
  Computing metrics...
    RSI: {'PD_1,PD_2': 0.0, 'PD_1,PD_3': 0.0, 'PD_1,PD_4': 0.0, 'PD_2,PD_3': 0.0, 'PD_2,PD_4': 0.0, 'PD_3,PD_4': 1.0}, ASR: 1.25, TCB: {'PD_1': ['PD_3'], 'PD_2': ['PD_4'], 'PD_3': ['PD_2', 'PD_4'], 'PD_4': ['PD_3']}, FR: {'PD_1,PD_2': 4, 'PD_1,PD_3': 3, 'PD_1,PD_4': inf, 'PD_2,PD_3': 3, 'PD_2,PD_4': inf, 'PD_3,PD_4': inf}
  Computing metrics...
    RSI: {'PD_1,PD_2': 0.0, 'PD_1,PD_3': 0.0, 'PD_1,PD_4': 0.0, 'PD_2,PD_3': 0.0, 'PD_2,PD_4': 0.0, 'PD_3,PD_4': 1.0}, ASR: 1.0, TCB: {'PD_1': ['PD_3'], 'PD_2': ['PD_4'], 'PD_3': ['PD_4'], 'PD_4': ['PD_3']}, FR: {'PD_1,PD_2': inf, 'PD_1,PD_3': inf, 'PD_1,PD_4': inf, 'PD_2,PD_3': inf, 'PD_2,PD_4': inf, 'PD_3,PD_4': inf}
  Computing metrics...
    RSI: {'PD_1,PD_2': 0.0, 'PD_1,PD_3': 0.0, 'PD_1,PD_4': 0.0, 'PD_2,PD_3': 0.0, 'PD_2,PD_4': 0.0, 'PD_3,PD_4': 1.0}, ASR: 1.25, TCB: {'PD_1': ['PD_3'], 'PD_2': ['PD_4'], 'PD_3': ['PD_4'], 'PD_4': ['PD_3']}, FR: {'PD_1,PD_2': 3, 'PD_1,PD_3': 3, 'PD_1,PD_4': inf, 'PD_2,PD_3': 2, 'PD_2,PD_4': inf, 'PD_3,PD_4': inf}
  Computing metrics...
    RSI: {'PD_1,PD_2': 0.0, 'PD_1,PD_3': 0.0, 'PD_1,PD_4': 0.0, 'PD_2,PD_3': 0.0, 'PD_2,PD_4': 0.0, 'PD_3,PD_4': 1.0}, ASR: 1.0, TCB: {'PD_1': ['PD_3'], 'PD_2': ['PD_4'], 'PD_3': ['PD_4'], 'PD_4': ['PD_3']}, FR: {'PD_1,PD_2': inf, 'PD_1,PD_3': inf, 'PD_1,PD_4': inf, 'PD_2,PD_3': inf, 'PD_2,PD_4': inf, 'PD_3,PD_4': inf}
  Computing metrics...
    RSI: {'PD_1,PD_2': 0.0, 'PD_1,PD_3': 0.0, 'PD_1,PD_4': 0.0, 'PD_2,PD_3': 0.0, 'PD_2,PD_4': 0.0, 'PD_3,PD_4': 1.0}, ASR: 1.25, TCB: {'PD_1': ['PD_3'], 'PD_2': ['PD_4'], 'PD_3': ['PD_4'], 'PD_4': ['PD_1', 'PD_3']}, FR: {'PD_1,PD_2': 4, 'PD_1,PD_3': inf, 'PD_1,PD_4': 3, 'PD_2,PD_3': inf, 'PD_2,PD_4': 3, 'PD_3,PD_4': inf}
  Computing metrics...
    RSI: {'PD_1,PD_2': 0.0, 'PD_1,PD_3': 0.0, 'PD_1,PD_4': 0.0, 'PD_2,PD_3': 0.0, 'PD_2,PD_4': 0.0, 'PD_3,PD_4': 1.0}, ASR: 1.0, TCB: {'PD_1': ['PD_3'], 'PD_2': ['PD_4'], 'PD_3': ['PD_4'], 'PD_4': ['PD_3']}, FR: {'PD_1,PD_2': inf, 'PD_1,PD_3': inf, 'PD_1,PD_4': inf, 'PD_2,PD_3': inf, 'PD_2,PD_4': inf, 'PD_3,PD_4': inf}
  Computing metrics...
    RSI: {'PD_1,PD_2': 0.0, 'PD_1,PD_3': 0.0, 'PD_1,PD_4': 0.0, 'PD_2,PD_3': 0.0, 'PD_2,PD_4': 0.0, 'PD_3,PD_4': 1.0}, ASR: 1.25, TCB: {'PD_1': ['PD_3'], 'PD_2': ['PD_4'], 'PD_3': ['PD_4'], 'PD_4': ['PD_2', 'PD_3']}, FR: {'PD_1,PD_2': inf, 'PD_1,PD_3': inf, 'PD_1,PD_4': inf, 'PD_2,PD_3': inf, 'PD_2,PD_4': inf, 'PD_3,PD_4': inf}
  Computing metrics...
    RSI: {'PD_1,PD_2': 0.0, 'PD_1,PD_3': 0.0, 'PD_1,PD_4': 0.0, 'PD_2,PD_3': 0.0, 'PD_2,PD_4': 0.0, 'PD_3,PD_4': 1.0}, ASR: 1.0, TCB: {'PD_1': ['PD_3'], 'PD_2': ['PD_4'], 'PD_3': ['PD_4'], 'PD_4': ['PD_3']}, FR: {'PD_1,PD_2': inf, 'PD_1,PD_3': inf, 'PD_1,PD_4': inf, 'PD_2,PD_3': inf, 'PD_2,PD_4': inf, 'PD_3,PD_4': inf}
  Computing metrics...
    RSI: {'PD_1,PD_2': 0.0, 'PD_1,PD_3': 0.0, 'PD_1,PD_4': 0.0, 'PD_2,PD_3': 0.0, 'PD_2,PD_4': 0.0, 'PD_3,PD_4': 1.0}, ASR: 1.25, TCB: {'PD_1': ['PD_3'], 'PD_2': ['PD_4'], 'PD_3': ['PD_4'], 'PD_4': ['PD_3']}, FR: {'PD_1,PD_2': 3, 'PD_1,PD_3': inf, 'PD_1,PD_4': 2, 'PD_2,PD_3': inf, 'PD_2,PD_4': 3, 'PD_3,PD_4': inf}
  Computing metrics...
    RSI: {'PD_1,PD_2': 0.0, 'PD_1,PD_3': 0.0, 'PD_1,PD_4': 0.0, 'PD_2,PD_3': 0.0, 'PD_2,PD_4': 0.0, 'PD_3,PD_4': 1.0}, ASR: 1.0, TCB: {'PD_1': ['PD_3'], 'PD_2': ['PD_4'], 'PD_3': ['PD_4'], 'PD_4': ['PD_3']}, FR: {'PD_1,PD_2': inf, 'PD_1,PD_3': inf, 'PD_1,PD_4': inf, 'PD_2,PD_3': inf, 'PD_2,PD_4': inf, 'PD_3,PD_4': inf}
  Computing metrics...
    RSI: {'PD_1,PD_2': 0.0, 'PD_1,PD_3': 0.0, 'PD_1,PD_4': 0.0, 'PD_2,PD_3': 0.0, 'PD_2,PD_4': 0.0, 'PD_3,PD_4': 1.0}, ASR: 1.0, TCB: {'PD_1': ['PD_3'], 'PD_2': ['PD_4'], 'PD_3': ['PD_4'], 'PD_4': ['PD_3']}, FR: {'PD_1,PD_2': inf, 'PD_1,PD_3': inf, 'PD_1,PD_4': inf, 'PD_2,PD_3': inf, 'PD_2,PD_4': inf, 'PD_3,PD_4': inf}
  Computing metrics...
    RSI: {'PD_1,PD_2': 0.0, 'PD_1,PD_3': 0.0, 'PD_1,PD_4': 0.0, 'PD_2,PD_3': 0.0, 'PD_2,PD_4': 0.0, 'PD_3,PD_4': 1.0}, ASR: 1.0, TCB: {'PD_1': ['PD_3'], 'PD_2': ['PD_4'], 'PD_3': ['PD_4'], 'PD_4': ['PD_3']}, FR: {'PD_1,PD_2': inf, 'PD_1,PD_3': inf, 'PD_1,PD_4': inf, 'PD_2,PD_3': inf, 'PD_2,PD_4': inf, 'PD_3,PD_4': inf}
  Computing metrics...
    RSI: {'PD_1,PD_2': 0.0, 'PD_1,PD_3': 0.0, 'PD_1,PD_4': 0.0, 'PD_2,PD_3': 0.0, 'PD_2,PD_4': 0.0, 'PD_3,PD_4': 1.0}, ASR: 1.0, TCB: {'PD_1': ['PD_3'], 'PD_2': ['PD_4'], 'PD_3': ['PD_4'], 'PD_4': ['PD_3']}, FR: {'PD_1,PD_2': inf, 'PD_1,PD_3': inf, 'PD_1,PD_4': inf, 'PD_2,PD_3': inf, 'PD_2,PD_4': inf, 'PD_3,PD_4': inf}
  Computing metrics...
    RSI: {'PD_1,PD_2': 0.0, 'PD_1,PD_3': 0.0, 'PD_1,PD_4': 0.0, 'PD_2,PD_3': 0.0, 'PD_2,PD_4': 0.0, 'PD_3,PD_4': 1.0}, ASR: 1.0, TCB: {'PD_1': ['PD_3'], 'PD_2': ['PD_4'], 'PD_3': ['PD_4'], 'PD_4': ['PD_3']}, FR: {'PD_1,PD_2': inf, 'PD_1,PD_3': inf, 'PD_1,PD_4': inf, 'PD_2,PD_3': inf, 'PD_2,PD_4': inf, 'PD_3,PD_4': inf}
  Computing metrics...
    RSI: {'PD_1,PD_2': 0.0, 'PD_1,PD_3': 0.0, 'PD_1,PD_4': 0.0, 'PD_2,PD_3': 0.0, 'PD_2,PD_4': 0.0, 'PD_3,PD_4': 1.0}, ASR: 1.0, TCB: {'PD_1': ['PD_3'], 'PD_2': ['PD_4'], 'PD_3': ['PD_4'], 'PD_4': ['PD_3']}, FR: {'PD_1,PD_2': inf, 'PD_1,PD_3': inf, 'PD_1,PD_4': inf, 'PD_2,PD_3': inf, 'PD_2,PD_4': inf, 'PD_3,PD_4': inf}
  Computing metrics...
    RSI: {'PD_1,PD_2': 0.0, 'PD_1,PD_3': 0.0, 'PD_1,PD_4': 0.0, 'PD_2,PD_3': 0.0, 'PD_2,PD_4': 0.0, 'PD_3,PD_4': 1.0}, ASR: 1.0, TCB: {'PD_1': ['PD_3'], 'PD_2': ['PD_4'], 'PD_3': ['PD_4'], 'PD_4': ['PD_3']}, FR: {'PD_1,PD_2': inf, 'PD_1,PD_3': inf, 'PD_1,PD_4': inf, 'PD_2,PD_3': inf, 'PD_2,PD_4': inf, 'PD_3,PD_4': inf}
  Computing metrics...
    RSI: {'PD_1,PD_2': 0.0, 'PD_1,PD_3': 0.0, 'PD_1,PD_4': 0.0, 'PD_2,PD_3': 0.0, 'PD_2,PD_4': 0.0, 'PD_3,PD_4': 1.0}, ASR: 1.0, TCB: {'PD_1': ['PD_3'], 'PD_2': ['PD_4'], 'PD_3': ['PD_4'], 'PD_4': ['PD_3']}, FR: {'PD_1,PD_2': inf, 'PD_1,PD_3': inf, 'PD_1,PD_4': inf, 'PD_2,PD_3': inf, 'PD_2,PD_4': inf, 'PD_3,PD_4': inf}
  Computing metrics...
    RSI: {'PD_1,PD_2': 0.0, 'PD_1,PD_3': 0.0, 'PD_1,PD_4': 0.0, 'PD_2,PD_3': 0.0, 'PD_2,PD_4': 0.0, 'PD_3,PD_4': 1.0}, ASR: 1.0, TCB: {'PD_1': ['PD_3'], 'PD_2': ['PD_4'], 'PD_3': ['PD_4'], 'PD_4': ['PD_3']}, FR: {'PD_1,PD_2': inf, 'PD_1,PD_3': inf, 'PD_1,PD_4': inf, 'PD_2,PD_3': inf, 'PD_2,PD_4': inf, 'PD_3,PD_4': inf}
  Computing metrics...
    RSI: {'PD_1,PD_2': 0.0, 'PD_1,PD_3': 0.0, 'PD_1,PD_4': 0.0, 'PD_2,PD_3': 0.0, 'PD_2,PD_4': 0.0, 'PD_3,PD_4': 1.0}, ASR: 1.0, TCB: {'PD_1': ['PD_3'], 'PD_2': ['PD_4'], 'PD_3': ['PD_4'], 'PD_4': ['PD_3']}, FR: {'PD_1,PD_2': inf, 'PD_1,PD_3': inf, 'PD_1,PD_4': inf, 'PD_2,PD_3': inf, 'PD_2,PD_4': inf, 'PD_3,PD_4': inf}
  Computing metrics...
    RSI: {'PD_1,PD_2': 0.0, 'PD_1,PD_3': 0.0, 'PD_1,PD_4': 0.0, 'PD_2,PD_3': 0.0, 'PD_2,PD_4': 0.0, 'PD_3,PD_4': 1.0}, ASR: 1.0, TCB: {'PD_1': ['PD_3'], 'PD_2': ['PD_4'], 'PD_3': ['PD_4'], 'PD_4': ['PD_3']}, FR: {'PD_1,PD_2': inf, 'PD_1,PD_3': inf, 'PD_1,PD_4': inf, 'PD_2,PD_3': inf, 'PD_2,PD_4': inf, 'PD_3,PD_4': inf}
  Computing metrics...
    RSI: {'PD_1,PD_2': 0.0, 'PD_1,PD_3': 0.0, 'PD_1,PD_4': 0.0, 'PD_2,PD_3': 0.0, 'PD_2,PD_4': 0.0, 'PD_3,PD_4': 1.0}, ASR: 1.0, TCB: {'PD_1': ['PD_3'], 'PD_2': ['PD_4'], 'PD_3': ['PD_4'], 'PD_4': ['PD_3']}, FR: {'PD_1,PD_2': inf, 'PD_1,PD_3': inf, 'PD_1,PD_4': inf, 'PD_2,PD_3': inf, 'PD_2,PD_4': inf, 'PD_3,PD_4': inf}
  Computing metrics...
    RSI: {'PD_1,PD_2': 0.0, 'PD_1,PD_3': 0.0, 'PD_1,PD_4': 0.0, 'PD_2,PD_3': 0.0, 'PD_2,PD_4': 0.0, 'PD_3,PD_4': 1.0}, ASR: 1.0, TCB: {'PD_1': ['PD_3'], 'PD_2': ['PD_4'], 'PD_3': ['PD_4'], 'PD_4': ['PD_3']}, FR: {'PD_1,PD_2': inf, 'PD_1,PD_3': inf, 'PD_1,PD_4': inf, 'PD_2,PD_3': inf, 'PD_2,PD_4': inf, 'PD_3,PD_4': inf}
  Computing metrics...
    RSI: {'PD_1,PD_2': 0.0, 'PD_1,PD_3': 0.0, 'PD_1,PD_4': 0.0, 'PD_2,PD_3': 0.0, 'PD_2,PD_4': 0.0, 'PD_3,PD_4': 1.0}, ASR: 1.0, TCB: {'PD_1': ['PD_3'], 'PD_2': ['PD_4'], 'PD_3': ['PD_4'], 'PD_4': ['PD_3']}, FR: {'PD_1,PD_2': inf, 'PD_1,PD_3': inf, 'PD_1,PD_4': inf, 'PD_2,PD_3': inf, 'PD_2,PD_4': inf, 'PD_3,PD_4': inf}
  Computing metrics...
    RSI: {'PD_1,PD_2': 0.0, 'PD_1,PD_3': 0.0, 'PD_1,PD_4': 0.0, 'PD_2,PD_3': 0.0, 'PD_2,PD_4': 0.0, 'PD_3,PD_4': 1.0}, ASR: 1.0, TCB: {'PD_1': ['PD_3'], 'PD_2': ['PD_4'], 'PD_3': ['PD_4'], 'PD_4': ['PD_3']}, FR: {'PD_1,PD_2': inf, 'PD_1,PD_3': inf, 'PD_1,PD_4': inf, 'PD_2,PD_3': inf, 'PD_2,PD_4': inf, 'PD_3,PD_4': inf}
  Computing metrics...
    RSI: {'PD_1,PD_2': 0.0, 'PD_1,PD_3': 0.0, 'PD_1,PD_4': 0.0, 'PD_2,PD_3': 0.0, 'PD_2,PD_4': 0.0, 'PD_3,PD_4': 1.0}, ASR: 1.0, TCB: {'PD_1': ['PD_3'], 'PD_2': ['PD_4'], 'PD_3': ['PD_4'], 'PD_4': ['PD_3']}, FR: {'PD_1,PD_2': inf, 'PD_1,PD_3': inf, 'PD_1,PD_4': inf, 'PD_2,PD_3': inf, 'PD_2,PD_4': inf, 'PD_3,PD_4': inf}
  🚫 Filtered out 0 'add_file_resource(create new DATABASE file in FILE_SPACE_1)' candidates (avoiding repetition)
  Trying best transition: primitive
    Target: add new protection domain to help resolve 2 constraint violation(s)
    Predicted improvement: 0.100
    Considered 54 other option(s):
      1. primitive: create new CONFIG file in FILE_SPACE_1 (improvement: 0.700)
      2. primitive: create new DATABASE file in FILE_SPACE_1 (improvement: 0.700)
      3. primitive: create new TEMP file in FILE_SPACE_1 (improvement: 0.700)
      4. primitive: create new LOG file in FILE_SPACE_1 (improvement: 0.700)
      5. primitive: add authority relationship: PD_1 -> PD_2 (improvement: 0.250)
      6. primitive: enable indirect access: PD_1 -> PD_4 (improvement: 0.250)
      7. primitive: add authority relationship: PD_2 -> PD_1 (improvement: 0.250)
      8. primitive: enable indirect access: PD_2 -> PD_3 (improvement: 0.250)
      9. primitive: add authority relationship: PD_3 -> PD_1 (improvement: 0.250)
      10. primitive: add authority relationship: PD_3 -> PD_2 (improvement: 0.250)
      ... and 44 more
    ✅ Applied add_pd
  📋 Generated 55 candidate(s)
  Computing metrics...
    RSI: {'PD_1,PD_2': 0.0, 'PD_1,PD_3': 0.0, 'PD_1,PD_4': 0.0, 'PD_2,PD_3': 0.0, 'PD_2,PD_4': 0.0, 'PD_3,PD_4': 1.0}, ASR: 1.0, TCB: {'PD_1': ['PD_3'], 'PD_2': ['PD_4'], 'PD_3': ['PD_4'], 'PD_4': ['PD_3']}, FR: {'PD_1,PD_2': inf, 'PD_1,PD_3': inf, 'PD_1,PD_4': inf, 'PD_2,PD_3': inf, 'PD_2,PD_4': inf, 'PD_3,PD_4': inf}
    ✅ Added candidate: add_file_resource (score: 0.700)
  Computing metrics...
    RSI: {'PD_1,PD_2': 0.0, 'PD_1,PD_3': 0.0, 'PD_1,PD_4': 0.0, 'PD_2,PD_3': 0.0, 'PD_2,PD_4': 0.0, 'PD_3,PD_4': 1.0}, ASR: 1.0, TCB: {'PD_1': ['PD_3'], 'PD_2': ['PD_4'], 'PD_3': ['PD_4'], 'PD_4': ['PD_3']}, FR: {'PD_1,PD_2': inf, 'PD_1,PD_3': inf, 'PD_1,PD_4': inf, 'PD_2,PD_3': inf, 'PD_2,PD_4': inf, 'PD_3,PD_4': inf}
    ✅ Added candidate: add_file_resource (score: 0.700)

🌟 Expanding Beam[2] (score: 0.700)
  ⚠️  Constraints violated: PD_1 lacks access to any files; PD_2 lacks access to any files
  Computing metrics...
    RSI: {'PD_1,PD_2': 0.0, 'PD_1,PD_3': 0.0, 'PD_1,PD_4': 0.0, 'PD_2,PD_3': 0.0, 'PD_2,PD_4': 0.0, 'PD_3,PD_4': 1.0}, ASR: 1.0, TCB: {'PD_1': ['PD_3'], 'PD_2': ['PD_4'], 'PD_3': ['PD_4'], 'PD_4': ['PD_3']}, FR: {'PD_1,PD_2': inf, 'PD_1,PD_3': inf, 'PD_1,PD_4': inf, 'PD_2,PD_3': inf, 'PD_2,PD_4': inf, 'PD_3,PD_4': inf}
  Computing metrics...
    RSI: {'PD_1,PD_2': 0.0, 'PD_1,PD_3': 0.0, 'PD_1,PD_4': 0.0, 'PD_1,PD_5': 0.0, 'PD_2,PD_3': 0.0, 'PD_2,PD_4': 0.0, 'PD_2,PD_5': 0.0, 'PD_3,PD_4': 1.0, 'PD_3,PD_5': 0.0, 'PD_4,PD_5': 0.0}, ASR: 0.8, TCB: {'PD_1': ['PD_3'], 'PD_2': ['PD_4'], 'PD_3': ['PD_4'], 'PD_4': ['PD_3'], 'PD_5': []}, FR: {'PD_1,PD_2': inf, 'PD_1,PD_3': inf, 'PD_1,PD_4': inf, 'PD_1,PD_5': inf, 'PD_2,PD_3': inf, 'PD_2,PD_4': inf, 'PD_2,PD_5': inf, 'PD_3,PD_4': inf, 'PD_3,PD_5': inf, 'PD_4,PD_5': inf}
  Computing metrics...
    RSI: {'PD_1,PD_2': 0.0, 'PD_1,PD_3': 0.0, 'PD_1,PD_4': 0.0, 'PD_2,PD_3': 0.0, 'PD_2,PD_4': 0.0, 'PD_3,PD_4': 1.0}, ASR: 1.0, TCB: {'PD_1': ['PD_3'], 'PD_2': ['PD_4'], 'PD_3': ['PD_4'], 'PD_4': ['PD_3']}, FR: {'PD_1,PD_2': inf, 'PD_1,PD_3': inf, 'PD_1,PD_4': inf, 'PD_2,PD_3': inf, 'PD_2,PD_4': inf, 'PD_3,PD_4': inf}
  Computing metrics...
    RSI: {'PD_1,PD_2': 0.0, 'PD_1,PD_3': 0.0, 'PD_1,PD_4': 0.0, 'PD_2,PD_3': 0.0, 'PD_2,PD_4': 0.0, 'PD_3,PD_4': 1.0}, ASR: 1.0, TCB: {'PD_1': ['PD_3'], 'PD_2': ['PD_4'], 'PD_3': ['PD_4'], 'PD_4': ['PD_3']}, FR: {'PD_1,PD_2': inf, 'PD_1,PD_3': inf, 'PD_1,PD_4': inf, 'PD_2,PD_3': inf, 'PD_2,PD_4': inf, 'PD_3,PD_4': inf}
  Computing metrics...
    RSI: {'PD_1,PD_2': 0.0, 'PD_1,PD_3': 0.0, 'PD_1,PD_4': 0.0, 'PD_2,PD_3': 0.0, 'PD_2,PD_4': 0.0, 'PD_3,PD_4': 1.0}, ASR: 1.0, TCB: {'PD_1': ['PD_3'], 'PD_2': ['PD_4'], 'PD_3': ['PD_4'], 'PD_4': ['PD_3']}, FR: {'PD_1,PD_2': inf, 'PD_1,PD_3': inf, 'PD_1,PD_4': inf, 'PD_2,PD_3': inf, 'PD_2,PD_4': inf, 'PD_3,PD_4': inf}
  Computing metrics...
    RSI: {'PD_1,PD_2': 0.0, 'PD_1,PD_3': 0.0, 'PD_1,PD_4': 0.0, 'PD_2,PD_3': 0.0, 'PD_2,PD_4': 0.0, 'PD_3,PD_4': 1.0}, ASR: 1.0, TCB: {'PD_1': ['PD_3'], 'PD_2': ['PD_4'], 'PD_3': ['PD_4'], 'PD_4': ['PD_3']}, FR: {'PD_1,PD_2': inf, 'PD_1,PD_3': inf, 'PD_1,PD_4': inf, 'PD_2,PD_3': inf, 'PD_2,PD_4': inf, 'PD_3,PD_4': inf}
  Computing metrics...
    RSI: {'PD_1,PD_2': 0.0, 'PD_1,PD_3': 0.0, 'PD_1,PD_4': 0.0, 'PD_2,PD_3': 0.0, 'PD_2,PD_4': 0.0, 'PD_3,PD_4': 1.0}, ASR: 1.0, TCB: {'PD_1': ['PD_3'], 'PD_2': ['PD_4'], 'PD_3': ['PD_4'], 'PD_4': ['PD_3']}, FR: {'PD_1,PD_2': inf, 'PD_1,PD_3': inf, 'PD_1,PD_4': inf, 'PD_2,PD_3': inf, 'PD_2,PD_4': inf, 'PD_3,PD_4': inf}
  Computing metrics...
    RSI: {'PD_1,PD_2': 0.0, 'PD_1,PD_3': 0.0, 'PD_1,PD_4': 0.0, 'PD_2,PD_3': 0.0, 'PD_2,PD_4': 0.0, 'PD_3,PD_4': 1.0}, ASR: 1.0, TCB: {'PD_1': ['PD_3'], 'PD_2': ['PD_4'], 'PD_3': ['PD_4'], 'PD_4': ['PD_3']}, FR: {'PD_1,PD_2': inf, 'PD_1,PD_3': inf, 'PD_1,PD_4': inf, 'PD_2,PD_3': inf, 'PD_2,PD_4': inf, 'PD_3,PD_4': inf}
  Computing metrics...
    RSI: {'PD_1,PD_2': 0.0, 'PD_1,PD_3': 0.0, 'PD_1,PD_4': 0.0, 'PD_2,PD_3': 0.0, 'PD_2,PD_4': 0.0, 'PD_3,PD_4': 1.0}, ASR: 1.0, TCB: {'PD_1': ['PD_3'], 'PD_2': ['PD_4'], 'PD_3': ['PD_4'], 'PD_4': ['PD_3']}, FR: {'PD_1,PD_2': inf, 'PD_1,PD_3': inf, 'PD_1,PD_4': inf, 'PD_2,PD_3': inf, 'PD_2,PD_4': inf, 'PD_3,PD_4': inf}
  Computing metrics...
    RSI: {'PD_1,PD_2': 0.0, 'PD_1,PD_3': 0.0, 'PD_1,PD_4': 0.0, 'PD_2,PD_3': 0.0, 'PD_2,PD_4': 0.0, 'PD_3,PD_4': 1.0}, ASR: 1.0, TCB: {'PD_1': ['PD_3'], 'PD_2': ['PD_4'], 'PD_3': ['PD_4'], 'PD_4': ['PD_3']}, FR: {'PD_1,PD_2': inf, 'PD_1,PD_3': inf, 'PD_1,PD_4': inf, 'PD_2,PD_3': inf, 'PD_2,PD_4': inf, 'PD_3,PD_4': inf}
  Computing metrics...
    RSI: {'PD_1,PD_2': 0.0, 'PD_1,PD_3': 0.0, 'PD_1,PD_4': 0.0, 'PD_2,PD_3': 0.0, 'PD_2,PD_4': 0.0, 'PD_3,PD_4': 1.0}, ASR: 1.0, TCB: {'PD_1': ['PD_3'], 'PD_2': ['PD_4'], 'PD_3': ['PD_4'], 'PD_4': ['PD_3']}, FR: {'PD_1,PD_2': inf, 'PD_1,PD_3': inf, 'PD_1,PD_4': inf, 'PD_2,PD_3': inf, 'PD_2,PD_4': inf, 'PD_3,PD_4': inf}
  Computing metrics...
    RSI: {'PD_1,PD_2': 0.0, 'PD_1,PD_3': 0.0, 'PD_1,PD_4': 0.0, 'PD_2,PD_3': 0.0, 'PD_2,PD_4': 0.0, 'PD_3,PD_4': 1.0}, ASR: 1.0, TCB: {'PD_1': ['PD_3'], 'PD_2': ['PD_4'], 'PD_3': ['PD_4'], 'PD_4': ['PD_3']}, FR: {'PD_1,PD_2': inf, 'PD_1,PD_3': inf, 'PD_1,PD_4': inf, 'PD_2,PD_3': inf, 'PD_2,PD_4': inf, 'PD_3,PD_4': inf}
  Computing metrics...
    RSI: {'PD_1,PD_2': 0.0, 'PD_1,PD_3': 0.0, 'PD_1,PD_4': 0.0, 'PD_2,PD_3': 0.0, 'PD_2,PD_4': 0.0, 'PD_3,PD_4': 1.0}, ASR: 1.0, TCB: {'PD_1': ['PD_3'], 'PD_2': ['PD_4'], 'PD_3': ['PD_4'], 'PD_4': ['PD_3']}, FR: {'PD_1,PD_2': inf, 'PD_1,PD_3': inf, 'PD_1,PD_4': inf, 'PD_2,PD_3': inf, 'PD_2,PD_4': inf, 'PD_3,PD_4': inf}
  Computing metrics...
    RSI: {'PD_1,PD_2': 0.0, 'PD_1,PD_3': 0.0, 'PD_1,PD_4': 0.0, 'PD_2,PD_3': 0.0, 'PD_2,PD_4': 0.0, 'PD_3,PD_4': 1.0}, ASR: 1.0, TCB: {'PD_1': ['PD_3'], 'PD_2': ['PD_4'], 'PD_3': ['PD_4'], 'PD_4': ['PD_3']}, FR: {'PD_1,PD_2': inf, 'PD_1,PD_3': inf, 'PD_1,PD_4': inf, 'PD_2,PD_3': inf, 'PD_2,PD_4': inf, 'PD_3,PD_4': inf}
  Computing metrics...
    RSI: {'PD_1,PD_2': 0.0, 'PD_1,PD_3': 0.0, 'PD_1,PD_4': 0.0, 'PD_2,PD_3': 0.0, 'PD_2,PD_4': 0.0, 'PD_3,PD_4': 1.0}, ASR: 1.0, TCB: {'PD_1': ['PD_3'], 'PD_2': ['PD_4'], 'PD_3': ['PD_4'], 'PD_4': ['PD_3']}, FR: {'PD_1,PD_2': inf, 'PD_1,PD_3': inf, 'PD_1,PD_4': inf, 'PD_2,PD_3': inf, 'PD_2,PD_4': inf, 'PD_3,PD_4': inf}
  Computing metrics...
    RSI: {'PD_1,PD_2': 0.0, 'PD_1,PD_3': 0.0, 'PD_1,PD_4': 0.0, 'PD_2,PD_3': 0.0, 'PD_2,PD_4': 0.0, 'PD_3,PD_4': 1.0}, ASR: 1.0, TCB: {'PD_1': ['PD_3'], 'PD_2': ['PD_4'], 'PD_3': ['PD_4'], 'PD_4': ['PD_3']}, FR: {'PD_1,PD_2': inf, 'PD_1,PD_3': inf, 'PD_1,PD_4': inf, 'PD_2,PD_3': inf, 'PD_2,PD_4': inf, 'PD_3,PD_4': inf}
  Computing metrics...
    RSI: {'PD_1,PD_2': 0.0, 'PD_1,PD_3': 0.0, 'PD_1,PD_4': 0.0, 'PD_2,PD_3': 0.0, 'PD_2,PD_4': 0.0, 'PD_3,PD_4': 1.0}, ASR: 1.0, TCB: {'PD_1': ['PD_3'], 'PD_2': ['PD_4'], 'PD_3': ['PD_4'], 'PD_4': ['PD_3']}, FR: {'PD_1,PD_2': inf, 'PD_1,PD_3': inf, 'PD_1,PD_4': inf, 'PD_2,PD_3': inf, 'PD_2,PD_4': inf, 'PD_3,PD_4': inf}
  Computing metrics...
    RSI: {'PD_1,PD_2': 0.0, 'PD_1,PD_3': 0.0, 'PD_1,PD_4': 0.0, 'PD_2,PD_3': 0.0, 'PD_2,PD_4': 0.0, 'PD_3,PD_4': 1.0}, ASR: 1.0, TCB: {'PD_1': ['PD_3'], 'PD_2': ['PD_4'], 'PD_3': ['PD_4'], 'PD_4': ['PD_3']}, FR: {'PD_1,PD_2': inf, 'PD_1,PD_3': inf, 'PD_1,PD_4': inf, 'PD_2,PD_3': inf, 'PD_2,PD_4': inf, 'PD_3,PD_4': inf}
  Computing metrics...
    RSI: {'PD_1,PD_2': 0.0, 'PD_1,PD_3': 0.0, 'PD_1,PD_4': 0.0, 'PD_2,PD_3': 0.0, 'PD_2,PD_4': 0.0, 'PD_3,PD_4': 1.0}, ASR: 1.0, TCB: {'PD_1': ['PD_3'], 'PD_2': ['PD_4'], 'PD_3': ['PD_4'], 'PD_4': ['PD_3']}, FR: {'PD_1,PD_2': inf, 'PD_1,PD_3': inf, 'PD_1,PD_4': inf, 'PD_2,PD_3': inf, 'PD_2,PD_4': inf, 'PD_3,PD_4': inf}
  Computing metrics...
    RSI: {'PD_1,PD_2': 0.0, 'PD_1,PD_3': 0.0, 'PD_1,PD_4': 0.0, 'PD_2,PD_3': 0.0, 'PD_2,PD_4': 0.0, 'PD_3,PD_4': 1.0}, ASR: 1.0, TCB: {'PD_1': ['PD_3'], 'PD_2': ['PD_4'], 'PD_3': ['PD_4'], 'PD_4': ['PD_3']}, FR: {'PD_1,PD_2': inf, 'PD_1,PD_3': inf, 'PD_1,PD_4': inf, 'PD_2,PD_3': inf, 'PD_2,PD_4': inf, 'PD_3,PD_4': inf}
  Computing metrics...
    RSI: {'PD_1,PD_2': 0.0, 'PD_1,PD_3': 0.0, 'PD_1,PD_4': 0.0, 'PD_2,PD_3': 0.0, 'PD_2,PD_4': 0.0, 'PD_3,PD_4': 1.0}, ASR: 1.0, TCB: {'PD_1': ['PD_3'], 'PD_2': ['PD_4'], 'PD_3': ['PD_4'], 'PD_4': ['PD_3']}, FR: {'PD_1,PD_2': inf, 'PD_1,PD_3': inf, 'PD_1,PD_4': inf, 'PD_2,PD_3': inf, 'PD_2,PD_4': inf, 'PD_3,PD_4': inf}
  Computing metrics...
    RSI: {'PD_1,PD_2': 0.0, 'PD_1,PD_3': 0.0, 'PD_1,PD_4': 0.0, 'PD_2,PD_3': 0.0, 'PD_2,PD_4': 0.0, 'PD_3,PD_4': 1.0}, ASR: 1.0, TCB: {'PD_1': ['PD_3'], 'PD_2': ['PD_4'], 'PD_3': ['PD_4'], 'PD_4': ['PD_3']}, FR: {'PD_1,PD_2': inf, 'PD_1,PD_3': inf, 'PD_1,PD_4': inf, 'PD_2,PD_3': inf, 'PD_2,PD_4': inf, 'PD_3,PD_4': inf}
  Computing metrics...
    RSI: {'PD_1,PD_2': 0.0, 'PD_1,PD_3': 0.0, 'PD_1,PD_4': 0.0, 'PD_2,PD_3': 0.0, 'PD_2,PD_4': 0.0, 'PD_3,PD_4': 1.0}, ASR: 1.0, TCB: {'PD_1': ['PD_3'], 'PD_2': ['PD_4'], 'PD_3': ['PD_4'], 'PD_4': ['PD_3']}, FR: {'PD_1,PD_2': inf, 'PD_1,PD_3': inf, 'PD_1,PD_4': inf, 'PD_2,PD_3': inf, 'PD_2,PD_4': inf, 'PD_3,PD_4': inf}
  Computing metrics...
    RSI: {'PD_1,PD_2': 0.0, 'PD_1,PD_3': 0.0, 'PD_1,PD_4': 0.0, 'PD_2,PD_3': 0.0, 'PD_2,PD_4': 0.0, 'PD_3,PD_4': 1.0}, ASR: 1.0, TCB: {'PD_1': ['PD_3'], 'PD_2': ['PD_4'], 'PD_3': ['PD_4'], 'PD_4': ['PD_3']}, FR: {'PD_1,PD_2': inf, 'PD_1,PD_3': inf, 'PD_1,PD_4': inf, 'PD_2,PD_3': inf, 'PD_2,PD_4': inf, 'PD_3,PD_4': inf}
  Computing metrics...
    RSI: {'PD_1,PD_2': 0.0, 'PD_1,PD_3': 0.0, 'PD_1,PD_4': 0.0, 'PD_2,PD_3': 0.0, 'PD_2,PD_4': 0.0, 'PD_3,PD_4': 1.0}, ASR: 1.0, TCB: {'PD_1': ['PD_3'], 'PD_2': ['PD_4'], 'PD_3': ['PD_4'], 'PD_4': ['PD_3']}, FR: {'PD_1,PD_2': inf, 'PD_1,PD_3': inf, 'PD_1,PD_4': inf, 'PD_2,PD_3': inf, 'PD_2,PD_4': inf, 'PD_3,PD_4': inf}
  Computing metrics...
    RSI: {'PD_1,PD_2': 0.0, 'PD_1,PD_3': 0.0, 'PD_1,PD_4': 0.0, 'PD_2,PD_3': 0.0, 'PD_2,PD_4': 0.0, 'PD_3,PD_4': 1.0}, ASR: 1.0, TCB: {'PD_1': ['PD_3'], 'PD_2': ['PD_4'], 'PD_3': ['PD_4'], 'PD_4': ['PD_3']}, FR: {'PD_1,PD_2': inf, 'PD_1,PD_3': inf, 'PD_1,PD_4': inf, 'PD_2,PD_3': inf, 'PD_2,PD_4': inf, 'PD_3,PD_4': inf}
  Computing metrics...
    RSI: {'PD_1,PD_2': 0.0, 'PD_1,PD_3': 0.0, 'PD_1,PD_4': 0.0, 'PD_2,PD_3': 0.0, 'PD_2,PD_4': 0.0, 'PD_3,PD_4': 1.0}, ASR: 1.0, TCB: {'PD_1': ['PD_3'], 'PD_2': ['PD_4'], 'PD_3': ['PD_4'], 'PD_4': ['PD_3']}, FR: {'PD_1,PD_2': inf, 'PD_1,PD_3': inf, 'PD_1,PD_4': inf, 'PD_2,PD_3': inf, 'PD_2,PD_4': inf, 'PD_3,PD_4': inf}
  Computing metrics...
    RSI: {'PD_1,PD_2': 0.0, 'PD_1,PD_3': 1.0, 'PD_1,PD_4': 1.0, 'PD_2,PD_3': 0.0, 'PD_2,PD_4': 0.0, 'PD_3,PD_4': 1.0}, ASR: 1.25, TCB: {'PD_1': ['PD_3', 'PD_4'], 'PD_2': ['PD_4'], 'PD_3': ['PD_1', 'PD_4'], 'PD_4': ['PD_1', 'PD_3']}, FR: {'PD_1,PD_2': inf, 'PD_1,PD_3': inf, 'PD_1,PD_4': inf, 'PD_2,PD_3': inf, 'PD_2,PD_4': inf, 'PD_3,PD_4': inf}
  Computing metrics...
    RSI: {'PD_1,PD_2': 0.0, 'PD_1,PD_3': 0.0, 'PD_1,PD_4': 0.0, 'PD_2,PD_3': 0.0, 'PD_2,PD_4': 0.0, 'PD_3,PD_4': 1.0}, ASR: 1.0, TCB: {'PD_1': ['PD_3'], 'PD_2': ['PD_4'], 'PD_3': ['PD_4'], 'PD_4': ['PD_3']}, FR: {'PD_1,PD_2': inf, 'PD_1,PD_3': inf, 'PD_1,PD_4': inf, 'PD_2,PD_3': inf, 'PD_2,PD_4': inf, 'PD_3,PD_4': inf}
  Computing metrics...
    RSI: {'PD_1,PD_2': 0.0, 'PD_1,PD_3': 0.0, 'PD_1,PD_4': 0.0, 'PD_2,PD_3': 0.0, 'PD_2,PD_4': 0.0, 'PD_3,PD_4': 1.0}, ASR: 1.25, TCB: {'PD_1': ['PD_3'], 'PD_2': ['PD_4'], 'PD_3': ['PD_4'], 'PD_4': ['PD_3']}, FR: {'PD_1,PD_2': inf, 'PD_1,PD_3': inf, 'PD_1,PD_4': inf, 'PD_2,PD_3': inf, 'PD_2,PD_4': inf, 'PD_3,PD_4': inf}
  Computing metrics...
    RSI: {'PD_1,PD_2': 0.0, 'PD_1,PD_3': 0.0, 'PD_1,PD_4': 0.0, 'PD_2,PD_3': 0.0, 'PD_2,PD_4': 0.0, 'PD_3,PD_4': 1.0}, ASR: 1.0, TCB: {'PD_1': ['PD_3'], 'PD_2': ['PD_4'], 'PD_3': ['PD_4'], 'PD_4': ['PD_3']}, FR: {'PD_1,PD_2': inf, 'PD_1,PD_3': inf, 'PD_1,PD_4': inf, 'PD_2,PD_3': inf, 'PD_2,PD_4': inf, 'PD_3,PD_4': inf}
  Computing metrics...
    RSI: {'PD_1,PD_2': 0.0, 'PD_1,PD_3': 0.0, 'PD_1,PD_4': 0.0, 'PD_2,PD_3': 0.0, 'PD_2,PD_4': 0.0, 'PD_3,PD_4': 1.0}, ASR: 1.25, TCB: {'PD_1': ['PD_3'], 'PD_2': ['PD_4'], 'PD_3': ['PD_4'], 'PD_4': ['PD_3']}, FR: {'PD_1,PD_2': inf, 'PD_1,PD_3': inf, 'PD_1,PD_4': inf, 'PD_2,PD_3': inf, 'PD_2,PD_4': inf, 'PD_3,PD_4': inf}
  Computing metrics...
    RSI: {'PD_1,PD_2': 0.0, 'PD_1,PD_3': 0.0, 'PD_1,PD_4': 0.0, 'PD_2,PD_3': 0.0, 'PD_2,PD_4': 0.0, 'PD_3,PD_4': 1.0}, ASR: 1.0, TCB: {'PD_1': ['PD_3'], 'PD_2': ['PD_4'], 'PD_3': ['PD_4'], 'PD_4': ['PD_3']}, FR: {'PD_1,PD_2': inf, 'PD_1,PD_3': inf, 'PD_1,PD_4': inf, 'PD_2,PD_3': inf, 'PD_2,PD_4': inf, 'PD_3,PD_4': inf}
  Computing metrics...
    RSI: {'PD_1,PD_2': 0.0, 'PD_1,PD_3': 0.0, 'PD_1,PD_4': 0.0, 'PD_2,PD_3': 0.0, 'PD_2,PD_4': 0.0, 'PD_3,PD_4': 1.0}, ASR: 1.25, TCB: {'PD_1': ['PD_3'], 'PD_2': ['PD_4'], 'PD_3': ['PD_4'], 'PD_4': ['PD_3']}, FR: {'PD_1,PD_2': inf, 'PD_1,PD_3': inf, 'PD_1,PD_4': inf, 'PD_2,PD_3': inf, 'PD_2,PD_4': inf, 'PD_3,PD_4': inf}
  Computing metrics...
    RSI: {'PD_1,PD_2': 0.0, 'PD_1,PD_3': 0.0, 'PD_1,PD_4': 0.0, 'PD_2,PD_3': 0.0, 'PD_2,PD_4': 0.0, 'PD_3,PD_4': 1.0}, ASR: 1.0, TCB: {'PD_1': ['PD_3'], 'PD_2': ['PD_4'], 'PD_3': ['PD_4'], 'PD_4': ['PD_3']}, FR: {'PD_1,PD_2': inf, 'PD_1,PD_3': inf, 'PD_1,PD_4': inf, 'PD_2,PD_3': inf, 'PD_2,PD_4': inf, 'PD_3,PD_4': inf}
  Computing metrics...
    RSI: {'PD_1,PD_2': 0.0, 'PD_1,PD_3': 0.0, 'PD_1,PD_4': 0.0, 'PD_2,PD_3': 0.0, 'PD_2,PD_4': 0.0, 'PD_3,PD_4': 1.0}, ASR: 1.25, TCB: {'PD_1': ['PD_3'], 'PD_2': ['PD_4'], 'PD_3': ['PD_4'], 'PD_4': ['PD_3']}, FR: {'PD_1,PD_2': inf, 'PD_1,PD_3': inf, 'PD_1,PD_4': inf, 'PD_2,PD_3': inf, 'PD_2,PD_4': inf, 'PD_3,PD_4': inf}
  Computing metrics...
    RSI: {'PD_1,PD_2': 0.0, 'PD_1,PD_3': 0.0, 'PD_1,PD_4': 0.0, 'PD_2,PD_3': 0.0, 'PD_2,PD_4': 0.0, 'PD_3,PD_4': 1.0}, ASR: 1.0, TCB: {'PD_1': ['PD_3'], 'PD_2': ['PD_4'], 'PD_3': ['PD_4'], 'PD_4': ['PD_3']}, FR: {'PD_1,PD_2': inf, 'PD_1,PD_3': inf, 'PD_1,PD_4': inf, 'PD_2,PD_3': inf, 'PD_2,PD_4': inf, 'PD_3,PD_4': inf}
  Computing metrics...
    RSI: {'PD_1,PD_2': 0.0, 'PD_1,PD_3': 0.0, 'PD_1,PD_4': 0.0, 'PD_2,PD_3': 0.0, 'PD_2,PD_4': 0.0, 'PD_3,PD_4': 1.0}, ASR: 1.25, TCB: {'PD_1': ['PD_3'], 'PD_2': ['PD_4'], 'PD_3': ['PD_4'], 'PD_4': ['PD_3']}, FR: {'PD_1,PD_2': inf, 'PD_1,PD_3': inf, 'PD_1,PD_4': inf, 'PD_2,PD_3': inf, 'PD_2,PD_4': inf, 'PD_3,PD_4': inf}
  Computing metrics...
    RSI: {'PD_1,PD_2': 0.0, 'PD_1,PD_3': 0.0, 'PD_1,PD_4': 0.0, 'PD_2,PD_3': 0.0, 'PD_2,PD_4': 0.0, 'PD_3,PD_4': 1.0}, ASR: 1.0, TCB: {'PD_1': ['PD_3'], 'PD_2': ['PD_4'], 'PD_3': ['PD_4'], 'PD_4': ['PD_3']}, FR: {'PD_1,PD_2': inf, 'PD_1,PD_3': inf, 'PD_1,PD_4': inf, 'PD_2,PD_3': inf, 'PD_2,PD_4': inf, 'PD_3,PD_4': inf}
  Computing metrics...
    RSI: {'PD_1,PD_2': 0.0, 'PD_1,PD_3': 0.0, 'PD_1,PD_4': 0.0, 'PD_2,PD_3': 1.0, 'PD_2,PD_4': 1.0, 'PD_3,PD_4': 1.0}, ASR: 1.25, TCB: {'PD_1': ['PD_3'], 'PD_2': ['PD_4', 'PD_3'], 'PD_3': ['PD_2', 'PD_4'], 'PD_4': ['PD_2', 'PD_3']}, FR: {'PD_1,PD_2': inf, 'PD_1,PD_3': inf, 'PD_1,PD_4': inf, 'PD_2,PD_3': inf, 'PD_2,PD_4': inf, 'PD_3,PD_4': inf}
  Computing metrics...
    RSI: {'PD_1,PD_2': 0.0, 'PD_1,PD_3': 0.0, 'PD_1,PD_4': 0.0, 'PD_2,PD_3': 0.0, 'PD_2,PD_4': 0.0, 'PD_3,PD_4': 1.0}, ASR: 1.0, TCB: {'PD_1': ['PD_3'], 'PD_2': ['PD_4'], 'PD_3': ['PD_4'], 'PD_4': ['PD_3']}, FR: {'PD_1,PD_2': inf, 'PD_1,PD_3': inf, 'PD_1,PD_4': inf, 'PD_2,PD_3': inf, 'PD_2,PD_4': inf, 'PD_3,PD_4': inf}
  Computing metrics...
    RSI: {'PD_1,PD_2': 0.0, 'PD_1,PD_3': 0.0, 'PD_1,PD_4': 0.0, 'PD_2,PD_3': 0.0, 'PD_2,PD_4': 0.0, 'PD_3,PD_4': 1.0}, ASR: 1.25, TCB: {'PD_1': ['PD_3'], 'PD_2': ['PD_4'], 'PD_3': ['PD_4'], 'PD_4': ['PD_3']}, FR: {'PD_1,PD_2': inf, 'PD_1,PD_3': inf, 'PD_1,PD_4': inf, 'PD_2,PD_3': inf, 'PD_2,PD_4': inf, 'PD_3,PD_4': inf}
  Computing metrics...
    RSI: {'PD_1,PD_2': 0.0, 'PD_1,PD_3': 0.0, 'PD_1,PD_4': 0.0, 'PD_2,PD_3': 0.0, 'PD_2,PD_4': 0.0, 'PD_3,PD_4': 1.0}, ASR: 1.0, TCB: {'PD_1': ['PD_3'], 'PD_2': ['PD_4'], 'PD_3': ['PD_4'], 'PD_4': ['PD_3']}, FR: {'PD_1,PD_2': inf, 'PD_1,PD_3': inf, 'PD_1,PD_4': inf, 'PD_2,PD_3': inf, 'PD_2,PD_4': inf, 'PD_3,PD_4': inf}
  Computing metrics...
    RSI: {'PD_1,PD_2': 0.0, 'PD_1,PD_3': 0.0, 'PD_1,PD_4': 0.0, 'PD_2,PD_3': 0.0, 'PD_2,PD_4': 0.0, 'PD_3,PD_4': 1.0}, ASR: 1.25, TCB: {'PD_1': ['PD_3'], 'PD_2': ['PD_4'], 'PD_3': ['PD_4'], 'PD_4': ['PD_3']}, FR: {'PD_1,PD_2': inf, 'PD_1,PD_3': inf, 'PD_1,PD_4': inf, 'PD_2,PD_3': inf, 'PD_2,PD_4': inf, 'PD_3,PD_4': inf}
  Computing metrics...
    RSI: {'PD_1,PD_2': 0.0, 'PD_1,PD_3': 0.0, 'PD_1,PD_4': 0.0, 'PD_2,PD_3': 0.0, 'PD_2,PD_4': 0.0, 'PD_3,PD_4': 1.0}, ASR: 1.0, TCB: {'PD_1': ['PD_3'], 'PD_2': ['PD_4'], 'PD_3': ['PD_4'], 'PD_4': ['PD_3']}, FR: {'PD_1,PD_2': inf, 'PD_1,PD_3': inf, 'PD_1,PD_4': inf, 'PD_2,PD_3': inf, 'PD_2,PD_4': inf, 'PD_3,PD_4': inf}
  Computing metrics...
    RSI: {'PD_1,PD_2': 0.0, 'PD_1,PD_3': 0.0, 'PD_1,PD_4': 0.0, 'PD_2,PD_3': 0.0, 'PD_2,PD_4': 0.0, 'PD_3,PD_4': 1.0}, ASR: 1.25, TCB: {'PD_1': ['PD_3'], 'PD_2': ['PD_4'], 'PD_3': ['PD_4'], 'PD_4': ['PD_3']}, FR: {'PD_1,PD_2': inf, 'PD_1,PD_3': inf, 'PD_1,PD_4': inf, 'PD_2,PD_3': inf, 'PD_2,PD_4': inf, 'PD_3,PD_4': inf}
  Computing metrics...
    RSI: {'PD_1,PD_2': 0.0, 'PD_1,PD_3': 0.0, 'PD_1,PD_4': 0.0, 'PD_2,PD_3': 0.0, 'PD_2,PD_4': 0.0, 'PD_3,PD_4': 1.0}, ASR: 1.0, TCB: {'PD_1': ['PD_3'], 'PD_2': ['PD_4'], 'PD_3': ['PD_4'], 'PD_4': ['PD_3']}, FR: {'PD_1,PD_2': inf, 'PD_1,PD_3': inf, 'PD_1,PD_4': inf, 'PD_2,PD_3': inf, 'PD_2,PD_4': inf, 'PD_3,PD_4': inf}
  Computing metrics...
    RSI: {'PD_1,PD_2': 0.0, 'PD_1,PD_3': 0.0, 'PD_1,PD_4': 0.0, 'PD_2,PD_3': 0.0, 'PD_2,PD_4': 0.0, 'PD_3,PD_4': 1.0}, ASR: 1.25, TCB: {'PD_1': ['PD_3'], 'PD_2': ['PD_4'], 'PD_3': ['PD_4'], 'PD_4': ['PD_3']}, FR: {'PD_1,PD_2': inf, 'PD_1,PD_3': inf, 'PD_1,PD_4': inf, 'PD_2,PD_3': inf, 'PD_2,PD_4': inf, 'PD_3,PD_4': inf}
  Computing metrics...
    RSI: {'PD_1,PD_2': 0.0, 'PD_1,PD_3': 0.0, 'PD_1,PD_4': 0.0, 'PD_2,PD_3': 0.0, 'PD_2,PD_4': 0.0, 'PD_3,PD_4': 1.0}, ASR: 1.0, TCB: {'PD_1': ['PD_3'], 'PD_2': ['PD_4'], 'PD_3': ['PD_4'], 'PD_4': ['PD_3']}, FR: {'PD_1,PD_2': inf, 'PD_1,PD_3': inf, 'PD_1,PD_4': inf, 'PD_2,PD_3': inf, 'PD_2,PD_4': inf, 'PD_3,PD_4': inf}
  Computing metrics...
    RSI: {'PD_1,PD_2': 0.0, 'PD_1,PD_3': 0.0, 'PD_1,PD_4': 0.0, 'PD_2,PD_3': 0.0, 'PD_2,PD_4': 0.0, 'PD_3,PD_4': 1.0}, ASR: 1.25, TCB: {'PD_1': ['PD_3'], 'PD_2': ['PD_4'], 'PD_3': ['PD_4'], 'PD_4': ['PD_3']}, FR: {'PD_1,PD_2': inf, 'PD_1,PD_3': inf, 'PD_1,PD_4': inf, 'PD_2,PD_3': inf, 'PD_2,PD_4': inf, 'PD_3,PD_4': inf}
  Computing metrics...
    RSI: {'PD_1,PD_2': 0.0, 'PD_1,PD_3': 0.0, 'PD_1,PD_4': 0.0, 'PD_2,PD_3': 0.0, 'PD_2,PD_4': 0.0, 'PD_3,PD_4': 1.0}, ASR: 1.0, TCB: {'PD_1': ['PD_3'], 'PD_2': ['PD_4'], 'PD_3': ['PD_4'], 'PD_4': ['PD_3']}, FR: {'PD_1,PD_2': inf, 'PD_1,PD_3': inf, 'PD_1,PD_4': inf, 'PD_2,PD_3': inf, 'PD_2,PD_4': inf, 'PD_3,PD_4': inf}
  Computing metrics...
    RSI: {'PD_1,PD_2': 0.0, 'PD_1,PD_3': 0.0, 'PD_1,PD_4': 0.0, 'PD_2,PD_3': 0.0, 'PD_2,PD_4': 0.0, 'PD_3,PD_4': 0.5}, ASR: 1.25, TCB: {'PD_1': ['PD_3'], 'PD_2': ['PD_4'], 'PD_3': ['PD_4'], 'PD_4': ['PD_3']}, FR: {'PD_1,PD_2': inf, 'PD_1,PD_3': inf, 'PD_1,PD_4': inf, 'PD_2,PD_3': inf, 'PD_2,PD_4': inf, 'PD_3,PD_4': inf}
  Computing metrics...
    RSI: {'PD_1,PD_2': 0.0, 'PD_1,PD_3': 0.0, 'PD_1,PD_4': 0.0, 'PD_2,PD_3': 0.0, 'PD_2,PD_4': 0.0, 'PD_3,PD_4': 1.0}, ASR: 1.0, TCB: {'PD_1': ['PD_3'], 'PD_2': ['PD_4'], 'PD_3': ['PD_4'], 'PD_4': ['PD_3']}, FR: {'PD_1,PD_2': inf, 'PD_1,PD_3': inf, 'PD_1,PD_4': inf, 'PD_2,PD_3': inf, 'PD_2,PD_4': inf, 'PD_3,PD_4': inf}
  Computing metrics...
    RSI: {'PD_1,PD_2': 0.0, 'PD_1,PD_3': 0.0, 'PD_1,PD_4': 0.0, 'PD_2,PD_3': 0.0, 'PD_2,PD_4': 0.0, 'PD_3,PD_4': 0.5}, ASR: 1.25, TCB: {'PD_1': ['PD_3'], 'PD_2': ['PD_4'], 'PD_3': ['PD_4'], 'PD_4': ['PD_3']}, FR: {'PD_1,PD_2': inf, 'PD_1,PD_3': inf, 'PD_1,PD_4': inf, 'PD_2,PD_3': inf, 'PD_2,PD_4': inf, 'PD_3,PD_4': inf}
  Computing metrics...
    RSI: {'PD_1,PD_2': 0.0, 'PD_1,PD_3': 0.0, 'PD_1,PD_4': 0.0, 'PD_2,PD_3': 0.0, 'PD_2,PD_4': 0.0, 'PD_3,PD_4': 1.0}, ASR: 1.0, TCB: {'PD_1': ['PD_3'], 'PD_2': ['PD_4'], 'PD_3': ['PD_4'], 'PD_4': ['PD_3']}, FR: {'PD_1,PD_2': inf, 'PD_1,PD_3': inf, 'PD_1,PD_4': inf, 'PD_2,PD_3': inf, 'PD_2,PD_4': inf, 'PD_3,PD_4': inf}
  Computing metrics...
    RSI: {'PD_1,PD_2': 0.0, 'PD_1,PD_3': 0.0, 'PD_1,PD_4': 0.0, 'PD_2,PD_3': 0.0, 'PD_2,PD_4': 0.0, 'PD_3,PD_4': 0.5}, ASR: 1.25, TCB: {'PD_1': ['PD_3'], 'PD_2': ['PD_4'], 'PD_3': ['PD_4'], 'PD_4': ['PD_3']}, FR: {'PD_1,PD_2': inf, 'PD_1,PD_3': inf, 'PD_1,PD_4': inf, 'PD_2,PD_3': inf, 'PD_2,PD_4': inf, 'PD_3,PD_4': inf}
  Computing metrics...
    RSI: {'PD_1,PD_2': 0.0, 'PD_1,PD_3': 0.0, 'PD_1,PD_4': 0.0, 'PD_2,PD_3': 0.0, 'PD_2,PD_4': 0.0, 'PD_3,PD_4': 1.0}, ASR: 1.0, TCB: {'PD_1': ['PD_3'], 'PD_2': ['PD_4'], 'PD_3': ['PD_4'], 'PD_4': ['PD_3']}, FR: {'PD_1,PD_2': inf, 'PD_1,PD_3': inf, 'PD_1,PD_4': inf, 'PD_2,PD_3': inf, 'PD_2,PD_4': inf, 'PD_3,PD_4': inf}
  Computing metrics...
    RSI: {'PD_1,PD_2': 0.0, 'PD_1,PD_3': 0.0, 'PD_1,PD_4': 0.0, 'PD_2,PD_3': 0.0, 'PD_2,PD_4': 0.0, 'PD_3,PD_4': 0.5}, ASR: 1.25, TCB: {'PD_1': ['PD_3'], 'PD_2': ['PD_4'], 'PD_3': ['PD_4'], 'PD_4': ['PD_3']}, FR: {'PD_1,PD_2': inf, 'PD_1,PD_3': inf, 'PD_1,PD_4': inf, 'PD_2,PD_3': inf, 'PD_2,PD_4': inf, 'PD_3,PD_4': inf}
  Computing metrics...
    RSI: {'PD_1,PD_2': 0.0, 'PD_1,PD_3': 0.0, 'PD_1,PD_4': 0.0, 'PD_2,PD_3': 0.0, 'PD_2,PD_4': 0.0, 'PD_3,PD_4': 1.0}, ASR: 1.0, TCB: {'PD_1': ['PD_3'], 'PD_2': ['PD_4'], 'PD_3': ['PD_4'], 'PD_4': ['PD_3']}, FR: {'PD_1,PD_2': inf, 'PD_1,PD_3': inf, 'PD_1,PD_4': inf, 'PD_2,PD_3': inf, 'PD_2,PD_4': inf, 'PD_3,PD_4': inf}
  Computing metrics...
    RSI: {'PD_1,PD_2': 0.0, 'PD_1,PD_3': 0.0, 'PD_1,PD_4': 0.0, 'PD_2,PD_3': 0.0, 'PD_2,PD_4': 0.0, 'PD_3,PD_4': 0.5}, ASR: 1.25, TCB: {'PD_1': ['PD_3'], 'PD_2': ['PD_4'], 'PD_3': ['PD_4'], 'PD_4': ['PD_3']}, FR: {'PD_1,PD_2': inf, 'PD_1,PD_3': inf, 'PD_1,PD_4': inf, 'PD_2,PD_3': inf, 'PD_2,PD_4': inf, 'PD_3,PD_4': inf}
  Computing metrics...
    RSI: {'PD_1,PD_2': 0.0, 'PD_1,PD_3': 0.0, 'PD_1,PD_4': 0.0, 'PD_2,PD_3': 0.0, 'PD_2,PD_4': 0.0, 'PD_3,PD_4': 1.0}, ASR: 1.0, TCB: {'PD_1': ['PD_3'], 'PD_2': ['PD_4'], 'PD_3': ['PD_4'], 'PD_4': ['PD_3']}, FR: {'PD_1,PD_2': inf, 'PD_1,PD_3': inf, 'PD_1,PD_4': inf, 'PD_2,PD_3': inf, 'PD_2,PD_4': inf, 'PD_3,PD_4': inf}
  Computing metrics...
    RSI: {'PD_1,PD_2': 0.0, 'PD_1,PD_3': 0.0, 'PD_1,PD_4': 0.0, 'PD_2,PD_3': 0.0, 'PD_2,PD_4': 0.0, 'PD_3,PD_4': 0.5}, ASR: 1.25, TCB: {'PD_1': ['PD_3'], 'PD_2': ['PD_4'], 'PD_3': ['PD_4'], 'PD_4': ['PD_3']}, FR: {'PD_1,PD_2': inf, 'PD_1,PD_3': inf, 'PD_1,PD_4': inf, 'PD_2,PD_3': inf, 'PD_2,PD_4': inf, 'PD_3,PD_4': inf}
  Computing metrics...
    RSI: {'PD_1,PD_2': 0.0, 'PD_1,PD_3': 0.0, 'PD_1,PD_4': 0.0, 'PD_2,PD_3': 0.0, 'PD_2,PD_4': 0.0, 'PD_3,PD_4': 1.0}, ASR: 1.0, TCB: {'PD_1': ['PD_3'], 'PD_2': ['PD_4'], 'PD_3': ['PD_4'], 'PD_4': ['PD_3']}, FR: {'PD_1,PD_2': inf, 'PD_1,PD_3': inf, 'PD_1,PD_4': inf, 'PD_2,PD_3': inf, 'PD_2,PD_4': inf, 'PD_3,PD_4': inf}
  Computing metrics...
    RSI: {'PD_1,PD_2': 0.0, 'PD_1,PD_3': 0.0, 'PD_1,PD_4': 0.0, 'PD_2,PD_3': 0.0, 'PD_2,PD_4': 0.0, 'PD_3,PD_4': 0.5}, ASR: 1.25, TCB: {'PD_1': ['PD_3'], 'PD_2': ['PD_4'], 'PD_3': ['PD_4'], 'PD_4': ['PD_3']}, FR: {'PD_1,PD_2': inf, 'PD_1,PD_3': inf, 'PD_1,PD_4': inf, 'PD_2,PD_3': inf, 'PD_2,PD_4': inf, 'PD_3,PD_4': inf}
  Computing metrics...
    RSI: {'PD_1,PD_2': 0.0, 'PD_1,PD_3': 0.0, 'PD_1,PD_4': 0.0, 'PD_2,PD_3': 0.0, 'PD_2,PD_4': 0.0, 'PD_3,PD_4': 1.0}, ASR: 1.0, TCB: {'PD_1': ['PD_3'], 'PD_2': ['PD_4'], 'PD_3': ['PD_4'], 'PD_4': ['PD_3']}, FR: {'PD_1,PD_2': inf, 'PD_1,PD_3': inf, 'PD_1,PD_4': inf, 'PD_2,PD_3': inf, 'PD_2,PD_4': inf, 'PD_3,PD_4': inf}
  Computing metrics...
    RSI: {'PD_1,PD_2': 0.0, 'PD_1,PD_3': 0.0, 'PD_1,PD_4': 0.0, 'PD_2,PD_3': 0.0, 'PD_2,PD_4': 0.0, 'PD_3,PD_4': 0.5}, ASR: 1.25, TCB: {'PD_1': ['PD_3'], 'PD_2': ['PD_4'], 'PD_3': ['PD_4'], 'PD_4': ['PD_3']}, FR: {'PD_1,PD_2': inf, 'PD_1,PD_3': inf, 'PD_1,PD_4': inf, 'PD_2,PD_3': inf, 'PD_2,PD_4': inf, 'PD_3,PD_4': inf}
  Computing metrics...
    RSI: {'PD_1,PD_2': 0.0, 'PD_1,PD_3': 0.0, 'PD_1,PD_4': 0.0, 'PD_2,PD_3': 0.0, 'PD_2,PD_4': 0.0, 'PD_3,PD_4': 1.0}, ASR: 1.0, TCB: {'PD_1': ['PD_3'], 'PD_2': ['PD_4'], 'PD_3': ['PD_4'], 'PD_4': ['PD_3']}, FR: {'PD_1,PD_2': inf, 'PD_1,PD_3': inf, 'PD_1,PD_4': inf, 'PD_2,PD_3': inf, 'PD_2,PD_4': inf, 'PD_3,PD_4': inf}
  Computing metrics...
    RSI: {'PD_1,PD_2': 0.0, 'PD_1,PD_3': 0.0, 'PD_1,PD_4': 0.0, 'PD_2,PD_3': 0.0, 'PD_2,PD_4': 0.0, 'PD_3,PD_4': 0.5}, ASR: 1.25, TCB: {'PD_1': ['PD_3'], 'PD_2': ['PD_4'], 'PD_3': ['PD_4'], 'PD_4': ['PD_3']}, FR: {'PD_1,PD_2': inf, 'PD_1,PD_3': inf, 'PD_1,PD_4': inf, 'PD_2,PD_3': inf, 'PD_2,PD_4': inf, 'PD_3,PD_4': inf}
  Computing metrics...
    RSI: {'PD_1,PD_2': 0.0, 'PD_1,PD_3': 0.0, 'PD_1,PD_4': 0.0, 'PD_2,PD_3': 0.0, 'PD_2,PD_4': 0.0, 'PD_3,PD_4': 1.0}, ASR: 1.0, TCB: {'PD_1': ['PD_3'], 'PD_2': ['PD_4'], 'PD_3': ['PD_4'], 'PD_4': ['PD_3']}, FR: {'PD_1,PD_2': inf, 'PD_1,PD_3': inf, 'PD_1,PD_4': inf, 'PD_2,PD_3': inf, 'PD_2,PD_4': inf, 'PD_3,PD_4': inf}
  Computing metrics...
    RSI: {'PD_1,PD_2': 0.0, 'PD_1,PD_3': 0.0, 'PD_1,PD_4': 0.0, 'PD_2,PD_3': 0.0, 'PD_2,PD_4': 0.0, 'PD_3,PD_4': 0.5}, ASR: 1.25, TCB: {'PD_1': ['PD_3'], 'PD_2': ['PD_4'], 'PD_3': ['PD_4'], 'PD_4': ['PD_3']}, FR: {'PD_1,PD_2': inf, 'PD_1,PD_3': inf, 'PD_1,PD_4': inf, 'PD_2,PD_3': inf, 'PD_2,PD_4': inf, 'PD_3,PD_4': inf}
  Computing metrics...
    RSI: {'PD_1,PD_2': 0.0, 'PD_1,PD_3': 0.0, 'PD_1,PD_4': 0.0, 'PD_2,PD_3': 0.0, 'PD_2,PD_4': 0.0, 'PD_3,PD_4': 1.0}, ASR: 1.0, TCB: {'PD_1': ['PD_3'], 'PD_2': ['PD_4'], 'PD_3': ['PD_4'], 'PD_4': ['PD_3']}, FR: {'PD_1,PD_2': inf, 'PD_1,PD_3': inf, 'PD_1,PD_4': inf, 'PD_2,PD_3': inf, 'PD_2,PD_4': inf, 'PD_3,PD_4': inf}
  Computing metrics...
    RSI: {'PD_1,PD_2': 0.0, 'PD_1,PD_3': 0.0, 'PD_1,PD_4': 0.0, 'PD_2,PD_3': 0.0, 'PD_2,PD_4': 0.0, 'PD_3,PD_4': 1.0}, ASR: 1.0, TCB: {'PD_1': ['PD_3'], 'PD_2': ['PD_4'], 'PD_3': ['PD_4'], 'PD_4': ['PD_3']}, FR: {'PD_1,PD_2': inf, 'PD_1,PD_3': inf, 'PD_1,PD_4': inf, 'PD_2,PD_3': inf, 'PD_2,PD_4': inf, 'PD_3,PD_4': inf}
    remove_hold_edge candidate: remove PD_3 -> FILE_1_1 HOLD edge -> score: 0.150
  Computing metrics...
    RSI: {'PD_1,PD_2': 0.0, 'PD_1,PD_3': 0.0, 'PD_1,PD_4': 0.0, 'PD_2,PD_3': 0.0, 'PD_2,PD_4': 0.0, 'PD_3,PD_4': 1.0}, ASR: 1.0, TCB: {'PD_1': ['PD_3'], 'PD_2': ['PD_4'], 'PD_3': ['PD_4'], 'PD_4': ['PD_3']}, FR: {'PD_1,PD_2': inf, 'PD_1,PD_3': inf, 'PD_1,PD_4': inf, 'PD_2,PD_3': inf, 'PD_2,PD_4': inf, 'PD_3,PD_4': inf}
  Computing metrics...
    RSI: {'PD_1,PD_2': 0.0, 'PD_1,PD_3': 0.0, 'PD_1,PD_4': 0.0, 'PD_2,PD_3': 0.0, 'PD_2,PD_4': 0.0, 'PD_3,PD_4': 1.0}, ASR: 1.0, TCB: {'PD_1': ['PD_3'], 'PD_2': ['PD_4'], 'PD_3': ['PD_4'], 'PD_4': ['PD_3']}, FR: {'PD_1,PD_2': inf, 'PD_1,PD_3': inf, 'PD_1,PD_4': inf, 'PD_2,PD_3': inf, 'PD_2,PD_4': inf, 'PD_3,PD_4': inf}
    remove_hold_edge candidate: remove PD_4 -> FILE_1_1 HOLD edge -> score: 0.150
  Computing metrics...
    RSI: {'PD_1,PD_2': 0.0, 'PD_1,PD_3': 0.0, 'PD_1,PD_4': 0.0, 'PD_2,PD_3': 0.0, 'PD_2,PD_4': 0.0, 'PD_3,PD_4': 1.0}, ASR: 1.0, TCB: {'PD_1': ['PD_3'], 'PD_2': ['PD_4'], 'PD_3': ['PD_4'], 'PD_4': ['PD_3']}, FR: {'PD_1,PD_2': inf, 'PD_1,PD_3': inf, 'PD_1,PD_4': inf, 'PD_2,PD_3': inf, 'PD_2,PD_4': inf, 'PD_3,PD_4': inf}
  Computing metrics...
    RSI: {'PD_1,PD_2': 0.0, 'PD_1,PD_3': 0.0, 'PD_1,PD_4': 0.0, 'PD_2,PD_3': 0.0, 'PD_2,PD_4': 0.0, 'PD_3,PD_4': 1.0}, ASR: 1.25, TCB: {'PD_1': ['PD_3', 'PD_2'], 'PD_2': ['PD_4'], 'PD_3': ['PD_4'], 'PD_4': ['PD_3']}, FR: {'PD_1,PD_2': 3, 'PD_1,PD_3': inf, 'PD_1,PD_4': inf, 'PD_2,PD_3': inf, 'PD_2,PD_4': inf, 'PD_3,PD_4': inf}
  Computing metrics...
    RSI: {'PD_1,PD_2': 0.0, 'PD_1,PD_3': 0.0, 'PD_1,PD_4': 0.0, 'PD_2,PD_3': 0.0, 'PD_2,PD_4': 0.0, 'PD_3,PD_4': 1.0}, ASR: 1.0, TCB: {'PD_1': ['PD_3'], 'PD_2': ['PD_4'], 'PD_3': ['PD_4'], 'PD_4': ['PD_3']}, FR: {'PD_1,PD_2': inf, 'PD_1,PD_3': inf, 'PD_1,PD_4': inf, 'PD_2,PD_3': inf, 'PD_2,PD_4': inf, 'PD_3,PD_4': inf}
  Computing metrics...
    RSI: {'PD_1,PD_2': 0.0, 'PD_1,PD_3': 0.0, 'PD_1,PD_4': 0.0, 'PD_2,PD_3': 0.0, 'PD_2,PD_4': 0.0, 'PD_3,PD_4': 1.0}, ASR: 1.25, TCB: {'PD_1': ['PD_3', 'PD_4'], 'PD_2': ['PD_4'], 'PD_3': ['PD_4'], 'PD_4': ['PD_3']}, FR: {'PD_1,PD_2': 2, 'PD_1,PD_3': inf, 'PD_1,PD_4': inf, 'PD_2,PD_3': inf, 'PD_2,PD_4': inf, 'PD_3,PD_4': inf}
  Computing metrics...
    RSI: {'PD_1,PD_2': 0.0, 'PD_1,PD_3': 0.0, 'PD_1,PD_4': 0.0, 'PD_2,PD_3': 0.0, 'PD_2,PD_4': 0.0, 'PD_3,PD_4': 1.0}, ASR: 1.0, TCB: {'PD_1': ['PD_3'], 'PD_2': ['PD_4'], 'PD_3': ['PD_4'], 'PD_4': ['PD_3']}, FR: {'PD_1,PD_2': inf, 'PD_1,PD_3': inf, 'PD_1,PD_4': inf, 'PD_2,PD_3': inf, 'PD_2,PD_4': inf, 'PD_3,PD_4': inf}
  Computing metrics...
    RSI: {'PD_1,PD_2': 0.0, 'PD_1,PD_3': 0.0, 'PD_1,PD_4': 0.0, 'PD_2,PD_3': 0.0, 'PD_2,PD_4': 0.0, 'PD_3,PD_4': 1.0}, ASR: 1.25, TCB: {'PD_1': ['PD_3'], 'PD_2': ['PD_4', 'PD_1'], 'PD_3': ['PD_4'], 'PD_4': ['PD_3']}, FR: {'PD_1,PD_2': 3, 'PD_1,PD_3': inf, 'PD_1,PD_4': inf, 'PD_2,PD_3': inf, 'PD_2,PD_4': inf, 'PD_3,PD_4': inf}
  Computing metrics...
    RSI: {'PD_1,PD_2': 0.0, 'PD_1,PD_3': 0.0, 'PD_1,PD_4': 0.0, 'PD_2,PD_3': 0.0, 'PD_2,PD_4': 0.0, 'PD_3,PD_4': 1.0}, ASR: 1.0, TCB: {'PD_1': ['PD_3'], 'PD_2': ['PD_4'], 'PD_3': ['PD_4'], 'PD_4': ['PD_3']}, FR: {'PD_1,PD_2': inf, 'PD_1,PD_3': inf, 'PD_1,PD_4': inf, 'PD_2,PD_3': inf, 'PD_2,PD_4': inf, 'PD_3,PD_4': inf}
  Computing metrics...
    RSI: {'PD_1,PD_2': 0.0, 'PD_1,PD_3': 0.0, 'PD_1,PD_4': 0.0, 'PD_2,PD_3': 0.0, 'PD_2,PD_4': 0.0, 'PD_3,PD_4': 1.0}, ASR: 1.25, TCB: {'PD_1': ['PD_3'], 'PD_2': ['PD_4', 'PD_3'], 'PD_3': ['PD_4'], 'PD_4': ['PD_3']}, FR: {'PD_1,PD_2': 2, 'PD_1,PD_3': inf, 'PD_1,PD_4': inf, 'PD_2,PD_3': inf, 'PD_2,PD_4': inf, 'PD_3,PD_4': inf}
  Computing metrics...
    RSI: {'PD_1,PD_2': 0.0, 'PD_1,PD_3': 0.0, 'PD_1,PD_4': 0.0, 'PD_2,PD_3': 0.0, 'PD_2,PD_4': 0.0, 'PD_3,PD_4': 1.0}, ASR: 1.0, TCB: {'PD_1': ['PD_3'], 'PD_2': ['PD_4'], 'PD_3': ['PD_4'], 'PD_4': ['PD_3']}, FR: {'PD_1,PD_2': inf, 'PD_1,PD_3': inf, 'PD_1,PD_4': inf, 'PD_2,PD_3': inf, 'PD_2,PD_4': inf, 'PD_3,PD_4': inf}
  Computing metrics...
    RSI: {'PD_1,PD_2': 0.0, 'PD_1,PD_3': 0.0, 'PD_1,PD_4': 0.0, 'PD_2,PD_3': 0.0, 'PD_2,PD_4': 0.0, 'PD_3,PD_4': 1.0}, ASR: 1.25, TCB: {'PD_1': ['PD_3'], 'PD_2': ['PD_4'], 'PD_3': ['PD_1', 'PD_4'], 'PD_4': ['PD_3']}, FR: {'PD_1,PD_2': inf, 'PD_1,PD_3': inf, 'PD_1,PD_4': inf, 'PD_2,PD_3': inf, 'PD_2,PD_4': inf, 'PD_3,PD_4': inf}
  Computing metrics...
    RSI: {'PD_1,PD_2': 0.0, 'PD_1,PD_3': 0.0, 'PD_1,PD_4': 0.0, 'PD_2,PD_3': 0.0, 'PD_2,PD_4': 0.0, 'PD_3,PD_4': 1.0}, ASR: 1.0, TCB: {'PD_1': ['PD_3'], 'PD_2': ['PD_4'], 'PD_3': ['PD_4'], 'PD_4': ['PD_3']}, FR: {'PD_1,PD_2': inf, 'PD_1,PD_3': inf, 'PD_1,PD_4': inf, 'PD_2,PD_3': inf, 'PD_2,PD_4': inf, 'PD_3,PD_4': inf}
  Computing metrics...
    RSI: {'PD_1,PD_2': 0.0, 'PD_1,PD_3': 0.0, 'PD_1,PD_4': 0.0, 'PD_2,PD_3': 0.0, 'PD_2,PD_4': 0.0, 'PD_3,PD_4': 1.0}, ASR: 1.25, TCB: {'PD_1': ['PD_3'], 'PD_2': ['PD_4'], 'PD_3': ['PD_2', 'PD_4'], 'PD_4': ['PD_3']}, FR: {'PD_1,PD_2': 4, 'PD_1,PD_3': 3, 'PD_1,PD_4': inf, 'PD_2,PD_3': 3, 'PD_2,PD_4': inf, 'PD_3,PD_4': inf}
  Computing metrics...
    RSI: {'PD_1,PD_2': 0.0, 'PD_1,PD_3': 0.0, 'PD_1,PD_4': 0.0, 'PD_2,PD_3': 0.0, 'PD_2,PD_4': 0.0, 'PD_3,PD_4': 1.0}, ASR: 1.0, TCB: {'PD_1': ['PD_3'], 'PD_2': ['PD_4'], 'PD_3': ['PD_4'], 'PD_4': ['PD_3']}, FR: {'PD_1,PD_2': inf, 'PD_1,PD_3': inf, 'PD_1,PD_4': inf, 'PD_2,PD_3': inf, 'PD_2,PD_4': inf, 'PD_3,PD_4': inf}
  Computing metrics...
    RSI: {'PD_1,PD_2': 0.0, 'PD_1,PD_3': 0.0, 'PD_1,PD_4': 0.0, 'PD_2,PD_3': 0.0, 'PD_2,PD_4': 0.0, 'PD_3,PD_4': 1.0}, ASR: 1.25, TCB: {'PD_1': ['PD_3'], 'PD_2': ['PD_4'], 'PD_3': ['PD_4'], 'PD_4': ['PD_3']}, FR: {'PD_1,PD_2': 3, 'PD_1,PD_3': 3, 'PD_1,PD_4': inf, 'PD_2,PD_3': 2, 'PD_2,PD_4': inf, 'PD_3,PD_4': inf}
  Computing metrics...
    RSI: {'PD_1,PD_2': 0.0, 'PD_1,PD_3': 0.0, 'PD_1,PD_4': 0.0, 'PD_2,PD_3': 0.0, 'PD_2,PD_4': 0.0, 'PD_3,PD_4': 1.0}, ASR: 1.0, TCB: {'PD_1': ['PD_3'], 'PD_2': ['PD_4'], 'PD_3': ['PD_4'], 'PD_4': ['PD_3']}, FR: {'PD_1,PD_2': inf, 'PD_1,PD_3': inf, 'PD_1,PD_4': inf, 'PD_2,PD_3': inf, 'PD_2,PD_4': inf, 'PD_3,PD_4': inf}
  Computing metrics...
    RSI: {'PD_1,PD_2': 0.0, 'PD_1,PD_3': 0.0, 'PD_1,PD_4': 0.0, 'PD_2,PD_3': 0.0, 'PD_2,PD_4': 0.0, 'PD_3,PD_4': 1.0}, ASR: 1.25, TCB: {'PD_1': ['PD_3'], 'PD_2': ['PD_4'], 'PD_3': ['PD_4'], 'PD_4': ['PD_1', 'PD_3']}, FR: {'PD_1,PD_2': 4, 'PD_1,PD_3': inf, 'PD_1,PD_4': 3, 'PD_2,PD_3': inf, 'PD_2,PD_4': 3, 'PD_3,PD_4': inf}
  Computing metrics...
    RSI: {'PD_1,PD_2': 0.0, 'PD_1,PD_3': 0.0, 'PD_1,PD_4': 0.0, 'PD_2,PD_3': 0.0, 'PD_2,PD_4': 0.0, 'PD_3,PD_4': 1.0}, ASR: 1.0, TCB: {'PD_1': ['PD_3'], 'PD_2': ['PD_4'], 'PD_3': ['PD_4'], 'PD_4': ['PD_3']}, FR: {'PD_1,PD_2': inf, 'PD_1,PD_3': inf, 'PD_1,PD_4': inf, 'PD_2,PD_3': inf, 'PD_2,PD_4': inf, 'PD_3,PD_4': inf}
  Computing metrics...
    RSI: {'PD_1,PD_2': 0.0, 'PD_1,PD_3': 0.0, 'PD_1,PD_4': 0.0, 'PD_2,PD_3': 0.0, 'PD_2,PD_4': 0.0, 'PD_3,PD_4': 1.0}, ASR: 1.25, TCB: {'PD_1': ['PD_3'], 'PD_2': ['PD_4'], 'PD_3': ['PD_4'], 'PD_4': ['PD_2', 'PD_3']}, FR: {'PD_1,PD_2': inf, 'PD_1,PD_3': inf, 'PD_1,PD_4': inf, 'PD_2,PD_3': inf, 'PD_2,PD_4': inf, 'PD_3,PD_4': inf}
  Computing metrics...
    RSI: {'PD_1,PD_2': 0.0, 'PD_1,PD_3': 0.0, 'PD_1,PD_4': 0.0, 'PD_2,PD_3': 0.0, 'PD_2,PD_4': 0.0, 'PD_3,PD_4': 1.0}, ASR: 1.0, TCB: {'PD_1': ['PD_3'], 'PD_2': ['PD_4'], 'PD_3': ['PD_4'], 'PD_4': ['PD_3']}, FR: {'PD_1,PD_2': inf, 'PD_1,PD_3': inf, 'PD_1,PD_4': inf, 'PD_2,PD_3': inf, 'PD_2,PD_4': inf, 'PD_3,PD_4': inf}
  Computing metrics...
    RSI: {'PD_1,PD_2': 0.0, 'PD_1,PD_3': 0.0, 'PD_1,PD_4': 0.0, 'PD_2,PD_3': 0.0, 'PD_2,PD_4': 0.0, 'PD_3,PD_4': 1.0}, ASR: 1.25, TCB: {'PD_1': ['PD_3'], 'PD_2': ['PD_4'], 'PD_3': ['PD_4'], 'PD_4': ['PD_3']}, FR: {'PD_1,PD_2': 3, 'PD_1,PD_3': inf, 'PD_1,PD_4': 2, 'PD_2,PD_3': inf, 'PD_2,PD_4': 3, 'PD_3,PD_4': inf}
  Computing metrics...
    RSI: {'PD_1,PD_2': 0.0, 'PD_1,PD_3': 0.0, 'PD_1,PD_4': 0.0, 'PD_2,PD_3': 0.0, 'PD_2,PD_4': 0.0, 'PD_3,PD_4': 1.0}, ASR: 1.0, TCB: {'PD_1': ['PD_3'], 'PD_2': ['PD_4'], 'PD_3': ['PD_4'], 'PD_4': ['PD_3']}, FR: {'PD_1,PD_2': inf, 'PD_1,PD_3': inf, 'PD_1,PD_4': inf, 'PD_2,PD_3': inf, 'PD_2,PD_4': inf, 'PD_3,PD_4': inf}
  Computing metrics...
    RSI: {'PD_1,PD_2': 0.0, 'PD_1,PD_3': 0.0, 'PD_1,PD_4': 0.0, 'PD_2,PD_3': 0.0, 'PD_2,PD_4': 0.0, 'PD_3,PD_4': 1.0}, ASR: 1.0, TCB: {'PD_1': ['PD_3'], 'PD_2': ['PD_4'], 'PD_3': ['PD_4'], 'PD_4': ['PD_3']}, FR: {'PD_1,PD_2': inf, 'PD_1,PD_3': inf, 'PD_1,PD_4': inf, 'PD_2,PD_3': inf, 'PD_2,PD_4': inf, 'PD_3,PD_4': inf}
  Computing metrics...
    RSI: {'PD_1,PD_2': 0.0, 'PD_1,PD_3': 0.0, 'PD_1,PD_4': 0.0, 'PD_2,PD_3': 0.0, 'PD_2,PD_4': 0.0, 'PD_3,PD_4': 1.0}, ASR: 1.0, TCB: {'PD_1': ['PD_3'], 'PD_2': ['PD_4'], 'PD_3': ['PD_4'], 'PD_4': ['PD_3']}, FR: {'PD_1,PD_2': inf, 'PD_1,PD_3': inf, 'PD_1,PD_4': inf, 'PD_2,PD_3': inf, 'PD_2,PD_4': inf, 'PD_3,PD_4': inf}
  Computing metrics...
    RSI: {'PD_1,PD_2': 0.0, 'PD_1,PD_3': 0.0, 'PD_1,PD_4': 0.0, 'PD_2,PD_3': 0.0, 'PD_2,PD_4': 0.0, 'PD_3,PD_4': 1.0}, ASR: 1.0, TCB: {'PD_1': ['PD_3'], 'PD_2': ['PD_4'], 'PD_3': ['PD_4'], 'PD_4': ['PD_3']}, FR: {'PD_1,PD_2': inf, 'PD_1,PD_3': inf, 'PD_1,PD_4': inf, 'PD_2,PD_3': inf, 'PD_2,PD_4': inf, 'PD_3,PD_4': inf}
  Computing metrics...
    RSI: {'PD_1,PD_2': 0.0, 'PD_1,PD_3': 0.0, 'PD_1,PD_4': 0.0, 'PD_2,PD_3': 0.0, 'PD_2,PD_4': 0.0, 'PD_3,PD_4': 1.0}, ASR: 1.0, TCB: {'PD_1': ['PD_3'], 'PD_2': ['PD_4'], 'PD_3': ['PD_4'], 'PD_4': ['PD_3']}, FR: {'PD_1,PD_2': inf, 'PD_1,PD_3': inf, 'PD_1,PD_4': inf, 'PD_2,PD_3': inf, 'PD_2,PD_4': inf, 'PD_3,PD_4': inf}
  Computing metrics...
    RSI: {'PD_1,PD_2': 0.0, 'PD_1,PD_3': 0.0, 'PD_1,PD_4': 0.0, 'PD_2,PD_3': 0.0, 'PD_2,PD_4': 0.0, 'PD_3,PD_4': 1.0}, ASR: 1.0, TCB: {'PD_1': ['PD_3'], 'PD_2': ['PD_4'], 'PD_3': ['PD_4'], 'PD_4': ['PD_3']}, FR: {'PD_1,PD_2': inf, 'PD_1,PD_3': inf, 'PD_1,PD_4': inf, 'PD_2,PD_3': inf, 'PD_2,PD_4': inf, 'PD_3,PD_4': inf}
  Computing metrics...
    RSI: {'PD_1,PD_2': 0.0, 'PD_1,PD_3': 0.0, 'PD_1,PD_4': 0.0, 'PD_2,PD_3': 0.0, 'PD_2,PD_4': 0.0, 'PD_3,PD_4': 1.0}, ASR: 1.0, TCB: {'PD_1': ['PD_3'], 'PD_2': ['PD_4'], 'PD_3': ['PD_4'], 'PD_4': ['PD_3']}, FR: {'PD_1,PD_2': inf, 'PD_1,PD_3': inf, 'PD_1,PD_4': inf, 'PD_2,PD_3': inf, 'PD_2,PD_4': inf, 'PD_3,PD_4': inf}
  Computing metrics...
    RSI: {'PD_1,PD_2': 0.0, 'PD_1,PD_3': 0.0, 'PD_1,PD_4': 0.0, 'PD_2,PD_3': 0.0, 'PD_2,PD_4': 0.0, 'PD_3,PD_4': 1.0}, ASR: 1.0, TCB: {'PD_1': ['PD_3'], 'PD_2': ['PD_4'], 'PD_3': ['PD_4'], 'PD_4': ['PD_3']}, FR: {'PD_1,PD_2': inf, 'PD_1,PD_3': inf, 'PD_1,PD_4': inf, 'PD_2,PD_3': inf, 'PD_2,PD_4': inf, 'PD_3,PD_4': inf}
  Computing metrics...
    RSI: {'PD_1,PD_2': 0.0, 'PD_1,PD_3': 0.0, 'PD_1,PD_4': 0.0, 'PD_2,PD_3': 0.0, 'PD_2,PD_4': 0.0, 'PD_3,PD_4': 1.0}, ASR: 1.0, TCB: {'PD_1': ['PD_3'], 'PD_2': ['PD_4'], 'PD_3': ['PD_4'], 'PD_4': ['PD_3']}, FR: {'PD_1,PD_2': inf, 'PD_1,PD_3': inf, 'PD_1,PD_4': inf, 'PD_2,PD_3': inf, 'PD_2,PD_4': inf, 'PD_3,PD_4': inf}
  Computing metrics...
    RSI: {'PD_1,PD_2': 0.0, 'PD_1,PD_3': 0.0, 'PD_1,PD_4': 0.0, 'PD_2,PD_3': 0.0, 'PD_2,PD_4': 0.0, 'PD_3,PD_4': 1.0}, ASR: 1.0, TCB: {'PD_1': ['PD_3'], 'PD_2': ['PD_4'], 'PD_3': ['PD_4'], 'PD_4': ['PD_3']}, FR: {'PD_1,PD_2': inf, 'PD_1,PD_3': inf, 'PD_1,PD_4': inf, 'PD_2,PD_3': inf, 'PD_2,PD_4': inf, 'PD_3,PD_4': inf}
  Computing metrics...
    RSI: {'PD_1,PD_2': 0.0, 'PD_1,PD_3': 0.0, 'PD_1,PD_4': 0.0, 'PD_2,PD_3': 0.0, 'PD_2,PD_4': 0.0, 'PD_3,PD_4': 1.0}, ASR: 1.0, TCB: {'PD_1': ['PD_3'], 'PD_2': ['PD_4'], 'PD_3': ['PD_4'], 'PD_4': ['PD_3']}, FR: {'PD_1,PD_2': inf, 'PD_1,PD_3': inf, 'PD_1,PD_4': inf, 'PD_2,PD_3': inf, 'PD_2,PD_4': inf, 'PD_3,PD_4': inf}
  Computing metrics...
    RSI: {'PD_1,PD_2': 0.0, 'PD_1,PD_3': 0.0, 'PD_1,PD_4': 0.0, 'PD_2,PD_3': 0.0, 'PD_2,PD_4': 0.0, 'PD_3,PD_4': 1.0}, ASR: 1.0, TCB: {'PD_1': ['PD_3'], 'PD_2': ['PD_4'], 'PD_3': ['PD_4'], 'PD_4': ['PD_3']}, FR: {'PD_1,PD_2': inf, 'PD_1,PD_3': inf, 'PD_1,PD_4': inf, 'PD_2,PD_3': inf, 'PD_2,PD_4': inf, 'PD_3,PD_4': inf}
  Computing metrics...
    RSI: {'PD_1,PD_2': 0.0, 'PD_1,PD_3': 0.0, 'PD_1,PD_4': 0.0, 'PD_2,PD_3': 0.0, 'PD_2,PD_4': 0.0, 'PD_3,PD_4': 1.0}, ASR: 1.0, TCB: {'PD_1': ['PD_3'], 'PD_2': ['PD_4'], 'PD_3': ['PD_4'], 'PD_4': ['PD_3']}, FR: {'PD_1,PD_2': inf, 'PD_1,PD_3': inf, 'PD_1,PD_4': inf, 'PD_2,PD_3': inf, 'PD_2,PD_4': inf, 'PD_3,PD_4': inf}
  Computing metrics...
    RSI: {'PD_1,PD_2': 0.0, 'PD_1,PD_3': 0.0, 'PD_1,PD_4': 0.0, 'PD_2,PD_3': 0.0, 'PD_2,PD_4': 0.0, 'PD_3,PD_4': 1.0}, ASR: 1.0, TCB: {'PD_1': ['PD_3'], 'PD_2': ['PD_4'], 'PD_3': ['PD_4'], 'PD_4': ['PD_3']}, FR: {'PD_1,PD_2': inf, 'PD_1,PD_3': inf, 'PD_1,PD_4': inf, 'PD_2,PD_3': inf, 'PD_2,PD_4': inf, 'PD_3,PD_4': inf}
  Computing metrics...
    RSI: {'PD_1,PD_2': 0.0, 'PD_1,PD_3': 0.0, 'PD_1,PD_4': 0.0, 'PD_2,PD_3': 0.0, 'PD_2,PD_4': 0.0, 'PD_3,PD_4': 1.0}, ASR: 1.0, TCB: {'PD_1': ['PD_3'], 'PD_2': ['PD_4'], 'PD_3': ['PD_4'], 'PD_4': ['PD_3']}, FR: {'PD_1,PD_2': inf, 'PD_1,PD_3': inf, 'PD_1,PD_4': inf, 'PD_2,PD_3': inf, 'PD_2,PD_4': inf, 'PD_3,PD_4': inf}
  Computing metrics...
    RSI: {'PD_1,PD_2': 0.0, 'PD_1,PD_3': 0.0, 'PD_1,PD_4': 0.0, 'PD_2,PD_3': 0.0, 'PD_2,PD_4': 0.0, 'PD_3,PD_4': 1.0}, ASR: 1.0, TCB: {'PD_1': ['PD_3'], 'PD_2': ['PD_4'], 'PD_3': ['PD_4'], 'PD_4': ['PD_3']}, FR: {'PD_1,PD_2': inf, 'PD_1,PD_3': inf, 'PD_1,PD_4': inf, 'PD_2,PD_3': inf, 'PD_2,PD_4': inf, 'PD_3,PD_4': inf}
  🚫 Filtered out 0 'add_file_resource(create new CONFIG file in FILE_SPACE_1)' candidates (avoiding repetition)
  Trying best transition: primitive
    Target: add new protection domain to help resolve 2 constraint violation(s)
    Predicted improvement: 0.100
    Considered 54 other option(s):
      1. primitive: create new CONFIG file in FILE_SPACE_1 (improvement: 0.700)
      2. primitive: create new DATABASE file in FILE_SPACE_1 (improvement: 0.700)
      3. primitive: create new TEMP file in FILE_SPACE_1 (improvement: 0.700)
      4. primitive: create new LOG file in FILE_SPACE_1 (improvement: 0.700)
      5. primitive: add authority relationship: PD_1 -> PD_2 (improvement: 0.250)
      6. primitive: enable indirect access: PD_1 -> PD_4 (improvement: 0.250)
      7. primitive: add authority relationship: PD_2 -> PD_1 (improvement: 0.250)
      8. primitive: enable indirect access: PD_2 -> PD_3 (improvement: 0.250)
      9. primitive: add authority relationship: PD_3 -> PD_1 (improvement: 0.250)
      10. primitive: add authority relationship: PD_3 -> PD_2 (improvement: 0.250)
      ... and 44 more
    ✅ Applied add_pd
  📋 Generated 55 candidate(s)
  Computing metrics...
    RSI: {'PD_1,PD_2': 0.0, 'PD_1,PD_3': 0.0, 'PD_1,PD_4': 0.0, 'PD_2,PD_3': 0.0, 'PD_2,PD_4': 0.0, 'PD_3,PD_4': 1.0}, ASR: 1.0, TCB: {'PD_1': ['PD_3'], 'PD_2': ['PD_4'], 'PD_3': ['PD_4'], 'PD_4': ['PD_3']}, FR: {'PD_1,PD_2': inf, 'PD_1,PD_3': inf, 'PD_1,PD_4': inf, 'PD_2,PD_3': inf, 'PD_2,PD_4': inf, 'PD_3,PD_4': inf}
    ✅ Added candidate: add_file_resource (score: 0.700)
  Computing metrics...
    RSI: {'PD_1,PD_2': 0.0, 'PD_1,PD_3': 0.0, 'PD_1,PD_4': 0.0, 'PD_2,PD_3': 0.0, 'PD_2,PD_4': 0.0, 'PD_3,PD_4': 1.0}, ASR: 1.0, TCB: {'PD_1': ['PD_3'], 'PD_2': ['PD_4'], 'PD_3': ['PD_4'], 'PD_4': ['PD_3']}, FR: {'PD_1,PD_2': inf, 'PD_1,PD_3': inf, 'PD_1,PD_4': inf, 'PD_2,PD_3': inf, 'PD_2,PD_4': inf, 'PD_3,PD_4': inf}
    ✅ Added candidate: add_file_resource (score: 0.700)

📊 Next beam (3 states):
  Beam[0]: BeamState(iter=6, score=0.700, path=add_file_resource(create new CONFIG file in FILE_SPACE_1) → add_file_resource(create new CONFIG file in FILE_SPACE_1) → add_file_resource(create new CONFIG file in FILE_SPACE_1))
  Beam[1]: BeamState(iter=6, score=0.700, path=add_file_resource(create new CONFIG file in FILE_SPACE_1) → add_file_resource(create new CONFIG file in FILE_SPACE_1) → add_file_resource(create new DATABASE file in FILE_SPACE_1))
  Beam[2]: BeamState(iter=6, score=0.700, path=add_file_resource(create new CONFIG file in FILE_SPACE_1) → add_file_resource(create new DATABASE file in FILE_SPACE_1) → add_file_resource(create new CONFIG file in FILE_SPACE_1))
💡 Total candidates generated: 6
🎯 Mechanisms discovered so far: 0

============================================================
🔍 Beam Search Iteration 7/8
📊 Current beam size: 3
  Beam[0]: BeamState(iter=6, score=0.700, path=add_file_resource(create new CONFIG file in FILE_SPACE_1) → add_file_resource(create new CONFIG file in FILE_SPACE_1) → add_file_resource(create new CONFIG file in FILE_SPACE_1))
  Beam[1]: BeamState(iter=6, score=0.700, path=add_file_resource(create new CONFIG file in FILE_SPACE_1) → add_file_resource(create new CONFIG file in FILE_SPACE_1) → add_file_resource(create new DATABASE file in FILE_SPACE_1))
  Beam[2]: BeamState(iter=6, score=0.700, path=add_file_resource(create new CONFIG file in FILE_SPACE_1) → add_file_resource(create new DATABASE file in FILE_SPACE_1) → add_file_resource(create new CONFIG file in FILE_SPACE_1))

🌟 Expanding Beam[0] (score: 0.700)
  ⚠️  Constraints violated: PD_1 lacks access to any files; PD_2 lacks access to any files
  Computing metrics...
    RSI: {'PD_1,PD_2': 0.0, 'PD_1,PD_3': 0.0, 'PD_1,PD_4': 0.0, 'PD_2,PD_3': 0.0, 'PD_2,PD_4': 0.0, 'PD_3,PD_4': 1.0}, ASR: 1.0, TCB: {'PD_1': ['PD_3'], 'PD_2': ['PD_4'], 'PD_3': ['PD_4'], 'PD_4': ['PD_3']}, FR: {'PD_1,PD_2': inf, 'PD_1,PD_3': inf, 'PD_1,PD_4': inf, 'PD_2,PD_3': inf, 'PD_2,PD_4': inf, 'PD_3,PD_4': inf}
  Computing metrics...
    RSI: {'PD_1,PD_2': 0.0, 'PD_1,PD_3': 0.0, 'PD_1,PD_4': 0.0, 'PD_1,PD_5': 0.0, 'PD_2,PD_3': 0.0, 'PD_2,PD_4': 0.0, 'PD_2,PD_5': 0.0, 'PD_3,PD_4': 1.0, 'PD_3,PD_5': 0.0, 'PD_4,PD_5': 0.0}, ASR: 0.8, TCB: {'PD_1': ['PD_3'], 'PD_2': ['PD_4'], 'PD_3': ['PD_4'], 'PD_4': ['PD_3'], 'PD_5': []}, FR: {'PD_1,PD_2': inf, 'PD_1,PD_3': inf, 'PD_1,PD_4': inf, 'PD_1,PD_5': inf, 'PD_2,PD_3': inf, 'PD_2,PD_4': inf, 'PD_2,PD_5': inf, 'PD_3,PD_4': inf, 'PD_3,PD_5': inf, 'PD_4,PD_5': inf}
  Computing metrics...
    RSI: {'PD_1,PD_2': 0.0, 'PD_1,PD_3': 0.0, 'PD_1,PD_4': 0.0, 'PD_2,PD_3': 0.0, 'PD_2,PD_4': 0.0, 'PD_3,PD_4': 1.0}, ASR: 1.0, TCB: {'PD_1': ['PD_3'], 'PD_2': ['PD_4'], 'PD_3': ['PD_4'], 'PD_4': ['PD_3']}, FR: {'PD_1,PD_2': inf, 'PD_1,PD_3': inf, 'PD_1,PD_4': inf, 'PD_2,PD_3': inf, 'PD_2,PD_4': inf, 'PD_3,PD_4': inf}
  Computing metrics...
    RSI: {'PD_1,PD_2': 0.0, 'PD_1,PD_3': 0.0, 'PD_1,PD_4': 0.0, 'PD_2,PD_3': 0.0, 'PD_2,PD_4': 0.0, 'PD_3,PD_4': 1.0}, ASR: 1.0, TCB: {'PD_1': ['PD_3'], 'PD_2': ['PD_4'], 'PD_3': ['PD_4'], 'PD_4': ['PD_3']}, FR: {'PD_1,PD_2': inf, 'PD_1,PD_3': inf, 'PD_1,PD_4': inf, 'PD_2,PD_3': inf, 'PD_2,PD_4': inf, 'PD_3,PD_4': inf}
  Computing metrics...
    RSI: {'PD_1,PD_2': 0.0, 'PD_1,PD_3': 0.0, 'PD_1,PD_4': 0.0, 'PD_2,PD_3': 0.0, 'PD_2,PD_4': 0.0, 'PD_3,PD_4': 1.0}, ASR: 1.0, TCB: {'PD_1': ['PD_3'], 'PD_2': ['PD_4'], 'PD_3': ['PD_4'], 'PD_4': ['PD_3']}, FR: {'PD_1,PD_2': inf, 'PD_1,PD_3': inf, 'PD_1,PD_4': inf, 'PD_2,PD_3': inf, 'PD_2,PD_4': inf, 'PD_3,PD_4': inf}
  Computing metrics...
    RSI: {'PD_1,PD_2': 0.0, 'PD_1,PD_3': 0.0, 'PD_1,PD_4': 0.0, 'PD_2,PD_3': 0.0, 'PD_2,PD_4': 0.0, 'PD_3,PD_4': 1.0}, ASR: 1.0, TCB: {'PD_1': ['PD_3'], 'PD_2': ['PD_4'], 'PD_3': ['PD_4'], 'PD_4': ['PD_3']}, FR: {'PD_1,PD_2': inf, 'PD_1,PD_3': inf, 'PD_1,PD_4': inf, 'PD_2,PD_3': inf, 'PD_2,PD_4': inf, 'PD_3,PD_4': inf}
  Computing metrics...
    RSI: {'PD_1,PD_2': 0.0, 'PD_1,PD_3': 0.0, 'PD_1,PD_4': 0.0, 'PD_2,PD_3': 0.0, 'PD_2,PD_4': 0.0, 'PD_3,PD_4': 1.0}, ASR: 1.0, TCB: {'PD_1': ['PD_3'], 'PD_2': ['PD_4'], 'PD_3': ['PD_4'], 'PD_4': ['PD_3']}, FR: {'PD_1,PD_2': inf, 'PD_1,PD_3': inf, 'PD_1,PD_4': inf, 'PD_2,PD_3': inf, 'PD_2,PD_4': inf, 'PD_3,PD_4': inf}
  Computing metrics...
    RSI: {'PD_1,PD_2': 0.0, 'PD_1,PD_3': 0.0, 'PD_1,PD_4': 0.0, 'PD_2,PD_3': 0.0, 'PD_2,PD_4': 0.0, 'PD_3,PD_4': 1.0}, ASR: 1.0, TCB: {'PD_1': ['PD_3'], 'PD_2': ['PD_4'], 'PD_3': ['PD_4'], 'PD_4': ['PD_3']}, FR: {'PD_1,PD_2': inf, 'PD_1,PD_3': inf, 'PD_1,PD_4': inf, 'PD_2,PD_3': inf, 'PD_2,PD_4': inf, 'PD_3,PD_4': inf}
  Computing metrics...
    RSI: {'PD_1,PD_2': 0.0, 'PD_1,PD_3': 0.0, 'PD_1,PD_4': 0.0, 'PD_2,PD_3': 0.0, 'PD_2,PD_4': 0.0, 'PD_3,PD_4': 1.0}, ASR: 1.0, TCB: {'PD_1': ['PD_3'], 'PD_2': ['PD_4'], 'PD_3': ['PD_4'], 'PD_4': ['PD_3']}, FR: {'PD_1,PD_2': inf, 'PD_1,PD_3': inf, 'PD_1,PD_4': inf, 'PD_2,PD_3': inf, 'PD_2,PD_4': inf, 'PD_3,PD_4': inf}
  Computing metrics...
    RSI: {'PD_1,PD_2': 0.0, 'PD_1,PD_3': 0.0, 'PD_1,PD_4': 0.0, 'PD_2,PD_3': 0.0, 'PD_2,PD_4': 0.0, 'PD_3,PD_4': 1.0}, ASR: 1.0, TCB: {'PD_1': ['PD_3'], 'PD_2': ['PD_4'], 'PD_3': ['PD_4'], 'PD_4': ['PD_3']}, FR: {'PD_1,PD_2': inf, 'PD_1,PD_3': inf, 'PD_1,PD_4': inf, 'PD_2,PD_3': inf, 'PD_2,PD_4': inf, 'PD_3,PD_4': inf}
  Computing metrics...
    RSI: {'PD_1,PD_2': 0.0, 'PD_1,PD_3': 0.0, 'PD_1,PD_4': 0.0, 'PD_2,PD_3': 0.0, 'PD_2,PD_4': 0.0, 'PD_3,PD_4': 1.0}, ASR: 1.0, TCB: {'PD_1': ['PD_3'], 'PD_2': ['PD_4'], 'PD_3': ['PD_4'], 'PD_4': ['PD_3']}, FR: {'PD_1,PD_2': inf, 'PD_1,PD_3': inf, 'PD_1,PD_4': inf, 'PD_2,PD_3': inf, 'PD_2,PD_4': inf, 'PD_3,PD_4': inf}
  Computing metrics...
    RSI: {'PD_1,PD_2': 0.0, 'PD_1,PD_3': 0.0, 'PD_1,PD_4': 0.0, 'PD_2,PD_3': 0.0, 'PD_2,PD_4': 0.0, 'PD_3,PD_4': 1.0}, ASR: 1.0, TCB: {'PD_1': ['PD_3'], 'PD_2': ['PD_4'], 'PD_3': ['PD_4'], 'PD_4': ['PD_3']}, FR: {'PD_1,PD_2': inf, 'PD_1,PD_3': inf, 'PD_1,PD_4': inf, 'PD_2,PD_3': inf, 'PD_2,PD_4': inf, 'PD_3,PD_4': inf}
  Computing metrics...
    RSI: {'PD_1,PD_2': 0.0, 'PD_1,PD_3': 0.0, 'PD_1,PD_4': 0.0, 'PD_2,PD_3': 0.0, 'PD_2,PD_4': 0.0, 'PD_3,PD_4': 1.0}, ASR: 1.0, TCB: {'PD_1': ['PD_3'], 'PD_2': ['PD_4'], 'PD_3': ['PD_4'], 'PD_4': ['PD_3']}, FR: {'PD_1,PD_2': inf, 'PD_1,PD_3': inf, 'PD_1,PD_4': inf, 'PD_2,PD_3': inf, 'PD_2,PD_4': inf, 'PD_3,PD_4': inf}
  Computing metrics...
    RSI: {'PD_1,PD_2': 0.0, 'PD_1,PD_3': 0.0, 'PD_1,PD_4': 0.0, 'PD_2,PD_3': 0.0, 'PD_2,PD_4': 0.0, 'PD_3,PD_4': 1.0}, ASR: 1.0, TCB: {'PD_1': ['PD_3'], 'PD_2': ['PD_4'], 'PD_3': ['PD_4'], 'PD_4': ['PD_3']}, FR: {'PD_1,PD_2': inf, 'PD_1,PD_3': inf, 'PD_1,PD_4': inf, 'PD_2,PD_3': inf, 'PD_2,PD_4': inf, 'PD_3,PD_4': inf}
  Computing metrics...
    RSI: {'PD_1,PD_2': 0.0, 'PD_1,PD_3': 0.0, 'PD_1,PD_4': 0.0, 'PD_2,PD_3': 0.0, 'PD_2,PD_4': 0.0, 'PD_3,PD_4': 1.0}, ASR: 1.0, TCB: {'PD_1': ['PD_3'], 'PD_2': ['PD_4'], 'PD_3': ['PD_4'], 'PD_4': ['PD_3']}, FR: {'PD_1,PD_2': inf, 'PD_1,PD_3': inf, 'PD_1,PD_4': inf, 'PD_2,PD_3': inf, 'PD_2,PD_4': inf, 'PD_3,PD_4': inf}
  Computing metrics...
    RSI: {'PD_1,PD_2': 0.0, 'PD_1,PD_3': 0.0, 'PD_1,PD_4': 0.0, 'PD_2,PD_3': 0.0, 'PD_2,PD_4': 0.0, 'PD_3,PD_4': 1.0}, ASR: 1.0, TCB: {'PD_1': ['PD_3'], 'PD_2': ['PD_4'], 'PD_3': ['PD_4'], 'PD_4': ['PD_3']}, FR: {'PD_1,PD_2': inf, 'PD_1,PD_3': inf, 'PD_1,PD_4': inf, 'PD_2,PD_3': inf, 'PD_2,PD_4': inf, 'PD_3,PD_4': inf}
  Computing metrics...
    RSI: {'PD_1,PD_2': 0.0, 'PD_1,PD_3': 0.0, 'PD_1,PD_4': 0.0, 'PD_2,PD_3': 0.0, 'PD_2,PD_4': 0.0, 'PD_3,PD_4': 1.0}, ASR: 1.0, TCB: {'PD_1': ['PD_3'], 'PD_2': ['PD_4'], 'PD_3': ['PD_4'], 'PD_4': ['PD_3']}, FR: {'PD_1,PD_2': inf, 'PD_1,PD_3': inf, 'PD_1,PD_4': inf, 'PD_2,PD_3': inf, 'PD_2,PD_4': inf, 'PD_3,PD_4': inf}
  Computing metrics...
    RSI: {'PD_1,PD_2': 0.0, 'PD_1,PD_3': 0.0, 'PD_1,PD_4': 0.0, 'PD_2,PD_3': 0.0, 'PD_2,PD_4': 0.0, 'PD_3,PD_4': 1.0}, ASR: 1.0, TCB: {'PD_1': ['PD_3'], 'PD_2': ['PD_4'], 'PD_3': ['PD_4'], 'PD_4': ['PD_3']}, FR: {'PD_1,PD_2': inf, 'PD_1,PD_3': inf, 'PD_1,PD_4': inf, 'PD_2,PD_3': inf, 'PD_2,PD_4': inf, 'PD_3,PD_4': inf}
  Computing metrics...
    RSI: {'PD_1,PD_2': 0.0, 'PD_1,PD_3': 0.0, 'PD_1,PD_4': 0.0, 'PD_2,PD_3': 0.0, 'PD_2,PD_4': 0.0, 'PD_3,PD_4': 1.0}, ASR: 1.0, TCB: {'PD_1': ['PD_3'], 'PD_2': ['PD_4'], 'PD_3': ['PD_4'], 'PD_4': ['PD_3']}, FR: {'PD_1,PD_2': inf, 'PD_1,PD_3': inf, 'PD_1,PD_4': inf, 'PD_2,PD_3': inf, 'PD_2,PD_4': inf, 'PD_3,PD_4': inf}
  Computing metrics...
    RSI: {'PD_1,PD_2': 0.0, 'PD_1,PD_3': 0.0, 'PD_1,PD_4': 0.0, 'PD_2,PD_3': 0.0, 'PD_2,PD_4': 0.0, 'PD_3,PD_4': 1.0}, ASR: 1.0, TCB: {'PD_1': ['PD_3'], 'PD_2': ['PD_4'], 'PD_3': ['PD_4'], 'PD_4': ['PD_3']}, FR: {'PD_1,PD_2': inf, 'PD_1,PD_3': inf, 'PD_1,PD_4': inf, 'PD_2,PD_3': inf, 'PD_2,PD_4': inf, 'PD_3,PD_4': inf}
  Computing metrics...
    RSI: {'PD_1,PD_2': 0.0, 'PD_1,PD_3': 0.0, 'PD_1,PD_4': 0.0, 'PD_2,PD_3': 0.0, 'PD_2,PD_4': 0.0, 'PD_3,PD_4': 1.0}, ASR: 1.0, TCB: {'PD_1': ['PD_3'], 'PD_2': ['PD_4'], 'PD_3': ['PD_4'], 'PD_4': ['PD_3']}, FR: {'PD_1,PD_2': inf, 'PD_1,PD_3': inf, 'PD_1,PD_4': inf, 'PD_2,PD_3': inf, 'PD_2,PD_4': inf, 'PD_3,PD_4': inf}
  Computing metrics...
    RSI: {'PD_1,PD_2': 0.0, 'PD_1,PD_3': 0.0, 'PD_1,PD_4': 0.0, 'PD_2,PD_3': 0.0, 'PD_2,PD_4': 0.0, 'PD_3,PD_4': 1.0}, ASR: 1.0, TCB: {'PD_1': ['PD_3'], 'PD_2': ['PD_4'], 'PD_3': ['PD_4'], 'PD_4': ['PD_3']}, FR: {'PD_1,PD_2': inf, 'PD_1,PD_3': inf, 'PD_1,PD_4': inf, 'PD_2,PD_3': inf, 'PD_2,PD_4': inf, 'PD_3,PD_4': inf}
  Computing metrics...
    RSI: {'PD_1,PD_2': 0.0, 'PD_1,PD_3': 0.0, 'PD_1,PD_4': 0.0, 'PD_2,PD_3': 0.0, 'PD_2,PD_4': 0.0, 'PD_3,PD_4': 1.0}, ASR: 1.0, TCB: {'PD_1': ['PD_3'], 'PD_2': ['PD_4'], 'PD_3': ['PD_4'], 'PD_4': ['PD_3']}, FR: {'PD_1,PD_2': inf, 'PD_1,PD_3': inf, 'PD_1,PD_4': inf, 'PD_2,PD_3': inf, 'PD_2,PD_4': inf, 'PD_3,PD_4': inf}
  Computing metrics...
    RSI: {'PD_1,PD_2': 0.0, 'PD_1,PD_3': 0.0, 'PD_1,PD_4': 0.0, 'PD_2,PD_3': 0.0, 'PD_2,PD_4': 0.0, 'PD_3,PD_4': 1.0}, ASR: 1.0, TCB: {'PD_1': ['PD_3'], 'PD_2': ['PD_4'], 'PD_3': ['PD_4'], 'PD_4': ['PD_3']}, FR: {'PD_1,PD_2': inf, 'PD_1,PD_3': inf, 'PD_1,PD_4': inf, 'PD_2,PD_3': inf, 'PD_2,PD_4': inf, 'PD_3,PD_4': inf}
  Computing metrics...
    RSI: {'PD_1,PD_2': 0.0, 'PD_1,PD_3': 0.0, 'PD_1,PD_4': 0.0, 'PD_2,PD_3': 0.0, 'PD_2,PD_4': 0.0, 'PD_3,PD_4': 1.0}, ASR: 1.0, TCB: {'PD_1': ['PD_3'], 'PD_2': ['PD_4'], 'PD_3': ['PD_4'], 'PD_4': ['PD_3']}, FR: {'PD_1,PD_2': inf, 'PD_1,PD_3': inf, 'PD_1,PD_4': inf, 'PD_2,PD_3': inf, 'PD_2,PD_4': inf, 'PD_3,PD_4': inf}
  Computing metrics...
    RSI: {'PD_1,PD_2': 0.0, 'PD_1,PD_3': 0.0, 'PD_1,PD_4': 0.0, 'PD_2,PD_3': 0.0, 'PD_2,PD_4': 0.0, 'PD_3,PD_4': 1.0}, ASR: 1.0, TCB: {'PD_1': ['PD_3'], 'PD_2': ['PD_4'], 'PD_3': ['PD_4'], 'PD_4': ['PD_3']}, FR: {'PD_1,PD_2': inf, 'PD_1,PD_3': inf, 'PD_1,PD_4': inf, 'PD_2,PD_3': inf, 'PD_2,PD_4': inf, 'PD_3,PD_4': inf}
  Computing metrics...
    RSI: {'PD_1,PD_2': 0.0, 'PD_1,PD_3': 0.0, 'PD_1,PD_4': 0.0, 'PD_2,PD_3': 0.0, 'PD_2,PD_4': 0.0, 'PD_3,PD_4': 1.0}, ASR: 1.0, TCB: {'PD_1': ['PD_3'], 'PD_2': ['PD_4'], 'PD_3': ['PD_4'], 'PD_4': ['PD_3']}, FR: {'PD_1,PD_2': inf, 'PD_1,PD_3': inf, 'PD_1,PD_4': inf, 'PD_2,PD_3': inf, 'PD_2,PD_4': inf, 'PD_3,PD_4': inf}
  Computing metrics...
    RSI: {'PD_1,PD_2': 0.0, 'PD_1,PD_3': 0.0, 'PD_1,PD_4': 0.0, 'PD_2,PD_3': 0.0, 'PD_2,PD_4': 0.0, 'PD_3,PD_4': 1.0}, ASR: 1.0, TCB: {'PD_1': ['PD_3'], 'PD_2': ['PD_4'], 'PD_3': ['PD_4'], 'PD_4': ['PD_3']}, FR: {'PD_1,PD_2': inf, 'PD_1,PD_3': inf, 'PD_1,PD_4': inf, 'PD_2,PD_3': inf, 'PD_2,PD_4': inf, 'PD_3,PD_4': inf}
  Computing metrics...
    RSI: {'PD_1,PD_2': 0.0, 'PD_1,PD_3': 0.0, 'PD_1,PD_4': 0.0, 'PD_2,PD_3': 0.0, 'PD_2,PD_4': 0.0, 'PD_3,PD_4': 1.0}, ASR: 1.0, TCB: {'PD_1': ['PD_3'], 'PD_2': ['PD_4'], 'PD_3': ['PD_4'], 'PD_4': ['PD_3']}, FR: {'PD_1,PD_2': inf, 'PD_1,PD_3': inf, 'PD_1,PD_4': inf, 'PD_2,PD_3': inf, 'PD_2,PD_4': inf, 'PD_3,PD_4': inf}
  Computing metrics...
    RSI: {'PD_1,PD_2': 0.0, 'PD_1,PD_3': 1.0, 'PD_1,PD_4': 1.0, 'PD_2,PD_3': 0.0, 'PD_2,PD_4': 0.0, 'PD_3,PD_4': 1.0}, ASR: 1.25, TCB: {'PD_1': ['PD_3', 'PD_4'], 'PD_2': ['PD_4'], 'PD_3': ['PD_1', 'PD_4'], 'PD_4': ['PD_1', 'PD_3']}, FR: {'PD_1,PD_2': inf, 'PD_1,PD_3': inf, 'PD_1,PD_4': inf, 'PD_2,PD_3': inf, 'PD_2,PD_4': inf, 'PD_3,PD_4': inf}
  Computing metrics...
    RSI: {'PD_1,PD_2': 0.0, 'PD_1,PD_3': 0.0, 'PD_1,PD_4': 0.0, 'PD_2,PD_3': 0.0, 'PD_2,PD_4': 0.0, 'PD_3,PD_4': 1.0}, ASR: 1.0, TCB: {'PD_1': ['PD_3'], 'PD_2': ['PD_4'], 'PD_3': ['PD_4'], 'PD_4': ['PD_3']}, FR: {'PD_1,PD_2': inf, 'PD_1,PD_3': inf, 'PD_1,PD_4': inf, 'PD_2,PD_3': inf, 'PD_2,PD_4': inf, 'PD_3,PD_4': inf}
  Computing metrics...
    RSI: {'PD_1,PD_2': 0.0, 'PD_1,PD_3': 0.0, 'PD_1,PD_4': 0.0, 'PD_2,PD_3': 0.0, 'PD_2,PD_4': 0.0, 'PD_3,PD_4': 1.0}, ASR: 1.25, TCB: {'PD_1': ['PD_3'], 'PD_2': ['PD_4'], 'PD_3': ['PD_4'], 'PD_4': ['PD_3']}, FR: {'PD_1,PD_2': inf, 'PD_1,PD_3': inf, 'PD_1,PD_4': inf, 'PD_2,PD_3': inf, 'PD_2,PD_4': inf, 'PD_3,PD_4': inf}
  Computing metrics...
    RSI: {'PD_1,PD_2': 0.0, 'PD_1,PD_3': 0.0, 'PD_1,PD_4': 0.0, 'PD_2,PD_3': 0.0, 'PD_2,PD_4': 0.0, 'PD_3,PD_4': 1.0}, ASR: 1.0, TCB: {'PD_1': ['PD_3'], 'PD_2': ['PD_4'], 'PD_3': ['PD_4'], 'PD_4': ['PD_3']}, FR: {'PD_1,PD_2': inf, 'PD_1,PD_3': inf, 'PD_1,PD_4': inf, 'PD_2,PD_3': inf, 'PD_2,PD_4': inf, 'PD_3,PD_4': inf}
  Computing metrics...
    RSI: {'PD_1,PD_2': 0.0, 'PD_1,PD_3': 0.0, 'PD_1,PD_4': 0.0, 'PD_2,PD_3': 0.0, 'PD_2,PD_4': 0.0, 'PD_3,PD_4': 1.0}, ASR: 1.25, TCB: {'PD_1': ['PD_3'], 'PD_2': ['PD_4'], 'PD_3': ['PD_4'], 'PD_4': ['PD_3']}, FR: {'PD_1,PD_2': inf, 'PD_1,PD_3': inf, 'PD_1,PD_4': inf, 'PD_2,PD_3': inf, 'PD_2,PD_4': inf, 'PD_3,PD_4': inf}
  Computing metrics...
    RSI: {'PD_1,PD_2': 0.0, 'PD_1,PD_3': 0.0, 'PD_1,PD_4': 0.0, 'PD_2,PD_3': 0.0, 'PD_2,PD_4': 0.0, 'PD_3,PD_4': 1.0}, ASR: 1.0, TCB: {'PD_1': ['PD_3'], 'PD_2': ['PD_4'], 'PD_3': ['PD_4'], 'PD_4': ['PD_3']}, FR: {'PD_1,PD_2': inf, 'PD_1,PD_3': inf, 'PD_1,PD_4': inf, 'PD_2,PD_3': inf, 'PD_2,PD_4': inf, 'PD_3,PD_4': inf}
  Computing metrics...
    RSI: {'PD_1,PD_2': 0.0, 'PD_1,PD_3': 0.0, 'PD_1,PD_4': 0.0, 'PD_2,PD_3': 0.0, 'PD_2,PD_4': 0.0, 'PD_3,PD_4': 1.0}, ASR: 1.25, TCB: {'PD_1': ['PD_3'], 'PD_2': ['PD_4'], 'PD_3': ['PD_4'], 'PD_4': ['PD_3']}, FR: {'PD_1,PD_2': inf, 'PD_1,PD_3': inf, 'PD_1,PD_4': inf, 'PD_2,PD_3': inf, 'PD_2,PD_4': inf, 'PD_3,PD_4': inf}
  Computing metrics...
    RSI: {'PD_1,PD_2': 0.0, 'PD_1,PD_3': 0.0, 'PD_1,PD_4': 0.0, 'PD_2,PD_3': 0.0, 'PD_2,PD_4': 0.0, 'PD_3,PD_4': 1.0}, ASR: 1.0, TCB: {'PD_1': ['PD_3'], 'PD_2': ['PD_4'], 'PD_3': ['PD_4'], 'PD_4': ['PD_3']}, FR: {'PD_1,PD_2': inf, 'PD_1,PD_3': inf, 'PD_1,PD_4': inf, 'PD_2,PD_3': inf, 'PD_2,PD_4': inf, 'PD_3,PD_4': inf}
  Computing metrics...
    RSI: {'PD_1,PD_2': 0.0, 'PD_1,PD_3': 0.0, 'PD_1,PD_4': 0.0, 'PD_2,PD_3': 0.0, 'PD_2,PD_4': 0.0, 'PD_3,PD_4': 1.0}, ASR: 1.25, TCB: {'PD_1': ['PD_3'], 'PD_2': ['PD_4'], 'PD_3': ['PD_4'], 'PD_4': ['PD_3']}, FR: {'PD_1,PD_2': inf, 'PD_1,PD_3': inf, 'PD_1,PD_4': inf, 'PD_2,PD_3': inf, 'PD_2,PD_4': inf, 'PD_3,PD_4': inf}
  Computing metrics...
    RSI: {'PD_1,PD_2': 0.0, 'PD_1,PD_3': 0.0, 'PD_1,PD_4': 0.0, 'PD_2,PD_3': 0.0, 'PD_2,PD_4': 0.0, 'PD_3,PD_4': 1.0}, ASR: 1.0, TCB: {'PD_1': ['PD_3'], 'PD_2': ['PD_4'], 'PD_3': ['PD_4'], 'PD_4': ['PD_3']}, FR: {'PD_1,PD_2': inf, 'PD_1,PD_3': inf, 'PD_1,PD_4': inf, 'PD_2,PD_3': inf, 'PD_2,PD_4': inf, 'PD_3,PD_4': inf}
  Computing metrics...
    RSI: {'PD_1,PD_2': 0.0, 'PD_1,PD_3': 0.0, 'PD_1,PD_4': 0.0, 'PD_2,PD_3': 0.0, 'PD_2,PD_4': 0.0, 'PD_3,PD_4': 1.0}, ASR: 1.25, TCB: {'PD_1': ['PD_3'], 'PD_2': ['PD_4'], 'PD_3': ['PD_4'], 'PD_4': ['PD_3']}, FR: {'PD_1,PD_2': inf, 'PD_1,PD_3': inf, 'PD_1,PD_4': inf, 'PD_2,PD_3': inf, 'PD_2,PD_4': inf, 'PD_3,PD_4': inf}
  Computing metrics...
    RSI: {'PD_1,PD_2': 0.0, 'PD_1,PD_3': 0.0, 'PD_1,PD_4': 0.0, 'PD_2,PD_3': 0.0, 'PD_2,PD_4': 0.0, 'PD_3,PD_4': 1.0}, ASR: 1.0, TCB: {'PD_1': ['PD_3'], 'PD_2': ['PD_4'], 'PD_3': ['PD_4'], 'PD_4': ['PD_3']}, FR: {'PD_1,PD_2': inf, 'PD_1,PD_3': inf, 'PD_1,PD_4': inf, 'PD_2,PD_3': inf, 'PD_2,PD_4': inf, 'PD_3,PD_4': inf}
  Computing metrics...
    RSI: {'PD_1,PD_2': 0.0, 'PD_1,PD_3': 0.0, 'PD_1,PD_4': 0.0, 'PD_2,PD_3': 0.0, 'PD_2,PD_4': 0.0, 'PD_3,PD_4': 1.0}, ASR: 1.25, TCB: {'PD_1': ['PD_3'], 'PD_2': ['PD_4'], 'PD_3': ['PD_4'], 'PD_4': ['PD_3']}, FR: {'PD_1,PD_2': inf, 'PD_1,PD_3': inf, 'PD_1,PD_4': inf, 'PD_2,PD_3': inf, 'PD_2,PD_4': inf, 'PD_3,PD_4': inf}
  Computing metrics...
    RSI: {'PD_1,PD_2': 0.0, 'PD_1,PD_3': 0.0, 'PD_1,PD_4': 0.0, 'PD_2,PD_3': 0.0, 'PD_2,PD_4': 0.0, 'PD_3,PD_4': 1.0}, ASR: 1.0, TCB: {'PD_1': ['PD_3'], 'PD_2': ['PD_4'], 'PD_3': ['PD_4'], 'PD_4': ['PD_3']}, FR: {'PD_1,PD_2': inf, 'PD_1,PD_3': inf, 'PD_1,PD_4': inf, 'PD_2,PD_3': inf, 'PD_2,PD_4': inf, 'PD_3,PD_4': inf}
  Computing metrics...
    RSI: {'PD_1,PD_2': 0.0, 'PD_1,PD_3': 0.0, 'PD_1,PD_4': 0.0, 'PD_2,PD_3': 1.0, 'PD_2,PD_4': 1.0, 'PD_3,PD_4': 1.0}, ASR: 1.25, TCB: {'PD_1': ['PD_3'], 'PD_2': ['PD_4', 'PD_3'], 'PD_3': ['PD_2', 'PD_4'], 'PD_4': ['PD_2', 'PD_3']}, FR: {'PD_1,PD_2': inf, 'PD_1,PD_3': inf, 'PD_1,PD_4': inf, 'PD_2,PD_3': inf, 'PD_2,PD_4': inf, 'PD_3,PD_4': inf}
  Computing metrics...
    RSI: {'PD_1,PD_2': 0.0, 'PD_1,PD_3': 0.0, 'PD_1,PD_4': 0.0, 'PD_2,PD_3': 0.0, 'PD_2,PD_4': 0.0, 'PD_3,PD_4': 1.0}, ASR: 1.0, TCB: {'PD_1': ['PD_3'], 'PD_2': ['PD_4'], 'PD_3': ['PD_4'], 'PD_4': ['PD_3']}, FR: {'PD_1,PD_2': inf, 'PD_1,PD_3': inf, 'PD_1,PD_4': inf, 'PD_2,PD_3': inf, 'PD_2,PD_4': inf, 'PD_3,PD_4': inf}
  Computing metrics...
    RSI: {'PD_1,PD_2': 0.0, 'PD_1,PD_3': 0.0, 'PD_1,PD_4': 0.0, 'PD_2,PD_3': 0.0, 'PD_2,PD_4': 0.0, 'PD_3,PD_4': 1.0}, ASR: 1.25, TCB: {'PD_1': ['PD_3'], 'PD_2': ['PD_4'], 'PD_3': ['PD_4'], 'PD_4': ['PD_3']}, FR: {'PD_1,PD_2': inf, 'PD_1,PD_3': inf, 'PD_1,PD_4': inf, 'PD_2,PD_3': inf, 'PD_2,PD_4': inf, 'PD_3,PD_4': inf}
  Computing metrics...
    RSI: {'PD_1,PD_2': 0.0, 'PD_1,PD_3': 0.0, 'PD_1,PD_4': 0.0, 'PD_2,PD_3': 0.0, 'PD_2,PD_4': 0.0, 'PD_3,PD_4': 1.0}, ASR: 1.0, TCB: {'PD_1': ['PD_3'], 'PD_2': ['PD_4'], 'PD_3': ['PD_4'], 'PD_4': ['PD_3']}, FR: {'PD_1,PD_2': inf, 'PD_1,PD_3': inf, 'PD_1,PD_4': inf, 'PD_2,PD_3': inf, 'PD_2,PD_4': inf, 'PD_3,PD_4': inf}
  Computing metrics...
    RSI: {'PD_1,PD_2': 0.0, 'PD_1,PD_3': 0.0, 'PD_1,PD_4': 0.0, 'PD_2,PD_3': 0.0, 'PD_2,PD_4': 0.0, 'PD_3,PD_4': 1.0}, ASR: 1.25, TCB: {'PD_1': ['PD_3'], 'PD_2': ['PD_4'], 'PD_3': ['PD_4'], 'PD_4': ['PD_3']}, FR: {'PD_1,PD_2': inf, 'PD_1,PD_3': inf, 'PD_1,PD_4': inf, 'PD_2,PD_3': inf, 'PD_2,PD_4': inf, 'PD_3,PD_4': inf}
  Computing metrics...
    RSI: {'PD_1,PD_2': 0.0, 'PD_1,PD_3': 0.0, 'PD_1,PD_4': 0.0, 'PD_2,PD_3': 0.0, 'PD_2,PD_4': 0.0, 'PD_3,PD_4': 1.0}, ASR: 1.0, TCB: {'PD_1': ['PD_3'], 'PD_2': ['PD_4'], 'PD_3': ['PD_4'], 'PD_4': ['PD_3']}, FR: {'PD_1,PD_2': inf, 'PD_1,PD_3': inf, 'PD_1,PD_4': inf, 'PD_2,PD_3': inf, 'PD_2,PD_4': inf, 'PD_3,PD_4': inf}
  Computing metrics...
    RSI: {'PD_1,PD_2': 0.0, 'PD_1,PD_3': 0.0, 'PD_1,PD_4': 0.0, 'PD_2,PD_3': 0.0, 'PD_2,PD_4': 0.0, 'PD_3,PD_4': 1.0}, ASR: 1.25, TCB: {'PD_1': ['PD_3'], 'PD_2': ['PD_4'], 'PD_3': ['PD_4'], 'PD_4': ['PD_3']}, FR: {'PD_1,PD_2': inf, 'PD_1,PD_3': inf, 'PD_1,PD_4': inf, 'PD_2,PD_3': inf, 'PD_2,PD_4': inf, 'PD_3,PD_4': inf}
  Computing metrics...
    RSI: {'PD_1,PD_2': 0.0, 'PD_1,PD_3': 0.0, 'PD_1,PD_4': 0.0, 'PD_2,PD_3': 0.0, 'PD_2,PD_4': 0.0, 'PD_3,PD_4': 1.0}, ASR: 1.0, TCB: {'PD_1': ['PD_3'], 'PD_2': ['PD_4'], 'PD_3': ['PD_4'], 'PD_4': ['PD_3']}, FR: {'PD_1,PD_2': inf, 'PD_1,PD_3': inf, 'PD_1,PD_4': inf, 'PD_2,PD_3': inf, 'PD_2,PD_4': inf, 'PD_3,PD_4': inf}
  Computing metrics...
    RSI: {'PD_1,PD_2': 0.0, 'PD_1,PD_3': 0.0, 'PD_1,PD_4': 0.0, 'PD_2,PD_3': 0.0, 'PD_2,PD_4': 0.0, 'PD_3,PD_4': 1.0}, ASR: 1.25, TCB: {'PD_1': ['PD_3'], 'PD_2': ['PD_4'], 'PD_3': ['PD_4'], 'PD_4': ['PD_3']}, FR: {'PD_1,PD_2': inf, 'PD_1,PD_3': inf, 'PD_1,PD_4': inf, 'PD_2,PD_3': inf, 'PD_2,PD_4': inf, 'PD_3,PD_4': inf}
  Computing metrics...
    RSI: {'PD_1,PD_2': 0.0, 'PD_1,PD_3': 0.0, 'PD_1,PD_4': 0.0, 'PD_2,PD_3': 0.0, 'PD_2,PD_4': 0.0, 'PD_3,PD_4': 1.0}, ASR: 1.0, TCB: {'PD_1': ['PD_3'], 'PD_2': ['PD_4'], 'PD_3': ['PD_4'], 'PD_4': ['PD_3']}, FR: {'PD_1,PD_2': inf, 'PD_1,PD_3': inf, 'PD_1,PD_4': inf, 'PD_2,PD_3': inf, 'PD_2,PD_4': inf, 'PD_3,PD_4': inf}
  Computing metrics...
    RSI: {'PD_1,PD_2': 0.0, 'PD_1,PD_3': 0.0, 'PD_1,PD_4': 0.0, 'PD_2,PD_3': 0.0, 'PD_2,PD_4': 0.0, 'PD_3,PD_4': 1.0}, ASR: 1.25, TCB: {'PD_1': ['PD_3'], 'PD_2': ['PD_4'], 'PD_3': ['PD_4'], 'PD_4': ['PD_3']}, FR: {'PD_1,PD_2': inf, 'PD_1,PD_3': inf, 'PD_1,PD_4': inf, 'PD_2,PD_3': inf, 'PD_2,PD_4': inf, 'PD_3,PD_4': inf}
  Computing metrics...
    RSI: {'PD_1,PD_2': 0.0, 'PD_1,PD_3': 0.0, 'PD_1,PD_4': 0.0, 'PD_2,PD_3': 0.0, 'PD_2,PD_4': 0.0, 'PD_3,PD_4': 1.0}, ASR: 1.0, TCB: {'PD_1': ['PD_3'], 'PD_2': ['PD_4'], 'PD_3': ['PD_4'], 'PD_4': ['PD_3']}, FR: {'PD_1,PD_2': inf, 'PD_1,PD_3': inf, 'PD_1,PD_4': inf, 'PD_2,PD_3': inf, 'PD_2,PD_4': inf, 'PD_3,PD_4': inf}
  Computing metrics...
    RSI: {'PD_1,PD_2': 0.0, 'PD_1,PD_3': 0.0, 'PD_1,PD_4': 0.0, 'PD_2,PD_3': 0.0, 'PD_2,PD_4': 0.0, 'PD_3,PD_4': 1.0}, ASR: 1.25, TCB: {'PD_1': ['PD_3'], 'PD_2': ['PD_4'], 'PD_3': ['PD_4'], 'PD_4': ['PD_3']}, FR: {'PD_1,PD_2': inf, 'PD_1,PD_3': inf, 'PD_1,PD_4': inf, 'PD_2,PD_3': inf, 'PD_2,PD_4': inf, 'PD_3,PD_4': inf}
  Computing metrics...
    RSI: {'PD_1,PD_2': 0.0, 'PD_1,PD_3': 0.0, 'PD_1,PD_4': 0.0, 'PD_2,PD_3': 0.0, 'PD_2,PD_4': 0.0, 'PD_3,PD_4': 1.0}, ASR: 1.0, TCB: {'PD_1': ['PD_3'], 'PD_2': ['PD_4'], 'PD_3': ['PD_4'], 'PD_4': ['PD_3']}, FR: {'PD_1,PD_2': inf, 'PD_1,PD_3': inf, 'PD_1,PD_4': inf, 'PD_2,PD_3': inf, 'PD_2,PD_4': inf, 'PD_3,PD_4': inf}
  Computing metrics...
    RSI: {'PD_1,PD_2': 0.0, 'PD_1,PD_3': 0.0, 'PD_1,PD_4': 0.0, 'PD_2,PD_3': 0.0, 'PD_2,PD_4': 0.0, 'PD_3,PD_4': 0.5}, ASR: 1.25, TCB: {'PD_1': ['PD_3'], 'PD_2': ['PD_4'], 'PD_3': ['PD_4'], 'PD_4': ['PD_3']}, FR: {'PD_1,PD_2': inf, 'PD_1,PD_3': inf, 'PD_1,PD_4': inf, 'PD_2,PD_3': inf, 'PD_2,PD_4': inf, 'PD_3,PD_4': inf}
  Computing metrics...
    RSI: {'PD_1,PD_2': 0.0, 'PD_1,PD_3': 0.0, 'PD_1,PD_4': 0.0, 'PD_2,PD_3': 0.0, 'PD_2,PD_4': 0.0, 'PD_3,PD_4': 1.0}, ASR: 1.0, TCB: {'PD_1': ['PD_3'], 'PD_2': ['PD_4'], 'PD_3': ['PD_4'], 'PD_4': ['PD_3']}, FR: {'PD_1,PD_2': inf, 'PD_1,PD_3': inf, 'PD_1,PD_4': inf, 'PD_2,PD_3': inf, 'PD_2,PD_4': inf, 'PD_3,PD_4': inf}
  Computing metrics...
    RSI: {'PD_1,PD_2': 0.0, 'PD_1,PD_3': 0.0, 'PD_1,PD_4': 0.0, 'PD_2,PD_3': 0.0, 'PD_2,PD_4': 0.0, 'PD_3,PD_4': 0.5}, ASR: 1.25, TCB: {'PD_1': ['PD_3'], 'PD_2': ['PD_4'], 'PD_3': ['PD_4'], 'PD_4': ['PD_3']}, FR: {'PD_1,PD_2': inf, 'PD_1,PD_3': inf, 'PD_1,PD_4': inf, 'PD_2,PD_3': inf, 'PD_2,PD_4': inf, 'PD_3,PD_4': inf}
  Computing metrics...
    RSI: {'PD_1,PD_2': 0.0, 'PD_1,PD_3': 0.0, 'PD_1,PD_4': 0.0, 'PD_2,PD_3': 0.0, 'PD_2,PD_4': 0.0, 'PD_3,PD_4': 1.0}, ASR: 1.0, TCB: {'PD_1': ['PD_3'], 'PD_2': ['PD_4'], 'PD_3': ['PD_4'], 'PD_4': ['PD_3']}, FR: {'PD_1,PD_2': inf, 'PD_1,PD_3': inf, 'PD_1,PD_4': inf, 'PD_2,PD_3': inf, 'PD_2,PD_4': inf, 'PD_3,PD_4': inf}
  Computing metrics...
    RSI: {'PD_1,PD_2': 0.0, 'PD_1,PD_3': 0.0, 'PD_1,PD_4': 0.0, 'PD_2,PD_3': 0.0, 'PD_2,PD_4': 0.0, 'PD_3,PD_4': 0.5}, ASR: 1.25, TCB: {'PD_1': ['PD_3'], 'PD_2': ['PD_4'], 'PD_3': ['PD_4'], 'PD_4': ['PD_3']}, FR: {'PD_1,PD_2': inf, 'PD_1,PD_3': inf, 'PD_1,PD_4': inf, 'PD_2,PD_3': inf, 'PD_2,PD_4': inf, 'PD_3,PD_4': inf}
  Computing metrics...
    RSI: {'PD_1,PD_2': 0.0, 'PD_1,PD_3': 0.0, 'PD_1,PD_4': 0.0, 'PD_2,PD_3': 0.0, 'PD_2,PD_4': 0.0, 'PD_3,PD_4': 1.0}, ASR: 1.0, TCB: {'PD_1': ['PD_3'], 'PD_2': ['PD_4'], 'PD_3': ['PD_4'], 'PD_4': ['PD_3']}, FR: {'PD_1,PD_2': inf, 'PD_1,PD_3': inf, 'PD_1,PD_4': inf, 'PD_2,PD_3': inf, 'PD_2,PD_4': inf, 'PD_3,PD_4': inf}
  Computing metrics...
    RSI: {'PD_1,PD_2': 0.0, 'PD_1,PD_3': 0.0, 'PD_1,PD_4': 0.0, 'PD_2,PD_3': 0.0, 'PD_2,PD_4': 0.0, 'PD_3,PD_4': 0.5}, ASR: 1.25, TCB: {'PD_1': ['PD_3'], 'PD_2': ['PD_4'], 'PD_3': ['PD_4'], 'PD_4': ['PD_3']}, FR: {'PD_1,PD_2': inf, 'PD_1,PD_3': inf, 'PD_1,PD_4': inf, 'PD_2,PD_3': inf, 'PD_2,PD_4': inf, 'PD_3,PD_4': inf}
  Computing metrics...
    RSI: {'PD_1,PD_2': 0.0, 'PD_1,PD_3': 0.0, 'PD_1,PD_4': 0.0, 'PD_2,PD_3': 0.0, 'PD_2,PD_4': 0.0, 'PD_3,PD_4': 1.0}, ASR: 1.0, TCB: {'PD_1': ['PD_3'], 'PD_2': ['PD_4'], 'PD_3': ['PD_4'], 'PD_4': ['PD_3']}, FR: {'PD_1,PD_2': inf, 'PD_1,PD_3': inf, 'PD_1,PD_4': inf, 'PD_2,PD_3': inf, 'PD_2,PD_4': inf, 'PD_3,PD_4': inf}
  Computing metrics...
    RSI: {'PD_1,PD_2': 0.0, 'PD_1,PD_3': 0.0, 'PD_1,PD_4': 0.0, 'PD_2,PD_3': 0.0, 'PD_2,PD_4': 0.0, 'PD_3,PD_4': 0.5}, ASR: 1.25, TCB: {'PD_1': ['PD_3'], 'PD_2': ['PD_4'], 'PD_3': ['PD_4'], 'PD_4': ['PD_3']}, FR: {'PD_1,PD_2': inf, 'PD_1,PD_3': inf, 'PD_1,PD_4': inf, 'PD_2,PD_3': inf, 'PD_2,PD_4': inf, 'PD_3,PD_4': inf}
  Computing metrics...
    RSI: {'PD_1,PD_2': 0.0, 'PD_1,PD_3': 0.0, 'PD_1,PD_4': 0.0, 'PD_2,PD_3': 0.0, 'PD_2,PD_4': 0.0, 'PD_3,PD_4': 1.0}, ASR: 1.0, TCB: {'PD_1': ['PD_3'], 'PD_2': ['PD_4'], 'PD_3': ['PD_4'], 'PD_4': ['PD_3']}, FR: {'PD_1,PD_2': inf, 'PD_1,PD_3': inf, 'PD_1,PD_4': inf, 'PD_2,PD_3': inf, 'PD_2,PD_4': inf, 'PD_3,PD_4': inf}
  Computing metrics...
    RSI: {'PD_1,PD_2': 0.0, 'PD_1,PD_3': 0.0, 'PD_1,PD_4': 0.0, 'PD_2,PD_3': 0.0, 'PD_2,PD_4': 0.0, 'PD_3,PD_4': 0.5}, ASR: 1.25, TCB: {'PD_1': ['PD_3'], 'PD_2': ['PD_4'], 'PD_3': ['PD_4'], 'PD_4': ['PD_3']}, FR: {'PD_1,PD_2': inf, 'PD_1,PD_3': inf, 'PD_1,PD_4': inf, 'PD_2,PD_3': inf, 'PD_2,PD_4': inf, 'PD_3,PD_4': inf}
  Computing metrics...
    RSI: {'PD_1,PD_2': 0.0, 'PD_1,PD_3': 0.0, 'PD_1,PD_4': 0.0, 'PD_2,PD_3': 0.0, 'PD_2,PD_4': 0.0, 'PD_3,PD_4': 1.0}, ASR: 1.0, TCB: {'PD_1': ['PD_3'], 'PD_2': ['PD_4'], 'PD_3': ['PD_4'], 'PD_4': ['PD_3']}, FR: {'PD_1,PD_2': inf, 'PD_1,PD_3': inf, 'PD_1,PD_4': inf, 'PD_2,PD_3': inf, 'PD_2,PD_4': inf, 'PD_3,PD_4': inf}
  Computing metrics...
    RSI: {'PD_1,PD_2': 0.0, 'PD_1,PD_3': 0.0, 'PD_1,PD_4': 0.0, 'PD_2,PD_3': 0.0, 'PD_2,PD_4': 0.0, 'PD_3,PD_4': 0.5}, ASR: 1.25, TCB: {'PD_1': ['PD_3'], 'PD_2': ['PD_4'], 'PD_3': ['PD_4'], 'PD_4': ['PD_3']}, FR: {'PD_1,PD_2': inf, 'PD_1,PD_3': inf, 'PD_1,PD_4': inf, 'PD_2,PD_3': inf, 'PD_2,PD_4': inf, 'PD_3,PD_4': inf}
  Computing metrics...
    RSI: {'PD_1,PD_2': 0.0, 'PD_1,PD_3': 0.0, 'PD_1,PD_4': 0.0, 'PD_2,PD_3': 0.0, 'PD_2,PD_4': 0.0, 'PD_3,PD_4': 1.0}, ASR: 1.0, TCB: {'PD_1': ['PD_3'], 'PD_2': ['PD_4'], 'PD_3': ['PD_4'], 'PD_4': ['PD_3']}, FR: {'PD_1,PD_2': inf, 'PD_1,PD_3': inf, 'PD_1,PD_4': inf, 'PD_2,PD_3': inf, 'PD_2,PD_4': inf, 'PD_3,PD_4': inf}
  Computing metrics...
    RSI: {'PD_1,PD_2': 0.0, 'PD_1,PD_3': 0.0, 'PD_1,PD_4': 0.0, 'PD_2,PD_3': 0.0, 'PD_2,PD_4': 0.0, 'PD_3,PD_4': 0.5}, ASR: 1.25, TCB: {'PD_1': ['PD_3'], 'PD_2': ['PD_4'], 'PD_3': ['PD_4'], 'PD_4': ['PD_3']}, FR: {'PD_1,PD_2': inf, 'PD_1,PD_3': inf, 'PD_1,PD_4': inf, 'PD_2,PD_3': inf, 'PD_2,PD_4': inf, 'PD_3,PD_4': inf}
  Computing metrics...
    RSI: {'PD_1,PD_2': 0.0, 'PD_1,PD_3': 0.0, 'PD_1,PD_4': 0.0, 'PD_2,PD_3': 0.0, 'PD_2,PD_4': 0.0, 'PD_3,PD_4': 1.0}, ASR: 1.0, TCB: {'PD_1': ['PD_3'], 'PD_2': ['PD_4'], 'PD_3': ['PD_4'], 'PD_4': ['PD_3']}, FR: {'PD_1,PD_2': inf, 'PD_1,PD_3': inf, 'PD_1,PD_4': inf, 'PD_2,PD_3': inf, 'PD_2,PD_4': inf, 'PD_3,PD_4': inf}
  Computing metrics...
    RSI: {'PD_1,PD_2': 0.0, 'PD_1,PD_3': 0.0, 'PD_1,PD_4': 0.0, 'PD_2,PD_3': 0.0, 'PD_2,PD_4': 0.0, 'PD_3,PD_4': 0.5}, ASR: 1.25, TCB: {'PD_1': ['PD_3'], 'PD_2': ['PD_4'], 'PD_3': ['PD_4'], 'PD_4': ['PD_3']}, FR: {'PD_1,PD_2': inf, 'PD_1,PD_3': inf, 'PD_1,PD_4': inf, 'PD_2,PD_3': inf, 'PD_2,PD_4': inf, 'PD_3,PD_4': inf}
  Computing metrics...
    RSI: {'PD_1,PD_2': 0.0, 'PD_1,PD_3': 0.0, 'PD_1,PD_4': 0.0, 'PD_2,PD_3': 0.0, 'PD_2,PD_4': 0.0, 'PD_3,PD_4': 1.0}, ASR: 1.0, TCB: {'PD_1': ['PD_3'], 'PD_2': ['PD_4'], 'PD_3': ['PD_4'], 'PD_4': ['PD_3']}, FR: {'PD_1,PD_2': inf, 'PD_1,PD_3': inf, 'PD_1,PD_4': inf, 'PD_2,PD_3': inf, 'PD_2,PD_4': inf, 'PD_3,PD_4': inf}
  Computing metrics...
    RSI: {'PD_1,PD_2': 0.0, 'PD_1,PD_3': 0.0, 'PD_1,PD_4': 0.0, 'PD_2,PD_3': 0.0, 'PD_2,PD_4': 0.0, 'PD_3,PD_4': 0.5}, ASR: 1.25, TCB: {'PD_1': ['PD_3'], 'PD_2': ['PD_4'], 'PD_3': ['PD_4'], 'PD_4': ['PD_3']}, FR: {'PD_1,PD_2': inf, 'PD_1,PD_3': inf, 'PD_1,PD_4': inf, 'PD_2,PD_3': inf, 'PD_2,PD_4': inf, 'PD_3,PD_4': inf}
  Computing metrics...
    RSI: {'PD_1,PD_2': 0.0, 'PD_1,PD_3': 0.0, 'PD_1,PD_4': 0.0, 'PD_2,PD_3': 0.0, 'PD_2,PD_4': 0.0, 'PD_3,PD_4': 1.0}, ASR: 1.0, TCB: {'PD_1': ['PD_3'], 'PD_2': ['PD_4'], 'PD_3': ['PD_4'], 'PD_4': ['PD_3']}, FR: {'PD_1,PD_2': inf, 'PD_1,PD_3': inf, 'PD_1,PD_4': inf, 'PD_2,PD_3': inf, 'PD_2,PD_4': inf, 'PD_3,PD_4': inf}
  Computing metrics...
    RSI: {'PD_1,PD_2': 0.0, 'PD_1,PD_3': 0.0, 'PD_1,PD_4': 0.0, 'PD_2,PD_3': 0.0, 'PD_2,PD_4': 0.0, 'PD_3,PD_4': 0.5}, ASR: 1.25, TCB: {'PD_1': ['PD_3'], 'PD_2': ['PD_4'], 'PD_3': ['PD_4'], 'PD_4': ['PD_3']}, FR: {'PD_1,PD_2': inf, 'PD_1,PD_3': inf, 'PD_1,PD_4': inf, 'PD_2,PD_3': inf, 'PD_2,PD_4': inf, 'PD_3,PD_4': inf}
  Computing metrics...
    RSI: {'PD_1,PD_2': 0.0, 'PD_1,PD_3': 0.0, 'PD_1,PD_4': 0.0, 'PD_2,PD_3': 0.0, 'PD_2,PD_4': 0.0, 'PD_3,PD_4': 1.0}, ASR: 1.0, TCB: {'PD_1': ['PD_3'], 'PD_2': ['PD_4'], 'PD_3': ['PD_4'], 'PD_4': ['PD_3']}, FR: {'PD_1,PD_2': inf, 'PD_1,PD_3': inf, 'PD_1,PD_4': inf, 'PD_2,PD_3': inf, 'PD_2,PD_4': inf, 'PD_3,PD_4': inf}
  Computing metrics...
    RSI: {'PD_1,PD_2': 0.0, 'PD_1,PD_3': 0.0, 'PD_1,PD_4': 0.0, 'PD_2,PD_3': 0.0, 'PD_2,PD_4': 0.0, 'PD_3,PD_4': 0.5}, ASR: 1.25, TCB: {'PD_1': ['PD_3'], 'PD_2': ['PD_4'], 'PD_3': ['PD_4'], 'PD_4': ['PD_3']}, FR: {'PD_1,PD_2': inf, 'PD_1,PD_3': inf, 'PD_1,PD_4': inf, 'PD_2,PD_3': inf, 'PD_2,PD_4': inf, 'PD_3,PD_4': inf}
  Computing metrics...
    RSI: {'PD_1,PD_2': 0.0, 'PD_1,PD_3': 0.0, 'PD_1,PD_4': 0.0, 'PD_2,PD_3': 0.0, 'PD_2,PD_4': 0.0, 'PD_3,PD_4': 1.0}, ASR: 1.0, TCB: {'PD_1': ['PD_3'], 'PD_2': ['PD_4'], 'PD_3': ['PD_4'], 'PD_4': ['PD_3']}, FR: {'PD_1,PD_2': inf, 'PD_1,PD_3': inf, 'PD_1,PD_4': inf, 'PD_2,PD_3': inf, 'PD_2,PD_4': inf, 'PD_3,PD_4': inf}
  Computing metrics...
    RSI: {'PD_1,PD_2': 0.0, 'PD_1,PD_3': 0.0, 'PD_1,PD_4': 0.0, 'PD_2,PD_3': 0.0, 'PD_2,PD_4': 0.0, 'PD_3,PD_4': 1.0}, ASR: 1.0, TCB: {'PD_1': ['PD_3'], 'PD_2': ['PD_4'], 'PD_3': ['PD_4'], 'PD_4': ['PD_3']}, FR: {'PD_1,PD_2': inf, 'PD_1,PD_3': inf, 'PD_1,PD_4': inf, 'PD_2,PD_3': inf, 'PD_2,PD_4': inf, 'PD_3,PD_4': inf}
    remove_hold_edge candidate: remove PD_3 -> FILE_1_1 HOLD edge -> score: 0.150
  Computing metrics...
    RSI: {'PD_1,PD_2': 0.0, 'PD_1,PD_3': 0.0, 'PD_1,PD_4': 0.0, 'PD_2,PD_3': 0.0, 'PD_2,PD_4': 0.0, 'PD_3,PD_4': 1.0}, ASR: 1.0, TCB: {'PD_1': ['PD_3'], 'PD_2': ['PD_4'], 'PD_3': ['PD_4'], 'PD_4': ['PD_3']}, FR: {'PD_1,PD_2': inf, 'PD_1,PD_3': inf, 'PD_1,PD_4': inf, 'PD_2,PD_3': inf, 'PD_2,PD_4': inf, 'PD_3,PD_4': inf}
  Computing metrics...
    RSI: {'PD_1,PD_2': 0.0, 'PD_1,PD_3': 0.0, 'PD_1,PD_4': 0.0, 'PD_2,PD_3': 0.0, 'PD_2,PD_4': 0.0, 'PD_3,PD_4': 1.0}, ASR: 1.0, TCB: {'PD_1': ['PD_3'], 'PD_2': ['PD_4'], 'PD_3': ['PD_4'], 'PD_4': ['PD_3']}, FR: {'PD_1,PD_2': inf, 'PD_1,PD_3': inf, 'PD_1,PD_4': inf, 'PD_2,PD_3': inf, 'PD_2,PD_4': inf, 'PD_3,PD_4': inf}
    remove_hold_edge candidate: remove PD_4 -> FILE_1_1 HOLD edge -> score: 0.150
  Computing metrics...
    RSI: {'PD_1,PD_2': 0.0, 'PD_1,PD_3': 0.0, 'PD_1,PD_4': 0.0, 'PD_2,PD_3': 0.0, 'PD_2,PD_4': 0.0, 'PD_3,PD_4': 1.0}, ASR: 1.0, TCB: {'PD_1': ['PD_3'], 'PD_2': ['PD_4'], 'PD_3': ['PD_4'], 'PD_4': ['PD_3']}, FR: {'PD_1,PD_2': inf, 'PD_1,PD_3': inf, 'PD_1,PD_4': inf, 'PD_2,PD_3': inf, 'PD_2,PD_4': inf, 'PD_3,PD_4': inf}
  Computing metrics...
    RSI: {'PD_1,PD_2': 0.0, 'PD_1,PD_3': 0.0, 'PD_1,PD_4': 0.0, 'PD_2,PD_3': 0.0, 'PD_2,PD_4': 0.0, 'PD_3,PD_4': 1.0}, ASR: 1.25, TCB: {'PD_1': ['PD_3', 'PD_2'], 'PD_2': ['PD_4'], 'PD_3': ['PD_4'], 'PD_4': ['PD_3']}, FR: {'PD_1,PD_2': 3, 'PD_1,PD_3': inf, 'PD_1,PD_4': inf, 'PD_2,PD_3': inf, 'PD_2,PD_4': inf, 'PD_3,PD_4': inf}
  Computing metrics...
    RSI: {'PD_1,PD_2': 0.0, 'PD_1,PD_3': 0.0, 'PD_1,PD_4': 0.0, 'PD_2,PD_3': 0.0, 'PD_2,PD_4': 0.0, 'PD_3,PD_4': 1.0}, ASR: 1.0, TCB: {'PD_1': ['PD_3'], 'PD_2': ['PD_4'], 'PD_3': ['PD_4'], 'PD_4': ['PD_3']}, FR: {'PD_1,PD_2': inf, 'PD_1,PD_3': inf, 'PD_1,PD_4': inf, 'PD_2,PD_3': inf, 'PD_2,PD_4': inf, 'PD_3,PD_4': inf}
  Computing metrics...
    RSI: {'PD_1,PD_2': 0.0, 'PD_1,PD_3': 0.0, 'PD_1,PD_4': 0.0, 'PD_2,PD_3': 0.0, 'PD_2,PD_4': 0.0, 'PD_3,PD_4': 1.0}, ASR: 1.25, TCB: {'PD_1': ['PD_3', 'PD_4'], 'PD_2': ['PD_4'], 'PD_3': ['PD_4'], 'PD_4': ['PD_3']}, FR: {'PD_1,PD_2': 2, 'PD_1,PD_3': inf, 'PD_1,PD_4': inf, 'PD_2,PD_3': inf, 'PD_2,PD_4': inf, 'PD_3,PD_4': inf}
  Computing metrics...
    RSI: {'PD_1,PD_2': 0.0, 'PD_1,PD_3': 0.0, 'PD_1,PD_4': 0.0, 'PD_2,PD_3': 0.0, 'PD_2,PD_4': 0.0, 'PD_3,PD_4': 1.0}, ASR: 1.0, TCB: {'PD_1': ['PD_3'], 'PD_2': ['PD_4'], 'PD_3': ['PD_4'], 'PD_4': ['PD_3']}, FR: {'PD_1,PD_2': inf, 'PD_1,PD_3': inf, 'PD_1,PD_4': inf, 'PD_2,PD_3': inf, 'PD_2,PD_4': inf, 'PD_3,PD_4': inf}
  Computing metrics...
    RSI: {'PD_1,PD_2': 0.0, 'PD_1,PD_3': 0.0, 'PD_1,PD_4': 0.0, 'PD_2,PD_3': 0.0, 'PD_2,PD_4': 0.0, 'PD_3,PD_4': 1.0}, ASR: 1.25, TCB: {'PD_1': ['PD_3'], 'PD_2': ['PD_4', 'PD_1'], 'PD_3': ['PD_4'], 'PD_4': ['PD_3']}, FR: {'PD_1,PD_2': 3, 'PD_1,PD_3': inf, 'PD_1,PD_4': inf, 'PD_2,PD_3': inf, 'PD_2,PD_4': inf, 'PD_3,PD_4': inf}
  Computing metrics...
    RSI: {'PD_1,PD_2': 0.0, 'PD_1,PD_3': 0.0, 'PD_1,PD_4': 0.0, 'PD_2,PD_3': 0.0, 'PD_2,PD_4': 0.0, 'PD_3,PD_4': 1.0}, ASR: 1.0, TCB: {'PD_1': ['PD_3'], 'PD_2': ['PD_4'], 'PD_3': ['PD_4'], 'PD_4': ['PD_3']}, FR: {'PD_1,PD_2': inf, 'PD_1,PD_3': inf, 'PD_1,PD_4': inf, 'PD_2,PD_3': inf, 'PD_2,PD_4': inf, 'PD_3,PD_4': inf}
  Computing metrics...
    RSI: {'PD_1,PD_2': 0.0, 'PD_1,PD_3': 0.0, 'PD_1,PD_4': 0.0, 'PD_2,PD_3': 0.0, 'PD_2,PD_4': 0.0, 'PD_3,PD_4': 1.0}, ASR: 1.25, TCB: {'PD_1': ['PD_3'], 'PD_2': ['PD_4', 'PD_3'], 'PD_3': ['PD_4'], 'PD_4': ['PD_3']}, FR: {'PD_1,PD_2': 2, 'PD_1,PD_3': inf, 'PD_1,PD_4': inf, 'PD_2,PD_3': inf, 'PD_2,PD_4': inf, 'PD_3,PD_4': inf}
  Computing metrics...
    RSI: {'PD_1,PD_2': 0.0, 'PD_1,PD_3': 0.0, 'PD_1,PD_4': 0.0, 'PD_2,PD_3': 0.0, 'PD_2,PD_4': 0.0, 'PD_3,PD_4': 1.0}, ASR: 1.0, TCB: {'PD_1': ['PD_3'], 'PD_2': ['PD_4'], 'PD_3': ['PD_4'], 'PD_4': ['PD_3']}, FR: {'PD_1,PD_2': inf, 'PD_1,PD_3': inf, 'PD_1,PD_4': inf, 'PD_2,PD_3': inf, 'PD_2,PD_4': inf, 'PD_3,PD_4': inf}
  Computing metrics...
    RSI: {'PD_1,PD_2': 0.0, 'PD_1,PD_3': 0.0, 'PD_1,PD_4': 0.0, 'PD_2,PD_3': 0.0, 'PD_2,PD_4': 0.0, 'PD_3,PD_4': 1.0}, ASR: 1.25, TCB: {'PD_1': ['PD_3'], 'PD_2': ['PD_4'], 'PD_3': ['PD_1', 'PD_4'], 'PD_4': ['PD_3']}, FR: {'PD_1,PD_2': inf, 'PD_1,PD_3': inf, 'PD_1,PD_4': inf, 'PD_2,PD_3': inf, 'PD_2,PD_4': inf, 'PD_3,PD_4': inf}
  Computing metrics...
    RSI: {'PD_1,PD_2': 0.0, 'PD_1,PD_3': 0.0, 'PD_1,PD_4': 0.0, 'PD_2,PD_3': 0.0, 'PD_2,PD_4': 0.0, 'PD_3,PD_4': 1.0}, ASR: 1.0, TCB: {'PD_1': ['PD_3'], 'PD_2': ['PD_4'], 'PD_3': ['PD_4'], 'PD_4': ['PD_3']}, FR: {'PD_1,PD_2': inf, 'PD_1,PD_3': inf, 'PD_1,PD_4': inf, 'PD_2,PD_3': inf, 'PD_2,PD_4': inf, 'PD_3,PD_4': inf}
  Computing metrics...
    RSI: {'PD_1,PD_2': 0.0, 'PD_1,PD_3': 0.0, 'PD_1,PD_4': 0.0, 'PD_2,PD_3': 0.0, 'PD_2,PD_4': 0.0, 'PD_3,PD_4': 1.0}, ASR: 1.25, TCB: {'PD_1': ['PD_3'], 'PD_2': ['PD_4'], 'PD_3': ['PD_2', 'PD_4'], 'PD_4': ['PD_3']}, FR: {'PD_1,PD_2': 4, 'PD_1,PD_3': 3, 'PD_1,PD_4': inf, 'PD_2,PD_3': 3, 'PD_2,PD_4': inf, 'PD_3,PD_4': inf}
  Computing metrics...
    RSI: {'PD_1,PD_2': 0.0, 'PD_1,PD_3': 0.0, 'PD_1,PD_4': 0.0, 'PD_2,PD_3': 0.0, 'PD_2,PD_4': 0.0, 'PD_3,PD_4': 1.0}, ASR: 1.0, TCB: {'PD_1': ['PD_3'], 'PD_2': ['PD_4'], 'PD_3': ['PD_4'], 'PD_4': ['PD_3']}, FR: {'PD_1,PD_2': inf, 'PD_1,PD_3': inf, 'PD_1,PD_4': inf, 'PD_2,PD_3': inf, 'PD_2,PD_4': inf, 'PD_3,PD_4': inf}
  Computing metrics...
    RSI: {'PD_1,PD_2': 0.0, 'PD_1,PD_3': 0.0, 'PD_1,PD_4': 0.0, 'PD_2,PD_3': 0.0, 'PD_2,PD_4': 0.0, 'PD_3,PD_4': 1.0}, ASR: 1.25, TCB: {'PD_1': ['PD_3'], 'PD_2': ['PD_4'], 'PD_3': ['PD_4'], 'PD_4': ['PD_3']}, FR: {'PD_1,PD_2': 3, 'PD_1,PD_3': 3, 'PD_1,PD_4': inf, 'PD_2,PD_3': 2, 'PD_2,PD_4': inf, 'PD_3,PD_4': inf}
  Computing metrics...
    RSI: {'PD_1,PD_2': 0.0, 'PD_1,PD_3': 0.0, 'PD_1,PD_4': 0.0, 'PD_2,PD_3': 0.0, 'PD_2,PD_4': 0.0, 'PD_3,PD_4': 1.0}, ASR: 1.0, TCB: {'PD_1': ['PD_3'], 'PD_2': ['PD_4'], 'PD_3': ['PD_4'], 'PD_4': ['PD_3']}, FR: {'PD_1,PD_2': inf, 'PD_1,PD_3': inf, 'PD_1,PD_4': inf, 'PD_2,PD_3': inf, 'PD_2,PD_4': inf, 'PD_3,PD_4': inf}
  Computing metrics...
    RSI: {'PD_1,PD_2': 0.0, 'PD_1,PD_3': 0.0, 'PD_1,PD_4': 0.0, 'PD_2,PD_3': 0.0, 'PD_2,PD_4': 0.0, 'PD_3,PD_4': 1.0}, ASR: 1.25, TCB: {'PD_1': ['PD_3'], 'PD_2': ['PD_4'], 'PD_3': ['PD_4'], 'PD_4': ['PD_1', 'PD_3']}, FR: {'PD_1,PD_2': 4, 'PD_1,PD_3': inf, 'PD_1,PD_4': 3, 'PD_2,PD_3': inf, 'PD_2,PD_4': 3, 'PD_3,PD_4': inf}
  Computing metrics...
    RSI: {'PD_1,PD_2': 0.0, 'PD_1,PD_3': 0.0, 'PD_1,PD_4': 0.0, 'PD_2,PD_3': 0.0, 'PD_2,PD_4': 0.0, 'PD_3,PD_4': 1.0}, ASR: 1.0, TCB: {'PD_1': ['PD_3'], 'PD_2': ['PD_4'], 'PD_3': ['PD_4'], 'PD_4': ['PD_3']}, FR: {'PD_1,PD_2': inf, 'PD_1,PD_3': inf, 'PD_1,PD_4': inf, 'PD_2,PD_3': inf, 'PD_2,PD_4': inf, 'PD_3,PD_4': inf}
  Computing metrics...
    RSI: {'PD_1,PD_2': 0.0, 'PD_1,PD_3': 0.0, 'PD_1,PD_4': 0.0, 'PD_2,PD_3': 0.0, 'PD_2,PD_4': 0.0, 'PD_3,PD_4': 1.0}, ASR: 1.25, TCB: {'PD_1': ['PD_3'], 'PD_2': ['PD_4'], 'PD_3': ['PD_4'], 'PD_4': ['PD_2', 'PD_3']}, FR: {'PD_1,PD_2': inf, 'PD_1,PD_3': inf, 'PD_1,PD_4': inf, 'PD_2,PD_3': inf, 'PD_2,PD_4': inf, 'PD_3,PD_4': inf}
  Computing metrics...
    RSI: {'PD_1,PD_2': 0.0, 'PD_1,PD_3': 0.0, 'PD_1,PD_4': 0.0, 'PD_2,PD_3': 0.0, 'PD_2,PD_4': 0.0, 'PD_3,PD_4': 1.0}, ASR: 1.0, TCB: {'PD_1': ['PD_3'], 'PD_2': ['PD_4'], 'PD_3': ['PD_4'], 'PD_4': ['PD_3']}, FR: {'PD_1,PD_2': inf, 'PD_1,PD_3': inf, 'PD_1,PD_4': inf, 'PD_2,PD_3': inf, 'PD_2,PD_4': inf, 'PD_3,PD_4': inf}
  Computing metrics...
    RSI: {'PD_1,PD_2': 0.0, 'PD_1,PD_3': 0.0, 'PD_1,PD_4': 0.0, 'PD_2,PD_3': 0.0, 'PD_2,PD_4': 0.0, 'PD_3,PD_4': 1.0}, ASR: 1.25, TCB: {'PD_1': ['PD_3'], 'PD_2': ['PD_4'], 'PD_3': ['PD_4'], 'PD_4': ['PD_3']}, FR: {'PD_1,PD_2': 3, 'PD_1,PD_3': inf, 'PD_1,PD_4': 2, 'PD_2,PD_3': inf, 'PD_2,PD_4': 3, 'PD_3,PD_4': inf}
  Computing metrics...
    RSI: {'PD_1,PD_2': 0.0, 'PD_1,PD_3': 0.0, 'PD_1,PD_4': 0.0, 'PD_2,PD_3': 0.0, 'PD_2,PD_4': 0.0, 'PD_3,PD_4': 1.0}, ASR: 1.0, TCB: {'PD_1': ['PD_3'], 'PD_2': ['PD_4'], 'PD_3': ['PD_4'], 'PD_4': ['PD_3']}, FR: {'PD_1,PD_2': inf, 'PD_1,PD_3': inf, 'PD_1,PD_4': inf, 'PD_2,PD_3': inf, 'PD_2,PD_4': inf, 'PD_3,PD_4': inf}
  Computing metrics...
    RSI: {'PD_1,PD_2': 0.0, 'PD_1,PD_3': 0.0, 'PD_1,PD_4': 0.0, 'PD_2,PD_3': 0.0, 'PD_2,PD_4': 0.0, 'PD_3,PD_4': 1.0}, ASR: 1.0, TCB: {'PD_1': ['PD_3'], 'PD_2': ['PD_4'], 'PD_3': ['PD_4'], 'PD_4': ['PD_3']}, FR: {'PD_1,PD_2': inf, 'PD_1,PD_3': inf, 'PD_1,PD_4': inf, 'PD_2,PD_3': inf, 'PD_2,PD_4': inf, 'PD_3,PD_4': inf}
  Computing metrics...
    RSI: {'PD_1,PD_2': 0.0, 'PD_1,PD_3': 0.0, 'PD_1,PD_4': 0.0, 'PD_2,PD_3': 0.0, 'PD_2,PD_4': 0.0, 'PD_3,PD_4': 1.0}, ASR: 1.0, TCB: {'PD_1': ['PD_3'], 'PD_2': ['PD_4'], 'PD_3': ['PD_4'], 'PD_4': ['PD_3']}, FR: {'PD_1,PD_2': inf, 'PD_1,PD_3': inf, 'PD_1,PD_4': inf, 'PD_2,PD_3': inf, 'PD_2,PD_4': inf, 'PD_3,PD_4': inf}
  Computing metrics...
    RSI: {'PD_1,PD_2': 0.0, 'PD_1,PD_3': 0.0, 'PD_1,PD_4': 0.0, 'PD_2,PD_3': 0.0, 'PD_2,PD_4': 0.0, 'PD_3,PD_4': 1.0}, ASR: 1.0, TCB: {'PD_1': ['PD_3'], 'PD_2': ['PD_4'], 'PD_3': ['PD_4'], 'PD_4': ['PD_3']}, FR: {'PD_1,PD_2': inf, 'PD_1,PD_3': inf, 'PD_1,PD_4': inf, 'PD_2,PD_3': inf, 'PD_2,PD_4': inf, 'PD_3,PD_4': inf}
  Computing metrics...
    RSI: {'PD_1,PD_2': 0.0, 'PD_1,PD_3': 0.0, 'PD_1,PD_4': 0.0, 'PD_2,PD_3': 0.0, 'PD_2,PD_4': 0.0, 'PD_3,PD_4': 1.0}, ASR: 1.0, TCB: {'PD_1': ['PD_3'], 'PD_2': ['PD_4'], 'PD_3': ['PD_4'], 'PD_4': ['PD_3']}, FR: {'PD_1,PD_2': inf, 'PD_1,PD_3': inf, 'PD_1,PD_4': inf, 'PD_2,PD_3': inf, 'PD_2,PD_4': inf, 'PD_3,PD_4': inf}
  Computing metrics...
    RSI: {'PD_1,PD_2': 0.0, 'PD_1,PD_3': 0.0, 'PD_1,PD_4': 0.0, 'PD_2,PD_3': 0.0, 'PD_2,PD_4': 0.0, 'PD_3,PD_4': 1.0}, ASR: 1.0, TCB: {'PD_1': ['PD_3'], 'PD_2': ['PD_4'], 'PD_3': ['PD_4'], 'PD_4': ['PD_3']}, FR: {'PD_1,PD_2': inf, 'PD_1,PD_3': inf, 'PD_1,PD_4': inf, 'PD_2,PD_3': inf, 'PD_2,PD_4': inf, 'PD_3,PD_4': inf}
  Computing metrics...
    RSI: {'PD_1,PD_2': 0.0, 'PD_1,PD_3': 0.0, 'PD_1,PD_4': 0.0, 'PD_2,PD_3': 0.0, 'PD_2,PD_4': 0.0, 'PD_3,PD_4': 1.0}, ASR: 1.0, TCB: {'PD_1': ['PD_3'], 'PD_2': ['PD_4'], 'PD_3': ['PD_4'], 'PD_4': ['PD_3']}, FR: {'PD_1,PD_2': inf, 'PD_1,PD_3': inf, 'PD_1,PD_4': inf, 'PD_2,PD_3': inf, 'PD_2,PD_4': inf, 'PD_3,PD_4': inf}
  Computing metrics...
    RSI: {'PD_1,PD_2': 0.0, 'PD_1,PD_3': 0.0, 'PD_1,PD_4': 0.0, 'PD_2,PD_3': 0.0, 'PD_2,PD_4': 0.0, 'PD_3,PD_4': 1.0}, ASR: 1.0, TCB: {'PD_1': ['PD_3'], 'PD_2': ['PD_4'], 'PD_3': ['PD_4'], 'PD_4': ['PD_3']}, FR: {'PD_1,PD_2': inf, 'PD_1,PD_3': inf, 'PD_1,PD_4': inf, 'PD_2,PD_3': inf, 'PD_2,PD_4': inf, 'PD_3,PD_4': inf}
  Computing metrics...
    RSI: {'PD_1,PD_2': 0.0, 'PD_1,PD_3': 0.0, 'PD_1,PD_4': 0.0, 'PD_2,PD_3': 0.0, 'PD_2,PD_4': 0.0, 'PD_3,PD_4': 1.0}, ASR: 1.0, TCB: {'PD_1': ['PD_3'], 'PD_2': ['PD_4'], 'PD_3': ['PD_4'], 'PD_4': ['PD_3']}, FR: {'PD_1,PD_2': inf, 'PD_1,PD_3': inf, 'PD_1,PD_4': inf, 'PD_2,PD_3': inf, 'PD_2,PD_4': inf, 'PD_3,PD_4': inf}
  Computing metrics...
    RSI: {'PD_1,PD_2': 0.0, 'PD_1,PD_3': 0.0, 'PD_1,PD_4': 0.0, 'PD_2,PD_3': 0.0, 'PD_2,PD_4': 0.0, 'PD_3,PD_4': 1.0}, ASR: 1.0, TCB: {'PD_1': ['PD_3'], 'PD_2': ['PD_4'], 'PD_3': ['PD_4'], 'PD_4': ['PD_3']}, FR: {'PD_1,PD_2': inf, 'PD_1,PD_3': inf, 'PD_1,PD_4': inf, 'PD_2,PD_3': inf, 'PD_2,PD_4': inf, 'PD_3,PD_4': inf}
  Computing metrics...
    RSI: {'PD_1,PD_2': 0.0, 'PD_1,PD_3': 0.0, 'PD_1,PD_4': 0.0, 'PD_2,PD_3': 0.0, 'PD_2,PD_4': 0.0, 'PD_3,PD_4': 1.0}, ASR: 1.0, TCB: {'PD_1': ['PD_3'], 'PD_2': ['PD_4'], 'PD_3': ['PD_4'], 'PD_4': ['PD_3']}, FR: {'PD_1,PD_2': inf, 'PD_1,PD_3': inf, 'PD_1,PD_4': inf, 'PD_2,PD_3': inf, 'PD_2,PD_4': inf, 'PD_3,PD_4': inf}
  Computing metrics...
    RSI: {'PD_1,PD_2': 0.0, 'PD_1,PD_3': 0.0, 'PD_1,PD_4': 0.0, 'PD_2,PD_3': 0.0, 'PD_2,PD_4': 0.0, 'PD_3,PD_4': 1.0}, ASR: 1.0, TCB: {'PD_1': ['PD_3'], 'PD_2': ['PD_4'], 'PD_3': ['PD_4'], 'PD_4': ['PD_3']}, FR: {'PD_1,PD_2': inf, 'PD_1,PD_3': inf, 'PD_1,PD_4': inf, 'PD_2,PD_3': inf, 'PD_2,PD_4': inf, 'PD_3,PD_4': inf}
  Computing metrics...
    RSI: {'PD_1,PD_2': 0.0, 'PD_1,PD_3': 0.0, 'PD_1,PD_4': 0.0, 'PD_2,PD_3': 0.0, 'PD_2,PD_4': 0.0, 'PD_3,PD_4': 1.0}, ASR: 1.0, TCB: {'PD_1': ['PD_3'], 'PD_2': ['PD_4'], 'PD_3': ['PD_4'], 'PD_4': ['PD_3']}, FR: {'PD_1,PD_2': inf, 'PD_1,PD_3': inf, 'PD_1,PD_4': inf, 'PD_2,PD_3': inf, 'PD_2,PD_4': inf, 'PD_3,PD_4': inf}
  Computing metrics...
    RSI: {'PD_1,PD_2': 0.0, 'PD_1,PD_3': 0.0, 'PD_1,PD_4': 0.0, 'PD_2,PD_3': 0.0, 'PD_2,PD_4': 0.0, 'PD_3,PD_4': 1.0}, ASR: 1.0, TCB: {'PD_1': ['PD_3'], 'PD_2': ['PD_4'], 'PD_3': ['PD_4'], 'PD_4': ['PD_3']}, FR: {'PD_1,PD_2': inf, 'PD_1,PD_3': inf, 'PD_1,PD_4': inf, 'PD_2,PD_3': inf, 'PD_2,PD_4': inf, 'PD_3,PD_4': inf}
  Computing metrics...
    RSI: {'PD_1,PD_2': 0.0, 'PD_1,PD_3': 0.0, 'PD_1,PD_4': 0.0, 'PD_2,PD_3': 0.0, 'PD_2,PD_4': 0.0, 'PD_3,PD_4': 1.0}, ASR: 1.0, TCB: {'PD_1': ['PD_3'], 'PD_2': ['PD_4'], 'PD_3': ['PD_4'], 'PD_4': ['PD_3']}, FR: {'PD_1,PD_2': inf, 'PD_1,PD_3': inf, 'PD_1,PD_4': inf, 'PD_2,PD_3': inf, 'PD_2,PD_4': inf, 'PD_3,PD_4': inf}
  Computing metrics...
    RSI: {'PD_1,PD_2': 0.0, 'PD_1,PD_3': 0.0, 'PD_1,PD_4': 0.0, 'PD_2,PD_3': 0.0, 'PD_2,PD_4': 0.0, 'PD_3,PD_4': 1.0}, ASR: 1.0, TCB: {'PD_1': ['PD_3'], 'PD_2': ['PD_4'], 'PD_3': ['PD_4'], 'PD_4': ['PD_3']}, FR: {'PD_1,PD_2': inf, 'PD_1,PD_3': inf, 'PD_1,PD_4': inf, 'PD_2,PD_3': inf, 'PD_2,PD_4': inf, 'PD_3,PD_4': inf}
  Computing metrics...
    RSI: {'PD_1,PD_2': 0.0, 'PD_1,PD_3': 0.0, 'PD_1,PD_4': 0.0, 'PD_2,PD_3': 0.0, 'PD_2,PD_4': 0.0, 'PD_3,PD_4': 1.0}, ASR: 1.0, TCB: {'PD_1': ['PD_3'], 'PD_2': ['PD_4'], 'PD_3': ['PD_4'], 'PD_4': ['PD_3']}, FR: {'PD_1,PD_2': inf, 'PD_1,PD_3': inf, 'PD_1,PD_4': inf, 'PD_2,PD_3': inf, 'PD_2,PD_4': inf, 'PD_3,PD_4': inf}
  Computing metrics...
    RSI: {'PD_1,PD_2': 0.0, 'PD_1,PD_3': 0.0, 'PD_1,PD_4': 0.0, 'PD_2,PD_3': 0.0, 'PD_2,PD_4': 0.0, 'PD_3,PD_4': 1.0}, ASR: 1.0, TCB: {'PD_1': ['PD_3'], 'PD_2': ['PD_4'], 'PD_3': ['PD_4'], 'PD_4': ['PD_3']}, FR: {'PD_1,PD_2': inf, 'PD_1,PD_3': inf, 'PD_1,PD_4': inf, 'PD_2,PD_3': inf, 'PD_2,PD_4': inf, 'PD_3,PD_4': inf}
  🚫 Filtered out 0 'add_file_resource(create new CONFIG file in FILE_SPACE_1)' candidates (avoiding repetition)
  Trying best transition: primitive
    Target: add new protection domain to help resolve 2 constraint violation(s)
    Predicted improvement: 0.100
    Considered 60 other option(s):
      1. primitive: create new CONFIG file in FILE_SPACE_1 (improvement: 0.700)
      2. primitive: create new DATABASE file in FILE_SPACE_1 (improvement: 0.700)
      3. primitive: create new TEMP file in FILE_SPACE_1 (improvement: 0.700)
      4. primitive: create new LOG file in FILE_SPACE_1 (improvement: 0.700)
      5. primitive: add authority relationship: PD_1 -> PD_2 (improvement: 0.250)
      6. primitive: enable indirect access: PD_1 -> PD_4 (improvement: 0.250)
      7. primitive: add authority relationship: PD_2 -> PD_1 (improvement: 0.250)
      8. primitive: enable indirect access: PD_2 -> PD_3 (improvement: 0.250)
      9. primitive: add authority relationship: PD_3 -> PD_1 (improvement: 0.250)
      10. primitive: add authority relationship: PD_3 -> PD_2 (improvement: 0.250)
      ... and 50 more
    ✅ Applied add_pd
  📋 Generated 61 candidate(s)
  Computing metrics...
    RSI: {'PD_1,PD_2': 0.0, 'PD_1,PD_3': 0.0, 'PD_1,PD_4': 0.0, 'PD_2,PD_3': 0.0, 'PD_2,PD_4': 0.0, 'PD_3,PD_4': 1.0}, ASR: 1.0, TCB: {'PD_1': ['PD_3'], 'PD_2': ['PD_4'], 'PD_3': ['PD_4'], 'PD_4': ['PD_3']}, FR: {'PD_1,PD_2': inf, 'PD_1,PD_3': inf, 'PD_1,PD_4': inf, 'PD_2,PD_3': inf, 'PD_2,PD_4': inf, 'PD_3,PD_4': inf}
    ✅ Added candidate: add_file_resource (score: 0.700)
  Computing metrics...
    RSI: {'PD_1,PD_2': 0.0, 'PD_1,PD_3': 0.0, 'PD_1,PD_4': 0.0, 'PD_2,PD_3': 0.0, 'PD_2,PD_4': 0.0, 'PD_3,PD_4': 1.0}, ASR: 1.0, TCB: {'PD_1': ['PD_3'], 'PD_2': ['PD_4'], 'PD_3': ['PD_4'], 'PD_4': ['PD_3']}, FR: {'PD_1,PD_2': inf, 'PD_1,PD_3': inf, 'PD_1,PD_4': inf, 'PD_2,PD_3': inf, 'PD_2,PD_4': inf, 'PD_3,PD_4': inf}
    ✅ Added candidate: add_file_resource (score: 0.700)

🌟 Expanding Beam[1] (score: 0.700)
  ⚠️  Constraints violated: PD_1 lacks access to any files; PD_2 lacks access to any files
  Computing metrics...
    RSI: {'PD_1,PD_2': 0.0, 'PD_1,PD_3': 0.0, 'PD_1,PD_4': 0.0, 'PD_2,PD_3': 0.0, 'PD_2,PD_4': 0.0, 'PD_3,PD_4': 1.0}, ASR: 1.0, TCB: {'PD_1': ['PD_3'], 'PD_2': ['PD_4'], 'PD_3': ['PD_4'], 'PD_4': ['PD_3']}, FR: {'PD_1,PD_2': inf, 'PD_1,PD_3': inf, 'PD_1,PD_4': inf, 'PD_2,PD_3': inf, 'PD_2,PD_4': inf, 'PD_3,PD_4': inf}
  Computing metrics...
    RSI: {'PD_1,PD_2': 0.0, 'PD_1,PD_3': 0.0, 'PD_1,PD_4': 0.0, 'PD_1,PD_5': 0.0, 'PD_2,PD_3': 0.0, 'PD_2,PD_4': 0.0, 'PD_2,PD_5': 0.0, 'PD_3,PD_4': 1.0, 'PD_3,PD_5': 0.0, 'PD_4,PD_5': 0.0}, ASR: 0.8, TCB: {'PD_1': ['PD_3'], 'PD_2': ['PD_4'], 'PD_3': ['PD_4'], 'PD_4': ['PD_3'], 'PD_5': []}, FR: {'PD_1,PD_2': inf, 'PD_1,PD_3': inf, 'PD_1,PD_4': inf, 'PD_1,PD_5': inf, 'PD_2,PD_3': inf, 'PD_2,PD_4': inf, 'PD_2,PD_5': inf, 'PD_3,PD_4': inf, 'PD_3,PD_5': inf, 'PD_4,PD_5': inf}
  Computing metrics...
    RSI: {'PD_1,PD_2': 0.0, 'PD_1,PD_3': 0.0, 'PD_1,PD_4': 0.0, 'PD_2,PD_3': 0.0, 'PD_2,PD_4': 0.0, 'PD_3,PD_4': 1.0}, ASR: 1.0, TCB: {'PD_1': ['PD_3'], 'PD_2': ['PD_4'], 'PD_3': ['PD_4'], 'PD_4': ['PD_3']}, FR: {'PD_1,PD_2': inf, 'PD_1,PD_3': inf, 'PD_1,PD_4': inf, 'PD_2,PD_3': inf, 'PD_2,PD_4': inf, 'PD_3,PD_4': inf}
  Computing metrics...
    RSI: {'PD_1,PD_2': 0.0, 'PD_1,PD_3': 0.0, 'PD_1,PD_4': 0.0, 'PD_2,PD_3': 0.0, 'PD_2,PD_4': 0.0, 'PD_3,PD_4': 1.0}, ASR: 1.0, TCB: {'PD_1': ['PD_3'], 'PD_2': ['PD_4'], 'PD_3': ['PD_4'], 'PD_4': ['PD_3']}, FR: {'PD_1,PD_2': inf, 'PD_1,PD_3': inf, 'PD_1,PD_4': inf, 'PD_2,PD_3': inf, 'PD_2,PD_4': inf, 'PD_3,PD_4': inf}
  Computing metrics...
    RSI: {'PD_1,PD_2': 0.0, 'PD_1,PD_3': 0.0, 'PD_1,PD_4': 0.0, 'PD_2,PD_3': 0.0, 'PD_2,PD_4': 0.0, 'PD_3,PD_4': 1.0}, ASR: 1.0, TCB: {'PD_1': ['PD_3'], 'PD_2': ['PD_4'], 'PD_3': ['PD_4'], 'PD_4': ['PD_3']}, FR: {'PD_1,PD_2': inf, 'PD_1,PD_3': inf, 'PD_1,PD_4': inf, 'PD_2,PD_3': inf, 'PD_2,PD_4': inf, 'PD_3,PD_4': inf}
  Computing metrics...
    RSI: {'PD_1,PD_2': 0.0, 'PD_1,PD_3': 0.0, 'PD_1,PD_4': 0.0, 'PD_2,PD_3': 0.0, 'PD_2,PD_4': 0.0, 'PD_3,PD_4': 1.0}, ASR: 1.0, TCB: {'PD_1': ['PD_3'], 'PD_2': ['PD_4'], 'PD_3': ['PD_4'], 'PD_4': ['PD_3']}, FR: {'PD_1,PD_2': inf, 'PD_1,PD_3': inf, 'PD_1,PD_4': inf, 'PD_2,PD_3': inf, 'PD_2,PD_4': inf, 'PD_3,PD_4': inf}
  Computing metrics...
    RSI: {'PD_1,PD_2': 0.0, 'PD_1,PD_3': 0.0, 'PD_1,PD_4': 0.0, 'PD_2,PD_3': 0.0, 'PD_2,PD_4': 0.0, 'PD_3,PD_4': 1.0}, ASR: 1.0, TCB: {'PD_1': ['PD_3'], 'PD_2': ['PD_4'], 'PD_3': ['PD_4'], 'PD_4': ['PD_3']}, FR: {'PD_1,PD_2': inf, 'PD_1,PD_3': inf, 'PD_1,PD_4': inf, 'PD_2,PD_3': inf, 'PD_2,PD_4': inf, 'PD_3,PD_4': inf}
  Computing metrics...
    RSI: {'PD_1,PD_2': 0.0, 'PD_1,PD_3': 0.0, 'PD_1,PD_4': 0.0, 'PD_2,PD_3': 0.0, 'PD_2,PD_4': 0.0, 'PD_3,PD_4': 1.0}, ASR: 1.0, TCB: {'PD_1': ['PD_3'], 'PD_2': ['PD_4'], 'PD_3': ['PD_4'], 'PD_4': ['PD_3']}, FR: {'PD_1,PD_2': inf, 'PD_1,PD_3': inf, 'PD_1,PD_4': inf, 'PD_2,PD_3': inf, 'PD_2,PD_4': inf, 'PD_3,PD_4': inf}
  Computing metrics...
    RSI: {'PD_1,PD_2': 0.0, 'PD_1,PD_3': 0.0, 'PD_1,PD_4': 0.0, 'PD_2,PD_3': 0.0, 'PD_2,PD_4': 0.0, 'PD_3,PD_4': 1.0}, ASR: 1.0, TCB: {'PD_1': ['PD_3'], 'PD_2': ['PD_4'], 'PD_3': ['PD_4'], 'PD_4': ['PD_3']}, FR: {'PD_1,PD_2': inf, 'PD_1,PD_3': inf, 'PD_1,PD_4': inf, 'PD_2,PD_3': inf, 'PD_2,PD_4': inf, 'PD_3,PD_4': inf}
  Computing metrics...
    RSI: {'PD_1,PD_2': 0.0, 'PD_1,PD_3': 0.0, 'PD_1,PD_4': 0.0, 'PD_2,PD_3': 0.0, 'PD_2,PD_4': 0.0, 'PD_3,PD_4': 1.0}, ASR: 1.0, TCB: {'PD_1': ['PD_3'], 'PD_2': ['PD_4'], 'PD_3': ['PD_4'], 'PD_4': ['PD_3']}, FR: {'PD_1,PD_2': inf, 'PD_1,PD_3': inf, 'PD_1,PD_4': inf, 'PD_2,PD_3': inf, 'PD_2,PD_4': inf, 'PD_3,PD_4': inf}
  Computing metrics...
    RSI: {'PD_1,PD_2': 0.0, 'PD_1,PD_3': 0.0, 'PD_1,PD_4': 0.0, 'PD_2,PD_3': 0.0, 'PD_2,PD_4': 0.0, 'PD_3,PD_4': 1.0}, ASR: 1.0, TCB: {'PD_1': ['PD_3'], 'PD_2': ['PD_4'], 'PD_3': ['PD_4'], 'PD_4': ['PD_3']}, FR: {'PD_1,PD_2': inf, 'PD_1,PD_3': inf, 'PD_1,PD_4': inf, 'PD_2,PD_3': inf, 'PD_2,PD_4': inf, 'PD_3,PD_4': inf}
  Computing metrics...
    RSI: {'PD_1,PD_2': 0.0, 'PD_1,PD_3': 0.0, 'PD_1,PD_4': 0.0, 'PD_2,PD_3': 0.0, 'PD_2,PD_4': 0.0, 'PD_3,PD_4': 1.0}, ASR: 1.0, TCB: {'PD_1': ['PD_3'], 'PD_2': ['PD_4'], 'PD_3': ['PD_4'], 'PD_4': ['PD_3']}, FR: {'PD_1,PD_2': inf, 'PD_1,PD_3': inf, 'PD_1,PD_4': inf, 'PD_2,PD_3': inf, 'PD_2,PD_4': inf, 'PD_3,PD_4': inf}
  Computing metrics...
    RSI: {'PD_1,PD_2': 0.0, 'PD_1,PD_3': 0.0, 'PD_1,PD_4': 0.0, 'PD_2,PD_3': 0.0, 'PD_2,PD_4': 0.0, 'PD_3,PD_4': 1.0}, ASR: 1.0, TCB: {'PD_1': ['PD_3'], 'PD_2': ['PD_4'], 'PD_3': ['PD_4'], 'PD_4': ['PD_3']}, FR: {'PD_1,PD_2': inf, 'PD_1,PD_3': inf, 'PD_1,PD_4': inf, 'PD_2,PD_3': inf, 'PD_2,PD_4': inf, 'PD_3,PD_4': inf}
  Computing metrics...
    RSI: {'PD_1,PD_2': 0.0, 'PD_1,PD_3': 0.0, 'PD_1,PD_4': 0.0, 'PD_2,PD_3': 0.0, 'PD_2,PD_4': 0.0, 'PD_3,PD_4': 1.0}, ASR: 1.0, TCB: {'PD_1': ['PD_3'], 'PD_2': ['PD_4'], 'PD_3': ['PD_4'], 'PD_4': ['PD_3']}, FR: {'PD_1,PD_2': inf, 'PD_1,PD_3': inf, 'PD_1,PD_4': inf, 'PD_2,PD_3': inf, 'PD_2,PD_4': inf, 'PD_3,PD_4': inf}
  Computing metrics...
    RSI: {'PD_1,PD_2': 0.0, 'PD_1,PD_3': 0.0, 'PD_1,PD_4': 0.0, 'PD_2,PD_3': 0.0, 'PD_2,PD_4': 0.0, 'PD_3,PD_4': 1.0}, ASR: 1.0, TCB: {'PD_1': ['PD_3'], 'PD_2': ['PD_4'], 'PD_3': ['PD_4'], 'PD_4': ['PD_3']}, FR: {'PD_1,PD_2': inf, 'PD_1,PD_3': inf, 'PD_1,PD_4': inf, 'PD_2,PD_3': inf, 'PD_2,PD_4': inf, 'PD_3,PD_4': inf}
  Computing metrics...
    RSI: {'PD_1,PD_2': 0.0, 'PD_1,PD_3': 0.0, 'PD_1,PD_4': 0.0, 'PD_2,PD_3': 0.0, 'PD_2,PD_4': 0.0, 'PD_3,PD_4': 1.0}, ASR: 1.0, TCB: {'PD_1': ['PD_3'], 'PD_2': ['PD_4'], 'PD_3': ['PD_4'], 'PD_4': ['PD_3']}, FR: {'PD_1,PD_2': inf, 'PD_1,PD_3': inf, 'PD_1,PD_4': inf, 'PD_2,PD_3': inf, 'PD_2,PD_4': inf, 'PD_3,PD_4': inf}
  Computing metrics...
    RSI: {'PD_1,PD_2': 0.0, 'PD_1,PD_3': 0.0, 'PD_1,PD_4': 0.0, 'PD_2,PD_3': 0.0, 'PD_2,PD_4': 0.0, 'PD_3,PD_4': 1.0}, ASR: 1.0, TCB: {'PD_1': ['PD_3'], 'PD_2': ['PD_4'], 'PD_3': ['PD_4'], 'PD_4': ['PD_3']}, FR: {'PD_1,PD_2': inf, 'PD_1,PD_3': inf, 'PD_1,PD_4': inf, 'PD_2,PD_3': inf, 'PD_2,PD_4': inf, 'PD_3,PD_4': inf}
  Computing metrics...
    RSI: {'PD_1,PD_2': 0.0, 'PD_1,PD_3': 0.0, 'PD_1,PD_4': 0.0, 'PD_2,PD_3': 0.0, 'PD_2,PD_4': 0.0, 'PD_3,PD_4': 1.0}, ASR: 1.0, TCB: {'PD_1': ['PD_3'], 'PD_2': ['PD_4'], 'PD_3': ['PD_4'], 'PD_4': ['PD_3']}, FR: {'PD_1,PD_2': inf, 'PD_1,PD_3': inf, 'PD_1,PD_4': inf, 'PD_2,PD_3': inf, 'PD_2,PD_4': inf, 'PD_3,PD_4': inf}
  Computing metrics...
    RSI: {'PD_1,PD_2': 0.0, 'PD_1,PD_3': 0.0, 'PD_1,PD_4': 0.0, 'PD_2,PD_3': 0.0, 'PD_2,PD_4': 0.0, 'PD_3,PD_4': 1.0}, ASR: 1.0, TCB: {'PD_1': ['PD_3'], 'PD_2': ['PD_4'], 'PD_3': ['PD_4'], 'PD_4': ['PD_3']}, FR: {'PD_1,PD_2': inf, 'PD_1,PD_3': inf, 'PD_1,PD_4': inf, 'PD_2,PD_3': inf, 'PD_2,PD_4': inf, 'PD_3,PD_4': inf}
  Computing metrics...
    RSI: {'PD_1,PD_2': 0.0, 'PD_1,PD_3': 0.0, 'PD_1,PD_4': 0.0, 'PD_2,PD_3': 0.0, 'PD_2,PD_4': 0.0, 'PD_3,PD_4': 1.0}, ASR: 1.0, TCB: {'PD_1': ['PD_3'], 'PD_2': ['PD_4'], 'PD_3': ['PD_4'], 'PD_4': ['PD_3']}, FR: {'PD_1,PD_2': inf, 'PD_1,PD_3': inf, 'PD_1,PD_4': inf, 'PD_2,PD_3': inf, 'PD_2,PD_4': inf, 'PD_3,PD_4': inf}
  Computing metrics...
    RSI: {'PD_1,PD_2': 0.0, 'PD_1,PD_3': 0.0, 'PD_1,PD_4': 0.0, 'PD_2,PD_3': 0.0, 'PD_2,PD_4': 0.0, 'PD_3,PD_4': 1.0}, ASR: 1.0, TCB: {'PD_1': ['PD_3'], 'PD_2': ['PD_4'], 'PD_3': ['PD_4'], 'PD_4': ['PD_3']}, FR: {'PD_1,PD_2': inf, 'PD_1,PD_3': inf, 'PD_1,PD_4': inf, 'PD_2,PD_3': inf, 'PD_2,PD_4': inf, 'PD_3,PD_4': inf}
  Computing metrics...
    RSI: {'PD_1,PD_2': 0.0, 'PD_1,PD_3': 0.0, 'PD_1,PD_4': 0.0, 'PD_2,PD_3': 0.0, 'PD_2,PD_4': 0.0, 'PD_3,PD_4': 1.0}, ASR: 1.0, TCB: {'PD_1': ['PD_3'], 'PD_2': ['PD_4'], 'PD_3': ['PD_4'], 'PD_4': ['PD_3']}, FR: {'PD_1,PD_2': inf, 'PD_1,PD_3': inf, 'PD_1,PD_4': inf, 'PD_2,PD_3': inf, 'PD_2,PD_4': inf, 'PD_3,PD_4': inf}
  Computing metrics...
    RSI: {'PD_1,PD_2': 0.0, 'PD_1,PD_3': 0.0, 'PD_1,PD_4': 0.0, 'PD_2,PD_3': 0.0, 'PD_2,PD_4': 0.0, 'PD_3,PD_4': 1.0}, ASR: 1.0, TCB: {'PD_1': ['PD_3'], 'PD_2': ['PD_4'], 'PD_3': ['PD_4'], 'PD_4': ['PD_3']}, FR: {'PD_1,PD_2': inf, 'PD_1,PD_3': inf, 'PD_1,PD_4': inf, 'PD_2,PD_3': inf, 'PD_2,PD_4': inf, 'PD_3,PD_4': inf}
  Computing metrics...
    RSI: {'PD_1,PD_2': 0.0, 'PD_1,PD_3': 0.0, 'PD_1,PD_4': 0.0, 'PD_2,PD_3': 0.0, 'PD_2,PD_4': 0.0, 'PD_3,PD_4': 1.0}, ASR: 1.0, TCB: {'PD_1': ['PD_3'], 'PD_2': ['PD_4'], 'PD_3': ['PD_4'], 'PD_4': ['PD_3']}, FR: {'PD_1,PD_2': inf, 'PD_1,PD_3': inf, 'PD_1,PD_4': inf, 'PD_2,PD_3': inf, 'PD_2,PD_4': inf, 'PD_3,PD_4': inf}
  Computing metrics...
    RSI: {'PD_1,PD_2': 0.0, 'PD_1,PD_3': 0.0, 'PD_1,PD_4': 0.0, 'PD_2,PD_3': 0.0, 'PD_2,PD_4': 0.0, 'PD_3,PD_4': 1.0}, ASR: 1.0, TCB: {'PD_1': ['PD_3'], 'PD_2': ['PD_4'], 'PD_3': ['PD_4'], 'PD_4': ['PD_3']}, FR: {'PD_1,PD_2': inf, 'PD_1,PD_3': inf, 'PD_1,PD_4': inf, 'PD_2,PD_3': inf, 'PD_2,PD_4': inf, 'PD_3,PD_4': inf}
  Computing metrics...
    RSI: {'PD_1,PD_2': 0.0, 'PD_1,PD_3': 0.0, 'PD_1,PD_4': 0.0, 'PD_2,PD_3': 0.0, 'PD_2,PD_4': 0.0, 'PD_3,PD_4': 1.0}, ASR: 1.0, TCB: {'PD_1': ['PD_3'], 'PD_2': ['PD_4'], 'PD_3': ['PD_4'], 'PD_4': ['PD_3']}, FR: {'PD_1,PD_2': inf, 'PD_1,PD_3': inf, 'PD_1,PD_4': inf, 'PD_2,PD_3': inf, 'PD_2,PD_4': inf, 'PD_3,PD_4': inf}
  Computing metrics...
    RSI: {'PD_1,PD_2': 0.0, 'PD_1,PD_3': 0.0, 'PD_1,PD_4': 0.0, 'PD_2,PD_3': 0.0, 'PD_2,PD_4': 0.0, 'PD_3,PD_4': 1.0}, ASR: 1.0, TCB: {'PD_1': ['PD_3'], 'PD_2': ['PD_4'], 'PD_3': ['PD_4'], 'PD_4': ['PD_3']}, FR: {'PD_1,PD_2': inf, 'PD_1,PD_3': inf, 'PD_1,PD_4': inf, 'PD_2,PD_3': inf, 'PD_2,PD_4': inf, 'PD_3,PD_4': inf}
  Computing metrics...
    RSI: {'PD_1,PD_2': 0.0, 'PD_1,PD_3': 0.0, 'PD_1,PD_4': 0.0, 'PD_2,PD_3': 0.0, 'PD_2,PD_4': 0.0, 'PD_3,PD_4': 1.0}, ASR: 1.0, TCB: {'PD_1': ['PD_3'], 'PD_2': ['PD_4'], 'PD_3': ['PD_4'], 'PD_4': ['PD_3']}, FR: {'PD_1,PD_2': inf, 'PD_1,PD_3': inf, 'PD_1,PD_4': inf, 'PD_2,PD_3': inf, 'PD_2,PD_4': inf, 'PD_3,PD_4': inf}
  Computing metrics...
    RSI: {'PD_1,PD_2': 0.0, 'PD_1,PD_3': 0.0, 'PD_1,PD_4': 0.0, 'PD_2,PD_3': 0.0, 'PD_2,PD_4': 0.0, 'PD_3,PD_4': 1.0}, ASR: 1.0, TCB: {'PD_1': ['PD_3'], 'PD_2': ['PD_4'], 'PD_3': ['PD_4'], 'PD_4': ['PD_3']}, FR: {'PD_1,PD_2': inf, 'PD_1,PD_3': inf, 'PD_1,PD_4': inf, 'PD_2,PD_3': inf, 'PD_2,PD_4': inf, 'PD_3,PD_4': inf}
  Computing metrics...
    RSI: {'PD_1,PD_2': 0.0, 'PD_1,PD_3': 1.0, 'PD_1,PD_4': 1.0, 'PD_2,PD_3': 0.0, 'PD_2,PD_4': 0.0, 'PD_3,PD_4': 1.0}, ASR: 1.25, TCB: {'PD_1': ['PD_3', 'PD_4'], 'PD_2': ['PD_4'], 'PD_3': ['PD_1', 'PD_4'], 'PD_4': ['PD_1', 'PD_3']}, FR: {'PD_1,PD_2': inf, 'PD_1,PD_3': inf, 'PD_1,PD_4': inf, 'PD_2,PD_3': inf, 'PD_2,PD_4': inf, 'PD_3,PD_4': inf}
  Computing metrics...
    RSI: {'PD_1,PD_2': 0.0, 'PD_1,PD_3': 0.0, 'PD_1,PD_4': 0.0, 'PD_2,PD_3': 0.0, 'PD_2,PD_4': 0.0, 'PD_3,PD_4': 1.0}, ASR: 1.0, TCB: {'PD_1': ['PD_3'], 'PD_2': ['PD_4'], 'PD_3': ['PD_4'], 'PD_4': ['PD_3']}, FR: {'PD_1,PD_2': inf, 'PD_1,PD_3': inf, 'PD_1,PD_4': inf, 'PD_2,PD_3': inf, 'PD_2,PD_4': inf, 'PD_3,PD_4': inf}
  Computing metrics...
    RSI: {'PD_1,PD_2': 0.0, 'PD_1,PD_3': 0.0, 'PD_1,PD_4': 0.0, 'PD_2,PD_3': 0.0, 'PD_2,PD_4': 0.0, 'PD_3,PD_4': 1.0}, ASR: 1.25, TCB: {'PD_1': ['PD_3'], 'PD_2': ['PD_4'], 'PD_3': ['PD_4'], 'PD_4': ['PD_3']}, FR: {'PD_1,PD_2': inf, 'PD_1,PD_3': inf, 'PD_1,PD_4': inf, 'PD_2,PD_3': inf, 'PD_2,PD_4': inf, 'PD_3,PD_4': inf}
  Computing metrics...
    RSI: {'PD_1,PD_2': 0.0, 'PD_1,PD_3': 0.0, 'PD_1,PD_4': 0.0, 'PD_2,PD_3': 0.0, 'PD_2,PD_4': 0.0, 'PD_3,PD_4': 1.0}, ASR: 1.0, TCB: {'PD_1': ['PD_3'], 'PD_2': ['PD_4'], 'PD_3': ['PD_4'], 'PD_4': ['PD_3']}, FR: {'PD_1,PD_2': inf, 'PD_1,PD_3': inf, 'PD_1,PD_4': inf, 'PD_2,PD_3': inf, 'PD_2,PD_4': inf, 'PD_3,PD_4': inf}
  Computing metrics...
    RSI: {'PD_1,PD_2': 0.0, 'PD_1,PD_3': 0.0, 'PD_1,PD_4': 0.0, 'PD_2,PD_3': 0.0, 'PD_2,PD_4': 0.0, 'PD_3,PD_4': 1.0}, ASR: 1.25, TCB: {'PD_1': ['PD_3'], 'PD_2': ['PD_4'], 'PD_3': ['PD_4'], 'PD_4': ['PD_3']}, FR: {'PD_1,PD_2': inf, 'PD_1,PD_3': inf, 'PD_1,PD_4': inf, 'PD_2,PD_3': inf, 'PD_2,PD_4': inf, 'PD_3,PD_4': inf}
  Computing metrics...
    RSI: {'PD_1,PD_2': 0.0, 'PD_1,PD_3': 0.0, 'PD_1,PD_4': 0.0, 'PD_2,PD_3': 0.0, 'PD_2,PD_4': 0.0, 'PD_3,PD_4': 1.0}, ASR: 1.0, TCB: {'PD_1': ['PD_3'], 'PD_2': ['PD_4'], 'PD_3': ['PD_4'], 'PD_4': ['PD_3']}, FR: {'PD_1,PD_2': inf, 'PD_1,PD_3': inf, 'PD_1,PD_4': inf, 'PD_2,PD_3': inf, 'PD_2,PD_4': inf, 'PD_3,PD_4': inf}
  Computing metrics...
    RSI: {'PD_1,PD_2': 0.0, 'PD_1,PD_3': 0.0, 'PD_1,PD_4': 0.0, 'PD_2,PD_3': 0.0, 'PD_2,PD_4': 0.0, 'PD_3,PD_4': 1.0}, ASR: 1.25, TCB: {'PD_1': ['PD_3'], 'PD_2': ['PD_4'], 'PD_3': ['PD_4'], 'PD_4': ['PD_3']}, FR: {'PD_1,PD_2': inf, 'PD_1,PD_3': inf, 'PD_1,PD_4': inf, 'PD_2,PD_3': inf, 'PD_2,PD_4': inf, 'PD_3,PD_4': inf}
  Computing metrics...
    RSI: {'PD_1,PD_2': 0.0, 'PD_1,PD_3': 0.0, 'PD_1,PD_4': 0.0, 'PD_2,PD_3': 0.0, 'PD_2,PD_4': 0.0, 'PD_3,PD_4': 1.0}, ASR: 1.0, TCB: {'PD_1': ['PD_3'], 'PD_2': ['PD_4'], 'PD_3': ['PD_4'], 'PD_4': ['PD_3']}, FR: {'PD_1,PD_2': inf, 'PD_1,PD_3': inf, 'PD_1,PD_4': inf, 'PD_2,PD_3': inf, 'PD_2,PD_4': inf, 'PD_3,PD_4': inf}
  Computing metrics...
    RSI: {'PD_1,PD_2': 0.0, 'PD_1,PD_3': 0.0, 'PD_1,PD_4': 0.0, 'PD_2,PD_3': 0.0, 'PD_2,PD_4': 0.0, 'PD_3,PD_4': 1.0}, ASR: 1.25, TCB: {'PD_1': ['PD_3'], 'PD_2': ['PD_4'], 'PD_3': ['PD_4'], 'PD_4': ['PD_3']}, FR: {'PD_1,PD_2': inf, 'PD_1,PD_3': inf, 'PD_1,PD_4': inf, 'PD_2,PD_3': inf, 'PD_2,PD_4': inf, 'PD_3,PD_4': inf}
  Computing metrics...
    RSI: {'PD_1,PD_2': 0.0, 'PD_1,PD_3': 0.0, 'PD_1,PD_4': 0.0, 'PD_2,PD_3': 0.0, 'PD_2,PD_4': 0.0, 'PD_3,PD_4': 1.0}, ASR: 1.0, TCB: {'PD_1': ['PD_3'], 'PD_2': ['PD_4'], 'PD_3': ['PD_4'], 'PD_4': ['PD_3']}, FR: {'PD_1,PD_2': inf, 'PD_1,PD_3': inf, 'PD_1,PD_4': inf, 'PD_2,PD_3': inf, 'PD_2,PD_4': inf, 'PD_3,PD_4': inf}
  Computing metrics...
    RSI: {'PD_1,PD_2': 0.0, 'PD_1,PD_3': 0.0, 'PD_1,PD_4': 0.0, 'PD_2,PD_3': 0.0, 'PD_2,PD_4': 0.0, 'PD_3,PD_4': 1.0}, ASR: 1.25, TCB: {'PD_1': ['PD_3'], 'PD_2': ['PD_4'], 'PD_3': ['PD_4'], 'PD_4': ['PD_3']}, FR: {'PD_1,PD_2': inf, 'PD_1,PD_3': inf, 'PD_1,PD_4': inf, 'PD_2,PD_3': inf, 'PD_2,PD_4': inf, 'PD_3,PD_4': inf}
  Computing metrics...
    RSI: {'PD_1,PD_2': 0.0, 'PD_1,PD_3': 0.0, 'PD_1,PD_4': 0.0, 'PD_2,PD_3': 0.0, 'PD_2,PD_4': 0.0, 'PD_3,PD_4': 1.0}, ASR: 1.0, TCB: {'PD_1': ['PD_3'], 'PD_2': ['PD_4'], 'PD_3': ['PD_4'], 'PD_4': ['PD_3']}, FR: {'PD_1,PD_2': inf, 'PD_1,PD_3': inf, 'PD_1,PD_4': inf, 'PD_2,PD_3': inf, 'PD_2,PD_4': inf, 'PD_3,PD_4': inf}
  Computing metrics...
    RSI: {'PD_1,PD_2': 0.0, 'PD_1,PD_3': 0.0, 'PD_1,PD_4': 0.0, 'PD_2,PD_3': 0.0, 'PD_2,PD_4': 0.0, 'PD_3,PD_4': 1.0}, ASR: 1.25, TCB: {'PD_1': ['PD_3'], 'PD_2': ['PD_4'], 'PD_3': ['PD_4'], 'PD_4': ['PD_3']}, FR: {'PD_1,PD_2': inf, 'PD_1,PD_3': inf, 'PD_1,PD_4': inf, 'PD_2,PD_3': inf, 'PD_2,PD_4': inf, 'PD_3,PD_4': inf}
  Computing metrics...
    RSI: {'PD_1,PD_2': 0.0, 'PD_1,PD_3': 0.0, 'PD_1,PD_4': 0.0, 'PD_2,PD_3': 0.0, 'PD_2,PD_4': 0.0, 'PD_3,PD_4': 1.0}, ASR: 1.0, TCB: {'PD_1': ['PD_3'], 'PD_2': ['PD_4'], 'PD_3': ['PD_4'], 'PD_4': ['PD_3']}, FR: {'PD_1,PD_2': inf, 'PD_1,PD_3': inf, 'PD_1,PD_4': inf, 'PD_2,PD_3': inf, 'PD_2,PD_4': inf, 'PD_3,PD_4': inf}
  Computing metrics...
    RSI: {'PD_1,PD_2': 0.0, 'PD_1,PD_3': 0.0, 'PD_1,PD_4': 0.0, 'PD_2,PD_3': 1.0, 'PD_2,PD_4': 1.0, 'PD_3,PD_4': 1.0}, ASR: 1.25, TCB: {'PD_1': ['PD_3'], 'PD_2': ['PD_4', 'PD_3'], 'PD_3': ['PD_2', 'PD_4'], 'PD_4': ['PD_2', 'PD_3']}, FR: {'PD_1,PD_2': inf, 'PD_1,PD_3': inf, 'PD_1,PD_4': inf, 'PD_2,PD_3': inf, 'PD_2,PD_4': inf, 'PD_3,PD_4': inf}
  Computing metrics...
    RSI: {'PD_1,PD_2': 0.0, 'PD_1,PD_3': 0.0, 'PD_1,PD_4': 0.0, 'PD_2,PD_3': 0.0, 'PD_2,PD_4': 0.0, 'PD_3,PD_4': 1.0}, ASR: 1.0, TCB: {'PD_1': ['PD_3'], 'PD_2': ['PD_4'], 'PD_3': ['PD_4'], 'PD_4': ['PD_3']}, FR: {'PD_1,PD_2': inf, 'PD_1,PD_3': inf, 'PD_1,PD_4': inf, 'PD_2,PD_3': inf, 'PD_2,PD_4': inf, 'PD_3,PD_4': inf}
  Computing metrics...
    RSI: {'PD_1,PD_2': 0.0, 'PD_1,PD_3': 0.0, 'PD_1,PD_4': 0.0, 'PD_2,PD_3': 0.0, 'PD_2,PD_4': 0.0, 'PD_3,PD_4': 1.0}, ASR: 1.25, TCB: {'PD_1': ['PD_3'], 'PD_2': ['PD_4'], 'PD_3': ['PD_4'], 'PD_4': ['PD_3']}, FR: {'PD_1,PD_2': inf, 'PD_1,PD_3': inf, 'PD_1,PD_4': inf, 'PD_2,PD_3': inf, 'PD_2,PD_4': inf, 'PD_3,PD_4': inf}
  Computing metrics...
    RSI: {'PD_1,PD_2': 0.0, 'PD_1,PD_3': 0.0, 'PD_1,PD_4': 0.0, 'PD_2,PD_3': 0.0, 'PD_2,PD_4': 0.0, 'PD_3,PD_4': 1.0}, ASR: 1.0, TCB: {'PD_1': ['PD_3'], 'PD_2': ['PD_4'], 'PD_3': ['PD_4'], 'PD_4': ['PD_3']}, FR: {'PD_1,PD_2': inf, 'PD_1,PD_3': inf, 'PD_1,PD_4': inf, 'PD_2,PD_3': inf, 'PD_2,PD_4': inf, 'PD_3,PD_4': inf}
  Computing metrics...
    RSI: {'PD_1,PD_2': 0.0, 'PD_1,PD_3': 0.0, 'PD_1,PD_4': 0.0, 'PD_2,PD_3': 0.0, 'PD_2,PD_4': 0.0, 'PD_3,PD_4': 1.0}, ASR: 1.25, TCB: {'PD_1': ['PD_3'], 'PD_2': ['PD_4'], 'PD_3': ['PD_4'], 'PD_4': ['PD_3']}, FR: {'PD_1,PD_2': inf, 'PD_1,PD_3': inf, 'PD_1,PD_4': inf, 'PD_2,PD_3': inf, 'PD_2,PD_4': inf, 'PD_3,PD_4': inf}
  Computing metrics...
    RSI: {'PD_1,PD_2': 0.0, 'PD_1,PD_3': 0.0, 'PD_1,PD_4': 0.0, 'PD_2,PD_3': 0.0, 'PD_2,PD_4': 0.0, 'PD_3,PD_4': 1.0}, ASR: 1.0, TCB: {'PD_1': ['PD_3'], 'PD_2': ['PD_4'], 'PD_3': ['PD_4'], 'PD_4': ['PD_3']}, FR: {'PD_1,PD_2': inf, 'PD_1,PD_3': inf, 'PD_1,PD_4': inf, 'PD_2,PD_3': inf, 'PD_2,PD_4': inf, 'PD_3,PD_4': inf}
  Computing metrics...
    RSI: {'PD_1,PD_2': 0.0, 'PD_1,PD_3': 0.0, 'PD_1,PD_4': 0.0, 'PD_2,PD_3': 0.0, 'PD_2,PD_4': 0.0, 'PD_3,PD_4': 1.0}, ASR: 1.25, TCB: {'PD_1': ['PD_3'], 'PD_2': ['PD_4'], 'PD_3': ['PD_4'], 'PD_4': ['PD_3']}, FR: {'PD_1,PD_2': inf, 'PD_1,PD_3': inf, 'PD_1,PD_4': inf, 'PD_2,PD_3': inf, 'PD_2,PD_4': inf, 'PD_3,PD_4': inf}
  Computing metrics...
    RSI: {'PD_1,PD_2': 0.0, 'PD_1,PD_3': 0.0, 'PD_1,PD_4': 0.0, 'PD_2,PD_3': 0.0, 'PD_2,PD_4': 0.0, 'PD_3,PD_4': 1.0}, ASR: 1.0, TCB: {'PD_1': ['PD_3'], 'PD_2': ['PD_4'], 'PD_3': ['PD_4'], 'PD_4': ['PD_3']}, FR: {'PD_1,PD_2': inf, 'PD_1,PD_3': inf, 'PD_1,PD_4': inf, 'PD_2,PD_3': inf, 'PD_2,PD_4': inf, 'PD_3,PD_4': inf}
  Computing metrics...
    RSI: {'PD_1,PD_2': 0.0, 'PD_1,PD_3': 0.0, 'PD_1,PD_4': 0.0, 'PD_2,PD_3': 0.0, 'PD_2,PD_4': 0.0, 'PD_3,PD_4': 1.0}, ASR: 1.25, TCB: {'PD_1': ['PD_3'], 'PD_2': ['PD_4'], 'PD_3': ['PD_4'], 'PD_4': ['PD_3']}, FR: {'PD_1,PD_2': inf, 'PD_1,PD_3': inf, 'PD_1,PD_4': inf, 'PD_2,PD_3': inf, 'PD_2,PD_4': inf, 'PD_3,PD_4': inf}
  Computing metrics...
    RSI: {'PD_1,PD_2': 0.0, 'PD_1,PD_3': 0.0, 'PD_1,PD_4': 0.0, 'PD_2,PD_3': 0.0, 'PD_2,PD_4': 0.0, 'PD_3,PD_4': 1.0}, ASR: 1.0, TCB: {'PD_1': ['PD_3'], 'PD_2': ['PD_4'], 'PD_3': ['PD_4'], 'PD_4': ['PD_3']}, FR: {'PD_1,PD_2': inf, 'PD_1,PD_3': inf, 'PD_1,PD_4': inf, 'PD_2,PD_3': inf, 'PD_2,PD_4': inf, 'PD_3,PD_4': inf}
  Computing metrics...
    RSI: {'PD_1,PD_2': 0.0, 'PD_1,PD_3': 0.0, 'PD_1,PD_4': 0.0, 'PD_2,PD_3': 0.0, 'PD_2,PD_4': 0.0, 'PD_3,PD_4': 1.0}, ASR: 1.25, TCB: {'PD_1': ['PD_3'], 'PD_2': ['PD_4'], 'PD_3': ['PD_4'], 'PD_4': ['PD_3']}, FR: {'PD_1,PD_2': inf, 'PD_1,PD_3': inf, 'PD_1,PD_4': inf, 'PD_2,PD_3': inf, 'PD_2,PD_4': inf, 'PD_3,PD_4': inf}
  Computing metrics...
    RSI: {'PD_1,PD_2': 0.0, 'PD_1,PD_3': 0.0, 'PD_1,PD_4': 0.0, 'PD_2,PD_3': 0.0, 'PD_2,PD_4': 0.0, 'PD_3,PD_4': 1.0}, ASR: 1.0, TCB: {'PD_1': ['PD_3'], 'PD_2': ['PD_4'], 'PD_3': ['PD_4'], 'PD_4': ['PD_3']}, FR: {'PD_1,PD_2': inf, 'PD_1,PD_3': inf, 'PD_1,PD_4': inf, 'PD_2,PD_3': inf, 'PD_2,PD_4': inf, 'PD_3,PD_4': inf}
  Computing metrics...
    RSI: {'PD_1,PD_2': 0.0, 'PD_1,PD_3': 0.0, 'PD_1,PD_4': 0.0, 'PD_2,PD_3': 0.0, 'PD_2,PD_4': 0.0, 'PD_3,PD_4': 1.0}, ASR: 1.25, TCB: {'PD_1': ['PD_3'], 'PD_2': ['PD_4'], 'PD_3': ['PD_4'], 'PD_4': ['PD_3']}, FR: {'PD_1,PD_2': inf, 'PD_1,PD_3': inf, 'PD_1,PD_4': inf, 'PD_2,PD_3': inf, 'PD_2,PD_4': inf, 'PD_3,PD_4': inf}
  Computing metrics...
    RSI: {'PD_1,PD_2': 0.0, 'PD_1,PD_3': 0.0, 'PD_1,PD_4': 0.0, 'PD_2,PD_3': 0.0, 'PD_2,PD_4': 0.0, 'PD_3,PD_4': 1.0}, ASR: 1.0, TCB: {'PD_1': ['PD_3'], 'PD_2': ['PD_4'], 'PD_3': ['PD_4'], 'PD_4': ['PD_3']}, FR: {'PD_1,PD_2': inf, 'PD_1,PD_3': inf, 'PD_1,PD_4': inf, 'PD_2,PD_3': inf, 'PD_2,PD_4': inf, 'PD_3,PD_4': inf}
  Computing metrics...
    RSI: {'PD_1,PD_2': 0.0, 'PD_1,PD_3': 0.0, 'PD_1,PD_4': 0.0, 'PD_2,PD_3': 0.0, 'PD_2,PD_4': 0.0, 'PD_3,PD_4': 0.5}, ASR: 1.25, TCB: {'PD_1': ['PD_3'], 'PD_2': ['PD_4'], 'PD_3': ['PD_4'], 'PD_4': ['PD_3']}, FR: {'PD_1,PD_2': inf, 'PD_1,PD_3': inf, 'PD_1,PD_4': inf, 'PD_2,PD_3': inf, 'PD_2,PD_4': inf, 'PD_3,PD_4': inf}
  Computing metrics...
    RSI: {'PD_1,PD_2': 0.0, 'PD_1,PD_3': 0.0, 'PD_1,PD_4': 0.0, 'PD_2,PD_3': 0.0, 'PD_2,PD_4': 0.0, 'PD_3,PD_4': 1.0}, ASR: 1.0, TCB: {'PD_1': ['PD_3'], 'PD_2': ['PD_4'], 'PD_3': ['PD_4'], 'PD_4': ['PD_3']}, FR: {'PD_1,PD_2': inf, 'PD_1,PD_3': inf, 'PD_1,PD_4': inf, 'PD_2,PD_3': inf, 'PD_2,PD_4': inf, 'PD_3,PD_4': inf}
  Computing metrics...
    RSI: {'PD_1,PD_2': 0.0, 'PD_1,PD_3': 0.0, 'PD_1,PD_4': 0.0, 'PD_2,PD_3': 0.0, 'PD_2,PD_4': 0.0, 'PD_3,PD_4': 0.5}, ASR: 1.25, TCB: {'PD_1': ['PD_3'], 'PD_2': ['PD_4'], 'PD_3': ['PD_4'], 'PD_4': ['PD_3']}, FR: {'PD_1,PD_2': inf, 'PD_1,PD_3': inf, 'PD_1,PD_4': inf, 'PD_2,PD_3': inf, 'PD_2,PD_4': inf, 'PD_3,PD_4': inf}
  Computing metrics...
    RSI: {'PD_1,PD_2': 0.0, 'PD_1,PD_3': 0.0, 'PD_1,PD_4': 0.0, 'PD_2,PD_3': 0.0, 'PD_2,PD_4': 0.0, 'PD_3,PD_4': 1.0}, ASR: 1.0, TCB: {'PD_1': ['PD_3'], 'PD_2': ['PD_4'], 'PD_3': ['PD_4'], 'PD_4': ['PD_3']}, FR: {'PD_1,PD_2': inf, 'PD_1,PD_3': inf, 'PD_1,PD_4': inf, 'PD_2,PD_3': inf, 'PD_2,PD_4': inf, 'PD_3,PD_4': inf}
  Computing metrics...
    RSI: {'PD_1,PD_2': 0.0, 'PD_1,PD_3': 0.0, 'PD_1,PD_4': 0.0, 'PD_2,PD_3': 0.0, 'PD_2,PD_4': 0.0, 'PD_3,PD_4': 0.5}, ASR: 1.25, TCB: {'PD_1': ['PD_3'], 'PD_2': ['PD_4'], 'PD_3': ['PD_4'], 'PD_4': ['PD_3']}, FR: {'PD_1,PD_2': inf, 'PD_1,PD_3': inf, 'PD_1,PD_4': inf, 'PD_2,PD_3': inf, 'PD_2,PD_4': inf, 'PD_3,PD_4': inf}
  Computing metrics...
    RSI: {'PD_1,PD_2': 0.0, 'PD_1,PD_3': 0.0, 'PD_1,PD_4': 0.0, 'PD_2,PD_3': 0.0, 'PD_2,PD_4': 0.0, 'PD_3,PD_4': 1.0}, ASR: 1.0, TCB: {'PD_1': ['PD_3'], 'PD_2': ['PD_4'], 'PD_3': ['PD_4'], 'PD_4': ['PD_3']}, FR: {'PD_1,PD_2': inf, 'PD_1,PD_3': inf, 'PD_1,PD_4': inf, 'PD_2,PD_3': inf, 'PD_2,PD_4': inf, 'PD_3,PD_4': inf}
  Computing metrics...
    RSI: {'PD_1,PD_2': 0.0, 'PD_1,PD_3': 0.0, 'PD_1,PD_4': 0.0, 'PD_2,PD_3': 0.0, 'PD_2,PD_4': 0.0, 'PD_3,PD_4': 0.5}, ASR: 1.25, TCB: {'PD_1': ['PD_3'], 'PD_2': ['PD_4'], 'PD_3': ['PD_4'], 'PD_4': ['PD_3']}, FR: {'PD_1,PD_2': inf, 'PD_1,PD_3': inf, 'PD_1,PD_4': inf, 'PD_2,PD_3': inf, 'PD_2,PD_4': inf, 'PD_3,PD_4': inf}
  Computing metrics...
    RSI: {'PD_1,PD_2': 0.0, 'PD_1,PD_3': 0.0, 'PD_1,PD_4': 0.0, 'PD_2,PD_3': 0.0, 'PD_2,PD_4': 0.0, 'PD_3,PD_4': 1.0}, ASR: 1.0, TCB: {'PD_1': ['PD_3'], 'PD_2': ['PD_4'], 'PD_3': ['PD_4'], 'PD_4': ['PD_3']}, FR: {'PD_1,PD_2': inf, 'PD_1,PD_3': inf, 'PD_1,PD_4': inf, 'PD_2,PD_3': inf, 'PD_2,PD_4': inf, 'PD_3,PD_4': inf}
  Computing metrics...
    RSI: {'PD_1,PD_2': 0.0, 'PD_1,PD_3': 0.0, 'PD_1,PD_4': 0.0, 'PD_2,PD_3': 0.0, 'PD_2,PD_4': 0.0, 'PD_3,PD_4': 0.5}, ASR: 1.25, TCB: {'PD_1': ['PD_3'], 'PD_2': ['PD_4'], 'PD_3': ['PD_4'], 'PD_4': ['PD_3']}, FR: {'PD_1,PD_2': inf, 'PD_1,PD_3': inf, 'PD_1,PD_4': inf, 'PD_2,PD_3': inf, 'PD_2,PD_4': inf, 'PD_3,PD_4': inf}
  Computing metrics...
    RSI: {'PD_1,PD_2': 0.0, 'PD_1,PD_3': 0.0, 'PD_1,PD_4': 0.0, 'PD_2,PD_3': 0.0, 'PD_2,PD_4': 0.0, 'PD_3,PD_4': 1.0}, ASR: 1.0, TCB: {'PD_1': ['PD_3'], 'PD_2': ['PD_4'], 'PD_3': ['PD_4'], 'PD_4': ['PD_3']}, FR: {'PD_1,PD_2': inf, 'PD_1,PD_3': inf, 'PD_1,PD_4': inf, 'PD_2,PD_3': inf, 'PD_2,PD_4': inf, 'PD_3,PD_4': inf}
  Computing metrics...
    RSI: {'PD_1,PD_2': 0.0, 'PD_1,PD_3': 0.0, 'PD_1,PD_4': 0.0, 'PD_2,PD_3': 0.0, 'PD_2,PD_4': 0.0, 'PD_3,PD_4': 0.5}, ASR: 1.25, TCB: {'PD_1': ['PD_3'], 'PD_2': ['PD_4'], 'PD_3': ['PD_4'], 'PD_4': ['PD_3']}, FR: {'PD_1,PD_2': inf, 'PD_1,PD_3': inf, 'PD_1,PD_4': inf, 'PD_2,PD_3': inf, 'PD_2,PD_4': inf, 'PD_3,PD_4': inf}
  Computing metrics...
    RSI: {'PD_1,PD_2': 0.0, 'PD_1,PD_3': 0.0, 'PD_1,PD_4': 0.0, 'PD_2,PD_3': 0.0, 'PD_2,PD_4': 0.0, 'PD_3,PD_4': 1.0}, ASR: 1.0, TCB: {'PD_1': ['PD_3'], 'PD_2': ['PD_4'], 'PD_3': ['PD_4'], 'PD_4': ['PD_3']}, FR: {'PD_1,PD_2': inf, 'PD_1,PD_3': inf, 'PD_1,PD_4': inf, 'PD_2,PD_3': inf, 'PD_2,PD_4': inf, 'PD_3,PD_4': inf}
  Computing metrics...
    RSI: {'PD_1,PD_2': 0.0, 'PD_1,PD_3': 0.0, 'PD_1,PD_4': 0.0, 'PD_2,PD_3': 0.0, 'PD_2,PD_4': 0.0, 'PD_3,PD_4': 0.5}, ASR: 1.25, TCB: {'PD_1': ['PD_3'], 'PD_2': ['PD_4'], 'PD_3': ['PD_4'], 'PD_4': ['PD_3']}, FR: {'PD_1,PD_2': inf, 'PD_1,PD_3': inf, 'PD_1,PD_4': inf, 'PD_2,PD_3': inf, 'PD_2,PD_4': inf, 'PD_3,PD_4': inf}
  Computing metrics...
    RSI: {'PD_1,PD_2': 0.0, 'PD_1,PD_3': 0.0, 'PD_1,PD_4': 0.0, 'PD_2,PD_3': 0.0, 'PD_2,PD_4': 0.0, 'PD_3,PD_4': 1.0}, ASR: 1.0, TCB: {'PD_1': ['PD_3'], 'PD_2': ['PD_4'], 'PD_3': ['PD_4'], 'PD_4': ['PD_3']}, FR: {'PD_1,PD_2': inf, 'PD_1,PD_3': inf, 'PD_1,PD_4': inf, 'PD_2,PD_3': inf, 'PD_2,PD_4': inf, 'PD_3,PD_4': inf}
  Computing metrics...
    RSI: {'PD_1,PD_2': 0.0, 'PD_1,PD_3': 0.0, 'PD_1,PD_4': 0.0, 'PD_2,PD_3': 0.0, 'PD_2,PD_4': 0.0, 'PD_3,PD_4': 0.5}, ASR: 1.25, TCB: {'PD_1': ['PD_3'], 'PD_2': ['PD_4'], 'PD_3': ['PD_4'], 'PD_4': ['PD_3']}, FR: {'PD_1,PD_2': inf, 'PD_1,PD_3': inf, 'PD_1,PD_4': inf, 'PD_2,PD_3': inf, 'PD_2,PD_4': inf, 'PD_3,PD_4': inf}
  Computing metrics...
    RSI: {'PD_1,PD_2': 0.0, 'PD_1,PD_3': 0.0, 'PD_1,PD_4': 0.0, 'PD_2,PD_3': 0.0, 'PD_2,PD_4': 0.0, 'PD_3,PD_4': 1.0}, ASR: 1.0, TCB: {'PD_1': ['PD_3'], 'PD_2': ['PD_4'], 'PD_3': ['PD_4'], 'PD_4': ['PD_3']}, FR: {'PD_1,PD_2': inf, 'PD_1,PD_3': inf, 'PD_1,PD_4': inf, 'PD_2,PD_3': inf, 'PD_2,PD_4': inf, 'PD_3,PD_4': inf}
  Computing metrics...
    RSI: {'PD_1,PD_2': 0.0, 'PD_1,PD_3': 0.0, 'PD_1,PD_4': 0.0, 'PD_2,PD_3': 0.0, 'PD_2,PD_4': 0.0, 'PD_3,PD_4': 0.5}, ASR: 1.25, TCB: {'PD_1': ['PD_3'], 'PD_2': ['PD_4'], 'PD_3': ['PD_4'], 'PD_4': ['PD_3']}, FR: {'PD_1,PD_2': inf, 'PD_1,PD_3': inf, 'PD_1,PD_4': inf, 'PD_2,PD_3': inf, 'PD_2,PD_4': inf, 'PD_3,PD_4': inf}
  Computing metrics...
    RSI: {'PD_1,PD_2': 0.0, 'PD_1,PD_3': 0.0, 'PD_1,PD_4': 0.0, 'PD_2,PD_3': 0.0, 'PD_2,PD_4': 0.0, 'PD_3,PD_4': 1.0}, ASR: 1.0, TCB: {'PD_1': ['PD_3'], 'PD_2': ['PD_4'], 'PD_3': ['PD_4'], 'PD_4': ['PD_3']}, FR: {'PD_1,PD_2': inf, 'PD_1,PD_3': inf, 'PD_1,PD_4': inf, 'PD_2,PD_3': inf, 'PD_2,PD_4': inf, 'PD_3,PD_4': inf}
  Computing metrics...
    RSI: {'PD_1,PD_2': 0.0, 'PD_1,PD_3': 0.0, 'PD_1,PD_4': 0.0, 'PD_2,PD_3': 0.0, 'PD_2,PD_4': 0.0, 'PD_3,PD_4': 0.5}, ASR: 1.25, TCB: {'PD_1': ['PD_3'], 'PD_2': ['PD_4'], 'PD_3': ['PD_4'], 'PD_4': ['PD_3']}, FR: {'PD_1,PD_2': inf, 'PD_1,PD_3': inf, 'PD_1,PD_4': inf, 'PD_2,PD_3': inf, 'PD_2,PD_4': inf, 'PD_3,PD_4': inf}
  Computing metrics...
    RSI: {'PD_1,PD_2': 0.0, 'PD_1,PD_3': 0.0, 'PD_1,PD_4': 0.0, 'PD_2,PD_3': 0.0, 'PD_2,PD_4': 0.0, 'PD_3,PD_4': 1.0}, ASR: 1.0, TCB: {'PD_1': ['PD_3'], 'PD_2': ['PD_4'], 'PD_3': ['PD_4'], 'PD_4': ['PD_3']}, FR: {'PD_1,PD_2': inf, 'PD_1,PD_3': inf, 'PD_1,PD_4': inf, 'PD_2,PD_3': inf, 'PD_2,PD_4': inf, 'PD_3,PD_4': inf}
  Computing metrics...
    RSI: {'PD_1,PD_2': 0.0, 'PD_1,PD_3': 0.0, 'PD_1,PD_4': 0.0, 'PD_2,PD_3': 0.0, 'PD_2,PD_4': 0.0, 'PD_3,PD_4': 0.5}, ASR: 1.25, TCB: {'PD_1': ['PD_3'], 'PD_2': ['PD_4'], 'PD_3': ['PD_4'], 'PD_4': ['PD_3']}, FR: {'PD_1,PD_2': inf, 'PD_1,PD_3': inf, 'PD_1,PD_4': inf, 'PD_2,PD_3': inf, 'PD_2,PD_4': inf, 'PD_3,PD_4': inf}
  Computing metrics...
    RSI: {'PD_1,PD_2': 0.0, 'PD_1,PD_3': 0.0, 'PD_1,PD_4': 0.0, 'PD_2,PD_3': 0.0, 'PD_2,PD_4': 0.0, 'PD_3,PD_4': 1.0}, ASR: 1.0, TCB: {'PD_1': ['PD_3'], 'PD_2': ['PD_4'], 'PD_3': ['PD_4'], 'PD_4': ['PD_3']}, FR: {'PD_1,PD_2': inf, 'PD_1,PD_3': inf, 'PD_1,PD_4': inf, 'PD_2,PD_3': inf, 'PD_2,PD_4': inf, 'PD_3,PD_4': inf}
  Computing metrics...
    RSI: {'PD_1,PD_2': 0.0, 'PD_1,PD_3': 0.0, 'PD_1,PD_4': 0.0, 'PD_2,PD_3': 0.0, 'PD_2,PD_4': 0.0, 'PD_3,PD_4': 0.5}, ASR: 1.25, TCB: {'PD_1': ['PD_3'], 'PD_2': ['PD_4'], 'PD_3': ['PD_4'], 'PD_4': ['PD_3']}, FR: {'PD_1,PD_2': inf, 'PD_1,PD_3': inf, 'PD_1,PD_4': inf, 'PD_2,PD_3': inf, 'PD_2,PD_4': inf, 'PD_3,PD_4': inf}
  Computing metrics...
    RSI: {'PD_1,PD_2': 0.0, 'PD_1,PD_3': 0.0, 'PD_1,PD_4': 0.0, 'PD_2,PD_3': 0.0, 'PD_2,PD_4': 0.0, 'PD_3,PD_4': 1.0}, ASR: 1.0, TCB: {'PD_1': ['PD_3'], 'PD_2': ['PD_4'], 'PD_3': ['PD_4'], 'PD_4': ['PD_3']}, FR: {'PD_1,PD_2': inf, 'PD_1,PD_3': inf, 'PD_1,PD_4': inf, 'PD_2,PD_3': inf, 'PD_2,PD_4': inf, 'PD_3,PD_4': inf}
  Computing metrics...
    RSI: {'PD_1,PD_2': 0.0, 'PD_1,PD_3': 0.0, 'PD_1,PD_4': 0.0, 'PD_2,PD_3': 0.0, 'PD_2,PD_4': 0.0, 'PD_3,PD_4': 1.0}, ASR: 1.0, TCB: {'PD_1': ['PD_3'], 'PD_2': ['PD_4'], 'PD_3': ['PD_4'], 'PD_4': ['PD_3']}, FR: {'PD_1,PD_2': inf, 'PD_1,PD_3': inf, 'PD_1,PD_4': inf, 'PD_2,PD_3': inf, 'PD_2,PD_4': inf, 'PD_3,PD_4': inf}
    remove_hold_edge candidate: remove PD_3 -> FILE_1_1 HOLD edge -> score: 0.150
  Computing metrics...
    RSI: {'PD_1,PD_2': 0.0, 'PD_1,PD_3': 0.0, 'PD_1,PD_4': 0.0, 'PD_2,PD_3': 0.0, 'PD_2,PD_4': 0.0, 'PD_3,PD_4': 1.0}, ASR: 1.0, TCB: {'PD_1': ['PD_3'], 'PD_2': ['PD_4'], 'PD_3': ['PD_4'], 'PD_4': ['PD_3']}, FR: {'PD_1,PD_2': inf, 'PD_1,PD_3': inf, 'PD_1,PD_4': inf, 'PD_2,PD_3': inf, 'PD_2,PD_4': inf, 'PD_3,PD_4': inf}
  Computing metrics...
    RSI: {'PD_1,PD_2': 0.0, 'PD_1,PD_3': 0.0, 'PD_1,PD_4': 0.0, 'PD_2,PD_3': 0.0, 'PD_2,PD_4': 0.0, 'PD_3,PD_4': 1.0}, ASR: 1.0, TCB: {'PD_1': ['PD_3'], 'PD_2': ['PD_4'], 'PD_3': ['PD_4'], 'PD_4': ['PD_3']}, FR: {'PD_1,PD_2': inf, 'PD_1,PD_3': inf, 'PD_1,PD_4': inf, 'PD_2,PD_3': inf, 'PD_2,PD_4': inf, 'PD_3,PD_4': inf}
    remove_hold_edge candidate: remove PD_4 -> FILE_1_1 HOLD edge -> score: 0.150
  Computing metrics...
    RSI: {'PD_1,PD_2': 0.0, 'PD_1,PD_3': 0.0, 'PD_1,PD_4': 0.0, 'PD_2,PD_3': 0.0, 'PD_2,PD_4': 0.0, 'PD_3,PD_4': 1.0}, ASR: 1.0, TCB: {'PD_1': ['PD_3'], 'PD_2': ['PD_4'], 'PD_3': ['PD_4'], 'PD_4': ['PD_3']}, FR: {'PD_1,PD_2': inf, 'PD_1,PD_3': inf, 'PD_1,PD_4': inf, 'PD_2,PD_3': inf, 'PD_2,PD_4': inf, 'PD_3,PD_4': inf}
  Computing metrics...
    RSI: {'PD_1,PD_2': 0.0, 'PD_1,PD_3': 0.0, 'PD_1,PD_4': 0.0, 'PD_2,PD_3': 0.0, 'PD_2,PD_4': 0.0, 'PD_3,PD_4': 1.0}, ASR: 1.25, TCB: {'PD_1': ['PD_3', 'PD_2'], 'PD_2': ['PD_4'], 'PD_3': ['PD_4'], 'PD_4': ['PD_3']}, FR: {'PD_1,PD_2': 3, 'PD_1,PD_3': inf, 'PD_1,PD_4': inf, 'PD_2,PD_3': inf, 'PD_2,PD_4': inf, 'PD_3,PD_4': inf}
  Computing metrics...
    RSI: {'PD_1,PD_2': 0.0, 'PD_1,PD_3': 0.0, 'PD_1,PD_4': 0.0, 'PD_2,PD_3': 0.0, 'PD_2,PD_4': 0.0, 'PD_3,PD_4': 1.0}, ASR: 1.0, TCB: {'PD_1': ['PD_3'], 'PD_2': ['PD_4'], 'PD_3': ['PD_4'], 'PD_4': ['PD_3']}, FR: {'PD_1,PD_2': inf, 'PD_1,PD_3': inf, 'PD_1,PD_4': inf, 'PD_2,PD_3': inf, 'PD_2,PD_4': inf, 'PD_3,PD_4': inf}
  Computing metrics...
    RSI: {'PD_1,PD_2': 0.0, 'PD_1,PD_3': 0.0, 'PD_1,PD_4': 0.0, 'PD_2,PD_3': 0.0, 'PD_2,PD_4': 0.0, 'PD_3,PD_4': 1.0}, ASR: 1.25, TCB: {'PD_1': ['PD_3', 'PD_4'], 'PD_2': ['PD_4'], 'PD_3': ['PD_4'], 'PD_4': ['PD_3']}, FR: {'PD_1,PD_2': 2, 'PD_1,PD_3': inf, 'PD_1,PD_4': inf, 'PD_2,PD_3': inf, 'PD_2,PD_4': inf, 'PD_3,PD_4': inf}
  Computing metrics...
    RSI: {'PD_1,PD_2': 0.0, 'PD_1,PD_3': 0.0, 'PD_1,PD_4': 0.0, 'PD_2,PD_3': 0.0, 'PD_2,PD_4': 0.0, 'PD_3,PD_4': 1.0}, ASR: 1.0, TCB: {'PD_1': ['PD_3'], 'PD_2': ['PD_4'], 'PD_3': ['PD_4'], 'PD_4': ['PD_3']}, FR: {'PD_1,PD_2': inf, 'PD_1,PD_3': inf, 'PD_1,PD_4': inf, 'PD_2,PD_3': inf, 'PD_2,PD_4': inf, 'PD_3,PD_4': inf}
  Computing metrics...
    RSI: {'PD_1,PD_2': 0.0, 'PD_1,PD_3': 0.0, 'PD_1,PD_4': 0.0, 'PD_2,PD_3': 0.0, 'PD_2,PD_4': 0.0, 'PD_3,PD_4': 1.0}, ASR: 1.25, TCB: {'PD_1': ['PD_3'], 'PD_2': ['PD_4', 'PD_1'], 'PD_3': ['PD_4'], 'PD_4': ['PD_3']}, FR: {'PD_1,PD_2': 3, 'PD_1,PD_3': inf, 'PD_1,PD_4': inf, 'PD_2,PD_3': inf, 'PD_2,PD_4': inf, 'PD_3,PD_4': inf}
  Computing metrics...
    RSI: {'PD_1,PD_2': 0.0, 'PD_1,PD_3': 0.0, 'PD_1,PD_4': 0.0, 'PD_2,PD_3': 0.0, 'PD_2,PD_4': 0.0, 'PD_3,PD_4': 1.0}, ASR: 1.0, TCB: {'PD_1': ['PD_3'], 'PD_2': ['PD_4'], 'PD_3': ['PD_4'], 'PD_4': ['PD_3']}, FR: {'PD_1,PD_2': inf, 'PD_1,PD_3': inf, 'PD_1,PD_4': inf, 'PD_2,PD_3': inf, 'PD_2,PD_4': inf, 'PD_3,PD_4': inf}
  Computing metrics...
    RSI: {'PD_1,PD_2': 0.0, 'PD_1,PD_3': 0.0, 'PD_1,PD_4': 0.0, 'PD_2,PD_3': 0.0, 'PD_2,PD_4': 0.0, 'PD_3,PD_4': 1.0}, ASR: 1.25, TCB: {'PD_1': ['PD_3'], 'PD_2': ['PD_4', 'PD_3'], 'PD_3': ['PD_4'], 'PD_4': ['PD_3']}, FR: {'PD_1,PD_2': 2, 'PD_1,PD_3': inf, 'PD_1,PD_4': inf, 'PD_2,PD_3': inf, 'PD_2,PD_4': inf, 'PD_3,PD_4': inf}
  Computing metrics...
    RSI: {'PD_1,PD_2': 0.0, 'PD_1,PD_3': 0.0, 'PD_1,PD_4': 0.0, 'PD_2,PD_3': 0.0, 'PD_2,PD_4': 0.0, 'PD_3,PD_4': 1.0}, ASR: 1.0, TCB: {'PD_1': ['PD_3'], 'PD_2': ['PD_4'], 'PD_3': ['PD_4'], 'PD_4': ['PD_3']}, FR: {'PD_1,PD_2': inf, 'PD_1,PD_3': inf, 'PD_1,PD_4': inf, 'PD_2,PD_3': inf, 'PD_2,PD_4': inf, 'PD_3,PD_4': inf}
  Computing metrics...
    RSI: {'PD_1,PD_2': 0.0, 'PD_1,PD_3': 0.0, 'PD_1,PD_4': 0.0, 'PD_2,PD_3': 0.0, 'PD_2,PD_4': 0.0, 'PD_3,PD_4': 1.0}, ASR: 1.25, TCB: {'PD_1': ['PD_3'], 'PD_2': ['PD_4'], 'PD_3': ['PD_1', 'PD_4'], 'PD_4': ['PD_3']}, FR: {'PD_1,PD_2': inf, 'PD_1,PD_3': inf, 'PD_1,PD_4': inf, 'PD_2,PD_3': inf, 'PD_2,PD_4': inf, 'PD_3,PD_4': inf}
  Computing metrics...
    RSI: {'PD_1,PD_2': 0.0, 'PD_1,PD_3': 0.0, 'PD_1,PD_4': 0.0, 'PD_2,PD_3': 0.0, 'PD_2,PD_4': 0.0, 'PD_3,PD_4': 1.0}, ASR: 1.0, TCB: {'PD_1': ['PD_3'], 'PD_2': ['PD_4'], 'PD_3': ['PD_4'], 'PD_4': ['PD_3']}, FR: {'PD_1,PD_2': inf, 'PD_1,PD_3': inf, 'PD_1,PD_4': inf, 'PD_2,PD_3': inf, 'PD_2,PD_4': inf, 'PD_3,PD_4': inf}
  Computing metrics...
    RSI: {'PD_1,PD_2': 0.0, 'PD_1,PD_3': 0.0, 'PD_1,PD_4': 0.0, 'PD_2,PD_3': 0.0, 'PD_2,PD_4': 0.0, 'PD_3,PD_4': 1.0}, ASR: 1.25, TCB: {'PD_1': ['PD_3'], 'PD_2': ['PD_4'], 'PD_3': ['PD_2', 'PD_4'], 'PD_4': ['PD_3']}, FR: {'PD_1,PD_2': 4, 'PD_1,PD_3': 3, 'PD_1,PD_4': inf, 'PD_2,PD_3': 3, 'PD_2,PD_4': inf, 'PD_3,PD_4': inf}
  Computing metrics...
    RSI: {'PD_1,PD_2': 0.0, 'PD_1,PD_3': 0.0, 'PD_1,PD_4': 0.0, 'PD_2,PD_3': 0.0, 'PD_2,PD_4': 0.0, 'PD_3,PD_4': 1.0}, ASR: 1.0, TCB: {'PD_1': ['PD_3'], 'PD_2': ['PD_4'], 'PD_3': ['PD_4'], 'PD_4': ['PD_3']}, FR: {'PD_1,PD_2': inf, 'PD_1,PD_3': inf, 'PD_1,PD_4': inf, 'PD_2,PD_3': inf, 'PD_2,PD_4': inf, 'PD_3,PD_4': inf}
  Computing metrics...
    RSI: {'PD_1,PD_2': 0.0, 'PD_1,PD_3': 0.0, 'PD_1,PD_4': 0.0, 'PD_2,PD_3': 0.0, 'PD_2,PD_4': 0.0, 'PD_3,PD_4': 1.0}, ASR: 1.25, TCB: {'PD_1': ['PD_3'], 'PD_2': ['PD_4'], 'PD_3': ['PD_4'], 'PD_4': ['PD_3']}, FR: {'PD_1,PD_2': 3, 'PD_1,PD_3': 3, 'PD_1,PD_4': inf, 'PD_2,PD_3': 2, 'PD_2,PD_4': inf, 'PD_3,PD_4': inf}
  Computing metrics...
    RSI: {'PD_1,PD_2': 0.0, 'PD_1,PD_3': 0.0, 'PD_1,PD_4': 0.0, 'PD_2,PD_3': 0.0, 'PD_2,PD_4': 0.0, 'PD_3,PD_4': 1.0}, ASR: 1.0, TCB: {'PD_1': ['PD_3'], 'PD_2': ['PD_4'], 'PD_3': ['PD_4'], 'PD_4': ['PD_3']}, FR: {'PD_1,PD_2': inf, 'PD_1,PD_3': inf, 'PD_1,PD_4': inf, 'PD_2,PD_3': inf, 'PD_2,PD_4': inf, 'PD_3,PD_4': inf}
  Computing metrics...
    RSI: {'PD_1,PD_2': 0.0, 'PD_1,PD_3': 0.0, 'PD_1,PD_4': 0.0, 'PD_2,PD_3': 0.0, 'PD_2,PD_4': 0.0, 'PD_3,PD_4': 1.0}, ASR: 1.25, TCB: {'PD_1': ['PD_3'], 'PD_2': ['PD_4'], 'PD_3': ['PD_4'], 'PD_4': ['PD_1', 'PD_3']}, FR: {'PD_1,PD_2': 4, 'PD_1,PD_3': inf, 'PD_1,PD_4': 3, 'PD_2,PD_3': inf, 'PD_2,PD_4': 3, 'PD_3,PD_4': inf}
  Computing metrics...
    RSI: {'PD_1,PD_2': 0.0, 'PD_1,PD_3': 0.0, 'PD_1,PD_4': 0.0, 'PD_2,PD_3': 0.0, 'PD_2,PD_4': 0.0, 'PD_3,PD_4': 1.0}, ASR: 1.0, TCB: {'PD_1': ['PD_3'], 'PD_2': ['PD_4'], 'PD_3': ['PD_4'], 'PD_4': ['PD_3']}, FR: {'PD_1,PD_2': inf, 'PD_1,PD_3': inf, 'PD_1,PD_4': inf, 'PD_2,PD_3': inf, 'PD_2,PD_4': inf, 'PD_3,PD_4': inf}
  Computing metrics...
    RSI: {'PD_1,PD_2': 0.0, 'PD_1,PD_3': 0.0, 'PD_1,PD_4': 0.0, 'PD_2,PD_3': 0.0, 'PD_2,PD_4': 0.0, 'PD_3,PD_4': 1.0}, ASR: 1.25, TCB: {'PD_1': ['PD_3'], 'PD_2': ['PD_4'], 'PD_3': ['PD_4'], 'PD_4': ['PD_2', 'PD_3']}, FR: {'PD_1,PD_2': inf, 'PD_1,PD_3': inf, 'PD_1,PD_4': inf, 'PD_2,PD_3': inf, 'PD_2,PD_4': inf, 'PD_3,PD_4': inf}
  Computing metrics...
    RSI: {'PD_1,PD_2': 0.0, 'PD_1,PD_3': 0.0, 'PD_1,PD_4': 0.0, 'PD_2,PD_3': 0.0, 'PD_2,PD_4': 0.0, 'PD_3,PD_4': 1.0}, ASR: 1.0, TCB: {'PD_1': ['PD_3'], 'PD_2': ['PD_4'], 'PD_3': ['PD_4'], 'PD_4': ['PD_3']}, FR: {'PD_1,PD_2': inf, 'PD_1,PD_3': inf, 'PD_1,PD_4': inf, 'PD_2,PD_3': inf, 'PD_2,PD_4': inf, 'PD_3,PD_4': inf}
  Computing metrics...
    RSI: {'PD_1,PD_2': 0.0, 'PD_1,PD_3': 0.0, 'PD_1,PD_4': 0.0, 'PD_2,PD_3': 0.0, 'PD_2,PD_4': 0.0, 'PD_3,PD_4': 1.0}, ASR: 1.25, TCB: {'PD_1': ['PD_3'], 'PD_2': ['PD_4'], 'PD_3': ['PD_4'], 'PD_4': ['PD_3']}, FR: {'PD_1,PD_2': 3, 'PD_1,PD_3': inf, 'PD_1,PD_4': 2, 'PD_2,PD_3': inf, 'PD_2,PD_4': 3, 'PD_3,PD_4': inf}
  Computing metrics...
    RSI: {'PD_1,PD_2': 0.0, 'PD_1,PD_3': 0.0, 'PD_1,PD_4': 0.0, 'PD_2,PD_3': 0.0, 'PD_2,PD_4': 0.0, 'PD_3,PD_4': 1.0}, ASR: 1.0, TCB: {'PD_1': ['PD_3'], 'PD_2': ['PD_4'], 'PD_3': ['PD_4'], 'PD_4': ['PD_3']}, FR: {'PD_1,PD_2': inf, 'PD_1,PD_3': inf, 'PD_1,PD_4': inf, 'PD_2,PD_3': inf, 'PD_2,PD_4': inf, 'PD_3,PD_4': inf}
  Computing metrics...
    RSI: {'PD_1,PD_2': 0.0, 'PD_1,PD_3': 0.0, 'PD_1,PD_4': 0.0, 'PD_2,PD_3': 0.0, 'PD_2,PD_4': 0.0, 'PD_3,PD_4': 1.0}, ASR: 1.0, TCB: {'PD_1': ['PD_3'], 'PD_2': ['PD_4'], 'PD_3': ['PD_4'], 'PD_4': ['PD_3']}, FR: {'PD_1,PD_2': inf, 'PD_1,PD_3': inf, 'PD_1,PD_4': inf, 'PD_2,PD_3': inf, 'PD_2,PD_4': inf, 'PD_3,PD_4': inf}
  Computing metrics...
    RSI: {'PD_1,PD_2': 0.0, 'PD_1,PD_3': 0.0, 'PD_1,PD_4': 0.0, 'PD_2,PD_3': 0.0, 'PD_2,PD_4': 0.0, 'PD_3,PD_4': 1.0}, ASR: 1.0, TCB: {'PD_1': ['PD_3'], 'PD_2': ['PD_4'], 'PD_3': ['PD_4'], 'PD_4': ['PD_3']}, FR: {'PD_1,PD_2': inf, 'PD_1,PD_3': inf, 'PD_1,PD_4': inf, 'PD_2,PD_3': inf, 'PD_2,PD_4': inf, 'PD_3,PD_4': inf}
  Computing metrics...
    RSI: {'PD_1,PD_2': 0.0, 'PD_1,PD_3': 0.0, 'PD_1,PD_4': 0.0, 'PD_2,PD_3': 0.0, 'PD_2,PD_4': 0.0, 'PD_3,PD_4': 1.0}, ASR: 1.0, TCB: {'PD_1': ['PD_3'], 'PD_2': ['PD_4'], 'PD_3': ['PD_4'], 'PD_4': ['PD_3']}, FR: {'PD_1,PD_2': inf, 'PD_1,PD_3': inf, 'PD_1,PD_4': inf, 'PD_2,PD_3': inf, 'PD_2,PD_4': inf, 'PD_3,PD_4': inf}
  Computing metrics...
    RSI: {'PD_1,PD_2': 0.0, 'PD_1,PD_3': 0.0, 'PD_1,PD_4': 0.0, 'PD_2,PD_3': 0.0, 'PD_2,PD_4': 0.0, 'PD_3,PD_4': 1.0}, ASR: 1.0, TCB: {'PD_1': ['PD_3'], 'PD_2': ['PD_4'], 'PD_3': ['PD_4'], 'PD_4': ['PD_3']}, FR: {'PD_1,PD_2': inf, 'PD_1,PD_3': inf, 'PD_1,PD_4': inf, 'PD_2,PD_3': inf, 'PD_2,PD_4': inf, 'PD_3,PD_4': inf}
  Computing metrics...
    RSI: {'PD_1,PD_2': 0.0, 'PD_1,PD_3': 0.0, 'PD_1,PD_4': 0.0, 'PD_2,PD_3': 0.0, 'PD_2,PD_4': 0.0, 'PD_3,PD_4': 1.0}, ASR: 1.0, TCB: {'PD_1': ['PD_3'], 'PD_2': ['PD_4'], 'PD_3': ['PD_4'], 'PD_4': ['PD_3']}, FR: {'PD_1,PD_2': inf, 'PD_1,PD_3': inf, 'PD_1,PD_4': inf, 'PD_2,PD_3': inf, 'PD_2,PD_4': inf, 'PD_3,PD_4': inf}
  Computing metrics...
    RSI: {'PD_1,PD_2': 0.0, 'PD_1,PD_3': 0.0, 'PD_1,PD_4': 0.0, 'PD_2,PD_3': 0.0, 'PD_2,PD_4': 0.0, 'PD_3,PD_4': 1.0}, ASR: 1.0, TCB: {'PD_1': ['PD_3'], 'PD_2': ['PD_4'], 'PD_3': ['PD_4'], 'PD_4': ['PD_3']}, FR: {'PD_1,PD_2': inf, 'PD_1,PD_3': inf, 'PD_1,PD_4': inf, 'PD_2,PD_3': inf, 'PD_2,PD_4': inf, 'PD_3,PD_4': inf}
  Computing metrics...
    RSI: {'PD_1,PD_2': 0.0, 'PD_1,PD_3': 0.0, 'PD_1,PD_4': 0.0, 'PD_2,PD_3': 0.0, 'PD_2,PD_4': 0.0, 'PD_3,PD_4': 1.0}, ASR: 1.0, TCB: {'PD_1': ['PD_3'], 'PD_2': ['PD_4'], 'PD_3': ['PD_4'], 'PD_4': ['PD_3']}, FR: {'PD_1,PD_2': inf, 'PD_1,PD_3': inf, 'PD_1,PD_4': inf, 'PD_2,PD_3': inf, 'PD_2,PD_4': inf, 'PD_3,PD_4': inf}
  Computing metrics...
    RSI: {'PD_1,PD_2': 0.0, 'PD_1,PD_3': 0.0, 'PD_1,PD_4': 0.0, 'PD_2,PD_3': 0.0, 'PD_2,PD_4': 0.0, 'PD_3,PD_4': 1.0}, ASR: 1.0, TCB: {'PD_1': ['PD_3'], 'PD_2': ['PD_4'], 'PD_3': ['PD_4'], 'PD_4': ['PD_3']}, FR: {'PD_1,PD_2': inf, 'PD_1,PD_3': inf, 'PD_1,PD_4': inf, 'PD_2,PD_3': inf, 'PD_2,PD_4': inf, 'PD_3,PD_4': inf}
  Computing metrics...
    RSI: {'PD_1,PD_2': 0.0, 'PD_1,PD_3': 0.0, 'PD_1,PD_4': 0.0, 'PD_2,PD_3': 0.0, 'PD_2,PD_4': 0.0, 'PD_3,PD_4': 1.0}, ASR: 1.0, TCB: {'PD_1': ['PD_3'], 'PD_2': ['PD_4'], 'PD_3': ['PD_4'], 'PD_4': ['PD_3']}, FR: {'PD_1,PD_2': inf, 'PD_1,PD_3': inf, 'PD_1,PD_4': inf, 'PD_2,PD_3': inf, 'PD_2,PD_4': inf, 'PD_3,PD_4': inf}
  Computing metrics...
    RSI: {'PD_1,PD_2': 0.0, 'PD_1,PD_3': 0.0, 'PD_1,PD_4': 0.0, 'PD_2,PD_3': 0.0, 'PD_2,PD_4': 0.0, 'PD_3,PD_4': 1.0}, ASR: 1.0, TCB: {'PD_1': ['PD_3'], 'PD_2': ['PD_4'], 'PD_3': ['PD_4'], 'PD_4': ['PD_3']}, FR: {'PD_1,PD_2': inf, 'PD_1,PD_3': inf, 'PD_1,PD_4': inf, 'PD_2,PD_3': inf, 'PD_2,PD_4': inf, 'PD_3,PD_4': inf}
  Computing metrics...
    RSI: {'PD_1,PD_2': 0.0, 'PD_1,PD_3': 0.0, 'PD_1,PD_4': 0.0, 'PD_2,PD_3': 0.0, 'PD_2,PD_4': 0.0, 'PD_3,PD_4': 1.0}, ASR: 1.0, TCB: {'PD_1': ['PD_3'], 'PD_2': ['PD_4'], 'PD_3': ['PD_4'], 'PD_4': ['PD_3']}, FR: {'PD_1,PD_2': inf, 'PD_1,PD_3': inf, 'PD_1,PD_4': inf, 'PD_2,PD_3': inf, 'PD_2,PD_4': inf, 'PD_3,PD_4': inf}
  Computing metrics...
    RSI: {'PD_1,PD_2': 0.0, 'PD_1,PD_3': 0.0, 'PD_1,PD_4': 0.0, 'PD_2,PD_3': 0.0, 'PD_2,PD_4': 0.0, 'PD_3,PD_4': 1.0}, ASR: 1.0, TCB: {'PD_1': ['PD_3'], 'PD_2': ['PD_4'], 'PD_3': ['PD_4'], 'PD_4': ['PD_3']}, FR: {'PD_1,PD_2': inf, 'PD_1,PD_3': inf, 'PD_1,PD_4': inf, 'PD_2,PD_3': inf, 'PD_2,PD_4': inf, 'PD_3,PD_4': inf}
  Computing metrics...
    RSI: {'PD_1,PD_2': 0.0, 'PD_1,PD_3': 0.0, 'PD_1,PD_4': 0.0, 'PD_2,PD_3': 0.0, 'PD_2,PD_4': 0.0, 'PD_3,PD_4': 1.0}, ASR: 1.0, TCB: {'PD_1': ['PD_3'], 'PD_2': ['PD_4'], 'PD_3': ['PD_4'], 'PD_4': ['PD_3']}, FR: {'PD_1,PD_2': inf, 'PD_1,PD_3': inf, 'PD_1,PD_4': inf, 'PD_2,PD_3': inf, 'PD_2,PD_4': inf, 'PD_3,PD_4': inf}
  Computing metrics...
    RSI: {'PD_1,PD_2': 0.0, 'PD_1,PD_3': 0.0, 'PD_1,PD_4': 0.0, 'PD_2,PD_3': 0.0, 'PD_2,PD_4': 0.0, 'PD_3,PD_4': 1.0}, ASR: 1.0, TCB: {'PD_1': ['PD_3'], 'PD_2': ['PD_4'], 'PD_3': ['PD_4'], 'PD_4': ['PD_3']}, FR: {'PD_1,PD_2': inf, 'PD_1,PD_3': inf, 'PD_1,PD_4': inf, 'PD_2,PD_3': inf, 'PD_2,PD_4': inf, 'PD_3,PD_4': inf}
  Computing metrics...
    RSI: {'PD_1,PD_2': 0.0, 'PD_1,PD_3': 0.0, 'PD_1,PD_4': 0.0, 'PD_2,PD_3': 0.0, 'PD_2,PD_4': 0.0, 'PD_3,PD_4': 1.0}, ASR: 1.0, TCB: {'PD_1': ['PD_3'], 'PD_2': ['PD_4'], 'PD_3': ['PD_4'], 'PD_4': ['PD_3']}, FR: {'PD_1,PD_2': inf, 'PD_1,PD_3': inf, 'PD_1,PD_4': inf, 'PD_2,PD_3': inf, 'PD_2,PD_4': inf, 'PD_3,PD_4': inf}
  Computing metrics...
    RSI: {'PD_1,PD_2': 0.0, 'PD_1,PD_3': 0.0, 'PD_1,PD_4': 0.0, 'PD_2,PD_3': 0.0, 'PD_2,PD_4': 0.0, 'PD_3,PD_4': 1.0}, ASR: 1.0, TCB: {'PD_1': ['PD_3'], 'PD_2': ['PD_4'], 'PD_3': ['PD_4'], 'PD_4': ['PD_3']}, FR: {'PD_1,PD_2': inf, 'PD_1,PD_3': inf, 'PD_1,PD_4': inf, 'PD_2,PD_3': inf, 'PD_2,PD_4': inf, 'PD_3,PD_4': inf}
  Computing metrics...
    RSI: {'PD_1,PD_2': 0.0, 'PD_1,PD_3': 0.0, 'PD_1,PD_4': 0.0, 'PD_2,PD_3': 0.0, 'PD_2,PD_4': 0.0, 'PD_3,PD_4': 1.0}, ASR: 1.0, TCB: {'PD_1': ['PD_3'], 'PD_2': ['PD_4'], 'PD_3': ['PD_4'], 'PD_4': ['PD_3']}, FR: {'PD_1,PD_2': inf, 'PD_1,PD_3': inf, 'PD_1,PD_4': inf, 'PD_2,PD_3': inf, 'PD_2,PD_4': inf, 'PD_3,PD_4': inf}
  🚫 Filtered out 0 'add_file_resource(create new DATABASE file in FILE_SPACE_1)' candidates (avoiding repetition)
  Trying best transition: primitive
    Target: add new protection domain to help resolve 2 constraint violation(s)
    Predicted improvement: 0.100
    Considered 60 other option(s):
      1. primitive: create new CONFIG file in FILE_SPACE_1 (improvement: 0.700)
      2. primitive: create new DATABASE file in FILE_SPACE_1 (improvement: 0.700)
      3. primitive: create new TEMP file in FILE_SPACE_1 (improvement: 0.700)
      4. primitive: create new LOG file in FILE_SPACE_1 (improvement: 0.700)
      5. primitive: add authority relationship: PD_1 -> PD_2 (improvement: 0.250)
      6. primitive: enable indirect access: PD_1 -> PD_4 (improvement: 0.250)
      7. primitive: add authority relationship: PD_2 -> PD_1 (improvement: 0.250)
      8. primitive: enable indirect access: PD_2 -> PD_3 (improvement: 0.250)
      9. primitive: add authority relationship: PD_3 -> PD_1 (improvement: 0.250)
      10. primitive: add authority relationship: PD_3 -> PD_2 (improvement: 0.250)
      ... and 50 more
    ✅ Applied add_pd
  📋 Generated 61 candidate(s)
  Computing metrics...
    RSI: {'PD_1,PD_2': 0.0, 'PD_1,PD_3': 0.0, 'PD_1,PD_4': 0.0, 'PD_2,PD_3': 0.0, 'PD_2,PD_4': 0.0, 'PD_3,PD_4': 1.0}, ASR: 1.0, TCB: {'PD_1': ['PD_3'], 'PD_2': ['PD_4'], 'PD_3': ['PD_4'], 'PD_4': ['PD_3']}, FR: {'PD_1,PD_2': inf, 'PD_1,PD_3': inf, 'PD_1,PD_4': inf, 'PD_2,PD_3': inf, 'PD_2,PD_4': inf, 'PD_3,PD_4': inf}
    ✅ Added candidate: add_file_resource (score: 0.700)
  Computing metrics...
    RSI: {'PD_1,PD_2': 0.0, 'PD_1,PD_3': 0.0, 'PD_1,PD_4': 0.0, 'PD_2,PD_3': 0.0, 'PD_2,PD_4': 0.0, 'PD_3,PD_4': 1.0}, ASR: 1.0, TCB: {'PD_1': ['PD_3'], 'PD_2': ['PD_4'], 'PD_3': ['PD_4'], 'PD_4': ['PD_3']}, FR: {'PD_1,PD_2': inf, 'PD_1,PD_3': inf, 'PD_1,PD_4': inf, 'PD_2,PD_3': inf, 'PD_2,PD_4': inf, 'PD_3,PD_4': inf}
    ✅ Added candidate: add_file_resource (score: 0.700)

🌟 Expanding Beam[2] (score: 0.700)
  ⚠️  Constraints violated: PD_1 lacks access to any files; PD_2 lacks access to any files
  Computing metrics...
    RSI: {'PD_1,PD_2': 0.0, 'PD_1,PD_3': 0.0, 'PD_1,PD_4': 0.0, 'PD_2,PD_3': 0.0, 'PD_2,PD_4': 0.0, 'PD_3,PD_4': 1.0}, ASR: 1.0, TCB: {'PD_1': ['PD_3'], 'PD_2': ['PD_4'], 'PD_3': ['PD_4'], 'PD_4': ['PD_3']}, FR: {'PD_1,PD_2': inf, 'PD_1,PD_3': inf, 'PD_1,PD_4': inf, 'PD_2,PD_3': inf, 'PD_2,PD_4': inf, 'PD_3,PD_4': inf}
  Computing metrics...
    RSI: {'PD_1,PD_2': 0.0, 'PD_1,PD_3': 0.0, 'PD_1,PD_4': 0.0, 'PD_1,PD_5': 0.0, 'PD_2,PD_3': 0.0, 'PD_2,PD_4': 0.0, 'PD_2,PD_5': 0.0, 'PD_3,PD_4': 1.0, 'PD_3,PD_5': 0.0, 'PD_4,PD_5': 0.0}, ASR: 0.8, TCB: {'PD_1': ['PD_3'], 'PD_2': ['PD_4'], 'PD_3': ['PD_4'], 'PD_4': ['PD_3'], 'PD_5': []}, FR: {'PD_1,PD_2': inf, 'PD_1,PD_3': inf, 'PD_1,PD_4': inf, 'PD_1,PD_5': inf, 'PD_2,PD_3': inf, 'PD_2,PD_4': inf, 'PD_2,PD_5': inf, 'PD_3,PD_4': inf, 'PD_3,PD_5': inf, 'PD_4,PD_5': inf}
  Computing metrics...
    RSI: {'PD_1,PD_2': 0.0, 'PD_1,PD_3': 0.0, 'PD_1,PD_4': 0.0, 'PD_2,PD_3': 0.0, 'PD_2,PD_4': 0.0, 'PD_3,PD_4': 1.0}, ASR: 1.0, TCB: {'PD_1': ['PD_3'], 'PD_2': ['PD_4'], 'PD_3': ['PD_4'], 'PD_4': ['PD_3']}, FR: {'PD_1,PD_2': inf, 'PD_1,PD_3': inf, 'PD_1,PD_4': inf, 'PD_2,PD_3': inf, 'PD_2,PD_4': inf, 'PD_3,PD_4': inf}
  Computing metrics...
    RSI: {'PD_1,PD_2': 0.0, 'PD_1,PD_3': 0.0, 'PD_1,PD_4': 0.0, 'PD_2,PD_3': 0.0, 'PD_2,PD_4': 0.0, 'PD_3,PD_4': 1.0}, ASR: 1.0, TCB: {'PD_1': ['PD_3'], 'PD_2': ['PD_4'], 'PD_3': ['PD_4'], 'PD_4': ['PD_3']}, FR: {'PD_1,PD_2': inf, 'PD_1,PD_3': inf, 'PD_1,PD_4': inf, 'PD_2,PD_3': inf, 'PD_2,PD_4': inf, 'PD_3,PD_4': inf}
  Computing metrics...
    RSI: {'PD_1,PD_2': 0.0, 'PD_1,PD_3': 0.0, 'PD_1,PD_4': 0.0, 'PD_2,PD_3': 0.0, 'PD_2,PD_4': 0.0, 'PD_3,PD_4': 1.0}, ASR: 1.0, TCB: {'PD_1': ['PD_3'], 'PD_2': ['PD_4'], 'PD_3': ['PD_4'], 'PD_4': ['PD_3']}, FR: {'PD_1,PD_2': inf, 'PD_1,PD_3': inf, 'PD_1,PD_4': inf, 'PD_2,PD_3': inf, 'PD_2,PD_4': inf, 'PD_3,PD_4': inf}
  Computing metrics...
    RSI: {'PD_1,PD_2': 0.0, 'PD_1,PD_3': 0.0, 'PD_1,PD_4': 0.0, 'PD_2,PD_3': 0.0, 'PD_2,PD_4': 0.0, 'PD_3,PD_4': 1.0}, ASR: 1.0, TCB: {'PD_1': ['PD_3'], 'PD_2': ['PD_4'], 'PD_3': ['PD_4'], 'PD_4': ['PD_3']}, FR: {'PD_1,PD_2': inf, 'PD_1,PD_3': inf, 'PD_1,PD_4': inf, 'PD_2,PD_3': inf, 'PD_2,PD_4': inf, 'PD_3,PD_4': inf}
  Computing metrics...
    RSI: {'PD_1,PD_2': 0.0, 'PD_1,PD_3': 0.0, 'PD_1,PD_4': 0.0, 'PD_2,PD_3': 0.0, 'PD_2,PD_4': 0.0, 'PD_3,PD_4': 1.0}, ASR: 1.0, TCB: {'PD_1': ['PD_3'], 'PD_2': ['PD_4'], 'PD_3': ['PD_4'], 'PD_4': ['PD_3']}, FR: {'PD_1,PD_2': inf, 'PD_1,PD_3': inf, 'PD_1,PD_4': inf, 'PD_2,PD_3': inf, 'PD_2,PD_4': inf, 'PD_3,PD_4': inf}
  Computing metrics...
    RSI: {'PD_1,PD_2': 0.0, 'PD_1,PD_3': 0.0, 'PD_1,PD_4': 0.0, 'PD_2,PD_3': 0.0, 'PD_2,PD_4': 0.0, 'PD_3,PD_4': 1.0}, ASR: 1.0, TCB: {'PD_1': ['PD_3'], 'PD_2': ['PD_4'], 'PD_3': ['PD_4'], 'PD_4': ['PD_3']}, FR: {'PD_1,PD_2': inf, 'PD_1,PD_3': inf, 'PD_1,PD_4': inf, 'PD_2,PD_3': inf, 'PD_2,PD_4': inf, 'PD_3,PD_4': inf}
  Computing metrics...
    RSI: {'PD_1,PD_2': 0.0, 'PD_1,PD_3': 0.0, 'PD_1,PD_4': 0.0, 'PD_2,PD_3': 0.0, 'PD_2,PD_4': 0.0, 'PD_3,PD_4': 1.0}, ASR: 1.0, TCB: {'PD_1': ['PD_3'], 'PD_2': ['PD_4'], 'PD_3': ['PD_4'], 'PD_4': ['PD_3']}, FR: {'PD_1,PD_2': inf, 'PD_1,PD_3': inf, 'PD_1,PD_4': inf, 'PD_2,PD_3': inf, 'PD_2,PD_4': inf, 'PD_3,PD_4': inf}
  Computing metrics...
    RSI: {'PD_1,PD_2': 0.0, 'PD_1,PD_3': 0.0, 'PD_1,PD_4': 0.0, 'PD_2,PD_3': 0.0, 'PD_2,PD_4': 0.0, 'PD_3,PD_4': 1.0}, ASR: 1.0, TCB: {'PD_1': ['PD_3'], 'PD_2': ['PD_4'], 'PD_3': ['PD_4'], 'PD_4': ['PD_3']}, FR: {'PD_1,PD_2': inf, 'PD_1,PD_3': inf, 'PD_1,PD_4': inf, 'PD_2,PD_3': inf, 'PD_2,PD_4': inf, 'PD_3,PD_4': inf}
  Computing metrics...
    RSI: {'PD_1,PD_2': 0.0, 'PD_1,PD_3': 0.0, 'PD_1,PD_4': 0.0, 'PD_2,PD_3': 0.0, 'PD_2,PD_4': 0.0, 'PD_3,PD_4': 1.0}, ASR: 1.0, TCB: {'PD_1': ['PD_3'], 'PD_2': ['PD_4'], 'PD_3': ['PD_4'], 'PD_4': ['PD_3']}, FR: {'PD_1,PD_2': inf, 'PD_1,PD_3': inf, 'PD_1,PD_4': inf, 'PD_2,PD_3': inf, 'PD_2,PD_4': inf, 'PD_3,PD_4': inf}
  Computing metrics...
    RSI: {'PD_1,PD_2': 0.0, 'PD_1,PD_3': 0.0, 'PD_1,PD_4': 0.0, 'PD_2,PD_3': 0.0, 'PD_2,PD_4': 0.0, 'PD_3,PD_4': 1.0}, ASR: 1.0, TCB: {'PD_1': ['PD_3'], 'PD_2': ['PD_4'], 'PD_3': ['PD_4'], 'PD_4': ['PD_3']}, FR: {'PD_1,PD_2': inf, 'PD_1,PD_3': inf, 'PD_1,PD_4': inf, 'PD_2,PD_3': inf, 'PD_2,PD_4': inf, 'PD_3,PD_4': inf}
  Computing metrics...
    RSI: {'PD_1,PD_2': 0.0, 'PD_1,PD_3': 0.0, 'PD_1,PD_4': 0.0, 'PD_2,PD_3': 0.0, 'PD_2,PD_4': 0.0, 'PD_3,PD_4': 1.0}, ASR: 1.0, TCB: {'PD_1': ['PD_3'], 'PD_2': ['PD_4'], 'PD_3': ['PD_4'], 'PD_4': ['PD_3']}, FR: {'PD_1,PD_2': inf, 'PD_1,PD_3': inf, 'PD_1,PD_4': inf, 'PD_2,PD_3': inf, 'PD_2,PD_4': inf, 'PD_3,PD_4': inf}
  Computing metrics...
    RSI: {'PD_1,PD_2': 0.0, 'PD_1,PD_3': 0.0, 'PD_1,PD_4': 0.0, 'PD_2,PD_3': 0.0, 'PD_2,PD_4': 0.0, 'PD_3,PD_4': 1.0}, ASR: 1.0, TCB: {'PD_1': ['PD_3'], 'PD_2': ['PD_4'], 'PD_3': ['PD_4'], 'PD_4': ['PD_3']}, FR: {'PD_1,PD_2': inf, 'PD_1,PD_3': inf, 'PD_1,PD_4': inf, 'PD_2,PD_3': inf, 'PD_2,PD_4': inf, 'PD_3,PD_4': inf}
  Computing metrics...
    RSI: {'PD_1,PD_2': 0.0, 'PD_1,PD_3': 0.0, 'PD_1,PD_4': 0.0, 'PD_2,PD_3': 0.0, 'PD_2,PD_4': 0.0, 'PD_3,PD_4': 1.0}, ASR: 1.0, TCB: {'PD_1': ['PD_3'], 'PD_2': ['PD_4'], 'PD_3': ['PD_4'], 'PD_4': ['PD_3']}, FR: {'PD_1,PD_2': inf, 'PD_1,PD_3': inf, 'PD_1,PD_4': inf, 'PD_2,PD_3': inf, 'PD_2,PD_4': inf, 'PD_3,PD_4': inf}
  Computing metrics...
    RSI: {'PD_1,PD_2': 0.0, 'PD_1,PD_3': 0.0, 'PD_1,PD_4': 0.0, 'PD_2,PD_3': 0.0, 'PD_2,PD_4': 0.0, 'PD_3,PD_4': 1.0}, ASR: 1.0, TCB: {'PD_1': ['PD_3'], 'PD_2': ['PD_4'], 'PD_3': ['PD_4'], 'PD_4': ['PD_3']}, FR: {'PD_1,PD_2': inf, 'PD_1,PD_3': inf, 'PD_1,PD_4': inf, 'PD_2,PD_3': inf, 'PD_2,PD_4': inf, 'PD_3,PD_4': inf}
  Computing metrics...
    RSI: {'PD_1,PD_2': 0.0, 'PD_1,PD_3': 0.0, 'PD_1,PD_4': 0.0, 'PD_2,PD_3': 0.0, 'PD_2,PD_4': 0.0, 'PD_3,PD_4': 1.0}, ASR: 1.0, TCB: {'PD_1': ['PD_3'], 'PD_2': ['PD_4'], 'PD_3': ['PD_4'], 'PD_4': ['PD_3']}, FR: {'PD_1,PD_2': inf, 'PD_1,PD_3': inf, 'PD_1,PD_4': inf, 'PD_2,PD_3': inf, 'PD_2,PD_4': inf, 'PD_3,PD_4': inf}
  Computing metrics...
    RSI: {'PD_1,PD_2': 0.0, 'PD_1,PD_3': 0.0, 'PD_1,PD_4': 0.0, 'PD_2,PD_3': 0.0, 'PD_2,PD_4': 0.0, 'PD_3,PD_4': 1.0}, ASR: 1.0, TCB: {'PD_1': ['PD_3'], 'PD_2': ['PD_4'], 'PD_3': ['PD_4'], 'PD_4': ['PD_3']}, FR: {'PD_1,PD_2': inf, 'PD_1,PD_3': inf, 'PD_1,PD_4': inf, 'PD_2,PD_3': inf, 'PD_2,PD_4': inf, 'PD_3,PD_4': inf}
  Computing metrics...
    RSI: {'PD_1,PD_2': 0.0, 'PD_1,PD_3': 0.0, 'PD_1,PD_4': 0.0, 'PD_2,PD_3': 0.0, 'PD_2,PD_4': 0.0, 'PD_3,PD_4': 1.0}, ASR: 1.0, TCB: {'PD_1': ['PD_3'], 'PD_2': ['PD_4'], 'PD_3': ['PD_4'], 'PD_4': ['PD_3']}, FR: {'PD_1,PD_2': inf, 'PD_1,PD_3': inf, 'PD_1,PD_4': inf, 'PD_2,PD_3': inf, 'PD_2,PD_4': inf, 'PD_3,PD_4': inf}
  Computing metrics...
    RSI: {'PD_1,PD_2': 0.0, 'PD_1,PD_3': 0.0, 'PD_1,PD_4': 0.0, 'PD_2,PD_3': 0.0, 'PD_2,PD_4': 0.0, 'PD_3,PD_4': 1.0}, ASR: 1.0, TCB: {'PD_1': ['PD_3'], 'PD_2': ['PD_4'], 'PD_3': ['PD_4'], 'PD_4': ['PD_3']}, FR: {'PD_1,PD_2': inf, 'PD_1,PD_3': inf, 'PD_1,PD_4': inf, 'PD_2,PD_3': inf, 'PD_2,PD_4': inf, 'PD_3,PD_4': inf}
  Computing metrics...
    RSI: {'PD_1,PD_2': 0.0, 'PD_1,PD_3': 0.0, 'PD_1,PD_4': 0.0, 'PD_2,PD_3': 0.0, 'PD_2,PD_4': 0.0, 'PD_3,PD_4': 1.0}, ASR: 1.0, TCB: {'PD_1': ['PD_3'], 'PD_2': ['PD_4'], 'PD_3': ['PD_4'], 'PD_4': ['PD_3']}, FR: {'PD_1,PD_2': inf, 'PD_1,PD_3': inf, 'PD_1,PD_4': inf, 'PD_2,PD_3': inf, 'PD_2,PD_4': inf, 'PD_3,PD_4': inf}
  Computing metrics...
    RSI: {'PD_1,PD_2': 0.0, 'PD_1,PD_3': 0.0, 'PD_1,PD_4': 0.0, 'PD_2,PD_3': 0.0, 'PD_2,PD_4': 0.0, 'PD_3,PD_4': 1.0}, ASR: 1.0, TCB: {'PD_1': ['PD_3'], 'PD_2': ['PD_4'], 'PD_3': ['PD_4'], 'PD_4': ['PD_3']}, FR: {'PD_1,PD_2': inf, 'PD_1,PD_3': inf, 'PD_1,PD_4': inf, 'PD_2,PD_3': inf, 'PD_2,PD_4': inf, 'PD_3,PD_4': inf}
  Computing metrics...
    RSI: {'PD_1,PD_2': 0.0, 'PD_1,PD_3': 0.0, 'PD_1,PD_4': 0.0, 'PD_2,PD_3': 0.0, 'PD_2,PD_4': 0.0, 'PD_3,PD_4': 1.0}, ASR: 1.0, TCB: {'PD_1': ['PD_3'], 'PD_2': ['PD_4'], 'PD_3': ['PD_4'], 'PD_4': ['PD_3']}, FR: {'PD_1,PD_2': inf, 'PD_1,PD_3': inf, 'PD_1,PD_4': inf, 'PD_2,PD_3': inf, 'PD_2,PD_4': inf, 'PD_3,PD_4': inf}
  Computing metrics...
    RSI: {'PD_1,PD_2': 0.0, 'PD_1,PD_3': 0.0, 'PD_1,PD_4': 0.0, 'PD_2,PD_3': 0.0, 'PD_2,PD_4': 0.0, 'PD_3,PD_4': 1.0}, ASR: 1.0, TCB: {'PD_1': ['PD_3'], 'PD_2': ['PD_4'], 'PD_3': ['PD_4'], 'PD_4': ['PD_3']}, FR: {'PD_1,PD_2': inf, 'PD_1,PD_3': inf, 'PD_1,PD_4': inf, 'PD_2,PD_3': inf, 'PD_2,PD_4': inf, 'PD_3,PD_4': inf}
  Computing metrics...
    RSI: {'PD_1,PD_2': 0.0, 'PD_1,PD_3': 0.0, 'PD_1,PD_4': 0.0, 'PD_2,PD_3': 0.0, 'PD_2,PD_4': 0.0, 'PD_3,PD_4': 1.0}, ASR: 1.0, TCB: {'PD_1': ['PD_3'], 'PD_2': ['PD_4'], 'PD_3': ['PD_4'], 'PD_4': ['PD_3']}, FR: {'PD_1,PD_2': inf, 'PD_1,PD_3': inf, 'PD_1,PD_4': inf, 'PD_2,PD_3': inf, 'PD_2,PD_4': inf, 'PD_3,PD_4': inf}
  Computing metrics...
    RSI: {'PD_1,PD_2': 0.0, 'PD_1,PD_3': 0.0, 'PD_1,PD_4': 0.0, 'PD_2,PD_3': 0.0, 'PD_2,PD_4': 0.0, 'PD_3,PD_4': 1.0}, ASR: 1.0, TCB: {'PD_1': ['PD_3'], 'PD_2': ['PD_4'], 'PD_3': ['PD_4'], 'PD_4': ['PD_3']}, FR: {'PD_1,PD_2': inf, 'PD_1,PD_3': inf, 'PD_1,PD_4': inf, 'PD_2,PD_3': inf, 'PD_2,PD_4': inf, 'PD_3,PD_4': inf}
  Computing metrics...
    RSI: {'PD_1,PD_2': 0.0, 'PD_1,PD_3': 0.0, 'PD_1,PD_4': 0.0, 'PD_2,PD_3': 0.0, 'PD_2,PD_4': 0.0, 'PD_3,PD_4': 1.0}, ASR: 1.0, TCB: {'PD_1': ['PD_3'], 'PD_2': ['PD_4'], 'PD_3': ['PD_4'], 'PD_4': ['PD_3']}, FR: {'PD_1,PD_2': inf, 'PD_1,PD_3': inf, 'PD_1,PD_4': inf, 'PD_2,PD_3': inf, 'PD_2,PD_4': inf, 'PD_3,PD_4': inf}
  Computing metrics...
    RSI: {'PD_1,PD_2': 0.0, 'PD_1,PD_3': 0.0, 'PD_1,PD_4': 0.0, 'PD_2,PD_3': 0.0, 'PD_2,PD_4': 0.0, 'PD_3,PD_4': 1.0}, ASR: 1.0, TCB: {'PD_1': ['PD_3'], 'PD_2': ['PD_4'], 'PD_3': ['PD_4'], 'PD_4': ['PD_3']}, FR: {'PD_1,PD_2': inf, 'PD_1,PD_3': inf, 'PD_1,PD_4': inf, 'PD_2,PD_3': inf, 'PD_2,PD_4': inf, 'PD_3,PD_4': inf}
  Computing metrics...
    RSI: {'PD_1,PD_2': 0.0, 'PD_1,PD_3': 0.0, 'PD_1,PD_4': 0.0, 'PD_2,PD_3': 0.0, 'PD_2,PD_4': 0.0, 'PD_3,PD_4': 1.0}, ASR: 1.0, TCB: {'PD_1': ['PD_3'], 'PD_2': ['PD_4'], 'PD_3': ['PD_4'], 'PD_4': ['PD_3']}, FR: {'PD_1,PD_2': inf, 'PD_1,PD_3': inf, 'PD_1,PD_4': inf, 'PD_2,PD_3': inf, 'PD_2,PD_4': inf, 'PD_3,PD_4': inf}
  Computing metrics...
    RSI: {'PD_1,PD_2': 0.0, 'PD_1,PD_3': 1.0, 'PD_1,PD_4': 1.0, 'PD_2,PD_3': 0.0, 'PD_2,PD_4': 0.0, 'PD_3,PD_4': 1.0}, ASR: 1.25, TCB: {'PD_1': ['PD_3', 'PD_4'], 'PD_2': ['PD_4'], 'PD_3': ['PD_1', 'PD_4'], 'PD_4': ['PD_1', 'PD_3']}, FR: {'PD_1,PD_2': inf, 'PD_1,PD_3': inf, 'PD_1,PD_4': inf, 'PD_2,PD_3': inf, 'PD_2,PD_4': inf, 'PD_3,PD_4': inf}
  Computing metrics...
    RSI: {'PD_1,PD_2': 0.0, 'PD_1,PD_3': 0.0, 'PD_1,PD_4': 0.0, 'PD_2,PD_3': 0.0, 'PD_2,PD_4': 0.0, 'PD_3,PD_4': 1.0}, ASR: 1.0, TCB: {'PD_1': ['PD_3'], 'PD_2': ['PD_4'], 'PD_3': ['PD_4'], 'PD_4': ['PD_3']}, FR: {'PD_1,PD_2': inf, 'PD_1,PD_3': inf, 'PD_1,PD_4': inf, 'PD_2,PD_3': inf, 'PD_2,PD_4': inf, 'PD_3,PD_4': inf}
  Computing metrics...
    RSI: {'PD_1,PD_2': 0.0, 'PD_1,PD_3': 0.0, 'PD_1,PD_4': 0.0, 'PD_2,PD_3': 0.0, 'PD_2,PD_4': 0.0, 'PD_3,PD_4': 1.0}, ASR: 1.25, TCB: {'PD_1': ['PD_3'], 'PD_2': ['PD_4'], 'PD_3': ['PD_4'], 'PD_4': ['PD_3']}, FR: {'PD_1,PD_2': inf, 'PD_1,PD_3': inf, 'PD_1,PD_4': inf, 'PD_2,PD_3': inf, 'PD_2,PD_4': inf, 'PD_3,PD_4': inf}
  Computing metrics...
    RSI: {'PD_1,PD_2': 0.0, 'PD_1,PD_3': 0.0, 'PD_1,PD_4': 0.0, 'PD_2,PD_3': 0.0, 'PD_2,PD_4': 0.0, 'PD_3,PD_4': 1.0}, ASR: 1.0, TCB: {'PD_1': ['PD_3'], 'PD_2': ['PD_4'], 'PD_3': ['PD_4'], 'PD_4': ['PD_3']}, FR: {'PD_1,PD_2': inf, 'PD_1,PD_3': inf, 'PD_1,PD_4': inf, 'PD_2,PD_3': inf, 'PD_2,PD_4': inf, 'PD_3,PD_4': inf}
  Computing metrics...
    RSI: {'PD_1,PD_2': 0.0, 'PD_1,PD_3': 0.0, 'PD_1,PD_4': 0.0, 'PD_2,PD_3': 0.0, 'PD_2,PD_4': 0.0, 'PD_3,PD_4': 1.0}, ASR: 1.25, TCB: {'PD_1': ['PD_3'], 'PD_2': ['PD_4'], 'PD_3': ['PD_4'], 'PD_4': ['PD_3']}, FR: {'PD_1,PD_2': inf, 'PD_1,PD_3': inf, 'PD_1,PD_4': inf, 'PD_2,PD_3': inf, 'PD_2,PD_4': inf, 'PD_3,PD_4': inf}
  Computing metrics...
    RSI: {'PD_1,PD_2': 0.0, 'PD_1,PD_3': 0.0, 'PD_1,PD_4': 0.0, 'PD_2,PD_3': 0.0, 'PD_2,PD_4': 0.0, 'PD_3,PD_4': 1.0}, ASR: 1.0, TCB: {'PD_1': ['PD_3'], 'PD_2': ['PD_4'], 'PD_3': ['PD_4'], 'PD_4': ['PD_3']}, FR: {'PD_1,PD_2': inf, 'PD_1,PD_3': inf, 'PD_1,PD_4': inf, 'PD_2,PD_3': inf, 'PD_2,PD_4': inf, 'PD_3,PD_4': inf}
  Computing metrics...
    RSI: {'PD_1,PD_2': 0.0, 'PD_1,PD_3': 0.0, 'PD_1,PD_4': 0.0, 'PD_2,PD_3': 0.0, 'PD_2,PD_4': 0.0, 'PD_3,PD_4': 1.0}, ASR: 1.25, TCB: {'PD_1': ['PD_3'], 'PD_2': ['PD_4'], 'PD_3': ['PD_4'], 'PD_4': ['PD_3']}, FR: {'PD_1,PD_2': inf, 'PD_1,PD_3': inf, 'PD_1,PD_4': inf, 'PD_2,PD_3': inf, 'PD_2,PD_4': inf, 'PD_3,PD_4': inf}
  Computing metrics...
    RSI: {'PD_1,PD_2': 0.0, 'PD_1,PD_3': 0.0, 'PD_1,PD_4': 0.0, 'PD_2,PD_3': 0.0, 'PD_2,PD_4': 0.0, 'PD_3,PD_4': 1.0}, ASR: 1.0, TCB: {'PD_1': ['PD_3'], 'PD_2': ['PD_4'], 'PD_3': ['PD_4'], 'PD_4': ['PD_3']}, FR: {'PD_1,PD_2': inf, 'PD_1,PD_3': inf, 'PD_1,PD_4': inf, 'PD_2,PD_3': inf, 'PD_2,PD_4': inf, 'PD_3,PD_4': inf}
  Computing metrics...
    RSI: {'PD_1,PD_2': 0.0, 'PD_1,PD_3': 0.0, 'PD_1,PD_4': 0.0, 'PD_2,PD_3': 0.0, 'PD_2,PD_4': 0.0, 'PD_3,PD_4': 1.0}, ASR: 1.25, TCB: {'PD_1': ['PD_3'], 'PD_2': ['PD_4'], 'PD_3': ['PD_4'], 'PD_4': ['PD_3']}, FR: {'PD_1,PD_2': inf, 'PD_1,PD_3': inf, 'PD_1,PD_4': inf, 'PD_2,PD_3': inf, 'PD_2,PD_4': inf, 'PD_3,PD_4': inf}
  Computing metrics...
    RSI: {'PD_1,PD_2': 0.0, 'PD_1,PD_3': 0.0, 'PD_1,PD_4': 0.0, 'PD_2,PD_3': 0.0, 'PD_2,PD_4': 0.0, 'PD_3,PD_4': 1.0}, ASR: 1.0, TCB: {'PD_1': ['PD_3'], 'PD_2': ['PD_4'], 'PD_3': ['PD_4'], 'PD_4': ['PD_3']}, FR: {'PD_1,PD_2': inf, 'PD_1,PD_3': inf, 'PD_1,PD_4': inf, 'PD_2,PD_3': inf, 'PD_2,PD_4': inf, 'PD_3,PD_4': inf}
  Computing metrics...
    RSI: {'PD_1,PD_2': 0.0, 'PD_1,PD_3': 0.0, 'PD_1,PD_4': 0.0, 'PD_2,PD_3': 0.0, 'PD_2,PD_4': 0.0, 'PD_3,PD_4': 1.0}, ASR: 1.25, TCB: {'PD_1': ['PD_3'], 'PD_2': ['PD_4'], 'PD_3': ['PD_4'], 'PD_4': ['PD_3']}, FR: {'PD_1,PD_2': inf, 'PD_1,PD_3': inf, 'PD_1,PD_4': inf, 'PD_2,PD_3': inf, 'PD_2,PD_4': inf, 'PD_3,PD_4': inf}
  Computing metrics...
    RSI: {'PD_1,PD_2': 0.0, 'PD_1,PD_3': 0.0, 'PD_1,PD_4': 0.0, 'PD_2,PD_3': 0.0, 'PD_2,PD_4': 0.0, 'PD_3,PD_4': 1.0}, ASR: 1.0, TCB: {'PD_1': ['PD_3'], 'PD_2': ['PD_4'], 'PD_3': ['PD_4'], 'PD_4': ['PD_3']}, FR: {'PD_1,PD_2': inf, 'PD_1,PD_3': inf, 'PD_1,PD_4': inf, 'PD_2,PD_3': inf, 'PD_2,PD_4': inf, 'PD_3,PD_4': inf}
  Computing metrics...
    RSI: {'PD_1,PD_2': 0.0, 'PD_1,PD_3': 0.0, 'PD_1,PD_4': 0.0, 'PD_2,PD_3': 0.0, 'PD_2,PD_4': 0.0, 'PD_3,PD_4': 1.0}, ASR: 1.25, TCB: {'PD_1': ['PD_3'], 'PD_2': ['PD_4'], 'PD_3': ['PD_4'], 'PD_4': ['PD_3']}, FR: {'PD_1,PD_2': inf, 'PD_1,PD_3': inf, 'PD_1,PD_4': inf, 'PD_2,PD_3': inf, 'PD_2,PD_4': inf, 'PD_3,PD_4': inf}
  Computing metrics...
    RSI: {'PD_1,PD_2': 0.0, 'PD_1,PD_3': 0.0, 'PD_1,PD_4': 0.0, 'PD_2,PD_3': 0.0, 'PD_2,PD_4': 0.0, 'PD_3,PD_4': 1.0}, ASR: 1.0, TCB: {'PD_1': ['PD_3'], 'PD_2': ['PD_4'], 'PD_3': ['PD_4'], 'PD_4': ['PD_3']}, FR: {'PD_1,PD_2': inf, 'PD_1,PD_3': inf, 'PD_1,PD_4': inf, 'PD_2,PD_3': inf, 'PD_2,PD_4': inf, 'PD_3,PD_4': inf}
  Computing metrics...
    RSI: {'PD_1,PD_2': 0.0, 'PD_1,PD_3': 0.0, 'PD_1,PD_4': 0.0, 'PD_2,PD_3': 1.0, 'PD_2,PD_4': 1.0, 'PD_3,PD_4': 1.0}, ASR: 1.25, TCB: {'PD_1': ['PD_3'], 'PD_2': ['PD_4', 'PD_3'], 'PD_3': ['PD_2', 'PD_4'], 'PD_4': ['PD_2', 'PD_3']}, FR: {'PD_1,PD_2': inf, 'PD_1,PD_3': inf, 'PD_1,PD_4': inf, 'PD_2,PD_3': inf, 'PD_2,PD_4': inf, 'PD_3,PD_4': inf}
  Computing metrics...
    RSI: {'PD_1,PD_2': 0.0, 'PD_1,PD_3': 0.0, 'PD_1,PD_4': 0.0, 'PD_2,PD_3': 0.0, 'PD_2,PD_4': 0.0, 'PD_3,PD_4': 1.0}, ASR: 1.0, TCB: {'PD_1': ['PD_3'], 'PD_2': ['PD_4'], 'PD_3': ['PD_4'], 'PD_4': ['PD_3']}, FR: {'PD_1,PD_2': inf, 'PD_1,PD_3': inf, 'PD_1,PD_4': inf, 'PD_2,PD_3': inf, 'PD_2,PD_4': inf, 'PD_3,PD_4': inf}
  Computing metrics...
    RSI: {'PD_1,PD_2': 0.0, 'PD_1,PD_3': 0.0, 'PD_1,PD_4': 0.0, 'PD_2,PD_3': 0.0, 'PD_2,PD_4': 0.0, 'PD_3,PD_4': 1.0}, ASR: 1.25, TCB: {'PD_1': ['PD_3'], 'PD_2': ['PD_4'], 'PD_3': ['PD_4'], 'PD_4': ['PD_3']}, FR: {'PD_1,PD_2': inf, 'PD_1,PD_3': inf, 'PD_1,PD_4': inf, 'PD_2,PD_3': inf, 'PD_2,PD_4': inf, 'PD_3,PD_4': inf}
  Computing metrics...
    RSI: {'PD_1,PD_2': 0.0, 'PD_1,PD_3': 0.0, 'PD_1,PD_4': 0.0, 'PD_2,PD_3': 0.0, 'PD_2,PD_4': 0.0, 'PD_3,PD_4': 1.0}, ASR: 1.0, TCB: {'PD_1': ['PD_3'], 'PD_2': ['PD_4'], 'PD_3': ['PD_4'], 'PD_4': ['PD_3']}, FR: {'PD_1,PD_2': inf, 'PD_1,PD_3': inf, 'PD_1,PD_4': inf, 'PD_2,PD_3': inf, 'PD_2,PD_4': inf, 'PD_3,PD_4': inf}
  Computing metrics...
    RSI: {'PD_1,PD_2': 0.0, 'PD_1,PD_3': 0.0, 'PD_1,PD_4': 0.0, 'PD_2,PD_3': 0.0, 'PD_2,PD_4': 0.0, 'PD_3,PD_4': 1.0}, ASR: 1.25, TCB: {'PD_1': ['PD_3'], 'PD_2': ['PD_4'], 'PD_3': ['PD_4'], 'PD_4': ['PD_3']}, FR: {'PD_1,PD_2': inf, 'PD_1,PD_3': inf, 'PD_1,PD_4': inf, 'PD_2,PD_3': inf, 'PD_2,PD_4': inf, 'PD_3,PD_4': inf}
  Computing metrics...
    RSI: {'PD_1,PD_2': 0.0, 'PD_1,PD_3': 0.0, 'PD_1,PD_4': 0.0, 'PD_2,PD_3': 0.0, 'PD_2,PD_4': 0.0, 'PD_3,PD_4': 1.0}, ASR: 1.0, TCB: {'PD_1': ['PD_3'], 'PD_2': ['PD_4'], 'PD_3': ['PD_4'], 'PD_4': ['PD_3']}, FR: {'PD_1,PD_2': inf, 'PD_1,PD_3': inf, 'PD_1,PD_4': inf, 'PD_2,PD_3': inf, 'PD_2,PD_4': inf, 'PD_3,PD_4': inf}
  Computing metrics...
    RSI: {'PD_1,PD_2': 0.0, 'PD_1,PD_3': 0.0, 'PD_1,PD_4': 0.0, 'PD_2,PD_3': 0.0, 'PD_2,PD_4': 0.0, 'PD_3,PD_4': 1.0}, ASR: 1.25, TCB: {'PD_1': ['PD_3'], 'PD_2': ['PD_4'], 'PD_3': ['PD_4'], 'PD_4': ['PD_3']}, FR: {'PD_1,PD_2': inf, 'PD_1,PD_3': inf, 'PD_1,PD_4': inf, 'PD_2,PD_3': inf, 'PD_2,PD_4': inf, 'PD_3,PD_4': inf}
  Computing metrics...
    RSI: {'PD_1,PD_2': 0.0, 'PD_1,PD_3': 0.0, 'PD_1,PD_4': 0.0, 'PD_2,PD_3': 0.0, 'PD_2,PD_4': 0.0, 'PD_3,PD_4': 1.0}, ASR: 1.0, TCB: {'PD_1': ['PD_3'], 'PD_2': ['PD_4'], 'PD_3': ['PD_4'], 'PD_4': ['PD_3']}, FR: {'PD_1,PD_2': inf, 'PD_1,PD_3': inf, 'PD_1,PD_4': inf, 'PD_2,PD_3': inf, 'PD_2,PD_4': inf, 'PD_3,PD_4': inf}
  Computing metrics...
    RSI: {'PD_1,PD_2': 0.0, 'PD_1,PD_3': 0.0, 'PD_1,PD_4': 0.0, 'PD_2,PD_3': 0.0, 'PD_2,PD_4': 0.0, 'PD_3,PD_4': 1.0}, ASR: 1.25, TCB: {'PD_1': ['PD_3'], 'PD_2': ['PD_4'], 'PD_3': ['PD_4'], 'PD_4': ['PD_3']}, FR: {'PD_1,PD_2': inf, 'PD_1,PD_3': inf, 'PD_1,PD_4': inf, 'PD_2,PD_3': inf, 'PD_2,PD_4': inf, 'PD_3,PD_4': inf}
  Computing metrics...
    RSI: {'PD_1,PD_2': 0.0, 'PD_1,PD_3': 0.0, 'PD_1,PD_4': 0.0, 'PD_2,PD_3': 0.0, 'PD_2,PD_4': 0.0, 'PD_3,PD_4': 1.0}, ASR: 1.0, TCB: {'PD_1': ['PD_3'], 'PD_2': ['PD_4'], 'PD_3': ['PD_4'], 'PD_4': ['PD_3']}, FR: {'PD_1,PD_2': inf, 'PD_1,PD_3': inf, 'PD_1,PD_4': inf, 'PD_2,PD_3': inf, 'PD_2,PD_4': inf, 'PD_3,PD_4': inf}
  Computing metrics...
    RSI: {'PD_1,PD_2': 0.0, 'PD_1,PD_3': 0.0, 'PD_1,PD_4': 0.0, 'PD_2,PD_3': 0.0, 'PD_2,PD_4': 0.0, 'PD_3,PD_4': 1.0}, ASR: 1.25, TCB: {'PD_1': ['PD_3'], 'PD_2': ['PD_4'], 'PD_3': ['PD_4'], 'PD_4': ['PD_3']}, FR: {'PD_1,PD_2': inf, 'PD_1,PD_3': inf, 'PD_1,PD_4': inf, 'PD_2,PD_3': inf, 'PD_2,PD_4': inf, 'PD_3,PD_4': inf}
  Computing metrics...
    RSI: {'PD_1,PD_2': 0.0, 'PD_1,PD_3': 0.0, 'PD_1,PD_4': 0.0, 'PD_2,PD_3': 0.0, 'PD_2,PD_4': 0.0, 'PD_3,PD_4': 1.0}, ASR: 1.0, TCB: {'PD_1': ['PD_3'], 'PD_2': ['PD_4'], 'PD_3': ['PD_4'], 'PD_4': ['PD_3']}, FR: {'PD_1,PD_2': inf, 'PD_1,PD_3': inf, 'PD_1,PD_4': inf, 'PD_2,PD_3': inf, 'PD_2,PD_4': inf, 'PD_3,PD_4': inf}
  Computing metrics...
    RSI: {'PD_1,PD_2': 0.0, 'PD_1,PD_3': 0.0, 'PD_1,PD_4': 0.0, 'PD_2,PD_3': 0.0, 'PD_2,PD_4': 0.0, 'PD_3,PD_4': 1.0}, ASR: 1.25, TCB: {'PD_1': ['PD_3'], 'PD_2': ['PD_4'], 'PD_3': ['PD_4'], 'PD_4': ['PD_3']}, FR: {'PD_1,PD_2': inf, 'PD_1,PD_3': inf, 'PD_1,PD_4': inf, 'PD_2,PD_3': inf, 'PD_2,PD_4': inf, 'PD_3,PD_4': inf}
  Computing metrics...
    RSI: {'PD_1,PD_2': 0.0, 'PD_1,PD_3': 0.0, 'PD_1,PD_4': 0.0, 'PD_2,PD_3': 0.0, 'PD_2,PD_4': 0.0, 'PD_3,PD_4': 1.0}, ASR: 1.0, TCB: {'PD_1': ['PD_3'], 'PD_2': ['PD_4'], 'PD_3': ['PD_4'], 'PD_4': ['PD_3']}, FR: {'PD_1,PD_2': inf, 'PD_1,PD_3': inf, 'PD_1,PD_4': inf, 'PD_2,PD_3': inf, 'PD_2,PD_4': inf, 'PD_3,PD_4': inf}
  Computing metrics...
    RSI: {'PD_1,PD_2': 0.0, 'PD_1,PD_3': 0.0, 'PD_1,PD_4': 0.0, 'PD_2,PD_3': 0.0, 'PD_2,PD_4': 0.0, 'PD_3,PD_4': 0.5}, ASR: 1.25, TCB: {'PD_1': ['PD_3'], 'PD_2': ['PD_4'], 'PD_3': ['PD_4'], 'PD_4': ['PD_3']}, FR: {'PD_1,PD_2': inf, 'PD_1,PD_3': inf, 'PD_1,PD_4': inf, 'PD_2,PD_3': inf, 'PD_2,PD_4': inf, 'PD_3,PD_4': inf}
  Computing metrics...
    RSI: {'PD_1,PD_2': 0.0, 'PD_1,PD_3': 0.0, 'PD_1,PD_4': 0.0, 'PD_2,PD_3': 0.0, 'PD_2,PD_4': 0.0, 'PD_3,PD_4': 1.0}, ASR: 1.0, TCB: {'PD_1': ['PD_3'], 'PD_2': ['PD_4'], 'PD_3': ['PD_4'], 'PD_4': ['PD_3']}, FR: {'PD_1,PD_2': inf, 'PD_1,PD_3': inf, 'PD_1,PD_4': inf, 'PD_2,PD_3': inf, 'PD_2,PD_4': inf, 'PD_3,PD_4': inf}
  Computing metrics...
    RSI: {'PD_1,PD_2': 0.0, 'PD_1,PD_3': 0.0, 'PD_1,PD_4': 0.0, 'PD_2,PD_3': 0.0, 'PD_2,PD_4': 0.0, 'PD_3,PD_4': 0.5}, ASR: 1.25, TCB: {'PD_1': ['PD_3'], 'PD_2': ['PD_4'], 'PD_3': ['PD_4'], 'PD_4': ['PD_3']}, FR: {'PD_1,PD_2': inf, 'PD_1,PD_3': inf, 'PD_1,PD_4': inf, 'PD_2,PD_3': inf, 'PD_2,PD_4': inf, 'PD_3,PD_4': inf}
  Computing metrics...
    RSI: {'PD_1,PD_2': 0.0, 'PD_1,PD_3': 0.0, 'PD_1,PD_4': 0.0, 'PD_2,PD_3': 0.0, 'PD_2,PD_4': 0.0, 'PD_3,PD_4': 1.0}, ASR: 1.0, TCB: {'PD_1': ['PD_3'], 'PD_2': ['PD_4'], 'PD_3': ['PD_4'], 'PD_4': ['PD_3']}, FR: {'PD_1,PD_2': inf, 'PD_1,PD_3': inf, 'PD_1,PD_4': inf, 'PD_2,PD_3': inf, 'PD_2,PD_4': inf, 'PD_3,PD_4': inf}
  Computing metrics...
    RSI: {'PD_1,PD_2': 0.0, 'PD_1,PD_3': 0.0, 'PD_1,PD_4': 0.0, 'PD_2,PD_3': 0.0, 'PD_2,PD_4': 0.0, 'PD_3,PD_4': 0.5}, ASR: 1.25, TCB: {'PD_1': ['PD_3'], 'PD_2': ['PD_4'], 'PD_3': ['PD_4'], 'PD_4': ['PD_3']}, FR: {'PD_1,PD_2': inf, 'PD_1,PD_3': inf, 'PD_1,PD_4': inf, 'PD_2,PD_3': inf, 'PD_2,PD_4': inf, 'PD_3,PD_4': inf}
  Computing metrics...
    RSI: {'PD_1,PD_2': 0.0, 'PD_1,PD_3': 0.0, 'PD_1,PD_4': 0.0, 'PD_2,PD_3': 0.0, 'PD_2,PD_4': 0.0, 'PD_3,PD_4': 1.0}, ASR: 1.0, TCB: {'PD_1': ['PD_3'], 'PD_2': ['PD_4'], 'PD_3': ['PD_4'], 'PD_4': ['PD_3']}, FR: {'PD_1,PD_2': inf, 'PD_1,PD_3': inf, 'PD_1,PD_4': inf, 'PD_2,PD_3': inf, 'PD_2,PD_4': inf, 'PD_3,PD_4': inf}
  Computing metrics...
    RSI: {'PD_1,PD_2': 0.0, 'PD_1,PD_3': 0.0, 'PD_1,PD_4': 0.0, 'PD_2,PD_3': 0.0, 'PD_2,PD_4': 0.0, 'PD_3,PD_4': 0.5}, ASR: 1.25, TCB: {'PD_1': ['PD_3'], 'PD_2': ['PD_4'], 'PD_3': ['PD_4'], 'PD_4': ['PD_3']}, FR: {'PD_1,PD_2': inf, 'PD_1,PD_3': inf, 'PD_1,PD_4': inf, 'PD_2,PD_3': inf, 'PD_2,PD_4': inf, 'PD_3,PD_4': inf}
  Computing metrics...
    RSI: {'PD_1,PD_2': 0.0, 'PD_1,PD_3': 0.0, 'PD_1,PD_4': 0.0, 'PD_2,PD_3': 0.0, 'PD_2,PD_4': 0.0, 'PD_3,PD_4': 1.0}, ASR: 1.0, TCB: {'PD_1': ['PD_3'], 'PD_2': ['PD_4'], 'PD_3': ['PD_4'], 'PD_4': ['PD_3']}, FR: {'PD_1,PD_2': inf, 'PD_1,PD_3': inf, 'PD_1,PD_4': inf, 'PD_2,PD_3': inf, 'PD_2,PD_4': inf, 'PD_3,PD_4': inf}
  Computing metrics...
    RSI: {'PD_1,PD_2': 0.0, 'PD_1,PD_3': 0.0, 'PD_1,PD_4': 0.0, 'PD_2,PD_3': 0.0, 'PD_2,PD_4': 0.0, 'PD_3,PD_4': 0.5}, ASR: 1.25, TCB: {'PD_1': ['PD_3'], 'PD_2': ['PD_4'], 'PD_3': ['PD_4'], 'PD_4': ['PD_3']}, FR: {'PD_1,PD_2': inf, 'PD_1,PD_3': inf, 'PD_1,PD_4': inf, 'PD_2,PD_3': inf, 'PD_2,PD_4': inf, 'PD_3,PD_4': inf}
  Computing metrics...
    RSI: {'PD_1,PD_2': 0.0, 'PD_1,PD_3': 0.0, 'PD_1,PD_4': 0.0, 'PD_2,PD_3': 0.0, 'PD_2,PD_4': 0.0, 'PD_3,PD_4': 1.0}, ASR: 1.0, TCB: {'PD_1': ['PD_3'], 'PD_2': ['PD_4'], 'PD_3': ['PD_4'], 'PD_4': ['PD_3']}, FR: {'PD_1,PD_2': inf, 'PD_1,PD_3': inf, 'PD_1,PD_4': inf, 'PD_2,PD_3': inf, 'PD_2,PD_4': inf, 'PD_3,PD_4': inf}
  Computing metrics...
    RSI: {'PD_1,PD_2': 0.0, 'PD_1,PD_3': 0.0, 'PD_1,PD_4': 0.0, 'PD_2,PD_3': 0.0, 'PD_2,PD_4': 0.0, 'PD_3,PD_4': 0.5}, ASR: 1.25, TCB: {'PD_1': ['PD_3'], 'PD_2': ['PD_4'], 'PD_3': ['PD_4'], 'PD_4': ['PD_3']}, FR: {'PD_1,PD_2': inf, 'PD_1,PD_3': inf, 'PD_1,PD_4': inf, 'PD_2,PD_3': inf, 'PD_2,PD_4': inf, 'PD_3,PD_4': inf}
  Computing metrics...
    RSI: {'PD_1,PD_2': 0.0, 'PD_1,PD_3': 0.0, 'PD_1,PD_4': 0.0, 'PD_2,PD_3': 0.0, 'PD_2,PD_4': 0.0, 'PD_3,PD_4': 1.0}, ASR: 1.0, TCB: {'PD_1': ['PD_3'], 'PD_2': ['PD_4'], 'PD_3': ['PD_4'], 'PD_4': ['PD_3']}, FR: {'PD_1,PD_2': inf, 'PD_1,PD_3': inf, 'PD_1,PD_4': inf, 'PD_2,PD_3': inf, 'PD_2,PD_4': inf, 'PD_3,PD_4': inf}
  Computing metrics...
    RSI: {'PD_1,PD_2': 0.0, 'PD_1,PD_3': 0.0, 'PD_1,PD_4': 0.0, 'PD_2,PD_3': 0.0, 'PD_2,PD_4': 0.0, 'PD_3,PD_4': 0.5}, ASR: 1.25, TCB: {'PD_1': ['PD_3'], 'PD_2': ['PD_4'], 'PD_3': ['PD_4'], 'PD_4': ['PD_3']}, FR: {'PD_1,PD_2': inf, 'PD_1,PD_3': inf, 'PD_1,PD_4': inf, 'PD_2,PD_3': inf, 'PD_2,PD_4': inf, 'PD_3,PD_4': inf}
  Computing metrics...
    RSI: {'PD_1,PD_2': 0.0, 'PD_1,PD_3': 0.0, 'PD_1,PD_4': 0.0, 'PD_2,PD_3': 0.0, 'PD_2,PD_4': 0.0, 'PD_3,PD_4': 1.0}, ASR: 1.0, TCB: {'PD_1': ['PD_3'], 'PD_2': ['PD_4'], 'PD_3': ['PD_4'], 'PD_4': ['PD_3']}, FR: {'PD_1,PD_2': inf, 'PD_1,PD_3': inf, 'PD_1,PD_4': inf, 'PD_2,PD_3': inf, 'PD_2,PD_4': inf, 'PD_3,PD_4': inf}
  Computing metrics...
    RSI: {'PD_1,PD_2': 0.0, 'PD_1,PD_3': 0.0, 'PD_1,PD_4': 0.0, 'PD_2,PD_3': 0.0, 'PD_2,PD_4': 0.0, 'PD_3,PD_4': 0.5}, ASR: 1.25, TCB: {'PD_1': ['PD_3'], 'PD_2': ['PD_4'], 'PD_3': ['PD_4'], 'PD_4': ['PD_3']}, FR: {'PD_1,PD_2': inf, 'PD_1,PD_3': inf, 'PD_1,PD_4': inf, 'PD_2,PD_3': inf, 'PD_2,PD_4': inf, 'PD_3,PD_4': inf}
  Computing metrics...
    RSI: {'PD_1,PD_2': 0.0, 'PD_1,PD_3': 0.0, 'PD_1,PD_4': 0.0, 'PD_2,PD_3': 0.0, 'PD_2,PD_4': 0.0, 'PD_3,PD_4': 1.0}, ASR: 1.0, TCB: {'PD_1': ['PD_3'], 'PD_2': ['PD_4'], 'PD_3': ['PD_4'], 'PD_4': ['PD_3']}, FR: {'PD_1,PD_2': inf, 'PD_1,PD_3': inf, 'PD_1,PD_4': inf, 'PD_2,PD_3': inf, 'PD_2,PD_4': inf, 'PD_3,PD_4': inf}
  Computing metrics...
    RSI: {'PD_1,PD_2': 0.0, 'PD_1,PD_3': 0.0, 'PD_1,PD_4': 0.0, 'PD_2,PD_3': 0.0, 'PD_2,PD_4': 0.0, 'PD_3,PD_4': 0.5}, ASR: 1.25, TCB: {'PD_1': ['PD_3'], 'PD_2': ['PD_4'], 'PD_3': ['PD_4'], 'PD_4': ['PD_3']}, FR: {'PD_1,PD_2': inf, 'PD_1,PD_3': inf, 'PD_1,PD_4': inf, 'PD_2,PD_3': inf, 'PD_2,PD_4': inf, 'PD_3,PD_4': inf}
  Computing metrics...
    RSI: {'PD_1,PD_2': 0.0, 'PD_1,PD_3': 0.0, 'PD_1,PD_4': 0.0, 'PD_2,PD_3': 0.0, 'PD_2,PD_4': 0.0, 'PD_3,PD_4': 1.0}, ASR: 1.0, TCB: {'PD_1': ['PD_3'], 'PD_2': ['PD_4'], 'PD_3': ['PD_4'], 'PD_4': ['PD_3']}, FR: {'PD_1,PD_2': inf, 'PD_1,PD_3': inf, 'PD_1,PD_4': inf, 'PD_2,PD_3': inf, 'PD_2,PD_4': inf, 'PD_3,PD_4': inf}
  Computing metrics...
    RSI: {'PD_1,PD_2': 0.0, 'PD_1,PD_3': 0.0, 'PD_1,PD_4': 0.0, 'PD_2,PD_3': 0.0, 'PD_2,PD_4': 0.0, 'PD_3,PD_4': 0.5}, ASR: 1.25, TCB: {'PD_1': ['PD_3'], 'PD_2': ['PD_4'], 'PD_3': ['PD_4'], 'PD_4': ['PD_3']}, FR: {'PD_1,PD_2': inf, 'PD_1,PD_3': inf, 'PD_1,PD_4': inf, 'PD_2,PD_3': inf, 'PD_2,PD_4': inf, 'PD_3,PD_4': inf}
  Computing metrics...
    RSI: {'PD_1,PD_2': 0.0, 'PD_1,PD_3': 0.0, 'PD_1,PD_4': 0.0, 'PD_2,PD_3': 0.0, 'PD_2,PD_4': 0.0, 'PD_3,PD_4': 1.0}, ASR: 1.0, TCB: {'PD_1': ['PD_3'], 'PD_2': ['PD_4'], 'PD_3': ['PD_4'], 'PD_4': ['PD_3']}, FR: {'PD_1,PD_2': inf, 'PD_1,PD_3': inf, 'PD_1,PD_4': inf, 'PD_2,PD_3': inf, 'PD_2,PD_4': inf, 'PD_3,PD_4': inf}
  Computing metrics...
    RSI: {'PD_1,PD_2': 0.0, 'PD_1,PD_3': 0.0, 'PD_1,PD_4': 0.0, 'PD_2,PD_3': 0.0, 'PD_2,PD_4': 0.0, 'PD_3,PD_4': 0.5}, ASR: 1.25, TCB: {'PD_1': ['PD_3'], 'PD_2': ['PD_4'], 'PD_3': ['PD_4'], 'PD_4': ['PD_3']}, FR: {'PD_1,PD_2': inf, 'PD_1,PD_3': inf, 'PD_1,PD_4': inf, 'PD_2,PD_3': inf, 'PD_2,PD_4': inf, 'PD_3,PD_4': inf}
  Computing metrics...
    RSI: {'PD_1,PD_2': 0.0, 'PD_1,PD_3': 0.0, 'PD_1,PD_4': 0.0, 'PD_2,PD_3': 0.0, 'PD_2,PD_4': 0.0, 'PD_3,PD_4': 1.0}, ASR: 1.0, TCB: {'PD_1': ['PD_3'], 'PD_2': ['PD_4'], 'PD_3': ['PD_4'], 'PD_4': ['PD_3']}, FR: {'PD_1,PD_2': inf, 'PD_1,PD_3': inf, 'PD_1,PD_4': inf, 'PD_2,PD_3': inf, 'PD_2,PD_4': inf, 'PD_3,PD_4': inf}
  Computing metrics...
    RSI: {'PD_1,PD_2': 0.0, 'PD_1,PD_3': 0.0, 'PD_1,PD_4': 0.0, 'PD_2,PD_3': 0.0, 'PD_2,PD_4': 0.0, 'PD_3,PD_4': 0.5}, ASR: 1.25, TCB: {'PD_1': ['PD_3'], 'PD_2': ['PD_4'], 'PD_3': ['PD_4'], 'PD_4': ['PD_3']}, FR: {'PD_1,PD_2': inf, 'PD_1,PD_3': inf, 'PD_1,PD_4': inf, 'PD_2,PD_3': inf, 'PD_2,PD_4': inf, 'PD_3,PD_4': inf}
  Computing metrics...
    RSI: {'PD_1,PD_2': 0.0, 'PD_1,PD_3': 0.0, 'PD_1,PD_4': 0.0, 'PD_2,PD_3': 0.0, 'PD_2,PD_4': 0.0, 'PD_3,PD_4': 1.0}, ASR: 1.0, TCB: {'PD_1': ['PD_3'], 'PD_2': ['PD_4'], 'PD_3': ['PD_4'], 'PD_4': ['PD_3']}, FR: {'PD_1,PD_2': inf, 'PD_1,PD_3': inf, 'PD_1,PD_4': inf, 'PD_2,PD_3': inf, 'PD_2,PD_4': inf, 'PD_3,PD_4': inf}
  Computing metrics...
    RSI: {'PD_1,PD_2': 0.0, 'PD_1,PD_3': 0.0, 'PD_1,PD_4': 0.0, 'PD_2,PD_3': 0.0, 'PD_2,PD_4': 0.0, 'PD_3,PD_4': 1.0}, ASR: 1.0, TCB: {'PD_1': ['PD_3'], 'PD_2': ['PD_4'], 'PD_3': ['PD_4'], 'PD_4': ['PD_3']}, FR: {'PD_1,PD_2': inf, 'PD_1,PD_3': inf, 'PD_1,PD_4': inf, 'PD_2,PD_3': inf, 'PD_2,PD_4': inf, 'PD_3,PD_4': inf}
    remove_hold_edge candidate: remove PD_3 -> FILE_1_1 HOLD edge -> score: 0.150
  Computing metrics...
    RSI: {'PD_1,PD_2': 0.0, 'PD_1,PD_3': 0.0, 'PD_1,PD_4': 0.0, 'PD_2,PD_3': 0.0, 'PD_2,PD_4': 0.0, 'PD_3,PD_4': 1.0}, ASR: 1.0, TCB: {'PD_1': ['PD_3'], 'PD_2': ['PD_4'], 'PD_3': ['PD_4'], 'PD_4': ['PD_3']}, FR: {'PD_1,PD_2': inf, 'PD_1,PD_3': inf, 'PD_1,PD_4': inf, 'PD_2,PD_3': inf, 'PD_2,PD_4': inf, 'PD_3,PD_4': inf}
  Computing metrics...
    RSI: {'PD_1,PD_2': 0.0, 'PD_1,PD_3': 0.0, 'PD_1,PD_4': 0.0, 'PD_2,PD_3': 0.0, 'PD_2,PD_4': 0.0, 'PD_3,PD_4': 1.0}, ASR: 1.0, TCB: {'PD_1': ['PD_3'], 'PD_2': ['PD_4'], 'PD_3': ['PD_4'], 'PD_4': ['PD_3']}, FR: {'PD_1,PD_2': inf, 'PD_1,PD_3': inf, 'PD_1,PD_4': inf, 'PD_2,PD_3': inf, 'PD_2,PD_4': inf, 'PD_3,PD_4': inf}
    remove_hold_edge candidate: remove PD_4 -> FILE_1_1 HOLD edge -> score: 0.150
  Computing metrics...
    RSI: {'PD_1,PD_2': 0.0, 'PD_1,PD_3': 0.0, 'PD_1,PD_4': 0.0, 'PD_2,PD_3': 0.0, 'PD_2,PD_4': 0.0, 'PD_3,PD_4': 1.0}, ASR: 1.0, TCB: {'PD_1': ['PD_3'], 'PD_2': ['PD_4'], 'PD_3': ['PD_4'], 'PD_4': ['PD_3']}, FR: {'PD_1,PD_2': inf, 'PD_1,PD_3': inf, 'PD_1,PD_4': inf, 'PD_2,PD_3': inf, 'PD_2,PD_4': inf, 'PD_3,PD_4': inf}
  Computing metrics...
    RSI: {'PD_1,PD_2': 0.0, 'PD_1,PD_3': 0.0, 'PD_1,PD_4': 0.0, 'PD_2,PD_3': 0.0, 'PD_2,PD_4': 0.0, 'PD_3,PD_4': 1.0}, ASR: 1.25, TCB: {'PD_1': ['PD_3', 'PD_2'], 'PD_2': ['PD_4'], 'PD_3': ['PD_4'], 'PD_4': ['PD_3']}, FR: {'PD_1,PD_2': 3, 'PD_1,PD_3': inf, 'PD_1,PD_4': inf, 'PD_2,PD_3': inf, 'PD_2,PD_4': inf, 'PD_3,PD_4': inf}
  Computing metrics...
    RSI: {'PD_1,PD_2': 0.0, 'PD_1,PD_3': 0.0, 'PD_1,PD_4': 0.0, 'PD_2,PD_3': 0.0, 'PD_2,PD_4': 0.0, 'PD_3,PD_4': 1.0}, ASR: 1.0, TCB: {'PD_1': ['PD_3'], 'PD_2': ['PD_4'], 'PD_3': ['PD_4'], 'PD_4': ['PD_3']}, FR: {'PD_1,PD_2': inf, 'PD_1,PD_3': inf, 'PD_1,PD_4': inf, 'PD_2,PD_3': inf, 'PD_2,PD_4': inf, 'PD_3,PD_4': inf}
  Computing metrics...
    RSI: {'PD_1,PD_2': 0.0, 'PD_1,PD_3': 0.0, 'PD_1,PD_4': 0.0, 'PD_2,PD_3': 0.0, 'PD_2,PD_4': 0.0, 'PD_3,PD_4': 1.0}, ASR: 1.25, TCB: {'PD_1': ['PD_3', 'PD_4'], 'PD_2': ['PD_4'], 'PD_3': ['PD_4'], 'PD_4': ['PD_3']}, FR: {'PD_1,PD_2': 2, 'PD_1,PD_3': inf, 'PD_1,PD_4': inf, 'PD_2,PD_3': inf, 'PD_2,PD_4': inf, 'PD_3,PD_4': inf}
  Computing metrics...
    RSI: {'PD_1,PD_2': 0.0, 'PD_1,PD_3': 0.0, 'PD_1,PD_4': 0.0, 'PD_2,PD_3': 0.0, 'PD_2,PD_4': 0.0, 'PD_3,PD_4': 1.0}, ASR: 1.0, TCB: {'PD_1': ['PD_3'], 'PD_2': ['PD_4'], 'PD_3': ['PD_4'], 'PD_4': ['PD_3']}, FR: {'PD_1,PD_2': inf, 'PD_1,PD_3': inf, 'PD_1,PD_4': inf, 'PD_2,PD_3': inf, 'PD_2,PD_4': inf, 'PD_3,PD_4': inf}
  Computing metrics...
    RSI: {'PD_1,PD_2': 0.0, 'PD_1,PD_3': 0.0, 'PD_1,PD_4': 0.0, 'PD_2,PD_3': 0.0, 'PD_2,PD_4': 0.0, 'PD_3,PD_4': 1.0}, ASR: 1.25, TCB: {'PD_1': ['PD_3'], 'PD_2': ['PD_4', 'PD_1'], 'PD_3': ['PD_4'], 'PD_4': ['PD_3']}, FR: {'PD_1,PD_2': 3, 'PD_1,PD_3': inf, 'PD_1,PD_4': inf, 'PD_2,PD_3': inf, 'PD_2,PD_4': inf, 'PD_3,PD_4': inf}
  Computing metrics...
    RSI: {'PD_1,PD_2': 0.0, 'PD_1,PD_3': 0.0, 'PD_1,PD_4': 0.0, 'PD_2,PD_3': 0.0, 'PD_2,PD_4': 0.0, 'PD_3,PD_4': 1.0}, ASR: 1.0, TCB: {'PD_1': ['PD_3'], 'PD_2': ['PD_4'], 'PD_3': ['PD_4'], 'PD_4': ['PD_3']}, FR: {'PD_1,PD_2': inf, 'PD_1,PD_3': inf, 'PD_1,PD_4': inf, 'PD_2,PD_3': inf, 'PD_2,PD_4': inf, 'PD_3,PD_4': inf}
  Computing metrics...
    RSI: {'PD_1,PD_2': 0.0, 'PD_1,PD_3': 0.0, 'PD_1,PD_4': 0.0, 'PD_2,PD_3': 0.0, 'PD_2,PD_4': 0.0, 'PD_3,PD_4': 1.0}, ASR: 1.25, TCB: {'PD_1': ['PD_3'], 'PD_2': ['PD_4', 'PD_3'], 'PD_3': ['PD_4'], 'PD_4': ['PD_3']}, FR: {'PD_1,PD_2': 2, 'PD_1,PD_3': inf, 'PD_1,PD_4': inf, 'PD_2,PD_3': inf, 'PD_2,PD_4': inf, 'PD_3,PD_4': inf}
  Computing metrics...
    RSI: {'PD_1,PD_2': 0.0, 'PD_1,PD_3': 0.0, 'PD_1,PD_4': 0.0, 'PD_2,PD_3': 0.0, 'PD_2,PD_4': 0.0, 'PD_3,PD_4': 1.0}, ASR: 1.0, TCB: {'PD_1': ['PD_3'], 'PD_2': ['PD_4'], 'PD_3': ['PD_4'], 'PD_4': ['PD_3']}, FR: {'PD_1,PD_2': inf, 'PD_1,PD_3': inf, 'PD_1,PD_4': inf, 'PD_2,PD_3': inf, 'PD_2,PD_4': inf, 'PD_3,PD_4': inf}
  Computing metrics...
    RSI: {'PD_1,PD_2': 0.0, 'PD_1,PD_3': 0.0, 'PD_1,PD_4': 0.0, 'PD_2,PD_3': 0.0, 'PD_2,PD_4': 0.0, 'PD_3,PD_4': 1.0}, ASR: 1.25, TCB: {'PD_1': ['PD_3'], 'PD_2': ['PD_4'], 'PD_3': ['PD_1', 'PD_4'], 'PD_4': ['PD_3']}, FR: {'PD_1,PD_2': inf, 'PD_1,PD_3': inf, 'PD_1,PD_4': inf, 'PD_2,PD_3': inf, 'PD_2,PD_4': inf, 'PD_3,PD_4': inf}
  Computing metrics...
    RSI: {'PD_1,PD_2': 0.0, 'PD_1,PD_3': 0.0, 'PD_1,PD_4': 0.0, 'PD_2,PD_3': 0.0, 'PD_2,PD_4': 0.0, 'PD_3,PD_4': 1.0}, ASR: 1.0, TCB: {'PD_1': ['PD_3'], 'PD_2': ['PD_4'], 'PD_3': ['PD_4'], 'PD_4': ['PD_3']}, FR: {'PD_1,PD_2': inf, 'PD_1,PD_3': inf, 'PD_1,PD_4': inf, 'PD_2,PD_3': inf, 'PD_2,PD_4': inf, 'PD_3,PD_4': inf}
  Computing metrics...
    RSI: {'PD_1,PD_2': 0.0, 'PD_1,PD_3': 0.0, 'PD_1,PD_4': 0.0, 'PD_2,PD_3': 0.0, 'PD_2,PD_4': 0.0, 'PD_3,PD_4': 1.0}, ASR: 1.25, TCB: {'PD_1': ['PD_3'], 'PD_2': ['PD_4'], 'PD_3': ['PD_2', 'PD_4'], 'PD_4': ['PD_3']}, FR: {'PD_1,PD_2': 4, 'PD_1,PD_3': 3, 'PD_1,PD_4': inf, 'PD_2,PD_3': 3, 'PD_2,PD_4': inf, 'PD_3,PD_4': inf}
  Computing metrics...
    RSI: {'PD_1,PD_2': 0.0, 'PD_1,PD_3': 0.0, 'PD_1,PD_4': 0.0, 'PD_2,PD_3': 0.0, 'PD_2,PD_4': 0.0, 'PD_3,PD_4': 1.0}, ASR: 1.0, TCB: {'PD_1': ['PD_3'], 'PD_2': ['PD_4'], 'PD_3': ['PD_4'], 'PD_4': ['PD_3']}, FR: {'PD_1,PD_2': inf, 'PD_1,PD_3': inf, 'PD_1,PD_4': inf, 'PD_2,PD_3': inf, 'PD_2,PD_4': inf, 'PD_3,PD_4': inf}
  Computing metrics...
    RSI: {'PD_1,PD_2': 0.0, 'PD_1,PD_3': 0.0, 'PD_1,PD_4': 0.0, 'PD_2,PD_3': 0.0, 'PD_2,PD_4': 0.0, 'PD_3,PD_4': 1.0}, ASR: 1.25, TCB: {'PD_1': ['PD_3'], 'PD_2': ['PD_4'], 'PD_3': ['PD_4'], 'PD_4': ['PD_3']}, FR: {'PD_1,PD_2': 3, 'PD_1,PD_3': 3, 'PD_1,PD_4': inf, 'PD_2,PD_3': 2, 'PD_2,PD_4': inf, 'PD_3,PD_4': inf}
  Computing metrics...
    RSI: {'PD_1,PD_2': 0.0, 'PD_1,PD_3': 0.0, 'PD_1,PD_4': 0.0, 'PD_2,PD_3': 0.0, 'PD_2,PD_4': 0.0, 'PD_3,PD_4': 1.0}, ASR: 1.0, TCB: {'PD_1': ['PD_3'], 'PD_2': ['PD_4'], 'PD_3': ['PD_4'], 'PD_4': ['PD_3']}, FR: {'PD_1,PD_2': inf, 'PD_1,PD_3': inf, 'PD_1,PD_4': inf, 'PD_2,PD_3': inf, 'PD_2,PD_4': inf, 'PD_3,PD_4': inf}
  Computing metrics...
    RSI: {'PD_1,PD_2': 0.0, 'PD_1,PD_3': 0.0, 'PD_1,PD_4': 0.0, 'PD_2,PD_3': 0.0, 'PD_2,PD_4': 0.0, 'PD_3,PD_4': 1.0}, ASR: 1.25, TCB: {'PD_1': ['PD_3'], 'PD_2': ['PD_4'], 'PD_3': ['PD_4'], 'PD_4': ['PD_1', 'PD_3']}, FR: {'PD_1,PD_2': 4, 'PD_1,PD_3': inf, 'PD_1,PD_4': 3, 'PD_2,PD_3': inf, 'PD_2,PD_4': 3, 'PD_3,PD_4': inf}
  Computing metrics...
    RSI: {'PD_1,PD_2': 0.0, 'PD_1,PD_3': 0.0, 'PD_1,PD_4': 0.0, 'PD_2,PD_3': 0.0, 'PD_2,PD_4': 0.0, 'PD_3,PD_4': 1.0}, ASR: 1.0, TCB: {'PD_1': ['PD_3'], 'PD_2': ['PD_4'], 'PD_3': ['PD_4'], 'PD_4': ['PD_3']}, FR: {'PD_1,PD_2': inf, 'PD_1,PD_3': inf, 'PD_1,PD_4': inf, 'PD_2,PD_3': inf, 'PD_2,PD_4': inf, 'PD_3,PD_4': inf}
  Computing metrics...
    RSI: {'PD_1,PD_2': 0.0, 'PD_1,PD_3': 0.0, 'PD_1,PD_4': 0.0, 'PD_2,PD_3': 0.0, 'PD_2,PD_4': 0.0, 'PD_3,PD_4': 1.0}, ASR: 1.25, TCB: {'PD_1': ['PD_3'], 'PD_2': ['PD_4'], 'PD_3': ['PD_4'], 'PD_4': ['PD_2', 'PD_3']}, FR: {'PD_1,PD_2': inf, 'PD_1,PD_3': inf, 'PD_1,PD_4': inf, 'PD_2,PD_3': inf, 'PD_2,PD_4': inf, 'PD_3,PD_4': inf}
  Computing metrics...
    RSI: {'PD_1,PD_2': 0.0, 'PD_1,PD_3': 0.0, 'PD_1,PD_4': 0.0, 'PD_2,PD_3': 0.0, 'PD_2,PD_4': 0.0, 'PD_3,PD_4': 1.0}, ASR: 1.0, TCB: {'PD_1': ['PD_3'], 'PD_2': ['PD_4'], 'PD_3': ['PD_4'], 'PD_4': ['PD_3']}, FR: {'PD_1,PD_2': inf, 'PD_1,PD_3': inf, 'PD_1,PD_4': inf, 'PD_2,PD_3': inf, 'PD_2,PD_4': inf, 'PD_3,PD_4': inf}
  Computing metrics...
    RSI: {'PD_1,PD_2': 0.0, 'PD_1,PD_3': 0.0, 'PD_1,PD_4': 0.0, 'PD_2,PD_3': 0.0, 'PD_2,PD_4': 0.0, 'PD_3,PD_4': 1.0}, ASR: 1.25, TCB: {'PD_1': ['PD_3'], 'PD_2': ['PD_4'], 'PD_3': ['PD_4'], 'PD_4': ['PD_3']}, FR: {'PD_1,PD_2': 3, 'PD_1,PD_3': inf, 'PD_1,PD_4': 2, 'PD_2,PD_3': inf, 'PD_2,PD_4': 3, 'PD_3,PD_4': inf}
  Computing metrics...
    RSI: {'PD_1,PD_2': 0.0, 'PD_1,PD_3': 0.0, 'PD_1,PD_4': 0.0, 'PD_2,PD_3': 0.0, 'PD_2,PD_4': 0.0, 'PD_3,PD_4': 1.0}, ASR: 1.0, TCB: {'PD_1': ['PD_3'], 'PD_2': ['PD_4'], 'PD_3': ['PD_4'], 'PD_4': ['PD_3']}, FR: {'PD_1,PD_2': inf, 'PD_1,PD_3': inf, 'PD_1,PD_4': inf, 'PD_2,PD_3': inf, 'PD_2,PD_4': inf, 'PD_3,PD_4': inf}
  Computing metrics...
    RSI: {'PD_1,PD_2': 0.0, 'PD_1,PD_3': 0.0, 'PD_1,PD_4': 0.0, 'PD_2,PD_3': 0.0, 'PD_2,PD_4': 0.0, 'PD_3,PD_4': 1.0}, ASR: 1.0, TCB: {'PD_1': ['PD_3'], 'PD_2': ['PD_4'], 'PD_3': ['PD_4'], 'PD_4': ['PD_3']}, FR: {'PD_1,PD_2': inf, 'PD_1,PD_3': inf, 'PD_1,PD_4': inf, 'PD_2,PD_3': inf, 'PD_2,PD_4': inf, 'PD_3,PD_4': inf}
  Computing metrics...
    RSI: {'PD_1,PD_2': 0.0, 'PD_1,PD_3': 0.0, 'PD_1,PD_4': 0.0, 'PD_2,PD_3': 0.0, 'PD_2,PD_4': 0.0, 'PD_3,PD_4': 1.0}, ASR: 1.0, TCB: {'PD_1': ['PD_3'], 'PD_2': ['PD_4'], 'PD_3': ['PD_4'], 'PD_4': ['PD_3']}, FR: {'PD_1,PD_2': inf, 'PD_1,PD_3': inf, 'PD_1,PD_4': inf, 'PD_2,PD_3': inf, 'PD_2,PD_4': inf, 'PD_3,PD_4': inf}
  Computing metrics...
    RSI: {'PD_1,PD_2': 0.0, 'PD_1,PD_3': 0.0, 'PD_1,PD_4': 0.0, 'PD_2,PD_3': 0.0, 'PD_2,PD_4': 0.0, 'PD_3,PD_4': 1.0}, ASR: 1.0, TCB: {'PD_1': ['PD_3'], 'PD_2': ['PD_4'], 'PD_3': ['PD_4'], 'PD_4': ['PD_3']}, FR: {'PD_1,PD_2': inf, 'PD_1,PD_3': inf, 'PD_1,PD_4': inf, 'PD_2,PD_3': inf, 'PD_2,PD_4': inf, 'PD_3,PD_4': inf}
  Computing metrics...
    RSI: {'PD_1,PD_2': 0.0, 'PD_1,PD_3': 0.0, 'PD_1,PD_4': 0.0, 'PD_2,PD_3': 0.0, 'PD_2,PD_4': 0.0, 'PD_3,PD_4': 1.0}, ASR: 1.0, TCB: {'PD_1': ['PD_3'], 'PD_2': ['PD_4'], 'PD_3': ['PD_4'], 'PD_4': ['PD_3']}, FR: {'PD_1,PD_2': inf, 'PD_1,PD_3': inf, 'PD_1,PD_4': inf, 'PD_2,PD_3': inf, 'PD_2,PD_4': inf, 'PD_3,PD_4': inf}
  Computing metrics...
    RSI: {'PD_1,PD_2': 0.0, 'PD_1,PD_3': 0.0, 'PD_1,PD_4': 0.0, 'PD_2,PD_3': 0.0, 'PD_2,PD_4': 0.0, 'PD_3,PD_4': 1.0}, ASR: 1.0, TCB: {'PD_1': ['PD_3'], 'PD_2': ['PD_4'], 'PD_3': ['PD_4'], 'PD_4': ['PD_3']}, FR: {'PD_1,PD_2': inf, 'PD_1,PD_3': inf, 'PD_1,PD_4': inf, 'PD_2,PD_3': inf, 'PD_2,PD_4': inf, 'PD_3,PD_4': inf}
  Computing metrics...
    RSI: {'PD_1,PD_2': 0.0, 'PD_1,PD_3': 0.0, 'PD_1,PD_4': 0.0, 'PD_2,PD_3': 0.0, 'PD_2,PD_4': 0.0, 'PD_3,PD_4': 1.0}, ASR: 1.0, TCB: {'PD_1': ['PD_3'], 'PD_2': ['PD_4'], 'PD_3': ['PD_4'], 'PD_4': ['PD_3']}, FR: {'PD_1,PD_2': inf, 'PD_1,PD_3': inf, 'PD_1,PD_4': inf, 'PD_2,PD_3': inf, 'PD_2,PD_4': inf, 'PD_3,PD_4': inf}
  Computing metrics...
    RSI: {'PD_1,PD_2': 0.0, 'PD_1,PD_3': 0.0, 'PD_1,PD_4': 0.0, 'PD_2,PD_3': 0.0, 'PD_2,PD_4': 0.0, 'PD_3,PD_4': 1.0}, ASR: 1.0, TCB: {'PD_1': ['PD_3'], 'PD_2': ['PD_4'], 'PD_3': ['PD_4'], 'PD_4': ['PD_3']}, FR: {'PD_1,PD_2': inf, 'PD_1,PD_3': inf, 'PD_1,PD_4': inf, 'PD_2,PD_3': inf, 'PD_2,PD_4': inf, 'PD_3,PD_4': inf}
  Computing metrics...
    RSI: {'PD_1,PD_2': 0.0, 'PD_1,PD_3': 0.0, 'PD_1,PD_4': 0.0, 'PD_2,PD_3': 0.0, 'PD_2,PD_4': 0.0, 'PD_3,PD_4': 1.0}, ASR: 1.0, TCB: {'PD_1': ['PD_3'], 'PD_2': ['PD_4'], 'PD_3': ['PD_4'], 'PD_4': ['PD_3']}, FR: {'PD_1,PD_2': inf, 'PD_1,PD_3': inf, 'PD_1,PD_4': inf, 'PD_2,PD_3': inf, 'PD_2,PD_4': inf, 'PD_3,PD_4': inf}
  Computing metrics...
    RSI: {'PD_1,PD_2': 0.0, 'PD_1,PD_3': 0.0, 'PD_1,PD_4': 0.0, 'PD_2,PD_3': 0.0, 'PD_2,PD_4': 0.0, 'PD_3,PD_4': 1.0}, ASR: 1.0, TCB: {'PD_1': ['PD_3'], 'PD_2': ['PD_4'], 'PD_3': ['PD_4'], 'PD_4': ['PD_3']}, FR: {'PD_1,PD_2': inf, 'PD_1,PD_3': inf, 'PD_1,PD_4': inf, 'PD_2,PD_3': inf, 'PD_2,PD_4': inf, 'PD_3,PD_4': inf}
  Computing metrics...
    RSI: {'PD_1,PD_2': 0.0, 'PD_1,PD_3': 0.0, 'PD_1,PD_4': 0.0, 'PD_2,PD_3': 0.0, 'PD_2,PD_4': 0.0, 'PD_3,PD_4': 1.0}, ASR: 1.0, TCB: {'PD_1': ['PD_3'], 'PD_2': ['PD_4'], 'PD_3': ['PD_4'], 'PD_4': ['PD_3']}, FR: {'PD_1,PD_2': inf, 'PD_1,PD_3': inf, 'PD_1,PD_4': inf, 'PD_2,PD_3': inf, 'PD_2,PD_4': inf, 'PD_3,PD_4': inf}
  Computing metrics...
    RSI: {'PD_1,PD_2': 0.0, 'PD_1,PD_3': 0.0, 'PD_1,PD_4': 0.0, 'PD_2,PD_3': 0.0, 'PD_2,PD_4': 0.0, 'PD_3,PD_4': 1.0}, ASR: 1.0, TCB: {'PD_1': ['PD_3'], 'PD_2': ['PD_4'], 'PD_3': ['PD_4'], 'PD_4': ['PD_3']}, FR: {'PD_1,PD_2': inf, 'PD_1,PD_3': inf, 'PD_1,PD_4': inf, 'PD_2,PD_3': inf, 'PD_2,PD_4': inf, 'PD_3,PD_4': inf}
  Computing metrics...
    RSI: {'PD_1,PD_2': 0.0, 'PD_1,PD_3': 0.0, 'PD_1,PD_4': 0.0, 'PD_2,PD_3': 0.0, 'PD_2,PD_4': 0.0, 'PD_3,PD_4': 1.0}, ASR: 1.0, TCB: {'PD_1': ['PD_3'], 'PD_2': ['PD_4'], 'PD_3': ['PD_4'], 'PD_4': ['PD_3']}, FR: {'PD_1,PD_2': inf, 'PD_1,PD_3': inf, 'PD_1,PD_4': inf, 'PD_2,PD_3': inf, 'PD_2,PD_4': inf, 'PD_3,PD_4': inf}
  Computing metrics...
    RSI: {'PD_1,PD_2': 0.0, 'PD_1,PD_3': 0.0, 'PD_1,PD_4': 0.0, 'PD_2,PD_3': 0.0, 'PD_2,PD_4': 0.0, 'PD_3,PD_4': 1.0}, ASR: 1.0, TCB: {'PD_1': ['PD_3'], 'PD_2': ['PD_4'], 'PD_3': ['PD_4'], 'PD_4': ['PD_3']}, FR: {'PD_1,PD_2': inf, 'PD_1,PD_3': inf, 'PD_1,PD_4': inf, 'PD_2,PD_3': inf, 'PD_2,PD_4': inf, 'PD_3,PD_4': inf}
  Computing metrics...
    RSI: {'PD_1,PD_2': 0.0, 'PD_1,PD_3': 0.0, 'PD_1,PD_4': 0.0, 'PD_2,PD_3': 0.0, 'PD_2,PD_4': 0.0, 'PD_3,PD_4': 1.0}, ASR: 1.0, TCB: {'PD_1': ['PD_3'], 'PD_2': ['PD_4'], 'PD_3': ['PD_4'], 'PD_4': ['PD_3']}, FR: {'PD_1,PD_2': inf, 'PD_1,PD_3': inf, 'PD_1,PD_4': inf, 'PD_2,PD_3': inf, 'PD_2,PD_4': inf, 'PD_3,PD_4': inf}
  Computing metrics...
    RSI: {'PD_1,PD_2': 0.0, 'PD_1,PD_3': 0.0, 'PD_1,PD_4': 0.0, 'PD_2,PD_3': 0.0, 'PD_2,PD_4': 0.0, 'PD_3,PD_4': 1.0}, ASR: 1.0, TCB: {'PD_1': ['PD_3'], 'PD_2': ['PD_4'], 'PD_3': ['PD_4'], 'PD_4': ['PD_3']}, FR: {'PD_1,PD_2': inf, 'PD_1,PD_3': inf, 'PD_1,PD_4': inf, 'PD_2,PD_3': inf, 'PD_2,PD_4': inf, 'PD_3,PD_4': inf}
  Computing metrics...
    RSI: {'PD_1,PD_2': 0.0, 'PD_1,PD_3': 0.0, 'PD_1,PD_4': 0.0, 'PD_2,PD_3': 0.0, 'PD_2,PD_4': 0.0, 'PD_3,PD_4': 1.0}, ASR: 1.0, TCB: {'PD_1': ['PD_3'], 'PD_2': ['PD_4'], 'PD_3': ['PD_4'], 'PD_4': ['PD_3']}, FR: {'PD_1,PD_2': inf, 'PD_1,PD_3': inf, 'PD_1,PD_4': inf, 'PD_2,PD_3': inf, 'PD_2,PD_4': inf, 'PD_3,PD_4': inf}
  Computing metrics...
    RSI: {'PD_1,PD_2': 0.0, 'PD_1,PD_3': 0.0, 'PD_1,PD_4': 0.0, 'PD_2,PD_3': 0.0, 'PD_2,PD_4': 0.0, 'PD_3,PD_4': 1.0}, ASR: 1.0, TCB: {'PD_1': ['PD_3'], 'PD_2': ['PD_4'], 'PD_3': ['PD_4'], 'PD_4': ['PD_3']}, FR: {'PD_1,PD_2': inf, 'PD_1,PD_3': inf, 'PD_1,PD_4': inf, 'PD_2,PD_3': inf, 'PD_2,PD_4': inf, 'PD_3,PD_4': inf}
  🚫 Filtered out 0 'add_file_resource(create new CONFIG file in FILE_SPACE_1)' candidates (avoiding repetition)
  Trying best transition: primitive
    Target: add new protection domain to help resolve 2 constraint violation(s)
    Predicted improvement: 0.100
    Considered 60 other option(s):
      1. primitive: create new CONFIG file in FILE_SPACE_1 (improvement: 0.700)
      2. primitive: create new DATABASE file in FILE_SPACE_1 (improvement: 0.700)
      3. primitive: create new TEMP file in FILE_SPACE_1 (improvement: 0.700)
      4. primitive: create new LOG file in FILE_SPACE_1 (improvement: 0.700)
      5. primitive: add authority relationship: PD_1 -> PD_2 (improvement: 0.250)
      6. primitive: enable indirect access: PD_1 -> PD_4 (improvement: 0.250)
      7. primitive: add authority relationship: PD_2 -> PD_1 (improvement: 0.250)
      8. primitive: enable indirect access: PD_2 -> PD_3 (improvement: 0.250)
      9. primitive: add authority relationship: PD_3 -> PD_1 (improvement: 0.250)
      10. primitive: add authority relationship: PD_3 -> PD_2 (improvement: 0.250)
      ... and 50 more
    ✅ Applied add_pd
  📋 Generated 61 candidate(s)
  Computing metrics...
    RSI: {'PD_1,PD_2': 0.0, 'PD_1,PD_3': 0.0, 'PD_1,PD_4': 0.0, 'PD_2,PD_3': 0.0, 'PD_2,PD_4': 0.0, 'PD_3,PD_4': 1.0}, ASR: 1.0, TCB: {'PD_1': ['PD_3'], 'PD_2': ['PD_4'], 'PD_3': ['PD_4'], 'PD_4': ['PD_3']}, FR: {'PD_1,PD_2': inf, 'PD_1,PD_3': inf, 'PD_1,PD_4': inf, 'PD_2,PD_3': inf, 'PD_2,PD_4': inf, 'PD_3,PD_4': inf}
    ✅ Added candidate: add_file_resource (score: 0.700)
  Computing metrics...
    RSI: {'PD_1,PD_2': 0.0, 'PD_1,PD_3': 0.0, 'PD_1,PD_4': 0.0, 'PD_2,PD_3': 0.0, 'PD_2,PD_4': 0.0, 'PD_3,PD_4': 1.0}, ASR: 1.0, TCB: {'PD_1': ['PD_3'], 'PD_2': ['PD_4'], 'PD_3': ['PD_4'], 'PD_4': ['PD_3']}, FR: {'PD_1,PD_2': inf, 'PD_1,PD_3': inf, 'PD_1,PD_4': inf, 'PD_2,PD_3': inf, 'PD_2,PD_4': inf, 'PD_3,PD_4': inf}
    ✅ Added candidate: add_file_resource (score: 0.700)

📊 Next beam (3 states):
  Beam[0]: BeamState(iter=7, score=0.700, path=add_file_resource(create new CONFIG file in FILE_SPACE_1) → add_file_resource(create new CONFIG file in FILE_SPACE_1) → add_file_resource(create new CONFIG file in FILE_SPACE_1))
  Beam[1]: BeamState(iter=7, score=0.700, path=add_file_resource(create new CONFIG file in FILE_SPACE_1) → add_file_resource(create new CONFIG file in FILE_SPACE_1) → add_file_resource(create new DATABASE file in FILE_SPACE_1))
  Beam[2]: BeamState(iter=7, score=0.700, path=add_file_resource(create new CONFIG file in FILE_SPACE_1) → add_file_resource(create new DATABASE file in FILE_SPACE_1) → add_file_resource(create new CONFIG file in FILE_SPACE_1))
💡 Total candidates generated: 6
🎯 Mechanisms discovered so far: 0

============================================================
🔍 Beam Search Iteration 8/8
📊 Current beam size: 3
  Beam[0]: BeamState(iter=7, score=0.700, path=add_file_resource(create new CONFIG file in FILE_SPACE_1) → add_file_resource(create new CONFIG file in FILE_SPACE_1) → add_file_resource(create new CONFIG file in FILE_SPACE_1))
  Beam[1]: BeamState(iter=7, score=0.700, path=add_file_resource(create new CONFIG file in FILE_SPACE_1) → add_file_resource(create new CONFIG file in FILE_SPACE_1) → add_file_resource(create new DATABASE file in FILE_SPACE_1))
  Beam[2]: BeamState(iter=7, score=0.700, path=add_file_resource(create new CONFIG file in FILE_SPACE_1) → add_file_resource(create new DATABASE file in FILE_SPACE_1) → add_file_resource(create new CONFIG file in FILE_SPACE_1))

🌟 Expanding Beam[0] (score: 0.700)
  ⚠️  Constraints violated: PD_1 lacks access to any files; PD_2 lacks access to any files
  Computing metrics...
    RSI: {'PD_1,PD_2': 0.0, 'PD_1,PD_3': 0.0, 'PD_1,PD_4': 0.0, 'PD_2,PD_3': 0.0, 'PD_2,PD_4': 0.0, 'PD_3,PD_4': 1.0}, ASR: 1.0, TCB: {'PD_1': ['PD_3'], 'PD_2': ['PD_4'], 'PD_3': ['PD_4'], 'PD_4': ['PD_3']}, FR: {'PD_1,PD_2': inf, 'PD_1,PD_3': inf, 'PD_1,PD_4': inf, 'PD_2,PD_3': inf, 'PD_2,PD_4': inf, 'PD_3,PD_4': inf}
  Computing metrics...
    RSI: {'PD_1,PD_2': 0.0, 'PD_1,PD_3': 0.0, 'PD_1,PD_4': 0.0, 'PD_1,PD_5': 0.0, 'PD_2,PD_3': 0.0, 'PD_2,PD_4': 0.0, 'PD_2,PD_5': 0.0, 'PD_3,PD_4': 1.0, 'PD_3,PD_5': 0.0, 'PD_4,PD_5': 0.0}, ASR: 0.8, TCB: {'PD_1': ['PD_3'], 'PD_2': ['PD_4'], 'PD_3': ['PD_4'], 'PD_4': ['PD_3'], 'PD_5': []}, FR: {'PD_1,PD_2': inf, 'PD_1,PD_3': inf, 'PD_1,PD_4': inf, 'PD_1,PD_5': inf, 'PD_2,PD_3': inf, 'PD_2,PD_4': inf, 'PD_2,PD_5': inf, 'PD_3,PD_4': inf, 'PD_3,PD_5': inf, 'PD_4,PD_5': inf}
  Computing metrics...
    RSI: {'PD_1,PD_2': 0.0, 'PD_1,PD_3': 0.0, 'PD_1,PD_4': 0.0, 'PD_2,PD_3': 0.0, 'PD_2,PD_4': 0.0, 'PD_3,PD_4': 1.0}, ASR: 1.0, TCB: {'PD_1': ['PD_3'], 'PD_2': ['PD_4'], 'PD_3': ['PD_4'], 'PD_4': ['PD_3']}, FR: {'PD_1,PD_2': inf, 'PD_1,PD_3': inf, 'PD_1,PD_4': inf, 'PD_2,PD_3': inf, 'PD_2,PD_4': inf, 'PD_3,PD_4': inf}
  Computing metrics...
    RSI: {'PD_1,PD_2': 0.0, 'PD_1,PD_3': 0.0, 'PD_1,PD_4': 0.0, 'PD_2,PD_3': 0.0, 'PD_2,PD_4': 0.0, 'PD_3,PD_4': 1.0}, ASR: 1.0, TCB: {'PD_1': ['PD_3'], 'PD_2': ['PD_4'], 'PD_3': ['PD_4'], 'PD_4': ['PD_3']}, FR: {'PD_1,PD_2': inf, 'PD_1,PD_3': inf, 'PD_1,PD_4': inf, 'PD_2,PD_3': inf, 'PD_2,PD_4': inf, 'PD_3,PD_4': inf}
  Computing metrics...
    RSI: {'PD_1,PD_2': 0.0, 'PD_1,PD_3': 0.0, 'PD_1,PD_4': 0.0, 'PD_2,PD_3': 0.0, 'PD_2,PD_4': 0.0, 'PD_3,PD_4': 1.0}, ASR: 1.0, TCB: {'PD_1': ['PD_3'], 'PD_2': ['PD_4'], 'PD_3': ['PD_4'], 'PD_4': ['PD_3']}, FR: {'PD_1,PD_2': inf, 'PD_1,PD_3': inf, 'PD_1,PD_4': inf, 'PD_2,PD_3': inf, 'PD_2,PD_4': inf, 'PD_3,PD_4': inf}
  Computing metrics...
    RSI: {'PD_1,PD_2': 0.0, 'PD_1,PD_3': 0.0, 'PD_1,PD_4': 0.0, 'PD_2,PD_3': 0.0, 'PD_2,PD_4': 0.0, 'PD_3,PD_4': 1.0}, ASR: 1.0, TCB: {'PD_1': ['PD_3'], 'PD_2': ['PD_4'], 'PD_3': ['PD_4'], 'PD_4': ['PD_3']}, FR: {'PD_1,PD_2': inf, 'PD_1,PD_3': inf, 'PD_1,PD_4': inf, 'PD_2,PD_3': inf, 'PD_2,PD_4': inf, 'PD_3,PD_4': inf}
  Computing metrics...
    RSI: {'PD_1,PD_2': 0.0, 'PD_1,PD_3': 0.0, 'PD_1,PD_4': 0.0, 'PD_2,PD_3': 0.0, 'PD_2,PD_4': 0.0, 'PD_3,PD_4': 1.0}, ASR: 1.0, TCB: {'PD_1': ['PD_3'], 'PD_2': ['PD_4'], 'PD_3': ['PD_4'], 'PD_4': ['PD_3']}, FR: {'PD_1,PD_2': inf, 'PD_1,PD_3': inf, 'PD_1,PD_4': inf, 'PD_2,PD_3': inf, 'PD_2,PD_4': inf, 'PD_3,PD_4': inf}
  Computing metrics...
    RSI: {'PD_1,PD_2': 0.0, 'PD_1,PD_3': 0.0, 'PD_1,PD_4': 0.0, 'PD_2,PD_3': 0.0, 'PD_2,PD_4': 0.0, 'PD_3,PD_4': 1.0}, ASR: 1.0, TCB: {'PD_1': ['PD_3'], 'PD_2': ['PD_4'], 'PD_3': ['PD_4'], 'PD_4': ['PD_3']}, FR: {'PD_1,PD_2': inf, 'PD_1,PD_3': inf, 'PD_1,PD_4': inf, 'PD_2,PD_3': inf, 'PD_2,PD_4': inf, 'PD_3,PD_4': inf}
  Computing metrics...
    RSI: {'PD_1,PD_2': 0.0, 'PD_1,PD_3': 0.0, 'PD_1,PD_4': 0.0, 'PD_2,PD_3': 0.0, 'PD_2,PD_4': 0.0, 'PD_3,PD_4': 1.0}, ASR: 1.0, TCB: {'PD_1': ['PD_3'], 'PD_2': ['PD_4'], 'PD_3': ['PD_4'], 'PD_4': ['PD_3']}, FR: {'PD_1,PD_2': inf, 'PD_1,PD_3': inf, 'PD_1,PD_4': inf, 'PD_2,PD_3': inf, 'PD_2,PD_4': inf, 'PD_3,PD_4': inf}
  Computing metrics...
    RSI: {'PD_1,PD_2': 0.0, 'PD_1,PD_3': 0.0, 'PD_1,PD_4': 0.0, 'PD_2,PD_3': 0.0, 'PD_2,PD_4': 0.0, 'PD_3,PD_4': 1.0}, ASR: 1.0, TCB: {'PD_1': ['PD_3'], 'PD_2': ['PD_4'], 'PD_3': ['PD_4'], 'PD_4': ['PD_3']}, FR: {'PD_1,PD_2': inf, 'PD_1,PD_3': inf, 'PD_1,PD_4': inf, 'PD_2,PD_3': inf, 'PD_2,PD_4': inf, 'PD_3,PD_4': inf}
  Computing metrics...
    RSI: {'PD_1,PD_2': 0.0, 'PD_1,PD_3': 0.0, 'PD_1,PD_4': 0.0, 'PD_2,PD_3': 0.0, 'PD_2,PD_4': 0.0, 'PD_3,PD_4': 1.0}, ASR: 1.0, TCB: {'PD_1': ['PD_3'], 'PD_2': ['PD_4'], 'PD_3': ['PD_4'], 'PD_4': ['PD_3']}, FR: {'PD_1,PD_2': inf, 'PD_1,PD_3': inf, 'PD_1,PD_4': inf, 'PD_2,PD_3': inf, 'PD_2,PD_4': inf, 'PD_3,PD_4': inf}
  Computing metrics...
    RSI: {'PD_1,PD_2': 0.0, 'PD_1,PD_3': 0.0, 'PD_1,PD_4': 0.0, 'PD_2,PD_3': 0.0, 'PD_2,PD_4': 0.0, 'PD_3,PD_4': 1.0}, ASR: 1.0, TCB: {'PD_1': ['PD_3'], 'PD_2': ['PD_4'], 'PD_3': ['PD_4'], 'PD_4': ['PD_3']}, FR: {'PD_1,PD_2': inf, 'PD_1,PD_3': inf, 'PD_1,PD_4': inf, 'PD_2,PD_3': inf, 'PD_2,PD_4': inf, 'PD_3,PD_4': inf}
  Computing metrics...
    RSI: {'PD_1,PD_2': 0.0, 'PD_1,PD_3': 0.0, 'PD_1,PD_4': 0.0, 'PD_2,PD_3': 0.0, 'PD_2,PD_4': 0.0, 'PD_3,PD_4': 1.0}, ASR: 1.0, TCB: {'PD_1': ['PD_3'], 'PD_2': ['PD_4'], 'PD_3': ['PD_4'], 'PD_4': ['PD_3']}, FR: {'PD_1,PD_2': inf, 'PD_1,PD_3': inf, 'PD_1,PD_4': inf, 'PD_2,PD_3': inf, 'PD_2,PD_4': inf, 'PD_3,PD_4': inf}
  Computing metrics...
    RSI: {'PD_1,PD_2': 0.0, 'PD_1,PD_3': 0.0, 'PD_1,PD_4': 0.0, 'PD_2,PD_3': 0.0, 'PD_2,PD_4': 0.0, 'PD_3,PD_4': 1.0}, ASR: 1.0, TCB: {'PD_1': ['PD_3'], 'PD_2': ['PD_4'], 'PD_3': ['PD_4'], 'PD_4': ['PD_3']}, FR: {'PD_1,PD_2': inf, 'PD_1,PD_3': inf, 'PD_1,PD_4': inf, 'PD_2,PD_3': inf, 'PD_2,PD_4': inf, 'PD_3,PD_4': inf}
  Computing metrics...
    RSI: {'PD_1,PD_2': 0.0, 'PD_1,PD_3': 0.0, 'PD_1,PD_4': 0.0, 'PD_2,PD_3': 0.0, 'PD_2,PD_4': 0.0, 'PD_3,PD_4': 1.0}, ASR: 1.0, TCB: {'PD_1': ['PD_3'], 'PD_2': ['PD_4'], 'PD_3': ['PD_4'], 'PD_4': ['PD_3']}, FR: {'PD_1,PD_2': inf, 'PD_1,PD_3': inf, 'PD_1,PD_4': inf, 'PD_2,PD_3': inf, 'PD_2,PD_4': inf, 'PD_3,PD_4': inf}
  Computing metrics...
    RSI: {'PD_1,PD_2': 0.0, 'PD_1,PD_3': 0.0, 'PD_1,PD_4': 0.0, 'PD_2,PD_3': 0.0, 'PD_2,PD_4': 0.0, 'PD_3,PD_4': 1.0}, ASR: 1.0, TCB: {'PD_1': ['PD_3'], 'PD_2': ['PD_4'], 'PD_3': ['PD_4'], 'PD_4': ['PD_3']}, FR: {'PD_1,PD_2': inf, 'PD_1,PD_3': inf, 'PD_1,PD_4': inf, 'PD_2,PD_3': inf, 'PD_2,PD_4': inf, 'PD_3,PD_4': inf}
  Computing metrics...
    RSI: {'PD_1,PD_2': 0.0, 'PD_1,PD_3': 0.0, 'PD_1,PD_4': 0.0, 'PD_2,PD_3': 0.0, 'PD_2,PD_4': 0.0, 'PD_3,PD_4': 1.0}, ASR: 1.0, TCB: {'PD_1': ['PD_3'], 'PD_2': ['PD_4'], 'PD_3': ['PD_4'], 'PD_4': ['PD_3']}, FR: {'PD_1,PD_2': inf, 'PD_1,PD_3': inf, 'PD_1,PD_4': inf, 'PD_2,PD_3': inf, 'PD_2,PD_4': inf, 'PD_3,PD_4': inf}
  Computing metrics...
    RSI: {'PD_1,PD_2': 0.0, 'PD_1,PD_3': 0.0, 'PD_1,PD_4': 0.0, 'PD_2,PD_3': 0.0, 'PD_2,PD_4': 0.0, 'PD_3,PD_4': 1.0}, ASR: 1.0, TCB: {'PD_1': ['PD_3'], 'PD_2': ['PD_4'], 'PD_3': ['PD_4'], 'PD_4': ['PD_3']}, FR: {'PD_1,PD_2': inf, 'PD_1,PD_3': inf, 'PD_1,PD_4': inf, 'PD_2,PD_3': inf, 'PD_2,PD_4': inf, 'PD_3,PD_4': inf}
  Computing metrics...
    RSI: {'PD_1,PD_2': 0.0, 'PD_1,PD_3': 0.0, 'PD_1,PD_4': 0.0, 'PD_2,PD_3': 0.0, 'PD_2,PD_4': 0.0, 'PD_3,PD_4': 1.0}, ASR: 1.0, TCB: {'PD_1': ['PD_3'], 'PD_2': ['PD_4'], 'PD_3': ['PD_4'], 'PD_4': ['PD_3']}, FR: {'PD_1,PD_2': inf, 'PD_1,PD_3': inf, 'PD_1,PD_4': inf, 'PD_2,PD_3': inf, 'PD_2,PD_4': inf, 'PD_3,PD_4': inf}
  Computing metrics...
    RSI: {'PD_1,PD_2': 0.0, 'PD_1,PD_3': 0.0, 'PD_1,PD_4': 0.0, 'PD_2,PD_3': 0.0, 'PD_2,PD_4': 0.0, 'PD_3,PD_4': 1.0}, ASR: 1.0, TCB: {'PD_1': ['PD_3'], 'PD_2': ['PD_4'], 'PD_3': ['PD_4'], 'PD_4': ['PD_3']}, FR: {'PD_1,PD_2': inf, 'PD_1,PD_3': inf, 'PD_1,PD_4': inf, 'PD_2,PD_3': inf, 'PD_2,PD_4': inf, 'PD_3,PD_4': inf}
  Computing metrics...
    RSI: {'PD_1,PD_2': 0.0, 'PD_1,PD_3': 0.0, 'PD_1,PD_4': 0.0, 'PD_2,PD_3': 0.0, 'PD_2,PD_4': 0.0, 'PD_3,PD_4': 1.0}, ASR: 1.0, TCB: {'PD_1': ['PD_3'], 'PD_2': ['PD_4'], 'PD_3': ['PD_4'], 'PD_4': ['PD_3']}, FR: {'PD_1,PD_2': inf, 'PD_1,PD_3': inf, 'PD_1,PD_4': inf, 'PD_2,PD_3': inf, 'PD_2,PD_4': inf, 'PD_3,PD_4': inf}
  Computing metrics...
    RSI: {'PD_1,PD_2': 0.0, 'PD_1,PD_3': 0.0, 'PD_1,PD_4': 0.0, 'PD_2,PD_3': 0.0, 'PD_2,PD_4': 0.0, 'PD_3,PD_4': 1.0}, ASR: 1.0, TCB: {'PD_1': ['PD_3'], 'PD_2': ['PD_4'], 'PD_3': ['PD_4'], 'PD_4': ['PD_3']}, FR: {'PD_1,PD_2': inf, 'PD_1,PD_3': inf, 'PD_1,PD_4': inf, 'PD_2,PD_3': inf, 'PD_2,PD_4': inf, 'PD_3,PD_4': inf}
  Computing metrics...
    RSI: {'PD_1,PD_2': 0.0, 'PD_1,PD_3': 0.0, 'PD_1,PD_4': 0.0, 'PD_2,PD_3': 0.0, 'PD_2,PD_4': 0.0, 'PD_3,PD_4': 1.0}, ASR: 1.0, TCB: {'PD_1': ['PD_3'], 'PD_2': ['PD_4'], 'PD_3': ['PD_4'], 'PD_4': ['PD_3']}, FR: {'PD_1,PD_2': inf, 'PD_1,PD_3': inf, 'PD_1,PD_4': inf, 'PD_2,PD_3': inf, 'PD_2,PD_4': inf, 'PD_3,PD_4': inf}
  Computing metrics...
    RSI: {'PD_1,PD_2': 0.0, 'PD_1,PD_3': 0.0, 'PD_1,PD_4': 0.0, 'PD_2,PD_3': 0.0, 'PD_2,PD_4': 0.0, 'PD_3,PD_4': 1.0}, ASR: 1.0, TCB: {'PD_1': ['PD_3'], 'PD_2': ['PD_4'], 'PD_3': ['PD_4'], 'PD_4': ['PD_3']}, FR: {'PD_1,PD_2': inf, 'PD_1,PD_3': inf, 'PD_1,PD_4': inf, 'PD_2,PD_3': inf, 'PD_2,PD_4': inf, 'PD_3,PD_4': inf}
  Computing metrics...
    RSI: {'PD_1,PD_2': 0.0, 'PD_1,PD_3': 0.0, 'PD_1,PD_4': 0.0, 'PD_2,PD_3': 0.0, 'PD_2,PD_4': 0.0, 'PD_3,PD_4': 1.0}, ASR: 1.0, TCB: {'PD_1': ['PD_3'], 'PD_2': ['PD_4'], 'PD_3': ['PD_4'], 'PD_4': ['PD_3']}, FR: {'PD_1,PD_2': inf, 'PD_1,PD_3': inf, 'PD_1,PD_4': inf, 'PD_2,PD_3': inf, 'PD_2,PD_4': inf, 'PD_3,PD_4': inf}
  Computing metrics...
    RSI: {'PD_1,PD_2': 0.0, 'PD_1,PD_3': 0.0, 'PD_1,PD_4': 0.0, 'PD_2,PD_3': 0.0, 'PD_2,PD_4': 0.0, 'PD_3,PD_4': 1.0}, ASR: 1.0, TCB: {'PD_1': ['PD_3'], 'PD_2': ['PD_4'], 'PD_3': ['PD_4'], 'PD_4': ['PD_3']}, FR: {'PD_1,PD_2': inf, 'PD_1,PD_3': inf, 'PD_1,PD_4': inf, 'PD_2,PD_3': inf, 'PD_2,PD_4': inf, 'PD_3,PD_4': inf}
  Computing metrics...
    RSI: {'PD_1,PD_2': 0.0, 'PD_1,PD_3': 0.0, 'PD_1,PD_4': 0.0, 'PD_2,PD_3': 0.0, 'PD_2,PD_4': 0.0, 'PD_3,PD_4': 1.0}, ASR: 1.0, TCB: {'PD_1': ['PD_3'], 'PD_2': ['PD_4'], 'PD_3': ['PD_4'], 'PD_4': ['PD_3']}, FR: {'PD_1,PD_2': inf, 'PD_1,PD_3': inf, 'PD_1,PD_4': inf, 'PD_2,PD_3': inf, 'PD_2,PD_4': inf, 'PD_3,PD_4': inf}
  Computing metrics...
    RSI: {'PD_1,PD_2': 0.0, 'PD_1,PD_3': 0.0, 'PD_1,PD_4': 0.0, 'PD_2,PD_3': 0.0, 'PD_2,PD_4': 0.0, 'PD_3,PD_4': 1.0}, ASR: 1.0, TCB: {'PD_1': ['PD_3'], 'PD_2': ['PD_4'], 'PD_3': ['PD_4'], 'PD_4': ['PD_3']}, FR: {'PD_1,PD_2': inf, 'PD_1,PD_3': inf, 'PD_1,PD_4': inf, 'PD_2,PD_3': inf, 'PD_2,PD_4': inf, 'PD_3,PD_4': inf}
  Computing metrics...
    RSI: {'PD_1,PD_2': 0.0, 'PD_1,PD_3': 0.0, 'PD_1,PD_4': 0.0, 'PD_2,PD_3': 0.0, 'PD_2,PD_4': 0.0, 'PD_3,PD_4': 1.0}, ASR: 1.0, TCB: {'PD_1': ['PD_3'], 'PD_2': ['PD_4'], 'PD_3': ['PD_4'], 'PD_4': ['PD_3']}, FR: {'PD_1,PD_2': inf, 'PD_1,PD_3': inf, 'PD_1,PD_4': inf, 'PD_2,PD_3': inf, 'PD_2,PD_4': inf, 'PD_3,PD_4': inf}
  Computing metrics...
    RSI: {'PD_1,PD_2': 0.0, 'PD_1,PD_3': 0.0, 'PD_1,PD_4': 0.0, 'PD_2,PD_3': 0.0, 'PD_2,PD_4': 0.0, 'PD_3,PD_4': 1.0}, ASR: 1.0, TCB: {'PD_1': ['PD_3'], 'PD_2': ['PD_4'], 'PD_3': ['PD_4'], 'PD_4': ['PD_3']}, FR: {'PD_1,PD_2': inf, 'PD_1,PD_3': inf, 'PD_1,PD_4': inf, 'PD_2,PD_3': inf, 'PD_2,PD_4': inf, 'PD_3,PD_4': inf}
  Computing metrics...
    RSI: {'PD_1,PD_2': 0.0, 'PD_1,PD_3': 0.0, 'PD_1,PD_4': 0.0, 'PD_2,PD_3': 0.0, 'PD_2,PD_4': 0.0, 'PD_3,PD_4': 1.0}, ASR: 1.0, TCB: {'PD_1': ['PD_3'], 'PD_2': ['PD_4'], 'PD_3': ['PD_4'], 'PD_4': ['PD_3']}, FR: {'PD_1,PD_2': inf, 'PD_1,PD_3': inf, 'PD_1,PD_4': inf, 'PD_2,PD_3': inf, 'PD_2,PD_4': inf, 'PD_3,PD_4': inf}
  Computing metrics...
    RSI: {'PD_1,PD_2': 0.0, 'PD_1,PD_3': 1.0, 'PD_1,PD_4': 1.0, 'PD_2,PD_3': 0.0, 'PD_2,PD_4': 0.0, 'PD_3,PD_4': 1.0}, ASR: 1.25, TCB: {'PD_1': ['PD_3', 'PD_4'], 'PD_2': ['PD_4'], 'PD_3': ['PD_1', 'PD_4'], 'PD_4': ['PD_1', 'PD_3']}, FR: {'PD_1,PD_2': inf, 'PD_1,PD_3': inf, 'PD_1,PD_4': inf, 'PD_2,PD_3': inf, 'PD_2,PD_4': inf, 'PD_3,PD_4': inf}
  Computing metrics...
    RSI: {'PD_1,PD_2': 0.0, 'PD_1,PD_3': 0.0, 'PD_1,PD_4': 0.0, 'PD_2,PD_3': 0.0, 'PD_2,PD_4': 0.0, 'PD_3,PD_4': 1.0}, ASR: 1.0, TCB: {'PD_1': ['PD_3'], 'PD_2': ['PD_4'], 'PD_3': ['PD_4'], 'PD_4': ['PD_3']}, FR: {'PD_1,PD_2': inf, 'PD_1,PD_3': inf, 'PD_1,PD_4': inf, 'PD_2,PD_3': inf, 'PD_2,PD_4': inf, 'PD_3,PD_4': inf}
  Computing metrics...
    RSI: {'PD_1,PD_2': 0.0, 'PD_1,PD_3': 0.0, 'PD_1,PD_4': 0.0, 'PD_2,PD_3': 0.0, 'PD_2,PD_4': 0.0, 'PD_3,PD_4': 1.0}, ASR: 1.25, TCB: {'PD_1': ['PD_3'], 'PD_2': ['PD_4'], 'PD_3': ['PD_4'], 'PD_4': ['PD_3']}, FR: {'PD_1,PD_2': inf, 'PD_1,PD_3': inf, 'PD_1,PD_4': inf, 'PD_2,PD_3': inf, 'PD_2,PD_4': inf, 'PD_3,PD_4': inf}
  Computing metrics...
    RSI: {'PD_1,PD_2': 0.0, 'PD_1,PD_3': 0.0, 'PD_1,PD_4': 0.0, 'PD_2,PD_3': 0.0, 'PD_2,PD_4': 0.0, 'PD_3,PD_4': 1.0}, ASR: 1.0, TCB: {'PD_1': ['PD_3'], 'PD_2': ['PD_4'], 'PD_3': ['PD_4'], 'PD_4': ['PD_3']}, FR: {'PD_1,PD_2': inf, 'PD_1,PD_3': inf, 'PD_1,PD_4': inf, 'PD_2,PD_3': inf, 'PD_2,PD_4': inf, 'PD_3,PD_4': inf}
  Computing metrics...
    RSI: {'PD_1,PD_2': 0.0, 'PD_1,PD_3': 0.0, 'PD_1,PD_4': 0.0, 'PD_2,PD_3': 0.0, 'PD_2,PD_4': 0.0, 'PD_3,PD_4': 1.0}, ASR: 1.25, TCB: {'PD_1': ['PD_3'], 'PD_2': ['PD_4'], 'PD_3': ['PD_4'], 'PD_4': ['PD_3']}, FR: {'PD_1,PD_2': inf, 'PD_1,PD_3': inf, 'PD_1,PD_4': inf, 'PD_2,PD_3': inf, 'PD_2,PD_4': inf, 'PD_3,PD_4': inf}
  Computing metrics...
    RSI: {'PD_1,PD_2': 0.0, 'PD_1,PD_3': 0.0, 'PD_1,PD_4': 0.0, 'PD_2,PD_3': 0.0, 'PD_2,PD_4': 0.0, 'PD_3,PD_4': 1.0}, ASR: 1.0, TCB: {'PD_1': ['PD_3'], 'PD_2': ['PD_4'], 'PD_3': ['PD_4'], 'PD_4': ['PD_3']}, FR: {'PD_1,PD_2': inf, 'PD_1,PD_3': inf, 'PD_1,PD_4': inf, 'PD_2,PD_3': inf, 'PD_2,PD_4': inf, 'PD_3,PD_4': inf}
  Computing metrics...
    RSI: {'PD_1,PD_2': 0.0, 'PD_1,PD_3': 0.0, 'PD_1,PD_4': 0.0, 'PD_2,PD_3': 0.0, 'PD_2,PD_4': 0.0, 'PD_3,PD_4': 1.0}, ASR: 1.25, TCB: {'PD_1': ['PD_3'], 'PD_2': ['PD_4'], 'PD_3': ['PD_4'], 'PD_4': ['PD_3']}, FR: {'PD_1,PD_2': inf, 'PD_1,PD_3': inf, 'PD_1,PD_4': inf, 'PD_2,PD_3': inf, 'PD_2,PD_4': inf, 'PD_3,PD_4': inf}
  Computing metrics...
    RSI: {'PD_1,PD_2': 0.0, 'PD_1,PD_3': 0.0, 'PD_1,PD_4': 0.0, 'PD_2,PD_3': 0.0, 'PD_2,PD_4': 0.0, 'PD_3,PD_4': 1.0}, ASR: 1.0, TCB: {'PD_1': ['PD_3'], 'PD_2': ['PD_4'], 'PD_3': ['PD_4'], 'PD_4': ['PD_3']}, FR: {'PD_1,PD_2': inf, 'PD_1,PD_3': inf, 'PD_1,PD_4': inf, 'PD_2,PD_3': inf, 'PD_2,PD_4': inf, 'PD_3,PD_4': inf}
  Computing metrics...
    RSI: {'PD_1,PD_2': 0.0, 'PD_1,PD_3': 0.0, 'PD_1,PD_4': 0.0, 'PD_2,PD_3': 0.0, 'PD_2,PD_4': 0.0, 'PD_3,PD_4': 1.0}, ASR: 1.25, TCB: {'PD_1': ['PD_3'], 'PD_2': ['PD_4'], 'PD_3': ['PD_4'], 'PD_4': ['PD_3']}, FR: {'PD_1,PD_2': inf, 'PD_1,PD_3': inf, 'PD_1,PD_4': inf, 'PD_2,PD_3': inf, 'PD_2,PD_4': inf, 'PD_3,PD_4': inf}
  Computing metrics...
    RSI: {'PD_1,PD_2': 0.0, 'PD_1,PD_3': 0.0, 'PD_1,PD_4': 0.0, 'PD_2,PD_3': 0.0, 'PD_2,PD_4': 0.0, 'PD_3,PD_4': 1.0}, ASR: 1.0, TCB: {'PD_1': ['PD_3'], 'PD_2': ['PD_4'], 'PD_3': ['PD_4'], 'PD_4': ['PD_3']}, FR: {'PD_1,PD_2': inf, 'PD_1,PD_3': inf, 'PD_1,PD_4': inf, 'PD_2,PD_3': inf, 'PD_2,PD_4': inf, 'PD_3,PD_4': inf}
  Computing metrics...
    RSI: {'PD_1,PD_2': 0.0, 'PD_1,PD_3': 0.0, 'PD_1,PD_4': 0.0, 'PD_2,PD_3': 0.0, 'PD_2,PD_4': 0.0, 'PD_3,PD_4': 1.0}, ASR: 1.25, TCB: {'PD_1': ['PD_3'], 'PD_2': ['PD_4'], 'PD_3': ['PD_4'], 'PD_4': ['PD_3']}, FR: {'PD_1,PD_2': inf, 'PD_1,PD_3': inf, 'PD_1,PD_4': inf, 'PD_2,PD_3': inf, 'PD_2,PD_4': inf, 'PD_3,PD_4': inf}
  Computing metrics...
    RSI: {'PD_1,PD_2': 0.0, 'PD_1,PD_3': 0.0, 'PD_1,PD_4': 0.0, 'PD_2,PD_3': 0.0, 'PD_2,PD_4': 0.0, 'PD_3,PD_4': 1.0}, ASR: 1.0, TCB: {'PD_1': ['PD_3'], 'PD_2': ['PD_4'], 'PD_3': ['PD_4'], 'PD_4': ['PD_3']}, FR: {'PD_1,PD_2': inf, 'PD_1,PD_3': inf, 'PD_1,PD_4': inf, 'PD_2,PD_3': inf, 'PD_2,PD_4': inf, 'PD_3,PD_4': inf}
  Computing metrics...
    RSI: {'PD_1,PD_2': 0.0, 'PD_1,PD_3': 0.0, 'PD_1,PD_4': 0.0, 'PD_2,PD_3': 0.0, 'PD_2,PD_4': 0.0, 'PD_3,PD_4': 1.0}, ASR: 1.25, TCB: {'PD_1': ['PD_3'], 'PD_2': ['PD_4'], 'PD_3': ['PD_4'], 'PD_4': ['PD_3']}, FR: {'PD_1,PD_2': inf, 'PD_1,PD_3': inf, 'PD_1,PD_4': inf, 'PD_2,PD_3': inf, 'PD_2,PD_4': inf, 'PD_3,PD_4': inf}
  Computing metrics...
    RSI: {'PD_1,PD_2': 0.0, 'PD_1,PD_3': 0.0, 'PD_1,PD_4': 0.0, 'PD_2,PD_3': 0.0, 'PD_2,PD_4': 0.0, 'PD_3,PD_4': 1.0}, ASR: 1.0, TCB: {'PD_1': ['PD_3'], 'PD_2': ['PD_4'], 'PD_3': ['PD_4'], 'PD_4': ['PD_3']}, FR: {'PD_1,PD_2': inf, 'PD_1,PD_3': inf, 'PD_1,PD_4': inf, 'PD_2,PD_3': inf, 'PD_2,PD_4': inf, 'PD_3,PD_4': inf}
  Computing metrics...
    RSI: {'PD_1,PD_2': 0.0, 'PD_1,PD_3': 0.0, 'PD_1,PD_4': 0.0, 'PD_2,PD_3': 0.0, 'PD_2,PD_4': 0.0, 'PD_3,PD_4': 1.0}, ASR: 1.25, TCB: {'PD_1': ['PD_3'], 'PD_2': ['PD_4'], 'PD_3': ['PD_4'], 'PD_4': ['PD_3']}, FR: {'PD_1,PD_2': inf, 'PD_1,PD_3': inf, 'PD_1,PD_4': inf, 'PD_2,PD_3': inf, 'PD_2,PD_4': inf, 'PD_3,PD_4': inf}
  Computing metrics...
    RSI: {'PD_1,PD_2': 0.0, 'PD_1,PD_3': 0.0, 'PD_1,PD_4': 0.0, 'PD_2,PD_3': 0.0, 'PD_2,PD_4': 0.0, 'PD_3,PD_4': 1.0}, ASR: 1.0, TCB: {'PD_1': ['PD_3'], 'PD_2': ['PD_4'], 'PD_3': ['PD_4'], 'PD_4': ['PD_3']}, FR: {'PD_1,PD_2': inf, 'PD_1,PD_3': inf, 'PD_1,PD_4': inf, 'PD_2,PD_3': inf, 'PD_2,PD_4': inf, 'PD_3,PD_4': inf}
  Computing metrics...
    RSI: {'PD_1,PD_2': 0.0, 'PD_1,PD_3': 0.0, 'PD_1,PD_4': 0.0, 'PD_2,PD_3': 1.0, 'PD_2,PD_4': 1.0, 'PD_3,PD_4': 1.0}, ASR: 1.25, TCB: {'PD_1': ['PD_3'], 'PD_2': ['PD_4', 'PD_3'], 'PD_3': ['PD_2', 'PD_4'], 'PD_4': ['PD_2', 'PD_3']}, FR: {'PD_1,PD_2': inf, 'PD_1,PD_3': inf, 'PD_1,PD_4': inf, 'PD_2,PD_3': inf, 'PD_2,PD_4': inf, 'PD_3,PD_4': inf}
  Computing metrics...
    RSI: {'PD_1,PD_2': 0.0, 'PD_1,PD_3': 0.0, 'PD_1,PD_4': 0.0, 'PD_2,PD_3': 0.0, 'PD_2,PD_4': 0.0, 'PD_3,PD_4': 1.0}, ASR: 1.0, TCB: {'PD_1': ['PD_3'], 'PD_2': ['PD_4'], 'PD_3': ['PD_4'], 'PD_4': ['PD_3']}, FR: {'PD_1,PD_2': inf, 'PD_1,PD_3': inf, 'PD_1,PD_4': inf, 'PD_2,PD_3': inf, 'PD_2,PD_4': inf, 'PD_3,PD_4': inf}
  Computing metrics...
    RSI: {'PD_1,PD_2': 0.0, 'PD_1,PD_3': 0.0, 'PD_1,PD_4': 0.0, 'PD_2,PD_3': 0.0, 'PD_2,PD_4': 0.0, 'PD_3,PD_4': 1.0}, ASR: 1.25, TCB: {'PD_1': ['PD_3'], 'PD_2': ['PD_4'], 'PD_3': ['PD_4'], 'PD_4': ['PD_3']}, FR: {'PD_1,PD_2': inf, 'PD_1,PD_3': inf, 'PD_1,PD_4': inf, 'PD_2,PD_3': inf, 'PD_2,PD_4': inf, 'PD_3,PD_4': inf}
  Computing metrics...
    RSI: {'PD_1,PD_2': 0.0, 'PD_1,PD_3': 0.0, 'PD_1,PD_4': 0.0, 'PD_2,PD_3': 0.0, 'PD_2,PD_4': 0.0, 'PD_3,PD_4': 1.0}, ASR: 1.0, TCB: {'PD_1': ['PD_3'], 'PD_2': ['PD_4'], 'PD_3': ['PD_4'], 'PD_4': ['PD_3']}, FR: {'PD_1,PD_2': inf, 'PD_1,PD_3': inf, 'PD_1,PD_4': inf, 'PD_2,PD_3': inf, 'PD_2,PD_4': inf, 'PD_3,PD_4': inf}
  Computing metrics...
    RSI: {'PD_1,PD_2': 0.0, 'PD_1,PD_3': 0.0, 'PD_1,PD_4': 0.0, 'PD_2,PD_3': 0.0, 'PD_2,PD_4': 0.0, 'PD_3,PD_4': 1.0}, ASR: 1.25, TCB: {'PD_1': ['PD_3'], 'PD_2': ['PD_4'], 'PD_3': ['PD_4'], 'PD_4': ['PD_3']}, FR: {'PD_1,PD_2': inf, 'PD_1,PD_3': inf, 'PD_1,PD_4': inf, 'PD_2,PD_3': inf, 'PD_2,PD_4': inf, 'PD_3,PD_4': inf}
  Computing metrics...
    RSI: {'PD_1,PD_2': 0.0, 'PD_1,PD_3': 0.0, 'PD_1,PD_4': 0.0, 'PD_2,PD_3': 0.0, 'PD_2,PD_4': 0.0, 'PD_3,PD_4': 1.0}, ASR: 1.0, TCB: {'PD_1': ['PD_3'], 'PD_2': ['PD_4'], 'PD_3': ['PD_4'], 'PD_4': ['PD_3']}, FR: {'PD_1,PD_2': inf, 'PD_1,PD_3': inf, 'PD_1,PD_4': inf, 'PD_2,PD_3': inf, 'PD_2,PD_4': inf, 'PD_3,PD_4': inf}
  Computing metrics...
    RSI: {'PD_1,PD_2': 0.0, 'PD_1,PD_3': 0.0, 'PD_1,PD_4': 0.0, 'PD_2,PD_3': 0.0, 'PD_2,PD_4': 0.0, 'PD_3,PD_4': 1.0}, ASR: 1.25, TCB: {'PD_1': ['PD_3'], 'PD_2': ['PD_4'], 'PD_3': ['PD_4'], 'PD_4': ['PD_3']}, FR: {'PD_1,PD_2': inf, 'PD_1,PD_3': inf, 'PD_1,PD_4': inf, 'PD_2,PD_3': inf, 'PD_2,PD_4': inf, 'PD_3,PD_4': inf}
  Computing metrics...
    RSI: {'PD_1,PD_2': 0.0, 'PD_1,PD_3': 0.0, 'PD_1,PD_4': 0.0, 'PD_2,PD_3': 0.0, 'PD_2,PD_4': 0.0, 'PD_3,PD_4': 1.0}, ASR: 1.0, TCB: {'PD_1': ['PD_3'], 'PD_2': ['PD_4'], 'PD_3': ['PD_4'], 'PD_4': ['PD_3']}, FR: {'PD_1,PD_2': inf, 'PD_1,PD_3': inf, 'PD_1,PD_4': inf, 'PD_2,PD_3': inf, 'PD_2,PD_4': inf, 'PD_3,PD_4': inf}
  Computing metrics...
    RSI: {'PD_1,PD_2': 0.0, 'PD_1,PD_3': 0.0, 'PD_1,PD_4': 0.0, 'PD_2,PD_3': 0.0, 'PD_2,PD_4': 0.0, 'PD_3,PD_4': 1.0}, ASR: 1.25, TCB: {'PD_1': ['PD_3'], 'PD_2': ['PD_4'], 'PD_3': ['PD_4'], 'PD_4': ['PD_3']}, FR: {'PD_1,PD_2': inf, 'PD_1,PD_3': inf, 'PD_1,PD_4': inf, 'PD_2,PD_3': inf, 'PD_2,PD_4': inf, 'PD_3,PD_4': inf}
  Computing metrics...
    RSI: {'PD_1,PD_2': 0.0, 'PD_1,PD_3': 0.0, 'PD_1,PD_4': 0.0, 'PD_2,PD_3': 0.0, 'PD_2,PD_4': 0.0, 'PD_3,PD_4': 1.0}, ASR: 1.0, TCB: {'PD_1': ['PD_3'], 'PD_2': ['PD_4'], 'PD_3': ['PD_4'], 'PD_4': ['PD_3']}, FR: {'PD_1,PD_2': inf, 'PD_1,PD_3': inf, 'PD_1,PD_4': inf, 'PD_2,PD_3': inf, 'PD_2,PD_4': inf, 'PD_3,PD_4': inf}
  Computing metrics...
    RSI: {'PD_1,PD_2': 0.0, 'PD_1,PD_3': 0.0, 'PD_1,PD_4': 0.0, 'PD_2,PD_3': 0.0, 'PD_2,PD_4': 0.0, 'PD_3,PD_4': 1.0}, ASR: 1.25, TCB: {'PD_1': ['PD_3'], 'PD_2': ['PD_4'], 'PD_3': ['PD_4'], 'PD_4': ['PD_3']}, FR: {'PD_1,PD_2': inf, 'PD_1,PD_3': inf, 'PD_1,PD_4': inf, 'PD_2,PD_3': inf, 'PD_2,PD_4': inf, 'PD_3,PD_4': inf}
  Computing metrics...
    RSI: {'PD_1,PD_2': 0.0, 'PD_1,PD_3': 0.0, 'PD_1,PD_4': 0.0, 'PD_2,PD_3': 0.0, 'PD_2,PD_4': 0.0, 'PD_3,PD_4': 1.0}, ASR: 1.0, TCB: {'PD_1': ['PD_3'], 'PD_2': ['PD_4'], 'PD_3': ['PD_4'], 'PD_4': ['PD_3']}, FR: {'PD_1,PD_2': inf, 'PD_1,PD_3': inf, 'PD_1,PD_4': inf, 'PD_2,PD_3': inf, 'PD_2,PD_4': inf, 'PD_3,PD_4': inf}
  Computing metrics...
    RSI: {'PD_1,PD_2': 0.0, 'PD_1,PD_3': 0.0, 'PD_1,PD_4': 0.0, 'PD_2,PD_3': 0.0, 'PD_2,PD_4': 0.0, 'PD_3,PD_4': 1.0}, ASR: 1.25, TCB: {'PD_1': ['PD_3'], 'PD_2': ['PD_4'], 'PD_3': ['PD_4'], 'PD_4': ['PD_3']}, FR: {'PD_1,PD_2': inf, 'PD_1,PD_3': inf, 'PD_1,PD_4': inf, 'PD_2,PD_3': inf, 'PD_2,PD_4': inf, 'PD_3,PD_4': inf}
  Computing metrics...
    RSI: {'PD_1,PD_2': 0.0, 'PD_1,PD_3': 0.0, 'PD_1,PD_4': 0.0, 'PD_2,PD_3': 0.0, 'PD_2,PD_4': 0.0, 'PD_3,PD_4': 1.0}, ASR: 1.0, TCB: {'PD_1': ['PD_3'], 'PD_2': ['PD_4'], 'PD_3': ['PD_4'], 'PD_4': ['PD_3']}, FR: {'PD_1,PD_2': inf, 'PD_1,PD_3': inf, 'PD_1,PD_4': inf, 'PD_2,PD_3': inf, 'PD_2,PD_4': inf, 'PD_3,PD_4': inf}
  Computing metrics...
    RSI: {'PD_1,PD_2': 0.0, 'PD_1,PD_3': 0.0, 'PD_1,PD_4': 0.0, 'PD_2,PD_3': 0.0, 'PD_2,PD_4': 0.0, 'PD_3,PD_4': 1.0}, ASR: 1.25, TCB: {'PD_1': ['PD_3'], 'PD_2': ['PD_4'], 'PD_3': ['PD_4'], 'PD_4': ['PD_3']}, FR: {'PD_1,PD_2': inf, 'PD_1,PD_3': inf, 'PD_1,PD_4': inf, 'PD_2,PD_3': inf, 'PD_2,PD_4': inf, 'PD_3,PD_4': inf}
  Computing metrics...
    RSI: {'PD_1,PD_2': 0.0, 'PD_1,PD_3': 0.0, 'PD_1,PD_4': 0.0, 'PD_2,PD_3': 0.0, 'PD_2,PD_4': 0.0, 'PD_3,PD_4': 1.0}, ASR: 1.0, TCB: {'PD_1': ['PD_3'], 'PD_2': ['PD_4'], 'PD_3': ['PD_4'], 'PD_4': ['PD_3']}, FR: {'PD_1,PD_2': inf, 'PD_1,PD_3': inf, 'PD_1,PD_4': inf, 'PD_2,PD_3': inf, 'PD_2,PD_4': inf, 'PD_3,PD_4': inf}
  Computing metrics...
    RSI: {'PD_1,PD_2': 0.0, 'PD_1,PD_3': 0.0, 'PD_1,PD_4': 0.0, 'PD_2,PD_3': 0.0, 'PD_2,PD_4': 0.0, 'PD_3,PD_4': 0.5}, ASR: 1.25, TCB: {'PD_1': ['PD_3'], 'PD_2': ['PD_4'], 'PD_3': ['PD_4'], 'PD_4': ['PD_3']}, FR: {'PD_1,PD_2': inf, 'PD_1,PD_3': inf, 'PD_1,PD_4': inf, 'PD_2,PD_3': inf, 'PD_2,PD_4': inf, 'PD_3,PD_4': inf}
  Computing metrics...
    RSI: {'PD_1,PD_2': 0.0, 'PD_1,PD_3': 0.0, 'PD_1,PD_4': 0.0, 'PD_2,PD_3': 0.0, 'PD_2,PD_4': 0.0, 'PD_3,PD_4': 1.0}, ASR: 1.0, TCB: {'PD_1': ['PD_3'], 'PD_2': ['PD_4'], 'PD_3': ['PD_4'], 'PD_4': ['PD_3']}, FR: {'PD_1,PD_2': inf, 'PD_1,PD_3': inf, 'PD_1,PD_4': inf, 'PD_2,PD_3': inf, 'PD_2,PD_4': inf, 'PD_3,PD_4': inf}
  Computing metrics...
    RSI: {'PD_1,PD_2': 0.0, 'PD_1,PD_3': 0.0, 'PD_1,PD_4': 0.0, 'PD_2,PD_3': 0.0, 'PD_2,PD_4': 0.0, 'PD_3,PD_4': 0.5}, ASR: 1.25, TCB: {'PD_1': ['PD_3'], 'PD_2': ['PD_4'], 'PD_3': ['PD_4'], 'PD_4': ['PD_3']}, FR: {'PD_1,PD_2': inf, 'PD_1,PD_3': inf, 'PD_1,PD_4': inf, 'PD_2,PD_3': inf, 'PD_2,PD_4': inf, 'PD_3,PD_4': inf}
  Computing metrics...
    RSI: {'PD_1,PD_2': 0.0, 'PD_1,PD_3': 0.0, 'PD_1,PD_4': 0.0, 'PD_2,PD_3': 0.0, 'PD_2,PD_4': 0.0, 'PD_3,PD_4': 1.0}, ASR: 1.0, TCB: {'PD_1': ['PD_3'], 'PD_2': ['PD_4'], 'PD_3': ['PD_4'], 'PD_4': ['PD_3']}, FR: {'PD_1,PD_2': inf, 'PD_1,PD_3': inf, 'PD_1,PD_4': inf, 'PD_2,PD_3': inf, 'PD_2,PD_4': inf, 'PD_3,PD_4': inf}
  Computing metrics...
    RSI: {'PD_1,PD_2': 0.0, 'PD_1,PD_3': 0.0, 'PD_1,PD_4': 0.0, 'PD_2,PD_3': 0.0, 'PD_2,PD_4': 0.0, 'PD_3,PD_4': 0.5}, ASR: 1.25, TCB: {'PD_1': ['PD_3'], 'PD_2': ['PD_4'], 'PD_3': ['PD_4'], 'PD_4': ['PD_3']}, FR: {'PD_1,PD_2': inf, 'PD_1,PD_3': inf, 'PD_1,PD_4': inf, 'PD_2,PD_3': inf, 'PD_2,PD_4': inf, 'PD_3,PD_4': inf}
  Computing metrics...
    RSI: {'PD_1,PD_2': 0.0, 'PD_1,PD_3': 0.0, 'PD_1,PD_4': 0.0, 'PD_2,PD_3': 0.0, 'PD_2,PD_4': 0.0, 'PD_3,PD_4': 1.0}, ASR: 1.0, TCB: {'PD_1': ['PD_3'], 'PD_2': ['PD_4'], 'PD_3': ['PD_4'], 'PD_4': ['PD_3']}, FR: {'PD_1,PD_2': inf, 'PD_1,PD_3': inf, 'PD_1,PD_4': inf, 'PD_2,PD_3': inf, 'PD_2,PD_4': inf, 'PD_3,PD_4': inf}
  Computing metrics...
    RSI: {'PD_1,PD_2': 0.0, 'PD_1,PD_3': 0.0, 'PD_1,PD_4': 0.0, 'PD_2,PD_3': 0.0, 'PD_2,PD_4': 0.0, 'PD_3,PD_4': 0.5}, ASR: 1.25, TCB: {'PD_1': ['PD_3'], 'PD_2': ['PD_4'], 'PD_3': ['PD_4'], 'PD_4': ['PD_3']}, FR: {'PD_1,PD_2': inf, 'PD_1,PD_3': inf, 'PD_1,PD_4': inf, 'PD_2,PD_3': inf, 'PD_2,PD_4': inf, 'PD_3,PD_4': inf}
  Computing metrics...
    RSI: {'PD_1,PD_2': 0.0, 'PD_1,PD_3': 0.0, 'PD_1,PD_4': 0.0, 'PD_2,PD_3': 0.0, 'PD_2,PD_4': 0.0, 'PD_3,PD_4': 1.0}, ASR: 1.0, TCB: {'PD_1': ['PD_3'], 'PD_2': ['PD_4'], 'PD_3': ['PD_4'], 'PD_4': ['PD_3']}, FR: {'PD_1,PD_2': inf, 'PD_1,PD_3': inf, 'PD_1,PD_4': inf, 'PD_2,PD_3': inf, 'PD_2,PD_4': inf, 'PD_3,PD_4': inf}
  Computing metrics...
    RSI: {'PD_1,PD_2': 0.0, 'PD_1,PD_3': 0.0, 'PD_1,PD_4': 0.0, 'PD_2,PD_3': 0.0, 'PD_2,PD_4': 0.0, 'PD_3,PD_4': 0.5}, ASR: 1.25, TCB: {'PD_1': ['PD_3'], 'PD_2': ['PD_4'], 'PD_3': ['PD_4'], 'PD_4': ['PD_3']}, FR: {'PD_1,PD_2': inf, 'PD_1,PD_3': inf, 'PD_1,PD_4': inf, 'PD_2,PD_3': inf, 'PD_2,PD_4': inf, 'PD_3,PD_4': inf}
  Computing metrics...
    RSI: {'PD_1,PD_2': 0.0, 'PD_1,PD_3': 0.0, 'PD_1,PD_4': 0.0, 'PD_2,PD_3': 0.0, 'PD_2,PD_4': 0.0, 'PD_3,PD_4': 1.0}, ASR: 1.0, TCB: {'PD_1': ['PD_3'], 'PD_2': ['PD_4'], 'PD_3': ['PD_4'], 'PD_4': ['PD_3']}, FR: {'PD_1,PD_2': inf, 'PD_1,PD_3': inf, 'PD_1,PD_4': inf, 'PD_2,PD_3': inf, 'PD_2,PD_4': inf, 'PD_3,PD_4': inf}
  Computing metrics...
    RSI: {'PD_1,PD_2': 0.0, 'PD_1,PD_3': 0.0, 'PD_1,PD_4': 0.0, 'PD_2,PD_3': 0.0, 'PD_2,PD_4': 0.0, 'PD_3,PD_4': 0.5}, ASR: 1.25, TCB: {'PD_1': ['PD_3'], 'PD_2': ['PD_4'], 'PD_3': ['PD_4'], 'PD_4': ['PD_3']}, FR: {'PD_1,PD_2': inf, 'PD_1,PD_3': inf, 'PD_1,PD_4': inf, 'PD_2,PD_3': inf, 'PD_2,PD_4': inf, 'PD_3,PD_4': inf}
  Computing metrics...
    RSI: {'PD_1,PD_2': 0.0, 'PD_1,PD_3': 0.0, 'PD_1,PD_4': 0.0, 'PD_2,PD_3': 0.0, 'PD_2,PD_4': 0.0, 'PD_3,PD_4': 1.0}, ASR: 1.0, TCB: {'PD_1': ['PD_3'], 'PD_2': ['PD_4'], 'PD_3': ['PD_4'], 'PD_4': ['PD_3']}, FR: {'PD_1,PD_2': inf, 'PD_1,PD_3': inf, 'PD_1,PD_4': inf, 'PD_2,PD_3': inf, 'PD_2,PD_4': inf, 'PD_3,PD_4': inf}
  Computing metrics...
    RSI: {'PD_1,PD_2': 0.0, 'PD_1,PD_3': 0.0, 'PD_1,PD_4': 0.0, 'PD_2,PD_3': 0.0, 'PD_2,PD_4': 0.0, 'PD_3,PD_4': 0.5}, ASR: 1.25, TCB: {'PD_1': ['PD_3'], 'PD_2': ['PD_4'], 'PD_3': ['PD_4'], 'PD_4': ['PD_3']}, FR: {'PD_1,PD_2': inf, 'PD_1,PD_3': inf, 'PD_1,PD_4': inf, 'PD_2,PD_3': inf, 'PD_2,PD_4': inf, 'PD_3,PD_4': inf}
  Computing metrics...
    RSI: {'PD_1,PD_2': 0.0, 'PD_1,PD_3': 0.0, 'PD_1,PD_4': 0.0, 'PD_2,PD_3': 0.0, 'PD_2,PD_4': 0.0, 'PD_3,PD_4': 1.0}, ASR: 1.0, TCB: {'PD_1': ['PD_3'], 'PD_2': ['PD_4'], 'PD_3': ['PD_4'], 'PD_4': ['PD_3']}, FR: {'PD_1,PD_2': inf, 'PD_1,PD_3': inf, 'PD_1,PD_4': inf, 'PD_2,PD_3': inf, 'PD_2,PD_4': inf, 'PD_3,PD_4': inf}
  Computing metrics...
    RSI: {'PD_1,PD_2': 0.0, 'PD_1,PD_3': 0.0, 'PD_1,PD_4': 0.0, 'PD_2,PD_3': 0.0, 'PD_2,PD_4': 0.0, 'PD_3,PD_4': 0.5}, ASR: 1.25, TCB: {'PD_1': ['PD_3'], 'PD_2': ['PD_4'], 'PD_3': ['PD_4'], 'PD_4': ['PD_3']}, FR: {'PD_1,PD_2': inf, 'PD_1,PD_3': inf, 'PD_1,PD_4': inf, 'PD_2,PD_3': inf, 'PD_2,PD_4': inf, 'PD_3,PD_4': inf}
  Computing metrics...
    RSI: {'PD_1,PD_2': 0.0, 'PD_1,PD_3': 0.0, 'PD_1,PD_4': 0.0, 'PD_2,PD_3': 0.0, 'PD_2,PD_4': 0.0, 'PD_3,PD_4': 1.0}, ASR: 1.0, TCB: {'PD_1': ['PD_3'], 'PD_2': ['PD_4'], 'PD_3': ['PD_4'], 'PD_4': ['PD_3']}, FR: {'PD_1,PD_2': inf, 'PD_1,PD_3': inf, 'PD_1,PD_4': inf, 'PD_2,PD_3': inf, 'PD_2,PD_4': inf, 'PD_3,PD_4': inf}
  Computing metrics...
    RSI: {'PD_1,PD_2': 0.0, 'PD_1,PD_3': 0.0, 'PD_1,PD_4': 0.0, 'PD_2,PD_3': 0.0, 'PD_2,PD_4': 0.0, 'PD_3,PD_4': 0.5}, ASR: 1.25, TCB: {'PD_1': ['PD_3'], 'PD_2': ['PD_4'], 'PD_3': ['PD_4'], 'PD_4': ['PD_3']}, FR: {'PD_1,PD_2': inf, 'PD_1,PD_3': inf, 'PD_1,PD_4': inf, 'PD_2,PD_3': inf, 'PD_2,PD_4': inf, 'PD_3,PD_4': inf}
  Computing metrics...
    RSI: {'PD_1,PD_2': 0.0, 'PD_1,PD_3': 0.0, 'PD_1,PD_4': 0.0, 'PD_2,PD_3': 0.0, 'PD_2,PD_4': 0.0, 'PD_3,PD_4': 1.0}, ASR: 1.0, TCB: {'PD_1': ['PD_3'], 'PD_2': ['PD_4'], 'PD_3': ['PD_4'], 'PD_4': ['PD_3']}, FR: {'PD_1,PD_2': inf, 'PD_1,PD_3': inf, 'PD_1,PD_4': inf, 'PD_2,PD_3': inf, 'PD_2,PD_4': inf, 'PD_3,PD_4': inf}
  Computing metrics...
    RSI: {'PD_1,PD_2': 0.0, 'PD_1,PD_3': 0.0, 'PD_1,PD_4': 0.0, 'PD_2,PD_3': 0.0, 'PD_2,PD_4': 0.0, 'PD_3,PD_4': 0.5}, ASR: 1.25, TCB: {'PD_1': ['PD_3'], 'PD_2': ['PD_4'], 'PD_3': ['PD_4'], 'PD_4': ['PD_3']}, FR: {'PD_1,PD_2': inf, 'PD_1,PD_3': inf, 'PD_1,PD_4': inf, 'PD_2,PD_3': inf, 'PD_2,PD_4': inf, 'PD_3,PD_4': inf}
  Computing metrics...
    RSI: {'PD_1,PD_2': 0.0, 'PD_1,PD_3': 0.0, 'PD_1,PD_4': 0.0, 'PD_2,PD_3': 0.0, 'PD_2,PD_4': 0.0, 'PD_3,PD_4': 1.0}, ASR: 1.0, TCB: {'PD_1': ['PD_3'], 'PD_2': ['PD_4'], 'PD_3': ['PD_4'], 'PD_4': ['PD_3']}, FR: {'PD_1,PD_2': inf, 'PD_1,PD_3': inf, 'PD_1,PD_4': inf, 'PD_2,PD_3': inf, 'PD_2,PD_4': inf, 'PD_3,PD_4': inf}
  Computing metrics...
    RSI: {'PD_1,PD_2': 0.0, 'PD_1,PD_3': 0.0, 'PD_1,PD_4': 0.0, 'PD_2,PD_3': 0.0, 'PD_2,PD_4': 0.0, 'PD_3,PD_4': 0.5}, ASR: 1.25, TCB: {'PD_1': ['PD_3'], 'PD_2': ['PD_4'], 'PD_3': ['PD_4'], 'PD_4': ['PD_3']}, FR: {'PD_1,PD_2': inf, 'PD_1,PD_3': inf, 'PD_1,PD_4': inf, 'PD_2,PD_3': inf, 'PD_2,PD_4': inf, 'PD_3,PD_4': inf}
  Computing metrics...
    RSI: {'PD_1,PD_2': 0.0, 'PD_1,PD_3': 0.0, 'PD_1,PD_4': 0.0, 'PD_2,PD_3': 0.0, 'PD_2,PD_4': 0.0, 'PD_3,PD_4': 1.0}, ASR: 1.0, TCB: {'PD_1': ['PD_3'], 'PD_2': ['PD_4'], 'PD_3': ['PD_4'], 'PD_4': ['PD_3']}, FR: {'PD_1,PD_2': inf, 'PD_1,PD_3': inf, 'PD_1,PD_4': inf, 'PD_2,PD_3': inf, 'PD_2,PD_4': inf, 'PD_3,PD_4': inf}
  Computing metrics...
    RSI: {'PD_1,PD_2': 0.0, 'PD_1,PD_3': 0.0, 'PD_1,PD_4': 0.0, 'PD_2,PD_3': 0.0, 'PD_2,PD_4': 0.0, 'PD_3,PD_4': 0.5}, ASR: 1.25, TCB: {'PD_1': ['PD_3'], 'PD_2': ['PD_4'], 'PD_3': ['PD_4'], 'PD_4': ['PD_3']}, FR: {'PD_1,PD_2': inf, 'PD_1,PD_3': inf, 'PD_1,PD_4': inf, 'PD_2,PD_3': inf, 'PD_2,PD_4': inf, 'PD_3,PD_4': inf}
  Computing metrics...
    RSI: {'PD_1,PD_2': 0.0, 'PD_1,PD_3': 0.0, 'PD_1,PD_4': 0.0, 'PD_2,PD_3': 0.0, 'PD_2,PD_4': 0.0, 'PD_3,PD_4': 1.0}, ASR: 1.0, TCB: {'PD_1': ['PD_3'], 'PD_2': ['PD_4'], 'PD_3': ['PD_4'], 'PD_4': ['PD_3']}, FR: {'PD_1,PD_2': inf, 'PD_1,PD_3': inf, 'PD_1,PD_4': inf, 'PD_2,PD_3': inf, 'PD_2,PD_4': inf, 'PD_3,PD_4': inf}
  Computing metrics...
    RSI: {'PD_1,PD_2': 0.0, 'PD_1,PD_3': 0.0, 'PD_1,PD_4': 0.0, 'PD_2,PD_3': 0.0, 'PD_2,PD_4': 0.0, 'PD_3,PD_4': 0.5}, ASR: 1.25, TCB: {'PD_1': ['PD_3'], 'PD_2': ['PD_4'], 'PD_3': ['PD_4'], 'PD_4': ['PD_3']}, FR: {'PD_1,PD_2': inf, 'PD_1,PD_3': inf, 'PD_1,PD_4': inf, 'PD_2,PD_3': inf, 'PD_2,PD_4': inf, 'PD_3,PD_4': inf}
  Computing metrics...
    RSI: {'PD_1,PD_2': 0.0, 'PD_1,PD_3': 0.0, 'PD_1,PD_4': 0.0, 'PD_2,PD_3': 0.0, 'PD_2,PD_4': 0.0, 'PD_3,PD_4': 1.0}, ASR: 1.0, TCB: {'PD_1': ['PD_3'], 'PD_2': ['PD_4'], 'PD_3': ['PD_4'], 'PD_4': ['PD_3']}, FR: {'PD_1,PD_2': inf, 'PD_1,PD_3': inf, 'PD_1,PD_4': inf, 'PD_2,PD_3': inf, 'PD_2,PD_4': inf, 'PD_3,PD_4': inf}
  Computing metrics...
    RSI: {'PD_1,PD_2': 0.0, 'PD_1,PD_3': 0.0, 'PD_1,PD_4': 0.0, 'PD_2,PD_3': 0.0, 'PD_2,PD_4': 0.0, 'PD_3,PD_4': 0.5}, ASR: 1.25, TCB: {'PD_1': ['PD_3'], 'PD_2': ['PD_4'], 'PD_3': ['PD_4'], 'PD_4': ['PD_3']}, FR: {'PD_1,PD_2': inf, 'PD_1,PD_3': inf, 'PD_1,PD_4': inf, 'PD_2,PD_3': inf, 'PD_2,PD_4': inf, 'PD_3,PD_4': inf}
  Computing metrics...
    RSI: {'PD_1,PD_2': 0.0, 'PD_1,PD_3': 0.0, 'PD_1,PD_4': 0.0, 'PD_2,PD_3': 0.0, 'PD_2,PD_4': 0.0, 'PD_3,PD_4': 1.0}, ASR: 1.0, TCB: {'PD_1': ['PD_3'], 'PD_2': ['PD_4'], 'PD_3': ['PD_4'], 'PD_4': ['PD_3']}, FR: {'PD_1,PD_2': inf, 'PD_1,PD_3': inf, 'PD_1,PD_4': inf, 'PD_2,PD_3': inf, 'PD_2,PD_4': inf, 'PD_3,PD_4': inf}
  Computing metrics...
    RSI: {'PD_1,PD_2': 0.0, 'PD_1,PD_3': 0.0, 'PD_1,PD_4': 0.0, 'PD_2,PD_3': 0.0, 'PD_2,PD_4': 0.0, 'PD_3,PD_4': 1.0}, ASR: 1.0, TCB: {'PD_1': ['PD_3'], 'PD_2': ['PD_4'], 'PD_3': ['PD_4'], 'PD_4': ['PD_3']}, FR: {'PD_1,PD_2': inf, 'PD_1,PD_3': inf, 'PD_1,PD_4': inf, 'PD_2,PD_3': inf, 'PD_2,PD_4': inf, 'PD_3,PD_4': inf}
    remove_hold_edge candidate: remove PD_3 -> FILE_1_1 HOLD edge -> score: 0.150
  Computing metrics...
    RSI: {'PD_1,PD_2': 0.0, 'PD_1,PD_3': 0.0, 'PD_1,PD_4': 0.0, 'PD_2,PD_3': 0.0, 'PD_2,PD_4': 0.0, 'PD_3,PD_4': 1.0}, ASR: 1.0, TCB: {'PD_1': ['PD_3'], 'PD_2': ['PD_4'], 'PD_3': ['PD_4'], 'PD_4': ['PD_3']}, FR: {'PD_1,PD_2': inf, 'PD_1,PD_3': inf, 'PD_1,PD_4': inf, 'PD_2,PD_3': inf, 'PD_2,PD_4': inf, 'PD_3,PD_4': inf}
  Computing metrics...
    RSI: {'PD_1,PD_2': 0.0, 'PD_1,PD_3': 0.0, 'PD_1,PD_4': 0.0, 'PD_2,PD_3': 0.0, 'PD_2,PD_4': 0.0, 'PD_3,PD_4': 1.0}, ASR: 1.0, TCB: {'PD_1': ['PD_3'], 'PD_2': ['PD_4'], 'PD_3': ['PD_4'], 'PD_4': ['PD_3']}, FR: {'PD_1,PD_2': inf, 'PD_1,PD_3': inf, 'PD_1,PD_4': inf, 'PD_2,PD_3': inf, 'PD_2,PD_4': inf, 'PD_3,PD_4': inf}
    remove_hold_edge candidate: remove PD_4 -> FILE_1_1 HOLD edge -> score: 0.150
  Computing metrics...
    RSI: {'PD_1,PD_2': 0.0, 'PD_1,PD_3': 0.0, 'PD_1,PD_4': 0.0, 'PD_2,PD_3': 0.0, 'PD_2,PD_4': 0.0, 'PD_3,PD_4': 1.0}, ASR: 1.0, TCB: {'PD_1': ['PD_3'], 'PD_2': ['PD_4'], 'PD_3': ['PD_4'], 'PD_4': ['PD_3']}, FR: {'PD_1,PD_2': inf, 'PD_1,PD_3': inf, 'PD_1,PD_4': inf, 'PD_2,PD_3': inf, 'PD_2,PD_4': inf, 'PD_3,PD_4': inf}
  Computing metrics...
    RSI: {'PD_1,PD_2': 0.0, 'PD_1,PD_3': 0.0, 'PD_1,PD_4': 0.0, 'PD_2,PD_3': 0.0, 'PD_2,PD_4': 0.0, 'PD_3,PD_4': 1.0}, ASR: 1.25, TCB: {'PD_1': ['PD_3', 'PD_2'], 'PD_2': ['PD_4'], 'PD_3': ['PD_4'], 'PD_4': ['PD_3']}, FR: {'PD_1,PD_2': 3, 'PD_1,PD_3': inf, 'PD_1,PD_4': inf, 'PD_2,PD_3': inf, 'PD_2,PD_4': inf, 'PD_3,PD_4': inf}
  Computing metrics...
    RSI: {'PD_1,PD_2': 0.0, 'PD_1,PD_3': 0.0, 'PD_1,PD_4': 0.0, 'PD_2,PD_3': 0.0, 'PD_2,PD_4': 0.0, 'PD_3,PD_4': 1.0}, ASR: 1.0, TCB: {'PD_1': ['PD_3'], 'PD_2': ['PD_4'], 'PD_3': ['PD_4'], 'PD_4': ['PD_3']}, FR: {'PD_1,PD_2': inf, 'PD_1,PD_3': inf, 'PD_1,PD_4': inf, 'PD_2,PD_3': inf, 'PD_2,PD_4': inf, 'PD_3,PD_4': inf}
  Computing metrics...
    RSI: {'PD_1,PD_2': 0.0, 'PD_1,PD_3': 0.0, 'PD_1,PD_4': 0.0, 'PD_2,PD_3': 0.0, 'PD_2,PD_4': 0.0, 'PD_3,PD_4': 1.0}, ASR: 1.25, TCB: {'PD_1': ['PD_3', 'PD_4'], 'PD_2': ['PD_4'], 'PD_3': ['PD_4'], 'PD_4': ['PD_3']}, FR: {'PD_1,PD_2': 2, 'PD_1,PD_3': inf, 'PD_1,PD_4': inf, 'PD_2,PD_3': inf, 'PD_2,PD_4': inf, 'PD_3,PD_4': inf}
  Computing metrics...
    RSI: {'PD_1,PD_2': 0.0, 'PD_1,PD_3': 0.0, 'PD_1,PD_4': 0.0, 'PD_2,PD_3': 0.0, 'PD_2,PD_4': 0.0, 'PD_3,PD_4': 1.0}, ASR: 1.0, TCB: {'PD_1': ['PD_3'], 'PD_2': ['PD_4'], 'PD_3': ['PD_4'], 'PD_4': ['PD_3']}, FR: {'PD_1,PD_2': inf, 'PD_1,PD_3': inf, 'PD_1,PD_4': inf, 'PD_2,PD_3': inf, 'PD_2,PD_4': inf, 'PD_3,PD_4': inf}
  Computing metrics...
    RSI: {'PD_1,PD_2': 0.0, 'PD_1,PD_3': 0.0, 'PD_1,PD_4': 0.0, 'PD_2,PD_3': 0.0, 'PD_2,PD_4': 0.0, 'PD_3,PD_4': 1.0}, ASR: 1.25, TCB: {'PD_1': ['PD_3'], 'PD_2': ['PD_4', 'PD_1'], 'PD_3': ['PD_4'], 'PD_4': ['PD_3']}, FR: {'PD_1,PD_2': 3, 'PD_1,PD_3': inf, 'PD_1,PD_4': inf, 'PD_2,PD_3': inf, 'PD_2,PD_4': inf, 'PD_3,PD_4': inf}
  Computing metrics...
    RSI: {'PD_1,PD_2': 0.0, 'PD_1,PD_3': 0.0, 'PD_1,PD_4': 0.0, 'PD_2,PD_3': 0.0, 'PD_2,PD_4': 0.0, 'PD_3,PD_4': 1.0}, ASR: 1.0, TCB: {'PD_1': ['PD_3'], 'PD_2': ['PD_4'], 'PD_3': ['PD_4'], 'PD_4': ['PD_3']}, FR: {'PD_1,PD_2': inf, 'PD_1,PD_3': inf, 'PD_1,PD_4': inf, 'PD_2,PD_3': inf, 'PD_2,PD_4': inf, 'PD_3,PD_4': inf}
  Computing metrics...
    RSI: {'PD_1,PD_2': 0.0, 'PD_1,PD_3': 0.0, 'PD_1,PD_4': 0.0, 'PD_2,PD_3': 0.0, 'PD_2,PD_4': 0.0, 'PD_3,PD_4': 1.0}, ASR: 1.25, TCB: {'PD_1': ['PD_3'], 'PD_2': ['PD_4', 'PD_3'], 'PD_3': ['PD_4'], 'PD_4': ['PD_3']}, FR: {'PD_1,PD_2': 2, 'PD_1,PD_3': inf, 'PD_1,PD_4': inf, 'PD_2,PD_3': inf, 'PD_2,PD_4': inf, 'PD_3,PD_4': inf}
  Computing metrics...
    RSI: {'PD_1,PD_2': 0.0, 'PD_1,PD_3': 0.0, 'PD_1,PD_4': 0.0, 'PD_2,PD_3': 0.0, 'PD_2,PD_4': 0.0, 'PD_3,PD_4': 1.0}, ASR: 1.0, TCB: {'PD_1': ['PD_3'], 'PD_2': ['PD_4'], 'PD_3': ['PD_4'], 'PD_4': ['PD_3']}, FR: {'PD_1,PD_2': inf, 'PD_1,PD_3': inf, 'PD_1,PD_4': inf, 'PD_2,PD_3': inf, 'PD_2,PD_4': inf, 'PD_3,PD_4': inf}
  Computing metrics...
    RSI: {'PD_1,PD_2': 0.0, 'PD_1,PD_3': 0.0, 'PD_1,PD_4': 0.0, 'PD_2,PD_3': 0.0, 'PD_2,PD_4': 0.0, 'PD_3,PD_4': 1.0}, ASR: 1.25, TCB: {'PD_1': ['PD_3'], 'PD_2': ['PD_4'], 'PD_3': ['PD_1', 'PD_4'], 'PD_4': ['PD_3']}, FR: {'PD_1,PD_2': inf, 'PD_1,PD_3': inf, 'PD_1,PD_4': inf, 'PD_2,PD_3': inf, 'PD_2,PD_4': inf, 'PD_3,PD_4': inf}
  Computing metrics...
    RSI: {'PD_1,PD_2': 0.0, 'PD_1,PD_3': 0.0, 'PD_1,PD_4': 0.0, 'PD_2,PD_3': 0.0, 'PD_2,PD_4': 0.0, 'PD_3,PD_4': 1.0}, ASR: 1.0, TCB: {'PD_1': ['PD_3'], 'PD_2': ['PD_4'], 'PD_3': ['PD_4'], 'PD_4': ['PD_3']}, FR: {'PD_1,PD_2': inf, 'PD_1,PD_3': inf, 'PD_1,PD_4': inf, 'PD_2,PD_3': inf, 'PD_2,PD_4': inf, 'PD_3,PD_4': inf}
  Computing metrics...
    RSI: {'PD_1,PD_2': 0.0, 'PD_1,PD_3': 0.0, 'PD_1,PD_4': 0.0, 'PD_2,PD_3': 0.0, 'PD_2,PD_4': 0.0, 'PD_3,PD_4': 1.0}, ASR: 1.25, TCB: {'PD_1': ['PD_3'], 'PD_2': ['PD_4'], 'PD_3': ['PD_2', 'PD_4'], 'PD_4': ['PD_3']}, FR: {'PD_1,PD_2': 4, 'PD_1,PD_3': 3, 'PD_1,PD_4': inf, 'PD_2,PD_3': 3, 'PD_2,PD_4': inf, 'PD_3,PD_4': inf}
  Computing metrics...
    RSI: {'PD_1,PD_2': 0.0, 'PD_1,PD_3': 0.0, 'PD_1,PD_4': 0.0, 'PD_2,PD_3': 0.0, 'PD_2,PD_4': 0.0, 'PD_3,PD_4': 1.0}, ASR: 1.0, TCB: {'PD_1': ['PD_3'], 'PD_2': ['PD_4'], 'PD_3': ['PD_4'], 'PD_4': ['PD_3']}, FR: {'PD_1,PD_2': inf, 'PD_1,PD_3': inf, 'PD_1,PD_4': inf, 'PD_2,PD_3': inf, 'PD_2,PD_4': inf, 'PD_3,PD_4': inf}
  Computing metrics...
    RSI: {'PD_1,PD_2': 0.0, 'PD_1,PD_3': 0.0, 'PD_1,PD_4': 0.0, 'PD_2,PD_3': 0.0, 'PD_2,PD_4': 0.0, 'PD_3,PD_4': 1.0}, ASR: 1.25, TCB: {'PD_1': ['PD_3'], 'PD_2': ['PD_4'], 'PD_3': ['PD_4'], 'PD_4': ['PD_3']}, FR: {'PD_1,PD_2': 3, 'PD_1,PD_3': 3, 'PD_1,PD_4': inf, 'PD_2,PD_3': 2, 'PD_2,PD_4': inf, 'PD_3,PD_4': inf}
  Computing metrics...
    RSI: {'PD_1,PD_2': 0.0, 'PD_1,PD_3': 0.0, 'PD_1,PD_4': 0.0, 'PD_2,PD_3': 0.0, 'PD_2,PD_4': 0.0, 'PD_3,PD_4': 1.0}, ASR: 1.0, TCB: {'PD_1': ['PD_3'], 'PD_2': ['PD_4'], 'PD_3': ['PD_4'], 'PD_4': ['PD_3']}, FR: {'PD_1,PD_2': inf, 'PD_1,PD_3': inf, 'PD_1,PD_4': inf, 'PD_2,PD_3': inf, 'PD_2,PD_4': inf, 'PD_3,PD_4': inf}
  Computing metrics...
    RSI: {'PD_1,PD_2': 0.0, 'PD_1,PD_3': 0.0, 'PD_1,PD_4': 0.0, 'PD_2,PD_3': 0.0, 'PD_2,PD_4': 0.0, 'PD_3,PD_4': 1.0}, ASR: 1.25, TCB: {'PD_1': ['PD_3'], 'PD_2': ['PD_4'], 'PD_3': ['PD_4'], 'PD_4': ['PD_1', 'PD_3']}, FR: {'PD_1,PD_2': 4, 'PD_1,PD_3': inf, 'PD_1,PD_4': 3, 'PD_2,PD_3': inf, 'PD_2,PD_4': 3, 'PD_3,PD_4': inf}
  Computing metrics...
    RSI: {'PD_1,PD_2': 0.0, 'PD_1,PD_3': 0.0, 'PD_1,PD_4': 0.0, 'PD_2,PD_3': 0.0, 'PD_2,PD_4': 0.0, 'PD_3,PD_4': 1.0}, ASR: 1.0, TCB: {'PD_1': ['PD_3'], 'PD_2': ['PD_4'], 'PD_3': ['PD_4'], 'PD_4': ['PD_3']}, FR: {'PD_1,PD_2': inf, 'PD_1,PD_3': inf, 'PD_1,PD_4': inf, 'PD_2,PD_3': inf, 'PD_2,PD_4': inf, 'PD_3,PD_4': inf}
  Computing metrics...
    RSI: {'PD_1,PD_2': 0.0, 'PD_1,PD_3': 0.0, 'PD_1,PD_4': 0.0, 'PD_2,PD_3': 0.0, 'PD_2,PD_4': 0.0, 'PD_3,PD_4': 1.0}, ASR: 1.25, TCB: {'PD_1': ['PD_3'], 'PD_2': ['PD_4'], 'PD_3': ['PD_4'], 'PD_4': ['PD_2', 'PD_3']}, FR: {'PD_1,PD_2': inf, 'PD_1,PD_3': inf, 'PD_1,PD_4': inf, 'PD_2,PD_3': inf, 'PD_2,PD_4': inf, 'PD_3,PD_4': inf}
  Computing metrics...
    RSI: {'PD_1,PD_2': 0.0, 'PD_1,PD_3': 0.0, 'PD_1,PD_4': 0.0, 'PD_2,PD_3': 0.0, 'PD_2,PD_4': 0.0, 'PD_3,PD_4': 1.0}, ASR: 1.0, TCB: {'PD_1': ['PD_3'], 'PD_2': ['PD_4'], 'PD_3': ['PD_4'], 'PD_4': ['PD_3']}, FR: {'PD_1,PD_2': inf, 'PD_1,PD_3': inf, 'PD_1,PD_4': inf, 'PD_2,PD_3': inf, 'PD_2,PD_4': inf, 'PD_3,PD_4': inf}
  Computing metrics...
    RSI: {'PD_1,PD_2': 0.0, 'PD_1,PD_3': 0.0, 'PD_1,PD_4': 0.0, 'PD_2,PD_3': 0.0, 'PD_2,PD_4': 0.0, 'PD_3,PD_4': 1.0}, ASR: 1.25, TCB: {'PD_1': ['PD_3'], 'PD_2': ['PD_4'], 'PD_3': ['PD_4'], 'PD_4': ['PD_3']}, FR: {'PD_1,PD_2': 3, 'PD_1,PD_3': inf, 'PD_1,PD_4': 2, 'PD_2,PD_3': inf, 'PD_2,PD_4': 3, 'PD_3,PD_4': inf}
  Computing metrics...
    RSI: {'PD_1,PD_2': 0.0, 'PD_1,PD_3': 0.0, 'PD_1,PD_4': 0.0, 'PD_2,PD_3': 0.0, 'PD_2,PD_4': 0.0, 'PD_3,PD_4': 1.0}, ASR: 1.0, TCB: {'PD_1': ['PD_3'], 'PD_2': ['PD_4'], 'PD_3': ['PD_4'], 'PD_4': ['PD_3']}, FR: {'PD_1,PD_2': inf, 'PD_1,PD_3': inf, 'PD_1,PD_4': inf, 'PD_2,PD_3': inf, 'PD_2,PD_4': inf, 'PD_3,PD_4': inf}
  Computing metrics...
    RSI: {'PD_1,PD_2': 0.0, 'PD_1,PD_3': 0.0, 'PD_1,PD_4': 0.0, 'PD_2,PD_3': 0.0, 'PD_2,PD_4': 0.0, 'PD_3,PD_4': 1.0}, ASR: 1.0, TCB: {'PD_1': ['PD_3'], 'PD_2': ['PD_4'], 'PD_3': ['PD_4'], 'PD_4': ['PD_3']}, FR: {'PD_1,PD_2': inf, 'PD_1,PD_3': inf, 'PD_1,PD_4': inf, 'PD_2,PD_3': inf, 'PD_2,PD_4': inf, 'PD_3,PD_4': inf}
  Computing metrics...
    RSI: {'PD_1,PD_2': 0.0, 'PD_1,PD_3': 0.0, 'PD_1,PD_4': 0.0, 'PD_2,PD_3': 0.0, 'PD_2,PD_4': 0.0, 'PD_3,PD_4': 1.0}, ASR: 1.0, TCB: {'PD_1': ['PD_3'], 'PD_2': ['PD_4'], 'PD_3': ['PD_4'], 'PD_4': ['PD_3']}, FR: {'PD_1,PD_2': inf, 'PD_1,PD_3': inf, 'PD_1,PD_4': inf, 'PD_2,PD_3': inf, 'PD_2,PD_4': inf, 'PD_3,PD_4': inf}
  Computing metrics...
    RSI: {'PD_1,PD_2': 0.0, 'PD_1,PD_3': 0.0, 'PD_1,PD_4': 0.0, 'PD_2,PD_3': 0.0, 'PD_2,PD_4': 0.0, 'PD_3,PD_4': 1.0}, ASR: 1.0, TCB: {'PD_1': ['PD_3'], 'PD_2': ['PD_4'], 'PD_3': ['PD_4'], 'PD_4': ['PD_3']}, FR: {'PD_1,PD_2': inf, 'PD_1,PD_3': inf, 'PD_1,PD_4': inf, 'PD_2,PD_3': inf, 'PD_2,PD_4': inf, 'PD_3,PD_4': inf}
  Computing metrics...
    RSI: {'PD_1,PD_2': 0.0, 'PD_1,PD_3': 0.0, 'PD_1,PD_4': 0.0, 'PD_2,PD_3': 0.0, 'PD_2,PD_4': 0.0, 'PD_3,PD_4': 1.0}, ASR: 1.0, TCB: {'PD_1': ['PD_3'], 'PD_2': ['PD_4'], 'PD_3': ['PD_4'], 'PD_4': ['PD_3']}, FR: {'PD_1,PD_2': inf, 'PD_1,PD_3': inf, 'PD_1,PD_4': inf, 'PD_2,PD_3': inf, 'PD_2,PD_4': inf, 'PD_3,PD_4': inf}
  Computing metrics...
    RSI: {'PD_1,PD_2': 0.0, 'PD_1,PD_3': 0.0, 'PD_1,PD_4': 0.0, 'PD_2,PD_3': 0.0, 'PD_2,PD_4': 0.0, 'PD_3,PD_4': 1.0}, ASR: 1.0, TCB: {'PD_1': ['PD_3'], 'PD_2': ['PD_4'], 'PD_3': ['PD_4'], 'PD_4': ['PD_3']}, FR: {'PD_1,PD_2': inf, 'PD_1,PD_3': inf, 'PD_1,PD_4': inf, 'PD_2,PD_3': inf, 'PD_2,PD_4': inf, 'PD_3,PD_4': inf}
  Computing metrics...
    RSI: {'PD_1,PD_2': 0.0, 'PD_1,PD_3': 0.0, 'PD_1,PD_4': 0.0, 'PD_2,PD_3': 0.0, 'PD_2,PD_4': 0.0, 'PD_3,PD_4': 1.0}, ASR: 1.0, TCB: {'PD_1': ['PD_3'], 'PD_2': ['PD_4'], 'PD_3': ['PD_4'], 'PD_4': ['PD_3']}, FR: {'PD_1,PD_2': inf, 'PD_1,PD_3': inf, 'PD_1,PD_4': inf, 'PD_2,PD_3': inf, 'PD_2,PD_4': inf, 'PD_3,PD_4': inf}
  Computing metrics...
    RSI: {'PD_1,PD_2': 0.0, 'PD_1,PD_3': 0.0, 'PD_1,PD_4': 0.0, 'PD_2,PD_3': 0.0, 'PD_2,PD_4': 0.0, 'PD_3,PD_4': 1.0}, ASR: 1.0, TCB: {'PD_1': ['PD_3'], 'PD_2': ['PD_4'], 'PD_3': ['PD_4'], 'PD_4': ['PD_3']}, FR: {'PD_1,PD_2': inf, 'PD_1,PD_3': inf, 'PD_1,PD_4': inf, 'PD_2,PD_3': inf, 'PD_2,PD_4': inf, 'PD_3,PD_4': inf}
  Computing metrics...
    RSI: {'PD_1,PD_2': 0.0, 'PD_1,PD_3': 0.0, 'PD_1,PD_4': 0.0, 'PD_2,PD_3': 0.0, 'PD_2,PD_4': 0.0, 'PD_3,PD_4': 1.0}, ASR: 1.0, TCB: {'PD_1': ['PD_3'], 'PD_2': ['PD_4'], 'PD_3': ['PD_4'], 'PD_4': ['PD_3']}, FR: {'PD_1,PD_2': inf, 'PD_1,PD_3': inf, 'PD_1,PD_4': inf, 'PD_2,PD_3': inf, 'PD_2,PD_4': inf, 'PD_3,PD_4': inf}
  Computing metrics...
    RSI: {'PD_1,PD_2': 0.0, 'PD_1,PD_3': 0.0, 'PD_1,PD_4': 0.0, 'PD_2,PD_3': 0.0, 'PD_2,PD_4': 0.0, 'PD_3,PD_4': 1.0}, ASR: 1.0, TCB: {'PD_1': ['PD_3'], 'PD_2': ['PD_4'], 'PD_3': ['PD_4'], 'PD_4': ['PD_3']}, FR: {'PD_1,PD_2': inf, 'PD_1,PD_3': inf, 'PD_1,PD_4': inf, 'PD_2,PD_3': inf, 'PD_2,PD_4': inf, 'PD_3,PD_4': inf}
  Computing metrics...
    RSI: {'PD_1,PD_2': 0.0, 'PD_1,PD_3': 0.0, 'PD_1,PD_4': 0.0, 'PD_2,PD_3': 0.0, 'PD_2,PD_4': 0.0, 'PD_3,PD_4': 1.0}, ASR: 1.0, TCB: {'PD_1': ['PD_3'], 'PD_2': ['PD_4'], 'PD_3': ['PD_4'], 'PD_4': ['PD_3']}, FR: {'PD_1,PD_2': inf, 'PD_1,PD_3': inf, 'PD_1,PD_4': inf, 'PD_2,PD_3': inf, 'PD_2,PD_4': inf, 'PD_3,PD_4': inf}
  Computing metrics...
    RSI: {'PD_1,PD_2': 0.0, 'PD_1,PD_3': 0.0, 'PD_1,PD_4': 0.0, 'PD_2,PD_3': 0.0, 'PD_2,PD_4': 0.0, 'PD_3,PD_4': 1.0}, ASR: 1.0, TCB: {'PD_1': ['PD_3'], 'PD_2': ['PD_4'], 'PD_3': ['PD_4'], 'PD_4': ['PD_3']}, FR: {'PD_1,PD_2': inf, 'PD_1,PD_3': inf, 'PD_1,PD_4': inf, 'PD_2,PD_3': inf, 'PD_2,PD_4': inf, 'PD_3,PD_4': inf}
  Computing metrics...
    RSI: {'PD_1,PD_2': 0.0, 'PD_1,PD_3': 0.0, 'PD_1,PD_4': 0.0, 'PD_2,PD_3': 0.0, 'PD_2,PD_4': 0.0, 'PD_3,PD_4': 1.0}, ASR: 1.0, TCB: {'PD_1': ['PD_3'], 'PD_2': ['PD_4'], 'PD_3': ['PD_4'], 'PD_4': ['PD_3']}, FR: {'PD_1,PD_2': inf, 'PD_1,PD_3': inf, 'PD_1,PD_4': inf, 'PD_2,PD_3': inf, 'PD_2,PD_4': inf, 'PD_3,PD_4': inf}
  Computing metrics...
    RSI: {'PD_1,PD_2': 0.0, 'PD_1,PD_3': 0.0, 'PD_1,PD_4': 0.0, 'PD_2,PD_3': 0.0, 'PD_2,PD_4': 0.0, 'PD_3,PD_4': 1.0}, ASR: 1.0, TCB: {'PD_1': ['PD_3'], 'PD_2': ['PD_4'], 'PD_3': ['PD_4'], 'PD_4': ['PD_3']}, FR: {'PD_1,PD_2': inf, 'PD_1,PD_3': inf, 'PD_1,PD_4': inf, 'PD_2,PD_3': inf, 'PD_2,PD_4': inf, 'PD_3,PD_4': inf}
  Computing metrics...
    RSI: {'PD_1,PD_2': 0.0, 'PD_1,PD_3': 0.0, 'PD_1,PD_4': 0.0, 'PD_2,PD_3': 0.0, 'PD_2,PD_4': 0.0, 'PD_3,PD_4': 1.0}, ASR: 1.0, TCB: {'PD_1': ['PD_3'], 'PD_2': ['PD_4'], 'PD_3': ['PD_4'], 'PD_4': ['PD_3']}, FR: {'PD_1,PD_2': inf, 'PD_1,PD_3': inf, 'PD_1,PD_4': inf, 'PD_2,PD_3': inf, 'PD_2,PD_4': inf, 'PD_3,PD_4': inf}
  Computing metrics...
    RSI: {'PD_1,PD_2': 0.0, 'PD_1,PD_3': 0.0, 'PD_1,PD_4': 0.0, 'PD_2,PD_3': 0.0, 'PD_2,PD_4': 0.0, 'PD_3,PD_4': 1.0}, ASR: 1.0, TCB: {'PD_1': ['PD_3'], 'PD_2': ['PD_4'], 'PD_3': ['PD_4'], 'PD_4': ['PD_3']}, FR: {'PD_1,PD_2': inf, 'PD_1,PD_3': inf, 'PD_1,PD_4': inf, 'PD_2,PD_3': inf, 'PD_2,PD_4': inf, 'PD_3,PD_4': inf}
  Computing metrics...
    RSI: {'PD_1,PD_2': 0.0, 'PD_1,PD_3': 0.0, 'PD_1,PD_4': 0.0, 'PD_2,PD_3': 0.0, 'PD_2,PD_4': 0.0, 'PD_3,PD_4': 1.0}, ASR: 1.0, TCB: {'PD_1': ['PD_3'], 'PD_2': ['PD_4'], 'PD_3': ['PD_4'], 'PD_4': ['PD_3']}, FR: {'PD_1,PD_2': inf, 'PD_1,PD_3': inf, 'PD_1,PD_4': inf, 'PD_2,PD_3': inf, 'PD_2,PD_4': inf, 'PD_3,PD_4': inf}
  Computing metrics...
    RSI: {'PD_1,PD_2': 0.0, 'PD_1,PD_3': 0.0, 'PD_1,PD_4': 0.0, 'PD_2,PD_3': 0.0, 'PD_2,PD_4': 0.0, 'PD_3,PD_4': 1.0}, ASR: 1.0, TCB: {'PD_1': ['PD_3'], 'PD_2': ['PD_4'], 'PD_3': ['PD_4'], 'PD_4': ['PD_3']}, FR: {'PD_1,PD_2': inf, 'PD_1,PD_3': inf, 'PD_1,PD_4': inf, 'PD_2,PD_3': inf, 'PD_2,PD_4': inf, 'PD_3,PD_4': inf}
  Computing metrics...
    RSI: {'PD_1,PD_2': 0.0, 'PD_1,PD_3': 0.0, 'PD_1,PD_4': 0.0, 'PD_2,PD_3': 0.0, 'PD_2,PD_4': 0.0, 'PD_3,PD_4': 1.0}, ASR: 1.0, TCB: {'PD_1': ['PD_3'], 'PD_2': ['PD_4'], 'PD_3': ['PD_4'], 'PD_4': ['PD_3']}, FR: {'PD_1,PD_2': inf, 'PD_1,PD_3': inf, 'PD_1,PD_4': inf, 'PD_2,PD_3': inf, 'PD_2,PD_4': inf, 'PD_3,PD_4': inf}
  Computing metrics...
    RSI: {'PD_1,PD_2': 0.0, 'PD_1,PD_3': 0.0, 'PD_1,PD_4': 0.0, 'PD_2,PD_3': 0.0, 'PD_2,PD_4': 0.0, 'PD_3,PD_4': 1.0}, ASR: 1.0, TCB: {'PD_1': ['PD_3'], 'PD_2': ['PD_4'], 'PD_3': ['PD_4'], 'PD_4': ['PD_3']}, FR: {'PD_1,PD_2': inf, 'PD_1,PD_3': inf, 'PD_1,PD_4': inf, 'PD_2,PD_3': inf, 'PD_2,PD_4': inf, 'PD_3,PD_4': inf}
  🚫 Filtered out 0 'add_file_resource(create new CONFIG file in FILE_SPACE_1)' candidates (avoiding repetition)
  Trying best transition: primitive
    Target: add new protection domain to help resolve 2 constraint violation(s)
    Predicted improvement: 0.100
    Considered 66 other option(s):
      1. primitive: create new CONFIG file in FILE_SPACE_1 (improvement: 0.700)
      2. primitive: create new DATABASE file in FILE_SPACE_1 (improvement: 0.700)
      3. primitive: create new TEMP file in FILE_SPACE_1 (improvement: 0.700)
      4. primitive: create new LOG file in FILE_SPACE_1 (improvement: 0.700)
      5. primitive: add authority relationship: PD_1 -> PD_2 (improvement: 0.250)
      6. primitive: enable indirect access: PD_1 -> PD_4 (improvement: 0.250)
      7. primitive: add authority relationship: PD_2 -> PD_1 (improvement: 0.250)
      8. primitive: enable indirect access: PD_2 -> PD_3 (improvement: 0.250)
      9. primitive: add authority relationship: PD_3 -> PD_1 (improvement: 0.250)
      10. primitive: add authority relationship: PD_3 -> PD_2 (improvement: 0.250)
      ... and 56 more
    ✅ Applied add_pd
  📋 Generated 67 candidate(s)
  Computing metrics...
    RSI: {'PD_1,PD_2': 0.0, 'PD_1,PD_3': 0.0, 'PD_1,PD_4': 0.0, 'PD_2,PD_3': 0.0, 'PD_2,PD_4': 0.0, 'PD_3,PD_4': 1.0}, ASR: 1.0, TCB: {'PD_1': ['PD_3'], 'PD_2': ['PD_4'], 'PD_3': ['PD_4'], 'PD_4': ['PD_3']}, FR: {'PD_1,PD_2': inf, 'PD_1,PD_3': inf, 'PD_1,PD_4': inf, 'PD_2,PD_3': inf, 'PD_2,PD_4': inf, 'PD_3,PD_4': inf}
    ✅ Added candidate: add_file_resource (score: 0.700)
  Computing metrics...
    RSI: {'PD_1,PD_2': 0.0, 'PD_1,PD_3': 0.0, 'PD_1,PD_4': 0.0, 'PD_2,PD_3': 0.0, 'PD_2,PD_4': 0.0, 'PD_3,PD_4': 1.0}, ASR: 1.0, TCB: {'PD_1': ['PD_3'], 'PD_2': ['PD_4'], 'PD_3': ['PD_4'], 'PD_4': ['PD_3']}, FR: {'PD_1,PD_2': inf, 'PD_1,PD_3': inf, 'PD_1,PD_4': inf, 'PD_2,PD_3': inf, 'PD_2,PD_4': inf, 'PD_3,PD_4': inf}
    ✅ Added candidate: add_file_resource (score: 0.700)

🌟 Expanding Beam[1] (score: 0.700)
  ⚠️  Constraints violated: PD_1 lacks access to any files; PD_2 lacks access to any files
  Computing metrics...
    RSI: {'PD_1,PD_2': 0.0, 'PD_1,PD_3': 0.0, 'PD_1,PD_4': 0.0, 'PD_2,PD_3': 0.0, 'PD_2,PD_4': 0.0, 'PD_3,PD_4': 1.0}, ASR: 1.0, TCB: {'PD_1': ['PD_3'], 'PD_2': ['PD_4'], 'PD_3': ['PD_4'], 'PD_4': ['PD_3']}, FR: {'PD_1,PD_2': inf, 'PD_1,PD_3': inf, 'PD_1,PD_4': inf, 'PD_2,PD_3': inf, 'PD_2,PD_4': inf, 'PD_3,PD_4': inf}
  Computing metrics...
    RSI: {'PD_1,PD_2': 0.0, 'PD_1,PD_3': 0.0, 'PD_1,PD_4': 0.0, 'PD_1,PD_5': 0.0, 'PD_2,PD_3': 0.0, 'PD_2,PD_4': 0.0, 'PD_2,PD_5': 0.0, 'PD_3,PD_4': 1.0, 'PD_3,PD_5': 0.0, 'PD_4,PD_5': 0.0}, ASR: 0.8, TCB: {'PD_1': ['PD_3'], 'PD_2': ['PD_4'], 'PD_3': ['PD_4'], 'PD_4': ['PD_3'], 'PD_5': []}, FR: {'PD_1,PD_2': inf, 'PD_1,PD_3': inf, 'PD_1,PD_4': inf, 'PD_1,PD_5': inf, 'PD_2,PD_3': inf, 'PD_2,PD_4': inf, 'PD_2,PD_5': inf, 'PD_3,PD_4': inf, 'PD_3,PD_5': inf, 'PD_4,PD_5': inf}
  Computing metrics...
    RSI: {'PD_1,PD_2': 0.0, 'PD_1,PD_3': 0.0, 'PD_1,PD_4': 0.0, 'PD_2,PD_3': 0.0, 'PD_2,PD_4': 0.0, 'PD_3,PD_4': 1.0}, ASR: 1.0, TCB: {'PD_1': ['PD_3'], 'PD_2': ['PD_4'], 'PD_3': ['PD_4'], 'PD_4': ['PD_3']}, FR: {'PD_1,PD_2': inf, 'PD_1,PD_3': inf, 'PD_1,PD_4': inf, 'PD_2,PD_3': inf, 'PD_2,PD_4': inf, 'PD_3,PD_4': inf}
  Computing metrics...
    RSI: {'PD_1,PD_2': 0.0, 'PD_1,PD_3': 0.0, 'PD_1,PD_4': 0.0, 'PD_2,PD_3': 0.0, 'PD_2,PD_4': 0.0, 'PD_3,PD_4': 1.0}, ASR: 1.0, TCB: {'PD_1': ['PD_3'], 'PD_2': ['PD_4'], 'PD_3': ['PD_4'], 'PD_4': ['PD_3']}, FR: {'PD_1,PD_2': inf, 'PD_1,PD_3': inf, 'PD_1,PD_4': inf, 'PD_2,PD_3': inf, 'PD_2,PD_4': inf, 'PD_3,PD_4': inf}
  Computing metrics...
    RSI: {'PD_1,PD_2': 0.0, 'PD_1,PD_3': 0.0, 'PD_1,PD_4': 0.0, 'PD_2,PD_3': 0.0, 'PD_2,PD_4': 0.0, 'PD_3,PD_4': 1.0}, ASR: 1.0, TCB: {'PD_1': ['PD_3'], 'PD_2': ['PD_4'], 'PD_3': ['PD_4'], 'PD_4': ['PD_3']}, FR: {'PD_1,PD_2': inf, 'PD_1,PD_3': inf, 'PD_1,PD_4': inf, 'PD_2,PD_3': inf, 'PD_2,PD_4': inf, 'PD_3,PD_4': inf}
  Computing metrics...
    RSI: {'PD_1,PD_2': 0.0, 'PD_1,PD_3': 0.0, 'PD_1,PD_4': 0.0, 'PD_2,PD_3': 0.0, 'PD_2,PD_4': 0.0, 'PD_3,PD_4': 1.0}, ASR: 1.0, TCB: {'PD_1': ['PD_3'], 'PD_2': ['PD_4'], 'PD_3': ['PD_4'], 'PD_4': ['PD_3']}, FR: {'PD_1,PD_2': inf, 'PD_1,PD_3': inf, 'PD_1,PD_4': inf, 'PD_2,PD_3': inf, 'PD_2,PD_4': inf, 'PD_3,PD_4': inf}
  Computing metrics...
    RSI: {'PD_1,PD_2': 0.0, 'PD_1,PD_3': 0.0, 'PD_1,PD_4': 0.0, 'PD_2,PD_3': 0.0, 'PD_2,PD_4': 0.0, 'PD_3,PD_4': 1.0}, ASR: 1.0, TCB: {'PD_1': ['PD_3'], 'PD_2': ['PD_4'], 'PD_3': ['PD_4'], 'PD_4': ['PD_3']}, FR: {'PD_1,PD_2': inf, 'PD_1,PD_3': inf, 'PD_1,PD_4': inf, 'PD_2,PD_3': inf, 'PD_2,PD_4': inf, 'PD_3,PD_4': inf}
  Computing metrics...
    RSI: {'PD_1,PD_2': 0.0, 'PD_1,PD_3': 0.0, 'PD_1,PD_4': 0.0, 'PD_2,PD_3': 0.0, 'PD_2,PD_4': 0.0, 'PD_3,PD_4': 1.0}, ASR: 1.0, TCB: {'PD_1': ['PD_3'], 'PD_2': ['PD_4'], 'PD_3': ['PD_4'], 'PD_4': ['PD_3']}, FR: {'PD_1,PD_2': inf, 'PD_1,PD_3': inf, 'PD_1,PD_4': inf, 'PD_2,PD_3': inf, 'PD_2,PD_4': inf, 'PD_3,PD_4': inf}
  Computing metrics...
    RSI: {'PD_1,PD_2': 0.0, 'PD_1,PD_3': 0.0, 'PD_1,PD_4': 0.0, 'PD_2,PD_3': 0.0, 'PD_2,PD_4': 0.0, 'PD_3,PD_4': 1.0}, ASR: 1.0, TCB: {'PD_1': ['PD_3'], 'PD_2': ['PD_4'], 'PD_3': ['PD_4'], 'PD_4': ['PD_3']}, FR: {'PD_1,PD_2': inf, 'PD_1,PD_3': inf, 'PD_1,PD_4': inf, 'PD_2,PD_3': inf, 'PD_2,PD_4': inf, 'PD_3,PD_4': inf}
  Computing metrics...
    RSI: {'PD_1,PD_2': 0.0, 'PD_1,PD_3': 0.0, 'PD_1,PD_4': 0.0, 'PD_2,PD_3': 0.0, 'PD_2,PD_4': 0.0, 'PD_3,PD_4': 1.0}, ASR: 1.0, TCB: {'PD_1': ['PD_3'], 'PD_2': ['PD_4'], 'PD_3': ['PD_4'], 'PD_4': ['PD_3']}, FR: {'PD_1,PD_2': inf, 'PD_1,PD_3': inf, 'PD_1,PD_4': inf, 'PD_2,PD_3': inf, 'PD_2,PD_4': inf, 'PD_3,PD_4': inf}
  Computing metrics...
    RSI: {'PD_1,PD_2': 0.0, 'PD_1,PD_3': 0.0, 'PD_1,PD_4': 0.0, 'PD_2,PD_3': 0.0, 'PD_2,PD_4': 0.0, 'PD_3,PD_4': 1.0}, ASR: 1.0, TCB: {'PD_1': ['PD_3'], 'PD_2': ['PD_4'], 'PD_3': ['PD_4'], 'PD_4': ['PD_3']}, FR: {'PD_1,PD_2': inf, 'PD_1,PD_3': inf, 'PD_1,PD_4': inf, 'PD_2,PD_3': inf, 'PD_2,PD_4': inf, 'PD_3,PD_4': inf}
  Computing metrics...
    RSI: {'PD_1,PD_2': 0.0, 'PD_1,PD_3': 0.0, 'PD_1,PD_4': 0.0, 'PD_2,PD_3': 0.0, 'PD_2,PD_4': 0.0, 'PD_3,PD_4': 1.0}, ASR: 1.0, TCB: {'PD_1': ['PD_3'], 'PD_2': ['PD_4'], 'PD_3': ['PD_4'], 'PD_4': ['PD_3']}, FR: {'PD_1,PD_2': inf, 'PD_1,PD_3': inf, 'PD_1,PD_4': inf, 'PD_2,PD_3': inf, 'PD_2,PD_4': inf, 'PD_3,PD_4': inf}
  Computing metrics...
    RSI: {'PD_1,PD_2': 0.0, 'PD_1,PD_3': 0.0, 'PD_1,PD_4': 0.0, 'PD_2,PD_3': 0.0, 'PD_2,PD_4': 0.0, 'PD_3,PD_4': 1.0}, ASR: 1.0, TCB: {'PD_1': ['PD_3'], 'PD_2': ['PD_4'], 'PD_3': ['PD_4'], 'PD_4': ['PD_3']}, FR: {'PD_1,PD_2': inf, 'PD_1,PD_3': inf, 'PD_1,PD_4': inf, 'PD_2,PD_3': inf, 'PD_2,PD_4': inf, 'PD_3,PD_4': inf}
  Computing metrics...
    RSI: {'PD_1,PD_2': 0.0, 'PD_1,PD_3': 0.0, 'PD_1,PD_4': 0.0, 'PD_2,PD_3': 0.0, 'PD_2,PD_4': 0.0, 'PD_3,PD_4': 1.0}, ASR: 1.0, TCB: {'PD_1': ['PD_3'], 'PD_2': ['PD_4'], 'PD_3': ['PD_4'], 'PD_4': ['PD_3']}, FR: {'PD_1,PD_2': inf, 'PD_1,PD_3': inf, 'PD_1,PD_4': inf, 'PD_2,PD_3': inf, 'PD_2,PD_4': inf, 'PD_3,PD_4': inf}
  Computing metrics...
    RSI: {'PD_1,PD_2': 0.0, 'PD_1,PD_3': 0.0, 'PD_1,PD_4': 0.0, 'PD_2,PD_3': 0.0, 'PD_2,PD_4': 0.0, 'PD_3,PD_4': 1.0}, ASR: 1.0, TCB: {'PD_1': ['PD_3'], 'PD_2': ['PD_4'], 'PD_3': ['PD_4'], 'PD_4': ['PD_3']}, FR: {'PD_1,PD_2': inf, 'PD_1,PD_3': inf, 'PD_1,PD_4': inf, 'PD_2,PD_3': inf, 'PD_2,PD_4': inf, 'PD_3,PD_4': inf}
  Computing metrics...
    RSI: {'PD_1,PD_2': 0.0, 'PD_1,PD_3': 0.0, 'PD_1,PD_4': 0.0, 'PD_2,PD_3': 0.0, 'PD_2,PD_4': 0.0, 'PD_3,PD_4': 1.0}, ASR: 1.0, TCB: {'PD_1': ['PD_3'], 'PD_2': ['PD_4'], 'PD_3': ['PD_4'], 'PD_4': ['PD_3']}, FR: {'PD_1,PD_2': inf, 'PD_1,PD_3': inf, 'PD_1,PD_4': inf, 'PD_2,PD_3': inf, 'PD_2,PD_4': inf, 'PD_3,PD_4': inf}
  Computing metrics...
    RSI: {'PD_1,PD_2': 0.0, 'PD_1,PD_3': 0.0, 'PD_1,PD_4': 0.0, 'PD_2,PD_3': 0.0, 'PD_2,PD_4': 0.0, 'PD_3,PD_4': 1.0}, ASR: 1.0, TCB: {'PD_1': ['PD_3'], 'PD_2': ['PD_4'], 'PD_3': ['PD_4'], 'PD_4': ['PD_3']}, FR: {'PD_1,PD_2': inf, 'PD_1,PD_3': inf, 'PD_1,PD_4': inf, 'PD_2,PD_3': inf, 'PD_2,PD_4': inf, 'PD_3,PD_4': inf}
  Computing metrics...
    RSI: {'PD_1,PD_2': 0.0, 'PD_1,PD_3': 0.0, 'PD_1,PD_4': 0.0, 'PD_2,PD_3': 0.0, 'PD_2,PD_4': 0.0, 'PD_3,PD_4': 1.0}, ASR: 1.0, TCB: {'PD_1': ['PD_3'], 'PD_2': ['PD_4'], 'PD_3': ['PD_4'], 'PD_4': ['PD_3']}, FR: {'PD_1,PD_2': inf, 'PD_1,PD_3': inf, 'PD_1,PD_4': inf, 'PD_2,PD_3': inf, 'PD_2,PD_4': inf, 'PD_3,PD_4': inf}
  Computing metrics...
    RSI: {'PD_1,PD_2': 0.0, 'PD_1,PD_3': 0.0, 'PD_1,PD_4': 0.0, 'PD_2,PD_3': 0.0, 'PD_2,PD_4': 0.0, 'PD_3,PD_4': 1.0}, ASR: 1.0, TCB: {'PD_1': ['PD_3'], 'PD_2': ['PD_4'], 'PD_3': ['PD_4'], 'PD_4': ['PD_3']}, FR: {'PD_1,PD_2': inf, 'PD_1,PD_3': inf, 'PD_1,PD_4': inf, 'PD_2,PD_3': inf, 'PD_2,PD_4': inf, 'PD_3,PD_4': inf}
  Computing metrics...
    RSI: {'PD_1,PD_2': 0.0, 'PD_1,PD_3': 0.0, 'PD_1,PD_4': 0.0, 'PD_2,PD_3': 0.0, 'PD_2,PD_4': 0.0, 'PD_3,PD_4': 1.0}, ASR: 1.0, TCB: {'PD_1': ['PD_3'], 'PD_2': ['PD_4'], 'PD_3': ['PD_4'], 'PD_4': ['PD_3']}, FR: {'PD_1,PD_2': inf, 'PD_1,PD_3': inf, 'PD_1,PD_4': inf, 'PD_2,PD_3': inf, 'PD_2,PD_4': inf, 'PD_3,PD_4': inf}
  Computing metrics...
    RSI: {'PD_1,PD_2': 0.0, 'PD_1,PD_3': 0.0, 'PD_1,PD_4': 0.0, 'PD_2,PD_3': 0.0, 'PD_2,PD_4': 0.0, 'PD_3,PD_4': 1.0}, ASR: 1.0, TCB: {'PD_1': ['PD_3'], 'PD_2': ['PD_4'], 'PD_3': ['PD_4'], 'PD_4': ['PD_3']}, FR: {'PD_1,PD_2': inf, 'PD_1,PD_3': inf, 'PD_1,PD_4': inf, 'PD_2,PD_3': inf, 'PD_2,PD_4': inf, 'PD_3,PD_4': inf}
  Computing metrics...
    RSI: {'PD_1,PD_2': 0.0, 'PD_1,PD_3': 0.0, 'PD_1,PD_4': 0.0, 'PD_2,PD_3': 0.0, 'PD_2,PD_4': 0.0, 'PD_3,PD_4': 1.0}, ASR: 1.0, TCB: {'PD_1': ['PD_3'], 'PD_2': ['PD_4'], 'PD_3': ['PD_4'], 'PD_4': ['PD_3']}, FR: {'PD_1,PD_2': inf, 'PD_1,PD_3': inf, 'PD_1,PD_4': inf, 'PD_2,PD_3': inf, 'PD_2,PD_4': inf, 'PD_3,PD_4': inf}
  Computing metrics...
    RSI: {'PD_1,PD_2': 0.0, 'PD_1,PD_3': 0.0, 'PD_1,PD_4': 0.0, 'PD_2,PD_3': 0.0, 'PD_2,PD_4': 0.0, 'PD_3,PD_4': 1.0}, ASR: 1.0, TCB: {'PD_1': ['PD_3'], 'PD_2': ['PD_4'], 'PD_3': ['PD_4'], 'PD_4': ['PD_3']}, FR: {'PD_1,PD_2': inf, 'PD_1,PD_3': inf, 'PD_1,PD_4': inf, 'PD_2,PD_3': inf, 'PD_2,PD_4': inf, 'PD_3,PD_4': inf}
  Computing metrics...
    RSI: {'PD_1,PD_2': 0.0, 'PD_1,PD_3': 0.0, 'PD_1,PD_4': 0.0, 'PD_2,PD_3': 0.0, 'PD_2,PD_4': 0.0, 'PD_3,PD_4': 1.0}, ASR: 1.0, TCB: {'PD_1': ['PD_3'], 'PD_2': ['PD_4'], 'PD_3': ['PD_4'], 'PD_4': ['PD_3']}, FR: {'PD_1,PD_2': inf, 'PD_1,PD_3': inf, 'PD_1,PD_4': inf, 'PD_2,PD_3': inf, 'PD_2,PD_4': inf, 'PD_3,PD_4': inf}
  Computing metrics...
    RSI: {'PD_1,PD_2': 0.0, 'PD_1,PD_3': 0.0, 'PD_1,PD_4': 0.0, 'PD_2,PD_3': 0.0, 'PD_2,PD_4': 0.0, 'PD_3,PD_4': 1.0}, ASR: 1.0, TCB: {'PD_1': ['PD_3'], 'PD_2': ['PD_4'], 'PD_3': ['PD_4'], 'PD_4': ['PD_3']}, FR: {'PD_1,PD_2': inf, 'PD_1,PD_3': inf, 'PD_1,PD_4': inf, 'PD_2,PD_3': inf, 'PD_2,PD_4': inf, 'PD_3,PD_4': inf}
  Computing metrics...
    RSI: {'PD_1,PD_2': 0.0, 'PD_1,PD_3': 0.0, 'PD_1,PD_4': 0.0, 'PD_2,PD_3': 0.0, 'PD_2,PD_4': 0.0, 'PD_3,PD_4': 1.0}, ASR: 1.0, TCB: {'PD_1': ['PD_3'], 'PD_2': ['PD_4'], 'PD_3': ['PD_4'], 'PD_4': ['PD_3']}, FR: {'PD_1,PD_2': inf, 'PD_1,PD_3': inf, 'PD_1,PD_4': inf, 'PD_2,PD_3': inf, 'PD_2,PD_4': inf, 'PD_3,PD_4': inf}
  Computing metrics...
    RSI: {'PD_1,PD_2': 0.0, 'PD_1,PD_3': 0.0, 'PD_1,PD_4': 0.0, 'PD_2,PD_3': 0.0, 'PD_2,PD_4': 0.0, 'PD_3,PD_4': 1.0}, ASR: 1.0, TCB: {'PD_1': ['PD_3'], 'PD_2': ['PD_4'], 'PD_3': ['PD_4'], 'PD_4': ['PD_3']}, FR: {'PD_1,PD_2': inf, 'PD_1,PD_3': inf, 'PD_1,PD_4': inf, 'PD_2,PD_3': inf, 'PD_2,PD_4': inf, 'PD_3,PD_4': inf}
  Computing metrics...
    RSI: {'PD_1,PD_2': 0.0, 'PD_1,PD_3': 0.0, 'PD_1,PD_4': 0.0, 'PD_2,PD_3': 0.0, 'PD_2,PD_4': 0.0, 'PD_3,PD_4': 1.0}, ASR: 1.0, TCB: {'PD_1': ['PD_3'], 'PD_2': ['PD_4'], 'PD_3': ['PD_4'], 'PD_4': ['PD_3']}, FR: {'PD_1,PD_2': inf, 'PD_1,PD_3': inf, 'PD_1,PD_4': inf, 'PD_2,PD_3': inf, 'PD_2,PD_4': inf, 'PD_3,PD_4': inf}
  Computing metrics...
    RSI: {'PD_1,PD_2': 0.0, 'PD_1,PD_3': 0.0, 'PD_1,PD_4': 0.0, 'PD_2,PD_3': 0.0, 'PD_2,PD_4': 0.0, 'PD_3,PD_4': 1.0}, ASR: 1.0, TCB: {'PD_1': ['PD_3'], 'PD_2': ['PD_4'], 'PD_3': ['PD_4'], 'PD_4': ['PD_3']}, FR: {'PD_1,PD_2': inf, 'PD_1,PD_3': inf, 'PD_1,PD_4': inf, 'PD_2,PD_3': inf, 'PD_2,PD_4': inf, 'PD_3,PD_4': inf}
  Computing metrics...
    RSI: {'PD_1,PD_2': 0.0, 'PD_1,PD_3': 0.0, 'PD_1,PD_4': 0.0, 'PD_2,PD_3': 0.0, 'PD_2,PD_4': 0.0, 'PD_3,PD_4': 1.0}, ASR: 1.0, TCB: {'PD_1': ['PD_3'], 'PD_2': ['PD_4'], 'PD_3': ['PD_4'], 'PD_4': ['PD_3']}, FR: {'PD_1,PD_2': inf, 'PD_1,PD_3': inf, 'PD_1,PD_4': inf, 'PD_2,PD_3': inf, 'PD_2,PD_4': inf, 'PD_3,PD_4': inf}
  Computing metrics...
    RSI: {'PD_1,PD_2': 0.0, 'PD_1,PD_3': 0.0, 'PD_1,PD_4': 0.0, 'PD_2,PD_3': 0.0, 'PD_2,PD_4': 0.0, 'PD_3,PD_4': 1.0}, ASR: 1.0, TCB: {'PD_1': ['PD_3'], 'PD_2': ['PD_4'], 'PD_3': ['PD_4'], 'PD_4': ['PD_3']}, FR: {'PD_1,PD_2': inf, 'PD_1,PD_3': inf, 'PD_1,PD_4': inf, 'PD_2,PD_3': inf, 'PD_2,PD_4': inf, 'PD_3,PD_4': inf}
  Computing metrics...
    RSI: {'PD_1,PD_2': 0.0, 'PD_1,PD_3': 1.0, 'PD_1,PD_4': 1.0, 'PD_2,PD_3': 0.0, 'PD_2,PD_4': 0.0, 'PD_3,PD_4': 1.0}, ASR: 1.25, TCB: {'PD_1': ['PD_3', 'PD_4'], 'PD_2': ['PD_4'], 'PD_3': ['PD_1', 'PD_4'], 'PD_4': ['PD_1', 'PD_3']}, FR: {'PD_1,PD_2': inf, 'PD_1,PD_3': inf, 'PD_1,PD_4': inf, 'PD_2,PD_3': inf, 'PD_2,PD_4': inf, 'PD_3,PD_4': inf}
  Computing metrics...
    RSI: {'PD_1,PD_2': 0.0, 'PD_1,PD_3': 0.0, 'PD_1,PD_4': 0.0, 'PD_2,PD_3': 0.0, 'PD_2,PD_4': 0.0, 'PD_3,PD_4': 1.0}, ASR: 1.0, TCB: {'PD_1': ['PD_3'], 'PD_2': ['PD_4'], 'PD_3': ['PD_4'], 'PD_4': ['PD_3']}, FR: {'PD_1,PD_2': inf, 'PD_1,PD_3': inf, 'PD_1,PD_4': inf, 'PD_2,PD_3': inf, 'PD_2,PD_4': inf, 'PD_3,PD_4': inf}
  Computing metrics...
    RSI: {'PD_1,PD_2': 0.0, 'PD_1,PD_3': 0.0, 'PD_1,PD_4': 0.0, 'PD_2,PD_3': 0.0, 'PD_2,PD_4': 0.0, 'PD_3,PD_4': 1.0}, ASR: 1.25, TCB: {'PD_1': ['PD_3'], 'PD_2': ['PD_4'], 'PD_3': ['PD_4'], 'PD_4': ['PD_3']}, FR: {'PD_1,PD_2': inf, 'PD_1,PD_3': inf, 'PD_1,PD_4': inf, 'PD_2,PD_3': inf, 'PD_2,PD_4': inf, 'PD_3,PD_4': inf}
  Computing metrics...
    RSI: {'PD_1,PD_2': 0.0, 'PD_1,PD_3': 0.0, 'PD_1,PD_4': 0.0, 'PD_2,PD_3': 0.0, 'PD_2,PD_4': 0.0, 'PD_3,PD_4': 1.0}, ASR: 1.0, TCB: {'PD_1': ['PD_3'], 'PD_2': ['PD_4'], 'PD_3': ['PD_4'], 'PD_4': ['PD_3']}, FR: {'PD_1,PD_2': inf, 'PD_1,PD_3': inf, 'PD_1,PD_4': inf, 'PD_2,PD_3': inf, 'PD_2,PD_4': inf, 'PD_3,PD_4': inf}
  Computing metrics...
    RSI: {'PD_1,PD_2': 0.0, 'PD_1,PD_3': 0.0, 'PD_1,PD_4': 0.0, 'PD_2,PD_3': 0.0, 'PD_2,PD_4': 0.0, 'PD_3,PD_4': 1.0}, ASR: 1.25, TCB: {'PD_1': ['PD_3'], 'PD_2': ['PD_4'], 'PD_3': ['PD_4'], 'PD_4': ['PD_3']}, FR: {'PD_1,PD_2': inf, 'PD_1,PD_3': inf, 'PD_1,PD_4': inf, 'PD_2,PD_3': inf, 'PD_2,PD_4': inf, 'PD_3,PD_4': inf}
  Computing metrics...
    RSI: {'PD_1,PD_2': 0.0, 'PD_1,PD_3': 0.0, 'PD_1,PD_4': 0.0, 'PD_2,PD_3': 0.0, 'PD_2,PD_4': 0.0, 'PD_3,PD_4': 1.0}, ASR: 1.0, TCB: {'PD_1': ['PD_3'], 'PD_2': ['PD_4'], 'PD_3': ['PD_4'], 'PD_4': ['PD_3']}, FR: {'PD_1,PD_2': inf, 'PD_1,PD_3': inf, 'PD_1,PD_4': inf, 'PD_2,PD_3': inf, 'PD_2,PD_4': inf, 'PD_3,PD_4': inf}
  Computing metrics...
    RSI: {'PD_1,PD_2': 0.0, 'PD_1,PD_3': 0.0, 'PD_1,PD_4': 0.0, 'PD_2,PD_3': 0.0, 'PD_2,PD_4': 0.0, 'PD_3,PD_4': 1.0}, ASR: 1.25, TCB: {'PD_1': ['PD_3'], 'PD_2': ['PD_4'], 'PD_3': ['PD_4'], 'PD_4': ['PD_3']}, FR: {'PD_1,PD_2': inf, 'PD_1,PD_3': inf, 'PD_1,PD_4': inf, 'PD_2,PD_3': inf, 'PD_2,PD_4': inf, 'PD_3,PD_4': inf}
  Computing metrics...
    RSI: {'PD_1,PD_2': 0.0, 'PD_1,PD_3': 0.0, 'PD_1,PD_4': 0.0, 'PD_2,PD_3': 0.0, 'PD_2,PD_4': 0.0, 'PD_3,PD_4': 1.0}, ASR: 1.0, TCB: {'PD_1': ['PD_3'], 'PD_2': ['PD_4'], 'PD_3': ['PD_4'], 'PD_4': ['PD_3']}, FR: {'PD_1,PD_2': inf, 'PD_1,PD_3': inf, 'PD_1,PD_4': inf, 'PD_2,PD_3': inf, 'PD_2,PD_4': inf, 'PD_3,PD_4': inf}
  Computing metrics...
    RSI: {'PD_1,PD_2': 0.0, 'PD_1,PD_3': 0.0, 'PD_1,PD_4': 0.0, 'PD_2,PD_3': 0.0, 'PD_2,PD_4': 0.0, 'PD_3,PD_4': 1.0}, ASR: 1.25, TCB: {'PD_1': ['PD_3'], 'PD_2': ['PD_4'], 'PD_3': ['PD_4'], 'PD_4': ['PD_3']}, FR: {'PD_1,PD_2': inf, 'PD_1,PD_3': inf, 'PD_1,PD_4': inf, 'PD_2,PD_3': inf, 'PD_2,PD_4': inf, 'PD_3,PD_4': inf}
  Computing metrics...
    RSI: {'PD_1,PD_2': 0.0, 'PD_1,PD_3': 0.0, 'PD_1,PD_4': 0.0, 'PD_2,PD_3': 0.0, 'PD_2,PD_4': 0.0, 'PD_3,PD_4': 1.0}, ASR: 1.0, TCB: {'PD_1': ['PD_3'], 'PD_2': ['PD_4'], 'PD_3': ['PD_4'], 'PD_4': ['PD_3']}, FR: {'PD_1,PD_2': inf, 'PD_1,PD_3': inf, 'PD_1,PD_4': inf, 'PD_2,PD_3': inf, 'PD_2,PD_4': inf, 'PD_3,PD_4': inf}
  Computing metrics...
    RSI: {'PD_1,PD_2': 0.0, 'PD_1,PD_3': 0.0, 'PD_1,PD_4': 0.0, 'PD_2,PD_3': 0.0, 'PD_2,PD_4': 0.0, 'PD_3,PD_4': 1.0}, ASR: 1.25, TCB: {'PD_1': ['PD_3'], 'PD_2': ['PD_4'], 'PD_3': ['PD_4'], 'PD_4': ['PD_3']}, FR: {'PD_1,PD_2': inf, 'PD_1,PD_3': inf, 'PD_1,PD_4': inf, 'PD_2,PD_3': inf, 'PD_2,PD_4': inf, 'PD_3,PD_4': inf}
  Computing metrics...
    RSI: {'PD_1,PD_2': 0.0, 'PD_1,PD_3': 0.0, 'PD_1,PD_4': 0.0, 'PD_2,PD_3': 0.0, 'PD_2,PD_4': 0.0, 'PD_3,PD_4': 1.0}, ASR: 1.0, TCB: {'PD_1': ['PD_3'], 'PD_2': ['PD_4'], 'PD_3': ['PD_4'], 'PD_4': ['PD_3']}, FR: {'PD_1,PD_2': inf, 'PD_1,PD_3': inf, 'PD_1,PD_4': inf, 'PD_2,PD_3': inf, 'PD_2,PD_4': inf, 'PD_3,PD_4': inf}
  Computing metrics...
    RSI: {'PD_1,PD_2': 0.0, 'PD_1,PD_3': 0.0, 'PD_1,PD_4': 0.0, 'PD_2,PD_3': 0.0, 'PD_2,PD_4': 0.0, 'PD_3,PD_4': 1.0}, ASR: 1.25, TCB: {'PD_1': ['PD_3'], 'PD_2': ['PD_4'], 'PD_3': ['PD_4'], 'PD_4': ['PD_3']}, FR: {'PD_1,PD_2': inf, 'PD_1,PD_3': inf, 'PD_1,PD_4': inf, 'PD_2,PD_3': inf, 'PD_2,PD_4': inf, 'PD_3,PD_4': inf}
  Computing metrics...
    RSI: {'PD_1,PD_2': 0.0, 'PD_1,PD_3': 0.0, 'PD_1,PD_4': 0.0, 'PD_2,PD_3': 0.0, 'PD_2,PD_4': 0.0, 'PD_3,PD_4': 1.0}, ASR: 1.0, TCB: {'PD_1': ['PD_3'], 'PD_2': ['PD_4'], 'PD_3': ['PD_4'], 'PD_4': ['PD_3']}, FR: {'PD_1,PD_2': inf, 'PD_1,PD_3': inf, 'PD_1,PD_4': inf, 'PD_2,PD_3': inf, 'PD_2,PD_4': inf, 'PD_3,PD_4': inf}
  Computing metrics...
    RSI: {'PD_1,PD_2': 0.0, 'PD_1,PD_3': 0.0, 'PD_1,PD_4': 0.0, 'PD_2,PD_3': 0.0, 'PD_2,PD_4': 0.0, 'PD_3,PD_4': 1.0}, ASR: 1.25, TCB: {'PD_1': ['PD_3'], 'PD_2': ['PD_4'], 'PD_3': ['PD_4'], 'PD_4': ['PD_3']}, FR: {'PD_1,PD_2': inf, 'PD_1,PD_3': inf, 'PD_1,PD_4': inf, 'PD_2,PD_3': inf, 'PD_2,PD_4': inf, 'PD_3,PD_4': inf}
  Computing metrics...
    RSI: {'PD_1,PD_2': 0.0, 'PD_1,PD_3': 0.0, 'PD_1,PD_4': 0.0, 'PD_2,PD_3': 0.0, 'PD_2,PD_4': 0.0, 'PD_3,PD_4': 1.0}, ASR: 1.0, TCB: {'PD_1': ['PD_3'], 'PD_2': ['PD_4'], 'PD_3': ['PD_4'], 'PD_4': ['PD_3']}, FR: {'PD_1,PD_2': inf, 'PD_1,PD_3': inf, 'PD_1,PD_4': inf, 'PD_2,PD_3': inf, 'PD_2,PD_4': inf, 'PD_3,PD_4': inf}
  Computing metrics...
    RSI: {'PD_1,PD_2': 0.0, 'PD_1,PD_3': 0.0, 'PD_1,PD_4': 0.0, 'PD_2,PD_3': 1.0, 'PD_2,PD_4': 1.0, 'PD_3,PD_4': 1.0}, ASR: 1.25, TCB: {'PD_1': ['PD_3'], 'PD_2': ['PD_4', 'PD_3'], 'PD_3': ['PD_2', 'PD_4'], 'PD_4': ['PD_2', 'PD_3']}, FR: {'PD_1,PD_2': inf, 'PD_1,PD_3': inf, 'PD_1,PD_4': inf, 'PD_2,PD_3': inf, 'PD_2,PD_4': inf, 'PD_3,PD_4': inf}
  Computing metrics...
    RSI: {'PD_1,PD_2': 0.0, 'PD_1,PD_3': 0.0, 'PD_1,PD_4': 0.0, 'PD_2,PD_3': 0.0, 'PD_2,PD_4': 0.0, 'PD_3,PD_4': 1.0}, ASR: 1.0, TCB: {'PD_1': ['PD_3'], 'PD_2': ['PD_4'], 'PD_3': ['PD_4'], 'PD_4': ['PD_3']}, FR: {'PD_1,PD_2': inf, 'PD_1,PD_3': inf, 'PD_1,PD_4': inf, 'PD_2,PD_3': inf, 'PD_2,PD_4': inf, 'PD_3,PD_4': inf}
  Computing metrics...
    RSI: {'PD_1,PD_2': 0.0, 'PD_1,PD_3': 0.0, 'PD_1,PD_4': 0.0, 'PD_2,PD_3': 0.0, 'PD_2,PD_4': 0.0, 'PD_3,PD_4': 1.0}, ASR: 1.25, TCB: {'PD_1': ['PD_3'], 'PD_2': ['PD_4'], 'PD_3': ['PD_4'], 'PD_4': ['PD_3']}, FR: {'PD_1,PD_2': inf, 'PD_1,PD_3': inf, 'PD_1,PD_4': inf, 'PD_2,PD_3': inf, 'PD_2,PD_4': inf, 'PD_3,PD_4': inf}
  Computing metrics...
    RSI: {'PD_1,PD_2': 0.0, 'PD_1,PD_3': 0.0, 'PD_1,PD_4': 0.0, 'PD_2,PD_3': 0.0, 'PD_2,PD_4': 0.0, 'PD_3,PD_4': 1.0}, ASR: 1.0, TCB: {'PD_1': ['PD_3'], 'PD_2': ['PD_4'], 'PD_3': ['PD_4'], 'PD_4': ['PD_3']}, FR: {'PD_1,PD_2': inf, 'PD_1,PD_3': inf, 'PD_1,PD_4': inf, 'PD_2,PD_3': inf, 'PD_2,PD_4': inf, 'PD_3,PD_4': inf}
  Computing metrics...
    RSI: {'PD_1,PD_2': 0.0, 'PD_1,PD_3': 0.0, 'PD_1,PD_4': 0.0, 'PD_2,PD_3': 0.0, 'PD_2,PD_4': 0.0, 'PD_3,PD_4': 1.0}, ASR: 1.25, TCB: {'PD_1': ['PD_3'], 'PD_2': ['PD_4'], 'PD_3': ['PD_4'], 'PD_4': ['PD_3']}, FR: {'PD_1,PD_2': inf, 'PD_1,PD_3': inf, 'PD_1,PD_4': inf, 'PD_2,PD_3': inf, 'PD_2,PD_4': inf, 'PD_3,PD_4': inf}
  Computing metrics...
    RSI: {'PD_1,PD_2': 0.0, 'PD_1,PD_3': 0.0, 'PD_1,PD_4': 0.0, 'PD_2,PD_3': 0.0, 'PD_2,PD_4': 0.0, 'PD_3,PD_4': 1.0}, ASR: 1.0, TCB: {'PD_1': ['PD_3'], 'PD_2': ['PD_4'], 'PD_3': ['PD_4'], 'PD_4': ['PD_3']}, FR: {'PD_1,PD_2': inf, 'PD_1,PD_3': inf, 'PD_1,PD_4': inf, 'PD_2,PD_3': inf, 'PD_2,PD_4': inf, 'PD_3,PD_4': inf}
  Computing metrics...
    RSI: {'PD_1,PD_2': 0.0, 'PD_1,PD_3': 0.0, 'PD_1,PD_4': 0.0, 'PD_2,PD_3': 0.0, 'PD_2,PD_4': 0.0, 'PD_3,PD_4': 1.0}, ASR: 1.25, TCB: {'PD_1': ['PD_3'], 'PD_2': ['PD_4'], 'PD_3': ['PD_4'], 'PD_4': ['PD_3']}, FR: {'PD_1,PD_2': inf, 'PD_1,PD_3': inf, 'PD_1,PD_4': inf, 'PD_2,PD_3': inf, 'PD_2,PD_4': inf, 'PD_3,PD_4': inf}
  Computing metrics...
    RSI: {'PD_1,PD_2': 0.0, 'PD_1,PD_3': 0.0, 'PD_1,PD_4': 0.0, 'PD_2,PD_3': 0.0, 'PD_2,PD_4': 0.0, 'PD_3,PD_4': 1.0}, ASR: 1.0, TCB: {'PD_1': ['PD_3'], 'PD_2': ['PD_4'], 'PD_3': ['PD_4'], 'PD_4': ['PD_3']}, FR: {'PD_1,PD_2': inf, 'PD_1,PD_3': inf, 'PD_1,PD_4': inf, 'PD_2,PD_3': inf, 'PD_2,PD_4': inf, 'PD_3,PD_4': inf}
  Computing metrics...
    RSI: {'PD_1,PD_2': 0.0, 'PD_1,PD_3': 0.0, 'PD_1,PD_4': 0.0, 'PD_2,PD_3': 0.0, 'PD_2,PD_4': 0.0, 'PD_3,PD_4': 1.0}, ASR: 1.25, TCB: {'PD_1': ['PD_3'], 'PD_2': ['PD_4'], 'PD_3': ['PD_4'], 'PD_4': ['PD_3']}, FR: {'PD_1,PD_2': inf, 'PD_1,PD_3': inf, 'PD_1,PD_4': inf, 'PD_2,PD_3': inf, 'PD_2,PD_4': inf, 'PD_3,PD_4': inf}
  Computing metrics...
    RSI: {'PD_1,PD_2': 0.0, 'PD_1,PD_3': 0.0, 'PD_1,PD_4': 0.0, 'PD_2,PD_3': 0.0, 'PD_2,PD_4': 0.0, 'PD_3,PD_4': 1.0}, ASR: 1.0, TCB: {'PD_1': ['PD_3'], 'PD_2': ['PD_4'], 'PD_3': ['PD_4'], 'PD_4': ['PD_3']}, FR: {'PD_1,PD_2': inf, 'PD_1,PD_3': inf, 'PD_1,PD_4': inf, 'PD_2,PD_3': inf, 'PD_2,PD_4': inf, 'PD_3,PD_4': inf}
  Computing metrics...
    RSI: {'PD_1,PD_2': 0.0, 'PD_1,PD_3': 0.0, 'PD_1,PD_4': 0.0, 'PD_2,PD_3': 0.0, 'PD_2,PD_4': 0.0, 'PD_3,PD_4': 1.0}, ASR: 1.25, TCB: {'PD_1': ['PD_3'], 'PD_2': ['PD_4'], 'PD_3': ['PD_4'], 'PD_4': ['PD_3']}, FR: {'PD_1,PD_2': inf, 'PD_1,PD_3': inf, 'PD_1,PD_4': inf, 'PD_2,PD_3': inf, 'PD_2,PD_4': inf, 'PD_3,PD_4': inf}
  Computing metrics...
    RSI: {'PD_1,PD_2': 0.0, 'PD_1,PD_3': 0.0, 'PD_1,PD_4': 0.0, 'PD_2,PD_3': 0.0, 'PD_2,PD_4': 0.0, 'PD_3,PD_4': 1.0}, ASR: 1.0, TCB: {'PD_1': ['PD_3'], 'PD_2': ['PD_4'], 'PD_3': ['PD_4'], 'PD_4': ['PD_3']}, FR: {'PD_1,PD_2': inf, 'PD_1,PD_3': inf, 'PD_1,PD_4': inf, 'PD_2,PD_3': inf, 'PD_2,PD_4': inf, 'PD_3,PD_4': inf}
  Computing metrics...
    RSI: {'PD_1,PD_2': 0.0, 'PD_1,PD_3': 0.0, 'PD_1,PD_4': 0.0, 'PD_2,PD_3': 0.0, 'PD_2,PD_4': 0.0, 'PD_3,PD_4': 1.0}, ASR: 1.25, TCB: {'PD_1': ['PD_3'], 'PD_2': ['PD_4'], 'PD_3': ['PD_4'], 'PD_4': ['PD_3']}, FR: {'PD_1,PD_2': inf, 'PD_1,PD_3': inf, 'PD_1,PD_4': inf, 'PD_2,PD_3': inf, 'PD_2,PD_4': inf, 'PD_3,PD_4': inf}
  Computing metrics...
    RSI: {'PD_1,PD_2': 0.0, 'PD_1,PD_3': 0.0, 'PD_1,PD_4': 0.0, 'PD_2,PD_3': 0.0, 'PD_2,PD_4': 0.0, 'PD_3,PD_4': 1.0}, ASR: 1.0, TCB: {'PD_1': ['PD_3'], 'PD_2': ['PD_4'], 'PD_3': ['PD_4'], 'PD_4': ['PD_3']}, FR: {'PD_1,PD_2': inf, 'PD_1,PD_3': inf, 'PD_1,PD_4': inf, 'PD_2,PD_3': inf, 'PD_2,PD_4': inf, 'PD_3,PD_4': inf}
  Computing metrics...
    RSI: {'PD_1,PD_2': 0.0, 'PD_1,PD_3': 0.0, 'PD_1,PD_4': 0.0, 'PD_2,PD_3': 0.0, 'PD_2,PD_4': 0.0, 'PD_3,PD_4': 1.0}, ASR: 1.25, TCB: {'PD_1': ['PD_3'], 'PD_2': ['PD_4'], 'PD_3': ['PD_4'], 'PD_4': ['PD_3']}, FR: {'PD_1,PD_2': inf, 'PD_1,PD_3': inf, 'PD_1,PD_4': inf, 'PD_2,PD_3': inf, 'PD_2,PD_4': inf, 'PD_3,PD_4': inf}
  Computing metrics...
    RSI: {'PD_1,PD_2': 0.0, 'PD_1,PD_3': 0.0, 'PD_1,PD_4': 0.0, 'PD_2,PD_3': 0.0, 'PD_2,PD_4': 0.0, 'PD_3,PD_4': 1.0}, ASR: 1.0, TCB: {'PD_1': ['PD_3'], 'PD_2': ['PD_4'], 'PD_3': ['PD_4'], 'PD_4': ['PD_3']}, FR: {'PD_1,PD_2': inf, 'PD_1,PD_3': inf, 'PD_1,PD_4': inf, 'PD_2,PD_3': inf, 'PD_2,PD_4': inf, 'PD_3,PD_4': inf}
  Computing metrics...
    RSI: {'PD_1,PD_2': 0.0, 'PD_1,PD_3': 0.0, 'PD_1,PD_4': 0.0, 'PD_2,PD_3': 0.0, 'PD_2,PD_4': 0.0, 'PD_3,PD_4': 0.5}, ASR: 1.25, TCB: {'PD_1': ['PD_3'], 'PD_2': ['PD_4'], 'PD_3': ['PD_4'], 'PD_4': ['PD_3']}, FR: {'PD_1,PD_2': inf, 'PD_1,PD_3': inf, 'PD_1,PD_4': inf, 'PD_2,PD_3': inf, 'PD_2,PD_4': inf, 'PD_3,PD_4': inf}
  Computing metrics...
    RSI: {'PD_1,PD_2': 0.0, 'PD_1,PD_3': 0.0, 'PD_1,PD_4': 0.0, 'PD_2,PD_3': 0.0, 'PD_2,PD_4': 0.0, 'PD_3,PD_4': 1.0}, ASR: 1.0, TCB: {'PD_1': ['PD_3'], 'PD_2': ['PD_4'], 'PD_3': ['PD_4'], 'PD_4': ['PD_3']}, FR: {'PD_1,PD_2': inf, 'PD_1,PD_3': inf, 'PD_1,PD_4': inf, 'PD_2,PD_3': inf, 'PD_2,PD_4': inf, 'PD_3,PD_4': inf}
  Computing metrics...
    RSI: {'PD_1,PD_2': 0.0, 'PD_1,PD_3': 0.0, 'PD_1,PD_4': 0.0, 'PD_2,PD_3': 0.0, 'PD_2,PD_4': 0.0, 'PD_3,PD_4': 0.5}, ASR: 1.25, TCB: {'PD_1': ['PD_3'], 'PD_2': ['PD_4'], 'PD_3': ['PD_4'], 'PD_4': ['PD_3']}, FR: {'PD_1,PD_2': inf, 'PD_1,PD_3': inf, 'PD_1,PD_4': inf, 'PD_2,PD_3': inf, 'PD_2,PD_4': inf, 'PD_3,PD_4': inf}
  Computing metrics...
    RSI: {'PD_1,PD_2': 0.0, 'PD_1,PD_3': 0.0, 'PD_1,PD_4': 0.0, 'PD_2,PD_3': 0.0, 'PD_2,PD_4': 0.0, 'PD_3,PD_4': 1.0}, ASR: 1.0, TCB: {'PD_1': ['PD_3'], 'PD_2': ['PD_4'], 'PD_3': ['PD_4'], 'PD_4': ['PD_3']}, FR: {'PD_1,PD_2': inf, 'PD_1,PD_3': inf, 'PD_1,PD_4': inf, 'PD_2,PD_3': inf, 'PD_2,PD_4': inf, 'PD_3,PD_4': inf}
  Computing metrics...
    RSI: {'PD_1,PD_2': 0.0, 'PD_1,PD_3': 0.0, 'PD_1,PD_4': 0.0, 'PD_2,PD_3': 0.0, 'PD_2,PD_4': 0.0, 'PD_3,PD_4': 0.5}, ASR: 1.25, TCB: {'PD_1': ['PD_3'], 'PD_2': ['PD_4'], 'PD_3': ['PD_4'], 'PD_4': ['PD_3']}, FR: {'PD_1,PD_2': inf, 'PD_1,PD_3': inf, 'PD_1,PD_4': inf, 'PD_2,PD_3': inf, 'PD_2,PD_4': inf, 'PD_3,PD_4': inf}
  Computing metrics...
    RSI: {'PD_1,PD_2': 0.0, 'PD_1,PD_3': 0.0, 'PD_1,PD_4': 0.0, 'PD_2,PD_3': 0.0, 'PD_2,PD_4': 0.0, 'PD_3,PD_4': 1.0}, ASR: 1.0, TCB: {'PD_1': ['PD_3'], 'PD_2': ['PD_4'], 'PD_3': ['PD_4'], 'PD_4': ['PD_3']}, FR: {'PD_1,PD_2': inf, 'PD_1,PD_3': inf, 'PD_1,PD_4': inf, 'PD_2,PD_3': inf, 'PD_2,PD_4': inf, 'PD_3,PD_4': inf}
  Computing metrics...
    RSI: {'PD_1,PD_2': 0.0, 'PD_1,PD_3': 0.0, 'PD_1,PD_4': 0.0, 'PD_2,PD_3': 0.0, 'PD_2,PD_4': 0.0, 'PD_3,PD_4': 0.5}, ASR: 1.25, TCB: {'PD_1': ['PD_3'], 'PD_2': ['PD_4'], 'PD_3': ['PD_4'], 'PD_4': ['PD_3']}, FR: {'PD_1,PD_2': inf, 'PD_1,PD_3': inf, 'PD_1,PD_4': inf, 'PD_2,PD_3': inf, 'PD_2,PD_4': inf, 'PD_3,PD_4': inf}
  Computing metrics...
    RSI: {'PD_1,PD_2': 0.0, 'PD_1,PD_3': 0.0, 'PD_1,PD_4': 0.0, 'PD_2,PD_3': 0.0, 'PD_2,PD_4': 0.0, 'PD_3,PD_4': 1.0}, ASR: 1.0, TCB: {'PD_1': ['PD_3'], 'PD_2': ['PD_4'], 'PD_3': ['PD_4'], 'PD_4': ['PD_3']}, FR: {'PD_1,PD_2': inf, 'PD_1,PD_3': inf, 'PD_1,PD_4': inf, 'PD_2,PD_3': inf, 'PD_2,PD_4': inf, 'PD_3,PD_4': inf}
  Computing metrics...
    RSI: {'PD_1,PD_2': 0.0, 'PD_1,PD_3': 0.0, 'PD_1,PD_4': 0.0, 'PD_2,PD_3': 0.0, 'PD_2,PD_4': 0.0, 'PD_3,PD_4': 0.5}, ASR: 1.25, TCB: {'PD_1': ['PD_3'], 'PD_2': ['PD_4'], 'PD_3': ['PD_4'], 'PD_4': ['PD_3']}, FR: {'PD_1,PD_2': inf, 'PD_1,PD_3': inf, 'PD_1,PD_4': inf, 'PD_2,PD_3': inf, 'PD_2,PD_4': inf, 'PD_3,PD_4': inf}
  Computing metrics...
    RSI: {'PD_1,PD_2': 0.0, 'PD_1,PD_3': 0.0, 'PD_1,PD_4': 0.0, 'PD_2,PD_3': 0.0, 'PD_2,PD_4': 0.0, 'PD_3,PD_4': 1.0}, ASR: 1.0, TCB: {'PD_1': ['PD_3'], 'PD_2': ['PD_4'], 'PD_3': ['PD_4'], 'PD_4': ['PD_3']}, FR: {'PD_1,PD_2': inf, 'PD_1,PD_3': inf, 'PD_1,PD_4': inf, 'PD_2,PD_3': inf, 'PD_2,PD_4': inf, 'PD_3,PD_4': inf}
  Computing metrics...
    RSI: {'PD_1,PD_2': 0.0, 'PD_1,PD_3': 0.0, 'PD_1,PD_4': 0.0, 'PD_2,PD_3': 0.0, 'PD_2,PD_4': 0.0, 'PD_3,PD_4': 0.5}, ASR: 1.25, TCB: {'PD_1': ['PD_3'], 'PD_2': ['PD_4'], 'PD_3': ['PD_4'], 'PD_4': ['PD_3']}, FR: {'PD_1,PD_2': inf, 'PD_1,PD_3': inf, 'PD_1,PD_4': inf, 'PD_2,PD_3': inf, 'PD_2,PD_4': inf, 'PD_3,PD_4': inf}
  Computing metrics...
    RSI: {'PD_1,PD_2': 0.0, 'PD_1,PD_3': 0.0, 'PD_1,PD_4': 0.0, 'PD_2,PD_3': 0.0, 'PD_2,PD_4': 0.0, 'PD_3,PD_4': 1.0}, ASR: 1.0, TCB: {'PD_1': ['PD_3'], 'PD_2': ['PD_4'], 'PD_3': ['PD_4'], 'PD_4': ['PD_3']}, FR: {'PD_1,PD_2': inf, 'PD_1,PD_3': inf, 'PD_1,PD_4': inf, 'PD_2,PD_3': inf, 'PD_2,PD_4': inf, 'PD_3,PD_4': inf}
  Computing metrics...
    RSI: {'PD_1,PD_2': 0.0, 'PD_1,PD_3': 0.0, 'PD_1,PD_4': 0.0, 'PD_2,PD_3': 0.0, 'PD_2,PD_4': 0.0, 'PD_3,PD_4': 0.5}, ASR: 1.25, TCB: {'PD_1': ['PD_3'], 'PD_2': ['PD_4'], 'PD_3': ['PD_4'], 'PD_4': ['PD_3']}, FR: {'PD_1,PD_2': inf, 'PD_1,PD_3': inf, 'PD_1,PD_4': inf, 'PD_2,PD_3': inf, 'PD_2,PD_4': inf, 'PD_3,PD_4': inf}
  Computing metrics...
    RSI: {'PD_1,PD_2': 0.0, 'PD_1,PD_3': 0.0, 'PD_1,PD_4': 0.0, 'PD_2,PD_3': 0.0, 'PD_2,PD_4': 0.0, 'PD_3,PD_4': 1.0}, ASR: 1.0, TCB: {'PD_1': ['PD_3'], 'PD_2': ['PD_4'], 'PD_3': ['PD_4'], 'PD_4': ['PD_3']}, FR: {'PD_1,PD_2': inf, 'PD_1,PD_3': inf, 'PD_1,PD_4': inf, 'PD_2,PD_3': inf, 'PD_2,PD_4': inf, 'PD_3,PD_4': inf}
  Computing metrics...
    RSI: {'PD_1,PD_2': 0.0, 'PD_1,PD_3': 0.0, 'PD_1,PD_4': 0.0, 'PD_2,PD_3': 0.0, 'PD_2,PD_4': 0.0, 'PD_3,PD_4': 0.5}, ASR: 1.25, TCB: {'PD_1': ['PD_3'], 'PD_2': ['PD_4'], 'PD_3': ['PD_4'], 'PD_4': ['PD_3']}, FR: {'PD_1,PD_2': inf, 'PD_1,PD_3': inf, 'PD_1,PD_4': inf, 'PD_2,PD_3': inf, 'PD_2,PD_4': inf, 'PD_3,PD_4': inf}
  Computing metrics...
    RSI: {'PD_1,PD_2': 0.0, 'PD_1,PD_3': 0.0, 'PD_1,PD_4': 0.0, 'PD_2,PD_3': 0.0, 'PD_2,PD_4': 0.0, 'PD_3,PD_4': 1.0}, ASR: 1.0, TCB: {'PD_1': ['PD_3'], 'PD_2': ['PD_4'], 'PD_3': ['PD_4'], 'PD_4': ['PD_3']}, FR: {'PD_1,PD_2': inf, 'PD_1,PD_3': inf, 'PD_1,PD_4': inf, 'PD_2,PD_3': inf, 'PD_2,PD_4': inf, 'PD_3,PD_4': inf}
  Computing metrics...
    RSI: {'PD_1,PD_2': 0.0, 'PD_1,PD_3': 0.0, 'PD_1,PD_4': 0.0, 'PD_2,PD_3': 0.0, 'PD_2,PD_4': 0.0, 'PD_3,PD_4': 0.5}, ASR: 1.25, TCB: {'PD_1': ['PD_3'], 'PD_2': ['PD_4'], 'PD_3': ['PD_4'], 'PD_4': ['PD_3']}, FR: {'PD_1,PD_2': inf, 'PD_1,PD_3': inf, 'PD_1,PD_4': inf, 'PD_2,PD_3': inf, 'PD_2,PD_4': inf, 'PD_3,PD_4': inf}
  Computing metrics...
    RSI: {'PD_1,PD_2': 0.0, 'PD_1,PD_3': 0.0, 'PD_1,PD_4': 0.0, 'PD_2,PD_3': 0.0, 'PD_2,PD_4': 0.0, 'PD_3,PD_4': 1.0}, ASR: 1.0, TCB: {'PD_1': ['PD_3'], 'PD_2': ['PD_4'], 'PD_3': ['PD_4'], 'PD_4': ['PD_3']}, FR: {'PD_1,PD_2': inf, 'PD_1,PD_3': inf, 'PD_1,PD_4': inf, 'PD_2,PD_3': inf, 'PD_2,PD_4': inf, 'PD_3,PD_4': inf}
  Computing metrics...
    RSI: {'PD_1,PD_2': 0.0, 'PD_1,PD_3': 0.0, 'PD_1,PD_4': 0.0, 'PD_2,PD_3': 0.0, 'PD_2,PD_4': 0.0, 'PD_3,PD_4': 0.5}, ASR: 1.25, TCB: {'PD_1': ['PD_3'], 'PD_2': ['PD_4'], 'PD_3': ['PD_4'], 'PD_4': ['PD_3']}, FR: {'PD_1,PD_2': inf, 'PD_1,PD_3': inf, 'PD_1,PD_4': inf, 'PD_2,PD_3': inf, 'PD_2,PD_4': inf, 'PD_3,PD_4': inf}
  Computing metrics...
    RSI: {'PD_1,PD_2': 0.0, 'PD_1,PD_3': 0.0, 'PD_1,PD_4': 0.0, 'PD_2,PD_3': 0.0, 'PD_2,PD_4': 0.0, 'PD_3,PD_4': 1.0}, ASR: 1.0, TCB: {'PD_1': ['PD_3'], 'PD_2': ['PD_4'], 'PD_3': ['PD_4'], 'PD_4': ['PD_3']}, FR: {'PD_1,PD_2': inf, 'PD_1,PD_3': inf, 'PD_1,PD_4': inf, 'PD_2,PD_3': inf, 'PD_2,PD_4': inf, 'PD_3,PD_4': inf}
  Computing metrics...
    RSI: {'PD_1,PD_2': 0.0, 'PD_1,PD_3': 0.0, 'PD_1,PD_4': 0.0, 'PD_2,PD_3': 0.0, 'PD_2,PD_4': 0.0, 'PD_3,PD_4': 0.5}, ASR: 1.25, TCB: {'PD_1': ['PD_3'], 'PD_2': ['PD_4'], 'PD_3': ['PD_4'], 'PD_4': ['PD_3']}, FR: {'PD_1,PD_2': inf, 'PD_1,PD_3': inf, 'PD_1,PD_4': inf, 'PD_2,PD_3': inf, 'PD_2,PD_4': inf, 'PD_3,PD_4': inf}
  Computing metrics...
    RSI: {'PD_1,PD_2': 0.0, 'PD_1,PD_3': 0.0, 'PD_1,PD_4': 0.0, 'PD_2,PD_3': 0.0, 'PD_2,PD_4': 0.0, 'PD_3,PD_4': 1.0}, ASR: 1.0, TCB: {'PD_1': ['PD_3'], 'PD_2': ['PD_4'], 'PD_3': ['PD_4'], 'PD_4': ['PD_3']}, FR: {'PD_1,PD_2': inf, 'PD_1,PD_3': inf, 'PD_1,PD_4': inf, 'PD_2,PD_3': inf, 'PD_2,PD_4': inf, 'PD_3,PD_4': inf}
  Computing metrics...
    RSI: {'PD_1,PD_2': 0.0, 'PD_1,PD_3': 0.0, 'PD_1,PD_4': 0.0, 'PD_2,PD_3': 0.0, 'PD_2,PD_4': 0.0, 'PD_3,PD_4': 0.5}, ASR: 1.25, TCB: {'PD_1': ['PD_3'], 'PD_2': ['PD_4'], 'PD_3': ['PD_4'], 'PD_4': ['PD_3']}, FR: {'PD_1,PD_2': inf, 'PD_1,PD_3': inf, 'PD_1,PD_4': inf, 'PD_2,PD_3': inf, 'PD_2,PD_4': inf, 'PD_3,PD_4': inf}
  Computing metrics...
    RSI: {'PD_1,PD_2': 0.0, 'PD_1,PD_3': 0.0, 'PD_1,PD_4': 0.0, 'PD_2,PD_3': 0.0, 'PD_2,PD_4': 0.0, 'PD_3,PD_4': 1.0}, ASR: 1.0, TCB: {'PD_1': ['PD_3'], 'PD_2': ['PD_4'], 'PD_3': ['PD_4'], 'PD_4': ['PD_3']}, FR: {'PD_1,PD_2': inf, 'PD_1,PD_3': inf, 'PD_1,PD_4': inf, 'PD_2,PD_3': inf, 'PD_2,PD_4': inf, 'PD_3,PD_4': inf}
  Computing metrics...
    RSI: {'PD_1,PD_2': 0.0, 'PD_1,PD_3': 0.0, 'PD_1,PD_4': 0.0, 'PD_2,PD_3': 0.0, 'PD_2,PD_4': 0.0, 'PD_3,PD_4': 0.5}, ASR: 1.25, TCB: {'PD_1': ['PD_3'], 'PD_2': ['PD_4'], 'PD_3': ['PD_4'], 'PD_4': ['PD_3']}, FR: {'PD_1,PD_2': inf, 'PD_1,PD_3': inf, 'PD_1,PD_4': inf, 'PD_2,PD_3': inf, 'PD_2,PD_4': inf, 'PD_3,PD_4': inf}
  Computing metrics...
    RSI: {'PD_1,PD_2': 0.0, 'PD_1,PD_3': 0.0, 'PD_1,PD_4': 0.0, 'PD_2,PD_3': 0.0, 'PD_2,PD_4': 0.0, 'PD_3,PD_4': 1.0}, ASR: 1.0, TCB: {'PD_1': ['PD_3'], 'PD_2': ['PD_4'], 'PD_3': ['PD_4'], 'PD_4': ['PD_3']}, FR: {'PD_1,PD_2': inf, 'PD_1,PD_3': inf, 'PD_1,PD_4': inf, 'PD_2,PD_3': inf, 'PD_2,PD_4': inf, 'PD_3,PD_4': inf}
  Computing metrics...
    RSI: {'PD_1,PD_2': 0.0, 'PD_1,PD_3': 0.0, 'PD_1,PD_4': 0.0, 'PD_2,PD_3': 0.0, 'PD_2,PD_4': 0.0, 'PD_3,PD_4': 0.5}, ASR: 1.25, TCB: {'PD_1': ['PD_3'], 'PD_2': ['PD_4'], 'PD_3': ['PD_4'], 'PD_4': ['PD_3']}, FR: {'PD_1,PD_2': inf, 'PD_1,PD_3': inf, 'PD_1,PD_4': inf, 'PD_2,PD_3': inf, 'PD_2,PD_4': inf, 'PD_3,PD_4': inf}
  Computing metrics...
    RSI: {'PD_1,PD_2': 0.0, 'PD_1,PD_3': 0.0, 'PD_1,PD_4': 0.0, 'PD_2,PD_3': 0.0, 'PD_2,PD_4': 0.0, 'PD_3,PD_4': 1.0}, ASR: 1.0, TCB: {'PD_1': ['PD_3'], 'PD_2': ['PD_4'], 'PD_3': ['PD_4'], 'PD_4': ['PD_3']}, FR: {'PD_1,PD_2': inf, 'PD_1,PD_3': inf, 'PD_1,PD_4': inf, 'PD_2,PD_3': inf, 'PD_2,PD_4': inf, 'PD_3,PD_4': inf}
  Computing metrics...
    RSI: {'PD_1,PD_2': 0.0, 'PD_1,PD_3': 0.0, 'PD_1,PD_4': 0.0, 'PD_2,PD_3': 0.0, 'PD_2,PD_4': 0.0, 'PD_3,PD_4': 1.0}, ASR: 1.0, TCB: {'PD_1': ['PD_3'], 'PD_2': ['PD_4'], 'PD_3': ['PD_4'], 'PD_4': ['PD_3']}, FR: {'PD_1,PD_2': inf, 'PD_1,PD_3': inf, 'PD_1,PD_4': inf, 'PD_2,PD_3': inf, 'PD_2,PD_4': inf, 'PD_3,PD_4': inf}
    remove_hold_edge candidate: remove PD_3 -> FILE_1_1 HOLD edge -> score: 0.150
  Computing metrics...
    RSI: {'PD_1,PD_2': 0.0, 'PD_1,PD_3': 0.0, 'PD_1,PD_4': 0.0, 'PD_2,PD_3': 0.0, 'PD_2,PD_4': 0.0, 'PD_3,PD_4': 1.0}, ASR: 1.0, TCB: {'PD_1': ['PD_3'], 'PD_2': ['PD_4'], 'PD_3': ['PD_4'], 'PD_4': ['PD_3']}, FR: {'PD_1,PD_2': inf, 'PD_1,PD_3': inf, 'PD_1,PD_4': inf, 'PD_2,PD_3': inf, 'PD_2,PD_4': inf, 'PD_3,PD_4': inf}
  Computing metrics...
    RSI: {'PD_1,PD_2': 0.0, 'PD_1,PD_3': 0.0, 'PD_1,PD_4': 0.0, 'PD_2,PD_3': 0.0, 'PD_2,PD_4': 0.0, 'PD_3,PD_4': 1.0}, ASR: 1.0, TCB: {'PD_1': ['PD_3'], 'PD_2': ['PD_4'], 'PD_3': ['PD_4'], 'PD_4': ['PD_3']}, FR: {'PD_1,PD_2': inf, 'PD_1,PD_3': inf, 'PD_1,PD_4': inf, 'PD_2,PD_3': inf, 'PD_2,PD_4': inf, 'PD_3,PD_4': inf}
    remove_hold_edge candidate: remove PD_4 -> FILE_1_1 HOLD edge -> score: 0.150
  Computing metrics...
    RSI: {'PD_1,PD_2': 0.0, 'PD_1,PD_3': 0.0, 'PD_1,PD_4': 0.0, 'PD_2,PD_3': 0.0, 'PD_2,PD_4': 0.0, 'PD_3,PD_4': 1.0}, ASR: 1.0, TCB: {'PD_1': ['PD_3'], 'PD_2': ['PD_4'], 'PD_3': ['PD_4'], 'PD_4': ['PD_3']}, FR: {'PD_1,PD_2': inf, 'PD_1,PD_3': inf, 'PD_1,PD_4': inf, 'PD_2,PD_3': inf, 'PD_2,PD_4': inf, 'PD_3,PD_4': inf}
  Computing metrics...
    RSI: {'PD_1,PD_2': 0.0, 'PD_1,PD_3': 0.0, 'PD_1,PD_4': 0.0, 'PD_2,PD_3': 0.0, 'PD_2,PD_4': 0.0, 'PD_3,PD_4': 1.0}, ASR: 1.25, TCB: {'PD_1': ['PD_3', 'PD_2'], 'PD_2': ['PD_4'], 'PD_3': ['PD_4'], 'PD_4': ['PD_3']}, FR: {'PD_1,PD_2': 3, 'PD_1,PD_3': inf, 'PD_1,PD_4': inf, 'PD_2,PD_3': inf, 'PD_2,PD_4': inf, 'PD_3,PD_4': inf}
  Computing metrics...
    RSI: {'PD_1,PD_2': 0.0, 'PD_1,PD_3': 0.0, 'PD_1,PD_4': 0.0, 'PD_2,PD_3': 0.0, 'PD_2,PD_4': 0.0, 'PD_3,PD_4': 1.0}, ASR: 1.0, TCB: {'PD_1': ['PD_3'], 'PD_2': ['PD_4'], 'PD_3': ['PD_4'], 'PD_4': ['PD_3']}, FR: {'PD_1,PD_2': inf, 'PD_1,PD_3': inf, 'PD_1,PD_4': inf, 'PD_2,PD_3': inf, 'PD_2,PD_4': inf, 'PD_3,PD_4': inf}
  Computing metrics...
    RSI: {'PD_1,PD_2': 0.0, 'PD_1,PD_3': 0.0, 'PD_1,PD_4': 0.0, 'PD_2,PD_3': 0.0, 'PD_2,PD_4': 0.0, 'PD_3,PD_4': 1.0}, ASR: 1.25, TCB: {'PD_1': ['PD_3', 'PD_4'], 'PD_2': ['PD_4'], 'PD_3': ['PD_4'], 'PD_4': ['PD_3']}, FR: {'PD_1,PD_2': 2, 'PD_1,PD_3': inf, 'PD_1,PD_4': inf, 'PD_2,PD_3': inf, 'PD_2,PD_4': inf, 'PD_3,PD_4': inf}
  Computing metrics...
    RSI: {'PD_1,PD_2': 0.0, 'PD_1,PD_3': 0.0, 'PD_1,PD_4': 0.0, 'PD_2,PD_3': 0.0, 'PD_2,PD_4': 0.0, 'PD_3,PD_4': 1.0}, ASR: 1.0, TCB: {'PD_1': ['PD_3'], 'PD_2': ['PD_4'], 'PD_3': ['PD_4'], 'PD_4': ['PD_3']}, FR: {'PD_1,PD_2': inf, 'PD_1,PD_3': inf, 'PD_1,PD_4': inf, 'PD_2,PD_3': inf, 'PD_2,PD_4': inf, 'PD_3,PD_4': inf}
  Computing metrics...
    RSI: {'PD_1,PD_2': 0.0, 'PD_1,PD_3': 0.0, 'PD_1,PD_4': 0.0, 'PD_2,PD_3': 0.0, 'PD_2,PD_4': 0.0, 'PD_3,PD_4': 1.0}, ASR: 1.25, TCB: {'PD_1': ['PD_3'], 'PD_2': ['PD_4', 'PD_1'], 'PD_3': ['PD_4'], 'PD_4': ['PD_3']}, FR: {'PD_1,PD_2': 3, 'PD_1,PD_3': inf, 'PD_1,PD_4': inf, 'PD_2,PD_3': inf, 'PD_2,PD_4': inf, 'PD_3,PD_4': inf}
  Computing metrics...
    RSI: {'PD_1,PD_2': 0.0, 'PD_1,PD_3': 0.0, 'PD_1,PD_4': 0.0, 'PD_2,PD_3': 0.0, 'PD_2,PD_4': 0.0, 'PD_3,PD_4': 1.0}, ASR: 1.0, TCB: {'PD_1': ['PD_3'], 'PD_2': ['PD_4'], 'PD_3': ['PD_4'], 'PD_4': ['PD_3']}, FR: {'PD_1,PD_2': inf, 'PD_1,PD_3': inf, 'PD_1,PD_4': inf, 'PD_2,PD_3': inf, 'PD_2,PD_4': inf, 'PD_3,PD_4': inf}
  Computing metrics...
    RSI: {'PD_1,PD_2': 0.0, 'PD_1,PD_3': 0.0, 'PD_1,PD_4': 0.0, 'PD_2,PD_3': 0.0, 'PD_2,PD_4': 0.0, 'PD_3,PD_4': 1.0}, ASR: 1.25, TCB: {'PD_1': ['PD_3'], 'PD_2': ['PD_4', 'PD_3'], 'PD_3': ['PD_4'], 'PD_4': ['PD_3']}, FR: {'PD_1,PD_2': 2, 'PD_1,PD_3': inf, 'PD_1,PD_4': inf, 'PD_2,PD_3': inf, 'PD_2,PD_4': inf, 'PD_3,PD_4': inf}
  Computing metrics...
    RSI: {'PD_1,PD_2': 0.0, 'PD_1,PD_3': 0.0, 'PD_1,PD_4': 0.0, 'PD_2,PD_3': 0.0, 'PD_2,PD_4': 0.0, 'PD_3,PD_4': 1.0}, ASR: 1.0, TCB: {'PD_1': ['PD_3'], 'PD_2': ['PD_4'], 'PD_3': ['PD_4'], 'PD_4': ['PD_3']}, FR: {'PD_1,PD_2': inf, 'PD_1,PD_3': inf, 'PD_1,PD_4': inf, 'PD_2,PD_3': inf, 'PD_2,PD_4': inf, 'PD_3,PD_4': inf}
  Computing metrics...
    RSI: {'PD_1,PD_2': 0.0, 'PD_1,PD_3': 0.0, 'PD_1,PD_4': 0.0, 'PD_2,PD_3': 0.0, 'PD_2,PD_4': 0.0, 'PD_3,PD_4': 1.0}, ASR: 1.25, TCB: {'PD_1': ['PD_3'], 'PD_2': ['PD_4'], 'PD_3': ['PD_1', 'PD_4'], 'PD_4': ['PD_3']}, FR: {'PD_1,PD_2': inf, 'PD_1,PD_3': inf, 'PD_1,PD_4': inf, 'PD_2,PD_3': inf, 'PD_2,PD_4': inf, 'PD_3,PD_4': inf}
  Computing metrics...
    RSI: {'PD_1,PD_2': 0.0, 'PD_1,PD_3': 0.0, 'PD_1,PD_4': 0.0, 'PD_2,PD_3': 0.0, 'PD_2,PD_4': 0.0, 'PD_3,PD_4': 1.0}, ASR: 1.0, TCB: {'PD_1': ['PD_3'], 'PD_2': ['PD_4'], 'PD_3': ['PD_4'], 'PD_4': ['PD_3']}, FR: {'PD_1,PD_2': inf, 'PD_1,PD_3': inf, 'PD_1,PD_4': inf, 'PD_2,PD_3': inf, 'PD_2,PD_4': inf, 'PD_3,PD_4': inf}
  Computing metrics...
    RSI: {'PD_1,PD_2': 0.0, 'PD_1,PD_3': 0.0, 'PD_1,PD_4': 0.0, 'PD_2,PD_3': 0.0, 'PD_2,PD_4': 0.0, 'PD_3,PD_4': 1.0}, ASR: 1.25, TCB: {'PD_1': ['PD_3'], 'PD_2': ['PD_4'], 'PD_3': ['PD_2', 'PD_4'], 'PD_4': ['PD_3']}, FR: {'PD_1,PD_2': 4, 'PD_1,PD_3': 3, 'PD_1,PD_4': inf, 'PD_2,PD_3': 3, 'PD_2,PD_4': inf, 'PD_3,PD_4': inf}
  Computing metrics...
    RSI: {'PD_1,PD_2': 0.0, 'PD_1,PD_3': 0.0, 'PD_1,PD_4': 0.0, 'PD_2,PD_3': 0.0, 'PD_2,PD_4': 0.0, 'PD_3,PD_4': 1.0}, ASR: 1.0, TCB: {'PD_1': ['PD_3'], 'PD_2': ['PD_4'], 'PD_3': ['PD_4'], 'PD_4': ['PD_3']}, FR: {'PD_1,PD_2': inf, 'PD_1,PD_3': inf, 'PD_1,PD_4': inf, 'PD_2,PD_3': inf, 'PD_2,PD_4': inf, 'PD_3,PD_4': inf}
  Computing metrics...
    RSI: {'PD_1,PD_2': 0.0, 'PD_1,PD_3': 0.0, 'PD_1,PD_4': 0.0, 'PD_2,PD_3': 0.0, 'PD_2,PD_4': 0.0, 'PD_3,PD_4': 1.0}, ASR: 1.25, TCB: {'PD_1': ['PD_3'], 'PD_2': ['PD_4'], 'PD_3': ['PD_4'], 'PD_4': ['PD_3']}, FR: {'PD_1,PD_2': 3, 'PD_1,PD_3': 3, 'PD_1,PD_4': inf, 'PD_2,PD_3': 2, 'PD_2,PD_4': inf, 'PD_3,PD_4': inf}
  Computing metrics...
    RSI: {'PD_1,PD_2': 0.0, 'PD_1,PD_3': 0.0, 'PD_1,PD_4': 0.0, 'PD_2,PD_3': 0.0, 'PD_2,PD_4': 0.0, 'PD_3,PD_4': 1.0}, ASR: 1.0, TCB: {'PD_1': ['PD_3'], 'PD_2': ['PD_4'], 'PD_3': ['PD_4'], 'PD_4': ['PD_3']}, FR: {'PD_1,PD_2': inf, 'PD_1,PD_3': inf, 'PD_1,PD_4': inf, 'PD_2,PD_3': inf, 'PD_2,PD_4': inf, 'PD_3,PD_4': inf}
  Computing metrics...
    RSI: {'PD_1,PD_2': 0.0, 'PD_1,PD_3': 0.0, 'PD_1,PD_4': 0.0, 'PD_2,PD_3': 0.0, 'PD_2,PD_4': 0.0, 'PD_3,PD_4': 1.0}, ASR: 1.25, TCB: {'PD_1': ['PD_3'], 'PD_2': ['PD_4'], 'PD_3': ['PD_4'], 'PD_4': ['PD_1', 'PD_3']}, FR: {'PD_1,PD_2': 4, 'PD_1,PD_3': inf, 'PD_1,PD_4': 3, 'PD_2,PD_3': inf, 'PD_2,PD_4': 3, 'PD_3,PD_4': inf}
  Computing metrics...
    RSI: {'PD_1,PD_2': 0.0, 'PD_1,PD_3': 0.0, 'PD_1,PD_4': 0.0, 'PD_2,PD_3': 0.0, 'PD_2,PD_4': 0.0, 'PD_3,PD_4': 1.0}, ASR: 1.0, TCB: {'PD_1': ['PD_3'], 'PD_2': ['PD_4'], 'PD_3': ['PD_4'], 'PD_4': ['PD_3']}, FR: {'PD_1,PD_2': inf, 'PD_1,PD_3': inf, 'PD_1,PD_4': inf, 'PD_2,PD_3': inf, 'PD_2,PD_4': inf, 'PD_3,PD_4': inf}
  Computing metrics...
    RSI: {'PD_1,PD_2': 0.0, 'PD_1,PD_3': 0.0, 'PD_1,PD_4': 0.0, 'PD_2,PD_3': 0.0, 'PD_2,PD_4': 0.0, 'PD_3,PD_4': 1.0}, ASR: 1.25, TCB: {'PD_1': ['PD_3'], 'PD_2': ['PD_4'], 'PD_3': ['PD_4'], 'PD_4': ['PD_2', 'PD_3']}, FR: {'PD_1,PD_2': inf, 'PD_1,PD_3': inf, 'PD_1,PD_4': inf, 'PD_2,PD_3': inf, 'PD_2,PD_4': inf, 'PD_3,PD_4': inf}
  Computing metrics...
    RSI: {'PD_1,PD_2': 0.0, 'PD_1,PD_3': 0.0, 'PD_1,PD_4': 0.0, 'PD_2,PD_3': 0.0, 'PD_2,PD_4': 0.0, 'PD_3,PD_4': 1.0}, ASR: 1.0, TCB: {'PD_1': ['PD_3'], 'PD_2': ['PD_4'], 'PD_3': ['PD_4'], 'PD_4': ['PD_3']}, FR: {'PD_1,PD_2': inf, 'PD_1,PD_3': inf, 'PD_1,PD_4': inf, 'PD_2,PD_3': inf, 'PD_2,PD_4': inf, 'PD_3,PD_4': inf}
  Computing metrics...
    RSI: {'PD_1,PD_2': 0.0, 'PD_1,PD_3': 0.0, 'PD_1,PD_4': 0.0, 'PD_2,PD_3': 0.0, 'PD_2,PD_4': 0.0, 'PD_3,PD_4': 1.0}, ASR: 1.25, TCB: {'PD_1': ['PD_3'], 'PD_2': ['PD_4'], 'PD_3': ['PD_4'], 'PD_4': ['PD_3']}, FR: {'PD_1,PD_2': 3, 'PD_1,PD_3': inf, 'PD_1,PD_4': 2, 'PD_2,PD_3': inf, 'PD_2,PD_4': 3, 'PD_3,PD_4': inf}
  Computing metrics...
    RSI: {'PD_1,PD_2': 0.0, 'PD_1,PD_3': 0.0, 'PD_1,PD_4': 0.0, 'PD_2,PD_3': 0.0, 'PD_2,PD_4': 0.0, 'PD_3,PD_4': 1.0}, ASR: 1.0, TCB: {'PD_1': ['PD_3'], 'PD_2': ['PD_4'], 'PD_3': ['PD_4'], 'PD_4': ['PD_3']}, FR: {'PD_1,PD_2': inf, 'PD_1,PD_3': inf, 'PD_1,PD_4': inf, 'PD_2,PD_3': inf, 'PD_2,PD_4': inf, 'PD_3,PD_4': inf}
  Computing metrics...
    RSI: {'PD_1,PD_2': 0.0, 'PD_1,PD_3': 0.0, 'PD_1,PD_4': 0.0, 'PD_2,PD_3': 0.0, 'PD_2,PD_4': 0.0, 'PD_3,PD_4': 1.0}, ASR: 1.0, TCB: {'PD_1': ['PD_3'], 'PD_2': ['PD_4'], 'PD_3': ['PD_4'], 'PD_4': ['PD_3']}, FR: {'PD_1,PD_2': inf, 'PD_1,PD_3': inf, 'PD_1,PD_4': inf, 'PD_2,PD_3': inf, 'PD_2,PD_4': inf, 'PD_3,PD_4': inf}
  Computing metrics...
    RSI: {'PD_1,PD_2': 0.0, 'PD_1,PD_3': 0.0, 'PD_1,PD_4': 0.0, 'PD_2,PD_3': 0.0, 'PD_2,PD_4': 0.0, 'PD_3,PD_4': 1.0}, ASR: 1.0, TCB: {'PD_1': ['PD_3'], 'PD_2': ['PD_4'], 'PD_3': ['PD_4'], 'PD_4': ['PD_3']}, FR: {'PD_1,PD_2': inf, 'PD_1,PD_3': inf, 'PD_1,PD_4': inf, 'PD_2,PD_3': inf, 'PD_2,PD_4': inf, 'PD_3,PD_4': inf}
  Computing metrics...
    RSI: {'PD_1,PD_2': 0.0, 'PD_1,PD_3': 0.0, 'PD_1,PD_4': 0.0, 'PD_2,PD_3': 0.0, 'PD_2,PD_4': 0.0, 'PD_3,PD_4': 1.0}, ASR: 1.0, TCB: {'PD_1': ['PD_3'], 'PD_2': ['PD_4'], 'PD_3': ['PD_4'], 'PD_4': ['PD_3']}, FR: {'PD_1,PD_2': inf, 'PD_1,PD_3': inf, 'PD_1,PD_4': inf, 'PD_2,PD_3': inf, 'PD_2,PD_4': inf, 'PD_3,PD_4': inf}
  Computing metrics...
    RSI: {'PD_1,PD_2': 0.0, 'PD_1,PD_3': 0.0, 'PD_1,PD_4': 0.0, 'PD_2,PD_3': 0.0, 'PD_2,PD_4': 0.0, 'PD_3,PD_4': 1.0}, ASR: 1.0, TCB: {'PD_1': ['PD_3'], 'PD_2': ['PD_4'], 'PD_3': ['PD_4'], 'PD_4': ['PD_3']}, FR: {'PD_1,PD_2': inf, 'PD_1,PD_3': inf, 'PD_1,PD_4': inf, 'PD_2,PD_3': inf, 'PD_2,PD_4': inf, 'PD_3,PD_4': inf}
  Computing metrics...
    RSI: {'PD_1,PD_2': 0.0, 'PD_1,PD_3': 0.0, 'PD_1,PD_4': 0.0, 'PD_2,PD_3': 0.0, 'PD_2,PD_4': 0.0, 'PD_3,PD_4': 1.0}, ASR: 1.0, TCB: {'PD_1': ['PD_3'], 'PD_2': ['PD_4'], 'PD_3': ['PD_4'], 'PD_4': ['PD_3']}, FR: {'PD_1,PD_2': inf, 'PD_1,PD_3': inf, 'PD_1,PD_4': inf, 'PD_2,PD_3': inf, 'PD_2,PD_4': inf, 'PD_3,PD_4': inf}
  Computing metrics...
    RSI: {'PD_1,PD_2': 0.0, 'PD_1,PD_3': 0.0, 'PD_1,PD_4': 0.0, 'PD_2,PD_3': 0.0, 'PD_2,PD_4': 0.0, 'PD_3,PD_4': 1.0}, ASR: 1.0, TCB: {'PD_1': ['PD_3'], 'PD_2': ['PD_4'], 'PD_3': ['PD_4'], 'PD_4': ['PD_3']}, FR: {'PD_1,PD_2': inf, 'PD_1,PD_3': inf, 'PD_1,PD_4': inf, 'PD_2,PD_3': inf, 'PD_2,PD_4': inf, 'PD_3,PD_4': inf}
  Computing metrics...
    RSI: {'PD_1,PD_2': 0.0, 'PD_1,PD_3': 0.0, 'PD_1,PD_4': 0.0, 'PD_2,PD_3': 0.0, 'PD_2,PD_4': 0.0, 'PD_3,PD_4': 1.0}, ASR: 1.0, TCB: {'PD_1': ['PD_3'], 'PD_2': ['PD_4'], 'PD_3': ['PD_4'], 'PD_4': ['PD_3']}, FR: {'PD_1,PD_2': inf, 'PD_1,PD_3': inf, 'PD_1,PD_4': inf, 'PD_2,PD_3': inf, 'PD_2,PD_4': inf, 'PD_3,PD_4': inf}
  Computing metrics...
    RSI: {'PD_1,PD_2': 0.0, 'PD_1,PD_3': 0.0, 'PD_1,PD_4': 0.0, 'PD_2,PD_3': 0.0, 'PD_2,PD_4': 0.0, 'PD_3,PD_4': 1.0}, ASR: 1.0, TCB: {'PD_1': ['PD_3'], 'PD_2': ['PD_4'], 'PD_3': ['PD_4'], 'PD_4': ['PD_3']}, FR: {'PD_1,PD_2': inf, 'PD_1,PD_3': inf, 'PD_1,PD_4': inf, 'PD_2,PD_3': inf, 'PD_2,PD_4': inf, 'PD_3,PD_4': inf}
  Computing metrics...
    RSI: {'PD_1,PD_2': 0.0, 'PD_1,PD_3': 0.0, 'PD_1,PD_4': 0.0, 'PD_2,PD_3': 0.0, 'PD_2,PD_4': 0.0, 'PD_3,PD_4': 1.0}, ASR: 1.0, TCB: {'PD_1': ['PD_3'], 'PD_2': ['PD_4'], 'PD_3': ['PD_4'], 'PD_4': ['PD_3']}, FR: {'PD_1,PD_2': inf, 'PD_1,PD_3': inf, 'PD_1,PD_4': inf, 'PD_2,PD_3': inf, 'PD_2,PD_4': inf, 'PD_3,PD_4': inf}
  Computing metrics...
    RSI: {'PD_1,PD_2': 0.0, 'PD_1,PD_3': 0.0, 'PD_1,PD_4': 0.0, 'PD_2,PD_3': 0.0, 'PD_2,PD_4': 0.0, 'PD_3,PD_4': 1.0}, ASR: 1.0, TCB: {'PD_1': ['PD_3'], 'PD_2': ['PD_4'], 'PD_3': ['PD_4'], 'PD_4': ['PD_3']}, FR: {'PD_1,PD_2': inf, 'PD_1,PD_3': inf, 'PD_1,PD_4': inf, 'PD_2,PD_3': inf, 'PD_2,PD_4': inf, 'PD_3,PD_4': inf}
  Computing metrics...
    RSI: {'PD_1,PD_2': 0.0, 'PD_1,PD_3': 0.0, 'PD_1,PD_4': 0.0, 'PD_2,PD_3': 0.0, 'PD_2,PD_4': 0.0, 'PD_3,PD_4': 1.0}, ASR: 1.0, TCB: {'PD_1': ['PD_3'], 'PD_2': ['PD_4'], 'PD_3': ['PD_4'], 'PD_4': ['PD_3']}, FR: {'PD_1,PD_2': inf, 'PD_1,PD_3': inf, 'PD_1,PD_4': inf, 'PD_2,PD_3': inf, 'PD_2,PD_4': inf, 'PD_3,PD_4': inf}
  Computing metrics...
    RSI: {'PD_1,PD_2': 0.0, 'PD_1,PD_3': 0.0, 'PD_1,PD_4': 0.0, 'PD_2,PD_3': 0.0, 'PD_2,PD_4': 0.0, 'PD_3,PD_4': 1.0}, ASR: 1.0, TCB: {'PD_1': ['PD_3'], 'PD_2': ['PD_4'], 'PD_3': ['PD_4'], 'PD_4': ['PD_3']}, FR: {'PD_1,PD_2': inf, 'PD_1,PD_3': inf, 'PD_1,PD_4': inf, 'PD_2,PD_3': inf, 'PD_2,PD_4': inf, 'PD_3,PD_4': inf}
  Computing metrics...
    RSI: {'PD_1,PD_2': 0.0, 'PD_1,PD_3': 0.0, 'PD_1,PD_4': 0.0, 'PD_2,PD_3': 0.0, 'PD_2,PD_4': 0.0, 'PD_3,PD_4': 1.0}, ASR: 1.0, TCB: {'PD_1': ['PD_3'], 'PD_2': ['PD_4'], 'PD_3': ['PD_4'], 'PD_4': ['PD_3']}, FR: {'PD_1,PD_2': inf, 'PD_1,PD_3': inf, 'PD_1,PD_4': inf, 'PD_2,PD_3': inf, 'PD_2,PD_4': inf, 'PD_3,PD_4': inf}
  Computing metrics...
    RSI: {'PD_1,PD_2': 0.0, 'PD_1,PD_3': 0.0, 'PD_1,PD_4': 0.0, 'PD_2,PD_3': 0.0, 'PD_2,PD_4': 0.0, 'PD_3,PD_4': 1.0}, ASR: 1.0, TCB: {'PD_1': ['PD_3'], 'PD_2': ['PD_4'], 'PD_3': ['PD_4'], 'PD_4': ['PD_3']}, FR: {'PD_1,PD_2': inf, 'PD_1,PD_3': inf, 'PD_1,PD_4': inf, 'PD_2,PD_3': inf, 'PD_2,PD_4': inf, 'PD_3,PD_4': inf}
  Computing metrics...
    RSI: {'PD_1,PD_2': 0.0, 'PD_1,PD_3': 0.0, 'PD_1,PD_4': 0.0, 'PD_2,PD_3': 0.0, 'PD_2,PD_4': 0.0, 'PD_3,PD_4': 1.0}, ASR: 1.0, TCB: {'PD_1': ['PD_3'], 'PD_2': ['PD_4'], 'PD_3': ['PD_4'], 'PD_4': ['PD_3']}, FR: {'PD_1,PD_2': inf, 'PD_1,PD_3': inf, 'PD_1,PD_4': inf, 'PD_2,PD_3': inf, 'PD_2,PD_4': inf, 'PD_3,PD_4': inf}
  Computing metrics...
    RSI: {'PD_1,PD_2': 0.0, 'PD_1,PD_3': 0.0, 'PD_1,PD_4': 0.0, 'PD_2,PD_3': 0.0, 'PD_2,PD_4': 0.0, 'PD_3,PD_4': 1.0}, ASR: 1.0, TCB: {'PD_1': ['PD_3'], 'PD_2': ['PD_4'], 'PD_3': ['PD_4'], 'PD_4': ['PD_3']}, FR: {'PD_1,PD_2': inf, 'PD_1,PD_3': inf, 'PD_1,PD_4': inf, 'PD_2,PD_3': inf, 'PD_2,PD_4': inf, 'PD_3,PD_4': inf}
  Computing metrics...
    RSI: {'PD_1,PD_2': 0.0, 'PD_1,PD_3': 0.0, 'PD_1,PD_4': 0.0, 'PD_2,PD_3': 0.0, 'PD_2,PD_4': 0.0, 'PD_3,PD_4': 1.0}, ASR: 1.0, TCB: {'PD_1': ['PD_3'], 'PD_2': ['PD_4'], 'PD_3': ['PD_4'], 'PD_4': ['PD_3']}, FR: {'PD_1,PD_2': inf, 'PD_1,PD_3': inf, 'PD_1,PD_4': inf, 'PD_2,PD_3': inf, 'PD_2,PD_4': inf, 'PD_3,PD_4': inf}
  Computing metrics...
    RSI: {'PD_1,PD_2': 0.0, 'PD_1,PD_3': 0.0, 'PD_1,PD_4': 0.0, 'PD_2,PD_3': 0.0, 'PD_2,PD_4': 0.0, 'PD_3,PD_4': 1.0}, ASR: 1.0, TCB: {'PD_1': ['PD_3'], 'PD_2': ['PD_4'], 'PD_3': ['PD_4'], 'PD_4': ['PD_3']}, FR: {'PD_1,PD_2': inf, 'PD_1,PD_3': inf, 'PD_1,PD_4': inf, 'PD_2,PD_3': inf, 'PD_2,PD_4': inf, 'PD_3,PD_4': inf}
  Computing metrics...
    RSI: {'PD_1,PD_2': 0.0, 'PD_1,PD_3': 0.0, 'PD_1,PD_4': 0.0, 'PD_2,PD_3': 0.0, 'PD_2,PD_4': 0.0, 'PD_3,PD_4': 1.0}, ASR: 1.0, TCB: {'PD_1': ['PD_3'], 'PD_2': ['PD_4'], 'PD_3': ['PD_4'], 'PD_4': ['PD_3']}, FR: {'PD_1,PD_2': inf, 'PD_1,PD_3': inf, 'PD_1,PD_4': inf, 'PD_2,PD_3': inf, 'PD_2,PD_4': inf, 'PD_3,PD_4': inf}
  🚫 Filtered out 0 'add_file_resource(create new DATABASE file in FILE_SPACE_1)' candidates (avoiding repetition)
  Trying best transition: primitive
    Target: add new protection domain to help resolve 2 constraint violation(s)
    Predicted improvement: 0.100
    Considered 66 other option(s):
      1. primitive: create new CONFIG file in FILE_SPACE_1 (improvement: 0.700)
      2. primitive: create new DATABASE file in FILE_SPACE_1 (improvement: 0.700)
      3. primitive: create new TEMP file in FILE_SPACE_1 (improvement: 0.700)
      4. primitive: create new LOG file in FILE_SPACE_1 (improvement: 0.700)
      5. primitive: add authority relationship: PD_1 -> PD_2 (improvement: 0.250)
      6. primitive: enable indirect access: PD_1 -> PD_4 (improvement: 0.250)
      7. primitive: add authority relationship: PD_2 -> PD_1 (improvement: 0.250)
      8. primitive: enable indirect access: PD_2 -> PD_3 (improvement: 0.250)
      9. primitive: add authority relationship: PD_3 -> PD_1 (improvement: 0.250)
      10. primitive: add authority relationship: PD_3 -> PD_2 (improvement: 0.250)
      ... and 56 more
    ✅ Applied add_pd
  📋 Generated 67 candidate(s)
  Computing metrics...
    RSI: {'PD_1,PD_2': 0.0, 'PD_1,PD_3': 0.0, 'PD_1,PD_4': 0.0, 'PD_2,PD_3': 0.0, 'PD_2,PD_4': 0.0, 'PD_3,PD_4': 1.0}, ASR: 1.0, TCB: {'PD_1': ['PD_3'], 'PD_2': ['PD_4'], 'PD_3': ['PD_4'], 'PD_4': ['PD_3']}, FR: {'PD_1,PD_2': inf, 'PD_1,PD_3': inf, 'PD_1,PD_4': inf, 'PD_2,PD_3': inf, 'PD_2,PD_4': inf, 'PD_3,PD_4': inf}
    ✅ Added candidate: add_file_resource (score: 0.700)
  Computing metrics...
    RSI: {'PD_1,PD_2': 0.0, 'PD_1,PD_3': 0.0, 'PD_1,PD_4': 0.0, 'PD_2,PD_3': 0.0, 'PD_2,PD_4': 0.0, 'PD_3,PD_4': 1.0}, ASR: 1.0, TCB: {'PD_1': ['PD_3'], 'PD_2': ['PD_4'], 'PD_3': ['PD_4'], 'PD_4': ['PD_3']}, FR: {'PD_1,PD_2': inf, 'PD_1,PD_3': inf, 'PD_1,PD_4': inf, 'PD_2,PD_3': inf, 'PD_2,PD_4': inf, 'PD_3,PD_4': inf}
    ✅ Added candidate: add_file_resource (score: 0.700)

🌟 Expanding Beam[2] (score: 0.700)
  ⚠️  Constraints violated: PD_1 lacks access to any files; PD_2 lacks access to any files
  Computing metrics...
    RSI: {'PD_1,PD_2': 0.0, 'PD_1,PD_3': 0.0, 'PD_1,PD_4': 0.0, 'PD_2,PD_3': 0.0, 'PD_2,PD_4': 0.0, 'PD_3,PD_4': 1.0}, ASR: 1.0, TCB: {'PD_1': ['PD_3'], 'PD_2': ['PD_4'], 'PD_3': ['PD_4'], 'PD_4': ['PD_3']}, FR: {'PD_1,PD_2': inf, 'PD_1,PD_3': inf, 'PD_1,PD_4': inf, 'PD_2,PD_3': inf, 'PD_2,PD_4': inf, 'PD_3,PD_4': inf}
  Computing metrics...
    RSI: {'PD_1,PD_2': 0.0, 'PD_1,PD_3': 0.0, 'PD_1,PD_4': 0.0, 'PD_1,PD_5': 0.0, 'PD_2,PD_3': 0.0, 'PD_2,PD_4': 0.0, 'PD_2,PD_5': 0.0, 'PD_3,PD_4': 1.0, 'PD_3,PD_5': 0.0, 'PD_4,PD_5': 0.0}, ASR: 0.8, TCB: {'PD_1': ['PD_3'], 'PD_2': ['PD_4'], 'PD_3': ['PD_4'], 'PD_4': ['PD_3'], 'PD_5': []}, FR: {'PD_1,PD_2': inf, 'PD_1,PD_3': inf, 'PD_1,PD_4': inf, 'PD_1,PD_5': inf, 'PD_2,PD_3': inf, 'PD_2,PD_4': inf, 'PD_2,PD_5': inf, 'PD_3,PD_4': inf, 'PD_3,PD_5': inf, 'PD_4,PD_5': inf}
  Computing metrics...
    RSI: {'PD_1,PD_2': 0.0, 'PD_1,PD_3': 0.0, 'PD_1,PD_4': 0.0, 'PD_2,PD_3': 0.0, 'PD_2,PD_4': 0.0, 'PD_3,PD_4': 1.0}, ASR: 1.0, TCB: {'PD_1': ['PD_3'], 'PD_2': ['PD_4'], 'PD_3': ['PD_4'], 'PD_4': ['PD_3']}, FR: {'PD_1,PD_2': inf, 'PD_1,PD_3': inf, 'PD_1,PD_4': inf, 'PD_2,PD_3': inf, 'PD_2,PD_4': inf, 'PD_3,PD_4': inf}
  Computing metrics...
    RSI: {'PD_1,PD_2': 0.0, 'PD_1,PD_3': 0.0, 'PD_1,PD_4': 0.0, 'PD_2,PD_3': 0.0, 'PD_2,PD_4': 0.0, 'PD_3,PD_4': 1.0}, ASR: 1.0, TCB: {'PD_1': ['PD_3'], 'PD_2': ['PD_4'], 'PD_3': ['PD_4'], 'PD_4': ['PD_3']}, FR: {'PD_1,PD_2': inf, 'PD_1,PD_3': inf, 'PD_1,PD_4': inf, 'PD_2,PD_3': inf, 'PD_2,PD_4': inf, 'PD_3,PD_4': inf}
  Computing metrics...
    RSI: {'PD_1,PD_2': 0.0, 'PD_1,PD_3': 0.0, 'PD_1,PD_4': 0.0, 'PD_2,PD_3': 0.0, 'PD_2,PD_4': 0.0, 'PD_3,PD_4': 1.0}, ASR: 1.0, TCB: {'PD_1': ['PD_3'], 'PD_2': ['PD_4'], 'PD_3': ['PD_4'], 'PD_4': ['PD_3']}, FR: {'PD_1,PD_2': inf, 'PD_1,PD_3': inf, 'PD_1,PD_4': inf, 'PD_2,PD_3': inf, 'PD_2,PD_4': inf, 'PD_3,PD_4': inf}
  Computing metrics...
    RSI: {'PD_1,PD_2': 0.0, 'PD_1,PD_3': 0.0, 'PD_1,PD_4': 0.0, 'PD_2,PD_3': 0.0, 'PD_2,PD_4': 0.0, 'PD_3,PD_4': 1.0}, ASR: 1.0, TCB: {'PD_1': ['PD_3'], 'PD_2': ['PD_4'], 'PD_3': ['PD_4'], 'PD_4': ['PD_3']}, FR: {'PD_1,PD_2': inf, 'PD_1,PD_3': inf, 'PD_1,PD_4': inf, 'PD_2,PD_3': inf, 'PD_2,PD_4': inf, 'PD_3,PD_4': inf}
  Computing metrics...
    RSI: {'PD_1,PD_2': 0.0, 'PD_1,PD_3': 0.0, 'PD_1,PD_4': 0.0, 'PD_2,PD_3': 0.0, 'PD_2,PD_4': 0.0, 'PD_3,PD_4': 1.0}, ASR: 1.0, TCB: {'PD_1': ['PD_3'], 'PD_2': ['PD_4'], 'PD_3': ['PD_4'], 'PD_4': ['PD_3']}, FR: {'PD_1,PD_2': inf, 'PD_1,PD_3': inf, 'PD_1,PD_4': inf, 'PD_2,PD_3': inf, 'PD_2,PD_4': inf, 'PD_3,PD_4': inf}
  Computing metrics...
    RSI: {'PD_1,PD_2': 0.0, 'PD_1,PD_3': 0.0, 'PD_1,PD_4': 0.0, 'PD_2,PD_3': 0.0, 'PD_2,PD_4': 0.0, 'PD_3,PD_4': 1.0}, ASR: 1.0, TCB: {'PD_1': ['PD_3'], 'PD_2': ['PD_4'], 'PD_3': ['PD_4'], 'PD_4': ['PD_3']}, FR: {'PD_1,PD_2': inf, 'PD_1,PD_3': inf, 'PD_1,PD_4': inf, 'PD_2,PD_3': inf, 'PD_2,PD_4': inf, 'PD_3,PD_4': inf}
  Computing metrics...
    RSI: {'PD_1,PD_2': 0.0, 'PD_1,PD_3': 0.0, 'PD_1,PD_4': 0.0, 'PD_2,PD_3': 0.0, 'PD_2,PD_4': 0.0, 'PD_3,PD_4': 1.0}, ASR: 1.0, TCB: {'PD_1': ['PD_3'], 'PD_2': ['PD_4'], 'PD_3': ['PD_4'], 'PD_4': ['PD_3']}, FR: {'PD_1,PD_2': inf, 'PD_1,PD_3': inf, 'PD_1,PD_4': inf, 'PD_2,PD_3': inf, 'PD_2,PD_4': inf, 'PD_3,PD_4': inf}
  Computing metrics...
    RSI: {'PD_1,PD_2': 0.0, 'PD_1,PD_3': 0.0, 'PD_1,PD_4': 0.0, 'PD_2,PD_3': 0.0, 'PD_2,PD_4': 0.0, 'PD_3,PD_4': 1.0}, ASR: 1.0, TCB: {'PD_1': ['PD_3'], 'PD_2': ['PD_4'], 'PD_3': ['PD_4'], 'PD_4': ['PD_3']}, FR: {'PD_1,PD_2': inf, 'PD_1,PD_3': inf, 'PD_1,PD_4': inf, 'PD_2,PD_3': inf, 'PD_2,PD_4': inf, 'PD_3,PD_4': inf}
  Computing metrics...
    RSI: {'PD_1,PD_2': 0.0, 'PD_1,PD_3': 0.0, 'PD_1,PD_4': 0.0, 'PD_2,PD_3': 0.0, 'PD_2,PD_4': 0.0, 'PD_3,PD_4': 1.0}, ASR: 1.0, TCB: {'PD_1': ['PD_3'], 'PD_2': ['PD_4'], 'PD_3': ['PD_4'], 'PD_4': ['PD_3']}, FR: {'PD_1,PD_2': inf, 'PD_1,PD_3': inf, 'PD_1,PD_4': inf, 'PD_2,PD_3': inf, 'PD_2,PD_4': inf, 'PD_3,PD_4': inf}
  Computing metrics...
    RSI: {'PD_1,PD_2': 0.0, 'PD_1,PD_3': 0.0, 'PD_1,PD_4': 0.0, 'PD_2,PD_3': 0.0, 'PD_2,PD_4': 0.0, 'PD_3,PD_4': 1.0}, ASR: 1.0, TCB: {'PD_1': ['PD_3'], 'PD_2': ['PD_4'], 'PD_3': ['PD_4'], 'PD_4': ['PD_3']}, FR: {'PD_1,PD_2': inf, 'PD_1,PD_3': inf, 'PD_1,PD_4': inf, 'PD_2,PD_3': inf, 'PD_2,PD_4': inf, 'PD_3,PD_4': inf}
  Computing metrics...
    RSI: {'PD_1,PD_2': 0.0, 'PD_1,PD_3': 0.0, 'PD_1,PD_4': 0.0, 'PD_2,PD_3': 0.0, 'PD_2,PD_4': 0.0, 'PD_3,PD_4': 1.0}, ASR: 1.0, TCB: {'PD_1': ['PD_3'], 'PD_2': ['PD_4'], 'PD_3': ['PD_4'], 'PD_4': ['PD_3']}, FR: {'PD_1,PD_2': inf, 'PD_1,PD_3': inf, 'PD_1,PD_4': inf, 'PD_2,PD_3': inf, 'PD_2,PD_4': inf, 'PD_3,PD_4': inf}
  Computing metrics...
    RSI: {'PD_1,PD_2': 0.0, 'PD_1,PD_3': 0.0, 'PD_1,PD_4': 0.0, 'PD_2,PD_3': 0.0, 'PD_2,PD_4': 0.0, 'PD_3,PD_4': 1.0}, ASR: 1.0, TCB: {'PD_1': ['PD_3'], 'PD_2': ['PD_4'], 'PD_3': ['PD_4'], 'PD_4': ['PD_3']}, FR: {'PD_1,PD_2': inf, 'PD_1,PD_3': inf, 'PD_1,PD_4': inf, 'PD_2,PD_3': inf, 'PD_2,PD_4': inf, 'PD_3,PD_4': inf}
  Computing metrics...
    RSI: {'PD_1,PD_2': 0.0, 'PD_1,PD_3': 0.0, 'PD_1,PD_4': 0.0, 'PD_2,PD_3': 0.0, 'PD_2,PD_4': 0.0, 'PD_3,PD_4': 1.0}, ASR: 1.0, TCB: {'PD_1': ['PD_3'], 'PD_2': ['PD_4'], 'PD_3': ['PD_4'], 'PD_4': ['PD_3']}, FR: {'PD_1,PD_2': inf, 'PD_1,PD_3': inf, 'PD_1,PD_4': inf, 'PD_2,PD_3': inf, 'PD_2,PD_4': inf, 'PD_3,PD_4': inf}
  Computing metrics...
    RSI: {'PD_1,PD_2': 0.0, 'PD_1,PD_3': 0.0, 'PD_1,PD_4': 0.0, 'PD_2,PD_3': 0.0, 'PD_2,PD_4': 0.0, 'PD_3,PD_4': 1.0}, ASR: 1.0, TCB: {'PD_1': ['PD_3'], 'PD_2': ['PD_4'], 'PD_3': ['PD_4'], 'PD_4': ['PD_3']}, FR: {'PD_1,PD_2': inf, 'PD_1,PD_3': inf, 'PD_1,PD_4': inf, 'PD_2,PD_3': inf, 'PD_2,PD_4': inf, 'PD_3,PD_4': inf}
  Computing metrics...
    RSI: {'PD_1,PD_2': 0.0, 'PD_1,PD_3': 0.0, 'PD_1,PD_4': 0.0, 'PD_2,PD_3': 0.0, 'PD_2,PD_4': 0.0, 'PD_3,PD_4': 1.0}, ASR: 1.0, TCB: {'PD_1': ['PD_3'], 'PD_2': ['PD_4'], 'PD_3': ['PD_4'], 'PD_4': ['PD_3']}, FR: {'PD_1,PD_2': inf, 'PD_1,PD_3': inf, 'PD_1,PD_4': inf, 'PD_2,PD_3': inf, 'PD_2,PD_4': inf, 'PD_3,PD_4': inf}
  Computing metrics...
    RSI: {'PD_1,PD_2': 0.0, 'PD_1,PD_3': 0.0, 'PD_1,PD_4': 0.0, 'PD_2,PD_3': 0.0, 'PD_2,PD_4': 0.0, 'PD_3,PD_4': 1.0}, ASR: 1.0, TCB: {'PD_1': ['PD_3'], 'PD_2': ['PD_4'], 'PD_3': ['PD_4'], 'PD_4': ['PD_3']}, FR: {'PD_1,PD_2': inf, 'PD_1,PD_3': inf, 'PD_1,PD_4': inf, 'PD_2,PD_3': inf, 'PD_2,PD_4': inf, 'PD_3,PD_4': inf}
  Computing metrics...
    RSI: {'PD_1,PD_2': 0.0, 'PD_1,PD_3': 0.0, 'PD_1,PD_4': 0.0, 'PD_2,PD_3': 0.0, 'PD_2,PD_4': 0.0, 'PD_3,PD_4': 1.0}, ASR: 1.0, TCB: {'PD_1': ['PD_3'], 'PD_2': ['PD_4'], 'PD_3': ['PD_4'], 'PD_4': ['PD_3']}, FR: {'PD_1,PD_2': inf, 'PD_1,PD_3': inf, 'PD_1,PD_4': inf, 'PD_2,PD_3': inf, 'PD_2,PD_4': inf, 'PD_3,PD_4': inf}
  Computing metrics...
    RSI: {'PD_1,PD_2': 0.0, 'PD_1,PD_3': 0.0, 'PD_1,PD_4': 0.0, 'PD_2,PD_3': 0.0, 'PD_2,PD_4': 0.0, 'PD_3,PD_4': 1.0}, ASR: 1.0, TCB: {'PD_1': ['PD_3'], 'PD_2': ['PD_4'], 'PD_3': ['PD_4'], 'PD_4': ['PD_3']}, FR: {'PD_1,PD_2': inf, 'PD_1,PD_3': inf, 'PD_1,PD_4': inf, 'PD_2,PD_3': inf, 'PD_2,PD_4': inf, 'PD_3,PD_4': inf}
  Computing metrics...
    RSI: {'PD_1,PD_2': 0.0, 'PD_1,PD_3': 0.0, 'PD_1,PD_4': 0.0, 'PD_2,PD_3': 0.0, 'PD_2,PD_4': 0.0, 'PD_3,PD_4': 1.0}, ASR: 1.0, TCB: {'PD_1': ['PD_3'], 'PD_2': ['PD_4'], 'PD_3': ['PD_4'], 'PD_4': ['PD_3']}, FR: {'PD_1,PD_2': inf, 'PD_1,PD_3': inf, 'PD_1,PD_4': inf, 'PD_2,PD_3': inf, 'PD_2,PD_4': inf, 'PD_3,PD_4': inf}
  Computing metrics...
    RSI: {'PD_1,PD_2': 0.0, 'PD_1,PD_3': 0.0, 'PD_1,PD_4': 0.0, 'PD_2,PD_3': 0.0, 'PD_2,PD_4': 0.0, 'PD_3,PD_4': 1.0}, ASR: 1.0, TCB: {'PD_1': ['PD_3'], 'PD_2': ['PD_4'], 'PD_3': ['PD_4'], 'PD_4': ['PD_3']}, FR: {'PD_1,PD_2': inf, 'PD_1,PD_3': inf, 'PD_1,PD_4': inf, 'PD_2,PD_3': inf, 'PD_2,PD_4': inf, 'PD_3,PD_4': inf}
  Computing metrics...
    RSI: {'PD_1,PD_2': 0.0, 'PD_1,PD_3': 0.0, 'PD_1,PD_4': 0.0, 'PD_2,PD_3': 0.0, 'PD_2,PD_4': 0.0, 'PD_3,PD_4': 1.0}, ASR: 1.0, TCB: {'PD_1': ['PD_3'], 'PD_2': ['PD_4'], 'PD_3': ['PD_4'], 'PD_4': ['PD_3']}, FR: {'PD_1,PD_2': inf, 'PD_1,PD_3': inf, 'PD_1,PD_4': inf, 'PD_2,PD_3': inf, 'PD_2,PD_4': inf, 'PD_3,PD_4': inf}
  Computing metrics...
    RSI: {'PD_1,PD_2': 0.0, 'PD_1,PD_3': 0.0, 'PD_1,PD_4': 0.0, 'PD_2,PD_3': 0.0, 'PD_2,PD_4': 0.0, 'PD_3,PD_4': 1.0}, ASR: 1.0, TCB: {'PD_1': ['PD_3'], 'PD_2': ['PD_4'], 'PD_3': ['PD_4'], 'PD_4': ['PD_3']}, FR: {'PD_1,PD_2': inf, 'PD_1,PD_3': inf, 'PD_1,PD_4': inf, 'PD_2,PD_3': inf, 'PD_2,PD_4': inf, 'PD_3,PD_4': inf}
  Computing metrics...
    RSI: {'PD_1,PD_2': 0.0, 'PD_1,PD_3': 0.0, 'PD_1,PD_4': 0.0, 'PD_2,PD_3': 0.0, 'PD_2,PD_4': 0.0, 'PD_3,PD_4': 1.0}, ASR: 1.0, TCB: {'PD_1': ['PD_3'], 'PD_2': ['PD_4'], 'PD_3': ['PD_4'], 'PD_4': ['PD_3']}, FR: {'PD_1,PD_2': inf, 'PD_1,PD_3': inf, 'PD_1,PD_4': inf, 'PD_2,PD_3': inf, 'PD_2,PD_4': inf, 'PD_3,PD_4': inf}
  Computing metrics...
    RSI: {'PD_1,PD_2': 0.0, 'PD_1,PD_3': 0.0, 'PD_1,PD_4': 0.0, 'PD_2,PD_3': 0.0, 'PD_2,PD_4': 0.0, 'PD_3,PD_4': 1.0}, ASR: 1.0, TCB: {'PD_1': ['PD_3'], 'PD_2': ['PD_4'], 'PD_3': ['PD_4'], 'PD_4': ['PD_3']}, FR: {'PD_1,PD_2': inf, 'PD_1,PD_3': inf, 'PD_1,PD_4': inf, 'PD_2,PD_3': inf, 'PD_2,PD_4': inf, 'PD_3,PD_4': inf}
  Computing metrics...
    RSI: {'PD_1,PD_2': 0.0, 'PD_1,PD_3': 0.0, 'PD_1,PD_4': 0.0, 'PD_2,PD_3': 0.0, 'PD_2,PD_4': 0.0, 'PD_3,PD_4': 1.0}, ASR: 1.0, TCB: {'PD_1': ['PD_3'], 'PD_2': ['PD_4'], 'PD_3': ['PD_4'], 'PD_4': ['PD_3']}, FR: {'PD_1,PD_2': inf, 'PD_1,PD_3': inf, 'PD_1,PD_4': inf, 'PD_2,PD_3': inf, 'PD_2,PD_4': inf, 'PD_3,PD_4': inf}
  Computing metrics...
    RSI: {'PD_1,PD_2': 0.0, 'PD_1,PD_3': 0.0, 'PD_1,PD_4': 0.0, 'PD_2,PD_3': 0.0, 'PD_2,PD_4': 0.0, 'PD_3,PD_4': 1.0}, ASR: 1.0, TCB: {'PD_1': ['PD_3'], 'PD_2': ['PD_4'], 'PD_3': ['PD_4'], 'PD_4': ['PD_3']}, FR: {'PD_1,PD_2': inf, 'PD_1,PD_3': inf, 'PD_1,PD_4': inf, 'PD_2,PD_3': inf, 'PD_2,PD_4': inf, 'PD_3,PD_4': inf}
  Computing metrics...
    RSI: {'PD_1,PD_2': 0.0, 'PD_1,PD_3': 0.0, 'PD_1,PD_4': 0.0, 'PD_2,PD_3': 0.0, 'PD_2,PD_4': 0.0, 'PD_3,PD_4': 1.0}, ASR: 1.0, TCB: {'PD_1': ['PD_3'], 'PD_2': ['PD_4'], 'PD_3': ['PD_4'], 'PD_4': ['PD_3']}, FR: {'PD_1,PD_2': inf, 'PD_1,PD_3': inf, 'PD_1,PD_4': inf, 'PD_2,PD_3': inf, 'PD_2,PD_4': inf, 'PD_3,PD_4': inf}
  Computing metrics...
    RSI: {'PD_1,PD_2': 0.0, 'PD_1,PD_3': 0.0, 'PD_1,PD_4': 0.0, 'PD_2,PD_3': 0.0, 'PD_2,PD_4': 0.0, 'PD_3,PD_4': 1.0}, ASR: 1.0, TCB: {'PD_1': ['PD_3'], 'PD_2': ['PD_4'], 'PD_3': ['PD_4'], 'PD_4': ['PD_3']}, FR: {'PD_1,PD_2': inf, 'PD_1,PD_3': inf, 'PD_1,PD_4': inf, 'PD_2,PD_3': inf, 'PD_2,PD_4': inf, 'PD_3,PD_4': inf}
  Computing metrics...
    RSI: {'PD_1,PD_2': 0.0, 'PD_1,PD_3': 0.0, 'PD_1,PD_4': 0.0, 'PD_2,PD_3': 0.0, 'PD_2,PD_4': 0.0, 'PD_3,PD_4': 1.0}, ASR: 1.0, TCB: {'PD_1': ['PD_3'], 'PD_2': ['PD_4'], 'PD_3': ['PD_4'], 'PD_4': ['PD_3']}, FR: {'PD_1,PD_2': inf, 'PD_1,PD_3': inf, 'PD_1,PD_4': inf, 'PD_2,PD_3': inf, 'PD_2,PD_4': inf, 'PD_3,PD_4': inf}
  Computing metrics...
    RSI: {'PD_1,PD_2': 0.0, 'PD_1,PD_3': 1.0, 'PD_1,PD_4': 1.0, 'PD_2,PD_3': 0.0, 'PD_2,PD_4': 0.0, 'PD_3,PD_4': 1.0}, ASR: 1.25, TCB: {'PD_1': ['PD_3', 'PD_4'], 'PD_2': ['PD_4'], 'PD_3': ['PD_1', 'PD_4'], 'PD_4': ['PD_1', 'PD_3']}, FR: {'PD_1,PD_2': inf, 'PD_1,PD_3': inf, 'PD_1,PD_4': inf, 'PD_2,PD_3': inf, 'PD_2,PD_4': inf, 'PD_3,PD_4': inf}
  Computing metrics...
    RSI: {'PD_1,PD_2': 0.0, 'PD_1,PD_3': 0.0, 'PD_1,PD_4': 0.0, 'PD_2,PD_3': 0.0, 'PD_2,PD_4': 0.0, 'PD_3,PD_4': 1.0}, ASR: 1.0, TCB: {'PD_1': ['PD_3'], 'PD_2': ['PD_4'], 'PD_3': ['PD_4'], 'PD_4': ['PD_3']}, FR: {'PD_1,PD_2': inf, 'PD_1,PD_3': inf, 'PD_1,PD_4': inf, 'PD_2,PD_3': inf, 'PD_2,PD_4': inf, 'PD_3,PD_4': inf}
  Computing metrics...
    RSI: {'PD_1,PD_2': 0.0, 'PD_1,PD_3': 0.0, 'PD_1,PD_4': 0.0, 'PD_2,PD_3': 0.0, 'PD_2,PD_4': 0.0, 'PD_3,PD_4': 1.0}, ASR: 1.25, TCB: {'PD_1': ['PD_3'], 'PD_2': ['PD_4'], 'PD_3': ['PD_4'], 'PD_4': ['PD_3']}, FR: {'PD_1,PD_2': inf, 'PD_1,PD_3': inf, 'PD_1,PD_4': inf, 'PD_2,PD_3': inf, 'PD_2,PD_4': inf, 'PD_3,PD_4': inf}
  Computing metrics...
    RSI: {'PD_1,PD_2': 0.0, 'PD_1,PD_3': 0.0, 'PD_1,PD_4': 0.0, 'PD_2,PD_3': 0.0, 'PD_2,PD_4': 0.0, 'PD_3,PD_4': 1.0}, ASR: 1.0, TCB: {'PD_1': ['PD_3'], 'PD_2': ['PD_4'], 'PD_3': ['PD_4'], 'PD_4': ['PD_3']}, FR: {'PD_1,PD_2': inf, 'PD_1,PD_3': inf, 'PD_1,PD_4': inf, 'PD_2,PD_3': inf, 'PD_2,PD_4': inf, 'PD_3,PD_4': inf}
  Computing metrics...
    RSI: {'PD_1,PD_2': 0.0, 'PD_1,PD_3': 0.0, 'PD_1,PD_4': 0.0, 'PD_2,PD_3': 0.0, 'PD_2,PD_4': 0.0, 'PD_3,PD_4': 1.0}, ASR: 1.25, TCB: {'PD_1': ['PD_3'], 'PD_2': ['PD_4'], 'PD_3': ['PD_4'], 'PD_4': ['PD_3']}, FR: {'PD_1,PD_2': inf, 'PD_1,PD_3': inf, 'PD_1,PD_4': inf, 'PD_2,PD_3': inf, 'PD_2,PD_4': inf, 'PD_3,PD_4': inf}
  Computing metrics...
    RSI: {'PD_1,PD_2': 0.0, 'PD_1,PD_3': 0.0, 'PD_1,PD_4': 0.0, 'PD_2,PD_3': 0.0, 'PD_2,PD_4': 0.0, 'PD_3,PD_4': 1.0}, ASR: 1.0, TCB: {'PD_1': ['PD_3'], 'PD_2': ['PD_4'], 'PD_3': ['PD_4'], 'PD_4': ['PD_3']}, FR: {'PD_1,PD_2': inf, 'PD_1,PD_3': inf, 'PD_1,PD_4': inf, 'PD_2,PD_3': inf, 'PD_2,PD_4': inf, 'PD_3,PD_4': inf}
  Computing metrics...
    RSI: {'PD_1,PD_2': 0.0, 'PD_1,PD_3': 0.0, 'PD_1,PD_4': 0.0, 'PD_2,PD_3': 0.0, 'PD_2,PD_4': 0.0, 'PD_3,PD_4': 1.0}, ASR: 1.25, TCB: {'PD_1': ['PD_3'], 'PD_2': ['PD_4'], 'PD_3': ['PD_4'], 'PD_4': ['PD_3']}, FR: {'PD_1,PD_2': inf, 'PD_1,PD_3': inf, 'PD_1,PD_4': inf, 'PD_2,PD_3': inf, 'PD_2,PD_4': inf, 'PD_3,PD_4': inf}
  Computing metrics...
    RSI: {'PD_1,PD_2': 0.0, 'PD_1,PD_3': 0.0, 'PD_1,PD_4': 0.0, 'PD_2,PD_3': 0.0, 'PD_2,PD_4': 0.0, 'PD_3,PD_4': 1.0}, ASR: 1.0, TCB: {'PD_1': ['PD_3'], 'PD_2': ['PD_4'], 'PD_3': ['PD_4'], 'PD_4': ['PD_3']}, FR: {'PD_1,PD_2': inf, 'PD_1,PD_3': inf, 'PD_1,PD_4': inf, 'PD_2,PD_3': inf, 'PD_2,PD_4': inf, 'PD_3,PD_4': inf}
  Computing metrics...
    RSI: {'PD_1,PD_2': 0.0, 'PD_1,PD_3': 0.0, 'PD_1,PD_4': 0.0, 'PD_2,PD_3': 0.0, 'PD_2,PD_4': 0.0, 'PD_3,PD_4': 1.0}, ASR: 1.25, TCB: {'PD_1': ['PD_3'], 'PD_2': ['PD_4'], 'PD_3': ['PD_4'], 'PD_4': ['PD_3']}, FR: {'PD_1,PD_2': inf, 'PD_1,PD_3': inf, 'PD_1,PD_4': inf, 'PD_2,PD_3': inf, 'PD_2,PD_4': inf, 'PD_3,PD_4': inf}
  Computing metrics...
    RSI: {'PD_1,PD_2': 0.0, 'PD_1,PD_3': 0.0, 'PD_1,PD_4': 0.0, 'PD_2,PD_3': 0.0, 'PD_2,PD_4': 0.0, 'PD_3,PD_4': 1.0}, ASR: 1.0, TCB: {'PD_1': ['PD_3'], 'PD_2': ['PD_4'], 'PD_3': ['PD_4'], 'PD_4': ['PD_3']}, FR: {'PD_1,PD_2': inf, 'PD_1,PD_3': inf, 'PD_1,PD_4': inf, 'PD_2,PD_3': inf, 'PD_2,PD_4': inf, 'PD_3,PD_4': inf}
  Computing metrics...
    RSI: {'PD_1,PD_2': 0.0, 'PD_1,PD_3': 0.0, 'PD_1,PD_4': 0.0, 'PD_2,PD_3': 0.0, 'PD_2,PD_4': 0.0, 'PD_3,PD_4': 1.0}, ASR: 1.25, TCB: {'PD_1': ['PD_3'], 'PD_2': ['PD_4'], 'PD_3': ['PD_4'], 'PD_4': ['PD_3']}, FR: {'PD_1,PD_2': inf, 'PD_1,PD_3': inf, 'PD_1,PD_4': inf, 'PD_2,PD_3': inf, 'PD_2,PD_4': inf, 'PD_3,PD_4': inf}
  Computing metrics...
    RSI: {'PD_1,PD_2': 0.0, 'PD_1,PD_3': 0.0, 'PD_1,PD_4': 0.0, 'PD_2,PD_3': 0.0, 'PD_2,PD_4': 0.0, 'PD_3,PD_4': 1.0}, ASR: 1.0, TCB: {'PD_1': ['PD_3'], 'PD_2': ['PD_4'], 'PD_3': ['PD_4'], 'PD_4': ['PD_3']}, FR: {'PD_1,PD_2': inf, 'PD_1,PD_3': inf, 'PD_1,PD_4': inf, 'PD_2,PD_3': inf, 'PD_2,PD_4': inf, 'PD_3,PD_4': inf}
  Computing metrics...
    RSI: {'PD_1,PD_2': 0.0, 'PD_1,PD_3': 0.0, 'PD_1,PD_4': 0.0, 'PD_2,PD_3': 0.0, 'PD_2,PD_4': 0.0, 'PD_3,PD_4': 1.0}, ASR: 1.25, TCB: {'PD_1': ['PD_3'], 'PD_2': ['PD_4'], 'PD_3': ['PD_4'], 'PD_4': ['PD_3']}, FR: {'PD_1,PD_2': inf, 'PD_1,PD_3': inf, 'PD_1,PD_4': inf, 'PD_2,PD_3': inf, 'PD_2,PD_4': inf, 'PD_3,PD_4': inf}
  Computing metrics...
    RSI: {'PD_1,PD_2': 0.0, 'PD_1,PD_3': 0.0, 'PD_1,PD_4': 0.0, 'PD_2,PD_3': 0.0, 'PD_2,PD_4': 0.0, 'PD_3,PD_4': 1.0}, ASR: 1.0, TCB: {'PD_1': ['PD_3'], 'PD_2': ['PD_4'], 'PD_3': ['PD_4'], 'PD_4': ['PD_3']}, FR: {'PD_1,PD_2': inf, 'PD_1,PD_3': inf, 'PD_1,PD_4': inf, 'PD_2,PD_3': inf, 'PD_2,PD_4': inf, 'PD_3,PD_4': inf}
  Computing metrics...
    RSI: {'PD_1,PD_2': 0.0, 'PD_1,PD_3': 0.0, 'PD_1,PD_4': 0.0, 'PD_2,PD_3': 0.0, 'PD_2,PD_4': 0.0, 'PD_3,PD_4': 1.0}, ASR: 1.25, TCB: {'PD_1': ['PD_3'], 'PD_2': ['PD_4'], 'PD_3': ['PD_4'], 'PD_4': ['PD_3']}, FR: {'PD_1,PD_2': inf, 'PD_1,PD_3': inf, 'PD_1,PD_4': inf, 'PD_2,PD_3': inf, 'PD_2,PD_4': inf, 'PD_3,PD_4': inf}
  Computing metrics...
    RSI: {'PD_1,PD_2': 0.0, 'PD_1,PD_3': 0.0, 'PD_1,PD_4': 0.0, 'PD_2,PD_3': 0.0, 'PD_2,PD_4': 0.0, 'PD_3,PD_4': 1.0}, ASR: 1.0, TCB: {'PD_1': ['PD_3'], 'PD_2': ['PD_4'], 'PD_3': ['PD_4'], 'PD_4': ['PD_3']}, FR: {'PD_1,PD_2': inf, 'PD_1,PD_3': inf, 'PD_1,PD_4': inf, 'PD_2,PD_3': inf, 'PD_2,PD_4': inf, 'PD_3,PD_4': inf}
  Computing metrics...
    RSI: {'PD_1,PD_2': 0.0, 'PD_1,PD_3': 0.0, 'PD_1,PD_4': 0.0, 'PD_2,PD_3': 1.0, 'PD_2,PD_4': 1.0, 'PD_3,PD_4': 1.0}, ASR: 1.25, TCB: {'PD_1': ['PD_3'], 'PD_2': ['PD_4', 'PD_3'], 'PD_3': ['PD_2', 'PD_4'], 'PD_4': ['PD_2', 'PD_3']}, FR: {'PD_1,PD_2': inf, 'PD_1,PD_3': inf, 'PD_1,PD_4': inf, 'PD_2,PD_3': inf, 'PD_2,PD_4': inf, 'PD_3,PD_4': inf}
  Computing metrics...
    RSI: {'PD_1,PD_2': 0.0, 'PD_1,PD_3': 0.0, 'PD_1,PD_4': 0.0, 'PD_2,PD_3': 0.0, 'PD_2,PD_4': 0.0, 'PD_3,PD_4': 1.0}, ASR: 1.0, TCB: {'PD_1': ['PD_3'], 'PD_2': ['PD_4'], 'PD_3': ['PD_4'], 'PD_4': ['PD_3']}, FR: {'PD_1,PD_2': inf, 'PD_1,PD_3': inf, 'PD_1,PD_4': inf, 'PD_2,PD_3': inf, 'PD_2,PD_4': inf, 'PD_3,PD_4': inf}
  Computing metrics...
    RSI: {'PD_1,PD_2': 0.0, 'PD_1,PD_3': 0.0, 'PD_1,PD_4': 0.0, 'PD_2,PD_3': 0.0, 'PD_2,PD_4': 0.0, 'PD_3,PD_4': 1.0}, ASR: 1.25, TCB: {'PD_1': ['PD_3'], 'PD_2': ['PD_4'], 'PD_3': ['PD_4'], 'PD_4': ['PD_3']}, FR: {'PD_1,PD_2': inf, 'PD_1,PD_3': inf, 'PD_1,PD_4': inf, 'PD_2,PD_3': inf, 'PD_2,PD_4': inf, 'PD_3,PD_4': inf}
  Computing metrics...
    RSI: {'PD_1,PD_2': 0.0, 'PD_1,PD_3': 0.0, 'PD_1,PD_4': 0.0, 'PD_2,PD_3': 0.0, 'PD_2,PD_4': 0.0, 'PD_3,PD_4': 1.0}, ASR: 1.0, TCB: {'PD_1': ['PD_3'], 'PD_2': ['PD_4'], 'PD_3': ['PD_4'], 'PD_4': ['PD_3']}, FR: {'PD_1,PD_2': inf, 'PD_1,PD_3': inf, 'PD_1,PD_4': inf, 'PD_2,PD_3': inf, 'PD_2,PD_4': inf, 'PD_3,PD_4': inf}
  Computing metrics...
    RSI: {'PD_1,PD_2': 0.0, 'PD_1,PD_3': 0.0, 'PD_1,PD_4': 0.0, 'PD_2,PD_3': 0.0, 'PD_2,PD_4': 0.0, 'PD_3,PD_4': 1.0}, ASR: 1.25, TCB: {'PD_1': ['PD_3'], 'PD_2': ['PD_4'], 'PD_3': ['PD_4'], 'PD_4': ['PD_3']}, FR: {'PD_1,PD_2': inf, 'PD_1,PD_3': inf, 'PD_1,PD_4': inf, 'PD_2,PD_3': inf, 'PD_2,PD_4': inf, 'PD_3,PD_4': inf}
  Computing metrics...
    RSI: {'PD_1,PD_2': 0.0, 'PD_1,PD_3': 0.0, 'PD_1,PD_4': 0.0, 'PD_2,PD_3': 0.0, 'PD_2,PD_4': 0.0, 'PD_3,PD_4': 1.0}, ASR: 1.0, TCB: {'PD_1': ['PD_3'], 'PD_2': ['PD_4'], 'PD_3': ['PD_4'], 'PD_4': ['PD_3']}, FR: {'PD_1,PD_2': inf, 'PD_1,PD_3': inf, 'PD_1,PD_4': inf, 'PD_2,PD_3': inf, 'PD_2,PD_4': inf, 'PD_3,PD_4': inf}
  Computing metrics...
    RSI: {'PD_1,PD_2': 0.0, 'PD_1,PD_3': 0.0, 'PD_1,PD_4': 0.0, 'PD_2,PD_3': 0.0, 'PD_2,PD_4': 0.0, 'PD_3,PD_4': 1.0}, ASR: 1.25, TCB: {'PD_1': ['PD_3'], 'PD_2': ['PD_4'], 'PD_3': ['PD_4'], 'PD_4': ['PD_3']}, FR: {'PD_1,PD_2': inf, 'PD_1,PD_3': inf, 'PD_1,PD_4': inf, 'PD_2,PD_3': inf, 'PD_2,PD_4': inf, 'PD_3,PD_4': inf}
  Computing metrics...
    RSI: {'PD_1,PD_2': 0.0, 'PD_1,PD_3': 0.0, 'PD_1,PD_4': 0.0, 'PD_2,PD_3': 0.0, 'PD_2,PD_4': 0.0, 'PD_3,PD_4': 1.0}, ASR: 1.0, TCB: {'PD_1': ['PD_3'], 'PD_2': ['PD_4'], 'PD_3': ['PD_4'], 'PD_4': ['PD_3']}, FR: {'PD_1,PD_2': inf, 'PD_1,PD_3': inf, 'PD_1,PD_4': inf, 'PD_2,PD_3': inf, 'PD_2,PD_4': inf, 'PD_3,PD_4': inf}
  Computing metrics...
    RSI: {'PD_1,PD_2': 0.0, 'PD_1,PD_3': 0.0, 'PD_1,PD_4': 0.0, 'PD_2,PD_3': 0.0, 'PD_2,PD_4': 0.0, 'PD_3,PD_4': 1.0}, ASR: 1.25, TCB: {'PD_1': ['PD_3'], 'PD_2': ['PD_4'], 'PD_3': ['PD_4'], 'PD_4': ['PD_3']}, FR: {'PD_1,PD_2': inf, 'PD_1,PD_3': inf, 'PD_1,PD_4': inf, 'PD_2,PD_3': inf, 'PD_2,PD_4': inf, 'PD_3,PD_4': inf}
  Computing metrics...
    RSI: {'PD_1,PD_2': 0.0, 'PD_1,PD_3': 0.0, 'PD_1,PD_4': 0.0, 'PD_2,PD_3': 0.0, 'PD_2,PD_4': 0.0, 'PD_3,PD_4': 1.0}, ASR: 1.0, TCB: {'PD_1': ['PD_3'], 'PD_2': ['PD_4'], 'PD_3': ['PD_4'], 'PD_4': ['PD_3']}, FR: {'PD_1,PD_2': inf, 'PD_1,PD_3': inf, 'PD_1,PD_4': inf, 'PD_2,PD_3': inf, 'PD_2,PD_4': inf, 'PD_3,PD_4': inf}
  Computing metrics...
    RSI: {'PD_1,PD_2': 0.0, 'PD_1,PD_3': 0.0, 'PD_1,PD_4': 0.0, 'PD_2,PD_3': 0.0, 'PD_2,PD_4': 0.0, 'PD_3,PD_4': 1.0}, ASR: 1.25, TCB: {'PD_1': ['PD_3'], 'PD_2': ['PD_4'], 'PD_3': ['PD_4'], 'PD_4': ['PD_3']}, FR: {'PD_1,PD_2': inf, 'PD_1,PD_3': inf, 'PD_1,PD_4': inf, 'PD_2,PD_3': inf, 'PD_2,PD_4': inf, 'PD_3,PD_4': inf}
  Computing metrics...
    RSI: {'PD_1,PD_2': 0.0, 'PD_1,PD_3': 0.0, 'PD_1,PD_4': 0.0, 'PD_2,PD_3': 0.0, 'PD_2,PD_4': 0.0, 'PD_3,PD_4': 1.0}, ASR: 1.0, TCB: {'PD_1': ['PD_3'], 'PD_2': ['PD_4'], 'PD_3': ['PD_4'], 'PD_4': ['PD_3']}, FR: {'PD_1,PD_2': inf, 'PD_1,PD_3': inf, 'PD_1,PD_4': inf, 'PD_2,PD_3': inf, 'PD_2,PD_4': inf, 'PD_3,PD_4': inf}
  Computing metrics...
    RSI: {'PD_1,PD_2': 0.0, 'PD_1,PD_3': 0.0, 'PD_1,PD_4': 0.0, 'PD_2,PD_3': 0.0, 'PD_2,PD_4': 0.0, 'PD_3,PD_4': 1.0}, ASR: 1.25, TCB: {'PD_1': ['PD_3'], 'PD_2': ['PD_4'], 'PD_3': ['PD_4'], 'PD_4': ['PD_3']}, FR: {'PD_1,PD_2': inf, 'PD_1,PD_3': inf, 'PD_1,PD_4': inf, 'PD_2,PD_3': inf, 'PD_2,PD_4': inf, 'PD_3,PD_4': inf}
  Computing metrics...
    RSI: {'PD_1,PD_2': 0.0, 'PD_1,PD_3': 0.0, 'PD_1,PD_4': 0.0, 'PD_2,PD_3': 0.0, 'PD_2,PD_4': 0.0, 'PD_3,PD_4': 1.0}, ASR: 1.0, TCB: {'PD_1': ['PD_3'], 'PD_2': ['PD_4'], 'PD_3': ['PD_4'], 'PD_4': ['PD_3']}, FR: {'PD_1,PD_2': inf, 'PD_1,PD_3': inf, 'PD_1,PD_4': inf, 'PD_2,PD_3': inf, 'PD_2,PD_4': inf, 'PD_3,PD_4': inf}
  Computing metrics...
    RSI: {'PD_1,PD_2': 0.0, 'PD_1,PD_3': 0.0, 'PD_1,PD_4': 0.0, 'PD_2,PD_3': 0.0, 'PD_2,PD_4': 0.0, 'PD_3,PD_4': 1.0}, ASR: 1.25, TCB: {'PD_1': ['PD_3'], 'PD_2': ['PD_4'], 'PD_3': ['PD_4'], 'PD_4': ['PD_3']}, FR: {'PD_1,PD_2': inf, 'PD_1,PD_3': inf, 'PD_1,PD_4': inf, 'PD_2,PD_3': inf, 'PD_2,PD_4': inf, 'PD_3,PD_4': inf}
  Computing metrics...
    RSI: {'PD_1,PD_2': 0.0, 'PD_1,PD_3': 0.0, 'PD_1,PD_4': 0.0, 'PD_2,PD_3': 0.0, 'PD_2,PD_4': 0.0, 'PD_3,PD_4': 1.0}, ASR: 1.0, TCB: {'PD_1': ['PD_3'], 'PD_2': ['PD_4'], 'PD_3': ['PD_4'], 'PD_4': ['PD_3']}, FR: {'PD_1,PD_2': inf, 'PD_1,PD_3': inf, 'PD_1,PD_4': inf, 'PD_2,PD_3': inf, 'PD_2,PD_4': inf, 'PD_3,PD_4': inf}
  Computing metrics...
    RSI: {'PD_1,PD_2': 0.0, 'PD_1,PD_3': 0.0, 'PD_1,PD_4': 0.0, 'PD_2,PD_3': 0.0, 'PD_2,PD_4': 0.0, 'PD_3,PD_4': 0.5}, ASR: 1.25, TCB: {'PD_1': ['PD_3'], 'PD_2': ['PD_4'], 'PD_3': ['PD_4'], 'PD_4': ['PD_3']}, FR: {'PD_1,PD_2': inf, 'PD_1,PD_3': inf, 'PD_1,PD_4': inf, 'PD_2,PD_3': inf, 'PD_2,PD_4': inf, 'PD_3,PD_4': inf}
  Computing metrics...
    RSI: {'PD_1,PD_2': 0.0, 'PD_1,PD_3': 0.0, 'PD_1,PD_4': 0.0, 'PD_2,PD_3': 0.0, 'PD_2,PD_4': 0.0, 'PD_3,PD_4': 1.0}, ASR: 1.0, TCB: {'PD_1': ['PD_3'], 'PD_2': ['PD_4'], 'PD_3': ['PD_4'], 'PD_4': ['PD_3']}, FR: {'PD_1,PD_2': inf, 'PD_1,PD_3': inf, 'PD_1,PD_4': inf, 'PD_2,PD_3': inf, 'PD_2,PD_4': inf, 'PD_3,PD_4': inf}
  Computing metrics...
    RSI: {'PD_1,PD_2': 0.0, 'PD_1,PD_3': 0.0, 'PD_1,PD_4': 0.0, 'PD_2,PD_3': 0.0, 'PD_2,PD_4': 0.0, 'PD_3,PD_4': 0.5}, ASR: 1.25, TCB: {'PD_1': ['PD_3'], 'PD_2': ['PD_4'], 'PD_3': ['PD_4'], 'PD_4': ['PD_3']}, FR: {'PD_1,PD_2': inf, 'PD_1,PD_3': inf, 'PD_1,PD_4': inf, 'PD_2,PD_3': inf, 'PD_2,PD_4': inf, 'PD_3,PD_4': inf}
  Computing metrics...
    RSI: {'PD_1,PD_2': 0.0, 'PD_1,PD_3': 0.0, 'PD_1,PD_4': 0.0, 'PD_2,PD_3': 0.0, 'PD_2,PD_4': 0.0, 'PD_3,PD_4': 1.0}, ASR: 1.0, TCB: {'PD_1': ['PD_3'], 'PD_2': ['PD_4'], 'PD_3': ['PD_4'], 'PD_4': ['PD_3']}, FR: {'PD_1,PD_2': inf, 'PD_1,PD_3': inf, 'PD_1,PD_4': inf, 'PD_2,PD_3': inf, 'PD_2,PD_4': inf, 'PD_3,PD_4': inf}
  Computing metrics...
    RSI: {'PD_1,PD_2': 0.0, 'PD_1,PD_3': 0.0, 'PD_1,PD_4': 0.0, 'PD_2,PD_3': 0.0, 'PD_2,PD_4': 0.0, 'PD_3,PD_4': 0.5}, ASR: 1.25, TCB: {'PD_1': ['PD_3'], 'PD_2': ['PD_4'], 'PD_3': ['PD_4'], 'PD_4': ['PD_3']}, FR: {'PD_1,PD_2': inf, 'PD_1,PD_3': inf, 'PD_1,PD_4': inf, 'PD_2,PD_3': inf, 'PD_2,PD_4': inf, 'PD_3,PD_4': inf}
  Computing metrics...
    RSI: {'PD_1,PD_2': 0.0, 'PD_1,PD_3': 0.0, 'PD_1,PD_4': 0.0, 'PD_2,PD_3': 0.0, 'PD_2,PD_4': 0.0, 'PD_3,PD_4': 1.0}, ASR: 1.0, TCB: {'PD_1': ['PD_3'], 'PD_2': ['PD_4'], 'PD_3': ['PD_4'], 'PD_4': ['PD_3']}, FR: {'PD_1,PD_2': inf, 'PD_1,PD_3': inf, 'PD_1,PD_4': inf, 'PD_2,PD_3': inf, 'PD_2,PD_4': inf, 'PD_3,PD_4': inf}
  Computing metrics...
    RSI: {'PD_1,PD_2': 0.0, 'PD_1,PD_3': 0.0, 'PD_1,PD_4': 0.0, 'PD_2,PD_3': 0.0, 'PD_2,PD_4': 0.0, 'PD_3,PD_4': 0.5}, ASR: 1.25, TCB: {'PD_1': ['PD_3'], 'PD_2': ['PD_4'], 'PD_3': ['PD_4'], 'PD_4': ['PD_3']}, FR: {'PD_1,PD_2': inf, 'PD_1,PD_3': inf, 'PD_1,PD_4': inf, 'PD_2,PD_3': inf, 'PD_2,PD_4': inf, 'PD_3,PD_4': inf}
  Computing metrics...
    RSI: {'PD_1,PD_2': 0.0, 'PD_1,PD_3': 0.0, 'PD_1,PD_4': 0.0, 'PD_2,PD_3': 0.0, 'PD_2,PD_4': 0.0, 'PD_3,PD_4': 1.0}, ASR: 1.0, TCB: {'PD_1': ['PD_3'], 'PD_2': ['PD_4'], 'PD_3': ['PD_4'], 'PD_4': ['PD_3']}, FR: {'PD_1,PD_2': inf, 'PD_1,PD_3': inf, 'PD_1,PD_4': inf, 'PD_2,PD_3': inf, 'PD_2,PD_4': inf, 'PD_3,PD_4': inf}
  Computing metrics...
    RSI: {'PD_1,PD_2': 0.0, 'PD_1,PD_3': 0.0, 'PD_1,PD_4': 0.0, 'PD_2,PD_3': 0.0, 'PD_2,PD_4': 0.0, 'PD_3,PD_4': 0.5}, ASR: 1.25, TCB: {'PD_1': ['PD_3'], 'PD_2': ['PD_4'], 'PD_3': ['PD_4'], 'PD_4': ['PD_3']}, FR: {'PD_1,PD_2': inf, 'PD_1,PD_3': inf, 'PD_1,PD_4': inf, 'PD_2,PD_3': inf, 'PD_2,PD_4': inf, 'PD_3,PD_4': inf}
  Computing metrics...
    RSI: {'PD_1,PD_2': 0.0, 'PD_1,PD_3': 0.0, 'PD_1,PD_4': 0.0, 'PD_2,PD_3': 0.0, 'PD_2,PD_4': 0.0, 'PD_3,PD_4': 1.0}, ASR: 1.0, TCB: {'PD_1': ['PD_3'], 'PD_2': ['PD_4'], 'PD_3': ['PD_4'], 'PD_4': ['PD_3']}, FR: {'PD_1,PD_2': inf, 'PD_1,PD_3': inf, 'PD_1,PD_4': inf, 'PD_2,PD_3': inf, 'PD_2,PD_4': inf, 'PD_3,PD_4': inf}
  Computing metrics...
    RSI: {'PD_1,PD_2': 0.0, 'PD_1,PD_3': 0.0, 'PD_1,PD_4': 0.0, 'PD_2,PD_3': 0.0, 'PD_2,PD_4': 0.0, 'PD_3,PD_4': 0.5}, ASR: 1.25, TCB: {'PD_1': ['PD_3'], 'PD_2': ['PD_4'], 'PD_3': ['PD_4'], 'PD_4': ['PD_3']}, FR: {'PD_1,PD_2': inf, 'PD_1,PD_3': inf, 'PD_1,PD_4': inf, 'PD_2,PD_3': inf, 'PD_2,PD_4': inf, 'PD_3,PD_4': inf}
  Computing metrics...
    RSI: {'PD_1,PD_2': 0.0, 'PD_1,PD_3': 0.0, 'PD_1,PD_4': 0.0, 'PD_2,PD_3': 0.0, 'PD_2,PD_4': 0.0, 'PD_3,PD_4': 1.0}, ASR: 1.0, TCB: {'PD_1': ['PD_3'], 'PD_2': ['PD_4'], 'PD_3': ['PD_4'], 'PD_4': ['PD_3']}, FR: {'PD_1,PD_2': inf, 'PD_1,PD_3': inf, 'PD_1,PD_4': inf, 'PD_2,PD_3': inf, 'PD_2,PD_4': inf, 'PD_3,PD_4': inf}
  Computing metrics...
    RSI: {'PD_1,PD_2': 0.0, 'PD_1,PD_3': 0.0, 'PD_1,PD_4': 0.0, 'PD_2,PD_3': 0.0, 'PD_2,PD_4': 0.0, 'PD_3,PD_4': 0.5}, ASR: 1.25, TCB: {'PD_1': ['PD_3'], 'PD_2': ['PD_4'], 'PD_3': ['PD_4'], 'PD_4': ['PD_3']}, FR: {'PD_1,PD_2': inf, 'PD_1,PD_3': inf, 'PD_1,PD_4': inf, 'PD_2,PD_3': inf, 'PD_2,PD_4': inf, 'PD_3,PD_4': inf}
  Computing metrics...
    RSI: {'PD_1,PD_2': 0.0, 'PD_1,PD_3': 0.0, 'PD_1,PD_4': 0.0, 'PD_2,PD_3': 0.0, 'PD_2,PD_4': 0.0, 'PD_3,PD_4': 1.0}, ASR: 1.0, TCB: {'PD_1': ['PD_3'], 'PD_2': ['PD_4'], 'PD_3': ['PD_4'], 'PD_4': ['PD_3']}, FR: {'PD_1,PD_2': inf, 'PD_1,PD_3': inf, 'PD_1,PD_4': inf, 'PD_2,PD_3': inf, 'PD_2,PD_4': inf, 'PD_3,PD_4': inf}
  Computing metrics...
    RSI: {'PD_1,PD_2': 0.0, 'PD_1,PD_3': 0.0, 'PD_1,PD_4': 0.0, 'PD_2,PD_3': 0.0, 'PD_2,PD_4': 0.0, 'PD_3,PD_4': 0.5}, ASR: 1.25, TCB: {'PD_1': ['PD_3'], 'PD_2': ['PD_4'], 'PD_3': ['PD_4'], 'PD_4': ['PD_3']}, FR: {'PD_1,PD_2': inf, 'PD_1,PD_3': inf, 'PD_1,PD_4': inf, 'PD_2,PD_3': inf, 'PD_2,PD_4': inf, 'PD_3,PD_4': inf}
  Computing metrics...
    RSI: {'PD_1,PD_2': 0.0, 'PD_1,PD_3': 0.0, 'PD_1,PD_4': 0.0, 'PD_2,PD_3': 0.0, 'PD_2,PD_4': 0.0, 'PD_3,PD_4': 1.0}, ASR: 1.0, TCB: {'PD_1': ['PD_3'], 'PD_2': ['PD_4'], 'PD_3': ['PD_4'], 'PD_4': ['PD_3']}, FR: {'PD_1,PD_2': inf, 'PD_1,PD_3': inf, 'PD_1,PD_4': inf, 'PD_2,PD_3': inf, 'PD_2,PD_4': inf, 'PD_3,PD_4': inf}
  Computing metrics...
    RSI: {'PD_1,PD_2': 0.0, 'PD_1,PD_3': 0.0, 'PD_1,PD_4': 0.0, 'PD_2,PD_3': 0.0, 'PD_2,PD_4': 0.0, 'PD_3,PD_4': 0.5}, ASR: 1.25, TCB: {'PD_1': ['PD_3'], 'PD_2': ['PD_4'], 'PD_3': ['PD_4'], 'PD_4': ['PD_3']}, FR: {'PD_1,PD_2': inf, 'PD_1,PD_3': inf, 'PD_1,PD_4': inf, 'PD_2,PD_3': inf, 'PD_2,PD_4': inf, 'PD_3,PD_4': inf}
  Computing metrics...
    RSI: {'PD_1,PD_2': 0.0, 'PD_1,PD_3': 0.0, 'PD_1,PD_4': 0.0, 'PD_2,PD_3': 0.0, 'PD_2,PD_4': 0.0, 'PD_3,PD_4': 1.0}, ASR: 1.0, TCB: {'PD_1': ['PD_3'], 'PD_2': ['PD_4'], 'PD_3': ['PD_4'], 'PD_4': ['PD_3']}, FR: {'PD_1,PD_2': inf, 'PD_1,PD_3': inf, 'PD_1,PD_4': inf, 'PD_2,PD_3': inf, 'PD_2,PD_4': inf, 'PD_3,PD_4': inf}
  Computing metrics...
    RSI: {'PD_1,PD_2': 0.0, 'PD_1,PD_3': 0.0, 'PD_1,PD_4': 0.0, 'PD_2,PD_3': 0.0, 'PD_2,PD_4': 0.0, 'PD_3,PD_4': 0.5}, ASR: 1.25, TCB: {'PD_1': ['PD_3'], 'PD_2': ['PD_4'], 'PD_3': ['PD_4'], 'PD_4': ['PD_3']}, FR: {'PD_1,PD_2': inf, 'PD_1,PD_3': inf, 'PD_1,PD_4': inf, 'PD_2,PD_3': inf, 'PD_2,PD_4': inf, 'PD_3,PD_4': inf}
  Computing metrics...
    RSI: {'PD_1,PD_2': 0.0, 'PD_1,PD_3': 0.0, 'PD_1,PD_4': 0.0, 'PD_2,PD_3': 0.0, 'PD_2,PD_4': 0.0, 'PD_3,PD_4': 1.0}, ASR: 1.0, TCB: {'PD_1': ['PD_3'], 'PD_2': ['PD_4'], 'PD_3': ['PD_4'], 'PD_4': ['PD_3']}, FR: {'PD_1,PD_2': inf, 'PD_1,PD_3': inf, 'PD_1,PD_4': inf, 'PD_2,PD_3': inf, 'PD_2,PD_4': inf, 'PD_3,PD_4': inf}
  Computing metrics...
    RSI: {'PD_1,PD_2': 0.0, 'PD_1,PD_3': 0.0, 'PD_1,PD_4': 0.0, 'PD_2,PD_3': 0.0, 'PD_2,PD_4': 0.0, 'PD_3,PD_4': 0.5}, ASR: 1.25, TCB: {'PD_1': ['PD_3'], 'PD_2': ['PD_4'], 'PD_3': ['PD_4'], 'PD_4': ['PD_3']}, FR: {'PD_1,PD_2': inf, 'PD_1,PD_3': inf, 'PD_1,PD_4': inf, 'PD_2,PD_3': inf, 'PD_2,PD_4': inf, 'PD_3,PD_4': inf}
  Computing metrics...
    RSI: {'PD_1,PD_2': 0.0, 'PD_1,PD_3': 0.0, 'PD_1,PD_4': 0.0, 'PD_2,PD_3': 0.0, 'PD_2,PD_4': 0.0, 'PD_3,PD_4': 1.0}, ASR: 1.0, TCB: {'PD_1': ['PD_3'], 'PD_2': ['PD_4'], 'PD_3': ['PD_4'], 'PD_4': ['PD_3']}, FR: {'PD_1,PD_2': inf, 'PD_1,PD_3': inf, 'PD_1,PD_4': inf, 'PD_2,PD_3': inf, 'PD_2,PD_4': inf, 'PD_3,PD_4': inf}
  Computing metrics...
    RSI: {'PD_1,PD_2': 0.0, 'PD_1,PD_3': 0.0, 'PD_1,PD_4': 0.0, 'PD_2,PD_3': 0.0, 'PD_2,PD_4': 0.0, 'PD_3,PD_4': 0.5}, ASR: 1.25, TCB: {'PD_1': ['PD_3'], 'PD_2': ['PD_4'], 'PD_3': ['PD_4'], 'PD_4': ['PD_3']}, FR: {'PD_1,PD_2': inf, 'PD_1,PD_3': inf, 'PD_1,PD_4': inf, 'PD_2,PD_3': inf, 'PD_2,PD_4': inf, 'PD_3,PD_4': inf}
  Computing metrics...
    RSI: {'PD_1,PD_2': 0.0, 'PD_1,PD_3': 0.0, 'PD_1,PD_4': 0.0, 'PD_2,PD_3': 0.0, 'PD_2,PD_4': 0.0, 'PD_3,PD_4': 1.0}, ASR: 1.0, TCB: {'PD_1': ['PD_3'], 'PD_2': ['PD_4'], 'PD_3': ['PD_4'], 'PD_4': ['PD_3']}, FR: {'PD_1,PD_2': inf, 'PD_1,PD_3': inf, 'PD_1,PD_4': inf, 'PD_2,PD_3': inf, 'PD_2,PD_4': inf, 'PD_3,PD_4': inf}
  Computing metrics...
    RSI: {'PD_1,PD_2': 0.0, 'PD_1,PD_3': 0.0, 'PD_1,PD_4': 0.0, 'PD_2,PD_3': 0.0, 'PD_2,PD_4': 0.0, 'PD_3,PD_4': 0.5}, ASR: 1.25, TCB: {'PD_1': ['PD_3'], 'PD_2': ['PD_4'], 'PD_3': ['PD_4'], 'PD_4': ['PD_3']}, FR: {'PD_1,PD_2': inf, 'PD_1,PD_3': inf, 'PD_1,PD_4': inf, 'PD_2,PD_3': inf, 'PD_2,PD_4': inf, 'PD_3,PD_4': inf}
  Computing metrics...
    RSI: {'PD_1,PD_2': 0.0, 'PD_1,PD_3': 0.0, 'PD_1,PD_4': 0.0, 'PD_2,PD_3': 0.0, 'PD_2,PD_4': 0.0, 'PD_3,PD_4': 1.0}, ASR: 1.0, TCB: {'PD_1': ['PD_3'], 'PD_2': ['PD_4'], 'PD_3': ['PD_4'], 'PD_4': ['PD_3']}, FR: {'PD_1,PD_2': inf, 'PD_1,PD_3': inf, 'PD_1,PD_4': inf, 'PD_2,PD_3': inf, 'PD_2,PD_4': inf, 'PD_3,PD_4': inf}
  Computing metrics...
    RSI: {'PD_1,PD_2': 0.0, 'PD_1,PD_3': 0.0, 'PD_1,PD_4': 0.0, 'PD_2,PD_3': 0.0, 'PD_2,PD_4': 0.0, 'PD_3,PD_4': 0.5}, ASR: 1.25, TCB: {'PD_1': ['PD_3'], 'PD_2': ['PD_4'], 'PD_3': ['PD_4'], 'PD_4': ['PD_3']}, FR: {'PD_1,PD_2': inf, 'PD_1,PD_3': inf, 'PD_1,PD_4': inf, 'PD_2,PD_3': inf, 'PD_2,PD_4': inf, 'PD_3,PD_4': inf}
  Computing metrics...
    RSI: {'PD_1,PD_2': 0.0, 'PD_1,PD_3': 0.0, 'PD_1,PD_4': 0.0, 'PD_2,PD_3': 0.0, 'PD_2,PD_4': 0.0, 'PD_3,PD_4': 1.0}, ASR: 1.0, TCB: {'PD_1': ['PD_3'], 'PD_2': ['PD_4'], 'PD_3': ['PD_4'], 'PD_4': ['PD_3']}, FR: {'PD_1,PD_2': inf, 'PD_1,PD_3': inf, 'PD_1,PD_4': inf, 'PD_2,PD_3': inf, 'PD_2,PD_4': inf, 'PD_3,PD_4': inf}
  Computing metrics...
    RSI: {'PD_1,PD_2': 0.0, 'PD_1,PD_3': 0.0, 'PD_1,PD_4': 0.0, 'PD_2,PD_3': 0.0, 'PD_2,PD_4': 0.0, 'PD_3,PD_4': 1.0}, ASR: 1.0, TCB: {'PD_1': ['PD_3'], 'PD_2': ['PD_4'], 'PD_3': ['PD_4'], 'PD_4': ['PD_3']}, FR: {'PD_1,PD_2': inf, 'PD_1,PD_3': inf, 'PD_1,PD_4': inf, 'PD_2,PD_3': inf, 'PD_2,PD_4': inf, 'PD_3,PD_4': inf}
    remove_hold_edge candidate: remove PD_3 -> FILE_1_1 HOLD edge -> score: 0.150
  Computing metrics...
    RSI: {'PD_1,PD_2': 0.0, 'PD_1,PD_3': 0.0, 'PD_1,PD_4': 0.0, 'PD_2,PD_3': 0.0, 'PD_2,PD_4': 0.0, 'PD_3,PD_4': 1.0}, ASR: 1.0, TCB: {'PD_1': ['PD_3'], 'PD_2': ['PD_4'], 'PD_3': ['PD_4'], 'PD_4': ['PD_3']}, FR: {'PD_1,PD_2': inf, 'PD_1,PD_3': inf, 'PD_1,PD_4': inf, 'PD_2,PD_3': inf, 'PD_2,PD_4': inf, 'PD_3,PD_4': inf}
  Computing metrics...
    RSI: {'PD_1,PD_2': 0.0, 'PD_1,PD_3': 0.0, 'PD_1,PD_4': 0.0, 'PD_2,PD_3': 0.0, 'PD_2,PD_4': 0.0, 'PD_3,PD_4': 1.0}, ASR: 1.0, TCB: {'PD_1': ['PD_3'], 'PD_2': ['PD_4'], 'PD_3': ['PD_4'], 'PD_4': ['PD_3']}, FR: {'PD_1,PD_2': inf, 'PD_1,PD_3': inf, 'PD_1,PD_4': inf, 'PD_2,PD_3': inf, 'PD_2,PD_4': inf, 'PD_3,PD_4': inf}
    remove_hold_edge candidate: remove PD_4 -> FILE_1_1 HOLD edge -> score: 0.150
  Computing metrics...
    RSI: {'PD_1,PD_2': 0.0, 'PD_1,PD_3': 0.0, 'PD_1,PD_4': 0.0, 'PD_2,PD_3': 0.0, 'PD_2,PD_4': 0.0, 'PD_3,PD_4': 1.0}, ASR: 1.0, TCB: {'PD_1': ['PD_3'], 'PD_2': ['PD_4'], 'PD_3': ['PD_4'], 'PD_4': ['PD_3']}, FR: {'PD_1,PD_2': inf, 'PD_1,PD_3': inf, 'PD_1,PD_4': inf, 'PD_2,PD_3': inf, 'PD_2,PD_4': inf, 'PD_3,PD_4': inf}
  Computing metrics...
    RSI: {'PD_1,PD_2': 0.0, 'PD_1,PD_3': 0.0, 'PD_1,PD_4': 0.0, 'PD_2,PD_3': 0.0, 'PD_2,PD_4': 0.0, 'PD_3,PD_4': 1.0}, ASR: 1.25, TCB: {'PD_1': ['PD_3', 'PD_2'], 'PD_2': ['PD_4'], 'PD_3': ['PD_4'], 'PD_4': ['PD_3']}, FR: {'PD_1,PD_2': 3, 'PD_1,PD_3': inf, 'PD_1,PD_4': inf, 'PD_2,PD_3': inf, 'PD_2,PD_4': inf, 'PD_3,PD_4': inf}
  Computing metrics...
    RSI: {'PD_1,PD_2': 0.0, 'PD_1,PD_3': 0.0, 'PD_1,PD_4': 0.0, 'PD_2,PD_3': 0.0, 'PD_2,PD_4': 0.0, 'PD_3,PD_4': 1.0}, ASR: 1.0, TCB: {'PD_1': ['PD_3'], 'PD_2': ['PD_4'], 'PD_3': ['PD_4'], 'PD_4': ['PD_3']}, FR: {'PD_1,PD_2': inf, 'PD_1,PD_3': inf, 'PD_1,PD_4': inf, 'PD_2,PD_3': inf, 'PD_2,PD_4': inf, 'PD_3,PD_4': inf}
  Computing metrics...
    RSI: {'PD_1,PD_2': 0.0, 'PD_1,PD_3': 0.0, 'PD_1,PD_4': 0.0, 'PD_2,PD_3': 0.0, 'PD_2,PD_4': 0.0, 'PD_3,PD_4': 1.0}, ASR: 1.25, TCB: {'PD_1': ['PD_3', 'PD_4'], 'PD_2': ['PD_4'], 'PD_3': ['PD_4'], 'PD_4': ['PD_3']}, FR: {'PD_1,PD_2': 2, 'PD_1,PD_3': inf, 'PD_1,PD_4': inf, 'PD_2,PD_3': inf, 'PD_2,PD_4': inf, 'PD_3,PD_4': inf}
  Computing metrics...
    RSI: {'PD_1,PD_2': 0.0, 'PD_1,PD_3': 0.0, 'PD_1,PD_4': 0.0, 'PD_2,PD_3': 0.0, 'PD_2,PD_4': 0.0, 'PD_3,PD_4': 1.0}, ASR: 1.0, TCB: {'PD_1': ['PD_3'], 'PD_2': ['PD_4'], 'PD_3': ['PD_4'], 'PD_4': ['PD_3']}, FR: {'PD_1,PD_2': inf, 'PD_1,PD_3': inf, 'PD_1,PD_4': inf, 'PD_2,PD_3': inf, 'PD_2,PD_4': inf, 'PD_3,PD_4': inf}
  Computing metrics...
    RSI: {'PD_1,PD_2': 0.0, 'PD_1,PD_3': 0.0, 'PD_1,PD_4': 0.0, 'PD_2,PD_3': 0.0, 'PD_2,PD_4': 0.0, 'PD_3,PD_4': 1.0}, ASR: 1.25, TCB: {'PD_1': ['PD_3'], 'PD_2': ['PD_4', 'PD_1'], 'PD_3': ['PD_4'], 'PD_4': ['PD_3']}, FR: {'PD_1,PD_2': 3, 'PD_1,PD_3': inf, 'PD_1,PD_4': inf, 'PD_2,PD_3': inf, 'PD_2,PD_4': inf, 'PD_3,PD_4': inf}
  Computing metrics...
    RSI: {'PD_1,PD_2': 0.0, 'PD_1,PD_3': 0.0, 'PD_1,PD_4': 0.0, 'PD_2,PD_3': 0.0, 'PD_2,PD_4': 0.0, 'PD_3,PD_4': 1.0}, ASR: 1.0, TCB: {'PD_1': ['PD_3'], 'PD_2': ['PD_4'], 'PD_3': ['PD_4'], 'PD_4': ['PD_3']}, FR: {'PD_1,PD_2': inf, 'PD_1,PD_3': inf, 'PD_1,PD_4': inf, 'PD_2,PD_3': inf, 'PD_2,PD_4': inf, 'PD_3,PD_4': inf}
  Computing metrics...
    RSI: {'PD_1,PD_2': 0.0, 'PD_1,PD_3': 0.0, 'PD_1,PD_4': 0.0, 'PD_2,PD_3': 0.0, 'PD_2,PD_4': 0.0, 'PD_3,PD_4': 1.0}, ASR: 1.25, TCB: {'PD_1': ['PD_3'], 'PD_2': ['PD_4', 'PD_3'], 'PD_3': ['PD_4'], 'PD_4': ['PD_3']}, FR: {'PD_1,PD_2': 2, 'PD_1,PD_3': inf, 'PD_1,PD_4': inf, 'PD_2,PD_3': inf, 'PD_2,PD_4': inf, 'PD_3,PD_4': inf}
  Computing metrics...
    RSI: {'PD_1,PD_2': 0.0, 'PD_1,PD_3': 0.0, 'PD_1,PD_4': 0.0, 'PD_2,PD_3': 0.0, 'PD_2,PD_4': 0.0, 'PD_3,PD_4': 1.0}, ASR: 1.0, TCB: {'PD_1': ['PD_3'], 'PD_2': ['PD_4'], 'PD_3': ['PD_4'], 'PD_4': ['PD_3']}, FR: {'PD_1,PD_2': inf, 'PD_1,PD_3': inf, 'PD_1,PD_4': inf, 'PD_2,PD_3': inf, 'PD_2,PD_4': inf, 'PD_3,PD_4': inf}
  Computing metrics...
    RSI: {'PD_1,PD_2': 0.0, 'PD_1,PD_3': 0.0, 'PD_1,PD_4': 0.0, 'PD_2,PD_3': 0.0, 'PD_2,PD_4': 0.0, 'PD_3,PD_4': 1.0}, ASR: 1.25, TCB: {'PD_1': ['PD_3'], 'PD_2': ['PD_4'], 'PD_3': ['PD_1', 'PD_4'], 'PD_4': ['PD_3']}, FR: {'PD_1,PD_2': inf, 'PD_1,PD_3': inf, 'PD_1,PD_4': inf, 'PD_2,PD_3': inf, 'PD_2,PD_4': inf, 'PD_3,PD_4': inf}
  Computing metrics...
    RSI: {'PD_1,PD_2': 0.0, 'PD_1,PD_3': 0.0, 'PD_1,PD_4': 0.0, 'PD_2,PD_3': 0.0, 'PD_2,PD_4': 0.0, 'PD_3,PD_4': 1.0}, ASR: 1.0, TCB: {'PD_1': ['PD_3'], 'PD_2': ['PD_4'], 'PD_3': ['PD_4'], 'PD_4': ['PD_3']}, FR: {'PD_1,PD_2': inf, 'PD_1,PD_3': inf, 'PD_1,PD_4': inf, 'PD_2,PD_3': inf, 'PD_2,PD_4': inf, 'PD_3,PD_4': inf}
  Computing metrics...
    RSI: {'PD_1,PD_2': 0.0, 'PD_1,PD_3': 0.0, 'PD_1,PD_4': 0.0, 'PD_2,PD_3': 0.0, 'PD_2,PD_4': 0.0, 'PD_3,PD_4': 1.0}, ASR: 1.25, TCB: {'PD_1': ['PD_3'], 'PD_2': ['PD_4'], 'PD_3': ['PD_2', 'PD_4'], 'PD_4': ['PD_3']}, FR: {'PD_1,PD_2': 4, 'PD_1,PD_3': 3, 'PD_1,PD_4': inf, 'PD_2,PD_3': 3, 'PD_2,PD_4': inf, 'PD_3,PD_4': inf}
  Computing metrics...
    RSI: {'PD_1,PD_2': 0.0, 'PD_1,PD_3': 0.0, 'PD_1,PD_4': 0.0, 'PD_2,PD_3': 0.0, 'PD_2,PD_4': 0.0, 'PD_3,PD_4': 1.0}, ASR: 1.0, TCB: {'PD_1': ['PD_3'], 'PD_2': ['PD_4'], 'PD_3': ['PD_4'], 'PD_4': ['PD_3']}, FR: {'PD_1,PD_2': inf, 'PD_1,PD_3': inf, 'PD_1,PD_4': inf, 'PD_2,PD_3': inf, 'PD_2,PD_4': inf, 'PD_3,PD_4': inf}
  Computing metrics...
    RSI: {'PD_1,PD_2': 0.0, 'PD_1,PD_3': 0.0, 'PD_1,PD_4': 0.0, 'PD_2,PD_3': 0.0, 'PD_2,PD_4': 0.0, 'PD_3,PD_4': 1.0}, ASR: 1.25, TCB: {'PD_1': ['PD_3'], 'PD_2': ['PD_4'], 'PD_3': ['PD_4'], 'PD_4': ['PD_3']}, FR: {'PD_1,PD_2': 3, 'PD_1,PD_3': 3, 'PD_1,PD_4': inf, 'PD_2,PD_3': 2, 'PD_2,PD_4': inf, 'PD_3,PD_4': inf}
  Computing metrics...
    RSI: {'PD_1,PD_2': 0.0, 'PD_1,PD_3': 0.0, 'PD_1,PD_4': 0.0, 'PD_2,PD_3': 0.0, 'PD_2,PD_4': 0.0, 'PD_3,PD_4': 1.0}, ASR: 1.0, TCB: {'PD_1': ['PD_3'], 'PD_2': ['PD_4'], 'PD_3': ['PD_4'], 'PD_4': ['PD_3']}, FR: {'PD_1,PD_2': inf, 'PD_1,PD_3': inf, 'PD_1,PD_4': inf, 'PD_2,PD_3': inf, 'PD_2,PD_4': inf, 'PD_3,PD_4': inf}
  Computing metrics...
    RSI: {'PD_1,PD_2': 0.0, 'PD_1,PD_3': 0.0, 'PD_1,PD_4': 0.0, 'PD_2,PD_3': 0.0, 'PD_2,PD_4': 0.0, 'PD_3,PD_4': 1.0}, ASR: 1.25, TCB: {'PD_1': ['PD_3'], 'PD_2': ['PD_4'], 'PD_3': ['PD_4'], 'PD_4': ['PD_1', 'PD_3']}, FR: {'PD_1,PD_2': 4, 'PD_1,PD_3': inf, 'PD_1,PD_4': 3, 'PD_2,PD_3': inf, 'PD_2,PD_4': 3, 'PD_3,PD_4': inf}
  Computing metrics...
    RSI: {'PD_1,PD_2': 0.0, 'PD_1,PD_3': 0.0, 'PD_1,PD_4': 0.0, 'PD_2,PD_3': 0.0, 'PD_2,PD_4': 0.0, 'PD_3,PD_4': 1.0}, ASR: 1.0, TCB: {'PD_1': ['PD_3'], 'PD_2': ['PD_4'], 'PD_3': ['PD_4'], 'PD_4': ['PD_3']}, FR: {'PD_1,PD_2': inf, 'PD_1,PD_3': inf, 'PD_1,PD_4': inf, 'PD_2,PD_3': inf, 'PD_2,PD_4': inf, 'PD_3,PD_4': inf}
  Computing metrics...
    RSI: {'PD_1,PD_2': 0.0, 'PD_1,PD_3': 0.0, 'PD_1,PD_4': 0.0, 'PD_2,PD_3': 0.0, 'PD_2,PD_4': 0.0, 'PD_3,PD_4': 1.0}, ASR: 1.25, TCB: {'PD_1': ['PD_3'], 'PD_2': ['PD_4'], 'PD_3': ['PD_4'], 'PD_4': ['PD_2', 'PD_3']}, FR: {'PD_1,PD_2': inf, 'PD_1,PD_3': inf, 'PD_1,PD_4': inf, 'PD_2,PD_3': inf, 'PD_2,PD_4': inf, 'PD_3,PD_4': inf}
  Computing metrics...
    RSI: {'PD_1,PD_2': 0.0, 'PD_1,PD_3': 0.0, 'PD_1,PD_4': 0.0, 'PD_2,PD_3': 0.0, 'PD_2,PD_4': 0.0, 'PD_3,PD_4': 1.0}, ASR: 1.0, TCB: {'PD_1': ['PD_3'], 'PD_2': ['PD_4'], 'PD_3': ['PD_4'], 'PD_4': ['PD_3']}, FR: {'PD_1,PD_2': inf, 'PD_1,PD_3': inf, 'PD_1,PD_4': inf, 'PD_2,PD_3': inf, 'PD_2,PD_4': inf, 'PD_3,PD_4': inf}
  Computing metrics...
    RSI: {'PD_1,PD_2': 0.0, 'PD_1,PD_3': 0.0, 'PD_1,PD_4': 0.0, 'PD_2,PD_3': 0.0, 'PD_2,PD_4': 0.0, 'PD_3,PD_4': 1.0}, ASR: 1.25, TCB: {'PD_1': ['PD_3'], 'PD_2': ['PD_4'], 'PD_3': ['PD_4'], 'PD_4': ['PD_3']}, FR: {'PD_1,PD_2': 3, 'PD_1,PD_3': inf, 'PD_1,PD_4': 2, 'PD_2,PD_3': inf, 'PD_2,PD_4': 3, 'PD_3,PD_4': inf}
  Computing metrics...
    RSI: {'PD_1,PD_2': 0.0, 'PD_1,PD_3': 0.0, 'PD_1,PD_4': 0.0, 'PD_2,PD_3': 0.0, 'PD_2,PD_4': 0.0, 'PD_3,PD_4': 1.0}, ASR: 1.0, TCB: {'PD_1': ['PD_3'], 'PD_2': ['PD_4'], 'PD_3': ['PD_4'], 'PD_4': ['PD_3']}, FR: {'PD_1,PD_2': inf, 'PD_1,PD_3': inf, 'PD_1,PD_4': inf, 'PD_2,PD_3': inf, 'PD_2,PD_4': inf, 'PD_3,PD_4': inf}
  Computing metrics...
    RSI: {'PD_1,PD_2': 0.0, 'PD_1,PD_3': 0.0, 'PD_1,PD_4': 0.0, 'PD_2,PD_3': 0.0, 'PD_2,PD_4': 0.0, 'PD_3,PD_4': 1.0}, ASR: 1.0, TCB: {'PD_1': ['PD_3'], 'PD_2': ['PD_4'], 'PD_3': ['PD_4'], 'PD_4': ['PD_3']}, FR: {'PD_1,PD_2': inf, 'PD_1,PD_3': inf, 'PD_1,PD_4': inf, 'PD_2,PD_3': inf, 'PD_2,PD_4': inf, 'PD_3,PD_4': inf}
  Computing metrics...
    RSI: {'PD_1,PD_2': 0.0, 'PD_1,PD_3': 0.0, 'PD_1,PD_4': 0.0, 'PD_2,PD_3': 0.0, 'PD_2,PD_4': 0.0, 'PD_3,PD_4': 1.0}, ASR: 1.0, TCB: {'PD_1': ['PD_3'], 'PD_2': ['PD_4'], 'PD_3': ['PD_4'], 'PD_4': ['PD_3']}, FR: {'PD_1,PD_2': inf, 'PD_1,PD_3': inf, 'PD_1,PD_4': inf, 'PD_2,PD_3': inf, 'PD_2,PD_4': inf, 'PD_3,PD_4': inf}
  Computing metrics...
    RSI: {'PD_1,PD_2': 0.0, 'PD_1,PD_3': 0.0, 'PD_1,PD_4': 0.0, 'PD_2,PD_3': 0.0, 'PD_2,PD_4': 0.0, 'PD_3,PD_4': 1.0}, ASR: 1.0, TCB: {'PD_1': ['PD_3'], 'PD_2': ['PD_4'], 'PD_3': ['PD_4'], 'PD_4': ['PD_3']}, FR: {'PD_1,PD_2': inf, 'PD_1,PD_3': inf, 'PD_1,PD_4': inf, 'PD_2,PD_3': inf, 'PD_2,PD_4': inf, 'PD_3,PD_4': inf}
  Computing metrics...
    RSI: {'PD_1,PD_2': 0.0, 'PD_1,PD_3': 0.0, 'PD_1,PD_4': 0.0, 'PD_2,PD_3': 0.0, 'PD_2,PD_4': 0.0, 'PD_3,PD_4': 1.0}, ASR: 1.0, TCB: {'PD_1': ['PD_3'], 'PD_2': ['PD_4'], 'PD_3': ['PD_4'], 'PD_4': ['PD_3']}, FR: {'PD_1,PD_2': inf, 'PD_1,PD_3': inf, 'PD_1,PD_4': inf, 'PD_2,PD_3': inf, 'PD_2,PD_4': inf, 'PD_3,PD_4': inf}
  Computing metrics...
    RSI: {'PD_1,PD_2': 0.0, 'PD_1,PD_3': 0.0, 'PD_1,PD_4': 0.0, 'PD_2,PD_3': 0.0, 'PD_2,PD_4': 0.0, 'PD_3,PD_4': 1.0}, ASR: 1.0, TCB: {'PD_1': ['PD_3'], 'PD_2': ['PD_4'], 'PD_3': ['PD_4'], 'PD_4': ['PD_3']}, FR: {'PD_1,PD_2': inf, 'PD_1,PD_3': inf, 'PD_1,PD_4': inf, 'PD_2,PD_3': inf, 'PD_2,PD_4': inf, 'PD_3,PD_4': inf}
  Computing metrics...
    RSI: {'PD_1,PD_2': 0.0, 'PD_1,PD_3': 0.0, 'PD_1,PD_4': 0.0, 'PD_2,PD_3': 0.0, 'PD_2,PD_4': 0.0, 'PD_3,PD_4': 1.0}, ASR: 1.0, TCB: {'PD_1': ['PD_3'], 'PD_2': ['PD_4'], 'PD_3': ['PD_4'], 'PD_4': ['PD_3']}, FR: {'PD_1,PD_2': inf, 'PD_1,PD_3': inf, 'PD_1,PD_4': inf, 'PD_2,PD_3': inf, 'PD_2,PD_4': inf, 'PD_3,PD_4': inf}
  Computing metrics...
    RSI: {'PD_1,PD_2': 0.0, 'PD_1,PD_3': 0.0, 'PD_1,PD_4': 0.0, 'PD_2,PD_3': 0.0, 'PD_2,PD_4': 0.0, 'PD_3,PD_4': 1.0}, ASR: 1.0, TCB: {'PD_1': ['PD_3'], 'PD_2': ['PD_4'], 'PD_3': ['PD_4'], 'PD_4': ['PD_3']}, FR: {'PD_1,PD_2': inf, 'PD_1,PD_3': inf, 'PD_1,PD_4': inf, 'PD_2,PD_3': inf, 'PD_2,PD_4': inf, 'PD_3,PD_4': inf}
  Computing metrics...
    RSI: {'PD_1,PD_2': 0.0, 'PD_1,PD_3': 0.0, 'PD_1,PD_4': 0.0, 'PD_2,PD_3': 0.0, 'PD_2,PD_4': 0.0, 'PD_3,PD_4': 1.0}, ASR: 1.0, TCB: {'PD_1': ['PD_3'], 'PD_2': ['PD_4'], 'PD_3': ['PD_4'], 'PD_4': ['PD_3']}, FR: {'PD_1,PD_2': inf, 'PD_1,PD_3': inf, 'PD_1,PD_4': inf, 'PD_2,PD_3': inf, 'PD_2,PD_4': inf, 'PD_3,PD_4': inf}
  Computing metrics...
    RSI: {'PD_1,PD_2': 0.0, 'PD_1,PD_3': 0.0, 'PD_1,PD_4': 0.0, 'PD_2,PD_3': 0.0, 'PD_2,PD_4': 0.0, 'PD_3,PD_4': 1.0}, ASR: 1.0, TCB: {'PD_1': ['PD_3'], 'PD_2': ['PD_4'], 'PD_3': ['PD_4'], 'PD_4': ['PD_3']}, FR: {'PD_1,PD_2': inf, 'PD_1,PD_3': inf, 'PD_1,PD_4': inf, 'PD_2,PD_3': inf, 'PD_2,PD_4': inf, 'PD_3,PD_4': inf}
  Computing metrics...
    RSI: {'PD_1,PD_2': 0.0, 'PD_1,PD_3': 0.0, 'PD_1,PD_4': 0.0, 'PD_2,PD_3': 0.0, 'PD_2,PD_4': 0.0, 'PD_3,PD_4': 1.0}, ASR: 1.0, TCB: {'PD_1': ['PD_3'], 'PD_2': ['PD_4'], 'PD_3': ['PD_4'], 'PD_4': ['PD_3']}, FR: {'PD_1,PD_2': inf, 'PD_1,PD_3': inf, 'PD_1,PD_4': inf, 'PD_2,PD_3': inf, 'PD_2,PD_4': inf, 'PD_3,PD_4': inf}
  Computing metrics...
    RSI: {'PD_1,PD_2': 0.0, 'PD_1,PD_3': 0.0, 'PD_1,PD_4': 0.0, 'PD_2,PD_3': 0.0, 'PD_2,PD_4': 0.0, 'PD_3,PD_4': 1.0}, ASR: 1.0, TCB: {'PD_1': ['PD_3'], 'PD_2': ['PD_4'], 'PD_3': ['PD_4'], 'PD_4': ['PD_3']}, FR: {'PD_1,PD_2': inf, 'PD_1,PD_3': inf, 'PD_1,PD_4': inf, 'PD_2,PD_3': inf, 'PD_2,PD_4': inf, 'PD_3,PD_4': inf}
  Computing metrics...
    RSI: {'PD_1,PD_2': 0.0, 'PD_1,PD_3': 0.0, 'PD_1,PD_4': 0.0, 'PD_2,PD_3': 0.0, 'PD_2,PD_4': 0.0, 'PD_3,PD_4': 1.0}, ASR: 1.0, TCB: {'PD_1': ['PD_3'], 'PD_2': ['PD_4'], 'PD_3': ['PD_4'], 'PD_4': ['PD_3']}, FR: {'PD_1,PD_2': inf, 'PD_1,PD_3': inf, 'PD_1,PD_4': inf, 'PD_2,PD_3': inf, 'PD_2,PD_4': inf, 'PD_3,PD_4': inf}
  Computing metrics...
    RSI: {'PD_1,PD_2': 0.0, 'PD_1,PD_3': 0.0, 'PD_1,PD_4': 0.0, 'PD_2,PD_3': 0.0, 'PD_2,PD_4': 0.0, 'PD_3,PD_4': 1.0}, ASR: 1.0, TCB: {'PD_1': ['PD_3'], 'PD_2': ['PD_4'], 'PD_3': ['PD_4'], 'PD_4': ['PD_3']}, FR: {'PD_1,PD_2': inf, 'PD_1,PD_3': inf, 'PD_1,PD_4': inf, 'PD_2,PD_3': inf, 'PD_2,PD_4': inf, 'PD_3,PD_4': inf}
  Computing metrics...
    RSI: {'PD_1,PD_2': 0.0, 'PD_1,PD_3': 0.0, 'PD_1,PD_4': 0.0, 'PD_2,PD_3': 0.0, 'PD_2,PD_4': 0.0, 'PD_3,PD_4': 1.0}, ASR: 1.0, TCB: {'PD_1': ['PD_3'], 'PD_2': ['PD_4'], 'PD_3': ['PD_4'], 'PD_4': ['PD_3']}, FR: {'PD_1,PD_2': inf, 'PD_1,PD_3': inf, 'PD_1,PD_4': inf, 'PD_2,PD_3': inf, 'PD_2,PD_4': inf, 'PD_3,PD_4': inf}
  Computing metrics...
    RSI: {'PD_1,PD_2': 0.0, 'PD_1,PD_3': 0.0, 'PD_1,PD_4': 0.0, 'PD_2,PD_3': 0.0, 'PD_2,PD_4': 0.0, 'PD_3,PD_4': 1.0}, ASR: 1.0, TCB: {'PD_1': ['PD_3'], 'PD_2': ['PD_4'], 'PD_3': ['PD_4'], 'PD_4': ['PD_3']}, FR: {'PD_1,PD_2': inf, 'PD_1,PD_3': inf, 'PD_1,PD_4': inf, 'PD_2,PD_3': inf, 'PD_2,PD_4': inf, 'PD_3,PD_4': inf}
  Computing metrics...
    RSI: {'PD_1,PD_2': 0.0, 'PD_1,PD_3': 0.0, 'PD_1,PD_4': 0.0, 'PD_2,PD_3': 0.0, 'PD_2,PD_4': 0.0, 'PD_3,PD_4': 1.0}, ASR: 1.0, TCB: {'PD_1': ['PD_3'], 'PD_2': ['PD_4'], 'PD_3': ['PD_4'], 'PD_4': ['PD_3']}, FR: {'PD_1,PD_2': inf, 'PD_1,PD_3': inf, 'PD_1,PD_4': inf, 'PD_2,PD_3': inf, 'PD_2,PD_4': inf, 'PD_3,PD_4': inf}
  Computing metrics...
    RSI: {'PD_1,PD_2': 0.0, 'PD_1,PD_3': 0.0, 'PD_1,PD_4': 0.0, 'PD_2,PD_3': 0.0, 'PD_2,PD_4': 0.0, 'PD_3,PD_4': 1.0}, ASR: 1.0, TCB: {'PD_1': ['PD_3'], 'PD_2': ['PD_4'], 'PD_3': ['PD_4'], 'PD_4': ['PD_3']}, FR: {'PD_1,PD_2': inf, 'PD_1,PD_3': inf, 'PD_1,PD_4': inf, 'PD_2,PD_3': inf, 'PD_2,PD_4': inf, 'PD_3,PD_4': inf}
  Computing metrics...
    RSI: {'PD_1,PD_2': 0.0, 'PD_1,PD_3': 0.0, 'PD_1,PD_4': 0.0, 'PD_2,PD_3': 0.0, 'PD_2,PD_4': 0.0, 'PD_3,PD_4': 1.0}, ASR: 1.0, TCB: {'PD_1': ['PD_3'], 'PD_2': ['PD_4'], 'PD_3': ['PD_4'], 'PD_4': ['PD_3']}, FR: {'PD_1,PD_2': inf, 'PD_1,PD_3': inf, 'PD_1,PD_4': inf, 'PD_2,PD_3': inf, 'PD_2,PD_4': inf, 'PD_3,PD_4': inf}
  Computing metrics...
    RSI: {'PD_1,PD_2': 0.0, 'PD_1,PD_3': 0.0, 'PD_1,PD_4': 0.0, 'PD_2,PD_3': 0.0, 'PD_2,PD_4': 0.0, 'PD_3,PD_4': 1.0}, ASR: 1.0, TCB: {'PD_1': ['PD_3'], 'PD_2': ['PD_4'], 'PD_3': ['PD_4'], 'PD_4': ['PD_3']}, FR: {'PD_1,PD_2': inf, 'PD_1,PD_3': inf, 'PD_1,PD_4': inf, 'PD_2,PD_3': inf, 'PD_2,PD_4': inf, 'PD_3,PD_4': inf}
  🚫 Filtered out 0 'add_file_resource(create new CONFIG file in FILE_SPACE_1)' candidates (avoiding repetition)
  Trying best transition: primitive
    Target: add new protection domain to help resolve 2 constraint violation(s)
    Predicted improvement: 0.100
    Considered 66 other option(s):
      1. primitive: create new CONFIG file in FILE_SPACE_1 (improvement: 0.700)
      2. primitive: create new DATABASE file in FILE_SPACE_1 (improvement: 0.700)
      3. primitive: create new TEMP file in FILE_SPACE_1 (improvement: 0.700)
      4. primitive: create new LOG file in FILE_SPACE_1 (improvement: 0.700)
      5. primitive: add authority relationship: PD_1 -> PD_2 (improvement: 0.250)
      6. primitive: enable indirect access: PD_1 -> PD_4 (improvement: 0.250)
      7. primitive: add authority relationship: PD_2 -> PD_1 (improvement: 0.250)
      8. primitive: enable indirect access: PD_2 -> PD_3 (improvement: 0.250)
      9. primitive: add authority relationship: PD_3 -> PD_1 (improvement: 0.250)
      10. primitive: add authority relationship: PD_3 -> PD_2 (improvement: 0.250)
      ... and 56 more
    ✅ Applied add_pd
  📋 Generated 67 candidate(s)
  Computing metrics...
    RSI: {'PD_1,PD_2': 0.0, 'PD_1,PD_3': 0.0, 'PD_1,PD_4': 0.0, 'PD_2,PD_3': 0.0, 'PD_2,PD_4': 0.0, 'PD_3,PD_4': 1.0}, ASR: 1.0, TCB: {'PD_1': ['PD_3'], 'PD_2': ['PD_4'], 'PD_3': ['PD_4'], 'PD_4': ['PD_3']}, FR: {'PD_1,PD_2': inf, 'PD_1,PD_3': inf, 'PD_1,PD_4': inf, 'PD_2,PD_3': inf, 'PD_2,PD_4': inf, 'PD_3,PD_4': inf}
    ✅ Added candidate: add_file_resource (score: 0.700)
  Computing metrics...
    RSI: {'PD_1,PD_2': 0.0, 'PD_1,PD_3': 0.0, 'PD_1,PD_4': 0.0, 'PD_2,PD_3': 0.0, 'PD_2,PD_4': 0.0, 'PD_3,PD_4': 1.0}, ASR: 1.0, TCB: {'PD_1': ['PD_3'], 'PD_2': ['PD_4'], 'PD_3': ['PD_4'], 'PD_4': ['PD_3']}, FR: {'PD_1,PD_2': inf, 'PD_1,PD_3': inf, 'PD_1,PD_4': inf, 'PD_2,PD_3': inf, 'PD_2,PD_4': inf, 'PD_3,PD_4': inf}
    ✅ Added candidate: add_file_resource (score: 0.700)

📊 Next beam (3 states):
  Beam[0]: BeamState(iter=8, score=0.700, path=add_file_resource(create new CONFIG file in FILE_SPACE_1) → add_file_resource(create new CONFIG file in FILE_SPACE_1) → add_file_resource(create new CONFIG file in FILE_SPACE_1))
  Beam[1]: BeamState(iter=8, score=0.700, path=add_file_resource(create new CONFIG file in FILE_SPACE_1) → add_file_resource(create new CONFIG file in FILE_SPACE_1) → add_file_resource(create new DATABASE file in FILE_SPACE_1))
  Beam[2]: BeamState(iter=8, score=0.700, path=add_file_resource(create new CONFIG file in FILE_SPACE_1) → add_file_resource(create new DATABASE file in FILE_SPACE_1) → add_file_resource(create new CONFIG file in FILE_SPACE_1))
💡 Total candidates generated: 6
🎯 Mechanisms discovered so far: 0

🏁 Beam search complete!
🎯 Total mechanisms discovered: 0

📊 Final beam states:
  Final[0]: BeamState(iter=8, score=0.700, path=add_file_resource(create new CONFIG file in FILE_SPACE_1) → add_file_resource(create new CONFIG file in FILE_SPACE_1) → add_file_resource(create new CONFIG file in FILE_SPACE_1))
    Path: add_file_resource(create new CONFIG file in FILE_SPACE_1) → add_file_resource(create new CONFIG file in FILE_SPACE_1) → add_file_resource(create new CONFIG file in FILE_SPACE_1) → add_file_resource(create new CONFIG file in FILE_SPACE_1) → add_file_resource(create new CONFIG file in FILE_SPACE_1) → add_file_resource(create new CONFIG file in FILE_SPACE_1) → add_file_resource(create new CONFIG file in FILE_SPACE_1) → add_file_resource(create new CONFIG file in FILE_SPACE_1)
  Final[1]: BeamState(iter=8, score=0.700, path=add_file_resource(create new CONFIG file in FILE_SPACE_1) → add_file_resource(create new CONFIG file in FILE_SPACE_1) → add_file_resource(create new DATABASE file in FILE_SPACE_1))
    Path: add_file_resource(create new CONFIG file in FILE_SPACE_1) → add_file_resource(create new CONFIG file in FILE_SPACE_1) → add_file_resource(create new CONFIG file in FILE_SPACE_1) → add_file_resource(create new CONFIG file in FILE_SPACE_1) → add_file_resource(create new CONFIG file in FILE_SPACE_1) → add_file_resource(create new CONFIG file in FILE_SPACE_1) → add_file_resource(create new CONFIG file in FILE_SPACE_1) → add_file_resource(create new DATABASE file in FILE_SPACE_1)
  Final[2]: BeamState(iter=8, score=0.700, path=add_file_resource(create new CONFIG file in FILE_SPACE_1) → add_file_resource(create new DATABASE file in FILE_SPACE_1) → add_file_resource(create new CONFIG file in FILE_SPACE_1))
    Path: add_file_resource(create new CONFIG file in FILE_SPACE_1) → add_file_resource(create new CONFIG file in FILE_SPACE_1) → add_file_resource(create new CONFIG file in FILE_SPACE_1) → add_file_resource(create new CONFIG file in FILE_SPACE_1) → add_file_resource(create new CONFIG file in FILE_SPACE_1) → add_file_resource(create new CONFIG file in FILE_SPACE_1) → add_file_resource(create new DATABASE file in FILE_SPACE_1) → add_file_resource(create new CONFIG file in FILE_SPACE_1)

✅ Scenario 'Reduce Isolation' complete!
   Mechanisms discovered: 0

✅ Exploration complete!
