🔍 Verbose mode enabled - detailed exploration tracking
📊 Using 8 maximum iterations per scenario

🎯 Running scenario: basic_sharing_primitive
✓ Validated 4 constraints in scenario 'Basic Resource Sharing (True Primitives Only)'
🎯 Running scenario: Basic Resource Sharing (True Primitives Only)
   Description: Same simplified scenario as basic_sharing (1 private file + 1 shared file per PD) but using only true graph primitives
   Goals (3): ['Goal(minimize RSI[PD_1,PD_2] to 0.3)', 'Goal(minimize TCB[PD_1] to 0)', 'Goal(minimize ASR to 1.0)']
   Constraints (4): ["Constraint(requires_file_access for PD_1: FILE, {'file_type': 'CONFIG', 'min_size_kb': 1})", "Constraint(requires_file_access for PD_2: FILE, {'file_type': 'DATABASE', 'min_size_kb': 1})", "Constraint(requires_file_access for PD_1: FILE, {'file_type': 'TEMP', 'min_size_kb': 1})", "Constraint(requires_file_access for PD_2: FILE, {'file_type': 'TEMP', 'min_size_kb': 1})"]
   Transitions (12): ['Transition(add_pd: Create new Protection Domain)', 'Transition(remove_pd: Remove existing Protection Domain)', 'Transition(add_file_resource: Create new FILE resource)', 'Transition(remove_file_resource: Remove FILE resource)', 'Transition(add_resource_space: Create new resource space)', 'Transition(remove_resource_space: Remove resource space)', 'Transition(add_hold_edge: Create PD → Resource relationship)', 'Transition(remove_hold_edge: Remove PD → Resource relationship)', 'Transition(add_request_edge: Create PD → PD authority relationship)', 'Transition(remove_request_edge: Remove PD → PD authority relationship)', 'Transition(add_subset_edge: Create Resource → ResourceSpace relationship)', 'Transition(remove_subset_edge: Remove Resource → ResourceSpace relationship)']
   Starting Graph: 6 nodes, 7 edges

=== Graph Details ===
Node: PD_1 -> {'type': 'PD', 'data': 'user_process', 'extra': ''}
Node: PD_2 -> {'type': 'PD', 'data': 'database_server', 'extra': ''}
Node: FILE_SPACE_1 -> {'type': 'RESOURCE_SPACE', 'data': 'FILE', 'extra': ''}
Node: FILE_1_1 -> {'type': 'RESOURCE', 'data': 'FILE', 'extra': '{"path": "/etc/user.conf", "file_type": "CONFIG", "size_bytes": "4096", "permissions": "rw-"}'}
Node: FILE_1_2 -> {'type': 'RESOURCE', 'data': 'FILE', 'extra': '{"path": "/var/db/main.db", "file_type": "DATABASE", "size_bytes": "8192", "permissions": "rw-"}'}
Node: FILE_1_3 -> {'type': 'RESOURCE', 'data': 'FILE', 'extra': '{"path": "/tmp/shared_buffer.tmp", "file_type": "TEMP", "size_bytes": "2048", "permissions": "rw-"}'}

=== Ready for IsoSearch! ===

=== Exploring Basic Resource Sharing (True Primitives Only) ===
Starting exploration with 3 goals, 4 constraints, 12 transitions

📊 Initial graph:
        # Graph structure:
        # PD_1 --HOLD--> FILE_1_1 -> FILE_SPACE_1
        # PD_1 --HOLD--> FILE_1_3 -> FILE_SPACE_1
        # PD_2 --HOLD--> FILE_1_2 -> FILE_SPACE_1
        # PD_2 --HOLD--> FILE_1_3 -> FILE_SPACE_1
        #
        # FILE_1_3 shared by: PD_1, PD_2

Iteration 1/10
  Computing metrics...
    RSI: {'PD_1,PD_2': 0.3333333333333333}, ASR: 2.0, TCB: {'PD_1': ['PD_2'], 'PD_2': ['PD_1']}, FR: {'PD_1,PD_2': inf}
  Computing metrics...
    RSI: {'PD_1,PD_2': 0.3333333333333333, 'PD_1,PD_3': 0.0, 'PD_2,PD_3': 0.0}, ASR: 1.3333333333333333, TCB: {'PD_1': ['PD_2'], 'PD_2': ['PD_1'], 'PD_3': []}, FR: {'PD_1,PD_2': inf, 'PD_1,PD_3': inf, 'PD_2,PD_3': inf}
Warning: Failed to simulate operation add_pd: unsupported operand type(s) for -: 'list' and 'int'
  Computing metrics...
    RSI: {'PD_1,PD_2': 0.3333333333333333}, ASR: 2.0, TCB: {'PD_1': ['PD_2'], 'PD_2': ['PD_1']}, FR: {'PD_1,PD_2': inf}
  Computing metrics...
    RSI: {'PD_1,PD_2': 0.3333333333333333}, ASR: 2.0, TCB: {'PD_1': ['PD_2'], 'PD_2': ['PD_1']}, FR: {'PD_1,PD_2': inf}
Warning: Failed to simulate operation add_file_resource: unsupported operand type(s) for -: 'list' and 'int'
  Computing metrics...
    RSI: {'PD_1,PD_2': 0.3333333333333333}, ASR: 2.0, TCB: {'PD_1': ['PD_2'], 'PD_2': ['PD_1']}, FR: {'PD_1,PD_2': inf}
  Computing metrics...
    RSI: {'PD_1,PD_2': 0.3333333333333333}, ASR: 2.0, TCB: {'PD_1': ['PD_2'], 'PD_2': ['PD_1']}, FR: {'PD_1,PD_2': inf}
Warning: Failed to simulate operation add_file_resource: unsupported operand type(s) for -: 'list' and 'int'
  Computing metrics...
    RSI: {'PD_1,PD_2': 0.3333333333333333}, ASR: 2.0, TCB: {'PD_1': ['PD_2'], 'PD_2': ['PD_1']}, FR: {'PD_1,PD_2': inf}
  Computing metrics...
    RSI: {'PD_1,PD_2': 0.3333333333333333}, ASR: 2.0, TCB: {'PD_1': ['PD_2'], 'PD_2': ['PD_1']}, FR: {'PD_1,PD_2': inf}
Warning: Failed to simulate operation add_file_resource: unsupported operand type(s) for -: 'list' and 'int'
  Computing metrics...
    RSI: {'PD_1,PD_2': 0.3333333333333333}, ASR: 2.0, TCB: {'PD_1': ['PD_2'], 'PD_2': ['PD_1']}, FR: {'PD_1,PD_2': inf}
  Computing metrics...
    RSI: {'PD_1,PD_2': 0.3333333333333333}, ASR: 2.0, TCB: {'PD_1': ['PD_2'], 'PD_2': ['PD_1']}, FR: {'PD_1,PD_2': inf}
Warning: Failed to simulate operation add_file_resource: unsupported operand type(s) for -: 'list' and 'int'
  Computing metrics...
    RSI: {'PD_1,PD_2': 0.3333333333333333}, ASR: 2.0, TCB: {'PD_1': ['PD_2'], 'PD_2': ['PD_1']}, FR: {'PD_1,PD_2': inf}
  Computing metrics...
    RSI: {'PD_1,PD_2': 0.3333333333333333}, ASR: 2.0, TCB: {'PD_1': ['PD_2'], 'PD_2': ['PD_1']}, FR: {'PD_1,PD_2': inf}
Warning: Failed to simulate operation remove_file_resource: unsupported operand type(s) for -: 'list' and 'int'
  Computing metrics...
    RSI: {'PD_1,PD_2': 0.3333333333333333}, ASR: 2.0, TCB: {'PD_1': ['PD_2'], 'PD_2': ['PD_1']}, FR: {'PD_1,PD_2': inf}
  Computing metrics...
    RSI: {'PD_1,PD_2': 0.6666666666666666}, ASR: 2.5, TCB: {'PD_1': ['PD_2'], 'PD_2': ['PD_1']}, FR: {'PD_1,PD_2': inf}
Warning: Failed to simulate operation add_hold_edge: unsupported operand type(s) for -: 'list' and 'int'
  Computing metrics...
    RSI: {'PD_1,PD_2': 0.3333333333333333}, ASR: 2.0, TCB: {'PD_1': ['PD_2'], 'PD_2': ['PD_1']}, FR: {'PD_1,PD_2': inf}
  Computing metrics...
    RSI: {'PD_1,PD_2': 0.6666666666666666}, ASR: 2.5, TCB: {'PD_1': ['PD_2'], 'PD_2': ['PD_1']}, FR: {'PD_1,PD_2': inf}
Warning: Failed to simulate operation add_hold_edge: unsupported operand type(s) for -: 'list' and 'int'
  Computing metrics...
    RSI: {'PD_1,PD_2': 0.3333333333333333}, ASR: 2.0, TCB: {'PD_1': ['PD_2'], 'PD_2': ['PD_1']}, FR: {'PD_1,PD_2': inf}
  Computing metrics...
    RSI: {'PD_1,PD_2': 0.3333333333333333}, ASR: 2.5, TCB: {'PD_1': ['PD_2'], 'PD_2': ['PD_1']}, FR: {'PD_1,PD_2': inf}
Warning: Failed to simulate operation add_request_edge: unsupported operand type(s) for -: 'list' and 'int'
  Computing metrics...
    RSI: {'PD_1,PD_2': 0.3333333333333333}, ASR: 2.0, TCB: {'PD_1': ['PD_2'], 'PD_2': ['PD_1']}, FR: {'PD_1,PD_2': inf}
  Computing metrics...
    RSI: {'PD_1,PD_2': 0.3333333333333333}, ASR: 2.5, TCB: {'PD_1': ['PD_2'], 'PD_2': ['PD_1']}, FR: {'PD_1,PD_2': inf}
Warning: Failed to simulate operation add_request_edge: unsupported operand type(s) for -: 'list' and 'int'
  Computing metrics...
    RSI: {'PD_1,PD_2': 0.3333333333333333}, ASR: 2.0, TCB: {'PD_1': ['PD_2'], 'PD_2': ['PD_1']}, FR: {'PD_1,PD_2': inf}
  Computing metrics...
    RSI: {'PD_1,PD_2': 0.3333333333333333}, ASR: 2.0, TCB: {'PD_1': ['PD_2'], 'PD_2': ['PD_1']}, FR: {'PD_1,PD_2': inf}
Warning: Failed to simulate operation remove_subset_edge: unsupported operand type(s) for -: 'list' and 'int'
  Computing metrics...
    RSI: {'PD_1,PD_2': 0.3333333333333333}, ASR: 2.0, TCB: {'PD_1': ['PD_2'], 'PD_2': ['PD_1']}, FR: {'PD_1,PD_2': inf}
  Computing metrics...
    RSI: {'PD_1,PD_2': 0.3333333333333333}, ASR: 2.0, TCB: {'PD_1': ['PD_2'], 'PD_2': ['PD_1']}, FR: {'PD_1,PD_2': inf}
Warning: Failed to simulate operation remove_subset_edge: unsupported operand type(s) for -: 'list' and 'int'
  Computing metrics...
    RSI: {'PD_1,PD_2': 0.3333333333333333}, ASR: 2.0, TCB: {'PD_1': ['PD_2'], 'PD_2': ['PD_1']}, FR: {'PD_1,PD_2': inf}
  Computing metrics...
    RSI: {'PD_1,PD_2': 0.3333333333333333}, ASR: 2.0, TCB: {'PD_1': ['PD_2'], 'PD_2': ['PD_1']}, FR: {'PD_1,PD_2': inf}
Warning: Failed to simulate operation remove_subset_edge: unsupported operand type(s) for -: 'list' and 'int'
  Trying best transition: primitive
    Target: add new protection domain for system expansion
    Predicted improvement: 0.100
    Considered 12 other option(s):
      1. primitive: create new CONFIG file in FILE_SPACE_1 (improvement: 0.100)
      2. primitive: create new DATABASE file in FILE_SPACE_1 (improvement: 0.100)
      3. primitive: create new TEMP file in FILE_SPACE_1 (improvement: 0.100)
      4. primitive: create new LOG file in FILE_SPACE_1 (improvement: 0.100)
      5. primitive: remove FILE_1_3 (holders: 2) (improvement: 0.100)
      6. primitive: connect PD_1 to FILE_1_2 (improvement: 0.100)
      7. primitive: connect PD_2 to FILE_1_1 (improvement: 0.100)
      8. primitive: enable indirect access: PD_1 -> PD_2 (improvement: 0.100)
      9. primitive: enable indirect access: PD_2 -> PD_1 (improvement: 0.100)
      10. primitive: disconnect FILE_1_1 from FILE_SPACE_1 (improvement: 0.100)
      ... and 2 more
    ✅ Applied add_pd
  Computing metrics...
    RSI: {'PD_1,PD_2': 0.3333333333333333, 'PD_1,PD_3': 0.0, 'PD_2,PD_3': 0.0}, ASR: 1.3333333333333333, TCB: {'PD_1': ['PD_2'], 'PD_2': ['PD_1'], 'PD_3': []}, FR: {'PD_1,PD_2': inf, 'PD_1,PD_3': inf, 'PD_2,PD_3': inf}
    Goal not met: RSI[PD_1,PD_2]=0.333 > 0.3
    Goals not yet satisfied, continuing exploration
  ✅ Mechanism saved! Total mechanisms found: 1

📊 Graph after iteration 1:
        # Graph structure:
        # PD_1 --HOLD--> FILE_1_1 -> FILE_SPACE_1
        # PD_1 --HOLD--> FILE_1_3 -> FILE_SPACE_1
        # PD_2 --HOLD--> FILE_1_2 -> FILE_SPACE_1
        # PD_2 --HOLD--> FILE_1_3 -> FILE_SPACE_1
        # PD_3
        #
        # FILE_1_3 shared by: PD_1, PD_2


Iteration 2/10
  Computing metrics...
    RSI: {'PD_1,PD_2': 0.3333333333333333, 'PD_1,PD_3': 0.0, 'PD_2,PD_3': 0.0}, ASR: 1.3333333333333333, TCB: {'PD_1': ['PD_2'], 'PD_2': ['PD_1'], 'PD_3': []}, FR: {'PD_1,PD_2': inf, 'PD_1,PD_3': inf, 'PD_2,PD_3': inf}
  Computing metrics...
    RSI: {'PD_1,PD_2': 0.3333333333333333, 'PD_1,PD_3': 0.0, 'PD_1,PD_4': 0.0, 'PD_2,PD_3': 0.0, 'PD_2,PD_4': 0.0, 'PD_3,PD_4': 0.0}, ASR: 1.0, TCB: {'PD_1': ['PD_2'], 'PD_2': ['PD_1'], 'PD_3': [], 'PD_4': []}, FR: {'PD_1,PD_2': inf, 'PD_1,PD_3': inf, 'PD_1,PD_4': inf, 'PD_2,PD_3': inf, 'PD_2,PD_4': inf, 'PD_3,PD_4': inf}
Warning: Failed to simulate operation add_pd: unsupported operand type(s) for -: 'list' and 'int'
  Computing metrics...
    RSI: {'PD_1,PD_2': 0.3333333333333333, 'PD_1,PD_3': 0.0, 'PD_2,PD_3': 0.0}, ASR: 1.3333333333333333, TCB: {'PD_1': ['PD_2'], 'PD_2': ['PD_1'], 'PD_3': []}, FR: {'PD_1,PD_2': inf, 'PD_1,PD_3': inf, 'PD_2,PD_3': inf}
  Computing metrics...
    RSI: {'PD_1,PD_2': 0.3333333333333333, 'PD_1,PD_3': 0.0, 'PD_2,PD_3': 0.0}, ASR: 1.3333333333333333, TCB: {'PD_1': ['PD_2'], 'PD_2': ['PD_1'], 'PD_3': []}, FR: {'PD_1,PD_2': inf, 'PD_1,PD_3': inf, 'PD_2,PD_3': inf}
Warning: Failed to simulate operation remove_pd: unsupported operand type(s) for -: 'list' and 'int'
  Computing metrics...
    RSI: {'PD_1,PD_2': 0.3333333333333333, 'PD_1,PD_3': 0.0, 'PD_2,PD_3': 0.0}, ASR: 1.3333333333333333, TCB: {'PD_1': ['PD_2'], 'PD_2': ['PD_1'], 'PD_3': []}, FR: {'PD_1,PD_2': inf, 'PD_1,PD_3': inf, 'PD_2,PD_3': inf}
  Computing metrics...
    RSI: {'PD_1,PD_2': 0.3333333333333333, 'PD_1,PD_3': 0.0, 'PD_2,PD_3': 0.0}, ASR: 1.3333333333333333, TCB: {'PD_1': ['PD_2'], 'PD_2': ['PD_1'], 'PD_3': []}, FR: {'PD_1,PD_2': inf, 'PD_1,PD_3': inf, 'PD_2,PD_3': inf}
Warning: Failed to simulate operation add_file_resource: unsupported operand type(s) for -: 'list' and 'int'
  Computing metrics...
    RSI: {'PD_1,PD_2': 0.3333333333333333, 'PD_1,PD_3': 0.0, 'PD_2,PD_3': 0.0}, ASR: 1.3333333333333333, TCB: {'PD_1': ['PD_2'], 'PD_2': ['PD_1'], 'PD_3': []}, FR: {'PD_1,PD_2': inf, 'PD_1,PD_3': inf, 'PD_2,PD_3': inf}
  Computing metrics...
    RSI: {'PD_1,PD_2': 0.3333333333333333, 'PD_1,PD_3': 0.0, 'PD_2,PD_3': 0.0}, ASR: 1.3333333333333333, TCB: {'PD_1': ['PD_2'], 'PD_2': ['PD_1'], 'PD_3': []}, FR: {'PD_1,PD_2': inf, 'PD_1,PD_3': inf, 'PD_2,PD_3': inf}
Warning: Failed to simulate operation add_file_resource: unsupported operand type(s) for -: 'list' and 'int'
  Computing metrics...
    RSI: {'PD_1,PD_2': 0.3333333333333333, 'PD_1,PD_3': 0.0, 'PD_2,PD_3': 0.0}, ASR: 1.3333333333333333, TCB: {'PD_1': ['PD_2'], 'PD_2': ['PD_1'], 'PD_3': []}, FR: {'PD_1,PD_2': inf, 'PD_1,PD_3': inf, 'PD_2,PD_3': inf}
  Computing metrics...
    RSI: {'PD_1,PD_2': 0.3333333333333333, 'PD_1,PD_3': 0.0, 'PD_2,PD_3': 0.0}, ASR: 1.3333333333333333, TCB: {'PD_1': ['PD_2'], 'PD_2': ['PD_1'], 'PD_3': []}, FR: {'PD_1,PD_2': inf, 'PD_1,PD_3': inf, 'PD_2,PD_3': inf}
Warning: Failed to simulate operation add_file_resource: unsupported operand type(s) for -: 'list' and 'int'
  Computing metrics...
    RSI: {'PD_1,PD_2': 0.3333333333333333, 'PD_1,PD_3': 0.0, 'PD_2,PD_3': 0.0}, ASR: 1.3333333333333333, TCB: {'PD_1': ['PD_2'], 'PD_2': ['PD_1'], 'PD_3': []}, FR: {'PD_1,PD_2': inf, 'PD_1,PD_3': inf, 'PD_2,PD_3': inf}
  Computing metrics...
    RSI: {'PD_1,PD_2': 0.3333333333333333, 'PD_1,PD_3': 0.0, 'PD_2,PD_3': 0.0}, ASR: 1.3333333333333333, TCB: {'PD_1': ['PD_2'], 'PD_2': ['PD_1'], 'PD_3': []}, FR: {'PD_1,PD_2': inf, 'PD_1,PD_3': inf, 'PD_2,PD_3': inf}
Warning: Failed to simulate operation add_file_resource: unsupported operand type(s) for -: 'list' and 'int'
  Computing metrics...
    RSI: {'PD_1,PD_2': 0.3333333333333333, 'PD_1,PD_3': 0.0, 'PD_2,PD_3': 0.0}, ASR: 1.3333333333333333, TCB: {'PD_1': ['PD_2'], 'PD_2': ['PD_1'], 'PD_3': []}, FR: {'PD_1,PD_2': inf, 'PD_1,PD_3': inf, 'PD_2,PD_3': inf}
  Computing metrics...
    RSI: {'PD_1,PD_2': 0.3333333333333333, 'PD_1,PD_3': 0.0, 'PD_2,PD_3': 0.0}, ASR: 1.3333333333333333, TCB: {'PD_1': ['PD_2'], 'PD_2': ['PD_1'], 'PD_3': []}, FR: {'PD_1,PD_2': inf, 'PD_1,PD_3': inf, 'PD_2,PD_3': inf}
Warning: Failed to simulate operation remove_file_resource: unsupported operand type(s) for -: 'list' and 'int'
  Computing metrics...
    RSI: {'PD_1,PD_2': 0.3333333333333333, 'PD_1,PD_3': 0.0, 'PD_2,PD_3': 0.0}, ASR: 1.3333333333333333, TCB: {'PD_1': ['PD_2'], 'PD_2': ['PD_1'], 'PD_3': []}, FR: {'PD_1,PD_2': inf, 'PD_1,PD_3': inf, 'PD_2,PD_3': inf}
  Computing metrics...
    RSI: {'PD_1,PD_2': 0.6666666666666666, 'PD_1,PD_3': 0.0, 'PD_2,PD_3': 0.0}, ASR: 1.6666666666666667, TCB: {'PD_1': ['PD_2'], 'PD_2': ['PD_1'], 'PD_3': []}, FR: {'PD_1,PD_2': inf, 'PD_1,PD_3': inf, 'PD_2,PD_3': inf}
Warning: Failed to simulate operation add_hold_edge: unsupported operand type(s) for -: 'list' and 'int'
  Computing metrics...
    RSI: {'PD_1,PD_2': 0.3333333333333333, 'PD_1,PD_3': 0.0, 'PD_2,PD_3': 0.0}, ASR: 1.3333333333333333, TCB: {'PD_1': ['PD_2'], 'PD_2': ['PD_1'], 'PD_3': []}, FR: {'PD_1,PD_2': inf, 'PD_1,PD_3': inf, 'PD_2,PD_3': inf}
  Computing metrics...
    RSI: {'PD_1,PD_2': 0.6666666666666666, 'PD_1,PD_3': 0.0, 'PD_2,PD_3': 0.0}, ASR: 1.6666666666666667, TCB: {'PD_1': ['PD_2'], 'PD_2': ['PD_1'], 'PD_3': []}, FR: {'PD_1,PD_2': inf, 'PD_1,PD_3': inf, 'PD_2,PD_3': inf}
Warning: Failed to simulate operation add_hold_edge: unsupported operand type(s) for -: 'list' and 'int'
  Computing metrics...
    RSI: {'PD_1,PD_2': 0.3333333333333333, 'PD_1,PD_3': 0.0, 'PD_2,PD_3': 0.0}, ASR: 1.3333333333333333, TCB: {'PD_1': ['PD_2'], 'PD_2': ['PD_1'], 'PD_3': []}, FR: {'PD_1,PD_2': inf, 'PD_1,PD_3': inf, 'PD_2,PD_3': inf}
  Computing metrics...
    RSI: {'PD_1,PD_2': 0.3333333333333333, 'PD_1,PD_3': 0.5, 'PD_2,PD_3': 0.0}, ASR: 1.6666666666666667, TCB: {'PD_1': ['PD_3', 'PD_2'], 'PD_2': ['PD_1'], 'PD_3': ['PD_1']}, FR: {'PD_1,PD_2': inf, 'PD_1,PD_3': inf, 'PD_2,PD_3': inf}
Warning: Failed to simulate operation add_hold_edge: unsupported operand type(s) for -: 'list' and 'int'
  Computing metrics...
    RSI: {'PD_1,PD_2': 0.3333333333333333, 'PD_1,PD_3': 0.0, 'PD_2,PD_3': 0.0}, ASR: 1.3333333333333333, TCB: {'PD_1': ['PD_2'], 'PD_2': ['PD_1'], 'PD_3': []}, FR: {'PD_1,PD_2': inf, 'PD_1,PD_3': inf, 'PD_2,PD_3': inf}
  Computing metrics...
    RSI: {'PD_1,PD_2': 0.3333333333333333, 'PD_1,PD_3': 0.0, 'PD_2,PD_3': 0.5}, ASR: 1.6666666666666667, TCB: {'PD_1': ['PD_2'], 'PD_2': ['PD_1', 'PD_3'], 'PD_3': ['PD_2']}, FR: {'PD_1,PD_2': inf, 'PD_1,PD_3': inf, 'PD_2,PD_3': inf}
Warning: Failed to simulate operation add_hold_edge: unsupported operand type(s) for -: 'list' and 'int'
  Computing metrics...
    RSI: {'PD_1,PD_2': 0.3333333333333333, 'PD_1,PD_3': 0.0, 'PD_2,PD_3': 0.0}, ASR: 1.3333333333333333, TCB: {'PD_1': ['PD_2'], 'PD_2': ['PD_1'], 'PD_3': []}, FR: {'PD_1,PD_2': inf, 'PD_1,PD_3': inf, 'PD_2,PD_3': inf}
  Computing metrics...
    RSI: {'PD_1,PD_2': 0.3333333333333333, 'PD_1,PD_3': 0.5, 'PD_2,PD_3': 0.5}, ASR: 1.6666666666666667, TCB: {'PD_1': ['PD_2', 'PD_3'], 'PD_2': ['PD_1', 'PD_3'], 'PD_3': ['PD_1', 'PD_2']}, FR: {'PD_1,PD_2': inf, 'PD_1,PD_3': inf, 'PD_2,PD_3': inf}
Warning: Failed to simulate operation add_hold_edge: unsupported operand type(s) for -: 'list' and 'int'
  Computing metrics...
    RSI: {'PD_1,PD_2': 0.3333333333333333, 'PD_1,PD_3': 0.0, 'PD_2,PD_3': 0.0}, ASR: 1.3333333333333333, TCB: {'PD_1': ['PD_2'], 'PD_2': ['PD_1'], 'PD_3': []}, FR: {'PD_1,PD_2': inf, 'PD_1,PD_3': inf, 'PD_2,PD_3': inf}
  Computing metrics...
    RSI: {'PD_1,PD_2': 0.3333333333333333, 'PD_1,PD_3': 0.0, 'PD_2,PD_3': 0.0}, ASR: 1.6666666666666667, TCB: {'PD_1': ['PD_2'], 'PD_2': ['PD_1'], 'PD_3': []}, FR: {'PD_1,PD_2': inf, 'PD_1,PD_3': inf, 'PD_2,PD_3': inf}
Warning: Failed to simulate operation add_request_edge: unsupported operand type(s) for -: 'list' and 'int'
  Computing metrics...
    RSI: {'PD_1,PD_2': 0.3333333333333333, 'PD_1,PD_3': 0.0, 'PD_2,PD_3': 0.0}, ASR: 1.3333333333333333, TCB: {'PD_1': ['PD_2'], 'PD_2': ['PD_1'], 'PD_3': []}, FR: {'PD_1,PD_2': inf, 'PD_1,PD_3': inf, 'PD_2,PD_3': inf}
  Computing metrics...
    RSI: {'PD_1,PD_2': 0.3333333333333333, 'PD_1,PD_3': 0.0, 'PD_2,PD_3': 0.0}, ASR: 1.6666666666666667, TCB: {'PD_1': ['PD_3', 'PD_2'], 'PD_2': ['PD_1'], 'PD_3': []}, FR: {'PD_1,PD_2': inf, 'PD_1,PD_3': inf, 'PD_2,PD_3': inf}
Warning: Failed to simulate operation add_request_edge: unsupported operand type(s) for -: 'list' and 'int'
  Computing metrics...
    RSI: {'PD_1,PD_2': 0.3333333333333333, 'PD_1,PD_3': 0.0, 'PD_2,PD_3': 0.0}, ASR: 1.3333333333333333, TCB: {'PD_1': ['PD_2'], 'PD_2': ['PD_1'], 'PD_3': []}, FR: {'PD_1,PD_2': inf, 'PD_1,PD_3': inf, 'PD_2,PD_3': inf}
  Computing metrics...
    RSI: {'PD_1,PD_2': 0.3333333333333333, 'PD_1,PD_3': 0.0, 'PD_2,PD_3': 0.0}, ASR: 1.6666666666666667, TCB: {'PD_1': ['PD_2'], 'PD_2': ['PD_1'], 'PD_3': []}, FR: {'PD_1,PD_2': inf, 'PD_1,PD_3': inf, 'PD_2,PD_3': inf}
Warning: Failed to simulate operation add_request_edge: unsupported operand type(s) for -: 'list' and 'int'
  Computing metrics...
    RSI: {'PD_1,PD_2': 0.3333333333333333, 'PD_1,PD_3': 0.0, 'PD_2,PD_3': 0.0}, ASR: 1.3333333333333333, TCB: {'PD_1': ['PD_2'], 'PD_2': ['PD_1'], 'PD_3': []}, FR: {'PD_1,PD_2': inf, 'PD_1,PD_3': inf, 'PD_2,PD_3': inf}
  Computing metrics...
    RSI: {'PD_1,PD_2': 0.3333333333333333, 'PD_1,PD_3': 0.0, 'PD_2,PD_3': 0.0}, ASR: 1.6666666666666667, TCB: {'PD_1': ['PD_2'], 'PD_2': ['PD_3', 'PD_1'], 'PD_3': []}, FR: {'PD_1,PD_2': inf, 'PD_1,PD_3': inf, 'PD_2,PD_3': inf}
Warning: Failed to simulate operation add_request_edge: unsupported operand type(s) for -: 'list' and 'int'
  Computing metrics...
    RSI: {'PD_1,PD_2': 0.3333333333333333, 'PD_1,PD_3': 0.0, 'PD_2,PD_3': 0.0}, ASR: 1.3333333333333333, TCB: {'PD_1': ['PD_2'], 'PD_2': ['PD_1'], 'PD_3': []}, FR: {'PD_1,PD_2': inf, 'PD_1,PD_3': inf, 'PD_2,PD_3': inf}
  Computing metrics...
    RSI: {'PD_1,PD_2': 0.3333333333333333, 'PD_1,PD_3': 0.0, 'PD_2,PD_3': 0.0}, ASR: 1.6666666666666667, TCB: {'PD_1': ['PD_2'], 'PD_2': ['PD_1'], 'PD_3': ['PD_1']}, FR: {'PD_1,PD_2': inf, 'PD_1,PD_3': inf, 'PD_2,PD_3': inf}
Warning: Failed to simulate operation add_request_edge: unsupported operand type(s) for -: 'list' and 'int'
  Computing metrics...
    RSI: {'PD_1,PD_2': 0.3333333333333333, 'PD_1,PD_3': 0.0, 'PD_2,PD_3': 0.0}, ASR: 1.3333333333333333, TCB: {'PD_1': ['PD_2'], 'PD_2': ['PD_1'], 'PD_3': []}, FR: {'PD_1,PD_2': inf, 'PD_1,PD_3': inf, 'PD_2,PD_3': inf}
  Computing metrics...
    RSI: {'PD_1,PD_2': 0.3333333333333333, 'PD_1,PD_3': 0.0, 'PD_2,PD_3': 0.0}, ASR: 1.6666666666666667, TCB: {'PD_1': ['PD_2'], 'PD_2': ['PD_1'], 'PD_3': ['PD_2']}, FR: {'PD_1,PD_2': inf, 'PD_1,PD_3': inf, 'PD_2,PD_3': inf}
Warning: Failed to simulate operation add_request_edge: unsupported operand type(s) for -: 'list' and 'int'
  Computing metrics...
    RSI: {'PD_1,PD_2': 0.3333333333333333, 'PD_1,PD_3': 0.0, 'PD_2,PD_3': 0.0}, ASR: 1.3333333333333333, TCB: {'PD_1': ['PD_2'], 'PD_2': ['PD_1'], 'PD_3': []}, FR: {'PD_1,PD_2': inf, 'PD_1,PD_3': inf, 'PD_2,PD_3': inf}
  Computing metrics...
    RSI: {'PD_1,PD_2': 0.3333333333333333, 'PD_1,PD_3': 0.0, 'PD_2,PD_3': 0.0}, ASR: 1.3333333333333333, TCB: {'PD_1': ['PD_2'], 'PD_2': ['PD_1'], 'PD_3': []}, FR: {'PD_1,PD_2': inf, 'PD_1,PD_3': inf, 'PD_2,PD_3': inf}
Warning: Failed to simulate operation remove_subset_edge: unsupported operand type(s) for -: 'list' and 'int'
  Computing metrics...
    RSI: {'PD_1,PD_2': 0.3333333333333333, 'PD_1,PD_3': 0.0, 'PD_2,PD_3': 0.0}, ASR: 1.3333333333333333, TCB: {'PD_1': ['PD_2'], 'PD_2': ['PD_1'], 'PD_3': []}, FR: {'PD_1,PD_2': inf, 'PD_1,PD_3': inf, 'PD_2,PD_3': inf}
  Computing metrics...
    RSI: {'PD_1,PD_2': 0.3333333333333333, 'PD_1,PD_3': 0.0, 'PD_2,PD_3': 0.0}, ASR: 1.3333333333333333, TCB: {'PD_1': ['PD_2'], 'PD_2': ['PD_1'], 'PD_3': []}, FR: {'PD_1,PD_2': inf, 'PD_1,PD_3': inf, 'PD_2,PD_3': inf}
Warning: Failed to simulate operation remove_subset_edge: unsupported operand type(s) for -: 'list' and 'int'
  Computing metrics...
    RSI: {'PD_1,PD_2': 0.3333333333333333, 'PD_1,PD_3': 0.0, 'PD_2,PD_3': 0.0}, ASR: 1.3333333333333333, TCB: {'PD_1': ['PD_2'], 'PD_2': ['PD_1'], 'PD_3': []}, FR: {'PD_1,PD_2': inf, 'PD_1,PD_3': inf, 'PD_2,PD_3': inf}
  Computing metrics...
    RSI: {'PD_1,PD_2': 0.3333333333333333, 'PD_1,PD_3': 0.0, 'PD_2,PD_3': 0.0}, ASR: 1.3333333333333333, TCB: {'PD_1': ['PD_2'], 'PD_2': ['PD_1'], 'PD_3': []}, FR: {'PD_1,PD_2': inf, 'PD_1,PD_3': inf, 'PD_2,PD_3': inf}
Warning: Failed to simulate operation remove_subset_edge: unsupported operand type(s) for -: 'list' and 'int'
  🚫 Filtered out 1 'add_pd' candidates (avoiding repetition)
  Trying best transition: primitive
    Target: remove empty PD_3
    Predicted improvement: 0.100
    Considered 19 other option(s):
      1. primitive: create new CONFIG file in FILE_SPACE_1 (improvement: 0.100)
      2. primitive: create new DATABASE file in FILE_SPACE_1 (improvement: 0.100)
      3. primitive: create new TEMP file in FILE_SPACE_1 (improvement: 0.100)
      4. primitive: create new LOG file in FILE_SPACE_1 (improvement: 0.100)
      5. primitive: remove FILE_1_3 (holders: 2) (improvement: 0.100)
      6. primitive: connect PD_1 to FILE_1_2 (improvement: 0.100)
      7. primitive: connect PD_2 to FILE_1_1 (improvement: 0.100)
      8. primitive: connect PD_3 to FILE_1_1 (improvement: 0.100)
      9. primitive: connect PD_3 to FILE_1_2 (improvement: 0.100)
      10. primitive: connect PD_3 to FILE_1_3 (improvement: 0.100)
      ... and 9 more
    ✅ Applied remove_pd
  Computing metrics...
    RSI: {'PD_1,PD_2': 0.3333333333333333}, ASR: 2.0, TCB: {'PD_1': ['PD_2'], 'PD_2': ['PD_1']}, FR: {'PD_1,PD_2': inf}
    Goal not met: RSI[PD_1,PD_2]=0.333 > 0.3
    Goals not yet satisfied, continuing exploration
  ✅ Mechanism saved! Total mechanisms found: 2

📊 Graph after iteration 2:
        # Graph structure:
        # PD_1 --HOLD--> FILE_1_1 -> FILE_SPACE_1
        # PD_1 --HOLD--> FILE_1_3 -> FILE_SPACE_1
        # PD_2 --HOLD--> FILE_1_2 -> FILE_SPACE_1
        # PD_2 --HOLD--> FILE_1_3 -> FILE_SPACE_1
        #
        # FILE_1_3 shared by: PD_1, PD_2


Iteration 3/10
  Computing metrics...
    RSI: {'PD_1,PD_2': 0.3333333333333333}, ASR: 2.0, TCB: {'PD_1': ['PD_2'], 'PD_2': ['PD_1']}, FR: {'PD_1,PD_2': inf}
  Computing metrics...
    RSI: {'PD_1,PD_2': 0.3333333333333333, 'PD_1,PD_3': 0.0, 'PD_2,PD_3': 0.0}, ASR: 1.3333333333333333, TCB: {'PD_1': ['PD_2'], 'PD_2': ['PD_1'], 'PD_3': []}, FR: {'PD_1,PD_2': inf, 'PD_1,PD_3': inf, 'PD_2,PD_3': inf}
Warning: Failed to simulate operation add_pd: unsupported operand type(s) for -: 'list' and 'int'
  Computing metrics...
    RSI: {'PD_1,PD_2': 0.3333333333333333}, ASR: 2.0, TCB: {'PD_1': ['PD_2'], 'PD_2': ['PD_1']}, FR: {'PD_1,PD_2': inf}
  Computing metrics...
    RSI: {'PD_1,PD_2': 0.3333333333333333}, ASR: 2.0, TCB: {'PD_1': ['PD_2'], 'PD_2': ['PD_1']}, FR: {'PD_1,PD_2': inf}
Warning: Failed to simulate operation add_file_resource: unsupported operand type(s) for -: 'list' and 'int'
  Computing metrics...
    RSI: {'PD_1,PD_2': 0.3333333333333333}, ASR: 2.0, TCB: {'PD_1': ['PD_2'], 'PD_2': ['PD_1']}, FR: {'PD_1,PD_2': inf}
  Computing metrics...
    RSI: {'PD_1,PD_2': 0.3333333333333333}, ASR: 2.0, TCB: {'PD_1': ['PD_2'], 'PD_2': ['PD_1']}, FR: {'PD_1,PD_2': inf}
Warning: Failed to simulate operation add_file_resource: unsupported operand type(s) for -: 'list' and 'int'
  Computing metrics...
    RSI: {'PD_1,PD_2': 0.3333333333333333}, ASR: 2.0, TCB: {'PD_1': ['PD_2'], 'PD_2': ['PD_1']}, FR: {'PD_1,PD_2': inf}
  Computing metrics...
    RSI: {'PD_1,PD_2': 0.3333333333333333}, ASR: 2.0, TCB: {'PD_1': ['PD_2'], 'PD_2': ['PD_1']}, FR: {'PD_1,PD_2': inf}
Warning: Failed to simulate operation add_file_resource: unsupported operand type(s) for -: 'list' and 'int'
  Computing metrics...
    RSI: {'PD_1,PD_2': 0.3333333333333333}, ASR: 2.0, TCB: {'PD_1': ['PD_2'], 'PD_2': ['PD_1']}, FR: {'PD_1,PD_2': inf}
  Computing metrics...
    RSI: {'PD_1,PD_2': 0.3333333333333333}, ASR: 2.0, TCB: {'PD_1': ['PD_2'], 'PD_2': ['PD_1']}, FR: {'PD_1,PD_2': inf}
Warning: Failed to simulate operation add_file_resource: unsupported operand type(s) for -: 'list' and 'int'
  Computing metrics...
    RSI: {'PD_1,PD_2': 0.3333333333333333}, ASR: 2.0, TCB: {'PD_1': ['PD_2'], 'PD_2': ['PD_1']}, FR: {'PD_1,PD_2': inf}
  Computing metrics...
    RSI: {'PD_1,PD_2': 0.3333333333333333}, ASR: 2.0, TCB: {'PD_1': ['PD_2'], 'PD_2': ['PD_1']}, FR: {'PD_1,PD_2': inf}
Warning: Failed to simulate operation remove_file_resource: unsupported operand type(s) for -: 'list' and 'int'
  Computing metrics...
    RSI: {'PD_1,PD_2': 0.3333333333333333}, ASR: 2.0, TCB: {'PD_1': ['PD_2'], 'PD_2': ['PD_1']}, FR: {'PD_1,PD_2': inf}
  Computing metrics...
    RSI: {'PD_1,PD_2': 0.6666666666666666}, ASR: 2.5, TCB: {'PD_1': ['PD_2'], 'PD_2': ['PD_1']}, FR: {'PD_1,PD_2': inf}
Warning: Failed to simulate operation add_hold_edge: unsupported operand type(s) for -: 'list' and 'int'
  Computing metrics...
    RSI: {'PD_1,PD_2': 0.3333333333333333}, ASR: 2.0, TCB: {'PD_1': ['PD_2'], 'PD_2': ['PD_1']}, FR: {'PD_1,PD_2': inf}
  Computing metrics...
    RSI: {'PD_1,PD_2': 0.6666666666666666}, ASR: 2.5, TCB: {'PD_1': ['PD_2'], 'PD_2': ['PD_1']}, FR: {'PD_1,PD_2': inf}
Warning: Failed to simulate operation add_hold_edge: unsupported operand type(s) for -: 'list' and 'int'
  Computing metrics...
    RSI: {'PD_1,PD_2': 0.3333333333333333}, ASR: 2.0, TCB: {'PD_1': ['PD_2'], 'PD_2': ['PD_1']}, FR: {'PD_1,PD_2': inf}
  Computing metrics...
    RSI: {'PD_1,PD_2': 0.3333333333333333}, ASR: 2.5, TCB: {'PD_1': ['PD_2'], 'PD_2': ['PD_1']}, FR: {'PD_1,PD_2': inf}
Warning: Failed to simulate operation add_request_edge: unsupported operand type(s) for -: 'list' and 'int'
  Computing metrics...
    RSI: {'PD_1,PD_2': 0.3333333333333333}, ASR: 2.0, TCB: {'PD_1': ['PD_2'], 'PD_2': ['PD_1']}, FR: {'PD_1,PD_2': inf}
  Computing metrics...
    RSI: {'PD_1,PD_2': 0.3333333333333333}, ASR: 2.5, TCB: {'PD_1': ['PD_2'], 'PD_2': ['PD_1']}, FR: {'PD_1,PD_2': inf}
Warning: Failed to simulate operation add_request_edge: unsupported operand type(s) for -: 'list' and 'int'
  Computing metrics...
    RSI: {'PD_1,PD_2': 0.3333333333333333}, ASR: 2.0, TCB: {'PD_1': ['PD_2'], 'PD_2': ['PD_1']}, FR: {'PD_1,PD_2': inf}
  Computing metrics...
    RSI: {'PD_1,PD_2': 0.3333333333333333}, ASR: 2.0, TCB: {'PD_1': ['PD_2'], 'PD_2': ['PD_1']}, FR: {'PD_1,PD_2': inf}
Warning: Failed to simulate operation remove_subset_edge: unsupported operand type(s) for -: 'list' and 'int'
  Computing metrics...
    RSI: {'PD_1,PD_2': 0.3333333333333333}, ASR: 2.0, TCB: {'PD_1': ['PD_2'], 'PD_2': ['PD_1']}, FR: {'PD_1,PD_2': inf}
  Computing metrics...
    RSI: {'PD_1,PD_2': 0.3333333333333333}, ASR: 2.0, TCB: {'PD_1': ['PD_2'], 'PD_2': ['PD_1']}, FR: {'PD_1,PD_2': inf}
Warning: Failed to simulate operation remove_subset_edge: unsupported operand type(s) for -: 'list' and 'int'
  Computing metrics...
    RSI: {'PD_1,PD_2': 0.3333333333333333}, ASR: 2.0, TCB: {'PD_1': ['PD_2'], 'PD_2': ['PD_1']}, FR: {'PD_1,PD_2': inf}
  Computing metrics...
    RSI: {'PD_1,PD_2': 0.3333333333333333}, ASR: 2.0, TCB: {'PD_1': ['PD_2'], 'PD_2': ['PD_1']}, FR: {'PD_1,PD_2': inf}
Warning: Failed to simulate operation remove_subset_edge: unsupported operand type(s) for -: 'list' and 'int'
  🚫 Filtered out 0 'remove_pd' candidates (avoiding repetition)
  Trying best transition: primitive
    Target: add new protection domain for system expansion
    Predicted improvement: 0.100
    Considered 12 other option(s):
      1. primitive: create new CONFIG file in FILE_SPACE_1 (improvement: 0.100)
      2. primitive: create new DATABASE file in FILE_SPACE_1 (improvement: 0.100)
      3. primitive: create new TEMP file in FILE_SPACE_1 (improvement: 0.100)
      4. primitive: create new LOG file in FILE_SPACE_1 (improvement: 0.100)
      5. primitive: remove FILE_1_3 (holders: 2) (improvement: 0.100)
      6. primitive: connect PD_1 to FILE_1_2 (improvement: 0.100)
      7. primitive: connect PD_2 to FILE_1_1 (improvement: 0.100)
      8. primitive: enable indirect access: PD_1 -> PD_2 (improvement: 0.100)
      9. primitive: enable indirect access: PD_2 -> PD_1 (improvement: 0.100)
      10. primitive: disconnect FILE_1_1 from FILE_SPACE_1 (improvement: 0.100)
      ... and 2 more
    ✅ Applied add_pd
  Computing metrics...
    RSI: {'PD_1,PD_2': 0.3333333333333333, 'PD_1,PD_4': 0.0, 'PD_2,PD_4': 0.0}, ASR: 1.3333333333333333, TCB: {'PD_1': ['PD_2'], 'PD_2': ['PD_1'], 'PD_4': []}, FR: {'PD_1,PD_2': inf, 'PD_1,PD_4': inf, 'PD_2,PD_4': inf}
    Goal not met: RSI[PD_1,PD_2]=0.333 > 0.3
    Goals not yet satisfied, continuing exploration
  ✅ Mechanism saved! Total mechanisms found: 3

📊 Graph after iteration 3:
        # Graph structure:
        # PD_1 --HOLD--> FILE_1_1 -> FILE_SPACE_1
        # PD_1 --HOLD--> FILE_1_3 -> FILE_SPACE_1
        # PD_2 --HOLD--> FILE_1_2 -> FILE_SPACE_1
        # PD_2 --HOLD--> FILE_1_3 -> FILE_SPACE_1
        # PD_4
        #
        # FILE_1_3 shared by: PD_1, PD_2


Iteration 4/10
  Computing metrics...
    RSI: {'PD_1,PD_2': 0.3333333333333333, 'PD_1,PD_4': 0.0, 'PD_2,PD_4': 0.0}, ASR: 1.3333333333333333, TCB: {'PD_1': ['PD_2'], 'PD_2': ['PD_1'], 'PD_4': []}, FR: {'PD_1,PD_2': inf, 'PD_1,PD_4': inf, 'PD_2,PD_4': inf}
  Computing metrics...
    RSI: {'PD_1,PD_2': 0.3333333333333333, 'PD_1,PD_4': 0.0, 'PD_2,PD_4': 0.0}, ASR: 1.3333333333333333, TCB: {'PD_1': ['PD_2'], 'PD_2': ['PD_1'], 'PD_4': []}, FR: {'PD_1,PD_2': inf, 'PD_1,PD_4': inf, 'PD_2,PD_4': inf}
Warning: Failed to simulate operation add_pd: unsupported operand type(s) for -: 'list' and 'int'
  Computing metrics...
    RSI: {'PD_1,PD_2': 0.3333333333333333, 'PD_1,PD_4': 0.0, 'PD_2,PD_4': 0.0}, ASR: 1.3333333333333333, TCB: {'PD_1': ['PD_2'], 'PD_2': ['PD_1'], 'PD_4': []}, FR: {'PD_1,PD_2': inf, 'PD_1,PD_4': inf, 'PD_2,PD_4': inf}
  Computing metrics...
    RSI: {'PD_1,PD_2': 0.3333333333333333, 'PD_1,PD_4': 0.0, 'PD_2,PD_4': 0.0}, ASR: 1.3333333333333333, TCB: {'PD_1': ['PD_2'], 'PD_2': ['PD_1'], 'PD_4': []}, FR: {'PD_1,PD_2': inf, 'PD_1,PD_4': inf, 'PD_2,PD_4': inf}
Warning: Failed to simulate operation remove_pd: unsupported operand type(s) for -: 'list' and 'int'
  Computing metrics...
    RSI: {'PD_1,PD_2': 0.3333333333333333, 'PD_1,PD_4': 0.0, 'PD_2,PD_4': 0.0}, ASR: 1.3333333333333333, TCB: {'PD_1': ['PD_2'], 'PD_2': ['PD_1'], 'PD_4': []}, FR: {'PD_1,PD_2': inf, 'PD_1,PD_4': inf, 'PD_2,PD_4': inf}
  Computing metrics...
    RSI: {'PD_1,PD_2': 0.3333333333333333, 'PD_1,PD_4': 0.0, 'PD_2,PD_4': 0.0}, ASR: 1.3333333333333333, TCB: {'PD_1': ['PD_2'], 'PD_2': ['PD_1'], 'PD_4': []}, FR: {'PD_1,PD_2': inf, 'PD_1,PD_4': inf, 'PD_2,PD_4': inf}
Warning: Failed to simulate operation add_file_resource: unsupported operand type(s) for -: 'list' and 'int'
  Computing metrics...
    RSI: {'PD_1,PD_2': 0.3333333333333333, 'PD_1,PD_4': 0.0, 'PD_2,PD_4': 0.0}, ASR: 1.3333333333333333, TCB: {'PD_1': ['PD_2'], 'PD_2': ['PD_1'], 'PD_4': []}, FR: {'PD_1,PD_2': inf, 'PD_1,PD_4': inf, 'PD_2,PD_4': inf}
  Computing metrics...
    RSI: {'PD_1,PD_2': 0.3333333333333333, 'PD_1,PD_4': 0.0, 'PD_2,PD_4': 0.0}, ASR: 1.3333333333333333, TCB: {'PD_1': ['PD_2'], 'PD_2': ['PD_1'], 'PD_4': []}, FR: {'PD_1,PD_2': inf, 'PD_1,PD_4': inf, 'PD_2,PD_4': inf}
Warning: Failed to simulate operation add_file_resource: unsupported operand type(s) for -: 'list' and 'int'
  Computing metrics...
    RSI: {'PD_1,PD_2': 0.3333333333333333, 'PD_1,PD_4': 0.0, 'PD_2,PD_4': 0.0}, ASR: 1.3333333333333333, TCB: {'PD_1': ['PD_2'], 'PD_2': ['PD_1'], 'PD_4': []}, FR: {'PD_1,PD_2': inf, 'PD_1,PD_4': inf, 'PD_2,PD_4': inf}
  Computing metrics...
    RSI: {'PD_1,PD_2': 0.3333333333333333, 'PD_1,PD_4': 0.0, 'PD_2,PD_4': 0.0}, ASR: 1.3333333333333333, TCB: {'PD_1': ['PD_2'], 'PD_2': ['PD_1'], 'PD_4': []}, FR: {'PD_1,PD_2': inf, 'PD_1,PD_4': inf, 'PD_2,PD_4': inf}
Warning: Failed to simulate operation add_file_resource: unsupported operand type(s) for -: 'list' and 'int'
  Computing metrics...
    RSI: {'PD_1,PD_2': 0.3333333333333333, 'PD_1,PD_4': 0.0, 'PD_2,PD_4': 0.0}, ASR: 1.3333333333333333, TCB: {'PD_1': ['PD_2'], 'PD_2': ['PD_1'], 'PD_4': []}, FR: {'PD_1,PD_2': inf, 'PD_1,PD_4': inf, 'PD_2,PD_4': inf}
  Computing metrics...
    RSI: {'PD_1,PD_2': 0.3333333333333333, 'PD_1,PD_4': 0.0, 'PD_2,PD_4': 0.0}, ASR: 1.3333333333333333, TCB: {'PD_1': ['PD_2'], 'PD_2': ['PD_1'], 'PD_4': []}, FR: {'PD_1,PD_2': inf, 'PD_1,PD_4': inf, 'PD_2,PD_4': inf}
Warning: Failed to simulate operation add_file_resource: unsupported operand type(s) for -: 'list' and 'int'
  Computing metrics...
    RSI: {'PD_1,PD_2': 0.3333333333333333, 'PD_1,PD_4': 0.0, 'PD_2,PD_4': 0.0}, ASR: 1.3333333333333333, TCB: {'PD_1': ['PD_2'], 'PD_2': ['PD_1'], 'PD_4': []}, FR: {'PD_1,PD_2': inf, 'PD_1,PD_4': inf, 'PD_2,PD_4': inf}
  Computing metrics...
    RSI: {'PD_1,PD_2': 0.3333333333333333, 'PD_1,PD_4': 0.0, 'PD_2,PD_4': 0.0}, ASR: 1.3333333333333333, TCB: {'PD_1': ['PD_2'], 'PD_2': ['PD_1'], 'PD_4': []}, FR: {'PD_1,PD_2': inf, 'PD_1,PD_4': inf, 'PD_2,PD_4': inf}
Warning: Failed to simulate operation remove_file_resource: unsupported operand type(s) for -: 'list' and 'int'
  Computing metrics...
    RSI: {'PD_1,PD_2': 0.3333333333333333, 'PD_1,PD_4': 0.0, 'PD_2,PD_4': 0.0}, ASR: 1.3333333333333333, TCB: {'PD_1': ['PD_2'], 'PD_2': ['PD_1'], 'PD_4': []}, FR: {'PD_1,PD_2': inf, 'PD_1,PD_4': inf, 'PD_2,PD_4': inf}
  Computing metrics...
    RSI: {'PD_1,PD_2': 0.6666666666666666, 'PD_1,PD_4': 0.0, 'PD_2,PD_4': 0.0}, ASR: 1.6666666666666667, TCB: {'PD_1': ['PD_2'], 'PD_2': ['PD_1'], 'PD_4': []}, FR: {'PD_1,PD_2': inf, 'PD_1,PD_4': inf, 'PD_2,PD_4': inf}
Warning: Failed to simulate operation add_hold_edge: unsupported operand type(s) for -: 'list' and 'int'
  Computing metrics...
    RSI: {'PD_1,PD_2': 0.3333333333333333, 'PD_1,PD_4': 0.0, 'PD_2,PD_4': 0.0}, ASR: 1.3333333333333333, TCB: {'PD_1': ['PD_2'], 'PD_2': ['PD_1'], 'PD_4': []}, FR: {'PD_1,PD_2': inf, 'PD_1,PD_4': inf, 'PD_2,PD_4': inf}
  Computing metrics...
    RSI: {'PD_1,PD_2': 0.6666666666666666, 'PD_1,PD_4': 0.0, 'PD_2,PD_4': 0.0}, ASR: 1.6666666666666667, TCB: {'PD_1': ['PD_2'], 'PD_2': ['PD_1'], 'PD_4': []}, FR: {'PD_1,PD_2': inf, 'PD_1,PD_4': inf, 'PD_2,PD_4': inf}
Warning: Failed to simulate operation add_hold_edge: unsupported operand type(s) for -: 'list' and 'int'
  Computing metrics...
    RSI: {'PD_1,PD_2': 0.3333333333333333, 'PD_1,PD_4': 0.0, 'PD_2,PD_4': 0.0}, ASR: 1.3333333333333333, TCB: {'PD_1': ['PD_2'], 'PD_2': ['PD_1'], 'PD_4': []}, FR: {'PD_1,PD_2': inf, 'PD_1,PD_4': inf, 'PD_2,PD_4': inf}
  Computing metrics...
    RSI: {'PD_1,PD_2': 0.3333333333333333, 'PD_1,PD_4': 0.5, 'PD_2,PD_4': 0.0}, ASR: 1.6666666666666667, TCB: {'PD_1': ['PD_4', 'PD_2'], 'PD_2': ['PD_1'], 'PD_4': ['PD_1']}, FR: {'PD_1,PD_2': inf, 'PD_1,PD_4': inf, 'PD_2,PD_4': inf}
Warning: Failed to simulate operation add_hold_edge: unsupported operand type(s) for -: 'list' and 'int'
  Computing metrics...
    RSI: {'PD_1,PD_2': 0.3333333333333333, 'PD_1,PD_4': 0.0, 'PD_2,PD_4': 0.0}, ASR: 1.3333333333333333, TCB: {'PD_1': ['PD_2'], 'PD_2': ['PD_1'], 'PD_4': []}, FR: {'PD_1,PD_2': inf, 'PD_1,PD_4': inf, 'PD_2,PD_4': inf}
  Computing metrics...
    RSI: {'PD_1,PD_2': 0.3333333333333333, 'PD_1,PD_4': 0.0, 'PD_2,PD_4': 0.5}, ASR: 1.6666666666666667, TCB: {'PD_1': ['PD_2'], 'PD_2': ['PD_1', 'PD_4'], 'PD_4': ['PD_2']}, FR: {'PD_1,PD_2': inf, 'PD_1,PD_4': inf, 'PD_2,PD_4': inf}
Warning: Failed to simulate operation add_hold_edge: unsupported operand type(s) for -: 'list' and 'int'
  Computing metrics...
    RSI: {'PD_1,PD_2': 0.3333333333333333, 'PD_1,PD_4': 0.0, 'PD_2,PD_4': 0.0}, ASR: 1.3333333333333333, TCB: {'PD_1': ['PD_2'], 'PD_2': ['PD_1'], 'PD_4': []}, FR: {'PD_1,PD_2': inf, 'PD_1,PD_4': inf, 'PD_2,PD_4': inf}
  Computing metrics...
    RSI: {'PD_1,PD_2': 0.3333333333333333, 'PD_1,PD_4': 0.5, 'PD_2,PD_4': 0.5}, ASR: 1.6666666666666667, TCB: {'PD_1': ['PD_2', 'PD_4'], 'PD_2': ['PD_1', 'PD_4'], 'PD_4': ['PD_1', 'PD_2']}, FR: {'PD_1,PD_2': inf, 'PD_1,PD_4': inf, 'PD_2,PD_4': inf}
Warning: Failed to simulate operation add_hold_edge: unsupported operand type(s) for -: 'list' and 'int'
  Computing metrics...
    RSI: {'PD_1,PD_2': 0.3333333333333333, 'PD_1,PD_4': 0.0, 'PD_2,PD_4': 0.0}, ASR: 1.3333333333333333, TCB: {'PD_1': ['PD_2'], 'PD_2': ['PD_1'], 'PD_4': []}, FR: {'PD_1,PD_2': inf, 'PD_1,PD_4': inf, 'PD_2,PD_4': inf}
  Computing metrics...
    RSI: {'PD_1,PD_2': 0.3333333333333333, 'PD_1,PD_4': 0.0, 'PD_2,PD_4': 0.0}, ASR: 1.6666666666666667, TCB: {'PD_1': ['PD_2'], 'PD_2': ['PD_1'], 'PD_4': []}, FR: {'PD_1,PD_2': inf, 'PD_1,PD_4': inf, 'PD_2,PD_4': inf}
Warning: Failed to simulate operation add_request_edge: unsupported operand type(s) for -: 'list' and 'int'
  Computing metrics...
    RSI: {'PD_1,PD_2': 0.3333333333333333, 'PD_1,PD_4': 0.0, 'PD_2,PD_4': 0.0}, ASR: 1.3333333333333333, TCB: {'PD_1': ['PD_2'], 'PD_2': ['PD_1'], 'PD_4': []}, FR: {'PD_1,PD_2': inf, 'PD_1,PD_4': inf, 'PD_2,PD_4': inf}
  Computing metrics...
    RSI: {'PD_1,PD_2': 0.3333333333333333, 'PD_1,PD_4': 0.0, 'PD_2,PD_4': 0.0}, ASR: 1.6666666666666667, TCB: {'PD_1': ['PD_4', 'PD_2'], 'PD_2': ['PD_1'], 'PD_4': []}, FR: {'PD_1,PD_2': inf, 'PD_1,PD_4': inf, 'PD_2,PD_4': inf}
Warning: Failed to simulate operation add_request_edge: unsupported operand type(s) for -: 'list' and 'int'
  Computing metrics...
    RSI: {'PD_1,PD_2': 0.3333333333333333, 'PD_1,PD_4': 0.0, 'PD_2,PD_4': 0.0}, ASR: 1.3333333333333333, TCB: {'PD_1': ['PD_2'], 'PD_2': ['PD_1'], 'PD_4': []}, FR: {'PD_1,PD_2': inf, 'PD_1,PD_4': inf, 'PD_2,PD_4': inf}
  Computing metrics...
    RSI: {'PD_1,PD_2': 0.3333333333333333, 'PD_1,PD_4': 0.0, 'PD_2,PD_4': 0.0}, ASR: 1.6666666666666667, TCB: {'PD_1': ['PD_2'], 'PD_2': ['PD_1'], 'PD_4': []}, FR: {'PD_1,PD_2': inf, 'PD_1,PD_4': inf, 'PD_2,PD_4': inf}
Warning: Failed to simulate operation add_request_edge: unsupported operand type(s) for -: 'list' and 'int'
  Computing metrics...
    RSI: {'PD_1,PD_2': 0.3333333333333333, 'PD_1,PD_4': 0.0, 'PD_2,PD_4': 0.0}, ASR: 1.3333333333333333, TCB: {'PD_1': ['PD_2'], 'PD_2': ['PD_1'], 'PD_4': []}, FR: {'PD_1,PD_2': inf, 'PD_1,PD_4': inf, 'PD_2,PD_4': inf}
  Computing metrics...
    RSI: {'PD_1,PD_2': 0.3333333333333333, 'PD_1,PD_4': 0.0, 'PD_2,PD_4': 0.0}, ASR: 1.6666666666666667, TCB: {'PD_1': ['PD_2'], 'PD_2': ['PD_4', 'PD_1'], 'PD_4': []}, FR: {'PD_1,PD_2': inf, 'PD_1,PD_4': inf, 'PD_2,PD_4': inf}
Warning: Failed to simulate operation add_request_edge: unsupported operand type(s) for -: 'list' and 'int'
  Computing metrics...
    RSI: {'PD_1,PD_2': 0.3333333333333333, 'PD_1,PD_4': 0.0, 'PD_2,PD_4': 0.0}, ASR: 1.3333333333333333, TCB: {'PD_1': ['PD_2'], 'PD_2': ['PD_1'], 'PD_4': []}, FR: {'PD_1,PD_2': inf, 'PD_1,PD_4': inf, 'PD_2,PD_4': inf}
  Computing metrics...
    RSI: {'PD_1,PD_2': 0.3333333333333333, 'PD_1,PD_4': 0.0, 'PD_2,PD_4': 0.0}, ASR: 1.6666666666666667, TCB: {'PD_1': ['PD_2'], 'PD_2': ['PD_1'], 'PD_4': ['PD_1']}, FR: {'PD_1,PD_2': inf, 'PD_1,PD_4': inf, 'PD_2,PD_4': inf}
Warning: Failed to simulate operation add_request_edge: unsupported operand type(s) for -: 'list' and 'int'
  Computing metrics...
    RSI: {'PD_1,PD_2': 0.3333333333333333, 'PD_1,PD_4': 0.0, 'PD_2,PD_4': 0.0}, ASR: 1.3333333333333333, TCB: {'PD_1': ['PD_2'], 'PD_2': ['PD_1'], 'PD_4': []}, FR: {'PD_1,PD_2': inf, 'PD_1,PD_4': inf, 'PD_2,PD_4': inf}
  Computing metrics...
    RSI: {'PD_1,PD_2': 0.3333333333333333, 'PD_1,PD_4': 0.0, 'PD_2,PD_4': 0.0}, ASR: 1.6666666666666667, TCB: {'PD_1': ['PD_2'], 'PD_2': ['PD_1'], 'PD_4': ['PD_2']}, FR: {'PD_1,PD_2': inf, 'PD_1,PD_4': inf, 'PD_2,PD_4': inf}
Warning: Failed to simulate operation add_request_edge: unsupported operand type(s) for -: 'list' and 'int'
  Computing metrics...
    RSI: {'PD_1,PD_2': 0.3333333333333333, 'PD_1,PD_4': 0.0, 'PD_2,PD_4': 0.0}, ASR: 1.3333333333333333, TCB: {'PD_1': ['PD_2'], 'PD_2': ['PD_1'], 'PD_4': []}, FR: {'PD_1,PD_2': inf, 'PD_1,PD_4': inf, 'PD_2,PD_4': inf}
  Computing metrics...
    RSI: {'PD_1,PD_2': 0.3333333333333333, 'PD_1,PD_4': 0.0, 'PD_2,PD_4': 0.0}, ASR: 1.3333333333333333, TCB: {'PD_1': ['PD_2'], 'PD_2': ['PD_1'], 'PD_4': []}, FR: {'PD_1,PD_2': inf, 'PD_1,PD_4': inf, 'PD_2,PD_4': inf}
Warning: Failed to simulate operation remove_subset_edge: unsupported operand type(s) for -: 'list' and 'int'
  Computing metrics...
    RSI: {'PD_1,PD_2': 0.3333333333333333, 'PD_1,PD_4': 0.0, 'PD_2,PD_4': 0.0}, ASR: 1.3333333333333333, TCB: {'PD_1': ['PD_2'], 'PD_2': ['PD_1'], 'PD_4': []}, FR: {'PD_1,PD_2': inf, 'PD_1,PD_4': inf, 'PD_2,PD_4': inf}
  Computing metrics...
    RSI: {'PD_1,PD_2': 0.3333333333333333, 'PD_1,PD_4': 0.0, 'PD_2,PD_4': 0.0}, ASR: 1.3333333333333333, TCB: {'PD_1': ['PD_2'], 'PD_2': ['PD_1'], 'PD_4': []}, FR: {'PD_1,PD_2': inf, 'PD_1,PD_4': inf, 'PD_2,PD_4': inf}
Warning: Failed to simulate operation remove_subset_edge: unsupported operand type(s) for -: 'list' and 'int'
  Computing metrics...
    RSI: {'PD_1,PD_2': 0.3333333333333333, 'PD_1,PD_4': 0.0, 'PD_2,PD_4': 0.0}, ASR: 1.3333333333333333, TCB: {'PD_1': ['PD_2'], 'PD_2': ['PD_1'], 'PD_4': []}, FR: {'PD_1,PD_2': inf, 'PD_1,PD_4': inf, 'PD_2,PD_4': inf}
  Computing metrics...
    RSI: {'PD_1,PD_2': 0.3333333333333333, 'PD_1,PD_4': 0.0, 'PD_2,PD_4': 0.0}, ASR: 1.3333333333333333, TCB: {'PD_1': ['PD_2'], 'PD_2': ['PD_1'], 'PD_4': []}, FR: {'PD_1,PD_2': inf, 'PD_1,PD_4': inf, 'PD_2,PD_4': inf}
Warning: Failed to simulate operation remove_subset_edge: unsupported operand type(s) for -: 'list' and 'int'
  🚫 Filtered out 1 'add_pd' candidates (avoiding repetition)
  Trying best transition: primitive
    Target: remove empty PD_4
    Predicted improvement: 0.100
    Considered 19 other option(s):
      1. primitive: create new CONFIG file in FILE_SPACE_1 (improvement: 0.100)
      2. primitive: create new DATABASE file in FILE_SPACE_1 (improvement: 0.100)
      3. primitive: create new TEMP file in FILE_SPACE_1 (improvement: 0.100)
      4. primitive: create new LOG file in FILE_SPACE_1 (improvement: 0.100)
      5. primitive: remove FILE_1_3 (holders: 2) (improvement: 0.100)
      6. primitive: connect PD_1 to FILE_1_2 (improvement: 0.100)
      7. primitive: connect PD_2 to FILE_1_1 (improvement: 0.100)
      8. primitive: connect PD_4 to FILE_1_1 (improvement: 0.100)
      9. primitive: connect PD_4 to FILE_1_2 (improvement: 0.100)
      10. primitive: connect PD_4 to FILE_1_3 (improvement: 0.100)
      ... and 9 more
    ✅ Applied remove_pd
  Computing metrics...
    RSI: {'PD_1,PD_2': 0.3333333333333333}, ASR: 2.0, TCB: {'PD_1': ['PD_2'], 'PD_2': ['PD_1']}, FR: {'PD_1,PD_2': inf}
    Goal not met: RSI[PD_1,PD_2]=0.333 > 0.3
    Goals not yet satisfied, continuing exploration
  ✅ Mechanism saved! Total mechanisms found: 4

📊 Graph after iteration 4:
        # Graph structure:
        # PD_1 --HOLD--> FILE_1_1 -> FILE_SPACE_1
        # PD_1 --HOLD--> FILE_1_3 -> FILE_SPACE_1
        # PD_2 --HOLD--> FILE_1_2 -> FILE_SPACE_1
        # PD_2 --HOLD--> FILE_1_3 -> FILE_SPACE_1
        #
        # FILE_1_3 shared by: PD_1, PD_2


Iteration 5/10
  Computing metrics...
    RSI: {'PD_1,PD_2': 0.3333333333333333}, ASR: 2.0, TCB: {'PD_1': ['PD_2'], 'PD_2': ['PD_1']}, FR: {'PD_1,PD_2': inf}
  Computing metrics...
    RSI: {'PD_1,PD_2': 0.3333333333333333, 'PD_1,PD_3': 0.0, 'PD_2,PD_3': 0.0}, ASR: 1.3333333333333333, TCB: {'PD_1': ['PD_2'], 'PD_2': ['PD_1'], 'PD_3': []}, FR: {'PD_1,PD_2': inf, 'PD_1,PD_3': inf, 'PD_2,PD_3': inf}
Warning: Failed to simulate operation add_pd: unsupported operand type(s) for -: 'list' and 'int'
  Computing metrics...
    RSI: {'PD_1,PD_2': 0.3333333333333333}, ASR: 2.0, TCB: {'PD_1': ['PD_2'], 'PD_2': ['PD_1']}, FR: {'PD_1,PD_2': inf}
  Computing metrics...
    RSI: {'PD_1,PD_2': 0.3333333333333333}, ASR: 2.0, TCB: {'PD_1': ['PD_2'], 'PD_2': ['PD_1']}, FR: {'PD_1,PD_2': inf}
Warning: Failed to simulate operation add_file_resource: unsupported operand type(s) for -: 'list' and 'int'
  Computing metrics...
    RSI: {'PD_1,PD_2': 0.3333333333333333}, ASR: 2.0, TCB: {'PD_1': ['PD_2'], 'PD_2': ['PD_1']}, FR: {'PD_1,PD_2': inf}
  Computing metrics...
    RSI: {'PD_1,PD_2': 0.3333333333333333}, ASR: 2.0, TCB: {'PD_1': ['PD_2'], 'PD_2': ['PD_1']}, FR: {'PD_1,PD_2': inf}
Warning: Failed to simulate operation add_file_resource: unsupported operand type(s) for -: 'list' and 'int'
  Computing metrics...
    RSI: {'PD_1,PD_2': 0.3333333333333333}, ASR: 2.0, TCB: {'PD_1': ['PD_2'], 'PD_2': ['PD_1']}, FR: {'PD_1,PD_2': inf}
  Computing metrics...
    RSI: {'PD_1,PD_2': 0.3333333333333333}, ASR: 2.0, TCB: {'PD_1': ['PD_2'], 'PD_2': ['PD_1']}, FR: {'PD_1,PD_2': inf}
Warning: Failed to simulate operation add_file_resource: unsupported operand type(s) for -: 'list' and 'int'
  Computing metrics...
    RSI: {'PD_1,PD_2': 0.3333333333333333}, ASR: 2.0, TCB: {'PD_1': ['PD_2'], 'PD_2': ['PD_1']}, FR: {'PD_1,PD_2': inf}
  Computing metrics...
    RSI: {'PD_1,PD_2': 0.3333333333333333}, ASR: 2.0, TCB: {'PD_1': ['PD_2'], 'PD_2': ['PD_1']}, FR: {'PD_1,PD_2': inf}
Warning: Failed to simulate operation add_file_resource: unsupported operand type(s) for -: 'list' and 'int'
  Computing metrics...
    RSI: {'PD_1,PD_2': 0.3333333333333333}, ASR: 2.0, TCB: {'PD_1': ['PD_2'], 'PD_2': ['PD_1']}, FR: {'PD_1,PD_2': inf}
  Computing metrics...
    RSI: {'PD_1,PD_2': 0.3333333333333333}, ASR: 2.0, TCB: {'PD_1': ['PD_2'], 'PD_2': ['PD_1']}, FR: {'PD_1,PD_2': inf}
Warning: Failed to simulate operation remove_file_resource: unsupported operand type(s) for -: 'list' and 'int'
  Computing metrics...
    RSI: {'PD_1,PD_2': 0.3333333333333333}, ASR: 2.0, TCB: {'PD_1': ['PD_2'], 'PD_2': ['PD_1']}, FR: {'PD_1,PD_2': inf}
  Computing metrics...
    RSI: {'PD_1,PD_2': 0.6666666666666666}, ASR: 2.5, TCB: {'PD_1': ['PD_2'], 'PD_2': ['PD_1']}, FR: {'PD_1,PD_2': inf}
Warning: Failed to simulate operation add_hold_edge: unsupported operand type(s) for -: 'list' and 'int'
  Computing metrics...
    RSI: {'PD_1,PD_2': 0.3333333333333333}, ASR: 2.0, TCB: {'PD_1': ['PD_2'], 'PD_2': ['PD_1']}, FR: {'PD_1,PD_2': inf}
  Computing metrics...
    RSI: {'PD_1,PD_2': 0.6666666666666666}, ASR: 2.5, TCB: {'PD_1': ['PD_2'], 'PD_2': ['PD_1']}, FR: {'PD_1,PD_2': inf}
Warning: Failed to simulate operation add_hold_edge: unsupported operand type(s) for -: 'list' and 'int'
  Computing metrics...
    RSI: {'PD_1,PD_2': 0.3333333333333333}, ASR: 2.0, TCB: {'PD_1': ['PD_2'], 'PD_2': ['PD_1']}, FR: {'PD_1,PD_2': inf}
  Computing metrics...
    RSI: {'PD_1,PD_2': 0.3333333333333333}, ASR: 2.5, TCB: {'PD_1': ['PD_2'], 'PD_2': ['PD_1']}, FR: {'PD_1,PD_2': inf}
Warning: Failed to simulate operation add_request_edge: unsupported operand type(s) for -: 'list' and 'int'
  Computing metrics...
    RSI: {'PD_1,PD_2': 0.3333333333333333}, ASR: 2.0, TCB: {'PD_1': ['PD_2'], 'PD_2': ['PD_1']}, FR: {'PD_1,PD_2': inf}
  Computing metrics...
    RSI: {'PD_1,PD_2': 0.3333333333333333}, ASR: 2.5, TCB: {'PD_1': ['PD_2'], 'PD_2': ['PD_1']}, FR: {'PD_1,PD_2': inf}
Warning: Failed to simulate operation add_request_edge: unsupported operand type(s) for -: 'list' and 'int'
  Computing metrics...
    RSI: {'PD_1,PD_2': 0.3333333333333333}, ASR: 2.0, TCB: {'PD_1': ['PD_2'], 'PD_2': ['PD_1']}, FR: {'PD_1,PD_2': inf}
  Computing metrics...
    RSI: {'PD_1,PD_2': 0.3333333333333333}, ASR: 2.0, TCB: {'PD_1': ['PD_2'], 'PD_2': ['PD_1']}, FR: {'PD_1,PD_2': inf}
Warning: Failed to simulate operation remove_subset_edge: unsupported operand type(s) for -: 'list' and 'int'
  Computing metrics...
    RSI: {'PD_1,PD_2': 0.3333333333333333}, ASR: 2.0, TCB: {'PD_1': ['PD_2'], 'PD_2': ['PD_1']}, FR: {'PD_1,PD_2': inf}
  Computing metrics...
    RSI: {'PD_1,PD_2': 0.3333333333333333}, ASR: 2.0, TCB: {'PD_1': ['PD_2'], 'PD_2': ['PD_1']}, FR: {'PD_1,PD_2': inf}
Warning: Failed to simulate operation remove_subset_edge: unsupported operand type(s) for -: 'list' and 'int'
  Computing metrics...
    RSI: {'PD_1,PD_2': 0.3333333333333333}, ASR: 2.0, TCB: {'PD_1': ['PD_2'], 'PD_2': ['PD_1']}, FR: {'PD_1,PD_2': inf}
  Computing metrics...
    RSI: {'PD_1,PD_2': 0.3333333333333333}, ASR: 2.0, TCB: {'PD_1': ['PD_2'], 'PD_2': ['PD_1']}, FR: {'PD_1,PD_2': inf}
Warning: Failed to simulate operation remove_subset_edge: unsupported operand type(s) for -: 'list' and 'int'
  🚫 Filtered out 0 'remove_pd' candidates (avoiding repetition)
  Trying best transition: primitive
    Target: add new protection domain for system expansion
    Predicted improvement: 0.100
    Considered 12 other option(s):
      1. primitive: create new CONFIG file in FILE_SPACE_1 (improvement: 0.100)
      2. primitive: create new DATABASE file in FILE_SPACE_1 (improvement: 0.100)
      3. primitive: create new TEMP file in FILE_SPACE_1 (improvement: 0.100)
      4. primitive: create new LOG file in FILE_SPACE_1 (improvement: 0.100)
      5. primitive: remove FILE_1_3 (holders: 2) (improvement: 0.100)
      6. primitive: connect PD_1 to FILE_1_2 (improvement: 0.100)
      7. primitive: connect PD_2 to FILE_1_1 (improvement: 0.100)
      8. primitive: enable indirect access: PD_1 -> PD_2 (improvement: 0.100)
      9. primitive: enable indirect access: PD_2 -> PD_1 (improvement: 0.100)
      10. primitive: disconnect FILE_1_1 from FILE_SPACE_1 (improvement: 0.100)
      ... and 2 more
    ✅ Applied add_pd
  Computing metrics...
    RSI: {'PD_1,PD_2': 0.3333333333333333, 'PD_1,PD_5': 0.0, 'PD_2,PD_5': 0.0}, ASR: 1.3333333333333333, TCB: {'PD_1': ['PD_2'], 'PD_2': ['PD_1'], 'PD_5': []}, FR: {'PD_1,PD_2': inf, 'PD_1,PD_5': inf, 'PD_2,PD_5': inf}
    Goal not met: RSI[PD_1,PD_2]=0.333 > 0.3
    Goals not yet satisfied, continuing exploration
  ✅ Mechanism saved! Total mechanisms found: 5

📊 Graph after iteration 5:
        # Graph structure:
        # PD_1 --HOLD--> FILE_1_1 -> FILE_SPACE_1
        # PD_1 --HOLD--> FILE_1_3 -> FILE_SPACE_1
        # PD_2 --HOLD--> FILE_1_2 -> FILE_SPACE_1
        # PD_2 --HOLD--> FILE_1_3 -> FILE_SPACE_1
        # PD_5
        #
        # FILE_1_3 shared by: PD_1, PD_2


Iteration 6/10
  Computing metrics...
    RSI: {'PD_1,PD_2': 0.3333333333333333, 'PD_1,PD_5': 0.0, 'PD_2,PD_5': 0.0}, ASR: 1.3333333333333333, TCB: {'PD_1': ['PD_2'], 'PD_2': ['PD_1'], 'PD_5': []}, FR: {'PD_1,PD_2': inf, 'PD_1,PD_5': inf, 'PD_2,PD_5': inf}
  Computing metrics...
    RSI: {'PD_1,PD_2': 0.3333333333333333, 'PD_1,PD_5': 0.0, 'PD_1,PD_4': 0.0, 'PD_2,PD_5': 0.0, 'PD_2,PD_4': 0.0, 'PD_5,PD_4': 0.0}, ASR: 1.0, TCB: {'PD_1': ['PD_2'], 'PD_2': ['PD_1'], 'PD_5': [], 'PD_4': []}, FR: {'PD_1,PD_2': inf, 'PD_1,PD_5': inf, 'PD_1,PD_4': inf, 'PD_2,PD_5': inf, 'PD_2,PD_4': inf, 'PD_5,PD_4': inf}
Warning: Failed to simulate operation add_pd: unsupported operand type(s) for -: 'list' and 'int'
  Computing metrics...
    RSI: {'PD_1,PD_2': 0.3333333333333333, 'PD_1,PD_5': 0.0, 'PD_2,PD_5': 0.0}, ASR: 1.3333333333333333, TCB: {'PD_1': ['PD_2'], 'PD_2': ['PD_1'], 'PD_5': []}, FR: {'PD_1,PD_2': inf, 'PD_1,PD_5': inf, 'PD_2,PD_5': inf}
  Computing metrics...
    RSI: {'PD_1,PD_2': 0.3333333333333333, 'PD_1,PD_5': 0.0, 'PD_2,PD_5': 0.0}, ASR: 1.3333333333333333, TCB: {'PD_1': ['PD_2'], 'PD_2': ['PD_1'], 'PD_5': []}, FR: {'PD_1,PD_2': inf, 'PD_1,PD_5': inf, 'PD_2,PD_5': inf}
Warning: Failed to simulate operation remove_pd: unsupported operand type(s) for -: 'list' and 'int'
  Computing metrics...
    RSI: {'PD_1,PD_2': 0.3333333333333333, 'PD_1,PD_5': 0.0, 'PD_2,PD_5': 0.0}, ASR: 1.3333333333333333, TCB: {'PD_1': ['PD_2'], 'PD_2': ['PD_1'], 'PD_5': []}, FR: {'PD_1,PD_2': inf, 'PD_1,PD_5': inf, 'PD_2,PD_5': inf}
  Computing metrics...
    RSI: {'PD_1,PD_2': 0.3333333333333333, 'PD_1,PD_5': 0.0, 'PD_2,PD_5': 0.0}, ASR: 1.3333333333333333, TCB: {'PD_1': ['PD_2'], 'PD_2': ['PD_1'], 'PD_5': []}, FR: {'PD_1,PD_2': inf, 'PD_1,PD_5': inf, 'PD_2,PD_5': inf}
Warning: Failed to simulate operation add_file_resource: unsupported operand type(s) for -: 'list' and 'int'
  Computing metrics...
    RSI: {'PD_1,PD_2': 0.3333333333333333, 'PD_1,PD_5': 0.0, 'PD_2,PD_5': 0.0}, ASR: 1.3333333333333333, TCB: {'PD_1': ['PD_2'], 'PD_2': ['PD_1'], 'PD_5': []}, FR: {'PD_1,PD_2': inf, 'PD_1,PD_5': inf, 'PD_2,PD_5': inf}
  Computing metrics...
    RSI: {'PD_1,PD_2': 0.3333333333333333, 'PD_1,PD_5': 0.0, 'PD_2,PD_5': 0.0}, ASR: 1.3333333333333333, TCB: {'PD_1': ['PD_2'], 'PD_2': ['PD_1'], 'PD_5': []}, FR: {'PD_1,PD_2': inf, 'PD_1,PD_5': inf, 'PD_2,PD_5': inf}
Warning: Failed to simulate operation add_file_resource: unsupported operand type(s) for -: 'list' and 'int'
  Computing metrics...
    RSI: {'PD_1,PD_2': 0.3333333333333333, 'PD_1,PD_5': 0.0, 'PD_2,PD_5': 0.0}, ASR: 1.3333333333333333, TCB: {'PD_1': ['PD_2'], 'PD_2': ['PD_1'], 'PD_5': []}, FR: {'PD_1,PD_2': inf, 'PD_1,PD_5': inf, 'PD_2,PD_5': inf}
  Computing metrics...
    RSI: {'PD_1,PD_2': 0.3333333333333333, 'PD_1,PD_5': 0.0, 'PD_2,PD_5': 0.0}, ASR: 1.3333333333333333, TCB: {'PD_1': ['PD_2'], 'PD_2': ['PD_1'], 'PD_5': []}, FR: {'PD_1,PD_2': inf, 'PD_1,PD_5': inf, 'PD_2,PD_5': inf}
Warning: Failed to simulate operation add_file_resource: unsupported operand type(s) for -: 'list' and 'int'
  Computing metrics...
    RSI: {'PD_1,PD_2': 0.3333333333333333, 'PD_1,PD_5': 0.0, 'PD_2,PD_5': 0.0}, ASR: 1.3333333333333333, TCB: {'PD_1': ['PD_2'], 'PD_2': ['PD_1'], 'PD_5': []}, FR: {'PD_1,PD_2': inf, 'PD_1,PD_5': inf, 'PD_2,PD_5': inf}
  Computing metrics...
    RSI: {'PD_1,PD_2': 0.3333333333333333, 'PD_1,PD_5': 0.0, 'PD_2,PD_5': 0.0}, ASR: 1.3333333333333333, TCB: {'PD_1': ['PD_2'], 'PD_2': ['PD_1'], 'PD_5': []}, FR: {'PD_1,PD_2': inf, 'PD_1,PD_5': inf, 'PD_2,PD_5': inf}
Warning: Failed to simulate operation add_file_resource: unsupported operand type(s) for -: 'list' and 'int'
  Computing metrics...
    RSI: {'PD_1,PD_2': 0.3333333333333333, 'PD_1,PD_5': 0.0, 'PD_2,PD_5': 0.0}, ASR: 1.3333333333333333, TCB: {'PD_1': ['PD_2'], 'PD_2': ['PD_1'], 'PD_5': []}, FR: {'PD_1,PD_2': inf, 'PD_1,PD_5': inf, 'PD_2,PD_5': inf}
  Computing metrics...
    RSI: {'PD_1,PD_2': 0.3333333333333333, 'PD_1,PD_5': 0.0, 'PD_2,PD_5': 0.0}, ASR: 1.3333333333333333, TCB: {'PD_1': ['PD_2'], 'PD_2': ['PD_1'], 'PD_5': []}, FR: {'PD_1,PD_2': inf, 'PD_1,PD_5': inf, 'PD_2,PD_5': inf}
Warning: Failed to simulate operation remove_file_resource: unsupported operand type(s) for -: 'list' and 'int'
  Computing metrics...
    RSI: {'PD_1,PD_2': 0.3333333333333333, 'PD_1,PD_5': 0.0, 'PD_2,PD_5': 0.0}, ASR: 1.3333333333333333, TCB: {'PD_1': ['PD_2'], 'PD_2': ['PD_1'], 'PD_5': []}, FR: {'PD_1,PD_2': inf, 'PD_1,PD_5': inf, 'PD_2,PD_5': inf}
  Computing metrics...
    RSI: {'PD_1,PD_2': 0.6666666666666666, 'PD_1,PD_5': 0.0, 'PD_2,PD_5': 0.0}, ASR: 1.6666666666666667, TCB: {'PD_1': ['PD_2'], 'PD_2': ['PD_1'], 'PD_5': []}, FR: {'PD_1,PD_2': inf, 'PD_1,PD_5': inf, 'PD_2,PD_5': inf}
Warning: Failed to simulate operation add_hold_edge: unsupported operand type(s) for -: 'list' and 'int'
  Computing metrics...
    RSI: {'PD_1,PD_2': 0.3333333333333333, 'PD_1,PD_5': 0.0, 'PD_2,PD_5': 0.0}, ASR: 1.3333333333333333, TCB: {'PD_1': ['PD_2'], 'PD_2': ['PD_1'], 'PD_5': []}, FR: {'PD_1,PD_2': inf, 'PD_1,PD_5': inf, 'PD_2,PD_5': inf}
  Computing metrics...
    RSI: {'PD_1,PD_2': 0.6666666666666666, 'PD_1,PD_5': 0.0, 'PD_2,PD_5': 0.0}, ASR: 1.6666666666666667, TCB: {'PD_1': ['PD_2'], 'PD_2': ['PD_1'], 'PD_5': []}, FR: {'PD_1,PD_2': inf, 'PD_1,PD_5': inf, 'PD_2,PD_5': inf}
Warning: Failed to simulate operation add_hold_edge: unsupported operand type(s) for -: 'list' and 'int'
  Computing metrics...
    RSI: {'PD_1,PD_2': 0.3333333333333333, 'PD_1,PD_5': 0.0, 'PD_2,PD_5': 0.0}, ASR: 1.3333333333333333, TCB: {'PD_1': ['PD_2'], 'PD_2': ['PD_1'], 'PD_5': []}, FR: {'PD_1,PD_2': inf, 'PD_1,PD_5': inf, 'PD_2,PD_5': inf}
  Computing metrics...
    RSI: {'PD_1,PD_2': 0.3333333333333333, 'PD_1,PD_5': 0.5, 'PD_2,PD_5': 0.0}, ASR: 1.6666666666666667, TCB: {'PD_1': ['PD_5', 'PD_2'], 'PD_2': ['PD_1'], 'PD_5': ['PD_1']}, FR: {'PD_1,PD_2': inf, 'PD_1,PD_5': inf, 'PD_2,PD_5': inf}
Warning: Failed to simulate operation add_hold_edge: unsupported operand type(s) for -: 'list' and 'int'
  Computing metrics...
    RSI: {'PD_1,PD_2': 0.3333333333333333, 'PD_1,PD_5': 0.0, 'PD_2,PD_5': 0.0}, ASR: 1.3333333333333333, TCB: {'PD_1': ['PD_2'], 'PD_2': ['PD_1'], 'PD_5': []}, FR: {'PD_1,PD_2': inf, 'PD_1,PD_5': inf, 'PD_2,PD_5': inf}
  Computing metrics...
    RSI: {'PD_1,PD_2': 0.3333333333333333, 'PD_1,PD_5': 0.0, 'PD_2,PD_5': 0.5}, ASR: 1.6666666666666667, TCB: {'PD_1': ['PD_2'], 'PD_2': ['PD_1', 'PD_5'], 'PD_5': ['PD_2']}, FR: {'PD_1,PD_2': inf, 'PD_1,PD_5': inf, 'PD_2,PD_5': inf}
Warning: Failed to simulate operation add_hold_edge: unsupported operand type(s) for -: 'list' and 'int'
  Computing metrics...
    RSI: {'PD_1,PD_2': 0.3333333333333333, 'PD_1,PD_5': 0.0, 'PD_2,PD_5': 0.0}, ASR: 1.3333333333333333, TCB: {'PD_1': ['PD_2'], 'PD_2': ['PD_1'], 'PD_5': []}, FR: {'PD_1,PD_2': inf, 'PD_1,PD_5': inf, 'PD_2,PD_5': inf}
  Computing metrics...
    RSI: {'PD_1,PD_2': 0.3333333333333333, 'PD_1,PD_5': 0.5, 'PD_2,PD_5': 0.5}, ASR: 1.6666666666666667, TCB: {'PD_1': ['PD_2', 'PD_5'], 'PD_2': ['PD_1', 'PD_5'], 'PD_5': ['PD_1', 'PD_2']}, FR: {'PD_1,PD_2': inf, 'PD_1,PD_5': inf, 'PD_2,PD_5': inf}
Warning: Failed to simulate operation add_hold_edge: unsupported operand type(s) for -: 'list' and 'int'
  Computing metrics...
    RSI: {'PD_1,PD_2': 0.3333333333333333, 'PD_1,PD_5': 0.0, 'PD_2,PD_5': 0.0}, ASR: 1.3333333333333333, TCB: {'PD_1': ['PD_2'], 'PD_2': ['PD_1'], 'PD_5': []}, FR: {'PD_1,PD_2': inf, 'PD_1,PD_5': inf, 'PD_2,PD_5': inf}
  Computing metrics...
    RSI: {'PD_1,PD_2': 0.3333333333333333, 'PD_1,PD_5': 0.0, 'PD_2,PD_5': 0.0}, ASR: 1.6666666666666667, TCB: {'PD_1': ['PD_2'], 'PD_2': ['PD_1'], 'PD_5': []}, FR: {'PD_1,PD_2': inf, 'PD_1,PD_5': inf, 'PD_2,PD_5': inf}
Warning: Failed to simulate operation add_request_edge: unsupported operand type(s) for -: 'list' and 'int'
  Computing metrics...
    RSI: {'PD_1,PD_2': 0.3333333333333333, 'PD_1,PD_5': 0.0, 'PD_2,PD_5': 0.0}, ASR: 1.3333333333333333, TCB: {'PD_1': ['PD_2'], 'PD_2': ['PD_1'], 'PD_5': []}, FR: {'PD_1,PD_2': inf, 'PD_1,PD_5': inf, 'PD_2,PD_5': inf}
  Computing metrics...
    RSI: {'PD_1,PD_2': 0.3333333333333333, 'PD_1,PD_5': 0.0, 'PD_2,PD_5': 0.0}, ASR: 1.6666666666666667, TCB: {'PD_1': ['PD_5', 'PD_2'], 'PD_2': ['PD_1'], 'PD_5': []}, FR: {'PD_1,PD_2': inf, 'PD_1,PD_5': inf, 'PD_2,PD_5': inf}
Warning: Failed to simulate operation add_request_edge: unsupported operand type(s) for -: 'list' and 'int'
  Computing metrics...
    RSI: {'PD_1,PD_2': 0.3333333333333333, 'PD_1,PD_5': 0.0, 'PD_2,PD_5': 0.0}, ASR: 1.3333333333333333, TCB: {'PD_1': ['PD_2'], 'PD_2': ['PD_1'], 'PD_5': []}, FR: {'PD_1,PD_2': inf, 'PD_1,PD_5': inf, 'PD_2,PD_5': inf}
  Computing metrics...
    RSI: {'PD_1,PD_2': 0.3333333333333333, 'PD_1,PD_5': 0.0, 'PD_2,PD_5': 0.0}, ASR: 1.6666666666666667, TCB: {'PD_1': ['PD_2'], 'PD_2': ['PD_1'], 'PD_5': []}, FR: {'PD_1,PD_2': inf, 'PD_1,PD_5': inf, 'PD_2,PD_5': inf}
Warning: Failed to simulate operation add_request_edge: unsupported operand type(s) for -: 'list' and 'int'
  Computing metrics...
    RSI: {'PD_1,PD_2': 0.3333333333333333, 'PD_1,PD_5': 0.0, 'PD_2,PD_5': 0.0}, ASR: 1.3333333333333333, TCB: {'PD_1': ['PD_2'], 'PD_2': ['PD_1'], 'PD_5': []}, FR: {'PD_1,PD_2': inf, 'PD_1,PD_5': inf, 'PD_2,PD_5': inf}
  Computing metrics...
    RSI: {'PD_1,PD_2': 0.3333333333333333, 'PD_1,PD_5': 0.0, 'PD_2,PD_5': 0.0}, ASR: 1.6666666666666667, TCB: {'PD_1': ['PD_2'], 'PD_2': ['PD_5', 'PD_1'], 'PD_5': []}, FR: {'PD_1,PD_2': inf, 'PD_1,PD_5': inf, 'PD_2,PD_5': inf}
Warning: Failed to simulate operation add_request_edge: unsupported operand type(s) for -: 'list' and 'int'
  Computing metrics...
    RSI: {'PD_1,PD_2': 0.3333333333333333, 'PD_1,PD_5': 0.0, 'PD_2,PD_5': 0.0}, ASR: 1.3333333333333333, TCB: {'PD_1': ['PD_2'], 'PD_2': ['PD_1'], 'PD_5': []}, FR: {'PD_1,PD_2': inf, 'PD_1,PD_5': inf, 'PD_2,PD_5': inf}
  Computing metrics...
    RSI: {'PD_1,PD_2': 0.3333333333333333, 'PD_1,PD_5': 0.0, 'PD_2,PD_5': 0.0}, ASR: 1.6666666666666667, TCB: {'PD_1': ['PD_2'], 'PD_2': ['PD_1'], 'PD_5': ['PD_1']}, FR: {'PD_1,PD_2': inf, 'PD_1,PD_5': inf, 'PD_2,PD_5': inf}
Warning: Failed to simulate operation add_request_edge: unsupported operand type(s) for -: 'list' and 'int'
  Computing metrics...
    RSI: {'PD_1,PD_2': 0.3333333333333333, 'PD_1,PD_5': 0.0, 'PD_2,PD_5': 0.0}, ASR: 1.3333333333333333, TCB: {'PD_1': ['PD_2'], 'PD_2': ['PD_1'], 'PD_5': []}, FR: {'PD_1,PD_2': inf, 'PD_1,PD_5': inf, 'PD_2,PD_5': inf}
  Computing metrics...
    RSI: {'PD_1,PD_2': 0.3333333333333333, 'PD_1,PD_5': 0.0, 'PD_2,PD_5': 0.0}, ASR: 1.6666666666666667, TCB: {'PD_1': ['PD_2'], 'PD_2': ['PD_1'], 'PD_5': ['PD_2']}, FR: {'PD_1,PD_2': inf, 'PD_1,PD_5': inf, 'PD_2,PD_5': inf}
Warning: Failed to simulate operation add_request_edge: unsupported operand type(s) for -: 'list' and 'int'
  Computing metrics...
    RSI: {'PD_1,PD_2': 0.3333333333333333, 'PD_1,PD_5': 0.0, 'PD_2,PD_5': 0.0}, ASR: 1.3333333333333333, TCB: {'PD_1': ['PD_2'], 'PD_2': ['PD_1'], 'PD_5': []}, FR: {'PD_1,PD_2': inf, 'PD_1,PD_5': inf, 'PD_2,PD_5': inf}
  Computing metrics...
    RSI: {'PD_1,PD_2': 0.3333333333333333, 'PD_1,PD_5': 0.0, 'PD_2,PD_5': 0.0}, ASR: 1.3333333333333333, TCB: {'PD_1': ['PD_2'], 'PD_2': ['PD_1'], 'PD_5': []}, FR: {'PD_1,PD_2': inf, 'PD_1,PD_5': inf, 'PD_2,PD_5': inf}
Warning: Failed to simulate operation remove_subset_edge: unsupported operand type(s) for -: 'list' and 'int'
  Computing metrics...
    RSI: {'PD_1,PD_2': 0.3333333333333333, 'PD_1,PD_5': 0.0, 'PD_2,PD_5': 0.0}, ASR: 1.3333333333333333, TCB: {'PD_1': ['PD_2'], 'PD_2': ['PD_1'], 'PD_5': []}, FR: {'PD_1,PD_2': inf, 'PD_1,PD_5': inf, 'PD_2,PD_5': inf}
  Computing metrics...
    RSI: {'PD_1,PD_2': 0.3333333333333333, 'PD_1,PD_5': 0.0, 'PD_2,PD_5': 0.0}, ASR: 1.3333333333333333, TCB: {'PD_1': ['PD_2'], 'PD_2': ['PD_1'], 'PD_5': []}, FR: {'PD_1,PD_2': inf, 'PD_1,PD_5': inf, 'PD_2,PD_5': inf}
Warning: Failed to simulate operation remove_subset_edge: unsupported operand type(s) for -: 'list' and 'int'
  Computing metrics...
    RSI: {'PD_1,PD_2': 0.3333333333333333, 'PD_1,PD_5': 0.0, 'PD_2,PD_5': 0.0}, ASR: 1.3333333333333333, TCB: {'PD_1': ['PD_2'], 'PD_2': ['PD_1'], 'PD_5': []}, FR: {'PD_1,PD_2': inf, 'PD_1,PD_5': inf, 'PD_2,PD_5': inf}
  Computing metrics...
    RSI: {'PD_1,PD_2': 0.3333333333333333, 'PD_1,PD_5': 0.0, 'PD_2,PD_5': 0.0}, ASR: 1.3333333333333333, TCB: {'PD_1': ['PD_2'], 'PD_2': ['PD_1'], 'PD_5': []}, FR: {'PD_1,PD_2': inf, 'PD_1,PD_5': inf, 'PD_2,PD_5': inf}
Warning: Failed to simulate operation remove_subset_edge: unsupported operand type(s) for -: 'list' and 'int'
  🚫 Filtered out 1 'add_pd' candidates (avoiding repetition)
  Trying best transition: primitive
    Target: remove empty PD_5
    Predicted improvement: 0.100
    Considered 19 other option(s):
      1. primitive: create new CONFIG file in FILE_SPACE_1 (improvement: 0.100)
      2. primitive: create new DATABASE file in FILE_SPACE_1 (improvement: 0.100)
      3. primitive: create new TEMP file in FILE_SPACE_1 (improvement: 0.100)
      4. primitive: create new LOG file in FILE_SPACE_1 (improvement: 0.100)
      5. primitive: remove FILE_1_3 (holders: 2) (improvement: 0.100)
      6. primitive: connect PD_1 to FILE_1_2 (improvement: 0.100)
      7. primitive: connect PD_2 to FILE_1_1 (improvement: 0.100)
      8. primitive: connect PD_5 to FILE_1_1 (improvement: 0.100)
      9. primitive: connect PD_5 to FILE_1_2 (improvement: 0.100)
      10. primitive: connect PD_5 to FILE_1_3 (improvement: 0.100)
      ... and 9 more
    ✅ Applied remove_pd
  Computing metrics...
    RSI: {'PD_1,PD_2': 0.3333333333333333}, ASR: 2.0, TCB: {'PD_1': ['PD_2'], 'PD_2': ['PD_1']}, FR: {'PD_1,PD_2': inf}
    Goal not met: RSI[PD_1,PD_2]=0.333 > 0.3
    Goals not yet satisfied, continuing exploration
  ✅ Mechanism saved! Total mechanisms found: 6

📊 Graph after iteration 6:
        # Graph structure:
        # PD_1 --HOLD--> FILE_1_1 -> FILE_SPACE_1
        # PD_1 --HOLD--> FILE_1_3 -> FILE_SPACE_1
        # PD_2 --HOLD--> FILE_1_2 -> FILE_SPACE_1
        # PD_2 --HOLD--> FILE_1_3 -> FILE_SPACE_1
        #
        # FILE_1_3 shared by: PD_1, PD_2


Iteration 7/10
  Computing metrics...
    RSI: {'PD_1,PD_2': 0.3333333333333333}, ASR: 2.0, TCB: {'PD_1': ['PD_2'], 'PD_2': ['PD_1']}, FR: {'PD_1,PD_2': inf}
  Computing metrics...
    RSI: {'PD_1,PD_2': 0.3333333333333333, 'PD_1,PD_3': 0.0, 'PD_2,PD_3': 0.0}, ASR: 1.3333333333333333, TCB: {'PD_1': ['PD_2'], 'PD_2': ['PD_1'], 'PD_3': []}, FR: {'PD_1,PD_2': inf, 'PD_1,PD_3': inf, 'PD_2,PD_3': inf}
Warning: Failed to simulate operation add_pd: unsupported operand type(s) for -: 'list' and 'int'
  Computing metrics...
    RSI: {'PD_1,PD_2': 0.3333333333333333}, ASR: 2.0, TCB: {'PD_1': ['PD_2'], 'PD_2': ['PD_1']}, FR: {'PD_1,PD_2': inf}
  Computing metrics...
    RSI: {'PD_1,PD_2': 0.3333333333333333}, ASR: 2.0, TCB: {'PD_1': ['PD_2'], 'PD_2': ['PD_1']}, FR: {'PD_1,PD_2': inf}
Warning: Failed to simulate operation add_file_resource: unsupported operand type(s) for -: 'list' and 'int'
  Computing metrics...
    RSI: {'PD_1,PD_2': 0.3333333333333333}, ASR: 2.0, TCB: {'PD_1': ['PD_2'], 'PD_2': ['PD_1']}, FR: {'PD_1,PD_2': inf}
  Computing metrics...
    RSI: {'PD_1,PD_2': 0.3333333333333333}, ASR: 2.0, TCB: {'PD_1': ['PD_2'], 'PD_2': ['PD_1']}, FR: {'PD_1,PD_2': inf}
Warning: Failed to simulate operation add_file_resource: unsupported operand type(s) for -: 'list' and 'int'
  Computing metrics...
    RSI: {'PD_1,PD_2': 0.3333333333333333}, ASR: 2.0, TCB: {'PD_1': ['PD_2'], 'PD_2': ['PD_1']}, FR: {'PD_1,PD_2': inf}
  Computing metrics...
    RSI: {'PD_1,PD_2': 0.3333333333333333}, ASR: 2.0, TCB: {'PD_1': ['PD_2'], 'PD_2': ['PD_1']}, FR: {'PD_1,PD_2': inf}
Warning: Failed to simulate operation add_file_resource: unsupported operand type(s) for -: 'list' and 'int'
  Computing metrics...
    RSI: {'PD_1,PD_2': 0.3333333333333333}, ASR: 2.0, TCB: {'PD_1': ['PD_2'], 'PD_2': ['PD_1']}, FR: {'PD_1,PD_2': inf}
  Computing metrics...
    RSI: {'PD_1,PD_2': 0.3333333333333333}, ASR: 2.0, TCB: {'PD_1': ['PD_2'], 'PD_2': ['PD_1']}, FR: {'PD_1,PD_2': inf}
Warning: Failed to simulate operation add_file_resource: unsupported operand type(s) for -: 'list' and 'int'
  Computing metrics...
    RSI: {'PD_1,PD_2': 0.3333333333333333}, ASR: 2.0, TCB: {'PD_1': ['PD_2'], 'PD_2': ['PD_1']}, FR: {'PD_1,PD_2': inf}
  Computing metrics...
    RSI: {'PD_1,PD_2': 0.3333333333333333}, ASR: 2.0, TCB: {'PD_1': ['PD_2'], 'PD_2': ['PD_1']}, FR: {'PD_1,PD_2': inf}
Warning: Failed to simulate operation remove_file_resource: unsupported operand type(s) for -: 'list' and 'int'
  Computing metrics...
    RSI: {'PD_1,PD_2': 0.3333333333333333}, ASR: 2.0, TCB: {'PD_1': ['PD_2'], 'PD_2': ['PD_1']}, FR: {'PD_1,PD_2': inf}
  Computing metrics...
    RSI: {'PD_1,PD_2': 0.6666666666666666}, ASR: 2.5, TCB: {'PD_1': ['PD_2'], 'PD_2': ['PD_1']}, FR: {'PD_1,PD_2': inf}
Warning: Failed to simulate operation add_hold_edge: unsupported operand type(s) for -: 'list' and 'int'
  Computing metrics...
    RSI: {'PD_1,PD_2': 0.3333333333333333}, ASR: 2.0, TCB: {'PD_1': ['PD_2'], 'PD_2': ['PD_1']}, FR: {'PD_1,PD_2': inf}
  Computing metrics...
    RSI: {'PD_1,PD_2': 0.6666666666666666}, ASR: 2.5, TCB: {'PD_1': ['PD_2'], 'PD_2': ['PD_1']}, FR: {'PD_1,PD_2': inf}
Warning: Failed to simulate operation add_hold_edge: unsupported operand type(s) for -: 'list' and 'int'
  Computing metrics...
    RSI: {'PD_1,PD_2': 0.3333333333333333}, ASR: 2.0, TCB: {'PD_1': ['PD_2'], 'PD_2': ['PD_1']}, FR: {'PD_1,PD_2': inf}
  Computing metrics...
    RSI: {'PD_1,PD_2': 0.3333333333333333}, ASR: 2.5, TCB: {'PD_1': ['PD_2'], 'PD_2': ['PD_1']}, FR: {'PD_1,PD_2': inf}
Warning: Failed to simulate operation add_request_edge: unsupported operand type(s) for -: 'list' and 'int'
  Computing metrics...
    RSI: {'PD_1,PD_2': 0.3333333333333333}, ASR: 2.0, TCB: {'PD_1': ['PD_2'], 'PD_2': ['PD_1']}, FR: {'PD_1,PD_2': inf}
  Computing metrics...
    RSI: {'PD_1,PD_2': 0.3333333333333333}, ASR: 2.5, TCB: {'PD_1': ['PD_2'], 'PD_2': ['PD_1']}, FR: {'PD_1,PD_2': inf}
Warning: Failed to simulate operation add_request_edge: unsupported operand type(s) for -: 'list' and 'int'
  Computing metrics...
    RSI: {'PD_1,PD_2': 0.3333333333333333}, ASR: 2.0, TCB: {'PD_1': ['PD_2'], 'PD_2': ['PD_1']}, FR: {'PD_1,PD_2': inf}
  Computing metrics...
    RSI: {'PD_1,PD_2': 0.3333333333333333}, ASR: 2.0, TCB: {'PD_1': ['PD_2'], 'PD_2': ['PD_1']}, FR: {'PD_1,PD_2': inf}
Warning: Failed to simulate operation remove_subset_edge: unsupported operand type(s) for -: 'list' and 'int'
  Computing metrics...
    RSI: {'PD_1,PD_2': 0.3333333333333333}, ASR: 2.0, TCB: {'PD_1': ['PD_2'], 'PD_2': ['PD_1']}, FR: {'PD_1,PD_2': inf}
  Computing metrics...
    RSI: {'PD_1,PD_2': 0.3333333333333333}, ASR: 2.0, TCB: {'PD_1': ['PD_2'], 'PD_2': ['PD_1']}, FR: {'PD_1,PD_2': inf}
Warning: Failed to simulate operation remove_subset_edge: unsupported operand type(s) for -: 'list' and 'int'
  Computing metrics...
    RSI: {'PD_1,PD_2': 0.3333333333333333}, ASR: 2.0, TCB: {'PD_1': ['PD_2'], 'PD_2': ['PD_1']}, FR: {'PD_1,PD_2': inf}
  Computing metrics...
    RSI: {'PD_1,PD_2': 0.3333333333333333}, ASR: 2.0, TCB: {'PD_1': ['PD_2'], 'PD_2': ['PD_1']}, FR: {'PD_1,PD_2': inf}
Warning: Failed to simulate operation remove_subset_edge: unsupported operand type(s) for -: 'list' and 'int'
  🚫 Filtered out 0 'remove_pd' candidates (avoiding repetition)
  Trying best transition: primitive
    Target: add new protection domain for system expansion
    Predicted improvement: 0.100
    Considered 12 other option(s):
      1. primitive: create new CONFIG file in FILE_SPACE_1 (improvement: 0.100)
      2. primitive: create new DATABASE file in FILE_SPACE_1 (improvement: 0.100)
      3. primitive: create new TEMP file in FILE_SPACE_1 (improvement: 0.100)
      4. primitive: create new LOG file in FILE_SPACE_1 (improvement: 0.100)
      5. primitive: remove FILE_1_3 (holders: 2) (improvement: 0.100)
      6. primitive: connect PD_1 to FILE_1_2 (improvement: 0.100)
      7. primitive: connect PD_2 to FILE_1_1 (improvement: 0.100)
      8. primitive: enable indirect access: PD_1 -> PD_2 (improvement: 0.100)
      9. primitive: enable indirect access: PD_2 -> PD_1 (improvement: 0.100)
      10. primitive: disconnect FILE_1_1 from FILE_SPACE_1 (improvement: 0.100)
      ... and 2 more
    ✅ Applied add_pd
  Computing metrics...
    RSI: {'PD_1,PD_2': 0.3333333333333333, 'PD_1,PD_6': 0.0, 'PD_2,PD_6': 0.0}, ASR: 1.3333333333333333, TCB: {'PD_1': ['PD_2'], 'PD_2': ['PD_1'], 'PD_6': []}, FR: {'PD_1,PD_2': inf, 'PD_1,PD_6': inf, 'PD_2,PD_6': inf}
    Goal not met: RSI[PD_1,PD_2]=0.333 > 0.3
    Goals not yet satisfied, continuing exploration
  ✅ Mechanism saved! Total mechanisms found: 7

📊 Graph after iteration 7:
        # Graph structure:
        # PD_1 --HOLD--> FILE_1_1 -> FILE_SPACE_1
        # PD_1 --HOLD--> FILE_1_3 -> FILE_SPACE_1
        # PD_2 --HOLD--> FILE_1_2 -> FILE_SPACE_1
        # PD_2 --HOLD--> FILE_1_3 -> FILE_SPACE_1
        # PD_6
        #
        # FILE_1_3 shared by: PD_1, PD_2


Iteration 8/10
  Computing metrics...
    RSI: {'PD_1,PD_2': 0.3333333333333333, 'PD_1,PD_6': 0.0, 'PD_2,PD_6': 0.0}, ASR: 1.3333333333333333, TCB: {'PD_1': ['PD_2'], 'PD_2': ['PD_1'], 'PD_6': []}, FR: {'PD_1,PD_2': inf, 'PD_1,PD_6': inf, 'PD_2,PD_6': inf}
  Computing metrics...
    RSI: {'PD_1,PD_2': 0.3333333333333333, 'PD_1,PD_6': 0.0, 'PD_1,PD_4': 0.0, 'PD_2,PD_6': 0.0, 'PD_2,PD_4': 0.0, 'PD_6,PD_4': 0.0}, ASR: 1.0, TCB: {'PD_1': ['PD_2'], 'PD_2': ['PD_1'], 'PD_6': [], 'PD_4': []}, FR: {'PD_1,PD_2': inf, 'PD_1,PD_6': inf, 'PD_1,PD_4': inf, 'PD_2,PD_6': inf, 'PD_2,PD_4': inf, 'PD_6,PD_4': inf}
Warning: Failed to simulate operation add_pd: unsupported operand type(s) for -: 'list' and 'int'
  Computing metrics...
    RSI: {'PD_1,PD_2': 0.3333333333333333, 'PD_1,PD_6': 0.0, 'PD_2,PD_6': 0.0}, ASR: 1.3333333333333333, TCB: {'PD_1': ['PD_2'], 'PD_2': ['PD_1'], 'PD_6': []}, FR: {'PD_1,PD_2': inf, 'PD_1,PD_6': inf, 'PD_2,PD_6': inf}
  Computing metrics...
    RSI: {'PD_1,PD_2': 0.3333333333333333, 'PD_1,PD_6': 0.0, 'PD_2,PD_6': 0.0}, ASR: 1.3333333333333333, TCB: {'PD_1': ['PD_2'], 'PD_2': ['PD_1'], 'PD_6': []}, FR: {'PD_1,PD_2': inf, 'PD_1,PD_6': inf, 'PD_2,PD_6': inf}
Warning: Failed to simulate operation remove_pd: unsupported operand type(s) for -: 'list' and 'int'
  Computing metrics...
    RSI: {'PD_1,PD_2': 0.3333333333333333, 'PD_1,PD_6': 0.0, 'PD_2,PD_6': 0.0}, ASR: 1.3333333333333333, TCB: {'PD_1': ['PD_2'], 'PD_2': ['PD_1'], 'PD_6': []}, FR: {'PD_1,PD_2': inf, 'PD_1,PD_6': inf, 'PD_2,PD_6': inf}
  Computing metrics...
    RSI: {'PD_1,PD_2': 0.3333333333333333, 'PD_1,PD_6': 0.0, 'PD_2,PD_6': 0.0}, ASR: 1.3333333333333333, TCB: {'PD_1': ['PD_2'], 'PD_2': ['PD_1'], 'PD_6': []}, FR: {'PD_1,PD_2': inf, 'PD_1,PD_6': inf, 'PD_2,PD_6': inf}
Warning: Failed to simulate operation add_file_resource: unsupported operand type(s) for -: 'list' and 'int'
  Computing metrics...
    RSI: {'PD_1,PD_2': 0.3333333333333333, 'PD_1,PD_6': 0.0, 'PD_2,PD_6': 0.0}, ASR: 1.3333333333333333, TCB: {'PD_1': ['PD_2'], 'PD_2': ['PD_1'], 'PD_6': []}, FR: {'PD_1,PD_2': inf, 'PD_1,PD_6': inf, 'PD_2,PD_6': inf}
  Computing metrics...
    RSI: {'PD_1,PD_2': 0.3333333333333333, 'PD_1,PD_6': 0.0, 'PD_2,PD_6': 0.0}, ASR: 1.3333333333333333, TCB: {'PD_1': ['PD_2'], 'PD_2': ['PD_1'], 'PD_6': []}, FR: {'PD_1,PD_2': inf, 'PD_1,PD_6': inf, 'PD_2,PD_6': inf}
Warning: Failed to simulate operation add_file_resource: unsupported operand type(s) for -: 'list' and 'int'
  Computing metrics...
    RSI: {'PD_1,PD_2': 0.3333333333333333, 'PD_1,PD_6': 0.0, 'PD_2,PD_6': 0.0}, ASR: 1.3333333333333333, TCB: {'PD_1': ['PD_2'], 'PD_2': ['PD_1'], 'PD_6': []}, FR: {'PD_1,PD_2': inf, 'PD_1,PD_6': inf, 'PD_2,PD_6': inf}
  Computing metrics...
    RSI: {'PD_1,PD_2': 0.3333333333333333, 'PD_1,PD_6': 0.0, 'PD_2,PD_6': 0.0}, ASR: 1.3333333333333333, TCB: {'PD_1': ['PD_2'], 'PD_2': ['PD_1'], 'PD_6': []}, FR: {'PD_1,PD_2': inf, 'PD_1,PD_6': inf, 'PD_2,PD_6': inf}
Warning: Failed to simulate operation add_file_resource: unsupported operand type(s) for -: 'list' and 'int'
  Computing metrics...
    RSI: {'PD_1,PD_2': 0.3333333333333333, 'PD_1,PD_6': 0.0, 'PD_2,PD_6': 0.0}, ASR: 1.3333333333333333, TCB: {'PD_1': ['PD_2'], 'PD_2': ['PD_1'], 'PD_6': []}, FR: {'PD_1,PD_2': inf, 'PD_1,PD_6': inf, 'PD_2,PD_6': inf}
  Computing metrics...
    RSI: {'PD_1,PD_2': 0.3333333333333333, 'PD_1,PD_6': 0.0, 'PD_2,PD_6': 0.0}, ASR: 1.3333333333333333, TCB: {'PD_1': ['PD_2'], 'PD_2': ['PD_1'], 'PD_6': []}, FR: {'PD_1,PD_2': inf, 'PD_1,PD_6': inf, 'PD_2,PD_6': inf}
Warning: Failed to simulate operation add_file_resource: unsupported operand type(s) for -: 'list' and 'int'
  Computing metrics...
    RSI: {'PD_1,PD_2': 0.3333333333333333, 'PD_1,PD_6': 0.0, 'PD_2,PD_6': 0.0}, ASR: 1.3333333333333333, TCB: {'PD_1': ['PD_2'], 'PD_2': ['PD_1'], 'PD_6': []}, FR: {'PD_1,PD_2': inf, 'PD_1,PD_6': inf, 'PD_2,PD_6': inf}
  Computing metrics...
    RSI: {'PD_1,PD_2': 0.3333333333333333, 'PD_1,PD_6': 0.0, 'PD_2,PD_6': 0.0}, ASR: 1.3333333333333333, TCB: {'PD_1': ['PD_2'], 'PD_2': ['PD_1'], 'PD_6': []}, FR: {'PD_1,PD_2': inf, 'PD_1,PD_6': inf, 'PD_2,PD_6': inf}
Warning: Failed to simulate operation remove_file_resource: unsupported operand type(s) for -: 'list' and 'int'
  Computing metrics...
    RSI: {'PD_1,PD_2': 0.3333333333333333, 'PD_1,PD_6': 0.0, 'PD_2,PD_6': 0.0}, ASR: 1.3333333333333333, TCB: {'PD_1': ['PD_2'], 'PD_2': ['PD_1'], 'PD_6': []}, FR: {'PD_1,PD_2': inf, 'PD_1,PD_6': inf, 'PD_2,PD_6': inf}
  Computing metrics...
    RSI: {'PD_1,PD_2': 0.6666666666666666, 'PD_1,PD_6': 0.0, 'PD_2,PD_6': 0.0}, ASR: 1.6666666666666667, TCB: {'PD_1': ['PD_2'], 'PD_2': ['PD_1'], 'PD_6': []}, FR: {'PD_1,PD_2': inf, 'PD_1,PD_6': inf, 'PD_2,PD_6': inf}
Warning: Failed to simulate operation add_hold_edge: unsupported operand type(s) for -: 'list' and 'int'
  Computing metrics...
    RSI: {'PD_1,PD_2': 0.3333333333333333, 'PD_1,PD_6': 0.0, 'PD_2,PD_6': 0.0}, ASR: 1.3333333333333333, TCB: {'PD_1': ['PD_2'], 'PD_2': ['PD_1'], 'PD_6': []}, FR: {'PD_1,PD_2': inf, 'PD_1,PD_6': inf, 'PD_2,PD_6': inf}
  Computing metrics...
    RSI: {'PD_1,PD_2': 0.6666666666666666, 'PD_1,PD_6': 0.0, 'PD_2,PD_6': 0.0}, ASR: 1.6666666666666667, TCB: {'PD_1': ['PD_2'], 'PD_2': ['PD_1'], 'PD_6': []}, FR: {'PD_1,PD_2': inf, 'PD_1,PD_6': inf, 'PD_2,PD_6': inf}
Warning: Failed to simulate operation add_hold_edge: unsupported operand type(s) for -: 'list' and 'int'
  Computing metrics...
    RSI: {'PD_1,PD_2': 0.3333333333333333, 'PD_1,PD_6': 0.0, 'PD_2,PD_6': 0.0}, ASR: 1.3333333333333333, TCB: {'PD_1': ['PD_2'], 'PD_2': ['PD_1'], 'PD_6': []}, FR: {'PD_1,PD_2': inf, 'PD_1,PD_6': inf, 'PD_2,PD_6': inf}
  Computing metrics...
    RSI: {'PD_1,PD_2': 0.3333333333333333, 'PD_1,PD_6': 0.5, 'PD_2,PD_6': 0.0}, ASR: 1.6666666666666667, TCB: {'PD_1': ['PD_6', 'PD_2'], 'PD_2': ['PD_1'], 'PD_6': ['PD_1']}, FR: {'PD_1,PD_2': inf, 'PD_1,PD_6': inf, 'PD_2,PD_6': inf}
Warning: Failed to simulate operation add_hold_edge: unsupported operand type(s) for -: 'list' and 'int'
  Computing metrics...
    RSI: {'PD_1,PD_2': 0.3333333333333333, 'PD_1,PD_6': 0.0, 'PD_2,PD_6': 0.0}, ASR: 1.3333333333333333, TCB: {'PD_1': ['PD_2'], 'PD_2': ['PD_1'], 'PD_6': []}, FR: {'PD_1,PD_2': inf, 'PD_1,PD_6': inf, 'PD_2,PD_6': inf}
  Computing metrics...
    RSI: {'PD_1,PD_2': 0.3333333333333333, 'PD_1,PD_6': 0.0, 'PD_2,PD_6': 0.5}, ASR: 1.6666666666666667, TCB: {'PD_1': ['PD_2'], 'PD_2': ['PD_1', 'PD_6'], 'PD_6': ['PD_2']}, FR: {'PD_1,PD_2': inf, 'PD_1,PD_6': inf, 'PD_2,PD_6': inf}
Warning: Failed to simulate operation add_hold_edge: unsupported operand type(s) for -: 'list' and 'int'
  Computing metrics...
    RSI: {'PD_1,PD_2': 0.3333333333333333, 'PD_1,PD_6': 0.0, 'PD_2,PD_6': 0.0}, ASR: 1.3333333333333333, TCB: {'PD_1': ['PD_2'], 'PD_2': ['PD_1'], 'PD_6': []}, FR: {'PD_1,PD_2': inf, 'PD_1,PD_6': inf, 'PD_2,PD_6': inf}
  Computing metrics...
    RSI: {'PD_1,PD_2': 0.3333333333333333, 'PD_1,PD_6': 0.5, 'PD_2,PD_6': 0.5}, ASR: 1.6666666666666667, TCB: {'PD_1': ['PD_2', 'PD_6'], 'PD_2': ['PD_1', 'PD_6'], 'PD_6': ['PD_1', 'PD_2']}, FR: {'PD_1,PD_2': inf, 'PD_1,PD_6': inf, 'PD_2,PD_6': inf}
Warning: Failed to simulate operation add_hold_edge: unsupported operand type(s) for -: 'list' and 'int'
  Computing metrics...
    RSI: {'PD_1,PD_2': 0.3333333333333333, 'PD_1,PD_6': 0.0, 'PD_2,PD_6': 0.0}, ASR: 1.3333333333333333, TCB: {'PD_1': ['PD_2'], 'PD_2': ['PD_1'], 'PD_6': []}, FR: {'PD_1,PD_2': inf, 'PD_1,PD_6': inf, 'PD_2,PD_6': inf}
  Computing metrics...
    RSI: {'PD_1,PD_2': 0.3333333333333333, 'PD_1,PD_6': 0.0, 'PD_2,PD_6': 0.0}, ASR: 1.6666666666666667, TCB: {'PD_1': ['PD_2'], 'PD_2': ['PD_1'], 'PD_6': []}, FR: {'PD_1,PD_2': inf, 'PD_1,PD_6': inf, 'PD_2,PD_6': inf}
Warning: Failed to simulate operation add_request_edge: unsupported operand type(s) for -: 'list' and 'int'
  Computing metrics...
    RSI: {'PD_1,PD_2': 0.3333333333333333, 'PD_1,PD_6': 0.0, 'PD_2,PD_6': 0.0}, ASR: 1.3333333333333333, TCB: {'PD_1': ['PD_2'], 'PD_2': ['PD_1'], 'PD_6': []}, FR: {'PD_1,PD_2': inf, 'PD_1,PD_6': inf, 'PD_2,PD_6': inf}
  Computing metrics...
    RSI: {'PD_1,PD_2': 0.3333333333333333, 'PD_1,PD_6': 0.0, 'PD_2,PD_6': 0.0}, ASR: 1.6666666666666667, TCB: {'PD_1': ['PD_6', 'PD_2'], 'PD_2': ['PD_1'], 'PD_6': []}, FR: {'PD_1,PD_2': inf, 'PD_1,PD_6': inf, 'PD_2,PD_6': inf}
Warning: Failed to simulate operation add_request_edge: unsupported operand type(s) for -: 'list' and 'int'
  Computing metrics...
    RSI: {'PD_1,PD_2': 0.3333333333333333, 'PD_1,PD_6': 0.0, 'PD_2,PD_6': 0.0}, ASR: 1.3333333333333333, TCB: {'PD_1': ['PD_2'], 'PD_2': ['PD_1'], 'PD_6': []}, FR: {'PD_1,PD_2': inf, 'PD_1,PD_6': inf, 'PD_2,PD_6': inf}
  Computing metrics...
    RSI: {'PD_1,PD_2': 0.3333333333333333, 'PD_1,PD_6': 0.0, 'PD_2,PD_6': 0.0}, ASR: 1.6666666666666667, TCB: {'PD_1': ['PD_2'], 'PD_2': ['PD_1'], 'PD_6': []}, FR: {'PD_1,PD_2': inf, 'PD_1,PD_6': inf, 'PD_2,PD_6': inf}
Warning: Failed to simulate operation add_request_edge: unsupported operand type(s) for -: 'list' and 'int'
  Computing metrics...
    RSI: {'PD_1,PD_2': 0.3333333333333333, 'PD_1,PD_6': 0.0, 'PD_2,PD_6': 0.0}, ASR: 1.3333333333333333, TCB: {'PD_1': ['PD_2'], 'PD_2': ['PD_1'], 'PD_6': []}, FR: {'PD_1,PD_2': inf, 'PD_1,PD_6': inf, 'PD_2,PD_6': inf}
  Computing metrics...
    RSI: {'PD_1,PD_2': 0.3333333333333333, 'PD_1,PD_6': 0.0, 'PD_2,PD_6': 0.0}, ASR: 1.6666666666666667, TCB: {'PD_1': ['PD_2'], 'PD_2': ['PD_6', 'PD_1'], 'PD_6': []}, FR: {'PD_1,PD_2': inf, 'PD_1,PD_6': inf, 'PD_2,PD_6': inf}
Warning: Failed to simulate operation add_request_edge: unsupported operand type(s) for -: 'list' and 'int'
  Computing metrics...
    RSI: {'PD_1,PD_2': 0.3333333333333333, 'PD_1,PD_6': 0.0, 'PD_2,PD_6': 0.0}, ASR: 1.3333333333333333, TCB: {'PD_1': ['PD_2'], 'PD_2': ['PD_1'], 'PD_6': []}, FR: {'PD_1,PD_2': inf, 'PD_1,PD_6': inf, 'PD_2,PD_6': inf}
  Computing metrics...
    RSI: {'PD_1,PD_2': 0.3333333333333333, 'PD_1,PD_6': 0.0, 'PD_2,PD_6': 0.0}, ASR: 1.6666666666666667, TCB: {'PD_1': ['PD_2'], 'PD_2': ['PD_1'], 'PD_6': ['PD_1']}, FR: {'PD_1,PD_2': inf, 'PD_1,PD_6': inf, 'PD_2,PD_6': inf}
Warning: Failed to simulate operation add_request_edge: unsupported operand type(s) for -: 'list' and 'int'
  Computing metrics...
    RSI: {'PD_1,PD_2': 0.3333333333333333, 'PD_1,PD_6': 0.0, 'PD_2,PD_6': 0.0}, ASR: 1.3333333333333333, TCB: {'PD_1': ['PD_2'], 'PD_2': ['PD_1'], 'PD_6': []}, FR: {'PD_1,PD_2': inf, 'PD_1,PD_6': inf, 'PD_2,PD_6': inf}
  Computing metrics...
    RSI: {'PD_1,PD_2': 0.3333333333333333, 'PD_1,PD_6': 0.0, 'PD_2,PD_6': 0.0}, ASR: 1.6666666666666667, TCB: {'PD_1': ['PD_2'], 'PD_2': ['PD_1'], 'PD_6': ['PD_2']}, FR: {'PD_1,PD_2': inf, 'PD_1,PD_6': inf, 'PD_2,PD_6': inf}
Warning: Failed to simulate operation add_request_edge: unsupported operand type(s) for -: 'list' and 'int'
  Computing metrics...
    RSI: {'PD_1,PD_2': 0.3333333333333333, 'PD_1,PD_6': 0.0, 'PD_2,PD_6': 0.0}, ASR: 1.3333333333333333, TCB: {'PD_1': ['PD_2'], 'PD_2': ['PD_1'], 'PD_6': []}, FR: {'PD_1,PD_2': inf, 'PD_1,PD_6': inf, 'PD_2,PD_6': inf}
  Computing metrics...
    RSI: {'PD_1,PD_2': 0.3333333333333333, 'PD_1,PD_6': 0.0, 'PD_2,PD_6': 0.0}, ASR: 1.3333333333333333, TCB: {'PD_1': ['PD_2'], 'PD_2': ['PD_1'], 'PD_6': []}, FR: {'PD_1,PD_2': inf, 'PD_1,PD_6': inf, 'PD_2,PD_6': inf}
Warning: Failed to simulate operation remove_subset_edge: unsupported operand type(s) for -: 'list' and 'int'
  Computing metrics...
    RSI: {'PD_1,PD_2': 0.3333333333333333, 'PD_1,PD_6': 0.0, 'PD_2,PD_6': 0.0}, ASR: 1.3333333333333333, TCB: {'PD_1': ['PD_2'], 'PD_2': ['PD_1'], 'PD_6': []}, FR: {'PD_1,PD_2': inf, 'PD_1,PD_6': inf, 'PD_2,PD_6': inf}
  Computing metrics...
    RSI: {'PD_1,PD_2': 0.3333333333333333, 'PD_1,PD_6': 0.0, 'PD_2,PD_6': 0.0}, ASR: 1.3333333333333333, TCB: {'PD_1': ['PD_2'], 'PD_2': ['PD_1'], 'PD_6': []}, FR: {'PD_1,PD_2': inf, 'PD_1,PD_6': inf, 'PD_2,PD_6': inf}
Warning: Failed to simulate operation remove_subset_edge: unsupported operand type(s) for -: 'list' and 'int'
  Computing metrics...
    RSI: {'PD_1,PD_2': 0.3333333333333333, 'PD_1,PD_6': 0.0, 'PD_2,PD_6': 0.0}, ASR: 1.3333333333333333, TCB: {'PD_1': ['PD_2'], 'PD_2': ['PD_1'], 'PD_6': []}, FR: {'PD_1,PD_2': inf, 'PD_1,PD_6': inf, 'PD_2,PD_6': inf}
  Computing metrics...
    RSI: {'PD_1,PD_2': 0.3333333333333333, 'PD_1,PD_6': 0.0, 'PD_2,PD_6': 0.0}, ASR: 1.3333333333333333, TCB: {'PD_1': ['PD_2'], 'PD_2': ['PD_1'], 'PD_6': []}, FR: {'PD_1,PD_2': inf, 'PD_1,PD_6': inf, 'PD_2,PD_6': inf}
Warning: Failed to simulate operation remove_subset_edge: unsupported operand type(s) for -: 'list' and 'int'
  🚫 Filtered out 1 'add_pd' candidates (avoiding repetition)
  Trying best transition: primitive
    Target: remove empty PD_6
    Predicted improvement: 0.100
    Considered 19 other option(s):
      1. primitive: create new CONFIG file in FILE_SPACE_1 (improvement: 0.100)
      2. primitive: create new DATABASE file in FILE_SPACE_1 (improvement: 0.100)
      3. primitive: create new TEMP file in FILE_SPACE_1 (improvement: 0.100)
      4. primitive: create new LOG file in FILE_SPACE_1 (improvement: 0.100)
      5. primitive: remove FILE_1_3 (holders: 2) (improvement: 0.100)
      6. primitive: connect PD_1 to FILE_1_2 (improvement: 0.100)
      7. primitive: connect PD_2 to FILE_1_1 (improvement: 0.100)
      8. primitive: connect PD_6 to FILE_1_1 (improvement: 0.100)
      9. primitive: connect PD_6 to FILE_1_2 (improvement: 0.100)
      10. primitive: connect PD_6 to FILE_1_3 (improvement: 0.100)
      ... and 9 more
    ✅ Applied remove_pd
  Computing metrics...
    RSI: {'PD_1,PD_2': 0.3333333333333333}, ASR: 2.0, TCB: {'PD_1': ['PD_2'], 'PD_2': ['PD_1']}, FR: {'PD_1,PD_2': inf}
    Goal not met: RSI[PD_1,PD_2]=0.333 > 0.3
    Goals not yet satisfied, continuing exploration
  ✅ Mechanism saved! Total mechanisms found: 8

📊 Graph after iteration 8:
        # Graph structure:
        # PD_1 --HOLD--> FILE_1_1 -> FILE_SPACE_1
        # PD_1 --HOLD--> FILE_1_3 -> FILE_SPACE_1
        # PD_2 --HOLD--> FILE_1_2 -> FILE_SPACE_1
        # PD_2 --HOLD--> FILE_1_3 -> FILE_SPACE_1
        #
        # FILE_1_3 shared by: PD_1, PD_2


Iteration 9/10
  Computing metrics...
    RSI: {'PD_1,PD_2': 0.3333333333333333}, ASR: 2.0, TCB: {'PD_1': ['PD_2'], 'PD_2': ['PD_1']}, FR: {'PD_1,PD_2': inf}
  Computing metrics...
    RSI: {'PD_1,PD_2': 0.3333333333333333, 'PD_1,PD_3': 0.0, 'PD_2,PD_3': 0.0}, ASR: 1.3333333333333333, TCB: {'PD_1': ['PD_2'], 'PD_2': ['PD_1'], 'PD_3': []}, FR: {'PD_1,PD_2': inf, 'PD_1,PD_3': inf, 'PD_2,PD_3': inf}
Warning: Failed to simulate operation add_pd: unsupported operand type(s) for -: 'list' and 'int'
  Computing metrics...
    RSI: {'PD_1,PD_2': 0.3333333333333333}, ASR: 2.0, TCB: {'PD_1': ['PD_2'], 'PD_2': ['PD_1']}, FR: {'PD_1,PD_2': inf}
  Computing metrics...
    RSI: {'PD_1,PD_2': 0.3333333333333333}, ASR: 2.0, TCB: {'PD_1': ['PD_2'], 'PD_2': ['PD_1']}, FR: {'PD_1,PD_2': inf}
Warning: Failed to simulate operation add_file_resource: unsupported operand type(s) for -: 'list' and 'int'
  Computing metrics...
    RSI: {'PD_1,PD_2': 0.3333333333333333}, ASR: 2.0, TCB: {'PD_1': ['PD_2'], 'PD_2': ['PD_1']}, FR: {'PD_1,PD_2': inf}
  Computing metrics...
    RSI: {'PD_1,PD_2': 0.3333333333333333}, ASR: 2.0, TCB: {'PD_1': ['PD_2'], 'PD_2': ['PD_1']}, FR: {'PD_1,PD_2': inf}
Warning: Failed to simulate operation add_file_resource: unsupported operand type(s) for -: 'list' and 'int'
  Computing metrics...
    RSI: {'PD_1,PD_2': 0.3333333333333333}, ASR: 2.0, TCB: {'PD_1': ['PD_2'], 'PD_2': ['PD_1']}, FR: {'PD_1,PD_2': inf}
  Computing metrics...
    RSI: {'PD_1,PD_2': 0.3333333333333333}, ASR: 2.0, TCB: {'PD_1': ['PD_2'], 'PD_2': ['PD_1']}, FR: {'PD_1,PD_2': inf}
Warning: Failed to simulate operation add_file_resource: unsupported operand type(s) for -: 'list' and 'int'
  Computing metrics...
    RSI: {'PD_1,PD_2': 0.3333333333333333}, ASR: 2.0, TCB: {'PD_1': ['PD_2'], 'PD_2': ['PD_1']}, FR: {'PD_1,PD_2': inf}
  Computing metrics...
    RSI: {'PD_1,PD_2': 0.3333333333333333}, ASR: 2.0, TCB: {'PD_1': ['PD_2'], 'PD_2': ['PD_1']}, FR: {'PD_1,PD_2': inf}
Warning: Failed to simulate operation add_file_resource: unsupported operand type(s) for -: 'list' and 'int'
  Computing metrics...
    RSI: {'PD_1,PD_2': 0.3333333333333333}, ASR: 2.0, TCB: {'PD_1': ['PD_2'], 'PD_2': ['PD_1']}, FR: {'PD_1,PD_2': inf}
  Computing metrics...
    RSI: {'PD_1,PD_2': 0.3333333333333333}, ASR: 2.0, TCB: {'PD_1': ['PD_2'], 'PD_2': ['PD_1']}, FR: {'PD_1,PD_2': inf}
Warning: Failed to simulate operation remove_file_resource: unsupported operand type(s) for -: 'list' and 'int'
  Computing metrics...
    RSI: {'PD_1,PD_2': 0.3333333333333333}, ASR: 2.0, TCB: {'PD_1': ['PD_2'], 'PD_2': ['PD_1']}, FR: {'PD_1,PD_2': inf}
  Computing metrics...
    RSI: {'PD_1,PD_2': 0.6666666666666666}, ASR: 2.5, TCB: {'PD_1': ['PD_2'], 'PD_2': ['PD_1']}, FR: {'PD_1,PD_2': inf}
Warning: Failed to simulate operation add_hold_edge: unsupported operand type(s) for -: 'list' and 'int'
  Computing metrics...
    RSI: {'PD_1,PD_2': 0.3333333333333333}, ASR: 2.0, TCB: {'PD_1': ['PD_2'], 'PD_2': ['PD_1']}, FR: {'PD_1,PD_2': inf}
  Computing metrics...
    RSI: {'PD_1,PD_2': 0.6666666666666666}, ASR: 2.5, TCB: {'PD_1': ['PD_2'], 'PD_2': ['PD_1']}, FR: {'PD_1,PD_2': inf}
Warning: Failed to simulate operation add_hold_edge: unsupported operand type(s) for -: 'list' and 'int'
  Computing metrics...
    RSI: {'PD_1,PD_2': 0.3333333333333333}, ASR: 2.0, TCB: {'PD_1': ['PD_2'], 'PD_2': ['PD_1']}, FR: {'PD_1,PD_2': inf}
  Computing metrics...
    RSI: {'PD_1,PD_2': 0.3333333333333333}, ASR: 2.5, TCB: {'PD_1': ['PD_2'], 'PD_2': ['PD_1']}, FR: {'PD_1,PD_2': inf}
Warning: Failed to simulate operation add_request_edge: unsupported operand type(s) for -: 'list' and 'int'
  Computing metrics...
    RSI: {'PD_1,PD_2': 0.3333333333333333}, ASR: 2.0, TCB: {'PD_1': ['PD_2'], 'PD_2': ['PD_1']}, FR: {'PD_1,PD_2': inf}
  Computing metrics...
    RSI: {'PD_1,PD_2': 0.3333333333333333}, ASR: 2.5, TCB: {'PD_1': ['PD_2'], 'PD_2': ['PD_1']}, FR: {'PD_1,PD_2': inf}
Warning: Failed to simulate operation add_request_edge: unsupported operand type(s) for -: 'list' and 'int'
  Computing metrics...
    RSI: {'PD_1,PD_2': 0.3333333333333333}, ASR: 2.0, TCB: {'PD_1': ['PD_2'], 'PD_2': ['PD_1']}, FR: {'PD_1,PD_2': inf}
  Computing metrics...
    RSI: {'PD_1,PD_2': 0.3333333333333333}, ASR: 2.0, TCB: {'PD_1': ['PD_2'], 'PD_2': ['PD_1']}, FR: {'PD_1,PD_2': inf}
Warning: Failed to simulate operation remove_subset_edge: unsupported operand type(s) for -: 'list' and 'int'
  Computing metrics...
    RSI: {'PD_1,PD_2': 0.3333333333333333}, ASR: 2.0, TCB: {'PD_1': ['PD_2'], 'PD_2': ['PD_1']}, FR: {'PD_1,PD_2': inf}
  Computing metrics...
    RSI: {'PD_1,PD_2': 0.3333333333333333}, ASR: 2.0, TCB: {'PD_1': ['PD_2'], 'PD_2': ['PD_1']}, FR: {'PD_1,PD_2': inf}
Warning: Failed to simulate operation remove_subset_edge: unsupported operand type(s) for -: 'list' and 'int'
  Computing metrics...
    RSI: {'PD_1,PD_2': 0.3333333333333333}, ASR: 2.0, TCB: {'PD_1': ['PD_2'], 'PD_2': ['PD_1']}, FR: {'PD_1,PD_2': inf}
  Computing metrics...
    RSI: {'PD_1,PD_2': 0.3333333333333333}, ASR: 2.0, TCB: {'PD_1': ['PD_2'], 'PD_2': ['PD_1']}, FR: {'PD_1,PD_2': inf}
Warning: Failed to simulate operation remove_subset_edge: unsupported operand type(s) for -: 'list' and 'int'
  🚫 Filtered out 0 'remove_pd' candidates (avoiding repetition)
  🎲 Exploration: selecting candidate #3 instead of best
  Trying best transition: primitive
    Target: create new DATABASE file in FILE_SPACE_1
    Predicted improvement: 0.100
    Considered 12 other option(s):
      1. primitive: create new CONFIG file in FILE_SPACE_1 (improvement: 0.100)
      2. primitive: create new DATABASE file in FILE_SPACE_1 (improvement: 0.100)
      3. primitive: create new TEMP file in FILE_SPACE_1 (improvement: 0.100)
      4. primitive: create new LOG file in FILE_SPACE_1 (improvement: 0.100)
      5. primitive: remove FILE_1_3 (holders: 2) (improvement: 0.100)
      6. primitive: connect PD_1 to FILE_1_2 (improvement: 0.100)
      7. primitive: connect PD_2 to FILE_1_1 (improvement: 0.100)
      8. primitive: enable indirect access: PD_1 -> PD_2 (improvement: 0.100)
      9. primitive: enable indirect access: PD_2 -> PD_1 (improvement: 0.100)
      10. primitive: disconnect FILE_1_1 from FILE_SPACE_1 (improvement: 0.100)
      ... and 2 more
    ✅ Applied add_file_resource
  Computing metrics...
    RSI: {'PD_1,PD_2': 0.3333333333333333}, ASR: 2.0, TCB: {'PD_1': ['PD_2'], 'PD_2': ['PD_1']}, FR: {'PD_1,PD_2': inf}
    Goal not met: RSI[PD_1,PD_2]=0.333 > 0.3
    Goals not yet satisfied, continuing exploration
  ✅ Mechanism saved! Total mechanisms found: 9

📊 Graph after iteration 9:
        # Graph structure:
        # PD_1 --HOLD--> FILE_1_1 -> FILE_SPACE_1
        # PD_1 --HOLD--> FILE_1_3 -> FILE_SPACE_1
        # PD_2 --HOLD--> FILE_1_2 -> FILE_SPACE_1
        # PD_2 --HOLD--> FILE_1_3 -> FILE_SPACE_1
        #
        # FILE_1_3 shared by: PD_1, PD_2


Iteration 10/10
  Computing metrics...
    RSI: {'PD_1,PD_2': 0.3333333333333333}, ASR: 2.0, TCB: {'PD_1': ['PD_2'], 'PD_2': ['PD_1']}, FR: {'PD_1,PD_2': inf}
  Computing metrics...
    RSI: {'PD_1,PD_2': 0.3333333333333333, 'PD_1,PD_3': 0.0, 'PD_2,PD_3': 0.0}, ASR: 1.3333333333333333, TCB: {'PD_1': ['PD_2'], 'PD_2': ['PD_1'], 'PD_3': []}, FR: {'PD_1,PD_2': inf, 'PD_1,PD_3': inf, 'PD_2,PD_3': inf}
Warning: Failed to simulate operation add_pd: unsupported operand type(s) for -: 'list' and 'int'
  Computing metrics...
    RSI: {'PD_1,PD_2': 0.3333333333333333}, ASR: 2.0, TCB: {'PD_1': ['PD_2'], 'PD_2': ['PD_1']}, FR: {'PD_1,PD_2': inf}
  Computing metrics...
    RSI: {'PD_1,PD_2': 0.3333333333333333}, ASR: 2.0, TCB: {'PD_1': ['PD_2'], 'PD_2': ['PD_1']}, FR: {'PD_1,PD_2': inf}
Warning: Failed to simulate operation add_file_resource: unsupported operand type(s) for -: 'list' and 'int'
  Computing metrics...
    RSI: {'PD_1,PD_2': 0.3333333333333333}, ASR: 2.0, TCB: {'PD_1': ['PD_2'], 'PD_2': ['PD_1']}, FR: {'PD_1,PD_2': inf}
  Computing metrics...
    RSI: {'PD_1,PD_2': 0.3333333333333333}, ASR: 2.0, TCB: {'PD_1': ['PD_2'], 'PD_2': ['PD_1']}, FR: {'PD_1,PD_2': inf}
Warning: Failed to simulate operation add_file_resource: unsupported operand type(s) for -: 'list' and 'int'
  Computing metrics...
    RSI: {'PD_1,PD_2': 0.3333333333333333}, ASR: 2.0, TCB: {'PD_1': ['PD_2'], 'PD_2': ['PD_1']}, FR: {'PD_1,PD_2': inf}
  Computing metrics...
    RSI: {'PD_1,PD_2': 0.3333333333333333}, ASR: 2.0, TCB: {'PD_1': ['PD_2'], 'PD_2': ['PD_1']}, FR: {'PD_1,PD_2': inf}
Warning: Failed to simulate operation add_file_resource: unsupported operand type(s) for -: 'list' and 'int'
  Computing metrics...
    RSI: {'PD_1,PD_2': 0.3333333333333333}, ASR: 2.0, TCB: {'PD_1': ['PD_2'], 'PD_2': ['PD_1']}, FR: {'PD_1,PD_2': inf}
  Computing metrics...
    RSI: {'PD_1,PD_2': 0.3333333333333333}, ASR: 2.0, TCB: {'PD_1': ['PD_2'], 'PD_2': ['PD_1']}, FR: {'PD_1,PD_2': inf}
Warning: Failed to simulate operation add_file_resource: unsupported operand type(s) for -: 'list' and 'int'
  Computing metrics...
    RSI: {'PD_1,PD_2': 0.3333333333333333}, ASR: 2.0, TCB: {'PD_1': ['PD_2'], 'PD_2': ['PD_1']}, FR: {'PD_1,PD_2': inf}
  Computing metrics...
    RSI: {'PD_1,PD_2': 0.3333333333333333}, ASR: 2.0, TCB: {'PD_1': ['PD_2'], 'PD_2': ['PD_1']}, FR: {'PD_1,PD_2': inf}
Warning: Failed to simulate operation remove_file_resource: unsupported operand type(s) for -: 'list' and 'int'
  Computing metrics...
    RSI: {'PD_1,PD_2': 0.3333333333333333}, ASR: 2.0, TCB: {'PD_1': ['PD_2'], 'PD_2': ['PD_1']}, FR: {'PD_1,PD_2': inf}
  Computing metrics...
    RSI: {'PD_1,PD_2': 0.3333333333333333}, ASR: 2.0, TCB: {'PD_1': ['PD_2'], 'PD_2': ['PD_1']}, FR: {'PD_1,PD_2': inf}
Warning: Failed to simulate operation remove_file_resource: unsupported operand type(s) for -: 'list' and 'int'
  Computing metrics...
    RSI: {'PD_1,PD_2': 0.3333333333333333}, ASR: 2.0, TCB: {'PD_1': ['PD_2'], 'PD_2': ['PD_1']}, FR: {'PD_1,PD_2': inf}
  Computing metrics...
    RSI: {'PD_1,PD_2': 0.6666666666666666}, ASR: 2.5, TCB: {'PD_1': ['PD_2'], 'PD_2': ['PD_1']}, FR: {'PD_1,PD_2': inf}
Warning: Failed to simulate operation add_hold_edge: unsupported operand type(s) for -: 'list' and 'int'
  Computing metrics...
    RSI: {'PD_1,PD_2': 0.3333333333333333}, ASR: 2.0, TCB: {'PD_1': ['PD_2'], 'PD_2': ['PD_1']}, FR: {'PD_1,PD_2': inf}
  Computing metrics...
    RSI: {'PD_1,PD_2': 0.25}, ASR: 2.5, TCB: {'PD_1': ['PD_2'], 'PD_2': ['PD_1']}, FR: {'PD_1,PD_2': inf}
Warning: Failed to simulate operation add_hold_edge: unsupported operand type(s) for -: 'list' and 'int'
  Computing metrics...
    RSI: {'PD_1,PD_2': 0.3333333333333333}, ASR: 2.0, TCB: {'PD_1': ['PD_2'], 'PD_2': ['PD_1']}, FR: {'PD_1,PD_2': inf}
  Computing metrics...
    RSI: {'PD_1,PD_2': 0.6666666666666666}, ASR: 2.5, TCB: {'PD_1': ['PD_2'], 'PD_2': ['PD_1']}, FR: {'PD_1,PD_2': inf}
Warning: Failed to simulate operation add_hold_edge: unsupported operand type(s) for -: 'list' and 'int'
  Computing metrics...
    RSI: {'PD_1,PD_2': 0.3333333333333333}, ASR: 2.0, TCB: {'PD_1': ['PD_2'], 'PD_2': ['PD_1']}, FR: {'PD_1,PD_2': inf}
  Computing metrics...
    RSI: {'PD_1,PD_2': 0.25}, ASR: 2.5, TCB: {'PD_1': ['PD_2'], 'PD_2': ['PD_1']}, FR: {'PD_1,PD_2': inf}
Warning: Failed to simulate operation add_hold_edge: unsupported operand type(s) for -: 'list' and 'int'
  Computing metrics...
    RSI: {'PD_1,PD_2': 0.3333333333333333}, ASR: 2.0, TCB: {'PD_1': ['PD_2'], 'PD_2': ['PD_1']}, FR: {'PD_1,PD_2': inf}
  Computing metrics...
    RSI: {'PD_1,PD_2': 0.3333333333333333}, ASR: 2.5, TCB: {'PD_1': ['PD_2'], 'PD_2': ['PD_1']}, FR: {'PD_1,PD_2': inf}
Warning: Failed to simulate operation add_request_edge: unsupported operand type(s) for -: 'list' and 'int'
  Computing metrics...
    RSI: {'PD_1,PD_2': 0.3333333333333333}, ASR: 2.0, TCB: {'PD_1': ['PD_2'], 'PD_2': ['PD_1']}, FR: {'PD_1,PD_2': inf}
  Computing metrics...
    RSI: {'PD_1,PD_2': 0.3333333333333333}, ASR: 2.5, TCB: {'PD_1': ['PD_2'], 'PD_2': ['PD_1']}, FR: {'PD_1,PD_2': inf}
Warning: Failed to simulate operation add_request_edge: unsupported operand type(s) for -: 'list' and 'int'
  Computing metrics...
    RSI: {'PD_1,PD_2': 0.3333333333333333}, ASR: 2.0, TCB: {'PD_1': ['PD_2'], 'PD_2': ['PD_1']}, FR: {'PD_1,PD_2': inf}
  Computing metrics...
    RSI: {'PD_1,PD_2': 0.3333333333333333}, ASR: 2.0, TCB: {'PD_1': ['PD_2'], 'PD_2': ['PD_1']}, FR: {'PD_1,PD_2': inf}
Warning: Failed to simulate operation remove_subset_edge: unsupported operand type(s) for -: 'list' and 'int'
  Computing metrics...
    RSI: {'PD_1,PD_2': 0.3333333333333333}, ASR: 2.0, TCB: {'PD_1': ['PD_2'], 'PD_2': ['PD_1']}, FR: {'PD_1,PD_2': inf}
  Computing metrics...
    RSI: {'PD_1,PD_2': 0.3333333333333333}, ASR: 2.0, TCB: {'PD_1': ['PD_2'], 'PD_2': ['PD_1']}, FR: {'PD_1,PD_2': inf}
Warning: Failed to simulate operation remove_subset_edge: unsupported operand type(s) for -: 'list' and 'int'
  Computing metrics...
    RSI: {'PD_1,PD_2': 0.3333333333333333}, ASR: 2.0, TCB: {'PD_1': ['PD_2'], 'PD_2': ['PD_1']}, FR: {'PD_1,PD_2': inf}
  Computing metrics...
    RSI: {'PD_1,PD_2': 0.3333333333333333}, ASR: 2.0, TCB: {'PD_1': ['PD_2'], 'PD_2': ['PD_1']}, FR: {'PD_1,PD_2': inf}
Warning: Failed to simulate operation remove_subset_edge: unsupported operand type(s) for -: 'list' and 'int'
  Computing metrics...
    RSI: {'PD_1,PD_2': 0.3333333333333333}, ASR: 2.0, TCB: {'PD_1': ['PD_2'], 'PD_2': ['PD_1']}, FR: {'PD_1,PD_2': inf}
  Computing metrics...
    RSI: {'PD_1,PD_2': 0.3333333333333333}, ASR: 2.0, TCB: {'PD_1': ['PD_2'], 'PD_2': ['PD_1']}, FR: {'PD_1,PD_2': inf}
Warning: Failed to simulate operation remove_subset_edge: unsupported operand type(s) for -: 'list' and 'int'
  🚫 Filtered out 4 'add_file_resource' candidates (avoiding repetition)
  🎲 Exploration: selecting candidate #2 instead of best
  Trying best transition: primitive
    Target: remove FILE_1_3 (holders: 2)
    Predicted improvement: 0.100
    Considered 12 other option(s):
      1. primitive: remove FILE_1_3 (holders: 2) (improvement: 0.100)
      2. primitive: remove FILE_1_4 (holders: 0) (improvement: 0.100)
      3. primitive: connect PD_1 to FILE_1_2 (improvement: 0.100)
      4. primitive: connect PD_1 to orphaned resource FILE_1_4 (improvement: 0.100)
      5. primitive: connect PD_2 to FILE_1_1 (improvement: 0.100)
      6. primitive: connect PD_2 to orphaned resource FILE_1_4 (improvement: 0.100)
      7. primitive: enable indirect access: PD_1 -> PD_2 (improvement: 0.100)
      8. primitive: enable indirect access: PD_2 -> PD_1 (improvement: 0.100)
      9. primitive: disconnect FILE_1_1 from FILE_SPACE_1 (improvement: 0.100)
      10. primitive: disconnect FILE_1_2 from FILE_SPACE_1 (improvement: 0.100)
      ... and 2 more
Warning: Removing FILE_1_3 will leave PD_1 without TEMP files
Warning: Removing FILE_1_3 will leave PD_2 without TEMP files
    ✅ Applied remove_file_resource
  Computing metrics...
    RSI: {'PD_1,PD_2': 0.0}, ASR: 1.0, TCB: {'PD_1': [], 'PD_2': []}, FR: {'PD_1,PD_2': inf}
    All 3 goals met!
    All 3 goal(s) met!
  ✅ Mechanism saved! Total mechanisms found: 10

📊 Graph after iteration 10:
        # Graph structure:
        # PD_1 --HOLD--> FILE_1_1 -> FILE_SPACE_1
        # PD_2 --HOLD--> FILE_1_2 -> FILE_SPACE_1
        #


Exploration complete!

🏁 Final graph:
        # Graph structure:
        # PD_1 --HOLD--> FILE_1_1 -> FILE_SPACE_1
        # PD_2 --HOLD--> FILE_1_2 -> FILE_SPACE_1
        #


============================================================
📊 EXPLORATION DECISION SUMMARY
============================================================
Total iterations completed: 10
Total transformation candidates considered: 166
Total transformation candidates discarded: 148
Mechanisms discovered: 10
Success rate: 100.0%

🔧 Transformation Types:
   Tried: primitive
   Available but never selected: None

📋 Per-Iteration Decision Breakdown:

  Iteration 1:
    ✅ SUCCESS Selected: primitive
      Target: add new protection domain for system expansion
      Predicted improvement: 0.100
      Result: 🔄 CONTINUING
    🗂️  Discarded 12 alternatives:
      1. primitive: create new CONFIG file in FILE_SPACE_1 (improvement: 0.100)
      2. primitive: create new DATABASE file in FILE_SPACE_1 (improvement: 0.100)
      3. primitive: create new TEMP file in FILE_SPACE_1 (improvement: 0.100)
      4. primitive: create new LOG file in FILE_SPACE_1 (improvement: 0.100)
      5. primitive: remove FILE_1_3 (holders: 2) (improvement: 0.100)
      ... and 7 more

  Iteration 2:
    ✅ SUCCESS Selected: primitive
      Target: remove empty PD_3
      Predicted improvement: 0.100
      Result: 🔄 CONTINUING
    🗂️  Discarded 19 alternatives:
      1. primitive: create new CONFIG file in FILE_SPACE_1 (improvement: 0.100)
      2. primitive: create new DATABASE file in FILE_SPACE_1 (improvement: 0.100)
      3. primitive: create new TEMP file in FILE_SPACE_1 (improvement: 0.100)
      4. primitive: create new LOG file in FILE_SPACE_1 (improvement: 0.100)
      5. primitive: remove FILE_1_3 (holders: 2) (improvement: 0.100)
      ... and 14 more

  Iteration 3:
    ✅ SUCCESS Selected: primitive
      Target: add new protection domain for system expansion
      Predicted improvement: 0.100
      Result: 🔄 CONTINUING
    🗂️  Discarded 12 alternatives:
      1. primitive: create new CONFIG file in FILE_SPACE_1 (improvement: 0.100)
      2. primitive: create new DATABASE file in FILE_SPACE_1 (improvement: 0.100)
      3. primitive: create new TEMP file in FILE_SPACE_1 (improvement: 0.100)
      4. primitive: create new LOG file in FILE_SPACE_1 (improvement: 0.100)
      5. primitive: remove FILE_1_3 (holders: 2) (improvement: 0.100)
      ... and 7 more

  Iteration 4:
    ✅ SUCCESS Selected: primitive
      Target: remove empty PD_4
      Predicted improvement: 0.100
      Result: 🔄 CONTINUING
    🗂️  Discarded 19 alternatives:
      1. primitive: create new CONFIG file in FILE_SPACE_1 (improvement: 0.100)
      2. primitive: create new DATABASE file in FILE_SPACE_1 (improvement: 0.100)
      3. primitive: create new TEMP file in FILE_SPACE_1 (improvement: 0.100)
      4. primitive: create new LOG file in FILE_SPACE_1 (improvement: 0.100)
      5. primitive: remove FILE_1_3 (holders: 2) (improvement: 0.100)
      ... and 14 more

  Iteration 5:
    ✅ SUCCESS Selected: primitive
      Target: add new protection domain for system expansion
      Predicted improvement: 0.100
      Result: 🔄 CONTINUING
    🗂️  Discarded 12 alternatives:
      1. primitive: create new CONFIG file in FILE_SPACE_1 (improvement: 0.100)
      2. primitive: create new DATABASE file in FILE_SPACE_1 (improvement: 0.100)
      3. primitive: create new TEMP file in FILE_SPACE_1 (improvement: 0.100)
      4. primitive: create new LOG file in FILE_SPACE_1 (improvement: 0.100)
      5. primitive: remove FILE_1_3 (holders: 2) (improvement: 0.100)
      ... and 7 more

  Iteration 6:
    ✅ SUCCESS Selected: primitive
      Target: remove empty PD_5
      Predicted improvement: 0.100
      Result: 🔄 CONTINUING
    🗂️  Discarded 19 alternatives:
      1. primitive: create new CONFIG file in FILE_SPACE_1 (improvement: 0.100)
      2. primitive: create new DATABASE file in FILE_SPACE_1 (improvement: 0.100)
      3. primitive: create new TEMP file in FILE_SPACE_1 (improvement: 0.100)
      4. primitive: create new LOG file in FILE_SPACE_1 (improvement: 0.100)
      5. primitive: remove FILE_1_3 (holders: 2) (improvement: 0.100)
      ... and 14 more

  Iteration 7:
    ✅ SUCCESS Selected: primitive
      Target: add new protection domain for system expansion
      Predicted improvement: 0.100
      Result: 🔄 CONTINUING
    🗂️  Discarded 12 alternatives:
      1. primitive: create new CONFIG file in FILE_SPACE_1 (improvement: 0.100)
      2. primitive: create new DATABASE file in FILE_SPACE_1 (improvement: 0.100)
      3. primitive: create new TEMP file in FILE_SPACE_1 (improvement: 0.100)
      4. primitive: create new LOG file in FILE_SPACE_1 (improvement: 0.100)
      5. primitive: remove FILE_1_3 (holders: 2) (improvement: 0.100)
      ... and 7 more

  Iteration 8:
    ✅ SUCCESS Selected: primitive
      Target: remove empty PD_6
      Predicted improvement: 0.100
      Result: 🔄 CONTINUING
    🗂️  Discarded 19 alternatives:
      1. primitive: create new CONFIG file in FILE_SPACE_1 (improvement: 0.100)
      2. primitive: create new DATABASE file in FILE_SPACE_1 (improvement: 0.100)
      3. primitive: create new TEMP file in FILE_SPACE_1 (improvement: 0.100)
      4. primitive: create new LOG file in FILE_SPACE_1 (improvement: 0.100)
      5. primitive: remove FILE_1_3 (holders: 2) (improvement: 0.100)
      ... and 14 more

  Iteration 9:
    ✅ SUCCESS Selected: primitive
      Target: create new DATABASE file in FILE_SPACE_1
      Predicted improvement: 0.100
      Result: 🔄 CONTINUING
    🗂️  Discarded 12 alternatives:
      1. primitive: create new CONFIG file in FILE_SPACE_1 (improvement: 0.100)
      2. primitive: create new DATABASE file in FILE_SPACE_1 (improvement: 0.100)
      3. primitive: create new TEMP file in FILE_SPACE_1 (improvement: 0.100)
      4. primitive: create new LOG file in FILE_SPACE_1 (improvement: 0.100)
      5. primitive: remove FILE_1_3 (holders: 2) (improvement: 0.100)
      ... and 7 more

  Iteration 10:
    ✅ SUCCESS Selected: primitive
      Target: remove FILE_1_3 (holders: 2)
      Predicted improvement: 0.100
      Result: 🎯 GOALS MET
    🗂️  Discarded 12 alternatives:
      1. primitive: remove FILE_1_3 (holders: 2) (improvement: 0.100)
      2. primitive: remove FILE_1_4 (holders: 0) (improvement: 0.100)
      3. primitive: connect PD_1 to FILE_1_2 (improvement: 0.100)
      4. primitive: connect PD_1 to orphaned resource FILE_1_4 (improvement: 0.100)
      5. primitive: connect PD_2 to FILE_1_1 (improvement: 0.100)
      ... and 7 more

🔍 Decision Pattern Analysis:
   Most frequently selected:
     - primitive: 10 time(s)
   Average predicted improvement:
     - All candidates: 0.100
     - Selected candidates: 0.100
     - Discarded candidates: 0.100

============================================================

✅ Scenario 'Basic Resource Sharing (True Primitives Only)' complete!
   Mechanisms discovered: 10

✅ Exploration complete!
