🔍 Verbose mode enabled - detailed exploration tracking

🎯 Running scenario: basic_sharing_primitive
✓ Validated 4 constraints in scenario 'Basic Resource Sharing (True Primitives Only)'
🎯 Running scenario: Basic Resource Sharing (True Primitives Only)
   Description: Same simplified scenario as basic_sharing (1 private file + 1 shared file per PD) but using only true graph primitives
   Goals (3): ['Goal(minimize RSI[PD_1,PD_2] to 0.3)', 'Goal(minimize TCB[PD_1] to 0)', 'Goal(minimize ASR to 1.0)']
   Constraints (4): ["Constraint(requires_file_access for PD_1: FILE, {'file_type': 'CONFIG', 'min_size_kb': 1})", "Constraint(requires_file_access for PD_2: FILE, {'file_type': 'DATABASE', 'min_size_kb': 1})", "Constraint(requires_file_access for PD_1: FILE, {'file_type': 'TEMP', 'min_size_kb': 1})", "Constraint(requires_file_access for PD_2: FILE, {'file_type': 'TEMP', 'min_size_kb': 1})"]
   Transitions (12): ['Transition(add_pd: Create new Protection Domain)', 'Transition(remove_pd: Remove existing Protection Domain)', 'Transition(add_file_resource: Create new FILE resource)', 'Transition(remove_file_resource: Remove FILE resource)', 'Transition(add_resource_space: Create new resource space)', 'Transition(remove_resource_space: Remove resource space)', 'Transition(add_hold_edge: Create PD → Resource relationship)', 'Transition(remove_hold_edge: Remove PD → Resource relationship)', 'Transition(add_request_edge: Create PD → PD authority relationship)', 'Transition(remove_request_edge: Remove PD → PD authority relationship)', 'Transition(add_subset_edge: Create Resource → ResourceSpace relationship)', 'Transition(remove_subset_edge: Remove Resource → ResourceSpace relationship)']
   Starting Graph: 6 nodes, 7 edges

=== Graph Details ===
Node: PD_1 -> {'type': 'PD', 'data': 'user_process', 'extra': ''}
Node: PD_2 -> {'type': 'PD', 'data': 'database_server', 'extra': ''}
Node: FILE_SPACE_1 -> {'type': 'RESOURCE_SPACE', 'data': 'FILE', 'extra': ''}
Node: FILE_1_1 -> {'type': 'RESOURCE', 'data': 'FILE', 'extra': '{"path": "/etc/user.conf", "file_type": "CONFIG", "size_bytes": "4096", "permissions": "rw-"}'}
Node: FILE_1_2 -> {'type': 'RESOURCE', 'data': 'FILE', 'extra': '{"path": "/var/db/main.db", "file_type": "DATABASE", "size_bytes": "8192", "permissions": "rw-"}'}
Node: FILE_1_3 -> {'type': 'RESOURCE', 'data': 'FILE', 'extra': '{"path": "/tmp/shared_buffer.tmp", "file_type": "TEMP", "size_bytes": "2048", "permissions": "rw-"}'}

=== Ready for IsoSearch! ===

=== Exploring Basic Resource Sharing (True Primitives Only) ===
🔍 Using beam search (width=3)
🔍 Starting beam search exploration (beam_width=3)
   Goals: 3, Constraints: 4, Transitions: 12

📊 Initial graph:
        # Graph structure:
        # PD_1 --HOLD--> FILE_1_1 -> FILE_SPACE_1
        # PD_1 --HOLD--> FILE_1_3 -> FILE_SPACE_1
        # PD_2 --HOLD--> FILE_1_2 -> FILE_SPACE_1
        # PD_2 --HOLD--> FILE_1_3 -> FILE_SPACE_1
        #
        # FILE_1_3 shared by: PD_1, PD_2


============================================================
🔍 Beam Search Iteration 1/8
📊 Current beam size: 1
  Beam[0]: BeamState(iter=0, score=0.000, path=)

🌟 Expanding Beam[0] (score: 0.000)
  Computing metrics...
    RSI: {'PD_1,PD_2': 0.3333333333333333}, ASR: 2.0, TCB: {'PD_1': ['PD_2'], 'PD_2': ['PD_1']}, FR: {'PD_1,PD_2': inf}
    Goal not met: RSI[PD_1,PD_2]=0.333 > 0.3
  Computing metrics...
    RSI: {'PD_1,PD_2': 0.3333333333333333}, ASR: 2.0, TCB: {'PD_1': ['PD_2'], 'PD_2': ['PD_1']}, FR: {'PD_1,PD_2': inf}
  Computing metrics...
    RSI: {'PD_1,PD_2': 0.3333333333333333, 'PD_1,PD_3': 0.0, 'PD_2,PD_3': 0.0}, ASR: 1.3333333333333333, TCB: {'PD_1': ['PD_2'], 'PD_2': ['PD_1'], 'PD_3': []}, FR: {'PD_1,PD_2': inf, 'PD_1,PD_3': inf, 'PD_2,PD_3': inf}
  Computing metrics...
    RSI: {'PD_1,PD_2': 0.3333333333333333}, ASR: 2.0, TCB: {'PD_1': ['PD_2'], 'PD_2': ['PD_1']}, FR: {'PD_1,PD_2': inf}
  Computing metrics...
    RSI: {'PD_1,PD_2': 0.3333333333333333}, ASR: 2.0, TCB: {'PD_1': ['PD_2'], 'PD_2': ['PD_1']}, FR: {'PD_1,PD_2': inf}
  Computing metrics...
    RSI: {'PD_1,PD_2': 0.3333333333333333}, ASR: 2.0, TCB: {'PD_1': ['PD_2'], 'PD_2': ['PD_1']}, FR: {'PD_1,PD_2': inf}
  Computing metrics...
    RSI: {'PD_1,PD_2': 0.3333333333333333}, ASR: 2.0, TCB: {'PD_1': ['PD_2'], 'PD_2': ['PD_1']}, FR: {'PD_1,PD_2': inf}
  Computing metrics...
    RSI: {'PD_1,PD_2': 0.3333333333333333}, ASR: 2.0, TCB: {'PD_1': ['PD_2'], 'PD_2': ['PD_1']}, FR: {'PD_1,PD_2': inf}
  Computing metrics...
    RSI: {'PD_1,PD_2': 0.3333333333333333}, ASR: 2.0, TCB: {'PD_1': ['PD_2'], 'PD_2': ['PD_1']}, FR: {'PD_1,PD_2': inf}
  Computing metrics...
    RSI: {'PD_1,PD_2': 0.3333333333333333}, ASR: 2.0, TCB: {'PD_1': ['PD_2'], 'PD_2': ['PD_1']}, FR: {'PD_1,PD_2': inf}
  Computing metrics...
    RSI: {'PD_1,PD_2': 0.3333333333333333}, ASR: 2.0, TCB: {'PD_1': ['PD_2'], 'PD_2': ['PD_1']}, FR: {'PD_1,PD_2': inf}
  Computing metrics...
    RSI: {'PD_1,PD_2': 0.3333333333333333}, ASR: 2.0, TCB: {'PD_1': ['PD_2'], 'PD_2': ['PD_1']}, FR: {'PD_1,PD_2': inf}
  Computing metrics...
    RSI: {'PD_1,PD_2': 0.3333333333333333}, ASR: 2.0, TCB: {'PD_1': ['PD_2'], 'PD_2': ['PD_1']}, FR: {'PD_1,PD_2': inf}
  Computing metrics...
    RSI: {'PD_1,PD_2': 0.3333333333333333}, ASR: 2.0, TCB: {'PD_1': ['PD_2'], 'PD_2': ['PD_1']}, FR: {'PD_1,PD_2': inf}
  Computing metrics...
    RSI: {'PD_1,PD_2': 0.6666666666666666}, ASR: 2.5, TCB: {'PD_1': ['PD_2'], 'PD_2': ['PD_1']}, FR: {'PD_1,PD_2': inf}
  Computing metrics...
    RSI: {'PD_1,PD_2': 0.3333333333333333}, ASR: 2.0, TCB: {'PD_1': ['PD_2'], 'PD_2': ['PD_1']}, FR: {'PD_1,PD_2': inf}
  Computing metrics...
    RSI: {'PD_1,PD_2': 0.6666666666666666}, ASR: 2.5, TCB: {'PD_1': ['PD_2'], 'PD_2': ['PD_1']}, FR: {'PD_1,PD_2': inf}
  Computing metrics...
    RSI: {'PD_1,PD_2': 0.3333333333333333}, ASR: 2.0, TCB: {'PD_1': ['PD_2'], 'PD_2': ['PD_1']}, FR: {'PD_1,PD_2': inf}
  Computing metrics...
    RSI: {'PD_1,PD_2': 0.3333333333333333}, ASR: 2.5, TCB: {'PD_1': ['PD_2'], 'PD_2': ['PD_1']}, FR: {'PD_1,PD_2': inf}
  Computing metrics...
    RSI: {'PD_1,PD_2': 0.3333333333333333}, ASR: 2.0, TCB: {'PD_1': ['PD_2'], 'PD_2': ['PD_1']}, FR: {'PD_1,PD_2': inf}
  Computing metrics...
    RSI: {'PD_1,PD_2': 0.3333333333333333}, ASR: 2.5, TCB: {'PD_1': ['PD_2'], 'PD_2': ['PD_1']}, FR: {'PD_1,PD_2': inf}
  Computing metrics...
    RSI: {'PD_1,PD_2': 0.3333333333333333}, ASR: 2.0, TCB: {'PD_1': ['PD_2'], 'PD_2': ['PD_1']}, FR: {'PD_1,PD_2': inf}
  Computing metrics...
    RSI: {'PD_1,PD_2': 0.3333333333333333}, ASR: 2.0, TCB: {'PD_1': ['PD_2'], 'PD_2': ['PD_1']}, FR: {'PD_1,PD_2': inf}
  Computing metrics...
    RSI: {'PD_1,PD_2': 0.3333333333333333}, ASR: 2.0, TCB: {'PD_1': ['PD_2'], 'PD_2': ['PD_1']}, FR: {'PD_1,PD_2': inf}
  Computing metrics...
    RSI: {'PD_1,PD_2': 0.3333333333333333}, ASR: 2.0, TCB: {'PD_1': ['PD_2'], 'PD_2': ['PD_1']}, FR: {'PD_1,PD_2': inf}
  Computing metrics...
    RSI: {'PD_1,PD_2': 0.3333333333333333}, ASR: 2.0, TCB: {'PD_1': ['PD_2'], 'PD_2': ['PD_1']}, FR: {'PD_1,PD_2': inf}
  Computing metrics...
    RSI: {'PD_1,PD_2': 0.3333333333333333}, ASR: 2.0, TCB: {'PD_1': ['PD_2'], 'PD_2': ['PD_1']}, FR: {'PD_1,PD_2': inf}
  Trying best transition: primitive
    Target: add new protection domain for system expansion
    Predicted improvement: 6.767
    Considered 12 other option(s):
      1. primitive: create new CONFIG file in FILE_SPACE_1 (improvement: 0.100)
      2. primitive: create new DATABASE file in FILE_SPACE_1 (improvement: 0.100)
      3. primitive: create new TEMP file in FILE_SPACE_1 (improvement: 0.100)
      4. primitive: create new LOG file in FILE_SPACE_1 (improvement: 0.100)
      5. primitive: remove FILE_1_3 (holders: 2) (improvement: 0.100)
      6. primitive: disconnect FILE_1_1 from FILE_SPACE_1 (improvement: 0.100)
      7. primitive: disconnect FILE_1_2 from FILE_SPACE_1 (improvement: 0.100)
      8. primitive: disconnect FILE_1_3 from FILE_SPACE_1 (improvement: 0.100)
      9. primitive: connect PD_1 to FILE_1_2 (improvement: 0.001)
      10. primitive: connect PD_2 to FILE_1_1 (improvement: 0.001)
      ... and 2 more
    ✅ Applied add_pd
  📋 Generated 13 candidate(s)
  Computing metrics...
    RSI: {'PD_1,PD_2': 0.3333333333333333, 'PD_1,PD_3': 0.0, 'PD_2,PD_3': 0.0}, ASR: 1.3333333333333333, TCB: {'PD_1': ['PD_2'], 'PD_2': ['PD_1'], 'PD_3': []}, FR: {'PD_1,PD_2': inf, 'PD_1,PD_3': inf, 'PD_2,PD_3': inf}
    ✅ Added candidate: add_pd (score: 6.767)
  Computing metrics...
    RSI: {'PD_1,PD_2': 0.3333333333333333}, ASR: 2.0, TCB: {'PD_1': ['PD_2'], 'PD_2': ['PD_1']}, FR: {'PD_1,PD_2': inf}
    ✅ Added candidate: add_file_resource (score: 0.100)
  Computing metrics...
    RSI: {'PD_1,PD_2': 0.3333333333333333}, ASR: 2.0, TCB: {'PD_1': ['PD_2'], 'PD_2': ['PD_1']}, FR: {'PD_1,PD_2': inf}
    ✅ Added candidate: add_file_resource (score: 0.100)
  Computing metrics...
    RSI: {'PD_1,PD_2': 0.3333333333333333}, ASR: 2.0, TCB: {'PD_1': ['PD_2'], 'PD_2': ['PD_1']}, FR: {'PD_1,PD_2': inf}
    ✅ Added candidate: add_file_resource (score: 0.100)

📊 Next beam (3 states):
  Beam[0]: BeamState(iter=1, score=6.767, path=add_pd(add new protection domain for system expansion))
  Beam[1]: BeamState(iter=1, score=0.100, path=add_file_resource(create new CONFIG file in FILE_SPACE_1))
  Beam[2]: BeamState(iter=1, score=0.100, path=add_file_resource(create new DATABASE file in FILE_SPACE_1))
💡 Total candidates generated: 4
🎯 Mechanisms discovered so far: 0

============================================================
🔍 Beam Search Iteration 2/8
📊 Current beam size: 3
  Beam[0]: BeamState(iter=1, score=6.767, path=add_pd(add new protection domain for system expansion))
  Beam[1]: BeamState(iter=1, score=0.100, path=add_file_resource(create new CONFIG file in FILE_SPACE_1))
  Beam[2]: BeamState(iter=1, score=0.100, path=add_file_resource(create new DATABASE file in FILE_SPACE_1))

🌟 Expanding Beam[0] (score: 6.767)
  Computing metrics...
    RSI: {'PD_1,PD_2': 0.3333333333333333, 'PD_1,PD_3': 0.0, 'PD_2,PD_3': 0.0}, ASR: 1.3333333333333333, TCB: {'PD_1': ['PD_2'], 'PD_2': ['PD_1'], 'PD_3': []}, FR: {'PD_1,PD_2': inf, 'PD_1,PD_3': inf, 'PD_2,PD_3': inf}
    Goal not met: RSI[PD_1,PD_2]=0.333 > 0.3
  Computing metrics...
    RSI: {'PD_1,PD_2': 0.3333333333333333, 'PD_1,PD_3': 0.0, 'PD_2,PD_3': 0.0}, ASR: 1.3333333333333333, TCB: {'PD_1': ['PD_2'], 'PD_2': ['PD_1'], 'PD_3': []}, FR: {'PD_1,PD_2': inf, 'PD_1,PD_3': inf, 'PD_2,PD_3': inf}
  Computing metrics...
    RSI: {'PD_1,PD_2': 0.3333333333333333, 'PD_1,PD_3': 0.0, 'PD_1,PD_4': 0.0, 'PD_2,PD_3': 0.0, 'PD_2,PD_4': 0.0, 'PD_3,PD_4': 0.0}, ASR: 1.0, TCB: {'PD_1': ['PD_2'], 'PD_2': ['PD_1'], 'PD_3': [], 'PD_4': []}, FR: {'PD_1,PD_2': inf, 'PD_1,PD_3': inf, 'PD_1,PD_4': inf, 'PD_2,PD_3': inf, 'PD_2,PD_4': inf, 'PD_3,PD_4': inf}
  Computing metrics...
    RSI: {'PD_1,PD_2': 0.3333333333333333, 'PD_1,PD_3': 0.0, 'PD_2,PD_3': 0.0}, ASR: 1.3333333333333333, TCB: {'PD_1': ['PD_2'], 'PD_2': ['PD_1'], 'PD_3': []}, FR: {'PD_1,PD_2': inf, 'PD_1,PD_3': inf, 'PD_2,PD_3': inf}
  Computing metrics...
    RSI: {'PD_1,PD_2': 0.3333333333333333, 'PD_1,PD_3': 0.0, 'PD_2,PD_3': 0.0}, ASR: 1.3333333333333333, TCB: {'PD_1': ['PD_2'], 'PD_2': ['PD_1'], 'PD_3': []}, FR: {'PD_1,PD_2': inf, 'PD_1,PD_3': inf, 'PD_2,PD_3': inf}
  Computing metrics...
    RSI: {'PD_1,PD_2': 0.3333333333333333, 'PD_1,PD_3': 0.0, 'PD_2,PD_3': 0.0}, ASR: 1.3333333333333333, TCB: {'PD_1': ['PD_2'], 'PD_2': ['PD_1'], 'PD_3': []}, FR: {'PD_1,PD_2': inf, 'PD_1,PD_3': inf, 'PD_2,PD_3': inf}
  Computing metrics...
    RSI: {'PD_1,PD_2': 0.3333333333333333, 'PD_1,PD_3': 0.0, 'PD_2,PD_3': 0.0}, ASR: 1.3333333333333333, TCB: {'PD_1': ['PD_2'], 'PD_2': ['PD_1'], 'PD_3': []}, FR: {'PD_1,PD_2': inf, 'PD_1,PD_3': inf, 'PD_2,PD_3': inf}
  Computing metrics...
    RSI: {'PD_1,PD_2': 0.3333333333333333, 'PD_1,PD_3': 0.0, 'PD_2,PD_3': 0.0}, ASR: 1.3333333333333333, TCB: {'PD_1': ['PD_2'], 'PD_2': ['PD_1'], 'PD_3': []}, FR: {'PD_1,PD_2': inf, 'PD_1,PD_3': inf, 'PD_2,PD_3': inf}
  Computing metrics...
    RSI: {'PD_1,PD_2': 0.3333333333333333, 'PD_1,PD_3': 0.0, 'PD_2,PD_3': 0.0}, ASR: 1.3333333333333333, TCB: {'PD_1': ['PD_2'], 'PD_2': ['PD_1'], 'PD_3': []}, FR: {'PD_1,PD_2': inf, 'PD_1,PD_3': inf, 'PD_2,PD_3': inf}
  Computing metrics...
    RSI: {'PD_1,PD_2': 0.3333333333333333, 'PD_1,PD_3': 0.0, 'PD_2,PD_3': 0.0}, ASR: 1.3333333333333333, TCB: {'PD_1': ['PD_2'], 'PD_2': ['PD_1'], 'PD_3': []}, FR: {'PD_1,PD_2': inf, 'PD_1,PD_3': inf, 'PD_2,PD_3': inf}
  Computing metrics...
    RSI: {'PD_1,PD_2': 0.3333333333333333, 'PD_1,PD_3': 0.0, 'PD_2,PD_3': 0.0}, ASR: 1.3333333333333333, TCB: {'PD_1': ['PD_2'], 'PD_2': ['PD_1'], 'PD_3': []}, FR: {'PD_1,PD_2': inf, 'PD_1,PD_3': inf, 'PD_2,PD_3': inf}
  Computing metrics...
    RSI: {'PD_1,PD_2': 0.3333333333333333, 'PD_1,PD_3': 0.0, 'PD_2,PD_3': 0.0}, ASR: 1.3333333333333333, TCB: {'PD_1': ['PD_2'], 'PD_2': ['PD_1'], 'PD_3': []}, FR: {'PD_1,PD_2': inf, 'PD_1,PD_3': inf, 'PD_2,PD_3': inf}
  Computing metrics...
    RSI: {'PD_1,PD_2': 0.3333333333333333, 'PD_1,PD_3': 0.0, 'PD_2,PD_3': 0.0}, ASR: 1.3333333333333333, TCB: {'PD_1': ['PD_2'], 'PD_2': ['PD_1'], 'PD_3': []}, FR: {'PD_1,PD_2': inf, 'PD_1,PD_3': inf, 'PD_2,PD_3': inf}
  Computing metrics...
    RSI: {'PD_1,PD_2': 0.3333333333333333, 'PD_1,PD_3': 0.0, 'PD_2,PD_3': 0.0}, ASR: 1.3333333333333333, TCB: {'PD_1': ['PD_2'], 'PD_2': ['PD_1'], 'PD_3': []}, FR: {'PD_1,PD_2': inf, 'PD_1,PD_3': inf, 'PD_2,PD_3': inf}
  Computing metrics...
    RSI: {'PD_1,PD_2': 0.3333333333333333, 'PD_1,PD_3': 0.0, 'PD_2,PD_3': 0.0}, ASR: 1.3333333333333333, TCB: {'PD_1': ['PD_2'], 'PD_2': ['PD_1'], 'PD_3': []}, FR: {'PD_1,PD_2': inf, 'PD_1,PD_3': inf, 'PD_2,PD_3': inf}
  Computing metrics...
    RSI: {'PD_1,PD_2': 0.3333333333333333, 'PD_1,PD_3': 0.0, 'PD_2,PD_3': 0.0}, ASR: 1.3333333333333333, TCB: {'PD_1': ['PD_2'], 'PD_2': ['PD_1'], 'PD_3': []}, FR: {'PD_1,PD_2': inf, 'PD_1,PD_3': inf, 'PD_2,PD_3': inf}
  Computing metrics...
    RSI: {'PD_1,PD_2': 0.6666666666666666, 'PD_1,PD_3': 0.0, 'PD_2,PD_3': 0.0}, ASR: 1.6666666666666667, TCB: {'PD_1': ['PD_2'], 'PD_2': ['PD_1'], 'PD_3': []}, FR: {'PD_1,PD_2': inf, 'PD_1,PD_3': inf, 'PD_2,PD_3': inf}
  Computing metrics...
    RSI: {'PD_1,PD_2': 0.3333333333333333, 'PD_1,PD_3': 0.0, 'PD_2,PD_3': 0.0}, ASR: 1.3333333333333333, TCB: {'PD_1': ['PD_2'], 'PD_2': ['PD_1'], 'PD_3': []}, FR: {'PD_1,PD_2': inf, 'PD_1,PD_3': inf, 'PD_2,PD_3': inf}
  Computing metrics...
    RSI: {'PD_1,PD_2': 0.6666666666666666, 'PD_1,PD_3': 0.0, 'PD_2,PD_3': 0.0}, ASR: 1.6666666666666667, TCB: {'PD_1': ['PD_2'], 'PD_2': ['PD_1'], 'PD_3': []}, FR: {'PD_1,PD_2': inf, 'PD_1,PD_3': inf, 'PD_2,PD_3': inf}
  Computing metrics...
    RSI: {'PD_1,PD_2': 0.3333333333333333, 'PD_1,PD_3': 0.0, 'PD_2,PD_3': 0.0}, ASR: 1.3333333333333333, TCB: {'PD_1': ['PD_2'], 'PD_2': ['PD_1'], 'PD_3': []}, FR: {'PD_1,PD_2': inf, 'PD_1,PD_3': inf, 'PD_2,PD_3': inf}
  Computing metrics...
    RSI: {'PD_1,PD_2': 0.3333333333333333, 'PD_1,PD_3': 0.5, 'PD_2,PD_3': 0.0}, ASR: 1.6666666666666667, TCB: {'PD_1': ['PD_3', 'PD_2'], 'PD_2': ['PD_1'], 'PD_3': ['PD_1']}, FR: {'PD_1,PD_2': inf, 'PD_1,PD_3': inf, 'PD_2,PD_3': inf}
  Computing metrics...
    RSI: {'PD_1,PD_2': 0.3333333333333333, 'PD_1,PD_3': 0.0, 'PD_2,PD_3': 0.0}, ASR: 1.3333333333333333, TCB: {'PD_1': ['PD_2'], 'PD_2': ['PD_1'], 'PD_3': []}, FR: {'PD_1,PD_2': inf, 'PD_1,PD_3': inf, 'PD_2,PD_3': inf}
  Computing metrics...
    RSI: {'PD_1,PD_2': 0.3333333333333333, 'PD_1,PD_3': 0.0, 'PD_2,PD_3': 0.5}, ASR: 1.6666666666666667, TCB: {'PD_1': ['PD_2'], 'PD_2': ['PD_1', 'PD_3'], 'PD_3': ['PD_2']}, FR: {'PD_1,PD_2': inf, 'PD_1,PD_3': inf, 'PD_2,PD_3': inf}
  Computing metrics...
    RSI: {'PD_1,PD_2': 0.3333333333333333, 'PD_1,PD_3': 0.0, 'PD_2,PD_3': 0.0}, ASR: 1.3333333333333333, TCB: {'PD_1': ['PD_2'], 'PD_2': ['PD_1'], 'PD_3': []}, FR: {'PD_1,PD_2': inf, 'PD_1,PD_3': inf, 'PD_2,PD_3': inf}
  Computing metrics...
    RSI: {'PD_1,PD_2': 0.3333333333333333, 'PD_1,PD_3': 0.5, 'PD_2,PD_3': 0.5}, ASR: 1.6666666666666667, TCB: {'PD_1': ['PD_2', 'PD_3'], 'PD_2': ['PD_1', 'PD_3'], 'PD_3': ['PD_1', 'PD_2']}, FR: {'PD_1,PD_2': inf, 'PD_1,PD_3': inf, 'PD_2,PD_3': inf}
  Computing metrics...
    RSI: {'PD_1,PD_2': 0.3333333333333333, 'PD_1,PD_3': 0.0, 'PD_2,PD_3': 0.0}, ASR: 1.3333333333333333, TCB: {'PD_1': ['PD_2'], 'PD_2': ['PD_1'], 'PD_3': []}, FR: {'PD_1,PD_2': inf, 'PD_1,PD_3': inf, 'PD_2,PD_3': inf}
  Computing metrics...
    RSI: {'PD_1,PD_2': 0.3333333333333333, 'PD_1,PD_3': 0.0, 'PD_2,PD_3': 0.0}, ASR: 1.6666666666666667, TCB: {'PD_1': ['PD_2'], 'PD_2': ['PD_1'], 'PD_3': []}, FR: {'PD_1,PD_2': inf, 'PD_1,PD_3': inf, 'PD_2,PD_3': inf}
  Computing metrics...
    RSI: {'PD_1,PD_2': 0.3333333333333333, 'PD_1,PD_3': 0.0, 'PD_2,PD_3': 0.0}, ASR: 1.3333333333333333, TCB: {'PD_1': ['PD_2'], 'PD_2': ['PD_1'], 'PD_3': []}, FR: {'PD_1,PD_2': inf, 'PD_1,PD_3': inf, 'PD_2,PD_3': inf}
  Computing metrics...
    RSI: {'PD_1,PD_2': 0.3333333333333333, 'PD_1,PD_3': 0.0, 'PD_2,PD_3': 0.0}, ASR: 1.6666666666666667, TCB: {'PD_1': ['PD_3', 'PD_2'], 'PD_2': ['PD_1'], 'PD_3': []}, FR: {'PD_1,PD_2': inf, 'PD_1,PD_3': inf, 'PD_2,PD_3': inf}
  Computing metrics...
    RSI: {'PD_1,PD_2': 0.3333333333333333, 'PD_1,PD_3': 0.0, 'PD_2,PD_3': 0.0}, ASR: 1.3333333333333333, TCB: {'PD_1': ['PD_2'], 'PD_2': ['PD_1'], 'PD_3': []}, FR: {'PD_1,PD_2': inf, 'PD_1,PD_3': inf, 'PD_2,PD_3': inf}
  Computing metrics...
    RSI: {'PD_1,PD_2': 0.3333333333333333, 'PD_1,PD_3': 0.0, 'PD_2,PD_3': 0.0}, ASR: 1.6666666666666667, TCB: {'PD_1': ['PD_2'], 'PD_2': ['PD_1'], 'PD_3': []}, FR: {'PD_1,PD_2': inf, 'PD_1,PD_3': inf, 'PD_2,PD_3': inf}
  Computing metrics...
    RSI: {'PD_1,PD_2': 0.3333333333333333, 'PD_1,PD_3': 0.0, 'PD_2,PD_3': 0.0}, ASR: 1.3333333333333333, TCB: {'PD_1': ['PD_2'], 'PD_2': ['PD_1'], 'PD_3': []}, FR: {'PD_1,PD_2': inf, 'PD_1,PD_3': inf, 'PD_2,PD_3': inf}
  Computing metrics...
    RSI: {'PD_1,PD_2': 0.3333333333333333, 'PD_1,PD_3': 0.0, 'PD_2,PD_3': 0.0}, ASR: 1.6666666666666667, TCB: {'PD_1': ['PD_2'], 'PD_2': ['PD_3', 'PD_1'], 'PD_3': []}, FR: {'PD_1,PD_2': inf, 'PD_1,PD_3': inf, 'PD_2,PD_3': inf}
  Computing metrics...
    RSI: {'PD_1,PD_2': 0.3333333333333333, 'PD_1,PD_3': 0.0, 'PD_2,PD_3': 0.0}, ASR: 1.3333333333333333, TCB: {'PD_1': ['PD_2'], 'PD_2': ['PD_1'], 'PD_3': []}, FR: {'PD_1,PD_2': inf, 'PD_1,PD_3': inf, 'PD_2,PD_3': inf}
  Computing metrics...
    RSI: {'PD_1,PD_2': 0.3333333333333333, 'PD_1,PD_3': 0.0, 'PD_2,PD_3': 0.0}, ASR: 1.6666666666666667, TCB: {'PD_1': ['PD_2'], 'PD_2': ['PD_1'], 'PD_3': ['PD_1']}, FR: {'PD_1,PD_2': inf, 'PD_1,PD_3': inf, 'PD_2,PD_3': inf}
  Computing metrics...
    RSI: {'PD_1,PD_2': 0.3333333333333333, 'PD_1,PD_3': 0.0, 'PD_2,PD_3': 0.0}, ASR: 1.3333333333333333, TCB: {'PD_1': ['PD_2'], 'PD_2': ['PD_1'], 'PD_3': []}, FR: {'PD_1,PD_2': inf, 'PD_1,PD_3': inf, 'PD_2,PD_3': inf}
  Computing metrics...
    RSI: {'PD_1,PD_2': 0.3333333333333333, 'PD_1,PD_3': 0.0, 'PD_2,PD_3': 0.0}, ASR: 1.6666666666666667, TCB: {'PD_1': ['PD_2'], 'PD_2': ['PD_1'], 'PD_3': ['PD_2']}, FR: {'PD_1,PD_2': inf, 'PD_1,PD_3': inf, 'PD_2,PD_3': inf}
  Computing metrics...
    RSI: {'PD_1,PD_2': 0.3333333333333333, 'PD_1,PD_3': 0.0, 'PD_2,PD_3': 0.0}, ASR: 1.3333333333333333, TCB: {'PD_1': ['PD_2'], 'PD_2': ['PD_1'], 'PD_3': []}, FR: {'PD_1,PD_2': inf, 'PD_1,PD_3': inf, 'PD_2,PD_3': inf}
  Computing metrics...
    RSI: {'PD_1,PD_2': 0.3333333333333333, 'PD_1,PD_3': 0.0, 'PD_2,PD_3': 0.0}, ASR: 1.3333333333333333, TCB: {'PD_1': ['PD_2'], 'PD_2': ['PD_1'], 'PD_3': []}, FR: {'PD_1,PD_2': inf, 'PD_1,PD_3': inf, 'PD_2,PD_3': inf}
  Computing metrics...
    RSI: {'PD_1,PD_2': 0.3333333333333333, 'PD_1,PD_3': 0.0, 'PD_2,PD_3': 0.0}, ASR: 1.3333333333333333, TCB: {'PD_1': ['PD_2'], 'PD_2': ['PD_1'], 'PD_3': []}, FR: {'PD_1,PD_2': inf, 'PD_1,PD_3': inf, 'PD_2,PD_3': inf}
  Computing metrics...
    RSI: {'PD_1,PD_2': 0.3333333333333333, 'PD_1,PD_3': 0.0, 'PD_2,PD_3': 0.0}, ASR: 1.3333333333333333, TCB: {'PD_1': ['PD_2'], 'PD_2': ['PD_1'], 'PD_3': []}, FR: {'PD_1,PD_2': inf, 'PD_1,PD_3': inf, 'PD_2,PD_3': inf}
  Computing metrics...
    RSI: {'PD_1,PD_2': 0.3333333333333333, 'PD_1,PD_3': 0.0, 'PD_2,PD_3': 0.0}, ASR: 1.3333333333333333, TCB: {'PD_1': ['PD_2'], 'PD_2': ['PD_1'], 'PD_3': []}, FR: {'PD_1,PD_2': inf, 'PD_1,PD_3': inf, 'PD_2,PD_3': inf}
  Computing metrics...
    RSI: {'PD_1,PD_2': 0.3333333333333333, 'PD_1,PD_3': 0.0, 'PD_2,PD_3': 0.0}, ASR: 1.3333333333333333, TCB: {'PD_1': ['PD_2'], 'PD_2': ['PD_1'], 'PD_3': []}, FR: {'PD_1,PD_2': inf, 'PD_1,PD_3': inf, 'PD_2,PD_3': inf}
  🚫 Filtered out 0 'add_pd(add new protection domain for system expansion)' candidates (avoiding repetition)
  🎲 Exploration: selecting candidate #1 instead of best
  Trying best transition: primitive
    Target: add new protection domain for system expansion
    Predicted improvement: 3.433
    Considered 20 other option(s):
      1. primitive: remove empty PD_3 (improvement: 0.100)
      2. primitive: create new CONFIG file in FILE_SPACE_1 (improvement: 0.100)
      3. primitive: create new DATABASE file in FILE_SPACE_1 (improvement: 0.100)
      4. primitive: create new TEMP file in FILE_SPACE_1 (improvement: 0.100)
      5. primitive: create new LOG file in FILE_SPACE_1 (improvement: 0.100)
      6. primitive: remove FILE_1_3 (holders: 2) (improvement: 0.100)
      7. primitive: disconnect FILE_1_1 from FILE_SPACE_1 (improvement: 0.100)
      8. primitive: disconnect FILE_1_2 from FILE_SPACE_1 (improvement: 0.100)
      9. primitive: disconnect FILE_1_3 from FILE_SPACE_1 (improvement: 0.100)
      10. primitive: connect PD_1 to FILE_1_2 (improvement: 0.001)
      ... and 10 more
    ✅ Applied add_pd
  📋 Generated 21 candidate(s)
  Computing metrics...
    RSI: {'PD_1,PD_2': 0.3333333333333333, 'PD_1,PD_3': 0.0, 'PD_1,PD_4': 0.0, 'PD_2,PD_3': 0.0, 'PD_2,PD_4': 0.0, 'PD_3,PD_4': 0.0}, ASR: 1.0, TCB: {'PD_1': ['PD_2'], 'PD_2': ['PD_1'], 'PD_3': [], 'PD_4': []}, FR: {'PD_1,PD_2': inf, 'PD_1,PD_3': inf, 'PD_1,PD_4': inf, 'PD_2,PD_3': inf, 'PD_2,PD_4': inf, 'PD_3,PD_4': inf}
    ✅ Added candidate: add_pd (score: 3.433)
  Computing metrics...
    RSI: {'PD_1,PD_2': 0.3333333333333333}, ASR: 2.0, TCB: {'PD_1': ['PD_2'], 'PD_2': ['PD_1']}, FR: {'PD_1,PD_2': inf}
    ✅ Added candidate: remove_pd (score: 0.100)

🌟 Expanding Beam[1] (score: 0.100)
  Computing metrics...
    RSI: {'PD_1,PD_2': 0.3333333333333333}, ASR: 2.0, TCB: {'PD_1': ['PD_2'], 'PD_2': ['PD_1']}, FR: {'PD_1,PD_2': inf}
    Goal not met: RSI[PD_1,PD_2]=0.333 > 0.3
  Computing metrics...
    RSI: {'PD_1,PD_2': 0.3333333333333333}, ASR: 2.0, TCB: {'PD_1': ['PD_2'], 'PD_2': ['PD_1']}, FR: {'PD_1,PD_2': inf}
  Computing metrics...
    RSI: {'PD_1,PD_2': 0.3333333333333333, 'PD_1,PD_3': 0.0, 'PD_2,PD_3': 0.0}, ASR: 1.3333333333333333, TCB: {'PD_1': ['PD_2'], 'PD_2': ['PD_1'], 'PD_3': []}, FR: {'PD_1,PD_2': inf, 'PD_1,PD_3': inf, 'PD_2,PD_3': inf}
  Computing metrics...
    RSI: {'PD_1,PD_2': 0.3333333333333333}, ASR: 2.0, TCB: {'PD_1': ['PD_2'], 'PD_2': ['PD_1']}, FR: {'PD_1,PD_2': inf}
  Computing metrics...
    RSI: {'PD_1,PD_2': 0.3333333333333333}, ASR: 2.0, TCB: {'PD_1': ['PD_2'], 'PD_2': ['PD_1']}, FR: {'PD_1,PD_2': inf}
  Computing metrics...
    RSI: {'PD_1,PD_2': 0.3333333333333333}, ASR: 2.0, TCB: {'PD_1': ['PD_2'], 'PD_2': ['PD_1']}, FR: {'PD_1,PD_2': inf}
  Computing metrics...
    RSI: {'PD_1,PD_2': 0.3333333333333333}, ASR: 2.0, TCB: {'PD_1': ['PD_2'], 'PD_2': ['PD_1']}, FR: {'PD_1,PD_2': inf}
  Computing metrics...
    RSI: {'PD_1,PD_2': 0.3333333333333333}, ASR: 2.0, TCB: {'PD_1': ['PD_2'], 'PD_2': ['PD_1']}, FR: {'PD_1,PD_2': inf}
  Computing metrics...
    RSI: {'PD_1,PD_2': 0.3333333333333333}, ASR: 2.0, TCB: {'PD_1': ['PD_2'], 'PD_2': ['PD_1']}, FR: {'PD_1,PD_2': inf}
  Computing metrics...
    RSI: {'PD_1,PD_2': 0.3333333333333333}, ASR: 2.0, TCB: {'PD_1': ['PD_2'], 'PD_2': ['PD_1']}, FR: {'PD_1,PD_2': inf}
  Computing metrics...
    RSI: {'PD_1,PD_2': 0.3333333333333333}, ASR: 2.0, TCB: {'PD_1': ['PD_2'], 'PD_2': ['PD_1']}, FR: {'PD_1,PD_2': inf}
  Computing metrics...
    RSI: {'PD_1,PD_2': 0.3333333333333333}, ASR: 2.0, TCB: {'PD_1': ['PD_2'], 'PD_2': ['PD_1']}, FR: {'PD_1,PD_2': inf}
  Computing metrics...
    RSI: {'PD_1,PD_2': 0.3333333333333333}, ASR: 2.0, TCB: {'PD_1': ['PD_2'], 'PD_2': ['PD_1']}, FR: {'PD_1,PD_2': inf}
  Computing metrics...
    RSI: {'PD_1,PD_2': 0.3333333333333333}, ASR: 2.0, TCB: {'PD_1': ['PD_2'], 'PD_2': ['PD_1']}, FR: {'PD_1,PD_2': inf}
  Computing metrics...
    RSI: {'PD_1,PD_2': 0.3333333333333333}, ASR: 2.0, TCB: {'PD_1': ['PD_2'], 'PD_2': ['PD_1']}, FR: {'PD_1,PD_2': inf}
  Computing metrics...
    RSI: {'PD_1,PD_2': 0.3333333333333333}, ASR: 2.0, TCB: {'PD_1': ['PD_2'], 'PD_2': ['PD_1']}, FR: {'PD_1,PD_2': inf}
  Computing metrics...
    RSI: {'PD_1,PD_2': 0.6666666666666666}, ASR: 2.5, TCB: {'PD_1': ['PD_2'], 'PD_2': ['PD_1']}, FR: {'PD_1,PD_2': inf}
  Computing metrics...
    RSI: {'PD_1,PD_2': 0.3333333333333333}, ASR: 2.0, TCB: {'PD_1': ['PD_2'], 'PD_2': ['PD_1']}, FR: {'PD_1,PD_2': inf}
  Computing metrics...
    RSI: {'PD_1,PD_2': 0.25}, ASR: 2.5, TCB: {'PD_1': ['PD_2'], 'PD_2': ['PD_1']}, FR: {'PD_1,PD_2': inf}
  Computing metrics...
    RSI: {'PD_1,PD_2': 0.3333333333333333}, ASR: 2.0, TCB: {'PD_1': ['PD_2'], 'PD_2': ['PD_1']}, FR: {'PD_1,PD_2': inf}
  Computing metrics...
    RSI: {'PD_1,PD_2': 0.6666666666666666}, ASR: 2.5, TCB: {'PD_1': ['PD_2'], 'PD_2': ['PD_1']}, FR: {'PD_1,PD_2': inf}
  Computing metrics...
    RSI: {'PD_1,PD_2': 0.3333333333333333}, ASR: 2.0, TCB: {'PD_1': ['PD_2'], 'PD_2': ['PD_1']}, FR: {'PD_1,PD_2': inf}
  Computing metrics...
    RSI: {'PD_1,PD_2': 0.25}, ASR: 2.5, TCB: {'PD_1': ['PD_2'], 'PD_2': ['PD_1']}, FR: {'PD_1,PD_2': inf}
  Computing metrics...
    RSI: {'PD_1,PD_2': 0.3333333333333333}, ASR: 2.0, TCB: {'PD_1': ['PD_2'], 'PD_2': ['PD_1']}, FR: {'PD_1,PD_2': inf}
  Computing metrics...
    RSI: {'PD_1,PD_2': 0.3333333333333333}, ASR: 2.5, TCB: {'PD_1': ['PD_2'], 'PD_2': ['PD_1']}, FR: {'PD_1,PD_2': inf}
  Computing metrics...
    RSI: {'PD_1,PD_2': 0.3333333333333333}, ASR: 2.0, TCB: {'PD_1': ['PD_2'], 'PD_2': ['PD_1']}, FR: {'PD_1,PD_2': inf}
  Computing metrics...
    RSI: {'PD_1,PD_2': 0.3333333333333333}, ASR: 2.5, TCB: {'PD_1': ['PD_2'], 'PD_2': ['PD_1']}, FR: {'PD_1,PD_2': inf}
  Computing metrics...
    RSI: {'PD_1,PD_2': 0.3333333333333333}, ASR: 2.0, TCB: {'PD_1': ['PD_2'], 'PD_2': ['PD_1']}, FR: {'PD_1,PD_2': inf}
  Computing metrics...
    RSI: {'PD_1,PD_2': 0.3333333333333333}, ASR: 2.0, TCB: {'PD_1': ['PD_2'], 'PD_2': ['PD_1']}, FR: {'PD_1,PD_2': inf}
  Computing metrics...
    RSI: {'PD_1,PD_2': 0.3333333333333333}, ASR: 2.0, TCB: {'PD_1': ['PD_2'], 'PD_2': ['PD_1']}, FR: {'PD_1,PD_2': inf}
  Computing metrics...
    RSI: {'PD_1,PD_2': 0.3333333333333333}, ASR: 2.0, TCB: {'PD_1': ['PD_2'], 'PD_2': ['PD_1']}, FR: {'PD_1,PD_2': inf}
  Computing metrics...
    RSI: {'PD_1,PD_2': 0.3333333333333333}, ASR: 2.0, TCB: {'PD_1': ['PD_2'], 'PD_2': ['PD_1']}, FR: {'PD_1,PD_2': inf}
  Computing metrics...
    RSI: {'PD_1,PD_2': 0.3333333333333333}, ASR: 2.0, TCB: {'PD_1': ['PD_2'], 'PD_2': ['PD_1']}, FR: {'PD_1,PD_2': inf}
  Computing metrics...
    RSI: {'PD_1,PD_2': 0.3333333333333333}, ASR: 2.0, TCB: {'PD_1': ['PD_2'], 'PD_2': ['PD_1']}, FR: {'PD_1,PD_2': inf}
  Computing metrics...
    RSI: {'PD_1,PD_2': 0.3333333333333333}, ASR: 2.0, TCB: {'PD_1': ['PD_2'], 'PD_2': ['PD_1']}, FR: {'PD_1,PD_2': inf}
  🚫 Filtered out 0 'add_file_resource(create new CONFIG file in FILE_SPACE_1)' candidates (avoiding repetition)
  Trying best transition: primitive
    Target: add new protection domain for system expansion
    Predicted improvement: 6.767
    Considered 16 other option(s):
      1. primitive: create new CONFIG file in FILE_SPACE_1 (improvement: 0.100)
      2. primitive: create new DATABASE file in FILE_SPACE_1 (improvement: 0.100)
      3. primitive: create new TEMP file in FILE_SPACE_1 (improvement: 0.100)
      4. primitive: create new LOG file in FILE_SPACE_1 (improvement: 0.100)
      5. primitive: remove FILE_1_3 (holders: 2) (improvement: 0.100)
      6. primitive: remove FILE_1_4 (holders: 0) (improvement: 0.100)
      7. primitive: disconnect FILE_1_1 from FILE_SPACE_1 (improvement: 0.100)
      8. primitive: disconnect FILE_1_2 from FILE_SPACE_1 (improvement: 0.100)
      9. primitive: disconnect FILE_1_3 from FILE_SPACE_1 (improvement: 0.100)
      10. primitive: disconnect FILE_1_4 from FILE_SPACE_1 (improvement: 0.100)
      ... and 6 more
    ✅ Applied add_pd
  📋 Generated 17 candidate(s)
  Computing metrics...
    RSI: {'PD_1,PD_2': 0.3333333333333333, 'PD_1,PD_3': 0.0, 'PD_2,PD_3': 0.0}, ASR: 1.3333333333333333, TCB: {'PD_1': ['PD_2'], 'PD_2': ['PD_1'], 'PD_3': []}, FR: {'PD_1,PD_2': inf, 'PD_1,PD_3': inf, 'PD_2,PD_3': inf}
    ✅ Added candidate: add_pd (score: 6.767)
  Computing metrics...
    RSI: {'PD_1,PD_2': 0.3333333333333333}, ASR: 2.0, TCB: {'PD_1': ['PD_2'], 'PD_2': ['PD_1']}, FR: {'PD_1,PD_2': inf}
    ✅ Added candidate: add_file_resource (score: 0.100)

🌟 Expanding Beam[2] (score: 0.100)
  Computing metrics...
    RSI: {'PD_1,PD_2': 0.3333333333333333}, ASR: 2.0, TCB: {'PD_1': ['PD_2'], 'PD_2': ['PD_1']}, FR: {'PD_1,PD_2': inf}
    Goal not met: RSI[PD_1,PD_2]=0.333 > 0.3
  Computing metrics...
    RSI: {'PD_1,PD_2': 0.3333333333333333}, ASR: 2.0, TCB: {'PD_1': ['PD_2'], 'PD_2': ['PD_1']}, FR: {'PD_1,PD_2': inf}
  Computing metrics...
    RSI: {'PD_1,PD_2': 0.3333333333333333, 'PD_1,PD_3': 0.0, 'PD_2,PD_3': 0.0}, ASR: 1.3333333333333333, TCB: {'PD_1': ['PD_2'], 'PD_2': ['PD_1'], 'PD_3': []}, FR: {'PD_1,PD_2': inf, 'PD_1,PD_3': inf, 'PD_2,PD_3': inf}
  Computing metrics...
    RSI: {'PD_1,PD_2': 0.3333333333333333}, ASR: 2.0, TCB: {'PD_1': ['PD_2'], 'PD_2': ['PD_1']}, FR: {'PD_1,PD_2': inf}
  Computing metrics...
    RSI: {'PD_1,PD_2': 0.3333333333333333}, ASR: 2.0, TCB: {'PD_1': ['PD_2'], 'PD_2': ['PD_1']}, FR: {'PD_1,PD_2': inf}
  Computing metrics...
    RSI: {'PD_1,PD_2': 0.3333333333333333}, ASR: 2.0, TCB: {'PD_1': ['PD_2'], 'PD_2': ['PD_1']}, FR: {'PD_1,PD_2': inf}
  Computing metrics...
    RSI: {'PD_1,PD_2': 0.3333333333333333}, ASR: 2.0, TCB: {'PD_1': ['PD_2'], 'PD_2': ['PD_1']}, FR: {'PD_1,PD_2': inf}
  Computing metrics...
    RSI: {'PD_1,PD_2': 0.3333333333333333}, ASR: 2.0, TCB: {'PD_1': ['PD_2'], 'PD_2': ['PD_1']}, FR: {'PD_1,PD_2': inf}
  Computing metrics...
    RSI: {'PD_1,PD_2': 0.3333333333333333}, ASR: 2.0, TCB: {'PD_1': ['PD_2'], 'PD_2': ['PD_1']}, FR: {'PD_1,PD_2': inf}
  Computing metrics...
    RSI: {'PD_1,PD_2': 0.3333333333333333}, ASR: 2.0, TCB: {'PD_1': ['PD_2'], 'PD_2': ['PD_1']}, FR: {'PD_1,PD_2': inf}
  Computing metrics...
    RSI: {'PD_1,PD_2': 0.3333333333333333}, ASR: 2.0, TCB: {'PD_1': ['PD_2'], 'PD_2': ['PD_1']}, FR: {'PD_1,PD_2': inf}
  Computing metrics...
    RSI: {'PD_1,PD_2': 0.3333333333333333}, ASR: 2.0, TCB: {'PD_1': ['PD_2'], 'PD_2': ['PD_1']}, FR: {'PD_1,PD_2': inf}
  Computing metrics...
    RSI: {'PD_1,PD_2': 0.3333333333333333}, ASR: 2.0, TCB: {'PD_1': ['PD_2'], 'PD_2': ['PD_1']}, FR: {'PD_1,PD_2': inf}
  Computing metrics...
    RSI: {'PD_1,PD_2': 0.3333333333333333}, ASR: 2.0, TCB: {'PD_1': ['PD_2'], 'PD_2': ['PD_1']}, FR: {'PD_1,PD_2': inf}
  Computing metrics...
    RSI: {'PD_1,PD_2': 0.3333333333333333}, ASR: 2.0, TCB: {'PD_1': ['PD_2'], 'PD_2': ['PD_1']}, FR: {'PD_1,PD_2': inf}
  Computing metrics...
    RSI: {'PD_1,PD_2': 0.3333333333333333}, ASR: 2.0, TCB: {'PD_1': ['PD_2'], 'PD_2': ['PD_1']}, FR: {'PD_1,PD_2': inf}
  Computing metrics...
    RSI: {'PD_1,PD_2': 0.6666666666666666}, ASR: 2.5, TCB: {'PD_1': ['PD_2'], 'PD_2': ['PD_1']}, FR: {'PD_1,PD_2': inf}
  Computing metrics...
    RSI: {'PD_1,PD_2': 0.3333333333333333}, ASR: 2.0, TCB: {'PD_1': ['PD_2'], 'PD_2': ['PD_1']}, FR: {'PD_1,PD_2': inf}
  Computing metrics...
    RSI: {'PD_1,PD_2': 0.25}, ASR: 2.5, TCB: {'PD_1': ['PD_2'], 'PD_2': ['PD_1']}, FR: {'PD_1,PD_2': inf}
  Computing metrics...
    RSI: {'PD_1,PD_2': 0.3333333333333333}, ASR: 2.0, TCB: {'PD_1': ['PD_2'], 'PD_2': ['PD_1']}, FR: {'PD_1,PD_2': inf}
  Computing metrics...
    RSI: {'PD_1,PD_2': 0.6666666666666666}, ASR: 2.5, TCB: {'PD_1': ['PD_2'], 'PD_2': ['PD_1']}, FR: {'PD_1,PD_2': inf}
  Computing metrics...
    RSI: {'PD_1,PD_2': 0.3333333333333333}, ASR: 2.0, TCB: {'PD_1': ['PD_2'], 'PD_2': ['PD_1']}, FR: {'PD_1,PD_2': inf}
  Computing metrics...
    RSI: {'PD_1,PD_2': 0.25}, ASR: 2.5, TCB: {'PD_1': ['PD_2'], 'PD_2': ['PD_1']}, FR: {'PD_1,PD_2': inf}
  Computing metrics...
    RSI: {'PD_1,PD_2': 0.3333333333333333}, ASR: 2.0, TCB: {'PD_1': ['PD_2'], 'PD_2': ['PD_1']}, FR: {'PD_1,PD_2': inf}
  Computing metrics...
    RSI: {'PD_1,PD_2': 0.3333333333333333}, ASR: 2.5, TCB: {'PD_1': ['PD_2'], 'PD_2': ['PD_1']}, FR: {'PD_1,PD_2': inf}
  Computing metrics...
    RSI: {'PD_1,PD_2': 0.3333333333333333}, ASR: 2.0, TCB: {'PD_1': ['PD_2'], 'PD_2': ['PD_1']}, FR: {'PD_1,PD_2': inf}
  Computing metrics...
    RSI: {'PD_1,PD_2': 0.3333333333333333}, ASR: 2.5, TCB: {'PD_1': ['PD_2'], 'PD_2': ['PD_1']}, FR: {'PD_1,PD_2': inf}
  Computing metrics...
    RSI: {'PD_1,PD_2': 0.3333333333333333}, ASR: 2.0, TCB: {'PD_1': ['PD_2'], 'PD_2': ['PD_1']}, FR: {'PD_1,PD_2': inf}
  Computing metrics...
    RSI: {'PD_1,PD_2': 0.3333333333333333}, ASR: 2.0, TCB: {'PD_1': ['PD_2'], 'PD_2': ['PD_1']}, FR: {'PD_1,PD_2': inf}
  Computing metrics...
    RSI: {'PD_1,PD_2': 0.3333333333333333}, ASR: 2.0, TCB: {'PD_1': ['PD_2'], 'PD_2': ['PD_1']}, FR: {'PD_1,PD_2': inf}
  Computing metrics...
    RSI: {'PD_1,PD_2': 0.3333333333333333}, ASR: 2.0, TCB: {'PD_1': ['PD_2'], 'PD_2': ['PD_1']}, FR: {'PD_1,PD_2': inf}
  Computing metrics...
    RSI: {'PD_1,PD_2': 0.3333333333333333}, ASR: 2.0, TCB: {'PD_1': ['PD_2'], 'PD_2': ['PD_1']}, FR: {'PD_1,PD_2': inf}
  Computing metrics...
    RSI: {'PD_1,PD_2': 0.3333333333333333}, ASR: 2.0, TCB: {'PD_1': ['PD_2'], 'PD_2': ['PD_1']}, FR: {'PD_1,PD_2': inf}
  Computing metrics...
    RSI: {'PD_1,PD_2': 0.3333333333333333}, ASR: 2.0, TCB: {'PD_1': ['PD_2'], 'PD_2': ['PD_1']}, FR: {'PD_1,PD_2': inf}
  Computing metrics...
    RSI: {'PD_1,PD_2': 0.3333333333333333}, ASR: 2.0, TCB: {'PD_1': ['PD_2'], 'PD_2': ['PD_1']}, FR: {'PD_1,PD_2': inf}
  🚫 Filtered out 0 'add_file_resource(create new DATABASE file in FILE_SPACE_1)' candidates (avoiding repetition)
  Trying best transition: primitive
    Target: add new protection domain for system expansion
    Predicted improvement: 6.767
    Considered 16 other option(s):
      1. primitive: create new CONFIG file in FILE_SPACE_1 (improvement: 0.100)
      2. primitive: create new DATABASE file in FILE_SPACE_1 (improvement: 0.100)
      3. primitive: create new TEMP file in FILE_SPACE_1 (improvement: 0.100)
      4. primitive: create new LOG file in FILE_SPACE_1 (improvement: 0.100)
      5. primitive: remove FILE_1_3 (holders: 2) (improvement: 0.100)
      6. primitive: remove FILE_1_4 (holders: 0) (improvement: 0.100)
      7. primitive: disconnect FILE_1_1 from FILE_SPACE_1 (improvement: 0.100)
      8. primitive: disconnect FILE_1_2 from FILE_SPACE_1 (improvement: 0.100)
      9. primitive: disconnect FILE_1_3 from FILE_SPACE_1 (improvement: 0.100)
      10. primitive: disconnect FILE_1_4 from FILE_SPACE_1 (improvement: 0.100)
      ... and 6 more
    ✅ Applied add_pd
  📋 Generated 17 candidate(s)
  Computing metrics...
    RSI: {'PD_1,PD_2': 0.3333333333333333, 'PD_1,PD_3': 0.0, 'PD_2,PD_3': 0.0}, ASR: 1.3333333333333333, TCB: {'PD_1': ['PD_2'], 'PD_2': ['PD_1'], 'PD_3': []}, FR: {'PD_1,PD_2': inf, 'PD_1,PD_3': inf, 'PD_2,PD_3': inf}
    ✅ Added candidate: add_pd (score: 6.767)
  Computing metrics...
    RSI: {'PD_1,PD_2': 0.3333333333333333}, ASR: 2.0, TCB: {'PD_1': ['PD_2'], 'PD_2': ['PD_1']}, FR: {'PD_1,PD_2': inf}
    ✅ Added candidate: add_file_resource (score: 0.100)

📊 Next beam (3 states):
  Beam[0]: BeamState(iter=2, score=6.767, path=add_file_resource(create new CONFIG file in FILE_SPACE_1) → add_pd(add new protection domain for system expansion))
  Beam[1]: BeamState(iter=2, score=6.767, path=add_file_resource(create new DATABASE file in FILE_SPACE_1) → add_pd(add new protection domain for system expansion))
  Beam[2]: BeamState(iter=2, score=3.433, path=add_pd(add new protection domain for system expansion) → add_pd(add new protection domain for system expansion))
💡 Total candidates generated: 6
🎯 Mechanisms discovered so far: 0

============================================================
🔍 Beam Search Iteration 3/8
📊 Current beam size: 3
  Beam[0]: BeamState(iter=2, score=6.767, path=add_file_resource(create new CONFIG file in FILE_SPACE_1) → add_pd(add new protection domain for system expansion))
  Beam[1]: BeamState(iter=2, score=6.767, path=add_file_resource(create new DATABASE file in FILE_SPACE_1) → add_pd(add new protection domain for system expansion))
  Beam[2]: BeamState(iter=2, score=3.433, path=add_pd(add new protection domain for system expansion) → add_pd(add new protection domain for system expansion))

🌟 Expanding Beam[0] (score: 6.767)
  Computing metrics...
    RSI: {'PD_1,PD_2': 0.3333333333333333, 'PD_1,PD_3': 0.0, 'PD_2,PD_3': 0.0}, ASR: 1.3333333333333333, TCB: {'PD_1': ['PD_2'], 'PD_2': ['PD_1'], 'PD_3': []}, FR: {'PD_1,PD_2': inf, 'PD_1,PD_3': inf, 'PD_2,PD_3': inf}
    Goal not met: RSI[PD_1,PD_2]=0.333 > 0.3
  Computing metrics...
    RSI: {'PD_1,PD_2': 0.3333333333333333, 'PD_1,PD_3': 0.0, 'PD_2,PD_3': 0.0}, ASR: 1.3333333333333333, TCB: {'PD_1': ['PD_2'], 'PD_2': ['PD_1'], 'PD_3': []}, FR: {'PD_1,PD_2': inf, 'PD_1,PD_3': inf, 'PD_2,PD_3': inf}
  Computing metrics...
    RSI: {'PD_1,PD_2': 0.3333333333333333, 'PD_1,PD_3': 0.0, 'PD_1,PD_4': 0.0, 'PD_2,PD_3': 0.0, 'PD_2,PD_4': 0.0, 'PD_3,PD_4': 0.0}, ASR: 1.0, TCB: {'PD_1': ['PD_2'], 'PD_2': ['PD_1'], 'PD_3': [], 'PD_4': []}, FR: {'PD_1,PD_2': inf, 'PD_1,PD_3': inf, 'PD_1,PD_4': inf, 'PD_2,PD_3': inf, 'PD_2,PD_4': inf, 'PD_3,PD_4': inf}
  Computing metrics...
    RSI: {'PD_1,PD_2': 0.3333333333333333, 'PD_1,PD_3': 0.0, 'PD_2,PD_3': 0.0}, ASR: 1.3333333333333333, TCB: {'PD_1': ['PD_2'], 'PD_2': ['PD_1'], 'PD_3': []}, FR: {'PD_1,PD_2': inf, 'PD_1,PD_3': inf, 'PD_2,PD_3': inf}
  Computing metrics...
    RSI: {'PD_1,PD_2': 0.3333333333333333, 'PD_1,PD_3': 0.0, 'PD_2,PD_3': 0.0}, ASR: 1.3333333333333333, TCB: {'PD_1': ['PD_2'], 'PD_2': ['PD_1'], 'PD_3': []}, FR: {'PD_1,PD_2': inf, 'PD_1,PD_3': inf, 'PD_2,PD_3': inf}
  Computing metrics...
    RSI: {'PD_1,PD_2': 0.3333333333333333, 'PD_1,PD_3': 0.0, 'PD_2,PD_3': 0.0}, ASR: 1.3333333333333333, TCB: {'PD_1': ['PD_2'], 'PD_2': ['PD_1'], 'PD_3': []}, FR: {'PD_1,PD_2': inf, 'PD_1,PD_3': inf, 'PD_2,PD_3': inf}
  Computing metrics...
    RSI: {'PD_1,PD_2': 0.3333333333333333, 'PD_1,PD_3': 0.0, 'PD_2,PD_3': 0.0}, ASR: 1.3333333333333333, TCB: {'PD_1': ['PD_2'], 'PD_2': ['PD_1'], 'PD_3': []}, FR: {'PD_1,PD_2': inf, 'PD_1,PD_3': inf, 'PD_2,PD_3': inf}
  Computing metrics...
    RSI: {'PD_1,PD_2': 0.3333333333333333, 'PD_1,PD_3': 0.0, 'PD_2,PD_3': 0.0}, ASR: 1.3333333333333333, TCB: {'PD_1': ['PD_2'], 'PD_2': ['PD_1'], 'PD_3': []}, FR: {'PD_1,PD_2': inf, 'PD_1,PD_3': inf, 'PD_2,PD_3': inf}
  Computing metrics...
    RSI: {'PD_1,PD_2': 0.3333333333333333, 'PD_1,PD_3': 0.0, 'PD_2,PD_3': 0.0}, ASR: 1.3333333333333333, TCB: {'PD_1': ['PD_2'], 'PD_2': ['PD_1'], 'PD_3': []}, FR: {'PD_1,PD_2': inf, 'PD_1,PD_3': inf, 'PD_2,PD_3': inf}
  Computing metrics...
    RSI: {'PD_1,PD_2': 0.3333333333333333, 'PD_1,PD_3': 0.0, 'PD_2,PD_3': 0.0}, ASR: 1.3333333333333333, TCB: {'PD_1': ['PD_2'], 'PD_2': ['PD_1'], 'PD_3': []}, FR: {'PD_1,PD_2': inf, 'PD_1,PD_3': inf, 'PD_2,PD_3': inf}
  Computing metrics...
    RSI: {'PD_1,PD_2': 0.3333333333333333, 'PD_1,PD_3': 0.0, 'PD_2,PD_3': 0.0}, ASR: 1.3333333333333333, TCB: {'PD_1': ['PD_2'], 'PD_2': ['PD_1'], 'PD_3': []}, FR: {'PD_1,PD_2': inf, 'PD_1,PD_3': inf, 'PD_2,PD_3': inf}
  Computing metrics...
    RSI: {'PD_1,PD_2': 0.3333333333333333, 'PD_1,PD_3': 0.0, 'PD_2,PD_3': 0.0}, ASR: 1.3333333333333333, TCB: {'PD_1': ['PD_2'], 'PD_2': ['PD_1'], 'PD_3': []}, FR: {'PD_1,PD_2': inf, 'PD_1,PD_3': inf, 'PD_2,PD_3': inf}
  Computing metrics...
    RSI: {'PD_1,PD_2': 0.3333333333333333, 'PD_1,PD_3': 0.0, 'PD_2,PD_3': 0.0}, ASR: 1.3333333333333333, TCB: {'PD_1': ['PD_2'], 'PD_2': ['PD_1'], 'PD_3': []}, FR: {'PD_1,PD_2': inf, 'PD_1,PD_3': inf, 'PD_2,PD_3': inf}
  Computing metrics...
    RSI: {'PD_1,PD_2': 0.3333333333333333, 'PD_1,PD_3': 0.0, 'PD_2,PD_3': 0.0}, ASR: 1.3333333333333333, TCB: {'PD_1': ['PD_2'], 'PD_2': ['PD_1'], 'PD_3': []}, FR: {'PD_1,PD_2': inf, 'PD_1,PD_3': inf, 'PD_2,PD_3': inf}
  Computing metrics...
    RSI: {'PD_1,PD_2': 0.3333333333333333, 'PD_1,PD_3': 0.0, 'PD_2,PD_3': 0.0}, ASR: 1.3333333333333333, TCB: {'PD_1': ['PD_2'], 'PD_2': ['PD_1'], 'PD_3': []}, FR: {'PD_1,PD_2': inf, 'PD_1,PD_3': inf, 'PD_2,PD_3': inf}
  Computing metrics...
    RSI: {'PD_1,PD_2': 0.3333333333333333, 'PD_1,PD_3': 0.0, 'PD_2,PD_3': 0.0}, ASR: 1.3333333333333333, TCB: {'PD_1': ['PD_2'], 'PD_2': ['PD_1'], 'PD_3': []}, FR: {'PD_1,PD_2': inf, 'PD_1,PD_3': inf, 'PD_2,PD_3': inf}
  Computing metrics...
    RSI: {'PD_1,PD_2': 0.3333333333333333, 'PD_1,PD_3': 0.0, 'PD_2,PD_3': 0.0}, ASR: 1.3333333333333333, TCB: {'PD_1': ['PD_2'], 'PD_2': ['PD_1'], 'PD_3': []}, FR: {'PD_1,PD_2': inf, 'PD_1,PD_3': inf, 'PD_2,PD_3': inf}
  Computing metrics...
    RSI: {'PD_1,PD_2': 0.3333333333333333, 'PD_1,PD_3': 0.0, 'PD_2,PD_3': 0.0}, ASR: 1.3333333333333333, TCB: {'PD_1': ['PD_2'], 'PD_2': ['PD_1'], 'PD_3': []}, FR: {'PD_1,PD_2': inf, 'PD_1,PD_3': inf, 'PD_2,PD_3': inf}
  Computing metrics...
    RSI: {'PD_1,PD_2': 0.6666666666666666, 'PD_1,PD_3': 0.0, 'PD_2,PD_3': 0.0}, ASR: 1.6666666666666667, TCB: {'PD_1': ['PD_2'], 'PD_2': ['PD_1'], 'PD_3': []}, FR: {'PD_1,PD_2': inf, 'PD_1,PD_3': inf, 'PD_2,PD_3': inf}
  Computing metrics...
    RSI: {'PD_1,PD_2': 0.3333333333333333, 'PD_1,PD_3': 0.0, 'PD_2,PD_3': 0.0}, ASR: 1.3333333333333333, TCB: {'PD_1': ['PD_2'], 'PD_2': ['PD_1'], 'PD_3': []}, FR: {'PD_1,PD_2': inf, 'PD_1,PD_3': inf, 'PD_2,PD_3': inf}
  Computing metrics...
    RSI: {'PD_1,PD_2': 0.25, 'PD_1,PD_3': 0.0, 'PD_2,PD_3': 0.0}, ASR: 1.6666666666666667, TCB: {'PD_1': ['PD_2'], 'PD_2': ['PD_1'], 'PD_3': []}, FR: {'PD_1,PD_2': inf, 'PD_1,PD_3': inf, 'PD_2,PD_3': inf}
  Computing metrics...
    RSI: {'PD_1,PD_2': 0.3333333333333333, 'PD_1,PD_3': 0.0, 'PD_2,PD_3': 0.0}, ASR: 1.3333333333333333, TCB: {'PD_1': ['PD_2'], 'PD_2': ['PD_1'], 'PD_3': []}, FR: {'PD_1,PD_2': inf, 'PD_1,PD_3': inf, 'PD_2,PD_3': inf}
  Computing metrics...
    RSI: {'PD_1,PD_2': 0.6666666666666666, 'PD_1,PD_3': 0.0, 'PD_2,PD_3': 0.0}, ASR: 1.6666666666666667, TCB: {'PD_1': ['PD_2'], 'PD_2': ['PD_1'], 'PD_3': []}, FR: {'PD_1,PD_2': inf, 'PD_1,PD_3': inf, 'PD_2,PD_3': inf}
  Computing metrics...
    RSI: {'PD_1,PD_2': 0.3333333333333333, 'PD_1,PD_3': 0.0, 'PD_2,PD_3': 0.0}, ASR: 1.3333333333333333, TCB: {'PD_1': ['PD_2'], 'PD_2': ['PD_1'], 'PD_3': []}, FR: {'PD_1,PD_2': inf, 'PD_1,PD_3': inf, 'PD_2,PD_3': inf}
  Computing metrics...
    RSI: {'PD_1,PD_2': 0.25, 'PD_1,PD_3': 0.0, 'PD_2,PD_3': 0.0}, ASR: 1.6666666666666667, TCB: {'PD_1': ['PD_2'], 'PD_2': ['PD_1'], 'PD_3': []}, FR: {'PD_1,PD_2': inf, 'PD_1,PD_3': inf, 'PD_2,PD_3': inf}
  Computing metrics...
    RSI: {'PD_1,PD_2': 0.3333333333333333, 'PD_1,PD_3': 0.0, 'PD_2,PD_3': 0.0}, ASR: 1.3333333333333333, TCB: {'PD_1': ['PD_2'], 'PD_2': ['PD_1'], 'PD_3': []}, FR: {'PD_1,PD_2': inf, 'PD_1,PD_3': inf, 'PD_2,PD_3': inf}
  Computing metrics...
    RSI: {'PD_1,PD_2': 0.3333333333333333, 'PD_1,PD_3': 0.5, 'PD_2,PD_3': 0.0}, ASR: 1.6666666666666667, TCB: {'PD_1': ['PD_3', 'PD_2'], 'PD_2': ['PD_1'], 'PD_3': ['PD_1']}, FR: {'PD_1,PD_2': inf, 'PD_1,PD_3': inf, 'PD_2,PD_3': inf}
  Computing metrics...
    RSI: {'PD_1,PD_2': 0.3333333333333333, 'PD_1,PD_3': 0.0, 'PD_2,PD_3': 0.0}, ASR: 1.3333333333333333, TCB: {'PD_1': ['PD_2'], 'PD_2': ['PD_1'], 'PD_3': []}, FR: {'PD_1,PD_2': inf, 'PD_1,PD_3': inf, 'PD_2,PD_3': inf}
  Computing metrics...
    RSI: {'PD_1,PD_2': 0.3333333333333333, 'PD_1,PD_3': 0.0, 'PD_2,PD_3': 0.5}, ASR: 1.6666666666666667, TCB: {'PD_1': ['PD_2'], 'PD_2': ['PD_1', 'PD_3'], 'PD_3': ['PD_2']}, FR: {'PD_1,PD_2': inf, 'PD_1,PD_3': inf, 'PD_2,PD_3': inf}
  Computing metrics...
    RSI: {'PD_1,PD_2': 0.3333333333333333, 'PD_1,PD_3': 0.0, 'PD_2,PD_3': 0.0}, ASR: 1.3333333333333333, TCB: {'PD_1': ['PD_2'], 'PD_2': ['PD_1'], 'PD_3': []}, FR: {'PD_1,PD_2': inf, 'PD_1,PD_3': inf, 'PD_2,PD_3': inf}
  Computing metrics...
    RSI: {'PD_1,PD_2': 0.3333333333333333, 'PD_1,PD_3': 0.5, 'PD_2,PD_3': 0.5}, ASR: 1.6666666666666667, TCB: {'PD_1': ['PD_2', 'PD_3'], 'PD_2': ['PD_1', 'PD_3'], 'PD_3': ['PD_1', 'PD_2']}, FR: {'PD_1,PD_2': inf, 'PD_1,PD_3': inf, 'PD_2,PD_3': inf}
  Computing metrics...
    RSI: {'PD_1,PD_2': 0.3333333333333333, 'PD_1,PD_3': 0.0, 'PD_2,PD_3': 0.0}, ASR: 1.3333333333333333, TCB: {'PD_1': ['PD_2'], 'PD_2': ['PD_1'], 'PD_3': []}, FR: {'PD_1,PD_2': inf, 'PD_1,PD_3': inf, 'PD_2,PD_3': inf}
  Computing metrics...
    RSI: {'PD_1,PD_2': 0.3333333333333333, 'PD_1,PD_3': 0.0, 'PD_2,PD_3': 0.0}, ASR: 1.6666666666666667, TCB: {'PD_1': ['PD_2'], 'PD_2': ['PD_1'], 'PD_3': []}, FR: {'PD_1,PD_2': inf, 'PD_1,PD_3': inf, 'PD_2,PD_3': inf}
  Computing metrics...
    RSI: {'PD_1,PD_2': 0.3333333333333333, 'PD_1,PD_3': 0.0, 'PD_2,PD_3': 0.0}, ASR: 1.3333333333333333, TCB: {'PD_1': ['PD_2'], 'PD_2': ['PD_1'], 'PD_3': []}, FR: {'PD_1,PD_2': inf, 'PD_1,PD_3': inf, 'PD_2,PD_3': inf}
  Computing metrics...
    RSI: {'PD_1,PD_2': 0.3333333333333333, 'PD_1,PD_3': 0.0, 'PD_2,PD_3': 0.0}, ASR: 1.6666666666666667, TCB: {'PD_1': ['PD_2'], 'PD_2': ['PD_1'], 'PD_3': []}, FR: {'PD_1,PD_2': inf, 'PD_1,PD_3': inf, 'PD_2,PD_3': inf}
  Computing metrics...
    RSI: {'PD_1,PD_2': 0.3333333333333333, 'PD_1,PD_3': 0.0, 'PD_2,PD_3': 0.0}, ASR: 1.3333333333333333, TCB: {'PD_1': ['PD_2'], 'PD_2': ['PD_1'], 'PD_3': []}, FR: {'PD_1,PD_2': inf, 'PD_1,PD_3': inf, 'PD_2,PD_3': inf}
  Computing metrics...
    RSI: {'PD_1,PD_2': 0.3333333333333333, 'PD_1,PD_3': 0.0, 'PD_2,PD_3': 0.0}, ASR: 1.6666666666666667, TCB: {'PD_1': ['PD_3', 'PD_2'], 'PD_2': ['PD_1'], 'PD_3': []}, FR: {'PD_1,PD_2': inf, 'PD_1,PD_3': inf, 'PD_2,PD_3': inf}
  Computing metrics...
    RSI: {'PD_1,PD_2': 0.3333333333333333, 'PD_1,PD_3': 0.0, 'PD_2,PD_3': 0.0}, ASR: 1.3333333333333333, TCB: {'PD_1': ['PD_2'], 'PD_2': ['PD_1'], 'PD_3': []}, FR: {'PD_1,PD_2': inf, 'PD_1,PD_3': inf, 'PD_2,PD_3': inf}
  Computing metrics...
    RSI: {'PD_1,PD_2': 0.3333333333333333, 'PD_1,PD_3': 0.0, 'PD_2,PD_3': 0.0}, ASR: 1.6666666666666667, TCB: {'PD_1': ['PD_2'], 'PD_2': ['PD_1'], 'PD_3': []}, FR: {'PD_1,PD_2': inf, 'PD_1,PD_3': inf, 'PD_2,PD_3': inf}
  Computing metrics...
    RSI: {'PD_1,PD_2': 0.3333333333333333, 'PD_1,PD_3': 0.0, 'PD_2,PD_3': 0.0}, ASR: 1.3333333333333333, TCB: {'PD_1': ['PD_2'], 'PD_2': ['PD_1'], 'PD_3': []}, FR: {'PD_1,PD_2': inf, 'PD_1,PD_3': inf, 'PD_2,PD_3': inf}
  Computing metrics...
    RSI: {'PD_1,PD_2': 0.3333333333333333, 'PD_1,PD_3': 0.0, 'PD_2,PD_3': 0.0}, ASR: 1.6666666666666667, TCB: {'PD_1': ['PD_2'], 'PD_2': ['PD_3', 'PD_1'], 'PD_3': []}, FR: {'PD_1,PD_2': inf, 'PD_1,PD_3': inf, 'PD_2,PD_3': inf}
  Computing metrics...
    RSI: {'PD_1,PD_2': 0.3333333333333333, 'PD_1,PD_3': 0.0, 'PD_2,PD_3': 0.0}, ASR: 1.3333333333333333, TCB: {'PD_1': ['PD_2'], 'PD_2': ['PD_1'], 'PD_3': []}, FR: {'PD_1,PD_2': inf, 'PD_1,PD_3': inf, 'PD_2,PD_3': inf}
  Computing metrics...
    RSI: {'PD_1,PD_2': 0.3333333333333333, 'PD_1,PD_3': 0.0, 'PD_2,PD_3': 0.0}, ASR: 1.6666666666666667, TCB: {'PD_1': ['PD_2'], 'PD_2': ['PD_1'], 'PD_3': ['PD_1']}, FR: {'PD_1,PD_2': inf, 'PD_1,PD_3': inf, 'PD_2,PD_3': inf}
  Computing metrics...
    RSI: {'PD_1,PD_2': 0.3333333333333333, 'PD_1,PD_3': 0.0, 'PD_2,PD_3': 0.0}, ASR: 1.3333333333333333, TCB: {'PD_1': ['PD_2'], 'PD_2': ['PD_1'], 'PD_3': []}, FR: {'PD_1,PD_2': inf, 'PD_1,PD_3': inf, 'PD_2,PD_3': inf}
  Computing metrics...
    RSI: {'PD_1,PD_2': 0.3333333333333333, 'PD_1,PD_3': 0.0, 'PD_2,PD_3': 0.0}, ASR: 1.6666666666666667, TCB: {'PD_1': ['PD_2'], 'PD_2': ['PD_1'], 'PD_3': ['PD_2']}, FR: {'PD_1,PD_2': inf, 'PD_1,PD_3': inf, 'PD_2,PD_3': inf}
  Computing metrics...
    RSI: {'PD_1,PD_2': 0.3333333333333333, 'PD_1,PD_3': 0.0, 'PD_2,PD_3': 0.0}, ASR: 1.3333333333333333, TCB: {'PD_1': ['PD_2'], 'PD_2': ['PD_1'], 'PD_3': []}, FR: {'PD_1,PD_2': inf, 'PD_1,PD_3': inf, 'PD_2,PD_3': inf}
  Computing metrics...
    RSI: {'PD_1,PD_2': 0.3333333333333333, 'PD_1,PD_3': 0.0, 'PD_2,PD_3': 0.0}, ASR: 1.3333333333333333, TCB: {'PD_1': ['PD_2'], 'PD_2': ['PD_1'], 'PD_3': []}, FR: {'PD_1,PD_2': inf, 'PD_1,PD_3': inf, 'PD_2,PD_3': inf}
  Computing metrics...
    RSI: {'PD_1,PD_2': 0.3333333333333333, 'PD_1,PD_3': 0.0, 'PD_2,PD_3': 0.0}, ASR: 1.3333333333333333, TCB: {'PD_1': ['PD_2'], 'PD_2': ['PD_1'], 'PD_3': []}, FR: {'PD_1,PD_2': inf, 'PD_1,PD_3': inf, 'PD_2,PD_3': inf}
  Computing metrics...
    RSI: {'PD_1,PD_2': 0.3333333333333333, 'PD_1,PD_3': 0.0, 'PD_2,PD_3': 0.0}, ASR: 1.3333333333333333, TCB: {'PD_1': ['PD_2'], 'PD_2': ['PD_1'], 'PD_3': []}, FR: {'PD_1,PD_2': inf, 'PD_1,PD_3': inf, 'PD_2,PD_3': inf}
  Computing metrics...
    RSI: {'PD_1,PD_2': 0.3333333333333333, 'PD_1,PD_3': 0.0, 'PD_2,PD_3': 0.0}, ASR: 1.3333333333333333, TCB: {'PD_1': ['PD_2'], 'PD_2': ['PD_1'], 'PD_3': []}, FR: {'PD_1,PD_2': inf, 'PD_1,PD_3': inf, 'PD_2,PD_3': inf}
  Computing metrics...
    RSI: {'PD_1,PD_2': 0.3333333333333333, 'PD_1,PD_3': 0.0, 'PD_2,PD_3': 0.0}, ASR: 1.3333333333333333, TCB: {'PD_1': ['PD_2'], 'PD_2': ['PD_1'], 'PD_3': []}, FR: {'PD_1,PD_2': inf, 'PD_1,PD_3': inf, 'PD_2,PD_3': inf}
  Computing metrics...
    RSI: {'PD_1,PD_2': 0.3333333333333333, 'PD_1,PD_3': 0.0, 'PD_2,PD_3': 0.0}, ASR: 1.3333333333333333, TCB: {'PD_1': ['PD_2'], 'PD_2': ['PD_1'], 'PD_3': []}, FR: {'PD_1,PD_2': inf, 'PD_1,PD_3': inf, 'PD_2,PD_3': inf}
  Computing metrics...
    RSI: {'PD_1,PD_2': 0.3333333333333333, 'PD_1,PD_3': 0.0, 'PD_2,PD_3': 0.0}, ASR: 1.3333333333333333, TCB: {'PD_1': ['PD_2'], 'PD_2': ['PD_1'], 'PD_3': []}, FR: {'PD_1,PD_2': inf, 'PD_1,PD_3': inf, 'PD_2,PD_3': inf}
  🚫 Filtered out 0 'add_pd(add new protection domain for system expansion)' candidates (avoiding repetition)
  Trying best transition: primitive
    Target: add new protection domain for system expansion
    Predicted improvement: 3.433
    Considered 25 other option(s):
      1. primitive: remove empty PD_3 (improvement: 0.100)
      2. primitive: create new CONFIG file in FILE_SPACE_1 (improvement: 0.100)
      3. primitive: create new DATABASE file in FILE_SPACE_1 (improvement: 0.100)
      4. primitive: create new TEMP file in FILE_SPACE_1 (improvement: 0.100)
      5. primitive: create new LOG file in FILE_SPACE_1 (improvement: 0.100)
      6. primitive: remove FILE_1_3 (holders: 2) (improvement: 0.100)
      7. primitive: remove FILE_1_4 (holders: 0) (improvement: 0.100)
      8. primitive: disconnect FILE_1_1 from FILE_SPACE_1 (improvement: 0.100)
      9. primitive: disconnect FILE_1_2 from FILE_SPACE_1 (improvement: 0.100)
      10. primitive: disconnect FILE_1_3 from FILE_SPACE_1 (improvement: 0.100)
      ... and 15 more
    ✅ Applied add_pd
  📋 Generated 26 candidate(s)
  Computing metrics...
    RSI: {'PD_1,PD_2': 0.3333333333333333, 'PD_1,PD_3': 0.0, 'PD_1,PD_4': 0.0, 'PD_2,PD_3': 0.0, 'PD_2,PD_4': 0.0, 'PD_3,PD_4': 0.0}, ASR: 1.0, TCB: {'PD_1': ['PD_2'], 'PD_2': ['PD_1'], 'PD_3': [], 'PD_4': []}, FR: {'PD_1,PD_2': inf, 'PD_1,PD_3': inf, 'PD_1,PD_4': inf, 'PD_2,PD_3': inf, 'PD_2,PD_4': inf, 'PD_3,PD_4': inf}
    ✅ Added candidate: add_pd (score: 3.433)
  Computing metrics...
    RSI: {'PD_1,PD_2': 0.3333333333333333}, ASR: 2.0, TCB: {'PD_1': ['PD_2'], 'PD_2': ['PD_1']}, FR: {'PD_1,PD_2': inf}
    ✅ Added candidate: remove_pd (score: 0.100)

🌟 Expanding Beam[1] (score: 6.767)
  Computing metrics...
    RSI: {'PD_1,PD_2': 0.3333333333333333, 'PD_1,PD_3': 0.0, 'PD_2,PD_3': 0.0}, ASR: 1.3333333333333333, TCB: {'PD_1': ['PD_2'], 'PD_2': ['PD_1'], 'PD_3': []}, FR: {'PD_1,PD_2': inf, 'PD_1,PD_3': inf, 'PD_2,PD_3': inf}
    Goal not met: RSI[PD_1,PD_2]=0.333 > 0.3
  Computing metrics...
    RSI: {'PD_1,PD_2': 0.3333333333333333, 'PD_1,PD_3': 0.0, 'PD_2,PD_3': 0.0}, ASR: 1.3333333333333333, TCB: {'PD_1': ['PD_2'], 'PD_2': ['PD_1'], 'PD_3': []}, FR: {'PD_1,PD_2': inf, 'PD_1,PD_3': inf, 'PD_2,PD_3': inf}
  Computing metrics...
    RSI: {'PD_1,PD_2': 0.3333333333333333, 'PD_1,PD_3': 0.0, 'PD_1,PD_4': 0.0, 'PD_2,PD_3': 0.0, 'PD_2,PD_4': 0.0, 'PD_3,PD_4': 0.0}, ASR: 1.0, TCB: {'PD_1': ['PD_2'], 'PD_2': ['PD_1'], 'PD_3': [], 'PD_4': []}, FR: {'PD_1,PD_2': inf, 'PD_1,PD_3': inf, 'PD_1,PD_4': inf, 'PD_2,PD_3': inf, 'PD_2,PD_4': inf, 'PD_3,PD_4': inf}
  Computing metrics...
    RSI: {'PD_1,PD_2': 0.3333333333333333, 'PD_1,PD_3': 0.0, 'PD_2,PD_3': 0.0}, ASR: 1.3333333333333333, TCB: {'PD_1': ['PD_2'], 'PD_2': ['PD_1'], 'PD_3': []}, FR: {'PD_1,PD_2': inf, 'PD_1,PD_3': inf, 'PD_2,PD_3': inf}
  Computing metrics...
    RSI: {'PD_1,PD_2': 0.3333333333333333, 'PD_1,PD_3': 0.0, 'PD_2,PD_3': 0.0}, ASR: 1.3333333333333333, TCB: {'PD_1': ['PD_2'], 'PD_2': ['PD_1'], 'PD_3': []}, FR: {'PD_1,PD_2': inf, 'PD_1,PD_3': inf, 'PD_2,PD_3': inf}
  Computing metrics...
    RSI: {'PD_1,PD_2': 0.3333333333333333, 'PD_1,PD_3': 0.0, 'PD_2,PD_3': 0.0}, ASR: 1.3333333333333333, TCB: {'PD_1': ['PD_2'], 'PD_2': ['PD_1'], 'PD_3': []}, FR: {'PD_1,PD_2': inf, 'PD_1,PD_3': inf, 'PD_2,PD_3': inf}
  Computing metrics...
    RSI: {'PD_1,PD_2': 0.3333333333333333, 'PD_1,PD_3': 0.0, 'PD_2,PD_3': 0.0}, ASR: 1.3333333333333333, TCB: {'PD_1': ['PD_2'], 'PD_2': ['PD_1'], 'PD_3': []}, FR: {'PD_1,PD_2': inf, 'PD_1,PD_3': inf, 'PD_2,PD_3': inf}
  Computing metrics...
    RSI: {'PD_1,PD_2': 0.3333333333333333, 'PD_1,PD_3': 0.0, 'PD_2,PD_3': 0.0}, ASR: 1.3333333333333333, TCB: {'PD_1': ['PD_2'], 'PD_2': ['PD_1'], 'PD_3': []}, FR: {'PD_1,PD_2': inf, 'PD_1,PD_3': inf, 'PD_2,PD_3': inf}
  Computing metrics...
    RSI: {'PD_1,PD_2': 0.3333333333333333, 'PD_1,PD_3': 0.0, 'PD_2,PD_3': 0.0}, ASR: 1.3333333333333333, TCB: {'PD_1': ['PD_2'], 'PD_2': ['PD_1'], 'PD_3': []}, FR: {'PD_1,PD_2': inf, 'PD_1,PD_3': inf, 'PD_2,PD_3': inf}
  Computing metrics...
    RSI: {'PD_1,PD_2': 0.3333333333333333, 'PD_1,PD_3': 0.0, 'PD_2,PD_3': 0.0}, ASR: 1.3333333333333333, TCB: {'PD_1': ['PD_2'], 'PD_2': ['PD_1'], 'PD_3': []}, FR: {'PD_1,PD_2': inf, 'PD_1,PD_3': inf, 'PD_2,PD_3': inf}
  Computing metrics...
    RSI: {'PD_1,PD_2': 0.3333333333333333, 'PD_1,PD_3': 0.0, 'PD_2,PD_3': 0.0}, ASR: 1.3333333333333333, TCB: {'PD_1': ['PD_2'], 'PD_2': ['PD_1'], 'PD_3': []}, FR: {'PD_1,PD_2': inf, 'PD_1,PD_3': inf, 'PD_2,PD_3': inf}
  Computing metrics...
    RSI: {'PD_1,PD_2': 0.3333333333333333, 'PD_1,PD_3': 0.0, 'PD_2,PD_3': 0.0}, ASR: 1.3333333333333333, TCB: {'PD_1': ['PD_2'], 'PD_2': ['PD_1'], 'PD_3': []}, FR: {'PD_1,PD_2': inf, 'PD_1,PD_3': inf, 'PD_2,PD_3': inf}
  Computing metrics...
    RSI: {'PD_1,PD_2': 0.3333333333333333, 'PD_1,PD_3': 0.0, 'PD_2,PD_3': 0.0}, ASR: 1.3333333333333333, TCB: {'PD_1': ['PD_2'], 'PD_2': ['PD_1'], 'PD_3': []}, FR: {'PD_1,PD_2': inf, 'PD_1,PD_3': inf, 'PD_2,PD_3': inf}
  Computing metrics...
    RSI: {'PD_1,PD_2': 0.3333333333333333, 'PD_1,PD_3': 0.0, 'PD_2,PD_3': 0.0}, ASR: 1.3333333333333333, TCB: {'PD_1': ['PD_2'], 'PD_2': ['PD_1'], 'PD_3': []}, FR: {'PD_1,PD_2': inf, 'PD_1,PD_3': inf, 'PD_2,PD_3': inf}
  Computing metrics...
    RSI: {'PD_1,PD_2': 0.3333333333333333, 'PD_1,PD_3': 0.0, 'PD_2,PD_3': 0.0}, ASR: 1.3333333333333333, TCB: {'PD_1': ['PD_2'], 'PD_2': ['PD_1'], 'PD_3': []}, FR: {'PD_1,PD_2': inf, 'PD_1,PD_3': inf, 'PD_2,PD_3': inf}
  Computing metrics...
    RSI: {'PD_1,PD_2': 0.3333333333333333, 'PD_1,PD_3': 0.0, 'PD_2,PD_3': 0.0}, ASR: 1.3333333333333333, TCB: {'PD_1': ['PD_2'], 'PD_2': ['PD_1'], 'PD_3': []}, FR: {'PD_1,PD_2': inf, 'PD_1,PD_3': inf, 'PD_2,PD_3': inf}
  Computing metrics...
    RSI: {'PD_1,PD_2': 0.3333333333333333, 'PD_1,PD_3': 0.0, 'PD_2,PD_3': 0.0}, ASR: 1.3333333333333333, TCB: {'PD_1': ['PD_2'], 'PD_2': ['PD_1'], 'PD_3': []}, FR: {'PD_1,PD_2': inf, 'PD_1,PD_3': inf, 'PD_2,PD_3': inf}
  Computing metrics...
    RSI: {'PD_1,PD_2': 0.3333333333333333, 'PD_1,PD_3': 0.0, 'PD_2,PD_3': 0.0}, ASR: 1.3333333333333333, TCB: {'PD_1': ['PD_2'], 'PD_2': ['PD_1'], 'PD_3': []}, FR: {'PD_1,PD_2': inf, 'PD_1,PD_3': inf, 'PD_2,PD_3': inf}
  Computing metrics...
    RSI: {'PD_1,PD_2': 0.6666666666666666, 'PD_1,PD_3': 0.0, 'PD_2,PD_3': 0.0}, ASR: 1.6666666666666667, TCB: {'PD_1': ['PD_2'], 'PD_2': ['PD_1'], 'PD_3': []}, FR: {'PD_1,PD_2': inf, 'PD_1,PD_3': inf, 'PD_2,PD_3': inf}
  Computing metrics...
    RSI: {'PD_1,PD_2': 0.3333333333333333, 'PD_1,PD_3': 0.0, 'PD_2,PD_3': 0.0}, ASR: 1.3333333333333333, TCB: {'PD_1': ['PD_2'], 'PD_2': ['PD_1'], 'PD_3': []}, FR: {'PD_1,PD_2': inf, 'PD_1,PD_3': inf, 'PD_2,PD_3': inf}
  Computing metrics...
    RSI: {'PD_1,PD_2': 0.25, 'PD_1,PD_3': 0.0, 'PD_2,PD_3': 0.0}, ASR: 1.6666666666666667, TCB: {'PD_1': ['PD_2'], 'PD_2': ['PD_1'], 'PD_3': []}, FR: {'PD_1,PD_2': inf, 'PD_1,PD_3': inf, 'PD_2,PD_3': inf}
  Computing metrics...
    RSI: {'PD_1,PD_2': 0.3333333333333333, 'PD_1,PD_3': 0.0, 'PD_2,PD_3': 0.0}, ASR: 1.3333333333333333, TCB: {'PD_1': ['PD_2'], 'PD_2': ['PD_1'], 'PD_3': []}, FR: {'PD_1,PD_2': inf, 'PD_1,PD_3': inf, 'PD_2,PD_3': inf}
  Computing metrics...
    RSI: {'PD_1,PD_2': 0.6666666666666666, 'PD_1,PD_3': 0.0, 'PD_2,PD_3': 0.0}, ASR: 1.6666666666666667, TCB: {'PD_1': ['PD_2'], 'PD_2': ['PD_1'], 'PD_3': []}, FR: {'PD_1,PD_2': inf, 'PD_1,PD_3': inf, 'PD_2,PD_3': inf}
  Computing metrics...
    RSI: {'PD_1,PD_2': 0.3333333333333333, 'PD_1,PD_3': 0.0, 'PD_2,PD_3': 0.0}, ASR: 1.3333333333333333, TCB: {'PD_1': ['PD_2'], 'PD_2': ['PD_1'], 'PD_3': []}, FR: {'PD_1,PD_2': inf, 'PD_1,PD_3': inf, 'PD_2,PD_3': inf}
  Computing metrics...
    RSI: {'PD_1,PD_2': 0.25, 'PD_1,PD_3': 0.0, 'PD_2,PD_3': 0.0}, ASR: 1.6666666666666667, TCB: {'PD_1': ['PD_2'], 'PD_2': ['PD_1'], 'PD_3': []}, FR: {'PD_1,PD_2': inf, 'PD_1,PD_3': inf, 'PD_2,PD_3': inf}
  Computing metrics...
    RSI: {'PD_1,PD_2': 0.3333333333333333, 'PD_1,PD_3': 0.0, 'PD_2,PD_3': 0.0}, ASR: 1.3333333333333333, TCB: {'PD_1': ['PD_2'], 'PD_2': ['PD_1'], 'PD_3': []}, FR: {'PD_1,PD_2': inf, 'PD_1,PD_3': inf, 'PD_2,PD_3': inf}
  Computing metrics...
    RSI: {'PD_1,PD_2': 0.3333333333333333, 'PD_1,PD_3': 0.5, 'PD_2,PD_3': 0.0}, ASR: 1.6666666666666667, TCB: {'PD_1': ['PD_3', 'PD_2'], 'PD_2': ['PD_1'], 'PD_3': ['PD_1']}, FR: {'PD_1,PD_2': inf, 'PD_1,PD_3': inf, 'PD_2,PD_3': inf}
  Computing metrics...
    RSI: {'PD_1,PD_2': 0.3333333333333333, 'PD_1,PD_3': 0.0, 'PD_2,PD_3': 0.0}, ASR: 1.3333333333333333, TCB: {'PD_1': ['PD_2'], 'PD_2': ['PD_1'], 'PD_3': []}, FR: {'PD_1,PD_2': inf, 'PD_1,PD_3': inf, 'PD_2,PD_3': inf}
  Computing metrics...
    RSI: {'PD_1,PD_2': 0.3333333333333333, 'PD_1,PD_3': 0.0, 'PD_2,PD_3': 0.5}, ASR: 1.6666666666666667, TCB: {'PD_1': ['PD_2'], 'PD_2': ['PD_1', 'PD_3'], 'PD_3': ['PD_2']}, FR: {'PD_1,PD_2': inf, 'PD_1,PD_3': inf, 'PD_2,PD_3': inf}
  Computing metrics...
    RSI: {'PD_1,PD_2': 0.3333333333333333, 'PD_1,PD_3': 0.0, 'PD_2,PD_3': 0.0}, ASR: 1.3333333333333333, TCB: {'PD_1': ['PD_2'], 'PD_2': ['PD_1'], 'PD_3': []}, FR: {'PD_1,PD_2': inf, 'PD_1,PD_3': inf, 'PD_2,PD_3': inf}
  Computing metrics...
    RSI: {'PD_1,PD_2': 0.3333333333333333, 'PD_1,PD_3': 0.5, 'PD_2,PD_3': 0.5}, ASR: 1.6666666666666667, TCB: {'PD_1': ['PD_2', 'PD_3'], 'PD_2': ['PD_1', 'PD_3'], 'PD_3': ['PD_1', 'PD_2']}, FR: {'PD_1,PD_2': inf, 'PD_1,PD_3': inf, 'PD_2,PD_3': inf}
  Computing metrics...
    RSI: {'PD_1,PD_2': 0.3333333333333333, 'PD_1,PD_3': 0.0, 'PD_2,PD_3': 0.0}, ASR: 1.3333333333333333, TCB: {'PD_1': ['PD_2'], 'PD_2': ['PD_1'], 'PD_3': []}, FR: {'PD_1,PD_2': inf, 'PD_1,PD_3': inf, 'PD_2,PD_3': inf}
  Computing metrics...
    RSI: {'PD_1,PD_2': 0.3333333333333333, 'PD_1,PD_3': 0.0, 'PD_2,PD_3': 0.0}, ASR: 1.6666666666666667, TCB: {'PD_1': ['PD_2'], 'PD_2': ['PD_1'], 'PD_3': []}, FR: {'PD_1,PD_2': inf, 'PD_1,PD_3': inf, 'PD_2,PD_3': inf}
  Computing metrics...
    RSI: {'PD_1,PD_2': 0.3333333333333333, 'PD_1,PD_3': 0.0, 'PD_2,PD_3': 0.0}, ASR: 1.3333333333333333, TCB: {'PD_1': ['PD_2'], 'PD_2': ['PD_1'], 'PD_3': []}, FR: {'PD_1,PD_2': inf, 'PD_1,PD_3': inf, 'PD_2,PD_3': inf}
  Computing metrics...
    RSI: {'PD_1,PD_2': 0.3333333333333333, 'PD_1,PD_3': 0.0, 'PD_2,PD_3': 0.0}, ASR: 1.6666666666666667, TCB: {'PD_1': ['PD_2'], 'PD_2': ['PD_1'], 'PD_3': []}, FR: {'PD_1,PD_2': inf, 'PD_1,PD_3': inf, 'PD_2,PD_3': inf}
  Computing metrics...
    RSI: {'PD_1,PD_2': 0.3333333333333333, 'PD_1,PD_3': 0.0, 'PD_2,PD_3': 0.0}, ASR: 1.3333333333333333, TCB: {'PD_1': ['PD_2'], 'PD_2': ['PD_1'], 'PD_3': []}, FR: {'PD_1,PD_2': inf, 'PD_1,PD_3': inf, 'PD_2,PD_3': inf}
  Computing metrics...
    RSI: {'PD_1,PD_2': 0.3333333333333333, 'PD_1,PD_3': 0.0, 'PD_2,PD_3': 0.0}, ASR: 1.6666666666666667, TCB: {'PD_1': ['PD_3', 'PD_2'], 'PD_2': ['PD_1'], 'PD_3': []}, FR: {'PD_1,PD_2': inf, 'PD_1,PD_3': inf, 'PD_2,PD_3': inf}
  Computing metrics...
    RSI: {'PD_1,PD_2': 0.3333333333333333, 'PD_1,PD_3': 0.0, 'PD_2,PD_3': 0.0}, ASR: 1.3333333333333333, TCB: {'PD_1': ['PD_2'], 'PD_2': ['PD_1'], 'PD_3': []}, FR: {'PD_1,PD_2': inf, 'PD_1,PD_3': inf, 'PD_2,PD_3': inf}
  Computing metrics...
    RSI: {'PD_1,PD_2': 0.3333333333333333, 'PD_1,PD_3': 0.0, 'PD_2,PD_3': 0.0}, ASR: 1.6666666666666667, TCB: {'PD_1': ['PD_2'], 'PD_2': ['PD_1'], 'PD_3': []}, FR: {'PD_1,PD_2': inf, 'PD_1,PD_3': inf, 'PD_2,PD_3': inf}
  Computing metrics...
    RSI: {'PD_1,PD_2': 0.3333333333333333, 'PD_1,PD_3': 0.0, 'PD_2,PD_3': 0.0}, ASR: 1.3333333333333333, TCB: {'PD_1': ['PD_2'], 'PD_2': ['PD_1'], 'PD_3': []}, FR: {'PD_1,PD_2': inf, 'PD_1,PD_3': inf, 'PD_2,PD_3': inf}
  Computing metrics...
    RSI: {'PD_1,PD_2': 0.3333333333333333, 'PD_1,PD_3': 0.0, 'PD_2,PD_3': 0.0}, ASR: 1.6666666666666667, TCB: {'PD_1': ['PD_2'], 'PD_2': ['PD_3', 'PD_1'], 'PD_3': []}, FR: {'PD_1,PD_2': inf, 'PD_1,PD_3': inf, 'PD_2,PD_3': inf}
  Computing metrics...
    RSI: {'PD_1,PD_2': 0.3333333333333333, 'PD_1,PD_3': 0.0, 'PD_2,PD_3': 0.0}, ASR: 1.3333333333333333, TCB: {'PD_1': ['PD_2'], 'PD_2': ['PD_1'], 'PD_3': []}, FR: {'PD_1,PD_2': inf, 'PD_1,PD_3': inf, 'PD_2,PD_3': inf}
  Computing metrics...
    RSI: {'PD_1,PD_2': 0.3333333333333333, 'PD_1,PD_3': 0.0, 'PD_2,PD_3': 0.0}, ASR: 1.6666666666666667, TCB: {'PD_1': ['PD_2'], 'PD_2': ['PD_1'], 'PD_3': ['PD_1']}, FR: {'PD_1,PD_2': inf, 'PD_1,PD_3': inf, 'PD_2,PD_3': inf}
  Computing metrics...
    RSI: {'PD_1,PD_2': 0.3333333333333333, 'PD_1,PD_3': 0.0, 'PD_2,PD_3': 0.0}, ASR: 1.3333333333333333, TCB: {'PD_1': ['PD_2'], 'PD_2': ['PD_1'], 'PD_3': []}, FR: {'PD_1,PD_2': inf, 'PD_1,PD_3': inf, 'PD_2,PD_3': inf}
  Computing metrics...
    RSI: {'PD_1,PD_2': 0.3333333333333333, 'PD_1,PD_3': 0.0, 'PD_2,PD_3': 0.0}, ASR: 1.6666666666666667, TCB: {'PD_1': ['PD_2'], 'PD_2': ['PD_1'], 'PD_3': ['PD_2']}, FR: {'PD_1,PD_2': inf, 'PD_1,PD_3': inf, 'PD_2,PD_3': inf}
  Computing metrics...
    RSI: {'PD_1,PD_2': 0.3333333333333333, 'PD_1,PD_3': 0.0, 'PD_2,PD_3': 0.0}, ASR: 1.3333333333333333, TCB: {'PD_1': ['PD_2'], 'PD_2': ['PD_1'], 'PD_3': []}, FR: {'PD_1,PD_2': inf, 'PD_1,PD_3': inf, 'PD_2,PD_3': inf}
  Computing metrics...
    RSI: {'PD_1,PD_2': 0.3333333333333333, 'PD_1,PD_3': 0.0, 'PD_2,PD_3': 0.0}, ASR: 1.3333333333333333, TCB: {'PD_1': ['PD_2'], 'PD_2': ['PD_1'], 'PD_3': []}, FR: {'PD_1,PD_2': inf, 'PD_1,PD_3': inf, 'PD_2,PD_3': inf}
  Computing metrics...
    RSI: {'PD_1,PD_2': 0.3333333333333333, 'PD_1,PD_3': 0.0, 'PD_2,PD_3': 0.0}, ASR: 1.3333333333333333, TCB: {'PD_1': ['PD_2'], 'PD_2': ['PD_1'], 'PD_3': []}, FR: {'PD_1,PD_2': inf, 'PD_1,PD_3': inf, 'PD_2,PD_3': inf}
  Computing metrics...
    RSI: {'PD_1,PD_2': 0.3333333333333333, 'PD_1,PD_3': 0.0, 'PD_2,PD_3': 0.0}, ASR: 1.3333333333333333, TCB: {'PD_1': ['PD_2'], 'PD_2': ['PD_1'], 'PD_3': []}, FR: {'PD_1,PD_2': inf, 'PD_1,PD_3': inf, 'PD_2,PD_3': inf}
  Computing metrics...
    RSI: {'PD_1,PD_2': 0.3333333333333333, 'PD_1,PD_3': 0.0, 'PD_2,PD_3': 0.0}, ASR: 1.3333333333333333, TCB: {'PD_1': ['PD_2'], 'PD_2': ['PD_1'], 'PD_3': []}, FR: {'PD_1,PD_2': inf, 'PD_1,PD_3': inf, 'PD_2,PD_3': inf}
  Computing metrics...
    RSI: {'PD_1,PD_2': 0.3333333333333333, 'PD_1,PD_3': 0.0, 'PD_2,PD_3': 0.0}, ASR: 1.3333333333333333, TCB: {'PD_1': ['PD_2'], 'PD_2': ['PD_1'], 'PD_3': []}, FR: {'PD_1,PD_2': inf, 'PD_1,PD_3': inf, 'PD_2,PD_3': inf}
  Computing metrics...
    RSI: {'PD_1,PD_2': 0.3333333333333333, 'PD_1,PD_3': 0.0, 'PD_2,PD_3': 0.0}, ASR: 1.3333333333333333, TCB: {'PD_1': ['PD_2'], 'PD_2': ['PD_1'], 'PD_3': []}, FR: {'PD_1,PD_2': inf, 'PD_1,PD_3': inf, 'PD_2,PD_3': inf}
  Computing metrics...
    RSI: {'PD_1,PD_2': 0.3333333333333333, 'PD_1,PD_3': 0.0, 'PD_2,PD_3': 0.0}, ASR: 1.3333333333333333, TCB: {'PD_1': ['PD_2'], 'PD_2': ['PD_1'], 'PD_3': []}, FR: {'PD_1,PD_2': inf, 'PD_1,PD_3': inf, 'PD_2,PD_3': inf}
  🚫 Filtered out 0 'add_pd(add new protection domain for system expansion)' candidates (avoiding repetition)
  Trying best transition: primitive
    Target: add new protection domain for system expansion
    Predicted improvement: 3.433
    Considered 25 other option(s):
      1. primitive: remove empty PD_3 (improvement: 0.100)
      2. primitive: create new CONFIG file in FILE_SPACE_1 (improvement: 0.100)
      3. primitive: create new DATABASE file in FILE_SPACE_1 (improvement: 0.100)
      4. primitive: create new TEMP file in FILE_SPACE_1 (improvement: 0.100)
      5. primitive: create new LOG file in FILE_SPACE_1 (improvement: 0.100)
      6. primitive: remove FILE_1_3 (holders: 2) (improvement: 0.100)
      7. primitive: remove FILE_1_4 (holders: 0) (improvement: 0.100)
      8. primitive: disconnect FILE_1_1 from FILE_SPACE_1 (improvement: 0.100)
      9. primitive: disconnect FILE_1_2 from FILE_SPACE_1 (improvement: 0.100)
      10. primitive: disconnect FILE_1_3 from FILE_SPACE_1 (improvement: 0.100)
      ... and 15 more
    ✅ Applied add_pd
  📋 Generated 26 candidate(s)
  Computing metrics...
    RSI: {'PD_1,PD_2': 0.3333333333333333, 'PD_1,PD_3': 0.0, 'PD_1,PD_4': 0.0, 'PD_2,PD_3': 0.0, 'PD_2,PD_4': 0.0, 'PD_3,PD_4': 0.0}, ASR: 1.0, TCB: {'PD_1': ['PD_2'], 'PD_2': ['PD_1'], 'PD_3': [], 'PD_4': []}, FR: {'PD_1,PD_2': inf, 'PD_1,PD_3': inf, 'PD_1,PD_4': inf, 'PD_2,PD_3': inf, 'PD_2,PD_4': inf, 'PD_3,PD_4': inf}
    ✅ Added candidate: add_pd (score: 3.433)
  Computing metrics...
    RSI: {'PD_1,PD_2': 0.3333333333333333}, ASR: 2.0, TCB: {'PD_1': ['PD_2'], 'PD_2': ['PD_1']}, FR: {'PD_1,PD_2': inf}
    ✅ Added candidate: remove_pd (score: 0.100)

🌟 Expanding Beam[2] (score: 3.433)
  Computing metrics...
    RSI: {'PD_1,PD_2': 0.3333333333333333, 'PD_1,PD_3': 0.0, 'PD_1,PD_4': 0.0, 'PD_2,PD_3': 0.0, 'PD_2,PD_4': 0.0, 'PD_3,PD_4': 0.0}, ASR: 1.0, TCB: {'PD_1': ['PD_2'], 'PD_2': ['PD_1'], 'PD_3': [], 'PD_4': []}, FR: {'PD_1,PD_2': inf, 'PD_1,PD_3': inf, 'PD_1,PD_4': inf, 'PD_2,PD_3': inf, 'PD_2,PD_4': inf, 'PD_3,PD_4': inf}
    Goal not met: RSI[PD_1,PD_2]=0.333 > 0.3
  Computing metrics...
    RSI: {'PD_1,PD_2': 0.3333333333333333, 'PD_1,PD_3': 0.0, 'PD_1,PD_4': 0.0, 'PD_2,PD_3': 0.0, 'PD_2,PD_4': 0.0, 'PD_3,PD_4': 0.0}, ASR: 1.0, TCB: {'PD_1': ['PD_2'], 'PD_2': ['PD_1'], 'PD_3': [], 'PD_4': []}, FR: {'PD_1,PD_2': inf, 'PD_1,PD_3': inf, 'PD_1,PD_4': inf, 'PD_2,PD_3': inf, 'PD_2,PD_4': inf, 'PD_3,PD_4': inf}
  Computing metrics...
    RSI: {'PD_1,PD_2': 0.3333333333333333, 'PD_1,PD_3': 0.0, 'PD_1,PD_4': 0.0, 'PD_1,PD_5': 0.0, 'PD_2,PD_3': 0.0, 'PD_2,PD_4': 0.0, 'PD_2,PD_5': 0.0, 'PD_3,PD_4': 0.0, 'PD_3,PD_5': 0.0, 'PD_4,PD_5': 0.0}, ASR: 0.8, TCB: {'PD_1': ['PD_2'], 'PD_2': ['PD_1'], 'PD_3': [], 'PD_4': [], 'PD_5': []}, FR: {'PD_1,PD_2': inf, 'PD_1,PD_3': inf, 'PD_1,PD_4': inf, 'PD_1,PD_5': inf, 'PD_2,PD_3': inf, 'PD_2,PD_4': inf, 'PD_2,PD_5': inf, 'PD_3,PD_4': inf, 'PD_3,PD_5': inf, 'PD_4,PD_5': inf}
  Computing metrics...
    RSI: {'PD_1,PD_2': 0.3333333333333333, 'PD_1,PD_3': 0.0, 'PD_1,PD_4': 0.0, 'PD_2,PD_3': 0.0, 'PD_2,PD_4': 0.0, 'PD_3,PD_4': 0.0}, ASR: 1.0, TCB: {'PD_1': ['PD_2'], 'PD_2': ['PD_1'], 'PD_3': [], 'PD_4': []}, FR: {'PD_1,PD_2': inf, 'PD_1,PD_3': inf, 'PD_1,PD_4': inf, 'PD_2,PD_3': inf, 'PD_2,PD_4': inf, 'PD_3,PD_4': inf}
  Computing metrics...
    RSI: {'PD_1,PD_2': 0.3333333333333333, 'PD_1,PD_3': 0.0, 'PD_1,PD_4': 0.0, 'PD_2,PD_3': 0.0, 'PD_2,PD_4': 0.0, 'PD_3,PD_4': 0.0}, ASR: 1.0, TCB: {'PD_1': ['PD_2'], 'PD_2': ['PD_1'], 'PD_3': [], 'PD_4': []}, FR: {'PD_1,PD_2': inf, 'PD_1,PD_3': inf, 'PD_1,PD_4': inf, 'PD_2,PD_3': inf, 'PD_2,PD_4': inf, 'PD_3,PD_4': inf}
  Computing metrics...
    RSI: {'PD_1,PD_2': 0.3333333333333333, 'PD_1,PD_3': 0.0, 'PD_1,PD_4': 0.0, 'PD_2,PD_3': 0.0, 'PD_2,PD_4': 0.0, 'PD_3,PD_4': 0.0}, ASR: 1.0, TCB: {'PD_1': ['PD_2'], 'PD_2': ['PD_1'], 'PD_3': [], 'PD_4': []}, FR: {'PD_1,PD_2': inf, 'PD_1,PD_3': inf, 'PD_1,PD_4': inf, 'PD_2,PD_3': inf, 'PD_2,PD_4': inf, 'PD_3,PD_4': inf}
  Computing metrics...
    RSI: {'PD_1,PD_2': 0.3333333333333333, 'PD_1,PD_3': 0.0, 'PD_1,PD_4': 0.0, 'PD_2,PD_3': 0.0, 'PD_2,PD_4': 0.0, 'PD_3,PD_4': 0.0}, ASR: 1.0, TCB: {'PD_1': ['PD_2'], 'PD_2': ['PD_1'], 'PD_3': [], 'PD_4': []}, FR: {'PD_1,PD_2': inf, 'PD_1,PD_3': inf, 'PD_1,PD_4': inf, 'PD_2,PD_3': inf, 'PD_2,PD_4': inf, 'PD_3,PD_4': inf}
  Computing metrics...
    RSI: {'PD_1,PD_2': 0.3333333333333333, 'PD_1,PD_3': 0.0, 'PD_1,PD_4': 0.0, 'PD_2,PD_3': 0.0, 'PD_2,PD_4': 0.0, 'PD_3,PD_4': 0.0}, ASR: 1.0, TCB: {'PD_1': ['PD_2'], 'PD_2': ['PD_1'], 'PD_3': [], 'PD_4': []}, FR: {'PD_1,PD_2': inf, 'PD_1,PD_3': inf, 'PD_1,PD_4': inf, 'PD_2,PD_3': inf, 'PD_2,PD_4': inf, 'PD_3,PD_4': inf}
  Computing metrics...
    RSI: {'PD_1,PD_2': 0.3333333333333333, 'PD_1,PD_3': 0.0, 'PD_1,PD_4': 0.0, 'PD_2,PD_3': 0.0, 'PD_2,PD_4': 0.0, 'PD_3,PD_4': 0.0}, ASR: 1.0, TCB: {'PD_1': ['PD_2'], 'PD_2': ['PD_1'], 'PD_3': [], 'PD_4': []}, FR: {'PD_1,PD_2': inf, 'PD_1,PD_3': inf, 'PD_1,PD_4': inf, 'PD_2,PD_3': inf, 'PD_2,PD_4': inf, 'PD_3,PD_4': inf}
  Computing metrics...
    RSI: {'PD_1,PD_2': 0.3333333333333333, 'PD_1,PD_3': 0.0, 'PD_1,PD_4': 0.0, 'PD_2,PD_3': 0.0, 'PD_2,PD_4': 0.0, 'PD_3,PD_4': 0.0}, ASR: 1.0, TCB: {'PD_1': ['PD_2'], 'PD_2': ['PD_1'], 'PD_3': [], 'PD_4': []}, FR: {'PD_1,PD_2': inf, 'PD_1,PD_3': inf, 'PD_1,PD_4': inf, 'PD_2,PD_3': inf, 'PD_2,PD_4': inf, 'PD_3,PD_4': inf}
  Computing metrics...
    RSI: {'PD_1,PD_2': 0.3333333333333333, 'PD_1,PD_3': 0.0, 'PD_1,PD_4': 0.0, 'PD_2,PD_3': 0.0, 'PD_2,PD_4': 0.0, 'PD_3,PD_4': 0.0}, ASR: 1.0, TCB: {'PD_1': ['PD_2'], 'PD_2': ['PD_1'], 'PD_3': [], 'PD_4': []}, FR: {'PD_1,PD_2': inf, 'PD_1,PD_3': inf, 'PD_1,PD_4': inf, 'PD_2,PD_3': inf, 'PD_2,PD_4': inf, 'PD_3,PD_4': inf}
  Computing metrics...
    RSI: {'PD_1,PD_2': 0.3333333333333333, 'PD_1,PD_3': 0.0, 'PD_1,PD_4': 0.0, 'PD_2,PD_3': 0.0, 'PD_2,PD_4': 0.0, 'PD_3,PD_4': 0.0}, ASR: 1.0, TCB: {'PD_1': ['PD_2'], 'PD_2': ['PD_1'], 'PD_3': [], 'PD_4': []}, FR: {'PD_1,PD_2': inf, 'PD_1,PD_3': inf, 'PD_1,PD_4': inf, 'PD_2,PD_3': inf, 'PD_2,PD_4': inf, 'PD_3,PD_4': inf}
  Computing metrics...
    RSI: {'PD_1,PD_2': 0.3333333333333333, 'PD_1,PD_3': 0.0, 'PD_1,PD_4': 0.0, 'PD_2,PD_3': 0.0, 'PD_2,PD_4': 0.0, 'PD_3,PD_4': 0.0}, ASR: 1.0, TCB: {'PD_1': ['PD_2'], 'PD_2': ['PD_1'], 'PD_3': [], 'PD_4': []}, FR: {'PD_1,PD_2': inf, 'PD_1,PD_3': inf, 'PD_1,PD_4': inf, 'PD_2,PD_3': inf, 'PD_2,PD_4': inf, 'PD_3,PD_4': inf}
  Computing metrics...
    RSI: {'PD_1,PD_2': 0.3333333333333333, 'PD_1,PD_3': 0.0, 'PD_1,PD_4': 0.0, 'PD_2,PD_3': 0.0, 'PD_2,PD_4': 0.0, 'PD_3,PD_4': 0.0}, ASR: 1.0, TCB: {'PD_1': ['PD_2'], 'PD_2': ['PD_1'], 'PD_3': [], 'PD_4': []}, FR: {'PD_1,PD_2': inf, 'PD_1,PD_3': inf, 'PD_1,PD_4': inf, 'PD_2,PD_3': inf, 'PD_2,PD_4': inf, 'PD_3,PD_4': inf}
  Computing metrics...
    RSI: {'PD_1,PD_2': 0.3333333333333333, 'PD_1,PD_3': 0.0, 'PD_1,PD_4': 0.0, 'PD_2,PD_3': 0.0, 'PD_2,PD_4': 0.0, 'PD_3,PD_4': 0.0}, ASR: 1.0, TCB: {'PD_1': ['PD_2'], 'PD_2': ['PD_1'], 'PD_3': [], 'PD_4': []}, FR: {'PD_1,PD_2': inf, 'PD_1,PD_3': inf, 'PD_1,PD_4': inf, 'PD_2,PD_3': inf, 'PD_2,PD_4': inf, 'PD_3,PD_4': inf}
  Computing metrics...
    RSI: {'PD_1,PD_2': 0.3333333333333333, 'PD_1,PD_3': 0.0, 'PD_1,PD_4': 0.0, 'PD_2,PD_3': 0.0, 'PD_2,PD_4': 0.0, 'PD_3,PD_4': 0.0}, ASR: 1.0, TCB: {'PD_1': ['PD_2'], 'PD_2': ['PD_1'], 'PD_3': [], 'PD_4': []}, FR: {'PD_1,PD_2': inf, 'PD_1,PD_3': inf, 'PD_1,PD_4': inf, 'PD_2,PD_3': inf, 'PD_2,PD_4': inf, 'PD_3,PD_4': inf}
  Computing metrics...
    RSI: {'PD_1,PD_2': 0.3333333333333333, 'PD_1,PD_3': 0.0, 'PD_1,PD_4': 0.0, 'PD_2,PD_3': 0.0, 'PD_2,PD_4': 0.0, 'PD_3,PD_4': 0.0}, ASR: 1.0, TCB: {'PD_1': ['PD_2'], 'PD_2': ['PD_1'], 'PD_3': [], 'PD_4': []}, FR: {'PD_1,PD_2': inf, 'PD_1,PD_3': inf, 'PD_1,PD_4': inf, 'PD_2,PD_3': inf, 'PD_2,PD_4': inf, 'PD_3,PD_4': inf}
  Computing metrics...
    RSI: {'PD_1,PD_2': 0.3333333333333333, 'PD_1,PD_3': 0.0, 'PD_1,PD_4': 0.0, 'PD_2,PD_3': 0.0, 'PD_2,PD_4': 0.0, 'PD_3,PD_4': 0.0}, ASR: 1.0, TCB: {'PD_1': ['PD_2'], 'PD_2': ['PD_1'], 'PD_3': [], 'PD_4': []}, FR: {'PD_1,PD_2': inf, 'PD_1,PD_3': inf, 'PD_1,PD_4': inf, 'PD_2,PD_3': inf, 'PD_2,PD_4': inf, 'PD_3,PD_4': inf}
  Computing metrics...
    RSI: {'PD_1,PD_2': 0.6666666666666666, 'PD_1,PD_3': 0.0, 'PD_1,PD_4': 0.0, 'PD_2,PD_3': 0.0, 'PD_2,PD_4': 0.0, 'PD_3,PD_4': 0.0}, ASR: 1.25, TCB: {'PD_1': ['PD_2'], 'PD_2': ['PD_1'], 'PD_3': [], 'PD_4': []}, FR: {'PD_1,PD_2': inf, 'PD_1,PD_3': inf, 'PD_1,PD_4': inf, 'PD_2,PD_3': inf, 'PD_2,PD_4': inf, 'PD_3,PD_4': inf}
  Computing metrics...
    RSI: {'PD_1,PD_2': 0.3333333333333333, 'PD_1,PD_3': 0.0, 'PD_1,PD_4': 0.0, 'PD_2,PD_3': 0.0, 'PD_2,PD_4': 0.0, 'PD_3,PD_4': 0.0}, ASR: 1.0, TCB: {'PD_1': ['PD_2'], 'PD_2': ['PD_1'], 'PD_3': [], 'PD_4': []}, FR: {'PD_1,PD_2': inf, 'PD_1,PD_3': inf, 'PD_1,PD_4': inf, 'PD_2,PD_3': inf, 'PD_2,PD_4': inf, 'PD_3,PD_4': inf}
  Computing metrics...
    RSI: {'PD_1,PD_2': 0.6666666666666666, 'PD_1,PD_3': 0.0, 'PD_1,PD_4': 0.0, 'PD_2,PD_3': 0.0, 'PD_2,PD_4': 0.0, 'PD_3,PD_4': 0.0}, ASR: 1.25, TCB: {'PD_1': ['PD_2'], 'PD_2': ['PD_1'], 'PD_3': [], 'PD_4': []}, FR: {'PD_1,PD_2': inf, 'PD_1,PD_3': inf, 'PD_1,PD_4': inf, 'PD_2,PD_3': inf, 'PD_2,PD_4': inf, 'PD_3,PD_4': inf}
  Computing metrics...
    RSI: {'PD_1,PD_2': 0.3333333333333333, 'PD_1,PD_3': 0.0, 'PD_1,PD_4': 0.0, 'PD_2,PD_3': 0.0, 'PD_2,PD_4': 0.0, 'PD_3,PD_4': 0.0}, ASR: 1.0, TCB: {'PD_1': ['PD_2'], 'PD_2': ['PD_1'], 'PD_3': [], 'PD_4': []}, FR: {'PD_1,PD_2': inf, 'PD_1,PD_3': inf, 'PD_1,PD_4': inf, 'PD_2,PD_3': inf, 'PD_2,PD_4': inf, 'PD_3,PD_4': inf}
  Computing metrics...
    RSI: {'PD_1,PD_2': 0.3333333333333333, 'PD_1,PD_3': 0.5, 'PD_1,PD_4': 0.0, 'PD_2,PD_3': 0.0, 'PD_2,PD_4': 0.0, 'PD_3,PD_4': 0.0}, ASR: 1.25, TCB: {'PD_1': ['PD_3', 'PD_2'], 'PD_2': ['PD_1'], 'PD_3': ['PD_1'], 'PD_4': []}, FR: {'PD_1,PD_2': inf, 'PD_1,PD_3': inf, 'PD_1,PD_4': inf, 'PD_2,PD_3': inf, 'PD_2,PD_4': inf, 'PD_3,PD_4': inf}
  Computing metrics...
    RSI: {'PD_1,PD_2': 0.3333333333333333, 'PD_1,PD_3': 0.0, 'PD_1,PD_4': 0.0, 'PD_2,PD_3': 0.0, 'PD_2,PD_4': 0.0, 'PD_3,PD_4': 0.0}, ASR: 1.0, TCB: {'PD_1': ['PD_2'], 'PD_2': ['PD_1'], 'PD_3': [], 'PD_4': []}, FR: {'PD_1,PD_2': inf, 'PD_1,PD_3': inf, 'PD_1,PD_4': inf, 'PD_2,PD_3': inf, 'PD_2,PD_4': inf, 'PD_3,PD_4': inf}
  Computing metrics...
    RSI: {'PD_1,PD_2': 0.3333333333333333, 'PD_1,PD_3': 0.0, 'PD_1,PD_4': 0.0, 'PD_2,PD_3': 0.5, 'PD_2,PD_4': 0.0, 'PD_3,PD_4': 0.0}, ASR: 1.25, TCB: {'PD_1': ['PD_2'], 'PD_2': ['PD_1', 'PD_3'], 'PD_3': ['PD_2'], 'PD_4': []}, FR: {'PD_1,PD_2': inf, 'PD_1,PD_3': inf, 'PD_1,PD_4': inf, 'PD_2,PD_3': inf, 'PD_2,PD_4': inf, 'PD_3,PD_4': inf}
  Computing metrics...
    RSI: {'PD_1,PD_2': 0.3333333333333333, 'PD_1,PD_3': 0.0, 'PD_1,PD_4': 0.0, 'PD_2,PD_3': 0.0, 'PD_2,PD_4': 0.0, 'PD_3,PD_4': 0.0}, ASR: 1.0, TCB: {'PD_1': ['PD_2'], 'PD_2': ['PD_1'], 'PD_3': [], 'PD_4': []}, FR: {'PD_1,PD_2': inf, 'PD_1,PD_3': inf, 'PD_1,PD_4': inf, 'PD_2,PD_3': inf, 'PD_2,PD_4': inf, 'PD_3,PD_4': inf}
  Computing metrics...
    RSI: {'PD_1,PD_2': 0.3333333333333333, 'PD_1,PD_3': 0.5, 'PD_1,PD_4': 0.0, 'PD_2,PD_3': 0.5, 'PD_2,PD_4': 0.0, 'PD_3,PD_4': 0.0}, ASR: 1.25, TCB: {'PD_1': ['PD_2', 'PD_3'], 'PD_2': ['PD_1', 'PD_3'], 'PD_3': ['PD_1', 'PD_2'], 'PD_4': []}, FR: {'PD_1,PD_2': inf, 'PD_1,PD_3': inf, 'PD_1,PD_4': inf, 'PD_2,PD_3': inf, 'PD_2,PD_4': inf, 'PD_3,PD_4': inf}
  Computing metrics...
    RSI: {'PD_1,PD_2': 0.3333333333333333, 'PD_1,PD_3': 0.0, 'PD_1,PD_4': 0.0, 'PD_2,PD_3': 0.0, 'PD_2,PD_4': 0.0, 'PD_3,PD_4': 0.0}, ASR: 1.0, TCB: {'PD_1': ['PD_2'], 'PD_2': ['PD_1'], 'PD_3': [], 'PD_4': []}, FR: {'PD_1,PD_2': inf, 'PD_1,PD_3': inf, 'PD_1,PD_4': inf, 'PD_2,PD_3': inf, 'PD_2,PD_4': inf, 'PD_3,PD_4': inf}
  Computing metrics...
    RSI: {'PD_1,PD_2': 0.3333333333333333, 'PD_1,PD_3': 0.0, 'PD_1,PD_4': 0.5, 'PD_2,PD_3': 0.0, 'PD_2,PD_4': 0.0, 'PD_3,PD_4': 0.0}, ASR: 1.25, TCB: {'PD_1': ['PD_4', 'PD_2'], 'PD_2': ['PD_1'], 'PD_3': [], 'PD_4': ['PD_1']}, FR: {'PD_1,PD_2': inf, 'PD_1,PD_3': inf, 'PD_1,PD_4': inf, 'PD_2,PD_3': inf, 'PD_2,PD_4': inf, 'PD_3,PD_4': inf}
  Computing metrics...
    RSI: {'PD_1,PD_2': 0.3333333333333333, 'PD_1,PD_3': 0.0, 'PD_1,PD_4': 0.0, 'PD_2,PD_3': 0.0, 'PD_2,PD_4': 0.0, 'PD_3,PD_4': 0.0}, ASR: 1.0, TCB: {'PD_1': ['PD_2'], 'PD_2': ['PD_1'], 'PD_3': [], 'PD_4': []}, FR: {'PD_1,PD_2': inf, 'PD_1,PD_3': inf, 'PD_1,PD_4': inf, 'PD_2,PD_3': inf, 'PD_2,PD_4': inf, 'PD_3,PD_4': inf}
  Computing metrics...
    RSI: {'PD_1,PD_2': 0.3333333333333333, 'PD_1,PD_3': 0.0, 'PD_1,PD_4': 0.0, 'PD_2,PD_3': 0.0, 'PD_2,PD_4': 0.5, 'PD_3,PD_4': 0.0}, ASR: 1.25, TCB: {'PD_1': ['PD_2'], 'PD_2': ['PD_1', 'PD_4'], 'PD_3': [], 'PD_4': ['PD_2']}, FR: {'PD_1,PD_2': inf, 'PD_1,PD_3': inf, 'PD_1,PD_4': inf, 'PD_2,PD_3': inf, 'PD_2,PD_4': inf, 'PD_3,PD_4': inf}
  Computing metrics...
    RSI: {'PD_1,PD_2': 0.3333333333333333, 'PD_1,PD_3': 0.0, 'PD_1,PD_4': 0.0, 'PD_2,PD_3': 0.0, 'PD_2,PD_4': 0.0, 'PD_3,PD_4': 0.0}, ASR: 1.0, TCB: {'PD_1': ['PD_2'], 'PD_2': ['PD_1'], 'PD_3': [], 'PD_4': []}, FR: {'PD_1,PD_2': inf, 'PD_1,PD_3': inf, 'PD_1,PD_4': inf, 'PD_2,PD_3': inf, 'PD_2,PD_4': inf, 'PD_3,PD_4': inf}
  Computing metrics...
    RSI: {'PD_1,PD_2': 0.3333333333333333, 'PD_1,PD_3': 0.0, 'PD_1,PD_4': 0.5, 'PD_2,PD_3': 0.0, 'PD_2,PD_4': 0.5, 'PD_3,PD_4': 0.0}, ASR: 1.25, TCB: {'PD_1': ['PD_2', 'PD_4'], 'PD_2': ['PD_1', 'PD_4'], 'PD_3': [], 'PD_4': ['PD_1', 'PD_2']}, FR: {'PD_1,PD_2': inf, 'PD_1,PD_3': inf, 'PD_1,PD_4': inf, 'PD_2,PD_3': inf, 'PD_2,PD_4': inf, 'PD_3,PD_4': inf}
  Computing metrics...
    RSI: {'PD_1,PD_2': 0.3333333333333333, 'PD_1,PD_3': 0.0, 'PD_1,PD_4': 0.0, 'PD_2,PD_3': 0.0, 'PD_2,PD_4': 0.0, 'PD_3,PD_4': 0.0}, ASR: 1.0, TCB: {'PD_1': ['PD_2'], 'PD_2': ['PD_1'], 'PD_3': [], 'PD_4': []}, FR: {'PD_1,PD_2': inf, 'PD_1,PD_3': inf, 'PD_1,PD_4': inf, 'PD_2,PD_3': inf, 'PD_2,PD_4': inf, 'PD_3,PD_4': inf}
  Computing metrics...
    RSI: {'PD_1,PD_2': 0.3333333333333333, 'PD_1,PD_3': 0.0, 'PD_1,PD_4': 0.0, 'PD_2,PD_3': 0.0, 'PD_2,PD_4': 0.0, 'PD_3,PD_4': 0.0}, ASR: 1.25, TCB: {'PD_1': ['PD_2'], 'PD_2': ['PD_1'], 'PD_3': [], 'PD_4': []}, FR: {'PD_1,PD_2': inf, 'PD_1,PD_3': inf, 'PD_1,PD_4': inf, 'PD_2,PD_3': inf, 'PD_2,PD_4': inf, 'PD_3,PD_4': inf}
  Computing metrics...
    RSI: {'PD_1,PD_2': 0.3333333333333333, 'PD_1,PD_3': 0.0, 'PD_1,PD_4': 0.0, 'PD_2,PD_3': 0.0, 'PD_2,PD_4': 0.0, 'PD_3,PD_4': 0.0}, ASR: 1.0, TCB: {'PD_1': ['PD_2'], 'PD_2': ['PD_1'], 'PD_3': [], 'PD_4': []}, FR: {'PD_1,PD_2': inf, 'PD_1,PD_3': inf, 'PD_1,PD_4': inf, 'PD_2,PD_3': inf, 'PD_2,PD_4': inf, 'PD_3,PD_4': inf}
  Computing metrics...
    RSI: {'PD_1,PD_2': 0.3333333333333333, 'PD_1,PD_3': 0.0, 'PD_1,PD_4': 0.0, 'PD_2,PD_3': 0.0, 'PD_2,PD_4': 0.0, 'PD_3,PD_4': 0.0}, ASR: 1.25, TCB: {'PD_1': ['PD_3', 'PD_2'], 'PD_2': ['PD_1'], 'PD_3': [], 'PD_4': []}, FR: {'PD_1,PD_2': inf, 'PD_1,PD_3': inf, 'PD_1,PD_4': inf, 'PD_2,PD_3': inf, 'PD_2,PD_4': inf, 'PD_3,PD_4': inf}
  Computing metrics...
    RSI: {'PD_1,PD_2': 0.3333333333333333, 'PD_1,PD_3': 0.0, 'PD_1,PD_4': 0.0, 'PD_2,PD_3': 0.0, 'PD_2,PD_4': 0.0, 'PD_3,PD_4': 0.0}, ASR: 1.0, TCB: {'PD_1': ['PD_2'], 'PD_2': ['PD_1'], 'PD_3': [], 'PD_4': []}, FR: {'PD_1,PD_2': inf, 'PD_1,PD_3': inf, 'PD_1,PD_4': inf, 'PD_2,PD_3': inf, 'PD_2,PD_4': inf, 'PD_3,PD_4': inf}
  Computing metrics...
    RSI: {'PD_1,PD_2': 0.3333333333333333, 'PD_1,PD_3': 0.0, 'PD_1,PD_4': 0.0, 'PD_2,PD_3': 0.0, 'PD_2,PD_4': 0.0, 'PD_3,PD_4': 0.0}, ASR: 1.25, TCB: {'PD_1': ['PD_4', 'PD_2'], 'PD_2': ['PD_1'], 'PD_3': [], 'PD_4': []}, FR: {'PD_1,PD_2': inf, 'PD_1,PD_3': inf, 'PD_1,PD_4': inf, 'PD_2,PD_3': inf, 'PD_2,PD_4': inf, 'PD_3,PD_4': inf}
  Computing metrics...
    RSI: {'PD_1,PD_2': 0.3333333333333333, 'PD_1,PD_3': 0.0, 'PD_1,PD_4': 0.0, 'PD_2,PD_3': 0.0, 'PD_2,PD_4': 0.0, 'PD_3,PD_4': 0.0}, ASR: 1.0, TCB: {'PD_1': ['PD_2'], 'PD_2': ['PD_1'], 'PD_3': [], 'PD_4': []}, FR: {'PD_1,PD_2': inf, 'PD_1,PD_3': inf, 'PD_1,PD_4': inf, 'PD_2,PD_3': inf, 'PD_2,PD_4': inf, 'PD_3,PD_4': inf}
  Computing metrics...
    RSI: {'PD_1,PD_2': 0.3333333333333333, 'PD_1,PD_3': 0.0, 'PD_1,PD_4': 0.0, 'PD_2,PD_3': 0.0, 'PD_2,PD_4': 0.0, 'PD_3,PD_4': 0.0}, ASR: 1.25, TCB: {'PD_1': ['PD_2'], 'PD_2': ['PD_1'], 'PD_3': [], 'PD_4': []}, FR: {'PD_1,PD_2': inf, 'PD_1,PD_3': inf, 'PD_1,PD_4': inf, 'PD_2,PD_3': inf, 'PD_2,PD_4': inf, 'PD_3,PD_4': inf}
  Computing metrics...
    RSI: {'PD_1,PD_2': 0.3333333333333333, 'PD_1,PD_3': 0.0, 'PD_1,PD_4': 0.0, 'PD_2,PD_3': 0.0, 'PD_2,PD_4': 0.0, 'PD_3,PD_4': 0.0}, ASR: 1.0, TCB: {'PD_1': ['PD_2'], 'PD_2': ['PD_1'], 'PD_3': [], 'PD_4': []}, FR: {'PD_1,PD_2': inf, 'PD_1,PD_3': inf, 'PD_1,PD_4': inf, 'PD_2,PD_3': inf, 'PD_2,PD_4': inf, 'PD_3,PD_4': inf}
  Computing metrics...
    RSI: {'PD_1,PD_2': 0.3333333333333333, 'PD_1,PD_3': 0.0, 'PD_1,PD_4': 0.0, 'PD_2,PD_3': 0.0, 'PD_2,PD_4': 0.0, 'PD_3,PD_4': 0.0}, ASR: 1.25, TCB: {'PD_1': ['PD_2'], 'PD_2': ['PD_3', 'PD_1'], 'PD_3': [], 'PD_4': []}, FR: {'PD_1,PD_2': inf, 'PD_1,PD_3': inf, 'PD_1,PD_4': inf, 'PD_2,PD_3': inf, 'PD_2,PD_4': inf, 'PD_3,PD_4': inf}
  Computing metrics...
    RSI: {'PD_1,PD_2': 0.3333333333333333, 'PD_1,PD_3': 0.0, 'PD_1,PD_4': 0.0, 'PD_2,PD_3': 0.0, 'PD_2,PD_4': 0.0, 'PD_3,PD_4': 0.0}, ASR: 1.0, TCB: {'PD_1': ['PD_2'], 'PD_2': ['PD_1'], 'PD_3': [], 'PD_4': []}, FR: {'PD_1,PD_2': inf, 'PD_1,PD_3': inf, 'PD_1,PD_4': inf, 'PD_2,PD_3': inf, 'PD_2,PD_4': inf, 'PD_3,PD_4': inf}
  Computing metrics...
    RSI: {'PD_1,PD_2': 0.3333333333333333, 'PD_1,PD_3': 0.0, 'PD_1,PD_4': 0.0, 'PD_2,PD_3': 0.0, 'PD_2,PD_4': 0.0, 'PD_3,PD_4': 0.0}, ASR: 1.25, TCB: {'PD_1': ['PD_2'], 'PD_2': ['PD_4', 'PD_1'], 'PD_3': [], 'PD_4': []}, FR: {'PD_1,PD_2': inf, 'PD_1,PD_3': inf, 'PD_1,PD_4': inf, 'PD_2,PD_3': inf, 'PD_2,PD_4': inf, 'PD_3,PD_4': inf}
  Computing metrics...
    RSI: {'PD_1,PD_2': 0.3333333333333333, 'PD_1,PD_3': 0.0, 'PD_1,PD_4': 0.0, 'PD_2,PD_3': 0.0, 'PD_2,PD_4': 0.0, 'PD_3,PD_4': 0.0}, ASR: 1.0, TCB: {'PD_1': ['PD_2'], 'PD_2': ['PD_1'], 'PD_3': [], 'PD_4': []}, FR: {'PD_1,PD_2': inf, 'PD_1,PD_3': inf, 'PD_1,PD_4': inf, 'PD_2,PD_3': inf, 'PD_2,PD_4': inf, 'PD_3,PD_4': inf}
  Computing metrics...
    RSI: {'PD_1,PD_2': 0.3333333333333333, 'PD_1,PD_3': 0.0, 'PD_1,PD_4': 0.0, 'PD_2,PD_3': 0.0, 'PD_2,PD_4': 0.0, 'PD_3,PD_4': 0.0}, ASR: 1.25, TCB: {'PD_1': ['PD_2'], 'PD_2': ['PD_1'], 'PD_3': ['PD_1'], 'PD_4': []}, FR: {'PD_1,PD_2': inf, 'PD_1,PD_3': inf, 'PD_1,PD_4': inf, 'PD_2,PD_3': inf, 'PD_2,PD_4': inf, 'PD_3,PD_4': inf}
  Computing metrics...
    RSI: {'PD_1,PD_2': 0.3333333333333333, 'PD_1,PD_3': 0.0, 'PD_1,PD_4': 0.0, 'PD_2,PD_3': 0.0, 'PD_2,PD_4': 0.0, 'PD_3,PD_4': 0.0}, ASR: 1.0, TCB: {'PD_1': ['PD_2'], 'PD_2': ['PD_1'], 'PD_3': [], 'PD_4': []}, FR: {'PD_1,PD_2': inf, 'PD_1,PD_3': inf, 'PD_1,PD_4': inf, 'PD_2,PD_3': inf, 'PD_2,PD_4': inf, 'PD_3,PD_4': inf}
  Computing metrics...
    RSI: {'PD_1,PD_2': 0.3333333333333333, 'PD_1,PD_3': 0.0, 'PD_1,PD_4': 0.0, 'PD_2,PD_3': 0.0, 'PD_2,PD_4': 0.0, 'PD_3,PD_4': 0.0}, ASR: 1.25, TCB: {'PD_1': ['PD_2'], 'PD_2': ['PD_1'], 'PD_3': ['PD_2'], 'PD_4': []}, FR: {'PD_1,PD_2': inf, 'PD_1,PD_3': inf, 'PD_1,PD_4': inf, 'PD_2,PD_3': inf, 'PD_2,PD_4': inf, 'PD_3,PD_4': inf}
  Computing metrics...
    RSI: {'PD_1,PD_2': 0.3333333333333333, 'PD_1,PD_3': 0.0, 'PD_1,PD_4': 0.0, 'PD_2,PD_3': 0.0, 'PD_2,PD_4': 0.0, 'PD_3,PD_4': 0.0}, ASR: 1.0, TCB: {'PD_1': ['PD_2'], 'PD_2': ['PD_1'], 'PD_3': [], 'PD_4': []}, FR: {'PD_1,PD_2': inf, 'PD_1,PD_3': inf, 'PD_1,PD_4': inf, 'PD_2,PD_3': inf, 'PD_2,PD_4': inf, 'PD_3,PD_4': inf}
  Computing metrics...
    RSI: {'PD_1,PD_2': 0.3333333333333333, 'PD_1,PD_3': 0.0, 'PD_1,PD_4': 0.0, 'PD_2,PD_3': 0.0, 'PD_2,PD_4': 0.0, 'PD_3,PD_4': 0.0}, ASR: 1.25, TCB: {'PD_1': ['PD_2'], 'PD_2': ['PD_1'], 'PD_3': ['PD_4'], 'PD_4': []}, FR: {'PD_1,PD_2': inf, 'PD_1,PD_3': inf, 'PD_1,PD_4': inf, 'PD_2,PD_3': inf, 'PD_2,PD_4': inf, 'PD_3,PD_4': inf}
  Computing metrics...
    RSI: {'PD_1,PD_2': 0.3333333333333333, 'PD_1,PD_3': 0.0, 'PD_1,PD_4': 0.0, 'PD_2,PD_3': 0.0, 'PD_2,PD_4': 0.0, 'PD_3,PD_4': 0.0}, ASR: 1.0, TCB: {'PD_1': ['PD_2'], 'PD_2': ['PD_1'], 'PD_3': [], 'PD_4': []}, FR: {'PD_1,PD_2': inf, 'PD_1,PD_3': inf, 'PD_1,PD_4': inf, 'PD_2,PD_3': inf, 'PD_2,PD_4': inf, 'PD_3,PD_4': inf}
  Computing metrics...
    RSI: {'PD_1,PD_2': 0.3333333333333333, 'PD_1,PD_3': 0.0, 'PD_1,PD_4': 0.0, 'PD_2,PD_3': 0.0, 'PD_2,PD_4': 0.0, 'PD_3,PD_4': 0.0}, ASR: 1.25, TCB: {'PD_1': ['PD_2'], 'PD_2': ['PD_1'], 'PD_3': [], 'PD_4': ['PD_1']}, FR: {'PD_1,PD_2': inf, 'PD_1,PD_3': inf, 'PD_1,PD_4': inf, 'PD_2,PD_3': inf, 'PD_2,PD_4': inf, 'PD_3,PD_4': inf}
  Computing metrics...
    RSI: {'PD_1,PD_2': 0.3333333333333333, 'PD_1,PD_3': 0.0, 'PD_1,PD_4': 0.0, 'PD_2,PD_3': 0.0, 'PD_2,PD_4': 0.0, 'PD_3,PD_4': 0.0}, ASR: 1.0, TCB: {'PD_1': ['PD_2'], 'PD_2': ['PD_1'], 'PD_3': [], 'PD_4': []}, FR: {'PD_1,PD_2': inf, 'PD_1,PD_3': inf, 'PD_1,PD_4': inf, 'PD_2,PD_3': inf, 'PD_2,PD_4': inf, 'PD_3,PD_4': inf}
  Computing metrics...
    RSI: {'PD_1,PD_2': 0.3333333333333333, 'PD_1,PD_3': 0.0, 'PD_1,PD_4': 0.0, 'PD_2,PD_3': 0.0, 'PD_2,PD_4': 0.0, 'PD_3,PD_4': 0.0}, ASR: 1.25, TCB: {'PD_1': ['PD_2'], 'PD_2': ['PD_1'], 'PD_3': [], 'PD_4': ['PD_2']}, FR: {'PD_1,PD_2': inf, 'PD_1,PD_3': inf, 'PD_1,PD_4': inf, 'PD_2,PD_3': inf, 'PD_2,PD_4': inf, 'PD_3,PD_4': inf}
  Computing metrics...
    RSI: {'PD_1,PD_2': 0.3333333333333333, 'PD_1,PD_3': 0.0, 'PD_1,PD_4': 0.0, 'PD_2,PD_3': 0.0, 'PD_2,PD_4': 0.0, 'PD_3,PD_4': 0.0}, ASR: 1.0, TCB: {'PD_1': ['PD_2'], 'PD_2': ['PD_1'], 'PD_3': [], 'PD_4': []}, FR: {'PD_1,PD_2': inf, 'PD_1,PD_3': inf, 'PD_1,PD_4': inf, 'PD_2,PD_3': inf, 'PD_2,PD_4': inf, 'PD_3,PD_4': inf}
  Computing metrics...
    RSI: {'PD_1,PD_2': 0.3333333333333333, 'PD_1,PD_3': 0.0, 'PD_1,PD_4': 0.0, 'PD_2,PD_3': 0.0, 'PD_2,PD_4': 0.0, 'PD_3,PD_4': 0.0}, ASR: 1.25, TCB: {'PD_1': ['PD_2'], 'PD_2': ['PD_1'], 'PD_3': [], 'PD_4': ['PD_3']}, FR: {'PD_1,PD_2': inf, 'PD_1,PD_3': inf, 'PD_1,PD_4': inf, 'PD_2,PD_3': inf, 'PD_2,PD_4': inf, 'PD_3,PD_4': inf}
  Computing metrics...
    RSI: {'PD_1,PD_2': 0.3333333333333333, 'PD_1,PD_3': 0.0, 'PD_1,PD_4': 0.0, 'PD_2,PD_3': 0.0, 'PD_2,PD_4': 0.0, 'PD_3,PD_4': 0.0}, ASR: 1.0, TCB: {'PD_1': ['PD_2'], 'PD_2': ['PD_1'], 'PD_3': [], 'PD_4': []}, FR: {'PD_1,PD_2': inf, 'PD_1,PD_3': inf, 'PD_1,PD_4': inf, 'PD_2,PD_3': inf, 'PD_2,PD_4': inf, 'PD_3,PD_4': inf}
  Computing metrics...
    RSI: {'PD_1,PD_2': 0.3333333333333333, 'PD_1,PD_3': 0.0, 'PD_1,PD_4': 0.0, 'PD_2,PD_3': 0.0, 'PD_2,PD_4': 0.0, 'PD_3,PD_4': 0.0}, ASR: 1.0, TCB: {'PD_1': ['PD_2'], 'PD_2': ['PD_1'], 'PD_3': [], 'PD_4': []}, FR: {'PD_1,PD_2': inf, 'PD_1,PD_3': inf, 'PD_1,PD_4': inf, 'PD_2,PD_3': inf, 'PD_2,PD_4': inf, 'PD_3,PD_4': inf}
  Computing metrics...
    RSI: {'PD_1,PD_2': 0.3333333333333333, 'PD_1,PD_3': 0.0, 'PD_1,PD_4': 0.0, 'PD_2,PD_3': 0.0, 'PD_2,PD_4': 0.0, 'PD_3,PD_4': 0.0}, ASR: 1.0, TCB: {'PD_1': ['PD_2'], 'PD_2': ['PD_1'], 'PD_3': [], 'PD_4': []}, FR: {'PD_1,PD_2': inf, 'PD_1,PD_3': inf, 'PD_1,PD_4': inf, 'PD_2,PD_3': inf, 'PD_2,PD_4': inf, 'PD_3,PD_4': inf}
  Computing metrics...
    RSI: {'PD_1,PD_2': 0.3333333333333333, 'PD_1,PD_3': 0.0, 'PD_1,PD_4': 0.0, 'PD_2,PD_3': 0.0, 'PD_2,PD_4': 0.0, 'PD_3,PD_4': 0.0}, ASR: 1.0, TCB: {'PD_1': ['PD_2'], 'PD_2': ['PD_1'], 'PD_3': [], 'PD_4': []}, FR: {'PD_1,PD_2': inf, 'PD_1,PD_3': inf, 'PD_1,PD_4': inf, 'PD_2,PD_3': inf, 'PD_2,PD_4': inf, 'PD_3,PD_4': inf}
  Computing metrics...
    RSI: {'PD_1,PD_2': 0.3333333333333333, 'PD_1,PD_3': 0.0, 'PD_1,PD_4': 0.0, 'PD_2,PD_3': 0.0, 'PD_2,PD_4': 0.0, 'PD_3,PD_4': 0.0}, ASR: 1.0, TCB: {'PD_1': ['PD_2'], 'PD_2': ['PD_1'], 'PD_3': [], 'PD_4': []}, FR: {'PD_1,PD_2': inf, 'PD_1,PD_3': inf, 'PD_1,PD_4': inf, 'PD_2,PD_3': inf, 'PD_2,PD_4': inf, 'PD_3,PD_4': inf}
  Computing metrics...
    RSI: {'PD_1,PD_2': 0.3333333333333333, 'PD_1,PD_3': 0.0, 'PD_1,PD_4': 0.0, 'PD_2,PD_3': 0.0, 'PD_2,PD_4': 0.0, 'PD_3,PD_4': 0.0}, ASR: 1.0, TCB: {'PD_1': ['PD_2'], 'PD_2': ['PD_1'], 'PD_3': [], 'PD_4': []}, FR: {'PD_1,PD_2': inf, 'PD_1,PD_3': inf, 'PD_1,PD_4': inf, 'PD_2,PD_3': inf, 'PD_2,PD_4': inf, 'PD_3,PD_4': inf}
  🚫 Filtered out 0 'add_pd(add new protection domain for system expansion)' candidates (avoiding repetition)
  Trying best transition: primitive
    Target: remove empty PD_3
    Predicted improvement: 0.100
    Considered 30 other option(s):
      1. primitive: remove empty PD_4 (improvement: 0.100)
      2. primitive: create new CONFIG file in FILE_SPACE_1 (improvement: 0.100)
      3. primitive: create new DATABASE file in FILE_SPACE_1 (improvement: 0.100)
      4. primitive: create new TEMP file in FILE_SPACE_1 (improvement: 0.100)
      5. primitive: create new LOG file in FILE_SPACE_1 (improvement: 0.100)
      6. primitive: remove FILE_1_3 (holders: 2) (improvement: 0.100)
      7. primitive: disconnect FILE_1_1 from FILE_SPACE_1 (improvement: 0.100)
      8. primitive: disconnect FILE_1_2 from FILE_SPACE_1 (improvement: 0.100)
      9. primitive: disconnect FILE_1_3 from FILE_SPACE_1 (improvement: 0.100)
      10. primitive: add new protection domain for system expansion (improvement: 0.001)
      ... and 20 more
    ✅ Applied remove_pd
  📋 Generated 31 candidate(s)
  Computing metrics...
    RSI: {'PD_1,PD_2': 0.3333333333333333, 'PD_1,PD_4': 0.0, 'PD_2,PD_4': 0.0}, ASR: 1.3333333333333333, TCB: {'PD_1': ['PD_2'], 'PD_2': ['PD_1'], 'PD_4': []}, FR: {'PD_1,PD_2': inf, 'PD_1,PD_4': inf, 'PD_2,PD_4': inf}
    ✅ Added candidate: remove_pd (score: 0.100)
  Computing metrics...
    RSI: {'PD_1,PD_2': 0.3333333333333333, 'PD_1,PD_3': 0.0, 'PD_2,PD_3': 0.0}, ASR: 1.3333333333333333, TCB: {'PD_1': ['PD_2'], 'PD_2': ['PD_1'], 'PD_3': []}, FR: {'PD_1,PD_2': inf, 'PD_1,PD_3': inf, 'PD_2,PD_3': inf}
    ✅ Added candidate: remove_pd (score: 0.100)

📊 Next beam (3 states):
  Beam[0]: BeamState(iter=3, score=3.433, path=add_file_resource(create new CONFIG file in FILE_SPACE_1) → add_pd(add new protection domain for system expansion) → add_pd(add new protection domain for system expansion))
  Beam[1]: BeamState(iter=3, score=3.433, path=add_file_resource(create new DATABASE file in FILE_SPACE_1) → add_pd(add new protection domain for system expansion) → add_pd(add new protection domain for system expansion))
  Beam[2]: BeamState(iter=3, score=0.100, path=add_file_resource(create new CONFIG file in FILE_SPACE_1) → add_pd(add new protection domain for system expansion) → remove_pd(remove empty PD_3))
💡 Total candidates generated: 6
🎯 Mechanisms discovered so far: 0

============================================================
🔍 Beam Search Iteration 4/8
📊 Current beam size: 3
  Beam[0]: BeamState(iter=3, score=3.433, path=add_file_resource(create new CONFIG file in FILE_SPACE_1) → add_pd(add new protection domain for system expansion) → add_pd(add new protection domain for system expansion))
  Beam[1]: BeamState(iter=3, score=3.433, path=add_file_resource(create new DATABASE file in FILE_SPACE_1) → add_pd(add new protection domain for system expansion) → add_pd(add new protection domain for system expansion))
  Beam[2]: BeamState(iter=3, score=0.100, path=add_file_resource(create new CONFIG file in FILE_SPACE_1) → add_pd(add new protection domain for system expansion) → remove_pd(remove empty PD_3))

🌟 Expanding Beam[0] (score: 3.433)
  Computing metrics...
    RSI: {'PD_1,PD_2': 0.3333333333333333, 'PD_1,PD_3': 0.0, 'PD_1,PD_4': 0.0, 'PD_2,PD_3': 0.0, 'PD_2,PD_4': 0.0, 'PD_3,PD_4': 0.0}, ASR: 1.0, TCB: {'PD_1': ['PD_2'], 'PD_2': ['PD_1'], 'PD_3': [], 'PD_4': []}, FR: {'PD_1,PD_2': inf, 'PD_1,PD_3': inf, 'PD_1,PD_4': inf, 'PD_2,PD_3': inf, 'PD_2,PD_4': inf, 'PD_3,PD_4': inf}
    Goal not met: RSI[PD_1,PD_2]=0.333 > 0.3
  Computing metrics...
    RSI: {'PD_1,PD_2': 0.3333333333333333, 'PD_1,PD_3': 0.0, 'PD_1,PD_4': 0.0, 'PD_2,PD_3': 0.0, 'PD_2,PD_4': 0.0, 'PD_3,PD_4': 0.0}, ASR: 1.0, TCB: {'PD_1': ['PD_2'], 'PD_2': ['PD_1'], 'PD_3': [], 'PD_4': []}, FR: {'PD_1,PD_2': inf, 'PD_1,PD_3': inf, 'PD_1,PD_4': inf, 'PD_2,PD_3': inf, 'PD_2,PD_4': inf, 'PD_3,PD_4': inf}
  Computing metrics...
    RSI: {'PD_1,PD_2': 0.3333333333333333, 'PD_1,PD_3': 0.0, 'PD_1,PD_4': 0.0, 'PD_1,PD_5': 0.0, 'PD_2,PD_3': 0.0, 'PD_2,PD_4': 0.0, 'PD_2,PD_5': 0.0, 'PD_3,PD_4': 0.0, 'PD_3,PD_5': 0.0, 'PD_4,PD_5': 0.0}, ASR: 0.8, TCB: {'PD_1': ['PD_2'], 'PD_2': ['PD_1'], 'PD_3': [], 'PD_4': [], 'PD_5': []}, FR: {'PD_1,PD_2': inf, 'PD_1,PD_3': inf, 'PD_1,PD_4': inf, 'PD_1,PD_5': inf, 'PD_2,PD_3': inf, 'PD_2,PD_4': inf, 'PD_2,PD_5': inf, 'PD_3,PD_4': inf, 'PD_3,PD_5': inf, 'PD_4,PD_5': inf}
  Computing metrics...
    RSI: {'PD_1,PD_2': 0.3333333333333333, 'PD_1,PD_3': 0.0, 'PD_1,PD_4': 0.0, 'PD_2,PD_3': 0.0, 'PD_2,PD_4': 0.0, 'PD_3,PD_4': 0.0}, ASR: 1.0, TCB: {'PD_1': ['PD_2'], 'PD_2': ['PD_1'], 'PD_3': [], 'PD_4': []}, FR: {'PD_1,PD_2': inf, 'PD_1,PD_3': inf, 'PD_1,PD_4': inf, 'PD_2,PD_3': inf, 'PD_2,PD_4': inf, 'PD_3,PD_4': inf}
  Computing metrics...
    RSI: {'PD_1,PD_2': 0.3333333333333333, 'PD_1,PD_3': 0.0, 'PD_1,PD_4': 0.0, 'PD_2,PD_3': 0.0, 'PD_2,PD_4': 0.0, 'PD_3,PD_4': 0.0}, ASR: 1.0, TCB: {'PD_1': ['PD_2'], 'PD_2': ['PD_1'], 'PD_3': [], 'PD_4': []}, FR: {'PD_1,PD_2': inf, 'PD_1,PD_3': inf, 'PD_1,PD_4': inf, 'PD_2,PD_3': inf, 'PD_2,PD_4': inf, 'PD_3,PD_4': inf}
  Computing metrics...
    RSI: {'PD_1,PD_2': 0.3333333333333333, 'PD_1,PD_3': 0.0, 'PD_1,PD_4': 0.0, 'PD_2,PD_3': 0.0, 'PD_2,PD_4': 0.0, 'PD_3,PD_4': 0.0}, ASR: 1.0, TCB: {'PD_1': ['PD_2'], 'PD_2': ['PD_1'], 'PD_3': [], 'PD_4': []}, FR: {'PD_1,PD_2': inf, 'PD_1,PD_3': inf, 'PD_1,PD_4': inf, 'PD_2,PD_3': inf, 'PD_2,PD_4': inf, 'PD_3,PD_4': inf}
  Computing metrics...
    RSI: {'PD_1,PD_2': 0.3333333333333333, 'PD_1,PD_3': 0.0, 'PD_1,PD_4': 0.0, 'PD_2,PD_3': 0.0, 'PD_2,PD_4': 0.0, 'PD_3,PD_4': 0.0}, ASR: 1.0, TCB: {'PD_1': ['PD_2'], 'PD_2': ['PD_1'], 'PD_3': [], 'PD_4': []}, FR: {'PD_1,PD_2': inf, 'PD_1,PD_3': inf, 'PD_1,PD_4': inf, 'PD_2,PD_3': inf, 'PD_2,PD_4': inf, 'PD_3,PD_4': inf}
  Computing metrics...
    RSI: {'PD_1,PD_2': 0.3333333333333333, 'PD_1,PD_3': 0.0, 'PD_1,PD_4': 0.0, 'PD_2,PD_3': 0.0, 'PD_2,PD_4': 0.0, 'PD_3,PD_4': 0.0}, ASR: 1.0, TCB: {'PD_1': ['PD_2'], 'PD_2': ['PD_1'], 'PD_3': [], 'PD_4': []}, FR: {'PD_1,PD_2': inf, 'PD_1,PD_3': inf, 'PD_1,PD_4': inf, 'PD_2,PD_3': inf, 'PD_2,PD_4': inf, 'PD_3,PD_4': inf}
  Computing metrics...
    RSI: {'PD_1,PD_2': 0.3333333333333333, 'PD_1,PD_3': 0.0, 'PD_1,PD_4': 0.0, 'PD_2,PD_3': 0.0, 'PD_2,PD_4': 0.0, 'PD_3,PD_4': 0.0}, ASR: 1.0, TCB: {'PD_1': ['PD_2'], 'PD_2': ['PD_1'], 'PD_3': [], 'PD_4': []}, FR: {'PD_1,PD_2': inf, 'PD_1,PD_3': inf, 'PD_1,PD_4': inf, 'PD_2,PD_3': inf, 'PD_2,PD_4': inf, 'PD_3,PD_4': inf}
  Computing metrics...
    RSI: {'PD_1,PD_2': 0.3333333333333333, 'PD_1,PD_3': 0.0, 'PD_1,PD_4': 0.0, 'PD_2,PD_3': 0.0, 'PD_2,PD_4': 0.0, 'PD_3,PD_4': 0.0}, ASR: 1.0, TCB: {'PD_1': ['PD_2'], 'PD_2': ['PD_1'], 'PD_3': [], 'PD_4': []}, FR: {'PD_1,PD_2': inf, 'PD_1,PD_3': inf, 'PD_1,PD_4': inf, 'PD_2,PD_3': inf, 'PD_2,PD_4': inf, 'PD_3,PD_4': inf}
  Computing metrics...
    RSI: {'PD_1,PD_2': 0.3333333333333333, 'PD_1,PD_3': 0.0, 'PD_1,PD_4': 0.0, 'PD_2,PD_3': 0.0, 'PD_2,PD_4': 0.0, 'PD_3,PD_4': 0.0}, ASR: 1.0, TCB: {'PD_1': ['PD_2'], 'PD_2': ['PD_1'], 'PD_3': [], 'PD_4': []}, FR: {'PD_1,PD_2': inf, 'PD_1,PD_3': inf, 'PD_1,PD_4': inf, 'PD_2,PD_3': inf, 'PD_2,PD_4': inf, 'PD_3,PD_4': inf}
  Computing metrics...
    RSI: {'PD_1,PD_2': 0.3333333333333333, 'PD_1,PD_3': 0.0, 'PD_1,PD_4': 0.0, 'PD_2,PD_3': 0.0, 'PD_2,PD_4': 0.0, 'PD_3,PD_4': 0.0}, ASR: 1.0, TCB: {'PD_1': ['PD_2'], 'PD_2': ['PD_1'], 'PD_3': [], 'PD_4': []}, FR: {'PD_1,PD_2': inf, 'PD_1,PD_3': inf, 'PD_1,PD_4': inf, 'PD_2,PD_3': inf, 'PD_2,PD_4': inf, 'PD_3,PD_4': inf}
  Computing metrics...
    RSI: {'PD_1,PD_2': 0.3333333333333333, 'PD_1,PD_3': 0.0, 'PD_1,PD_4': 0.0, 'PD_2,PD_3': 0.0, 'PD_2,PD_4': 0.0, 'PD_3,PD_4': 0.0}, ASR: 1.0, TCB: {'PD_1': ['PD_2'], 'PD_2': ['PD_1'], 'PD_3': [], 'PD_4': []}, FR: {'PD_1,PD_2': inf, 'PD_1,PD_3': inf, 'PD_1,PD_4': inf, 'PD_2,PD_3': inf, 'PD_2,PD_4': inf, 'PD_3,PD_4': inf}
  Computing metrics...
    RSI: {'PD_1,PD_2': 0.3333333333333333, 'PD_1,PD_3': 0.0, 'PD_1,PD_4': 0.0, 'PD_2,PD_3': 0.0, 'PD_2,PD_4': 0.0, 'PD_3,PD_4': 0.0}, ASR: 1.0, TCB: {'PD_1': ['PD_2'], 'PD_2': ['PD_1'], 'PD_3': [], 'PD_4': []}, FR: {'PD_1,PD_2': inf, 'PD_1,PD_3': inf, 'PD_1,PD_4': inf, 'PD_2,PD_3': inf, 'PD_2,PD_4': inf, 'PD_3,PD_4': inf}
  Computing metrics...
    RSI: {'PD_1,PD_2': 0.3333333333333333, 'PD_1,PD_3': 0.0, 'PD_1,PD_4': 0.0, 'PD_2,PD_3': 0.0, 'PD_2,PD_4': 0.0, 'PD_3,PD_4': 0.0}, ASR: 1.0, TCB: {'PD_1': ['PD_2'], 'PD_2': ['PD_1'], 'PD_3': [], 'PD_4': []}, FR: {'PD_1,PD_2': inf, 'PD_1,PD_3': inf, 'PD_1,PD_4': inf, 'PD_2,PD_3': inf, 'PD_2,PD_4': inf, 'PD_3,PD_4': inf}
  Computing metrics...
    RSI: {'PD_1,PD_2': 0.3333333333333333, 'PD_1,PD_3': 0.0, 'PD_1,PD_4': 0.0, 'PD_2,PD_3': 0.0, 'PD_2,PD_4': 0.0, 'PD_3,PD_4': 0.0}, ASR: 1.0, TCB: {'PD_1': ['PD_2'], 'PD_2': ['PD_1'], 'PD_3': [], 'PD_4': []}, FR: {'PD_1,PD_2': inf, 'PD_1,PD_3': inf, 'PD_1,PD_4': inf, 'PD_2,PD_3': inf, 'PD_2,PD_4': inf, 'PD_3,PD_4': inf}
  Computing metrics...
    RSI: {'PD_1,PD_2': 0.3333333333333333, 'PD_1,PD_3': 0.0, 'PD_1,PD_4': 0.0, 'PD_2,PD_3': 0.0, 'PD_2,PD_4': 0.0, 'PD_3,PD_4': 0.0}, ASR: 1.0, TCB: {'PD_1': ['PD_2'], 'PD_2': ['PD_1'], 'PD_3': [], 'PD_4': []}, FR: {'PD_1,PD_2': inf, 'PD_1,PD_3': inf, 'PD_1,PD_4': inf, 'PD_2,PD_3': inf, 'PD_2,PD_4': inf, 'PD_3,PD_4': inf}
  Computing metrics...
    RSI: {'PD_1,PD_2': 0.3333333333333333, 'PD_1,PD_3': 0.0, 'PD_1,PD_4': 0.0, 'PD_2,PD_3': 0.0, 'PD_2,PD_4': 0.0, 'PD_3,PD_4': 0.0}, ASR: 1.0, TCB: {'PD_1': ['PD_2'], 'PD_2': ['PD_1'], 'PD_3': [], 'PD_4': []}, FR: {'PD_1,PD_2': inf, 'PD_1,PD_3': inf, 'PD_1,PD_4': inf, 'PD_2,PD_3': inf, 'PD_2,PD_4': inf, 'PD_3,PD_4': inf}
  Computing metrics...
    RSI: {'PD_1,PD_2': 0.3333333333333333, 'PD_1,PD_3': 0.0, 'PD_1,PD_4': 0.0, 'PD_2,PD_3': 0.0, 'PD_2,PD_4': 0.0, 'PD_3,PD_4': 0.0}, ASR: 1.0, TCB: {'PD_1': ['PD_2'], 'PD_2': ['PD_1'], 'PD_3': [], 'PD_4': []}, FR: {'PD_1,PD_2': inf, 'PD_1,PD_3': inf, 'PD_1,PD_4': inf, 'PD_2,PD_3': inf, 'PD_2,PD_4': inf, 'PD_3,PD_4': inf}
  Computing metrics...
    RSI: {'PD_1,PD_2': 0.3333333333333333, 'PD_1,PD_3': 0.0, 'PD_1,PD_4': 0.0, 'PD_2,PD_3': 0.0, 'PD_2,PD_4': 0.0, 'PD_3,PD_4': 0.0}, ASR: 1.0, TCB: {'PD_1': ['PD_2'], 'PD_2': ['PD_1'], 'PD_3': [], 'PD_4': []}, FR: {'PD_1,PD_2': inf, 'PD_1,PD_3': inf, 'PD_1,PD_4': inf, 'PD_2,PD_3': inf, 'PD_2,PD_4': inf, 'PD_3,PD_4': inf}
  Computing metrics...
    RSI: {'PD_1,PD_2': 0.6666666666666666, 'PD_1,PD_3': 0.0, 'PD_1,PD_4': 0.0, 'PD_2,PD_3': 0.0, 'PD_2,PD_4': 0.0, 'PD_3,PD_4': 0.0}, ASR: 1.25, TCB: {'PD_1': ['PD_2'], 'PD_2': ['PD_1'], 'PD_3': [], 'PD_4': []}, FR: {'PD_1,PD_2': inf, 'PD_1,PD_3': inf, 'PD_1,PD_4': inf, 'PD_2,PD_3': inf, 'PD_2,PD_4': inf, 'PD_3,PD_4': inf}
  Computing metrics...
    RSI: {'PD_1,PD_2': 0.3333333333333333, 'PD_1,PD_3': 0.0, 'PD_1,PD_4': 0.0, 'PD_2,PD_3': 0.0, 'PD_2,PD_4': 0.0, 'PD_3,PD_4': 0.0}, ASR: 1.0, TCB: {'PD_1': ['PD_2'], 'PD_2': ['PD_1'], 'PD_3': [], 'PD_4': []}, FR: {'PD_1,PD_2': inf, 'PD_1,PD_3': inf, 'PD_1,PD_4': inf, 'PD_2,PD_3': inf, 'PD_2,PD_4': inf, 'PD_3,PD_4': inf}
  Computing metrics...
    RSI: {'PD_1,PD_2': 0.25, 'PD_1,PD_3': 0.0, 'PD_1,PD_4': 0.0, 'PD_2,PD_3': 0.0, 'PD_2,PD_4': 0.0, 'PD_3,PD_4': 0.0}, ASR: 1.25, TCB: {'PD_1': ['PD_2'], 'PD_2': ['PD_1'], 'PD_3': [], 'PD_4': []}, FR: {'PD_1,PD_2': inf, 'PD_1,PD_3': inf, 'PD_1,PD_4': inf, 'PD_2,PD_3': inf, 'PD_2,PD_4': inf, 'PD_3,PD_4': inf}
  Computing metrics...
    RSI: {'PD_1,PD_2': 0.3333333333333333, 'PD_1,PD_3': 0.0, 'PD_1,PD_4': 0.0, 'PD_2,PD_3': 0.0, 'PD_2,PD_4': 0.0, 'PD_3,PD_4': 0.0}, ASR: 1.0, TCB: {'PD_1': ['PD_2'], 'PD_2': ['PD_1'], 'PD_3': [], 'PD_4': []}, FR: {'PD_1,PD_2': inf, 'PD_1,PD_3': inf, 'PD_1,PD_4': inf, 'PD_2,PD_3': inf, 'PD_2,PD_4': inf, 'PD_3,PD_4': inf}
  Computing metrics...
    RSI: {'PD_1,PD_2': 0.6666666666666666, 'PD_1,PD_3': 0.0, 'PD_1,PD_4': 0.0, 'PD_2,PD_3': 0.0, 'PD_2,PD_4': 0.0, 'PD_3,PD_4': 0.0}, ASR: 1.25, TCB: {'PD_1': ['PD_2'], 'PD_2': ['PD_1'], 'PD_3': [], 'PD_4': []}, FR: {'PD_1,PD_2': inf, 'PD_1,PD_3': inf, 'PD_1,PD_4': inf, 'PD_2,PD_3': inf, 'PD_2,PD_4': inf, 'PD_3,PD_4': inf}
  Computing metrics...
    RSI: {'PD_1,PD_2': 0.3333333333333333, 'PD_1,PD_3': 0.0, 'PD_1,PD_4': 0.0, 'PD_2,PD_3': 0.0, 'PD_2,PD_4': 0.0, 'PD_3,PD_4': 0.0}, ASR: 1.0, TCB: {'PD_1': ['PD_2'], 'PD_2': ['PD_1'], 'PD_3': [], 'PD_4': []}, FR: {'PD_1,PD_2': inf, 'PD_1,PD_3': inf, 'PD_1,PD_4': inf, 'PD_2,PD_3': inf, 'PD_2,PD_4': inf, 'PD_3,PD_4': inf}
  Computing metrics...
    RSI: {'PD_1,PD_2': 0.25, 'PD_1,PD_3': 0.0, 'PD_1,PD_4': 0.0, 'PD_2,PD_3': 0.0, 'PD_2,PD_4': 0.0, 'PD_3,PD_4': 0.0}, ASR: 1.25, TCB: {'PD_1': ['PD_2'], 'PD_2': ['PD_1'], 'PD_3': [], 'PD_4': []}, FR: {'PD_1,PD_2': inf, 'PD_1,PD_3': inf, 'PD_1,PD_4': inf, 'PD_2,PD_3': inf, 'PD_2,PD_4': inf, 'PD_3,PD_4': inf}
  Computing metrics...
    RSI: {'PD_1,PD_2': 0.3333333333333333, 'PD_1,PD_3': 0.0, 'PD_1,PD_4': 0.0, 'PD_2,PD_3': 0.0, 'PD_2,PD_4': 0.0, 'PD_3,PD_4': 0.0}, ASR: 1.0, TCB: {'PD_1': ['PD_2'], 'PD_2': ['PD_1'], 'PD_3': [], 'PD_4': []}, FR: {'PD_1,PD_2': inf, 'PD_1,PD_3': inf, 'PD_1,PD_4': inf, 'PD_2,PD_3': inf, 'PD_2,PD_4': inf, 'PD_3,PD_4': inf}
  Computing metrics...
    RSI: {'PD_1,PD_2': 0.3333333333333333, 'PD_1,PD_3': 0.5, 'PD_1,PD_4': 0.0, 'PD_2,PD_3': 0.0, 'PD_2,PD_4': 0.0, 'PD_3,PD_4': 0.0}, ASR: 1.25, TCB: {'PD_1': ['PD_3', 'PD_2'], 'PD_2': ['PD_1'], 'PD_3': ['PD_1'], 'PD_4': []}, FR: {'PD_1,PD_2': inf, 'PD_1,PD_3': inf, 'PD_1,PD_4': inf, 'PD_2,PD_3': inf, 'PD_2,PD_4': inf, 'PD_3,PD_4': inf}
  Computing metrics...
    RSI: {'PD_1,PD_2': 0.3333333333333333, 'PD_1,PD_3': 0.0, 'PD_1,PD_4': 0.0, 'PD_2,PD_3': 0.0, 'PD_2,PD_4': 0.0, 'PD_3,PD_4': 0.0}, ASR: 1.0, TCB: {'PD_1': ['PD_2'], 'PD_2': ['PD_1'], 'PD_3': [], 'PD_4': []}, FR: {'PD_1,PD_2': inf, 'PD_1,PD_3': inf, 'PD_1,PD_4': inf, 'PD_2,PD_3': inf, 'PD_2,PD_4': inf, 'PD_3,PD_4': inf}
  Computing metrics...
    RSI: {'PD_1,PD_2': 0.3333333333333333, 'PD_1,PD_3': 0.0, 'PD_1,PD_4': 0.0, 'PD_2,PD_3': 0.5, 'PD_2,PD_4': 0.0, 'PD_3,PD_4': 0.0}, ASR: 1.25, TCB: {'PD_1': ['PD_2'], 'PD_2': ['PD_1', 'PD_3'], 'PD_3': ['PD_2'], 'PD_4': []}, FR: {'PD_1,PD_2': inf, 'PD_1,PD_3': inf, 'PD_1,PD_4': inf, 'PD_2,PD_3': inf, 'PD_2,PD_4': inf, 'PD_3,PD_4': inf}
  Computing metrics...
    RSI: {'PD_1,PD_2': 0.3333333333333333, 'PD_1,PD_3': 0.0, 'PD_1,PD_4': 0.0, 'PD_2,PD_3': 0.0, 'PD_2,PD_4': 0.0, 'PD_3,PD_4': 0.0}, ASR: 1.0, TCB: {'PD_1': ['PD_2'], 'PD_2': ['PD_1'], 'PD_3': [], 'PD_4': []}, FR: {'PD_1,PD_2': inf, 'PD_1,PD_3': inf, 'PD_1,PD_4': inf, 'PD_2,PD_3': inf, 'PD_2,PD_4': inf, 'PD_3,PD_4': inf}
  Computing metrics...
    RSI: {'PD_1,PD_2': 0.3333333333333333, 'PD_1,PD_3': 0.5, 'PD_1,PD_4': 0.0, 'PD_2,PD_3': 0.5, 'PD_2,PD_4': 0.0, 'PD_3,PD_4': 0.0}, ASR: 1.25, TCB: {'PD_1': ['PD_2', 'PD_3'], 'PD_2': ['PD_1', 'PD_3'], 'PD_3': ['PD_1', 'PD_2'], 'PD_4': []}, FR: {'PD_1,PD_2': inf, 'PD_1,PD_3': inf, 'PD_1,PD_4': inf, 'PD_2,PD_3': inf, 'PD_2,PD_4': inf, 'PD_3,PD_4': inf}
  Computing metrics...
    RSI: {'PD_1,PD_2': 0.3333333333333333, 'PD_1,PD_3': 0.0, 'PD_1,PD_4': 0.0, 'PD_2,PD_3': 0.0, 'PD_2,PD_4': 0.0, 'PD_3,PD_4': 0.0}, ASR: 1.0, TCB: {'PD_1': ['PD_2'], 'PD_2': ['PD_1'], 'PD_3': [], 'PD_4': []}, FR: {'PD_1,PD_2': inf, 'PD_1,PD_3': inf, 'PD_1,PD_4': inf, 'PD_2,PD_3': inf, 'PD_2,PD_4': inf, 'PD_3,PD_4': inf}
  Computing metrics...
    RSI: {'PD_1,PD_2': 0.3333333333333333, 'PD_1,PD_3': 0.0, 'PD_1,PD_4': 0.0, 'PD_2,PD_3': 0.0, 'PD_2,PD_4': 0.0, 'PD_3,PD_4': 0.0}, ASR: 1.25, TCB: {'PD_1': ['PD_2'], 'PD_2': ['PD_1'], 'PD_3': [], 'PD_4': []}, FR: {'PD_1,PD_2': inf, 'PD_1,PD_3': inf, 'PD_1,PD_4': inf, 'PD_2,PD_3': inf, 'PD_2,PD_4': inf, 'PD_3,PD_4': inf}
  Computing metrics...
    RSI: {'PD_1,PD_2': 0.3333333333333333, 'PD_1,PD_3': 0.0, 'PD_1,PD_4': 0.0, 'PD_2,PD_3': 0.0, 'PD_2,PD_4': 0.0, 'PD_3,PD_4': 0.0}, ASR: 1.0, TCB: {'PD_1': ['PD_2'], 'PD_2': ['PD_1'], 'PD_3': [], 'PD_4': []}, FR: {'PD_1,PD_2': inf, 'PD_1,PD_3': inf, 'PD_1,PD_4': inf, 'PD_2,PD_3': inf, 'PD_2,PD_4': inf, 'PD_3,PD_4': inf}
  Computing metrics...
    RSI: {'PD_1,PD_2': 0.3333333333333333, 'PD_1,PD_3': 0.0, 'PD_1,PD_4': 0.5, 'PD_2,PD_3': 0.0, 'PD_2,PD_4': 0.0, 'PD_3,PD_4': 0.0}, ASR: 1.25, TCB: {'PD_1': ['PD_4', 'PD_2'], 'PD_2': ['PD_1'], 'PD_3': [], 'PD_4': ['PD_1']}, FR: {'PD_1,PD_2': inf, 'PD_1,PD_3': inf, 'PD_1,PD_4': inf, 'PD_2,PD_3': inf, 'PD_2,PD_4': inf, 'PD_3,PD_4': inf}
  Computing metrics...
    RSI: {'PD_1,PD_2': 0.3333333333333333, 'PD_1,PD_3': 0.0, 'PD_1,PD_4': 0.0, 'PD_2,PD_3': 0.0, 'PD_2,PD_4': 0.0, 'PD_3,PD_4': 0.0}, ASR: 1.0, TCB: {'PD_1': ['PD_2'], 'PD_2': ['PD_1'], 'PD_3': [], 'PD_4': []}, FR: {'PD_1,PD_2': inf, 'PD_1,PD_3': inf, 'PD_1,PD_4': inf, 'PD_2,PD_3': inf, 'PD_2,PD_4': inf, 'PD_3,PD_4': inf}
  Computing metrics...
    RSI: {'PD_1,PD_2': 0.3333333333333333, 'PD_1,PD_3': 0.0, 'PD_1,PD_4': 0.0, 'PD_2,PD_3': 0.0, 'PD_2,PD_4': 0.5, 'PD_3,PD_4': 0.0}, ASR: 1.25, TCB: {'PD_1': ['PD_2'], 'PD_2': ['PD_1', 'PD_4'], 'PD_3': [], 'PD_4': ['PD_2']}, FR: {'PD_1,PD_2': inf, 'PD_1,PD_3': inf, 'PD_1,PD_4': inf, 'PD_2,PD_3': inf, 'PD_2,PD_4': inf, 'PD_3,PD_4': inf}
  Computing metrics...
    RSI: {'PD_1,PD_2': 0.3333333333333333, 'PD_1,PD_3': 0.0, 'PD_1,PD_4': 0.0, 'PD_2,PD_3': 0.0, 'PD_2,PD_4': 0.0, 'PD_3,PD_4': 0.0}, ASR: 1.0, TCB: {'PD_1': ['PD_2'], 'PD_2': ['PD_1'], 'PD_3': [], 'PD_4': []}, FR: {'PD_1,PD_2': inf, 'PD_1,PD_3': inf, 'PD_1,PD_4': inf, 'PD_2,PD_3': inf, 'PD_2,PD_4': inf, 'PD_3,PD_4': inf}
  Computing metrics...
    RSI: {'PD_1,PD_2': 0.3333333333333333, 'PD_1,PD_3': 0.0, 'PD_1,PD_4': 0.5, 'PD_2,PD_3': 0.0, 'PD_2,PD_4': 0.5, 'PD_3,PD_4': 0.0}, ASR: 1.25, TCB: {'PD_1': ['PD_2', 'PD_4'], 'PD_2': ['PD_1', 'PD_4'], 'PD_3': [], 'PD_4': ['PD_1', 'PD_2']}, FR: {'PD_1,PD_2': inf, 'PD_1,PD_3': inf, 'PD_1,PD_4': inf, 'PD_2,PD_3': inf, 'PD_2,PD_4': inf, 'PD_3,PD_4': inf}
  Computing metrics...
    RSI: {'PD_1,PD_2': 0.3333333333333333, 'PD_1,PD_3': 0.0, 'PD_1,PD_4': 0.0, 'PD_2,PD_3': 0.0, 'PD_2,PD_4': 0.0, 'PD_3,PD_4': 0.0}, ASR: 1.0, TCB: {'PD_1': ['PD_2'], 'PD_2': ['PD_1'], 'PD_3': [], 'PD_4': []}, FR: {'PD_1,PD_2': inf, 'PD_1,PD_3': inf, 'PD_1,PD_4': inf, 'PD_2,PD_3': inf, 'PD_2,PD_4': inf, 'PD_3,PD_4': inf}
  Computing metrics...
    RSI: {'PD_1,PD_2': 0.3333333333333333, 'PD_1,PD_3': 0.0, 'PD_1,PD_4': 0.0, 'PD_2,PD_3': 0.0, 'PD_2,PD_4': 0.0, 'PD_3,PD_4': 0.0}, ASR: 1.25, TCB: {'PD_1': ['PD_2'], 'PD_2': ['PD_1'], 'PD_3': [], 'PD_4': []}, FR: {'PD_1,PD_2': inf, 'PD_1,PD_3': inf, 'PD_1,PD_4': inf, 'PD_2,PD_3': inf, 'PD_2,PD_4': inf, 'PD_3,PD_4': inf}
  Computing metrics...
    RSI: {'PD_1,PD_2': 0.3333333333333333, 'PD_1,PD_3': 0.0, 'PD_1,PD_4': 0.0, 'PD_2,PD_3': 0.0, 'PD_2,PD_4': 0.0, 'PD_3,PD_4': 0.0}, ASR: 1.0, TCB: {'PD_1': ['PD_2'], 'PD_2': ['PD_1'], 'PD_3': [], 'PD_4': []}, FR: {'PD_1,PD_2': inf, 'PD_1,PD_3': inf, 'PD_1,PD_4': inf, 'PD_2,PD_3': inf, 'PD_2,PD_4': inf, 'PD_3,PD_4': inf}
  Computing metrics...
    RSI: {'PD_1,PD_2': 0.3333333333333333, 'PD_1,PD_3': 0.0, 'PD_1,PD_4': 0.0, 'PD_2,PD_3': 0.0, 'PD_2,PD_4': 0.0, 'PD_3,PD_4': 0.0}, ASR: 1.25, TCB: {'PD_1': ['PD_2'], 'PD_2': ['PD_1'], 'PD_3': [], 'PD_4': []}, FR: {'PD_1,PD_2': inf, 'PD_1,PD_3': inf, 'PD_1,PD_4': inf, 'PD_2,PD_3': inf, 'PD_2,PD_4': inf, 'PD_3,PD_4': inf}
  Computing metrics...
    RSI: {'PD_1,PD_2': 0.3333333333333333, 'PD_1,PD_3': 0.0, 'PD_1,PD_4': 0.0, 'PD_2,PD_3': 0.0, 'PD_2,PD_4': 0.0, 'PD_3,PD_4': 0.0}, ASR: 1.0, TCB: {'PD_1': ['PD_2'], 'PD_2': ['PD_1'], 'PD_3': [], 'PD_4': []}, FR: {'PD_1,PD_2': inf, 'PD_1,PD_3': inf, 'PD_1,PD_4': inf, 'PD_2,PD_3': inf, 'PD_2,PD_4': inf, 'PD_3,PD_4': inf}
  Computing metrics...
    RSI: {'PD_1,PD_2': 0.3333333333333333, 'PD_1,PD_3': 0.0, 'PD_1,PD_4': 0.0, 'PD_2,PD_3': 0.0, 'PD_2,PD_4': 0.0, 'PD_3,PD_4': 0.0}, ASR: 1.25, TCB: {'PD_1': ['PD_3', 'PD_2'], 'PD_2': ['PD_1'], 'PD_3': [], 'PD_4': []}, FR: {'PD_1,PD_2': inf, 'PD_1,PD_3': inf, 'PD_1,PD_4': inf, 'PD_2,PD_3': inf, 'PD_2,PD_4': inf, 'PD_3,PD_4': inf}
  Computing metrics...
    RSI: {'PD_1,PD_2': 0.3333333333333333, 'PD_1,PD_3': 0.0, 'PD_1,PD_4': 0.0, 'PD_2,PD_3': 0.0, 'PD_2,PD_4': 0.0, 'PD_3,PD_4': 0.0}, ASR: 1.0, TCB: {'PD_1': ['PD_2'], 'PD_2': ['PD_1'], 'PD_3': [], 'PD_4': []}, FR: {'PD_1,PD_2': inf, 'PD_1,PD_3': inf, 'PD_1,PD_4': inf, 'PD_2,PD_3': inf, 'PD_2,PD_4': inf, 'PD_3,PD_4': inf}
  Computing metrics...
    RSI: {'PD_1,PD_2': 0.3333333333333333, 'PD_1,PD_3': 0.0, 'PD_1,PD_4': 0.0, 'PD_2,PD_3': 0.0, 'PD_2,PD_4': 0.0, 'PD_3,PD_4': 0.0}, ASR: 1.25, TCB: {'PD_1': ['PD_4', 'PD_2'], 'PD_2': ['PD_1'], 'PD_3': [], 'PD_4': []}, FR: {'PD_1,PD_2': inf, 'PD_1,PD_3': inf, 'PD_1,PD_4': inf, 'PD_2,PD_3': inf, 'PD_2,PD_4': inf, 'PD_3,PD_4': inf}
  Computing metrics...
    RSI: {'PD_1,PD_2': 0.3333333333333333, 'PD_1,PD_3': 0.0, 'PD_1,PD_4': 0.0, 'PD_2,PD_3': 0.0, 'PD_2,PD_4': 0.0, 'PD_3,PD_4': 0.0}, ASR: 1.0, TCB: {'PD_1': ['PD_2'], 'PD_2': ['PD_1'], 'PD_3': [], 'PD_4': []}, FR: {'PD_1,PD_2': inf, 'PD_1,PD_3': inf, 'PD_1,PD_4': inf, 'PD_2,PD_3': inf, 'PD_2,PD_4': inf, 'PD_3,PD_4': inf}
  Computing metrics...
    RSI: {'PD_1,PD_2': 0.3333333333333333, 'PD_1,PD_3': 0.0, 'PD_1,PD_4': 0.0, 'PD_2,PD_3': 0.0, 'PD_2,PD_4': 0.0, 'PD_3,PD_4': 0.0}, ASR: 1.25, TCB: {'PD_1': ['PD_2'], 'PD_2': ['PD_1'], 'PD_3': [], 'PD_4': []}, FR: {'PD_1,PD_2': inf, 'PD_1,PD_3': inf, 'PD_1,PD_4': inf, 'PD_2,PD_3': inf, 'PD_2,PD_4': inf, 'PD_3,PD_4': inf}
  Computing metrics...
    RSI: {'PD_1,PD_2': 0.3333333333333333, 'PD_1,PD_3': 0.0, 'PD_1,PD_4': 0.0, 'PD_2,PD_3': 0.0, 'PD_2,PD_4': 0.0, 'PD_3,PD_4': 0.0}, ASR: 1.0, TCB: {'PD_1': ['PD_2'], 'PD_2': ['PD_1'], 'PD_3': [], 'PD_4': []}, FR: {'PD_1,PD_2': inf, 'PD_1,PD_3': inf, 'PD_1,PD_4': inf, 'PD_2,PD_3': inf, 'PD_2,PD_4': inf, 'PD_3,PD_4': inf}
  Computing metrics...
    RSI: {'PD_1,PD_2': 0.3333333333333333, 'PD_1,PD_3': 0.0, 'PD_1,PD_4': 0.0, 'PD_2,PD_3': 0.0, 'PD_2,PD_4': 0.0, 'PD_3,PD_4': 0.0}, ASR: 1.25, TCB: {'PD_1': ['PD_2'], 'PD_2': ['PD_3', 'PD_1'], 'PD_3': [], 'PD_4': []}, FR: {'PD_1,PD_2': inf, 'PD_1,PD_3': inf, 'PD_1,PD_4': inf, 'PD_2,PD_3': inf, 'PD_2,PD_4': inf, 'PD_3,PD_4': inf}
  Computing metrics...
    RSI: {'PD_1,PD_2': 0.3333333333333333, 'PD_1,PD_3': 0.0, 'PD_1,PD_4': 0.0, 'PD_2,PD_3': 0.0, 'PD_2,PD_4': 0.0, 'PD_3,PD_4': 0.0}, ASR: 1.0, TCB: {'PD_1': ['PD_2'], 'PD_2': ['PD_1'], 'PD_3': [], 'PD_4': []}, FR: {'PD_1,PD_2': inf, 'PD_1,PD_3': inf, 'PD_1,PD_4': inf, 'PD_2,PD_3': inf, 'PD_2,PD_4': inf, 'PD_3,PD_4': inf}
  Computing metrics...
    RSI: {'PD_1,PD_2': 0.3333333333333333, 'PD_1,PD_3': 0.0, 'PD_1,PD_4': 0.0, 'PD_2,PD_3': 0.0, 'PD_2,PD_4': 0.0, 'PD_3,PD_4': 0.0}, ASR: 1.25, TCB: {'PD_1': ['PD_2'], 'PD_2': ['PD_4', 'PD_1'], 'PD_3': [], 'PD_4': []}, FR: {'PD_1,PD_2': inf, 'PD_1,PD_3': inf, 'PD_1,PD_4': inf, 'PD_2,PD_3': inf, 'PD_2,PD_4': inf, 'PD_3,PD_4': inf}
  Computing metrics...
    RSI: {'PD_1,PD_2': 0.3333333333333333, 'PD_1,PD_3': 0.0, 'PD_1,PD_4': 0.0, 'PD_2,PD_3': 0.0, 'PD_2,PD_4': 0.0, 'PD_3,PD_4': 0.0}, ASR: 1.0, TCB: {'PD_1': ['PD_2'], 'PD_2': ['PD_1'], 'PD_3': [], 'PD_4': []}, FR: {'PD_1,PD_2': inf, 'PD_1,PD_3': inf, 'PD_1,PD_4': inf, 'PD_2,PD_3': inf, 'PD_2,PD_4': inf, 'PD_3,PD_4': inf}
  Computing metrics...
    RSI: {'PD_1,PD_2': 0.3333333333333333, 'PD_1,PD_3': 0.0, 'PD_1,PD_4': 0.0, 'PD_2,PD_3': 0.0, 'PD_2,PD_4': 0.0, 'PD_3,PD_4': 0.0}, ASR: 1.25, TCB: {'PD_1': ['PD_2'], 'PD_2': ['PD_1'], 'PD_3': ['PD_1'], 'PD_4': []}, FR: {'PD_1,PD_2': inf, 'PD_1,PD_3': inf, 'PD_1,PD_4': inf, 'PD_2,PD_3': inf, 'PD_2,PD_4': inf, 'PD_3,PD_4': inf}
  Computing metrics...
    RSI: {'PD_1,PD_2': 0.3333333333333333, 'PD_1,PD_3': 0.0, 'PD_1,PD_4': 0.0, 'PD_2,PD_3': 0.0, 'PD_2,PD_4': 0.0, 'PD_3,PD_4': 0.0}, ASR: 1.0, TCB: {'PD_1': ['PD_2'], 'PD_2': ['PD_1'], 'PD_3': [], 'PD_4': []}, FR: {'PD_1,PD_2': inf, 'PD_1,PD_3': inf, 'PD_1,PD_4': inf, 'PD_2,PD_3': inf, 'PD_2,PD_4': inf, 'PD_3,PD_4': inf}
  Computing metrics...
    RSI: {'PD_1,PD_2': 0.3333333333333333, 'PD_1,PD_3': 0.0, 'PD_1,PD_4': 0.0, 'PD_2,PD_3': 0.0, 'PD_2,PD_4': 0.0, 'PD_3,PD_4': 0.0}, ASR: 1.25, TCB: {'PD_1': ['PD_2'], 'PD_2': ['PD_1'], 'PD_3': ['PD_2'], 'PD_4': []}, FR: {'PD_1,PD_2': inf, 'PD_1,PD_3': inf, 'PD_1,PD_4': inf, 'PD_2,PD_3': inf, 'PD_2,PD_4': inf, 'PD_3,PD_4': inf}
  Computing metrics...
    RSI: {'PD_1,PD_2': 0.3333333333333333, 'PD_1,PD_3': 0.0, 'PD_1,PD_4': 0.0, 'PD_2,PD_3': 0.0, 'PD_2,PD_4': 0.0, 'PD_3,PD_4': 0.0}, ASR: 1.0, TCB: {'PD_1': ['PD_2'], 'PD_2': ['PD_1'], 'PD_3': [], 'PD_4': []}, FR: {'PD_1,PD_2': inf, 'PD_1,PD_3': inf, 'PD_1,PD_4': inf, 'PD_2,PD_3': inf, 'PD_2,PD_4': inf, 'PD_3,PD_4': inf}
  Computing metrics...
    RSI: {'PD_1,PD_2': 0.3333333333333333, 'PD_1,PD_3': 0.0, 'PD_1,PD_4': 0.0, 'PD_2,PD_3': 0.0, 'PD_2,PD_4': 0.0, 'PD_3,PD_4': 0.0}, ASR: 1.25, TCB: {'PD_1': ['PD_2'], 'PD_2': ['PD_1'], 'PD_3': ['PD_4'], 'PD_4': []}, FR: {'PD_1,PD_2': inf, 'PD_1,PD_3': inf, 'PD_1,PD_4': inf, 'PD_2,PD_3': inf, 'PD_2,PD_4': inf, 'PD_3,PD_4': inf}
  Computing metrics...
    RSI: {'PD_1,PD_2': 0.3333333333333333, 'PD_1,PD_3': 0.0, 'PD_1,PD_4': 0.0, 'PD_2,PD_3': 0.0, 'PD_2,PD_4': 0.0, 'PD_3,PD_4': 0.0}, ASR: 1.0, TCB: {'PD_1': ['PD_2'], 'PD_2': ['PD_1'], 'PD_3': [], 'PD_4': []}, FR: {'PD_1,PD_2': inf, 'PD_1,PD_3': inf, 'PD_1,PD_4': inf, 'PD_2,PD_3': inf, 'PD_2,PD_4': inf, 'PD_3,PD_4': inf}
  Computing metrics...
    RSI: {'PD_1,PD_2': 0.3333333333333333, 'PD_1,PD_3': 0.0, 'PD_1,PD_4': 0.0, 'PD_2,PD_3': 0.0, 'PD_2,PD_4': 0.0, 'PD_3,PD_4': 0.0}, ASR: 1.25, TCB: {'PD_1': ['PD_2'], 'PD_2': ['PD_1'], 'PD_3': [], 'PD_4': ['PD_1']}, FR: {'PD_1,PD_2': inf, 'PD_1,PD_3': inf, 'PD_1,PD_4': inf, 'PD_2,PD_3': inf, 'PD_2,PD_4': inf, 'PD_3,PD_4': inf}
  Computing metrics...
    RSI: {'PD_1,PD_2': 0.3333333333333333, 'PD_1,PD_3': 0.0, 'PD_1,PD_4': 0.0, 'PD_2,PD_3': 0.0, 'PD_2,PD_4': 0.0, 'PD_3,PD_4': 0.0}, ASR: 1.0, TCB: {'PD_1': ['PD_2'], 'PD_2': ['PD_1'], 'PD_3': [], 'PD_4': []}, FR: {'PD_1,PD_2': inf, 'PD_1,PD_3': inf, 'PD_1,PD_4': inf, 'PD_2,PD_3': inf, 'PD_2,PD_4': inf, 'PD_3,PD_4': inf}
  Computing metrics...
    RSI: {'PD_1,PD_2': 0.3333333333333333, 'PD_1,PD_3': 0.0, 'PD_1,PD_4': 0.0, 'PD_2,PD_3': 0.0, 'PD_2,PD_4': 0.0, 'PD_3,PD_4': 0.0}, ASR: 1.25, TCB: {'PD_1': ['PD_2'], 'PD_2': ['PD_1'], 'PD_3': [], 'PD_4': ['PD_2']}, FR: {'PD_1,PD_2': inf, 'PD_1,PD_3': inf, 'PD_1,PD_4': inf, 'PD_2,PD_3': inf, 'PD_2,PD_4': inf, 'PD_3,PD_4': inf}
  Computing metrics...
    RSI: {'PD_1,PD_2': 0.3333333333333333, 'PD_1,PD_3': 0.0, 'PD_1,PD_4': 0.0, 'PD_2,PD_3': 0.0, 'PD_2,PD_4': 0.0, 'PD_3,PD_4': 0.0}, ASR: 1.0, TCB: {'PD_1': ['PD_2'], 'PD_2': ['PD_1'], 'PD_3': [], 'PD_4': []}, FR: {'PD_1,PD_2': inf, 'PD_1,PD_3': inf, 'PD_1,PD_4': inf, 'PD_2,PD_3': inf, 'PD_2,PD_4': inf, 'PD_3,PD_4': inf}
  Computing metrics...
    RSI: {'PD_1,PD_2': 0.3333333333333333, 'PD_1,PD_3': 0.0, 'PD_1,PD_4': 0.0, 'PD_2,PD_3': 0.0, 'PD_2,PD_4': 0.0, 'PD_3,PD_4': 0.0}, ASR: 1.25, TCB: {'PD_1': ['PD_2'], 'PD_2': ['PD_1'], 'PD_3': [], 'PD_4': ['PD_3']}, FR: {'PD_1,PD_2': inf, 'PD_1,PD_3': inf, 'PD_1,PD_4': inf, 'PD_2,PD_3': inf, 'PD_2,PD_4': inf, 'PD_3,PD_4': inf}
  Computing metrics...
    RSI: {'PD_1,PD_2': 0.3333333333333333, 'PD_1,PD_3': 0.0, 'PD_1,PD_4': 0.0, 'PD_2,PD_3': 0.0, 'PD_2,PD_4': 0.0, 'PD_3,PD_4': 0.0}, ASR: 1.0, TCB: {'PD_1': ['PD_2'], 'PD_2': ['PD_1'], 'PD_3': [], 'PD_4': []}, FR: {'PD_1,PD_2': inf, 'PD_1,PD_3': inf, 'PD_1,PD_4': inf, 'PD_2,PD_3': inf, 'PD_2,PD_4': inf, 'PD_3,PD_4': inf}
  Computing metrics...
    RSI: {'PD_1,PD_2': 0.3333333333333333, 'PD_1,PD_3': 0.0, 'PD_1,PD_4': 0.0, 'PD_2,PD_3': 0.0, 'PD_2,PD_4': 0.0, 'PD_3,PD_4': 0.0}, ASR: 1.0, TCB: {'PD_1': ['PD_2'], 'PD_2': ['PD_1'], 'PD_3': [], 'PD_4': []}, FR: {'PD_1,PD_2': inf, 'PD_1,PD_3': inf, 'PD_1,PD_4': inf, 'PD_2,PD_3': inf, 'PD_2,PD_4': inf, 'PD_3,PD_4': inf}
  Computing metrics...
    RSI: {'PD_1,PD_2': 0.3333333333333333, 'PD_1,PD_3': 0.0, 'PD_1,PD_4': 0.0, 'PD_2,PD_3': 0.0, 'PD_2,PD_4': 0.0, 'PD_3,PD_4': 0.0}, ASR: 1.0, TCB: {'PD_1': ['PD_2'], 'PD_2': ['PD_1'], 'PD_3': [], 'PD_4': []}, FR: {'PD_1,PD_2': inf, 'PD_1,PD_3': inf, 'PD_1,PD_4': inf, 'PD_2,PD_3': inf, 'PD_2,PD_4': inf, 'PD_3,PD_4': inf}
  Computing metrics...
    RSI: {'PD_1,PD_2': 0.3333333333333333, 'PD_1,PD_3': 0.0, 'PD_1,PD_4': 0.0, 'PD_2,PD_3': 0.0, 'PD_2,PD_4': 0.0, 'PD_3,PD_4': 0.0}, ASR: 1.0, TCB: {'PD_1': ['PD_2'], 'PD_2': ['PD_1'], 'PD_3': [], 'PD_4': []}, FR: {'PD_1,PD_2': inf, 'PD_1,PD_3': inf, 'PD_1,PD_4': inf, 'PD_2,PD_3': inf, 'PD_2,PD_4': inf, 'PD_3,PD_4': inf}
  Computing metrics...
    RSI: {'PD_1,PD_2': 0.3333333333333333, 'PD_1,PD_3': 0.0, 'PD_1,PD_4': 0.0, 'PD_2,PD_3': 0.0, 'PD_2,PD_4': 0.0, 'PD_3,PD_4': 0.0}, ASR: 1.0, TCB: {'PD_1': ['PD_2'], 'PD_2': ['PD_1'], 'PD_3': [], 'PD_4': []}, FR: {'PD_1,PD_2': inf, 'PD_1,PD_3': inf, 'PD_1,PD_4': inf, 'PD_2,PD_3': inf, 'PD_2,PD_4': inf, 'PD_3,PD_4': inf}
  Computing metrics...
    RSI: {'PD_1,PD_2': 0.3333333333333333, 'PD_1,PD_3': 0.0, 'PD_1,PD_4': 0.0, 'PD_2,PD_3': 0.0, 'PD_2,PD_4': 0.0, 'PD_3,PD_4': 0.0}, ASR: 1.0, TCB: {'PD_1': ['PD_2'], 'PD_2': ['PD_1'], 'PD_3': [], 'PD_4': []}, FR: {'PD_1,PD_2': inf, 'PD_1,PD_3': inf, 'PD_1,PD_4': inf, 'PD_2,PD_3': inf, 'PD_2,PD_4': inf, 'PD_3,PD_4': inf}
  Computing metrics...
    RSI: {'PD_1,PD_2': 0.3333333333333333, 'PD_1,PD_3': 0.0, 'PD_1,PD_4': 0.0, 'PD_2,PD_3': 0.0, 'PD_2,PD_4': 0.0, 'PD_3,PD_4': 0.0}, ASR: 1.0, TCB: {'PD_1': ['PD_2'], 'PD_2': ['PD_1'], 'PD_3': [], 'PD_4': []}, FR: {'PD_1,PD_2': inf, 'PD_1,PD_3': inf, 'PD_1,PD_4': inf, 'PD_2,PD_3': inf, 'PD_2,PD_4': inf, 'PD_3,PD_4': inf}
  Computing metrics...
    RSI: {'PD_1,PD_2': 0.3333333333333333, 'PD_1,PD_3': 0.0, 'PD_1,PD_4': 0.0, 'PD_2,PD_3': 0.0, 'PD_2,PD_4': 0.0, 'PD_3,PD_4': 0.0}, ASR: 1.0, TCB: {'PD_1': ['PD_2'], 'PD_2': ['PD_1'], 'PD_3': [], 'PD_4': []}, FR: {'PD_1,PD_2': inf, 'PD_1,PD_3': inf, 'PD_1,PD_4': inf, 'PD_2,PD_3': inf, 'PD_2,PD_4': inf, 'PD_3,PD_4': inf}
  🚫 Filtered out 0 'add_pd(add new protection domain for system expansion)' candidates (avoiding repetition)
  Trying best transition: primitive
    Target: remove empty PD_3
    Predicted improvement: 0.100
    Considered 36 other option(s):
      1. primitive: remove empty PD_4 (improvement: 0.100)
      2. primitive: create new CONFIG file in FILE_SPACE_1 (improvement: 0.100)
      3. primitive: create new DATABASE file in FILE_SPACE_1 (improvement: 0.100)
      4. primitive: create new TEMP file in FILE_SPACE_1 (improvement: 0.100)
      5. primitive: create new LOG file in FILE_SPACE_1 (improvement: 0.100)
      6. primitive: remove FILE_1_3 (holders: 2) (improvement: 0.100)
      7. primitive: remove FILE_1_4 (holders: 0) (improvement: 0.100)
      8. primitive: disconnect FILE_1_1 from FILE_SPACE_1 (improvement: 0.100)
      9. primitive: disconnect FILE_1_2 from FILE_SPACE_1 (improvement: 0.100)
      10. primitive: disconnect FILE_1_3 from FILE_SPACE_1 (improvement: 0.100)
      ... and 26 more
    ✅ Applied remove_pd
  📋 Generated 37 candidate(s)
  Computing metrics...
    RSI: {'PD_1,PD_2': 0.3333333333333333, 'PD_1,PD_4': 0.0, 'PD_2,PD_4': 0.0}, ASR: 1.3333333333333333, TCB: {'PD_1': ['PD_2'], 'PD_2': ['PD_1'], 'PD_4': []}, FR: {'PD_1,PD_2': inf, 'PD_1,PD_4': inf, 'PD_2,PD_4': inf}
    ✅ Added candidate: remove_pd (score: 0.100)
  Computing metrics...
    RSI: {'PD_1,PD_2': 0.3333333333333333, 'PD_1,PD_3': 0.0, 'PD_2,PD_3': 0.0}, ASR: 1.3333333333333333, TCB: {'PD_1': ['PD_2'], 'PD_2': ['PD_1'], 'PD_3': []}, FR: {'PD_1,PD_2': inf, 'PD_1,PD_3': inf, 'PD_2,PD_3': inf}
    ✅ Added candidate: remove_pd (score: 0.100)

🌟 Expanding Beam[1] (score: 3.433)
  Computing metrics...
    RSI: {'PD_1,PD_2': 0.3333333333333333, 'PD_1,PD_3': 0.0, 'PD_1,PD_4': 0.0, 'PD_2,PD_3': 0.0, 'PD_2,PD_4': 0.0, 'PD_3,PD_4': 0.0}, ASR: 1.0, TCB: {'PD_1': ['PD_2'], 'PD_2': ['PD_1'], 'PD_3': [], 'PD_4': []}, FR: {'PD_1,PD_2': inf, 'PD_1,PD_3': inf, 'PD_1,PD_4': inf, 'PD_2,PD_3': inf, 'PD_2,PD_4': inf, 'PD_3,PD_4': inf}
    Goal not met: RSI[PD_1,PD_2]=0.333 > 0.3
  Computing metrics...
    RSI: {'PD_1,PD_2': 0.3333333333333333, 'PD_1,PD_3': 0.0, 'PD_1,PD_4': 0.0, 'PD_2,PD_3': 0.0, 'PD_2,PD_4': 0.0, 'PD_3,PD_4': 0.0}, ASR: 1.0, TCB: {'PD_1': ['PD_2'], 'PD_2': ['PD_1'], 'PD_3': [], 'PD_4': []}, FR: {'PD_1,PD_2': inf, 'PD_1,PD_3': inf, 'PD_1,PD_4': inf, 'PD_2,PD_3': inf, 'PD_2,PD_4': inf, 'PD_3,PD_4': inf}
  Computing metrics...
    RSI: {'PD_1,PD_2': 0.3333333333333333, 'PD_1,PD_3': 0.0, 'PD_1,PD_4': 0.0, 'PD_1,PD_5': 0.0, 'PD_2,PD_3': 0.0, 'PD_2,PD_4': 0.0, 'PD_2,PD_5': 0.0, 'PD_3,PD_4': 0.0, 'PD_3,PD_5': 0.0, 'PD_4,PD_5': 0.0}, ASR: 0.8, TCB: {'PD_1': ['PD_2'], 'PD_2': ['PD_1'], 'PD_3': [], 'PD_4': [], 'PD_5': []}, FR: {'PD_1,PD_2': inf, 'PD_1,PD_3': inf, 'PD_1,PD_4': inf, 'PD_1,PD_5': inf, 'PD_2,PD_3': inf, 'PD_2,PD_4': inf, 'PD_2,PD_5': inf, 'PD_3,PD_4': inf, 'PD_3,PD_5': inf, 'PD_4,PD_5': inf}
  Computing metrics...
    RSI: {'PD_1,PD_2': 0.3333333333333333, 'PD_1,PD_3': 0.0, 'PD_1,PD_4': 0.0, 'PD_2,PD_3': 0.0, 'PD_2,PD_4': 0.0, 'PD_3,PD_4': 0.0}, ASR: 1.0, TCB: {'PD_1': ['PD_2'], 'PD_2': ['PD_1'], 'PD_3': [], 'PD_4': []}, FR: {'PD_1,PD_2': inf, 'PD_1,PD_3': inf, 'PD_1,PD_4': inf, 'PD_2,PD_3': inf, 'PD_2,PD_4': inf, 'PD_3,PD_4': inf}
  Computing metrics...
    RSI: {'PD_1,PD_2': 0.3333333333333333, 'PD_1,PD_3': 0.0, 'PD_1,PD_4': 0.0, 'PD_2,PD_3': 0.0, 'PD_2,PD_4': 0.0, 'PD_3,PD_4': 0.0}, ASR: 1.0, TCB: {'PD_1': ['PD_2'], 'PD_2': ['PD_1'], 'PD_3': [], 'PD_4': []}, FR: {'PD_1,PD_2': inf, 'PD_1,PD_3': inf, 'PD_1,PD_4': inf, 'PD_2,PD_3': inf, 'PD_2,PD_4': inf, 'PD_3,PD_4': inf}
  Computing metrics...
    RSI: {'PD_1,PD_2': 0.3333333333333333, 'PD_1,PD_3': 0.0, 'PD_1,PD_4': 0.0, 'PD_2,PD_3': 0.0, 'PD_2,PD_4': 0.0, 'PD_3,PD_4': 0.0}, ASR: 1.0, TCB: {'PD_1': ['PD_2'], 'PD_2': ['PD_1'], 'PD_3': [], 'PD_4': []}, FR: {'PD_1,PD_2': inf, 'PD_1,PD_3': inf, 'PD_1,PD_4': inf, 'PD_2,PD_3': inf, 'PD_2,PD_4': inf, 'PD_3,PD_4': inf}
  Computing metrics...
    RSI: {'PD_1,PD_2': 0.3333333333333333, 'PD_1,PD_3': 0.0, 'PD_1,PD_4': 0.0, 'PD_2,PD_3': 0.0, 'PD_2,PD_4': 0.0, 'PD_3,PD_4': 0.0}, ASR: 1.0, TCB: {'PD_1': ['PD_2'], 'PD_2': ['PD_1'], 'PD_3': [], 'PD_4': []}, FR: {'PD_1,PD_2': inf, 'PD_1,PD_3': inf, 'PD_1,PD_4': inf, 'PD_2,PD_3': inf, 'PD_2,PD_4': inf, 'PD_3,PD_4': inf}
  Computing metrics...
    RSI: {'PD_1,PD_2': 0.3333333333333333, 'PD_1,PD_3': 0.0, 'PD_1,PD_4': 0.0, 'PD_2,PD_3': 0.0, 'PD_2,PD_4': 0.0, 'PD_3,PD_4': 0.0}, ASR: 1.0, TCB: {'PD_1': ['PD_2'], 'PD_2': ['PD_1'], 'PD_3': [], 'PD_4': []}, FR: {'PD_1,PD_2': inf, 'PD_1,PD_3': inf, 'PD_1,PD_4': inf, 'PD_2,PD_3': inf, 'PD_2,PD_4': inf, 'PD_3,PD_4': inf}
  Computing metrics...
    RSI: {'PD_1,PD_2': 0.3333333333333333, 'PD_1,PD_3': 0.0, 'PD_1,PD_4': 0.0, 'PD_2,PD_3': 0.0, 'PD_2,PD_4': 0.0, 'PD_3,PD_4': 0.0}, ASR: 1.0, TCB: {'PD_1': ['PD_2'], 'PD_2': ['PD_1'], 'PD_3': [], 'PD_4': []}, FR: {'PD_1,PD_2': inf, 'PD_1,PD_3': inf, 'PD_1,PD_4': inf, 'PD_2,PD_3': inf, 'PD_2,PD_4': inf, 'PD_3,PD_4': inf}
  Computing metrics...
    RSI: {'PD_1,PD_2': 0.3333333333333333, 'PD_1,PD_3': 0.0, 'PD_1,PD_4': 0.0, 'PD_2,PD_3': 0.0, 'PD_2,PD_4': 0.0, 'PD_3,PD_4': 0.0}, ASR: 1.0, TCB: {'PD_1': ['PD_2'], 'PD_2': ['PD_1'], 'PD_3': [], 'PD_4': []}, FR: {'PD_1,PD_2': inf, 'PD_1,PD_3': inf, 'PD_1,PD_4': inf, 'PD_2,PD_3': inf, 'PD_2,PD_4': inf, 'PD_3,PD_4': inf}
  Computing metrics...
    RSI: {'PD_1,PD_2': 0.3333333333333333, 'PD_1,PD_3': 0.0, 'PD_1,PD_4': 0.0, 'PD_2,PD_3': 0.0, 'PD_2,PD_4': 0.0, 'PD_3,PD_4': 0.0}, ASR: 1.0, TCB: {'PD_1': ['PD_2'], 'PD_2': ['PD_1'], 'PD_3': [], 'PD_4': []}, FR: {'PD_1,PD_2': inf, 'PD_1,PD_3': inf, 'PD_1,PD_4': inf, 'PD_2,PD_3': inf, 'PD_2,PD_4': inf, 'PD_3,PD_4': inf}
  Computing metrics...
    RSI: {'PD_1,PD_2': 0.3333333333333333, 'PD_1,PD_3': 0.0, 'PD_1,PD_4': 0.0, 'PD_2,PD_3': 0.0, 'PD_2,PD_4': 0.0, 'PD_3,PD_4': 0.0}, ASR: 1.0, TCB: {'PD_1': ['PD_2'], 'PD_2': ['PD_1'], 'PD_3': [], 'PD_4': []}, FR: {'PD_1,PD_2': inf, 'PD_1,PD_3': inf, 'PD_1,PD_4': inf, 'PD_2,PD_3': inf, 'PD_2,PD_4': inf, 'PD_3,PD_4': inf}
  Computing metrics...
    RSI: {'PD_1,PD_2': 0.3333333333333333, 'PD_1,PD_3': 0.0, 'PD_1,PD_4': 0.0, 'PD_2,PD_3': 0.0, 'PD_2,PD_4': 0.0, 'PD_3,PD_4': 0.0}, ASR: 1.0, TCB: {'PD_1': ['PD_2'], 'PD_2': ['PD_1'], 'PD_3': [], 'PD_4': []}, FR: {'PD_1,PD_2': inf, 'PD_1,PD_3': inf, 'PD_1,PD_4': inf, 'PD_2,PD_3': inf, 'PD_2,PD_4': inf, 'PD_3,PD_4': inf}
  Computing metrics...
    RSI: {'PD_1,PD_2': 0.3333333333333333, 'PD_1,PD_3': 0.0, 'PD_1,PD_4': 0.0, 'PD_2,PD_3': 0.0, 'PD_2,PD_4': 0.0, 'PD_3,PD_4': 0.0}, ASR: 1.0, TCB: {'PD_1': ['PD_2'], 'PD_2': ['PD_1'], 'PD_3': [], 'PD_4': []}, FR: {'PD_1,PD_2': inf, 'PD_1,PD_3': inf, 'PD_1,PD_4': inf, 'PD_2,PD_3': inf, 'PD_2,PD_4': inf, 'PD_3,PD_4': inf}
  Computing metrics...
    RSI: {'PD_1,PD_2': 0.3333333333333333, 'PD_1,PD_3': 0.0, 'PD_1,PD_4': 0.0, 'PD_2,PD_3': 0.0, 'PD_2,PD_4': 0.0, 'PD_3,PD_4': 0.0}, ASR: 1.0, TCB: {'PD_1': ['PD_2'], 'PD_2': ['PD_1'], 'PD_3': [], 'PD_4': []}, FR: {'PD_1,PD_2': inf, 'PD_1,PD_3': inf, 'PD_1,PD_4': inf, 'PD_2,PD_3': inf, 'PD_2,PD_4': inf, 'PD_3,PD_4': inf}
  Computing metrics...
    RSI: {'PD_1,PD_2': 0.3333333333333333, 'PD_1,PD_3': 0.0, 'PD_1,PD_4': 0.0, 'PD_2,PD_3': 0.0, 'PD_2,PD_4': 0.0, 'PD_3,PD_4': 0.0}, ASR: 1.0, TCB: {'PD_1': ['PD_2'], 'PD_2': ['PD_1'], 'PD_3': [], 'PD_4': []}, FR: {'PD_1,PD_2': inf, 'PD_1,PD_3': inf, 'PD_1,PD_4': inf, 'PD_2,PD_3': inf, 'PD_2,PD_4': inf, 'PD_3,PD_4': inf}
  Computing metrics...
    RSI: {'PD_1,PD_2': 0.3333333333333333, 'PD_1,PD_3': 0.0, 'PD_1,PD_4': 0.0, 'PD_2,PD_3': 0.0, 'PD_2,PD_4': 0.0, 'PD_3,PD_4': 0.0}, ASR: 1.0, TCB: {'PD_1': ['PD_2'], 'PD_2': ['PD_1'], 'PD_3': [], 'PD_4': []}, FR: {'PD_1,PD_2': inf, 'PD_1,PD_3': inf, 'PD_1,PD_4': inf, 'PD_2,PD_3': inf, 'PD_2,PD_4': inf, 'PD_3,PD_4': inf}
  Computing metrics...
    RSI: {'PD_1,PD_2': 0.3333333333333333, 'PD_1,PD_3': 0.0, 'PD_1,PD_4': 0.0, 'PD_2,PD_3': 0.0, 'PD_2,PD_4': 0.0, 'PD_3,PD_4': 0.0}, ASR: 1.0, TCB: {'PD_1': ['PD_2'], 'PD_2': ['PD_1'], 'PD_3': [], 'PD_4': []}, FR: {'PD_1,PD_2': inf, 'PD_1,PD_3': inf, 'PD_1,PD_4': inf, 'PD_2,PD_3': inf, 'PD_2,PD_4': inf, 'PD_3,PD_4': inf}
  Computing metrics...
    RSI: {'PD_1,PD_2': 0.3333333333333333, 'PD_1,PD_3': 0.0, 'PD_1,PD_4': 0.0, 'PD_2,PD_3': 0.0, 'PD_2,PD_4': 0.0, 'PD_3,PD_4': 0.0}, ASR: 1.0, TCB: {'PD_1': ['PD_2'], 'PD_2': ['PD_1'], 'PD_3': [], 'PD_4': []}, FR: {'PD_1,PD_2': inf, 'PD_1,PD_3': inf, 'PD_1,PD_4': inf, 'PD_2,PD_3': inf, 'PD_2,PD_4': inf, 'PD_3,PD_4': inf}
  Computing metrics...
    RSI: {'PD_1,PD_2': 0.3333333333333333, 'PD_1,PD_3': 0.0, 'PD_1,PD_4': 0.0, 'PD_2,PD_3': 0.0, 'PD_2,PD_4': 0.0, 'PD_3,PD_4': 0.0}, ASR: 1.0, TCB: {'PD_1': ['PD_2'], 'PD_2': ['PD_1'], 'PD_3': [], 'PD_4': []}, FR: {'PD_1,PD_2': inf, 'PD_1,PD_3': inf, 'PD_1,PD_4': inf, 'PD_2,PD_3': inf, 'PD_2,PD_4': inf, 'PD_3,PD_4': inf}
  Computing metrics...
    RSI: {'PD_1,PD_2': 0.6666666666666666, 'PD_1,PD_3': 0.0, 'PD_1,PD_4': 0.0, 'PD_2,PD_3': 0.0, 'PD_2,PD_4': 0.0, 'PD_3,PD_4': 0.0}, ASR: 1.25, TCB: {'PD_1': ['PD_2'], 'PD_2': ['PD_1'], 'PD_3': [], 'PD_4': []}, FR: {'PD_1,PD_2': inf, 'PD_1,PD_3': inf, 'PD_1,PD_4': inf, 'PD_2,PD_3': inf, 'PD_2,PD_4': inf, 'PD_3,PD_4': inf}
  Computing metrics...
    RSI: {'PD_1,PD_2': 0.3333333333333333, 'PD_1,PD_3': 0.0, 'PD_1,PD_4': 0.0, 'PD_2,PD_3': 0.0, 'PD_2,PD_4': 0.0, 'PD_3,PD_4': 0.0}, ASR: 1.0, TCB: {'PD_1': ['PD_2'], 'PD_2': ['PD_1'], 'PD_3': [], 'PD_4': []}, FR: {'PD_1,PD_2': inf, 'PD_1,PD_3': inf, 'PD_1,PD_4': inf, 'PD_2,PD_3': inf, 'PD_2,PD_4': inf, 'PD_3,PD_4': inf}
  Computing metrics...
    RSI: {'PD_1,PD_2': 0.25, 'PD_1,PD_3': 0.0, 'PD_1,PD_4': 0.0, 'PD_2,PD_3': 0.0, 'PD_2,PD_4': 0.0, 'PD_3,PD_4': 0.0}, ASR: 1.25, TCB: {'PD_1': ['PD_2'], 'PD_2': ['PD_1'], 'PD_3': [], 'PD_4': []}, FR: {'PD_1,PD_2': inf, 'PD_1,PD_3': inf, 'PD_1,PD_4': inf, 'PD_2,PD_3': inf, 'PD_2,PD_4': inf, 'PD_3,PD_4': inf}
  Computing metrics...
    RSI: {'PD_1,PD_2': 0.3333333333333333, 'PD_1,PD_3': 0.0, 'PD_1,PD_4': 0.0, 'PD_2,PD_3': 0.0, 'PD_2,PD_4': 0.0, 'PD_3,PD_4': 0.0}, ASR: 1.0, TCB: {'PD_1': ['PD_2'], 'PD_2': ['PD_1'], 'PD_3': [], 'PD_4': []}, FR: {'PD_1,PD_2': inf, 'PD_1,PD_3': inf, 'PD_1,PD_4': inf, 'PD_2,PD_3': inf, 'PD_2,PD_4': inf, 'PD_3,PD_4': inf}
  Computing metrics...
    RSI: {'PD_1,PD_2': 0.6666666666666666, 'PD_1,PD_3': 0.0, 'PD_1,PD_4': 0.0, 'PD_2,PD_3': 0.0, 'PD_2,PD_4': 0.0, 'PD_3,PD_4': 0.0}, ASR: 1.25, TCB: {'PD_1': ['PD_2'], 'PD_2': ['PD_1'], 'PD_3': [], 'PD_4': []}, FR: {'PD_1,PD_2': inf, 'PD_1,PD_3': inf, 'PD_1,PD_4': inf, 'PD_2,PD_3': inf, 'PD_2,PD_4': inf, 'PD_3,PD_4': inf}
  Computing metrics...
    RSI: {'PD_1,PD_2': 0.3333333333333333, 'PD_1,PD_3': 0.0, 'PD_1,PD_4': 0.0, 'PD_2,PD_3': 0.0, 'PD_2,PD_4': 0.0, 'PD_3,PD_4': 0.0}, ASR: 1.0, TCB: {'PD_1': ['PD_2'], 'PD_2': ['PD_1'], 'PD_3': [], 'PD_4': []}, FR: {'PD_1,PD_2': inf, 'PD_1,PD_3': inf, 'PD_1,PD_4': inf, 'PD_2,PD_3': inf, 'PD_2,PD_4': inf, 'PD_3,PD_4': inf}
  Computing metrics...
    RSI: {'PD_1,PD_2': 0.25, 'PD_1,PD_3': 0.0, 'PD_1,PD_4': 0.0, 'PD_2,PD_3': 0.0, 'PD_2,PD_4': 0.0, 'PD_3,PD_4': 0.0}, ASR: 1.25, TCB: {'PD_1': ['PD_2'], 'PD_2': ['PD_1'], 'PD_3': [], 'PD_4': []}, FR: {'PD_1,PD_2': inf, 'PD_1,PD_3': inf, 'PD_1,PD_4': inf, 'PD_2,PD_3': inf, 'PD_2,PD_4': inf, 'PD_3,PD_4': inf}
  Computing metrics...
    RSI: {'PD_1,PD_2': 0.3333333333333333, 'PD_1,PD_3': 0.0, 'PD_1,PD_4': 0.0, 'PD_2,PD_3': 0.0, 'PD_2,PD_4': 0.0, 'PD_3,PD_4': 0.0}, ASR: 1.0, TCB: {'PD_1': ['PD_2'], 'PD_2': ['PD_1'], 'PD_3': [], 'PD_4': []}, FR: {'PD_1,PD_2': inf, 'PD_1,PD_3': inf, 'PD_1,PD_4': inf, 'PD_2,PD_3': inf, 'PD_2,PD_4': inf, 'PD_3,PD_4': inf}
  Computing metrics...
    RSI: {'PD_1,PD_2': 0.3333333333333333, 'PD_1,PD_3': 0.5, 'PD_1,PD_4': 0.0, 'PD_2,PD_3': 0.0, 'PD_2,PD_4': 0.0, 'PD_3,PD_4': 0.0}, ASR: 1.25, TCB: {'PD_1': ['PD_3', 'PD_2'], 'PD_2': ['PD_1'], 'PD_3': ['PD_1'], 'PD_4': []}, FR: {'PD_1,PD_2': inf, 'PD_1,PD_3': inf, 'PD_1,PD_4': inf, 'PD_2,PD_3': inf, 'PD_2,PD_4': inf, 'PD_3,PD_4': inf}
  Computing metrics...
    RSI: {'PD_1,PD_2': 0.3333333333333333, 'PD_1,PD_3': 0.0, 'PD_1,PD_4': 0.0, 'PD_2,PD_3': 0.0, 'PD_2,PD_4': 0.0, 'PD_3,PD_4': 0.0}, ASR: 1.0, TCB: {'PD_1': ['PD_2'], 'PD_2': ['PD_1'], 'PD_3': [], 'PD_4': []}, FR: {'PD_1,PD_2': inf, 'PD_1,PD_3': inf, 'PD_1,PD_4': inf, 'PD_2,PD_3': inf, 'PD_2,PD_4': inf, 'PD_3,PD_4': inf}
  Computing metrics...
    RSI: {'PD_1,PD_2': 0.3333333333333333, 'PD_1,PD_3': 0.0, 'PD_1,PD_4': 0.0, 'PD_2,PD_3': 0.5, 'PD_2,PD_4': 0.0, 'PD_3,PD_4': 0.0}, ASR: 1.25, TCB: {'PD_1': ['PD_2'], 'PD_2': ['PD_1', 'PD_3'], 'PD_3': ['PD_2'], 'PD_4': []}, FR: {'PD_1,PD_2': inf, 'PD_1,PD_3': inf, 'PD_1,PD_4': inf, 'PD_2,PD_3': inf, 'PD_2,PD_4': inf, 'PD_3,PD_4': inf}
  Computing metrics...
    RSI: {'PD_1,PD_2': 0.3333333333333333, 'PD_1,PD_3': 0.0, 'PD_1,PD_4': 0.0, 'PD_2,PD_3': 0.0, 'PD_2,PD_4': 0.0, 'PD_3,PD_4': 0.0}, ASR: 1.0, TCB: {'PD_1': ['PD_2'], 'PD_2': ['PD_1'], 'PD_3': [], 'PD_4': []}, FR: {'PD_1,PD_2': inf, 'PD_1,PD_3': inf, 'PD_1,PD_4': inf, 'PD_2,PD_3': inf, 'PD_2,PD_4': inf, 'PD_3,PD_4': inf}
  Computing metrics...
    RSI: {'PD_1,PD_2': 0.3333333333333333, 'PD_1,PD_3': 0.5, 'PD_1,PD_4': 0.0, 'PD_2,PD_3': 0.5, 'PD_2,PD_4': 0.0, 'PD_3,PD_4': 0.0}, ASR: 1.25, TCB: {'PD_1': ['PD_2', 'PD_3'], 'PD_2': ['PD_1', 'PD_3'], 'PD_3': ['PD_1', 'PD_2'], 'PD_4': []}, FR: {'PD_1,PD_2': inf, 'PD_1,PD_3': inf, 'PD_1,PD_4': inf, 'PD_2,PD_3': inf, 'PD_2,PD_4': inf, 'PD_3,PD_4': inf}
  Computing metrics...
    RSI: {'PD_1,PD_2': 0.3333333333333333, 'PD_1,PD_3': 0.0, 'PD_1,PD_4': 0.0, 'PD_2,PD_3': 0.0, 'PD_2,PD_4': 0.0, 'PD_3,PD_4': 0.0}, ASR: 1.0, TCB: {'PD_1': ['PD_2'], 'PD_2': ['PD_1'], 'PD_3': [], 'PD_4': []}, FR: {'PD_1,PD_2': inf, 'PD_1,PD_3': inf, 'PD_1,PD_4': inf, 'PD_2,PD_3': inf, 'PD_2,PD_4': inf, 'PD_3,PD_4': inf}
  Computing metrics...
    RSI: {'PD_1,PD_2': 0.3333333333333333, 'PD_1,PD_3': 0.0, 'PD_1,PD_4': 0.0, 'PD_2,PD_3': 0.0, 'PD_2,PD_4': 0.0, 'PD_3,PD_4': 0.0}, ASR: 1.25, TCB: {'PD_1': ['PD_2'], 'PD_2': ['PD_1'], 'PD_3': [], 'PD_4': []}, FR: {'PD_1,PD_2': inf, 'PD_1,PD_3': inf, 'PD_1,PD_4': inf, 'PD_2,PD_3': inf, 'PD_2,PD_4': inf, 'PD_3,PD_4': inf}
  Computing metrics...
    RSI: {'PD_1,PD_2': 0.3333333333333333, 'PD_1,PD_3': 0.0, 'PD_1,PD_4': 0.0, 'PD_2,PD_3': 0.0, 'PD_2,PD_4': 0.0, 'PD_3,PD_4': 0.0}, ASR: 1.0, TCB: {'PD_1': ['PD_2'], 'PD_2': ['PD_1'], 'PD_3': [], 'PD_4': []}, FR: {'PD_1,PD_2': inf, 'PD_1,PD_3': inf, 'PD_1,PD_4': inf, 'PD_2,PD_3': inf, 'PD_2,PD_4': inf, 'PD_3,PD_4': inf}
  Computing metrics...
    RSI: {'PD_1,PD_2': 0.3333333333333333, 'PD_1,PD_3': 0.0, 'PD_1,PD_4': 0.5, 'PD_2,PD_3': 0.0, 'PD_2,PD_4': 0.0, 'PD_3,PD_4': 0.0}, ASR: 1.25, TCB: {'PD_1': ['PD_4', 'PD_2'], 'PD_2': ['PD_1'], 'PD_3': [], 'PD_4': ['PD_1']}, FR: {'PD_1,PD_2': inf, 'PD_1,PD_3': inf, 'PD_1,PD_4': inf, 'PD_2,PD_3': inf, 'PD_2,PD_4': inf, 'PD_3,PD_4': inf}
  Computing metrics...
    RSI: {'PD_1,PD_2': 0.3333333333333333, 'PD_1,PD_3': 0.0, 'PD_1,PD_4': 0.0, 'PD_2,PD_3': 0.0, 'PD_2,PD_4': 0.0, 'PD_3,PD_4': 0.0}, ASR: 1.0, TCB: {'PD_1': ['PD_2'], 'PD_2': ['PD_1'], 'PD_3': [], 'PD_4': []}, FR: {'PD_1,PD_2': inf, 'PD_1,PD_3': inf, 'PD_1,PD_4': inf, 'PD_2,PD_3': inf, 'PD_2,PD_4': inf, 'PD_3,PD_4': inf}
  Computing metrics...
    RSI: {'PD_1,PD_2': 0.3333333333333333, 'PD_1,PD_3': 0.0, 'PD_1,PD_4': 0.0, 'PD_2,PD_3': 0.0, 'PD_2,PD_4': 0.5, 'PD_3,PD_4': 0.0}, ASR: 1.25, TCB: {'PD_1': ['PD_2'], 'PD_2': ['PD_1', 'PD_4'], 'PD_3': [], 'PD_4': ['PD_2']}, FR: {'PD_1,PD_2': inf, 'PD_1,PD_3': inf, 'PD_1,PD_4': inf, 'PD_2,PD_3': inf, 'PD_2,PD_4': inf, 'PD_3,PD_4': inf}
  Computing metrics...
    RSI: {'PD_1,PD_2': 0.3333333333333333, 'PD_1,PD_3': 0.0, 'PD_1,PD_4': 0.0, 'PD_2,PD_3': 0.0, 'PD_2,PD_4': 0.0, 'PD_3,PD_4': 0.0}, ASR: 1.0, TCB: {'PD_1': ['PD_2'], 'PD_2': ['PD_1'], 'PD_3': [], 'PD_4': []}, FR: {'PD_1,PD_2': inf, 'PD_1,PD_3': inf, 'PD_1,PD_4': inf, 'PD_2,PD_3': inf, 'PD_2,PD_4': inf, 'PD_3,PD_4': inf}
  Computing metrics...
    RSI: {'PD_1,PD_2': 0.3333333333333333, 'PD_1,PD_3': 0.0, 'PD_1,PD_4': 0.5, 'PD_2,PD_3': 0.0, 'PD_2,PD_4': 0.5, 'PD_3,PD_4': 0.0}, ASR: 1.25, TCB: {'PD_1': ['PD_2', 'PD_4'], 'PD_2': ['PD_1', 'PD_4'], 'PD_3': [], 'PD_4': ['PD_1', 'PD_2']}, FR: {'PD_1,PD_2': inf, 'PD_1,PD_3': inf, 'PD_1,PD_4': inf, 'PD_2,PD_3': inf, 'PD_2,PD_4': inf, 'PD_3,PD_4': inf}
  Computing metrics...
    RSI: {'PD_1,PD_2': 0.3333333333333333, 'PD_1,PD_3': 0.0, 'PD_1,PD_4': 0.0, 'PD_2,PD_3': 0.0, 'PD_2,PD_4': 0.0, 'PD_3,PD_4': 0.0}, ASR: 1.0, TCB: {'PD_1': ['PD_2'], 'PD_2': ['PD_1'], 'PD_3': [], 'PD_4': []}, FR: {'PD_1,PD_2': inf, 'PD_1,PD_3': inf, 'PD_1,PD_4': inf, 'PD_2,PD_3': inf, 'PD_2,PD_4': inf, 'PD_3,PD_4': inf}
  Computing metrics...
    RSI: {'PD_1,PD_2': 0.3333333333333333, 'PD_1,PD_3': 0.0, 'PD_1,PD_4': 0.0, 'PD_2,PD_3': 0.0, 'PD_2,PD_4': 0.0, 'PD_3,PD_4': 0.0}, ASR: 1.25, TCB: {'PD_1': ['PD_2'], 'PD_2': ['PD_1'], 'PD_3': [], 'PD_4': []}, FR: {'PD_1,PD_2': inf, 'PD_1,PD_3': inf, 'PD_1,PD_4': inf, 'PD_2,PD_3': inf, 'PD_2,PD_4': inf, 'PD_3,PD_4': inf}
  Computing metrics...
    RSI: {'PD_1,PD_2': 0.3333333333333333, 'PD_1,PD_3': 0.0, 'PD_1,PD_4': 0.0, 'PD_2,PD_3': 0.0, 'PD_2,PD_4': 0.0, 'PD_3,PD_4': 0.0}, ASR: 1.0, TCB: {'PD_1': ['PD_2'], 'PD_2': ['PD_1'], 'PD_3': [], 'PD_4': []}, FR: {'PD_1,PD_2': inf, 'PD_1,PD_3': inf, 'PD_1,PD_4': inf, 'PD_2,PD_3': inf, 'PD_2,PD_4': inf, 'PD_3,PD_4': inf}
  Computing metrics...
    RSI: {'PD_1,PD_2': 0.3333333333333333, 'PD_1,PD_3': 0.0, 'PD_1,PD_4': 0.0, 'PD_2,PD_3': 0.0, 'PD_2,PD_4': 0.0, 'PD_3,PD_4': 0.0}, ASR: 1.25, TCB: {'PD_1': ['PD_2'], 'PD_2': ['PD_1'], 'PD_3': [], 'PD_4': []}, FR: {'PD_1,PD_2': inf, 'PD_1,PD_3': inf, 'PD_1,PD_4': inf, 'PD_2,PD_3': inf, 'PD_2,PD_4': inf, 'PD_3,PD_4': inf}
  Computing metrics...
    RSI: {'PD_1,PD_2': 0.3333333333333333, 'PD_1,PD_3': 0.0, 'PD_1,PD_4': 0.0, 'PD_2,PD_3': 0.0, 'PD_2,PD_4': 0.0, 'PD_3,PD_4': 0.0}, ASR: 1.0, TCB: {'PD_1': ['PD_2'], 'PD_2': ['PD_1'], 'PD_3': [], 'PD_4': []}, FR: {'PD_1,PD_2': inf, 'PD_1,PD_3': inf, 'PD_1,PD_4': inf, 'PD_2,PD_3': inf, 'PD_2,PD_4': inf, 'PD_3,PD_4': inf}
  Computing metrics...
    RSI: {'PD_1,PD_2': 0.3333333333333333, 'PD_1,PD_3': 0.0, 'PD_1,PD_4': 0.0, 'PD_2,PD_3': 0.0, 'PD_2,PD_4': 0.0, 'PD_3,PD_4': 0.0}, ASR: 1.25, TCB: {'PD_1': ['PD_3', 'PD_2'], 'PD_2': ['PD_1'], 'PD_3': [], 'PD_4': []}, FR: {'PD_1,PD_2': inf, 'PD_1,PD_3': inf, 'PD_1,PD_4': inf, 'PD_2,PD_3': inf, 'PD_2,PD_4': inf, 'PD_3,PD_4': inf}
  Computing metrics...
    RSI: {'PD_1,PD_2': 0.3333333333333333, 'PD_1,PD_3': 0.0, 'PD_1,PD_4': 0.0, 'PD_2,PD_3': 0.0, 'PD_2,PD_4': 0.0, 'PD_3,PD_4': 0.0}, ASR: 1.0, TCB: {'PD_1': ['PD_2'], 'PD_2': ['PD_1'], 'PD_3': [], 'PD_4': []}, FR: {'PD_1,PD_2': inf, 'PD_1,PD_3': inf, 'PD_1,PD_4': inf, 'PD_2,PD_3': inf, 'PD_2,PD_4': inf, 'PD_3,PD_4': inf}
  Computing metrics...
    RSI: {'PD_1,PD_2': 0.3333333333333333, 'PD_1,PD_3': 0.0, 'PD_1,PD_4': 0.0, 'PD_2,PD_3': 0.0, 'PD_2,PD_4': 0.0, 'PD_3,PD_4': 0.0}, ASR: 1.25, TCB: {'PD_1': ['PD_4', 'PD_2'], 'PD_2': ['PD_1'], 'PD_3': [], 'PD_4': []}, FR: {'PD_1,PD_2': inf, 'PD_1,PD_3': inf, 'PD_1,PD_4': inf, 'PD_2,PD_3': inf, 'PD_2,PD_4': inf, 'PD_3,PD_4': inf}
  Computing metrics...
    RSI: {'PD_1,PD_2': 0.3333333333333333, 'PD_1,PD_3': 0.0, 'PD_1,PD_4': 0.0, 'PD_2,PD_3': 0.0, 'PD_2,PD_4': 0.0, 'PD_3,PD_4': 0.0}, ASR: 1.0, TCB: {'PD_1': ['PD_2'], 'PD_2': ['PD_1'], 'PD_3': [], 'PD_4': []}, FR: {'PD_1,PD_2': inf, 'PD_1,PD_3': inf, 'PD_1,PD_4': inf, 'PD_2,PD_3': inf, 'PD_2,PD_4': inf, 'PD_3,PD_4': inf}
  Computing metrics...
    RSI: {'PD_1,PD_2': 0.3333333333333333, 'PD_1,PD_3': 0.0, 'PD_1,PD_4': 0.0, 'PD_2,PD_3': 0.0, 'PD_2,PD_4': 0.0, 'PD_3,PD_4': 0.0}, ASR: 1.25, TCB: {'PD_1': ['PD_2'], 'PD_2': ['PD_1'], 'PD_3': [], 'PD_4': []}, FR: {'PD_1,PD_2': inf, 'PD_1,PD_3': inf, 'PD_1,PD_4': inf, 'PD_2,PD_3': inf, 'PD_2,PD_4': inf, 'PD_3,PD_4': inf}
  Computing metrics...
    RSI: {'PD_1,PD_2': 0.3333333333333333, 'PD_1,PD_3': 0.0, 'PD_1,PD_4': 0.0, 'PD_2,PD_3': 0.0, 'PD_2,PD_4': 0.0, 'PD_3,PD_4': 0.0}, ASR: 1.0, TCB: {'PD_1': ['PD_2'], 'PD_2': ['PD_1'], 'PD_3': [], 'PD_4': []}, FR: {'PD_1,PD_2': inf, 'PD_1,PD_3': inf, 'PD_1,PD_4': inf, 'PD_2,PD_3': inf, 'PD_2,PD_4': inf, 'PD_3,PD_4': inf}
  Computing metrics...
    RSI: {'PD_1,PD_2': 0.3333333333333333, 'PD_1,PD_3': 0.0, 'PD_1,PD_4': 0.0, 'PD_2,PD_3': 0.0, 'PD_2,PD_4': 0.0, 'PD_3,PD_4': 0.0}, ASR: 1.25, TCB: {'PD_1': ['PD_2'], 'PD_2': ['PD_3', 'PD_1'], 'PD_3': [], 'PD_4': []}, FR: {'PD_1,PD_2': inf, 'PD_1,PD_3': inf, 'PD_1,PD_4': inf, 'PD_2,PD_3': inf, 'PD_2,PD_4': inf, 'PD_3,PD_4': inf}
  Computing metrics...
    RSI: {'PD_1,PD_2': 0.3333333333333333, 'PD_1,PD_3': 0.0, 'PD_1,PD_4': 0.0, 'PD_2,PD_3': 0.0, 'PD_2,PD_4': 0.0, 'PD_3,PD_4': 0.0}, ASR: 1.0, TCB: {'PD_1': ['PD_2'], 'PD_2': ['PD_1'], 'PD_3': [], 'PD_4': []}, FR: {'PD_1,PD_2': inf, 'PD_1,PD_3': inf, 'PD_1,PD_4': inf, 'PD_2,PD_3': inf, 'PD_2,PD_4': inf, 'PD_3,PD_4': inf}
  Computing metrics...
    RSI: {'PD_1,PD_2': 0.3333333333333333, 'PD_1,PD_3': 0.0, 'PD_1,PD_4': 0.0, 'PD_2,PD_3': 0.0, 'PD_2,PD_4': 0.0, 'PD_3,PD_4': 0.0}, ASR: 1.25, TCB: {'PD_1': ['PD_2'], 'PD_2': ['PD_4', 'PD_1'], 'PD_3': [], 'PD_4': []}, FR: {'PD_1,PD_2': inf, 'PD_1,PD_3': inf, 'PD_1,PD_4': inf, 'PD_2,PD_3': inf, 'PD_2,PD_4': inf, 'PD_3,PD_4': inf}
  Computing metrics...
    RSI: {'PD_1,PD_2': 0.3333333333333333, 'PD_1,PD_3': 0.0, 'PD_1,PD_4': 0.0, 'PD_2,PD_3': 0.0, 'PD_2,PD_4': 0.0, 'PD_3,PD_4': 0.0}, ASR: 1.0, TCB: {'PD_1': ['PD_2'], 'PD_2': ['PD_1'], 'PD_3': [], 'PD_4': []}, FR: {'PD_1,PD_2': inf, 'PD_1,PD_3': inf, 'PD_1,PD_4': inf, 'PD_2,PD_3': inf, 'PD_2,PD_4': inf, 'PD_3,PD_4': inf}
  Computing metrics...
    RSI: {'PD_1,PD_2': 0.3333333333333333, 'PD_1,PD_3': 0.0, 'PD_1,PD_4': 0.0, 'PD_2,PD_3': 0.0, 'PD_2,PD_4': 0.0, 'PD_3,PD_4': 0.0}, ASR: 1.25, TCB: {'PD_1': ['PD_2'], 'PD_2': ['PD_1'], 'PD_3': ['PD_1'], 'PD_4': []}, FR: {'PD_1,PD_2': inf, 'PD_1,PD_3': inf, 'PD_1,PD_4': inf, 'PD_2,PD_3': inf, 'PD_2,PD_4': inf, 'PD_3,PD_4': inf}
  Computing metrics...
    RSI: {'PD_1,PD_2': 0.3333333333333333, 'PD_1,PD_3': 0.0, 'PD_1,PD_4': 0.0, 'PD_2,PD_3': 0.0, 'PD_2,PD_4': 0.0, 'PD_3,PD_4': 0.0}, ASR: 1.0, TCB: {'PD_1': ['PD_2'], 'PD_2': ['PD_1'], 'PD_3': [], 'PD_4': []}, FR: {'PD_1,PD_2': inf, 'PD_1,PD_3': inf, 'PD_1,PD_4': inf, 'PD_2,PD_3': inf, 'PD_2,PD_4': inf, 'PD_3,PD_4': inf}
  Computing metrics...
    RSI: {'PD_1,PD_2': 0.3333333333333333, 'PD_1,PD_3': 0.0, 'PD_1,PD_4': 0.0, 'PD_2,PD_3': 0.0, 'PD_2,PD_4': 0.0, 'PD_3,PD_4': 0.0}, ASR: 1.25, TCB: {'PD_1': ['PD_2'], 'PD_2': ['PD_1'], 'PD_3': ['PD_2'], 'PD_4': []}, FR: {'PD_1,PD_2': inf, 'PD_1,PD_3': inf, 'PD_1,PD_4': inf, 'PD_2,PD_3': inf, 'PD_2,PD_4': inf, 'PD_3,PD_4': inf}
  Computing metrics...
    RSI: {'PD_1,PD_2': 0.3333333333333333, 'PD_1,PD_3': 0.0, 'PD_1,PD_4': 0.0, 'PD_2,PD_3': 0.0, 'PD_2,PD_4': 0.0, 'PD_3,PD_4': 0.0}, ASR: 1.0, TCB: {'PD_1': ['PD_2'], 'PD_2': ['PD_1'], 'PD_3': [], 'PD_4': []}, FR: {'PD_1,PD_2': inf, 'PD_1,PD_3': inf, 'PD_1,PD_4': inf, 'PD_2,PD_3': inf, 'PD_2,PD_4': inf, 'PD_3,PD_4': inf}
  Computing metrics...
    RSI: {'PD_1,PD_2': 0.3333333333333333, 'PD_1,PD_3': 0.0, 'PD_1,PD_4': 0.0, 'PD_2,PD_3': 0.0, 'PD_2,PD_4': 0.0, 'PD_3,PD_4': 0.0}, ASR: 1.25, TCB: {'PD_1': ['PD_2'], 'PD_2': ['PD_1'], 'PD_3': ['PD_4'], 'PD_4': []}, FR: {'PD_1,PD_2': inf, 'PD_1,PD_3': inf, 'PD_1,PD_4': inf, 'PD_2,PD_3': inf, 'PD_2,PD_4': inf, 'PD_3,PD_4': inf}
  Computing metrics...
    RSI: {'PD_1,PD_2': 0.3333333333333333, 'PD_1,PD_3': 0.0, 'PD_1,PD_4': 0.0, 'PD_2,PD_3': 0.0, 'PD_2,PD_4': 0.0, 'PD_3,PD_4': 0.0}, ASR: 1.0, TCB: {'PD_1': ['PD_2'], 'PD_2': ['PD_1'], 'PD_3': [], 'PD_4': []}, FR: {'PD_1,PD_2': inf, 'PD_1,PD_3': inf, 'PD_1,PD_4': inf, 'PD_2,PD_3': inf, 'PD_2,PD_4': inf, 'PD_3,PD_4': inf}
  Computing metrics...
    RSI: {'PD_1,PD_2': 0.3333333333333333, 'PD_1,PD_3': 0.0, 'PD_1,PD_4': 0.0, 'PD_2,PD_3': 0.0, 'PD_2,PD_4': 0.0, 'PD_3,PD_4': 0.0}, ASR: 1.25, TCB: {'PD_1': ['PD_2'], 'PD_2': ['PD_1'], 'PD_3': [], 'PD_4': ['PD_1']}, FR: {'PD_1,PD_2': inf, 'PD_1,PD_3': inf, 'PD_1,PD_4': inf, 'PD_2,PD_3': inf, 'PD_2,PD_4': inf, 'PD_3,PD_4': inf}
  Computing metrics...
    RSI: {'PD_1,PD_2': 0.3333333333333333, 'PD_1,PD_3': 0.0, 'PD_1,PD_4': 0.0, 'PD_2,PD_3': 0.0, 'PD_2,PD_4': 0.0, 'PD_3,PD_4': 0.0}, ASR: 1.0, TCB: {'PD_1': ['PD_2'], 'PD_2': ['PD_1'], 'PD_3': [], 'PD_4': []}, FR: {'PD_1,PD_2': inf, 'PD_1,PD_3': inf, 'PD_1,PD_4': inf, 'PD_2,PD_3': inf, 'PD_2,PD_4': inf, 'PD_3,PD_4': inf}
  Computing metrics...
    RSI: {'PD_1,PD_2': 0.3333333333333333, 'PD_1,PD_3': 0.0, 'PD_1,PD_4': 0.0, 'PD_2,PD_3': 0.0, 'PD_2,PD_4': 0.0, 'PD_3,PD_4': 0.0}, ASR: 1.25, TCB: {'PD_1': ['PD_2'], 'PD_2': ['PD_1'], 'PD_3': [], 'PD_4': ['PD_2']}, FR: {'PD_1,PD_2': inf, 'PD_1,PD_3': inf, 'PD_1,PD_4': inf, 'PD_2,PD_3': inf, 'PD_2,PD_4': inf, 'PD_3,PD_4': inf}
  Computing metrics...
    RSI: {'PD_1,PD_2': 0.3333333333333333, 'PD_1,PD_3': 0.0, 'PD_1,PD_4': 0.0, 'PD_2,PD_3': 0.0, 'PD_2,PD_4': 0.0, 'PD_3,PD_4': 0.0}, ASR: 1.0, TCB: {'PD_1': ['PD_2'], 'PD_2': ['PD_1'], 'PD_3': [], 'PD_4': []}, FR: {'PD_1,PD_2': inf, 'PD_1,PD_3': inf, 'PD_1,PD_4': inf, 'PD_2,PD_3': inf, 'PD_2,PD_4': inf, 'PD_3,PD_4': inf}
  Computing metrics...
    RSI: {'PD_1,PD_2': 0.3333333333333333, 'PD_1,PD_3': 0.0, 'PD_1,PD_4': 0.0, 'PD_2,PD_3': 0.0, 'PD_2,PD_4': 0.0, 'PD_3,PD_4': 0.0}, ASR: 1.25, TCB: {'PD_1': ['PD_2'], 'PD_2': ['PD_1'], 'PD_3': [], 'PD_4': ['PD_3']}, FR: {'PD_1,PD_2': inf, 'PD_1,PD_3': inf, 'PD_1,PD_4': inf, 'PD_2,PD_3': inf, 'PD_2,PD_4': inf, 'PD_3,PD_4': inf}
  Computing metrics...
    RSI: {'PD_1,PD_2': 0.3333333333333333, 'PD_1,PD_3': 0.0, 'PD_1,PD_4': 0.0, 'PD_2,PD_3': 0.0, 'PD_2,PD_4': 0.0, 'PD_3,PD_4': 0.0}, ASR: 1.0, TCB: {'PD_1': ['PD_2'], 'PD_2': ['PD_1'], 'PD_3': [], 'PD_4': []}, FR: {'PD_1,PD_2': inf, 'PD_1,PD_3': inf, 'PD_1,PD_4': inf, 'PD_2,PD_3': inf, 'PD_2,PD_4': inf, 'PD_3,PD_4': inf}
  Computing metrics...
    RSI: {'PD_1,PD_2': 0.3333333333333333, 'PD_1,PD_3': 0.0, 'PD_1,PD_4': 0.0, 'PD_2,PD_3': 0.0, 'PD_2,PD_4': 0.0, 'PD_3,PD_4': 0.0}, ASR: 1.0, TCB: {'PD_1': ['PD_2'], 'PD_2': ['PD_1'], 'PD_3': [], 'PD_4': []}, FR: {'PD_1,PD_2': inf, 'PD_1,PD_3': inf, 'PD_1,PD_4': inf, 'PD_2,PD_3': inf, 'PD_2,PD_4': inf, 'PD_3,PD_4': inf}
  Computing metrics...
    RSI: {'PD_1,PD_2': 0.3333333333333333, 'PD_1,PD_3': 0.0, 'PD_1,PD_4': 0.0, 'PD_2,PD_3': 0.0, 'PD_2,PD_4': 0.0, 'PD_3,PD_4': 0.0}, ASR: 1.0, TCB: {'PD_1': ['PD_2'], 'PD_2': ['PD_1'], 'PD_3': [], 'PD_4': []}, FR: {'PD_1,PD_2': inf, 'PD_1,PD_3': inf, 'PD_1,PD_4': inf, 'PD_2,PD_3': inf, 'PD_2,PD_4': inf, 'PD_3,PD_4': inf}
  Computing metrics...
    RSI: {'PD_1,PD_2': 0.3333333333333333, 'PD_1,PD_3': 0.0, 'PD_1,PD_4': 0.0, 'PD_2,PD_3': 0.0, 'PD_2,PD_4': 0.0, 'PD_3,PD_4': 0.0}, ASR: 1.0, TCB: {'PD_1': ['PD_2'], 'PD_2': ['PD_1'], 'PD_3': [], 'PD_4': []}, FR: {'PD_1,PD_2': inf, 'PD_1,PD_3': inf, 'PD_1,PD_4': inf, 'PD_2,PD_3': inf, 'PD_2,PD_4': inf, 'PD_3,PD_4': inf}
  Computing metrics...
    RSI: {'PD_1,PD_2': 0.3333333333333333, 'PD_1,PD_3': 0.0, 'PD_1,PD_4': 0.0, 'PD_2,PD_3': 0.0, 'PD_2,PD_4': 0.0, 'PD_3,PD_4': 0.0}, ASR: 1.0, TCB: {'PD_1': ['PD_2'], 'PD_2': ['PD_1'], 'PD_3': [], 'PD_4': []}, FR: {'PD_1,PD_2': inf, 'PD_1,PD_3': inf, 'PD_1,PD_4': inf, 'PD_2,PD_3': inf, 'PD_2,PD_4': inf, 'PD_3,PD_4': inf}
  Computing metrics...
    RSI: {'PD_1,PD_2': 0.3333333333333333, 'PD_1,PD_3': 0.0, 'PD_1,PD_4': 0.0, 'PD_2,PD_3': 0.0, 'PD_2,PD_4': 0.0, 'PD_3,PD_4': 0.0}, ASR: 1.0, TCB: {'PD_1': ['PD_2'], 'PD_2': ['PD_1'], 'PD_3': [], 'PD_4': []}, FR: {'PD_1,PD_2': inf, 'PD_1,PD_3': inf, 'PD_1,PD_4': inf, 'PD_2,PD_3': inf, 'PD_2,PD_4': inf, 'PD_3,PD_4': inf}
  Computing metrics...
    RSI: {'PD_1,PD_2': 0.3333333333333333, 'PD_1,PD_3': 0.0, 'PD_1,PD_4': 0.0, 'PD_2,PD_3': 0.0, 'PD_2,PD_4': 0.0, 'PD_3,PD_4': 0.0}, ASR: 1.0, TCB: {'PD_1': ['PD_2'], 'PD_2': ['PD_1'], 'PD_3': [], 'PD_4': []}, FR: {'PD_1,PD_2': inf, 'PD_1,PD_3': inf, 'PD_1,PD_4': inf, 'PD_2,PD_3': inf, 'PD_2,PD_4': inf, 'PD_3,PD_4': inf}
  Computing metrics...
    RSI: {'PD_1,PD_2': 0.3333333333333333, 'PD_1,PD_3': 0.0, 'PD_1,PD_4': 0.0, 'PD_2,PD_3': 0.0, 'PD_2,PD_4': 0.0, 'PD_3,PD_4': 0.0}, ASR: 1.0, TCB: {'PD_1': ['PD_2'], 'PD_2': ['PD_1'], 'PD_3': [], 'PD_4': []}, FR: {'PD_1,PD_2': inf, 'PD_1,PD_3': inf, 'PD_1,PD_4': inf, 'PD_2,PD_3': inf, 'PD_2,PD_4': inf, 'PD_3,PD_4': inf}
  🚫 Filtered out 0 'add_pd(add new protection domain for system expansion)' candidates (avoiding repetition)
  Trying best transition: primitive
    Target: remove empty PD_3
    Predicted improvement: 0.100
    Considered 36 other option(s):
      1. primitive: remove empty PD_4 (improvement: 0.100)
      2. primitive: create new CONFIG file in FILE_SPACE_1 (improvement: 0.100)
      3. primitive: create new DATABASE file in FILE_SPACE_1 (improvement: 0.100)
      4. primitive: create new TEMP file in FILE_SPACE_1 (improvement: 0.100)
      5. primitive: create new LOG file in FILE_SPACE_1 (improvement: 0.100)
      6. primitive: remove FILE_1_3 (holders: 2) (improvement: 0.100)
      7. primitive: remove FILE_1_4 (holders: 0) (improvement: 0.100)
      8. primitive: disconnect FILE_1_1 from FILE_SPACE_1 (improvement: 0.100)
      9. primitive: disconnect FILE_1_2 from FILE_SPACE_1 (improvement: 0.100)
      10. primitive: disconnect FILE_1_3 from FILE_SPACE_1 (improvement: 0.100)
      ... and 26 more
    ✅ Applied remove_pd
  📋 Generated 37 candidate(s)
  Computing metrics...
    RSI: {'PD_1,PD_2': 0.3333333333333333, 'PD_1,PD_4': 0.0, 'PD_2,PD_4': 0.0}, ASR: 1.3333333333333333, TCB: {'PD_1': ['PD_2'], 'PD_2': ['PD_1'], 'PD_4': []}, FR: {'PD_1,PD_2': inf, 'PD_1,PD_4': inf, 'PD_2,PD_4': inf}
    ✅ Added candidate: remove_pd (score: 0.100)
  Computing metrics...
    RSI: {'PD_1,PD_2': 0.3333333333333333, 'PD_1,PD_3': 0.0, 'PD_2,PD_3': 0.0}, ASR: 1.3333333333333333, TCB: {'PD_1': ['PD_2'], 'PD_2': ['PD_1'], 'PD_3': []}, FR: {'PD_1,PD_2': inf, 'PD_1,PD_3': inf, 'PD_2,PD_3': inf}
    ✅ Added candidate: remove_pd (score: 0.100)

🌟 Expanding Beam[2] (score: 0.100)
  Computing metrics...
    RSI: {'PD_1,PD_2': 0.3333333333333333}, ASR: 2.0, TCB: {'PD_1': ['PD_2'], 'PD_2': ['PD_1']}, FR: {'PD_1,PD_2': inf}
    Goal not met: RSI[PD_1,PD_2]=0.333 > 0.3
  Computing metrics...
    RSI: {'PD_1,PD_2': 0.3333333333333333}, ASR: 2.0, TCB: {'PD_1': ['PD_2'], 'PD_2': ['PD_1']}, FR: {'PD_1,PD_2': inf}
  Computing metrics...
    RSI: {'PD_1,PD_2': 0.3333333333333333, 'PD_1,PD_3': 0.0, 'PD_2,PD_3': 0.0}, ASR: 1.3333333333333333, TCB: {'PD_1': ['PD_2'], 'PD_2': ['PD_1'], 'PD_3': []}, FR: {'PD_1,PD_2': inf, 'PD_1,PD_3': inf, 'PD_2,PD_3': inf}
  Computing metrics...
    RSI: {'PD_1,PD_2': 0.3333333333333333}, ASR: 2.0, TCB: {'PD_1': ['PD_2'], 'PD_2': ['PD_1']}, FR: {'PD_1,PD_2': inf}
  Computing metrics...
    RSI: {'PD_1,PD_2': 0.3333333333333333}, ASR: 2.0, TCB: {'PD_1': ['PD_2'], 'PD_2': ['PD_1']}, FR: {'PD_1,PD_2': inf}
  Computing metrics...
    RSI: {'PD_1,PD_2': 0.3333333333333333}, ASR: 2.0, TCB: {'PD_1': ['PD_2'], 'PD_2': ['PD_1']}, FR: {'PD_1,PD_2': inf}
  Computing metrics...
    RSI: {'PD_1,PD_2': 0.3333333333333333}, ASR: 2.0, TCB: {'PD_1': ['PD_2'], 'PD_2': ['PD_1']}, FR: {'PD_1,PD_2': inf}
  Computing metrics...
    RSI: {'PD_1,PD_2': 0.3333333333333333}, ASR: 2.0, TCB: {'PD_1': ['PD_2'], 'PD_2': ['PD_1']}, FR: {'PD_1,PD_2': inf}
  Computing metrics...
    RSI: {'PD_1,PD_2': 0.3333333333333333}, ASR: 2.0, TCB: {'PD_1': ['PD_2'], 'PD_2': ['PD_1']}, FR: {'PD_1,PD_2': inf}
  Computing metrics...
    RSI: {'PD_1,PD_2': 0.3333333333333333}, ASR: 2.0, TCB: {'PD_1': ['PD_2'], 'PD_2': ['PD_1']}, FR: {'PD_1,PD_2': inf}
  Computing metrics...
    RSI: {'PD_1,PD_2': 0.3333333333333333}, ASR: 2.0, TCB: {'PD_1': ['PD_2'], 'PD_2': ['PD_1']}, FR: {'PD_1,PD_2': inf}
  Computing metrics...
    RSI: {'PD_1,PD_2': 0.3333333333333333}, ASR: 2.0, TCB: {'PD_1': ['PD_2'], 'PD_2': ['PD_1']}, FR: {'PD_1,PD_2': inf}
  Computing metrics...
    RSI: {'PD_1,PD_2': 0.3333333333333333}, ASR: 2.0, TCB: {'PD_1': ['PD_2'], 'PD_2': ['PD_1']}, FR: {'PD_1,PD_2': inf}
  Computing metrics...
    RSI: {'PD_1,PD_2': 0.3333333333333333}, ASR: 2.0, TCB: {'PD_1': ['PD_2'], 'PD_2': ['PD_1']}, FR: {'PD_1,PD_2': inf}
  Computing metrics...
    RSI: {'PD_1,PD_2': 0.3333333333333333}, ASR: 2.0, TCB: {'PD_1': ['PD_2'], 'PD_2': ['PD_1']}, FR: {'PD_1,PD_2': inf}
  Computing metrics...
    RSI: {'PD_1,PD_2': 0.3333333333333333}, ASR: 2.0, TCB: {'PD_1': ['PD_2'], 'PD_2': ['PD_1']}, FR: {'PD_1,PD_2': inf}
  Computing metrics...
    RSI: {'PD_1,PD_2': 0.6666666666666666}, ASR: 2.5, TCB: {'PD_1': ['PD_2'], 'PD_2': ['PD_1']}, FR: {'PD_1,PD_2': inf}
  Computing metrics...
    RSI: {'PD_1,PD_2': 0.3333333333333333}, ASR: 2.0, TCB: {'PD_1': ['PD_2'], 'PD_2': ['PD_1']}, FR: {'PD_1,PD_2': inf}
  Computing metrics...
    RSI: {'PD_1,PD_2': 0.25}, ASR: 2.5, TCB: {'PD_1': ['PD_2'], 'PD_2': ['PD_1']}, FR: {'PD_1,PD_2': inf}
  Computing metrics...
    RSI: {'PD_1,PD_2': 0.3333333333333333}, ASR: 2.0, TCB: {'PD_1': ['PD_2'], 'PD_2': ['PD_1']}, FR: {'PD_1,PD_2': inf}
  Computing metrics...
    RSI: {'PD_1,PD_2': 0.6666666666666666}, ASR: 2.5, TCB: {'PD_1': ['PD_2'], 'PD_2': ['PD_1']}, FR: {'PD_1,PD_2': inf}
  Computing metrics...
    RSI: {'PD_1,PD_2': 0.3333333333333333}, ASR: 2.0, TCB: {'PD_1': ['PD_2'], 'PD_2': ['PD_1']}, FR: {'PD_1,PD_2': inf}
  Computing metrics...
    RSI: {'PD_1,PD_2': 0.25}, ASR: 2.5, TCB: {'PD_1': ['PD_2'], 'PD_2': ['PD_1']}, FR: {'PD_1,PD_2': inf}
  Computing metrics...
    RSI: {'PD_1,PD_2': 0.3333333333333333}, ASR: 2.0, TCB: {'PD_1': ['PD_2'], 'PD_2': ['PD_1']}, FR: {'PD_1,PD_2': inf}
  Computing metrics...
    RSI: {'PD_1,PD_2': 0.3333333333333333}, ASR: 2.5, TCB: {'PD_1': ['PD_2'], 'PD_2': ['PD_1']}, FR: {'PD_1,PD_2': inf}
  Computing metrics...
    RSI: {'PD_1,PD_2': 0.3333333333333333}, ASR: 2.0, TCB: {'PD_1': ['PD_2'], 'PD_2': ['PD_1']}, FR: {'PD_1,PD_2': inf}
  Computing metrics...
    RSI: {'PD_1,PD_2': 0.3333333333333333}, ASR: 2.5, TCB: {'PD_1': ['PD_2'], 'PD_2': ['PD_1']}, FR: {'PD_1,PD_2': inf}
  Computing metrics...
    RSI: {'PD_1,PD_2': 0.3333333333333333}, ASR: 2.0, TCB: {'PD_1': ['PD_2'], 'PD_2': ['PD_1']}, FR: {'PD_1,PD_2': inf}
  Computing metrics...
    RSI: {'PD_1,PD_2': 0.3333333333333333}, ASR: 2.0, TCB: {'PD_1': ['PD_2'], 'PD_2': ['PD_1']}, FR: {'PD_1,PD_2': inf}
  Computing metrics...
    RSI: {'PD_1,PD_2': 0.3333333333333333}, ASR: 2.0, TCB: {'PD_1': ['PD_2'], 'PD_2': ['PD_1']}, FR: {'PD_1,PD_2': inf}
  Computing metrics...
    RSI: {'PD_1,PD_2': 0.3333333333333333}, ASR: 2.0, TCB: {'PD_1': ['PD_2'], 'PD_2': ['PD_1']}, FR: {'PD_1,PD_2': inf}
  Computing metrics...
    RSI: {'PD_1,PD_2': 0.3333333333333333}, ASR: 2.0, TCB: {'PD_1': ['PD_2'], 'PD_2': ['PD_1']}, FR: {'PD_1,PD_2': inf}
  Computing metrics...
    RSI: {'PD_1,PD_2': 0.3333333333333333}, ASR: 2.0, TCB: {'PD_1': ['PD_2'], 'PD_2': ['PD_1']}, FR: {'PD_1,PD_2': inf}
  Computing metrics...
    RSI: {'PD_1,PD_2': 0.3333333333333333}, ASR: 2.0, TCB: {'PD_1': ['PD_2'], 'PD_2': ['PD_1']}, FR: {'PD_1,PD_2': inf}
  Computing metrics...
    RSI: {'PD_1,PD_2': 0.3333333333333333}, ASR: 2.0, TCB: {'PD_1': ['PD_2'], 'PD_2': ['PD_1']}, FR: {'PD_1,PD_2': inf}
  🚫 Filtered out 0 'remove_pd(remove empty PD_3)' candidates (avoiding repetition)
  Trying best transition: primitive
    Target: add new protection domain for system expansion
    Predicted improvement: 6.767
    Considered 16 other option(s):
      1. primitive: create new CONFIG file in FILE_SPACE_1 (improvement: 0.100)
      2. primitive: create new DATABASE file in FILE_SPACE_1 (improvement: 0.100)
      3. primitive: create new TEMP file in FILE_SPACE_1 (improvement: 0.100)
      4. primitive: create new LOG file in FILE_SPACE_1 (improvement: 0.100)
      5. primitive: remove FILE_1_3 (holders: 2) (improvement: 0.100)
      6. primitive: remove FILE_1_4 (holders: 0) (improvement: 0.100)
      7. primitive: disconnect FILE_1_1 from FILE_SPACE_1 (improvement: 0.100)
      8. primitive: disconnect FILE_1_2 from FILE_SPACE_1 (improvement: 0.100)
      9. primitive: disconnect FILE_1_3 from FILE_SPACE_1 (improvement: 0.100)
      10. primitive: disconnect FILE_1_4 from FILE_SPACE_1 (improvement: 0.100)
      ... and 6 more
    ✅ Applied add_pd
  📋 Generated 17 candidate(s)
  Computing metrics...
    RSI: {'PD_1,PD_2': 0.3333333333333333, 'PD_1,PD_4': 0.0, 'PD_2,PD_4': 0.0}, ASR: 1.3333333333333333, TCB: {'PD_1': ['PD_2'], 'PD_2': ['PD_1'], 'PD_4': []}, FR: {'PD_1,PD_2': inf, 'PD_1,PD_4': inf, 'PD_2,PD_4': inf}
    ✅ Added candidate: add_pd (score: 6.767)
  Computing metrics...
    RSI: {'PD_1,PD_2': 0.3333333333333333}, ASR: 2.0, TCB: {'PD_1': ['PD_2'], 'PD_2': ['PD_1']}, FR: {'PD_1,PD_2': inf}
    ✅ Added candidate: add_file_resource (score: 0.100)

📊 Next beam (3 states):
  Beam[0]: BeamState(iter=4, score=6.767, path=add_pd(add new protection domain for system expansion) → remove_pd(remove empty PD_3) → add_pd(add new protection domain for system expansion))
  Beam[1]: BeamState(iter=4, score=0.100, path=add_pd(add new protection domain for system expansion) → add_pd(add new protection domain for system expansion) → remove_pd(remove empty PD_3))
  Beam[2]: BeamState(iter=4, score=0.100, path=add_pd(add new protection domain for system expansion) → add_pd(add new protection domain for system expansion) → remove_pd(remove empty PD_4))
💡 Total candidates generated: 6
🎯 Mechanisms discovered so far: 0

============================================================
🔍 Beam Search Iteration 5/8
📊 Current beam size: 3
  Beam[0]: BeamState(iter=4, score=6.767, path=add_pd(add new protection domain for system expansion) → remove_pd(remove empty PD_3) → add_pd(add new protection domain for system expansion))
  Beam[1]: BeamState(iter=4, score=0.100, path=add_pd(add new protection domain for system expansion) → add_pd(add new protection domain for system expansion) → remove_pd(remove empty PD_3))
  Beam[2]: BeamState(iter=4, score=0.100, path=add_pd(add new protection domain for system expansion) → add_pd(add new protection domain for system expansion) → remove_pd(remove empty PD_4))

🌟 Expanding Beam[0] (score: 6.767)
  Computing metrics...
    RSI: {'PD_1,PD_2': 0.3333333333333333, 'PD_1,PD_4': 0.0, 'PD_2,PD_4': 0.0}, ASR: 1.3333333333333333, TCB: {'PD_1': ['PD_2'], 'PD_2': ['PD_1'], 'PD_4': []}, FR: {'PD_1,PD_2': inf, 'PD_1,PD_4': inf, 'PD_2,PD_4': inf}
    Goal not met: RSI[PD_1,PD_2]=0.333 > 0.3
  Computing metrics...
    RSI: {'PD_1,PD_2': 0.3333333333333333, 'PD_1,PD_4': 0.0, 'PD_2,PD_4': 0.0}, ASR: 1.3333333333333333, TCB: {'PD_1': ['PD_2'], 'PD_2': ['PD_1'], 'PD_4': []}, FR: {'PD_1,PD_2': inf, 'PD_1,PD_4': inf, 'PD_2,PD_4': inf}
  Computing metrics...
    RSI: {'PD_1,PD_2': 0.3333333333333333, 'PD_1,PD_4': 0.0, 'PD_2,PD_4': 0.0}, ASR: 1.3333333333333333, TCB: {'PD_1': ['PD_2'], 'PD_2': ['PD_1'], 'PD_4': []}, FR: {'PD_1,PD_2': inf, 'PD_1,PD_4': inf, 'PD_2,PD_4': inf}
  Computing metrics...
    RSI: {'PD_1,PD_2': 0.3333333333333333, 'PD_1,PD_4': 0.0, 'PD_2,PD_4': 0.0}, ASR: 1.3333333333333333, TCB: {'PD_1': ['PD_2'], 'PD_2': ['PD_1'], 'PD_4': []}, FR: {'PD_1,PD_2': inf, 'PD_1,PD_4': inf, 'PD_2,PD_4': inf}
  Computing metrics...
    RSI: {'PD_1,PD_2': 0.3333333333333333, 'PD_1,PD_4': 0.0, 'PD_2,PD_4': 0.0}, ASR: 1.3333333333333333, TCB: {'PD_1': ['PD_2'], 'PD_2': ['PD_1'], 'PD_4': []}, FR: {'PD_1,PD_2': inf, 'PD_1,PD_4': inf, 'PD_2,PD_4': inf}
  Computing metrics...
    RSI: {'PD_1,PD_2': 0.3333333333333333, 'PD_1,PD_4': 0.0, 'PD_2,PD_4': 0.0}, ASR: 1.3333333333333333, TCB: {'PD_1': ['PD_2'], 'PD_2': ['PD_1'], 'PD_4': []}, FR: {'PD_1,PD_2': inf, 'PD_1,PD_4': inf, 'PD_2,PD_4': inf}
  Computing metrics...
    RSI: {'PD_1,PD_2': 0.3333333333333333, 'PD_1,PD_4': 0.0, 'PD_2,PD_4': 0.0}, ASR: 1.3333333333333333, TCB: {'PD_1': ['PD_2'], 'PD_2': ['PD_1'], 'PD_4': []}, FR: {'PD_1,PD_2': inf, 'PD_1,PD_4': inf, 'PD_2,PD_4': inf}
  Computing metrics...
    RSI: {'PD_1,PD_2': 0.3333333333333333, 'PD_1,PD_4': 0.0, 'PD_2,PD_4': 0.0}, ASR: 1.3333333333333333, TCB: {'PD_1': ['PD_2'], 'PD_2': ['PD_1'], 'PD_4': []}, FR: {'PD_1,PD_2': inf, 'PD_1,PD_4': inf, 'PD_2,PD_4': inf}
  Computing metrics...
    RSI: {'PD_1,PD_2': 0.3333333333333333, 'PD_1,PD_4': 0.0, 'PD_2,PD_4': 0.0}, ASR: 1.3333333333333333, TCB: {'PD_1': ['PD_2'], 'PD_2': ['PD_1'], 'PD_4': []}, FR: {'PD_1,PD_2': inf, 'PD_1,PD_4': inf, 'PD_2,PD_4': inf}
  Computing metrics...
    RSI: {'PD_1,PD_2': 0.3333333333333333, 'PD_1,PD_4': 0.0, 'PD_2,PD_4': 0.0}, ASR: 1.3333333333333333, TCB: {'PD_1': ['PD_2'], 'PD_2': ['PD_1'], 'PD_4': []}, FR: {'PD_1,PD_2': inf, 'PD_1,PD_4': inf, 'PD_2,PD_4': inf}
  Computing metrics...
    RSI: {'PD_1,PD_2': 0.3333333333333333, 'PD_1,PD_4': 0.0, 'PD_2,PD_4': 0.0}, ASR: 1.3333333333333333, TCB: {'PD_1': ['PD_2'], 'PD_2': ['PD_1'], 'PD_4': []}, FR: {'PD_1,PD_2': inf, 'PD_1,PD_4': inf, 'PD_2,PD_4': inf}
  Computing metrics...
    RSI: {'PD_1,PD_2': 0.3333333333333333, 'PD_1,PD_4': 0.0, 'PD_2,PD_4': 0.0}, ASR: 1.3333333333333333, TCB: {'PD_1': ['PD_2'], 'PD_2': ['PD_1'], 'PD_4': []}, FR: {'PD_1,PD_2': inf, 'PD_1,PD_4': inf, 'PD_2,PD_4': inf}
  Computing metrics...
    RSI: {'PD_1,PD_2': 0.3333333333333333, 'PD_1,PD_4': 0.0, 'PD_2,PD_4': 0.0}, ASR: 1.3333333333333333, TCB: {'PD_1': ['PD_2'], 'PD_2': ['PD_1'], 'PD_4': []}, FR: {'PD_1,PD_2': inf, 'PD_1,PD_4': inf, 'PD_2,PD_4': inf}
  Computing metrics...
    RSI: {'PD_1,PD_2': 0.3333333333333333, 'PD_1,PD_4': 0.0, 'PD_2,PD_4': 0.0}, ASR: 1.3333333333333333, TCB: {'PD_1': ['PD_2'], 'PD_2': ['PD_1'], 'PD_4': []}, FR: {'PD_1,PD_2': inf, 'PD_1,PD_4': inf, 'PD_2,PD_4': inf}
  Computing metrics...
    RSI: {'PD_1,PD_2': 0.3333333333333333, 'PD_1,PD_4': 0.0, 'PD_2,PD_4': 0.0}, ASR: 1.3333333333333333, TCB: {'PD_1': ['PD_2'], 'PD_2': ['PD_1'], 'PD_4': []}, FR: {'PD_1,PD_2': inf, 'PD_1,PD_4': inf, 'PD_2,PD_4': inf}
  Computing metrics...
    RSI: {'PD_1,PD_2': 0.3333333333333333, 'PD_1,PD_4': 0.0, 'PD_2,PD_4': 0.0}, ASR: 1.3333333333333333, TCB: {'PD_1': ['PD_2'], 'PD_2': ['PD_1'], 'PD_4': []}, FR: {'PD_1,PD_2': inf, 'PD_1,PD_4': inf, 'PD_2,PD_4': inf}
  Computing metrics...
    RSI: {'PD_1,PD_2': 0.3333333333333333, 'PD_1,PD_4': 0.0, 'PD_2,PD_4': 0.0}, ASR: 1.3333333333333333, TCB: {'PD_1': ['PD_2'], 'PD_2': ['PD_1'], 'PD_4': []}, FR: {'PD_1,PD_2': inf, 'PD_1,PD_4': inf, 'PD_2,PD_4': inf}
  Computing metrics...
    RSI: {'PD_1,PD_2': 0.3333333333333333, 'PD_1,PD_4': 0.0, 'PD_2,PD_4': 0.0}, ASR: 1.3333333333333333, TCB: {'PD_1': ['PD_2'], 'PD_2': ['PD_1'], 'PD_4': []}, FR: {'PD_1,PD_2': inf, 'PD_1,PD_4': inf, 'PD_2,PD_4': inf}
  Computing metrics...
    RSI: {'PD_1,PD_2': 0.6666666666666666, 'PD_1,PD_4': 0.0, 'PD_2,PD_4': 0.0}, ASR: 1.6666666666666667, TCB: {'PD_1': ['PD_2'], 'PD_2': ['PD_1'], 'PD_4': []}, FR: {'PD_1,PD_2': inf, 'PD_1,PD_4': inf, 'PD_2,PD_4': inf}
  Computing metrics...
    RSI: {'PD_1,PD_2': 0.3333333333333333, 'PD_1,PD_4': 0.0, 'PD_2,PD_4': 0.0}, ASR: 1.3333333333333333, TCB: {'PD_1': ['PD_2'], 'PD_2': ['PD_1'], 'PD_4': []}, FR: {'PD_1,PD_2': inf, 'PD_1,PD_4': inf, 'PD_2,PD_4': inf}
  Computing metrics...
    RSI: {'PD_1,PD_2': 0.25, 'PD_1,PD_4': 0.0, 'PD_2,PD_4': 0.0}, ASR: 1.6666666666666667, TCB: {'PD_1': ['PD_2'], 'PD_2': ['PD_1'], 'PD_4': []}, FR: {'PD_1,PD_2': inf, 'PD_1,PD_4': inf, 'PD_2,PD_4': inf}
  Computing metrics...
    RSI: {'PD_1,PD_2': 0.3333333333333333, 'PD_1,PD_4': 0.0, 'PD_2,PD_4': 0.0}, ASR: 1.3333333333333333, TCB: {'PD_1': ['PD_2'], 'PD_2': ['PD_1'], 'PD_4': []}, FR: {'PD_1,PD_2': inf, 'PD_1,PD_4': inf, 'PD_2,PD_4': inf}
  Computing metrics...
    RSI: {'PD_1,PD_2': 0.6666666666666666, 'PD_1,PD_4': 0.0, 'PD_2,PD_4': 0.0}, ASR: 1.6666666666666667, TCB: {'PD_1': ['PD_2'], 'PD_2': ['PD_1'], 'PD_4': []}, FR: {'PD_1,PD_2': inf, 'PD_1,PD_4': inf, 'PD_2,PD_4': inf}
  Computing metrics...
    RSI: {'PD_1,PD_2': 0.3333333333333333, 'PD_1,PD_4': 0.0, 'PD_2,PD_4': 0.0}, ASR: 1.3333333333333333, TCB: {'PD_1': ['PD_2'], 'PD_2': ['PD_1'], 'PD_4': []}, FR: {'PD_1,PD_2': inf, 'PD_1,PD_4': inf, 'PD_2,PD_4': inf}
  Computing metrics...
    RSI: {'PD_1,PD_2': 0.25, 'PD_1,PD_4': 0.0, 'PD_2,PD_4': 0.0}, ASR: 1.6666666666666667, TCB: {'PD_1': ['PD_2'], 'PD_2': ['PD_1'], 'PD_4': []}, FR: {'PD_1,PD_2': inf, 'PD_1,PD_4': inf, 'PD_2,PD_4': inf}
  Computing metrics...
    RSI: {'PD_1,PD_2': 0.3333333333333333, 'PD_1,PD_4': 0.0, 'PD_2,PD_4': 0.0}, ASR: 1.3333333333333333, TCB: {'PD_1': ['PD_2'], 'PD_2': ['PD_1'], 'PD_4': []}, FR: {'PD_1,PD_2': inf, 'PD_1,PD_4': inf, 'PD_2,PD_4': inf}
  Computing metrics...
    RSI: {'PD_1,PD_2': 0.3333333333333333, 'PD_1,PD_4': 0.5, 'PD_2,PD_4': 0.0}, ASR: 1.6666666666666667, TCB: {'PD_1': ['PD_4', 'PD_2'], 'PD_2': ['PD_1'], 'PD_4': ['PD_1']}, FR: {'PD_1,PD_2': inf, 'PD_1,PD_4': inf, 'PD_2,PD_4': inf}
  Computing metrics...
    RSI: {'PD_1,PD_2': 0.3333333333333333, 'PD_1,PD_4': 0.0, 'PD_2,PD_4': 0.0}, ASR: 1.3333333333333333, TCB: {'PD_1': ['PD_2'], 'PD_2': ['PD_1'], 'PD_4': []}, FR: {'PD_1,PD_2': inf, 'PD_1,PD_4': inf, 'PD_2,PD_4': inf}
  Computing metrics...
    RSI: {'PD_1,PD_2': 0.3333333333333333, 'PD_1,PD_4': 0.0, 'PD_2,PD_4': 0.5}, ASR: 1.6666666666666667, TCB: {'PD_1': ['PD_2'], 'PD_2': ['PD_1', 'PD_4'], 'PD_4': ['PD_2']}, FR: {'PD_1,PD_2': inf, 'PD_1,PD_4': inf, 'PD_2,PD_4': inf}
  Computing metrics...
    RSI: {'PD_1,PD_2': 0.3333333333333333, 'PD_1,PD_4': 0.0, 'PD_2,PD_4': 0.0}, ASR: 1.3333333333333333, TCB: {'PD_1': ['PD_2'], 'PD_2': ['PD_1'], 'PD_4': []}, FR: {'PD_1,PD_2': inf, 'PD_1,PD_4': inf, 'PD_2,PD_4': inf}
  Computing metrics...
    RSI: {'PD_1,PD_2': 0.3333333333333333, 'PD_1,PD_4': 0.5, 'PD_2,PD_4': 0.5}, ASR: 1.6666666666666667, TCB: {'PD_1': ['PD_2', 'PD_4'], 'PD_2': ['PD_1', 'PD_4'], 'PD_4': ['PD_1', 'PD_2']}, FR: {'PD_1,PD_2': inf, 'PD_1,PD_4': inf, 'PD_2,PD_4': inf}
  Computing metrics...
    RSI: {'PD_1,PD_2': 0.3333333333333333, 'PD_1,PD_4': 0.0, 'PD_2,PD_4': 0.0}, ASR: 1.3333333333333333, TCB: {'PD_1': ['PD_2'], 'PD_2': ['PD_1'], 'PD_4': []}, FR: {'PD_1,PD_2': inf, 'PD_1,PD_4': inf, 'PD_2,PD_4': inf}
  Computing metrics...
    RSI: {'PD_1,PD_2': 0.3333333333333333, 'PD_1,PD_4': 0.0, 'PD_2,PD_4': 0.0}, ASR: 1.6666666666666667, TCB: {'PD_1': ['PD_2'], 'PD_2': ['PD_1'], 'PD_4': []}, FR: {'PD_1,PD_2': inf, 'PD_1,PD_4': inf, 'PD_2,PD_4': inf}
  Computing metrics...
    RSI: {'PD_1,PD_2': 0.3333333333333333, 'PD_1,PD_4': 0.0, 'PD_2,PD_4': 0.0}, ASR: 1.3333333333333333, TCB: {'PD_1': ['PD_2'], 'PD_2': ['PD_1'], 'PD_4': []}, FR: {'PD_1,PD_2': inf, 'PD_1,PD_4': inf, 'PD_2,PD_4': inf}
  Computing metrics...
    RSI: {'PD_1,PD_2': 0.3333333333333333, 'PD_1,PD_4': 0.0, 'PD_2,PD_4': 0.0}, ASR: 1.6666666666666667, TCB: {'PD_1': ['PD_2'], 'PD_2': ['PD_1'], 'PD_4': []}, FR: {'PD_1,PD_2': inf, 'PD_1,PD_4': inf, 'PD_2,PD_4': inf}
  Computing metrics...
    RSI: {'PD_1,PD_2': 0.3333333333333333, 'PD_1,PD_4': 0.0, 'PD_2,PD_4': 0.0}, ASR: 1.3333333333333333, TCB: {'PD_1': ['PD_2'], 'PD_2': ['PD_1'], 'PD_4': []}, FR: {'PD_1,PD_2': inf, 'PD_1,PD_4': inf, 'PD_2,PD_4': inf}
  Computing metrics...
    RSI: {'PD_1,PD_2': 0.3333333333333333, 'PD_1,PD_4': 0.0, 'PD_2,PD_4': 0.0}, ASR: 1.6666666666666667, TCB: {'PD_1': ['PD_4', 'PD_2'], 'PD_2': ['PD_1'], 'PD_4': []}, FR: {'PD_1,PD_2': inf, 'PD_1,PD_4': inf, 'PD_2,PD_4': inf}
  Computing metrics...
    RSI: {'PD_1,PD_2': 0.3333333333333333, 'PD_1,PD_4': 0.0, 'PD_2,PD_4': 0.0}, ASR: 1.3333333333333333, TCB: {'PD_1': ['PD_2'], 'PD_2': ['PD_1'], 'PD_4': []}, FR: {'PD_1,PD_2': inf, 'PD_1,PD_4': inf, 'PD_2,PD_4': inf}
  Computing metrics...
    RSI: {'PD_1,PD_2': 0.3333333333333333, 'PD_1,PD_4': 0.0, 'PD_2,PD_4': 0.0}, ASR: 1.6666666666666667, TCB: {'PD_1': ['PD_2'], 'PD_2': ['PD_1'], 'PD_4': []}, FR: {'PD_1,PD_2': inf, 'PD_1,PD_4': inf, 'PD_2,PD_4': inf}
  Computing metrics...
    RSI: {'PD_1,PD_2': 0.3333333333333333, 'PD_1,PD_4': 0.0, 'PD_2,PD_4': 0.0}, ASR: 1.3333333333333333, TCB: {'PD_1': ['PD_2'], 'PD_2': ['PD_1'], 'PD_4': []}, FR: {'PD_1,PD_2': inf, 'PD_1,PD_4': inf, 'PD_2,PD_4': inf}
  Computing metrics...
    RSI: {'PD_1,PD_2': 0.3333333333333333, 'PD_1,PD_4': 0.0, 'PD_2,PD_4': 0.0}, ASR: 1.6666666666666667, TCB: {'PD_1': ['PD_2'], 'PD_2': ['PD_4', 'PD_1'], 'PD_4': []}, FR: {'PD_1,PD_2': inf, 'PD_1,PD_4': inf, 'PD_2,PD_4': inf}
  Computing metrics...
    RSI: {'PD_1,PD_2': 0.3333333333333333, 'PD_1,PD_4': 0.0, 'PD_2,PD_4': 0.0}, ASR: 1.3333333333333333, TCB: {'PD_1': ['PD_2'], 'PD_2': ['PD_1'], 'PD_4': []}, FR: {'PD_1,PD_2': inf, 'PD_1,PD_4': inf, 'PD_2,PD_4': inf}
  Computing metrics...
    RSI: {'PD_1,PD_2': 0.3333333333333333, 'PD_1,PD_4': 0.0, 'PD_2,PD_4': 0.0}, ASR: 1.6666666666666667, TCB: {'PD_1': ['PD_2'], 'PD_2': ['PD_1'], 'PD_4': ['PD_1']}, FR: {'PD_1,PD_2': inf, 'PD_1,PD_4': inf, 'PD_2,PD_4': inf}
  Computing metrics...
    RSI: {'PD_1,PD_2': 0.3333333333333333, 'PD_1,PD_4': 0.0, 'PD_2,PD_4': 0.0}, ASR: 1.3333333333333333, TCB: {'PD_1': ['PD_2'], 'PD_2': ['PD_1'], 'PD_4': []}, FR: {'PD_1,PD_2': inf, 'PD_1,PD_4': inf, 'PD_2,PD_4': inf}
  Computing metrics...
    RSI: {'PD_1,PD_2': 0.3333333333333333, 'PD_1,PD_4': 0.0, 'PD_2,PD_4': 0.0}, ASR: 1.6666666666666667, TCB: {'PD_1': ['PD_2'], 'PD_2': ['PD_1'], 'PD_4': ['PD_2']}, FR: {'PD_1,PD_2': inf, 'PD_1,PD_4': inf, 'PD_2,PD_4': inf}
  Computing metrics...
    RSI: {'PD_1,PD_2': 0.3333333333333333, 'PD_1,PD_4': 0.0, 'PD_2,PD_4': 0.0}, ASR: 1.3333333333333333, TCB: {'PD_1': ['PD_2'], 'PD_2': ['PD_1'], 'PD_4': []}, FR: {'PD_1,PD_2': inf, 'PD_1,PD_4': inf, 'PD_2,PD_4': inf}
  Computing metrics...
    RSI: {'PD_1,PD_2': 0.3333333333333333, 'PD_1,PD_4': 0.0, 'PD_2,PD_4': 0.0}, ASR: 1.3333333333333333, TCB: {'PD_1': ['PD_2'], 'PD_2': ['PD_1'], 'PD_4': []}, FR: {'PD_1,PD_2': inf, 'PD_1,PD_4': inf, 'PD_2,PD_4': inf}
  Computing metrics...
    RSI: {'PD_1,PD_2': 0.3333333333333333, 'PD_1,PD_4': 0.0, 'PD_2,PD_4': 0.0}, ASR: 1.3333333333333333, TCB: {'PD_1': ['PD_2'], 'PD_2': ['PD_1'], 'PD_4': []}, FR: {'PD_1,PD_2': inf, 'PD_1,PD_4': inf, 'PD_2,PD_4': inf}
  Computing metrics...
    RSI: {'PD_1,PD_2': 0.3333333333333333, 'PD_1,PD_4': 0.0, 'PD_2,PD_4': 0.0}, ASR: 1.3333333333333333, TCB: {'PD_1': ['PD_2'], 'PD_2': ['PD_1'], 'PD_4': []}, FR: {'PD_1,PD_2': inf, 'PD_1,PD_4': inf, 'PD_2,PD_4': inf}
  Computing metrics...
    RSI: {'PD_1,PD_2': 0.3333333333333333, 'PD_1,PD_4': 0.0, 'PD_2,PD_4': 0.0}, ASR: 1.3333333333333333, TCB: {'PD_1': ['PD_2'], 'PD_2': ['PD_1'], 'PD_4': []}, FR: {'PD_1,PD_2': inf, 'PD_1,PD_4': inf, 'PD_2,PD_4': inf}
  Computing metrics...
    RSI: {'PD_1,PD_2': 0.3333333333333333, 'PD_1,PD_4': 0.0, 'PD_2,PD_4': 0.0}, ASR: 1.3333333333333333, TCB: {'PD_1': ['PD_2'], 'PD_2': ['PD_1'], 'PD_4': []}, FR: {'PD_1,PD_2': inf, 'PD_1,PD_4': inf, 'PD_2,PD_4': inf}
  Computing metrics...
    RSI: {'PD_1,PD_2': 0.3333333333333333, 'PD_1,PD_4': 0.0, 'PD_2,PD_4': 0.0}, ASR: 1.3333333333333333, TCB: {'PD_1': ['PD_2'], 'PD_2': ['PD_1'], 'PD_4': []}, FR: {'PD_1,PD_2': inf, 'PD_1,PD_4': inf, 'PD_2,PD_4': inf}
  Computing metrics...
    RSI: {'PD_1,PD_2': 0.3333333333333333, 'PD_1,PD_4': 0.0, 'PD_2,PD_4': 0.0}, ASR: 1.3333333333333333, TCB: {'PD_1': ['PD_2'], 'PD_2': ['PD_1'], 'PD_4': []}, FR: {'PD_1,PD_2': inf, 'PD_1,PD_4': inf, 'PD_2,PD_4': inf}
  🚫 Filtered out 0 'add_pd(add new protection domain for system expansion)' candidates (avoiding repetition)
  🎲 Exploration: selecting candidate #1 instead of best
  Trying best transition: primitive
    Target: add new protection domain for system expansion
    Predicted improvement: 0.100
    Considered 25 other option(s):
      1. primitive: remove empty PD_4 (improvement: 0.100)
      2. primitive: create new CONFIG file in FILE_SPACE_1 (improvement: 0.100)
      3. primitive: create new DATABASE file in FILE_SPACE_1 (improvement: 0.100)
      4. primitive: create new TEMP file in FILE_SPACE_1 (improvement: 0.100)
      5. primitive: create new LOG file in FILE_SPACE_1 (improvement: 0.100)
      6. primitive: remove FILE_1_3 (holders: 2) (improvement: 0.100)
      7. primitive: remove FILE_1_4 (holders: 0) (improvement: 0.100)
      8. primitive: disconnect FILE_1_1 from FILE_SPACE_1 (improvement: 0.100)
      9. primitive: disconnect FILE_1_2 from FILE_SPACE_1 (improvement: 0.100)
      10. primitive: disconnect FILE_1_3 from FILE_SPACE_1 (improvement: 0.100)
      ... and 15 more
    ✅ Applied add_pd
  📋 Generated 26 candidate(s)
  Computing metrics...
    RSI: {'PD_1,PD_2': 0.3333333333333333, 'PD_1,PD_4': 0.0, 'PD_1,PD_5': 0.0, 'PD_2,PD_4': 0.0, 'PD_2,PD_5': 0.0, 'PD_4,PD_5': 0.0}, ASR: 1.0, TCB: {'PD_1': ['PD_2'], 'PD_2': ['PD_1'], 'PD_4': [], 'PD_5': []}, FR: {'PD_1,PD_2': inf, 'PD_1,PD_4': inf, 'PD_1,PD_5': inf, 'PD_2,PD_4': inf, 'PD_2,PD_5': inf, 'PD_4,PD_5': inf}
    ✅ Added candidate: add_pd (score: 0.100)
  Computing metrics...
    RSI: {'PD_1,PD_2': 0.3333333333333333}, ASR: 2.0, TCB: {'PD_1': ['PD_2'], 'PD_2': ['PD_1']}, FR: {'PD_1,PD_2': inf}
    ✅ Added candidate: remove_pd (score: 0.100)

🌟 Expanding Beam[1] (score: 0.100)
  Computing metrics...
    RSI: {'PD_1,PD_2': 0.3333333333333333, 'PD_1,PD_4': 0.0, 'PD_2,PD_4': 0.0}, ASR: 1.3333333333333333, TCB: {'PD_1': ['PD_2'], 'PD_2': ['PD_1'], 'PD_4': []}, FR: {'PD_1,PD_2': inf, 'PD_1,PD_4': inf, 'PD_2,PD_4': inf}
    Goal not met: RSI[PD_1,PD_2]=0.333 > 0.3
  Computing metrics...
    RSI: {'PD_1,PD_2': 0.3333333333333333, 'PD_1,PD_4': 0.0, 'PD_2,PD_4': 0.0}, ASR: 1.3333333333333333, TCB: {'PD_1': ['PD_2'], 'PD_2': ['PD_1'], 'PD_4': []}, FR: {'PD_1,PD_2': inf, 'PD_1,PD_4': inf, 'PD_2,PD_4': inf}
  Computing metrics...
    RSI: {'PD_1,PD_2': 0.3333333333333333, 'PD_1,PD_4': 0.0, 'PD_2,PD_4': 0.0}, ASR: 1.3333333333333333, TCB: {'PD_1': ['PD_2'], 'PD_2': ['PD_1'], 'PD_4': []}, FR: {'PD_1,PD_2': inf, 'PD_1,PD_4': inf, 'PD_2,PD_4': inf}
  Computing metrics...
    RSI: {'PD_1,PD_2': 0.3333333333333333, 'PD_1,PD_4': 0.0, 'PD_2,PD_4': 0.0}, ASR: 1.3333333333333333, TCB: {'PD_1': ['PD_2'], 'PD_2': ['PD_1'], 'PD_4': []}, FR: {'PD_1,PD_2': inf, 'PD_1,PD_4': inf, 'PD_2,PD_4': inf}
  Computing metrics...
    RSI: {'PD_1,PD_2': 0.3333333333333333, 'PD_1,PD_4': 0.0, 'PD_2,PD_4': 0.0}, ASR: 1.3333333333333333, TCB: {'PD_1': ['PD_2'], 'PD_2': ['PD_1'], 'PD_4': []}, FR: {'PD_1,PD_2': inf, 'PD_1,PD_4': inf, 'PD_2,PD_4': inf}
  Computing metrics...
    RSI: {'PD_1,PD_2': 0.3333333333333333, 'PD_1,PD_4': 0.0, 'PD_2,PD_4': 0.0}, ASR: 1.3333333333333333, TCB: {'PD_1': ['PD_2'], 'PD_2': ['PD_1'], 'PD_4': []}, FR: {'PD_1,PD_2': inf, 'PD_1,PD_4': inf, 'PD_2,PD_4': inf}
  Computing metrics...
    RSI: {'PD_1,PD_2': 0.3333333333333333, 'PD_1,PD_4': 0.0, 'PD_2,PD_4': 0.0}, ASR: 1.3333333333333333, TCB: {'PD_1': ['PD_2'], 'PD_2': ['PD_1'], 'PD_4': []}, FR: {'PD_1,PD_2': inf, 'PD_1,PD_4': inf, 'PD_2,PD_4': inf}
  Computing metrics...
    RSI: {'PD_1,PD_2': 0.3333333333333333, 'PD_1,PD_4': 0.0, 'PD_2,PD_4': 0.0}, ASR: 1.3333333333333333, TCB: {'PD_1': ['PD_2'], 'PD_2': ['PD_1'], 'PD_4': []}, FR: {'PD_1,PD_2': inf, 'PD_1,PD_4': inf, 'PD_2,PD_4': inf}
  Computing metrics...
    RSI: {'PD_1,PD_2': 0.3333333333333333, 'PD_1,PD_4': 0.0, 'PD_2,PD_4': 0.0}, ASR: 1.3333333333333333, TCB: {'PD_1': ['PD_2'], 'PD_2': ['PD_1'], 'PD_4': []}, FR: {'PD_1,PD_2': inf, 'PD_1,PD_4': inf, 'PD_2,PD_4': inf}
  Computing metrics...
    RSI: {'PD_1,PD_2': 0.3333333333333333, 'PD_1,PD_4': 0.0, 'PD_2,PD_4': 0.0}, ASR: 1.3333333333333333, TCB: {'PD_1': ['PD_2'], 'PD_2': ['PD_1'], 'PD_4': []}, FR: {'PD_1,PD_2': inf, 'PD_1,PD_4': inf, 'PD_2,PD_4': inf}
  Computing metrics...
    RSI: {'PD_1,PD_2': 0.3333333333333333, 'PD_1,PD_4': 0.0, 'PD_2,PD_4': 0.0}, ASR: 1.3333333333333333, TCB: {'PD_1': ['PD_2'], 'PD_2': ['PD_1'], 'PD_4': []}, FR: {'PD_1,PD_2': inf, 'PD_1,PD_4': inf, 'PD_2,PD_4': inf}
  Computing metrics...
    RSI: {'PD_1,PD_2': 0.3333333333333333, 'PD_1,PD_4': 0.0, 'PD_2,PD_4': 0.0}, ASR: 1.3333333333333333, TCB: {'PD_1': ['PD_2'], 'PD_2': ['PD_1'], 'PD_4': []}, FR: {'PD_1,PD_2': inf, 'PD_1,PD_4': inf, 'PD_2,PD_4': inf}
  Computing metrics...
    RSI: {'PD_1,PD_2': 0.3333333333333333, 'PD_1,PD_4': 0.0, 'PD_2,PD_4': 0.0}, ASR: 1.3333333333333333, TCB: {'PD_1': ['PD_2'], 'PD_2': ['PD_1'], 'PD_4': []}, FR: {'PD_1,PD_2': inf, 'PD_1,PD_4': inf, 'PD_2,PD_4': inf}
  Computing metrics...
    RSI: {'PD_1,PD_2': 0.3333333333333333, 'PD_1,PD_4': 0.0, 'PD_2,PD_4': 0.0}, ASR: 1.3333333333333333, TCB: {'PD_1': ['PD_2'], 'PD_2': ['PD_1'], 'PD_4': []}, FR: {'PD_1,PD_2': inf, 'PD_1,PD_4': inf, 'PD_2,PD_4': inf}
  Computing metrics...
    RSI: {'PD_1,PD_2': 0.3333333333333333, 'PD_1,PD_4': 0.0, 'PD_2,PD_4': 0.0}, ASR: 1.3333333333333333, TCB: {'PD_1': ['PD_2'], 'PD_2': ['PD_1'], 'PD_4': []}, FR: {'PD_1,PD_2': inf, 'PD_1,PD_4': inf, 'PD_2,PD_4': inf}
  Computing metrics...
    RSI: {'PD_1,PD_2': 0.3333333333333333, 'PD_1,PD_4': 0.0, 'PD_2,PD_4': 0.0}, ASR: 1.3333333333333333, TCB: {'PD_1': ['PD_2'], 'PD_2': ['PD_1'], 'PD_4': []}, FR: {'PD_1,PD_2': inf, 'PD_1,PD_4': inf, 'PD_2,PD_4': inf}
  Computing metrics...
    RSI: {'PD_1,PD_2': 0.3333333333333333, 'PD_1,PD_4': 0.0, 'PD_2,PD_4': 0.0}, ASR: 1.3333333333333333, TCB: {'PD_1': ['PD_2'], 'PD_2': ['PD_1'], 'PD_4': []}, FR: {'PD_1,PD_2': inf, 'PD_1,PD_4': inf, 'PD_2,PD_4': inf}
  Computing metrics...
    RSI: {'PD_1,PD_2': 0.3333333333333333, 'PD_1,PD_4': 0.0, 'PD_2,PD_4': 0.0}, ASR: 1.3333333333333333, TCB: {'PD_1': ['PD_2'], 'PD_2': ['PD_1'], 'PD_4': []}, FR: {'PD_1,PD_2': inf, 'PD_1,PD_4': inf, 'PD_2,PD_4': inf}
  Computing metrics...
    RSI: {'PD_1,PD_2': 0.6666666666666666, 'PD_1,PD_4': 0.0, 'PD_2,PD_4': 0.0}, ASR: 1.6666666666666667, TCB: {'PD_1': ['PD_2'], 'PD_2': ['PD_1'], 'PD_4': []}, FR: {'PD_1,PD_2': inf, 'PD_1,PD_4': inf, 'PD_2,PD_4': inf}
  Computing metrics...
    RSI: {'PD_1,PD_2': 0.3333333333333333, 'PD_1,PD_4': 0.0, 'PD_2,PD_4': 0.0}, ASR: 1.3333333333333333, TCB: {'PD_1': ['PD_2'], 'PD_2': ['PD_1'], 'PD_4': []}, FR: {'PD_1,PD_2': inf, 'PD_1,PD_4': inf, 'PD_2,PD_4': inf}
  Computing metrics...
    RSI: {'PD_1,PD_2': 0.25, 'PD_1,PD_4': 0.0, 'PD_2,PD_4': 0.0}, ASR: 1.6666666666666667, TCB: {'PD_1': ['PD_2'], 'PD_2': ['PD_1'], 'PD_4': []}, FR: {'PD_1,PD_2': inf, 'PD_1,PD_4': inf, 'PD_2,PD_4': inf}
  Computing metrics...
    RSI: {'PD_1,PD_2': 0.3333333333333333, 'PD_1,PD_4': 0.0, 'PD_2,PD_4': 0.0}, ASR: 1.3333333333333333, TCB: {'PD_1': ['PD_2'], 'PD_2': ['PD_1'], 'PD_4': []}, FR: {'PD_1,PD_2': inf, 'PD_1,PD_4': inf, 'PD_2,PD_4': inf}
  Computing metrics...
    RSI: {'PD_1,PD_2': 0.6666666666666666, 'PD_1,PD_4': 0.0, 'PD_2,PD_4': 0.0}, ASR: 1.6666666666666667, TCB: {'PD_1': ['PD_2'], 'PD_2': ['PD_1'], 'PD_4': []}, FR: {'PD_1,PD_2': inf, 'PD_1,PD_4': inf, 'PD_2,PD_4': inf}
  Computing metrics...
    RSI: {'PD_1,PD_2': 0.3333333333333333, 'PD_1,PD_4': 0.0, 'PD_2,PD_4': 0.0}, ASR: 1.3333333333333333, TCB: {'PD_1': ['PD_2'], 'PD_2': ['PD_1'], 'PD_4': []}, FR: {'PD_1,PD_2': inf, 'PD_1,PD_4': inf, 'PD_2,PD_4': inf}
  Computing metrics...
    RSI: {'PD_1,PD_2': 0.25, 'PD_1,PD_4': 0.0, 'PD_2,PD_4': 0.0}, ASR: 1.6666666666666667, TCB: {'PD_1': ['PD_2'], 'PD_2': ['PD_1'], 'PD_4': []}, FR: {'PD_1,PD_2': inf, 'PD_1,PD_4': inf, 'PD_2,PD_4': inf}
  Computing metrics...
    RSI: {'PD_1,PD_2': 0.3333333333333333, 'PD_1,PD_4': 0.0, 'PD_2,PD_4': 0.0}, ASR: 1.3333333333333333, TCB: {'PD_1': ['PD_2'], 'PD_2': ['PD_1'], 'PD_4': []}, FR: {'PD_1,PD_2': inf, 'PD_1,PD_4': inf, 'PD_2,PD_4': inf}
  Computing metrics...
    RSI: {'PD_1,PD_2': 0.3333333333333333, 'PD_1,PD_4': 0.5, 'PD_2,PD_4': 0.0}, ASR: 1.6666666666666667, TCB: {'PD_1': ['PD_4', 'PD_2'], 'PD_2': ['PD_1'], 'PD_4': ['PD_1']}, FR: {'PD_1,PD_2': inf, 'PD_1,PD_4': inf, 'PD_2,PD_4': inf}
  Computing metrics...
    RSI: {'PD_1,PD_2': 0.3333333333333333, 'PD_1,PD_4': 0.0, 'PD_2,PD_4': 0.0}, ASR: 1.3333333333333333, TCB: {'PD_1': ['PD_2'], 'PD_2': ['PD_1'], 'PD_4': []}, FR: {'PD_1,PD_2': inf, 'PD_1,PD_4': inf, 'PD_2,PD_4': inf}
  Computing metrics...
    RSI: {'PD_1,PD_2': 0.3333333333333333, 'PD_1,PD_4': 0.0, 'PD_2,PD_4': 0.5}, ASR: 1.6666666666666667, TCB: {'PD_1': ['PD_2'], 'PD_2': ['PD_1', 'PD_4'], 'PD_4': ['PD_2']}, FR: {'PD_1,PD_2': inf, 'PD_1,PD_4': inf, 'PD_2,PD_4': inf}
  Computing metrics...
    RSI: {'PD_1,PD_2': 0.3333333333333333, 'PD_1,PD_4': 0.0, 'PD_2,PD_4': 0.0}, ASR: 1.3333333333333333, TCB: {'PD_1': ['PD_2'], 'PD_2': ['PD_1'], 'PD_4': []}, FR: {'PD_1,PD_2': inf, 'PD_1,PD_4': inf, 'PD_2,PD_4': inf}
  Computing metrics...
    RSI: {'PD_1,PD_2': 0.3333333333333333, 'PD_1,PD_4': 0.5, 'PD_2,PD_4': 0.5}, ASR: 1.6666666666666667, TCB: {'PD_1': ['PD_2', 'PD_4'], 'PD_2': ['PD_1', 'PD_4'], 'PD_4': ['PD_1', 'PD_2']}, FR: {'PD_1,PD_2': inf, 'PD_1,PD_4': inf, 'PD_2,PD_4': inf}
  Computing metrics...
    RSI: {'PD_1,PD_2': 0.3333333333333333, 'PD_1,PD_4': 0.0, 'PD_2,PD_4': 0.0}, ASR: 1.3333333333333333, TCB: {'PD_1': ['PD_2'], 'PD_2': ['PD_1'], 'PD_4': []}, FR: {'PD_1,PD_2': inf, 'PD_1,PD_4': inf, 'PD_2,PD_4': inf}
  Computing metrics...
    RSI: {'PD_1,PD_2': 0.3333333333333333, 'PD_1,PD_4': 0.0, 'PD_2,PD_4': 0.0}, ASR: 1.6666666666666667, TCB: {'PD_1': ['PD_2'], 'PD_2': ['PD_1'], 'PD_4': []}, FR: {'PD_1,PD_2': inf, 'PD_1,PD_4': inf, 'PD_2,PD_4': inf}
  Computing metrics...
    RSI: {'PD_1,PD_2': 0.3333333333333333, 'PD_1,PD_4': 0.0, 'PD_2,PD_4': 0.0}, ASR: 1.3333333333333333, TCB: {'PD_1': ['PD_2'], 'PD_2': ['PD_1'], 'PD_4': []}, FR: {'PD_1,PD_2': inf, 'PD_1,PD_4': inf, 'PD_2,PD_4': inf}
  Computing metrics...
    RSI: {'PD_1,PD_2': 0.3333333333333333, 'PD_1,PD_4': 0.0, 'PD_2,PD_4': 0.0}, ASR: 1.6666666666666667, TCB: {'PD_1': ['PD_2'], 'PD_2': ['PD_1'], 'PD_4': []}, FR: {'PD_1,PD_2': inf, 'PD_1,PD_4': inf, 'PD_2,PD_4': inf}
  Computing metrics...
    RSI: {'PD_1,PD_2': 0.3333333333333333, 'PD_1,PD_4': 0.0, 'PD_2,PD_4': 0.0}, ASR: 1.3333333333333333, TCB: {'PD_1': ['PD_2'], 'PD_2': ['PD_1'], 'PD_4': []}, FR: {'PD_1,PD_2': inf, 'PD_1,PD_4': inf, 'PD_2,PD_4': inf}
  Computing metrics...
    RSI: {'PD_1,PD_2': 0.3333333333333333, 'PD_1,PD_4': 0.0, 'PD_2,PD_4': 0.0}, ASR: 1.6666666666666667, TCB: {'PD_1': ['PD_4', 'PD_2'], 'PD_2': ['PD_1'], 'PD_4': []}, FR: {'PD_1,PD_2': inf, 'PD_1,PD_4': inf, 'PD_2,PD_4': inf}
  Computing metrics...
    RSI: {'PD_1,PD_2': 0.3333333333333333, 'PD_1,PD_4': 0.0, 'PD_2,PD_4': 0.0}, ASR: 1.3333333333333333, TCB: {'PD_1': ['PD_2'], 'PD_2': ['PD_1'], 'PD_4': []}, FR: {'PD_1,PD_2': inf, 'PD_1,PD_4': inf, 'PD_2,PD_4': inf}
  Computing metrics...
    RSI: {'PD_1,PD_2': 0.3333333333333333, 'PD_1,PD_4': 0.0, 'PD_2,PD_4': 0.0}, ASR: 1.6666666666666667, TCB: {'PD_1': ['PD_2'], 'PD_2': ['PD_1'], 'PD_4': []}, FR: {'PD_1,PD_2': inf, 'PD_1,PD_4': inf, 'PD_2,PD_4': inf}
  Computing metrics...
    RSI: {'PD_1,PD_2': 0.3333333333333333, 'PD_1,PD_4': 0.0, 'PD_2,PD_4': 0.0}, ASR: 1.3333333333333333, TCB: {'PD_1': ['PD_2'], 'PD_2': ['PD_1'], 'PD_4': []}, FR: {'PD_1,PD_2': inf, 'PD_1,PD_4': inf, 'PD_2,PD_4': inf}
  Computing metrics...
    RSI: {'PD_1,PD_2': 0.3333333333333333, 'PD_1,PD_4': 0.0, 'PD_2,PD_4': 0.0}, ASR: 1.6666666666666667, TCB: {'PD_1': ['PD_2'], 'PD_2': ['PD_4', 'PD_1'], 'PD_4': []}, FR: {'PD_1,PD_2': inf, 'PD_1,PD_4': inf, 'PD_2,PD_4': inf}
  Computing metrics...
    RSI: {'PD_1,PD_2': 0.3333333333333333, 'PD_1,PD_4': 0.0, 'PD_2,PD_4': 0.0}, ASR: 1.3333333333333333, TCB: {'PD_1': ['PD_2'], 'PD_2': ['PD_1'], 'PD_4': []}, FR: {'PD_1,PD_2': inf, 'PD_1,PD_4': inf, 'PD_2,PD_4': inf}
  Computing metrics...
    RSI: {'PD_1,PD_2': 0.3333333333333333, 'PD_1,PD_4': 0.0, 'PD_2,PD_4': 0.0}, ASR: 1.6666666666666667, TCB: {'PD_1': ['PD_2'], 'PD_2': ['PD_1'], 'PD_4': ['PD_1']}, FR: {'PD_1,PD_2': inf, 'PD_1,PD_4': inf, 'PD_2,PD_4': inf}
  Computing metrics...
    RSI: {'PD_1,PD_2': 0.3333333333333333, 'PD_1,PD_4': 0.0, 'PD_2,PD_4': 0.0}, ASR: 1.3333333333333333, TCB: {'PD_1': ['PD_2'], 'PD_2': ['PD_1'], 'PD_4': []}, FR: {'PD_1,PD_2': inf, 'PD_1,PD_4': inf, 'PD_2,PD_4': inf}
  Computing metrics...
    RSI: {'PD_1,PD_2': 0.3333333333333333, 'PD_1,PD_4': 0.0, 'PD_2,PD_4': 0.0}, ASR: 1.6666666666666667, TCB: {'PD_1': ['PD_2'], 'PD_2': ['PD_1'], 'PD_4': ['PD_2']}, FR: {'PD_1,PD_2': inf, 'PD_1,PD_4': inf, 'PD_2,PD_4': inf}
  Computing metrics...
    RSI: {'PD_1,PD_2': 0.3333333333333333, 'PD_1,PD_4': 0.0, 'PD_2,PD_4': 0.0}, ASR: 1.3333333333333333, TCB: {'PD_1': ['PD_2'], 'PD_2': ['PD_1'], 'PD_4': []}, FR: {'PD_1,PD_2': inf, 'PD_1,PD_4': inf, 'PD_2,PD_4': inf}
  Computing metrics...
    RSI: {'PD_1,PD_2': 0.3333333333333333, 'PD_1,PD_4': 0.0, 'PD_2,PD_4': 0.0}, ASR: 1.3333333333333333, TCB: {'PD_1': ['PD_2'], 'PD_2': ['PD_1'], 'PD_4': []}, FR: {'PD_1,PD_2': inf, 'PD_1,PD_4': inf, 'PD_2,PD_4': inf}
  Computing metrics...
    RSI: {'PD_1,PD_2': 0.3333333333333333, 'PD_1,PD_4': 0.0, 'PD_2,PD_4': 0.0}, ASR: 1.3333333333333333, TCB: {'PD_1': ['PD_2'], 'PD_2': ['PD_1'], 'PD_4': []}, FR: {'PD_1,PD_2': inf, 'PD_1,PD_4': inf, 'PD_2,PD_4': inf}
  Computing metrics...
    RSI: {'PD_1,PD_2': 0.3333333333333333, 'PD_1,PD_4': 0.0, 'PD_2,PD_4': 0.0}, ASR: 1.3333333333333333, TCB: {'PD_1': ['PD_2'], 'PD_2': ['PD_1'], 'PD_4': []}, FR: {'PD_1,PD_2': inf, 'PD_1,PD_4': inf, 'PD_2,PD_4': inf}
  Computing metrics...
    RSI: {'PD_1,PD_2': 0.3333333333333333, 'PD_1,PD_4': 0.0, 'PD_2,PD_4': 0.0}, ASR: 1.3333333333333333, TCB: {'PD_1': ['PD_2'], 'PD_2': ['PD_1'], 'PD_4': []}, FR: {'PD_1,PD_2': inf, 'PD_1,PD_4': inf, 'PD_2,PD_4': inf}
  Computing metrics...
    RSI: {'PD_1,PD_2': 0.3333333333333333, 'PD_1,PD_4': 0.0, 'PD_2,PD_4': 0.0}, ASR: 1.3333333333333333, TCB: {'PD_1': ['PD_2'], 'PD_2': ['PD_1'], 'PD_4': []}, FR: {'PD_1,PD_2': inf, 'PD_1,PD_4': inf, 'PD_2,PD_4': inf}
  Computing metrics...
    RSI: {'PD_1,PD_2': 0.3333333333333333, 'PD_1,PD_4': 0.0, 'PD_2,PD_4': 0.0}, ASR: 1.3333333333333333, TCB: {'PD_1': ['PD_2'], 'PD_2': ['PD_1'], 'PD_4': []}, FR: {'PD_1,PD_2': inf, 'PD_1,PD_4': inf, 'PD_2,PD_4': inf}
  Computing metrics...
    RSI: {'PD_1,PD_2': 0.3333333333333333, 'PD_1,PD_4': 0.0, 'PD_2,PD_4': 0.0}, ASR: 1.3333333333333333, TCB: {'PD_1': ['PD_2'], 'PD_2': ['PD_1'], 'PD_4': []}, FR: {'PD_1,PD_2': inf, 'PD_1,PD_4': inf, 'PD_2,PD_4': inf}
  🚫 Filtered out 0 'remove_pd(remove empty PD_3)' candidates (avoiding repetition)
  Trying best transition: primitive
    Target: add new protection domain for system expansion
    Predicted improvement: 0.100
    Considered 25 other option(s):
      1. primitive: remove empty PD_4 (improvement: 0.100)
      2. primitive: create new CONFIG file in FILE_SPACE_1 (improvement: 0.100)
      3. primitive: create new DATABASE file in FILE_SPACE_1 (improvement: 0.100)
      4. primitive: create new TEMP file in FILE_SPACE_1 (improvement: 0.100)
      5. primitive: create new LOG file in FILE_SPACE_1 (improvement: 0.100)
      6. primitive: remove FILE_1_3 (holders: 2) (improvement: 0.100)
      7. primitive: remove FILE_1_4 (holders: 0) (improvement: 0.100)
      8. primitive: disconnect FILE_1_1 from FILE_SPACE_1 (improvement: 0.100)
      9. primitive: disconnect FILE_1_2 from FILE_SPACE_1 (improvement: 0.100)
      10. primitive: disconnect FILE_1_3 from FILE_SPACE_1 (improvement: 0.100)
      ... and 15 more
    ✅ Applied add_pd
  📋 Generated 26 candidate(s)
  Computing metrics...
    RSI: {'PD_1,PD_2': 0.3333333333333333, 'PD_1,PD_4': 0.0, 'PD_1,PD_5': 0.0, 'PD_2,PD_4': 0.0, 'PD_2,PD_5': 0.0, 'PD_4,PD_5': 0.0}, ASR: 1.0, TCB: {'PD_1': ['PD_2'], 'PD_2': ['PD_1'], 'PD_4': [], 'PD_5': []}, FR: {'PD_1,PD_2': inf, 'PD_1,PD_4': inf, 'PD_1,PD_5': inf, 'PD_2,PD_4': inf, 'PD_2,PD_5': inf, 'PD_4,PD_5': inf}
    ✅ Added candidate: add_pd (score: 0.100)
  Computing metrics...
    RSI: {'PD_1,PD_2': 0.3333333333333333}, ASR: 2.0, TCB: {'PD_1': ['PD_2'], 'PD_2': ['PD_1']}, FR: {'PD_1,PD_2': inf}
    ✅ Added candidate: remove_pd (score: 0.100)

🌟 Expanding Beam[2] (score: 0.100)
  Computing metrics...
    RSI: {'PD_1,PD_2': 0.3333333333333333, 'PD_1,PD_3': 0.0, 'PD_2,PD_3': 0.0}, ASR: 1.3333333333333333, TCB: {'PD_1': ['PD_2'], 'PD_2': ['PD_1'], 'PD_3': []}, FR: {'PD_1,PD_2': inf, 'PD_1,PD_3': inf, 'PD_2,PD_3': inf}
    Goal not met: RSI[PD_1,PD_2]=0.333 > 0.3
  Computing metrics...
    RSI: {'PD_1,PD_2': 0.3333333333333333, 'PD_1,PD_3': 0.0, 'PD_2,PD_3': 0.0}, ASR: 1.3333333333333333, TCB: {'PD_1': ['PD_2'], 'PD_2': ['PD_1'], 'PD_3': []}, FR: {'PD_1,PD_2': inf, 'PD_1,PD_3': inf, 'PD_2,PD_3': inf}
  Computing metrics...
    RSI: {'PD_1,PD_2': 0.3333333333333333, 'PD_1,PD_3': 0.0, 'PD_1,PD_4': 0.0, 'PD_2,PD_3': 0.0, 'PD_2,PD_4': 0.0, 'PD_3,PD_4': 0.0}, ASR: 1.0, TCB: {'PD_1': ['PD_2'], 'PD_2': ['PD_1'], 'PD_3': [], 'PD_4': []}, FR: {'PD_1,PD_2': inf, 'PD_1,PD_3': inf, 'PD_1,PD_4': inf, 'PD_2,PD_3': inf, 'PD_2,PD_4': inf, 'PD_3,PD_4': inf}
  Computing metrics...
    RSI: {'PD_1,PD_2': 0.3333333333333333, 'PD_1,PD_3': 0.0, 'PD_2,PD_3': 0.0}, ASR: 1.3333333333333333, TCB: {'PD_1': ['PD_2'], 'PD_2': ['PD_1'], 'PD_3': []}, FR: {'PD_1,PD_2': inf, 'PD_1,PD_3': inf, 'PD_2,PD_3': inf}
  Computing metrics...
    RSI: {'PD_1,PD_2': 0.3333333333333333, 'PD_1,PD_3': 0.0, 'PD_2,PD_3': 0.0}, ASR: 1.3333333333333333, TCB: {'PD_1': ['PD_2'], 'PD_2': ['PD_1'], 'PD_3': []}, FR: {'PD_1,PD_2': inf, 'PD_1,PD_3': inf, 'PD_2,PD_3': inf}
  Computing metrics...
    RSI: {'PD_1,PD_2': 0.3333333333333333, 'PD_1,PD_3': 0.0, 'PD_2,PD_3': 0.0}, ASR: 1.3333333333333333, TCB: {'PD_1': ['PD_2'], 'PD_2': ['PD_1'], 'PD_3': []}, FR: {'PD_1,PD_2': inf, 'PD_1,PD_3': inf, 'PD_2,PD_3': inf}
  Computing metrics...
    RSI: {'PD_1,PD_2': 0.3333333333333333, 'PD_1,PD_3': 0.0, 'PD_2,PD_3': 0.0}, ASR: 1.3333333333333333, TCB: {'PD_1': ['PD_2'], 'PD_2': ['PD_1'], 'PD_3': []}, FR: {'PD_1,PD_2': inf, 'PD_1,PD_3': inf, 'PD_2,PD_3': inf}
  Computing metrics...
    RSI: {'PD_1,PD_2': 0.3333333333333333, 'PD_1,PD_3': 0.0, 'PD_2,PD_3': 0.0}, ASR: 1.3333333333333333, TCB: {'PD_1': ['PD_2'], 'PD_2': ['PD_1'], 'PD_3': []}, FR: {'PD_1,PD_2': inf, 'PD_1,PD_3': inf, 'PD_2,PD_3': inf}
  Computing metrics...
    RSI: {'PD_1,PD_2': 0.3333333333333333, 'PD_1,PD_3': 0.0, 'PD_2,PD_3': 0.0}, ASR: 1.3333333333333333, TCB: {'PD_1': ['PD_2'], 'PD_2': ['PD_1'], 'PD_3': []}, FR: {'PD_1,PD_2': inf, 'PD_1,PD_3': inf, 'PD_2,PD_3': inf}
  Computing metrics...
    RSI: {'PD_1,PD_2': 0.3333333333333333, 'PD_1,PD_3': 0.0, 'PD_2,PD_3': 0.0}, ASR: 1.3333333333333333, TCB: {'PD_1': ['PD_2'], 'PD_2': ['PD_1'], 'PD_3': []}, FR: {'PD_1,PD_2': inf, 'PD_1,PD_3': inf, 'PD_2,PD_3': inf}
  Computing metrics...
    RSI: {'PD_1,PD_2': 0.3333333333333333, 'PD_1,PD_3': 0.0, 'PD_2,PD_3': 0.0}, ASR: 1.3333333333333333, TCB: {'PD_1': ['PD_2'], 'PD_2': ['PD_1'], 'PD_3': []}, FR: {'PD_1,PD_2': inf, 'PD_1,PD_3': inf, 'PD_2,PD_3': inf}
  Computing metrics...
    RSI: {'PD_1,PD_2': 0.3333333333333333, 'PD_1,PD_3': 0.0, 'PD_2,PD_3': 0.0}, ASR: 1.3333333333333333, TCB: {'PD_1': ['PD_2'], 'PD_2': ['PD_1'], 'PD_3': []}, FR: {'PD_1,PD_2': inf, 'PD_1,PD_3': inf, 'PD_2,PD_3': inf}
  Computing metrics...
    RSI: {'PD_1,PD_2': 0.3333333333333333, 'PD_1,PD_3': 0.0, 'PD_2,PD_3': 0.0}, ASR: 1.3333333333333333, TCB: {'PD_1': ['PD_2'], 'PD_2': ['PD_1'], 'PD_3': []}, FR: {'PD_1,PD_2': inf, 'PD_1,PD_3': inf, 'PD_2,PD_3': inf}
  Computing metrics...
    RSI: {'PD_1,PD_2': 0.3333333333333333, 'PD_1,PD_3': 0.0, 'PD_2,PD_3': 0.0}, ASR: 1.3333333333333333, TCB: {'PD_1': ['PD_2'], 'PD_2': ['PD_1'], 'PD_3': []}, FR: {'PD_1,PD_2': inf, 'PD_1,PD_3': inf, 'PD_2,PD_3': inf}
  Computing metrics...
    RSI: {'PD_1,PD_2': 0.3333333333333333, 'PD_1,PD_3': 0.0, 'PD_2,PD_3': 0.0}, ASR: 1.3333333333333333, TCB: {'PD_1': ['PD_2'], 'PD_2': ['PD_1'], 'PD_3': []}, FR: {'PD_1,PD_2': inf, 'PD_1,PD_3': inf, 'PD_2,PD_3': inf}
  Computing metrics...
    RSI: {'PD_1,PD_2': 0.3333333333333333, 'PD_1,PD_3': 0.0, 'PD_2,PD_3': 0.0}, ASR: 1.3333333333333333, TCB: {'PD_1': ['PD_2'], 'PD_2': ['PD_1'], 'PD_3': []}, FR: {'PD_1,PD_2': inf, 'PD_1,PD_3': inf, 'PD_2,PD_3': inf}
  Computing metrics...
    RSI: {'PD_1,PD_2': 0.3333333333333333, 'PD_1,PD_3': 0.0, 'PD_2,PD_3': 0.0}, ASR: 1.3333333333333333, TCB: {'PD_1': ['PD_2'], 'PD_2': ['PD_1'], 'PD_3': []}, FR: {'PD_1,PD_2': inf, 'PD_1,PD_3': inf, 'PD_2,PD_3': inf}
  Computing metrics...
    RSI: {'PD_1,PD_2': 0.3333333333333333, 'PD_1,PD_3': 0.0, 'PD_2,PD_3': 0.0}, ASR: 1.3333333333333333, TCB: {'PD_1': ['PD_2'], 'PD_2': ['PD_1'], 'PD_3': []}, FR: {'PD_1,PD_2': inf, 'PD_1,PD_3': inf, 'PD_2,PD_3': inf}
  Computing metrics...
    RSI: {'PD_1,PD_2': 0.6666666666666666, 'PD_1,PD_3': 0.0, 'PD_2,PD_3': 0.0}, ASR: 1.6666666666666667, TCB: {'PD_1': ['PD_2'], 'PD_2': ['PD_1'], 'PD_3': []}, FR: {'PD_1,PD_2': inf, 'PD_1,PD_3': inf, 'PD_2,PD_3': inf}
  Computing metrics...
    RSI: {'PD_1,PD_2': 0.3333333333333333, 'PD_1,PD_3': 0.0, 'PD_2,PD_3': 0.0}, ASR: 1.3333333333333333, TCB: {'PD_1': ['PD_2'], 'PD_2': ['PD_1'], 'PD_3': []}, FR: {'PD_1,PD_2': inf, 'PD_1,PD_3': inf, 'PD_2,PD_3': inf}
  Computing metrics...
    RSI: {'PD_1,PD_2': 0.25, 'PD_1,PD_3': 0.0, 'PD_2,PD_3': 0.0}, ASR: 1.6666666666666667, TCB: {'PD_1': ['PD_2'], 'PD_2': ['PD_1'], 'PD_3': []}, FR: {'PD_1,PD_2': inf, 'PD_1,PD_3': inf, 'PD_2,PD_3': inf}
  Computing metrics...
    RSI: {'PD_1,PD_2': 0.3333333333333333, 'PD_1,PD_3': 0.0, 'PD_2,PD_3': 0.0}, ASR: 1.3333333333333333, TCB: {'PD_1': ['PD_2'], 'PD_2': ['PD_1'], 'PD_3': []}, FR: {'PD_1,PD_2': inf, 'PD_1,PD_3': inf, 'PD_2,PD_3': inf}
  Computing metrics...
    RSI: {'PD_1,PD_2': 0.6666666666666666, 'PD_1,PD_3': 0.0, 'PD_2,PD_3': 0.0}, ASR: 1.6666666666666667, TCB: {'PD_1': ['PD_2'], 'PD_2': ['PD_1'], 'PD_3': []}, FR: {'PD_1,PD_2': inf, 'PD_1,PD_3': inf, 'PD_2,PD_3': inf}
  Computing metrics...
    RSI: {'PD_1,PD_2': 0.3333333333333333, 'PD_1,PD_3': 0.0, 'PD_2,PD_3': 0.0}, ASR: 1.3333333333333333, TCB: {'PD_1': ['PD_2'], 'PD_2': ['PD_1'], 'PD_3': []}, FR: {'PD_1,PD_2': inf, 'PD_1,PD_3': inf, 'PD_2,PD_3': inf}
  Computing metrics...
    RSI: {'PD_1,PD_2': 0.25, 'PD_1,PD_3': 0.0, 'PD_2,PD_3': 0.0}, ASR: 1.6666666666666667, TCB: {'PD_1': ['PD_2'], 'PD_2': ['PD_1'], 'PD_3': []}, FR: {'PD_1,PD_2': inf, 'PD_1,PD_3': inf, 'PD_2,PD_3': inf}
  Computing metrics...
    RSI: {'PD_1,PD_2': 0.3333333333333333, 'PD_1,PD_3': 0.0, 'PD_2,PD_3': 0.0}, ASR: 1.3333333333333333, TCB: {'PD_1': ['PD_2'], 'PD_2': ['PD_1'], 'PD_3': []}, FR: {'PD_1,PD_2': inf, 'PD_1,PD_3': inf, 'PD_2,PD_3': inf}
  Computing metrics...
    RSI: {'PD_1,PD_2': 0.3333333333333333, 'PD_1,PD_3': 0.5, 'PD_2,PD_3': 0.0}, ASR: 1.6666666666666667, TCB: {'PD_1': ['PD_3', 'PD_2'], 'PD_2': ['PD_1'], 'PD_3': ['PD_1']}, FR: {'PD_1,PD_2': inf, 'PD_1,PD_3': inf, 'PD_2,PD_3': inf}
  Computing metrics...
    RSI: {'PD_1,PD_2': 0.3333333333333333, 'PD_1,PD_3': 0.0, 'PD_2,PD_3': 0.0}, ASR: 1.3333333333333333, TCB: {'PD_1': ['PD_2'], 'PD_2': ['PD_1'], 'PD_3': []}, FR: {'PD_1,PD_2': inf, 'PD_1,PD_3': inf, 'PD_2,PD_3': inf}
  Computing metrics...
    RSI: {'PD_1,PD_2': 0.3333333333333333, 'PD_1,PD_3': 0.0, 'PD_2,PD_3': 0.5}, ASR: 1.6666666666666667, TCB: {'PD_1': ['PD_2'], 'PD_2': ['PD_1', 'PD_3'], 'PD_3': ['PD_2']}, FR: {'PD_1,PD_2': inf, 'PD_1,PD_3': inf, 'PD_2,PD_3': inf}
  Computing metrics...
    RSI: {'PD_1,PD_2': 0.3333333333333333, 'PD_1,PD_3': 0.0, 'PD_2,PD_3': 0.0}, ASR: 1.3333333333333333, TCB: {'PD_1': ['PD_2'], 'PD_2': ['PD_1'], 'PD_3': []}, FR: {'PD_1,PD_2': inf, 'PD_1,PD_3': inf, 'PD_2,PD_3': inf}
  Computing metrics...
    RSI: {'PD_1,PD_2': 0.3333333333333333, 'PD_1,PD_3': 0.5, 'PD_2,PD_3': 0.5}, ASR: 1.6666666666666667, TCB: {'PD_1': ['PD_2', 'PD_3'], 'PD_2': ['PD_1', 'PD_3'], 'PD_3': ['PD_1', 'PD_2']}, FR: {'PD_1,PD_2': inf, 'PD_1,PD_3': inf, 'PD_2,PD_3': inf}
  Computing metrics...
    RSI: {'PD_1,PD_2': 0.3333333333333333, 'PD_1,PD_3': 0.0, 'PD_2,PD_3': 0.0}, ASR: 1.3333333333333333, TCB: {'PD_1': ['PD_2'], 'PD_2': ['PD_1'], 'PD_3': []}, FR: {'PD_1,PD_2': inf, 'PD_1,PD_3': inf, 'PD_2,PD_3': inf}
  Computing metrics...
    RSI: {'PD_1,PD_2': 0.3333333333333333, 'PD_1,PD_3': 0.0, 'PD_2,PD_3': 0.0}, ASR: 1.6666666666666667, TCB: {'PD_1': ['PD_2'], 'PD_2': ['PD_1'], 'PD_3': []}, FR: {'PD_1,PD_2': inf, 'PD_1,PD_3': inf, 'PD_2,PD_3': inf}
  Computing metrics...
    RSI: {'PD_1,PD_2': 0.3333333333333333, 'PD_1,PD_3': 0.0, 'PD_2,PD_3': 0.0}, ASR: 1.3333333333333333, TCB: {'PD_1': ['PD_2'], 'PD_2': ['PD_1'], 'PD_3': []}, FR: {'PD_1,PD_2': inf, 'PD_1,PD_3': inf, 'PD_2,PD_3': inf}
  Computing metrics...
    RSI: {'PD_1,PD_2': 0.3333333333333333, 'PD_1,PD_3': 0.0, 'PD_2,PD_3': 0.0}, ASR: 1.6666666666666667, TCB: {'PD_1': ['PD_2'], 'PD_2': ['PD_1'], 'PD_3': []}, FR: {'PD_1,PD_2': inf, 'PD_1,PD_3': inf, 'PD_2,PD_3': inf}
  Computing metrics...
    RSI: {'PD_1,PD_2': 0.3333333333333333, 'PD_1,PD_3': 0.0, 'PD_2,PD_3': 0.0}, ASR: 1.3333333333333333, TCB: {'PD_1': ['PD_2'], 'PD_2': ['PD_1'], 'PD_3': []}, FR: {'PD_1,PD_2': inf, 'PD_1,PD_3': inf, 'PD_2,PD_3': inf}
  Computing metrics...
    RSI: {'PD_1,PD_2': 0.3333333333333333, 'PD_1,PD_3': 0.0, 'PD_2,PD_3': 0.0}, ASR: 1.6666666666666667, TCB: {'PD_1': ['PD_3', 'PD_2'], 'PD_2': ['PD_1'], 'PD_3': []}, FR: {'PD_1,PD_2': inf, 'PD_1,PD_3': inf, 'PD_2,PD_3': inf}
  Computing metrics...
    RSI: {'PD_1,PD_2': 0.3333333333333333, 'PD_1,PD_3': 0.0, 'PD_2,PD_3': 0.0}, ASR: 1.3333333333333333, TCB: {'PD_1': ['PD_2'], 'PD_2': ['PD_1'], 'PD_3': []}, FR: {'PD_1,PD_2': inf, 'PD_1,PD_3': inf, 'PD_2,PD_3': inf}
  Computing metrics...
    RSI: {'PD_1,PD_2': 0.3333333333333333, 'PD_1,PD_3': 0.0, 'PD_2,PD_3': 0.0}, ASR: 1.6666666666666667, TCB: {'PD_1': ['PD_2'], 'PD_2': ['PD_1'], 'PD_3': []}, FR: {'PD_1,PD_2': inf, 'PD_1,PD_3': inf, 'PD_2,PD_3': inf}
  Computing metrics...
    RSI: {'PD_1,PD_2': 0.3333333333333333, 'PD_1,PD_3': 0.0, 'PD_2,PD_3': 0.0}, ASR: 1.3333333333333333, TCB: {'PD_1': ['PD_2'], 'PD_2': ['PD_1'], 'PD_3': []}, FR: {'PD_1,PD_2': inf, 'PD_1,PD_3': inf, 'PD_2,PD_3': inf}
  Computing metrics...
    RSI: {'PD_1,PD_2': 0.3333333333333333, 'PD_1,PD_3': 0.0, 'PD_2,PD_3': 0.0}, ASR: 1.6666666666666667, TCB: {'PD_1': ['PD_2'], 'PD_2': ['PD_3', 'PD_1'], 'PD_3': []}, FR: {'PD_1,PD_2': inf, 'PD_1,PD_3': inf, 'PD_2,PD_3': inf}
  Computing metrics...
    RSI: {'PD_1,PD_2': 0.3333333333333333, 'PD_1,PD_3': 0.0, 'PD_2,PD_3': 0.0}, ASR: 1.3333333333333333, TCB: {'PD_1': ['PD_2'], 'PD_2': ['PD_1'], 'PD_3': []}, FR: {'PD_1,PD_2': inf, 'PD_1,PD_3': inf, 'PD_2,PD_3': inf}
  Computing metrics...
    RSI: {'PD_1,PD_2': 0.3333333333333333, 'PD_1,PD_3': 0.0, 'PD_2,PD_3': 0.0}, ASR: 1.6666666666666667, TCB: {'PD_1': ['PD_2'], 'PD_2': ['PD_1'], 'PD_3': ['PD_1']}, FR: {'PD_1,PD_2': inf, 'PD_1,PD_3': inf, 'PD_2,PD_3': inf}
  Computing metrics...
    RSI: {'PD_1,PD_2': 0.3333333333333333, 'PD_1,PD_3': 0.0, 'PD_2,PD_3': 0.0}, ASR: 1.3333333333333333, TCB: {'PD_1': ['PD_2'], 'PD_2': ['PD_1'], 'PD_3': []}, FR: {'PD_1,PD_2': inf, 'PD_1,PD_3': inf, 'PD_2,PD_3': inf}
  Computing metrics...
    RSI: {'PD_1,PD_2': 0.3333333333333333, 'PD_1,PD_3': 0.0, 'PD_2,PD_3': 0.0}, ASR: 1.6666666666666667, TCB: {'PD_1': ['PD_2'], 'PD_2': ['PD_1'], 'PD_3': ['PD_2']}, FR: {'PD_1,PD_2': inf, 'PD_1,PD_3': inf, 'PD_2,PD_3': inf}
  Computing metrics...
    RSI: {'PD_1,PD_2': 0.3333333333333333, 'PD_1,PD_3': 0.0, 'PD_2,PD_3': 0.0}, ASR: 1.3333333333333333, TCB: {'PD_1': ['PD_2'], 'PD_2': ['PD_1'], 'PD_3': []}, FR: {'PD_1,PD_2': inf, 'PD_1,PD_3': inf, 'PD_2,PD_3': inf}
  Computing metrics...
    RSI: {'PD_1,PD_2': 0.3333333333333333, 'PD_1,PD_3': 0.0, 'PD_2,PD_3': 0.0}, ASR: 1.3333333333333333, TCB: {'PD_1': ['PD_2'], 'PD_2': ['PD_1'], 'PD_3': []}, FR: {'PD_1,PD_2': inf, 'PD_1,PD_3': inf, 'PD_2,PD_3': inf}
  Computing metrics...
    RSI: {'PD_1,PD_2': 0.3333333333333333, 'PD_1,PD_3': 0.0, 'PD_2,PD_3': 0.0}, ASR: 1.3333333333333333, TCB: {'PD_1': ['PD_2'], 'PD_2': ['PD_1'], 'PD_3': []}, FR: {'PD_1,PD_2': inf, 'PD_1,PD_3': inf, 'PD_2,PD_3': inf}
  Computing metrics...
    RSI: {'PD_1,PD_2': 0.3333333333333333, 'PD_1,PD_3': 0.0, 'PD_2,PD_3': 0.0}, ASR: 1.3333333333333333, TCB: {'PD_1': ['PD_2'], 'PD_2': ['PD_1'], 'PD_3': []}, FR: {'PD_1,PD_2': inf, 'PD_1,PD_3': inf, 'PD_2,PD_3': inf}
  Computing metrics...
    RSI: {'PD_1,PD_2': 0.3333333333333333, 'PD_1,PD_3': 0.0, 'PD_2,PD_3': 0.0}, ASR: 1.3333333333333333, TCB: {'PD_1': ['PD_2'], 'PD_2': ['PD_1'], 'PD_3': []}, FR: {'PD_1,PD_2': inf, 'PD_1,PD_3': inf, 'PD_2,PD_3': inf}
  Computing metrics...
    RSI: {'PD_1,PD_2': 0.3333333333333333, 'PD_1,PD_3': 0.0, 'PD_2,PD_3': 0.0}, ASR: 1.3333333333333333, TCB: {'PD_1': ['PD_2'], 'PD_2': ['PD_1'], 'PD_3': []}, FR: {'PD_1,PD_2': inf, 'PD_1,PD_3': inf, 'PD_2,PD_3': inf}
  Computing metrics...
    RSI: {'PD_1,PD_2': 0.3333333333333333, 'PD_1,PD_3': 0.0, 'PD_2,PD_3': 0.0}, ASR: 1.3333333333333333, TCB: {'PD_1': ['PD_2'], 'PD_2': ['PD_1'], 'PD_3': []}, FR: {'PD_1,PD_2': inf, 'PD_1,PD_3': inf, 'PD_2,PD_3': inf}
  Computing metrics...
    RSI: {'PD_1,PD_2': 0.3333333333333333, 'PD_1,PD_3': 0.0, 'PD_2,PD_3': 0.0}, ASR: 1.3333333333333333, TCB: {'PD_1': ['PD_2'], 'PD_2': ['PD_1'], 'PD_3': []}, FR: {'PD_1,PD_2': inf, 'PD_1,PD_3': inf, 'PD_2,PD_3': inf}
  🚫 Filtered out 0 'remove_pd(remove empty PD_4)' candidates (avoiding repetition)
  Trying best transition: primitive
    Target: add new protection domain for system expansion
    Predicted improvement: 3.433
    Considered 25 other option(s):
      1. primitive: remove empty PD_3 (improvement: 0.100)
      2. primitive: create new CONFIG file in FILE_SPACE_1 (improvement: 0.100)
      3. primitive: create new DATABASE file in FILE_SPACE_1 (improvement: 0.100)
      4. primitive: create new TEMP file in FILE_SPACE_1 (improvement: 0.100)
      5. primitive: create new LOG file in FILE_SPACE_1 (improvement: 0.100)
      6. primitive: remove FILE_1_3 (holders: 2) (improvement: 0.100)
      7. primitive: remove FILE_1_4 (holders: 0) (improvement: 0.100)
      8. primitive: disconnect FILE_1_1 from FILE_SPACE_1 (improvement: 0.100)
      9. primitive: disconnect FILE_1_2 from FILE_SPACE_1 (improvement: 0.100)
      10. primitive: disconnect FILE_1_3 from FILE_SPACE_1 (improvement: 0.100)
      ... and 15 more
    ✅ Applied add_pd
  📋 Generated 26 candidate(s)
  Computing metrics...
    RSI: {'PD_1,PD_2': 0.3333333333333333, 'PD_1,PD_3': 0.0, 'PD_1,PD_5': 0.0, 'PD_2,PD_3': 0.0, 'PD_2,PD_5': 0.0, 'PD_3,PD_5': 0.0}, ASR: 1.0, TCB: {'PD_1': ['PD_2'], 'PD_2': ['PD_1'], 'PD_3': [], 'PD_5': []}, FR: {'PD_1,PD_2': inf, 'PD_1,PD_3': inf, 'PD_1,PD_5': inf, 'PD_2,PD_3': inf, 'PD_2,PD_5': inf, 'PD_3,PD_5': inf}
    ✅ Added candidate: add_pd (score: 3.433)
  Computing metrics...
    RSI: {'PD_1,PD_2': 0.3333333333333333}, ASR: 2.0, TCB: {'PD_1': ['PD_2'], 'PD_2': ['PD_1']}, FR: {'PD_1,PD_2': inf}
    ✅ Added candidate: remove_pd (score: 0.100)

📊 Next beam (3 states):
  Beam[0]: BeamState(iter=5, score=3.433, path=add_pd(add new protection domain for system expansion) → remove_pd(remove empty PD_4) → add_pd(add new protection domain for system expansion))
  Beam[1]: BeamState(iter=5, score=0.100, path=remove_pd(remove empty PD_3) → add_pd(add new protection domain for system expansion) → add_pd(add new protection domain for system expansion))
  Beam[2]: BeamState(iter=5, score=0.100, path=remove_pd(remove empty PD_3) → add_pd(add new protection domain for system expansion) → remove_pd(remove empty PD_4))
💡 Total candidates generated: 6
🎯 Mechanisms discovered so far: 0

============================================================
🔍 Beam Search Iteration 6/8
📊 Current beam size: 3
  Beam[0]: BeamState(iter=5, score=3.433, path=add_pd(add new protection domain for system expansion) → remove_pd(remove empty PD_4) → add_pd(add new protection domain for system expansion))
  Beam[1]: BeamState(iter=5, score=0.100, path=remove_pd(remove empty PD_3) → add_pd(add new protection domain for system expansion) → add_pd(add new protection domain for system expansion))
  Beam[2]: BeamState(iter=5, score=0.100, path=remove_pd(remove empty PD_3) → add_pd(add new protection domain for system expansion) → remove_pd(remove empty PD_4))

🌟 Expanding Beam[0] (score: 3.433)
  Computing metrics...
    RSI: {'PD_1,PD_2': 0.3333333333333333, 'PD_1,PD_3': 0.0, 'PD_1,PD_5': 0.0, 'PD_2,PD_3': 0.0, 'PD_2,PD_5': 0.0, 'PD_3,PD_5': 0.0}, ASR: 1.0, TCB: {'PD_1': ['PD_2'], 'PD_2': ['PD_1'], 'PD_3': [], 'PD_5': []}, FR: {'PD_1,PD_2': inf, 'PD_1,PD_3': inf, 'PD_1,PD_5': inf, 'PD_2,PD_3': inf, 'PD_2,PD_5': inf, 'PD_3,PD_5': inf}
    Goal not met: RSI[PD_1,PD_2]=0.333 > 0.3
  Computing metrics...
    RSI: {'PD_1,PD_2': 0.3333333333333333, 'PD_1,PD_3': 0.0, 'PD_1,PD_5': 0.0, 'PD_2,PD_3': 0.0, 'PD_2,PD_5': 0.0, 'PD_3,PD_5': 0.0}, ASR: 1.0, TCB: {'PD_1': ['PD_2'], 'PD_2': ['PD_1'], 'PD_3': [], 'PD_5': []}, FR: {'PD_1,PD_2': inf, 'PD_1,PD_3': inf, 'PD_1,PD_5': inf, 'PD_2,PD_3': inf, 'PD_2,PD_5': inf, 'PD_3,PD_5': inf}
  Computing metrics...
    RSI: {'PD_1,PD_2': 0.3333333333333333, 'PD_1,PD_3': 0.0, 'PD_1,PD_5': 0.0, 'PD_2,PD_3': 0.0, 'PD_2,PD_5': 0.0, 'PD_3,PD_5': 0.0}, ASR: 1.0, TCB: {'PD_1': ['PD_2'], 'PD_2': ['PD_1'], 'PD_3': [], 'PD_5': []}, FR: {'PD_1,PD_2': inf, 'PD_1,PD_3': inf, 'PD_1,PD_5': inf, 'PD_2,PD_3': inf, 'PD_2,PD_5': inf, 'PD_3,PD_5': inf}
  Computing metrics...
    RSI: {'PD_1,PD_2': 0.3333333333333333, 'PD_1,PD_3': 0.0, 'PD_1,PD_5': 0.0, 'PD_2,PD_3': 0.0, 'PD_2,PD_5': 0.0, 'PD_3,PD_5': 0.0}, ASR: 1.0, TCB: {'PD_1': ['PD_2'], 'PD_2': ['PD_1'], 'PD_3': [], 'PD_5': []}, FR: {'PD_1,PD_2': inf, 'PD_1,PD_3': inf, 'PD_1,PD_5': inf, 'PD_2,PD_3': inf, 'PD_2,PD_5': inf, 'PD_3,PD_5': inf}
  Computing metrics...
    RSI: {'PD_1,PD_2': 0.3333333333333333, 'PD_1,PD_3': 0.0, 'PD_1,PD_5': 0.0, 'PD_2,PD_3': 0.0, 'PD_2,PD_5': 0.0, 'PD_3,PD_5': 0.0}, ASR: 1.0, TCB: {'PD_1': ['PD_2'], 'PD_2': ['PD_1'], 'PD_3': [], 'PD_5': []}, FR: {'PD_1,PD_2': inf, 'PD_1,PD_3': inf, 'PD_1,PD_5': inf, 'PD_2,PD_3': inf, 'PD_2,PD_5': inf, 'PD_3,PD_5': inf}
  Computing metrics...
    RSI: {'PD_1,PD_2': 0.3333333333333333, 'PD_1,PD_3': 0.0, 'PD_1,PD_5': 0.0, 'PD_2,PD_3': 0.0, 'PD_2,PD_5': 0.0, 'PD_3,PD_5': 0.0}, ASR: 1.0, TCB: {'PD_1': ['PD_2'], 'PD_2': ['PD_1'], 'PD_3': [], 'PD_5': []}, FR: {'PD_1,PD_2': inf, 'PD_1,PD_3': inf, 'PD_1,PD_5': inf, 'PD_2,PD_3': inf, 'PD_2,PD_5': inf, 'PD_3,PD_5': inf}
  Computing metrics...
    RSI: {'PD_1,PD_2': 0.3333333333333333, 'PD_1,PD_3': 0.0, 'PD_1,PD_5': 0.0, 'PD_2,PD_3': 0.0, 'PD_2,PD_5': 0.0, 'PD_3,PD_5': 0.0}, ASR: 1.0, TCB: {'PD_1': ['PD_2'], 'PD_2': ['PD_1'], 'PD_3': [], 'PD_5': []}, FR: {'PD_1,PD_2': inf, 'PD_1,PD_3': inf, 'PD_1,PD_5': inf, 'PD_2,PD_3': inf, 'PD_2,PD_5': inf, 'PD_3,PD_5': inf}
  Computing metrics...
    RSI: {'PD_1,PD_2': 0.3333333333333333, 'PD_1,PD_3': 0.0, 'PD_1,PD_5': 0.0, 'PD_2,PD_3': 0.0, 'PD_2,PD_5': 0.0, 'PD_3,PD_5': 0.0}, ASR: 1.0, TCB: {'PD_1': ['PD_2'], 'PD_2': ['PD_1'], 'PD_3': [], 'PD_5': []}, FR: {'PD_1,PD_2': inf, 'PD_1,PD_3': inf, 'PD_1,PD_5': inf, 'PD_2,PD_3': inf, 'PD_2,PD_5': inf, 'PD_3,PD_5': inf}
  Computing metrics...
    RSI: {'PD_1,PD_2': 0.3333333333333333, 'PD_1,PD_3': 0.0, 'PD_1,PD_5': 0.0, 'PD_2,PD_3': 0.0, 'PD_2,PD_5': 0.0, 'PD_3,PD_5': 0.0}, ASR: 1.0, TCB: {'PD_1': ['PD_2'], 'PD_2': ['PD_1'], 'PD_3': [], 'PD_5': []}, FR: {'PD_1,PD_2': inf, 'PD_1,PD_3': inf, 'PD_1,PD_5': inf, 'PD_2,PD_3': inf, 'PD_2,PD_5': inf, 'PD_3,PD_5': inf}
  Computing metrics...
    RSI: {'PD_1,PD_2': 0.3333333333333333, 'PD_1,PD_3': 0.0, 'PD_1,PD_5': 0.0, 'PD_2,PD_3': 0.0, 'PD_2,PD_5': 0.0, 'PD_3,PD_5': 0.0}, ASR: 1.0, TCB: {'PD_1': ['PD_2'], 'PD_2': ['PD_1'], 'PD_3': [], 'PD_5': []}, FR: {'PD_1,PD_2': inf, 'PD_1,PD_3': inf, 'PD_1,PD_5': inf, 'PD_2,PD_3': inf, 'PD_2,PD_5': inf, 'PD_3,PD_5': inf}
  Computing metrics...
    RSI: {'PD_1,PD_2': 0.3333333333333333, 'PD_1,PD_3': 0.0, 'PD_1,PD_5': 0.0, 'PD_2,PD_3': 0.0, 'PD_2,PD_5': 0.0, 'PD_3,PD_5': 0.0}, ASR: 1.0, TCB: {'PD_1': ['PD_2'], 'PD_2': ['PD_1'], 'PD_3': [], 'PD_5': []}, FR: {'PD_1,PD_2': inf, 'PD_1,PD_3': inf, 'PD_1,PD_5': inf, 'PD_2,PD_3': inf, 'PD_2,PD_5': inf, 'PD_3,PD_5': inf}
  Computing metrics...
    RSI: {'PD_1,PD_2': 0.3333333333333333, 'PD_1,PD_3': 0.0, 'PD_1,PD_5': 0.0, 'PD_2,PD_3': 0.0, 'PD_2,PD_5': 0.0, 'PD_3,PD_5': 0.0}, ASR: 1.0, TCB: {'PD_1': ['PD_2'], 'PD_2': ['PD_1'], 'PD_3': [], 'PD_5': []}, FR: {'PD_1,PD_2': inf, 'PD_1,PD_3': inf, 'PD_1,PD_5': inf, 'PD_2,PD_3': inf, 'PD_2,PD_5': inf, 'PD_3,PD_5': inf}
  Computing metrics...
    RSI: {'PD_1,PD_2': 0.3333333333333333, 'PD_1,PD_3': 0.0, 'PD_1,PD_5': 0.0, 'PD_2,PD_3': 0.0, 'PD_2,PD_5': 0.0, 'PD_3,PD_5': 0.0}, ASR: 1.0, TCB: {'PD_1': ['PD_2'], 'PD_2': ['PD_1'], 'PD_3': [], 'PD_5': []}, FR: {'PD_1,PD_2': inf, 'PD_1,PD_3': inf, 'PD_1,PD_5': inf, 'PD_2,PD_3': inf, 'PD_2,PD_5': inf, 'PD_3,PD_5': inf}
  Computing metrics...
    RSI: {'PD_1,PD_2': 0.3333333333333333, 'PD_1,PD_3': 0.0, 'PD_1,PD_5': 0.0, 'PD_2,PD_3': 0.0, 'PD_2,PD_5': 0.0, 'PD_3,PD_5': 0.0}, ASR: 1.0, TCB: {'PD_1': ['PD_2'], 'PD_2': ['PD_1'], 'PD_3': [], 'PD_5': []}, FR: {'PD_1,PD_2': inf, 'PD_1,PD_3': inf, 'PD_1,PD_5': inf, 'PD_2,PD_3': inf, 'PD_2,PD_5': inf, 'PD_3,PD_5': inf}
  Computing metrics...
    RSI: {'PD_1,PD_2': 0.3333333333333333, 'PD_1,PD_3': 0.0, 'PD_1,PD_5': 0.0, 'PD_2,PD_3': 0.0, 'PD_2,PD_5': 0.0, 'PD_3,PD_5': 0.0}, ASR: 1.0, TCB: {'PD_1': ['PD_2'], 'PD_2': ['PD_1'], 'PD_3': [], 'PD_5': []}, FR: {'PD_1,PD_2': inf, 'PD_1,PD_3': inf, 'PD_1,PD_5': inf, 'PD_2,PD_3': inf, 'PD_2,PD_5': inf, 'PD_3,PD_5': inf}
  Computing metrics...
    RSI: {'PD_1,PD_2': 0.3333333333333333, 'PD_1,PD_3': 0.0, 'PD_1,PD_5': 0.0, 'PD_2,PD_3': 0.0, 'PD_2,PD_5': 0.0, 'PD_3,PD_5': 0.0}, ASR: 1.0, TCB: {'PD_1': ['PD_2'], 'PD_2': ['PD_1'], 'PD_3': [], 'PD_5': []}, FR: {'PD_1,PD_2': inf, 'PD_1,PD_3': inf, 'PD_1,PD_5': inf, 'PD_2,PD_3': inf, 'PD_2,PD_5': inf, 'PD_3,PD_5': inf}
  Computing metrics...
    RSI: {'PD_1,PD_2': 0.3333333333333333, 'PD_1,PD_3': 0.0, 'PD_1,PD_5': 0.0, 'PD_2,PD_3': 0.0, 'PD_2,PD_5': 0.0, 'PD_3,PD_5': 0.0}, ASR: 1.0, TCB: {'PD_1': ['PD_2'], 'PD_2': ['PD_1'], 'PD_3': [], 'PD_5': []}, FR: {'PD_1,PD_2': inf, 'PD_1,PD_3': inf, 'PD_1,PD_5': inf, 'PD_2,PD_3': inf, 'PD_2,PD_5': inf, 'PD_3,PD_5': inf}
  Computing metrics...
    RSI: {'PD_1,PD_2': 0.3333333333333333, 'PD_1,PD_3': 0.0, 'PD_1,PD_5': 0.0, 'PD_2,PD_3': 0.0, 'PD_2,PD_5': 0.0, 'PD_3,PD_5': 0.0}, ASR: 1.0, TCB: {'PD_1': ['PD_2'], 'PD_2': ['PD_1'], 'PD_3': [], 'PD_5': []}, FR: {'PD_1,PD_2': inf, 'PD_1,PD_3': inf, 'PD_1,PD_5': inf, 'PD_2,PD_3': inf, 'PD_2,PD_5': inf, 'PD_3,PD_5': inf}
  Computing metrics...
    RSI: {'PD_1,PD_2': 0.3333333333333333, 'PD_1,PD_3': 0.0, 'PD_1,PD_5': 0.0, 'PD_2,PD_3': 0.0, 'PD_2,PD_5': 0.0, 'PD_3,PD_5': 0.0}, ASR: 1.0, TCB: {'PD_1': ['PD_2'], 'PD_2': ['PD_1'], 'PD_3': [], 'PD_5': []}, FR: {'PD_1,PD_2': inf, 'PD_1,PD_3': inf, 'PD_1,PD_5': inf, 'PD_2,PD_3': inf, 'PD_2,PD_5': inf, 'PD_3,PD_5': inf}
  Computing metrics...
    RSI: {'PD_1,PD_2': 0.3333333333333333, 'PD_1,PD_3': 0.0, 'PD_1,PD_5': 0.0, 'PD_2,PD_3': 0.0, 'PD_2,PD_5': 0.0, 'PD_3,PD_5': 0.0}, ASR: 1.0, TCB: {'PD_1': ['PD_2'], 'PD_2': ['PD_1'], 'PD_3': [], 'PD_5': []}, FR: {'PD_1,PD_2': inf, 'PD_1,PD_3': inf, 'PD_1,PD_5': inf, 'PD_2,PD_3': inf, 'PD_2,PD_5': inf, 'PD_3,PD_5': inf}
  Computing metrics...
    RSI: {'PD_1,PD_2': 0.6666666666666666, 'PD_1,PD_3': 0.0, 'PD_1,PD_5': 0.0, 'PD_2,PD_3': 0.0, 'PD_2,PD_5': 0.0, 'PD_3,PD_5': 0.0}, ASR: 1.25, TCB: {'PD_1': ['PD_2'], 'PD_2': ['PD_1'], 'PD_3': [], 'PD_5': []}, FR: {'PD_1,PD_2': inf, 'PD_1,PD_3': inf, 'PD_1,PD_5': inf, 'PD_2,PD_3': inf, 'PD_2,PD_5': inf, 'PD_3,PD_5': inf}
  Computing metrics...
    RSI: {'PD_1,PD_2': 0.3333333333333333, 'PD_1,PD_3': 0.0, 'PD_1,PD_5': 0.0, 'PD_2,PD_3': 0.0, 'PD_2,PD_5': 0.0, 'PD_3,PD_5': 0.0}, ASR: 1.0, TCB: {'PD_1': ['PD_2'], 'PD_2': ['PD_1'], 'PD_3': [], 'PD_5': []}, FR: {'PD_1,PD_2': inf, 'PD_1,PD_3': inf, 'PD_1,PD_5': inf, 'PD_2,PD_3': inf, 'PD_2,PD_5': inf, 'PD_3,PD_5': inf}
  Computing metrics...
    RSI: {'PD_1,PD_2': 0.25, 'PD_1,PD_3': 0.0, 'PD_1,PD_5': 0.0, 'PD_2,PD_3': 0.0, 'PD_2,PD_5': 0.0, 'PD_3,PD_5': 0.0}, ASR: 1.25, TCB: {'PD_1': ['PD_2'], 'PD_2': ['PD_1'], 'PD_3': [], 'PD_5': []}, FR: {'PD_1,PD_2': inf, 'PD_1,PD_3': inf, 'PD_1,PD_5': inf, 'PD_2,PD_3': inf, 'PD_2,PD_5': inf, 'PD_3,PD_5': inf}
  Computing metrics...
    RSI: {'PD_1,PD_2': 0.3333333333333333, 'PD_1,PD_3': 0.0, 'PD_1,PD_5': 0.0, 'PD_2,PD_3': 0.0, 'PD_2,PD_5': 0.0, 'PD_3,PD_5': 0.0}, ASR: 1.0, TCB: {'PD_1': ['PD_2'], 'PD_2': ['PD_1'], 'PD_3': [], 'PD_5': []}, FR: {'PD_1,PD_2': inf, 'PD_1,PD_3': inf, 'PD_1,PD_5': inf, 'PD_2,PD_3': inf, 'PD_2,PD_5': inf, 'PD_3,PD_5': inf}
  Computing metrics...
    RSI: {'PD_1,PD_2': 0.6666666666666666, 'PD_1,PD_3': 0.0, 'PD_1,PD_5': 0.0, 'PD_2,PD_3': 0.0, 'PD_2,PD_5': 0.0, 'PD_3,PD_5': 0.0}, ASR: 1.25, TCB: {'PD_1': ['PD_2'], 'PD_2': ['PD_1'], 'PD_3': [], 'PD_5': []}, FR: {'PD_1,PD_2': inf, 'PD_1,PD_3': inf, 'PD_1,PD_5': inf, 'PD_2,PD_3': inf, 'PD_2,PD_5': inf, 'PD_3,PD_5': inf}
  Computing metrics...
    RSI: {'PD_1,PD_2': 0.3333333333333333, 'PD_1,PD_3': 0.0, 'PD_1,PD_5': 0.0, 'PD_2,PD_3': 0.0, 'PD_2,PD_5': 0.0, 'PD_3,PD_5': 0.0}, ASR: 1.0, TCB: {'PD_1': ['PD_2'], 'PD_2': ['PD_1'], 'PD_3': [], 'PD_5': []}, FR: {'PD_1,PD_2': inf, 'PD_1,PD_3': inf, 'PD_1,PD_5': inf, 'PD_2,PD_3': inf, 'PD_2,PD_5': inf, 'PD_3,PD_5': inf}
  Computing metrics...
    RSI: {'PD_1,PD_2': 0.25, 'PD_1,PD_3': 0.0, 'PD_1,PD_5': 0.0, 'PD_2,PD_3': 0.0, 'PD_2,PD_5': 0.0, 'PD_3,PD_5': 0.0}, ASR: 1.25, TCB: {'PD_1': ['PD_2'], 'PD_2': ['PD_1'], 'PD_3': [], 'PD_5': []}, FR: {'PD_1,PD_2': inf, 'PD_1,PD_3': inf, 'PD_1,PD_5': inf, 'PD_2,PD_3': inf, 'PD_2,PD_5': inf, 'PD_3,PD_5': inf}
  Computing metrics...
    RSI: {'PD_1,PD_2': 0.3333333333333333, 'PD_1,PD_3': 0.0, 'PD_1,PD_5': 0.0, 'PD_2,PD_3': 0.0, 'PD_2,PD_5': 0.0, 'PD_3,PD_5': 0.0}, ASR: 1.0, TCB: {'PD_1': ['PD_2'], 'PD_2': ['PD_1'], 'PD_3': [], 'PD_5': []}, FR: {'PD_1,PD_2': inf, 'PD_1,PD_3': inf, 'PD_1,PD_5': inf, 'PD_2,PD_3': inf, 'PD_2,PD_5': inf, 'PD_3,PD_5': inf}
  Computing metrics...
    RSI: {'PD_1,PD_2': 0.3333333333333333, 'PD_1,PD_3': 0.5, 'PD_1,PD_5': 0.0, 'PD_2,PD_3': 0.0, 'PD_2,PD_5': 0.0, 'PD_3,PD_5': 0.0}, ASR: 1.25, TCB: {'PD_1': ['PD_3', 'PD_2'], 'PD_2': ['PD_1'], 'PD_3': ['PD_1'], 'PD_5': []}, FR: {'PD_1,PD_2': inf, 'PD_1,PD_3': inf, 'PD_1,PD_5': inf, 'PD_2,PD_3': inf, 'PD_2,PD_5': inf, 'PD_3,PD_5': inf}
  Computing metrics...
    RSI: {'PD_1,PD_2': 0.3333333333333333, 'PD_1,PD_3': 0.0, 'PD_1,PD_5': 0.0, 'PD_2,PD_3': 0.0, 'PD_2,PD_5': 0.0, 'PD_3,PD_5': 0.0}, ASR: 1.0, TCB: {'PD_1': ['PD_2'], 'PD_2': ['PD_1'], 'PD_3': [], 'PD_5': []}, FR: {'PD_1,PD_2': inf, 'PD_1,PD_3': inf, 'PD_1,PD_5': inf, 'PD_2,PD_3': inf, 'PD_2,PD_5': inf, 'PD_3,PD_5': inf}
  Computing metrics...
    RSI: {'PD_1,PD_2': 0.3333333333333333, 'PD_1,PD_3': 0.0, 'PD_1,PD_5': 0.0, 'PD_2,PD_3': 0.5, 'PD_2,PD_5': 0.0, 'PD_3,PD_5': 0.0}, ASR: 1.25, TCB: {'PD_1': ['PD_2'], 'PD_2': ['PD_1', 'PD_3'], 'PD_3': ['PD_2'], 'PD_5': []}, FR: {'PD_1,PD_2': inf, 'PD_1,PD_3': inf, 'PD_1,PD_5': inf, 'PD_2,PD_3': inf, 'PD_2,PD_5': inf, 'PD_3,PD_5': inf}
  Computing metrics...
    RSI: {'PD_1,PD_2': 0.3333333333333333, 'PD_1,PD_3': 0.0, 'PD_1,PD_5': 0.0, 'PD_2,PD_3': 0.0, 'PD_2,PD_5': 0.0, 'PD_3,PD_5': 0.0}, ASR: 1.0, TCB: {'PD_1': ['PD_2'], 'PD_2': ['PD_1'], 'PD_3': [], 'PD_5': []}, FR: {'PD_1,PD_2': inf, 'PD_1,PD_3': inf, 'PD_1,PD_5': inf, 'PD_2,PD_3': inf, 'PD_2,PD_5': inf, 'PD_3,PD_5': inf}
  Computing metrics...
    RSI: {'PD_1,PD_2': 0.3333333333333333, 'PD_1,PD_3': 0.5, 'PD_1,PD_5': 0.0, 'PD_2,PD_3': 0.5, 'PD_2,PD_5': 0.0, 'PD_3,PD_5': 0.0}, ASR: 1.25, TCB: {'PD_1': ['PD_2', 'PD_3'], 'PD_2': ['PD_1', 'PD_3'], 'PD_3': ['PD_1', 'PD_2'], 'PD_5': []}, FR: {'PD_1,PD_2': inf, 'PD_1,PD_3': inf, 'PD_1,PD_5': inf, 'PD_2,PD_3': inf, 'PD_2,PD_5': inf, 'PD_3,PD_5': inf}
  Computing metrics...
    RSI: {'PD_1,PD_2': 0.3333333333333333, 'PD_1,PD_3': 0.0, 'PD_1,PD_5': 0.0, 'PD_2,PD_3': 0.0, 'PD_2,PD_5': 0.0, 'PD_3,PD_5': 0.0}, ASR: 1.0, TCB: {'PD_1': ['PD_2'], 'PD_2': ['PD_1'], 'PD_3': [], 'PD_5': []}, FR: {'PD_1,PD_2': inf, 'PD_1,PD_3': inf, 'PD_1,PD_5': inf, 'PD_2,PD_3': inf, 'PD_2,PD_5': inf, 'PD_3,PD_5': inf}
  Computing metrics...
    RSI: {'PD_1,PD_2': 0.3333333333333333, 'PD_1,PD_3': 0.0, 'PD_1,PD_5': 0.0, 'PD_2,PD_3': 0.0, 'PD_2,PD_5': 0.0, 'PD_3,PD_5': 0.0}, ASR: 1.25, TCB: {'PD_1': ['PD_2'], 'PD_2': ['PD_1'], 'PD_3': [], 'PD_5': []}, FR: {'PD_1,PD_2': inf, 'PD_1,PD_3': inf, 'PD_1,PD_5': inf, 'PD_2,PD_3': inf, 'PD_2,PD_5': inf, 'PD_3,PD_5': inf}
  Computing metrics...
    RSI: {'PD_1,PD_2': 0.3333333333333333, 'PD_1,PD_3': 0.0, 'PD_1,PD_5': 0.0, 'PD_2,PD_3': 0.0, 'PD_2,PD_5': 0.0, 'PD_3,PD_5': 0.0}, ASR: 1.0, TCB: {'PD_1': ['PD_2'], 'PD_2': ['PD_1'], 'PD_3': [], 'PD_5': []}, FR: {'PD_1,PD_2': inf, 'PD_1,PD_3': inf, 'PD_1,PD_5': inf, 'PD_2,PD_3': inf, 'PD_2,PD_5': inf, 'PD_3,PD_5': inf}
  Computing metrics...
    RSI: {'PD_1,PD_2': 0.3333333333333333, 'PD_1,PD_3': 0.0, 'PD_1,PD_5': 0.5, 'PD_2,PD_3': 0.0, 'PD_2,PD_5': 0.0, 'PD_3,PD_5': 0.0}, ASR: 1.25, TCB: {'PD_1': ['PD_5', 'PD_2'], 'PD_2': ['PD_1'], 'PD_3': [], 'PD_5': ['PD_1']}, FR: {'PD_1,PD_2': inf, 'PD_1,PD_3': inf, 'PD_1,PD_5': inf, 'PD_2,PD_3': inf, 'PD_2,PD_5': inf, 'PD_3,PD_5': inf}
  Computing metrics...
    RSI: {'PD_1,PD_2': 0.3333333333333333, 'PD_1,PD_3': 0.0, 'PD_1,PD_5': 0.0, 'PD_2,PD_3': 0.0, 'PD_2,PD_5': 0.0, 'PD_3,PD_5': 0.0}, ASR: 1.0, TCB: {'PD_1': ['PD_2'], 'PD_2': ['PD_1'], 'PD_3': [], 'PD_5': []}, FR: {'PD_1,PD_2': inf, 'PD_1,PD_3': inf, 'PD_1,PD_5': inf, 'PD_2,PD_3': inf, 'PD_2,PD_5': inf, 'PD_3,PD_5': inf}
  Computing metrics...
    RSI: {'PD_1,PD_2': 0.3333333333333333, 'PD_1,PD_3': 0.0, 'PD_1,PD_5': 0.0, 'PD_2,PD_3': 0.0, 'PD_2,PD_5': 0.5, 'PD_3,PD_5': 0.0}, ASR: 1.25, TCB: {'PD_1': ['PD_2'], 'PD_2': ['PD_1', 'PD_5'], 'PD_3': [], 'PD_5': ['PD_2']}, FR: {'PD_1,PD_2': inf, 'PD_1,PD_3': inf, 'PD_1,PD_5': inf, 'PD_2,PD_3': inf, 'PD_2,PD_5': inf, 'PD_3,PD_5': inf}
  Computing metrics...
    RSI: {'PD_1,PD_2': 0.3333333333333333, 'PD_1,PD_3': 0.0, 'PD_1,PD_5': 0.0, 'PD_2,PD_3': 0.0, 'PD_2,PD_5': 0.0, 'PD_3,PD_5': 0.0}, ASR: 1.0, TCB: {'PD_1': ['PD_2'], 'PD_2': ['PD_1'], 'PD_3': [], 'PD_5': []}, FR: {'PD_1,PD_2': inf, 'PD_1,PD_3': inf, 'PD_1,PD_5': inf, 'PD_2,PD_3': inf, 'PD_2,PD_5': inf, 'PD_3,PD_5': inf}
  Computing metrics...
    RSI: {'PD_1,PD_2': 0.3333333333333333, 'PD_1,PD_3': 0.0, 'PD_1,PD_5': 0.5, 'PD_2,PD_3': 0.0, 'PD_2,PD_5': 0.5, 'PD_3,PD_5': 0.0}, ASR: 1.25, TCB: {'PD_1': ['PD_2', 'PD_5'], 'PD_2': ['PD_1', 'PD_5'], 'PD_3': [], 'PD_5': ['PD_1', 'PD_2']}, FR: {'PD_1,PD_2': inf, 'PD_1,PD_3': inf, 'PD_1,PD_5': inf, 'PD_2,PD_3': inf, 'PD_2,PD_5': inf, 'PD_3,PD_5': inf}
  Computing metrics...
    RSI: {'PD_1,PD_2': 0.3333333333333333, 'PD_1,PD_3': 0.0, 'PD_1,PD_5': 0.0, 'PD_2,PD_3': 0.0, 'PD_2,PD_5': 0.0, 'PD_3,PD_5': 0.0}, ASR: 1.0, TCB: {'PD_1': ['PD_2'], 'PD_2': ['PD_1'], 'PD_3': [], 'PD_5': []}, FR: {'PD_1,PD_2': inf, 'PD_1,PD_3': inf, 'PD_1,PD_5': inf, 'PD_2,PD_3': inf, 'PD_2,PD_5': inf, 'PD_3,PD_5': inf}
  Computing metrics...
    RSI: {'PD_1,PD_2': 0.3333333333333333, 'PD_1,PD_3': 0.0, 'PD_1,PD_5': 0.0, 'PD_2,PD_3': 0.0, 'PD_2,PD_5': 0.0, 'PD_3,PD_5': 0.0}, ASR: 1.25, TCB: {'PD_1': ['PD_2'], 'PD_2': ['PD_1'], 'PD_3': [], 'PD_5': []}, FR: {'PD_1,PD_2': inf, 'PD_1,PD_3': inf, 'PD_1,PD_5': inf, 'PD_2,PD_3': inf, 'PD_2,PD_5': inf, 'PD_3,PD_5': inf}
  Computing metrics...
    RSI: {'PD_1,PD_2': 0.3333333333333333, 'PD_1,PD_3': 0.0, 'PD_1,PD_5': 0.0, 'PD_2,PD_3': 0.0, 'PD_2,PD_5': 0.0, 'PD_3,PD_5': 0.0}, ASR: 1.0, TCB: {'PD_1': ['PD_2'], 'PD_2': ['PD_1'], 'PD_3': [], 'PD_5': []}, FR: {'PD_1,PD_2': inf, 'PD_1,PD_3': inf, 'PD_1,PD_5': inf, 'PD_2,PD_3': inf, 'PD_2,PD_5': inf, 'PD_3,PD_5': inf}
  Computing metrics...
    RSI: {'PD_1,PD_2': 0.3333333333333333, 'PD_1,PD_3': 0.0, 'PD_1,PD_5': 0.0, 'PD_2,PD_3': 0.0, 'PD_2,PD_5': 0.0, 'PD_3,PD_5': 0.0}, ASR: 1.25, TCB: {'PD_1': ['PD_2'], 'PD_2': ['PD_1'], 'PD_3': [], 'PD_5': []}, FR: {'PD_1,PD_2': inf, 'PD_1,PD_3': inf, 'PD_1,PD_5': inf, 'PD_2,PD_3': inf, 'PD_2,PD_5': inf, 'PD_3,PD_5': inf}
  Computing metrics...
    RSI: {'PD_1,PD_2': 0.3333333333333333, 'PD_1,PD_3': 0.0, 'PD_1,PD_5': 0.0, 'PD_2,PD_3': 0.0, 'PD_2,PD_5': 0.0, 'PD_3,PD_5': 0.0}, ASR: 1.0, TCB: {'PD_1': ['PD_2'], 'PD_2': ['PD_1'], 'PD_3': [], 'PD_5': []}, FR: {'PD_1,PD_2': inf, 'PD_1,PD_3': inf, 'PD_1,PD_5': inf, 'PD_2,PD_3': inf, 'PD_2,PD_5': inf, 'PD_3,PD_5': inf}
  Computing metrics...
    RSI: {'PD_1,PD_2': 0.3333333333333333, 'PD_1,PD_3': 0.0, 'PD_1,PD_5': 0.0, 'PD_2,PD_3': 0.0, 'PD_2,PD_5': 0.0, 'PD_3,PD_5': 0.0}, ASR: 1.25, TCB: {'PD_1': ['PD_3', 'PD_2'], 'PD_2': ['PD_1'], 'PD_3': [], 'PD_5': []}, FR: {'PD_1,PD_2': inf, 'PD_1,PD_3': inf, 'PD_1,PD_5': inf, 'PD_2,PD_3': inf, 'PD_2,PD_5': inf, 'PD_3,PD_5': inf}
  Computing metrics...
    RSI: {'PD_1,PD_2': 0.3333333333333333, 'PD_1,PD_3': 0.0, 'PD_1,PD_5': 0.0, 'PD_2,PD_3': 0.0, 'PD_2,PD_5': 0.0, 'PD_3,PD_5': 0.0}, ASR: 1.0, TCB: {'PD_1': ['PD_2'], 'PD_2': ['PD_1'], 'PD_3': [], 'PD_5': []}, FR: {'PD_1,PD_2': inf, 'PD_1,PD_3': inf, 'PD_1,PD_5': inf, 'PD_2,PD_3': inf, 'PD_2,PD_5': inf, 'PD_3,PD_5': inf}
  Computing metrics...
    RSI: {'PD_1,PD_2': 0.3333333333333333, 'PD_1,PD_3': 0.0, 'PD_1,PD_5': 0.0, 'PD_2,PD_3': 0.0, 'PD_2,PD_5': 0.0, 'PD_3,PD_5': 0.0}, ASR: 1.25, TCB: {'PD_1': ['PD_5', 'PD_2'], 'PD_2': ['PD_1'], 'PD_3': [], 'PD_5': []}, FR: {'PD_1,PD_2': inf, 'PD_1,PD_3': inf, 'PD_1,PD_5': inf, 'PD_2,PD_3': inf, 'PD_2,PD_5': inf, 'PD_3,PD_5': inf}
  Computing metrics...
    RSI: {'PD_1,PD_2': 0.3333333333333333, 'PD_1,PD_3': 0.0, 'PD_1,PD_5': 0.0, 'PD_2,PD_3': 0.0, 'PD_2,PD_5': 0.0, 'PD_3,PD_5': 0.0}, ASR: 1.0, TCB: {'PD_1': ['PD_2'], 'PD_2': ['PD_1'], 'PD_3': [], 'PD_5': []}, FR: {'PD_1,PD_2': inf, 'PD_1,PD_3': inf, 'PD_1,PD_5': inf, 'PD_2,PD_3': inf, 'PD_2,PD_5': inf, 'PD_3,PD_5': inf}
  Computing metrics...
    RSI: {'PD_1,PD_2': 0.3333333333333333, 'PD_1,PD_3': 0.0, 'PD_1,PD_5': 0.0, 'PD_2,PD_3': 0.0, 'PD_2,PD_5': 0.0, 'PD_3,PD_5': 0.0}, ASR: 1.25, TCB: {'PD_1': ['PD_2'], 'PD_2': ['PD_1'], 'PD_3': [], 'PD_5': []}, FR: {'PD_1,PD_2': inf, 'PD_1,PD_3': inf, 'PD_1,PD_5': inf, 'PD_2,PD_3': inf, 'PD_2,PD_5': inf, 'PD_3,PD_5': inf}
  Computing metrics...
    RSI: {'PD_1,PD_2': 0.3333333333333333, 'PD_1,PD_3': 0.0, 'PD_1,PD_5': 0.0, 'PD_2,PD_3': 0.0, 'PD_2,PD_5': 0.0, 'PD_3,PD_5': 0.0}, ASR: 1.0, TCB: {'PD_1': ['PD_2'], 'PD_2': ['PD_1'], 'PD_3': [], 'PD_5': []}, FR: {'PD_1,PD_2': inf, 'PD_1,PD_3': inf, 'PD_1,PD_5': inf, 'PD_2,PD_3': inf, 'PD_2,PD_5': inf, 'PD_3,PD_5': inf}
  Computing metrics...
    RSI: {'PD_1,PD_2': 0.3333333333333333, 'PD_1,PD_3': 0.0, 'PD_1,PD_5': 0.0, 'PD_2,PD_3': 0.0, 'PD_2,PD_5': 0.0, 'PD_3,PD_5': 0.0}, ASR: 1.25, TCB: {'PD_1': ['PD_2'], 'PD_2': ['PD_3', 'PD_1'], 'PD_3': [], 'PD_5': []}, FR: {'PD_1,PD_2': inf, 'PD_1,PD_3': inf, 'PD_1,PD_5': inf, 'PD_2,PD_3': inf, 'PD_2,PD_5': inf, 'PD_3,PD_5': inf}
  Computing metrics...
    RSI: {'PD_1,PD_2': 0.3333333333333333, 'PD_1,PD_3': 0.0, 'PD_1,PD_5': 0.0, 'PD_2,PD_3': 0.0, 'PD_2,PD_5': 0.0, 'PD_3,PD_5': 0.0}, ASR: 1.0, TCB: {'PD_1': ['PD_2'], 'PD_2': ['PD_1'], 'PD_3': [], 'PD_5': []}, FR: {'PD_1,PD_2': inf, 'PD_1,PD_3': inf, 'PD_1,PD_5': inf, 'PD_2,PD_3': inf, 'PD_2,PD_5': inf, 'PD_3,PD_5': inf}
  Computing metrics...
    RSI: {'PD_1,PD_2': 0.3333333333333333, 'PD_1,PD_3': 0.0, 'PD_1,PD_5': 0.0, 'PD_2,PD_3': 0.0, 'PD_2,PD_5': 0.0, 'PD_3,PD_5': 0.0}, ASR: 1.25, TCB: {'PD_1': ['PD_2'], 'PD_2': ['PD_5', 'PD_1'], 'PD_3': [], 'PD_5': []}, FR: {'PD_1,PD_2': inf, 'PD_1,PD_3': inf, 'PD_1,PD_5': inf, 'PD_2,PD_3': inf, 'PD_2,PD_5': inf, 'PD_3,PD_5': inf}
  Computing metrics...
    RSI: {'PD_1,PD_2': 0.3333333333333333, 'PD_1,PD_3': 0.0, 'PD_1,PD_5': 0.0, 'PD_2,PD_3': 0.0, 'PD_2,PD_5': 0.0, 'PD_3,PD_5': 0.0}, ASR: 1.0, TCB: {'PD_1': ['PD_2'], 'PD_2': ['PD_1'], 'PD_3': [], 'PD_5': []}, FR: {'PD_1,PD_2': inf, 'PD_1,PD_3': inf, 'PD_1,PD_5': inf, 'PD_2,PD_3': inf, 'PD_2,PD_5': inf, 'PD_3,PD_5': inf}
  Computing metrics...
    RSI: {'PD_1,PD_2': 0.3333333333333333, 'PD_1,PD_3': 0.0, 'PD_1,PD_5': 0.0, 'PD_2,PD_3': 0.0, 'PD_2,PD_5': 0.0, 'PD_3,PD_5': 0.0}, ASR: 1.25, TCB: {'PD_1': ['PD_2'], 'PD_2': ['PD_1'], 'PD_3': ['PD_1'], 'PD_5': []}, FR: {'PD_1,PD_2': inf, 'PD_1,PD_3': inf, 'PD_1,PD_5': inf, 'PD_2,PD_3': inf, 'PD_2,PD_5': inf, 'PD_3,PD_5': inf}
  Computing metrics...
    RSI: {'PD_1,PD_2': 0.3333333333333333, 'PD_1,PD_3': 0.0, 'PD_1,PD_5': 0.0, 'PD_2,PD_3': 0.0, 'PD_2,PD_5': 0.0, 'PD_3,PD_5': 0.0}, ASR: 1.0, TCB: {'PD_1': ['PD_2'], 'PD_2': ['PD_1'], 'PD_3': [], 'PD_5': []}, FR: {'PD_1,PD_2': inf, 'PD_1,PD_3': inf, 'PD_1,PD_5': inf, 'PD_2,PD_3': inf, 'PD_2,PD_5': inf, 'PD_3,PD_5': inf}
  Computing metrics...
    RSI: {'PD_1,PD_2': 0.3333333333333333, 'PD_1,PD_3': 0.0, 'PD_1,PD_5': 0.0, 'PD_2,PD_3': 0.0, 'PD_2,PD_5': 0.0, 'PD_3,PD_5': 0.0}, ASR: 1.25, TCB: {'PD_1': ['PD_2'], 'PD_2': ['PD_1'], 'PD_3': ['PD_2'], 'PD_5': []}, FR: {'PD_1,PD_2': inf, 'PD_1,PD_3': inf, 'PD_1,PD_5': inf, 'PD_2,PD_3': inf, 'PD_2,PD_5': inf, 'PD_3,PD_5': inf}
  Computing metrics...
    RSI: {'PD_1,PD_2': 0.3333333333333333, 'PD_1,PD_3': 0.0, 'PD_1,PD_5': 0.0, 'PD_2,PD_3': 0.0, 'PD_2,PD_5': 0.0, 'PD_3,PD_5': 0.0}, ASR: 1.0, TCB: {'PD_1': ['PD_2'], 'PD_2': ['PD_1'], 'PD_3': [], 'PD_5': []}, FR: {'PD_1,PD_2': inf, 'PD_1,PD_3': inf, 'PD_1,PD_5': inf, 'PD_2,PD_3': inf, 'PD_2,PD_5': inf, 'PD_3,PD_5': inf}
  Computing metrics...
    RSI: {'PD_1,PD_2': 0.3333333333333333, 'PD_1,PD_3': 0.0, 'PD_1,PD_5': 0.0, 'PD_2,PD_3': 0.0, 'PD_2,PD_5': 0.0, 'PD_3,PD_5': 0.0}, ASR: 1.25, TCB: {'PD_1': ['PD_2'], 'PD_2': ['PD_1'], 'PD_3': ['PD_5'], 'PD_5': []}, FR: {'PD_1,PD_2': inf, 'PD_1,PD_3': inf, 'PD_1,PD_5': inf, 'PD_2,PD_3': inf, 'PD_2,PD_5': inf, 'PD_3,PD_5': inf}
  Computing metrics...
    RSI: {'PD_1,PD_2': 0.3333333333333333, 'PD_1,PD_3': 0.0, 'PD_1,PD_5': 0.0, 'PD_2,PD_3': 0.0, 'PD_2,PD_5': 0.0, 'PD_3,PD_5': 0.0}, ASR: 1.0, TCB: {'PD_1': ['PD_2'], 'PD_2': ['PD_1'], 'PD_3': [], 'PD_5': []}, FR: {'PD_1,PD_2': inf, 'PD_1,PD_3': inf, 'PD_1,PD_5': inf, 'PD_2,PD_3': inf, 'PD_2,PD_5': inf, 'PD_3,PD_5': inf}
  Computing metrics...
    RSI: {'PD_1,PD_2': 0.3333333333333333, 'PD_1,PD_3': 0.0, 'PD_1,PD_5': 0.0, 'PD_2,PD_3': 0.0, 'PD_2,PD_5': 0.0, 'PD_3,PD_5': 0.0}, ASR: 1.25, TCB: {'PD_1': ['PD_2'], 'PD_2': ['PD_1'], 'PD_3': [], 'PD_5': ['PD_1']}, FR: {'PD_1,PD_2': inf, 'PD_1,PD_3': inf, 'PD_1,PD_5': inf, 'PD_2,PD_3': inf, 'PD_2,PD_5': inf, 'PD_3,PD_5': inf}
  Computing metrics...
    RSI: {'PD_1,PD_2': 0.3333333333333333, 'PD_1,PD_3': 0.0, 'PD_1,PD_5': 0.0, 'PD_2,PD_3': 0.0, 'PD_2,PD_5': 0.0, 'PD_3,PD_5': 0.0}, ASR: 1.0, TCB: {'PD_1': ['PD_2'], 'PD_2': ['PD_1'], 'PD_3': [], 'PD_5': []}, FR: {'PD_1,PD_2': inf, 'PD_1,PD_3': inf, 'PD_1,PD_5': inf, 'PD_2,PD_3': inf, 'PD_2,PD_5': inf, 'PD_3,PD_5': inf}
  Computing metrics...
    RSI: {'PD_1,PD_2': 0.3333333333333333, 'PD_1,PD_3': 0.0, 'PD_1,PD_5': 0.0, 'PD_2,PD_3': 0.0, 'PD_2,PD_5': 0.0, 'PD_3,PD_5': 0.0}, ASR: 1.25, TCB: {'PD_1': ['PD_2'], 'PD_2': ['PD_1'], 'PD_3': [], 'PD_5': ['PD_2']}, FR: {'PD_1,PD_2': inf, 'PD_1,PD_3': inf, 'PD_1,PD_5': inf, 'PD_2,PD_3': inf, 'PD_2,PD_5': inf, 'PD_3,PD_5': inf}
  Computing metrics...
    RSI: {'PD_1,PD_2': 0.3333333333333333, 'PD_1,PD_3': 0.0, 'PD_1,PD_5': 0.0, 'PD_2,PD_3': 0.0, 'PD_2,PD_5': 0.0, 'PD_3,PD_5': 0.0}, ASR: 1.0, TCB: {'PD_1': ['PD_2'], 'PD_2': ['PD_1'], 'PD_3': [], 'PD_5': []}, FR: {'PD_1,PD_2': inf, 'PD_1,PD_3': inf, 'PD_1,PD_5': inf, 'PD_2,PD_3': inf, 'PD_2,PD_5': inf, 'PD_3,PD_5': inf}
  Computing metrics...
    RSI: {'PD_1,PD_2': 0.3333333333333333, 'PD_1,PD_3': 0.0, 'PD_1,PD_5': 0.0, 'PD_2,PD_3': 0.0, 'PD_2,PD_5': 0.0, 'PD_3,PD_5': 0.0}, ASR: 1.25, TCB: {'PD_1': ['PD_2'], 'PD_2': ['PD_1'], 'PD_3': [], 'PD_5': ['PD_3']}, FR: {'PD_1,PD_2': inf, 'PD_1,PD_3': inf, 'PD_1,PD_5': inf, 'PD_2,PD_3': inf, 'PD_2,PD_5': inf, 'PD_3,PD_5': inf}
  Computing metrics...
    RSI: {'PD_1,PD_2': 0.3333333333333333, 'PD_1,PD_3': 0.0, 'PD_1,PD_5': 0.0, 'PD_2,PD_3': 0.0, 'PD_2,PD_5': 0.0, 'PD_3,PD_5': 0.0}, ASR: 1.0, TCB: {'PD_1': ['PD_2'], 'PD_2': ['PD_1'], 'PD_3': [], 'PD_5': []}, FR: {'PD_1,PD_2': inf, 'PD_1,PD_3': inf, 'PD_1,PD_5': inf, 'PD_2,PD_3': inf, 'PD_2,PD_5': inf, 'PD_3,PD_5': inf}
  Computing metrics...
    RSI: {'PD_1,PD_2': 0.3333333333333333, 'PD_1,PD_3': 0.0, 'PD_1,PD_5': 0.0, 'PD_2,PD_3': 0.0, 'PD_2,PD_5': 0.0, 'PD_3,PD_5': 0.0}, ASR: 1.0, TCB: {'PD_1': ['PD_2'], 'PD_2': ['PD_1'], 'PD_3': [], 'PD_5': []}, FR: {'PD_1,PD_2': inf, 'PD_1,PD_3': inf, 'PD_1,PD_5': inf, 'PD_2,PD_3': inf, 'PD_2,PD_5': inf, 'PD_3,PD_5': inf}
  Computing metrics...
    RSI: {'PD_1,PD_2': 0.3333333333333333, 'PD_1,PD_3': 0.0, 'PD_1,PD_5': 0.0, 'PD_2,PD_3': 0.0, 'PD_2,PD_5': 0.0, 'PD_3,PD_5': 0.0}, ASR: 1.0, TCB: {'PD_1': ['PD_2'], 'PD_2': ['PD_1'], 'PD_3': [], 'PD_5': []}, FR: {'PD_1,PD_2': inf, 'PD_1,PD_3': inf, 'PD_1,PD_5': inf, 'PD_2,PD_3': inf, 'PD_2,PD_5': inf, 'PD_3,PD_5': inf}
  Computing metrics...
    RSI: {'PD_1,PD_2': 0.3333333333333333, 'PD_1,PD_3': 0.0, 'PD_1,PD_5': 0.0, 'PD_2,PD_3': 0.0, 'PD_2,PD_5': 0.0, 'PD_3,PD_5': 0.0}, ASR: 1.0, TCB: {'PD_1': ['PD_2'], 'PD_2': ['PD_1'], 'PD_3': [], 'PD_5': []}, FR: {'PD_1,PD_2': inf, 'PD_1,PD_3': inf, 'PD_1,PD_5': inf, 'PD_2,PD_3': inf, 'PD_2,PD_5': inf, 'PD_3,PD_5': inf}
  Computing metrics...
    RSI: {'PD_1,PD_2': 0.3333333333333333, 'PD_1,PD_3': 0.0, 'PD_1,PD_5': 0.0, 'PD_2,PD_3': 0.0, 'PD_2,PD_5': 0.0, 'PD_3,PD_5': 0.0}, ASR: 1.0, TCB: {'PD_1': ['PD_2'], 'PD_2': ['PD_1'], 'PD_3': [], 'PD_5': []}, FR: {'PD_1,PD_2': inf, 'PD_1,PD_3': inf, 'PD_1,PD_5': inf, 'PD_2,PD_3': inf, 'PD_2,PD_5': inf, 'PD_3,PD_5': inf}
  Computing metrics...
    RSI: {'PD_1,PD_2': 0.3333333333333333, 'PD_1,PD_3': 0.0, 'PD_1,PD_5': 0.0, 'PD_2,PD_3': 0.0, 'PD_2,PD_5': 0.0, 'PD_3,PD_5': 0.0}, ASR: 1.0, TCB: {'PD_1': ['PD_2'], 'PD_2': ['PD_1'], 'PD_3': [], 'PD_5': []}, FR: {'PD_1,PD_2': inf, 'PD_1,PD_3': inf, 'PD_1,PD_5': inf, 'PD_2,PD_3': inf, 'PD_2,PD_5': inf, 'PD_3,PD_5': inf}
  Computing metrics...
    RSI: {'PD_1,PD_2': 0.3333333333333333, 'PD_1,PD_3': 0.0, 'PD_1,PD_5': 0.0, 'PD_2,PD_3': 0.0, 'PD_2,PD_5': 0.0, 'PD_3,PD_5': 0.0}, ASR: 1.0, TCB: {'PD_1': ['PD_2'], 'PD_2': ['PD_1'], 'PD_3': [], 'PD_5': []}, FR: {'PD_1,PD_2': inf, 'PD_1,PD_3': inf, 'PD_1,PD_5': inf, 'PD_2,PD_3': inf, 'PD_2,PD_5': inf, 'PD_3,PD_5': inf}
  Computing metrics...
    RSI: {'PD_1,PD_2': 0.3333333333333333, 'PD_1,PD_3': 0.0, 'PD_1,PD_5': 0.0, 'PD_2,PD_3': 0.0, 'PD_2,PD_5': 0.0, 'PD_3,PD_5': 0.0}, ASR: 1.0, TCB: {'PD_1': ['PD_2'], 'PD_2': ['PD_1'], 'PD_3': [], 'PD_5': []}, FR: {'PD_1,PD_2': inf, 'PD_1,PD_3': inf, 'PD_1,PD_5': inf, 'PD_2,PD_3': inf, 'PD_2,PD_5': inf, 'PD_3,PD_5': inf}
  🚫 Filtered out 0 'add_pd(add new protection domain for system expansion)' candidates (avoiding repetition)
  Trying best transition: primitive
    Target: add new protection domain for system expansion
    Predicted improvement: 0.100
    Considered 36 other option(s):
      1. primitive: remove empty PD_3 (improvement: 0.100)
      2. primitive: remove empty PD_5 (improvement: 0.100)
      3. primitive: create new CONFIG file in FILE_SPACE_1 (improvement: 0.100)
      4. primitive: create new DATABASE file in FILE_SPACE_1 (improvement: 0.100)
      5. primitive: create new TEMP file in FILE_SPACE_1 (improvement: 0.100)
      6. primitive: create new LOG file in FILE_SPACE_1 (improvement: 0.100)
      7. primitive: remove FILE_1_3 (holders: 2) (improvement: 0.100)
      8. primitive: remove FILE_1_4 (holders: 0) (improvement: 0.100)
      9. primitive: disconnect FILE_1_1 from FILE_SPACE_1 (improvement: 0.100)
      10. primitive: disconnect FILE_1_2 from FILE_SPACE_1 (improvement: 0.100)
      ... and 26 more
    ✅ Applied add_pd
  📋 Generated 37 candidate(s)
  Computing metrics...
    RSI: {'PD_1,PD_2': 0.3333333333333333, 'PD_1,PD_3': 0.0, 'PD_1,PD_5': 0.0, 'PD_1,PD_6': 0.0, 'PD_2,PD_3': 0.0, 'PD_2,PD_5': 0.0, 'PD_2,PD_6': 0.0, 'PD_3,PD_5': 0.0, 'PD_3,PD_6': 0.0, 'PD_5,PD_6': 0.0}, ASR: 0.8, TCB: {'PD_1': ['PD_2'], 'PD_2': ['PD_1'], 'PD_3': [], 'PD_5': [], 'PD_6': []}, FR: {'PD_1,PD_2': inf, 'PD_1,PD_3': inf, 'PD_1,PD_5': inf, 'PD_1,PD_6': inf, 'PD_2,PD_3': inf, 'PD_2,PD_5': inf, 'PD_2,PD_6': inf, 'PD_3,PD_5': inf, 'PD_3,PD_6': inf, 'PD_5,PD_6': inf}
    ✅ Added candidate: add_pd (score: 0.100)
  Computing metrics...
    RSI: {'PD_1,PD_2': 0.3333333333333333, 'PD_1,PD_5': 0.0, 'PD_2,PD_5': 0.0}, ASR: 1.3333333333333333, TCB: {'PD_1': ['PD_2'], 'PD_2': ['PD_1'], 'PD_5': []}, FR: {'PD_1,PD_2': inf, 'PD_1,PD_5': inf, 'PD_2,PD_5': inf}
    ✅ Added candidate: remove_pd (score: 0.100)

🌟 Expanding Beam[1] (score: 0.100)
  Computing metrics...
    RSI: {'PD_1,PD_2': 0.3333333333333333, 'PD_1,PD_4': 0.0, 'PD_1,PD_5': 0.0, 'PD_2,PD_4': 0.0, 'PD_2,PD_5': 0.0, 'PD_4,PD_5': 0.0}, ASR: 1.0, TCB: {'PD_1': ['PD_2'], 'PD_2': ['PD_1'], 'PD_4': [], 'PD_5': []}, FR: {'PD_1,PD_2': inf, 'PD_1,PD_4': inf, 'PD_1,PD_5': inf, 'PD_2,PD_4': inf, 'PD_2,PD_5': inf, 'PD_4,PD_5': inf}
    Goal not met: RSI[PD_1,PD_2]=0.333 > 0.3
  Computing metrics...
    RSI: {'PD_1,PD_2': 0.3333333333333333, 'PD_1,PD_4': 0.0, 'PD_1,PD_5': 0.0, 'PD_2,PD_4': 0.0, 'PD_2,PD_5': 0.0, 'PD_4,PD_5': 0.0}, ASR: 1.0, TCB: {'PD_1': ['PD_2'], 'PD_2': ['PD_1'], 'PD_4': [], 'PD_5': []}, FR: {'PD_1,PD_2': inf, 'PD_1,PD_4': inf, 'PD_1,PD_5': inf, 'PD_2,PD_4': inf, 'PD_2,PD_5': inf, 'PD_4,PD_5': inf}
  Computing metrics...
    RSI: {'PD_1,PD_2': 0.3333333333333333, 'PD_1,PD_4': 0.0, 'PD_1,PD_5': 0.0, 'PD_2,PD_4': 0.0, 'PD_2,PD_5': 0.0, 'PD_4,PD_5': 0.0}, ASR: 1.0, TCB: {'PD_1': ['PD_2'], 'PD_2': ['PD_1'], 'PD_4': [], 'PD_5': []}, FR: {'PD_1,PD_2': inf, 'PD_1,PD_4': inf, 'PD_1,PD_5': inf, 'PD_2,PD_4': inf, 'PD_2,PD_5': inf, 'PD_4,PD_5': inf}
  Computing metrics...
    RSI: {'PD_1,PD_2': 0.3333333333333333, 'PD_1,PD_4': 0.0, 'PD_1,PD_5': 0.0, 'PD_2,PD_4': 0.0, 'PD_2,PD_5': 0.0, 'PD_4,PD_5': 0.0}, ASR: 1.0, TCB: {'PD_1': ['PD_2'], 'PD_2': ['PD_1'], 'PD_4': [], 'PD_5': []}, FR: {'PD_1,PD_2': inf, 'PD_1,PD_4': inf, 'PD_1,PD_5': inf, 'PD_2,PD_4': inf, 'PD_2,PD_5': inf, 'PD_4,PD_5': inf}
  Computing metrics...
    RSI: {'PD_1,PD_2': 0.3333333333333333, 'PD_1,PD_4': 0.0, 'PD_1,PD_5': 0.0, 'PD_2,PD_4': 0.0, 'PD_2,PD_5': 0.0, 'PD_4,PD_5': 0.0}, ASR: 1.0, TCB: {'PD_1': ['PD_2'], 'PD_2': ['PD_1'], 'PD_4': [], 'PD_5': []}, FR: {'PD_1,PD_2': inf, 'PD_1,PD_4': inf, 'PD_1,PD_5': inf, 'PD_2,PD_4': inf, 'PD_2,PD_5': inf, 'PD_4,PD_5': inf}
  Computing metrics...
    RSI: {'PD_1,PD_2': 0.3333333333333333, 'PD_1,PD_4': 0.0, 'PD_1,PD_5': 0.0, 'PD_2,PD_4': 0.0, 'PD_2,PD_5': 0.0, 'PD_4,PD_5': 0.0}, ASR: 1.0, TCB: {'PD_1': ['PD_2'], 'PD_2': ['PD_1'], 'PD_4': [], 'PD_5': []}, FR: {'PD_1,PD_2': inf, 'PD_1,PD_4': inf, 'PD_1,PD_5': inf, 'PD_2,PD_4': inf, 'PD_2,PD_5': inf, 'PD_4,PD_5': inf}
  Computing metrics...
    RSI: {'PD_1,PD_2': 0.3333333333333333, 'PD_1,PD_4': 0.0, 'PD_1,PD_5': 0.0, 'PD_2,PD_4': 0.0, 'PD_2,PD_5': 0.0, 'PD_4,PD_5': 0.0}, ASR: 1.0, TCB: {'PD_1': ['PD_2'], 'PD_2': ['PD_1'], 'PD_4': [], 'PD_5': []}, FR: {'PD_1,PD_2': inf, 'PD_1,PD_4': inf, 'PD_1,PD_5': inf, 'PD_2,PD_4': inf, 'PD_2,PD_5': inf, 'PD_4,PD_5': inf}
  Computing metrics...
    RSI: {'PD_1,PD_2': 0.3333333333333333, 'PD_1,PD_4': 0.0, 'PD_1,PD_5': 0.0, 'PD_2,PD_4': 0.0, 'PD_2,PD_5': 0.0, 'PD_4,PD_5': 0.0}, ASR: 1.0, TCB: {'PD_1': ['PD_2'], 'PD_2': ['PD_1'], 'PD_4': [], 'PD_5': []}, FR: {'PD_1,PD_2': inf, 'PD_1,PD_4': inf, 'PD_1,PD_5': inf, 'PD_2,PD_4': inf, 'PD_2,PD_5': inf, 'PD_4,PD_5': inf}
  Computing metrics...
    RSI: {'PD_1,PD_2': 0.3333333333333333, 'PD_1,PD_4': 0.0, 'PD_1,PD_5': 0.0, 'PD_2,PD_4': 0.0, 'PD_2,PD_5': 0.0, 'PD_4,PD_5': 0.0}, ASR: 1.0, TCB: {'PD_1': ['PD_2'], 'PD_2': ['PD_1'], 'PD_4': [], 'PD_5': []}, FR: {'PD_1,PD_2': inf, 'PD_1,PD_4': inf, 'PD_1,PD_5': inf, 'PD_2,PD_4': inf, 'PD_2,PD_5': inf, 'PD_4,PD_5': inf}
  Computing metrics...
    RSI: {'PD_1,PD_2': 0.3333333333333333, 'PD_1,PD_4': 0.0, 'PD_1,PD_5': 0.0, 'PD_2,PD_4': 0.0, 'PD_2,PD_5': 0.0, 'PD_4,PD_5': 0.0}, ASR: 1.0, TCB: {'PD_1': ['PD_2'], 'PD_2': ['PD_1'], 'PD_4': [], 'PD_5': []}, FR: {'PD_1,PD_2': inf, 'PD_1,PD_4': inf, 'PD_1,PD_5': inf, 'PD_2,PD_4': inf, 'PD_2,PD_5': inf, 'PD_4,PD_5': inf}
  Computing metrics...
    RSI: {'PD_1,PD_2': 0.3333333333333333, 'PD_1,PD_4': 0.0, 'PD_1,PD_5': 0.0, 'PD_2,PD_4': 0.0, 'PD_2,PD_5': 0.0, 'PD_4,PD_5': 0.0}, ASR: 1.0, TCB: {'PD_1': ['PD_2'], 'PD_2': ['PD_1'], 'PD_4': [], 'PD_5': []}, FR: {'PD_1,PD_2': inf, 'PD_1,PD_4': inf, 'PD_1,PD_5': inf, 'PD_2,PD_4': inf, 'PD_2,PD_5': inf, 'PD_4,PD_5': inf}
  Computing metrics...
    RSI: {'PD_1,PD_2': 0.3333333333333333, 'PD_1,PD_4': 0.0, 'PD_1,PD_5': 0.0, 'PD_2,PD_4': 0.0, 'PD_2,PD_5': 0.0, 'PD_4,PD_5': 0.0}, ASR: 1.0, TCB: {'PD_1': ['PD_2'], 'PD_2': ['PD_1'], 'PD_4': [], 'PD_5': []}, FR: {'PD_1,PD_2': inf, 'PD_1,PD_4': inf, 'PD_1,PD_5': inf, 'PD_2,PD_4': inf, 'PD_2,PD_5': inf, 'PD_4,PD_5': inf}
  Computing metrics...
    RSI: {'PD_1,PD_2': 0.3333333333333333, 'PD_1,PD_4': 0.0, 'PD_1,PD_5': 0.0, 'PD_2,PD_4': 0.0, 'PD_2,PD_5': 0.0, 'PD_4,PD_5': 0.0}, ASR: 1.0, TCB: {'PD_1': ['PD_2'], 'PD_2': ['PD_1'], 'PD_4': [], 'PD_5': []}, FR: {'PD_1,PD_2': inf, 'PD_1,PD_4': inf, 'PD_1,PD_5': inf, 'PD_2,PD_4': inf, 'PD_2,PD_5': inf, 'PD_4,PD_5': inf}
  Computing metrics...
    RSI: {'PD_1,PD_2': 0.3333333333333333, 'PD_1,PD_4': 0.0, 'PD_1,PD_5': 0.0, 'PD_2,PD_4': 0.0, 'PD_2,PD_5': 0.0, 'PD_4,PD_5': 0.0}, ASR: 1.0, TCB: {'PD_1': ['PD_2'], 'PD_2': ['PD_1'], 'PD_4': [], 'PD_5': []}, FR: {'PD_1,PD_2': inf, 'PD_1,PD_4': inf, 'PD_1,PD_5': inf, 'PD_2,PD_4': inf, 'PD_2,PD_5': inf, 'PD_4,PD_5': inf}
  Computing metrics...
    RSI: {'PD_1,PD_2': 0.3333333333333333, 'PD_1,PD_4': 0.0, 'PD_1,PD_5': 0.0, 'PD_2,PD_4': 0.0, 'PD_2,PD_5': 0.0, 'PD_4,PD_5': 0.0}, ASR: 1.0, TCB: {'PD_1': ['PD_2'], 'PD_2': ['PD_1'], 'PD_4': [], 'PD_5': []}, FR: {'PD_1,PD_2': inf, 'PD_1,PD_4': inf, 'PD_1,PD_5': inf, 'PD_2,PD_4': inf, 'PD_2,PD_5': inf, 'PD_4,PD_5': inf}
  Computing metrics...
    RSI: {'PD_1,PD_2': 0.3333333333333333, 'PD_1,PD_4': 0.0, 'PD_1,PD_5': 0.0, 'PD_2,PD_4': 0.0, 'PD_2,PD_5': 0.0, 'PD_4,PD_5': 0.0}, ASR: 1.0, TCB: {'PD_1': ['PD_2'], 'PD_2': ['PD_1'], 'PD_4': [], 'PD_5': []}, FR: {'PD_1,PD_2': inf, 'PD_1,PD_4': inf, 'PD_1,PD_5': inf, 'PD_2,PD_4': inf, 'PD_2,PD_5': inf, 'PD_4,PD_5': inf}
  Computing metrics...
    RSI: {'PD_1,PD_2': 0.3333333333333333, 'PD_1,PD_4': 0.0, 'PD_1,PD_5': 0.0, 'PD_2,PD_4': 0.0, 'PD_2,PD_5': 0.0, 'PD_4,PD_5': 0.0}, ASR: 1.0, TCB: {'PD_1': ['PD_2'], 'PD_2': ['PD_1'], 'PD_4': [], 'PD_5': []}, FR: {'PD_1,PD_2': inf, 'PD_1,PD_4': inf, 'PD_1,PD_5': inf, 'PD_2,PD_4': inf, 'PD_2,PD_5': inf, 'PD_4,PD_5': inf}
  Computing metrics...
    RSI: {'PD_1,PD_2': 0.3333333333333333, 'PD_1,PD_4': 0.0, 'PD_1,PD_5': 0.0, 'PD_2,PD_4': 0.0, 'PD_2,PD_5': 0.0, 'PD_4,PD_5': 0.0}, ASR: 1.0, TCB: {'PD_1': ['PD_2'], 'PD_2': ['PD_1'], 'PD_4': [], 'PD_5': []}, FR: {'PD_1,PD_2': inf, 'PD_1,PD_4': inf, 'PD_1,PD_5': inf, 'PD_2,PD_4': inf, 'PD_2,PD_5': inf, 'PD_4,PD_5': inf}
  Computing metrics...
    RSI: {'PD_1,PD_2': 0.3333333333333333, 'PD_1,PD_4': 0.0, 'PD_1,PD_5': 0.0, 'PD_2,PD_4': 0.0, 'PD_2,PD_5': 0.0, 'PD_4,PD_5': 0.0}, ASR: 1.0, TCB: {'PD_1': ['PD_2'], 'PD_2': ['PD_1'], 'PD_4': [], 'PD_5': []}, FR: {'PD_1,PD_2': inf, 'PD_1,PD_4': inf, 'PD_1,PD_5': inf, 'PD_2,PD_4': inf, 'PD_2,PD_5': inf, 'PD_4,PD_5': inf}
  Computing metrics...
    RSI: {'PD_1,PD_2': 0.3333333333333333, 'PD_1,PD_4': 0.0, 'PD_1,PD_5': 0.0, 'PD_2,PD_4': 0.0, 'PD_2,PD_5': 0.0, 'PD_4,PD_5': 0.0}, ASR: 1.0, TCB: {'PD_1': ['PD_2'], 'PD_2': ['PD_1'], 'PD_4': [], 'PD_5': []}, FR: {'PD_1,PD_2': inf, 'PD_1,PD_4': inf, 'PD_1,PD_5': inf, 'PD_2,PD_4': inf, 'PD_2,PD_5': inf, 'PD_4,PD_5': inf}
  Computing metrics...
    RSI: {'PD_1,PD_2': 0.6666666666666666, 'PD_1,PD_4': 0.0, 'PD_1,PD_5': 0.0, 'PD_2,PD_4': 0.0, 'PD_2,PD_5': 0.0, 'PD_4,PD_5': 0.0}, ASR: 1.25, TCB: {'PD_1': ['PD_2'], 'PD_2': ['PD_1'], 'PD_4': [], 'PD_5': []}, FR: {'PD_1,PD_2': inf, 'PD_1,PD_4': inf, 'PD_1,PD_5': inf, 'PD_2,PD_4': inf, 'PD_2,PD_5': inf, 'PD_4,PD_5': inf}
  Computing metrics...
    RSI: {'PD_1,PD_2': 0.3333333333333333, 'PD_1,PD_4': 0.0, 'PD_1,PD_5': 0.0, 'PD_2,PD_4': 0.0, 'PD_2,PD_5': 0.0, 'PD_4,PD_5': 0.0}, ASR: 1.0, TCB: {'PD_1': ['PD_2'], 'PD_2': ['PD_1'], 'PD_4': [], 'PD_5': []}, FR: {'PD_1,PD_2': inf, 'PD_1,PD_4': inf, 'PD_1,PD_5': inf, 'PD_2,PD_4': inf, 'PD_2,PD_5': inf, 'PD_4,PD_5': inf}
  Computing metrics...
    RSI: {'PD_1,PD_2': 0.25, 'PD_1,PD_4': 0.0, 'PD_1,PD_5': 0.0, 'PD_2,PD_4': 0.0, 'PD_2,PD_5': 0.0, 'PD_4,PD_5': 0.0}, ASR: 1.25, TCB: {'PD_1': ['PD_2'], 'PD_2': ['PD_1'], 'PD_4': [], 'PD_5': []}, FR: {'PD_1,PD_2': inf, 'PD_1,PD_4': inf, 'PD_1,PD_5': inf, 'PD_2,PD_4': inf, 'PD_2,PD_5': inf, 'PD_4,PD_5': inf}
  Computing metrics...
    RSI: {'PD_1,PD_2': 0.3333333333333333, 'PD_1,PD_4': 0.0, 'PD_1,PD_5': 0.0, 'PD_2,PD_4': 0.0, 'PD_2,PD_5': 0.0, 'PD_4,PD_5': 0.0}, ASR: 1.0, TCB: {'PD_1': ['PD_2'], 'PD_2': ['PD_1'], 'PD_4': [], 'PD_5': []}, FR: {'PD_1,PD_2': inf, 'PD_1,PD_4': inf, 'PD_1,PD_5': inf, 'PD_2,PD_4': inf, 'PD_2,PD_5': inf, 'PD_4,PD_5': inf}
  Computing metrics...
    RSI: {'PD_1,PD_2': 0.6666666666666666, 'PD_1,PD_4': 0.0, 'PD_1,PD_5': 0.0, 'PD_2,PD_4': 0.0, 'PD_2,PD_5': 0.0, 'PD_4,PD_5': 0.0}, ASR: 1.25, TCB: {'PD_1': ['PD_2'], 'PD_2': ['PD_1'], 'PD_4': [], 'PD_5': []}, FR: {'PD_1,PD_2': inf, 'PD_1,PD_4': inf, 'PD_1,PD_5': inf, 'PD_2,PD_4': inf, 'PD_2,PD_5': inf, 'PD_4,PD_5': inf}
  Computing metrics...
    RSI: {'PD_1,PD_2': 0.3333333333333333, 'PD_1,PD_4': 0.0, 'PD_1,PD_5': 0.0, 'PD_2,PD_4': 0.0, 'PD_2,PD_5': 0.0, 'PD_4,PD_5': 0.0}, ASR: 1.0, TCB: {'PD_1': ['PD_2'], 'PD_2': ['PD_1'], 'PD_4': [], 'PD_5': []}, FR: {'PD_1,PD_2': inf, 'PD_1,PD_4': inf, 'PD_1,PD_5': inf, 'PD_2,PD_4': inf, 'PD_2,PD_5': inf, 'PD_4,PD_5': inf}
  Computing metrics...
    RSI: {'PD_1,PD_2': 0.25, 'PD_1,PD_4': 0.0, 'PD_1,PD_5': 0.0, 'PD_2,PD_4': 0.0, 'PD_2,PD_5': 0.0, 'PD_4,PD_5': 0.0}, ASR: 1.25, TCB: {'PD_1': ['PD_2'], 'PD_2': ['PD_1'], 'PD_4': [], 'PD_5': []}, FR: {'PD_1,PD_2': inf, 'PD_1,PD_4': inf, 'PD_1,PD_5': inf, 'PD_2,PD_4': inf, 'PD_2,PD_5': inf, 'PD_4,PD_5': inf}
  Computing metrics...
    RSI: {'PD_1,PD_2': 0.3333333333333333, 'PD_1,PD_4': 0.0, 'PD_1,PD_5': 0.0, 'PD_2,PD_4': 0.0, 'PD_2,PD_5': 0.0, 'PD_4,PD_5': 0.0}, ASR: 1.0, TCB: {'PD_1': ['PD_2'], 'PD_2': ['PD_1'], 'PD_4': [], 'PD_5': []}, FR: {'PD_1,PD_2': inf, 'PD_1,PD_4': inf, 'PD_1,PD_5': inf, 'PD_2,PD_4': inf, 'PD_2,PD_5': inf, 'PD_4,PD_5': inf}
  Computing metrics...
    RSI: {'PD_1,PD_2': 0.3333333333333333, 'PD_1,PD_4': 0.5, 'PD_1,PD_5': 0.0, 'PD_2,PD_4': 0.0, 'PD_2,PD_5': 0.0, 'PD_4,PD_5': 0.0}, ASR: 1.25, TCB: {'PD_1': ['PD_4', 'PD_2'], 'PD_2': ['PD_1'], 'PD_4': ['PD_1'], 'PD_5': []}, FR: {'PD_1,PD_2': inf, 'PD_1,PD_4': inf, 'PD_1,PD_5': inf, 'PD_2,PD_4': inf, 'PD_2,PD_5': inf, 'PD_4,PD_5': inf}
  Computing metrics...
    RSI: {'PD_1,PD_2': 0.3333333333333333, 'PD_1,PD_4': 0.0, 'PD_1,PD_5': 0.0, 'PD_2,PD_4': 0.0, 'PD_2,PD_5': 0.0, 'PD_4,PD_5': 0.0}, ASR: 1.0, TCB: {'PD_1': ['PD_2'], 'PD_2': ['PD_1'], 'PD_4': [], 'PD_5': []}, FR: {'PD_1,PD_2': inf, 'PD_1,PD_4': inf, 'PD_1,PD_5': inf, 'PD_2,PD_4': inf, 'PD_2,PD_5': inf, 'PD_4,PD_5': inf}
  Computing metrics...
    RSI: {'PD_1,PD_2': 0.3333333333333333, 'PD_1,PD_4': 0.0, 'PD_1,PD_5': 0.0, 'PD_2,PD_4': 0.5, 'PD_2,PD_5': 0.0, 'PD_4,PD_5': 0.0}, ASR: 1.25, TCB: {'PD_1': ['PD_2'], 'PD_2': ['PD_1', 'PD_4'], 'PD_4': ['PD_2'], 'PD_5': []}, FR: {'PD_1,PD_2': inf, 'PD_1,PD_4': inf, 'PD_1,PD_5': inf, 'PD_2,PD_4': inf, 'PD_2,PD_5': inf, 'PD_4,PD_5': inf}
  Computing metrics...
    RSI: {'PD_1,PD_2': 0.3333333333333333, 'PD_1,PD_4': 0.0, 'PD_1,PD_5': 0.0, 'PD_2,PD_4': 0.0, 'PD_2,PD_5': 0.0, 'PD_4,PD_5': 0.0}, ASR: 1.0, TCB: {'PD_1': ['PD_2'], 'PD_2': ['PD_1'], 'PD_4': [], 'PD_5': []}, FR: {'PD_1,PD_2': inf, 'PD_1,PD_4': inf, 'PD_1,PD_5': inf, 'PD_2,PD_4': inf, 'PD_2,PD_5': inf, 'PD_4,PD_5': inf}
  Computing metrics...
    RSI: {'PD_1,PD_2': 0.3333333333333333, 'PD_1,PD_4': 0.5, 'PD_1,PD_5': 0.0, 'PD_2,PD_4': 0.5, 'PD_2,PD_5': 0.0, 'PD_4,PD_5': 0.0}, ASR: 1.25, TCB: {'PD_1': ['PD_2', 'PD_4'], 'PD_2': ['PD_1', 'PD_4'], 'PD_4': ['PD_1', 'PD_2'], 'PD_5': []}, FR: {'PD_1,PD_2': inf, 'PD_1,PD_4': inf, 'PD_1,PD_5': inf, 'PD_2,PD_4': inf, 'PD_2,PD_5': inf, 'PD_4,PD_5': inf}
  Computing metrics...
    RSI: {'PD_1,PD_2': 0.3333333333333333, 'PD_1,PD_4': 0.0, 'PD_1,PD_5': 0.0, 'PD_2,PD_4': 0.0, 'PD_2,PD_5': 0.0, 'PD_4,PD_5': 0.0}, ASR: 1.0, TCB: {'PD_1': ['PD_2'], 'PD_2': ['PD_1'], 'PD_4': [], 'PD_5': []}, FR: {'PD_1,PD_2': inf, 'PD_1,PD_4': inf, 'PD_1,PD_5': inf, 'PD_2,PD_4': inf, 'PD_2,PD_5': inf, 'PD_4,PD_5': inf}
  Computing metrics...
    RSI: {'PD_1,PD_2': 0.3333333333333333, 'PD_1,PD_4': 0.0, 'PD_1,PD_5': 0.0, 'PD_2,PD_4': 0.0, 'PD_2,PD_5': 0.0, 'PD_4,PD_5': 0.0}, ASR: 1.25, TCB: {'PD_1': ['PD_2'], 'PD_2': ['PD_1'], 'PD_4': [], 'PD_5': []}, FR: {'PD_1,PD_2': inf, 'PD_1,PD_4': inf, 'PD_1,PD_5': inf, 'PD_2,PD_4': inf, 'PD_2,PD_5': inf, 'PD_4,PD_5': inf}
  Computing metrics...
    RSI: {'PD_1,PD_2': 0.3333333333333333, 'PD_1,PD_4': 0.0, 'PD_1,PD_5': 0.0, 'PD_2,PD_4': 0.0, 'PD_2,PD_5': 0.0, 'PD_4,PD_5': 0.0}, ASR: 1.0, TCB: {'PD_1': ['PD_2'], 'PD_2': ['PD_1'], 'PD_4': [], 'PD_5': []}, FR: {'PD_1,PD_2': inf, 'PD_1,PD_4': inf, 'PD_1,PD_5': inf, 'PD_2,PD_4': inf, 'PD_2,PD_5': inf, 'PD_4,PD_5': inf}
  Computing metrics...
    RSI: {'PD_1,PD_2': 0.3333333333333333, 'PD_1,PD_4': 0.0, 'PD_1,PD_5': 0.5, 'PD_2,PD_4': 0.0, 'PD_2,PD_5': 0.0, 'PD_4,PD_5': 0.0}, ASR: 1.25, TCB: {'PD_1': ['PD_5', 'PD_2'], 'PD_2': ['PD_1'], 'PD_4': [], 'PD_5': ['PD_1']}, FR: {'PD_1,PD_2': inf, 'PD_1,PD_4': inf, 'PD_1,PD_5': inf, 'PD_2,PD_4': inf, 'PD_2,PD_5': inf, 'PD_4,PD_5': inf}
  Computing metrics...
    RSI: {'PD_1,PD_2': 0.3333333333333333, 'PD_1,PD_4': 0.0, 'PD_1,PD_5': 0.0, 'PD_2,PD_4': 0.0, 'PD_2,PD_5': 0.0, 'PD_4,PD_5': 0.0}, ASR: 1.0, TCB: {'PD_1': ['PD_2'], 'PD_2': ['PD_1'], 'PD_4': [], 'PD_5': []}, FR: {'PD_1,PD_2': inf, 'PD_1,PD_4': inf, 'PD_1,PD_5': inf, 'PD_2,PD_4': inf, 'PD_2,PD_5': inf, 'PD_4,PD_5': inf}
  Computing metrics...
    RSI: {'PD_1,PD_2': 0.3333333333333333, 'PD_1,PD_4': 0.0, 'PD_1,PD_5': 0.0, 'PD_2,PD_4': 0.0, 'PD_2,PD_5': 0.5, 'PD_4,PD_5': 0.0}, ASR: 1.25, TCB: {'PD_1': ['PD_2'], 'PD_2': ['PD_1', 'PD_5'], 'PD_4': [], 'PD_5': ['PD_2']}, FR: {'PD_1,PD_2': inf, 'PD_1,PD_4': inf, 'PD_1,PD_5': inf, 'PD_2,PD_4': inf, 'PD_2,PD_5': inf, 'PD_4,PD_5': inf}
  Computing metrics...
    RSI: {'PD_1,PD_2': 0.3333333333333333, 'PD_1,PD_4': 0.0, 'PD_1,PD_5': 0.0, 'PD_2,PD_4': 0.0, 'PD_2,PD_5': 0.0, 'PD_4,PD_5': 0.0}, ASR: 1.0, TCB: {'PD_1': ['PD_2'], 'PD_2': ['PD_1'], 'PD_4': [], 'PD_5': []}, FR: {'PD_1,PD_2': inf, 'PD_1,PD_4': inf, 'PD_1,PD_5': inf, 'PD_2,PD_4': inf, 'PD_2,PD_5': inf, 'PD_4,PD_5': inf}
  Computing metrics...
    RSI: {'PD_1,PD_2': 0.3333333333333333, 'PD_1,PD_4': 0.0, 'PD_1,PD_5': 0.5, 'PD_2,PD_4': 0.0, 'PD_2,PD_5': 0.5, 'PD_4,PD_5': 0.0}, ASR: 1.25, TCB: {'PD_1': ['PD_2', 'PD_5'], 'PD_2': ['PD_1', 'PD_5'], 'PD_4': [], 'PD_5': ['PD_1', 'PD_2']}, FR: {'PD_1,PD_2': inf, 'PD_1,PD_4': inf, 'PD_1,PD_5': inf, 'PD_2,PD_4': inf, 'PD_2,PD_5': inf, 'PD_4,PD_5': inf}
  Computing metrics...
    RSI: {'PD_1,PD_2': 0.3333333333333333, 'PD_1,PD_4': 0.0, 'PD_1,PD_5': 0.0, 'PD_2,PD_4': 0.0, 'PD_2,PD_5': 0.0, 'PD_4,PD_5': 0.0}, ASR: 1.0, TCB: {'PD_1': ['PD_2'], 'PD_2': ['PD_1'], 'PD_4': [], 'PD_5': []}, FR: {'PD_1,PD_2': inf, 'PD_1,PD_4': inf, 'PD_1,PD_5': inf, 'PD_2,PD_4': inf, 'PD_2,PD_5': inf, 'PD_4,PD_5': inf}
  Computing metrics...
    RSI: {'PD_1,PD_2': 0.3333333333333333, 'PD_1,PD_4': 0.0, 'PD_1,PD_5': 0.0, 'PD_2,PD_4': 0.0, 'PD_2,PD_5': 0.0, 'PD_4,PD_5': 0.0}, ASR: 1.25, TCB: {'PD_1': ['PD_2'], 'PD_2': ['PD_1'], 'PD_4': [], 'PD_5': []}, FR: {'PD_1,PD_2': inf, 'PD_1,PD_4': inf, 'PD_1,PD_5': inf, 'PD_2,PD_4': inf, 'PD_2,PD_5': inf, 'PD_4,PD_5': inf}
  Computing metrics...
    RSI: {'PD_1,PD_2': 0.3333333333333333, 'PD_1,PD_4': 0.0, 'PD_1,PD_5': 0.0, 'PD_2,PD_4': 0.0, 'PD_2,PD_5': 0.0, 'PD_4,PD_5': 0.0}, ASR: 1.0, TCB: {'PD_1': ['PD_2'], 'PD_2': ['PD_1'], 'PD_4': [], 'PD_5': []}, FR: {'PD_1,PD_2': inf, 'PD_1,PD_4': inf, 'PD_1,PD_5': inf, 'PD_2,PD_4': inf, 'PD_2,PD_5': inf, 'PD_4,PD_5': inf}
  Computing metrics...
    RSI: {'PD_1,PD_2': 0.3333333333333333, 'PD_1,PD_4': 0.0, 'PD_1,PD_5': 0.0, 'PD_2,PD_4': 0.0, 'PD_2,PD_5': 0.0, 'PD_4,PD_5': 0.0}, ASR: 1.25, TCB: {'PD_1': ['PD_2'], 'PD_2': ['PD_1'], 'PD_4': [], 'PD_5': []}, FR: {'PD_1,PD_2': inf, 'PD_1,PD_4': inf, 'PD_1,PD_5': inf, 'PD_2,PD_4': inf, 'PD_2,PD_5': inf, 'PD_4,PD_5': inf}
  Computing metrics...
    RSI: {'PD_1,PD_2': 0.3333333333333333, 'PD_1,PD_4': 0.0, 'PD_1,PD_5': 0.0, 'PD_2,PD_4': 0.0, 'PD_2,PD_5': 0.0, 'PD_4,PD_5': 0.0}, ASR: 1.0, TCB: {'PD_1': ['PD_2'], 'PD_2': ['PD_1'], 'PD_4': [], 'PD_5': []}, FR: {'PD_1,PD_2': inf, 'PD_1,PD_4': inf, 'PD_1,PD_5': inf, 'PD_2,PD_4': inf, 'PD_2,PD_5': inf, 'PD_4,PD_5': inf}
  Computing metrics...
    RSI: {'PD_1,PD_2': 0.3333333333333333, 'PD_1,PD_4': 0.0, 'PD_1,PD_5': 0.0, 'PD_2,PD_4': 0.0, 'PD_2,PD_5': 0.0, 'PD_4,PD_5': 0.0}, ASR: 1.25, TCB: {'PD_1': ['PD_4', 'PD_2'], 'PD_2': ['PD_1'], 'PD_4': [], 'PD_5': []}, FR: {'PD_1,PD_2': inf, 'PD_1,PD_4': inf, 'PD_1,PD_5': inf, 'PD_2,PD_4': inf, 'PD_2,PD_5': inf, 'PD_4,PD_5': inf}
  Computing metrics...
    RSI: {'PD_1,PD_2': 0.3333333333333333, 'PD_1,PD_4': 0.0, 'PD_1,PD_5': 0.0, 'PD_2,PD_4': 0.0, 'PD_2,PD_5': 0.0, 'PD_4,PD_5': 0.0}, ASR: 1.0, TCB: {'PD_1': ['PD_2'], 'PD_2': ['PD_1'], 'PD_4': [], 'PD_5': []}, FR: {'PD_1,PD_2': inf, 'PD_1,PD_4': inf, 'PD_1,PD_5': inf, 'PD_2,PD_4': inf, 'PD_2,PD_5': inf, 'PD_4,PD_5': inf}
  Computing metrics...
    RSI: {'PD_1,PD_2': 0.3333333333333333, 'PD_1,PD_4': 0.0, 'PD_1,PD_5': 0.0, 'PD_2,PD_4': 0.0, 'PD_2,PD_5': 0.0, 'PD_4,PD_5': 0.0}, ASR: 1.25, TCB: {'PD_1': ['PD_5', 'PD_2'], 'PD_2': ['PD_1'], 'PD_4': [], 'PD_5': []}, FR: {'PD_1,PD_2': inf, 'PD_1,PD_4': inf, 'PD_1,PD_5': inf, 'PD_2,PD_4': inf, 'PD_2,PD_5': inf, 'PD_4,PD_5': inf}
  Computing metrics...
    RSI: {'PD_1,PD_2': 0.3333333333333333, 'PD_1,PD_4': 0.0, 'PD_1,PD_5': 0.0, 'PD_2,PD_4': 0.0, 'PD_2,PD_5': 0.0, 'PD_4,PD_5': 0.0}, ASR: 1.0, TCB: {'PD_1': ['PD_2'], 'PD_2': ['PD_1'], 'PD_4': [], 'PD_5': []}, FR: {'PD_1,PD_2': inf, 'PD_1,PD_4': inf, 'PD_1,PD_5': inf, 'PD_2,PD_4': inf, 'PD_2,PD_5': inf, 'PD_4,PD_5': inf}
  Computing metrics...
    RSI: {'PD_1,PD_2': 0.3333333333333333, 'PD_1,PD_4': 0.0, 'PD_1,PD_5': 0.0, 'PD_2,PD_4': 0.0, 'PD_2,PD_5': 0.0, 'PD_4,PD_5': 0.0}, ASR: 1.25, TCB: {'PD_1': ['PD_2'], 'PD_2': ['PD_1'], 'PD_4': [], 'PD_5': []}, FR: {'PD_1,PD_2': inf, 'PD_1,PD_4': inf, 'PD_1,PD_5': inf, 'PD_2,PD_4': inf, 'PD_2,PD_5': inf, 'PD_4,PD_5': inf}
  Computing metrics...
    RSI: {'PD_1,PD_2': 0.3333333333333333, 'PD_1,PD_4': 0.0, 'PD_1,PD_5': 0.0, 'PD_2,PD_4': 0.0, 'PD_2,PD_5': 0.0, 'PD_4,PD_5': 0.0}, ASR: 1.0, TCB: {'PD_1': ['PD_2'], 'PD_2': ['PD_1'], 'PD_4': [], 'PD_5': []}, FR: {'PD_1,PD_2': inf, 'PD_1,PD_4': inf, 'PD_1,PD_5': inf, 'PD_2,PD_4': inf, 'PD_2,PD_5': inf, 'PD_4,PD_5': inf}
  Computing metrics...
    RSI: {'PD_1,PD_2': 0.3333333333333333, 'PD_1,PD_4': 0.0, 'PD_1,PD_5': 0.0, 'PD_2,PD_4': 0.0, 'PD_2,PD_5': 0.0, 'PD_4,PD_5': 0.0}, ASR: 1.25, TCB: {'PD_1': ['PD_2'], 'PD_2': ['PD_4', 'PD_1'], 'PD_4': [], 'PD_5': []}, FR: {'PD_1,PD_2': inf, 'PD_1,PD_4': inf, 'PD_1,PD_5': inf, 'PD_2,PD_4': inf, 'PD_2,PD_5': inf, 'PD_4,PD_5': inf}
  Computing metrics...
    RSI: {'PD_1,PD_2': 0.3333333333333333, 'PD_1,PD_4': 0.0, 'PD_1,PD_5': 0.0, 'PD_2,PD_4': 0.0, 'PD_2,PD_5': 0.0, 'PD_4,PD_5': 0.0}, ASR: 1.0, TCB: {'PD_1': ['PD_2'], 'PD_2': ['PD_1'], 'PD_4': [], 'PD_5': []}, FR: {'PD_1,PD_2': inf, 'PD_1,PD_4': inf, 'PD_1,PD_5': inf, 'PD_2,PD_4': inf, 'PD_2,PD_5': inf, 'PD_4,PD_5': inf}
  Computing metrics...
    RSI: {'PD_1,PD_2': 0.3333333333333333, 'PD_1,PD_4': 0.0, 'PD_1,PD_5': 0.0, 'PD_2,PD_4': 0.0, 'PD_2,PD_5': 0.0, 'PD_4,PD_5': 0.0}, ASR: 1.25, TCB: {'PD_1': ['PD_2'], 'PD_2': ['PD_5', 'PD_1'], 'PD_4': [], 'PD_5': []}, FR: {'PD_1,PD_2': inf, 'PD_1,PD_4': inf, 'PD_1,PD_5': inf, 'PD_2,PD_4': inf, 'PD_2,PD_5': inf, 'PD_4,PD_5': inf}
  Computing metrics...
    RSI: {'PD_1,PD_2': 0.3333333333333333, 'PD_1,PD_4': 0.0, 'PD_1,PD_5': 0.0, 'PD_2,PD_4': 0.0, 'PD_2,PD_5': 0.0, 'PD_4,PD_5': 0.0}, ASR: 1.0, TCB: {'PD_1': ['PD_2'], 'PD_2': ['PD_1'], 'PD_4': [], 'PD_5': []}, FR: {'PD_1,PD_2': inf, 'PD_1,PD_4': inf, 'PD_1,PD_5': inf, 'PD_2,PD_4': inf, 'PD_2,PD_5': inf, 'PD_4,PD_5': inf}
  Computing metrics...
    RSI: {'PD_1,PD_2': 0.3333333333333333, 'PD_1,PD_4': 0.0, 'PD_1,PD_5': 0.0, 'PD_2,PD_4': 0.0, 'PD_2,PD_5': 0.0, 'PD_4,PD_5': 0.0}, ASR: 1.25, TCB: {'PD_1': ['PD_2'], 'PD_2': ['PD_1'], 'PD_4': ['PD_1'], 'PD_5': []}, FR: {'PD_1,PD_2': inf, 'PD_1,PD_4': inf, 'PD_1,PD_5': inf, 'PD_2,PD_4': inf, 'PD_2,PD_5': inf, 'PD_4,PD_5': inf}
  Computing metrics...
    RSI: {'PD_1,PD_2': 0.3333333333333333, 'PD_1,PD_4': 0.0, 'PD_1,PD_5': 0.0, 'PD_2,PD_4': 0.0, 'PD_2,PD_5': 0.0, 'PD_4,PD_5': 0.0}, ASR: 1.0, TCB: {'PD_1': ['PD_2'], 'PD_2': ['PD_1'], 'PD_4': [], 'PD_5': []}, FR: {'PD_1,PD_2': inf, 'PD_1,PD_4': inf, 'PD_1,PD_5': inf, 'PD_2,PD_4': inf, 'PD_2,PD_5': inf, 'PD_4,PD_5': inf}
  Computing metrics...
    RSI: {'PD_1,PD_2': 0.3333333333333333, 'PD_1,PD_4': 0.0, 'PD_1,PD_5': 0.0, 'PD_2,PD_4': 0.0, 'PD_2,PD_5': 0.0, 'PD_4,PD_5': 0.0}, ASR: 1.25, TCB: {'PD_1': ['PD_2'], 'PD_2': ['PD_1'], 'PD_4': ['PD_2'], 'PD_5': []}, FR: {'PD_1,PD_2': inf, 'PD_1,PD_4': inf, 'PD_1,PD_5': inf, 'PD_2,PD_4': inf, 'PD_2,PD_5': inf, 'PD_4,PD_5': inf}
  Computing metrics...
    RSI: {'PD_1,PD_2': 0.3333333333333333, 'PD_1,PD_4': 0.0, 'PD_1,PD_5': 0.0, 'PD_2,PD_4': 0.0, 'PD_2,PD_5': 0.0, 'PD_4,PD_5': 0.0}, ASR: 1.0, TCB: {'PD_1': ['PD_2'], 'PD_2': ['PD_1'], 'PD_4': [], 'PD_5': []}, FR: {'PD_1,PD_2': inf, 'PD_1,PD_4': inf, 'PD_1,PD_5': inf, 'PD_2,PD_4': inf, 'PD_2,PD_5': inf, 'PD_4,PD_5': inf}
  Computing metrics...
    RSI: {'PD_1,PD_2': 0.3333333333333333, 'PD_1,PD_4': 0.0, 'PD_1,PD_5': 0.0, 'PD_2,PD_4': 0.0, 'PD_2,PD_5': 0.0, 'PD_4,PD_5': 0.0}, ASR: 1.25, TCB: {'PD_1': ['PD_2'], 'PD_2': ['PD_1'], 'PD_4': ['PD_5'], 'PD_5': []}, FR: {'PD_1,PD_2': inf, 'PD_1,PD_4': inf, 'PD_1,PD_5': inf, 'PD_2,PD_4': inf, 'PD_2,PD_5': inf, 'PD_4,PD_5': inf}
  Computing metrics...
    RSI: {'PD_1,PD_2': 0.3333333333333333, 'PD_1,PD_4': 0.0, 'PD_1,PD_5': 0.0, 'PD_2,PD_4': 0.0, 'PD_2,PD_5': 0.0, 'PD_4,PD_5': 0.0}, ASR: 1.0, TCB: {'PD_1': ['PD_2'], 'PD_2': ['PD_1'], 'PD_4': [], 'PD_5': []}, FR: {'PD_1,PD_2': inf, 'PD_1,PD_4': inf, 'PD_1,PD_5': inf, 'PD_2,PD_4': inf, 'PD_2,PD_5': inf, 'PD_4,PD_5': inf}
  Computing metrics...
    RSI: {'PD_1,PD_2': 0.3333333333333333, 'PD_1,PD_4': 0.0, 'PD_1,PD_5': 0.0, 'PD_2,PD_4': 0.0, 'PD_2,PD_5': 0.0, 'PD_4,PD_5': 0.0}, ASR: 1.25, TCB: {'PD_1': ['PD_2'], 'PD_2': ['PD_1'], 'PD_4': [], 'PD_5': ['PD_1']}, FR: {'PD_1,PD_2': inf, 'PD_1,PD_4': inf, 'PD_1,PD_5': inf, 'PD_2,PD_4': inf, 'PD_2,PD_5': inf, 'PD_4,PD_5': inf}
  Computing metrics...
    RSI: {'PD_1,PD_2': 0.3333333333333333, 'PD_1,PD_4': 0.0, 'PD_1,PD_5': 0.0, 'PD_2,PD_4': 0.0, 'PD_2,PD_5': 0.0, 'PD_4,PD_5': 0.0}, ASR: 1.0, TCB: {'PD_1': ['PD_2'], 'PD_2': ['PD_1'], 'PD_4': [], 'PD_5': []}, FR: {'PD_1,PD_2': inf, 'PD_1,PD_4': inf, 'PD_1,PD_5': inf, 'PD_2,PD_4': inf, 'PD_2,PD_5': inf, 'PD_4,PD_5': inf}
  Computing metrics...
    RSI: {'PD_1,PD_2': 0.3333333333333333, 'PD_1,PD_4': 0.0, 'PD_1,PD_5': 0.0, 'PD_2,PD_4': 0.0, 'PD_2,PD_5': 0.0, 'PD_4,PD_5': 0.0}, ASR: 1.25, TCB: {'PD_1': ['PD_2'], 'PD_2': ['PD_1'], 'PD_4': [], 'PD_5': ['PD_2']}, FR: {'PD_1,PD_2': inf, 'PD_1,PD_4': inf, 'PD_1,PD_5': inf, 'PD_2,PD_4': inf, 'PD_2,PD_5': inf, 'PD_4,PD_5': inf}
  Computing metrics...
    RSI: {'PD_1,PD_2': 0.3333333333333333, 'PD_1,PD_4': 0.0, 'PD_1,PD_5': 0.0, 'PD_2,PD_4': 0.0, 'PD_2,PD_5': 0.0, 'PD_4,PD_5': 0.0}, ASR: 1.0, TCB: {'PD_1': ['PD_2'], 'PD_2': ['PD_1'], 'PD_4': [], 'PD_5': []}, FR: {'PD_1,PD_2': inf, 'PD_1,PD_4': inf, 'PD_1,PD_5': inf, 'PD_2,PD_4': inf, 'PD_2,PD_5': inf, 'PD_4,PD_5': inf}
  Computing metrics...
    RSI: {'PD_1,PD_2': 0.3333333333333333, 'PD_1,PD_4': 0.0, 'PD_1,PD_5': 0.0, 'PD_2,PD_4': 0.0, 'PD_2,PD_5': 0.0, 'PD_4,PD_5': 0.0}, ASR: 1.25, TCB: {'PD_1': ['PD_2'], 'PD_2': ['PD_1'], 'PD_4': [], 'PD_5': ['PD_4']}, FR: {'PD_1,PD_2': inf, 'PD_1,PD_4': inf, 'PD_1,PD_5': inf, 'PD_2,PD_4': inf, 'PD_2,PD_5': inf, 'PD_4,PD_5': inf}
  Computing metrics...
    RSI: {'PD_1,PD_2': 0.3333333333333333, 'PD_1,PD_4': 0.0, 'PD_1,PD_5': 0.0, 'PD_2,PD_4': 0.0, 'PD_2,PD_5': 0.0, 'PD_4,PD_5': 0.0}, ASR: 1.0, TCB: {'PD_1': ['PD_2'], 'PD_2': ['PD_1'], 'PD_4': [], 'PD_5': []}, FR: {'PD_1,PD_2': inf, 'PD_1,PD_4': inf, 'PD_1,PD_5': inf, 'PD_2,PD_4': inf, 'PD_2,PD_5': inf, 'PD_4,PD_5': inf}
  Computing metrics...
    RSI: {'PD_1,PD_2': 0.3333333333333333, 'PD_1,PD_4': 0.0, 'PD_1,PD_5': 0.0, 'PD_2,PD_4': 0.0, 'PD_2,PD_5': 0.0, 'PD_4,PD_5': 0.0}, ASR: 1.0, TCB: {'PD_1': ['PD_2'], 'PD_2': ['PD_1'], 'PD_4': [], 'PD_5': []}, FR: {'PD_1,PD_2': inf, 'PD_1,PD_4': inf, 'PD_1,PD_5': inf, 'PD_2,PD_4': inf, 'PD_2,PD_5': inf, 'PD_4,PD_5': inf}
  Computing metrics...
    RSI: {'PD_1,PD_2': 0.3333333333333333, 'PD_1,PD_4': 0.0, 'PD_1,PD_5': 0.0, 'PD_2,PD_4': 0.0, 'PD_2,PD_5': 0.0, 'PD_4,PD_5': 0.0}, ASR: 1.0, TCB: {'PD_1': ['PD_2'], 'PD_2': ['PD_1'], 'PD_4': [], 'PD_5': []}, FR: {'PD_1,PD_2': inf, 'PD_1,PD_4': inf, 'PD_1,PD_5': inf, 'PD_2,PD_4': inf, 'PD_2,PD_5': inf, 'PD_4,PD_5': inf}
  Computing metrics...
    RSI: {'PD_1,PD_2': 0.3333333333333333, 'PD_1,PD_4': 0.0, 'PD_1,PD_5': 0.0, 'PD_2,PD_4': 0.0, 'PD_2,PD_5': 0.0, 'PD_4,PD_5': 0.0}, ASR: 1.0, TCB: {'PD_1': ['PD_2'], 'PD_2': ['PD_1'], 'PD_4': [], 'PD_5': []}, FR: {'PD_1,PD_2': inf, 'PD_1,PD_4': inf, 'PD_1,PD_5': inf, 'PD_2,PD_4': inf, 'PD_2,PD_5': inf, 'PD_4,PD_5': inf}
  Computing metrics...
    RSI: {'PD_1,PD_2': 0.3333333333333333, 'PD_1,PD_4': 0.0, 'PD_1,PD_5': 0.0, 'PD_2,PD_4': 0.0, 'PD_2,PD_5': 0.0, 'PD_4,PD_5': 0.0}, ASR: 1.0, TCB: {'PD_1': ['PD_2'], 'PD_2': ['PD_1'], 'PD_4': [], 'PD_5': []}, FR: {'PD_1,PD_2': inf, 'PD_1,PD_4': inf, 'PD_1,PD_5': inf, 'PD_2,PD_4': inf, 'PD_2,PD_5': inf, 'PD_4,PD_5': inf}
  Computing metrics...
    RSI: {'PD_1,PD_2': 0.3333333333333333, 'PD_1,PD_4': 0.0, 'PD_1,PD_5': 0.0, 'PD_2,PD_4': 0.0, 'PD_2,PD_5': 0.0, 'PD_4,PD_5': 0.0}, ASR: 1.0, TCB: {'PD_1': ['PD_2'], 'PD_2': ['PD_1'], 'PD_4': [], 'PD_5': []}, FR: {'PD_1,PD_2': inf, 'PD_1,PD_4': inf, 'PD_1,PD_5': inf, 'PD_2,PD_4': inf, 'PD_2,PD_5': inf, 'PD_4,PD_5': inf}
  Computing metrics...
    RSI: {'PD_1,PD_2': 0.3333333333333333, 'PD_1,PD_4': 0.0, 'PD_1,PD_5': 0.0, 'PD_2,PD_4': 0.0, 'PD_2,PD_5': 0.0, 'PD_4,PD_5': 0.0}, ASR: 1.0, TCB: {'PD_1': ['PD_2'], 'PD_2': ['PD_1'], 'PD_4': [], 'PD_5': []}, FR: {'PD_1,PD_2': inf, 'PD_1,PD_4': inf, 'PD_1,PD_5': inf, 'PD_2,PD_4': inf, 'PD_2,PD_5': inf, 'PD_4,PD_5': inf}
  Computing metrics...
    RSI: {'PD_1,PD_2': 0.3333333333333333, 'PD_1,PD_4': 0.0, 'PD_1,PD_5': 0.0, 'PD_2,PD_4': 0.0, 'PD_2,PD_5': 0.0, 'PD_4,PD_5': 0.0}, ASR: 1.0, TCB: {'PD_1': ['PD_2'], 'PD_2': ['PD_1'], 'PD_4': [], 'PD_5': []}, FR: {'PD_1,PD_2': inf, 'PD_1,PD_4': inf, 'PD_1,PD_5': inf, 'PD_2,PD_4': inf, 'PD_2,PD_5': inf, 'PD_4,PD_5': inf}
  🚫 Filtered out 0 'add_pd(add new protection domain for system expansion)' candidates (avoiding repetition)
  Trying best transition: primitive
    Target: add new protection domain for system expansion
    Predicted improvement: 0.100
    Considered 36 other option(s):
      1. primitive: remove empty PD_4 (improvement: 0.100)
      2. primitive: remove empty PD_5 (improvement: 0.100)
      3. primitive: create new CONFIG file in FILE_SPACE_1 (improvement: 0.100)
      4. primitive: create new DATABASE file in FILE_SPACE_1 (improvement: 0.100)
      5. primitive: create new TEMP file in FILE_SPACE_1 (improvement: 0.100)
      6. primitive: create new LOG file in FILE_SPACE_1 (improvement: 0.100)
      7. primitive: remove FILE_1_3 (holders: 2) (improvement: 0.100)
      8. primitive: remove FILE_1_4 (holders: 0) (improvement: 0.100)
      9. primitive: disconnect FILE_1_1 from FILE_SPACE_1 (improvement: 0.100)
      10. primitive: disconnect FILE_1_2 from FILE_SPACE_1 (improvement: 0.100)
      ... and 26 more
    ✅ Applied add_pd
  📋 Generated 37 candidate(s)
  Computing metrics...
    RSI: {'PD_1,PD_2': 0.3333333333333333, 'PD_1,PD_4': 0.0, 'PD_1,PD_5': 0.0, 'PD_1,PD_6': 0.0, 'PD_2,PD_4': 0.0, 'PD_2,PD_5': 0.0, 'PD_2,PD_6': 0.0, 'PD_4,PD_5': 0.0, 'PD_4,PD_6': 0.0, 'PD_5,PD_6': 0.0}, ASR: 0.8, TCB: {'PD_1': ['PD_2'], 'PD_2': ['PD_1'], 'PD_4': [], 'PD_5': [], 'PD_6': []}, FR: {'PD_1,PD_2': inf, 'PD_1,PD_4': inf, 'PD_1,PD_5': inf, 'PD_1,PD_6': inf, 'PD_2,PD_4': inf, 'PD_2,PD_5': inf, 'PD_2,PD_6': inf, 'PD_4,PD_5': inf, 'PD_4,PD_6': inf, 'PD_5,PD_6': inf}
    ✅ Added candidate: add_pd (score: 0.100)
  Computing metrics...
    RSI: {'PD_1,PD_2': 0.3333333333333333, 'PD_1,PD_5': 0.0, 'PD_2,PD_5': 0.0}, ASR: 1.3333333333333333, TCB: {'PD_1': ['PD_2'], 'PD_2': ['PD_1'], 'PD_5': []}, FR: {'PD_1,PD_2': inf, 'PD_1,PD_5': inf, 'PD_2,PD_5': inf}
    ✅ Added candidate: remove_pd (score: 0.100)

🌟 Expanding Beam[2] (score: 0.100)
  Computing metrics...
    RSI: {'PD_1,PD_2': 0.3333333333333333}, ASR: 2.0, TCB: {'PD_1': ['PD_2'], 'PD_2': ['PD_1']}, FR: {'PD_1,PD_2': inf}
    Goal not met: RSI[PD_1,PD_2]=0.333 > 0.3
  Computing metrics...
    RSI: {'PD_1,PD_2': 0.3333333333333333}, ASR: 2.0, TCB: {'PD_1': ['PD_2'], 'PD_2': ['PD_1']}, FR: {'PD_1,PD_2': inf}
  Computing metrics...
    RSI: {'PD_1,PD_2': 0.3333333333333333, 'PD_1,PD_3': 0.0, 'PD_2,PD_3': 0.0}, ASR: 1.3333333333333333, TCB: {'PD_1': ['PD_2'], 'PD_2': ['PD_1'], 'PD_3': []}, FR: {'PD_1,PD_2': inf, 'PD_1,PD_3': inf, 'PD_2,PD_3': inf}
  Computing metrics...
    RSI: {'PD_1,PD_2': 0.3333333333333333}, ASR: 2.0, TCB: {'PD_1': ['PD_2'], 'PD_2': ['PD_1']}, FR: {'PD_1,PD_2': inf}
  Computing metrics...
    RSI: {'PD_1,PD_2': 0.3333333333333333}, ASR: 2.0, TCB: {'PD_1': ['PD_2'], 'PD_2': ['PD_1']}, FR: {'PD_1,PD_2': inf}
  Computing metrics...
    RSI: {'PD_1,PD_2': 0.3333333333333333}, ASR: 2.0, TCB: {'PD_1': ['PD_2'], 'PD_2': ['PD_1']}, FR: {'PD_1,PD_2': inf}
  Computing metrics...
    RSI: {'PD_1,PD_2': 0.3333333333333333}, ASR: 2.0, TCB: {'PD_1': ['PD_2'], 'PD_2': ['PD_1']}, FR: {'PD_1,PD_2': inf}
  Computing metrics...
    RSI: {'PD_1,PD_2': 0.3333333333333333}, ASR: 2.0, TCB: {'PD_1': ['PD_2'], 'PD_2': ['PD_1']}, FR: {'PD_1,PD_2': inf}
  Computing metrics...
    RSI: {'PD_1,PD_2': 0.3333333333333333}, ASR: 2.0, TCB: {'PD_1': ['PD_2'], 'PD_2': ['PD_1']}, FR: {'PD_1,PD_2': inf}
  Computing metrics...
    RSI: {'PD_1,PD_2': 0.3333333333333333}, ASR: 2.0, TCB: {'PD_1': ['PD_2'], 'PD_2': ['PD_1']}, FR: {'PD_1,PD_2': inf}
  Computing metrics...
    RSI: {'PD_1,PD_2': 0.3333333333333333}, ASR: 2.0, TCB: {'PD_1': ['PD_2'], 'PD_2': ['PD_1']}, FR: {'PD_1,PD_2': inf}
  Computing metrics...
    RSI: {'PD_1,PD_2': 0.3333333333333333}, ASR: 2.0, TCB: {'PD_1': ['PD_2'], 'PD_2': ['PD_1']}, FR: {'PD_1,PD_2': inf}
  Computing metrics...
    RSI: {'PD_1,PD_2': 0.3333333333333333}, ASR: 2.0, TCB: {'PD_1': ['PD_2'], 'PD_2': ['PD_1']}, FR: {'PD_1,PD_2': inf}
  Computing metrics...
    RSI: {'PD_1,PD_2': 0.3333333333333333}, ASR: 2.0, TCB: {'PD_1': ['PD_2'], 'PD_2': ['PD_1']}, FR: {'PD_1,PD_2': inf}
  Computing metrics...
    RSI: {'PD_1,PD_2': 0.3333333333333333}, ASR: 2.0, TCB: {'PD_1': ['PD_2'], 'PD_2': ['PD_1']}, FR: {'PD_1,PD_2': inf}
  Computing metrics...
    RSI: {'PD_1,PD_2': 0.3333333333333333}, ASR: 2.0, TCB: {'PD_1': ['PD_2'], 'PD_2': ['PD_1']}, FR: {'PD_1,PD_2': inf}
  Computing metrics...
    RSI: {'PD_1,PD_2': 0.6666666666666666}, ASR: 2.5, TCB: {'PD_1': ['PD_2'], 'PD_2': ['PD_1']}, FR: {'PD_1,PD_2': inf}
  Computing metrics...
    RSI: {'PD_1,PD_2': 0.3333333333333333}, ASR: 2.0, TCB: {'PD_1': ['PD_2'], 'PD_2': ['PD_1']}, FR: {'PD_1,PD_2': inf}
  Computing metrics...
    RSI: {'PD_1,PD_2': 0.25}, ASR: 2.5, TCB: {'PD_1': ['PD_2'], 'PD_2': ['PD_1']}, FR: {'PD_1,PD_2': inf}
  Computing metrics...
    RSI: {'PD_1,PD_2': 0.3333333333333333}, ASR: 2.0, TCB: {'PD_1': ['PD_2'], 'PD_2': ['PD_1']}, FR: {'PD_1,PD_2': inf}
  Computing metrics...
    RSI: {'PD_1,PD_2': 0.6666666666666666}, ASR: 2.5, TCB: {'PD_1': ['PD_2'], 'PD_2': ['PD_1']}, FR: {'PD_1,PD_2': inf}
  Computing metrics...
    RSI: {'PD_1,PD_2': 0.3333333333333333}, ASR: 2.0, TCB: {'PD_1': ['PD_2'], 'PD_2': ['PD_1']}, FR: {'PD_1,PD_2': inf}
  Computing metrics...
    RSI: {'PD_1,PD_2': 0.25}, ASR: 2.5, TCB: {'PD_1': ['PD_2'], 'PD_2': ['PD_1']}, FR: {'PD_1,PD_2': inf}
  Computing metrics...
    RSI: {'PD_1,PD_2': 0.3333333333333333}, ASR: 2.0, TCB: {'PD_1': ['PD_2'], 'PD_2': ['PD_1']}, FR: {'PD_1,PD_2': inf}
  Computing metrics...
    RSI: {'PD_1,PD_2': 0.3333333333333333}, ASR: 2.5, TCB: {'PD_1': ['PD_2'], 'PD_2': ['PD_1']}, FR: {'PD_1,PD_2': inf}
  Computing metrics...
    RSI: {'PD_1,PD_2': 0.3333333333333333}, ASR: 2.0, TCB: {'PD_1': ['PD_2'], 'PD_2': ['PD_1']}, FR: {'PD_1,PD_2': inf}
  Computing metrics...
    RSI: {'PD_1,PD_2': 0.3333333333333333}, ASR: 2.5, TCB: {'PD_1': ['PD_2'], 'PD_2': ['PD_1']}, FR: {'PD_1,PD_2': inf}
  Computing metrics...
    RSI: {'PD_1,PD_2': 0.3333333333333333}, ASR: 2.0, TCB: {'PD_1': ['PD_2'], 'PD_2': ['PD_1']}, FR: {'PD_1,PD_2': inf}
  Computing metrics...
    RSI: {'PD_1,PD_2': 0.3333333333333333}, ASR: 2.0, TCB: {'PD_1': ['PD_2'], 'PD_2': ['PD_1']}, FR: {'PD_1,PD_2': inf}
  Computing metrics...
    RSI: {'PD_1,PD_2': 0.3333333333333333}, ASR: 2.0, TCB: {'PD_1': ['PD_2'], 'PD_2': ['PD_1']}, FR: {'PD_1,PD_2': inf}
  Computing metrics...
    RSI: {'PD_1,PD_2': 0.3333333333333333}, ASR: 2.0, TCB: {'PD_1': ['PD_2'], 'PD_2': ['PD_1']}, FR: {'PD_1,PD_2': inf}
  Computing metrics...
    RSI: {'PD_1,PD_2': 0.3333333333333333}, ASR: 2.0, TCB: {'PD_1': ['PD_2'], 'PD_2': ['PD_1']}, FR: {'PD_1,PD_2': inf}
  Computing metrics...
    RSI: {'PD_1,PD_2': 0.3333333333333333}, ASR: 2.0, TCB: {'PD_1': ['PD_2'], 'PD_2': ['PD_1']}, FR: {'PD_1,PD_2': inf}
  Computing metrics...
    RSI: {'PD_1,PD_2': 0.3333333333333333}, ASR: 2.0, TCB: {'PD_1': ['PD_2'], 'PD_2': ['PD_1']}, FR: {'PD_1,PD_2': inf}
  Computing metrics...
    RSI: {'PD_1,PD_2': 0.3333333333333333}, ASR: 2.0, TCB: {'PD_1': ['PD_2'], 'PD_2': ['PD_1']}, FR: {'PD_1,PD_2': inf}
  🚫 Filtered out 0 'remove_pd(remove empty PD_4)' candidates (avoiding repetition)
  Trying best transition: primitive
    Target: add new protection domain for system expansion
    Predicted improvement: 6.767
    Considered 16 other option(s):
      1. primitive: create new CONFIG file in FILE_SPACE_1 (improvement: 0.100)
      2. primitive: create new DATABASE file in FILE_SPACE_1 (improvement: 0.100)
      3. primitive: create new TEMP file in FILE_SPACE_1 (improvement: 0.100)
      4. primitive: create new LOG file in FILE_SPACE_1 (improvement: 0.100)
      5. primitive: remove FILE_1_3 (holders: 2) (improvement: 0.100)
      6. primitive: remove FILE_1_4 (holders: 0) (improvement: 0.100)
      7. primitive: disconnect FILE_1_1 from FILE_SPACE_1 (improvement: 0.100)
      8. primitive: disconnect FILE_1_2 from FILE_SPACE_1 (improvement: 0.100)
      9. primitive: disconnect FILE_1_3 from FILE_SPACE_1 (improvement: 0.100)
      10. primitive: disconnect FILE_1_4 from FILE_SPACE_1 (improvement: 0.100)
      ... and 6 more
    ✅ Applied add_pd
  📋 Generated 17 candidate(s)
  Computing metrics...
    RSI: {'PD_1,PD_2': 0.3333333333333333, 'PD_1,PD_5': 0.0, 'PD_2,PD_5': 0.0}, ASR: 1.3333333333333333, TCB: {'PD_1': ['PD_2'], 'PD_2': ['PD_1'], 'PD_5': []}, FR: {'PD_1,PD_2': inf, 'PD_1,PD_5': inf, 'PD_2,PD_5': inf}
    ✅ Added candidate: add_pd (score: 6.767)
  Computing metrics...
    RSI: {'PD_1,PD_2': 0.3333333333333333}, ASR: 2.0, TCB: {'PD_1': ['PD_2'], 'PD_2': ['PD_1']}, FR: {'PD_1,PD_2': inf}
    ✅ Added candidate: add_file_resource (score: 0.100)

📊 Next beam (3 states):
  Beam[0]: BeamState(iter=6, score=6.767, path=add_pd(add new protection domain for system expansion) → remove_pd(remove empty PD_4) → add_pd(add new protection domain for system expansion))
  Beam[1]: BeamState(iter=6, score=0.100, path=remove_pd(remove empty PD_4) → add_pd(add new protection domain for system expansion) → add_pd(add new protection domain for system expansion))
  Beam[2]: BeamState(iter=6, score=0.100, path=remove_pd(remove empty PD_4) → add_pd(add new protection domain for system expansion) → remove_pd(remove empty PD_3))
💡 Total candidates generated: 6
🎯 Mechanisms discovered so far: 0

============================================================
🔍 Beam Search Iteration 7/8
📊 Current beam size: 3
  Beam[0]: BeamState(iter=6, score=6.767, path=add_pd(add new protection domain for system expansion) → remove_pd(remove empty PD_4) → add_pd(add new protection domain for system expansion))
  Beam[1]: BeamState(iter=6, score=0.100, path=remove_pd(remove empty PD_4) → add_pd(add new protection domain for system expansion) → add_pd(add new protection domain for system expansion))
  Beam[2]: BeamState(iter=6, score=0.100, path=remove_pd(remove empty PD_4) → add_pd(add new protection domain for system expansion) → remove_pd(remove empty PD_3))

🌟 Expanding Beam[0] (score: 6.767)
  Computing metrics...
    RSI: {'PD_1,PD_2': 0.3333333333333333, 'PD_1,PD_5': 0.0, 'PD_2,PD_5': 0.0}, ASR: 1.3333333333333333, TCB: {'PD_1': ['PD_2'], 'PD_2': ['PD_1'], 'PD_5': []}, FR: {'PD_1,PD_2': inf, 'PD_1,PD_5': inf, 'PD_2,PD_5': inf}
    Goal not met: RSI[PD_1,PD_2]=0.333 > 0.3
  Computing metrics...
    RSI: {'PD_1,PD_2': 0.3333333333333333, 'PD_1,PD_5': 0.0, 'PD_2,PD_5': 0.0}, ASR: 1.3333333333333333, TCB: {'PD_1': ['PD_2'], 'PD_2': ['PD_1'], 'PD_5': []}, FR: {'PD_1,PD_2': inf, 'PD_1,PD_5': inf, 'PD_2,PD_5': inf}
  Computing metrics...
    RSI: {'PD_1,PD_2': 0.3333333333333333, 'PD_1,PD_5': 0.0, 'PD_1,PD_4': 0.0, 'PD_2,PD_5': 0.0, 'PD_2,PD_4': 0.0, 'PD_5,PD_4': 0.0}, ASR: 1.0, TCB: {'PD_1': ['PD_2'], 'PD_2': ['PD_1'], 'PD_5': [], 'PD_4': []}, FR: {'PD_1,PD_2': inf, 'PD_1,PD_5': inf, 'PD_1,PD_4': inf, 'PD_2,PD_5': inf, 'PD_2,PD_4': inf, 'PD_5,PD_4': inf}
  Computing metrics...
    RSI: {'PD_1,PD_2': 0.3333333333333333, 'PD_1,PD_5': 0.0, 'PD_2,PD_5': 0.0}, ASR: 1.3333333333333333, TCB: {'PD_1': ['PD_2'], 'PD_2': ['PD_1'], 'PD_5': []}, FR: {'PD_1,PD_2': inf, 'PD_1,PD_5': inf, 'PD_2,PD_5': inf}
  Computing metrics...
    RSI: {'PD_1,PD_2': 0.3333333333333333, 'PD_1,PD_5': 0.0, 'PD_2,PD_5': 0.0}, ASR: 1.3333333333333333, TCB: {'PD_1': ['PD_2'], 'PD_2': ['PD_1'], 'PD_5': []}, FR: {'PD_1,PD_2': inf, 'PD_1,PD_5': inf, 'PD_2,PD_5': inf}
  Computing metrics...
    RSI: {'PD_1,PD_2': 0.3333333333333333, 'PD_1,PD_5': 0.0, 'PD_2,PD_5': 0.0}, ASR: 1.3333333333333333, TCB: {'PD_1': ['PD_2'], 'PD_2': ['PD_1'], 'PD_5': []}, FR: {'PD_1,PD_2': inf, 'PD_1,PD_5': inf, 'PD_2,PD_5': inf}
  Computing metrics...
    RSI: {'PD_1,PD_2': 0.3333333333333333, 'PD_1,PD_5': 0.0, 'PD_2,PD_5': 0.0}, ASR: 1.3333333333333333, TCB: {'PD_1': ['PD_2'], 'PD_2': ['PD_1'], 'PD_5': []}, FR: {'PD_1,PD_2': inf, 'PD_1,PD_5': inf, 'PD_2,PD_5': inf}
  Computing metrics...
    RSI: {'PD_1,PD_2': 0.3333333333333333, 'PD_1,PD_5': 0.0, 'PD_2,PD_5': 0.0}, ASR: 1.3333333333333333, TCB: {'PD_1': ['PD_2'], 'PD_2': ['PD_1'], 'PD_5': []}, FR: {'PD_1,PD_2': inf, 'PD_1,PD_5': inf, 'PD_2,PD_5': inf}
  Computing metrics...
    RSI: {'PD_1,PD_2': 0.3333333333333333, 'PD_1,PD_5': 0.0, 'PD_2,PD_5': 0.0}, ASR: 1.3333333333333333, TCB: {'PD_1': ['PD_2'], 'PD_2': ['PD_1'], 'PD_5': []}, FR: {'PD_1,PD_2': inf, 'PD_1,PD_5': inf, 'PD_2,PD_5': inf}
  Computing metrics...
    RSI: {'PD_1,PD_2': 0.3333333333333333, 'PD_1,PD_5': 0.0, 'PD_2,PD_5': 0.0}, ASR: 1.3333333333333333, TCB: {'PD_1': ['PD_2'], 'PD_2': ['PD_1'], 'PD_5': []}, FR: {'PD_1,PD_2': inf, 'PD_1,PD_5': inf, 'PD_2,PD_5': inf}
  Computing metrics...
    RSI: {'PD_1,PD_2': 0.3333333333333333, 'PD_1,PD_5': 0.0, 'PD_2,PD_5': 0.0}, ASR: 1.3333333333333333, TCB: {'PD_1': ['PD_2'], 'PD_2': ['PD_1'], 'PD_5': []}, FR: {'PD_1,PD_2': inf, 'PD_1,PD_5': inf, 'PD_2,PD_5': inf}
  Computing metrics...
    RSI: {'PD_1,PD_2': 0.3333333333333333, 'PD_1,PD_5': 0.0, 'PD_2,PD_5': 0.0}, ASR: 1.3333333333333333, TCB: {'PD_1': ['PD_2'], 'PD_2': ['PD_1'], 'PD_5': []}, FR: {'PD_1,PD_2': inf, 'PD_1,PD_5': inf, 'PD_2,PD_5': inf}
  Computing metrics...
    RSI: {'PD_1,PD_2': 0.3333333333333333, 'PD_1,PD_5': 0.0, 'PD_2,PD_5': 0.0}, ASR: 1.3333333333333333, TCB: {'PD_1': ['PD_2'], 'PD_2': ['PD_1'], 'PD_5': []}, FR: {'PD_1,PD_2': inf, 'PD_1,PD_5': inf, 'PD_2,PD_5': inf}
  Computing metrics...
    RSI: {'PD_1,PD_2': 0.3333333333333333, 'PD_1,PD_5': 0.0, 'PD_2,PD_5': 0.0}, ASR: 1.3333333333333333, TCB: {'PD_1': ['PD_2'], 'PD_2': ['PD_1'], 'PD_5': []}, FR: {'PD_1,PD_2': inf, 'PD_1,PD_5': inf, 'PD_2,PD_5': inf}
  Computing metrics...
    RSI: {'PD_1,PD_2': 0.3333333333333333, 'PD_1,PD_5': 0.0, 'PD_2,PD_5': 0.0}, ASR: 1.3333333333333333, TCB: {'PD_1': ['PD_2'], 'PD_2': ['PD_1'], 'PD_5': []}, FR: {'PD_1,PD_2': inf, 'PD_1,PD_5': inf, 'PD_2,PD_5': inf}
  Computing metrics...
    RSI: {'PD_1,PD_2': 0.3333333333333333, 'PD_1,PD_5': 0.0, 'PD_2,PD_5': 0.0}, ASR: 1.3333333333333333, TCB: {'PD_1': ['PD_2'], 'PD_2': ['PD_1'], 'PD_5': []}, FR: {'PD_1,PD_2': inf, 'PD_1,PD_5': inf, 'PD_2,PD_5': inf}
  Computing metrics...
    RSI: {'PD_1,PD_2': 0.3333333333333333, 'PD_1,PD_5': 0.0, 'PD_2,PD_5': 0.0}, ASR: 1.3333333333333333, TCB: {'PD_1': ['PD_2'], 'PD_2': ['PD_1'], 'PD_5': []}, FR: {'PD_1,PD_2': inf, 'PD_1,PD_5': inf, 'PD_2,PD_5': inf}
  Computing metrics...
    RSI: {'PD_1,PD_2': 0.3333333333333333, 'PD_1,PD_5': 0.0, 'PD_2,PD_5': 0.0}, ASR: 1.3333333333333333, TCB: {'PD_1': ['PD_2'], 'PD_2': ['PD_1'], 'PD_5': []}, FR: {'PD_1,PD_2': inf, 'PD_1,PD_5': inf, 'PD_2,PD_5': inf}
  Computing metrics...
    RSI: {'PD_1,PD_2': 0.6666666666666666, 'PD_1,PD_5': 0.0, 'PD_2,PD_5': 0.0}, ASR: 1.6666666666666667, TCB: {'PD_1': ['PD_2'], 'PD_2': ['PD_1'], 'PD_5': []}, FR: {'PD_1,PD_2': inf, 'PD_1,PD_5': inf, 'PD_2,PD_5': inf}
  Computing metrics...
    RSI: {'PD_1,PD_2': 0.3333333333333333, 'PD_1,PD_5': 0.0, 'PD_2,PD_5': 0.0}, ASR: 1.3333333333333333, TCB: {'PD_1': ['PD_2'], 'PD_2': ['PD_1'], 'PD_5': []}, FR: {'PD_1,PD_2': inf, 'PD_1,PD_5': inf, 'PD_2,PD_5': inf}
  Computing metrics...
    RSI: {'PD_1,PD_2': 0.25, 'PD_1,PD_5': 0.0, 'PD_2,PD_5': 0.0}, ASR: 1.6666666666666667, TCB: {'PD_1': ['PD_2'], 'PD_2': ['PD_1'], 'PD_5': []}, FR: {'PD_1,PD_2': inf, 'PD_1,PD_5': inf, 'PD_2,PD_5': inf}
  Computing metrics...
    RSI: {'PD_1,PD_2': 0.3333333333333333, 'PD_1,PD_5': 0.0, 'PD_2,PD_5': 0.0}, ASR: 1.3333333333333333, TCB: {'PD_1': ['PD_2'], 'PD_2': ['PD_1'], 'PD_5': []}, FR: {'PD_1,PD_2': inf, 'PD_1,PD_5': inf, 'PD_2,PD_5': inf}
  Computing metrics...
    RSI: {'PD_1,PD_2': 0.6666666666666666, 'PD_1,PD_5': 0.0, 'PD_2,PD_5': 0.0}, ASR: 1.6666666666666667, TCB: {'PD_1': ['PD_2'], 'PD_2': ['PD_1'], 'PD_5': []}, FR: {'PD_1,PD_2': inf, 'PD_1,PD_5': inf, 'PD_2,PD_5': inf}
  Computing metrics...
    RSI: {'PD_1,PD_2': 0.3333333333333333, 'PD_1,PD_5': 0.0, 'PD_2,PD_5': 0.0}, ASR: 1.3333333333333333, TCB: {'PD_1': ['PD_2'], 'PD_2': ['PD_1'], 'PD_5': []}, FR: {'PD_1,PD_2': inf, 'PD_1,PD_5': inf, 'PD_2,PD_5': inf}
  Computing metrics...
    RSI: {'PD_1,PD_2': 0.25, 'PD_1,PD_5': 0.0, 'PD_2,PD_5': 0.0}, ASR: 1.6666666666666667, TCB: {'PD_1': ['PD_2'], 'PD_2': ['PD_1'], 'PD_5': []}, FR: {'PD_1,PD_2': inf, 'PD_1,PD_5': inf, 'PD_2,PD_5': inf}
  Computing metrics...
    RSI: {'PD_1,PD_2': 0.3333333333333333, 'PD_1,PD_5': 0.0, 'PD_2,PD_5': 0.0}, ASR: 1.3333333333333333, TCB: {'PD_1': ['PD_2'], 'PD_2': ['PD_1'], 'PD_5': []}, FR: {'PD_1,PD_2': inf, 'PD_1,PD_5': inf, 'PD_2,PD_5': inf}
  Computing metrics...
    RSI: {'PD_1,PD_2': 0.3333333333333333, 'PD_1,PD_5': 0.5, 'PD_2,PD_5': 0.0}, ASR: 1.6666666666666667, TCB: {'PD_1': ['PD_5', 'PD_2'], 'PD_2': ['PD_1'], 'PD_5': ['PD_1']}, FR: {'PD_1,PD_2': inf, 'PD_1,PD_5': inf, 'PD_2,PD_5': inf}
  Computing metrics...
    RSI: {'PD_1,PD_2': 0.3333333333333333, 'PD_1,PD_5': 0.0, 'PD_2,PD_5': 0.0}, ASR: 1.3333333333333333, TCB: {'PD_1': ['PD_2'], 'PD_2': ['PD_1'], 'PD_5': []}, FR: {'PD_1,PD_2': inf, 'PD_1,PD_5': inf, 'PD_2,PD_5': inf}
  Computing metrics...
    RSI: {'PD_1,PD_2': 0.3333333333333333, 'PD_1,PD_5': 0.0, 'PD_2,PD_5': 0.5}, ASR: 1.6666666666666667, TCB: {'PD_1': ['PD_2'], 'PD_2': ['PD_1', 'PD_5'], 'PD_5': ['PD_2']}, FR: {'PD_1,PD_2': inf, 'PD_1,PD_5': inf, 'PD_2,PD_5': inf}
  Computing metrics...
    RSI: {'PD_1,PD_2': 0.3333333333333333, 'PD_1,PD_5': 0.0, 'PD_2,PD_5': 0.0}, ASR: 1.3333333333333333, TCB: {'PD_1': ['PD_2'], 'PD_2': ['PD_1'], 'PD_5': []}, FR: {'PD_1,PD_2': inf, 'PD_1,PD_5': inf, 'PD_2,PD_5': inf}
  Computing metrics...
    RSI: {'PD_1,PD_2': 0.3333333333333333, 'PD_1,PD_5': 0.5, 'PD_2,PD_5': 0.5}, ASR: 1.6666666666666667, TCB: {'PD_1': ['PD_2', 'PD_5'], 'PD_2': ['PD_1', 'PD_5'], 'PD_5': ['PD_1', 'PD_2']}, FR: {'PD_1,PD_2': inf, 'PD_1,PD_5': inf, 'PD_2,PD_5': inf}
  Computing metrics...
    RSI: {'PD_1,PD_2': 0.3333333333333333, 'PD_1,PD_5': 0.0, 'PD_2,PD_5': 0.0}, ASR: 1.3333333333333333, TCB: {'PD_1': ['PD_2'], 'PD_2': ['PD_1'], 'PD_5': []}, FR: {'PD_1,PD_2': inf, 'PD_1,PD_5': inf, 'PD_2,PD_5': inf}
  Computing metrics...
    RSI: {'PD_1,PD_2': 0.3333333333333333, 'PD_1,PD_5': 0.0, 'PD_2,PD_5': 0.0}, ASR: 1.6666666666666667, TCB: {'PD_1': ['PD_2'], 'PD_2': ['PD_1'], 'PD_5': []}, FR: {'PD_1,PD_2': inf, 'PD_1,PD_5': inf, 'PD_2,PD_5': inf}
  Computing metrics...
    RSI: {'PD_1,PD_2': 0.3333333333333333, 'PD_1,PD_5': 0.0, 'PD_2,PD_5': 0.0}, ASR: 1.3333333333333333, TCB: {'PD_1': ['PD_2'], 'PD_2': ['PD_1'], 'PD_5': []}, FR: {'PD_1,PD_2': inf, 'PD_1,PD_5': inf, 'PD_2,PD_5': inf}
  Computing metrics...
    RSI: {'PD_1,PD_2': 0.3333333333333333, 'PD_1,PD_5': 0.0, 'PD_2,PD_5': 0.0}, ASR: 1.6666666666666667, TCB: {'PD_1': ['PD_2'], 'PD_2': ['PD_1'], 'PD_5': []}, FR: {'PD_1,PD_2': inf, 'PD_1,PD_5': inf, 'PD_2,PD_5': inf}
  Computing metrics...
    RSI: {'PD_1,PD_2': 0.3333333333333333, 'PD_1,PD_5': 0.0, 'PD_2,PD_5': 0.0}, ASR: 1.3333333333333333, TCB: {'PD_1': ['PD_2'], 'PD_2': ['PD_1'], 'PD_5': []}, FR: {'PD_1,PD_2': inf, 'PD_1,PD_5': inf, 'PD_2,PD_5': inf}
  Computing metrics...
    RSI: {'PD_1,PD_2': 0.3333333333333333, 'PD_1,PD_5': 0.0, 'PD_2,PD_5': 0.0}, ASR: 1.6666666666666667, TCB: {'PD_1': ['PD_5', 'PD_2'], 'PD_2': ['PD_1'], 'PD_5': []}, FR: {'PD_1,PD_2': inf, 'PD_1,PD_5': inf, 'PD_2,PD_5': inf}
  Computing metrics...
    RSI: {'PD_1,PD_2': 0.3333333333333333, 'PD_1,PD_5': 0.0, 'PD_2,PD_5': 0.0}, ASR: 1.3333333333333333, TCB: {'PD_1': ['PD_2'], 'PD_2': ['PD_1'], 'PD_5': []}, FR: {'PD_1,PD_2': inf, 'PD_1,PD_5': inf, 'PD_2,PD_5': inf}
  Computing metrics...
    RSI: {'PD_1,PD_2': 0.3333333333333333, 'PD_1,PD_5': 0.0, 'PD_2,PD_5': 0.0}, ASR: 1.6666666666666667, TCB: {'PD_1': ['PD_2'], 'PD_2': ['PD_1'], 'PD_5': []}, FR: {'PD_1,PD_2': inf, 'PD_1,PD_5': inf, 'PD_2,PD_5': inf}
  Computing metrics...
    RSI: {'PD_1,PD_2': 0.3333333333333333, 'PD_1,PD_5': 0.0, 'PD_2,PD_5': 0.0}, ASR: 1.3333333333333333, TCB: {'PD_1': ['PD_2'], 'PD_2': ['PD_1'], 'PD_5': []}, FR: {'PD_1,PD_2': inf, 'PD_1,PD_5': inf, 'PD_2,PD_5': inf}
  Computing metrics...
    RSI: {'PD_1,PD_2': 0.3333333333333333, 'PD_1,PD_5': 0.0, 'PD_2,PD_5': 0.0}, ASR: 1.6666666666666667, TCB: {'PD_1': ['PD_2'], 'PD_2': ['PD_5', 'PD_1'], 'PD_5': []}, FR: {'PD_1,PD_2': inf, 'PD_1,PD_5': inf, 'PD_2,PD_5': inf}
  Computing metrics...
    RSI: {'PD_1,PD_2': 0.3333333333333333, 'PD_1,PD_5': 0.0, 'PD_2,PD_5': 0.0}, ASR: 1.3333333333333333, TCB: {'PD_1': ['PD_2'], 'PD_2': ['PD_1'], 'PD_5': []}, FR: {'PD_1,PD_2': inf, 'PD_1,PD_5': inf, 'PD_2,PD_5': inf}
  Computing metrics...
    RSI: {'PD_1,PD_2': 0.3333333333333333, 'PD_1,PD_5': 0.0, 'PD_2,PD_5': 0.0}, ASR: 1.6666666666666667, TCB: {'PD_1': ['PD_2'], 'PD_2': ['PD_1'], 'PD_5': ['PD_1']}, FR: {'PD_1,PD_2': inf, 'PD_1,PD_5': inf, 'PD_2,PD_5': inf}
  Computing metrics...
    RSI: {'PD_1,PD_2': 0.3333333333333333, 'PD_1,PD_5': 0.0, 'PD_2,PD_5': 0.0}, ASR: 1.3333333333333333, TCB: {'PD_1': ['PD_2'], 'PD_2': ['PD_1'], 'PD_5': []}, FR: {'PD_1,PD_2': inf, 'PD_1,PD_5': inf, 'PD_2,PD_5': inf}
  Computing metrics...
    RSI: {'PD_1,PD_2': 0.3333333333333333, 'PD_1,PD_5': 0.0, 'PD_2,PD_5': 0.0}, ASR: 1.6666666666666667, TCB: {'PD_1': ['PD_2'], 'PD_2': ['PD_1'], 'PD_5': ['PD_2']}, FR: {'PD_1,PD_2': inf, 'PD_1,PD_5': inf, 'PD_2,PD_5': inf}
  Computing metrics...
    RSI: {'PD_1,PD_2': 0.3333333333333333, 'PD_1,PD_5': 0.0, 'PD_2,PD_5': 0.0}, ASR: 1.3333333333333333, TCB: {'PD_1': ['PD_2'], 'PD_2': ['PD_1'], 'PD_5': []}, FR: {'PD_1,PD_2': inf, 'PD_1,PD_5': inf, 'PD_2,PD_5': inf}
  Computing metrics...
    RSI: {'PD_1,PD_2': 0.3333333333333333, 'PD_1,PD_5': 0.0, 'PD_2,PD_5': 0.0}, ASR: 1.3333333333333333, TCB: {'PD_1': ['PD_2'], 'PD_2': ['PD_1'], 'PD_5': []}, FR: {'PD_1,PD_2': inf, 'PD_1,PD_5': inf, 'PD_2,PD_5': inf}
  Computing metrics...
    RSI: {'PD_1,PD_2': 0.3333333333333333, 'PD_1,PD_5': 0.0, 'PD_2,PD_5': 0.0}, ASR: 1.3333333333333333, TCB: {'PD_1': ['PD_2'], 'PD_2': ['PD_1'], 'PD_5': []}, FR: {'PD_1,PD_2': inf, 'PD_1,PD_5': inf, 'PD_2,PD_5': inf}
  Computing metrics...
    RSI: {'PD_1,PD_2': 0.3333333333333333, 'PD_1,PD_5': 0.0, 'PD_2,PD_5': 0.0}, ASR: 1.3333333333333333, TCB: {'PD_1': ['PD_2'], 'PD_2': ['PD_1'], 'PD_5': []}, FR: {'PD_1,PD_2': inf, 'PD_1,PD_5': inf, 'PD_2,PD_5': inf}
  Computing metrics...
    RSI: {'PD_1,PD_2': 0.3333333333333333, 'PD_1,PD_5': 0.0, 'PD_2,PD_5': 0.0}, ASR: 1.3333333333333333, TCB: {'PD_1': ['PD_2'], 'PD_2': ['PD_1'], 'PD_5': []}, FR: {'PD_1,PD_2': inf, 'PD_1,PD_5': inf, 'PD_2,PD_5': inf}
  Computing metrics...
    RSI: {'PD_1,PD_2': 0.3333333333333333, 'PD_1,PD_5': 0.0, 'PD_2,PD_5': 0.0}, ASR: 1.3333333333333333, TCB: {'PD_1': ['PD_2'], 'PD_2': ['PD_1'], 'PD_5': []}, FR: {'PD_1,PD_2': inf, 'PD_1,PD_5': inf, 'PD_2,PD_5': inf}
  Computing metrics...
    RSI: {'PD_1,PD_2': 0.3333333333333333, 'PD_1,PD_5': 0.0, 'PD_2,PD_5': 0.0}, ASR: 1.3333333333333333, TCB: {'PD_1': ['PD_2'], 'PD_2': ['PD_1'], 'PD_5': []}, FR: {'PD_1,PD_2': inf, 'PD_1,PD_5': inf, 'PD_2,PD_5': inf}
  Computing metrics...
    RSI: {'PD_1,PD_2': 0.3333333333333333, 'PD_1,PD_5': 0.0, 'PD_2,PD_5': 0.0}, ASR: 1.3333333333333333, TCB: {'PD_1': ['PD_2'], 'PD_2': ['PD_1'], 'PD_5': []}, FR: {'PD_1,PD_2': inf, 'PD_1,PD_5': inf, 'PD_2,PD_5': inf}
  🚫 Filtered out 0 'add_pd(add new protection domain for system expansion)' candidates (avoiding repetition)
  Trying best transition: primitive
    Target: add new protection domain for system expansion
    Predicted improvement: 3.433
    Considered 25 other option(s):
      1. primitive: remove empty PD_5 (improvement: 0.100)
      2. primitive: create new CONFIG file in FILE_SPACE_1 (improvement: 0.100)
      3. primitive: create new DATABASE file in FILE_SPACE_1 (improvement: 0.100)
      4. primitive: create new TEMP file in FILE_SPACE_1 (improvement: 0.100)
      5. primitive: create new LOG file in FILE_SPACE_1 (improvement: 0.100)
      6. primitive: remove FILE_1_3 (holders: 2) (improvement: 0.100)
      7. primitive: remove FILE_1_4 (holders: 0) (improvement: 0.100)
      8. primitive: disconnect FILE_1_1 from FILE_SPACE_1 (improvement: 0.100)
      9. primitive: disconnect FILE_1_2 from FILE_SPACE_1 (improvement: 0.100)
      10. primitive: disconnect FILE_1_3 from FILE_SPACE_1 (improvement: 0.100)
      ... and 15 more
    ✅ Applied add_pd
  📋 Generated 26 candidate(s)
  Computing metrics...
    RSI: {'PD_1,PD_2': 0.3333333333333333, 'PD_1,PD_5': 0.0, 'PD_1,PD_6': 0.0, 'PD_2,PD_5': 0.0, 'PD_2,PD_6': 0.0, 'PD_5,PD_6': 0.0}, ASR: 1.0, TCB: {'PD_1': ['PD_2'], 'PD_2': ['PD_1'], 'PD_5': [], 'PD_6': []}, FR: {'PD_1,PD_2': inf, 'PD_1,PD_5': inf, 'PD_1,PD_6': inf, 'PD_2,PD_5': inf, 'PD_2,PD_6': inf, 'PD_5,PD_6': inf}
    ✅ Added candidate: add_pd (score: 3.433)
  Computing metrics...
    RSI: {'PD_1,PD_2': 0.3333333333333333}, ASR: 2.0, TCB: {'PD_1': ['PD_2'], 'PD_2': ['PD_1']}, FR: {'PD_1,PD_2': inf}
    ✅ Added candidate: remove_pd (score: 0.100)

🌟 Expanding Beam[1] (score: 0.100)
  Computing metrics...
    RSI: {'PD_1,PD_2': 0.3333333333333333, 'PD_1,PD_3': 0.0, 'PD_1,PD_5': 0.0, 'PD_1,PD_6': 0.0, 'PD_2,PD_3': 0.0, 'PD_2,PD_5': 0.0, 'PD_2,PD_6': 0.0, 'PD_3,PD_5': 0.0, 'PD_3,PD_6': 0.0, 'PD_5,PD_6': 0.0}, ASR: 0.8, TCB: {'PD_1': ['PD_2'], 'PD_2': ['PD_1'], 'PD_3': [], 'PD_5': [], 'PD_6': []}, FR: {'PD_1,PD_2': inf, 'PD_1,PD_3': inf, 'PD_1,PD_5': inf, 'PD_1,PD_6': inf, 'PD_2,PD_3': inf, 'PD_2,PD_5': inf, 'PD_2,PD_6': inf, 'PD_3,PD_5': inf, 'PD_3,PD_6': inf, 'PD_5,PD_6': inf}
    Goal not met: RSI[PD_1,PD_2]=0.333 > 0.3
  Computing metrics...
    RSI: {'PD_1,PD_2': 0.3333333333333333, 'PD_1,PD_3': 0.0, 'PD_1,PD_5': 0.0, 'PD_1,PD_6': 0.0, 'PD_2,PD_3': 0.0, 'PD_2,PD_5': 0.0, 'PD_2,PD_6': 0.0, 'PD_3,PD_5': 0.0, 'PD_3,PD_6': 0.0, 'PD_5,PD_6': 0.0}, ASR: 0.8, TCB: {'PD_1': ['PD_2'], 'PD_2': ['PD_1'], 'PD_3': [], 'PD_5': [], 'PD_6': []}, FR: {'PD_1,PD_2': inf, 'PD_1,PD_3': inf, 'PD_1,PD_5': inf, 'PD_1,PD_6': inf, 'PD_2,PD_3': inf, 'PD_2,PD_5': inf, 'PD_2,PD_6': inf, 'PD_3,PD_5': inf, 'PD_3,PD_6': inf, 'PD_5,PD_6': inf}
  Computing metrics...
    RSI: {'PD_1,PD_2': 0.3333333333333333, 'PD_1,PD_3': 0.0, 'PD_1,PD_5': 0.0, 'PD_1,PD_6': 0.0, 'PD_2,PD_3': 0.0, 'PD_2,PD_5': 0.0, 'PD_2,PD_6': 0.0, 'PD_3,PD_5': 0.0, 'PD_3,PD_6': 0.0, 'PD_5,PD_6': 0.0}, ASR: 0.8, TCB: {'PD_1': ['PD_2'], 'PD_2': ['PD_1'], 'PD_3': [], 'PD_5': [], 'PD_6': []}, FR: {'PD_1,PD_2': inf, 'PD_1,PD_3': inf, 'PD_1,PD_5': inf, 'PD_1,PD_6': inf, 'PD_2,PD_3': inf, 'PD_2,PD_5': inf, 'PD_2,PD_6': inf, 'PD_3,PD_5': inf, 'PD_3,PD_6': inf, 'PD_5,PD_6': inf}
  Computing metrics...
    RSI: {'PD_1,PD_2': 0.3333333333333333, 'PD_1,PD_3': 0.0, 'PD_1,PD_5': 0.0, 'PD_1,PD_6': 0.0, 'PD_2,PD_3': 0.0, 'PD_2,PD_5': 0.0, 'PD_2,PD_6': 0.0, 'PD_3,PD_5': 0.0, 'PD_3,PD_6': 0.0, 'PD_5,PD_6': 0.0}, ASR: 0.8, TCB: {'PD_1': ['PD_2'], 'PD_2': ['PD_1'], 'PD_3': [], 'PD_5': [], 'PD_6': []}, FR: {'PD_1,PD_2': inf, 'PD_1,PD_3': inf, 'PD_1,PD_5': inf, 'PD_1,PD_6': inf, 'PD_2,PD_3': inf, 'PD_2,PD_5': inf, 'PD_2,PD_6': inf, 'PD_3,PD_5': inf, 'PD_3,PD_6': inf, 'PD_5,PD_6': inf}
  Computing metrics...
    RSI: {'PD_1,PD_2': 0.3333333333333333, 'PD_1,PD_3': 0.0, 'PD_1,PD_5': 0.0, 'PD_1,PD_6': 0.0, 'PD_2,PD_3': 0.0, 'PD_2,PD_5': 0.0, 'PD_2,PD_6': 0.0, 'PD_3,PD_5': 0.0, 'PD_3,PD_6': 0.0, 'PD_5,PD_6': 0.0}, ASR: 0.8, TCB: {'PD_1': ['PD_2'], 'PD_2': ['PD_1'], 'PD_3': [], 'PD_5': [], 'PD_6': []}, FR: {'PD_1,PD_2': inf, 'PD_1,PD_3': inf, 'PD_1,PD_5': inf, 'PD_1,PD_6': inf, 'PD_2,PD_3': inf, 'PD_2,PD_5': inf, 'PD_2,PD_6': inf, 'PD_3,PD_5': inf, 'PD_3,PD_6': inf, 'PD_5,PD_6': inf}
  Computing metrics...
    RSI: {'PD_1,PD_2': 0.3333333333333333, 'PD_1,PD_3': 0.0, 'PD_1,PD_5': 0.0, 'PD_1,PD_6': 0.0, 'PD_2,PD_3': 0.0, 'PD_2,PD_5': 0.0, 'PD_2,PD_6': 0.0, 'PD_3,PD_5': 0.0, 'PD_3,PD_6': 0.0, 'PD_5,PD_6': 0.0}, ASR: 0.8, TCB: {'PD_1': ['PD_2'], 'PD_2': ['PD_1'], 'PD_3': [], 'PD_5': [], 'PD_6': []}, FR: {'PD_1,PD_2': inf, 'PD_1,PD_3': inf, 'PD_1,PD_5': inf, 'PD_1,PD_6': inf, 'PD_2,PD_3': inf, 'PD_2,PD_5': inf, 'PD_2,PD_6': inf, 'PD_3,PD_5': inf, 'PD_3,PD_6': inf, 'PD_5,PD_6': inf}
  Computing metrics...
    RSI: {'PD_1,PD_2': 0.3333333333333333, 'PD_1,PD_3': 0.0, 'PD_1,PD_5': 0.0, 'PD_1,PD_6': 0.0, 'PD_2,PD_3': 0.0, 'PD_2,PD_5': 0.0, 'PD_2,PD_6': 0.0, 'PD_3,PD_5': 0.0, 'PD_3,PD_6': 0.0, 'PD_5,PD_6': 0.0}, ASR: 0.8, TCB: {'PD_1': ['PD_2'], 'PD_2': ['PD_1'], 'PD_3': [], 'PD_5': [], 'PD_6': []}, FR: {'PD_1,PD_2': inf, 'PD_1,PD_3': inf, 'PD_1,PD_5': inf, 'PD_1,PD_6': inf, 'PD_2,PD_3': inf, 'PD_2,PD_5': inf, 'PD_2,PD_6': inf, 'PD_3,PD_5': inf, 'PD_3,PD_6': inf, 'PD_5,PD_6': inf}
  Computing metrics...
    RSI: {'PD_1,PD_2': 0.3333333333333333, 'PD_1,PD_3': 0.0, 'PD_1,PD_5': 0.0, 'PD_1,PD_6': 0.0, 'PD_2,PD_3': 0.0, 'PD_2,PD_5': 0.0, 'PD_2,PD_6': 0.0, 'PD_3,PD_5': 0.0, 'PD_3,PD_6': 0.0, 'PD_5,PD_6': 0.0}, ASR: 0.8, TCB: {'PD_1': ['PD_2'], 'PD_2': ['PD_1'], 'PD_3': [], 'PD_5': [], 'PD_6': []}, FR: {'PD_1,PD_2': inf, 'PD_1,PD_3': inf, 'PD_1,PD_5': inf, 'PD_1,PD_6': inf, 'PD_2,PD_3': inf, 'PD_2,PD_5': inf, 'PD_2,PD_6': inf, 'PD_3,PD_5': inf, 'PD_3,PD_6': inf, 'PD_5,PD_6': inf}
  Computing metrics...
    RSI: {'PD_1,PD_2': 0.3333333333333333, 'PD_1,PD_3': 0.0, 'PD_1,PD_5': 0.0, 'PD_1,PD_6': 0.0, 'PD_2,PD_3': 0.0, 'PD_2,PD_5': 0.0, 'PD_2,PD_6': 0.0, 'PD_3,PD_5': 0.0, 'PD_3,PD_6': 0.0, 'PD_5,PD_6': 0.0}, ASR: 0.8, TCB: {'PD_1': ['PD_2'], 'PD_2': ['PD_1'], 'PD_3': [], 'PD_5': [], 'PD_6': []}, FR: {'PD_1,PD_2': inf, 'PD_1,PD_3': inf, 'PD_1,PD_5': inf, 'PD_1,PD_6': inf, 'PD_2,PD_3': inf, 'PD_2,PD_5': inf, 'PD_2,PD_6': inf, 'PD_3,PD_5': inf, 'PD_3,PD_6': inf, 'PD_5,PD_6': inf}
  Computing metrics...
    RSI: {'PD_1,PD_2': 0.3333333333333333, 'PD_1,PD_3': 0.0, 'PD_1,PD_5': 0.0, 'PD_1,PD_6': 0.0, 'PD_2,PD_3': 0.0, 'PD_2,PD_5': 0.0, 'PD_2,PD_6': 0.0, 'PD_3,PD_5': 0.0, 'PD_3,PD_6': 0.0, 'PD_5,PD_6': 0.0}, ASR: 0.8, TCB: {'PD_1': ['PD_2'], 'PD_2': ['PD_1'], 'PD_3': [], 'PD_5': [], 'PD_6': []}, FR: {'PD_1,PD_2': inf, 'PD_1,PD_3': inf, 'PD_1,PD_5': inf, 'PD_1,PD_6': inf, 'PD_2,PD_3': inf, 'PD_2,PD_5': inf, 'PD_2,PD_6': inf, 'PD_3,PD_5': inf, 'PD_3,PD_6': inf, 'PD_5,PD_6': inf}
  Computing metrics...
    RSI: {'PD_1,PD_2': 0.3333333333333333, 'PD_1,PD_3': 0.0, 'PD_1,PD_5': 0.0, 'PD_1,PD_6': 0.0, 'PD_2,PD_3': 0.0, 'PD_2,PD_5': 0.0, 'PD_2,PD_6': 0.0, 'PD_3,PD_5': 0.0, 'PD_3,PD_6': 0.0, 'PD_5,PD_6': 0.0}, ASR: 0.8, TCB: {'PD_1': ['PD_2'], 'PD_2': ['PD_1'], 'PD_3': [], 'PD_5': [], 'PD_6': []}, FR: {'PD_1,PD_2': inf, 'PD_1,PD_3': inf, 'PD_1,PD_5': inf, 'PD_1,PD_6': inf, 'PD_2,PD_3': inf, 'PD_2,PD_5': inf, 'PD_2,PD_6': inf, 'PD_3,PD_5': inf, 'PD_3,PD_6': inf, 'PD_5,PD_6': inf}
  Computing metrics...
    RSI: {'PD_1,PD_2': 0.3333333333333333, 'PD_1,PD_3': 0.0, 'PD_1,PD_5': 0.0, 'PD_1,PD_6': 0.0, 'PD_2,PD_3': 0.0, 'PD_2,PD_5': 0.0, 'PD_2,PD_6': 0.0, 'PD_3,PD_5': 0.0, 'PD_3,PD_6': 0.0, 'PD_5,PD_6': 0.0}, ASR: 0.8, TCB: {'PD_1': ['PD_2'], 'PD_2': ['PD_1'], 'PD_3': [], 'PD_5': [], 'PD_6': []}, FR: {'PD_1,PD_2': inf, 'PD_1,PD_3': inf, 'PD_1,PD_5': inf, 'PD_1,PD_6': inf, 'PD_2,PD_3': inf, 'PD_2,PD_5': inf, 'PD_2,PD_6': inf, 'PD_3,PD_5': inf, 'PD_3,PD_6': inf, 'PD_5,PD_6': inf}
  Computing metrics...
    RSI: {'PD_1,PD_2': 0.3333333333333333, 'PD_1,PD_3': 0.0, 'PD_1,PD_5': 0.0, 'PD_1,PD_6': 0.0, 'PD_2,PD_3': 0.0, 'PD_2,PD_5': 0.0, 'PD_2,PD_6': 0.0, 'PD_3,PD_5': 0.0, 'PD_3,PD_6': 0.0, 'PD_5,PD_6': 0.0}, ASR: 0.8, TCB: {'PD_1': ['PD_2'], 'PD_2': ['PD_1'], 'PD_3': [], 'PD_5': [], 'PD_6': []}, FR: {'PD_1,PD_2': inf, 'PD_1,PD_3': inf, 'PD_1,PD_5': inf, 'PD_1,PD_6': inf, 'PD_2,PD_3': inf, 'PD_2,PD_5': inf, 'PD_2,PD_6': inf, 'PD_3,PD_5': inf, 'PD_3,PD_6': inf, 'PD_5,PD_6': inf}
  Computing metrics...
    RSI: {'PD_1,PD_2': 0.3333333333333333, 'PD_1,PD_3': 0.0, 'PD_1,PD_5': 0.0, 'PD_1,PD_6': 0.0, 'PD_2,PD_3': 0.0, 'PD_2,PD_5': 0.0, 'PD_2,PD_6': 0.0, 'PD_3,PD_5': 0.0, 'PD_3,PD_6': 0.0, 'PD_5,PD_6': 0.0}, ASR: 0.8, TCB: {'PD_1': ['PD_2'], 'PD_2': ['PD_1'], 'PD_3': [], 'PD_5': [], 'PD_6': []}, FR: {'PD_1,PD_2': inf, 'PD_1,PD_3': inf, 'PD_1,PD_5': inf, 'PD_1,PD_6': inf, 'PD_2,PD_3': inf, 'PD_2,PD_5': inf, 'PD_2,PD_6': inf, 'PD_3,PD_5': inf, 'PD_3,PD_6': inf, 'PD_5,PD_6': inf}
  Computing metrics...
    RSI: {'PD_1,PD_2': 0.3333333333333333, 'PD_1,PD_3': 0.0, 'PD_1,PD_5': 0.0, 'PD_1,PD_6': 0.0, 'PD_2,PD_3': 0.0, 'PD_2,PD_5': 0.0, 'PD_2,PD_6': 0.0, 'PD_3,PD_5': 0.0, 'PD_3,PD_6': 0.0, 'PD_5,PD_6': 0.0}, ASR: 0.8, TCB: {'PD_1': ['PD_2'], 'PD_2': ['PD_1'], 'PD_3': [], 'PD_5': [], 'PD_6': []}, FR: {'PD_1,PD_2': inf, 'PD_1,PD_3': inf, 'PD_1,PD_5': inf, 'PD_1,PD_6': inf, 'PD_2,PD_3': inf, 'PD_2,PD_5': inf, 'PD_2,PD_6': inf, 'PD_3,PD_5': inf, 'PD_3,PD_6': inf, 'PD_5,PD_6': inf}
  Computing metrics...
    RSI: {'PD_1,PD_2': 0.3333333333333333, 'PD_1,PD_3': 0.0, 'PD_1,PD_5': 0.0, 'PD_1,PD_6': 0.0, 'PD_2,PD_3': 0.0, 'PD_2,PD_5': 0.0, 'PD_2,PD_6': 0.0, 'PD_3,PD_5': 0.0, 'PD_3,PD_6': 0.0, 'PD_5,PD_6': 0.0}, ASR: 0.8, TCB: {'PD_1': ['PD_2'], 'PD_2': ['PD_1'], 'PD_3': [], 'PD_5': [], 'PD_6': []}, FR: {'PD_1,PD_2': inf, 'PD_1,PD_3': inf, 'PD_1,PD_5': inf, 'PD_1,PD_6': inf, 'PD_2,PD_3': inf, 'PD_2,PD_5': inf, 'PD_2,PD_6': inf, 'PD_3,PD_5': inf, 'PD_3,PD_6': inf, 'PD_5,PD_6': inf}
  Computing metrics...
    RSI: {'PD_1,PD_2': 0.3333333333333333, 'PD_1,PD_3': 0.0, 'PD_1,PD_5': 0.0, 'PD_1,PD_6': 0.0, 'PD_2,PD_3': 0.0, 'PD_2,PD_5': 0.0, 'PD_2,PD_6': 0.0, 'PD_3,PD_5': 0.0, 'PD_3,PD_6': 0.0, 'PD_5,PD_6': 0.0}, ASR: 0.8, TCB: {'PD_1': ['PD_2'], 'PD_2': ['PD_1'], 'PD_3': [], 'PD_5': [], 'PD_6': []}, FR: {'PD_1,PD_2': inf, 'PD_1,PD_3': inf, 'PD_1,PD_5': inf, 'PD_1,PD_6': inf, 'PD_2,PD_3': inf, 'PD_2,PD_5': inf, 'PD_2,PD_6': inf, 'PD_3,PD_5': inf, 'PD_3,PD_6': inf, 'PD_5,PD_6': inf}
  Computing metrics...
    RSI: {'PD_1,PD_2': 0.3333333333333333, 'PD_1,PD_3': 0.0, 'PD_1,PD_5': 0.0, 'PD_1,PD_6': 0.0, 'PD_2,PD_3': 0.0, 'PD_2,PD_5': 0.0, 'PD_2,PD_6': 0.0, 'PD_3,PD_5': 0.0, 'PD_3,PD_6': 0.0, 'PD_5,PD_6': 0.0}, ASR: 0.8, TCB: {'PD_1': ['PD_2'], 'PD_2': ['PD_1'], 'PD_3': [], 'PD_5': [], 'PD_6': []}, FR: {'PD_1,PD_2': inf, 'PD_1,PD_3': inf, 'PD_1,PD_5': inf, 'PD_1,PD_6': inf, 'PD_2,PD_3': inf, 'PD_2,PD_5': inf, 'PD_2,PD_6': inf, 'PD_3,PD_5': inf, 'PD_3,PD_6': inf, 'PD_5,PD_6': inf}
  Computing metrics...
    RSI: {'PD_1,PD_2': 0.3333333333333333, 'PD_1,PD_3': 0.0, 'PD_1,PD_5': 0.0, 'PD_1,PD_6': 0.0, 'PD_2,PD_3': 0.0, 'PD_2,PD_5': 0.0, 'PD_2,PD_6': 0.0, 'PD_3,PD_5': 0.0, 'PD_3,PD_6': 0.0, 'PD_5,PD_6': 0.0}, ASR: 0.8, TCB: {'PD_1': ['PD_2'], 'PD_2': ['PD_1'], 'PD_3': [], 'PD_5': [], 'PD_6': []}, FR: {'PD_1,PD_2': inf, 'PD_1,PD_3': inf, 'PD_1,PD_5': inf, 'PD_1,PD_6': inf, 'PD_2,PD_3': inf, 'PD_2,PD_5': inf, 'PD_2,PD_6': inf, 'PD_3,PD_5': inf, 'PD_3,PD_6': inf, 'PD_5,PD_6': inf}
  Computing metrics...
    RSI: {'PD_1,PD_2': 0.3333333333333333, 'PD_1,PD_3': 0.0, 'PD_1,PD_5': 0.0, 'PD_1,PD_6': 0.0, 'PD_2,PD_3': 0.0, 'PD_2,PD_5': 0.0, 'PD_2,PD_6': 0.0, 'PD_3,PD_5': 0.0, 'PD_3,PD_6': 0.0, 'PD_5,PD_6': 0.0}, ASR: 0.8, TCB: {'PD_1': ['PD_2'], 'PD_2': ['PD_1'], 'PD_3': [], 'PD_5': [], 'PD_6': []}, FR: {'PD_1,PD_2': inf, 'PD_1,PD_3': inf, 'PD_1,PD_5': inf, 'PD_1,PD_6': inf, 'PD_2,PD_3': inf, 'PD_2,PD_5': inf, 'PD_2,PD_6': inf, 'PD_3,PD_5': inf, 'PD_3,PD_6': inf, 'PD_5,PD_6': inf}
  Computing metrics...
    RSI: {'PD_1,PD_2': 0.3333333333333333, 'PD_1,PD_3': 0.0, 'PD_1,PD_5': 0.0, 'PD_1,PD_6': 0.0, 'PD_2,PD_3': 0.0, 'PD_2,PD_5': 0.0, 'PD_2,PD_6': 0.0, 'PD_3,PD_5': 0.0, 'PD_3,PD_6': 0.0, 'PD_5,PD_6': 0.0}, ASR: 0.8, TCB: {'PD_1': ['PD_2'], 'PD_2': ['PD_1'], 'PD_3': [], 'PD_5': [], 'PD_6': []}, FR: {'PD_1,PD_2': inf, 'PD_1,PD_3': inf, 'PD_1,PD_5': inf, 'PD_1,PD_6': inf, 'PD_2,PD_3': inf, 'PD_2,PD_5': inf, 'PD_2,PD_6': inf, 'PD_3,PD_5': inf, 'PD_3,PD_6': inf, 'PD_5,PD_6': inf}
  Computing metrics...
    RSI: {'PD_1,PD_2': 0.3333333333333333, 'PD_1,PD_3': 0.0, 'PD_1,PD_5': 0.0, 'PD_1,PD_6': 0.0, 'PD_2,PD_3': 0.0, 'PD_2,PD_5': 0.0, 'PD_2,PD_6': 0.0, 'PD_3,PD_5': 0.0, 'PD_3,PD_6': 0.0, 'PD_5,PD_6': 0.0}, ASR: 0.8, TCB: {'PD_1': ['PD_2'], 'PD_2': ['PD_1'], 'PD_3': [], 'PD_5': [], 'PD_6': []}, FR: {'PD_1,PD_2': inf, 'PD_1,PD_3': inf, 'PD_1,PD_5': inf, 'PD_1,PD_6': inf, 'PD_2,PD_3': inf, 'PD_2,PD_5': inf, 'PD_2,PD_6': inf, 'PD_3,PD_5': inf, 'PD_3,PD_6': inf, 'PD_5,PD_6': inf}
  Computing metrics...
    RSI: {'PD_1,PD_2': 0.6666666666666666, 'PD_1,PD_3': 0.0, 'PD_1,PD_5': 0.0, 'PD_1,PD_6': 0.0, 'PD_2,PD_3': 0.0, 'PD_2,PD_5': 0.0, 'PD_2,PD_6': 0.0, 'PD_3,PD_5': 0.0, 'PD_3,PD_6': 0.0, 'PD_5,PD_6': 0.0}, ASR: 1.0, TCB: {'PD_1': ['PD_2'], 'PD_2': ['PD_1'], 'PD_3': [], 'PD_5': [], 'PD_6': []}, FR: {'PD_1,PD_2': inf, 'PD_1,PD_3': inf, 'PD_1,PD_5': inf, 'PD_1,PD_6': inf, 'PD_2,PD_3': inf, 'PD_2,PD_5': inf, 'PD_2,PD_6': inf, 'PD_3,PD_5': inf, 'PD_3,PD_6': inf, 'PD_5,PD_6': inf}
  Computing metrics...
    RSI: {'PD_1,PD_2': 0.3333333333333333, 'PD_1,PD_3': 0.0, 'PD_1,PD_5': 0.0, 'PD_1,PD_6': 0.0, 'PD_2,PD_3': 0.0, 'PD_2,PD_5': 0.0, 'PD_2,PD_6': 0.0, 'PD_3,PD_5': 0.0, 'PD_3,PD_6': 0.0, 'PD_5,PD_6': 0.0}, ASR: 0.8, TCB: {'PD_1': ['PD_2'], 'PD_2': ['PD_1'], 'PD_3': [], 'PD_5': [], 'PD_6': []}, FR: {'PD_1,PD_2': inf, 'PD_1,PD_3': inf, 'PD_1,PD_5': inf, 'PD_1,PD_6': inf, 'PD_2,PD_3': inf, 'PD_2,PD_5': inf, 'PD_2,PD_6': inf, 'PD_3,PD_5': inf, 'PD_3,PD_6': inf, 'PD_5,PD_6': inf}
  Computing metrics...
    RSI: {'PD_1,PD_2': 0.25, 'PD_1,PD_3': 0.0, 'PD_1,PD_5': 0.0, 'PD_1,PD_6': 0.0, 'PD_2,PD_3': 0.0, 'PD_2,PD_5': 0.0, 'PD_2,PD_6': 0.0, 'PD_3,PD_5': 0.0, 'PD_3,PD_6': 0.0, 'PD_5,PD_6': 0.0}, ASR: 1.0, TCB: {'PD_1': ['PD_2'], 'PD_2': ['PD_1'], 'PD_3': [], 'PD_5': [], 'PD_6': []}, FR: {'PD_1,PD_2': inf, 'PD_1,PD_3': inf, 'PD_1,PD_5': inf, 'PD_1,PD_6': inf, 'PD_2,PD_3': inf, 'PD_2,PD_5': inf, 'PD_2,PD_6': inf, 'PD_3,PD_5': inf, 'PD_3,PD_6': inf, 'PD_5,PD_6': inf}
  Computing metrics...
    RSI: {'PD_1,PD_2': 0.3333333333333333, 'PD_1,PD_3': 0.0, 'PD_1,PD_5': 0.0, 'PD_1,PD_6': 0.0, 'PD_2,PD_3': 0.0, 'PD_2,PD_5': 0.0, 'PD_2,PD_6': 0.0, 'PD_3,PD_5': 0.0, 'PD_3,PD_6': 0.0, 'PD_5,PD_6': 0.0}, ASR: 0.8, TCB: {'PD_1': ['PD_2'], 'PD_2': ['PD_1'], 'PD_3': [], 'PD_5': [], 'PD_6': []}, FR: {'PD_1,PD_2': inf, 'PD_1,PD_3': inf, 'PD_1,PD_5': inf, 'PD_1,PD_6': inf, 'PD_2,PD_3': inf, 'PD_2,PD_5': inf, 'PD_2,PD_6': inf, 'PD_3,PD_5': inf, 'PD_3,PD_6': inf, 'PD_5,PD_6': inf}
  Computing metrics...
    RSI: {'PD_1,PD_2': 0.6666666666666666, 'PD_1,PD_3': 0.0, 'PD_1,PD_5': 0.0, 'PD_1,PD_6': 0.0, 'PD_2,PD_3': 0.0, 'PD_2,PD_5': 0.0, 'PD_2,PD_6': 0.0, 'PD_3,PD_5': 0.0, 'PD_3,PD_6': 0.0, 'PD_5,PD_6': 0.0}, ASR: 1.0, TCB: {'PD_1': ['PD_2'], 'PD_2': ['PD_1'], 'PD_3': [], 'PD_5': [], 'PD_6': []}, FR: {'PD_1,PD_2': inf, 'PD_1,PD_3': inf, 'PD_1,PD_5': inf, 'PD_1,PD_6': inf, 'PD_2,PD_3': inf, 'PD_2,PD_5': inf, 'PD_2,PD_6': inf, 'PD_3,PD_5': inf, 'PD_3,PD_6': inf, 'PD_5,PD_6': inf}
  Computing metrics...
    RSI: {'PD_1,PD_2': 0.3333333333333333, 'PD_1,PD_3': 0.0, 'PD_1,PD_5': 0.0, 'PD_1,PD_6': 0.0, 'PD_2,PD_3': 0.0, 'PD_2,PD_5': 0.0, 'PD_2,PD_6': 0.0, 'PD_3,PD_5': 0.0, 'PD_3,PD_6': 0.0, 'PD_5,PD_6': 0.0}, ASR: 0.8, TCB: {'PD_1': ['PD_2'], 'PD_2': ['PD_1'], 'PD_3': [], 'PD_5': [], 'PD_6': []}, FR: {'PD_1,PD_2': inf, 'PD_1,PD_3': inf, 'PD_1,PD_5': inf, 'PD_1,PD_6': inf, 'PD_2,PD_3': inf, 'PD_2,PD_5': inf, 'PD_2,PD_6': inf, 'PD_3,PD_5': inf, 'PD_3,PD_6': inf, 'PD_5,PD_6': inf}
  Computing metrics...
    RSI: {'PD_1,PD_2': 0.25, 'PD_1,PD_3': 0.0, 'PD_1,PD_5': 0.0, 'PD_1,PD_6': 0.0, 'PD_2,PD_3': 0.0, 'PD_2,PD_5': 0.0, 'PD_2,PD_6': 0.0, 'PD_3,PD_5': 0.0, 'PD_3,PD_6': 0.0, 'PD_5,PD_6': 0.0}, ASR: 1.0, TCB: {'PD_1': ['PD_2'], 'PD_2': ['PD_1'], 'PD_3': [], 'PD_5': [], 'PD_6': []}, FR: {'PD_1,PD_2': inf, 'PD_1,PD_3': inf, 'PD_1,PD_5': inf, 'PD_1,PD_6': inf, 'PD_2,PD_3': inf, 'PD_2,PD_5': inf, 'PD_2,PD_6': inf, 'PD_3,PD_5': inf, 'PD_3,PD_6': inf, 'PD_5,PD_6': inf}
  Computing metrics...
    RSI: {'PD_1,PD_2': 0.3333333333333333, 'PD_1,PD_3': 0.0, 'PD_1,PD_5': 0.0, 'PD_1,PD_6': 0.0, 'PD_2,PD_3': 0.0, 'PD_2,PD_5': 0.0, 'PD_2,PD_6': 0.0, 'PD_3,PD_5': 0.0, 'PD_3,PD_6': 0.0, 'PD_5,PD_6': 0.0}, ASR: 0.8, TCB: {'PD_1': ['PD_2'], 'PD_2': ['PD_1'], 'PD_3': [], 'PD_5': [], 'PD_6': []}, FR: {'PD_1,PD_2': inf, 'PD_1,PD_3': inf, 'PD_1,PD_5': inf, 'PD_1,PD_6': inf, 'PD_2,PD_3': inf, 'PD_2,PD_5': inf, 'PD_2,PD_6': inf, 'PD_3,PD_5': inf, 'PD_3,PD_6': inf, 'PD_5,PD_6': inf}
  Computing metrics...
    RSI: {'PD_1,PD_2': 0.3333333333333333, 'PD_1,PD_3': 0.5, 'PD_1,PD_5': 0.0, 'PD_1,PD_6': 0.0, 'PD_2,PD_3': 0.0, 'PD_2,PD_5': 0.0, 'PD_2,PD_6': 0.0, 'PD_3,PD_5': 0.0, 'PD_3,PD_6': 0.0, 'PD_5,PD_6': 0.0}, ASR: 1.0, TCB: {'PD_1': ['PD_3', 'PD_2'], 'PD_2': ['PD_1'], 'PD_3': ['PD_1'], 'PD_5': [], 'PD_6': []}, FR: {'PD_1,PD_2': inf, 'PD_1,PD_3': inf, 'PD_1,PD_5': inf, 'PD_1,PD_6': inf, 'PD_2,PD_3': inf, 'PD_2,PD_5': inf, 'PD_2,PD_6': inf, 'PD_3,PD_5': inf, 'PD_3,PD_6': inf, 'PD_5,PD_6': inf}
  Computing metrics...
    RSI: {'PD_1,PD_2': 0.3333333333333333, 'PD_1,PD_3': 0.0, 'PD_1,PD_5': 0.0, 'PD_1,PD_6': 0.0, 'PD_2,PD_3': 0.0, 'PD_2,PD_5': 0.0, 'PD_2,PD_6': 0.0, 'PD_3,PD_5': 0.0, 'PD_3,PD_6': 0.0, 'PD_5,PD_6': 0.0}, ASR: 0.8, TCB: {'PD_1': ['PD_2'], 'PD_2': ['PD_1'], 'PD_3': [], 'PD_5': [], 'PD_6': []}, FR: {'PD_1,PD_2': inf, 'PD_1,PD_3': inf, 'PD_1,PD_5': inf, 'PD_1,PD_6': inf, 'PD_2,PD_3': inf, 'PD_2,PD_5': inf, 'PD_2,PD_6': inf, 'PD_3,PD_5': inf, 'PD_3,PD_6': inf, 'PD_5,PD_6': inf}
  Computing metrics...
    RSI: {'PD_1,PD_2': 0.3333333333333333, 'PD_1,PD_3': 0.0, 'PD_1,PD_5': 0.0, 'PD_1,PD_6': 0.0, 'PD_2,PD_3': 0.5, 'PD_2,PD_5': 0.0, 'PD_2,PD_6': 0.0, 'PD_3,PD_5': 0.0, 'PD_3,PD_6': 0.0, 'PD_5,PD_6': 0.0}, ASR: 1.0, TCB: {'PD_1': ['PD_2'], 'PD_2': ['PD_1', 'PD_3'], 'PD_3': ['PD_2'], 'PD_5': [], 'PD_6': []}, FR: {'PD_1,PD_2': inf, 'PD_1,PD_3': inf, 'PD_1,PD_5': inf, 'PD_1,PD_6': inf, 'PD_2,PD_3': inf, 'PD_2,PD_5': inf, 'PD_2,PD_6': inf, 'PD_3,PD_5': inf, 'PD_3,PD_6': inf, 'PD_5,PD_6': inf}
  Computing metrics...
    RSI: {'PD_1,PD_2': 0.3333333333333333, 'PD_1,PD_3': 0.0, 'PD_1,PD_5': 0.0, 'PD_1,PD_6': 0.0, 'PD_2,PD_3': 0.0, 'PD_2,PD_5': 0.0, 'PD_2,PD_6': 0.0, 'PD_3,PD_5': 0.0, 'PD_3,PD_6': 0.0, 'PD_5,PD_6': 0.0}, ASR: 0.8, TCB: {'PD_1': ['PD_2'], 'PD_2': ['PD_1'], 'PD_3': [], 'PD_5': [], 'PD_6': []}, FR: {'PD_1,PD_2': inf, 'PD_1,PD_3': inf, 'PD_1,PD_5': inf, 'PD_1,PD_6': inf, 'PD_2,PD_3': inf, 'PD_2,PD_5': inf, 'PD_2,PD_6': inf, 'PD_3,PD_5': inf, 'PD_3,PD_6': inf, 'PD_5,PD_6': inf}
  Computing metrics...
    RSI: {'PD_1,PD_2': 0.3333333333333333, 'PD_1,PD_3': 0.5, 'PD_1,PD_5': 0.0, 'PD_1,PD_6': 0.0, 'PD_2,PD_3': 0.5, 'PD_2,PD_5': 0.0, 'PD_2,PD_6': 0.0, 'PD_3,PD_5': 0.0, 'PD_3,PD_6': 0.0, 'PD_5,PD_6': 0.0}, ASR: 1.0, TCB: {'PD_1': ['PD_2', 'PD_3'], 'PD_2': ['PD_1', 'PD_3'], 'PD_3': ['PD_1', 'PD_2'], 'PD_5': [], 'PD_6': []}, FR: {'PD_1,PD_2': inf, 'PD_1,PD_3': inf, 'PD_1,PD_5': inf, 'PD_1,PD_6': inf, 'PD_2,PD_3': inf, 'PD_2,PD_5': inf, 'PD_2,PD_6': inf, 'PD_3,PD_5': inf, 'PD_3,PD_6': inf, 'PD_5,PD_6': inf}
  Computing metrics...
    RSI: {'PD_1,PD_2': 0.3333333333333333, 'PD_1,PD_3': 0.0, 'PD_1,PD_5': 0.0, 'PD_1,PD_6': 0.0, 'PD_2,PD_3': 0.0, 'PD_2,PD_5': 0.0, 'PD_2,PD_6': 0.0, 'PD_3,PD_5': 0.0, 'PD_3,PD_6': 0.0, 'PD_5,PD_6': 0.0}, ASR: 0.8, TCB: {'PD_1': ['PD_2'], 'PD_2': ['PD_1'], 'PD_3': [], 'PD_5': [], 'PD_6': []}, FR: {'PD_1,PD_2': inf, 'PD_1,PD_3': inf, 'PD_1,PD_5': inf, 'PD_1,PD_6': inf, 'PD_2,PD_3': inf, 'PD_2,PD_5': inf, 'PD_2,PD_6': inf, 'PD_3,PD_5': inf, 'PD_3,PD_6': inf, 'PD_5,PD_6': inf}
  Computing metrics...
    RSI: {'PD_1,PD_2': 0.3333333333333333, 'PD_1,PD_3': 0.0, 'PD_1,PD_5': 0.0, 'PD_1,PD_6': 0.0, 'PD_2,PD_3': 0.0, 'PD_2,PD_5': 0.0, 'PD_2,PD_6': 0.0, 'PD_3,PD_5': 0.0, 'PD_3,PD_6': 0.0, 'PD_5,PD_6': 0.0}, ASR: 1.0, TCB: {'PD_1': ['PD_2'], 'PD_2': ['PD_1'], 'PD_3': [], 'PD_5': [], 'PD_6': []}, FR: {'PD_1,PD_2': inf, 'PD_1,PD_3': inf, 'PD_1,PD_5': inf, 'PD_1,PD_6': inf, 'PD_2,PD_3': inf, 'PD_2,PD_5': inf, 'PD_2,PD_6': inf, 'PD_3,PD_5': inf, 'PD_3,PD_6': inf, 'PD_5,PD_6': inf}
  Computing metrics...
    RSI: {'PD_1,PD_2': 0.3333333333333333, 'PD_1,PD_3': 0.0, 'PD_1,PD_5': 0.0, 'PD_1,PD_6': 0.0, 'PD_2,PD_3': 0.0, 'PD_2,PD_5': 0.0, 'PD_2,PD_6': 0.0, 'PD_3,PD_5': 0.0, 'PD_3,PD_6': 0.0, 'PD_5,PD_6': 0.0}, ASR: 0.8, TCB: {'PD_1': ['PD_2'], 'PD_2': ['PD_1'], 'PD_3': [], 'PD_5': [], 'PD_6': []}, FR: {'PD_1,PD_2': inf, 'PD_1,PD_3': inf, 'PD_1,PD_5': inf, 'PD_1,PD_6': inf, 'PD_2,PD_3': inf, 'PD_2,PD_5': inf, 'PD_2,PD_6': inf, 'PD_3,PD_5': inf, 'PD_3,PD_6': inf, 'PD_5,PD_6': inf}
  Computing metrics...
    RSI: {'PD_1,PD_2': 0.3333333333333333, 'PD_1,PD_3': 0.0, 'PD_1,PD_5': 0.5, 'PD_1,PD_6': 0.0, 'PD_2,PD_3': 0.0, 'PD_2,PD_5': 0.0, 'PD_2,PD_6': 0.0, 'PD_3,PD_5': 0.0, 'PD_3,PD_6': 0.0, 'PD_5,PD_6': 0.0}, ASR: 1.0, TCB: {'PD_1': ['PD_5', 'PD_2'], 'PD_2': ['PD_1'], 'PD_3': [], 'PD_5': ['PD_1'], 'PD_6': []}, FR: {'PD_1,PD_2': inf, 'PD_1,PD_3': inf, 'PD_1,PD_5': inf, 'PD_1,PD_6': inf, 'PD_2,PD_3': inf, 'PD_2,PD_5': inf, 'PD_2,PD_6': inf, 'PD_3,PD_5': inf, 'PD_3,PD_6': inf, 'PD_5,PD_6': inf}
  Computing metrics...
    RSI: {'PD_1,PD_2': 0.3333333333333333, 'PD_1,PD_3': 0.0, 'PD_1,PD_5': 0.0, 'PD_1,PD_6': 0.0, 'PD_2,PD_3': 0.0, 'PD_2,PD_5': 0.0, 'PD_2,PD_6': 0.0, 'PD_3,PD_5': 0.0, 'PD_3,PD_6': 0.0, 'PD_5,PD_6': 0.0}, ASR: 0.8, TCB: {'PD_1': ['PD_2'], 'PD_2': ['PD_1'], 'PD_3': [], 'PD_5': [], 'PD_6': []}, FR: {'PD_1,PD_2': inf, 'PD_1,PD_3': inf, 'PD_1,PD_5': inf, 'PD_1,PD_6': inf, 'PD_2,PD_3': inf, 'PD_2,PD_5': inf, 'PD_2,PD_6': inf, 'PD_3,PD_5': inf, 'PD_3,PD_6': inf, 'PD_5,PD_6': inf}
  Computing metrics...
    RSI: {'PD_1,PD_2': 0.3333333333333333, 'PD_1,PD_3': 0.0, 'PD_1,PD_5': 0.0, 'PD_1,PD_6': 0.0, 'PD_2,PD_3': 0.0, 'PD_2,PD_5': 0.5, 'PD_2,PD_6': 0.0, 'PD_3,PD_5': 0.0, 'PD_3,PD_6': 0.0, 'PD_5,PD_6': 0.0}, ASR: 1.0, TCB: {'PD_1': ['PD_2'], 'PD_2': ['PD_1', 'PD_5'], 'PD_3': [], 'PD_5': ['PD_2'], 'PD_6': []}, FR: {'PD_1,PD_2': inf, 'PD_1,PD_3': inf, 'PD_1,PD_5': inf, 'PD_1,PD_6': inf, 'PD_2,PD_3': inf, 'PD_2,PD_5': inf, 'PD_2,PD_6': inf, 'PD_3,PD_5': inf, 'PD_3,PD_6': inf, 'PD_5,PD_6': inf}
  Computing metrics...
    RSI: {'PD_1,PD_2': 0.3333333333333333, 'PD_1,PD_3': 0.0, 'PD_1,PD_5': 0.0, 'PD_1,PD_6': 0.0, 'PD_2,PD_3': 0.0, 'PD_2,PD_5': 0.0, 'PD_2,PD_6': 0.0, 'PD_3,PD_5': 0.0, 'PD_3,PD_6': 0.0, 'PD_5,PD_6': 0.0}, ASR: 0.8, TCB: {'PD_1': ['PD_2'], 'PD_2': ['PD_1'], 'PD_3': [], 'PD_5': [], 'PD_6': []}, FR: {'PD_1,PD_2': inf, 'PD_1,PD_3': inf, 'PD_1,PD_5': inf, 'PD_1,PD_6': inf, 'PD_2,PD_3': inf, 'PD_2,PD_5': inf, 'PD_2,PD_6': inf, 'PD_3,PD_5': inf, 'PD_3,PD_6': inf, 'PD_5,PD_6': inf}
  Computing metrics...
    RSI: {'PD_1,PD_2': 0.3333333333333333, 'PD_1,PD_3': 0.0, 'PD_1,PD_5': 0.5, 'PD_1,PD_6': 0.0, 'PD_2,PD_3': 0.0, 'PD_2,PD_5': 0.5, 'PD_2,PD_6': 0.0, 'PD_3,PD_5': 0.0, 'PD_3,PD_6': 0.0, 'PD_5,PD_6': 0.0}, ASR: 1.0, TCB: {'PD_1': ['PD_2', 'PD_5'], 'PD_2': ['PD_1', 'PD_5'], 'PD_3': [], 'PD_5': ['PD_1', 'PD_2'], 'PD_6': []}, FR: {'PD_1,PD_2': inf, 'PD_1,PD_3': inf, 'PD_1,PD_5': inf, 'PD_1,PD_6': inf, 'PD_2,PD_3': inf, 'PD_2,PD_5': inf, 'PD_2,PD_6': inf, 'PD_3,PD_5': inf, 'PD_3,PD_6': inf, 'PD_5,PD_6': inf}
  Computing metrics...
    RSI: {'PD_1,PD_2': 0.3333333333333333, 'PD_1,PD_3': 0.0, 'PD_1,PD_5': 0.0, 'PD_1,PD_6': 0.0, 'PD_2,PD_3': 0.0, 'PD_2,PD_5': 0.0, 'PD_2,PD_6': 0.0, 'PD_3,PD_5': 0.0, 'PD_3,PD_6': 0.0, 'PD_5,PD_6': 0.0}, ASR: 0.8, TCB: {'PD_1': ['PD_2'], 'PD_2': ['PD_1'], 'PD_3': [], 'PD_5': [], 'PD_6': []}, FR: {'PD_1,PD_2': inf, 'PD_1,PD_3': inf, 'PD_1,PD_5': inf, 'PD_1,PD_6': inf, 'PD_2,PD_3': inf, 'PD_2,PD_5': inf, 'PD_2,PD_6': inf, 'PD_3,PD_5': inf, 'PD_3,PD_6': inf, 'PD_5,PD_6': inf}
  Computing metrics...
    RSI: {'PD_1,PD_2': 0.3333333333333333, 'PD_1,PD_3': 0.0, 'PD_1,PD_5': 0.0, 'PD_1,PD_6': 0.0, 'PD_2,PD_3': 0.0, 'PD_2,PD_5': 0.0, 'PD_2,PD_6': 0.0, 'PD_3,PD_5': 0.0, 'PD_3,PD_6': 0.0, 'PD_5,PD_6': 0.0}, ASR: 1.0, TCB: {'PD_1': ['PD_2'], 'PD_2': ['PD_1'], 'PD_3': [], 'PD_5': [], 'PD_6': []}, FR: {'PD_1,PD_2': inf, 'PD_1,PD_3': inf, 'PD_1,PD_5': inf, 'PD_1,PD_6': inf, 'PD_2,PD_3': inf, 'PD_2,PD_5': inf, 'PD_2,PD_6': inf, 'PD_3,PD_5': inf, 'PD_3,PD_6': inf, 'PD_5,PD_6': inf}
  Computing metrics...
    RSI: {'PD_1,PD_2': 0.3333333333333333, 'PD_1,PD_3': 0.0, 'PD_1,PD_5': 0.0, 'PD_1,PD_6': 0.0, 'PD_2,PD_3': 0.0, 'PD_2,PD_5': 0.0, 'PD_2,PD_6': 0.0, 'PD_3,PD_5': 0.0, 'PD_3,PD_6': 0.0, 'PD_5,PD_6': 0.0}, ASR: 0.8, TCB: {'PD_1': ['PD_2'], 'PD_2': ['PD_1'], 'PD_3': [], 'PD_5': [], 'PD_6': []}, FR: {'PD_1,PD_2': inf, 'PD_1,PD_3': inf, 'PD_1,PD_5': inf, 'PD_1,PD_6': inf, 'PD_2,PD_3': inf, 'PD_2,PD_5': inf, 'PD_2,PD_6': inf, 'PD_3,PD_5': inf, 'PD_3,PD_6': inf, 'PD_5,PD_6': inf}
  Computing metrics...
    RSI: {'PD_1,PD_2': 0.3333333333333333, 'PD_1,PD_3': 0.0, 'PD_1,PD_5': 0.0, 'PD_1,PD_6': 0.5, 'PD_2,PD_3': 0.0, 'PD_2,PD_5': 0.0, 'PD_2,PD_6': 0.0, 'PD_3,PD_5': 0.0, 'PD_3,PD_6': 0.0, 'PD_5,PD_6': 0.0}, ASR: 1.0, TCB: {'PD_1': ['PD_6', 'PD_2'], 'PD_2': ['PD_1'], 'PD_3': [], 'PD_5': [], 'PD_6': ['PD_1']}, FR: {'PD_1,PD_2': inf, 'PD_1,PD_3': inf, 'PD_1,PD_5': inf, 'PD_1,PD_6': inf, 'PD_2,PD_3': inf, 'PD_2,PD_5': inf, 'PD_2,PD_6': inf, 'PD_3,PD_5': inf, 'PD_3,PD_6': inf, 'PD_5,PD_6': inf}
  Computing metrics...
    RSI: {'PD_1,PD_2': 0.3333333333333333, 'PD_1,PD_3': 0.0, 'PD_1,PD_5': 0.0, 'PD_1,PD_6': 0.0, 'PD_2,PD_3': 0.0, 'PD_2,PD_5': 0.0, 'PD_2,PD_6': 0.0, 'PD_3,PD_5': 0.0, 'PD_3,PD_6': 0.0, 'PD_5,PD_6': 0.0}, ASR: 0.8, TCB: {'PD_1': ['PD_2'], 'PD_2': ['PD_1'], 'PD_3': [], 'PD_5': [], 'PD_6': []}, FR: {'PD_1,PD_2': inf, 'PD_1,PD_3': inf, 'PD_1,PD_5': inf, 'PD_1,PD_6': inf, 'PD_2,PD_3': inf, 'PD_2,PD_5': inf, 'PD_2,PD_6': inf, 'PD_3,PD_5': inf, 'PD_3,PD_6': inf, 'PD_5,PD_6': inf}
  Computing metrics...
    RSI: {'PD_1,PD_2': 0.3333333333333333, 'PD_1,PD_3': 0.0, 'PD_1,PD_5': 0.0, 'PD_1,PD_6': 0.0, 'PD_2,PD_3': 0.0, 'PD_2,PD_5': 0.0, 'PD_2,PD_6': 0.5, 'PD_3,PD_5': 0.0, 'PD_3,PD_6': 0.0, 'PD_5,PD_6': 0.0}, ASR: 1.0, TCB: {'PD_1': ['PD_2'], 'PD_2': ['PD_1', 'PD_6'], 'PD_3': [], 'PD_5': [], 'PD_6': ['PD_2']}, FR: {'PD_1,PD_2': inf, 'PD_1,PD_3': inf, 'PD_1,PD_5': inf, 'PD_1,PD_6': inf, 'PD_2,PD_3': inf, 'PD_2,PD_5': inf, 'PD_2,PD_6': inf, 'PD_3,PD_5': inf, 'PD_3,PD_6': inf, 'PD_5,PD_6': inf}
  Computing metrics...
    RSI: {'PD_1,PD_2': 0.3333333333333333, 'PD_1,PD_3': 0.0, 'PD_1,PD_5': 0.0, 'PD_1,PD_6': 0.0, 'PD_2,PD_3': 0.0, 'PD_2,PD_5': 0.0, 'PD_2,PD_6': 0.0, 'PD_3,PD_5': 0.0, 'PD_3,PD_6': 0.0, 'PD_5,PD_6': 0.0}, ASR: 0.8, TCB: {'PD_1': ['PD_2'], 'PD_2': ['PD_1'], 'PD_3': [], 'PD_5': [], 'PD_6': []}, FR: {'PD_1,PD_2': inf, 'PD_1,PD_3': inf, 'PD_1,PD_5': inf, 'PD_1,PD_6': inf, 'PD_2,PD_3': inf, 'PD_2,PD_5': inf, 'PD_2,PD_6': inf, 'PD_3,PD_5': inf, 'PD_3,PD_6': inf, 'PD_5,PD_6': inf}
  Computing metrics...
    RSI: {'PD_1,PD_2': 0.3333333333333333, 'PD_1,PD_3': 0.0, 'PD_1,PD_5': 0.0, 'PD_1,PD_6': 0.5, 'PD_2,PD_3': 0.0, 'PD_2,PD_5': 0.0, 'PD_2,PD_6': 0.5, 'PD_3,PD_5': 0.0, 'PD_3,PD_6': 0.0, 'PD_5,PD_6': 0.0}, ASR: 1.0, TCB: {'PD_1': ['PD_2', 'PD_6'], 'PD_2': ['PD_1', 'PD_6'], 'PD_3': [], 'PD_5': [], 'PD_6': ['PD_1', 'PD_2']}, FR: {'PD_1,PD_2': inf, 'PD_1,PD_3': inf, 'PD_1,PD_5': inf, 'PD_1,PD_6': inf, 'PD_2,PD_3': inf, 'PD_2,PD_5': inf, 'PD_2,PD_6': inf, 'PD_3,PD_5': inf, 'PD_3,PD_6': inf, 'PD_5,PD_6': inf}
  Computing metrics...
    RSI: {'PD_1,PD_2': 0.3333333333333333, 'PD_1,PD_3': 0.0, 'PD_1,PD_5': 0.0, 'PD_1,PD_6': 0.0, 'PD_2,PD_3': 0.0, 'PD_2,PD_5': 0.0, 'PD_2,PD_6': 0.0, 'PD_3,PD_5': 0.0, 'PD_3,PD_6': 0.0, 'PD_5,PD_6': 0.0}, ASR: 0.8, TCB: {'PD_1': ['PD_2'], 'PD_2': ['PD_1'], 'PD_3': [], 'PD_5': [], 'PD_6': []}, FR: {'PD_1,PD_2': inf, 'PD_1,PD_3': inf, 'PD_1,PD_5': inf, 'PD_1,PD_6': inf, 'PD_2,PD_3': inf, 'PD_2,PD_5': inf, 'PD_2,PD_6': inf, 'PD_3,PD_5': inf, 'PD_3,PD_6': inf, 'PD_5,PD_6': inf}
  Computing metrics...
    RSI: {'PD_1,PD_2': 0.3333333333333333, 'PD_1,PD_3': 0.0, 'PD_1,PD_5': 0.0, 'PD_1,PD_6': 0.0, 'PD_2,PD_3': 0.0, 'PD_2,PD_5': 0.0, 'PD_2,PD_6': 0.0, 'PD_3,PD_5': 0.0, 'PD_3,PD_6': 0.0, 'PD_5,PD_6': 0.0}, ASR: 1.0, TCB: {'PD_1': ['PD_2'], 'PD_2': ['PD_1'], 'PD_3': [], 'PD_5': [], 'PD_6': []}, FR: {'PD_1,PD_2': inf, 'PD_1,PD_3': inf, 'PD_1,PD_5': inf, 'PD_1,PD_6': inf, 'PD_2,PD_3': inf, 'PD_2,PD_5': inf, 'PD_2,PD_6': inf, 'PD_3,PD_5': inf, 'PD_3,PD_6': inf, 'PD_5,PD_6': inf}
  Computing metrics...
    RSI: {'PD_1,PD_2': 0.3333333333333333, 'PD_1,PD_3': 0.0, 'PD_1,PD_5': 0.0, 'PD_1,PD_6': 0.0, 'PD_2,PD_3': 0.0, 'PD_2,PD_5': 0.0, 'PD_2,PD_6': 0.0, 'PD_3,PD_5': 0.0, 'PD_3,PD_6': 0.0, 'PD_5,PD_6': 0.0}, ASR: 0.8, TCB: {'PD_1': ['PD_2'], 'PD_2': ['PD_1'], 'PD_3': [], 'PD_5': [], 'PD_6': []}, FR: {'PD_1,PD_2': inf, 'PD_1,PD_3': inf, 'PD_1,PD_5': inf, 'PD_1,PD_6': inf, 'PD_2,PD_3': inf, 'PD_2,PD_5': inf, 'PD_2,PD_6': inf, 'PD_3,PD_5': inf, 'PD_3,PD_6': inf, 'PD_5,PD_6': inf}
  Computing metrics...
    RSI: {'PD_1,PD_2': 0.3333333333333333, 'PD_1,PD_3': 0.0, 'PD_1,PD_5': 0.0, 'PD_1,PD_6': 0.0, 'PD_2,PD_3': 0.0, 'PD_2,PD_5': 0.0, 'PD_2,PD_6': 0.0, 'PD_3,PD_5': 0.0, 'PD_3,PD_6': 0.0, 'PD_5,PD_6': 0.0}, ASR: 1.0, TCB: {'PD_1': ['PD_2'], 'PD_2': ['PD_1'], 'PD_3': [], 'PD_5': [], 'PD_6': []}, FR: {'PD_1,PD_2': inf, 'PD_1,PD_3': inf, 'PD_1,PD_5': inf, 'PD_1,PD_6': inf, 'PD_2,PD_3': inf, 'PD_2,PD_5': inf, 'PD_2,PD_6': inf, 'PD_3,PD_5': inf, 'PD_3,PD_6': inf, 'PD_5,PD_6': inf}
  Computing metrics...
    RSI: {'PD_1,PD_2': 0.3333333333333333, 'PD_1,PD_3': 0.0, 'PD_1,PD_5': 0.0, 'PD_1,PD_6': 0.0, 'PD_2,PD_3': 0.0, 'PD_2,PD_5': 0.0, 'PD_2,PD_6': 0.0, 'PD_3,PD_5': 0.0, 'PD_3,PD_6': 0.0, 'PD_5,PD_6': 0.0}, ASR: 0.8, TCB: {'PD_1': ['PD_2'], 'PD_2': ['PD_1'], 'PD_3': [], 'PD_5': [], 'PD_6': []}, FR: {'PD_1,PD_2': inf, 'PD_1,PD_3': inf, 'PD_1,PD_5': inf, 'PD_1,PD_6': inf, 'PD_2,PD_3': inf, 'PD_2,PD_5': inf, 'PD_2,PD_6': inf, 'PD_3,PD_5': inf, 'PD_3,PD_6': inf, 'PD_5,PD_6': inf}
  Computing metrics...
    RSI: {'PD_1,PD_2': 0.3333333333333333, 'PD_1,PD_3': 0.0, 'PD_1,PD_5': 0.0, 'PD_1,PD_6': 0.0, 'PD_2,PD_3': 0.0, 'PD_2,PD_5': 0.0, 'PD_2,PD_6': 0.0, 'PD_3,PD_5': 0.0, 'PD_3,PD_6': 0.0, 'PD_5,PD_6': 0.0}, ASR: 1.0, TCB: {'PD_1': ['PD_3', 'PD_2'], 'PD_2': ['PD_1'], 'PD_3': [], 'PD_5': [], 'PD_6': []}, FR: {'PD_1,PD_2': inf, 'PD_1,PD_3': inf, 'PD_1,PD_5': inf, 'PD_1,PD_6': inf, 'PD_2,PD_3': inf, 'PD_2,PD_5': inf, 'PD_2,PD_6': inf, 'PD_3,PD_5': inf, 'PD_3,PD_6': inf, 'PD_5,PD_6': inf}
  Computing metrics...
    RSI: {'PD_1,PD_2': 0.3333333333333333, 'PD_1,PD_3': 0.0, 'PD_1,PD_5': 0.0, 'PD_1,PD_6': 0.0, 'PD_2,PD_3': 0.0, 'PD_2,PD_5': 0.0, 'PD_2,PD_6': 0.0, 'PD_3,PD_5': 0.0, 'PD_3,PD_6': 0.0, 'PD_5,PD_6': 0.0}, ASR: 0.8, TCB: {'PD_1': ['PD_2'], 'PD_2': ['PD_1'], 'PD_3': [], 'PD_5': [], 'PD_6': []}, FR: {'PD_1,PD_2': inf, 'PD_1,PD_3': inf, 'PD_1,PD_5': inf, 'PD_1,PD_6': inf, 'PD_2,PD_3': inf, 'PD_2,PD_5': inf, 'PD_2,PD_6': inf, 'PD_3,PD_5': inf, 'PD_3,PD_6': inf, 'PD_5,PD_6': inf}
  Computing metrics...
    RSI: {'PD_1,PD_2': 0.3333333333333333, 'PD_1,PD_3': 0.0, 'PD_1,PD_5': 0.0, 'PD_1,PD_6': 0.0, 'PD_2,PD_3': 0.0, 'PD_2,PD_5': 0.0, 'PD_2,PD_6': 0.0, 'PD_3,PD_5': 0.0, 'PD_3,PD_6': 0.0, 'PD_5,PD_6': 0.0}, ASR: 1.0, TCB: {'PD_1': ['PD_5', 'PD_2'], 'PD_2': ['PD_1'], 'PD_3': [], 'PD_5': [], 'PD_6': []}, FR: {'PD_1,PD_2': inf, 'PD_1,PD_3': inf, 'PD_1,PD_5': inf, 'PD_1,PD_6': inf, 'PD_2,PD_3': inf, 'PD_2,PD_5': inf, 'PD_2,PD_6': inf, 'PD_3,PD_5': inf, 'PD_3,PD_6': inf, 'PD_5,PD_6': inf}
  Computing metrics...
    RSI: {'PD_1,PD_2': 0.3333333333333333, 'PD_1,PD_3': 0.0, 'PD_1,PD_5': 0.0, 'PD_1,PD_6': 0.0, 'PD_2,PD_3': 0.0, 'PD_2,PD_5': 0.0, 'PD_2,PD_6': 0.0, 'PD_3,PD_5': 0.0, 'PD_3,PD_6': 0.0, 'PD_5,PD_6': 0.0}, ASR: 0.8, TCB: {'PD_1': ['PD_2'], 'PD_2': ['PD_1'], 'PD_3': [], 'PD_5': [], 'PD_6': []}, FR: {'PD_1,PD_2': inf, 'PD_1,PD_3': inf, 'PD_1,PD_5': inf, 'PD_1,PD_6': inf, 'PD_2,PD_3': inf, 'PD_2,PD_5': inf, 'PD_2,PD_6': inf, 'PD_3,PD_5': inf, 'PD_3,PD_6': inf, 'PD_5,PD_6': inf}
  Computing metrics...
    RSI: {'PD_1,PD_2': 0.3333333333333333, 'PD_1,PD_3': 0.0, 'PD_1,PD_5': 0.0, 'PD_1,PD_6': 0.0, 'PD_2,PD_3': 0.0, 'PD_2,PD_5': 0.0, 'PD_2,PD_6': 0.0, 'PD_3,PD_5': 0.0, 'PD_3,PD_6': 0.0, 'PD_5,PD_6': 0.0}, ASR: 1.0, TCB: {'PD_1': ['PD_6', 'PD_2'], 'PD_2': ['PD_1'], 'PD_3': [], 'PD_5': [], 'PD_6': []}, FR: {'PD_1,PD_2': inf, 'PD_1,PD_3': inf, 'PD_1,PD_5': inf, 'PD_1,PD_6': inf, 'PD_2,PD_3': inf, 'PD_2,PD_5': inf, 'PD_2,PD_6': inf, 'PD_3,PD_5': inf, 'PD_3,PD_6': inf, 'PD_5,PD_6': inf}
  Computing metrics...
    RSI: {'PD_1,PD_2': 0.3333333333333333, 'PD_1,PD_3': 0.0, 'PD_1,PD_5': 0.0, 'PD_1,PD_6': 0.0, 'PD_2,PD_3': 0.0, 'PD_2,PD_5': 0.0, 'PD_2,PD_6': 0.0, 'PD_3,PD_5': 0.0, 'PD_3,PD_6': 0.0, 'PD_5,PD_6': 0.0}, ASR: 0.8, TCB: {'PD_1': ['PD_2'], 'PD_2': ['PD_1'], 'PD_3': [], 'PD_5': [], 'PD_6': []}, FR: {'PD_1,PD_2': inf, 'PD_1,PD_3': inf, 'PD_1,PD_5': inf, 'PD_1,PD_6': inf, 'PD_2,PD_3': inf, 'PD_2,PD_5': inf, 'PD_2,PD_6': inf, 'PD_3,PD_5': inf, 'PD_3,PD_6': inf, 'PD_5,PD_6': inf}
  Computing metrics...
    RSI: {'PD_1,PD_2': 0.3333333333333333, 'PD_1,PD_3': 0.0, 'PD_1,PD_5': 0.0, 'PD_1,PD_6': 0.0, 'PD_2,PD_3': 0.0, 'PD_2,PD_5': 0.0, 'PD_2,PD_6': 0.0, 'PD_3,PD_5': 0.0, 'PD_3,PD_6': 0.0, 'PD_5,PD_6': 0.0}, ASR: 1.0, TCB: {'PD_1': ['PD_2'], 'PD_2': ['PD_1'], 'PD_3': [], 'PD_5': [], 'PD_6': []}, FR: {'PD_1,PD_2': inf, 'PD_1,PD_3': inf, 'PD_1,PD_5': inf, 'PD_1,PD_6': inf, 'PD_2,PD_3': inf, 'PD_2,PD_5': inf, 'PD_2,PD_6': inf, 'PD_3,PD_5': inf, 'PD_3,PD_6': inf, 'PD_5,PD_6': inf}
  Computing metrics...
    RSI: {'PD_1,PD_2': 0.3333333333333333, 'PD_1,PD_3': 0.0, 'PD_1,PD_5': 0.0, 'PD_1,PD_6': 0.0, 'PD_2,PD_3': 0.0, 'PD_2,PD_5': 0.0, 'PD_2,PD_6': 0.0, 'PD_3,PD_5': 0.0, 'PD_3,PD_6': 0.0, 'PD_5,PD_6': 0.0}, ASR: 0.8, TCB: {'PD_1': ['PD_2'], 'PD_2': ['PD_1'], 'PD_3': [], 'PD_5': [], 'PD_6': []}, FR: {'PD_1,PD_2': inf, 'PD_1,PD_3': inf, 'PD_1,PD_5': inf, 'PD_1,PD_6': inf, 'PD_2,PD_3': inf, 'PD_2,PD_5': inf, 'PD_2,PD_6': inf, 'PD_3,PD_5': inf, 'PD_3,PD_6': inf, 'PD_5,PD_6': inf}
  Computing metrics...
    RSI: {'PD_1,PD_2': 0.3333333333333333, 'PD_1,PD_3': 0.0, 'PD_1,PD_5': 0.0, 'PD_1,PD_6': 0.0, 'PD_2,PD_3': 0.0, 'PD_2,PD_5': 0.0, 'PD_2,PD_6': 0.0, 'PD_3,PD_5': 0.0, 'PD_3,PD_6': 0.0, 'PD_5,PD_6': 0.0}, ASR: 1.0, TCB: {'PD_1': ['PD_2'], 'PD_2': ['PD_3', 'PD_1'], 'PD_3': [], 'PD_5': [], 'PD_6': []}, FR: {'PD_1,PD_2': inf, 'PD_1,PD_3': inf, 'PD_1,PD_5': inf, 'PD_1,PD_6': inf, 'PD_2,PD_3': inf, 'PD_2,PD_5': inf, 'PD_2,PD_6': inf, 'PD_3,PD_5': inf, 'PD_3,PD_6': inf, 'PD_5,PD_6': inf}
  Computing metrics...
    RSI: {'PD_1,PD_2': 0.3333333333333333, 'PD_1,PD_3': 0.0, 'PD_1,PD_5': 0.0, 'PD_1,PD_6': 0.0, 'PD_2,PD_3': 0.0, 'PD_2,PD_5': 0.0, 'PD_2,PD_6': 0.0, 'PD_3,PD_5': 0.0, 'PD_3,PD_6': 0.0, 'PD_5,PD_6': 0.0}, ASR: 0.8, TCB: {'PD_1': ['PD_2'], 'PD_2': ['PD_1'], 'PD_3': [], 'PD_5': [], 'PD_6': []}, FR: {'PD_1,PD_2': inf, 'PD_1,PD_3': inf, 'PD_1,PD_5': inf, 'PD_1,PD_6': inf, 'PD_2,PD_3': inf, 'PD_2,PD_5': inf, 'PD_2,PD_6': inf, 'PD_3,PD_5': inf, 'PD_3,PD_6': inf, 'PD_5,PD_6': inf}
  Computing metrics...
    RSI: {'PD_1,PD_2': 0.3333333333333333, 'PD_1,PD_3': 0.0, 'PD_1,PD_5': 0.0, 'PD_1,PD_6': 0.0, 'PD_2,PD_3': 0.0, 'PD_2,PD_5': 0.0, 'PD_2,PD_6': 0.0, 'PD_3,PD_5': 0.0, 'PD_3,PD_6': 0.0, 'PD_5,PD_6': 0.0}, ASR: 1.0, TCB: {'PD_1': ['PD_2'], 'PD_2': ['PD_5', 'PD_1'], 'PD_3': [], 'PD_5': [], 'PD_6': []}, FR: {'PD_1,PD_2': inf, 'PD_1,PD_3': inf, 'PD_1,PD_5': inf, 'PD_1,PD_6': inf, 'PD_2,PD_3': inf, 'PD_2,PD_5': inf, 'PD_2,PD_6': inf, 'PD_3,PD_5': inf, 'PD_3,PD_6': inf, 'PD_5,PD_6': inf}
  Computing metrics...
    RSI: {'PD_1,PD_2': 0.3333333333333333, 'PD_1,PD_3': 0.0, 'PD_1,PD_5': 0.0, 'PD_1,PD_6': 0.0, 'PD_2,PD_3': 0.0, 'PD_2,PD_5': 0.0, 'PD_2,PD_6': 0.0, 'PD_3,PD_5': 0.0, 'PD_3,PD_6': 0.0, 'PD_5,PD_6': 0.0}, ASR: 0.8, TCB: {'PD_1': ['PD_2'], 'PD_2': ['PD_1'], 'PD_3': [], 'PD_5': [], 'PD_6': []}, FR: {'PD_1,PD_2': inf, 'PD_1,PD_3': inf, 'PD_1,PD_5': inf, 'PD_1,PD_6': inf, 'PD_2,PD_3': inf, 'PD_2,PD_5': inf, 'PD_2,PD_6': inf, 'PD_3,PD_5': inf, 'PD_3,PD_6': inf, 'PD_5,PD_6': inf}
  Computing metrics...
    RSI: {'PD_1,PD_2': 0.3333333333333333, 'PD_1,PD_3': 0.0, 'PD_1,PD_5': 0.0, 'PD_1,PD_6': 0.0, 'PD_2,PD_3': 0.0, 'PD_2,PD_5': 0.0, 'PD_2,PD_6': 0.0, 'PD_3,PD_5': 0.0, 'PD_3,PD_6': 0.0, 'PD_5,PD_6': 0.0}, ASR: 1.0, TCB: {'PD_1': ['PD_2'], 'PD_2': ['PD_6', 'PD_1'], 'PD_3': [], 'PD_5': [], 'PD_6': []}, FR: {'PD_1,PD_2': inf, 'PD_1,PD_3': inf, 'PD_1,PD_5': inf, 'PD_1,PD_6': inf, 'PD_2,PD_3': inf, 'PD_2,PD_5': inf, 'PD_2,PD_6': inf, 'PD_3,PD_5': inf, 'PD_3,PD_6': inf, 'PD_5,PD_6': inf}
  Computing metrics...
    RSI: {'PD_1,PD_2': 0.3333333333333333, 'PD_1,PD_3': 0.0, 'PD_1,PD_5': 0.0, 'PD_1,PD_6': 0.0, 'PD_2,PD_3': 0.0, 'PD_2,PD_5': 0.0, 'PD_2,PD_6': 0.0, 'PD_3,PD_5': 0.0, 'PD_3,PD_6': 0.0, 'PD_5,PD_6': 0.0}, ASR: 0.8, TCB: {'PD_1': ['PD_2'], 'PD_2': ['PD_1'], 'PD_3': [], 'PD_5': [], 'PD_6': []}, FR: {'PD_1,PD_2': inf, 'PD_1,PD_3': inf, 'PD_1,PD_5': inf, 'PD_1,PD_6': inf, 'PD_2,PD_3': inf, 'PD_2,PD_5': inf, 'PD_2,PD_6': inf, 'PD_3,PD_5': inf, 'PD_3,PD_6': inf, 'PD_5,PD_6': inf}
  Computing metrics...
    RSI: {'PD_1,PD_2': 0.3333333333333333, 'PD_1,PD_3': 0.0, 'PD_1,PD_5': 0.0, 'PD_1,PD_6': 0.0, 'PD_2,PD_3': 0.0, 'PD_2,PD_5': 0.0, 'PD_2,PD_6': 0.0, 'PD_3,PD_5': 0.0, 'PD_3,PD_6': 0.0, 'PD_5,PD_6': 0.0}, ASR: 1.0, TCB: {'PD_1': ['PD_2'], 'PD_2': ['PD_1'], 'PD_3': ['PD_1'], 'PD_5': [], 'PD_6': []}, FR: {'PD_1,PD_2': inf, 'PD_1,PD_3': inf, 'PD_1,PD_5': inf, 'PD_1,PD_6': inf, 'PD_2,PD_3': inf, 'PD_2,PD_5': inf, 'PD_2,PD_6': inf, 'PD_3,PD_5': inf, 'PD_3,PD_6': inf, 'PD_5,PD_6': inf}
  Computing metrics...
    RSI: {'PD_1,PD_2': 0.3333333333333333, 'PD_1,PD_3': 0.0, 'PD_1,PD_5': 0.0, 'PD_1,PD_6': 0.0, 'PD_2,PD_3': 0.0, 'PD_2,PD_5': 0.0, 'PD_2,PD_6': 0.0, 'PD_3,PD_5': 0.0, 'PD_3,PD_6': 0.0, 'PD_5,PD_6': 0.0}, ASR: 0.8, TCB: {'PD_1': ['PD_2'], 'PD_2': ['PD_1'], 'PD_3': [], 'PD_5': [], 'PD_6': []}, FR: {'PD_1,PD_2': inf, 'PD_1,PD_3': inf, 'PD_1,PD_5': inf, 'PD_1,PD_6': inf, 'PD_2,PD_3': inf, 'PD_2,PD_5': inf, 'PD_2,PD_6': inf, 'PD_3,PD_5': inf, 'PD_3,PD_6': inf, 'PD_5,PD_6': inf}
  Computing metrics...
    RSI: {'PD_1,PD_2': 0.3333333333333333, 'PD_1,PD_3': 0.0, 'PD_1,PD_5': 0.0, 'PD_1,PD_6': 0.0, 'PD_2,PD_3': 0.0, 'PD_2,PD_5': 0.0, 'PD_2,PD_6': 0.0, 'PD_3,PD_5': 0.0, 'PD_3,PD_6': 0.0, 'PD_5,PD_6': 0.0}, ASR: 1.0, TCB: {'PD_1': ['PD_2'], 'PD_2': ['PD_1'], 'PD_3': ['PD_2'], 'PD_5': [], 'PD_6': []}, FR: {'PD_1,PD_2': inf, 'PD_1,PD_3': inf, 'PD_1,PD_5': inf, 'PD_1,PD_6': inf, 'PD_2,PD_3': inf, 'PD_2,PD_5': inf, 'PD_2,PD_6': inf, 'PD_3,PD_5': inf, 'PD_3,PD_6': inf, 'PD_5,PD_6': inf}
  Computing metrics...
    RSI: {'PD_1,PD_2': 0.3333333333333333, 'PD_1,PD_3': 0.0, 'PD_1,PD_5': 0.0, 'PD_1,PD_6': 0.0, 'PD_2,PD_3': 0.0, 'PD_2,PD_5': 0.0, 'PD_2,PD_6': 0.0, 'PD_3,PD_5': 0.0, 'PD_3,PD_6': 0.0, 'PD_5,PD_6': 0.0}, ASR: 0.8, TCB: {'PD_1': ['PD_2'], 'PD_2': ['PD_1'], 'PD_3': [], 'PD_5': [], 'PD_6': []}, FR: {'PD_1,PD_2': inf, 'PD_1,PD_3': inf, 'PD_1,PD_5': inf, 'PD_1,PD_6': inf, 'PD_2,PD_3': inf, 'PD_2,PD_5': inf, 'PD_2,PD_6': inf, 'PD_3,PD_5': inf, 'PD_3,PD_6': inf, 'PD_5,PD_6': inf}
  Computing metrics...
    RSI: {'PD_1,PD_2': 0.3333333333333333, 'PD_1,PD_3': 0.0, 'PD_1,PD_5': 0.0, 'PD_1,PD_6': 0.0, 'PD_2,PD_3': 0.0, 'PD_2,PD_5': 0.0, 'PD_2,PD_6': 0.0, 'PD_3,PD_5': 0.0, 'PD_3,PD_6': 0.0, 'PD_5,PD_6': 0.0}, ASR: 1.0, TCB: {'PD_1': ['PD_2'], 'PD_2': ['PD_1'], 'PD_3': ['PD_5'], 'PD_5': [], 'PD_6': []}, FR: {'PD_1,PD_2': inf, 'PD_1,PD_3': inf, 'PD_1,PD_5': inf, 'PD_1,PD_6': inf, 'PD_2,PD_3': inf, 'PD_2,PD_5': inf, 'PD_2,PD_6': inf, 'PD_3,PD_5': inf, 'PD_3,PD_6': inf, 'PD_5,PD_6': inf}
  Computing metrics...
    RSI: {'PD_1,PD_2': 0.3333333333333333, 'PD_1,PD_3': 0.0, 'PD_1,PD_5': 0.0, 'PD_1,PD_6': 0.0, 'PD_2,PD_3': 0.0, 'PD_2,PD_5': 0.0, 'PD_2,PD_6': 0.0, 'PD_3,PD_5': 0.0, 'PD_3,PD_6': 0.0, 'PD_5,PD_6': 0.0}, ASR: 0.8, TCB: {'PD_1': ['PD_2'], 'PD_2': ['PD_1'], 'PD_3': [], 'PD_5': [], 'PD_6': []}, FR: {'PD_1,PD_2': inf, 'PD_1,PD_3': inf, 'PD_1,PD_5': inf, 'PD_1,PD_6': inf, 'PD_2,PD_3': inf, 'PD_2,PD_5': inf, 'PD_2,PD_6': inf, 'PD_3,PD_5': inf, 'PD_3,PD_6': inf, 'PD_5,PD_6': inf}
  Computing metrics...
    RSI: {'PD_1,PD_2': 0.3333333333333333, 'PD_1,PD_3': 0.0, 'PD_1,PD_5': 0.0, 'PD_1,PD_6': 0.0, 'PD_2,PD_3': 0.0, 'PD_2,PD_5': 0.0, 'PD_2,PD_6': 0.0, 'PD_3,PD_5': 0.0, 'PD_3,PD_6': 0.0, 'PD_5,PD_6': 0.0}, ASR: 1.0, TCB: {'PD_1': ['PD_2'], 'PD_2': ['PD_1'], 'PD_3': ['PD_6'], 'PD_5': [], 'PD_6': []}, FR: {'PD_1,PD_2': inf, 'PD_1,PD_3': inf, 'PD_1,PD_5': inf, 'PD_1,PD_6': inf, 'PD_2,PD_3': inf, 'PD_2,PD_5': inf, 'PD_2,PD_6': inf, 'PD_3,PD_5': inf, 'PD_3,PD_6': inf, 'PD_5,PD_6': inf}
  Computing metrics...
    RSI: {'PD_1,PD_2': 0.3333333333333333, 'PD_1,PD_3': 0.0, 'PD_1,PD_5': 0.0, 'PD_1,PD_6': 0.0, 'PD_2,PD_3': 0.0, 'PD_2,PD_5': 0.0, 'PD_2,PD_6': 0.0, 'PD_3,PD_5': 0.0, 'PD_3,PD_6': 0.0, 'PD_5,PD_6': 0.0}, ASR: 0.8, TCB: {'PD_1': ['PD_2'], 'PD_2': ['PD_1'], 'PD_3': [], 'PD_5': [], 'PD_6': []}, FR: {'PD_1,PD_2': inf, 'PD_1,PD_3': inf, 'PD_1,PD_5': inf, 'PD_1,PD_6': inf, 'PD_2,PD_3': inf, 'PD_2,PD_5': inf, 'PD_2,PD_6': inf, 'PD_3,PD_5': inf, 'PD_3,PD_6': inf, 'PD_5,PD_6': inf}
  Computing metrics...
    RSI: {'PD_1,PD_2': 0.3333333333333333, 'PD_1,PD_3': 0.0, 'PD_1,PD_5': 0.0, 'PD_1,PD_6': 0.0, 'PD_2,PD_3': 0.0, 'PD_2,PD_5': 0.0, 'PD_2,PD_6': 0.0, 'PD_3,PD_5': 0.0, 'PD_3,PD_6': 0.0, 'PD_5,PD_6': 0.0}, ASR: 1.0, TCB: {'PD_1': ['PD_2'], 'PD_2': ['PD_1'], 'PD_3': [], 'PD_5': ['PD_1'], 'PD_6': []}, FR: {'PD_1,PD_2': inf, 'PD_1,PD_3': inf, 'PD_1,PD_5': inf, 'PD_1,PD_6': inf, 'PD_2,PD_3': inf, 'PD_2,PD_5': inf, 'PD_2,PD_6': inf, 'PD_3,PD_5': inf, 'PD_3,PD_6': inf, 'PD_5,PD_6': inf}
  Computing metrics...
    RSI: {'PD_1,PD_2': 0.3333333333333333, 'PD_1,PD_3': 0.0, 'PD_1,PD_5': 0.0, 'PD_1,PD_6': 0.0, 'PD_2,PD_3': 0.0, 'PD_2,PD_5': 0.0, 'PD_2,PD_6': 0.0, 'PD_3,PD_5': 0.0, 'PD_3,PD_6': 0.0, 'PD_5,PD_6': 0.0}, ASR: 0.8, TCB: {'PD_1': ['PD_2'], 'PD_2': ['PD_1'], 'PD_3': [], 'PD_5': [], 'PD_6': []}, FR: {'PD_1,PD_2': inf, 'PD_1,PD_3': inf, 'PD_1,PD_5': inf, 'PD_1,PD_6': inf, 'PD_2,PD_3': inf, 'PD_2,PD_5': inf, 'PD_2,PD_6': inf, 'PD_3,PD_5': inf, 'PD_3,PD_6': inf, 'PD_5,PD_6': inf}
  Computing metrics...
    RSI: {'PD_1,PD_2': 0.3333333333333333, 'PD_1,PD_3': 0.0, 'PD_1,PD_5': 0.0, 'PD_1,PD_6': 0.0, 'PD_2,PD_3': 0.0, 'PD_2,PD_5': 0.0, 'PD_2,PD_6': 0.0, 'PD_3,PD_5': 0.0, 'PD_3,PD_6': 0.0, 'PD_5,PD_6': 0.0}, ASR: 1.0, TCB: {'PD_1': ['PD_2'], 'PD_2': ['PD_1'], 'PD_3': [], 'PD_5': ['PD_2'], 'PD_6': []}, FR: {'PD_1,PD_2': inf, 'PD_1,PD_3': inf, 'PD_1,PD_5': inf, 'PD_1,PD_6': inf, 'PD_2,PD_3': inf, 'PD_2,PD_5': inf, 'PD_2,PD_6': inf, 'PD_3,PD_5': inf, 'PD_3,PD_6': inf, 'PD_5,PD_6': inf}
  Computing metrics...
    RSI: {'PD_1,PD_2': 0.3333333333333333, 'PD_1,PD_3': 0.0, 'PD_1,PD_5': 0.0, 'PD_1,PD_6': 0.0, 'PD_2,PD_3': 0.0, 'PD_2,PD_5': 0.0, 'PD_2,PD_6': 0.0, 'PD_3,PD_5': 0.0, 'PD_3,PD_6': 0.0, 'PD_5,PD_6': 0.0}, ASR: 0.8, TCB: {'PD_1': ['PD_2'], 'PD_2': ['PD_1'], 'PD_3': [], 'PD_5': [], 'PD_6': []}, FR: {'PD_1,PD_2': inf, 'PD_1,PD_3': inf, 'PD_1,PD_5': inf, 'PD_1,PD_6': inf, 'PD_2,PD_3': inf, 'PD_2,PD_5': inf, 'PD_2,PD_6': inf, 'PD_3,PD_5': inf, 'PD_3,PD_6': inf, 'PD_5,PD_6': inf}
  Computing metrics...
    RSI: {'PD_1,PD_2': 0.3333333333333333, 'PD_1,PD_3': 0.0, 'PD_1,PD_5': 0.0, 'PD_1,PD_6': 0.0, 'PD_2,PD_3': 0.0, 'PD_2,PD_5': 0.0, 'PD_2,PD_6': 0.0, 'PD_3,PD_5': 0.0, 'PD_3,PD_6': 0.0, 'PD_5,PD_6': 0.0}, ASR: 1.0, TCB: {'PD_1': ['PD_2'], 'PD_2': ['PD_1'], 'PD_3': [], 'PD_5': ['PD_3'], 'PD_6': []}, FR: {'PD_1,PD_2': inf, 'PD_1,PD_3': inf, 'PD_1,PD_5': inf, 'PD_1,PD_6': inf, 'PD_2,PD_3': inf, 'PD_2,PD_5': inf, 'PD_2,PD_6': inf, 'PD_3,PD_5': inf, 'PD_3,PD_6': inf, 'PD_5,PD_6': inf}
  Computing metrics...
    RSI: {'PD_1,PD_2': 0.3333333333333333, 'PD_1,PD_3': 0.0, 'PD_1,PD_5': 0.0, 'PD_1,PD_6': 0.0, 'PD_2,PD_3': 0.0, 'PD_2,PD_5': 0.0, 'PD_2,PD_6': 0.0, 'PD_3,PD_5': 0.0, 'PD_3,PD_6': 0.0, 'PD_5,PD_6': 0.0}, ASR: 0.8, TCB: {'PD_1': ['PD_2'], 'PD_2': ['PD_1'], 'PD_3': [], 'PD_5': [], 'PD_6': []}, FR: {'PD_1,PD_2': inf, 'PD_1,PD_3': inf, 'PD_1,PD_5': inf, 'PD_1,PD_6': inf, 'PD_2,PD_3': inf, 'PD_2,PD_5': inf, 'PD_2,PD_6': inf, 'PD_3,PD_5': inf, 'PD_3,PD_6': inf, 'PD_5,PD_6': inf}
  Computing metrics...
    RSI: {'PD_1,PD_2': 0.3333333333333333, 'PD_1,PD_3': 0.0, 'PD_1,PD_5': 0.0, 'PD_1,PD_6': 0.0, 'PD_2,PD_3': 0.0, 'PD_2,PD_5': 0.0, 'PD_2,PD_6': 0.0, 'PD_3,PD_5': 0.0, 'PD_3,PD_6': 0.0, 'PD_5,PD_6': 0.0}, ASR: 1.0, TCB: {'PD_1': ['PD_2'], 'PD_2': ['PD_1'], 'PD_3': [], 'PD_5': ['PD_6'], 'PD_6': []}, FR: {'PD_1,PD_2': inf, 'PD_1,PD_3': inf, 'PD_1,PD_5': inf, 'PD_1,PD_6': inf, 'PD_2,PD_3': inf, 'PD_2,PD_5': inf, 'PD_2,PD_6': inf, 'PD_3,PD_5': inf, 'PD_3,PD_6': inf, 'PD_5,PD_6': inf}
  Computing metrics...
    RSI: {'PD_1,PD_2': 0.3333333333333333, 'PD_1,PD_3': 0.0, 'PD_1,PD_5': 0.0, 'PD_1,PD_6': 0.0, 'PD_2,PD_3': 0.0, 'PD_2,PD_5': 0.0, 'PD_2,PD_6': 0.0, 'PD_3,PD_5': 0.0, 'PD_3,PD_6': 0.0, 'PD_5,PD_6': 0.0}, ASR: 0.8, TCB: {'PD_1': ['PD_2'], 'PD_2': ['PD_1'], 'PD_3': [], 'PD_5': [], 'PD_6': []}, FR: {'PD_1,PD_2': inf, 'PD_1,PD_3': inf, 'PD_1,PD_5': inf, 'PD_1,PD_6': inf, 'PD_2,PD_3': inf, 'PD_2,PD_5': inf, 'PD_2,PD_6': inf, 'PD_3,PD_5': inf, 'PD_3,PD_6': inf, 'PD_5,PD_6': inf}
  Computing metrics...
    RSI: {'PD_1,PD_2': 0.3333333333333333, 'PD_1,PD_3': 0.0, 'PD_1,PD_5': 0.0, 'PD_1,PD_6': 0.0, 'PD_2,PD_3': 0.0, 'PD_2,PD_5': 0.0, 'PD_2,PD_6': 0.0, 'PD_3,PD_5': 0.0, 'PD_3,PD_6': 0.0, 'PD_5,PD_6': 0.0}, ASR: 1.0, TCB: {'PD_1': ['PD_2'], 'PD_2': ['PD_1'], 'PD_3': [], 'PD_5': [], 'PD_6': ['PD_1']}, FR: {'PD_1,PD_2': inf, 'PD_1,PD_3': inf, 'PD_1,PD_5': inf, 'PD_1,PD_6': inf, 'PD_2,PD_3': inf, 'PD_2,PD_5': inf, 'PD_2,PD_6': inf, 'PD_3,PD_5': inf, 'PD_3,PD_6': inf, 'PD_5,PD_6': inf}
  Computing metrics...
    RSI: {'PD_1,PD_2': 0.3333333333333333, 'PD_1,PD_3': 0.0, 'PD_1,PD_5': 0.0, 'PD_1,PD_6': 0.0, 'PD_2,PD_3': 0.0, 'PD_2,PD_5': 0.0, 'PD_2,PD_6': 0.0, 'PD_3,PD_5': 0.0, 'PD_3,PD_6': 0.0, 'PD_5,PD_6': 0.0}, ASR: 0.8, TCB: {'PD_1': ['PD_2'], 'PD_2': ['PD_1'], 'PD_3': [], 'PD_5': [], 'PD_6': []}, FR: {'PD_1,PD_2': inf, 'PD_1,PD_3': inf, 'PD_1,PD_5': inf, 'PD_1,PD_6': inf, 'PD_2,PD_3': inf, 'PD_2,PD_5': inf, 'PD_2,PD_6': inf, 'PD_3,PD_5': inf, 'PD_3,PD_6': inf, 'PD_5,PD_6': inf}
  Computing metrics...
    RSI: {'PD_1,PD_2': 0.3333333333333333, 'PD_1,PD_3': 0.0, 'PD_1,PD_5': 0.0, 'PD_1,PD_6': 0.0, 'PD_2,PD_3': 0.0, 'PD_2,PD_5': 0.0, 'PD_2,PD_6': 0.0, 'PD_3,PD_5': 0.0, 'PD_3,PD_6': 0.0, 'PD_5,PD_6': 0.0}, ASR: 1.0, TCB: {'PD_1': ['PD_2'], 'PD_2': ['PD_1'], 'PD_3': [], 'PD_5': [], 'PD_6': ['PD_2']}, FR: {'PD_1,PD_2': inf, 'PD_1,PD_3': inf, 'PD_1,PD_5': inf, 'PD_1,PD_6': inf, 'PD_2,PD_3': inf, 'PD_2,PD_5': inf, 'PD_2,PD_6': inf, 'PD_3,PD_5': inf, 'PD_3,PD_6': inf, 'PD_5,PD_6': inf}
  Computing metrics...
    RSI: {'PD_1,PD_2': 0.3333333333333333, 'PD_1,PD_3': 0.0, 'PD_1,PD_5': 0.0, 'PD_1,PD_6': 0.0, 'PD_2,PD_3': 0.0, 'PD_2,PD_5': 0.0, 'PD_2,PD_6': 0.0, 'PD_3,PD_5': 0.0, 'PD_3,PD_6': 0.0, 'PD_5,PD_6': 0.0}, ASR: 0.8, TCB: {'PD_1': ['PD_2'], 'PD_2': ['PD_1'], 'PD_3': [], 'PD_5': [], 'PD_6': []}, FR: {'PD_1,PD_2': inf, 'PD_1,PD_3': inf, 'PD_1,PD_5': inf, 'PD_1,PD_6': inf, 'PD_2,PD_3': inf, 'PD_2,PD_5': inf, 'PD_2,PD_6': inf, 'PD_3,PD_5': inf, 'PD_3,PD_6': inf, 'PD_5,PD_6': inf}
  Computing metrics...
    RSI: {'PD_1,PD_2': 0.3333333333333333, 'PD_1,PD_3': 0.0, 'PD_1,PD_5': 0.0, 'PD_1,PD_6': 0.0, 'PD_2,PD_3': 0.0, 'PD_2,PD_5': 0.0, 'PD_2,PD_6': 0.0, 'PD_3,PD_5': 0.0, 'PD_3,PD_6': 0.0, 'PD_5,PD_6': 0.0}, ASR: 1.0, TCB: {'PD_1': ['PD_2'], 'PD_2': ['PD_1'], 'PD_3': [], 'PD_5': [], 'PD_6': ['PD_3']}, FR: {'PD_1,PD_2': inf, 'PD_1,PD_3': inf, 'PD_1,PD_5': inf, 'PD_1,PD_6': inf, 'PD_2,PD_3': inf, 'PD_2,PD_5': inf, 'PD_2,PD_6': inf, 'PD_3,PD_5': inf, 'PD_3,PD_6': inf, 'PD_5,PD_6': inf}
  Computing metrics...
    RSI: {'PD_1,PD_2': 0.3333333333333333, 'PD_1,PD_3': 0.0, 'PD_1,PD_5': 0.0, 'PD_1,PD_6': 0.0, 'PD_2,PD_3': 0.0, 'PD_2,PD_5': 0.0, 'PD_2,PD_6': 0.0, 'PD_3,PD_5': 0.0, 'PD_3,PD_6': 0.0, 'PD_5,PD_6': 0.0}, ASR: 0.8, TCB: {'PD_1': ['PD_2'], 'PD_2': ['PD_1'], 'PD_3': [], 'PD_5': [], 'PD_6': []}, FR: {'PD_1,PD_2': inf, 'PD_1,PD_3': inf, 'PD_1,PD_5': inf, 'PD_1,PD_6': inf, 'PD_2,PD_3': inf, 'PD_2,PD_5': inf, 'PD_2,PD_6': inf, 'PD_3,PD_5': inf, 'PD_3,PD_6': inf, 'PD_5,PD_6': inf}
  Computing metrics...
    RSI: {'PD_1,PD_2': 0.3333333333333333, 'PD_1,PD_3': 0.0, 'PD_1,PD_5': 0.0, 'PD_1,PD_6': 0.0, 'PD_2,PD_3': 0.0, 'PD_2,PD_5': 0.0, 'PD_2,PD_6': 0.0, 'PD_3,PD_5': 0.0, 'PD_3,PD_6': 0.0, 'PD_5,PD_6': 0.0}, ASR: 1.0, TCB: {'PD_1': ['PD_2'], 'PD_2': ['PD_1'], 'PD_3': [], 'PD_5': [], 'PD_6': ['PD_5']}, FR: {'PD_1,PD_2': inf, 'PD_1,PD_3': inf, 'PD_1,PD_5': inf, 'PD_1,PD_6': inf, 'PD_2,PD_3': inf, 'PD_2,PD_5': inf, 'PD_2,PD_6': inf, 'PD_3,PD_5': inf, 'PD_3,PD_6': inf, 'PD_5,PD_6': inf}
  Computing metrics...
    RSI: {'PD_1,PD_2': 0.3333333333333333, 'PD_1,PD_3': 0.0, 'PD_1,PD_5': 0.0, 'PD_1,PD_6': 0.0, 'PD_2,PD_3': 0.0, 'PD_2,PD_5': 0.0, 'PD_2,PD_6': 0.0, 'PD_3,PD_5': 0.0, 'PD_3,PD_6': 0.0, 'PD_5,PD_6': 0.0}, ASR: 0.8, TCB: {'PD_1': ['PD_2'], 'PD_2': ['PD_1'], 'PD_3': [], 'PD_5': [], 'PD_6': []}, FR: {'PD_1,PD_2': inf, 'PD_1,PD_3': inf, 'PD_1,PD_5': inf, 'PD_1,PD_6': inf, 'PD_2,PD_3': inf, 'PD_2,PD_5': inf, 'PD_2,PD_6': inf, 'PD_3,PD_5': inf, 'PD_3,PD_6': inf, 'PD_5,PD_6': inf}
  Computing metrics...
    RSI: {'PD_1,PD_2': 0.3333333333333333, 'PD_1,PD_3': 0.0, 'PD_1,PD_5': 0.0, 'PD_1,PD_6': 0.0, 'PD_2,PD_3': 0.0, 'PD_2,PD_5': 0.0, 'PD_2,PD_6': 0.0, 'PD_3,PD_5': 0.0, 'PD_3,PD_6': 0.0, 'PD_5,PD_6': 0.0}, ASR: 0.8, TCB: {'PD_1': ['PD_2'], 'PD_2': ['PD_1'], 'PD_3': [], 'PD_5': [], 'PD_6': []}, FR: {'PD_1,PD_2': inf, 'PD_1,PD_3': inf, 'PD_1,PD_5': inf, 'PD_1,PD_6': inf, 'PD_2,PD_3': inf, 'PD_2,PD_5': inf, 'PD_2,PD_6': inf, 'PD_3,PD_5': inf, 'PD_3,PD_6': inf, 'PD_5,PD_6': inf}
  Computing metrics...
    RSI: {'PD_1,PD_2': 0.3333333333333333, 'PD_1,PD_3': 0.0, 'PD_1,PD_5': 0.0, 'PD_1,PD_6': 0.0, 'PD_2,PD_3': 0.0, 'PD_2,PD_5': 0.0, 'PD_2,PD_6': 0.0, 'PD_3,PD_5': 0.0, 'PD_3,PD_6': 0.0, 'PD_5,PD_6': 0.0}, ASR: 0.8, TCB: {'PD_1': ['PD_2'], 'PD_2': ['PD_1'], 'PD_3': [], 'PD_5': [], 'PD_6': []}, FR: {'PD_1,PD_2': inf, 'PD_1,PD_3': inf, 'PD_1,PD_5': inf, 'PD_1,PD_6': inf, 'PD_2,PD_3': inf, 'PD_2,PD_5': inf, 'PD_2,PD_6': inf, 'PD_3,PD_5': inf, 'PD_3,PD_6': inf, 'PD_5,PD_6': inf}
  Computing metrics...
    RSI: {'PD_1,PD_2': 0.3333333333333333, 'PD_1,PD_3': 0.0, 'PD_1,PD_5': 0.0, 'PD_1,PD_6': 0.0, 'PD_2,PD_3': 0.0, 'PD_2,PD_5': 0.0, 'PD_2,PD_6': 0.0, 'PD_3,PD_5': 0.0, 'PD_3,PD_6': 0.0, 'PD_5,PD_6': 0.0}, ASR: 0.8, TCB: {'PD_1': ['PD_2'], 'PD_2': ['PD_1'], 'PD_3': [], 'PD_5': [], 'PD_6': []}, FR: {'PD_1,PD_2': inf, 'PD_1,PD_3': inf, 'PD_1,PD_5': inf, 'PD_1,PD_6': inf, 'PD_2,PD_3': inf, 'PD_2,PD_5': inf, 'PD_2,PD_6': inf, 'PD_3,PD_5': inf, 'PD_3,PD_6': inf, 'PD_5,PD_6': inf}
  Computing metrics...
    RSI: {'PD_1,PD_2': 0.3333333333333333, 'PD_1,PD_3': 0.0, 'PD_1,PD_5': 0.0, 'PD_1,PD_6': 0.0, 'PD_2,PD_3': 0.0, 'PD_2,PD_5': 0.0, 'PD_2,PD_6': 0.0, 'PD_3,PD_5': 0.0, 'PD_3,PD_6': 0.0, 'PD_5,PD_6': 0.0}, ASR: 0.8, TCB: {'PD_1': ['PD_2'], 'PD_2': ['PD_1'], 'PD_3': [], 'PD_5': [], 'PD_6': []}, FR: {'PD_1,PD_2': inf, 'PD_1,PD_3': inf, 'PD_1,PD_5': inf, 'PD_1,PD_6': inf, 'PD_2,PD_3': inf, 'PD_2,PD_5': inf, 'PD_2,PD_6': inf, 'PD_3,PD_5': inf, 'PD_3,PD_6': inf, 'PD_5,PD_6': inf}
  Computing metrics...
    RSI: {'PD_1,PD_2': 0.3333333333333333, 'PD_1,PD_3': 0.0, 'PD_1,PD_5': 0.0, 'PD_1,PD_6': 0.0, 'PD_2,PD_3': 0.0, 'PD_2,PD_5': 0.0, 'PD_2,PD_6': 0.0, 'PD_3,PD_5': 0.0, 'PD_3,PD_6': 0.0, 'PD_5,PD_6': 0.0}, ASR: 0.8, TCB: {'PD_1': ['PD_2'], 'PD_2': ['PD_1'], 'PD_3': [], 'PD_5': [], 'PD_6': []}, FR: {'PD_1,PD_2': inf, 'PD_1,PD_3': inf, 'PD_1,PD_5': inf, 'PD_1,PD_6': inf, 'PD_2,PD_3': inf, 'PD_2,PD_5': inf, 'PD_2,PD_6': inf, 'PD_3,PD_5': inf, 'PD_3,PD_6': inf, 'PD_5,PD_6': inf}
  Computing metrics...
    RSI: {'PD_1,PD_2': 0.3333333333333333, 'PD_1,PD_3': 0.0, 'PD_1,PD_5': 0.0, 'PD_1,PD_6': 0.0, 'PD_2,PD_3': 0.0, 'PD_2,PD_5': 0.0, 'PD_2,PD_6': 0.0, 'PD_3,PD_5': 0.0, 'PD_3,PD_6': 0.0, 'PD_5,PD_6': 0.0}, ASR: 0.8, TCB: {'PD_1': ['PD_2'], 'PD_2': ['PD_1'], 'PD_3': [], 'PD_5': [], 'PD_6': []}, FR: {'PD_1,PD_2': inf, 'PD_1,PD_3': inf, 'PD_1,PD_5': inf, 'PD_1,PD_6': inf, 'PD_2,PD_3': inf, 'PD_2,PD_5': inf, 'PD_2,PD_6': inf, 'PD_3,PD_5': inf, 'PD_3,PD_6': inf, 'PD_5,PD_6': inf}
  Computing metrics...
    RSI: {'PD_1,PD_2': 0.3333333333333333, 'PD_1,PD_3': 0.0, 'PD_1,PD_5': 0.0, 'PD_1,PD_6': 0.0, 'PD_2,PD_3': 0.0, 'PD_2,PD_5': 0.0, 'PD_2,PD_6': 0.0, 'PD_3,PD_5': 0.0, 'PD_3,PD_6': 0.0, 'PD_5,PD_6': 0.0}, ASR: 0.8, TCB: {'PD_1': ['PD_2'], 'PD_2': ['PD_1'], 'PD_3': [], 'PD_5': [], 'PD_6': []}, FR: {'PD_1,PD_2': inf, 'PD_1,PD_3': inf, 'PD_1,PD_5': inf, 'PD_1,PD_6': inf, 'PD_2,PD_3': inf, 'PD_2,PD_5': inf, 'PD_2,PD_6': inf, 'PD_3,PD_5': inf, 'PD_3,PD_6': inf, 'PD_5,PD_6': inf}
  🚫 Filtered out 0 'add_pd(add new protection domain for system expansion)' candidates (avoiding repetition)
  Trying best transition: primitive
    Target: connect PD_3 to FILE_1_1
    Predicted improvement: 2.100
    Considered 49 other option(s):
      1. primitive: connect PD_3 to FILE_1_2 (improvement: 2.100)
      2. primitive: connect PD_3 to FILE_1_3 (improvement: 2.100)
      3. primitive: connect PD_3 to orphaned resource FILE_1_4 (improvement: 2.100)
      4. primitive: connect PD_5 to FILE_1_1 (improvement: 2.100)
      5. primitive: connect PD_5 to FILE_1_2 (improvement: 2.100)
      6. primitive: connect PD_5 to FILE_1_3 (improvement: 2.100)
      7. primitive: connect PD_5 to orphaned resource FILE_1_4 (improvement: 2.100)
      8. primitive: connect PD_6 to FILE_1_1 (improvement: 2.100)
      9. primitive: connect PD_6 to FILE_1_2 (improvement: 2.100)
      10. primitive: connect PD_6 to FILE_1_3 (improvement: 2.100)
      ... and 39 more
    ✅ Applied add_hold_edge
  📋 Generated 50 candidate(s)
  Computing metrics...
    RSI: {'PD_1,PD_2': 0.3333333333333333, 'PD_1,PD_3': 0.5, 'PD_1,PD_5': 0.0, 'PD_1,PD_6': 0.0, 'PD_2,PD_3': 0.0, 'PD_2,PD_5': 0.0, 'PD_2,PD_6': 0.0, 'PD_3,PD_5': 0.0, 'PD_3,PD_6': 0.0, 'PD_5,PD_6': 0.0}, ASR: 1.0, TCB: {'PD_1': ['PD_3', 'PD_2'], 'PD_2': ['PD_1'], 'PD_3': ['PD_1'], 'PD_5': [], 'PD_6': []}, FR: {'PD_1,PD_2': inf, 'PD_1,PD_3': inf, 'PD_1,PD_5': inf, 'PD_1,PD_6': inf, 'PD_2,PD_3': inf, 'PD_2,PD_5': inf, 'PD_2,PD_6': inf, 'PD_3,PD_5': inf, 'PD_3,PD_6': inf, 'PD_5,PD_6': inf}
    ✅ Added candidate: add_hold_edge (score: 2.100)
  Computing metrics...
    RSI: {'PD_1,PD_2': 0.3333333333333333, 'PD_1,PD_3': 0.0, 'PD_1,PD_5': 0.0, 'PD_1,PD_6': 0.0, 'PD_2,PD_3': 0.5, 'PD_2,PD_5': 0.0, 'PD_2,PD_6': 0.0, 'PD_3,PD_5': 0.0, 'PD_3,PD_6': 0.0, 'PD_5,PD_6': 0.0}, ASR: 1.0, TCB: {'PD_1': ['PD_2'], 'PD_2': ['PD_1', 'PD_3'], 'PD_3': ['PD_2'], 'PD_5': [], 'PD_6': []}, FR: {'PD_1,PD_2': inf, 'PD_1,PD_3': inf, 'PD_1,PD_5': inf, 'PD_1,PD_6': inf, 'PD_2,PD_3': inf, 'PD_2,PD_5': inf, 'PD_2,PD_6': inf, 'PD_3,PD_5': inf, 'PD_3,PD_6': inf, 'PD_5,PD_6': inf}
    ✅ Added candidate: add_hold_edge (score: 2.100)

🌟 Expanding Beam[2] (score: 0.100)
  Computing metrics...
    RSI: {'PD_1,PD_2': 0.3333333333333333, 'PD_1,PD_5': 0.0, 'PD_2,PD_5': 0.0}, ASR: 1.3333333333333333, TCB: {'PD_1': ['PD_2'], 'PD_2': ['PD_1'], 'PD_5': []}, FR: {'PD_1,PD_2': inf, 'PD_1,PD_5': inf, 'PD_2,PD_5': inf}
    Goal not met: RSI[PD_1,PD_2]=0.333 > 0.3
  Computing metrics...
    RSI: {'PD_1,PD_2': 0.3333333333333333, 'PD_1,PD_5': 0.0, 'PD_2,PD_5': 0.0}, ASR: 1.3333333333333333, TCB: {'PD_1': ['PD_2'], 'PD_2': ['PD_1'], 'PD_5': []}, FR: {'PD_1,PD_2': inf, 'PD_1,PD_5': inf, 'PD_2,PD_5': inf}
  Computing metrics...
    RSI: {'PD_1,PD_2': 0.3333333333333333, 'PD_1,PD_5': 0.0, 'PD_1,PD_4': 0.0, 'PD_2,PD_5': 0.0, 'PD_2,PD_4': 0.0, 'PD_5,PD_4': 0.0}, ASR: 1.0, TCB: {'PD_1': ['PD_2'], 'PD_2': ['PD_1'], 'PD_5': [], 'PD_4': []}, FR: {'PD_1,PD_2': inf, 'PD_1,PD_5': inf, 'PD_1,PD_4': inf, 'PD_2,PD_5': inf, 'PD_2,PD_4': inf, 'PD_5,PD_4': inf}
  Computing metrics...
    RSI: {'PD_1,PD_2': 0.3333333333333333, 'PD_1,PD_5': 0.0, 'PD_2,PD_5': 0.0}, ASR: 1.3333333333333333, TCB: {'PD_1': ['PD_2'], 'PD_2': ['PD_1'], 'PD_5': []}, FR: {'PD_1,PD_2': inf, 'PD_1,PD_5': inf, 'PD_2,PD_5': inf}
  Computing metrics...
    RSI: {'PD_1,PD_2': 0.3333333333333333, 'PD_1,PD_5': 0.0, 'PD_2,PD_5': 0.0}, ASR: 1.3333333333333333, TCB: {'PD_1': ['PD_2'], 'PD_2': ['PD_1'], 'PD_5': []}, FR: {'PD_1,PD_2': inf, 'PD_1,PD_5': inf, 'PD_2,PD_5': inf}
  Computing metrics...
    RSI: {'PD_1,PD_2': 0.3333333333333333, 'PD_1,PD_5': 0.0, 'PD_2,PD_5': 0.0}, ASR: 1.3333333333333333, TCB: {'PD_1': ['PD_2'], 'PD_2': ['PD_1'], 'PD_5': []}, FR: {'PD_1,PD_2': inf, 'PD_1,PD_5': inf, 'PD_2,PD_5': inf}
  Computing metrics...
    RSI: {'PD_1,PD_2': 0.3333333333333333, 'PD_1,PD_5': 0.0, 'PD_2,PD_5': 0.0}, ASR: 1.3333333333333333, TCB: {'PD_1': ['PD_2'], 'PD_2': ['PD_1'], 'PD_5': []}, FR: {'PD_1,PD_2': inf, 'PD_1,PD_5': inf, 'PD_2,PD_5': inf}
  Computing metrics...
    RSI: {'PD_1,PD_2': 0.3333333333333333, 'PD_1,PD_5': 0.0, 'PD_2,PD_5': 0.0}, ASR: 1.3333333333333333, TCB: {'PD_1': ['PD_2'], 'PD_2': ['PD_1'], 'PD_5': []}, FR: {'PD_1,PD_2': inf, 'PD_1,PD_5': inf, 'PD_2,PD_5': inf}
  Computing metrics...
    RSI: {'PD_1,PD_2': 0.3333333333333333, 'PD_1,PD_5': 0.0, 'PD_2,PD_5': 0.0}, ASR: 1.3333333333333333, TCB: {'PD_1': ['PD_2'], 'PD_2': ['PD_1'], 'PD_5': []}, FR: {'PD_1,PD_2': inf, 'PD_1,PD_5': inf, 'PD_2,PD_5': inf}
  Computing metrics...
    RSI: {'PD_1,PD_2': 0.3333333333333333, 'PD_1,PD_5': 0.0, 'PD_2,PD_5': 0.0}, ASR: 1.3333333333333333, TCB: {'PD_1': ['PD_2'], 'PD_2': ['PD_1'], 'PD_5': []}, FR: {'PD_1,PD_2': inf, 'PD_1,PD_5': inf, 'PD_2,PD_5': inf}
  Computing metrics...
    RSI: {'PD_1,PD_2': 0.3333333333333333, 'PD_1,PD_5': 0.0, 'PD_2,PD_5': 0.0}, ASR: 1.3333333333333333, TCB: {'PD_1': ['PD_2'], 'PD_2': ['PD_1'], 'PD_5': []}, FR: {'PD_1,PD_2': inf, 'PD_1,PD_5': inf, 'PD_2,PD_5': inf}
  Computing metrics...
    RSI: {'PD_1,PD_2': 0.3333333333333333, 'PD_1,PD_5': 0.0, 'PD_2,PD_5': 0.0}, ASR: 1.3333333333333333, TCB: {'PD_1': ['PD_2'], 'PD_2': ['PD_1'], 'PD_5': []}, FR: {'PD_1,PD_2': inf, 'PD_1,PD_5': inf, 'PD_2,PD_5': inf}
  Computing metrics...
    RSI: {'PD_1,PD_2': 0.3333333333333333, 'PD_1,PD_5': 0.0, 'PD_2,PD_5': 0.0}, ASR: 1.3333333333333333, TCB: {'PD_1': ['PD_2'], 'PD_2': ['PD_1'], 'PD_5': []}, FR: {'PD_1,PD_2': inf, 'PD_1,PD_5': inf, 'PD_2,PD_5': inf}
  Computing metrics...
    RSI: {'PD_1,PD_2': 0.3333333333333333, 'PD_1,PD_5': 0.0, 'PD_2,PD_5': 0.0}, ASR: 1.3333333333333333, TCB: {'PD_1': ['PD_2'], 'PD_2': ['PD_1'], 'PD_5': []}, FR: {'PD_1,PD_2': inf, 'PD_1,PD_5': inf, 'PD_2,PD_5': inf}
  Computing metrics...
    RSI: {'PD_1,PD_2': 0.3333333333333333, 'PD_1,PD_5': 0.0, 'PD_2,PD_5': 0.0}, ASR: 1.3333333333333333, TCB: {'PD_1': ['PD_2'], 'PD_2': ['PD_1'], 'PD_5': []}, FR: {'PD_1,PD_2': inf, 'PD_1,PD_5': inf, 'PD_2,PD_5': inf}
  Computing metrics...
    RSI: {'PD_1,PD_2': 0.3333333333333333, 'PD_1,PD_5': 0.0, 'PD_2,PD_5': 0.0}, ASR: 1.3333333333333333, TCB: {'PD_1': ['PD_2'], 'PD_2': ['PD_1'], 'PD_5': []}, FR: {'PD_1,PD_2': inf, 'PD_1,PD_5': inf, 'PD_2,PD_5': inf}
  Computing metrics...
    RSI: {'PD_1,PD_2': 0.3333333333333333, 'PD_1,PD_5': 0.0, 'PD_2,PD_5': 0.0}, ASR: 1.3333333333333333, TCB: {'PD_1': ['PD_2'], 'PD_2': ['PD_1'], 'PD_5': []}, FR: {'PD_1,PD_2': inf, 'PD_1,PD_5': inf, 'PD_2,PD_5': inf}
  Computing metrics...
    RSI: {'PD_1,PD_2': 0.3333333333333333, 'PD_1,PD_5': 0.0, 'PD_2,PD_5': 0.0}, ASR: 1.3333333333333333, TCB: {'PD_1': ['PD_2'], 'PD_2': ['PD_1'], 'PD_5': []}, FR: {'PD_1,PD_2': inf, 'PD_1,PD_5': inf, 'PD_2,PD_5': inf}
  Computing metrics...
    RSI: {'PD_1,PD_2': 0.6666666666666666, 'PD_1,PD_5': 0.0, 'PD_2,PD_5': 0.0}, ASR: 1.6666666666666667, TCB: {'PD_1': ['PD_2'], 'PD_2': ['PD_1'], 'PD_5': []}, FR: {'PD_1,PD_2': inf, 'PD_1,PD_5': inf, 'PD_2,PD_5': inf}
  Computing metrics...
    RSI: {'PD_1,PD_2': 0.3333333333333333, 'PD_1,PD_5': 0.0, 'PD_2,PD_5': 0.0}, ASR: 1.3333333333333333, TCB: {'PD_1': ['PD_2'], 'PD_2': ['PD_1'], 'PD_5': []}, FR: {'PD_1,PD_2': inf, 'PD_1,PD_5': inf, 'PD_2,PD_5': inf}
  Computing metrics...
    RSI: {'PD_1,PD_2': 0.25, 'PD_1,PD_5': 0.0, 'PD_2,PD_5': 0.0}, ASR: 1.6666666666666667, TCB: {'PD_1': ['PD_2'], 'PD_2': ['PD_1'], 'PD_5': []}, FR: {'PD_1,PD_2': inf, 'PD_1,PD_5': inf, 'PD_2,PD_5': inf}
  Computing metrics...
    RSI: {'PD_1,PD_2': 0.3333333333333333, 'PD_1,PD_5': 0.0, 'PD_2,PD_5': 0.0}, ASR: 1.3333333333333333, TCB: {'PD_1': ['PD_2'], 'PD_2': ['PD_1'], 'PD_5': []}, FR: {'PD_1,PD_2': inf, 'PD_1,PD_5': inf, 'PD_2,PD_5': inf}
  Computing metrics...
    RSI: {'PD_1,PD_2': 0.6666666666666666, 'PD_1,PD_5': 0.0, 'PD_2,PD_5': 0.0}, ASR: 1.6666666666666667, TCB: {'PD_1': ['PD_2'], 'PD_2': ['PD_1'], 'PD_5': []}, FR: {'PD_1,PD_2': inf, 'PD_1,PD_5': inf, 'PD_2,PD_5': inf}
  Computing metrics...
    RSI: {'PD_1,PD_2': 0.3333333333333333, 'PD_1,PD_5': 0.0, 'PD_2,PD_5': 0.0}, ASR: 1.3333333333333333, TCB: {'PD_1': ['PD_2'], 'PD_2': ['PD_1'], 'PD_5': []}, FR: {'PD_1,PD_2': inf, 'PD_1,PD_5': inf, 'PD_2,PD_5': inf}
  Computing metrics...
    RSI: {'PD_1,PD_2': 0.25, 'PD_1,PD_5': 0.0, 'PD_2,PD_5': 0.0}, ASR: 1.6666666666666667, TCB: {'PD_1': ['PD_2'], 'PD_2': ['PD_1'], 'PD_5': []}, FR: {'PD_1,PD_2': inf, 'PD_1,PD_5': inf, 'PD_2,PD_5': inf}
  Computing metrics...
    RSI: {'PD_1,PD_2': 0.3333333333333333, 'PD_1,PD_5': 0.0, 'PD_2,PD_5': 0.0}, ASR: 1.3333333333333333, TCB: {'PD_1': ['PD_2'], 'PD_2': ['PD_1'], 'PD_5': []}, FR: {'PD_1,PD_2': inf, 'PD_1,PD_5': inf, 'PD_2,PD_5': inf}
  Computing metrics...
    RSI: {'PD_1,PD_2': 0.3333333333333333, 'PD_1,PD_5': 0.5, 'PD_2,PD_5': 0.0}, ASR: 1.6666666666666667, TCB: {'PD_1': ['PD_5', 'PD_2'], 'PD_2': ['PD_1'], 'PD_5': ['PD_1']}, FR: {'PD_1,PD_2': inf, 'PD_1,PD_5': inf, 'PD_2,PD_5': inf}
  Computing metrics...
    RSI: {'PD_1,PD_2': 0.3333333333333333, 'PD_1,PD_5': 0.0, 'PD_2,PD_5': 0.0}, ASR: 1.3333333333333333, TCB: {'PD_1': ['PD_2'], 'PD_2': ['PD_1'], 'PD_5': []}, FR: {'PD_1,PD_2': inf, 'PD_1,PD_5': inf, 'PD_2,PD_5': inf}
  Computing metrics...
    RSI: {'PD_1,PD_2': 0.3333333333333333, 'PD_1,PD_5': 0.0, 'PD_2,PD_5': 0.5}, ASR: 1.6666666666666667, TCB: {'PD_1': ['PD_2'], 'PD_2': ['PD_1', 'PD_5'], 'PD_5': ['PD_2']}, FR: {'PD_1,PD_2': inf, 'PD_1,PD_5': inf, 'PD_2,PD_5': inf}
  Computing metrics...
    RSI: {'PD_1,PD_2': 0.3333333333333333, 'PD_1,PD_5': 0.0, 'PD_2,PD_5': 0.0}, ASR: 1.3333333333333333, TCB: {'PD_1': ['PD_2'], 'PD_2': ['PD_1'], 'PD_5': []}, FR: {'PD_1,PD_2': inf, 'PD_1,PD_5': inf, 'PD_2,PD_5': inf}
  Computing metrics...
    RSI: {'PD_1,PD_2': 0.3333333333333333, 'PD_1,PD_5': 0.5, 'PD_2,PD_5': 0.5}, ASR: 1.6666666666666667, TCB: {'PD_1': ['PD_2', 'PD_5'], 'PD_2': ['PD_1', 'PD_5'], 'PD_5': ['PD_1', 'PD_2']}, FR: {'PD_1,PD_2': inf, 'PD_1,PD_5': inf, 'PD_2,PD_5': inf}
  Computing metrics...
    RSI: {'PD_1,PD_2': 0.3333333333333333, 'PD_1,PD_5': 0.0, 'PD_2,PD_5': 0.0}, ASR: 1.3333333333333333, TCB: {'PD_1': ['PD_2'], 'PD_2': ['PD_1'], 'PD_5': []}, FR: {'PD_1,PD_2': inf, 'PD_1,PD_5': inf, 'PD_2,PD_5': inf}
  Computing metrics...
    RSI: {'PD_1,PD_2': 0.3333333333333333, 'PD_1,PD_5': 0.0, 'PD_2,PD_5': 0.0}, ASR: 1.6666666666666667, TCB: {'PD_1': ['PD_2'], 'PD_2': ['PD_1'], 'PD_5': []}, FR: {'PD_1,PD_2': inf, 'PD_1,PD_5': inf, 'PD_2,PD_5': inf}
  Computing metrics...
    RSI: {'PD_1,PD_2': 0.3333333333333333, 'PD_1,PD_5': 0.0, 'PD_2,PD_5': 0.0}, ASR: 1.3333333333333333, TCB: {'PD_1': ['PD_2'], 'PD_2': ['PD_1'], 'PD_5': []}, FR: {'PD_1,PD_2': inf, 'PD_1,PD_5': inf, 'PD_2,PD_5': inf}
  Computing metrics...
    RSI: {'PD_1,PD_2': 0.3333333333333333, 'PD_1,PD_5': 0.0, 'PD_2,PD_5': 0.0}, ASR: 1.6666666666666667, TCB: {'PD_1': ['PD_2'], 'PD_2': ['PD_1'], 'PD_5': []}, FR: {'PD_1,PD_2': inf, 'PD_1,PD_5': inf, 'PD_2,PD_5': inf}
  Computing metrics...
    RSI: {'PD_1,PD_2': 0.3333333333333333, 'PD_1,PD_5': 0.0, 'PD_2,PD_5': 0.0}, ASR: 1.3333333333333333, TCB: {'PD_1': ['PD_2'], 'PD_2': ['PD_1'], 'PD_5': []}, FR: {'PD_1,PD_2': inf, 'PD_1,PD_5': inf, 'PD_2,PD_5': inf}
  Computing metrics...
    RSI: {'PD_1,PD_2': 0.3333333333333333, 'PD_1,PD_5': 0.0, 'PD_2,PD_5': 0.0}, ASR: 1.6666666666666667, TCB: {'PD_1': ['PD_5', 'PD_2'], 'PD_2': ['PD_1'], 'PD_5': []}, FR: {'PD_1,PD_2': inf, 'PD_1,PD_5': inf, 'PD_2,PD_5': inf}
  Computing metrics...
    RSI: {'PD_1,PD_2': 0.3333333333333333, 'PD_1,PD_5': 0.0, 'PD_2,PD_5': 0.0}, ASR: 1.3333333333333333, TCB: {'PD_1': ['PD_2'], 'PD_2': ['PD_1'], 'PD_5': []}, FR: {'PD_1,PD_2': inf, 'PD_1,PD_5': inf, 'PD_2,PD_5': inf}
  Computing metrics...
    RSI: {'PD_1,PD_2': 0.3333333333333333, 'PD_1,PD_5': 0.0, 'PD_2,PD_5': 0.0}, ASR: 1.6666666666666667, TCB: {'PD_1': ['PD_2'], 'PD_2': ['PD_1'], 'PD_5': []}, FR: {'PD_1,PD_2': inf, 'PD_1,PD_5': inf, 'PD_2,PD_5': inf}
  Computing metrics...
    RSI: {'PD_1,PD_2': 0.3333333333333333, 'PD_1,PD_5': 0.0, 'PD_2,PD_5': 0.0}, ASR: 1.3333333333333333, TCB: {'PD_1': ['PD_2'], 'PD_2': ['PD_1'], 'PD_5': []}, FR: {'PD_1,PD_2': inf, 'PD_1,PD_5': inf, 'PD_2,PD_5': inf}
  Computing metrics...
    RSI: {'PD_1,PD_2': 0.3333333333333333, 'PD_1,PD_5': 0.0, 'PD_2,PD_5': 0.0}, ASR: 1.6666666666666667, TCB: {'PD_1': ['PD_2'], 'PD_2': ['PD_5', 'PD_1'], 'PD_5': []}, FR: {'PD_1,PD_2': inf, 'PD_1,PD_5': inf, 'PD_2,PD_5': inf}
  Computing metrics...
    RSI: {'PD_1,PD_2': 0.3333333333333333, 'PD_1,PD_5': 0.0, 'PD_2,PD_5': 0.0}, ASR: 1.3333333333333333, TCB: {'PD_1': ['PD_2'], 'PD_2': ['PD_1'], 'PD_5': []}, FR: {'PD_1,PD_2': inf, 'PD_1,PD_5': inf, 'PD_2,PD_5': inf}
  Computing metrics...
    RSI: {'PD_1,PD_2': 0.3333333333333333, 'PD_1,PD_5': 0.0, 'PD_2,PD_5': 0.0}, ASR: 1.6666666666666667, TCB: {'PD_1': ['PD_2'], 'PD_2': ['PD_1'], 'PD_5': ['PD_1']}, FR: {'PD_1,PD_2': inf, 'PD_1,PD_5': inf, 'PD_2,PD_5': inf}
  Computing metrics...
    RSI: {'PD_1,PD_2': 0.3333333333333333, 'PD_1,PD_5': 0.0, 'PD_2,PD_5': 0.0}, ASR: 1.3333333333333333, TCB: {'PD_1': ['PD_2'], 'PD_2': ['PD_1'], 'PD_5': []}, FR: {'PD_1,PD_2': inf, 'PD_1,PD_5': inf, 'PD_2,PD_5': inf}
  Computing metrics...
    RSI: {'PD_1,PD_2': 0.3333333333333333, 'PD_1,PD_5': 0.0, 'PD_2,PD_5': 0.0}, ASR: 1.6666666666666667, TCB: {'PD_1': ['PD_2'], 'PD_2': ['PD_1'], 'PD_5': ['PD_2']}, FR: {'PD_1,PD_2': inf, 'PD_1,PD_5': inf, 'PD_2,PD_5': inf}
  Computing metrics...
    RSI: {'PD_1,PD_2': 0.3333333333333333, 'PD_1,PD_5': 0.0, 'PD_2,PD_5': 0.0}, ASR: 1.3333333333333333, TCB: {'PD_1': ['PD_2'], 'PD_2': ['PD_1'], 'PD_5': []}, FR: {'PD_1,PD_2': inf, 'PD_1,PD_5': inf, 'PD_2,PD_5': inf}
  Computing metrics...
    RSI: {'PD_1,PD_2': 0.3333333333333333, 'PD_1,PD_5': 0.0, 'PD_2,PD_5': 0.0}, ASR: 1.3333333333333333, TCB: {'PD_1': ['PD_2'], 'PD_2': ['PD_1'], 'PD_5': []}, FR: {'PD_1,PD_2': inf, 'PD_1,PD_5': inf, 'PD_2,PD_5': inf}
  Computing metrics...
    RSI: {'PD_1,PD_2': 0.3333333333333333, 'PD_1,PD_5': 0.0, 'PD_2,PD_5': 0.0}, ASR: 1.3333333333333333, TCB: {'PD_1': ['PD_2'], 'PD_2': ['PD_1'], 'PD_5': []}, FR: {'PD_1,PD_2': inf, 'PD_1,PD_5': inf, 'PD_2,PD_5': inf}
  Computing metrics...
    RSI: {'PD_1,PD_2': 0.3333333333333333, 'PD_1,PD_5': 0.0, 'PD_2,PD_5': 0.0}, ASR: 1.3333333333333333, TCB: {'PD_1': ['PD_2'], 'PD_2': ['PD_1'], 'PD_5': []}, FR: {'PD_1,PD_2': inf, 'PD_1,PD_5': inf, 'PD_2,PD_5': inf}
  Computing metrics...
    RSI: {'PD_1,PD_2': 0.3333333333333333, 'PD_1,PD_5': 0.0, 'PD_2,PD_5': 0.0}, ASR: 1.3333333333333333, TCB: {'PD_1': ['PD_2'], 'PD_2': ['PD_1'], 'PD_5': []}, FR: {'PD_1,PD_2': inf, 'PD_1,PD_5': inf, 'PD_2,PD_5': inf}
  Computing metrics...
    RSI: {'PD_1,PD_2': 0.3333333333333333, 'PD_1,PD_5': 0.0, 'PD_2,PD_5': 0.0}, ASR: 1.3333333333333333, TCB: {'PD_1': ['PD_2'], 'PD_2': ['PD_1'], 'PD_5': []}, FR: {'PD_1,PD_2': inf, 'PD_1,PD_5': inf, 'PD_2,PD_5': inf}
  Computing metrics...
    RSI: {'PD_1,PD_2': 0.3333333333333333, 'PD_1,PD_5': 0.0, 'PD_2,PD_5': 0.0}, ASR: 1.3333333333333333, TCB: {'PD_1': ['PD_2'], 'PD_2': ['PD_1'], 'PD_5': []}, FR: {'PD_1,PD_2': inf, 'PD_1,PD_5': inf, 'PD_2,PD_5': inf}
  Computing metrics...
    RSI: {'PD_1,PD_2': 0.3333333333333333, 'PD_1,PD_5': 0.0, 'PD_2,PD_5': 0.0}, ASR: 1.3333333333333333, TCB: {'PD_1': ['PD_2'], 'PD_2': ['PD_1'], 'PD_5': []}, FR: {'PD_1,PD_2': inf, 'PD_1,PD_5': inf, 'PD_2,PD_5': inf}
  🚫 Filtered out 0 'remove_pd(remove empty PD_3)' candidates (avoiding repetition)
  Trying best transition: primitive
    Target: add new protection domain for system expansion
    Predicted improvement: 3.433
    Considered 25 other option(s):
      1. primitive: remove empty PD_5 (improvement: 0.100)
      2. primitive: create new CONFIG file in FILE_SPACE_1 (improvement: 0.100)
      3. primitive: create new DATABASE file in FILE_SPACE_1 (improvement: 0.100)
      4. primitive: create new TEMP file in FILE_SPACE_1 (improvement: 0.100)
      5. primitive: create new LOG file in FILE_SPACE_1 (improvement: 0.100)
      6. primitive: remove FILE_1_3 (holders: 2) (improvement: 0.100)
      7. primitive: remove FILE_1_4 (holders: 0) (improvement: 0.100)
      8. primitive: disconnect FILE_1_1 from FILE_SPACE_1 (improvement: 0.100)
      9. primitive: disconnect FILE_1_2 from FILE_SPACE_1 (improvement: 0.100)
      10. primitive: disconnect FILE_1_3 from FILE_SPACE_1 (improvement: 0.100)
      ... and 15 more
    ✅ Applied add_pd
  📋 Generated 26 candidate(s)
  Computing metrics...
    RSI: {'PD_1,PD_2': 0.3333333333333333, 'PD_1,PD_5': 0.0, 'PD_1,PD_6': 0.0, 'PD_2,PD_5': 0.0, 'PD_2,PD_6': 0.0, 'PD_5,PD_6': 0.0}, ASR: 1.0, TCB: {'PD_1': ['PD_2'], 'PD_2': ['PD_1'], 'PD_5': [], 'PD_6': []}, FR: {'PD_1,PD_2': inf, 'PD_1,PD_5': inf, 'PD_1,PD_6': inf, 'PD_2,PD_5': inf, 'PD_2,PD_6': inf, 'PD_5,PD_6': inf}
    ✅ Added candidate: add_pd (score: 3.433)
  Computing metrics...
    RSI: {'PD_1,PD_2': 0.3333333333333333}, ASR: 2.0, TCB: {'PD_1': ['PD_2'], 'PD_2': ['PD_1']}, FR: {'PD_1,PD_2': inf}
    ✅ Added candidate: remove_pd (score: 0.100)

📊 Next beam (3 states):
  Beam[0]: BeamState(iter=7, score=3.433, path=remove_pd(remove empty PD_4) → add_pd(add new protection domain for system expansion) → add_pd(add new protection domain for system expansion))
  Beam[1]: BeamState(iter=7, score=3.433, path=add_pd(add new protection domain for system expansion) → remove_pd(remove empty PD_3) → add_pd(add new protection domain for system expansion))
  Beam[2]: BeamState(iter=7, score=2.100, path=add_pd(add new protection domain for system expansion) → add_pd(add new protection domain for system expansion) → add_hold_edge(connect PD_3 to FILE_1_1))
💡 Total candidates generated: 6
🎯 Mechanisms discovered so far: 0

============================================================
🔍 Beam Search Iteration 8/8
📊 Current beam size: 3
  Beam[0]: BeamState(iter=7, score=3.433, path=remove_pd(remove empty PD_4) → add_pd(add new protection domain for system expansion) → add_pd(add new protection domain for system expansion))
  Beam[1]: BeamState(iter=7, score=3.433, path=add_pd(add new protection domain for system expansion) → remove_pd(remove empty PD_3) → add_pd(add new protection domain for system expansion))
  Beam[2]: BeamState(iter=7, score=2.100, path=add_pd(add new protection domain for system expansion) → add_pd(add new protection domain for system expansion) → add_hold_edge(connect PD_3 to FILE_1_1))

🌟 Expanding Beam[0] (score: 3.433)
  Computing metrics...
    RSI: {'PD_1,PD_2': 0.3333333333333333, 'PD_1,PD_5': 0.0, 'PD_1,PD_6': 0.0, 'PD_2,PD_5': 0.0, 'PD_2,PD_6': 0.0, 'PD_5,PD_6': 0.0}, ASR: 1.0, TCB: {'PD_1': ['PD_2'], 'PD_2': ['PD_1'], 'PD_5': [], 'PD_6': []}, FR: {'PD_1,PD_2': inf, 'PD_1,PD_5': inf, 'PD_1,PD_6': inf, 'PD_2,PD_5': inf, 'PD_2,PD_6': inf, 'PD_5,PD_6': inf}
    Goal not met: RSI[PD_1,PD_2]=0.333 > 0.3
  Computing metrics...
    RSI: {'PD_1,PD_2': 0.3333333333333333, 'PD_1,PD_5': 0.0, 'PD_1,PD_6': 0.0, 'PD_2,PD_5': 0.0, 'PD_2,PD_6': 0.0, 'PD_5,PD_6': 0.0}, ASR: 1.0, TCB: {'PD_1': ['PD_2'], 'PD_2': ['PD_1'], 'PD_5': [], 'PD_6': []}, FR: {'PD_1,PD_2': inf, 'PD_1,PD_5': inf, 'PD_1,PD_6': inf, 'PD_2,PD_5': inf, 'PD_2,PD_6': inf, 'PD_5,PD_6': inf}
  Computing metrics...
    RSI: {'PD_1,PD_2': 0.3333333333333333, 'PD_1,PD_5': 0.0, 'PD_1,PD_6': 0.0, 'PD_2,PD_5': 0.0, 'PD_2,PD_6': 0.0, 'PD_5,PD_6': 0.0}, ASR: 1.0, TCB: {'PD_1': ['PD_2'], 'PD_2': ['PD_1'], 'PD_5': [], 'PD_6': []}, FR: {'PD_1,PD_2': inf, 'PD_1,PD_5': inf, 'PD_1,PD_6': inf, 'PD_2,PD_5': inf, 'PD_2,PD_6': inf, 'PD_5,PD_6': inf}
  Computing metrics...
    RSI: {'PD_1,PD_2': 0.3333333333333333, 'PD_1,PD_5': 0.0, 'PD_1,PD_6': 0.0, 'PD_2,PD_5': 0.0, 'PD_2,PD_6': 0.0, 'PD_5,PD_6': 0.0}, ASR: 1.0, TCB: {'PD_1': ['PD_2'], 'PD_2': ['PD_1'], 'PD_5': [], 'PD_6': []}, FR: {'PD_1,PD_2': inf, 'PD_1,PD_5': inf, 'PD_1,PD_6': inf, 'PD_2,PD_5': inf, 'PD_2,PD_6': inf, 'PD_5,PD_6': inf}
  Computing metrics...
    RSI: {'PD_1,PD_2': 0.3333333333333333, 'PD_1,PD_5': 0.0, 'PD_1,PD_6': 0.0, 'PD_2,PD_5': 0.0, 'PD_2,PD_6': 0.0, 'PD_5,PD_6': 0.0}, ASR: 1.0, TCB: {'PD_1': ['PD_2'], 'PD_2': ['PD_1'], 'PD_5': [], 'PD_6': []}, FR: {'PD_1,PD_2': inf, 'PD_1,PD_5': inf, 'PD_1,PD_6': inf, 'PD_2,PD_5': inf, 'PD_2,PD_6': inf, 'PD_5,PD_6': inf}
  Computing metrics...
    RSI: {'PD_1,PD_2': 0.3333333333333333, 'PD_1,PD_5': 0.0, 'PD_1,PD_6': 0.0, 'PD_2,PD_5': 0.0, 'PD_2,PD_6': 0.0, 'PD_5,PD_6': 0.0}, ASR: 1.0, TCB: {'PD_1': ['PD_2'], 'PD_2': ['PD_1'], 'PD_5': [], 'PD_6': []}, FR: {'PD_1,PD_2': inf, 'PD_1,PD_5': inf, 'PD_1,PD_6': inf, 'PD_2,PD_5': inf, 'PD_2,PD_6': inf, 'PD_5,PD_6': inf}
  Computing metrics...
    RSI: {'PD_1,PD_2': 0.3333333333333333, 'PD_1,PD_5': 0.0, 'PD_1,PD_6': 0.0, 'PD_2,PD_5': 0.0, 'PD_2,PD_6': 0.0, 'PD_5,PD_6': 0.0}, ASR: 1.0, TCB: {'PD_1': ['PD_2'], 'PD_2': ['PD_1'], 'PD_5': [], 'PD_6': []}, FR: {'PD_1,PD_2': inf, 'PD_1,PD_5': inf, 'PD_1,PD_6': inf, 'PD_2,PD_5': inf, 'PD_2,PD_6': inf, 'PD_5,PD_6': inf}
  Computing metrics...
    RSI: {'PD_1,PD_2': 0.3333333333333333, 'PD_1,PD_5': 0.0, 'PD_1,PD_6': 0.0, 'PD_2,PD_5': 0.0, 'PD_2,PD_6': 0.0, 'PD_5,PD_6': 0.0}, ASR: 1.0, TCB: {'PD_1': ['PD_2'], 'PD_2': ['PD_1'], 'PD_5': [], 'PD_6': []}, FR: {'PD_1,PD_2': inf, 'PD_1,PD_5': inf, 'PD_1,PD_6': inf, 'PD_2,PD_5': inf, 'PD_2,PD_6': inf, 'PD_5,PD_6': inf}
  Computing metrics...
    RSI: {'PD_1,PD_2': 0.3333333333333333, 'PD_1,PD_5': 0.0, 'PD_1,PD_6': 0.0, 'PD_2,PD_5': 0.0, 'PD_2,PD_6': 0.0, 'PD_5,PD_6': 0.0}, ASR: 1.0, TCB: {'PD_1': ['PD_2'], 'PD_2': ['PD_1'], 'PD_5': [], 'PD_6': []}, FR: {'PD_1,PD_2': inf, 'PD_1,PD_5': inf, 'PD_1,PD_6': inf, 'PD_2,PD_5': inf, 'PD_2,PD_6': inf, 'PD_5,PD_6': inf}
  Computing metrics...
    RSI: {'PD_1,PD_2': 0.3333333333333333, 'PD_1,PD_5': 0.0, 'PD_1,PD_6': 0.0, 'PD_2,PD_5': 0.0, 'PD_2,PD_6': 0.0, 'PD_5,PD_6': 0.0}, ASR: 1.0, TCB: {'PD_1': ['PD_2'], 'PD_2': ['PD_1'], 'PD_5': [], 'PD_6': []}, FR: {'PD_1,PD_2': inf, 'PD_1,PD_5': inf, 'PD_1,PD_6': inf, 'PD_2,PD_5': inf, 'PD_2,PD_6': inf, 'PD_5,PD_6': inf}
  Computing metrics...
    RSI: {'PD_1,PD_2': 0.3333333333333333, 'PD_1,PD_5': 0.0, 'PD_1,PD_6': 0.0, 'PD_2,PD_5': 0.0, 'PD_2,PD_6': 0.0, 'PD_5,PD_6': 0.0}, ASR: 1.0, TCB: {'PD_1': ['PD_2'], 'PD_2': ['PD_1'], 'PD_5': [], 'PD_6': []}, FR: {'PD_1,PD_2': inf, 'PD_1,PD_5': inf, 'PD_1,PD_6': inf, 'PD_2,PD_5': inf, 'PD_2,PD_6': inf, 'PD_5,PD_6': inf}
  Computing metrics...
    RSI: {'PD_1,PD_2': 0.3333333333333333, 'PD_1,PD_5': 0.0, 'PD_1,PD_6': 0.0, 'PD_2,PD_5': 0.0, 'PD_2,PD_6': 0.0, 'PD_5,PD_6': 0.0}, ASR: 1.0, TCB: {'PD_1': ['PD_2'], 'PD_2': ['PD_1'], 'PD_5': [], 'PD_6': []}, FR: {'PD_1,PD_2': inf, 'PD_1,PD_5': inf, 'PD_1,PD_6': inf, 'PD_2,PD_5': inf, 'PD_2,PD_6': inf, 'PD_5,PD_6': inf}
  Computing metrics...
    RSI: {'PD_1,PD_2': 0.3333333333333333, 'PD_1,PD_5': 0.0, 'PD_1,PD_6': 0.0, 'PD_2,PD_5': 0.0, 'PD_2,PD_6': 0.0, 'PD_5,PD_6': 0.0}, ASR: 1.0, TCB: {'PD_1': ['PD_2'], 'PD_2': ['PD_1'], 'PD_5': [], 'PD_6': []}, FR: {'PD_1,PD_2': inf, 'PD_1,PD_5': inf, 'PD_1,PD_6': inf, 'PD_2,PD_5': inf, 'PD_2,PD_6': inf, 'PD_5,PD_6': inf}
  Computing metrics...
    RSI: {'PD_1,PD_2': 0.3333333333333333, 'PD_1,PD_5': 0.0, 'PD_1,PD_6': 0.0, 'PD_2,PD_5': 0.0, 'PD_2,PD_6': 0.0, 'PD_5,PD_6': 0.0}, ASR: 1.0, TCB: {'PD_1': ['PD_2'], 'PD_2': ['PD_1'], 'PD_5': [], 'PD_6': []}, FR: {'PD_1,PD_2': inf, 'PD_1,PD_5': inf, 'PD_1,PD_6': inf, 'PD_2,PD_5': inf, 'PD_2,PD_6': inf, 'PD_5,PD_6': inf}
  Computing metrics...
    RSI: {'PD_1,PD_2': 0.3333333333333333, 'PD_1,PD_5': 0.0, 'PD_1,PD_6': 0.0, 'PD_2,PD_5': 0.0, 'PD_2,PD_6': 0.0, 'PD_5,PD_6': 0.0}, ASR: 1.0, TCB: {'PD_1': ['PD_2'], 'PD_2': ['PD_1'], 'PD_5': [], 'PD_6': []}, FR: {'PD_1,PD_2': inf, 'PD_1,PD_5': inf, 'PD_1,PD_6': inf, 'PD_2,PD_5': inf, 'PD_2,PD_6': inf, 'PD_5,PD_6': inf}
  Computing metrics...
    RSI: {'PD_1,PD_2': 0.3333333333333333, 'PD_1,PD_5': 0.0, 'PD_1,PD_6': 0.0, 'PD_2,PD_5': 0.0, 'PD_2,PD_6': 0.0, 'PD_5,PD_6': 0.0}, ASR: 1.0, TCB: {'PD_1': ['PD_2'], 'PD_2': ['PD_1'], 'PD_5': [], 'PD_6': []}, FR: {'PD_1,PD_2': inf, 'PD_1,PD_5': inf, 'PD_1,PD_6': inf, 'PD_2,PD_5': inf, 'PD_2,PD_6': inf, 'PD_5,PD_6': inf}
  Computing metrics...
    RSI: {'PD_1,PD_2': 0.3333333333333333, 'PD_1,PD_5': 0.0, 'PD_1,PD_6': 0.0, 'PD_2,PD_5': 0.0, 'PD_2,PD_6': 0.0, 'PD_5,PD_6': 0.0}, ASR: 1.0, TCB: {'PD_1': ['PD_2'], 'PD_2': ['PD_1'], 'PD_5': [], 'PD_6': []}, FR: {'PD_1,PD_2': inf, 'PD_1,PD_5': inf, 'PD_1,PD_6': inf, 'PD_2,PD_5': inf, 'PD_2,PD_6': inf, 'PD_5,PD_6': inf}
  Computing metrics...
    RSI: {'PD_1,PD_2': 0.3333333333333333, 'PD_1,PD_5': 0.0, 'PD_1,PD_6': 0.0, 'PD_2,PD_5': 0.0, 'PD_2,PD_6': 0.0, 'PD_5,PD_6': 0.0}, ASR: 1.0, TCB: {'PD_1': ['PD_2'], 'PD_2': ['PD_1'], 'PD_5': [], 'PD_6': []}, FR: {'PD_1,PD_2': inf, 'PD_1,PD_5': inf, 'PD_1,PD_6': inf, 'PD_2,PD_5': inf, 'PD_2,PD_6': inf, 'PD_5,PD_6': inf}
  Computing metrics...
    RSI: {'PD_1,PD_2': 0.3333333333333333, 'PD_1,PD_5': 0.0, 'PD_1,PD_6': 0.0, 'PD_2,PD_5': 0.0, 'PD_2,PD_6': 0.0, 'PD_5,PD_6': 0.0}, ASR: 1.0, TCB: {'PD_1': ['PD_2'], 'PD_2': ['PD_1'], 'PD_5': [], 'PD_6': []}, FR: {'PD_1,PD_2': inf, 'PD_1,PD_5': inf, 'PD_1,PD_6': inf, 'PD_2,PD_5': inf, 'PD_2,PD_6': inf, 'PD_5,PD_6': inf}
  Computing metrics...
    RSI: {'PD_1,PD_2': 0.3333333333333333, 'PD_1,PD_5': 0.0, 'PD_1,PD_6': 0.0, 'PD_2,PD_5': 0.0, 'PD_2,PD_6': 0.0, 'PD_5,PD_6': 0.0}, ASR: 1.0, TCB: {'PD_1': ['PD_2'], 'PD_2': ['PD_1'], 'PD_5': [], 'PD_6': []}, FR: {'PD_1,PD_2': inf, 'PD_1,PD_5': inf, 'PD_1,PD_6': inf, 'PD_2,PD_5': inf, 'PD_2,PD_6': inf, 'PD_5,PD_6': inf}
  Computing metrics...
    RSI: {'PD_1,PD_2': 0.6666666666666666, 'PD_1,PD_5': 0.0, 'PD_1,PD_6': 0.0, 'PD_2,PD_5': 0.0, 'PD_2,PD_6': 0.0, 'PD_5,PD_6': 0.0}, ASR: 1.25, TCB: {'PD_1': ['PD_2'], 'PD_2': ['PD_1'], 'PD_5': [], 'PD_6': []}, FR: {'PD_1,PD_2': inf, 'PD_1,PD_5': inf, 'PD_1,PD_6': inf, 'PD_2,PD_5': inf, 'PD_2,PD_6': inf, 'PD_5,PD_6': inf}
  Computing metrics...
    RSI: {'PD_1,PD_2': 0.3333333333333333, 'PD_1,PD_5': 0.0, 'PD_1,PD_6': 0.0, 'PD_2,PD_5': 0.0, 'PD_2,PD_6': 0.0, 'PD_5,PD_6': 0.0}, ASR: 1.0, TCB: {'PD_1': ['PD_2'], 'PD_2': ['PD_1'], 'PD_5': [], 'PD_6': []}, FR: {'PD_1,PD_2': inf, 'PD_1,PD_5': inf, 'PD_1,PD_6': inf, 'PD_2,PD_5': inf, 'PD_2,PD_6': inf, 'PD_5,PD_6': inf}
  Computing metrics...
    RSI: {'PD_1,PD_2': 0.25, 'PD_1,PD_5': 0.0, 'PD_1,PD_6': 0.0, 'PD_2,PD_5': 0.0, 'PD_2,PD_6': 0.0, 'PD_5,PD_6': 0.0}, ASR: 1.25, TCB: {'PD_1': ['PD_2'], 'PD_2': ['PD_1'], 'PD_5': [], 'PD_6': []}, FR: {'PD_1,PD_2': inf, 'PD_1,PD_5': inf, 'PD_1,PD_6': inf, 'PD_2,PD_5': inf, 'PD_2,PD_6': inf, 'PD_5,PD_6': inf}
  Computing metrics...
    RSI: {'PD_1,PD_2': 0.3333333333333333, 'PD_1,PD_5': 0.0, 'PD_1,PD_6': 0.0, 'PD_2,PD_5': 0.0, 'PD_2,PD_6': 0.0, 'PD_5,PD_6': 0.0}, ASR: 1.0, TCB: {'PD_1': ['PD_2'], 'PD_2': ['PD_1'], 'PD_5': [], 'PD_6': []}, FR: {'PD_1,PD_2': inf, 'PD_1,PD_5': inf, 'PD_1,PD_6': inf, 'PD_2,PD_5': inf, 'PD_2,PD_6': inf, 'PD_5,PD_6': inf}
  Computing metrics...
    RSI: {'PD_1,PD_2': 0.6666666666666666, 'PD_1,PD_5': 0.0, 'PD_1,PD_6': 0.0, 'PD_2,PD_5': 0.0, 'PD_2,PD_6': 0.0, 'PD_5,PD_6': 0.0}, ASR: 1.25, TCB: {'PD_1': ['PD_2'], 'PD_2': ['PD_1'], 'PD_5': [], 'PD_6': []}, FR: {'PD_1,PD_2': inf, 'PD_1,PD_5': inf, 'PD_1,PD_6': inf, 'PD_2,PD_5': inf, 'PD_2,PD_6': inf, 'PD_5,PD_6': inf}
  Computing metrics...
    RSI: {'PD_1,PD_2': 0.3333333333333333, 'PD_1,PD_5': 0.0, 'PD_1,PD_6': 0.0, 'PD_2,PD_5': 0.0, 'PD_2,PD_6': 0.0, 'PD_5,PD_6': 0.0}, ASR: 1.0, TCB: {'PD_1': ['PD_2'], 'PD_2': ['PD_1'], 'PD_5': [], 'PD_6': []}, FR: {'PD_1,PD_2': inf, 'PD_1,PD_5': inf, 'PD_1,PD_6': inf, 'PD_2,PD_5': inf, 'PD_2,PD_6': inf, 'PD_5,PD_6': inf}
  Computing metrics...
    RSI: {'PD_1,PD_2': 0.25, 'PD_1,PD_5': 0.0, 'PD_1,PD_6': 0.0, 'PD_2,PD_5': 0.0, 'PD_2,PD_6': 0.0, 'PD_5,PD_6': 0.0}, ASR: 1.25, TCB: {'PD_1': ['PD_2'], 'PD_2': ['PD_1'], 'PD_5': [], 'PD_6': []}, FR: {'PD_1,PD_2': inf, 'PD_1,PD_5': inf, 'PD_1,PD_6': inf, 'PD_2,PD_5': inf, 'PD_2,PD_6': inf, 'PD_5,PD_6': inf}
  Computing metrics...
    RSI: {'PD_1,PD_2': 0.3333333333333333, 'PD_1,PD_5': 0.0, 'PD_1,PD_6': 0.0, 'PD_2,PD_5': 0.0, 'PD_2,PD_6': 0.0, 'PD_5,PD_6': 0.0}, ASR: 1.0, TCB: {'PD_1': ['PD_2'], 'PD_2': ['PD_1'], 'PD_5': [], 'PD_6': []}, FR: {'PD_1,PD_2': inf, 'PD_1,PD_5': inf, 'PD_1,PD_6': inf, 'PD_2,PD_5': inf, 'PD_2,PD_6': inf, 'PD_5,PD_6': inf}
  Computing metrics...
    RSI: {'PD_1,PD_2': 0.3333333333333333, 'PD_1,PD_5': 0.5, 'PD_1,PD_6': 0.0, 'PD_2,PD_5': 0.0, 'PD_2,PD_6': 0.0, 'PD_5,PD_6': 0.0}, ASR: 1.25, TCB: {'PD_1': ['PD_5', 'PD_2'], 'PD_2': ['PD_1'], 'PD_5': ['PD_1'], 'PD_6': []}, FR: {'PD_1,PD_2': inf, 'PD_1,PD_5': inf, 'PD_1,PD_6': inf, 'PD_2,PD_5': inf, 'PD_2,PD_6': inf, 'PD_5,PD_6': inf}
  Computing metrics...
    RSI: {'PD_1,PD_2': 0.3333333333333333, 'PD_1,PD_5': 0.0, 'PD_1,PD_6': 0.0, 'PD_2,PD_5': 0.0, 'PD_2,PD_6': 0.0, 'PD_5,PD_6': 0.0}, ASR: 1.0, TCB: {'PD_1': ['PD_2'], 'PD_2': ['PD_1'], 'PD_5': [], 'PD_6': []}, FR: {'PD_1,PD_2': inf, 'PD_1,PD_5': inf, 'PD_1,PD_6': inf, 'PD_2,PD_5': inf, 'PD_2,PD_6': inf, 'PD_5,PD_6': inf}
  Computing metrics...
    RSI: {'PD_1,PD_2': 0.3333333333333333, 'PD_1,PD_5': 0.0, 'PD_1,PD_6': 0.0, 'PD_2,PD_5': 0.5, 'PD_2,PD_6': 0.0, 'PD_5,PD_6': 0.0}, ASR: 1.25, TCB: {'PD_1': ['PD_2'], 'PD_2': ['PD_1', 'PD_5'], 'PD_5': ['PD_2'], 'PD_6': []}, FR: {'PD_1,PD_2': inf, 'PD_1,PD_5': inf, 'PD_1,PD_6': inf, 'PD_2,PD_5': inf, 'PD_2,PD_6': inf, 'PD_5,PD_6': inf}
  Computing metrics...
    RSI: {'PD_1,PD_2': 0.3333333333333333, 'PD_1,PD_5': 0.0, 'PD_1,PD_6': 0.0, 'PD_2,PD_5': 0.0, 'PD_2,PD_6': 0.0, 'PD_5,PD_6': 0.0}, ASR: 1.0, TCB: {'PD_1': ['PD_2'], 'PD_2': ['PD_1'], 'PD_5': [], 'PD_6': []}, FR: {'PD_1,PD_2': inf, 'PD_1,PD_5': inf, 'PD_1,PD_6': inf, 'PD_2,PD_5': inf, 'PD_2,PD_6': inf, 'PD_5,PD_6': inf}
  Computing metrics...
    RSI: {'PD_1,PD_2': 0.3333333333333333, 'PD_1,PD_5': 0.5, 'PD_1,PD_6': 0.0, 'PD_2,PD_5': 0.5, 'PD_2,PD_6': 0.0, 'PD_5,PD_6': 0.0}, ASR: 1.25, TCB: {'PD_1': ['PD_2', 'PD_5'], 'PD_2': ['PD_1', 'PD_5'], 'PD_5': ['PD_1', 'PD_2'], 'PD_6': []}, FR: {'PD_1,PD_2': inf, 'PD_1,PD_5': inf, 'PD_1,PD_6': inf, 'PD_2,PD_5': inf, 'PD_2,PD_6': inf, 'PD_5,PD_6': inf}
  Computing metrics...
    RSI: {'PD_1,PD_2': 0.3333333333333333, 'PD_1,PD_5': 0.0, 'PD_1,PD_6': 0.0, 'PD_2,PD_5': 0.0, 'PD_2,PD_6': 0.0, 'PD_5,PD_6': 0.0}, ASR: 1.0, TCB: {'PD_1': ['PD_2'], 'PD_2': ['PD_1'], 'PD_5': [], 'PD_6': []}, FR: {'PD_1,PD_2': inf, 'PD_1,PD_5': inf, 'PD_1,PD_6': inf, 'PD_2,PD_5': inf, 'PD_2,PD_6': inf, 'PD_5,PD_6': inf}
  Computing metrics...
    RSI: {'PD_1,PD_2': 0.3333333333333333, 'PD_1,PD_5': 0.0, 'PD_1,PD_6': 0.0, 'PD_2,PD_5': 0.0, 'PD_2,PD_6': 0.0, 'PD_5,PD_6': 0.0}, ASR: 1.25, TCB: {'PD_1': ['PD_2'], 'PD_2': ['PD_1'], 'PD_5': [], 'PD_6': []}, FR: {'PD_1,PD_2': inf, 'PD_1,PD_5': inf, 'PD_1,PD_6': inf, 'PD_2,PD_5': inf, 'PD_2,PD_6': inf, 'PD_5,PD_6': inf}
  Computing metrics...
    RSI: {'PD_1,PD_2': 0.3333333333333333, 'PD_1,PD_5': 0.0, 'PD_1,PD_6': 0.0, 'PD_2,PD_5': 0.0, 'PD_2,PD_6': 0.0, 'PD_5,PD_6': 0.0}, ASR: 1.0, TCB: {'PD_1': ['PD_2'], 'PD_2': ['PD_1'], 'PD_5': [], 'PD_6': []}, FR: {'PD_1,PD_2': inf, 'PD_1,PD_5': inf, 'PD_1,PD_6': inf, 'PD_2,PD_5': inf, 'PD_2,PD_6': inf, 'PD_5,PD_6': inf}
  Computing metrics...
    RSI: {'PD_1,PD_2': 0.3333333333333333, 'PD_1,PD_5': 0.0, 'PD_1,PD_6': 0.5, 'PD_2,PD_5': 0.0, 'PD_2,PD_6': 0.0, 'PD_5,PD_6': 0.0}, ASR: 1.25, TCB: {'PD_1': ['PD_6', 'PD_2'], 'PD_2': ['PD_1'], 'PD_5': [], 'PD_6': ['PD_1']}, FR: {'PD_1,PD_2': inf, 'PD_1,PD_5': inf, 'PD_1,PD_6': inf, 'PD_2,PD_5': inf, 'PD_2,PD_6': inf, 'PD_5,PD_6': inf}
  Computing metrics...
    RSI: {'PD_1,PD_2': 0.3333333333333333, 'PD_1,PD_5': 0.0, 'PD_1,PD_6': 0.0, 'PD_2,PD_5': 0.0, 'PD_2,PD_6': 0.0, 'PD_5,PD_6': 0.0}, ASR: 1.0, TCB: {'PD_1': ['PD_2'], 'PD_2': ['PD_1'], 'PD_5': [], 'PD_6': []}, FR: {'PD_1,PD_2': inf, 'PD_1,PD_5': inf, 'PD_1,PD_6': inf, 'PD_2,PD_5': inf, 'PD_2,PD_6': inf, 'PD_5,PD_6': inf}
  Computing metrics...
    RSI: {'PD_1,PD_2': 0.3333333333333333, 'PD_1,PD_5': 0.0, 'PD_1,PD_6': 0.0, 'PD_2,PD_5': 0.0, 'PD_2,PD_6': 0.5, 'PD_5,PD_6': 0.0}, ASR: 1.25, TCB: {'PD_1': ['PD_2'], 'PD_2': ['PD_1', 'PD_6'], 'PD_5': [], 'PD_6': ['PD_2']}, FR: {'PD_1,PD_2': inf, 'PD_1,PD_5': inf, 'PD_1,PD_6': inf, 'PD_2,PD_5': inf, 'PD_2,PD_6': inf, 'PD_5,PD_6': inf}
  Computing metrics...
    RSI: {'PD_1,PD_2': 0.3333333333333333, 'PD_1,PD_5': 0.0, 'PD_1,PD_6': 0.0, 'PD_2,PD_5': 0.0, 'PD_2,PD_6': 0.0, 'PD_5,PD_6': 0.0}, ASR: 1.0, TCB: {'PD_1': ['PD_2'], 'PD_2': ['PD_1'], 'PD_5': [], 'PD_6': []}, FR: {'PD_1,PD_2': inf, 'PD_1,PD_5': inf, 'PD_1,PD_6': inf, 'PD_2,PD_5': inf, 'PD_2,PD_6': inf, 'PD_5,PD_6': inf}
  Computing metrics...
    RSI: {'PD_1,PD_2': 0.3333333333333333, 'PD_1,PD_5': 0.0, 'PD_1,PD_6': 0.5, 'PD_2,PD_5': 0.0, 'PD_2,PD_6': 0.5, 'PD_5,PD_6': 0.0}, ASR: 1.25, TCB: {'PD_1': ['PD_2', 'PD_6'], 'PD_2': ['PD_1', 'PD_6'], 'PD_5': [], 'PD_6': ['PD_1', 'PD_2']}, FR: {'PD_1,PD_2': inf, 'PD_1,PD_5': inf, 'PD_1,PD_6': inf, 'PD_2,PD_5': inf, 'PD_2,PD_6': inf, 'PD_5,PD_6': inf}
  Computing metrics...
    RSI: {'PD_1,PD_2': 0.3333333333333333, 'PD_1,PD_5': 0.0, 'PD_1,PD_6': 0.0, 'PD_2,PD_5': 0.0, 'PD_2,PD_6': 0.0, 'PD_5,PD_6': 0.0}, ASR: 1.0, TCB: {'PD_1': ['PD_2'], 'PD_2': ['PD_1'], 'PD_5': [], 'PD_6': []}, FR: {'PD_1,PD_2': inf, 'PD_1,PD_5': inf, 'PD_1,PD_6': inf, 'PD_2,PD_5': inf, 'PD_2,PD_6': inf, 'PD_5,PD_6': inf}
  Computing metrics...
    RSI: {'PD_1,PD_2': 0.3333333333333333, 'PD_1,PD_5': 0.0, 'PD_1,PD_6': 0.0, 'PD_2,PD_5': 0.0, 'PD_2,PD_6': 0.0, 'PD_5,PD_6': 0.0}, ASR: 1.25, TCB: {'PD_1': ['PD_2'], 'PD_2': ['PD_1'], 'PD_5': [], 'PD_6': []}, FR: {'PD_1,PD_2': inf, 'PD_1,PD_5': inf, 'PD_1,PD_6': inf, 'PD_2,PD_5': inf, 'PD_2,PD_6': inf, 'PD_5,PD_6': inf}
  Computing metrics...
    RSI: {'PD_1,PD_2': 0.3333333333333333, 'PD_1,PD_5': 0.0, 'PD_1,PD_6': 0.0, 'PD_2,PD_5': 0.0, 'PD_2,PD_6': 0.0, 'PD_5,PD_6': 0.0}, ASR: 1.0, TCB: {'PD_1': ['PD_2'], 'PD_2': ['PD_1'], 'PD_5': [], 'PD_6': []}, FR: {'PD_1,PD_2': inf, 'PD_1,PD_5': inf, 'PD_1,PD_6': inf, 'PD_2,PD_5': inf, 'PD_2,PD_6': inf, 'PD_5,PD_6': inf}
  Computing metrics...
    RSI: {'PD_1,PD_2': 0.3333333333333333, 'PD_1,PD_5': 0.0, 'PD_1,PD_6': 0.0, 'PD_2,PD_5': 0.0, 'PD_2,PD_6': 0.0, 'PD_5,PD_6': 0.0}, ASR: 1.25, TCB: {'PD_1': ['PD_2'], 'PD_2': ['PD_1'], 'PD_5': [], 'PD_6': []}, FR: {'PD_1,PD_2': inf, 'PD_1,PD_5': inf, 'PD_1,PD_6': inf, 'PD_2,PD_5': inf, 'PD_2,PD_6': inf, 'PD_5,PD_6': inf}
  Computing metrics...
    RSI: {'PD_1,PD_2': 0.3333333333333333, 'PD_1,PD_5': 0.0, 'PD_1,PD_6': 0.0, 'PD_2,PD_5': 0.0, 'PD_2,PD_6': 0.0, 'PD_5,PD_6': 0.0}, ASR: 1.0, TCB: {'PD_1': ['PD_2'], 'PD_2': ['PD_1'], 'PD_5': [], 'PD_6': []}, FR: {'PD_1,PD_2': inf, 'PD_1,PD_5': inf, 'PD_1,PD_6': inf, 'PD_2,PD_5': inf, 'PD_2,PD_6': inf, 'PD_5,PD_6': inf}
  Computing metrics...
    RSI: {'PD_1,PD_2': 0.3333333333333333, 'PD_1,PD_5': 0.0, 'PD_1,PD_6': 0.0, 'PD_2,PD_5': 0.0, 'PD_2,PD_6': 0.0, 'PD_5,PD_6': 0.0}, ASR: 1.25, TCB: {'PD_1': ['PD_5', 'PD_2'], 'PD_2': ['PD_1'], 'PD_5': [], 'PD_6': []}, FR: {'PD_1,PD_2': inf, 'PD_1,PD_5': inf, 'PD_1,PD_6': inf, 'PD_2,PD_5': inf, 'PD_2,PD_6': inf, 'PD_5,PD_6': inf}
  Computing metrics...
    RSI: {'PD_1,PD_2': 0.3333333333333333, 'PD_1,PD_5': 0.0, 'PD_1,PD_6': 0.0, 'PD_2,PD_5': 0.0, 'PD_2,PD_6': 0.0, 'PD_5,PD_6': 0.0}, ASR: 1.0, TCB: {'PD_1': ['PD_2'], 'PD_2': ['PD_1'], 'PD_5': [], 'PD_6': []}, FR: {'PD_1,PD_2': inf, 'PD_1,PD_5': inf, 'PD_1,PD_6': inf, 'PD_2,PD_5': inf, 'PD_2,PD_6': inf, 'PD_5,PD_6': inf}
  Computing metrics...
    RSI: {'PD_1,PD_2': 0.3333333333333333, 'PD_1,PD_5': 0.0, 'PD_1,PD_6': 0.0, 'PD_2,PD_5': 0.0, 'PD_2,PD_6': 0.0, 'PD_5,PD_6': 0.0}, ASR: 1.25, TCB: {'PD_1': ['PD_6', 'PD_2'], 'PD_2': ['PD_1'], 'PD_5': [], 'PD_6': []}, FR: {'PD_1,PD_2': inf, 'PD_1,PD_5': inf, 'PD_1,PD_6': inf, 'PD_2,PD_5': inf, 'PD_2,PD_6': inf, 'PD_5,PD_6': inf}
  Computing metrics...
    RSI: {'PD_1,PD_2': 0.3333333333333333, 'PD_1,PD_5': 0.0, 'PD_1,PD_6': 0.0, 'PD_2,PD_5': 0.0, 'PD_2,PD_6': 0.0, 'PD_5,PD_6': 0.0}, ASR: 1.0, TCB: {'PD_1': ['PD_2'], 'PD_2': ['PD_1'], 'PD_5': [], 'PD_6': []}, FR: {'PD_1,PD_2': inf, 'PD_1,PD_5': inf, 'PD_1,PD_6': inf, 'PD_2,PD_5': inf, 'PD_2,PD_6': inf, 'PD_5,PD_6': inf}
  Computing metrics...
    RSI: {'PD_1,PD_2': 0.3333333333333333, 'PD_1,PD_5': 0.0, 'PD_1,PD_6': 0.0, 'PD_2,PD_5': 0.0, 'PD_2,PD_6': 0.0, 'PD_5,PD_6': 0.0}, ASR: 1.25, TCB: {'PD_1': ['PD_2'], 'PD_2': ['PD_1'], 'PD_5': [], 'PD_6': []}, FR: {'PD_1,PD_2': inf, 'PD_1,PD_5': inf, 'PD_1,PD_6': inf, 'PD_2,PD_5': inf, 'PD_2,PD_6': inf, 'PD_5,PD_6': inf}
  Computing metrics...
    RSI: {'PD_1,PD_2': 0.3333333333333333, 'PD_1,PD_5': 0.0, 'PD_1,PD_6': 0.0, 'PD_2,PD_5': 0.0, 'PD_2,PD_6': 0.0, 'PD_5,PD_6': 0.0}, ASR: 1.0, TCB: {'PD_1': ['PD_2'], 'PD_2': ['PD_1'], 'PD_5': [], 'PD_6': []}, FR: {'PD_1,PD_2': inf, 'PD_1,PD_5': inf, 'PD_1,PD_6': inf, 'PD_2,PD_5': inf, 'PD_2,PD_6': inf, 'PD_5,PD_6': inf}
  Computing metrics...
    RSI: {'PD_1,PD_2': 0.3333333333333333, 'PD_1,PD_5': 0.0, 'PD_1,PD_6': 0.0, 'PD_2,PD_5': 0.0, 'PD_2,PD_6': 0.0, 'PD_5,PD_6': 0.0}, ASR: 1.25, TCB: {'PD_1': ['PD_2'], 'PD_2': ['PD_5', 'PD_1'], 'PD_5': [], 'PD_6': []}, FR: {'PD_1,PD_2': inf, 'PD_1,PD_5': inf, 'PD_1,PD_6': inf, 'PD_2,PD_5': inf, 'PD_2,PD_6': inf, 'PD_5,PD_6': inf}
  Computing metrics...
    RSI: {'PD_1,PD_2': 0.3333333333333333, 'PD_1,PD_5': 0.0, 'PD_1,PD_6': 0.0, 'PD_2,PD_5': 0.0, 'PD_2,PD_6': 0.0, 'PD_5,PD_6': 0.0}, ASR: 1.0, TCB: {'PD_1': ['PD_2'], 'PD_2': ['PD_1'], 'PD_5': [], 'PD_6': []}, FR: {'PD_1,PD_2': inf, 'PD_1,PD_5': inf, 'PD_1,PD_6': inf, 'PD_2,PD_5': inf, 'PD_2,PD_6': inf, 'PD_5,PD_6': inf}
  Computing metrics...
    RSI: {'PD_1,PD_2': 0.3333333333333333, 'PD_1,PD_5': 0.0, 'PD_1,PD_6': 0.0, 'PD_2,PD_5': 0.0, 'PD_2,PD_6': 0.0, 'PD_5,PD_6': 0.0}, ASR: 1.25, TCB: {'PD_1': ['PD_2'], 'PD_2': ['PD_6', 'PD_1'], 'PD_5': [], 'PD_6': []}, FR: {'PD_1,PD_2': inf, 'PD_1,PD_5': inf, 'PD_1,PD_6': inf, 'PD_2,PD_5': inf, 'PD_2,PD_6': inf, 'PD_5,PD_6': inf}
  Computing metrics...
    RSI: {'PD_1,PD_2': 0.3333333333333333, 'PD_1,PD_5': 0.0, 'PD_1,PD_6': 0.0, 'PD_2,PD_5': 0.0, 'PD_2,PD_6': 0.0, 'PD_5,PD_6': 0.0}, ASR: 1.0, TCB: {'PD_1': ['PD_2'], 'PD_2': ['PD_1'], 'PD_5': [], 'PD_6': []}, FR: {'PD_1,PD_2': inf, 'PD_1,PD_5': inf, 'PD_1,PD_6': inf, 'PD_2,PD_5': inf, 'PD_2,PD_6': inf, 'PD_5,PD_6': inf}
  Computing metrics...
    RSI: {'PD_1,PD_2': 0.3333333333333333, 'PD_1,PD_5': 0.0, 'PD_1,PD_6': 0.0, 'PD_2,PD_5': 0.0, 'PD_2,PD_6': 0.0, 'PD_5,PD_6': 0.0}, ASR: 1.25, TCB: {'PD_1': ['PD_2'], 'PD_2': ['PD_1'], 'PD_5': ['PD_1'], 'PD_6': []}, FR: {'PD_1,PD_2': inf, 'PD_1,PD_5': inf, 'PD_1,PD_6': inf, 'PD_2,PD_5': inf, 'PD_2,PD_6': inf, 'PD_5,PD_6': inf}
  Computing metrics...
    RSI: {'PD_1,PD_2': 0.3333333333333333, 'PD_1,PD_5': 0.0, 'PD_1,PD_6': 0.0, 'PD_2,PD_5': 0.0, 'PD_2,PD_6': 0.0, 'PD_5,PD_6': 0.0}, ASR: 1.0, TCB: {'PD_1': ['PD_2'], 'PD_2': ['PD_1'], 'PD_5': [], 'PD_6': []}, FR: {'PD_1,PD_2': inf, 'PD_1,PD_5': inf, 'PD_1,PD_6': inf, 'PD_2,PD_5': inf, 'PD_2,PD_6': inf, 'PD_5,PD_6': inf}
  Computing metrics...
    RSI: {'PD_1,PD_2': 0.3333333333333333, 'PD_1,PD_5': 0.0, 'PD_1,PD_6': 0.0, 'PD_2,PD_5': 0.0, 'PD_2,PD_6': 0.0, 'PD_5,PD_6': 0.0}, ASR: 1.25, TCB: {'PD_1': ['PD_2'], 'PD_2': ['PD_1'], 'PD_5': ['PD_2'], 'PD_6': []}, FR: {'PD_1,PD_2': inf, 'PD_1,PD_5': inf, 'PD_1,PD_6': inf, 'PD_2,PD_5': inf, 'PD_2,PD_6': inf, 'PD_5,PD_6': inf}
  Computing metrics...
    RSI: {'PD_1,PD_2': 0.3333333333333333, 'PD_1,PD_5': 0.0, 'PD_1,PD_6': 0.0, 'PD_2,PD_5': 0.0, 'PD_2,PD_6': 0.0, 'PD_5,PD_6': 0.0}, ASR: 1.0, TCB: {'PD_1': ['PD_2'], 'PD_2': ['PD_1'], 'PD_5': [], 'PD_6': []}, FR: {'PD_1,PD_2': inf, 'PD_1,PD_5': inf, 'PD_1,PD_6': inf, 'PD_2,PD_5': inf, 'PD_2,PD_6': inf, 'PD_5,PD_6': inf}
  Computing metrics...
    RSI: {'PD_1,PD_2': 0.3333333333333333, 'PD_1,PD_5': 0.0, 'PD_1,PD_6': 0.0, 'PD_2,PD_5': 0.0, 'PD_2,PD_6': 0.0, 'PD_5,PD_6': 0.0}, ASR: 1.25, TCB: {'PD_1': ['PD_2'], 'PD_2': ['PD_1'], 'PD_5': ['PD_6'], 'PD_6': []}, FR: {'PD_1,PD_2': inf, 'PD_1,PD_5': inf, 'PD_1,PD_6': inf, 'PD_2,PD_5': inf, 'PD_2,PD_6': inf, 'PD_5,PD_6': inf}
  Computing metrics...
    RSI: {'PD_1,PD_2': 0.3333333333333333, 'PD_1,PD_5': 0.0, 'PD_1,PD_6': 0.0, 'PD_2,PD_5': 0.0, 'PD_2,PD_6': 0.0, 'PD_5,PD_6': 0.0}, ASR: 1.0, TCB: {'PD_1': ['PD_2'], 'PD_2': ['PD_1'], 'PD_5': [], 'PD_6': []}, FR: {'PD_1,PD_2': inf, 'PD_1,PD_5': inf, 'PD_1,PD_6': inf, 'PD_2,PD_5': inf, 'PD_2,PD_6': inf, 'PD_5,PD_6': inf}
  Computing metrics...
    RSI: {'PD_1,PD_2': 0.3333333333333333, 'PD_1,PD_5': 0.0, 'PD_1,PD_6': 0.0, 'PD_2,PD_5': 0.0, 'PD_2,PD_6': 0.0, 'PD_5,PD_6': 0.0}, ASR: 1.25, TCB: {'PD_1': ['PD_2'], 'PD_2': ['PD_1'], 'PD_5': [], 'PD_6': ['PD_1']}, FR: {'PD_1,PD_2': inf, 'PD_1,PD_5': inf, 'PD_1,PD_6': inf, 'PD_2,PD_5': inf, 'PD_2,PD_6': inf, 'PD_5,PD_6': inf}
  Computing metrics...
    RSI: {'PD_1,PD_2': 0.3333333333333333, 'PD_1,PD_5': 0.0, 'PD_1,PD_6': 0.0, 'PD_2,PD_5': 0.0, 'PD_2,PD_6': 0.0, 'PD_5,PD_6': 0.0}, ASR: 1.0, TCB: {'PD_1': ['PD_2'], 'PD_2': ['PD_1'], 'PD_5': [], 'PD_6': []}, FR: {'PD_1,PD_2': inf, 'PD_1,PD_5': inf, 'PD_1,PD_6': inf, 'PD_2,PD_5': inf, 'PD_2,PD_6': inf, 'PD_5,PD_6': inf}
  Computing metrics...
    RSI: {'PD_1,PD_2': 0.3333333333333333, 'PD_1,PD_5': 0.0, 'PD_1,PD_6': 0.0, 'PD_2,PD_5': 0.0, 'PD_2,PD_6': 0.0, 'PD_5,PD_6': 0.0}, ASR: 1.25, TCB: {'PD_1': ['PD_2'], 'PD_2': ['PD_1'], 'PD_5': [], 'PD_6': ['PD_2']}, FR: {'PD_1,PD_2': inf, 'PD_1,PD_5': inf, 'PD_1,PD_6': inf, 'PD_2,PD_5': inf, 'PD_2,PD_6': inf, 'PD_5,PD_6': inf}
  Computing metrics...
    RSI: {'PD_1,PD_2': 0.3333333333333333, 'PD_1,PD_5': 0.0, 'PD_1,PD_6': 0.0, 'PD_2,PD_5': 0.0, 'PD_2,PD_6': 0.0, 'PD_5,PD_6': 0.0}, ASR: 1.0, TCB: {'PD_1': ['PD_2'], 'PD_2': ['PD_1'], 'PD_5': [], 'PD_6': []}, FR: {'PD_1,PD_2': inf, 'PD_1,PD_5': inf, 'PD_1,PD_6': inf, 'PD_2,PD_5': inf, 'PD_2,PD_6': inf, 'PD_5,PD_6': inf}
  Computing metrics...
    RSI: {'PD_1,PD_2': 0.3333333333333333, 'PD_1,PD_5': 0.0, 'PD_1,PD_6': 0.0, 'PD_2,PD_5': 0.0, 'PD_2,PD_6': 0.0, 'PD_5,PD_6': 0.0}, ASR: 1.25, TCB: {'PD_1': ['PD_2'], 'PD_2': ['PD_1'], 'PD_5': [], 'PD_6': ['PD_5']}, FR: {'PD_1,PD_2': inf, 'PD_1,PD_5': inf, 'PD_1,PD_6': inf, 'PD_2,PD_5': inf, 'PD_2,PD_6': inf, 'PD_5,PD_6': inf}
  Computing metrics...
    RSI: {'PD_1,PD_2': 0.3333333333333333, 'PD_1,PD_5': 0.0, 'PD_1,PD_6': 0.0, 'PD_2,PD_5': 0.0, 'PD_2,PD_6': 0.0, 'PD_5,PD_6': 0.0}, ASR: 1.0, TCB: {'PD_1': ['PD_2'], 'PD_2': ['PD_1'], 'PD_5': [], 'PD_6': []}, FR: {'PD_1,PD_2': inf, 'PD_1,PD_5': inf, 'PD_1,PD_6': inf, 'PD_2,PD_5': inf, 'PD_2,PD_6': inf, 'PD_5,PD_6': inf}
  Computing metrics...
    RSI: {'PD_1,PD_2': 0.3333333333333333, 'PD_1,PD_5': 0.0, 'PD_1,PD_6': 0.0, 'PD_2,PD_5': 0.0, 'PD_2,PD_6': 0.0, 'PD_5,PD_6': 0.0}, ASR: 1.0, TCB: {'PD_1': ['PD_2'], 'PD_2': ['PD_1'], 'PD_5': [], 'PD_6': []}, FR: {'PD_1,PD_2': inf, 'PD_1,PD_5': inf, 'PD_1,PD_6': inf, 'PD_2,PD_5': inf, 'PD_2,PD_6': inf, 'PD_5,PD_6': inf}
  Computing metrics...
    RSI: {'PD_1,PD_2': 0.3333333333333333, 'PD_1,PD_5': 0.0, 'PD_1,PD_6': 0.0, 'PD_2,PD_5': 0.0, 'PD_2,PD_6': 0.0, 'PD_5,PD_6': 0.0}, ASR: 1.0, TCB: {'PD_1': ['PD_2'], 'PD_2': ['PD_1'], 'PD_5': [], 'PD_6': []}, FR: {'PD_1,PD_2': inf, 'PD_1,PD_5': inf, 'PD_1,PD_6': inf, 'PD_2,PD_5': inf, 'PD_2,PD_6': inf, 'PD_5,PD_6': inf}
  Computing metrics...
    RSI: {'PD_1,PD_2': 0.3333333333333333, 'PD_1,PD_5': 0.0, 'PD_1,PD_6': 0.0, 'PD_2,PD_5': 0.0, 'PD_2,PD_6': 0.0, 'PD_5,PD_6': 0.0}, ASR: 1.0, TCB: {'PD_1': ['PD_2'], 'PD_2': ['PD_1'], 'PD_5': [], 'PD_6': []}, FR: {'PD_1,PD_2': inf, 'PD_1,PD_5': inf, 'PD_1,PD_6': inf, 'PD_2,PD_5': inf, 'PD_2,PD_6': inf, 'PD_5,PD_6': inf}
  Computing metrics...
    RSI: {'PD_1,PD_2': 0.3333333333333333, 'PD_1,PD_5': 0.0, 'PD_1,PD_6': 0.0, 'PD_2,PD_5': 0.0, 'PD_2,PD_6': 0.0, 'PD_5,PD_6': 0.0}, ASR: 1.0, TCB: {'PD_1': ['PD_2'], 'PD_2': ['PD_1'], 'PD_5': [], 'PD_6': []}, FR: {'PD_1,PD_2': inf, 'PD_1,PD_5': inf, 'PD_1,PD_6': inf, 'PD_2,PD_5': inf, 'PD_2,PD_6': inf, 'PD_5,PD_6': inf}
  Computing metrics...
    RSI: {'PD_1,PD_2': 0.3333333333333333, 'PD_1,PD_5': 0.0, 'PD_1,PD_6': 0.0, 'PD_2,PD_5': 0.0, 'PD_2,PD_6': 0.0, 'PD_5,PD_6': 0.0}, ASR: 1.0, TCB: {'PD_1': ['PD_2'], 'PD_2': ['PD_1'], 'PD_5': [], 'PD_6': []}, FR: {'PD_1,PD_2': inf, 'PD_1,PD_5': inf, 'PD_1,PD_6': inf, 'PD_2,PD_5': inf, 'PD_2,PD_6': inf, 'PD_5,PD_6': inf}
  Computing metrics...
    RSI: {'PD_1,PD_2': 0.3333333333333333, 'PD_1,PD_5': 0.0, 'PD_1,PD_6': 0.0, 'PD_2,PD_5': 0.0, 'PD_2,PD_6': 0.0, 'PD_5,PD_6': 0.0}, ASR: 1.0, TCB: {'PD_1': ['PD_2'], 'PD_2': ['PD_1'], 'PD_5': [], 'PD_6': []}, FR: {'PD_1,PD_2': inf, 'PD_1,PD_5': inf, 'PD_1,PD_6': inf, 'PD_2,PD_5': inf, 'PD_2,PD_6': inf, 'PD_5,PD_6': inf}
  Computing metrics...
    RSI: {'PD_1,PD_2': 0.3333333333333333, 'PD_1,PD_5': 0.0, 'PD_1,PD_6': 0.0, 'PD_2,PD_5': 0.0, 'PD_2,PD_6': 0.0, 'PD_5,PD_6': 0.0}, ASR: 1.0, TCB: {'PD_1': ['PD_2'], 'PD_2': ['PD_1'], 'PD_5': [], 'PD_6': []}, FR: {'PD_1,PD_2': inf, 'PD_1,PD_5': inf, 'PD_1,PD_6': inf, 'PD_2,PD_5': inf, 'PD_2,PD_6': inf, 'PD_5,PD_6': inf}
  🚫 Filtered out 0 'add_pd(add new protection domain for system expansion)' candidates (avoiding repetition)
  Trying best transition: primitive
    Target: add new protection domain for system expansion
    Predicted improvement: 0.100
    Considered 36 other option(s):
      1. primitive: remove empty PD_5 (improvement: 0.100)
      2. primitive: remove empty PD_6 (improvement: 0.100)
      3. primitive: create new CONFIG file in FILE_SPACE_1 (improvement: 0.100)
      4. primitive: create new DATABASE file in FILE_SPACE_1 (improvement: 0.100)
      5. primitive: create new TEMP file in FILE_SPACE_1 (improvement: 0.100)
      6. primitive: create new LOG file in FILE_SPACE_1 (improvement: 0.100)
      7. primitive: remove FILE_1_3 (holders: 2) (improvement: 0.100)
      8. primitive: remove FILE_1_4 (holders: 0) (improvement: 0.100)
      9. primitive: disconnect FILE_1_1 from FILE_SPACE_1 (improvement: 0.100)
      10. primitive: disconnect FILE_1_2 from FILE_SPACE_1 (improvement: 0.100)
      ... and 26 more
    ✅ Applied add_pd
  📋 Generated 37 candidate(s)
  Computing metrics...
    RSI: {'PD_1,PD_2': 0.3333333333333333, 'PD_1,PD_5': 0.0, 'PD_1,PD_6': 0.0, 'PD_1,PD_7': 0.0, 'PD_2,PD_5': 0.0, 'PD_2,PD_6': 0.0, 'PD_2,PD_7': 0.0, 'PD_5,PD_6': 0.0, 'PD_5,PD_7': 0.0, 'PD_6,PD_7': 0.0}, ASR: 0.8, TCB: {'PD_1': ['PD_2'], 'PD_2': ['PD_1'], 'PD_5': [], 'PD_6': [], 'PD_7': []}, FR: {'PD_1,PD_2': inf, 'PD_1,PD_5': inf, 'PD_1,PD_6': inf, 'PD_1,PD_7': inf, 'PD_2,PD_5': inf, 'PD_2,PD_6': inf, 'PD_2,PD_7': inf, 'PD_5,PD_6': inf, 'PD_5,PD_7': inf, 'PD_6,PD_7': inf}
    ✅ Added candidate: add_pd (score: 0.100)
  Computing metrics...
    RSI: {'PD_1,PD_2': 0.3333333333333333, 'PD_1,PD_6': 0.0, 'PD_2,PD_6': 0.0}, ASR: 1.3333333333333333, TCB: {'PD_1': ['PD_2'], 'PD_2': ['PD_1'], 'PD_6': []}, FR: {'PD_1,PD_2': inf, 'PD_1,PD_6': inf, 'PD_2,PD_6': inf}
    ✅ Added candidate: remove_pd (score: 0.100)

🌟 Expanding Beam[1] (score: 3.433)
  Computing metrics...
    RSI: {'PD_1,PD_2': 0.3333333333333333, 'PD_1,PD_5': 0.0, 'PD_1,PD_6': 0.0, 'PD_2,PD_5': 0.0, 'PD_2,PD_6': 0.0, 'PD_5,PD_6': 0.0}, ASR: 1.0, TCB: {'PD_1': ['PD_2'], 'PD_2': ['PD_1'], 'PD_5': [], 'PD_6': []}, FR: {'PD_1,PD_2': inf, 'PD_1,PD_5': inf, 'PD_1,PD_6': inf, 'PD_2,PD_5': inf, 'PD_2,PD_6': inf, 'PD_5,PD_6': inf}
    Goal not met: RSI[PD_1,PD_2]=0.333 > 0.3
  Computing metrics...
    RSI: {'PD_1,PD_2': 0.3333333333333333, 'PD_1,PD_5': 0.0, 'PD_1,PD_6': 0.0, 'PD_2,PD_5': 0.0, 'PD_2,PD_6': 0.0, 'PD_5,PD_6': 0.0}, ASR: 1.0, TCB: {'PD_1': ['PD_2'], 'PD_2': ['PD_1'], 'PD_5': [], 'PD_6': []}, FR: {'PD_1,PD_2': inf, 'PD_1,PD_5': inf, 'PD_1,PD_6': inf, 'PD_2,PD_5': inf, 'PD_2,PD_6': inf, 'PD_5,PD_6': inf}
  Computing metrics...
    RSI: {'PD_1,PD_2': 0.3333333333333333, 'PD_1,PD_5': 0.0, 'PD_1,PD_6': 0.0, 'PD_2,PD_5': 0.0, 'PD_2,PD_6': 0.0, 'PD_5,PD_6': 0.0}, ASR: 1.0, TCB: {'PD_1': ['PD_2'], 'PD_2': ['PD_1'], 'PD_5': [], 'PD_6': []}, FR: {'PD_1,PD_2': inf, 'PD_1,PD_5': inf, 'PD_1,PD_6': inf, 'PD_2,PD_5': inf, 'PD_2,PD_6': inf, 'PD_5,PD_6': inf}
  Computing metrics...
    RSI: {'PD_1,PD_2': 0.3333333333333333, 'PD_1,PD_5': 0.0, 'PD_1,PD_6': 0.0, 'PD_2,PD_5': 0.0, 'PD_2,PD_6': 0.0, 'PD_5,PD_6': 0.0}, ASR: 1.0, TCB: {'PD_1': ['PD_2'], 'PD_2': ['PD_1'], 'PD_5': [], 'PD_6': []}, FR: {'PD_1,PD_2': inf, 'PD_1,PD_5': inf, 'PD_1,PD_6': inf, 'PD_2,PD_5': inf, 'PD_2,PD_6': inf, 'PD_5,PD_6': inf}
  Computing metrics...
    RSI: {'PD_1,PD_2': 0.3333333333333333, 'PD_1,PD_5': 0.0, 'PD_1,PD_6': 0.0, 'PD_2,PD_5': 0.0, 'PD_2,PD_6': 0.0, 'PD_5,PD_6': 0.0}, ASR: 1.0, TCB: {'PD_1': ['PD_2'], 'PD_2': ['PD_1'], 'PD_5': [], 'PD_6': []}, FR: {'PD_1,PD_2': inf, 'PD_1,PD_5': inf, 'PD_1,PD_6': inf, 'PD_2,PD_5': inf, 'PD_2,PD_6': inf, 'PD_5,PD_6': inf}
  Computing metrics...
    RSI: {'PD_1,PD_2': 0.3333333333333333, 'PD_1,PD_5': 0.0, 'PD_1,PD_6': 0.0, 'PD_2,PD_5': 0.0, 'PD_2,PD_6': 0.0, 'PD_5,PD_6': 0.0}, ASR: 1.0, TCB: {'PD_1': ['PD_2'], 'PD_2': ['PD_1'], 'PD_5': [], 'PD_6': []}, FR: {'PD_1,PD_2': inf, 'PD_1,PD_5': inf, 'PD_1,PD_6': inf, 'PD_2,PD_5': inf, 'PD_2,PD_6': inf, 'PD_5,PD_6': inf}
  Computing metrics...
    RSI: {'PD_1,PD_2': 0.3333333333333333, 'PD_1,PD_5': 0.0, 'PD_1,PD_6': 0.0, 'PD_2,PD_5': 0.0, 'PD_2,PD_6': 0.0, 'PD_5,PD_6': 0.0}, ASR: 1.0, TCB: {'PD_1': ['PD_2'], 'PD_2': ['PD_1'], 'PD_5': [], 'PD_6': []}, FR: {'PD_1,PD_2': inf, 'PD_1,PD_5': inf, 'PD_1,PD_6': inf, 'PD_2,PD_5': inf, 'PD_2,PD_6': inf, 'PD_5,PD_6': inf}
  Computing metrics...
    RSI: {'PD_1,PD_2': 0.3333333333333333, 'PD_1,PD_5': 0.0, 'PD_1,PD_6': 0.0, 'PD_2,PD_5': 0.0, 'PD_2,PD_6': 0.0, 'PD_5,PD_6': 0.0}, ASR: 1.0, TCB: {'PD_1': ['PD_2'], 'PD_2': ['PD_1'], 'PD_5': [], 'PD_6': []}, FR: {'PD_1,PD_2': inf, 'PD_1,PD_5': inf, 'PD_1,PD_6': inf, 'PD_2,PD_5': inf, 'PD_2,PD_6': inf, 'PD_5,PD_6': inf}
  Computing metrics...
    RSI: {'PD_1,PD_2': 0.3333333333333333, 'PD_1,PD_5': 0.0, 'PD_1,PD_6': 0.0, 'PD_2,PD_5': 0.0, 'PD_2,PD_6': 0.0, 'PD_5,PD_6': 0.0}, ASR: 1.0, TCB: {'PD_1': ['PD_2'], 'PD_2': ['PD_1'], 'PD_5': [], 'PD_6': []}, FR: {'PD_1,PD_2': inf, 'PD_1,PD_5': inf, 'PD_1,PD_6': inf, 'PD_2,PD_5': inf, 'PD_2,PD_6': inf, 'PD_5,PD_6': inf}
  Computing metrics...
    RSI: {'PD_1,PD_2': 0.3333333333333333, 'PD_1,PD_5': 0.0, 'PD_1,PD_6': 0.0, 'PD_2,PD_5': 0.0, 'PD_2,PD_6': 0.0, 'PD_5,PD_6': 0.0}, ASR: 1.0, TCB: {'PD_1': ['PD_2'], 'PD_2': ['PD_1'], 'PD_5': [], 'PD_6': []}, FR: {'PD_1,PD_2': inf, 'PD_1,PD_5': inf, 'PD_1,PD_6': inf, 'PD_2,PD_5': inf, 'PD_2,PD_6': inf, 'PD_5,PD_6': inf}
  Computing metrics...
    RSI: {'PD_1,PD_2': 0.3333333333333333, 'PD_1,PD_5': 0.0, 'PD_1,PD_6': 0.0, 'PD_2,PD_5': 0.0, 'PD_2,PD_6': 0.0, 'PD_5,PD_6': 0.0}, ASR: 1.0, TCB: {'PD_1': ['PD_2'], 'PD_2': ['PD_1'], 'PD_5': [], 'PD_6': []}, FR: {'PD_1,PD_2': inf, 'PD_1,PD_5': inf, 'PD_1,PD_6': inf, 'PD_2,PD_5': inf, 'PD_2,PD_6': inf, 'PD_5,PD_6': inf}
  Computing metrics...
    RSI: {'PD_1,PD_2': 0.3333333333333333, 'PD_1,PD_5': 0.0, 'PD_1,PD_6': 0.0, 'PD_2,PD_5': 0.0, 'PD_2,PD_6': 0.0, 'PD_5,PD_6': 0.0}, ASR: 1.0, TCB: {'PD_1': ['PD_2'], 'PD_2': ['PD_1'], 'PD_5': [], 'PD_6': []}, FR: {'PD_1,PD_2': inf, 'PD_1,PD_5': inf, 'PD_1,PD_6': inf, 'PD_2,PD_5': inf, 'PD_2,PD_6': inf, 'PD_5,PD_6': inf}
  Computing metrics...
    RSI: {'PD_1,PD_2': 0.3333333333333333, 'PD_1,PD_5': 0.0, 'PD_1,PD_6': 0.0, 'PD_2,PD_5': 0.0, 'PD_2,PD_6': 0.0, 'PD_5,PD_6': 0.0}, ASR: 1.0, TCB: {'PD_1': ['PD_2'], 'PD_2': ['PD_1'], 'PD_5': [], 'PD_6': []}, FR: {'PD_1,PD_2': inf, 'PD_1,PD_5': inf, 'PD_1,PD_6': inf, 'PD_2,PD_5': inf, 'PD_2,PD_6': inf, 'PD_5,PD_6': inf}
  Computing metrics...
    RSI: {'PD_1,PD_2': 0.3333333333333333, 'PD_1,PD_5': 0.0, 'PD_1,PD_6': 0.0, 'PD_2,PD_5': 0.0, 'PD_2,PD_6': 0.0, 'PD_5,PD_6': 0.0}, ASR: 1.0, TCB: {'PD_1': ['PD_2'], 'PD_2': ['PD_1'], 'PD_5': [], 'PD_6': []}, FR: {'PD_1,PD_2': inf, 'PD_1,PD_5': inf, 'PD_1,PD_6': inf, 'PD_2,PD_5': inf, 'PD_2,PD_6': inf, 'PD_5,PD_6': inf}
  Computing metrics...
    RSI: {'PD_1,PD_2': 0.3333333333333333, 'PD_1,PD_5': 0.0, 'PD_1,PD_6': 0.0, 'PD_2,PD_5': 0.0, 'PD_2,PD_6': 0.0, 'PD_5,PD_6': 0.0}, ASR: 1.0, TCB: {'PD_1': ['PD_2'], 'PD_2': ['PD_1'], 'PD_5': [], 'PD_6': []}, FR: {'PD_1,PD_2': inf, 'PD_1,PD_5': inf, 'PD_1,PD_6': inf, 'PD_2,PD_5': inf, 'PD_2,PD_6': inf, 'PD_5,PD_6': inf}
  Computing metrics...
    RSI: {'PD_1,PD_2': 0.3333333333333333, 'PD_1,PD_5': 0.0, 'PD_1,PD_6': 0.0, 'PD_2,PD_5': 0.0, 'PD_2,PD_6': 0.0, 'PD_5,PD_6': 0.0}, ASR: 1.0, TCB: {'PD_1': ['PD_2'], 'PD_2': ['PD_1'], 'PD_5': [], 'PD_6': []}, FR: {'PD_1,PD_2': inf, 'PD_1,PD_5': inf, 'PD_1,PD_6': inf, 'PD_2,PD_5': inf, 'PD_2,PD_6': inf, 'PD_5,PD_6': inf}
  Computing metrics...
    RSI: {'PD_1,PD_2': 0.3333333333333333, 'PD_1,PD_5': 0.0, 'PD_1,PD_6': 0.0, 'PD_2,PD_5': 0.0, 'PD_2,PD_6': 0.0, 'PD_5,PD_6': 0.0}, ASR: 1.0, TCB: {'PD_1': ['PD_2'], 'PD_2': ['PD_1'], 'PD_5': [], 'PD_6': []}, FR: {'PD_1,PD_2': inf, 'PD_1,PD_5': inf, 'PD_1,PD_6': inf, 'PD_2,PD_5': inf, 'PD_2,PD_6': inf, 'PD_5,PD_6': inf}
  Computing metrics...
    RSI: {'PD_1,PD_2': 0.3333333333333333, 'PD_1,PD_5': 0.0, 'PD_1,PD_6': 0.0, 'PD_2,PD_5': 0.0, 'PD_2,PD_6': 0.0, 'PD_5,PD_6': 0.0}, ASR: 1.0, TCB: {'PD_1': ['PD_2'], 'PD_2': ['PD_1'], 'PD_5': [], 'PD_6': []}, FR: {'PD_1,PD_2': inf, 'PD_1,PD_5': inf, 'PD_1,PD_6': inf, 'PD_2,PD_5': inf, 'PD_2,PD_6': inf, 'PD_5,PD_6': inf}
  Computing metrics...
    RSI: {'PD_1,PD_2': 0.3333333333333333, 'PD_1,PD_5': 0.0, 'PD_1,PD_6': 0.0, 'PD_2,PD_5': 0.0, 'PD_2,PD_6': 0.0, 'PD_5,PD_6': 0.0}, ASR: 1.0, TCB: {'PD_1': ['PD_2'], 'PD_2': ['PD_1'], 'PD_5': [], 'PD_6': []}, FR: {'PD_1,PD_2': inf, 'PD_1,PD_5': inf, 'PD_1,PD_6': inf, 'PD_2,PD_5': inf, 'PD_2,PD_6': inf, 'PD_5,PD_6': inf}
  Computing metrics...
    RSI: {'PD_1,PD_2': 0.3333333333333333, 'PD_1,PD_5': 0.0, 'PD_1,PD_6': 0.0, 'PD_2,PD_5': 0.0, 'PD_2,PD_6': 0.0, 'PD_5,PD_6': 0.0}, ASR: 1.0, TCB: {'PD_1': ['PD_2'], 'PD_2': ['PD_1'], 'PD_5': [], 'PD_6': []}, FR: {'PD_1,PD_2': inf, 'PD_1,PD_5': inf, 'PD_1,PD_6': inf, 'PD_2,PD_5': inf, 'PD_2,PD_6': inf, 'PD_5,PD_6': inf}
  Computing metrics...
    RSI: {'PD_1,PD_2': 0.6666666666666666, 'PD_1,PD_5': 0.0, 'PD_1,PD_6': 0.0, 'PD_2,PD_5': 0.0, 'PD_2,PD_6': 0.0, 'PD_5,PD_6': 0.0}, ASR: 1.25, TCB: {'PD_1': ['PD_2'], 'PD_2': ['PD_1'], 'PD_5': [], 'PD_6': []}, FR: {'PD_1,PD_2': inf, 'PD_1,PD_5': inf, 'PD_1,PD_6': inf, 'PD_2,PD_5': inf, 'PD_2,PD_6': inf, 'PD_5,PD_6': inf}
  Computing metrics...
    RSI: {'PD_1,PD_2': 0.3333333333333333, 'PD_1,PD_5': 0.0, 'PD_1,PD_6': 0.0, 'PD_2,PD_5': 0.0, 'PD_2,PD_6': 0.0, 'PD_5,PD_6': 0.0}, ASR: 1.0, TCB: {'PD_1': ['PD_2'], 'PD_2': ['PD_1'], 'PD_5': [], 'PD_6': []}, FR: {'PD_1,PD_2': inf, 'PD_1,PD_5': inf, 'PD_1,PD_6': inf, 'PD_2,PD_5': inf, 'PD_2,PD_6': inf, 'PD_5,PD_6': inf}
  Computing metrics...
    RSI: {'PD_1,PD_2': 0.25, 'PD_1,PD_5': 0.0, 'PD_1,PD_6': 0.0, 'PD_2,PD_5': 0.0, 'PD_2,PD_6': 0.0, 'PD_5,PD_6': 0.0}, ASR: 1.25, TCB: {'PD_1': ['PD_2'], 'PD_2': ['PD_1'], 'PD_5': [], 'PD_6': []}, FR: {'PD_1,PD_2': inf, 'PD_1,PD_5': inf, 'PD_1,PD_6': inf, 'PD_2,PD_5': inf, 'PD_2,PD_6': inf, 'PD_5,PD_6': inf}
  Computing metrics...
    RSI: {'PD_1,PD_2': 0.3333333333333333, 'PD_1,PD_5': 0.0, 'PD_1,PD_6': 0.0, 'PD_2,PD_5': 0.0, 'PD_2,PD_6': 0.0, 'PD_5,PD_6': 0.0}, ASR: 1.0, TCB: {'PD_1': ['PD_2'], 'PD_2': ['PD_1'], 'PD_5': [], 'PD_6': []}, FR: {'PD_1,PD_2': inf, 'PD_1,PD_5': inf, 'PD_1,PD_6': inf, 'PD_2,PD_5': inf, 'PD_2,PD_6': inf, 'PD_5,PD_6': inf}
  Computing metrics...
    RSI: {'PD_1,PD_2': 0.6666666666666666, 'PD_1,PD_5': 0.0, 'PD_1,PD_6': 0.0, 'PD_2,PD_5': 0.0, 'PD_2,PD_6': 0.0, 'PD_5,PD_6': 0.0}, ASR: 1.25, TCB: {'PD_1': ['PD_2'], 'PD_2': ['PD_1'], 'PD_5': [], 'PD_6': []}, FR: {'PD_1,PD_2': inf, 'PD_1,PD_5': inf, 'PD_1,PD_6': inf, 'PD_2,PD_5': inf, 'PD_2,PD_6': inf, 'PD_5,PD_6': inf}
  Computing metrics...
    RSI: {'PD_1,PD_2': 0.3333333333333333, 'PD_1,PD_5': 0.0, 'PD_1,PD_6': 0.0, 'PD_2,PD_5': 0.0, 'PD_2,PD_6': 0.0, 'PD_5,PD_6': 0.0}, ASR: 1.0, TCB: {'PD_1': ['PD_2'], 'PD_2': ['PD_1'], 'PD_5': [], 'PD_6': []}, FR: {'PD_1,PD_2': inf, 'PD_1,PD_5': inf, 'PD_1,PD_6': inf, 'PD_2,PD_5': inf, 'PD_2,PD_6': inf, 'PD_5,PD_6': inf}
  Computing metrics...
    RSI: {'PD_1,PD_2': 0.25, 'PD_1,PD_5': 0.0, 'PD_1,PD_6': 0.0, 'PD_2,PD_5': 0.0, 'PD_2,PD_6': 0.0, 'PD_5,PD_6': 0.0}, ASR: 1.25, TCB: {'PD_1': ['PD_2'], 'PD_2': ['PD_1'], 'PD_5': [], 'PD_6': []}, FR: {'PD_1,PD_2': inf, 'PD_1,PD_5': inf, 'PD_1,PD_6': inf, 'PD_2,PD_5': inf, 'PD_2,PD_6': inf, 'PD_5,PD_6': inf}
  Computing metrics...
    RSI: {'PD_1,PD_2': 0.3333333333333333, 'PD_1,PD_5': 0.0, 'PD_1,PD_6': 0.0, 'PD_2,PD_5': 0.0, 'PD_2,PD_6': 0.0, 'PD_5,PD_6': 0.0}, ASR: 1.0, TCB: {'PD_1': ['PD_2'], 'PD_2': ['PD_1'], 'PD_5': [], 'PD_6': []}, FR: {'PD_1,PD_2': inf, 'PD_1,PD_5': inf, 'PD_1,PD_6': inf, 'PD_2,PD_5': inf, 'PD_2,PD_6': inf, 'PD_5,PD_6': inf}
  Computing metrics...
    RSI: {'PD_1,PD_2': 0.3333333333333333, 'PD_1,PD_5': 0.5, 'PD_1,PD_6': 0.0, 'PD_2,PD_5': 0.0, 'PD_2,PD_6': 0.0, 'PD_5,PD_6': 0.0}, ASR: 1.25, TCB: {'PD_1': ['PD_5', 'PD_2'], 'PD_2': ['PD_1'], 'PD_5': ['PD_1'], 'PD_6': []}, FR: {'PD_1,PD_2': inf, 'PD_1,PD_5': inf, 'PD_1,PD_6': inf, 'PD_2,PD_5': inf, 'PD_2,PD_6': inf, 'PD_5,PD_6': inf}
  Computing metrics...
    RSI: {'PD_1,PD_2': 0.3333333333333333, 'PD_1,PD_5': 0.0, 'PD_1,PD_6': 0.0, 'PD_2,PD_5': 0.0, 'PD_2,PD_6': 0.0, 'PD_5,PD_6': 0.0}, ASR: 1.0, TCB: {'PD_1': ['PD_2'], 'PD_2': ['PD_1'], 'PD_5': [], 'PD_6': []}, FR: {'PD_1,PD_2': inf, 'PD_1,PD_5': inf, 'PD_1,PD_6': inf, 'PD_2,PD_5': inf, 'PD_2,PD_6': inf, 'PD_5,PD_6': inf}
  Computing metrics...
    RSI: {'PD_1,PD_2': 0.3333333333333333, 'PD_1,PD_5': 0.0, 'PD_1,PD_6': 0.0, 'PD_2,PD_5': 0.5, 'PD_2,PD_6': 0.0, 'PD_5,PD_6': 0.0}, ASR: 1.25, TCB: {'PD_1': ['PD_2'], 'PD_2': ['PD_1', 'PD_5'], 'PD_5': ['PD_2'], 'PD_6': []}, FR: {'PD_1,PD_2': inf, 'PD_1,PD_5': inf, 'PD_1,PD_6': inf, 'PD_2,PD_5': inf, 'PD_2,PD_6': inf, 'PD_5,PD_6': inf}
  Computing metrics...
    RSI: {'PD_1,PD_2': 0.3333333333333333, 'PD_1,PD_5': 0.0, 'PD_1,PD_6': 0.0, 'PD_2,PD_5': 0.0, 'PD_2,PD_6': 0.0, 'PD_5,PD_6': 0.0}, ASR: 1.0, TCB: {'PD_1': ['PD_2'], 'PD_2': ['PD_1'], 'PD_5': [], 'PD_6': []}, FR: {'PD_1,PD_2': inf, 'PD_1,PD_5': inf, 'PD_1,PD_6': inf, 'PD_2,PD_5': inf, 'PD_2,PD_6': inf, 'PD_5,PD_6': inf}
  Computing metrics...
    RSI: {'PD_1,PD_2': 0.3333333333333333, 'PD_1,PD_5': 0.5, 'PD_1,PD_6': 0.0, 'PD_2,PD_5': 0.5, 'PD_2,PD_6': 0.0, 'PD_5,PD_6': 0.0}, ASR: 1.25, TCB: {'PD_1': ['PD_2', 'PD_5'], 'PD_2': ['PD_1', 'PD_5'], 'PD_5': ['PD_1', 'PD_2'], 'PD_6': []}, FR: {'PD_1,PD_2': inf, 'PD_1,PD_5': inf, 'PD_1,PD_6': inf, 'PD_2,PD_5': inf, 'PD_2,PD_6': inf, 'PD_5,PD_6': inf}
  Computing metrics...
    RSI: {'PD_1,PD_2': 0.3333333333333333, 'PD_1,PD_5': 0.0, 'PD_1,PD_6': 0.0, 'PD_2,PD_5': 0.0, 'PD_2,PD_6': 0.0, 'PD_5,PD_6': 0.0}, ASR: 1.0, TCB: {'PD_1': ['PD_2'], 'PD_2': ['PD_1'], 'PD_5': [], 'PD_6': []}, FR: {'PD_1,PD_2': inf, 'PD_1,PD_5': inf, 'PD_1,PD_6': inf, 'PD_2,PD_5': inf, 'PD_2,PD_6': inf, 'PD_5,PD_6': inf}
  Computing metrics...
    RSI: {'PD_1,PD_2': 0.3333333333333333, 'PD_1,PD_5': 0.0, 'PD_1,PD_6': 0.0, 'PD_2,PD_5': 0.0, 'PD_2,PD_6': 0.0, 'PD_5,PD_6': 0.0}, ASR: 1.25, TCB: {'PD_1': ['PD_2'], 'PD_2': ['PD_1'], 'PD_5': [], 'PD_6': []}, FR: {'PD_1,PD_2': inf, 'PD_1,PD_5': inf, 'PD_1,PD_6': inf, 'PD_2,PD_5': inf, 'PD_2,PD_6': inf, 'PD_5,PD_6': inf}
  Computing metrics...
    RSI: {'PD_1,PD_2': 0.3333333333333333, 'PD_1,PD_5': 0.0, 'PD_1,PD_6': 0.0, 'PD_2,PD_5': 0.0, 'PD_2,PD_6': 0.0, 'PD_5,PD_6': 0.0}, ASR: 1.0, TCB: {'PD_1': ['PD_2'], 'PD_2': ['PD_1'], 'PD_5': [], 'PD_6': []}, FR: {'PD_1,PD_2': inf, 'PD_1,PD_5': inf, 'PD_1,PD_6': inf, 'PD_2,PD_5': inf, 'PD_2,PD_6': inf, 'PD_5,PD_6': inf}
  Computing metrics...
    RSI: {'PD_1,PD_2': 0.3333333333333333, 'PD_1,PD_5': 0.0, 'PD_1,PD_6': 0.5, 'PD_2,PD_5': 0.0, 'PD_2,PD_6': 0.0, 'PD_5,PD_6': 0.0}, ASR: 1.25, TCB: {'PD_1': ['PD_6', 'PD_2'], 'PD_2': ['PD_1'], 'PD_5': [], 'PD_6': ['PD_1']}, FR: {'PD_1,PD_2': inf, 'PD_1,PD_5': inf, 'PD_1,PD_6': inf, 'PD_2,PD_5': inf, 'PD_2,PD_6': inf, 'PD_5,PD_6': inf}
  Computing metrics...
    RSI: {'PD_1,PD_2': 0.3333333333333333, 'PD_1,PD_5': 0.0, 'PD_1,PD_6': 0.0, 'PD_2,PD_5': 0.0, 'PD_2,PD_6': 0.0, 'PD_5,PD_6': 0.0}, ASR: 1.0, TCB: {'PD_1': ['PD_2'], 'PD_2': ['PD_1'], 'PD_5': [], 'PD_6': []}, FR: {'PD_1,PD_2': inf, 'PD_1,PD_5': inf, 'PD_1,PD_6': inf, 'PD_2,PD_5': inf, 'PD_2,PD_6': inf, 'PD_5,PD_6': inf}
  Computing metrics...
    RSI: {'PD_1,PD_2': 0.3333333333333333, 'PD_1,PD_5': 0.0, 'PD_1,PD_6': 0.0, 'PD_2,PD_5': 0.0, 'PD_2,PD_6': 0.5, 'PD_5,PD_6': 0.0}, ASR: 1.25, TCB: {'PD_1': ['PD_2'], 'PD_2': ['PD_1', 'PD_6'], 'PD_5': [], 'PD_6': ['PD_2']}, FR: {'PD_1,PD_2': inf, 'PD_1,PD_5': inf, 'PD_1,PD_6': inf, 'PD_2,PD_5': inf, 'PD_2,PD_6': inf, 'PD_5,PD_6': inf}
  Computing metrics...
    RSI: {'PD_1,PD_2': 0.3333333333333333, 'PD_1,PD_5': 0.0, 'PD_1,PD_6': 0.0, 'PD_2,PD_5': 0.0, 'PD_2,PD_6': 0.0, 'PD_5,PD_6': 0.0}, ASR: 1.0, TCB: {'PD_1': ['PD_2'], 'PD_2': ['PD_1'], 'PD_5': [], 'PD_6': []}, FR: {'PD_1,PD_2': inf, 'PD_1,PD_5': inf, 'PD_1,PD_6': inf, 'PD_2,PD_5': inf, 'PD_2,PD_6': inf, 'PD_5,PD_6': inf}
  Computing metrics...
    RSI: {'PD_1,PD_2': 0.3333333333333333, 'PD_1,PD_5': 0.0, 'PD_1,PD_6': 0.5, 'PD_2,PD_5': 0.0, 'PD_2,PD_6': 0.5, 'PD_5,PD_6': 0.0}, ASR: 1.25, TCB: {'PD_1': ['PD_2', 'PD_6'], 'PD_2': ['PD_1', 'PD_6'], 'PD_5': [], 'PD_6': ['PD_1', 'PD_2']}, FR: {'PD_1,PD_2': inf, 'PD_1,PD_5': inf, 'PD_1,PD_6': inf, 'PD_2,PD_5': inf, 'PD_2,PD_6': inf, 'PD_5,PD_6': inf}
  Computing metrics...
    RSI: {'PD_1,PD_2': 0.3333333333333333, 'PD_1,PD_5': 0.0, 'PD_1,PD_6': 0.0, 'PD_2,PD_5': 0.0, 'PD_2,PD_6': 0.0, 'PD_5,PD_6': 0.0}, ASR: 1.0, TCB: {'PD_1': ['PD_2'], 'PD_2': ['PD_1'], 'PD_5': [], 'PD_6': []}, FR: {'PD_1,PD_2': inf, 'PD_1,PD_5': inf, 'PD_1,PD_6': inf, 'PD_2,PD_5': inf, 'PD_2,PD_6': inf, 'PD_5,PD_6': inf}
  Computing metrics...
    RSI: {'PD_1,PD_2': 0.3333333333333333, 'PD_1,PD_5': 0.0, 'PD_1,PD_6': 0.0, 'PD_2,PD_5': 0.0, 'PD_2,PD_6': 0.0, 'PD_5,PD_6': 0.0}, ASR: 1.25, TCB: {'PD_1': ['PD_2'], 'PD_2': ['PD_1'], 'PD_5': [], 'PD_6': []}, FR: {'PD_1,PD_2': inf, 'PD_1,PD_5': inf, 'PD_1,PD_6': inf, 'PD_2,PD_5': inf, 'PD_2,PD_6': inf, 'PD_5,PD_6': inf}
  Computing metrics...
    RSI: {'PD_1,PD_2': 0.3333333333333333, 'PD_1,PD_5': 0.0, 'PD_1,PD_6': 0.0, 'PD_2,PD_5': 0.0, 'PD_2,PD_6': 0.0, 'PD_5,PD_6': 0.0}, ASR: 1.0, TCB: {'PD_1': ['PD_2'], 'PD_2': ['PD_1'], 'PD_5': [], 'PD_6': []}, FR: {'PD_1,PD_2': inf, 'PD_1,PD_5': inf, 'PD_1,PD_6': inf, 'PD_2,PD_5': inf, 'PD_2,PD_6': inf, 'PD_5,PD_6': inf}
  Computing metrics...
    RSI: {'PD_1,PD_2': 0.3333333333333333, 'PD_1,PD_5': 0.0, 'PD_1,PD_6': 0.0, 'PD_2,PD_5': 0.0, 'PD_2,PD_6': 0.0, 'PD_5,PD_6': 0.0}, ASR: 1.25, TCB: {'PD_1': ['PD_2'], 'PD_2': ['PD_1'], 'PD_5': [], 'PD_6': []}, FR: {'PD_1,PD_2': inf, 'PD_1,PD_5': inf, 'PD_1,PD_6': inf, 'PD_2,PD_5': inf, 'PD_2,PD_6': inf, 'PD_5,PD_6': inf}
  Computing metrics...
    RSI: {'PD_1,PD_2': 0.3333333333333333, 'PD_1,PD_5': 0.0, 'PD_1,PD_6': 0.0, 'PD_2,PD_5': 0.0, 'PD_2,PD_6': 0.0, 'PD_5,PD_6': 0.0}, ASR: 1.0, TCB: {'PD_1': ['PD_2'], 'PD_2': ['PD_1'], 'PD_5': [], 'PD_6': []}, FR: {'PD_1,PD_2': inf, 'PD_1,PD_5': inf, 'PD_1,PD_6': inf, 'PD_2,PD_5': inf, 'PD_2,PD_6': inf, 'PD_5,PD_6': inf}
  Computing metrics...
    RSI: {'PD_1,PD_2': 0.3333333333333333, 'PD_1,PD_5': 0.0, 'PD_1,PD_6': 0.0, 'PD_2,PD_5': 0.0, 'PD_2,PD_6': 0.0, 'PD_5,PD_6': 0.0}, ASR: 1.25, TCB: {'PD_1': ['PD_5', 'PD_2'], 'PD_2': ['PD_1'], 'PD_5': [], 'PD_6': []}, FR: {'PD_1,PD_2': inf, 'PD_1,PD_5': inf, 'PD_1,PD_6': inf, 'PD_2,PD_5': inf, 'PD_2,PD_6': inf, 'PD_5,PD_6': inf}
  Computing metrics...
    RSI: {'PD_1,PD_2': 0.3333333333333333, 'PD_1,PD_5': 0.0, 'PD_1,PD_6': 0.0, 'PD_2,PD_5': 0.0, 'PD_2,PD_6': 0.0, 'PD_5,PD_6': 0.0}, ASR: 1.0, TCB: {'PD_1': ['PD_2'], 'PD_2': ['PD_1'], 'PD_5': [], 'PD_6': []}, FR: {'PD_1,PD_2': inf, 'PD_1,PD_5': inf, 'PD_1,PD_6': inf, 'PD_2,PD_5': inf, 'PD_2,PD_6': inf, 'PD_5,PD_6': inf}
  Computing metrics...
    RSI: {'PD_1,PD_2': 0.3333333333333333, 'PD_1,PD_5': 0.0, 'PD_1,PD_6': 0.0, 'PD_2,PD_5': 0.0, 'PD_2,PD_6': 0.0, 'PD_5,PD_6': 0.0}, ASR: 1.25, TCB: {'PD_1': ['PD_6', 'PD_2'], 'PD_2': ['PD_1'], 'PD_5': [], 'PD_6': []}, FR: {'PD_1,PD_2': inf, 'PD_1,PD_5': inf, 'PD_1,PD_6': inf, 'PD_2,PD_5': inf, 'PD_2,PD_6': inf, 'PD_5,PD_6': inf}
  Computing metrics...
    RSI: {'PD_1,PD_2': 0.3333333333333333, 'PD_1,PD_5': 0.0, 'PD_1,PD_6': 0.0, 'PD_2,PD_5': 0.0, 'PD_2,PD_6': 0.0, 'PD_5,PD_6': 0.0}, ASR: 1.0, TCB: {'PD_1': ['PD_2'], 'PD_2': ['PD_1'], 'PD_5': [], 'PD_6': []}, FR: {'PD_1,PD_2': inf, 'PD_1,PD_5': inf, 'PD_1,PD_6': inf, 'PD_2,PD_5': inf, 'PD_2,PD_6': inf, 'PD_5,PD_6': inf}
  Computing metrics...
    RSI: {'PD_1,PD_2': 0.3333333333333333, 'PD_1,PD_5': 0.0, 'PD_1,PD_6': 0.0, 'PD_2,PD_5': 0.0, 'PD_2,PD_6': 0.0, 'PD_5,PD_6': 0.0}, ASR: 1.25, TCB: {'PD_1': ['PD_2'], 'PD_2': ['PD_1'], 'PD_5': [], 'PD_6': []}, FR: {'PD_1,PD_2': inf, 'PD_1,PD_5': inf, 'PD_1,PD_6': inf, 'PD_2,PD_5': inf, 'PD_2,PD_6': inf, 'PD_5,PD_6': inf}
  Computing metrics...
    RSI: {'PD_1,PD_2': 0.3333333333333333, 'PD_1,PD_5': 0.0, 'PD_1,PD_6': 0.0, 'PD_2,PD_5': 0.0, 'PD_2,PD_6': 0.0, 'PD_5,PD_6': 0.0}, ASR: 1.0, TCB: {'PD_1': ['PD_2'], 'PD_2': ['PD_1'], 'PD_5': [], 'PD_6': []}, FR: {'PD_1,PD_2': inf, 'PD_1,PD_5': inf, 'PD_1,PD_6': inf, 'PD_2,PD_5': inf, 'PD_2,PD_6': inf, 'PD_5,PD_6': inf}
  Computing metrics...
    RSI: {'PD_1,PD_2': 0.3333333333333333, 'PD_1,PD_5': 0.0, 'PD_1,PD_6': 0.0, 'PD_2,PD_5': 0.0, 'PD_2,PD_6': 0.0, 'PD_5,PD_6': 0.0}, ASR: 1.25, TCB: {'PD_1': ['PD_2'], 'PD_2': ['PD_5', 'PD_1'], 'PD_5': [], 'PD_6': []}, FR: {'PD_1,PD_2': inf, 'PD_1,PD_5': inf, 'PD_1,PD_6': inf, 'PD_2,PD_5': inf, 'PD_2,PD_6': inf, 'PD_5,PD_6': inf}
  Computing metrics...
    RSI: {'PD_1,PD_2': 0.3333333333333333, 'PD_1,PD_5': 0.0, 'PD_1,PD_6': 0.0, 'PD_2,PD_5': 0.0, 'PD_2,PD_6': 0.0, 'PD_5,PD_6': 0.0}, ASR: 1.0, TCB: {'PD_1': ['PD_2'], 'PD_2': ['PD_1'], 'PD_5': [], 'PD_6': []}, FR: {'PD_1,PD_2': inf, 'PD_1,PD_5': inf, 'PD_1,PD_6': inf, 'PD_2,PD_5': inf, 'PD_2,PD_6': inf, 'PD_5,PD_6': inf}
  Computing metrics...
    RSI: {'PD_1,PD_2': 0.3333333333333333, 'PD_1,PD_5': 0.0, 'PD_1,PD_6': 0.0, 'PD_2,PD_5': 0.0, 'PD_2,PD_6': 0.0, 'PD_5,PD_6': 0.0}, ASR: 1.25, TCB: {'PD_1': ['PD_2'], 'PD_2': ['PD_6', 'PD_1'], 'PD_5': [], 'PD_6': []}, FR: {'PD_1,PD_2': inf, 'PD_1,PD_5': inf, 'PD_1,PD_6': inf, 'PD_2,PD_5': inf, 'PD_2,PD_6': inf, 'PD_5,PD_6': inf}
  Computing metrics...
    RSI: {'PD_1,PD_2': 0.3333333333333333, 'PD_1,PD_5': 0.0, 'PD_1,PD_6': 0.0, 'PD_2,PD_5': 0.0, 'PD_2,PD_6': 0.0, 'PD_5,PD_6': 0.0}, ASR: 1.0, TCB: {'PD_1': ['PD_2'], 'PD_2': ['PD_1'], 'PD_5': [], 'PD_6': []}, FR: {'PD_1,PD_2': inf, 'PD_1,PD_5': inf, 'PD_1,PD_6': inf, 'PD_2,PD_5': inf, 'PD_2,PD_6': inf, 'PD_5,PD_6': inf}
  Computing metrics...
    RSI: {'PD_1,PD_2': 0.3333333333333333, 'PD_1,PD_5': 0.0, 'PD_1,PD_6': 0.0, 'PD_2,PD_5': 0.0, 'PD_2,PD_6': 0.0, 'PD_5,PD_6': 0.0}, ASR: 1.25, TCB: {'PD_1': ['PD_2'], 'PD_2': ['PD_1'], 'PD_5': ['PD_1'], 'PD_6': []}, FR: {'PD_1,PD_2': inf, 'PD_1,PD_5': inf, 'PD_1,PD_6': inf, 'PD_2,PD_5': inf, 'PD_2,PD_6': inf, 'PD_5,PD_6': inf}
  Computing metrics...
    RSI: {'PD_1,PD_2': 0.3333333333333333, 'PD_1,PD_5': 0.0, 'PD_1,PD_6': 0.0, 'PD_2,PD_5': 0.0, 'PD_2,PD_6': 0.0, 'PD_5,PD_6': 0.0}, ASR: 1.0, TCB: {'PD_1': ['PD_2'], 'PD_2': ['PD_1'], 'PD_5': [], 'PD_6': []}, FR: {'PD_1,PD_2': inf, 'PD_1,PD_5': inf, 'PD_1,PD_6': inf, 'PD_2,PD_5': inf, 'PD_2,PD_6': inf, 'PD_5,PD_6': inf}
  Computing metrics...
    RSI: {'PD_1,PD_2': 0.3333333333333333, 'PD_1,PD_5': 0.0, 'PD_1,PD_6': 0.0, 'PD_2,PD_5': 0.0, 'PD_2,PD_6': 0.0, 'PD_5,PD_6': 0.0}, ASR: 1.25, TCB: {'PD_1': ['PD_2'], 'PD_2': ['PD_1'], 'PD_5': ['PD_2'], 'PD_6': []}, FR: {'PD_1,PD_2': inf, 'PD_1,PD_5': inf, 'PD_1,PD_6': inf, 'PD_2,PD_5': inf, 'PD_2,PD_6': inf, 'PD_5,PD_6': inf}
  Computing metrics...
    RSI: {'PD_1,PD_2': 0.3333333333333333, 'PD_1,PD_5': 0.0, 'PD_1,PD_6': 0.0, 'PD_2,PD_5': 0.0, 'PD_2,PD_6': 0.0, 'PD_5,PD_6': 0.0}, ASR: 1.0, TCB: {'PD_1': ['PD_2'], 'PD_2': ['PD_1'], 'PD_5': [], 'PD_6': []}, FR: {'PD_1,PD_2': inf, 'PD_1,PD_5': inf, 'PD_1,PD_6': inf, 'PD_2,PD_5': inf, 'PD_2,PD_6': inf, 'PD_5,PD_6': inf}
  Computing metrics...
    RSI: {'PD_1,PD_2': 0.3333333333333333, 'PD_1,PD_5': 0.0, 'PD_1,PD_6': 0.0, 'PD_2,PD_5': 0.0, 'PD_2,PD_6': 0.0, 'PD_5,PD_6': 0.0}, ASR: 1.25, TCB: {'PD_1': ['PD_2'], 'PD_2': ['PD_1'], 'PD_5': ['PD_6'], 'PD_6': []}, FR: {'PD_1,PD_2': inf, 'PD_1,PD_5': inf, 'PD_1,PD_6': inf, 'PD_2,PD_5': inf, 'PD_2,PD_6': inf, 'PD_5,PD_6': inf}
  Computing metrics...
    RSI: {'PD_1,PD_2': 0.3333333333333333, 'PD_1,PD_5': 0.0, 'PD_1,PD_6': 0.0, 'PD_2,PD_5': 0.0, 'PD_2,PD_6': 0.0, 'PD_5,PD_6': 0.0}, ASR: 1.0, TCB: {'PD_1': ['PD_2'], 'PD_2': ['PD_1'], 'PD_5': [], 'PD_6': []}, FR: {'PD_1,PD_2': inf, 'PD_1,PD_5': inf, 'PD_1,PD_6': inf, 'PD_2,PD_5': inf, 'PD_2,PD_6': inf, 'PD_5,PD_6': inf}
  Computing metrics...
    RSI: {'PD_1,PD_2': 0.3333333333333333, 'PD_1,PD_5': 0.0, 'PD_1,PD_6': 0.0, 'PD_2,PD_5': 0.0, 'PD_2,PD_6': 0.0, 'PD_5,PD_6': 0.0}, ASR: 1.25, TCB: {'PD_1': ['PD_2'], 'PD_2': ['PD_1'], 'PD_5': [], 'PD_6': ['PD_1']}, FR: {'PD_1,PD_2': inf, 'PD_1,PD_5': inf, 'PD_1,PD_6': inf, 'PD_2,PD_5': inf, 'PD_2,PD_6': inf, 'PD_5,PD_6': inf}
  Computing metrics...
    RSI: {'PD_1,PD_2': 0.3333333333333333, 'PD_1,PD_5': 0.0, 'PD_1,PD_6': 0.0, 'PD_2,PD_5': 0.0, 'PD_2,PD_6': 0.0, 'PD_5,PD_6': 0.0}, ASR: 1.0, TCB: {'PD_1': ['PD_2'], 'PD_2': ['PD_1'], 'PD_5': [], 'PD_6': []}, FR: {'PD_1,PD_2': inf, 'PD_1,PD_5': inf, 'PD_1,PD_6': inf, 'PD_2,PD_5': inf, 'PD_2,PD_6': inf, 'PD_5,PD_6': inf}
  Computing metrics...
    RSI: {'PD_1,PD_2': 0.3333333333333333, 'PD_1,PD_5': 0.0, 'PD_1,PD_6': 0.0, 'PD_2,PD_5': 0.0, 'PD_2,PD_6': 0.0, 'PD_5,PD_6': 0.0}, ASR: 1.25, TCB: {'PD_1': ['PD_2'], 'PD_2': ['PD_1'], 'PD_5': [], 'PD_6': ['PD_2']}, FR: {'PD_1,PD_2': inf, 'PD_1,PD_5': inf, 'PD_1,PD_6': inf, 'PD_2,PD_5': inf, 'PD_2,PD_6': inf, 'PD_5,PD_6': inf}
  Computing metrics...
    RSI: {'PD_1,PD_2': 0.3333333333333333, 'PD_1,PD_5': 0.0, 'PD_1,PD_6': 0.0, 'PD_2,PD_5': 0.0, 'PD_2,PD_6': 0.0, 'PD_5,PD_6': 0.0}, ASR: 1.0, TCB: {'PD_1': ['PD_2'], 'PD_2': ['PD_1'], 'PD_5': [], 'PD_6': []}, FR: {'PD_1,PD_2': inf, 'PD_1,PD_5': inf, 'PD_1,PD_6': inf, 'PD_2,PD_5': inf, 'PD_2,PD_6': inf, 'PD_5,PD_6': inf}
  Computing metrics...
    RSI: {'PD_1,PD_2': 0.3333333333333333, 'PD_1,PD_5': 0.0, 'PD_1,PD_6': 0.0, 'PD_2,PD_5': 0.0, 'PD_2,PD_6': 0.0, 'PD_5,PD_6': 0.0}, ASR: 1.25, TCB: {'PD_1': ['PD_2'], 'PD_2': ['PD_1'], 'PD_5': [], 'PD_6': ['PD_5']}, FR: {'PD_1,PD_2': inf, 'PD_1,PD_5': inf, 'PD_1,PD_6': inf, 'PD_2,PD_5': inf, 'PD_2,PD_6': inf, 'PD_5,PD_6': inf}
  Computing metrics...
    RSI: {'PD_1,PD_2': 0.3333333333333333, 'PD_1,PD_5': 0.0, 'PD_1,PD_6': 0.0, 'PD_2,PD_5': 0.0, 'PD_2,PD_6': 0.0, 'PD_5,PD_6': 0.0}, ASR: 1.0, TCB: {'PD_1': ['PD_2'], 'PD_2': ['PD_1'], 'PD_5': [], 'PD_6': []}, FR: {'PD_1,PD_2': inf, 'PD_1,PD_5': inf, 'PD_1,PD_6': inf, 'PD_2,PD_5': inf, 'PD_2,PD_6': inf, 'PD_5,PD_6': inf}
  Computing metrics...
    RSI: {'PD_1,PD_2': 0.3333333333333333, 'PD_1,PD_5': 0.0, 'PD_1,PD_6': 0.0, 'PD_2,PD_5': 0.0, 'PD_2,PD_6': 0.0, 'PD_5,PD_6': 0.0}, ASR: 1.0, TCB: {'PD_1': ['PD_2'], 'PD_2': ['PD_1'], 'PD_5': [], 'PD_6': []}, FR: {'PD_1,PD_2': inf, 'PD_1,PD_5': inf, 'PD_1,PD_6': inf, 'PD_2,PD_5': inf, 'PD_2,PD_6': inf, 'PD_5,PD_6': inf}
  Computing metrics...
    RSI: {'PD_1,PD_2': 0.3333333333333333, 'PD_1,PD_5': 0.0, 'PD_1,PD_6': 0.0, 'PD_2,PD_5': 0.0, 'PD_2,PD_6': 0.0, 'PD_5,PD_6': 0.0}, ASR: 1.0, TCB: {'PD_1': ['PD_2'], 'PD_2': ['PD_1'], 'PD_5': [], 'PD_6': []}, FR: {'PD_1,PD_2': inf, 'PD_1,PD_5': inf, 'PD_1,PD_6': inf, 'PD_2,PD_5': inf, 'PD_2,PD_6': inf, 'PD_5,PD_6': inf}
  Computing metrics...
    RSI: {'PD_1,PD_2': 0.3333333333333333, 'PD_1,PD_5': 0.0, 'PD_1,PD_6': 0.0, 'PD_2,PD_5': 0.0, 'PD_2,PD_6': 0.0, 'PD_5,PD_6': 0.0}, ASR: 1.0, TCB: {'PD_1': ['PD_2'], 'PD_2': ['PD_1'], 'PD_5': [], 'PD_6': []}, FR: {'PD_1,PD_2': inf, 'PD_1,PD_5': inf, 'PD_1,PD_6': inf, 'PD_2,PD_5': inf, 'PD_2,PD_6': inf, 'PD_5,PD_6': inf}
  Computing metrics...
    RSI: {'PD_1,PD_2': 0.3333333333333333, 'PD_1,PD_5': 0.0, 'PD_1,PD_6': 0.0, 'PD_2,PD_5': 0.0, 'PD_2,PD_6': 0.0, 'PD_5,PD_6': 0.0}, ASR: 1.0, TCB: {'PD_1': ['PD_2'], 'PD_2': ['PD_1'], 'PD_5': [], 'PD_6': []}, FR: {'PD_1,PD_2': inf, 'PD_1,PD_5': inf, 'PD_1,PD_6': inf, 'PD_2,PD_5': inf, 'PD_2,PD_6': inf, 'PD_5,PD_6': inf}
  Computing metrics...
    RSI: {'PD_1,PD_2': 0.3333333333333333, 'PD_1,PD_5': 0.0, 'PD_1,PD_6': 0.0, 'PD_2,PD_5': 0.0, 'PD_2,PD_6': 0.0, 'PD_5,PD_6': 0.0}, ASR: 1.0, TCB: {'PD_1': ['PD_2'], 'PD_2': ['PD_1'], 'PD_5': [], 'PD_6': []}, FR: {'PD_1,PD_2': inf, 'PD_1,PD_5': inf, 'PD_1,PD_6': inf, 'PD_2,PD_5': inf, 'PD_2,PD_6': inf, 'PD_5,PD_6': inf}
  Computing metrics...
    RSI: {'PD_1,PD_2': 0.3333333333333333, 'PD_1,PD_5': 0.0, 'PD_1,PD_6': 0.0, 'PD_2,PD_5': 0.0, 'PD_2,PD_6': 0.0, 'PD_5,PD_6': 0.0}, ASR: 1.0, TCB: {'PD_1': ['PD_2'], 'PD_2': ['PD_1'], 'PD_5': [], 'PD_6': []}, FR: {'PD_1,PD_2': inf, 'PD_1,PD_5': inf, 'PD_1,PD_6': inf, 'PD_2,PD_5': inf, 'PD_2,PD_6': inf, 'PD_5,PD_6': inf}
  Computing metrics...
    RSI: {'PD_1,PD_2': 0.3333333333333333, 'PD_1,PD_5': 0.0, 'PD_1,PD_6': 0.0, 'PD_2,PD_5': 0.0, 'PD_2,PD_6': 0.0, 'PD_5,PD_6': 0.0}, ASR: 1.0, TCB: {'PD_1': ['PD_2'], 'PD_2': ['PD_1'], 'PD_5': [], 'PD_6': []}, FR: {'PD_1,PD_2': inf, 'PD_1,PD_5': inf, 'PD_1,PD_6': inf, 'PD_2,PD_5': inf, 'PD_2,PD_6': inf, 'PD_5,PD_6': inf}
  🚫 Filtered out 0 'add_pd(add new protection domain for system expansion)' candidates (avoiding repetition)
  Trying best transition: primitive
    Target: add new protection domain for system expansion
    Predicted improvement: 0.100
    Considered 36 other option(s):
      1. primitive: remove empty PD_5 (improvement: 0.100)
      2. primitive: remove empty PD_6 (improvement: 0.100)
      3. primitive: create new CONFIG file in FILE_SPACE_1 (improvement: 0.100)
      4. primitive: create new DATABASE file in FILE_SPACE_1 (improvement: 0.100)
      5. primitive: create new TEMP file in FILE_SPACE_1 (improvement: 0.100)
      6. primitive: create new LOG file in FILE_SPACE_1 (improvement: 0.100)
      7. primitive: remove FILE_1_3 (holders: 2) (improvement: 0.100)
      8. primitive: remove FILE_1_4 (holders: 0) (improvement: 0.100)
      9. primitive: disconnect FILE_1_1 from FILE_SPACE_1 (improvement: 0.100)
      10. primitive: disconnect FILE_1_2 from FILE_SPACE_1 (improvement: 0.100)
      ... and 26 more
    ✅ Applied add_pd
  📋 Generated 37 candidate(s)
  Computing metrics...
    RSI: {'PD_1,PD_2': 0.3333333333333333, 'PD_1,PD_5': 0.0, 'PD_1,PD_6': 0.0, 'PD_1,PD_7': 0.0, 'PD_2,PD_5': 0.0, 'PD_2,PD_6': 0.0, 'PD_2,PD_7': 0.0, 'PD_5,PD_6': 0.0, 'PD_5,PD_7': 0.0, 'PD_6,PD_7': 0.0}, ASR: 0.8, TCB: {'PD_1': ['PD_2'], 'PD_2': ['PD_1'], 'PD_5': [], 'PD_6': [], 'PD_7': []}, FR: {'PD_1,PD_2': inf, 'PD_1,PD_5': inf, 'PD_1,PD_6': inf, 'PD_1,PD_7': inf, 'PD_2,PD_5': inf, 'PD_2,PD_6': inf, 'PD_2,PD_7': inf, 'PD_5,PD_6': inf, 'PD_5,PD_7': inf, 'PD_6,PD_7': inf}
    ✅ Added candidate: add_pd (score: 0.100)
  Computing metrics...
    RSI: {'PD_1,PD_2': 0.3333333333333333, 'PD_1,PD_6': 0.0, 'PD_2,PD_6': 0.0}, ASR: 1.3333333333333333, TCB: {'PD_1': ['PD_2'], 'PD_2': ['PD_1'], 'PD_6': []}, FR: {'PD_1,PD_2': inf, 'PD_1,PD_6': inf, 'PD_2,PD_6': inf}
    ✅ Added candidate: remove_pd (score: 0.100)

🌟 Expanding Beam[2] (score: 2.100)
  Computing metrics...
    RSI: {'PD_1,PD_2': 0.3333333333333333, 'PD_1,PD_3': 0.5, 'PD_1,PD_5': 0.0, 'PD_1,PD_6': 0.0, 'PD_2,PD_3': 0.0, 'PD_2,PD_5': 0.0, 'PD_2,PD_6': 0.0, 'PD_3,PD_5': 0.0, 'PD_3,PD_6': 0.0, 'PD_5,PD_6': 0.0}, ASR: 1.0, TCB: {'PD_1': ['PD_3', 'PD_2'], 'PD_2': ['PD_1'], 'PD_3': ['PD_1'], 'PD_5': [], 'PD_6': []}, FR: {'PD_1,PD_2': inf, 'PD_1,PD_3': inf, 'PD_1,PD_5': inf, 'PD_1,PD_6': inf, 'PD_2,PD_3': inf, 'PD_2,PD_5': inf, 'PD_2,PD_6': inf, 'PD_3,PD_5': inf, 'PD_3,PD_6': inf, 'PD_5,PD_6': inf}
    Goal not met: RSI[PD_1,PD_2]=0.333 > 0.3
  Computing metrics...
    RSI: {'PD_1,PD_2': 0.3333333333333333, 'PD_1,PD_3': 0.5, 'PD_1,PD_5': 0.0, 'PD_1,PD_6': 0.0, 'PD_2,PD_3': 0.0, 'PD_2,PD_5': 0.0, 'PD_2,PD_6': 0.0, 'PD_3,PD_5': 0.0, 'PD_3,PD_6': 0.0, 'PD_5,PD_6': 0.0}, ASR: 1.0, TCB: {'PD_1': ['PD_3', 'PD_2'], 'PD_2': ['PD_1'], 'PD_3': ['PD_1'], 'PD_5': [], 'PD_6': []}, FR: {'PD_1,PD_2': inf, 'PD_1,PD_3': inf, 'PD_1,PD_5': inf, 'PD_1,PD_6': inf, 'PD_2,PD_3': inf, 'PD_2,PD_5': inf, 'PD_2,PD_6': inf, 'PD_3,PD_5': inf, 'PD_3,PD_6': inf, 'PD_5,PD_6': inf}
  Computing metrics...
    RSI: {'PD_1,PD_2': 0.3333333333333333, 'PD_1,PD_3': 0.5, 'PD_1,PD_5': 0.0, 'PD_1,PD_6': 0.0, 'PD_2,PD_3': 0.0, 'PD_2,PD_5': 0.0, 'PD_2,PD_6': 0.0, 'PD_3,PD_5': 0.0, 'PD_3,PD_6': 0.0, 'PD_5,PD_6': 0.0}, ASR: 1.0, TCB: {'PD_1': ['PD_3', 'PD_2'], 'PD_2': ['PD_1'], 'PD_3': ['PD_1'], 'PD_5': [], 'PD_6': []}, FR: {'PD_1,PD_2': inf, 'PD_1,PD_3': inf, 'PD_1,PD_5': inf, 'PD_1,PD_6': inf, 'PD_2,PD_3': inf, 'PD_2,PD_5': inf, 'PD_2,PD_6': inf, 'PD_3,PD_5': inf, 'PD_3,PD_6': inf, 'PD_5,PD_6': inf}
  Computing metrics...
    RSI: {'PD_1,PD_2': 0.3333333333333333, 'PD_1,PD_3': 0.5, 'PD_1,PD_5': 0.0, 'PD_1,PD_6': 0.0, 'PD_2,PD_3': 0.0, 'PD_2,PD_5': 0.0, 'PD_2,PD_6': 0.0, 'PD_3,PD_5': 0.0, 'PD_3,PD_6': 0.0, 'PD_5,PD_6': 0.0}, ASR: 1.0, TCB: {'PD_1': ['PD_3', 'PD_2'], 'PD_2': ['PD_1'], 'PD_3': ['PD_1'], 'PD_5': [], 'PD_6': []}, FR: {'PD_1,PD_2': inf, 'PD_1,PD_3': inf, 'PD_1,PD_5': inf, 'PD_1,PD_6': inf, 'PD_2,PD_3': inf, 'PD_2,PD_5': inf, 'PD_2,PD_6': inf, 'PD_3,PD_5': inf, 'PD_3,PD_6': inf, 'PD_5,PD_6': inf}
  Computing metrics...
    RSI: {'PD_1,PD_2': 0.3333333333333333, 'PD_1,PD_3': 0.5, 'PD_1,PD_5': 0.0, 'PD_1,PD_6': 0.0, 'PD_2,PD_3': 0.0, 'PD_2,PD_5': 0.0, 'PD_2,PD_6': 0.0, 'PD_3,PD_5': 0.0, 'PD_3,PD_6': 0.0, 'PD_5,PD_6': 0.0}, ASR: 1.0, TCB: {'PD_1': ['PD_3', 'PD_2'], 'PD_2': ['PD_1'], 'PD_3': ['PD_1'], 'PD_5': [], 'PD_6': []}, FR: {'PD_1,PD_2': inf, 'PD_1,PD_3': inf, 'PD_1,PD_5': inf, 'PD_1,PD_6': inf, 'PD_2,PD_3': inf, 'PD_2,PD_5': inf, 'PD_2,PD_6': inf, 'PD_3,PD_5': inf, 'PD_3,PD_6': inf, 'PD_5,PD_6': inf}
  Computing metrics...
    RSI: {'PD_1,PD_2': 0.3333333333333333, 'PD_1,PD_3': 0.5, 'PD_1,PD_5': 0.0, 'PD_1,PD_6': 0.0, 'PD_2,PD_3': 0.0, 'PD_2,PD_5': 0.0, 'PD_2,PD_6': 0.0, 'PD_3,PD_5': 0.0, 'PD_3,PD_6': 0.0, 'PD_5,PD_6': 0.0}, ASR: 1.0, TCB: {'PD_1': ['PD_3', 'PD_2'], 'PD_2': ['PD_1'], 'PD_3': ['PD_1'], 'PD_5': [], 'PD_6': []}, FR: {'PD_1,PD_2': inf, 'PD_1,PD_3': inf, 'PD_1,PD_5': inf, 'PD_1,PD_6': inf, 'PD_2,PD_3': inf, 'PD_2,PD_5': inf, 'PD_2,PD_6': inf, 'PD_3,PD_5': inf, 'PD_3,PD_6': inf, 'PD_5,PD_6': inf}
  Computing metrics...
    RSI: {'PD_1,PD_2': 0.3333333333333333, 'PD_1,PD_3': 0.5, 'PD_1,PD_5': 0.0, 'PD_1,PD_6': 0.0, 'PD_2,PD_3': 0.0, 'PD_2,PD_5': 0.0, 'PD_2,PD_6': 0.0, 'PD_3,PD_5': 0.0, 'PD_3,PD_6': 0.0, 'PD_5,PD_6': 0.0}, ASR: 1.0, TCB: {'PD_1': ['PD_3', 'PD_2'], 'PD_2': ['PD_1'], 'PD_3': ['PD_1'], 'PD_5': [], 'PD_6': []}, FR: {'PD_1,PD_2': inf, 'PD_1,PD_3': inf, 'PD_1,PD_5': inf, 'PD_1,PD_6': inf, 'PD_2,PD_3': inf, 'PD_2,PD_5': inf, 'PD_2,PD_6': inf, 'PD_3,PD_5': inf, 'PD_3,PD_6': inf, 'PD_5,PD_6': inf}
  Computing metrics...
    RSI: {'PD_1,PD_2': 0.3333333333333333, 'PD_1,PD_3': 0.5, 'PD_1,PD_5': 0.0, 'PD_1,PD_6': 0.0, 'PD_2,PD_3': 0.0, 'PD_2,PD_5': 0.0, 'PD_2,PD_6': 0.0, 'PD_3,PD_5': 0.0, 'PD_3,PD_6': 0.0, 'PD_5,PD_6': 0.0}, ASR: 1.0, TCB: {'PD_1': ['PD_3', 'PD_2'], 'PD_2': ['PD_1'], 'PD_3': ['PD_1'], 'PD_5': [], 'PD_6': []}, FR: {'PD_1,PD_2': inf, 'PD_1,PD_3': inf, 'PD_1,PD_5': inf, 'PD_1,PD_6': inf, 'PD_2,PD_3': inf, 'PD_2,PD_5': inf, 'PD_2,PD_6': inf, 'PD_3,PD_5': inf, 'PD_3,PD_6': inf, 'PD_5,PD_6': inf}
  Computing metrics...
    RSI: {'PD_1,PD_2': 0.3333333333333333, 'PD_1,PD_3': 0.5, 'PD_1,PD_5': 0.0, 'PD_1,PD_6': 0.0, 'PD_2,PD_3': 0.0, 'PD_2,PD_5': 0.0, 'PD_2,PD_6': 0.0, 'PD_3,PD_5': 0.0, 'PD_3,PD_6': 0.0, 'PD_5,PD_6': 0.0}, ASR: 1.0, TCB: {'PD_1': ['PD_3', 'PD_2'], 'PD_2': ['PD_1'], 'PD_3': ['PD_1'], 'PD_5': [], 'PD_6': []}, FR: {'PD_1,PD_2': inf, 'PD_1,PD_3': inf, 'PD_1,PD_5': inf, 'PD_1,PD_6': inf, 'PD_2,PD_3': inf, 'PD_2,PD_5': inf, 'PD_2,PD_6': inf, 'PD_3,PD_5': inf, 'PD_3,PD_6': inf, 'PD_5,PD_6': inf}
  Computing metrics...
    RSI: {'PD_1,PD_2': 0.3333333333333333, 'PD_1,PD_3': 0.5, 'PD_1,PD_5': 0.0, 'PD_1,PD_6': 0.0, 'PD_2,PD_3': 0.0, 'PD_2,PD_5': 0.0, 'PD_2,PD_6': 0.0, 'PD_3,PD_5': 0.0, 'PD_3,PD_6': 0.0, 'PD_5,PD_6': 0.0}, ASR: 1.0, TCB: {'PD_1': ['PD_3', 'PD_2'], 'PD_2': ['PD_1'], 'PD_3': ['PD_1'], 'PD_5': [], 'PD_6': []}, FR: {'PD_1,PD_2': inf, 'PD_1,PD_3': inf, 'PD_1,PD_5': inf, 'PD_1,PD_6': inf, 'PD_2,PD_3': inf, 'PD_2,PD_5': inf, 'PD_2,PD_6': inf, 'PD_3,PD_5': inf, 'PD_3,PD_6': inf, 'PD_5,PD_6': inf}
  Computing metrics...
    RSI: {'PD_1,PD_2': 0.3333333333333333, 'PD_1,PD_3': 0.5, 'PD_1,PD_5': 0.0, 'PD_1,PD_6': 0.0, 'PD_2,PD_3': 0.0, 'PD_2,PD_5': 0.0, 'PD_2,PD_6': 0.0, 'PD_3,PD_5': 0.0, 'PD_3,PD_6': 0.0, 'PD_5,PD_6': 0.0}, ASR: 1.0, TCB: {'PD_1': ['PD_3', 'PD_2'], 'PD_2': ['PD_1'], 'PD_3': ['PD_1'], 'PD_5': [], 'PD_6': []}, FR: {'PD_1,PD_2': inf, 'PD_1,PD_3': inf, 'PD_1,PD_5': inf, 'PD_1,PD_6': inf, 'PD_2,PD_3': inf, 'PD_2,PD_5': inf, 'PD_2,PD_6': inf, 'PD_3,PD_5': inf, 'PD_3,PD_6': inf, 'PD_5,PD_6': inf}
  Computing metrics...
    RSI: {'PD_1,PD_2': 0.3333333333333333, 'PD_1,PD_3': 0.5, 'PD_1,PD_5': 0.0, 'PD_1,PD_6': 0.0, 'PD_2,PD_3': 0.0, 'PD_2,PD_5': 0.0, 'PD_2,PD_6': 0.0, 'PD_3,PD_5': 0.0, 'PD_3,PD_6': 0.0, 'PD_5,PD_6': 0.0}, ASR: 1.0, TCB: {'PD_1': ['PD_3', 'PD_2'], 'PD_2': ['PD_1'], 'PD_3': ['PD_1'], 'PD_5': [], 'PD_6': []}, FR: {'PD_1,PD_2': inf, 'PD_1,PD_3': inf, 'PD_1,PD_5': inf, 'PD_1,PD_6': inf, 'PD_2,PD_3': inf, 'PD_2,PD_5': inf, 'PD_2,PD_6': inf, 'PD_3,PD_5': inf, 'PD_3,PD_6': inf, 'PD_5,PD_6': inf}
  Computing metrics...
    RSI: {'PD_1,PD_2': 0.3333333333333333, 'PD_1,PD_3': 0.5, 'PD_1,PD_5': 0.0, 'PD_1,PD_6': 0.0, 'PD_2,PD_3': 0.0, 'PD_2,PD_5': 0.0, 'PD_2,PD_6': 0.0, 'PD_3,PD_5': 0.0, 'PD_3,PD_6': 0.0, 'PD_5,PD_6': 0.0}, ASR: 1.0, TCB: {'PD_1': ['PD_3', 'PD_2'], 'PD_2': ['PD_1'], 'PD_3': ['PD_1'], 'PD_5': [], 'PD_6': []}, FR: {'PD_1,PD_2': inf, 'PD_1,PD_3': inf, 'PD_1,PD_5': inf, 'PD_1,PD_6': inf, 'PD_2,PD_3': inf, 'PD_2,PD_5': inf, 'PD_2,PD_6': inf, 'PD_3,PD_5': inf, 'PD_3,PD_6': inf, 'PD_5,PD_6': inf}
  Computing metrics...
    RSI: {'PD_1,PD_2': 0.3333333333333333, 'PD_1,PD_3': 0.5, 'PD_1,PD_5': 0.0, 'PD_1,PD_6': 0.0, 'PD_2,PD_3': 0.0, 'PD_2,PD_5': 0.0, 'PD_2,PD_6': 0.0, 'PD_3,PD_5': 0.0, 'PD_3,PD_6': 0.0, 'PD_5,PD_6': 0.0}, ASR: 1.0, TCB: {'PD_1': ['PD_3', 'PD_2'], 'PD_2': ['PD_1'], 'PD_3': ['PD_1'], 'PD_5': [], 'PD_6': []}, FR: {'PD_1,PD_2': inf, 'PD_1,PD_3': inf, 'PD_1,PD_5': inf, 'PD_1,PD_6': inf, 'PD_2,PD_3': inf, 'PD_2,PD_5': inf, 'PD_2,PD_6': inf, 'PD_3,PD_5': inf, 'PD_3,PD_6': inf, 'PD_5,PD_6': inf}
  Computing metrics...
    RSI: {'PD_1,PD_2': 0.3333333333333333, 'PD_1,PD_3': 0.5, 'PD_1,PD_5': 0.0, 'PD_1,PD_6': 0.0, 'PD_2,PD_3': 0.0, 'PD_2,PD_5': 0.0, 'PD_2,PD_6': 0.0, 'PD_3,PD_5': 0.0, 'PD_3,PD_6': 0.0, 'PD_5,PD_6': 0.0}, ASR: 1.0, TCB: {'PD_1': ['PD_3', 'PD_2'], 'PD_2': ['PD_1'], 'PD_3': ['PD_1'], 'PD_5': [], 'PD_6': []}, FR: {'PD_1,PD_2': inf, 'PD_1,PD_3': inf, 'PD_1,PD_5': inf, 'PD_1,PD_6': inf, 'PD_2,PD_3': inf, 'PD_2,PD_5': inf, 'PD_2,PD_6': inf, 'PD_3,PD_5': inf, 'PD_3,PD_6': inf, 'PD_5,PD_6': inf}
  Computing metrics...
    RSI: {'PD_1,PD_2': 0.3333333333333333, 'PD_1,PD_3': 0.5, 'PD_1,PD_5': 0.0, 'PD_1,PD_6': 0.0, 'PD_2,PD_3': 0.0, 'PD_2,PD_5': 0.0, 'PD_2,PD_6': 0.0, 'PD_3,PD_5': 0.0, 'PD_3,PD_6': 0.0, 'PD_5,PD_6': 0.0}, ASR: 1.0, TCB: {'PD_1': ['PD_3', 'PD_2'], 'PD_2': ['PD_1'], 'PD_3': ['PD_1'], 'PD_5': [], 'PD_6': []}, FR: {'PD_1,PD_2': inf, 'PD_1,PD_3': inf, 'PD_1,PD_5': inf, 'PD_1,PD_6': inf, 'PD_2,PD_3': inf, 'PD_2,PD_5': inf, 'PD_2,PD_6': inf, 'PD_3,PD_5': inf, 'PD_3,PD_6': inf, 'PD_5,PD_6': inf}
  Computing metrics...
    RSI: {'PD_1,PD_2': 0.3333333333333333, 'PD_1,PD_3': 0.5, 'PD_1,PD_5': 0.0, 'PD_1,PD_6': 0.0, 'PD_2,PD_3': 0.0, 'PD_2,PD_5': 0.0, 'PD_2,PD_6': 0.0, 'PD_3,PD_5': 0.0, 'PD_3,PD_6': 0.0, 'PD_5,PD_6': 0.0}, ASR: 1.0, TCB: {'PD_1': ['PD_3', 'PD_2'], 'PD_2': ['PD_1'], 'PD_3': ['PD_1'], 'PD_5': [], 'PD_6': []}, FR: {'PD_1,PD_2': inf, 'PD_1,PD_3': inf, 'PD_1,PD_5': inf, 'PD_1,PD_6': inf, 'PD_2,PD_3': inf, 'PD_2,PD_5': inf, 'PD_2,PD_6': inf, 'PD_3,PD_5': inf, 'PD_3,PD_6': inf, 'PD_5,PD_6': inf}
  Computing metrics...
    RSI: {'PD_1,PD_2': 0.3333333333333333, 'PD_1,PD_3': 0.5, 'PD_1,PD_5': 0.0, 'PD_1,PD_6': 0.0, 'PD_2,PD_3': 0.0, 'PD_2,PD_5': 0.0, 'PD_2,PD_6': 0.0, 'PD_3,PD_5': 0.0, 'PD_3,PD_6': 0.0, 'PD_5,PD_6': 0.0}, ASR: 1.0, TCB: {'PD_1': ['PD_3', 'PD_2'], 'PD_2': ['PD_1'], 'PD_3': ['PD_1'], 'PD_5': [], 'PD_6': []}, FR: {'PD_1,PD_2': inf, 'PD_1,PD_3': inf, 'PD_1,PD_5': inf, 'PD_1,PD_6': inf, 'PD_2,PD_3': inf, 'PD_2,PD_5': inf, 'PD_2,PD_6': inf, 'PD_3,PD_5': inf, 'PD_3,PD_6': inf, 'PD_5,PD_6': inf}
  Computing metrics...
    RSI: {'PD_1,PD_2': 0.3333333333333333, 'PD_1,PD_3': 0.5, 'PD_1,PD_5': 0.0, 'PD_1,PD_6': 0.0, 'PD_2,PD_3': 0.0, 'PD_2,PD_5': 0.0, 'PD_2,PD_6': 0.0, 'PD_3,PD_5': 0.0, 'PD_3,PD_6': 0.0, 'PD_5,PD_6': 0.0}, ASR: 1.0, TCB: {'PD_1': ['PD_3', 'PD_2'], 'PD_2': ['PD_1'], 'PD_3': ['PD_1'], 'PD_5': [], 'PD_6': []}, FR: {'PD_1,PD_2': inf, 'PD_1,PD_3': inf, 'PD_1,PD_5': inf, 'PD_1,PD_6': inf, 'PD_2,PD_3': inf, 'PD_2,PD_5': inf, 'PD_2,PD_6': inf, 'PD_3,PD_5': inf, 'PD_3,PD_6': inf, 'PD_5,PD_6': inf}
  Computing metrics...
    RSI: {'PD_1,PD_2': 0.3333333333333333, 'PD_1,PD_3': 0.5, 'PD_1,PD_5': 0.0, 'PD_1,PD_6': 0.0, 'PD_2,PD_3': 0.0, 'PD_2,PD_5': 0.0, 'PD_2,PD_6': 0.0, 'PD_3,PD_5': 0.0, 'PD_3,PD_6': 0.0, 'PD_5,PD_6': 0.0}, ASR: 1.0, TCB: {'PD_1': ['PD_3', 'PD_2'], 'PD_2': ['PD_1'], 'PD_3': ['PD_1'], 'PD_5': [], 'PD_6': []}, FR: {'PD_1,PD_2': inf, 'PD_1,PD_3': inf, 'PD_1,PD_5': inf, 'PD_1,PD_6': inf, 'PD_2,PD_3': inf, 'PD_2,PD_5': inf, 'PD_2,PD_6': inf, 'PD_3,PD_5': inf, 'PD_3,PD_6': inf, 'PD_5,PD_6': inf}
  Computing metrics...
    RSI: {'PD_1,PD_2': 0.3333333333333333, 'PD_1,PD_3': 0.5, 'PD_1,PD_5': 0.0, 'PD_1,PD_6': 0.0, 'PD_2,PD_3': 0.0, 'PD_2,PD_5': 0.0, 'PD_2,PD_6': 0.0, 'PD_3,PD_5': 0.0, 'PD_3,PD_6': 0.0, 'PD_5,PD_6': 0.0}, ASR: 1.0, TCB: {'PD_1': ['PD_3', 'PD_2'], 'PD_2': ['PD_1'], 'PD_3': ['PD_1'], 'PD_5': [], 'PD_6': []}, FR: {'PD_1,PD_2': inf, 'PD_1,PD_3': inf, 'PD_1,PD_5': inf, 'PD_1,PD_6': inf, 'PD_2,PD_3': inf, 'PD_2,PD_5': inf, 'PD_2,PD_6': inf, 'PD_3,PD_5': inf, 'PD_3,PD_6': inf, 'PD_5,PD_6': inf}
  Computing metrics...
    RSI: {'PD_1,PD_2': 0.3333333333333333, 'PD_1,PD_3': 0.5, 'PD_1,PD_5': 0.0, 'PD_1,PD_6': 0.0, 'PD_2,PD_3': 0.0, 'PD_2,PD_5': 0.0, 'PD_2,PD_6': 0.0, 'PD_3,PD_5': 0.0, 'PD_3,PD_6': 0.0, 'PD_5,PD_6': 0.0}, ASR: 1.0, TCB: {'PD_1': ['PD_3', 'PD_2'], 'PD_2': ['PD_1'], 'PD_3': ['PD_1'], 'PD_5': [], 'PD_6': []}, FR: {'PD_1,PD_2': inf, 'PD_1,PD_3': inf, 'PD_1,PD_5': inf, 'PD_1,PD_6': inf, 'PD_2,PD_3': inf, 'PD_2,PD_5': inf, 'PD_2,PD_6': inf, 'PD_3,PD_5': inf, 'PD_3,PD_6': inf, 'PD_5,PD_6': inf}
  Computing metrics...
    RSI: {'PD_1,PD_2': 0.6666666666666666, 'PD_1,PD_3': 0.3333333333333333, 'PD_1,PD_5': 0.0, 'PD_1,PD_6': 0.0, 'PD_2,PD_3': 0.0, 'PD_2,PD_5': 0.0, 'PD_2,PD_6': 0.0, 'PD_3,PD_5': 0.0, 'PD_3,PD_6': 0.0, 'PD_5,PD_6': 0.0}, ASR: 1.2, TCB: {'PD_1': ['PD_3', 'PD_2'], 'PD_2': ['PD_1'], 'PD_3': ['PD_1'], 'PD_5': [], 'PD_6': []}, FR: {'PD_1,PD_2': inf, 'PD_1,PD_3': inf, 'PD_1,PD_5': inf, 'PD_1,PD_6': inf, 'PD_2,PD_3': inf, 'PD_2,PD_5': inf, 'PD_2,PD_6': inf, 'PD_3,PD_5': inf, 'PD_3,PD_6': inf, 'PD_5,PD_6': inf}
  Computing metrics...
    RSI: {'PD_1,PD_2': 0.3333333333333333, 'PD_1,PD_3': 0.5, 'PD_1,PD_5': 0.0, 'PD_1,PD_6': 0.0, 'PD_2,PD_3': 0.0, 'PD_2,PD_5': 0.0, 'PD_2,PD_6': 0.0, 'PD_3,PD_5': 0.0, 'PD_3,PD_6': 0.0, 'PD_5,PD_6': 0.0}, ASR: 1.0, TCB: {'PD_1': ['PD_3', 'PD_2'], 'PD_2': ['PD_1'], 'PD_3': ['PD_1'], 'PD_5': [], 'PD_6': []}, FR: {'PD_1,PD_2': inf, 'PD_1,PD_3': inf, 'PD_1,PD_5': inf, 'PD_1,PD_6': inf, 'PD_2,PD_3': inf, 'PD_2,PD_5': inf, 'PD_2,PD_6': inf, 'PD_3,PD_5': inf, 'PD_3,PD_6': inf, 'PD_5,PD_6': inf}
  Computing metrics...
    RSI: {'PD_1,PD_2': 0.25, 'PD_1,PD_3': 0.3333333333333333, 'PD_1,PD_5': 0.0, 'PD_1,PD_6': 0.0, 'PD_2,PD_3': 0.0, 'PD_2,PD_5': 0.0, 'PD_2,PD_6': 0.0, 'PD_3,PD_5': 0.0, 'PD_3,PD_6': 0.0, 'PD_5,PD_6': 0.0}, ASR: 1.2, TCB: {'PD_1': ['PD_3', 'PD_2'], 'PD_2': ['PD_1'], 'PD_3': ['PD_1'], 'PD_5': [], 'PD_6': []}, FR: {'PD_1,PD_2': inf, 'PD_1,PD_3': inf, 'PD_1,PD_5': inf, 'PD_1,PD_6': inf, 'PD_2,PD_3': inf, 'PD_2,PD_5': inf, 'PD_2,PD_6': inf, 'PD_3,PD_5': inf, 'PD_3,PD_6': inf, 'PD_5,PD_6': inf}
  Computing metrics...
    RSI: {'PD_1,PD_2': 0.3333333333333333, 'PD_1,PD_3': 0.5, 'PD_1,PD_5': 0.0, 'PD_1,PD_6': 0.0, 'PD_2,PD_3': 0.0, 'PD_2,PD_5': 0.0, 'PD_2,PD_6': 0.0, 'PD_3,PD_5': 0.0, 'PD_3,PD_6': 0.0, 'PD_5,PD_6': 0.0}, ASR: 1.0, TCB: {'PD_1': ['PD_3', 'PD_2'], 'PD_2': ['PD_1'], 'PD_3': ['PD_1'], 'PD_5': [], 'PD_6': []}, FR: {'PD_1,PD_2': inf, 'PD_1,PD_3': inf, 'PD_1,PD_5': inf, 'PD_1,PD_6': inf, 'PD_2,PD_3': inf, 'PD_2,PD_5': inf, 'PD_2,PD_6': inf, 'PD_3,PD_5': inf, 'PD_3,PD_6': inf, 'PD_5,PD_6': inf}
  Computing metrics...
    RSI: {'PD_1,PD_2': 0.6666666666666666, 'PD_1,PD_3': 0.5, 'PD_1,PD_5': 0.0, 'PD_1,PD_6': 0.0, 'PD_2,PD_3': 0.3333333333333333, 'PD_2,PD_5': 0.0, 'PD_2,PD_6': 0.0, 'PD_3,PD_5': 0.0, 'PD_3,PD_6': 0.0, 'PD_5,PD_6': 0.0}, ASR: 1.2, TCB: {'PD_1': ['PD_2', 'PD_3'], 'PD_2': ['PD_1', 'PD_3'], 'PD_3': ['PD_1', 'PD_2'], 'PD_5': [], 'PD_6': []}, FR: {'PD_1,PD_2': inf, 'PD_1,PD_3': inf, 'PD_1,PD_5': inf, 'PD_1,PD_6': inf, 'PD_2,PD_3': inf, 'PD_2,PD_5': inf, 'PD_2,PD_6': inf, 'PD_3,PD_5': inf, 'PD_3,PD_6': inf, 'PD_5,PD_6': inf}
  Computing metrics...
    RSI: {'PD_1,PD_2': 0.3333333333333333, 'PD_1,PD_3': 0.5, 'PD_1,PD_5': 0.0, 'PD_1,PD_6': 0.0, 'PD_2,PD_3': 0.0, 'PD_2,PD_5': 0.0, 'PD_2,PD_6': 0.0, 'PD_3,PD_5': 0.0, 'PD_3,PD_6': 0.0, 'PD_5,PD_6': 0.0}, ASR: 1.0, TCB: {'PD_1': ['PD_3', 'PD_2'], 'PD_2': ['PD_1'], 'PD_3': ['PD_1'], 'PD_5': [], 'PD_6': []}, FR: {'PD_1,PD_2': inf, 'PD_1,PD_3': inf, 'PD_1,PD_5': inf, 'PD_1,PD_6': inf, 'PD_2,PD_3': inf, 'PD_2,PD_5': inf, 'PD_2,PD_6': inf, 'PD_3,PD_5': inf, 'PD_3,PD_6': inf, 'PD_5,PD_6': inf}
  Computing metrics...
    RSI: {'PD_1,PD_2': 0.25, 'PD_1,PD_3': 0.5, 'PD_1,PD_5': 0.0, 'PD_1,PD_6': 0.0, 'PD_2,PD_3': 0.0, 'PD_2,PD_5': 0.0, 'PD_2,PD_6': 0.0, 'PD_3,PD_5': 0.0, 'PD_3,PD_6': 0.0, 'PD_5,PD_6': 0.0}, ASR: 1.2, TCB: {'PD_1': ['PD_3', 'PD_2'], 'PD_2': ['PD_1'], 'PD_3': ['PD_1'], 'PD_5': [], 'PD_6': []}, FR: {'PD_1,PD_2': inf, 'PD_1,PD_3': inf, 'PD_1,PD_5': inf, 'PD_1,PD_6': inf, 'PD_2,PD_3': inf, 'PD_2,PD_5': inf, 'PD_2,PD_6': inf, 'PD_3,PD_5': inf, 'PD_3,PD_6': inf, 'PD_5,PD_6': inf}
  Computing metrics...
    RSI: {'PD_1,PD_2': 0.3333333333333333, 'PD_1,PD_3': 0.5, 'PD_1,PD_5': 0.0, 'PD_1,PD_6': 0.0, 'PD_2,PD_3': 0.0, 'PD_2,PD_5': 0.0, 'PD_2,PD_6': 0.0, 'PD_3,PD_5': 0.0, 'PD_3,PD_6': 0.0, 'PD_5,PD_6': 0.0}, ASR: 1.0, TCB: {'PD_1': ['PD_3', 'PD_2'], 'PD_2': ['PD_1'], 'PD_3': ['PD_1'], 'PD_5': [], 'PD_6': []}, FR: {'PD_1,PD_2': inf, 'PD_1,PD_3': inf, 'PD_1,PD_5': inf, 'PD_1,PD_6': inf, 'PD_2,PD_3': inf, 'PD_2,PD_5': inf, 'PD_2,PD_6': inf, 'PD_3,PD_5': inf, 'PD_3,PD_6': inf, 'PD_5,PD_6': inf}
  Computing metrics...
    RSI: {'PD_1,PD_2': 0.3333333333333333, 'PD_1,PD_3': 0.3333333333333333, 'PD_1,PD_5': 0.0, 'PD_1,PD_6': 0.0, 'PD_2,PD_3': 0.3333333333333333, 'PD_2,PD_5': 0.0, 'PD_2,PD_6': 0.0, 'PD_3,PD_5': 0.0, 'PD_3,PD_6': 0.0, 'PD_5,PD_6': 0.0}, ASR: 1.2, TCB: {'PD_1': ['PD_3', 'PD_2'], 'PD_2': ['PD_1', 'PD_3'], 'PD_3': ['PD_1', 'PD_2'], 'PD_5': [], 'PD_6': []}, FR: {'PD_1,PD_2': inf, 'PD_1,PD_3': inf, 'PD_1,PD_5': inf, 'PD_1,PD_6': inf, 'PD_2,PD_3': inf, 'PD_2,PD_5': inf, 'PD_2,PD_6': inf, 'PD_3,PD_5': inf, 'PD_3,PD_6': inf, 'PD_5,PD_6': inf}
  Computing metrics...
    RSI: {'PD_1,PD_2': 0.3333333333333333, 'PD_1,PD_3': 0.5, 'PD_1,PD_5': 0.0, 'PD_1,PD_6': 0.0, 'PD_2,PD_3': 0.0, 'PD_2,PD_5': 0.0, 'PD_2,PD_6': 0.0, 'PD_3,PD_5': 0.0, 'PD_3,PD_6': 0.0, 'PD_5,PD_6': 0.0}, ASR: 1.0, TCB: {'PD_1': ['PD_3', 'PD_2'], 'PD_2': ['PD_1'], 'PD_3': ['PD_1'], 'PD_5': [], 'PD_6': []}, FR: {'PD_1,PD_2': inf, 'PD_1,PD_3': inf, 'PD_1,PD_5': inf, 'PD_1,PD_6': inf, 'PD_2,PD_3': inf, 'PD_2,PD_5': inf, 'PD_2,PD_6': inf, 'PD_3,PD_5': inf, 'PD_3,PD_6': inf, 'PD_5,PD_6': inf}
  Computing metrics...
    RSI: {'PD_1,PD_2': 0.3333333333333333, 'PD_1,PD_3': 1.0, 'PD_1,PD_5': 0.0, 'PD_1,PD_6': 0.0, 'PD_2,PD_3': 0.3333333333333333, 'PD_2,PD_5': 0.0, 'PD_2,PD_6': 0.0, 'PD_3,PD_5': 0.0, 'PD_3,PD_6': 0.0, 'PD_5,PD_6': 0.0}, ASR: 1.2, TCB: {'PD_1': ['PD_3', 'PD_2'], 'PD_2': ['PD_1', 'PD_3'], 'PD_3': ['PD_1', 'PD_2'], 'PD_5': [], 'PD_6': []}, FR: {'PD_1,PD_2': inf, 'PD_1,PD_3': inf, 'PD_1,PD_5': inf, 'PD_1,PD_6': inf, 'PD_2,PD_3': inf, 'PD_2,PD_5': inf, 'PD_2,PD_6': inf, 'PD_3,PD_5': inf, 'PD_3,PD_6': inf, 'PD_5,PD_6': inf}
  Computing metrics...
    RSI: {'PD_1,PD_2': 0.3333333333333333, 'PD_1,PD_3': 0.5, 'PD_1,PD_5': 0.0, 'PD_1,PD_6': 0.0, 'PD_2,PD_3': 0.0, 'PD_2,PD_5': 0.0, 'PD_2,PD_6': 0.0, 'PD_3,PD_5': 0.0, 'PD_3,PD_6': 0.0, 'PD_5,PD_6': 0.0}, ASR: 1.0, TCB: {'PD_1': ['PD_3', 'PD_2'], 'PD_2': ['PD_1'], 'PD_3': ['PD_1'], 'PD_5': [], 'PD_6': []}, FR: {'PD_1,PD_2': inf, 'PD_1,PD_3': inf, 'PD_1,PD_5': inf, 'PD_1,PD_6': inf, 'PD_2,PD_3': inf, 'PD_2,PD_5': inf, 'PD_2,PD_6': inf, 'PD_3,PD_5': inf, 'PD_3,PD_6': inf, 'PD_5,PD_6': inf}
  Computing metrics...
    RSI: {'PD_1,PD_2': 0.3333333333333333, 'PD_1,PD_3': 0.3333333333333333, 'PD_1,PD_5': 0.0, 'PD_1,PD_6': 0.0, 'PD_2,PD_3': 0.0, 'PD_2,PD_5': 0.0, 'PD_2,PD_6': 0.0, 'PD_3,PD_5': 0.0, 'PD_3,PD_6': 0.0, 'PD_5,PD_6': 0.0}, ASR: 1.2, TCB: {'PD_1': ['PD_3', 'PD_2'], 'PD_2': ['PD_1'], 'PD_3': ['PD_1'], 'PD_5': [], 'PD_6': []}, FR: {'PD_1,PD_2': inf, 'PD_1,PD_3': inf, 'PD_1,PD_5': inf, 'PD_1,PD_6': inf, 'PD_2,PD_3': inf, 'PD_2,PD_5': inf, 'PD_2,PD_6': inf, 'PD_3,PD_5': inf, 'PD_3,PD_6': inf, 'PD_5,PD_6': inf}
  Computing metrics...
    RSI: {'PD_1,PD_2': 0.3333333333333333, 'PD_1,PD_3': 0.5, 'PD_1,PD_5': 0.0, 'PD_1,PD_6': 0.0, 'PD_2,PD_3': 0.0, 'PD_2,PD_5': 0.0, 'PD_2,PD_6': 0.0, 'PD_3,PD_5': 0.0, 'PD_3,PD_6': 0.0, 'PD_5,PD_6': 0.0}, ASR: 1.0, TCB: {'PD_1': ['PD_3', 'PD_2'], 'PD_2': ['PD_1'], 'PD_3': ['PD_1'], 'PD_5': [], 'PD_6': []}, FR: {'PD_1,PD_2': inf, 'PD_1,PD_3': inf, 'PD_1,PD_5': inf, 'PD_1,PD_6': inf, 'PD_2,PD_3': inf, 'PD_2,PD_5': inf, 'PD_2,PD_6': inf, 'PD_3,PD_5': inf, 'PD_3,PD_6': inf, 'PD_5,PD_6': inf}
  Computing metrics...
    RSI: {'PD_1,PD_2': 0.3333333333333333, 'PD_1,PD_3': 0.5, 'PD_1,PD_5': 0.5, 'PD_1,PD_6': 0.0, 'PD_2,PD_3': 0.0, 'PD_2,PD_5': 0.0, 'PD_2,PD_6': 0.0, 'PD_3,PD_5': 1.0, 'PD_3,PD_6': 0.0, 'PD_5,PD_6': 0.0}, ASR: 1.2, TCB: {'PD_1': ['PD_3', 'PD_5', 'PD_2'], 'PD_2': ['PD_1'], 'PD_3': ['PD_1', 'PD_5'], 'PD_5': ['PD_1', 'PD_3'], 'PD_6': []}, FR: {'PD_1,PD_2': inf, 'PD_1,PD_3': inf, 'PD_1,PD_5': inf, 'PD_1,PD_6': inf, 'PD_2,PD_3': inf, 'PD_2,PD_5': inf, 'PD_2,PD_6': inf, 'PD_3,PD_5': inf, 'PD_3,PD_6': inf, 'PD_5,PD_6': inf}
  Computing metrics...
    RSI: {'PD_1,PD_2': 0.3333333333333333, 'PD_1,PD_3': 0.5, 'PD_1,PD_5': 0.0, 'PD_1,PD_6': 0.0, 'PD_2,PD_3': 0.0, 'PD_2,PD_5': 0.0, 'PD_2,PD_6': 0.0, 'PD_3,PD_5': 0.0, 'PD_3,PD_6': 0.0, 'PD_5,PD_6': 0.0}, ASR: 1.0, TCB: {'PD_1': ['PD_3', 'PD_2'], 'PD_2': ['PD_1'], 'PD_3': ['PD_1'], 'PD_5': [], 'PD_6': []}, FR: {'PD_1,PD_2': inf, 'PD_1,PD_3': inf, 'PD_1,PD_5': inf, 'PD_1,PD_6': inf, 'PD_2,PD_3': inf, 'PD_2,PD_5': inf, 'PD_2,PD_6': inf, 'PD_3,PD_5': inf, 'PD_3,PD_6': inf, 'PD_5,PD_6': inf}
  Computing metrics...
    RSI: {'PD_1,PD_2': 0.3333333333333333, 'PD_1,PD_3': 0.5, 'PD_1,PD_5': 0.0, 'PD_1,PD_6': 0.0, 'PD_2,PD_3': 0.0, 'PD_2,PD_5': 0.5, 'PD_2,PD_6': 0.0, 'PD_3,PD_5': 0.0, 'PD_3,PD_6': 0.0, 'PD_5,PD_6': 0.0}, ASR: 1.2, TCB: {'PD_1': ['PD_3', 'PD_2'], 'PD_2': ['PD_1', 'PD_5'], 'PD_3': ['PD_1'], 'PD_5': ['PD_2'], 'PD_6': []}, FR: {'PD_1,PD_2': inf, 'PD_1,PD_3': inf, 'PD_1,PD_5': inf, 'PD_1,PD_6': inf, 'PD_2,PD_3': inf, 'PD_2,PD_5': inf, 'PD_2,PD_6': inf, 'PD_3,PD_5': inf, 'PD_3,PD_6': inf, 'PD_5,PD_6': inf}
  Computing metrics...
    RSI: {'PD_1,PD_2': 0.3333333333333333, 'PD_1,PD_3': 0.5, 'PD_1,PD_5': 0.0, 'PD_1,PD_6': 0.0, 'PD_2,PD_3': 0.0, 'PD_2,PD_5': 0.0, 'PD_2,PD_6': 0.0, 'PD_3,PD_5': 0.0, 'PD_3,PD_6': 0.0, 'PD_5,PD_6': 0.0}, ASR: 1.0, TCB: {'PD_1': ['PD_3', 'PD_2'], 'PD_2': ['PD_1'], 'PD_3': ['PD_1'], 'PD_5': [], 'PD_6': []}, FR: {'PD_1,PD_2': inf, 'PD_1,PD_3': inf, 'PD_1,PD_5': inf, 'PD_1,PD_6': inf, 'PD_2,PD_3': inf, 'PD_2,PD_5': inf, 'PD_2,PD_6': inf, 'PD_3,PD_5': inf, 'PD_3,PD_6': inf, 'PD_5,PD_6': inf}
  Computing metrics...
    RSI: {'PD_1,PD_2': 0.3333333333333333, 'PD_1,PD_3': 0.5, 'PD_1,PD_5': 0.5, 'PD_1,PD_6': 0.0, 'PD_2,PD_3': 0.0, 'PD_2,PD_5': 0.5, 'PD_2,PD_6': 0.0, 'PD_3,PD_5': 0.0, 'PD_3,PD_6': 0.0, 'PD_5,PD_6': 0.0}, ASR: 1.2, TCB: {'PD_1': ['PD_3', 'PD_2', 'PD_5'], 'PD_2': ['PD_1', 'PD_5'], 'PD_3': ['PD_1'], 'PD_5': ['PD_1', 'PD_2'], 'PD_6': []}, FR: {'PD_1,PD_2': inf, 'PD_1,PD_3': inf, 'PD_1,PD_5': inf, 'PD_1,PD_6': inf, 'PD_2,PD_3': inf, 'PD_2,PD_5': inf, 'PD_2,PD_6': inf, 'PD_3,PD_5': inf, 'PD_3,PD_6': inf, 'PD_5,PD_6': inf}
  Computing metrics...
    RSI: {'PD_1,PD_2': 0.3333333333333333, 'PD_1,PD_3': 0.5, 'PD_1,PD_5': 0.0, 'PD_1,PD_6': 0.0, 'PD_2,PD_3': 0.0, 'PD_2,PD_5': 0.0, 'PD_2,PD_6': 0.0, 'PD_3,PD_5': 0.0, 'PD_3,PD_6': 0.0, 'PD_5,PD_6': 0.0}, ASR: 1.0, TCB: {'PD_1': ['PD_3', 'PD_2'], 'PD_2': ['PD_1'], 'PD_3': ['PD_1'], 'PD_5': [], 'PD_6': []}, FR: {'PD_1,PD_2': inf, 'PD_1,PD_3': inf, 'PD_1,PD_5': inf, 'PD_1,PD_6': inf, 'PD_2,PD_3': inf, 'PD_2,PD_5': inf, 'PD_2,PD_6': inf, 'PD_3,PD_5': inf, 'PD_3,PD_6': inf, 'PD_5,PD_6': inf}
  Computing metrics...
    RSI: {'PD_1,PD_2': 0.3333333333333333, 'PD_1,PD_3': 0.5, 'PD_1,PD_5': 0.0, 'PD_1,PD_6': 0.0, 'PD_2,PD_3': 0.0, 'PD_2,PD_5': 0.0, 'PD_2,PD_6': 0.0, 'PD_3,PD_5': 0.0, 'PD_3,PD_6': 0.0, 'PD_5,PD_6': 0.0}, ASR: 1.2, TCB: {'PD_1': ['PD_3', 'PD_2'], 'PD_2': ['PD_1'], 'PD_3': ['PD_1'], 'PD_5': [], 'PD_6': []}, FR: {'PD_1,PD_2': inf, 'PD_1,PD_3': inf, 'PD_1,PD_5': inf, 'PD_1,PD_6': inf, 'PD_2,PD_3': inf, 'PD_2,PD_5': inf, 'PD_2,PD_6': inf, 'PD_3,PD_5': inf, 'PD_3,PD_6': inf, 'PD_5,PD_6': inf}
  Computing metrics...
    RSI: {'PD_1,PD_2': 0.3333333333333333, 'PD_1,PD_3': 0.5, 'PD_1,PD_5': 0.0, 'PD_1,PD_6': 0.0, 'PD_2,PD_3': 0.0, 'PD_2,PD_5': 0.0, 'PD_2,PD_6': 0.0, 'PD_3,PD_5': 0.0, 'PD_3,PD_6': 0.0, 'PD_5,PD_6': 0.0}, ASR: 1.0, TCB: {'PD_1': ['PD_3', 'PD_2'], 'PD_2': ['PD_1'], 'PD_3': ['PD_1'], 'PD_5': [], 'PD_6': []}, FR: {'PD_1,PD_2': inf, 'PD_1,PD_3': inf, 'PD_1,PD_5': inf, 'PD_1,PD_6': inf, 'PD_2,PD_3': inf, 'PD_2,PD_5': inf, 'PD_2,PD_6': inf, 'PD_3,PD_5': inf, 'PD_3,PD_6': inf, 'PD_5,PD_6': inf}
  Computing metrics...
    RSI: {'PD_1,PD_2': 0.3333333333333333, 'PD_1,PD_3': 0.5, 'PD_1,PD_5': 0.0, 'PD_1,PD_6': 0.5, 'PD_2,PD_3': 0.0, 'PD_2,PD_5': 0.0, 'PD_2,PD_6': 0.0, 'PD_3,PD_5': 0.0, 'PD_3,PD_6': 1.0, 'PD_5,PD_6': 0.0}, ASR: 1.2, TCB: {'PD_1': ['PD_3', 'PD_6', 'PD_2'], 'PD_2': ['PD_1'], 'PD_3': ['PD_1', 'PD_6'], 'PD_5': [], 'PD_6': ['PD_1', 'PD_3']}, FR: {'PD_1,PD_2': inf, 'PD_1,PD_3': inf, 'PD_1,PD_5': inf, 'PD_1,PD_6': inf, 'PD_2,PD_3': inf, 'PD_2,PD_5': inf, 'PD_2,PD_6': inf, 'PD_3,PD_5': inf, 'PD_3,PD_6': inf, 'PD_5,PD_6': inf}
  Computing metrics...
    RSI: {'PD_1,PD_2': 0.3333333333333333, 'PD_1,PD_3': 0.5, 'PD_1,PD_5': 0.0, 'PD_1,PD_6': 0.0, 'PD_2,PD_3': 0.0, 'PD_2,PD_5': 0.0, 'PD_2,PD_6': 0.0, 'PD_3,PD_5': 0.0, 'PD_3,PD_6': 0.0, 'PD_5,PD_6': 0.0}, ASR: 1.0, TCB: {'PD_1': ['PD_3', 'PD_2'], 'PD_2': ['PD_1'], 'PD_3': ['PD_1'], 'PD_5': [], 'PD_6': []}, FR: {'PD_1,PD_2': inf, 'PD_1,PD_3': inf, 'PD_1,PD_5': inf, 'PD_1,PD_6': inf, 'PD_2,PD_3': inf, 'PD_2,PD_5': inf, 'PD_2,PD_6': inf, 'PD_3,PD_5': inf, 'PD_3,PD_6': inf, 'PD_5,PD_6': inf}
  Computing metrics...
    RSI: {'PD_1,PD_2': 0.3333333333333333, 'PD_1,PD_3': 0.5, 'PD_1,PD_5': 0.0, 'PD_1,PD_6': 0.0, 'PD_2,PD_3': 0.0, 'PD_2,PD_5': 0.0, 'PD_2,PD_6': 0.5, 'PD_3,PD_5': 0.0, 'PD_3,PD_6': 0.0, 'PD_5,PD_6': 0.0}, ASR: 1.2, TCB: {'PD_1': ['PD_3', 'PD_2'], 'PD_2': ['PD_1', 'PD_6'], 'PD_3': ['PD_1'], 'PD_5': [], 'PD_6': ['PD_2']}, FR: {'PD_1,PD_2': inf, 'PD_1,PD_3': inf, 'PD_1,PD_5': inf, 'PD_1,PD_6': inf, 'PD_2,PD_3': inf, 'PD_2,PD_5': inf, 'PD_2,PD_6': inf, 'PD_3,PD_5': inf, 'PD_3,PD_6': inf, 'PD_5,PD_6': inf}
  Computing metrics...
    RSI: {'PD_1,PD_2': 0.3333333333333333, 'PD_1,PD_3': 0.5, 'PD_1,PD_5': 0.0, 'PD_1,PD_6': 0.0, 'PD_2,PD_3': 0.0, 'PD_2,PD_5': 0.0, 'PD_2,PD_6': 0.0, 'PD_3,PD_5': 0.0, 'PD_3,PD_6': 0.0, 'PD_5,PD_6': 0.0}, ASR: 1.0, TCB: {'PD_1': ['PD_3', 'PD_2'], 'PD_2': ['PD_1'], 'PD_3': ['PD_1'], 'PD_5': [], 'PD_6': []}, FR: {'PD_1,PD_2': inf, 'PD_1,PD_3': inf, 'PD_1,PD_5': inf, 'PD_1,PD_6': inf, 'PD_2,PD_3': inf, 'PD_2,PD_5': inf, 'PD_2,PD_6': inf, 'PD_3,PD_5': inf, 'PD_3,PD_6': inf, 'PD_5,PD_6': inf}
  Computing metrics...
    RSI: {'PD_1,PD_2': 0.3333333333333333, 'PD_1,PD_3': 0.5, 'PD_1,PD_5': 0.0, 'PD_1,PD_6': 0.5, 'PD_2,PD_3': 0.0, 'PD_2,PD_5': 0.0, 'PD_2,PD_6': 0.5, 'PD_3,PD_5': 0.0, 'PD_3,PD_6': 0.0, 'PD_5,PD_6': 0.0}, ASR: 1.2, TCB: {'PD_1': ['PD_3', 'PD_2', 'PD_6'], 'PD_2': ['PD_1', 'PD_6'], 'PD_3': ['PD_1'], 'PD_5': [], 'PD_6': ['PD_1', 'PD_2']}, FR: {'PD_1,PD_2': inf, 'PD_1,PD_3': inf, 'PD_1,PD_5': inf, 'PD_1,PD_6': inf, 'PD_2,PD_3': inf, 'PD_2,PD_5': inf, 'PD_2,PD_6': inf, 'PD_3,PD_5': inf, 'PD_3,PD_6': inf, 'PD_5,PD_6': inf}
  Computing metrics...
    RSI: {'PD_1,PD_2': 0.3333333333333333, 'PD_1,PD_3': 0.5, 'PD_1,PD_5': 0.0, 'PD_1,PD_6': 0.0, 'PD_2,PD_3': 0.0, 'PD_2,PD_5': 0.0, 'PD_2,PD_6': 0.0, 'PD_3,PD_5': 0.0, 'PD_3,PD_6': 0.0, 'PD_5,PD_6': 0.0}, ASR: 1.0, TCB: {'PD_1': ['PD_3', 'PD_2'], 'PD_2': ['PD_1'], 'PD_3': ['PD_1'], 'PD_5': [], 'PD_6': []}, FR: {'PD_1,PD_2': inf, 'PD_1,PD_3': inf, 'PD_1,PD_5': inf, 'PD_1,PD_6': inf, 'PD_2,PD_3': inf, 'PD_2,PD_5': inf, 'PD_2,PD_6': inf, 'PD_3,PD_5': inf, 'PD_3,PD_6': inf, 'PD_5,PD_6': inf}
  Computing metrics...
    RSI: {'PD_1,PD_2': 0.3333333333333333, 'PD_1,PD_3': 0.5, 'PD_1,PD_5': 0.0, 'PD_1,PD_6': 0.0, 'PD_2,PD_3': 0.0, 'PD_2,PD_5': 0.0, 'PD_2,PD_6': 0.0, 'PD_3,PD_5': 0.0, 'PD_3,PD_6': 0.0, 'PD_5,PD_6': 0.0}, ASR: 1.2, TCB: {'PD_1': ['PD_3', 'PD_2'], 'PD_2': ['PD_1'], 'PD_3': ['PD_1'], 'PD_5': [], 'PD_6': []}, FR: {'PD_1,PD_2': inf, 'PD_1,PD_3': inf, 'PD_1,PD_5': inf, 'PD_1,PD_6': inf, 'PD_2,PD_3': inf, 'PD_2,PD_5': inf, 'PD_2,PD_6': inf, 'PD_3,PD_5': inf, 'PD_3,PD_6': inf, 'PD_5,PD_6': inf}
  Computing metrics...
    RSI: {'PD_1,PD_2': 0.3333333333333333, 'PD_1,PD_3': 0.5, 'PD_1,PD_5': 0.0, 'PD_1,PD_6': 0.0, 'PD_2,PD_3': 0.0, 'PD_2,PD_5': 0.0, 'PD_2,PD_6': 0.0, 'PD_3,PD_5': 0.0, 'PD_3,PD_6': 0.0, 'PD_5,PD_6': 0.0}, ASR: 1.0, TCB: {'PD_1': ['PD_3', 'PD_2'], 'PD_2': ['PD_1'], 'PD_3': ['PD_1'], 'PD_5': [], 'PD_6': []}, FR: {'PD_1,PD_2': inf, 'PD_1,PD_3': inf, 'PD_1,PD_5': inf, 'PD_1,PD_6': inf, 'PD_2,PD_3': inf, 'PD_2,PD_5': inf, 'PD_2,PD_6': inf, 'PD_3,PD_5': inf, 'PD_3,PD_6': inf, 'PD_5,PD_6': inf}
  Computing metrics...
    RSI: {'PD_1,PD_2': 0.3333333333333333, 'PD_1,PD_3': 0.5, 'PD_1,PD_5': 0.0, 'PD_1,PD_6': 0.0, 'PD_2,PD_3': 0.0, 'PD_2,PD_5': 0.0, 'PD_2,PD_6': 0.0, 'PD_3,PD_5': 0.0, 'PD_3,PD_6': 0.0, 'PD_5,PD_6': 0.0}, ASR: 1.0, TCB: {'PD_1': ['PD_3', 'PD_2'], 'PD_2': ['PD_1'], 'PD_3': ['PD_1'], 'PD_5': [], 'PD_6': []}, FR: {'PD_1,PD_2': inf, 'PD_1,PD_3': inf, 'PD_1,PD_5': inf, 'PD_1,PD_6': inf, 'PD_2,PD_3': inf, 'PD_2,PD_5': inf, 'PD_2,PD_6': inf, 'PD_3,PD_5': inf, 'PD_3,PD_6': inf, 'PD_5,PD_6': inf}
    remove_hold_edge candidate: remove PD_3 -> FILE_1_1 HOLD edge -> score: 0.100
  Computing metrics...
    RSI: {'PD_1,PD_2': 0.3333333333333333, 'PD_1,PD_3': 0.5, 'PD_1,PD_5': 0.0, 'PD_1,PD_6': 0.0, 'PD_2,PD_3': 0.0, 'PD_2,PD_5': 0.0, 'PD_2,PD_6': 0.0, 'PD_3,PD_5': 0.0, 'PD_3,PD_6': 0.0, 'PD_5,PD_6': 0.0}, ASR: 1.0, TCB: {'PD_1': ['PD_3', 'PD_2'], 'PD_2': ['PD_1'], 'PD_3': ['PD_1'], 'PD_5': [], 'PD_6': []}, FR: {'PD_1,PD_2': inf, 'PD_1,PD_3': inf, 'PD_1,PD_5': inf, 'PD_1,PD_6': inf, 'PD_2,PD_3': inf, 'PD_2,PD_5': inf, 'PD_2,PD_6': inf, 'PD_3,PD_5': inf, 'PD_3,PD_6': inf, 'PD_5,PD_6': inf}
  Computing metrics...
    RSI: {'PD_1,PD_2': 0.3333333333333333, 'PD_1,PD_3': 0.5, 'PD_1,PD_5': 0.0, 'PD_1,PD_6': 0.0, 'PD_2,PD_3': 0.0, 'PD_2,PD_5': 0.0, 'PD_2,PD_6': 0.0, 'PD_3,PD_5': 0.0, 'PD_3,PD_6': 0.0, 'PD_5,PD_6': 0.0}, ASR: 1.2, TCB: {'PD_1': ['PD_2', 'PD_3'], 'PD_2': ['PD_1'], 'PD_3': ['PD_1'], 'PD_5': [], 'PD_6': []}, FR: {'PD_1,PD_2': inf, 'PD_1,PD_3': inf, 'PD_1,PD_5': inf, 'PD_1,PD_6': inf, 'PD_2,PD_3': inf, 'PD_2,PD_5': inf, 'PD_2,PD_6': inf, 'PD_3,PD_5': inf, 'PD_3,PD_6': inf, 'PD_5,PD_6': inf}
  Computing metrics...
    RSI: {'PD_1,PD_2': 0.3333333333333333, 'PD_1,PD_3': 0.5, 'PD_1,PD_5': 0.0, 'PD_1,PD_6': 0.0, 'PD_2,PD_3': 0.0, 'PD_2,PD_5': 0.0, 'PD_2,PD_6': 0.0, 'PD_3,PD_5': 0.0, 'PD_3,PD_6': 0.0, 'PD_5,PD_6': 0.0}, ASR: 1.0, TCB: {'PD_1': ['PD_3', 'PD_2'], 'PD_2': ['PD_1'], 'PD_3': ['PD_1'], 'PD_5': [], 'PD_6': []}, FR: {'PD_1,PD_2': inf, 'PD_1,PD_3': inf, 'PD_1,PD_5': inf, 'PD_1,PD_6': inf, 'PD_2,PD_3': inf, 'PD_2,PD_5': inf, 'PD_2,PD_6': inf, 'PD_3,PD_5': inf, 'PD_3,PD_6': inf, 'PD_5,PD_6': inf}
  Computing metrics...
    RSI: {'PD_1,PD_2': 0.3333333333333333, 'PD_1,PD_3': 0.5, 'PD_1,PD_5': 0.0, 'PD_1,PD_6': 0.0, 'PD_2,PD_3': 0.0, 'PD_2,PD_5': 0.0, 'PD_2,PD_6': 0.0, 'PD_3,PD_5': 0.0, 'PD_3,PD_6': 0.0, 'PD_5,PD_6': 0.0}, ASR: 1.2, TCB: {'PD_1': ['PD_3', 'PD_2'], 'PD_2': ['PD_1'], 'PD_3': ['PD_1'], 'PD_5': [], 'PD_6': []}, FR: {'PD_1,PD_2': inf, 'PD_1,PD_3': inf, 'PD_1,PD_5': inf, 'PD_1,PD_6': inf, 'PD_2,PD_3': inf, 'PD_2,PD_5': inf, 'PD_2,PD_6': inf, 'PD_3,PD_5': inf, 'PD_3,PD_6': inf, 'PD_5,PD_6': inf}
  Computing metrics...
    RSI: {'PD_1,PD_2': 0.3333333333333333, 'PD_1,PD_3': 0.5, 'PD_1,PD_5': 0.0, 'PD_1,PD_6': 0.0, 'PD_2,PD_3': 0.0, 'PD_2,PD_5': 0.0, 'PD_2,PD_6': 0.0, 'PD_3,PD_5': 0.0, 'PD_3,PD_6': 0.0, 'PD_5,PD_6': 0.0}, ASR: 1.0, TCB: {'PD_1': ['PD_3', 'PD_2'], 'PD_2': ['PD_1'], 'PD_3': ['PD_1'], 'PD_5': [], 'PD_6': []}, FR: {'PD_1,PD_2': inf, 'PD_1,PD_3': inf, 'PD_1,PD_5': inf, 'PD_1,PD_6': inf, 'PD_2,PD_3': inf, 'PD_2,PD_5': inf, 'PD_2,PD_6': inf, 'PD_3,PD_5': inf, 'PD_3,PD_6': inf, 'PD_5,PD_6': inf}
  Computing metrics...
    RSI: {'PD_1,PD_2': 0.3333333333333333, 'PD_1,PD_3': 0.5, 'PD_1,PD_5': 0.0, 'PD_1,PD_6': 0.0, 'PD_2,PD_3': 0.0, 'PD_2,PD_5': 0.0, 'PD_2,PD_6': 0.0, 'PD_3,PD_5': 0.0, 'PD_3,PD_6': 0.0, 'PD_5,PD_6': 0.0}, ASR: 1.2, TCB: {'PD_1': ['PD_5', 'PD_3', 'PD_2'], 'PD_2': ['PD_1'], 'PD_3': ['PD_1'], 'PD_5': [], 'PD_6': []}, FR: {'PD_1,PD_2': inf, 'PD_1,PD_3': inf, 'PD_1,PD_5': inf, 'PD_1,PD_6': inf, 'PD_2,PD_3': inf, 'PD_2,PD_5': inf, 'PD_2,PD_6': inf, 'PD_3,PD_5': inf, 'PD_3,PD_6': inf, 'PD_5,PD_6': inf}
  Computing metrics...
    RSI: {'PD_1,PD_2': 0.3333333333333333, 'PD_1,PD_3': 0.5, 'PD_1,PD_5': 0.0, 'PD_1,PD_6': 0.0, 'PD_2,PD_3': 0.0, 'PD_2,PD_5': 0.0, 'PD_2,PD_6': 0.0, 'PD_3,PD_5': 0.0, 'PD_3,PD_6': 0.0, 'PD_5,PD_6': 0.0}, ASR: 1.0, TCB: {'PD_1': ['PD_3', 'PD_2'], 'PD_2': ['PD_1'], 'PD_3': ['PD_1'], 'PD_5': [], 'PD_6': []}, FR: {'PD_1,PD_2': inf, 'PD_1,PD_3': inf, 'PD_1,PD_5': inf, 'PD_1,PD_6': inf, 'PD_2,PD_3': inf, 'PD_2,PD_5': inf, 'PD_2,PD_6': inf, 'PD_3,PD_5': inf, 'PD_3,PD_6': inf, 'PD_5,PD_6': inf}
  Computing metrics...
    RSI: {'PD_1,PD_2': 0.3333333333333333, 'PD_1,PD_3': 0.5, 'PD_1,PD_5': 0.0, 'PD_1,PD_6': 0.0, 'PD_2,PD_3': 0.0, 'PD_2,PD_5': 0.0, 'PD_2,PD_6': 0.0, 'PD_3,PD_5': 0.0, 'PD_3,PD_6': 0.0, 'PD_5,PD_6': 0.0}, ASR: 1.2, TCB: {'PD_1': ['PD_6', 'PD_3', 'PD_2'], 'PD_2': ['PD_1'], 'PD_3': ['PD_1'], 'PD_5': [], 'PD_6': []}, FR: {'PD_1,PD_2': inf, 'PD_1,PD_3': inf, 'PD_1,PD_5': inf, 'PD_1,PD_6': inf, 'PD_2,PD_3': inf, 'PD_2,PD_5': inf, 'PD_2,PD_6': inf, 'PD_3,PD_5': inf, 'PD_3,PD_6': inf, 'PD_5,PD_6': inf}
  Computing metrics...
    RSI: {'PD_1,PD_2': 0.3333333333333333, 'PD_1,PD_3': 0.5, 'PD_1,PD_5': 0.0, 'PD_1,PD_6': 0.0, 'PD_2,PD_3': 0.0, 'PD_2,PD_5': 0.0, 'PD_2,PD_6': 0.0, 'PD_3,PD_5': 0.0, 'PD_3,PD_6': 0.0, 'PD_5,PD_6': 0.0}, ASR: 1.0, TCB: {'PD_1': ['PD_3', 'PD_2'], 'PD_2': ['PD_1'], 'PD_3': ['PD_1'], 'PD_5': [], 'PD_6': []}, FR: {'PD_1,PD_2': inf, 'PD_1,PD_3': inf, 'PD_1,PD_5': inf, 'PD_1,PD_6': inf, 'PD_2,PD_3': inf, 'PD_2,PD_5': inf, 'PD_2,PD_6': inf, 'PD_3,PD_5': inf, 'PD_3,PD_6': inf, 'PD_5,PD_6': inf}
  Computing metrics...
    RSI: {'PD_1,PD_2': 0.3333333333333333, 'PD_1,PD_3': 0.5, 'PD_1,PD_5': 0.0, 'PD_1,PD_6': 0.0, 'PD_2,PD_3': 0.0, 'PD_2,PD_5': 0.0, 'PD_2,PD_6': 0.0, 'PD_3,PD_5': 0.0, 'PD_3,PD_6': 0.0, 'PD_5,PD_6': 0.0}, ASR: 1.2, TCB: {'PD_1': ['PD_3', 'PD_2'], 'PD_2': ['PD_1'], 'PD_3': ['PD_1'], 'PD_5': [], 'PD_6': []}, FR: {'PD_1,PD_2': inf, 'PD_1,PD_3': inf, 'PD_1,PD_5': inf, 'PD_1,PD_6': inf, 'PD_2,PD_3': inf, 'PD_2,PD_5': inf, 'PD_2,PD_6': inf, 'PD_3,PD_5': inf, 'PD_3,PD_6': inf, 'PD_5,PD_6': inf}
  Computing metrics...
    RSI: {'PD_1,PD_2': 0.3333333333333333, 'PD_1,PD_3': 0.5, 'PD_1,PD_5': 0.0, 'PD_1,PD_6': 0.0, 'PD_2,PD_3': 0.0, 'PD_2,PD_5': 0.0, 'PD_2,PD_6': 0.0, 'PD_3,PD_5': 0.0, 'PD_3,PD_6': 0.0, 'PD_5,PD_6': 0.0}, ASR: 1.0, TCB: {'PD_1': ['PD_3', 'PD_2'], 'PD_2': ['PD_1'], 'PD_3': ['PD_1'], 'PD_5': [], 'PD_6': []}, FR: {'PD_1,PD_2': inf, 'PD_1,PD_3': inf, 'PD_1,PD_5': inf, 'PD_1,PD_6': inf, 'PD_2,PD_3': inf, 'PD_2,PD_5': inf, 'PD_2,PD_6': inf, 'PD_3,PD_5': inf, 'PD_3,PD_6': inf, 'PD_5,PD_6': inf}
  Computing metrics...
    RSI: {'PD_1,PD_2': 0.3333333333333333, 'PD_1,PD_3': 0.5, 'PD_1,PD_5': 0.0, 'PD_1,PD_6': 0.0, 'PD_2,PD_3': 0.0, 'PD_2,PD_5': 0.0, 'PD_2,PD_6': 0.0, 'PD_3,PD_5': 0.0, 'PD_3,PD_6': 0.0, 'PD_5,PD_6': 0.0}, ASR: 1.2, TCB: {'PD_1': ['PD_3', 'PD_2'], 'PD_2': ['PD_3', 'PD_1'], 'PD_3': ['PD_1'], 'PD_5': [], 'PD_6': []}, FR: {'PD_1,PD_2': inf, 'PD_1,PD_3': inf, 'PD_1,PD_5': inf, 'PD_1,PD_6': inf, 'PD_2,PD_3': inf, 'PD_2,PD_5': inf, 'PD_2,PD_6': inf, 'PD_3,PD_5': inf, 'PD_3,PD_6': inf, 'PD_5,PD_6': inf}
  Computing metrics...
    RSI: {'PD_1,PD_2': 0.3333333333333333, 'PD_1,PD_3': 0.5, 'PD_1,PD_5': 0.0, 'PD_1,PD_6': 0.0, 'PD_2,PD_3': 0.0, 'PD_2,PD_5': 0.0, 'PD_2,PD_6': 0.0, 'PD_3,PD_5': 0.0, 'PD_3,PD_6': 0.0, 'PD_5,PD_6': 0.0}, ASR: 1.0, TCB: {'PD_1': ['PD_3', 'PD_2'], 'PD_2': ['PD_1'], 'PD_3': ['PD_1'], 'PD_5': [], 'PD_6': []}, FR: {'PD_1,PD_2': inf, 'PD_1,PD_3': inf, 'PD_1,PD_5': inf, 'PD_1,PD_6': inf, 'PD_2,PD_3': inf, 'PD_2,PD_5': inf, 'PD_2,PD_6': inf, 'PD_3,PD_5': inf, 'PD_3,PD_6': inf, 'PD_5,PD_6': inf}
  Computing metrics...
    RSI: {'PD_1,PD_2': 0.3333333333333333, 'PD_1,PD_3': 0.5, 'PD_1,PD_5': 0.0, 'PD_1,PD_6': 0.0, 'PD_2,PD_3': 0.0, 'PD_2,PD_5': 0.0, 'PD_2,PD_6': 0.0, 'PD_3,PD_5': 0.0, 'PD_3,PD_6': 0.0, 'PD_5,PD_6': 0.0}, ASR: 1.2, TCB: {'PD_1': ['PD_3', 'PD_2'], 'PD_2': ['PD_5', 'PD_1'], 'PD_3': ['PD_1'], 'PD_5': [], 'PD_6': []}, FR: {'PD_1,PD_2': inf, 'PD_1,PD_3': inf, 'PD_1,PD_5': inf, 'PD_1,PD_6': inf, 'PD_2,PD_3': inf, 'PD_2,PD_5': inf, 'PD_2,PD_6': inf, 'PD_3,PD_5': inf, 'PD_3,PD_6': inf, 'PD_5,PD_6': inf}
  Computing metrics...
    RSI: {'PD_1,PD_2': 0.3333333333333333, 'PD_1,PD_3': 0.5, 'PD_1,PD_5': 0.0, 'PD_1,PD_6': 0.0, 'PD_2,PD_3': 0.0, 'PD_2,PD_5': 0.0, 'PD_2,PD_6': 0.0, 'PD_3,PD_5': 0.0, 'PD_3,PD_6': 0.0, 'PD_5,PD_6': 0.0}, ASR: 1.0, TCB: {'PD_1': ['PD_3', 'PD_2'], 'PD_2': ['PD_1'], 'PD_3': ['PD_1'], 'PD_5': [], 'PD_6': []}, FR: {'PD_1,PD_2': inf, 'PD_1,PD_3': inf, 'PD_1,PD_5': inf, 'PD_1,PD_6': inf, 'PD_2,PD_3': inf, 'PD_2,PD_5': inf, 'PD_2,PD_6': inf, 'PD_3,PD_5': inf, 'PD_3,PD_6': inf, 'PD_5,PD_6': inf}
  Computing metrics...
    RSI: {'PD_1,PD_2': 0.3333333333333333, 'PD_1,PD_3': 0.5, 'PD_1,PD_5': 0.0, 'PD_1,PD_6': 0.0, 'PD_2,PD_3': 0.0, 'PD_2,PD_5': 0.0, 'PD_2,PD_6': 0.0, 'PD_3,PD_5': 0.0, 'PD_3,PD_6': 0.0, 'PD_5,PD_6': 0.0}, ASR: 1.2, TCB: {'PD_1': ['PD_3', 'PD_2'], 'PD_2': ['PD_6', 'PD_1'], 'PD_3': ['PD_1'], 'PD_5': [], 'PD_6': []}, FR: {'PD_1,PD_2': inf, 'PD_1,PD_3': inf, 'PD_1,PD_5': inf, 'PD_1,PD_6': inf, 'PD_2,PD_3': inf, 'PD_2,PD_5': inf, 'PD_2,PD_6': inf, 'PD_3,PD_5': inf, 'PD_3,PD_6': inf, 'PD_5,PD_6': inf}
  Computing metrics...
    RSI: {'PD_1,PD_2': 0.3333333333333333, 'PD_1,PD_3': 0.5, 'PD_1,PD_5': 0.0, 'PD_1,PD_6': 0.0, 'PD_2,PD_3': 0.0, 'PD_2,PD_5': 0.0, 'PD_2,PD_6': 0.0, 'PD_3,PD_5': 0.0, 'PD_3,PD_6': 0.0, 'PD_5,PD_6': 0.0}, ASR: 1.0, TCB: {'PD_1': ['PD_3', 'PD_2'], 'PD_2': ['PD_1'], 'PD_3': ['PD_1'], 'PD_5': [], 'PD_6': []}, FR: {'PD_1,PD_2': inf, 'PD_1,PD_3': inf, 'PD_1,PD_5': inf, 'PD_1,PD_6': inf, 'PD_2,PD_3': inf, 'PD_2,PD_5': inf, 'PD_2,PD_6': inf, 'PD_3,PD_5': inf, 'PD_3,PD_6': inf, 'PD_5,PD_6': inf}
  Computing metrics...
    RSI: {'PD_1,PD_2': 0.3333333333333333, 'PD_1,PD_3': 0.5, 'PD_1,PD_5': 0.0, 'PD_1,PD_6': 0.0, 'PD_2,PD_3': 0.0, 'PD_2,PD_5': 0.0, 'PD_2,PD_6': 0.0, 'PD_3,PD_5': 0.0, 'PD_3,PD_6': 0.0, 'PD_5,PD_6': 0.0}, ASR: 1.2, TCB: {'PD_1': ['PD_3', 'PD_2'], 'PD_2': ['PD_1'], 'PD_3': ['PD_1'], 'PD_5': [], 'PD_6': []}, FR: {'PD_1,PD_2': inf, 'PD_1,PD_3': inf, 'PD_1,PD_5': inf, 'PD_1,PD_6': inf, 'PD_2,PD_3': inf, 'PD_2,PD_5': inf, 'PD_2,PD_6': inf, 'PD_3,PD_5': inf, 'PD_3,PD_6': inf, 'PD_5,PD_6': inf}
  Computing metrics...
    RSI: {'PD_1,PD_2': 0.3333333333333333, 'PD_1,PD_3': 0.5, 'PD_1,PD_5': 0.0, 'PD_1,PD_6': 0.0, 'PD_2,PD_3': 0.0, 'PD_2,PD_5': 0.0, 'PD_2,PD_6': 0.0, 'PD_3,PD_5': 0.0, 'PD_3,PD_6': 0.0, 'PD_5,PD_6': 0.0}, ASR: 1.0, TCB: {'PD_1': ['PD_3', 'PD_2'], 'PD_2': ['PD_1'], 'PD_3': ['PD_1'], 'PD_5': [], 'PD_6': []}, FR: {'PD_1,PD_2': inf, 'PD_1,PD_3': inf, 'PD_1,PD_5': inf, 'PD_1,PD_6': inf, 'PD_2,PD_3': inf, 'PD_2,PD_5': inf, 'PD_2,PD_6': inf, 'PD_3,PD_5': inf, 'PD_3,PD_6': inf, 'PD_5,PD_6': inf}
  Computing metrics...
    RSI: {'PD_1,PD_2': 0.3333333333333333, 'PD_1,PD_3': 0.5, 'PD_1,PD_5': 0.0, 'PD_1,PD_6': 0.0, 'PD_2,PD_3': 0.0, 'PD_2,PD_5': 0.0, 'PD_2,PD_6': 0.0, 'PD_3,PD_5': 0.0, 'PD_3,PD_6': 0.0, 'PD_5,PD_6': 0.0}, ASR: 1.2, TCB: {'PD_1': ['PD_3', 'PD_2'], 'PD_2': ['PD_1'], 'PD_3': ['PD_2', 'PD_1'], 'PD_5': [], 'PD_6': []}, FR: {'PD_1,PD_2': inf, 'PD_1,PD_3': inf, 'PD_1,PD_5': inf, 'PD_1,PD_6': inf, 'PD_2,PD_3': inf, 'PD_2,PD_5': inf, 'PD_2,PD_6': inf, 'PD_3,PD_5': inf, 'PD_3,PD_6': inf, 'PD_5,PD_6': inf}
  Computing metrics...
    RSI: {'PD_1,PD_2': 0.3333333333333333, 'PD_1,PD_3': 0.5, 'PD_1,PD_5': 0.0, 'PD_1,PD_6': 0.0, 'PD_2,PD_3': 0.0, 'PD_2,PD_5': 0.0, 'PD_2,PD_6': 0.0, 'PD_3,PD_5': 0.0, 'PD_3,PD_6': 0.0, 'PD_5,PD_6': 0.0}, ASR: 1.0, TCB: {'PD_1': ['PD_3', 'PD_2'], 'PD_2': ['PD_1'], 'PD_3': ['PD_1'], 'PD_5': [], 'PD_6': []}, FR: {'PD_1,PD_2': inf, 'PD_1,PD_3': inf, 'PD_1,PD_5': inf, 'PD_1,PD_6': inf, 'PD_2,PD_3': inf, 'PD_2,PD_5': inf, 'PD_2,PD_6': inf, 'PD_3,PD_5': inf, 'PD_3,PD_6': inf, 'PD_5,PD_6': inf}
  Computing metrics...
    RSI: {'PD_1,PD_2': 0.3333333333333333, 'PD_1,PD_3': 0.5, 'PD_1,PD_5': 0.0, 'PD_1,PD_6': 0.0, 'PD_2,PD_3': 0.0, 'PD_2,PD_5': 0.0, 'PD_2,PD_6': 0.0, 'PD_3,PD_5': 0.0, 'PD_3,PD_6': 0.0, 'PD_5,PD_6': 0.0}, ASR: 1.2, TCB: {'PD_1': ['PD_3', 'PD_2'], 'PD_2': ['PD_1'], 'PD_3': ['PD_5', 'PD_1'], 'PD_5': [], 'PD_6': []}, FR: {'PD_1,PD_2': inf, 'PD_1,PD_3': inf, 'PD_1,PD_5': inf, 'PD_1,PD_6': inf, 'PD_2,PD_3': inf, 'PD_2,PD_5': inf, 'PD_2,PD_6': inf, 'PD_3,PD_5': inf, 'PD_3,PD_6': inf, 'PD_5,PD_6': inf}
  Computing metrics...
    RSI: {'PD_1,PD_2': 0.3333333333333333, 'PD_1,PD_3': 0.5, 'PD_1,PD_5': 0.0, 'PD_1,PD_6': 0.0, 'PD_2,PD_3': 0.0, 'PD_2,PD_5': 0.0, 'PD_2,PD_6': 0.0, 'PD_3,PD_5': 0.0, 'PD_3,PD_6': 0.0, 'PD_5,PD_6': 0.0}, ASR: 1.0, TCB: {'PD_1': ['PD_3', 'PD_2'], 'PD_2': ['PD_1'], 'PD_3': ['PD_1'], 'PD_5': [], 'PD_6': []}, FR: {'PD_1,PD_2': inf, 'PD_1,PD_3': inf, 'PD_1,PD_5': inf, 'PD_1,PD_6': inf, 'PD_2,PD_3': inf, 'PD_2,PD_5': inf, 'PD_2,PD_6': inf, 'PD_3,PD_5': inf, 'PD_3,PD_6': inf, 'PD_5,PD_6': inf}
  Computing metrics...
    RSI: {'PD_1,PD_2': 0.3333333333333333, 'PD_1,PD_3': 0.5, 'PD_1,PD_5': 0.0, 'PD_1,PD_6': 0.0, 'PD_2,PD_3': 0.0, 'PD_2,PD_5': 0.0, 'PD_2,PD_6': 0.0, 'PD_3,PD_5': 0.0, 'PD_3,PD_6': 0.0, 'PD_5,PD_6': 0.0}, ASR: 1.2, TCB: {'PD_1': ['PD_3', 'PD_2'], 'PD_2': ['PD_1'], 'PD_3': ['PD_6', 'PD_1'], 'PD_5': [], 'PD_6': []}, FR: {'PD_1,PD_2': inf, 'PD_1,PD_3': inf, 'PD_1,PD_5': inf, 'PD_1,PD_6': inf, 'PD_2,PD_3': inf, 'PD_2,PD_5': inf, 'PD_2,PD_6': inf, 'PD_3,PD_5': inf, 'PD_3,PD_6': inf, 'PD_5,PD_6': inf}
  Computing metrics...
    RSI: {'PD_1,PD_2': 0.3333333333333333, 'PD_1,PD_3': 0.5, 'PD_1,PD_5': 0.0, 'PD_1,PD_6': 0.0, 'PD_2,PD_3': 0.0, 'PD_2,PD_5': 0.0, 'PD_2,PD_6': 0.0, 'PD_3,PD_5': 0.0, 'PD_3,PD_6': 0.0, 'PD_5,PD_6': 0.0}, ASR: 1.0, TCB: {'PD_1': ['PD_3', 'PD_2'], 'PD_2': ['PD_1'], 'PD_3': ['PD_1'], 'PD_5': [], 'PD_6': []}, FR: {'PD_1,PD_2': inf, 'PD_1,PD_3': inf, 'PD_1,PD_5': inf, 'PD_1,PD_6': inf, 'PD_2,PD_3': inf, 'PD_2,PD_5': inf, 'PD_2,PD_6': inf, 'PD_3,PD_5': inf, 'PD_3,PD_6': inf, 'PD_5,PD_6': inf}
  Computing metrics...
    RSI: {'PD_1,PD_2': 0.3333333333333333, 'PD_1,PD_3': 0.5, 'PD_1,PD_5': 0.0, 'PD_1,PD_6': 0.0, 'PD_2,PD_3': 0.0, 'PD_2,PD_5': 0.0, 'PD_2,PD_6': 0.0, 'PD_3,PD_5': 0.0, 'PD_3,PD_6': 0.0, 'PD_5,PD_6': 0.0}, ASR: 1.2, TCB: {'PD_1': ['PD_3', 'PD_2'], 'PD_2': ['PD_1'], 'PD_3': ['PD_1'], 'PD_5': ['PD_1'], 'PD_6': []}, FR: {'PD_1,PD_2': inf, 'PD_1,PD_3': inf, 'PD_1,PD_5': inf, 'PD_1,PD_6': inf, 'PD_2,PD_3': inf, 'PD_2,PD_5': inf, 'PD_2,PD_6': inf, 'PD_3,PD_5': inf, 'PD_3,PD_6': inf, 'PD_5,PD_6': inf}
  Computing metrics...
    RSI: {'PD_1,PD_2': 0.3333333333333333, 'PD_1,PD_3': 0.5, 'PD_1,PD_5': 0.0, 'PD_1,PD_6': 0.0, 'PD_2,PD_3': 0.0, 'PD_2,PD_5': 0.0, 'PD_2,PD_6': 0.0, 'PD_3,PD_5': 0.0, 'PD_3,PD_6': 0.0, 'PD_5,PD_6': 0.0}, ASR: 1.0, TCB: {'PD_1': ['PD_3', 'PD_2'], 'PD_2': ['PD_1'], 'PD_3': ['PD_1'], 'PD_5': [], 'PD_6': []}, FR: {'PD_1,PD_2': inf, 'PD_1,PD_3': inf, 'PD_1,PD_5': inf, 'PD_1,PD_6': inf, 'PD_2,PD_3': inf, 'PD_2,PD_5': inf, 'PD_2,PD_6': inf, 'PD_3,PD_5': inf, 'PD_3,PD_6': inf, 'PD_5,PD_6': inf}
  Computing metrics...
    RSI: {'PD_1,PD_2': 0.3333333333333333, 'PD_1,PD_3': 0.5, 'PD_1,PD_5': 0.0, 'PD_1,PD_6': 0.0, 'PD_2,PD_3': 0.0, 'PD_2,PD_5': 0.0, 'PD_2,PD_6': 0.0, 'PD_3,PD_5': 0.0, 'PD_3,PD_6': 0.0, 'PD_5,PD_6': 0.0}, ASR: 1.2, TCB: {'PD_1': ['PD_3', 'PD_2'], 'PD_2': ['PD_1'], 'PD_3': ['PD_1'], 'PD_5': ['PD_2'], 'PD_6': []}, FR: {'PD_1,PD_2': inf, 'PD_1,PD_3': inf, 'PD_1,PD_5': inf, 'PD_1,PD_6': inf, 'PD_2,PD_3': inf, 'PD_2,PD_5': inf, 'PD_2,PD_6': inf, 'PD_3,PD_5': inf, 'PD_3,PD_6': inf, 'PD_5,PD_6': inf}
  Computing metrics...
    RSI: {'PD_1,PD_2': 0.3333333333333333, 'PD_1,PD_3': 0.5, 'PD_1,PD_5': 0.0, 'PD_1,PD_6': 0.0, 'PD_2,PD_3': 0.0, 'PD_2,PD_5': 0.0, 'PD_2,PD_6': 0.0, 'PD_3,PD_5': 0.0, 'PD_3,PD_6': 0.0, 'PD_5,PD_6': 0.0}, ASR: 1.0, TCB: {'PD_1': ['PD_3', 'PD_2'], 'PD_2': ['PD_1'], 'PD_3': ['PD_1'], 'PD_5': [], 'PD_6': []}, FR: {'PD_1,PD_2': inf, 'PD_1,PD_3': inf, 'PD_1,PD_5': inf, 'PD_1,PD_6': inf, 'PD_2,PD_3': inf, 'PD_2,PD_5': inf, 'PD_2,PD_6': inf, 'PD_3,PD_5': inf, 'PD_3,PD_6': inf, 'PD_5,PD_6': inf}
  Computing metrics...
    RSI: {'PD_1,PD_2': 0.3333333333333333, 'PD_1,PD_3': 0.5, 'PD_1,PD_5': 0.0, 'PD_1,PD_6': 0.0, 'PD_2,PD_3': 0.0, 'PD_2,PD_5': 0.0, 'PD_2,PD_6': 0.0, 'PD_3,PD_5': 0.0, 'PD_3,PD_6': 0.0, 'PD_5,PD_6': 0.0}, ASR: 1.2, TCB: {'PD_1': ['PD_3', 'PD_2'], 'PD_2': ['PD_1'], 'PD_3': ['PD_1'], 'PD_5': ['PD_3'], 'PD_6': []}, FR: {'PD_1,PD_2': inf, 'PD_1,PD_3': inf, 'PD_1,PD_5': inf, 'PD_1,PD_6': inf, 'PD_2,PD_3': inf, 'PD_2,PD_5': inf, 'PD_2,PD_6': inf, 'PD_3,PD_5': inf, 'PD_3,PD_6': inf, 'PD_5,PD_6': inf}
  Computing metrics...
    RSI: {'PD_1,PD_2': 0.3333333333333333, 'PD_1,PD_3': 0.5, 'PD_1,PD_5': 0.0, 'PD_1,PD_6': 0.0, 'PD_2,PD_3': 0.0, 'PD_2,PD_5': 0.0, 'PD_2,PD_6': 0.0, 'PD_3,PD_5': 0.0, 'PD_3,PD_6': 0.0, 'PD_5,PD_6': 0.0}, ASR: 1.0, TCB: {'PD_1': ['PD_3', 'PD_2'], 'PD_2': ['PD_1'], 'PD_3': ['PD_1'], 'PD_5': [], 'PD_6': []}, FR: {'PD_1,PD_2': inf, 'PD_1,PD_3': inf, 'PD_1,PD_5': inf, 'PD_1,PD_6': inf, 'PD_2,PD_3': inf, 'PD_2,PD_5': inf, 'PD_2,PD_6': inf, 'PD_3,PD_5': inf, 'PD_3,PD_6': inf, 'PD_5,PD_6': inf}
  Computing metrics...
    RSI: {'PD_1,PD_2': 0.3333333333333333, 'PD_1,PD_3': 0.5, 'PD_1,PD_5': 0.0, 'PD_1,PD_6': 0.0, 'PD_2,PD_3': 0.0, 'PD_2,PD_5': 0.0, 'PD_2,PD_6': 0.0, 'PD_3,PD_5': 0.0, 'PD_3,PD_6': 0.0, 'PD_5,PD_6': 0.0}, ASR: 1.2, TCB: {'PD_1': ['PD_3', 'PD_2'], 'PD_2': ['PD_1'], 'PD_3': ['PD_1'], 'PD_5': ['PD_6'], 'PD_6': []}, FR: {'PD_1,PD_2': inf, 'PD_1,PD_3': inf, 'PD_1,PD_5': inf, 'PD_1,PD_6': inf, 'PD_2,PD_3': inf, 'PD_2,PD_5': inf, 'PD_2,PD_6': inf, 'PD_3,PD_5': inf, 'PD_3,PD_6': inf, 'PD_5,PD_6': inf}
  Computing metrics...
    RSI: {'PD_1,PD_2': 0.3333333333333333, 'PD_1,PD_3': 0.5, 'PD_1,PD_5': 0.0, 'PD_1,PD_6': 0.0, 'PD_2,PD_3': 0.0, 'PD_2,PD_5': 0.0, 'PD_2,PD_6': 0.0, 'PD_3,PD_5': 0.0, 'PD_3,PD_6': 0.0, 'PD_5,PD_6': 0.0}, ASR: 1.0, TCB: {'PD_1': ['PD_3', 'PD_2'], 'PD_2': ['PD_1'], 'PD_3': ['PD_1'], 'PD_5': [], 'PD_6': []}, FR: {'PD_1,PD_2': inf, 'PD_1,PD_3': inf, 'PD_1,PD_5': inf, 'PD_1,PD_6': inf, 'PD_2,PD_3': inf, 'PD_2,PD_5': inf, 'PD_2,PD_6': inf, 'PD_3,PD_5': inf, 'PD_3,PD_6': inf, 'PD_5,PD_6': inf}
  Computing metrics...
    RSI: {'PD_1,PD_2': 0.3333333333333333, 'PD_1,PD_3': 0.5, 'PD_1,PD_5': 0.0, 'PD_1,PD_6': 0.0, 'PD_2,PD_3': 0.0, 'PD_2,PD_5': 0.0, 'PD_2,PD_6': 0.0, 'PD_3,PD_5': 0.0, 'PD_3,PD_6': 0.0, 'PD_5,PD_6': 0.0}, ASR: 1.2, TCB: {'PD_1': ['PD_3', 'PD_2'], 'PD_2': ['PD_1'], 'PD_3': ['PD_1'], 'PD_5': [], 'PD_6': ['PD_1']}, FR: {'PD_1,PD_2': inf, 'PD_1,PD_3': inf, 'PD_1,PD_5': inf, 'PD_1,PD_6': inf, 'PD_2,PD_3': inf, 'PD_2,PD_5': inf, 'PD_2,PD_6': inf, 'PD_3,PD_5': inf, 'PD_3,PD_6': inf, 'PD_5,PD_6': inf}
  Computing metrics...
    RSI: {'PD_1,PD_2': 0.3333333333333333, 'PD_1,PD_3': 0.5, 'PD_1,PD_5': 0.0, 'PD_1,PD_6': 0.0, 'PD_2,PD_3': 0.0, 'PD_2,PD_5': 0.0, 'PD_2,PD_6': 0.0, 'PD_3,PD_5': 0.0, 'PD_3,PD_6': 0.0, 'PD_5,PD_6': 0.0}, ASR: 1.0, TCB: {'PD_1': ['PD_3', 'PD_2'], 'PD_2': ['PD_1'], 'PD_3': ['PD_1'], 'PD_5': [], 'PD_6': []}, FR: {'PD_1,PD_2': inf, 'PD_1,PD_3': inf, 'PD_1,PD_5': inf, 'PD_1,PD_6': inf, 'PD_2,PD_3': inf, 'PD_2,PD_5': inf, 'PD_2,PD_6': inf, 'PD_3,PD_5': inf, 'PD_3,PD_6': inf, 'PD_5,PD_6': inf}
  Computing metrics...
    RSI: {'PD_1,PD_2': 0.3333333333333333, 'PD_1,PD_3': 0.5, 'PD_1,PD_5': 0.0, 'PD_1,PD_6': 0.0, 'PD_2,PD_3': 0.0, 'PD_2,PD_5': 0.0, 'PD_2,PD_6': 0.0, 'PD_3,PD_5': 0.0, 'PD_3,PD_6': 0.0, 'PD_5,PD_6': 0.0}, ASR: 1.2, TCB: {'PD_1': ['PD_3', 'PD_2'], 'PD_2': ['PD_1'], 'PD_3': ['PD_1'], 'PD_5': [], 'PD_6': ['PD_2']}, FR: {'PD_1,PD_2': inf, 'PD_1,PD_3': inf, 'PD_1,PD_5': inf, 'PD_1,PD_6': inf, 'PD_2,PD_3': inf, 'PD_2,PD_5': inf, 'PD_2,PD_6': inf, 'PD_3,PD_5': inf, 'PD_3,PD_6': inf, 'PD_5,PD_6': inf}
  Computing metrics...
    RSI: {'PD_1,PD_2': 0.3333333333333333, 'PD_1,PD_3': 0.5, 'PD_1,PD_5': 0.0, 'PD_1,PD_6': 0.0, 'PD_2,PD_3': 0.0, 'PD_2,PD_5': 0.0, 'PD_2,PD_6': 0.0, 'PD_3,PD_5': 0.0, 'PD_3,PD_6': 0.0, 'PD_5,PD_6': 0.0}, ASR: 1.0, TCB: {'PD_1': ['PD_3', 'PD_2'], 'PD_2': ['PD_1'], 'PD_3': ['PD_1'], 'PD_5': [], 'PD_6': []}, FR: {'PD_1,PD_2': inf, 'PD_1,PD_3': inf, 'PD_1,PD_5': inf, 'PD_1,PD_6': inf, 'PD_2,PD_3': inf, 'PD_2,PD_5': inf, 'PD_2,PD_6': inf, 'PD_3,PD_5': inf, 'PD_3,PD_6': inf, 'PD_5,PD_6': inf}
  Computing metrics...
    RSI: {'PD_1,PD_2': 0.3333333333333333, 'PD_1,PD_3': 0.5, 'PD_1,PD_5': 0.0, 'PD_1,PD_6': 0.0, 'PD_2,PD_3': 0.0, 'PD_2,PD_5': 0.0, 'PD_2,PD_6': 0.0, 'PD_3,PD_5': 0.0, 'PD_3,PD_6': 0.0, 'PD_5,PD_6': 0.0}, ASR: 1.2, TCB: {'PD_1': ['PD_3', 'PD_2'], 'PD_2': ['PD_1'], 'PD_3': ['PD_1'], 'PD_5': [], 'PD_6': ['PD_3']}, FR: {'PD_1,PD_2': inf, 'PD_1,PD_3': inf, 'PD_1,PD_5': inf, 'PD_1,PD_6': inf, 'PD_2,PD_3': inf, 'PD_2,PD_5': inf, 'PD_2,PD_6': inf, 'PD_3,PD_5': inf, 'PD_3,PD_6': inf, 'PD_5,PD_6': inf}
  Computing metrics...
    RSI: {'PD_1,PD_2': 0.3333333333333333, 'PD_1,PD_3': 0.5, 'PD_1,PD_5': 0.0, 'PD_1,PD_6': 0.0, 'PD_2,PD_3': 0.0, 'PD_2,PD_5': 0.0, 'PD_2,PD_6': 0.0, 'PD_3,PD_5': 0.0, 'PD_3,PD_6': 0.0, 'PD_5,PD_6': 0.0}, ASR: 1.0, TCB: {'PD_1': ['PD_3', 'PD_2'], 'PD_2': ['PD_1'], 'PD_3': ['PD_1'], 'PD_5': [], 'PD_6': []}, FR: {'PD_1,PD_2': inf, 'PD_1,PD_3': inf, 'PD_1,PD_5': inf, 'PD_1,PD_6': inf, 'PD_2,PD_3': inf, 'PD_2,PD_5': inf, 'PD_2,PD_6': inf, 'PD_3,PD_5': inf, 'PD_3,PD_6': inf, 'PD_5,PD_6': inf}
  Computing metrics...
    RSI: {'PD_1,PD_2': 0.3333333333333333, 'PD_1,PD_3': 0.5, 'PD_1,PD_5': 0.0, 'PD_1,PD_6': 0.0, 'PD_2,PD_3': 0.0, 'PD_2,PD_5': 0.0, 'PD_2,PD_6': 0.0, 'PD_3,PD_5': 0.0, 'PD_3,PD_6': 0.0, 'PD_5,PD_6': 0.0}, ASR: 1.2, TCB: {'PD_1': ['PD_3', 'PD_2'], 'PD_2': ['PD_1'], 'PD_3': ['PD_1'], 'PD_5': [], 'PD_6': ['PD_5']}, FR: {'PD_1,PD_2': inf, 'PD_1,PD_3': inf, 'PD_1,PD_5': inf, 'PD_1,PD_6': inf, 'PD_2,PD_3': inf, 'PD_2,PD_5': inf, 'PD_2,PD_6': inf, 'PD_3,PD_5': inf, 'PD_3,PD_6': inf, 'PD_5,PD_6': inf}
  Computing metrics...
    RSI: {'PD_1,PD_2': 0.3333333333333333, 'PD_1,PD_3': 0.5, 'PD_1,PD_5': 0.0, 'PD_1,PD_6': 0.0, 'PD_2,PD_3': 0.0, 'PD_2,PD_5': 0.0, 'PD_2,PD_6': 0.0, 'PD_3,PD_5': 0.0, 'PD_3,PD_6': 0.0, 'PD_5,PD_6': 0.0}, ASR: 1.0, TCB: {'PD_1': ['PD_3', 'PD_2'], 'PD_2': ['PD_1'], 'PD_3': ['PD_1'], 'PD_5': [], 'PD_6': []}, FR: {'PD_1,PD_2': inf, 'PD_1,PD_3': inf, 'PD_1,PD_5': inf, 'PD_1,PD_6': inf, 'PD_2,PD_3': inf, 'PD_2,PD_5': inf, 'PD_2,PD_6': inf, 'PD_3,PD_5': inf, 'PD_3,PD_6': inf, 'PD_5,PD_6': inf}
  Computing metrics...
    RSI: {'PD_1,PD_2': 0.3333333333333333, 'PD_1,PD_3': 0.5, 'PD_1,PD_5': 0.0, 'PD_1,PD_6': 0.0, 'PD_2,PD_3': 0.0, 'PD_2,PD_5': 0.0, 'PD_2,PD_6': 0.0, 'PD_3,PD_5': 0.0, 'PD_3,PD_6': 0.0, 'PD_5,PD_6': 0.0}, ASR: 1.0, TCB: {'PD_1': ['PD_3', 'PD_2'], 'PD_2': ['PD_1'], 'PD_3': ['PD_1'], 'PD_5': [], 'PD_6': []}, FR: {'PD_1,PD_2': inf, 'PD_1,PD_3': inf, 'PD_1,PD_5': inf, 'PD_1,PD_6': inf, 'PD_2,PD_3': inf, 'PD_2,PD_5': inf, 'PD_2,PD_6': inf, 'PD_3,PD_5': inf, 'PD_3,PD_6': inf, 'PD_5,PD_6': inf}
  Computing metrics...
    RSI: {'PD_1,PD_2': 0.3333333333333333, 'PD_1,PD_3': 0.5, 'PD_1,PD_5': 0.0, 'PD_1,PD_6': 0.0, 'PD_2,PD_3': 0.0, 'PD_2,PD_5': 0.0, 'PD_2,PD_6': 0.0, 'PD_3,PD_5': 0.0, 'PD_3,PD_6': 0.0, 'PD_5,PD_6': 0.0}, ASR: 1.0, TCB: {'PD_1': ['PD_3', 'PD_2'], 'PD_2': ['PD_1'], 'PD_3': ['PD_1'], 'PD_5': [], 'PD_6': []}, FR: {'PD_1,PD_2': inf, 'PD_1,PD_3': inf, 'PD_1,PD_5': inf, 'PD_1,PD_6': inf, 'PD_2,PD_3': inf, 'PD_2,PD_5': inf, 'PD_2,PD_6': inf, 'PD_3,PD_5': inf, 'PD_3,PD_6': inf, 'PD_5,PD_6': inf}
  Computing metrics...
    RSI: {'PD_1,PD_2': 0.3333333333333333, 'PD_1,PD_3': 0.5, 'PD_1,PD_5': 0.0, 'PD_1,PD_6': 0.0, 'PD_2,PD_3': 0.0, 'PD_2,PD_5': 0.0, 'PD_2,PD_6': 0.0, 'PD_3,PD_5': 0.0, 'PD_3,PD_6': 0.0, 'PD_5,PD_6': 0.0}, ASR: 1.0, TCB: {'PD_1': ['PD_3', 'PD_2'], 'PD_2': ['PD_1'], 'PD_3': ['PD_1'], 'PD_5': [], 'PD_6': []}, FR: {'PD_1,PD_2': inf, 'PD_1,PD_3': inf, 'PD_1,PD_5': inf, 'PD_1,PD_6': inf, 'PD_2,PD_3': inf, 'PD_2,PD_5': inf, 'PD_2,PD_6': inf, 'PD_3,PD_5': inf, 'PD_3,PD_6': inf, 'PD_5,PD_6': inf}
  Computing metrics...
    RSI: {'PD_1,PD_2': 0.3333333333333333, 'PD_1,PD_3': 0.5, 'PD_1,PD_5': 0.0, 'PD_1,PD_6': 0.0, 'PD_2,PD_3': 0.0, 'PD_2,PD_5': 0.0, 'PD_2,PD_6': 0.0, 'PD_3,PD_5': 0.0, 'PD_3,PD_6': 0.0, 'PD_5,PD_6': 0.0}, ASR: 1.0, TCB: {'PD_1': ['PD_3', 'PD_2'], 'PD_2': ['PD_1'], 'PD_3': ['PD_1'], 'PD_5': [], 'PD_6': []}, FR: {'PD_1,PD_2': inf, 'PD_1,PD_3': inf, 'PD_1,PD_5': inf, 'PD_1,PD_6': inf, 'PD_2,PD_3': inf, 'PD_2,PD_5': inf, 'PD_2,PD_6': inf, 'PD_3,PD_5': inf, 'PD_3,PD_6': inf, 'PD_5,PD_6': inf}
  Computing metrics...
    RSI: {'PD_1,PD_2': 0.3333333333333333, 'PD_1,PD_3': 0.5, 'PD_1,PD_5': 0.0, 'PD_1,PD_6': 0.0, 'PD_2,PD_3': 0.0, 'PD_2,PD_5': 0.0, 'PD_2,PD_6': 0.0, 'PD_3,PD_5': 0.0, 'PD_3,PD_6': 0.0, 'PD_5,PD_6': 0.0}, ASR: 1.0, TCB: {'PD_1': ['PD_3', 'PD_2'], 'PD_2': ['PD_1'], 'PD_3': ['PD_1'], 'PD_5': [], 'PD_6': []}, FR: {'PD_1,PD_2': inf, 'PD_1,PD_3': inf, 'PD_1,PD_5': inf, 'PD_1,PD_6': inf, 'PD_2,PD_3': inf, 'PD_2,PD_5': inf, 'PD_2,PD_6': inf, 'PD_3,PD_5': inf, 'PD_3,PD_6': inf, 'PD_5,PD_6': inf}
  Computing metrics...
    RSI: {'PD_1,PD_2': 0.3333333333333333, 'PD_1,PD_3': 0.5, 'PD_1,PD_5': 0.0, 'PD_1,PD_6': 0.0, 'PD_2,PD_3': 0.0, 'PD_2,PD_5': 0.0, 'PD_2,PD_6': 0.0, 'PD_3,PD_5': 0.0, 'PD_3,PD_6': 0.0, 'PD_5,PD_6': 0.0}, ASR: 1.0, TCB: {'PD_1': ['PD_3', 'PD_2'], 'PD_2': ['PD_1'], 'PD_3': ['PD_1'], 'PD_5': [], 'PD_6': []}, FR: {'PD_1,PD_2': inf, 'PD_1,PD_3': inf, 'PD_1,PD_5': inf, 'PD_1,PD_6': inf, 'PD_2,PD_3': inf, 'PD_2,PD_5': inf, 'PD_2,PD_6': inf, 'PD_3,PD_5': inf, 'PD_3,PD_6': inf, 'PD_5,PD_6': inf}
  Computing metrics...
    RSI: {'PD_1,PD_2': 0.3333333333333333, 'PD_1,PD_3': 0.5, 'PD_1,PD_5': 0.0, 'PD_1,PD_6': 0.0, 'PD_2,PD_3': 0.0, 'PD_2,PD_5': 0.0, 'PD_2,PD_6': 0.0, 'PD_3,PD_5': 0.0, 'PD_3,PD_6': 0.0, 'PD_5,PD_6': 0.0}, ASR: 1.0, TCB: {'PD_1': ['PD_3', 'PD_2'], 'PD_2': ['PD_1'], 'PD_3': ['PD_1'], 'PD_5': [], 'PD_6': []}, FR: {'PD_1,PD_2': inf, 'PD_1,PD_3': inf, 'PD_1,PD_5': inf, 'PD_1,PD_6': inf, 'PD_2,PD_3': inf, 'PD_2,PD_5': inf, 'PD_2,PD_6': inf, 'PD_3,PD_5': inf, 'PD_3,PD_6': inf, 'PD_5,PD_6': inf}
  🚫 Filtered out 0 'add_hold_edge(connect PD_3 to FILE_1_1)' candidates (avoiding repetition)
  Trying best transition: primitive
    Target: add new protection domain for system expansion
    Predicted improvement: 0.100
    Considered 49 other option(s):
      1. primitive: remove empty PD_5 (improvement: 0.100)
      2. primitive: remove empty PD_6 (improvement: 0.100)
      3. primitive: create new CONFIG file in FILE_SPACE_1 (improvement: 0.100)
      4. primitive: create new DATABASE file in FILE_SPACE_1 (improvement: 0.100)
      5. primitive: create new TEMP file in FILE_SPACE_1 (improvement: 0.100)
      6. primitive: create new LOG file in FILE_SPACE_1 (improvement: 0.100)
      7. primitive: remove FILE_1_1 (holders: 2) (improvement: 0.100)
      8. primitive: remove FILE_1_3 (holders: 2) (improvement: 0.100)
      9. primitive: remove FILE_1_4 (holders: 0) (improvement: 0.100)
      10. primitive: remove PD_3 -> FILE_1_1 HOLD edge (improvement: 0.100)
      ... and 39 more
    ✅ Applied add_pd
  📋 Generated 50 candidate(s)
  Computing metrics...
    RSI: {'PD_1,PD_2': 0.3333333333333333, 'PD_1,PD_3': 0.5, 'PD_1,PD_5': 0.0, 'PD_1,PD_6': 0.0, 'PD_1,PD_7': 0.0, 'PD_2,PD_3': 0.0, 'PD_2,PD_5': 0.0, 'PD_2,PD_6': 0.0, 'PD_2,PD_7': 0.0, 'PD_3,PD_5': 0.0, 'PD_3,PD_6': 0.0, 'PD_3,PD_7': 0.0, 'PD_5,PD_6': 0.0, 'PD_5,PD_7': 0.0, 'PD_6,PD_7': 0.0}, ASR: 0.8333333333333334, TCB: {'PD_1': ['PD_3', 'PD_2'], 'PD_2': ['PD_1'], 'PD_3': ['PD_1'], 'PD_5': [], 'PD_6': [], 'PD_7': []}, FR: {'PD_1,PD_2': inf, 'PD_1,PD_3': inf, 'PD_1,PD_5': inf, 'PD_1,PD_6': inf, 'PD_1,PD_7': inf, 'PD_2,PD_3': inf, 'PD_2,PD_5': inf, 'PD_2,PD_6': inf, 'PD_2,PD_7': inf, 'PD_3,PD_5': inf, 'PD_3,PD_6': inf, 'PD_3,PD_7': inf, 'PD_5,PD_6': inf, 'PD_5,PD_7': inf, 'PD_6,PD_7': inf}
    ✅ Added candidate: add_pd (score: 0.100)
  Computing metrics...
    RSI: {'PD_1,PD_2': 0.3333333333333333, 'PD_1,PD_3': 0.5, 'PD_1,PD_6': 0.0, 'PD_2,PD_3': 0.0, 'PD_2,PD_6': 0.0, 'PD_3,PD_6': 0.0}, ASR: 1.25, TCB: {'PD_1': ['PD_3', 'PD_2'], 'PD_2': ['PD_1'], 'PD_3': ['PD_1'], 'PD_6': []}, FR: {'PD_1,PD_2': inf, 'PD_1,PD_3': inf, 'PD_1,PD_6': inf, 'PD_2,PD_3': inf, 'PD_2,PD_6': inf, 'PD_3,PD_6': inf}
    ✅ Added candidate: remove_pd (score: 0.100)

📊 Next beam (3 states):
  Beam[0]: BeamState(iter=8, score=0.100, path=add_pd(add new protection domain for system expansion) → add_pd(add new protection domain for system expansion) → add_pd(add new protection domain for system expansion))
  Beam[1]: BeamState(iter=8, score=0.100, path=add_pd(add new protection domain for system expansion) → add_pd(add new protection domain for system expansion) → remove_pd(remove empty PD_5))
  Beam[2]: BeamState(iter=8, score=0.100, path=remove_pd(remove empty PD_3) → add_pd(add new protection domain for system expansion) → add_pd(add new protection domain for system expansion))
💡 Total candidates generated: 6
🎯 Mechanisms discovered so far: 0

🏁 Beam search complete!
🎯 Total mechanisms discovered: 0

📊 Final beam states:
  Final[0]: BeamState(iter=8, score=0.100, path=add_pd(add new protection domain for system expansion) → add_pd(add new protection domain for system expansion) → add_pd(add new protection domain for system expansion))
    Path: add_file_resource(create new CONFIG file in FILE_SPACE_1) → add_pd(add new protection domain for system expansion) → remove_pd(remove empty PD_3) → add_pd(add new protection domain for system expansion) → remove_pd(remove empty PD_4) → add_pd(add new protection domain for system expansion) → add_pd(add new protection domain for system expansion) → add_pd(add new protection domain for system expansion)
  Final[1]: BeamState(iter=8, score=0.100, path=add_pd(add new protection domain for system expansion) → add_pd(add new protection domain for system expansion) → remove_pd(remove empty PD_5))
    Path: add_file_resource(create new CONFIG file in FILE_SPACE_1) → add_pd(add new protection domain for system expansion) → remove_pd(remove empty PD_3) → add_pd(add new protection domain for system expansion) → remove_pd(remove empty PD_4) → add_pd(add new protection domain for system expansion) → add_pd(add new protection domain for system expansion) → remove_pd(remove empty PD_5)
  Final[2]: BeamState(iter=8, score=0.100, path=remove_pd(remove empty PD_3) → add_pd(add new protection domain for system expansion) → add_pd(add new protection domain for system expansion))
    Path: add_file_resource(create new CONFIG file in FILE_SPACE_1) → add_pd(add new protection domain for system expansion) → add_pd(add new protection domain for system expansion) → remove_pd(remove empty PD_4) → add_pd(add new protection domain for system expansion) → remove_pd(remove empty PD_3) → add_pd(add new protection domain for system expansion) → add_pd(add new protection domain for system expansion)

✅ Scenario 'Basic Resource Sharing (True Primitives Only)' complete!
   Mechanisms discovered: 0

✅ Exploration complete!
