🔍 Verbose mode enabled - detailed exploration tracking

🎯 Running scenario: basic_sharing_primitive
✓ Validated 4 constraints in scenario 'Basic Resource Sharing (True Primitives Only)'
🎯 Running scenario: Basic Resource Sharing (True Primitives Only)
   Description: Same simplified scenario as basic_sharing (1 private file + 1 shared file per PD) but using only true graph primitives
   Goals (3): ['Goal(minimize RSI[PD_1,PD_2] to 0.3)', 'Goal(minimize TCB[PD_1] to 0)', 'Goal(minimize ASR to 1.0)']
   Constraints (4): ["Constraint(requires_file_access for PD_1: FILE, {'file_type': 'CONFIG', 'min_size_kb': 1})", "Constraint(requires_file_access for PD_2: FILE, {'file_type': 'DATABASE', 'min_size_kb': 1})", "Constraint(requires_file_access for PD_1: FILE, {'file_type': 'TEMP', 'min_size_kb': 1})", "Constraint(requires_file_access for PD_2: FILE, {'file_type': 'TEMP', 'min_size_kb': 1})"]
   Transitions (12): ['Transition(add_pd: Create new Protection Domain)', 'Transition(remove_pd: Remove existing Protection Domain)', 'Transition(add_file_resource: Create new FILE resource)', 'Transition(remove_file_resource: Remove FILE resource)', 'Transition(add_resource_space: Create new resource space)', 'Transition(remove_resource_space: Remove resource space)', 'Transition(add_hold_edge: Create PD → Resource relationship)', 'Transition(remove_hold_edge: Remove PD → Resource relationship)', 'Transition(add_request_edge: Create PD → PD authority relationship)', 'Transition(remove_request_edge: Remove PD → PD authority relationship)', 'Transition(add_subset_edge: Create Resource → ResourceSpace relationship)', 'Transition(remove_subset_edge: Remove Resource → ResourceSpace relationship)']
   Starting Graph: 6 nodes, 7 edges

=== Graph Details ===
Node: PD_1 -> {'type': 'PD', 'data': 'user_process', 'extra': ''}
Node: PD_2 -> {'type': 'PD', 'data': 'database_server', 'extra': ''}
Node: FILE_SPACE_1 -> {'type': 'RESOURCE_SPACE', 'data': 'FILE', 'extra': ''}
Node: FILE_1_1 -> {'type': 'RESOURCE', 'data': 'FILE', 'extra': '{"path": "/etc/user.conf", "file_type": "CONFIG", "size_bytes": "4096", "permissions": "rw-"}'}
Node: FILE_1_2 -> {'type': 'RESOURCE', 'data': 'FILE', 'extra': '{"path": "/var/db/main.db", "file_type": "DATABASE", "size_bytes": "8192", "permissions": "rw-"}'}
Node: FILE_1_3 -> {'type': 'RESOURCE', 'data': 'FILE', 'extra': '{"path": "/tmp/shared_buffer.tmp", "file_type": "TEMP", "size_bytes": "2048", "permissions": "rw-"}'}

=== Ready for IsoSearch! ===

=== Exploring Basic Resource Sharing (True Primitives Only) ===
🔍 Using TRUE BFS (no scoring, exhaustive exploration)
🔍 Starting TRUE BFS exploration (no scoring)
   Max depth: 8
   Max states: 1000

📊 Initial graph:
        # Graph structure:
        # PD_1 --HOLD--> FILE_1_1 -> FILE_SPACE_1
        # PD_1 --HOLD--> FILE_1_3 -> FILE_SPACE_1
        # PD_2 --HOLD--> FILE_1_2 -> FILE_SPACE_1
        # PD_2 --HOLD--> FILE_1_3 -> FILE_SPACE_1
        #
        # FILE_1_3 shared by: PD_1, PD_2

  Computing metrics...
    RSI: {'PD_1,PD_2': 0.3333333333333333}, ASR: 2.0, TCB: {'PD_1': ['PD_2'], 'PD_2': ['PD_1']}, FR: {'PD_1,PD_2': inf}
    Goal not met: RSI[PD_1,PD_2]=0.333 > 0.3
Warning: Removing FILE_1_3 will leave PD_1 without TEMP files
Warning: Removing FILE_1_3 will leave PD_2 without TEMP files

🌳 State 1 (depth 0) expanded to 13 new states
  Computing metrics...
    RSI: {'PD_1,PD_2': 0.3333333333333333}, ASR: 2.0, TCB: {'PD_1': ['PD_2'], 'PD_2': ['PD_1']}, FR: {'PD_1,PD_2': inf}
    Goal not met: RSI[PD_1,PD_2]=0.333 > 0.3
Warning: Removing FILE_1_3 will leave PD_1 without TEMP files
Warning: Removing FILE_1_3 will leave PD_2 without TEMP files

🌳 State 2 (depth 1) expanded to 12 new states
   Current path: ...add_pd(add new protection domain for system expansion)
  Computing metrics...
    RSI: {'PD_1,PD_2': 0.3333333333333333}, ASR: 2.0, TCB: {'PD_1': ['PD_2'], 'PD_2': ['PD_1']}, FR: {'PD_1,PD_2': inf}
    Goal not met: RSI[PD_1,PD_2]=0.333 > 0.3
Warning: Removing FILE_1_3 will leave PD_1 without TEMP files
Warning: Removing FILE_1_3 will leave PD_2 without TEMP files

🌳 State 3 (depth 1) expanded to 12 new states
   Current path: ...add_file_resource(create new CONFIG file in FILE_SPACE_1)
Warning: Removing FILE_1_3 will leave PD_1 without TEMP files
Warning: Removing FILE_1_3 will leave PD_2 without TEMP files

🌳 State 4 (depth 1) expanded to 9 new states
   Current path: ...add_file_resource(create new DATABASE file in FILE_SPACE_1)
Warning: Removing FILE_1_3 will leave PD_2 without TEMP files

🌳 State 5 (depth 1) expanded to 10 new states
   Current path: ...add_file_resource(create new TEMP file in FILE_SPACE_1)
Warning: Removing FILE_1_3 will leave PD_1 without TEMP files
Warning: Removing FILE_1_3 will leave PD_2 without TEMP files
  Computing metrics...
    RSI: {'PD_1,PD_2': 0.6666666666666666}, ASR: 2.5, TCB: {'PD_1': ['PD_2'], 'PD_2': ['PD_1']}, FR: {'PD_1,PD_2': inf}
    Goal not met: RSI[PD_1,PD_2]=0.667 > 0.3
Warning: Removing FILE_1_2 will leave PD_1 without DATABASE files
Warning: Removing FILE_1_2 will leave PD_2 without DATABASE files
Warning: Removing FILE_1_3 will leave PD_1 without TEMP files
Warning: Removing FILE_1_3 will leave PD_2 without TEMP files
  Computing metrics...
    RSI: {'PD_1,PD_2': 0.6666666666666666}, ASR: 2.5, TCB: {'PD_1': ['PD_2'], 'PD_2': ['PD_1']}, FR: {'PD_1,PD_2': inf}
    Goal not met: RSI[PD_1,PD_2]=0.667 > 0.3
Warning: Removing FILE_1_1 will leave PD_1 without CONFIG files
Warning: Removing FILE_1_1 will leave PD_2 without CONFIG files
Warning: Removing FILE_1_3 will leave PD_1 without TEMP files
Warning: Removing FILE_1_3 will leave PD_2 without TEMP files
  Computing metrics...
    RSI: {'PD_1,PD_2': 0.3333333333333333}, ASR: 2.5, TCB: {'PD_1': ['PD_2'], 'PD_2': ['PD_1']}, FR: {'PD_1,PD_2': inf}
    Goal not met: RSI[PD_1,PD_2]=0.333 > 0.3
Warning: Removing FILE_1_3 will leave PD_1 without TEMP files
Warning: Removing FILE_1_3 will leave PD_2 without TEMP files
  Computing metrics...
    RSI: {'PD_1,PD_2': 0.3333333333333333}, ASR: 2.5, TCB: {'PD_1': ['PD_2'], 'PD_2': ['PD_1']}, FR: {'PD_1,PD_2': inf}
    Goal not met: RSI[PD_1,PD_2]=0.333 > 0.3
Warning: Removing FILE_1_3 will leave PD_1 without TEMP files
Warning: Removing FILE_1_3 will leave PD_2 without TEMP files
  Computing metrics...
    RSI: {'PD_1,PD_2': 0.3333333333333333}, ASR: 2.0, TCB: {'PD_1': ['PD_2'], 'PD_2': ['PD_1']}, FR: {'PD_1,PD_2': inf}
    Goal not met: RSI[PD_1,PD_2]=0.333 > 0.3
Warning: Removing FILE_1_3 will leave PD_1 without TEMP files
Warning: Removing FILE_1_3 will leave PD_2 without TEMP files
  Computing metrics...
    RSI: {'PD_1,PD_2': 0.3333333333333333}, ASR: 2.0, TCB: {'PD_1': ['PD_2'], 'PD_2': ['PD_1']}, FR: {'PD_1,PD_2': inf}
    Goal not met: RSI[PD_1,PD_2]=0.333 > 0.3
Warning: Removing FILE_1_3 will leave PD_1 without TEMP files
Warning: Removing FILE_1_3 will leave PD_2 without TEMP files
  Computing metrics...
    RSI: {'PD_1,PD_2': 0.3333333333333333}, ASR: 2.0, TCB: {'PD_1': ['PD_2'], 'PD_2': ['PD_1']}, FR: {'PD_1,PD_2': inf}
    Goal not met: RSI[PD_1,PD_2]=0.333 > 0.3
Warning: Removing FILE_1_3 will leave PD_1 without TEMP files
Warning: Removing FILE_1_3 will leave PD_2 without TEMP files
  Computing metrics...
    RSI: {'PD_1,PD_2': 0.3333333333333333}, ASR: 2.0, TCB: {'PD_1': ['PD_2'], 'PD_2': ['PD_1']}, FR: {'PD_1,PD_2': inf}
    Goal not met: RSI[PD_1,PD_2]=0.333 > 0.3
Warning: Removing FILE_1_3 will leave PD_1 without TEMP files
Warning: Removing FILE_1_3 will leave PD_2 without TEMP files
Warning: Removing FILE_1_3 will leave PD_1 without TEMP files
Warning: Removing FILE_1_3 will leave PD_2 without TEMP files
Warning: Removing FILE_1_3 will leave PD_2 without TEMP files
Warning: Removing FILE_1_3 will leave PD_1 without TEMP files
Warning: Removing FILE_1_3 will leave PD_2 without TEMP files
  Computing metrics...
    RSI: {'PD_1,PD_2': 0.6666666666666666}, ASR: 2.5, TCB: {'PD_1': ['PD_2'], 'PD_2': ['PD_1']}, FR: {'PD_1,PD_2': inf}
    Goal not met: RSI[PD_1,PD_2]=0.667 > 0.3
Warning: Removing FILE_1_2 will leave PD_1 without DATABASE files
Warning: Removing FILE_1_2 will leave PD_2 without DATABASE files
Warning: Removing FILE_1_3 will leave PD_1 without TEMP files
Warning: Removing FILE_1_3 will leave PD_2 without TEMP files
  Computing metrics...
    RSI: {'PD_1,PD_2': 0.6666666666666666}, ASR: 2.5, TCB: {'PD_1': ['PD_2'], 'PD_2': ['PD_1']}, FR: {'PD_1,PD_2': inf}
    Goal not met: RSI[PD_1,PD_2]=0.667 > 0.3
Warning: Removing FILE_1_1 will leave PD_1 without CONFIG files
Warning: Removing FILE_1_1 will leave PD_2 without CONFIG files
Warning: Removing FILE_1_3 will leave PD_1 without TEMP files
Warning: Removing FILE_1_3 will leave PD_2 without TEMP files
  Computing metrics...
    RSI: {'PD_1,PD_2': 0.3333333333333333}, ASR: 2.5, TCB: {'PD_1': ['PD_2'], 'PD_2': ['PD_1']}, FR: {'PD_1,PD_2': inf}
    Goal not met: RSI[PD_1,PD_2]=0.333 > 0.3
Warning: Removing FILE_1_3 will leave PD_1 without TEMP files
Warning: Removing FILE_1_3 will leave PD_2 without TEMP files
  Computing metrics...
    RSI: {'PD_1,PD_2': 0.3333333333333333}, ASR: 2.5, TCB: {'PD_1': ['PD_2'], 'PD_2': ['PD_1']}, FR: {'PD_1,PD_2': inf}
    Goal not met: RSI[PD_1,PD_2]=0.333 > 0.3
Warning: Removing FILE_1_3 will leave PD_1 without TEMP files
Warning: Removing FILE_1_3 will leave PD_2 without TEMP files
  Computing metrics...
    RSI: {'PD_1,PD_2': 0.3333333333333333}, ASR: 2.0, TCB: {'PD_1': ['PD_2'], 'PD_2': ['PD_1']}, FR: {'PD_1,PD_2': inf}
    Goal not met: RSI[PD_1,PD_2]=0.333 > 0.3
Warning: Removing FILE_1_3 will leave PD_1 without TEMP files
Warning: Removing FILE_1_3 will leave PD_2 without TEMP files
  Computing metrics...
    RSI: {'PD_1,PD_2': 0.3333333333333333}, ASR: 2.0, TCB: {'PD_1': ['PD_2'], 'PD_2': ['PD_1']}, FR: {'PD_1,PD_2': inf}
    Goal not met: RSI[PD_1,PD_2]=0.333 > 0.3
Warning: Removing FILE_1_3 will leave PD_1 without TEMP files
Warning: Removing FILE_1_3 will leave PD_2 without TEMP files
  Computing metrics...
    RSI: {'PD_1,PD_2': 0.3333333333333333}, ASR: 2.0, TCB: {'PD_1': ['PD_2'], 'PD_2': ['PD_1']}, FR: {'PD_1,PD_2': inf}
    Goal not met: RSI[PD_1,PD_2]=0.333 > 0.3
Warning: Removing FILE_1_3 will leave PD_1 without TEMP files
Warning: Removing FILE_1_3 will leave PD_2 without TEMP files
  Computing metrics...
    RSI: {'PD_1,PD_2': 0.3333333333333333}, ASR: 2.0, TCB: {'PD_1': ['PD_2'], 'PD_2': ['PD_1']}, FR: {'PD_1,PD_2': inf}
    Goal not met: RSI[PD_1,PD_2]=0.333 > 0.3
Warning: Removing FILE_1_3 will leave PD_1 without TEMP files
Warning: Removing FILE_1_3 will leave PD_2 without TEMP files
Warning: Removing FILE_1_3 will leave PD_1 without TEMP files
Warning: Removing FILE_1_3 will leave PD_2 without TEMP files
Warning: Removing FILE_1_3 will leave PD_2 without TEMP files
Warning: Removing FILE_1_3 will leave PD_1 without TEMP files
Warning: Removing FILE_1_3 will leave PD_2 without TEMP files
  Computing metrics...
    RSI: {'PD_1,PD_2': 0.6666666666666666}, ASR: 2.5, TCB: {'PD_1': ['PD_2'], 'PD_2': ['PD_1']}, FR: {'PD_1,PD_2': inf}
    Goal not met: RSI[PD_1,PD_2]=0.667 > 0.3
Warning: Removing FILE_1_2 will leave PD_1 without DATABASE files
Warning: Removing FILE_1_2 will leave PD_2 without DATABASE files
Warning: Removing FILE_1_3 will leave PD_1 without TEMP files
Warning: Removing FILE_1_3 will leave PD_2 without TEMP files
  Computing metrics...
    RSI: {'PD_1,PD_2': 0.6666666666666666}, ASR: 2.5, TCB: {'PD_1': ['PD_2'], 'PD_2': ['PD_1']}, FR: {'PD_1,PD_2': inf}
    Goal not met: RSI[PD_1,PD_2]=0.667 > 0.3
Warning: Removing FILE_1_1 will leave PD_1 without CONFIG files
Warning: Removing FILE_1_1 will leave PD_2 without CONFIG files
Warning: Removing FILE_1_3 will leave PD_1 without TEMP files
Warning: Removing FILE_1_3 will leave PD_2 without TEMP files
  Computing metrics...
    RSI: {'PD_1,PD_2': 0.3333333333333333}, ASR: 2.5, TCB: {'PD_1': ['PD_2'], 'PD_2': ['PD_1']}, FR: {'PD_1,PD_2': inf}
    Goal not met: RSI[PD_1,PD_2]=0.333 > 0.3
Warning: Removing FILE_1_3 will leave PD_1 without TEMP files
Warning: Removing FILE_1_3 will leave PD_2 without TEMP files
  Computing metrics...
    RSI: {'PD_1,PD_2': 0.3333333333333333}, ASR: 2.5, TCB: {'PD_1': ['PD_2'], 'PD_2': ['PD_1']}, FR: {'PD_1,PD_2': inf}
    Goal not met: RSI[PD_1,PD_2]=0.333 > 0.3
Warning: Removing FILE_1_3 will leave PD_1 without TEMP files
Warning: Removing FILE_1_3 will leave PD_2 without TEMP files
  Computing metrics...
    RSI: {'PD_1,PD_2': 0.3333333333333333}, ASR: 2.0, TCB: {'PD_1': ['PD_2'], 'PD_2': ['PD_1']}, FR: {'PD_1,PD_2': inf}
    Goal not met: RSI[PD_1,PD_2]=0.333 > 0.3
Warning: Removing FILE_1_3 will leave PD_1 without TEMP files
Warning: Removing FILE_1_3 will leave PD_2 without TEMP files
  Computing metrics...
    RSI: {'PD_1,PD_2': 0.3333333333333333}, ASR: 2.0, TCB: {'PD_1': ['PD_2'], 'PD_2': ['PD_1']}, FR: {'PD_1,PD_2': inf}
    Goal not met: RSI[PD_1,PD_2]=0.333 > 0.3
Warning: Removing FILE_1_3 will leave PD_1 without TEMP files
Warning: Removing FILE_1_3 will leave PD_2 without TEMP files
  Computing metrics...
    RSI: {'PD_1,PD_2': 0.3333333333333333}, ASR: 2.0, TCB: {'PD_1': ['PD_2'], 'PD_2': ['PD_1']}, FR: {'PD_1,PD_2': inf}
    Goal not met: RSI[PD_1,PD_2]=0.333 > 0.3
Warning: Removing FILE_1_3 will leave PD_1 without TEMP files
Warning: Removing FILE_1_3 will leave PD_2 without TEMP files
Warning: Removing FILE_1_2 will leave PD_2 without DATABASE files
Warning: Removing FILE_1_3 will leave PD_1 without TEMP files
Warning: Removing FILE_1_3 will leave PD_2 without TEMP files
Warning: Removing FILE_1_1 will leave PD_1 without DATABASE files
Warning: Removing FILE_1_3 will leave PD_1 without TEMP files
Warning: Removing FILE_1_3 will leave PD_2 without TEMP files
Warning: Removing FILE_1_3 will leave PD_1 without TEMP files
Warning: Removing FILE_1_3 will leave PD_2 without TEMP files
Warning: Removing FILE_1_3 will leave PD_1 without TEMP files
Warning: Removing FILE_1_3 will leave PD_2 without TEMP files
Warning: Removing FILE_1_3 will leave PD_1 without TEMP files
Warning: Removing FILE_1_3 will leave PD_2 without TEMP files
Warning: Removing FILE_1_3 will leave PD_1 without TEMP files
Warning: Removing FILE_1_3 will leave PD_2 without TEMP files
Warning: Removing FILE_1_3 will leave PD_1 without TEMP files
Warning: Removing FILE_1_3 will leave PD_2 without TEMP files
Warning: Removing FILE_1_3 will leave PD_1 without TEMP files
Warning: Removing FILE_1_3 will leave PD_2 without TEMP files
Warning: Removing FILE_1_2 will leave PD_1 without DATABASE files
Warning: Removing FILE_1_2 will leave PD_2 without DATABASE files
Warning: Removing FILE_1_3 will leave PD_2 without TEMP files

⏳ Progress: 50 states explored, 251 in queue, 0 mechanisms found
Warning: Removing FILE_1_3 will leave PD_1 without TEMP files
Warning: Removing FILE_1_3 will leave PD_2 without TEMP files
Warning: Removing FILE_1_3 will leave PD_2 without TEMP files
Warning: Removing FILE_1_3 will leave PD_2 without TEMP files
Warning: Removing FILE_1_3 will leave PD_2 without TEMP files
Warning: Removing FILE_1_3 will leave PD_2 without TEMP files
Warning: Removing FILE_1_3 will leave PD_2 without TEMP files
Warning: Removing FILE_1_2 will leave PD_1 without DATABASE files
Warning: Removing FILE_1_2 will leave PD_2 without DATABASE files
Warning: Removing FILE_1_3 will leave PD_1 without TEMP files
Warning: Removing FILE_1_3 will leave PD_2 without TEMP files
Warning: Removing FILE_1_1 will leave PD_1 without LOG files
Warning: Removing FILE_1_1 will leave PD_2 without LOG files
Warning: Removing FILE_1_3 will leave PD_1 without TEMP files
Warning: Removing FILE_1_3 will leave PD_2 without TEMP files
Warning: Removing FILE_1_3 will leave PD_1 without TEMP files
Warning: Removing FILE_1_3 will leave PD_2 without TEMP files
Warning: Removing FILE_1_3 will leave PD_1 without TEMP files
Warning: Removing FILE_1_3 will leave PD_2 without TEMP files
Warning: Removing FILE_1_3 will leave PD_1 without TEMP files
Warning: Removing FILE_1_3 will leave PD_2 without TEMP files
Warning: Removing FILE_1_3 will leave PD_1 without TEMP files
Warning: Removing FILE_1_3 will leave PD_2 without TEMP files
Warning: Removing FILE_1_3 will leave PD_1 without TEMP files
Warning: Removing FILE_1_3 will leave PD_2 without TEMP files
Warning: Removing FILE_1_3 will leave PD_1 without TEMP files
Warning: Removing FILE_1_3 will leave PD_2 without TEMP files
Warning: Removing FILE_1_2 will leave PD_1 without DATABASE files
Warning: Removing FILE_1_2 will leave PD_2 without DATABASE files
Warning: Removing FILE_1_1 will leave PD_1 without CONFIG files
Warning: Removing FILE_1_1 will leave PD_2 without CONFIG files
Warning: Removing FILE_1_3 will leave PD_1 without TEMP files
Warning: Removing FILE_1_3 will leave PD_2 without TEMP files
  Computing metrics...
    RSI: {'PD_1,PD_2': 1.0}, ASR: 3.0, TCB: {'PD_1': ['PD_2'], 'PD_2': ['PD_1']}, FR: {'PD_1,PD_2': inf}
    Goal not met: RSI[PD_1,PD_2]=1.000 > 0.3
Warning: Removing FILE_1_1 will leave PD_1 without CONFIG files
Warning: Removing FILE_1_1 will leave PD_2 without CONFIG files
Warning: Removing FILE_1_2 will leave PD_1 without DATABASE files
Warning: Removing FILE_1_2 will leave PD_2 without DATABASE files
Warning: Removing FILE_1_3 will leave PD_1 without TEMP files
Warning: Removing FILE_1_3 will leave PD_2 without TEMP files
  Computing metrics...
    RSI: {'PD_1,PD_2': 0.6666666666666666}, ASR: 3.0, TCB: {'PD_1': ['PD_2'], 'PD_2': ['PD_1']}, FR: {'PD_1,PD_2': inf}
    Goal not met: RSI[PD_1,PD_2]=0.667 > 0.3
Warning: Removing FILE_1_2 will leave PD_1 without DATABASE files
Warning: Removing FILE_1_2 will leave PD_2 without DATABASE files
Warning: Removing FILE_1_3 will leave PD_1 without TEMP files
Warning: Removing FILE_1_3 will leave PD_2 without TEMP files
  Computing metrics...
    RSI: {'PD_1,PD_2': 0.6666666666666666}, ASR: 3.0, TCB: {'PD_1': ['PD_2'], 'PD_2': ['PD_1']}, FR: {'PD_1,PD_2': inf}
    Goal not met: RSI[PD_1,PD_2]=0.667 > 0.3
Warning: Removing FILE_1_2 will leave PD_1 without DATABASE files
Warning: Removing FILE_1_2 will leave PD_2 without DATABASE files
Warning: Removing FILE_1_3 will leave PD_1 without TEMP files
Warning: Removing FILE_1_3 will leave PD_2 without TEMP files
  Computing metrics...
    RSI: {'PD_1,PD_2': 0.6666666666666666}, ASR: 2.5, TCB: {'PD_1': ['PD_2'], 'PD_2': ['PD_1']}, FR: {'PD_1,PD_2': inf}
    Goal not met: RSI[PD_1,PD_2]=0.667 > 0.3
Warning: Removing FILE_1_2 will leave PD_1 without DATABASE files
Warning: Removing FILE_1_2 will leave PD_2 without DATABASE files
Warning: Removing FILE_1_3 will leave PD_1 without TEMP files
Warning: Removing FILE_1_3 will leave PD_2 without TEMP files
  Computing metrics...
    RSI: {'PD_1,PD_2': 0.6666666666666666}, ASR: 2.5, TCB: {'PD_1': ['PD_2'], 'PD_2': ['PD_1']}, FR: {'PD_1,PD_2': inf}
    Goal not met: RSI[PD_1,PD_2]=0.667 > 0.3
Warning: Removing FILE_1_2 will leave PD_1 without DATABASE files
Warning: Removing FILE_1_2 will leave PD_2 without DATABASE files
Warning: Removing FILE_1_3 will leave PD_1 without TEMP files
Warning: Removing FILE_1_3 will leave PD_2 without TEMP files
  Computing metrics...
    RSI: {'PD_1,PD_2': 0.6666666666666666}, ASR: 2.5, TCB: {'PD_1': ['PD_2'], 'PD_2': ['PD_1']}, FR: {'PD_1,PD_2': inf}
    Goal not met: RSI[PD_1,PD_2]=0.667 > 0.3
Warning: Removing FILE_1_2 will leave PD_1 without DATABASE files
Warning: Removing FILE_1_2 will leave PD_2 without DATABASE files
Warning: Removing FILE_1_3 will leave PD_1 without TEMP files
Warning: Removing FILE_1_3 will leave PD_2 without TEMP files
Warning: Removing FILE_1_3 will leave PD_1 without TEMP files
Warning: Removing FILE_1_3 will leave PD_2 without TEMP files
  Computing metrics...
    RSI: {'PD_1,PD_2': 0.6666666666666666}, ASR: 3.0, TCB: {'PD_1': ['PD_2'], 'PD_2': ['PD_1']}, FR: {'PD_1,PD_2': inf}
    Goal not met: RSI[PD_1,PD_2]=0.667 > 0.3
Warning: Removing FILE_1_1 will leave PD_1 without CONFIG files
Warning: Removing FILE_1_1 will leave PD_2 without CONFIG files
Warning: Removing FILE_1_3 will leave PD_1 without TEMP files
Warning: Removing FILE_1_3 will leave PD_2 without TEMP files
  Computing metrics...
    RSI: {'PD_1,PD_2': 0.6666666666666666}, ASR: 3.0, TCB: {'PD_1': ['PD_2'], 'PD_2': ['PD_1']}, FR: {'PD_1,PD_2': inf}
    Goal not met: RSI[PD_1,PD_2]=0.667 > 0.3
Warning: Removing FILE_1_1 will leave PD_1 without CONFIG files
Warning: Removing FILE_1_1 will leave PD_2 without CONFIG files
Warning: Removing FILE_1_3 will leave PD_1 without TEMP files
Warning: Removing FILE_1_3 will leave PD_2 without TEMP files
  Computing metrics...
    RSI: {'PD_1,PD_2': 0.6666666666666666}, ASR: 2.5, TCB: {'PD_1': ['PD_2'], 'PD_2': ['PD_1']}, FR: {'PD_1,PD_2': inf}
    Goal not met: RSI[PD_1,PD_2]=0.667 > 0.3
Warning: Removing FILE_1_1 will leave PD_1 without CONFIG files
Warning: Removing FILE_1_1 will leave PD_2 without CONFIG files
Warning: Removing FILE_1_3 will leave PD_1 without TEMP files
Warning: Removing FILE_1_3 will leave PD_2 without TEMP files
  Computing metrics...
    RSI: {'PD_1,PD_2': 0.6666666666666666}, ASR: 2.5, TCB: {'PD_1': ['PD_2'], 'PD_2': ['PD_1']}, FR: {'PD_1,PD_2': inf}
    Goal not met: RSI[PD_1,PD_2]=0.667 > 0.3
Warning: Removing FILE_1_1 will leave PD_1 without CONFIG files
Warning: Removing FILE_1_1 will leave PD_2 without CONFIG files
Warning: Removing FILE_1_3 will leave PD_1 without TEMP files
Warning: Removing FILE_1_3 will leave PD_2 without TEMP files
  Computing metrics...
    RSI: {'PD_1,PD_2': 0.6666666666666666}, ASR: 2.5, TCB: {'PD_1': ['PD_2'], 'PD_2': ['PD_1']}, FR: {'PD_1,PD_2': inf}
    Goal not met: RSI[PD_1,PD_2]=0.667 > 0.3
Warning: Removing FILE_1_1 will leave PD_1 without CONFIG files
Warning: Removing FILE_1_1 will leave PD_2 without CONFIG files
Warning: Removing FILE_1_3 will leave PD_1 without TEMP files
Warning: Removing FILE_1_3 will leave PD_2 without TEMP files
  Computing metrics...
    RSI: {'PD_1,PD_2': 0.3333333333333333}, ASR: 3.0, TCB: {'PD_1': ['PD_2'], 'PD_2': ['PD_1']}, FR: {'PD_1,PD_2': inf}
    Goal not met: RSI[PD_1,PD_2]=0.333 > 0.3
Warning: Removing FILE_1_3 will leave PD_1 without TEMP files
Warning: Removing FILE_1_3 will leave PD_2 without TEMP files
  Computing metrics...
    RSI: {'PD_1,PD_2': 0.3333333333333333}, ASR: 2.5, TCB: {'PD_1': ['PD_2'], 'PD_2': ['PD_1']}, FR: {'PD_1,PD_2': inf}
    Goal not met: RSI[PD_1,PD_2]=0.333 > 0.3
Warning: Removing FILE_1_3 will leave PD_1 without TEMP files
Warning: Removing FILE_1_3 will leave PD_2 without TEMP files
  Computing metrics...
    RSI: {'PD_1,PD_2': 0.3333333333333333}, ASR: 2.5, TCB: {'PD_1': ['PD_2'], 'PD_2': ['PD_1']}, FR: {'PD_1,PD_2': inf}
    Goal not met: RSI[PD_1,PD_2]=0.333 > 0.3
Warning: Removing FILE_1_3 will leave PD_1 without TEMP files
Warning: Removing FILE_1_3 will leave PD_2 without TEMP files
  Computing metrics...
    RSI: {'PD_1,PD_2': 0.3333333333333333}, ASR: 2.5, TCB: {'PD_1': ['PD_2'], 'PD_2': ['PD_1']}, FR: {'PD_1,PD_2': inf}
    Goal not met: RSI[PD_1,PD_2]=0.333 > 0.3
Warning: Removing FILE_1_3 will leave PD_1 without TEMP files
Warning: Removing FILE_1_3 will leave PD_2 without TEMP files
  Computing metrics...
    RSI: {'PD_1,PD_2': 0.3333333333333333}, ASR: 2.5, TCB: {'PD_1': ['PD_2'], 'PD_2': ['PD_1']}, FR: {'PD_1,PD_2': inf}
    Goal not met: RSI[PD_1,PD_2]=0.333 > 0.3
Warning: Removing FILE_1_3 will leave PD_1 without TEMP files
Warning: Removing FILE_1_3 will leave PD_2 without TEMP files
  Computing metrics...
    RSI: {'PD_1,PD_2': 0.3333333333333333}, ASR: 2.5, TCB: {'PD_1': ['PD_2'], 'PD_2': ['PD_1']}, FR: {'PD_1,PD_2': inf}
    Goal not met: RSI[PD_1,PD_2]=0.333 > 0.3
Warning: Removing FILE_1_3 will leave PD_1 without TEMP files
Warning: Removing FILE_1_3 will leave PD_2 without TEMP files
  Computing metrics...
    RSI: {'PD_1,PD_2': 0.3333333333333333}, ASR: 2.5, TCB: {'PD_1': ['PD_2'], 'PD_2': ['PD_1']}, FR: {'PD_1,PD_2': inf}
    Goal not met: RSI[PD_1,PD_2]=0.333 > 0.3
Warning: Removing FILE_1_3 will leave PD_1 without TEMP files
Warning: Removing FILE_1_3 will leave PD_2 without TEMP files
  Computing metrics...
    RSI: {'PD_1,PD_2': 0.3333333333333333}, ASR: 2.0, TCB: {'PD_1': ['PD_2'], 'PD_2': ['PD_1']}, FR: {'PD_1,PD_2': inf}
    Goal not met: RSI[PD_1,PD_2]=0.333 > 0.3
Warning: Removing FILE_1_3 will leave PD_1 without TEMP files
Warning: Removing FILE_1_3 will leave PD_2 without TEMP files
Warning: Removing FILE_1_3 will leave PD_1 without TEMP files
Warning: Removing FILE_1_3 will leave PD_2 without TEMP files
Warning: Removing FILE_1_3 will leave PD_2 without TEMP files
Warning: Removing FILE_1_3 will leave PD_1 without TEMP files
Warning: Removing FILE_1_3 will leave PD_2 without TEMP files
  Computing metrics...
    RSI: {'PD_1,PD_2': 0.3333333333333333}, ASR: 2.0, TCB: {'PD_1': ['PD_2'], 'PD_2': ['PD_1']}, FR: {'PD_1,PD_2': inf}
    Goal not met: RSI[PD_1,PD_2]=0.333 > 0.3
Warning: Removing FILE_1_3 will leave PD_1 without TEMP files
Warning: Removing FILE_1_3 will leave PD_2 without TEMP files
  Computing metrics...
    RSI: {'PD_1,PD_2': 0.3333333333333333}, ASR: 2.0, TCB: {'PD_1': ['PD_2'], 'PD_2': ['PD_1']}, FR: {'PD_1,PD_2': inf}
    Goal not met: RSI[PD_1,PD_2]=0.333 > 0.3
Warning: Removing FILE_1_3 will leave PD_1 without TEMP files
Warning: Removing FILE_1_3 will leave PD_2 without TEMP files
  Computing metrics...
    RSI: {'PD_1,PD_2': 0.3333333333333333}, ASR: 2.0, TCB: {'PD_1': ['PD_2'], 'PD_2': ['PD_1']}, FR: {'PD_1,PD_2': inf}
    Goal not met: RSI[PD_1,PD_2]=0.333 > 0.3
Warning: Removing FILE_1_3 will leave PD_1 without TEMP files
Warning: Removing FILE_1_3 will leave PD_2 without TEMP files

⏳ Progress: 100 states explored, 393 in queue, 0 mechanisms found
  Computing metrics...
    RSI: {'PD_1,PD_2': 0.3333333333333333}, ASR: 2.0, TCB: {'PD_1': ['PD_2'], 'PD_2': ['PD_1']}, FR: {'PD_1,PD_2': inf}
    Goal not met: RSI[PD_1,PD_2]=0.333 > 0.3
Warning: Removing FILE_1_3 will leave PD_1 without TEMP files
Warning: Removing FILE_1_3 will leave PD_2 without TEMP files
  Computing metrics...
    RSI: {'PD_1,PD_2': 0.3333333333333333}, ASR: 2.0, TCB: {'PD_1': ['PD_2'], 'PD_2': ['PD_1']}, FR: {'PD_1,PD_2': inf}
    Goal not met: RSI[PD_1,PD_2]=0.333 > 0.3
Warning: Removing FILE_1_3 will leave PD_1 without TEMP files
Warning: Removing FILE_1_3 will leave PD_2 without TEMP files
  Computing metrics...
    RSI: {'PD_1,PD_2': 0.3333333333333333}, ASR: 2.0, TCB: {'PD_1': ['PD_2'], 'PD_2': ['PD_1']}, FR: {'PD_1,PD_2': inf}
    Goal not met: RSI[PD_1,PD_2]=0.333 > 0.3
Warning: Removing FILE_1_3 will leave PD_1 without TEMP files
Warning: Removing FILE_1_3 will leave PD_2 without TEMP files
  Computing metrics...
    RSI: {'PD_1,PD_2': 0.3333333333333333}, ASR: 2.0, TCB: {'PD_1': ['PD_2'], 'PD_2': ['PD_1']}, FR: {'PD_1,PD_2': inf}
    Goal not met: RSI[PD_1,PD_2]=0.333 > 0.3
Warning: Removing FILE_1_3 will leave PD_1 without TEMP files
Warning: Removing FILE_1_3 will leave PD_2 without TEMP files
Warning: Removing FILE_1_3 will leave PD_1 without TEMP files
Warning: Removing FILE_1_3 will leave PD_2 without TEMP files
Warning: Removing FILE_1_3 will leave PD_2 without TEMP files
Warning: Removing FILE_1_3 will leave PD_1 without TEMP files
Warning: Removing FILE_1_3 will leave PD_2 without TEMP files
  Computing metrics...
    RSI: {'PD_1,PD_2': 0.6666666666666666}, ASR: 2.5, TCB: {'PD_1': ['PD_2'], 'PD_2': ['PD_1']}, FR: {'PD_1,PD_2': inf}
    Goal not met: RSI[PD_1,PD_2]=0.667 > 0.3
Warning: Removing FILE_1_2 will leave PD_1 without DATABASE files
Warning: Removing FILE_1_2 will leave PD_2 without DATABASE files
Warning: Removing FILE_1_3 will leave PD_1 without TEMP files
Warning: Removing FILE_1_3 will leave PD_2 without TEMP files
  Computing metrics...
    RSI: {'PD_1,PD_2': 0.6666666666666666}, ASR: 2.5, TCB: {'PD_1': ['PD_2'], 'PD_2': ['PD_1']}, FR: {'PD_1,PD_2': inf}
    Goal not met: RSI[PD_1,PD_2]=0.667 > 0.3
Warning: Removing FILE_1_1 will leave PD_1 without CONFIG files
Warning: Removing FILE_1_1 will leave PD_2 without CONFIG files
Warning: Removing FILE_1_3 will leave PD_1 without TEMP files
Warning: Removing FILE_1_3 will leave PD_2 without TEMP files
  Computing metrics...
    RSI: {'PD_1,PD_2': 0.3333333333333333}, ASR: 2.5, TCB: {'PD_1': ['PD_2'], 'PD_2': ['PD_1']}, FR: {'PD_1,PD_2': inf}
    Goal not met: RSI[PD_1,PD_2]=0.333 > 0.3
Warning: Removing FILE_1_3 will leave PD_1 without TEMP files
Warning: Removing FILE_1_3 will leave PD_2 without TEMP files
  Computing metrics...
    RSI: {'PD_1,PD_2': 0.3333333333333333}, ASR: 2.5, TCB: {'PD_1': ['PD_2'], 'PD_2': ['PD_1']}, FR: {'PD_1,PD_2': inf}
    Goal not met: RSI[PD_1,PD_2]=0.333 > 0.3
Warning: Removing FILE_1_3 will leave PD_1 without TEMP files
Warning: Removing FILE_1_3 will leave PD_2 without TEMP files
  Computing metrics...
    RSI: {'PD_1,PD_2': 0.3333333333333333}, ASR: 2.0, TCB: {'PD_1': ['PD_2'], 'PD_2': ['PD_1']}, FR: {'PD_1,PD_2': inf}
    Goal not met: RSI[PD_1,PD_2]=0.333 > 0.3
Warning: Removing FILE_1_3 will leave PD_1 without TEMP files
Warning: Removing FILE_1_3 will leave PD_2 without TEMP files
  Computing metrics...
    RSI: {'PD_1,PD_2': 0.3333333333333333}, ASR: 2.0, TCB: {'PD_1': ['PD_2'], 'PD_2': ['PD_1']}, FR: {'PD_1,PD_2': inf}
    Goal not met: RSI[PD_1,PD_2]=0.333 > 0.3
Warning: Removing FILE_1_3 will leave PD_1 without TEMP files
Warning: Removing FILE_1_3 will leave PD_2 without TEMP files
  Computing metrics...
    RSI: {'PD_1,PD_2': 0.3333333333333333}, ASR: 2.0, TCB: {'PD_1': ['PD_2'], 'PD_2': ['PD_1']}, FR: {'PD_1,PD_2': inf}
    Goal not met: RSI[PD_1,PD_2]=0.333 > 0.3
Warning: Removing FILE_1_3 will leave PD_1 without TEMP files
Warning: Removing FILE_1_3 will leave PD_2 without TEMP files
Warning: Removing FILE_1_2 will leave PD_2 without DATABASE files
Warning: Removing FILE_1_3 will leave PD_1 without TEMP files
Warning: Removing FILE_1_3 will leave PD_2 without TEMP files
Warning: Removing FILE_1_1 will leave PD_1 without DATABASE files
Warning: Removing FILE_1_3 will leave PD_1 without TEMP files
Warning: Removing FILE_1_3 will leave PD_2 without TEMP files
Warning: Removing FILE_1_3 will leave PD_1 without TEMP files
Warning: Removing FILE_1_3 will leave PD_2 without TEMP files
Warning: Removing FILE_1_3 will leave PD_1 without TEMP files
Warning: Removing FILE_1_3 will leave PD_2 without TEMP files
Warning: Removing FILE_1_3 will leave PD_1 without TEMP files
Warning: Removing FILE_1_3 will leave PD_2 without TEMP files
Warning: Removing FILE_1_3 will leave PD_1 without TEMP files
Warning: Removing FILE_1_3 will leave PD_2 without TEMP files
Warning: Removing FILE_1_3 will leave PD_1 without TEMP files
Warning: Removing FILE_1_3 will leave PD_2 without TEMP files
Warning: Removing FILE_1_3 will leave PD_1 without TEMP files
Warning: Removing FILE_1_3 will leave PD_2 without TEMP files
Warning: Removing FILE_1_2 will leave PD_1 without DATABASE files
Warning: Removing FILE_1_2 will leave PD_2 without DATABASE files
Warning: Removing FILE_1_3 will leave PD_2 without TEMP files
Warning: Removing FILE_1_3 will leave PD_1 without TEMP files
Warning: Removing FILE_1_3 will leave PD_2 without TEMP files
Warning: Removing FILE_1_3 will leave PD_2 without TEMP files
Warning: Removing FILE_1_3 will leave PD_2 without TEMP files
Warning: Removing FILE_1_3 will leave PD_2 without TEMP files
Warning: Removing FILE_1_3 will leave PD_2 without TEMP files
Warning: Removing FILE_1_3 will leave PD_2 without TEMP files
Warning: Removing FILE_1_2 will leave PD_1 without DATABASE files
Warning: Removing FILE_1_2 will leave PD_2 without DATABASE files
Warning: Removing FILE_1_3 will leave PD_1 without TEMP files
Warning: Removing FILE_1_3 will leave PD_2 without TEMP files
Warning: Removing FILE_1_1 will leave PD_1 without LOG files
Warning: Removing FILE_1_1 will leave PD_2 without LOG files
Warning: Removing FILE_1_3 will leave PD_1 without TEMP files
Warning: Removing FILE_1_3 will leave PD_2 without TEMP files
Warning: Removing FILE_1_3 will leave PD_1 without TEMP files
Warning: Removing FILE_1_3 will leave PD_2 without TEMP files
Warning: Removing FILE_1_3 will leave PD_1 without TEMP files
Warning: Removing FILE_1_3 will leave PD_2 without TEMP files
Warning: Removing FILE_1_3 will leave PD_1 without TEMP files
Warning: Removing FILE_1_3 will leave PD_2 without TEMP files
Warning: Removing FILE_1_3 will leave PD_1 without TEMP files
Warning: Removing FILE_1_3 will leave PD_2 without TEMP files
Warning: Removing FILE_1_3 will leave PD_1 without TEMP files
Warning: Removing FILE_1_3 will leave PD_2 without TEMP files
Warning: Removing FILE_1_3 will leave PD_1 without TEMP files
Warning: Removing FILE_1_3 will leave PD_2 without TEMP files
Warning: Removing FILE_1_2 will leave PD_1 without DATABASE files
Warning: Removing FILE_1_2 will leave PD_2 without DATABASE files
Warning: Removing FILE_1_1 will leave PD_1 without CONFIG files
Warning: Removing FILE_1_1 will leave PD_2 without CONFIG files
Warning: Removing FILE_1_3 will leave PD_1 without TEMP files
Warning: Removing FILE_1_3 will leave PD_2 without TEMP files

⏳ Progress: 150 states explored, 571 in queue, 0 mechanisms found
  Computing metrics...
    RSI: {'PD_1,PD_2': 1.0}, ASR: 3.0, TCB: {'PD_1': ['PD_2'], 'PD_2': ['PD_1']}, FR: {'PD_1,PD_2': inf}
    Goal not met: RSI[PD_1,PD_2]=1.000 > 0.3
Warning: Removing FILE_1_1 will leave PD_1 without CONFIG files
Warning: Removing FILE_1_1 will leave PD_2 without CONFIG files
Warning: Removing FILE_1_2 will leave PD_1 without DATABASE files
Warning: Removing FILE_1_2 will leave PD_2 without DATABASE files
Warning: Removing FILE_1_3 will leave PD_1 without TEMP files
Warning: Removing FILE_1_3 will leave PD_2 without TEMP files
  Computing metrics...
    RSI: {'PD_1,PD_2': 0.6666666666666666}, ASR: 3.0, TCB: {'PD_1': ['PD_2'], 'PD_2': ['PD_1']}, FR: {'PD_1,PD_2': inf}
    Goal not met: RSI[PD_1,PD_2]=0.667 > 0.3
Warning: Removing FILE_1_2 will leave PD_1 without DATABASE files
Warning: Removing FILE_1_2 will leave PD_2 without DATABASE files
Warning: Removing FILE_1_3 will leave PD_1 without TEMP files
Warning: Removing FILE_1_3 will leave PD_2 without TEMP files
  Computing metrics...
    RSI: {'PD_1,PD_2': 0.6666666666666666}, ASR: 3.0, TCB: {'PD_1': ['PD_2'], 'PD_2': ['PD_1']}, FR: {'PD_1,PD_2': inf}
    Goal not met: RSI[PD_1,PD_2]=0.667 > 0.3
Warning: Removing FILE_1_2 will leave PD_1 without DATABASE files
Warning: Removing FILE_1_2 will leave PD_2 without DATABASE files
Warning: Removing FILE_1_3 will leave PD_1 without TEMP files
Warning: Removing FILE_1_3 will leave PD_2 without TEMP files
  Computing metrics...
    RSI: {'PD_1,PD_2': 0.6666666666666666}, ASR: 2.5, TCB: {'PD_1': ['PD_2'], 'PD_2': ['PD_1']}, FR: {'PD_1,PD_2': inf}
    Goal not met: RSI[PD_1,PD_2]=0.667 > 0.3
Warning: Removing FILE_1_2 will leave PD_1 without DATABASE files
Warning: Removing FILE_1_2 will leave PD_2 without DATABASE files
Warning: Removing FILE_1_3 will leave PD_1 without TEMP files
Warning: Removing FILE_1_3 will leave PD_2 without TEMP files
  Computing metrics...
    RSI: {'PD_1,PD_2': 0.6666666666666666}, ASR: 2.5, TCB: {'PD_1': ['PD_2'], 'PD_2': ['PD_1']}, FR: {'PD_1,PD_2': inf}
    Goal not met: RSI[PD_1,PD_2]=0.667 > 0.3
Warning: Removing FILE_1_2 will leave PD_1 without DATABASE files
Warning: Removing FILE_1_2 will leave PD_2 without DATABASE files
Warning: Removing FILE_1_3 will leave PD_1 without TEMP files
Warning: Removing FILE_1_3 will leave PD_2 without TEMP files
  Computing metrics...
    RSI: {'PD_1,PD_2': 0.6666666666666666}, ASR: 2.5, TCB: {'PD_1': ['PD_2'], 'PD_2': ['PD_1']}, FR: {'PD_1,PD_2': inf}
    Goal not met: RSI[PD_1,PD_2]=0.667 > 0.3
Warning: Removing FILE_1_2 will leave PD_1 without DATABASE files
Warning: Removing FILE_1_2 will leave PD_2 without DATABASE files
Warning: Removing FILE_1_3 will leave PD_1 without TEMP files
Warning: Removing FILE_1_3 will leave PD_2 without TEMP files
Warning: Removing FILE_1_3 will leave PD_1 without TEMP files
Warning: Removing FILE_1_3 will leave PD_2 without TEMP files
  Computing metrics...
    RSI: {'PD_1,PD_2': 0.6666666666666666}, ASR: 3.0, TCB: {'PD_1': ['PD_2'], 'PD_2': ['PD_1']}, FR: {'PD_1,PD_2': inf}
    Goal not met: RSI[PD_1,PD_2]=0.667 > 0.3
Warning: Removing FILE_1_1 will leave PD_1 without CONFIG files
Warning: Removing FILE_1_1 will leave PD_2 without CONFIG files
Warning: Removing FILE_1_3 will leave PD_1 without TEMP files
Warning: Removing FILE_1_3 will leave PD_2 without TEMP files
  Computing metrics...
    RSI: {'PD_1,PD_2': 0.6666666666666666}, ASR: 3.0, TCB: {'PD_1': ['PD_2'], 'PD_2': ['PD_1']}, FR: {'PD_1,PD_2': inf}
    Goal not met: RSI[PD_1,PD_2]=0.667 > 0.3
Warning: Removing FILE_1_1 will leave PD_1 without CONFIG files
Warning: Removing FILE_1_1 will leave PD_2 without CONFIG files
Warning: Removing FILE_1_3 will leave PD_1 without TEMP files
Warning: Removing FILE_1_3 will leave PD_2 without TEMP files
  Computing metrics...
    RSI: {'PD_1,PD_2': 0.6666666666666666}, ASR: 2.5, TCB: {'PD_1': ['PD_2'], 'PD_2': ['PD_1']}, FR: {'PD_1,PD_2': inf}
    Goal not met: RSI[PD_1,PD_2]=0.667 > 0.3
Warning: Removing FILE_1_1 will leave PD_1 without CONFIG files
Warning: Removing FILE_1_1 will leave PD_2 without CONFIG files
Warning: Removing FILE_1_3 will leave PD_1 without TEMP files
Warning: Removing FILE_1_3 will leave PD_2 without TEMP files
  Computing metrics...
    RSI: {'PD_1,PD_2': 0.6666666666666666}, ASR: 2.5, TCB: {'PD_1': ['PD_2'], 'PD_2': ['PD_1']}, FR: {'PD_1,PD_2': inf}
    Goal not met: RSI[PD_1,PD_2]=0.667 > 0.3
Warning: Removing FILE_1_1 will leave PD_1 without CONFIG files
Warning: Removing FILE_1_1 will leave PD_2 without CONFIG files
Warning: Removing FILE_1_3 will leave PD_1 without TEMP files
Warning: Removing FILE_1_3 will leave PD_2 without TEMP files
  Computing metrics...
    RSI: {'PD_1,PD_2': 0.6666666666666666}, ASR: 2.5, TCB: {'PD_1': ['PD_2'], 'PD_2': ['PD_1']}, FR: {'PD_1,PD_2': inf}
    Goal not met: RSI[PD_1,PD_2]=0.667 > 0.3
Warning: Removing FILE_1_1 will leave PD_1 without CONFIG files
Warning: Removing FILE_1_1 will leave PD_2 without CONFIG files
Warning: Removing FILE_1_3 will leave PD_1 without TEMP files
Warning: Removing FILE_1_3 will leave PD_2 without TEMP files
  Computing metrics...
    RSI: {'PD_1,PD_2': 0.3333333333333333}, ASR: 3.0, TCB: {'PD_1': ['PD_2'], 'PD_2': ['PD_1']}, FR: {'PD_1,PD_2': inf}
    Goal not met: RSI[PD_1,PD_2]=0.333 > 0.3
Warning: Removing FILE_1_3 will leave PD_1 without TEMP files
Warning: Removing FILE_1_3 will leave PD_2 without TEMP files
  Computing metrics...
    RSI: {'PD_1,PD_2': 0.3333333333333333}, ASR: 2.5, TCB: {'PD_1': ['PD_2'], 'PD_2': ['PD_1']}, FR: {'PD_1,PD_2': inf}
    Goal not met: RSI[PD_1,PD_2]=0.333 > 0.3
Warning: Removing FILE_1_3 will leave PD_1 without TEMP files
Warning: Removing FILE_1_3 will leave PD_2 without TEMP files
  Computing metrics...
    RSI: {'PD_1,PD_2': 0.3333333333333333}, ASR: 2.5, TCB: {'PD_1': ['PD_2'], 'PD_2': ['PD_1']}, FR: {'PD_1,PD_2': inf}
    Goal not met: RSI[PD_1,PD_2]=0.333 > 0.3
Warning: Removing FILE_1_3 will leave PD_1 without TEMP files
Warning: Removing FILE_1_3 will leave PD_2 without TEMP files
  Computing metrics...
    RSI: {'PD_1,PD_2': 0.3333333333333333}, ASR: 2.5, TCB: {'PD_1': ['PD_2'], 'PD_2': ['PD_1']}, FR: {'PD_1,PD_2': inf}
    Goal not met: RSI[PD_1,PD_2]=0.333 > 0.3
Warning: Removing FILE_1_3 will leave PD_1 without TEMP files
Warning: Removing FILE_1_3 will leave PD_2 without TEMP files
  Computing metrics...
    RSI: {'PD_1,PD_2': 0.3333333333333333}, ASR: 2.5, TCB: {'PD_1': ['PD_2'], 'PD_2': ['PD_1']}, FR: {'PD_1,PD_2': inf}
    Goal not met: RSI[PD_1,PD_2]=0.333 > 0.3
Warning: Removing FILE_1_3 will leave PD_1 without TEMP files
Warning: Removing FILE_1_3 will leave PD_2 without TEMP files
  Computing metrics...
    RSI: {'PD_1,PD_2': 0.3333333333333333}, ASR: 2.5, TCB: {'PD_1': ['PD_2'], 'PD_2': ['PD_1']}, FR: {'PD_1,PD_2': inf}
    Goal not met: RSI[PD_1,PD_2]=0.333 > 0.3
Warning: Removing FILE_1_3 will leave PD_1 without TEMP files
Warning: Removing FILE_1_3 will leave PD_2 without TEMP files
  Computing metrics...
    RSI: {'PD_1,PD_2': 0.3333333333333333}, ASR: 2.5, TCB: {'PD_1': ['PD_2'], 'PD_2': ['PD_1']}, FR: {'PD_1,PD_2': inf}
    Goal not met: RSI[PD_1,PD_2]=0.333 > 0.3
Warning: Removing FILE_1_3 will leave PD_1 without TEMP files
Warning: Removing FILE_1_3 will leave PD_2 without TEMP files
  Computing metrics...
    RSI: {'PD_1,PD_2': 0.3333333333333333}, ASR: 2.0, TCB: {'PD_1': ['PD_2'], 'PD_2': ['PD_1']}, FR: {'PD_1,PD_2': inf}
    Goal not met: RSI[PD_1,PD_2]=0.333 > 0.3
Warning: Removing FILE_1_3 will leave PD_1 without TEMP files
Warning: Removing FILE_1_3 will leave PD_2 without TEMP files
Warning: Removing FILE_1_3 will leave PD_1 without TEMP files
Warning: Removing FILE_1_3 will leave PD_2 without TEMP files
Warning: Removing FILE_1_3 will leave PD_2 without TEMP files
Warning: Removing FILE_1_3 will leave PD_1 without TEMP files
Warning: Removing FILE_1_3 will leave PD_2 without TEMP files
  Computing metrics...
    RSI: {'PD_1,PD_2': 0.3333333333333333}, ASR: 2.0, TCB: {'PD_1': ['PD_2'], 'PD_2': ['PD_1']}, FR: {'PD_1,PD_2': inf}
    Goal not met: RSI[PD_1,PD_2]=0.333 > 0.3
Warning: Removing FILE_1_3 will leave PD_1 without TEMP files
Warning: Removing FILE_1_3 will leave PD_2 without TEMP files
  Computing metrics...
    RSI: {'PD_1,PD_2': 0.3333333333333333}, ASR: 2.0, TCB: {'PD_1': ['PD_2'], 'PD_2': ['PD_1']}, FR: {'PD_1,PD_2': inf}
    Goal not met: RSI[PD_1,PD_2]=0.333 > 0.3
Warning: Removing FILE_1_3 will leave PD_1 without TEMP files
Warning: Removing FILE_1_3 will leave PD_2 without TEMP files
  Computing metrics...
    RSI: {'PD_1,PD_2': 0.3333333333333333}, ASR: 2.0, TCB: {'PD_1': ['PD_2'], 'PD_2': ['PD_1']}, FR: {'PD_1,PD_2': inf}
    Goal not met: RSI[PD_1,PD_2]=0.333 > 0.3
Warning: Removing FILE_1_3 will leave PD_1 without TEMP files
Warning: Removing FILE_1_3 will leave PD_2 without TEMP files
  Computing metrics...
    RSI: {'PD_1,PD_2': 0.3333333333333333}, ASR: 2.0, TCB: {'PD_1': ['PD_2'], 'PD_2': ['PD_1']}, FR: {'PD_1,PD_2': inf}
    Goal not met: RSI[PD_1,PD_2]=0.333 > 0.3
Warning: Removing FILE_1_3 will leave PD_1 without TEMP files
Warning: Removing FILE_1_3 will leave PD_2 without TEMP files
  Computing metrics...
    RSI: {'PD_1,PD_2': 0.3333333333333333}, ASR: 2.0, TCB: {'PD_1': ['PD_2'], 'PD_2': ['PD_1']}, FR: {'PD_1,PD_2': inf}
    Goal not met: RSI[PD_1,PD_2]=0.333 > 0.3
Warning: Removing FILE_1_3 will leave PD_1 without TEMP files
Warning: Removing FILE_1_3 will leave PD_2 without TEMP files
  Computing metrics...
    RSI: {'PD_1,PD_2': 0.3333333333333333}, ASR: 2.0, TCB: {'PD_1': ['PD_2'], 'PD_2': ['PD_1']}, FR: {'PD_1,PD_2': inf}
    Goal not met: RSI[PD_1,PD_2]=0.333 > 0.3
Warning: Removing FILE_1_3 will leave PD_1 without TEMP files
Warning: Removing FILE_1_3 will leave PD_2 without TEMP files
  Computing metrics...
    RSI: {'PD_1,PD_2': 0.3333333333333333}, ASR: 2.0, TCB: {'PD_1': ['PD_2'], 'PD_2': ['PD_1']}, FR: {'PD_1,PD_2': inf}
    Goal not met: RSI[PD_1,PD_2]=0.333 > 0.3
Warning: Removing FILE_1_3 will leave PD_1 without TEMP files
Warning: Removing FILE_1_3 will leave PD_2 without TEMP files
Warning: Removing FILE_1_3 will leave PD_1 without TEMP files
Warning: Removing FILE_1_3 will leave PD_2 without TEMP files
Warning: Removing FILE_1_3 will leave PD_2 without TEMP files
Warning: Removing FILE_1_3 will leave PD_1 without TEMP files
Warning: Removing FILE_1_3 will leave PD_2 without TEMP files
  Computing metrics...
    RSI: {'PD_1,PD_2': 0.6666666666666666}, ASR: 2.5, TCB: {'PD_1': ['PD_2'], 'PD_2': ['PD_1']}, FR: {'PD_1,PD_2': inf}
    Goal not met: RSI[PD_1,PD_2]=0.667 > 0.3
Warning: Removing FILE_1_2 will leave PD_1 without DATABASE files
Warning: Removing FILE_1_2 will leave PD_2 without DATABASE files
Warning: Removing FILE_1_3 will leave PD_1 without TEMP files
Warning: Removing FILE_1_3 will leave PD_2 without TEMP files
  Computing metrics...
    RSI: {'PD_1,PD_2': 0.6666666666666666}, ASR: 2.5, TCB: {'PD_1': ['PD_2'], 'PD_2': ['PD_1']}, FR: {'PD_1,PD_2': inf}
    Goal not met: RSI[PD_1,PD_2]=0.667 > 0.3
Warning: Removing FILE_1_1 will leave PD_1 without CONFIG files
Warning: Removing FILE_1_1 will leave PD_2 without CONFIG files
Warning: Removing FILE_1_3 will leave PD_1 without TEMP files
Warning: Removing FILE_1_3 will leave PD_2 without TEMP files
  Computing metrics...
    RSI: {'PD_1,PD_2': 0.3333333333333333}, ASR: 2.5, TCB: {'PD_1': ['PD_2'], 'PD_2': ['PD_1']}, FR: {'PD_1,PD_2': inf}
    Goal not met: RSI[PD_1,PD_2]=0.333 > 0.3
Warning: Removing FILE_1_3 will leave PD_1 without TEMP files
Warning: Removing FILE_1_3 will leave PD_2 without TEMP files
  Computing metrics...
    RSI: {'PD_1,PD_2': 0.3333333333333333}, ASR: 2.5, TCB: {'PD_1': ['PD_2'], 'PD_2': ['PD_1']}, FR: {'PD_1,PD_2': inf}
    Goal not met: RSI[PD_1,PD_2]=0.333 > 0.3
Warning: Removing FILE_1_3 will leave PD_1 without TEMP files
Warning: Removing FILE_1_3 will leave PD_2 without TEMP files
  Computing metrics...
    RSI: {'PD_1,PD_2': 0.3333333333333333}, ASR: 2.0, TCB: {'PD_1': ['PD_2'], 'PD_2': ['PD_1']}, FR: {'PD_1,PD_2': inf}
    Goal not met: RSI[PD_1,PD_2]=0.333 > 0.3
Warning: Removing FILE_1_3 will leave PD_1 without TEMP files
Warning: Removing FILE_1_3 will leave PD_2 without TEMP files
  Computing metrics...
    RSI: {'PD_1,PD_2': 0.3333333333333333}, ASR: 2.0, TCB: {'PD_1': ['PD_2'], 'PD_2': ['PD_1']}, FR: {'PD_1,PD_2': inf}
    Goal not met: RSI[PD_1,PD_2]=0.333 > 0.3
Warning: Removing FILE_1_3 will leave PD_1 without TEMP files
Warning: Removing FILE_1_3 will leave PD_2 without TEMP files
Warning: Removing FILE_1_2 will leave PD_2 without DATABASE files
Warning: Removing FILE_1_3 will leave PD_1 without TEMP files
Warning: Removing FILE_1_3 will leave PD_2 without TEMP files
Warning: Removing FILE_1_1 will leave PD_1 without DATABASE files
Warning: Removing FILE_1_3 will leave PD_1 without TEMP files
Warning: Removing FILE_1_3 will leave PD_2 without TEMP files
Warning: Removing FILE_1_3 will leave PD_1 without TEMP files
Warning: Removing FILE_1_3 will leave PD_2 without TEMP files
Warning: Removing FILE_1_3 will leave PD_1 without TEMP files
Warning: Removing FILE_1_3 will leave PD_2 without TEMP files
Warning: Removing FILE_1_3 will leave PD_1 without TEMP files
Warning: Removing FILE_1_3 will leave PD_2 without TEMP files
Warning: Removing FILE_1_3 will leave PD_1 without TEMP files
Warning: Removing FILE_1_3 will leave PD_2 without TEMP files
Warning: Removing FILE_1_3 will leave PD_1 without TEMP files
Warning: Removing FILE_1_3 will leave PD_2 without TEMP files
Warning: Removing FILE_1_2 will leave PD_1 without DATABASE files
Warning: Removing FILE_1_2 will leave PD_2 without DATABASE files
Warning: Removing FILE_1_3 will leave PD_2 without TEMP files

⏳ Progress: 200 states explored, 716 in queue, 0 mechanisms found
Warning: Removing FILE_1_3 will leave PD_1 without TEMP files
Warning: Removing FILE_1_3 will leave PD_2 without TEMP files
Warning: Removing FILE_1_3 will leave PD_2 without TEMP files
Warning: Removing FILE_1_3 will leave PD_2 without TEMP files
Warning: Removing FILE_1_3 will leave PD_2 without TEMP files
Warning: Removing FILE_1_3 will leave PD_2 without TEMP files
Warning: Removing FILE_1_2 will leave PD_1 without DATABASE files
Warning: Removing FILE_1_2 will leave PD_2 without DATABASE files
Warning: Removing FILE_1_3 will leave PD_1 without TEMP files
Warning: Removing FILE_1_3 will leave PD_2 without TEMP files
Warning: Removing FILE_1_1 will leave PD_1 without LOG files
Warning: Removing FILE_1_1 will leave PD_2 without LOG files
Warning: Removing FILE_1_3 will leave PD_1 without TEMP files
Warning: Removing FILE_1_3 will leave PD_2 without TEMP files
Warning: Removing FILE_1_3 will leave PD_1 without TEMP files
Warning: Removing FILE_1_3 will leave PD_2 without TEMP files
Warning: Removing FILE_1_3 will leave PD_1 without TEMP files
Warning: Removing FILE_1_3 will leave PD_2 without TEMP files
Warning: Removing FILE_1_3 will leave PD_1 without TEMP files
Warning: Removing FILE_1_3 will leave PD_2 without TEMP files
Warning: Removing FILE_1_3 will leave PD_1 without TEMP files
Warning: Removing FILE_1_3 will leave PD_2 without TEMP files
Warning: Removing FILE_1_3 will leave PD_1 without TEMP files
Warning: Removing FILE_1_3 will leave PD_2 without TEMP files
Warning: Removing FILE_1_2 will leave PD_1 without DATABASE files
Warning: Removing FILE_1_2 will leave PD_2 without DATABASE files
Warning: Removing FILE_1_1 will leave PD_1 without CONFIG files
Warning: Removing FILE_1_1 will leave PD_2 without CONFIG files
Warning: Removing FILE_1_3 will leave PD_1 without TEMP files
Warning: Removing FILE_1_3 will leave PD_2 without TEMP files
  Computing metrics...
    RSI: {'PD_1,PD_2': 1.0}, ASR: 3.0, TCB: {'PD_1': ['PD_2'], 'PD_2': ['PD_1']}, FR: {'PD_1,PD_2': inf}
    Goal not met: RSI[PD_1,PD_2]=1.000 > 0.3
Warning: Removing FILE_1_1 will leave PD_1 without CONFIG files
Warning: Removing FILE_1_1 will leave PD_2 without CONFIG files
Warning: Removing FILE_1_2 will leave PD_1 without DATABASE files
Warning: Removing FILE_1_2 will leave PD_2 without DATABASE files
Warning: Removing FILE_1_3 will leave PD_1 without TEMP files
Warning: Removing FILE_1_3 will leave PD_2 without TEMP files
  Computing metrics...
    RSI: {'PD_1,PD_2': 0.6666666666666666}, ASR: 3.0, TCB: {'PD_1': ['PD_2'], 'PD_2': ['PD_1']}, FR: {'PD_1,PD_2': inf}
    Goal not met: RSI[PD_1,PD_2]=0.667 > 0.3
Warning: Removing FILE_1_2 will leave PD_1 without DATABASE files
Warning: Removing FILE_1_2 will leave PD_2 without DATABASE files
Warning: Removing FILE_1_3 will leave PD_1 without TEMP files
Warning: Removing FILE_1_3 will leave PD_2 without TEMP files
  Computing metrics...
    RSI: {'PD_1,PD_2': 0.6666666666666666}, ASR: 3.0, TCB: {'PD_1': ['PD_2'], 'PD_2': ['PD_1']}, FR: {'PD_1,PD_2': inf}
    Goal not met: RSI[PD_1,PD_2]=0.667 > 0.3
Warning: Removing FILE_1_2 will leave PD_1 without DATABASE files
Warning: Removing FILE_1_2 will leave PD_2 without DATABASE files
Warning: Removing FILE_1_3 will leave PD_1 without TEMP files
Warning: Removing FILE_1_3 will leave PD_2 without TEMP files
  Computing metrics...
    RSI: {'PD_1,PD_2': 0.6666666666666666}, ASR: 2.5, TCB: {'PD_1': ['PD_2'], 'PD_2': ['PD_1']}, FR: {'PD_1,PD_2': inf}
    Goal not met: RSI[PD_1,PD_2]=0.667 > 0.3
Warning: Removing FILE_1_2 will leave PD_1 without DATABASE files
Warning: Removing FILE_1_2 will leave PD_2 without DATABASE files
Warning: Removing FILE_1_3 will leave PD_1 without TEMP files
Warning: Removing FILE_1_3 will leave PD_2 without TEMP files
  Computing metrics...
    RSI: {'PD_1,PD_2': 0.6666666666666666}, ASR: 2.5, TCB: {'PD_1': ['PD_2'], 'PD_2': ['PD_1']}, FR: {'PD_1,PD_2': inf}
    Goal not met: RSI[PD_1,PD_2]=0.667 > 0.3
Warning: Removing FILE_1_2 will leave PD_1 without DATABASE files
Warning: Removing FILE_1_2 will leave PD_2 without DATABASE files
Warning: Removing FILE_1_3 will leave PD_1 without TEMP files
Warning: Removing FILE_1_3 will leave PD_2 without TEMP files
  Computing metrics...
    RSI: {'PD_1,PD_2': 0.6666666666666666}, ASR: 2.5, TCB: {'PD_1': ['PD_2'], 'PD_2': ['PD_1']}, FR: {'PD_1,PD_2': inf}
    Goal not met: RSI[PD_1,PD_2]=0.667 > 0.3
Warning: Removing FILE_1_2 will leave PD_1 without DATABASE files
Warning: Removing FILE_1_2 will leave PD_2 without DATABASE files
Warning: Removing FILE_1_3 will leave PD_1 without TEMP files
Warning: Removing FILE_1_3 will leave PD_2 without TEMP files
  Computing metrics...
    RSI: {'PD_1,PD_2': 0.6666666666666666}, ASR: 3.0, TCB: {'PD_1': ['PD_2'], 'PD_2': ['PD_1']}, FR: {'PD_1,PD_2': inf}
    Goal not met: RSI[PD_1,PD_2]=0.667 > 0.3
Warning: Removing FILE_1_1 will leave PD_1 without CONFIG files
Warning: Removing FILE_1_1 will leave PD_2 without CONFIG files
Warning: Removing FILE_1_3 will leave PD_1 without TEMP files
Warning: Removing FILE_1_3 will leave PD_2 without TEMP files
  Computing metrics...
    RSI: {'PD_1,PD_2': 0.6666666666666666}, ASR: 3.0, TCB: {'PD_1': ['PD_2'], 'PD_2': ['PD_1']}, FR: {'PD_1,PD_2': inf}
    Goal not met: RSI[PD_1,PD_2]=0.667 > 0.3
Warning: Removing FILE_1_1 will leave PD_1 without CONFIG files
Warning: Removing FILE_1_1 will leave PD_2 without CONFIG files
Warning: Removing FILE_1_3 will leave PD_1 without TEMP files
Warning: Removing FILE_1_3 will leave PD_2 without TEMP files
  Computing metrics...
    RSI: {'PD_1,PD_2': 0.6666666666666666}, ASR: 2.5, TCB: {'PD_1': ['PD_2'], 'PD_2': ['PD_1']}, FR: {'PD_1,PD_2': inf}
    Goal not met: RSI[PD_1,PD_2]=0.667 > 0.3
Warning: Removing FILE_1_1 will leave PD_1 without CONFIG files
Warning: Removing FILE_1_1 will leave PD_2 without CONFIG files
Warning: Removing FILE_1_3 will leave PD_1 without TEMP files
Warning: Removing FILE_1_3 will leave PD_2 without TEMP files
  Computing metrics...
    RSI: {'PD_1,PD_2': 0.6666666666666666}, ASR: 2.5, TCB: {'PD_1': ['PD_2'], 'PD_2': ['PD_1']}, FR: {'PD_1,PD_2': inf}
    Goal not met: RSI[PD_1,PD_2]=0.667 > 0.3
Warning: Removing FILE_1_1 will leave PD_1 without CONFIG files
Warning: Removing FILE_1_1 will leave PD_2 without CONFIG files
Warning: Removing FILE_1_3 will leave PD_1 without TEMP files
Warning: Removing FILE_1_3 will leave PD_2 without TEMP files
  Computing metrics...
    RSI: {'PD_1,PD_2': 0.6666666666666666}, ASR: 2.5, TCB: {'PD_1': ['PD_2'], 'PD_2': ['PD_1']}, FR: {'PD_1,PD_2': inf}
    Goal not met: RSI[PD_1,PD_2]=0.667 > 0.3
Warning: Removing FILE_1_1 will leave PD_1 without CONFIG files
Warning: Removing FILE_1_1 will leave PD_2 without CONFIG files
Warning: Removing FILE_1_3 will leave PD_1 without TEMP files
Warning: Removing FILE_1_3 will leave PD_2 without TEMP files
  Computing metrics...
    RSI: {'PD_1,PD_2': 0.3333333333333333}, ASR: 3.0, TCB: {'PD_1': ['PD_2'], 'PD_2': ['PD_1']}, FR: {'PD_1,PD_2': inf}
    Goal not met: RSI[PD_1,PD_2]=0.333 > 0.3
Warning: Removing FILE_1_3 will leave PD_1 without TEMP files
Warning: Removing FILE_1_3 will leave PD_2 without TEMP files
  Computing metrics...
    RSI: {'PD_1,PD_2': 0.3333333333333333}, ASR: 2.5, TCB: {'PD_1': ['PD_2'], 'PD_2': ['PD_1']}, FR: {'PD_1,PD_2': inf}
    Goal not met: RSI[PD_1,PD_2]=0.333 > 0.3
Warning: Removing FILE_1_3 will leave PD_1 without TEMP files
Warning: Removing FILE_1_3 will leave PD_2 without TEMP files
  Computing metrics...
    RSI: {'PD_1,PD_2': 0.3333333333333333}, ASR: 2.5, TCB: {'PD_1': ['PD_2'], 'PD_2': ['PD_1']}, FR: {'PD_1,PD_2': inf}
    Goal not met: RSI[PD_1,PD_2]=0.333 > 0.3
Warning: Removing FILE_1_3 will leave PD_1 without TEMP files
Warning: Removing FILE_1_3 will leave PD_2 without TEMP files
  Computing metrics...
    RSI: {'PD_1,PD_2': 0.3333333333333333}, ASR: 2.5, TCB: {'PD_1': ['PD_2'], 'PD_2': ['PD_1']}, FR: {'PD_1,PD_2': inf}
    Goal not met: RSI[PD_1,PD_2]=0.333 > 0.3
Warning: Removing FILE_1_3 will leave PD_1 without TEMP files
Warning: Removing FILE_1_3 will leave PD_2 without TEMP files
  Computing metrics...
    RSI: {'PD_1,PD_2': 0.3333333333333333}, ASR: 2.5, TCB: {'PD_1': ['PD_2'], 'PD_2': ['PD_1']}, FR: {'PD_1,PD_2': inf}
    Goal not met: RSI[PD_1,PD_2]=0.333 > 0.3
Warning: Removing FILE_1_3 will leave PD_1 without TEMP files
Warning: Removing FILE_1_3 will leave PD_2 without TEMP files
  Computing metrics...
    RSI: {'PD_1,PD_2': 0.3333333333333333}, ASR: 2.5, TCB: {'PD_1': ['PD_2'], 'PD_2': ['PD_1']}, FR: {'PD_1,PD_2': inf}
    Goal not met: RSI[PD_1,PD_2]=0.333 > 0.3
Warning: Removing FILE_1_3 will leave PD_1 without TEMP files
Warning: Removing FILE_1_3 will leave PD_2 without TEMP files
  Computing metrics...
    RSI: {'PD_1,PD_2': 0.3333333333333333}, ASR: 2.5, TCB: {'PD_1': ['PD_2'], 'PD_2': ['PD_1']}, FR: {'PD_1,PD_2': inf}
    Goal not met: RSI[PD_1,PD_2]=0.333 > 0.3
Warning: Removing FILE_1_3 will leave PD_1 without TEMP files
Warning: Removing FILE_1_3 will leave PD_2 without TEMP files
  Computing metrics...
    RSI: {'PD_1,PD_2': 0.3333333333333333}, ASR: 2.0, TCB: {'PD_1': ['PD_2'], 'PD_2': ['PD_1']}, FR: {'PD_1,PD_2': inf}
    Goal not met: RSI[PD_1,PD_2]=0.333 > 0.3
Warning: Removing FILE_1_3 will leave PD_1 without TEMP files
Warning: Removing FILE_1_3 will leave PD_2 without TEMP files
  Computing metrics...
    RSI: {'PD_1,PD_2': 0.3333333333333333}, ASR: 2.0, TCB: {'PD_1': ['PD_2'], 'PD_2': ['PD_1']}, FR: {'PD_1,PD_2': inf}
    Goal not met: RSI[PD_1,PD_2]=0.333 > 0.3
Warning: Removing FILE_1_3 will leave PD_1 without TEMP files
Warning: Removing FILE_1_3 will leave PD_2 without TEMP files
  Computing metrics...
    RSI: {'PD_1,PD_2': 0.3333333333333333}, ASR: 2.0, TCB: {'PD_1': ['PD_2'], 'PD_2': ['PD_1']}, FR: {'PD_1,PD_2': inf}
    Goal not met: RSI[PD_1,PD_2]=0.333 > 0.3
Warning: Removing FILE_1_3 will leave PD_1 without TEMP files
Warning: Removing FILE_1_3 will leave PD_2 without TEMP files
  Computing metrics...
    RSI: {'PD_1,PD_2': 0.3333333333333333}, ASR: 2.0, TCB: {'PD_1': ['PD_2'], 'PD_2': ['PD_1']}, FR: {'PD_1,PD_2': inf}
    Goal not met: RSI[PD_1,PD_2]=0.333 > 0.3
Warning: Removing FILE_1_3 will leave PD_1 without TEMP files
Warning: Removing FILE_1_3 will leave PD_2 without TEMP files
  Computing metrics...
    RSI: {'PD_1,PD_2': 0.3333333333333333}, ASR: 2.0, TCB: {'PD_1': ['PD_2'], 'PD_2': ['PD_1']}, FR: {'PD_1,PD_2': inf}
    Goal not met: RSI[PD_1,PD_2]=0.333 > 0.3
Warning: Removing FILE_1_3 will leave PD_1 without TEMP files
Warning: Removing FILE_1_3 will leave PD_2 without TEMP files
  Computing metrics...
    RSI: {'PD_1,PD_2': 0.3333333333333333}, ASR: 2.0, TCB: {'PD_1': ['PD_2'], 'PD_2': ['PD_1']}, FR: {'PD_1,PD_2': inf}
    Goal not met: RSI[PD_1,PD_2]=0.333 > 0.3
Warning: Removing FILE_1_3 will leave PD_1 without TEMP files
Warning: Removing FILE_1_3 will leave PD_2 without TEMP files
Warning: Removing FILE_1_2 will leave PD_2 without DATABASE files
Warning: Removing FILE_1_1 will leave PD_1 without DATABASE files

⏳ Progress: 250 states explored, 822 in queue, 0 mechanisms found
Warning: Removing FILE_1_3 will leave PD_1 without TEMP files
Warning: Removing FILE_1_3 will leave PD_2 without TEMP files
Warning: Removing FILE_1_3 will leave PD_1 without TEMP files
Warning: Removing FILE_1_3 will leave PD_2 without TEMP files
Warning: Removing FILE_1_2 will leave PD_1 without DATABASE files
Warning: Removing FILE_1_2 will leave PD_2 without DATABASE files
Warning: Removing FILE_1_3 will leave PD_1 without TEMP files
Warning: Removing FILE_1_3 will leave PD_2 without TEMP files
Warning: Removing FILE_1_2 will leave PD_2 without DATABASE files
Warning: Removing FILE_1_3 will leave PD_1 without TEMP files
Warning: Removing FILE_1_3 will leave PD_2 without TEMP files
Warning: Removing FILE_1_2 will leave PD_2 without DATABASE files
Warning: Removing FILE_1_3 will leave PD_1 without TEMP files
Warning: Removing FILE_1_3 will leave PD_2 without TEMP files
Warning: Removing FILE_1_2 will leave PD_2 without DATABASE files
Warning: Removing FILE_1_3 will leave PD_1 without TEMP files
Warning: Removing FILE_1_3 will leave PD_2 without TEMP files
Warning: Removing FILE_1_2 will leave PD_2 without DATABASE files
Warning: Removing FILE_1_3 will leave PD_1 without TEMP files
Warning: Removing FILE_1_3 will leave PD_2 without TEMP files
Warning: Removing FILE_1_2 will leave PD_2 without DATABASE files
Warning: Removing FILE_1_3 will leave PD_1 without TEMP files
Warning: Removing FILE_1_3 will leave PD_2 without TEMP files
Warning: Removing FILE_1_3 will leave PD_1 without TEMP files
Warning: Removing FILE_1_3 will leave PD_2 without TEMP files
Warning: Removing FILE_1_1 will leave PD_1 without DATABASE files
Warning: Removing FILE_1_1 will leave PD_2 without DATABASE files
Warning: Removing FILE_1_3 will leave PD_1 without TEMP files
Warning: Removing FILE_1_3 will leave PD_2 without TEMP files
Warning: Removing FILE_1_1 will leave PD_1 without DATABASE files
Warning: Removing FILE_1_3 will leave PD_1 without TEMP files
Warning: Removing FILE_1_3 will leave PD_2 without TEMP files
Warning: Removing FILE_1_1 will leave PD_1 without DATABASE files
Warning: Removing FILE_1_3 will leave PD_1 without TEMP files
Warning: Removing FILE_1_3 will leave PD_2 without TEMP files
Warning: Removing FILE_1_1 will leave PD_1 without DATABASE files
Warning: Removing FILE_1_3 will leave PD_1 without TEMP files
Warning: Removing FILE_1_3 will leave PD_2 without TEMP files
Warning: Removing FILE_1_1 will leave PD_1 without DATABASE files
Warning: Removing FILE_1_3 will leave PD_1 without TEMP files
Warning: Removing FILE_1_3 will leave PD_2 without TEMP files
Warning: Removing FILE_1_1 will leave PD_1 without DATABASE files
Warning: Removing FILE_1_3 will leave PD_1 without TEMP files
Warning: Removing FILE_1_3 will leave PD_2 without TEMP files
Warning: Removing FILE_1_3 will leave PD_1 without TEMP files
Warning: Removing FILE_1_3 will leave PD_2 without TEMP files
Warning: Removing FILE_1_3 will leave PD_1 without TEMP files
Warning: Removing FILE_1_3 will leave PD_2 without TEMP files
Warning: Removing FILE_1_3 will leave PD_1 without TEMP files
Warning: Removing FILE_1_3 will leave PD_2 without TEMP files
Warning: Removing FILE_1_3 will leave PD_1 without TEMP files
Warning: Removing FILE_1_3 will leave PD_2 without TEMP files
Warning: Removing FILE_1_3 will leave PD_1 without TEMP files
Warning: Removing FILE_1_3 will leave PD_2 without TEMP files
Warning: Removing FILE_1_3 will leave PD_1 without TEMP files
Warning: Removing FILE_1_3 will leave PD_2 without TEMP files
Warning: Removing FILE_1_3 will leave PD_1 without TEMP files
Warning: Removing FILE_1_3 will leave PD_2 without TEMP files
Warning: Removing FILE_1_3 will leave PD_1 without TEMP files
Warning: Removing FILE_1_3 will leave PD_2 without TEMP files
Warning: Removing FILE_1_3 will leave PD_1 without TEMP files
Warning: Removing FILE_1_3 will leave PD_2 without TEMP files
Warning: Removing FILE_1_3 will leave PD_1 without TEMP files
Warning: Removing FILE_1_3 will leave PD_2 without TEMP files
Warning: Removing FILE_1_3 will leave PD_1 without TEMP files
Warning: Removing FILE_1_3 will leave PD_2 without TEMP files
Warning: Removing FILE_1_3 will leave PD_1 without TEMP files
Warning: Removing FILE_1_3 will leave PD_2 without TEMP files
Warning: Removing FILE_1_3 will leave PD_1 without TEMP files
Warning: Removing FILE_1_3 will leave PD_2 without TEMP files
Warning: Removing FILE_1_3 will leave PD_1 without TEMP files
Warning: Removing FILE_1_3 will leave PD_2 without TEMP files
Warning: Removing FILE_1_3 will leave PD_1 without TEMP files
Warning: Removing FILE_1_3 will leave PD_2 without TEMP files
Warning: Removing FILE_1_3 will leave PD_1 without TEMP files
Warning: Removing FILE_1_3 will leave PD_2 without TEMP files
Warning: Removing FILE_1_3 will leave PD_1 without TEMP files
Warning: Removing FILE_1_3 will leave PD_2 without TEMP files
Warning: Removing FILE_1_3 will leave PD_1 without TEMP files
Warning: Removing FILE_1_3 will leave PD_2 without TEMP files
Warning: Removing FILE_1_3 will leave PD_1 without TEMP files
Warning: Removing FILE_1_3 will leave PD_2 without TEMP files
Warning: Removing FILE_1_2 will leave PD_1 without DATABASE files
Warning: Removing FILE_1_2 will leave PD_2 without DATABASE files
Warning: Removing FILE_1_1 will leave PD_1 without TEMP files
Warning: Removing FILE_1_1 will leave PD_2 without TEMP files
Warning: Removing FILE_1_3 will leave PD_2 without TEMP files
Warning: Removing FILE_1_2 will leave PD_1 without DATABASE files
Warning: Removing FILE_1_2 will leave PD_2 without DATABASE files
Warning: Removing FILE_1_2 will leave PD_1 without DATABASE files
Warning: Removing FILE_1_2 will leave PD_2 without DATABASE files
Warning: Removing FILE_1_3 will leave PD_1 without TEMP files
Warning: Removing FILE_1_3 will leave PD_2 without TEMP files
Warning: Removing FILE_1_2 will leave PD_1 without DATABASE files
Warning: Removing FILE_1_2 will leave PD_2 without DATABASE files
Warning: Removing FILE_1_2 will leave PD_1 without DATABASE files
Warning: Removing FILE_1_2 will leave PD_2 without DATABASE files
Warning: Removing FILE_1_3 will leave PD_2 without TEMP files
Warning: Removing FILE_1_2 will leave PD_1 without DATABASE files
Warning: Removing FILE_1_2 will leave PD_2 without DATABASE files
Warning: Removing FILE_1_3 will leave PD_2 without TEMP files
Warning: Removing FILE_1_2 will leave PD_1 without DATABASE files
Warning: Removing FILE_1_2 will leave PD_2 without DATABASE files
Warning: Removing FILE_1_3 will leave PD_2 without TEMP files

⏳ Progress: 300 states explored, 936 in queue, 0 mechanisms found
Warning: Removing FILE_1_2 will leave PD_1 without DATABASE files
Warning: Removing FILE_1_2 will leave PD_2 without DATABASE files
Warning: Removing FILE_1_3 will leave PD_2 without TEMP files
Warning: Removing FILE_1_2 will leave PD_1 without DATABASE files
Warning: Removing FILE_1_2 will leave PD_2 without DATABASE files
Warning: Removing FILE_1_3 will leave PD_2 without TEMP files
Warning: Removing FILE_1_3 will leave PD_1 without TEMP files
Warning: Removing FILE_1_1 will leave PD_1 without TEMP files
Warning: Removing FILE_1_1 will leave PD_2 without TEMP files
Warning: Removing FILE_1_3 will leave PD_1 without TEMP files
Warning: Removing FILE_1_3 will leave PD_2 without TEMP files
Warning: Removing FILE_1_3 will leave PD_1 without TEMP files
Warning: Removing FILE_1_3 will leave PD_2 without TEMP files
Warning: Removing FILE_1_3 will leave PD_1 without TEMP files
Warning: Removing FILE_1_3 will leave PD_2 without TEMP files
Warning: Removing FILE_1_3 will leave PD_1 without TEMP files
Warning: Removing FILE_1_3 will leave PD_2 without TEMP files
Warning: Removing FILE_1_3 will leave PD_1 without TEMP files
Warning: Removing FILE_1_3 will leave PD_2 without TEMP files
Warning: Removing FILE_1_3 will leave PD_2 without TEMP files
Warning: Removing FILE_1_3 will leave PD_2 without TEMP files
Warning: Removing FILE_1_3 will leave PD_2 without TEMP files
Warning: Removing FILE_1_3 will leave PD_2 without TEMP files
Warning: Removing FILE_1_3 will leave PD_2 without TEMP files
Warning: Removing FILE_1_3 will leave PD_2 without TEMP files
Warning: Removing FILE_1_3 will leave PD_2 without TEMP files
Warning: Removing FILE_1_3 will leave PD_2 without TEMP files
Warning: Removing FILE_1_3 will leave PD_2 without TEMP files
Warning: Removing FILE_1_3 will leave PD_2 without TEMP files
Warning: Removing FILE_1_3 will leave PD_2 without TEMP files
Warning: Removing FILE_1_3 will leave PD_2 without TEMP files
Warning: Removing FILE_1_3 will leave PD_2 without TEMP files
Warning: Removing FILE_1_3 will leave PD_2 without TEMP files
Warning: Removing FILE_1_2 will leave PD_1 without DATABASE files
Warning: Removing FILE_1_2 will leave PD_2 without DATABASE files
Warning: Removing FILE_1_1 will leave PD_1 without LOG files
Warning: Removing FILE_1_1 will leave PD_2 without LOG files
Warning: Removing FILE_1_3 will leave PD_1 without TEMP files
Warning: Removing FILE_1_3 will leave PD_2 without TEMP files
Warning: Removing FILE_1_1 will leave PD_1 without LOG files
Warning: Removing FILE_1_1 will leave PD_2 without LOG files
Warning: Removing FILE_1_2 will leave PD_1 without DATABASE files
Warning: Removing FILE_1_2 will leave PD_2 without DATABASE files
Warning: Removing FILE_1_3 will leave PD_1 without TEMP files
Warning: Removing FILE_1_3 will leave PD_2 without TEMP files
Warning: Removing FILE_1_2 will leave PD_1 without DATABASE files
Warning: Removing FILE_1_2 will leave PD_2 without DATABASE files
Warning: Removing FILE_1_3 will leave PD_1 without TEMP files
Warning: Removing FILE_1_3 will leave PD_2 without TEMP files
Warning: Removing FILE_1_2 will leave PD_1 without DATABASE files
Warning: Removing FILE_1_2 will leave PD_2 without DATABASE files
Warning: Removing FILE_1_3 will leave PD_1 without TEMP files
Warning: Removing FILE_1_3 will leave PD_2 without TEMP files
Warning: Removing FILE_1_2 will leave PD_1 without DATABASE files
Warning: Removing FILE_1_2 will leave PD_2 without DATABASE files
Warning: Removing FILE_1_3 will leave PD_1 without TEMP files
Warning: Removing FILE_1_3 will leave PD_2 without TEMP files

⏳ Progress: 350 states explored, 1061 in queue, 0 mechanisms found
Warning: Removing FILE_1_2 will leave PD_1 without DATABASE files
Warning: Removing FILE_1_2 will leave PD_2 without DATABASE files
Warning: Removing FILE_1_3 will leave PD_1 without TEMP files
Warning: Removing FILE_1_3 will leave PD_2 without TEMP files
Warning: Removing FILE_1_2 will leave PD_1 without DATABASE files
Warning: Removing FILE_1_2 will leave PD_2 without DATABASE files
Warning: Removing FILE_1_3 will leave PD_1 without TEMP files
Warning: Removing FILE_1_3 will leave PD_2 without TEMP files
Warning: Removing FILE_1_2 will leave PD_1 without DATABASE files
Warning: Removing FILE_1_2 will leave PD_2 without DATABASE files
Warning: Removing FILE_1_3 will leave PD_1 without TEMP files
Warning: Removing FILE_1_3 will leave PD_2 without TEMP files
Warning: Removing FILE_1_3 will leave PD_1 without TEMP files
Warning: Removing FILE_1_3 will leave PD_2 without TEMP files
Warning: Removing FILE_1_1 will leave PD_1 without LOG files
Warning: Removing FILE_1_1 will leave PD_2 without LOG files
Warning: Removing FILE_1_3 will leave PD_1 without TEMP files
Warning: Removing FILE_1_3 will leave PD_2 without TEMP files
Warning: Removing FILE_1_1 will leave PD_1 without LOG files
Warning: Removing FILE_1_1 will leave PD_2 without LOG files
Warning: Removing FILE_1_3 will leave PD_1 without TEMP files
Warning: Removing FILE_1_3 will leave PD_2 without TEMP files
Warning: Removing FILE_1_1 will leave PD_1 without LOG files
Warning: Removing FILE_1_1 will leave PD_2 without LOG files
Warning: Removing FILE_1_3 will leave PD_1 without TEMP files
Warning: Removing FILE_1_3 will leave PD_2 without TEMP files
Warning: Removing FILE_1_1 will leave PD_1 without LOG files
Warning: Removing FILE_1_1 will leave PD_2 without LOG files
Warning: Removing FILE_1_3 will leave PD_1 without TEMP files
Warning: Removing FILE_1_3 will leave PD_2 without TEMP files
Warning: Removing FILE_1_1 will leave PD_1 without LOG files
Warning: Removing FILE_1_1 will leave PD_2 without LOG files
Warning: Removing FILE_1_3 will leave PD_1 without TEMP files
Warning: Removing FILE_1_3 will leave PD_2 without TEMP files
Warning: Removing FILE_1_3 will leave PD_1 without TEMP files
Warning: Removing FILE_1_3 will leave PD_2 without TEMP files
Warning: Removing FILE_1_3 will leave PD_1 without TEMP files
Warning: Removing FILE_1_3 will leave PD_2 without TEMP files
Warning: Removing FILE_1_3 will leave PD_1 without TEMP files
Warning: Removing FILE_1_3 will leave PD_2 without TEMP files
Warning: Removing FILE_1_3 will leave PD_1 without TEMP files
Warning: Removing FILE_1_3 will leave PD_2 without TEMP files
Warning: Removing FILE_1_3 will leave PD_1 without TEMP files
Warning: Removing FILE_1_3 will leave PD_2 without TEMP files
Warning: Removing FILE_1_3 will leave PD_1 without TEMP files
Warning: Removing FILE_1_3 will leave PD_2 without TEMP files
Warning: Removing FILE_1_3 will leave PD_1 without TEMP files
Warning: Removing FILE_1_3 will leave PD_2 without TEMP files
Warning: Removing FILE_1_3 will leave PD_1 without TEMP files
Warning: Removing FILE_1_3 will leave PD_2 without TEMP files
Warning: Removing FILE_1_3 will leave PD_1 without TEMP files
Warning: Removing FILE_1_3 will leave PD_2 without TEMP files
Warning: Removing FILE_1_3 will leave PD_1 without TEMP files
Warning: Removing FILE_1_3 will leave PD_2 without TEMP files
Warning: Removing FILE_1_3 will leave PD_1 without TEMP files
Warning: Removing FILE_1_3 will leave PD_2 without TEMP files
Warning: Removing FILE_1_3 will leave PD_1 without TEMP files
Warning: Removing FILE_1_3 will leave PD_2 without TEMP files
Warning: Removing FILE_1_3 will leave PD_1 without TEMP files
Warning: Removing FILE_1_3 will leave PD_2 without TEMP files
Warning: Removing FILE_1_3 will leave PD_1 without TEMP files
Warning: Removing FILE_1_3 will leave PD_2 without TEMP files
Warning: Removing FILE_1_3 will leave PD_1 without TEMP files
Warning: Removing FILE_1_3 will leave PD_2 without TEMP files
Warning: Removing FILE_1_3 will leave PD_1 without TEMP files
Warning: Removing FILE_1_3 will leave PD_2 without TEMP files
Warning: Removing FILE_1_3 will leave PD_1 without TEMP files
Warning: Removing FILE_1_3 will leave PD_2 without TEMP files
Warning: Removing FILE_1_3 will leave PD_1 without TEMP files
Warning: Removing FILE_1_3 will leave PD_2 without TEMP files
Warning: Removing FILE_1_1 will leave PD_1 without CONFIG files
Warning: Removing FILE_1_1 will leave PD_2 without CONFIG files
Warning: Removing FILE_1_2 will leave PD_1 without DATABASE files
Warning: Removing FILE_1_2 will leave PD_2 without DATABASE files
Warning: Removing FILE_1_2 will leave PD_1 without DATABASE files
Warning: Removing FILE_1_2 will leave PD_2 without DATABASE files
Warning: Removing FILE_1_2 will leave PD_1 without DATABASE files
Warning: Removing FILE_1_2 will leave PD_2 without DATABASE files
Warning: Removing FILE_1_2 will leave PD_1 without DATABASE files
Warning: Removing FILE_1_2 will leave PD_2 without DATABASE files
Warning: Removing FILE_1_2 will leave PD_1 without DATABASE files
Warning: Removing FILE_1_2 will leave PD_2 without DATABASE files
Warning: Removing FILE_1_1 will leave PD_1 without CONFIG files
Warning: Removing FILE_1_1 will leave PD_2 without CONFIG files
Warning: Removing FILE_1_1 will leave PD_1 without CONFIG files
Warning: Removing FILE_1_1 will leave PD_2 without CONFIG files
Warning: Removing FILE_1_1 will leave PD_1 without CONFIG files
Warning: Removing FILE_1_1 will leave PD_2 without CONFIG files
Warning: Removing FILE_1_1 will leave PD_1 without CONFIG files
Warning: Removing FILE_1_1 will leave PD_2 without CONFIG files

⏳ Progress: 400 states explored, 1139 in queue, 0 mechanisms found
Warning: Removing FILE_1_1 will leave PD_1 without CONFIG files
Warning: Removing FILE_1_1 will leave PD_2 without CONFIG files
Warning: Removing FILE_1_3 will leave PD_1 without TEMP files
Warning: Removing FILE_1_3 will leave PD_2 without TEMP files
Warning: Removing FILE_1_3 will leave PD_1 without TEMP files
Warning: Removing FILE_1_3 will leave PD_2 without TEMP files
Warning: Removing FILE_1_3 will leave PD_1 without TEMP files
Warning: Removing FILE_1_3 will leave PD_2 without TEMP files
Warning: Removing FILE_1_3 will leave PD_1 without TEMP files
Warning: Removing FILE_1_3 will leave PD_2 without TEMP files
Warning: Removing FILE_1_3 will leave PD_1 without TEMP files
Warning: Removing FILE_1_3 will leave PD_2 without TEMP files
Warning: Removing FILE_1_2 will leave PD_1 without DATABASE files
Warning: Removing FILE_1_2 will leave PD_2 without DATABASE files
Warning: Removing FILE_1_3 will leave PD_1 without TEMP files
Warning: Removing FILE_1_3 will leave PD_2 without TEMP files
  Computing metrics...
    RSI: {'PD_1,PD_2': 1.0}, ASR: 3.5, TCB: {'PD_1': ['PD_2'], 'PD_2': ['PD_1']}, FR: {'PD_1,PD_2': inf}
    Goal not met: RSI[PD_1,PD_2]=1.000 > 0.3
Warning: Removing FILE_1_1 will leave PD_1 without CONFIG files
Warning: Removing FILE_1_1 will leave PD_2 without CONFIG files
Warning: Removing FILE_1_2 will leave PD_1 without DATABASE files
Warning: Removing FILE_1_2 will leave PD_2 without DATABASE files
Warning: Removing FILE_1_3 will leave PD_1 without TEMP files
Warning: Removing FILE_1_3 will leave PD_2 without TEMP files
  Computing metrics...
    RSI: {'PD_1,PD_2': 1.0}, ASR: 3.5, TCB: {'PD_1': ['PD_2'], 'PD_2': ['PD_1']}, FR: {'PD_1,PD_2': inf}
    Goal not met: RSI[PD_1,PD_2]=1.000 > 0.3
Warning: Removing FILE_1_1 will leave PD_1 without CONFIG files
Warning: Removing FILE_1_1 will leave PD_2 without CONFIG files
Warning: Removing FILE_1_2 will leave PD_1 without DATABASE files
Warning: Removing FILE_1_2 will leave PD_2 without DATABASE files
Warning: Removing FILE_1_3 will leave PD_1 without TEMP files
Warning: Removing FILE_1_3 will leave PD_2 without TEMP files
  Computing metrics...
    RSI: {'PD_1,PD_2': 1.0}, ASR: 3.0, TCB: {'PD_1': ['PD_2'], 'PD_2': ['PD_1']}, FR: {'PD_1,PD_2': inf}
    Goal not met: RSI[PD_1,PD_2]=1.000 > 0.3
Warning: Removing FILE_1_1 will leave PD_1 without CONFIG files
Warning: Removing FILE_1_1 will leave PD_2 without CONFIG files
Warning: Removing FILE_1_2 will leave PD_1 without DATABASE files
Warning: Removing FILE_1_2 will leave PD_2 without DATABASE files
Warning: Removing FILE_1_3 will leave PD_1 without TEMP files
Warning: Removing FILE_1_3 will leave PD_2 without TEMP files
  Computing metrics...
    RSI: {'PD_1,PD_2': 1.0}, ASR: 3.0, TCB: {'PD_1': ['PD_2'], 'PD_2': ['PD_1']}, FR: {'PD_1,PD_2': inf}
    Goal not met: RSI[PD_1,PD_2]=1.000 > 0.3
Warning: Removing FILE_1_1 will leave PD_1 without CONFIG files
Warning: Removing FILE_1_1 will leave PD_2 without CONFIG files
Warning: Removing FILE_1_2 will leave PD_1 without DATABASE files
Warning: Removing FILE_1_2 will leave PD_2 without DATABASE files
Warning: Removing FILE_1_3 will leave PD_1 without TEMP files
Warning: Removing FILE_1_3 will leave PD_2 without TEMP files
  Computing metrics...
    RSI: {'PD_1,PD_2': 1.0}, ASR: 3.0, TCB: {'PD_1': ['PD_2'], 'PD_2': ['PD_1']}, FR: {'PD_1,PD_2': inf}
    Goal not met: RSI[PD_1,PD_2]=1.000 > 0.3
Warning: Removing FILE_1_1 will leave PD_1 without CONFIG files
Warning: Removing FILE_1_1 will leave PD_2 without CONFIG files
Warning: Removing FILE_1_2 will leave PD_1 without DATABASE files
Warning: Removing FILE_1_2 will leave PD_2 without DATABASE files
Warning: Removing FILE_1_3 will leave PD_1 without TEMP files
Warning: Removing FILE_1_3 will leave PD_2 without TEMP files
  Computing metrics...
    RSI: {'PD_1,PD_2': 0.6666666666666666}, ASR: 3.5, TCB: {'PD_1': ['PD_2'], 'PD_2': ['PD_1']}, FR: {'PD_1,PD_2': inf}
    Goal not met: RSI[PD_1,PD_2]=0.667 > 0.3
Warning: Removing FILE_1_2 will leave PD_1 without DATABASE files
Warning: Removing FILE_1_2 will leave PD_2 without DATABASE files
Warning: Removing FILE_1_3 will leave PD_1 without TEMP files
Warning: Removing FILE_1_3 will leave PD_2 without TEMP files
  Computing metrics...
    RSI: {'PD_1,PD_2': 0.6666666666666666}, ASR: 3.0, TCB: {'PD_1': ['PD_2'], 'PD_2': ['PD_1']}, FR: {'PD_1,PD_2': inf}
    Goal not met: RSI[PD_1,PD_2]=0.667 > 0.3
Warning: Removing FILE_1_2 will leave PD_1 without DATABASE files
Warning: Removing FILE_1_2 will leave PD_2 without DATABASE files
Warning: Removing FILE_1_3 will leave PD_1 without TEMP files
Warning: Removing FILE_1_3 will leave PD_2 without TEMP files
  Computing metrics...
    RSI: {'PD_1,PD_2': 0.6666666666666666}, ASR: 3.0, TCB: {'PD_1': ['PD_2'], 'PD_2': ['PD_1']}, FR: {'PD_1,PD_2': inf}
    Goal not met: RSI[PD_1,PD_2]=0.667 > 0.3
Warning: Removing FILE_1_2 will leave PD_1 without DATABASE files
Warning: Removing FILE_1_2 will leave PD_2 without DATABASE files
Warning: Removing FILE_1_3 will leave PD_1 without TEMP files
Warning: Removing FILE_1_3 will leave PD_2 without TEMP files
  Computing metrics...
    RSI: {'PD_1,PD_2': 0.6666666666666666}, ASR: 3.0, TCB: {'PD_1': ['PD_2'], 'PD_2': ['PD_1']}, FR: {'PD_1,PD_2': inf}
    Goal not met: RSI[PD_1,PD_2]=0.667 > 0.3
Warning: Removing FILE_1_2 will leave PD_1 without DATABASE files
Warning: Removing FILE_1_2 will leave PD_2 without DATABASE files
Warning: Removing FILE_1_3 will leave PD_1 without TEMP files
Warning: Removing FILE_1_3 will leave PD_2 without TEMP files
  Computing metrics...
    RSI: {'PD_1,PD_2': 0.6666666666666666}, ASR: 3.0, TCB: {'PD_1': ['PD_2'], 'PD_2': ['PD_1']}, FR: {'PD_1,PD_2': inf}
    Goal not met: RSI[PD_1,PD_2]=0.667 > 0.3
Warning: Removing FILE_1_2 will leave PD_1 without DATABASE files
Warning: Removing FILE_1_2 will leave PD_2 without DATABASE files
Warning: Removing FILE_1_3 will leave PD_1 without TEMP files
Warning: Removing FILE_1_3 will leave PD_2 without TEMP files
  Computing metrics...
    RSI: {'PD_1,PD_2': 0.6666666666666666}, ASR: 3.0, TCB: {'PD_1': ['PD_2'], 'PD_2': ['PD_1']}, FR: {'PD_1,PD_2': inf}
    Goal not met: RSI[PD_1,PD_2]=0.667 > 0.3
Warning: Removing FILE_1_2 will leave PD_1 without DATABASE files
Warning: Removing FILE_1_2 will leave PD_2 without DATABASE files
Warning: Removing FILE_1_3 will leave PD_1 without TEMP files
Warning: Removing FILE_1_3 will leave PD_2 without TEMP files
  Computing metrics...
    RSI: {'PD_1,PD_2': 0.6666666666666666}, ASR: 3.0, TCB: {'PD_1': ['PD_2'], 'PD_2': ['PD_1']}, FR: {'PD_1,PD_2': inf}
    Goal not met: RSI[PD_1,PD_2]=0.667 > 0.3
Warning: Removing FILE_1_2 will leave PD_1 without DATABASE files
Warning: Removing FILE_1_2 will leave PD_2 without DATABASE files
Warning: Removing FILE_1_3 will leave PD_1 without TEMP files
Warning: Removing FILE_1_3 will leave PD_2 without TEMP files
  Computing metrics...
    RSI: {'PD_1,PD_2': 0.6666666666666666}, ASR: 2.5, TCB: {'PD_1': ['PD_2'], 'PD_2': ['PD_1']}, FR: {'PD_1,PD_2': inf}
    Goal not met: RSI[PD_1,PD_2]=0.667 > 0.3
Warning: Removing FILE_1_2 will leave PD_1 without DATABASE files
Warning: Removing FILE_1_2 will leave PD_2 without DATABASE files
Warning: Removing FILE_1_3 will leave PD_1 without TEMP files
Warning: Removing FILE_1_3 will leave PD_2 without TEMP files
Warning: Removing FILE_1_2 will leave PD_2 without DATABASE files
Warning: Removing FILE_1_3 will leave PD_1 without TEMP files
Warning: Removing FILE_1_3 will leave PD_2 without TEMP files
Warning: Removing FILE_1_2 will leave PD_1 without DATABASE files
Warning: Removing FILE_1_2 will leave PD_2 without DATABASE files
Warning: Removing FILE_1_3 will leave PD_2 without TEMP files
Warning: Removing FILE_1_2 will leave PD_1 without DATABASE files
Warning: Removing FILE_1_2 will leave PD_2 without DATABASE files
Warning: Removing FILE_1_3 will leave PD_1 without TEMP files
Warning: Removing FILE_1_3 will leave PD_2 without TEMP files
  Computing metrics...
    RSI: {'PD_1,PD_2': 0.6666666666666666}, ASR: 2.5, TCB: {'PD_1': ['PD_2'], 'PD_2': ['PD_1']}, FR: {'PD_1,PD_2': inf}
    Goal not met: RSI[PD_1,PD_2]=0.667 > 0.3
Warning: Removing FILE_1_2 will leave PD_1 without DATABASE files
Warning: Removing FILE_1_2 will leave PD_2 without DATABASE files
Warning: Removing FILE_1_3 will leave PD_1 without TEMP files
Warning: Removing FILE_1_3 will leave PD_2 without TEMP files
  Computing metrics...
    RSI: {'PD_1,PD_2': 0.6666666666666666}, ASR: 2.5, TCB: {'PD_1': ['PD_2'], 'PD_2': ['PD_1']}, FR: {'PD_1,PD_2': inf}
    Goal not met: RSI[PD_1,PD_2]=0.667 > 0.3
Warning: Removing FILE_1_2 will leave PD_1 without DATABASE files
Warning: Removing FILE_1_2 will leave PD_2 without DATABASE files
Warning: Removing FILE_1_3 will leave PD_1 without TEMP files
Warning: Removing FILE_1_3 will leave PD_2 without TEMP files
  Computing metrics...
    RSI: {'PD_1,PD_2': 0.6666666666666666}, ASR: 2.5, TCB: {'PD_1': ['PD_2'], 'PD_2': ['PD_1']}, FR: {'PD_1,PD_2': inf}
    Goal not met: RSI[PD_1,PD_2]=0.667 > 0.3
Warning: Removing FILE_1_2 will leave PD_1 without DATABASE files
Warning: Removing FILE_1_2 will leave PD_2 without DATABASE files
Warning: Removing FILE_1_3 will leave PD_1 without TEMP files
Warning: Removing FILE_1_3 will leave PD_2 without TEMP files
  Computing metrics...
    RSI: {'PD_1,PD_2': 0.6666666666666666}, ASR: 2.5, TCB: {'PD_1': ['PD_2'], 'PD_2': ['PD_1']}, FR: {'PD_1,PD_2': inf}
    Goal not met: RSI[PD_1,PD_2]=0.667 > 0.3
Warning: Removing FILE_1_2 will leave PD_1 without DATABASE files
Warning: Removing FILE_1_2 will leave PD_2 without DATABASE files
Warning: Removing FILE_1_3 will leave PD_1 without TEMP files
Warning: Removing FILE_1_3 will leave PD_2 without TEMP files
  Computing metrics...
    RSI: {'PD_1,PD_2': 0.6666666666666666}, ASR: 2.5, TCB: {'PD_1': ['PD_2'], 'PD_2': ['PD_1']}, FR: {'PD_1,PD_2': inf}
    Goal not met: RSI[PD_1,PD_2]=0.667 > 0.3
Warning: Removing FILE_1_2 will leave PD_1 without DATABASE files
Warning: Removing FILE_1_2 will leave PD_2 without DATABASE files
Warning: Removing FILE_1_3 will leave PD_1 without TEMP files
Warning: Removing FILE_1_3 will leave PD_2 without TEMP files
  Computing metrics...
    RSI: {'PD_1,PD_2': 0.6666666666666666}, ASR: 2.5, TCB: {'PD_1': ['PD_2'], 'PD_2': ['PD_1']}, FR: {'PD_1,PD_2': inf}
    Goal not met: RSI[PD_1,PD_2]=0.667 > 0.3
Warning: Removing FILE_1_2 will leave PD_1 without DATABASE files
Warning: Removing FILE_1_2 will leave PD_2 without DATABASE files
Warning: Removing FILE_1_3 will leave PD_1 without TEMP files
Warning: Removing FILE_1_3 will leave PD_2 without TEMP files
Warning: Removing FILE_1_3 will leave PD_1 without TEMP files
Warning: Removing FILE_1_3 will leave PD_2 without TEMP files
Warning: Removing FILE_1_3 will leave PD_1 without TEMP files
Warning: Removing FILE_1_3 will leave PD_2 without TEMP files
Warning: Removing FILE_1_3 will leave PD_1 without TEMP files
Warning: Removing FILE_1_3 will leave PD_2 without TEMP files
Warning: Removing FILE_1_3 will leave PD_1 without TEMP files
Warning: Removing FILE_1_3 will leave PD_2 without TEMP files
Warning: Removing FILE_1_3 will leave PD_1 without TEMP files
Warning: Removing FILE_1_3 will leave PD_2 without TEMP files
Warning: Removing FILE_1_3 will leave PD_1 without TEMP files
Warning: Removing FILE_1_3 will leave PD_2 without TEMP files
Warning: Removing FILE_1_3 will leave PD_1 without TEMP files
Warning: Removing FILE_1_3 will leave PD_2 without TEMP files
Warning: Removing FILE_1_3 will leave PD_1 without TEMP files
Warning: Removing FILE_1_3 will leave PD_2 without TEMP files
  Computing metrics...
    RSI: {'PD_1,PD_2': 0.6666666666666666}, ASR: 3.5, TCB: {'PD_1': ['PD_2'], 'PD_2': ['PD_1']}, FR: {'PD_1,PD_2': inf}
    Goal not met: RSI[PD_1,PD_2]=0.667 > 0.3
Warning: Removing FILE_1_1 will leave PD_1 without CONFIG files
Warning: Removing FILE_1_1 will leave PD_2 without CONFIG files
Warning: Removing FILE_1_3 will leave PD_1 without TEMP files
Warning: Removing FILE_1_3 will leave PD_2 without TEMP files
  Computing metrics...
    RSI: {'PD_1,PD_2': 0.6666666666666666}, ASR: 3.0, TCB: {'PD_1': ['PD_2'], 'PD_2': ['PD_1']}, FR: {'PD_1,PD_2': inf}
    Goal not met: RSI[PD_1,PD_2]=0.667 > 0.3
Warning: Removing FILE_1_1 will leave PD_1 without CONFIG files
Warning: Removing FILE_1_1 will leave PD_2 without CONFIG files
Warning: Removing FILE_1_3 will leave PD_1 without TEMP files
Warning: Removing FILE_1_3 will leave PD_2 without TEMP files
  Computing metrics...
    RSI: {'PD_1,PD_2': 0.6666666666666666}, ASR: 3.0, TCB: {'PD_1': ['PD_2'], 'PD_2': ['PD_1']}, FR: {'PD_1,PD_2': inf}
    Goal not met: RSI[PD_1,PD_2]=0.667 > 0.3
Warning: Removing FILE_1_1 will leave PD_1 without CONFIG files
Warning: Removing FILE_1_1 will leave PD_2 without CONFIG files
Warning: Removing FILE_1_3 will leave PD_1 without TEMP files
Warning: Removing FILE_1_3 will leave PD_2 without TEMP files
  Computing metrics...
    RSI: {'PD_1,PD_2': 0.6666666666666666}, ASR: 3.0, TCB: {'PD_1': ['PD_2'], 'PD_2': ['PD_1']}, FR: {'PD_1,PD_2': inf}
    Goal not met: RSI[PD_1,PD_2]=0.667 > 0.3
Warning: Removing FILE_1_1 will leave PD_1 without CONFIG files
Warning: Removing FILE_1_1 will leave PD_2 without CONFIG files
Warning: Removing FILE_1_3 will leave PD_1 without TEMP files
Warning: Removing FILE_1_3 will leave PD_2 without TEMP files
  Computing metrics...
    RSI: {'PD_1,PD_2': 0.6666666666666666}, ASR: 3.0, TCB: {'PD_1': ['PD_2'], 'PD_2': ['PD_1']}, FR: {'PD_1,PD_2': inf}
    Goal not met: RSI[PD_1,PD_2]=0.667 > 0.3
Warning: Removing FILE_1_1 will leave PD_1 without CONFIG files
Warning: Removing FILE_1_1 will leave PD_2 without CONFIG files
Warning: Removing FILE_1_3 will leave PD_1 without TEMP files
Warning: Removing FILE_1_3 will leave PD_2 without TEMP files
  Computing metrics...
    RSI: {'PD_1,PD_2': 0.6666666666666666}, ASR: 3.0, TCB: {'PD_1': ['PD_2'], 'PD_2': ['PD_1']}, FR: {'PD_1,PD_2': inf}
    Goal not met: RSI[PD_1,PD_2]=0.667 > 0.3
Warning: Removing FILE_1_1 will leave PD_1 without CONFIG files
Warning: Removing FILE_1_1 will leave PD_2 without CONFIG files
Warning: Removing FILE_1_3 will leave PD_1 without TEMP files
Warning: Removing FILE_1_3 will leave PD_2 without TEMP files
  Computing metrics...
    RSI: {'PD_1,PD_2': 0.6666666666666666}, ASR: 3.0, TCB: {'PD_1': ['PD_2'], 'PD_2': ['PD_1']}, FR: {'PD_1,PD_2': inf}
    Goal not met: RSI[PD_1,PD_2]=0.667 > 0.3
Warning: Removing FILE_1_1 will leave PD_1 without CONFIG files
Warning: Removing FILE_1_1 will leave PD_2 without CONFIG files
Warning: Removing FILE_1_3 will leave PD_1 without TEMP files
Warning: Removing FILE_1_3 will leave PD_2 without TEMP files
  Computing metrics...
    RSI: {'PD_1,PD_2': 0.6666666666666666}, ASR: 2.5, TCB: {'PD_1': ['PD_2'], 'PD_2': ['PD_1']}, FR: {'PD_1,PD_2': inf}
    Goal not met: RSI[PD_1,PD_2]=0.667 > 0.3
Warning: Removing FILE_1_1 will leave PD_1 without CONFIG files
Warning: Removing FILE_1_1 will leave PD_2 without CONFIG files
Warning: Removing FILE_1_3 will leave PD_1 without TEMP files
Warning: Removing FILE_1_3 will leave PD_2 without TEMP files
Warning: Removing FILE_1_1 will leave PD_1 without DATABASE files
Warning: Removing FILE_1_3 will leave PD_1 without TEMP files
Warning: Removing FILE_1_3 will leave PD_2 without TEMP files
Warning: Removing FILE_1_1 will leave PD_1 without LOG files
Warning: Removing FILE_1_1 will leave PD_2 without LOG files
Warning: Removing FILE_1_3 will leave PD_1 without TEMP files
Warning: Removing FILE_1_3 will leave PD_2 without TEMP files
  Computing metrics...
    RSI: {'PD_1,PD_2': 0.6666666666666666}, ASR: 2.5, TCB: {'PD_1': ['PD_2'], 'PD_2': ['PD_1']}, FR: {'PD_1,PD_2': inf}
    Goal not met: RSI[PD_1,PD_2]=0.667 > 0.3
Warning: Removing FILE_1_1 will leave PD_1 without CONFIG files
Warning: Removing FILE_1_1 will leave PD_2 without CONFIG files
Warning: Removing FILE_1_3 will leave PD_1 without TEMP files
Warning: Removing FILE_1_3 will leave PD_2 without TEMP files
  Computing metrics...
    RSI: {'PD_1,PD_2': 0.6666666666666666}, ASR: 2.5, TCB: {'PD_1': ['PD_2'], 'PD_2': ['PD_1']}, FR: {'PD_1,PD_2': inf}
    Goal not met: RSI[PD_1,PD_2]=0.667 > 0.3
Warning: Removing FILE_1_1 will leave PD_1 without CONFIG files
Warning: Removing FILE_1_1 will leave PD_2 without CONFIG files
Warning: Removing FILE_1_3 will leave PD_1 without TEMP files
Warning: Removing FILE_1_3 will leave PD_2 without TEMP files
  Computing metrics...
    RSI: {'PD_1,PD_2': 0.6666666666666666}, ASR: 2.5, TCB: {'PD_1': ['PD_2'], 'PD_2': ['PD_1']}, FR: {'PD_1,PD_2': inf}
    Goal not met: RSI[PD_1,PD_2]=0.667 > 0.3
Warning: Removing FILE_1_1 will leave PD_1 without CONFIG files
Warning: Removing FILE_1_1 will leave PD_2 without CONFIG files
Warning: Removing FILE_1_3 will leave PD_1 without TEMP files
Warning: Removing FILE_1_3 will leave PD_2 without TEMP files

⏳ Progress: 450 states explored, 1246 in queue, 0 mechanisms found
  Computing metrics...
    RSI: {'PD_1,PD_2': 0.6666666666666666}, ASR: 2.5, TCB: {'PD_1': ['PD_2'], 'PD_2': ['PD_1']}, FR: {'PD_1,PD_2': inf}
    Goal not met: RSI[PD_1,PD_2]=0.667 > 0.3
Warning: Removing FILE_1_1 will leave PD_1 without CONFIG files
Warning: Removing FILE_1_1 will leave PD_2 without CONFIG files
Warning: Removing FILE_1_3 will leave PD_1 without TEMP files
Warning: Removing FILE_1_3 will leave PD_2 without TEMP files
  Computing metrics...
    RSI: {'PD_1,PD_2': 0.6666666666666666}, ASR: 2.5, TCB: {'PD_1': ['PD_2'], 'PD_2': ['PD_1']}, FR: {'PD_1,PD_2': inf}
    Goal not met: RSI[PD_1,PD_2]=0.667 > 0.3
Warning: Removing FILE_1_1 will leave PD_1 without CONFIG files
Warning: Removing FILE_1_1 will leave PD_2 without CONFIG files
Warning: Removing FILE_1_3 will leave PD_1 without TEMP files
Warning: Removing FILE_1_3 will leave PD_2 without TEMP files
  Computing metrics...
    RSI: {'PD_1,PD_2': 0.6666666666666666}, ASR: 2.5, TCB: {'PD_1': ['PD_2'], 'PD_2': ['PD_1']}, FR: {'PD_1,PD_2': inf}
    Goal not met: RSI[PD_1,PD_2]=0.667 > 0.3
Warning: Removing FILE_1_1 will leave PD_1 without CONFIG files
Warning: Removing FILE_1_1 will leave PD_2 without CONFIG files
Warning: Removing FILE_1_3 will leave PD_1 without TEMP files
Warning: Removing FILE_1_3 will leave PD_2 without TEMP files
  Computing metrics...
    RSI: {'PD_1,PD_2': 0.3333333333333333}, ASR: 3.0, TCB: {'PD_1': ['PD_2'], 'PD_2': ['PD_1']}, FR: {'PD_1,PD_2': inf}
    Goal not met: RSI[PD_1,PD_2]=0.333 > 0.3
Warning: Removing FILE_1_3 will leave PD_1 without TEMP files
Warning: Removing FILE_1_3 will leave PD_2 without TEMP files
  Computing metrics...
    RSI: {'PD_1,PD_2': 0.3333333333333333}, ASR: 3.0, TCB: {'PD_1': ['PD_2'], 'PD_2': ['PD_1']}, FR: {'PD_1,PD_2': inf}
    Goal not met: RSI[PD_1,PD_2]=0.333 > 0.3
Warning: Removing FILE_1_3 will leave PD_1 without TEMP files
Warning: Removing FILE_1_3 will leave PD_2 without TEMP files
  Computing metrics...
    RSI: {'PD_1,PD_2': 0.3333333333333333}, ASR: 3.0, TCB: {'PD_1': ['PD_2'], 'PD_2': ['PD_1']}, FR: {'PD_1,PD_2': inf}
    Goal not met: RSI[PD_1,PD_2]=0.333 > 0.3
Warning: Removing FILE_1_3 will leave PD_1 without TEMP files
Warning: Removing FILE_1_3 will leave PD_2 without TEMP files
  Computing metrics...
    RSI: {'PD_1,PD_2': 0.3333333333333333}, ASR: 2.5, TCB: {'PD_1': ['PD_2'], 'PD_2': ['PD_1']}, FR: {'PD_1,PD_2': inf}
    Goal not met: RSI[PD_1,PD_2]=0.333 > 0.3
Warning: Removing FILE_1_3 will leave PD_1 without TEMP files
Warning: Removing FILE_1_3 will leave PD_2 without TEMP files
Warning: Removing FILE_1_3 will leave PD_1 without TEMP files
Warning: Removing FILE_1_3 will leave PD_2 without TEMP files
Warning: Removing FILE_1_3 will leave PD_2 without TEMP files
Warning: Removing FILE_1_3 will leave PD_1 without TEMP files
Warning: Removing FILE_1_3 will leave PD_2 without TEMP files
  Computing metrics...
    RSI: {'PD_1,PD_2': 0.3333333333333333}, ASR: 2.5, TCB: {'PD_1': ['PD_2'], 'PD_2': ['PD_1']}, FR: {'PD_1,PD_2': inf}
    Goal not met: RSI[PD_1,PD_2]=0.333 > 0.3
Warning: Removing FILE_1_3 will leave PD_1 without TEMP files
Warning: Removing FILE_1_3 will leave PD_2 without TEMP files
  Computing metrics...
    RSI: {'PD_1,PD_2': 0.3333333333333333}, ASR: 2.5, TCB: {'PD_1': ['PD_2'], 'PD_2': ['PD_1']}, FR: {'PD_1,PD_2': inf}
    Goal not met: RSI[PD_1,PD_2]=0.333 > 0.3
Warning: Removing FILE_1_3 will leave PD_1 without TEMP files
Warning: Removing FILE_1_3 will leave PD_2 without TEMP files
  Computing metrics...
    RSI: {'PD_1,PD_2': 0.3333333333333333}, ASR: 2.5, TCB: {'PD_1': ['PD_2'], 'PD_2': ['PD_1']}, FR: {'PD_1,PD_2': inf}
    Goal not met: RSI[PD_1,PD_2]=0.333 > 0.3
Warning: Removing FILE_1_3 will leave PD_1 without TEMP files
Warning: Removing FILE_1_3 will leave PD_2 without TEMP files
  Computing metrics...
    RSI: {'PD_1,PD_2': 0.3333333333333333}, ASR: 2.5, TCB: {'PD_1': ['PD_2'], 'PD_2': ['PD_1']}, FR: {'PD_1,PD_2': inf}
    Goal not met: RSI[PD_1,PD_2]=0.333 > 0.3
Warning: Removing FILE_1_3 will leave PD_1 without TEMP files
Warning: Removing FILE_1_3 will leave PD_2 without TEMP files
  Computing metrics...
    RSI: {'PD_1,PD_2': 0.3333333333333333}, ASR: 2.5, TCB: {'PD_1': ['PD_2'], 'PD_2': ['PD_1']}, FR: {'PD_1,PD_2': inf}
    Goal not met: RSI[PD_1,PD_2]=0.333 > 0.3
Warning: Removing FILE_1_3 will leave PD_1 without TEMP files
Warning: Removing FILE_1_3 will leave PD_2 without TEMP files
  Computing metrics...
    RSI: {'PD_1,PD_2': 0.3333333333333333}, ASR: 2.5, TCB: {'PD_1': ['PD_2'], 'PD_2': ['PD_1']}, FR: {'PD_1,PD_2': inf}
    Goal not met: RSI[PD_1,PD_2]=0.333 > 0.3
Warning: Removing FILE_1_3 will leave PD_1 without TEMP files
Warning: Removing FILE_1_3 will leave PD_2 without TEMP files
  Computing metrics...
    RSI: {'PD_1,PD_2': 0.3333333333333333}, ASR: 2.5, TCB: {'PD_1': ['PD_2'], 'PD_2': ['PD_1']}, FR: {'PD_1,PD_2': inf}
    Goal not met: RSI[PD_1,PD_2]=0.333 > 0.3
Warning: Removing FILE_1_3 will leave PD_1 without TEMP files
Warning: Removing FILE_1_3 will leave PD_2 without TEMP files
Warning: Removing FILE_1_3 will leave PD_1 without TEMP files
Warning: Removing FILE_1_3 will leave PD_2 without TEMP files
Warning: Removing FILE_1_3 will leave PD_2 without TEMP files
Warning: Removing FILE_1_3 will leave PD_1 without TEMP files
Warning: Removing FILE_1_3 will leave PD_2 without TEMP files
  Computing metrics...
    RSI: {'PD_1,PD_2': 0.3333333333333333}, ASR: 2.5, TCB: {'PD_1': ['PD_2'], 'PD_2': ['PD_1']}, FR: {'PD_1,PD_2': inf}
    Goal not met: RSI[PD_1,PD_2]=0.333 > 0.3
Warning: Removing FILE_1_3 will leave PD_1 without TEMP files
Warning: Removing FILE_1_3 will leave PD_2 without TEMP files
  Computing metrics...
    RSI: {'PD_1,PD_2': 0.3333333333333333}, ASR: 2.5, TCB: {'PD_1': ['PD_2'], 'PD_2': ['PD_1']}, FR: {'PD_1,PD_2': inf}
    Goal not met: RSI[PD_1,PD_2]=0.333 > 0.3
Warning: Removing FILE_1_3 will leave PD_1 without TEMP files
Warning: Removing FILE_1_3 will leave PD_2 without TEMP files
  Computing metrics...
    RSI: {'PD_1,PD_2': 0.3333333333333333}, ASR: 2.5, TCB: {'PD_1': ['PD_2'], 'PD_2': ['PD_1']}, FR: {'PD_1,PD_2': inf}
    Goal not met: RSI[PD_1,PD_2]=0.333 > 0.3
Warning: Removing FILE_1_3 will leave PD_1 without TEMP files
Warning: Removing FILE_1_3 will leave PD_2 without TEMP files
  Computing metrics...
    RSI: {'PD_1,PD_2': 0.3333333333333333}, ASR: 2.5, TCB: {'PD_1': ['PD_2'], 'PD_2': ['PD_1']}, FR: {'PD_1,PD_2': inf}
    Goal not met: RSI[PD_1,PD_2]=0.333 > 0.3
Warning: Removing FILE_1_3 will leave PD_1 without TEMP files
Warning: Removing FILE_1_3 will leave PD_2 without TEMP files
  Computing metrics...
    RSI: {'PD_1,PD_2': 0.3333333333333333}, ASR: 2.5, TCB: {'PD_1': ['PD_2'], 'PD_2': ['PD_1']}, FR: {'PD_1,PD_2': inf}
    Goal not met: RSI[PD_1,PD_2]=0.333 > 0.3
Warning: Removing FILE_1_3 will leave PD_1 without TEMP files
Warning: Removing FILE_1_3 will leave PD_2 without TEMP files
  Computing metrics...
    RSI: {'PD_1,PD_2': 0.3333333333333333}, ASR: 2.5, TCB: {'PD_1': ['PD_2'], 'PD_2': ['PD_1']}, FR: {'PD_1,PD_2': inf}
    Goal not met: RSI[PD_1,PD_2]=0.333 > 0.3
Warning: Removing FILE_1_3 will leave PD_1 without TEMP files
Warning: Removing FILE_1_3 will leave PD_2 without TEMP files
  Computing metrics...
    RSI: {'PD_1,PD_2': 0.3333333333333333}, ASR: 2.0, TCB: {'PD_1': ['PD_2'], 'PD_2': ['PD_1']}, FR: {'PD_1,PD_2': inf}
    Goal not met: RSI[PD_1,PD_2]=0.333 > 0.3
Warning: Removing FILE_1_3 will leave PD_1 without TEMP files
Warning: Removing FILE_1_3 will leave PD_2 without TEMP files
  Computing metrics...
    RSI: {'PD_1,PD_2': 0.3333333333333333}, ASR: 2.0, TCB: {'PD_1': ['PD_2'], 'PD_2': ['PD_1']}, FR: {'PD_1,PD_2': inf}
    Goal not met: RSI[PD_1,PD_2]=0.333 > 0.3
Warning: Removing FILE_1_3 will leave PD_1 without TEMP files
Warning: Removing FILE_1_3 will leave PD_2 without TEMP files
Warning: Removing FILE_1_3 will leave PD_1 without TEMP files
Warning: Removing FILE_1_3 will leave PD_2 without TEMP files
Warning: Removing FILE_1_3 will leave PD_1 without TEMP files
Warning: Removing FILE_1_3 will leave PD_2 without TEMP files
Warning: Removing FILE_1_3 will leave PD_2 without TEMP files
Warning: Removing FILE_1_3 will leave PD_2 without TEMP files
Warning: Removing FILE_1_3 will leave PD_1 without TEMP files
Warning: Removing FILE_1_3 will leave PD_2 without TEMP files
Warning: Removing FILE_1_3 will leave PD_1 without TEMP files
Warning: Removing FILE_1_3 will leave PD_2 without TEMP files
  Computing metrics...
    RSI: {'PD_1,PD_2': 0.3333333333333333}, ASR: 2.0, TCB: {'PD_1': ['PD_2'], 'PD_2': ['PD_1']}, FR: {'PD_1,PD_2': inf}
    Goal not met: RSI[PD_1,PD_2]=0.333 > 0.3
Warning: Removing FILE_1_3 will leave PD_1 without TEMP files
Warning: Removing FILE_1_3 will leave PD_2 without TEMP files
Warning: Removing FILE_1_3 will leave PD_1 without TEMP files
Warning: Removing FILE_1_3 will leave PD_2 without TEMP files
Warning: Removing FILE_1_3 will leave PD_2 without TEMP files
Warning: Removing FILE_1_3 will leave PD_1 without TEMP files
Warning: Removing FILE_1_3 will leave PD_2 without TEMP files
  Computing metrics...
    RSI: {'PD_1,PD_2': 0.3333333333333333}, ASR: 2.0, TCB: {'PD_1': ['PD_2'], 'PD_2': ['PD_1']}, FR: {'PD_1,PD_2': inf}
    Goal not met: RSI[PD_1,PD_2]=0.333 > 0.3
Warning: Removing FILE_1_3 will leave PD_1 without TEMP files
Warning: Removing FILE_1_3 will leave PD_2 without TEMP files
  Computing metrics...
    RSI: {'PD_1,PD_2': 0.3333333333333333}, ASR: 2.0, TCB: {'PD_1': ['PD_2'], 'PD_2': ['PD_1']}, FR: {'PD_1,PD_2': inf}
    Goal not met: RSI[PD_1,PD_2]=0.333 > 0.3
Warning: Removing FILE_1_3 will leave PD_1 without TEMP files
Warning: Removing FILE_1_3 will leave PD_2 without TEMP files
  Computing metrics...
    RSI: {'PD_1,PD_2': 0.3333333333333333}, ASR: 2.0, TCB: {'PD_1': ['PD_2'], 'PD_2': ['PD_1']}, FR: {'PD_1,PD_2': inf}
    Goal not met: RSI[PD_1,PD_2]=0.333 > 0.3
Warning: Removing FILE_1_3 will leave PD_1 without TEMP files
Warning: Removing FILE_1_3 will leave PD_2 without TEMP files
  Computing metrics...
    RSI: {'PD_1,PD_2': 0.3333333333333333}, ASR: 2.0, TCB: {'PD_1': ['PD_2'], 'PD_2': ['PD_1']}, FR: {'PD_1,PD_2': inf}
    Goal not met: RSI[PD_1,PD_2]=0.333 > 0.3
Warning: Removing FILE_1_3 will leave PD_1 without TEMP files
Warning: Removing FILE_1_3 will leave PD_2 without TEMP files
  Computing metrics...
    RSI: {'PD_1,PD_2': 0.3333333333333333}, ASR: 2.0, TCB: {'PD_1': ['PD_2'], 'PD_2': ['PD_1']}, FR: {'PD_1,PD_2': inf}
    Goal not met: RSI[PD_1,PD_2]=0.333 > 0.3
Warning: Removing FILE_1_3 will leave PD_1 without TEMP files
Warning: Removing FILE_1_3 will leave PD_2 without TEMP files
  Computing metrics...
    RSI: {'PD_1,PD_2': 0.3333333333333333}, ASR: 2.0, TCB: {'PD_1': ['PD_2'], 'PD_2': ['PD_1']}, FR: {'PD_1,PD_2': inf}
    Goal not met: RSI[PD_1,PD_2]=0.333 > 0.3
Warning: Removing FILE_1_3 will leave PD_1 without TEMP files
Warning: Removing FILE_1_3 will leave PD_2 without TEMP files
  Computing metrics...
    RSI: {'PD_1,PD_2': 0.3333333333333333}, ASR: 2.0, TCB: {'PD_1': ['PD_2'], 'PD_2': ['PD_1']}, FR: {'PD_1,PD_2': inf}
    Goal not met: RSI[PD_1,PD_2]=0.333 > 0.3
Warning: Removing FILE_1_3 will leave PD_1 without TEMP files
Warning: Removing FILE_1_3 will leave PD_2 without TEMP files
  Computing metrics...
    RSI: {'PD_1,PD_2': 0.3333333333333333}, ASR: 2.0, TCB: {'PD_1': ['PD_2'], 'PD_2': ['PD_1']}, FR: {'PD_1,PD_2': inf}
    Goal not met: RSI[PD_1,PD_2]=0.333 > 0.3
Warning: Removing FILE_1_3 will leave PD_1 without TEMP files
Warning: Removing FILE_1_3 will leave PD_2 without TEMP files
Warning: Removing FILE_1_3 will leave PD_1 without TEMP files
Warning: Removing FILE_1_3 will leave PD_2 without TEMP files
Warning: Removing FILE_1_3 will leave PD_2 without TEMP files
Warning: Removing FILE_1_3 will leave PD_1 without TEMP files
Warning: Removing FILE_1_3 will leave PD_2 without TEMP files

⏳ Progress: 500 states explored, 1325 in queue, 0 mechanisms found
  Computing metrics...
    RSI: {'PD_1,PD_2': 0.6666666666666666}, ASR: 2.5, TCB: {'PD_1': ['PD_2'], 'PD_2': ['PD_1']}, FR: {'PD_1,PD_2': inf}
    Goal not met: RSI[PD_1,PD_2]=0.667 > 0.3
Warning: Removing FILE_1_2 will leave PD_1 without DATABASE files
Warning: Removing FILE_1_2 will leave PD_2 without DATABASE files
Warning: Removing FILE_1_3 will leave PD_1 without TEMP files
Warning: Removing FILE_1_3 will leave PD_2 without TEMP files
  Computing metrics...
    RSI: {'PD_1,PD_2': 0.6666666666666666}, ASR: 2.5, TCB: {'PD_1': ['PD_2'], 'PD_2': ['PD_1']}, FR: {'PD_1,PD_2': inf}
    Goal not met: RSI[PD_1,PD_2]=0.667 > 0.3
Warning: Removing FILE_1_1 will leave PD_1 without CONFIG files
Warning: Removing FILE_1_1 will leave PD_2 without CONFIG files
Warning: Removing FILE_1_3 will leave PD_1 without TEMP files
Warning: Removing FILE_1_3 will leave PD_2 without TEMP files
  Computing metrics...
    RSI: {'PD_1,PD_2': 0.3333333333333333}, ASR: 2.5, TCB: {'PD_1': ['PD_2'], 'PD_2': ['PD_1']}, FR: {'PD_1,PD_2': inf}
    Goal not met: RSI[PD_1,PD_2]=0.333 > 0.3
Warning: Removing FILE_1_3 will leave PD_1 without TEMP files
Warning: Removing FILE_1_3 will leave PD_2 without TEMP files
  Computing metrics...
    RSI: {'PD_1,PD_2': 0.3333333333333333}, ASR: 2.5, TCB: {'PD_1': ['PD_2'], 'PD_2': ['PD_1']}, FR: {'PD_1,PD_2': inf}
    Goal not met: RSI[PD_1,PD_2]=0.333 > 0.3
Warning: Removing FILE_1_3 will leave PD_1 without TEMP files
Warning: Removing FILE_1_3 will leave PD_2 without TEMP files
  Computing metrics...
    RSI: {'PD_1,PD_2': 0.3333333333333333}, ASR: 2.0, TCB: {'PD_1': ['PD_2'], 'PD_2': ['PD_1']}, FR: {'PD_1,PD_2': inf}
    Goal not met: RSI[PD_1,PD_2]=0.333 > 0.3
Warning: Removing FILE_1_3 will leave PD_1 without TEMP files
Warning: Removing FILE_1_3 will leave PD_2 without TEMP files
  Computing metrics...
    RSI: {'PD_1,PD_2': 0.3333333333333333}, ASR: 2.0, TCB: {'PD_1': ['PD_2'], 'PD_2': ['PD_1']}, FR: {'PD_1,PD_2': inf}
    Goal not met: RSI[PD_1,PD_2]=0.333 > 0.3
Warning: Removing FILE_1_3 will leave PD_1 without TEMP files
Warning: Removing FILE_1_3 will leave PD_2 without TEMP files
Warning: Removing FILE_1_2 will leave PD_2 without DATABASE files
Warning: Removing FILE_1_3 will leave PD_1 without TEMP files
Warning: Removing FILE_1_3 will leave PD_2 without TEMP files
Warning: Removing FILE_1_1 will leave PD_1 without DATABASE files
Warning: Removing FILE_1_3 will leave PD_1 without TEMP files
Warning: Removing FILE_1_3 will leave PD_2 without TEMP files
Warning: Removing FILE_1_3 will leave PD_1 without TEMP files
Warning: Removing FILE_1_3 will leave PD_2 without TEMP files
Warning: Removing FILE_1_3 will leave PD_1 without TEMP files
Warning: Removing FILE_1_3 will leave PD_2 without TEMP files
Warning: Removing FILE_1_3 will leave PD_1 without TEMP files
Warning: Removing FILE_1_3 will leave PD_2 without TEMP files
Warning: Removing FILE_1_3 will leave PD_1 without TEMP files
Warning: Removing FILE_1_3 will leave PD_2 without TEMP files
Warning: Removing FILE_1_3 will leave PD_1 without TEMP files
Warning: Removing FILE_1_3 will leave PD_2 without TEMP files
Warning: Removing FILE_1_2 will leave PD_1 without DATABASE files
Warning: Removing FILE_1_2 will leave PD_2 without DATABASE files
Warning: Removing FILE_1_3 will leave PD_2 without TEMP files
Warning: Removing FILE_1_3 will leave PD_1 without TEMP files
Warning: Removing FILE_1_3 will leave PD_2 without TEMP files
Warning: Removing FILE_1_3 will leave PD_2 without TEMP files
Warning: Removing FILE_1_3 will leave PD_2 without TEMP files
Warning: Removing FILE_1_3 will leave PD_2 without TEMP files
Warning: Removing FILE_1_3 will leave PD_2 without TEMP files
Warning: Removing FILE_1_2 will leave PD_1 without DATABASE files
Warning: Removing FILE_1_2 will leave PD_2 without DATABASE files
Warning: Removing FILE_1_3 will leave PD_1 without TEMP files
Warning: Removing FILE_1_3 will leave PD_2 without TEMP files
Warning: Removing FILE_1_1 will leave PD_1 without LOG files
Warning: Removing FILE_1_1 will leave PD_2 without LOG files
Warning: Removing FILE_1_3 will leave PD_1 without TEMP files
Warning: Removing FILE_1_3 will leave PD_2 without TEMP files
Warning: Removing FILE_1_3 will leave PD_1 without TEMP files
Warning: Removing FILE_1_3 will leave PD_2 without TEMP files
Warning: Removing FILE_1_3 will leave PD_1 without TEMP files
Warning: Removing FILE_1_3 will leave PD_2 without TEMP files
Warning: Removing FILE_1_3 will leave PD_1 without TEMP files
Warning: Removing FILE_1_3 will leave PD_2 without TEMP files
Warning: Removing FILE_1_3 will leave PD_1 without TEMP files
Warning: Removing FILE_1_3 will leave PD_2 without TEMP files
Warning: Removing FILE_1_3 will leave PD_1 without TEMP files
Warning: Removing FILE_1_3 will leave PD_2 without TEMP files
Warning: Removing FILE_1_2 will leave PD_1 without DATABASE files
Warning: Removing FILE_1_2 will leave PD_2 without DATABASE files
Warning: Removing FILE_1_1 will leave PD_1 without CONFIG files
Warning: Removing FILE_1_1 will leave PD_2 without CONFIG files
Warning: Removing FILE_1_3 will leave PD_1 without TEMP files
Warning: Removing FILE_1_3 will leave PD_2 without TEMP files
  Computing metrics...
    RSI: {'PD_1,PD_2': 1.0}, ASR: 3.0, TCB: {'PD_1': ['PD_2'], 'PD_2': ['PD_1']}, FR: {'PD_1,PD_2': inf}
    Goal not met: RSI[PD_1,PD_2]=1.000 > 0.3
Warning: Removing FILE_1_1 will leave PD_1 without CONFIG files
Warning: Removing FILE_1_1 will leave PD_2 without CONFIG files
Warning: Removing FILE_1_2 will leave PD_1 without DATABASE files
Warning: Removing FILE_1_2 will leave PD_2 without DATABASE files
Warning: Removing FILE_1_3 will leave PD_1 without TEMP files
Warning: Removing FILE_1_3 will leave PD_2 without TEMP files
  Computing metrics...
    RSI: {'PD_1,PD_2': 0.6666666666666666}, ASR: 3.0, TCB: {'PD_1': ['PD_2'], 'PD_2': ['PD_1']}, FR: {'PD_1,PD_2': inf}
    Goal not met: RSI[PD_1,PD_2]=0.667 > 0.3
Warning: Removing FILE_1_2 will leave PD_1 without DATABASE files
Warning: Removing FILE_1_2 will leave PD_2 without DATABASE files
Warning: Removing FILE_1_3 will leave PD_1 without TEMP files
Warning: Removing FILE_1_3 will leave PD_2 without TEMP files
  Computing metrics...
    RSI: {'PD_1,PD_2': 0.6666666666666666}, ASR: 3.0, TCB: {'PD_1': ['PD_2'], 'PD_2': ['PD_1']}, FR: {'PD_1,PD_2': inf}
    Goal not met: RSI[PD_1,PD_2]=0.667 > 0.3
Warning: Removing FILE_1_2 will leave PD_1 without DATABASE files
Warning: Removing FILE_1_2 will leave PD_2 without DATABASE files
Warning: Removing FILE_1_3 will leave PD_1 without TEMP files
Warning: Removing FILE_1_3 will leave PD_2 without TEMP files
  Computing metrics...
    RSI: {'PD_1,PD_2': 0.6666666666666666}, ASR: 2.5, TCB: {'PD_1': ['PD_2'], 'PD_2': ['PD_1']}, FR: {'PD_1,PD_2': inf}
    Goal not met: RSI[PD_1,PD_2]=0.667 > 0.3
Warning: Removing FILE_1_2 will leave PD_1 without DATABASE files
Warning: Removing FILE_1_2 will leave PD_2 without DATABASE files
Warning: Removing FILE_1_3 will leave PD_1 without TEMP files
Warning: Removing FILE_1_3 will leave PD_2 without TEMP files
  Computing metrics...
    RSI: {'PD_1,PD_2': 0.6666666666666666}, ASR: 2.5, TCB: {'PD_1': ['PD_2'], 'PD_2': ['PD_1']}, FR: {'PD_1,PD_2': inf}
    Goal not met: RSI[PD_1,PD_2]=0.667 > 0.3
Warning: Removing FILE_1_2 will leave PD_1 without DATABASE files
Warning: Removing FILE_1_2 will leave PD_2 without DATABASE files
Warning: Removing FILE_1_3 will leave PD_1 without TEMP files
Warning: Removing FILE_1_3 will leave PD_2 without TEMP files
  Computing metrics...
    RSI: {'PD_1,PD_2': 0.6666666666666666}, ASR: 2.5, TCB: {'PD_1': ['PD_2'], 'PD_2': ['PD_1']}, FR: {'PD_1,PD_2': inf}
    Goal not met: RSI[PD_1,PD_2]=0.667 > 0.3
Warning: Removing FILE_1_2 will leave PD_1 without DATABASE files
Warning: Removing FILE_1_2 will leave PD_2 without DATABASE files
Warning: Removing FILE_1_3 will leave PD_1 without TEMP files
Warning: Removing FILE_1_3 will leave PD_2 without TEMP files
  Computing metrics...
    RSI: {'PD_1,PD_2': 0.6666666666666666}, ASR: 3.0, TCB: {'PD_1': ['PD_2'], 'PD_2': ['PD_1']}, FR: {'PD_1,PD_2': inf}
    Goal not met: RSI[PD_1,PD_2]=0.667 > 0.3
Warning: Removing FILE_1_1 will leave PD_1 without CONFIG files
Warning: Removing FILE_1_1 will leave PD_2 without CONFIG files
Warning: Removing FILE_1_3 will leave PD_1 without TEMP files
Warning: Removing FILE_1_3 will leave PD_2 without TEMP files
  Computing metrics...
    RSI: {'PD_1,PD_2': 0.6666666666666666}, ASR: 3.0, TCB: {'PD_1': ['PD_2'], 'PD_2': ['PD_1']}, FR: {'PD_1,PD_2': inf}
    Goal not met: RSI[PD_1,PD_2]=0.667 > 0.3
Warning: Removing FILE_1_1 will leave PD_1 without CONFIG files
Warning: Removing FILE_1_1 will leave PD_2 without CONFIG files
Warning: Removing FILE_1_3 will leave PD_1 without TEMP files
Warning: Removing FILE_1_3 will leave PD_2 without TEMP files
  Computing metrics...
    RSI: {'PD_1,PD_2': 0.6666666666666666}, ASR: 2.5, TCB: {'PD_1': ['PD_2'], 'PD_2': ['PD_1']}, FR: {'PD_1,PD_2': inf}
    Goal not met: RSI[PD_1,PD_2]=0.667 > 0.3
Warning: Removing FILE_1_1 will leave PD_1 without CONFIG files
Warning: Removing FILE_1_1 will leave PD_2 without CONFIG files
Warning: Removing FILE_1_3 will leave PD_1 without TEMP files
Warning: Removing FILE_1_3 will leave PD_2 without TEMP files
  Computing metrics...
    RSI: {'PD_1,PD_2': 0.6666666666666666}, ASR: 2.5, TCB: {'PD_1': ['PD_2'], 'PD_2': ['PD_1']}, FR: {'PD_1,PD_2': inf}
    Goal not met: RSI[PD_1,PD_2]=0.667 > 0.3
Warning: Removing FILE_1_1 will leave PD_1 without CONFIG files
Warning: Removing FILE_1_1 will leave PD_2 without CONFIG files
Warning: Removing FILE_1_3 will leave PD_1 without TEMP files
Warning: Removing FILE_1_3 will leave PD_2 without TEMP files
  Computing metrics...
    RSI: {'PD_1,PD_2': 0.6666666666666666}, ASR: 2.5, TCB: {'PD_1': ['PD_2'], 'PD_2': ['PD_1']}, FR: {'PD_1,PD_2': inf}
    Goal not met: RSI[PD_1,PD_2]=0.667 > 0.3
Warning: Removing FILE_1_1 will leave PD_1 without CONFIG files
Warning: Removing FILE_1_1 will leave PD_2 without CONFIG files
Warning: Removing FILE_1_3 will leave PD_1 without TEMP files
Warning: Removing FILE_1_3 will leave PD_2 without TEMP files

⏳ Progress: 550 states explored, 1455 in queue, 0 mechanisms found
  Computing metrics...
    RSI: {'PD_1,PD_2': 0.3333333333333333}, ASR: 3.0, TCB: {'PD_1': ['PD_2'], 'PD_2': ['PD_1']}, FR: {'PD_1,PD_2': inf}
    Goal not met: RSI[PD_1,PD_2]=0.333 > 0.3
Warning: Removing FILE_1_3 will leave PD_1 without TEMP files
Warning: Removing FILE_1_3 will leave PD_2 without TEMP files
  Computing metrics...
    RSI: {'PD_1,PD_2': 0.3333333333333333}, ASR: 2.5, TCB: {'PD_1': ['PD_2'], 'PD_2': ['PD_1']}, FR: {'PD_1,PD_2': inf}
    Goal not met: RSI[PD_1,PD_2]=0.333 > 0.3
Warning: Removing FILE_1_3 will leave PD_1 without TEMP files
Warning: Removing FILE_1_3 will leave PD_2 without TEMP files
  Computing metrics...
    RSI: {'PD_1,PD_2': 0.3333333333333333}, ASR: 2.5, TCB: {'PD_1': ['PD_2'], 'PD_2': ['PD_1']}, FR: {'PD_1,PD_2': inf}
    Goal not met: RSI[PD_1,PD_2]=0.333 > 0.3
Warning: Removing FILE_1_3 will leave PD_1 without TEMP files
Warning: Removing FILE_1_3 will leave PD_2 without TEMP files
  Computing metrics...
    RSI: {'PD_1,PD_2': 0.3333333333333333}, ASR: 2.5, TCB: {'PD_1': ['PD_2'], 'PD_2': ['PD_1']}, FR: {'PD_1,PD_2': inf}
    Goal not met: RSI[PD_1,PD_2]=0.333 > 0.3
Warning: Removing FILE_1_3 will leave PD_1 without TEMP files
Warning: Removing FILE_1_3 will leave PD_2 without TEMP files
  Computing metrics...
    RSI: {'PD_1,PD_2': 0.3333333333333333}, ASR: 2.5, TCB: {'PD_1': ['PD_2'], 'PD_2': ['PD_1']}, FR: {'PD_1,PD_2': inf}
    Goal not met: RSI[PD_1,PD_2]=0.333 > 0.3
Warning: Removing FILE_1_3 will leave PD_1 without TEMP files
Warning: Removing FILE_1_3 will leave PD_2 without TEMP files
  Computing metrics...
    RSI: {'PD_1,PD_2': 0.3333333333333333}, ASR: 2.5, TCB: {'PD_1': ['PD_2'], 'PD_2': ['PD_1']}, FR: {'PD_1,PD_2': inf}
    Goal not met: RSI[PD_1,PD_2]=0.333 > 0.3
Warning: Removing FILE_1_3 will leave PD_1 without TEMP files
Warning: Removing FILE_1_3 will leave PD_2 without TEMP files
  Computing metrics...
    RSI: {'PD_1,PD_2': 0.3333333333333333}, ASR: 2.5, TCB: {'PD_1': ['PD_2'], 'PD_2': ['PD_1']}, FR: {'PD_1,PD_2': inf}
    Goal not met: RSI[PD_1,PD_2]=0.333 > 0.3
Warning: Removing FILE_1_3 will leave PD_1 without TEMP files
Warning: Removing FILE_1_3 will leave PD_2 without TEMP files
  Computing metrics...
    RSI: {'PD_1,PD_2': 0.3333333333333333}, ASR: 2.0, TCB: {'PD_1': ['PD_2'], 'PD_2': ['PD_1']}, FR: {'PD_1,PD_2': inf}
    Goal not met: RSI[PD_1,PD_2]=0.333 > 0.3
Warning: Removing FILE_1_3 will leave PD_1 without TEMP files
Warning: Removing FILE_1_3 will leave PD_2 without TEMP files
  Computing metrics...
    RSI: {'PD_1,PD_2': 0.3333333333333333}, ASR: 2.0, TCB: {'PD_1': ['PD_2'], 'PD_2': ['PD_1']}, FR: {'PD_1,PD_2': inf}
    Goal not met: RSI[PD_1,PD_2]=0.333 > 0.3
Warning: Removing FILE_1_3 will leave PD_1 without TEMP files
Warning: Removing FILE_1_3 will leave PD_2 without TEMP files
  Computing metrics...
    RSI: {'PD_1,PD_2': 0.3333333333333333}, ASR: 2.0, TCB: {'PD_1': ['PD_2'], 'PD_2': ['PD_1']}, FR: {'PD_1,PD_2': inf}
    Goal not met: RSI[PD_1,PD_2]=0.333 > 0.3
Warning: Removing FILE_1_3 will leave PD_1 without TEMP files
Warning: Removing FILE_1_3 will leave PD_2 without TEMP files
  Computing metrics...
    RSI: {'PD_1,PD_2': 0.3333333333333333}, ASR: 2.0, TCB: {'PD_1': ['PD_2'], 'PD_2': ['PD_1']}, FR: {'PD_1,PD_2': inf}
    Goal not met: RSI[PD_1,PD_2]=0.333 > 0.3
Warning: Removing FILE_1_3 will leave PD_1 without TEMP files
Warning: Removing FILE_1_3 will leave PD_2 without TEMP files
  Computing metrics...
    RSI: {'PD_1,PD_2': 0.3333333333333333}, ASR: 2.0, TCB: {'PD_1': ['PD_2'], 'PD_2': ['PD_1']}, FR: {'PD_1,PD_2': inf}
    Goal not met: RSI[PD_1,PD_2]=0.333 > 0.3
Warning: Removing FILE_1_3 will leave PD_1 without TEMP files
Warning: Removing FILE_1_3 will leave PD_2 without TEMP files
  Computing metrics...
    RSI: {'PD_1,PD_2': 0.3333333333333333}, ASR: 2.0, TCB: {'PD_1': ['PD_2'], 'PD_2': ['PD_1']}, FR: {'PD_1,PD_2': inf}
    Goal not met: RSI[PD_1,PD_2]=0.333 > 0.3
Warning: Removing FILE_1_3 will leave PD_1 without TEMP files
Warning: Removing FILE_1_3 will leave PD_2 without TEMP files
Warning: Removing FILE_1_2 will leave PD_2 without DATABASE files
Warning: Removing FILE_1_1 will leave PD_1 without DATABASE files
Warning: Removing FILE_1_3 will leave PD_1 without TEMP files
Warning: Removing FILE_1_3 will leave PD_2 without TEMP files
Warning: Removing FILE_1_3 will leave PD_1 without TEMP files
Warning: Removing FILE_1_3 will leave PD_2 without TEMP files
Warning: Removing FILE_1_2 will leave PD_1 without DATABASE files
Warning: Removing FILE_1_2 will leave PD_2 without DATABASE files
Warning: Removing FILE_1_3 will leave PD_1 without TEMP files
Warning: Removing FILE_1_3 will leave PD_2 without TEMP files
Warning: Removing FILE_1_2 will leave PD_2 without DATABASE files
Warning: Removing FILE_1_3 will leave PD_1 without TEMP files
Warning: Removing FILE_1_3 will leave PD_2 without TEMP files
Warning: Removing FILE_1_2 will leave PD_2 without DATABASE files
Warning: Removing FILE_1_3 will leave PD_1 without TEMP files
Warning: Removing FILE_1_3 will leave PD_2 without TEMP files
Warning: Removing FILE_1_2 will leave PD_2 without DATABASE files
Warning: Removing FILE_1_3 will leave PD_1 without TEMP files
Warning: Removing FILE_1_3 will leave PD_2 without TEMP files
Warning: Removing FILE_1_2 will leave PD_2 without DATABASE files
Warning: Removing FILE_1_3 will leave PD_1 without TEMP files
Warning: Removing FILE_1_3 will leave PD_2 without TEMP files
Warning: Removing FILE_1_2 will leave PD_2 without DATABASE files
Warning: Removing FILE_1_3 will leave PD_1 without TEMP files
Warning: Removing FILE_1_3 will leave PD_2 without TEMP files
Warning: Removing FILE_1_3 will leave PD_1 without TEMP files
Warning: Removing FILE_1_3 will leave PD_2 without TEMP files
Warning: Removing FILE_1_1 will leave PD_1 without DATABASE files
Warning: Removing FILE_1_1 will leave PD_2 without DATABASE files
Warning: Removing FILE_1_3 will leave PD_1 without TEMP files
Warning: Removing FILE_1_3 will leave PD_2 without TEMP files
Warning: Removing FILE_1_1 will leave PD_1 without DATABASE files
Warning: Removing FILE_1_3 will leave PD_1 without TEMP files
Warning: Removing FILE_1_3 will leave PD_2 without TEMP files
Warning: Removing FILE_1_1 will leave PD_1 without DATABASE files
Warning: Removing FILE_1_3 will leave PD_1 without TEMP files
Warning: Removing FILE_1_3 will leave PD_2 without TEMP files
Warning: Removing FILE_1_1 will leave PD_1 without DATABASE files
Warning: Removing FILE_1_3 will leave PD_1 without TEMP files
Warning: Removing FILE_1_3 will leave PD_2 without TEMP files
Warning: Removing FILE_1_1 will leave PD_1 without DATABASE files
Warning: Removing FILE_1_3 will leave PD_1 without TEMP files
Warning: Removing FILE_1_3 will leave PD_2 without TEMP files
Warning: Removing FILE_1_1 will leave PD_1 without DATABASE files
Warning: Removing FILE_1_3 will leave PD_1 without TEMP files
Warning: Removing FILE_1_3 will leave PD_2 without TEMP files
Warning: Removing FILE_1_3 will leave PD_1 without TEMP files
Warning: Removing FILE_1_3 will leave PD_2 without TEMP files
Warning: Removing FILE_1_3 will leave PD_1 without TEMP files
Warning: Removing FILE_1_3 will leave PD_2 without TEMP files
Warning: Removing FILE_1_3 will leave PD_1 without TEMP files
Warning: Removing FILE_1_3 will leave PD_2 without TEMP files
Warning: Removing FILE_1_3 will leave PD_1 without TEMP files
Warning: Removing FILE_1_3 will leave PD_2 without TEMP files
Warning: Removing FILE_1_3 will leave PD_1 without TEMP files
Warning: Removing FILE_1_3 will leave PD_2 without TEMP files
Warning: Removing FILE_1_3 will leave PD_1 without TEMP files
Warning: Removing FILE_1_3 will leave PD_2 without TEMP files
Warning: Removing FILE_1_3 will leave PD_1 without TEMP files
Warning: Removing FILE_1_3 will leave PD_2 without TEMP files
Warning: Removing FILE_1_3 will leave PD_1 without TEMP files
Warning: Removing FILE_1_3 will leave PD_2 without TEMP files
Warning: Removing FILE_1_3 will leave PD_1 without TEMP files
Warning: Removing FILE_1_3 will leave PD_2 without TEMP files
Warning: Removing FILE_1_3 will leave PD_1 without TEMP files
Warning: Removing FILE_1_3 will leave PD_2 without TEMP files
Warning: Removing FILE_1_3 will leave PD_1 without TEMP files
Warning: Removing FILE_1_3 will leave PD_2 without TEMP files
Warning: Removing FILE_1_3 will leave PD_1 without TEMP files
Warning: Removing FILE_1_3 will leave PD_2 without TEMP files
Warning: Removing FILE_1_3 will leave PD_1 without TEMP files
Warning: Removing FILE_1_3 will leave PD_2 without TEMP files
Warning: Removing FILE_1_3 will leave PD_1 without TEMP files
Warning: Removing FILE_1_3 will leave PD_2 without TEMP files
Warning: Removing FILE_1_3 will leave PD_1 without TEMP files
Warning: Removing FILE_1_3 will leave PD_2 without TEMP files

⏳ Progress: 600 states explored, 1551 in queue, 0 mechanisms found
Warning: Removing FILE_1_3 will leave PD_1 without TEMP files
Warning: Removing FILE_1_3 will leave PD_2 without TEMP files
Warning: Removing FILE_1_3 will leave PD_1 without TEMP files
Warning: Removing FILE_1_3 will leave PD_2 without TEMP files
Warning: Removing FILE_1_3 will leave PD_1 without TEMP files
Warning: Removing FILE_1_3 will leave PD_2 without TEMP files
Warning: Removing FILE_1_3 will leave PD_1 without TEMP files
Warning: Removing FILE_1_3 will leave PD_2 without TEMP files
Warning: Removing FILE_1_2 will leave PD_1 without DATABASE files
Warning: Removing FILE_1_2 will leave PD_2 without DATABASE files
Warning: Removing FILE_1_1 will leave PD_1 without TEMP files
Warning: Removing FILE_1_1 will leave PD_2 without TEMP files
Warning: Removing FILE_1_3 will leave PD_2 without TEMP files
Warning: Removing FILE_1_2 will leave PD_1 without DATABASE files
Warning: Removing FILE_1_2 will leave PD_2 without DATABASE files
Warning: Removing FILE_1_2 will leave PD_1 without DATABASE files
Warning: Removing FILE_1_2 will leave PD_2 without DATABASE files
Warning: Removing FILE_1_3 will leave PD_1 without TEMP files
Warning: Removing FILE_1_3 will leave PD_2 without TEMP files
Warning: Removing FILE_1_2 will leave PD_1 without DATABASE files
Warning: Removing FILE_1_2 will leave PD_2 without DATABASE files
Warning: Removing FILE_1_2 will leave PD_1 without DATABASE files
Warning: Removing FILE_1_2 will leave PD_2 without DATABASE files
Warning: Removing FILE_1_3 will leave PD_2 without TEMP files
Warning: Removing FILE_1_2 will leave PD_1 without DATABASE files
Warning: Removing FILE_1_2 will leave PD_2 without DATABASE files
Warning: Removing FILE_1_3 will leave PD_2 without TEMP files
Warning: Removing FILE_1_2 will leave PD_1 without DATABASE files
Warning: Removing FILE_1_2 will leave PD_2 without DATABASE files
Warning: Removing FILE_1_3 will leave PD_2 without TEMP files
Warning: Removing FILE_1_2 will leave PD_1 without DATABASE files
Warning: Removing FILE_1_2 will leave PD_2 without DATABASE files
Warning: Removing FILE_1_3 will leave PD_2 without TEMP files
Warning: Removing FILE_1_2 will leave PD_1 without DATABASE files
Warning: Removing FILE_1_2 will leave PD_2 without DATABASE files
Warning: Removing FILE_1_3 will leave PD_2 without TEMP files
Warning: Removing FILE_1_3 will leave PD_1 without TEMP files
Warning: Removing FILE_1_1 will leave PD_1 without TEMP files
Warning: Removing FILE_1_1 will leave PD_2 without TEMP files
Warning: Removing FILE_1_3 will leave PD_1 without TEMP files
Warning: Removing FILE_1_3 will leave PD_2 without TEMP files
Warning: Removing FILE_1_3 will leave PD_1 without TEMP files
Warning: Removing FILE_1_3 will leave PD_2 without TEMP files
Warning: Removing FILE_1_3 will leave PD_1 without TEMP files
Warning: Removing FILE_1_3 will leave PD_2 without TEMP files
Warning: Removing FILE_1_3 will leave PD_1 without TEMP files
Warning: Removing FILE_1_3 will leave PD_2 without TEMP files
Warning: Removing FILE_1_3 will leave PD_1 without TEMP files
Warning: Removing FILE_1_3 will leave PD_2 without TEMP files
Warning: Removing FILE_1_3 will leave PD_2 without TEMP files
Warning: Removing FILE_1_3 will leave PD_2 without TEMP files
Warning: Removing FILE_1_3 will leave PD_2 without TEMP files
Warning: Removing FILE_1_3 will leave PD_2 without TEMP files
Warning: Removing FILE_1_3 will leave PD_2 without TEMP files
Warning: Removing FILE_1_3 will leave PD_2 without TEMP files
Warning: Removing FILE_1_3 will leave PD_2 without TEMP files
Warning: Removing FILE_1_3 will leave PD_2 without TEMP files
Warning: Removing FILE_1_3 will leave PD_2 without TEMP files

⏳ Progress: 650 states explored, 1682 in queue, 0 mechanisms found
Warning: Removing FILE_1_3 will leave PD_2 without TEMP files
Warning: Removing FILE_1_3 will leave PD_2 without TEMP files
Warning: Removing FILE_1_3 will leave PD_2 without TEMP files
Warning: Removing FILE_1_3 will leave PD_2 without TEMP files
Warning: Removing FILE_1_3 will leave PD_2 without TEMP files
Warning: Removing FILE_1_2 will leave PD_1 without DATABASE files
Warning: Removing FILE_1_2 will leave PD_2 without DATABASE files
Warning: Removing FILE_1_1 will leave PD_1 without LOG files
Warning: Removing FILE_1_1 will leave PD_2 without LOG files
Warning: Removing FILE_1_3 will leave PD_1 without TEMP files
Warning: Removing FILE_1_3 will leave PD_2 without TEMP files
Warning: Removing FILE_1_1 will leave PD_1 without LOG files
Warning: Removing FILE_1_1 will leave PD_2 without LOG files
Warning: Removing FILE_1_2 will leave PD_1 without DATABASE files
Warning: Removing FILE_1_2 will leave PD_2 without DATABASE files
Warning: Removing FILE_1_3 will leave PD_1 without TEMP files
Warning: Removing FILE_1_3 will leave PD_2 without TEMP files
Warning: Removing FILE_1_2 will leave PD_1 without DATABASE files
Warning: Removing FILE_1_2 will leave PD_2 without DATABASE files
Warning: Removing FILE_1_3 will leave PD_1 without TEMP files
Warning: Removing FILE_1_3 will leave PD_2 without TEMP files
Warning: Removing FILE_1_2 will leave PD_1 without DATABASE files
Warning: Removing FILE_1_2 will leave PD_2 without DATABASE files
Warning: Removing FILE_1_3 will leave PD_1 without TEMP files
Warning: Removing FILE_1_3 will leave PD_2 without TEMP files
Warning: Removing FILE_1_2 will leave PD_1 without DATABASE files
Warning: Removing FILE_1_2 will leave PD_2 without DATABASE files
Warning: Removing FILE_1_3 will leave PD_1 without TEMP files
Warning: Removing FILE_1_3 will leave PD_2 without TEMP files
Warning: Removing FILE_1_2 will leave PD_1 without DATABASE files
Warning: Removing FILE_1_2 will leave PD_2 without DATABASE files
Warning: Removing FILE_1_3 will leave PD_1 without TEMP files
Warning: Removing FILE_1_3 will leave PD_2 without TEMP files
Warning: Removing FILE_1_2 will leave PD_1 without DATABASE files
Warning: Removing FILE_1_2 will leave PD_2 without DATABASE files
Warning: Removing FILE_1_3 will leave PD_1 without TEMP files
Warning: Removing FILE_1_3 will leave PD_2 without TEMP files
Warning: Removing FILE_1_2 will leave PD_1 without DATABASE files
Warning: Removing FILE_1_2 will leave PD_2 without DATABASE files
Warning: Removing FILE_1_3 will leave PD_1 without TEMP files
Warning: Removing FILE_1_3 will leave PD_2 without TEMP files
Warning: Removing FILE_1_3 will leave PD_1 without TEMP files
Warning: Removing FILE_1_3 will leave PD_2 without TEMP files
Warning: Removing FILE_1_1 will leave PD_1 without LOG files
Warning: Removing FILE_1_1 will leave PD_2 without LOG files
Warning: Removing FILE_1_3 will leave PD_1 without TEMP files
Warning: Removing FILE_1_3 will leave PD_2 without TEMP files
Warning: Removing FILE_1_1 will leave PD_1 without LOG files
Warning: Removing FILE_1_1 will leave PD_2 without LOG files
Warning: Removing FILE_1_3 will leave PD_1 without TEMP files
Warning: Removing FILE_1_3 will leave PD_2 without TEMP files
Warning: Removing FILE_1_1 will leave PD_1 without LOG files
Warning: Removing FILE_1_1 will leave PD_2 without LOG files
Warning: Removing FILE_1_3 will leave PD_1 without TEMP files
Warning: Removing FILE_1_3 will leave PD_2 without TEMP files
Warning: Removing FILE_1_1 will leave PD_1 without LOG files
Warning: Removing FILE_1_1 will leave PD_2 without LOG files
Warning: Removing FILE_1_3 will leave PD_1 without TEMP files
Warning: Removing FILE_1_3 will leave PD_2 without TEMP files
Warning: Removing FILE_1_1 will leave PD_1 without LOG files
Warning: Removing FILE_1_1 will leave PD_2 without LOG files
Warning: Removing FILE_1_3 will leave PD_1 without TEMP files
Warning: Removing FILE_1_3 will leave PD_2 without TEMP files
Warning: Removing FILE_1_3 will leave PD_1 without TEMP files
Warning: Removing FILE_1_3 will leave PD_2 without TEMP files
Warning: Removing FILE_1_3 will leave PD_1 without TEMP files
Warning: Removing FILE_1_3 will leave PD_2 without TEMP files
Warning: Removing FILE_1_3 will leave PD_1 without TEMP files
Warning: Removing FILE_1_3 will leave PD_2 without TEMP files
Warning: Removing FILE_1_3 will leave PD_1 without TEMP files
Warning: Removing FILE_1_3 will leave PD_2 without TEMP files
Warning: Removing FILE_1_3 will leave PD_1 without TEMP files
Warning: Removing FILE_1_3 will leave PD_2 without TEMP files
Warning: Removing FILE_1_3 will leave PD_1 without TEMP files
Warning: Removing FILE_1_3 will leave PD_2 without TEMP files
Warning: Removing FILE_1_3 will leave PD_1 without TEMP files
Warning: Removing FILE_1_3 will leave PD_2 without TEMP files
Warning: Removing FILE_1_3 will leave PD_1 without TEMP files
Warning: Removing FILE_1_3 will leave PD_2 without TEMP files
Warning: Removing FILE_1_3 will leave PD_1 without TEMP files
Warning: Removing FILE_1_3 will leave PD_2 without TEMP files
Warning: Removing FILE_1_3 will leave PD_1 without TEMP files
Warning: Removing FILE_1_3 will leave PD_2 without TEMP files
Warning: Removing FILE_1_3 will leave PD_1 without TEMP files
Warning: Removing FILE_1_3 will leave PD_2 without TEMP files
Warning: Removing FILE_1_3 will leave PD_1 without TEMP files
Warning: Removing FILE_1_3 will leave PD_2 without TEMP files
Warning: Removing FILE_1_3 will leave PD_1 without TEMP files
Warning: Removing FILE_1_3 will leave PD_2 without TEMP files
Warning: Removing FILE_1_3 will leave PD_1 without TEMP files
Warning: Removing FILE_1_3 will leave PD_2 without TEMP files
Warning: Removing FILE_1_3 will leave PD_1 without TEMP files
Warning: Removing FILE_1_3 will leave PD_2 without TEMP files
Warning: Removing FILE_1_3 will leave PD_1 without TEMP files
Warning: Removing FILE_1_3 will leave PD_2 without TEMP files
Warning: Removing FILE_1_3 will leave PD_1 without TEMP files
Warning: Removing FILE_1_3 will leave PD_2 without TEMP files
Warning: Removing FILE_1_3 will leave PD_1 without TEMP files
Warning: Removing FILE_1_3 will leave PD_2 without TEMP files
Warning: Removing FILE_1_1 will leave PD_1 without CONFIG files
Warning: Removing FILE_1_1 will leave PD_2 without CONFIG files
Warning: Removing FILE_1_2 will leave PD_1 without DATABASE files
Warning: Removing FILE_1_2 will leave PD_2 without DATABASE files
Warning: Removing FILE_1_2 will leave PD_1 without DATABASE files
Warning: Removing FILE_1_2 will leave PD_2 without DATABASE files
Warning: Removing FILE_1_2 will leave PD_1 without DATABASE files
Warning: Removing FILE_1_2 will leave PD_2 without DATABASE files
Warning: Removing FILE_1_2 will leave PD_1 without DATABASE files
Warning: Removing FILE_1_2 will leave PD_2 without DATABASE files
Warning: Removing FILE_1_2 will leave PD_1 without DATABASE files
Warning: Removing FILE_1_2 will leave PD_2 without DATABASE files

⏳ Progress: 700 states explored, 1766 in queue, 0 mechanisms found
Warning: Removing FILE_1_1 will leave PD_1 without CONFIG files
Warning: Removing FILE_1_1 will leave PD_2 without CONFIG files
Warning: Removing FILE_1_1 will leave PD_1 without CONFIG files
Warning: Removing FILE_1_1 will leave PD_2 without CONFIG files
Warning: Removing FILE_1_1 will leave PD_1 without CONFIG files
Warning: Removing FILE_1_1 will leave PD_2 without CONFIG files
Warning: Removing FILE_1_1 will leave PD_1 without CONFIG files
Warning: Removing FILE_1_1 will leave PD_2 without CONFIG files
Warning: Removing FILE_1_1 will leave PD_1 without CONFIG files
Warning: Removing FILE_1_1 will leave PD_2 without CONFIG files
Warning: Removing FILE_1_3 will leave PD_1 without TEMP files
Warning: Removing FILE_1_3 will leave PD_2 without TEMP files
Warning: Removing FILE_1_3 will leave PD_1 without TEMP files
Warning: Removing FILE_1_3 will leave PD_2 without TEMP files
Warning: Removing FILE_1_3 will leave PD_1 without TEMP files
Warning: Removing FILE_1_3 will leave PD_2 without TEMP files
Warning: Removing FILE_1_3 will leave PD_1 without TEMP files
Warning: Removing FILE_1_3 will leave PD_2 without TEMP files
Warning: Removing FILE_1_3 will leave PD_1 without TEMP files
Warning: Removing FILE_1_3 will leave PD_2 without TEMP files
Warning: Removing FILE_1_2 will leave PD_1 without DATABASE files
Warning: Removing FILE_1_2 will leave PD_2 without DATABASE files
Warning: Removing FILE_1_3 will leave PD_1 without TEMP files
Warning: Removing FILE_1_3 will leave PD_2 without TEMP files
  Computing metrics...
    RSI: {'PD_1,PD_2': 1.0}, ASR: 3.5, TCB: {'PD_1': ['PD_2'], 'PD_2': ['PD_1']}, FR: {'PD_1,PD_2': inf}
    Goal not met: RSI[PD_1,PD_2]=1.000 > 0.3
Warning: Removing FILE_1_1 will leave PD_1 without CONFIG files
Warning: Removing FILE_1_1 will leave PD_2 without CONFIG files
Warning: Removing FILE_1_2 will leave PD_1 without DATABASE files
Warning: Removing FILE_1_2 will leave PD_2 without DATABASE files
Warning: Removing FILE_1_3 will leave PD_1 without TEMP files
Warning: Removing FILE_1_3 will leave PD_2 without TEMP files
  Computing metrics...
    RSI: {'PD_1,PD_2': 1.0}, ASR: 3.5, TCB: {'PD_1': ['PD_2'], 'PD_2': ['PD_1']}, FR: {'PD_1,PD_2': inf}
    Goal not met: RSI[PD_1,PD_2]=1.000 > 0.3
Warning: Removing FILE_1_1 will leave PD_1 without CONFIG files
Warning: Removing FILE_1_1 will leave PD_2 without CONFIG files
Warning: Removing FILE_1_2 will leave PD_1 without DATABASE files
Warning: Removing FILE_1_2 will leave PD_2 without DATABASE files
Warning: Removing FILE_1_3 will leave PD_1 without TEMP files
Warning: Removing FILE_1_3 will leave PD_2 without TEMP files
  Computing metrics...
    RSI: {'PD_1,PD_2': 1.0}, ASR: 3.0, TCB: {'PD_1': ['PD_2'], 'PD_2': ['PD_1']}, FR: {'PD_1,PD_2': inf}
    Goal not met: RSI[PD_1,PD_2]=1.000 > 0.3
Warning: Removing FILE_1_1 will leave PD_1 without CONFIG files
Warning: Removing FILE_1_1 will leave PD_2 without CONFIG files
Warning: Removing FILE_1_2 will leave PD_1 without DATABASE files
Warning: Removing FILE_1_2 will leave PD_2 without DATABASE files
Warning: Removing FILE_1_3 will leave PD_1 without TEMP files
Warning: Removing FILE_1_3 will leave PD_2 without TEMP files
  Computing metrics...
    RSI: {'PD_1,PD_2': 1.0}, ASR: 3.0, TCB: {'PD_1': ['PD_2'], 'PD_2': ['PD_1']}, FR: {'PD_1,PD_2': inf}
    Goal not met: RSI[PD_1,PD_2]=1.000 > 0.3
Warning: Removing FILE_1_1 will leave PD_1 without CONFIG files
Warning: Removing FILE_1_1 will leave PD_2 without CONFIG files
Warning: Removing FILE_1_2 will leave PD_1 without DATABASE files
Warning: Removing FILE_1_2 will leave PD_2 without DATABASE files
Warning: Removing FILE_1_3 will leave PD_1 without TEMP files
Warning: Removing FILE_1_3 will leave PD_2 without TEMP files
  Computing metrics...
    RSI: {'PD_1,PD_2': 1.0}, ASR: 3.0, TCB: {'PD_1': ['PD_2'], 'PD_2': ['PD_1']}, FR: {'PD_1,PD_2': inf}
    Goal not met: RSI[PD_1,PD_2]=1.000 > 0.3
Warning: Removing FILE_1_1 will leave PD_1 without CONFIG files
Warning: Removing FILE_1_1 will leave PD_2 without CONFIG files
Warning: Removing FILE_1_2 will leave PD_1 without DATABASE files
Warning: Removing FILE_1_2 will leave PD_2 without DATABASE files
Warning: Removing FILE_1_3 will leave PD_1 without TEMP files
Warning: Removing FILE_1_3 will leave PD_2 without TEMP files
  Computing metrics...
    RSI: {'PD_1,PD_2': 0.6666666666666666}, ASR: 3.5, TCB: {'PD_1': ['PD_2'], 'PD_2': ['PD_1']}, FR: {'PD_1,PD_2': inf}
    Goal not met: RSI[PD_1,PD_2]=0.667 > 0.3
Warning: Removing FILE_1_2 will leave PD_1 without DATABASE files
Warning: Removing FILE_1_2 will leave PD_2 without DATABASE files
Warning: Removing FILE_1_3 will leave PD_1 without TEMP files
Warning: Removing FILE_1_3 will leave PD_2 without TEMP files
  Computing metrics...
    RSI: {'PD_1,PD_2': 0.6666666666666666}, ASR: 3.0, TCB: {'PD_1': ['PD_2'], 'PD_2': ['PD_1']}, FR: {'PD_1,PD_2': inf}
    Goal not met: RSI[PD_1,PD_2]=0.667 > 0.3
Warning: Removing FILE_1_2 will leave PD_1 without DATABASE files
Warning: Removing FILE_1_2 will leave PD_2 without DATABASE files
Warning: Removing FILE_1_3 will leave PD_1 without TEMP files
Warning: Removing FILE_1_3 will leave PD_2 without TEMP files
  Computing metrics...
    RSI: {'PD_1,PD_2': 0.6666666666666666}, ASR: 3.0, TCB: {'PD_1': ['PD_2'], 'PD_2': ['PD_1']}, FR: {'PD_1,PD_2': inf}
    Goal not met: RSI[PD_1,PD_2]=0.667 > 0.3
Warning: Removing FILE_1_2 will leave PD_1 without DATABASE files
Warning: Removing FILE_1_2 will leave PD_2 without DATABASE files
Warning: Removing FILE_1_3 will leave PD_1 without TEMP files
Warning: Removing FILE_1_3 will leave PD_2 without TEMP files
  Computing metrics...
    RSI: {'PD_1,PD_2': 0.6666666666666666}, ASR: 3.0, TCB: {'PD_1': ['PD_2'], 'PD_2': ['PD_1']}, FR: {'PD_1,PD_2': inf}
    Goal not met: RSI[PD_1,PD_2]=0.667 > 0.3
Warning: Removing FILE_1_2 will leave PD_1 without DATABASE files
Warning: Removing FILE_1_2 will leave PD_2 without DATABASE files
Warning: Removing FILE_1_3 will leave PD_1 without TEMP files
Warning: Removing FILE_1_3 will leave PD_2 without TEMP files
  Computing metrics...
    RSI: {'PD_1,PD_2': 0.6666666666666666}, ASR: 3.0, TCB: {'PD_1': ['PD_2'], 'PD_2': ['PD_1']}, FR: {'PD_1,PD_2': inf}
    Goal not met: RSI[PD_1,PD_2]=0.667 > 0.3
Warning: Removing FILE_1_2 will leave PD_1 without DATABASE files
Warning: Removing FILE_1_2 will leave PD_2 without DATABASE files
Warning: Removing FILE_1_3 will leave PD_1 without TEMP files
Warning: Removing FILE_1_3 will leave PD_2 without TEMP files
  Computing metrics...
    RSI: {'PD_1,PD_2': 0.6666666666666666}, ASR: 3.0, TCB: {'PD_1': ['PD_2'], 'PD_2': ['PD_1']}, FR: {'PD_1,PD_2': inf}
    Goal not met: RSI[PD_1,PD_2]=0.667 > 0.3
Warning: Removing FILE_1_2 will leave PD_1 without DATABASE files
Warning: Removing FILE_1_2 will leave PD_2 without DATABASE files
Warning: Removing FILE_1_3 will leave PD_1 without TEMP files
Warning: Removing FILE_1_3 will leave PD_2 without TEMP files
  Computing metrics...
    RSI: {'PD_1,PD_2': 0.6666666666666666}, ASR: 3.0, TCB: {'PD_1': ['PD_2'], 'PD_2': ['PD_1']}, FR: {'PD_1,PD_2': inf}
    Goal not met: RSI[PD_1,PD_2]=0.667 > 0.3
Warning: Removing FILE_1_2 will leave PD_1 without DATABASE files
Warning: Removing FILE_1_2 will leave PD_2 without DATABASE files
Warning: Removing FILE_1_3 will leave PD_1 without TEMP files
Warning: Removing FILE_1_3 will leave PD_2 without TEMP files
  Computing metrics...
    RSI: {'PD_1,PD_2': 0.6666666666666666}, ASR: 2.5, TCB: {'PD_1': ['PD_2'], 'PD_2': ['PD_1']}, FR: {'PD_1,PD_2': inf}
    Goal not met: RSI[PD_1,PD_2]=0.667 > 0.3
Warning: Removing FILE_1_2 will leave PD_1 without DATABASE files
Warning: Removing FILE_1_2 will leave PD_2 without DATABASE files
Warning: Removing FILE_1_3 will leave PD_1 without TEMP files
Warning: Removing FILE_1_3 will leave PD_2 without TEMP files
Warning: Removing FILE_1_2 will leave PD_2 without DATABASE files
Warning: Removing FILE_1_3 will leave PD_1 without TEMP files
Warning: Removing FILE_1_3 will leave PD_2 without TEMP files
Warning: Removing FILE_1_2 will leave PD_1 without DATABASE files
Warning: Removing FILE_1_2 will leave PD_2 without DATABASE files
Warning: Removing FILE_1_3 will leave PD_2 without TEMP files
Warning: Removing FILE_1_2 will leave PD_1 without DATABASE files
Warning: Removing FILE_1_2 will leave PD_2 without DATABASE files
Warning: Removing FILE_1_3 will leave PD_1 without TEMP files
Warning: Removing FILE_1_3 will leave PD_2 without TEMP files
  Computing metrics...
    RSI: {'PD_1,PD_2': 0.6666666666666666}, ASR: 2.5, TCB: {'PD_1': ['PD_2'], 'PD_2': ['PD_1']}, FR: {'PD_1,PD_2': inf}
    Goal not met: RSI[PD_1,PD_2]=0.667 > 0.3
Warning: Removing FILE_1_2 will leave PD_1 without DATABASE files
Warning: Removing FILE_1_2 will leave PD_2 without DATABASE files
Warning: Removing FILE_1_3 will leave PD_1 without TEMP files
Warning: Removing FILE_1_3 will leave PD_2 without TEMP files
  Computing metrics...
    RSI: {'PD_1,PD_2': 0.6666666666666666}, ASR: 2.5, TCB: {'PD_1': ['PD_2'], 'PD_2': ['PD_1']}, FR: {'PD_1,PD_2': inf}
    Goal not met: RSI[PD_1,PD_2]=0.667 > 0.3
Warning: Removing FILE_1_2 will leave PD_1 without DATABASE files
Warning: Removing FILE_1_2 will leave PD_2 without DATABASE files
Warning: Removing FILE_1_3 will leave PD_1 without TEMP files
Warning: Removing FILE_1_3 will leave PD_2 without TEMP files
  Computing metrics...
    RSI: {'PD_1,PD_2': 0.6666666666666666}, ASR: 2.5, TCB: {'PD_1': ['PD_2'], 'PD_2': ['PD_1']}, FR: {'PD_1,PD_2': inf}
    Goal not met: RSI[PD_1,PD_2]=0.667 > 0.3
Warning: Removing FILE_1_2 will leave PD_1 without DATABASE files
Warning: Removing FILE_1_2 will leave PD_2 without DATABASE files
Warning: Removing FILE_1_3 will leave PD_1 without TEMP files
Warning: Removing FILE_1_3 will leave PD_2 without TEMP files
  Computing metrics...
    RSI: {'PD_1,PD_2': 0.6666666666666666}, ASR: 2.5, TCB: {'PD_1': ['PD_2'], 'PD_2': ['PD_1']}, FR: {'PD_1,PD_2': inf}
    Goal not met: RSI[PD_1,PD_2]=0.667 > 0.3
Warning: Removing FILE_1_2 will leave PD_1 without DATABASE files
Warning: Removing FILE_1_2 will leave PD_2 without DATABASE files
Warning: Removing FILE_1_3 will leave PD_1 without TEMP files
Warning: Removing FILE_1_3 will leave PD_2 without TEMP files
  Computing metrics...
    RSI: {'PD_1,PD_2': 0.6666666666666666}, ASR: 2.5, TCB: {'PD_1': ['PD_2'], 'PD_2': ['PD_1']}, FR: {'PD_1,PD_2': inf}
    Goal not met: RSI[PD_1,PD_2]=0.667 > 0.3
Warning: Removing FILE_1_2 will leave PD_1 without DATABASE files
Warning: Removing FILE_1_2 will leave PD_2 without DATABASE files
Warning: Removing FILE_1_3 will leave PD_1 without TEMP files
Warning: Removing FILE_1_3 will leave PD_2 without TEMP files
  Computing metrics...
    RSI: {'PD_1,PD_2': 0.6666666666666666}, ASR: 2.5, TCB: {'PD_1': ['PD_2'], 'PD_2': ['PD_1']}, FR: {'PD_1,PD_2': inf}
    Goal not met: RSI[PD_1,PD_2]=0.667 > 0.3
Warning: Removing FILE_1_2 will leave PD_1 without DATABASE files
Warning: Removing FILE_1_2 will leave PD_2 without DATABASE files
Warning: Removing FILE_1_3 will leave PD_1 without TEMP files
Warning: Removing FILE_1_3 will leave PD_2 without TEMP files
Warning: Removing FILE_1_3 will leave PD_1 without TEMP files
Warning: Removing FILE_1_3 will leave PD_2 without TEMP files
Warning: Removing FILE_1_3 will leave PD_1 without TEMP files
Warning: Removing FILE_1_3 will leave PD_2 without TEMP files
Warning: Removing FILE_1_3 will leave PD_1 without TEMP files
Warning: Removing FILE_1_3 will leave PD_2 without TEMP files
Warning: Removing FILE_1_3 will leave PD_1 without TEMP files
Warning: Removing FILE_1_3 will leave PD_2 without TEMP files
Warning: Removing FILE_1_3 will leave PD_1 without TEMP files
Warning: Removing FILE_1_3 will leave PD_2 without TEMP files

⏳ Progress: 750 states explored, 1871 in queue, 0 mechanisms found
Warning: Removing FILE_1_3 will leave PD_1 without TEMP files
Warning: Removing FILE_1_3 will leave PD_2 without TEMP files
Warning: Removing FILE_1_3 will leave PD_1 without TEMP files
Warning: Removing FILE_1_3 will leave PD_2 without TEMP files
Warning: Removing FILE_1_3 will leave PD_1 without TEMP files
Warning: Removing FILE_1_3 will leave PD_2 without TEMP files
  Computing metrics...
    RSI: {'PD_1,PD_2': 0.6666666666666666}, ASR: 3.5, TCB: {'PD_1': ['PD_2'], 'PD_2': ['PD_1']}, FR: {'PD_1,PD_2': inf}
    Goal not met: RSI[PD_1,PD_2]=0.667 > 0.3
Warning: Removing FILE_1_1 will leave PD_1 without CONFIG files
Warning: Removing FILE_1_1 will leave PD_2 without CONFIG files
Warning: Removing FILE_1_3 will leave PD_1 without TEMP files
Warning: Removing FILE_1_3 will leave PD_2 without TEMP files
  Computing metrics...
    RSI: {'PD_1,PD_2': 0.6666666666666666}, ASR: 3.0, TCB: {'PD_1': ['PD_2'], 'PD_2': ['PD_1']}, FR: {'PD_1,PD_2': inf}
    Goal not met: RSI[PD_1,PD_2]=0.667 > 0.3
Warning: Removing FILE_1_1 will leave PD_1 without CONFIG files
Warning: Removing FILE_1_1 will leave PD_2 without CONFIG files
Warning: Removing FILE_1_3 will leave PD_1 without TEMP files
Warning: Removing FILE_1_3 will leave PD_2 without TEMP files
  Computing metrics...
    RSI: {'PD_1,PD_2': 0.6666666666666666}, ASR: 3.0, TCB: {'PD_1': ['PD_2'], 'PD_2': ['PD_1']}, FR: {'PD_1,PD_2': inf}
    Goal not met: RSI[PD_1,PD_2]=0.667 > 0.3
Warning: Removing FILE_1_1 will leave PD_1 without CONFIG files
Warning: Removing FILE_1_1 will leave PD_2 without CONFIG files
Warning: Removing FILE_1_3 will leave PD_1 without TEMP files
Warning: Removing FILE_1_3 will leave PD_2 without TEMP files
  Computing metrics...
    RSI: {'PD_1,PD_2': 0.6666666666666666}, ASR: 3.0, TCB: {'PD_1': ['PD_2'], 'PD_2': ['PD_1']}, FR: {'PD_1,PD_2': inf}
    Goal not met: RSI[PD_1,PD_2]=0.667 > 0.3
Warning: Removing FILE_1_1 will leave PD_1 without CONFIG files
Warning: Removing FILE_1_1 will leave PD_2 without CONFIG files
Warning: Removing FILE_1_3 will leave PD_1 without TEMP files
Warning: Removing FILE_1_3 will leave PD_2 without TEMP files
  Computing metrics...
    RSI: {'PD_1,PD_2': 0.6666666666666666}, ASR: 3.0, TCB: {'PD_1': ['PD_2'], 'PD_2': ['PD_1']}, FR: {'PD_1,PD_2': inf}
    Goal not met: RSI[PD_1,PD_2]=0.667 > 0.3
Warning: Removing FILE_1_1 will leave PD_1 without CONFIG files
Warning: Removing FILE_1_1 will leave PD_2 without CONFIG files
Warning: Removing FILE_1_3 will leave PD_1 without TEMP files
Warning: Removing FILE_1_3 will leave PD_2 without TEMP files
  Computing metrics...
    RSI: {'PD_1,PD_2': 0.6666666666666666}, ASR: 3.0, TCB: {'PD_1': ['PD_2'], 'PD_2': ['PD_1']}, FR: {'PD_1,PD_2': inf}
    Goal not met: RSI[PD_1,PD_2]=0.667 > 0.3
Warning: Removing FILE_1_1 will leave PD_1 without CONFIG files
Warning: Removing FILE_1_1 will leave PD_2 without CONFIG files
Warning: Removing FILE_1_3 will leave PD_1 without TEMP files
Warning: Removing FILE_1_3 will leave PD_2 without TEMP files
  Computing metrics...
    RSI: {'PD_1,PD_2': 0.6666666666666666}, ASR: 3.0, TCB: {'PD_1': ['PD_2'], 'PD_2': ['PD_1']}, FR: {'PD_1,PD_2': inf}
    Goal not met: RSI[PD_1,PD_2]=0.667 > 0.3
Warning: Removing FILE_1_1 will leave PD_1 without CONFIG files
Warning: Removing FILE_1_1 will leave PD_2 without CONFIG files
Warning: Removing FILE_1_3 will leave PD_1 without TEMP files
Warning: Removing FILE_1_3 will leave PD_2 without TEMP files
  Computing metrics...
    RSI: {'PD_1,PD_2': 0.6666666666666666}, ASR: 2.5, TCB: {'PD_1': ['PD_2'], 'PD_2': ['PD_1']}, FR: {'PD_1,PD_2': inf}
    Goal not met: RSI[PD_1,PD_2]=0.667 > 0.3
Warning: Removing FILE_1_1 will leave PD_1 without CONFIG files
Warning: Removing FILE_1_1 will leave PD_2 without CONFIG files
Warning: Removing FILE_1_3 will leave PD_1 without TEMP files
Warning: Removing FILE_1_3 will leave PD_2 without TEMP files
Warning: Removing FILE_1_1 will leave PD_1 without DATABASE files
Warning: Removing FILE_1_3 will leave PD_1 without TEMP files
Warning: Removing FILE_1_3 will leave PD_2 without TEMP files
Warning: Removing FILE_1_1 will leave PD_1 without LOG files
Warning: Removing FILE_1_1 will leave PD_2 without LOG files
Warning: Removing FILE_1_3 will leave PD_1 without TEMP files
Warning: Removing FILE_1_3 will leave PD_2 without TEMP files
  Computing metrics...
    RSI: {'PD_1,PD_2': 0.6666666666666666}, ASR: 2.5, TCB: {'PD_1': ['PD_2'], 'PD_2': ['PD_1']}, FR: {'PD_1,PD_2': inf}
    Goal not met: RSI[PD_1,PD_2]=0.667 > 0.3
Warning: Removing FILE_1_1 will leave PD_1 without CONFIG files
Warning: Removing FILE_1_1 will leave PD_2 without CONFIG files
Warning: Removing FILE_1_3 will leave PD_1 without TEMP files
Warning: Removing FILE_1_3 will leave PD_2 without TEMP files
  Computing metrics...
    RSI: {'PD_1,PD_2': 0.6666666666666666}, ASR: 2.5, TCB: {'PD_1': ['PD_2'], 'PD_2': ['PD_1']}, FR: {'PD_1,PD_2': inf}
    Goal not met: RSI[PD_1,PD_2]=0.667 > 0.3
Warning: Removing FILE_1_1 will leave PD_1 without CONFIG files
Warning: Removing FILE_1_1 will leave PD_2 without CONFIG files
Warning: Removing FILE_1_3 will leave PD_1 without TEMP files
Warning: Removing FILE_1_3 will leave PD_2 without TEMP files
  Computing metrics...
    RSI: {'PD_1,PD_2': 0.6666666666666666}, ASR: 2.5, TCB: {'PD_1': ['PD_2'], 'PD_2': ['PD_1']}, FR: {'PD_1,PD_2': inf}
    Goal not met: RSI[PD_1,PD_2]=0.667 > 0.3
Warning: Removing FILE_1_1 will leave PD_1 without CONFIG files
Warning: Removing FILE_1_1 will leave PD_2 without CONFIG files
Warning: Removing FILE_1_3 will leave PD_1 without TEMP files
Warning: Removing FILE_1_3 will leave PD_2 without TEMP files
  Computing metrics...
    RSI: {'PD_1,PD_2': 0.6666666666666666}, ASR: 2.5, TCB: {'PD_1': ['PD_2'], 'PD_2': ['PD_1']}, FR: {'PD_1,PD_2': inf}
    Goal not met: RSI[PD_1,PD_2]=0.667 > 0.3
Warning: Removing FILE_1_1 will leave PD_1 without CONFIG files
Warning: Removing FILE_1_1 will leave PD_2 without CONFIG files
Warning: Removing FILE_1_3 will leave PD_1 without TEMP files
Warning: Removing FILE_1_3 will leave PD_2 without TEMP files
  Computing metrics...
    RSI: {'PD_1,PD_2': 0.6666666666666666}, ASR: 2.5, TCB: {'PD_1': ['PD_2'], 'PD_2': ['PD_1']}, FR: {'PD_1,PD_2': inf}
    Goal not met: RSI[PD_1,PD_2]=0.667 > 0.3
Warning: Removing FILE_1_1 will leave PD_1 without CONFIG files
Warning: Removing FILE_1_1 will leave PD_2 without CONFIG files
Warning: Removing FILE_1_3 will leave PD_1 without TEMP files
Warning: Removing FILE_1_3 will leave PD_2 without TEMP files
  Computing metrics...
    RSI: {'PD_1,PD_2': 0.6666666666666666}, ASR: 2.5, TCB: {'PD_1': ['PD_2'], 'PD_2': ['PD_1']}, FR: {'PD_1,PD_2': inf}
    Goal not met: RSI[PD_1,PD_2]=0.667 > 0.3
Warning: Removing FILE_1_1 will leave PD_1 without CONFIG files
Warning: Removing FILE_1_1 will leave PD_2 without CONFIG files
Warning: Removing FILE_1_3 will leave PD_1 without TEMP files
Warning: Removing FILE_1_3 will leave PD_2 without TEMP files
  Computing metrics...
    RSI: {'PD_1,PD_2': 0.3333333333333333}, ASR: 3.0, TCB: {'PD_1': ['PD_2'], 'PD_2': ['PD_1']}, FR: {'PD_1,PD_2': inf}
    Goal not met: RSI[PD_1,PD_2]=0.333 > 0.3
Warning: Removing FILE_1_3 will leave PD_1 without TEMP files
Warning: Removing FILE_1_3 will leave PD_2 without TEMP files
  Computing metrics...
    RSI: {'PD_1,PD_2': 0.3333333333333333}, ASR: 3.0, TCB: {'PD_1': ['PD_2'], 'PD_2': ['PD_1']}, FR: {'PD_1,PD_2': inf}
    Goal not met: RSI[PD_1,PD_2]=0.333 > 0.3
Warning: Removing FILE_1_3 will leave PD_1 without TEMP files
Warning: Removing FILE_1_3 will leave PD_2 without TEMP files
  Computing metrics...
    RSI: {'PD_1,PD_2': 0.3333333333333333}, ASR: 3.0, TCB: {'PD_1': ['PD_2'], 'PD_2': ['PD_1']}, FR: {'PD_1,PD_2': inf}
    Goal not met: RSI[PD_1,PD_2]=0.333 > 0.3
Warning: Removing FILE_1_3 will leave PD_1 without TEMP files
Warning: Removing FILE_1_3 will leave PD_2 without TEMP files
  Computing metrics...
    RSI: {'PD_1,PD_2': 0.3333333333333333}, ASR: 2.5, TCB: {'PD_1': ['PD_2'], 'PD_2': ['PD_1']}, FR: {'PD_1,PD_2': inf}
    Goal not met: RSI[PD_1,PD_2]=0.333 > 0.3
Warning: Removing FILE_1_3 will leave PD_1 without TEMP files
Warning: Removing FILE_1_3 will leave PD_2 without TEMP files
Warning: Removing FILE_1_3 will leave PD_1 without TEMP files
Warning: Removing FILE_1_3 will leave PD_2 without TEMP files
Warning: Removing FILE_1_3 will leave PD_2 without TEMP files
Warning: Removing FILE_1_3 will leave PD_1 without TEMP files
Warning: Removing FILE_1_3 will leave PD_2 without TEMP files
  Computing metrics...
    RSI: {'PD_1,PD_2': 0.3333333333333333}, ASR: 2.5, TCB: {'PD_1': ['PD_2'], 'PD_2': ['PD_1']}, FR: {'PD_1,PD_2': inf}
    Goal not met: RSI[PD_1,PD_2]=0.333 > 0.3
Warning: Removing FILE_1_3 will leave PD_1 without TEMP files
Warning: Removing FILE_1_3 will leave PD_2 without TEMP files
  Computing metrics...
    RSI: {'PD_1,PD_2': 0.3333333333333333}, ASR: 2.5, TCB: {'PD_1': ['PD_2'], 'PD_2': ['PD_1']}, FR: {'PD_1,PD_2': inf}
    Goal not met: RSI[PD_1,PD_2]=0.333 > 0.3
Warning: Removing FILE_1_3 will leave PD_1 without TEMP files
Warning: Removing FILE_1_3 will leave PD_2 without TEMP files
  Computing metrics...
    RSI: {'PD_1,PD_2': 0.3333333333333333}, ASR: 2.5, TCB: {'PD_1': ['PD_2'], 'PD_2': ['PD_1']}, FR: {'PD_1,PD_2': inf}
    Goal not met: RSI[PD_1,PD_2]=0.333 > 0.3
Warning: Removing FILE_1_3 will leave PD_1 without TEMP files
Warning: Removing FILE_1_3 will leave PD_2 without TEMP files
  Computing metrics...
    RSI: {'PD_1,PD_2': 0.3333333333333333}, ASR: 2.5, TCB: {'PD_1': ['PD_2'], 'PD_2': ['PD_1']}, FR: {'PD_1,PD_2': inf}
    Goal not met: RSI[PD_1,PD_2]=0.333 > 0.3
Warning: Removing FILE_1_3 will leave PD_1 without TEMP files
Warning: Removing FILE_1_3 will leave PD_2 without TEMP files
  Computing metrics...
    RSI: {'PD_1,PD_2': 0.3333333333333333}, ASR: 2.5, TCB: {'PD_1': ['PD_2'], 'PD_2': ['PD_1']}, FR: {'PD_1,PD_2': inf}
    Goal not met: RSI[PD_1,PD_2]=0.333 > 0.3
Warning: Removing FILE_1_3 will leave PD_1 without TEMP files
Warning: Removing FILE_1_3 will leave PD_2 without TEMP files
  Computing metrics...
    RSI: {'PD_1,PD_2': 0.3333333333333333}, ASR: 2.5, TCB: {'PD_1': ['PD_2'], 'PD_2': ['PD_1']}, FR: {'PD_1,PD_2': inf}
    Goal not met: RSI[PD_1,PD_2]=0.333 > 0.3
Warning: Removing FILE_1_3 will leave PD_1 without TEMP files
Warning: Removing FILE_1_3 will leave PD_2 without TEMP files
  Computing metrics...
    RSI: {'PD_1,PD_2': 0.3333333333333333}, ASR: 2.5, TCB: {'PD_1': ['PD_2'], 'PD_2': ['PD_1']}, FR: {'PD_1,PD_2': inf}
    Goal not met: RSI[PD_1,PD_2]=0.333 > 0.3
Warning: Removing FILE_1_3 will leave PD_1 without TEMP files
Warning: Removing FILE_1_3 will leave PD_2 without TEMP files
Warning: Removing FILE_1_3 will leave PD_1 without TEMP files
Warning: Removing FILE_1_3 will leave PD_2 without TEMP files
Warning: Removing FILE_1_3 will leave PD_2 without TEMP files
Warning: Removing FILE_1_3 will leave PD_1 without TEMP files
Warning: Removing FILE_1_3 will leave PD_2 without TEMP files
  Computing metrics...
    RSI: {'PD_1,PD_2': 0.3333333333333333}, ASR: 2.5, TCB: {'PD_1': ['PD_2'], 'PD_2': ['PD_1']}, FR: {'PD_1,PD_2': inf}
    Goal not met: RSI[PD_1,PD_2]=0.333 > 0.3
Warning: Removing FILE_1_3 will leave PD_1 without TEMP files
Warning: Removing FILE_1_3 will leave PD_2 without TEMP files
  Computing metrics...
    RSI: {'PD_1,PD_2': 0.3333333333333333}, ASR: 2.5, TCB: {'PD_1': ['PD_2'], 'PD_2': ['PD_1']}, FR: {'PD_1,PD_2': inf}
    Goal not met: RSI[PD_1,PD_2]=0.333 > 0.3
Warning: Removing FILE_1_3 will leave PD_1 without TEMP files
Warning: Removing FILE_1_3 will leave PD_2 without TEMP files
  Computing metrics...
    RSI: {'PD_1,PD_2': 0.3333333333333333}, ASR: 2.5, TCB: {'PD_1': ['PD_2'], 'PD_2': ['PD_1']}, FR: {'PD_1,PD_2': inf}
    Goal not met: RSI[PD_1,PD_2]=0.333 > 0.3
Warning: Removing FILE_1_3 will leave PD_1 without TEMP files
Warning: Removing FILE_1_3 will leave PD_2 without TEMP files
  Computing metrics...
    RSI: {'PD_1,PD_2': 0.3333333333333333}, ASR: 2.5, TCB: {'PD_1': ['PD_2'], 'PD_2': ['PD_1']}, FR: {'PD_1,PD_2': inf}
    Goal not met: RSI[PD_1,PD_2]=0.333 > 0.3
Warning: Removing FILE_1_3 will leave PD_1 without TEMP files
Warning: Removing FILE_1_3 will leave PD_2 without TEMP files
  Computing metrics...
    RSI: {'PD_1,PD_2': 0.3333333333333333}, ASR: 2.5, TCB: {'PD_1': ['PD_2'], 'PD_2': ['PD_1']}, FR: {'PD_1,PD_2': inf}
    Goal not met: RSI[PD_1,PD_2]=0.333 > 0.3
Warning: Removing FILE_1_3 will leave PD_1 without TEMP files
Warning: Removing FILE_1_3 will leave PD_2 without TEMP files
  Computing metrics...
    RSI: {'PD_1,PD_2': 0.3333333333333333}, ASR: 2.5, TCB: {'PD_1': ['PD_2'], 'PD_2': ['PD_1']}, FR: {'PD_1,PD_2': inf}
    Goal not met: RSI[PD_1,PD_2]=0.333 > 0.3
Warning: Removing FILE_1_3 will leave PD_1 without TEMP files
Warning: Removing FILE_1_3 will leave PD_2 without TEMP files
  Computing metrics...
    RSI: {'PD_1,PD_2': 0.3333333333333333}, ASR: 2.0, TCB: {'PD_1': ['PD_2'], 'PD_2': ['PD_1']}, FR: {'PD_1,PD_2': inf}
    Goal not met: RSI[PD_1,PD_2]=0.333 > 0.3
Warning: Removing FILE_1_3 will leave PD_1 without TEMP files
Warning: Removing FILE_1_3 will leave PD_2 without TEMP files
  Computing metrics...
    RSI: {'PD_1,PD_2': 0.3333333333333333}, ASR: 2.0, TCB: {'PD_1': ['PD_2'], 'PD_2': ['PD_1']}, FR: {'PD_1,PD_2': inf}
    Goal not met: RSI[PD_1,PD_2]=0.333 > 0.3
Warning: Removing FILE_1_3 will leave PD_1 without TEMP files
Warning: Removing FILE_1_3 will leave PD_2 without TEMP files
Warning: Removing FILE_1_3 will leave PD_1 without TEMP files
Warning: Removing FILE_1_3 will leave PD_2 without TEMP files
Warning: Removing FILE_1_3 will leave PD_1 without TEMP files
Warning: Removing FILE_1_3 will leave PD_2 without TEMP files
Warning: Removing FILE_1_3 will leave PD_2 without TEMP files
Warning: Removing FILE_1_3 will leave PD_2 without TEMP files

⏳ Progress: 800 states explored, 1936 in queue, 0 mechanisms found
Warning: Removing FILE_1_3 will leave PD_1 without TEMP files
Warning: Removing FILE_1_3 will leave PD_2 without TEMP files
Warning: Removing FILE_1_3 will leave PD_1 without TEMP files
Warning: Removing FILE_1_3 will leave PD_2 without TEMP files
  Computing metrics...
    RSI: {'PD_1,PD_2': 0.3333333333333333}, ASR: 2.0, TCB: {'PD_1': ['PD_2'], 'PD_2': ['PD_1']}, FR: {'PD_1,PD_2': inf}
    Goal not met: RSI[PD_1,PD_2]=0.333 > 0.3
Warning: Removing FILE_1_3 will leave PD_1 without TEMP files
Warning: Removing FILE_1_3 will leave PD_2 without TEMP files
Warning: Removing FILE_1_3 will leave PD_1 without TEMP files
Warning: Removing FILE_1_3 will leave PD_2 without TEMP files
Warning: Removing FILE_1_3 will leave PD_2 without TEMP files
Warning: Removing FILE_1_3 will leave PD_1 without TEMP files
Warning: Removing FILE_1_3 will leave PD_2 without TEMP files
  Computing metrics...
    RSI: {'PD_1,PD_2': 0.3333333333333333}, ASR: 2.0, TCB: {'PD_1': ['PD_2'], 'PD_2': ['PD_1']}, FR: {'PD_1,PD_2': inf}
    Goal not met: RSI[PD_1,PD_2]=0.333 > 0.3
Warning: Removing FILE_1_3 will leave PD_1 without TEMP files
Warning: Removing FILE_1_3 will leave PD_2 without TEMP files
  Computing metrics...
    RSI: {'PD_1,PD_2': 0.3333333333333333}, ASR: 2.0, TCB: {'PD_1': ['PD_2'], 'PD_2': ['PD_1']}, FR: {'PD_1,PD_2': inf}
    Goal not met: RSI[PD_1,PD_2]=0.333 > 0.3
Warning: Removing FILE_1_3 will leave PD_1 without TEMP files
Warning: Removing FILE_1_3 will leave PD_2 without TEMP files
  Computing metrics...
    RSI: {'PD_1,PD_2': 0.3333333333333333}, ASR: 2.0, TCB: {'PD_1': ['PD_2'], 'PD_2': ['PD_1']}, FR: {'PD_1,PD_2': inf}
    Goal not met: RSI[PD_1,PD_2]=0.333 > 0.3
Warning: Removing FILE_1_3 will leave PD_1 without TEMP files
Warning: Removing FILE_1_3 will leave PD_2 without TEMP files
  Computing metrics...
    RSI: {'PD_1,PD_2': 0.3333333333333333}, ASR: 2.0, TCB: {'PD_1': ['PD_2'], 'PD_2': ['PD_1']}, FR: {'PD_1,PD_2': inf}
    Goal not met: RSI[PD_1,PD_2]=0.333 > 0.3
Warning: Removing FILE_1_3 will leave PD_1 without TEMP files
Warning: Removing FILE_1_3 will leave PD_2 without TEMP files
  Computing metrics...
    RSI: {'PD_1,PD_2': 0.3333333333333333}, ASR: 2.0, TCB: {'PD_1': ['PD_2'], 'PD_2': ['PD_1']}, FR: {'PD_1,PD_2': inf}
    Goal not met: RSI[PD_1,PD_2]=0.333 > 0.3
Warning: Removing FILE_1_3 will leave PD_1 without TEMP files
Warning: Removing FILE_1_3 will leave PD_2 without TEMP files
  Computing metrics...
    RSI: {'PD_1,PD_2': 0.3333333333333333}, ASR: 2.0, TCB: {'PD_1': ['PD_2'], 'PD_2': ['PD_1']}, FR: {'PD_1,PD_2': inf}
    Goal not met: RSI[PD_1,PD_2]=0.333 > 0.3
Warning: Removing FILE_1_3 will leave PD_1 without TEMP files
Warning: Removing FILE_1_3 will leave PD_2 without TEMP files
  Computing metrics...
    RSI: {'PD_1,PD_2': 0.3333333333333333}, ASR: 2.0, TCB: {'PD_1': ['PD_2'], 'PD_2': ['PD_1']}, FR: {'PD_1,PD_2': inf}
    Goal not met: RSI[PD_1,PD_2]=0.333 > 0.3
Warning: Removing FILE_1_3 will leave PD_1 without TEMP files
Warning: Removing FILE_1_3 will leave PD_2 without TEMP files
  Computing metrics...
    RSI: {'PD_1,PD_2': 0.3333333333333333}, ASR: 2.0, TCB: {'PD_1': ['PD_2'], 'PD_2': ['PD_1']}, FR: {'PD_1,PD_2': inf}
    Goal not met: RSI[PD_1,PD_2]=0.333 > 0.3
Warning: Removing FILE_1_3 will leave PD_1 without TEMP files
Warning: Removing FILE_1_3 will leave PD_2 without TEMP files
Warning: Removing FILE_1_3 will leave PD_1 without TEMP files
Warning: Removing FILE_1_3 will leave PD_2 without TEMP files
Warning: Removing FILE_1_3 will leave PD_2 without TEMP files
Warning: Removing FILE_1_3 will leave PD_1 without TEMP files
Warning: Removing FILE_1_3 will leave PD_2 without TEMP files
  Computing metrics...
    RSI: {'PD_1,PD_2': 0.6666666666666666}, ASR: 2.5, TCB: {'PD_1': ['PD_2'], 'PD_2': ['PD_1']}, FR: {'PD_1,PD_2': inf}
    Goal not met: RSI[PD_1,PD_2]=0.667 > 0.3
Warning: Removing FILE_1_2 will leave PD_1 without DATABASE files
Warning: Removing FILE_1_2 will leave PD_2 without DATABASE files
Warning: Removing FILE_1_3 will leave PD_1 without TEMP files
Warning: Removing FILE_1_3 will leave PD_2 without TEMP files
  Computing metrics...
    RSI: {'PD_1,PD_2': 0.6666666666666666}, ASR: 2.5, TCB: {'PD_1': ['PD_2'], 'PD_2': ['PD_1']}, FR: {'PD_1,PD_2': inf}
    Goal not met: RSI[PD_1,PD_2]=0.667 > 0.3
Warning: Removing FILE_1_1 will leave PD_1 without CONFIG files
Warning: Removing FILE_1_1 will leave PD_2 without CONFIG files
Warning: Removing FILE_1_3 will leave PD_1 without TEMP files
Warning: Removing FILE_1_3 will leave PD_2 without TEMP files
  Computing metrics...
    RSI: {'PD_1,PD_2': 0.3333333333333333}, ASR: 2.5, TCB: {'PD_1': ['PD_2'], 'PD_2': ['PD_1']}, FR: {'PD_1,PD_2': inf}
    Goal not met: RSI[PD_1,PD_2]=0.333 > 0.3
Warning: Removing FILE_1_3 will leave PD_1 without TEMP files
Warning: Removing FILE_1_3 will leave PD_2 without TEMP files
  Computing metrics...
    RSI: {'PD_1,PD_2': 0.3333333333333333}, ASR: 2.5, TCB: {'PD_1': ['PD_2'], 'PD_2': ['PD_1']}, FR: {'PD_1,PD_2': inf}
    Goal not met: RSI[PD_1,PD_2]=0.333 > 0.3
Warning: Removing FILE_1_3 will leave PD_1 without TEMP files
Warning: Removing FILE_1_3 will leave PD_2 without TEMP files
  Computing metrics...
    RSI: {'PD_1,PD_2': 0.3333333333333333}, ASR: 2.0, TCB: {'PD_1': ['PD_2'], 'PD_2': ['PD_1']}, FR: {'PD_1,PD_2': inf}
    Goal not met: RSI[PD_1,PD_2]=0.333 > 0.3
Warning: Removing FILE_1_3 will leave PD_1 without TEMP files
Warning: Removing FILE_1_3 will leave PD_2 without TEMP files
  Computing metrics...
    RSI: {'PD_1,PD_2': 0.3333333333333333}, ASR: 2.0, TCB: {'PD_1': ['PD_2'], 'PD_2': ['PD_1']}, FR: {'PD_1,PD_2': inf}
    Goal not met: RSI[PD_1,PD_2]=0.333 > 0.3
Warning: Removing FILE_1_3 will leave PD_1 without TEMP files
Warning: Removing FILE_1_3 will leave PD_2 without TEMP files
Warning: Removing FILE_1_2 will leave PD_2 without DATABASE files
Warning: Removing FILE_1_3 will leave PD_1 without TEMP files
Warning: Removing FILE_1_3 will leave PD_2 without TEMP files
Warning: Removing FILE_1_1 will leave PD_1 without DATABASE files
Warning: Removing FILE_1_3 will leave PD_1 without TEMP files
Warning: Removing FILE_1_3 will leave PD_2 without TEMP files
Warning: Removing FILE_1_3 will leave PD_1 without TEMP files
Warning: Removing FILE_1_3 will leave PD_2 without TEMP files
Warning: Removing FILE_1_3 will leave PD_1 without TEMP files
Warning: Removing FILE_1_3 will leave PD_2 without TEMP files
Warning: Removing FILE_1_3 will leave PD_1 without TEMP files
Warning: Removing FILE_1_3 will leave PD_2 without TEMP files
Warning: Removing FILE_1_3 will leave PD_1 without TEMP files
Warning: Removing FILE_1_3 will leave PD_2 without TEMP files
Warning: Removing FILE_1_3 will leave PD_1 without TEMP files
Warning: Removing FILE_1_3 will leave PD_2 without TEMP files
Warning: Removing FILE_1_2 will leave PD_1 without DATABASE files
Warning: Removing FILE_1_2 will leave PD_2 without DATABASE files
Warning: Removing FILE_1_3 will leave PD_2 without TEMP files
Warning: Removing FILE_1_3 will leave PD_1 without TEMP files
Warning: Removing FILE_1_3 will leave PD_2 without TEMP files
Warning: Removing FILE_1_3 will leave PD_2 without TEMP files
Warning: Removing FILE_1_3 will leave PD_2 without TEMP files
Warning: Removing FILE_1_3 will leave PD_2 without TEMP files
Warning: Removing FILE_1_3 will leave PD_2 without TEMP files
Warning: Removing FILE_1_2 will leave PD_1 without DATABASE files
Warning: Removing FILE_1_2 will leave PD_2 without DATABASE files
Warning: Removing FILE_1_3 will leave PD_1 without TEMP files
Warning: Removing FILE_1_3 will leave PD_2 without TEMP files
Warning: Removing FILE_1_1 will leave PD_1 without LOG files
Warning: Removing FILE_1_1 will leave PD_2 without LOG files
Warning: Removing FILE_1_3 will leave PD_1 without TEMP files
Warning: Removing FILE_1_3 will leave PD_2 without TEMP files
Warning: Removing FILE_1_3 will leave PD_1 without TEMP files
Warning: Removing FILE_1_3 will leave PD_2 without TEMP files
Warning: Removing FILE_1_3 will leave PD_1 without TEMP files
Warning: Removing FILE_1_3 will leave PD_2 without TEMP files
Warning: Removing FILE_1_3 will leave PD_1 without TEMP files
Warning: Removing FILE_1_3 will leave PD_2 without TEMP files
Warning: Removing FILE_1_3 will leave PD_1 without TEMP files
Warning: Removing FILE_1_3 will leave PD_2 without TEMP files
Warning: Removing FILE_1_3 will leave PD_1 without TEMP files
Warning: Removing FILE_1_3 will leave PD_2 without TEMP files
Warning: Removing FILE_1_2 will leave PD_1 without DATABASE files
Warning: Removing FILE_1_2 will leave PD_2 without DATABASE files

⏳ Progress: 850 states explored, 2079 in queue, 0 mechanisms found
Warning: Removing FILE_1_1 will leave PD_1 without CONFIG files
Warning: Removing FILE_1_1 will leave PD_2 without CONFIG files
Warning: Removing FILE_1_3 will leave PD_1 without TEMP files
Warning: Removing FILE_1_3 will leave PD_2 without TEMP files
  Computing metrics...
    RSI: {'PD_1,PD_2': 1.0}, ASR: 3.0, TCB: {'PD_1': ['PD_2'], 'PD_2': ['PD_1']}, FR: {'PD_1,PD_2': inf}
    Goal not met: RSI[PD_1,PD_2]=1.000 > 0.3
Warning: Removing FILE_1_1 will leave PD_1 without CONFIG files
Warning: Removing FILE_1_1 will leave PD_2 without CONFIG files
Warning: Removing FILE_1_2 will leave PD_1 without DATABASE files
Warning: Removing FILE_1_2 will leave PD_2 without DATABASE files
Warning: Removing FILE_1_3 will leave PD_1 without TEMP files
Warning: Removing FILE_1_3 will leave PD_2 without TEMP files
  Computing metrics...
    RSI: {'PD_1,PD_2': 0.6666666666666666}, ASR: 3.0, TCB: {'PD_1': ['PD_2'], 'PD_2': ['PD_1']}, FR: {'PD_1,PD_2': inf}
    Goal not met: RSI[PD_1,PD_2]=0.667 > 0.3
Warning: Removing FILE_1_2 will leave PD_1 without DATABASE files
Warning: Removing FILE_1_2 will leave PD_2 without DATABASE files
Warning: Removing FILE_1_3 will leave PD_1 without TEMP files
Warning: Removing FILE_1_3 will leave PD_2 without TEMP files
  Computing metrics...
    RSI: {'PD_1,PD_2': 0.6666666666666666}, ASR: 3.0, TCB: {'PD_1': ['PD_2'], 'PD_2': ['PD_1']}, FR: {'PD_1,PD_2': inf}
    Goal not met: RSI[PD_1,PD_2]=0.667 > 0.3
Warning: Removing FILE_1_2 will leave PD_1 without DATABASE files
Warning: Removing FILE_1_2 will leave PD_2 without DATABASE files
Warning: Removing FILE_1_3 will leave PD_1 without TEMP files
Warning: Removing FILE_1_3 will leave PD_2 without TEMP files
  Computing metrics...
    RSI: {'PD_1,PD_2': 0.6666666666666666}, ASR: 2.5, TCB: {'PD_1': ['PD_2'], 'PD_2': ['PD_1']}, FR: {'PD_1,PD_2': inf}
    Goal not met: RSI[PD_1,PD_2]=0.667 > 0.3
Warning: Removing FILE_1_2 will leave PD_1 without DATABASE files
Warning: Removing FILE_1_2 will leave PD_2 without DATABASE files
Warning: Removing FILE_1_3 will leave PD_1 without TEMP files
Warning: Removing FILE_1_3 will leave PD_2 without TEMP files
  Computing metrics...
    RSI: {'PD_1,PD_2': 0.6666666666666666}, ASR: 2.5, TCB: {'PD_1': ['PD_2'], 'PD_2': ['PD_1']}, FR: {'PD_1,PD_2': inf}
    Goal not met: RSI[PD_1,PD_2]=0.667 > 0.3
Warning: Removing FILE_1_2 will leave PD_1 without DATABASE files
Warning: Removing FILE_1_2 will leave PD_2 without DATABASE files
Warning: Removing FILE_1_3 will leave PD_1 without TEMP files
Warning: Removing FILE_1_3 will leave PD_2 without TEMP files
  Computing metrics...
    RSI: {'PD_1,PD_2': 0.6666666666666666}, ASR: 3.0, TCB: {'PD_1': ['PD_2'], 'PD_2': ['PD_1']}, FR: {'PD_1,PD_2': inf}
    Goal not met: RSI[PD_1,PD_2]=0.667 > 0.3
Warning: Removing FILE_1_1 will leave PD_1 without CONFIG files
Warning: Removing FILE_1_1 will leave PD_2 without CONFIG files
Warning: Removing FILE_1_3 will leave PD_1 without TEMP files
Warning: Removing FILE_1_3 will leave PD_2 without TEMP files
  Computing metrics...
    RSI: {'PD_1,PD_2': 0.6666666666666666}, ASR: 3.0, TCB: {'PD_1': ['PD_2'], 'PD_2': ['PD_1']}, FR: {'PD_1,PD_2': inf}
    Goal not met: RSI[PD_1,PD_2]=0.667 > 0.3
Warning: Removing FILE_1_1 will leave PD_1 without CONFIG files
Warning: Removing FILE_1_1 will leave PD_2 without CONFIG files
Warning: Removing FILE_1_3 will leave PD_1 without TEMP files
Warning: Removing FILE_1_3 will leave PD_2 without TEMP files
  Computing metrics...
    RSI: {'PD_1,PD_2': 0.6666666666666666}, ASR: 2.5, TCB: {'PD_1': ['PD_2'], 'PD_2': ['PD_1']}, FR: {'PD_1,PD_2': inf}
    Goal not met: RSI[PD_1,PD_2]=0.667 > 0.3
Warning: Removing FILE_1_1 will leave PD_1 without CONFIG files
Warning: Removing FILE_1_1 will leave PD_2 without CONFIG files
Warning: Removing FILE_1_3 will leave PD_1 without TEMP files
Warning: Removing FILE_1_3 will leave PD_2 without TEMP files
  Computing metrics...
    RSI: {'PD_1,PD_2': 0.6666666666666666}, ASR: 2.5, TCB: {'PD_1': ['PD_2'], 'PD_2': ['PD_1']}, FR: {'PD_1,PD_2': inf}
    Goal not met: RSI[PD_1,PD_2]=0.667 > 0.3
Warning: Removing FILE_1_1 will leave PD_1 without CONFIG files
Warning: Removing FILE_1_1 will leave PD_2 without CONFIG files
Warning: Removing FILE_1_3 will leave PD_1 without TEMP files
Warning: Removing FILE_1_3 will leave PD_2 without TEMP files
  Computing metrics...
    RSI: {'PD_1,PD_2': 0.3333333333333333}, ASR: 3.0, TCB: {'PD_1': ['PD_2'], 'PD_2': ['PD_1']}, FR: {'PD_1,PD_2': inf}
    Goal not met: RSI[PD_1,PD_2]=0.333 > 0.3
Warning: Removing FILE_1_3 will leave PD_1 without TEMP files
Warning: Removing FILE_1_3 will leave PD_2 without TEMP files
  Computing metrics...
    RSI: {'PD_1,PD_2': 0.3333333333333333}, ASR: 2.5, TCB: {'PD_1': ['PD_2'], 'PD_2': ['PD_1']}, FR: {'PD_1,PD_2': inf}
    Goal not met: RSI[PD_1,PD_2]=0.333 > 0.3
Warning: Removing FILE_1_3 will leave PD_1 without TEMP files
Warning: Removing FILE_1_3 will leave PD_2 without TEMP files
  Computing metrics...
    RSI: {'PD_1,PD_2': 0.3333333333333333}, ASR: 2.5, TCB: {'PD_1': ['PD_2'], 'PD_2': ['PD_1']}, FR: {'PD_1,PD_2': inf}
    Goal not met: RSI[PD_1,PD_2]=0.333 > 0.3
Warning: Removing FILE_1_3 will leave PD_1 without TEMP files
Warning: Removing FILE_1_3 will leave PD_2 without TEMP files
  Computing metrics...
    RSI: {'PD_1,PD_2': 0.3333333333333333}, ASR: 2.5, TCB: {'PD_1': ['PD_2'], 'PD_2': ['PD_1']}, FR: {'PD_1,PD_2': inf}
    Goal not met: RSI[PD_1,PD_2]=0.333 > 0.3
Warning: Removing FILE_1_3 will leave PD_1 without TEMP files
Warning: Removing FILE_1_3 will leave PD_2 without TEMP files
  Computing metrics...
    RSI: {'PD_1,PD_2': 0.3333333333333333}, ASR: 2.5, TCB: {'PD_1': ['PD_2'], 'PD_2': ['PD_1']}, FR: {'PD_1,PD_2': inf}
    Goal not met: RSI[PD_1,PD_2]=0.333 > 0.3
Warning: Removing FILE_1_3 will leave PD_1 without TEMP files
Warning: Removing FILE_1_3 will leave PD_2 without TEMP files
  Computing metrics...
    RSI: {'PD_1,PD_2': 0.3333333333333333}, ASR: 2.0, TCB: {'PD_1': ['PD_2'], 'PD_2': ['PD_1']}, FR: {'PD_1,PD_2': inf}
    Goal not met: RSI[PD_1,PD_2]=0.333 > 0.3
Warning: Removing FILE_1_3 will leave PD_1 without TEMP files
Warning: Removing FILE_1_3 will leave PD_2 without TEMP files
  Computing metrics...
    RSI: {'PD_1,PD_2': 0.3333333333333333}, ASR: 2.0, TCB: {'PD_1': ['PD_2'], 'PD_2': ['PD_1']}, FR: {'PD_1,PD_2': inf}
    Goal not met: RSI[PD_1,PD_2]=0.333 > 0.3
Warning: Removing FILE_1_3 will leave PD_1 without TEMP files
Warning: Removing FILE_1_3 will leave PD_2 without TEMP files
  Computing metrics...
    RSI: {'PD_1,PD_2': 0.3333333333333333}, ASR: 2.0, TCB: {'PD_1': ['PD_2'], 'PD_2': ['PD_1']}, FR: {'PD_1,PD_2': inf}
    Goal not met: RSI[PD_1,PD_2]=0.333 > 0.3
Warning: Removing FILE_1_3 will leave PD_1 without TEMP files
Warning: Removing FILE_1_3 will leave PD_2 without TEMP files
Warning: Removing FILE_1_2 will leave PD_2 without DATABASE files
Warning: Removing FILE_1_1 will leave PD_1 without DATABASE files
Warning: Removing FILE_1_3 will leave PD_1 without TEMP files
Warning: Removing FILE_1_3 will leave PD_2 without TEMP files
Warning: Removing FILE_1_3 will leave PD_1 without TEMP files
Warning: Removing FILE_1_3 will leave PD_2 without TEMP files
Warning: Removing FILE_1_2 will leave PD_1 without DATABASE files
Warning: Removing FILE_1_2 will leave PD_2 without DATABASE files
Warning: Removing FILE_1_3 will leave PD_1 without TEMP files
Warning: Removing FILE_1_3 will leave PD_2 without TEMP files
Warning: Removing FILE_1_2 will leave PD_2 without DATABASE files
Warning: Removing FILE_1_3 will leave PD_1 without TEMP files
Warning: Removing FILE_1_3 will leave PD_2 without TEMP files
Warning: Removing FILE_1_2 will leave PD_2 without DATABASE files
Warning: Removing FILE_1_3 will leave PD_1 without TEMP files
Warning: Removing FILE_1_3 will leave PD_2 without TEMP files
Warning: Removing FILE_1_2 will leave PD_2 without DATABASE files
Warning: Removing FILE_1_3 will leave PD_1 without TEMP files
Warning: Removing FILE_1_3 will leave PD_2 without TEMP files
Warning: Removing FILE_1_2 will leave PD_2 without DATABASE files
Warning: Removing FILE_1_3 will leave PD_1 without TEMP files
Warning: Removing FILE_1_3 will leave PD_2 without TEMP files
Warning: Removing FILE_1_3 will leave PD_1 without TEMP files
Warning: Removing FILE_1_3 will leave PD_2 without TEMP files
Warning: Removing FILE_1_1 will leave PD_1 without DATABASE files
Warning: Removing FILE_1_1 will leave PD_2 without DATABASE files
Warning: Removing FILE_1_3 will leave PD_1 without TEMP files
Warning: Removing FILE_1_3 will leave PD_2 without TEMP files
Warning: Removing FILE_1_1 will leave PD_1 without DATABASE files
Warning: Removing FILE_1_3 will leave PD_1 without TEMP files
Warning: Removing FILE_1_3 will leave PD_2 without TEMP files
Warning: Removing FILE_1_1 will leave PD_1 without DATABASE files
Warning: Removing FILE_1_3 will leave PD_1 without TEMP files
Warning: Removing FILE_1_3 will leave PD_2 without TEMP files
Warning: Removing FILE_1_1 will leave PD_1 without DATABASE files
Warning: Removing FILE_1_3 will leave PD_1 without TEMP files
Warning: Removing FILE_1_3 will leave PD_2 without TEMP files
Warning: Removing FILE_1_1 will leave PD_1 without DATABASE files
Warning: Removing FILE_1_3 will leave PD_1 without TEMP files
Warning: Removing FILE_1_3 will leave PD_2 without TEMP files
Warning: Removing FILE_1_3 will leave PD_1 without TEMP files
Warning: Removing FILE_1_3 will leave PD_2 without TEMP files
Warning: Removing FILE_1_3 will leave PD_1 without TEMP files
Warning: Removing FILE_1_3 will leave PD_2 without TEMP files
Warning: Removing FILE_1_3 will leave PD_1 without TEMP files
Warning: Removing FILE_1_3 will leave PD_2 without TEMP files
Warning: Removing FILE_1_3 will leave PD_1 without TEMP files
Warning: Removing FILE_1_3 will leave PD_2 without TEMP files
Warning: Removing FILE_1_3 will leave PD_1 without TEMP files
Warning: Removing FILE_1_3 will leave PD_2 without TEMP files
Warning: Removing FILE_1_3 will leave PD_1 without TEMP files
Warning: Removing FILE_1_3 will leave PD_2 without TEMP files
Warning: Removing FILE_1_3 will leave PD_1 without TEMP files
Warning: Removing FILE_1_3 will leave PD_2 without TEMP files
Warning: Removing FILE_1_3 will leave PD_1 without TEMP files
Warning: Removing FILE_1_3 will leave PD_2 without TEMP files
Warning: Removing FILE_1_3 will leave PD_1 without TEMP files
Warning: Removing FILE_1_3 will leave PD_2 without TEMP files

⏳ Progress: 900 states explored, 2154 in queue, 0 mechanisms found
Warning: Removing FILE_1_3 will leave PD_1 without TEMP files
Warning: Removing FILE_1_3 will leave PD_2 without TEMP files
Warning: Removing FILE_1_3 will leave PD_1 without TEMP files
Warning: Removing FILE_1_3 will leave PD_2 without TEMP files
Warning: Removing FILE_1_3 will leave PD_1 without TEMP files
Warning: Removing FILE_1_3 will leave PD_2 without TEMP files
Warning: Removing FILE_1_3 will leave PD_1 without TEMP files
Warning: Removing FILE_1_3 will leave PD_2 without TEMP files
Warning: Removing FILE_1_2 will leave PD_1 without DATABASE files
Warning: Removing FILE_1_2 will leave PD_2 without DATABASE files
Warning: Removing FILE_1_1 will leave PD_1 without TEMP files
Warning: Removing FILE_1_1 will leave PD_2 without TEMP files
Warning: Removing FILE_1_3 will leave PD_2 without TEMP files
Warning: Removing FILE_1_2 will leave PD_1 without DATABASE files
Warning: Removing FILE_1_2 will leave PD_2 without DATABASE files
Warning: Removing FILE_1_2 will leave PD_1 without DATABASE files
Warning: Removing FILE_1_2 will leave PD_2 without DATABASE files
Warning: Removing FILE_1_3 will leave PD_1 without TEMP files
Warning: Removing FILE_1_3 will leave PD_2 without TEMP files
Warning: Removing FILE_1_2 will leave PD_1 without DATABASE files
Warning: Removing FILE_1_2 will leave PD_2 without DATABASE files
Warning: Removing FILE_1_2 will leave PD_1 without DATABASE files
Warning: Removing FILE_1_2 will leave PD_2 without DATABASE files
Warning: Removing FILE_1_3 will leave PD_2 without TEMP files
Warning: Removing FILE_1_2 will leave PD_1 without DATABASE files
Warning: Removing FILE_1_2 will leave PD_2 without DATABASE files
Warning: Removing FILE_1_3 will leave PD_2 without TEMP files
Warning: Removing FILE_1_2 will leave PD_1 without DATABASE files
Warning: Removing FILE_1_2 will leave PD_2 without DATABASE files
Warning: Removing FILE_1_3 will leave PD_2 without TEMP files
Warning: Removing FILE_1_2 will leave PD_1 without DATABASE files
Warning: Removing FILE_1_2 will leave PD_2 without DATABASE files
Warning: Removing FILE_1_3 will leave PD_2 without TEMP files
Warning: Removing FILE_1_3 will leave PD_1 without TEMP files
Warning: Removing FILE_1_1 will leave PD_1 without TEMP files
Warning: Removing FILE_1_1 will leave PD_2 without TEMP files
Warning: Removing FILE_1_3 will leave PD_1 without TEMP files
Warning: Removing FILE_1_3 will leave PD_2 without TEMP files
Warning: Removing FILE_1_3 will leave PD_1 without TEMP files
Warning: Removing FILE_1_3 will leave PD_2 without TEMP files
Warning: Removing FILE_1_3 will leave PD_1 without TEMP files
Warning: Removing FILE_1_3 will leave PD_2 without TEMP files
Warning: Removing FILE_1_3 will leave PD_1 without TEMP files
Warning: Removing FILE_1_3 will leave PD_2 without TEMP files
Warning: Removing FILE_1_3 will leave PD_2 without TEMP files
Warning: Removing FILE_1_3 will leave PD_2 without TEMP files
Warning: Removing FILE_1_3 will leave PD_2 without TEMP files
Warning: Removing FILE_1_3 will leave PD_2 without TEMP files
Warning: Removing FILE_1_3 will leave PD_2 without TEMP files
Warning: Removing FILE_1_3 will leave PD_2 without TEMP files
Warning: Removing FILE_1_3 will leave PD_2 without TEMP files
Warning: Removing FILE_1_3 will leave PD_2 without TEMP files
Warning: Removing FILE_1_3 will leave PD_2 without TEMP files
Warning: Removing FILE_1_2 will leave PD_1 without DATABASE files
Warning: Removing FILE_1_2 will leave PD_2 without DATABASE files
Warning: Removing FILE_1_1 will leave PD_1 without LOG files
Warning: Removing FILE_1_1 will leave PD_2 without LOG files

⏳ Progress: 950 states explored, 2253 in queue, 0 mechanisms found
Warning: Removing FILE_1_3 will leave PD_1 without TEMP files
Warning: Removing FILE_1_3 will leave PD_2 without TEMP files
Warning: Removing FILE_1_1 will leave PD_1 without LOG files
Warning: Removing FILE_1_1 will leave PD_2 without LOG files
Warning: Removing FILE_1_2 will leave PD_1 without DATABASE files
Warning: Removing FILE_1_2 will leave PD_2 without DATABASE files
Warning: Removing FILE_1_3 will leave PD_1 without TEMP files
Warning: Removing FILE_1_3 will leave PD_2 without TEMP files
Warning: Removing FILE_1_2 will leave PD_1 without DATABASE files
Warning: Removing FILE_1_2 will leave PD_2 without DATABASE files
Warning: Removing FILE_1_3 will leave PD_1 without TEMP files
Warning: Removing FILE_1_3 will leave PD_2 without TEMP files
Warning: Removing FILE_1_2 will leave PD_1 without DATABASE files
Warning: Removing FILE_1_2 will leave PD_2 without DATABASE files
Warning: Removing FILE_1_3 will leave PD_1 without TEMP files
Warning: Removing FILE_1_3 will leave PD_2 without TEMP files
Warning: Removing FILE_1_2 will leave PD_1 without DATABASE files
Warning: Removing FILE_1_2 will leave PD_2 without DATABASE files
Warning: Removing FILE_1_3 will leave PD_1 without TEMP files
Warning: Removing FILE_1_3 will leave PD_2 without TEMP files
Warning: Removing FILE_1_2 will leave PD_1 without DATABASE files
Warning: Removing FILE_1_2 will leave PD_2 without DATABASE files
Warning: Removing FILE_1_3 will leave PD_1 without TEMP files
Warning: Removing FILE_1_3 will leave PD_2 without TEMP files
Warning: Removing FILE_1_2 will leave PD_1 without DATABASE files
Warning: Removing FILE_1_2 will leave PD_2 without DATABASE files
Warning: Removing FILE_1_3 will leave PD_1 without TEMP files
Warning: Removing FILE_1_3 will leave PD_2 without TEMP files
Warning: Removing FILE_1_3 will leave PD_1 without TEMP files
Warning: Removing FILE_1_3 will leave PD_2 without TEMP files
Warning: Removing FILE_1_1 will leave PD_1 without LOG files
Warning: Removing FILE_1_1 will leave PD_2 without LOG files
Warning: Removing FILE_1_3 will leave PD_1 without TEMP files
Warning: Removing FILE_1_3 will leave PD_2 without TEMP files
Warning: Removing FILE_1_1 will leave PD_1 without LOG files
Warning: Removing FILE_1_1 will leave PD_2 without LOG files
Warning: Removing FILE_1_3 will leave PD_1 without TEMP files
Warning: Removing FILE_1_3 will leave PD_2 without TEMP files
Warning: Removing FILE_1_1 will leave PD_1 without LOG files
Warning: Removing FILE_1_1 will leave PD_2 without LOG files
Warning: Removing FILE_1_3 will leave PD_1 without TEMP files
Warning: Removing FILE_1_3 will leave PD_2 without TEMP files
Warning: Removing FILE_1_1 will leave PD_1 without LOG files
Warning: Removing FILE_1_1 will leave PD_2 without LOG files
Warning: Removing FILE_1_3 will leave PD_1 without TEMP files
Warning: Removing FILE_1_3 will leave PD_2 without TEMP files
Warning: Removing FILE_1_3 will leave PD_1 without TEMP files
Warning: Removing FILE_1_3 will leave PD_2 without TEMP files
Warning: Removing FILE_1_3 will leave PD_1 without TEMP files
Warning: Removing FILE_1_3 will leave PD_2 without TEMP files
Warning: Removing FILE_1_3 will leave PD_1 without TEMP files
Warning: Removing FILE_1_3 will leave PD_2 without TEMP files
Warning: Removing FILE_1_3 will leave PD_1 without TEMP files
Warning: Removing FILE_1_3 will leave PD_2 without TEMP files
Warning: Removing FILE_1_3 will leave PD_1 without TEMP files
Warning: Removing FILE_1_3 will leave PD_2 without TEMP files
Warning: Removing FILE_1_3 will leave PD_1 without TEMP files
Warning: Removing FILE_1_3 will leave PD_2 without TEMP files
Warning: Removing FILE_1_3 will leave PD_1 without TEMP files
Warning: Removing FILE_1_3 will leave PD_2 without TEMP files
Warning: Removing FILE_1_3 will leave PD_1 without TEMP files
Warning: Removing FILE_1_3 will leave PD_2 without TEMP files
Warning: Removing FILE_1_3 will leave PD_1 without TEMP files
Warning: Removing FILE_1_3 will leave PD_2 without TEMP files
Warning: Removing FILE_1_3 will leave PD_1 without TEMP files
Warning: Removing FILE_1_3 will leave PD_2 without TEMP files
Warning: Removing FILE_1_3 will leave PD_1 without TEMP files
Warning: Removing FILE_1_3 will leave PD_2 without TEMP files
Warning: Removing FILE_1_3 will leave PD_1 without TEMP files
Warning: Removing FILE_1_3 will leave PD_2 without TEMP files
Warning: Removing FILE_1_1 will leave PD_1 without CONFIG files
Warning: Removing FILE_1_1 will leave PD_2 without CONFIG files
Warning: Removing FILE_1_2 will leave PD_1 without DATABASE files
Warning: Removing FILE_1_2 will leave PD_2 without DATABASE files
Warning: Removing FILE_1_2 will leave PD_1 without DATABASE files
Warning: Removing FILE_1_2 will leave PD_2 without DATABASE files
Warning: Removing FILE_1_2 will leave PD_1 without DATABASE files
Warning: Removing FILE_1_2 will leave PD_2 without DATABASE files
Warning: Removing FILE_1_2 will leave PD_1 without DATABASE files
Warning: Removing FILE_1_2 will leave PD_2 without DATABASE files
Warning: Removing FILE_1_2 will leave PD_1 without DATABASE files
Warning: Removing FILE_1_2 will leave PD_2 without DATABASE files
Warning: Removing FILE_1_1 will leave PD_1 without CONFIG files
Warning: Removing FILE_1_1 will leave PD_2 without CONFIG files
Warning: Removing FILE_1_1 will leave PD_1 without CONFIG files
Warning: Removing FILE_1_1 will leave PD_2 without CONFIG files
Warning: Removing FILE_1_1 will leave PD_1 without CONFIG files
Warning: Removing FILE_1_1 will leave PD_2 without CONFIG files
Warning: Removing FILE_1_1 will leave PD_1 without CONFIG files
Warning: Removing FILE_1_1 will leave PD_2 without CONFIG files
Warning: Removing FILE_1_1 will leave PD_1 without CONFIG files
Warning: Removing FILE_1_1 will leave PD_2 without CONFIG files
Warning: Removing FILE_1_3 will leave PD_1 without TEMP files
Warning: Removing FILE_1_3 will leave PD_2 without TEMP files
Warning: Removing FILE_1_3 will leave PD_1 without TEMP files
Warning: Removing FILE_1_3 will leave PD_2 without TEMP files
Warning: Removing FILE_1_3 will leave PD_1 without TEMP files
Warning: Removing FILE_1_3 will leave PD_2 without TEMP files
Warning: Removing FILE_1_3 will leave PD_1 without TEMP files
Warning: Removing FILE_1_3 will leave PD_2 without TEMP files
Warning: Removing FILE_1_3 will leave PD_1 without TEMP files
Warning: Removing FILE_1_3 will leave PD_2 without TEMP files
  Computing metrics...
    RSI: {'PD_1,PD_2': 1.0}, ASR: 3.5, TCB: {'PD_1': ['PD_2'], 'PD_2': ['PD_1']}, FR: {'PD_1,PD_2': inf}
    Goal not met: RSI[PD_1,PD_2]=1.000 > 0.3
Warning: Removing FILE_1_1 will leave PD_1 without CONFIG files
Warning: Removing FILE_1_1 will leave PD_2 without CONFIG files
Warning: Removing FILE_1_2 will leave PD_1 without DATABASE files
Warning: Removing FILE_1_2 will leave PD_2 without DATABASE files
Warning: Removing FILE_1_3 will leave PD_1 without TEMP files
Warning: Removing FILE_1_3 will leave PD_2 without TEMP files
  Computing metrics...
    RSI: {'PD_1,PD_2': 1.0}, ASR: 3.5, TCB: {'PD_1': ['PD_2'], 'PD_2': ['PD_1']}, FR: {'PD_1,PD_2': inf}
    Goal not met: RSI[PD_1,PD_2]=1.000 > 0.3
Warning: Removing FILE_1_1 will leave PD_1 without CONFIG files
Warning: Removing FILE_1_1 will leave PD_2 without CONFIG files
Warning: Removing FILE_1_2 will leave PD_1 without DATABASE files
Warning: Removing FILE_1_2 will leave PD_2 without DATABASE files
Warning: Removing FILE_1_3 will leave PD_1 without TEMP files
Warning: Removing FILE_1_3 will leave PD_2 without TEMP files

⏳ Progress: 1000 states explored, 2311 in queue, 0 mechanisms found
  Computing metrics...
    RSI: {'PD_1,PD_2': 1.0}, ASR: 3.0, TCB: {'PD_1': ['PD_2'], 'PD_2': ['PD_1']}, FR: {'PD_1,PD_2': inf}
    Goal not met: RSI[PD_1,PD_2]=1.000 > 0.3
Warning: Removing FILE_1_1 will leave PD_1 without CONFIG files
Warning: Removing FILE_1_1 will leave PD_2 without CONFIG files
Warning: Removing FILE_1_2 will leave PD_1 without DATABASE files
Warning: Removing FILE_1_2 will leave PD_2 without DATABASE files
Warning: Removing FILE_1_3 will leave PD_1 without TEMP files
Warning: Removing FILE_1_3 will leave PD_2 without TEMP files

🏁 BFS exploration complete!
📊 Statistics:
   States explored: 1000
   Unique states visited: 3314
   States in queue (unexplored): 2314
   Mechanisms discovered: 0
   ⚠️  Stopped due to state limit (1000)

✅ Scenario 'Basic Resource Sharing (True Primitives Only)' complete!
   Mechanisms discovered: 0

✅ Exploration complete!
