🔍 Verbose mode enabled - detailed exploration tracking

🎯 Running scenario: reduce_isolation
✓ Validated 5 constraints in scenario 'Reduce Isolation'
🎯 Running scenario: Reduce Isolation
   Description: Transform mediated access (PD1->PD3->R0, PD2->PD4->R0) to direct access (PD1->R0, PD2->R0) by maximizing RSI
   Goals (1): ['Goal(maximize RSI[PD_1,PD_2] to 0.8)']
   Constraints (5): ["Constraint(requires_resource_access for PD_1: FILE_1_1, {'access_type': 'direct_or_indirect'})", "Constraint(requires_resource_access for PD_2: FILE_1_1, {'access_type': 'direct_or_indirect'})", "Constraint(requires_resource_exists for PD_None: FILE_1_1, {'mandatory': True})", "Constraint(requires_file_access for PD_1: FILE, {'file_type': 'any', 'min_size_kb': 1})", "Constraint(requires_file_access for PD_2: FILE, {'file_type': 'any', 'min_size_kb': 1})"]
   Transitions (12): ['Transition(add_pd: Create new Protection Domain)', 'Transition(remove_pd: Remove existing Protection Domain)', 'Transition(add_file_resource: Create new FILE resource)', 'Transition(remove_file_resource: Remove FILE resource)', 'Transition(add_resource_space: Create new resource space)', 'Transition(remove_resource_space: Remove resource space)', 'Transition(add_hold_edge: Create PD → Resource relationship)', 'Transition(remove_hold_edge: Remove PD → Resource relationship)', 'Transition(add_request_edge: Create PD → PD authority relationship)', 'Transition(remove_request_edge: Remove PD → PD authority relationship)', 'Transition(add_subset_edge: Create Resource → ResourceSpace relationship)', 'Transition(remove_subset_edge: Remove Resource → ResourceSpace relationship)']
   Starting Graph: 6 nodes, 5 edges

=== Graph Details ===
Node: PD_1 -> {'type': 'PD', 'data': 'client_1', 'extra': ''}
Node: PD_2 -> {'type': 'PD', 'data': 'client_2', 'extra': ''}
Node: PD_3 -> {'type': 'PD', 'data': 'mediator_1', 'extra': ''}
Node: PD_4 -> {'type': 'PD', 'data': 'mediator_2', 'extra': ''}
Node: FILE_SPACE_1 -> {'type': 'RESOURCE_SPACE', 'data': 'FILE', 'extra': ''}
Node: FILE_1_1 -> {'type': 'RESOURCE', 'data': 'FILE', 'extra': '{"path": "/shared/config.dat", "file_type": "CONFIG", "size_bytes": "4096", "permissions": "rw-"}'}

=== Ready for IsoSearch! ===

=== Exploring Reduce Isolation ===
🔍 Using beam search (width=3)
🔍 Starting beam search exploration (beam_width=3)
   Goals: 1, Constraints: 5, Transitions: 12

📊 Initial graph:
        # Graph structure:
        # PD_1 --REQUEST--> PD_3
        # PD_2 --REQUEST--> PD_4
        # PD_3 --HOLD--> FILE_1_1 -> FILE_SPACE_1
        # PD_4 --HOLD--> FILE_1_1 -> FILE_SPACE_1
        #
        # FILE_1_1 shared by: PD_3, PD_4


============================================================
🔍 Beam Search Iteration 1/8
📊 Current beam size: 1
  Beam[0]: BeamState(iter=0, score=0.000, path=)

🌟 Expanding Beam[0] (score: 0.000)
  ⚠️  Constraints violated: PD_1 lacks access to any files; PD_2 lacks access to any files
  Computing metrics...
    RSI: {'PD_1,PD_2': 0.0, 'PD_1,PD_3': 0.0, 'PD_1,PD_4': 0.0, 'PD_2,PD_3': 0.0, 'PD_2,PD_4': 0.0, 'PD_3,PD_4': 1.0}, ASR: 1.0, TCB: {'PD_1': ['PD_3'], 'PD_2': ['PD_4'], 'PD_3': ['PD_4'], 'PD_4': ['PD_3']}, FR: {'PD_1,PD_2': inf, 'PD_1,PD_3': inf, 'PD_1,PD_4': inf, 'PD_2,PD_3': inf, 'PD_2,PD_4': inf, 'PD_3,PD_4': inf}
  Computing metrics...
    RSI: {'PD_1,PD_2': 0.0, 'PD_1,PD_3': 0.0, 'PD_1,PD_4': 0.0, 'PD_1,PD_5': 0.0, 'PD_2,PD_3': 0.0, 'PD_2,PD_4': 0.0, 'PD_2,PD_5': 0.0, 'PD_3,PD_4': 1.0, 'PD_3,PD_5': 0.0, 'PD_4,PD_5': 0.0}, ASR: 0.8, TCB: {'PD_1': ['PD_3'], 'PD_2': ['PD_4'], 'PD_3': ['PD_4'], 'PD_4': ['PD_3'], 'PD_5': []}, FR: {'PD_1,PD_2': inf, 'PD_1,PD_3': inf, 'PD_1,PD_4': inf, 'PD_1,PD_5': inf, 'PD_2,PD_3': inf, 'PD_2,PD_4': inf, 'PD_2,PD_5': inf, 'PD_3,PD_4': inf, 'PD_3,PD_5': inf, 'PD_4,PD_5': inf}
  Computing metrics...
    RSI: {'PD_1,PD_2': 0.0, 'PD_1,PD_3': 0.0, 'PD_1,PD_4': 0.0, 'PD_2,PD_3': 0.0, 'PD_2,PD_4': 0.0, 'PD_3,PD_4': 1.0}, ASR: 1.0, TCB: {'PD_1': ['PD_3'], 'PD_2': ['PD_4'], 'PD_3': ['PD_4'], 'PD_4': ['PD_3']}, FR: {'PD_1,PD_2': inf, 'PD_1,PD_3': inf, 'PD_1,PD_4': inf, 'PD_2,PD_3': inf, 'PD_2,PD_4': inf, 'PD_3,PD_4': inf}
  Computing metrics...
    RSI: {'PD_1,PD_2': 0.0, 'PD_1,PD_3': 0.0, 'PD_1,PD_4': 0.0, 'PD_2,PD_3': 0.0, 'PD_2,PD_4': 0.0, 'PD_3,PD_4': 1.0}, ASR: 1.0, TCB: {'PD_1': ['PD_3'], 'PD_2': ['PD_4'], 'PD_3': ['PD_4'], 'PD_4': ['PD_3']}, FR: {'PD_1,PD_2': inf, 'PD_1,PD_3': inf, 'PD_1,PD_4': inf, 'PD_2,PD_3': inf, 'PD_2,PD_4': inf, 'PD_3,PD_4': inf}
  Computing metrics...
    RSI: {'PD_1,PD_2': 0.0, 'PD_1,PD_3': 0.0, 'PD_1,PD_4': 0.0, 'PD_2,PD_3': 0.0, 'PD_2,PD_4': 0.0, 'PD_3,PD_4': 1.0}, ASR: 1.0, TCB: {'PD_1': ['PD_3'], 'PD_2': ['PD_4'], 'PD_3': ['PD_4'], 'PD_4': ['PD_3']}, FR: {'PD_1,PD_2': inf, 'PD_1,PD_3': inf, 'PD_1,PD_4': inf, 'PD_2,PD_3': inf, 'PD_2,PD_4': inf, 'PD_3,PD_4': inf}
  Computing metrics...
    RSI: {'PD_1,PD_2': 0.0, 'PD_1,PD_3': 0.0, 'PD_1,PD_4': 0.0, 'PD_2,PD_3': 0.0, 'PD_2,PD_4': 0.0, 'PD_3,PD_4': 1.0}, ASR: 1.0, TCB: {'PD_1': ['PD_3'], 'PD_2': ['PD_4'], 'PD_3': ['PD_4'], 'PD_4': ['PD_3']}, FR: {'PD_1,PD_2': inf, 'PD_1,PD_3': inf, 'PD_1,PD_4': inf, 'PD_2,PD_3': inf, 'PD_2,PD_4': inf, 'PD_3,PD_4': inf}
  Computing metrics...
    RSI: {'PD_1,PD_2': 0.0, 'PD_1,PD_3': 0.0, 'PD_1,PD_4': 0.0, 'PD_2,PD_3': 0.0, 'PD_2,PD_4': 0.0, 'PD_3,PD_4': 1.0}, ASR: 1.0, TCB: {'PD_1': ['PD_3'], 'PD_2': ['PD_4'], 'PD_3': ['PD_4'], 'PD_4': ['PD_3']}, FR: {'PD_1,PD_2': inf, 'PD_1,PD_3': inf, 'PD_1,PD_4': inf, 'PD_2,PD_3': inf, 'PD_2,PD_4': inf, 'PD_3,PD_4': inf}
  Computing metrics...
    RSI: {'PD_1,PD_2': 0.0, 'PD_1,PD_3': 0.0, 'PD_1,PD_4': 0.0, 'PD_2,PD_3': 0.0, 'PD_2,PD_4': 0.0, 'PD_3,PD_4': 1.0}, ASR: 1.0, TCB: {'PD_1': ['PD_3'], 'PD_2': ['PD_4'], 'PD_3': ['PD_4'], 'PD_4': ['PD_3']}, FR: {'PD_1,PD_2': inf, 'PD_1,PD_3': inf, 'PD_1,PD_4': inf, 'PD_2,PD_3': inf, 'PD_2,PD_4': inf, 'PD_3,PD_4': inf}
  Computing metrics...
    RSI: {'PD_1,PD_2': 0.0, 'PD_1,PD_3': 0.0, 'PD_1,PD_4': 0.0, 'PD_2,PD_3': 0.0, 'PD_2,PD_4': 0.0, 'PD_3,PD_4': 1.0}, ASR: 1.0, TCB: {'PD_1': ['PD_3'], 'PD_2': ['PD_4'], 'PD_3': ['PD_4'], 'PD_4': ['PD_3']}, FR: {'PD_1,PD_2': inf, 'PD_1,PD_3': inf, 'PD_1,PD_4': inf, 'PD_2,PD_3': inf, 'PD_2,PD_4': inf, 'PD_3,PD_4': inf}
  Computing metrics...
    RSI: {'PD_1,PD_2': 0.0, 'PD_1,PD_3': 0.0, 'PD_1,PD_4': 0.0, 'PD_2,PD_3': 0.0, 'PD_2,PD_4': 0.0, 'PD_3,PD_4': 1.0}, ASR: 1.0, TCB: {'PD_1': ['PD_3'], 'PD_2': ['PD_4'], 'PD_3': ['PD_4'], 'PD_4': ['PD_3']}, FR: {'PD_1,PD_2': inf, 'PD_1,PD_3': inf, 'PD_1,PD_4': inf, 'PD_2,PD_3': inf, 'PD_2,PD_4': inf, 'PD_3,PD_4': inf}
  Computing metrics...
    RSI: {'PD_1,PD_2': 0.0, 'PD_1,PD_3': 0.0, 'PD_1,PD_4': 0.0, 'PD_2,PD_3': 0.0, 'PD_2,PD_4': 0.0, 'PD_3,PD_4': 1.0}, ASR: 1.0, TCB: {'PD_1': ['PD_3'], 'PD_2': ['PD_4'], 'PD_3': ['PD_4'], 'PD_4': ['PD_3']}, FR: {'PD_1,PD_2': inf, 'PD_1,PD_3': inf, 'PD_1,PD_4': inf, 'PD_2,PD_3': inf, 'PD_2,PD_4': inf, 'PD_3,PD_4': inf}
  Computing metrics...
    RSI: {'PD_1,PD_2': 0.0, 'PD_1,PD_3': 0.0, 'PD_1,PD_4': 0.0, 'PD_2,PD_3': 0.0, 'PD_2,PD_4': 0.0, 'PD_3,PD_4': 1.0}, ASR: 1.0, TCB: {'PD_1': ['PD_3'], 'PD_2': ['PD_4'], 'PD_3': ['PD_4'], 'PD_4': ['PD_3']}, FR: {'PD_1,PD_2': inf, 'PD_1,PD_3': inf, 'PD_1,PD_4': inf, 'PD_2,PD_3': inf, 'PD_2,PD_4': inf, 'PD_3,PD_4': inf}
  Computing metrics...
    RSI: {'PD_1,PD_2': 0.0, 'PD_1,PD_3': 0.0, 'PD_1,PD_4': 0.0, 'PD_2,PD_3': 0.0, 'PD_2,PD_4': 0.0, 'PD_3,PD_4': 1.0}, ASR: 1.0, TCB: {'PD_1': ['PD_3'], 'PD_2': ['PD_4'], 'PD_3': ['PD_4'], 'PD_4': ['PD_3']}, FR: {'PD_1,PD_2': inf, 'PD_1,PD_3': inf, 'PD_1,PD_4': inf, 'PD_2,PD_3': inf, 'PD_2,PD_4': inf, 'PD_3,PD_4': inf}
  Computing metrics...
    RSI: {'PD_1,PD_2': 0.0, 'PD_1,PD_3': 0.0, 'PD_1,PD_4': 0.0, 'PD_2,PD_3': 0.0, 'PD_2,PD_4': 0.0, 'PD_3,PD_4': 1.0}, ASR: 1.0, TCB: {'PD_1': ['PD_3'], 'PD_2': ['PD_4'], 'PD_3': ['PD_4'], 'PD_4': ['PD_3']}, FR: {'PD_1,PD_2': inf, 'PD_1,PD_3': inf, 'PD_1,PD_4': inf, 'PD_2,PD_3': inf, 'PD_2,PD_4': inf, 'PD_3,PD_4': inf}
  Computing metrics...
    RSI: {'PD_1,PD_2': 0.0, 'PD_1,PD_3': 0.0, 'PD_1,PD_4': 0.0, 'PD_2,PD_3': 0.0, 'PD_2,PD_4': 0.0, 'PD_3,PD_4': 1.0}, ASR: 1.0, TCB: {'PD_1': ['PD_3'], 'PD_2': ['PD_4'], 'PD_3': ['PD_4'], 'PD_4': ['PD_3']}, FR: {'PD_1,PD_2': inf, 'PD_1,PD_3': inf, 'PD_1,PD_4': inf, 'PD_2,PD_3': inf, 'PD_2,PD_4': inf, 'PD_3,PD_4': inf}
  Computing metrics...
    RSI: {'PD_1,PD_2': 0.0, 'PD_1,PD_3': 0.0, 'PD_1,PD_4': 0.0, 'PD_2,PD_3': 0.0, 'PD_2,PD_4': 0.0, 'PD_3,PD_4': 1.0}, ASR: 1.0, TCB: {'PD_1': ['PD_3'], 'PD_2': ['PD_4'], 'PD_3': ['PD_4'], 'PD_4': ['PD_3']}, FR: {'PD_1,PD_2': inf, 'PD_1,PD_3': inf, 'PD_1,PD_4': inf, 'PD_2,PD_3': inf, 'PD_2,PD_4': inf, 'PD_3,PD_4': inf}
  Computing metrics...
    RSI: {'PD_1,PD_2': 0.0, 'PD_1,PD_3': 0.0, 'PD_1,PD_4': 0.0, 'PD_2,PD_3': 0.0, 'PD_2,PD_4': 0.0, 'PD_3,PD_4': 1.0}, ASR: 1.0, TCB: {'PD_1': ['PD_3'], 'PD_2': ['PD_4'], 'PD_3': ['PD_4'], 'PD_4': ['PD_3']}, FR: {'PD_1,PD_2': inf, 'PD_1,PD_3': inf, 'PD_1,PD_4': inf, 'PD_2,PD_3': inf, 'PD_2,PD_4': inf, 'PD_3,PD_4': inf}
  Computing metrics...
    RSI: {'PD_1,PD_2': 0.0, 'PD_1,PD_3': 1.0, 'PD_1,PD_4': 1.0, 'PD_2,PD_3': 0.0, 'PD_2,PD_4': 0.0, 'PD_3,PD_4': 1.0}, ASR: 1.25, TCB: {'PD_1': ['PD_3', 'PD_4'], 'PD_2': ['PD_4'], 'PD_3': ['PD_1', 'PD_4'], 'PD_4': ['PD_1', 'PD_3']}, FR: {'PD_1,PD_2': inf, 'PD_1,PD_3': inf, 'PD_1,PD_4': inf, 'PD_2,PD_3': inf, 'PD_2,PD_4': inf, 'PD_3,PD_4': inf}
  Computing metrics...
    RSI: {'PD_1,PD_2': 0.0, 'PD_1,PD_3': 0.0, 'PD_1,PD_4': 0.0, 'PD_2,PD_3': 0.0, 'PD_2,PD_4': 0.0, 'PD_3,PD_4': 1.0}, ASR: 1.0, TCB: {'PD_1': ['PD_3'], 'PD_2': ['PD_4'], 'PD_3': ['PD_4'], 'PD_4': ['PD_3']}, FR: {'PD_1,PD_2': inf, 'PD_1,PD_3': inf, 'PD_1,PD_4': inf, 'PD_2,PD_3': inf, 'PD_2,PD_4': inf, 'PD_3,PD_4': inf}
  Computing metrics...
    RSI: {'PD_1,PD_2': 0.0, 'PD_1,PD_3': 0.0, 'PD_1,PD_4': 0.0, 'PD_2,PD_3': 1.0, 'PD_2,PD_4': 1.0, 'PD_3,PD_4': 1.0}, ASR: 1.25, TCB: {'PD_1': ['PD_3'], 'PD_2': ['PD_4', 'PD_3'], 'PD_3': ['PD_2', 'PD_4'], 'PD_4': ['PD_2', 'PD_3']}, FR: {'PD_1,PD_2': inf, 'PD_1,PD_3': inf, 'PD_1,PD_4': inf, 'PD_2,PD_3': inf, 'PD_2,PD_4': inf, 'PD_3,PD_4': inf}
  Computing metrics...
    RSI: {'PD_1,PD_2': 0.0, 'PD_1,PD_3': 0.0, 'PD_1,PD_4': 0.0, 'PD_2,PD_3': 0.0, 'PD_2,PD_4': 0.0, 'PD_3,PD_4': 1.0}, ASR: 1.0, TCB: {'PD_1': ['PD_3'], 'PD_2': ['PD_4'], 'PD_3': ['PD_4'], 'PD_4': ['PD_3']}, FR: {'PD_1,PD_2': inf, 'PD_1,PD_3': inf, 'PD_1,PD_4': inf, 'PD_2,PD_3': inf, 'PD_2,PD_4': inf, 'PD_3,PD_4': inf}
  Computing metrics...
    RSI: {'PD_1,PD_2': 0.0, 'PD_1,PD_3': 0.0, 'PD_1,PD_4': 0.0, 'PD_2,PD_3': 0.0, 'PD_2,PD_4': 0.0, 'PD_3,PD_4': 1.0}, ASR: 1.0, TCB: {'PD_1': ['PD_3'], 'PD_2': ['PD_4'], 'PD_3': ['PD_4'], 'PD_4': ['PD_3']}, FR: {'PD_1,PD_2': inf, 'PD_1,PD_3': inf, 'PD_1,PD_4': inf, 'PD_2,PD_3': inf, 'PD_2,PD_4': inf, 'PD_3,PD_4': inf}
    remove_hold_edge candidate: remove PD_3 -> FILE_1_1 HOLD edge -> score: 0.100
  Computing metrics...
    RSI: {'PD_1,PD_2': 0.0, 'PD_1,PD_3': 0.0, 'PD_1,PD_4': 0.0, 'PD_2,PD_3': 0.0, 'PD_2,PD_4': 0.0, 'PD_3,PD_4': 1.0}, ASR: 1.0, TCB: {'PD_1': ['PD_3'], 'PD_2': ['PD_4'], 'PD_3': ['PD_4'], 'PD_4': ['PD_3']}, FR: {'PD_1,PD_2': inf, 'PD_1,PD_3': inf, 'PD_1,PD_4': inf, 'PD_2,PD_3': inf, 'PD_2,PD_4': inf, 'PD_3,PD_4': inf}
  Computing metrics...
    RSI: {'PD_1,PD_2': 0.0, 'PD_1,PD_3': 0.0, 'PD_1,PD_4': 0.0, 'PD_2,PD_3': 0.0, 'PD_2,PD_4': 0.0, 'PD_3,PD_4': 1.0}, ASR: 1.0, TCB: {'PD_1': ['PD_3'], 'PD_2': ['PD_4'], 'PD_3': ['PD_4'], 'PD_4': ['PD_3']}, FR: {'PD_1,PD_2': inf, 'PD_1,PD_3': inf, 'PD_1,PD_4': inf, 'PD_2,PD_3': inf, 'PD_2,PD_4': inf, 'PD_3,PD_4': inf}
    remove_hold_edge candidate: remove PD_4 -> FILE_1_1 HOLD edge -> score: 0.100
  Computing metrics...
    RSI: {'PD_1,PD_2': 0.0, 'PD_1,PD_3': 0.0, 'PD_1,PD_4': 0.0, 'PD_2,PD_3': 0.0, 'PD_2,PD_4': 0.0, 'PD_3,PD_4': 1.0}, ASR: 1.0, TCB: {'PD_1': ['PD_3'], 'PD_2': ['PD_4'], 'PD_3': ['PD_4'], 'PD_4': ['PD_3']}, FR: {'PD_1,PD_2': inf, 'PD_1,PD_3': inf, 'PD_1,PD_4': inf, 'PD_2,PD_3': inf, 'PD_2,PD_4': inf, 'PD_3,PD_4': inf}
  Computing metrics...
    RSI: {'PD_1,PD_2': 0.0, 'PD_1,PD_3': 0.0, 'PD_1,PD_4': 0.0, 'PD_2,PD_3': 0.0, 'PD_2,PD_4': 0.0, 'PD_3,PD_4': 1.0}, ASR: 1.25, TCB: {'PD_1': ['PD_3', 'PD_2'], 'PD_2': ['PD_4'], 'PD_3': ['PD_4'], 'PD_4': ['PD_3']}, FR: {'PD_1,PD_2': 3, 'PD_1,PD_3': inf, 'PD_1,PD_4': inf, 'PD_2,PD_3': inf, 'PD_2,PD_4': inf, 'PD_3,PD_4': inf}
  Computing metrics...
    RSI: {'PD_1,PD_2': 0.0, 'PD_1,PD_3': 0.0, 'PD_1,PD_4': 0.0, 'PD_2,PD_3': 0.0, 'PD_2,PD_4': 0.0, 'PD_3,PD_4': 1.0}, ASR: 1.0, TCB: {'PD_1': ['PD_3'], 'PD_2': ['PD_4'], 'PD_3': ['PD_4'], 'PD_4': ['PD_3']}, FR: {'PD_1,PD_2': inf, 'PD_1,PD_3': inf, 'PD_1,PD_4': inf, 'PD_2,PD_3': inf, 'PD_2,PD_4': inf, 'PD_3,PD_4': inf}
  Computing metrics...
    RSI: {'PD_1,PD_2': 0.0, 'PD_1,PD_3': 0.0, 'PD_1,PD_4': 0.0, 'PD_2,PD_3': 0.0, 'PD_2,PD_4': 0.0, 'PD_3,PD_4': 1.0}, ASR: 1.25, TCB: {'PD_1': ['PD_3', 'PD_4'], 'PD_2': ['PD_4'], 'PD_3': ['PD_4'], 'PD_4': ['PD_3']}, FR: {'PD_1,PD_2': 2, 'PD_1,PD_3': inf, 'PD_1,PD_4': inf, 'PD_2,PD_3': inf, 'PD_2,PD_4': inf, 'PD_3,PD_4': inf}
  Computing metrics...
    RSI: {'PD_1,PD_2': 0.0, 'PD_1,PD_3': 0.0, 'PD_1,PD_4': 0.0, 'PD_2,PD_3': 0.0, 'PD_2,PD_4': 0.0, 'PD_3,PD_4': 1.0}, ASR: 1.0, TCB: {'PD_1': ['PD_3'], 'PD_2': ['PD_4'], 'PD_3': ['PD_4'], 'PD_4': ['PD_3']}, FR: {'PD_1,PD_2': inf, 'PD_1,PD_3': inf, 'PD_1,PD_4': inf, 'PD_2,PD_3': inf, 'PD_2,PD_4': inf, 'PD_3,PD_4': inf}
  Computing metrics...
    RSI: {'PD_1,PD_2': 0.0, 'PD_1,PD_3': 0.0, 'PD_1,PD_4': 0.0, 'PD_2,PD_3': 0.0, 'PD_2,PD_4': 0.0, 'PD_3,PD_4': 1.0}, ASR: 1.25, TCB: {'PD_1': ['PD_3'], 'PD_2': ['PD_4', 'PD_1'], 'PD_3': ['PD_4'], 'PD_4': ['PD_3']}, FR: {'PD_1,PD_2': 3, 'PD_1,PD_3': inf, 'PD_1,PD_4': inf, 'PD_2,PD_3': inf, 'PD_2,PD_4': inf, 'PD_3,PD_4': inf}
  Computing metrics...
    RSI: {'PD_1,PD_2': 0.0, 'PD_1,PD_3': 0.0, 'PD_1,PD_4': 0.0, 'PD_2,PD_3': 0.0, 'PD_2,PD_4': 0.0, 'PD_3,PD_4': 1.0}, ASR: 1.0, TCB: {'PD_1': ['PD_3'], 'PD_2': ['PD_4'], 'PD_3': ['PD_4'], 'PD_4': ['PD_3']}, FR: {'PD_1,PD_2': inf, 'PD_1,PD_3': inf, 'PD_1,PD_4': inf, 'PD_2,PD_3': inf, 'PD_2,PD_4': inf, 'PD_3,PD_4': inf}
  Computing metrics...
    RSI: {'PD_1,PD_2': 0.0, 'PD_1,PD_3': 0.0, 'PD_1,PD_4': 0.0, 'PD_2,PD_3': 0.0, 'PD_2,PD_4': 0.0, 'PD_3,PD_4': 1.0}, ASR: 1.25, TCB: {'PD_1': ['PD_3'], 'PD_2': ['PD_4', 'PD_3'], 'PD_3': ['PD_4'], 'PD_4': ['PD_3']}, FR: {'PD_1,PD_2': 2, 'PD_1,PD_3': inf, 'PD_1,PD_4': inf, 'PD_2,PD_3': inf, 'PD_2,PD_4': inf, 'PD_3,PD_4': inf}
  Computing metrics...
    RSI: {'PD_1,PD_2': 0.0, 'PD_1,PD_3': 0.0, 'PD_1,PD_4': 0.0, 'PD_2,PD_3': 0.0, 'PD_2,PD_4': 0.0, 'PD_3,PD_4': 1.0}, ASR: 1.0, TCB: {'PD_1': ['PD_3'], 'PD_2': ['PD_4'], 'PD_3': ['PD_4'], 'PD_4': ['PD_3']}, FR: {'PD_1,PD_2': inf, 'PD_1,PD_3': inf, 'PD_1,PD_4': inf, 'PD_2,PD_3': inf, 'PD_2,PD_4': inf, 'PD_3,PD_4': inf}
  Computing metrics...
    RSI: {'PD_1,PD_2': 0.0, 'PD_1,PD_3': 0.0, 'PD_1,PD_4': 0.0, 'PD_2,PD_3': 0.0, 'PD_2,PD_4': 0.0, 'PD_3,PD_4': 1.0}, ASR: 1.25, TCB: {'PD_1': ['PD_3'], 'PD_2': ['PD_4'], 'PD_3': ['PD_1', 'PD_4'], 'PD_4': ['PD_3']}, FR: {'PD_1,PD_2': inf, 'PD_1,PD_3': inf, 'PD_1,PD_4': inf, 'PD_2,PD_3': inf, 'PD_2,PD_4': inf, 'PD_3,PD_4': inf}
  Computing metrics...
    RSI: {'PD_1,PD_2': 0.0, 'PD_1,PD_3': 0.0, 'PD_1,PD_4': 0.0, 'PD_2,PD_3': 0.0, 'PD_2,PD_4': 0.0, 'PD_3,PD_4': 1.0}, ASR: 1.0, TCB: {'PD_1': ['PD_3'], 'PD_2': ['PD_4'], 'PD_3': ['PD_4'], 'PD_4': ['PD_3']}, FR: {'PD_1,PD_2': inf, 'PD_1,PD_3': inf, 'PD_1,PD_4': inf, 'PD_2,PD_3': inf, 'PD_2,PD_4': inf, 'PD_3,PD_4': inf}
  Computing metrics...
    RSI: {'PD_1,PD_2': 0.0, 'PD_1,PD_3': 0.0, 'PD_1,PD_4': 0.0, 'PD_2,PD_3': 0.0, 'PD_2,PD_4': 0.0, 'PD_3,PD_4': 1.0}, ASR: 1.25, TCB: {'PD_1': ['PD_3'], 'PD_2': ['PD_4'], 'PD_3': ['PD_2', 'PD_4'], 'PD_4': ['PD_3']}, FR: {'PD_1,PD_2': 4, 'PD_1,PD_3': 3, 'PD_1,PD_4': inf, 'PD_2,PD_3': 3, 'PD_2,PD_4': inf, 'PD_3,PD_4': inf}
  Computing metrics...
    RSI: {'PD_1,PD_2': 0.0, 'PD_1,PD_3': 0.0, 'PD_1,PD_4': 0.0, 'PD_2,PD_3': 0.0, 'PD_2,PD_4': 0.0, 'PD_3,PD_4': 1.0}, ASR: 1.0, TCB: {'PD_1': ['PD_3'], 'PD_2': ['PD_4'], 'PD_3': ['PD_4'], 'PD_4': ['PD_3']}, FR: {'PD_1,PD_2': inf, 'PD_1,PD_3': inf, 'PD_1,PD_4': inf, 'PD_2,PD_3': inf, 'PD_2,PD_4': inf, 'PD_3,PD_4': inf}
  Computing metrics...
    RSI: {'PD_1,PD_2': 0.0, 'PD_1,PD_3': 0.0, 'PD_1,PD_4': 0.0, 'PD_2,PD_3': 0.0, 'PD_2,PD_4': 0.0, 'PD_3,PD_4': 1.0}, ASR: 1.25, TCB: {'PD_1': ['PD_3'], 'PD_2': ['PD_4'], 'PD_3': ['PD_4'], 'PD_4': ['PD_3']}, FR: {'PD_1,PD_2': 3, 'PD_1,PD_3': 3, 'PD_1,PD_4': inf, 'PD_2,PD_3': 2, 'PD_2,PD_4': inf, 'PD_3,PD_4': inf}
  Computing metrics...
    RSI: {'PD_1,PD_2': 0.0, 'PD_1,PD_3': 0.0, 'PD_1,PD_4': 0.0, 'PD_2,PD_3': 0.0, 'PD_2,PD_4': 0.0, 'PD_3,PD_4': 1.0}, ASR: 1.0, TCB: {'PD_1': ['PD_3'], 'PD_2': ['PD_4'], 'PD_3': ['PD_4'], 'PD_4': ['PD_3']}, FR: {'PD_1,PD_2': inf, 'PD_1,PD_3': inf, 'PD_1,PD_4': inf, 'PD_2,PD_3': inf, 'PD_2,PD_4': inf, 'PD_3,PD_4': inf}
  Computing metrics...
    RSI: {'PD_1,PD_2': 0.0, 'PD_1,PD_3': 0.0, 'PD_1,PD_4': 0.0, 'PD_2,PD_3': 0.0, 'PD_2,PD_4': 0.0, 'PD_3,PD_4': 1.0}, ASR: 1.25, TCB: {'PD_1': ['PD_3'], 'PD_2': ['PD_4'], 'PD_3': ['PD_4'], 'PD_4': ['PD_1', 'PD_3']}, FR: {'PD_1,PD_2': 4, 'PD_1,PD_3': inf, 'PD_1,PD_4': 3, 'PD_2,PD_3': inf, 'PD_2,PD_4': 3, 'PD_3,PD_4': inf}
  Computing metrics...
    RSI: {'PD_1,PD_2': 0.0, 'PD_1,PD_3': 0.0, 'PD_1,PD_4': 0.0, 'PD_2,PD_3': 0.0, 'PD_2,PD_4': 0.0, 'PD_3,PD_4': 1.0}, ASR: 1.0, TCB: {'PD_1': ['PD_3'], 'PD_2': ['PD_4'], 'PD_3': ['PD_4'], 'PD_4': ['PD_3']}, FR: {'PD_1,PD_2': inf, 'PD_1,PD_3': inf, 'PD_1,PD_4': inf, 'PD_2,PD_3': inf, 'PD_2,PD_4': inf, 'PD_3,PD_4': inf}
  Computing metrics...
    RSI: {'PD_1,PD_2': 0.0, 'PD_1,PD_3': 0.0, 'PD_1,PD_4': 0.0, 'PD_2,PD_3': 0.0, 'PD_2,PD_4': 0.0, 'PD_3,PD_4': 1.0}, ASR: 1.25, TCB: {'PD_1': ['PD_3'], 'PD_2': ['PD_4'], 'PD_3': ['PD_4'], 'PD_4': ['PD_2', 'PD_3']}, FR: {'PD_1,PD_2': inf, 'PD_1,PD_3': inf, 'PD_1,PD_4': inf, 'PD_2,PD_3': inf, 'PD_2,PD_4': inf, 'PD_3,PD_4': inf}
  Computing metrics...
    RSI: {'PD_1,PD_2': 0.0, 'PD_1,PD_3': 0.0, 'PD_1,PD_4': 0.0, 'PD_2,PD_3': 0.0, 'PD_2,PD_4': 0.0, 'PD_3,PD_4': 1.0}, ASR: 1.0, TCB: {'PD_1': ['PD_3'], 'PD_2': ['PD_4'], 'PD_3': ['PD_4'], 'PD_4': ['PD_3']}, FR: {'PD_1,PD_2': inf, 'PD_1,PD_3': inf, 'PD_1,PD_4': inf, 'PD_2,PD_3': inf, 'PD_2,PD_4': inf, 'PD_3,PD_4': inf}
  Computing metrics...
    RSI: {'PD_1,PD_2': 0.0, 'PD_1,PD_3': 0.0, 'PD_1,PD_4': 0.0, 'PD_2,PD_3': 0.0, 'PD_2,PD_4': 0.0, 'PD_3,PD_4': 1.0}, ASR: 1.25, TCB: {'PD_1': ['PD_3'], 'PD_2': ['PD_4'], 'PD_3': ['PD_4'], 'PD_4': ['PD_3']}, FR: {'PD_1,PD_2': 3, 'PD_1,PD_3': inf, 'PD_1,PD_4': 2, 'PD_2,PD_3': inf, 'PD_2,PD_4': 3, 'PD_3,PD_4': inf}
  Computing metrics...
    RSI: {'PD_1,PD_2': 0.0, 'PD_1,PD_3': 0.0, 'PD_1,PD_4': 0.0, 'PD_2,PD_3': 0.0, 'PD_2,PD_4': 0.0, 'PD_3,PD_4': 1.0}, ASR: 1.0, TCB: {'PD_1': ['PD_3'], 'PD_2': ['PD_4'], 'PD_3': ['PD_4'], 'PD_4': ['PD_3']}, FR: {'PD_1,PD_2': inf, 'PD_1,PD_3': inf, 'PD_1,PD_4': inf, 'PD_2,PD_3': inf, 'PD_2,PD_4': inf, 'PD_3,PD_4': inf}
  Computing metrics...
    RSI: {'PD_1,PD_2': 0.0, 'PD_1,PD_3': 0.0, 'PD_1,PD_4': 0.0, 'PD_2,PD_3': 0.0, 'PD_2,PD_4': 0.0, 'PD_3,PD_4': 1.0}, ASR: 1.0, TCB: {'PD_1': ['PD_3'], 'PD_2': ['PD_4'], 'PD_3': ['PD_4'], 'PD_4': ['PD_3']}, FR: {'PD_1,PD_2': inf, 'PD_1,PD_3': inf, 'PD_1,PD_4': inf, 'PD_2,PD_3': inf, 'PD_2,PD_4': inf, 'PD_3,PD_4': inf}
  Computing metrics...
    RSI: {'PD_1,PD_2': 0.0, 'PD_1,PD_3': 0.0, 'PD_1,PD_4': 0.0, 'PD_2,PD_3': 0.0, 'PD_2,PD_4': 0.0, 'PD_3,PD_4': 1.0}, ASR: 1.0, TCB: {'PD_1': ['PD_3'], 'PD_2': ['PD_4'], 'PD_3': ['PD_4'], 'PD_4': ['PD_3']}, FR: {'PD_1,PD_2': inf, 'PD_1,PD_3': inf, 'PD_1,PD_4': inf, 'PD_2,PD_3': inf, 'PD_2,PD_4': inf, 'PD_3,PD_4': inf}
  Computing metrics...
    RSI: {'PD_1,PD_2': 0.0, 'PD_1,PD_3': 0.0, 'PD_1,PD_4': 0.0, 'PD_2,PD_3': 0.0, 'PD_2,PD_4': 0.0, 'PD_3,PD_4': 1.0}, ASR: 1.0, TCB: {'PD_1': ['PD_3'], 'PD_2': ['PD_4'], 'PD_3': ['PD_4'], 'PD_4': ['PD_3']}, FR: {'PD_1,PD_2': inf, 'PD_1,PD_3': inf, 'PD_1,PD_4': inf, 'PD_2,PD_3': inf, 'PD_2,PD_4': inf, 'PD_3,PD_4': inf}
  Computing metrics...
    RSI: {'PD_1,PD_2': 0.0, 'PD_1,PD_3': 0.0, 'PD_1,PD_4': 0.0, 'PD_2,PD_3': 0.0, 'PD_2,PD_4': 0.0, 'PD_3,PD_4': 1.0}, ASR: 1.0, TCB: {'PD_1': ['PD_3'], 'PD_2': ['PD_4'], 'PD_3': ['PD_4'], 'PD_4': ['PD_3']}, FR: {'PD_1,PD_2': inf, 'PD_1,PD_3': inf, 'PD_1,PD_4': inf, 'PD_2,PD_3': inf, 'PD_2,PD_4': inf, 'PD_3,PD_4': inf}
  Computing metrics...
    RSI: {'PD_1,PD_2': 0.0, 'PD_1,PD_3': 0.0, 'PD_1,PD_4': 0.0, 'PD_2,PD_3': 0.0, 'PD_2,PD_4': 0.0, 'PD_3,PD_4': 1.0}, ASR: 1.0, TCB: {'PD_1': ['PD_3'], 'PD_2': ['PD_4'], 'PD_3': ['PD_4'], 'PD_4': ['PD_3']}, FR: {'PD_1,PD_2': inf, 'PD_1,PD_3': inf, 'PD_1,PD_4': inf, 'PD_2,PD_3': inf, 'PD_2,PD_4': inf, 'PD_3,PD_4': inf}
  🎲 Exploration: selecting candidate #2 instead of best
  Trying best transition: primitive
    Target: remove empty PD_1
    Predicted improvement: 0.100
    Considered 24 other option(s):
      1. primitive: remove empty PD_1 (improvement: 0.100)
      2. primitive: remove empty PD_2 (improvement: 0.100)
      3. primitive: create new CONFIG file in FILE_SPACE_1 (improvement: 0.100)
      4. primitive: create new DATABASE file in FILE_SPACE_1 (improvement: 0.100)
      5. primitive: create new TEMP file in FILE_SPACE_1 (improvement: 0.100)
      6. primitive: create new LOG file in FILE_SPACE_1 (improvement: 0.100)
      7. primitive: remove FILE_1_1 (holders: 2) (improvement: 0.100)
      8. primitive: connect PD_1 to FILE_1_1 (improvement: 0.100)
      9. primitive: connect PD_2 to FILE_1_1 (improvement: 0.100)
      10. primitive: remove PD_3 -> FILE_1_1 HOLD edge (improvement: 0.100)
      ... and 14 more
    ✅ Applied remove_pd
  📋 Generated 25 candidate(s)
  Computing metrics...
    RSI: {'PD_1,PD_2': 0.0, 'PD_1,PD_3': 0.0, 'PD_1,PD_4': 0.0, 'PD_1,PD_5': 0.0, 'PD_2,PD_3': 0.0, 'PD_2,PD_4': 0.0, 'PD_2,PD_5': 0.0, 'PD_3,PD_4': 1.0, 'PD_3,PD_5': 0.0, 'PD_4,PD_5': 0.0}, ASR: 0.8, TCB: {'PD_1': ['PD_3'], 'PD_2': ['PD_4'], 'PD_3': ['PD_4'], 'PD_4': ['PD_3'], 'PD_5': []}, FR: {'PD_1,PD_2': inf, 'PD_1,PD_3': inf, 'PD_1,PD_4': inf, 'PD_1,PD_5': inf, 'PD_2,PD_3': inf, 'PD_2,PD_4': inf, 'PD_2,PD_5': inf, 'PD_3,PD_4': inf, 'PD_3,PD_5': inf, 'PD_4,PD_5': inf}
    ✅ Added candidate: add_pd (score: 0.100)
  Computing metrics...
    RSI: {'PD_2,PD_3': 0.0, 'PD_2,PD_4': 0.0, 'PD_3,PD_4': 1.0}, ASR: 1.0, TCB: {'PD_2': ['PD_4'], 'PD_3': ['PD_4'], 'PD_4': ['PD_3']}, FR: {'PD_2,PD_3': inf, 'PD_2,PD_4': inf, 'PD_3,PD_4': inf}
    ✅ Added candidate: remove_pd (score: 0.100)
  Computing metrics...
    RSI: {'PD_1,PD_3': 0.0, 'PD_1,PD_4': 0.0, 'PD_3,PD_4': 1.0}, ASR: 1.0, TCB: {'PD_1': ['PD_3'], 'PD_3': ['PD_4'], 'PD_4': ['PD_3']}, FR: {'PD_1,PD_3': inf, 'PD_1,PD_4': inf, 'PD_3,PD_4': inf}
    ✅ Added candidate: remove_pd (score: 0.100)
  Computing metrics...
    RSI: {'PD_1,PD_2': 0.0, 'PD_1,PD_3': 0.0, 'PD_1,PD_4': 0.0, 'PD_2,PD_3': 0.0, 'PD_2,PD_4': 0.0, 'PD_3,PD_4': 1.0}, ASR: 1.0, TCB: {'PD_1': ['PD_3'], 'PD_2': ['PD_4'], 'PD_3': ['PD_4'], 'PD_4': ['PD_3']}, FR: {'PD_1,PD_2': inf, 'PD_1,PD_3': inf, 'PD_1,PD_4': inf, 'PD_2,PD_3': inf, 'PD_2,PD_4': inf, 'PD_3,PD_4': inf}
    ✅ Added candidate: add_file_resource (score: 0.100)

📊 Next beam (3 states):
  Beam[0]: BeamState(iter=1, score=0.100, path=add_pd(add new protection domain to help resolve 2 constraint violation(s)))
  Beam[1]: BeamState(iter=1, score=0.100, path=remove_pd(remove empty PD_1))
  Beam[2]: BeamState(iter=1, score=0.100, path=remove_pd(remove empty PD_2))
💡 Total candidates generated: 4
🎯 Mechanisms discovered so far: 0

============================================================
🔍 Beam Search Iteration 2/8
📊 Current beam size: 3
  Beam[0]: BeamState(iter=1, score=0.100, path=add_pd(add new protection domain to help resolve 2 constraint violation(s)))
  Beam[1]: BeamState(iter=1, score=0.100, path=remove_pd(remove empty PD_1))
  Beam[2]: BeamState(iter=1, score=0.100, path=remove_pd(remove empty PD_2))

🌟 Expanding Beam[0] (score: 0.100)
  ⚠️  Constraints violated: PD_1 lacks access to any files; PD_2 lacks access to any files
  Computing metrics...
    RSI: {'PD_1,PD_2': 0.0, 'PD_1,PD_3': 0.0, 'PD_1,PD_4': 0.0, 'PD_1,PD_5': 0.0, 'PD_2,PD_3': 0.0, 'PD_2,PD_4': 0.0, 'PD_2,PD_5': 0.0, 'PD_3,PD_4': 1.0, 'PD_3,PD_5': 0.0, 'PD_4,PD_5': 0.0}, ASR: 0.8, TCB: {'PD_1': ['PD_3'], 'PD_2': ['PD_4'], 'PD_3': ['PD_4'], 'PD_4': ['PD_3'], 'PD_5': []}, FR: {'PD_1,PD_2': inf, 'PD_1,PD_3': inf, 'PD_1,PD_4': inf, 'PD_1,PD_5': inf, 'PD_2,PD_3': inf, 'PD_2,PD_4': inf, 'PD_2,PD_5': inf, 'PD_3,PD_4': inf, 'PD_3,PD_5': inf, 'PD_4,PD_5': inf}
  Computing metrics...
    RSI: {'PD_1,PD_2': 0.0, 'PD_1,PD_3': 0.0, 'PD_1,PD_4': 0.0, 'PD_1,PD_5': 0.0, 'PD_1,PD_6': 0.0, 'PD_2,PD_3': 0.0, 'PD_2,PD_4': 0.0, 'PD_2,PD_5': 0.0, 'PD_2,PD_6': 0.0, 'PD_3,PD_4': 1.0, 'PD_3,PD_5': 0.0, 'PD_3,PD_6': 0.0, 'PD_4,PD_5': 0.0, 'PD_4,PD_6': 0.0, 'PD_5,PD_6': 0.0}, ASR: 0.6666666666666666, TCB: {'PD_1': ['PD_3'], 'PD_2': ['PD_4'], 'PD_3': ['PD_4'], 'PD_4': ['PD_3'], 'PD_5': [], 'PD_6': []}, FR: {'PD_1,PD_2': inf, 'PD_1,PD_3': inf, 'PD_1,PD_4': inf, 'PD_1,PD_5': inf, 'PD_1,PD_6': inf, 'PD_2,PD_3': inf, 'PD_2,PD_4': inf, 'PD_2,PD_5': inf, 'PD_2,PD_6': inf, 'PD_3,PD_4': inf, 'PD_3,PD_5': inf, 'PD_3,PD_6': inf, 'PD_4,PD_5': inf, 'PD_4,PD_6': inf, 'PD_5,PD_6': inf}
  Computing metrics...
    RSI: {'PD_1,PD_2': 0.0, 'PD_1,PD_3': 0.0, 'PD_1,PD_4': 0.0, 'PD_1,PD_5': 0.0, 'PD_2,PD_3': 0.0, 'PD_2,PD_4': 0.0, 'PD_2,PD_5': 0.0, 'PD_3,PD_4': 1.0, 'PD_3,PD_5': 0.0, 'PD_4,PD_5': 0.0}, ASR: 0.8, TCB: {'PD_1': ['PD_3'], 'PD_2': ['PD_4'], 'PD_3': ['PD_4'], 'PD_4': ['PD_3'], 'PD_5': []}, FR: {'PD_1,PD_2': inf, 'PD_1,PD_3': inf, 'PD_1,PD_4': inf, 'PD_1,PD_5': inf, 'PD_2,PD_3': inf, 'PD_2,PD_4': inf, 'PD_2,PD_5': inf, 'PD_3,PD_4': inf, 'PD_3,PD_5': inf, 'PD_4,PD_5': inf}
  Computing metrics...
    RSI: {'PD_1,PD_2': 0.0, 'PD_1,PD_3': 0.0, 'PD_1,PD_4': 0.0, 'PD_1,PD_5': 0.0, 'PD_2,PD_3': 0.0, 'PD_2,PD_4': 0.0, 'PD_2,PD_5': 0.0, 'PD_3,PD_4': 1.0, 'PD_3,PD_5': 0.0, 'PD_4,PD_5': 0.0}, ASR: 0.8, TCB: {'PD_1': ['PD_3'], 'PD_2': ['PD_4'], 'PD_3': ['PD_4'], 'PD_4': ['PD_3'], 'PD_5': []}, FR: {'PD_1,PD_2': inf, 'PD_1,PD_3': inf, 'PD_1,PD_4': inf, 'PD_1,PD_5': inf, 'PD_2,PD_3': inf, 'PD_2,PD_4': inf, 'PD_2,PD_5': inf, 'PD_3,PD_4': inf, 'PD_3,PD_5': inf, 'PD_4,PD_5': inf}
  Computing metrics...
    RSI: {'PD_1,PD_2': 0.0, 'PD_1,PD_3': 0.0, 'PD_1,PD_4': 0.0, 'PD_1,PD_5': 0.0, 'PD_2,PD_3': 0.0, 'PD_2,PD_4': 0.0, 'PD_2,PD_5': 0.0, 'PD_3,PD_4': 1.0, 'PD_3,PD_5': 0.0, 'PD_4,PD_5': 0.0}, ASR: 0.8, TCB: {'PD_1': ['PD_3'], 'PD_2': ['PD_4'], 'PD_3': ['PD_4'], 'PD_4': ['PD_3'], 'PD_5': []}, FR: {'PD_1,PD_2': inf, 'PD_1,PD_3': inf, 'PD_1,PD_4': inf, 'PD_1,PD_5': inf, 'PD_2,PD_3': inf, 'PD_2,PD_4': inf, 'PD_2,PD_5': inf, 'PD_3,PD_4': inf, 'PD_3,PD_5': inf, 'PD_4,PD_5': inf}
  Computing metrics...
    RSI: {'PD_1,PD_2': 0.0, 'PD_1,PD_3': 0.0, 'PD_1,PD_4': 0.0, 'PD_1,PD_5': 0.0, 'PD_2,PD_3': 0.0, 'PD_2,PD_4': 0.0, 'PD_2,PD_5': 0.0, 'PD_3,PD_4': 1.0, 'PD_3,PD_5': 0.0, 'PD_4,PD_5': 0.0}, ASR: 0.8, TCB: {'PD_1': ['PD_3'], 'PD_2': ['PD_4'], 'PD_3': ['PD_4'], 'PD_4': ['PD_3'], 'PD_5': []}, FR: {'PD_1,PD_2': inf, 'PD_1,PD_3': inf, 'PD_1,PD_4': inf, 'PD_1,PD_5': inf, 'PD_2,PD_3': inf, 'PD_2,PD_4': inf, 'PD_2,PD_5': inf, 'PD_3,PD_4': inf, 'PD_3,PD_5': inf, 'PD_4,PD_5': inf}
  Computing metrics...
    RSI: {'PD_1,PD_2': 0.0, 'PD_1,PD_3': 0.0, 'PD_1,PD_4': 0.0, 'PD_1,PD_5': 0.0, 'PD_2,PD_3': 0.0, 'PD_2,PD_4': 0.0, 'PD_2,PD_5': 0.0, 'PD_3,PD_4': 1.0, 'PD_3,PD_5': 0.0, 'PD_4,PD_5': 0.0}, ASR: 0.8, TCB: {'PD_1': ['PD_3'], 'PD_2': ['PD_4'], 'PD_3': ['PD_4'], 'PD_4': ['PD_3'], 'PD_5': []}, FR: {'PD_1,PD_2': inf, 'PD_1,PD_3': inf, 'PD_1,PD_4': inf, 'PD_1,PD_5': inf, 'PD_2,PD_3': inf, 'PD_2,PD_4': inf, 'PD_2,PD_5': inf, 'PD_3,PD_4': inf, 'PD_3,PD_5': inf, 'PD_4,PD_5': inf}
  Computing metrics...
    RSI: {'PD_1,PD_2': 0.0, 'PD_1,PD_3': 0.0, 'PD_1,PD_4': 0.0, 'PD_1,PD_5': 0.0, 'PD_2,PD_3': 0.0, 'PD_2,PD_4': 0.0, 'PD_2,PD_5': 0.0, 'PD_3,PD_4': 1.0, 'PD_3,PD_5': 0.0, 'PD_4,PD_5': 0.0}, ASR: 0.8, TCB: {'PD_1': ['PD_3'], 'PD_2': ['PD_4'], 'PD_3': ['PD_4'], 'PD_4': ['PD_3'], 'PD_5': []}, FR: {'PD_1,PD_2': inf, 'PD_1,PD_3': inf, 'PD_1,PD_4': inf, 'PD_1,PD_5': inf, 'PD_2,PD_3': inf, 'PD_2,PD_4': inf, 'PD_2,PD_5': inf, 'PD_3,PD_4': inf, 'PD_3,PD_5': inf, 'PD_4,PD_5': inf}
  Computing metrics...
    RSI: {'PD_1,PD_2': 0.0, 'PD_1,PD_3': 0.0, 'PD_1,PD_4': 0.0, 'PD_1,PD_5': 0.0, 'PD_2,PD_3': 0.0, 'PD_2,PD_4': 0.0, 'PD_2,PD_5': 0.0, 'PD_3,PD_4': 1.0, 'PD_3,PD_5': 0.0, 'PD_4,PD_5': 0.0}, ASR: 0.8, TCB: {'PD_1': ['PD_3'], 'PD_2': ['PD_4'], 'PD_3': ['PD_4'], 'PD_4': ['PD_3'], 'PD_5': []}, FR: {'PD_1,PD_2': inf, 'PD_1,PD_3': inf, 'PD_1,PD_4': inf, 'PD_1,PD_5': inf, 'PD_2,PD_3': inf, 'PD_2,PD_4': inf, 'PD_2,PD_5': inf, 'PD_3,PD_4': inf, 'PD_3,PD_5': inf, 'PD_4,PD_5': inf}
  Computing metrics...
    RSI: {'PD_1,PD_2': 0.0, 'PD_1,PD_3': 0.0, 'PD_1,PD_4': 0.0, 'PD_1,PD_5': 0.0, 'PD_2,PD_3': 0.0, 'PD_2,PD_4': 0.0, 'PD_2,PD_5': 0.0, 'PD_3,PD_4': 1.0, 'PD_3,PD_5': 0.0, 'PD_4,PD_5': 0.0}, ASR: 0.8, TCB: {'PD_1': ['PD_3'], 'PD_2': ['PD_4'], 'PD_3': ['PD_4'], 'PD_4': ['PD_3'], 'PD_5': []}, FR: {'PD_1,PD_2': inf, 'PD_1,PD_3': inf, 'PD_1,PD_4': inf, 'PD_1,PD_5': inf, 'PD_2,PD_3': inf, 'PD_2,PD_4': inf, 'PD_2,PD_5': inf, 'PD_3,PD_4': inf, 'PD_3,PD_5': inf, 'PD_4,PD_5': inf}
  Computing metrics...
    RSI: {'PD_1,PD_2': 0.0, 'PD_1,PD_3': 0.0, 'PD_1,PD_4': 0.0, 'PD_1,PD_5': 0.0, 'PD_2,PD_3': 0.0, 'PD_2,PD_4': 0.0, 'PD_2,PD_5': 0.0, 'PD_3,PD_4': 1.0, 'PD_3,PD_5': 0.0, 'PD_4,PD_5': 0.0}, ASR: 0.8, TCB: {'PD_1': ['PD_3'], 'PD_2': ['PD_4'], 'PD_3': ['PD_4'], 'PD_4': ['PD_3'], 'PD_5': []}, FR: {'PD_1,PD_2': inf, 'PD_1,PD_3': inf, 'PD_1,PD_4': inf, 'PD_1,PD_5': inf, 'PD_2,PD_3': inf, 'PD_2,PD_4': inf, 'PD_2,PD_5': inf, 'PD_3,PD_4': inf, 'PD_3,PD_5': inf, 'PD_4,PD_5': inf}
  Computing metrics...
    RSI: {'PD_1,PD_2': 0.0, 'PD_1,PD_3': 0.0, 'PD_1,PD_4': 0.0, 'PD_1,PD_5': 0.0, 'PD_2,PD_3': 0.0, 'PD_2,PD_4': 0.0, 'PD_2,PD_5': 0.0, 'PD_3,PD_4': 1.0, 'PD_3,PD_5': 0.0, 'PD_4,PD_5': 0.0}, ASR: 0.8, TCB: {'PD_1': ['PD_3'], 'PD_2': ['PD_4'], 'PD_3': ['PD_4'], 'PD_4': ['PD_3'], 'PD_5': []}, FR: {'PD_1,PD_2': inf, 'PD_1,PD_3': inf, 'PD_1,PD_4': inf, 'PD_1,PD_5': inf, 'PD_2,PD_3': inf, 'PD_2,PD_4': inf, 'PD_2,PD_5': inf, 'PD_3,PD_4': inf, 'PD_3,PD_5': inf, 'PD_4,PD_5': inf}
  Computing metrics...
    RSI: {'PD_1,PD_2': 0.0, 'PD_1,PD_3': 0.0, 'PD_1,PD_4': 0.0, 'PD_1,PD_5': 0.0, 'PD_2,PD_3': 0.0, 'PD_2,PD_4': 0.0, 'PD_2,PD_5': 0.0, 'PD_3,PD_4': 1.0, 'PD_3,PD_5': 0.0, 'PD_4,PD_5': 0.0}, ASR: 0.8, TCB: {'PD_1': ['PD_3'], 'PD_2': ['PD_4'], 'PD_3': ['PD_4'], 'PD_4': ['PD_3'], 'PD_5': []}, FR: {'PD_1,PD_2': inf, 'PD_1,PD_3': inf, 'PD_1,PD_4': inf, 'PD_1,PD_5': inf, 'PD_2,PD_3': inf, 'PD_2,PD_4': inf, 'PD_2,PD_5': inf, 'PD_3,PD_4': inf, 'PD_3,PD_5': inf, 'PD_4,PD_5': inf}
  Computing metrics...
    RSI: {'PD_1,PD_2': 0.0, 'PD_1,PD_3': 0.0, 'PD_1,PD_4': 0.0, 'PD_1,PD_5': 0.0, 'PD_2,PD_3': 0.0, 'PD_2,PD_4': 0.0, 'PD_2,PD_5': 0.0, 'PD_3,PD_4': 1.0, 'PD_3,PD_5': 0.0, 'PD_4,PD_5': 0.0}, ASR: 0.8, TCB: {'PD_1': ['PD_3'], 'PD_2': ['PD_4'], 'PD_3': ['PD_4'], 'PD_4': ['PD_3'], 'PD_5': []}, FR: {'PD_1,PD_2': inf, 'PD_1,PD_3': inf, 'PD_1,PD_4': inf, 'PD_1,PD_5': inf, 'PD_2,PD_3': inf, 'PD_2,PD_4': inf, 'PD_2,PD_5': inf, 'PD_3,PD_4': inf, 'PD_3,PD_5': inf, 'PD_4,PD_5': inf}
  Computing metrics...
    RSI: {'PD_1,PD_2': 0.0, 'PD_1,PD_3': 0.0, 'PD_1,PD_4': 0.0, 'PD_1,PD_5': 0.0, 'PD_2,PD_3': 0.0, 'PD_2,PD_4': 0.0, 'PD_2,PD_5': 0.0, 'PD_3,PD_4': 1.0, 'PD_3,PD_5': 0.0, 'PD_4,PD_5': 0.0}, ASR: 0.8, TCB: {'PD_1': ['PD_3'], 'PD_2': ['PD_4'], 'PD_3': ['PD_4'], 'PD_4': ['PD_3'], 'PD_5': []}, FR: {'PD_1,PD_2': inf, 'PD_1,PD_3': inf, 'PD_1,PD_4': inf, 'PD_1,PD_5': inf, 'PD_2,PD_3': inf, 'PD_2,PD_4': inf, 'PD_2,PD_5': inf, 'PD_3,PD_4': inf, 'PD_3,PD_5': inf, 'PD_4,PD_5': inf}
  Computing metrics...
    RSI: {'PD_1,PD_2': 0.0, 'PD_1,PD_3': 0.0, 'PD_1,PD_4': 0.0, 'PD_1,PD_5': 0.0, 'PD_2,PD_3': 0.0, 'PD_2,PD_4': 0.0, 'PD_2,PD_5': 0.0, 'PD_3,PD_4': 1.0, 'PD_3,PD_5': 0.0, 'PD_4,PD_5': 0.0}, ASR: 0.8, TCB: {'PD_1': ['PD_3'], 'PD_2': ['PD_4'], 'PD_3': ['PD_4'], 'PD_4': ['PD_3'], 'PD_5': []}, FR: {'PD_1,PD_2': inf, 'PD_1,PD_3': inf, 'PD_1,PD_4': inf, 'PD_1,PD_5': inf, 'PD_2,PD_3': inf, 'PD_2,PD_4': inf, 'PD_2,PD_5': inf, 'PD_3,PD_4': inf, 'PD_3,PD_5': inf, 'PD_4,PD_5': inf}
  Computing metrics...
    RSI: {'PD_1,PD_2': 0.0, 'PD_1,PD_3': 0.0, 'PD_1,PD_4': 0.0, 'PD_1,PD_5': 0.0, 'PD_2,PD_3': 0.0, 'PD_2,PD_4': 0.0, 'PD_2,PD_5': 0.0, 'PD_3,PD_4': 1.0, 'PD_3,PD_5': 0.0, 'PD_4,PD_5': 0.0}, ASR: 0.8, TCB: {'PD_1': ['PD_3'], 'PD_2': ['PD_4'], 'PD_3': ['PD_4'], 'PD_4': ['PD_3'], 'PD_5': []}, FR: {'PD_1,PD_2': inf, 'PD_1,PD_3': inf, 'PD_1,PD_4': inf, 'PD_1,PD_5': inf, 'PD_2,PD_3': inf, 'PD_2,PD_4': inf, 'PD_2,PD_5': inf, 'PD_3,PD_4': inf, 'PD_3,PD_5': inf, 'PD_4,PD_5': inf}
  Computing metrics...
    RSI: {'PD_1,PD_2': 0.0, 'PD_1,PD_3': 0.0, 'PD_1,PD_4': 0.0, 'PD_1,PD_5': 0.0, 'PD_2,PD_3': 0.0, 'PD_2,PD_4': 0.0, 'PD_2,PD_5': 0.0, 'PD_3,PD_4': 1.0, 'PD_3,PD_5': 0.0, 'PD_4,PD_5': 0.0}, ASR: 0.8, TCB: {'PD_1': ['PD_3'], 'PD_2': ['PD_4'], 'PD_3': ['PD_4'], 'PD_4': ['PD_3'], 'PD_5': []}, FR: {'PD_1,PD_2': inf, 'PD_1,PD_3': inf, 'PD_1,PD_4': inf, 'PD_1,PD_5': inf, 'PD_2,PD_3': inf, 'PD_2,PD_4': inf, 'PD_2,PD_5': inf, 'PD_3,PD_4': inf, 'PD_3,PD_5': inf, 'PD_4,PD_5': inf}
  Computing metrics...
    RSI: {'PD_1,PD_2': 0.0, 'PD_1,PD_3': 0.0, 'PD_1,PD_4': 0.0, 'PD_1,PD_5': 0.0, 'PD_2,PD_3': 0.0, 'PD_2,PD_4': 0.0, 'PD_2,PD_5': 0.0, 'PD_3,PD_4': 1.0, 'PD_3,PD_5': 0.0, 'PD_4,PD_5': 0.0}, ASR: 0.8, TCB: {'PD_1': ['PD_3'], 'PD_2': ['PD_4'], 'PD_3': ['PD_4'], 'PD_4': ['PD_3'], 'PD_5': []}, FR: {'PD_1,PD_2': inf, 'PD_1,PD_3': inf, 'PD_1,PD_4': inf, 'PD_1,PD_5': inf, 'PD_2,PD_3': inf, 'PD_2,PD_4': inf, 'PD_2,PD_5': inf, 'PD_3,PD_4': inf, 'PD_3,PD_5': inf, 'PD_4,PD_5': inf}
  Computing metrics...
    RSI: {'PD_1,PD_2': 0.0, 'PD_1,PD_3': 1.0, 'PD_1,PD_4': 1.0, 'PD_1,PD_5': 0.0, 'PD_2,PD_3': 0.0, 'PD_2,PD_4': 0.0, 'PD_2,PD_5': 0.0, 'PD_3,PD_4': 1.0, 'PD_3,PD_5': 0.0, 'PD_4,PD_5': 0.0}, ASR: 1.0, TCB: {'PD_1': ['PD_3', 'PD_4'], 'PD_2': ['PD_4'], 'PD_3': ['PD_1', 'PD_4'], 'PD_4': ['PD_1', 'PD_3'], 'PD_5': []}, FR: {'PD_1,PD_2': inf, 'PD_1,PD_3': inf, 'PD_1,PD_4': inf, 'PD_1,PD_5': inf, 'PD_2,PD_3': inf, 'PD_2,PD_4': inf, 'PD_2,PD_5': inf, 'PD_3,PD_4': inf, 'PD_3,PD_5': inf, 'PD_4,PD_5': inf}
  Computing metrics...
    RSI: {'PD_1,PD_2': 0.0, 'PD_1,PD_3': 0.0, 'PD_1,PD_4': 0.0, 'PD_1,PD_5': 0.0, 'PD_2,PD_3': 0.0, 'PD_2,PD_4': 0.0, 'PD_2,PD_5': 0.0, 'PD_3,PD_4': 1.0, 'PD_3,PD_5': 0.0, 'PD_4,PD_5': 0.0}, ASR: 0.8, TCB: {'PD_1': ['PD_3'], 'PD_2': ['PD_4'], 'PD_3': ['PD_4'], 'PD_4': ['PD_3'], 'PD_5': []}, FR: {'PD_1,PD_2': inf, 'PD_1,PD_3': inf, 'PD_1,PD_4': inf, 'PD_1,PD_5': inf, 'PD_2,PD_3': inf, 'PD_2,PD_4': inf, 'PD_2,PD_5': inf, 'PD_3,PD_4': inf, 'PD_3,PD_5': inf, 'PD_4,PD_5': inf}
  Computing metrics...
    RSI: {'PD_1,PD_2': 0.0, 'PD_1,PD_3': 0.0, 'PD_1,PD_4': 0.0, 'PD_1,PD_5': 0.0, 'PD_2,PD_3': 1.0, 'PD_2,PD_4': 1.0, 'PD_2,PD_5': 0.0, 'PD_3,PD_4': 1.0, 'PD_3,PD_5': 0.0, 'PD_4,PD_5': 0.0}, ASR: 1.0, TCB: {'PD_1': ['PD_3'], 'PD_2': ['PD_4', 'PD_3'], 'PD_3': ['PD_2', 'PD_4'], 'PD_4': ['PD_2', 'PD_3'], 'PD_5': []}, FR: {'PD_1,PD_2': inf, 'PD_1,PD_3': inf, 'PD_1,PD_4': inf, 'PD_1,PD_5': inf, 'PD_2,PD_3': inf, 'PD_2,PD_4': inf, 'PD_2,PD_5': inf, 'PD_3,PD_4': inf, 'PD_3,PD_5': inf, 'PD_4,PD_5': inf}
  Computing metrics...
    RSI: {'PD_1,PD_2': 0.0, 'PD_1,PD_3': 0.0, 'PD_1,PD_4': 0.0, 'PD_1,PD_5': 0.0, 'PD_2,PD_3': 0.0, 'PD_2,PD_4': 0.0, 'PD_2,PD_5': 0.0, 'PD_3,PD_4': 1.0, 'PD_3,PD_5': 0.0, 'PD_4,PD_5': 0.0}, ASR: 0.8, TCB: {'PD_1': ['PD_3'], 'PD_2': ['PD_4'], 'PD_3': ['PD_4'], 'PD_4': ['PD_3'], 'PD_5': []}, FR: {'PD_1,PD_2': inf, 'PD_1,PD_3': inf, 'PD_1,PD_4': inf, 'PD_1,PD_5': inf, 'PD_2,PD_3': inf, 'PD_2,PD_4': inf, 'PD_2,PD_5': inf, 'PD_3,PD_4': inf, 'PD_3,PD_5': inf, 'PD_4,PD_5': inf}
  Computing metrics...
    RSI: {'PD_1,PD_2': 0.0, 'PD_1,PD_3': 0.0, 'PD_1,PD_4': 0.0, 'PD_1,PD_5': 0.0, 'PD_2,PD_3': 0.0, 'PD_2,PD_4': 0.0, 'PD_2,PD_5': 0.0, 'PD_3,PD_4': 1.0, 'PD_3,PD_5': 1.0, 'PD_4,PD_5': 1.0}, ASR: 1.0, TCB: {'PD_1': ['PD_3'], 'PD_2': ['PD_4'], 'PD_3': ['PD_4', 'PD_5'], 'PD_4': ['PD_3', 'PD_5'], 'PD_5': ['PD_3', 'PD_4']}, FR: {'PD_1,PD_2': inf, 'PD_1,PD_3': inf, 'PD_1,PD_4': inf, 'PD_1,PD_5': inf, 'PD_2,PD_3': inf, 'PD_2,PD_4': inf, 'PD_2,PD_5': inf, 'PD_3,PD_4': inf, 'PD_3,PD_5': inf, 'PD_4,PD_5': inf}
  Computing metrics...
    RSI: {'PD_1,PD_2': 0.0, 'PD_1,PD_3': 0.0, 'PD_1,PD_4': 0.0, 'PD_1,PD_5': 0.0, 'PD_2,PD_3': 0.0, 'PD_2,PD_4': 0.0, 'PD_2,PD_5': 0.0, 'PD_3,PD_4': 1.0, 'PD_3,PD_5': 0.0, 'PD_4,PD_5': 0.0}, ASR: 0.8, TCB: {'PD_1': ['PD_3'], 'PD_2': ['PD_4'], 'PD_3': ['PD_4'], 'PD_4': ['PD_3'], 'PD_5': []}, FR: {'PD_1,PD_2': inf, 'PD_1,PD_3': inf, 'PD_1,PD_4': inf, 'PD_1,PD_5': inf, 'PD_2,PD_3': inf, 'PD_2,PD_4': inf, 'PD_2,PD_5': inf, 'PD_3,PD_4': inf, 'PD_3,PD_5': inf, 'PD_4,PD_5': inf}
  Computing metrics...
    RSI: {'PD_1,PD_2': 0.0, 'PD_1,PD_3': 0.0, 'PD_1,PD_4': 0.0, 'PD_1,PD_5': 0.0, 'PD_2,PD_3': 0.0, 'PD_2,PD_4': 0.0, 'PD_2,PD_5': 0.0, 'PD_3,PD_4': 1.0, 'PD_3,PD_5': 0.0, 'PD_4,PD_5': 0.0}, ASR: 0.8, TCB: {'PD_1': ['PD_3'], 'PD_2': ['PD_4'], 'PD_3': ['PD_4'], 'PD_4': ['PD_3'], 'PD_5': []}, FR: {'PD_1,PD_2': inf, 'PD_1,PD_3': inf, 'PD_1,PD_4': inf, 'PD_1,PD_5': inf, 'PD_2,PD_3': inf, 'PD_2,PD_4': inf, 'PD_2,PD_5': inf, 'PD_3,PD_4': inf, 'PD_3,PD_5': inf, 'PD_4,PD_5': inf}
    remove_hold_edge candidate: remove PD_3 -> FILE_1_1 HOLD edge -> score: 0.100
  Computing metrics...
    RSI: {'PD_1,PD_2': 0.0, 'PD_1,PD_3': 0.0, 'PD_1,PD_4': 0.0, 'PD_1,PD_5': 0.0, 'PD_2,PD_3': 0.0, 'PD_2,PD_4': 0.0, 'PD_2,PD_5': 0.0, 'PD_3,PD_4': 1.0, 'PD_3,PD_5': 0.0, 'PD_4,PD_5': 0.0}, ASR: 0.8, TCB: {'PD_1': ['PD_3'], 'PD_2': ['PD_4'], 'PD_3': ['PD_4'], 'PD_4': ['PD_3'], 'PD_5': []}, FR: {'PD_1,PD_2': inf, 'PD_1,PD_3': inf, 'PD_1,PD_4': inf, 'PD_1,PD_5': inf, 'PD_2,PD_3': inf, 'PD_2,PD_4': inf, 'PD_2,PD_5': inf, 'PD_3,PD_4': inf, 'PD_3,PD_5': inf, 'PD_4,PD_5': inf}
  Computing metrics...
    RSI: {'PD_1,PD_2': 0.0, 'PD_1,PD_3': 0.0, 'PD_1,PD_4': 0.0, 'PD_1,PD_5': 0.0, 'PD_2,PD_3': 0.0, 'PD_2,PD_4': 0.0, 'PD_2,PD_5': 0.0, 'PD_3,PD_4': 1.0, 'PD_3,PD_5': 0.0, 'PD_4,PD_5': 0.0}, ASR: 0.8, TCB: {'PD_1': ['PD_3'], 'PD_2': ['PD_4'], 'PD_3': ['PD_4'], 'PD_4': ['PD_3'], 'PD_5': []}, FR: {'PD_1,PD_2': inf, 'PD_1,PD_3': inf, 'PD_1,PD_4': inf, 'PD_1,PD_5': inf, 'PD_2,PD_3': inf, 'PD_2,PD_4': inf, 'PD_2,PD_5': inf, 'PD_3,PD_4': inf, 'PD_3,PD_5': inf, 'PD_4,PD_5': inf}
    remove_hold_edge candidate: remove PD_4 -> FILE_1_1 HOLD edge -> score: 0.100
  Computing metrics...
    RSI: {'PD_1,PD_2': 0.0, 'PD_1,PD_3': 0.0, 'PD_1,PD_4': 0.0, 'PD_1,PD_5': 0.0, 'PD_2,PD_3': 0.0, 'PD_2,PD_4': 0.0, 'PD_2,PD_5': 0.0, 'PD_3,PD_4': 1.0, 'PD_3,PD_5': 0.0, 'PD_4,PD_5': 0.0}, ASR: 0.8, TCB: {'PD_1': ['PD_3'], 'PD_2': ['PD_4'], 'PD_3': ['PD_4'], 'PD_4': ['PD_3'], 'PD_5': []}, FR: {'PD_1,PD_2': inf, 'PD_1,PD_3': inf, 'PD_1,PD_4': inf, 'PD_1,PD_5': inf, 'PD_2,PD_3': inf, 'PD_2,PD_4': inf, 'PD_2,PD_5': inf, 'PD_3,PD_4': inf, 'PD_3,PD_5': inf, 'PD_4,PD_5': inf}
  Computing metrics...
    RSI: {'PD_1,PD_2': 0.0, 'PD_1,PD_3': 0.0, 'PD_1,PD_4': 0.0, 'PD_1,PD_5': 0.0, 'PD_2,PD_3': 0.0, 'PD_2,PD_4': 0.0, 'PD_2,PD_5': 0.0, 'PD_3,PD_4': 1.0, 'PD_3,PD_5': 0.0, 'PD_4,PD_5': 0.0}, ASR: 1.0, TCB: {'PD_1': ['PD_3', 'PD_2'], 'PD_2': ['PD_4'], 'PD_3': ['PD_4'], 'PD_4': ['PD_3'], 'PD_5': []}, FR: {'PD_1,PD_2': 3, 'PD_1,PD_3': inf, 'PD_1,PD_4': inf, 'PD_1,PD_5': inf, 'PD_2,PD_3': inf, 'PD_2,PD_4': inf, 'PD_2,PD_5': inf, 'PD_3,PD_4': inf, 'PD_3,PD_5': inf, 'PD_4,PD_5': inf}
  Computing metrics...
    RSI: {'PD_1,PD_2': 0.0, 'PD_1,PD_3': 0.0, 'PD_1,PD_4': 0.0, 'PD_1,PD_5': 0.0, 'PD_2,PD_3': 0.0, 'PD_2,PD_4': 0.0, 'PD_2,PD_5': 0.0, 'PD_3,PD_4': 1.0, 'PD_3,PD_5': 0.0, 'PD_4,PD_5': 0.0}, ASR: 0.8, TCB: {'PD_1': ['PD_3'], 'PD_2': ['PD_4'], 'PD_3': ['PD_4'], 'PD_4': ['PD_3'], 'PD_5': []}, FR: {'PD_1,PD_2': inf, 'PD_1,PD_3': inf, 'PD_1,PD_4': inf, 'PD_1,PD_5': inf, 'PD_2,PD_3': inf, 'PD_2,PD_4': inf, 'PD_2,PD_5': inf, 'PD_3,PD_4': inf, 'PD_3,PD_5': inf, 'PD_4,PD_5': inf}
  Computing metrics...
    RSI: {'PD_1,PD_2': 0.0, 'PD_1,PD_3': 0.0, 'PD_1,PD_4': 0.0, 'PD_1,PD_5': 0.0, 'PD_2,PD_3': 0.0, 'PD_2,PD_4': 0.0, 'PD_2,PD_5': 0.0, 'PD_3,PD_4': 1.0, 'PD_3,PD_5': 0.0, 'PD_4,PD_5': 0.0}, ASR: 1.0, TCB: {'PD_1': ['PD_3', 'PD_4'], 'PD_2': ['PD_4'], 'PD_3': ['PD_4'], 'PD_4': ['PD_3'], 'PD_5': []}, FR: {'PD_1,PD_2': 2, 'PD_1,PD_3': inf, 'PD_1,PD_4': inf, 'PD_1,PD_5': inf, 'PD_2,PD_3': inf, 'PD_2,PD_4': inf, 'PD_2,PD_5': inf, 'PD_3,PD_4': inf, 'PD_3,PD_5': inf, 'PD_4,PD_5': inf}
  Computing metrics...
    RSI: {'PD_1,PD_2': 0.0, 'PD_1,PD_3': 0.0, 'PD_1,PD_4': 0.0, 'PD_1,PD_5': 0.0, 'PD_2,PD_3': 0.0, 'PD_2,PD_4': 0.0, 'PD_2,PD_5': 0.0, 'PD_3,PD_4': 1.0, 'PD_3,PD_5': 0.0, 'PD_4,PD_5': 0.0}, ASR: 0.8, TCB: {'PD_1': ['PD_3'], 'PD_2': ['PD_4'], 'PD_3': ['PD_4'], 'PD_4': ['PD_3'], 'PD_5': []}, FR: {'PD_1,PD_2': inf, 'PD_1,PD_3': inf, 'PD_1,PD_4': inf, 'PD_1,PD_5': inf, 'PD_2,PD_3': inf, 'PD_2,PD_4': inf, 'PD_2,PD_5': inf, 'PD_3,PD_4': inf, 'PD_3,PD_5': inf, 'PD_4,PD_5': inf}
  Computing metrics...
    RSI: {'PD_1,PD_2': 0.0, 'PD_1,PD_3': 0.0, 'PD_1,PD_4': 0.0, 'PD_1,PD_5': 0.0, 'PD_2,PD_3': 0.0, 'PD_2,PD_4': 0.0, 'PD_2,PD_5': 0.0, 'PD_3,PD_4': 1.0, 'PD_3,PD_5': 0.0, 'PD_4,PD_5': 0.0}, ASR: 1.0, TCB: {'PD_1': ['PD_3', 'PD_5'], 'PD_2': ['PD_4'], 'PD_3': ['PD_4'], 'PD_4': ['PD_3'], 'PD_5': []}, FR: {'PD_1,PD_2': inf, 'PD_1,PD_3': inf, 'PD_1,PD_4': inf, 'PD_1,PD_5': inf, 'PD_2,PD_3': inf, 'PD_2,PD_4': inf, 'PD_2,PD_5': inf, 'PD_3,PD_4': inf, 'PD_3,PD_5': inf, 'PD_4,PD_5': inf}
  Computing metrics...
    RSI: {'PD_1,PD_2': 0.0, 'PD_1,PD_3': 0.0, 'PD_1,PD_4': 0.0, 'PD_1,PD_5': 0.0, 'PD_2,PD_3': 0.0, 'PD_2,PD_4': 0.0, 'PD_2,PD_5': 0.0, 'PD_3,PD_4': 1.0, 'PD_3,PD_5': 0.0, 'PD_4,PD_5': 0.0}, ASR: 0.8, TCB: {'PD_1': ['PD_3'], 'PD_2': ['PD_4'], 'PD_3': ['PD_4'], 'PD_4': ['PD_3'], 'PD_5': []}, FR: {'PD_1,PD_2': inf, 'PD_1,PD_3': inf, 'PD_1,PD_4': inf, 'PD_1,PD_5': inf, 'PD_2,PD_3': inf, 'PD_2,PD_4': inf, 'PD_2,PD_5': inf, 'PD_3,PD_4': inf, 'PD_3,PD_5': inf, 'PD_4,PD_5': inf}
  Computing metrics...
    RSI: {'PD_1,PD_2': 0.0, 'PD_1,PD_3': 0.0, 'PD_1,PD_4': 0.0, 'PD_1,PD_5': 0.0, 'PD_2,PD_3': 0.0, 'PD_2,PD_4': 0.0, 'PD_2,PD_5': 0.0, 'PD_3,PD_4': 1.0, 'PD_3,PD_5': 0.0, 'PD_4,PD_5': 0.0}, ASR: 1.0, TCB: {'PD_1': ['PD_3'], 'PD_2': ['PD_4', 'PD_1'], 'PD_3': ['PD_4'], 'PD_4': ['PD_3'], 'PD_5': []}, FR: {'PD_1,PD_2': 3, 'PD_1,PD_3': inf, 'PD_1,PD_4': inf, 'PD_1,PD_5': inf, 'PD_2,PD_3': inf, 'PD_2,PD_4': inf, 'PD_2,PD_5': inf, 'PD_3,PD_4': inf, 'PD_3,PD_5': inf, 'PD_4,PD_5': inf}
  Computing metrics...
    RSI: {'PD_1,PD_2': 0.0, 'PD_1,PD_3': 0.0, 'PD_1,PD_4': 0.0, 'PD_1,PD_5': 0.0, 'PD_2,PD_3': 0.0, 'PD_2,PD_4': 0.0, 'PD_2,PD_5': 0.0, 'PD_3,PD_4': 1.0, 'PD_3,PD_5': 0.0, 'PD_4,PD_5': 0.0}, ASR: 0.8, TCB: {'PD_1': ['PD_3'], 'PD_2': ['PD_4'], 'PD_3': ['PD_4'], 'PD_4': ['PD_3'], 'PD_5': []}, FR: {'PD_1,PD_2': inf, 'PD_1,PD_3': inf, 'PD_1,PD_4': inf, 'PD_1,PD_5': inf, 'PD_2,PD_3': inf, 'PD_2,PD_4': inf, 'PD_2,PD_5': inf, 'PD_3,PD_4': inf, 'PD_3,PD_5': inf, 'PD_4,PD_5': inf}
  Computing metrics...
    RSI: {'PD_1,PD_2': 0.0, 'PD_1,PD_3': 0.0, 'PD_1,PD_4': 0.0, 'PD_1,PD_5': 0.0, 'PD_2,PD_3': 0.0, 'PD_2,PD_4': 0.0, 'PD_2,PD_5': 0.0, 'PD_3,PD_4': 1.0, 'PD_3,PD_5': 0.0, 'PD_4,PD_5': 0.0}, ASR: 1.0, TCB: {'PD_1': ['PD_3'], 'PD_2': ['PD_4', 'PD_3'], 'PD_3': ['PD_4'], 'PD_4': ['PD_3'], 'PD_5': []}, FR: {'PD_1,PD_2': 2, 'PD_1,PD_3': inf, 'PD_1,PD_4': inf, 'PD_1,PD_5': inf, 'PD_2,PD_3': inf, 'PD_2,PD_4': inf, 'PD_2,PD_5': inf, 'PD_3,PD_4': inf, 'PD_3,PD_5': inf, 'PD_4,PD_5': inf}
  Computing metrics...
    RSI: {'PD_1,PD_2': 0.0, 'PD_1,PD_3': 0.0, 'PD_1,PD_4': 0.0, 'PD_1,PD_5': 0.0, 'PD_2,PD_3': 0.0, 'PD_2,PD_4': 0.0, 'PD_2,PD_5': 0.0, 'PD_3,PD_4': 1.0, 'PD_3,PD_5': 0.0, 'PD_4,PD_5': 0.0}, ASR: 0.8, TCB: {'PD_1': ['PD_3'], 'PD_2': ['PD_4'], 'PD_3': ['PD_4'], 'PD_4': ['PD_3'], 'PD_5': []}, FR: {'PD_1,PD_2': inf, 'PD_1,PD_3': inf, 'PD_1,PD_4': inf, 'PD_1,PD_5': inf, 'PD_2,PD_3': inf, 'PD_2,PD_4': inf, 'PD_2,PD_5': inf, 'PD_3,PD_4': inf, 'PD_3,PD_5': inf, 'PD_4,PD_5': inf}
  Computing metrics...
    RSI: {'PD_1,PD_2': 0.0, 'PD_1,PD_3': 0.0, 'PD_1,PD_4': 0.0, 'PD_1,PD_5': 0.0, 'PD_2,PD_3': 0.0, 'PD_2,PD_4': 0.0, 'PD_2,PD_5': 0.0, 'PD_3,PD_4': 1.0, 'PD_3,PD_5': 0.0, 'PD_4,PD_5': 0.0}, ASR: 1.0, TCB: {'PD_1': ['PD_3'], 'PD_2': ['PD_4', 'PD_5'], 'PD_3': ['PD_4'], 'PD_4': ['PD_3'], 'PD_5': []}, FR: {'PD_1,PD_2': inf, 'PD_1,PD_3': inf, 'PD_1,PD_4': inf, 'PD_1,PD_5': inf, 'PD_2,PD_3': inf, 'PD_2,PD_4': inf, 'PD_2,PD_5': inf, 'PD_3,PD_4': inf, 'PD_3,PD_5': inf, 'PD_4,PD_5': inf}
  Computing metrics...
    RSI: {'PD_1,PD_2': 0.0, 'PD_1,PD_3': 0.0, 'PD_1,PD_4': 0.0, 'PD_1,PD_5': 0.0, 'PD_2,PD_3': 0.0, 'PD_2,PD_4': 0.0, 'PD_2,PD_5': 0.0, 'PD_3,PD_4': 1.0, 'PD_3,PD_5': 0.0, 'PD_4,PD_5': 0.0}, ASR: 0.8, TCB: {'PD_1': ['PD_3'], 'PD_2': ['PD_4'], 'PD_3': ['PD_4'], 'PD_4': ['PD_3'], 'PD_5': []}, FR: {'PD_1,PD_2': inf, 'PD_1,PD_3': inf, 'PD_1,PD_4': inf, 'PD_1,PD_5': inf, 'PD_2,PD_3': inf, 'PD_2,PD_4': inf, 'PD_2,PD_5': inf, 'PD_3,PD_4': inf, 'PD_3,PD_5': inf, 'PD_4,PD_5': inf}
  Computing metrics...
    RSI: {'PD_1,PD_2': 0.0, 'PD_1,PD_3': 0.0, 'PD_1,PD_4': 0.0, 'PD_1,PD_5': 0.0, 'PD_2,PD_3': 0.0, 'PD_2,PD_4': 0.0, 'PD_2,PD_5': 0.0, 'PD_3,PD_4': 1.0, 'PD_3,PD_5': 0.0, 'PD_4,PD_5': 0.0}, ASR: 1.0, TCB: {'PD_1': ['PD_3'], 'PD_2': ['PD_4'], 'PD_3': ['PD_1', 'PD_4'], 'PD_4': ['PD_3'], 'PD_5': []}, FR: {'PD_1,PD_2': inf, 'PD_1,PD_3': inf, 'PD_1,PD_4': inf, 'PD_1,PD_5': inf, 'PD_2,PD_3': inf, 'PD_2,PD_4': inf, 'PD_2,PD_5': inf, 'PD_3,PD_4': inf, 'PD_3,PD_5': inf, 'PD_4,PD_5': inf}
  Computing metrics...
    RSI: {'PD_1,PD_2': 0.0, 'PD_1,PD_3': 0.0, 'PD_1,PD_4': 0.0, 'PD_1,PD_5': 0.0, 'PD_2,PD_3': 0.0, 'PD_2,PD_4': 0.0, 'PD_2,PD_5': 0.0, 'PD_3,PD_4': 1.0, 'PD_3,PD_5': 0.0, 'PD_4,PD_5': 0.0}, ASR: 0.8, TCB: {'PD_1': ['PD_3'], 'PD_2': ['PD_4'], 'PD_3': ['PD_4'], 'PD_4': ['PD_3'], 'PD_5': []}, FR: {'PD_1,PD_2': inf, 'PD_1,PD_3': inf, 'PD_1,PD_4': inf, 'PD_1,PD_5': inf, 'PD_2,PD_3': inf, 'PD_2,PD_4': inf, 'PD_2,PD_5': inf, 'PD_3,PD_4': inf, 'PD_3,PD_5': inf, 'PD_4,PD_5': inf}
  Computing metrics...
    RSI: {'PD_1,PD_2': 0.0, 'PD_1,PD_3': 0.0, 'PD_1,PD_4': 0.0, 'PD_1,PD_5': 0.0, 'PD_2,PD_3': 0.0, 'PD_2,PD_4': 0.0, 'PD_2,PD_5': 0.0, 'PD_3,PD_4': 1.0, 'PD_3,PD_5': 0.0, 'PD_4,PD_5': 0.0}, ASR: 1.0, TCB: {'PD_1': ['PD_3'], 'PD_2': ['PD_4'], 'PD_3': ['PD_2', 'PD_4'], 'PD_4': ['PD_3'], 'PD_5': []}, FR: {'PD_1,PD_2': 4, 'PD_1,PD_3': 3, 'PD_1,PD_4': inf, 'PD_1,PD_5': inf, 'PD_2,PD_3': 3, 'PD_2,PD_4': inf, 'PD_2,PD_5': inf, 'PD_3,PD_4': inf, 'PD_3,PD_5': inf, 'PD_4,PD_5': inf}
  Computing metrics...
    RSI: {'PD_1,PD_2': 0.0, 'PD_1,PD_3': 0.0, 'PD_1,PD_4': 0.0, 'PD_1,PD_5': 0.0, 'PD_2,PD_3': 0.0, 'PD_2,PD_4': 0.0, 'PD_2,PD_5': 0.0, 'PD_3,PD_4': 1.0, 'PD_3,PD_5': 0.0, 'PD_4,PD_5': 0.0}, ASR: 0.8, TCB: {'PD_1': ['PD_3'], 'PD_2': ['PD_4'], 'PD_3': ['PD_4'], 'PD_4': ['PD_3'], 'PD_5': []}, FR: {'PD_1,PD_2': inf, 'PD_1,PD_3': inf, 'PD_1,PD_4': inf, 'PD_1,PD_5': inf, 'PD_2,PD_3': inf, 'PD_2,PD_4': inf, 'PD_2,PD_5': inf, 'PD_3,PD_4': inf, 'PD_3,PD_5': inf, 'PD_4,PD_5': inf}
  Computing metrics...
    RSI: {'PD_1,PD_2': 0.0, 'PD_1,PD_3': 0.0, 'PD_1,PD_4': 0.0, 'PD_1,PD_5': 0.0, 'PD_2,PD_3': 0.0, 'PD_2,PD_4': 0.0, 'PD_2,PD_5': 0.0, 'PD_3,PD_4': 1.0, 'PD_3,PD_5': 0.0, 'PD_4,PD_5': 0.0}, ASR: 1.0, TCB: {'PD_1': ['PD_3'], 'PD_2': ['PD_4'], 'PD_3': ['PD_4'], 'PD_4': ['PD_3'], 'PD_5': []}, FR: {'PD_1,PD_2': 3, 'PD_1,PD_3': 3, 'PD_1,PD_4': inf, 'PD_1,PD_5': inf, 'PD_2,PD_3': 2, 'PD_2,PD_4': inf, 'PD_2,PD_5': inf, 'PD_3,PD_4': inf, 'PD_3,PD_5': inf, 'PD_4,PD_5': inf}
  Computing metrics...
    RSI: {'PD_1,PD_2': 0.0, 'PD_1,PD_3': 0.0, 'PD_1,PD_4': 0.0, 'PD_1,PD_5': 0.0, 'PD_2,PD_3': 0.0, 'PD_2,PD_4': 0.0, 'PD_2,PD_5': 0.0, 'PD_3,PD_4': 1.0, 'PD_3,PD_5': 0.0, 'PD_4,PD_5': 0.0}, ASR: 0.8, TCB: {'PD_1': ['PD_3'], 'PD_2': ['PD_4'], 'PD_3': ['PD_4'], 'PD_4': ['PD_3'], 'PD_5': []}, FR: {'PD_1,PD_2': inf, 'PD_1,PD_3': inf, 'PD_1,PD_4': inf, 'PD_1,PD_5': inf, 'PD_2,PD_3': inf, 'PD_2,PD_4': inf, 'PD_2,PD_5': inf, 'PD_3,PD_4': inf, 'PD_3,PD_5': inf, 'PD_4,PD_5': inf}
  Computing metrics...
    RSI: {'PD_1,PD_2': 0.0, 'PD_1,PD_3': 0.0, 'PD_1,PD_4': 0.0, 'PD_1,PD_5': 0.0, 'PD_2,PD_3': 0.0, 'PD_2,PD_4': 0.0, 'PD_2,PD_5': 0.0, 'PD_3,PD_4': 1.0, 'PD_3,PD_5': 0.0, 'PD_4,PD_5': 0.0}, ASR: 1.0, TCB: {'PD_1': ['PD_3'], 'PD_2': ['PD_4'], 'PD_3': ['PD_5', 'PD_4'], 'PD_4': ['PD_3'], 'PD_5': []}, FR: {'PD_1,PD_2': inf, 'PD_1,PD_3': 3, 'PD_1,PD_4': inf, 'PD_1,PD_5': inf, 'PD_2,PD_3': inf, 'PD_2,PD_4': inf, 'PD_2,PD_5': inf, 'PD_3,PD_4': inf, 'PD_3,PD_5': inf, 'PD_4,PD_5': inf}
  Computing metrics...
    RSI: {'PD_1,PD_2': 0.0, 'PD_1,PD_3': 0.0, 'PD_1,PD_4': 0.0, 'PD_1,PD_5': 0.0, 'PD_2,PD_3': 0.0, 'PD_2,PD_4': 0.0, 'PD_2,PD_5': 0.0, 'PD_3,PD_4': 1.0, 'PD_3,PD_5': 0.0, 'PD_4,PD_5': 0.0}, ASR: 0.8, TCB: {'PD_1': ['PD_3'], 'PD_2': ['PD_4'], 'PD_3': ['PD_4'], 'PD_4': ['PD_3'], 'PD_5': []}, FR: {'PD_1,PD_2': inf, 'PD_1,PD_3': inf, 'PD_1,PD_4': inf, 'PD_1,PD_5': inf, 'PD_2,PD_3': inf, 'PD_2,PD_4': inf, 'PD_2,PD_5': inf, 'PD_3,PD_4': inf, 'PD_3,PD_5': inf, 'PD_4,PD_5': inf}
  Computing metrics...
    RSI: {'PD_1,PD_2': 0.0, 'PD_1,PD_3': 0.0, 'PD_1,PD_4': 0.0, 'PD_1,PD_5': 0.0, 'PD_2,PD_3': 0.0, 'PD_2,PD_4': 0.0, 'PD_2,PD_5': 0.0, 'PD_3,PD_4': 1.0, 'PD_3,PD_5': 0.0, 'PD_4,PD_5': 0.0}, ASR: 1.0, TCB: {'PD_1': ['PD_3'], 'PD_2': ['PD_4'], 'PD_3': ['PD_4'], 'PD_4': ['PD_1', 'PD_3'], 'PD_5': []}, FR: {'PD_1,PD_2': 4, 'PD_1,PD_3': inf, 'PD_1,PD_4': 3, 'PD_1,PD_5': inf, 'PD_2,PD_3': inf, 'PD_2,PD_4': 3, 'PD_2,PD_5': inf, 'PD_3,PD_4': inf, 'PD_3,PD_5': inf, 'PD_4,PD_5': inf}
  Computing metrics...
    RSI: {'PD_1,PD_2': 0.0, 'PD_1,PD_3': 0.0, 'PD_1,PD_4': 0.0, 'PD_1,PD_5': 0.0, 'PD_2,PD_3': 0.0, 'PD_2,PD_4': 0.0, 'PD_2,PD_5': 0.0, 'PD_3,PD_4': 1.0, 'PD_3,PD_5': 0.0, 'PD_4,PD_5': 0.0}, ASR: 0.8, TCB: {'PD_1': ['PD_3'], 'PD_2': ['PD_4'], 'PD_3': ['PD_4'], 'PD_4': ['PD_3'], 'PD_5': []}, FR: {'PD_1,PD_2': inf, 'PD_1,PD_3': inf, 'PD_1,PD_4': inf, 'PD_1,PD_5': inf, 'PD_2,PD_3': inf, 'PD_2,PD_4': inf, 'PD_2,PD_5': inf, 'PD_3,PD_4': inf, 'PD_3,PD_5': inf, 'PD_4,PD_5': inf}
  Computing metrics...
    RSI: {'PD_1,PD_2': 0.0, 'PD_1,PD_3': 0.0, 'PD_1,PD_4': 0.0, 'PD_1,PD_5': 0.0, 'PD_2,PD_3': 0.0, 'PD_2,PD_4': 0.0, 'PD_2,PD_5': 0.0, 'PD_3,PD_4': 1.0, 'PD_3,PD_5': 0.0, 'PD_4,PD_5': 0.0}, ASR: 1.0, TCB: {'PD_1': ['PD_3'], 'PD_2': ['PD_4'], 'PD_3': ['PD_4'], 'PD_4': ['PD_2', 'PD_3'], 'PD_5': []}, FR: {'PD_1,PD_2': inf, 'PD_1,PD_3': inf, 'PD_1,PD_4': inf, 'PD_1,PD_5': inf, 'PD_2,PD_3': inf, 'PD_2,PD_4': inf, 'PD_2,PD_5': inf, 'PD_3,PD_4': inf, 'PD_3,PD_5': inf, 'PD_4,PD_5': inf}
  Computing metrics...
    RSI: {'PD_1,PD_2': 0.0, 'PD_1,PD_3': 0.0, 'PD_1,PD_4': 0.0, 'PD_1,PD_5': 0.0, 'PD_2,PD_3': 0.0, 'PD_2,PD_4': 0.0, 'PD_2,PD_5': 0.0, 'PD_3,PD_4': 1.0, 'PD_3,PD_5': 0.0, 'PD_4,PD_5': 0.0}, ASR: 0.8, TCB: {'PD_1': ['PD_3'], 'PD_2': ['PD_4'], 'PD_3': ['PD_4'], 'PD_4': ['PD_3'], 'PD_5': []}, FR: {'PD_1,PD_2': inf, 'PD_1,PD_3': inf, 'PD_1,PD_4': inf, 'PD_1,PD_5': inf, 'PD_2,PD_3': inf, 'PD_2,PD_4': inf, 'PD_2,PD_5': inf, 'PD_3,PD_4': inf, 'PD_3,PD_5': inf, 'PD_4,PD_5': inf}
  Computing metrics...
    RSI: {'PD_1,PD_2': 0.0, 'PD_1,PD_3': 0.0, 'PD_1,PD_4': 0.0, 'PD_1,PD_5': 0.0, 'PD_2,PD_3': 0.0, 'PD_2,PD_4': 0.0, 'PD_2,PD_5': 0.0, 'PD_3,PD_4': 1.0, 'PD_3,PD_5': 0.0, 'PD_4,PD_5': 0.0}, ASR: 1.0, TCB: {'PD_1': ['PD_3'], 'PD_2': ['PD_4'], 'PD_3': ['PD_4'], 'PD_4': ['PD_3'], 'PD_5': []}, FR: {'PD_1,PD_2': 3, 'PD_1,PD_3': inf, 'PD_1,PD_4': 2, 'PD_1,PD_5': inf, 'PD_2,PD_3': inf, 'PD_2,PD_4': 3, 'PD_2,PD_5': inf, 'PD_3,PD_4': inf, 'PD_3,PD_5': inf, 'PD_4,PD_5': inf}
  Computing metrics...
    RSI: {'PD_1,PD_2': 0.0, 'PD_1,PD_3': 0.0, 'PD_1,PD_4': 0.0, 'PD_1,PD_5': 0.0, 'PD_2,PD_3': 0.0, 'PD_2,PD_4': 0.0, 'PD_2,PD_5': 0.0, 'PD_3,PD_4': 1.0, 'PD_3,PD_5': 0.0, 'PD_4,PD_5': 0.0}, ASR: 0.8, TCB: {'PD_1': ['PD_3'], 'PD_2': ['PD_4'], 'PD_3': ['PD_4'], 'PD_4': ['PD_3'], 'PD_5': []}, FR: {'PD_1,PD_2': inf, 'PD_1,PD_3': inf, 'PD_1,PD_4': inf, 'PD_1,PD_5': inf, 'PD_2,PD_3': inf, 'PD_2,PD_4': inf, 'PD_2,PD_5': inf, 'PD_3,PD_4': inf, 'PD_3,PD_5': inf, 'PD_4,PD_5': inf}
  Computing metrics...
    RSI: {'PD_1,PD_2': 0.0, 'PD_1,PD_3': 0.0, 'PD_1,PD_4': 0.0, 'PD_1,PD_5': 0.0, 'PD_2,PD_3': 0.0, 'PD_2,PD_4': 0.0, 'PD_2,PD_5': 0.0, 'PD_3,PD_4': 1.0, 'PD_3,PD_5': 0.0, 'PD_4,PD_5': 0.0}, ASR: 1.0, TCB: {'PD_1': ['PD_3'], 'PD_2': ['PD_4'], 'PD_3': ['PD_4'], 'PD_4': ['PD_5', 'PD_3'], 'PD_5': []}, FR: {'PD_1,PD_2': inf, 'PD_1,PD_3': inf, 'PD_1,PD_4': inf, 'PD_1,PD_5': inf, 'PD_2,PD_3': inf, 'PD_2,PD_4': 3, 'PD_2,PD_5': inf, 'PD_3,PD_4': inf, 'PD_3,PD_5': inf, 'PD_4,PD_5': inf}
  Computing metrics...
    RSI: {'PD_1,PD_2': 0.0, 'PD_1,PD_3': 0.0, 'PD_1,PD_4': 0.0, 'PD_1,PD_5': 0.0, 'PD_2,PD_3': 0.0, 'PD_2,PD_4': 0.0, 'PD_2,PD_5': 0.0, 'PD_3,PD_4': 1.0, 'PD_3,PD_5': 0.0, 'PD_4,PD_5': 0.0}, ASR: 0.8, TCB: {'PD_1': ['PD_3'], 'PD_2': ['PD_4'], 'PD_3': ['PD_4'], 'PD_4': ['PD_3'], 'PD_5': []}, FR: {'PD_1,PD_2': inf, 'PD_1,PD_3': inf, 'PD_1,PD_4': inf, 'PD_1,PD_5': inf, 'PD_2,PD_3': inf, 'PD_2,PD_4': inf, 'PD_2,PD_5': inf, 'PD_3,PD_4': inf, 'PD_3,PD_5': inf, 'PD_4,PD_5': inf}
  Computing metrics...
    RSI: {'PD_1,PD_2': 0.0, 'PD_1,PD_3': 0.0, 'PD_1,PD_4': 0.0, 'PD_1,PD_5': 0.0, 'PD_2,PD_3': 0.0, 'PD_2,PD_4': 0.0, 'PD_2,PD_5': 0.0, 'PD_3,PD_4': 1.0, 'PD_3,PD_5': 0.0, 'PD_4,PD_5': 0.0}, ASR: 1.0, TCB: {'PD_1': ['PD_3'], 'PD_2': ['PD_4'], 'PD_3': ['PD_4'], 'PD_4': ['PD_3'], 'PD_5': ['PD_1']}, FR: {'PD_1,PD_2': inf, 'PD_1,PD_3': inf, 'PD_1,PD_4': inf, 'PD_1,PD_5': 3, 'PD_2,PD_3': inf, 'PD_2,PD_4': inf, 'PD_2,PD_5': inf, 'PD_3,PD_4': inf, 'PD_3,PD_5': inf, 'PD_4,PD_5': inf}
  Computing metrics...
    RSI: {'PD_1,PD_2': 0.0, 'PD_1,PD_3': 0.0, 'PD_1,PD_4': 0.0, 'PD_1,PD_5': 0.0, 'PD_2,PD_3': 0.0, 'PD_2,PD_4': 0.0, 'PD_2,PD_5': 0.0, 'PD_3,PD_4': 1.0, 'PD_3,PD_5': 0.0, 'PD_4,PD_5': 0.0}, ASR: 0.8, TCB: {'PD_1': ['PD_3'], 'PD_2': ['PD_4'], 'PD_3': ['PD_4'], 'PD_4': ['PD_3'], 'PD_5': []}, FR: {'PD_1,PD_2': inf, 'PD_1,PD_3': inf, 'PD_1,PD_4': inf, 'PD_1,PD_5': inf, 'PD_2,PD_3': inf, 'PD_2,PD_4': inf, 'PD_2,PD_5': inf, 'PD_3,PD_4': inf, 'PD_3,PD_5': inf, 'PD_4,PD_5': inf}
  Computing metrics...
    RSI: {'PD_1,PD_2': 0.0, 'PD_1,PD_3': 0.0, 'PD_1,PD_4': 0.0, 'PD_1,PD_5': 0.0, 'PD_2,PD_3': 0.0, 'PD_2,PD_4': 0.0, 'PD_2,PD_5': 0.0, 'PD_3,PD_4': 1.0, 'PD_3,PD_5': 0.0, 'PD_4,PD_5': 0.0}, ASR: 1.0, TCB: {'PD_1': ['PD_3'], 'PD_2': ['PD_4'], 'PD_3': ['PD_4'], 'PD_4': ['PD_3'], 'PD_5': ['PD_2']}, FR: {'PD_1,PD_2': inf, 'PD_1,PD_3': inf, 'PD_1,PD_4': inf, 'PD_1,PD_5': inf, 'PD_2,PD_3': inf, 'PD_2,PD_4': inf, 'PD_2,PD_5': 3, 'PD_3,PD_4': inf, 'PD_3,PD_5': inf, 'PD_4,PD_5': inf}
  Computing metrics...
    RSI: {'PD_1,PD_2': 0.0, 'PD_1,PD_3': 0.0, 'PD_1,PD_4': 0.0, 'PD_1,PD_5': 0.0, 'PD_2,PD_3': 0.0, 'PD_2,PD_4': 0.0, 'PD_2,PD_5': 0.0, 'PD_3,PD_4': 1.0, 'PD_3,PD_5': 0.0, 'PD_4,PD_5': 0.0}, ASR: 0.8, TCB: {'PD_1': ['PD_3'], 'PD_2': ['PD_4'], 'PD_3': ['PD_4'], 'PD_4': ['PD_3'], 'PD_5': []}, FR: {'PD_1,PD_2': inf, 'PD_1,PD_3': inf, 'PD_1,PD_4': inf, 'PD_1,PD_5': inf, 'PD_2,PD_3': inf, 'PD_2,PD_4': inf, 'PD_2,PD_5': inf, 'PD_3,PD_4': inf, 'PD_3,PD_5': inf, 'PD_4,PD_5': inf}
  Computing metrics...
    RSI: {'PD_1,PD_2': 0.0, 'PD_1,PD_3': 0.0, 'PD_1,PD_4': 0.0, 'PD_1,PD_5': 0.0, 'PD_2,PD_3': 0.0, 'PD_2,PD_4': 0.0, 'PD_2,PD_5': 0.0, 'PD_3,PD_4': 1.0, 'PD_3,PD_5': 0.0, 'PD_4,PD_5': 0.0}, ASR: 1.0, TCB: {'PD_1': ['PD_3'], 'PD_2': ['PD_4'], 'PD_3': ['PD_4'], 'PD_4': ['PD_3'], 'PD_5': ['PD_3']}, FR: {'PD_1,PD_2': inf, 'PD_1,PD_3': inf, 'PD_1,PD_4': inf, 'PD_1,PD_5': 2, 'PD_2,PD_3': inf, 'PD_2,PD_4': inf, 'PD_2,PD_5': inf, 'PD_3,PD_4': inf, 'PD_3,PD_5': inf, 'PD_4,PD_5': inf}
  Computing metrics...
    RSI: {'PD_1,PD_2': 0.0, 'PD_1,PD_3': 0.0, 'PD_1,PD_4': 0.0, 'PD_1,PD_5': 0.0, 'PD_2,PD_3': 0.0, 'PD_2,PD_4': 0.0, 'PD_2,PD_5': 0.0, 'PD_3,PD_4': 1.0, 'PD_3,PD_5': 0.0, 'PD_4,PD_5': 0.0}, ASR: 0.8, TCB: {'PD_1': ['PD_3'], 'PD_2': ['PD_4'], 'PD_3': ['PD_4'], 'PD_4': ['PD_3'], 'PD_5': []}, FR: {'PD_1,PD_2': inf, 'PD_1,PD_3': inf, 'PD_1,PD_4': inf, 'PD_1,PD_5': inf, 'PD_2,PD_3': inf, 'PD_2,PD_4': inf, 'PD_2,PD_5': inf, 'PD_3,PD_4': inf, 'PD_3,PD_5': inf, 'PD_4,PD_5': inf}
  Computing metrics...
    RSI: {'PD_1,PD_2': 0.0, 'PD_1,PD_3': 0.0, 'PD_1,PD_4': 0.0, 'PD_1,PD_5': 0.0, 'PD_2,PD_3': 0.0, 'PD_2,PD_4': 0.0, 'PD_2,PD_5': 0.0, 'PD_3,PD_4': 1.0, 'PD_3,PD_5': 0.0, 'PD_4,PD_5': 0.0}, ASR: 1.0, TCB: {'PD_1': ['PD_3'], 'PD_2': ['PD_4'], 'PD_3': ['PD_4'], 'PD_4': ['PD_3'], 'PD_5': ['PD_4']}, FR: {'PD_1,PD_2': inf, 'PD_1,PD_3': inf, 'PD_1,PD_4': inf, 'PD_1,PD_5': inf, 'PD_2,PD_3': inf, 'PD_2,PD_4': inf, 'PD_2,PD_5': 2, 'PD_3,PD_4': inf, 'PD_3,PD_5': inf, 'PD_4,PD_5': inf}
  Computing metrics...
    RSI: {'PD_1,PD_2': 0.0, 'PD_1,PD_3': 0.0, 'PD_1,PD_4': 0.0, 'PD_1,PD_5': 0.0, 'PD_2,PD_3': 0.0, 'PD_2,PD_4': 0.0, 'PD_2,PD_5': 0.0, 'PD_3,PD_4': 1.0, 'PD_3,PD_5': 0.0, 'PD_4,PD_5': 0.0}, ASR: 0.8, TCB: {'PD_1': ['PD_3'], 'PD_2': ['PD_4'], 'PD_3': ['PD_4'], 'PD_4': ['PD_3'], 'PD_5': []}, FR: {'PD_1,PD_2': inf, 'PD_1,PD_3': inf, 'PD_1,PD_4': inf, 'PD_1,PD_5': inf, 'PD_2,PD_3': inf, 'PD_2,PD_4': inf, 'PD_2,PD_5': inf, 'PD_3,PD_4': inf, 'PD_3,PD_5': inf, 'PD_4,PD_5': inf}
  Computing metrics...
    RSI: {'PD_1,PD_2': 0.0, 'PD_1,PD_3': 0.0, 'PD_1,PD_4': 0.0, 'PD_1,PD_5': 0.0, 'PD_2,PD_3': 0.0, 'PD_2,PD_4': 0.0, 'PD_2,PD_5': 0.0, 'PD_3,PD_4': 1.0, 'PD_3,PD_5': 0.0, 'PD_4,PD_5': 0.0}, ASR: 0.8, TCB: {'PD_1': ['PD_3'], 'PD_2': ['PD_4'], 'PD_3': ['PD_4'], 'PD_4': ['PD_3'], 'PD_5': []}, FR: {'PD_1,PD_2': inf, 'PD_1,PD_3': inf, 'PD_1,PD_4': inf, 'PD_1,PD_5': inf, 'PD_2,PD_3': inf, 'PD_2,PD_4': inf, 'PD_2,PD_5': inf, 'PD_3,PD_4': inf, 'PD_3,PD_5': inf, 'PD_4,PD_5': inf}
  Computing metrics...
    RSI: {'PD_1,PD_2': 0.0, 'PD_1,PD_3': 0.0, 'PD_1,PD_4': 0.0, 'PD_1,PD_5': 0.0, 'PD_2,PD_3': 0.0, 'PD_2,PD_4': 0.0, 'PD_2,PD_5': 0.0, 'PD_3,PD_4': 1.0, 'PD_3,PD_5': 0.0, 'PD_4,PD_5': 0.0}, ASR: 0.8, TCB: {'PD_1': ['PD_3'], 'PD_2': ['PD_4'], 'PD_3': ['PD_4'], 'PD_4': ['PD_3'], 'PD_5': []}, FR: {'PD_1,PD_2': inf, 'PD_1,PD_3': inf, 'PD_1,PD_4': inf, 'PD_1,PD_5': inf, 'PD_2,PD_3': inf, 'PD_2,PD_4': inf, 'PD_2,PD_5': inf, 'PD_3,PD_4': inf, 'PD_3,PD_5': inf, 'PD_4,PD_5': inf}
  Computing metrics...
    RSI: {'PD_1,PD_2': 0.0, 'PD_1,PD_3': 0.0, 'PD_1,PD_4': 0.0, 'PD_1,PD_5': 0.0, 'PD_2,PD_3': 0.0, 'PD_2,PD_4': 0.0, 'PD_2,PD_5': 0.0, 'PD_3,PD_4': 1.0, 'PD_3,PD_5': 0.0, 'PD_4,PD_5': 0.0}, ASR: 0.8, TCB: {'PD_1': ['PD_3'], 'PD_2': ['PD_4'], 'PD_3': ['PD_4'], 'PD_4': ['PD_3'], 'PD_5': []}, FR: {'PD_1,PD_2': inf, 'PD_1,PD_3': inf, 'PD_1,PD_4': inf, 'PD_1,PD_5': inf, 'PD_2,PD_3': inf, 'PD_2,PD_4': inf, 'PD_2,PD_5': inf, 'PD_3,PD_4': inf, 'PD_3,PD_5': inf, 'PD_4,PD_5': inf}
  Computing metrics...
    RSI: {'PD_1,PD_2': 0.0, 'PD_1,PD_3': 0.0, 'PD_1,PD_4': 0.0, 'PD_1,PD_5': 0.0, 'PD_2,PD_3': 0.0, 'PD_2,PD_4': 0.0, 'PD_2,PD_5': 0.0, 'PD_3,PD_4': 1.0, 'PD_3,PD_5': 0.0, 'PD_4,PD_5': 0.0}, ASR: 0.8, TCB: {'PD_1': ['PD_3'], 'PD_2': ['PD_4'], 'PD_3': ['PD_4'], 'PD_4': ['PD_3'], 'PD_5': []}, FR: {'PD_1,PD_2': inf, 'PD_1,PD_3': inf, 'PD_1,PD_4': inf, 'PD_1,PD_5': inf, 'PD_2,PD_3': inf, 'PD_2,PD_4': inf, 'PD_2,PD_5': inf, 'PD_3,PD_4': inf, 'PD_3,PD_5': inf, 'PD_4,PD_5': inf}
  Computing metrics...
    RSI: {'PD_1,PD_2': 0.0, 'PD_1,PD_3': 0.0, 'PD_1,PD_4': 0.0, 'PD_1,PD_5': 0.0, 'PD_2,PD_3': 0.0, 'PD_2,PD_4': 0.0, 'PD_2,PD_5': 0.0, 'PD_3,PD_4': 1.0, 'PD_3,PD_5': 0.0, 'PD_4,PD_5': 0.0}, ASR: 0.8, TCB: {'PD_1': ['PD_3'], 'PD_2': ['PD_4'], 'PD_3': ['PD_4'], 'PD_4': ['PD_3'], 'PD_5': []}, FR: {'PD_1,PD_2': inf, 'PD_1,PD_3': inf, 'PD_1,PD_4': inf, 'PD_1,PD_5': inf, 'PD_2,PD_3': inf, 'PD_2,PD_4': inf, 'PD_2,PD_5': inf, 'PD_3,PD_4': inf, 'PD_3,PD_5': inf, 'PD_4,PD_5': inf}
  🚫 Filtered out 0 'add_pd(add new protection domain to help resolve 2 constraint violation(s))' candidates (avoiding repetition)
  Trying best transition: primitive
    Target: add new protection domain to help resolve 2 constraint violation(s)
    Predicted improvement: 0.100
    Considered 34 other option(s):
      1. primitive: remove empty PD_1 (improvement: 0.100)
      2. primitive: remove empty PD_2 (improvement: 0.100)
      3. primitive: remove empty PD_5 (improvement: 0.100)
      4. primitive: create new CONFIG file in FILE_SPACE_1 (improvement: 0.100)
      5. primitive: create new DATABASE file in FILE_SPACE_1 (improvement: 0.100)
      6. primitive: create new TEMP file in FILE_SPACE_1 (improvement: 0.100)
      7. primitive: create new LOG file in FILE_SPACE_1 (improvement: 0.100)
      8. primitive: remove FILE_1_1 (holders: 2) (improvement: 0.100)
      9. primitive: connect PD_1 to FILE_1_1 (improvement: 0.100)
      10. primitive: connect PD_2 to FILE_1_1 (improvement: 0.100)
      ... and 24 more
    ✅ Applied add_pd
  📋 Generated 35 candidate(s)
  Computing metrics...
    RSI: {'PD_1,PD_2': 0.0, 'PD_1,PD_3': 0.0, 'PD_1,PD_4': 0.0, 'PD_1,PD_5': 0.0, 'PD_1,PD_6': 0.0, 'PD_2,PD_3': 0.0, 'PD_2,PD_4': 0.0, 'PD_2,PD_5': 0.0, 'PD_2,PD_6': 0.0, 'PD_3,PD_4': 1.0, 'PD_3,PD_5': 0.0, 'PD_3,PD_6': 0.0, 'PD_4,PD_5': 0.0, 'PD_4,PD_6': 0.0, 'PD_5,PD_6': 0.0}, ASR: 0.6666666666666666, TCB: {'PD_1': ['PD_3'], 'PD_2': ['PD_4'], 'PD_3': ['PD_4'], 'PD_4': ['PD_3'], 'PD_5': [], 'PD_6': []}, FR: {'PD_1,PD_2': inf, 'PD_1,PD_3': inf, 'PD_1,PD_4': inf, 'PD_1,PD_5': inf, 'PD_1,PD_6': inf, 'PD_2,PD_3': inf, 'PD_2,PD_4': inf, 'PD_2,PD_5': inf, 'PD_2,PD_6': inf, 'PD_3,PD_4': inf, 'PD_3,PD_5': inf, 'PD_3,PD_6': inf, 'PD_4,PD_5': inf, 'PD_4,PD_6': inf, 'PD_5,PD_6': inf}
    ✅ Added candidate: add_pd (score: 0.100)
  Computing metrics...
    RSI: {'PD_2,PD_3': 0.0, 'PD_2,PD_4': 0.0, 'PD_2,PD_5': 0.0, 'PD_3,PD_4': 1.0, 'PD_3,PD_5': 0.0, 'PD_4,PD_5': 0.0}, ASR: 0.75, TCB: {'PD_2': ['PD_4'], 'PD_3': ['PD_4'], 'PD_4': ['PD_3'], 'PD_5': []}, FR: {'PD_2,PD_3': inf, 'PD_2,PD_4': inf, 'PD_2,PD_5': inf, 'PD_3,PD_4': inf, 'PD_3,PD_5': inf, 'PD_4,PD_5': inf}
    ✅ Added candidate: remove_pd (score: 0.100)

🌟 Expanding Beam[1] (score: 0.100)
  ⚠️  Constraints violated: PD_1 lacks any access to FILE_1_1; PD_1 lacks access to any files...
  Computing metrics...
    RSI: {'PD_2,PD_3': 0.0, 'PD_2,PD_4': 0.0, 'PD_3,PD_4': 1.0}, ASR: 1.0, TCB: {'PD_2': ['PD_4'], 'PD_3': ['PD_4'], 'PD_4': ['PD_3']}, FR: {'PD_2,PD_3': inf, 'PD_2,PD_4': inf, 'PD_3,PD_4': inf}
  Computing metrics...
    RSI: {'PD_2,PD_3': 0.0, 'PD_2,PD_4': 0.0, 'PD_3,PD_4': 1.0}, ASR: 1.0, TCB: {'PD_2': ['PD_4'], 'PD_3': ['PD_4'], 'PD_4': ['PD_3']}, FR: {'PD_2,PD_3': inf, 'PD_2,PD_4': inf, 'PD_3,PD_4': inf}
  Computing metrics...
    RSI: {'PD_2,PD_3': 0.0, 'PD_2,PD_4': 0.0, 'PD_3,PD_4': 1.0}, ASR: 1.0, TCB: {'PD_2': ['PD_4'], 'PD_3': ['PD_4'], 'PD_4': ['PD_3']}, FR: {'PD_2,PD_3': inf, 'PD_2,PD_4': inf, 'PD_3,PD_4': inf}
  Computing metrics...
    RSI: {'PD_2,PD_3': 0.0, 'PD_2,PD_4': 0.0, 'PD_3,PD_4': 1.0}, ASR: 1.0, TCB: {'PD_2': ['PD_4'], 'PD_3': ['PD_4'], 'PD_4': ['PD_3']}, FR: {'PD_2,PD_3': inf, 'PD_2,PD_4': inf, 'PD_3,PD_4': inf}
  Computing metrics...
    RSI: {'PD_2,PD_3': 0.0, 'PD_2,PD_4': 0.0, 'PD_3,PD_4': 1.0}, ASR: 1.0, TCB: {'PD_2': ['PD_4'], 'PD_3': ['PD_4'], 'PD_4': ['PD_3']}, FR: {'PD_2,PD_3': inf, 'PD_2,PD_4': inf, 'PD_3,PD_4': inf}
  Computing metrics...
    RSI: {'PD_2,PD_3': 0.0, 'PD_2,PD_4': 0.0, 'PD_3,PD_4': 1.0}, ASR: 1.0, TCB: {'PD_2': ['PD_4'], 'PD_3': ['PD_4'], 'PD_4': ['PD_3']}, FR: {'PD_2,PD_3': inf, 'PD_2,PD_4': inf, 'PD_3,PD_4': inf}
  Computing metrics...
    RSI: {'PD_2,PD_3': 0.0, 'PD_2,PD_4': 0.0, 'PD_3,PD_4': 1.0}, ASR: 1.0, TCB: {'PD_2': ['PD_4'], 'PD_3': ['PD_4'], 'PD_4': ['PD_3']}, FR: {'PD_2,PD_3': inf, 'PD_2,PD_4': inf, 'PD_3,PD_4': inf}
  Computing metrics...
    RSI: {'PD_2,PD_3': 0.0, 'PD_2,PD_4': 0.0, 'PD_3,PD_4': 1.0}, ASR: 1.0, TCB: {'PD_2': ['PD_4'], 'PD_3': ['PD_4'], 'PD_4': ['PD_3']}, FR: {'PD_2,PD_3': inf, 'PD_2,PD_4': inf, 'PD_3,PD_4': inf}
  Computing metrics...
    RSI: {'PD_2,PD_3': 0.0, 'PD_2,PD_4': 0.0, 'PD_3,PD_4': 1.0}, ASR: 1.0, TCB: {'PD_2': ['PD_4'], 'PD_3': ['PD_4'], 'PD_4': ['PD_3']}, FR: {'PD_2,PD_3': inf, 'PD_2,PD_4': inf, 'PD_3,PD_4': inf}
  Computing metrics...
    RSI: {'PD_2,PD_3': 0.0, 'PD_2,PD_4': 0.0, 'PD_3,PD_4': 1.0}, ASR: 1.0, TCB: {'PD_2': ['PD_4'], 'PD_3': ['PD_4'], 'PD_4': ['PD_3']}, FR: {'PD_2,PD_3': inf, 'PD_2,PD_4': inf, 'PD_3,PD_4': inf}
  Computing metrics...
    RSI: {'PD_2,PD_3': 0.0, 'PD_2,PD_4': 0.0, 'PD_3,PD_4': 1.0}, ASR: 1.0, TCB: {'PD_2': ['PD_4'], 'PD_3': ['PD_4'], 'PD_4': ['PD_3']}, FR: {'PD_2,PD_3': inf, 'PD_2,PD_4': inf, 'PD_3,PD_4': inf}
  Computing metrics...
    RSI: {'PD_2,PD_3': 0.0, 'PD_2,PD_4': 0.0, 'PD_3,PD_4': 1.0}, ASR: 1.0, TCB: {'PD_2': ['PD_4'], 'PD_3': ['PD_4'], 'PD_4': ['PD_3']}, FR: {'PD_2,PD_3': inf, 'PD_2,PD_4': inf, 'PD_3,PD_4': inf}
  Computing metrics...
    RSI: {'PD_2,PD_3': 0.0, 'PD_2,PD_4': 0.0, 'PD_3,PD_4': 1.0}, ASR: 1.0, TCB: {'PD_2': ['PD_4'], 'PD_3': ['PD_4'], 'PD_4': ['PD_3']}, FR: {'PD_2,PD_3': inf, 'PD_2,PD_4': inf, 'PD_3,PD_4': inf}
  Computing metrics...
    RSI: {'PD_2,PD_3': 0.0, 'PD_2,PD_4': 0.0, 'PD_3,PD_4': 1.0}, ASR: 1.0, TCB: {'PD_2': ['PD_4'], 'PD_3': ['PD_4'], 'PD_4': ['PD_3']}, FR: {'PD_2,PD_3': inf, 'PD_2,PD_4': inf, 'PD_3,PD_4': inf}
  Computing metrics...
    RSI: {'PD_2,PD_3': 0.0, 'PD_2,PD_4': 0.0, 'PD_3,PD_4': 1.0}, ASR: 1.0, TCB: {'PD_2': ['PD_4'], 'PD_3': ['PD_4'], 'PD_4': ['PD_3']}, FR: {'PD_2,PD_3': inf, 'PD_2,PD_4': inf, 'PD_3,PD_4': inf}
  Computing metrics...
    RSI: {'PD_2,PD_3': 1.0, 'PD_2,PD_4': 1.0, 'PD_3,PD_4': 1.0}, ASR: 1.3333333333333333, TCB: {'PD_2': ['PD_4', 'PD_3'], 'PD_3': ['PD_2', 'PD_4'], 'PD_4': ['PD_2', 'PD_3']}, FR: {'PD_2,PD_3': inf, 'PD_2,PD_4': inf, 'PD_3,PD_4': inf}
  Computing metrics...
    RSI: {'PD_2,PD_3': 0.0, 'PD_2,PD_4': 0.0, 'PD_3,PD_4': 1.0}, ASR: 1.0, TCB: {'PD_2': ['PD_4'], 'PD_3': ['PD_4'], 'PD_4': ['PD_3']}, FR: {'PD_2,PD_3': inf, 'PD_2,PD_4': inf, 'PD_3,PD_4': inf}
  Computing metrics...
    RSI: {'PD_2,PD_3': 0.0, 'PD_2,PD_4': 0.0, 'PD_3,PD_4': 1.0}, ASR: 1.0, TCB: {'PD_2': ['PD_4'], 'PD_3': ['PD_4'], 'PD_4': ['PD_3']}, FR: {'PD_2,PD_3': inf, 'PD_2,PD_4': inf, 'PD_3,PD_4': inf}
    remove_hold_edge candidate: remove PD_3 -> FILE_1_1 HOLD edge -> score: 0.100
  Computing metrics...
    RSI: {'PD_2,PD_3': 0.0, 'PD_2,PD_4': 0.0, 'PD_3,PD_4': 1.0}, ASR: 1.0, TCB: {'PD_2': ['PD_4'], 'PD_3': ['PD_4'], 'PD_4': ['PD_3']}, FR: {'PD_2,PD_3': inf, 'PD_2,PD_4': inf, 'PD_3,PD_4': inf}
  Computing metrics...
    RSI: {'PD_2,PD_3': 0.0, 'PD_2,PD_4': 0.0, 'PD_3,PD_4': 1.0}, ASR: 1.0, TCB: {'PD_2': ['PD_4'], 'PD_3': ['PD_4'], 'PD_4': ['PD_3']}, FR: {'PD_2,PD_3': inf, 'PD_2,PD_4': inf, 'PD_3,PD_4': inf}
    remove_hold_edge candidate: remove PD_4 -> FILE_1_1 HOLD edge -> score: 0.100
  Computing metrics...
    RSI: {'PD_2,PD_3': 0.0, 'PD_2,PD_4': 0.0, 'PD_3,PD_4': 1.0}, ASR: 1.0, TCB: {'PD_2': ['PD_4'], 'PD_3': ['PD_4'], 'PD_4': ['PD_3']}, FR: {'PD_2,PD_3': inf, 'PD_2,PD_4': inf, 'PD_3,PD_4': inf}
  Computing metrics...
    RSI: {'PD_2,PD_3': 0.0, 'PD_2,PD_4': 0.0, 'PD_3,PD_4': 1.0}, ASR: 1.3333333333333333, TCB: {'PD_2': ['PD_4', 'PD_3'], 'PD_3': ['PD_4'], 'PD_4': ['PD_3']}, FR: {'PD_2,PD_3': inf, 'PD_2,PD_4': inf, 'PD_3,PD_4': inf}
  Computing metrics...
    RSI: {'PD_2,PD_3': 0.0, 'PD_2,PD_4': 0.0, 'PD_3,PD_4': 1.0}, ASR: 1.0, TCB: {'PD_2': ['PD_4'], 'PD_3': ['PD_4'], 'PD_4': ['PD_3']}, FR: {'PD_2,PD_3': inf, 'PD_2,PD_4': inf, 'PD_3,PD_4': inf}
  Computing metrics...
    RSI: {'PD_2,PD_3': 0.0, 'PD_2,PD_4': 0.0, 'PD_3,PD_4': 1.0}, ASR: 1.3333333333333333, TCB: {'PD_2': ['PD_4'], 'PD_3': ['PD_2', 'PD_4'], 'PD_4': ['PD_3']}, FR: {'PD_2,PD_3': 3, 'PD_2,PD_4': inf, 'PD_3,PD_4': inf}
  Computing metrics...
    RSI: {'PD_2,PD_3': 0.0, 'PD_2,PD_4': 0.0, 'PD_3,PD_4': 1.0}, ASR: 1.0, TCB: {'PD_2': ['PD_4'], 'PD_3': ['PD_4'], 'PD_4': ['PD_3']}, FR: {'PD_2,PD_3': inf, 'PD_2,PD_4': inf, 'PD_3,PD_4': inf}
  Computing metrics...
    RSI: {'PD_2,PD_3': 0.0, 'PD_2,PD_4': 0.0, 'PD_3,PD_4': 1.0}, ASR: 1.3333333333333333, TCB: {'PD_2': ['PD_4'], 'PD_3': ['PD_4'], 'PD_4': ['PD_3']}, FR: {'PD_2,PD_3': 2, 'PD_2,PD_4': inf, 'PD_3,PD_4': inf}
  Computing metrics...
    RSI: {'PD_2,PD_3': 0.0, 'PD_2,PD_4': 0.0, 'PD_3,PD_4': 1.0}, ASR: 1.0, TCB: {'PD_2': ['PD_4'], 'PD_3': ['PD_4'], 'PD_4': ['PD_3']}, FR: {'PD_2,PD_3': inf, 'PD_2,PD_4': inf, 'PD_3,PD_4': inf}
  Computing metrics...
    RSI: {'PD_2,PD_3': 0.0, 'PD_2,PD_4': 0.0, 'PD_3,PD_4': 1.0}, ASR: 1.3333333333333333, TCB: {'PD_2': ['PD_4'], 'PD_3': ['PD_4'], 'PD_4': ['PD_2', 'PD_3']}, FR: {'PD_2,PD_3': inf, 'PD_2,PD_4': inf, 'PD_3,PD_4': inf}
  Computing metrics...
    RSI: {'PD_2,PD_3': 0.0, 'PD_2,PD_4': 0.0, 'PD_3,PD_4': 1.0}, ASR: 1.0, TCB: {'PD_2': ['PD_4'], 'PD_3': ['PD_4'], 'PD_4': ['PD_3']}, FR: {'PD_2,PD_3': inf, 'PD_2,PD_4': inf, 'PD_3,PD_4': inf}
  Computing metrics...
    RSI: {'PD_2,PD_3': 0.0, 'PD_2,PD_4': 0.0, 'PD_3,PD_4': 1.0}, ASR: 1.3333333333333333, TCB: {'PD_2': ['PD_4'], 'PD_3': ['PD_4'], 'PD_4': ['PD_3']}, FR: {'PD_2,PD_3': inf, 'PD_2,PD_4': 3, 'PD_3,PD_4': inf}
  Computing metrics...
    RSI: {'PD_2,PD_3': 0.0, 'PD_2,PD_4': 0.0, 'PD_3,PD_4': 1.0}, ASR: 1.0, TCB: {'PD_2': ['PD_4'], 'PD_3': ['PD_4'], 'PD_4': ['PD_3']}, FR: {'PD_2,PD_3': inf, 'PD_2,PD_4': inf, 'PD_3,PD_4': inf}
  Computing metrics...
    RSI: {'PD_2,PD_3': 0.0, 'PD_2,PD_4': 0.0, 'PD_3,PD_4': 1.0}, ASR: 1.0, TCB: {'PD_2': ['PD_4'], 'PD_3': ['PD_4'], 'PD_4': ['PD_3']}, FR: {'PD_2,PD_3': inf, 'PD_2,PD_4': inf, 'PD_3,PD_4': inf}
  Computing metrics...
    RSI: {'PD_2,PD_3': 0.0, 'PD_2,PD_4': 0.0, 'PD_3,PD_4': 1.0}, ASR: 1.0, TCB: {'PD_2': ['PD_4'], 'PD_3': ['PD_4'], 'PD_4': ['PD_3']}, FR: {'PD_2,PD_3': inf, 'PD_2,PD_4': inf, 'PD_3,PD_4': inf}
  Computing metrics...
    RSI: {'PD_2,PD_3': 0.0, 'PD_2,PD_4': 0.0, 'PD_3,PD_4': 1.0}, ASR: 1.0, TCB: {'PD_2': ['PD_4'], 'PD_3': ['PD_4'], 'PD_4': ['PD_3']}, FR: {'PD_2,PD_3': inf, 'PD_2,PD_4': inf, 'PD_3,PD_4': inf}
  🚫 Filtered out 0 'remove_pd(remove empty PD_1)' candidates (avoiding repetition)
  Trying best transition: primitive
    Target: connect PD_2 to FILE_1_1
    Predicted improvement: 2.767
    Considered 16 other option(s):
      1. primitive: add new protection domain to help resolve 3 constraint violation(s) (improvement: 0.100)
      2. primitive: remove empty PD_2 (improvement: 0.100)
      3. primitive: create new CONFIG file in FILE_SPACE_1 (improvement: 0.100)
      4. primitive: create new DATABASE file in FILE_SPACE_1 (improvement: 0.100)
      5. primitive: create new TEMP file in FILE_SPACE_1 (improvement: 0.100)
      6. primitive: create new LOG file in FILE_SPACE_1 (improvement: 0.100)
      7. primitive: remove FILE_1_1 (holders: 2) (improvement: 0.100)
      8. primitive: remove PD_3 -> FILE_1_1 HOLD edge (improvement: 0.100)
      9. primitive: remove PD_4 -> FILE_1_1 HOLD edge (improvement: 0.100)
      10. primitive: enable indirect access: PD_2 -> PD_3 (improvement: 0.100)
      ... and 6 more
    ✅ Applied add_hold_edge
  📋 Generated 17 candidate(s)
  Computing metrics...
    RSI: {'PD_2,PD_3': 1.0, 'PD_2,PD_4': 1.0, 'PD_3,PD_4': 1.0}, ASR: 1.3333333333333333, TCB: {'PD_2': ['PD_4', 'PD_3'], 'PD_3': ['PD_2', 'PD_4'], 'PD_4': ['PD_2', 'PD_3']}, FR: {'PD_2,PD_3': inf, 'PD_2,PD_4': inf, 'PD_3,PD_4': inf}
    ✅ Added candidate: add_hold_edge (score: 2.767)
  Computing metrics...
    RSI: {'PD_2,PD_3': 0.0, 'PD_2,PD_4': 0.0, 'PD_2,PD_5': 0.0, 'PD_3,PD_4': 1.0, 'PD_3,PD_5': 0.0, 'PD_4,PD_5': 0.0}, ASR: 0.75, TCB: {'PD_2': ['PD_4'], 'PD_3': ['PD_4'], 'PD_4': ['PD_3'], 'PD_5': []}, FR: {'PD_2,PD_3': inf, 'PD_2,PD_4': inf, 'PD_2,PD_5': inf, 'PD_3,PD_4': inf, 'PD_3,PD_5': inf, 'PD_4,PD_5': inf}
    ✅ Added candidate: add_pd (score: 0.100)

🌟 Expanding Beam[2] (score: 0.100)
  ⚠️  Constraints violated: PD_2 lacks any access to FILE_1_1; PD_1 lacks access to any files...
  Computing metrics...
    RSI: {'PD_1,PD_3': 0.0, 'PD_1,PD_4': 0.0, 'PD_3,PD_4': 1.0}, ASR: 1.0, TCB: {'PD_1': ['PD_3'], 'PD_3': ['PD_4'], 'PD_4': ['PD_3']}, FR: {'PD_1,PD_3': inf, 'PD_1,PD_4': inf, 'PD_3,PD_4': inf}
  Computing metrics...
    RSI: {'PD_1,PD_3': 0.0, 'PD_1,PD_4': 0.0, 'PD_3,PD_4': 1.0}, ASR: 1.0, TCB: {'PD_1': ['PD_3'], 'PD_3': ['PD_4'], 'PD_4': ['PD_3']}, FR: {'PD_1,PD_3': inf, 'PD_1,PD_4': inf, 'PD_3,PD_4': inf}
  Computing metrics...
    RSI: {'PD_1,PD_3': 0.0, 'PD_1,PD_4': 0.0, 'PD_3,PD_4': 1.0}, ASR: 1.0, TCB: {'PD_1': ['PD_3'], 'PD_3': ['PD_4'], 'PD_4': ['PD_3']}, FR: {'PD_1,PD_3': inf, 'PD_1,PD_4': inf, 'PD_3,PD_4': inf}
  Computing metrics...
    RSI: {'PD_1,PD_3': 0.0, 'PD_1,PD_4': 0.0, 'PD_3,PD_4': 1.0}, ASR: 1.0, TCB: {'PD_1': ['PD_3'], 'PD_3': ['PD_4'], 'PD_4': ['PD_3']}, FR: {'PD_1,PD_3': inf, 'PD_1,PD_4': inf, 'PD_3,PD_4': inf}
  Computing metrics...
    RSI: {'PD_1,PD_3': 0.0, 'PD_1,PD_4': 0.0, 'PD_3,PD_4': 1.0}, ASR: 1.0, TCB: {'PD_1': ['PD_3'], 'PD_3': ['PD_4'], 'PD_4': ['PD_3']}, FR: {'PD_1,PD_3': inf, 'PD_1,PD_4': inf, 'PD_3,PD_4': inf}
  Computing metrics...
    RSI: {'PD_1,PD_3': 0.0, 'PD_1,PD_4': 0.0, 'PD_3,PD_4': 1.0}, ASR: 1.0, TCB: {'PD_1': ['PD_3'], 'PD_3': ['PD_4'], 'PD_4': ['PD_3']}, FR: {'PD_1,PD_3': inf, 'PD_1,PD_4': inf, 'PD_3,PD_4': inf}
  Computing metrics...
    RSI: {'PD_1,PD_3': 0.0, 'PD_1,PD_4': 0.0, 'PD_3,PD_4': 1.0}, ASR: 1.0, TCB: {'PD_1': ['PD_3'], 'PD_3': ['PD_4'], 'PD_4': ['PD_3']}, FR: {'PD_1,PD_3': inf, 'PD_1,PD_4': inf, 'PD_3,PD_4': inf}
  Computing metrics...
    RSI: {'PD_1,PD_3': 0.0, 'PD_1,PD_4': 0.0, 'PD_3,PD_4': 1.0}, ASR: 1.0, TCB: {'PD_1': ['PD_3'], 'PD_3': ['PD_4'], 'PD_4': ['PD_3']}, FR: {'PD_1,PD_3': inf, 'PD_1,PD_4': inf, 'PD_3,PD_4': inf}
  Computing metrics...
    RSI: {'PD_1,PD_3': 0.0, 'PD_1,PD_4': 0.0, 'PD_3,PD_4': 1.0}, ASR: 1.0, TCB: {'PD_1': ['PD_3'], 'PD_3': ['PD_4'], 'PD_4': ['PD_3']}, FR: {'PD_1,PD_3': inf, 'PD_1,PD_4': inf, 'PD_3,PD_4': inf}
  Computing metrics...
    RSI: {'PD_1,PD_3': 0.0, 'PD_1,PD_4': 0.0, 'PD_3,PD_4': 1.0}, ASR: 1.0, TCB: {'PD_1': ['PD_3'], 'PD_3': ['PD_4'], 'PD_4': ['PD_3']}, FR: {'PD_1,PD_3': inf, 'PD_1,PD_4': inf, 'PD_3,PD_4': inf}
  Computing metrics...
    RSI: {'PD_1,PD_3': 0.0, 'PD_1,PD_4': 0.0, 'PD_3,PD_4': 1.0}, ASR: 1.0, TCB: {'PD_1': ['PD_3'], 'PD_3': ['PD_4'], 'PD_4': ['PD_3']}, FR: {'PD_1,PD_3': inf, 'PD_1,PD_4': inf, 'PD_3,PD_4': inf}
  Computing metrics...
    RSI: {'PD_1,PD_3': 0.0, 'PD_1,PD_4': 0.0, 'PD_3,PD_4': 1.0}, ASR: 1.0, TCB: {'PD_1': ['PD_3'], 'PD_3': ['PD_4'], 'PD_4': ['PD_3']}, FR: {'PD_1,PD_3': inf, 'PD_1,PD_4': inf, 'PD_3,PD_4': inf}
  Computing metrics...
    RSI: {'PD_1,PD_3': 0.0, 'PD_1,PD_4': 0.0, 'PD_3,PD_4': 1.0}, ASR: 1.0, TCB: {'PD_1': ['PD_3'], 'PD_3': ['PD_4'], 'PD_4': ['PD_3']}, FR: {'PD_1,PD_3': inf, 'PD_1,PD_4': inf, 'PD_3,PD_4': inf}
  Computing metrics...
    RSI: {'PD_1,PD_3': 0.0, 'PD_1,PD_4': 0.0, 'PD_3,PD_4': 1.0}, ASR: 1.0, TCB: {'PD_1': ['PD_3'], 'PD_3': ['PD_4'], 'PD_4': ['PD_3']}, FR: {'PD_1,PD_3': inf, 'PD_1,PD_4': inf, 'PD_3,PD_4': inf}
  Computing metrics...
    RSI: {'PD_1,PD_3': 0.0, 'PD_1,PD_4': 0.0, 'PD_3,PD_4': 1.0}, ASR: 1.0, TCB: {'PD_1': ['PD_3'], 'PD_3': ['PD_4'], 'PD_4': ['PD_3']}, FR: {'PD_1,PD_3': inf, 'PD_1,PD_4': inf, 'PD_3,PD_4': inf}
  Computing metrics...
    RSI: {'PD_1,PD_3': 1.0, 'PD_1,PD_4': 1.0, 'PD_3,PD_4': 1.0}, ASR: 1.3333333333333333, TCB: {'PD_1': ['PD_3', 'PD_4'], 'PD_3': ['PD_1', 'PD_4'], 'PD_4': ['PD_1', 'PD_3']}, FR: {'PD_1,PD_3': inf, 'PD_1,PD_4': inf, 'PD_3,PD_4': inf}
  Computing metrics...
    RSI: {'PD_1,PD_3': 0.0, 'PD_1,PD_4': 0.0, 'PD_3,PD_4': 1.0}, ASR: 1.0, TCB: {'PD_1': ['PD_3'], 'PD_3': ['PD_4'], 'PD_4': ['PD_3']}, FR: {'PD_1,PD_3': inf, 'PD_1,PD_4': inf, 'PD_3,PD_4': inf}
  Computing metrics...
    RSI: {'PD_1,PD_3': 0.0, 'PD_1,PD_4': 0.0, 'PD_3,PD_4': 1.0}, ASR: 1.0, TCB: {'PD_1': ['PD_3'], 'PD_3': ['PD_4'], 'PD_4': ['PD_3']}, FR: {'PD_1,PD_3': inf, 'PD_1,PD_4': inf, 'PD_3,PD_4': inf}
    remove_hold_edge candidate: remove PD_3 -> FILE_1_1 HOLD edge -> score: 0.100
  Computing metrics...
    RSI: {'PD_1,PD_3': 0.0, 'PD_1,PD_4': 0.0, 'PD_3,PD_4': 1.0}, ASR: 1.0, TCB: {'PD_1': ['PD_3'], 'PD_3': ['PD_4'], 'PD_4': ['PD_3']}, FR: {'PD_1,PD_3': inf, 'PD_1,PD_4': inf, 'PD_3,PD_4': inf}
  Computing metrics...
    RSI: {'PD_1,PD_3': 0.0, 'PD_1,PD_4': 0.0, 'PD_3,PD_4': 1.0}, ASR: 1.0, TCB: {'PD_1': ['PD_3'], 'PD_3': ['PD_4'], 'PD_4': ['PD_3']}, FR: {'PD_1,PD_3': inf, 'PD_1,PD_4': inf, 'PD_3,PD_4': inf}
    remove_hold_edge candidate: remove PD_4 -> FILE_1_1 HOLD edge -> score: 0.100
  Computing metrics...
    RSI: {'PD_1,PD_3': 0.0, 'PD_1,PD_4': 0.0, 'PD_3,PD_4': 1.0}, ASR: 1.0, TCB: {'PD_1': ['PD_3'], 'PD_3': ['PD_4'], 'PD_4': ['PD_3']}, FR: {'PD_1,PD_3': inf, 'PD_1,PD_4': inf, 'PD_3,PD_4': inf}
  Computing metrics...
    RSI: {'PD_1,PD_3': 0.0, 'PD_1,PD_4': 0.0, 'PD_3,PD_4': 1.0}, ASR: 1.3333333333333333, TCB: {'PD_1': ['PD_3', 'PD_4'], 'PD_3': ['PD_4'], 'PD_4': ['PD_3']}, FR: {'PD_1,PD_3': inf, 'PD_1,PD_4': inf, 'PD_3,PD_4': inf}
  Computing metrics...
    RSI: {'PD_1,PD_3': 0.0, 'PD_1,PD_4': 0.0, 'PD_3,PD_4': 1.0}, ASR: 1.0, TCB: {'PD_1': ['PD_3'], 'PD_3': ['PD_4'], 'PD_4': ['PD_3']}, FR: {'PD_1,PD_3': inf, 'PD_1,PD_4': inf, 'PD_3,PD_4': inf}
  Computing metrics...
    RSI: {'PD_1,PD_3': 0.0, 'PD_1,PD_4': 0.0, 'PD_3,PD_4': 1.0}, ASR: 1.3333333333333333, TCB: {'PD_1': ['PD_3'], 'PD_3': ['PD_1', 'PD_4'], 'PD_4': ['PD_3']}, FR: {'PD_1,PD_3': inf, 'PD_1,PD_4': inf, 'PD_3,PD_4': inf}
  Computing metrics...
    RSI: {'PD_1,PD_3': 0.0, 'PD_1,PD_4': 0.0, 'PD_3,PD_4': 1.0}, ASR: 1.0, TCB: {'PD_1': ['PD_3'], 'PD_3': ['PD_4'], 'PD_4': ['PD_3']}, FR: {'PD_1,PD_3': inf, 'PD_1,PD_4': inf, 'PD_3,PD_4': inf}
  Computing metrics...
    RSI: {'PD_1,PD_3': 0.0, 'PD_1,PD_4': 0.0, 'PD_3,PD_4': 1.0}, ASR: 1.3333333333333333, TCB: {'PD_1': ['PD_3'], 'PD_3': ['PD_4'], 'PD_4': ['PD_3']}, FR: {'PD_1,PD_3': 3, 'PD_1,PD_4': inf, 'PD_3,PD_4': inf}
  Computing metrics...
    RSI: {'PD_1,PD_3': 0.0, 'PD_1,PD_4': 0.0, 'PD_3,PD_4': 1.0}, ASR: 1.0, TCB: {'PD_1': ['PD_3'], 'PD_3': ['PD_4'], 'PD_4': ['PD_3']}, FR: {'PD_1,PD_3': inf, 'PD_1,PD_4': inf, 'PD_3,PD_4': inf}
  Computing metrics...
    RSI: {'PD_1,PD_3': 0.0, 'PD_1,PD_4': 0.0, 'PD_3,PD_4': 1.0}, ASR: 1.3333333333333333, TCB: {'PD_1': ['PD_3'], 'PD_3': ['PD_4'], 'PD_4': ['PD_1', 'PD_3']}, FR: {'PD_1,PD_3': inf, 'PD_1,PD_4': 3, 'PD_3,PD_4': inf}
  Computing metrics...
    RSI: {'PD_1,PD_3': 0.0, 'PD_1,PD_4': 0.0, 'PD_3,PD_4': 1.0}, ASR: 1.0, TCB: {'PD_1': ['PD_3'], 'PD_3': ['PD_4'], 'PD_4': ['PD_3']}, FR: {'PD_1,PD_3': inf, 'PD_1,PD_4': inf, 'PD_3,PD_4': inf}
  Computing metrics...
    RSI: {'PD_1,PD_3': 0.0, 'PD_1,PD_4': 0.0, 'PD_3,PD_4': 1.0}, ASR: 1.3333333333333333, TCB: {'PD_1': ['PD_3'], 'PD_3': ['PD_4'], 'PD_4': ['PD_3']}, FR: {'PD_1,PD_3': inf, 'PD_1,PD_4': 2, 'PD_3,PD_4': inf}
  Computing metrics...
    RSI: {'PD_1,PD_3': 0.0, 'PD_1,PD_4': 0.0, 'PD_3,PD_4': 1.0}, ASR: 1.0, TCB: {'PD_1': ['PD_3'], 'PD_3': ['PD_4'], 'PD_4': ['PD_3']}, FR: {'PD_1,PD_3': inf, 'PD_1,PD_4': inf, 'PD_3,PD_4': inf}
  Computing metrics...
    RSI: {'PD_1,PD_3': 0.0, 'PD_1,PD_4': 0.0, 'PD_3,PD_4': 1.0}, ASR: 1.0, TCB: {'PD_1': ['PD_3'], 'PD_3': ['PD_4'], 'PD_4': ['PD_3']}, FR: {'PD_1,PD_3': inf, 'PD_1,PD_4': inf, 'PD_3,PD_4': inf}
  Computing metrics...
    RSI: {'PD_1,PD_3': 0.0, 'PD_1,PD_4': 0.0, 'PD_3,PD_4': 1.0}, ASR: 1.0, TCB: {'PD_1': ['PD_3'], 'PD_3': ['PD_4'], 'PD_4': ['PD_3']}, FR: {'PD_1,PD_3': inf, 'PD_1,PD_4': inf, 'PD_3,PD_4': inf}
  Computing metrics...
    RSI: {'PD_1,PD_3': 0.0, 'PD_1,PD_4': 0.0, 'PD_3,PD_4': 1.0}, ASR: 1.0, TCB: {'PD_1': ['PD_3'], 'PD_3': ['PD_4'], 'PD_4': ['PD_3']}, FR: {'PD_1,PD_3': inf, 'PD_1,PD_4': inf, 'PD_3,PD_4': inf}
  🚫 Filtered out 0 'remove_pd(remove empty PD_2)' candidates (avoiding repetition)
  Trying best transition: primitive
    Target: connect PD_1 to FILE_1_1
    Predicted improvement: 2.767
    Considered 16 other option(s):
      1. primitive: add new protection domain to help resolve 3 constraint violation(s) (improvement: 0.100)
      2. primitive: remove empty PD_1 (improvement: 0.100)
      3. primitive: create new CONFIG file in FILE_SPACE_1 (improvement: 0.100)
      4. primitive: create new DATABASE file in FILE_SPACE_1 (improvement: 0.100)
      5. primitive: create new TEMP file in FILE_SPACE_1 (improvement: 0.100)
      6. primitive: create new LOG file in FILE_SPACE_1 (improvement: 0.100)
      7. primitive: remove FILE_1_1 (holders: 2) (improvement: 0.100)
      8. primitive: remove PD_3 -> FILE_1_1 HOLD edge (improvement: 0.100)
      9. primitive: remove PD_4 -> FILE_1_1 HOLD edge (improvement: 0.100)
      10. primitive: enable indirect access: PD_1 -> PD_4 (improvement: 0.100)
      ... and 6 more
    ✅ Applied add_hold_edge
  📋 Generated 17 candidate(s)
  Computing metrics...
    RSI: {'PD_1,PD_3': 1.0, 'PD_1,PD_4': 1.0, 'PD_3,PD_4': 1.0}, ASR: 1.3333333333333333, TCB: {'PD_1': ['PD_3', 'PD_4'], 'PD_3': ['PD_1', 'PD_4'], 'PD_4': ['PD_1', 'PD_3']}, FR: {'PD_1,PD_3': inf, 'PD_1,PD_4': inf, 'PD_3,PD_4': inf}
    ✅ Added candidate: add_hold_edge (score: 2.767)
  Computing metrics...
    RSI: {'PD_1,PD_3': 0.0, 'PD_1,PD_4': 0.0, 'PD_1,PD_5': 0.0, 'PD_3,PD_4': 1.0, 'PD_3,PD_5': 0.0, 'PD_4,PD_5': 0.0}, ASR: 0.75, TCB: {'PD_1': ['PD_3'], 'PD_3': ['PD_4'], 'PD_4': ['PD_3'], 'PD_5': []}, FR: {'PD_1,PD_3': inf, 'PD_1,PD_4': inf, 'PD_1,PD_5': inf, 'PD_3,PD_4': inf, 'PD_3,PD_5': inf, 'PD_4,PD_5': inf}
    ✅ Added candidate: add_pd (score: 0.100)

📊 Next beam (3 states):
  Beam[0]: BeamState(iter=2, score=2.767, path=remove_pd(remove empty PD_1) → add_hold_edge(connect PD_2 to FILE_1_1))
  Beam[1]: BeamState(iter=2, score=2.767, path=remove_pd(remove empty PD_2) → add_hold_edge(connect PD_1 to FILE_1_1))
  Beam[2]: BeamState(iter=2, score=0.100, path=add_pd(add new protection domain to help resolve 2 constraint violation(s)) → add_pd(add new protection domain to help resolve 2 constraint violation(s)))
💡 Total candidates generated: 6
🎯 Mechanisms discovered so far: 0

============================================================
🔍 Beam Search Iteration 3/8
📊 Current beam size: 3
  Beam[0]: BeamState(iter=2, score=2.767, path=remove_pd(remove empty PD_1) → add_hold_edge(connect PD_2 to FILE_1_1))
  Beam[1]: BeamState(iter=2, score=2.767, path=remove_pd(remove empty PD_2) → add_hold_edge(connect PD_1 to FILE_1_1))
  Beam[2]: BeamState(iter=2, score=0.100, path=add_pd(add new protection domain to help resolve 2 constraint violation(s)) → add_pd(add new protection domain to help resolve 2 constraint violation(s)))

🌟 Expanding Beam[0] (score: 2.767)
  ⚠️  Constraints violated: PD_1 lacks any access to FILE_1_1; PD_1 lacks access to any files
  Computing metrics...
    RSI: {'PD_2,PD_3': 1.0, 'PD_2,PD_4': 1.0, 'PD_3,PD_4': 1.0}, ASR: 1.3333333333333333, TCB: {'PD_2': ['PD_4', 'PD_3'], 'PD_3': ['PD_2', 'PD_4'], 'PD_4': ['PD_2', 'PD_3']}, FR: {'PD_2,PD_3': inf, 'PD_2,PD_4': inf, 'PD_3,PD_4': inf}
  Computing metrics...
    RSI: {'PD_2,PD_3': 1.0, 'PD_2,PD_4': 1.0, 'PD_3,PD_4': 1.0}, ASR: 1.3333333333333333, TCB: {'PD_2': ['PD_4', 'PD_3'], 'PD_3': ['PD_2', 'PD_4'], 'PD_4': ['PD_2', 'PD_3']}, FR: {'PD_2,PD_3': inf, 'PD_2,PD_4': inf, 'PD_3,PD_4': inf}
  Computing metrics...
    RSI: {'PD_2,PD_3': 1.0, 'PD_2,PD_4': 1.0, 'PD_3,PD_4': 1.0}, ASR: 1.3333333333333333, TCB: {'PD_2': ['PD_4', 'PD_3'], 'PD_3': ['PD_2', 'PD_4'], 'PD_4': ['PD_2', 'PD_3']}, FR: {'PD_2,PD_3': inf, 'PD_2,PD_4': inf, 'PD_3,PD_4': inf}
  Computing metrics...
    RSI: {'PD_2,PD_3': 1.0, 'PD_2,PD_4': 1.0, 'PD_3,PD_4': 1.0}, ASR: 1.3333333333333333, TCB: {'PD_2': ['PD_4', 'PD_3'], 'PD_3': ['PD_2', 'PD_4'], 'PD_4': ['PD_2', 'PD_3']}, FR: {'PD_2,PD_3': inf, 'PD_2,PD_4': inf, 'PD_3,PD_4': inf}
  Computing metrics...
    RSI: {'PD_2,PD_3': 1.0, 'PD_2,PD_4': 1.0, 'PD_3,PD_4': 1.0}, ASR: 1.3333333333333333, TCB: {'PD_2': ['PD_4', 'PD_3'], 'PD_3': ['PD_2', 'PD_4'], 'PD_4': ['PD_2', 'PD_3']}, FR: {'PD_2,PD_3': inf, 'PD_2,PD_4': inf, 'PD_3,PD_4': inf}
  Computing metrics...
    RSI: {'PD_2,PD_3': 1.0, 'PD_2,PD_4': 1.0, 'PD_3,PD_4': 1.0}, ASR: 1.3333333333333333, TCB: {'PD_2': ['PD_4', 'PD_3'], 'PD_3': ['PD_2', 'PD_4'], 'PD_4': ['PD_2', 'PD_3']}, FR: {'PD_2,PD_3': inf, 'PD_2,PD_4': inf, 'PD_3,PD_4': inf}
  Computing metrics...
    RSI: {'PD_2,PD_3': 1.0, 'PD_2,PD_4': 1.0, 'PD_3,PD_4': 1.0}, ASR: 1.3333333333333333, TCB: {'PD_2': ['PD_4', 'PD_3'], 'PD_3': ['PD_2', 'PD_4'], 'PD_4': ['PD_2', 'PD_3']}, FR: {'PD_2,PD_3': inf, 'PD_2,PD_4': inf, 'PD_3,PD_4': inf}
  Computing metrics...
    RSI: {'PD_2,PD_3': 1.0, 'PD_2,PD_4': 1.0, 'PD_3,PD_4': 1.0}, ASR: 1.3333333333333333, TCB: {'PD_2': ['PD_4', 'PD_3'], 'PD_3': ['PD_2', 'PD_4'], 'PD_4': ['PD_2', 'PD_3']}, FR: {'PD_2,PD_3': inf, 'PD_2,PD_4': inf, 'PD_3,PD_4': inf}
  Computing metrics...
    RSI: {'PD_2,PD_3': 1.0, 'PD_2,PD_4': 1.0, 'PD_3,PD_4': 1.0}, ASR: 1.3333333333333333, TCB: {'PD_2': ['PD_4', 'PD_3'], 'PD_3': ['PD_2', 'PD_4'], 'PD_4': ['PD_2', 'PD_3']}, FR: {'PD_2,PD_3': inf, 'PD_2,PD_4': inf, 'PD_3,PD_4': inf}
  Computing metrics...
    RSI: {'PD_2,PD_3': 1.0, 'PD_2,PD_4': 1.0, 'PD_3,PD_4': 1.0}, ASR: 1.3333333333333333, TCB: {'PD_2': ['PD_4', 'PD_3'], 'PD_3': ['PD_2', 'PD_4'], 'PD_4': ['PD_2', 'PD_3']}, FR: {'PD_2,PD_3': inf, 'PD_2,PD_4': inf, 'PD_3,PD_4': inf}
  Computing metrics...
    RSI: {'PD_2,PD_3': 1.0, 'PD_2,PD_4': 1.0, 'PD_3,PD_4': 1.0}, ASR: 1.3333333333333333, TCB: {'PD_2': ['PD_4', 'PD_3'], 'PD_3': ['PD_2', 'PD_4'], 'PD_4': ['PD_2', 'PD_3']}, FR: {'PD_2,PD_3': inf, 'PD_2,PD_4': inf, 'PD_3,PD_4': inf}
  Computing metrics...
    RSI: {'PD_2,PD_3': 1.0, 'PD_2,PD_4': 1.0, 'PD_3,PD_4': 1.0}, ASR: 1.3333333333333333, TCB: {'PD_2': ['PD_4', 'PD_3'], 'PD_3': ['PD_2', 'PD_4'], 'PD_4': ['PD_2', 'PD_3']}, FR: {'PD_2,PD_3': inf, 'PD_2,PD_4': inf, 'PD_3,PD_4': inf}
  Computing metrics...
    RSI: {'PD_2,PD_3': 1.0, 'PD_2,PD_4': 1.0, 'PD_3,PD_4': 1.0}, ASR: 1.3333333333333333, TCB: {'PD_2': ['PD_4', 'PD_3'], 'PD_3': ['PD_2', 'PD_4'], 'PD_4': ['PD_2', 'PD_3']}, FR: {'PD_2,PD_3': inf, 'PD_2,PD_4': inf, 'PD_3,PD_4': inf}
  Computing metrics...
    RSI: {'PD_2,PD_3': 1.0, 'PD_2,PD_4': 1.0, 'PD_3,PD_4': 1.0}, ASR: 1.3333333333333333, TCB: {'PD_2': ['PD_4', 'PD_3'], 'PD_3': ['PD_2', 'PD_4'], 'PD_4': ['PD_2', 'PD_3']}, FR: {'PD_2,PD_3': inf, 'PD_2,PD_4': inf, 'PD_3,PD_4': inf}
    remove_hold_edge candidate: remove PD_3 -> FILE_1_1 HOLD edge -> score: 0.100
  Computing metrics...
    RSI: {'PD_2,PD_3': 1.0, 'PD_2,PD_4': 1.0, 'PD_3,PD_4': 1.0}, ASR: 1.3333333333333333, TCB: {'PD_2': ['PD_4', 'PD_3'], 'PD_3': ['PD_2', 'PD_4'], 'PD_4': ['PD_2', 'PD_3']}, FR: {'PD_2,PD_3': inf, 'PD_2,PD_4': inf, 'PD_3,PD_4': inf}
  Computing metrics...
    RSI: {'PD_2,PD_3': 1.0, 'PD_2,PD_4': 1.0, 'PD_3,PD_4': 1.0}, ASR: 1.3333333333333333, TCB: {'PD_2': ['PD_4', 'PD_3'], 'PD_3': ['PD_2', 'PD_4'], 'PD_4': ['PD_2', 'PD_3']}, FR: {'PD_2,PD_3': inf, 'PD_2,PD_4': inf, 'PD_3,PD_4': inf}
    remove_hold_edge candidate: remove PD_4 -> FILE_1_1 HOLD edge -> score: 0.100
  Computing metrics...
    RSI: {'PD_2,PD_3': 1.0, 'PD_2,PD_4': 1.0, 'PD_3,PD_4': 1.0}, ASR: 1.3333333333333333, TCB: {'PD_2': ['PD_4', 'PD_3'], 'PD_3': ['PD_2', 'PD_4'], 'PD_4': ['PD_2', 'PD_3']}, FR: {'PD_2,PD_3': inf, 'PD_2,PD_4': inf, 'PD_3,PD_4': inf}
  Computing metrics...
    RSI: {'PD_2,PD_3': 1.0, 'PD_2,PD_4': 1.0, 'PD_3,PD_4': 1.0}, ASR: 1.6666666666666667, TCB: {'PD_2': ['PD_4', 'PD_3'], 'PD_3': ['PD_2', 'PD_4'], 'PD_4': ['PD_2', 'PD_3']}, FR: {'PD_2,PD_3': inf, 'PD_2,PD_4': inf, 'PD_3,PD_4': inf}
  Computing metrics...
    RSI: {'PD_2,PD_3': 1.0, 'PD_2,PD_4': 1.0, 'PD_3,PD_4': 1.0}, ASR: 1.3333333333333333, TCB: {'PD_2': ['PD_4', 'PD_3'], 'PD_3': ['PD_2', 'PD_4'], 'PD_4': ['PD_2', 'PD_3']}, FR: {'PD_2,PD_3': inf, 'PD_2,PD_4': inf, 'PD_3,PD_4': inf}
  Computing metrics...
    RSI: {'PD_2,PD_3': 1.0, 'PD_2,PD_4': 1.0, 'PD_3,PD_4': 1.0}, ASR: 1.6666666666666667, TCB: {'PD_2': ['PD_4', 'PD_3'], 'PD_3': ['PD_2', 'PD_4'], 'PD_4': ['PD_2', 'PD_3']}, FR: {'PD_2,PD_3': 3, 'PD_2,PD_4': inf, 'PD_3,PD_4': inf}
  Computing metrics...
    RSI: {'PD_2,PD_3': 1.0, 'PD_2,PD_4': 1.0, 'PD_3,PD_4': 1.0}, ASR: 1.3333333333333333, TCB: {'PD_2': ['PD_4', 'PD_3'], 'PD_3': ['PD_2', 'PD_4'], 'PD_4': ['PD_2', 'PD_3']}, FR: {'PD_2,PD_3': inf, 'PD_2,PD_4': inf, 'PD_3,PD_4': inf}
  Computing metrics...
    RSI: {'PD_2,PD_3': 1.0, 'PD_2,PD_4': 1.0, 'PD_3,PD_4': 1.0}, ASR: 1.6666666666666667, TCB: {'PD_2': ['PD_4', 'PD_3'], 'PD_3': ['PD_4', 'PD_2'], 'PD_4': ['PD_2', 'PD_3']}, FR: {'PD_2,PD_3': 2, 'PD_2,PD_4': inf, 'PD_3,PD_4': inf}
  Computing metrics...
    RSI: {'PD_2,PD_3': 1.0, 'PD_2,PD_4': 1.0, 'PD_3,PD_4': 1.0}, ASR: 1.3333333333333333, TCB: {'PD_2': ['PD_4', 'PD_3'], 'PD_3': ['PD_2', 'PD_4'], 'PD_4': ['PD_2', 'PD_3']}, FR: {'PD_2,PD_3': inf, 'PD_2,PD_4': inf, 'PD_3,PD_4': inf}
  Computing metrics...
    RSI: {'PD_2,PD_3': 1.0, 'PD_2,PD_4': 1.0, 'PD_3,PD_4': 1.0}, ASR: 1.6666666666666667, TCB: {'PD_2': ['PD_4', 'PD_3'], 'PD_3': ['PD_2', 'PD_4'], 'PD_4': ['PD_2', 'PD_3']}, FR: {'PD_2,PD_3': inf, 'PD_2,PD_4': inf, 'PD_3,PD_4': inf}
  Computing metrics...
    RSI: {'PD_2,PD_3': 1.0, 'PD_2,PD_4': 1.0, 'PD_3,PD_4': 1.0}, ASR: 1.3333333333333333, TCB: {'PD_2': ['PD_4', 'PD_3'], 'PD_3': ['PD_2', 'PD_4'], 'PD_4': ['PD_2', 'PD_3']}, FR: {'PD_2,PD_3': inf, 'PD_2,PD_4': inf, 'PD_3,PD_4': inf}
  Computing metrics...
    RSI: {'PD_2,PD_3': 1.0, 'PD_2,PD_4': 1.0, 'PD_3,PD_4': 1.0}, ASR: 1.6666666666666667, TCB: {'PD_2': ['PD_4', 'PD_3'], 'PD_3': ['PD_2', 'PD_4'], 'PD_4': ['PD_3', 'PD_2']}, FR: {'PD_2,PD_3': inf, 'PD_2,PD_4': 3, 'PD_3,PD_4': inf}
  Computing metrics...
    RSI: {'PD_2,PD_3': 1.0, 'PD_2,PD_4': 1.0, 'PD_3,PD_4': 1.0}, ASR: 1.3333333333333333, TCB: {'PD_2': ['PD_4', 'PD_3'], 'PD_3': ['PD_2', 'PD_4'], 'PD_4': ['PD_2', 'PD_3']}, FR: {'PD_2,PD_3': inf, 'PD_2,PD_4': inf, 'PD_3,PD_4': inf}
  Computing metrics...
    RSI: {'PD_2,PD_3': 1.0, 'PD_2,PD_4': 1.0, 'PD_3,PD_4': 1.0}, ASR: 1.3333333333333333, TCB: {'PD_2': ['PD_4', 'PD_3'], 'PD_3': ['PD_2', 'PD_4'], 'PD_4': ['PD_2', 'PD_3']}, FR: {'PD_2,PD_3': inf, 'PD_2,PD_4': inf, 'PD_3,PD_4': inf}
  Computing metrics...
    RSI: {'PD_2,PD_3': 1.0, 'PD_2,PD_4': 1.0, 'PD_3,PD_4': 1.0}, ASR: 1.3333333333333333, TCB: {'PD_2': ['PD_4', 'PD_3'], 'PD_3': ['PD_2', 'PD_4'], 'PD_4': ['PD_2', 'PD_3']}, FR: {'PD_2,PD_3': inf, 'PD_2,PD_4': inf, 'PD_3,PD_4': inf}
  Computing metrics...
    RSI: {'PD_2,PD_3': 1.0, 'PD_2,PD_4': 1.0, 'PD_3,PD_4': 1.0}, ASR: 1.3333333333333333, TCB: {'PD_2': ['PD_4', 'PD_3'], 'PD_3': ['PD_2', 'PD_4'], 'PD_4': ['PD_2', 'PD_3']}, FR: {'PD_2,PD_3': inf, 'PD_2,PD_4': inf, 'PD_3,PD_4': inf}
  🚫 Filtered out 0 'add_hold_edge(connect PD_2 to FILE_1_1)' candidates (avoiding repetition)
  Trying best transition: primitive
    Target: add new protection domain to help resolve 2 constraint violation(s)
    Predicted improvement: 0.100
    Considered 14 other option(s):
      1. primitive: create new CONFIG file in FILE_SPACE_1 (improvement: 0.100)
      2. primitive: create new DATABASE file in FILE_SPACE_1 (improvement: 0.100)
      3. primitive: create new TEMP file in FILE_SPACE_1 (improvement: 0.100)
      4. primitive: create new LOG file in FILE_SPACE_1 (improvement: 0.100)
      5. primitive: remove FILE_1_1 (holders: 3) (improvement: 0.100)
      6. primitive: remove PD_3 -> FILE_1_1 HOLD edge (improvement: 0.100)
      7. primitive: remove PD_4 -> FILE_1_1 HOLD edge (improvement: 0.100)
      8. primitive: enable indirect access: PD_2 -> PD_3 (improvement: 0.100)
      9. primitive: enable indirect access: PD_3 -> PD_2 (improvement: 0.100)
      10. primitive: enable indirect access: PD_3 -> PD_4 (improvement: 0.100)
      ... and 4 more
    ✅ Applied add_pd
  📋 Generated 15 candidate(s)
  Computing metrics...
    RSI: {'PD_2,PD_3': 1.0, 'PD_2,PD_4': 1.0, 'PD_2,PD_5': 0.0, 'PD_3,PD_4': 1.0, 'PD_3,PD_5': 0.0, 'PD_4,PD_5': 0.0}, ASR: 1.0, TCB: {'PD_2': ['PD_4', 'PD_3'], 'PD_3': ['PD_2', 'PD_4'], 'PD_4': ['PD_2', 'PD_3'], 'PD_5': []}, FR: {'PD_2,PD_3': inf, 'PD_2,PD_4': inf, 'PD_2,PD_5': inf, 'PD_3,PD_4': inf, 'PD_3,PD_5': inf, 'PD_4,PD_5': inf}
    ✅ Added candidate: add_pd (score: 0.100)
  Computing metrics...
    RSI: {'PD_2,PD_3': 1.0, 'PD_2,PD_4': 1.0, 'PD_3,PD_4': 1.0}, ASR: 1.3333333333333333, TCB: {'PD_2': ['PD_4', 'PD_3'], 'PD_3': ['PD_2', 'PD_4'], 'PD_4': ['PD_2', 'PD_3']}, FR: {'PD_2,PD_3': inf, 'PD_2,PD_4': inf, 'PD_3,PD_4': inf}
    ✅ Added candidate: add_file_resource (score: 0.100)

🌟 Expanding Beam[1] (score: 2.767)
  ⚠️  Constraints violated: PD_2 lacks any access to FILE_1_1; PD_2 lacks access to any files
  Computing metrics...
    RSI: {'PD_1,PD_3': 1.0, 'PD_1,PD_4': 1.0, 'PD_3,PD_4': 1.0}, ASR: 1.3333333333333333, TCB: {'PD_1': ['PD_3', 'PD_4'], 'PD_3': ['PD_1', 'PD_4'], 'PD_4': ['PD_1', 'PD_3']}, FR: {'PD_1,PD_3': inf, 'PD_1,PD_4': inf, 'PD_3,PD_4': inf}
  Computing metrics...
    RSI: {'PD_1,PD_3': 1.0, 'PD_1,PD_4': 1.0, 'PD_3,PD_4': 1.0}, ASR: 1.3333333333333333, TCB: {'PD_1': ['PD_3', 'PD_4'], 'PD_3': ['PD_1', 'PD_4'], 'PD_4': ['PD_1', 'PD_3']}, FR: {'PD_1,PD_3': inf, 'PD_1,PD_4': inf, 'PD_3,PD_4': inf}
  Computing metrics...
    RSI: {'PD_1,PD_3': 1.0, 'PD_1,PD_4': 1.0, 'PD_3,PD_4': 1.0}, ASR: 1.3333333333333333, TCB: {'PD_1': ['PD_3', 'PD_4'], 'PD_3': ['PD_1', 'PD_4'], 'PD_4': ['PD_1', 'PD_3']}, FR: {'PD_1,PD_3': inf, 'PD_1,PD_4': inf, 'PD_3,PD_4': inf}
  Computing metrics...
    RSI: {'PD_1,PD_3': 1.0, 'PD_1,PD_4': 1.0, 'PD_3,PD_4': 1.0}, ASR: 1.3333333333333333, TCB: {'PD_1': ['PD_3', 'PD_4'], 'PD_3': ['PD_1', 'PD_4'], 'PD_4': ['PD_1', 'PD_3']}, FR: {'PD_1,PD_3': inf, 'PD_1,PD_4': inf, 'PD_3,PD_4': inf}
  Computing metrics...
    RSI: {'PD_1,PD_3': 1.0, 'PD_1,PD_4': 1.0, 'PD_3,PD_4': 1.0}, ASR: 1.3333333333333333, TCB: {'PD_1': ['PD_3', 'PD_4'], 'PD_3': ['PD_1', 'PD_4'], 'PD_4': ['PD_1', 'PD_3']}, FR: {'PD_1,PD_3': inf, 'PD_1,PD_4': inf, 'PD_3,PD_4': inf}
  Computing metrics...
    RSI: {'PD_1,PD_3': 1.0, 'PD_1,PD_4': 1.0, 'PD_3,PD_4': 1.0}, ASR: 1.3333333333333333, TCB: {'PD_1': ['PD_3', 'PD_4'], 'PD_3': ['PD_1', 'PD_4'], 'PD_4': ['PD_1', 'PD_3']}, FR: {'PD_1,PD_3': inf, 'PD_1,PD_4': inf, 'PD_3,PD_4': inf}
  Computing metrics...
    RSI: {'PD_1,PD_3': 1.0, 'PD_1,PD_4': 1.0, 'PD_3,PD_4': 1.0}, ASR: 1.3333333333333333, TCB: {'PD_1': ['PD_3', 'PD_4'], 'PD_3': ['PD_1', 'PD_4'], 'PD_4': ['PD_1', 'PD_3']}, FR: {'PD_1,PD_3': inf, 'PD_1,PD_4': inf, 'PD_3,PD_4': inf}
  Computing metrics...
    RSI: {'PD_1,PD_3': 1.0, 'PD_1,PD_4': 1.0, 'PD_3,PD_4': 1.0}, ASR: 1.3333333333333333, TCB: {'PD_1': ['PD_3', 'PD_4'], 'PD_3': ['PD_1', 'PD_4'], 'PD_4': ['PD_1', 'PD_3']}, FR: {'PD_1,PD_3': inf, 'PD_1,PD_4': inf, 'PD_3,PD_4': inf}
  Computing metrics...
    RSI: {'PD_1,PD_3': 1.0, 'PD_1,PD_4': 1.0, 'PD_3,PD_4': 1.0}, ASR: 1.3333333333333333, TCB: {'PD_1': ['PD_3', 'PD_4'], 'PD_3': ['PD_1', 'PD_4'], 'PD_4': ['PD_1', 'PD_3']}, FR: {'PD_1,PD_3': inf, 'PD_1,PD_4': inf, 'PD_3,PD_4': inf}
  Computing metrics...
    RSI: {'PD_1,PD_3': 1.0, 'PD_1,PD_4': 1.0, 'PD_3,PD_4': 1.0}, ASR: 1.3333333333333333, TCB: {'PD_1': ['PD_3', 'PD_4'], 'PD_3': ['PD_1', 'PD_4'], 'PD_4': ['PD_1', 'PD_3']}, FR: {'PD_1,PD_3': inf, 'PD_1,PD_4': inf, 'PD_3,PD_4': inf}
  Computing metrics...
    RSI: {'PD_1,PD_3': 1.0, 'PD_1,PD_4': 1.0, 'PD_3,PD_4': 1.0}, ASR: 1.3333333333333333, TCB: {'PD_1': ['PD_3', 'PD_4'], 'PD_3': ['PD_1', 'PD_4'], 'PD_4': ['PD_1', 'PD_3']}, FR: {'PD_1,PD_3': inf, 'PD_1,PD_4': inf, 'PD_3,PD_4': inf}
  Computing metrics...
    RSI: {'PD_1,PD_3': 1.0, 'PD_1,PD_4': 1.0, 'PD_3,PD_4': 1.0}, ASR: 1.3333333333333333, TCB: {'PD_1': ['PD_3', 'PD_4'], 'PD_3': ['PD_1', 'PD_4'], 'PD_4': ['PD_1', 'PD_3']}, FR: {'PD_1,PD_3': inf, 'PD_1,PD_4': inf, 'PD_3,PD_4': inf}
  Computing metrics...
    RSI: {'PD_1,PD_3': 1.0, 'PD_1,PD_4': 1.0, 'PD_3,PD_4': 1.0}, ASR: 1.3333333333333333, TCB: {'PD_1': ['PD_3', 'PD_4'], 'PD_3': ['PD_1', 'PD_4'], 'PD_4': ['PD_1', 'PD_3']}, FR: {'PD_1,PD_3': inf, 'PD_1,PD_4': inf, 'PD_3,PD_4': inf}
  Computing metrics...
    RSI: {'PD_1,PD_3': 1.0, 'PD_1,PD_4': 1.0, 'PD_3,PD_4': 1.0}, ASR: 1.3333333333333333, TCB: {'PD_1': ['PD_3', 'PD_4'], 'PD_3': ['PD_1', 'PD_4'], 'PD_4': ['PD_1', 'PD_3']}, FR: {'PD_1,PD_3': inf, 'PD_1,PD_4': inf, 'PD_3,PD_4': inf}
    remove_hold_edge candidate: remove PD_3 -> FILE_1_1 HOLD edge -> score: 0.100
  Computing metrics...
    RSI: {'PD_1,PD_3': 1.0, 'PD_1,PD_4': 1.0, 'PD_3,PD_4': 1.0}, ASR: 1.3333333333333333, TCB: {'PD_1': ['PD_3', 'PD_4'], 'PD_3': ['PD_1', 'PD_4'], 'PD_4': ['PD_1', 'PD_3']}, FR: {'PD_1,PD_3': inf, 'PD_1,PD_4': inf, 'PD_3,PD_4': inf}
  Computing metrics...
    RSI: {'PD_1,PD_3': 1.0, 'PD_1,PD_4': 1.0, 'PD_3,PD_4': 1.0}, ASR: 1.3333333333333333, TCB: {'PD_1': ['PD_3', 'PD_4'], 'PD_3': ['PD_1', 'PD_4'], 'PD_4': ['PD_1', 'PD_3']}, FR: {'PD_1,PD_3': inf, 'PD_1,PD_4': inf, 'PD_3,PD_4': inf}
    remove_hold_edge candidate: remove PD_4 -> FILE_1_1 HOLD edge -> score: 0.100
  Computing metrics...
    RSI: {'PD_1,PD_3': 1.0, 'PD_1,PD_4': 1.0, 'PD_3,PD_4': 1.0}, ASR: 1.3333333333333333, TCB: {'PD_1': ['PD_3', 'PD_4'], 'PD_3': ['PD_1', 'PD_4'], 'PD_4': ['PD_1', 'PD_3']}, FR: {'PD_1,PD_3': inf, 'PD_1,PD_4': inf, 'PD_3,PD_4': inf}
  Computing metrics...
    RSI: {'PD_1,PD_3': 1.0, 'PD_1,PD_4': 1.0, 'PD_3,PD_4': 1.0}, ASR: 1.6666666666666667, TCB: {'PD_1': ['PD_3', 'PD_4'], 'PD_3': ['PD_1', 'PD_4'], 'PD_4': ['PD_1', 'PD_3']}, FR: {'PD_1,PD_3': inf, 'PD_1,PD_4': inf, 'PD_3,PD_4': inf}
  Computing metrics...
    RSI: {'PD_1,PD_3': 1.0, 'PD_1,PD_4': 1.0, 'PD_3,PD_4': 1.0}, ASR: 1.3333333333333333, TCB: {'PD_1': ['PD_3', 'PD_4'], 'PD_3': ['PD_1', 'PD_4'], 'PD_4': ['PD_1', 'PD_3']}, FR: {'PD_1,PD_3': inf, 'PD_1,PD_4': inf, 'PD_3,PD_4': inf}
  Computing metrics...
    RSI: {'PD_1,PD_3': 1.0, 'PD_1,PD_4': 1.0, 'PD_3,PD_4': 1.0}, ASR: 1.6666666666666667, TCB: {'PD_1': ['PD_3', 'PD_4'], 'PD_3': ['PD_1', 'PD_4'], 'PD_4': ['PD_1', 'PD_3']}, FR: {'PD_1,PD_3': inf, 'PD_1,PD_4': inf, 'PD_3,PD_4': inf}
  Computing metrics...
    RSI: {'PD_1,PD_3': 1.0, 'PD_1,PD_4': 1.0, 'PD_3,PD_4': 1.0}, ASR: 1.3333333333333333, TCB: {'PD_1': ['PD_3', 'PD_4'], 'PD_3': ['PD_1', 'PD_4'], 'PD_4': ['PD_1', 'PD_3']}, FR: {'PD_1,PD_3': inf, 'PD_1,PD_4': inf, 'PD_3,PD_4': inf}
  Computing metrics...
    RSI: {'PD_1,PD_3': 1.0, 'PD_1,PD_4': 1.0, 'PD_3,PD_4': 1.0}, ASR: 1.6666666666666667, TCB: {'PD_1': ['PD_3', 'PD_4'], 'PD_3': ['PD_4', 'PD_1'], 'PD_4': ['PD_1', 'PD_3']}, FR: {'PD_1,PD_3': 3, 'PD_1,PD_4': inf, 'PD_3,PD_4': inf}
  Computing metrics...
    RSI: {'PD_1,PD_3': 1.0, 'PD_1,PD_4': 1.0, 'PD_3,PD_4': 1.0}, ASR: 1.3333333333333333, TCB: {'PD_1': ['PD_3', 'PD_4'], 'PD_3': ['PD_1', 'PD_4'], 'PD_4': ['PD_1', 'PD_3']}, FR: {'PD_1,PD_3': inf, 'PD_1,PD_4': inf, 'PD_3,PD_4': inf}
  Computing metrics...
    RSI: {'PD_1,PD_3': 1.0, 'PD_1,PD_4': 1.0, 'PD_3,PD_4': 1.0}, ASR: 1.6666666666666667, TCB: {'PD_1': ['PD_3', 'PD_4'], 'PD_3': ['PD_1', 'PD_4'], 'PD_4': ['PD_1', 'PD_3']}, FR: {'PD_1,PD_3': inf, 'PD_1,PD_4': 3, 'PD_3,PD_4': inf}
  Computing metrics...
    RSI: {'PD_1,PD_3': 1.0, 'PD_1,PD_4': 1.0, 'PD_3,PD_4': 1.0}, ASR: 1.3333333333333333, TCB: {'PD_1': ['PD_3', 'PD_4'], 'PD_3': ['PD_1', 'PD_4'], 'PD_4': ['PD_1', 'PD_3']}, FR: {'PD_1,PD_3': inf, 'PD_1,PD_4': inf, 'PD_3,PD_4': inf}
  Computing metrics...
    RSI: {'PD_1,PD_3': 1.0, 'PD_1,PD_4': 1.0, 'PD_3,PD_4': 1.0}, ASR: 1.6666666666666667, TCB: {'PD_1': ['PD_3', 'PD_4'], 'PD_3': ['PD_1', 'PD_4'], 'PD_4': ['PD_3', 'PD_1']}, FR: {'PD_1,PD_3': inf, 'PD_1,PD_4': 2, 'PD_3,PD_4': inf}
  Computing metrics...
    RSI: {'PD_1,PD_3': 1.0, 'PD_1,PD_4': 1.0, 'PD_3,PD_4': 1.0}, ASR: 1.3333333333333333, TCB: {'PD_1': ['PD_3', 'PD_4'], 'PD_3': ['PD_1', 'PD_4'], 'PD_4': ['PD_1', 'PD_3']}, FR: {'PD_1,PD_3': inf, 'PD_1,PD_4': inf, 'PD_3,PD_4': inf}
  Computing metrics...
    RSI: {'PD_1,PD_3': 1.0, 'PD_1,PD_4': 1.0, 'PD_3,PD_4': 1.0}, ASR: 1.3333333333333333, TCB: {'PD_1': ['PD_3', 'PD_4'], 'PD_3': ['PD_1', 'PD_4'], 'PD_4': ['PD_1', 'PD_3']}, FR: {'PD_1,PD_3': inf, 'PD_1,PD_4': inf, 'PD_3,PD_4': inf}
  Computing metrics...
    RSI: {'PD_1,PD_3': 1.0, 'PD_1,PD_4': 1.0, 'PD_3,PD_4': 1.0}, ASR: 1.3333333333333333, TCB: {'PD_1': ['PD_3', 'PD_4'], 'PD_3': ['PD_1', 'PD_4'], 'PD_4': ['PD_1', 'PD_3']}, FR: {'PD_1,PD_3': inf, 'PD_1,PD_4': inf, 'PD_3,PD_4': inf}
  Computing metrics...
    RSI: {'PD_1,PD_3': 1.0, 'PD_1,PD_4': 1.0, 'PD_3,PD_4': 1.0}, ASR: 1.3333333333333333, TCB: {'PD_1': ['PD_3', 'PD_4'], 'PD_3': ['PD_1', 'PD_4'], 'PD_4': ['PD_1', 'PD_3']}, FR: {'PD_1,PD_3': inf, 'PD_1,PD_4': inf, 'PD_3,PD_4': inf}
  🚫 Filtered out 0 'add_hold_edge(connect PD_1 to FILE_1_1)' candidates (avoiding repetition)
  Trying best transition: primitive
    Target: add new protection domain to help resolve 2 constraint violation(s)
    Predicted improvement: 0.100
    Considered 14 other option(s):
      1. primitive: create new CONFIG file in FILE_SPACE_1 (improvement: 0.100)
      2. primitive: create new DATABASE file in FILE_SPACE_1 (improvement: 0.100)
      3. primitive: create new TEMP file in FILE_SPACE_1 (improvement: 0.100)
      4. primitive: create new LOG file in FILE_SPACE_1 (improvement: 0.100)
      5. primitive: remove FILE_1_1 (holders: 3) (improvement: 0.100)
      6. primitive: remove PD_3 -> FILE_1_1 HOLD edge (improvement: 0.100)
      7. primitive: remove PD_4 -> FILE_1_1 HOLD edge (improvement: 0.100)
      8. primitive: enable indirect access: PD_1 -> PD_4 (improvement: 0.100)
      9. primitive: enable indirect access: PD_3 -> PD_1 (improvement: 0.100)
      10. primitive: enable indirect access: PD_3 -> PD_4 (improvement: 0.100)
      ... and 4 more
    ✅ Applied add_pd
  📋 Generated 15 candidate(s)
  Computing metrics...
    RSI: {'PD_1,PD_3': 1.0, 'PD_1,PD_4': 1.0, 'PD_1,PD_5': 0.0, 'PD_3,PD_4': 1.0, 'PD_3,PD_5': 0.0, 'PD_4,PD_5': 0.0}, ASR: 1.0, TCB: {'PD_1': ['PD_3', 'PD_4'], 'PD_3': ['PD_1', 'PD_4'], 'PD_4': ['PD_1', 'PD_3'], 'PD_5': []}, FR: {'PD_1,PD_3': inf, 'PD_1,PD_4': inf, 'PD_1,PD_5': inf, 'PD_3,PD_4': inf, 'PD_3,PD_5': inf, 'PD_4,PD_5': inf}
    ✅ Added candidate: add_pd (score: 0.100)
  Computing metrics...
    RSI: {'PD_1,PD_3': 1.0, 'PD_1,PD_4': 1.0, 'PD_3,PD_4': 1.0}, ASR: 1.3333333333333333, TCB: {'PD_1': ['PD_3', 'PD_4'], 'PD_3': ['PD_1', 'PD_4'], 'PD_4': ['PD_1', 'PD_3']}, FR: {'PD_1,PD_3': inf, 'PD_1,PD_4': inf, 'PD_3,PD_4': inf}
    ✅ Added candidate: add_file_resource (score: 0.100)

🌟 Expanding Beam[2] (score: 0.100)
  ⚠️  Constraints violated: PD_1 lacks access to any files; PD_2 lacks access to any files
  Computing metrics...
    RSI: {'PD_1,PD_2': 0.0, 'PD_1,PD_3': 0.0, 'PD_1,PD_4': 0.0, 'PD_1,PD_5': 0.0, 'PD_1,PD_6': 0.0, 'PD_2,PD_3': 0.0, 'PD_2,PD_4': 0.0, 'PD_2,PD_5': 0.0, 'PD_2,PD_6': 0.0, 'PD_3,PD_4': 1.0, 'PD_3,PD_5': 0.0, 'PD_3,PD_6': 0.0, 'PD_4,PD_5': 0.0, 'PD_4,PD_6': 0.0, 'PD_5,PD_6': 0.0}, ASR: 0.6666666666666666, TCB: {'PD_1': ['PD_3'], 'PD_2': ['PD_4'], 'PD_3': ['PD_4'], 'PD_4': ['PD_3'], 'PD_5': [], 'PD_6': []}, FR: {'PD_1,PD_2': inf, 'PD_1,PD_3': inf, 'PD_1,PD_4': inf, 'PD_1,PD_5': inf, 'PD_1,PD_6': inf, 'PD_2,PD_3': inf, 'PD_2,PD_4': inf, 'PD_2,PD_5': inf, 'PD_2,PD_6': inf, 'PD_3,PD_4': inf, 'PD_3,PD_5': inf, 'PD_3,PD_6': inf, 'PD_4,PD_5': inf, 'PD_4,PD_6': inf, 'PD_5,PD_6': inf}
  Computing metrics...
    RSI: {'PD_1,PD_2': 0.0, 'PD_1,PD_3': 0.0, 'PD_1,PD_4': 0.0, 'PD_1,PD_5': 0.0, 'PD_1,PD_6': 0.0, 'PD_1,PD_7': 0.0, 'PD_2,PD_3': 0.0, 'PD_2,PD_4': 0.0, 'PD_2,PD_5': 0.0, 'PD_2,PD_6': 0.0, 'PD_2,PD_7': 0.0, 'PD_3,PD_4': 1.0, 'PD_3,PD_5': 0.0, 'PD_3,PD_6': 0.0, 'PD_3,PD_7': 0.0, 'PD_4,PD_5': 0.0, 'PD_4,PD_6': 0.0, 'PD_4,PD_7': 0.0, 'PD_5,PD_6': 0.0, 'PD_5,PD_7': 0.0, 'PD_6,PD_7': 0.0}, ASR: 0.5714285714285714, TCB: {'PD_1': ['PD_3'], 'PD_2': ['PD_4'], 'PD_3': ['PD_4'], 'PD_4': ['PD_3'], 'PD_5': [], 'PD_6': [], 'PD_7': []}, FR: {'PD_1,PD_2': inf, 'PD_1,PD_3': inf, 'PD_1,PD_4': inf, 'PD_1,PD_5': inf, 'PD_1,PD_6': inf, 'PD_1,PD_7': inf, 'PD_2,PD_3': inf, 'PD_2,PD_4': inf, 'PD_2,PD_5': inf, 'PD_2,PD_6': inf, 'PD_2,PD_7': inf, 'PD_3,PD_4': inf, 'PD_3,PD_5': inf, 'PD_3,PD_6': inf, 'PD_3,PD_7': inf, 'PD_4,PD_5': inf, 'PD_4,PD_6': inf, 'PD_4,PD_7': inf, 'PD_5,PD_6': inf, 'PD_5,PD_7': inf, 'PD_6,PD_7': inf}
  Computing metrics...
    RSI: {'PD_1,PD_2': 0.0, 'PD_1,PD_3': 0.0, 'PD_1,PD_4': 0.0, 'PD_1,PD_5': 0.0, 'PD_1,PD_6': 0.0, 'PD_2,PD_3': 0.0, 'PD_2,PD_4': 0.0, 'PD_2,PD_5': 0.0, 'PD_2,PD_6': 0.0, 'PD_3,PD_4': 1.0, 'PD_3,PD_5': 0.0, 'PD_3,PD_6': 0.0, 'PD_4,PD_5': 0.0, 'PD_4,PD_6': 0.0, 'PD_5,PD_6': 0.0}, ASR: 0.6666666666666666, TCB: {'PD_1': ['PD_3'], 'PD_2': ['PD_4'], 'PD_3': ['PD_4'], 'PD_4': ['PD_3'], 'PD_5': [], 'PD_6': []}, FR: {'PD_1,PD_2': inf, 'PD_1,PD_3': inf, 'PD_1,PD_4': inf, 'PD_1,PD_5': inf, 'PD_1,PD_6': inf, 'PD_2,PD_3': inf, 'PD_2,PD_4': inf, 'PD_2,PD_5': inf, 'PD_2,PD_6': inf, 'PD_3,PD_4': inf, 'PD_3,PD_5': inf, 'PD_3,PD_6': inf, 'PD_4,PD_5': inf, 'PD_4,PD_6': inf, 'PD_5,PD_6': inf}
  Computing metrics...
    RSI: {'PD_1,PD_2': 0.0, 'PD_1,PD_3': 0.0, 'PD_1,PD_4': 0.0, 'PD_1,PD_5': 0.0, 'PD_1,PD_6': 0.0, 'PD_2,PD_3': 0.0, 'PD_2,PD_4': 0.0, 'PD_2,PD_5': 0.0, 'PD_2,PD_6': 0.0, 'PD_3,PD_4': 1.0, 'PD_3,PD_5': 0.0, 'PD_3,PD_6': 0.0, 'PD_4,PD_5': 0.0, 'PD_4,PD_6': 0.0, 'PD_5,PD_6': 0.0}, ASR: 0.6666666666666666, TCB: {'PD_1': ['PD_3'], 'PD_2': ['PD_4'], 'PD_3': ['PD_4'], 'PD_4': ['PD_3'], 'PD_5': [], 'PD_6': []}, FR: {'PD_1,PD_2': inf, 'PD_1,PD_3': inf, 'PD_1,PD_4': inf, 'PD_1,PD_5': inf, 'PD_1,PD_6': inf, 'PD_2,PD_3': inf, 'PD_2,PD_4': inf, 'PD_2,PD_5': inf, 'PD_2,PD_6': inf, 'PD_3,PD_4': inf, 'PD_3,PD_5': inf, 'PD_3,PD_6': inf, 'PD_4,PD_5': inf, 'PD_4,PD_6': inf, 'PD_5,PD_6': inf}
  Computing metrics...
    RSI: {'PD_1,PD_2': 0.0, 'PD_1,PD_3': 0.0, 'PD_1,PD_4': 0.0, 'PD_1,PD_5': 0.0, 'PD_1,PD_6': 0.0, 'PD_2,PD_3': 0.0, 'PD_2,PD_4': 0.0, 'PD_2,PD_5': 0.0, 'PD_2,PD_6': 0.0, 'PD_3,PD_4': 1.0, 'PD_3,PD_5': 0.0, 'PD_3,PD_6': 0.0, 'PD_4,PD_5': 0.0, 'PD_4,PD_6': 0.0, 'PD_5,PD_6': 0.0}, ASR: 0.6666666666666666, TCB: {'PD_1': ['PD_3'], 'PD_2': ['PD_4'], 'PD_3': ['PD_4'], 'PD_4': ['PD_3'], 'PD_5': [], 'PD_6': []}, FR: {'PD_1,PD_2': inf, 'PD_1,PD_3': inf, 'PD_1,PD_4': inf, 'PD_1,PD_5': inf, 'PD_1,PD_6': inf, 'PD_2,PD_3': inf, 'PD_2,PD_4': inf, 'PD_2,PD_5': inf, 'PD_2,PD_6': inf, 'PD_3,PD_4': inf, 'PD_3,PD_5': inf, 'PD_3,PD_6': inf, 'PD_4,PD_5': inf, 'PD_4,PD_6': inf, 'PD_5,PD_6': inf}
  Computing metrics...
    RSI: {'PD_1,PD_2': 0.0, 'PD_1,PD_3': 0.0, 'PD_1,PD_4': 0.0, 'PD_1,PD_5': 0.0, 'PD_1,PD_6': 0.0, 'PD_2,PD_3': 0.0, 'PD_2,PD_4': 0.0, 'PD_2,PD_5': 0.0, 'PD_2,PD_6': 0.0, 'PD_3,PD_4': 1.0, 'PD_3,PD_5': 0.0, 'PD_3,PD_6': 0.0, 'PD_4,PD_5': 0.0, 'PD_4,PD_6': 0.0, 'PD_5,PD_6': 0.0}, ASR: 0.6666666666666666, TCB: {'PD_1': ['PD_3'], 'PD_2': ['PD_4'], 'PD_3': ['PD_4'], 'PD_4': ['PD_3'], 'PD_5': [], 'PD_6': []}, FR: {'PD_1,PD_2': inf, 'PD_1,PD_3': inf, 'PD_1,PD_4': inf, 'PD_1,PD_5': inf, 'PD_1,PD_6': inf, 'PD_2,PD_3': inf, 'PD_2,PD_4': inf, 'PD_2,PD_5': inf, 'PD_2,PD_6': inf, 'PD_3,PD_4': inf, 'PD_3,PD_5': inf, 'PD_3,PD_6': inf, 'PD_4,PD_5': inf, 'PD_4,PD_6': inf, 'PD_5,PD_6': inf}
  Computing metrics...
    RSI: {'PD_1,PD_2': 0.0, 'PD_1,PD_3': 0.0, 'PD_1,PD_4': 0.0, 'PD_1,PD_5': 0.0, 'PD_1,PD_6': 0.0, 'PD_2,PD_3': 0.0, 'PD_2,PD_4': 0.0, 'PD_2,PD_5': 0.0, 'PD_2,PD_6': 0.0, 'PD_3,PD_4': 1.0, 'PD_3,PD_5': 0.0, 'PD_3,PD_6': 0.0, 'PD_4,PD_5': 0.0, 'PD_4,PD_6': 0.0, 'PD_5,PD_6': 0.0}, ASR: 0.6666666666666666, TCB: {'PD_1': ['PD_3'], 'PD_2': ['PD_4'], 'PD_3': ['PD_4'], 'PD_4': ['PD_3'], 'PD_5': [], 'PD_6': []}, FR: {'PD_1,PD_2': inf, 'PD_1,PD_3': inf, 'PD_1,PD_4': inf, 'PD_1,PD_5': inf, 'PD_1,PD_6': inf, 'PD_2,PD_3': inf, 'PD_2,PD_4': inf, 'PD_2,PD_5': inf, 'PD_2,PD_6': inf, 'PD_3,PD_4': inf, 'PD_3,PD_5': inf, 'PD_3,PD_6': inf, 'PD_4,PD_5': inf, 'PD_4,PD_6': inf, 'PD_5,PD_6': inf}
  Computing metrics...
    RSI: {'PD_1,PD_2': 0.0, 'PD_1,PD_3': 0.0, 'PD_1,PD_4': 0.0, 'PD_1,PD_5': 0.0, 'PD_1,PD_6': 0.0, 'PD_2,PD_3': 0.0, 'PD_2,PD_4': 0.0, 'PD_2,PD_5': 0.0, 'PD_2,PD_6': 0.0, 'PD_3,PD_4': 1.0, 'PD_3,PD_5': 0.0, 'PD_3,PD_6': 0.0, 'PD_4,PD_5': 0.0, 'PD_4,PD_6': 0.0, 'PD_5,PD_6': 0.0}, ASR: 0.6666666666666666, TCB: {'PD_1': ['PD_3'], 'PD_2': ['PD_4'], 'PD_3': ['PD_4'], 'PD_4': ['PD_3'], 'PD_5': [], 'PD_6': []}, FR: {'PD_1,PD_2': inf, 'PD_1,PD_3': inf, 'PD_1,PD_4': inf, 'PD_1,PD_5': inf, 'PD_1,PD_6': inf, 'PD_2,PD_3': inf, 'PD_2,PD_4': inf, 'PD_2,PD_5': inf, 'PD_2,PD_6': inf, 'PD_3,PD_4': inf, 'PD_3,PD_5': inf, 'PD_3,PD_6': inf, 'PD_4,PD_5': inf, 'PD_4,PD_6': inf, 'PD_5,PD_6': inf}
  Computing metrics...
    RSI: {'PD_1,PD_2': 0.0, 'PD_1,PD_3': 0.0, 'PD_1,PD_4': 0.0, 'PD_1,PD_5': 0.0, 'PD_1,PD_6': 0.0, 'PD_2,PD_3': 0.0, 'PD_2,PD_4': 0.0, 'PD_2,PD_5': 0.0, 'PD_2,PD_6': 0.0, 'PD_3,PD_4': 1.0, 'PD_3,PD_5': 0.0, 'PD_3,PD_6': 0.0, 'PD_4,PD_5': 0.0, 'PD_4,PD_6': 0.0, 'PD_5,PD_6': 0.0}, ASR: 0.6666666666666666, TCB: {'PD_1': ['PD_3'], 'PD_2': ['PD_4'], 'PD_3': ['PD_4'], 'PD_4': ['PD_3'], 'PD_5': [], 'PD_6': []}, FR: {'PD_1,PD_2': inf, 'PD_1,PD_3': inf, 'PD_1,PD_4': inf, 'PD_1,PD_5': inf, 'PD_1,PD_6': inf, 'PD_2,PD_3': inf, 'PD_2,PD_4': inf, 'PD_2,PD_5': inf, 'PD_2,PD_6': inf, 'PD_3,PD_4': inf, 'PD_3,PD_5': inf, 'PD_3,PD_6': inf, 'PD_4,PD_5': inf, 'PD_4,PD_6': inf, 'PD_5,PD_6': inf}
  Computing metrics...
    RSI: {'PD_1,PD_2': 0.0, 'PD_1,PD_3': 0.0, 'PD_1,PD_4': 0.0, 'PD_1,PD_5': 0.0, 'PD_1,PD_6': 0.0, 'PD_2,PD_3': 0.0, 'PD_2,PD_4': 0.0, 'PD_2,PD_5': 0.0, 'PD_2,PD_6': 0.0, 'PD_3,PD_4': 1.0, 'PD_3,PD_5': 0.0, 'PD_3,PD_6': 0.0, 'PD_4,PD_5': 0.0, 'PD_4,PD_6': 0.0, 'PD_5,PD_6': 0.0}, ASR: 0.6666666666666666, TCB: {'PD_1': ['PD_3'], 'PD_2': ['PD_4'], 'PD_3': ['PD_4'], 'PD_4': ['PD_3'], 'PD_5': [], 'PD_6': []}, FR: {'PD_1,PD_2': inf, 'PD_1,PD_3': inf, 'PD_1,PD_4': inf, 'PD_1,PD_5': inf, 'PD_1,PD_6': inf, 'PD_2,PD_3': inf, 'PD_2,PD_4': inf, 'PD_2,PD_5': inf, 'PD_2,PD_6': inf, 'PD_3,PD_4': inf, 'PD_3,PD_5': inf, 'PD_3,PD_6': inf, 'PD_4,PD_5': inf, 'PD_4,PD_6': inf, 'PD_5,PD_6': inf}
  Computing metrics...
    RSI: {'PD_1,PD_2': 0.0, 'PD_1,PD_3': 0.0, 'PD_1,PD_4': 0.0, 'PD_1,PD_5': 0.0, 'PD_1,PD_6': 0.0, 'PD_2,PD_3': 0.0, 'PD_2,PD_4': 0.0, 'PD_2,PD_5': 0.0, 'PD_2,PD_6': 0.0, 'PD_3,PD_4': 1.0, 'PD_3,PD_5': 0.0, 'PD_3,PD_6': 0.0, 'PD_4,PD_5': 0.0, 'PD_4,PD_6': 0.0, 'PD_5,PD_6': 0.0}, ASR: 0.6666666666666666, TCB: {'PD_1': ['PD_3'], 'PD_2': ['PD_4'], 'PD_3': ['PD_4'], 'PD_4': ['PD_3'], 'PD_5': [], 'PD_6': []}, FR: {'PD_1,PD_2': inf, 'PD_1,PD_3': inf, 'PD_1,PD_4': inf, 'PD_1,PD_5': inf, 'PD_1,PD_6': inf, 'PD_2,PD_3': inf, 'PD_2,PD_4': inf, 'PD_2,PD_5': inf, 'PD_2,PD_6': inf, 'PD_3,PD_4': inf, 'PD_3,PD_5': inf, 'PD_3,PD_6': inf, 'PD_4,PD_5': inf, 'PD_4,PD_6': inf, 'PD_5,PD_6': inf}
  Computing metrics...
    RSI: {'PD_1,PD_2': 0.0, 'PD_1,PD_3': 0.0, 'PD_1,PD_4': 0.0, 'PD_1,PD_5': 0.0, 'PD_1,PD_6': 0.0, 'PD_2,PD_3': 0.0, 'PD_2,PD_4': 0.0, 'PD_2,PD_5': 0.0, 'PD_2,PD_6': 0.0, 'PD_3,PD_4': 1.0, 'PD_3,PD_5': 0.0, 'PD_3,PD_6': 0.0, 'PD_4,PD_5': 0.0, 'PD_4,PD_6': 0.0, 'PD_5,PD_6': 0.0}, ASR: 0.6666666666666666, TCB: {'PD_1': ['PD_3'], 'PD_2': ['PD_4'], 'PD_3': ['PD_4'], 'PD_4': ['PD_3'], 'PD_5': [], 'PD_6': []}, FR: {'PD_1,PD_2': inf, 'PD_1,PD_3': inf, 'PD_1,PD_4': inf, 'PD_1,PD_5': inf, 'PD_1,PD_6': inf, 'PD_2,PD_3': inf, 'PD_2,PD_4': inf, 'PD_2,PD_5': inf, 'PD_2,PD_6': inf, 'PD_3,PD_4': inf, 'PD_3,PD_5': inf, 'PD_3,PD_6': inf, 'PD_4,PD_5': inf, 'PD_4,PD_6': inf, 'PD_5,PD_6': inf}
  Computing metrics...
    RSI: {'PD_1,PD_2': 0.0, 'PD_1,PD_3': 0.0, 'PD_1,PD_4': 0.0, 'PD_1,PD_5': 0.0, 'PD_1,PD_6': 0.0, 'PD_2,PD_3': 0.0, 'PD_2,PD_4': 0.0, 'PD_2,PD_5': 0.0, 'PD_2,PD_6': 0.0, 'PD_3,PD_4': 1.0, 'PD_3,PD_5': 0.0, 'PD_3,PD_6': 0.0, 'PD_4,PD_5': 0.0, 'PD_4,PD_6': 0.0, 'PD_5,PD_6': 0.0}, ASR: 0.6666666666666666, TCB: {'PD_1': ['PD_3'], 'PD_2': ['PD_4'], 'PD_3': ['PD_4'], 'PD_4': ['PD_3'], 'PD_5': [], 'PD_6': []}, FR: {'PD_1,PD_2': inf, 'PD_1,PD_3': inf, 'PD_1,PD_4': inf, 'PD_1,PD_5': inf, 'PD_1,PD_6': inf, 'PD_2,PD_3': inf, 'PD_2,PD_4': inf, 'PD_2,PD_5': inf, 'PD_2,PD_6': inf, 'PD_3,PD_4': inf, 'PD_3,PD_5': inf, 'PD_3,PD_6': inf, 'PD_4,PD_5': inf, 'PD_4,PD_6': inf, 'PD_5,PD_6': inf}
  Computing metrics...
    RSI: {'PD_1,PD_2': 0.0, 'PD_1,PD_3': 0.0, 'PD_1,PD_4': 0.0, 'PD_1,PD_5': 0.0, 'PD_1,PD_6': 0.0, 'PD_2,PD_3': 0.0, 'PD_2,PD_4': 0.0, 'PD_2,PD_5': 0.0, 'PD_2,PD_6': 0.0, 'PD_3,PD_4': 1.0, 'PD_3,PD_5': 0.0, 'PD_3,PD_6': 0.0, 'PD_4,PD_5': 0.0, 'PD_4,PD_6': 0.0, 'PD_5,PD_6': 0.0}, ASR: 0.6666666666666666, TCB: {'PD_1': ['PD_3'], 'PD_2': ['PD_4'], 'PD_3': ['PD_4'], 'PD_4': ['PD_3'], 'PD_5': [], 'PD_6': []}, FR: {'PD_1,PD_2': inf, 'PD_1,PD_3': inf, 'PD_1,PD_4': inf, 'PD_1,PD_5': inf, 'PD_1,PD_6': inf, 'PD_2,PD_3': inf, 'PD_2,PD_4': inf, 'PD_2,PD_5': inf, 'PD_2,PD_6': inf, 'PD_3,PD_4': inf, 'PD_3,PD_5': inf, 'PD_3,PD_6': inf, 'PD_4,PD_5': inf, 'PD_4,PD_6': inf, 'PD_5,PD_6': inf}
  Computing metrics...
    RSI: {'PD_1,PD_2': 0.0, 'PD_1,PD_3': 0.0, 'PD_1,PD_4': 0.0, 'PD_1,PD_5': 0.0, 'PD_1,PD_6': 0.0, 'PD_2,PD_3': 0.0, 'PD_2,PD_4': 0.0, 'PD_2,PD_5': 0.0, 'PD_2,PD_6': 0.0, 'PD_3,PD_4': 1.0, 'PD_3,PD_5': 0.0, 'PD_3,PD_6': 0.0, 'PD_4,PD_5': 0.0, 'PD_4,PD_6': 0.0, 'PD_5,PD_6': 0.0}, ASR: 0.6666666666666666, TCB: {'PD_1': ['PD_3'], 'PD_2': ['PD_4'], 'PD_3': ['PD_4'], 'PD_4': ['PD_3'], 'PD_5': [], 'PD_6': []}, FR: {'PD_1,PD_2': inf, 'PD_1,PD_3': inf, 'PD_1,PD_4': inf, 'PD_1,PD_5': inf, 'PD_1,PD_6': inf, 'PD_2,PD_3': inf, 'PD_2,PD_4': inf, 'PD_2,PD_5': inf, 'PD_2,PD_6': inf, 'PD_3,PD_4': inf, 'PD_3,PD_5': inf, 'PD_3,PD_6': inf, 'PD_4,PD_5': inf, 'PD_4,PD_6': inf, 'PD_5,PD_6': inf}
  Computing metrics...
    RSI: {'PD_1,PD_2': 0.0, 'PD_1,PD_3': 0.0, 'PD_1,PD_4': 0.0, 'PD_1,PD_5': 0.0, 'PD_1,PD_6': 0.0, 'PD_2,PD_3': 0.0, 'PD_2,PD_4': 0.0, 'PD_2,PD_5': 0.0, 'PD_2,PD_6': 0.0, 'PD_3,PD_4': 1.0, 'PD_3,PD_5': 0.0, 'PD_3,PD_6': 0.0, 'PD_4,PD_5': 0.0, 'PD_4,PD_6': 0.0, 'PD_5,PD_6': 0.0}, ASR: 0.6666666666666666, TCB: {'PD_1': ['PD_3'], 'PD_2': ['PD_4'], 'PD_3': ['PD_4'], 'PD_4': ['PD_3'], 'PD_5': [], 'PD_6': []}, FR: {'PD_1,PD_2': inf, 'PD_1,PD_3': inf, 'PD_1,PD_4': inf, 'PD_1,PD_5': inf, 'PD_1,PD_6': inf, 'PD_2,PD_3': inf, 'PD_2,PD_4': inf, 'PD_2,PD_5': inf, 'PD_2,PD_6': inf, 'PD_3,PD_4': inf, 'PD_3,PD_5': inf, 'PD_3,PD_6': inf, 'PD_4,PD_5': inf, 'PD_4,PD_6': inf, 'PD_5,PD_6': inf}
  Computing metrics...
    RSI: {'PD_1,PD_2': 0.0, 'PD_1,PD_3': 0.0, 'PD_1,PD_4': 0.0, 'PD_1,PD_5': 0.0, 'PD_1,PD_6': 0.0, 'PD_2,PD_3': 0.0, 'PD_2,PD_4': 0.0, 'PD_2,PD_5': 0.0, 'PD_2,PD_6': 0.0, 'PD_3,PD_4': 1.0, 'PD_3,PD_5': 0.0, 'PD_3,PD_6': 0.0, 'PD_4,PD_5': 0.0, 'PD_4,PD_6': 0.0, 'PD_5,PD_6': 0.0}, ASR: 0.6666666666666666, TCB: {'PD_1': ['PD_3'], 'PD_2': ['PD_4'], 'PD_3': ['PD_4'], 'PD_4': ['PD_3'], 'PD_5': [], 'PD_6': []}, FR: {'PD_1,PD_2': inf, 'PD_1,PD_3': inf, 'PD_1,PD_4': inf, 'PD_1,PD_5': inf, 'PD_1,PD_6': inf, 'PD_2,PD_3': inf, 'PD_2,PD_4': inf, 'PD_2,PD_5': inf, 'PD_2,PD_6': inf, 'PD_3,PD_4': inf, 'PD_3,PD_5': inf, 'PD_3,PD_6': inf, 'PD_4,PD_5': inf, 'PD_4,PD_6': inf, 'PD_5,PD_6': inf}
  Computing metrics...
    RSI: {'PD_1,PD_2': 0.0, 'PD_1,PD_3': 0.0, 'PD_1,PD_4': 0.0, 'PD_1,PD_5': 0.0, 'PD_1,PD_6': 0.0, 'PD_2,PD_3': 0.0, 'PD_2,PD_4': 0.0, 'PD_2,PD_5': 0.0, 'PD_2,PD_6': 0.0, 'PD_3,PD_4': 1.0, 'PD_3,PD_5': 0.0, 'PD_3,PD_6': 0.0, 'PD_4,PD_5': 0.0, 'PD_4,PD_6': 0.0, 'PD_5,PD_6': 0.0}, ASR: 0.6666666666666666, TCB: {'PD_1': ['PD_3'], 'PD_2': ['PD_4'], 'PD_3': ['PD_4'], 'PD_4': ['PD_3'], 'PD_5': [], 'PD_6': []}, FR: {'PD_1,PD_2': inf, 'PD_1,PD_3': inf, 'PD_1,PD_4': inf, 'PD_1,PD_5': inf, 'PD_1,PD_6': inf, 'PD_2,PD_3': inf, 'PD_2,PD_4': inf, 'PD_2,PD_5': inf, 'PD_2,PD_6': inf, 'PD_3,PD_4': inf, 'PD_3,PD_5': inf, 'PD_3,PD_6': inf, 'PD_4,PD_5': inf, 'PD_4,PD_6': inf, 'PD_5,PD_6': inf}
  Computing metrics...
    RSI: {'PD_1,PD_2': 0.0, 'PD_1,PD_3': 0.0, 'PD_1,PD_4': 0.0, 'PD_1,PD_5': 0.0, 'PD_1,PD_6': 0.0, 'PD_2,PD_3': 0.0, 'PD_2,PD_4': 0.0, 'PD_2,PD_5': 0.0, 'PD_2,PD_6': 0.0, 'PD_3,PD_4': 1.0, 'PD_3,PD_5': 0.0, 'PD_3,PD_6': 0.0, 'PD_4,PD_5': 0.0, 'PD_4,PD_6': 0.0, 'PD_5,PD_6': 0.0}, ASR: 0.6666666666666666, TCB: {'PD_1': ['PD_3'], 'PD_2': ['PD_4'], 'PD_3': ['PD_4'], 'PD_4': ['PD_3'], 'PD_5': [], 'PD_6': []}, FR: {'PD_1,PD_2': inf, 'PD_1,PD_3': inf, 'PD_1,PD_4': inf, 'PD_1,PD_5': inf, 'PD_1,PD_6': inf, 'PD_2,PD_3': inf, 'PD_2,PD_4': inf, 'PD_2,PD_5': inf, 'PD_2,PD_6': inf, 'PD_3,PD_4': inf, 'PD_3,PD_5': inf, 'PD_3,PD_6': inf, 'PD_4,PD_5': inf, 'PD_4,PD_6': inf, 'PD_5,PD_6': inf}
  Computing metrics...
    RSI: {'PD_1,PD_2': 0.0, 'PD_1,PD_3': 0.0, 'PD_1,PD_4': 0.0, 'PD_1,PD_5': 0.0, 'PD_1,PD_6': 0.0, 'PD_2,PD_3': 0.0, 'PD_2,PD_4': 0.0, 'PD_2,PD_5': 0.0, 'PD_2,PD_6': 0.0, 'PD_3,PD_4': 1.0, 'PD_3,PD_5': 0.0, 'PD_3,PD_6': 0.0, 'PD_4,PD_5': 0.0, 'PD_4,PD_6': 0.0, 'PD_5,PD_6': 0.0}, ASR: 0.6666666666666666, TCB: {'PD_1': ['PD_3'], 'PD_2': ['PD_4'], 'PD_3': ['PD_4'], 'PD_4': ['PD_3'], 'PD_5': [], 'PD_6': []}, FR: {'PD_1,PD_2': inf, 'PD_1,PD_3': inf, 'PD_1,PD_4': inf, 'PD_1,PD_5': inf, 'PD_1,PD_6': inf, 'PD_2,PD_3': inf, 'PD_2,PD_4': inf, 'PD_2,PD_5': inf, 'PD_2,PD_6': inf, 'PD_3,PD_4': inf, 'PD_3,PD_5': inf, 'PD_3,PD_6': inf, 'PD_4,PD_5': inf, 'PD_4,PD_6': inf, 'PD_5,PD_6': inf}
  Computing metrics...
    RSI: {'PD_1,PD_2': 0.0, 'PD_1,PD_3': 0.0, 'PD_1,PD_4': 0.0, 'PD_1,PD_5': 0.0, 'PD_1,PD_6': 0.0, 'PD_2,PD_3': 0.0, 'PD_2,PD_4': 0.0, 'PD_2,PD_5': 0.0, 'PD_2,PD_6': 0.0, 'PD_3,PD_4': 1.0, 'PD_3,PD_5': 0.0, 'PD_3,PD_6': 0.0, 'PD_4,PD_5': 0.0, 'PD_4,PD_6': 0.0, 'PD_5,PD_6': 0.0}, ASR: 0.6666666666666666, TCB: {'PD_1': ['PD_3'], 'PD_2': ['PD_4'], 'PD_3': ['PD_4'], 'PD_4': ['PD_3'], 'PD_5': [], 'PD_6': []}, FR: {'PD_1,PD_2': inf, 'PD_1,PD_3': inf, 'PD_1,PD_4': inf, 'PD_1,PD_5': inf, 'PD_1,PD_6': inf, 'PD_2,PD_3': inf, 'PD_2,PD_4': inf, 'PD_2,PD_5': inf, 'PD_2,PD_6': inf, 'PD_3,PD_4': inf, 'PD_3,PD_5': inf, 'PD_3,PD_6': inf, 'PD_4,PD_5': inf, 'PD_4,PD_6': inf, 'PD_5,PD_6': inf}
  Computing metrics...
    RSI: {'PD_1,PD_2': 0.0, 'PD_1,PD_3': 1.0, 'PD_1,PD_4': 1.0, 'PD_1,PD_5': 0.0, 'PD_1,PD_6': 0.0, 'PD_2,PD_3': 0.0, 'PD_2,PD_4': 0.0, 'PD_2,PD_5': 0.0, 'PD_2,PD_6': 0.0, 'PD_3,PD_4': 1.0, 'PD_3,PD_5': 0.0, 'PD_3,PD_6': 0.0, 'PD_4,PD_5': 0.0, 'PD_4,PD_6': 0.0, 'PD_5,PD_6': 0.0}, ASR: 0.8333333333333334, TCB: {'PD_1': ['PD_3', 'PD_4'], 'PD_2': ['PD_4'], 'PD_3': ['PD_1', 'PD_4'], 'PD_4': ['PD_1', 'PD_3'], 'PD_5': [], 'PD_6': []}, FR: {'PD_1,PD_2': inf, 'PD_1,PD_3': inf, 'PD_1,PD_4': inf, 'PD_1,PD_5': inf, 'PD_1,PD_6': inf, 'PD_2,PD_3': inf, 'PD_2,PD_4': inf, 'PD_2,PD_5': inf, 'PD_2,PD_6': inf, 'PD_3,PD_4': inf, 'PD_3,PD_5': inf, 'PD_3,PD_6': inf, 'PD_4,PD_5': inf, 'PD_4,PD_6': inf, 'PD_5,PD_6': inf}
  Computing metrics...
    RSI: {'PD_1,PD_2': 0.0, 'PD_1,PD_3': 0.0, 'PD_1,PD_4': 0.0, 'PD_1,PD_5': 0.0, 'PD_1,PD_6': 0.0, 'PD_2,PD_3': 0.0, 'PD_2,PD_4': 0.0, 'PD_2,PD_5': 0.0, 'PD_2,PD_6': 0.0, 'PD_3,PD_4': 1.0, 'PD_3,PD_5': 0.0, 'PD_3,PD_6': 0.0, 'PD_4,PD_5': 0.0, 'PD_4,PD_6': 0.0, 'PD_5,PD_6': 0.0}, ASR: 0.6666666666666666, TCB: {'PD_1': ['PD_3'], 'PD_2': ['PD_4'], 'PD_3': ['PD_4'], 'PD_4': ['PD_3'], 'PD_5': [], 'PD_6': []}, FR: {'PD_1,PD_2': inf, 'PD_1,PD_3': inf, 'PD_1,PD_4': inf, 'PD_1,PD_5': inf, 'PD_1,PD_6': inf, 'PD_2,PD_3': inf, 'PD_2,PD_4': inf, 'PD_2,PD_5': inf, 'PD_2,PD_6': inf, 'PD_3,PD_4': inf, 'PD_3,PD_5': inf, 'PD_3,PD_6': inf, 'PD_4,PD_5': inf, 'PD_4,PD_6': inf, 'PD_5,PD_6': inf}
  Computing metrics...
    RSI: {'PD_1,PD_2': 0.0, 'PD_1,PD_3': 0.0, 'PD_1,PD_4': 0.0, 'PD_1,PD_5': 0.0, 'PD_1,PD_6': 0.0, 'PD_2,PD_3': 1.0, 'PD_2,PD_4': 1.0, 'PD_2,PD_5': 0.0, 'PD_2,PD_6': 0.0, 'PD_3,PD_4': 1.0, 'PD_3,PD_5': 0.0, 'PD_3,PD_6': 0.0, 'PD_4,PD_5': 0.0, 'PD_4,PD_6': 0.0, 'PD_5,PD_6': 0.0}, ASR: 0.8333333333333334, TCB: {'PD_1': ['PD_3'], 'PD_2': ['PD_4', 'PD_3'], 'PD_3': ['PD_2', 'PD_4'], 'PD_4': ['PD_2', 'PD_3'], 'PD_5': [], 'PD_6': []}, FR: {'PD_1,PD_2': inf, 'PD_1,PD_3': inf, 'PD_1,PD_4': inf, 'PD_1,PD_5': inf, 'PD_1,PD_6': inf, 'PD_2,PD_3': inf, 'PD_2,PD_4': inf, 'PD_2,PD_5': inf, 'PD_2,PD_6': inf, 'PD_3,PD_4': inf, 'PD_3,PD_5': inf, 'PD_3,PD_6': inf, 'PD_4,PD_5': inf, 'PD_4,PD_6': inf, 'PD_5,PD_6': inf}
  Computing metrics...
    RSI: {'PD_1,PD_2': 0.0, 'PD_1,PD_3': 0.0, 'PD_1,PD_4': 0.0, 'PD_1,PD_5': 0.0, 'PD_1,PD_6': 0.0, 'PD_2,PD_3': 0.0, 'PD_2,PD_4': 0.0, 'PD_2,PD_5': 0.0, 'PD_2,PD_6': 0.0, 'PD_3,PD_4': 1.0, 'PD_3,PD_5': 0.0, 'PD_3,PD_6': 0.0, 'PD_4,PD_5': 0.0, 'PD_4,PD_6': 0.0, 'PD_5,PD_6': 0.0}, ASR: 0.6666666666666666, TCB: {'PD_1': ['PD_3'], 'PD_2': ['PD_4'], 'PD_3': ['PD_4'], 'PD_4': ['PD_3'], 'PD_5': [], 'PD_6': []}, FR: {'PD_1,PD_2': inf, 'PD_1,PD_3': inf, 'PD_1,PD_4': inf, 'PD_1,PD_5': inf, 'PD_1,PD_6': inf, 'PD_2,PD_3': inf, 'PD_2,PD_4': inf, 'PD_2,PD_5': inf, 'PD_2,PD_6': inf, 'PD_3,PD_4': inf, 'PD_3,PD_5': inf, 'PD_3,PD_6': inf, 'PD_4,PD_5': inf, 'PD_4,PD_6': inf, 'PD_5,PD_6': inf}
  Computing metrics...
    RSI: {'PD_1,PD_2': 0.0, 'PD_1,PD_3': 0.0, 'PD_1,PD_4': 0.0, 'PD_1,PD_5': 0.0, 'PD_1,PD_6': 0.0, 'PD_2,PD_3': 0.0, 'PD_2,PD_4': 0.0, 'PD_2,PD_5': 0.0, 'PD_2,PD_6': 0.0, 'PD_3,PD_4': 1.0, 'PD_3,PD_5': 1.0, 'PD_3,PD_6': 0.0, 'PD_4,PD_5': 1.0, 'PD_4,PD_6': 0.0, 'PD_5,PD_6': 0.0}, ASR: 0.8333333333333334, TCB: {'PD_1': ['PD_3'], 'PD_2': ['PD_4'], 'PD_3': ['PD_4', 'PD_5'], 'PD_4': ['PD_3', 'PD_5'], 'PD_5': ['PD_3', 'PD_4'], 'PD_6': []}, FR: {'PD_1,PD_2': inf, 'PD_1,PD_3': inf, 'PD_1,PD_4': inf, 'PD_1,PD_5': inf, 'PD_1,PD_6': inf, 'PD_2,PD_3': inf, 'PD_2,PD_4': inf, 'PD_2,PD_5': inf, 'PD_2,PD_6': inf, 'PD_3,PD_4': inf, 'PD_3,PD_5': inf, 'PD_3,PD_6': inf, 'PD_4,PD_5': inf, 'PD_4,PD_6': inf, 'PD_5,PD_6': inf}
  Computing metrics...
    RSI: {'PD_1,PD_2': 0.0, 'PD_1,PD_3': 0.0, 'PD_1,PD_4': 0.0, 'PD_1,PD_5': 0.0, 'PD_1,PD_6': 0.0, 'PD_2,PD_3': 0.0, 'PD_2,PD_4': 0.0, 'PD_2,PD_5': 0.0, 'PD_2,PD_6': 0.0, 'PD_3,PD_4': 1.0, 'PD_3,PD_5': 0.0, 'PD_3,PD_6': 0.0, 'PD_4,PD_5': 0.0, 'PD_4,PD_6': 0.0, 'PD_5,PD_6': 0.0}, ASR: 0.6666666666666666, TCB: {'PD_1': ['PD_3'], 'PD_2': ['PD_4'], 'PD_3': ['PD_4'], 'PD_4': ['PD_3'], 'PD_5': [], 'PD_6': []}, FR: {'PD_1,PD_2': inf, 'PD_1,PD_3': inf, 'PD_1,PD_4': inf, 'PD_1,PD_5': inf, 'PD_1,PD_6': inf, 'PD_2,PD_3': inf, 'PD_2,PD_4': inf, 'PD_2,PD_5': inf, 'PD_2,PD_6': inf, 'PD_3,PD_4': inf, 'PD_3,PD_5': inf, 'PD_3,PD_6': inf, 'PD_4,PD_5': inf, 'PD_4,PD_6': inf, 'PD_5,PD_6': inf}
  Computing metrics...
    RSI: {'PD_1,PD_2': 0.0, 'PD_1,PD_3': 0.0, 'PD_1,PD_4': 0.0, 'PD_1,PD_5': 0.0, 'PD_1,PD_6': 0.0, 'PD_2,PD_3': 0.0, 'PD_2,PD_4': 0.0, 'PD_2,PD_5': 0.0, 'PD_2,PD_6': 0.0, 'PD_3,PD_4': 1.0, 'PD_3,PD_5': 0.0, 'PD_3,PD_6': 1.0, 'PD_4,PD_5': 0.0, 'PD_4,PD_6': 1.0, 'PD_5,PD_6': 0.0}, ASR: 0.8333333333333334, TCB: {'PD_1': ['PD_3'], 'PD_2': ['PD_4'], 'PD_3': ['PD_4', 'PD_6'], 'PD_4': ['PD_3', 'PD_6'], 'PD_5': [], 'PD_6': ['PD_3', 'PD_4']}, FR: {'PD_1,PD_2': inf, 'PD_1,PD_3': inf, 'PD_1,PD_4': inf, 'PD_1,PD_5': inf, 'PD_1,PD_6': inf, 'PD_2,PD_3': inf, 'PD_2,PD_4': inf, 'PD_2,PD_5': inf, 'PD_2,PD_6': inf, 'PD_3,PD_4': inf, 'PD_3,PD_5': inf, 'PD_3,PD_6': inf, 'PD_4,PD_5': inf, 'PD_4,PD_6': inf, 'PD_5,PD_6': inf}
  Computing metrics...
    RSI: {'PD_1,PD_2': 0.0, 'PD_1,PD_3': 0.0, 'PD_1,PD_4': 0.0, 'PD_1,PD_5': 0.0, 'PD_1,PD_6': 0.0, 'PD_2,PD_3': 0.0, 'PD_2,PD_4': 0.0, 'PD_2,PD_5': 0.0, 'PD_2,PD_6': 0.0, 'PD_3,PD_4': 1.0, 'PD_3,PD_5': 0.0, 'PD_3,PD_6': 0.0, 'PD_4,PD_5': 0.0, 'PD_4,PD_6': 0.0, 'PD_5,PD_6': 0.0}, ASR: 0.6666666666666666, TCB: {'PD_1': ['PD_3'], 'PD_2': ['PD_4'], 'PD_3': ['PD_4'], 'PD_4': ['PD_3'], 'PD_5': [], 'PD_6': []}, FR: {'PD_1,PD_2': inf, 'PD_1,PD_3': inf, 'PD_1,PD_4': inf, 'PD_1,PD_5': inf, 'PD_1,PD_6': inf, 'PD_2,PD_3': inf, 'PD_2,PD_4': inf, 'PD_2,PD_5': inf, 'PD_2,PD_6': inf, 'PD_3,PD_4': inf, 'PD_3,PD_5': inf, 'PD_3,PD_6': inf, 'PD_4,PD_5': inf, 'PD_4,PD_6': inf, 'PD_5,PD_6': inf}
  Computing metrics...
    RSI: {'PD_1,PD_2': 0.0, 'PD_1,PD_3': 0.0, 'PD_1,PD_4': 0.0, 'PD_1,PD_5': 0.0, 'PD_1,PD_6': 0.0, 'PD_2,PD_3': 0.0, 'PD_2,PD_4': 0.0, 'PD_2,PD_5': 0.0, 'PD_2,PD_6': 0.0, 'PD_3,PD_4': 1.0, 'PD_3,PD_5': 0.0, 'PD_3,PD_6': 0.0, 'PD_4,PD_5': 0.0, 'PD_4,PD_6': 0.0, 'PD_5,PD_6': 0.0}, ASR: 0.6666666666666666, TCB: {'PD_1': ['PD_3'], 'PD_2': ['PD_4'], 'PD_3': ['PD_4'], 'PD_4': ['PD_3'], 'PD_5': [], 'PD_6': []}, FR: {'PD_1,PD_2': inf, 'PD_1,PD_3': inf, 'PD_1,PD_4': inf, 'PD_1,PD_5': inf, 'PD_1,PD_6': inf, 'PD_2,PD_3': inf, 'PD_2,PD_4': inf, 'PD_2,PD_5': inf, 'PD_2,PD_6': inf, 'PD_3,PD_4': inf, 'PD_3,PD_5': inf, 'PD_3,PD_6': inf, 'PD_4,PD_5': inf, 'PD_4,PD_6': inf, 'PD_5,PD_6': inf}
    remove_hold_edge candidate: remove PD_3 -> FILE_1_1 HOLD edge -> score: 0.100
  Computing metrics...
    RSI: {'PD_1,PD_2': 0.0, 'PD_1,PD_3': 0.0, 'PD_1,PD_4': 0.0, 'PD_1,PD_5': 0.0, 'PD_1,PD_6': 0.0, 'PD_2,PD_3': 0.0, 'PD_2,PD_4': 0.0, 'PD_2,PD_5': 0.0, 'PD_2,PD_6': 0.0, 'PD_3,PD_4': 1.0, 'PD_3,PD_5': 0.0, 'PD_3,PD_6': 0.0, 'PD_4,PD_5': 0.0, 'PD_4,PD_6': 0.0, 'PD_5,PD_6': 0.0}, ASR: 0.6666666666666666, TCB: {'PD_1': ['PD_3'], 'PD_2': ['PD_4'], 'PD_3': ['PD_4'], 'PD_4': ['PD_3'], 'PD_5': [], 'PD_6': []}, FR: {'PD_1,PD_2': inf, 'PD_1,PD_3': inf, 'PD_1,PD_4': inf, 'PD_1,PD_5': inf, 'PD_1,PD_6': inf, 'PD_2,PD_3': inf, 'PD_2,PD_4': inf, 'PD_2,PD_5': inf, 'PD_2,PD_6': inf, 'PD_3,PD_4': inf, 'PD_3,PD_5': inf, 'PD_3,PD_6': inf, 'PD_4,PD_5': inf, 'PD_4,PD_6': inf, 'PD_5,PD_6': inf}
  Computing metrics...
    RSI: {'PD_1,PD_2': 0.0, 'PD_1,PD_3': 0.0, 'PD_1,PD_4': 0.0, 'PD_1,PD_5': 0.0, 'PD_1,PD_6': 0.0, 'PD_2,PD_3': 0.0, 'PD_2,PD_4': 0.0, 'PD_2,PD_5': 0.0, 'PD_2,PD_6': 0.0, 'PD_3,PD_4': 1.0, 'PD_3,PD_5': 0.0, 'PD_3,PD_6': 0.0, 'PD_4,PD_5': 0.0, 'PD_4,PD_6': 0.0, 'PD_5,PD_6': 0.0}, ASR: 0.6666666666666666, TCB: {'PD_1': ['PD_3'], 'PD_2': ['PD_4'], 'PD_3': ['PD_4'], 'PD_4': ['PD_3'], 'PD_5': [], 'PD_6': []}, FR: {'PD_1,PD_2': inf, 'PD_1,PD_3': inf, 'PD_1,PD_4': inf, 'PD_1,PD_5': inf, 'PD_1,PD_6': inf, 'PD_2,PD_3': inf, 'PD_2,PD_4': inf, 'PD_2,PD_5': inf, 'PD_2,PD_6': inf, 'PD_3,PD_4': inf, 'PD_3,PD_5': inf, 'PD_3,PD_6': inf, 'PD_4,PD_5': inf, 'PD_4,PD_6': inf, 'PD_5,PD_6': inf}
    remove_hold_edge candidate: remove PD_4 -> FILE_1_1 HOLD edge -> score: 0.100
  Computing metrics...
    RSI: {'PD_1,PD_2': 0.0, 'PD_1,PD_3': 0.0, 'PD_1,PD_4': 0.0, 'PD_1,PD_5': 0.0, 'PD_1,PD_6': 0.0, 'PD_2,PD_3': 0.0, 'PD_2,PD_4': 0.0, 'PD_2,PD_5': 0.0, 'PD_2,PD_6': 0.0, 'PD_3,PD_4': 1.0, 'PD_3,PD_5': 0.0, 'PD_3,PD_6': 0.0, 'PD_4,PD_5': 0.0, 'PD_4,PD_6': 0.0, 'PD_5,PD_6': 0.0}, ASR: 0.6666666666666666, TCB: {'PD_1': ['PD_3'], 'PD_2': ['PD_4'], 'PD_3': ['PD_4'], 'PD_4': ['PD_3'], 'PD_5': [], 'PD_6': []}, FR: {'PD_1,PD_2': inf, 'PD_1,PD_3': inf, 'PD_1,PD_4': inf, 'PD_1,PD_5': inf, 'PD_1,PD_6': inf, 'PD_2,PD_3': inf, 'PD_2,PD_4': inf, 'PD_2,PD_5': inf, 'PD_2,PD_6': inf, 'PD_3,PD_4': inf, 'PD_3,PD_5': inf, 'PD_3,PD_6': inf, 'PD_4,PD_5': inf, 'PD_4,PD_6': inf, 'PD_5,PD_6': inf}
  Computing metrics...
    RSI: {'PD_1,PD_2': 0.0, 'PD_1,PD_3': 0.0, 'PD_1,PD_4': 0.0, 'PD_1,PD_5': 0.0, 'PD_1,PD_6': 0.0, 'PD_2,PD_3': 0.0, 'PD_2,PD_4': 0.0, 'PD_2,PD_5': 0.0, 'PD_2,PD_6': 0.0, 'PD_3,PD_4': 1.0, 'PD_3,PD_5': 0.0, 'PD_3,PD_6': 0.0, 'PD_4,PD_5': 0.0, 'PD_4,PD_6': 0.0, 'PD_5,PD_6': 0.0}, ASR: 0.8333333333333334, TCB: {'PD_1': ['PD_3', 'PD_2'], 'PD_2': ['PD_4'], 'PD_3': ['PD_4'], 'PD_4': ['PD_3'], 'PD_5': [], 'PD_6': []}, FR: {'PD_1,PD_2': 3, 'PD_1,PD_3': inf, 'PD_1,PD_4': inf, 'PD_1,PD_5': inf, 'PD_1,PD_6': inf, 'PD_2,PD_3': inf, 'PD_2,PD_4': inf, 'PD_2,PD_5': inf, 'PD_2,PD_6': inf, 'PD_3,PD_4': inf, 'PD_3,PD_5': inf, 'PD_3,PD_6': inf, 'PD_4,PD_5': inf, 'PD_4,PD_6': inf, 'PD_5,PD_6': inf}
  Computing metrics...
    RSI: {'PD_1,PD_2': 0.0, 'PD_1,PD_3': 0.0, 'PD_1,PD_4': 0.0, 'PD_1,PD_5': 0.0, 'PD_1,PD_6': 0.0, 'PD_2,PD_3': 0.0, 'PD_2,PD_4': 0.0, 'PD_2,PD_5': 0.0, 'PD_2,PD_6': 0.0, 'PD_3,PD_4': 1.0, 'PD_3,PD_5': 0.0, 'PD_3,PD_6': 0.0, 'PD_4,PD_5': 0.0, 'PD_4,PD_6': 0.0, 'PD_5,PD_6': 0.0}, ASR: 0.6666666666666666, TCB: {'PD_1': ['PD_3'], 'PD_2': ['PD_4'], 'PD_3': ['PD_4'], 'PD_4': ['PD_3'], 'PD_5': [], 'PD_6': []}, FR: {'PD_1,PD_2': inf, 'PD_1,PD_3': inf, 'PD_1,PD_4': inf, 'PD_1,PD_5': inf, 'PD_1,PD_6': inf, 'PD_2,PD_3': inf, 'PD_2,PD_4': inf, 'PD_2,PD_5': inf, 'PD_2,PD_6': inf, 'PD_3,PD_4': inf, 'PD_3,PD_5': inf, 'PD_3,PD_6': inf, 'PD_4,PD_5': inf, 'PD_4,PD_6': inf, 'PD_5,PD_6': inf}
  Computing metrics...
    RSI: {'PD_1,PD_2': 0.0, 'PD_1,PD_3': 0.0, 'PD_1,PD_4': 0.0, 'PD_1,PD_5': 0.0, 'PD_1,PD_6': 0.0, 'PD_2,PD_3': 0.0, 'PD_2,PD_4': 0.0, 'PD_2,PD_5': 0.0, 'PD_2,PD_6': 0.0, 'PD_3,PD_4': 1.0, 'PD_3,PD_5': 0.0, 'PD_3,PD_6': 0.0, 'PD_4,PD_5': 0.0, 'PD_4,PD_6': 0.0, 'PD_5,PD_6': 0.0}, ASR: 0.8333333333333334, TCB: {'PD_1': ['PD_3', 'PD_4'], 'PD_2': ['PD_4'], 'PD_3': ['PD_4'], 'PD_4': ['PD_3'], 'PD_5': [], 'PD_6': []}, FR: {'PD_1,PD_2': 2, 'PD_1,PD_3': inf, 'PD_1,PD_4': inf, 'PD_1,PD_5': inf, 'PD_1,PD_6': inf, 'PD_2,PD_3': inf, 'PD_2,PD_4': inf, 'PD_2,PD_5': inf, 'PD_2,PD_6': inf, 'PD_3,PD_4': inf, 'PD_3,PD_5': inf, 'PD_3,PD_6': inf, 'PD_4,PD_5': inf, 'PD_4,PD_6': inf, 'PD_5,PD_6': inf}
  Computing metrics...
    RSI: {'PD_1,PD_2': 0.0, 'PD_1,PD_3': 0.0, 'PD_1,PD_4': 0.0, 'PD_1,PD_5': 0.0, 'PD_1,PD_6': 0.0, 'PD_2,PD_3': 0.0, 'PD_2,PD_4': 0.0, 'PD_2,PD_5': 0.0, 'PD_2,PD_6': 0.0, 'PD_3,PD_4': 1.0, 'PD_3,PD_5': 0.0, 'PD_3,PD_6': 0.0, 'PD_4,PD_5': 0.0, 'PD_4,PD_6': 0.0, 'PD_5,PD_6': 0.0}, ASR: 0.6666666666666666, TCB: {'PD_1': ['PD_3'], 'PD_2': ['PD_4'], 'PD_3': ['PD_4'], 'PD_4': ['PD_3'], 'PD_5': [], 'PD_6': []}, FR: {'PD_1,PD_2': inf, 'PD_1,PD_3': inf, 'PD_1,PD_4': inf, 'PD_1,PD_5': inf, 'PD_1,PD_6': inf, 'PD_2,PD_3': inf, 'PD_2,PD_4': inf, 'PD_2,PD_5': inf, 'PD_2,PD_6': inf, 'PD_3,PD_4': inf, 'PD_3,PD_5': inf, 'PD_3,PD_6': inf, 'PD_4,PD_5': inf, 'PD_4,PD_6': inf, 'PD_5,PD_6': inf}
  Computing metrics...
    RSI: {'PD_1,PD_2': 0.0, 'PD_1,PD_3': 0.0, 'PD_1,PD_4': 0.0, 'PD_1,PD_5': 0.0, 'PD_1,PD_6': 0.0, 'PD_2,PD_3': 0.0, 'PD_2,PD_4': 0.0, 'PD_2,PD_5': 0.0, 'PD_2,PD_6': 0.0, 'PD_3,PD_4': 1.0, 'PD_3,PD_5': 0.0, 'PD_3,PD_6': 0.0, 'PD_4,PD_5': 0.0, 'PD_4,PD_6': 0.0, 'PD_5,PD_6': 0.0}, ASR: 0.8333333333333334, TCB: {'PD_1': ['PD_3', 'PD_5'], 'PD_2': ['PD_4'], 'PD_3': ['PD_4'], 'PD_4': ['PD_3'], 'PD_5': [], 'PD_6': []}, FR: {'PD_1,PD_2': inf, 'PD_1,PD_3': inf, 'PD_1,PD_4': inf, 'PD_1,PD_5': inf, 'PD_1,PD_6': inf, 'PD_2,PD_3': inf, 'PD_2,PD_4': inf, 'PD_2,PD_5': inf, 'PD_2,PD_6': inf, 'PD_3,PD_4': inf, 'PD_3,PD_5': inf, 'PD_3,PD_6': inf, 'PD_4,PD_5': inf, 'PD_4,PD_6': inf, 'PD_5,PD_6': inf}
  Computing metrics...
    RSI: {'PD_1,PD_2': 0.0, 'PD_1,PD_3': 0.0, 'PD_1,PD_4': 0.0, 'PD_1,PD_5': 0.0, 'PD_1,PD_6': 0.0, 'PD_2,PD_3': 0.0, 'PD_2,PD_4': 0.0, 'PD_2,PD_5': 0.0, 'PD_2,PD_6': 0.0, 'PD_3,PD_4': 1.0, 'PD_3,PD_5': 0.0, 'PD_3,PD_6': 0.0, 'PD_4,PD_5': 0.0, 'PD_4,PD_6': 0.0, 'PD_5,PD_6': 0.0}, ASR: 0.6666666666666666, TCB: {'PD_1': ['PD_3'], 'PD_2': ['PD_4'], 'PD_3': ['PD_4'], 'PD_4': ['PD_3'], 'PD_5': [], 'PD_6': []}, FR: {'PD_1,PD_2': inf, 'PD_1,PD_3': inf, 'PD_1,PD_4': inf, 'PD_1,PD_5': inf, 'PD_1,PD_6': inf, 'PD_2,PD_3': inf, 'PD_2,PD_4': inf, 'PD_2,PD_5': inf, 'PD_2,PD_6': inf, 'PD_3,PD_4': inf, 'PD_3,PD_5': inf, 'PD_3,PD_6': inf, 'PD_4,PD_5': inf, 'PD_4,PD_6': inf, 'PD_5,PD_6': inf}
  Computing metrics...
    RSI: {'PD_1,PD_2': 0.0, 'PD_1,PD_3': 0.0, 'PD_1,PD_4': 0.0, 'PD_1,PD_5': 0.0, 'PD_1,PD_6': 0.0, 'PD_2,PD_3': 0.0, 'PD_2,PD_4': 0.0, 'PD_2,PD_5': 0.0, 'PD_2,PD_6': 0.0, 'PD_3,PD_4': 1.0, 'PD_3,PD_5': 0.0, 'PD_3,PD_6': 0.0, 'PD_4,PD_5': 0.0, 'PD_4,PD_6': 0.0, 'PD_5,PD_6': 0.0}, ASR: 0.8333333333333334, TCB: {'PD_1': ['PD_3', 'PD_6'], 'PD_2': ['PD_4'], 'PD_3': ['PD_4'], 'PD_4': ['PD_3'], 'PD_5': [], 'PD_6': []}, FR: {'PD_1,PD_2': inf, 'PD_1,PD_3': inf, 'PD_1,PD_4': inf, 'PD_1,PD_5': inf, 'PD_1,PD_6': inf, 'PD_2,PD_3': inf, 'PD_2,PD_4': inf, 'PD_2,PD_5': inf, 'PD_2,PD_6': inf, 'PD_3,PD_4': inf, 'PD_3,PD_5': inf, 'PD_3,PD_6': inf, 'PD_4,PD_5': inf, 'PD_4,PD_6': inf, 'PD_5,PD_6': inf}
  Computing metrics...
    RSI: {'PD_1,PD_2': 0.0, 'PD_1,PD_3': 0.0, 'PD_1,PD_4': 0.0, 'PD_1,PD_5': 0.0, 'PD_1,PD_6': 0.0, 'PD_2,PD_3': 0.0, 'PD_2,PD_4': 0.0, 'PD_2,PD_5': 0.0, 'PD_2,PD_6': 0.0, 'PD_3,PD_4': 1.0, 'PD_3,PD_5': 0.0, 'PD_3,PD_6': 0.0, 'PD_4,PD_5': 0.0, 'PD_4,PD_6': 0.0, 'PD_5,PD_6': 0.0}, ASR: 0.6666666666666666, TCB: {'PD_1': ['PD_3'], 'PD_2': ['PD_4'], 'PD_3': ['PD_4'], 'PD_4': ['PD_3'], 'PD_5': [], 'PD_6': []}, FR: {'PD_1,PD_2': inf, 'PD_1,PD_3': inf, 'PD_1,PD_4': inf, 'PD_1,PD_5': inf, 'PD_1,PD_6': inf, 'PD_2,PD_3': inf, 'PD_2,PD_4': inf, 'PD_2,PD_5': inf, 'PD_2,PD_6': inf, 'PD_3,PD_4': inf, 'PD_3,PD_5': inf, 'PD_3,PD_6': inf, 'PD_4,PD_5': inf, 'PD_4,PD_6': inf, 'PD_5,PD_6': inf}
  Computing metrics...
    RSI: {'PD_1,PD_2': 0.0, 'PD_1,PD_3': 0.0, 'PD_1,PD_4': 0.0, 'PD_1,PD_5': 0.0, 'PD_1,PD_6': 0.0, 'PD_2,PD_3': 0.0, 'PD_2,PD_4': 0.0, 'PD_2,PD_5': 0.0, 'PD_2,PD_6': 0.0, 'PD_3,PD_4': 1.0, 'PD_3,PD_5': 0.0, 'PD_3,PD_6': 0.0, 'PD_4,PD_5': 0.0, 'PD_4,PD_6': 0.0, 'PD_5,PD_6': 0.0}, ASR: 0.8333333333333334, TCB: {'PD_1': ['PD_3'], 'PD_2': ['PD_4', 'PD_1'], 'PD_3': ['PD_4'], 'PD_4': ['PD_3'], 'PD_5': [], 'PD_6': []}, FR: {'PD_1,PD_2': 3, 'PD_1,PD_3': inf, 'PD_1,PD_4': inf, 'PD_1,PD_5': inf, 'PD_1,PD_6': inf, 'PD_2,PD_3': inf, 'PD_2,PD_4': inf, 'PD_2,PD_5': inf, 'PD_2,PD_6': inf, 'PD_3,PD_4': inf, 'PD_3,PD_5': inf, 'PD_3,PD_6': inf, 'PD_4,PD_5': inf, 'PD_4,PD_6': inf, 'PD_5,PD_6': inf}
  Computing metrics...
    RSI: {'PD_1,PD_2': 0.0, 'PD_1,PD_3': 0.0, 'PD_1,PD_4': 0.0, 'PD_1,PD_5': 0.0, 'PD_1,PD_6': 0.0, 'PD_2,PD_3': 0.0, 'PD_2,PD_4': 0.0, 'PD_2,PD_5': 0.0, 'PD_2,PD_6': 0.0, 'PD_3,PD_4': 1.0, 'PD_3,PD_5': 0.0, 'PD_3,PD_6': 0.0, 'PD_4,PD_5': 0.0, 'PD_4,PD_6': 0.0, 'PD_5,PD_6': 0.0}, ASR: 0.6666666666666666, TCB: {'PD_1': ['PD_3'], 'PD_2': ['PD_4'], 'PD_3': ['PD_4'], 'PD_4': ['PD_3'], 'PD_5': [], 'PD_6': []}, FR: {'PD_1,PD_2': inf, 'PD_1,PD_3': inf, 'PD_1,PD_4': inf, 'PD_1,PD_5': inf, 'PD_1,PD_6': inf, 'PD_2,PD_3': inf, 'PD_2,PD_4': inf, 'PD_2,PD_5': inf, 'PD_2,PD_6': inf, 'PD_3,PD_4': inf, 'PD_3,PD_5': inf, 'PD_3,PD_6': inf, 'PD_4,PD_5': inf, 'PD_4,PD_6': inf, 'PD_5,PD_6': inf}
  Computing metrics...
    RSI: {'PD_1,PD_2': 0.0, 'PD_1,PD_3': 0.0, 'PD_1,PD_4': 0.0, 'PD_1,PD_5': 0.0, 'PD_1,PD_6': 0.0, 'PD_2,PD_3': 0.0, 'PD_2,PD_4': 0.0, 'PD_2,PD_5': 0.0, 'PD_2,PD_6': 0.0, 'PD_3,PD_4': 1.0, 'PD_3,PD_5': 0.0, 'PD_3,PD_6': 0.0, 'PD_4,PD_5': 0.0, 'PD_4,PD_6': 0.0, 'PD_5,PD_6': 0.0}, ASR: 0.8333333333333334, TCB: {'PD_1': ['PD_3'], 'PD_2': ['PD_4', 'PD_3'], 'PD_3': ['PD_4'], 'PD_4': ['PD_3'], 'PD_5': [], 'PD_6': []}, FR: {'PD_1,PD_2': 2, 'PD_1,PD_3': inf, 'PD_1,PD_4': inf, 'PD_1,PD_5': inf, 'PD_1,PD_6': inf, 'PD_2,PD_3': inf, 'PD_2,PD_4': inf, 'PD_2,PD_5': inf, 'PD_2,PD_6': inf, 'PD_3,PD_4': inf, 'PD_3,PD_5': inf, 'PD_3,PD_6': inf, 'PD_4,PD_5': inf, 'PD_4,PD_6': inf, 'PD_5,PD_6': inf}
  Computing metrics...
    RSI: {'PD_1,PD_2': 0.0, 'PD_1,PD_3': 0.0, 'PD_1,PD_4': 0.0, 'PD_1,PD_5': 0.0, 'PD_1,PD_6': 0.0, 'PD_2,PD_3': 0.0, 'PD_2,PD_4': 0.0, 'PD_2,PD_5': 0.0, 'PD_2,PD_6': 0.0, 'PD_3,PD_4': 1.0, 'PD_3,PD_5': 0.0, 'PD_3,PD_6': 0.0, 'PD_4,PD_5': 0.0, 'PD_4,PD_6': 0.0, 'PD_5,PD_6': 0.0}, ASR: 0.6666666666666666, TCB: {'PD_1': ['PD_3'], 'PD_2': ['PD_4'], 'PD_3': ['PD_4'], 'PD_4': ['PD_3'], 'PD_5': [], 'PD_6': []}, FR: {'PD_1,PD_2': inf, 'PD_1,PD_3': inf, 'PD_1,PD_4': inf, 'PD_1,PD_5': inf, 'PD_1,PD_6': inf, 'PD_2,PD_3': inf, 'PD_2,PD_4': inf, 'PD_2,PD_5': inf, 'PD_2,PD_6': inf, 'PD_3,PD_4': inf, 'PD_3,PD_5': inf, 'PD_3,PD_6': inf, 'PD_4,PD_5': inf, 'PD_4,PD_6': inf, 'PD_5,PD_6': inf}
  Computing metrics...
    RSI: {'PD_1,PD_2': 0.0, 'PD_1,PD_3': 0.0, 'PD_1,PD_4': 0.0, 'PD_1,PD_5': 0.0, 'PD_1,PD_6': 0.0, 'PD_2,PD_3': 0.0, 'PD_2,PD_4': 0.0, 'PD_2,PD_5': 0.0, 'PD_2,PD_6': 0.0, 'PD_3,PD_4': 1.0, 'PD_3,PD_5': 0.0, 'PD_3,PD_6': 0.0, 'PD_4,PD_5': 0.0, 'PD_4,PD_6': 0.0, 'PD_5,PD_6': 0.0}, ASR: 0.8333333333333334, TCB: {'PD_1': ['PD_3'], 'PD_2': ['PD_4', 'PD_5'], 'PD_3': ['PD_4'], 'PD_4': ['PD_3'], 'PD_5': [], 'PD_6': []}, FR: {'PD_1,PD_2': inf, 'PD_1,PD_3': inf, 'PD_1,PD_4': inf, 'PD_1,PD_5': inf, 'PD_1,PD_6': inf, 'PD_2,PD_3': inf, 'PD_2,PD_4': inf, 'PD_2,PD_5': inf, 'PD_2,PD_6': inf, 'PD_3,PD_4': inf, 'PD_3,PD_5': inf, 'PD_3,PD_6': inf, 'PD_4,PD_5': inf, 'PD_4,PD_6': inf, 'PD_5,PD_6': inf}
  Computing metrics...
    RSI: {'PD_1,PD_2': 0.0, 'PD_1,PD_3': 0.0, 'PD_1,PD_4': 0.0, 'PD_1,PD_5': 0.0, 'PD_1,PD_6': 0.0, 'PD_2,PD_3': 0.0, 'PD_2,PD_4': 0.0, 'PD_2,PD_5': 0.0, 'PD_2,PD_6': 0.0, 'PD_3,PD_4': 1.0, 'PD_3,PD_5': 0.0, 'PD_3,PD_6': 0.0, 'PD_4,PD_5': 0.0, 'PD_4,PD_6': 0.0, 'PD_5,PD_6': 0.0}, ASR: 0.6666666666666666, TCB: {'PD_1': ['PD_3'], 'PD_2': ['PD_4'], 'PD_3': ['PD_4'], 'PD_4': ['PD_3'], 'PD_5': [], 'PD_6': []}, FR: {'PD_1,PD_2': inf, 'PD_1,PD_3': inf, 'PD_1,PD_4': inf, 'PD_1,PD_5': inf, 'PD_1,PD_6': inf, 'PD_2,PD_3': inf, 'PD_2,PD_4': inf, 'PD_2,PD_5': inf, 'PD_2,PD_6': inf, 'PD_3,PD_4': inf, 'PD_3,PD_5': inf, 'PD_3,PD_6': inf, 'PD_4,PD_5': inf, 'PD_4,PD_6': inf, 'PD_5,PD_6': inf}
  Computing metrics...
    RSI: {'PD_1,PD_2': 0.0, 'PD_1,PD_3': 0.0, 'PD_1,PD_4': 0.0, 'PD_1,PD_5': 0.0, 'PD_1,PD_6': 0.0, 'PD_2,PD_3': 0.0, 'PD_2,PD_4': 0.0, 'PD_2,PD_5': 0.0, 'PD_2,PD_6': 0.0, 'PD_3,PD_4': 1.0, 'PD_3,PD_5': 0.0, 'PD_3,PD_6': 0.0, 'PD_4,PD_5': 0.0, 'PD_4,PD_6': 0.0, 'PD_5,PD_6': 0.0}, ASR: 0.8333333333333334, TCB: {'PD_1': ['PD_3'], 'PD_2': ['PD_4', 'PD_6'], 'PD_3': ['PD_4'], 'PD_4': ['PD_3'], 'PD_5': [], 'PD_6': []}, FR: {'PD_1,PD_2': inf, 'PD_1,PD_3': inf, 'PD_1,PD_4': inf, 'PD_1,PD_5': inf, 'PD_1,PD_6': inf, 'PD_2,PD_3': inf, 'PD_2,PD_4': inf, 'PD_2,PD_5': inf, 'PD_2,PD_6': inf, 'PD_3,PD_4': inf, 'PD_3,PD_5': inf, 'PD_3,PD_6': inf, 'PD_4,PD_5': inf, 'PD_4,PD_6': inf, 'PD_5,PD_6': inf}
  Computing metrics...
    RSI: {'PD_1,PD_2': 0.0, 'PD_1,PD_3': 0.0, 'PD_1,PD_4': 0.0, 'PD_1,PD_5': 0.0, 'PD_1,PD_6': 0.0, 'PD_2,PD_3': 0.0, 'PD_2,PD_4': 0.0, 'PD_2,PD_5': 0.0, 'PD_2,PD_6': 0.0, 'PD_3,PD_4': 1.0, 'PD_3,PD_5': 0.0, 'PD_3,PD_6': 0.0, 'PD_4,PD_5': 0.0, 'PD_4,PD_6': 0.0, 'PD_5,PD_6': 0.0}, ASR: 0.6666666666666666, TCB: {'PD_1': ['PD_3'], 'PD_2': ['PD_4'], 'PD_3': ['PD_4'], 'PD_4': ['PD_3'], 'PD_5': [], 'PD_6': []}, FR: {'PD_1,PD_2': inf, 'PD_1,PD_3': inf, 'PD_1,PD_4': inf, 'PD_1,PD_5': inf, 'PD_1,PD_6': inf, 'PD_2,PD_3': inf, 'PD_2,PD_4': inf, 'PD_2,PD_5': inf, 'PD_2,PD_6': inf, 'PD_3,PD_4': inf, 'PD_3,PD_5': inf, 'PD_3,PD_6': inf, 'PD_4,PD_5': inf, 'PD_4,PD_6': inf, 'PD_5,PD_6': inf}
  Computing metrics...
    RSI: {'PD_1,PD_2': 0.0, 'PD_1,PD_3': 0.0, 'PD_1,PD_4': 0.0, 'PD_1,PD_5': 0.0, 'PD_1,PD_6': 0.0, 'PD_2,PD_3': 0.0, 'PD_2,PD_4': 0.0, 'PD_2,PD_5': 0.0, 'PD_2,PD_6': 0.0, 'PD_3,PD_4': 1.0, 'PD_3,PD_5': 0.0, 'PD_3,PD_6': 0.0, 'PD_4,PD_5': 0.0, 'PD_4,PD_6': 0.0, 'PD_5,PD_6': 0.0}, ASR: 0.8333333333333334, TCB: {'PD_1': ['PD_3'], 'PD_2': ['PD_4'], 'PD_3': ['PD_1', 'PD_4'], 'PD_4': ['PD_3'], 'PD_5': [], 'PD_6': []}, FR: {'PD_1,PD_2': inf, 'PD_1,PD_3': inf, 'PD_1,PD_4': inf, 'PD_1,PD_5': inf, 'PD_1,PD_6': inf, 'PD_2,PD_3': inf, 'PD_2,PD_4': inf, 'PD_2,PD_5': inf, 'PD_2,PD_6': inf, 'PD_3,PD_4': inf, 'PD_3,PD_5': inf, 'PD_3,PD_6': inf, 'PD_4,PD_5': inf, 'PD_4,PD_6': inf, 'PD_5,PD_6': inf}
  Computing metrics...
    RSI: {'PD_1,PD_2': 0.0, 'PD_1,PD_3': 0.0, 'PD_1,PD_4': 0.0, 'PD_1,PD_5': 0.0, 'PD_1,PD_6': 0.0, 'PD_2,PD_3': 0.0, 'PD_2,PD_4': 0.0, 'PD_2,PD_5': 0.0, 'PD_2,PD_6': 0.0, 'PD_3,PD_4': 1.0, 'PD_3,PD_5': 0.0, 'PD_3,PD_6': 0.0, 'PD_4,PD_5': 0.0, 'PD_4,PD_6': 0.0, 'PD_5,PD_6': 0.0}, ASR: 0.6666666666666666, TCB: {'PD_1': ['PD_3'], 'PD_2': ['PD_4'], 'PD_3': ['PD_4'], 'PD_4': ['PD_3'], 'PD_5': [], 'PD_6': []}, FR: {'PD_1,PD_2': inf, 'PD_1,PD_3': inf, 'PD_1,PD_4': inf, 'PD_1,PD_5': inf, 'PD_1,PD_6': inf, 'PD_2,PD_3': inf, 'PD_2,PD_4': inf, 'PD_2,PD_5': inf, 'PD_2,PD_6': inf, 'PD_3,PD_4': inf, 'PD_3,PD_5': inf, 'PD_3,PD_6': inf, 'PD_4,PD_5': inf, 'PD_4,PD_6': inf, 'PD_5,PD_6': inf}
  Computing metrics...
    RSI: {'PD_1,PD_2': 0.0, 'PD_1,PD_3': 0.0, 'PD_1,PD_4': 0.0, 'PD_1,PD_5': 0.0, 'PD_1,PD_6': 0.0, 'PD_2,PD_3': 0.0, 'PD_2,PD_4': 0.0, 'PD_2,PD_5': 0.0, 'PD_2,PD_6': 0.0, 'PD_3,PD_4': 1.0, 'PD_3,PD_5': 0.0, 'PD_3,PD_6': 0.0, 'PD_4,PD_5': 0.0, 'PD_4,PD_6': 0.0, 'PD_5,PD_6': 0.0}, ASR: 0.8333333333333334, TCB: {'PD_1': ['PD_3'], 'PD_2': ['PD_4'], 'PD_3': ['PD_2', 'PD_4'], 'PD_4': ['PD_3'], 'PD_5': [], 'PD_6': []}, FR: {'PD_1,PD_2': 4, 'PD_1,PD_3': 3, 'PD_1,PD_4': inf, 'PD_1,PD_5': inf, 'PD_1,PD_6': inf, 'PD_2,PD_3': 3, 'PD_2,PD_4': inf, 'PD_2,PD_5': inf, 'PD_2,PD_6': inf, 'PD_3,PD_4': inf, 'PD_3,PD_5': inf, 'PD_3,PD_6': inf, 'PD_4,PD_5': inf, 'PD_4,PD_6': inf, 'PD_5,PD_6': inf}
  Computing metrics...
    RSI: {'PD_1,PD_2': 0.0, 'PD_1,PD_3': 0.0, 'PD_1,PD_4': 0.0, 'PD_1,PD_5': 0.0, 'PD_1,PD_6': 0.0, 'PD_2,PD_3': 0.0, 'PD_2,PD_4': 0.0, 'PD_2,PD_5': 0.0, 'PD_2,PD_6': 0.0, 'PD_3,PD_4': 1.0, 'PD_3,PD_5': 0.0, 'PD_3,PD_6': 0.0, 'PD_4,PD_5': 0.0, 'PD_4,PD_6': 0.0, 'PD_5,PD_6': 0.0}, ASR: 0.6666666666666666, TCB: {'PD_1': ['PD_3'], 'PD_2': ['PD_4'], 'PD_3': ['PD_4'], 'PD_4': ['PD_3'], 'PD_5': [], 'PD_6': []}, FR: {'PD_1,PD_2': inf, 'PD_1,PD_3': inf, 'PD_1,PD_4': inf, 'PD_1,PD_5': inf, 'PD_1,PD_6': inf, 'PD_2,PD_3': inf, 'PD_2,PD_4': inf, 'PD_2,PD_5': inf, 'PD_2,PD_6': inf, 'PD_3,PD_4': inf, 'PD_3,PD_5': inf, 'PD_3,PD_6': inf, 'PD_4,PD_5': inf, 'PD_4,PD_6': inf, 'PD_5,PD_6': inf}
  Computing metrics...
    RSI: {'PD_1,PD_2': 0.0, 'PD_1,PD_3': 0.0, 'PD_1,PD_4': 0.0, 'PD_1,PD_5': 0.0, 'PD_1,PD_6': 0.0, 'PD_2,PD_3': 0.0, 'PD_2,PD_4': 0.0, 'PD_2,PD_5': 0.0, 'PD_2,PD_6': 0.0, 'PD_3,PD_4': 1.0, 'PD_3,PD_5': 0.0, 'PD_3,PD_6': 0.0, 'PD_4,PD_5': 0.0, 'PD_4,PD_6': 0.0, 'PD_5,PD_6': 0.0}, ASR: 0.8333333333333334, TCB: {'PD_1': ['PD_3'], 'PD_2': ['PD_4'], 'PD_3': ['PD_4'], 'PD_4': ['PD_3'], 'PD_5': [], 'PD_6': []}, FR: {'PD_1,PD_2': 3, 'PD_1,PD_3': 3, 'PD_1,PD_4': inf, 'PD_1,PD_5': inf, 'PD_1,PD_6': inf, 'PD_2,PD_3': 2, 'PD_2,PD_4': inf, 'PD_2,PD_5': inf, 'PD_2,PD_6': inf, 'PD_3,PD_4': inf, 'PD_3,PD_5': inf, 'PD_3,PD_6': inf, 'PD_4,PD_5': inf, 'PD_4,PD_6': inf, 'PD_5,PD_6': inf}
  Computing metrics...
    RSI: {'PD_1,PD_2': 0.0, 'PD_1,PD_3': 0.0, 'PD_1,PD_4': 0.0, 'PD_1,PD_5': 0.0, 'PD_1,PD_6': 0.0, 'PD_2,PD_3': 0.0, 'PD_2,PD_4': 0.0, 'PD_2,PD_5': 0.0, 'PD_2,PD_6': 0.0, 'PD_3,PD_4': 1.0, 'PD_3,PD_5': 0.0, 'PD_3,PD_6': 0.0, 'PD_4,PD_5': 0.0, 'PD_4,PD_6': 0.0, 'PD_5,PD_6': 0.0}, ASR: 0.6666666666666666, TCB: {'PD_1': ['PD_3'], 'PD_2': ['PD_4'], 'PD_3': ['PD_4'], 'PD_4': ['PD_3'], 'PD_5': [], 'PD_6': []}, FR: {'PD_1,PD_2': inf, 'PD_1,PD_3': inf, 'PD_1,PD_4': inf, 'PD_1,PD_5': inf, 'PD_1,PD_6': inf, 'PD_2,PD_3': inf, 'PD_2,PD_4': inf, 'PD_2,PD_5': inf, 'PD_2,PD_6': inf, 'PD_3,PD_4': inf, 'PD_3,PD_5': inf, 'PD_3,PD_6': inf, 'PD_4,PD_5': inf, 'PD_4,PD_6': inf, 'PD_5,PD_6': inf}
  Computing metrics...
    RSI: {'PD_1,PD_2': 0.0, 'PD_1,PD_3': 0.0, 'PD_1,PD_4': 0.0, 'PD_1,PD_5': 0.0, 'PD_1,PD_6': 0.0, 'PD_2,PD_3': 0.0, 'PD_2,PD_4': 0.0, 'PD_2,PD_5': 0.0, 'PD_2,PD_6': 0.0, 'PD_3,PD_4': 1.0, 'PD_3,PD_5': 0.0, 'PD_3,PD_6': 0.0, 'PD_4,PD_5': 0.0, 'PD_4,PD_6': 0.0, 'PD_5,PD_6': 0.0}, ASR: 0.8333333333333334, TCB: {'PD_1': ['PD_3'], 'PD_2': ['PD_4'], 'PD_3': ['PD_5', 'PD_4'], 'PD_4': ['PD_3'], 'PD_5': [], 'PD_6': []}, FR: {'PD_1,PD_2': inf, 'PD_1,PD_3': 3, 'PD_1,PD_4': inf, 'PD_1,PD_5': inf, 'PD_1,PD_6': inf, 'PD_2,PD_3': inf, 'PD_2,PD_4': inf, 'PD_2,PD_5': inf, 'PD_2,PD_6': inf, 'PD_3,PD_4': inf, 'PD_3,PD_5': inf, 'PD_3,PD_6': inf, 'PD_4,PD_5': inf, 'PD_4,PD_6': inf, 'PD_5,PD_6': inf}
  Computing metrics...
    RSI: {'PD_1,PD_2': 0.0, 'PD_1,PD_3': 0.0, 'PD_1,PD_4': 0.0, 'PD_1,PD_5': 0.0, 'PD_1,PD_6': 0.0, 'PD_2,PD_3': 0.0, 'PD_2,PD_4': 0.0, 'PD_2,PD_5': 0.0, 'PD_2,PD_6': 0.0, 'PD_3,PD_4': 1.0, 'PD_3,PD_5': 0.0, 'PD_3,PD_6': 0.0, 'PD_4,PD_5': 0.0, 'PD_4,PD_6': 0.0, 'PD_5,PD_6': 0.0}, ASR: 0.6666666666666666, TCB: {'PD_1': ['PD_3'], 'PD_2': ['PD_4'], 'PD_3': ['PD_4'], 'PD_4': ['PD_3'], 'PD_5': [], 'PD_6': []}, FR: {'PD_1,PD_2': inf, 'PD_1,PD_3': inf, 'PD_1,PD_4': inf, 'PD_1,PD_5': inf, 'PD_1,PD_6': inf, 'PD_2,PD_3': inf, 'PD_2,PD_4': inf, 'PD_2,PD_5': inf, 'PD_2,PD_6': inf, 'PD_3,PD_4': inf, 'PD_3,PD_5': inf, 'PD_3,PD_6': inf, 'PD_4,PD_5': inf, 'PD_4,PD_6': inf, 'PD_5,PD_6': inf}
  Computing metrics...
    RSI: {'PD_1,PD_2': 0.0, 'PD_1,PD_3': 0.0, 'PD_1,PD_4': 0.0, 'PD_1,PD_5': 0.0, 'PD_1,PD_6': 0.0, 'PD_2,PD_3': 0.0, 'PD_2,PD_4': 0.0, 'PD_2,PD_5': 0.0, 'PD_2,PD_6': 0.0, 'PD_3,PD_4': 1.0, 'PD_3,PD_5': 0.0, 'PD_3,PD_6': 0.0, 'PD_4,PD_5': 0.0, 'PD_4,PD_6': 0.0, 'PD_5,PD_6': 0.0}, ASR: 0.8333333333333334, TCB: {'PD_1': ['PD_3'], 'PD_2': ['PD_4'], 'PD_3': ['PD_6', 'PD_4'], 'PD_4': ['PD_3'], 'PD_5': [], 'PD_6': []}, FR: {'PD_1,PD_2': inf, 'PD_1,PD_3': 3, 'PD_1,PD_4': inf, 'PD_1,PD_5': inf, 'PD_1,PD_6': inf, 'PD_2,PD_3': inf, 'PD_2,PD_4': inf, 'PD_2,PD_5': inf, 'PD_2,PD_6': inf, 'PD_3,PD_4': inf, 'PD_3,PD_5': inf, 'PD_3,PD_6': inf, 'PD_4,PD_5': inf, 'PD_4,PD_6': inf, 'PD_5,PD_6': inf}
  Computing metrics...
    RSI: {'PD_1,PD_2': 0.0, 'PD_1,PD_3': 0.0, 'PD_1,PD_4': 0.0, 'PD_1,PD_5': 0.0, 'PD_1,PD_6': 0.0, 'PD_2,PD_3': 0.0, 'PD_2,PD_4': 0.0, 'PD_2,PD_5': 0.0, 'PD_2,PD_6': 0.0, 'PD_3,PD_4': 1.0, 'PD_3,PD_5': 0.0, 'PD_3,PD_6': 0.0, 'PD_4,PD_5': 0.0, 'PD_4,PD_6': 0.0, 'PD_5,PD_6': 0.0}, ASR: 0.6666666666666666, TCB: {'PD_1': ['PD_3'], 'PD_2': ['PD_4'], 'PD_3': ['PD_4'], 'PD_4': ['PD_3'], 'PD_5': [], 'PD_6': []}, FR: {'PD_1,PD_2': inf, 'PD_1,PD_3': inf, 'PD_1,PD_4': inf, 'PD_1,PD_5': inf, 'PD_1,PD_6': inf, 'PD_2,PD_3': inf, 'PD_2,PD_4': inf, 'PD_2,PD_5': inf, 'PD_2,PD_6': inf, 'PD_3,PD_4': inf, 'PD_3,PD_5': inf, 'PD_3,PD_6': inf, 'PD_4,PD_5': inf, 'PD_4,PD_6': inf, 'PD_5,PD_6': inf}
  Computing metrics...
    RSI: {'PD_1,PD_2': 0.0, 'PD_1,PD_3': 0.0, 'PD_1,PD_4': 0.0, 'PD_1,PD_5': 0.0, 'PD_1,PD_6': 0.0, 'PD_2,PD_3': 0.0, 'PD_2,PD_4': 0.0, 'PD_2,PD_5': 0.0, 'PD_2,PD_6': 0.0, 'PD_3,PD_4': 1.0, 'PD_3,PD_5': 0.0, 'PD_3,PD_6': 0.0, 'PD_4,PD_5': 0.0, 'PD_4,PD_6': 0.0, 'PD_5,PD_6': 0.0}, ASR: 0.8333333333333334, TCB: {'PD_1': ['PD_3'], 'PD_2': ['PD_4'], 'PD_3': ['PD_4'], 'PD_4': ['PD_1', 'PD_3'], 'PD_5': [], 'PD_6': []}, FR: {'PD_1,PD_2': 4, 'PD_1,PD_3': inf, 'PD_1,PD_4': 3, 'PD_1,PD_5': inf, 'PD_1,PD_6': inf, 'PD_2,PD_3': inf, 'PD_2,PD_4': 3, 'PD_2,PD_5': inf, 'PD_2,PD_6': inf, 'PD_3,PD_4': inf, 'PD_3,PD_5': inf, 'PD_3,PD_6': inf, 'PD_4,PD_5': inf, 'PD_4,PD_6': inf, 'PD_5,PD_6': inf}
  Computing metrics...
    RSI: {'PD_1,PD_2': 0.0, 'PD_1,PD_3': 0.0, 'PD_1,PD_4': 0.0, 'PD_1,PD_5': 0.0, 'PD_1,PD_6': 0.0, 'PD_2,PD_3': 0.0, 'PD_2,PD_4': 0.0, 'PD_2,PD_5': 0.0, 'PD_2,PD_6': 0.0, 'PD_3,PD_4': 1.0, 'PD_3,PD_5': 0.0, 'PD_3,PD_6': 0.0, 'PD_4,PD_5': 0.0, 'PD_4,PD_6': 0.0, 'PD_5,PD_6': 0.0}, ASR: 0.6666666666666666, TCB: {'PD_1': ['PD_3'], 'PD_2': ['PD_4'], 'PD_3': ['PD_4'], 'PD_4': ['PD_3'], 'PD_5': [], 'PD_6': []}, FR: {'PD_1,PD_2': inf, 'PD_1,PD_3': inf, 'PD_1,PD_4': inf, 'PD_1,PD_5': inf, 'PD_1,PD_6': inf, 'PD_2,PD_3': inf, 'PD_2,PD_4': inf, 'PD_2,PD_5': inf, 'PD_2,PD_6': inf, 'PD_3,PD_4': inf, 'PD_3,PD_5': inf, 'PD_3,PD_6': inf, 'PD_4,PD_5': inf, 'PD_4,PD_6': inf, 'PD_5,PD_6': inf}
  Computing metrics...
    RSI: {'PD_1,PD_2': 0.0, 'PD_1,PD_3': 0.0, 'PD_1,PD_4': 0.0, 'PD_1,PD_5': 0.0, 'PD_1,PD_6': 0.0, 'PD_2,PD_3': 0.0, 'PD_2,PD_4': 0.0, 'PD_2,PD_5': 0.0, 'PD_2,PD_6': 0.0, 'PD_3,PD_4': 1.0, 'PD_3,PD_5': 0.0, 'PD_3,PD_6': 0.0, 'PD_4,PD_5': 0.0, 'PD_4,PD_6': 0.0, 'PD_5,PD_6': 0.0}, ASR: 0.8333333333333334, TCB: {'PD_1': ['PD_3'], 'PD_2': ['PD_4'], 'PD_3': ['PD_4'], 'PD_4': ['PD_2', 'PD_3'], 'PD_5': [], 'PD_6': []}, FR: {'PD_1,PD_2': inf, 'PD_1,PD_3': inf, 'PD_1,PD_4': inf, 'PD_1,PD_5': inf, 'PD_1,PD_6': inf, 'PD_2,PD_3': inf, 'PD_2,PD_4': inf, 'PD_2,PD_5': inf, 'PD_2,PD_6': inf, 'PD_3,PD_4': inf, 'PD_3,PD_5': inf, 'PD_3,PD_6': inf, 'PD_4,PD_5': inf, 'PD_4,PD_6': inf, 'PD_5,PD_6': inf}
  Computing metrics...
    RSI: {'PD_1,PD_2': 0.0, 'PD_1,PD_3': 0.0, 'PD_1,PD_4': 0.0, 'PD_1,PD_5': 0.0, 'PD_1,PD_6': 0.0, 'PD_2,PD_3': 0.0, 'PD_2,PD_4': 0.0, 'PD_2,PD_5': 0.0, 'PD_2,PD_6': 0.0, 'PD_3,PD_4': 1.0, 'PD_3,PD_5': 0.0, 'PD_3,PD_6': 0.0, 'PD_4,PD_5': 0.0, 'PD_4,PD_6': 0.0, 'PD_5,PD_6': 0.0}, ASR: 0.6666666666666666, TCB: {'PD_1': ['PD_3'], 'PD_2': ['PD_4'], 'PD_3': ['PD_4'], 'PD_4': ['PD_3'], 'PD_5': [], 'PD_6': []}, FR: {'PD_1,PD_2': inf, 'PD_1,PD_3': inf, 'PD_1,PD_4': inf, 'PD_1,PD_5': inf, 'PD_1,PD_6': inf, 'PD_2,PD_3': inf, 'PD_2,PD_4': inf, 'PD_2,PD_5': inf, 'PD_2,PD_6': inf, 'PD_3,PD_4': inf, 'PD_3,PD_5': inf, 'PD_3,PD_6': inf, 'PD_4,PD_5': inf, 'PD_4,PD_6': inf, 'PD_5,PD_6': inf}
  Computing metrics...
    RSI: {'PD_1,PD_2': 0.0, 'PD_1,PD_3': 0.0, 'PD_1,PD_4': 0.0, 'PD_1,PD_5': 0.0, 'PD_1,PD_6': 0.0, 'PD_2,PD_3': 0.0, 'PD_2,PD_4': 0.0, 'PD_2,PD_5': 0.0, 'PD_2,PD_6': 0.0, 'PD_3,PD_4': 1.0, 'PD_3,PD_5': 0.0, 'PD_3,PD_6': 0.0, 'PD_4,PD_5': 0.0, 'PD_4,PD_6': 0.0, 'PD_5,PD_6': 0.0}, ASR: 0.8333333333333334, TCB: {'PD_1': ['PD_3'], 'PD_2': ['PD_4'], 'PD_3': ['PD_4'], 'PD_4': ['PD_3'], 'PD_5': [], 'PD_6': []}, FR: {'PD_1,PD_2': 3, 'PD_1,PD_3': inf, 'PD_1,PD_4': 2, 'PD_1,PD_5': inf, 'PD_1,PD_6': inf, 'PD_2,PD_3': inf, 'PD_2,PD_4': 3, 'PD_2,PD_5': inf, 'PD_2,PD_6': inf, 'PD_3,PD_4': inf, 'PD_3,PD_5': inf, 'PD_3,PD_6': inf, 'PD_4,PD_5': inf, 'PD_4,PD_6': inf, 'PD_5,PD_6': inf}
  Computing metrics...
    RSI: {'PD_1,PD_2': 0.0, 'PD_1,PD_3': 0.0, 'PD_1,PD_4': 0.0, 'PD_1,PD_5': 0.0, 'PD_1,PD_6': 0.0, 'PD_2,PD_3': 0.0, 'PD_2,PD_4': 0.0, 'PD_2,PD_5': 0.0, 'PD_2,PD_6': 0.0, 'PD_3,PD_4': 1.0, 'PD_3,PD_5': 0.0, 'PD_3,PD_6': 0.0, 'PD_4,PD_5': 0.0, 'PD_4,PD_6': 0.0, 'PD_5,PD_6': 0.0}, ASR: 0.6666666666666666, TCB: {'PD_1': ['PD_3'], 'PD_2': ['PD_4'], 'PD_3': ['PD_4'], 'PD_4': ['PD_3'], 'PD_5': [], 'PD_6': []}, FR: {'PD_1,PD_2': inf, 'PD_1,PD_3': inf, 'PD_1,PD_4': inf, 'PD_1,PD_5': inf, 'PD_1,PD_6': inf, 'PD_2,PD_3': inf, 'PD_2,PD_4': inf, 'PD_2,PD_5': inf, 'PD_2,PD_6': inf, 'PD_3,PD_4': inf, 'PD_3,PD_5': inf, 'PD_3,PD_6': inf, 'PD_4,PD_5': inf, 'PD_4,PD_6': inf, 'PD_5,PD_6': inf}
  Computing metrics...
    RSI: {'PD_1,PD_2': 0.0, 'PD_1,PD_3': 0.0, 'PD_1,PD_4': 0.0, 'PD_1,PD_5': 0.0, 'PD_1,PD_6': 0.0, 'PD_2,PD_3': 0.0, 'PD_2,PD_4': 0.0, 'PD_2,PD_5': 0.0, 'PD_2,PD_6': 0.0, 'PD_3,PD_4': 1.0, 'PD_3,PD_5': 0.0, 'PD_3,PD_6': 0.0, 'PD_4,PD_5': 0.0, 'PD_4,PD_6': 0.0, 'PD_5,PD_6': 0.0}, ASR: 0.8333333333333334, TCB: {'PD_1': ['PD_3'], 'PD_2': ['PD_4'], 'PD_3': ['PD_4'], 'PD_4': ['PD_5', 'PD_3'], 'PD_5': [], 'PD_6': []}, FR: {'PD_1,PD_2': inf, 'PD_1,PD_3': inf, 'PD_1,PD_4': inf, 'PD_1,PD_5': inf, 'PD_1,PD_6': inf, 'PD_2,PD_3': inf, 'PD_2,PD_4': 3, 'PD_2,PD_5': inf, 'PD_2,PD_6': inf, 'PD_3,PD_4': inf, 'PD_3,PD_5': inf, 'PD_3,PD_6': inf, 'PD_4,PD_5': inf, 'PD_4,PD_6': inf, 'PD_5,PD_6': inf}
  Computing metrics...
    RSI: {'PD_1,PD_2': 0.0, 'PD_1,PD_3': 0.0, 'PD_1,PD_4': 0.0, 'PD_1,PD_5': 0.0, 'PD_1,PD_6': 0.0, 'PD_2,PD_3': 0.0, 'PD_2,PD_4': 0.0, 'PD_2,PD_5': 0.0, 'PD_2,PD_6': 0.0, 'PD_3,PD_4': 1.0, 'PD_3,PD_5': 0.0, 'PD_3,PD_6': 0.0, 'PD_4,PD_5': 0.0, 'PD_4,PD_6': 0.0, 'PD_5,PD_6': 0.0}, ASR: 0.6666666666666666, TCB: {'PD_1': ['PD_3'], 'PD_2': ['PD_4'], 'PD_3': ['PD_4'], 'PD_4': ['PD_3'], 'PD_5': [], 'PD_6': []}, FR: {'PD_1,PD_2': inf, 'PD_1,PD_3': inf, 'PD_1,PD_4': inf, 'PD_1,PD_5': inf, 'PD_1,PD_6': inf, 'PD_2,PD_3': inf, 'PD_2,PD_4': inf, 'PD_2,PD_5': inf, 'PD_2,PD_6': inf, 'PD_3,PD_4': inf, 'PD_3,PD_5': inf, 'PD_3,PD_6': inf, 'PD_4,PD_5': inf, 'PD_4,PD_6': inf, 'PD_5,PD_6': inf}
  Computing metrics...
    RSI: {'PD_1,PD_2': 0.0, 'PD_1,PD_3': 0.0, 'PD_1,PD_4': 0.0, 'PD_1,PD_5': 0.0, 'PD_1,PD_6': 0.0, 'PD_2,PD_3': 0.0, 'PD_2,PD_4': 0.0, 'PD_2,PD_5': 0.0, 'PD_2,PD_6': 0.0, 'PD_3,PD_4': 1.0, 'PD_3,PD_5': 0.0, 'PD_3,PD_6': 0.0, 'PD_4,PD_5': 0.0, 'PD_4,PD_6': 0.0, 'PD_5,PD_6': 0.0}, ASR: 0.8333333333333334, TCB: {'PD_1': ['PD_3'], 'PD_2': ['PD_4'], 'PD_3': ['PD_4'], 'PD_4': ['PD_6', 'PD_3'], 'PD_5': [], 'PD_6': []}, FR: {'PD_1,PD_2': inf, 'PD_1,PD_3': inf, 'PD_1,PD_4': inf, 'PD_1,PD_5': inf, 'PD_1,PD_6': inf, 'PD_2,PD_3': inf, 'PD_2,PD_4': 3, 'PD_2,PD_5': inf, 'PD_2,PD_6': inf, 'PD_3,PD_4': inf, 'PD_3,PD_5': inf, 'PD_3,PD_6': inf, 'PD_4,PD_5': inf, 'PD_4,PD_6': inf, 'PD_5,PD_6': inf}
  Computing metrics...
    RSI: {'PD_1,PD_2': 0.0, 'PD_1,PD_3': 0.0, 'PD_1,PD_4': 0.0, 'PD_1,PD_5': 0.0, 'PD_1,PD_6': 0.0, 'PD_2,PD_3': 0.0, 'PD_2,PD_4': 0.0, 'PD_2,PD_5': 0.0, 'PD_2,PD_6': 0.0, 'PD_3,PD_4': 1.0, 'PD_3,PD_5': 0.0, 'PD_3,PD_6': 0.0, 'PD_4,PD_5': 0.0, 'PD_4,PD_6': 0.0, 'PD_5,PD_6': 0.0}, ASR: 0.6666666666666666, TCB: {'PD_1': ['PD_3'], 'PD_2': ['PD_4'], 'PD_3': ['PD_4'], 'PD_4': ['PD_3'], 'PD_5': [], 'PD_6': []}, FR: {'PD_1,PD_2': inf, 'PD_1,PD_3': inf, 'PD_1,PD_4': inf, 'PD_1,PD_5': inf, 'PD_1,PD_6': inf, 'PD_2,PD_3': inf, 'PD_2,PD_4': inf, 'PD_2,PD_5': inf, 'PD_2,PD_6': inf, 'PD_3,PD_4': inf, 'PD_3,PD_5': inf, 'PD_3,PD_6': inf, 'PD_4,PD_5': inf, 'PD_4,PD_6': inf, 'PD_5,PD_6': inf}
  Computing metrics...
    RSI: {'PD_1,PD_2': 0.0, 'PD_1,PD_3': 0.0, 'PD_1,PD_4': 0.0, 'PD_1,PD_5': 0.0, 'PD_1,PD_6': 0.0, 'PD_2,PD_3': 0.0, 'PD_2,PD_4': 0.0, 'PD_2,PD_5': 0.0, 'PD_2,PD_6': 0.0, 'PD_3,PD_4': 1.0, 'PD_3,PD_5': 0.0, 'PD_3,PD_6': 0.0, 'PD_4,PD_5': 0.0, 'PD_4,PD_6': 0.0, 'PD_5,PD_6': 0.0}, ASR: 0.8333333333333334, TCB: {'PD_1': ['PD_3'], 'PD_2': ['PD_4'], 'PD_3': ['PD_4'], 'PD_4': ['PD_3'], 'PD_5': ['PD_1'], 'PD_6': []}, FR: {'PD_1,PD_2': inf, 'PD_1,PD_3': inf, 'PD_1,PD_4': inf, 'PD_1,PD_5': 3, 'PD_1,PD_6': inf, 'PD_2,PD_3': inf, 'PD_2,PD_4': inf, 'PD_2,PD_5': inf, 'PD_2,PD_6': inf, 'PD_3,PD_4': inf, 'PD_3,PD_5': inf, 'PD_3,PD_6': inf, 'PD_4,PD_5': inf, 'PD_4,PD_6': inf, 'PD_5,PD_6': inf}
  Computing metrics...
    RSI: {'PD_1,PD_2': 0.0, 'PD_1,PD_3': 0.0, 'PD_1,PD_4': 0.0, 'PD_1,PD_5': 0.0, 'PD_1,PD_6': 0.0, 'PD_2,PD_3': 0.0, 'PD_2,PD_4': 0.0, 'PD_2,PD_5': 0.0, 'PD_2,PD_6': 0.0, 'PD_3,PD_4': 1.0, 'PD_3,PD_5': 0.0, 'PD_3,PD_6': 0.0, 'PD_4,PD_5': 0.0, 'PD_4,PD_6': 0.0, 'PD_5,PD_6': 0.0}, ASR: 0.6666666666666666, TCB: {'PD_1': ['PD_3'], 'PD_2': ['PD_4'], 'PD_3': ['PD_4'], 'PD_4': ['PD_3'], 'PD_5': [], 'PD_6': []}, FR: {'PD_1,PD_2': inf, 'PD_1,PD_3': inf, 'PD_1,PD_4': inf, 'PD_1,PD_5': inf, 'PD_1,PD_6': inf, 'PD_2,PD_3': inf, 'PD_2,PD_4': inf, 'PD_2,PD_5': inf, 'PD_2,PD_6': inf, 'PD_3,PD_4': inf, 'PD_3,PD_5': inf, 'PD_3,PD_6': inf, 'PD_4,PD_5': inf, 'PD_4,PD_6': inf, 'PD_5,PD_6': inf}
  Computing metrics...
    RSI: {'PD_1,PD_2': 0.0, 'PD_1,PD_3': 0.0, 'PD_1,PD_4': 0.0, 'PD_1,PD_5': 0.0, 'PD_1,PD_6': 0.0, 'PD_2,PD_3': 0.0, 'PD_2,PD_4': 0.0, 'PD_2,PD_5': 0.0, 'PD_2,PD_6': 0.0, 'PD_3,PD_4': 1.0, 'PD_3,PD_5': 0.0, 'PD_3,PD_6': 0.0, 'PD_4,PD_5': 0.0, 'PD_4,PD_6': 0.0, 'PD_5,PD_6': 0.0}, ASR: 0.8333333333333334, TCB: {'PD_1': ['PD_3'], 'PD_2': ['PD_4'], 'PD_3': ['PD_4'], 'PD_4': ['PD_3'], 'PD_5': ['PD_2'], 'PD_6': []}, FR: {'PD_1,PD_2': inf, 'PD_1,PD_3': inf, 'PD_1,PD_4': inf, 'PD_1,PD_5': inf, 'PD_1,PD_6': inf, 'PD_2,PD_3': inf, 'PD_2,PD_4': inf, 'PD_2,PD_5': 3, 'PD_2,PD_6': inf, 'PD_3,PD_4': inf, 'PD_3,PD_5': inf, 'PD_3,PD_6': inf, 'PD_4,PD_5': inf, 'PD_4,PD_6': inf, 'PD_5,PD_6': inf}
  Computing metrics...
    RSI: {'PD_1,PD_2': 0.0, 'PD_1,PD_3': 0.0, 'PD_1,PD_4': 0.0, 'PD_1,PD_5': 0.0, 'PD_1,PD_6': 0.0, 'PD_2,PD_3': 0.0, 'PD_2,PD_4': 0.0, 'PD_2,PD_5': 0.0, 'PD_2,PD_6': 0.0, 'PD_3,PD_4': 1.0, 'PD_3,PD_5': 0.0, 'PD_3,PD_6': 0.0, 'PD_4,PD_5': 0.0, 'PD_4,PD_6': 0.0, 'PD_5,PD_6': 0.0}, ASR: 0.6666666666666666, TCB: {'PD_1': ['PD_3'], 'PD_2': ['PD_4'], 'PD_3': ['PD_4'], 'PD_4': ['PD_3'], 'PD_5': [], 'PD_6': []}, FR: {'PD_1,PD_2': inf, 'PD_1,PD_3': inf, 'PD_1,PD_4': inf, 'PD_1,PD_5': inf, 'PD_1,PD_6': inf, 'PD_2,PD_3': inf, 'PD_2,PD_4': inf, 'PD_2,PD_5': inf, 'PD_2,PD_6': inf, 'PD_3,PD_4': inf, 'PD_3,PD_5': inf, 'PD_3,PD_6': inf, 'PD_4,PD_5': inf, 'PD_4,PD_6': inf, 'PD_5,PD_6': inf}
  Computing metrics...
    RSI: {'PD_1,PD_2': 0.0, 'PD_1,PD_3': 0.0, 'PD_1,PD_4': 0.0, 'PD_1,PD_5': 0.0, 'PD_1,PD_6': 0.0, 'PD_2,PD_3': 0.0, 'PD_2,PD_4': 0.0, 'PD_2,PD_5': 0.0, 'PD_2,PD_6': 0.0, 'PD_3,PD_4': 1.0, 'PD_3,PD_5': 0.0, 'PD_3,PD_6': 0.0, 'PD_4,PD_5': 0.0, 'PD_4,PD_6': 0.0, 'PD_5,PD_6': 0.0}, ASR: 0.8333333333333334, TCB: {'PD_1': ['PD_3'], 'PD_2': ['PD_4'], 'PD_3': ['PD_4'], 'PD_4': ['PD_3'], 'PD_5': ['PD_3'], 'PD_6': []}, FR: {'PD_1,PD_2': inf, 'PD_1,PD_3': inf, 'PD_1,PD_4': inf, 'PD_1,PD_5': 2, 'PD_1,PD_6': inf, 'PD_2,PD_3': inf, 'PD_2,PD_4': inf, 'PD_2,PD_5': inf, 'PD_2,PD_6': inf, 'PD_3,PD_4': inf, 'PD_3,PD_5': inf, 'PD_3,PD_6': inf, 'PD_4,PD_5': inf, 'PD_4,PD_6': inf, 'PD_5,PD_6': inf}
  Computing metrics...
    RSI: {'PD_1,PD_2': 0.0, 'PD_1,PD_3': 0.0, 'PD_1,PD_4': 0.0, 'PD_1,PD_5': 0.0, 'PD_1,PD_6': 0.0, 'PD_2,PD_3': 0.0, 'PD_2,PD_4': 0.0, 'PD_2,PD_5': 0.0, 'PD_2,PD_6': 0.0, 'PD_3,PD_4': 1.0, 'PD_3,PD_5': 0.0, 'PD_3,PD_6': 0.0, 'PD_4,PD_5': 0.0, 'PD_4,PD_6': 0.0, 'PD_5,PD_6': 0.0}, ASR: 0.6666666666666666, TCB: {'PD_1': ['PD_3'], 'PD_2': ['PD_4'], 'PD_3': ['PD_4'], 'PD_4': ['PD_3'], 'PD_5': [], 'PD_6': []}, FR: {'PD_1,PD_2': inf, 'PD_1,PD_3': inf, 'PD_1,PD_4': inf, 'PD_1,PD_5': inf, 'PD_1,PD_6': inf, 'PD_2,PD_3': inf, 'PD_2,PD_4': inf, 'PD_2,PD_5': inf, 'PD_2,PD_6': inf, 'PD_3,PD_4': inf, 'PD_3,PD_5': inf, 'PD_3,PD_6': inf, 'PD_4,PD_5': inf, 'PD_4,PD_6': inf, 'PD_5,PD_6': inf}
  Computing metrics...
    RSI: {'PD_1,PD_2': 0.0, 'PD_1,PD_3': 0.0, 'PD_1,PD_4': 0.0, 'PD_1,PD_5': 0.0, 'PD_1,PD_6': 0.0, 'PD_2,PD_3': 0.0, 'PD_2,PD_4': 0.0, 'PD_2,PD_5': 0.0, 'PD_2,PD_6': 0.0, 'PD_3,PD_4': 1.0, 'PD_3,PD_5': 0.0, 'PD_3,PD_6': 0.0, 'PD_4,PD_5': 0.0, 'PD_4,PD_6': 0.0, 'PD_5,PD_6': 0.0}, ASR: 0.8333333333333334, TCB: {'PD_1': ['PD_3'], 'PD_2': ['PD_4'], 'PD_3': ['PD_4'], 'PD_4': ['PD_3'], 'PD_5': ['PD_4'], 'PD_6': []}, FR: {'PD_1,PD_2': inf, 'PD_1,PD_3': inf, 'PD_1,PD_4': inf, 'PD_1,PD_5': inf, 'PD_1,PD_6': inf, 'PD_2,PD_3': inf, 'PD_2,PD_4': inf, 'PD_2,PD_5': 2, 'PD_2,PD_6': inf, 'PD_3,PD_4': inf, 'PD_3,PD_5': inf, 'PD_3,PD_6': inf, 'PD_4,PD_5': inf, 'PD_4,PD_6': inf, 'PD_5,PD_6': inf}
  Computing metrics...
    RSI: {'PD_1,PD_2': 0.0, 'PD_1,PD_3': 0.0, 'PD_1,PD_4': 0.0, 'PD_1,PD_5': 0.0, 'PD_1,PD_6': 0.0, 'PD_2,PD_3': 0.0, 'PD_2,PD_4': 0.0, 'PD_2,PD_5': 0.0, 'PD_2,PD_6': 0.0, 'PD_3,PD_4': 1.0, 'PD_3,PD_5': 0.0, 'PD_3,PD_6': 0.0, 'PD_4,PD_5': 0.0, 'PD_4,PD_6': 0.0, 'PD_5,PD_6': 0.0}, ASR: 0.6666666666666666, TCB: {'PD_1': ['PD_3'], 'PD_2': ['PD_4'], 'PD_3': ['PD_4'], 'PD_4': ['PD_3'], 'PD_5': [], 'PD_6': []}, FR: {'PD_1,PD_2': inf, 'PD_1,PD_3': inf, 'PD_1,PD_4': inf, 'PD_1,PD_5': inf, 'PD_1,PD_6': inf, 'PD_2,PD_3': inf, 'PD_2,PD_4': inf, 'PD_2,PD_5': inf, 'PD_2,PD_6': inf, 'PD_3,PD_4': inf, 'PD_3,PD_5': inf, 'PD_3,PD_6': inf, 'PD_4,PD_5': inf, 'PD_4,PD_6': inf, 'PD_5,PD_6': inf}
  Computing metrics...
    RSI: {'PD_1,PD_2': 0.0, 'PD_1,PD_3': 0.0, 'PD_1,PD_4': 0.0, 'PD_1,PD_5': 0.0, 'PD_1,PD_6': 0.0, 'PD_2,PD_3': 0.0, 'PD_2,PD_4': 0.0, 'PD_2,PD_5': 0.0, 'PD_2,PD_6': 0.0, 'PD_3,PD_4': 1.0, 'PD_3,PD_5': 0.0, 'PD_3,PD_6': 0.0, 'PD_4,PD_5': 0.0, 'PD_4,PD_6': 0.0, 'PD_5,PD_6': 0.0}, ASR: 0.8333333333333334, TCB: {'PD_1': ['PD_3'], 'PD_2': ['PD_4'], 'PD_3': ['PD_4'], 'PD_4': ['PD_3'], 'PD_5': ['PD_6'], 'PD_6': []}, FR: {'PD_1,PD_2': inf, 'PD_1,PD_3': inf, 'PD_1,PD_4': inf, 'PD_1,PD_5': inf, 'PD_1,PD_6': inf, 'PD_2,PD_3': inf, 'PD_2,PD_4': inf, 'PD_2,PD_5': inf, 'PD_2,PD_6': inf, 'PD_3,PD_4': inf, 'PD_3,PD_5': inf, 'PD_3,PD_6': inf, 'PD_4,PD_5': inf, 'PD_4,PD_6': inf, 'PD_5,PD_6': inf}
  Computing metrics...
    RSI: {'PD_1,PD_2': 0.0, 'PD_1,PD_3': 0.0, 'PD_1,PD_4': 0.0, 'PD_1,PD_5': 0.0, 'PD_1,PD_6': 0.0, 'PD_2,PD_3': 0.0, 'PD_2,PD_4': 0.0, 'PD_2,PD_5': 0.0, 'PD_2,PD_6': 0.0, 'PD_3,PD_4': 1.0, 'PD_3,PD_5': 0.0, 'PD_3,PD_6': 0.0, 'PD_4,PD_5': 0.0, 'PD_4,PD_6': 0.0, 'PD_5,PD_6': 0.0}, ASR: 0.6666666666666666, TCB: {'PD_1': ['PD_3'], 'PD_2': ['PD_4'], 'PD_3': ['PD_4'], 'PD_4': ['PD_3'], 'PD_5': [], 'PD_6': []}, FR: {'PD_1,PD_2': inf, 'PD_1,PD_3': inf, 'PD_1,PD_4': inf, 'PD_1,PD_5': inf, 'PD_1,PD_6': inf, 'PD_2,PD_3': inf, 'PD_2,PD_4': inf, 'PD_2,PD_5': inf, 'PD_2,PD_6': inf, 'PD_3,PD_4': inf, 'PD_3,PD_5': inf, 'PD_3,PD_6': inf, 'PD_4,PD_5': inf, 'PD_4,PD_6': inf, 'PD_5,PD_6': inf}
  Computing metrics...
    RSI: {'PD_1,PD_2': 0.0, 'PD_1,PD_3': 0.0, 'PD_1,PD_4': 0.0, 'PD_1,PD_5': 0.0, 'PD_1,PD_6': 0.0, 'PD_2,PD_3': 0.0, 'PD_2,PD_4': 0.0, 'PD_2,PD_5': 0.0, 'PD_2,PD_6': 0.0, 'PD_3,PD_4': 1.0, 'PD_3,PD_5': 0.0, 'PD_3,PD_6': 0.0, 'PD_4,PD_5': 0.0, 'PD_4,PD_6': 0.0, 'PD_5,PD_6': 0.0}, ASR: 0.8333333333333334, TCB: {'PD_1': ['PD_3'], 'PD_2': ['PD_4'], 'PD_3': ['PD_4'], 'PD_4': ['PD_3'], 'PD_5': [], 'PD_6': ['PD_1']}, FR: {'PD_1,PD_2': inf, 'PD_1,PD_3': inf, 'PD_1,PD_4': inf, 'PD_1,PD_5': inf, 'PD_1,PD_6': 3, 'PD_2,PD_3': inf, 'PD_2,PD_4': inf, 'PD_2,PD_5': inf, 'PD_2,PD_6': inf, 'PD_3,PD_4': inf, 'PD_3,PD_5': inf, 'PD_3,PD_6': inf, 'PD_4,PD_5': inf, 'PD_4,PD_6': inf, 'PD_5,PD_6': inf}
  Computing metrics...
    RSI: {'PD_1,PD_2': 0.0, 'PD_1,PD_3': 0.0, 'PD_1,PD_4': 0.0, 'PD_1,PD_5': 0.0, 'PD_1,PD_6': 0.0, 'PD_2,PD_3': 0.0, 'PD_2,PD_4': 0.0, 'PD_2,PD_5': 0.0, 'PD_2,PD_6': 0.0, 'PD_3,PD_4': 1.0, 'PD_3,PD_5': 0.0, 'PD_3,PD_6': 0.0, 'PD_4,PD_5': 0.0, 'PD_4,PD_6': 0.0, 'PD_5,PD_6': 0.0}, ASR: 0.6666666666666666, TCB: {'PD_1': ['PD_3'], 'PD_2': ['PD_4'], 'PD_3': ['PD_4'], 'PD_4': ['PD_3'], 'PD_5': [], 'PD_6': []}, FR: {'PD_1,PD_2': inf, 'PD_1,PD_3': inf, 'PD_1,PD_4': inf, 'PD_1,PD_5': inf, 'PD_1,PD_6': inf, 'PD_2,PD_3': inf, 'PD_2,PD_4': inf, 'PD_2,PD_5': inf, 'PD_2,PD_6': inf, 'PD_3,PD_4': inf, 'PD_3,PD_5': inf, 'PD_3,PD_6': inf, 'PD_4,PD_5': inf, 'PD_4,PD_6': inf, 'PD_5,PD_6': inf}
  Computing metrics...
    RSI: {'PD_1,PD_2': 0.0, 'PD_1,PD_3': 0.0, 'PD_1,PD_4': 0.0, 'PD_1,PD_5': 0.0, 'PD_1,PD_6': 0.0, 'PD_2,PD_3': 0.0, 'PD_2,PD_4': 0.0, 'PD_2,PD_5': 0.0, 'PD_2,PD_6': 0.0, 'PD_3,PD_4': 1.0, 'PD_3,PD_5': 0.0, 'PD_3,PD_6': 0.0, 'PD_4,PD_5': 0.0, 'PD_4,PD_6': 0.0, 'PD_5,PD_6': 0.0}, ASR: 0.8333333333333334, TCB: {'PD_1': ['PD_3'], 'PD_2': ['PD_4'], 'PD_3': ['PD_4'], 'PD_4': ['PD_3'], 'PD_5': [], 'PD_6': ['PD_2']}, FR: {'PD_1,PD_2': inf, 'PD_1,PD_3': inf, 'PD_1,PD_4': inf, 'PD_1,PD_5': inf, 'PD_1,PD_6': inf, 'PD_2,PD_3': inf, 'PD_2,PD_4': inf, 'PD_2,PD_5': inf, 'PD_2,PD_6': 3, 'PD_3,PD_4': inf, 'PD_3,PD_5': inf, 'PD_3,PD_6': inf, 'PD_4,PD_5': inf, 'PD_4,PD_6': inf, 'PD_5,PD_6': inf}
  Computing metrics...
    RSI: {'PD_1,PD_2': 0.0, 'PD_1,PD_3': 0.0, 'PD_1,PD_4': 0.0, 'PD_1,PD_5': 0.0, 'PD_1,PD_6': 0.0, 'PD_2,PD_3': 0.0, 'PD_2,PD_4': 0.0, 'PD_2,PD_5': 0.0, 'PD_2,PD_6': 0.0, 'PD_3,PD_4': 1.0, 'PD_3,PD_5': 0.0, 'PD_3,PD_6': 0.0, 'PD_4,PD_5': 0.0, 'PD_4,PD_6': 0.0, 'PD_5,PD_6': 0.0}, ASR: 0.6666666666666666, TCB: {'PD_1': ['PD_3'], 'PD_2': ['PD_4'], 'PD_3': ['PD_4'], 'PD_4': ['PD_3'], 'PD_5': [], 'PD_6': []}, FR: {'PD_1,PD_2': inf, 'PD_1,PD_3': inf, 'PD_1,PD_4': inf, 'PD_1,PD_5': inf, 'PD_1,PD_6': inf, 'PD_2,PD_3': inf, 'PD_2,PD_4': inf, 'PD_2,PD_5': inf, 'PD_2,PD_6': inf, 'PD_3,PD_4': inf, 'PD_3,PD_5': inf, 'PD_3,PD_6': inf, 'PD_4,PD_5': inf, 'PD_4,PD_6': inf, 'PD_5,PD_6': inf}
  Computing metrics...
    RSI: {'PD_1,PD_2': 0.0, 'PD_1,PD_3': 0.0, 'PD_1,PD_4': 0.0, 'PD_1,PD_5': 0.0, 'PD_1,PD_6': 0.0, 'PD_2,PD_3': 0.0, 'PD_2,PD_4': 0.0, 'PD_2,PD_5': 0.0, 'PD_2,PD_6': 0.0, 'PD_3,PD_4': 1.0, 'PD_3,PD_5': 0.0, 'PD_3,PD_6': 0.0, 'PD_4,PD_5': 0.0, 'PD_4,PD_6': 0.0, 'PD_5,PD_6': 0.0}, ASR: 0.8333333333333334, TCB: {'PD_1': ['PD_3'], 'PD_2': ['PD_4'], 'PD_3': ['PD_4'], 'PD_4': ['PD_3'], 'PD_5': [], 'PD_6': ['PD_3']}, FR: {'PD_1,PD_2': inf, 'PD_1,PD_3': inf, 'PD_1,PD_4': inf, 'PD_1,PD_5': inf, 'PD_1,PD_6': 2, 'PD_2,PD_3': inf, 'PD_2,PD_4': inf, 'PD_2,PD_5': inf, 'PD_2,PD_6': inf, 'PD_3,PD_4': inf, 'PD_3,PD_5': inf, 'PD_3,PD_6': inf, 'PD_4,PD_5': inf, 'PD_4,PD_6': inf, 'PD_5,PD_6': inf}
  Computing metrics...
    RSI: {'PD_1,PD_2': 0.0, 'PD_1,PD_3': 0.0, 'PD_1,PD_4': 0.0, 'PD_1,PD_5': 0.0, 'PD_1,PD_6': 0.0, 'PD_2,PD_3': 0.0, 'PD_2,PD_4': 0.0, 'PD_2,PD_5': 0.0, 'PD_2,PD_6': 0.0, 'PD_3,PD_4': 1.0, 'PD_3,PD_5': 0.0, 'PD_3,PD_6': 0.0, 'PD_4,PD_5': 0.0, 'PD_4,PD_6': 0.0, 'PD_5,PD_6': 0.0}, ASR: 0.6666666666666666, TCB: {'PD_1': ['PD_3'], 'PD_2': ['PD_4'], 'PD_3': ['PD_4'], 'PD_4': ['PD_3'], 'PD_5': [], 'PD_6': []}, FR: {'PD_1,PD_2': inf, 'PD_1,PD_3': inf, 'PD_1,PD_4': inf, 'PD_1,PD_5': inf, 'PD_1,PD_6': inf, 'PD_2,PD_3': inf, 'PD_2,PD_4': inf, 'PD_2,PD_5': inf, 'PD_2,PD_6': inf, 'PD_3,PD_4': inf, 'PD_3,PD_5': inf, 'PD_3,PD_6': inf, 'PD_4,PD_5': inf, 'PD_4,PD_6': inf, 'PD_5,PD_6': inf}
  Computing metrics...
    RSI: {'PD_1,PD_2': 0.0, 'PD_1,PD_3': 0.0, 'PD_1,PD_4': 0.0, 'PD_1,PD_5': 0.0, 'PD_1,PD_6': 0.0, 'PD_2,PD_3': 0.0, 'PD_2,PD_4': 0.0, 'PD_2,PD_5': 0.0, 'PD_2,PD_6': 0.0, 'PD_3,PD_4': 1.0, 'PD_3,PD_5': 0.0, 'PD_3,PD_6': 0.0, 'PD_4,PD_5': 0.0, 'PD_4,PD_6': 0.0, 'PD_5,PD_6': 0.0}, ASR: 0.8333333333333334, TCB: {'PD_1': ['PD_3'], 'PD_2': ['PD_4'], 'PD_3': ['PD_4'], 'PD_4': ['PD_3'], 'PD_5': [], 'PD_6': ['PD_4']}, FR: {'PD_1,PD_2': inf, 'PD_1,PD_3': inf, 'PD_1,PD_4': inf, 'PD_1,PD_5': inf, 'PD_1,PD_6': inf, 'PD_2,PD_3': inf, 'PD_2,PD_4': inf, 'PD_2,PD_5': inf, 'PD_2,PD_6': 2, 'PD_3,PD_4': inf, 'PD_3,PD_5': inf, 'PD_3,PD_6': inf, 'PD_4,PD_5': inf, 'PD_4,PD_6': inf, 'PD_5,PD_6': inf}
  Computing metrics...
    RSI: {'PD_1,PD_2': 0.0, 'PD_1,PD_3': 0.0, 'PD_1,PD_4': 0.0, 'PD_1,PD_5': 0.0, 'PD_1,PD_6': 0.0, 'PD_2,PD_3': 0.0, 'PD_2,PD_4': 0.0, 'PD_2,PD_5': 0.0, 'PD_2,PD_6': 0.0, 'PD_3,PD_4': 1.0, 'PD_3,PD_5': 0.0, 'PD_3,PD_6': 0.0, 'PD_4,PD_5': 0.0, 'PD_4,PD_6': 0.0, 'PD_5,PD_6': 0.0}, ASR: 0.6666666666666666, TCB: {'PD_1': ['PD_3'], 'PD_2': ['PD_4'], 'PD_3': ['PD_4'], 'PD_4': ['PD_3'], 'PD_5': [], 'PD_6': []}, FR: {'PD_1,PD_2': inf, 'PD_1,PD_3': inf, 'PD_1,PD_4': inf, 'PD_1,PD_5': inf, 'PD_1,PD_6': inf, 'PD_2,PD_3': inf, 'PD_2,PD_4': inf, 'PD_2,PD_5': inf, 'PD_2,PD_6': inf, 'PD_3,PD_4': inf, 'PD_3,PD_5': inf, 'PD_3,PD_6': inf, 'PD_4,PD_5': inf, 'PD_4,PD_6': inf, 'PD_5,PD_6': inf}
  Computing metrics...
    RSI: {'PD_1,PD_2': 0.0, 'PD_1,PD_3': 0.0, 'PD_1,PD_4': 0.0, 'PD_1,PD_5': 0.0, 'PD_1,PD_6': 0.0, 'PD_2,PD_3': 0.0, 'PD_2,PD_4': 0.0, 'PD_2,PD_5': 0.0, 'PD_2,PD_6': 0.0, 'PD_3,PD_4': 1.0, 'PD_3,PD_5': 0.0, 'PD_3,PD_6': 0.0, 'PD_4,PD_5': 0.0, 'PD_4,PD_6': 0.0, 'PD_5,PD_6': 0.0}, ASR: 0.8333333333333334, TCB: {'PD_1': ['PD_3'], 'PD_2': ['PD_4'], 'PD_3': ['PD_4'], 'PD_4': ['PD_3'], 'PD_5': [], 'PD_6': ['PD_5']}, FR: {'PD_1,PD_2': inf, 'PD_1,PD_3': inf, 'PD_1,PD_4': inf, 'PD_1,PD_5': inf, 'PD_1,PD_6': inf, 'PD_2,PD_3': inf, 'PD_2,PD_4': inf, 'PD_2,PD_5': inf, 'PD_2,PD_6': inf, 'PD_3,PD_4': inf, 'PD_3,PD_5': inf, 'PD_3,PD_6': inf, 'PD_4,PD_5': inf, 'PD_4,PD_6': inf, 'PD_5,PD_6': inf}
  Computing metrics...
    RSI: {'PD_1,PD_2': 0.0, 'PD_1,PD_3': 0.0, 'PD_1,PD_4': 0.0, 'PD_1,PD_5': 0.0, 'PD_1,PD_6': 0.0, 'PD_2,PD_3': 0.0, 'PD_2,PD_4': 0.0, 'PD_2,PD_5': 0.0, 'PD_2,PD_6': 0.0, 'PD_3,PD_4': 1.0, 'PD_3,PD_5': 0.0, 'PD_3,PD_6': 0.0, 'PD_4,PD_5': 0.0, 'PD_4,PD_6': 0.0, 'PD_5,PD_6': 0.0}, ASR: 0.6666666666666666, TCB: {'PD_1': ['PD_3'], 'PD_2': ['PD_4'], 'PD_3': ['PD_4'], 'PD_4': ['PD_3'], 'PD_5': [], 'PD_6': []}, FR: {'PD_1,PD_2': inf, 'PD_1,PD_3': inf, 'PD_1,PD_4': inf, 'PD_1,PD_5': inf, 'PD_1,PD_6': inf, 'PD_2,PD_3': inf, 'PD_2,PD_4': inf, 'PD_2,PD_5': inf, 'PD_2,PD_6': inf, 'PD_3,PD_4': inf, 'PD_3,PD_5': inf, 'PD_3,PD_6': inf, 'PD_4,PD_5': inf, 'PD_4,PD_6': inf, 'PD_5,PD_6': inf}
  Computing metrics...
    RSI: {'PD_1,PD_2': 0.0, 'PD_1,PD_3': 0.0, 'PD_1,PD_4': 0.0, 'PD_1,PD_5': 0.0, 'PD_1,PD_6': 0.0, 'PD_2,PD_3': 0.0, 'PD_2,PD_4': 0.0, 'PD_2,PD_5': 0.0, 'PD_2,PD_6': 0.0, 'PD_3,PD_4': 1.0, 'PD_3,PD_5': 0.0, 'PD_3,PD_6': 0.0, 'PD_4,PD_5': 0.0, 'PD_4,PD_6': 0.0, 'PD_5,PD_6': 0.0}, ASR: 0.6666666666666666, TCB: {'PD_1': ['PD_3'], 'PD_2': ['PD_4'], 'PD_3': ['PD_4'], 'PD_4': ['PD_3'], 'PD_5': [], 'PD_6': []}, FR: {'PD_1,PD_2': inf, 'PD_1,PD_3': inf, 'PD_1,PD_4': inf, 'PD_1,PD_5': inf, 'PD_1,PD_6': inf, 'PD_2,PD_3': inf, 'PD_2,PD_4': inf, 'PD_2,PD_5': inf, 'PD_2,PD_6': inf, 'PD_3,PD_4': inf, 'PD_3,PD_5': inf, 'PD_3,PD_6': inf, 'PD_4,PD_5': inf, 'PD_4,PD_6': inf, 'PD_5,PD_6': inf}
  Computing metrics...
    RSI: {'PD_1,PD_2': 0.0, 'PD_1,PD_3': 0.0, 'PD_1,PD_4': 0.0, 'PD_1,PD_5': 0.0, 'PD_1,PD_6': 0.0, 'PD_2,PD_3': 0.0, 'PD_2,PD_4': 0.0, 'PD_2,PD_5': 0.0, 'PD_2,PD_6': 0.0, 'PD_3,PD_4': 1.0, 'PD_3,PD_5': 0.0, 'PD_3,PD_6': 0.0, 'PD_4,PD_5': 0.0, 'PD_4,PD_6': 0.0, 'PD_5,PD_6': 0.0}, ASR: 0.6666666666666666, TCB: {'PD_1': ['PD_3'], 'PD_2': ['PD_4'], 'PD_3': ['PD_4'], 'PD_4': ['PD_3'], 'PD_5': [], 'PD_6': []}, FR: {'PD_1,PD_2': inf, 'PD_1,PD_3': inf, 'PD_1,PD_4': inf, 'PD_1,PD_5': inf, 'PD_1,PD_6': inf, 'PD_2,PD_3': inf, 'PD_2,PD_4': inf, 'PD_2,PD_5': inf, 'PD_2,PD_6': inf, 'PD_3,PD_4': inf, 'PD_3,PD_5': inf, 'PD_3,PD_6': inf, 'PD_4,PD_5': inf, 'PD_4,PD_6': inf, 'PD_5,PD_6': inf}
  Computing metrics...
    RSI: {'PD_1,PD_2': 0.0, 'PD_1,PD_3': 0.0, 'PD_1,PD_4': 0.0, 'PD_1,PD_5': 0.0, 'PD_1,PD_6': 0.0, 'PD_2,PD_3': 0.0, 'PD_2,PD_4': 0.0, 'PD_2,PD_5': 0.0, 'PD_2,PD_6': 0.0, 'PD_3,PD_4': 1.0, 'PD_3,PD_5': 0.0, 'PD_3,PD_6': 0.0, 'PD_4,PD_5': 0.0, 'PD_4,PD_6': 0.0, 'PD_5,PD_6': 0.0}, ASR: 0.6666666666666666, TCB: {'PD_1': ['PD_3'], 'PD_2': ['PD_4'], 'PD_3': ['PD_4'], 'PD_4': ['PD_3'], 'PD_5': [], 'PD_6': []}, FR: {'PD_1,PD_2': inf, 'PD_1,PD_3': inf, 'PD_1,PD_4': inf, 'PD_1,PD_5': inf, 'PD_1,PD_6': inf, 'PD_2,PD_3': inf, 'PD_2,PD_4': inf, 'PD_2,PD_5': inf, 'PD_2,PD_6': inf, 'PD_3,PD_4': inf, 'PD_3,PD_5': inf, 'PD_3,PD_6': inf, 'PD_4,PD_5': inf, 'PD_4,PD_6': inf, 'PD_5,PD_6': inf}
  Computing metrics...
    RSI: {'PD_1,PD_2': 0.0, 'PD_1,PD_3': 0.0, 'PD_1,PD_4': 0.0, 'PD_1,PD_5': 0.0, 'PD_1,PD_6': 0.0, 'PD_2,PD_3': 0.0, 'PD_2,PD_4': 0.0, 'PD_2,PD_5': 0.0, 'PD_2,PD_6': 0.0, 'PD_3,PD_4': 1.0, 'PD_3,PD_5': 0.0, 'PD_3,PD_6': 0.0, 'PD_4,PD_5': 0.0, 'PD_4,PD_6': 0.0, 'PD_5,PD_6': 0.0}, ASR: 0.6666666666666666, TCB: {'PD_1': ['PD_3'], 'PD_2': ['PD_4'], 'PD_3': ['PD_4'], 'PD_4': ['PD_3'], 'PD_5': [], 'PD_6': []}, FR: {'PD_1,PD_2': inf, 'PD_1,PD_3': inf, 'PD_1,PD_4': inf, 'PD_1,PD_5': inf, 'PD_1,PD_6': inf, 'PD_2,PD_3': inf, 'PD_2,PD_4': inf, 'PD_2,PD_5': inf, 'PD_2,PD_6': inf, 'PD_3,PD_4': inf, 'PD_3,PD_5': inf, 'PD_3,PD_6': inf, 'PD_4,PD_5': inf, 'PD_4,PD_6': inf, 'PD_5,PD_6': inf}
  Computing metrics...
    RSI: {'PD_1,PD_2': 0.0, 'PD_1,PD_3': 0.0, 'PD_1,PD_4': 0.0, 'PD_1,PD_5': 0.0, 'PD_1,PD_6': 0.0, 'PD_2,PD_3': 0.0, 'PD_2,PD_4': 0.0, 'PD_2,PD_5': 0.0, 'PD_2,PD_6': 0.0, 'PD_3,PD_4': 1.0, 'PD_3,PD_5': 0.0, 'PD_3,PD_6': 0.0, 'PD_4,PD_5': 0.0, 'PD_4,PD_6': 0.0, 'PD_5,PD_6': 0.0}, ASR: 0.6666666666666666, TCB: {'PD_1': ['PD_3'], 'PD_2': ['PD_4'], 'PD_3': ['PD_4'], 'PD_4': ['PD_3'], 'PD_5': [], 'PD_6': []}, FR: {'PD_1,PD_2': inf, 'PD_1,PD_3': inf, 'PD_1,PD_4': inf, 'PD_1,PD_5': inf, 'PD_1,PD_6': inf, 'PD_2,PD_3': inf, 'PD_2,PD_4': inf, 'PD_2,PD_5': inf, 'PD_2,PD_6': inf, 'PD_3,PD_4': inf, 'PD_3,PD_5': inf, 'PD_3,PD_6': inf, 'PD_4,PD_5': inf, 'PD_4,PD_6': inf, 'PD_5,PD_6': inf}
  🚫 Filtered out 0 'add_pd(add new protection domain to help resolve 2 constraint violation(s))' candidates (avoiding repetition)
  Trying best transition: primitive
    Target: add new protection domain to help resolve 2 constraint violation(s)
    Predicted improvement: 0.100
    Considered 46 other option(s):
      1. primitive: remove empty PD_1 (improvement: 0.100)
      2. primitive: remove empty PD_2 (improvement: 0.100)
      3. primitive: remove empty PD_5 (improvement: 0.100)
      4. primitive: remove empty PD_6 (improvement: 0.100)
      5. primitive: create new CONFIG file in FILE_SPACE_1 (improvement: 0.100)
      6. primitive: create new DATABASE file in FILE_SPACE_1 (improvement: 0.100)
      7. primitive: create new TEMP file in FILE_SPACE_1 (improvement: 0.100)
      8. primitive: create new LOG file in FILE_SPACE_1 (improvement: 0.100)
      9. primitive: remove FILE_1_1 (holders: 2) (improvement: 0.100)
      10. primitive: connect PD_1 to FILE_1_1 (improvement: 0.100)
      ... and 36 more
    ✅ Applied add_pd
  📋 Generated 47 candidate(s)
  Computing metrics...
    RSI: {'PD_1,PD_2': 0.0, 'PD_1,PD_3': 0.0, 'PD_1,PD_4': 0.0, 'PD_1,PD_5': 0.0, 'PD_1,PD_6': 0.0, 'PD_1,PD_7': 0.0, 'PD_2,PD_3': 0.0, 'PD_2,PD_4': 0.0, 'PD_2,PD_5': 0.0, 'PD_2,PD_6': 0.0, 'PD_2,PD_7': 0.0, 'PD_3,PD_4': 1.0, 'PD_3,PD_5': 0.0, 'PD_3,PD_6': 0.0, 'PD_3,PD_7': 0.0, 'PD_4,PD_5': 0.0, 'PD_4,PD_6': 0.0, 'PD_4,PD_7': 0.0, 'PD_5,PD_6': 0.0, 'PD_5,PD_7': 0.0, 'PD_6,PD_7': 0.0}, ASR: 0.5714285714285714, TCB: {'PD_1': ['PD_3'], 'PD_2': ['PD_4'], 'PD_3': ['PD_4'], 'PD_4': ['PD_3'], 'PD_5': [], 'PD_6': [], 'PD_7': []}, FR: {'PD_1,PD_2': inf, 'PD_1,PD_3': inf, 'PD_1,PD_4': inf, 'PD_1,PD_5': inf, 'PD_1,PD_6': inf, 'PD_1,PD_7': inf, 'PD_2,PD_3': inf, 'PD_2,PD_4': inf, 'PD_2,PD_5': inf, 'PD_2,PD_6': inf, 'PD_2,PD_7': inf, 'PD_3,PD_4': inf, 'PD_3,PD_5': inf, 'PD_3,PD_6': inf, 'PD_3,PD_7': inf, 'PD_4,PD_5': inf, 'PD_4,PD_6': inf, 'PD_4,PD_7': inf, 'PD_5,PD_6': inf, 'PD_5,PD_7': inf, 'PD_6,PD_7': inf}
    ✅ Added candidate: add_pd (score: 0.100)
  Computing metrics...
    RSI: {'PD_2,PD_3': 0.0, 'PD_2,PD_4': 0.0, 'PD_2,PD_5': 0.0, 'PD_2,PD_6': 0.0, 'PD_3,PD_4': 1.0, 'PD_3,PD_5': 0.0, 'PD_3,PD_6': 0.0, 'PD_4,PD_5': 0.0, 'PD_4,PD_6': 0.0, 'PD_5,PD_6': 0.0}, ASR: 0.6, TCB: {'PD_2': ['PD_4'], 'PD_3': ['PD_4'], 'PD_4': ['PD_3'], 'PD_5': [], 'PD_6': []}, FR: {'PD_2,PD_3': inf, 'PD_2,PD_4': inf, 'PD_2,PD_5': inf, 'PD_2,PD_6': inf, 'PD_3,PD_4': inf, 'PD_3,PD_5': inf, 'PD_3,PD_6': inf, 'PD_4,PD_5': inf, 'PD_4,PD_6': inf, 'PD_5,PD_6': inf}
    ✅ Added candidate: remove_pd (score: 0.100)

📊 Next beam (3 states):
  Beam[0]: BeamState(iter=3, score=0.100, path=remove_pd(remove empty PD_1) → add_hold_edge(connect PD_2 to FILE_1_1) → add_pd(add new protection domain to help resolve 2 constraint violation(s)))
  Beam[1]: BeamState(iter=3, score=0.100, path=remove_pd(remove empty PD_1) → add_hold_edge(connect PD_2 to FILE_1_1) → add_file_resource(create new CONFIG file in FILE_SPACE_1))
  Beam[2]: BeamState(iter=3, score=0.100, path=remove_pd(remove empty PD_2) → add_hold_edge(connect PD_1 to FILE_1_1) → add_pd(add new protection domain to help resolve 2 constraint violation(s)))
💡 Total candidates generated: 6
🎯 Mechanisms discovered so far: 0

============================================================
🔍 Beam Search Iteration 4/8
📊 Current beam size: 3
  Beam[0]: BeamState(iter=3, score=0.100, path=remove_pd(remove empty PD_1) → add_hold_edge(connect PD_2 to FILE_1_1) → add_pd(add new protection domain to help resolve 2 constraint violation(s)))
  Beam[1]: BeamState(iter=3, score=0.100, path=remove_pd(remove empty PD_1) → add_hold_edge(connect PD_2 to FILE_1_1) → add_file_resource(create new CONFIG file in FILE_SPACE_1))
  Beam[2]: BeamState(iter=3, score=0.100, path=remove_pd(remove empty PD_2) → add_hold_edge(connect PD_1 to FILE_1_1) → add_pd(add new protection domain to help resolve 2 constraint violation(s)))

🌟 Expanding Beam[0] (score: 0.100)
  ⚠️  Constraints violated: PD_1 lacks any access to FILE_1_1; PD_1 lacks access to any files
  Computing metrics...
    RSI: {'PD_2,PD_3': 1.0, 'PD_2,PD_4': 1.0, 'PD_2,PD_5': 0.0, 'PD_3,PD_4': 1.0, 'PD_3,PD_5': 0.0, 'PD_4,PD_5': 0.0}, ASR: 1.0, TCB: {'PD_2': ['PD_4', 'PD_3'], 'PD_3': ['PD_2', 'PD_4'], 'PD_4': ['PD_2', 'PD_3'], 'PD_5': []}, FR: {'PD_2,PD_3': inf, 'PD_2,PD_4': inf, 'PD_2,PD_5': inf, 'PD_3,PD_4': inf, 'PD_3,PD_5': inf, 'PD_4,PD_5': inf}
  Computing metrics...
    RSI: {'PD_2,PD_3': 1.0, 'PD_2,PD_4': 1.0, 'PD_2,PD_5': 0.0, 'PD_3,PD_4': 1.0, 'PD_3,PD_5': 0.0, 'PD_4,PD_5': 0.0}, ASR: 1.0, TCB: {'PD_2': ['PD_4', 'PD_3'], 'PD_3': ['PD_2', 'PD_4'], 'PD_4': ['PD_2', 'PD_3'], 'PD_5': []}, FR: {'PD_2,PD_3': inf, 'PD_2,PD_4': inf, 'PD_2,PD_5': inf, 'PD_3,PD_4': inf, 'PD_3,PD_5': inf, 'PD_4,PD_5': inf}
  Computing metrics...
    RSI: {'PD_2,PD_3': 1.0, 'PD_2,PD_4': 1.0, 'PD_2,PD_5': 0.0, 'PD_3,PD_4': 1.0, 'PD_3,PD_5': 0.0, 'PD_4,PD_5': 0.0}, ASR: 1.0, TCB: {'PD_2': ['PD_4', 'PD_3'], 'PD_3': ['PD_2', 'PD_4'], 'PD_4': ['PD_2', 'PD_3'], 'PD_5': []}, FR: {'PD_2,PD_3': inf, 'PD_2,PD_4': inf, 'PD_2,PD_5': inf, 'PD_3,PD_4': inf, 'PD_3,PD_5': inf, 'PD_4,PD_5': inf}
  Computing metrics...
    RSI: {'PD_2,PD_3': 1.0, 'PD_2,PD_4': 1.0, 'PD_2,PD_5': 0.0, 'PD_3,PD_4': 1.0, 'PD_3,PD_5': 0.0, 'PD_4,PD_5': 0.0}, ASR: 1.0, TCB: {'PD_2': ['PD_4', 'PD_3'], 'PD_3': ['PD_2', 'PD_4'], 'PD_4': ['PD_2', 'PD_3'], 'PD_5': []}, FR: {'PD_2,PD_3': inf, 'PD_2,PD_4': inf, 'PD_2,PD_5': inf, 'PD_3,PD_4': inf, 'PD_3,PD_5': inf, 'PD_4,PD_5': inf}
  Computing metrics...
    RSI: {'PD_2,PD_3': 1.0, 'PD_2,PD_4': 1.0, 'PD_2,PD_5': 0.0, 'PD_3,PD_4': 1.0, 'PD_3,PD_5': 0.0, 'PD_4,PD_5': 0.0}, ASR: 1.0, TCB: {'PD_2': ['PD_4', 'PD_3'], 'PD_3': ['PD_2', 'PD_4'], 'PD_4': ['PD_2', 'PD_3'], 'PD_5': []}, FR: {'PD_2,PD_3': inf, 'PD_2,PD_4': inf, 'PD_2,PD_5': inf, 'PD_3,PD_4': inf, 'PD_3,PD_5': inf, 'PD_4,PD_5': inf}
  Computing metrics...
    RSI: {'PD_2,PD_3': 1.0, 'PD_2,PD_4': 1.0, 'PD_2,PD_5': 0.0, 'PD_3,PD_4': 1.0, 'PD_3,PD_5': 0.0, 'PD_4,PD_5': 0.0}, ASR: 1.0, TCB: {'PD_2': ['PD_4', 'PD_3'], 'PD_3': ['PD_2', 'PD_4'], 'PD_4': ['PD_2', 'PD_3'], 'PD_5': []}, FR: {'PD_2,PD_3': inf, 'PD_2,PD_4': inf, 'PD_2,PD_5': inf, 'PD_3,PD_4': inf, 'PD_3,PD_5': inf, 'PD_4,PD_5': inf}
  Computing metrics...
    RSI: {'PD_2,PD_3': 1.0, 'PD_2,PD_4': 1.0, 'PD_2,PD_5': 0.0, 'PD_3,PD_4': 1.0, 'PD_3,PD_5': 0.0, 'PD_4,PD_5': 0.0}, ASR: 1.0, TCB: {'PD_2': ['PD_4', 'PD_3'], 'PD_3': ['PD_2', 'PD_4'], 'PD_4': ['PD_2', 'PD_3'], 'PD_5': []}, FR: {'PD_2,PD_3': inf, 'PD_2,PD_4': inf, 'PD_2,PD_5': inf, 'PD_3,PD_4': inf, 'PD_3,PD_5': inf, 'PD_4,PD_5': inf}
  Computing metrics...
    RSI: {'PD_2,PD_3': 1.0, 'PD_2,PD_4': 1.0, 'PD_2,PD_5': 0.0, 'PD_3,PD_4': 1.0, 'PD_3,PD_5': 0.0, 'PD_4,PD_5': 0.0}, ASR: 1.0, TCB: {'PD_2': ['PD_4', 'PD_3'], 'PD_3': ['PD_2', 'PD_4'], 'PD_4': ['PD_2', 'PD_3'], 'PD_5': []}, FR: {'PD_2,PD_3': inf, 'PD_2,PD_4': inf, 'PD_2,PD_5': inf, 'PD_3,PD_4': inf, 'PD_3,PD_5': inf, 'PD_4,PD_5': inf}
  Computing metrics...
    RSI: {'PD_2,PD_3': 1.0, 'PD_2,PD_4': 1.0, 'PD_2,PD_5': 0.0, 'PD_3,PD_4': 1.0, 'PD_3,PD_5': 0.0, 'PD_4,PD_5': 0.0}, ASR: 1.0, TCB: {'PD_2': ['PD_4', 'PD_3'], 'PD_3': ['PD_2', 'PD_4'], 'PD_4': ['PD_2', 'PD_3'], 'PD_5': []}, FR: {'PD_2,PD_3': inf, 'PD_2,PD_4': inf, 'PD_2,PD_5': inf, 'PD_3,PD_4': inf, 'PD_3,PD_5': inf, 'PD_4,PD_5': inf}
  Computing metrics...
    RSI: {'PD_2,PD_3': 1.0, 'PD_2,PD_4': 1.0, 'PD_2,PD_5': 0.0, 'PD_3,PD_4': 1.0, 'PD_3,PD_5': 0.0, 'PD_4,PD_5': 0.0}, ASR: 1.0, TCB: {'PD_2': ['PD_4', 'PD_3'], 'PD_3': ['PD_2', 'PD_4'], 'PD_4': ['PD_2', 'PD_3'], 'PD_5': []}, FR: {'PD_2,PD_3': inf, 'PD_2,PD_4': inf, 'PD_2,PD_5': inf, 'PD_3,PD_4': inf, 'PD_3,PD_5': inf, 'PD_4,PD_5': inf}
  Computing metrics...
    RSI: {'PD_2,PD_3': 1.0, 'PD_2,PD_4': 1.0, 'PD_2,PD_5': 0.0, 'PD_3,PD_4': 1.0, 'PD_3,PD_5': 0.0, 'PD_4,PD_5': 0.0}, ASR: 1.0, TCB: {'PD_2': ['PD_4', 'PD_3'], 'PD_3': ['PD_2', 'PD_4'], 'PD_4': ['PD_2', 'PD_3'], 'PD_5': []}, FR: {'PD_2,PD_3': inf, 'PD_2,PD_4': inf, 'PD_2,PD_5': inf, 'PD_3,PD_4': inf, 'PD_3,PD_5': inf, 'PD_4,PD_5': inf}
  Computing metrics...
    RSI: {'PD_2,PD_3': 1.0, 'PD_2,PD_4': 1.0, 'PD_2,PD_5': 0.0, 'PD_3,PD_4': 1.0, 'PD_3,PD_5': 0.0, 'PD_4,PD_5': 0.0}, ASR: 1.0, TCB: {'PD_2': ['PD_4', 'PD_3'], 'PD_3': ['PD_2', 'PD_4'], 'PD_4': ['PD_2', 'PD_3'], 'PD_5': []}, FR: {'PD_2,PD_3': inf, 'PD_2,PD_4': inf, 'PD_2,PD_5': inf, 'PD_3,PD_4': inf, 'PD_3,PD_5': inf, 'PD_4,PD_5': inf}
  Computing metrics...
    RSI: {'PD_2,PD_3': 1.0, 'PD_2,PD_4': 1.0, 'PD_2,PD_5': 0.0, 'PD_3,PD_4': 1.0, 'PD_3,PD_5': 0.0, 'PD_4,PD_5': 0.0}, ASR: 1.0, TCB: {'PD_2': ['PD_4', 'PD_3'], 'PD_3': ['PD_2', 'PD_4'], 'PD_4': ['PD_2', 'PD_3'], 'PD_5': []}, FR: {'PD_2,PD_3': inf, 'PD_2,PD_4': inf, 'PD_2,PD_5': inf, 'PD_3,PD_4': inf, 'PD_3,PD_5': inf, 'PD_4,PD_5': inf}
  Computing metrics...
    RSI: {'PD_2,PD_3': 1.0, 'PD_2,PD_4': 1.0, 'PD_2,PD_5': 0.0, 'PD_3,PD_4': 1.0, 'PD_3,PD_5': 0.0, 'PD_4,PD_5': 0.0}, ASR: 1.0, TCB: {'PD_2': ['PD_4', 'PD_3'], 'PD_3': ['PD_2', 'PD_4'], 'PD_4': ['PD_2', 'PD_3'], 'PD_5': []}, FR: {'PD_2,PD_3': inf, 'PD_2,PD_4': inf, 'PD_2,PD_5': inf, 'PD_3,PD_4': inf, 'PD_3,PD_5': inf, 'PD_4,PD_5': inf}
  Computing metrics...
    RSI: {'PD_2,PD_3': 1.0, 'PD_2,PD_4': 1.0, 'PD_2,PD_5': 0.0, 'PD_3,PD_4': 1.0, 'PD_3,PD_5': 0.0, 'PD_4,PD_5': 0.0}, ASR: 1.0, TCB: {'PD_2': ['PD_4', 'PD_3'], 'PD_3': ['PD_2', 'PD_4'], 'PD_4': ['PD_2', 'PD_3'], 'PD_5': []}, FR: {'PD_2,PD_3': inf, 'PD_2,PD_4': inf, 'PD_2,PD_5': inf, 'PD_3,PD_4': inf, 'PD_3,PD_5': inf, 'PD_4,PD_5': inf}
  Computing metrics...
    RSI: {'PD_2,PD_3': 1.0, 'PD_2,PD_4': 1.0, 'PD_2,PD_5': 1.0, 'PD_3,PD_4': 1.0, 'PD_3,PD_5': 1.0, 'PD_4,PD_5': 1.0}, ASR: 1.25, TCB: {'PD_2': ['PD_4', 'PD_3', 'PD_5'], 'PD_3': ['PD_2', 'PD_4', 'PD_5'], 'PD_4': ['PD_2', 'PD_3', 'PD_5'], 'PD_5': ['PD_2', 'PD_3', 'PD_4']}, FR: {'PD_2,PD_3': inf, 'PD_2,PD_4': inf, 'PD_2,PD_5': inf, 'PD_3,PD_4': inf, 'PD_3,PD_5': inf, 'PD_4,PD_5': inf}
  Computing metrics...
    RSI: {'PD_2,PD_3': 1.0, 'PD_2,PD_4': 1.0, 'PD_2,PD_5': 0.0, 'PD_3,PD_4': 1.0, 'PD_3,PD_5': 0.0, 'PD_4,PD_5': 0.0}, ASR: 1.0, TCB: {'PD_2': ['PD_4', 'PD_3'], 'PD_3': ['PD_2', 'PD_4'], 'PD_4': ['PD_2', 'PD_3'], 'PD_5': []}, FR: {'PD_2,PD_3': inf, 'PD_2,PD_4': inf, 'PD_2,PD_5': inf, 'PD_3,PD_4': inf, 'PD_3,PD_5': inf, 'PD_4,PD_5': inf}
  Computing metrics...
    RSI: {'PD_2,PD_3': 1.0, 'PD_2,PD_4': 1.0, 'PD_2,PD_5': 0.0, 'PD_3,PD_4': 1.0, 'PD_3,PD_5': 0.0, 'PD_4,PD_5': 0.0}, ASR: 1.0, TCB: {'PD_2': ['PD_4', 'PD_3'], 'PD_3': ['PD_2', 'PD_4'], 'PD_4': ['PD_2', 'PD_3'], 'PD_5': []}, FR: {'PD_2,PD_3': inf, 'PD_2,PD_4': inf, 'PD_2,PD_5': inf, 'PD_3,PD_4': inf, 'PD_3,PD_5': inf, 'PD_4,PD_5': inf}
    remove_hold_edge candidate: remove PD_3 -> FILE_1_1 HOLD edge -> score: 0.100
  Computing metrics...
    RSI: {'PD_2,PD_3': 1.0, 'PD_2,PD_4': 1.0, 'PD_2,PD_5': 0.0, 'PD_3,PD_4': 1.0, 'PD_3,PD_5': 0.0, 'PD_4,PD_5': 0.0}, ASR: 1.0, TCB: {'PD_2': ['PD_4', 'PD_3'], 'PD_3': ['PD_2', 'PD_4'], 'PD_4': ['PD_2', 'PD_3'], 'PD_5': []}, FR: {'PD_2,PD_3': inf, 'PD_2,PD_4': inf, 'PD_2,PD_5': inf, 'PD_3,PD_4': inf, 'PD_3,PD_5': inf, 'PD_4,PD_5': inf}
  Computing metrics...
    RSI: {'PD_2,PD_3': 1.0, 'PD_2,PD_4': 1.0, 'PD_2,PD_5': 0.0, 'PD_3,PD_4': 1.0, 'PD_3,PD_5': 0.0, 'PD_4,PD_5': 0.0}, ASR: 1.0, TCB: {'PD_2': ['PD_4', 'PD_3'], 'PD_3': ['PD_2', 'PD_4'], 'PD_4': ['PD_2', 'PD_3'], 'PD_5': []}, FR: {'PD_2,PD_3': inf, 'PD_2,PD_4': inf, 'PD_2,PD_5': inf, 'PD_3,PD_4': inf, 'PD_3,PD_5': inf, 'PD_4,PD_5': inf}
    remove_hold_edge candidate: remove PD_4 -> FILE_1_1 HOLD edge -> score: 0.100
  Computing metrics...
    RSI: {'PD_2,PD_3': 1.0, 'PD_2,PD_4': 1.0, 'PD_2,PD_5': 0.0, 'PD_3,PD_4': 1.0, 'PD_3,PD_5': 0.0, 'PD_4,PD_5': 0.0}, ASR: 1.0, TCB: {'PD_2': ['PD_4', 'PD_3'], 'PD_3': ['PD_2', 'PD_4'], 'PD_4': ['PD_2', 'PD_3'], 'PD_5': []}, FR: {'PD_2,PD_3': inf, 'PD_2,PD_4': inf, 'PD_2,PD_5': inf, 'PD_3,PD_4': inf, 'PD_3,PD_5': inf, 'PD_4,PD_5': inf}
  Computing metrics...
    RSI: {'PD_2,PD_3': 1.0, 'PD_2,PD_4': 1.0, 'PD_2,PD_5': 0.0, 'PD_3,PD_4': 1.0, 'PD_3,PD_5': 0.0, 'PD_4,PD_5': 0.0}, ASR: 1.25, TCB: {'PD_2': ['PD_4', 'PD_3'], 'PD_3': ['PD_2', 'PD_4'], 'PD_4': ['PD_2', 'PD_3'], 'PD_5': []}, FR: {'PD_2,PD_3': inf, 'PD_2,PD_4': inf, 'PD_2,PD_5': inf, 'PD_3,PD_4': inf, 'PD_3,PD_5': inf, 'PD_4,PD_5': inf}
  Computing metrics...
    RSI: {'PD_2,PD_3': 1.0, 'PD_2,PD_4': 1.0, 'PD_2,PD_5': 0.0, 'PD_3,PD_4': 1.0, 'PD_3,PD_5': 0.0, 'PD_4,PD_5': 0.0}, ASR: 1.0, TCB: {'PD_2': ['PD_4', 'PD_3'], 'PD_3': ['PD_2', 'PD_4'], 'PD_4': ['PD_2', 'PD_3'], 'PD_5': []}, FR: {'PD_2,PD_3': inf, 'PD_2,PD_4': inf, 'PD_2,PD_5': inf, 'PD_3,PD_4': inf, 'PD_3,PD_5': inf, 'PD_4,PD_5': inf}
  Computing metrics...
    RSI: {'PD_2,PD_3': 1.0, 'PD_2,PD_4': 1.0, 'PD_2,PD_5': 0.0, 'PD_3,PD_4': 1.0, 'PD_3,PD_5': 0.0, 'PD_4,PD_5': 0.0}, ASR: 1.25, TCB: {'PD_2': ['PD_4', 'PD_5', 'PD_3'], 'PD_3': ['PD_2', 'PD_4'], 'PD_4': ['PD_2', 'PD_3'], 'PD_5': []}, FR: {'PD_2,PD_3': inf, 'PD_2,PD_4': inf, 'PD_2,PD_5': inf, 'PD_3,PD_4': inf, 'PD_3,PD_5': inf, 'PD_4,PD_5': inf}
  Computing metrics...
    RSI: {'PD_2,PD_3': 1.0, 'PD_2,PD_4': 1.0, 'PD_2,PD_5': 0.0, 'PD_3,PD_4': 1.0, 'PD_3,PD_5': 0.0, 'PD_4,PD_5': 0.0}, ASR: 1.0, TCB: {'PD_2': ['PD_4', 'PD_3'], 'PD_3': ['PD_2', 'PD_4'], 'PD_4': ['PD_2', 'PD_3'], 'PD_5': []}, FR: {'PD_2,PD_3': inf, 'PD_2,PD_4': inf, 'PD_2,PD_5': inf, 'PD_3,PD_4': inf, 'PD_3,PD_5': inf, 'PD_4,PD_5': inf}
  Computing metrics...
    RSI: {'PD_2,PD_3': 1.0, 'PD_2,PD_4': 1.0, 'PD_2,PD_5': 0.0, 'PD_3,PD_4': 1.0, 'PD_3,PD_5': 0.0, 'PD_4,PD_5': 0.0}, ASR: 1.25, TCB: {'PD_2': ['PD_4', 'PD_3'], 'PD_3': ['PD_2', 'PD_4'], 'PD_4': ['PD_2', 'PD_3'], 'PD_5': []}, FR: {'PD_2,PD_3': 3, 'PD_2,PD_4': inf, 'PD_2,PD_5': inf, 'PD_3,PD_4': inf, 'PD_3,PD_5': inf, 'PD_4,PD_5': inf}
  Computing metrics...
    RSI: {'PD_2,PD_3': 1.0, 'PD_2,PD_4': 1.0, 'PD_2,PD_5': 0.0, 'PD_3,PD_4': 1.0, 'PD_3,PD_5': 0.0, 'PD_4,PD_5': 0.0}, ASR: 1.0, TCB: {'PD_2': ['PD_4', 'PD_3'], 'PD_3': ['PD_2', 'PD_4'], 'PD_4': ['PD_2', 'PD_3'], 'PD_5': []}, FR: {'PD_2,PD_3': inf, 'PD_2,PD_4': inf, 'PD_2,PD_5': inf, 'PD_3,PD_4': inf, 'PD_3,PD_5': inf, 'PD_4,PD_5': inf}
  Computing metrics...
    RSI: {'PD_2,PD_3': 1.0, 'PD_2,PD_4': 1.0, 'PD_2,PD_5': 0.0, 'PD_3,PD_4': 1.0, 'PD_3,PD_5': 0.0, 'PD_4,PD_5': 0.0}, ASR: 1.25, TCB: {'PD_2': ['PD_4', 'PD_3'], 'PD_3': ['PD_4', 'PD_2'], 'PD_4': ['PD_2', 'PD_3'], 'PD_5': []}, FR: {'PD_2,PD_3': 2, 'PD_2,PD_4': inf, 'PD_2,PD_5': inf, 'PD_3,PD_4': inf, 'PD_3,PD_5': inf, 'PD_4,PD_5': inf}
  Computing metrics...
    RSI: {'PD_2,PD_3': 1.0, 'PD_2,PD_4': 1.0, 'PD_2,PD_5': 0.0, 'PD_3,PD_4': 1.0, 'PD_3,PD_5': 0.0, 'PD_4,PD_5': 0.0}, ASR: 1.0, TCB: {'PD_2': ['PD_4', 'PD_3'], 'PD_3': ['PD_2', 'PD_4'], 'PD_4': ['PD_2', 'PD_3'], 'PD_5': []}, FR: {'PD_2,PD_3': inf, 'PD_2,PD_4': inf, 'PD_2,PD_5': inf, 'PD_3,PD_4': inf, 'PD_3,PD_5': inf, 'PD_4,PD_5': inf}
  Computing metrics...
    RSI: {'PD_2,PD_3': 1.0, 'PD_2,PD_4': 1.0, 'PD_2,PD_5': 0.0, 'PD_3,PD_4': 1.0, 'PD_3,PD_5': 0.0, 'PD_4,PD_5': 0.0}, ASR: 1.25, TCB: {'PD_2': ['PD_4', 'PD_3'], 'PD_3': ['PD_5', 'PD_2', 'PD_4'], 'PD_4': ['PD_2', 'PD_3'], 'PD_5': []}, FR: {'PD_2,PD_3': inf, 'PD_2,PD_4': inf, 'PD_2,PD_5': inf, 'PD_3,PD_4': inf, 'PD_3,PD_5': inf, 'PD_4,PD_5': inf}
  Computing metrics...
    RSI: {'PD_2,PD_3': 1.0, 'PD_2,PD_4': 1.0, 'PD_2,PD_5': 0.0, 'PD_3,PD_4': 1.0, 'PD_3,PD_5': 0.0, 'PD_4,PD_5': 0.0}, ASR: 1.0, TCB: {'PD_2': ['PD_4', 'PD_3'], 'PD_3': ['PD_2', 'PD_4'], 'PD_4': ['PD_2', 'PD_3'], 'PD_5': []}, FR: {'PD_2,PD_3': inf, 'PD_2,PD_4': inf, 'PD_2,PD_5': inf, 'PD_3,PD_4': inf, 'PD_3,PD_5': inf, 'PD_4,PD_5': inf}
  Computing metrics...
    RSI: {'PD_2,PD_3': 1.0, 'PD_2,PD_4': 1.0, 'PD_2,PD_5': 0.0, 'PD_3,PD_4': 1.0, 'PD_3,PD_5': 0.0, 'PD_4,PD_5': 0.0}, ASR: 1.25, TCB: {'PD_2': ['PD_4', 'PD_3'], 'PD_3': ['PD_2', 'PD_4'], 'PD_4': ['PD_2', 'PD_3'], 'PD_5': []}, FR: {'PD_2,PD_3': inf, 'PD_2,PD_4': inf, 'PD_2,PD_5': inf, 'PD_3,PD_4': inf, 'PD_3,PD_5': inf, 'PD_4,PD_5': inf}
  Computing metrics...
    RSI: {'PD_2,PD_3': 1.0, 'PD_2,PD_4': 1.0, 'PD_2,PD_5': 0.0, 'PD_3,PD_4': 1.0, 'PD_3,PD_5': 0.0, 'PD_4,PD_5': 0.0}, ASR: 1.0, TCB: {'PD_2': ['PD_4', 'PD_3'], 'PD_3': ['PD_2', 'PD_4'], 'PD_4': ['PD_2', 'PD_3'], 'PD_5': []}, FR: {'PD_2,PD_3': inf, 'PD_2,PD_4': inf, 'PD_2,PD_5': inf, 'PD_3,PD_4': inf, 'PD_3,PD_5': inf, 'PD_4,PD_5': inf}
  Computing metrics...
    RSI: {'PD_2,PD_3': 1.0, 'PD_2,PD_4': 1.0, 'PD_2,PD_5': 0.0, 'PD_3,PD_4': 1.0, 'PD_3,PD_5': 0.0, 'PD_4,PD_5': 0.0}, ASR: 1.25, TCB: {'PD_2': ['PD_4', 'PD_3'], 'PD_3': ['PD_2', 'PD_4'], 'PD_4': ['PD_3', 'PD_2'], 'PD_5': []}, FR: {'PD_2,PD_3': inf, 'PD_2,PD_4': 3, 'PD_2,PD_5': inf, 'PD_3,PD_4': inf, 'PD_3,PD_5': inf, 'PD_4,PD_5': inf}
  Computing metrics...
    RSI: {'PD_2,PD_3': 1.0, 'PD_2,PD_4': 1.0, 'PD_2,PD_5': 0.0, 'PD_3,PD_4': 1.0, 'PD_3,PD_5': 0.0, 'PD_4,PD_5': 0.0}, ASR: 1.0, TCB: {'PD_2': ['PD_4', 'PD_3'], 'PD_3': ['PD_2', 'PD_4'], 'PD_4': ['PD_2', 'PD_3'], 'PD_5': []}, FR: {'PD_2,PD_3': inf, 'PD_2,PD_4': inf, 'PD_2,PD_5': inf, 'PD_3,PD_4': inf, 'PD_3,PD_5': inf, 'PD_4,PD_5': inf}
  Computing metrics...
    RSI: {'PD_2,PD_3': 1.0, 'PD_2,PD_4': 1.0, 'PD_2,PD_5': 0.0, 'PD_3,PD_4': 1.0, 'PD_3,PD_5': 0.0, 'PD_4,PD_5': 0.0}, ASR: 1.25, TCB: {'PD_2': ['PD_4', 'PD_3'], 'PD_3': ['PD_2', 'PD_4'], 'PD_4': ['PD_5', 'PD_2', 'PD_3'], 'PD_5': []}, FR: {'PD_2,PD_3': inf, 'PD_2,PD_4': 3, 'PD_2,PD_5': inf, 'PD_3,PD_4': inf, 'PD_3,PD_5': inf, 'PD_4,PD_5': inf}
  Computing metrics...
    RSI: {'PD_2,PD_3': 1.0, 'PD_2,PD_4': 1.0, 'PD_2,PD_5': 0.0, 'PD_3,PD_4': 1.0, 'PD_3,PD_5': 0.0, 'PD_4,PD_5': 0.0}, ASR: 1.0, TCB: {'PD_2': ['PD_4', 'PD_3'], 'PD_3': ['PD_2', 'PD_4'], 'PD_4': ['PD_2', 'PD_3'], 'PD_5': []}, FR: {'PD_2,PD_3': inf, 'PD_2,PD_4': inf, 'PD_2,PD_5': inf, 'PD_3,PD_4': inf, 'PD_3,PD_5': inf, 'PD_4,PD_5': inf}
  Computing metrics...
    RSI: {'PD_2,PD_3': 1.0, 'PD_2,PD_4': 1.0, 'PD_2,PD_5': 0.0, 'PD_3,PD_4': 1.0, 'PD_3,PD_5': 0.0, 'PD_4,PD_5': 0.0}, ASR: 1.25, TCB: {'PD_2': ['PD_4', 'PD_3'], 'PD_3': ['PD_2', 'PD_4'], 'PD_4': ['PD_2', 'PD_3'], 'PD_5': ['PD_2']}, FR: {'PD_2,PD_3': inf, 'PD_2,PD_4': inf, 'PD_2,PD_5': 3, 'PD_3,PD_4': inf, 'PD_3,PD_5': inf, 'PD_4,PD_5': inf}
  Computing metrics...
    RSI: {'PD_2,PD_3': 1.0, 'PD_2,PD_4': 1.0, 'PD_2,PD_5': 0.0, 'PD_3,PD_4': 1.0, 'PD_3,PD_5': 0.0, 'PD_4,PD_5': 0.0}, ASR: 1.0, TCB: {'PD_2': ['PD_4', 'PD_3'], 'PD_3': ['PD_2', 'PD_4'], 'PD_4': ['PD_2', 'PD_3'], 'PD_5': []}, FR: {'PD_2,PD_3': inf, 'PD_2,PD_4': inf, 'PD_2,PD_5': inf, 'PD_3,PD_4': inf, 'PD_3,PD_5': inf, 'PD_4,PD_5': inf}
  Computing metrics...
    RSI: {'PD_2,PD_3': 1.0, 'PD_2,PD_4': 1.0, 'PD_2,PD_5': 0.0, 'PD_3,PD_4': 1.0, 'PD_3,PD_5': 0.0, 'PD_4,PD_5': 0.0}, ASR: 1.25, TCB: {'PD_2': ['PD_4', 'PD_3'], 'PD_3': ['PD_2', 'PD_4'], 'PD_4': ['PD_2', 'PD_3'], 'PD_5': ['PD_3']}, FR: {'PD_2,PD_3': inf, 'PD_2,PD_4': inf, 'PD_2,PD_5': inf, 'PD_3,PD_4': inf, 'PD_3,PD_5': inf, 'PD_4,PD_5': inf}
  Computing metrics...
    RSI: {'PD_2,PD_3': 1.0, 'PD_2,PD_4': 1.0, 'PD_2,PD_5': 0.0, 'PD_3,PD_4': 1.0, 'PD_3,PD_5': 0.0, 'PD_4,PD_5': 0.0}, ASR: 1.0, TCB: {'PD_2': ['PD_4', 'PD_3'], 'PD_3': ['PD_2', 'PD_4'], 'PD_4': ['PD_2', 'PD_3'], 'PD_5': []}, FR: {'PD_2,PD_3': inf, 'PD_2,PD_4': inf, 'PD_2,PD_5': inf, 'PD_3,PD_4': inf, 'PD_3,PD_5': inf, 'PD_4,PD_5': inf}
  Computing metrics...
    RSI: {'PD_2,PD_3': 1.0, 'PD_2,PD_4': 1.0, 'PD_2,PD_5': 0.0, 'PD_3,PD_4': 1.0, 'PD_3,PD_5': 0.0, 'PD_4,PD_5': 0.0}, ASR: 1.25, TCB: {'PD_2': ['PD_4', 'PD_3'], 'PD_3': ['PD_2', 'PD_4'], 'PD_4': ['PD_2', 'PD_3'], 'PD_5': ['PD_4']}, FR: {'PD_2,PD_3': inf, 'PD_2,PD_4': inf, 'PD_2,PD_5': 2, 'PD_3,PD_4': inf, 'PD_3,PD_5': inf, 'PD_4,PD_5': inf}
  Computing metrics...
    RSI: {'PD_2,PD_3': 1.0, 'PD_2,PD_4': 1.0, 'PD_2,PD_5': 0.0, 'PD_3,PD_4': 1.0, 'PD_3,PD_5': 0.0, 'PD_4,PD_5': 0.0}, ASR: 1.0, TCB: {'PD_2': ['PD_4', 'PD_3'], 'PD_3': ['PD_2', 'PD_4'], 'PD_4': ['PD_2', 'PD_3'], 'PD_5': []}, FR: {'PD_2,PD_3': inf, 'PD_2,PD_4': inf, 'PD_2,PD_5': inf, 'PD_3,PD_4': inf, 'PD_3,PD_5': inf, 'PD_4,PD_5': inf}
  Computing metrics...
    RSI: {'PD_2,PD_3': 1.0, 'PD_2,PD_4': 1.0, 'PD_2,PD_5': 0.0, 'PD_3,PD_4': 1.0, 'PD_3,PD_5': 0.0, 'PD_4,PD_5': 0.0}, ASR: 1.0, TCB: {'PD_2': ['PD_4', 'PD_3'], 'PD_3': ['PD_2', 'PD_4'], 'PD_4': ['PD_2', 'PD_3'], 'PD_5': []}, FR: {'PD_2,PD_3': inf, 'PD_2,PD_4': inf, 'PD_2,PD_5': inf, 'PD_3,PD_4': inf, 'PD_3,PD_5': inf, 'PD_4,PD_5': inf}
  Computing metrics...
    RSI: {'PD_2,PD_3': 1.0, 'PD_2,PD_4': 1.0, 'PD_2,PD_5': 0.0, 'PD_3,PD_4': 1.0, 'PD_3,PD_5': 0.0, 'PD_4,PD_5': 0.0}, ASR: 1.0, TCB: {'PD_2': ['PD_4', 'PD_3'], 'PD_3': ['PD_2', 'PD_4'], 'PD_4': ['PD_2', 'PD_3'], 'PD_5': []}, FR: {'PD_2,PD_3': inf, 'PD_2,PD_4': inf, 'PD_2,PD_5': inf, 'PD_3,PD_4': inf, 'PD_3,PD_5': inf, 'PD_4,PD_5': inf}
  Computing metrics...
    RSI: {'PD_2,PD_3': 1.0, 'PD_2,PD_4': 1.0, 'PD_2,PD_5': 0.0, 'PD_3,PD_4': 1.0, 'PD_3,PD_5': 0.0, 'PD_4,PD_5': 0.0}, ASR: 1.0, TCB: {'PD_2': ['PD_4', 'PD_3'], 'PD_3': ['PD_2', 'PD_4'], 'PD_4': ['PD_2', 'PD_3'], 'PD_5': []}, FR: {'PD_2,PD_3': inf, 'PD_2,PD_4': inf, 'PD_2,PD_5': inf, 'PD_3,PD_4': inf, 'PD_3,PD_5': inf, 'PD_4,PD_5': inf}
  🚫 Filtered out 0 'add_pd(add new protection domain to help resolve 2 constraint violation(s))' candidates (avoiding repetition)
  Trying best transition: primitive
    Target: connect PD_5 to FILE_1_1
    Predicted improvement: 1.100
    Considered 22 other option(s):
      1. primitive: add new protection domain to help resolve 2 constraint violation(s) (improvement: 0.100)
      2. primitive: remove empty PD_5 (improvement: 0.100)
      3. primitive: create new CONFIG file in FILE_SPACE_1 (improvement: 0.100)
      4. primitive: create new DATABASE file in FILE_SPACE_1 (improvement: 0.100)
      5. primitive: create new TEMP file in FILE_SPACE_1 (improvement: 0.100)
      6. primitive: create new LOG file in FILE_SPACE_1 (improvement: 0.100)
      7. primitive: remove FILE_1_1 (holders: 3) (improvement: 0.100)
      8. primitive: remove PD_3 -> FILE_1_1 HOLD edge (improvement: 0.100)
      9. primitive: remove PD_4 -> FILE_1_1 HOLD edge (improvement: 0.100)
      10. primitive: enable indirect access: PD_2 -> PD_3 (improvement: 0.100)
      ... and 12 more
    ✅ Applied add_hold_edge
  📋 Generated 23 candidate(s)
  Computing metrics...
    RSI: {'PD_2,PD_3': 1.0, 'PD_2,PD_4': 1.0, 'PD_2,PD_5': 1.0, 'PD_3,PD_4': 1.0, 'PD_3,PD_5': 1.0, 'PD_4,PD_5': 1.0}, ASR: 1.25, TCB: {'PD_2': ['PD_4', 'PD_3', 'PD_5'], 'PD_3': ['PD_2', 'PD_4', 'PD_5'], 'PD_4': ['PD_2', 'PD_3', 'PD_5'], 'PD_5': ['PD_2', 'PD_3', 'PD_4']}, FR: {'PD_2,PD_3': inf, 'PD_2,PD_4': inf, 'PD_2,PD_5': inf, 'PD_3,PD_4': inf, 'PD_3,PD_5': inf, 'PD_4,PD_5': inf}
    ✅ Added candidate: add_hold_edge (score: 1.100)
  Computing metrics...
    RSI: {'PD_2,PD_3': 1.0, 'PD_2,PD_4': 1.0, 'PD_2,PD_5': 0.0, 'PD_2,PD_6': 0.0, 'PD_3,PD_4': 1.0, 'PD_3,PD_5': 0.0, 'PD_3,PD_6': 0.0, 'PD_4,PD_5': 0.0, 'PD_4,PD_6': 0.0, 'PD_5,PD_6': 0.0}, ASR: 0.8, TCB: {'PD_2': ['PD_4', 'PD_3'], 'PD_3': ['PD_2', 'PD_4'], 'PD_4': ['PD_2', 'PD_3'], 'PD_5': [], 'PD_6': []}, FR: {'PD_2,PD_3': inf, 'PD_2,PD_4': inf, 'PD_2,PD_5': inf, 'PD_2,PD_6': inf, 'PD_3,PD_4': inf, 'PD_3,PD_5': inf, 'PD_3,PD_6': inf, 'PD_4,PD_5': inf, 'PD_4,PD_6': inf, 'PD_5,PD_6': inf}
    ✅ Added candidate: add_pd (score: 0.100)

🌟 Expanding Beam[1] (score: 0.100)
  ⚠️  Constraints violated: PD_1 lacks any access to FILE_1_1; PD_1 lacks access to any files
  Computing metrics...
    RSI: {'PD_2,PD_3': 1.0, 'PD_2,PD_4': 1.0, 'PD_3,PD_4': 1.0}, ASR: 1.3333333333333333, TCB: {'PD_2': ['PD_4', 'PD_3'], 'PD_3': ['PD_2', 'PD_4'], 'PD_4': ['PD_2', 'PD_3']}, FR: {'PD_2,PD_3': inf, 'PD_2,PD_4': inf, 'PD_3,PD_4': inf}
  Computing metrics...
    RSI: {'PD_2,PD_3': 1.0, 'PD_2,PD_4': 1.0, 'PD_3,PD_4': 1.0}, ASR: 1.3333333333333333, TCB: {'PD_2': ['PD_4', 'PD_3'], 'PD_3': ['PD_2', 'PD_4'], 'PD_4': ['PD_2', 'PD_3']}, FR: {'PD_2,PD_3': inf, 'PD_2,PD_4': inf, 'PD_3,PD_4': inf}
  Computing metrics...
    RSI: {'PD_2,PD_3': 1.0, 'PD_2,PD_4': 1.0, 'PD_3,PD_4': 1.0}, ASR: 1.3333333333333333, TCB: {'PD_2': ['PD_4', 'PD_3'], 'PD_3': ['PD_2', 'PD_4'], 'PD_4': ['PD_2', 'PD_3']}, FR: {'PD_2,PD_3': inf, 'PD_2,PD_4': inf, 'PD_3,PD_4': inf}
  Computing metrics...
    RSI: {'PD_2,PD_3': 1.0, 'PD_2,PD_4': 1.0, 'PD_3,PD_4': 1.0}, ASR: 1.3333333333333333, TCB: {'PD_2': ['PD_4', 'PD_3'], 'PD_3': ['PD_2', 'PD_4'], 'PD_4': ['PD_2', 'PD_3']}, FR: {'PD_2,PD_3': inf, 'PD_2,PD_4': inf, 'PD_3,PD_4': inf}
  Computing metrics...
    RSI: {'PD_2,PD_3': 1.0, 'PD_2,PD_4': 1.0, 'PD_3,PD_4': 1.0}, ASR: 1.3333333333333333, TCB: {'PD_2': ['PD_4', 'PD_3'], 'PD_3': ['PD_2', 'PD_4'], 'PD_4': ['PD_2', 'PD_3']}, FR: {'PD_2,PD_3': inf, 'PD_2,PD_4': inf, 'PD_3,PD_4': inf}
  Computing metrics...
    RSI: {'PD_2,PD_3': 1.0, 'PD_2,PD_4': 1.0, 'PD_3,PD_4': 1.0}, ASR: 1.3333333333333333, TCB: {'PD_2': ['PD_4', 'PD_3'], 'PD_3': ['PD_2', 'PD_4'], 'PD_4': ['PD_2', 'PD_3']}, FR: {'PD_2,PD_3': inf, 'PD_2,PD_4': inf, 'PD_3,PD_4': inf}
  Computing metrics...
    RSI: {'PD_2,PD_3': 1.0, 'PD_2,PD_4': 1.0, 'PD_3,PD_4': 1.0}, ASR: 1.3333333333333333, TCB: {'PD_2': ['PD_4', 'PD_3'], 'PD_3': ['PD_2', 'PD_4'], 'PD_4': ['PD_2', 'PD_3']}, FR: {'PD_2,PD_3': inf, 'PD_2,PD_4': inf, 'PD_3,PD_4': inf}
  Computing metrics...
    RSI: {'PD_2,PD_3': 1.0, 'PD_2,PD_4': 1.0, 'PD_3,PD_4': 1.0}, ASR: 1.3333333333333333, TCB: {'PD_2': ['PD_4', 'PD_3'], 'PD_3': ['PD_2', 'PD_4'], 'PD_4': ['PD_2', 'PD_3']}, FR: {'PD_2,PD_3': inf, 'PD_2,PD_4': inf, 'PD_3,PD_4': inf}
  Computing metrics...
    RSI: {'PD_2,PD_3': 1.0, 'PD_2,PD_4': 1.0, 'PD_3,PD_4': 1.0}, ASR: 1.3333333333333333, TCB: {'PD_2': ['PD_4', 'PD_3'], 'PD_3': ['PD_2', 'PD_4'], 'PD_4': ['PD_2', 'PD_3']}, FR: {'PD_2,PD_3': inf, 'PD_2,PD_4': inf, 'PD_3,PD_4': inf}
  Computing metrics...
    RSI: {'PD_2,PD_3': 1.0, 'PD_2,PD_4': 1.0, 'PD_3,PD_4': 1.0}, ASR: 1.3333333333333333, TCB: {'PD_2': ['PD_4', 'PD_3'], 'PD_3': ['PD_2', 'PD_4'], 'PD_4': ['PD_2', 'PD_3']}, FR: {'PD_2,PD_3': inf, 'PD_2,PD_4': inf, 'PD_3,PD_4': inf}
  Computing metrics...
    RSI: {'PD_2,PD_3': 1.0, 'PD_2,PD_4': 1.0, 'PD_3,PD_4': 1.0}, ASR: 1.3333333333333333, TCB: {'PD_2': ['PD_4', 'PD_3'], 'PD_3': ['PD_2', 'PD_4'], 'PD_4': ['PD_2', 'PD_3']}, FR: {'PD_2,PD_3': inf, 'PD_2,PD_4': inf, 'PD_3,PD_4': inf}
  Computing metrics...
    RSI: {'PD_2,PD_3': 1.0, 'PD_2,PD_4': 1.0, 'PD_3,PD_4': 1.0}, ASR: 1.3333333333333333, TCB: {'PD_2': ['PD_4', 'PD_3'], 'PD_3': ['PD_2', 'PD_4'], 'PD_4': ['PD_2', 'PD_3']}, FR: {'PD_2,PD_3': inf, 'PD_2,PD_4': inf, 'PD_3,PD_4': inf}
  Computing metrics...
    RSI: {'PD_2,PD_3': 1.0, 'PD_2,PD_4': 1.0, 'PD_3,PD_4': 1.0}, ASR: 1.3333333333333333, TCB: {'PD_2': ['PD_4', 'PD_3'], 'PD_3': ['PD_2', 'PD_4'], 'PD_4': ['PD_2', 'PD_3']}, FR: {'PD_2,PD_3': inf, 'PD_2,PD_4': inf, 'PD_3,PD_4': inf}
  Computing metrics...
    RSI: {'PD_2,PD_3': 1.0, 'PD_2,PD_4': 1.0, 'PD_3,PD_4': 1.0}, ASR: 1.3333333333333333, TCB: {'PD_2': ['PD_4', 'PD_3'], 'PD_3': ['PD_2', 'PD_4'], 'PD_4': ['PD_2', 'PD_3']}, FR: {'PD_2,PD_3': inf, 'PD_2,PD_4': inf, 'PD_3,PD_4': inf}
  Computing metrics...
    RSI: {'PD_2,PD_3': 1.0, 'PD_2,PD_4': 1.0, 'PD_3,PD_4': 1.0}, ASR: 1.3333333333333333, TCB: {'PD_2': ['PD_4', 'PD_3'], 'PD_3': ['PD_2', 'PD_4'], 'PD_4': ['PD_2', 'PD_3']}, FR: {'PD_2,PD_3': inf, 'PD_2,PD_4': inf, 'PD_3,PD_4': inf}
  Computing metrics...
    RSI: {'PD_2,PD_3': 0.5, 'PD_2,PD_4': 0.5, 'PD_3,PD_4': 1.0}, ASR: 1.6666666666666667, TCB: {'PD_2': ['PD_4', 'PD_3'], 'PD_3': ['PD_2', 'PD_4'], 'PD_4': ['PD_2', 'PD_3']}, FR: {'PD_2,PD_3': inf, 'PD_2,PD_4': inf, 'PD_3,PD_4': inf}
  Computing metrics...
    RSI: {'PD_2,PD_3': 1.0, 'PD_2,PD_4': 1.0, 'PD_3,PD_4': 1.0}, ASR: 1.3333333333333333, TCB: {'PD_2': ['PD_4', 'PD_3'], 'PD_3': ['PD_2', 'PD_4'], 'PD_4': ['PD_2', 'PD_3']}, FR: {'PD_2,PD_3': inf, 'PD_2,PD_4': inf, 'PD_3,PD_4': inf}
  Computing metrics...
    RSI: {'PD_2,PD_3': 0.5, 'PD_2,PD_4': 1.0, 'PD_3,PD_4': 0.5}, ASR: 1.6666666666666667, TCB: {'PD_2': ['PD_4', 'PD_3'], 'PD_3': ['PD_2', 'PD_4'], 'PD_4': ['PD_2', 'PD_3']}, FR: {'PD_2,PD_3': inf, 'PD_2,PD_4': inf, 'PD_3,PD_4': inf}
  Computing metrics...
    RSI: {'PD_2,PD_3': 1.0, 'PD_2,PD_4': 1.0, 'PD_3,PD_4': 1.0}, ASR: 1.3333333333333333, TCB: {'PD_2': ['PD_4', 'PD_3'], 'PD_3': ['PD_2', 'PD_4'], 'PD_4': ['PD_2', 'PD_3']}, FR: {'PD_2,PD_3': inf, 'PD_2,PD_4': inf, 'PD_3,PD_4': inf}
  Computing metrics...
    RSI: {'PD_2,PD_3': 1.0, 'PD_2,PD_4': 0.5, 'PD_3,PD_4': 0.5}, ASR: 1.6666666666666667, TCB: {'PD_2': ['PD_4', 'PD_3'], 'PD_3': ['PD_2', 'PD_4'], 'PD_4': ['PD_2', 'PD_3']}, FR: {'PD_2,PD_3': inf, 'PD_2,PD_4': inf, 'PD_3,PD_4': inf}
  Computing metrics...
    RSI: {'PD_2,PD_3': 1.0, 'PD_2,PD_4': 1.0, 'PD_3,PD_4': 1.0}, ASR: 1.3333333333333333, TCB: {'PD_2': ['PD_4', 'PD_3'], 'PD_3': ['PD_2', 'PD_4'], 'PD_4': ['PD_2', 'PD_3']}, FR: {'PD_2,PD_3': inf, 'PD_2,PD_4': inf, 'PD_3,PD_4': inf}
  Computing metrics...
    RSI: {'PD_2,PD_3': 1.0, 'PD_2,PD_4': 1.0, 'PD_3,PD_4': 1.0}, ASR: 1.3333333333333333, TCB: {'PD_2': ['PD_4', 'PD_3'], 'PD_3': ['PD_2', 'PD_4'], 'PD_4': ['PD_2', 'PD_3']}, FR: {'PD_2,PD_3': inf, 'PD_2,PD_4': inf, 'PD_3,PD_4': inf}
    remove_hold_edge candidate: remove PD_3 -> FILE_1_1 HOLD edge -> score: 0.100
  Computing metrics...
    RSI: {'PD_2,PD_3': 1.0, 'PD_2,PD_4': 1.0, 'PD_3,PD_4': 1.0}, ASR: 1.3333333333333333, TCB: {'PD_2': ['PD_4', 'PD_3'], 'PD_3': ['PD_2', 'PD_4'], 'PD_4': ['PD_2', 'PD_3']}, FR: {'PD_2,PD_3': inf, 'PD_2,PD_4': inf, 'PD_3,PD_4': inf}
  Computing metrics...
    RSI: {'PD_2,PD_3': 1.0, 'PD_2,PD_4': 1.0, 'PD_3,PD_4': 1.0}, ASR: 1.3333333333333333, TCB: {'PD_2': ['PD_4', 'PD_3'], 'PD_3': ['PD_2', 'PD_4'], 'PD_4': ['PD_2', 'PD_3']}, FR: {'PD_2,PD_3': inf, 'PD_2,PD_4': inf, 'PD_3,PD_4': inf}
    remove_hold_edge candidate: remove PD_4 -> FILE_1_1 HOLD edge -> score: 0.100
  Computing metrics...
    RSI: {'PD_2,PD_3': 1.0, 'PD_2,PD_4': 1.0, 'PD_3,PD_4': 1.0}, ASR: 1.3333333333333333, TCB: {'PD_2': ['PD_4', 'PD_3'], 'PD_3': ['PD_2', 'PD_4'], 'PD_4': ['PD_2', 'PD_3']}, FR: {'PD_2,PD_3': inf, 'PD_2,PD_4': inf, 'PD_3,PD_4': inf}
  Computing metrics...
    RSI: {'PD_2,PD_3': 1.0, 'PD_2,PD_4': 1.0, 'PD_3,PD_4': 1.0}, ASR: 1.6666666666666667, TCB: {'PD_2': ['PD_4', 'PD_3'], 'PD_3': ['PD_2', 'PD_4'], 'PD_4': ['PD_2', 'PD_3']}, FR: {'PD_2,PD_3': inf, 'PD_2,PD_4': inf, 'PD_3,PD_4': inf}
  Computing metrics...
    RSI: {'PD_2,PD_3': 1.0, 'PD_2,PD_4': 1.0, 'PD_3,PD_4': 1.0}, ASR: 1.3333333333333333, TCB: {'PD_2': ['PD_4', 'PD_3'], 'PD_3': ['PD_2', 'PD_4'], 'PD_4': ['PD_2', 'PD_3']}, FR: {'PD_2,PD_3': inf, 'PD_2,PD_4': inf, 'PD_3,PD_4': inf}
  Computing metrics...
    RSI: {'PD_2,PD_3': 1.0, 'PD_2,PD_4': 1.0, 'PD_3,PD_4': 1.0}, ASR: 1.6666666666666667, TCB: {'PD_2': ['PD_4', 'PD_3'], 'PD_3': ['PD_2', 'PD_4'], 'PD_4': ['PD_2', 'PD_3']}, FR: {'PD_2,PD_3': 3, 'PD_2,PD_4': inf, 'PD_3,PD_4': inf}
  Computing metrics...
    RSI: {'PD_2,PD_3': 1.0, 'PD_2,PD_4': 1.0, 'PD_3,PD_4': 1.0}, ASR: 1.3333333333333333, TCB: {'PD_2': ['PD_4', 'PD_3'], 'PD_3': ['PD_2', 'PD_4'], 'PD_4': ['PD_2', 'PD_3']}, FR: {'PD_2,PD_3': inf, 'PD_2,PD_4': inf, 'PD_3,PD_4': inf}
  Computing metrics...
    RSI: {'PD_2,PD_3': 1.0, 'PD_2,PD_4': 1.0, 'PD_3,PD_4': 1.0}, ASR: 1.6666666666666667, TCB: {'PD_2': ['PD_4', 'PD_3'], 'PD_3': ['PD_4', 'PD_2'], 'PD_4': ['PD_2', 'PD_3']}, FR: {'PD_2,PD_3': 2, 'PD_2,PD_4': inf, 'PD_3,PD_4': inf}
  Computing metrics...
    RSI: {'PD_2,PD_3': 1.0, 'PD_2,PD_4': 1.0, 'PD_3,PD_4': 1.0}, ASR: 1.3333333333333333, TCB: {'PD_2': ['PD_4', 'PD_3'], 'PD_3': ['PD_2', 'PD_4'], 'PD_4': ['PD_2', 'PD_3']}, FR: {'PD_2,PD_3': inf, 'PD_2,PD_4': inf, 'PD_3,PD_4': inf}
  Computing metrics...
    RSI: {'PD_2,PD_3': 1.0, 'PD_2,PD_4': 1.0, 'PD_3,PD_4': 1.0}, ASR: 1.6666666666666667, TCB: {'PD_2': ['PD_4', 'PD_3'], 'PD_3': ['PD_2', 'PD_4'], 'PD_4': ['PD_2', 'PD_3']}, FR: {'PD_2,PD_3': inf, 'PD_2,PD_4': inf, 'PD_3,PD_4': inf}
  Computing metrics...
    RSI: {'PD_2,PD_3': 1.0, 'PD_2,PD_4': 1.0, 'PD_3,PD_4': 1.0}, ASR: 1.3333333333333333, TCB: {'PD_2': ['PD_4', 'PD_3'], 'PD_3': ['PD_2', 'PD_4'], 'PD_4': ['PD_2', 'PD_3']}, FR: {'PD_2,PD_3': inf, 'PD_2,PD_4': inf, 'PD_3,PD_4': inf}
  Computing metrics...
    RSI: {'PD_2,PD_3': 1.0, 'PD_2,PD_4': 1.0, 'PD_3,PD_4': 1.0}, ASR: 1.6666666666666667, TCB: {'PD_2': ['PD_4', 'PD_3'], 'PD_3': ['PD_2', 'PD_4'], 'PD_4': ['PD_3', 'PD_2']}, FR: {'PD_2,PD_3': inf, 'PD_2,PD_4': 3, 'PD_3,PD_4': inf}
  Computing metrics...
    RSI: {'PD_2,PD_3': 1.0, 'PD_2,PD_4': 1.0, 'PD_3,PD_4': 1.0}, ASR: 1.3333333333333333, TCB: {'PD_2': ['PD_4', 'PD_3'], 'PD_3': ['PD_2', 'PD_4'], 'PD_4': ['PD_2', 'PD_3']}, FR: {'PD_2,PD_3': inf, 'PD_2,PD_4': inf, 'PD_3,PD_4': inf}
  Computing metrics...
    RSI: {'PD_2,PD_3': 1.0, 'PD_2,PD_4': 1.0, 'PD_3,PD_4': 1.0}, ASR: 1.3333333333333333, TCB: {'PD_2': ['PD_4', 'PD_3'], 'PD_3': ['PD_2', 'PD_4'], 'PD_4': ['PD_2', 'PD_3']}, FR: {'PD_2,PD_3': inf, 'PD_2,PD_4': inf, 'PD_3,PD_4': inf}
  Computing metrics...
    RSI: {'PD_2,PD_3': 1.0, 'PD_2,PD_4': 1.0, 'PD_3,PD_4': 1.0}, ASR: 1.3333333333333333, TCB: {'PD_2': ['PD_4', 'PD_3'], 'PD_3': ['PD_2', 'PD_4'], 'PD_4': ['PD_2', 'PD_3']}, FR: {'PD_2,PD_3': inf, 'PD_2,PD_4': inf, 'PD_3,PD_4': inf}
  Computing metrics...
    RSI: {'PD_2,PD_3': 1.0, 'PD_2,PD_4': 1.0, 'PD_3,PD_4': 1.0}, ASR: 1.3333333333333333, TCB: {'PD_2': ['PD_4', 'PD_3'], 'PD_3': ['PD_2', 'PD_4'], 'PD_4': ['PD_2', 'PD_3']}, FR: {'PD_2,PD_3': inf, 'PD_2,PD_4': inf, 'PD_3,PD_4': inf}
  Computing metrics...
    RSI: {'PD_2,PD_3': 1.0, 'PD_2,PD_4': 1.0, 'PD_3,PD_4': 1.0}, ASR: 1.3333333333333333, TCB: {'PD_2': ['PD_4', 'PD_3'], 'PD_3': ['PD_2', 'PD_4'], 'PD_4': ['PD_2', 'PD_3']}, FR: {'PD_2,PD_3': inf, 'PD_2,PD_4': inf, 'PD_3,PD_4': inf}
  Computing metrics...
    RSI: {'PD_2,PD_3': 1.0, 'PD_2,PD_4': 1.0, 'PD_3,PD_4': 1.0}, ASR: 1.3333333333333333, TCB: {'PD_2': ['PD_4', 'PD_3'], 'PD_3': ['PD_2', 'PD_4'], 'PD_4': ['PD_2', 'PD_3']}, FR: {'PD_2,PD_3': inf, 'PD_2,PD_4': inf, 'PD_3,PD_4': inf}
  🚫 Filtered out 0 'add_file_resource(create new CONFIG file in FILE_SPACE_1)' candidates (avoiding repetition)
  Trying best transition: primitive
    Target: add new protection domain to help resolve 2 constraint violation(s)
    Predicted improvement: 0.100
    Considered 19 other option(s):
      1. primitive: connect PD_2 to orphaned resource FILE_1_2 (improvement: 0.767)
      2. primitive: connect PD_3 to orphaned resource FILE_1_2 (improvement: 0.767)
      3. primitive: connect PD_4 to orphaned resource FILE_1_2 (improvement: 0.767)
      4. primitive: create new CONFIG file in FILE_SPACE_1 (improvement: 0.100)
      5. primitive: create new DATABASE file in FILE_SPACE_1 (improvement: 0.100)
      6. primitive: create new TEMP file in FILE_SPACE_1 (improvement: 0.100)
      7. primitive: create new LOG file in FILE_SPACE_1 (improvement: 0.100)
      8. primitive: remove FILE_1_1 (holders: 3) (improvement: 0.100)
      9. primitive: remove FILE_1_2 (holders: 0) (improvement: 0.100)
      10. primitive: remove PD_3 -> FILE_1_1 HOLD edge (improvement: 0.100)
      ... and 9 more
    ✅ Applied add_pd
  📋 Generated 20 candidate(s)
  Computing metrics...
    RSI: {'PD_2,PD_3': 0.5, 'PD_2,PD_4': 0.5, 'PD_3,PD_4': 1.0}, ASR: 1.6666666666666667, TCB: {'PD_2': ['PD_4', 'PD_3'], 'PD_3': ['PD_2', 'PD_4'], 'PD_4': ['PD_2', 'PD_3']}, FR: {'PD_2,PD_3': inf, 'PD_2,PD_4': inf, 'PD_3,PD_4': inf}
    ✅ Added candidate: add_hold_edge (score: 0.767)
  Computing metrics...
    RSI: {'PD_2,PD_3': 0.5, 'PD_2,PD_4': 1.0, 'PD_3,PD_4': 0.5}, ASR: 1.6666666666666667, TCB: {'PD_2': ['PD_4', 'PD_3'], 'PD_3': ['PD_2', 'PD_4'], 'PD_4': ['PD_2', 'PD_3']}, FR: {'PD_2,PD_3': inf, 'PD_2,PD_4': inf, 'PD_3,PD_4': inf}
    ✅ Added candidate: add_hold_edge (score: 0.767)

🌟 Expanding Beam[2] (score: 0.100)
  ⚠️  Constraints violated: PD_2 lacks any access to FILE_1_1; PD_2 lacks access to any files
  Computing metrics...
    RSI: {'PD_1,PD_3': 1.0, 'PD_1,PD_4': 1.0, 'PD_1,PD_5': 0.0, 'PD_3,PD_4': 1.0, 'PD_3,PD_5': 0.0, 'PD_4,PD_5': 0.0}, ASR: 1.0, TCB: {'PD_1': ['PD_3', 'PD_4'], 'PD_3': ['PD_1', 'PD_4'], 'PD_4': ['PD_1', 'PD_3'], 'PD_5': []}, FR: {'PD_1,PD_3': inf, 'PD_1,PD_4': inf, 'PD_1,PD_5': inf, 'PD_3,PD_4': inf, 'PD_3,PD_5': inf, 'PD_4,PD_5': inf}
  Computing metrics...
    RSI: {'PD_1,PD_3': 1.0, 'PD_1,PD_4': 1.0, 'PD_1,PD_5': 0.0, 'PD_3,PD_4': 1.0, 'PD_3,PD_5': 0.0, 'PD_4,PD_5': 0.0}, ASR: 1.0, TCB: {'PD_1': ['PD_3', 'PD_4'], 'PD_3': ['PD_1', 'PD_4'], 'PD_4': ['PD_1', 'PD_3'], 'PD_5': []}, FR: {'PD_1,PD_3': inf, 'PD_1,PD_4': inf, 'PD_1,PD_5': inf, 'PD_3,PD_4': inf, 'PD_3,PD_5': inf, 'PD_4,PD_5': inf}
  Computing metrics...
    RSI: {'PD_1,PD_3': 1.0, 'PD_1,PD_4': 1.0, 'PD_1,PD_5': 0.0, 'PD_3,PD_4': 1.0, 'PD_3,PD_5': 0.0, 'PD_4,PD_5': 0.0}, ASR: 1.0, TCB: {'PD_1': ['PD_3', 'PD_4'], 'PD_3': ['PD_1', 'PD_4'], 'PD_4': ['PD_1', 'PD_3'], 'PD_5': []}, FR: {'PD_1,PD_3': inf, 'PD_1,PD_4': inf, 'PD_1,PD_5': inf, 'PD_3,PD_4': inf, 'PD_3,PD_5': inf, 'PD_4,PD_5': inf}
  Computing metrics...
    RSI: {'PD_1,PD_3': 1.0, 'PD_1,PD_4': 1.0, 'PD_1,PD_5': 0.0, 'PD_3,PD_4': 1.0, 'PD_3,PD_5': 0.0, 'PD_4,PD_5': 0.0}, ASR: 1.0, TCB: {'PD_1': ['PD_3', 'PD_4'], 'PD_3': ['PD_1', 'PD_4'], 'PD_4': ['PD_1', 'PD_3'], 'PD_5': []}, FR: {'PD_1,PD_3': inf, 'PD_1,PD_4': inf, 'PD_1,PD_5': inf, 'PD_3,PD_4': inf, 'PD_3,PD_5': inf, 'PD_4,PD_5': inf}
  Computing metrics...
    RSI: {'PD_1,PD_3': 1.0, 'PD_1,PD_4': 1.0, 'PD_1,PD_5': 0.0, 'PD_3,PD_4': 1.0, 'PD_3,PD_5': 0.0, 'PD_4,PD_5': 0.0}, ASR: 1.0, TCB: {'PD_1': ['PD_3', 'PD_4'], 'PD_3': ['PD_1', 'PD_4'], 'PD_4': ['PD_1', 'PD_3'], 'PD_5': []}, FR: {'PD_1,PD_3': inf, 'PD_1,PD_4': inf, 'PD_1,PD_5': inf, 'PD_3,PD_4': inf, 'PD_3,PD_5': inf, 'PD_4,PD_5': inf}
  Computing metrics...
    RSI: {'PD_1,PD_3': 1.0, 'PD_1,PD_4': 1.0, 'PD_1,PD_5': 0.0, 'PD_3,PD_4': 1.0, 'PD_3,PD_5': 0.0, 'PD_4,PD_5': 0.0}, ASR: 1.0, TCB: {'PD_1': ['PD_3', 'PD_4'], 'PD_3': ['PD_1', 'PD_4'], 'PD_4': ['PD_1', 'PD_3'], 'PD_5': []}, FR: {'PD_1,PD_3': inf, 'PD_1,PD_4': inf, 'PD_1,PD_5': inf, 'PD_3,PD_4': inf, 'PD_3,PD_5': inf, 'PD_4,PD_5': inf}
  Computing metrics...
    RSI: {'PD_1,PD_3': 1.0, 'PD_1,PD_4': 1.0, 'PD_1,PD_5': 0.0, 'PD_3,PD_4': 1.0, 'PD_3,PD_5': 0.0, 'PD_4,PD_5': 0.0}, ASR: 1.0, TCB: {'PD_1': ['PD_3', 'PD_4'], 'PD_3': ['PD_1', 'PD_4'], 'PD_4': ['PD_1', 'PD_3'], 'PD_5': []}, FR: {'PD_1,PD_3': inf, 'PD_1,PD_4': inf, 'PD_1,PD_5': inf, 'PD_3,PD_4': inf, 'PD_3,PD_5': inf, 'PD_4,PD_5': inf}
  Computing metrics...
    RSI: {'PD_1,PD_3': 1.0, 'PD_1,PD_4': 1.0, 'PD_1,PD_5': 0.0, 'PD_3,PD_4': 1.0, 'PD_3,PD_5': 0.0, 'PD_4,PD_5': 0.0}, ASR: 1.0, TCB: {'PD_1': ['PD_3', 'PD_4'], 'PD_3': ['PD_1', 'PD_4'], 'PD_4': ['PD_1', 'PD_3'], 'PD_5': []}, FR: {'PD_1,PD_3': inf, 'PD_1,PD_4': inf, 'PD_1,PD_5': inf, 'PD_3,PD_4': inf, 'PD_3,PD_5': inf, 'PD_4,PD_5': inf}
  Computing metrics...
    RSI: {'PD_1,PD_3': 1.0, 'PD_1,PD_4': 1.0, 'PD_1,PD_5': 0.0, 'PD_3,PD_4': 1.0, 'PD_3,PD_5': 0.0, 'PD_4,PD_5': 0.0}, ASR: 1.0, TCB: {'PD_1': ['PD_3', 'PD_4'], 'PD_3': ['PD_1', 'PD_4'], 'PD_4': ['PD_1', 'PD_3'], 'PD_5': []}, FR: {'PD_1,PD_3': inf, 'PD_1,PD_4': inf, 'PD_1,PD_5': inf, 'PD_3,PD_4': inf, 'PD_3,PD_5': inf, 'PD_4,PD_5': inf}
  Computing metrics...
    RSI: {'PD_1,PD_3': 1.0, 'PD_1,PD_4': 1.0, 'PD_1,PD_5': 0.0, 'PD_3,PD_4': 1.0, 'PD_3,PD_5': 0.0, 'PD_4,PD_5': 0.0}, ASR: 1.0, TCB: {'PD_1': ['PD_3', 'PD_4'], 'PD_3': ['PD_1', 'PD_4'], 'PD_4': ['PD_1', 'PD_3'], 'PD_5': []}, FR: {'PD_1,PD_3': inf, 'PD_1,PD_4': inf, 'PD_1,PD_5': inf, 'PD_3,PD_4': inf, 'PD_3,PD_5': inf, 'PD_4,PD_5': inf}
  Computing metrics...
    RSI: {'PD_1,PD_3': 1.0, 'PD_1,PD_4': 1.0, 'PD_1,PD_5': 0.0, 'PD_3,PD_4': 1.0, 'PD_3,PD_5': 0.0, 'PD_4,PD_5': 0.0}, ASR: 1.0, TCB: {'PD_1': ['PD_3', 'PD_4'], 'PD_3': ['PD_1', 'PD_4'], 'PD_4': ['PD_1', 'PD_3'], 'PD_5': []}, FR: {'PD_1,PD_3': inf, 'PD_1,PD_4': inf, 'PD_1,PD_5': inf, 'PD_3,PD_4': inf, 'PD_3,PD_5': inf, 'PD_4,PD_5': inf}
  Computing metrics...
    RSI: {'PD_1,PD_3': 1.0, 'PD_1,PD_4': 1.0, 'PD_1,PD_5': 0.0, 'PD_3,PD_4': 1.0, 'PD_3,PD_5': 0.0, 'PD_4,PD_5': 0.0}, ASR: 1.0, TCB: {'PD_1': ['PD_3', 'PD_4'], 'PD_3': ['PD_1', 'PD_4'], 'PD_4': ['PD_1', 'PD_3'], 'PD_5': []}, FR: {'PD_1,PD_3': inf, 'PD_1,PD_4': inf, 'PD_1,PD_5': inf, 'PD_3,PD_4': inf, 'PD_3,PD_5': inf, 'PD_4,PD_5': inf}
  Computing metrics...
    RSI: {'PD_1,PD_3': 1.0, 'PD_1,PD_4': 1.0, 'PD_1,PD_5': 0.0, 'PD_3,PD_4': 1.0, 'PD_3,PD_5': 0.0, 'PD_4,PD_5': 0.0}, ASR: 1.0, TCB: {'PD_1': ['PD_3', 'PD_4'], 'PD_3': ['PD_1', 'PD_4'], 'PD_4': ['PD_1', 'PD_3'], 'PD_5': []}, FR: {'PD_1,PD_3': inf, 'PD_1,PD_4': inf, 'PD_1,PD_5': inf, 'PD_3,PD_4': inf, 'PD_3,PD_5': inf, 'PD_4,PD_5': inf}
  Computing metrics...
    RSI: {'PD_1,PD_3': 1.0, 'PD_1,PD_4': 1.0, 'PD_1,PD_5': 0.0, 'PD_3,PD_4': 1.0, 'PD_3,PD_5': 0.0, 'PD_4,PD_5': 0.0}, ASR: 1.0, TCB: {'PD_1': ['PD_3', 'PD_4'], 'PD_3': ['PD_1', 'PD_4'], 'PD_4': ['PD_1', 'PD_3'], 'PD_5': []}, FR: {'PD_1,PD_3': inf, 'PD_1,PD_4': inf, 'PD_1,PD_5': inf, 'PD_3,PD_4': inf, 'PD_3,PD_5': inf, 'PD_4,PD_5': inf}
  Computing metrics...
    RSI: {'PD_1,PD_3': 1.0, 'PD_1,PD_4': 1.0, 'PD_1,PD_5': 0.0, 'PD_3,PD_4': 1.0, 'PD_3,PD_5': 0.0, 'PD_4,PD_5': 0.0}, ASR: 1.0, TCB: {'PD_1': ['PD_3', 'PD_4'], 'PD_3': ['PD_1', 'PD_4'], 'PD_4': ['PD_1', 'PD_3'], 'PD_5': []}, FR: {'PD_1,PD_3': inf, 'PD_1,PD_4': inf, 'PD_1,PD_5': inf, 'PD_3,PD_4': inf, 'PD_3,PD_5': inf, 'PD_4,PD_5': inf}
  Computing metrics...
    RSI: {'PD_1,PD_3': 1.0, 'PD_1,PD_4': 1.0, 'PD_1,PD_5': 1.0, 'PD_3,PD_4': 1.0, 'PD_3,PD_5': 1.0, 'PD_4,PD_5': 1.0}, ASR: 1.25, TCB: {'PD_1': ['PD_3', 'PD_4', 'PD_5'], 'PD_3': ['PD_1', 'PD_4', 'PD_5'], 'PD_4': ['PD_1', 'PD_3', 'PD_5'], 'PD_5': ['PD_1', 'PD_3', 'PD_4']}, FR: {'PD_1,PD_3': inf, 'PD_1,PD_4': inf, 'PD_1,PD_5': inf, 'PD_3,PD_4': inf, 'PD_3,PD_5': inf, 'PD_4,PD_5': inf}
  Computing metrics...
    RSI: {'PD_1,PD_3': 1.0, 'PD_1,PD_4': 1.0, 'PD_1,PD_5': 0.0, 'PD_3,PD_4': 1.0, 'PD_3,PD_5': 0.0, 'PD_4,PD_5': 0.0}, ASR: 1.0, TCB: {'PD_1': ['PD_3', 'PD_4'], 'PD_3': ['PD_1', 'PD_4'], 'PD_4': ['PD_1', 'PD_3'], 'PD_5': []}, FR: {'PD_1,PD_3': inf, 'PD_1,PD_4': inf, 'PD_1,PD_5': inf, 'PD_3,PD_4': inf, 'PD_3,PD_5': inf, 'PD_4,PD_5': inf}
  Computing metrics...
    RSI: {'PD_1,PD_3': 1.0, 'PD_1,PD_4': 1.0, 'PD_1,PD_5': 0.0, 'PD_3,PD_4': 1.0, 'PD_3,PD_5': 0.0, 'PD_4,PD_5': 0.0}, ASR: 1.0, TCB: {'PD_1': ['PD_3', 'PD_4'], 'PD_3': ['PD_1', 'PD_4'], 'PD_4': ['PD_1', 'PD_3'], 'PD_5': []}, FR: {'PD_1,PD_3': inf, 'PD_1,PD_4': inf, 'PD_1,PD_5': inf, 'PD_3,PD_4': inf, 'PD_3,PD_5': inf, 'PD_4,PD_5': inf}
    remove_hold_edge candidate: remove PD_3 -> FILE_1_1 HOLD edge -> score: 0.100
  Computing metrics...
    RSI: {'PD_1,PD_3': 1.0, 'PD_1,PD_4': 1.0, 'PD_1,PD_5': 0.0, 'PD_3,PD_4': 1.0, 'PD_3,PD_5': 0.0, 'PD_4,PD_5': 0.0}, ASR: 1.0, TCB: {'PD_1': ['PD_3', 'PD_4'], 'PD_3': ['PD_1', 'PD_4'], 'PD_4': ['PD_1', 'PD_3'], 'PD_5': []}, FR: {'PD_1,PD_3': inf, 'PD_1,PD_4': inf, 'PD_1,PD_5': inf, 'PD_3,PD_4': inf, 'PD_3,PD_5': inf, 'PD_4,PD_5': inf}
  Computing metrics...
    RSI: {'PD_1,PD_3': 1.0, 'PD_1,PD_4': 1.0, 'PD_1,PD_5': 0.0, 'PD_3,PD_4': 1.0, 'PD_3,PD_5': 0.0, 'PD_4,PD_5': 0.0}, ASR: 1.0, TCB: {'PD_1': ['PD_3', 'PD_4'], 'PD_3': ['PD_1', 'PD_4'], 'PD_4': ['PD_1', 'PD_3'], 'PD_5': []}, FR: {'PD_1,PD_3': inf, 'PD_1,PD_4': inf, 'PD_1,PD_5': inf, 'PD_3,PD_4': inf, 'PD_3,PD_5': inf, 'PD_4,PD_5': inf}
    remove_hold_edge candidate: remove PD_4 -> FILE_1_1 HOLD edge -> score: 0.100
  Computing metrics...
    RSI: {'PD_1,PD_3': 1.0, 'PD_1,PD_4': 1.0, 'PD_1,PD_5': 0.0, 'PD_3,PD_4': 1.0, 'PD_3,PD_5': 0.0, 'PD_4,PD_5': 0.0}, ASR: 1.0, TCB: {'PD_1': ['PD_3', 'PD_4'], 'PD_3': ['PD_1', 'PD_4'], 'PD_4': ['PD_1', 'PD_3'], 'PD_5': []}, FR: {'PD_1,PD_3': inf, 'PD_1,PD_4': inf, 'PD_1,PD_5': inf, 'PD_3,PD_4': inf, 'PD_3,PD_5': inf, 'PD_4,PD_5': inf}
  Computing metrics...
    RSI: {'PD_1,PD_3': 1.0, 'PD_1,PD_4': 1.0, 'PD_1,PD_5': 0.0, 'PD_3,PD_4': 1.0, 'PD_3,PD_5': 0.0, 'PD_4,PD_5': 0.0}, ASR: 1.25, TCB: {'PD_1': ['PD_3', 'PD_4'], 'PD_3': ['PD_1', 'PD_4'], 'PD_4': ['PD_1', 'PD_3'], 'PD_5': []}, FR: {'PD_1,PD_3': inf, 'PD_1,PD_4': inf, 'PD_1,PD_5': inf, 'PD_3,PD_4': inf, 'PD_3,PD_5': inf, 'PD_4,PD_5': inf}
  Computing metrics...
    RSI: {'PD_1,PD_3': 1.0, 'PD_1,PD_4': 1.0, 'PD_1,PD_5': 0.0, 'PD_3,PD_4': 1.0, 'PD_3,PD_5': 0.0, 'PD_4,PD_5': 0.0}, ASR: 1.0, TCB: {'PD_1': ['PD_3', 'PD_4'], 'PD_3': ['PD_1', 'PD_4'], 'PD_4': ['PD_1', 'PD_3'], 'PD_5': []}, FR: {'PD_1,PD_3': inf, 'PD_1,PD_4': inf, 'PD_1,PD_5': inf, 'PD_3,PD_4': inf, 'PD_3,PD_5': inf, 'PD_4,PD_5': inf}
  Computing metrics...
    RSI: {'PD_1,PD_3': 1.0, 'PD_1,PD_4': 1.0, 'PD_1,PD_5': 0.0, 'PD_3,PD_4': 1.0, 'PD_3,PD_5': 0.0, 'PD_4,PD_5': 0.0}, ASR: 1.25, TCB: {'PD_1': ['PD_3', 'PD_5', 'PD_4'], 'PD_3': ['PD_1', 'PD_4'], 'PD_4': ['PD_1', 'PD_3'], 'PD_5': []}, FR: {'PD_1,PD_3': inf, 'PD_1,PD_4': inf, 'PD_1,PD_5': inf, 'PD_3,PD_4': inf, 'PD_3,PD_5': inf, 'PD_4,PD_5': inf}
  Computing metrics...
    RSI: {'PD_1,PD_3': 1.0, 'PD_1,PD_4': 1.0, 'PD_1,PD_5': 0.0, 'PD_3,PD_4': 1.0, 'PD_3,PD_5': 0.0, 'PD_4,PD_5': 0.0}, ASR: 1.0, TCB: {'PD_1': ['PD_3', 'PD_4'], 'PD_3': ['PD_1', 'PD_4'], 'PD_4': ['PD_1', 'PD_3'], 'PD_5': []}, FR: {'PD_1,PD_3': inf, 'PD_1,PD_4': inf, 'PD_1,PD_5': inf, 'PD_3,PD_4': inf, 'PD_3,PD_5': inf, 'PD_4,PD_5': inf}
  Computing metrics...
    RSI: {'PD_1,PD_3': 1.0, 'PD_1,PD_4': 1.0, 'PD_1,PD_5': 0.0, 'PD_3,PD_4': 1.0, 'PD_3,PD_5': 0.0, 'PD_4,PD_5': 0.0}, ASR: 1.25, TCB: {'PD_1': ['PD_3', 'PD_4'], 'PD_3': ['PD_1', 'PD_4'], 'PD_4': ['PD_1', 'PD_3'], 'PD_5': []}, FR: {'PD_1,PD_3': inf, 'PD_1,PD_4': inf, 'PD_1,PD_5': inf, 'PD_3,PD_4': inf, 'PD_3,PD_5': inf, 'PD_4,PD_5': inf}
  Computing metrics...
    RSI: {'PD_1,PD_3': 1.0, 'PD_1,PD_4': 1.0, 'PD_1,PD_5': 0.0, 'PD_3,PD_4': 1.0, 'PD_3,PD_5': 0.0, 'PD_4,PD_5': 0.0}, ASR: 1.0, TCB: {'PD_1': ['PD_3', 'PD_4'], 'PD_3': ['PD_1', 'PD_4'], 'PD_4': ['PD_1', 'PD_3'], 'PD_5': []}, FR: {'PD_1,PD_3': inf, 'PD_1,PD_4': inf, 'PD_1,PD_5': inf, 'PD_3,PD_4': inf, 'PD_3,PD_5': inf, 'PD_4,PD_5': inf}
  Computing metrics...
    RSI: {'PD_1,PD_3': 1.0, 'PD_1,PD_4': 1.0, 'PD_1,PD_5': 0.0, 'PD_3,PD_4': 1.0, 'PD_3,PD_5': 0.0, 'PD_4,PD_5': 0.0}, ASR: 1.25, TCB: {'PD_1': ['PD_3', 'PD_4'], 'PD_3': ['PD_4', 'PD_1'], 'PD_4': ['PD_1', 'PD_3'], 'PD_5': []}, FR: {'PD_1,PD_3': 3, 'PD_1,PD_4': inf, 'PD_1,PD_5': inf, 'PD_3,PD_4': inf, 'PD_3,PD_5': inf, 'PD_4,PD_5': inf}
  Computing metrics...
    RSI: {'PD_1,PD_3': 1.0, 'PD_1,PD_4': 1.0, 'PD_1,PD_5': 0.0, 'PD_3,PD_4': 1.0, 'PD_3,PD_5': 0.0, 'PD_4,PD_5': 0.0}, ASR: 1.0, TCB: {'PD_1': ['PD_3', 'PD_4'], 'PD_3': ['PD_1', 'PD_4'], 'PD_4': ['PD_1', 'PD_3'], 'PD_5': []}, FR: {'PD_1,PD_3': inf, 'PD_1,PD_4': inf, 'PD_1,PD_5': inf, 'PD_3,PD_4': inf, 'PD_3,PD_5': inf, 'PD_4,PD_5': inf}
  Computing metrics...
    RSI: {'PD_1,PD_3': 1.0, 'PD_1,PD_4': 1.0, 'PD_1,PD_5': 0.0, 'PD_3,PD_4': 1.0, 'PD_3,PD_5': 0.0, 'PD_4,PD_5': 0.0}, ASR: 1.25, TCB: {'PD_1': ['PD_3', 'PD_4'], 'PD_3': ['PD_5', 'PD_1', 'PD_4'], 'PD_4': ['PD_1', 'PD_3'], 'PD_5': []}, FR: {'PD_1,PD_3': 3, 'PD_1,PD_4': inf, 'PD_1,PD_5': inf, 'PD_3,PD_4': inf, 'PD_3,PD_5': inf, 'PD_4,PD_5': inf}
  Computing metrics...
    RSI: {'PD_1,PD_3': 1.0, 'PD_1,PD_4': 1.0, 'PD_1,PD_5': 0.0, 'PD_3,PD_4': 1.0, 'PD_3,PD_5': 0.0, 'PD_4,PD_5': 0.0}, ASR: 1.0, TCB: {'PD_1': ['PD_3', 'PD_4'], 'PD_3': ['PD_1', 'PD_4'], 'PD_4': ['PD_1', 'PD_3'], 'PD_5': []}, FR: {'PD_1,PD_3': inf, 'PD_1,PD_4': inf, 'PD_1,PD_5': inf, 'PD_3,PD_4': inf, 'PD_3,PD_5': inf, 'PD_4,PD_5': inf}
  Computing metrics...
    RSI: {'PD_1,PD_3': 1.0, 'PD_1,PD_4': 1.0, 'PD_1,PD_5': 0.0, 'PD_3,PD_4': 1.0, 'PD_3,PD_5': 0.0, 'PD_4,PD_5': 0.0}, ASR: 1.25, TCB: {'PD_1': ['PD_3', 'PD_4'], 'PD_3': ['PD_1', 'PD_4'], 'PD_4': ['PD_1', 'PD_3'], 'PD_5': []}, FR: {'PD_1,PD_3': inf, 'PD_1,PD_4': 3, 'PD_1,PD_5': inf, 'PD_3,PD_4': inf, 'PD_3,PD_5': inf, 'PD_4,PD_5': inf}
  Computing metrics...
    RSI: {'PD_1,PD_3': 1.0, 'PD_1,PD_4': 1.0, 'PD_1,PD_5': 0.0, 'PD_3,PD_4': 1.0, 'PD_3,PD_5': 0.0, 'PD_4,PD_5': 0.0}, ASR: 1.0, TCB: {'PD_1': ['PD_3', 'PD_4'], 'PD_3': ['PD_1', 'PD_4'], 'PD_4': ['PD_1', 'PD_3'], 'PD_5': []}, FR: {'PD_1,PD_3': inf, 'PD_1,PD_4': inf, 'PD_1,PD_5': inf, 'PD_3,PD_4': inf, 'PD_3,PD_5': inf, 'PD_4,PD_5': inf}
  Computing metrics...
    RSI: {'PD_1,PD_3': 1.0, 'PD_1,PD_4': 1.0, 'PD_1,PD_5': 0.0, 'PD_3,PD_4': 1.0, 'PD_3,PD_5': 0.0, 'PD_4,PD_5': 0.0}, ASR: 1.25, TCB: {'PD_1': ['PD_3', 'PD_4'], 'PD_3': ['PD_1', 'PD_4'], 'PD_4': ['PD_3', 'PD_1'], 'PD_5': []}, FR: {'PD_1,PD_3': inf, 'PD_1,PD_4': 2, 'PD_1,PD_5': inf, 'PD_3,PD_4': inf, 'PD_3,PD_5': inf, 'PD_4,PD_5': inf}
  Computing metrics...
    RSI: {'PD_1,PD_3': 1.0, 'PD_1,PD_4': 1.0, 'PD_1,PD_5': 0.0, 'PD_3,PD_4': 1.0, 'PD_3,PD_5': 0.0, 'PD_4,PD_5': 0.0}, ASR: 1.0, TCB: {'PD_1': ['PD_3', 'PD_4'], 'PD_3': ['PD_1', 'PD_4'], 'PD_4': ['PD_1', 'PD_3'], 'PD_5': []}, FR: {'PD_1,PD_3': inf, 'PD_1,PD_4': inf, 'PD_1,PD_5': inf, 'PD_3,PD_4': inf, 'PD_3,PD_5': inf, 'PD_4,PD_5': inf}
  Computing metrics...
    RSI: {'PD_1,PD_3': 1.0, 'PD_1,PD_4': 1.0, 'PD_1,PD_5': 0.0, 'PD_3,PD_4': 1.0, 'PD_3,PD_5': 0.0, 'PD_4,PD_5': 0.0}, ASR: 1.25, TCB: {'PD_1': ['PD_3', 'PD_4'], 'PD_3': ['PD_1', 'PD_4'], 'PD_4': ['PD_5', 'PD_1', 'PD_3'], 'PD_5': []}, FR: {'PD_1,PD_3': inf, 'PD_1,PD_4': inf, 'PD_1,PD_5': inf, 'PD_3,PD_4': inf, 'PD_3,PD_5': inf, 'PD_4,PD_5': inf}
  Computing metrics...
    RSI: {'PD_1,PD_3': 1.0, 'PD_1,PD_4': 1.0, 'PD_1,PD_5': 0.0, 'PD_3,PD_4': 1.0, 'PD_3,PD_5': 0.0, 'PD_4,PD_5': 0.0}, ASR: 1.0, TCB: {'PD_1': ['PD_3', 'PD_4'], 'PD_3': ['PD_1', 'PD_4'], 'PD_4': ['PD_1', 'PD_3'], 'PD_5': []}, FR: {'PD_1,PD_3': inf, 'PD_1,PD_4': inf, 'PD_1,PD_5': inf, 'PD_3,PD_4': inf, 'PD_3,PD_5': inf, 'PD_4,PD_5': inf}
  Computing metrics...
    RSI: {'PD_1,PD_3': 1.0, 'PD_1,PD_4': 1.0, 'PD_1,PD_5': 0.0, 'PD_3,PD_4': 1.0, 'PD_3,PD_5': 0.0, 'PD_4,PD_5': 0.0}, ASR: 1.25, TCB: {'PD_1': ['PD_3', 'PD_4'], 'PD_3': ['PD_1', 'PD_4'], 'PD_4': ['PD_1', 'PD_3'], 'PD_5': ['PD_1']}, FR: {'PD_1,PD_3': inf, 'PD_1,PD_4': inf, 'PD_1,PD_5': 3, 'PD_3,PD_4': inf, 'PD_3,PD_5': inf, 'PD_4,PD_5': inf}
  Computing metrics...
    RSI: {'PD_1,PD_3': 1.0, 'PD_1,PD_4': 1.0, 'PD_1,PD_5': 0.0, 'PD_3,PD_4': 1.0, 'PD_3,PD_5': 0.0, 'PD_4,PD_5': 0.0}, ASR: 1.0, TCB: {'PD_1': ['PD_3', 'PD_4'], 'PD_3': ['PD_1', 'PD_4'], 'PD_4': ['PD_1', 'PD_3'], 'PD_5': []}, FR: {'PD_1,PD_3': inf, 'PD_1,PD_4': inf, 'PD_1,PD_5': inf, 'PD_3,PD_4': inf, 'PD_3,PD_5': inf, 'PD_4,PD_5': inf}
  Computing metrics...
    RSI: {'PD_1,PD_3': 1.0, 'PD_1,PD_4': 1.0, 'PD_1,PD_5': 0.0, 'PD_3,PD_4': 1.0, 'PD_3,PD_5': 0.0, 'PD_4,PD_5': 0.0}, ASR: 1.25, TCB: {'PD_1': ['PD_3', 'PD_4'], 'PD_3': ['PD_1', 'PD_4'], 'PD_4': ['PD_1', 'PD_3'], 'PD_5': ['PD_3']}, FR: {'PD_1,PD_3': inf, 'PD_1,PD_4': inf, 'PD_1,PD_5': 2, 'PD_3,PD_4': inf, 'PD_3,PD_5': inf, 'PD_4,PD_5': inf}
  Computing metrics...
    RSI: {'PD_1,PD_3': 1.0, 'PD_1,PD_4': 1.0, 'PD_1,PD_5': 0.0, 'PD_3,PD_4': 1.0, 'PD_3,PD_5': 0.0, 'PD_4,PD_5': 0.0}, ASR: 1.0, TCB: {'PD_1': ['PD_3', 'PD_4'], 'PD_3': ['PD_1', 'PD_4'], 'PD_4': ['PD_1', 'PD_3'], 'PD_5': []}, FR: {'PD_1,PD_3': inf, 'PD_1,PD_4': inf, 'PD_1,PD_5': inf, 'PD_3,PD_4': inf, 'PD_3,PD_5': inf, 'PD_4,PD_5': inf}
  Computing metrics...
    RSI: {'PD_1,PD_3': 1.0, 'PD_1,PD_4': 1.0, 'PD_1,PD_5': 0.0, 'PD_3,PD_4': 1.0, 'PD_3,PD_5': 0.0, 'PD_4,PD_5': 0.0}, ASR: 1.25, TCB: {'PD_1': ['PD_3', 'PD_4'], 'PD_3': ['PD_1', 'PD_4'], 'PD_4': ['PD_1', 'PD_3'], 'PD_5': ['PD_4']}, FR: {'PD_1,PD_3': inf, 'PD_1,PD_4': inf, 'PD_1,PD_5': inf, 'PD_3,PD_4': inf, 'PD_3,PD_5': inf, 'PD_4,PD_5': inf}
  Computing metrics...
    RSI: {'PD_1,PD_3': 1.0, 'PD_1,PD_4': 1.0, 'PD_1,PD_5': 0.0, 'PD_3,PD_4': 1.0, 'PD_3,PD_5': 0.0, 'PD_4,PD_5': 0.0}, ASR: 1.0, TCB: {'PD_1': ['PD_3', 'PD_4'], 'PD_3': ['PD_1', 'PD_4'], 'PD_4': ['PD_1', 'PD_3'], 'PD_5': []}, FR: {'PD_1,PD_3': inf, 'PD_1,PD_4': inf, 'PD_1,PD_5': inf, 'PD_3,PD_4': inf, 'PD_3,PD_5': inf, 'PD_4,PD_5': inf}
  Computing metrics...
    RSI: {'PD_1,PD_3': 1.0, 'PD_1,PD_4': 1.0, 'PD_1,PD_5': 0.0, 'PD_3,PD_4': 1.0, 'PD_3,PD_5': 0.0, 'PD_4,PD_5': 0.0}, ASR: 1.0, TCB: {'PD_1': ['PD_3', 'PD_4'], 'PD_3': ['PD_1', 'PD_4'], 'PD_4': ['PD_1', 'PD_3'], 'PD_5': []}, FR: {'PD_1,PD_3': inf, 'PD_1,PD_4': inf, 'PD_1,PD_5': inf, 'PD_3,PD_4': inf, 'PD_3,PD_5': inf, 'PD_4,PD_5': inf}
  Computing metrics...
    RSI: {'PD_1,PD_3': 1.0, 'PD_1,PD_4': 1.0, 'PD_1,PD_5': 0.0, 'PD_3,PD_4': 1.0, 'PD_3,PD_5': 0.0, 'PD_4,PD_5': 0.0}, ASR: 1.0, TCB: {'PD_1': ['PD_3', 'PD_4'], 'PD_3': ['PD_1', 'PD_4'], 'PD_4': ['PD_1', 'PD_3'], 'PD_5': []}, FR: {'PD_1,PD_3': inf, 'PD_1,PD_4': inf, 'PD_1,PD_5': inf, 'PD_3,PD_4': inf, 'PD_3,PD_5': inf, 'PD_4,PD_5': inf}
  Computing metrics...
    RSI: {'PD_1,PD_3': 1.0, 'PD_1,PD_4': 1.0, 'PD_1,PD_5': 0.0, 'PD_3,PD_4': 1.0, 'PD_3,PD_5': 0.0, 'PD_4,PD_5': 0.0}, ASR: 1.0, TCB: {'PD_1': ['PD_3', 'PD_4'], 'PD_3': ['PD_1', 'PD_4'], 'PD_4': ['PD_1', 'PD_3'], 'PD_5': []}, FR: {'PD_1,PD_3': inf, 'PD_1,PD_4': inf, 'PD_1,PD_5': inf, 'PD_3,PD_4': inf, 'PD_3,PD_5': inf, 'PD_4,PD_5': inf}
  🚫 Filtered out 0 'add_pd(add new protection domain to help resolve 2 constraint violation(s))' candidates (avoiding repetition)
  Trying best transition: primitive
    Target: connect PD_5 to FILE_1_1
    Predicted improvement: 1.100
    Considered 22 other option(s):
      1. primitive: add new protection domain to help resolve 2 constraint violation(s) (improvement: 0.100)
      2. primitive: remove empty PD_5 (improvement: 0.100)
      3. primitive: create new CONFIG file in FILE_SPACE_1 (improvement: 0.100)
      4. primitive: create new DATABASE file in FILE_SPACE_1 (improvement: 0.100)
      5. primitive: create new TEMP file in FILE_SPACE_1 (improvement: 0.100)
      6. primitive: create new LOG file in FILE_SPACE_1 (improvement: 0.100)
      7. primitive: remove FILE_1_1 (holders: 3) (improvement: 0.100)
      8. primitive: remove PD_3 -> FILE_1_1 HOLD edge (improvement: 0.100)
      9. primitive: remove PD_4 -> FILE_1_1 HOLD edge (improvement: 0.100)
      10. primitive: enable indirect access: PD_1 -> PD_4 (improvement: 0.100)
      ... and 12 more
    ✅ Applied add_hold_edge
  📋 Generated 23 candidate(s)
  Computing metrics...
    RSI: {'PD_1,PD_3': 1.0, 'PD_1,PD_4': 1.0, 'PD_1,PD_5': 1.0, 'PD_3,PD_4': 1.0, 'PD_3,PD_5': 1.0, 'PD_4,PD_5': 1.0}, ASR: 1.25, TCB: {'PD_1': ['PD_3', 'PD_4', 'PD_5'], 'PD_3': ['PD_1', 'PD_4', 'PD_5'], 'PD_4': ['PD_1', 'PD_3', 'PD_5'], 'PD_5': ['PD_1', 'PD_3', 'PD_4']}, FR: {'PD_1,PD_3': inf, 'PD_1,PD_4': inf, 'PD_1,PD_5': inf, 'PD_3,PD_4': inf, 'PD_3,PD_5': inf, 'PD_4,PD_5': inf}
    ✅ Added candidate: add_hold_edge (score: 1.100)
  Computing metrics...
    RSI: {'PD_1,PD_3': 1.0, 'PD_1,PD_4': 1.0, 'PD_1,PD_5': 0.0, 'PD_1,PD_6': 0.0, 'PD_3,PD_4': 1.0, 'PD_3,PD_5': 0.0, 'PD_3,PD_6': 0.0, 'PD_4,PD_5': 0.0, 'PD_4,PD_6': 0.0, 'PD_5,PD_6': 0.0}, ASR: 0.8, TCB: {'PD_1': ['PD_3', 'PD_4'], 'PD_3': ['PD_1', 'PD_4'], 'PD_4': ['PD_1', 'PD_3'], 'PD_5': [], 'PD_6': []}, FR: {'PD_1,PD_3': inf, 'PD_1,PD_4': inf, 'PD_1,PD_5': inf, 'PD_1,PD_6': inf, 'PD_3,PD_4': inf, 'PD_3,PD_5': inf, 'PD_3,PD_6': inf, 'PD_4,PD_5': inf, 'PD_4,PD_6': inf, 'PD_5,PD_6': inf}
    ✅ Added candidate: add_pd (score: 0.100)

📊 Next beam (3 states):
  Beam[0]: BeamState(iter=4, score=1.100, path=add_hold_edge(connect PD_2 to FILE_1_1) → add_pd(add new protection domain to help resolve 2 constraint violation(s)) → add_hold_edge(connect PD_5 to FILE_1_1))
  Beam[1]: BeamState(iter=4, score=1.100, path=add_hold_edge(connect PD_1 to FILE_1_1) → add_pd(add new protection domain to help resolve 2 constraint violation(s)) → add_hold_edge(connect PD_5 to FILE_1_1))
  Beam[2]: BeamState(iter=4, score=0.767, path=add_hold_edge(connect PD_2 to FILE_1_1) → add_file_resource(create new CONFIG file in FILE_SPACE_1) → add_hold_edge(connect PD_2 to orphaned resource FILE_1_2))
💡 Total candidates generated: 6
🎯 Mechanisms discovered so far: 0

============================================================
🔍 Beam Search Iteration 5/8
📊 Current beam size: 3
  Beam[0]: BeamState(iter=4, score=1.100, path=add_hold_edge(connect PD_2 to FILE_1_1) → add_pd(add new protection domain to help resolve 2 constraint violation(s)) → add_hold_edge(connect PD_5 to FILE_1_1))
  Beam[1]: BeamState(iter=4, score=1.100, path=add_hold_edge(connect PD_1 to FILE_1_1) → add_pd(add new protection domain to help resolve 2 constraint violation(s)) → add_hold_edge(connect PD_5 to FILE_1_1))
  Beam[2]: BeamState(iter=4, score=0.767, path=add_hold_edge(connect PD_2 to FILE_1_1) → add_file_resource(create new CONFIG file in FILE_SPACE_1) → add_hold_edge(connect PD_2 to orphaned resource FILE_1_2))

🌟 Expanding Beam[0] (score: 1.100)
  ⚠️  Constraints violated: PD_1 lacks any access to FILE_1_1; PD_1 lacks access to any files
  Computing metrics...
    RSI: {'PD_2,PD_3': 1.0, 'PD_2,PD_4': 1.0, 'PD_2,PD_5': 1.0, 'PD_3,PD_4': 1.0, 'PD_3,PD_5': 1.0, 'PD_4,PD_5': 1.0}, ASR: 1.25, TCB: {'PD_2': ['PD_4', 'PD_3', 'PD_5'], 'PD_3': ['PD_2', 'PD_4', 'PD_5'], 'PD_4': ['PD_2', 'PD_3', 'PD_5'], 'PD_5': ['PD_2', 'PD_3', 'PD_4']}, FR: {'PD_2,PD_3': inf, 'PD_2,PD_4': inf, 'PD_2,PD_5': inf, 'PD_3,PD_4': inf, 'PD_3,PD_5': inf, 'PD_4,PD_5': inf}
  Computing metrics...
    RSI: {'PD_2,PD_3': 1.0, 'PD_2,PD_4': 1.0, 'PD_2,PD_5': 1.0, 'PD_3,PD_4': 1.0, 'PD_3,PD_5': 1.0, 'PD_4,PD_5': 1.0}, ASR: 1.25, TCB: {'PD_2': ['PD_4', 'PD_3', 'PD_5'], 'PD_3': ['PD_2', 'PD_4', 'PD_5'], 'PD_4': ['PD_2', 'PD_3', 'PD_5'], 'PD_5': ['PD_2', 'PD_3', 'PD_4']}, FR: {'PD_2,PD_3': inf, 'PD_2,PD_4': inf, 'PD_2,PD_5': inf, 'PD_3,PD_4': inf, 'PD_3,PD_5': inf, 'PD_4,PD_5': inf}
  Computing metrics...
    RSI: {'PD_2,PD_3': 1.0, 'PD_2,PD_4': 1.0, 'PD_2,PD_5': 1.0, 'PD_3,PD_4': 1.0, 'PD_3,PD_5': 1.0, 'PD_4,PD_5': 1.0}, ASR: 1.25, TCB: {'PD_2': ['PD_4', 'PD_3', 'PD_5'], 'PD_3': ['PD_2', 'PD_4', 'PD_5'], 'PD_4': ['PD_2', 'PD_3', 'PD_5'], 'PD_5': ['PD_2', 'PD_3', 'PD_4']}, FR: {'PD_2,PD_3': inf, 'PD_2,PD_4': inf, 'PD_2,PD_5': inf, 'PD_3,PD_4': inf, 'PD_3,PD_5': inf, 'PD_4,PD_5': inf}
  Computing metrics...
    RSI: {'PD_2,PD_3': 1.0, 'PD_2,PD_4': 1.0, 'PD_2,PD_5': 1.0, 'PD_3,PD_4': 1.0, 'PD_3,PD_5': 1.0, 'PD_4,PD_5': 1.0}, ASR: 1.25, TCB: {'PD_2': ['PD_4', 'PD_3', 'PD_5'], 'PD_3': ['PD_2', 'PD_4', 'PD_5'], 'PD_4': ['PD_2', 'PD_3', 'PD_5'], 'PD_5': ['PD_2', 'PD_3', 'PD_4']}, FR: {'PD_2,PD_3': inf, 'PD_2,PD_4': inf, 'PD_2,PD_5': inf, 'PD_3,PD_4': inf, 'PD_3,PD_5': inf, 'PD_4,PD_5': inf}
  Computing metrics...
    RSI: {'PD_2,PD_3': 1.0, 'PD_2,PD_4': 1.0, 'PD_2,PD_5': 1.0, 'PD_3,PD_4': 1.0, 'PD_3,PD_5': 1.0, 'PD_4,PD_5': 1.0}, ASR: 1.25, TCB: {'PD_2': ['PD_4', 'PD_3', 'PD_5'], 'PD_3': ['PD_2', 'PD_4', 'PD_5'], 'PD_4': ['PD_2', 'PD_3', 'PD_5'], 'PD_5': ['PD_2', 'PD_3', 'PD_4']}, FR: {'PD_2,PD_3': inf, 'PD_2,PD_4': inf, 'PD_2,PD_5': inf, 'PD_3,PD_4': inf, 'PD_3,PD_5': inf, 'PD_4,PD_5': inf}
  Computing metrics...
    RSI: {'PD_2,PD_3': 1.0, 'PD_2,PD_4': 1.0, 'PD_2,PD_5': 1.0, 'PD_3,PD_4': 1.0, 'PD_3,PD_5': 1.0, 'PD_4,PD_5': 1.0}, ASR: 1.25, TCB: {'PD_2': ['PD_4', 'PD_3', 'PD_5'], 'PD_3': ['PD_2', 'PD_4', 'PD_5'], 'PD_4': ['PD_2', 'PD_3', 'PD_5'], 'PD_5': ['PD_2', 'PD_3', 'PD_4']}, FR: {'PD_2,PD_3': inf, 'PD_2,PD_4': inf, 'PD_2,PD_5': inf, 'PD_3,PD_4': inf, 'PD_3,PD_5': inf, 'PD_4,PD_5': inf}
  Computing metrics...
    RSI: {'PD_2,PD_3': 1.0, 'PD_2,PD_4': 1.0, 'PD_2,PD_5': 1.0, 'PD_3,PD_4': 1.0, 'PD_3,PD_5': 1.0, 'PD_4,PD_5': 1.0}, ASR: 1.25, TCB: {'PD_2': ['PD_4', 'PD_3', 'PD_5'], 'PD_3': ['PD_2', 'PD_4', 'PD_5'], 'PD_4': ['PD_2', 'PD_3', 'PD_5'], 'PD_5': ['PD_2', 'PD_3', 'PD_4']}, FR: {'PD_2,PD_3': inf, 'PD_2,PD_4': inf, 'PD_2,PD_5': inf, 'PD_3,PD_4': inf, 'PD_3,PD_5': inf, 'PD_4,PD_5': inf}
  Computing metrics...
    RSI: {'PD_2,PD_3': 1.0, 'PD_2,PD_4': 1.0, 'PD_2,PD_5': 1.0, 'PD_3,PD_4': 1.0, 'PD_3,PD_5': 1.0, 'PD_4,PD_5': 1.0}, ASR: 1.25, TCB: {'PD_2': ['PD_4', 'PD_3', 'PD_5'], 'PD_3': ['PD_2', 'PD_4', 'PD_5'], 'PD_4': ['PD_2', 'PD_3', 'PD_5'], 'PD_5': ['PD_2', 'PD_3', 'PD_4']}, FR: {'PD_2,PD_3': inf, 'PD_2,PD_4': inf, 'PD_2,PD_5': inf, 'PD_3,PD_4': inf, 'PD_3,PD_5': inf, 'PD_4,PD_5': inf}
  Computing metrics...
    RSI: {'PD_2,PD_3': 1.0, 'PD_2,PD_4': 1.0, 'PD_2,PD_5': 1.0, 'PD_3,PD_4': 1.0, 'PD_3,PD_5': 1.0, 'PD_4,PD_5': 1.0}, ASR: 1.25, TCB: {'PD_2': ['PD_4', 'PD_3', 'PD_5'], 'PD_3': ['PD_2', 'PD_4', 'PD_5'], 'PD_4': ['PD_2', 'PD_3', 'PD_5'], 'PD_5': ['PD_2', 'PD_3', 'PD_4']}, FR: {'PD_2,PD_3': inf, 'PD_2,PD_4': inf, 'PD_2,PD_5': inf, 'PD_3,PD_4': inf, 'PD_3,PD_5': inf, 'PD_4,PD_5': inf}
  Computing metrics...
    RSI: {'PD_2,PD_3': 1.0, 'PD_2,PD_4': 1.0, 'PD_2,PD_5': 1.0, 'PD_3,PD_4': 1.0, 'PD_3,PD_5': 1.0, 'PD_4,PD_5': 1.0}, ASR: 1.25, TCB: {'PD_2': ['PD_4', 'PD_3', 'PD_5'], 'PD_3': ['PD_2', 'PD_4', 'PD_5'], 'PD_4': ['PD_2', 'PD_3', 'PD_5'], 'PD_5': ['PD_2', 'PD_3', 'PD_4']}, FR: {'PD_2,PD_3': inf, 'PD_2,PD_4': inf, 'PD_2,PD_5': inf, 'PD_3,PD_4': inf, 'PD_3,PD_5': inf, 'PD_4,PD_5': inf}
  Computing metrics...
    RSI: {'PD_2,PD_3': 1.0, 'PD_2,PD_4': 1.0, 'PD_2,PD_5': 1.0, 'PD_3,PD_4': 1.0, 'PD_3,PD_5': 1.0, 'PD_4,PD_5': 1.0}, ASR: 1.25, TCB: {'PD_2': ['PD_4', 'PD_3', 'PD_5'], 'PD_3': ['PD_2', 'PD_4', 'PD_5'], 'PD_4': ['PD_2', 'PD_3', 'PD_5'], 'PD_5': ['PD_2', 'PD_3', 'PD_4']}, FR: {'PD_2,PD_3': inf, 'PD_2,PD_4': inf, 'PD_2,PD_5': inf, 'PD_3,PD_4': inf, 'PD_3,PD_5': inf, 'PD_4,PD_5': inf}
  Computing metrics...
    RSI: {'PD_2,PD_3': 1.0, 'PD_2,PD_4': 1.0, 'PD_2,PD_5': 1.0, 'PD_3,PD_4': 1.0, 'PD_3,PD_5': 1.0, 'PD_4,PD_5': 1.0}, ASR: 1.25, TCB: {'PD_2': ['PD_4', 'PD_3', 'PD_5'], 'PD_3': ['PD_2', 'PD_4', 'PD_5'], 'PD_4': ['PD_2', 'PD_3', 'PD_5'], 'PD_5': ['PD_2', 'PD_3', 'PD_4']}, FR: {'PD_2,PD_3': inf, 'PD_2,PD_4': inf, 'PD_2,PD_5': inf, 'PD_3,PD_4': inf, 'PD_3,PD_5': inf, 'PD_4,PD_5': inf}
  Computing metrics...
    RSI: {'PD_2,PD_3': 1.0, 'PD_2,PD_4': 1.0, 'PD_2,PD_5': 1.0, 'PD_3,PD_4': 1.0, 'PD_3,PD_5': 1.0, 'PD_4,PD_5': 1.0}, ASR: 1.25, TCB: {'PD_2': ['PD_4', 'PD_3', 'PD_5'], 'PD_3': ['PD_2', 'PD_4', 'PD_5'], 'PD_4': ['PD_2', 'PD_3', 'PD_5'], 'PD_5': ['PD_2', 'PD_3', 'PD_4']}, FR: {'PD_2,PD_3': inf, 'PD_2,PD_4': inf, 'PD_2,PD_5': inf, 'PD_3,PD_4': inf, 'PD_3,PD_5': inf, 'PD_4,PD_5': inf}
  Computing metrics...
    RSI: {'PD_2,PD_3': 1.0, 'PD_2,PD_4': 1.0, 'PD_2,PD_5': 1.0, 'PD_3,PD_4': 1.0, 'PD_3,PD_5': 1.0, 'PD_4,PD_5': 1.0}, ASR: 1.25, TCB: {'PD_2': ['PD_4', 'PD_3', 'PD_5'], 'PD_3': ['PD_2', 'PD_4', 'PD_5'], 'PD_4': ['PD_2', 'PD_3', 'PD_5'], 'PD_5': ['PD_2', 'PD_3', 'PD_4']}, FR: {'PD_2,PD_3': inf, 'PD_2,PD_4': inf, 'PD_2,PD_5': inf, 'PD_3,PD_4': inf, 'PD_3,PD_5': inf, 'PD_4,PD_5': inf}
    remove_hold_edge candidate: remove PD_3 -> FILE_1_1 HOLD edge -> score: 0.100
  Computing metrics...
    RSI: {'PD_2,PD_3': 1.0, 'PD_2,PD_4': 1.0, 'PD_2,PD_5': 1.0, 'PD_3,PD_4': 1.0, 'PD_3,PD_5': 1.0, 'PD_4,PD_5': 1.0}, ASR: 1.25, TCB: {'PD_2': ['PD_4', 'PD_3', 'PD_5'], 'PD_3': ['PD_2', 'PD_4', 'PD_5'], 'PD_4': ['PD_2', 'PD_3', 'PD_5'], 'PD_5': ['PD_2', 'PD_3', 'PD_4']}, FR: {'PD_2,PD_3': inf, 'PD_2,PD_4': inf, 'PD_2,PD_5': inf, 'PD_3,PD_4': inf, 'PD_3,PD_5': inf, 'PD_4,PD_5': inf}
  Computing metrics...
    RSI: {'PD_2,PD_3': 1.0, 'PD_2,PD_4': 1.0, 'PD_2,PD_5': 1.0, 'PD_3,PD_4': 1.0, 'PD_3,PD_5': 1.0, 'PD_4,PD_5': 1.0}, ASR: 1.25, TCB: {'PD_2': ['PD_4', 'PD_3', 'PD_5'], 'PD_3': ['PD_2', 'PD_4', 'PD_5'], 'PD_4': ['PD_2', 'PD_3', 'PD_5'], 'PD_5': ['PD_2', 'PD_3', 'PD_4']}, FR: {'PD_2,PD_3': inf, 'PD_2,PD_4': inf, 'PD_2,PD_5': inf, 'PD_3,PD_4': inf, 'PD_3,PD_5': inf, 'PD_4,PD_5': inf}
    remove_hold_edge candidate: remove PD_4 -> FILE_1_1 HOLD edge -> score: 0.100
  Computing metrics...
    RSI: {'PD_2,PD_3': 1.0, 'PD_2,PD_4': 1.0, 'PD_2,PD_5': 1.0, 'PD_3,PD_4': 1.0, 'PD_3,PD_5': 1.0, 'PD_4,PD_5': 1.0}, ASR: 1.25, TCB: {'PD_2': ['PD_4', 'PD_3', 'PD_5'], 'PD_3': ['PD_2', 'PD_4', 'PD_5'], 'PD_4': ['PD_2', 'PD_3', 'PD_5'], 'PD_5': ['PD_2', 'PD_3', 'PD_4']}, FR: {'PD_2,PD_3': inf, 'PD_2,PD_4': inf, 'PD_2,PD_5': inf, 'PD_3,PD_4': inf, 'PD_3,PD_5': inf, 'PD_4,PD_5': inf}
  Computing metrics...
    RSI: {'PD_2,PD_3': 1.0, 'PD_2,PD_4': 1.0, 'PD_2,PD_5': 1.0, 'PD_3,PD_4': 1.0, 'PD_3,PD_5': 1.0, 'PD_4,PD_5': 1.0}, ASR: 1.25, TCB: {'PD_2': ['PD_4', 'PD_3', 'PD_5'], 'PD_3': ['PD_2', 'PD_4', 'PD_5'], 'PD_4': ['PD_2', 'PD_3', 'PD_5'], 'PD_5': ['PD_2', 'PD_3', 'PD_4']}, FR: {'PD_2,PD_3': inf, 'PD_2,PD_4': inf, 'PD_2,PD_5': inf, 'PD_3,PD_4': inf, 'PD_3,PD_5': inf, 'PD_4,PD_5': inf}
    remove_hold_edge candidate: remove PD_5 -> FILE_1_1 HOLD edge -> score: 0.100
  Computing metrics...
    RSI: {'PD_2,PD_3': 1.0, 'PD_2,PD_4': 1.0, 'PD_2,PD_5': 1.0, 'PD_3,PD_4': 1.0, 'PD_3,PD_5': 1.0, 'PD_4,PD_5': 1.0}, ASR: 1.25, TCB: {'PD_2': ['PD_4', 'PD_3', 'PD_5'], 'PD_3': ['PD_2', 'PD_4', 'PD_5'], 'PD_4': ['PD_2', 'PD_3', 'PD_5'], 'PD_5': ['PD_2', 'PD_3', 'PD_4']}, FR: {'PD_2,PD_3': inf, 'PD_2,PD_4': inf, 'PD_2,PD_5': inf, 'PD_3,PD_4': inf, 'PD_3,PD_5': inf, 'PD_4,PD_5': inf}
  Computing metrics...
    RSI: {'PD_2,PD_3': 1.0, 'PD_2,PD_4': 1.0, 'PD_2,PD_5': 1.0, 'PD_3,PD_4': 1.0, 'PD_3,PD_5': 1.0, 'PD_4,PD_5': 1.0}, ASR: 1.5, TCB: {'PD_2': ['PD_4', 'PD_3', 'PD_5'], 'PD_3': ['PD_2', 'PD_4', 'PD_5'], 'PD_4': ['PD_2', 'PD_3', 'PD_5'], 'PD_5': ['PD_2', 'PD_3', 'PD_4']}, FR: {'PD_2,PD_3': inf, 'PD_2,PD_4': inf, 'PD_2,PD_5': inf, 'PD_3,PD_4': inf, 'PD_3,PD_5': inf, 'PD_4,PD_5': inf}
  Computing metrics...
    RSI: {'PD_2,PD_3': 1.0, 'PD_2,PD_4': 1.0, 'PD_2,PD_5': 1.0, 'PD_3,PD_4': 1.0, 'PD_3,PD_5': 1.0, 'PD_4,PD_5': 1.0}, ASR: 1.25, TCB: {'PD_2': ['PD_4', 'PD_3', 'PD_5'], 'PD_3': ['PD_2', 'PD_4', 'PD_5'], 'PD_4': ['PD_2', 'PD_3', 'PD_5'], 'PD_5': ['PD_2', 'PD_3', 'PD_4']}, FR: {'PD_2,PD_3': inf, 'PD_2,PD_4': inf, 'PD_2,PD_5': inf, 'PD_3,PD_4': inf, 'PD_3,PD_5': inf, 'PD_4,PD_5': inf}
  Computing metrics...
    RSI: {'PD_2,PD_3': 1.0, 'PD_2,PD_4': 1.0, 'PD_2,PD_5': 1.0, 'PD_3,PD_4': 1.0, 'PD_3,PD_5': 1.0, 'PD_4,PD_5': 1.0}, ASR: 1.5, TCB: {'PD_2': ['PD_4', 'PD_5', 'PD_3'], 'PD_3': ['PD_2', 'PD_4', 'PD_5'], 'PD_4': ['PD_2', 'PD_3', 'PD_5'], 'PD_5': ['PD_2', 'PD_3', 'PD_4']}, FR: {'PD_2,PD_3': inf, 'PD_2,PD_4': inf, 'PD_2,PD_5': inf, 'PD_3,PD_4': inf, 'PD_3,PD_5': inf, 'PD_4,PD_5': inf}
  Computing metrics...
    RSI: {'PD_2,PD_3': 1.0, 'PD_2,PD_4': 1.0, 'PD_2,PD_5': 1.0, 'PD_3,PD_4': 1.0, 'PD_3,PD_5': 1.0, 'PD_4,PD_5': 1.0}, ASR: 1.25, TCB: {'PD_2': ['PD_4', 'PD_3', 'PD_5'], 'PD_3': ['PD_2', 'PD_4', 'PD_5'], 'PD_4': ['PD_2', 'PD_3', 'PD_5'], 'PD_5': ['PD_2', 'PD_3', 'PD_4']}, FR: {'PD_2,PD_3': inf, 'PD_2,PD_4': inf, 'PD_2,PD_5': inf, 'PD_3,PD_4': inf, 'PD_3,PD_5': inf, 'PD_4,PD_5': inf}
  Computing metrics...
    RSI: {'PD_2,PD_3': 1.0, 'PD_2,PD_4': 1.0, 'PD_2,PD_5': 1.0, 'PD_3,PD_4': 1.0, 'PD_3,PD_5': 1.0, 'PD_4,PD_5': 1.0}, ASR: 1.5, TCB: {'PD_2': ['PD_4', 'PD_3', 'PD_5'], 'PD_3': ['PD_2', 'PD_4', 'PD_5'], 'PD_4': ['PD_2', 'PD_3', 'PD_5'], 'PD_5': ['PD_2', 'PD_3', 'PD_4']}, FR: {'PD_2,PD_3': 3, 'PD_2,PD_4': inf, 'PD_2,PD_5': inf, 'PD_3,PD_4': inf, 'PD_3,PD_5': inf, 'PD_4,PD_5': inf}
  Computing metrics...
    RSI: {'PD_2,PD_3': 1.0, 'PD_2,PD_4': 1.0, 'PD_2,PD_5': 1.0, 'PD_3,PD_4': 1.0, 'PD_3,PD_5': 1.0, 'PD_4,PD_5': 1.0}, ASR: 1.25, TCB: {'PD_2': ['PD_4', 'PD_3', 'PD_5'], 'PD_3': ['PD_2', 'PD_4', 'PD_5'], 'PD_4': ['PD_2', 'PD_3', 'PD_5'], 'PD_5': ['PD_2', 'PD_3', 'PD_4']}, FR: {'PD_2,PD_3': inf, 'PD_2,PD_4': inf, 'PD_2,PD_5': inf, 'PD_3,PD_4': inf, 'PD_3,PD_5': inf, 'PD_4,PD_5': inf}
  Computing metrics...
    RSI: {'PD_2,PD_3': 1.0, 'PD_2,PD_4': 1.0, 'PD_2,PD_5': 1.0, 'PD_3,PD_4': 1.0, 'PD_3,PD_5': 1.0, 'PD_4,PD_5': 1.0}, ASR: 1.5, TCB: {'PD_2': ['PD_4', 'PD_3', 'PD_5'], 'PD_3': ['PD_4', 'PD_2', 'PD_5'], 'PD_4': ['PD_2', 'PD_3', 'PD_5'], 'PD_5': ['PD_2', 'PD_3', 'PD_4']}, FR: {'PD_2,PD_3': 2, 'PD_2,PD_4': inf, 'PD_2,PD_5': inf, 'PD_3,PD_4': inf, 'PD_3,PD_5': inf, 'PD_4,PD_5': inf}
  Computing metrics...
    RSI: {'PD_2,PD_3': 1.0, 'PD_2,PD_4': 1.0, 'PD_2,PD_5': 1.0, 'PD_3,PD_4': 1.0, 'PD_3,PD_5': 1.0, 'PD_4,PD_5': 1.0}, ASR: 1.25, TCB: {'PD_2': ['PD_4', 'PD_3', 'PD_5'], 'PD_3': ['PD_2', 'PD_4', 'PD_5'], 'PD_4': ['PD_2', 'PD_3', 'PD_5'], 'PD_5': ['PD_2', 'PD_3', 'PD_4']}, FR: {'PD_2,PD_3': inf, 'PD_2,PD_4': inf, 'PD_2,PD_5': inf, 'PD_3,PD_4': inf, 'PD_3,PD_5': inf, 'PD_4,PD_5': inf}
  Computing metrics...
    RSI: {'PD_2,PD_3': 1.0, 'PD_2,PD_4': 1.0, 'PD_2,PD_5': 1.0, 'PD_3,PD_4': 1.0, 'PD_3,PD_5': 1.0, 'PD_4,PD_5': 1.0}, ASR: 1.5, TCB: {'PD_2': ['PD_4', 'PD_3', 'PD_5'], 'PD_3': ['PD_5', 'PD_2', 'PD_4'], 'PD_4': ['PD_2', 'PD_3', 'PD_5'], 'PD_5': ['PD_2', 'PD_3', 'PD_4']}, FR: {'PD_2,PD_3': inf, 'PD_2,PD_4': inf, 'PD_2,PD_5': inf, 'PD_3,PD_4': inf, 'PD_3,PD_5': inf, 'PD_4,PD_5': inf}
  Computing metrics...
    RSI: {'PD_2,PD_3': 1.0, 'PD_2,PD_4': 1.0, 'PD_2,PD_5': 1.0, 'PD_3,PD_4': 1.0, 'PD_3,PD_5': 1.0, 'PD_4,PD_5': 1.0}, ASR: 1.25, TCB: {'PD_2': ['PD_4', 'PD_3', 'PD_5'], 'PD_3': ['PD_2', 'PD_4', 'PD_5'], 'PD_4': ['PD_2', 'PD_3', 'PD_5'], 'PD_5': ['PD_2', 'PD_3', 'PD_4']}, FR: {'PD_2,PD_3': inf, 'PD_2,PD_4': inf, 'PD_2,PD_5': inf, 'PD_3,PD_4': inf, 'PD_3,PD_5': inf, 'PD_4,PD_5': inf}
  Computing metrics...
    RSI: {'PD_2,PD_3': 1.0, 'PD_2,PD_4': 1.0, 'PD_2,PD_5': 1.0, 'PD_3,PD_4': 1.0, 'PD_3,PD_5': 1.0, 'PD_4,PD_5': 1.0}, ASR: 1.5, TCB: {'PD_2': ['PD_4', 'PD_3', 'PD_5'], 'PD_3': ['PD_2', 'PD_4', 'PD_5'], 'PD_4': ['PD_2', 'PD_3', 'PD_5'], 'PD_5': ['PD_2', 'PD_3', 'PD_4']}, FR: {'PD_2,PD_3': inf, 'PD_2,PD_4': inf, 'PD_2,PD_5': inf, 'PD_3,PD_4': inf, 'PD_3,PD_5': inf, 'PD_4,PD_5': inf}
  Computing metrics...
    RSI: {'PD_2,PD_3': 1.0, 'PD_2,PD_4': 1.0, 'PD_2,PD_5': 1.0, 'PD_3,PD_4': 1.0, 'PD_3,PD_5': 1.0, 'PD_4,PD_5': 1.0}, ASR: 1.25, TCB: {'PD_2': ['PD_4', 'PD_3', 'PD_5'], 'PD_3': ['PD_2', 'PD_4', 'PD_5'], 'PD_4': ['PD_2', 'PD_3', 'PD_5'], 'PD_5': ['PD_2', 'PD_3', 'PD_4']}, FR: {'PD_2,PD_3': inf, 'PD_2,PD_4': inf, 'PD_2,PD_5': inf, 'PD_3,PD_4': inf, 'PD_3,PD_5': inf, 'PD_4,PD_5': inf}
  Computing metrics...
    RSI: {'PD_2,PD_3': 1.0, 'PD_2,PD_4': 1.0, 'PD_2,PD_5': 1.0, 'PD_3,PD_4': 1.0, 'PD_3,PD_5': 1.0, 'PD_4,PD_5': 1.0}, ASR: 1.5, TCB: {'PD_2': ['PD_4', 'PD_3', 'PD_5'], 'PD_3': ['PD_2', 'PD_4', 'PD_5'], 'PD_4': ['PD_3', 'PD_2', 'PD_5'], 'PD_5': ['PD_2', 'PD_3', 'PD_4']}, FR: {'PD_2,PD_3': inf, 'PD_2,PD_4': 3, 'PD_2,PD_5': inf, 'PD_3,PD_4': inf, 'PD_3,PD_5': inf, 'PD_4,PD_5': inf}
  Computing metrics...
    RSI: {'PD_2,PD_3': 1.0, 'PD_2,PD_4': 1.0, 'PD_2,PD_5': 1.0, 'PD_3,PD_4': 1.0, 'PD_3,PD_5': 1.0, 'PD_4,PD_5': 1.0}, ASR: 1.25, TCB: {'PD_2': ['PD_4', 'PD_3', 'PD_5'], 'PD_3': ['PD_2', 'PD_4', 'PD_5'], 'PD_4': ['PD_2', 'PD_3', 'PD_5'], 'PD_5': ['PD_2', 'PD_3', 'PD_4']}, FR: {'PD_2,PD_3': inf, 'PD_2,PD_4': inf, 'PD_2,PD_5': inf, 'PD_3,PD_4': inf, 'PD_3,PD_5': inf, 'PD_4,PD_5': inf}
  Computing metrics...
    RSI: {'PD_2,PD_3': 1.0, 'PD_2,PD_4': 1.0, 'PD_2,PD_5': 1.0, 'PD_3,PD_4': 1.0, 'PD_3,PD_5': 1.0, 'PD_4,PD_5': 1.0}, ASR: 1.5, TCB: {'PD_2': ['PD_4', 'PD_3', 'PD_5'], 'PD_3': ['PD_2', 'PD_4', 'PD_5'], 'PD_4': ['PD_5', 'PD_2', 'PD_3'], 'PD_5': ['PD_2', 'PD_3', 'PD_4']}, FR: {'PD_2,PD_3': inf, 'PD_2,PD_4': 3, 'PD_2,PD_5': inf, 'PD_3,PD_4': inf, 'PD_3,PD_5': inf, 'PD_4,PD_5': inf}
  Computing metrics...
    RSI: {'PD_2,PD_3': 1.0, 'PD_2,PD_4': 1.0, 'PD_2,PD_5': 1.0, 'PD_3,PD_4': 1.0, 'PD_3,PD_5': 1.0, 'PD_4,PD_5': 1.0}, ASR: 1.25, TCB: {'PD_2': ['PD_4', 'PD_3', 'PD_5'], 'PD_3': ['PD_2', 'PD_4', 'PD_5'], 'PD_4': ['PD_2', 'PD_3', 'PD_5'], 'PD_5': ['PD_2', 'PD_3', 'PD_4']}, FR: {'PD_2,PD_3': inf, 'PD_2,PD_4': inf, 'PD_2,PD_5': inf, 'PD_3,PD_4': inf, 'PD_3,PD_5': inf, 'PD_4,PD_5': inf}
  Computing metrics...
    RSI: {'PD_2,PD_3': 1.0, 'PD_2,PD_4': 1.0, 'PD_2,PD_5': 1.0, 'PD_3,PD_4': 1.0, 'PD_3,PD_5': 1.0, 'PD_4,PD_5': 1.0}, ASR: 1.5, TCB: {'PD_2': ['PD_4', 'PD_3', 'PD_5'], 'PD_3': ['PD_2', 'PD_4', 'PD_5'], 'PD_4': ['PD_2', 'PD_3', 'PD_5'], 'PD_5': ['PD_2', 'PD_3', 'PD_4']}, FR: {'PD_2,PD_3': inf, 'PD_2,PD_4': inf, 'PD_2,PD_5': 3, 'PD_3,PD_4': inf, 'PD_3,PD_5': inf, 'PD_4,PD_5': inf}
  Computing metrics...
    RSI: {'PD_2,PD_3': 1.0, 'PD_2,PD_4': 1.0, 'PD_2,PD_5': 1.0, 'PD_3,PD_4': 1.0, 'PD_3,PD_5': 1.0, 'PD_4,PD_5': 1.0}, ASR: 1.25, TCB: {'PD_2': ['PD_4', 'PD_3', 'PD_5'], 'PD_3': ['PD_2', 'PD_4', 'PD_5'], 'PD_4': ['PD_2', 'PD_3', 'PD_5'], 'PD_5': ['PD_2', 'PD_3', 'PD_4']}, FR: {'PD_2,PD_3': inf, 'PD_2,PD_4': inf, 'PD_2,PD_5': inf, 'PD_3,PD_4': inf, 'PD_3,PD_5': inf, 'PD_4,PD_5': inf}
  Computing metrics...
    RSI: {'PD_2,PD_3': 1.0, 'PD_2,PD_4': 1.0, 'PD_2,PD_5': 1.0, 'PD_3,PD_4': 1.0, 'PD_3,PD_5': 1.0, 'PD_4,PD_5': 1.0}, ASR: 1.5, TCB: {'PD_2': ['PD_4', 'PD_3', 'PD_5'], 'PD_3': ['PD_2', 'PD_4', 'PD_5'], 'PD_4': ['PD_2', 'PD_3', 'PD_5'], 'PD_5': ['PD_3', 'PD_2', 'PD_4']}, FR: {'PD_2,PD_3': inf, 'PD_2,PD_4': inf, 'PD_2,PD_5': inf, 'PD_3,PD_4': inf, 'PD_3,PD_5': inf, 'PD_4,PD_5': inf}
  Computing metrics...
    RSI: {'PD_2,PD_3': 1.0, 'PD_2,PD_4': 1.0, 'PD_2,PD_5': 1.0, 'PD_3,PD_4': 1.0, 'PD_3,PD_5': 1.0, 'PD_4,PD_5': 1.0}, ASR: 1.25, TCB: {'PD_2': ['PD_4', 'PD_3', 'PD_5'], 'PD_3': ['PD_2', 'PD_4', 'PD_5'], 'PD_4': ['PD_2', 'PD_3', 'PD_5'], 'PD_5': ['PD_2', 'PD_3', 'PD_4']}, FR: {'PD_2,PD_3': inf, 'PD_2,PD_4': inf, 'PD_2,PD_5': inf, 'PD_3,PD_4': inf, 'PD_3,PD_5': inf, 'PD_4,PD_5': inf}
  Computing metrics...
    RSI: {'PD_2,PD_3': 1.0, 'PD_2,PD_4': 1.0, 'PD_2,PD_5': 1.0, 'PD_3,PD_4': 1.0, 'PD_3,PD_5': 1.0, 'PD_4,PD_5': 1.0}, ASR: 1.5, TCB: {'PD_2': ['PD_4', 'PD_3', 'PD_5'], 'PD_3': ['PD_2', 'PD_4', 'PD_5'], 'PD_4': ['PD_2', 'PD_3', 'PD_5'], 'PD_5': ['PD_4', 'PD_2', 'PD_3']}, FR: {'PD_2,PD_3': inf, 'PD_2,PD_4': inf, 'PD_2,PD_5': 2, 'PD_3,PD_4': inf, 'PD_3,PD_5': inf, 'PD_4,PD_5': inf}
  Computing metrics...
    RSI: {'PD_2,PD_3': 1.0, 'PD_2,PD_4': 1.0, 'PD_2,PD_5': 1.0, 'PD_3,PD_4': 1.0, 'PD_3,PD_5': 1.0, 'PD_4,PD_5': 1.0}, ASR: 1.25, TCB: {'PD_2': ['PD_4', 'PD_3', 'PD_5'], 'PD_3': ['PD_2', 'PD_4', 'PD_5'], 'PD_4': ['PD_2', 'PD_3', 'PD_5'], 'PD_5': ['PD_2', 'PD_3', 'PD_4']}, FR: {'PD_2,PD_3': inf, 'PD_2,PD_4': inf, 'PD_2,PD_5': inf, 'PD_3,PD_4': inf, 'PD_3,PD_5': inf, 'PD_4,PD_5': inf}
  Computing metrics...
    RSI: {'PD_2,PD_3': 1.0, 'PD_2,PD_4': 1.0, 'PD_2,PD_5': 1.0, 'PD_3,PD_4': 1.0, 'PD_3,PD_5': 1.0, 'PD_4,PD_5': 1.0}, ASR: 1.25, TCB: {'PD_2': ['PD_4', 'PD_3', 'PD_5'], 'PD_3': ['PD_2', 'PD_4', 'PD_5'], 'PD_4': ['PD_2', 'PD_3', 'PD_5'], 'PD_5': ['PD_2', 'PD_3', 'PD_4']}, FR: {'PD_2,PD_3': inf, 'PD_2,PD_4': inf, 'PD_2,PD_5': inf, 'PD_3,PD_4': inf, 'PD_3,PD_5': inf, 'PD_4,PD_5': inf}
  Computing metrics...
    RSI: {'PD_2,PD_3': 1.0, 'PD_2,PD_4': 1.0, 'PD_2,PD_5': 1.0, 'PD_3,PD_4': 1.0, 'PD_3,PD_5': 1.0, 'PD_4,PD_5': 1.0}, ASR: 1.25, TCB: {'PD_2': ['PD_4', 'PD_3', 'PD_5'], 'PD_3': ['PD_2', 'PD_4', 'PD_5'], 'PD_4': ['PD_2', 'PD_3', 'PD_5'], 'PD_5': ['PD_2', 'PD_3', 'PD_4']}, FR: {'PD_2,PD_3': inf, 'PD_2,PD_4': inf, 'PD_2,PD_5': inf, 'PD_3,PD_4': inf, 'PD_3,PD_5': inf, 'PD_4,PD_5': inf}
  Computing metrics...
    RSI: {'PD_2,PD_3': 1.0, 'PD_2,PD_4': 1.0, 'PD_2,PD_5': 1.0, 'PD_3,PD_4': 1.0, 'PD_3,PD_5': 1.0, 'PD_4,PD_5': 1.0}, ASR: 1.25, TCB: {'PD_2': ['PD_4', 'PD_3', 'PD_5'], 'PD_3': ['PD_2', 'PD_4', 'PD_5'], 'PD_4': ['PD_2', 'PD_3', 'PD_5'], 'PD_5': ['PD_2', 'PD_3', 'PD_4']}, FR: {'PD_2,PD_3': inf, 'PD_2,PD_4': inf, 'PD_2,PD_5': inf, 'PD_3,PD_4': inf, 'PD_3,PD_5': inf, 'PD_4,PD_5': inf}
  🚫 Filtered out 0 'add_hold_edge(connect PD_5 to FILE_1_1)' candidates (avoiding repetition)
  🎲 Exploration: selecting candidate #3 instead of best
  Trying best transition: primitive
    Target: create new DATABASE file in FILE_SPACE_1
    Predicted improvement: 0.100
    Considered 21 other option(s):
      1. primitive: create new CONFIG file in FILE_SPACE_1 (improvement: 0.100)
      2. primitive: create new DATABASE file in FILE_SPACE_1 (improvement: 0.100)
      3. primitive: create new TEMP file in FILE_SPACE_1 (improvement: 0.100)
      4. primitive: create new LOG file in FILE_SPACE_1 (improvement: 0.100)
      5. primitive: remove FILE_1_1 (holders: 4) (improvement: 0.100)
      6. primitive: remove PD_3 -> FILE_1_1 HOLD edge (improvement: 0.100)
      7. primitive: remove PD_4 -> FILE_1_1 HOLD edge (improvement: 0.100)
      8. primitive: remove PD_5 -> FILE_1_1 HOLD edge (improvement: 0.100)
      9. primitive: enable indirect access: PD_2 -> PD_3 (improvement: 0.100)
      10. primitive: enable indirect access: PD_2 -> PD_5 (improvement: 0.100)
      ... and 11 more
    ✅ Applied add_file_resource
  📋 Generated 22 candidate(s)
  Computing metrics...
    RSI: {'PD_2,PD_3': 1.0, 'PD_2,PD_4': 1.0, 'PD_2,PD_5': 1.0, 'PD_2,PD_6': 0.0, 'PD_3,PD_4': 1.0, 'PD_3,PD_5': 1.0, 'PD_3,PD_6': 0.0, 'PD_4,PD_5': 1.0, 'PD_4,PD_6': 0.0, 'PD_5,PD_6': 0.0}, ASR: 1.0, TCB: {'PD_2': ['PD_4', 'PD_3', 'PD_5'], 'PD_3': ['PD_2', 'PD_4', 'PD_5'], 'PD_4': ['PD_2', 'PD_3', 'PD_5'], 'PD_5': ['PD_2', 'PD_3', 'PD_4'], 'PD_6': []}, FR: {'PD_2,PD_3': inf, 'PD_2,PD_4': inf, 'PD_2,PD_5': inf, 'PD_2,PD_6': inf, 'PD_3,PD_4': inf, 'PD_3,PD_5': inf, 'PD_3,PD_6': inf, 'PD_4,PD_5': inf, 'PD_4,PD_6': inf, 'PD_5,PD_6': inf}
    ✅ Added candidate: add_pd (score: 0.100)
  Computing metrics...
    RSI: {'PD_2,PD_3': 1.0, 'PD_2,PD_4': 1.0, 'PD_2,PD_5': 1.0, 'PD_3,PD_4': 1.0, 'PD_3,PD_5': 1.0, 'PD_4,PD_5': 1.0}, ASR: 1.25, TCB: {'PD_2': ['PD_4', 'PD_3', 'PD_5'], 'PD_3': ['PD_2', 'PD_4', 'PD_5'], 'PD_4': ['PD_2', 'PD_3', 'PD_5'], 'PD_5': ['PD_2', 'PD_3', 'PD_4']}, FR: {'PD_2,PD_3': inf, 'PD_2,PD_4': inf, 'PD_2,PD_5': inf, 'PD_3,PD_4': inf, 'PD_3,PD_5': inf, 'PD_4,PD_5': inf}
    ✅ Added candidate: add_file_resource (score: 0.100)

🌟 Expanding Beam[1] (score: 1.100)
  ⚠️  Constraints violated: PD_2 lacks any access to FILE_1_1; PD_2 lacks access to any files
  Computing metrics...
    RSI: {'PD_1,PD_3': 1.0, 'PD_1,PD_4': 1.0, 'PD_1,PD_5': 1.0, 'PD_3,PD_4': 1.0, 'PD_3,PD_5': 1.0, 'PD_4,PD_5': 1.0}, ASR: 1.25, TCB: {'PD_1': ['PD_3', 'PD_4', 'PD_5'], 'PD_3': ['PD_1', 'PD_4', 'PD_5'], 'PD_4': ['PD_1', 'PD_3', 'PD_5'], 'PD_5': ['PD_1', 'PD_3', 'PD_4']}, FR: {'PD_1,PD_3': inf, 'PD_1,PD_4': inf, 'PD_1,PD_5': inf, 'PD_3,PD_4': inf, 'PD_3,PD_5': inf, 'PD_4,PD_5': inf}
  Computing metrics...
    RSI: {'PD_1,PD_3': 1.0, 'PD_1,PD_4': 1.0, 'PD_1,PD_5': 1.0, 'PD_3,PD_4': 1.0, 'PD_3,PD_5': 1.0, 'PD_4,PD_5': 1.0}, ASR: 1.25, TCB: {'PD_1': ['PD_3', 'PD_4', 'PD_5'], 'PD_3': ['PD_1', 'PD_4', 'PD_5'], 'PD_4': ['PD_1', 'PD_3', 'PD_5'], 'PD_5': ['PD_1', 'PD_3', 'PD_4']}, FR: {'PD_1,PD_3': inf, 'PD_1,PD_4': inf, 'PD_1,PD_5': inf, 'PD_3,PD_4': inf, 'PD_3,PD_5': inf, 'PD_4,PD_5': inf}
  Computing metrics...
    RSI: {'PD_1,PD_3': 1.0, 'PD_1,PD_4': 1.0, 'PD_1,PD_5': 1.0, 'PD_3,PD_4': 1.0, 'PD_3,PD_5': 1.0, 'PD_4,PD_5': 1.0}, ASR: 1.25, TCB: {'PD_1': ['PD_3', 'PD_4', 'PD_5'], 'PD_3': ['PD_1', 'PD_4', 'PD_5'], 'PD_4': ['PD_1', 'PD_3', 'PD_5'], 'PD_5': ['PD_1', 'PD_3', 'PD_4']}, FR: {'PD_1,PD_3': inf, 'PD_1,PD_4': inf, 'PD_1,PD_5': inf, 'PD_3,PD_4': inf, 'PD_3,PD_5': inf, 'PD_4,PD_5': inf}
  Computing metrics...
    RSI: {'PD_1,PD_3': 1.0, 'PD_1,PD_4': 1.0, 'PD_1,PD_5': 1.0, 'PD_3,PD_4': 1.0, 'PD_3,PD_5': 1.0, 'PD_4,PD_5': 1.0}, ASR: 1.25, TCB: {'PD_1': ['PD_3', 'PD_4', 'PD_5'], 'PD_3': ['PD_1', 'PD_4', 'PD_5'], 'PD_4': ['PD_1', 'PD_3', 'PD_5'], 'PD_5': ['PD_1', 'PD_3', 'PD_4']}, FR: {'PD_1,PD_3': inf, 'PD_1,PD_4': inf, 'PD_1,PD_5': inf, 'PD_3,PD_4': inf, 'PD_3,PD_5': inf, 'PD_4,PD_5': inf}
  Computing metrics...
    RSI: {'PD_1,PD_3': 1.0, 'PD_1,PD_4': 1.0, 'PD_1,PD_5': 1.0, 'PD_3,PD_4': 1.0, 'PD_3,PD_5': 1.0, 'PD_4,PD_5': 1.0}, ASR: 1.25, TCB: {'PD_1': ['PD_3', 'PD_4', 'PD_5'], 'PD_3': ['PD_1', 'PD_4', 'PD_5'], 'PD_4': ['PD_1', 'PD_3', 'PD_5'], 'PD_5': ['PD_1', 'PD_3', 'PD_4']}, FR: {'PD_1,PD_3': inf, 'PD_1,PD_4': inf, 'PD_1,PD_5': inf, 'PD_3,PD_4': inf, 'PD_3,PD_5': inf, 'PD_4,PD_5': inf}
  Computing metrics...
    RSI: {'PD_1,PD_3': 1.0, 'PD_1,PD_4': 1.0, 'PD_1,PD_5': 1.0, 'PD_3,PD_4': 1.0, 'PD_3,PD_5': 1.0, 'PD_4,PD_5': 1.0}, ASR: 1.25, TCB: {'PD_1': ['PD_3', 'PD_4', 'PD_5'], 'PD_3': ['PD_1', 'PD_4', 'PD_5'], 'PD_4': ['PD_1', 'PD_3', 'PD_5'], 'PD_5': ['PD_1', 'PD_3', 'PD_4']}, FR: {'PD_1,PD_3': inf, 'PD_1,PD_4': inf, 'PD_1,PD_5': inf, 'PD_3,PD_4': inf, 'PD_3,PD_5': inf, 'PD_4,PD_5': inf}
  Computing metrics...
    RSI: {'PD_1,PD_3': 1.0, 'PD_1,PD_4': 1.0, 'PD_1,PD_5': 1.0, 'PD_3,PD_4': 1.0, 'PD_3,PD_5': 1.0, 'PD_4,PD_5': 1.0}, ASR: 1.25, TCB: {'PD_1': ['PD_3', 'PD_4', 'PD_5'], 'PD_3': ['PD_1', 'PD_4', 'PD_5'], 'PD_4': ['PD_1', 'PD_3', 'PD_5'], 'PD_5': ['PD_1', 'PD_3', 'PD_4']}, FR: {'PD_1,PD_3': inf, 'PD_1,PD_4': inf, 'PD_1,PD_5': inf, 'PD_3,PD_4': inf, 'PD_3,PD_5': inf, 'PD_4,PD_5': inf}
  Computing metrics...
    RSI: {'PD_1,PD_3': 1.0, 'PD_1,PD_4': 1.0, 'PD_1,PD_5': 1.0, 'PD_3,PD_4': 1.0, 'PD_3,PD_5': 1.0, 'PD_4,PD_5': 1.0}, ASR: 1.25, TCB: {'PD_1': ['PD_3', 'PD_4', 'PD_5'], 'PD_3': ['PD_1', 'PD_4', 'PD_5'], 'PD_4': ['PD_1', 'PD_3', 'PD_5'], 'PD_5': ['PD_1', 'PD_3', 'PD_4']}, FR: {'PD_1,PD_3': inf, 'PD_1,PD_4': inf, 'PD_1,PD_5': inf, 'PD_3,PD_4': inf, 'PD_3,PD_5': inf, 'PD_4,PD_5': inf}
  Computing metrics...
    RSI: {'PD_1,PD_3': 1.0, 'PD_1,PD_4': 1.0, 'PD_1,PD_5': 1.0, 'PD_3,PD_4': 1.0, 'PD_3,PD_5': 1.0, 'PD_4,PD_5': 1.0}, ASR: 1.25, TCB: {'PD_1': ['PD_3', 'PD_4', 'PD_5'], 'PD_3': ['PD_1', 'PD_4', 'PD_5'], 'PD_4': ['PD_1', 'PD_3', 'PD_5'], 'PD_5': ['PD_1', 'PD_3', 'PD_4']}, FR: {'PD_1,PD_3': inf, 'PD_1,PD_4': inf, 'PD_1,PD_5': inf, 'PD_3,PD_4': inf, 'PD_3,PD_5': inf, 'PD_4,PD_5': inf}
  Computing metrics...
    RSI: {'PD_1,PD_3': 1.0, 'PD_1,PD_4': 1.0, 'PD_1,PD_5': 1.0, 'PD_3,PD_4': 1.0, 'PD_3,PD_5': 1.0, 'PD_4,PD_5': 1.0}, ASR: 1.25, TCB: {'PD_1': ['PD_3', 'PD_4', 'PD_5'], 'PD_3': ['PD_1', 'PD_4', 'PD_5'], 'PD_4': ['PD_1', 'PD_3', 'PD_5'], 'PD_5': ['PD_1', 'PD_3', 'PD_4']}, FR: {'PD_1,PD_3': inf, 'PD_1,PD_4': inf, 'PD_1,PD_5': inf, 'PD_3,PD_4': inf, 'PD_3,PD_5': inf, 'PD_4,PD_5': inf}
  Computing metrics...
    RSI: {'PD_1,PD_3': 1.0, 'PD_1,PD_4': 1.0, 'PD_1,PD_5': 1.0, 'PD_3,PD_4': 1.0, 'PD_3,PD_5': 1.0, 'PD_4,PD_5': 1.0}, ASR: 1.25, TCB: {'PD_1': ['PD_3', 'PD_4', 'PD_5'], 'PD_3': ['PD_1', 'PD_4', 'PD_5'], 'PD_4': ['PD_1', 'PD_3', 'PD_5'], 'PD_5': ['PD_1', 'PD_3', 'PD_4']}, FR: {'PD_1,PD_3': inf, 'PD_1,PD_4': inf, 'PD_1,PD_5': inf, 'PD_3,PD_4': inf, 'PD_3,PD_5': inf, 'PD_4,PD_5': inf}
  Computing metrics...
    RSI: {'PD_1,PD_3': 1.0, 'PD_1,PD_4': 1.0, 'PD_1,PD_5': 1.0, 'PD_3,PD_4': 1.0, 'PD_3,PD_5': 1.0, 'PD_4,PD_5': 1.0}, ASR: 1.25, TCB: {'PD_1': ['PD_3', 'PD_4', 'PD_5'], 'PD_3': ['PD_1', 'PD_4', 'PD_5'], 'PD_4': ['PD_1', 'PD_3', 'PD_5'], 'PD_5': ['PD_1', 'PD_3', 'PD_4']}, FR: {'PD_1,PD_3': inf, 'PD_1,PD_4': inf, 'PD_1,PD_5': inf, 'PD_3,PD_4': inf, 'PD_3,PD_5': inf, 'PD_4,PD_5': inf}
  Computing metrics...
    RSI: {'PD_1,PD_3': 1.0, 'PD_1,PD_4': 1.0, 'PD_1,PD_5': 1.0, 'PD_3,PD_4': 1.0, 'PD_3,PD_5': 1.0, 'PD_4,PD_5': 1.0}, ASR: 1.25, TCB: {'PD_1': ['PD_3', 'PD_4', 'PD_5'], 'PD_3': ['PD_1', 'PD_4', 'PD_5'], 'PD_4': ['PD_1', 'PD_3', 'PD_5'], 'PD_5': ['PD_1', 'PD_3', 'PD_4']}, FR: {'PD_1,PD_3': inf, 'PD_1,PD_4': inf, 'PD_1,PD_5': inf, 'PD_3,PD_4': inf, 'PD_3,PD_5': inf, 'PD_4,PD_5': inf}
  Computing metrics...
    RSI: {'PD_1,PD_3': 1.0, 'PD_1,PD_4': 1.0, 'PD_1,PD_5': 1.0, 'PD_3,PD_4': 1.0, 'PD_3,PD_5': 1.0, 'PD_4,PD_5': 1.0}, ASR: 1.25, TCB: {'PD_1': ['PD_3', 'PD_4', 'PD_5'], 'PD_3': ['PD_1', 'PD_4', 'PD_5'], 'PD_4': ['PD_1', 'PD_3', 'PD_5'], 'PD_5': ['PD_1', 'PD_3', 'PD_4']}, FR: {'PD_1,PD_3': inf, 'PD_1,PD_4': inf, 'PD_1,PD_5': inf, 'PD_3,PD_4': inf, 'PD_3,PD_5': inf, 'PD_4,PD_5': inf}
    remove_hold_edge candidate: remove PD_3 -> FILE_1_1 HOLD edge -> score: 0.100
  Computing metrics...
    RSI: {'PD_1,PD_3': 1.0, 'PD_1,PD_4': 1.0, 'PD_1,PD_5': 1.0, 'PD_3,PD_4': 1.0, 'PD_3,PD_5': 1.0, 'PD_4,PD_5': 1.0}, ASR: 1.25, TCB: {'PD_1': ['PD_3', 'PD_4', 'PD_5'], 'PD_3': ['PD_1', 'PD_4', 'PD_5'], 'PD_4': ['PD_1', 'PD_3', 'PD_5'], 'PD_5': ['PD_1', 'PD_3', 'PD_4']}, FR: {'PD_1,PD_3': inf, 'PD_1,PD_4': inf, 'PD_1,PD_5': inf, 'PD_3,PD_4': inf, 'PD_3,PD_5': inf, 'PD_4,PD_5': inf}
  Computing metrics...
    RSI: {'PD_1,PD_3': 1.0, 'PD_1,PD_4': 1.0, 'PD_1,PD_5': 1.0, 'PD_3,PD_4': 1.0, 'PD_3,PD_5': 1.0, 'PD_4,PD_5': 1.0}, ASR: 1.25, TCB: {'PD_1': ['PD_3', 'PD_4', 'PD_5'], 'PD_3': ['PD_1', 'PD_4', 'PD_5'], 'PD_4': ['PD_1', 'PD_3', 'PD_5'], 'PD_5': ['PD_1', 'PD_3', 'PD_4']}, FR: {'PD_1,PD_3': inf, 'PD_1,PD_4': inf, 'PD_1,PD_5': inf, 'PD_3,PD_4': inf, 'PD_3,PD_5': inf, 'PD_4,PD_5': inf}
    remove_hold_edge candidate: remove PD_4 -> FILE_1_1 HOLD edge -> score: 0.100
  Computing metrics...
    RSI: {'PD_1,PD_3': 1.0, 'PD_1,PD_4': 1.0, 'PD_1,PD_5': 1.0, 'PD_3,PD_4': 1.0, 'PD_3,PD_5': 1.0, 'PD_4,PD_5': 1.0}, ASR: 1.25, TCB: {'PD_1': ['PD_3', 'PD_4', 'PD_5'], 'PD_3': ['PD_1', 'PD_4', 'PD_5'], 'PD_4': ['PD_1', 'PD_3', 'PD_5'], 'PD_5': ['PD_1', 'PD_3', 'PD_4']}, FR: {'PD_1,PD_3': inf, 'PD_1,PD_4': inf, 'PD_1,PD_5': inf, 'PD_3,PD_4': inf, 'PD_3,PD_5': inf, 'PD_4,PD_5': inf}
  Computing metrics...
    RSI: {'PD_1,PD_3': 1.0, 'PD_1,PD_4': 1.0, 'PD_1,PD_5': 1.0, 'PD_3,PD_4': 1.0, 'PD_3,PD_5': 1.0, 'PD_4,PD_5': 1.0}, ASR: 1.25, TCB: {'PD_1': ['PD_3', 'PD_4', 'PD_5'], 'PD_3': ['PD_1', 'PD_4', 'PD_5'], 'PD_4': ['PD_1', 'PD_3', 'PD_5'], 'PD_5': ['PD_1', 'PD_3', 'PD_4']}, FR: {'PD_1,PD_3': inf, 'PD_1,PD_4': inf, 'PD_1,PD_5': inf, 'PD_3,PD_4': inf, 'PD_3,PD_5': inf, 'PD_4,PD_5': inf}
    remove_hold_edge candidate: remove PD_5 -> FILE_1_1 HOLD edge -> score: 0.100
  Computing metrics...
    RSI: {'PD_1,PD_3': 1.0, 'PD_1,PD_4': 1.0, 'PD_1,PD_5': 1.0, 'PD_3,PD_4': 1.0, 'PD_3,PD_5': 1.0, 'PD_4,PD_5': 1.0}, ASR: 1.25, TCB: {'PD_1': ['PD_3', 'PD_4', 'PD_5'], 'PD_3': ['PD_1', 'PD_4', 'PD_5'], 'PD_4': ['PD_1', 'PD_3', 'PD_5'], 'PD_5': ['PD_1', 'PD_3', 'PD_4']}, FR: {'PD_1,PD_3': inf, 'PD_1,PD_4': inf, 'PD_1,PD_5': inf, 'PD_3,PD_4': inf, 'PD_3,PD_5': inf, 'PD_4,PD_5': inf}
  Computing metrics...
    RSI: {'PD_1,PD_3': 1.0, 'PD_1,PD_4': 1.0, 'PD_1,PD_5': 1.0, 'PD_3,PD_4': 1.0, 'PD_3,PD_5': 1.0, 'PD_4,PD_5': 1.0}, ASR: 1.5, TCB: {'PD_1': ['PD_3', 'PD_4', 'PD_5'], 'PD_3': ['PD_1', 'PD_4', 'PD_5'], 'PD_4': ['PD_1', 'PD_3', 'PD_5'], 'PD_5': ['PD_1', 'PD_3', 'PD_4']}, FR: {'PD_1,PD_3': inf, 'PD_1,PD_4': inf, 'PD_1,PD_5': inf, 'PD_3,PD_4': inf, 'PD_3,PD_5': inf, 'PD_4,PD_5': inf}
  Computing metrics...
    RSI: {'PD_1,PD_3': 1.0, 'PD_1,PD_4': 1.0, 'PD_1,PD_5': 1.0, 'PD_3,PD_4': 1.0, 'PD_3,PD_5': 1.0, 'PD_4,PD_5': 1.0}, ASR: 1.25, TCB: {'PD_1': ['PD_3', 'PD_4', 'PD_5'], 'PD_3': ['PD_1', 'PD_4', 'PD_5'], 'PD_4': ['PD_1', 'PD_3', 'PD_5'], 'PD_5': ['PD_1', 'PD_3', 'PD_4']}, FR: {'PD_1,PD_3': inf, 'PD_1,PD_4': inf, 'PD_1,PD_5': inf, 'PD_3,PD_4': inf, 'PD_3,PD_5': inf, 'PD_4,PD_5': inf}
  Computing metrics...
    RSI: {'PD_1,PD_3': 1.0, 'PD_1,PD_4': 1.0, 'PD_1,PD_5': 1.0, 'PD_3,PD_4': 1.0, 'PD_3,PD_5': 1.0, 'PD_4,PD_5': 1.0}, ASR: 1.5, TCB: {'PD_1': ['PD_3', 'PD_5', 'PD_4'], 'PD_3': ['PD_1', 'PD_4', 'PD_5'], 'PD_4': ['PD_1', 'PD_3', 'PD_5'], 'PD_5': ['PD_1', 'PD_3', 'PD_4']}, FR: {'PD_1,PD_3': inf, 'PD_1,PD_4': inf, 'PD_1,PD_5': inf, 'PD_3,PD_4': inf, 'PD_3,PD_5': inf, 'PD_4,PD_5': inf}
  Computing metrics...
    RSI: {'PD_1,PD_3': 1.0, 'PD_1,PD_4': 1.0, 'PD_1,PD_5': 1.0, 'PD_3,PD_4': 1.0, 'PD_3,PD_5': 1.0, 'PD_4,PD_5': 1.0}, ASR: 1.25, TCB: {'PD_1': ['PD_3', 'PD_4', 'PD_5'], 'PD_3': ['PD_1', 'PD_4', 'PD_5'], 'PD_4': ['PD_1', 'PD_3', 'PD_5'], 'PD_5': ['PD_1', 'PD_3', 'PD_4']}, FR: {'PD_1,PD_3': inf, 'PD_1,PD_4': inf, 'PD_1,PD_5': inf, 'PD_3,PD_4': inf, 'PD_3,PD_5': inf, 'PD_4,PD_5': inf}
  Computing metrics...
    RSI: {'PD_1,PD_3': 1.0, 'PD_1,PD_4': 1.0, 'PD_1,PD_5': 1.0, 'PD_3,PD_4': 1.0, 'PD_3,PD_5': 1.0, 'PD_4,PD_5': 1.0}, ASR: 1.5, TCB: {'PD_1': ['PD_3', 'PD_4', 'PD_5'], 'PD_3': ['PD_1', 'PD_4', 'PD_5'], 'PD_4': ['PD_1', 'PD_3', 'PD_5'], 'PD_5': ['PD_1', 'PD_3', 'PD_4']}, FR: {'PD_1,PD_3': inf, 'PD_1,PD_4': inf, 'PD_1,PD_5': inf, 'PD_3,PD_4': inf, 'PD_3,PD_5': inf, 'PD_4,PD_5': inf}
  Computing metrics...
    RSI: {'PD_1,PD_3': 1.0, 'PD_1,PD_4': 1.0, 'PD_1,PD_5': 1.0, 'PD_3,PD_4': 1.0, 'PD_3,PD_5': 1.0, 'PD_4,PD_5': 1.0}, ASR: 1.25, TCB: {'PD_1': ['PD_3', 'PD_4', 'PD_5'], 'PD_3': ['PD_1', 'PD_4', 'PD_5'], 'PD_4': ['PD_1', 'PD_3', 'PD_5'], 'PD_5': ['PD_1', 'PD_3', 'PD_4']}, FR: {'PD_1,PD_3': inf, 'PD_1,PD_4': inf, 'PD_1,PD_5': inf, 'PD_3,PD_4': inf, 'PD_3,PD_5': inf, 'PD_4,PD_5': inf}
  Computing metrics...
    RSI: {'PD_1,PD_3': 1.0, 'PD_1,PD_4': 1.0, 'PD_1,PD_5': 1.0, 'PD_3,PD_4': 1.0, 'PD_3,PD_5': 1.0, 'PD_4,PD_5': 1.0}, ASR: 1.5, TCB: {'PD_1': ['PD_3', 'PD_4', 'PD_5'], 'PD_3': ['PD_4', 'PD_1', 'PD_5'], 'PD_4': ['PD_1', 'PD_3', 'PD_5'], 'PD_5': ['PD_1', 'PD_3', 'PD_4']}, FR: {'PD_1,PD_3': 3, 'PD_1,PD_4': inf, 'PD_1,PD_5': inf, 'PD_3,PD_4': inf, 'PD_3,PD_5': inf, 'PD_4,PD_5': inf}
  Computing metrics...
    RSI: {'PD_1,PD_3': 1.0, 'PD_1,PD_4': 1.0, 'PD_1,PD_5': 1.0, 'PD_3,PD_4': 1.0, 'PD_3,PD_5': 1.0, 'PD_4,PD_5': 1.0}, ASR: 1.25, TCB: {'PD_1': ['PD_3', 'PD_4', 'PD_5'], 'PD_3': ['PD_1', 'PD_4', 'PD_5'], 'PD_4': ['PD_1', 'PD_3', 'PD_5'], 'PD_5': ['PD_1', 'PD_3', 'PD_4']}, FR: {'PD_1,PD_3': inf, 'PD_1,PD_4': inf, 'PD_1,PD_5': inf, 'PD_3,PD_4': inf, 'PD_3,PD_5': inf, 'PD_4,PD_5': inf}
  Computing metrics...
    RSI: {'PD_1,PD_3': 1.0, 'PD_1,PD_4': 1.0, 'PD_1,PD_5': 1.0, 'PD_3,PD_4': 1.0, 'PD_3,PD_5': 1.0, 'PD_4,PD_5': 1.0}, ASR: 1.5, TCB: {'PD_1': ['PD_3', 'PD_4', 'PD_5'], 'PD_3': ['PD_5', 'PD_1', 'PD_4'], 'PD_4': ['PD_1', 'PD_3', 'PD_5'], 'PD_5': ['PD_1', 'PD_3', 'PD_4']}, FR: {'PD_1,PD_3': 3, 'PD_1,PD_4': inf, 'PD_1,PD_5': inf, 'PD_3,PD_4': inf, 'PD_3,PD_5': inf, 'PD_4,PD_5': inf}
  Computing metrics...
    RSI: {'PD_1,PD_3': 1.0, 'PD_1,PD_4': 1.0, 'PD_1,PD_5': 1.0, 'PD_3,PD_4': 1.0, 'PD_3,PD_5': 1.0, 'PD_4,PD_5': 1.0}, ASR: 1.25, TCB: {'PD_1': ['PD_3', 'PD_4', 'PD_5'], 'PD_3': ['PD_1', 'PD_4', 'PD_5'], 'PD_4': ['PD_1', 'PD_3', 'PD_5'], 'PD_5': ['PD_1', 'PD_3', 'PD_4']}, FR: {'PD_1,PD_3': inf, 'PD_1,PD_4': inf, 'PD_1,PD_5': inf, 'PD_3,PD_4': inf, 'PD_3,PD_5': inf, 'PD_4,PD_5': inf}
  Computing metrics...
    RSI: {'PD_1,PD_3': 1.0, 'PD_1,PD_4': 1.0, 'PD_1,PD_5': 1.0, 'PD_3,PD_4': 1.0, 'PD_3,PD_5': 1.0, 'PD_4,PD_5': 1.0}, ASR: 1.5, TCB: {'PD_1': ['PD_3', 'PD_4', 'PD_5'], 'PD_3': ['PD_1', 'PD_4', 'PD_5'], 'PD_4': ['PD_1', 'PD_3', 'PD_5'], 'PD_5': ['PD_1', 'PD_3', 'PD_4']}, FR: {'PD_1,PD_3': inf, 'PD_1,PD_4': 3, 'PD_1,PD_5': inf, 'PD_3,PD_4': inf, 'PD_3,PD_5': inf, 'PD_4,PD_5': inf}
  Computing metrics...
    RSI: {'PD_1,PD_3': 1.0, 'PD_1,PD_4': 1.0, 'PD_1,PD_5': 1.0, 'PD_3,PD_4': 1.0, 'PD_3,PD_5': 1.0, 'PD_4,PD_5': 1.0}, ASR: 1.25, TCB: {'PD_1': ['PD_3', 'PD_4', 'PD_5'], 'PD_3': ['PD_1', 'PD_4', 'PD_5'], 'PD_4': ['PD_1', 'PD_3', 'PD_5'], 'PD_5': ['PD_1', 'PD_3', 'PD_4']}, FR: {'PD_1,PD_3': inf, 'PD_1,PD_4': inf, 'PD_1,PD_5': inf, 'PD_3,PD_4': inf, 'PD_3,PD_5': inf, 'PD_4,PD_5': inf}
  Computing metrics...
    RSI: {'PD_1,PD_3': 1.0, 'PD_1,PD_4': 1.0, 'PD_1,PD_5': 1.0, 'PD_3,PD_4': 1.0, 'PD_3,PD_5': 1.0, 'PD_4,PD_5': 1.0}, ASR: 1.5, TCB: {'PD_1': ['PD_3', 'PD_4', 'PD_5'], 'PD_3': ['PD_1', 'PD_4', 'PD_5'], 'PD_4': ['PD_3', 'PD_1', 'PD_5'], 'PD_5': ['PD_1', 'PD_3', 'PD_4']}, FR: {'PD_1,PD_3': inf, 'PD_1,PD_4': 2, 'PD_1,PD_5': inf, 'PD_3,PD_4': inf, 'PD_3,PD_5': inf, 'PD_4,PD_5': inf}
  Computing metrics...
    RSI: {'PD_1,PD_3': 1.0, 'PD_1,PD_4': 1.0, 'PD_1,PD_5': 1.0, 'PD_3,PD_4': 1.0, 'PD_3,PD_5': 1.0, 'PD_4,PD_5': 1.0}, ASR: 1.25, TCB: {'PD_1': ['PD_3', 'PD_4', 'PD_5'], 'PD_3': ['PD_1', 'PD_4', 'PD_5'], 'PD_4': ['PD_1', 'PD_3', 'PD_5'], 'PD_5': ['PD_1', 'PD_3', 'PD_4']}, FR: {'PD_1,PD_3': inf, 'PD_1,PD_4': inf, 'PD_1,PD_5': inf, 'PD_3,PD_4': inf, 'PD_3,PD_5': inf, 'PD_4,PD_5': inf}
  Computing metrics...
    RSI: {'PD_1,PD_3': 1.0, 'PD_1,PD_4': 1.0, 'PD_1,PD_5': 1.0, 'PD_3,PD_4': 1.0, 'PD_3,PD_5': 1.0, 'PD_4,PD_5': 1.0}, ASR: 1.5, TCB: {'PD_1': ['PD_3', 'PD_4', 'PD_5'], 'PD_3': ['PD_1', 'PD_4', 'PD_5'], 'PD_4': ['PD_5', 'PD_1', 'PD_3'], 'PD_5': ['PD_1', 'PD_3', 'PD_4']}, FR: {'PD_1,PD_3': inf, 'PD_1,PD_4': inf, 'PD_1,PD_5': inf, 'PD_3,PD_4': inf, 'PD_3,PD_5': inf, 'PD_4,PD_5': inf}
  Computing metrics...
    RSI: {'PD_1,PD_3': 1.0, 'PD_1,PD_4': 1.0, 'PD_1,PD_5': 1.0, 'PD_3,PD_4': 1.0, 'PD_3,PD_5': 1.0, 'PD_4,PD_5': 1.0}, ASR: 1.25, TCB: {'PD_1': ['PD_3', 'PD_4', 'PD_5'], 'PD_3': ['PD_1', 'PD_4', 'PD_5'], 'PD_4': ['PD_1', 'PD_3', 'PD_5'], 'PD_5': ['PD_1', 'PD_3', 'PD_4']}, FR: {'PD_1,PD_3': inf, 'PD_1,PD_4': inf, 'PD_1,PD_5': inf, 'PD_3,PD_4': inf, 'PD_3,PD_5': inf, 'PD_4,PD_5': inf}
  Computing metrics...
    RSI: {'PD_1,PD_3': 1.0, 'PD_1,PD_4': 1.0, 'PD_1,PD_5': 1.0, 'PD_3,PD_4': 1.0, 'PD_3,PD_5': 1.0, 'PD_4,PD_5': 1.0}, ASR: 1.5, TCB: {'PD_1': ['PD_3', 'PD_4', 'PD_5'], 'PD_3': ['PD_1', 'PD_4', 'PD_5'], 'PD_4': ['PD_1', 'PD_3', 'PD_5'], 'PD_5': ['PD_1', 'PD_3', 'PD_4']}, FR: {'PD_1,PD_3': inf, 'PD_1,PD_4': inf, 'PD_1,PD_5': 3, 'PD_3,PD_4': inf, 'PD_3,PD_5': inf, 'PD_4,PD_5': inf}
  Computing metrics...
    RSI: {'PD_1,PD_3': 1.0, 'PD_1,PD_4': 1.0, 'PD_1,PD_5': 1.0, 'PD_3,PD_4': 1.0, 'PD_3,PD_5': 1.0, 'PD_4,PD_5': 1.0}, ASR: 1.25, TCB: {'PD_1': ['PD_3', 'PD_4', 'PD_5'], 'PD_3': ['PD_1', 'PD_4', 'PD_5'], 'PD_4': ['PD_1', 'PD_3', 'PD_5'], 'PD_5': ['PD_1', 'PD_3', 'PD_4']}, FR: {'PD_1,PD_3': inf, 'PD_1,PD_4': inf, 'PD_1,PD_5': inf, 'PD_3,PD_4': inf, 'PD_3,PD_5': inf, 'PD_4,PD_5': inf}
  Computing metrics...
    RSI: {'PD_1,PD_3': 1.0, 'PD_1,PD_4': 1.0, 'PD_1,PD_5': 1.0, 'PD_3,PD_4': 1.0, 'PD_3,PD_5': 1.0, 'PD_4,PD_5': 1.0}, ASR: 1.5, TCB: {'PD_1': ['PD_3', 'PD_4', 'PD_5'], 'PD_3': ['PD_1', 'PD_4', 'PD_5'], 'PD_4': ['PD_1', 'PD_3', 'PD_5'], 'PD_5': ['PD_3', 'PD_1', 'PD_4']}, FR: {'PD_1,PD_3': inf, 'PD_1,PD_4': inf, 'PD_1,PD_5': 2, 'PD_3,PD_4': inf, 'PD_3,PD_5': inf, 'PD_4,PD_5': inf}
  Computing metrics...
    RSI: {'PD_1,PD_3': 1.0, 'PD_1,PD_4': 1.0, 'PD_1,PD_5': 1.0, 'PD_3,PD_4': 1.0, 'PD_3,PD_5': 1.0, 'PD_4,PD_5': 1.0}, ASR: 1.25, TCB: {'PD_1': ['PD_3', 'PD_4', 'PD_5'], 'PD_3': ['PD_1', 'PD_4', 'PD_5'], 'PD_4': ['PD_1', 'PD_3', 'PD_5'], 'PD_5': ['PD_1', 'PD_3', 'PD_4']}, FR: {'PD_1,PD_3': inf, 'PD_1,PD_4': inf, 'PD_1,PD_5': inf, 'PD_3,PD_4': inf, 'PD_3,PD_5': inf, 'PD_4,PD_5': inf}
  Computing metrics...
    RSI: {'PD_1,PD_3': 1.0, 'PD_1,PD_4': 1.0, 'PD_1,PD_5': 1.0, 'PD_3,PD_4': 1.0, 'PD_3,PD_5': 1.0, 'PD_4,PD_5': 1.0}, ASR: 1.5, TCB: {'PD_1': ['PD_3', 'PD_4', 'PD_5'], 'PD_3': ['PD_1', 'PD_4', 'PD_5'], 'PD_4': ['PD_1', 'PD_3', 'PD_5'], 'PD_5': ['PD_4', 'PD_1', 'PD_3']}, FR: {'PD_1,PD_3': inf, 'PD_1,PD_4': inf, 'PD_1,PD_5': inf, 'PD_3,PD_4': inf, 'PD_3,PD_5': inf, 'PD_4,PD_5': inf}
  Computing metrics...
    RSI: {'PD_1,PD_3': 1.0, 'PD_1,PD_4': 1.0, 'PD_1,PD_5': 1.0, 'PD_3,PD_4': 1.0, 'PD_3,PD_5': 1.0, 'PD_4,PD_5': 1.0}, ASR: 1.25, TCB: {'PD_1': ['PD_3', 'PD_4', 'PD_5'], 'PD_3': ['PD_1', 'PD_4', 'PD_5'], 'PD_4': ['PD_1', 'PD_3', 'PD_5'], 'PD_5': ['PD_1', 'PD_3', 'PD_4']}, FR: {'PD_1,PD_3': inf, 'PD_1,PD_4': inf, 'PD_1,PD_5': inf, 'PD_3,PD_4': inf, 'PD_3,PD_5': inf, 'PD_4,PD_5': inf}
  Computing metrics...
    RSI: {'PD_1,PD_3': 1.0, 'PD_1,PD_4': 1.0, 'PD_1,PD_5': 1.0, 'PD_3,PD_4': 1.0, 'PD_3,PD_5': 1.0, 'PD_4,PD_5': 1.0}, ASR: 1.25, TCB: {'PD_1': ['PD_3', 'PD_4', 'PD_5'], 'PD_3': ['PD_1', 'PD_4', 'PD_5'], 'PD_4': ['PD_1', 'PD_3', 'PD_5'], 'PD_5': ['PD_1', 'PD_3', 'PD_4']}, FR: {'PD_1,PD_3': inf, 'PD_1,PD_4': inf, 'PD_1,PD_5': inf, 'PD_3,PD_4': inf, 'PD_3,PD_5': inf, 'PD_4,PD_5': inf}
  Computing metrics...
    RSI: {'PD_1,PD_3': 1.0, 'PD_1,PD_4': 1.0, 'PD_1,PD_5': 1.0, 'PD_3,PD_4': 1.0, 'PD_3,PD_5': 1.0, 'PD_4,PD_5': 1.0}, ASR: 1.25, TCB: {'PD_1': ['PD_3', 'PD_4', 'PD_5'], 'PD_3': ['PD_1', 'PD_4', 'PD_5'], 'PD_4': ['PD_1', 'PD_3', 'PD_5'], 'PD_5': ['PD_1', 'PD_3', 'PD_4']}, FR: {'PD_1,PD_3': inf, 'PD_1,PD_4': inf, 'PD_1,PD_5': inf, 'PD_3,PD_4': inf, 'PD_3,PD_5': inf, 'PD_4,PD_5': inf}
  Computing metrics...
    RSI: {'PD_1,PD_3': 1.0, 'PD_1,PD_4': 1.0, 'PD_1,PD_5': 1.0, 'PD_3,PD_4': 1.0, 'PD_3,PD_5': 1.0, 'PD_4,PD_5': 1.0}, ASR: 1.25, TCB: {'PD_1': ['PD_3', 'PD_4', 'PD_5'], 'PD_3': ['PD_1', 'PD_4', 'PD_5'], 'PD_4': ['PD_1', 'PD_3', 'PD_5'], 'PD_5': ['PD_1', 'PD_3', 'PD_4']}, FR: {'PD_1,PD_3': inf, 'PD_1,PD_4': inf, 'PD_1,PD_5': inf, 'PD_3,PD_4': inf, 'PD_3,PD_5': inf, 'PD_4,PD_5': inf}
  🚫 Filtered out 0 'add_hold_edge(connect PD_5 to FILE_1_1)' candidates (avoiding repetition)
  Trying best transition: primitive
    Target: add new protection domain to help resolve 2 constraint violation(s)
    Predicted improvement: 0.100
    Considered 21 other option(s):
      1. primitive: create new CONFIG file in FILE_SPACE_1 (improvement: 0.100)
      2. primitive: create new DATABASE file in FILE_SPACE_1 (improvement: 0.100)
      3. primitive: create new TEMP file in FILE_SPACE_1 (improvement: 0.100)
      4. primitive: create new LOG file in FILE_SPACE_1 (improvement: 0.100)
      5. primitive: remove FILE_1_1 (holders: 4) (improvement: 0.100)
      6. primitive: remove PD_3 -> FILE_1_1 HOLD edge (improvement: 0.100)
      7. primitive: remove PD_4 -> FILE_1_1 HOLD edge (improvement: 0.100)
      8. primitive: remove PD_5 -> FILE_1_1 HOLD edge (improvement: 0.100)
      9. primitive: enable indirect access: PD_1 -> PD_4 (improvement: 0.100)
      10. primitive: enable indirect access: PD_1 -> PD_5 (improvement: 0.100)
      ... and 11 more
    ✅ Applied add_pd
  📋 Generated 22 candidate(s)
  Computing metrics...
    RSI: {'PD_1,PD_3': 1.0, 'PD_1,PD_4': 1.0, 'PD_1,PD_5': 1.0, 'PD_1,PD_6': 0.0, 'PD_3,PD_4': 1.0, 'PD_3,PD_5': 1.0, 'PD_3,PD_6': 0.0, 'PD_4,PD_5': 1.0, 'PD_4,PD_6': 0.0, 'PD_5,PD_6': 0.0}, ASR: 1.0, TCB: {'PD_1': ['PD_3', 'PD_4', 'PD_5'], 'PD_3': ['PD_1', 'PD_4', 'PD_5'], 'PD_4': ['PD_1', 'PD_3', 'PD_5'], 'PD_5': ['PD_1', 'PD_3', 'PD_4'], 'PD_6': []}, FR: {'PD_1,PD_3': inf, 'PD_1,PD_4': inf, 'PD_1,PD_5': inf, 'PD_1,PD_6': inf, 'PD_3,PD_4': inf, 'PD_3,PD_5': inf, 'PD_3,PD_6': inf, 'PD_4,PD_5': inf, 'PD_4,PD_6': inf, 'PD_5,PD_6': inf}
    ✅ Added candidate: add_pd (score: 0.100)
  Computing metrics...
    RSI: {'PD_1,PD_3': 1.0, 'PD_1,PD_4': 1.0, 'PD_1,PD_5': 1.0, 'PD_3,PD_4': 1.0, 'PD_3,PD_5': 1.0, 'PD_4,PD_5': 1.0}, ASR: 1.25, TCB: {'PD_1': ['PD_3', 'PD_4', 'PD_5'], 'PD_3': ['PD_1', 'PD_4', 'PD_5'], 'PD_4': ['PD_1', 'PD_3', 'PD_5'], 'PD_5': ['PD_1', 'PD_3', 'PD_4']}, FR: {'PD_1,PD_3': inf, 'PD_1,PD_4': inf, 'PD_1,PD_5': inf, 'PD_3,PD_4': inf, 'PD_3,PD_5': inf, 'PD_4,PD_5': inf}
    ✅ Added candidate: add_file_resource (score: 0.100)

🌟 Expanding Beam[2] (score: 0.767)
  ⚠️  Constraints violated: PD_1 lacks any access to FILE_1_1; PD_1 lacks access to any files
  Computing metrics...
    RSI: {'PD_2,PD_3': 0.5, 'PD_2,PD_4': 0.5, 'PD_3,PD_4': 1.0}, ASR: 1.6666666666666667, TCB: {'PD_2': ['PD_4', 'PD_3'], 'PD_3': ['PD_2', 'PD_4'], 'PD_4': ['PD_2', 'PD_3']}, FR: {'PD_2,PD_3': inf, 'PD_2,PD_4': inf, 'PD_3,PD_4': inf}
  Computing metrics...
    RSI: {'PD_2,PD_3': 0.5, 'PD_2,PD_4': 0.5, 'PD_3,PD_4': 1.0}, ASR: 1.6666666666666667, TCB: {'PD_2': ['PD_4', 'PD_3'], 'PD_3': ['PD_2', 'PD_4'], 'PD_4': ['PD_2', 'PD_3']}, FR: {'PD_2,PD_3': inf, 'PD_2,PD_4': inf, 'PD_3,PD_4': inf}
  Computing metrics...
    RSI: {'PD_2,PD_3': 0.5, 'PD_2,PD_4': 0.5, 'PD_3,PD_4': 1.0}, ASR: 1.6666666666666667, TCB: {'PD_2': ['PD_4', 'PD_3'], 'PD_3': ['PD_2', 'PD_4'], 'PD_4': ['PD_2', 'PD_3']}, FR: {'PD_2,PD_3': inf, 'PD_2,PD_4': inf, 'PD_3,PD_4': inf}
  Computing metrics...
    RSI: {'PD_2,PD_3': 0.5, 'PD_2,PD_4': 0.5, 'PD_3,PD_4': 1.0}, ASR: 1.6666666666666667, TCB: {'PD_2': ['PD_4', 'PD_3'], 'PD_3': ['PD_2', 'PD_4'], 'PD_4': ['PD_2', 'PD_3']}, FR: {'PD_2,PD_3': inf, 'PD_2,PD_4': inf, 'PD_3,PD_4': inf}
  Computing metrics...
    RSI: {'PD_2,PD_3': 0.5, 'PD_2,PD_4': 0.5, 'PD_3,PD_4': 1.0}, ASR: 1.6666666666666667, TCB: {'PD_2': ['PD_4', 'PD_3'], 'PD_3': ['PD_2', 'PD_4'], 'PD_4': ['PD_2', 'PD_3']}, FR: {'PD_2,PD_3': inf, 'PD_2,PD_4': inf, 'PD_3,PD_4': inf}
  Computing metrics...
    RSI: {'PD_2,PD_3': 0.5, 'PD_2,PD_4': 0.5, 'PD_3,PD_4': 1.0}, ASR: 1.6666666666666667, TCB: {'PD_2': ['PD_4', 'PD_3'], 'PD_3': ['PD_2', 'PD_4'], 'PD_4': ['PD_2', 'PD_3']}, FR: {'PD_2,PD_3': inf, 'PD_2,PD_4': inf, 'PD_3,PD_4': inf}
  Computing metrics...
    RSI: {'PD_2,PD_3': 0.5, 'PD_2,PD_4': 0.5, 'PD_3,PD_4': 1.0}, ASR: 1.6666666666666667, TCB: {'PD_2': ['PD_4', 'PD_3'], 'PD_3': ['PD_2', 'PD_4'], 'PD_4': ['PD_2', 'PD_3']}, FR: {'PD_2,PD_3': inf, 'PD_2,PD_4': inf, 'PD_3,PD_4': inf}
  Computing metrics...
    RSI: {'PD_2,PD_3': 0.5, 'PD_2,PD_4': 0.5, 'PD_3,PD_4': 1.0}, ASR: 1.6666666666666667, TCB: {'PD_2': ['PD_4', 'PD_3'], 'PD_3': ['PD_2', 'PD_4'], 'PD_4': ['PD_2', 'PD_3']}, FR: {'PD_2,PD_3': inf, 'PD_2,PD_4': inf, 'PD_3,PD_4': inf}
  Computing metrics...
    RSI: {'PD_2,PD_3': 0.5, 'PD_2,PD_4': 0.5, 'PD_3,PD_4': 1.0}, ASR: 1.6666666666666667, TCB: {'PD_2': ['PD_4', 'PD_3'], 'PD_3': ['PD_2', 'PD_4'], 'PD_4': ['PD_2', 'PD_3']}, FR: {'PD_2,PD_3': inf, 'PD_2,PD_4': inf, 'PD_3,PD_4': inf}
  Computing metrics...
    RSI: {'PD_2,PD_3': 0.5, 'PD_2,PD_4': 0.5, 'PD_3,PD_4': 1.0}, ASR: 1.6666666666666667, TCB: {'PD_2': ['PD_4', 'PD_3'], 'PD_3': ['PD_2', 'PD_4'], 'PD_4': ['PD_2', 'PD_3']}, FR: {'PD_2,PD_3': inf, 'PD_2,PD_4': inf, 'PD_3,PD_4': inf}
  Computing metrics...
    RSI: {'PD_2,PD_3': 0.5, 'PD_2,PD_4': 0.5, 'PD_3,PD_4': 1.0}, ASR: 1.6666666666666667, TCB: {'PD_2': ['PD_4', 'PD_3'], 'PD_3': ['PD_2', 'PD_4'], 'PD_4': ['PD_2', 'PD_3']}, FR: {'PD_2,PD_3': inf, 'PD_2,PD_4': inf, 'PD_3,PD_4': inf}
  Computing metrics...
    RSI: {'PD_2,PD_3': 0.5, 'PD_2,PD_4': 0.5, 'PD_3,PD_4': 1.0}, ASR: 1.6666666666666667, TCB: {'PD_2': ['PD_4', 'PD_3'], 'PD_3': ['PD_2', 'PD_4'], 'PD_4': ['PD_2', 'PD_3']}, FR: {'PD_2,PD_3': inf, 'PD_2,PD_4': inf, 'PD_3,PD_4': inf}
  Computing metrics...
    RSI: {'PD_2,PD_3': 0.5, 'PD_2,PD_4': 0.5, 'PD_3,PD_4': 1.0}, ASR: 1.6666666666666667, TCB: {'PD_2': ['PD_4', 'PD_3'], 'PD_3': ['PD_2', 'PD_4'], 'PD_4': ['PD_2', 'PD_3']}, FR: {'PD_2,PD_3': inf, 'PD_2,PD_4': inf, 'PD_3,PD_4': inf}
  Computing metrics...
    RSI: {'PD_2,PD_3': 1.0, 'PD_2,PD_4': 0.5, 'PD_3,PD_4': 0.5}, ASR: 2.0, TCB: {'PD_2': ['PD_4', 'PD_3'], 'PD_3': ['PD_2', 'PD_4'], 'PD_4': ['PD_2', 'PD_3']}, FR: {'PD_2,PD_3': inf, 'PD_2,PD_4': inf, 'PD_3,PD_4': inf}
  Computing metrics...
    RSI: {'PD_2,PD_3': 0.5, 'PD_2,PD_4': 0.5, 'PD_3,PD_4': 1.0}, ASR: 1.6666666666666667, TCB: {'PD_2': ['PD_4', 'PD_3'], 'PD_3': ['PD_2', 'PD_4'], 'PD_4': ['PD_2', 'PD_3']}, FR: {'PD_2,PD_3': inf, 'PD_2,PD_4': inf, 'PD_3,PD_4': inf}
  Computing metrics...
    RSI: {'PD_2,PD_3': 0.5, 'PD_2,PD_4': 1.0, 'PD_3,PD_4': 0.5}, ASR: 2.0, TCB: {'PD_2': ['PD_4', 'PD_3'], 'PD_3': ['PD_2', 'PD_4'], 'PD_4': ['PD_2', 'PD_3']}, FR: {'PD_2,PD_3': inf, 'PD_2,PD_4': inf, 'PD_3,PD_4': inf}
  Computing metrics...
    RSI: {'PD_2,PD_3': 0.5, 'PD_2,PD_4': 0.5, 'PD_3,PD_4': 1.0}, ASR: 1.6666666666666667, TCB: {'PD_2': ['PD_4', 'PD_3'], 'PD_3': ['PD_2', 'PD_4'], 'PD_4': ['PD_2', 'PD_3']}, FR: {'PD_2,PD_3': inf, 'PD_2,PD_4': inf, 'PD_3,PD_4': inf}
  Computing metrics...
    RSI: {'PD_2,PD_3': 0.5, 'PD_2,PD_4': 0.5, 'PD_3,PD_4': 1.0}, ASR: 1.6666666666666667, TCB: {'PD_2': ['PD_4', 'PD_3'], 'PD_3': ['PD_2', 'PD_4'], 'PD_4': ['PD_2', 'PD_3']}, FR: {'PD_2,PD_3': inf, 'PD_2,PD_4': inf, 'PD_3,PD_4': inf}
    remove_hold_edge candidate: remove PD_2 -> FILE_1_1 HOLD edge -> score: 0.100
  Computing metrics...
    RSI: {'PD_2,PD_3': 0.5, 'PD_2,PD_4': 0.5, 'PD_3,PD_4': 1.0}, ASR: 1.6666666666666667, TCB: {'PD_2': ['PD_4', 'PD_3'], 'PD_3': ['PD_2', 'PD_4'], 'PD_4': ['PD_2', 'PD_3']}, FR: {'PD_2,PD_3': inf, 'PD_2,PD_4': inf, 'PD_3,PD_4': inf}
  Computing metrics...
    RSI: {'PD_2,PD_3': 0.5, 'PD_2,PD_4': 0.5, 'PD_3,PD_4': 1.0}, ASR: 1.6666666666666667, TCB: {'PD_2': ['PD_4', 'PD_3'], 'PD_3': ['PD_2', 'PD_4'], 'PD_4': ['PD_2', 'PD_3']}, FR: {'PD_2,PD_3': inf, 'PD_2,PD_4': inf, 'PD_3,PD_4': inf}
    remove_hold_edge candidate: remove PD_2 -> FILE_1_2 HOLD edge -> score: 0.100
  Computing metrics...
    RSI: {'PD_2,PD_3': 0.5, 'PD_2,PD_4': 0.5, 'PD_3,PD_4': 1.0}, ASR: 1.6666666666666667, TCB: {'PD_2': ['PD_4', 'PD_3'], 'PD_3': ['PD_2', 'PD_4'], 'PD_4': ['PD_2', 'PD_3']}, FR: {'PD_2,PD_3': inf, 'PD_2,PD_4': inf, 'PD_3,PD_4': inf}
  Computing metrics...
    RSI: {'PD_2,PD_3': 0.5, 'PD_2,PD_4': 0.5, 'PD_3,PD_4': 1.0}, ASR: 1.6666666666666667, TCB: {'PD_2': ['PD_4', 'PD_3'], 'PD_3': ['PD_2', 'PD_4'], 'PD_4': ['PD_2', 'PD_3']}, FR: {'PD_2,PD_3': inf, 'PD_2,PD_4': inf, 'PD_3,PD_4': inf}
    remove_hold_edge candidate: remove PD_3 -> FILE_1_1 HOLD edge -> score: 0.100
  Computing metrics...
    RSI: {'PD_2,PD_3': 0.5, 'PD_2,PD_4': 0.5, 'PD_3,PD_4': 1.0}, ASR: 1.6666666666666667, TCB: {'PD_2': ['PD_4', 'PD_3'], 'PD_3': ['PD_2', 'PD_4'], 'PD_4': ['PD_2', 'PD_3']}, FR: {'PD_2,PD_3': inf, 'PD_2,PD_4': inf, 'PD_3,PD_4': inf}
  Computing metrics...
    RSI: {'PD_2,PD_3': 0.5, 'PD_2,PD_4': 0.5, 'PD_3,PD_4': 1.0}, ASR: 1.6666666666666667, TCB: {'PD_2': ['PD_4', 'PD_3'], 'PD_3': ['PD_2', 'PD_4'], 'PD_4': ['PD_2', 'PD_3']}, FR: {'PD_2,PD_3': inf, 'PD_2,PD_4': inf, 'PD_3,PD_4': inf}
    remove_hold_edge candidate: remove PD_4 -> FILE_1_1 HOLD edge -> score: 0.100
  Computing metrics...
    RSI: {'PD_2,PD_3': 0.5, 'PD_2,PD_4': 0.5, 'PD_3,PD_4': 1.0}, ASR: 1.6666666666666667, TCB: {'PD_2': ['PD_4', 'PD_3'], 'PD_3': ['PD_2', 'PD_4'], 'PD_4': ['PD_2', 'PD_3']}, FR: {'PD_2,PD_3': inf, 'PD_2,PD_4': inf, 'PD_3,PD_4': inf}
  Computing metrics...
    RSI: {'PD_2,PD_3': 0.5, 'PD_2,PD_4': 0.5, 'PD_3,PD_4': 1.0}, ASR: 2.0, TCB: {'PD_2': ['PD_4', 'PD_3'], 'PD_3': ['PD_2', 'PD_4'], 'PD_4': ['PD_2', 'PD_3']}, FR: {'PD_2,PD_3': inf, 'PD_2,PD_4': inf, 'PD_3,PD_4': inf}
  Computing metrics...
    RSI: {'PD_2,PD_3': 0.5, 'PD_2,PD_4': 0.5, 'PD_3,PD_4': 1.0}, ASR: 1.6666666666666667, TCB: {'PD_2': ['PD_4', 'PD_3'], 'PD_3': ['PD_2', 'PD_4'], 'PD_4': ['PD_2', 'PD_3']}, FR: {'PD_2,PD_3': inf, 'PD_2,PD_4': inf, 'PD_3,PD_4': inf}
  Computing metrics...
    RSI: {'PD_2,PD_3': 0.5, 'PD_2,PD_4': 0.5, 'PD_3,PD_4': 1.0}, ASR: 2.0, TCB: {'PD_2': ['PD_4', 'PD_3'], 'PD_3': ['PD_2', 'PD_4'], 'PD_4': ['PD_2', 'PD_3']}, FR: {'PD_2,PD_3': 3, 'PD_2,PD_4': inf, 'PD_3,PD_4': inf}
  Computing metrics...
    RSI: {'PD_2,PD_3': 0.5, 'PD_2,PD_4': 0.5, 'PD_3,PD_4': 1.0}, ASR: 1.6666666666666667, TCB: {'PD_2': ['PD_4', 'PD_3'], 'PD_3': ['PD_2', 'PD_4'], 'PD_4': ['PD_2', 'PD_3']}, FR: {'PD_2,PD_3': inf, 'PD_2,PD_4': inf, 'PD_3,PD_4': inf}
  Computing metrics...
    RSI: {'PD_2,PD_3': 0.5, 'PD_2,PD_4': 0.5, 'PD_3,PD_4': 1.0}, ASR: 2.0, TCB: {'PD_2': ['PD_4', 'PD_3'], 'PD_3': ['PD_4', 'PD_2'], 'PD_4': ['PD_2', 'PD_3']}, FR: {'PD_2,PD_3': 2, 'PD_2,PD_4': inf, 'PD_3,PD_4': inf}
  Computing metrics...
    RSI: {'PD_2,PD_3': 0.5, 'PD_2,PD_4': 0.5, 'PD_3,PD_4': 1.0}, ASR: 1.6666666666666667, TCB: {'PD_2': ['PD_4', 'PD_3'], 'PD_3': ['PD_2', 'PD_4'], 'PD_4': ['PD_2', 'PD_3']}, FR: {'PD_2,PD_3': inf, 'PD_2,PD_4': inf, 'PD_3,PD_4': inf}
  Computing metrics...
    RSI: {'PD_2,PD_3': 0.5, 'PD_2,PD_4': 0.5, 'PD_3,PD_4': 1.0}, ASR: 2.0, TCB: {'PD_2': ['PD_4', 'PD_3'], 'PD_3': ['PD_2', 'PD_4'], 'PD_4': ['PD_2', 'PD_3']}, FR: {'PD_2,PD_3': inf, 'PD_2,PD_4': inf, 'PD_3,PD_4': inf}
  Computing metrics...
    RSI: {'PD_2,PD_3': 0.5, 'PD_2,PD_4': 0.5, 'PD_3,PD_4': 1.0}, ASR: 1.6666666666666667, TCB: {'PD_2': ['PD_4', 'PD_3'], 'PD_3': ['PD_2', 'PD_4'], 'PD_4': ['PD_2', 'PD_3']}, FR: {'PD_2,PD_3': inf, 'PD_2,PD_4': inf, 'PD_3,PD_4': inf}
  Computing metrics...
    RSI: {'PD_2,PD_3': 0.5, 'PD_2,PD_4': 0.5, 'PD_3,PD_4': 1.0}, ASR: 2.0, TCB: {'PD_2': ['PD_4', 'PD_3'], 'PD_3': ['PD_2', 'PD_4'], 'PD_4': ['PD_3', 'PD_2']}, FR: {'PD_2,PD_3': inf, 'PD_2,PD_4': 3, 'PD_3,PD_4': inf}
  Computing metrics...
    RSI: {'PD_2,PD_3': 0.5, 'PD_2,PD_4': 0.5, 'PD_3,PD_4': 1.0}, ASR: 1.6666666666666667, TCB: {'PD_2': ['PD_4', 'PD_3'], 'PD_3': ['PD_2', 'PD_4'], 'PD_4': ['PD_2', 'PD_3']}, FR: {'PD_2,PD_3': inf, 'PD_2,PD_4': inf, 'PD_3,PD_4': inf}
  Computing metrics...
    RSI: {'PD_2,PD_3': 0.5, 'PD_2,PD_4': 0.5, 'PD_3,PD_4': 1.0}, ASR: 1.6666666666666667, TCB: {'PD_2': ['PD_4', 'PD_3'], 'PD_3': ['PD_2', 'PD_4'], 'PD_4': ['PD_2', 'PD_3']}, FR: {'PD_2,PD_3': inf, 'PD_2,PD_4': inf, 'PD_3,PD_4': inf}
  Computing metrics...
    RSI: {'PD_2,PD_3': 0.5, 'PD_2,PD_4': 0.5, 'PD_3,PD_4': 1.0}, ASR: 1.6666666666666667, TCB: {'PD_2': ['PD_4', 'PD_3'], 'PD_3': ['PD_2', 'PD_4'], 'PD_4': ['PD_2', 'PD_3']}, FR: {'PD_2,PD_3': inf, 'PD_2,PD_4': inf, 'PD_3,PD_4': inf}
  Computing metrics...
    RSI: {'PD_2,PD_3': 0.5, 'PD_2,PD_4': 0.5, 'PD_3,PD_4': 1.0}, ASR: 1.6666666666666667, TCB: {'PD_2': ['PD_4', 'PD_3'], 'PD_3': ['PD_2', 'PD_4'], 'PD_4': ['PD_2', 'PD_3']}, FR: {'PD_2,PD_3': inf, 'PD_2,PD_4': inf, 'PD_3,PD_4': inf}
  Computing metrics...
    RSI: {'PD_2,PD_3': 0.5, 'PD_2,PD_4': 0.5, 'PD_3,PD_4': 1.0}, ASR: 1.6666666666666667, TCB: {'PD_2': ['PD_4', 'PD_3'], 'PD_3': ['PD_2', 'PD_4'], 'PD_4': ['PD_2', 'PD_3']}, FR: {'PD_2,PD_3': inf, 'PD_2,PD_4': inf, 'PD_3,PD_4': inf}
  Computing metrics...
    RSI: {'PD_2,PD_3': 0.5, 'PD_2,PD_4': 0.5, 'PD_3,PD_4': 1.0}, ASR: 1.6666666666666667, TCB: {'PD_2': ['PD_4', 'PD_3'], 'PD_3': ['PD_2', 'PD_4'], 'PD_4': ['PD_2', 'PD_3']}, FR: {'PD_2,PD_3': inf, 'PD_2,PD_4': inf, 'PD_3,PD_4': inf}
  🚫 Filtered out 0 'add_hold_edge(connect PD_2 to orphaned resource FILE_1_2)' candidates (avoiding repetition)
  🎲 Exploration: selecting candidate #1 instead of best
  Trying best transition: primitive
    Target: add new protection domain to help resolve 2 constraint violation(s)
    Predicted improvement: 0.100
    Considered 19 other option(s):
      1. primitive: create new CONFIG file in FILE_SPACE_1 (improvement: 0.100)
      2. primitive: create new DATABASE file in FILE_SPACE_1 (improvement: 0.100)
      3. primitive: create new TEMP file in FILE_SPACE_1 (improvement: 0.100)
      4. primitive: create new LOG file in FILE_SPACE_1 (improvement: 0.100)
      5. primitive: remove FILE_1_1 (holders: 3) (improvement: 0.100)
      6. primitive: connect PD_3 to FILE_1_2 (improvement: 0.100)
      7. primitive: connect PD_4 to FILE_1_2 (improvement: 0.100)
      8. primitive: remove PD_2 -> FILE_1_1 HOLD edge (improvement: 0.100)
      9. primitive: remove PD_2 -> FILE_1_2 HOLD edge (improvement: 0.100)
      10. primitive: remove PD_3 -> FILE_1_1 HOLD edge (improvement: 0.100)
      ... and 9 more
    ✅ Applied add_pd
  📋 Generated 20 candidate(s)
  Computing metrics...
    RSI: {'PD_2,PD_3': 0.5, 'PD_2,PD_4': 0.5, 'PD_2,PD_5': 0.0, 'PD_3,PD_4': 1.0, 'PD_3,PD_5': 0.0, 'PD_4,PD_5': 0.0}, ASR: 1.25, TCB: {'PD_2': ['PD_4', 'PD_3'], 'PD_3': ['PD_2', 'PD_4'], 'PD_4': ['PD_2', 'PD_3'], 'PD_5': []}, FR: {'PD_2,PD_3': inf, 'PD_2,PD_4': inf, 'PD_2,PD_5': inf, 'PD_3,PD_4': inf, 'PD_3,PD_5': inf, 'PD_4,PD_5': inf}
    ✅ Added candidate: add_pd (score: 0.100)
  Computing metrics...
    RSI: {'PD_2,PD_3': 0.5, 'PD_2,PD_4': 0.5, 'PD_3,PD_4': 1.0}, ASR: 1.6666666666666667, TCB: {'PD_2': ['PD_4', 'PD_3'], 'PD_3': ['PD_2', 'PD_4'], 'PD_4': ['PD_2', 'PD_3']}, FR: {'PD_2,PD_3': inf, 'PD_2,PD_4': inf, 'PD_3,PD_4': inf}
    ✅ Added candidate: add_file_resource (score: 0.100)

📊 Next beam (3 states):
  Beam[0]: BeamState(iter=5, score=0.100, path=add_pd(add new protection domain to help resolve 2 constraint violation(s)) → add_hold_edge(connect PD_5 to FILE_1_1) → add_pd(add new protection domain to help resolve 2 constraint violation(s)))
  Beam[1]: BeamState(iter=5, score=0.100, path=add_pd(add new protection domain to help resolve 2 constraint violation(s)) → add_hold_edge(connect PD_5 to FILE_1_1) → add_file_resource(create new CONFIG file in FILE_SPACE_1))
  Beam[2]: BeamState(iter=5, score=0.100, path=add_pd(add new protection domain to help resolve 2 constraint violation(s)) → add_hold_edge(connect PD_5 to FILE_1_1) → add_pd(add new protection domain to help resolve 2 constraint violation(s)))
💡 Total candidates generated: 6
🎯 Mechanisms discovered so far: 0

============================================================
🔍 Beam Search Iteration 6/8
📊 Current beam size: 3
  Beam[0]: BeamState(iter=5, score=0.100, path=add_pd(add new protection domain to help resolve 2 constraint violation(s)) → add_hold_edge(connect PD_5 to FILE_1_1) → add_pd(add new protection domain to help resolve 2 constraint violation(s)))
  Beam[1]: BeamState(iter=5, score=0.100, path=add_pd(add new protection domain to help resolve 2 constraint violation(s)) → add_hold_edge(connect PD_5 to FILE_1_1) → add_file_resource(create new CONFIG file in FILE_SPACE_1))
  Beam[2]: BeamState(iter=5, score=0.100, path=add_pd(add new protection domain to help resolve 2 constraint violation(s)) → add_hold_edge(connect PD_5 to FILE_1_1) → add_pd(add new protection domain to help resolve 2 constraint violation(s)))

🌟 Expanding Beam[0] (score: 0.100)
  ⚠️  Constraints violated: PD_1 lacks any access to FILE_1_1; PD_1 lacks access to any files
  Computing metrics...
    RSI: {'PD_2,PD_3': 1.0, 'PD_2,PD_4': 1.0, 'PD_2,PD_5': 1.0, 'PD_2,PD_6': 0.0, 'PD_3,PD_4': 1.0, 'PD_3,PD_5': 1.0, 'PD_3,PD_6': 0.0, 'PD_4,PD_5': 1.0, 'PD_4,PD_6': 0.0, 'PD_5,PD_6': 0.0}, ASR: 1.0, TCB: {'PD_2': ['PD_4', 'PD_3', 'PD_5'], 'PD_3': ['PD_2', 'PD_4', 'PD_5'], 'PD_4': ['PD_2', 'PD_3', 'PD_5'], 'PD_5': ['PD_2', 'PD_3', 'PD_4'], 'PD_6': []}, FR: {'PD_2,PD_3': inf, 'PD_2,PD_4': inf, 'PD_2,PD_5': inf, 'PD_2,PD_6': inf, 'PD_3,PD_4': inf, 'PD_3,PD_5': inf, 'PD_3,PD_6': inf, 'PD_4,PD_5': inf, 'PD_4,PD_6': inf, 'PD_5,PD_6': inf}
  Computing metrics...
    RSI: {'PD_2,PD_3': 1.0, 'PD_2,PD_4': 1.0, 'PD_2,PD_5': 1.0, 'PD_2,PD_6': 0.0, 'PD_3,PD_4': 1.0, 'PD_3,PD_5': 1.0, 'PD_3,PD_6': 0.0, 'PD_4,PD_5': 1.0, 'PD_4,PD_6': 0.0, 'PD_5,PD_6': 0.0}, ASR: 1.0, TCB: {'PD_2': ['PD_4', 'PD_3', 'PD_5'], 'PD_3': ['PD_2', 'PD_4', 'PD_5'], 'PD_4': ['PD_2', 'PD_3', 'PD_5'], 'PD_5': ['PD_2', 'PD_3', 'PD_4'], 'PD_6': []}, FR: {'PD_2,PD_3': inf, 'PD_2,PD_4': inf, 'PD_2,PD_5': inf, 'PD_2,PD_6': inf, 'PD_3,PD_4': inf, 'PD_3,PD_5': inf, 'PD_3,PD_6': inf, 'PD_4,PD_5': inf, 'PD_4,PD_6': inf, 'PD_5,PD_6': inf}
  Computing metrics...
    RSI: {'PD_2,PD_3': 1.0, 'PD_2,PD_4': 1.0, 'PD_2,PD_5': 1.0, 'PD_2,PD_6': 0.0, 'PD_3,PD_4': 1.0, 'PD_3,PD_5': 1.0, 'PD_3,PD_6': 0.0, 'PD_4,PD_5': 1.0, 'PD_4,PD_6': 0.0, 'PD_5,PD_6': 0.0}, ASR: 1.0, TCB: {'PD_2': ['PD_4', 'PD_3', 'PD_5'], 'PD_3': ['PD_2', 'PD_4', 'PD_5'], 'PD_4': ['PD_2', 'PD_3', 'PD_5'], 'PD_5': ['PD_2', 'PD_3', 'PD_4'], 'PD_6': []}, FR: {'PD_2,PD_3': inf, 'PD_2,PD_4': inf, 'PD_2,PD_5': inf, 'PD_2,PD_6': inf, 'PD_3,PD_4': inf, 'PD_3,PD_5': inf, 'PD_3,PD_6': inf, 'PD_4,PD_5': inf, 'PD_4,PD_6': inf, 'PD_5,PD_6': inf}
  Computing metrics...
    RSI: {'PD_2,PD_3': 1.0, 'PD_2,PD_4': 1.0, 'PD_2,PD_5': 1.0, 'PD_2,PD_6': 0.0, 'PD_3,PD_4': 1.0, 'PD_3,PD_5': 1.0, 'PD_3,PD_6': 0.0, 'PD_4,PD_5': 1.0, 'PD_4,PD_6': 0.0, 'PD_5,PD_6': 0.0}, ASR: 1.0, TCB: {'PD_2': ['PD_4', 'PD_3', 'PD_5'], 'PD_3': ['PD_2', 'PD_4', 'PD_5'], 'PD_4': ['PD_2', 'PD_3', 'PD_5'], 'PD_5': ['PD_2', 'PD_3', 'PD_4'], 'PD_6': []}, FR: {'PD_2,PD_3': inf, 'PD_2,PD_4': inf, 'PD_2,PD_5': inf, 'PD_2,PD_6': inf, 'PD_3,PD_4': inf, 'PD_3,PD_5': inf, 'PD_3,PD_6': inf, 'PD_4,PD_5': inf, 'PD_4,PD_6': inf, 'PD_5,PD_6': inf}
  Computing metrics...
    RSI: {'PD_2,PD_3': 1.0, 'PD_2,PD_4': 1.0, 'PD_2,PD_5': 1.0, 'PD_2,PD_6': 0.0, 'PD_3,PD_4': 1.0, 'PD_3,PD_5': 1.0, 'PD_3,PD_6': 0.0, 'PD_4,PD_5': 1.0, 'PD_4,PD_6': 0.0, 'PD_5,PD_6': 0.0}, ASR: 1.0, TCB: {'PD_2': ['PD_4', 'PD_3', 'PD_5'], 'PD_3': ['PD_2', 'PD_4', 'PD_5'], 'PD_4': ['PD_2', 'PD_3', 'PD_5'], 'PD_5': ['PD_2', 'PD_3', 'PD_4'], 'PD_6': []}, FR: {'PD_2,PD_3': inf, 'PD_2,PD_4': inf, 'PD_2,PD_5': inf, 'PD_2,PD_6': inf, 'PD_3,PD_4': inf, 'PD_3,PD_5': inf, 'PD_3,PD_6': inf, 'PD_4,PD_5': inf, 'PD_4,PD_6': inf, 'PD_5,PD_6': inf}
  Computing metrics...
    RSI: {'PD_2,PD_3': 1.0, 'PD_2,PD_4': 1.0, 'PD_2,PD_5': 1.0, 'PD_2,PD_6': 0.0, 'PD_3,PD_4': 1.0, 'PD_3,PD_5': 1.0, 'PD_3,PD_6': 0.0, 'PD_4,PD_5': 1.0, 'PD_4,PD_6': 0.0, 'PD_5,PD_6': 0.0}, ASR: 1.0, TCB: {'PD_2': ['PD_4', 'PD_3', 'PD_5'], 'PD_3': ['PD_2', 'PD_4', 'PD_5'], 'PD_4': ['PD_2', 'PD_3', 'PD_5'], 'PD_5': ['PD_2', 'PD_3', 'PD_4'], 'PD_6': []}, FR: {'PD_2,PD_3': inf, 'PD_2,PD_4': inf, 'PD_2,PD_5': inf, 'PD_2,PD_6': inf, 'PD_3,PD_4': inf, 'PD_3,PD_5': inf, 'PD_3,PD_6': inf, 'PD_4,PD_5': inf, 'PD_4,PD_6': inf, 'PD_5,PD_6': inf}
  Computing metrics...
    RSI: {'PD_2,PD_3': 1.0, 'PD_2,PD_4': 1.0, 'PD_2,PD_5': 1.0, 'PD_2,PD_6': 0.0, 'PD_3,PD_4': 1.0, 'PD_3,PD_5': 1.0, 'PD_3,PD_6': 0.0, 'PD_4,PD_5': 1.0, 'PD_4,PD_6': 0.0, 'PD_5,PD_6': 0.0}, ASR: 1.0, TCB: {'PD_2': ['PD_4', 'PD_3', 'PD_5'], 'PD_3': ['PD_2', 'PD_4', 'PD_5'], 'PD_4': ['PD_2', 'PD_3', 'PD_5'], 'PD_5': ['PD_2', 'PD_3', 'PD_4'], 'PD_6': []}, FR: {'PD_2,PD_3': inf, 'PD_2,PD_4': inf, 'PD_2,PD_5': inf, 'PD_2,PD_6': inf, 'PD_3,PD_4': inf, 'PD_3,PD_5': inf, 'PD_3,PD_6': inf, 'PD_4,PD_5': inf, 'PD_4,PD_6': inf, 'PD_5,PD_6': inf}
  Computing metrics...
    RSI: {'PD_2,PD_3': 1.0, 'PD_2,PD_4': 1.0, 'PD_2,PD_5': 1.0, 'PD_2,PD_6': 0.0, 'PD_3,PD_4': 1.0, 'PD_3,PD_5': 1.0, 'PD_3,PD_6': 0.0, 'PD_4,PD_5': 1.0, 'PD_4,PD_6': 0.0, 'PD_5,PD_6': 0.0}, ASR: 1.0, TCB: {'PD_2': ['PD_4', 'PD_3', 'PD_5'], 'PD_3': ['PD_2', 'PD_4', 'PD_5'], 'PD_4': ['PD_2', 'PD_3', 'PD_5'], 'PD_5': ['PD_2', 'PD_3', 'PD_4'], 'PD_6': []}, FR: {'PD_2,PD_3': inf, 'PD_2,PD_4': inf, 'PD_2,PD_5': inf, 'PD_2,PD_6': inf, 'PD_3,PD_4': inf, 'PD_3,PD_5': inf, 'PD_3,PD_6': inf, 'PD_4,PD_5': inf, 'PD_4,PD_6': inf, 'PD_5,PD_6': inf}
  Computing metrics...
    RSI: {'PD_2,PD_3': 1.0, 'PD_2,PD_4': 1.0, 'PD_2,PD_5': 1.0, 'PD_2,PD_6': 0.0, 'PD_3,PD_4': 1.0, 'PD_3,PD_5': 1.0, 'PD_3,PD_6': 0.0, 'PD_4,PD_5': 1.0, 'PD_4,PD_6': 0.0, 'PD_5,PD_6': 0.0}, ASR: 1.0, TCB: {'PD_2': ['PD_4', 'PD_3', 'PD_5'], 'PD_3': ['PD_2', 'PD_4', 'PD_5'], 'PD_4': ['PD_2', 'PD_3', 'PD_5'], 'PD_5': ['PD_2', 'PD_3', 'PD_4'], 'PD_6': []}, FR: {'PD_2,PD_3': inf, 'PD_2,PD_4': inf, 'PD_2,PD_5': inf, 'PD_2,PD_6': inf, 'PD_3,PD_4': inf, 'PD_3,PD_5': inf, 'PD_3,PD_6': inf, 'PD_4,PD_5': inf, 'PD_4,PD_6': inf, 'PD_5,PD_6': inf}
  Computing metrics...
    RSI: {'PD_2,PD_3': 1.0, 'PD_2,PD_4': 1.0, 'PD_2,PD_5': 1.0, 'PD_2,PD_6': 0.0, 'PD_3,PD_4': 1.0, 'PD_3,PD_5': 1.0, 'PD_3,PD_6': 0.0, 'PD_4,PD_5': 1.0, 'PD_4,PD_6': 0.0, 'PD_5,PD_6': 0.0}, ASR: 1.0, TCB: {'PD_2': ['PD_4', 'PD_3', 'PD_5'], 'PD_3': ['PD_2', 'PD_4', 'PD_5'], 'PD_4': ['PD_2', 'PD_3', 'PD_5'], 'PD_5': ['PD_2', 'PD_3', 'PD_4'], 'PD_6': []}, FR: {'PD_2,PD_3': inf, 'PD_2,PD_4': inf, 'PD_2,PD_5': inf, 'PD_2,PD_6': inf, 'PD_3,PD_4': inf, 'PD_3,PD_5': inf, 'PD_3,PD_6': inf, 'PD_4,PD_5': inf, 'PD_4,PD_6': inf, 'PD_5,PD_6': inf}
  Computing metrics...
    RSI: {'PD_2,PD_3': 1.0, 'PD_2,PD_4': 1.0, 'PD_2,PD_5': 1.0, 'PD_2,PD_6': 0.0, 'PD_3,PD_4': 1.0, 'PD_3,PD_5': 1.0, 'PD_3,PD_6': 0.0, 'PD_4,PD_5': 1.0, 'PD_4,PD_6': 0.0, 'PD_5,PD_6': 0.0}, ASR: 1.0, TCB: {'PD_2': ['PD_4', 'PD_3', 'PD_5'], 'PD_3': ['PD_2', 'PD_4', 'PD_5'], 'PD_4': ['PD_2', 'PD_3', 'PD_5'], 'PD_5': ['PD_2', 'PD_3', 'PD_4'], 'PD_6': []}, FR: {'PD_2,PD_3': inf, 'PD_2,PD_4': inf, 'PD_2,PD_5': inf, 'PD_2,PD_6': inf, 'PD_3,PD_4': inf, 'PD_3,PD_5': inf, 'PD_3,PD_6': inf, 'PD_4,PD_5': inf, 'PD_4,PD_6': inf, 'PD_5,PD_6': inf}
  Computing metrics...
    RSI: {'PD_2,PD_3': 1.0, 'PD_2,PD_4': 1.0, 'PD_2,PD_5': 1.0, 'PD_2,PD_6': 0.0, 'PD_3,PD_4': 1.0, 'PD_3,PD_5': 1.0, 'PD_3,PD_6': 0.0, 'PD_4,PD_5': 1.0, 'PD_4,PD_6': 0.0, 'PD_5,PD_6': 0.0}, ASR: 1.0, TCB: {'PD_2': ['PD_4', 'PD_3', 'PD_5'], 'PD_3': ['PD_2', 'PD_4', 'PD_5'], 'PD_4': ['PD_2', 'PD_3', 'PD_5'], 'PD_5': ['PD_2', 'PD_3', 'PD_4'], 'PD_6': []}, FR: {'PD_2,PD_3': inf, 'PD_2,PD_4': inf, 'PD_2,PD_5': inf, 'PD_2,PD_6': inf, 'PD_3,PD_4': inf, 'PD_3,PD_5': inf, 'PD_3,PD_6': inf, 'PD_4,PD_5': inf, 'PD_4,PD_6': inf, 'PD_5,PD_6': inf}
  Computing metrics...
    RSI: {'PD_2,PD_3': 1.0, 'PD_2,PD_4': 1.0, 'PD_2,PD_5': 1.0, 'PD_2,PD_6': 0.0, 'PD_3,PD_4': 1.0, 'PD_3,PD_5': 1.0, 'PD_3,PD_6': 0.0, 'PD_4,PD_5': 1.0, 'PD_4,PD_6': 0.0, 'PD_5,PD_6': 0.0}, ASR: 1.0, TCB: {'PD_2': ['PD_4', 'PD_3', 'PD_5'], 'PD_3': ['PD_2', 'PD_4', 'PD_5'], 'PD_4': ['PD_2', 'PD_3', 'PD_5'], 'PD_5': ['PD_2', 'PD_3', 'PD_4'], 'PD_6': []}, FR: {'PD_2,PD_3': inf, 'PD_2,PD_4': inf, 'PD_2,PD_5': inf, 'PD_2,PD_6': inf, 'PD_3,PD_4': inf, 'PD_3,PD_5': inf, 'PD_3,PD_6': inf, 'PD_4,PD_5': inf, 'PD_4,PD_6': inf, 'PD_5,PD_6': inf}
  Computing metrics...
    RSI: {'PD_2,PD_3': 1.0, 'PD_2,PD_4': 1.0, 'PD_2,PD_5': 1.0, 'PD_2,PD_6': 0.0, 'PD_3,PD_4': 1.0, 'PD_3,PD_5': 1.0, 'PD_3,PD_6': 0.0, 'PD_4,PD_5': 1.0, 'PD_4,PD_6': 0.0, 'PD_5,PD_6': 0.0}, ASR: 1.0, TCB: {'PD_2': ['PD_4', 'PD_3', 'PD_5'], 'PD_3': ['PD_2', 'PD_4', 'PD_5'], 'PD_4': ['PD_2', 'PD_3', 'PD_5'], 'PD_5': ['PD_2', 'PD_3', 'PD_4'], 'PD_6': []}, FR: {'PD_2,PD_3': inf, 'PD_2,PD_4': inf, 'PD_2,PD_5': inf, 'PD_2,PD_6': inf, 'PD_3,PD_4': inf, 'PD_3,PD_5': inf, 'PD_3,PD_6': inf, 'PD_4,PD_5': inf, 'PD_4,PD_6': inf, 'PD_5,PD_6': inf}
  Computing metrics...
    RSI: {'PD_2,PD_3': 1.0, 'PD_2,PD_4': 1.0, 'PD_2,PD_5': 1.0, 'PD_2,PD_6': 0.0, 'PD_3,PD_4': 1.0, 'PD_3,PD_5': 1.0, 'PD_3,PD_6': 0.0, 'PD_4,PD_5': 1.0, 'PD_4,PD_6': 0.0, 'PD_5,PD_6': 0.0}, ASR: 1.0, TCB: {'PD_2': ['PD_4', 'PD_3', 'PD_5'], 'PD_3': ['PD_2', 'PD_4', 'PD_5'], 'PD_4': ['PD_2', 'PD_3', 'PD_5'], 'PD_5': ['PD_2', 'PD_3', 'PD_4'], 'PD_6': []}, FR: {'PD_2,PD_3': inf, 'PD_2,PD_4': inf, 'PD_2,PD_5': inf, 'PD_2,PD_6': inf, 'PD_3,PD_4': inf, 'PD_3,PD_5': inf, 'PD_3,PD_6': inf, 'PD_4,PD_5': inf, 'PD_4,PD_6': inf, 'PD_5,PD_6': inf}
  Computing metrics...
    RSI: {'PD_2,PD_3': 1.0, 'PD_2,PD_4': 1.0, 'PD_2,PD_5': 1.0, 'PD_2,PD_6': 1.0, 'PD_3,PD_4': 1.0, 'PD_3,PD_5': 1.0, 'PD_3,PD_6': 1.0, 'PD_4,PD_5': 1.0, 'PD_4,PD_6': 1.0, 'PD_5,PD_6': 1.0}, ASR: 1.2, TCB: {'PD_2': ['PD_4', 'PD_3', 'PD_5', 'PD_6'], 'PD_3': ['PD_2', 'PD_4', 'PD_5', 'PD_6'], 'PD_4': ['PD_2', 'PD_3', 'PD_5', 'PD_6'], 'PD_5': ['PD_2', 'PD_3', 'PD_4', 'PD_6'], 'PD_6': ['PD_2', 'PD_3', 'PD_4', 'PD_5']}, FR: {'PD_2,PD_3': inf, 'PD_2,PD_4': inf, 'PD_2,PD_5': inf, 'PD_2,PD_6': inf, 'PD_3,PD_4': inf, 'PD_3,PD_5': inf, 'PD_3,PD_6': inf, 'PD_4,PD_5': inf, 'PD_4,PD_6': inf, 'PD_5,PD_6': inf}
  Computing metrics...
    RSI: {'PD_2,PD_3': 1.0, 'PD_2,PD_4': 1.0, 'PD_2,PD_5': 1.0, 'PD_2,PD_6': 0.0, 'PD_3,PD_4': 1.0, 'PD_3,PD_5': 1.0, 'PD_3,PD_6': 0.0, 'PD_4,PD_5': 1.0, 'PD_4,PD_6': 0.0, 'PD_5,PD_6': 0.0}, ASR: 1.0, TCB: {'PD_2': ['PD_4', 'PD_3', 'PD_5'], 'PD_3': ['PD_2', 'PD_4', 'PD_5'], 'PD_4': ['PD_2', 'PD_3', 'PD_5'], 'PD_5': ['PD_2', 'PD_3', 'PD_4'], 'PD_6': []}, FR: {'PD_2,PD_3': inf, 'PD_2,PD_4': inf, 'PD_2,PD_5': inf, 'PD_2,PD_6': inf, 'PD_3,PD_4': inf, 'PD_3,PD_5': inf, 'PD_3,PD_6': inf, 'PD_4,PD_5': inf, 'PD_4,PD_6': inf, 'PD_5,PD_6': inf}
  Computing metrics...
    RSI: {'PD_2,PD_3': 1.0, 'PD_2,PD_4': 1.0, 'PD_2,PD_5': 1.0, 'PD_2,PD_6': 0.0, 'PD_3,PD_4': 1.0, 'PD_3,PD_5': 1.0, 'PD_3,PD_6': 0.0, 'PD_4,PD_5': 1.0, 'PD_4,PD_6': 0.0, 'PD_5,PD_6': 0.0}, ASR: 1.0, TCB: {'PD_2': ['PD_4', 'PD_3', 'PD_5'], 'PD_3': ['PD_2', 'PD_4', 'PD_5'], 'PD_4': ['PD_2', 'PD_3', 'PD_5'], 'PD_5': ['PD_2', 'PD_3', 'PD_4'], 'PD_6': []}, FR: {'PD_2,PD_3': inf, 'PD_2,PD_4': inf, 'PD_2,PD_5': inf, 'PD_2,PD_6': inf, 'PD_3,PD_4': inf, 'PD_3,PD_5': inf, 'PD_3,PD_6': inf, 'PD_4,PD_5': inf, 'PD_4,PD_6': inf, 'PD_5,PD_6': inf}
    remove_hold_edge candidate: remove PD_3 -> FILE_1_1 HOLD edge -> score: 0.100
  Computing metrics...
    RSI: {'PD_2,PD_3': 1.0, 'PD_2,PD_4': 1.0, 'PD_2,PD_5': 1.0, 'PD_2,PD_6': 0.0, 'PD_3,PD_4': 1.0, 'PD_3,PD_5': 1.0, 'PD_3,PD_6': 0.0, 'PD_4,PD_5': 1.0, 'PD_4,PD_6': 0.0, 'PD_5,PD_6': 0.0}, ASR: 1.0, TCB: {'PD_2': ['PD_4', 'PD_3', 'PD_5'], 'PD_3': ['PD_2', 'PD_4', 'PD_5'], 'PD_4': ['PD_2', 'PD_3', 'PD_5'], 'PD_5': ['PD_2', 'PD_3', 'PD_4'], 'PD_6': []}, FR: {'PD_2,PD_3': inf, 'PD_2,PD_4': inf, 'PD_2,PD_5': inf, 'PD_2,PD_6': inf, 'PD_3,PD_4': inf, 'PD_3,PD_5': inf, 'PD_3,PD_6': inf, 'PD_4,PD_5': inf, 'PD_4,PD_6': inf, 'PD_5,PD_6': inf}
  Computing metrics...
    RSI: {'PD_2,PD_3': 1.0, 'PD_2,PD_4': 1.0, 'PD_2,PD_5': 1.0, 'PD_2,PD_6': 0.0, 'PD_3,PD_4': 1.0, 'PD_3,PD_5': 1.0, 'PD_3,PD_6': 0.0, 'PD_4,PD_5': 1.0, 'PD_4,PD_6': 0.0, 'PD_5,PD_6': 0.0}, ASR: 1.0, TCB: {'PD_2': ['PD_4', 'PD_3', 'PD_5'], 'PD_3': ['PD_2', 'PD_4', 'PD_5'], 'PD_4': ['PD_2', 'PD_3', 'PD_5'], 'PD_5': ['PD_2', 'PD_3', 'PD_4'], 'PD_6': []}, FR: {'PD_2,PD_3': inf, 'PD_2,PD_4': inf, 'PD_2,PD_5': inf, 'PD_2,PD_6': inf, 'PD_3,PD_4': inf, 'PD_3,PD_5': inf, 'PD_3,PD_6': inf, 'PD_4,PD_5': inf, 'PD_4,PD_6': inf, 'PD_5,PD_6': inf}
    remove_hold_edge candidate: remove PD_4 -> FILE_1_1 HOLD edge -> score: 0.100
  Computing metrics...
    RSI: {'PD_2,PD_3': 1.0, 'PD_2,PD_4': 1.0, 'PD_2,PD_5': 1.0, 'PD_2,PD_6': 0.0, 'PD_3,PD_4': 1.0, 'PD_3,PD_5': 1.0, 'PD_3,PD_6': 0.0, 'PD_4,PD_5': 1.0, 'PD_4,PD_6': 0.0, 'PD_5,PD_6': 0.0}, ASR: 1.0, TCB: {'PD_2': ['PD_4', 'PD_3', 'PD_5'], 'PD_3': ['PD_2', 'PD_4', 'PD_5'], 'PD_4': ['PD_2', 'PD_3', 'PD_5'], 'PD_5': ['PD_2', 'PD_3', 'PD_4'], 'PD_6': []}, FR: {'PD_2,PD_3': inf, 'PD_2,PD_4': inf, 'PD_2,PD_5': inf, 'PD_2,PD_6': inf, 'PD_3,PD_4': inf, 'PD_3,PD_5': inf, 'PD_3,PD_6': inf, 'PD_4,PD_5': inf, 'PD_4,PD_6': inf, 'PD_5,PD_6': inf}
  Computing metrics...
    RSI: {'PD_2,PD_3': 1.0, 'PD_2,PD_4': 1.0, 'PD_2,PD_5': 1.0, 'PD_2,PD_6': 0.0, 'PD_3,PD_4': 1.0, 'PD_3,PD_5': 1.0, 'PD_3,PD_6': 0.0, 'PD_4,PD_5': 1.0, 'PD_4,PD_6': 0.0, 'PD_5,PD_6': 0.0}, ASR: 1.0, TCB: {'PD_2': ['PD_4', 'PD_3', 'PD_5'], 'PD_3': ['PD_2', 'PD_4', 'PD_5'], 'PD_4': ['PD_2', 'PD_3', 'PD_5'], 'PD_5': ['PD_2', 'PD_3', 'PD_4'], 'PD_6': []}, FR: {'PD_2,PD_3': inf, 'PD_2,PD_4': inf, 'PD_2,PD_5': inf, 'PD_2,PD_6': inf, 'PD_3,PD_4': inf, 'PD_3,PD_5': inf, 'PD_3,PD_6': inf, 'PD_4,PD_5': inf, 'PD_4,PD_6': inf, 'PD_5,PD_6': inf}
    remove_hold_edge candidate: remove PD_5 -> FILE_1_1 HOLD edge -> score: 0.100
  Computing metrics...
    RSI: {'PD_2,PD_3': 1.0, 'PD_2,PD_4': 1.0, 'PD_2,PD_5': 1.0, 'PD_2,PD_6': 0.0, 'PD_3,PD_4': 1.0, 'PD_3,PD_5': 1.0, 'PD_3,PD_6': 0.0, 'PD_4,PD_5': 1.0, 'PD_4,PD_6': 0.0, 'PD_5,PD_6': 0.0}, ASR: 1.0, TCB: {'PD_2': ['PD_4', 'PD_3', 'PD_5'], 'PD_3': ['PD_2', 'PD_4', 'PD_5'], 'PD_4': ['PD_2', 'PD_3', 'PD_5'], 'PD_5': ['PD_2', 'PD_3', 'PD_4'], 'PD_6': []}, FR: {'PD_2,PD_3': inf, 'PD_2,PD_4': inf, 'PD_2,PD_5': inf, 'PD_2,PD_6': inf, 'PD_3,PD_4': inf, 'PD_3,PD_5': inf, 'PD_3,PD_6': inf, 'PD_4,PD_5': inf, 'PD_4,PD_6': inf, 'PD_5,PD_6': inf}
  Computing metrics...
    RSI: {'PD_2,PD_3': 1.0, 'PD_2,PD_4': 1.0, 'PD_2,PD_5': 1.0, 'PD_2,PD_6': 0.0, 'PD_3,PD_4': 1.0, 'PD_3,PD_5': 1.0, 'PD_3,PD_6': 0.0, 'PD_4,PD_5': 1.0, 'PD_4,PD_6': 0.0, 'PD_5,PD_6': 0.0}, ASR: 1.2, TCB: {'PD_2': ['PD_4', 'PD_3', 'PD_5'], 'PD_3': ['PD_2', 'PD_4', 'PD_5'], 'PD_4': ['PD_2', 'PD_3', 'PD_5'], 'PD_5': ['PD_2', 'PD_3', 'PD_4'], 'PD_6': []}, FR: {'PD_2,PD_3': inf, 'PD_2,PD_4': inf, 'PD_2,PD_5': inf, 'PD_2,PD_6': inf, 'PD_3,PD_4': inf, 'PD_3,PD_5': inf, 'PD_3,PD_6': inf, 'PD_4,PD_5': inf, 'PD_4,PD_6': inf, 'PD_5,PD_6': inf}
  Computing metrics...
    RSI: {'PD_2,PD_3': 1.0, 'PD_2,PD_4': 1.0, 'PD_2,PD_5': 1.0, 'PD_2,PD_6': 0.0, 'PD_3,PD_4': 1.0, 'PD_3,PD_5': 1.0, 'PD_3,PD_6': 0.0, 'PD_4,PD_5': 1.0, 'PD_4,PD_6': 0.0, 'PD_5,PD_6': 0.0}, ASR: 1.0, TCB: {'PD_2': ['PD_4', 'PD_3', 'PD_5'], 'PD_3': ['PD_2', 'PD_4', 'PD_5'], 'PD_4': ['PD_2', 'PD_3', 'PD_5'], 'PD_5': ['PD_2', 'PD_3', 'PD_4'], 'PD_6': []}, FR: {'PD_2,PD_3': inf, 'PD_2,PD_4': inf, 'PD_2,PD_5': inf, 'PD_2,PD_6': inf, 'PD_3,PD_4': inf, 'PD_3,PD_5': inf, 'PD_3,PD_6': inf, 'PD_4,PD_5': inf, 'PD_4,PD_6': inf, 'PD_5,PD_6': inf}
  Computing metrics...
    RSI: {'PD_2,PD_3': 1.0, 'PD_2,PD_4': 1.0, 'PD_2,PD_5': 1.0, 'PD_2,PD_6': 0.0, 'PD_3,PD_4': 1.0, 'PD_3,PD_5': 1.0, 'PD_3,PD_6': 0.0, 'PD_4,PD_5': 1.0, 'PD_4,PD_6': 0.0, 'PD_5,PD_6': 0.0}, ASR: 1.2, TCB: {'PD_2': ['PD_4', 'PD_5', 'PD_3'], 'PD_3': ['PD_2', 'PD_4', 'PD_5'], 'PD_4': ['PD_2', 'PD_3', 'PD_5'], 'PD_5': ['PD_2', 'PD_3', 'PD_4'], 'PD_6': []}, FR: {'PD_2,PD_3': inf, 'PD_2,PD_4': inf, 'PD_2,PD_5': inf, 'PD_2,PD_6': inf, 'PD_3,PD_4': inf, 'PD_3,PD_5': inf, 'PD_3,PD_6': inf, 'PD_4,PD_5': inf, 'PD_4,PD_6': inf, 'PD_5,PD_6': inf}
  Computing metrics...
    RSI: {'PD_2,PD_3': 1.0, 'PD_2,PD_4': 1.0, 'PD_2,PD_5': 1.0, 'PD_2,PD_6': 0.0, 'PD_3,PD_4': 1.0, 'PD_3,PD_5': 1.0, 'PD_3,PD_6': 0.0, 'PD_4,PD_5': 1.0, 'PD_4,PD_6': 0.0, 'PD_5,PD_6': 0.0}, ASR: 1.0, TCB: {'PD_2': ['PD_4', 'PD_3', 'PD_5'], 'PD_3': ['PD_2', 'PD_4', 'PD_5'], 'PD_4': ['PD_2', 'PD_3', 'PD_5'], 'PD_5': ['PD_2', 'PD_3', 'PD_4'], 'PD_6': []}, FR: {'PD_2,PD_3': inf, 'PD_2,PD_4': inf, 'PD_2,PD_5': inf, 'PD_2,PD_6': inf, 'PD_3,PD_4': inf, 'PD_3,PD_5': inf, 'PD_3,PD_6': inf, 'PD_4,PD_5': inf, 'PD_4,PD_6': inf, 'PD_5,PD_6': inf}
  Computing metrics...
    RSI: {'PD_2,PD_3': 1.0, 'PD_2,PD_4': 1.0, 'PD_2,PD_5': 1.0, 'PD_2,PD_6': 0.0, 'PD_3,PD_4': 1.0, 'PD_3,PD_5': 1.0, 'PD_3,PD_6': 0.0, 'PD_4,PD_5': 1.0, 'PD_4,PD_6': 0.0, 'PD_5,PD_6': 0.0}, ASR: 1.2, TCB: {'PD_2': ['PD_4', 'PD_6', 'PD_3', 'PD_5'], 'PD_3': ['PD_2', 'PD_4', 'PD_5'], 'PD_4': ['PD_2', 'PD_3', 'PD_5'], 'PD_5': ['PD_2', 'PD_3', 'PD_4'], 'PD_6': []}, FR: {'PD_2,PD_3': inf, 'PD_2,PD_4': inf, 'PD_2,PD_5': inf, 'PD_2,PD_6': inf, 'PD_3,PD_4': inf, 'PD_3,PD_5': inf, 'PD_3,PD_6': inf, 'PD_4,PD_5': inf, 'PD_4,PD_6': inf, 'PD_5,PD_6': inf}
  Computing metrics...
    RSI: {'PD_2,PD_3': 1.0, 'PD_2,PD_4': 1.0, 'PD_2,PD_5': 1.0, 'PD_2,PD_6': 0.0, 'PD_3,PD_4': 1.0, 'PD_3,PD_5': 1.0, 'PD_3,PD_6': 0.0, 'PD_4,PD_5': 1.0, 'PD_4,PD_6': 0.0, 'PD_5,PD_6': 0.0}, ASR: 1.0, TCB: {'PD_2': ['PD_4', 'PD_3', 'PD_5'], 'PD_3': ['PD_2', 'PD_4', 'PD_5'], 'PD_4': ['PD_2', 'PD_3', 'PD_5'], 'PD_5': ['PD_2', 'PD_3', 'PD_4'], 'PD_6': []}, FR: {'PD_2,PD_3': inf, 'PD_2,PD_4': inf, 'PD_2,PD_5': inf, 'PD_2,PD_6': inf, 'PD_3,PD_4': inf, 'PD_3,PD_5': inf, 'PD_3,PD_6': inf, 'PD_4,PD_5': inf, 'PD_4,PD_6': inf, 'PD_5,PD_6': inf}
  Computing metrics...
    RSI: {'PD_2,PD_3': 1.0, 'PD_2,PD_4': 1.0, 'PD_2,PD_5': 1.0, 'PD_2,PD_6': 0.0, 'PD_3,PD_4': 1.0, 'PD_3,PD_5': 1.0, 'PD_3,PD_6': 0.0, 'PD_4,PD_5': 1.0, 'PD_4,PD_6': 0.0, 'PD_5,PD_6': 0.0}, ASR: 1.2, TCB: {'PD_2': ['PD_4', 'PD_3', 'PD_5'], 'PD_3': ['PD_2', 'PD_4', 'PD_5'], 'PD_4': ['PD_2', 'PD_3', 'PD_5'], 'PD_5': ['PD_2', 'PD_3', 'PD_4'], 'PD_6': []}, FR: {'PD_2,PD_3': 3, 'PD_2,PD_4': inf, 'PD_2,PD_5': inf, 'PD_2,PD_6': inf, 'PD_3,PD_4': inf, 'PD_3,PD_5': inf, 'PD_3,PD_6': inf, 'PD_4,PD_5': inf, 'PD_4,PD_6': inf, 'PD_5,PD_6': inf}
  Computing metrics...
    RSI: {'PD_2,PD_3': 1.0, 'PD_2,PD_4': 1.0, 'PD_2,PD_5': 1.0, 'PD_2,PD_6': 0.0, 'PD_3,PD_4': 1.0, 'PD_3,PD_5': 1.0, 'PD_3,PD_6': 0.0, 'PD_4,PD_5': 1.0, 'PD_4,PD_6': 0.0, 'PD_5,PD_6': 0.0}, ASR: 1.0, TCB: {'PD_2': ['PD_4', 'PD_3', 'PD_5'], 'PD_3': ['PD_2', 'PD_4', 'PD_5'], 'PD_4': ['PD_2', 'PD_3', 'PD_5'], 'PD_5': ['PD_2', 'PD_3', 'PD_4'], 'PD_6': []}, FR: {'PD_2,PD_3': inf, 'PD_2,PD_4': inf, 'PD_2,PD_5': inf, 'PD_2,PD_6': inf, 'PD_3,PD_4': inf, 'PD_3,PD_5': inf, 'PD_3,PD_6': inf, 'PD_4,PD_5': inf, 'PD_4,PD_6': inf, 'PD_5,PD_6': inf}
  Computing metrics...
    RSI: {'PD_2,PD_3': 1.0, 'PD_2,PD_4': 1.0, 'PD_2,PD_5': 1.0, 'PD_2,PD_6': 0.0, 'PD_3,PD_4': 1.0, 'PD_3,PD_5': 1.0, 'PD_3,PD_6': 0.0, 'PD_4,PD_5': 1.0, 'PD_4,PD_6': 0.0, 'PD_5,PD_6': 0.0}, ASR: 1.2, TCB: {'PD_2': ['PD_4', 'PD_3', 'PD_5'], 'PD_3': ['PD_4', 'PD_2', 'PD_5'], 'PD_4': ['PD_2', 'PD_3', 'PD_5'], 'PD_5': ['PD_2', 'PD_3', 'PD_4'], 'PD_6': []}, FR: {'PD_2,PD_3': 2, 'PD_2,PD_4': inf, 'PD_2,PD_5': inf, 'PD_2,PD_6': inf, 'PD_3,PD_4': inf, 'PD_3,PD_5': inf, 'PD_3,PD_6': inf, 'PD_4,PD_5': inf, 'PD_4,PD_6': inf, 'PD_5,PD_6': inf}
  Computing metrics...
    RSI: {'PD_2,PD_3': 1.0, 'PD_2,PD_4': 1.0, 'PD_2,PD_5': 1.0, 'PD_2,PD_6': 0.0, 'PD_3,PD_4': 1.0, 'PD_3,PD_5': 1.0, 'PD_3,PD_6': 0.0, 'PD_4,PD_5': 1.0, 'PD_4,PD_6': 0.0, 'PD_5,PD_6': 0.0}, ASR: 1.0, TCB: {'PD_2': ['PD_4', 'PD_3', 'PD_5'], 'PD_3': ['PD_2', 'PD_4', 'PD_5'], 'PD_4': ['PD_2', 'PD_3', 'PD_5'], 'PD_5': ['PD_2', 'PD_3', 'PD_4'], 'PD_6': []}, FR: {'PD_2,PD_3': inf, 'PD_2,PD_4': inf, 'PD_2,PD_5': inf, 'PD_2,PD_6': inf, 'PD_3,PD_4': inf, 'PD_3,PD_5': inf, 'PD_3,PD_6': inf, 'PD_4,PD_5': inf, 'PD_4,PD_6': inf, 'PD_5,PD_6': inf}
  Computing metrics...
    RSI: {'PD_2,PD_3': 1.0, 'PD_2,PD_4': 1.0, 'PD_2,PD_5': 1.0, 'PD_2,PD_6': 0.0, 'PD_3,PD_4': 1.0, 'PD_3,PD_5': 1.0, 'PD_3,PD_6': 0.0, 'PD_4,PD_5': 1.0, 'PD_4,PD_6': 0.0, 'PD_5,PD_6': 0.0}, ASR: 1.2, TCB: {'PD_2': ['PD_4', 'PD_3', 'PD_5'], 'PD_3': ['PD_5', 'PD_2', 'PD_4'], 'PD_4': ['PD_2', 'PD_3', 'PD_5'], 'PD_5': ['PD_2', 'PD_3', 'PD_4'], 'PD_6': []}, FR: {'PD_2,PD_3': inf, 'PD_2,PD_4': inf, 'PD_2,PD_5': inf, 'PD_2,PD_6': inf, 'PD_3,PD_4': inf, 'PD_3,PD_5': inf, 'PD_3,PD_6': inf, 'PD_4,PD_5': inf, 'PD_4,PD_6': inf, 'PD_5,PD_6': inf}
  Computing metrics...
    RSI: {'PD_2,PD_3': 1.0, 'PD_2,PD_4': 1.0, 'PD_2,PD_5': 1.0, 'PD_2,PD_6': 0.0, 'PD_3,PD_4': 1.0, 'PD_3,PD_5': 1.0, 'PD_3,PD_6': 0.0, 'PD_4,PD_5': 1.0, 'PD_4,PD_6': 0.0, 'PD_5,PD_6': 0.0}, ASR: 1.0, TCB: {'PD_2': ['PD_4', 'PD_3', 'PD_5'], 'PD_3': ['PD_2', 'PD_4', 'PD_5'], 'PD_4': ['PD_2', 'PD_3', 'PD_5'], 'PD_5': ['PD_2', 'PD_3', 'PD_4'], 'PD_6': []}, FR: {'PD_2,PD_3': inf, 'PD_2,PD_4': inf, 'PD_2,PD_5': inf, 'PD_2,PD_6': inf, 'PD_3,PD_4': inf, 'PD_3,PD_5': inf, 'PD_3,PD_6': inf, 'PD_4,PD_5': inf, 'PD_4,PD_6': inf, 'PD_5,PD_6': inf}
  Computing metrics...
    RSI: {'PD_2,PD_3': 1.0, 'PD_2,PD_4': 1.0, 'PD_2,PD_5': 1.0, 'PD_2,PD_6': 0.0, 'PD_3,PD_4': 1.0, 'PD_3,PD_5': 1.0, 'PD_3,PD_6': 0.0, 'PD_4,PD_5': 1.0, 'PD_4,PD_6': 0.0, 'PD_5,PD_6': 0.0}, ASR: 1.2, TCB: {'PD_2': ['PD_4', 'PD_3', 'PD_5'], 'PD_3': ['PD_6', 'PD_2', 'PD_4', 'PD_5'], 'PD_4': ['PD_2', 'PD_3', 'PD_5'], 'PD_5': ['PD_2', 'PD_3', 'PD_4'], 'PD_6': []}, FR: {'PD_2,PD_3': inf, 'PD_2,PD_4': inf, 'PD_2,PD_5': inf, 'PD_2,PD_6': inf, 'PD_3,PD_4': inf, 'PD_3,PD_5': inf, 'PD_3,PD_6': inf, 'PD_4,PD_5': inf, 'PD_4,PD_6': inf, 'PD_5,PD_6': inf}
  Computing metrics...
    RSI: {'PD_2,PD_3': 1.0, 'PD_2,PD_4': 1.0, 'PD_2,PD_5': 1.0, 'PD_2,PD_6': 0.0, 'PD_3,PD_4': 1.0, 'PD_3,PD_5': 1.0, 'PD_3,PD_6': 0.0, 'PD_4,PD_5': 1.0, 'PD_4,PD_6': 0.0, 'PD_5,PD_6': 0.0}, ASR: 1.0, TCB: {'PD_2': ['PD_4', 'PD_3', 'PD_5'], 'PD_3': ['PD_2', 'PD_4', 'PD_5'], 'PD_4': ['PD_2', 'PD_3', 'PD_5'], 'PD_5': ['PD_2', 'PD_3', 'PD_4'], 'PD_6': []}, FR: {'PD_2,PD_3': inf, 'PD_2,PD_4': inf, 'PD_2,PD_5': inf, 'PD_2,PD_6': inf, 'PD_3,PD_4': inf, 'PD_3,PD_5': inf, 'PD_3,PD_6': inf, 'PD_4,PD_5': inf, 'PD_4,PD_6': inf, 'PD_5,PD_6': inf}
  Computing metrics...
    RSI: {'PD_2,PD_3': 1.0, 'PD_2,PD_4': 1.0, 'PD_2,PD_5': 1.0, 'PD_2,PD_6': 0.0, 'PD_3,PD_4': 1.0, 'PD_3,PD_5': 1.0, 'PD_3,PD_6': 0.0, 'PD_4,PD_5': 1.0, 'PD_4,PD_6': 0.0, 'PD_5,PD_6': 0.0}, ASR: 1.2, TCB: {'PD_2': ['PD_4', 'PD_3', 'PD_5'], 'PD_3': ['PD_2', 'PD_4', 'PD_5'], 'PD_4': ['PD_2', 'PD_3', 'PD_5'], 'PD_5': ['PD_2', 'PD_3', 'PD_4'], 'PD_6': []}, FR: {'PD_2,PD_3': inf, 'PD_2,PD_4': inf, 'PD_2,PD_5': inf, 'PD_2,PD_6': inf, 'PD_3,PD_4': inf, 'PD_3,PD_5': inf, 'PD_3,PD_6': inf, 'PD_4,PD_5': inf, 'PD_4,PD_6': inf, 'PD_5,PD_6': inf}
  Computing metrics...
    RSI: {'PD_2,PD_3': 1.0, 'PD_2,PD_4': 1.0, 'PD_2,PD_5': 1.0, 'PD_2,PD_6': 0.0, 'PD_3,PD_4': 1.0, 'PD_3,PD_5': 1.0, 'PD_3,PD_6': 0.0, 'PD_4,PD_5': 1.0, 'PD_4,PD_6': 0.0, 'PD_5,PD_6': 0.0}, ASR: 1.0, TCB: {'PD_2': ['PD_4', 'PD_3', 'PD_5'], 'PD_3': ['PD_2', 'PD_4', 'PD_5'], 'PD_4': ['PD_2', 'PD_3', 'PD_5'], 'PD_5': ['PD_2', 'PD_3', 'PD_4'], 'PD_6': []}, FR: {'PD_2,PD_3': inf, 'PD_2,PD_4': inf, 'PD_2,PD_5': inf, 'PD_2,PD_6': inf, 'PD_3,PD_4': inf, 'PD_3,PD_5': inf, 'PD_3,PD_6': inf, 'PD_4,PD_5': inf, 'PD_4,PD_6': inf, 'PD_5,PD_6': inf}
  Computing metrics...
    RSI: {'PD_2,PD_3': 1.0, 'PD_2,PD_4': 1.0, 'PD_2,PD_5': 1.0, 'PD_2,PD_6': 0.0, 'PD_3,PD_4': 1.0, 'PD_3,PD_5': 1.0, 'PD_3,PD_6': 0.0, 'PD_4,PD_5': 1.0, 'PD_4,PD_6': 0.0, 'PD_5,PD_6': 0.0}, ASR: 1.2, TCB: {'PD_2': ['PD_4', 'PD_3', 'PD_5'], 'PD_3': ['PD_2', 'PD_4', 'PD_5'], 'PD_4': ['PD_3', 'PD_2', 'PD_5'], 'PD_5': ['PD_2', 'PD_3', 'PD_4'], 'PD_6': []}, FR: {'PD_2,PD_3': inf, 'PD_2,PD_4': 3, 'PD_2,PD_5': inf, 'PD_2,PD_6': inf, 'PD_3,PD_4': inf, 'PD_3,PD_5': inf, 'PD_3,PD_6': inf, 'PD_4,PD_5': inf, 'PD_4,PD_6': inf, 'PD_5,PD_6': inf}
  Computing metrics...
    RSI: {'PD_2,PD_3': 1.0, 'PD_2,PD_4': 1.0, 'PD_2,PD_5': 1.0, 'PD_2,PD_6': 0.0, 'PD_3,PD_4': 1.0, 'PD_3,PD_5': 1.0, 'PD_3,PD_6': 0.0, 'PD_4,PD_5': 1.0, 'PD_4,PD_6': 0.0, 'PD_5,PD_6': 0.0}, ASR: 1.0, TCB: {'PD_2': ['PD_4', 'PD_3', 'PD_5'], 'PD_3': ['PD_2', 'PD_4', 'PD_5'], 'PD_4': ['PD_2', 'PD_3', 'PD_5'], 'PD_5': ['PD_2', 'PD_3', 'PD_4'], 'PD_6': []}, FR: {'PD_2,PD_3': inf, 'PD_2,PD_4': inf, 'PD_2,PD_5': inf, 'PD_2,PD_6': inf, 'PD_3,PD_4': inf, 'PD_3,PD_5': inf, 'PD_3,PD_6': inf, 'PD_4,PD_5': inf, 'PD_4,PD_6': inf, 'PD_5,PD_6': inf}
  Computing metrics...
    RSI: {'PD_2,PD_3': 1.0, 'PD_2,PD_4': 1.0, 'PD_2,PD_5': 1.0, 'PD_2,PD_6': 0.0, 'PD_3,PD_4': 1.0, 'PD_3,PD_5': 1.0, 'PD_3,PD_6': 0.0, 'PD_4,PD_5': 1.0, 'PD_4,PD_6': 0.0, 'PD_5,PD_6': 0.0}, ASR: 1.2, TCB: {'PD_2': ['PD_4', 'PD_3', 'PD_5'], 'PD_3': ['PD_2', 'PD_4', 'PD_5'], 'PD_4': ['PD_5', 'PD_2', 'PD_3'], 'PD_5': ['PD_2', 'PD_3', 'PD_4'], 'PD_6': []}, FR: {'PD_2,PD_3': inf, 'PD_2,PD_4': 3, 'PD_2,PD_5': inf, 'PD_2,PD_6': inf, 'PD_3,PD_4': inf, 'PD_3,PD_5': inf, 'PD_3,PD_6': inf, 'PD_4,PD_5': inf, 'PD_4,PD_6': inf, 'PD_5,PD_6': inf}
  Computing metrics...
    RSI: {'PD_2,PD_3': 1.0, 'PD_2,PD_4': 1.0, 'PD_2,PD_5': 1.0, 'PD_2,PD_6': 0.0, 'PD_3,PD_4': 1.0, 'PD_3,PD_5': 1.0, 'PD_3,PD_6': 0.0, 'PD_4,PD_5': 1.0, 'PD_4,PD_6': 0.0, 'PD_5,PD_6': 0.0}, ASR: 1.0, TCB: {'PD_2': ['PD_4', 'PD_3', 'PD_5'], 'PD_3': ['PD_2', 'PD_4', 'PD_5'], 'PD_4': ['PD_2', 'PD_3', 'PD_5'], 'PD_5': ['PD_2', 'PD_3', 'PD_4'], 'PD_6': []}, FR: {'PD_2,PD_3': inf, 'PD_2,PD_4': inf, 'PD_2,PD_5': inf, 'PD_2,PD_6': inf, 'PD_3,PD_4': inf, 'PD_3,PD_5': inf, 'PD_3,PD_6': inf, 'PD_4,PD_5': inf, 'PD_4,PD_6': inf, 'PD_5,PD_6': inf}
  Computing metrics...
    RSI: {'PD_2,PD_3': 1.0, 'PD_2,PD_4': 1.0, 'PD_2,PD_5': 1.0, 'PD_2,PD_6': 0.0, 'PD_3,PD_4': 1.0, 'PD_3,PD_5': 1.0, 'PD_3,PD_6': 0.0, 'PD_4,PD_5': 1.0, 'PD_4,PD_6': 0.0, 'PD_5,PD_6': 0.0}, ASR: 1.2, TCB: {'PD_2': ['PD_4', 'PD_3', 'PD_5'], 'PD_3': ['PD_2', 'PD_4', 'PD_5'], 'PD_4': ['PD_6', 'PD_2', 'PD_3', 'PD_5'], 'PD_5': ['PD_2', 'PD_3', 'PD_4'], 'PD_6': []}, FR: {'PD_2,PD_3': inf, 'PD_2,PD_4': 3, 'PD_2,PD_5': inf, 'PD_2,PD_6': inf, 'PD_3,PD_4': inf, 'PD_3,PD_5': inf, 'PD_3,PD_6': inf, 'PD_4,PD_5': inf, 'PD_4,PD_6': inf, 'PD_5,PD_6': inf}
  Computing metrics...
    RSI: {'PD_2,PD_3': 1.0, 'PD_2,PD_4': 1.0, 'PD_2,PD_5': 1.0, 'PD_2,PD_6': 0.0, 'PD_3,PD_4': 1.0, 'PD_3,PD_5': 1.0, 'PD_3,PD_6': 0.0, 'PD_4,PD_5': 1.0, 'PD_4,PD_6': 0.0, 'PD_5,PD_6': 0.0}, ASR: 1.0, TCB: {'PD_2': ['PD_4', 'PD_3', 'PD_5'], 'PD_3': ['PD_2', 'PD_4', 'PD_5'], 'PD_4': ['PD_2', 'PD_3', 'PD_5'], 'PD_5': ['PD_2', 'PD_3', 'PD_4'], 'PD_6': []}, FR: {'PD_2,PD_3': inf, 'PD_2,PD_4': inf, 'PD_2,PD_5': inf, 'PD_2,PD_6': inf, 'PD_3,PD_4': inf, 'PD_3,PD_5': inf, 'PD_3,PD_6': inf, 'PD_4,PD_5': inf, 'PD_4,PD_6': inf, 'PD_5,PD_6': inf}
  Computing metrics...
    RSI: {'PD_2,PD_3': 1.0, 'PD_2,PD_4': 1.0, 'PD_2,PD_5': 1.0, 'PD_2,PD_6': 0.0, 'PD_3,PD_4': 1.0, 'PD_3,PD_5': 1.0, 'PD_3,PD_6': 0.0, 'PD_4,PD_5': 1.0, 'PD_4,PD_6': 0.0, 'PD_5,PD_6': 0.0}, ASR: 1.2, TCB: {'PD_2': ['PD_4', 'PD_3', 'PD_5'], 'PD_3': ['PD_2', 'PD_4', 'PD_5'], 'PD_4': ['PD_2', 'PD_3', 'PD_5'], 'PD_5': ['PD_2', 'PD_3', 'PD_4'], 'PD_6': []}, FR: {'PD_2,PD_3': inf, 'PD_2,PD_4': inf, 'PD_2,PD_5': 3, 'PD_2,PD_6': inf, 'PD_3,PD_4': inf, 'PD_3,PD_5': inf, 'PD_3,PD_6': inf, 'PD_4,PD_5': inf, 'PD_4,PD_6': inf, 'PD_5,PD_6': inf}
  Computing metrics...
    RSI: {'PD_2,PD_3': 1.0, 'PD_2,PD_4': 1.0, 'PD_2,PD_5': 1.0, 'PD_2,PD_6': 0.0, 'PD_3,PD_4': 1.0, 'PD_3,PD_5': 1.0, 'PD_3,PD_6': 0.0, 'PD_4,PD_5': 1.0, 'PD_4,PD_6': 0.0, 'PD_5,PD_6': 0.0}, ASR: 1.0, TCB: {'PD_2': ['PD_4', 'PD_3', 'PD_5'], 'PD_3': ['PD_2', 'PD_4', 'PD_5'], 'PD_4': ['PD_2', 'PD_3', 'PD_5'], 'PD_5': ['PD_2', 'PD_3', 'PD_4'], 'PD_6': []}, FR: {'PD_2,PD_3': inf, 'PD_2,PD_4': inf, 'PD_2,PD_5': inf, 'PD_2,PD_6': inf, 'PD_3,PD_4': inf, 'PD_3,PD_5': inf, 'PD_3,PD_6': inf, 'PD_4,PD_5': inf, 'PD_4,PD_6': inf, 'PD_5,PD_6': inf}
  Computing metrics...
    RSI: {'PD_2,PD_3': 1.0, 'PD_2,PD_4': 1.0, 'PD_2,PD_5': 1.0, 'PD_2,PD_6': 0.0, 'PD_3,PD_4': 1.0, 'PD_3,PD_5': 1.0, 'PD_3,PD_6': 0.0, 'PD_4,PD_5': 1.0, 'PD_4,PD_6': 0.0, 'PD_5,PD_6': 0.0}, ASR: 1.2, TCB: {'PD_2': ['PD_4', 'PD_3', 'PD_5'], 'PD_3': ['PD_2', 'PD_4', 'PD_5'], 'PD_4': ['PD_2', 'PD_3', 'PD_5'], 'PD_5': ['PD_3', 'PD_2', 'PD_4'], 'PD_6': []}, FR: {'PD_2,PD_3': inf, 'PD_2,PD_4': inf, 'PD_2,PD_5': inf, 'PD_2,PD_6': inf, 'PD_3,PD_4': inf, 'PD_3,PD_5': inf, 'PD_3,PD_6': inf, 'PD_4,PD_5': inf, 'PD_4,PD_6': inf, 'PD_5,PD_6': inf}
  Computing metrics...
    RSI: {'PD_2,PD_3': 1.0, 'PD_2,PD_4': 1.0, 'PD_2,PD_5': 1.0, 'PD_2,PD_6': 0.0, 'PD_3,PD_4': 1.0, 'PD_3,PD_5': 1.0, 'PD_3,PD_6': 0.0, 'PD_4,PD_5': 1.0, 'PD_4,PD_6': 0.0, 'PD_5,PD_6': 0.0}, ASR: 1.0, TCB: {'PD_2': ['PD_4', 'PD_3', 'PD_5'], 'PD_3': ['PD_2', 'PD_4', 'PD_5'], 'PD_4': ['PD_2', 'PD_3', 'PD_5'], 'PD_5': ['PD_2', 'PD_3', 'PD_4'], 'PD_6': []}, FR: {'PD_2,PD_3': inf, 'PD_2,PD_4': inf, 'PD_2,PD_5': inf, 'PD_2,PD_6': inf, 'PD_3,PD_4': inf, 'PD_3,PD_5': inf, 'PD_3,PD_6': inf, 'PD_4,PD_5': inf, 'PD_4,PD_6': inf, 'PD_5,PD_6': inf}
  Computing metrics...
    RSI: {'PD_2,PD_3': 1.0, 'PD_2,PD_4': 1.0, 'PD_2,PD_5': 1.0, 'PD_2,PD_6': 0.0, 'PD_3,PD_4': 1.0, 'PD_3,PD_5': 1.0, 'PD_3,PD_6': 0.0, 'PD_4,PD_5': 1.0, 'PD_4,PD_6': 0.0, 'PD_5,PD_6': 0.0}, ASR: 1.2, TCB: {'PD_2': ['PD_4', 'PD_3', 'PD_5'], 'PD_3': ['PD_2', 'PD_4', 'PD_5'], 'PD_4': ['PD_2', 'PD_3', 'PD_5'], 'PD_5': ['PD_4', 'PD_2', 'PD_3'], 'PD_6': []}, FR: {'PD_2,PD_3': inf, 'PD_2,PD_4': inf, 'PD_2,PD_5': 2, 'PD_2,PD_6': inf, 'PD_3,PD_4': inf, 'PD_3,PD_5': inf, 'PD_3,PD_6': inf, 'PD_4,PD_5': inf, 'PD_4,PD_6': inf, 'PD_5,PD_6': inf}
  Computing metrics...
    RSI: {'PD_2,PD_3': 1.0, 'PD_2,PD_4': 1.0, 'PD_2,PD_5': 1.0, 'PD_2,PD_6': 0.0, 'PD_3,PD_4': 1.0, 'PD_3,PD_5': 1.0, 'PD_3,PD_6': 0.0, 'PD_4,PD_5': 1.0, 'PD_4,PD_6': 0.0, 'PD_5,PD_6': 0.0}, ASR: 1.0, TCB: {'PD_2': ['PD_4', 'PD_3', 'PD_5'], 'PD_3': ['PD_2', 'PD_4', 'PD_5'], 'PD_4': ['PD_2', 'PD_3', 'PD_5'], 'PD_5': ['PD_2', 'PD_3', 'PD_4'], 'PD_6': []}, FR: {'PD_2,PD_3': inf, 'PD_2,PD_4': inf, 'PD_2,PD_5': inf, 'PD_2,PD_6': inf, 'PD_3,PD_4': inf, 'PD_3,PD_5': inf, 'PD_3,PD_6': inf, 'PD_4,PD_5': inf, 'PD_4,PD_6': inf, 'PD_5,PD_6': inf}
  Computing metrics...
    RSI: {'PD_2,PD_3': 1.0, 'PD_2,PD_4': 1.0, 'PD_2,PD_5': 1.0, 'PD_2,PD_6': 0.0, 'PD_3,PD_4': 1.0, 'PD_3,PD_5': 1.0, 'PD_3,PD_6': 0.0, 'PD_4,PD_5': 1.0, 'PD_4,PD_6': 0.0, 'PD_5,PD_6': 0.0}, ASR: 1.2, TCB: {'PD_2': ['PD_4', 'PD_3', 'PD_5'], 'PD_3': ['PD_2', 'PD_4', 'PD_5'], 'PD_4': ['PD_2', 'PD_3', 'PD_5'], 'PD_5': ['PD_6', 'PD_2', 'PD_3', 'PD_4'], 'PD_6': []}, FR: {'PD_2,PD_3': inf, 'PD_2,PD_4': inf, 'PD_2,PD_5': inf, 'PD_2,PD_6': inf, 'PD_3,PD_4': inf, 'PD_3,PD_5': inf, 'PD_3,PD_6': inf, 'PD_4,PD_5': inf, 'PD_4,PD_6': inf, 'PD_5,PD_6': inf}
  Computing metrics...
    RSI: {'PD_2,PD_3': 1.0, 'PD_2,PD_4': 1.0, 'PD_2,PD_5': 1.0, 'PD_2,PD_6': 0.0, 'PD_3,PD_4': 1.0, 'PD_3,PD_5': 1.0, 'PD_3,PD_6': 0.0, 'PD_4,PD_5': 1.0, 'PD_4,PD_6': 0.0, 'PD_5,PD_6': 0.0}, ASR: 1.0, TCB: {'PD_2': ['PD_4', 'PD_3', 'PD_5'], 'PD_3': ['PD_2', 'PD_4', 'PD_5'], 'PD_4': ['PD_2', 'PD_3', 'PD_5'], 'PD_5': ['PD_2', 'PD_3', 'PD_4'], 'PD_6': []}, FR: {'PD_2,PD_3': inf, 'PD_2,PD_4': inf, 'PD_2,PD_5': inf, 'PD_2,PD_6': inf, 'PD_3,PD_4': inf, 'PD_3,PD_5': inf, 'PD_3,PD_6': inf, 'PD_4,PD_5': inf, 'PD_4,PD_6': inf, 'PD_5,PD_6': inf}
  Computing metrics...
    RSI: {'PD_2,PD_3': 1.0, 'PD_2,PD_4': 1.0, 'PD_2,PD_5': 1.0, 'PD_2,PD_6': 0.0, 'PD_3,PD_4': 1.0, 'PD_3,PD_5': 1.0, 'PD_3,PD_6': 0.0, 'PD_4,PD_5': 1.0, 'PD_4,PD_6': 0.0, 'PD_5,PD_6': 0.0}, ASR: 1.2, TCB: {'PD_2': ['PD_4', 'PD_3', 'PD_5'], 'PD_3': ['PD_2', 'PD_4', 'PD_5'], 'PD_4': ['PD_2', 'PD_3', 'PD_5'], 'PD_5': ['PD_2', 'PD_3', 'PD_4'], 'PD_6': ['PD_2']}, FR: {'PD_2,PD_3': inf, 'PD_2,PD_4': inf, 'PD_2,PD_5': inf, 'PD_2,PD_6': 3, 'PD_3,PD_4': inf, 'PD_3,PD_5': inf, 'PD_3,PD_6': inf, 'PD_4,PD_5': inf, 'PD_4,PD_6': inf, 'PD_5,PD_6': inf}
  Computing metrics...
    RSI: {'PD_2,PD_3': 1.0, 'PD_2,PD_4': 1.0, 'PD_2,PD_5': 1.0, 'PD_2,PD_6': 0.0, 'PD_3,PD_4': 1.0, 'PD_3,PD_5': 1.0, 'PD_3,PD_6': 0.0, 'PD_4,PD_5': 1.0, 'PD_4,PD_6': 0.0, 'PD_5,PD_6': 0.0}, ASR: 1.0, TCB: {'PD_2': ['PD_4', 'PD_3', 'PD_5'], 'PD_3': ['PD_2', 'PD_4', 'PD_5'], 'PD_4': ['PD_2', 'PD_3', 'PD_5'], 'PD_5': ['PD_2', 'PD_3', 'PD_4'], 'PD_6': []}, FR: {'PD_2,PD_3': inf, 'PD_2,PD_4': inf, 'PD_2,PD_5': inf, 'PD_2,PD_6': inf, 'PD_3,PD_4': inf, 'PD_3,PD_5': inf, 'PD_3,PD_6': inf, 'PD_4,PD_5': inf, 'PD_4,PD_6': inf, 'PD_5,PD_6': inf}
  Computing metrics...
    RSI: {'PD_2,PD_3': 1.0, 'PD_2,PD_4': 1.0, 'PD_2,PD_5': 1.0, 'PD_2,PD_6': 0.0, 'PD_3,PD_4': 1.0, 'PD_3,PD_5': 1.0, 'PD_3,PD_6': 0.0, 'PD_4,PD_5': 1.0, 'PD_4,PD_6': 0.0, 'PD_5,PD_6': 0.0}, ASR: 1.2, TCB: {'PD_2': ['PD_4', 'PD_3', 'PD_5'], 'PD_3': ['PD_2', 'PD_4', 'PD_5'], 'PD_4': ['PD_2', 'PD_3', 'PD_5'], 'PD_5': ['PD_2', 'PD_3', 'PD_4'], 'PD_6': ['PD_3']}, FR: {'PD_2,PD_3': inf, 'PD_2,PD_4': inf, 'PD_2,PD_5': inf, 'PD_2,PD_6': inf, 'PD_3,PD_4': inf, 'PD_3,PD_5': inf, 'PD_3,PD_6': inf, 'PD_4,PD_5': inf, 'PD_4,PD_6': inf, 'PD_5,PD_6': inf}
  Computing metrics...
    RSI: {'PD_2,PD_3': 1.0, 'PD_2,PD_4': 1.0, 'PD_2,PD_5': 1.0, 'PD_2,PD_6': 0.0, 'PD_3,PD_4': 1.0, 'PD_3,PD_5': 1.0, 'PD_3,PD_6': 0.0, 'PD_4,PD_5': 1.0, 'PD_4,PD_6': 0.0, 'PD_5,PD_6': 0.0}, ASR: 1.0, TCB: {'PD_2': ['PD_4', 'PD_3', 'PD_5'], 'PD_3': ['PD_2', 'PD_4', 'PD_5'], 'PD_4': ['PD_2', 'PD_3', 'PD_5'], 'PD_5': ['PD_2', 'PD_3', 'PD_4'], 'PD_6': []}, FR: {'PD_2,PD_3': inf, 'PD_2,PD_4': inf, 'PD_2,PD_5': inf, 'PD_2,PD_6': inf, 'PD_3,PD_4': inf, 'PD_3,PD_5': inf, 'PD_3,PD_6': inf, 'PD_4,PD_5': inf, 'PD_4,PD_6': inf, 'PD_5,PD_6': inf}
  Computing metrics...
    RSI: {'PD_2,PD_3': 1.0, 'PD_2,PD_4': 1.0, 'PD_2,PD_5': 1.0, 'PD_2,PD_6': 0.0, 'PD_3,PD_4': 1.0, 'PD_3,PD_5': 1.0, 'PD_3,PD_6': 0.0, 'PD_4,PD_5': 1.0, 'PD_4,PD_6': 0.0, 'PD_5,PD_6': 0.0}, ASR: 1.2, TCB: {'PD_2': ['PD_4', 'PD_3', 'PD_5'], 'PD_3': ['PD_2', 'PD_4', 'PD_5'], 'PD_4': ['PD_2', 'PD_3', 'PD_5'], 'PD_5': ['PD_2', 'PD_3', 'PD_4'], 'PD_6': ['PD_4']}, FR: {'PD_2,PD_3': inf, 'PD_2,PD_4': inf, 'PD_2,PD_5': inf, 'PD_2,PD_6': 2, 'PD_3,PD_4': inf, 'PD_3,PD_5': inf, 'PD_3,PD_6': inf, 'PD_4,PD_5': inf, 'PD_4,PD_6': inf, 'PD_5,PD_6': inf}
  Computing metrics...
    RSI: {'PD_2,PD_3': 1.0, 'PD_2,PD_4': 1.0, 'PD_2,PD_5': 1.0, 'PD_2,PD_6': 0.0, 'PD_3,PD_4': 1.0, 'PD_3,PD_5': 1.0, 'PD_3,PD_6': 0.0, 'PD_4,PD_5': 1.0, 'PD_4,PD_6': 0.0, 'PD_5,PD_6': 0.0}, ASR: 1.0, TCB: {'PD_2': ['PD_4', 'PD_3', 'PD_5'], 'PD_3': ['PD_2', 'PD_4', 'PD_5'], 'PD_4': ['PD_2', 'PD_3', 'PD_5'], 'PD_5': ['PD_2', 'PD_3', 'PD_4'], 'PD_6': []}, FR: {'PD_2,PD_3': inf, 'PD_2,PD_4': inf, 'PD_2,PD_5': inf, 'PD_2,PD_6': inf, 'PD_3,PD_4': inf, 'PD_3,PD_5': inf, 'PD_3,PD_6': inf, 'PD_4,PD_5': inf, 'PD_4,PD_6': inf, 'PD_5,PD_6': inf}
  Computing metrics...
    RSI: {'PD_2,PD_3': 1.0, 'PD_2,PD_4': 1.0, 'PD_2,PD_5': 1.0, 'PD_2,PD_6': 0.0, 'PD_3,PD_4': 1.0, 'PD_3,PD_5': 1.0, 'PD_3,PD_6': 0.0, 'PD_4,PD_5': 1.0, 'PD_4,PD_6': 0.0, 'PD_5,PD_6': 0.0}, ASR: 1.2, TCB: {'PD_2': ['PD_4', 'PD_3', 'PD_5'], 'PD_3': ['PD_2', 'PD_4', 'PD_5'], 'PD_4': ['PD_2', 'PD_3', 'PD_5'], 'PD_5': ['PD_2', 'PD_3', 'PD_4'], 'PD_6': ['PD_5']}, FR: {'PD_2,PD_3': inf, 'PD_2,PD_4': inf, 'PD_2,PD_5': inf, 'PD_2,PD_6': inf, 'PD_3,PD_4': inf, 'PD_3,PD_5': inf, 'PD_3,PD_6': inf, 'PD_4,PD_5': inf, 'PD_4,PD_6': inf, 'PD_5,PD_6': inf}
  Computing metrics...
    RSI: {'PD_2,PD_3': 1.0, 'PD_2,PD_4': 1.0, 'PD_2,PD_5': 1.0, 'PD_2,PD_6': 0.0, 'PD_3,PD_4': 1.0, 'PD_3,PD_5': 1.0, 'PD_3,PD_6': 0.0, 'PD_4,PD_5': 1.0, 'PD_4,PD_6': 0.0, 'PD_5,PD_6': 0.0}, ASR: 1.0, TCB: {'PD_2': ['PD_4', 'PD_3', 'PD_5'], 'PD_3': ['PD_2', 'PD_4', 'PD_5'], 'PD_4': ['PD_2', 'PD_3', 'PD_5'], 'PD_5': ['PD_2', 'PD_3', 'PD_4'], 'PD_6': []}, FR: {'PD_2,PD_3': inf, 'PD_2,PD_4': inf, 'PD_2,PD_5': inf, 'PD_2,PD_6': inf, 'PD_3,PD_4': inf, 'PD_3,PD_5': inf, 'PD_3,PD_6': inf, 'PD_4,PD_5': inf, 'PD_4,PD_6': inf, 'PD_5,PD_6': inf}
  Computing metrics...
    RSI: {'PD_2,PD_3': 1.0, 'PD_2,PD_4': 1.0, 'PD_2,PD_5': 1.0, 'PD_2,PD_6': 0.0, 'PD_3,PD_4': 1.0, 'PD_3,PD_5': 1.0, 'PD_3,PD_6': 0.0, 'PD_4,PD_5': 1.0, 'PD_4,PD_6': 0.0, 'PD_5,PD_6': 0.0}, ASR: 1.0, TCB: {'PD_2': ['PD_4', 'PD_3', 'PD_5'], 'PD_3': ['PD_2', 'PD_4', 'PD_5'], 'PD_4': ['PD_2', 'PD_3', 'PD_5'], 'PD_5': ['PD_2', 'PD_3', 'PD_4'], 'PD_6': []}, FR: {'PD_2,PD_3': inf, 'PD_2,PD_4': inf, 'PD_2,PD_5': inf, 'PD_2,PD_6': inf, 'PD_3,PD_4': inf, 'PD_3,PD_5': inf, 'PD_3,PD_6': inf, 'PD_4,PD_5': inf, 'PD_4,PD_6': inf, 'PD_5,PD_6': inf}
  Computing metrics...
    RSI: {'PD_2,PD_3': 1.0, 'PD_2,PD_4': 1.0, 'PD_2,PD_5': 1.0, 'PD_2,PD_6': 0.0, 'PD_3,PD_4': 1.0, 'PD_3,PD_5': 1.0, 'PD_3,PD_6': 0.0, 'PD_4,PD_5': 1.0, 'PD_4,PD_6': 0.0, 'PD_5,PD_6': 0.0}, ASR: 1.0, TCB: {'PD_2': ['PD_4', 'PD_3', 'PD_5'], 'PD_3': ['PD_2', 'PD_4', 'PD_5'], 'PD_4': ['PD_2', 'PD_3', 'PD_5'], 'PD_5': ['PD_2', 'PD_3', 'PD_4'], 'PD_6': []}, FR: {'PD_2,PD_3': inf, 'PD_2,PD_4': inf, 'PD_2,PD_5': inf, 'PD_2,PD_6': inf, 'PD_3,PD_4': inf, 'PD_3,PD_5': inf, 'PD_3,PD_6': inf, 'PD_4,PD_5': inf, 'PD_4,PD_6': inf, 'PD_5,PD_6': inf}
  Computing metrics...
    RSI: {'PD_2,PD_3': 1.0, 'PD_2,PD_4': 1.0, 'PD_2,PD_5': 1.0, 'PD_2,PD_6': 0.0, 'PD_3,PD_4': 1.0, 'PD_3,PD_5': 1.0, 'PD_3,PD_6': 0.0, 'PD_4,PD_5': 1.0, 'PD_4,PD_6': 0.0, 'PD_5,PD_6': 0.0}, ASR: 1.0, TCB: {'PD_2': ['PD_4', 'PD_3', 'PD_5'], 'PD_3': ['PD_2', 'PD_4', 'PD_5'], 'PD_4': ['PD_2', 'PD_3', 'PD_5'], 'PD_5': ['PD_2', 'PD_3', 'PD_4'], 'PD_6': []}, FR: {'PD_2,PD_3': inf, 'PD_2,PD_4': inf, 'PD_2,PD_5': inf, 'PD_2,PD_6': inf, 'PD_3,PD_4': inf, 'PD_3,PD_5': inf, 'PD_3,PD_6': inf, 'PD_4,PD_5': inf, 'PD_4,PD_6': inf, 'PD_5,PD_6': inf}
  🚫 Filtered out 0 'add_pd(add new protection domain to help resolve 2 constraint violation(s))' candidates (avoiding repetition)
  Trying best transition: primitive
    Target: add new protection domain to help resolve 2 constraint violation(s)
    Predicted improvement: 0.100
    Considered 31 other option(s):
      1. primitive: connect PD_6 to FILE_1_1 (improvement: 0.100)
      2. primitive: remove empty PD_6 (improvement: 0.100)
      3. primitive: create new CONFIG file in FILE_SPACE_1 (improvement: 0.100)
      4. primitive: create new DATABASE file in FILE_SPACE_1 (improvement: 0.100)
      5. primitive: create new TEMP file in FILE_SPACE_1 (improvement: 0.100)
      6. primitive: create new LOG file in FILE_SPACE_1 (improvement: 0.100)
      7. primitive: remove FILE_1_1 (holders: 4) (improvement: 0.100)
      8. primitive: remove PD_3 -> FILE_1_1 HOLD edge (improvement: 0.100)
      9. primitive: remove PD_4 -> FILE_1_1 HOLD edge (improvement: 0.100)
      10. primitive: remove PD_5 -> FILE_1_1 HOLD edge (improvement: 0.100)
      ... and 21 more
    ✅ Applied add_pd
  📋 Generated 32 candidate(s)
  Computing metrics...
    RSI: {'PD_2,PD_3': 1.0, 'PD_2,PD_4': 1.0, 'PD_2,PD_5': 1.0, 'PD_2,PD_6': 1.0, 'PD_3,PD_4': 1.0, 'PD_3,PD_5': 1.0, 'PD_3,PD_6': 1.0, 'PD_4,PD_5': 1.0, 'PD_4,PD_6': 1.0, 'PD_5,PD_6': 1.0}, ASR: 1.2, TCB: {'PD_2': ['PD_4', 'PD_3', 'PD_5', 'PD_6'], 'PD_3': ['PD_2', 'PD_4', 'PD_5', 'PD_6'], 'PD_4': ['PD_2', 'PD_3', 'PD_5', 'PD_6'], 'PD_5': ['PD_2', 'PD_3', 'PD_4', 'PD_6'], 'PD_6': ['PD_2', 'PD_3', 'PD_4', 'PD_5']}, FR: {'PD_2,PD_3': inf, 'PD_2,PD_4': inf, 'PD_2,PD_5': inf, 'PD_2,PD_6': inf, 'PD_3,PD_4': inf, 'PD_3,PD_5': inf, 'PD_3,PD_6': inf, 'PD_4,PD_5': inf, 'PD_4,PD_6': inf, 'PD_5,PD_6': inf}
    ✅ Added candidate: add_hold_edge (score: 0.100)
  Computing metrics...
    RSI: {'PD_2,PD_3': 1.0, 'PD_2,PD_4': 1.0, 'PD_2,PD_5': 1.0, 'PD_2,PD_6': 0.0, 'PD_2,PD_7': 0.0, 'PD_3,PD_4': 1.0, 'PD_3,PD_5': 1.0, 'PD_3,PD_6': 0.0, 'PD_3,PD_7': 0.0, 'PD_4,PD_5': 1.0, 'PD_4,PD_6': 0.0, 'PD_4,PD_7': 0.0, 'PD_5,PD_6': 0.0, 'PD_5,PD_7': 0.0, 'PD_6,PD_7': 0.0}, ASR: 0.8333333333333334, TCB: {'PD_2': ['PD_4', 'PD_3', 'PD_5'], 'PD_3': ['PD_2', 'PD_4', 'PD_5'], 'PD_4': ['PD_2', 'PD_3', 'PD_5'], 'PD_5': ['PD_2', 'PD_3', 'PD_4'], 'PD_6': [], 'PD_7': []}, FR: {'PD_2,PD_3': inf, 'PD_2,PD_4': inf, 'PD_2,PD_5': inf, 'PD_2,PD_6': inf, 'PD_2,PD_7': inf, 'PD_3,PD_4': inf, 'PD_3,PD_5': inf, 'PD_3,PD_6': inf, 'PD_3,PD_7': inf, 'PD_4,PD_5': inf, 'PD_4,PD_6': inf, 'PD_4,PD_7': inf, 'PD_5,PD_6': inf, 'PD_5,PD_7': inf, 'PD_6,PD_7': inf}
    ✅ Added candidate: add_pd (score: 0.100)

🌟 Expanding Beam[1] (score: 0.100)
  ⚠️  Constraints violated: PD_1 lacks any access to FILE_1_1; PD_1 lacks access to any files
  Computing metrics...
    RSI: {'PD_2,PD_3': 1.0, 'PD_2,PD_4': 1.0, 'PD_2,PD_5': 1.0, 'PD_3,PD_4': 1.0, 'PD_3,PD_5': 1.0, 'PD_4,PD_5': 1.0}, ASR: 1.25, TCB: {'PD_2': ['PD_4', 'PD_3', 'PD_5'], 'PD_3': ['PD_2', 'PD_4', 'PD_5'], 'PD_4': ['PD_2', 'PD_3', 'PD_5'], 'PD_5': ['PD_2', 'PD_3', 'PD_4']}, FR: {'PD_2,PD_3': inf, 'PD_2,PD_4': inf, 'PD_2,PD_5': inf, 'PD_3,PD_4': inf, 'PD_3,PD_5': inf, 'PD_4,PD_5': inf}
  Computing metrics...
    RSI: {'PD_2,PD_3': 1.0, 'PD_2,PD_4': 1.0, 'PD_2,PD_5': 1.0, 'PD_3,PD_4': 1.0, 'PD_3,PD_5': 1.0, 'PD_4,PD_5': 1.0}, ASR: 1.25, TCB: {'PD_2': ['PD_4', 'PD_3', 'PD_5'], 'PD_3': ['PD_2', 'PD_4', 'PD_5'], 'PD_4': ['PD_2', 'PD_3', 'PD_5'], 'PD_5': ['PD_2', 'PD_3', 'PD_4']}, FR: {'PD_2,PD_3': inf, 'PD_2,PD_4': inf, 'PD_2,PD_5': inf, 'PD_3,PD_4': inf, 'PD_3,PD_5': inf, 'PD_4,PD_5': inf}
  Computing metrics...
    RSI: {'PD_2,PD_3': 1.0, 'PD_2,PD_4': 1.0, 'PD_2,PD_5': 1.0, 'PD_3,PD_4': 1.0, 'PD_3,PD_5': 1.0, 'PD_4,PD_5': 1.0}, ASR: 1.25, TCB: {'PD_2': ['PD_4', 'PD_3', 'PD_5'], 'PD_3': ['PD_2', 'PD_4', 'PD_5'], 'PD_4': ['PD_2', 'PD_3', 'PD_5'], 'PD_5': ['PD_2', 'PD_3', 'PD_4']}, FR: {'PD_2,PD_3': inf, 'PD_2,PD_4': inf, 'PD_2,PD_5': inf, 'PD_3,PD_4': inf, 'PD_3,PD_5': inf, 'PD_4,PD_5': inf}
  Computing metrics...
    RSI: {'PD_2,PD_3': 1.0, 'PD_2,PD_4': 1.0, 'PD_2,PD_5': 1.0, 'PD_3,PD_4': 1.0, 'PD_3,PD_5': 1.0, 'PD_4,PD_5': 1.0}, ASR: 1.25, TCB: {'PD_2': ['PD_4', 'PD_3', 'PD_5'], 'PD_3': ['PD_2', 'PD_4', 'PD_5'], 'PD_4': ['PD_2', 'PD_3', 'PD_5'], 'PD_5': ['PD_2', 'PD_3', 'PD_4']}, FR: {'PD_2,PD_3': inf, 'PD_2,PD_4': inf, 'PD_2,PD_5': inf, 'PD_3,PD_4': inf, 'PD_3,PD_5': inf, 'PD_4,PD_5': inf}
  Computing metrics...
    RSI: {'PD_2,PD_3': 1.0, 'PD_2,PD_4': 1.0, 'PD_2,PD_5': 1.0, 'PD_3,PD_4': 1.0, 'PD_3,PD_5': 1.0, 'PD_4,PD_5': 1.0}, ASR: 1.25, TCB: {'PD_2': ['PD_4', 'PD_3', 'PD_5'], 'PD_3': ['PD_2', 'PD_4', 'PD_5'], 'PD_4': ['PD_2', 'PD_3', 'PD_5'], 'PD_5': ['PD_2', 'PD_3', 'PD_4']}, FR: {'PD_2,PD_3': inf, 'PD_2,PD_4': inf, 'PD_2,PD_5': inf, 'PD_3,PD_4': inf, 'PD_3,PD_5': inf, 'PD_4,PD_5': inf}
  Computing metrics...
    RSI: {'PD_2,PD_3': 1.0, 'PD_2,PD_4': 1.0, 'PD_2,PD_5': 1.0, 'PD_3,PD_4': 1.0, 'PD_3,PD_5': 1.0, 'PD_4,PD_5': 1.0}, ASR: 1.25, TCB: {'PD_2': ['PD_4', 'PD_3', 'PD_5'], 'PD_3': ['PD_2', 'PD_4', 'PD_5'], 'PD_4': ['PD_2', 'PD_3', 'PD_5'], 'PD_5': ['PD_2', 'PD_3', 'PD_4']}, FR: {'PD_2,PD_3': inf, 'PD_2,PD_4': inf, 'PD_2,PD_5': inf, 'PD_3,PD_4': inf, 'PD_3,PD_5': inf, 'PD_4,PD_5': inf}
  Computing metrics...
    RSI: {'PD_2,PD_3': 1.0, 'PD_2,PD_4': 1.0, 'PD_2,PD_5': 1.0, 'PD_3,PD_4': 1.0, 'PD_3,PD_5': 1.0, 'PD_4,PD_5': 1.0}, ASR: 1.25, TCB: {'PD_2': ['PD_4', 'PD_3', 'PD_5'], 'PD_3': ['PD_2', 'PD_4', 'PD_5'], 'PD_4': ['PD_2', 'PD_3', 'PD_5'], 'PD_5': ['PD_2', 'PD_3', 'PD_4']}, FR: {'PD_2,PD_3': inf, 'PD_2,PD_4': inf, 'PD_2,PD_5': inf, 'PD_3,PD_4': inf, 'PD_3,PD_5': inf, 'PD_4,PD_5': inf}
  Computing metrics...
    RSI: {'PD_2,PD_3': 1.0, 'PD_2,PD_4': 1.0, 'PD_2,PD_5': 1.0, 'PD_3,PD_4': 1.0, 'PD_3,PD_5': 1.0, 'PD_4,PD_5': 1.0}, ASR: 1.25, TCB: {'PD_2': ['PD_4', 'PD_3', 'PD_5'], 'PD_3': ['PD_2', 'PD_4', 'PD_5'], 'PD_4': ['PD_2', 'PD_3', 'PD_5'], 'PD_5': ['PD_2', 'PD_3', 'PD_4']}, FR: {'PD_2,PD_3': inf, 'PD_2,PD_4': inf, 'PD_2,PD_5': inf, 'PD_3,PD_4': inf, 'PD_3,PD_5': inf, 'PD_4,PD_5': inf}
  Computing metrics...
    RSI: {'PD_2,PD_3': 1.0, 'PD_2,PD_4': 1.0, 'PD_2,PD_5': 1.0, 'PD_3,PD_4': 1.0, 'PD_3,PD_5': 1.0, 'PD_4,PD_5': 1.0}, ASR: 1.25, TCB: {'PD_2': ['PD_4', 'PD_3', 'PD_5'], 'PD_3': ['PD_2', 'PD_4', 'PD_5'], 'PD_4': ['PD_2', 'PD_3', 'PD_5'], 'PD_5': ['PD_2', 'PD_3', 'PD_4']}, FR: {'PD_2,PD_3': inf, 'PD_2,PD_4': inf, 'PD_2,PD_5': inf, 'PD_3,PD_4': inf, 'PD_3,PD_5': inf, 'PD_4,PD_5': inf}
  Computing metrics...
    RSI: {'PD_2,PD_3': 1.0, 'PD_2,PD_4': 1.0, 'PD_2,PD_5': 1.0, 'PD_3,PD_4': 1.0, 'PD_3,PD_5': 1.0, 'PD_4,PD_5': 1.0}, ASR: 1.25, TCB: {'PD_2': ['PD_4', 'PD_3', 'PD_5'], 'PD_3': ['PD_2', 'PD_4', 'PD_5'], 'PD_4': ['PD_2', 'PD_3', 'PD_5'], 'PD_5': ['PD_2', 'PD_3', 'PD_4']}, FR: {'PD_2,PD_3': inf, 'PD_2,PD_4': inf, 'PD_2,PD_5': inf, 'PD_3,PD_4': inf, 'PD_3,PD_5': inf, 'PD_4,PD_5': inf}
  Computing metrics...
    RSI: {'PD_2,PD_3': 1.0, 'PD_2,PD_4': 1.0, 'PD_2,PD_5': 1.0, 'PD_3,PD_4': 1.0, 'PD_3,PD_5': 1.0, 'PD_4,PD_5': 1.0}, ASR: 1.25, TCB: {'PD_2': ['PD_4', 'PD_3', 'PD_5'], 'PD_3': ['PD_2', 'PD_4', 'PD_5'], 'PD_4': ['PD_2', 'PD_3', 'PD_5'], 'PD_5': ['PD_2', 'PD_3', 'PD_4']}, FR: {'PD_2,PD_3': inf, 'PD_2,PD_4': inf, 'PD_2,PD_5': inf, 'PD_3,PD_4': inf, 'PD_3,PD_5': inf, 'PD_4,PD_5': inf}
  Computing metrics...
    RSI: {'PD_2,PD_3': 1.0, 'PD_2,PD_4': 1.0, 'PD_2,PD_5': 1.0, 'PD_3,PD_4': 1.0, 'PD_3,PD_5': 1.0, 'PD_4,PD_5': 1.0}, ASR: 1.25, TCB: {'PD_2': ['PD_4', 'PD_3', 'PD_5'], 'PD_3': ['PD_2', 'PD_4', 'PD_5'], 'PD_4': ['PD_2', 'PD_3', 'PD_5'], 'PD_5': ['PD_2', 'PD_3', 'PD_4']}, FR: {'PD_2,PD_3': inf, 'PD_2,PD_4': inf, 'PD_2,PD_5': inf, 'PD_3,PD_4': inf, 'PD_3,PD_5': inf, 'PD_4,PD_5': inf}
  Computing metrics...
    RSI: {'PD_2,PD_3': 1.0, 'PD_2,PD_4': 1.0, 'PD_2,PD_5': 1.0, 'PD_3,PD_4': 1.0, 'PD_3,PD_5': 1.0, 'PD_4,PD_5': 1.0}, ASR: 1.25, TCB: {'PD_2': ['PD_4', 'PD_3', 'PD_5'], 'PD_3': ['PD_2', 'PD_4', 'PD_5'], 'PD_4': ['PD_2', 'PD_3', 'PD_5'], 'PD_5': ['PD_2', 'PD_3', 'PD_4']}, FR: {'PD_2,PD_3': inf, 'PD_2,PD_4': inf, 'PD_2,PD_5': inf, 'PD_3,PD_4': inf, 'PD_3,PD_5': inf, 'PD_4,PD_5': inf}
  Computing metrics...
    RSI: {'PD_2,PD_3': 1.0, 'PD_2,PD_4': 1.0, 'PD_2,PD_5': 1.0, 'PD_3,PD_4': 1.0, 'PD_3,PD_5': 1.0, 'PD_4,PD_5': 1.0}, ASR: 1.25, TCB: {'PD_2': ['PD_4', 'PD_3', 'PD_5'], 'PD_3': ['PD_2', 'PD_4', 'PD_5'], 'PD_4': ['PD_2', 'PD_3', 'PD_5'], 'PD_5': ['PD_2', 'PD_3', 'PD_4']}, FR: {'PD_2,PD_3': inf, 'PD_2,PD_4': inf, 'PD_2,PD_5': inf, 'PD_3,PD_4': inf, 'PD_3,PD_5': inf, 'PD_4,PD_5': inf}
  Computing metrics...
    RSI: {'PD_2,PD_3': 1.0, 'PD_2,PD_4': 1.0, 'PD_2,PD_5': 1.0, 'PD_3,PD_4': 1.0, 'PD_3,PD_5': 1.0, 'PD_4,PD_5': 1.0}, ASR: 1.25, TCB: {'PD_2': ['PD_4', 'PD_3', 'PD_5'], 'PD_3': ['PD_2', 'PD_4', 'PD_5'], 'PD_4': ['PD_2', 'PD_3', 'PD_5'], 'PD_5': ['PD_2', 'PD_3', 'PD_4']}, FR: {'PD_2,PD_3': inf, 'PD_2,PD_4': inf, 'PD_2,PD_5': inf, 'PD_3,PD_4': inf, 'PD_3,PD_5': inf, 'PD_4,PD_5': inf}
  Computing metrics...
    RSI: {'PD_2,PD_3': 0.5, 'PD_2,PD_4': 0.5, 'PD_2,PD_5': 0.5, 'PD_3,PD_4': 1.0, 'PD_3,PD_5': 1.0, 'PD_4,PD_5': 1.0}, ASR: 1.5, TCB: {'PD_2': ['PD_4', 'PD_3', 'PD_5'], 'PD_3': ['PD_2', 'PD_4', 'PD_5'], 'PD_4': ['PD_2', 'PD_3', 'PD_5'], 'PD_5': ['PD_2', 'PD_3', 'PD_4']}, FR: {'PD_2,PD_3': inf, 'PD_2,PD_4': inf, 'PD_2,PD_5': inf, 'PD_3,PD_4': inf, 'PD_3,PD_5': inf, 'PD_4,PD_5': inf}
  Computing metrics...
    RSI: {'PD_2,PD_3': 1.0, 'PD_2,PD_4': 1.0, 'PD_2,PD_5': 1.0, 'PD_3,PD_4': 1.0, 'PD_3,PD_5': 1.0, 'PD_4,PD_5': 1.0}, ASR: 1.25, TCB: {'PD_2': ['PD_4', 'PD_3', 'PD_5'], 'PD_3': ['PD_2', 'PD_4', 'PD_5'], 'PD_4': ['PD_2', 'PD_3', 'PD_5'], 'PD_5': ['PD_2', 'PD_3', 'PD_4']}, FR: {'PD_2,PD_3': inf, 'PD_2,PD_4': inf, 'PD_2,PD_5': inf, 'PD_3,PD_4': inf, 'PD_3,PD_5': inf, 'PD_4,PD_5': inf}
  Computing metrics...
    RSI: {'PD_2,PD_3': 0.5, 'PD_2,PD_4': 1.0, 'PD_2,PD_5': 1.0, 'PD_3,PD_4': 0.5, 'PD_3,PD_5': 0.5, 'PD_4,PD_5': 1.0}, ASR: 1.5, TCB: {'PD_2': ['PD_4', 'PD_3', 'PD_5'], 'PD_3': ['PD_2', 'PD_4', 'PD_5'], 'PD_4': ['PD_2', 'PD_3', 'PD_5'], 'PD_5': ['PD_2', 'PD_3', 'PD_4']}, FR: {'PD_2,PD_3': inf, 'PD_2,PD_4': inf, 'PD_2,PD_5': inf, 'PD_3,PD_4': inf, 'PD_3,PD_5': inf, 'PD_4,PD_5': inf}
  Computing metrics...
    RSI: {'PD_2,PD_3': 1.0, 'PD_2,PD_4': 1.0, 'PD_2,PD_5': 1.0, 'PD_3,PD_4': 1.0, 'PD_3,PD_5': 1.0, 'PD_4,PD_5': 1.0}, ASR: 1.25, TCB: {'PD_2': ['PD_4', 'PD_3', 'PD_5'], 'PD_3': ['PD_2', 'PD_4', 'PD_5'], 'PD_4': ['PD_2', 'PD_3', 'PD_5'], 'PD_5': ['PD_2', 'PD_3', 'PD_4']}, FR: {'PD_2,PD_3': inf, 'PD_2,PD_4': inf, 'PD_2,PD_5': inf, 'PD_3,PD_4': inf, 'PD_3,PD_5': inf, 'PD_4,PD_5': inf}
  Computing metrics...
    RSI: {'PD_2,PD_3': 1.0, 'PD_2,PD_4': 0.5, 'PD_2,PD_5': 1.0, 'PD_3,PD_4': 0.5, 'PD_3,PD_5': 1.0, 'PD_4,PD_5': 0.5}, ASR: 1.5, TCB: {'PD_2': ['PD_4', 'PD_3', 'PD_5'], 'PD_3': ['PD_2', 'PD_4', 'PD_5'], 'PD_4': ['PD_2', 'PD_3', 'PD_5'], 'PD_5': ['PD_2', 'PD_3', 'PD_4']}, FR: {'PD_2,PD_3': inf, 'PD_2,PD_4': inf, 'PD_2,PD_5': inf, 'PD_3,PD_4': inf, 'PD_3,PD_5': inf, 'PD_4,PD_5': inf}
  Computing metrics...
    RSI: {'PD_2,PD_3': 1.0, 'PD_2,PD_4': 1.0, 'PD_2,PD_5': 1.0, 'PD_3,PD_4': 1.0, 'PD_3,PD_5': 1.0, 'PD_4,PD_5': 1.0}, ASR: 1.25, TCB: {'PD_2': ['PD_4', 'PD_3', 'PD_5'], 'PD_3': ['PD_2', 'PD_4', 'PD_5'], 'PD_4': ['PD_2', 'PD_3', 'PD_5'], 'PD_5': ['PD_2', 'PD_3', 'PD_4']}, FR: {'PD_2,PD_3': inf, 'PD_2,PD_4': inf, 'PD_2,PD_5': inf, 'PD_3,PD_4': inf, 'PD_3,PD_5': inf, 'PD_4,PD_5': inf}
  Computing metrics...
    RSI: {'PD_2,PD_3': 1.0, 'PD_2,PD_4': 1.0, 'PD_2,PD_5': 0.5, 'PD_3,PD_4': 1.0, 'PD_3,PD_5': 0.5, 'PD_4,PD_5': 0.5}, ASR: 1.5, TCB: {'PD_2': ['PD_4', 'PD_3', 'PD_5'], 'PD_3': ['PD_2', 'PD_4', 'PD_5'], 'PD_4': ['PD_2', 'PD_3', 'PD_5'], 'PD_5': ['PD_2', 'PD_3', 'PD_4']}, FR: {'PD_2,PD_3': inf, 'PD_2,PD_4': inf, 'PD_2,PD_5': inf, 'PD_3,PD_4': inf, 'PD_3,PD_5': inf, 'PD_4,PD_5': inf}
  Computing metrics...
    RSI: {'PD_2,PD_3': 1.0, 'PD_2,PD_4': 1.0, 'PD_2,PD_5': 1.0, 'PD_3,PD_4': 1.0, 'PD_3,PD_5': 1.0, 'PD_4,PD_5': 1.0}, ASR: 1.25, TCB: {'PD_2': ['PD_4', 'PD_3', 'PD_5'], 'PD_3': ['PD_2', 'PD_4', 'PD_5'], 'PD_4': ['PD_2', 'PD_3', 'PD_5'], 'PD_5': ['PD_2', 'PD_3', 'PD_4']}, FR: {'PD_2,PD_3': inf, 'PD_2,PD_4': inf, 'PD_2,PD_5': inf, 'PD_3,PD_4': inf, 'PD_3,PD_5': inf, 'PD_4,PD_5': inf}
  Computing metrics...
    RSI: {'PD_2,PD_3': 1.0, 'PD_2,PD_4': 1.0, 'PD_2,PD_5': 1.0, 'PD_3,PD_4': 1.0, 'PD_3,PD_5': 1.0, 'PD_4,PD_5': 1.0}, ASR: 1.25, TCB: {'PD_2': ['PD_4', 'PD_3', 'PD_5'], 'PD_3': ['PD_2', 'PD_4', 'PD_5'], 'PD_4': ['PD_2', 'PD_3', 'PD_5'], 'PD_5': ['PD_2', 'PD_3', 'PD_4']}, FR: {'PD_2,PD_3': inf, 'PD_2,PD_4': inf, 'PD_2,PD_5': inf, 'PD_3,PD_4': inf, 'PD_3,PD_5': inf, 'PD_4,PD_5': inf}
    remove_hold_edge candidate: remove PD_3 -> FILE_1_1 HOLD edge -> score: 0.100
  Computing metrics...
    RSI: {'PD_2,PD_3': 1.0, 'PD_2,PD_4': 1.0, 'PD_2,PD_5': 1.0, 'PD_3,PD_4': 1.0, 'PD_3,PD_5': 1.0, 'PD_4,PD_5': 1.0}, ASR: 1.25, TCB: {'PD_2': ['PD_4', 'PD_3', 'PD_5'], 'PD_3': ['PD_2', 'PD_4', 'PD_5'], 'PD_4': ['PD_2', 'PD_3', 'PD_5'], 'PD_5': ['PD_2', 'PD_3', 'PD_4']}, FR: {'PD_2,PD_3': inf, 'PD_2,PD_4': inf, 'PD_2,PD_5': inf, 'PD_3,PD_4': inf, 'PD_3,PD_5': inf, 'PD_4,PD_5': inf}
  Computing metrics...
    RSI: {'PD_2,PD_3': 1.0, 'PD_2,PD_4': 1.0, 'PD_2,PD_5': 1.0, 'PD_3,PD_4': 1.0, 'PD_3,PD_5': 1.0, 'PD_4,PD_5': 1.0}, ASR: 1.25, TCB: {'PD_2': ['PD_4', 'PD_3', 'PD_5'], 'PD_3': ['PD_2', 'PD_4', 'PD_5'], 'PD_4': ['PD_2', 'PD_3', 'PD_5'], 'PD_5': ['PD_2', 'PD_3', 'PD_4']}, FR: {'PD_2,PD_3': inf, 'PD_2,PD_4': inf, 'PD_2,PD_5': inf, 'PD_3,PD_4': inf, 'PD_3,PD_5': inf, 'PD_4,PD_5': inf}
    remove_hold_edge candidate: remove PD_4 -> FILE_1_1 HOLD edge -> score: 0.100
  Computing metrics...
    RSI: {'PD_2,PD_3': 1.0, 'PD_2,PD_4': 1.0, 'PD_2,PD_5': 1.0, 'PD_3,PD_4': 1.0, 'PD_3,PD_5': 1.0, 'PD_4,PD_5': 1.0}, ASR: 1.25, TCB: {'PD_2': ['PD_4', 'PD_3', 'PD_5'], 'PD_3': ['PD_2', 'PD_4', 'PD_5'], 'PD_4': ['PD_2', 'PD_3', 'PD_5'], 'PD_5': ['PD_2', 'PD_3', 'PD_4']}, FR: {'PD_2,PD_3': inf, 'PD_2,PD_4': inf, 'PD_2,PD_5': inf, 'PD_3,PD_4': inf, 'PD_3,PD_5': inf, 'PD_4,PD_5': inf}
  Computing metrics...
    RSI: {'PD_2,PD_3': 1.0, 'PD_2,PD_4': 1.0, 'PD_2,PD_5': 1.0, 'PD_3,PD_4': 1.0, 'PD_3,PD_5': 1.0, 'PD_4,PD_5': 1.0}, ASR: 1.25, TCB: {'PD_2': ['PD_4', 'PD_3', 'PD_5'], 'PD_3': ['PD_2', 'PD_4', 'PD_5'], 'PD_4': ['PD_2', 'PD_3', 'PD_5'], 'PD_5': ['PD_2', 'PD_3', 'PD_4']}, FR: {'PD_2,PD_3': inf, 'PD_2,PD_4': inf, 'PD_2,PD_5': inf, 'PD_3,PD_4': inf, 'PD_3,PD_5': inf, 'PD_4,PD_5': inf}
    remove_hold_edge candidate: remove PD_5 -> FILE_1_1 HOLD edge -> score: 0.100
  Computing metrics...
    RSI: {'PD_2,PD_3': 1.0, 'PD_2,PD_4': 1.0, 'PD_2,PD_5': 1.0, 'PD_3,PD_4': 1.0, 'PD_3,PD_5': 1.0, 'PD_4,PD_5': 1.0}, ASR: 1.25, TCB: {'PD_2': ['PD_4', 'PD_3', 'PD_5'], 'PD_3': ['PD_2', 'PD_4', 'PD_5'], 'PD_4': ['PD_2', 'PD_3', 'PD_5'], 'PD_5': ['PD_2', 'PD_3', 'PD_4']}, FR: {'PD_2,PD_3': inf, 'PD_2,PD_4': inf, 'PD_2,PD_5': inf, 'PD_3,PD_4': inf, 'PD_3,PD_5': inf, 'PD_4,PD_5': inf}
  Computing metrics...
    RSI: {'PD_2,PD_3': 1.0, 'PD_2,PD_4': 1.0, 'PD_2,PD_5': 1.0, 'PD_3,PD_4': 1.0, 'PD_3,PD_5': 1.0, 'PD_4,PD_5': 1.0}, ASR: 1.5, TCB: {'PD_2': ['PD_4', 'PD_3', 'PD_5'], 'PD_3': ['PD_2', 'PD_4', 'PD_5'], 'PD_4': ['PD_2', 'PD_3', 'PD_5'], 'PD_5': ['PD_2', 'PD_3', 'PD_4']}, FR: {'PD_2,PD_3': inf, 'PD_2,PD_4': inf, 'PD_2,PD_5': inf, 'PD_3,PD_4': inf, 'PD_3,PD_5': inf, 'PD_4,PD_5': inf}
  Computing metrics...
    RSI: {'PD_2,PD_3': 1.0, 'PD_2,PD_4': 1.0, 'PD_2,PD_5': 1.0, 'PD_3,PD_4': 1.0, 'PD_3,PD_5': 1.0, 'PD_4,PD_5': 1.0}, ASR: 1.25, TCB: {'PD_2': ['PD_4', 'PD_3', 'PD_5'], 'PD_3': ['PD_2', 'PD_4', 'PD_5'], 'PD_4': ['PD_2', 'PD_3', 'PD_5'], 'PD_5': ['PD_2', 'PD_3', 'PD_4']}, FR: {'PD_2,PD_3': inf, 'PD_2,PD_4': inf, 'PD_2,PD_5': inf, 'PD_3,PD_4': inf, 'PD_3,PD_5': inf, 'PD_4,PD_5': inf}
  Computing metrics...
    RSI: {'PD_2,PD_3': 1.0, 'PD_2,PD_4': 1.0, 'PD_2,PD_5': 1.0, 'PD_3,PD_4': 1.0, 'PD_3,PD_5': 1.0, 'PD_4,PD_5': 1.0}, ASR: 1.5, TCB: {'PD_2': ['PD_4', 'PD_5', 'PD_3'], 'PD_3': ['PD_2', 'PD_4', 'PD_5'], 'PD_4': ['PD_2', 'PD_3', 'PD_5'], 'PD_5': ['PD_2', 'PD_3', 'PD_4']}, FR: {'PD_2,PD_3': inf, 'PD_2,PD_4': inf, 'PD_2,PD_5': inf, 'PD_3,PD_4': inf, 'PD_3,PD_5': inf, 'PD_4,PD_5': inf}
  Computing metrics...
    RSI: {'PD_2,PD_3': 1.0, 'PD_2,PD_4': 1.0, 'PD_2,PD_5': 1.0, 'PD_3,PD_4': 1.0, 'PD_3,PD_5': 1.0, 'PD_4,PD_5': 1.0}, ASR: 1.25, TCB: {'PD_2': ['PD_4', 'PD_3', 'PD_5'], 'PD_3': ['PD_2', 'PD_4', 'PD_5'], 'PD_4': ['PD_2', 'PD_3', 'PD_5'], 'PD_5': ['PD_2', 'PD_3', 'PD_4']}, FR: {'PD_2,PD_3': inf, 'PD_2,PD_4': inf, 'PD_2,PD_5': inf, 'PD_3,PD_4': inf, 'PD_3,PD_5': inf, 'PD_4,PD_5': inf}
  Computing metrics...
    RSI: {'PD_2,PD_3': 1.0, 'PD_2,PD_4': 1.0, 'PD_2,PD_5': 1.0, 'PD_3,PD_4': 1.0, 'PD_3,PD_5': 1.0, 'PD_4,PD_5': 1.0}, ASR: 1.5, TCB: {'PD_2': ['PD_4', 'PD_3', 'PD_5'], 'PD_3': ['PD_2', 'PD_4', 'PD_5'], 'PD_4': ['PD_2', 'PD_3', 'PD_5'], 'PD_5': ['PD_2', 'PD_3', 'PD_4']}, FR: {'PD_2,PD_3': 3, 'PD_2,PD_4': inf, 'PD_2,PD_5': inf, 'PD_3,PD_4': inf, 'PD_3,PD_5': inf, 'PD_4,PD_5': inf}
  Computing metrics...
    RSI: {'PD_2,PD_3': 1.0, 'PD_2,PD_4': 1.0, 'PD_2,PD_5': 1.0, 'PD_3,PD_4': 1.0, 'PD_3,PD_5': 1.0, 'PD_4,PD_5': 1.0}, ASR: 1.25, TCB: {'PD_2': ['PD_4', 'PD_3', 'PD_5'], 'PD_3': ['PD_2', 'PD_4', 'PD_5'], 'PD_4': ['PD_2', 'PD_3', 'PD_5'], 'PD_5': ['PD_2', 'PD_3', 'PD_4']}, FR: {'PD_2,PD_3': inf, 'PD_2,PD_4': inf, 'PD_2,PD_5': inf, 'PD_3,PD_4': inf, 'PD_3,PD_5': inf, 'PD_4,PD_5': inf}
  Computing metrics...
    RSI: {'PD_2,PD_3': 1.0, 'PD_2,PD_4': 1.0, 'PD_2,PD_5': 1.0, 'PD_3,PD_4': 1.0, 'PD_3,PD_5': 1.0, 'PD_4,PD_5': 1.0}, ASR: 1.5, TCB: {'PD_2': ['PD_4', 'PD_3', 'PD_5'], 'PD_3': ['PD_4', 'PD_2', 'PD_5'], 'PD_4': ['PD_2', 'PD_3', 'PD_5'], 'PD_5': ['PD_2', 'PD_3', 'PD_4']}, FR: {'PD_2,PD_3': 2, 'PD_2,PD_4': inf, 'PD_2,PD_5': inf, 'PD_3,PD_4': inf, 'PD_3,PD_5': inf, 'PD_4,PD_5': inf}
  Computing metrics...
    RSI: {'PD_2,PD_3': 1.0, 'PD_2,PD_4': 1.0, 'PD_2,PD_5': 1.0, 'PD_3,PD_4': 1.0, 'PD_3,PD_5': 1.0, 'PD_4,PD_5': 1.0}, ASR: 1.25, TCB: {'PD_2': ['PD_4', 'PD_3', 'PD_5'], 'PD_3': ['PD_2', 'PD_4', 'PD_5'], 'PD_4': ['PD_2', 'PD_3', 'PD_5'], 'PD_5': ['PD_2', 'PD_3', 'PD_4']}, FR: {'PD_2,PD_3': inf, 'PD_2,PD_4': inf, 'PD_2,PD_5': inf, 'PD_3,PD_4': inf, 'PD_3,PD_5': inf, 'PD_4,PD_5': inf}
  Computing metrics...
    RSI: {'PD_2,PD_3': 1.0, 'PD_2,PD_4': 1.0, 'PD_2,PD_5': 1.0, 'PD_3,PD_4': 1.0, 'PD_3,PD_5': 1.0, 'PD_4,PD_5': 1.0}, ASR: 1.5, TCB: {'PD_2': ['PD_4', 'PD_3', 'PD_5'], 'PD_3': ['PD_5', 'PD_2', 'PD_4'], 'PD_4': ['PD_2', 'PD_3', 'PD_5'], 'PD_5': ['PD_2', 'PD_3', 'PD_4']}, FR: {'PD_2,PD_3': inf, 'PD_2,PD_4': inf, 'PD_2,PD_5': inf, 'PD_3,PD_4': inf, 'PD_3,PD_5': inf, 'PD_4,PD_5': inf}
  Computing metrics...
    RSI: {'PD_2,PD_3': 1.0, 'PD_2,PD_4': 1.0, 'PD_2,PD_5': 1.0, 'PD_3,PD_4': 1.0, 'PD_3,PD_5': 1.0, 'PD_4,PD_5': 1.0}, ASR: 1.25, TCB: {'PD_2': ['PD_4', 'PD_3', 'PD_5'], 'PD_3': ['PD_2', 'PD_4', 'PD_5'], 'PD_4': ['PD_2', 'PD_3', 'PD_5'], 'PD_5': ['PD_2', 'PD_3', 'PD_4']}, FR: {'PD_2,PD_3': inf, 'PD_2,PD_4': inf, 'PD_2,PD_5': inf, 'PD_3,PD_4': inf, 'PD_3,PD_5': inf, 'PD_4,PD_5': inf}
  Computing metrics...
    RSI: {'PD_2,PD_3': 1.0, 'PD_2,PD_4': 1.0, 'PD_2,PD_5': 1.0, 'PD_3,PD_4': 1.0, 'PD_3,PD_5': 1.0, 'PD_4,PD_5': 1.0}, ASR: 1.5, TCB: {'PD_2': ['PD_4', 'PD_3', 'PD_5'], 'PD_3': ['PD_2', 'PD_4', 'PD_5'], 'PD_4': ['PD_2', 'PD_3', 'PD_5'], 'PD_5': ['PD_2', 'PD_3', 'PD_4']}, FR: {'PD_2,PD_3': inf, 'PD_2,PD_4': inf, 'PD_2,PD_5': inf, 'PD_3,PD_4': inf, 'PD_3,PD_5': inf, 'PD_4,PD_5': inf}
  Computing metrics...
    RSI: {'PD_2,PD_3': 1.0, 'PD_2,PD_4': 1.0, 'PD_2,PD_5': 1.0, 'PD_3,PD_4': 1.0, 'PD_3,PD_5': 1.0, 'PD_4,PD_5': 1.0}, ASR: 1.25, TCB: {'PD_2': ['PD_4', 'PD_3', 'PD_5'], 'PD_3': ['PD_2', 'PD_4', 'PD_5'], 'PD_4': ['PD_2', 'PD_3', 'PD_5'], 'PD_5': ['PD_2', 'PD_3', 'PD_4']}, FR: {'PD_2,PD_3': inf, 'PD_2,PD_4': inf, 'PD_2,PD_5': inf, 'PD_3,PD_4': inf, 'PD_3,PD_5': inf, 'PD_4,PD_5': inf}
  Computing metrics...
    RSI: {'PD_2,PD_3': 1.0, 'PD_2,PD_4': 1.0, 'PD_2,PD_5': 1.0, 'PD_3,PD_4': 1.0, 'PD_3,PD_5': 1.0, 'PD_4,PD_5': 1.0}, ASR: 1.5, TCB: {'PD_2': ['PD_4', 'PD_3', 'PD_5'], 'PD_3': ['PD_2', 'PD_4', 'PD_5'], 'PD_4': ['PD_3', 'PD_2', 'PD_5'], 'PD_5': ['PD_2', 'PD_3', 'PD_4']}, FR: {'PD_2,PD_3': inf, 'PD_2,PD_4': 3, 'PD_2,PD_5': inf, 'PD_3,PD_4': inf, 'PD_3,PD_5': inf, 'PD_4,PD_5': inf}
  Computing metrics...
    RSI: {'PD_2,PD_3': 1.0, 'PD_2,PD_4': 1.0, 'PD_2,PD_5': 1.0, 'PD_3,PD_4': 1.0, 'PD_3,PD_5': 1.0, 'PD_4,PD_5': 1.0}, ASR: 1.25, TCB: {'PD_2': ['PD_4', 'PD_3', 'PD_5'], 'PD_3': ['PD_2', 'PD_4', 'PD_5'], 'PD_4': ['PD_2', 'PD_3', 'PD_5'], 'PD_5': ['PD_2', 'PD_3', 'PD_4']}, FR: {'PD_2,PD_3': inf, 'PD_2,PD_4': inf, 'PD_2,PD_5': inf, 'PD_3,PD_4': inf, 'PD_3,PD_5': inf, 'PD_4,PD_5': inf}
  Computing metrics...
    RSI: {'PD_2,PD_3': 1.0, 'PD_2,PD_4': 1.0, 'PD_2,PD_5': 1.0, 'PD_3,PD_4': 1.0, 'PD_3,PD_5': 1.0, 'PD_4,PD_5': 1.0}, ASR: 1.5, TCB: {'PD_2': ['PD_4', 'PD_3', 'PD_5'], 'PD_3': ['PD_2', 'PD_4', 'PD_5'], 'PD_4': ['PD_5', 'PD_2', 'PD_3'], 'PD_5': ['PD_2', 'PD_3', 'PD_4']}, FR: {'PD_2,PD_3': inf, 'PD_2,PD_4': 3, 'PD_2,PD_5': inf, 'PD_3,PD_4': inf, 'PD_3,PD_5': inf, 'PD_4,PD_5': inf}
  Computing metrics...
    RSI: {'PD_2,PD_3': 1.0, 'PD_2,PD_4': 1.0, 'PD_2,PD_5': 1.0, 'PD_3,PD_4': 1.0, 'PD_3,PD_5': 1.0, 'PD_4,PD_5': 1.0}, ASR: 1.25, TCB: {'PD_2': ['PD_4', 'PD_3', 'PD_5'], 'PD_3': ['PD_2', 'PD_4', 'PD_5'], 'PD_4': ['PD_2', 'PD_3', 'PD_5'], 'PD_5': ['PD_2', 'PD_3', 'PD_4']}, FR: {'PD_2,PD_3': inf, 'PD_2,PD_4': inf, 'PD_2,PD_5': inf, 'PD_3,PD_4': inf, 'PD_3,PD_5': inf, 'PD_4,PD_5': inf}
  Computing metrics...
    RSI: {'PD_2,PD_3': 1.0, 'PD_2,PD_4': 1.0, 'PD_2,PD_5': 1.0, 'PD_3,PD_4': 1.0, 'PD_3,PD_5': 1.0, 'PD_4,PD_5': 1.0}, ASR: 1.5, TCB: {'PD_2': ['PD_4', 'PD_3', 'PD_5'], 'PD_3': ['PD_2', 'PD_4', 'PD_5'], 'PD_4': ['PD_2', 'PD_3', 'PD_5'], 'PD_5': ['PD_2', 'PD_3', 'PD_4']}, FR: {'PD_2,PD_3': inf, 'PD_2,PD_4': inf, 'PD_2,PD_5': 3, 'PD_3,PD_4': inf, 'PD_3,PD_5': inf, 'PD_4,PD_5': inf}
  Computing metrics...
    RSI: {'PD_2,PD_3': 1.0, 'PD_2,PD_4': 1.0, 'PD_2,PD_5': 1.0, 'PD_3,PD_4': 1.0, 'PD_3,PD_5': 1.0, 'PD_4,PD_5': 1.0}, ASR: 1.25, TCB: {'PD_2': ['PD_4', 'PD_3', 'PD_5'], 'PD_3': ['PD_2', 'PD_4', 'PD_5'], 'PD_4': ['PD_2', 'PD_3', 'PD_5'], 'PD_5': ['PD_2', 'PD_3', 'PD_4']}, FR: {'PD_2,PD_3': inf, 'PD_2,PD_4': inf, 'PD_2,PD_5': inf, 'PD_3,PD_4': inf, 'PD_3,PD_5': inf, 'PD_4,PD_5': inf}
  Computing metrics...
    RSI: {'PD_2,PD_3': 1.0, 'PD_2,PD_4': 1.0, 'PD_2,PD_5': 1.0, 'PD_3,PD_4': 1.0, 'PD_3,PD_5': 1.0, 'PD_4,PD_5': 1.0}, ASR: 1.5, TCB: {'PD_2': ['PD_4', 'PD_3', 'PD_5'], 'PD_3': ['PD_2', 'PD_4', 'PD_5'], 'PD_4': ['PD_2', 'PD_3', 'PD_5'], 'PD_5': ['PD_3', 'PD_2', 'PD_4']}, FR: {'PD_2,PD_3': inf, 'PD_2,PD_4': inf, 'PD_2,PD_5': inf, 'PD_3,PD_4': inf, 'PD_3,PD_5': inf, 'PD_4,PD_5': inf}
  Computing metrics...
    RSI: {'PD_2,PD_3': 1.0, 'PD_2,PD_4': 1.0, 'PD_2,PD_5': 1.0, 'PD_3,PD_4': 1.0, 'PD_3,PD_5': 1.0, 'PD_4,PD_5': 1.0}, ASR: 1.25, TCB: {'PD_2': ['PD_4', 'PD_3', 'PD_5'], 'PD_3': ['PD_2', 'PD_4', 'PD_5'], 'PD_4': ['PD_2', 'PD_3', 'PD_5'], 'PD_5': ['PD_2', 'PD_3', 'PD_4']}, FR: {'PD_2,PD_3': inf, 'PD_2,PD_4': inf, 'PD_2,PD_5': inf, 'PD_3,PD_4': inf, 'PD_3,PD_5': inf, 'PD_4,PD_5': inf}
  Computing metrics...
    RSI: {'PD_2,PD_3': 1.0, 'PD_2,PD_4': 1.0, 'PD_2,PD_5': 1.0, 'PD_3,PD_4': 1.0, 'PD_3,PD_5': 1.0, 'PD_4,PD_5': 1.0}, ASR: 1.5, TCB: {'PD_2': ['PD_4', 'PD_3', 'PD_5'], 'PD_3': ['PD_2', 'PD_4', 'PD_5'], 'PD_4': ['PD_2', 'PD_3', 'PD_5'], 'PD_5': ['PD_4', 'PD_2', 'PD_3']}, FR: {'PD_2,PD_3': inf, 'PD_2,PD_4': inf, 'PD_2,PD_5': 2, 'PD_3,PD_4': inf, 'PD_3,PD_5': inf, 'PD_4,PD_5': inf}
  Computing metrics...
    RSI: {'PD_2,PD_3': 1.0, 'PD_2,PD_4': 1.0, 'PD_2,PD_5': 1.0, 'PD_3,PD_4': 1.0, 'PD_3,PD_5': 1.0, 'PD_4,PD_5': 1.0}, ASR: 1.25, TCB: {'PD_2': ['PD_4', 'PD_3', 'PD_5'], 'PD_3': ['PD_2', 'PD_4', 'PD_5'], 'PD_4': ['PD_2', 'PD_3', 'PD_5'], 'PD_5': ['PD_2', 'PD_3', 'PD_4']}, FR: {'PD_2,PD_3': inf, 'PD_2,PD_4': inf, 'PD_2,PD_5': inf, 'PD_3,PD_4': inf, 'PD_3,PD_5': inf, 'PD_4,PD_5': inf}
  Computing metrics...
    RSI: {'PD_2,PD_3': 1.0, 'PD_2,PD_4': 1.0, 'PD_2,PD_5': 1.0, 'PD_3,PD_4': 1.0, 'PD_3,PD_5': 1.0, 'PD_4,PD_5': 1.0}, ASR: 1.25, TCB: {'PD_2': ['PD_4', 'PD_3', 'PD_5'], 'PD_3': ['PD_2', 'PD_4', 'PD_5'], 'PD_4': ['PD_2', 'PD_3', 'PD_5'], 'PD_5': ['PD_2', 'PD_3', 'PD_4']}, FR: {'PD_2,PD_3': inf, 'PD_2,PD_4': inf, 'PD_2,PD_5': inf, 'PD_3,PD_4': inf, 'PD_3,PD_5': inf, 'PD_4,PD_5': inf}
  Computing metrics...
    RSI: {'PD_2,PD_3': 1.0, 'PD_2,PD_4': 1.0, 'PD_2,PD_5': 1.0, 'PD_3,PD_4': 1.0, 'PD_3,PD_5': 1.0, 'PD_4,PD_5': 1.0}, ASR: 1.25, TCB: {'PD_2': ['PD_4', 'PD_3', 'PD_5'], 'PD_3': ['PD_2', 'PD_4', 'PD_5'], 'PD_4': ['PD_2', 'PD_3', 'PD_5'], 'PD_5': ['PD_2', 'PD_3', 'PD_4']}, FR: {'PD_2,PD_3': inf, 'PD_2,PD_4': inf, 'PD_2,PD_5': inf, 'PD_3,PD_4': inf, 'PD_3,PD_5': inf, 'PD_4,PD_5': inf}
  Computing metrics...
    RSI: {'PD_2,PD_3': 1.0, 'PD_2,PD_4': 1.0, 'PD_2,PD_5': 1.0, 'PD_3,PD_4': 1.0, 'PD_3,PD_5': 1.0, 'PD_4,PD_5': 1.0}, ASR: 1.25, TCB: {'PD_2': ['PD_4', 'PD_3', 'PD_5'], 'PD_3': ['PD_2', 'PD_4', 'PD_5'], 'PD_4': ['PD_2', 'PD_3', 'PD_5'], 'PD_5': ['PD_2', 'PD_3', 'PD_4']}, FR: {'PD_2,PD_3': inf, 'PD_2,PD_4': inf, 'PD_2,PD_5': inf, 'PD_3,PD_4': inf, 'PD_3,PD_5': inf, 'PD_4,PD_5': inf}
  Computing metrics...
    RSI: {'PD_2,PD_3': 1.0, 'PD_2,PD_4': 1.0, 'PD_2,PD_5': 1.0, 'PD_3,PD_4': 1.0, 'PD_3,PD_5': 1.0, 'PD_4,PD_5': 1.0}, ASR: 1.25, TCB: {'PD_2': ['PD_4', 'PD_3', 'PD_5'], 'PD_3': ['PD_2', 'PD_4', 'PD_5'], 'PD_4': ['PD_2', 'PD_3', 'PD_5'], 'PD_5': ['PD_2', 'PD_3', 'PD_4']}, FR: {'PD_2,PD_3': inf, 'PD_2,PD_4': inf, 'PD_2,PD_5': inf, 'PD_3,PD_4': inf, 'PD_3,PD_5': inf, 'PD_4,PD_5': inf}
  Computing metrics...
    RSI: {'PD_2,PD_3': 1.0, 'PD_2,PD_4': 1.0, 'PD_2,PD_5': 1.0, 'PD_3,PD_4': 1.0, 'PD_3,PD_5': 1.0, 'PD_4,PD_5': 1.0}, ASR: 1.25, TCB: {'PD_2': ['PD_4', 'PD_3', 'PD_5'], 'PD_3': ['PD_2', 'PD_4', 'PD_5'], 'PD_4': ['PD_2', 'PD_3', 'PD_5'], 'PD_5': ['PD_2', 'PD_3', 'PD_4']}, FR: {'PD_2,PD_3': inf, 'PD_2,PD_4': inf, 'PD_2,PD_5': inf, 'PD_3,PD_4': inf, 'PD_3,PD_5': inf, 'PD_4,PD_5': inf}
  🚫 Filtered out 0 'add_file_resource(create new CONFIG file in FILE_SPACE_1)' candidates (avoiding repetition)
  Trying best transition: primitive
    Target: connect PD_2 to orphaned resource FILE_1_2
    Predicted improvement: 1.600
    Considered 27 other option(s):
      1. primitive: connect PD_3 to orphaned resource FILE_1_2 (improvement: 1.600)
      2. primitive: connect PD_4 to orphaned resource FILE_1_2 (improvement: 1.600)
      3. primitive: connect PD_5 to orphaned resource FILE_1_2 (improvement: 1.600)
      4. primitive: add new protection domain to help resolve 2 constraint violation(s) (improvement: 0.100)
      5. primitive: create new CONFIG file in FILE_SPACE_1 (improvement: 0.100)
      6. primitive: create new DATABASE file in FILE_SPACE_1 (improvement: 0.100)
      7. primitive: create new TEMP file in FILE_SPACE_1 (improvement: 0.100)
      8. primitive: create new LOG file in FILE_SPACE_1 (improvement: 0.100)
      9. primitive: remove FILE_1_1 (holders: 4) (improvement: 0.100)
      10. primitive: remove FILE_1_2 (holders: 0) (improvement: 0.100)
      ... and 17 more
    ✅ Applied add_hold_edge
  📋 Generated 28 candidate(s)
  Computing metrics...
    RSI: {'PD_2,PD_3': 0.5, 'PD_2,PD_4': 0.5, 'PD_2,PD_5': 0.5, 'PD_3,PD_4': 1.0, 'PD_3,PD_5': 1.0, 'PD_4,PD_5': 1.0}, ASR: 1.5, TCB: {'PD_2': ['PD_4', 'PD_3', 'PD_5'], 'PD_3': ['PD_2', 'PD_4', 'PD_5'], 'PD_4': ['PD_2', 'PD_3', 'PD_5'], 'PD_5': ['PD_2', 'PD_3', 'PD_4']}, FR: {'PD_2,PD_3': inf, 'PD_2,PD_4': inf, 'PD_2,PD_5': inf, 'PD_3,PD_4': inf, 'PD_3,PD_5': inf, 'PD_4,PD_5': inf}
    ✅ Added candidate: add_hold_edge (score: 1.600)
  Computing metrics...
    RSI: {'PD_2,PD_3': 0.5, 'PD_2,PD_4': 1.0, 'PD_2,PD_5': 1.0, 'PD_3,PD_4': 0.5, 'PD_3,PD_5': 0.5, 'PD_4,PD_5': 1.0}, ASR: 1.5, TCB: {'PD_2': ['PD_4', 'PD_3', 'PD_5'], 'PD_3': ['PD_2', 'PD_4', 'PD_5'], 'PD_4': ['PD_2', 'PD_3', 'PD_5'], 'PD_5': ['PD_2', 'PD_3', 'PD_4']}, FR: {'PD_2,PD_3': inf, 'PD_2,PD_4': inf, 'PD_2,PD_5': inf, 'PD_3,PD_4': inf, 'PD_3,PD_5': inf, 'PD_4,PD_5': inf}
    ✅ Added candidate: add_hold_edge (score: 1.600)

🌟 Expanding Beam[2] (score: 0.100)
  ⚠️  Constraints violated: PD_2 lacks any access to FILE_1_1; PD_2 lacks access to any files
  Computing metrics...
    RSI: {'PD_1,PD_3': 1.0, 'PD_1,PD_4': 1.0, 'PD_1,PD_5': 1.0, 'PD_1,PD_6': 0.0, 'PD_3,PD_4': 1.0, 'PD_3,PD_5': 1.0, 'PD_3,PD_6': 0.0, 'PD_4,PD_5': 1.0, 'PD_4,PD_6': 0.0, 'PD_5,PD_6': 0.0}, ASR: 1.0, TCB: {'PD_1': ['PD_3', 'PD_4', 'PD_5'], 'PD_3': ['PD_1', 'PD_4', 'PD_5'], 'PD_4': ['PD_1', 'PD_3', 'PD_5'], 'PD_5': ['PD_1', 'PD_3', 'PD_4'], 'PD_6': []}, FR: {'PD_1,PD_3': inf, 'PD_1,PD_4': inf, 'PD_1,PD_5': inf, 'PD_1,PD_6': inf, 'PD_3,PD_4': inf, 'PD_3,PD_5': inf, 'PD_3,PD_6': inf, 'PD_4,PD_5': inf, 'PD_4,PD_6': inf, 'PD_5,PD_6': inf}
  Computing metrics...
    RSI: {'PD_1,PD_3': 1.0, 'PD_1,PD_4': 1.0, 'PD_1,PD_5': 1.0, 'PD_1,PD_6': 0.0, 'PD_3,PD_4': 1.0, 'PD_3,PD_5': 1.0, 'PD_3,PD_6': 0.0, 'PD_4,PD_5': 1.0, 'PD_4,PD_6': 0.0, 'PD_5,PD_6': 0.0}, ASR: 1.0, TCB: {'PD_1': ['PD_3', 'PD_4', 'PD_5'], 'PD_3': ['PD_1', 'PD_4', 'PD_5'], 'PD_4': ['PD_1', 'PD_3', 'PD_5'], 'PD_5': ['PD_1', 'PD_3', 'PD_4'], 'PD_6': []}, FR: {'PD_1,PD_3': inf, 'PD_1,PD_4': inf, 'PD_1,PD_5': inf, 'PD_1,PD_6': inf, 'PD_3,PD_4': inf, 'PD_3,PD_5': inf, 'PD_3,PD_6': inf, 'PD_4,PD_5': inf, 'PD_4,PD_6': inf, 'PD_5,PD_6': inf}
  Computing metrics...
    RSI: {'PD_1,PD_3': 1.0, 'PD_1,PD_4': 1.0, 'PD_1,PD_5': 1.0, 'PD_1,PD_6': 0.0, 'PD_3,PD_4': 1.0, 'PD_3,PD_5': 1.0, 'PD_3,PD_6': 0.0, 'PD_4,PD_5': 1.0, 'PD_4,PD_6': 0.0, 'PD_5,PD_6': 0.0}, ASR: 1.0, TCB: {'PD_1': ['PD_3', 'PD_4', 'PD_5'], 'PD_3': ['PD_1', 'PD_4', 'PD_5'], 'PD_4': ['PD_1', 'PD_3', 'PD_5'], 'PD_5': ['PD_1', 'PD_3', 'PD_4'], 'PD_6': []}, FR: {'PD_1,PD_3': inf, 'PD_1,PD_4': inf, 'PD_1,PD_5': inf, 'PD_1,PD_6': inf, 'PD_3,PD_4': inf, 'PD_3,PD_5': inf, 'PD_3,PD_6': inf, 'PD_4,PD_5': inf, 'PD_4,PD_6': inf, 'PD_5,PD_6': inf}
  Computing metrics...
    RSI: {'PD_1,PD_3': 1.0, 'PD_1,PD_4': 1.0, 'PD_1,PD_5': 1.0, 'PD_1,PD_6': 0.0, 'PD_3,PD_4': 1.0, 'PD_3,PD_5': 1.0, 'PD_3,PD_6': 0.0, 'PD_4,PD_5': 1.0, 'PD_4,PD_6': 0.0, 'PD_5,PD_6': 0.0}, ASR: 1.0, TCB: {'PD_1': ['PD_3', 'PD_4', 'PD_5'], 'PD_3': ['PD_1', 'PD_4', 'PD_5'], 'PD_4': ['PD_1', 'PD_3', 'PD_5'], 'PD_5': ['PD_1', 'PD_3', 'PD_4'], 'PD_6': []}, FR: {'PD_1,PD_3': inf, 'PD_1,PD_4': inf, 'PD_1,PD_5': inf, 'PD_1,PD_6': inf, 'PD_3,PD_4': inf, 'PD_3,PD_5': inf, 'PD_3,PD_6': inf, 'PD_4,PD_5': inf, 'PD_4,PD_6': inf, 'PD_5,PD_6': inf}
  Computing metrics...
    RSI: {'PD_1,PD_3': 1.0, 'PD_1,PD_4': 1.0, 'PD_1,PD_5': 1.0, 'PD_1,PD_6': 0.0, 'PD_3,PD_4': 1.0, 'PD_3,PD_5': 1.0, 'PD_3,PD_6': 0.0, 'PD_4,PD_5': 1.0, 'PD_4,PD_6': 0.0, 'PD_5,PD_6': 0.0}, ASR: 1.0, TCB: {'PD_1': ['PD_3', 'PD_4', 'PD_5'], 'PD_3': ['PD_1', 'PD_4', 'PD_5'], 'PD_4': ['PD_1', 'PD_3', 'PD_5'], 'PD_5': ['PD_1', 'PD_3', 'PD_4'], 'PD_6': []}, FR: {'PD_1,PD_3': inf, 'PD_1,PD_4': inf, 'PD_1,PD_5': inf, 'PD_1,PD_6': inf, 'PD_3,PD_4': inf, 'PD_3,PD_5': inf, 'PD_3,PD_6': inf, 'PD_4,PD_5': inf, 'PD_4,PD_6': inf, 'PD_5,PD_6': inf}
  Computing metrics...
    RSI: {'PD_1,PD_3': 1.0, 'PD_1,PD_4': 1.0, 'PD_1,PD_5': 1.0, 'PD_1,PD_6': 0.0, 'PD_3,PD_4': 1.0, 'PD_3,PD_5': 1.0, 'PD_3,PD_6': 0.0, 'PD_4,PD_5': 1.0, 'PD_4,PD_6': 0.0, 'PD_5,PD_6': 0.0}, ASR: 1.0, TCB: {'PD_1': ['PD_3', 'PD_4', 'PD_5'], 'PD_3': ['PD_1', 'PD_4', 'PD_5'], 'PD_4': ['PD_1', 'PD_3', 'PD_5'], 'PD_5': ['PD_1', 'PD_3', 'PD_4'], 'PD_6': []}, FR: {'PD_1,PD_3': inf, 'PD_1,PD_4': inf, 'PD_1,PD_5': inf, 'PD_1,PD_6': inf, 'PD_3,PD_4': inf, 'PD_3,PD_5': inf, 'PD_3,PD_6': inf, 'PD_4,PD_5': inf, 'PD_4,PD_6': inf, 'PD_5,PD_6': inf}
  Computing metrics...
    RSI: {'PD_1,PD_3': 1.0, 'PD_1,PD_4': 1.0, 'PD_1,PD_5': 1.0, 'PD_1,PD_6': 0.0, 'PD_3,PD_4': 1.0, 'PD_3,PD_5': 1.0, 'PD_3,PD_6': 0.0, 'PD_4,PD_5': 1.0, 'PD_4,PD_6': 0.0, 'PD_5,PD_6': 0.0}, ASR: 1.0, TCB: {'PD_1': ['PD_3', 'PD_4', 'PD_5'], 'PD_3': ['PD_1', 'PD_4', 'PD_5'], 'PD_4': ['PD_1', 'PD_3', 'PD_5'], 'PD_5': ['PD_1', 'PD_3', 'PD_4'], 'PD_6': []}, FR: {'PD_1,PD_3': inf, 'PD_1,PD_4': inf, 'PD_1,PD_5': inf, 'PD_1,PD_6': inf, 'PD_3,PD_4': inf, 'PD_3,PD_5': inf, 'PD_3,PD_6': inf, 'PD_4,PD_5': inf, 'PD_4,PD_6': inf, 'PD_5,PD_6': inf}
  Computing metrics...
    RSI: {'PD_1,PD_3': 1.0, 'PD_1,PD_4': 1.0, 'PD_1,PD_5': 1.0, 'PD_1,PD_6': 0.0, 'PD_3,PD_4': 1.0, 'PD_3,PD_5': 1.0, 'PD_3,PD_6': 0.0, 'PD_4,PD_5': 1.0, 'PD_4,PD_6': 0.0, 'PD_5,PD_6': 0.0}, ASR: 1.0, TCB: {'PD_1': ['PD_3', 'PD_4', 'PD_5'], 'PD_3': ['PD_1', 'PD_4', 'PD_5'], 'PD_4': ['PD_1', 'PD_3', 'PD_5'], 'PD_5': ['PD_1', 'PD_3', 'PD_4'], 'PD_6': []}, FR: {'PD_1,PD_3': inf, 'PD_1,PD_4': inf, 'PD_1,PD_5': inf, 'PD_1,PD_6': inf, 'PD_3,PD_4': inf, 'PD_3,PD_5': inf, 'PD_3,PD_6': inf, 'PD_4,PD_5': inf, 'PD_4,PD_6': inf, 'PD_5,PD_6': inf}
  Computing metrics...
    RSI: {'PD_1,PD_3': 1.0, 'PD_1,PD_4': 1.0, 'PD_1,PD_5': 1.0, 'PD_1,PD_6': 0.0, 'PD_3,PD_4': 1.0, 'PD_3,PD_5': 1.0, 'PD_3,PD_6': 0.0, 'PD_4,PD_5': 1.0, 'PD_4,PD_6': 0.0, 'PD_5,PD_6': 0.0}, ASR: 1.0, TCB: {'PD_1': ['PD_3', 'PD_4', 'PD_5'], 'PD_3': ['PD_1', 'PD_4', 'PD_5'], 'PD_4': ['PD_1', 'PD_3', 'PD_5'], 'PD_5': ['PD_1', 'PD_3', 'PD_4'], 'PD_6': []}, FR: {'PD_1,PD_3': inf, 'PD_1,PD_4': inf, 'PD_1,PD_5': inf, 'PD_1,PD_6': inf, 'PD_3,PD_4': inf, 'PD_3,PD_5': inf, 'PD_3,PD_6': inf, 'PD_4,PD_5': inf, 'PD_4,PD_6': inf, 'PD_5,PD_6': inf}
  Computing metrics...
    RSI: {'PD_1,PD_3': 1.0, 'PD_1,PD_4': 1.0, 'PD_1,PD_5': 1.0, 'PD_1,PD_6': 0.0, 'PD_3,PD_4': 1.0, 'PD_3,PD_5': 1.0, 'PD_3,PD_6': 0.0, 'PD_4,PD_5': 1.0, 'PD_4,PD_6': 0.0, 'PD_5,PD_6': 0.0}, ASR: 1.0, TCB: {'PD_1': ['PD_3', 'PD_4', 'PD_5'], 'PD_3': ['PD_1', 'PD_4', 'PD_5'], 'PD_4': ['PD_1', 'PD_3', 'PD_5'], 'PD_5': ['PD_1', 'PD_3', 'PD_4'], 'PD_6': []}, FR: {'PD_1,PD_3': inf, 'PD_1,PD_4': inf, 'PD_1,PD_5': inf, 'PD_1,PD_6': inf, 'PD_3,PD_4': inf, 'PD_3,PD_5': inf, 'PD_3,PD_6': inf, 'PD_4,PD_5': inf, 'PD_4,PD_6': inf, 'PD_5,PD_6': inf}
  Computing metrics...
    RSI: {'PD_1,PD_3': 1.0, 'PD_1,PD_4': 1.0, 'PD_1,PD_5': 1.0, 'PD_1,PD_6': 0.0, 'PD_3,PD_4': 1.0, 'PD_3,PD_5': 1.0, 'PD_3,PD_6': 0.0, 'PD_4,PD_5': 1.0, 'PD_4,PD_6': 0.0, 'PD_5,PD_6': 0.0}, ASR: 1.0, TCB: {'PD_1': ['PD_3', 'PD_4', 'PD_5'], 'PD_3': ['PD_1', 'PD_4', 'PD_5'], 'PD_4': ['PD_1', 'PD_3', 'PD_5'], 'PD_5': ['PD_1', 'PD_3', 'PD_4'], 'PD_6': []}, FR: {'PD_1,PD_3': inf, 'PD_1,PD_4': inf, 'PD_1,PD_5': inf, 'PD_1,PD_6': inf, 'PD_3,PD_4': inf, 'PD_3,PD_5': inf, 'PD_3,PD_6': inf, 'PD_4,PD_5': inf, 'PD_4,PD_6': inf, 'PD_5,PD_6': inf}
  Computing metrics...
    RSI: {'PD_1,PD_3': 1.0, 'PD_1,PD_4': 1.0, 'PD_1,PD_5': 1.0, 'PD_1,PD_6': 0.0, 'PD_3,PD_4': 1.0, 'PD_3,PD_5': 1.0, 'PD_3,PD_6': 0.0, 'PD_4,PD_5': 1.0, 'PD_4,PD_6': 0.0, 'PD_5,PD_6': 0.0}, ASR: 1.0, TCB: {'PD_1': ['PD_3', 'PD_4', 'PD_5'], 'PD_3': ['PD_1', 'PD_4', 'PD_5'], 'PD_4': ['PD_1', 'PD_3', 'PD_5'], 'PD_5': ['PD_1', 'PD_3', 'PD_4'], 'PD_6': []}, FR: {'PD_1,PD_3': inf, 'PD_1,PD_4': inf, 'PD_1,PD_5': inf, 'PD_1,PD_6': inf, 'PD_3,PD_4': inf, 'PD_3,PD_5': inf, 'PD_3,PD_6': inf, 'PD_4,PD_5': inf, 'PD_4,PD_6': inf, 'PD_5,PD_6': inf}
  Computing metrics...
    RSI: {'PD_1,PD_3': 1.0, 'PD_1,PD_4': 1.0, 'PD_1,PD_5': 1.0, 'PD_1,PD_6': 0.0, 'PD_3,PD_4': 1.0, 'PD_3,PD_5': 1.0, 'PD_3,PD_6': 0.0, 'PD_4,PD_5': 1.0, 'PD_4,PD_6': 0.0, 'PD_5,PD_6': 0.0}, ASR: 1.0, TCB: {'PD_1': ['PD_3', 'PD_4', 'PD_5'], 'PD_3': ['PD_1', 'PD_4', 'PD_5'], 'PD_4': ['PD_1', 'PD_3', 'PD_5'], 'PD_5': ['PD_1', 'PD_3', 'PD_4'], 'PD_6': []}, FR: {'PD_1,PD_3': inf, 'PD_1,PD_4': inf, 'PD_1,PD_5': inf, 'PD_1,PD_6': inf, 'PD_3,PD_4': inf, 'PD_3,PD_5': inf, 'PD_3,PD_6': inf, 'PD_4,PD_5': inf, 'PD_4,PD_6': inf, 'PD_5,PD_6': inf}
  Computing metrics...
    RSI: {'PD_1,PD_3': 1.0, 'PD_1,PD_4': 1.0, 'PD_1,PD_5': 1.0, 'PD_1,PD_6': 0.0, 'PD_3,PD_4': 1.0, 'PD_3,PD_5': 1.0, 'PD_3,PD_6': 0.0, 'PD_4,PD_5': 1.0, 'PD_4,PD_6': 0.0, 'PD_5,PD_6': 0.0}, ASR: 1.0, TCB: {'PD_1': ['PD_3', 'PD_4', 'PD_5'], 'PD_3': ['PD_1', 'PD_4', 'PD_5'], 'PD_4': ['PD_1', 'PD_3', 'PD_5'], 'PD_5': ['PD_1', 'PD_3', 'PD_4'], 'PD_6': []}, FR: {'PD_1,PD_3': inf, 'PD_1,PD_4': inf, 'PD_1,PD_5': inf, 'PD_1,PD_6': inf, 'PD_3,PD_4': inf, 'PD_3,PD_5': inf, 'PD_3,PD_6': inf, 'PD_4,PD_5': inf, 'PD_4,PD_6': inf, 'PD_5,PD_6': inf}
  Computing metrics...
    RSI: {'PD_1,PD_3': 1.0, 'PD_1,PD_4': 1.0, 'PD_1,PD_5': 1.0, 'PD_1,PD_6': 0.0, 'PD_3,PD_4': 1.0, 'PD_3,PD_5': 1.0, 'PD_3,PD_6': 0.0, 'PD_4,PD_5': 1.0, 'PD_4,PD_6': 0.0, 'PD_5,PD_6': 0.0}, ASR: 1.0, TCB: {'PD_1': ['PD_3', 'PD_4', 'PD_5'], 'PD_3': ['PD_1', 'PD_4', 'PD_5'], 'PD_4': ['PD_1', 'PD_3', 'PD_5'], 'PD_5': ['PD_1', 'PD_3', 'PD_4'], 'PD_6': []}, FR: {'PD_1,PD_3': inf, 'PD_1,PD_4': inf, 'PD_1,PD_5': inf, 'PD_1,PD_6': inf, 'PD_3,PD_4': inf, 'PD_3,PD_5': inf, 'PD_3,PD_6': inf, 'PD_4,PD_5': inf, 'PD_4,PD_6': inf, 'PD_5,PD_6': inf}
  Computing metrics...
    RSI: {'PD_1,PD_3': 1.0, 'PD_1,PD_4': 1.0, 'PD_1,PD_5': 1.0, 'PD_1,PD_6': 1.0, 'PD_3,PD_4': 1.0, 'PD_3,PD_5': 1.0, 'PD_3,PD_6': 1.0, 'PD_4,PD_5': 1.0, 'PD_4,PD_6': 1.0, 'PD_5,PD_6': 1.0}, ASR: 1.2, TCB: {'PD_1': ['PD_3', 'PD_4', 'PD_5', 'PD_6'], 'PD_3': ['PD_1', 'PD_4', 'PD_5', 'PD_6'], 'PD_4': ['PD_1', 'PD_3', 'PD_5', 'PD_6'], 'PD_5': ['PD_1', 'PD_3', 'PD_4', 'PD_6'], 'PD_6': ['PD_1', 'PD_3', 'PD_4', 'PD_5']}, FR: {'PD_1,PD_3': inf, 'PD_1,PD_4': inf, 'PD_1,PD_5': inf, 'PD_1,PD_6': inf, 'PD_3,PD_4': inf, 'PD_3,PD_5': inf, 'PD_3,PD_6': inf, 'PD_4,PD_5': inf, 'PD_4,PD_6': inf, 'PD_5,PD_6': inf}
  Computing metrics...
    RSI: {'PD_1,PD_3': 1.0, 'PD_1,PD_4': 1.0, 'PD_1,PD_5': 1.0, 'PD_1,PD_6': 0.0, 'PD_3,PD_4': 1.0, 'PD_3,PD_5': 1.0, 'PD_3,PD_6': 0.0, 'PD_4,PD_5': 1.0, 'PD_4,PD_6': 0.0, 'PD_5,PD_6': 0.0}, ASR: 1.0, TCB: {'PD_1': ['PD_3', 'PD_4', 'PD_5'], 'PD_3': ['PD_1', 'PD_4', 'PD_5'], 'PD_4': ['PD_1', 'PD_3', 'PD_5'], 'PD_5': ['PD_1', 'PD_3', 'PD_4'], 'PD_6': []}, FR: {'PD_1,PD_3': inf, 'PD_1,PD_4': inf, 'PD_1,PD_5': inf, 'PD_1,PD_6': inf, 'PD_3,PD_4': inf, 'PD_3,PD_5': inf, 'PD_3,PD_6': inf, 'PD_4,PD_5': inf, 'PD_4,PD_6': inf, 'PD_5,PD_6': inf}
  Computing metrics...
    RSI: {'PD_1,PD_3': 1.0, 'PD_1,PD_4': 1.0, 'PD_1,PD_5': 1.0, 'PD_1,PD_6': 0.0, 'PD_3,PD_4': 1.0, 'PD_3,PD_5': 1.0, 'PD_3,PD_6': 0.0, 'PD_4,PD_5': 1.0, 'PD_4,PD_6': 0.0, 'PD_5,PD_6': 0.0}, ASR: 1.0, TCB: {'PD_1': ['PD_3', 'PD_4', 'PD_5'], 'PD_3': ['PD_1', 'PD_4', 'PD_5'], 'PD_4': ['PD_1', 'PD_3', 'PD_5'], 'PD_5': ['PD_1', 'PD_3', 'PD_4'], 'PD_6': []}, FR: {'PD_1,PD_3': inf, 'PD_1,PD_4': inf, 'PD_1,PD_5': inf, 'PD_1,PD_6': inf, 'PD_3,PD_4': inf, 'PD_3,PD_5': inf, 'PD_3,PD_6': inf, 'PD_4,PD_5': inf, 'PD_4,PD_6': inf, 'PD_5,PD_6': inf}
    remove_hold_edge candidate: remove PD_3 -> FILE_1_1 HOLD edge -> score: 0.100
  Computing metrics...
    RSI: {'PD_1,PD_3': 1.0, 'PD_1,PD_4': 1.0, 'PD_1,PD_5': 1.0, 'PD_1,PD_6': 0.0, 'PD_3,PD_4': 1.0, 'PD_3,PD_5': 1.0, 'PD_3,PD_6': 0.0, 'PD_4,PD_5': 1.0, 'PD_4,PD_6': 0.0, 'PD_5,PD_6': 0.0}, ASR: 1.0, TCB: {'PD_1': ['PD_3', 'PD_4', 'PD_5'], 'PD_3': ['PD_1', 'PD_4', 'PD_5'], 'PD_4': ['PD_1', 'PD_3', 'PD_5'], 'PD_5': ['PD_1', 'PD_3', 'PD_4'], 'PD_6': []}, FR: {'PD_1,PD_3': inf, 'PD_1,PD_4': inf, 'PD_1,PD_5': inf, 'PD_1,PD_6': inf, 'PD_3,PD_4': inf, 'PD_3,PD_5': inf, 'PD_3,PD_6': inf, 'PD_4,PD_5': inf, 'PD_4,PD_6': inf, 'PD_5,PD_6': inf}
  Computing metrics...
    RSI: {'PD_1,PD_3': 1.0, 'PD_1,PD_4': 1.0, 'PD_1,PD_5': 1.0, 'PD_1,PD_6': 0.0, 'PD_3,PD_4': 1.0, 'PD_3,PD_5': 1.0, 'PD_3,PD_6': 0.0, 'PD_4,PD_5': 1.0, 'PD_4,PD_6': 0.0, 'PD_5,PD_6': 0.0}, ASR: 1.0, TCB: {'PD_1': ['PD_3', 'PD_4', 'PD_5'], 'PD_3': ['PD_1', 'PD_4', 'PD_5'], 'PD_4': ['PD_1', 'PD_3', 'PD_5'], 'PD_5': ['PD_1', 'PD_3', 'PD_4'], 'PD_6': []}, FR: {'PD_1,PD_3': inf, 'PD_1,PD_4': inf, 'PD_1,PD_5': inf, 'PD_1,PD_6': inf, 'PD_3,PD_4': inf, 'PD_3,PD_5': inf, 'PD_3,PD_6': inf, 'PD_4,PD_5': inf, 'PD_4,PD_6': inf, 'PD_5,PD_6': inf}
    remove_hold_edge candidate: remove PD_4 -> FILE_1_1 HOLD edge -> score: 0.100
  Computing metrics...
    RSI: {'PD_1,PD_3': 1.0, 'PD_1,PD_4': 1.0, 'PD_1,PD_5': 1.0, 'PD_1,PD_6': 0.0, 'PD_3,PD_4': 1.0, 'PD_3,PD_5': 1.0, 'PD_3,PD_6': 0.0, 'PD_4,PD_5': 1.0, 'PD_4,PD_6': 0.0, 'PD_5,PD_6': 0.0}, ASR: 1.0, TCB: {'PD_1': ['PD_3', 'PD_4', 'PD_5'], 'PD_3': ['PD_1', 'PD_4', 'PD_5'], 'PD_4': ['PD_1', 'PD_3', 'PD_5'], 'PD_5': ['PD_1', 'PD_3', 'PD_4'], 'PD_6': []}, FR: {'PD_1,PD_3': inf, 'PD_1,PD_4': inf, 'PD_1,PD_5': inf, 'PD_1,PD_6': inf, 'PD_3,PD_4': inf, 'PD_3,PD_5': inf, 'PD_3,PD_6': inf, 'PD_4,PD_5': inf, 'PD_4,PD_6': inf, 'PD_5,PD_6': inf}
  Computing metrics...
    RSI: {'PD_1,PD_3': 1.0, 'PD_1,PD_4': 1.0, 'PD_1,PD_5': 1.0, 'PD_1,PD_6': 0.0, 'PD_3,PD_4': 1.0, 'PD_3,PD_5': 1.0, 'PD_3,PD_6': 0.0, 'PD_4,PD_5': 1.0, 'PD_4,PD_6': 0.0, 'PD_5,PD_6': 0.0}, ASR: 1.0, TCB: {'PD_1': ['PD_3', 'PD_4', 'PD_5'], 'PD_3': ['PD_1', 'PD_4', 'PD_5'], 'PD_4': ['PD_1', 'PD_3', 'PD_5'], 'PD_5': ['PD_1', 'PD_3', 'PD_4'], 'PD_6': []}, FR: {'PD_1,PD_3': inf, 'PD_1,PD_4': inf, 'PD_1,PD_5': inf, 'PD_1,PD_6': inf, 'PD_3,PD_4': inf, 'PD_3,PD_5': inf, 'PD_3,PD_6': inf, 'PD_4,PD_5': inf, 'PD_4,PD_6': inf, 'PD_5,PD_6': inf}
    remove_hold_edge candidate: remove PD_5 -> FILE_1_1 HOLD edge -> score: 0.100
  Computing metrics...
    RSI: {'PD_1,PD_3': 1.0, 'PD_1,PD_4': 1.0, 'PD_1,PD_5': 1.0, 'PD_1,PD_6': 0.0, 'PD_3,PD_4': 1.0, 'PD_3,PD_5': 1.0, 'PD_3,PD_6': 0.0, 'PD_4,PD_5': 1.0, 'PD_4,PD_6': 0.0, 'PD_5,PD_6': 0.0}, ASR: 1.0, TCB: {'PD_1': ['PD_3', 'PD_4', 'PD_5'], 'PD_3': ['PD_1', 'PD_4', 'PD_5'], 'PD_4': ['PD_1', 'PD_3', 'PD_5'], 'PD_5': ['PD_1', 'PD_3', 'PD_4'], 'PD_6': []}, FR: {'PD_1,PD_3': inf, 'PD_1,PD_4': inf, 'PD_1,PD_5': inf, 'PD_1,PD_6': inf, 'PD_3,PD_4': inf, 'PD_3,PD_5': inf, 'PD_3,PD_6': inf, 'PD_4,PD_5': inf, 'PD_4,PD_6': inf, 'PD_5,PD_6': inf}
  Computing metrics...
    RSI: {'PD_1,PD_3': 1.0, 'PD_1,PD_4': 1.0, 'PD_1,PD_5': 1.0, 'PD_1,PD_6': 0.0, 'PD_3,PD_4': 1.0, 'PD_3,PD_5': 1.0, 'PD_3,PD_6': 0.0, 'PD_4,PD_5': 1.0, 'PD_4,PD_6': 0.0, 'PD_5,PD_6': 0.0}, ASR: 1.2, TCB: {'PD_1': ['PD_3', 'PD_4', 'PD_5'], 'PD_3': ['PD_1', 'PD_4', 'PD_5'], 'PD_4': ['PD_1', 'PD_3', 'PD_5'], 'PD_5': ['PD_1', 'PD_3', 'PD_4'], 'PD_6': []}, FR: {'PD_1,PD_3': inf, 'PD_1,PD_4': inf, 'PD_1,PD_5': inf, 'PD_1,PD_6': inf, 'PD_3,PD_4': inf, 'PD_3,PD_5': inf, 'PD_3,PD_6': inf, 'PD_4,PD_5': inf, 'PD_4,PD_6': inf, 'PD_5,PD_6': inf}
  Computing metrics...
    RSI: {'PD_1,PD_3': 1.0, 'PD_1,PD_4': 1.0, 'PD_1,PD_5': 1.0, 'PD_1,PD_6': 0.0, 'PD_3,PD_4': 1.0, 'PD_3,PD_5': 1.0, 'PD_3,PD_6': 0.0, 'PD_4,PD_5': 1.0, 'PD_4,PD_6': 0.0, 'PD_5,PD_6': 0.0}, ASR: 1.0, TCB: {'PD_1': ['PD_3', 'PD_4', 'PD_5'], 'PD_3': ['PD_1', 'PD_4', 'PD_5'], 'PD_4': ['PD_1', 'PD_3', 'PD_5'], 'PD_5': ['PD_1', 'PD_3', 'PD_4'], 'PD_6': []}, FR: {'PD_1,PD_3': inf, 'PD_1,PD_4': inf, 'PD_1,PD_5': inf, 'PD_1,PD_6': inf, 'PD_3,PD_4': inf, 'PD_3,PD_5': inf, 'PD_3,PD_6': inf, 'PD_4,PD_5': inf, 'PD_4,PD_6': inf, 'PD_5,PD_6': inf}
  Computing metrics...
    RSI: {'PD_1,PD_3': 1.0, 'PD_1,PD_4': 1.0, 'PD_1,PD_5': 1.0, 'PD_1,PD_6': 0.0, 'PD_3,PD_4': 1.0, 'PD_3,PD_5': 1.0, 'PD_3,PD_6': 0.0, 'PD_4,PD_5': 1.0, 'PD_4,PD_6': 0.0, 'PD_5,PD_6': 0.0}, ASR: 1.2, TCB: {'PD_1': ['PD_3', 'PD_5', 'PD_4'], 'PD_3': ['PD_1', 'PD_4', 'PD_5'], 'PD_4': ['PD_1', 'PD_3', 'PD_5'], 'PD_5': ['PD_1', 'PD_3', 'PD_4'], 'PD_6': []}, FR: {'PD_1,PD_3': inf, 'PD_1,PD_4': inf, 'PD_1,PD_5': inf, 'PD_1,PD_6': inf, 'PD_3,PD_4': inf, 'PD_3,PD_5': inf, 'PD_3,PD_6': inf, 'PD_4,PD_5': inf, 'PD_4,PD_6': inf, 'PD_5,PD_6': inf}
  Computing metrics...
    RSI: {'PD_1,PD_3': 1.0, 'PD_1,PD_4': 1.0, 'PD_1,PD_5': 1.0, 'PD_1,PD_6': 0.0, 'PD_3,PD_4': 1.0, 'PD_3,PD_5': 1.0, 'PD_3,PD_6': 0.0, 'PD_4,PD_5': 1.0, 'PD_4,PD_6': 0.0, 'PD_5,PD_6': 0.0}, ASR: 1.0, TCB: {'PD_1': ['PD_3', 'PD_4', 'PD_5'], 'PD_3': ['PD_1', 'PD_4', 'PD_5'], 'PD_4': ['PD_1', 'PD_3', 'PD_5'], 'PD_5': ['PD_1', 'PD_3', 'PD_4'], 'PD_6': []}, FR: {'PD_1,PD_3': inf, 'PD_1,PD_4': inf, 'PD_1,PD_5': inf, 'PD_1,PD_6': inf, 'PD_3,PD_4': inf, 'PD_3,PD_5': inf, 'PD_3,PD_6': inf, 'PD_4,PD_5': inf, 'PD_4,PD_6': inf, 'PD_5,PD_6': inf}
  Computing metrics...
    RSI: {'PD_1,PD_3': 1.0, 'PD_1,PD_4': 1.0, 'PD_1,PD_5': 1.0, 'PD_1,PD_6': 0.0, 'PD_3,PD_4': 1.0, 'PD_3,PD_5': 1.0, 'PD_3,PD_6': 0.0, 'PD_4,PD_5': 1.0, 'PD_4,PD_6': 0.0, 'PD_5,PD_6': 0.0}, ASR: 1.2, TCB: {'PD_1': ['PD_3', 'PD_6', 'PD_4', 'PD_5'], 'PD_3': ['PD_1', 'PD_4', 'PD_5'], 'PD_4': ['PD_1', 'PD_3', 'PD_5'], 'PD_5': ['PD_1', 'PD_3', 'PD_4'], 'PD_6': []}, FR: {'PD_1,PD_3': inf, 'PD_1,PD_4': inf, 'PD_1,PD_5': inf, 'PD_1,PD_6': inf, 'PD_3,PD_4': inf, 'PD_3,PD_5': inf, 'PD_3,PD_6': inf, 'PD_4,PD_5': inf, 'PD_4,PD_6': inf, 'PD_5,PD_6': inf}
  Computing metrics...
    RSI: {'PD_1,PD_3': 1.0, 'PD_1,PD_4': 1.0, 'PD_1,PD_5': 1.0, 'PD_1,PD_6': 0.0, 'PD_3,PD_4': 1.0, 'PD_3,PD_5': 1.0, 'PD_3,PD_6': 0.0, 'PD_4,PD_5': 1.0, 'PD_4,PD_6': 0.0, 'PD_5,PD_6': 0.0}, ASR: 1.0, TCB: {'PD_1': ['PD_3', 'PD_4', 'PD_5'], 'PD_3': ['PD_1', 'PD_4', 'PD_5'], 'PD_4': ['PD_1', 'PD_3', 'PD_5'], 'PD_5': ['PD_1', 'PD_3', 'PD_4'], 'PD_6': []}, FR: {'PD_1,PD_3': inf, 'PD_1,PD_4': inf, 'PD_1,PD_5': inf, 'PD_1,PD_6': inf, 'PD_3,PD_4': inf, 'PD_3,PD_5': inf, 'PD_3,PD_6': inf, 'PD_4,PD_5': inf, 'PD_4,PD_6': inf, 'PD_5,PD_6': inf}
  Computing metrics...
    RSI: {'PD_1,PD_3': 1.0, 'PD_1,PD_4': 1.0, 'PD_1,PD_5': 1.0, 'PD_1,PD_6': 0.0, 'PD_3,PD_4': 1.0, 'PD_3,PD_5': 1.0, 'PD_3,PD_6': 0.0, 'PD_4,PD_5': 1.0, 'PD_4,PD_6': 0.0, 'PD_5,PD_6': 0.0}, ASR: 1.2, TCB: {'PD_1': ['PD_3', 'PD_4', 'PD_5'], 'PD_3': ['PD_1', 'PD_4', 'PD_5'], 'PD_4': ['PD_1', 'PD_3', 'PD_5'], 'PD_5': ['PD_1', 'PD_3', 'PD_4'], 'PD_6': []}, FR: {'PD_1,PD_3': inf, 'PD_1,PD_4': inf, 'PD_1,PD_5': inf, 'PD_1,PD_6': inf, 'PD_3,PD_4': inf, 'PD_3,PD_5': inf, 'PD_3,PD_6': inf, 'PD_4,PD_5': inf, 'PD_4,PD_6': inf, 'PD_5,PD_6': inf}
  Computing metrics...
    RSI: {'PD_1,PD_3': 1.0, 'PD_1,PD_4': 1.0, 'PD_1,PD_5': 1.0, 'PD_1,PD_6': 0.0, 'PD_3,PD_4': 1.0, 'PD_3,PD_5': 1.0, 'PD_3,PD_6': 0.0, 'PD_4,PD_5': 1.0, 'PD_4,PD_6': 0.0, 'PD_5,PD_6': 0.0}, ASR: 1.0, TCB: {'PD_1': ['PD_3', 'PD_4', 'PD_5'], 'PD_3': ['PD_1', 'PD_4', 'PD_5'], 'PD_4': ['PD_1', 'PD_3', 'PD_5'], 'PD_5': ['PD_1', 'PD_3', 'PD_4'], 'PD_6': []}, FR: {'PD_1,PD_3': inf, 'PD_1,PD_4': inf, 'PD_1,PD_5': inf, 'PD_1,PD_6': inf, 'PD_3,PD_4': inf, 'PD_3,PD_5': inf, 'PD_3,PD_6': inf, 'PD_4,PD_5': inf, 'PD_4,PD_6': inf, 'PD_5,PD_6': inf}
  Computing metrics...
    RSI: {'PD_1,PD_3': 1.0, 'PD_1,PD_4': 1.0, 'PD_1,PD_5': 1.0, 'PD_1,PD_6': 0.0, 'PD_3,PD_4': 1.0, 'PD_3,PD_5': 1.0, 'PD_3,PD_6': 0.0, 'PD_4,PD_5': 1.0, 'PD_4,PD_6': 0.0, 'PD_5,PD_6': 0.0}, ASR: 1.2, TCB: {'PD_1': ['PD_3', 'PD_4', 'PD_5'], 'PD_3': ['PD_4', 'PD_1', 'PD_5'], 'PD_4': ['PD_1', 'PD_3', 'PD_5'], 'PD_5': ['PD_1', 'PD_3', 'PD_4'], 'PD_6': []}, FR: {'PD_1,PD_3': 3, 'PD_1,PD_4': inf, 'PD_1,PD_5': inf, 'PD_1,PD_6': inf, 'PD_3,PD_4': inf, 'PD_3,PD_5': inf, 'PD_3,PD_6': inf, 'PD_4,PD_5': inf, 'PD_4,PD_6': inf, 'PD_5,PD_6': inf}
  Computing metrics...
    RSI: {'PD_1,PD_3': 1.0, 'PD_1,PD_4': 1.0, 'PD_1,PD_5': 1.0, 'PD_1,PD_6': 0.0, 'PD_3,PD_4': 1.0, 'PD_3,PD_5': 1.0, 'PD_3,PD_6': 0.0, 'PD_4,PD_5': 1.0, 'PD_4,PD_6': 0.0, 'PD_5,PD_6': 0.0}, ASR: 1.0, TCB: {'PD_1': ['PD_3', 'PD_4', 'PD_5'], 'PD_3': ['PD_1', 'PD_4', 'PD_5'], 'PD_4': ['PD_1', 'PD_3', 'PD_5'], 'PD_5': ['PD_1', 'PD_3', 'PD_4'], 'PD_6': []}, FR: {'PD_1,PD_3': inf, 'PD_1,PD_4': inf, 'PD_1,PD_5': inf, 'PD_1,PD_6': inf, 'PD_3,PD_4': inf, 'PD_3,PD_5': inf, 'PD_3,PD_6': inf, 'PD_4,PD_5': inf, 'PD_4,PD_6': inf, 'PD_5,PD_6': inf}
  Computing metrics...
    RSI: {'PD_1,PD_3': 1.0, 'PD_1,PD_4': 1.0, 'PD_1,PD_5': 1.0, 'PD_1,PD_6': 0.0, 'PD_3,PD_4': 1.0, 'PD_3,PD_5': 1.0, 'PD_3,PD_6': 0.0, 'PD_4,PD_5': 1.0, 'PD_4,PD_6': 0.0, 'PD_5,PD_6': 0.0}, ASR: 1.2, TCB: {'PD_1': ['PD_3', 'PD_4', 'PD_5'], 'PD_3': ['PD_5', 'PD_1', 'PD_4'], 'PD_4': ['PD_1', 'PD_3', 'PD_5'], 'PD_5': ['PD_1', 'PD_3', 'PD_4'], 'PD_6': []}, FR: {'PD_1,PD_3': 3, 'PD_1,PD_4': inf, 'PD_1,PD_5': inf, 'PD_1,PD_6': inf, 'PD_3,PD_4': inf, 'PD_3,PD_5': inf, 'PD_3,PD_6': inf, 'PD_4,PD_5': inf, 'PD_4,PD_6': inf, 'PD_5,PD_6': inf}
  Computing metrics...
    RSI: {'PD_1,PD_3': 1.0, 'PD_1,PD_4': 1.0, 'PD_1,PD_5': 1.0, 'PD_1,PD_6': 0.0, 'PD_3,PD_4': 1.0, 'PD_3,PD_5': 1.0, 'PD_3,PD_6': 0.0, 'PD_4,PD_5': 1.0, 'PD_4,PD_6': 0.0, 'PD_5,PD_6': 0.0}, ASR: 1.0, TCB: {'PD_1': ['PD_3', 'PD_4', 'PD_5'], 'PD_3': ['PD_1', 'PD_4', 'PD_5'], 'PD_4': ['PD_1', 'PD_3', 'PD_5'], 'PD_5': ['PD_1', 'PD_3', 'PD_4'], 'PD_6': []}, FR: {'PD_1,PD_3': inf, 'PD_1,PD_4': inf, 'PD_1,PD_5': inf, 'PD_1,PD_6': inf, 'PD_3,PD_4': inf, 'PD_3,PD_5': inf, 'PD_3,PD_6': inf, 'PD_4,PD_5': inf, 'PD_4,PD_6': inf, 'PD_5,PD_6': inf}
  Computing metrics...
    RSI: {'PD_1,PD_3': 1.0, 'PD_1,PD_4': 1.0, 'PD_1,PD_5': 1.0, 'PD_1,PD_6': 0.0, 'PD_3,PD_4': 1.0, 'PD_3,PD_5': 1.0, 'PD_3,PD_6': 0.0, 'PD_4,PD_5': 1.0, 'PD_4,PD_6': 0.0, 'PD_5,PD_6': 0.0}, ASR: 1.2, TCB: {'PD_1': ['PD_3', 'PD_4', 'PD_5'], 'PD_3': ['PD_6', 'PD_1', 'PD_4', 'PD_5'], 'PD_4': ['PD_1', 'PD_3', 'PD_5'], 'PD_5': ['PD_1', 'PD_3', 'PD_4'], 'PD_6': []}, FR: {'PD_1,PD_3': 3, 'PD_1,PD_4': inf, 'PD_1,PD_5': inf, 'PD_1,PD_6': inf, 'PD_3,PD_4': inf, 'PD_3,PD_5': inf, 'PD_3,PD_6': inf, 'PD_4,PD_5': inf, 'PD_4,PD_6': inf, 'PD_5,PD_6': inf}
  Computing metrics...
    RSI: {'PD_1,PD_3': 1.0, 'PD_1,PD_4': 1.0, 'PD_1,PD_5': 1.0, 'PD_1,PD_6': 0.0, 'PD_3,PD_4': 1.0, 'PD_3,PD_5': 1.0, 'PD_3,PD_6': 0.0, 'PD_4,PD_5': 1.0, 'PD_4,PD_6': 0.0, 'PD_5,PD_6': 0.0}, ASR: 1.0, TCB: {'PD_1': ['PD_3', 'PD_4', 'PD_5'], 'PD_3': ['PD_1', 'PD_4', 'PD_5'], 'PD_4': ['PD_1', 'PD_3', 'PD_5'], 'PD_5': ['PD_1', 'PD_3', 'PD_4'], 'PD_6': []}, FR: {'PD_1,PD_3': inf, 'PD_1,PD_4': inf, 'PD_1,PD_5': inf, 'PD_1,PD_6': inf, 'PD_3,PD_4': inf, 'PD_3,PD_5': inf, 'PD_3,PD_6': inf, 'PD_4,PD_5': inf, 'PD_4,PD_6': inf, 'PD_5,PD_6': inf}
  Computing metrics...
    RSI: {'PD_1,PD_3': 1.0, 'PD_1,PD_4': 1.0, 'PD_1,PD_5': 1.0, 'PD_1,PD_6': 0.0, 'PD_3,PD_4': 1.0, 'PD_3,PD_5': 1.0, 'PD_3,PD_6': 0.0, 'PD_4,PD_5': 1.0, 'PD_4,PD_6': 0.0, 'PD_5,PD_6': 0.0}, ASR: 1.2, TCB: {'PD_1': ['PD_3', 'PD_4', 'PD_5'], 'PD_3': ['PD_1', 'PD_4', 'PD_5'], 'PD_4': ['PD_1', 'PD_3', 'PD_5'], 'PD_5': ['PD_1', 'PD_3', 'PD_4'], 'PD_6': []}, FR: {'PD_1,PD_3': inf, 'PD_1,PD_4': 3, 'PD_1,PD_5': inf, 'PD_1,PD_6': inf, 'PD_3,PD_4': inf, 'PD_3,PD_5': inf, 'PD_3,PD_6': inf, 'PD_4,PD_5': inf, 'PD_4,PD_6': inf, 'PD_5,PD_6': inf}
  Computing metrics...
    RSI: {'PD_1,PD_3': 1.0, 'PD_1,PD_4': 1.0, 'PD_1,PD_5': 1.0, 'PD_1,PD_6': 0.0, 'PD_3,PD_4': 1.0, 'PD_3,PD_5': 1.0, 'PD_3,PD_6': 0.0, 'PD_4,PD_5': 1.0, 'PD_4,PD_6': 0.0, 'PD_5,PD_6': 0.0}, ASR: 1.0, TCB: {'PD_1': ['PD_3', 'PD_4', 'PD_5'], 'PD_3': ['PD_1', 'PD_4', 'PD_5'], 'PD_4': ['PD_1', 'PD_3', 'PD_5'], 'PD_5': ['PD_1', 'PD_3', 'PD_4'], 'PD_6': []}, FR: {'PD_1,PD_3': inf, 'PD_1,PD_4': inf, 'PD_1,PD_5': inf, 'PD_1,PD_6': inf, 'PD_3,PD_4': inf, 'PD_3,PD_5': inf, 'PD_3,PD_6': inf, 'PD_4,PD_5': inf, 'PD_4,PD_6': inf, 'PD_5,PD_6': inf}
  Computing metrics...
    RSI: {'PD_1,PD_3': 1.0, 'PD_1,PD_4': 1.0, 'PD_1,PD_5': 1.0, 'PD_1,PD_6': 0.0, 'PD_3,PD_4': 1.0, 'PD_3,PD_5': 1.0, 'PD_3,PD_6': 0.0, 'PD_4,PD_5': 1.0, 'PD_4,PD_6': 0.0, 'PD_5,PD_6': 0.0}, ASR: 1.2, TCB: {'PD_1': ['PD_3', 'PD_4', 'PD_5'], 'PD_3': ['PD_1', 'PD_4', 'PD_5'], 'PD_4': ['PD_3', 'PD_1', 'PD_5'], 'PD_5': ['PD_1', 'PD_3', 'PD_4'], 'PD_6': []}, FR: {'PD_1,PD_3': inf, 'PD_1,PD_4': 2, 'PD_1,PD_5': inf, 'PD_1,PD_6': inf, 'PD_3,PD_4': inf, 'PD_3,PD_5': inf, 'PD_3,PD_6': inf, 'PD_4,PD_5': inf, 'PD_4,PD_6': inf, 'PD_5,PD_6': inf}
  Computing metrics...
    RSI: {'PD_1,PD_3': 1.0, 'PD_1,PD_4': 1.0, 'PD_1,PD_5': 1.0, 'PD_1,PD_6': 0.0, 'PD_3,PD_4': 1.0, 'PD_3,PD_5': 1.0, 'PD_3,PD_6': 0.0, 'PD_4,PD_5': 1.0, 'PD_4,PD_6': 0.0, 'PD_5,PD_6': 0.0}, ASR: 1.0, TCB: {'PD_1': ['PD_3', 'PD_4', 'PD_5'], 'PD_3': ['PD_1', 'PD_4', 'PD_5'], 'PD_4': ['PD_1', 'PD_3', 'PD_5'], 'PD_5': ['PD_1', 'PD_3', 'PD_4'], 'PD_6': []}, FR: {'PD_1,PD_3': inf, 'PD_1,PD_4': inf, 'PD_1,PD_5': inf, 'PD_1,PD_6': inf, 'PD_3,PD_4': inf, 'PD_3,PD_5': inf, 'PD_3,PD_6': inf, 'PD_4,PD_5': inf, 'PD_4,PD_6': inf, 'PD_5,PD_6': inf}
  Computing metrics...
    RSI: {'PD_1,PD_3': 1.0, 'PD_1,PD_4': 1.0, 'PD_1,PD_5': 1.0, 'PD_1,PD_6': 0.0, 'PD_3,PD_4': 1.0, 'PD_3,PD_5': 1.0, 'PD_3,PD_6': 0.0, 'PD_4,PD_5': 1.0, 'PD_4,PD_6': 0.0, 'PD_5,PD_6': 0.0}, ASR: 1.2, TCB: {'PD_1': ['PD_3', 'PD_4', 'PD_5'], 'PD_3': ['PD_1', 'PD_4', 'PD_5'], 'PD_4': ['PD_5', 'PD_1', 'PD_3'], 'PD_5': ['PD_1', 'PD_3', 'PD_4'], 'PD_6': []}, FR: {'PD_1,PD_3': inf, 'PD_1,PD_4': inf, 'PD_1,PD_5': inf, 'PD_1,PD_6': inf, 'PD_3,PD_4': inf, 'PD_3,PD_5': inf, 'PD_3,PD_6': inf, 'PD_4,PD_5': inf, 'PD_4,PD_6': inf, 'PD_5,PD_6': inf}
  Computing metrics...
    RSI: {'PD_1,PD_3': 1.0, 'PD_1,PD_4': 1.0, 'PD_1,PD_5': 1.0, 'PD_1,PD_6': 0.0, 'PD_3,PD_4': 1.0, 'PD_3,PD_5': 1.0, 'PD_3,PD_6': 0.0, 'PD_4,PD_5': 1.0, 'PD_4,PD_6': 0.0, 'PD_5,PD_6': 0.0}, ASR: 1.0, TCB: {'PD_1': ['PD_3', 'PD_4', 'PD_5'], 'PD_3': ['PD_1', 'PD_4', 'PD_5'], 'PD_4': ['PD_1', 'PD_3', 'PD_5'], 'PD_5': ['PD_1', 'PD_3', 'PD_4'], 'PD_6': []}, FR: {'PD_1,PD_3': inf, 'PD_1,PD_4': inf, 'PD_1,PD_5': inf, 'PD_1,PD_6': inf, 'PD_3,PD_4': inf, 'PD_3,PD_5': inf, 'PD_3,PD_6': inf, 'PD_4,PD_5': inf, 'PD_4,PD_6': inf, 'PD_5,PD_6': inf}
  Computing metrics...
    RSI: {'PD_1,PD_3': 1.0, 'PD_1,PD_4': 1.0, 'PD_1,PD_5': 1.0, 'PD_1,PD_6': 0.0, 'PD_3,PD_4': 1.0, 'PD_3,PD_5': 1.0, 'PD_3,PD_6': 0.0, 'PD_4,PD_5': 1.0, 'PD_4,PD_6': 0.0, 'PD_5,PD_6': 0.0}, ASR: 1.2, TCB: {'PD_1': ['PD_3', 'PD_4', 'PD_5'], 'PD_3': ['PD_1', 'PD_4', 'PD_5'], 'PD_4': ['PD_6', 'PD_1', 'PD_3', 'PD_5'], 'PD_5': ['PD_1', 'PD_3', 'PD_4'], 'PD_6': []}, FR: {'PD_1,PD_3': inf, 'PD_1,PD_4': inf, 'PD_1,PD_5': inf, 'PD_1,PD_6': inf, 'PD_3,PD_4': inf, 'PD_3,PD_5': inf, 'PD_3,PD_6': inf, 'PD_4,PD_5': inf, 'PD_4,PD_6': inf, 'PD_5,PD_6': inf}
  Computing metrics...
    RSI: {'PD_1,PD_3': 1.0, 'PD_1,PD_4': 1.0, 'PD_1,PD_5': 1.0, 'PD_1,PD_6': 0.0, 'PD_3,PD_4': 1.0, 'PD_3,PD_5': 1.0, 'PD_3,PD_6': 0.0, 'PD_4,PD_5': 1.0, 'PD_4,PD_6': 0.0, 'PD_5,PD_6': 0.0}, ASR: 1.0, TCB: {'PD_1': ['PD_3', 'PD_4', 'PD_5'], 'PD_3': ['PD_1', 'PD_4', 'PD_5'], 'PD_4': ['PD_1', 'PD_3', 'PD_5'], 'PD_5': ['PD_1', 'PD_3', 'PD_4'], 'PD_6': []}, FR: {'PD_1,PD_3': inf, 'PD_1,PD_4': inf, 'PD_1,PD_5': inf, 'PD_1,PD_6': inf, 'PD_3,PD_4': inf, 'PD_3,PD_5': inf, 'PD_3,PD_6': inf, 'PD_4,PD_5': inf, 'PD_4,PD_6': inf, 'PD_5,PD_6': inf}
  Computing metrics...
    RSI: {'PD_1,PD_3': 1.0, 'PD_1,PD_4': 1.0, 'PD_1,PD_5': 1.0, 'PD_1,PD_6': 0.0, 'PD_3,PD_4': 1.0, 'PD_3,PD_5': 1.0, 'PD_3,PD_6': 0.0, 'PD_4,PD_5': 1.0, 'PD_4,PD_6': 0.0, 'PD_5,PD_6': 0.0}, ASR: 1.2, TCB: {'PD_1': ['PD_3', 'PD_4', 'PD_5'], 'PD_3': ['PD_1', 'PD_4', 'PD_5'], 'PD_4': ['PD_1', 'PD_3', 'PD_5'], 'PD_5': ['PD_1', 'PD_3', 'PD_4'], 'PD_6': []}, FR: {'PD_1,PD_3': inf, 'PD_1,PD_4': inf, 'PD_1,PD_5': 3, 'PD_1,PD_6': inf, 'PD_3,PD_4': inf, 'PD_3,PD_5': inf, 'PD_3,PD_6': inf, 'PD_4,PD_5': inf, 'PD_4,PD_6': inf, 'PD_5,PD_6': inf}
  Computing metrics...
    RSI: {'PD_1,PD_3': 1.0, 'PD_1,PD_4': 1.0, 'PD_1,PD_5': 1.0, 'PD_1,PD_6': 0.0, 'PD_3,PD_4': 1.0, 'PD_3,PD_5': 1.0, 'PD_3,PD_6': 0.0, 'PD_4,PD_5': 1.0, 'PD_4,PD_6': 0.0, 'PD_5,PD_6': 0.0}, ASR: 1.0, TCB: {'PD_1': ['PD_3', 'PD_4', 'PD_5'], 'PD_3': ['PD_1', 'PD_4', 'PD_5'], 'PD_4': ['PD_1', 'PD_3', 'PD_5'], 'PD_5': ['PD_1', 'PD_3', 'PD_4'], 'PD_6': []}, FR: {'PD_1,PD_3': inf, 'PD_1,PD_4': inf, 'PD_1,PD_5': inf, 'PD_1,PD_6': inf, 'PD_3,PD_4': inf, 'PD_3,PD_5': inf, 'PD_3,PD_6': inf, 'PD_4,PD_5': inf, 'PD_4,PD_6': inf, 'PD_5,PD_6': inf}
  Computing metrics...
    RSI: {'PD_1,PD_3': 1.0, 'PD_1,PD_4': 1.0, 'PD_1,PD_5': 1.0, 'PD_1,PD_6': 0.0, 'PD_3,PD_4': 1.0, 'PD_3,PD_5': 1.0, 'PD_3,PD_6': 0.0, 'PD_4,PD_5': 1.0, 'PD_4,PD_6': 0.0, 'PD_5,PD_6': 0.0}, ASR: 1.2, TCB: {'PD_1': ['PD_3', 'PD_4', 'PD_5'], 'PD_3': ['PD_1', 'PD_4', 'PD_5'], 'PD_4': ['PD_1', 'PD_3', 'PD_5'], 'PD_5': ['PD_3', 'PD_1', 'PD_4'], 'PD_6': []}, FR: {'PD_1,PD_3': inf, 'PD_1,PD_4': inf, 'PD_1,PD_5': 2, 'PD_1,PD_6': inf, 'PD_3,PD_4': inf, 'PD_3,PD_5': inf, 'PD_3,PD_6': inf, 'PD_4,PD_5': inf, 'PD_4,PD_6': inf, 'PD_5,PD_6': inf}
  Computing metrics...
    RSI: {'PD_1,PD_3': 1.0, 'PD_1,PD_4': 1.0, 'PD_1,PD_5': 1.0, 'PD_1,PD_6': 0.0, 'PD_3,PD_4': 1.0, 'PD_3,PD_5': 1.0, 'PD_3,PD_6': 0.0, 'PD_4,PD_5': 1.0, 'PD_4,PD_6': 0.0, 'PD_5,PD_6': 0.0}, ASR: 1.0, TCB: {'PD_1': ['PD_3', 'PD_4', 'PD_5'], 'PD_3': ['PD_1', 'PD_4', 'PD_5'], 'PD_4': ['PD_1', 'PD_3', 'PD_5'], 'PD_5': ['PD_1', 'PD_3', 'PD_4'], 'PD_6': []}, FR: {'PD_1,PD_3': inf, 'PD_1,PD_4': inf, 'PD_1,PD_5': inf, 'PD_1,PD_6': inf, 'PD_3,PD_4': inf, 'PD_3,PD_5': inf, 'PD_3,PD_6': inf, 'PD_4,PD_5': inf, 'PD_4,PD_6': inf, 'PD_5,PD_6': inf}
  Computing metrics...
    RSI: {'PD_1,PD_3': 1.0, 'PD_1,PD_4': 1.0, 'PD_1,PD_5': 1.0, 'PD_1,PD_6': 0.0, 'PD_3,PD_4': 1.0, 'PD_3,PD_5': 1.0, 'PD_3,PD_6': 0.0, 'PD_4,PD_5': 1.0, 'PD_4,PD_6': 0.0, 'PD_5,PD_6': 0.0}, ASR: 1.2, TCB: {'PD_1': ['PD_3', 'PD_4', 'PD_5'], 'PD_3': ['PD_1', 'PD_4', 'PD_5'], 'PD_4': ['PD_1', 'PD_3', 'PD_5'], 'PD_5': ['PD_4', 'PD_1', 'PD_3'], 'PD_6': []}, FR: {'PD_1,PD_3': inf, 'PD_1,PD_4': inf, 'PD_1,PD_5': inf, 'PD_1,PD_6': inf, 'PD_3,PD_4': inf, 'PD_3,PD_5': inf, 'PD_3,PD_6': inf, 'PD_4,PD_5': inf, 'PD_4,PD_6': inf, 'PD_5,PD_6': inf}
  Computing metrics...
    RSI: {'PD_1,PD_3': 1.0, 'PD_1,PD_4': 1.0, 'PD_1,PD_5': 1.0, 'PD_1,PD_6': 0.0, 'PD_3,PD_4': 1.0, 'PD_3,PD_5': 1.0, 'PD_3,PD_6': 0.0, 'PD_4,PD_5': 1.0, 'PD_4,PD_6': 0.0, 'PD_5,PD_6': 0.0}, ASR: 1.0, TCB: {'PD_1': ['PD_3', 'PD_4', 'PD_5'], 'PD_3': ['PD_1', 'PD_4', 'PD_5'], 'PD_4': ['PD_1', 'PD_3', 'PD_5'], 'PD_5': ['PD_1', 'PD_3', 'PD_4'], 'PD_6': []}, FR: {'PD_1,PD_3': inf, 'PD_1,PD_4': inf, 'PD_1,PD_5': inf, 'PD_1,PD_6': inf, 'PD_3,PD_4': inf, 'PD_3,PD_5': inf, 'PD_3,PD_6': inf, 'PD_4,PD_5': inf, 'PD_4,PD_6': inf, 'PD_5,PD_6': inf}
  Computing metrics...
    RSI: {'PD_1,PD_3': 1.0, 'PD_1,PD_4': 1.0, 'PD_1,PD_5': 1.0, 'PD_1,PD_6': 0.0, 'PD_3,PD_4': 1.0, 'PD_3,PD_5': 1.0, 'PD_3,PD_6': 0.0, 'PD_4,PD_5': 1.0, 'PD_4,PD_6': 0.0, 'PD_5,PD_6': 0.0}, ASR: 1.2, TCB: {'PD_1': ['PD_3', 'PD_4', 'PD_5'], 'PD_3': ['PD_1', 'PD_4', 'PD_5'], 'PD_4': ['PD_1', 'PD_3', 'PD_5'], 'PD_5': ['PD_6', 'PD_1', 'PD_3', 'PD_4'], 'PD_6': []}, FR: {'PD_1,PD_3': inf, 'PD_1,PD_4': inf, 'PD_1,PD_5': inf, 'PD_1,PD_6': inf, 'PD_3,PD_4': inf, 'PD_3,PD_5': inf, 'PD_3,PD_6': inf, 'PD_4,PD_5': inf, 'PD_4,PD_6': inf, 'PD_5,PD_6': inf}
  Computing metrics...
    RSI: {'PD_1,PD_3': 1.0, 'PD_1,PD_4': 1.0, 'PD_1,PD_5': 1.0, 'PD_1,PD_6': 0.0, 'PD_3,PD_4': 1.0, 'PD_3,PD_5': 1.0, 'PD_3,PD_6': 0.0, 'PD_4,PD_5': 1.0, 'PD_4,PD_6': 0.0, 'PD_5,PD_6': 0.0}, ASR: 1.0, TCB: {'PD_1': ['PD_3', 'PD_4', 'PD_5'], 'PD_3': ['PD_1', 'PD_4', 'PD_5'], 'PD_4': ['PD_1', 'PD_3', 'PD_5'], 'PD_5': ['PD_1', 'PD_3', 'PD_4'], 'PD_6': []}, FR: {'PD_1,PD_3': inf, 'PD_1,PD_4': inf, 'PD_1,PD_5': inf, 'PD_1,PD_6': inf, 'PD_3,PD_4': inf, 'PD_3,PD_5': inf, 'PD_3,PD_6': inf, 'PD_4,PD_5': inf, 'PD_4,PD_6': inf, 'PD_5,PD_6': inf}
  Computing metrics...
    RSI: {'PD_1,PD_3': 1.0, 'PD_1,PD_4': 1.0, 'PD_1,PD_5': 1.0, 'PD_1,PD_6': 0.0, 'PD_3,PD_4': 1.0, 'PD_3,PD_5': 1.0, 'PD_3,PD_6': 0.0, 'PD_4,PD_5': 1.0, 'PD_4,PD_6': 0.0, 'PD_5,PD_6': 0.0}, ASR: 1.2, TCB: {'PD_1': ['PD_3', 'PD_4', 'PD_5'], 'PD_3': ['PD_1', 'PD_4', 'PD_5'], 'PD_4': ['PD_1', 'PD_3', 'PD_5'], 'PD_5': ['PD_1', 'PD_3', 'PD_4'], 'PD_6': ['PD_1']}, FR: {'PD_1,PD_3': inf, 'PD_1,PD_4': inf, 'PD_1,PD_5': inf, 'PD_1,PD_6': 3, 'PD_3,PD_4': inf, 'PD_3,PD_5': inf, 'PD_3,PD_6': inf, 'PD_4,PD_5': inf, 'PD_4,PD_6': inf, 'PD_5,PD_6': inf}
  Computing metrics...
    RSI: {'PD_1,PD_3': 1.0, 'PD_1,PD_4': 1.0, 'PD_1,PD_5': 1.0, 'PD_1,PD_6': 0.0, 'PD_3,PD_4': 1.0, 'PD_3,PD_5': 1.0, 'PD_3,PD_6': 0.0, 'PD_4,PD_5': 1.0, 'PD_4,PD_6': 0.0, 'PD_5,PD_6': 0.0}, ASR: 1.0, TCB: {'PD_1': ['PD_3', 'PD_4', 'PD_5'], 'PD_3': ['PD_1', 'PD_4', 'PD_5'], 'PD_4': ['PD_1', 'PD_3', 'PD_5'], 'PD_5': ['PD_1', 'PD_3', 'PD_4'], 'PD_6': []}, FR: {'PD_1,PD_3': inf, 'PD_1,PD_4': inf, 'PD_1,PD_5': inf, 'PD_1,PD_6': inf, 'PD_3,PD_4': inf, 'PD_3,PD_5': inf, 'PD_3,PD_6': inf, 'PD_4,PD_5': inf, 'PD_4,PD_6': inf, 'PD_5,PD_6': inf}
  Computing metrics...
    RSI: {'PD_1,PD_3': 1.0, 'PD_1,PD_4': 1.0, 'PD_1,PD_5': 1.0, 'PD_1,PD_6': 0.0, 'PD_3,PD_4': 1.0, 'PD_3,PD_5': 1.0, 'PD_3,PD_6': 0.0, 'PD_4,PD_5': 1.0, 'PD_4,PD_6': 0.0, 'PD_5,PD_6': 0.0}, ASR: 1.2, TCB: {'PD_1': ['PD_3', 'PD_4', 'PD_5'], 'PD_3': ['PD_1', 'PD_4', 'PD_5'], 'PD_4': ['PD_1', 'PD_3', 'PD_5'], 'PD_5': ['PD_1', 'PD_3', 'PD_4'], 'PD_6': ['PD_3']}, FR: {'PD_1,PD_3': inf, 'PD_1,PD_4': inf, 'PD_1,PD_5': inf, 'PD_1,PD_6': 2, 'PD_3,PD_4': inf, 'PD_3,PD_5': inf, 'PD_3,PD_6': inf, 'PD_4,PD_5': inf, 'PD_4,PD_6': inf, 'PD_5,PD_6': inf}
  Computing metrics...
    RSI: {'PD_1,PD_3': 1.0, 'PD_1,PD_4': 1.0, 'PD_1,PD_5': 1.0, 'PD_1,PD_6': 0.0, 'PD_3,PD_4': 1.0, 'PD_3,PD_5': 1.0, 'PD_3,PD_6': 0.0, 'PD_4,PD_5': 1.0, 'PD_4,PD_6': 0.0, 'PD_5,PD_6': 0.0}, ASR: 1.0, TCB: {'PD_1': ['PD_3', 'PD_4', 'PD_5'], 'PD_3': ['PD_1', 'PD_4', 'PD_5'], 'PD_4': ['PD_1', 'PD_3', 'PD_5'], 'PD_5': ['PD_1', 'PD_3', 'PD_4'], 'PD_6': []}, FR: {'PD_1,PD_3': inf, 'PD_1,PD_4': inf, 'PD_1,PD_5': inf, 'PD_1,PD_6': inf, 'PD_3,PD_4': inf, 'PD_3,PD_5': inf, 'PD_3,PD_6': inf, 'PD_4,PD_5': inf, 'PD_4,PD_6': inf, 'PD_5,PD_6': inf}
  Computing metrics...
    RSI: {'PD_1,PD_3': 1.0, 'PD_1,PD_4': 1.0, 'PD_1,PD_5': 1.0, 'PD_1,PD_6': 0.0, 'PD_3,PD_4': 1.0, 'PD_3,PD_5': 1.0, 'PD_3,PD_6': 0.0, 'PD_4,PD_5': 1.0, 'PD_4,PD_6': 0.0, 'PD_5,PD_6': 0.0}, ASR: 1.2, TCB: {'PD_1': ['PD_3', 'PD_4', 'PD_5'], 'PD_3': ['PD_1', 'PD_4', 'PD_5'], 'PD_4': ['PD_1', 'PD_3', 'PD_5'], 'PD_5': ['PD_1', 'PD_3', 'PD_4'], 'PD_6': ['PD_4']}, FR: {'PD_1,PD_3': inf, 'PD_1,PD_4': inf, 'PD_1,PD_5': inf, 'PD_1,PD_6': inf, 'PD_3,PD_4': inf, 'PD_3,PD_5': inf, 'PD_3,PD_6': inf, 'PD_4,PD_5': inf, 'PD_4,PD_6': inf, 'PD_5,PD_6': inf}
  Computing metrics...
    RSI: {'PD_1,PD_3': 1.0, 'PD_1,PD_4': 1.0, 'PD_1,PD_5': 1.0, 'PD_1,PD_6': 0.0, 'PD_3,PD_4': 1.0, 'PD_3,PD_5': 1.0, 'PD_3,PD_6': 0.0, 'PD_4,PD_5': 1.0, 'PD_4,PD_6': 0.0, 'PD_5,PD_6': 0.0}, ASR: 1.0, TCB: {'PD_1': ['PD_3', 'PD_4', 'PD_5'], 'PD_3': ['PD_1', 'PD_4', 'PD_5'], 'PD_4': ['PD_1', 'PD_3', 'PD_5'], 'PD_5': ['PD_1', 'PD_3', 'PD_4'], 'PD_6': []}, FR: {'PD_1,PD_3': inf, 'PD_1,PD_4': inf, 'PD_1,PD_5': inf, 'PD_1,PD_6': inf, 'PD_3,PD_4': inf, 'PD_3,PD_5': inf, 'PD_3,PD_6': inf, 'PD_4,PD_5': inf, 'PD_4,PD_6': inf, 'PD_5,PD_6': inf}
  Computing metrics...
    RSI: {'PD_1,PD_3': 1.0, 'PD_1,PD_4': 1.0, 'PD_1,PD_5': 1.0, 'PD_1,PD_6': 0.0, 'PD_3,PD_4': 1.0, 'PD_3,PD_5': 1.0, 'PD_3,PD_6': 0.0, 'PD_4,PD_5': 1.0, 'PD_4,PD_6': 0.0, 'PD_5,PD_6': 0.0}, ASR: 1.2, TCB: {'PD_1': ['PD_3', 'PD_4', 'PD_5'], 'PD_3': ['PD_1', 'PD_4', 'PD_5'], 'PD_4': ['PD_1', 'PD_3', 'PD_5'], 'PD_5': ['PD_1', 'PD_3', 'PD_4'], 'PD_6': ['PD_5']}, FR: {'PD_1,PD_3': inf, 'PD_1,PD_4': inf, 'PD_1,PD_5': inf, 'PD_1,PD_6': inf, 'PD_3,PD_4': inf, 'PD_3,PD_5': inf, 'PD_3,PD_6': inf, 'PD_4,PD_5': inf, 'PD_4,PD_6': inf, 'PD_5,PD_6': inf}
  Computing metrics...
    RSI: {'PD_1,PD_3': 1.0, 'PD_1,PD_4': 1.0, 'PD_1,PD_5': 1.0, 'PD_1,PD_6': 0.0, 'PD_3,PD_4': 1.0, 'PD_3,PD_5': 1.0, 'PD_3,PD_6': 0.0, 'PD_4,PD_5': 1.0, 'PD_4,PD_6': 0.0, 'PD_5,PD_6': 0.0}, ASR: 1.0, TCB: {'PD_1': ['PD_3', 'PD_4', 'PD_5'], 'PD_3': ['PD_1', 'PD_4', 'PD_5'], 'PD_4': ['PD_1', 'PD_3', 'PD_5'], 'PD_5': ['PD_1', 'PD_3', 'PD_4'], 'PD_6': []}, FR: {'PD_1,PD_3': inf, 'PD_1,PD_4': inf, 'PD_1,PD_5': inf, 'PD_1,PD_6': inf, 'PD_3,PD_4': inf, 'PD_3,PD_5': inf, 'PD_3,PD_6': inf, 'PD_4,PD_5': inf, 'PD_4,PD_6': inf, 'PD_5,PD_6': inf}
  Computing metrics...
    RSI: {'PD_1,PD_3': 1.0, 'PD_1,PD_4': 1.0, 'PD_1,PD_5': 1.0, 'PD_1,PD_6': 0.0, 'PD_3,PD_4': 1.0, 'PD_3,PD_5': 1.0, 'PD_3,PD_6': 0.0, 'PD_4,PD_5': 1.0, 'PD_4,PD_6': 0.0, 'PD_5,PD_6': 0.0}, ASR: 1.0, TCB: {'PD_1': ['PD_3', 'PD_4', 'PD_5'], 'PD_3': ['PD_1', 'PD_4', 'PD_5'], 'PD_4': ['PD_1', 'PD_3', 'PD_5'], 'PD_5': ['PD_1', 'PD_3', 'PD_4'], 'PD_6': []}, FR: {'PD_1,PD_3': inf, 'PD_1,PD_4': inf, 'PD_1,PD_5': inf, 'PD_1,PD_6': inf, 'PD_3,PD_4': inf, 'PD_3,PD_5': inf, 'PD_3,PD_6': inf, 'PD_4,PD_5': inf, 'PD_4,PD_6': inf, 'PD_5,PD_6': inf}
  Computing metrics...
    RSI: {'PD_1,PD_3': 1.0, 'PD_1,PD_4': 1.0, 'PD_1,PD_5': 1.0, 'PD_1,PD_6': 0.0, 'PD_3,PD_4': 1.0, 'PD_3,PD_5': 1.0, 'PD_3,PD_6': 0.0, 'PD_4,PD_5': 1.0, 'PD_4,PD_6': 0.0, 'PD_5,PD_6': 0.0}, ASR: 1.0, TCB: {'PD_1': ['PD_3', 'PD_4', 'PD_5'], 'PD_3': ['PD_1', 'PD_4', 'PD_5'], 'PD_4': ['PD_1', 'PD_3', 'PD_5'], 'PD_5': ['PD_1', 'PD_3', 'PD_4'], 'PD_6': []}, FR: {'PD_1,PD_3': inf, 'PD_1,PD_4': inf, 'PD_1,PD_5': inf, 'PD_1,PD_6': inf, 'PD_3,PD_4': inf, 'PD_3,PD_5': inf, 'PD_3,PD_6': inf, 'PD_4,PD_5': inf, 'PD_4,PD_6': inf, 'PD_5,PD_6': inf}
  Computing metrics...
    RSI: {'PD_1,PD_3': 1.0, 'PD_1,PD_4': 1.0, 'PD_1,PD_5': 1.0, 'PD_1,PD_6': 0.0, 'PD_3,PD_4': 1.0, 'PD_3,PD_5': 1.0, 'PD_3,PD_6': 0.0, 'PD_4,PD_5': 1.0, 'PD_4,PD_6': 0.0, 'PD_5,PD_6': 0.0}, ASR: 1.0, TCB: {'PD_1': ['PD_3', 'PD_4', 'PD_5'], 'PD_3': ['PD_1', 'PD_4', 'PD_5'], 'PD_4': ['PD_1', 'PD_3', 'PD_5'], 'PD_5': ['PD_1', 'PD_3', 'PD_4'], 'PD_6': []}, FR: {'PD_1,PD_3': inf, 'PD_1,PD_4': inf, 'PD_1,PD_5': inf, 'PD_1,PD_6': inf, 'PD_3,PD_4': inf, 'PD_3,PD_5': inf, 'PD_3,PD_6': inf, 'PD_4,PD_5': inf, 'PD_4,PD_6': inf, 'PD_5,PD_6': inf}
  🚫 Filtered out 0 'add_pd(add new protection domain to help resolve 2 constraint violation(s))' candidates (avoiding repetition)
  Trying best transition: primitive
    Target: add new protection domain to help resolve 2 constraint violation(s)
    Predicted improvement: 0.100
    Considered 31 other option(s):
      1. primitive: connect PD_6 to FILE_1_1 (improvement: 0.100)
      2. primitive: remove empty PD_6 (improvement: 0.100)
      3. primitive: create new CONFIG file in FILE_SPACE_1 (improvement: 0.100)
      4. primitive: create new DATABASE file in FILE_SPACE_1 (improvement: 0.100)
      5. primitive: create new TEMP file in FILE_SPACE_1 (improvement: 0.100)
      6. primitive: create new LOG file in FILE_SPACE_1 (improvement: 0.100)
      7. primitive: remove FILE_1_1 (holders: 4) (improvement: 0.100)
      8. primitive: remove PD_3 -> FILE_1_1 HOLD edge (improvement: 0.100)
      9. primitive: remove PD_4 -> FILE_1_1 HOLD edge (improvement: 0.100)
      10. primitive: remove PD_5 -> FILE_1_1 HOLD edge (improvement: 0.100)
      ... and 21 more
    ✅ Applied add_pd
  📋 Generated 32 candidate(s)
  Computing metrics...
    RSI: {'PD_1,PD_3': 1.0, 'PD_1,PD_4': 1.0, 'PD_1,PD_5': 1.0, 'PD_1,PD_6': 1.0, 'PD_3,PD_4': 1.0, 'PD_3,PD_5': 1.0, 'PD_3,PD_6': 1.0, 'PD_4,PD_5': 1.0, 'PD_4,PD_6': 1.0, 'PD_5,PD_6': 1.0}, ASR: 1.2, TCB: {'PD_1': ['PD_3', 'PD_4', 'PD_5', 'PD_6'], 'PD_3': ['PD_1', 'PD_4', 'PD_5', 'PD_6'], 'PD_4': ['PD_1', 'PD_3', 'PD_5', 'PD_6'], 'PD_5': ['PD_1', 'PD_3', 'PD_4', 'PD_6'], 'PD_6': ['PD_1', 'PD_3', 'PD_4', 'PD_5']}, FR: {'PD_1,PD_3': inf, 'PD_1,PD_4': inf, 'PD_1,PD_5': inf, 'PD_1,PD_6': inf, 'PD_3,PD_4': inf, 'PD_3,PD_5': inf, 'PD_3,PD_6': inf, 'PD_4,PD_5': inf, 'PD_4,PD_6': inf, 'PD_5,PD_6': inf}
    ✅ Added candidate: add_hold_edge (score: 0.100)
  Computing metrics...
    RSI: {'PD_1,PD_3': 1.0, 'PD_1,PD_4': 1.0, 'PD_1,PD_5': 1.0, 'PD_1,PD_6': 0.0, 'PD_1,PD_7': 0.0, 'PD_3,PD_4': 1.0, 'PD_3,PD_5': 1.0, 'PD_3,PD_6': 0.0, 'PD_3,PD_7': 0.0, 'PD_4,PD_5': 1.0, 'PD_4,PD_6': 0.0, 'PD_4,PD_7': 0.0, 'PD_5,PD_6': 0.0, 'PD_5,PD_7': 0.0, 'PD_6,PD_7': 0.0}, ASR: 0.8333333333333334, TCB: {'PD_1': ['PD_3', 'PD_4', 'PD_5'], 'PD_3': ['PD_1', 'PD_4', 'PD_5'], 'PD_4': ['PD_1', 'PD_3', 'PD_5'], 'PD_5': ['PD_1', 'PD_3', 'PD_4'], 'PD_6': [], 'PD_7': []}, FR: {'PD_1,PD_3': inf, 'PD_1,PD_4': inf, 'PD_1,PD_5': inf, 'PD_1,PD_6': inf, 'PD_1,PD_7': inf, 'PD_3,PD_4': inf, 'PD_3,PD_5': inf, 'PD_3,PD_6': inf, 'PD_3,PD_7': inf, 'PD_4,PD_5': inf, 'PD_4,PD_6': inf, 'PD_4,PD_7': inf, 'PD_5,PD_6': inf, 'PD_5,PD_7': inf, 'PD_6,PD_7': inf}
    ✅ Added candidate: add_pd (score: 0.100)

📊 Next beam (3 states):
  Beam[0]: BeamState(iter=6, score=1.600, path=add_hold_edge(connect PD_5 to FILE_1_1) → add_file_resource(create new CONFIG file in FILE_SPACE_1) → add_hold_edge(connect PD_2 to orphaned resource FILE_1_2))
  Beam[1]: BeamState(iter=6, score=1.600, path=add_hold_edge(connect PD_5 to FILE_1_1) → add_file_resource(create new CONFIG file in FILE_SPACE_1) → add_hold_edge(connect PD_3 to orphaned resource FILE_1_2))
  Beam[2]: BeamState(iter=6, score=0.100, path=add_hold_edge(connect PD_5 to FILE_1_1) → add_pd(add new protection domain to help resolve 2 constraint violation(s)) → add_hold_edge(connect PD_6 to FILE_1_1))
💡 Total candidates generated: 6
🎯 Mechanisms discovered so far: 0

============================================================
🔍 Beam Search Iteration 7/8
📊 Current beam size: 3
  Beam[0]: BeamState(iter=6, score=1.600, path=add_hold_edge(connect PD_5 to FILE_1_1) → add_file_resource(create new CONFIG file in FILE_SPACE_1) → add_hold_edge(connect PD_2 to orphaned resource FILE_1_2))
  Beam[1]: BeamState(iter=6, score=1.600, path=add_hold_edge(connect PD_5 to FILE_1_1) → add_file_resource(create new CONFIG file in FILE_SPACE_1) → add_hold_edge(connect PD_3 to orphaned resource FILE_1_2))
  Beam[2]: BeamState(iter=6, score=0.100, path=add_hold_edge(connect PD_5 to FILE_1_1) → add_pd(add new protection domain to help resolve 2 constraint violation(s)) → add_hold_edge(connect PD_6 to FILE_1_1))

🌟 Expanding Beam[0] (score: 1.600)
  ⚠️  Constraints violated: PD_1 lacks any access to FILE_1_1; PD_1 lacks access to any files
  Computing metrics...
    RSI: {'PD_2,PD_3': 0.5, 'PD_2,PD_4': 0.5, 'PD_2,PD_5': 0.5, 'PD_3,PD_4': 1.0, 'PD_3,PD_5': 1.0, 'PD_4,PD_5': 1.0}, ASR: 1.5, TCB: {'PD_2': ['PD_4', 'PD_3', 'PD_5'], 'PD_3': ['PD_2', 'PD_4', 'PD_5'], 'PD_4': ['PD_2', 'PD_3', 'PD_5'], 'PD_5': ['PD_2', 'PD_3', 'PD_4']}, FR: {'PD_2,PD_3': inf, 'PD_2,PD_4': inf, 'PD_2,PD_5': inf, 'PD_3,PD_4': inf, 'PD_3,PD_5': inf, 'PD_4,PD_5': inf}
  Computing metrics...
    RSI: {'PD_2,PD_3': 0.5, 'PD_2,PD_4': 0.5, 'PD_2,PD_5': 0.5, 'PD_3,PD_4': 1.0, 'PD_3,PD_5': 1.0, 'PD_4,PD_5': 1.0}, ASR: 1.5, TCB: {'PD_2': ['PD_4', 'PD_3', 'PD_5'], 'PD_3': ['PD_2', 'PD_4', 'PD_5'], 'PD_4': ['PD_2', 'PD_3', 'PD_5'], 'PD_5': ['PD_2', 'PD_3', 'PD_4']}, FR: {'PD_2,PD_3': inf, 'PD_2,PD_4': inf, 'PD_2,PD_5': inf, 'PD_3,PD_4': inf, 'PD_3,PD_5': inf, 'PD_4,PD_5': inf}
  Computing metrics...
    RSI: {'PD_2,PD_3': 0.5, 'PD_2,PD_4': 0.5, 'PD_2,PD_5': 0.5, 'PD_3,PD_4': 1.0, 'PD_3,PD_5': 1.0, 'PD_4,PD_5': 1.0}, ASR: 1.5, TCB: {'PD_2': ['PD_4', 'PD_3', 'PD_5'], 'PD_3': ['PD_2', 'PD_4', 'PD_5'], 'PD_4': ['PD_2', 'PD_3', 'PD_5'], 'PD_5': ['PD_2', 'PD_3', 'PD_4']}, FR: {'PD_2,PD_3': inf, 'PD_2,PD_4': inf, 'PD_2,PD_5': inf, 'PD_3,PD_4': inf, 'PD_3,PD_5': inf, 'PD_4,PD_5': inf}
  Computing metrics...
    RSI: {'PD_2,PD_3': 0.5, 'PD_2,PD_4': 0.5, 'PD_2,PD_5': 0.5, 'PD_3,PD_4': 1.0, 'PD_3,PD_5': 1.0, 'PD_4,PD_5': 1.0}, ASR: 1.5, TCB: {'PD_2': ['PD_4', 'PD_3', 'PD_5'], 'PD_3': ['PD_2', 'PD_4', 'PD_5'], 'PD_4': ['PD_2', 'PD_3', 'PD_5'], 'PD_5': ['PD_2', 'PD_3', 'PD_4']}, FR: {'PD_2,PD_3': inf, 'PD_2,PD_4': inf, 'PD_2,PD_5': inf, 'PD_3,PD_4': inf, 'PD_3,PD_5': inf, 'PD_4,PD_5': inf}
  Computing metrics...
    RSI: {'PD_2,PD_3': 0.5, 'PD_2,PD_4': 0.5, 'PD_2,PD_5': 0.5, 'PD_3,PD_4': 1.0, 'PD_3,PD_5': 1.0, 'PD_4,PD_5': 1.0}, ASR: 1.5, TCB: {'PD_2': ['PD_4', 'PD_3', 'PD_5'], 'PD_3': ['PD_2', 'PD_4', 'PD_5'], 'PD_4': ['PD_2', 'PD_3', 'PD_5'], 'PD_5': ['PD_2', 'PD_3', 'PD_4']}, FR: {'PD_2,PD_3': inf, 'PD_2,PD_4': inf, 'PD_2,PD_5': inf, 'PD_3,PD_4': inf, 'PD_3,PD_5': inf, 'PD_4,PD_5': inf}
  Computing metrics...
    RSI: {'PD_2,PD_3': 0.5, 'PD_2,PD_4': 0.5, 'PD_2,PD_5': 0.5, 'PD_3,PD_4': 1.0, 'PD_3,PD_5': 1.0, 'PD_4,PD_5': 1.0}, ASR: 1.5, TCB: {'PD_2': ['PD_4', 'PD_3', 'PD_5'], 'PD_3': ['PD_2', 'PD_4', 'PD_5'], 'PD_4': ['PD_2', 'PD_3', 'PD_5'], 'PD_5': ['PD_2', 'PD_3', 'PD_4']}, FR: {'PD_2,PD_3': inf, 'PD_2,PD_4': inf, 'PD_2,PD_5': inf, 'PD_3,PD_4': inf, 'PD_3,PD_5': inf, 'PD_4,PD_5': inf}
  Computing metrics...
    RSI: {'PD_2,PD_3': 0.5, 'PD_2,PD_4': 0.5, 'PD_2,PD_5': 0.5, 'PD_3,PD_4': 1.0, 'PD_3,PD_5': 1.0, 'PD_4,PD_5': 1.0}, ASR: 1.5, TCB: {'PD_2': ['PD_4', 'PD_3', 'PD_5'], 'PD_3': ['PD_2', 'PD_4', 'PD_5'], 'PD_4': ['PD_2', 'PD_3', 'PD_5'], 'PD_5': ['PD_2', 'PD_3', 'PD_4']}, FR: {'PD_2,PD_3': inf, 'PD_2,PD_4': inf, 'PD_2,PD_5': inf, 'PD_3,PD_4': inf, 'PD_3,PD_5': inf, 'PD_4,PD_5': inf}
  Computing metrics...
    RSI: {'PD_2,PD_3': 0.5, 'PD_2,PD_4': 0.5, 'PD_2,PD_5': 0.5, 'PD_3,PD_4': 1.0, 'PD_3,PD_5': 1.0, 'PD_4,PD_5': 1.0}, ASR: 1.5, TCB: {'PD_2': ['PD_4', 'PD_3', 'PD_5'], 'PD_3': ['PD_2', 'PD_4', 'PD_5'], 'PD_4': ['PD_2', 'PD_3', 'PD_5'], 'PD_5': ['PD_2', 'PD_3', 'PD_4']}, FR: {'PD_2,PD_3': inf, 'PD_2,PD_4': inf, 'PD_2,PD_5': inf, 'PD_3,PD_4': inf, 'PD_3,PD_5': inf, 'PD_4,PD_5': inf}
  Computing metrics...
    RSI: {'PD_2,PD_3': 0.5, 'PD_2,PD_4': 0.5, 'PD_2,PD_5': 0.5, 'PD_3,PD_4': 1.0, 'PD_3,PD_5': 1.0, 'PD_4,PD_5': 1.0}, ASR: 1.5, TCB: {'PD_2': ['PD_4', 'PD_3', 'PD_5'], 'PD_3': ['PD_2', 'PD_4', 'PD_5'], 'PD_4': ['PD_2', 'PD_3', 'PD_5'], 'PD_5': ['PD_2', 'PD_3', 'PD_4']}, FR: {'PD_2,PD_3': inf, 'PD_2,PD_4': inf, 'PD_2,PD_5': inf, 'PD_3,PD_4': inf, 'PD_3,PD_5': inf, 'PD_4,PD_5': inf}
  Computing metrics...
    RSI: {'PD_2,PD_3': 0.5, 'PD_2,PD_4': 0.5, 'PD_2,PD_5': 0.5, 'PD_3,PD_4': 1.0, 'PD_3,PD_5': 1.0, 'PD_4,PD_5': 1.0}, ASR: 1.5, TCB: {'PD_2': ['PD_4', 'PD_3', 'PD_5'], 'PD_3': ['PD_2', 'PD_4', 'PD_5'], 'PD_4': ['PD_2', 'PD_3', 'PD_5'], 'PD_5': ['PD_2', 'PD_3', 'PD_4']}, FR: {'PD_2,PD_3': inf, 'PD_2,PD_4': inf, 'PD_2,PD_5': inf, 'PD_3,PD_4': inf, 'PD_3,PD_5': inf, 'PD_4,PD_5': inf}
  Computing metrics...
    RSI: {'PD_2,PD_3': 0.5, 'PD_2,PD_4': 0.5, 'PD_2,PD_5': 0.5, 'PD_3,PD_4': 1.0, 'PD_3,PD_5': 1.0, 'PD_4,PD_5': 1.0}, ASR: 1.5, TCB: {'PD_2': ['PD_4', 'PD_3', 'PD_5'], 'PD_3': ['PD_2', 'PD_4', 'PD_5'], 'PD_4': ['PD_2', 'PD_3', 'PD_5'], 'PD_5': ['PD_2', 'PD_3', 'PD_4']}, FR: {'PD_2,PD_3': inf, 'PD_2,PD_4': inf, 'PD_2,PD_5': inf, 'PD_3,PD_4': inf, 'PD_3,PD_5': inf, 'PD_4,PD_5': inf}
  Computing metrics...
    RSI: {'PD_2,PD_3': 0.5, 'PD_2,PD_4': 0.5, 'PD_2,PD_5': 0.5, 'PD_3,PD_4': 1.0, 'PD_3,PD_5': 1.0, 'PD_4,PD_5': 1.0}, ASR: 1.5, TCB: {'PD_2': ['PD_4', 'PD_3', 'PD_5'], 'PD_3': ['PD_2', 'PD_4', 'PD_5'], 'PD_4': ['PD_2', 'PD_3', 'PD_5'], 'PD_5': ['PD_2', 'PD_3', 'PD_4']}, FR: {'PD_2,PD_3': inf, 'PD_2,PD_4': inf, 'PD_2,PD_5': inf, 'PD_3,PD_4': inf, 'PD_3,PD_5': inf, 'PD_4,PD_5': inf}
  Computing metrics...
    RSI: {'PD_2,PD_3': 0.5, 'PD_2,PD_4': 0.5, 'PD_2,PD_5': 0.5, 'PD_3,PD_4': 1.0, 'PD_3,PD_5': 1.0, 'PD_4,PD_5': 1.0}, ASR: 1.5, TCB: {'PD_2': ['PD_4', 'PD_3', 'PD_5'], 'PD_3': ['PD_2', 'PD_4', 'PD_5'], 'PD_4': ['PD_2', 'PD_3', 'PD_5'], 'PD_5': ['PD_2', 'PD_3', 'PD_4']}, FR: {'PD_2,PD_3': inf, 'PD_2,PD_4': inf, 'PD_2,PD_5': inf, 'PD_3,PD_4': inf, 'PD_3,PD_5': inf, 'PD_4,PD_5': inf}
  Computing metrics...
    RSI: {'PD_2,PD_3': 1.0, 'PD_2,PD_4': 0.5, 'PD_2,PD_5': 0.5, 'PD_3,PD_4': 0.5, 'PD_3,PD_5': 0.5, 'PD_4,PD_5': 1.0}, ASR: 1.75, TCB: {'PD_2': ['PD_4', 'PD_3', 'PD_5'], 'PD_3': ['PD_2', 'PD_4', 'PD_5'], 'PD_4': ['PD_2', 'PD_3', 'PD_5'], 'PD_5': ['PD_2', 'PD_3', 'PD_4']}, FR: {'PD_2,PD_3': inf, 'PD_2,PD_4': inf, 'PD_2,PD_5': inf, 'PD_3,PD_4': inf, 'PD_3,PD_5': inf, 'PD_4,PD_5': inf}
  Computing metrics...
    RSI: {'PD_2,PD_3': 0.5, 'PD_2,PD_4': 0.5, 'PD_2,PD_5': 0.5, 'PD_3,PD_4': 1.0, 'PD_3,PD_5': 1.0, 'PD_4,PD_5': 1.0}, ASR: 1.5, TCB: {'PD_2': ['PD_4', 'PD_3', 'PD_5'], 'PD_3': ['PD_2', 'PD_4', 'PD_5'], 'PD_4': ['PD_2', 'PD_3', 'PD_5'], 'PD_5': ['PD_2', 'PD_3', 'PD_4']}, FR: {'PD_2,PD_3': inf, 'PD_2,PD_4': inf, 'PD_2,PD_5': inf, 'PD_3,PD_4': inf, 'PD_3,PD_5': inf, 'PD_4,PD_5': inf}
  Computing metrics...
    RSI: {'PD_2,PD_3': 0.5, 'PD_2,PD_4': 1.0, 'PD_2,PD_5': 0.5, 'PD_3,PD_4': 0.5, 'PD_3,PD_5': 1.0, 'PD_4,PD_5': 0.5}, ASR: 1.75, TCB: {'PD_2': ['PD_4', 'PD_3', 'PD_5'], 'PD_3': ['PD_2', 'PD_4', 'PD_5'], 'PD_4': ['PD_2', 'PD_3', 'PD_5'], 'PD_5': ['PD_2', 'PD_3', 'PD_4']}, FR: {'PD_2,PD_3': inf, 'PD_2,PD_4': inf, 'PD_2,PD_5': inf, 'PD_3,PD_4': inf, 'PD_3,PD_5': inf, 'PD_4,PD_5': inf}
  Computing metrics...
    RSI: {'PD_2,PD_3': 0.5, 'PD_2,PD_4': 0.5, 'PD_2,PD_5': 0.5, 'PD_3,PD_4': 1.0, 'PD_3,PD_5': 1.0, 'PD_4,PD_5': 1.0}, ASR: 1.5, TCB: {'PD_2': ['PD_4', 'PD_3', 'PD_5'], 'PD_3': ['PD_2', 'PD_4', 'PD_5'], 'PD_4': ['PD_2', 'PD_3', 'PD_5'], 'PD_5': ['PD_2', 'PD_3', 'PD_4']}, FR: {'PD_2,PD_3': inf, 'PD_2,PD_4': inf, 'PD_2,PD_5': inf, 'PD_3,PD_4': inf, 'PD_3,PD_5': inf, 'PD_4,PD_5': inf}
  Computing metrics...
    RSI: {'PD_2,PD_3': 0.5, 'PD_2,PD_4': 0.5, 'PD_2,PD_5': 1.0, 'PD_3,PD_4': 1.0, 'PD_3,PD_5': 0.5, 'PD_4,PD_5': 0.5}, ASR: 1.75, TCB: {'PD_2': ['PD_4', 'PD_3', 'PD_5'], 'PD_3': ['PD_2', 'PD_4', 'PD_5'], 'PD_4': ['PD_2', 'PD_3', 'PD_5'], 'PD_5': ['PD_2', 'PD_3', 'PD_4']}, FR: {'PD_2,PD_3': inf, 'PD_2,PD_4': inf, 'PD_2,PD_5': inf, 'PD_3,PD_4': inf, 'PD_3,PD_5': inf, 'PD_4,PD_5': inf}
  Computing metrics...
    RSI: {'PD_2,PD_3': 0.5, 'PD_2,PD_4': 0.5, 'PD_2,PD_5': 0.5, 'PD_3,PD_4': 1.0, 'PD_3,PD_5': 1.0, 'PD_4,PD_5': 1.0}, ASR: 1.5, TCB: {'PD_2': ['PD_4', 'PD_3', 'PD_5'], 'PD_3': ['PD_2', 'PD_4', 'PD_5'], 'PD_4': ['PD_2', 'PD_3', 'PD_5'], 'PD_5': ['PD_2', 'PD_3', 'PD_4']}, FR: {'PD_2,PD_3': inf, 'PD_2,PD_4': inf, 'PD_2,PD_5': inf, 'PD_3,PD_4': inf, 'PD_3,PD_5': inf, 'PD_4,PD_5': inf}
  Computing metrics...
    RSI: {'PD_2,PD_3': 0.5, 'PD_2,PD_4': 0.5, 'PD_2,PD_5': 0.5, 'PD_3,PD_4': 1.0, 'PD_3,PD_5': 1.0, 'PD_4,PD_5': 1.0}, ASR: 1.5, TCB: {'PD_2': ['PD_4', 'PD_3', 'PD_5'], 'PD_3': ['PD_2', 'PD_4', 'PD_5'], 'PD_4': ['PD_2', 'PD_3', 'PD_5'], 'PD_5': ['PD_2', 'PD_3', 'PD_4']}, FR: {'PD_2,PD_3': inf, 'PD_2,PD_4': inf, 'PD_2,PD_5': inf, 'PD_3,PD_4': inf, 'PD_3,PD_5': inf, 'PD_4,PD_5': inf}
    remove_hold_edge candidate: remove PD_2 -> FILE_1_1 HOLD edge -> score: 0.100
  Computing metrics...
    RSI: {'PD_2,PD_3': 0.5, 'PD_2,PD_4': 0.5, 'PD_2,PD_5': 0.5, 'PD_3,PD_4': 1.0, 'PD_3,PD_5': 1.0, 'PD_4,PD_5': 1.0}, ASR: 1.5, TCB: {'PD_2': ['PD_4', 'PD_3', 'PD_5'], 'PD_3': ['PD_2', 'PD_4', 'PD_5'], 'PD_4': ['PD_2', 'PD_3', 'PD_5'], 'PD_5': ['PD_2', 'PD_3', 'PD_4']}, FR: {'PD_2,PD_3': inf, 'PD_2,PD_4': inf, 'PD_2,PD_5': inf, 'PD_3,PD_4': inf, 'PD_3,PD_5': inf, 'PD_4,PD_5': inf}
  Computing metrics...
    RSI: {'PD_2,PD_3': 0.5, 'PD_2,PD_4': 0.5, 'PD_2,PD_5': 0.5, 'PD_3,PD_4': 1.0, 'PD_3,PD_5': 1.0, 'PD_4,PD_5': 1.0}, ASR: 1.5, TCB: {'PD_2': ['PD_4', 'PD_3', 'PD_5'], 'PD_3': ['PD_2', 'PD_4', 'PD_5'], 'PD_4': ['PD_2', 'PD_3', 'PD_5'], 'PD_5': ['PD_2', 'PD_3', 'PD_4']}, FR: {'PD_2,PD_3': inf, 'PD_2,PD_4': inf, 'PD_2,PD_5': inf, 'PD_3,PD_4': inf, 'PD_3,PD_5': inf, 'PD_4,PD_5': inf}
    remove_hold_edge candidate: remove PD_2 -> FILE_1_2 HOLD edge -> score: 0.100
  Computing metrics...
    RSI: {'PD_2,PD_3': 0.5, 'PD_2,PD_4': 0.5, 'PD_2,PD_5': 0.5, 'PD_3,PD_4': 1.0, 'PD_3,PD_5': 1.0, 'PD_4,PD_5': 1.0}, ASR: 1.5, TCB: {'PD_2': ['PD_4', 'PD_3', 'PD_5'], 'PD_3': ['PD_2', 'PD_4', 'PD_5'], 'PD_4': ['PD_2', 'PD_3', 'PD_5'], 'PD_5': ['PD_2', 'PD_3', 'PD_4']}, FR: {'PD_2,PD_3': inf, 'PD_2,PD_4': inf, 'PD_2,PD_5': inf, 'PD_3,PD_4': inf, 'PD_3,PD_5': inf, 'PD_4,PD_5': inf}
  Computing metrics...
    RSI: {'PD_2,PD_3': 0.5, 'PD_2,PD_4': 0.5, 'PD_2,PD_5': 0.5, 'PD_3,PD_4': 1.0, 'PD_3,PD_5': 1.0, 'PD_4,PD_5': 1.0}, ASR: 1.5, TCB: {'PD_2': ['PD_4', 'PD_3', 'PD_5'], 'PD_3': ['PD_2', 'PD_4', 'PD_5'], 'PD_4': ['PD_2', 'PD_3', 'PD_5'], 'PD_5': ['PD_2', 'PD_3', 'PD_4']}, FR: {'PD_2,PD_3': inf, 'PD_2,PD_4': inf, 'PD_2,PD_5': inf, 'PD_3,PD_4': inf, 'PD_3,PD_5': inf, 'PD_4,PD_5': inf}
    remove_hold_edge candidate: remove PD_3 -> FILE_1_1 HOLD edge -> score: 0.100
  Computing metrics...
    RSI: {'PD_2,PD_3': 0.5, 'PD_2,PD_4': 0.5, 'PD_2,PD_5': 0.5, 'PD_3,PD_4': 1.0, 'PD_3,PD_5': 1.0, 'PD_4,PD_5': 1.0}, ASR: 1.5, TCB: {'PD_2': ['PD_4', 'PD_3', 'PD_5'], 'PD_3': ['PD_2', 'PD_4', 'PD_5'], 'PD_4': ['PD_2', 'PD_3', 'PD_5'], 'PD_5': ['PD_2', 'PD_3', 'PD_4']}, FR: {'PD_2,PD_3': inf, 'PD_2,PD_4': inf, 'PD_2,PD_5': inf, 'PD_3,PD_4': inf, 'PD_3,PD_5': inf, 'PD_4,PD_5': inf}
  Computing metrics...
    RSI: {'PD_2,PD_3': 0.5, 'PD_2,PD_4': 0.5, 'PD_2,PD_5': 0.5, 'PD_3,PD_4': 1.0, 'PD_3,PD_5': 1.0, 'PD_4,PD_5': 1.0}, ASR: 1.5, TCB: {'PD_2': ['PD_4', 'PD_3', 'PD_5'], 'PD_3': ['PD_2', 'PD_4', 'PD_5'], 'PD_4': ['PD_2', 'PD_3', 'PD_5'], 'PD_5': ['PD_2', 'PD_3', 'PD_4']}, FR: {'PD_2,PD_3': inf, 'PD_2,PD_4': inf, 'PD_2,PD_5': inf, 'PD_3,PD_4': inf, 'PD_3,PD_5': inf, 'PD_4,PD_5': inf}
    remove_hold_edge candidate: remove PD_4 -> FILE_1_1 HOLD edge -> score: 0.100
  Computing metrics...
    RSI: {'PD_2,PD_3': 0.5, 'PD_2,PD_4': 0.5, 'PD_2,PD_5': 0.5, 'PD_3,PD_4': 1.0, 'PD_3,PD_5': 1.0, 'PD_4,PD_5': 1.0}, ASR: 1.5, TCB: {'PD_2': ['PD_4', 'PD_3', 'PD_5'], 'PD_3': ['PD_2', 'PD_4', 'PD_5'], 'PD_4': ['PD_2', 'PD_3', 'PD_5'], 'PD_5': ['PD_2', 'PD_3', 'PD_4']}, FR: {'PD_2,PD_3': inf, 'PD_2,PD_4': inf, 'PD_2,PD_5': inf, 'PD_3,PD_4': inf, 'PD_3,PD_5': inf, 'PD_4,PD_5': inf}
  Computing metrics...
    RSI: {'PD_2,PD_3': 0.5, 'PD_2,PD_4': 0.5, 'PD_2,PD_5': 0.5, 'PD_3,PD_4': 1.0, 'PD_3,PD_5': 1.0, 'PD_4,PD_5': 1.0}, ASR: 1.5, TCB: {'PD_2': ['PD_4', 'PD_3', 'PD_5'], 'PD_3': ['PD_2', 'PD_4', 'PD_5'], 'PD_4': ['PD_2', 'PD_3', 'PD_5'], 'PD_5': ['PD_2', 'PD_3', 'PD_4']}, FR: {'PD_2,PD_3': inf, 'PD_2,PD_4': inf, 'PD_2,PD_5': inf, 'PD_3,PD_4': inf, 'PD_3,PD_5': inf, 'PD_4,PD_5': inf}
    remove_hold_edge candidate: remove PD_5 -> FILE_1_1 HOLD edge -> score: 0.100
  Computing metrics...
    RSI: {'PD_2,PD_3': 0.5, 'PD_2,PD_4': 0.5, 'PD_2,PD_5': 0.5, 'PD_3,PD_4': 1.0, 'PD_3,PD_5': 1.0, 'PD_4,PD_5': 1.0}, ASR: 1.5, TCB: {'PD_2': ['PD_4', 'PD_3', 'PD_5'], 'PD_3': ['PD_2', 'PD_4', 'PD_5'], 'PD_4': ['PD_2', 'PD_3', 'PD_5'], 'PD_5': ['PD_2', 'PD_3', 'PD_4']}, FR: {'PD_2,PD_3': inf, 'PD_2,PD_4': inf, 'PD_2,PD_5': inf, 'PD_3,PD_4': inf, 'PD_3,PD_5': inf, 'PD_4,PD_5': inf}
  Computing metrics...
    RSI: {'PD_2,PD_3': 0.5, 'PD_2,PD_4': 0.5, 'PD_2,PD_5': 0.5, 'PD_3,PD_4': 1.0, 'PD_3,PD_5': 1.0, 'PD_4,PD_5': 1.0}, ASR: 1.75, TCB: {'PD_2': ['PD_4', 'PD_3', 'PD_5'], 'PD_3': ['PD_2', 'PD_4', 'PD_5'], 'PD_4': ['PD_2', 'PD_3', 'PD_5'], 'PD_5': ['PD_2', 'PD_3', 'PD_4']}, FR: {'PD_2,PD_3': inf, 'PD_2,PD_4': inf, 'PD_2,PD_5': inf, 'PD_3,PD_4': inf, 'PD_3,PD_5': inf, 'PD_4,PD_5': inf}
  Computing metrics...
    RSI: {'PD_2,PD_3': 0.5, 'PD_2,PD_4': 0.5, 'PD_2,PD_5': 0.5, 'PD_3,PD_4': 1.0, 'PD_3,PD_5': 1.0, 'PD_4,PD_5': 1.0}, ASR: 1.5, TCB: {'PD_2': ['PD_4', 'PD_3', 'PD_5'], 'PD_3': ['PD_2', 'PD_4', 'PD_5'], 'PD_4': ['PD_2', 'PD_3', 'PD_5'], 'PD_5': ['PD_2', 'PD_3', 'PD_4']}, FR: {'PD_2,PD_3': inf, 'PD_2,PD_4': inf, 'PD_2,PD_5': inf, 'PD_3,PD_4': inf, 'PD_3,PD_5': inf, 'PD_4,PD_5': inf}
  Computing metrics...
    RSI: {'PD_2,PD_3': 0.5, 'PD_2,PD_4': 0.5, 'PD_2,PD_5': 0.5, 'PD_3,PD_4': 1.0, 'PD_3,PD_5': 1.0, 'PD_4,PD_5': 1.0}, ASR: 1.75, TCB: {'PD_2': ['PD_4', 'PD_5', 'PD_3'], 'PD_3': ['PD_2', 'PD_4', 'PD_5'], 'PD_4': ['PD_2', 'PD_3', 'PD_5'], 'PD_5': ['PD_2', 'PD_3', 'PD_4']}, FR: {'PD_2,PD_3': inf, 'PD_2,PD_4': inf, 'PD_2,PD_5': inf, 'PD_3,PD_4': inf, 'PD_3,PD_5': inf, 'PD_4,PD_5': inf}
  Computing metrics...
    RSI: {'PD_2,PD_3': 0.5, 'PD_2,PD_4': 0.5, 'PD_2,PD_5': 0.5, 'PD_3,PD_4': 1.0, 'PD_3,PD_5': 1.0, 'PD_4,PD_5': 1.0}, ASR: 1.5, TCB: {'PD_2': ['PD_4', 'PD_3', 'PD_5'], 'PD_3': ['PD_2', 'PD_4', 'PD_5'], 'PD_4': ['PD_2', 'PD_3', 'PD_5'], 'PD_5': ['PD_2', 'PD_3', 'PD_4']}, FR: {'PD_2,PD_3': inf, 'PD_2,PD_4': inf, 'PD_2,PD_5': inf, 'PD_3,PD_4': inf, 'PD_3,PD_5': inf, 'PD_4,PD_5': inf}
  Computing metrics...
    RSI: {'PD_2,PD_3': 0.5, 'PD_2,PD_4': 0.5, 'PD_2,PD_5': 0.5, 'PD_3,PD_4': 1.0, 'PD_3,PD_5': 1.0, 'PD_4,PD_5': 1.0}, ASR: 1.75, TCB: {'PD_2': ['PD_4', 'PD_3', 'PD_5'], 'PD_3': ['PD_2', 'PD_4', 'PD_5'], 'PD_4': ['PD_2', 'PD_3', 'PD_5'], 'PD_5': ['PD_2', 'PD_3', 'PD_4']}, FR: {'PD_2,PD_3': 3, 'PD_2,PD_4': inf, 'PD_2,PD_5': inf, 'PD_3,PD_4': inf, 'PD_3,PD_5': inf, 'PD_4,PD_5': inf}
  Computing metrics...
    RSI: {'PD_2,PD_3': 0.5, 'PD_2,PD_4': 0.5, 'PD_2,PD_5': 0.5, 'PD_3,PD_4': 1.0, 'PD_3,PD_5': 1.0, 'PD_4,PD_5': 1.0}, ASR: 1.5, TCB: {'PD_2': ['PD_4', 'PD_3', 'PD_5'], 'PD_3': ['PD_2', 'PD_4', 'PD_5'], 'PD_4': ['PD_2', 'PD_3', 'PD_5'], 'PD_5': ['PD_2', 'PD_3', 'PD_4']}, FR: {'PD_2,PD_3': inf, 'PD_2,PD_4': inf, 'PD_2,PD_5': inf, 'PD_3,PD_4': inf, 'PD_3,PD_5': inf, 'PD_4,PD_5': inf}
  Computing metrics...
    RSI: {'PD_2,PD_3': 0.5, 'PD_2,PD_4': 0.5, 'PD_2,PD_5': 0.5, 'PD_3,PD_4': 1.0, 'PD_3,PD_5': 1.0, 'PD_4,PD_5': 1.0}, ASR: 1.75, TCB: {'PD_2': ['PD_4', 'PD_3', 'PD_5'], 'PD_3': ['PD_4', 'PD_2', 'PD_5'], 'PD_4': ['PD_2', 'PD_3', 'PD_5'], 'PD_5': ['PD_2', 'PD_3', 'PD_4']}, FR: {'PD_2,PD_3': 2, 'PD_2,PD_4': inf, 'PD_2,PD_5': inf, 'PD_3,PD_4': inf, 'PD_3,PD_5': inf, 'PD_4,PD_5': inf}
  Computing metrics...
    RSI: {'PD_2,PD_3': 0.5, 'PD_2,PD_4': 0.5, 'PD_2,PD_5': 0.5, 'PD_3,PD_4': 1.0, 'PD_3,PD_5': 1.0, 'PD_4,PD_5': 1.0}, ASR: 1.5, TCB: {'PD_2': ['PD_4', 'PD_3', 'PD_5'], 'PD_3': ['PD_2', 'PD_4', 'PD_5'], 'PD_4': ['PD_2', 'PD_3', 'PD_5'], 'PD_5': ['PD_2', 'PD_3', 'PD_4']}, FR: {'PD_2,PD_3': inf, 'PD_2,PD_4': inf, 'PD_2,PD_5': inf, 'PD_3,PD_4': inf, 'PD_3,PD_5': inf, 'PD_4,PD_5': inf}
  Computing metrics...
    RSI: {'PD_2,PD_3': 0.5, 'PD_2,PD_4': 0.5, 'PD_2,PD_5': 0.5, 'PD_3,PD_4': 1.0, 'PD_3,PD_5': 1.0, 'PD_4,PD_5': 1.0}, ASR: 1.75, TCB: {'PD_2': ['PD_4', 'PD_3', 'PD_5'], 'PD_3': ['PD_5', 'PD_2', 'PD_4'], 'PD_4': ['PD_2', 'PD_3', 'PD_5'], 'PD_5': ['PD_2', 'PD_3', 'PD_4']}, FR: {'PD_2,PD_3': inf, 'PD_2,PD_4': inf, 'PD_2,PD_5': inf, 'PD_3,PD_4': inf, 'PD_3,PD_5': inf, 'PD_4,PD_5': inf}
  Computing metrics...
    RSI: {'PD_2,PD_3': 0.5, 'PD_2,PD_4': 0.5, 'PD_2,PD_5': 0.5, 'PD_3,PD_4': 1.0, 'PD_3,PD_5': 1.0, 'PD_4,PD_5': 1.0}, ASR: 1.5, TCB: {'PD_2': ['PD_4', 'PD_3', 'PD_5'], 'PD_3': ['PD_2', 'PD_4', 'PD_5'], 'PD_4': ['PD_2', 'PD_3', 'PD_5'], 'PD_5': ['PD_2', 'PD_3', 'PD_4']}, FR: {'PD_2,PD_3': inf, 'PD_2,PD_4': inf, 'PD_2,PD_5': inf, 'PD_3,PD_4': inf, 'PD_3,PD_5': inf, 'PD_4,PD_5': inf}
  Computing metrics...
    RSI: {'PD_2,PD_3': 0.5, 'PD_2,PD_4': 0.5, 'PD_2,PD_5': 0.5, 'PD_3,PD_4': 1.0, 'PD_3,PD_5': 1.0, 'PD_4,PD_5': 1.0}, ASR: 1.75, TCB: {'PD_2': ['PD_4', 'PD_3', 'PD_5'], 'PD_3': ['PD_2', 'PD_4', 'PD_5'], 'PD_4': ['PD_2', 'PD_3', 'PD_5'], 'PD_5': ['PD_2', 'PD_3', 'PD_4']}, FR: {'PD_2,PD_3': inf, 'PD_2,PD_4': inf, 'PD_2,PD_5': inf, 'PD_3,PD_4': inf, 'PD_3,PD_5': inf, 'PD_4,PD_5': inf}
  Computing metrics...
    RSI: {'PD_2,PD_3': 0.5, 'PD_2,PD_4': 0.5, 'PD_2,PD_5': 0.5, 'PD_3,PD_4': 1.0, 'PD_3,PD_5': 1.0, 'PD_4,PD_5': 1.0}, ASR: 1.5, TCB: {'PD_2': ['PD_4', 'PD_3', 'PD_5'], 'PD_3': ['PD_2', 'PD_4', 'PD_5'], 'PD_4': ['PD_2', 'PD_3', 'PD_5'], 'PD_5': ['PD_2', 'PD_3', 'PD_4']}, FR: {'PD_2,PD_3': inf, 'PD_2,PD_4': inf, 'PD_2,PD_5': inf, 'PD_3,PD_4': inf, 'PD_3,PD_5': inf, 'PD_4,PD_5': inf}
  Computing metrics...
    RSI: {'PD_2,PD_3': 0.5, 'PD_2,PD_4': 0.5, 'PD_2,PD_5': 0.5, 'PD_3,PD_4': 1.0, 'PD_3,PD_5': 1.0, 'PD_4,PD_5': 1.0}, ASR: 1.75, TCB: {'PD_2': ['PD_4', 'PD_3', 'PD_5'], 'PD_3': ['PD_2', 'PD_4', 'PD_5'], 'PD_4': ['PD_3', 'PD_2', 'PD_5'], 'PD_5': ['PD_2', 'PD_3', 'PD_4']}, FR: {'PD_2,PD_3': inf, 'PD_2,PD_4': 3, 'PD_2,PD_5': inf, 'PD_3,PD_4': inf, 'PD_3,PD_5': inf, 'PD_4,PD_5': inf}
  Computing metrics...
    RSI: {'PD_2,PD_3': 0.5, 'PD_2,PD_4': 0.5, 'PD_2,PD_5': 0.5, 'PD_3,PD_4': 1.0, 'PD_3,PD_5': 1.0, 'PD_4,PD_5': 1.0}, ASR: 1.5, TCB: {'PD_2': ['PD_4', 'PD_3', 'PD_5'], 'PD_3': ['PD_2', 'PD_4', 'PD_5'], 'PD_4': ['PD_2', 'PD_3', 'PD_5'], 'PD_5': ['PD_2', 'PD_3', 'PD_4']}, FR: {'PD_2,PD_3': inf, 'PD_2,PD_4': inf, 'PD_2,PD_5': inf, 'PD_3,PD_4': inf, 'PD_3,PD_5': inf, 'PD_4,PD_5': inf}
  Computing metrics...
    RSI: {'PD_2,PD_3': 0.5, 'PD_2,PD_4': 0.5, 'PD_2,PD_5': 0.5, 'PD_3,PD_4': 1.0, 'PD_3,PD_5': 1.0, 'PD_4,PD_5': 1.0}, ASR: 1.75, TCB: {'PD_2': ['PD_4', 'PD_3', 'PD_5'], 'PD_3': ['PD_2', 'PD_4', 'PD_5'], 'PD_4': ['PD_5', 'PD_2', 'PD_3'], 'PD_5': ['PD_2', 'PD_3', 'PD_4']}, FR: {'PD_2,PD_3': inf, 'PD_2,PD_4': 3, 'PD_2,PD_5': inf, 'PD_3,PD_4': inf, 'PD_3,PD_5': inf, 'PD_4,PD_5': inf}
  Computing metrics...
    RSI: {'PD_2,PD_3': 0.5, 'PD_2,PD_4': 0.5, 'PD_2,PD_5': 0.5, 'PD_3,PD_4': 1.0, 'PD_3,PD_5': 1.0, 'PD_4,PD_5': 1.0}, ASR: 1.5, TCB: {'PD_2': ['PD_4', 'PD_3', 'PD_5'], 'PD_3': ['PD_2', 'PD_4', 'PD_5'], 'PD_4': ['PD_2', 'PD_3', 'PD_5'], 'PD_5': ['PD_2', 'PD_3', 'PD_4']}, FR: {'PD_2,PD_3': inf, 'PD_2,PD_4': inf, 'PD_2,PD_5': inf, 'PD_3,PD_4': inf, 'PD_3,PD_5': inf, 'PD_4,PD_5': inf}
  Computing metrics...
    RSI: {'PD_2,PD_3': 0.5, 'PD_2,PD_4': 0.5, 'PD_2,PD_5': 0.5, 'PD_3,PD_4': 1.0, 'PD_3,PD_5': 1.0, 'PD_4,PD_5': 1.0}, ASR: 1.75, TCB: {'PD_2': ['PD_4', 'PD_3', 'PD_5'], 'PD_3': ['PD_2', 'PD_4', 'PD_5'], 'PD_4': ['PD_2', 'PD_3', 'PD_5'], 'PD_5': ['PD_2', 'PD_3', 'PD_4']}, FR: {'PD_2,PD_3': inf, 'PD_2,PD_4': inf, 'PD_2,PD_5': 3, 'PD_3,PD_4': inf, 'PD_3,PD_5': inf, 'PD_4,PD_5': inf}
  Computing metrics...
    RSI: {'PD_2,PD_3': 0.5, 'PD_2,PD_4': 0.5, 'PD_2,PD_5': 0.5, 'PD_3,PD_4': 1.0, 'PD_3,PD_5': 1.0, 'PD_4,PD_5': 1.0}, ASR: 1.5, TCB: {'PD_2': ['PD_4', 'PD_3', 'PD_5'], 'PD_3': ['PD_2', 'PD_4', 'PD_5'], 'PD_4': ['PD_2', 'PD_3', 'PD_5'], 'PD_5': ['PD_2', 'PD_3', 'PD_4']}, FR: {'PD_2,PD_3': inf, 'PD_2,PD_4': inf, 'PD_2,PD_5': inf, 'PD_3,PD_4': inf, 'PD_3,PD_5': inf, 'PD_4,PD_5': inf}
  Computing metrics...
    RSI: {'PD_2,PD_3': 0.5, 'PD_2,PD_4': 0.5, 'PD_2,PD_5': 0.5, 'PD_3,PD_4': 1.0, 'PD_3,PD_5': 1.0, 'PD_4,PD_5': 1.0}, ASR: 1.75, TCB: {'PD_2': ['PD_4', 'PD_3', 'PD_5'], 'PD_3': ['PD_2', 'PD_4', 'PD_5'], 'PD_4': ['PD_2', 'PD_3', 'PD_5'], 'PD_5': ['PD_3', 'PD_2', 'PD_4']}, FR: {'PD_2,PD_3': inf, 'PD_2,PD_4': inf, 'PD_2,PD_5': inf, 'PD_3,PD_4': inf, 'PD_3,PD_5': inf, 'PD_4,PD_5': inf}
  Computing metrics...
    RSI: {'PD_2,PD_3': 0.5, 'PD_2,PD_4': 0.5, 'PD_2,PD_5': 0.5, 'PD_3,PD_4': 1.0, 'PD_3,PD_5': 1.0, 'PD_4,PD_5': 1.0}, ASR: 1.5, TCB: {'PD_2': ['PD_4', 'PD_3', 'PD_5'], 'PD_3': ['PD_2', 'PD_4', 'PD_5'], 'PD_4': ['PD_2', 'PD_3', 'PD_5'], 'PD_5': ['PD_2', 'PD_3', 'PD_4']}, FR: {'PD_2,PD_3': inf, 'PD_2,PD_4': inf, 'PD_2,PD_5': inf, 'PD_3,PD_4': inf, 'PD_3,PD_5': inf, 'PD_4,PD_5': inf}
  Computing metrics...
    RSI: {'PD_2,PD_3': 0.5, 'PD_2,PD_4': 0.5, 'PD_2,PD_5': 0.5, 'PD_3,PD_4': 1.0, 'PD_3,PD_5': 1.0, 'PD_4,PD_5': 1.0}, ASR: 1.75, TCB: {'PD_2': ['PD_4', 'PD_3', 'PD_5'], 'PD_3': ['PD_2', 'PD_4', 'PD_5'], 'PD_4': ['PD_2', 'PD_3', 'PD_5'], 'PD_5': ['PD_4', 'PD_2', 'PD_3']}, FR: {'PD_2,PD_3': inf, 'PD_2,PD_4': inf, 'PD_2,PD_5': 2, 'PD_3,PD_4': inf, 'PD_3,PD_5': inf, 'PD_4,PD_5': inf}
  Computing metrics...
    RSI: {'PD_2,PD_3': 0.5, 'PD_2,PD_4': 0.5, 'PD_2,PD_5': 0.5, 'PD_3,PD_4': 1.0, 'PD_3,PD_5': 1.0, 'PD_4,PD_5': 1.0}, ASR: 1.5, TCB: {'PD_2': ['PD_4', 'PD_3', 'PD_5'], 'PD_3': ['PD_2', 'PD_4', 'PD_5'], 'PD_4': ['PD_2', 'PD_3', 'PD_5'], 'PD_5': ['PD_2', 'PD_3', 'PD_4']}, FR: {'PD_2,PD_3': inf, 'PD_2,PD_4': inf, 'PD_2,PD_5': inf, 'PD_3,PD_4': inf, 'PD_3,PD_5': inf, 'PD_4,PD_5': inf}
  Computing metrics...
    RSI: {'PD_2,PD_3': 0.5, 'PD_2,PD_4': 0.5, 'PD_2,PD_5': 0.5, 'PD_3,PD_4': 1.0, 'PD_3,PD_5': 1.0, 'PD_4,PD_5': 1.0}, ASR: 1.5, TCB: {'PD_2': ['PD_4', 'PD_3', 'PD_5'], 'PD_3': ['PD_2', 'PD_4', 'PD_5'], 'PD_4': ['PD_2', 'PD_3', 'PD_5'], 'PD_5': ['PD_2', 'PD_3', 'PD_4']}, FR: {'PD_2,PD_3': inf, 'PD_2,PD_4': inf, 'PD_2,PD_5': inf, 'PD_3,PD_4': inf, 'PD_3,PD_5': inf, 'PD_4,PD_5': inf}
  Computing metrics...
    RSI: {'PD_2,PD_3': 0.5, 'PD_2,PD_4': 0.5, 'PD_2,PD_5': 0.5, 'PD_3,PD_4': 1.0, 'PD_3,PD_5': 1.0, 'PD_4,PD_5': 1.0}, ASR: 1.5, TCB: {'PD_2': ['PD_4', 'PD_3', 'PD_5'], 'PD_3': ['PD_2', 'PD_4', 'PD_5'], 'PD_4': ['PD_2', 'PD_3', 'PD_5'], 'PD_5': ['PD_2', 'PD_3', 'PD_4']}, FR: {'PD_2,PD_3': inf, 'PD_2,PD_4': inf, 'PD_2,PD_5': inf, 'PD_3,PD_4': inf, 'PD_3,PD_5': inf, 'PD_4,PD_5': inf}
  Computing metrics...
    RSI: {'PD_2,PD_3': 0.5, 'PD_2,PD_4': 0.5, 'PD_2,PD_5': 0.5, 'PD_3,PD_4': 1.0, 'PD_3,PD_5': 1.0, 'PD_4,PD_5': 1.0}, ASR: 1.5, TCB: {'PD_2': ['PD_4', 'PD_3', 'PD_5'], 'PD_3': ['PD_2', 'PD_4', 'PD_5'], 'PD_4': ['PD_2', 'PD_3', 'PD_5'], 'PD_5': ['PD_2', 'PD_3', 'PD_4']}, FR: {'PD_2,PD_3': inf, 'PD_2,PD_4': inf, 'PD_2,PD_5': inf, 'PD_3,PD_4': inf, 'PD_3,PD_5': inf, 'PD_4,PD_5': inf}
  Computing metrics...
    RSI: {'PD_2,PD_3': 0.5, 'PD_2,PD_4': 0.5, 'PD_2,PD_5': 0.5, 'PD_3,PD_4': 1.0, 'PD_3,PD_5': 1.0, 'PD_4,PD_5': 1.0}, ASR: 1.5, TCB: {'PD_2': ['PD_4', 'PD_3', 'PD_5'], 'PD_3': ['PD_2', 'PD_4', 'PD_5'], 'PD_4': ['PD_2', 'PD_3', 'PD_5'], 'PD_5': ['PD_2', 'PD_3', 'PD_4']}, FR: {'PD_2,PD_3': inf, 'PD_2,PD_4': inf, 'PD_2,PD_5': inf, 'PD_3,PD_4': inf, 'PD_3,PD_5': inf, 'PD_4,PD_5': inf}
  Computing metrics...
    RSI: {'PD_2,PD_3': 0.5, 'PD_2,PD_4': 0.5, 'PD_2,PD_5': 0.5, 'PD_3,PD_4': 1.0, 'PD_3,PD_5': 1.0, 'PD_4,PD_5': 1.0}, ASR: 1.5, TCB: {'PD_2': ['PD_4', 'PD_3', 'PD_5'], 'PD_3': ['PD_2', 'PD_4', 'PD_5'], 'PD_4': ['PD_2', 'PD_3', 'PD_5'], 'PD_5': ['PD_2', 'PD_3', 'PD_4']}, FR: {'PD_2,PD_3': inf, 'PD_2,PD_4': inf, 'PD_2,PD_5': inf, 'PD_3,PD_4': inf, 'PD_3,PD_5': inf, 'PD_4,PD_5': inf}
  🚫 Filtered out 0 'add_hold_edge(connect PD_2 to orphaned resource FILE_1_2)' candidates (avoiding repetition)
  Trying best transition: primitive
    Target: add new protection domain to help resolve 2 constraint violation(s)
    Predicted improvement: 0.100
    Considered 27 other option(s):
      1. primitive: create new CONFIG file in FILE_SPACE_1 (improvement: 0.100)
      2. primitive: create new DATABASE file in FILE_SPACE_1 (improvement: 0.100)
      3. primitive: create new TEMP file in FILE_SPACE_1 (improvement: 0.100)
      4. primitive: create new LOG file in FILE_SPACE_1 (improvement: 0.100)
      5. primitive: remove FILE_1_1 (holders: 4) (improvement: 0.100)
      6. primitive: remove PD_2 -> FILE_1_1 HOLD edge (improvement: 0.100)
      7. primitive: remove PD_2 -> FILE_1_2 HOLD edge (improvement: 0.100)
      8. primitive: remove PD_3 -> FILE_1_1 HOLD edge (improvement: 0.100)
      9. primitive: remove PD_4 -> FILE_1_1 HOLD edge (improvement: 0.100)
      10. primitive: remove PD_5 -> FILE_1_1 HOLD edge (improvement: 0.100)
      ... and 17 more
    ✅ Applied add_pd
  📋 Generated 28 candidate(s)
  Computing metrics...
    RSI: {'PD_2,PD_3': 0.5, 'PD_2,PD_4': 0.5, 'PD_2,PD_5': 0.5, 'PD_2,PD_6': 0.0, 'PD_3,PD_4': 1.0, 'PD_3,PD_5': 1.0, 'PD_3,PD_6': 0.0, 'PD_4,PD_5': 1.0, 'PD_4,PD_6': 0.0, 'PD_5,PD_6': 0.0}, ASR: 1.2, TCB: {'PD_2': ['PD_4', 'PD_3', 'PD_5'], 'PD_3': ['PD_2', 'PD_4', 'PD_5'], 'PD_4': ['PD_2', 'PD_3', 'PD_5'], 'PD_5': ['PD_2', 'PD_3', 'PD_4'], 'PD_6': []}, FR: {'PD_2,PD_3': inf, 'PD_2,PD_4': inf, 'PD_2,PD_5': inf, 'PD_2,PD_6': inf, 'PD_3,PD_4': inf, 'PD_3,PD_5': inf, 'PD_3,PD_6': inf, 'PD_4,PD_5': inf, 'PD_4,PD_6': inf, 'PD_5,PD_6': inf}
    ✅ Added candidate: add_pd (score: 0.100)
  Computing metrics...
    RSI: {'PD_2,PD_3': 0.5, 'PD_2,PD_4': 0.5, 'PD_2,PD_5': 0.5, 'PD_3,PD_4': 1.0, 'PD_3,PD_5': 1.0, 'PD_4,PD_5': 1.0}, ASR: 1.5, TCB: {'PD_2': ['PD_4', 'PD_3', 'PD_5'], 'PD_3': ['PD_2', 'PD_4', 'PD_5'], 'PD_4': ['PD_2', 'PD_3', 'PD_5'], 'PD_5': ['PD_2', 'PD_3', 'PD_4']}, FR: {'PD_2,PD_3': inf, 'PD_2,PD_4': inf, 'PD_2,PD_5': inf, 'PD_3,PD_4': inf, 'PD_3,PD_5': inf, 'PD_4,PD_5': inf}
    ✅ Added candidate: add_file_resource (score: 0.100)

🌟 Expanding Beam[1] (score: 1.600)
  ⚠️  Constraints violated: PD_1 lacks any access to FILE_1_1; PD_1 lacks access to any files
  Computing metrics...
    RSI: {'PD_2,PD_3': 0.5, 'PD_2,PD_4': 1.0, 'PD_2,PD_5': 1.0, 'PD_3,PD_4': 0.5, 'PD_3,PD_5': 0.5, 'PD_4,PD_5': 1.0}, ASR: 1.5, TCB: {'PD_2': ['PD_4', 'PD_3', 'PD_5'], 'PD_3': ['PD_2', 'PD_4', 'PD_5'], 'PD_4': ['PD_2', 'PD_3', 'PD_5'], 'PD_5': ['PD_2', 'PD_3', 'PD_4']}, FR: {'PD_2,PD_3': inf, 'PD_2,PD_4': inf, 'PD_2,PD_5': inf, 'PD_3,PD_4': inf, 'PD_3,PD_5': inf, 'PD_4,PD_5': inf}
  Computing metrics...
    RSI: {'PD_2,PD_3': 0.5, 'PD_2,PD_4': 1.0, 'PD_2,PD_5': 1.0, 'PD_3,PD_4': 0.5, 'PD_3,PD_5': 0.5, 'PD_4,PD_5': 1.0}, ASR: 1.5, TCB: {'PD_2': ['PD_4', 'PD_3', 'PD_5'], 'PD_3': ['PD_2', 'PD_4', 'PD_5'], 'PD_4': ['PD_2', 'PD_3', 'PD_5'], 'PD_5': ['PD_2', 'PD_3', 'PD_4']}, FR: {'PD_2,PD_3': inf, 'PD_2,PD_4': inf, 'PD_2,PD_5': inf, 'PD_3,PD_4': inf, 'PD_3,PD_5': inf, 'PD_4,PD_5': inf}
  Computing metrics...
    RSI: {'PD_2,PD_3': 0.5, 'PD_2,PD_4': 1.0, 'PD_2,PD_5': 1.0, 'PD_3,PD_4': 0.5, 'PD_3,PD_5': 0.5, 'PD_4,PD_5': 1.0}, ASR: 1.5, TCB: {'PD_2': ['PD_4', 'PD_3', 'PD_5'], 'PD_3': ['PD_2', 'PD_4', 'PD_5'], 'PD_4': ['PD_2', 'PD_3', 'PD_5'], 'PD_5': ['PD_2', 'PD_3', 'PD_4']}, FR: {'PD_2,PD_3': inf, 'PD_2,PD_4': inf, 'PD_2,PD_5': inf, 'PD_3,PD_4': inf, 'PD_3,PD_5': inf, 'PD_4,PD_5': inf}
  Computing metrics...
    RSI: {'PD_2,PD_3': 0.5, 'PD_2,PD_4': 1.0, 'PD_2,PD_5': 1.0, 'PD_3,PD_4': 0.5, 'PD_3,PD_5': 0.5, 'PD_4,PD_5': 1.0}, ASR: 1.5, TCB: {'PD_2': ['PD_4', 'PD_3', 'PD_5'], 'PD_3': ['PD_2', 'PD_4', 'PD_5'], 'PD_4': ['PD_2', 'PD_3', 'PD_5'], 'PD_5': ['PD_2', 'PD_3', 'PD_4']}, FR: {'PD_2,PD_3': inf, 'PD_2,PD_4': inf, 'PD_2,PD_5': inf, 'PD_3,PD_4': inf, 'PD_3,PD_5': inf, 'PD_4,PD_5': inf}
  Computing metrics...
    RSI: {'PD_2,PD_3': 0.5, 'PD_2,PD_4': 1.0, 'PD_2,PD_5': 1.0, 'PD_3,PD_4': 0.5, 'PD_3,PD_5': 0.5, 'PD_4,PD_5': 1.0}, ASR: 1.5, TCB: {'PD_2': ['PD_4', 'PD_3', 'PD_5'], 'PD_3': ['PD_2', 'PD_4', 'PD_5'], 'PD_4': ['PD_2', 'PD_3', 'PD_5'], 'PD_5': ['PD_2', 'PD_3', 'PD_4']}, FR: {'PD_2,PD_3': inf, 'PD_2,PD_4': inf, 'PD_2,PD_5': inf, 'PD_3,PD_4': inf, 'PD_3,PD_5': inf, 'PD_4,PD_5': inf}
  Computing metrics...
    RSI: {'PD_2,PD_3': 0.5, 'PD_2,PD_4': 1.0, 'PD_2,PD_5': 1.0, 'PD_3,PD_4': 0.5, 'PD_3,PD_5': 0.5, 'PD_4,PD_5': 1.0}, ASR: 1.5, TCB: {'PD_2': ['PD_4', 'PD_3', 'PD_5'], 'PD_3': ['PD_2', 'PD_4', 'PD_5'], 'PD_4': ['PD_2', 'PD_3', 'PD_5'], 'PD_5': ['PD_2', 'PD_3', 'PD_4']}, FR: {'PD_2,PD_3': inf, 'PD_2,PD_4': inf, 'PD_2,PD_5': inf, 'PD_3,PD_4': inf, 'PD_3,PD_5': inf, 'PD_4,PD_5': inf}
  Computing metrics...
    RSI: {'PD_2,PD_3': 0.5, 'PD_2,PD_4': 1.0, 'PD_2,PD_5': 1.0, 'PD_3,PD_4': 0.5, 'PD_3,PD_5': 0.5, 'PD_4,PD_5': 1.0}, ASR: 1.5, TCB: {'PD_2': ['PD_4', 'PD_3', 'PD_5'], 'PD_3': ['PD_2', 'PD_4', 'PD_5'], 'PD_4': ['PD_2', 'PD_3', 'PD_5'], 'PD_5': ['PD_2', 'PD_3', 'PD_4']}, FR: {'PD_2,PD_3': inf, 'PD_2,PD_4': inf, 'PD_2,PD_5': inf, 'PD_3,PD_4': inf, 'PD_3,PD_5': inf, 'PD_4,PD_5': inf}
  Computing metrics...
    RSI: {'PD_2,PD_3': 0.5, 'PD_2,PD_4': 1.0, 'PD_2,PD_5': 1.0, 'PD_3,PD_4': 0.5, 'PD_3,PD_5': 0.5, 'PD_4,PD_5': 1.0}, ASR: 1.5, TCB: {'PD_2': ['PD_4', 'PD_3', 'PD_5'], 'PD_3': ['PD_2', 'PD_4', 'PD_5'], 'PD_4': ['PD_2', 'PD_3', 'PD_5'], 'PD_5': ['PD_2', 'PD_3', 'PD_4']}, FR: {'PD_2,PD_3': inf, 'PD_2,PD_4': inf, 'PD_2,PD_5': inf, 'PD_3,PD_4': inf, 'PD_3,PD_5': inf, 'PD_4,PD_5': inf}
  Computing metrics...
    RSI: {'PD_2,PD_3': 0.5, 'PD_2,PD_4': 1.0, 'PD_2,PD_5': 1.0, 'PD_3,PD_4': 0.5, 'PD_3,PD_5': 0.5, 'PD_4,PD_5': 1.0}, ASR: 1.5, TCB: {'PD_2': ['PD_4', 'PD_3', 'PD_5'], 'PD_3': ['PD_2', 'PD_4', 'PD_5'], 'PD_4': ['PD_2', 'PD_3', 'PD_5'], 'PD_5': ['PD_2', 'PD_3', 'PD_4']}, FR: {'PD_2,PD_3': inf, 'PD_2,PD_4': inf, 'PD_2,PD_5': inf, 'PD_3,PD_4': inf, 'PD_3,PD_5': inf, 'PD_4,PD_5': inf}
  Computing metrics...
    RSI: {'PD_2,PD_3': 0.5, 'PD_2,PD_4': 1.0, 'PD_2,PD_5': 1.0, 'PD_3,PD_4': 0.5, 'PD_3,PD_5': 0.5, 'PD_4,PD_5': 1.0}, ASR: 1.5, TCB: {'PD_2': ['PD_4', 'PD_3', 'PD_5'], 'PD_3': ['PD_2', 'PD_4', 'PD_5'], 'PD_4': ['PD_2', 'PD_3', 'PD_5'], 'PD_5': ['PD_2', 'PD_3', 'PD_4']}, FR: {'PD_2,PD_3': inf, 'PD_2,PD_4': inf, 'PD_2,PD_5': inf, 'PD_3,PD_4': inf, 'PD_3,PD_5': inf, 'PD_4,PD_5': inf}
  Computing metrics...
    RSI: {'PD_2,PD_3': 0.5, 'PD_2,PD_4': 1.0, 'PD_2,PD_5': 1.0, 'PD_3,PD_4': 0.5, 'PD_3,PD_5': 0.5, 'PD_4,PD_5': 1.0}, ASR: 1.5, TCB: {'PD_2': ['PD_4', 'PD_3', 'PD_5'], 'PD_3': ['PD_2', 'PD_4', 'PD_5'], 'PD_4': ['PD_2', 'PD_3', 'PD_5'], 'PD_5': ['PD_2', 'PD_3', 'PD_4']}, FR: {'PD_2,PD_3': inf, 'PD_2,PD_4': inf, 'PD_2,PD_5': inf, 'PD_3,PD_4': inf, 'PD_3,PD_5': inf, 'PD_4,PD_5': inf}
  Computing metrics...
    RSI: {'PD_2,PD_3': 0.5, 'PD_2,PD_4': 1.0, 'PD_2,PD_5': 1.0, 'PD_3,PD_4': 0.5, 'PD_3,PD_5': 0.5, 'PD_4,PD_5': 1.0}, ASR: 1.5, TCB: {'PD_2': ['PD_4', 'PD_3', 'PD_5'], 'PD_3': ['PD_2', 'PD_4', 'PD_5'], 'PD_4': ['PD_2', 'PD_3', 'PD_5'], 'PD_5': ['PD_2', 'PD_3', 'PD_4']}, FR: {'PD_2,PD_3': inf, 'PD_2,PD_4': inf, 'PD_2,PD_5': inf, 'PD_3,PD_4': inf, 'PD_3,PD_5': inf, 'PD_4,PD_5': inf}
  Computing metrics...
    RSI: {'PD_2,PD_3': 0.5, 'PD_2,PD_4': 1.0, 'PD_2,PD_5': 1.0, 'PD_3,PD_4': 0.5, 'PD_3,PD_5': 0.5, 'PD_4,PD_5': 1.0}, ASR: 1.5, TCB: {'PD_2': ['PD_4', 'PD_3', 'PD_5'], 'PD_3': ['PD_2', 'PD_4', 'PD_5'], 'PD_4': ['PD_2', 'PD_3', 'PD_5'], 'PD_5': ['PD_2', 'PD_3', 'PD_4']}, FR: {'PD_2,PD_3': inf, 'PD_2,PD_4': inf, 'PD_2,PD_5': inf, 'PD_3,PD_4': inf, 'PD_3,PD_5': inf, 'PD_4,PD_5': inf}
  Computing metrics...
    RSI: {'PD_2,PD_3': 1.0, 'PD_2,PD_4': 0.5, 'PD_2,PD_5': 0.5, 'PD_3,PD_4': 0.5, 'PD_3,PD_5': 0.5, 'PD_4,PD_5': 1.0}, ASR: 1.75, TCB: {'PD_2': ['PD_4', 'PD_3', 'PD_5'], 'PD_3': ['PD_2', 'PD_4', 'PD_5'], 'PD_4': ['PD_2', 'PD_3', 'PD_5'], 'PD_5': ['PD_2', 'PD_3', 'PD_4']}, FR: {'PD_2,PD_3': inf, 'PD_2,PD_4': inf, 'PD_2,PD_5': inf, 'PD_3,PD_4': inf, 'PD_3,PD_5': inf, 'PD_4,PD_5': inf}
  Computing metrics...
    RSI: {'PD_2,PD_3': 0.5, 'PD_2,PD_4': 1.0, 'PD_2,PD_5': 1.0, 'PD_3,PD_4': 0.5, 'PD_3,PD_5': 0.5, 'PD_4,PD_5': 1.0}, ASR: 1.5, TCB: {'PD_2': ['PD_4', 'PD_3', 'PD_5'], 'PD_3': ['PD_2', 'PD_4', 'PD_5'], 'PD_4': ['PD_2', 'PD_3', 'PD_5'], 'PD_5': ['PD_2', 'PD_3', 'PD_4']}, FR: {'PD_2,PD_3': inf, 'PD_2,PD_4': inf, 'PD_2,PD_5': inf, 'PD_3,PD_4': inf, 'PD_3,PD_5': inf, 'PD_4,PD_5': inf}
  Computing metrics...
    RSI: {'PD_2,PD_3': 0.5, 'PD_2,PD_4': 0.5, 'PD_2,PD_5': 1.0, 'PD_3,PD_4': 1.0, 'PD_3,PD_5': 0.5, 'PD_4,PD_5': 0.5}, ASR: 1.75, TCB: {'PD_2': ['PD_4', 'PD_3', 'PD_5'], 'PD_3': ['PD_2', 'PD_4', 'PD_5'], 'PD_4': ['PD_2', 'PD_3', 'PD_5'], 'PD_5': ['PD_2', 'PD_3', 'PD_4']}, FR: {'PD_2,PD_3': inf, 'PD_2,PD_4': inf, 'PD_2,PD_5': inf, 'PD_3,PD_4': inf, 'PD_3,PD_5': inf, 'PD_4,PD_5': inf}
  Computing metrics...
    RSI: {'PD_2,PD_3': 0.5, 'PD_2,PD_4': 1.0, 'PD_2,PD_5': 1.0, 'PD_3,PD_4': 0.5, 'PD_3,PD_5': 0.5, 'PD_4,PD_5': 1.0}, ASR: 1.5, TCB: {'PD_2': ['PD_4', 'PD_3', 'PD_5'], 'PD_3': ['PD_2', 'PD_4', 'PD_5'], 'PD_4': ['PD_2', 'PD_3', 'PD_5'], 'PD_5': ['PD_2', 'PD_3', 'PD_4']}, FR: {'PD_2,PD_3': inf, 'PD_2,PD_4': inf, 'PD_2,PD_5': inf, 'PD_3,PD_4': inf, 'PD_3,PD_5': inf, 'PD_4,PD_5': inf}
  Computing metrics...
    RSI: {'PD_2,PD_3': 0.5, 'PD_2,PD_4': 1.0, 'PD_2,PD_5': 0.5, 'PD_3,PD_4': 0.5, 'PD_3,PD_5': 1.0, 'PD_4,PD_5': 0.5}, ASR: 1.75, TCB: {'PD_2': ['PD_4', 'PD_3', 'PD_5'], 'PD_3': ['PD_2', 'PD_4', 'PD_5'], 'PD_4': ['PD_2', 'PD_3', 'PD_5'], 'PD_5': ['PD_2', 'PD_3', 'PD_4']}, FR: {'PD_2,PD_3': inf, 'PD_2,PD_4': inf, 'PD_2,PD_5': inf, 'PD_3,PD_4': inf, 'PD_3,PD_5': inf, 'PD_4,PD_5': inf}
  Computing metrics...
    RSI: {'PD_2,PD_3': 0.5, 'PD_2,PD_4': 1.0, 'PD_2,PD_5': 1.0, 'PD_3,PD_4': 0.5, 'PD_3,PD_5': 0.5, 'PD_4,PD_5': 1.0}, ASR: 1.5, TCB: {'PD_2': ['PD_4', 'PD_3', 'PD_5'], 'PD_3': ['PD_2', 'PD_4', 'PD_5'], 'PD_4': ['PD_2', 'PD_3', 'PD_5'], 'PD_5': ['PD_2', 'PD_3', 'PD_4']}, FR: {'PD_2,PD_3': inf, 'PD_2,PD_4': inf, 'PD_2,PD_5': inf, 'PD_3,PD_4': inf, 'PD_3,PD_5': inf, 'PD_4,PD_5': inf}
  Computing metrics...
    RSI: {'PD_2,PD_3': 0.5, 'PD_2,PD_4': 1.0, 'PD_2,PD_5': 1.0, 'PD_3,PD_4': 0.5, 'PD_3,PD_5': 0.5, 'PD_4,PD_5': 1.0}, ASR: 1.5, TCB: {'PD_2': ['PD_4', 'PD_3', 'PD_5'], 'PD_3': ['PD_2', 'PD_4', 'PD_5'], 'PD_4': ['PD_2', 'PD_3', 'PD_5'], 'PD_5': ['PD_2', 'PD_3', 'PD_4']}, FR: {'PD_2,PD_3': inf, 'PD_2,PD_4': inf, 'PD_2,PD_5': inf, 'PD_3,PD_4': inf, 'PD_3,PD_5': inf, 'PD_4,PD_5': inf}
    remove_hold_edge candidate: remove PD_3 -> FILE_1_1 HOLD edge -> score: 0.100
  Computing metrics...
    RSI: {'PD_2,PD_3': 0.5, 'PD_2,PD_4': 1.0, 'PD_2,PD_5': 1.0, 'PD_3,PD_4': 0.5, 'PD_3,PD_5': 0.5, 'PD_4,PD_5': 1.0}, ASR: 1.5, TCB: {'PD_2': ['PD_4', 'PD_3', 'PD_5'], 'PD_3': ['PD_2', 'PD_4', 'PD_5'], 'PD_4': ['PD_2', 'PD_3', 'PD_5'], 'PD_5': ['PD_2', 'PD_3', 'PD_4']}, FR: {'PD_2,PD_3': inf, 'PD_2,PD_4': inf, 'PD_2,PD_5': inf, 'PD_3,PD_4': inf, 'PD_3,PD_5': inf, 'PD_4,PD_5': inf}
  Computing metrics...
    RSI: {'PD_2,PD_3': 0.5, 'PD_2,PD_4': 1.0, 'PD_2,PD_5': 1.0, 'PD_3,PD_4': 0.5, 'PD_3,PD_5': 0.5, 'PD_4,PD_5': 1.0}, ASR: 1.5, TCB: {'PD_2': ['PD_4', 'PD_3', 'PD_5'], 'PD_3': ['PD_2', 'PD_4', 'PD_5'], 'PD_4': ['PD_2', 'PD_3', 'PD_5'], 'PD_5': ['PD_2', 'PD_3', 'PD_4']}, FR: {'PD_2,PD_3': inf, 'PD_2,PD_4': inf, 'PD_2,PD_5': inf, 'PD_3,PD_4': inf, 'PD_3,PD_5': inf, 'PD_4,PD_5': inf}
    remove_hold_edge candidate: remove PD_3 -> FILE_1_2 HOLD edge -> score: 0.100
  Computing metrics...
    RSI: {'PD_2,PD_3': 0.5, 'PD_2,PD_4': 1.0, 'PD_2,PD_5': 1.0, 'PD_3,PD_4': 0.5, 'PD_3,PD_5': 0.5, 'PD_4,PD_5': 1.0}, ASR: 1.5, TCB: {'PD_2': ['PD_4', 'PD_3', 'PD_5'], 'PD_3': ['PD_2', 'PD_4', 'PD_5'], 'PD_4': ['PD_2', 'PD_3', 'PD_5'], 'PD_5': ['PD_2', 'PD_3', 'PD_4']}, FR: {'PD_2,PD_3': inf, 'PD_2,PD_4': inf, 'PD_2,PD_5': inf, 'PD_3,PD_4': inf, 'PD_3,PD_5': inf, 'PD_4,PD_5': inf}
  Computing metrics...
    RSI: {'PD_2,PD_3': 0.5, 'PD_2,PD_4': 1.0, 'PD_2,PD_5': 1.0, 'PD_3,PD_4': 0.5, 'PD_3,PD_5': 0.5, 'PD_4,PD_5': 1.0}, ASR: 1.5, TCB: {'PD_2': ['PD_4', 'PD_3', 'PD_5'], 'PD_3': ['PD_2', 'PD_4', 'PD_5'], 'PD_4': ['PD_2', 'PD_3', 'PD_5'], 'PD_5': ['PD_2', 'PD_3', 'PD_4']}, FR: {'PD_2,PD_3': inf, 'PD_2,PD_4': inf, 'PD_2,PD_5': inf, 'PD_3,PD_4': inf, 'PD_3,PD_5': inf, 'PD_4,PD_5': inf}
    remove_hold_edge candidate: remove PD_4 -> FILE_1_1 HOLD edge -> score: 0.100
  Computing metrics...
    RSI: {'PD_2,PD_3': 0.5, 'PD_2,PD_4': 1.0, 'PD_2,PD_5': 1.0, 'PD_3,PD_4': 0.5, 'PD_3,PD_5': 0.5, 'PD_4,PD_5': 1.0}, ASR: 1.5, TCB: {'PD_2': ['PD_4', 'PD_3', 'PD_5'], 'PD_3': ['PD_2', 'PD_4', 'PD_5'], 'PD_4': ['PD_2', 'PD_3', 'PD_5'], 'PD_5': ['PD_2', 'PD_3', 'PD_4']}, FR: {'PD_2,PD_3': inf, 'PD_2,PD_4': inf, 'PD_2,PD_5': inf, 'PD_3,PD_4': inf, 'PD_3,PD_5': inf, 'PD_4,PD_5': inf}
  Computing metrics...
    RSI: {'PD_2,PD_3': 0.5, 'PD_2,PD_4': 1.0, 'PD_2,PD_5': 1.0, 'PD_3,PD_4': 0.5, 'PD_3,PD_5': 0.5, 'PD_4,PD_5': 1.0}, ASR: 1.5, TCB: {'PD_2': ['PD_4', 'PD_3', 'PD_5'], 'PD_3': ['PD_2', 'PD_4', 'PD_5'], 'PD_4': ['PD_2', 'PD_3', 'PD_5'], 'PD_5': ['PD_2', 'PD_3', 'PD_4']}, FR: {'PD_2,PD_3': inf, 'PD_2,PD_4': inf, 'PD_2,PD_5': inf, 'PD_3,PD_4': inf, 'PD_3,PD_5': inf, 'PD_4,PD_5': inf}
    remove_hold_edge candidate: remove PD_5 -> FILE_1_1 HOLD edge -> score: 0.100
  Computing metrics...
    RSI: {'PD_2,PD_3': 0.5, 'PD_2,PD_4': 1.0, 'PD_2,PD_5': 1.0, 'PD_3,PD_4': 0.5, 'PD_3,PD_5': 0.5, 'PD_4,PD_5': 1.0}, ASR: 1.5, TCB: {'PD_2': ['PD_4', 'PD_3', 'PD_5'], 'PD_3': ['PD_2', 'PD_4', 'PD_5'], 'PD_4': ['PD_2', 'PD_3', 'PD_5'], 'PD_5': ['PD_2', 'PD_3', 'PD_4']}, FR: {'PD_2,PD_3': inf, 'PD_2,PD_4': inf, 'PD_2,PD_5': inf, 'PD_3,PD_4': inf, 'PD_3,PD_5': inf, 'PD_4,PD_5': inf}
  Computing metrics...
    RSI: {'PD_2,PD_3': 0.5, 'PD_2,PD_4': 1.0, 'PD_2,PD_5': 1.0, 'PD_3,PD_4': 0.5, 'PD_3,PD_5': 0.5, 'PD_4,PD_5': 1.0}, ASR: 1.75, TCB: {'PD_2': ['PD_4', 'PD_3', 'PD_5'], 'PD_3': ['PD_2', 'PD_4', 'PD_5'], 'PD_4': ['PD_2', 'PD_3', 'PD_5'], 'PD_5': ['PD_2', 'PD_3', 'PD_4']}, FR: {'PD_2,PD_3': inf, 'PD_2,PD_4': inf, 'PD_2,PD_5': inf, 'PD_3,PD_4': inf, 'PD_3,PD_5': inf, 'PD_4,PD_5': inf}
  Computing metrics...
    RSI: {'PD_2,PD_3': 0.5, 'PD_2,PD_4': 1.0, 'PD_2,PD_5': 1.0, 'PD_3,PD_4': 0.5, 'PD_3,PD_5': 0.5, 'PD_4,PD_5': 1.0}, ASR: 1.5, TCB: {'PD_2': ['PD_4', 'PD_3', 'PD_5'], 'PD_3': ['PD_2', 'PD_4', 'PD_5'], 'PD_4': ['PD_2', 'PD_3', 'PD_5'], 'PD_5': ['PD_2', 'PD_3', 'PD_4']}, FR: {'PD_2,PD_3': inf, 'PD_2,PD_4': inf, 'PD_2,PD_5': inf, 'PD_3,PD_4': inf, 'PD_3,PD_5': inf, 'PD_4,PD_5': inf}
  Computing metrics...
    RSI: {'PD_2,PD_3': 0.5, 'PD_2,PD_4': 1.0, 'PD_2,PD_5': 1.0, 'PD_3,PD_4': 0.5, 'PD_3,PD_5': 0.5, 'PD_4,PD_5': 1.0}, ASR: 1.75, TCB: {'PD_2': ['PD_4', 'PD_5', 'PD_3'], 'PD_3': ['PD_2', 'PD_4', 'PD_5'], 'PD_4': ['PD_2', 'PD_3', 'PD_5'], 'PD_5': ['PD_2', 'PD_3', 'PD_4']}, FR: {'PD_2,PD_3': inf, 'PD_2,PD_4': inf, 'PD_2,PD_5': inf, 'PD_3,PD_4': inf, 'PD_3,PD_5': inf, 'PD_4,PD_5': inf}
  Computing metrics...
    RSI: {'PD_2,PD_3': 0.5, 'PD_2,PD_4': 1.0, 'PD_2,PD_5': 1.0, 'PD_3,PD_4': 0.5, 'PD_3,PD_5': 0.5, 'PD_4,PD_5': 1.0}, ASR: 1.5, TCB: {'PD_2': ['PD_4', 'PD_3', 'PD_5'], 'PD_3': ['PD_2', 'PD_4', 'PD_5'], 'PD_4': ['PD_2', 'PD_3', 'PD_5'], 'PD_5': ['PD_2', 'PD_3', 'PD_4']}, FR: {'PD_2,PD_3': inf, 'PD_2,PD_4': inf, 'PD_2,PD_5': inf, 'PD_3,PD_4': inf, 'PD_3,PD_5': inf, 'PD_4,PD_5': inf}
  Computing metrics...
    RSI: {'PD_2,PD_3': 0.5, 'PD_2,PD_4': 1.0, 'PD_2,PD_5': 1.0, 'PD_3,PD_4': 0.5, 'PD_3,PD_5': 0.5, 'PD_4,PD_5': 1.0}, ASR: 1.75, TCB: {'PD_2': ['PD_4', 'PD_3', 'PD_5'], 'PD_3': ['PD_2', 'PD_4', 'PD_5'], 'PD_4': ['PD_2', 'PD_3', 'PD_5'], 'PD_5': ['PD_2', 'PD_3', 'PD_4']}, FR: {'PD_2,PD_3': 3, 'PD_2,PD_4': inf, 'PD_2,PD_5': inf, 'PD_3,PD_4': inf, 'PD_3,PD_5': inf, 'PD_4,PD_5': inf}
  Computing metrics...
    RSI: {'PD_2,PD_3': 0.5, 'PD_2,PD_4': 1.0, 'PD_2,PD_5': 1.0, 'PD_3,PD_4': 0.5, 'PD_3,PD_5': 0.5, 'PD_4,PD_5': 1.0}, ASR: 1.5, TCB: {'PD_2': ['PD_4', 'PD_3', 'PD_5'], 'PD_3': ['PD_2', 'PD_4', 'PD_5'], 'PD_4': ['PD_2', 'PD_3', 'PD_5'], 'PD_5': ['PD_2', 'PD_3', 'PD_4']}, FR: {'PD_2,PD_3': inf, 'PD_2,PD_4': inf, 'PD_2,PD_5': inf, 'PD_3,PD_4': inf, 'PD_3,PD_5': inf, 'PD_4,PD_5': inf}
  Computing metrics...
    RSI: {'PD_2,PD_3': 0.5, 'PD_2,PD_4': 1.0, 'PD_2,PD_5': 1.0, 'PD_3,PD_4': 0.5, 'PD_3,PD_5': 0.5, 'PD_4,PD_5': 1.0}, ASR: 1.75, TCB: {'PD_2': ['PD_4', 'PD_3', 'PD_5'], 'PD_3': ['PD_4', 'PD_2', 'PD_5'], 'PD_4': ['PD_2', 'PD_3', 'PD_5'], 'PD_5': ['PD_2', 'PD_3', 'PD_4']}, FR: {'PD_2,PD_3': 2, 'PD_2,PD_4': inf, 'PD_2,PD_5': inf, 'PD_3,PD_4': inf, 'PD_3,PD_5': inf, 'PD_4,PD_5': inf}
  Computing metrics...
    RSI: {'PD_2,PD_3': 0.5, 'PD_2,PD_4': 1.0, 'PD_2,PD_5': 1.0, 'PD_3,PD_4': 0.5, 'PD_3,PD_5': 0.5, 'PD_4,PD_5': 1.0}, ASR: 1.5, TCB: {'PD_2': ['PD_4', 'PD_3', 'PD_5'], 'PD_3': ['PD_2', 'PD_4', 'PD_5'], 'PD_4': ['PD_2', 'PD_3', 'PD_5'], 'PD_5': ['PD_2', 'PD_3', 'PD_4']}, FR: {'PD_2,PD_3': inf, 'PD_2,PD_4': inf, 'PD_2,PD_5': inf, 'PD_3,PD_4': inf, 'PD_3,PD_5': inf, 'PD_4,PD_5': inf}
  Computing metrics...
    RSI: {'PD_2,PD_3': 0.5, 'PD_2,PD_4': 1.0, 'PD_2,PD_5': 1.0, 'PD_3,PD_4': 0.5, 'PD_3,PD_5': 0.5, 'PD_4,PD_5': 1.0}, ASR: 1.75, TCB: {'PD_2': ['PD_4', 'PD_3', 'PD_5'], 'PD_3': ['PD_5', 'PD_2', 'PD_4'], 'PD_4': ['PD_2', 'PD_3', 'PD_5'], 'PD_5': ['PD_2', 'PD_3', 'PD_4']}, FR: {'PD_2,PD_3': inf, 'PD_2,PD_4': inf, 'PD_2,PD_5': inf, 'PD_3,PD_4': inf, 'PD_3,PD_5': inf, 'PD_4,PD_5': inf}
  Computing metrics...
    RSI: {'PD_2,PD_3': 0.5, 'PD_2,PD_4': 1.0, 'PD_2,PD_5': 1.0, 'PD_3,PD_4': 0.5, 'PD_3,PD_5': 0.5, 'PD_4,PD_5': 1.0}, ASR: 1.5, TCB: {'PD_2': ['PD_4', 'PD_3', 'PD_5'], 'PD_3': ['PD_2', 'PD_4', 'PD_5'], 'PD_4': ['PD_2', 'PD_3', 'PD_5'], 'PD_5': ['PD_2', 'PD_3', 'PD_4']}, FR: {'PD_2,PD_3': inf, 'PD_2,PD_4': inf, 'PD_2,PD_5': inf, 'PD_3,PD_4': inf, 'PD_3,PD_5': inf, 'PD_4,PD_5': inf}
  Computing metrics...
    RSI: {'PD_2,PD_3': 0.5, 'PD_2,PD_4': 1.0, 'PD_2,PD_5': 1.0, 'PD_3,PD_4': 0.5, 'PD_3,PD_5': 0.5, 'PD_4,PD_5': 1.0}, ASR: 1.75, TCB: {'PD_2': ['PD_4', 'PD_3', 'PD_5'], 'PD_3': ['PD_2', 'PD_4', 'PD_5'], 'PD_4': ['PD_2', 'PD_3', 'PD_5'], 'PD_5': ['PD_2', 'PD_3', 'PD_4']}, FR: {'PD_2,PD_3': inf, 'PD_2,PD_4': inf, 'PD_2,PD_5': inf, 'PD_3,PD_4': inf, 'PD_3,PD_5': inf, 'PD_4,PD_5': inf}
  Computing metrics...
    RSI: {'PD_2,PD_3': 0.5, 'PD_2,PD_4': 1.0, 'PD_2,PD_5': 1.0, 'PD_3,PD_4': 0.5, 'PD_3,PD_5': 0.5, 'PD_4,PD_5': 1.0}, ASR: 1.5, TCB: {'PD_2': ['PD_4', 'PD_3', 'PD_5'], 'PD_3': ['PD_2', 'PD_4', 'PD_5'], 'PD_4': ['PD_2', 'PD_3', 'PD_5'], 'PD_5': ['PD_2', 'PD_3', 'PD_4']}, FR: {'PD_2,PD_3': inf, 'PD_2,PD_4': inf, 'PD_2,PD_5': inf, 'PD_3,PD_4': inf, 'PD_3,PD_5': inf, 'PD_4,PD_5': inf}
  Computing metrics...
    RSI: {'PD_2,PD_3': 0.5, 'PD_2,PD_4': 1.0, 'PD_2,PD_5': 1.0, 'PD_3,PD_4': 0.5, 'PD_3,PD_5': 0.5, 'PD_4,PD_5': 1.0}, ASR: 1.75, TCB: {'PD_2': ['PD_4', 'PD_3', 'PD_5'], 'PD_3': ['PD_2', 'PD_4', 'PD_5'], 'PD_4': ['PD_3', 'PD_2', 'PD_5'], 'PD_5': ['PD_2', 'PD_3', 'PD_4']}, FR: {'PD_2,PD_3': inf, 'PD_2,PD_4': 3, 'PD_2,PD_5': inf, 'PD_3,PD_4': inf, 'PD_3,PD_5': inf, 'PD_4,PD_5': inf}
  Computing metrics...
    RSI: {'PD_2,PD_3': 0.5, 'PD_2,PD_4': 1.0, 'PD_2,PD_5': 1.0, 'PD_3,PD_4': 0.5, 'PD_3,PD_5': 0.5, 'PD_4,PD_5': 1.0}, ASR: 1.5, TCB: {'PD_2': ['PD_4', 'PD_3', 'PD_5'], 'PD_3': ['PD_2', 'PD_4', 'PD_5'], 'PD_4': ['PD_2', 'PD_3', 'PD_5'], 'PD_5': ['PD_2', 'PD_3', 'PD_4']}, FR: {'PD_2,PD_3': inf, 'PD_2,PD_4': inf, 'PD_2,PD_5': inf, 'PD_3,PD_4': inf, 'PD_3,PD_5': inf, 'PD_4,PD_5': inf}
  Computing metrics...
    RSI: {'PD_2,PD_3': 0.5, 'PD_2,PD_4': 1.0, 'PD_2,PD_5': 1.0, 'PD_3,PD_4': 0.5, 'PD_3,PD_5': 0.5, 'PD_4,PD_5': 1.0}, ASR: 1.75, TCB: {'PD_2': ['PD_4', 'PD_3', 'PD_5'], 'PD_3': ['PD_2', 'PD_4', 'PD_5'], 'PD_4': ['PD_5', 'PD_2', 'PD_3'], 'PD_5': ['PD_2', 'PD_3', 'PD_4']}, FR: {'PD_2,PD_3': inf, 'PD_2,PD_4': 3, 'PD_2,PD_5': inf, 'PD_3,PD_4': inf, 'PD_3,PD_5': inf, 'PD_4,PD_5': inf}
  Computing metrics...
    RSI: {'PD_2,PD_3': 0.5, 'PD_2,PD_4': 1.0, 'PD_2,PD_5': 1.0, 'PD_3,PD_4': 0.5, 'PD_3,PD_5': 0.5, 'PD_4,PD_5': 1.0}, ASR: 1.5, TCB: {'PD_2': ['PD_4', 'PD_3', 'PD_5'], 'PD_3': ['PD_2', 'PD_4', 'PD_5'], 'PD_4': ['PD_2', 'PD_3', 'PD_5'], 'PD_5': ['PD_2', 'PD_3', 'PD_4']}, FR: {'PD_2,PD_3': inf, 'PD_2,PD_4': inf, 'PD_2,PD_5': inf, 'PD_3,PD_4': inf, 'PD_3,PD_5': inf, 'PD_4,PD_5': inf}
  Computing metrics...
    RSI: {'PD_2,PD_3': 0.5, 'PD_2,PD_4': 1.0, 'PD_2,PD_5': 1.0, 'PD_3,PD_4': 0.5, 'PD_3,PD_5': 0.5, 'PD_4,PD_5': 1.0}, ASR: 1.75, TCB: {'PD_2': ['PD_4', 'PD_3', 'PD_5'], 'PD_3': ['PD_2', 'PD_4', 'PD_5'], 'PD_4': ['PD_2', 'PD_3', 'PD_5'], 'PD_5': ['PD_2', 'PD_3', 'PD_4']}, FR: {'PD_2,PD_3': inf, 'PD_2,PD_4': inf, 'PD_2,PD_5': 3, 'PD_3,PD_4': inf, 'PD_3,PD_5': inf, 'PD_4,PD_5': inf}
  Computing metrics...
    RSI: {'PD_2,PD_3': 0.5, 'PD_2,PD_4': 1.0, 'PD_2,PD_5': 1.0, 'PD_3,PD_4': 0.5, 'PD_3,PD_5': 0.5, 'PD_4,PD_5': 1.0}, ASR: 1.5, TCB: {'PD_2': ['PD_4', 'PD_3', 'PD_5'], 'PD_3': ['PD_2', 'PD_4', 'PD_5'], 'PD_4': ['PD_2', 'PD_3', 'PD_5'], 'PD_5': ['PD_2', 'PD_3', 'PD_4']}, FR: {'PD_2,PD_3': inf, 'PD_2,PD_4': inf, 'PD_2,PD_5': inf, 'PD_3,PD_4': inf, 'PD_3,PD_5': inf, 'PD_4,PD_5': inf}
  Computing metrics...
    RSI: {'PD_2,PD_3': 0.5, 'PD_2,PD_4': 1.0, 'PD_2,PD_5': 1.0, 'PD_3,PD_4': 0.5, 'PD_3,PD_5': 0.5, 'PD_4,PD_5': 1.0}, ASR: 1.75, TCB: {'PD_2': ['PD_4', 'PD_3', 'PD_5'], 'PD_3': ['PD_2', 'PD_4', 'PD_5'], 'PD_4': ['PD_2', 'PD_3', 'PD_5'], 'PD_5': ['PD_3', 'PD_2', 'PD_4']}, FR: {'PD_2,PD_3': inf, 'PD_2,PD_4': inf, 'PD_2,PD_5': inf, 'PD_3,PD_4': inf, 'PD_3,PD_5': inf, 'PD_4,PD_5': inf}
  Computing metrics...
    RSI: {'PD_2,PD_3': 0.5, 'PD_2,PD_4': 1.0, 'PD_2,PD_5': 1.0, 'PD_3,PD_4': 0.5, 'PD_3,PD_5': 0.5, 'PD_4,PD_5': 1.0}, ASR: 1.5, TCB: {'PD_2': ['PD_4', 'PD_3', 'PD_5'], 'PD_3': ['PD_2', 'PD_4', 'PD_5'], 'PD_4': ['PD_2', 'PD_3', 'PD_5'], 'PD_5': ['PD_2', 'PD_3', 'PD_4']}, FR: {'PD_2,PD_3': inf, 'PD_2,PD_4': inf, 'PD_2,PD_5': inf, 'PD_3,PD_4': inf, 'PD_3,PD_5': inf, 'PD_4,PD_5': inf}
  Computing metrics...
    RSI: {'PD_2,PD_3': 0.5, 'PD_2,PD_4': 1.0, 'PD_2,PD_5': 1.0, 'PD_3,PD_4': 0.5, 'PD_3,PD_5': 0.5, 'PD_4,PD_5': 1.0}, ASR: 1.75, TCB: {'PD_2': ['PD_4', 'PD_3', 'PD_5'], 'PD_3': ['PD_2', 'PD_4', 'PD_5'], 'PD_4': ['PD_2', 'PD_3', 'PD_5'], 'PD_5': ['PD_4', 'PD_2', 'PD_3']}, FR: {'PD_2,PD_3': inf, 'PD_2,PD_4': inf, 'PD_2,PD_5': 2, 'PD_3,PD_4': inf, 'PD_3,PD_5': inf, 'PD_4,PD_5': inf}
  Computing metrics...
    RSI: {'PD_2,PD_3': 0.5, 'PD_2,PD_4': 1.0, 'PD_2,PD_5': 1.0, 'PD_3,PD_4': 0.5, 'PD_3,PD_5': 0.5, 'PD_4,PD_5': 1.0}, ASR: 1.5, TCB: {'PD_2': ['PD_4', 'PD_3', 'PD_5'], 'PD_3': ['PD_2', 'PD_4', 'PD_5'], 'PD_4': ['PD_2', 'PD_3', 'PD_5'], 'PD_5': ['PD_2', 'PD_3', 'PD_4']}, FR: {'PD_2,PD_3': inf, 'PD_2,PD_4': inf, 'PD_2,PD_5': inf, 'PD_3,PD_4': inf, 'PD_3,PD_5': inf, 'PD_4,PD_5': inf}
  Computing metrics...
    RSI: {'PD_2,PD_3': 0.5, 'PD_2,PD_4': 1.0, 'PD_2,PD_5': 1.0, 'PD_3,PD_4': 0.5, 'PD_3,PD_5': 0.5, 'PD_4,PD_5': 1.0}, ASR: 1.5, TCB: {'PD_2': ['PD_4', 'PD_3', 'PD_5'], 'PD_3': ['PD_2', 'PD_4', 'PD_5'], 'PD_4': ['PD_2', 'PD_3', 'PD_5'], 'PD_5': ['PD_2', 'PD_3', 'PD_4']}, FR: {'PD_2,PD_3': inf, 'PD_2,PD_4': inf, 'PD_2,PD_5': inf, 'PD_3,PD_4': inf, 'PD_3,PD_5': inf, 'PD_4,PD_5': inf}
  Computing metrics...
    RSI: {'PD_2,PD_3': 0.5, 'PD_2,PD_4': 1.0, 'PD_2,PD_5': 1.0, 'PD_3,PD_4': 0.5, 'PD_3,PD_5': 0.5, 'PD_4,PD_5': 1.0}, ASR: 1.5, TCB: {'PD_2': ['PD_4', 'PD_3', 'PD_5'], 'PD_3': ['PD_2', 'PD_4', 'PD_5'], 'PD_4': ['PD_2', 'PD_3', 'PD_5'], 'PD_5': ['PD_2', 'PD_3', 'PD_4']}, FR: {'PD_2,PD_3': inf, 'PD_2,PD_4': inf, 'PD_2,PD_5': inf, 'PD_3,PD_4': inf, 'PD_3,PD_5': inf, 'PD_4,PD_5': inf}
  Computing metrics...
    RSI: {'PD_2,PD_3': 0.5, 'PD_2,PD_4': 1.0, 'PD_2,PD_5': 1.0, 'PD_3,PD_4': 0.5, 'PD_3,PD_5': 0.5, 'PD_4,PD_5': 1.0}, ASR: 1.5, TCB: {'PD_2': ['PD_4', 'PD_3', 'PD_5'], 'PD_3': ['PD_2', 'PD_4', 'PD_5'], 'PD_4': ['PD_2', 'PD_3', 'PD_5'], 'PD_5': ['PD_2', 'PD_3', 'PD_4']}, FR: {'PD_2,PD_3': inf, 'PD_2,PD_4': inf, 'PD_2,PD_5': inf, 'PD_3,PD_4': inf, 'PD_3,PD_5': inf, 'PD_4,PD_5': inf}
  Computing metrics...
    RSI: {'PD_2,PD_3': 0.5, 'PD_2,PD_4': 1.0, 'PD_2,PD_5': 1.0, 'PD_3,PD_4': 0.5, 'PD_3,PD_5': 0.5, 'PD_4,PD_5': 1.0}, ASR: 1.5, TCB: {'PD_2': ['PD_4', 'PD_3', 'PD_5'], 'PD_3': ['PD_2', 'PD_4', 'PD_5'], 'PD_4': ['PD_2', 'PD_3', 'PD_5'], 'PD_5': ['PD_2', 'PD_3', 'PD_4']}, FR: {'PD_2,PD_3': inf, 'PD_2,PD_4': inf, 'PD_2,PD_5': inf, 'PD_3,PD_4': inf, 'PD_3,PD_5': inf, 'PD_4,PD_5': inf}
  Computing metrics...
    RSI: {'PD_2,PD_3': 0.5, 'PD_2,PD_4': 1.0, 'PD_2,PD_5': 1.0, 'PD_3,PD_4': 0.5, 'PD_3,PD_5': 0.5, 'PD_4,PD_5': 1.0}, ASR: 1.5, TCB: {'PD_2': ['PD_4', 'PD_3', 'PD_5'], 'PD_3': ['PD_2', 'PD_4', 'PD_5'], 'PD_4': ['PD_2', 'PD_3', 'PD_5'], 'PD_5': ['PD_2', 'PD_3', 'PD_4']}, FR: {'PD_2,PD_3': inf, 'PD_2,PD_4': inf, 'PD_2,PD_5': inf, 'PD_3,PD_4': inf, 'PD_3,PD_5': inf, 'PD_4,PD_5': inf}
  🚫 Filtered out 0 'add_hold_edge(connect PD_3 to orphaned resource FILE_1_2)' candidates (avoiding repetition)
  Trying best transition: primitive
    Target: add new protection domain to help resolve 2 constraint violation(s)
    Predicted improvement: 0.100
    Considered 26 other option(s):
      1. primitive: create new CONFIG file in FILE_SPACE_1 (improvement: 0.100)
      2. primitive: create new DATABASE file in FILE_SPACE_1 (improvement: 0.100)
      3. primitive: create new TEMP file in FILE_SPACE_1 (improvement: 0.100)
      4. primitive: create new LOG file in FILE_SPACE_1 (improvement: 0.100)
      5. primitive: remove FILE_1_1 (holders: 4) (improvement: 0.100)
      6. primitive: remove PD_3 -> FILE_1_1 HOLD edge (improvement: 0.100)
      7. primitive: remove PD_3 -> FILE_1_2 HOLD edge (improvement: 0.100)
      8. primitive: remove PD_4 -> FILE_1_1 HOLD edge (improvement: 0.100)
      9. primitive: remove PD_5 -> FILE_1_1 HOLD edge (improvement: 0.100)
      10. primitive: enable indirect access: PD_2 -> PD_3 (improvement: 0.100)
      ... and 16 more
    ✅ Applied add_pd
  📋 Generated 27 candidate(s)
  Computing metrics...
    RSI: {'PD_2,PD_3': 0.5, 'PD_2,PD_4': 1.0, 'PD_2,PD_5': 1.0, 'PD_2,PD_6': 0.0, 'PD_3,PD_4': 0.5, 'PD_3,PD_5': 0.5, 'PD_3,PD_6': 0.0, 'PD_4,PD_5': 1.0, 'PD_4,PD_6': 0.0, 'PD_5,PD_6': 0.0}, ASR: 1.2, TCB: {'PD_2': ['PD_4', 'PD_3', 'PD_5'], 'PD_3': ['PD_2', 'PD_4', 'PD_5'], 'PD_4': ['PD_2', 'PD_3', 'PD_5'], 'PD_5': ['PD_2', 'PD_3', 'PD_4'], 'PD_6': []}, FR: {'PD_2,PD_3': inf, 'PD_2,PD_4': inf, 'PD_2,PD_5': inf, 'PD_2,PD_6': inf, 'PD_3,PD_4': inf, 'PD_3,PD_5': inf, 'PD_3,PD_6': inf, 'PD_4,PD_5': inf, 'PD_4,PD_6': inf, 'PD_5,PD_6': inf}
    ✅ Added candidate: add_pd (score: 0.100)
  Computing metrics...
    RSI: {'PD_2,PD_3': 0.5, 'PD_2,PD_4': 1.0, 'PD_2,PD_5': 1.0, 'PD_3,PD_4': 0.5, 'PD_3,PD_5': 0.5, 'PD_4,PD_5': 1.0}, ASR: 1.5, TCB: {'PD_2': ['PD_4', 'PD_3', 'PD_5'], 'PD_3': ['PD_2', 'PD_4', 'PD_5'], 'PD_4': ['PD_2', 'PD_3', 'PD_5'], 'PD_5': ['PD_2', 'PD_3', 'PD_4']}, FR: {'PD_2,PD_3': inf, 'PD_2,PD_4': inf, 'PD_2,PD_5': inf, 'PD_3,PD_4': inf, 'PD_3,PD_5': inf, 'PD_4,PD_5': inf}
    ✅ Added candidate: add_file_resource (score: 0.100)

🌟 Expanding Beam[2] (score: 0.100)
  ⚠️  Constraints violated: PD_1 lacks any access to FILE_1_1; PD_1 lacks access to any files
  Computing metrics...
    RSI: {'PD_2,PD_3': 1.0, 'PD_2,PD_4': 1.0, 'PD_2,PD_5': 1.0, 'PD_2,PD_6': 1.0, 'PD_3,PD_4': 1.0, 'PD_3,PD_5': 1.0, 'PD_3,PD_6': 1.0, 'PD_4,PD_5': 1.0, 'PD_4,PD_6': 1.0, 'PD_5,PD_6': 1.0}, ASR: 1.2, TCB: {'PD_2': ['PD_4', 'PD_3', 'PD_5', 'PD_6'], 'PD_3': ['PD_2', 'PD_4', 'PD_5', 'PD_6'], 'PD_4': ['PD_2', 'PD_3', 'PD_5', 'PD_6'], 'PD_5': ['PD_2', 'PD_3', 'PD_4', 'PD_6'], 'PD_6': ['PD_2', 'PD_3', 'PD_4', 'PD_5']}, FR: {'PD_2,PD_3': inf, 'PD_2,PD_4': inf, 'PD_2,PD_5': inf, 'PD_2,PD_6': inf, 'PD_3,PD_4': inf, 'PD_3,PD_5': inf, 'PD_3,PD_6': inf, 'PD_4,PD_5': inf, 'PD_4,PD_6': inf, 'PD_5,PD_6': inf}
  Computing metrics...
    RSI: {'PD_2,PD_3': 1.0, 'PD_2,PD_4': 1.0, 'PD_2,PD_5': 1.0, 'PD_2,PD_6': 1.0, 'PD_3,PD_4': 1.0, 'PD_3,PD_5': 1.0, 'PD_3,PD_6': 1.0, 'PD_4,PD_5': 1.0, 'PD_4,PD_6': 1.0, 'PD_5,PD_6': 1.0}, ASR: 1.2, TCB: {'PD_2': ['PD_4', 'PD_3', 'PD_5', 'PD_6'], 'PD_3': ['PD_2', 'PD_4', 'PD_5', 'PD_6'], 'PD_4': ['PD_2', 'PD_3', 'PD_5', 'PD_6'], 'PD_5': ['PD_2', 'PD_3', 'PD_4', 'PD_6'], 'PD_6': ['PD_2', 'PD_3', 'PD_4', 'PD_5']}, FR: {'PD_2,PD_3': inf, 'PD_2,PD_4': inf, 'PD_2,PD_5': inf, 'PD_2,PD_6': inf, 'PD_3,PD_4': inf, 'PD_3,PD_5': inf, 'PD_3,PD_6': inf, 'PD_4,PD_5': inf, 'PD_4,PD_6': inf, 'PD_5,PD_6': inf}
  Computing metrics...
    RSI: {'PD_2,PD_3': 1.0, 'PD_2,PD_4': 1.0, 'PD_2,PD_5': 1.0, 'PD_2,PD_6': 1.0, 'PD_3,PD_4': 1.0, 'PD_3,PD_5': 1.0, 'PD_3,PD_6': 1.0, 'PD_4,PD_5': 1.0, 'PD_4,PD_6': 1.0, 'PD_5,PD_6': 1.0}, ASR: 1.2, TCB: {'PD_2': ['PD_4', 'PD_3', 'PD_5', 'PD_6'], 'PD_3': ['PD_2', 'PD_4', 'PD_5', 'PD_6'], 'PD_4': ['PD_2', 'PD_3', 'PD_5', 'PD_6'], 'PD_5': ['PD_2', 'PD_3', 'PD_4', 'PD_6'], 'PD_6': ['PD_2', 'PD_3', 'PD_4', 'PD_5']}, FR: {'PD_2,PD_3': inf, 'PD_2,PD_4': inf, 'PD_2,PD_5': inf, 'PD_2,PD_6': inf, 'PD_3,PD_4': inf, 'PD_3,PD_5': inf, 'PD_3,PD_6': inf, 'PD_4,PD_5': inf, 'PD_4,PD_6': inf, 'PD_5,PD_6': inf}
  Computing metrics...
    RSI: {'PD_2,PD_3': 1.0, 'PD_2,PD_4': 1.0, 'PD_2,PD_5': 1.0, 'PD_2,PD_6': 1.0, 'PD_3,PD_4': 1.0, 'PD_3,PD_5': 1.0, 'PD_3,PD_6': 1.0, 'PD_4,PD_5': 1.0, 'PD_4,PD_6': 1.0, 'PD_5,PD_6': 1.0}, ASR: 1.2, TCB: {'PD_2': ['PD_4', 'PD_3', 'PD_5', 'PD_6'], 'PD_3': ['PD_2', 'PD_4', 'PD_5', 'PD_6'], 'PD_4': ['PD_2', 'PD_3', 'PD_5', 'PD_6'], 'PD_5': ['PD_2', 'PD_3', 'PD_4', 'PD_6'], 'PD_6': ['PD_2', 'PD_3', 'PD_4', 'PD_5']}, FR: {'PD_2,PD_3': inf, 'PD_2,PD_4': inf, 'PD_2,PD_5': inf, 'PD_2,PD_6': inf, 'PD_3,PD_4': inf, 'PD_3,PD_5': inf, 'PD_3,PD_6': inf, 'PD_4,PD_5': inf, 'PD_4,PD_6': inf, 'PD_5,PD_6': inf}
  Computing metrics...
    RSI: {'PD_2,PD_3': 1.0, 'PD_2,PD_4': 1.0, 'PD_2,PD_5': 1.0, 'PD_2,PD_6': 1.0, 'PD_3,PD_4': 1.0, 'PD_3,PD_5': 1.0, 'PD_3,PD_6': 1.0, 'PD_4,PD_5': 1.0, 'PD_4,PD_6': 1.0, 'PD_5,PD_6': 1.0}, ASR: 1.2, TCB: {'PD_2': ['PD_4', 'PD_3', 'PD_5', 'PD_6'], 'PD_3': ['PD_2', 'PD_4', 'PD_5', 'PD_6'], 'PD_4': ['PD_2', 'PD_3', 'PD_5', 'PD_6'], 'PD_5': ['PD_2', 'PD_3', 'PD_4', 'PD_6'], 'PD_6': ['PD_2', 'PD_3', 'PD_4', 'PD_5']}, FR: {'PD_2,PD_3': inf, 'PD_2,PD_4': inf, 'PD_2,PD_5': inf, 'PD_2,PD_6': inf, 'PD_3,PD_4': inf, 'PD_3,PD_5': inf, 'PD_3,PD_6': inf, 'PD_4,PD_5': inf, 'PD_4,PD_6': inf, 'PD_5,PD_6': inf}
  Computing metrics...
    RSI: {'PD_2,PD_3': 1.0, 'PD_2,PD_4': 1.0, 'PD_2,PD_5': 1.0, 'PD_2,PD_6': 1.0, 'PD_3,PD_4': 1.0, 'PD_3,PD_5': 1.0, 'PD_3,PD_6': 1.0, 'PD_4,PD_5': 1.0, 'PD_4,PD_6': 1.0, 'PD_5,PD_6': 1.0}, ASR: 1.2, TCB: {'PD_2': ['PD_4', 'PD_3', 'PD_5', 'PD_6'], 'PD_3': ['PD_2', 'PD_4', 'PD_5', 'PD_6'], 'PD_4': ['PD_2', 'PD_3', 'PD_5', 'PD_6'], 'PD_5': ['PD_2', 'PD_3', 'PD_4', 'PD_6'], 'PD_6': ['PD_2', 'PD_3', 'PD_4', 'PD_5']}, FR: {'PD_2,PD_3': inf, 'PD_2,PD_4': inf, 'PD_2,PD_5': inf, 'PD_2,PD_6': inf, 'PD_3,PD_4': inf, 'PD_3,PD_5': inf, 'PD_3,PD_6': inf, 'PD_4,PD_5': inf, 'PD_4,PD_6': inf, 'PD_5,PD_6': inf}
  Computing metrics...
    RSI: {'PD_2,PD_3': 1.0, 'PD_2,PD_4': 1.0, 'PD_2,PD_5': 1.0, 'PD_2,PD_6': 1.0, 'PD_3,PD_4': 1.0, 'PD_3,PD_5': 1.0, 'PD_3,PD_6': 1.0, 'PD_4,PD_5': 1.0, 'PD_4,PD_6': 1.0, 'PD_5,PD_6': 1.0}, ASR: 1.2, TCB: {'PD_2': ['PD_4', 'PD_3', 'PD_5', 'PD_6'], 'PD_3': ['PD_2', 'PD_4', 'PD_5', 'PD_6'], 'PD_4': ['PD_2', 'PD_3', 'PD_5', 'PD_6'], 'PD_5': ['PD_2', 'PD_3', 'PD_4', 'PD_6'], 'PD_6': ['PD_2', 'PD_3', 'PD_4', 'PD_5']}, FR: {'PD_2,PD_3': inf, 'PD_2,PD_4': inf, 'PD_2,PD_5': inf, 'PD_2,PD_6': inf, 'PD_3,PD_4': inf, 'PD_3,PD_5': inf, 'PD_3,PD_6': inf, 'PD_4,PD_5': inf, 'PD_4,PD_6': inf, 'PD_5,PD_6': inf}
  Computing metrics...
    RSI: {'PD_2,PD_3': 1.0, 'PD_2,PD_4': 1.0, 'PD_2,PD_5': 1.0, 'PD_2,PD_6': 1.0, 'PD_3,PD_4': 1.0, 'PD_3,PD_5': 1.0, 'PD_3,PD_6': 1.0, 'PD_4,PD_5': 1.0, 'PD_4,PD_6': 1.0, 'PD_5,PD_6': 1.0}, ASR: 1.2, TCB: {'PD_2': ['PD_4', 'PD_3', 'PD_5', 'PD_6'], 'PD_3': ['PD_2', 'PD_4', 'PD_5', 'PD_6'], 'PD_4': ['PD_2', 'PD_3', 'PD_5', 'PD_6'], 'PD_5': ['PD_2', 'PD_3', 'PD_4', 'PD_6'], 'PD_6': ['PD_2', 'PD_3', 'PD_4', 'PD_5']}, FR: {'PD_2,PD_3': inf, 'PD_2,PD_4': inf, 'PD_2,PD_5': inf, 'PD_2,PD_6': inf, 'PD_3,PD_4': inf, 'PD_3,PD_5': inf, 'PD_3,PD_6': inf, 'PD_4,PD_5': inf, 'PD_4,PD_6': inf, 'PD_5,PD_6': inf}
  Computing metrics...
    RSI: {'PD_2,PD_3': 1.0, 'PD_2,PD_4': 1.0, 'PD_2,PD_5': 1.0, 'PD_2,PD_6': 1.0, 'PD_3,PD_4': 1.0, 'PD_3,PD_5': 1.0, 'PD_3,PD_6': 1.0, 'PD_4,PD_5': 1.0, 'PD_4,PD_6': 1.0, 'PD_5,PD_6': 1.0}, ASR: 1.2, TCB: {'PD_2': ['PD_4', 'PD_3', 'PD_5', 'PD_6'], 'PD_3': ['PD_2', 'PD_4', 'PD_5', 'PD_6'], 'PD_4': ['PD_2', 'PD_3', 'PD_5', 'PD_6'], 'PD_5': ['PD_2', 'PD_3', 'PD_4', 'PD_6'], 'PD_6': ['PD_2', 'PD_3', 'PD_4', 'PD_5']}, FR: {'PD_2,PD_3': inf, 'PD_2,PD_4': inf, 'PD_2,PD_5': inf, 'PD_2,PD_6': inf, 'PD_3,PD_4': inf, 'PD_3,PD_5': inf, 'PD_3,PD_6': inf, 'PD_4,PD_5': inf, 'PD_4,PD_6': inf, 'PD_5,PD_6': inf}
  Computing metrics...
    RSI: {'PD_2,PD_3': 1.0, 'PD_2,PD_4': 1.0, 'PD_2,PD_5': 1.0, 'PD_2,PD_6': 1.0, 'PD_3,PD_4': 1.0, 'PD_3,PD_5': 1.0, 'PD_3,PD_6': 1.0, 'PD_4,PD_5': 1.0, 'PD_4,PD_6': 1.0, 'PD_5,PD_6': 1.0}, ASR: 1.2, TCB: {'PD_2': ['PD_4', 'PD_3', 'PD_5', 'PD_6'], 'PD_3': ['PD_2', 'PD_4', 'PD_5', 'PD_6'], 'PD_4': ['PD_2', 'PD_3', 'PD_5', 'PD_6'], 'PD_5': ['PD_2', 'PD_3', 'PD_4', 'PD_6'], 'PD_6': ['PD_2', 'PD_3', 'PD_4', 'PD_5']}, FR: {'PD_2,PD_3': inf, 'PD_2,PD_4': inf, 'PD_2,PD_5': inf, 'PD_2,PD_6': inf, 'PD_3,PD_4': inf, 'PD_3,PD_5': inf, 'PD_3,PD_6': inf, 'PD_4,PD_5': inf, 'PD_4,PD_6': inf, 'PD_5,PD_6': inf}
  Computing metrics...
    RSI: {'PD_2,PD_3': 1.0, 'PD_2,PD_4': 1.0, 'PD_2,PD_5': 1.0, 'PD_2,PD_6': 1.0, 'PD_3,PD_4': 1.0, 'PD_3,PD_5': 1.0, 'PD_3,PD_6': 1.0, 'PD_4,PD_5': 1.0, 'PD_4,PD_6': 1.0, 'PD_5,PD_6': 1.0}, ASR: 1.2, TCB: {'PD_2': ['PD_4', 'PD_3', 'PD_5', 'PD_6'], 'PD_3': ['PD_2', 'PD_4', 'PD_5', 'PD_6'], 'PD_4': ['PD_2', 'PD_3', 'PD_5', 'PD_6'], 'PD_5': ['PD_2', 'PD_3', 'PD_4', 'PD_6'], 'PD_6': ['PD_2', 'PD_3', 'PD_4', 'PD_5']}, FR: {'PD_2,PD_3': inf, 'PD_2,PD_4': inf, 'PD_2,PD_5': inf, 'PD_2,PD_6': inf, 'PD_3,PD_4': inf, 'PD_3,PD_5': inf, 'PD_3,PD_6': inf, 'PD_4,PD_5': inf, 'PD_4,PD_6': inf, 'PD_5,PD_6': inf}
  Computing metrics...
    RSI: {'PD_2,PD_3': 1.0, 'PD_2,PD_4': 1.0, 'PD_2,PD_5': 1.0, 'PD_2,PD_6': 1.0, 'PD_3,PD_4': 1.0, 'PD_3,PD_5': 1.0, 'PD_3,PD_6': 1.0, 'PD_4,PD_5': 1.0, 'PD_4,PD_6': 1.0, 'PD_5,PD_6': 1.0}, ASR: 1.2, TCB: {'PD_2': ['PD_4', 'PD_3', 'PD_5', 'PD_6'], 'PD_3': ['PD_2', 'PD_4', 'PD_5', 'PD_6'], 'PD_4': ['PD_2', 'PD_3', 'PD_5', 'PD_6'], 'PD_5': ['PD_2', 'PD_3', 'PD_4', 'PD_6'], 'PD_6': ['PD_2', 'PD_3', 'PD_4', 'PD_5']}, FR: {'PD_2,PD_3': inf, 'PD_2,PD_4': inf, 'PD_2,PD_5': inf, 'PD_2,PD_6': inf, 'PD_3,PD_4': inf, 'PD_3,PD_5': inf, 'PD_3,PD_6': inf, 'PD_4,PD_5': inf, 'PD_4,PD_6': inf, 'PD_5,PD_6': inf}
  Computing metrics...
    RSI: {'PD_2,PD_3': 1.0, 'PD_2,PD_4': 1.0, 'PD_2,PD_5': 1.0, 'PD_2,PD_6': 1.0, 'PD_3,PD_4': 1.0, 'PD_3,PD_5': 1.0, 'PD_3,PD_6': 1.0, 'PD_4,PD_5': 1.0, 'PD_4,PD_6': 1.0, 'PD_5,PD_6': 1.0}, ASR: 1.2, TCB: {'PD_2': ['PD_4', 'PD_3', 'PD_5', 'PD_6'], 'PD_3': ['PD_2', 'PD_4', 'PD_5', 'PD_6'], 'PD_4': ['PD_2', 'PD_3', 'PD_5', 'PD_6'], 'PD_5': ['PD_2', 'PD_3', 'PD_4', 'PD_6'], 'PD_6': ['PD_2', 'PD_3', 'PD_4', 'PD_5']}, FR: {'PD_2,PD_3': inf, 'PD_2,PD_4': inf, 'PD_2,PD_5': inf, 'PD_2,PD_6': inf, 'PD_3,PD_4': inf, 'PD_3,PD_5': inf, 'PD_3,PD_6': inf, 'PD_4,PD_5': inf, 'PD_4,PD_6': inf, 'PD_5,PD_6': inf}
  Computing metrics...
    RSI: {'PD_2,PD_3': 1.0, 'PD_2,PD_4': 1.0, 'PD_2,PD_5': 1.0, 'PD_2,PD_6': 1.0, 'PD_3,PD_4': 1.0, 'PD_3,PD_5': 1.0, 'PD_3,PD_6': 1.0, 'PD_4,PD_5': 1.0, 'PD_4,PD_6': 1.0, 'PD_5,PD_6': 1.0}, ASR: 1.2, TCB: {'PD_2': ['PD_4', 'PD_3', 'PD_5', 'PD_6'], 'PD_3': ['PD_2', 'PD_4', 'PD_5', 'PD_6'], 'PD_4': ['PD_2', 'PD_3', 'PD_5', 'PD_6'], 'PD_5': ['PD_2', 'PD_3', 'PD_4', 'PD_6'], 'PD_6': ['PD_2', 'PD_3', 'PD_4', 'PD_5']}, FR: {'PD_2,PD_3': inf, 'PD_2,PD_4': inf, 'PD_2,PD_5': inf, 'PD_2,PD_6': inf, 'PD_3,PD_4': inf, 'PD_3,PD_5': inf, 'PD_3,PD_6': inf, 'PD_4,PD_5': inf, 'PD_4,PD_6': inf, 'PD_5,PD_6': inf}
    remove_hold_edge candidate: remove PD_3 -> FILE_1_1 HOLD edge -> score: 0.100
  Computing metrics...
    RSI: {'PD_2,PD_3': 1.0, 'PD_2,PD_4': 1.0, 'PD_2,PD_5': 1.0, 'PD_2,PD_6': 1.0, 'PD_3,PD_4': 1.0, 'PD_3,PD_5': 1.0, 'PD_3,PD_6': 1.0, 'PD_4,PD_5': 1.0, 'PD_4,PD_6': 1.0, 'PD_5,PD_6': 1.0}, ASR: 1.2, TCB: {'PD_2': ['PD_4', 'PD_3', 'PD_5', 'PD_6'], 'PD_3': ['PD_2', 'PD_4', 'PD_5', 'PD_6'], 'PD_4': ['PD_2', 'PD_3', 'PD_5', 'PD_6'], 'PD_5': ['PD_2', 'PD_3', 'PD_4', 'PD_6'], 'PD_6': ['PD_2', 'PD_3', 'PD_4', 'PD_5']}, FR: {'PD_2,PD_3': inf, 'PD_2,PD_4': inf, 'PD_2,PD_5': inf, 'PD_2,PD_6': inf, 'PD_3,PD_4': inf, 'PD_3,PD_5': inf, 'PD_3,PD_6': inf, 'PD_4,PD_5': inf, 'PD_4,PD_6': inf, 'PD_5,PD_6': inf}
  Computing metrics...
    RSI: {'PD_2,PD_3': 1.0, 'PD_2,PD_4': 1.0, 'PD_2,PD_5': 1.0, 'PD_2,PD_6': 1.0, 'PD_3,PD_4': 1.0, 'PD_3,PD_5': 1.0, 'PD_3,PD_6': 1.0, 'PD_4,PD_5': 1.0, 'PD_4,PD_6': 1.0, 'PD_5,PD_6': 1.0}, ASR: 1.2, TCB: {'PD_2': ['PD_4', 'PD_3', 'PD_5', 'PD_6'], 'PD_3': ['PD_2', 'PD_4', 'PD_5', 'PD_6'], 'PD_4': ['PD_2', 'PD_3', 'PD_5', 'PD_6'], 'PD_5': ['PD_2', 'PD_3', 'PD_4', 'PD_6'], 'PD_6': ['PD_2', 'PD_3', 'PD_4', 'PD_5']}, FR: {'PD_2,PD_3': inf, 'PD_2,PD_4': inf, 'PD_2,PD_5': inf, 'PD_2,PD_6': inf, 'PD_3,PD_4': inf, 'PD_3,PD_5': inf, 'PD_3,PD_6': inf, 'PD_4,PD_5': inf, 'PD_4,PD_6': inf, 'PD_5,PD_6': inf}
    remove_hold_edge candidate: remove PD_4 -> FILE_1_1 HOLD edge -> score: 0.100
  Computing metrics...
    RSI: {'PD_2,PD_3': 1.0, 'PD_2,PD_4': 1.0, 'PD_2,PD_5': 1.0, 'PD_2,PD_6': 1.0, 'PD_3,PD_4': 1.0, 'PD_3,PD_5': 1.0, 'PD_3,PD_6': 1.0, 'PD_4,PD_5': 1.0, 'PD_4,PD_6': 1.0, 'PD_5,PD_6': 1.0}, ASR: 1.2, TCB: {'PD_2': ['PD_4', 'PD_3', 'PD_5', 'PD_6'], 'PD_3': ['PD_2', 'PD_4', 'PD_5', 'PD_6'], 'PD_4': ['PD_2', 'PD_3', 'PD_5', 'PD_6'], 'PD_5': ['PD_2', 'PD_3', 'PD_4', 'PD_6'], 'PD_6': ['PD_2', 'PD_3', 'PD_4', 'PD_5']}, FR: {'PD_2,PD_3': inf, 'PD_2,PD_4': inf, 'PD_2,PD_5': inf, 'PD_2,PD_6': inf, 'PD_3,PD_4': inf, 'PD_3,PD_5': inf, 'PD_3,PD_6': inf, 'PD_4,PD_5': inf, 'PD_4,PD_6': inf, 'PD_5,PD_6': inf}
  Computing metrics...
    RSI: {'PD_2,PD_3': 1.0, 'PD_2,PD_4': 1.0, 'PD_2,PD_5': 1.0, 'PD_2,PD_6': 1.0, 'PD_3,PD_4': 1.0, 'PD_3,PD_5': 1.0, 'PD_3,PD_6': 1.0, 'PD_4,PD_5': 1.0, 'PD_4,PD_6': 1.0, 'PD_5,PD_6': 1.0}, ASR: 1.2, TCB: {'PD_2': ['PD_4', 'PD_3', 'PD_5', 'PD_6'], 'PD_3': ['PD_2', 'PD_4', 'PD_5', 'PD_6'], 'PD_4': ['PD_2', 'PD_3', 'PD_5', 'PD_6'], 'PD_5': ['PD_2', 'PD_3', 'PD_4', 'PD_6'], 'PD_6': ['PD_2', 'PD_3', 'PD_4', 'PD_5']}, FR: {'PD_2,PD_3': inf, 'PD_2,PD_4': inf, 'PD_2,PD_5': inf, 'PD_2,PD_6': inf, 'PD_3,PD_4': inf, 'PD_3,PD_5': inf, 'PD_3,PD_6': inf, 'PD_4,PD_5': inf, 'PD_4,PD_6': inf, 'PD_5,PD_6': inf}
    remove_hold_edge candidate: remove PD_5 -> FILE_1_1 HOLD edge -> score: 0.100
  Computing metrics...
    RSI: {'PD_2,PD_3': 1.0, 'PD_2,PD_4': 1.0, 'PD_2,PD_5': 1.0, 'PD_2,PD_6': 1.0, 'PD_3,PD_4': 1.0, 'PD_3,PD_5': 1.0, 'PD_3,PD_6': 1.0, 'PD_4,PD_5': 1.0, 'PD_4,PD_6': 1.0, 'PD_5,PD_6': 1.0}, ASR: 1.2, TCB: {'PD_2': ['PD_4', 'PD_3', 'PD_5', 'PD_6'], 'PD_3': ['PD_2', 'PD_4', 'PD_5', 'PD_6'], 'PD_4': ['PD_2', 'PD_3', 'PD_5', 'PD_6'], 'PD_5': ['PD_2', 'PD_3', 'PD_4', 'PD_6'], 'PD_6': ['PD_2', 'PD_3', 'PD_4', 'PD_5']}, FR: {'PD_2,PD_3': inf, 'PD_2,PD_4': inf, 'PD_2,PD_5': inf, 'PD_2,PD_6': inf, 'PD_3,PD_4': inf, 'PD_3,PD_5': inf, 'PD_3,PD_6': inf, 'PD_4,PD_5': inf, 'PD_4,PD_6': inf, 'PD_5,PD_6': inf}
  Computing metrics...
    RSI: {'PD_2,PD_3': 1.0, 'PD_2,PD_4': 1.0, 'PD_2,PD_5': 1.0, 'PD_2,PD_6': 1.0, 'PD_3,PD_4': 1.0, 'PD_3,PD_5': 1.0, 'PD_3,PD_6': 1.0, 'PD_4,PD_5': 1.0, 'PD_4,PD_6': 1.0, 'PD_5,PD_6': 1.0}, ASR: 1.2, TCB: {'PD_2': ['PD_4', 'PD_3', 'PD_5', 'PD_6'], 'PD_3': ['PD_2', 'PD_4', 'PD_5', 'PD_6'], 'PD_4': ['PD_2', 'PD_3', 'PD_5', 'PD_6'], 'PD_5': ['PD_2', 'PD_3', 'PD_4', 'PD_6'], 'PD_6': ['PD_2', 'PD_3', 'PD_4', 'PD_5']}, FR: {'PD_2,PD_3': inf, 'PD_2,PD_4': inf, 'PD_2,PD_5': inf, 'PD_2,PD_6': inf, 'PD_3,PD_4': inf, 'PD_3,PD_5': inf, 'PD_3,PD_6': inf, 'PD_4,PD_5': inf, 'PD_4,PD_6': inf, 'PD_5,PD_6': inf}
    remove_hold_edge candidate: remove PD_6 -> FILE_1_1 HOLD edge -> score: 0.100
  Computing metrics...
    RSI: {'PD_2,PD_3': 1.0, 'PD_2,PD_4': 1.0, 'PD_2,PD_5': 1.0, 'PD_2,PD_6': 1.0, 'PD_3,PD_4': 1.0, 'PD_3,PD_5': 1.0, 'PD_3,PD_6': 1.0, 'PD_4,PD_5': 1.0, 'PD_4,PD_6': 1.0, 'PD_5,PD_6': 1.0}, ASR: 1.2, TCB: {'PD_2': ['PD_4', 'PD_3', 'PD_5', 'PD_6'], 'PD_3': ['PD_2', 'PD_4', 'PD_5', 'PD_6'], 'PD_4': ['PD_2', 'PD_3', 'PD_5', 'PD_6'], 'PD_5': ['PD_2', 'PD_3', 'PD_4', 'PD_6'], 'PD_6': ['PD_2', 'PD_3', 'PD_4', 'PD_5']}, FR: {'PD_2,PD_3': inf, 'PD_2,PD_4': inf, 'PD_2,PD_5': inf, 'PD_2,PD_6': inf, 'PD_3,PD_4': inf, 'PD_3,PD_5': inf, 'PD_3,PD_6': inf, 'PD_4,PD_5': inf, 'PD_4,PD_6': inf, 'PD_5,PD_6': inf}
  Computing metrics...
    RSI: {'PD_2,PD_3': 1.0, 'PD_2,PD_4': 1.0, 'PD_2,PD_5': 1.0, 'PD_2,PD_6': 1.0, 'PD_3,PD_4': 1.0, 'PD_3,PD_5': 1.0, 'PD_3,PD_6': 1.0, 'PD_4,PD_5': 1.0, 'PD_4,PD_6': 1.0, 'PD_5,PD_6': 1.0}, ASR: 1.4, TCB: {'PD_2': ['PD_4', 'PD_3', 'PD_5', 'PD_6'], 'PD_3': ['PD_2', 'PD_4', 'PD_5', 'PD_6'], 'PD_4': ['PD_2', 'PD_3', 'PD_5', 'PD_6'], 'PD_5': ['PD_2', 'PD_3', 'PD_4', 'PD_6'], 'PD_6': ['PD_2', 'PD_3', 'PD_4', 'PD_5']}, FR: {'PD_2,PD_3': inf, 'PD_2,PD_4': inf, 'PD_2,PD_5': inf, 'PD_2,PD_6': inf, 'PD_3,PD_4': inf, 'PD_3,PD_5': inf, 'PD_3,PD_6': inf, 'PD_4,PD_5': inf, 'PD_4,PD_6': inf, 'PD_5,PD_6': inf}
  Computing metrics...
    RSI: {'PD_2,PD_3': 1.0, 'PD_2,PD_4': 1.0, 'PD_2,PD_5': 1.0, 'PD_2,PD_6': 1.0, 'PD_3,PD_4': 1.0, 'PD_3,PD_5': 1.0, 'PD_3,PD_6': 1.0, 'PD_4,PD_5': 1.0, 'PD_4,PD_6': 1.0, 'PD_5,PD_6': 1.0}, ASR: 1.2, TCB: {'PD_2': ['PD_4', 'PD_3', 'PD_5', 'PD_6'], 'PD_3': ['PD_2', 'PD_4', 'PD_5', 'PD_6'], 'PD_4': ['PD_2', 'PD_3', 'PD_5', 'PD_6'], 'PD_5': ['PD_2', 'PD_3', 'PD_4', 'PD_6'], 'PD_6': ['PD_2', 'PD_3', 'PD_4', 'PD_5']}, FR: {'PD_2,PD_3': inf, 'PD_2,PD_4': inf, 'PD_2,PD_5': inf, 'PD_2,PD_6': inf, 'PD_3,PD_4': inf, 'PD_3,PD_5': inf, 'PD_3,PD_6': inf, 'PD_4,PD_5': inf, 'PD_4,PD_6': inf, 'PD_5,PD_6': inf}
  Computing metrics...
    RSI: {'PD_2,PD_3': 1.0, 'PD_2,PD_4': 1.0, 'PD_2,PD_5': 1.0, 'PD_2,PD_6': 1.0, 'PD_3,PD_4': 1.0, 'PD_3,PD_5': 1.0, 'PD_3,PD_6': 1.0, 'PD_4,PD_5': 1.0, 'PD_4,PD_6': 1.0, 'PD_5,PD_6': 1.0}, ASR: 1.4, TCB: {'PD_2': ['PD_4', 'PD_5', 'PD_3', 'PD_6'], 'PD_3': ['PD_2', 'PD_4', 'PD_5', 'PD_6'], 'PD_4': ['PD_2', 'PD_3', 'PD_5', 'PD_6'], 'PD_5': ['PD_2', 'PD_3', 'PD_4', 'PD_6'], 'PD_6': ['PD_2', 'PD_3', 'PD_4', 'PD_5']}, FR: {'PD_2,PD_3': inf, 'PD_2,PD_4': inf, 'PD_2,PD_5': inf, 'PD_2,PD_6': inf, 'PD_3,PD_4': inf, 'PD_3,PD_5': inf, 'PD_3,PD_6': inf, 'PD_4,PD_5': inf, 'PD_4,PD_6': inf, 'PD_5,PD_6': inf}
  Computing metrics...
    RSI: {'PD_2,PD_3': 1.0, 'PD_2,PD_4': 1.0, 'PD_2,PD_5': 1.0, 'PD_2,PD_6': 1.0, 'PD_3,PD_4': 1.0, 'PD_3,PD_5': 1.0, 'PD_3,PD_6': 1.0, 'PD_4,PD_5': 1.0, 'PD_4,PD_6': 1.0, 'PD_5,PD_6': 1.0}, ASR: 1.2, TCB: {'PD_2': ['PD_4', 'PD_3', 'PD_5', 'PD_6'], 'PD_3': ['PD_2', 'PD_4', 'PD_5', 'PD_6'], 'PD_4': ['PD_2', 'PD_3', 'PD_5', 'PD_6'], 'PD_5': ['PD_2', 'PD_3', 'PD_4', 'PD_6'], 'PD_6': ['PD_2', 'PD_3', 'PD_4', 'PD_5']}, FR: {'PD_2,PD_3': inf, 'PD_2,PD_4': inf, 'PD_2,PD_5': inf, 'PD_2,PD_6': inf, 'PD_3,PD_4': inf, 'PD_3,PD_5': inf, 'PD_3,PD_6': inf, 'PD_4,PD_5': inf, 'PD_4,PD_6': inf, 'PD_5,PD_6': inf}
  Computing metrics...
    RSI: {'PD_2,PD_3': 1.0, 'PD_2,PD_4': 1.0, 'PD_2,PD_5': 1.0, 'PD_2,PD_6': 1.0, 'PD_3,PD_4': 1.0, 'PD_3,PD_5': 1.0, 'PD_3,PD_6': 1.0, 'PD_4,PD_5': 1.0, 'PD_4,PD_6': 1.0, 'PD_5,PD_6': 1.0}, ASR: 1.4, TCB: {'PD_2': ['PD_4', 'PD_6', 'PD_3', 'PD_5'], 'PD_3': ['PD_2', 'PD_4', 'PD_5', 'PD_6'], 'PD_4': ['PD_2', 'PD_3', 'PD_5', 'PD_6'], 'PD_5': ['PD_2', 'PD_3', 'PD_4', 'PD_6'], 'PD_6': ['PD_2', 'PD_3', 'PD_4', 'PD_5']}, FR: {'PD_2,PD_3': inf, 'PD_2,PD_4': inf, 'PD_2,PD_5': inf, 'PD_2,PD_6': inf, 'PD_3,PD_4': inf, 'PD_3,PD_5': inf, 'PD_3,PD_6': inf, 'PD_4,PD_5': inf, 'PD_4,PD_6': inf, 'PD_5,PD_6': inf}
  Computing metrics...
    RSI: {'PD_2,PD_3': 1.0, 'PD_2,PD_4': 1.0, 'PD_2,PD_5': 1.0, 'PD_2,PD_6': 1.0, 'PD_3,PD_4': 1.0, 'PD_3,PD_5': 1.0, 'PD_3,PD_6': 1.0, 'PD_4,PD_5': 1.0, 'PD_4,PD_6': 1.0, 'PD_5,PD_6': 1.0}, ASR: 1.2, TCB: {'PD_2': ['PD_4', 'PD_3', 'PD_5', 'PD_6'], 'PD_3': ['PD_2', 'PD_4', 'PD_5', 'PD_6'], 'PD_4': ['PD_2', 'PD_3', 'PD_5', 'PD_6'], 'PD_5': ['PD_2', 'PD_3', 'PD_4', 'PD_6'], 'PD_6': ['PD_2', 'PD_3', 'PD_4', 'PD_5']}, FR: {'PD_2,PD_3': inf, 'PD_2,PD_4': inf, 'PD_2,PD_5': inf, 'PD_2,PD_6': inf, 'PD_3,PD_4': inf, 'PD_3,PD_5': inf, 'PD_3,PD_6': inf, 'PD_4,PD_5': inf, 'PD_4,PD_6': inf, 'PD_5,PD_6': inf}
  Computing metrics...
    RSI: {'PD_2,PD_3': 1.0, 'PD_2,PD_4': 1.0, 'PD_2,PD_5': 1.0, 'PD_2,PD_6': 1.0, 'PD_3,PD_4': 1.0, 'PD_3,PD_5': 1.0, 'PD_3,PD_6': 1.0, 'PD_4,PD_5': 1.0, 'PD_4,PD_6': 1.0, 'PD_5,PD_6': 1.0}, ASR: 1.4, TCB: {'PD_2': ['PD_4', 'PD_3', 'PD_5', 'PD_6'], 'PD_3': ['PD_2', 'PD_4', 'PD_5', 'PD_6'], 'PD_4': ['PD_2', 'PD_3', 'PD_5', 'PD_6'], 'PD_5': ['PD_2', 'PD_3', 'PD_4', 'PD_6'], 'PD_6': ['PD_2', 'PD_3', 'PD_4', 'PD_5']}, FR: {'PD_2,PD_3': 3, 'PD_2,PD_4': inf, 'PD_2,PD_5': inf, 'PD_2,PD_6': inf, 'PD_3,PD_4': inf, 'PD_3,PD_5': inf, 'PD_3,PD_6': inf, 'PD_4,PD_5': inf, 'PD_4,PD_6': inf, 'PD_5,PD_6': inf}
  Computing metrics...
    RSI: {'PD_2,PD_3': 1.0, 'PD_2,PD_4': 1.0, 'PD_2,PD_5': 1.0, 'PD_2,PD_6': 1.0, 'PD_3,PD_4': 1.0, 'PD_3,PD_5': 1.0, 'PD_3,PD_6': 1.0, 'PD_4,PD_5': 1.0, 'PD_4,PD_6': 1.0, 'PD_5,PD_6': 1.0}, ASR: 1.2, TCB: {'PD_2': ['PD_4', 'PD_3', 'PD_5', 'PD_6'], 'PD_3': ['PD_2', 'PD_4', 'PD_5', 'PD_6'], 'PD_4': ['PD_2', 'PD_3', 'PD_5', 'PD_6'], 'PD_5': ['PD_2', 'PD_3', 'PD_4', 'PD_6'], 'PD_6': ['PD_2', 'PD_3', 'PD_4', 'PD_5']}, FR: {'PD_2,PD_3': inf, 'PD_2,PD_4': inf, 'PD_2,PD_5': inf, 'PD_2,PD_6': inf, 'PD_3,PD_4': inf, 'PD_3,PD_5': inf, 'PD_3,PD_6': inf, 'PD_4,PD_5': inf, 'PD_4,PD_6': inf, 'PD_5,PD_6': inf}
  Computing metrics...
    RSI: {'PD_2,PD_3': 1.0, 'PD_2,PD_4': 1.0, 'PD_2,PD_5': 1.0, 'PD_2,PD_6': 1.0, 'PD_3,PD_4': 1.0, 'PD_3,PD_5': 1.0, 'PD_3,PD_6': 1.0, 'PD_4,PD_5': 1.0, 'PD_4,PD_6': 1.0, 'PD_5,PD_6': 1.0}, ASR: 1.4, TCB: {'PD_2': ['PD_4', 'PD_3', 'PD_5', 'PD_6'], 'PD_3': ['PD_4', 'PD_2', 'PD_5', 'PD_6'], 'PD_4': ['PD_2', 'PD_3', 'PD_5', 'PD_6'], 'PD_5': ['PD_2', 'PD_3', 'PD_4', 'PD_6'], 'PD_6': ['PD_2', 'PD_3', 'PD_4', 'PD_5']}, FR: {'PD_2,PD_3': 2, 'PD_2,PD_4': inf, 'PD_2,PD_5': inf, 'PD_2,PD_6': inf, 'PD_3,PD_4': inf, 'PD_3,PD_5': inf, 'PD_3,PD_6': inf, 'PD_4,PD_5': inf, 'PD_4,PD_6': inf, 'PD_5,PD_6': inf}
  Computing metrics...
    RSI: {'PD_2,PD_3': 1.0, 'PD_2,PD_4': 1.0, 'PD_2,PD_5': 1.0, 'PD_2,PD_6': 1.0, 'PD_3,PD_4': 1.0, 'PD_3,PD_5': 1.0, 'PD_3,PD_6': 1.0, 'PD_4,PD_5': 1.0, 'PD_4,PD_6': 1.0, 'PD_5,PD_6': 1.0}, ASR: 1.2, TCB: {'PD_2': ['PD_4', 'PD_3', 'PD_5', 'PD_6'], 'PD_3': ['PD_2', 'PD_4', 'PD_5', 'PD_6'], 'PD_4': ['PD_2', 'PD_3', 'PD_5', 'PD_6'], 'PD_5': ['PD_2', 'PD_3', 'PD_4', 'PD_6'], 'PD_6': ['PD_2', 'PD_3', 'PD_4', 'PD_5']}, FR: {'PD_2,PD_3': inf, 'PD_2,PD_4': inf, 'PD_2,PD_5': inf, 'PD_2,PD_6': inf, 'PD_3,PD_4': inf, 'PD_3,PD_5': inf, 'PD_3,PD_6': inf, 'PD_4,PD_5': inf, 'PD_4,PD_6': inf, 'PD_5,PD_6': inf}
  Computing metrics...
    RSI: {'PD_2,PD_3': 1.0, 'PD_2,PD_4': 1.0, 'PD_2,PD_5': 1.0, 'PD_2,PD_6': 1.0, 'PD_3,PD_4': 1.0, 'PD_3,PD_5': 1.0, 'PD_3,PD_6': 1.0, 'PD_4,PD_5': 1.0, 'PD_4,PD_6': 1.0, 'PD_5,PD_6': 1.0}, ASR: 1.4, TCB: {'PD_2': ['PD_4', 'PD_3', 'PD_5', 'PD_6'], 'PD_3': ['PD_5', 'PD_2', 'PD_4', 'PD_6'], 'PD_4': ['PD_2', 'PD_3', 'PD_5', 'PD_6'], 'PD_5': ['PD_2', 'PD_3', 'PD_4', 'PD_6'], 'PD_6': ['PD_2', 'PD_3', 'PD_4', 'PD_5']}, FR: {'PD_2,PD_3': inf, 'PD_2,PD_4': inf, 'PD_2,PD_5': inf, 'PD_2,PD_6': inf, 'PD_3,PD_4': inf, 'PD_3,PD_5': inf, 'PD_3,PD_6': inf, 'PD_4,PD_5': inf, 'PD_4,PD_6': inf, 'PD_5,PD_6': inf}
  Computing metrics...
    RSI: {'PD_2,PD_3': 1.0, 'PD_2,PD_4': 1.0, 'PD_2,PD_5': 1.0, 'PD_2,PD_6': 1.0, 'PD_3,PD_4': 1.0, 'PD_3,PD_5': 1.0, 'PD_3,PD_6': 1.0, 'PD_4,PD_5': 1.0, 'PD_4,PD_6': 1.0, 'PD_5,PD_6': 1.0}, ASR: 1.2, TCB: {'PD_2': ['PD_4', 'PD_3', 'PD_5', 'PD_6'], 'PD_3': ['PD_2', 'PD_4', 'PD_5', 'PD_6'], 'PD_4': ['PD_2', 'PD_3', 'PD_5', 'PD_6'], 'PD_5': ['PD_2', 'PD_3', 'PD_4', 'PD_6'], 'PD_6': ['PD_2', 'PD_3', 'PD_4', 'PD_5']}, FR: {'PD_2,PD_3': inf, 'PD_2,PD_4': inf, 'PD_2,PD_5': inf, 'PD_2,PD_6': inf, 'PD_3,PD_4': inf, 'PD_3,PD_5': inf, 'PD_3,PD_6': inf, 'PD_4,PD_5': inf, 'PD_4,PD_6': inf, 'PD_5,PD_6': inf}
  Computing metrics...
    RSI: {'PD_2,PD_3': 1.0, 'PD_2,PD_4': 1.0, 'PD_2,PD_5': 1.0, 'PD_2,PD_6': 1.0, 'PD_3,PD_4': 1.0, 'PD_3,PD_5': 1.0, 'PD_3,PD_6': 1.0, 'PD_4,PD_5': 1.0, 'PD_4,PD_6': 1.0, 'PD_5,PD_6': 1.0}, ASR: 1.4, TCB: {'PD_2': ['PD_4', 'PD_3', 'PD_5', 'PD_6'], 'PD_3': ['PD_6', 'PD_2', 'PD_4', 'PD_5'], 'PD_4': ['PD_2', 'PD_3', 'PD_5', 'PD_6'], 'PD_5': ['PD_2', 'PD_3', 'PD_4', 'PD_6'], 'PD_6': ['PD_2', 'PD_3', 'PD_4', 'PD_5']}, FR: {'PD_2,PD_3': inf, 'PD_2,PD_4': inf, 'PD_2,PD_5': inf, 'PD_2,PD_6': inf, 'PD_3,PD_4': inf, 'PD_3,PD_5': inf, 'PD_3,PD_6': inf, 'PD_4,PD_5': inf, 'PD_4,PD_6': inf, 'PD_5,PD_6': inf}
  Computing metrics...
    RSI: {'PD_2,PD_3': 1.0, 'PD_2,PD_4': 1.0, 'PD_2,PD_5': 1.0, 'PD_2,PD_6': 1.0, 'PD_3,PD_4': 1.0, 'PD_3,PD_5': 1.0, 'PD_3,PD_6': 1.0, 'PD_4,PD_5': 1.0, 'PD_4,PD_6': 1.0, 'PD_5,PD_6': 1.0}, ASR: 1.2, TCB: {'PD_2': ['PD_4', 'PD_3', 'PD_5', 'PD_6'], 'PD_3': ['PD_2', 'PD_4', 'PD_5', 'PD_6'], 'PD_4': ['PD_2', 'PD_3', 'PD_5', 'PD_6'], 'PD_5': ['PD_2', 'PD_3', 'PD_4', 'PD_6'], 'PD_6': ['PD_2', 'PD_3', 'PD_4', 'PD_5']}, FR: {'PD_2,PD_3': inf, 'PD_2,PD_4': inf, 'PD_2,PD_5': inf, 'PD_2,PD_6': inf, 'PD_3,PD_4': inf, 'PD_3,PD_5': inf, 'PD_3,PD_6': inf, 'PD_4,PD_5': inf, 'PD_4,PD_6': inf, 'PD_5,PD_6': inf}
  Computing metrics...
    RSI: {'PD_2,PD_3': 1.0, 'PD_2,PD_4': 1.0, 'PD_2,PD_5': 1.0, 'PD_2,PD_6': 1.0, 'PD_3,PD_4': 1.0, 'PD_3,PD_5': 1.0, 'PD_3,PD_6': 1.0, 'PD_4,PD_5': 1.0, 'PD_4,PD_6': 1.0, 'PD_5,PD_6': 1.0}, ASR: 1.4, TCB: {'PD_2': ['PD_4', 'PD_3', 'PD_5', 'PD_6'], 'PD_3': ['PD_2', 'PD_4', 'PD_5', 'PD_6'], 'PD_4': ['PD_2', 'PD_3', 'PD_5', 'PD_6'], 'PD_5': ['PD_2', 'PD_3', 'PD_4', 'PD_6'], 'PD_6': ['PD_2', 'PD_3', 'PD_4', 'PD_5']}, FR: {'PD_2,PD_3': inf, 'PD_2,PD_4': inf, 'PD_2,PD_5': inf, 'PD_2,PD_6': inf, 'PD_3,PD_4': inf, 'PD_3,PD_5': inf, 'PD_3,PD_6': inf, 'PD_4,PD_5': inf, 'PD_4,PD_6': inf, 'PD_5,PD_6': inf}
  Computing metrics...
    RSI: {'PD_2,PD_3': 1.0, 'PD_2,PD_4': 1.0, 'PD_2,PD_5': 1.0, 'PD_2,PD_6': 1.0, 'PD_3,PD_4': 1.0, 'PD_3,PD_5': 1.0, 'PD_3,PD_6': 1.0, 'PD_4,PD_5': 1.0, 'PD_4,PD_6': 1.0, 'PD_5,PD_6': 1.0}, ASR: 1.2, TCB: {'PD_2': ['PD_4', 'PD_3', 'PD_5', 'PD_6'], 'PD_3': ['PD_2', 'PD_4', 'PD_5', 'PD_6'], 'PD_4': ['PD_2', 'PD_3', 'PD_5', 'PD_6'], 'PD_5': ['PD_2', 'PD_3', 'PD_4', 'PD_6'], 'PD_6': ['PD_2', 'PD_3', 'PD_4', 'PD_5']}, FR: {'PD_2,PD_3': inf, 'PD_2,PD_4': inf, 'PD_2,PD_5': inf, 'PD_2,PD_6': inf, 'PD_3,PD_4': inf, 'PD_3,PD_5': inf, 'PD_3,PD_6': inf, 'PD_4,PD_5': inf, 'PD_4,PD_6': inf, 'PD_5,PD_6': inf}
  Computing metrics...
    RSI: {'PD_2,PD_3': 1.0, 'PD_2,PD_4': 1.0, 'PD_2,PD_5': 1.0, 'PD_2,PD_6': 1.0, 'PD_3,PD_4': 1.0, 'PD_3,PD_5': 1.0, 'PD_3,PD_6': 1.0, 'PD_4,PD_5': 1.0, 'PD_4,PD_6': 1.0, 'PD_5,PD_6': 1.0}, ASR: 1.4, TCB: {'PD_2': ['PD_4', 'PD_3', 'PD_5', 'PD_6'], 'PD_3': ['PD_2', 'PD_4', 'PD_5', 'PD_6'], 'PD_4': ['PD_3', 'PD_2', 'PD_5', 'PD_6'], 'PD_5': ['PD_2', 'PD_3', 'PD_4', 'PD_6'], 'PD_6': ['PD_2', 'PD_3', 'PD_4', 'PD_5']}, FR: {'PD_2,PD_3': inf, 'PD_2,PD_4': 3, 'PD_2,PD_5': inf, 'PD_2,PD_6': inf, 'PD_3,PD_4': inf, 'PD_3,PD_5': inf, 'PD_3,PD_6': inf, 'PD_4,PD_5': inf, 'PD_4,PD_6': inf, 'PD_5,PD_6': inf}
  Computing metrics...
    RSI: {'PD_2,PD_3': 1.0, 'PD_2,PD_4': 1.0, 'PD_2,PD_5': 1.0, 'PD_2,PD_6': 1.0, 'PD_3,PD_4': 1.0, 'PD_3,PD_5': 1.0, 'PD_3,PD_6': 1.0, 'PD_4,PD_5': 1.0, 'PD_4,PD_6': 1.0, 'PD_5,PD_6': 1.0}, ASR: 1.2, TCB: {'PD_2': ['PD_4', 'PD_3', 'PD_5', 'PD_6'], 'PD_3': ['PD_2', 'PD_4', 'PD_5', 'PD_6'], 'PD_4': ['PD_2', 'PD_3', 'PD_5', 'PD_6'], 'PD_5': ['PD_2', 'PD_3', 'PD_4', 'PD_6'], 'PD_6': ['PD_2', 'PD_3', 'PD_4', 'PD_5']}, FR: {'PD_2,PD_3': inf, 'PD_2,PD_4': inf, 'PD_2,PD_5': inf, 'PD_2,PD_6': inf, 'PD_3,PD_4': inf, 'PD_3,PD_5': inf, 'PD_3,PD_6': inf, 'PD_4,PD_5': inf, 'PD_4,PD_6': inf, 'PD_5,PD_6': inf}
  Computing metrics...
    RSI: {'PD_2,PD_3': 1.0, 'PD_2,PD_4': 1.0, 'PD_2,PD_5': 1.0, 'PD_2,PD_6': 1.0, 'PD_3,PD_4': 1.0, 'PD_3,PD_5': 1.0, 'PD_3,PD_6': 1.0, 'PD_4,PD_5': 1.0, 'PD_4,PD_6': 1.0, 'PD_5,PD_6': 1.0}, ASR: 1.4, TCB: {'PD_2': ['PD_4', 'PD_3', 'PD_5', 'PD_6'], 'PD_3': ['PD_2', 'PD_4', 'PD_5', 'PD_6'], 'PD_4': ['PD_5', 'PD_2', 'PD_3', 'PD_6'], 'PD_5': ['PD_2', 'PD_3', 'PD_4', 'PD_6'], 'PD_6': ['PD_2', 'PD_3', 'PD_4', 'PD_5']}, FR: {'PD_2,PD_3': inf, 'PD_2,PD_4': 3, 'PD_2,PD_5': inf, 'PD_2,PD_6': inf, 'PD_3,PD_4': inf, 'PD_3,PD_5': inf, 'PD_3,PD_6': inf, 'PD_4,PD_5': inf, 'PD_4,PD_6': inf, 'PD_5,PD_6': inf}
  Computing metrics...
    RSI: {'PD_2,PD_3': 1.0, 'PD_2,PD_4': 1.0, 'PD_2,PD_5': 1.0, 'PD_2,PD_6': 1.0, 'PD_3,PD_4': 1.0, 'PD_3,PD_5': 1.0, 'PD_3,PD_6': 1.0, 'PD_4,PD_5': 1.0, 'PD_4,PD_6': 1.0, 'PD_5,PD_6': 1.0}, ASR: 1.2, TCB: {'PD_2': ['PD_4', 'PD_3', 'PD_5', 'PD_6'], 'PD_3': ['PD_2', 'PD_4', 'PD_5', 'PD_6'], 'PD_4': ['PD_2', 'PD_3', 'PD_5', 'PD_6'], 'PD_5': ['PD_2', 'PD_3', 'PD_4', 'PD_6'], 'PD_6': ['PD_2', 'PD_3', 'PD_4', 'PD_5']}, FR: {'PD_2,PD_3': inf, 'PD_2,PD_4': inf, 'PD_2,PD_5': inf, 'PD_2,PD_6': inf, 'PD_3,PD_4': inf, 'PD_3,PD_5': inf, 'PD_3,PD_6': inf, 'PD_4,PD_5': inf, 'PD_4,PD_6': inf, 'PD_5,PD_6': inf}
  Computing metrics...
    RSI: {'PD_2,PD_3': 1.0, 'PD_2,PD_4': 1.0, 'PD_2,PD_5': 1.0, 'PD_2,PD_6': 1.0, 'PD_3,PD_4': 1.0, 'PD_3,PD_5': 1.0, 'PD_3,PD_6': 1.0, 'PD_4,PD_5': 1.0, 'PD_4,PD_6': 1.0, 'PD_5,PD_6': 1.0}, ASR: 1.4, TCB: {'PD_2': ['PD_4', 'PD_3', 'PD_5', 'PD_6'], 'PD_3': ['PD_2', 'PD_4', 'PD_5', 'PD_6'], 'PD_4': ['PD_6', 'PD_2', 'PD_3', 'PD_5'], 'PD_5': ['PD_2', 'PD_3', 'PD_4', 'PD_6'], 'PD_6': ['PD_2', 'PD_3', 'PD_4', 'PD_5']}, FR: {'PD_2,PD_3': inf, 'PD_2,PD_4': 3, 'PD_2,PD_5': inf, 'PD_2,PD_6': inf, 'PD_3,PD_4': inf, 'PD_3,PD_5': inf, 'PD_3,PD_6': inf, 'PD_4,PD_5': inf, 'PD_4,PD_6': inf, 'PD_5,PD_6': inf}
  Computing metrics...
    RSI: {'PD_2,PD_3': 1.0, 'PD_2,PD_4': 1.0, 'PD_2,PD_5': 1.0, 'PD_2,PD_6': 1.0, 'PD_3,PD_4': 1.0, 'PD_3,PD_5': 1.0, 'PD_3,PD_6': 1.0, 'PD_4,PD_5': 1.0, 'PD_4,PD_6': 1.0, 'PD_5,PD_6': 1.0}, ASR: 1.2, TCB: {'PD_2': ['PD_4', 'PD_3', 'PD_5', 'PD_6'], 'PD_3': ['PD_2', 'PD_4', 'PD_5', 'PD_6'], 'PD_4': ['PD_2', 'PD_3', 'PD_5', 'PD_6'], 'PD_5': ['PD_2', 'PD_3', 'PD_4', 'PD_6'], 'PD_6': ['PD_2', 'PD_3', 'PD_4', 'PD_5']}, FR: {'PD_2,PD_3': inf, 'PD_2,PD_4': inf, 'PD_2,PD_5': inf, 'PD_2,PD_6': inf, 'PD_3,PD_4': inf, 'PD_3,PD_5': inf, 'PD_3,PD_6': inf, 'PD_4,PD_5': inf, 'PD_4,PD_6': inf, 'PD_5,PD_6': inf}
  Computing metrics...
    RSI: {'PD_2,PD_3': 1.0, 'PD_2,PD_4': 1.0, 'PD_2,PD_5': 1.0, 'PD_2,PD_6': 1.0, 'PD_3,PD_4': 1.0, 'PD_3,PD_5': 1.0, 'PD_3,PD_6': 1.0, 'PD_4,PD_5': 1.0, 'PD_4,PD_6': 1.0, 'PD_5,PD_6': 1.0}, ASR: 1.4, TCB: {'PD_2': ['PD_4', 'PD_3', 'PD_5', 'PD_6'], 'PD_3': ['PD_2', 'PD_4', 'PD_5', 'PD_6'], 'PD_4': ['PD_2', 'PD_3', 'PD_5', 'PD_6'], 'PD_5': ['PD_2', 'PD_3', 'PD_4', 'PD_6'], 'PD_6': ['PD_2', 'PD_3', 'PD_4', 'PD_5']}, FR: {'PD_2,PD_3': inf, 'PD_2,PD_4': inf, 'PD_2,PD_5': 3, 'PD_2,PD_6': inf, 'PD_3,PD_4': inf, 'PD_3,PD_5': inf, 'PD_3,PD_6': inf, 'PD_4,PD_5': inf, 'PD_4,PD_6': inf, 'PD_5,PD_6': inf}
  Computing metrics...
    RSI: {'PD_2,PD_3': 1.0, 'PD_2,PD_4': 1.0, 'PD_2,PD_5': 1.0, 'PD_2,PD_6': 1.0, 'PD_3,PD_4': 1.0, 'PD_3,PD_5': 1.0, 'PD_3,PD_6': 1.0, 'PD_4,PD_5': 1.0, 'PD_4,PD_6': 1.0, 'PD_5,PD_6': 1.0}, ASR: 1.2, TCB: {'PD_2': ['PD_4', 'PD_3', 'PD_5', 'PD_6'], 'PD_3': ['PD_2', 'PD_4', 'PD_5', 'PD_6'], 'PD_4': ['PD_2', 'PD_3', 'PD_5', 'PD_6'], 'PD_5': ['PD_2', 'PD_3', 'PD_4', 'PD_6'], 'PD_6': ['PD_2', 'PD_3', 'PD_4', 'PD_5']}, FR: {'PD_2,PD_3': inf, 'PD_2,PD_4': inf, 'PD_2,PD_5': inf, 'PD_2,PD_6': inf, 'PD_3,PD_4': inf, 'PD_3,PD_5': inf, 'PD_3,PD_6': inf, 'PD_4,PD_5': inf, 'PD_4,PD_6': inf, 'PD_5,PD_6': inf}
  Computing metrics...
    RSI: {'PD_2,PD_3': 1.0, 'PD_2,PD_4': 1.0, 'PD_2,PD_5': 1.0, 'PD_2,PD_6': 1.0, 'PD_3,PD_4': 1.0, 'PD_3,PD_5': 1.0, 'PD_3,PD_6': 1.0, 'PD_4,PD_5': 1.0, 'PD_4,PD_6': 1.0, 'PD_5,PD_6': 1.0}, ASR: 1.4, TCB: {'PD_2': ['PD_4', 'PD_3', 'PD_5', 'PD_6'], 'PD_3': ['PD_2', 'PD_4', 'PD_5', 'PD_6'], 'PD_4': ['PD_2', 'PD_3', 'PD_5', 'PD_6'], 'PD_5': ['PD_3', 'PD_2', 'PD_4', 'PD_6'], 'PD_6': ['PD_2', 'PD_3', 'PD_4', 'PD_5']}, FR: {'PD_2,PD_3': inf, 'PD_2,PD_4': inf, 'PD_2,PD_5': inf, 'PD_2,PD_6': inf, 'PD_3,PD_4': inf, 'PD_3,PD_5': inf, 'PD_3,PD_6': inf, 'PD_4,PD_5': inf, 'PD_4,PD_6': inf, 'PD_5,PD_6': inf}
  Computing metrics...
    RSI: {'PD_2,PD_3': 1.0, 'PD_2,PD_4': 1.0, 'PD_2,PD_5': 1.0, 'PD_2,PD_6': 1.0, 'PD_3,PD_4': 1.0, 'PD_3,PD_5': 1.0, 'PD_3,PD_6': 1.0, 'PD_4,PD_5': 1.0, 'PD_4,PD_6': 1.0, 'PD_5,PD_6': 1.0}, ASR: 1.2, TCB: {'PD_2': ['PD_4', 'PD_3', 'PD_5', 'PD_6'], 'PD_3': ['PD_2', 'PD_4', 'PD_5', 'PD_6'], 'PD_4': ['PD_2', 'PD_3', 'PD_5', 'PD_6'], 'PD_5': ['PD_2', 'PD_3', 'PD_4', 'PD_6'], 'PD_6': ['PD_2', 'PD_3', 'PD_4', 'PD_5']}, FR: {'PD_2,PD_3': inf, 'PD_2,PD_4': inf, 'PD_2,PD_5': inf, 'PD_2,PD_6': inf, 'PD_3,PD_4': inf, 'PD_3,PD_5': inf, 'PD_3,PD_6': inf, 'PD_4,PD_5': inf, 'PD_4,PD_6': inf, 'PD_5,PD_6': inf}
  Computing metrics...
    RSI: {'PD_2,PD_3': 1.0, 'PD_2,PD_4': 1.0, 'PD_2,PD_5': 1.0, 'PD_2,PD_6': 1.0, 'PD_3,PD_4': 1.0, 'PD_3,PD_5': 1.0, 'PD_3,PD_6': 1.0, 'PD_4,PD_5': 1.0, 'PD_4,PD_6': 1.0, 'PD_5,PD_6': 1.0}, ASR: 1.4, TCB: {'PD_2': ['PD_4', 'PD_3', 'PD_5', 'PD_6'], 'PD_3': ['PD_2', 'PD_4', 'PD_5', 'PD_6'], 'PD_4': ['PD_2', 'PD_3', 'PD_5', 'PD_6'], 'PD_5': ['PD_4', 'PD_2', 'PD_3', 'PD_6'], 'PD_6': ['PD_2', 'PD_3', 'PD_4', 'PD_5']}, FR: {'PD_2,PD_3': inf, 'PD_2,PD_4': inf, 'PD_2,PD_5': 2, 'PD_2,PD_6': inf, 'PD_3,PD_4': inf, 'PD_3,PD_5': inf, 'PD_3,PD_6': inf, 'PD_4,PD_5': inf, 'PD_4,PD_6': inf, 'PD_5,PD_6': inf}
  Computing metrics...
    RSI: {'PD_2,PD_3': 1.0, 'PD_2,PD_4': 1.0, 'PD_2,PD_5': 1.0, 'PD_2,PD_6': 1.0, 'PD_3,PD_4': 1.0, 'PD_3,PD_5': 1.0, 'PD_3,PD_6': 1.0, 'PD_4,PD_5': 1.0, 'PD_4,PD_6': 1.0, 'PD_5,PD_6': 1.0}, ASR: 1.2, TCB: {'PD_2': ['PD_4', 'PD_3', 'PD_5', 'PD_6'], 'PD_3': ['PD_2', 'PD_4', 'PD_5', 'PD_6'], 'PD_4': ['PD_2', 'PD_3', 'PD_5', 'PD_6'], 'PD_5': ['PD_2', 'PD_3', 'PD_4', 'PD_6'], 'PD_6': ['PD_2', 'PD_3', 'PD_4', 'PD_5']}, FR: {'PD_2,PD_3': inf, 'PD_2,PD_4': inf, 'PD_2,PD_5': inf, 'PD_2,PD_6': inf, 'PD_3,PD_4': inf, 'PD_3,PD_5': inf, 'PD_3,PD_6': inf, 'PD_4,PD_5': inf, 'PD_4,PD_6': inf, 'PD_5,PD_6': inf}
  Computing metrics...
    RSI: {'PD_2,PD_3': 1.0, 'PD_2,PD_4': 1.0, 'PD_2,PD_5': 1.0, 'PD_2,PD_6': 1.0, 'PD_3,PD_4': 1.0, 'PD_3,PD_5': 1.0, 'PD_3,PD_6': 1.0, 'PD_4,PD_5': 1.0, 'PD_4,PD_6': 1.0, 'PD_5,PD_6': 1.0}, ASR: 1.4, TCB: {'PD_2': ['PD_4', 'PD_3', 'PD_5', 'PD_6'], 'PD_3': ['PD_2', 'PD_4', 'PD_5', 'PD_6'], 'PD_4': ['PD_2', 'PD_3', 'PD_5', 'PD_6'], 'PD_5': ['PD_6', 'PD_2', 'PD_3', 'PD_4'], 'PD_6': ['PD_2', 'PD_3', 'PD_4', 'PD_5']}, FR: {'PD_2,PD_3': inf, 'PD_2,PD_4': inf, 'PD_2,PD_5': inf, 'PD_2,PD_6': inf, 'PD_3,PD_4': inf, 'PD_3,PD_5': inf, 'PD_3,PD_6': inf, 'PD_4,PD_5': inf, 'PD_4,PD_6': inf, 'PD_5,PD_6': inf}
  Computing metrics...
    RSI: {'PD_2,PD_3': 1.0, 'PD_2,PD_4': 1.0, 'PD_2,PD_5': 1.0, 'PD_2,PD_6': 1.0, 'PD_3,PD_4': 1.0, 'PD_3,PD_5': 1.0, 'PD_3,PD_6': 1.0, 'PD_4,PD_5': 1.0, 'PD_4,PD_6': 1.0, 'PD_5,PD_6': 1.0}, ASR: 1.2, TCB: {'PD_2': ['PD_4', 'PD_3', 'PD_5', 'PD_6'], 'PD_3': ['PD_2', 'PD_4', 'PD_5', 'PD_6'], 'PD_4': ['PD_2', 'PD_3', 'PD_5', 'PD_6'], 'PD_5': ['PD_2', 'PD_3', 'PD_4', 'PD_6'], 'PD_6': ['PD_2', 'PD_3', 'PD_4', 'PD_5']}, FR: {'PD_2,PD_3': inf, 'PD_2,PD_4': inf, 'PD_2,PD_5': inf, 'PD_2,PD_6': inf, 'PD_3,PD_4': inf, 'PD_3,PD_5': inf, 'PD_3,PD_6': inf, 'PD_4,PD_5': inf, 'PD_4,PD_6': inf, 'PD_5,PD_6': inf}
  Computing metrics...
    RSI: {'PD_2,PD_3': 1.0, 'PD_2,PD_4': 1.0, 'PD_2,PD_5': 1.0, 'PD_2,PD_6': 1.0, 'PD_3,PD_4': 1.0, 'PD_3,PD_5': 1.0, 'PD_3,PD_6': 1.0, 'PD_4,PD_5': 1.0, 'PD_4,PD_6': 1.0, 'PD_5,PD_6': 1.0}, ASR: 1.4, TCB: {'PD_2': ['PD_4', 'PD_3', 'PD_5', 'PD_6'], 'PD_3': ['PD_2', 'PD_4', 'PD_5', 'PD_6'], 'PD_4': ['PD_2', 'PD_3', 'PD_5', 'PD_6'], 'PD_5': ['PD_2', 'PD_3', 'PD_4', 'PD_6'], 'PD_6': ['PD_2', 'PD_3', 'PD_4', 'PD_5']}, FR: {'PD_2,PD_3': inf, 'PD_2,PD_4': inf, 'PD_2,PD_5': inf, 'PD_2,PD_6': 3, 'PD_3,PD_4': inf, 'PD_3,PD_5': inf, 'PD_3,PD_6': inf, 'PD_4,PD_5': inf, 'PD_4,PD_6': inf, 'PD_5,PD_6': inf}
  Computing metrics...
    RSI: {'PD_2,PD_3': 1.0, 'PD_2,PD_4': 1.0, 'PD_2,PD_5': 1.0, 'PD_2,PD_6': 1.0, 'PD_3,PD_4': 1.0, 'PD_3,PD_5': 1.0, 'PD_3,PD_6': 1.0, 'PD_4,PD_5': 1.0, 'PD_4,PD_6': 1.0, 'PD_5,PD_6': 1.0}, ASR: 1.2, TCB: {'PD_2': ['PD_4', 'PD_3', 'PD_5', 'PD_6'], 'PD_3': ['PD_2', 'PD_4', 'PD_5', 'PD_6'], 'PD_4': ['PD_2', 'PD_3', 'PD_5', 'PD_6'], 'PD_5': ['PD_2', 'PD_3', 'PD_4', 'PD_6'], 'PD_6': ['PD_2', 'PD_3', 'PD_4', 'PD_5']}, FR: {'PD_2,PD_3': inf, 'PD_2,PD_4': inf, 'PD_2,PD_5': inf, 'PD_2,PD_6': inf, 'PD_3,PD_4': inf, 'PD_3,PD_5': inf, 'PD_3,PD_6': inf, 'PD_4,PD_5': inf, 'PD_4,PD_6': inf, 'PD_5,PD_6': inf}
  Computing metrics...
    RSI: {'PD_2,PD_3': 1.0, 'PD_2,PD_4': 1.0, 'PD_2,PD_5': 1.0, 'PD_2,PD_6': 1.0, 'PD_3,PD_4': 1.0, 'PD_3,PD_5': 1.0, 'PD_3,PD_6': 1.0, 'PD_4,PD_5': 1.0, 'PD_4,PD_6': 1.0, 'PD_5,PD_6': 1.0}, ASR: 1.4, TCB: {'PD_2': ['PD_4', 'PD_3', 'PD_5', 'PD_6'], 'PD_3': ['PD_2', 'PD_4', 'PD_5', 'PD_6'], 'PD_4': ['PD_2', 'PD_3', 'PD_5', 'PD_6'], 'PD_5': ['PD_2', 'PD_3', 'PD_4', 'PD_6'], 'PD_6': ['PD_3', 'PD_2', 'PD_4', 'PD_5']}, FR: {'PD_2,PD_3': inf, 'PD_2,PD_4': inf, 'PD_2,PD_5': inf, 'PD_2,PD_6': inf, 'PD_3,PD_4': inf, 'PD_3,PD_5': inf, 'PD_3,PD_6': inf, 'PD_4,PD_5': inf, 'PD_4,PD_6': inf, 'PD_5,PD_6': inf}
  Computing metrics...
    RSI: {'PD_2,PD_3': 1.0, 'PD_2,PD_4': 1.0, 'PD_2,PD_5': 1.0, 'PD_2,PD_6': 1.0, 'PD_3,PD_4': 1.0, 'PD_3,PD_5': 1.0, 'PD_3,PD_6': 1.0, 'PD_4,PD_5': 1.0, 'PD_4,PD_6': 1.0, 'PD_5,PD_6': 1.0}, ASR: 1.2, TCB: {'PD_2': ['PD_4', 'PD_3', 'PD_5', 'PD_6'], 'PD_3': ['PD_2', 'PD_4', 'PD_5', 'PD_6'], 'PD_4': ['PD_2', 'PD_3', 'PD_5', 'PD_6'], 'PD_5': ['PD_2', 'PD_3', 'PD_4', 'PD_6'], 'PD_6': ['PD_2', 'PD_3', 'PD_4', 'PD_5']}, FR: {'PD_2,PD_3': inf, 'PD_2,PD_4': inf, 'PD_2,PD_5': inf, 'PD_2,PD_6': inf, 'PD_3,PD_4': inf, 'PD_3,PD_5': inf, 'PD_3,PD_6': inf, 'PD_4,PD_5': inf, 'PD_4,PD_6': inf, 'PD_5,PD_6': inf}
  Computing metrics...
    RSI: {'PD_2,PD_3': 1.0, 'PD_2,PD_4': 1.0, 'PD_2,PD_5': 1.0, 'PD_2,PD_6': 1.0, 'PD_3,PD_4': 1.0, 'PD_3,PD_5': 1.0, 'PD_3,PD_6': 1.0, 'PD_4,PD_5': 1.0, 'PD_4,PD_6': 1.0, 'PD_5,PD_6': 1.0}, ASR: 1.4, TCB: {'PD_2': ['PD_4', 'PD_3', 'PD_5', 'PD_6'], 'PD_3': ['PD_2', 'PD_4', 'PD_5', 'PD_6'], 'PD_4': ['PD_2', 'PD_3', 'PD_5', 'PD_6'], 'PD_5': ['PD_2', 'PD_3', 'PD_4', 'PD_6'], 'PD_6': ['PD_4', 'PD_2', 'PD_3', 'PD_5']}, FR: {'PD_2,PD_3': inf, 'PD_2,PD_4': inf, 'PD_2,PD_5': inf, 'PD_2,PD_6': 2, 'PD_3,PD_4': inf, 'PD_3,PD_5': inf, 'PD_3,PD_6': inf, 'PD_4,PD_5': inf, 'PD_4,PD_6': inf, 'PD_5,PD_6': inf}
  Computing metrics...
    RSI: {'PD_2,PD_3': 1.0, 'PD_2,PD_4': 1.0, 'PD_2,PD_5': 1.0, 'PD_2,PD_6': 1.0, 'PD_3,PD_4': 1.0, 'PD_3,PD_5': 1.0, 'PD_3,PD_6': 1.0, 'PD_4,PD_5': 1.0, 'PD_4,PD_6': 1.0, 'PD_5,PD_6': 1.0}, ASR: 1.2, TCB: {'PD_2': ['PD_4', 'PD_3', 'PD_5', 'PD_6'], 'PD_3': ['PD_2', 'PD_4', 'PD_5', 'PD_6'], 'PD_4': ['PD_2', 'PD_3', 'PD_5', 'PD_6'], 'PD_5': ['PD_2', 'PD_3', 'PD_4', 'PD_6'], 'PD_6': ['PD_2', 'PD_3', 'PD_4', 'PD_5']}, FR: {'PD_2,PD_3': inf, 'PD_2,PD_4': inf, 'PD_2,PD_5': inf, 'PD_2,PD_6': inf, 'PD_3,PD_4': inf, 'PD_3,PD_5': inf, 'PD_3,PD_6': inf, 'PD_4,PD_5': inf, 'PD_4,PD_6': inf, 'PD_5,PD_6': inf}
  Computing metrics...
    RSI: {'PD_2,PD_3': 1.0, 'PD_2,PD_4': 1.0, 'PD_2,PD_5': 1.0, 'PD_2,PD_6': 1.0, 'PD_3,PD_4': 1.0, 'PD_3,PD_5': 1.0, 'PD_3,PD_6': 1.0, 'PD_4,PD_5': 1.0, 'PD_4,PD_6': 1.0, 'PD_5,PD_6': 1.0}, ASR: 1.4, TCB: {'PD_2': ['PD_4', 'PD_3', 'PD_5', 'PD_6'], 'PD_3': ['PD_2', 'PD_4', 'PD_5', 'PD_6'], 'PD_4': ['PD_2', 'PD_3', 'PD_5', 'PD_6'], 'PD_5': ['PD_2', 'PD_3', 'PD_4', 'PD_6'], 'PD_6': ['PD_5', 'PD_2', 'PD_3', 'PD_4']}, FR: {'PD_2,PD_3': inf, 'PD_2,PD_4': inf, 'PD_2,PD_5': inf, 'PD_2,PD_6': inf, 'PD_3,PD_4': inf, 'PD_3,PD_5': inf, 'PD_3,PD_6': inf, 'PD_4,PD_5': inf, 'PD_4,PD_6': inf, 'PD_5,PD_6': inf}
  Computing metrics...
    RSI: {'PD_2,PD_3': 1.0, 'PD_2,PD_4': 1.0, 'PD_2,PD_5': 1.0, 'PD_2,PD_6': 1.0, 'PD_3,PD_4': 1.0, 'PD_3,PD_5': 1.0, 'PD_3,PD_6': 1.0, 'PD_4,PD_5': 1.0, 'PD_4,PD_6': 1.0, 'PD_5,PD_6': 1.0}, ASR: 1.2, TCB: {'PD_2': ['PD_4', 'PD_3', 'PD_5', 'PD_6'], 'PD_3': ['PD_2', 'PD_4', 'PD_5', 'PD_6'], 'PD_4': ['PD_2', 'PD_3', 'PD_5', 'PD_6'], 'PD_5': ['PD_2', 'PD_3', 'PD_4', 'PD_6'], 'PD_6': ['PD_2', 'PD_3', 'PD_4', 'PD_5']}, FR: {'PD_2,PD_3': inf, 'PD_2,PD_4': inf, 'PD_2,PD_5': inf, 'PD_2,PD_6': inf, 'PD_3,PD_4': inf, 'PD_3,PD_5': inf, 'PD_3,PD_6': inf, 'PD_4,PD_5': inf, 'PD_4,PD_6': inf, 'PD_5,PD_6': inf}
  Computing metrics...
    RSI: {'PD_2,PD_3': 1.0, 'PD_2,PD_4': 1.0, 'PD_2,PD_5': 1.0, 'PD_2,PD_6': 1.0, 'PD_3,PD_4': 1.0, 'PD_3,PD_5': 1.0, 'PD_3,PD_6': 1.0, 'PD_4,PD_5': 1.0, 'PD_4,PD_6': 1.0, 'PD_5,PD_6': 1.0}, ASR: 1.2, TCB: {'PD_2': ['PD_4', 'PD_3', 'PD_5', 'PD_6'], 'PD_3': ['PD_2', 'PD_4', 'PD_5', 'PD_6'], 'PD_4': ['PD_2', 'PD_3', 'PD_5', 'PD_6'], 'PD_5': ['PD_2', 'PD_3', 'PD_4', 'PD_6'], 'PD_6': ['PD_2', 'PD_3', 'PD_4', 'PD_5']}, FR: {'PD_2,PD_3': inf, 'PD_2,PD_4': inf, 'PD_2,PD_5': inf, 'PD_2,PD_6': inf, 'PD_3,PD_4': inf, 'PD_3,PD_5': inf, 'PD_3,PD_6': inf, 'PD_4,PD_5': inf, 'PD_4,PD_6': inf, 'PD_5,PD_6': inf}
  Computing metrics...
    RSI: {'PD_2,PD_3': 1.0, 'PD_2,PD_4': 1.0, 'PD_2,PD_5': 1.0, 'PD_2,PD_6': 1.0, 'PD_3,PD_4': 1.0, 'PD_3,PD_5': 1.0, 'PD_3,PD_6': 1.0, 'PD_4,PD_5': 1.0, 'PD_4,PD_6': 1.0, 'PD_5,PD_6': 1.0}, ASR: 1.2, TCB: {'PD_2': ['PD_4', 'PD_3', 'PD_5', 'PD_6'], 'PD_3': ['PD_2', 'PD_4', 'PD_5', 'PD_6'], 'PD_4': ['PD_2', 'PD_3', 'PD_5', 'PD_6'], 'PD_5': ['PD_2', 'PD_3', 'PD_4', 'PD_6'], 'PD_6': ['PD_2', 'PD_3', 'PD_4', 'PD_5']}, FR: {'PD_2,PD_3': inf, 'PD_2,PD_4': inf, 'PD_2,PD_5': inf, 'PD_2,PD_6': inf, 'PD_3,PD_4': inf, 'PD_3,PD_5': inf, 'PD_3,PD_6': inf, 'PD_4,PD_5': inf, 'PD_4,PD_6': inf, 'PD_5,PD_6': inf}
  Computing metrics...
    RSI: {'PD_2,PD_3': 1.0, 'PD_2,PD_4': 1.0, 'PD_2,PD_5': 1.0, 'PD_2,PD_6': 1.0, 'PD_3,PD_4': 1.0, 'PD_3,PD_5': 1.0, 'PD_3,PD_6': 1.0, 'PD_4,PD_5': 1.0, 'PD_4,PD_6': 1.0, 'PD_5,PD_6': 1.0}, ASR: 1.2, TCB: {'PD_2': ['PD_4', 'PD_3', 'PD_5', 'PD_6'], 'PD_3': ['PD_2', 'PD_4', 'PD_5', 'PD_6'], 'PD_4': ['PD_2', 'PD_3', 'PD_5', 'PD_6'], 'PD_5': ['PD_2', 'PD_3', 'PD_4', 'PD_6'], 'PD_6': ['PD_2', 'PD_3', 'PD_4', 'PD_5']}, FR: {'PD_2,PD_3': inf, 'PD_2,PD_4': inf, 'PD_2,PD_5': inf, 'PD_2,PD_6': inf, 'PD_3,PD_4': inf, 'PD_3,PD_5': inf, 'PD_3,PD_6': inf, 'PD_4,PD_5': inf, 'PD_4,PD_6': inf, 'PD_5,PD_6': inf}
  🚫 Filtered out 0 'add_hold_edge(connect PD_6 to FILE_1_1)' candidates (avoiding repetition)
  Trying best transition: primitive
    Target: add new protection domain to help resolve 2 constraint violation(s)
    Predicted improvement: 0.100
    Considered 30 other option(s):
      1. primitive: create new CONFIG file in FILE_SPACE_1 (improvement: 0.100)
      2. primitive: create new DATABASE file in FILE_SPACE_1 (improvement: 0.100)
      3. primitive: create new TEMP file in FILE_SPACE_1 (improvement: 0.100)
      4. primitive: create new LOG file in FILE_SPACE_1 (improvement: 0.100)
      5. primitive: remove FILE_1_1 (holders: 5) (improvement: 0.100)
      6. primitive: remove PD_3 -> FILE_1_1 HOLD edge (improvement: 0.100)
      7. primitive: remove PD_4 -> FILE_1_1 HOLD edge (improvement: 0.100)
      8. primitive: remove PD_5 -> FILE_1_1 HOLD edge (improvement: 0.100)
      9. primitive: remove PD_6 -> FILE_1_1 HOLD edge (improvement: 0.100)
      10. primitive: enable indirect access: PD_2 -> PD_3 (improvement: 0.100)
      ... and 20 more
    ✅ Applied add_pd
  📋 Generated 31 candidate(s)
  Computing metrics...
    RSI: {'PD_2,PD_3': 1.0, 'PD_2,PD_4': 1.0, 'PD_2,PD_5': 1.0, 'PD_2,PD_6': 1.0, 'PD_2,PD_7': 0.0, 'PD_3,PD_4': 1.0, 'PD_3,PD_5': 1.0, 'PD_3,PD_6': 1.0, 'PD_3,PD_7': 0.0, 'PD_4,PD_5': 1.0, 'PD_4,PD_6': 1.0, 'PD_4,PD_7': 0.0, 'PD_5,PD_6': 1.0, 'PD_5,PD_7': 0.0, 'PD_6,PD_7': 0.0}, ASR: 1.0, TCB: {'PD_2': ['PD_4', 'PD_3', 'PD_5', 'PD_6'], 'PD_3': ['PD_2', 'PD_4', 'PD_5', 'PD_6'], 'PD_4': ['PD_2', 'PD_3', 'PD_5', 'PD_6'], 'PD_5': ['PD_2', 'PD_3', 'PD_4', 'PD_6'], 'PD_6': ['PD_2', 'PD_3', 'PD_4', 'PD_5'], 'PD_7': []}, FR: {'PD_2,PD_3': inf, 'PD_2,PD_4': inf, 'PD_2,PD_5': inf, 'PD_2,PD_6': inf, 'PD_2,PD_7': inf, 'PD_3,PD_4': inf, 'PD_3,PD_5': inf, 'PD_3,PD_6': inf, 'PD_3,PD_7': inf, 'PD_4,PD_5': inf, 'PD_4,PD_6': inf, 'PD_4,PD_7': inf, 'PD_5,PD_6': inf, 'PD_5,PD_7': inf, 'PD_6,PD_7': inf}
    ✅ Added candidate: add_pd (score: 0.100)
  Computing metrics...
    RSI: {'PD_2,PD_3': 1.0, 'PD_2,PD_4': 1.0, 'PD_2,PD_5': 1.0, 'PD_2,PD_6': 1.0, 'PD_3,PD_4': 1.0, 'PD_3,PD_5': 1.0, 'PD_3,PD_6': 1.0, 'PD_4,PD_5': 1.0, 'PD_4,PD_6': 1.0, 'PD_5,PD_6': 1.0}, ASR: 1.2, TCB: {'PD_2': ['PD_4', 'PD_3', 'PD_5', 'PD_6'], 'PD_3': ['PD_2', 'PD_4', 'PD_5', 'PD_6'], 'PD_4': ['PD_2', 'PD_3', 'PD_5', 'PD_6'], 'PD_5': ['PD_2', 'PD_3', 'PD_4', 'PD_6'], 'PD_6': ['PD_2', 'PD_3', 'PD_4', 'PD_5']}, FR: {'PD_2,PD_3': inf, 'PD_2,PD_4': inf, 'PD_2,PD_5': inf, 'PD_2,PD_6': inf, 'PD_3,PD_4': inf, 'PD_3,PD_5': inf, 'PD_3,PD_6': inf, 'PD_4,PD_5': inf, 'PD_4,PD_6': inf, 'PD_5,PD_6': inf}
    ✅ Added candidate: add_file_resource (score: 0.100)

📊 Next beam (3 states):
  Beam[0]: BeamState(iter=7, score=0.100, path=add_file_resource(create new CONFIG file in FILE_SPACE_1) → add_hold_edge(connect PD_2 to orphaned resource FILE_1_2) → add_pd(add new protection domain to help resolve 2 constraint violation(s)))
  Beam[1]: BeamState(iter=7, score=0.100, path=add_file_resource(create new CONFIG file in FILE_SPACE_1) → add_hold_edge(connect PD_2 to orphaned resource FILE_1_2) → add_file_resource(create new CONFIG file in FILE_SPACE_1))
  Beam[2]: BeamState(iter=7, score=0.100, path=add_file_resource(create new CONFIG file in FILE_SPACE_1) → add_hold_edge(connect PD_3 to orphaned resource FILE_1_2) → add_pd(add new protection domain to help resolve 2 constraint violation(s)))
💡 Total candidates generated: 6
🎯 Mechanisms discovered so far: 0

============================================================
🔍 Beam Search Iteration 8/8
📊 Current beam size: 3
  Beam[0]: BeamState(iter=7, score=0.100, path=add_file_resource(create new CONFIG file in FILE_SPACE_1) → add_hold_edge(connect PD_2 to orphaned resource FILE_1_2) → add_pd(add new protection domain to help resolve 2 constraint violation(s)))
  Beam[1]: BeamState(iter=7, score=0.100, path=add_file_resource(create new CONFIG file in FILE_SPACE_1) → add_hold_edge(connect PD_2 to orphaned resource FILE_1_2) → add_file_resource(create new CONFIG file in FILE_SPACE_1))
  Beam[2]: BeamState(iter=7, score=0.100, path=add_file_resource(create new CONFIG file in FILE_SPACE_1) → add_hold_edge(connect PD_3 to orphaned resource FILE_1_2) → add_pd(add new protection domain to help resolve 2 constraint violation(s)))

🌟 Expanding Beam[0] (score: 0.100)
  ⚠️  Constraints violated: PD_1 lacks any access to FILE_1_1; PD_1 lacks access to any files
  Computing metrics...
    RSI: {'PD_2,PD_3': 0.5, 'PD_2,PD_4': 0.5, 'PD_2,PD_5': 0.5, 'PD_2,PD_6': 0.0, 'PD_3,PD_4': 1.0, 'PD_3,PD_5': 1.0, 'PD_3,PD_6': 0.0, 'PD_4,PD_5': 1.0, 'PD_4,PD_6': 0.0, 'PD_5,PD_6': 0.0}, ASR: 1.2, TCB: {'PD_2': ['PD_4', 'PD_3', 'PD_5'], 'PD_3': ['PD_2', 'PD_4', 'PD_5'], 'PD_4': ['PD_2', 'PD_3', 'PD_5'], 'PD_5': ['PD_2', 'PD_3', 'PD_4'], 'PD_6': []}, FR: {'PD_2,PD_3': inf, 'PD_2,PD_4': inf, 'PD_2,PD_5': inf, 'PD_2,PD_6': inf, 'PD_3,PD_4': inf, 'PD_3,PD_5': inf, 'PD_3,PD_6': inf, 'PD_4,PD_5': inf, 'PD_4,PD_6': inf, 'PD_5,PD_6': inf}
  Computing metrics...
    RSI: {'PD_2,PD_3': 0.5, 'PD_2,PD_4': 0.5, 'PD_2,PD_5': 0.5, 'PD_2,PD_6': 0.0, 'PD_3,PD_4': 1.0, 'PD_3,PD_5': 1.0, 'PD_3,PD_6': 0.0, 'PD_4,PD_5': 1.0, 'PD_4,PD_6': 0.0, 'PD_5,PD_6': 0.0}, ASR: 1.2, TCB: {'PD_2': ['PD_4', 'PD_3', 'PD_5'], 'PD_3': ['PD_2', 'PD_4', 'PD_5'], 'PD_4': ['PD_2', 'PD_3', 'PD_5'], 'PD_5': ['PD_2', 'PD_3', 'PD_4'], 'PD_6': []}, FR: {'PD_2,PD_3': inf, 'PD_2,PD_4': inf, 'PD_2,PD_5': inf, 'PD_2,PD_6': inf, 'PD_3,PD_4': inf, 'PD_3,PD_5': inf, 'PD_3,PD_6': inf, 'PD_4,PD_5': inf, 'PD_4,PD_6': inf, 'PD_5,PD_6': inf}
  Computing metrics...
    RSI: {'PD_2,PD_3': 0.5, 'PD_2,PD_4': 0.5, 'PD_2,PD_5': 0.5, 'PD_2,PD_6': 0.0, 'PD_3,PD_4': 1.0, 'PD_3,PD_5': 1.0, 'PD_3,PD_6': 0.0, 'PD_4,PD_5': 1.0, 'PD_4,PD_6': 0.0, 'PD_5,PD_6': 0.0}, ASR: 1.2, TCB: {'PD_2': ['PD_4', 'PD_3', 'PD_5'], 'PD_3': ['PD_2', 'PD_4', 'PD_5'], 'PD_4': ['PD_2', 'PD_3', 'PD_5'], 'PD_5': ['PD_2', 'PD_3', 'PD_4'], 'PD_6': []}, FR: {'PD_2,PD_3': inf, 'PD_2,PD_4': inf, 'PD_2,PD_5': inf, 'PD_2,PD_6': inf, 'PD_3,PD_4': inf, 'PD_3,PD_5': inf, 'PD_3,PD_6': inf, 'PD_4,PD_5': inf, 'PD_4,PD_6': inf, 'PD_5,PD_6': inf}
  Computing metrics...
    RSI: {'PD_2,PD_3': 0.5, 'PD_2,PD_4': 0.5, 'PD_2,PD_5': 0.5, 'PD_2,PD_6': 0.0, 'PD_3,PD_4': 1.0, 'PD_3,PD_5': 1.0, 'PD_3,PD_6': 0.0, 'PD_4,PD_5': 1.0, 'PD_4,PD_6': 0.0, 'PD_5,PD_6': 0.0}, ASR: 1.2, TCB: {'PD_2': ['PD_4', 'PD_3', 'PD_5'], 'PD_3': ['PD_2', 'PD_4', 'PD_5'], 'PD_4': ['PD_2', 'PD_3', 'PD_5'], 'PD_5': ['PD_2', 'PD_3', 'PD_4'], 'PD_6': []}, FR: {'PD_2,PD_3': inf, 'PD_2,PD_4': inf, 'PD_2,PD_5': inf, 'PD_2,PD_6': inf, 'PD_3,PD_4': inf, 'PD_3,PD_5': inf, 'PD_3,PD_6': inf, 'PD_4,PD_5': inf, 'PD_4,PD_6': inf, 'PD_5,PD_6': inf}
  Computing metrics...
    RSI: {'PD_2,PD_3': 0.5, 'PD_2,PD_4': 0.5, 'PD_2,PD_5': 0.5, 'PD_2,PD_6': 0.0, 'PD_3,PD_4': 1.0, 'PD_3,PD_5': 1.0, 'PD_3,PD_6': 0.0, 'PD_4,PD_5': 1.0, 'PD_4,PD_6': 0.0, 'PD_5,PD_6': 0.0}, ASR: 1.2, TCB: {'PD_2': ['PD_4', 'PD_3', 'PD_5'], 'PD_3': ['PD_2', 'PD_4', 'PD_5'], 'PD_4': ['PD_2', 'PD_3', 'PD_5'], 'PD_5': ['PD_2', 'PD_3', 'PD_4'], 'PD_6': []}, FR: {'PD_2,PD_3': inf, 'PD_2,PD_4': inf, 'PD_2,PD_5': inf, 'PD_2,PD_6': inf, 'PD_3,PD_4': inf, 'PD_3,PD_5': inf, 'PD_3,PD_6': inf, 'PD_4,PD_5': inf, 'PD_4,PD_6': inf, 'PD_5,PD_6': inf}
  Computing metrics...
    RSI: {'PD_2,PD_3': 0.5, 'PD_2,PD_4': 0.5, 'PD_2,PD_5': 0.5, 'PD_2,PD_6': 0.0, 'PD_3,PD_4': 1.0, 'PD_3,PD_5': 1.0, 'PD_3,PD_6': 0.0, 'PD_4,PD_5': 1.0, 'PD_4,PD_6': 0.0, 'PD_5,PD_6': 0.0}, ASR: 1.2, TCB: {'PD_2': ['PD_4', 'PD_3', 'PD_5'], 'PD_3': ['PD_2', 'PD_4', 'PD_5'], 'PD_4': ['PD_2', 'PD_3', 'PD_5'], 'PD_5': ['PD_2', 'PD_3', 'PD_4'], 'PD_6': []}, FR: {'PD_2,PD_3': inf, 'PD_2,PD_4': inf, 'PD_2,PD_5': inf, 'PD_2,PD_6': inf, 'PD_3,PD_4': inf, 'PD_3,PD_5': inf, 'PD_3,PD_6': inf, 'PD_4,PD_5': inf, 'PD_4,PD_6': inf, 'PD_5,PD_6': inf}
  Computing metrics...
    RSI: {'PD_2,PD_3': 0.5, 'PD_2,PD_4': 0.5, 'PD_2,PD_5': 0.5, 'PD_2,PD_6': 0.0, 'PD_3,PD_4': 1.0, 'PD_3,PD_5': 1.0, 'PD_3,PD_6': 0.0, 'PD_4,PD_5': 1.0, 'PD_4,PD_6': 0.0, 'PD_5,PD_6': 0.0}, ASR: 1.2, TCB: {'PD_2': ['PD_4', 'PD_3', 'PD_5'], 'PD_3': ['PD_2', 'PD_4', 'PD_5'], 'PD_4': ['PD_2', 'PD_3', 'PD_5'], 'PD_5': ['PD_2', 'PD_3', 'PD_4'], 'PD_6': []}, FR: {'PD_2,PD_3': inf, 'PD_2,PD_4': inf, 'PD_2,PD_5': inf, 'PD_2,PD_6': inf, 'PD_3,PD_4': inf, 'PD_3,PD_5': inf, 'PD_3,PD_6': inf, 'PD_4,PD_5': inf, 'PD_4,PD_6': inf, 'PD_5,PD_6': inf}
  Computing metrics...
    RSI: {'PD_2,PD_3': 0.5, 'PD_2,PD_4': 0.5, 'PD_2,PD_5': 0.5, 'PD_2,PD_6': 0.0, 'PD_3,PD_4': 1.0, 'PD_3,PD_5': 1.0, 'PD_3,PD_6': 0.0, 'PD_4,PD_5': 1.0, 'PD_4,PD_6': 0.0, 'PD_5,PD_6': 0.0}, ASR: 1.2, TCB: {'PD_2': ['PD_4', 'PD_3', 'PD_5'], 'PD_3': ['PD_2', 'PD_4', 'PD_5'], 'PD_4': ['PD_2', 'PD_3', 'PD_5'], 'PD_5': ['PD_2', 'PD_3', 'PD_4'], 'PD_6': []}, FR: {'PD_2,PD_3': inf, 'PD_2,PD_4': inf, 'PD_2,PD_5': inf, 'PD_2,PD_6': inf, 'PD_3,PD_4': inf, 'PD_3,PD_5': inf, 'PD_3,PD_6': inf, 'PD_4,PD_5': inf, 'PD_4,PD_6': inf, 'PD_5,PD_6': inf}
  Computing metrics...
    RSI: {'PD_2,PD_3': 0.5, 'PD_2,PD_4': 0.5, 'PD_2,PD_5': 0.5, 'PD_2,PD_6': 0.0, 'PD_3,PD_4': 1.0, 'PD_3,PD_5': 1.0, 'PD_3,PD_6': 0.0, 'PD_4,PD_5': 1.0, 'PD_4,PD_6': 0.0, 'PD_5,PD_6': 0.0}, ASR: 1.2, TCB: {'PD_2': ['PD_4', 'PD_3', 'PD_5'], 'PD_3': ['PD_2', 'PD_4', 'PD_5'], 'PD_4': ['PD_2', 'PD_3', 'PD_5'], 'PD_5': ['PD_2', 'PD_3', 'PD_4'], 'PD_6': []}, FR: {'PD_2,PD_3': inf, 'PD_2,PD_4': inf, 'PD_2,PD_5': inf, 'PD_2,PD_6': inf, 'PD_3,PD_4': inf, 'PD_3,PD_5': inf, 'PD_3,PD_6': inf, 'PD_4,PD_5': inf, 'PD_4,PD_6': inf, 'PD_5,PD_6': inf}
  Computing metrics...
    RSI: {'PD_2,PD_3': 0.5, 'PD_2,PD_4': 0.5, 'PD_2,PD_5': 0.5, 'PD_2,PD_6': 0.0, 'PD_3,PD_4': 1.0, 'PD_3,PD_5': 1.0, 'PD_3,PD_6': 0.0, 'PD_4,PD_5': 1.0, 'PD_4,PD_6': 0.0, 'PD_5,PD_6': 0.0}, ASR: 1.2, TCB: {'PD_2': ['PD_4', 'PD_3', 'PD_5'], 'PD_3': ['PD_2', 'PD_4', 'PD_5'], 'PD_4': ['PD_2', 'PD_3', 'PD_5'], 'PD_5': ['PD_2', 'PD_3', 'PD_4'], 'PD_6': []}, FR: {'PD_2,PD_3': inf, 'PD_2,PD_4': inf, 'PD_2,PD_5': inf, 'PD_2,PD_6': inf, 'PD_3,PD_4': inf, 'PD_3,PD_5': inf, 'PD_3,PD_6': inf, 'PD_4,PD_5': inf, 'PD_4,PD_6': inf, 'PD_5,PD_6': inf}
  Computing metrics...
    RSI: {'PD_2,PD_3': 0.5, 'PD_2,PD_4': 0.5, 'PD_2,PD_5': 0.5, 'PD_2,PD_6': 0.0, 'PD_3,PD_4': 1.0, 'PD_3,PD_5': 1.0, 'PD_3,PD_6': 0.0, 'PD_4,PD_5': 1.0, 'PD_4,PD_6': 0.0, 'PD_5,PD_6': 0.0}, ASR: 1.2, TCB: {'PD_2': ['PD_4', 'PD_3', 'PD_5'], 'PD_3': ['PD_2', 'PD_4', 'PD_5'], 'PD_4': ['PD_2', 'PD_3', 'PD_5'], 'PD_5': ['PD_2', 'PD_3', 'PD_4'], 'PD_6': []}, FR: {'PD_2,PD_3': inf, 'PD_2,PD_4': inf, 'PD_2,PD_5': inf, 'PD_2,PD_6': inf, 'PD_3,PD_4': inf, 'PD_3,PD_5': inf, 'PD_3,PD_6': inf, 'PD_4,PD_5': inf, 'PD_4,PD_6': inf, 'PD_5,PD_6': inf}
  Computing metrics...
    RSI: {'PD_2,PD_3': 0.5, 'PD_2,PD_4': 0.5, 'PD_2,PD_5': 0.5, 'PD_2,PD_6': 0.0, 'PD_3,PD_4': 1.0, 'PD_3,PD_5': 1.0, 'PD_3,PD_6': 0.0, 'PD_4,PD_5': 1.0, 'PD_4,PD_6': 0.0, 'PD_5,PD_6': 0.0}, ASR: 1.2, TCB: {'PD_2': ['PD_4', 'PD_3', 'PD_5'], 'PD_3': ['PD_2', 'PD_4', 'PD_5'], 'PD_4': ['PD_2', 'PD_3', 'PD_5'], 'PD_5': ['PD_2', 'PD_3', 'PD_4'], 'PD_6': []}, FR: {'PD_2,PD_3': inf, 'PD_2,PD_4': inf, 'PD_2,PD_5': inf, 'PD_2,PD_6': inf, 'PD_3,PD_4': inf, 'PD_3,PD_5': inf, 'PD_3,PD_6': inf, 'PD_4,PD_5': inf, 'PD_4,PD_6': inf, 'PD_5,PD_6': inf}
  Computing metrics...
    RSI: {'PD_2,PD_3': 0.5, 'PD_2,PD_4': 0.5, 'PD_2,PD_5': 0.5, 'PD_2,PD_6': 0.0, 'PD_3,PD_4': 1.0, 'PD_3,PD_5': 1.0, 'PD_3,PD_6': 0.0, 'PD_4,PD_5': 1.0, 'PD_4,PD_6': 0.0, 'PD_5,PD_6': 0.0}, ASR: 1.2, TCB: {'PD_2': ['PD_4', 'PD_3', 'PD_5'], 'PD_3': ['PD_2', 'PD_4', 'PD_5'], 'PD_4': ['PD_2', 'PD_3', 'PD_5'], 'PD_5': ['PD_2', 'PD_3', 'PD_4'], 'PD_6': []}, FR: {'PD_2,PD_3': inf, 'PD_2,PD_4': inf, 'PD_2,PD_5': inf, 'PD_2,PD_6': inf, 'PD_3,PD_4': inf, 'PD_3,PD_5': inf, 'PD_3,PD_6': inf, 'PD_4,PD_5': inf, 'PD_4,PD_6': inf, 'PD_5,PD_6': inf}
  Computing metrics...
    RSI: {'PD_2,PD_3': 0.5, 'PD_2,PD_4': 0.5, 'PD_2,PD_5': 0.5, 'PD_2,PD_6': 0.0, 'PD_3,PD_4': 1.0, 'PD_3,PD_5': 1.0, 'PD_3,PD_6': 0.0, 'PD_4,PD_5': 1.0, 'PD_4,PD_6': 0.0, 'PD_5,PD_6': 0.0}, ASR: 1.2, TCB: {'PD_2': ['PD_4', 'PD_3', 'PD_5'], 'PD_3': ['PD_2', 'PD_4', 'PD_5'], 'PD_4': ['PD_2', 'PD_3', 'PD_5'], 'PD_5': ['PD_2', 'PD_3', 'PD_4'], 'PD_6': []}, FR: {'PD_2,PD_3': inf, 'PD_2,PD_4': inf, 'PD_2,PD_5': inf, 'PD_2,PD_6': inf, 'PD_3,PD_4': inf, 'PD_3,PD_5': inf, 'PD_3,PD_6': inf, 'PD_4,PD_5': inf, 'PD_4,PD_6': inf, 'PD_5,PD_6': inf}
  Computing metrics...
    RSI: {'PD_2,PD_3': 0.5, 'PD_2,PD_4': 0.5, 'PD_2,PD_5': 0.5, 'PD_2,PD_6': 0.0, 'PD_3,PD_4': 1.0, 'PD_3,PD_5': 1.0, 'PD_3,PD_6': 0.0, 'PD_4,PD_5': 1.0, 'PD_4,PD_6': 0.0, 'PD_5,PD_6': 0.0}, ASR: 1.2, TCB: {'PD_2': ['PD_4', 'PD_3', 'PD_5'], 'PD_3': ['PD_2', 'PD_4', 'PD_5'], 'PD_4': ['PD_2', 'PD_3', 'PD_5'], 'PD_5': ['PD_2', 'PD_3', 'PD_4'], 'PD_6': []}, FR: {'PD_2,PD_3': inf, 'PD_2,PD_4': inf, 'PD_2,PD_5': inf, 'PD_2,PD_6': inf, 'PD_3,PD_4': inf, 'PD_3,PD_5': inf, 'PD_3,PD_6': inf, 'PD_4,PD_5': inf, 'PD_4,PD_6': inf, 'PD_5,PD_6': inf}
  Computing metrics...
    RSI: {'PD_2,PD_3': 1.0, 'PD_2,PD_4': 0.5, 'PD_2,PD_5': 0.5, 'PD_2,PD_6': 0.0, 'PD_3,PD_4': 0.5, 'PD_3,PD_5': 0.5, 'PD_3,PD_6': 0.0, 'PD_4,PD_5': 1.0, 'PD_4,PD_6': 0.0, 'PD_5,PD_6': 0.0}, ASR: 1.4, TCB: {'PD_2': ['PD_4', 'PD_3', 'PD_5'], 'PD_3': ['PD_2', 'PD_4', 'PD_5'], 'PD_4': ['PD_2', 'PD_3', 'PD_5'], 'PD_5': ['PD_2', 'PD_3', 'PD_4'], 'PD_6': []}, FR: {'PD_2,PD_3': inf, 'PD_2,PD_4': inf, 'PD_2,PD_5': inf, 'PD_2,PD_6': inf, 'PD_3,PD_4': inf, 'PD_3,PD_5': inf, 'PD_3,PD_6': inf, 'PD_4,PD_5': inf, 'PD_4,PD_6': inf, 'PD_5,PD_6': inf}
  Computing metrics...
    RSI: {'PD_2,PD_3': 0.5, 'PD_2,PD_4': 0.5, 'PD_2,PD_5': 0.5, 'PD_2,PD_6': 0.0, 'PD_3,PD_4': 1.0, 'PD_3,PD_5': 1.0, 'PD_3,PD_6': 0.0, 'PD_4,PD_5': 1.0, 'PD_4,PD_6': 0.0, 'PD_5,PD_6': 0.0}, ASR: 1.2, TCB: {'PD_2': ['PD_4', 'PD_3', 'PD_5'], 'PD_3': ['PD_2', 'PD_4', 'PD_5'], 'PD_4': ['PD_2', 'PD_3', 'PD_5'], 'PD_5': ['PD_2', 'PD_3', 'PD_4'], 'PD_6': []}, FR: {'PD_2,PD_3': inf, 'PD_2,PD_4': inf, 'PD_2,PD_5': inf, 'PD_2,PD_6': inf, 'PD_3,PD_4': inf, 'PD_3,PD_5': inf, 'PD_3,PD_6': inf, 'PD_4,PD_5': inf, 'PD_4,PD_6': inf, 'PD_5,PD_6': inf}
  Computing metrics...
    RSI: {'PD_2,PD_3': 0.5, 'PD_2,PD_4': 1.0, 'PD_2,PD_5': 0.5, 'PD_2,PD_6': 0.0, 'PD_3,PD_4': 0.5, 'PD_3,PD_5': 1.0, 'PD_3,PD_6': 0.0, 'PD_4,PD_5': 0.5, 'PD_4,PD_6': 0.0, 'PD_5,PD_6': 0.0}, ASR: 1.4, TCB: {'PD_2': ['PD_4', 'PD_3', 'PD_5'], 'PD_3': ['PD_2', 'PD_4', 'PD_5'], 'PD_4': ['PD_2', 'PD_3', 'PD_5'], 'PD_5': ['PD_2', 'PD_3', 'PD_4'], 'PD_6': []}, FR: {'PD_2,PD_3': inf, 'PD_2,PD_4': inf, 'PD_2,PD_5': inf, 'PD_2,PD_6': inf, 'PD_3,PD_4': inf, 'PD_3,PD_5': inf, 'PD_3,PD_6': inf, 'PD_4,PD_5': inf, 'PD_4,PD_6': inf, 'PD_5,PD_6': inf}
  Computing metrics...
    RSI: {'PD_2,PD_3': 0.5, 'PD_2,PD_4': 0.5, 'PD_2,PD_5': 0.5, 'PD_2,PD_6': 0.0, 'PD_3,PD_4': 1.0, 'PD_3,PD_5': 1.0, 'PD_3,PD_6': 0.0, 'PD_4,PD_5': 1.0, 'PD_4,PD_6': 0.0, 'PD_5,PD_6': 0.0}, ASR: 1.2, TCB: {'PD_2': ['PD_4', 'PD_3', 'PD_5'], 'PD_3': ['PD_2', 'PD_4', 'PD_5'], 'PD_4': ['PD_2', 'PD_3', 'PD_5'], 'PD_5': ['PD_2', 'PD_3', 'PD_4'], 'PD_6': []}, FR: {'PD_2,PD_3': inf, 'PD_2,PD_4': inf, 'PD_2,PD_5': inf, 'PD_2,PD_6': inf, 'PD_3,PD_4': inf, 'PD_3,PD_5': inf, 'PD_3,PD_6': inf, 'PD_4,PD_5': inf, 'PD_4,PD_6': inf, 'PD_5,PD_6': inf}
  Computing metrics...
    RSI: {'PD_2,PD_3': 0.5, 'PD_2,PD_4': 0.5, 'PD_2,PD_5': 1.0, 'PD_2,PD_6': 0.0, 'PD_3,PD_4': 1.0, 'PD_3,PD_5': 0.5, 'PD_3,PD_6': 0.0, 'PD_4,PD_5': 0.5, 'PD_4,PD_6': 0.0, 'PD_5,PD_6': 0.0}, ASR: 1.4, TCB: {'PD_2': ['PD_4', 'PD_3', 'PD_5'], 'PD_3': ['PD_2', 'PD_4', 'PD_5'], 'PD_4': ['PD_2', 'PD_3', 'PD_5'], 'PD_5': ['PD_2', 'PD_3', 'PD_4'], 'PD_6': []}, FR: {'PD_2,PD_3': inf, 'PD_2,PD_4': inf, 'PD_2,PD_5': inf, 'PD_2,PD_6': inf, 'PD_3,PD_4': inf, 'PD_3,PD_5': inf, 'PD_3,PD_6': inf, 'PD_4,PD_5': inf, 'PD_4,PD_6': inf, 'PD_5,PD_6': inf}
  Computing metrics...
    RSI: {'PD_2,PD_3': 0.5, 'PD_2,PD_4': 0.5, 'PD_2,PD_5': 0.5, 'PD_2,PD_6': 0.0, 'PD_3,PD_4': 1.0, 'PD_3,PD_5': 1.0, 'PD_3,PD_6': 0.0, 'PD_4,PD_5': 1.0, 'PD_4,PD_6': 0.0, 'PD_5,PD_6': 0.0}, ASR: 1.2, TCB: {'PD_2': ['PD_4', 'PD_3', 'PD_5'], 'PD_3': ['PD_2', 'PD_4', 'PD_5'], 'PD_4': ['PD_2', 'PD_3', 'PD_5'], 'PD_5': ['PD_2', 'PD_3', 'PD_4'], 'PD_6': []}, FR: {'PD_2,PD_3': inf, 'PD_2,PD_4': inf, 'PD_2,PD_5': inf, 'PD_2,PD_6': inf, 'PD_3,PD_4': inf, 'PD_3,PD_5': inf, 'PD_3,PD_6': inf, 'PD_4,PD_5': inf, 'PD_4,PD_6': inf, 'PD_5,PD_6': inf}
  Computing metrics...
    RSI: {'PD_2,PD_3': 0.5, 'PD_2,PD_4': 0.5, 'PD_2,PD_5': 0.5, 'PD_2,PD_6': 0.5, 'PD_3,PD_4': 1.0, 'PD_3,PD_5': 1.0, 'PD_3,PD_6': 1.0, 'PD_4,PD_5': 1.0, 'PD_4,PD_6': 1.0, 'PD_5,PD_6': 1.0}, ASR: 1.4, TCB: {'PD_2': ['PD_4', 'PD_3', 'PD_5', 'PD_6'], 'PD_3': ['PD_2', 'PD_4', 'PD_5', 'PD_6'], 'PD_4': ['PD_2', 'PD_3', 'PD_5', 'PD_6'], 'PD_5': ['PD_2', 'PD_3', 'PD_4', 'PD_6'], 'PD_6': ['PD_2', 'PD_3', 'PD_4', 'PD_5']}, FR: {'PD_2,PD_3': inf, 'PD_2,PD_4': inf, 'PD_2,PD_5': inf, 'PD_2,PD_6': inf, 'PD_3,PD_4': inf, 'PD_3,PD_5': inf, 'PD_3,PD_6': inf, 'PD_4,PD_5': inf, 'PD_4,PD_6': inf, 'PD_5,PD_6': inf}
  Computing metrics...
    RSI: {'PD_2,PD_3': 0.5, 'PD_2,PD_4': 0.5, 'PD_2,PD_5': 0.5, 'PD_2,PD_6': 0.0, 'PD_3,PD_4': 1.0, 'PD_3,PD_5': 1.0, 'PD_3,PD_6': 0.0, 'PD_4,PD_5': 1.0, 'PD_4,PD_6': 0.0, 'PD_5,PD_6': 0.0}, ASR: 1.2, TCB: {'PD_2': ['PD_4', 'PD_3', 'PD_5'], 'PD_3': ['PD_2', 'PD_4', 'PD_5'], 'PD_4': ['PD_2', 'PD_3', 'PD_5'], 'PD_5': ['PD_2', 'PD_3', 'PD_4'], 'PD_6': []}, FR: {'PD_2,PD_3': inf, 'PD_2,PD_4': inf, 'PD_2,PD_5': inf, 'PD_2,PD_6': inf, 'PD_3,PD_4': inf, 'PD_3,PD_5': inf, 'PD_3,PD_6': inf, 'PD_4,PD_5': inf, 'PD_4,PD_6': inf, 'PD_5,PD_6': inf}
  Computing metrics...
    RSI: {'PD_2,PD_3': 0.5, 'PD_2,PD_4': 0.5, 'PD_2,PD_5': 0.5, 'PD_2,PD_6': 0.5, 'PD_3,PD_4': 1.0, 'PD_3,PD_5': 1.0, 'PD_3,PD_6': 0.0, 'PD_4,PD_5': 1.0, 'PD_4,PD_6': 0.0, 'PD_5,PD_6': 0.0}, ASR: 1.4, TCB: {'PD_2': ['PD_4', 'PD_3', 'PD_5', 'PD_6'], 'PD_3': ['PD_2', 'PD_4', 'PD_5'], 'PD_4': ['PD_2', 'PD_3', 'PD_5'], 'PD_5': ['PD_2', 'PD_3', 'PD_4'], 'PD_6': ['PD_2']}, FR: {'PD_2,PD_3': inf, 'PD_2,PD_4': inf, 'PD_2,PD_5': inf, 'PD_2,PD_6': inf, 'PD_3,PD_4': inf, 'PD_3,PD_5': inf, 'PD_3,PD_6': inf, 'PD_4,PD_5': inf, 'PD_4,PD_6': inf, 'PD_5,PD_6': inf}
  Computing metrics...
    RSI: {'PD_2,PD_3': 0.5, 'PD_2,PD_4': 0.5, 'PD_2,PD_5': 0.5, 'PD_2,PD_6': 0.0, 'PD_3,PD_4': 1.0, 'PD_3,PD_5': 1.0, 'PD_3,PD_6': 0.0, 'PD_4,PD_5': 1.0, 'PD_4,PD_6': 0.0, 'PD_5,PD_6': 0.0}, ASR: 1.2, TCB: {'PD_2': ['PD_4', 'PD_3', 'PD_5'], 'PD_3': ['PD_2', 'PD_4', 'PD_5'], 'PD_4': ['PD_2', 'PD_3', 'PD_5'], 'PD_5': ['PD_2', 'PD_3', 'PD_4'], 'PD_6': []}, FR: {'PD_2,PD_3': inf, 'PD_2,PD_4': inf, 'PD_2,PD_5': inf, 'PD_2,PD_6': inf, 'PD_3,PD_4': inf, 'PD_3,PD_5': inf, 'PD_3,PD_6': inf, 'PD_4,PD_5': inf, 'PD_4,PD_6': inf, 'PD_5,PD_6': inf}
  Computing metrics...
    RSI: {'PD_2,PD_3': 0.5, 'PD_2,PD_4': 0.5, 'PD_2,PD_5': 0.5, 'PD_2,PD_6': 0.0, 'PD_3,PD_4': 1.0, 'PD_3,PD_5': 1.0, 'PD_3,PD_6': 0.0, 'PD_4,PD_5': 1.0, 'PD_4,PD_6': 0.0, 'PD_5,PD_6': 0.0}, ASR: 1.2, TCB: {'PD_2': ['PD_4', 'PD_3', 'PD_5'], 'PD_3': ['PD_2', 'PD_4', 'PD_5'], 'PD_4': ['PD_2', 'PD_3', 'PD_5'], 'PD_5': ['PD_2', 'PD_3', 'PD_4'], 'PD_6': []}, FR: {'PD_2,PD_3': inf, 'PD_2,PD_4': inf, 'PD_2,PD_5': inf, 'PD_2,PD_6': inf, 'PD_3,PD_4': inf, 'PD_3,PD_5': inf, 'PD_3,PD_6': inf, 'PD_4,PD_5': inf, 'PD_4,PD_6': inf, 'PD_5,PD_6': inf}
    remove_hold_edge candidate: remove PD_2 -> FILE_1_1 HOLD edge -> score: 0.100
  Computing metrics...
    RSI: {'PD_2,PD_3': 0.5, 'PD_2,PD_4': 0.5, 'PD_2,PD_5': 0.5, 'PD_2,PD_6': 0.0, 'PD_3,PD_4': 1.0, 'PD_3,PD_5': 1.0, 'PD_3,PD_6': 0.0, 'PD_4,PD_5': 1.0, 'PD_4,PD_6': 0.0, 'PD_5,PD_6': 0.0}, ASR: 1.2, TCB: {'PD_2': ['PD_4', 'PD_3', 'PD_5'], 'PD_3': ['PD_2', 'PD_4', 'PD_5'], 'PD_4': ['PD_2', 'PD_3', 'PD_5'], 'PD_5': ['PD_2', 'PD_3', 'PD_4'], 'PD_6': []}, FR: {'PD_2,PD_3': inf, 'PD_2,PD_4': inf, 'PD_2,PD_5': inf, 'PD_2,PD_6': inf, 'PD_3,PD_4': inf, 'PD_3,PD_5': inf, 'PD_3,PD_6': inf, 'PD_4,PD_5': inf, 'PD_4,PD_6': inf, 'PD_5,PD_6': inf}
  Computing metrics...
    RSI: {'PD_2,PD_3': 0.5, 'PD_2,PD_4': 0.5, 'PD_2,PD_5': 0.5, 'PD_2,PD_6': 0.0, 'PD_3,PD_4': 1.0, 'PD_3,PD_5': 1.0, 'PD_3,PD_6': 0.0, 'PD_4,PD_5': 1.0, 'PD_4,PD_6': 0.0, 'PD_5,PD_6': 0.0}, ASR: 1.2, TCB: {'PD_2': ['PD_4', 'PD_3', 'PD_5'], 'PD_3': ['PD_2', 'PD_4', 'PD_5'], 'PD_4': ['PD_2', 'PD_3', 'PD_5'], 'PD_5': ['PD_2', 'PD_3', 'PD_4'], 'PD_6': []}, FR: {'PD_2,PD_3': inf, 'PD_2,PD_4': inf, 'PD_2,PD_5': inf, 'PD_2,PD_6': inf, 'PD_3,PD_4': inf, 'PD_3,PD_5': inf, 'PD_3,PD_6': inf, 'PD_4,PD_5': inf, 'PD_4,PD_6': inf, 'PD_5,PD_6': inf}
    remove_hold_edge candidate: remove PD_2 -> FILE_1_2 HOLD edge -> score: 0.100
  Computing metrics...
    RSI: {'PD_2,PD_3': 0.5, 'PD_2,PD_4': 0.5, 'PD_2,PD_5': 0.5, 'PD_2,PD_6': 0.0, 'PD_3,PD_4': 1.0, 'PD_3,PD_5': 1.0, 'PD_3,PD_6': 0.0, 'PD_4,PD_5': 1.0, 'PD_4,PD_6': 0.0, 'PD_5,PD_6': 0.0}, ASR: 1.2, TCB: {'PD_2': ['PD_4', 'PD_3', 'PD_5'], 'PD_3': ['PD_2', 'PD_4', 'PD_5'], 'PD_4': ['PD_2', 'PD_3', 'PD_5'], 'PD_5': ['PD_2', 'PD_3', 'PD_4'], 'PD_6': []}, FR: {'PD_2,PD_3': inf, 'PD_2,PD_4': inf, 'PD_2,PD_5': inf, 'PD_2,PD_6': inf, 'PD_3,PD_4': inf, 'PD_3,PD_5': inf, 'PD_3,PD_6': inf, 'PD_4,PD_5': inf, 'PD_4,PD_6': inf, 'PD_5,PD_6': inf}
  Computing metrics...
    RSI: {'PD_2,PD_3': 0.5, 'PD_2,PD_4': 0.5, 'PD_2,PD_5': 0.5, 'PD_2,PD_6': 0.0, 'PD_3,PD_4': 1.0, 'PD_3,PD_5': 1.0, 'PD_3,PD_6': 0.0, 'PD_4,PD_5': 1.0, 'PD_4,PD_6': 0.0, 'PD_5,PD_6': 0.0}, ASR: 1.2, TCB: {'PD_2': ['PD_4', 'PD_3', 'PD_5'], 'PD_3': ['PD_2', 'PD_4', 'PD_5'], 'PD_4': ['PD_2', 'PD_3', 'PD_5'], 'PD_5': ['PD_2', 'PD_3', 'PD_4'], 'PD_6': []}, FR: {'PD_2,PD_3': inf, 'PD_2,PD_4': inf, 'PD_2,PD_5': inf, 'PD_2,PD_6': inf, 'PD_3,PD_4': inf, 'PD_3,PD_5': inf, 'PD_3,PD_6': inf, 'PD_4,PD_5': inf, 'PD_4,PD_6': inf, 'PD_5,PD_6': inf}
    remove_hold_edge candidate: remove PD_3 -> FILE_1_1 HOLD edge -> score: 0.100
  Computing metrics...
    RSI: {'PD_2,PD_3': 0.5, 'PD_2,PD_4': 0.5, 'PD_2,PD_5': 0.5, 'PD_2,PD_6': 0.0, 'PD_3,PD_4': 1.0, 'PD_3,PD_5': 1.0, 'PD_3,PD_6': 0.0, 'PD_4,PD_5': 1.0, 'PD_4,PD_6': 0.0, 'PD_5,PD_6': 0.0}, ASR: 1.2, TCB: {'PD_2': ['PD_4', 'PD_3', 'PD_5'], 'PD_3': ['PD_2', 'PD_4', 'PD_5'], 'PD_4': ['PD_2', 'PD_3', 'PD_5'], 'PD_5': ['PD_2', 'PD_3', 'PD_4'], 'PD_6': []}, FR: {'PD_2,PD_3': inf, 'PD_2,PD_4': inf, 'PD_2,PD_5': inf, 'PD_2,PD_6': inf, 'PD_3,PD_4': inf, 'PD_3,PD_5': inf, 'PD_3,PD_6': inf, 'PD_4,PD_5': inf, 'PD_4,PD_6': inf, 'PD_5,PD_6': inf}
  Computing metrics...
    RSI: {'PD_2,PD_3': 0.5, 'PD_2,PD_4': 0.5, 'PD_2,PD_5': 0.5, 'PD_2,PD_6': 0.0, 'PD_3,PD_4': 1.0, 'PD_3,PD_5': 1.0, 'PD_3,PD_6': 0.0, 'PD_4,PD_5': 1.0, 'PD_4,PD_6': 0.0, 'PD_5,PD_6': 0.0}, ASR: 1.2, TCB: {'PD_2': ['PD_4', 'PD_3', 'PD_5'], 'PD_3': ['PD_2', 'PD_4', 'PD_5'], 'PD_4': ['PD_2', 'PD_3', 'PD_5'], 'PD_5': ['PD_2', 'PD_3', 'PD_4'], 'PD_6': []}, FR: {'PD_2,PD_3': inf, 'PD_2,PD_4': inf, 'PD_2,PD_5': inf, 'PD_2,PD_6': inf, 'PD_3,PD_4': inf, 'PD_3,PD_5': inf, 'PD_3,PD_6': inf, 'PD_4,PD_5': inf, 'PD_4,PD_6': inf, 'PD_5,PD_6': inf}
    remove_hold_edge candidate: remove PD_4 -> FILE_1_1 HOLD edge -> score: 0.100
  Computing metrics...
    RSI: {'PD_2,PD_3': 0.5, 'PD_2,PD_4': 0.5, 'PD_2,PD_5': 0.5, 'PD_2,PD_6': 0.0, 'PD_3,PD_4': 1.0, 'PD_3,PD_5': 1.0, 'PD_3,PD_6': 0.0, 'PD_4,PD_5': 1.0, 'PD_4,PD_6': 0.0, 'PD_5,PD_6': 0.0}, ASR: 1.2, TCB: {'PD_2': ['PD_4', 'PD_3', 'PD_5'], 'PD_3': ['PD_2', 'PD_4', 'PD_5'], 'PD_4': ['PD_2', 'PD_3', 'PD_5'], 'PD_5': ['PD_2', 'PD_3', 'PD_4'], 'PD_6': []}, FR: {'PD_2,PD_3': inf, 'PD_2,PD_4': inf, 'PD_2,PD_5': inf, 'PD_2,PD_6': inf, 'PD_3,PD_4': inf, 'PD_3,PD_5': inf, 'PD_3,PD_6': inf, 'PD_4,PD_5': inf, 'PD_4,PD_6': inf, 'PD_5,PD_6': inf}
  Computing metrics...
    RSI: {'PD_2,PD_3': 0.5, 'PD_2,PD_4': 0.5, 'PD_2,PD_5': 0.5, 'PD_2,PD_6': 0.0, 'PD_3,PD_4': 1.0, 'PD_3,PD_5': 1.0, 'PD_3,PD_6': 0.0, 'PD_4,PD_5': 1.0, 'PD_4,PD_6': 0.0, 'PD_5,PD_6': 0.0}, ASR: 1.2, TCB: {'PD_2': ['PD_4', 'PD_3', 'PD_5'], 'PD_3': ['PD_2', 'PD_4', 'PD_5'], 'PD_4': ['PD_2', 'PD_3', 'PD_5'], 'PD_5': ['PD_2', 'PD_3', 'PD_4'], 'PD_6': []}, FR: {'PD_2,PD_3': inf, 'PD_2,PD_4': inf, 'PD_2,PD_5': inf, 'PD_2,PD_6': inf, 'PD_3,PD_4': inf, 'PD_3,PD_5': inf, 'PD_3,PD_6': inf, 'PD_4,PD_5': inf, 'PD_4,PD_6': inf, 'PD_5,PD_6': inf}
    remove_hold_edge candidate: remove PD_5 -> FILE_1_1 HOLD edge -> score: 0.100
  Computing metrics...
    RSI: {'PD_2,PD_3': 0.5, 'PD_2,PD_4': 0.5, 'PD_2,PD_5': 0.5, 'PD_2,PD_6': 0.0, 'PD_3,PD_4': 1.0, 'PD_3,PD_5': 1.0, 'PD_3,PD_6': 0.0, 'PD_4,PD_5': 1.0, 'PD_4,PD_6': 0.0, 'PD_5,PD_6': 0.0}, ASR: 1.2, TCB: {'PD_2': ['PD_4', 'PD_3', 'PD_5'], 'PD_3': ['PD_2', 'PD_4', 'PD_5'], 'PD_4': ['PD_2', 'PD_3', 'PD_5'], 'PD_5': ['PD_2', 'PD_3', 'PD_4'], 'PD_6': []}, FR: {'PD_2,PD_3': inf, 'PD_2,PD_4': inf, 'PD_2,PD_5': inf, 'PD_2,PD_6': inf, 'PD_3,PD_4': inf, 'PD_3,PD_5': inf, 'PD_3,PD_6': inf, 'PD_4,PD_5': inf, 'PD_4,PD_6': inf, 'PD_5,PD_6': inf}
  Computing metrics...
    RSI: {'PD_2,PD_3': 0.5, 'PD_2,PD_4': 0.5, 'PD_2,PD_5': 0.5, 'PD_2,PD_6': 0.0, 'PD_3,PD_4': 1.0, 'PD_3,PD_5': 1.0, 'PD_3,PD_6': 0.0, 'PD_4,PD_5': 1.0, 'PD_4,PD_6': 0.0, 'PD_5,PD_6': 0.0}, ASR: 1.4, TCB: {'PD_2': ['PD_4', 'PD_3', 'PD_5'], 'PD_3': ['PD_2', 'PD_4', 'PD_5'], 'PD_4': ['PD_2', 'PD_3', 'PD_5'], 'PD_5': ['PD_2', 'PD_3', 'PD_4'], 'PD_6': []}, FR: {'PD_2,PD_3': inf, 'PD_2,PD_4': inf, 'PD_2,PD_5': inf, 'PD_2,PD_6': inf, 'PD_3,PD_4': inf, 'PD_3,PD_5': inf, 'PD_3,PD_6': inf, 'PD_4,PD_5': inf, 'PD_4,PD_6': inf, 'PD_5,PD_6': inf}
  Computing metrics...
    RSI: {'PD_2,PD_3': 0.5, 'PD_2,PD_4': 0.5, 'PD_2,PD_5': 0.5, 'PD_2,PD_6': 0.0, 'PD_3,PD_4': 1.0, 'PD_3,PD_5': 1.0, 'PD_3,PD_6': 0.0, 'PD_4,PD_5': 1.0, 'PD_4,PD_6': 0.0, 'PD_5,PD_6': 0.0}, ASR: 1.2, TCB: {'PD_2': ['PD_4', 'PD_3', 'PD_5'], 'PD_3': ['PD_2', 'PD_4', 'PD_5'], 'PD_4': ['PD_2', 'PD_3', 'PD_5'], 'PD_5': ['PD_2', 'PD_3', 'PD_4'], 'PD_6': []}, FR: {'PD_2,PD_3': inf, 'PD_2,PD_4': inf, 'PD_2,PD_5': inf, 'PD_2,PD_6': inf, 'PD_3,PD_4': inf, 'PD_3,PD_5': inf, 'PD_3,PD_6': inf, 'PD_4,PD_5': inf, 'PD_4,PD_6': inf, 'PD_5,PD_6': inf}
  Computing metrics...
    RSI: {'PD_2,PD_3': 0.5, 'PD_2,PD_4': 0.5, 'PD_2,PD_5': 0.5, 'PD_2,PD_6': 0.0, 'PD_3,PD_4': 1.0, 'PD_3,PD_5': 1.0, 'PD_3,PD_6': 0.0, 'PD_4,PD_5': 1.0, 'PD_4,PD_6': 0.0, 'PD_5,PD_6': 0.0}, ASR: 1.4, TCB: {'PD_2': ['PD_4', 'PD_5', 'PD_3'], 'PD_3': ['PD_2', 'PD_4', 'PD_5'], 'PD_4': ['PD_2', 'PD_3', 'PD_5'], 'PD_5': ['PD_2', 'PD_3', 'PD_4'], 'PD_6': []}, FR: {'PD_2,PD_3': inf, 'PD_2,PD_4': inf, 'PD_2,PD_5': inf, 'PD_2,PD_6': inf, 'PD_3,PD_4': inf, 'PD_3,PD_5': inf, 'PD_3,PD_6': inf, 'PD_4,PD_5': inf, 'PD_4,PD_6': inf, 'PD_5,PD_6': inf}
  Computing metrics...
    RSI: {'PD_2,PD_3': 0.5, 'PD_2,PD_4': 0.5, 'PD_2,PD_5': 0.5, 'PD_2,PD_6': 0.0, 'PD_3,PD_4': 1.0, 'PD_3,PD_5': 1.0, 'PD_3,PD_6': 0.0, 'PD_4,PD_5': 1.0, 'PD_4,PD_6': 0.0, 'PD_5,PD_6': 0.0}, ASR: 1.2, TCB: {'PD_2': ['PD_4', 'PD_3', 'PD_5'], 'PD_3': ['PD_2', 'PD_4', 'PD_5'], 'PD_4': ['PD_2', 'PD_3', 'PD_5'], 'PD_5': ['PD_2', 'PD_3', 'PD_4'], 'PD_6': []}, FR: {'PD_2,PD_3': inf, 'PD_2,PD_4': inf, 'PD_2,PD_5': inf, 'PD_2,PD_6': inf, 'PD_3,PD_4': inf, 'PD_3,PD_5': inf, 'PD_3,PD_6': inf, 'PD_4,PD_5': inf, 'PD_4,PD_6': inf, 'PD_5,PD_6': inf}
  Computing metrics...
    RSI: {'PD_2,PD_3': 0.5, 'PD_2,PD_4': 0.5, 'PD_2,PD_5': 0.5, 'PD_2,PD_6': 0.0, 'PD_3,PD_4': 1.0, 'PD_3,PD_5': 1.0, 'PD_3,PD_6': 0.0, 'PD_4,PD_5': 1.0, 'PD_4,PD_6': 0.0, 'PD_5,PD_6': 0.0}, ASR: 1.4, TCB: {'PD_2': ['PD_4', 'PD_6', 'PD_3', 'PD_5'], 'PD_3': ['PD_2', 'PD_4', 'PD_5'], 'PD_4': ['PD_2', 'PD_3', 'PD_5'], 'PD_5': ['PD_2', 'PD_3', 'PD_4'], 'PD_6': []}, FR: {'PD_2,PD_3': inf, 'PD_2,PD_4': inf, 'PD_2,PD_5': inf, 'PD_2,PD_6': inf, 'PD_3,PD_4': inf, 'PD_3,PD_5': inf, 'PD_3,PD_6': inf, 'PD_4,PD_5': inf, 'PD_4,PD_6': inf, 'PD_5,PD_6': inf}
  Computing metrics...
    RSI: {'PD_2,PD_3': 0.5, 'PD_2,PD_4': 0.5, 'PD_2,PD_5': 0.5, 'PD_2,PD_6': 0.0, 'PD_3,PD_4': 1.0, 'PD_3,PD_5': 1.0, 'PD_3,PD_6': 0.0, 'PD_4,PD_5': 1.0, 'PD_4,PD_6': 0.0, 'PD_5,PD_6': 0.0}, ASR: 1.2, TCB: {'PD_2': ['PD_4', 'PD_3', 'PD_5'], 'PD_3': ['PD_2', 'PD_4', 'PD_5'], 'PD_4': ['PD_2', 'PD_3', 'PD_5'], 'PD_5': ['PD_2', 'PD_3', 'PD_4'], 'PD_6': []}, FR: {'PD_2,PD_3': inf, 'PD_2,PD_4': inf, 'PD_2,PD_5': inf, 'PD_2,PD_6': inf, 'PD_3,PD_4': inf, 'PD_3,PD_5': inf, 'PD_3,PD_6': inf, 'PD_4,PD_5': inf, 'PD_4,PD_6': inf, 'PD_5,PD_6': inf}
  Computing metrics...
    RSI: {'PD_2,PD_3': 0.5, 'PD_2,PD_4': 0.5, 'PD_2,PD_5': 0.5, 'PD_2,PD_6': 0.0, 'PD_3,PD_4': 1.0, 'PD_3,PD_5': 1.0, 'PD_3,PD_6': 0.0, 'PD_4,PD_5': 1.0, 'PD_4,PD_6': 0.0, 'PD_5,PD_6': 0.0}, ASR: 1.4, TCB: {'PD_2': ['PD_4', 'PD_3', 'PD_5'], 'PD_3': ['PD_2', 'PD_4', 'PD_5'], 'PD_4': ['PD_2', 'PD_3', 'PD_5'], 'PD_5': ['PD_2', 'PD_3', 'PD_4'], 'PD_6': []}, FR: {'PD_2,PD_3': 3, 'PD_2,PD_4': inf, 'PD_2,PD_5': inf, 'PD_2,PD_6': inf, 'PD_3,PD_4': inf, 'PD_3,PD_5': inf, 'PD_3,PD_6': inf, 'PD_4,PD_5': inf, 'PD_4,PD_6': inf, 'PD_5,PD_6': inf}
  Computing metrics...
    RSI: {'PD_2,PD_3': 0.5, 'PD_2,PD_4': 0.5, 'PD_2,PD_5': 0.5, 'PD_2,PD_6': 0.0, 'PD_3,PD_4': 1.0, 'PD_3,PD_5': 1.0, 'PD_3,PD_6': 0.0, 'PD_4,PD_5': 1.0, 'PD_4,PD_6': 0.0, 'PD_5,PD_6': 0.0}, ASR: 1.2, TCB: {'PD_2': ['PD_4', 'PD_3', 'PD_5'], 'PD_3': ['PD_2', 'PD_4', 'PD_5'], 'PD_4': ['PD_2', 'PD_3', 'PD_5'], 'PD_5': ['PD_2', 'PD_3', 'PD_4'], 'PD_6': []}, FR: {'PD_2,PD_3': inf, 'PD_2,PD_4': inf, 'PD_2,PD_5': inf, 'PD_2,PD_6': inf, 'PD_3,PD_4': inf, 'PD_3,PD_5': inf, 'PD_3,PD_6': inf, 'PD_4,PD_5': inf, 'PD_4,PD_6': inf, 'PD_5,PD_6': inf}
  Computing metrics...
    RSI: {'PD_2,PD_3': 0.5, 'PD_2,PD_4': 0.5, 'PD_2,PD_5': 0.5, 'PD_2,PD_6': 0.0, 'PD_3,PD_4': 1.0, 'PD_3,PD_5': 1.0, 'PD_3,PD_6': 0.0, 'PD_4,PD_5': 1.0, 'PD_4,PD_6': 0.0, 'PD_5,PD_6': 0.0}, ASR: 1.4, TCB: {'PD_2': ['PD_4', 'PD_3', 'PD_5'], 'PD_3': ['PD_4', 'PD_2', 'PD_5'], 'PD_4': ['PD_2', 'PD_3', 'PD_5'], 'PD_5': ['PD_2', 'PD_3', 'PD_4'], 'PD_6': []}, FR: {'PD_2,PD_3': 2, 'PD_2,PD_4': inf, 'PD_2,PD_5': inf, 'PD_2,PD_6': inf, 'PD_3,PD_4': inf, 'PD_3,PD_5': inf, 'PD_3,PD_6': inf, 'PD_4,PD_5': inf, 'PD_4,PD_6': inf, 'PD_5,PD_6': inf}
  Computing metrics...
    RSI: {'PD_2,PD_3': 0.5, 'PD_2,PD_4': 0.5, 'PD_2,PD_5': 0.5, 'PD_2,PD_6': 0.0, 'PD_3,PD_4': 1.0, 'PD_3,PD_5': 1.0, 'PD_3,PD_6': 0.0, 'PD_4,PD_5': 1.0, 'PD_4,PD_6': 0.0, 'PD_5,PD_6': 0.0}, ASR: 1.2, TCB: {'PD_2': ['PD_4', 'PD_3', 'PD_5'], 'PD_3': ['PD_2', 'PD_4', 'PD_5'], 'PD_4': ['PD_2', 'PD_3', 'PD_5'], 'PD_5': ['PD_2', 'PD_3', 'PD_4'], 'PD_6': []}, FR: {'PD_2,PD_3': inf, 'PD_2,PD_4': inf, 'PD_2,PD_5': inf, 'PD_2,PD_6': inf, 'PD_3,PD_4': inf, 'PD_3,PD_5': inf, 'PD_3,PD_6': inf, 'PD_4,PD_5': inf, 'PD_4,PD_6': inf, 'PD_5,PD_6': inf}
  Computing metrics...
    RSI: {'PD_2,PD_3': 0.5, 'PD_2,PD_4': 0.5, 'PD_2,PD_5': 0.5, 'PD_2,PD_6': 0.0, 'PD_3,PD_4': 1.0, 'PD_3,PD_5': 1.0, 'PD_3,PD_6': 0.0, 'PD_4,PD_5': 1.0, 'PD_4,PD_6': 0.0, 'PD_5,PD_6': 0.0}, ASR: 1.4, TCB: {'PD_2': ['PD_4', 'PD_3', 'PD_5'], 'PD_3': ['PD_5', 'PD_2', 'PD_4'], 'PD_4': ['PD_2', 'PD_3', 'PD_5'], 'PD_5': ['PD_2', 'PD_3', 'PD_4'], 'PD_6': []}, FR: {'PD_2,PD_3': inf, 'PD_2,PD_4': inf, 'PD_2,PD_5': inf, 'PD_2,PD_6': inf, 'PD_3,PD_4': inf, 'PD_3,PD_5': inf, 'PD_3,PD_6': inf, 'PD_4,PD_5': inf, 'PD_4,PD_6': inf, 'PD_5,PD_6': inf}
  Computing metrics...
    RSI: {'PD_2,PD_3': 0.5, 'PD_2,PD_4': 0.5, 'PD_2,PD_5': 0.5, 'PD_2,PD_6': 0.0, 'PD_3,PD_4': 1.0, 'PD_3,PD_5': 1.0, 'PD_3,PD_6': 0.0, 'PD_4,PD_5': 1.0, 'PD_4,PD_6': 0.0, 'PD_5,PD_6': 0.0}, ASR: 1.2, TCB: {'PD_2': ['PD_4', 'PD_3', 'PD_5'], 'PD_3': ['PD_2', 'PD_4', 'PD_5'], 'PD_4': ['PD_2', 'PD_3', 'PD_5'], 'PD_5': ['PD_2', 'PD_3', 'PD_4'], 'PD_6': []}, FR: {'PD_2,PD_3': inf, 'PD_2,PD_4': inf, 'PD_2,PD_5': inf, 'PD_2,PD_6': inf, 'PD_3,PD_4': inf, 'PD_3,PD_5': inf, 'PD_3,PD_6': inf, 'PD_4,PD_5': inf, 'PD_4,PD_6': inf, 'PD_5,PD_6': inf}
  Computing metrics...
    RSI: {'PD_2,PD_3': 0.5, 'PD_2,PD_4': 0.5, 'PD_2,PD_5': 0.5, 'PD_2,PD_6': 0.0, 'PD_3,PD_4': 1.0, 'PD_3,PD_5': 1.0, 'PD_3,PD_6': 0.0, 'PD_4,PD_5': 1.0, 'PD_4,PD_6': 0.0, 'PD_5,PD_6': 0.0}, ASR: 1.4, TCB: {'PD_2': ['PD_4', 'PD_3', 'PD_5'], 'PD_3': ['PD_6', 'PD_2', 'PD_4', 'PD_5'], 'PD_4': ['PD_2', 'PD_3', 'PD_5'], 'PD_5': ['PD_2', 'PD_3', 'PD_4'], 'PD_6': []}, FR: {'PD_2,PD_3': inf, 'PD_2,PD_4': inf, 'PD_2,PD_5': inf, 'PD_2,PD_6': inf, 'PD_3,PD_4': inf, 'PD_3,PD_5': inf, 'PD_3,PD_6': inf, 'PD_4,PD_5': inf, 'PD_4,PD_6': inf, 'PD_5,PD_6': inf}
  Computing metrics...
    RSI: {'PD_2,PD_3': 0.5, 'PD_2,PD_4': 0.5, 'PD_2,PD_5': 0.5, 'PD_2,PD_6': 0.0, 'PD_3,PD_4': 1.0, 'PD_3,PD_5': 1.0, 'PD_3,PD_6': 0.0, 'PD_4,PD_5': 1.0, 'PD_4,PD_6': 0.0, 'PD_5,PD_6': 0.0}, ASR: 1.2, TCB: {'PD_2': ['PD_4', 'PD_3', 'PD_5'], 'PD_3': ['PD_2', 'PD_4', 'PD_5'], 'PD_4': ['PD_2', 'PD_3', 'PD_5'], 'PD_5': ['PD_2', 'PD_3', 'PD_4'], 'PD_6': []}, FR: {'PD_2,PD_3': inf, 'PD_2,PD_4': inf, 'PD_2,PD_5': inf, 'PD_2,PD_6': inf, 'PD_3,PD_4': inf, 'PD_3,PD_5': inf, 'PD_3,PD_6': inf, 'PD_4,PD_5': inf, 'PD_4,PD_6': inf, 'PD_5,PD_6': inf}
  Computing metrics...
    RSI: {'PD_2,PD_3': 0.5, 'PD_2,PD_4': 0.5, 'PD_2,PD_5': 0.5, 'PD_2,PD_6': 0.0, 'PD_3,PD_4': 1.0, 'PD_3,PD_5': 1.0, 'PD_3,PD_6': 0.0, 'PD_4,PD_5': 1.0, 'PD_4,PD_6': 0.0, 'PD_5,PD_6': 0.0}, ASR: 1.4, TCB: {'PD_2': ['PD_4', 'PD_3', 'PD_5'], 'PD_3': ['PD_2', 'PD_4', 'PD_5'], 'PD_4': ['PD_2', 'PD_3', 'PD_5'], 'PD_5': ['PD_2', 'PD_3', 'PD_4'], 'PD_6': []}, FR: {'PD_2,PD_3': inf, 'PD_2,PD_4': inf, 'PD_2,PD_5': inf, 'PD_2,PD_6': inf, 'PD_3,PD_4': inf, 'PD_3,PD_5': inf, 'PD_3,PD_6': inf, 'PD_4,PD_5': inf, 'PD_4,PD_6': inf, 'PD_5,PD_6': inf}
  Computing metrics...
    RSI: {'PD_2,PD_3': 0.5, 'PD_2,PD_4': 0.5, 'PD_2,PD_5': 0.5, 'PD_2,PD_6': 0.0, 'PD_3,PD_4': 1.0, 'PD_3,PD_5': 1.0, 'PD_3,PD_6': 0.0, 'PD_4,PD_5': 1.0, 'PD_4,PD_6': 0.0, 'PD_5,PD_6': 0.0}, ASR: 1.2, TCB: {'PD_2': ['PD_4', 'PD_3', 'PD_5'], 'PD_3': ['PD_2', 'PD_4', 'PD_5'], 'PD_4': ['PD_2', 'PD_3', 'PD_5'], 'PD_5': ['PD_2', 'PD_3', 'PD_4'], 'PD_6': []}, FR: {'PD_2,PD_3': inf, 'PD_2,PD_4': inf, 'PD_2,PD_5': inf, 'PD_2,PD_6': inf, 'PD_3,PD_4': inf, 'PD_3,PD_5': inf, 'PD_3,PD_6': inf, 'PD_4,PD_5': inf, 'PD_4,PD_6': inf, 'PD_5,PD_6': inf}
  Computing metrics...
    RSI: {'PD_2,PD_3': 0.5, 'PD_2,PD_4': 0.5, 'PD_2,PD_5': 0.5, 'PD_2,PD_6': 0.0, 'PD_3,PD_4': 1.0, 'PD_3,PD_5': 1.0, 'PD_3,PD_6': 0.0, 'PD_4,PD_5': 1.0, 'PD_4,PD_6': 0.0, 'PD_5,PD_6': 0.0}, ASR: 1.4, TCB: {'PD_2': ['PD_4', 'PD_3', 'PD_5'], 'PD_3': ['PD_2', 'PD_4', 'PD_5'], 'PD_4': ['PD_3', 'PD_2', 'PD_5'], 'PD_5': ['PD_2', 'PD_3', 'PD_4'], 'PD_6': []}, FR: {'PD_2,PD_3': inf, 'PD_2,PD_4': 3, 'PD_2,PD_5': inf, 'PD_2,PD_6': inf, 'PD_3,PD_4': inf, 'PD_3,PD_5': inf, 'PD_3,PD_6': inf, 'PD_4,PD_5': inf, 'PD_4,PD_6': inf, 'PD_5,PD_6': inf}
  Computing metrics...
    RSI: {'PD_2,PD_3': 0.5, 'PD_2,PD_4': 0.5, 'PD_2,PD_5': 0.5, 'PD_2,PD_6': 0.0, 'PD_3,PD_4': 1.0, 'PD_3,PD_5': 1.0, 'PD_3,PD_6': 0.0, 'PD_4,PD_5': 1.0, 'PD_4,PD_6': 0.0, 'PD_5,PD_6': 0.0}, ASR: 1.2, TCB: {'PD_2': ['PD_4', 'PD_3', 'PD_5'], 'PD_3': ['PD_2', 'PD_4', 'PD_5'], 'PD_4': ['PD_2', 'PD_3', 'PD_5'], 'PD_5': ['PD_2', 'PD_3', 'PD_4'], 'PD_6': []}, FR: {'PD_2,PD_3': inf, 'PD_2,PD_4': inf, 'PD_2,PD_5': inf, 'PD_2,PD_6': inf, 'PD_3,PD_4': inf, 'PD_3,PD_5': inf, 'PD_3,PD_6': inf, 'PD_4,PD_5': inf, 'PD_4,PD_6': inf, 'PD_5,PD_6': inf}
  Computing metrics...
    RSI: {'PD_2,PD_3': 0.5, 'PD_2,PD_4': 0.5, 'PD_2,PD_5': 0.5, 'PD_2,PD_6': 0.0, 'PD_3,PD_4': 1.0, 'PD_3,PD_5': 1.0, 'PD_3,PD_6': 0.0, 'PD_4,PD_5': 1.0, 'PD_4,PD_6': 0.0, 'PD_5,PD_6': 0.0}, ASR: 1.4, TCB: {'PD_2': ['PD_4', 'PD_3', 'PD_5'], 'PD_3': ['PD_2', 'PD_4', 'PD_5'], 'PD_4': ['PD_5', 'PD_2', 'PD_3'], 'PD_5': ['PD_2', 'PD_3', 'PD_4'], 'PD_6': []}, FR: {'PD_2,PD_3': inf, 'PD_2,PD_4': 3, 'PD_2,PD_5': inf, 'PD_2,PD_6': inf, 'PD_3,PD_4': inf, 'PD_3,PD_5': inf, 'PD_3,PD_6': inf, 'PD_4,PD_5': inf, 'PD_4,PD_6': inf, 'PD_5,PD_6': inf}
  Computing metrics...
    RSI: {'PD_2,PD_3': 0.5, 'PD_2,PD_4': 0.5, 'PD_2,PD_5': 0.5, 'PD_2,PD_6': 0.0, 'PD_3,PD_4': 1.0, 'PD_3,PD_5': 1.0, 'PD_3,PD_6': 0.0, 'PD_4,PD_5': 1.0, 'PD_4,PD_6': 0.0, 'PD_5,PD_6': 0.0}, ASR: 1.2, TCB: {'PD_2': ['PD_4', 'PD_3', 'PD_5'], 'PD_3': ['PD_2', 'PD_4', 'PD_5'], 'PD_4': ['PD_2', 'PD_3', 'PD_5'], 'PD_5': ['PD_2', 'PD_3', 'PD_4'], 'PD_6': []}, FR: {'PD_2,PD_3': inf, 'PD_2,PD_4': inf, 'PD_2,PD_5': inf, 'PD_2,PD_6': inf, 'PD_3,PD_4': inf, 'PD_3,PD_5': inf, 'PD_3,PD_6': inf, 'PD_4,PD_5': inf, 'PD_4,PD_6': inf, 'PD_5,PD_6': inf}
  Computing metrics...
    RSI: {'PD_2,PD_3': 0.5, 'PD_2,PD_4': 0.5, 'PD_2,PD_5': 0.5, 'PD_2,PD_6': 0.0, 'PD_3,PD_4': 1.0, 'PD_3,PD_5': 1.0, 'PD_3,PD_6': 0.0, 'PD_4,PD_5': 1.0, 'PD_4,PD_6': 0.0, 'PD_5,PD_6': 0.0}, ASR: 1.4, TCB: {'PD_2': ['PD_4', 'PD_3', 'PD_5'], 'PD_3': ['PD_2', 'PD_4', 'PD_5'], 'PD_4': ['PD_6', 'PD_2', 'PD_3', 'PD_5'], 'PD_5': ['PD_2', 'PD_3', 'PD_4'], 'PD_6': []}, FR: {'PD_2,PD_3': inf, 'PD_2,PD_4': 3, 'PD_2,PD_5': inf, 'PD_2,PD_6': inf, 'PD_3,PD_4': inf, 'PD_3,PD_5': inf, 'PD_3,PD_6': inf, 'PD_4,PD_5': inf, 'PD_4,PD_6': inf, 'PD_5,PD_6': inf}
  Computing metrics...
    RSI: {'PD_2,PD_3': 0.5, 'PD_2,PD_4': 0.5, 'PD_2,PD_5': 0.5, 'PD_2,PD_6': 0.0, 'PD_3,PD_4': 1.0, 'PD_3,PD_5': 1.0, 'PD_3,PD_6': 0.0, 'PD_4,PD_5': 1.0, 'PD_4,PD_6': 0.0, 'PD_5,PD_6': 0.0}, ASR: 1.2, TCB: {'PD_2': ['PD_4', 'PD_3', 'PD_5'], 'PD_3': ['PD_2', 'PD_4', 'PD_5'], 'PD_4': ['PD_2', 'PD_3', 'PD_5'], 'PD_5': ['PD_2', 'PD_3', 'PD_4'], 'PD_6': []}, FR: {'PD_2,PD_3': inf, 'PD_2,PD_4': inf, 'PD_2,PD_5': inf, 'PD_2,PD_6': inf, 'PD_3,PD_4': inf, 'PD_3,PD_5': inf, 'PD_3,PD_6': inf, 'PD_4,PD_5': inf, 'PD_4,PD_6': inf, 'PD_5,PD_6': inf}
  Computing metrics...
    RSI: {'PD_2,PD_3': 0.5, 'PD_2,PD_4': 0.5, 'PD_2,PD_5': 0.5, 'PD_2,PD_6': 0.0, 'PD_3,PD_4': 1.0, 'PD_3,PD_5': 1.0, 'PD_3,PD_6': 0.0, 'PD_4,PD_5': 1.0, 'PD_4,PD_6': 0.0, 'PD_5,PD_6': 0.0}, ASR: 1.4, TCB: {'PD_2': ['PD_4', 'PD_3', 'PD_5'], 'PD_3': ['PD_2', 'PD_4', 'PD_5'], 'PD_4': ['PD_2', 'PD_3', 'PD_5'], 'PD_5': ['PD_2', 'PD_3', 'PD_4'], 'PD_6': []}, FR: {'PD_2,PD_3': inf, 'PD_2,PD_4': inf, 'PD_2,PD_5': 3, 'PD_2,PD_6': inf, 'PD_3,PD_4': inf, 'PD_3,PD_5': inf, 'PD_3,PD_6': inf, 'PD_4,PD_5': inf, 'PD_4,PD_6': inf, 'PD_5,PD_6': inf}
  Computing metrics...
    RSI: {'PD_2,PD_3': 0.5, 'PD_2,PD_4': 0.5, 'PD_2,PD_5': 0.5, 'PD_2,PD_6': 0.0, 'PD_3,PD_4': 1.0, 'PD_3,PD_5': 1.0, 'PD_3,PD_6': 0.0, 'PD_4,PD_5': 1.0, 'PD_4,PD_6': 0.0, 'PD_5,PD_6': 0.0}, ASR: 1.2, TCB: {'PD_2': ['PD_4', 'PD_3', 'PD_5'], 'PD_3': ['PD_2', 'PD_4', 'PD_5'], 'PD_4': ['PD_2', 'PD_3', 'PD_5'], 'PD_5': ['PD_2', 'PD_3', 'PD_4'], 'PD_6': []}, FR: {'PD_2,PD_3': inf, 'PD_2,PD_4': inf, 'PD_2,PD_5': inf, 'PD_2,PD_6': inf, 'PD_3,PD_4': inf, 'PD_3,PD_5': inf, 'PD_3,PD_6': inf, 'PD_4,PD_5': inf, 'PD_4,PD_6': inf, 'PD_5,PD_6': inf}
  Computing metrics...
    RSI: {'PD_2,PD_3': 0.5, 'PD_2,PD_4': 0.5, 'PD_2,PD_5': 0.5, 'PD_2,PD_6': 0.0, 'PD_3,PD_4': 1.0, 'PD_3,PD_5': 1.0, 'PD_3,PD_6': 0.0, 'PD_4,PD_5': 1.0, 'PD_4,PD_6': 0.0, 'PD_5,PD_6': 0.0}, ASR: 1.4, TCB: {'PD_2': ['PD_4', 'PD_3', 'PD_5'], 'PD_3': ['PD_2', 'PD_4', 'PD_5'], 'PD_4': ['PD_2', 'PD_3', 'PD_5'], 'PD_5': ['PD_3', 'PD_2', 'PD_4'], 'PD_6': []}, FR: {'PD_2,PD_3': inf, 'PD_2,PD_4': inf, 'PD_2,PD_5': inf, 'PD_2,PD_6': inf, 'PD_3,PD_4': inf, 'PD_3,PD_5': inf, 'PD_3,PD_6': inf, 'PD_4,PD_5': inf, 'PD_4,PD_6': inf, 'PD_5,PD_6': inf}
  Computing metrics...
    RSI: {'PD_2,PD_3': 0.5, 'PD_2,PD_4': 0.5, 'PD_2,PD_5': 0.5, 'PD_2,PD_6': 0.0, 'PD_3,PD_4': 1.0, 'PD_3,PD_5': 1.0, 'PD_3,PD_6': 0.0, 'PD_4,PD_5': 1.0, 'PD_4,PD_6': 0.0, 'PD_5,PD_6': 0.0}, ASR: 1.2, TCB: {'PD_2': ['PD_4', 'PD_3', 'PD_5'], 'PD_3': ['PD_2', 'PD_4', 'PD_5'], 'PD_4': ['PD_2', 'PD_3', 'PD_5'], 'PD_5': ['PD_2', 'PD_3', 'PD_4'], 'PD_6': []}, FR: {'PD_2,PD_3': inf, 'PD_2,PD_4': inf, 'PD_2,PD_5': inf, 'PD_2,PD_6': inf, 'PD_3,PD_4': inf, 'PD_3,PD_5': inf, 'PD_3,PD_6': inf, 'PD_4,PD_5': inf, 'PD_4,PD_6': inf, 'PD_5,PD_6': inf}
  Computing metrics...
    RSI: {'PD_2,PD_3': 0.5, 'PD_2,PD_4': 0.5, 'PD_2,PD_5': 0.5, 'PD_2,PD_6': 0.0, 'PD_3,PD_4': 1.0, 'PD_3,PD_5': 1.0, 'PD_3,PD_6': 0.0, 'PD_4,PD_5': 1.0, 'PD_4,PD_6': 0.0, 'PD_5,PD_6': 0.0}, ASR: 1.4, TCB: {'PD_2': ['PD_4', 'PD_3', 'PD_5'], 'PD_3': ['PD_2', 'PD_4', 'PD_5'], 'PD_4': ['PD_2', 'PD_3', 'PD_5'], 'PD_5': ['PD_4', 'PD_2', 'PD_3'], 'PD_6': []}, FR: {'PD_2,PD_3': inf, 'PD_2,PD_4': inf, 'PD_2,PD_5': 2, 'PD_2,PD_6': inf, 'PD_3,PD_4': inf, 'PD_3,PD_5': inf, 'PD_3,PD_6': inf, 'PD_4,PD_5': inf, 'PD_4,PD_6': inf, 'PD_5,PD_6': inf}
  Computing metrics...
    RSI: {'PD_2,PD_3': 0.5, 'PD_2,PD_4': 0.5, 'PD_2,PD_5': 0.5, 'PD_2,PD_6': 0.0, 'PD_3,PD_4': 1.0, 'PD_3,PD_5': 1.0, 'PD_3,PD_6': 0.0, 'PD_4,PD_5': 1.0, 'PD_4,PD_6': 0.0, 'PD_5,PD_6': 0.0}, ASR: 1.2, TCB: {'PD_2': ['PD_4', 'PD_3', 'PD_5'], 'PD_3': ['PD_2', 'PD_4', 'PD_5'], 'PD_4': ['PD_2', 'PD_3', 'PD_5'], 'PD_5': ['PD_2', 'PD_3', 'PD_4'], 'PD_6': []}, FR: {'PD_2,PD_3': inf, 'PD_2,PD_4': inf, 'PD_2,PD_5': inf, 'PD_2,PD_6': inf, 'PD_3,PD_4': inf, 'PD_3,PD_5': inf, 'PD_3,PD_6': inf, 'PD_4,PD_5': inf, 'PD_4,PD_6': inf, 'PD_5,PD_6': inf}
  Computing metrics...
    RSI: {'PD_2,PD_3': 0.5, 'PD_2,PD_4': 0.5, 'PD_2,PD_5': 0.5, 'PD_2,PD_6': 0.0, 'PD_3,PD_4': 1.0, 'PD_3,PD_5': 1.0, 'PD_3,PD_6': 0.0, 'PD_4,PD_5': 1.0, 'PD_4,PD_6': 0.0, 'PD_5,PD_6': 0.0}, ASR: 1.4, TCB: {'PD_2': ['PD_4', 'PD_3', 'PD_5'], 'PD_3': ['PD_2', 'PD_4', 'PD_5'], 'PD_4': ['PD_2', 'PD_3', 'PD_5'], 'PD_5': ['PD_6', 'PD_2', 'PD_3', 'PD_4'], 'PD_6': []}, FR: {'PD_2,PD_3': inf, 'PD_2,PD_4': inf, 'PD_2,PD_5': inf, 'PD_2,PD_6': inf, 'PD_3,PD_4': inf, 'PD_3,PD_5': inf, 'PD_3,PD_6': inf, 'PD_4,PD_5': inf, 'PD_4,PD_6': inf, 'PD_5,PD_6': inf}
  Computing metrics...
    RSI: {'PD_2,PD_3': 0.5, 'PD_2,PD_4': 0.5, 'PD_2,PD_5': 0.5, 'PD_2,PD_6': 0.0, 'PD_3,PD_4': 1.0, 'PD_3,PD_5': 1.0, 'PD_3,PD_6': 0.0, 'PD_4,PD_5': 1.0, 'PD_4,PD_6': 0.0, 'PD_5,PD_6': 0.0}, ASR: 1.2, TCB: {'PD_2': ['PD_4', 'PD_3', 'PD_5'], 'PD_3': ['PD_2', 'PD_4', 'PD_5'], 'PD_4': ['PD_2', 'PD_3', 'PD_5'], 'PD_5': ['PD_2', 'PD_3', 'PD_4'], 'PD_6': []}, FR: {'PD_2,PD_3': inf, 'PD_2,PD_4': inf, 'PD_2,PD_5': inf, 'PD_2,PD_6': inf, 'PD_3,PD_4': inf, 'PD_3,PD_5': inf, 'PD_3,PD_6': inf, 'PD_4,PD_5': inf, 'PD_4,PD_6': inf, 'PD_5,PD_6': inf}
  Computing metrics...
    RSI: {'PD_2,PD_3': 0.5, 'PD_2,PD_4': 0.5, 'PD_2,PD_5': 0.5, 'PD_2,PD_6': 0.0, 'PD_3,PD_4': 1.0, 'PD_3,PD_5': 1.0, 'PD_3,PD_6': 0.0, 'PD_4,PD_5': 1.0, 'PD_4,PD_6': 0.0, 'PD_5,PD_6': 0.0}, ASR: 1.4, TCB: {'PD_2': ['PD_4', 'PD_3', 'PD_5'], 'PD_3': ['PD_2', 'PD_4', 'PD_5'], 'PD_4': ['PD_2', 'PD_3', 'PD_5'], 'PD_5': ['PD_2', 'PD_3', 'PD_4'], 'PD_6': ['PD_2']}, FR: {'PD_2,PD_3': inf, 'PD_2,PD_4': inf, 'PD_2,PD_5': inf, 'PD_2,PD_6': 3, 'PD_3,PD_4': inf, 'PD_3,PD_5': inf, 'PD_3,PD_6': inf, 'PD_4,PD_5': inf, 'PD_4,PD_6': inf, 'PD_5,PD_6': inf}
  Computing metrics...
    RSI: {'PD_2,PD_3': 0.5, 'PD_2,PD_4': 0.5, 'PD_2,PD_5': 0.5, 'PD_2,PD_6': 0.0, 'PD_3,PD_4': 1.0, 'PD_3,PD_5': 1.0, 'PD_3,PD_6': 0.0, 'PD_4,PD_5': 1.0, 'PD_4,PD_6': 0.0, 'PD_5,PD_6': 0.0}, ASR: 1.2, TCB: {'PD_2': ['PD_4', 'PD_3', 'PD_5'], 'PD_3': ['PD_2', 'PD_4', 'PD_5'], 'PD_4': ['PD_2', 'PD_3', 'PD_5'], 'PD_5': ['PD_2', 'PD_3', 'PD_4'], 'PD_6': []}, FR: {'PD_2,PD_3': inf, 'PD_2,PD_4': inf, 'PD_2,PD_5': inf, 'PD_2,PD_6': inf, 'PD_3,PD_4': inf, 'PD_3,PD_5': inf, 'PD_3,PD_6': inf, 'PD_4,PD_5': inf, 'PD_4,PD_6': inf, 'PD_5,PD_6': inf}
  Computing metrics...
    RSI: {'PD_2,PD_3': 0.5, 'PD_2,PD_4': 0.5, 'PD_2,PD_5': 0.5, 'PD_2,PD_6': 0.0, 'PD_3,PD_4': 1.0, 'PD_3,PD_5': 1.0, 'PD_3,PD_6': 0.0, 'PD_4,PD_5': 1.0, 'PD_4,PD_6': 0.0, 'PD_5,PD_6': 0.0}, ASR: 1.4, TCB: {'PD_2': ['PD_4', 'PD_3', 'PD_5'], 'PD_3': ['PD_2', 'PD_4', 'PD_5'], 'PD_4': ['PD_2', 'PD_3', 'PD_5'], 'PD_5': ['PD_2', 'PD_3', 'PD_4'], 'PD_6': ['PD_3']}, FR: {'PD_2,PD_3': inf, 'PD_2,PD_4': inf, 'PD_2,PD_5': inf, 'PD_2,PD_6': inf, 'PD_3,PD_4': inf, 'PD_3,PD_5': inf, 'PD_3,PD_6': inf, 'PD_4,PD_5': inf, 'PD_4,PD_6': inf, 'PD_5,PD_6': inf}
  Computing metrics...
    RSI: {'PD_2,PD_3': 0.5, 'PD_2,PD_4': 0.5, 'PD_2,PD_5': 0.5, 'PD_2,PD_6': 0.0, 'PD_3,PD_4': 1.0, 'PD_3,PD_5': 1.0, 'PD_3,PD_6': 0.0, 'PD_4,PD_5': 1.0, 'PD_4,PD_6': 0.0, 'PD_5,PD_6': 0.0}, ASR: 1.2, TCB: {'PD_2': ['PD_4', 'PD_3', 'PD_5'], 'PD_3': ['PD_2', 'PD_4', 'PD_5'], 'PD_4': ['PD_2', 'PD_3', 'PD_5'], 'PD_5': ['PD_2', 'PD_3', 'PD_4'], 'PD_6': []}, FR: {'PD_2,PD_3': inf, 'PD_2,PD_4': inf, 'PD_2,PD_5': inf, 'PD_2,PD_6': inf, 'PD_3,PD_4': inf, 'PD_3,PD_5': inf, 'PD_3,PD_6': inf, 'PD_4,PD_5': inf, 'PD_4,PD_6': inf, 'PD_5,PD_6': inf}
  Computing metrics...
    RSI: {'PD_2,PD_3': 0.5, 'PD_2,PD_4': 0.5, 'PD_2,PD_5': 0.5, 'PD_2,PD_6': 0.0, 'PD_3,PD_4': 1.0, 'PD_3,PD_5': 1.0, 'PD_3,PD_6': 0.0, 'PD_4,PD_5': 1.0, 'PD_4,PD_6': 0.0, 'PD_5,PD_6': 0.0}, ASR: 1.4, TCB: {'PD_2': ['PD_4', 'PD_3', 'PD_5'], 'PD_3': ['PD_2', 'PD_4', 'PD_5'], 'PD_4': ['PD_2', 'PD_3', 'PD_5'], 'PD_5': ['PD_2', 'PD_3', 'PD_4'], 'PD_6': ['PD_4']}, FR: {'PD_2,PD_3': inf, 'PD_2,PD_4': inf, 'PD_2,PD_5': inf, 'PD_2,PD_6': 2, 'PD_3,PD_4': inf, 'PD_3,PD_5': inf, 'PD_3,PD_6': inf, 'PD_4,PD_5': inf, 'PD_4,PD_6': inf, 'PD_5,PD_6': inf}
  Computing metrics...
    RSI: {'PD_2,PD_3': 0.5, 'PD_2,PD_4': 0.5, 'PD_2,PD_5': 0.5, 'PD_2,PD_6': 0.0, 'PD_3,PD_4': 1.0, 'PD_3,PD_5': 1.0, 'PD_3,PD_6': 0.0, 'PD_4,PD_5': 1.0, 'PD_4,PD_6': 0.0, 'PD_5,PD_6': 0.0}, ASR: 1.2, TCB: {'PD_2': ['PD_4', 'PD_3', 'PD_5'], 'PD_3': ['PD_2', 'PD_4', 'PD_5'], 'PD_4': ['PD_2', 'PD_3', 'PD_5'], 'PD_5': ['PD_2', 'PD_3', 'PD_4'], 'PD_6': []}, FR: {'PD_2,PD_3': inf, 'PD_2,PD_4': inf, 'PD_2,PD_5': inf, 'PD_2,PD_6': inf, 'PD_3,PD_4': inf, 'PD_3,PD_5': inf, 'PD_3,PD_6': inf, 'PD_4,PD_5': inf, 'PD_4,PD_6': inf, 'PD_5,PD_6': inf}
  Computing metrics...
    RSI: {'PD_2,PD_3': 0.5, 'PD_2,PD_4': 0.5, 'PD_2,PD_5': 0.5, 'PD_2,PD_6': 0.0, 'PD_3,PD_4': 1.0, 'PD_3,PD_5': 1.0, 'PD_3,PD_6': 0.0, 'PD_4,PD_5': 1.0, 'PD_4,PD_6': 0.0, 'PD_5,PD_6': 0.0}, ASR: 1.4, TCB: {'PD_2': ['PD_4', 'PD_3', 'PD_5'], 'PD_3': ['PD_2', 'PD_4', 'PD_5'], 'PD_4': ['PD_2', 'PD_3', 'PD_5'], 'PD_5': ['PD_2', 'PD_3', 'PD_4'], 'PD_6': ['PD_5']}, FR: {'PD_2,PD_3': inf, 'PD_2,PD_4': inf, 'PD_2,PD_5': inf, 'PD_2,PD_6': inf, 'PD_3,PD_4': inf, 'PD_3,PD_5': inf, 'PD_3,PD_6': inf, 'PD_4,PD_5': inf, 'PD_4,PD_6': inf, 'PD_5,PD_6': inf}
  Computing metrics...
    RSI: {'PD_2,PD_3': 0.5, 'PD_2,PD_4': 0.5, 'PD_2,PD_5': 0.5, 'PD_2,PD_6': 0.0, 'PD_3,PD_4': 1.0, 'PD_3,PD_5': 1.0, 'PD_3,PD_6': 0.0, 'PD_4,PD_5': 1.0, 'PD_4,PD_6': 0.0, 'PD_5,PD_6': 0.0}, ASR: 1.2, TCB: {'PD_2': ['PD_4', 'PD_3', 'PD_5'], 'PD_3': ['PD_2', 'PD_4', 'PD_5'], 'PD_4': ['PD_2', 'PD_3', 'PD_5'], 'PD_5': ['PD_2', 'PD_3', 'PD_4'], 'PD_6': []}, FR: {'PD_2,PD_3': inf, 'PD_2,PD_4': inf, 'PD_2,PD_5': inf, 'PD_2,PD_6': inf, 'PD_3,PD_4': inf, 'PD_3,PD_5': inf, 'PD_3,PD_6': inf, 'PD_4,PD_5': inf, 'PD_4,PD_6': inf, 'PD_5,PD_6': inf}
  Computing metrics...
    RSI: {'PD_2,PD_3': 0.5, 'PD_2,PD_4': 0.5, 'PD_2,PD_5': 0.5, 'PD_2,PD_6': 0.0, 'PD_3,PD_4': 1.0, 'PD_3,PD_5': 1.0, 'PD_3,PD_6': 0.0, 'PD_4,PD_5': 1.0, 'PD_4,PD_6': 0.0, 'PD_5,PD_6': 0.0}, ASR: 1.2, TCB: {'PD_2': ['PD_4', 'PD_3', 'PD_5'], 'PD_3': ['PD_2', 'PD_4', 'PD_5'], 'PD_4': ['PD_2', 'PD_3', 'PD_5'], 'PD_5': ['PD_2', 'PD_3', 'PD_4'], 'PD_6': []}, FR: {'PD_2,PD_3': inf, 'PD_2,PD_4': inf, 'PD_2,PD_5': inf, 'PD_2,PD_6': inf, 'PD_3,PD_4': inf, 'PD_3,PD_5': inf, 'PD_3,PD_6': inf, 'PD_4,PD_5': inf, 'PD_4,PD_6': inf, 'PD_5,PD_6': inf}
  Computing metrics...
    RSI: {'PD_2,PD_3': 0.5, 'PD_2,PD_4': 0.5, 'PD_2,PD_5': 0.5, 'PD_2,PD_6': 0.0, 'PD_3,PD_4': 1.0, 'PD_3,PD_5': 1.0, 'PD_3,PD_6': 0.0, 'PD_4,PD_5': 1.0, 'PD_4,PD_6': 0.0, 'PD_5,PD_6': 0.0}, ASR: 1.2, TCB: {'PD_2': ['PD_4', 'PD_3', 'PD_5'], 'PD_3': ['PD_2', 'PD_4', 'PD_5'], 'PD_4': ['PD_2', 'PD_3', 'PD_5'], 'PD_5': ['PD_2', 'PD_3', 'PD_4'], 'PD_6': []}, FR: {'PD_2,PD_3': inf, 'PD_2,PD_4': inf, 'PD_2,PD_5': inf, 'PD_2,PD_6': inf, 'PD_3,PD_4': inf, 'PD_3,PD_5': inf, 'PD_3,PD_6': inf, 'PD_4,PD_5': inf, 'PD_4,PD_6': inf, 'PD_5,PD_6': inf}
  Computing metrics...
    RSI: {'PD_2,PD_3': 0.5, 'PD_2,PD_4': 0.5, 'PD_2,PD_5': 0.5, 'PD_2,PD_6': 0.0, 'PD_3,PD_4': 1.0, 'PD_3,PD_5': 1.0, 'PD_3,PD_6': 0.0, 'PD_4,PD_5': 1.0, 'PD_4,PD_6': 0.0, 'PD_5,PD_6': 0.0}, ASR: 1.2, TCB: {'PD_2': ['PD_4', 'PD_3', 'PD_5'], 'PD_3': ['PD_2', 'PD_4', 'PD_5'], 'PD_4': ['PD_2', 'PD_3', 'PD_5'], 'PD_5': ['PD_2', 'PD_3', 'PD_4'], 'PD_6': []}, FR: {'PD_2,PD_3': inf, 'PD_2,PD_4': inf, 'PD_2,PD_5': inf, 'PD_2,PD_6': inf, 'PD_3,PD_4': inf, 'PD_3,PD_5': inf, 'PD_3,PD_6': inf, 'PD_4,PD_5': inf, 'PD_4,PD_6': inf, 'PD_5,PD_6': inf}
  Computing metrics...
    RSI: {'PD_2,PD_3': 0.5, 'PD_2,PD_4': 0.5, 'PD_2,PD_5': 0.5, 'PD_2,PD_6': 0.0, 'PD_3,PD_4': 1.0, 'PD_3,PD_5': 1.0, 'PD_3,PD_6': 0.0, 'PD_4,PD_5': 1.0, 'PD_4,PD_6': 0.0, 'PD_5,PD_6': 0.0}, ASR: 1.2, TCB: {'PD_2': ['PD_4', 'PD_3', 'PD_5'], 'PD_3': ['PD_2', 'PD_4', 'PD_5'], 'PD_4': ['PD_2', 'PD_3', 'PD_5'], 'PD_5': ['PD_2', 'PD_3', 'PD_4'], 'PD_6': []}, FR: {'PD_2,PD_3': inf, 'PD_2,PD_4': inf, 'PD_2,PD_5': inf, 'PD_2,PD_6': inf, 'PD_3,PD_4': inf, 'PD_3,PD_5': inf, 'PD_3,PD_6': inf, 'PD_4,PD_5': inf, 'PD_4,PD_6': inf, 'PD_5,PD_6': inf}
  Computing metrics...
    RSI: {'PD_2,PD_3': 0.5, 'PD_2,PD_4': 0.5, 'PD_2,PD_5': 0.5, 'PD_2,PD_6': 0.0, 'PD_3,PD_4': 1.0, 'PD_3,PD_5': 1.0, 'PD_3,PD_6': 0.0, 'PD_4,PD_5': 1.0, 'PD_4,PD_6': 0.0, 'PD_5,PD_6': 0.0}, ASR: 1.2, TCB: {'PD_2': ['PD_4', 'PD_3', 'PD_5'], 'PD_3': ['PD_2', 'PD_4', 'PD_5'], 'PD_4': ['PD_2', 'PD_3', 'PD_5'], 'PD_5': ['PD_2', 'PD_3', 'PD_4'], 'PD_6': []}, FR: {'PD_2,PD_3': inf, 'PD_2,PD_4': inf, 'PD_2,PD_5': inf, 'PD_2,PD_6': inf, 'PD_3,PD_4': inf, 'PD_3,PD_5': inf, 'PD_3,PD_6': inf, 'PD_4,PD_5': inf, 'PD_4,PD_6': inf, 'PD_5,PD_6': inf}
  🚫 Filtered out 0 'add_pd(add new protection domain to help resolve 2 constraint violation(s))' candidates (avoiding repetition)
  Trying best transition: primitive
    Target: connect PD_6 to FILE_1_1
    Predicted improvement: 3.600
    Considered 38 other option(s):
      1. primitive: add new protection domain to help resolve 2 constraint violation(s) (improvement: 0.100)
      2. primitive: connect PD_6 to FILE_1_2 (improvement: 0.600)
      3. primitive: remove empty PD_6 (improvement: 0.100)
      4. primitive: create new CONFIG file in FILE_SPACE_1 (improvement: 0.100)
      5. primitive: create new DATABASE file in FILE_SPACE_1 (improvement: 0.100)
      6. primitive: create new TEMP file in FILE_SPACE_1 (improvement: 0.100)
      7. primitive: create new LOG file in FILE_SPACE_1 (improvement: 0.100)
      8. primitive: remove FILE_1_1 (holders: 4) (improvement: 0.100)
      9. primitive: remove PD_2 -> FILE_1_1 HOLD edge (improvement: 0.100)
      10. primitive: remove PD_2 -> FILE_1_2 HOLD edge (improvement: 0.100)
      ... and 28 more
    ✅ Applied add_hold_edge
  📋 Generated 39 candidate(s)
  Computing metrics...
    RSI: {'PD_2,PD_3': 0.5, 'PD_2,PD_4': 0.5, 'PD_2,PD_5': 0.5, 'PD_2,PD_6': 0.5, 'PD_3,PD_4': 1.0, 'PD_3,PD_5': 1.0, 'PD_3,PD_6': 1.0, 'PD_4,PD_5': 1.0, 'PD_4,PD_6': 1.0, 'PD_5,PD_6': 1.0}, ASR: 1.4, TCB: {'PD_2': ['PD_4', 'PD_3', 'PD_5', 'PD_6'], 'PD_3': ['PD_2', 'PD_4', 'PD_5', 'PD_6'], 'PD_4': ['PD_2', 'PD_3', 'PD_5', 'PD_6'], 'PD_5': ['PD_2', 'PD_3', 'PD_4', 'PD_6'], 'PD_6': ['PD_2', 'PD_3', 'PD_4', 'PD_5']}, FR: {'PD_2,PD_3': inf, 'PD_2,PD_4': inf, 'PD_2,PD_5': inf, 'PD_2,PD_6': inf, 'PD_3,PD_4': inf, 'PD_3,PD_5': inf, 'PD_3,PD_6': inf, 'PD_4,PD_5': inf, 'PD_4,PD_6': inf, 'PD_5,PD_6': inf}
    ✅ Added candidate: add_hold_edge (score: 3.600)
  Computing metrics...
    RSI: {'PD_2,PD_3': 0.5, 'PD_2,PD_4': 0.5, 'PD_2,PD_5': 0.5, 'PD_2,PD_6': 0.5, 'PD_3,PD_4': 1.0, 'PD_3,PD_5': 1.0, 'PD_3,PD_6': 0.0, 'PD_4,PD_5': 1.0, 'PD_4,PD_6': 0.0, 'PD_5,PD_6': 0.0}, ASR: 1.4, TCB: {'PD_2': ['PD_4', 'PD_3', 'PD_5', 'PD_6'], 'PD_3': ['PD_2', 'PD_4', 'PD_5'], 'PD_4': ['PD_2', 'PD_3', 'PD_5'], 'PD_5': ['PD_2', 'PD_3', 'PD_4'], 'PD_6': ['PD_2']}, FR: {'PD_2,PD_3': inf, 'PD_2,PD_4': inf, 'PD_2,PD_5': inf, 'PD_2,PD_6': inf, 'PD_3,PD_4': inf, 'PD_3,PD_5': inf, 'PD_3,PD_6': inf, 'PD_4,PD_5': inf, 'PD_4,PD_6': inf, 'PD_5,PD_6': inf}
    ✅ Added candidate: add_hold_edge (score: 0.600)

🌟 Expanding Beam[1] (score: 0.100)
  ⚠️  Constraints violated: PD_1 lacks any access to FILE_1_1; PD_1 lacks access to any files
  Computing metrics...
    RSI: {'PD_2,PD_3': 0.5, 'PD_2,PD_4': 0.5, 'PD_2,PD_5': 0.5, 'PD_3,PD_4': 1.0, 'PD_3,PD_5': 1.0, 'PD_4,PD_5': 1.0}, ASR: 1.5, TCB: {'PD_2': ['PD_4', 'PD_3', 'PD_5'], 'PD_3': ['PD_2', 'PD_4', 'PD_5'], 'PD_4': ['PD_2', 'PD_3', 'PD_5'], 'PD_5': ['PD_2', 'PD_3', 'PD_4']}, FR: {'PD_2,PD_3': inf, 'PD_2,PD_4': inf, 'PD_2,PD_5': inf, 'PD_3,PD_4': inf, 'PD_3,PD_5': inf, 'PD_4,PD_5': inf}
  Computing metrics...
    RSI: {'PD_2,PD_3': 0.5, 'PD_2,PD_4': 0.5, 'PD_2,PD_5': 0.5, 'PD_3,PD_4': 1.0, 'PD_3,PD_5': 1.0, 'PD_4,PD_5': 1.0}, ASR: 1.5, TCB: {'PD_2': ['PD_4', 'PD_3', 'PD_5'], 'PD_3': ['PD_2', 'PD_4', 'PD_5'], 'PD_4': ['PD_2', 'PD_3', 'PD_5'], 'PD_5': ['PD_2', 'PD_3', 'PD_4']}, FR: {'PD_2,PD_3': inf, 'PD_2,PD_4': inf, 'PD_2,PD_5': inf, 'PD_3,PD_4': inf, 'PD_3,PD_5': inf, 'PD_4,PD_5': inf}
  Computing metrics...
    RSI: {'PD_2,PD_3': 0.5, 'PD_2,PD_4': 0.5, 'PD_2,PD_5': 0.5, 'PD_3,PD_4': 1.0, 'PD_3,PD_5': 1.0, 'PD_4,PD_5': 1.0}, ASR: 1.5, TCB: {'PD_2': ['PD_4', 'PD_3', 'PD_5'], 'PD_3': ['PD_2', 'PD_4', 'PD_5'], 'PD_4': ['PD_2', 'PD_3', 'PD_5'], 'PD_5': ['PD_2', 'PD_3', 'PD_4']}, FR: {'PD_2,PD_3': inf, 'PD_2,PD_4': inf, 'PD_2,PD_5': inf, 'PD_3,PD_4': inf, 'PD_3,PD_5': inf, 'PD_4,PD_5': inf}
  Computing metrics...
    RSI: {'PD_2,PD_3': 0.5, 'PD_2,PD_4': 0.5, 'PD_2,PD_5': 0.5, 'PD_3,PD_4': 1.0, 'PD_3,PD_5': 1.0, 'PD_4,PD_5': 1.0}, ASR: 1.5, TCB: {'PD_2': ['PD_4', 'PD_3', 'PD_5'], 'PD_3': ['PD_2', 'PD_4', 'PD_5'], 'PD_4': ['PD_2', 'PD_3', 'PD_5'], 'PD_5': ['PD_2', 'PD_3', 'PD_4']}, FR: {'PD_2,PD_3': inf, 'PD_2,PD_4': inf, 'PD_2,PD_5': inf, 'PD_3,PD_4': inf, 'PD_3,PD_5': inf, 'PD_4,PD_5': inf}
  Computing metrics...
    RSI: {'PD_2,PD_3': 0.5, 'PD_2,PD_4': 0.5, 'PD_2,PD_5': 0.5, 'PD_3,PD_4': 1.0, 'PD_3,PD_5': 1.0, 'PD_4,PD_5': 1.0}, ASR: 1.5, TCB: {'PD_2': ['PD_4', 'PD_3', 'PD_5'], 'PD_3': ['PD_2', 'PD_4', 'PD_5'], 'PD_4': ['PD_2', 'PD_3', 'PD_5'], 'PD_5': ['PD_2', 'PD_3', 'PD_4']}, FR: {'PD_2,PD_3': inf, 'PD_2,PD_4': inf, 'PD_2,PD_5': inf, 'PD_3,PD_4': inf, 'PD_3,PD_5': inf, 'PD_4,PD_5': inf}
  Computing metrics...
    RSI: {'PD_2,PD_3': 0.5, 'PD_2,PD_4': 0.5, 'PD_2,PD_5': 0.5, 'PD_3,PD_4': 1.0, 'PD_3,PD_5': 1.0, 'PD_4,PD_5': 1.0}, ASR: 1.5, TCB: {'PD_2': ['PD_4', 'PD_3', 'PD_5'], 'PD_3': ['PD_2', 'PD_4', 'PD_5'], 'PD_4': ['PD_2', 'PD_3', 'PD_5'], 'PD_5': ['PD_2', 'PD_3', 'PD_4']}, FR: {'PD_2,PD_3': inf, 'PD_2,PD_4': inf, 'PD_2,PD_5': inf, 'PD_3,PD_4': inf, 'PD_3,PD_5': inf, 'PD_4,PD_5': inf}
  Computing metrics...
    RSI: {'PD_2,PD_3': 0.5, 'PD_2,PD_4': 0.5, 'PD_2,PD_5': 0.5, 'PD_3,PD_4': 1.0, 'PD_3,PD_5': 1.0, 'PD_4,PD_5': 1.0}, ASR: 1.5, TCB: {'PD_2': ['PD_4', 'PD_3', 'PD_5'], 'PD_3': ['PD_2', 'PD_4', 'PD_5'], 'PD_4': ['PD_2', 'PD_3', 'PD_5'], 'PD_5': ['PD_2', 'PD_3', 'PD_4']}, FR: {'PD_2,PD_3': inf, 'PD_2,PD_4': inf, 'PD_2,PD_5': inf, 'PD_3,PD_4': inf, 'PD_3,PD_5': inf, 'PD_4,PD_5': inf}
  Computing metrics...
    RSI: {'PD_2,PD_3': 0.5, 'PD_2,PD_4': 0.5, 'PD_2,PD_5': 0.5, 'PD_3,PD_4': 1.0, 'PD_3,PD_5': 1.0, 'PD_4,PD_5': 1.0}, ASR: 1.5, TCB: {'PD_2': ['PD_4', 'PD_3', 'PD_5'], 'PD_3': ['PD_2', 'PD_4', 'PD_5'], 'PD_4': ['PD_2', 'PD_3', 'PD_5'], 'PD_5': ['PD_2', 'PD_3', 'PD_4']}, FR: {'PD_2,PD_3': inf, 'PD_2,PD_4': inf, 'PD_2,PD_5': inf, 'PD_3,PD_4': inf, 'PD_3,PD_5': inf, 'PD_4,PD_5': inf}
  Computing metrics...
    RSI: {'PD_2,PD_3': 0.5, 'PD_2,PD_4': 0.5, 'PD_2,PD_5': 0.5, 'PD_3,PD_4': 1.0, 'PD_3,PD_5': 1.0, 'PD_4,PD_5': 1.0}, ASR: 1.5, TCB: {'PD_2': ['PD_4', 'PD_3', 'PD_5'], 'PD_3': ['PD_2', 'PD_4', 'PD_5'], 'PD_4': ['PD_2', 'PD_3', 'PD_5'], 'PD_5': ['PD_2', 'PD_3', 'PD_4']}, FR: {'PD_2,PD_3': inf, 'PD_2,PD_4': inf, 'PD_2,PD_5': inf, 'PD_3,PD_4': inf, 'PD_3,PD_5': inf, 'PD_4,PD_5': inf}
  Computing metrics...
    RSI: {'PD_2,PD_3': 0.5, 'PD_2,PD_4': 0.5, 'PD_2,PD_5': 0.5, 'PD_3,PD_4': 1.0, 'PD_3,PD_5': 1.0, 'PD_4,PD_5': 1.0}, ASR: 1.5, TCB: {'PD_2': ['PD_4', 'PD_3', 'PD_5'], 'PD_3': ['PD_2', 'PD_4', 'PD_5'], 'PD_4': ['PD_2', 'PD_3', 'PD_5'], 'PD_5': ['PD_2', 'PD_3', 'PD_4']}, FR: {'PD_2,PD_3': inf, 'PD_2,PD_4': inf, 'PD_2,PD_5': inf, 'PD_3,PD_4': inf, 'PD_3,PD_5': inf, 'PD_4,PD_5': inf}
  Computing metrics...
    RSI: {'PD_2,PD_3': 0.5, 'PD_2,PD_4': 0.5, 'PD_2,PD_5': 0.5, 'PD_3,PD_4': 1.0, 'PD_3,PD_5': 1.0, 'PD_4,PD_5': 1.0}, ASR: 1.5, TCB: {'PD_2': ['PD_4', 'PD_3', 'PD_5'], 'PD_3': ['PD_2', 'PD_4', 'PD_5'], 'PD_4': ['PD_2', 'PD_3', 'PD_5'], 'PD_5': ['PD_2', 'PD_3', 'PD_4']}, FR: {'PD_2,PD_3': inf, 'PD_2,PD_4': inf, 'PD_2,PD_5': inf, 'PD_3,PD_4': inf, 'PD_3,PD_5': inf, 'PD_4,PD_5': inf}
  Computing metrics...
    RSI: {'PD_2,PD_3': 0.5, 'PD_2,PD_4': 0.5, 'PD_2,PD_5': 0.5, 'PD_3,PD_4': 1.0, 'PD_3,PD_5': 1.0, 'PD_4,PD_5': 1.0}, ASR: 1.5, TCB: {'PD_2': ['PD_4', 'PD_3', 'PD_5'], 'PD_3': ['PD_2', 'PD_4', 'PD_5'], 'PD_4': ['PD_2', 'PD_3', 'PD_5'], 'PD_5': ['PD_2', 'PD_3', 'PD_4']}, FR: {'PD_2,PD_3': inf, 'PD_2,PD_4': inf, 'PD_2,PD_5': inf, 'PD_3,PD_4': inf, 'PD_3,PD_5': inf, 'PD_4,PD_5': inf}
  Computing metrics...
    RSI: {'PD_2,PD_3': 0.5, 'PD_2,PD_4': 0.5, 'PD_2,PD_5': 0.5, 'PD_3,PD_4': 1.0, 'PD_3,PD_5': 1.0, 'PD_4,PD_5': 1.0}, ASR: 1.5, TCB: {'PD_2': ['PD_4', 'PD_3', 'PD_5'], 'PD_3': ['PD_2', 'PD_4', 'PD_5'], 'PD_4': ['PD_2', 'PD_3', 'PD_5'], 'PD_5': ['PD_2', 'PD_3', 'PD_4']}, FR: {'PD_2,PD_3': inf, 'PD_2,PD_4': inf, 'PD_2,PD_5': inf, 'PD_3,PD_4': inf, 'PD_3,PD_5': inf, 'PD_4,PD_5': inf}
  Computing metrics...
    RSI: {'PD_2,PD_3': 0.5, 'PD_2,PD_4': 0.5, 'PD_2,PD_5': 0.5, 'PD_3,PD_4': 1.0, 'PD_3,PD_5': 1.0, 'PD_4,PD_5': 1.0}, ASR: 1.5, TCB: {'PD_2': ['PD_4', 'PD_3', 'PD_5'], 'PD_3': ['PD_2', 'PD_4', 'PD_5'], 'PD_4': ['PD_2', 'PD_3', 'PD_5'], 'PD_5': ['PD_2', 'PD_3', 'PD_4']}, FR: {'PD_2,PD_3': inf, 'PD_2,PD_4': inf, 'PD_2,PD_5': inf, 'PD_3,PD_4': inf, 'PD_3,PD_5': inf, 'PD_4,PD_5': inf}
  Computing metrics...
    RSI: {'PD_2,PD_3': 0.5, 'PD_2,PD_4': 0.5, 'PD_2,PD_5': 0.5, 'PD_3,PD_4': 1.0, 'PD_3,PD_5': 1.0, 'PD_4,PD_5': 1.0}, ASR: 1.5, TCB: {'PD_2': ['PD_4', 'PD_3', 'PD_5'], 'PD_3': ['PD_2', 'PD_4', 'PD_5'], 'PD_4': ['PD_2', 'PD_3', 'PD_5'], 'PD_5': ['PD_2', 'PD_3', 'PD_4']}, FR: {'PD_2,PD_3': inf, 'PD_2,PD_4': inf, 'PD_2,PD_5': inf, 'PD_3,PD_4': inf, 'PD_3,PD_5': inf, 'PD_4,PD_5': inf}
  Computing metrics...
    RSI: {'PD_2,PD_3': 0.3333333333333333, 'PD_2,PD_4': 0.3333333333333333, 'PD_2,PD_5': 0.3333333333333333, 'PD_3,PD_4': 1.0, 'PD_3,PD_5': 1.0, 'PD_4,PD_5': 1.0}, ASR: 1.75, TCB: {'PD_2': ['PD_4', 'PD_3', 'PD_5'], 'PD_3': ['PD_2', 'PD_4', 'PD_5'], 'PD_4': ['PD_2', 'PD_3', 'PD_5'], 'PD_5': ['PD_2', 'PD_3', 'PD_4']}, FR: {'PD_2,PD_3': inf, 'PD_2,PD_4': inf, 'PD_2,PD_5': inf, 'PD_3,PD_4': inf, 'PD_3,PD_5': inf, 'PD_4,PD_5': inf}
  Computing metrics...
    RSI: {'PD_2,PD_3': 0.5, 'PD_2,PD_4': 0.5, 'PD_2,PD_5': 0.5, 'PD_3,PD_4': 1.0, 'PD_3,PD_5': 1.0, 'PD_4,PD_5': 1.0}, ASR: 1.5, TCB: {'PD_2': ['PD_4', 'PD_3', 'PD_5'], 'PD_3': ['PD_2', 'PD_4', 'PD_5'], 'PD_4': ['PD_2', 'PD_3', 'PD_5'], 'PD_5': ['PD_2', 'PD_3', 'PD_4']}, FR: {'PD_2,PD_3': inf, 'PD_2,PD_4': inf, 'PD_2,PD_5': inf, 'PD_3,PD_4': inf, 'PD_3,PD_5': inf, 'PD_4,PD_5': inf}
  Computing metrics...
    RSI: {'PD_2,PD_3': 1.0, 'PD_2,PD_4': 0.5, 'PD_2,PD_5': 0.5, 'PD_3,PD_4': 0.5, 'PD_3,PD_5': 0.5, 'PD_4,PD_5': 1.0}, ASR: 1.75, TCB: {'PD_2': ['PD_4', 'PD_3', 'PD_5'], 'PD_3': ['PD_2', 'PD_4', 'PD_5'], 'PD_4': ['PD_2', 'PD_3', 'PD_5'], 'PD_5': ['PD_2', 'PD_3', 'PD_4']}, FR: {'PD_2,PD_3': inf, 'PD_2,PD_4': inf, 'PD_2,PD_5': inf, 'PD_3,PD_4': inf, 'PD_3,PD_5': inf, 'PD_4,PD_5': inf}
  Computing metrics...
    RSI: {'PD_2,PD_3': 0.5, 'PD_2,PD_4': 0.5, 'PD_2,PD_5': 0.5, 'PD_3,PD_4': 1.0, 'PD_3,PD_5': 1.0, 'PD_4,PD_5': 1.0}, ASR: 1.5, TCB: {'PD_2': ['PD_4', 'PD_3', 'PD_5'], 'PD_3': ['PD_2', 'PD_4', 'PD_5'], 'PD_4': ['PD_2', 'PD_3', 'PD_5'], 'PD_5': ['PD_2', 'PD_3', 'PD_4']}, FR: {'PD_2,PD_3': inf, 'PD_2,PD_4': inf, 'PD_2,PD_5': inf, 'PD_3,PD_4': inf, 'PD_3,PD_5': inf, 'PD_4,PD_5': inf}
  Computing metrics...
    RSI: {'PD_2,PD_3': 0.3333333333333333, 'PD_2,PD_4': 0.5, 'PD_2,PD_5': 0.5, 'PD_3,PD_4': 0.5, 'PD_3,PD_5': 0.5, 'PD_4,PD_5': 1.0}, ASR: 1.75, TCB: {'PD_2': ['PD_4', 'PD_3', 'PD_5'], 'PD_3': ['PD_2', 'PD_4', 'PD_5'], 'PD_4': ['PD_2', 'PD_3', 'PD_5'], 'PD_5': ['PD_2', 'PD_3', 'PD_4']}, FR: {'PD_2,PD_3': inf, 'PD_2,PD_4': inf, 'PD_2,PD_5': inf, 'PD_3,PD_4': inf, 'PD_3,PD_5': inf, 'PD_4,PD_5': inf}
  Computing metrics...
    RSI: {'PD_2,PD_3': 0.5, 'PD_2,PD_4': 0.5, 'PD_2,PD_5': 0.5, 'PD_3,PD_4': 1.0, 'PD_3,PD_5': 1.0, 'PD_4,PD_5': 1.0}, ASR: 1.5, TCB: {'PD_2': ['PD_4', 'PD_3', 'PD_5'], 'PD_3': ['PD_2', 'PD_4', 'PD_5'], 'PD_4': ['PD_2', 'PD_3', 'PD_5'], 'PD_5': ['PD_2', 'PD_3', 'PD_4']}, FR: {'PD_2,PD_3': inf, 'PD_2,PD_4': inf, 'PD_2,PD_5': inf, 'PD_3,PD_4': inf, 'PD_3,PD_5': inf, 'PD_4,PD_5': inf}
  Computing metrics...
    RSI: {'PD_2,PD_3': 0.5, 'PD_2,PD_4': 1.0, 'PD_2,PD_5': 0.5, 'PD_3,PD_4': 0.5, 'PD_3,PD_5': 1.0, 'PD_4,PD_5': 0.5}, ASR: 1.75, TCB: {'PD_2': ['PD_4', 'PD_3', 'PD_5'], 'PD_3': ['PD_2', 'PD_4', 'PD_5'], 'PD_4': ['PD_2', 'PD_3', 'PD_5'], 'PD_5': ['PD_2', 'PD_3', 'PD_4']}, FR: {'PD_2,PD_3': inf, 'PD_2,PD_4': inf, 'PD_2,PD_5': inf, 'PD_3,PD_4': inf, 'PD_3,PD_5': inf, 'PD_4,PD_5': inf}
  Computing metrics...
    RSI: {'PD_2,PD_3': 0.5, 'PD_2,PD_4': 0.5, 'PD_2,PD_5': 0.5, 'PD_3,PD_4': 1.0, 'PD_3,PD_5': 1.0, 'PD_4,PD_5': 1.0}, ASR: 1.5, TCB: {'PD_2': ['PD_4', 'PD_3', 'PD_5'], 'PD_3': ['PD_2', 'PD_4', 'PD_5'], 'PD_4': ['PD_2', 'PD_3', 'PD_5'], 'PD_5': ['PD_2', 'PD_3', 'PD_4']}, FR: {'PD_2,PD_3': inf, 'PD_2,PD_4': inf, 'PD_2,PD_5': inf, 'PD_3,PD_4': inf, 'PD_3,PD_5': inf, 'PD_4,PD_5': inf}
  Computing metrics...
    RSI: {'PD_2,PD_3': 0.5, 'PD_2,PD_4': 0.3333333333333333, 'PD_2,PD_5': 0.5, 'PD_3,PD_4': 0.5, 'PD_3,PD_5': 1.0, 'PD_4,PD_5': 0.5}, ASR: 1.75, TCB: {'PD_2': ['PD_4', 'PD_3', 'PD_5'], 'PD_3': ['PD_2', 'PD_4', 'PD_5'], 'PD_4': ['PD_2', 'PD_3', 'PD_5'], 'PD_5': ['PD_2', 'PD_3', 'PD_4']}, FR: {'PD_2,PD_3': inf, 'PD_2,PD_4': inf, 'PD_2,PD_5': inf, 'PD_3,PD_4': inf, 'PD_3,PD_5': inf, 'PD_4,PD_5': inf}
  Computing metrics...
    RSI: {'PD_2,PD_3': 0.5, 'PD_2,PD_4': 0.5, 'PD_2,PD_5': 0.5, 'PD_3,PD_4': 1.0, 'PD_3,PD_5': 1.0, 'PD_4,PD_5': 1.0}, ASR: 1.5, TCB: {'PD_2': ['PD_4', 'PD_3', 'PD_5'], 'PD_3': ['PD_2', 'PD_4', 'PD_5'], 'PD_4': ['PD_2', 'PD_3', 'PD_5'], 'PD_5': ['PD_2', 'PD_3', 'PD_4']}, FR: {'PD_2,PD_3': inf, 'PD_2,PD_4': inf, 'PD_2,PD_5': inf, 'PD_3,PD_4': inf, 'PD_3,PD_5': inf, 'PD_4,PD_5': inf}
  Computing metrics...
    RSI: {'PD_2,PD_3': 0.5, 'PD_2,PD_4': 0.5, 'PD_2,PD_5': 1.0, 'PD_3,PD_4': 1.0, 'PD_3,PD_5': 0.5, 'PD_4,PD_5': 0.5}, ASR: 1.75, TCB: {'PD_2': ['PD_4', 'PD_3', 'PD_5'], 'PD_3': ['PD_2', 'PD_4', 'PD_5'], 'PD_4': ['PD_2', 'PD_3', 'PD_5'], 'PD_5': ['PD_2', 'PD_3', 'PD_4']}, FR: {'PD_2,PD_3': inf, 'PD_2,PD_4': inf, 'PD_2,PD_5': inf, 'PD_3,PD_4': inf, 'PD_3,PD_5': inf, 'PD_4,PD_5': inf}
  Computing metrics...
    RSI: {'PD_2,PD_3': 0.5, 'PD_2,PD_4': 0.5, 'PD_2,PD_5': 0.5, 'PD_3,PD_4': 1.0, 'PD_3,PD_5': 1.0, 'PD_4,PD_5': 1.0}, ASR: 1.5, TCB: {'PD_2': ['PD_4', 'PD_3', 'PD_5'], 'PD_3': ['PD_2', 'PD_4', 'PD_5'], 'PD_4': ['PD_2', 'PD_3', 'PD_5'], 'PD_5': ['PD_2', 'PD_3', 'PD_4']}, FR: {'PD_2,PD_3': inf, 'PD_2,PD_4': inf, 'PD_2,PD_5': inf, 'PD_3,PD_4': inf, 'PD_3,PD_5': inf, 'PD_4,PD_5': inf}
  Computing metrics...
    RSI: {'PD_2,PD_3': 0.5, 'PD_2,PD_4': 0.5, 'PD_2,PD_5': 0.3333333333333333, 'PD_3,PD_4': 1.0, 'PD_3,PD_5': 0.5, 'PD_4,PD_5': 0.5}, ASR: 1.75, TCB: {'PD_2': ['PD_4', 'PD_3', 'PD_5'], 'PD_3': ['PD_2', 'PD_4', 'PD_5'], 'PD_4': ['PD_2', 'PD_3', 'PD_5'], 'PD_5': ['PD_2', 'PD_3', 'PD_4']}, FR: {'PD_2,PD_3': inf, 'PD_2,PD_4': inf, 'PD_2,PD_5': inf, 'PD_3,PD_4': inf, 'PD_3,PD_5': inf, 'PD_4,PD_5': inf}
  Computing metrics...
    RSI: {'PD_2,PD_3': 0.5, 'PD_2,PD_4': 0.5, 'PD_2,PD_5': 0.5, 'PD_3,PD_4': 1.0, 'PD_3,PD_5': 1.0, 'PD_4,PD_5': 1.0}, ASR: 1.5, TCB: {'PD_2': ['PD_4', 'PD_3', 'PD_5'], 'PD_3': ['PD_2', 'PD_4', 'PD_5'], 'PD_4': ['PD_2', 'PD_3', 'PD_5'], 'PD_5': ['PD_2', 'PD_3', 'PD_4']}, FR: {'PD_2,PD_3': inf, 'PD_2,PD_4': inf, 'PD_2,PD_5': inf, 'PD_3,PD_4': inf, 'PD_3,PD_5': inf, 'PD_4,PD_5': inf}
  Computing metrics...
    RSI: {'PD_2,PD_3': 0.5, 'PD_2,PD_4': 0.5, 'PD_2,PD_5': 0.5, 'PD_3,PD_4': 1.0, 'PD_3,PD_5': 1.0, 'PD_4,PD_5': 1.0}, ASR: 1.5, TCB: {'PD_2': ['PD_4', 'PD_3', 'PD_5'], 'PD_3': ['PD_2', 'PD_4', 'PD_5'], 'PD_4': ['PD_2', 'PD_3', 'PD_5'], 'PD_5': ['PD_2', 'PD_3', 'PD_4']}, FR: {'PD_2,PD_3': inf, 'PD_2,PD_4': inf, 'PD_2,PD_5': inf, 'PD_3,PD_4': inf, 'PD_3,PD_5': inf, 'PD_4,PD_5': inf}
    remove_hold_edge candidate: remove PD_2 -> FILE_1_1 HOLD edge -> score: 0.100
  Computing metrics...
    RSI: {'PD_2,PD_3': 0.5, 'PD_2,PD_4': 0.5, 'PD_2,PD_5': 0.5, 'PD_3,PD_4': 1.0, 'PD_3,PD_5': 1.0, 'PD_4,PD_5': 1.0}, ASR: 1.5, TCB: {'PD_2': ['PD_4', 'PD_3', 'PD_5'], 'PD_3': ['PD_2', 'PD_4', 'PD_5'], 'PD_4': ['PD_2', 'PD_3', 'PD_5'], 'PD_5': ['PD_2', 'PD_3', 'PD_4']}, FR: {'PD_2,PD_3': inf, 'PD_2,PD_4': inf, 'PD_2,PD_5': inf, 'PD_3,PD_4': inf, 'PD_3,PD_5': inf, 'PD_4,PD_5': inf}
  Computing metrics...
    RSI: {'PD_2,PD_3': 0.5, 'PD_2,PD_4': 0.5, 'PD_2,PD_5': 0.5, 'PD_3,PD_4': 1.0, 'PD_3,PD_5': 1.0, 'PD_4,PD_5': 1.0}, ASR: 1.5, TCB: {'PD_2': ['PD_4', 'PD_3', 'PD_5'], 'PD_3': ['PD_2', 'PD_4', 'PD_5'], 'PD_4': ['PD_2', 'PD_3', 'PD_5'], 'PD_5': ['PD_2', 'PD_3', 'PD_4']}, FR: {'PD_2,PD_3': inf, 'PD_2,PD_4': inf, 'PD_2,PD_5': inf, 'PD_3,PD_4': inf, 'PD_3,PD_5': inf, 'PD_4,PD_5': inf}
    remove_hold_edge candidate: remove PD_2 -> FILE_1_2 HOLD edge -> score: 0.100
  Computing metrics...
    RSI: {'PD_2,PD_3': 0.5, 'PD_2,PD_4': 0.5, 'PD_2,PD_5': 0.5, 'PD_3,PD_4': 1.0, 'PD_3,PD_5': 1.0, 'PD_4,PD_5': 1.0}, ASR: 1.5, TCB: {'PD_2': ['PD_4', 'PD_3', 'PD_5'], 'PD_3': ['PD_2', 'PD_4', 'PD_5'], 'PD_4': ['PD_2', 'PD_3', 'PD_5'], 'PD_5': ['PD_2', 'PD_3', 'PD_4']}, FR: {'PD_2,PD_3': inf, 'PD_2,PD_4': inf, 'PD_2,PD_5': inf, 'PD_3,PD_4': inf, 'PD_3,PD_5': inf, 'PD_4,PD_5': inf}
  Computing metrics...
    RSI: {'PD_2,PD_3': 0.5, 'PD_2,PD_4': 0.5, 'PD_2,PD_5': 0.5, 'PD_3,PD_4': 1.0, 'PD_3,PD_5': 1.0, 'PD_4,PD_5': 1.0}, ASR: 1.5, TCB: {'PD_2': ['PD_4', 'PD_3', 'PD_5'], 'PD_3': ['PD_2', 'PD_4', 'PD_5'], 'PD_4': ['PD_2', 'PD_3', 'PD_5'], 'PD_5': ['PD_2', 'PD_3', 'PD_4']}, FR: {'PD_2,PD_3': inf, 'PD_2,PD_4': inf, 'PD_2,PD_5': inf, 'PD_3,PD_4': inf, 'PD_3,PD_5': inf, 'PD_4,PD_5': inf}
    remove_hold_edge candidate: remove PD_3 -> FILE_1_1 HOLD edge -> score: 0.100
  Computing metrics...
    RSI: {'PD_2,PD_3': 0.5, 'PD_2,PD_4': 0.5, 'PD_2,PD_5': 0.5, 'PD_3,PD_4': 1.0, 'PD_3,PD_5': 1.0, 'PD_4,PD_5': 1.0}, ASR: 1.5, TCB: {'PD_2': ['PD_4', 'PD_3', 'PD_5'], 'PD_3': ['PD_2', 'PD_4', 'PD_5'], 'PD_4': ['PD_2', 'PD_3', 'PD_5'], 'PD_5': ['PD_2', 'PD_3', 'PD_4']}, FR: {'PD_2,PD_3': inf, 'PD_2,PD_4': inf, 'PD_2,PD_5': inf, 'PD_3,PD_4': inf, 'PD_3,PD_5': inf, 'PD_4,PD_5': inf}
  Computing metrics...
    RSI: {'PD_2,PD_3': 0.5, 'PD_2,PD_4': 0.5, 'PD_2,PD_5': 0.5, 'PD_3,PD_4': 1.0, 'PD_3,PD_5': 1.0, 'PD_4,PD_5': 1.0}, ASR: 1.5, TCB: {'PD_2': ['PD_4', 'PD_3', 'PD_5'], 'PD_3': ['PD_2', 'PD_4', 'PD_5'], 'PD_4': ['PD_2', 'PD_3', 'PD_5'], 'PD_5': ['PD_2', 'PD_3', 'PD_4']}, FR: {'PD_2,PD_3': inf, 'PD_2,PD_4': inf, 'PD_2,PD_5': inf, 'PD_3,PD_4': inf, 'PD_3,PD_5': inf, 'PD_4,PD_5': inf}
    remove_hold_edge candidate: remove PD_4 -> FILE_1_1 HOLD edge -> score: 0.100
  Computing metrics...
    RSI: {'PD_2,PD_3': 0.5, 'PD_2,PD_4': 0.5, 'PD_2,PD_5': 0.5, 'PD_3,PD_4': 1.0, 'PD_3,PD_5': 1.0, 'PD_4,PD_5': 1.0}, ASR: 1.5, TCB: {'PD_2': ['PD_4', 'PD_3', 'PD_5'], 'PD_3': ['PD_2', 'PD_4', 'PD_5'], 'PD_4': ['PD_2', 'PD_3', 'PD_5'], 'PD_5': ['PD_2', 'PD_3', 'PD_4']}, FR: {'PD_2,PD_3': inf, 'PD_2,PD_4': inf, 'PD_2,PD_5': inf, 'PD_3,PD_4': inf, 'PD_3,PD_5': inf, 'PD_4,PD_5': inf}
  Computing metrics...
    RSI: {'PD_2,PD_3': 0.5, 'PD_2,PD_4': 0.5, 'PD_2,PD_5': 0.5, 'PD_3,PD_4': 1.0, 'PD_3,PD_5': 1.0, 'PD_4,PD_5': 1.0}, ASR: 1.5, TCB: {'PD_2': ['PD_4', 'PD_3', 'PD_5'], 'PD_3': ['PD_2', 'PD_4', 'PD_5'], 'PD_4': ['PD_2', 'PD_3', 'PD_5'], 'PD_5': ['PD_2', 'PD_3', 'PD_4']}, FR: {'PD_2,PD_3': inf, 'PD_2,PD_4': inf, 'PD_2,PD_5': inf, 'PD_3,PD_4': inf, 'PD_3,PD_5': inf, 'PD_4,PD_5': inf}
    remove_hold_edge candidate: remove PD_5 -> FILE_1_1 HOLD edge -> score: 0.100
  Computing metrics...
    RSI: {'PD_2,PD_3': 0.5, 'PD_2,PD_4': 0.5, 'PD_2,PD_5': 0.5, 'PD_3,PD_4': 1.0, 'PD_3,PD_5': 1.0, 'PD_4,PD_5': 1.0}, ASR: 1.5, TCB: {'PD_2': ['PD_4', 'PD_3', 'PD_5'], 'PD_3': ['PD_2', 'PD_4', 'PD_5'], 'PD_4': ['PD_2', 'PD_3', 'PD_5'], 'PD_5': ['PD_2', 'PD_3', 'PD_4']}, FR: {'PD_2,PD_3': inf, 'PD_2,PD_4': inf, 'PD_2,PD_5': inf, 'PD_3,PD_4': inf, 'PD_3,PD_5': inf, 'PD_4,PD_5': inf}
  Computing metrics...
    RSI: {'PD_2,PD_3': 0.5, 'PD_2,PD_4': 0.5, 'PD_2,PD_5': 0.5, 'PD_3,PD_4': 1.0, 'PD_3,PD_5': 1.0, 'PD_4,PD_5': 1.0}, ASR: 1.75, TCB: {'PD_2': ['PD_4', 'PD_3', 'PD_5'], 'PD_3': ['PD_2', 'PD_4', 'PD_5'], 'PD_4': ['PD_2', 'PD_3', 'PD_5'], 'PD_5': ['PD_2', 'PD_3', 'PD_4']}, FR: {'PD_2,PD_3': inf, 'PD_2,PD_4': inf, 'PD_2,PD_5': inf, 'PD_3,PD_4': inf, 'PD_3,PD_5': inf, 'PD_4,PD_5': inf}
  Computing metrics...
    RSI: {'PD_2,PD_3': 0.5, 'PD_2,PD_4': 0.5, 'PD_2,PD_5': 0.5, 'PD_3,PD_4': 1.0, 'PD_3,PD_5': 1.0, 'PD_4,PD_5': 1.0}, ASR: 1.5, TCB: {'PD_2': ['PD_4', 'PD_3', 'PD_5'], 'PD_3': ['PD_2', 'PD_4', 'PD_5'], 'PD_4': ['PD_2', 'PD_3', 'PD_5'], 'PD_5': ['PD_2', 'PD_3', 'PD_4']}, FR: {'PD_2,PD_3': inf, 'PD_2,PD_4': inf, 'PD_2,PD_5': inf, 'PD_3,PD_4': inf, 'PD_3,PD_5': inf, 'PD_4,PD_5': inf}
  Computing metrics...
    RSI: {'PD_2,PD_3': 0.5, 'PD_2,PD_4': 0.5, 'PD_2,PD_5': 0.5, 'PD_3,PD_4': 1.0, 'PD_3,PD_5': 1.0, 'PD_4,PD_5': 1.0}, ASR: 1.75, TCB: {'PD_2': ['PD_4', 'PD_5', 'PD_3'], 'PD_3': ['PD_2', 'PD_4', 'PD_5'], 'PD_4': ['PD_2', 'PD_3', 'PD_5'], 'PD_5': ['PD_2', 'PD_3', 'PD_4']}, FR: {'PD_2,PD_3': inf, 'PD_2,PD_4': inf, 'PD_2,PD_5': inf, 'PD_3,PD_4': inf, 'PD_3,PD_5': inf, 'PD_4,PD_5': inf}
  Computing metrics...
    RSI: {'PD_2,PD_3': 0.5, 'PD_2,PD_4': 0.5, 'PD_2,PD_5': 0.5, 'PD_3,PD_4': 1.0, 'PD_3,PD_5': 1.0, 'PD_4,PD_5': 1.0}, ASR: 1.5, TCB: {'PD_2': ['PD_4', 'PD_3', 'PD_5'], 'PD_3': ['PD_2', 'PD_4', 'PD_5'], 'PD_4': ['PD_2', 'PD_3', 'PD_5'], 'PD_5': ['PD_2', 'PD_3', 'PD_4']}, FR: {'PD_2,PD_3': inf, 'PD_2,PD_4': inf, 'PD_2,PD_5': inf, 'PD_3,PD_4': inf, 'PD_3,PD_5': inf, 'PD_4,PD_5': inf}
  Computing metrics...
    RSI: {'PD_2,PD_3': 0.5, 'PD_2,PD_4': 0.5, 'PD_2,PD_5': 0.5, 'PD_3,PD_4': 1.0, 'PD_3,PD_5': 1.0, 'PD_4,PD_5': 1.0}, ASR: 1.75, TCB: {'PD_2': ['PD_4', 'PD_3', 'PD_5'], 'PD_3': ['PD_2', 'PD_4', 'PD_5'], 'PD_4': ['PD_2', 'PD_3', 'PD_5'], 'PD_5': ['PD_2', 'PD_3', 'PD_4']}, FR: {'PD_2,PD_3': 3, 'PD_2,PD_4': inf, 'PD_2,PD_5': inf, 'PD_3,PD_4': inf, 'PD_3,PD_5': inf, 'PD_4,PD_5': inf}
  Computing metrics...
    RSI: {'PD_2,PD_3': 0.5, 'PD_2,PD_4': 0.5, 'PD_2,PD_5': 0.5, 'PD_3,PD_4': 1.0, 'PD_3,PD_5': 1.0, 'PD_4,PD_5': 1.0}, ASR: 1.5, TCB: {'PD_2': ['PD_4', 'PD_3', 'PD_5'], 'PD_3': ['PD_2', 'PD_4', 'PD_5'], 'PD_4': ['PD_2', 'PD_3', 'PD_5'], 'PD_5': ['PD_2', 'PD_3', 'PD_4']}, FR: {'PD_2,PD_3': inf, 'PD_2,PD_4': inf, 'PD_2,PD_5': inf, 'PD_3,PD_4': inf, 'PD_3,PD_5': inf, 'PD_4,PD_5': inf}
  Computing metrics...
    RSI: {'PD_2,PD_3': 0.5, 'PD_2,PD_4': 0.5, 'PD_2,PD_5': 0.5, 'PD_3,PD_4': 1.0, 'PD_3,PD_5': 1.0, 'PD_4,PD_5': 1.0}, ASR: 1.75, TCB: {'PD_2': ['PD_4', 'PD_3', 'PD_5'], 'PD_3': ['PD_4', 'PD_2', 'PD_5'], 'PD_4': ['PD_2', 'PD_3', 'PD_5'], 'PD_5': ['PD_2', 'PD_3', 'PD_4']}, FR: {'PD_2,PD_3': 2, 'PD_2,PD_4': inf, 'PD_2,PD_5': inf, 'PD_3,PD_4': inf, 'PD_3,PD_5': inf, 'PD_4,PD_5': inf}
  Computing metrics...
    RSI: {'PD_2,PD_3': 0.5, 'PD_2,PD_4': 0.5, 'PD_2,PD_5': 0.5, 'PD_3,PD_4': 1.0, 'PD_3,PD_5': 1.0, 'PD_4,PD_5': 1.0}, ASR: 1.5, TCB: {'PD_2': ['PD_4', 'PD_3', 'PD_5'], 'PD_3': ['PD_2', 'PD_4', 'PD_5'], 'PD_4': ['PD_2', 'PD_3', 'PD_5'], 'PD_5': ['PD_2', 'PD_3', 'PD_4']}, FR: {'PD_2,PD_3': inf, 'PD_2,PD_4': inf, 'PD_2,PD_5': inf, 'PD_3,PD_4': inf, 'PD_3,PD_5': inf, 'PD_4,PD_5': inf}
  Computing metrics...
    RSI: {'PD_2,PD_3': 0.5, 'PD_2,PD_4': 0.5, 'PD_2,PD_5': 0.5, 'PD_3,PD_4': 1.0, 'PD_3,PD_5': 1.0, 'PD_4,PD_5': 1.0}, ASR: 1.75, TCB: {'PD_2': ['PD_4', 'PD_3', 'PD_5'], 'PD_3': ['PD_5', 'PD_2', 'PD_4'], 'PD_4': ['PD_2', 'PD_3', 'PD_5'], 'PD_5': ['PD_2', 'PD_3', 'PD_4']}, FR: {'PD_2,PD_3': inf, 'PD_2,PD_4': inf, 'PD_2,PD_5': inf, 'PD_3,PD_4': inf, 'PD_3,PD_5': inf, 'PD_4,PD_5': inf}
  Computing metrics...
    RSI: {'PD_2,PD_3': 0.5, 'PD_2,PD_4': 0.5, 'PD_2,PD_5': 0.5, 'PD_3,PD_4': 1.0, 'PD_3,PD_5': 1.0, 'PD_4,PD_5': 1.0}, ASR: 1.5, TCB: {'PD_2': ['PD_4', 'PD_3', 'PD_5'], 'PD_3': ['PD_2', 'PD_4', 'PD_5'], 'PD_4': ['PD_2', 'PD_3', 'PD_5'], 'PD_5': ['PD_2', 'PD_3', 'PD_4']}, FR: {'PD_2,PD_3': inf, 'PD_2,PD_4': inf, 'PD_2,PD_5': inf, 'PD_3,PD_4': inf, 'PD_3,PD_5': inf, 'PD_4,PD_5': inf}
  Computing metrics...
    RSI: {'PD_2,PD_3': 0.5, 'PD_2,PD_4': 0.5, 'PD_2,PD_5': 0.5, 'PD_3,PD_4': 1.0, 'PD_3,PD_5': 1.0, 'PD_4,PD_5': 1.0}, ASR: 1.75, TCB: {'PD_2': ['PD_4', 'PD_3', 'PD_5'], 'PD_3': ['PD_2', 'PD_4', 'PD_5'], 'PD_4': ['PD_2', 'PD_3', 'PD_5'], 'PD_5': ['PD_2', 'PD_3', 'PD_4']}, FR: {'PD_2,PD_3': inf, 'PD_2,PD_4': inf, 'PD_2,PD_5': inf, 'PD_3,PD_4': inf, 'PD_3,PD_5': inf, 'PD_4,PD_5': inf}
  Computing metrics...
    RSI: {'PD_2,PD_3': 0.5, 'PD_2,PD_4': 0.5, 'PD_2,PD_5': 0.5, 'PD_3,PD_4': 1.0, 'PD_3,PD_5': 1.0, 'PD_4,PD_5': 1.0}, ASR: 1.5, TCB: {'PD_2': ['PD_4', 'PD_3', 'PD_5'], 'PD_3': ['PD_2', 'PD_4', 'PD_5'], 'PD_4': ['PD_2', 'PD_3', 'PD_5'], 'PD_5': ['PD_2', 'PD_3', 'PD_4']}, FR: {'PD_2,PD_3': inf, 'PD_2,PD_4': inf, 'PD_2,PD_5': inf, 'PD_3,PD_4': inf, 'PD_3,PD_5': inf, 'PD_4,PD_5': inf}
  Computing metrics...
    RSI: {'PD_2,PD_3': 0.5, 'PD_2,PD_4': 0.5, 'PD_2,PD_5': 0.5, 'PD_3,PD_4': 1.0, 'PD_3,PD_5': 1.0, 'PD_4,PD_5': 1.0}, ASR: 1.75, TCB: {'PD_2': ['PD_4', 'PD_3', 'PD_5'], 'PD_3': ['PD_2', 'PD_4', 'PD_5'], 'PD_4': ['PD_3', 'PD_2', 'PD_5'], 'PD_5': ['PD_2', 'PD_3', 'PD_4']}, FR: {'PD_2,PD_3': inf, 'PD_2,PD_4': 3, 'PD_2,PD_5': inf, 'PD_3,PD_4': inf, 'PD_3,PD_5': inf, 'PD_4,PD_5': inf}
  Computing metrics...
    RSI: {'PD_2,PD_3': 0.5, 'PD_2,PD_4': 0.5, 'PD_2,PD_5': 0.5, 'PD_3,PD_4': 1.0, 'PD_3,PD_5': 1.0, 'PD_4,PD_5': 1.0}, ASR: 1.5, TCB: {'PD_2': ['PD_4', 'PD_3', 'PD_5'], 'PD_3': ['PD_2', 'PD_4', 'PD_5'], 'PD_4': ['PD_2', 'PD_3', 'PD_5'], 'PD_5': ['PD_2', 'PD_3', 'PD_4']}, FR: {'PD_2,PD_3': inf, 'PD_2,PD_4': inf, 'PD_2,PD_5': inf, 'PD_3,PD_4': inf, 'PD_3,PD_5': inf, 'PD_4,PD_5': inf}
  Computing metrics...
    RSI: {'PD_2,PD_3': 0.5, 'PD_2,PD_4': 0.5, 'PD_2,PD_5': 0.5, 'PD_3,PD_4': 1.0, 'PD_3,PD_5': 1.0, 'PD_4,PD_5': 1.0}, ASR: 1.75, TCB: {'PD_2': ['PD_4', 'PD_3', 'PD_5'], 'PD_3': ['PD_2', 'PD_4', 'PD_5'], 'PD_4': ['PD_5', 'PD_2', 'PD_3'], 'PD_5': ['PD_2', 'PD_3', 'PD_4']}, FR: {'PD_2,PD_3': inf, 'PD_2,PD_4': 3, 'PD_2,PD_5': inf, 'PD_3,PD_4': inf, 'PD_3,PD_5': inf, 'PD_4,PD_5': inf}
  Computing metrics...
    RSI: {'PD_2,PD_3': 0.5, 'PD_2,PD_4': 0.5, 'PD_2,PD_5': 0.5, 'PD_3,PD_4': 1.0, 'PD_3,PD_5': 1.0, 'PD_4,PD_5': 1.0}, ASR: 1.5, TCB: {'PD_2': ['PD_4', 'PD_3', 'PD_5'], 'PD_3': ['PD_2', 'PD_4', 'PD_5'], 'PD_4': ['PD_2', 'PD_3', 'PD_5'], 'PD_5': ['PD_2', 'PD_3', 'PD_4']}, FR: {'PD_2,PD_3': inf, 'PD_2,PD_4': inf, 'PD_2,PD_5': inf, 'PD_3,PD_4': inf, 'PD_3,PD_5': inf, 'PD_4,PD_5': inf}
  Computing metrics...
    RSI: {'PD_2,PD_3': 0.5, 'PD_2,PD_4': 0.5, 'PD_2,PD_5': 0.5, 'PD_3,PD_4': 1.0, 'PD_3,PD_5': 1.0, 'PD_4,PD_5': 1.0}, ASR: 1.75, TCB: {'PD_2': ['PD_4', 'PD_3', 'PD_5'], 'PD_3': ['PD_2', 'PD_4', 'PD_5'], 'PD_4': ['PD_2', 'PD_3', 'PD_5'], 'PD_5': ['PD_2', 'PD_3', 'PD_4']}, FR: {'PD_2,PD_3': inf, 'PD_2,PD_4': inf, 'PD_2,PD_5': 3, 'PD_3,PD_4': inf, 'PD_3,PD_5': inf, 'PD_4,PD_5': inf}
  Computing metrics...
    RSI: {'PD_2,PD_3': 0.5, 'PD_2,PD_4': 0.5, 'PD_2,PD_5': 0.5, 'PD_3,PD_4': 1.0, 'PD_3,PD_5': 1.0, 'PD_4,PD_5': 1.0}, ASR: 1.5, TCB: {'PD_2': ['PD_4', 'PD_3', 'PD_5'], 'PD_3': ['PD_2', 'PD_4', 'PD_5'], 'PD_4': ['PD_2', 'PD_3', 'PD_5'], 'PD_5': ['PD_2', 'PD_3', 'PD_4']}, FR: {'PD_2,PD_3': inf, 'PD_2,PD_4': inf, 'PD_2,PD_5': inf, 'PD_3,PD_4': inf, 'PD_3,PD_5': inf, 'PD_4,PD_5': inf}
  Computing metrics...
    RSI: {'PD_2,PD_3': 0.5, 'PD_2,PD_4': 0.5, 'PD_2,PD_5': 0.5, 'PD_3,PD_4': 1.0, 'PD_3,PD_5': 1.0, 'PD_4,PD_5': 1.0}, ASR: 1.75, TCB: {'PD_2': ['PD_4', 'PD_3', 'PD_5'], 'PD_3': ['PD_2', 'PD_4', 'PD_5'], 'PD_4': ['PD_2', 'PD_3', 'PD_5'], 'PD_5': ['PD_3', 'PD_2', 'PD_4']}, FR: {'PD_2,PD_3': inf, 'PD_2,PD_4': inf, 'PD_2,PD_5': inf, 'PD_3,PD_4': inf, 'PD_3,PD_5': inf, 'PD_4,PD_5': inf}
  Computing metrics...
    RSI: {'PD_2,PD_3': 0.5, 'PD_2,PD_4': 0.5, 'PD_2,PD_5': 0.5, 'PD_3,PD_4': 1.0, 'PD_3,PD_5': 1.0, 'PD_4,PD_5': 1.0}, ASR: 1.5, TCB: {'PD_2': ['PD_4', 'PD_3', 'PD_5'], 'PD_3': ['PD_2', 'PD_4', 'PD_5'], 'PD_4': ['PD_2', 'PD_3', 'PD_5'], 'PD_5': ['PD_2', 'PD_3', 'PD_4']}, FR: {'PD_2,PD_3': inf, 'PD_2,PD_4': inf, 'PD_2,PD_5': inf, 'PD_3,PD_4': inf, 'PD_3,PD_5': inf, 'PD_4,PD_5': inf}
  Computing metrics...
    RSI: {'PD_2,PD_3': 0.5, 'PD_2,PD_4': 0.5, 'PD_2,PD_5': 0.5, 'PD_3,PD_4': 1.0, 'PD_3,PD_5': 1.0, 'PD_4,PD_5': 1.0}, ASR: 1.75, TCB: {'PD_2': ['PD_4', 'PD_3', 'PD_5'], 'PD_3': ['PD_2', 'PD_4', 'PD_5'], 'PD_4': ['PD_2', 'PD_3', 'PD_5'], 'PD_5': ['PD_4', 'PD_2', 'PD_3']}, FR: {'PD_2,PD_3': inf, 'PD_2,PD_4': inf, 'PD_2,PD_5': 2, 'PD_3,PD_4': inf, 'PD_3,PD_5': inf, 'PD_4,PD_5': inf}
  Computing metrics...
    RSI: {'PD_2,PD_3': 0.5, 'PD_2,PD_4': 0.5, 'PD_2,PD_5': 0.5, 'PD_3,PD_4': 1.0, 'PD_3,PD_5': 1.0, 'PD_4,PD_5': 1.0}, ASR: 1.5, TCB: {'PD_2': ['PD_4', 'PD_3', 'PD_5'], 'PD_3': ['PD_2', 'PD_4', 'PD_5'], 'PD_4': ['PD_2', 'PD_3', 'PD_5'], 'PD_5': ['PD_2', 'PD_3', 'PD_4']}, FR: {'PD_2,PD_3': inf, 'PD_2,PD_4': inf, 'PD_2,PD_5': inf, 'PD_3,PD_4': inf, 'PD_3,PD_5': inf, 'PD_4,PD_5': inf}
  Computing metrics...
    RSI: {'PD_2,PD_3': 0.5, 'PD_2,PD_4': 0.5, 'PD_2,PD_5': 0.5, 'PD_3,PD_4': 1.0, 'PD_3,PD_5': 1.0, 'PD_4,PD_5': 1.0}, ASR: 1.5, TCB: {'PD_2': ['PD_4', 'PD_3', 'PD_5'], 'PD_3': ['PD_2', 'PD_4', 'PD_5'], 'PD_4': ['PD_2', 'PD_3', 'PD_5'], 'PD_5': ['PD_2', 'PD_3', 'PD_4']}, FR: {'PD_2,PD_3': inf, 'PD_2,PD_4': inf, 'PD_2,PD_5': inf, 'PD_3,PD_4': inf, 'PD_3,PD_5': inf, 'PD_4,PD_5': inf}
  Computing metrics...
    RSI: {'PD_2,PD_3': 0.5, 'PD_2,PD_4': 0.5, 'PD_2,PD_5': 0.5, 'PD_3,PD_4': 1.0, 'PD_3,PD_5': 1.0, 'PD_4,PD_5': 1.0}, ASR: 1.5, TCB: {'PD_2': ['PD_4', 'PD_3', 'PD_5'], 'PD_3': ['PD_2', 'PD_4', 'PD_5'], 'PD_4': ['PD_2', 'PD_3', 'PD_5'], 'PD_5': ['PD_2', 'PD_3', 'PD_4']}, FR: {'PD_2,PD_3': inf, 'PD_2,PD_4': inf, 'PD_2,PD_5': inf, 'PD_3,PD_4': inf, 'PD_3,PD_5': inf, 'PD_4,PD_5': inf}
  Computing metrics...
    RSI: {'PD_2,PD_3': 0.5, 'PD_2,PD_4': 0.5, 'PD_2,PD_5': 0.5, 'PD_3,PD_4': 1.0, 'PD_3,PD_5': 1.0, 'PD_4,PD_5': 1.0}, ASR: 1.5, TCB: {'PD_2': ['PD_4', 'PD_3', 'PD_5'], 'PD_3': ['PD_2', 'PD_4', 'PD_5'], 'PD_4': ['PD_2', 'PD_3', 'PD_5'], 'PD_5': ['PD_2', 'PD_3', 'PD_4']}, FR: {'PD_2,PD_3': inf, 'PD_2,PD_4': inf, 'PD_2,PD_5': inf, 'PD_3,PD_4': inf, 'PD_3,PD_5': inf, 'PD_4,PD_5': inf}
  Computing metrics...
    RSI: {'PD_2,PD_3': 0.5, 'PD_2,PD_4': 0.5, 'PD_2,PD_5': 0.5, 'PD_3,PD_4': 1.0, 'PD_3,PD_5': 1.0, 'PD_4,PD_5': 1.0}, ASR: 1.5, TCB: {'PD_2': ['PD_4', 'PD_3', 'PD_5'], 'PD_3': ['PD_2', 'PD_4', 'PD_5'], 'PD_4': ['PD_2', 'PD_3', 'PD_5'], 'PD_5': ['PD_2', 'PD_3', 'PD_4']}, FR: {'PD_2,PD_3': inf, 'PD_2,PD_4': inf, 'PD_2,PD_5': inf, 'PD_3,PD_4': inf, 'PD_3,PD_5': inf, 'PD_4,PD_5': inf}
  Computing metrics...
    RSI: {'PD_2,PD_3': 0.5, 'PD_2,PD_4': 0.5, 'PD_2,PD_5': 0.5, 'PD_3,PD_4': 1.0, 'PD_3,PD_5': 1.0, 'PD_4,PD_5': 1.0}, ASR: 1.5, TCB: {'PD_2': ['PD_4', 'PD_3', 'PD_5'], 'PD_3': ['PD_2', 'PD_4', 'PD_5'], 'PD_4': ['PD_2', 'PD_3', 'PD_5'], 'PD_5': ['PD_2', 'PD_3', 'PD_4']}, FR: {'PD_2,PD_3': inf, 'PD_2,PD_4': inf, 'PD_2,PD_5': inf, 'PD_3,PD_4': inf, 'PD_3,PD_5': inf, 'PD_4,PD_5': inf}
  Computing metrics...
    RSI: {'PD_2,PD_3': 0.5, 'PD_2,PD_4': 0.5, 'PD_2,PD_5': 0.5, 'PD_3,PD_4': 1.0, 'PD_3,PD_5': 1.0, 'PD_4,PD_5': 1.0}, ASR: 1.5, TCB: {'PD_2': ['PD_4', 'PD_3', 'PD_5'], 'PD_3': ['PD_2', 'PD_4', 'PD_5'], 'PD_4': ['PD_2', 'PD_3', 'PD_5'], 'PD_5': ['PD_2', 'PD_3', 'PD_4']}, FR: {'PD_2,PD_3': inf, 'PD_2,PD_4': inf, 'PD_2,PD_5': inf, 'PD_3,PD_4': inf, 'PD_3,PD_5': inf, 'PD_4,PD_5': inf}
  Computing metrics...
    RSI: {'PD_2,PD_3': 0.5, 'PD_2,PD_4': 0.5, 'PD_2,PD_5': 0.5, 'PD_3,PD_4': 1.0, 'PD_3,PD_5': 1.0, 'PD_4,PD_5': 1.0}, ASR: 1.5, TCB: {'PD_2': ['PD_4', 'PD_3', 'PD_5'], 'PD_3': ['PD_2', 'PD_4', 'PD_5'], 'PD_4': ['PD_2', 'PD_3', 'PD_5'], 'PD_5': ['PD_2', 'PD_3', 'PD_4']}, FR: {'PD_2,PD_3': inf, 'PD_2,PD_4': inf, 'PD_2,PD_5': inf, 'PD_3,PD_4': inf, 'PD_3,PD_5': inf, 'PD_4,PD_5': inf}
  🚫 Filtered out 0 'add_file_resource(create new CONFIG file in FILE_SPACE_1)' candidates (avoiding repetition)
  Trying best transition: primitive
    Target: add new protection domain to help resolve 2 constraint violation(s)
    Predicted improvement: 0.100
    Considered 33 other option(s):
      1. primitive: create new CONFIG file in FILE_SPACE_1 (improvement: 0.100)
      2. primitive: create new DATABASE file in FILE_SPACE_1 (improvement: 0.100)
      3. primitive: create new TEMP file in FILE_SPACE_1 (improvement: 0.100)
      4. primitive: create new LOG file in FILE_SPACE_1 (improvement: 0.100)
      5. primitive: remove FILE_1_1 (holders: 4) (improvement: 0.100)
      6. primitive: remove FILE_1_3 (holders: 0) (improvement: 0.100)
      7. primitive: remove PD_2 -> FILE_1_1 HOLD edge (improvement: 0.100)
      8. primitive: remove PD_2 -> FILE_1_2 HOLD edge (improvement: 0.100)
      9. primitive: remove PD_3 -> FILE_1_1 HOLD edge (improvement: 0.100)
      10. primitive: remove PD_4 -> FILE_1_1 HOLD edge (improvement: 0.100)
      ... and 23 more
    ✅ Applied add_pd
  📋 Generated 34 candidate(s)
  Computing metrics...
    RSI: {'PD_2,PD_3': 0.5, 'PD_2,PD_4': 0.5, 'PD_2,PD_5': 0.5, 'PD_2,PD_6': 0.0, 'PD_3,PD_4': 1.0, 'PD_3,PD_5': 1.0, 'PD_3,PD_6': 0.0, 'PD_4,PD_5': 1.0, 'PD_4,PD_6': 0.0, 'PD_5,PD_6': 0.0}, ASR: 1.2, TCB: {'PD_2': ['PD_4', 'PD_3', 'PD_5'], 'PD_3': ['PD_2', 'PD_4', 'PD_5'], 'PD_4': ['PD_2', 'PD_3', 'PD_5'], 'PD_5': ['PD_2', 'PD_3', 'PD_4'], 'PD_6': []}, FR: {'PD_2,PD_3': inf, 'PD_2,PD_4': inf, 'PD_2,PD_5': inf, 'PD_2,PD_6': inf, 'PD_3,PD_4': inf, 'PD_3,PD_5': inf, 'PD_3,PD_6': inf, 'PD_4,PD_5': inf, 'PD_4,PD_6': inf, 'PD_5,PD_6': inf}
    ✅ Added candidate: add_pd (score: 0.100)
  Computing metrics...
    RSI: {'PD_2,PD_3': 0.5, 'PD_2,PD_4': 0.5, 'PD_2,PD_5': 0.5, 'PD_3,PD_4': 1.0, 'PD_3,PD_5': 1.0, 'PD_4,PD_5': 1.0}, ASR: 1.5, TCB: {'PD_2': ['PD_4', 'PD_3', 'PD_5'], 'PD_3': ['PD_2', 'PD_4', 'PD_5'], 'PD_4': ['PD_2', 'PD_3', 'PD_5'], 'PD_5': ['PD_2', 'PD_3', 'PD_4']}, FR: {'PD_2,PD_3': inf, 'PD_2,PD_4': inf, 'PD_2,PD_5': inf, 'PD_3,PD_4': inf, 'PD_3,PD_5': inf, 'PD_4,PD_5': inf}
    ✅ Added candidate: add_file_resource (score: 0.100)

🌟 Expanding Beam[2] (score: 0.100)
  ⚠️  Constraints violated: PD_1 lacks any access to FILE_1_1; PD_1 lacks access to any files
  Computing metrics...
    RSI: {'PD_2,PD_3': 0.5, 'PD_2,PD_4': 1.0, 'PD_2,PD_5': 1.0, 'PD_2,PD_6': 0.0, 'PD_3,PD_4': 0.5, 'PD_3,PD_5': 0.5, 'PD_3,PD_6': 0.0, 'PD_4,PD_5': 1.0, 'PD_4,PD_6': 0.0, 'PD_5,PD_6': 0.0}, ASR: 1.2, TCB: {'PD_2': ['PD_4', 'PD_3', 'PD_5'], 'PD_3': ['PD_2', 'PD_4', 'PD_5'], 'PD_4': ['PD_2', 'PD_3', 'PD_5'], 'PD_5': ['PD_2', 'PD_3', 'PD_4'], 'PD_6': []}, FR: {'PD_2,PD_3': inf, 'PD_2,PD_4': inf, 'PD_2,PD_5': inf, 'PD_2,PD_6': inf, 'PD_3,PD_4': inf, 'PD_3,PD_5': inf, 'PD_3,PD_6': inf, 'PD_4,PD_5': inf, 'PD_4,PD_6': inf, 'PD_5,PD_6': inf}
  Computing metrics...
    RSI: {'PD_2,PD_3': 0.5, 'PD_2,PD_4': 1.0, 'PD_2,PD_5': 1.0, 'PD_2,PD_6': 0.0, 'PD_3,PD_4': 0.5, 'PD_3,PD_5': 0.5, 'PD_3,PD_6': 0.0, 'PD_4,PD_5': 1.0, 'PD_4,PD_6': 0.0, 'PD_5,PD_6': 0.0}, ASR: 1.2, TCB: {'PD_2': ['PD_4', 'PD_3', 'PD_5'], 'PD_3': ['PD_2', 'PD_4', 'PD_5'], 'PD_4': ['PD_2', 'PD_3', 'PD_5'], 'PD_5': ['PD_2', 'PD_3', 'PD_4'], 'PD_6': []}, FR: {'PD_2,PD_3': inf, 'PD_2,PD_4': inf, 'PD_2,PD_5': inf, 'PD_2,PD_6': inf, 'PD_3,PD_4': inf, 'PD_3,PD_5': inf, 'PD_3,PD_6': inf, 'PD_4,PD_5': inf, 'PD_4,PD_6': inf, 'PD_5,PD_6': inf}
  Computing metrics...
    RSI: {'PD_2,PD_3': 0.5, 'PD_2,PD_4': 1.0, 'PD_2,PD_5': 1.0, 'PD_2,PD_6': 0.0, 'PD_3,PD_4': 0.5, 'PD_3,PD_5': 0.5, 'PD_3,PD_6': 0.0, 'PD_4,PD_5': 1.0, 'PD_4,PD_6': 0.0, 'PD_5,PD_6': 0.0}, ASR: 1.2, TCB: {'PD_2': ['PD_4', 'PD_3', 'PD_5'], 'PD_3': ['PD_2', 'PD_4', 'PD_5'], 'PD_4': ['PD_2', 'PD_3', 'PD_5'], 'PD_5': ['PD_2', 'PD_3', 'PD_4'], 'PD_6': []}, FR: {'PD_2,PD_3': inf, 'PD_2,PD_4': inf, 'PD_2,PD_5': inf, 'PD_2,PD_6': inf, 'PD_3,PD_4': inf, 'PD_3,PD_5': inf, 'PD_3,PD_6': inf, 'PD_4,PD_5': inf, 'PD_4,PD_6': inf, 'PD_5,PD_6': inf}
  Computing metrics...
    RSI: {'PD_2,PD_3': 0.5, 'PD_2,PD_4': 1.0, 'PD_2,PD_5': 1.0, 'PD_2,PD_6': 0.0, 'PD_3,PD_4': 0.5, 'PD_3,PD_5': 0.5, 'PD_3,PD_6': 0.0, 'PD_4,PD_5': 1.0, 'PD_4,PD_6': 0.0, 'PD_5,PD_6': 0.0}, ASR: 1.2, TCB: {'PD_2': ['PD_4', 'PD_3', 'PD_5'], 'PD_3': ['PD_2', 'PD_4', 'PD_5'], 'PD_4': ['PD_2', 'PD_3', 'PD_5'], 'PD_5': ['PD_2', 'PD_3', 'PD_4'], 'PD_6': []}, FR: {'PD_2,PD_3': inf, 'PD_2,PD_4': inf, 'PD_2,PD_5': inf, 'PD_2,PD_6': inf, 'PD_3,PD_4': inf, 'PD_3,PD_5': inf, 'PD_3,PD_6': inf, 'PD_4,PD_5': inf, 'PD_4,PD_6': inf, 'PD_5,PD_6': inf}
  Computing metrics...
    RSI: {'PD_2,PD_3': 0.5, 'PD_2,PD_4': 1.0, 'PD_2,PD_5': 1.0, 'PD_2,PD_6': 0.0, 'PD_3,PD_4': 0.5, 'PD_3,PD_5': 0.5, 'PD_3,PD_6': 0.0, 'PD_4,PD_5': 1.0, 'PD_4,PD_6': 0.0, 'PD_5,PD_6': 0.0}, ASR: 1.2, TCB: {'PD_2': ['PD_4', 'PD_3', 'PD_5'], 'PD_3': ['PD_2', 'PD_4', 'PD_5'], 'PD_4': ['PD_2', 'PD_3', 'PD_5'], 'PD_5': ['PD_2', 'PD_3', 'PD_4'], 'PD_6': []}, FR: {'PD_2,PD_3': inf, 'PD_2,PD_4': inf, 'PD_2,PD_5': inf, 'PD_2,PD_6': inf, 'PD_3,PD_4': inf, 'PD_3,PD_5': inf, 'PD_3,PD_6': inf, 'PD_4,PD_5': inf, 'PD_4,PD_6': inf, 'PD_5,PD_6': inf}
  Computing metrics...
    RSI: {'PD_2,PD_3': 0.5, 'PD_2,PD_4': 1.0, 'PD_2,PD_5': 1.0, 'PD_2,PD_6': 0.0, 'PD_3,PD_4': 0.5, 'PD_3,PD_5': 0.5, 'PD_3,PD_6': 0.0, 'PD_4,PD_5': 1.0, 'PD_4,PD_6': 0.0, 'PD_5,PD_6': 0.0}, ASR: 1.2, TCB: {'PD_2': ['PD_4', 'PD_3', 'PD_5'], 'PD_3': ['PD_2', 'PD_4', 'PD_5'], 'PD_4': ['PD_2', 'PD_3', 'PD_5'], 'PD_5': ['PD_2', 'PD_3', 'PD_4'], 'PD_6': []}, FR: {'PD_2,PD_3': inf, 'PD_2,PD_4': inf, 'PD_2,PD_5': inf, 'PD_2,PD_6': inf, 'PD_3,PD_4': inf, 'PD_3,PD_5': inf, 'PD_3,PD_6': inf, 'PD_4,PD_5': inf, 'PD_4,PD_6': inf, 'PD_5,PD_6': inf}
  Computing metrics...
    RSI: {'PD_2,PD_3': 0.5, 'PD_2,PD_4': 1.0, 'PD_2,PD_5': 1.0, 'PD_2,PD_6': 0.0, 'PD_3,PD_4': 0.5, 'PD_3,PD_5': 0.5, 'PD_3,PD_6': 0.0, 'PD_4,PD_5': 1.0, 'PD_4,PD_6': 0.0, 'PD_5,PD_6': 0.0}, ASR: 1.2, TCB: {'PD_2': ['PD_4', 'PD_3', 'PD_5'], 'PD_3': ['PD_2', 'PD_4', 'PD_5'], 'PD_4': ['PD_2', 'PD_3', 'PD_5'], 'PD_5': ['PD_2', 'PD_3', 'PD_4'], 'PD_6': []}, FR: {'PD_2,PD_3': inf, 'PD_2,PD_4': inf, 'PD_2,PD_5': inf, 'PD_2,PD_6': inf, 'PD_3,PD_4': inf, 'PD_3,PD_5': inf, 'PD_3,PD_6': inf, 'PD_4,PD_5': inf, 'PD_4,PD_6': inf, 'PD_5,PD_6': inf}
  Computing metrics...
    RSI: {'PD_2,PD_3': 0.5, 'PD_2,PD_4': 1.0, 'PD_2,PD_5': 1.0, 'PD_2,PD_6': 0.0, 'PD_3,PD_4': 0.5, 'PD_3,PD_5': 0.5, 'PD_3,PD_6': 0.0, 'PD_4,PD_5': 1.0, 'PD_4,PD_6': 0.0, 'PD_5,PD_6': 0.0}, ASR: 1.2, TCB: {'PD_2': ['PD_4', 'PD_3', 'PD_5'], 'PD_3': ['PD_2', 'PD_4', 'PD_5'], 'PD_4': ['PD_2', 'PD_3', 'PD_5'], 'PD_5': ['PD_2', 'PD_3', 'PD_4'], 'PD_6': []}, FR: {'PD_2,PD_3': inf, 'PD_2,PD_4': inf, 'PD_2,PD_5': inf, 'PD_2,PD_6': inf, 'PD_3,PD_4': inf, 'PD_3,PD_5': inf, 'PD_3,PD_6': inf, 'PD_4,PD_5': inf, 'PD_4,PD_6': inf, 'PD_5,PD_6': inf}
  Computing metrics...
    RSI: {'PD_2,PD_3': 0.5, 'PD_2,PD_4': 1.0, 'PD_2,PD_5': 1.0, 'PD_2,PD_6': 0.0, 'PD_3,PD_4': 0.5, 'PD_3,PD_5': 0.5, 'PD_3,PD_6': 0.0, 'PD_4,PD_5': 1.0, 'PD_4,PD_6': 0.0, 'PD_5,PD_6': 0.0}, ASR: 1.2, TCB: {'PD_2': ['PD_4', 'PD_3', 'PD_5'], 'PD_3': ['PD_2', 'PD_4', 'PD_5'], 'PD_4': ['PD_2', 'PD_3', 'PD_5'], 'PD_5': ['PD_2', 'PD_3', 'PD_4'], 'PD_6': []}, FR: {'PD_2,PD_3': inf, 'PD_2,PD_4': inf, 'PD_2,PD_5': inf, 'PD_2,PD_6': inf, 'PD_3,PD_4': inf, 'PD_3,PD_5': inf, 'PD_3,PD_6': inf, 'PD_4,PD_5': inf, 'PD_4,PD_6': inf, 'PD_5,PD_6': inf}
  Computing metrics...
    RSI: {'PD_2,PD_3': 0.5, 'PD_2,PD_4': 1.0, 'PD_2,PD_5': 1.0, 'PD_2,PD_6': 0.0, 'PD_3,PD_4': 0.5, 'PD_3,PD_5': 0.5, 'PD_3,PD_6': 0.0, 'PD_4,PD_5': 1.0, 'PD_4,PD_6': 0.0, 'PD_5,PD_6': 0.0}, ASR: 1.2, TCB: {'PD_2': ['PD_4', 'PD_3', 'PD_5'], 'PD_3': ['PD_2', 'PD_4', 'PD_5'], 'PD_4': ['PD_2', 'PD_3', 'PD_5'], 'PD_5': ['PD_2', 'PD_3', 'PD_4'], 'PD_6': []}, FR: {'PD_2,PD_3': inf, 'PD_2,PD_4': inf, 'PD_2,PD_5': inf, 'PD_2,PD_6': inf, 'PD_3,PD_4': inf, 'PD_3,PD_5': inf, 'PD_3,PD_6': inf, 'PD_4,PD_5': inf, 'PD_4,PD_6': inf, 'PD_5,PD_6': inf}
  Computing metrics...
    RSI: {'PD_2,PD_3': 0.5, 'PD_2,PD_4': 1.0, 'PD_2,PD_5': 1.0, 'PD_2,PD_6': 0.0, 'PD_3,PD_4': 0.5, 'PD_3,PD_5': 0.5, 'PD_3,PD_6': 0.0, 'PD_4,PD_5': 1.0, 'PD_4,PD_6': 0.0, 'PD_5,PD_6': 0.0}, ASR: 1.2, TCB: {'PD_2': ['PD_4', 'PD_3', 'PD_5'], 'PD_3': ['PD_2', 'PD_4', 'PD_5'], 'PD_4': ['PD_2', 'PD_3', 'PD_5'], 'PD_5': ['PD_2', 'PD_3', 'PD_4'], 'PD_6': []}, FR: {'PD_2,PD_3': inf, 'PD_2,PD_4': inf, 'PD_2,PD_5': inf, 'PD_2,PD_6': inf, 'PD_3,PD_4': inf, 'PD_3,PD_5': inf, 'PD_3,PD_6': inf, 'PD_4,PD_5': inf, 'PD_4,PD_6': inf, 'PD_5,PD_6': inf}
  Computing metrics...
    RSI: {'PD_2,PD_3': 0.5, 'PD_2,PD_4': 1.0, 'PD_2,PD_5': 1.0, 'PD_2,PD_6': 0.0, 'PD_3,PD_4': 0.5, 'PD_3,PD_5': 0.5, 'PD_3,PD_6': 0.0, 'PD_4,PD_5': 1.0, 'PD_4,PD_6': 0.0, 'PD_5,PD_6': 0.0}, ASR: 1.2, TCB: {'PD_2': ['PD_4', 'PD_3', 'PD_5'], 'PD_3': ['PD_2', 'PD_4', 'PD_5'], 'PD_4': ['PD_2', 'PD_3', 'PD_5'], 'PD_5': ['PD_2', 'PD_3', 'PD_4'], 'PD_6': []}, FR: {'PD_2,PD_3': inf, 'PD_2,PD_4': inf, 'PD_2,PD_5': inf, 'PD_2,PD_6': inf, 'PD_3,PD_4': inf, 'PD_3,PD_5': inf, 'PD_3,PD_6': inf, 'PD_4,PD_5': inf, 'PD_4,PD_6': inf, 'PD_5,PD_6': inf}
  Computing metrics...
    RSI: {'PD_2,PD_3': 0.5, 'PD_2,PD_4': 1.0, 'PD_2,PD_5': 1.0, 'PD_2,PD_6': 0.0, 'PD_3,PD_4': 0.5, 'PD_3,PD_5': 0.5, 'PD_3,PD_6': 0.0, 'PD_4,PD_5': 1.0, 'PD_4,PD_6': 0.0, 'PD_5,PD_6': 0.0}, ASR: 1.2, TCB: {'PD_2': ['PD_4', 'PD_3', 'PD_5'], 'PD_3': ['PD_2', 'PD_4', 'PD_5'], 'PD_4': ['PD_2', 'PD_3', 'PD_5'], 'PD_5': ['PD_2', 'PD_3', 'PD_4'], 'PD_6': []}, FR: {'PD_2,PD_3': inf, 'PD_2,PD_4': inf, 'PD_2,PD_5': inf, 'PD_2,PD_6': inf, 'PD_3,PD_4': inf, 'PD_3,PD_5': inf, 'PD_3,PD_6': inf, 'PD_4,PD_5': inf, 'PD_4,PD_6': inf, 'PD_5,PD_6': inf}
  Computing metrics...
    RSI: {'PD_2,PD_3': 0.5, 'PD_2,PD_4': 1.0, 'PD_2,PD_5': 1.0, 'PD_2,PD_6': 0.0, 'PD_3,PD_4': 0.5, 'PD_3,PD_5': 0.5, 'PD_3,PD_6': 0.0, 'PD_4,PD_5': 1.0, 'PD_4,PD_6': 0.0, 'PD_5,PD_6': 0.0}, ASR: 1.2, TCB: {'PD_2': ['PD_4', 'PD_3', 'PD_5'], 'PD_3': ['PD_2', 'PD_4', 'PD_5'], 'PD_4': ['PD_2', 'PD_3', 'PD_5'], 'PD_5': ['PD_2', 'PD_3', 'PD_4'], 'PD_6': []}, FR: {'PD_2,PD_3': inf, 'PD_2,PD_4': inf, 'PD_2,PD_5': inf, 'PD_2,PD_6': inf, 'PD_3,PD_4': inf, 'PD_3,PD_5': inf, 'PD_3,PD_6': inf, 'PD_4,PD_5': inf, 'PD_4,PD_6': inf, 'PD_5,PD_6': inf}
  Computing metrics...
    RSI: {'PD_2,PD_3': 0.5, 'PD_2,PD_4': 1.0, 'PD_2,PD_5': 1.0, 'PD_2,PD_6': 0.0, 'PD_3,PD_4': 0.5, 'PD_3,PD_5': 0.5, 'PD_3,PD_6': 0.0, 'PD_4,PD_5': 1.0, 'PD_4,PD_6': 0.0, 'PD_5,PD_6': 0.0}, ASR: 1.2, TCB: {'PD_2': ['PD_4', 'PD_3', 'PD_5'], 'PD_3': ['PD_2', 'PD_4', 'PD_5'], 'PD_4': ['PD_2', 'PD_3', 'PD_5'], 'PD_5': ['PD_2', 'PD_3', 'PD_4'], 'PD_6': []}, FR: {'PD_2,PD_3': inf, 'PD_2,PD_4': inf, 'PD_2,PD_5': inf, 'PD_2,PD_6': inf, 'PD_3,PD_4': inf, 'PD_3,PD_5': inf, 'PD_3,PD_6': inf, 'PD_4,PD_5': inf, 'PD_4,PD_6': inf, 'PD_5,PD_6': inf}
  Computing metrics...
    RSI: {'PD_2,PD_3': 1.0, 'PD_2,PD_4': 0.5, 'PD_2,PD_5': 0.5, 'PD_2,PD_6': 0.0, 'PD_3,PD_4': 0.5, 'PD_3,PD_5': 0.5, 'PD_3,PD_6': 0.0, 'PD_4,PD_5': 1.0, 'PD_4,PD_6': 0.0, 'PD_5,PD_6': 0.0}, ASR: 1.4, TCB: {'PD_2': ['PD_4', 'PD_3', 'PD_5'], 'PD_3': ['PD_2', 'PD_4', 'PD_5'], 'PD_4': ['PD_2', 'PD_3', 'PD_5'], 'PD_5': ['PD_2', 'PD_3', 'PD_4'], 'PD_6': []}, FR: {'PD_2,PD_3': inf, 'PD_2,PD_4': inf, 'PD_2,PD_5': inf, 'PD_2,PD_6': inf, 'PD_3,PD_4': inf, 'PD_3,PD_5': inf, 'PD_3,PD_6': inf, 'PD_4,PD_5': inf, 'PD_4,PD_6': inf, 'PD_5,PD_6': inf}
  Computing metrics...
    RSI: {'PD_2,PD_3': 0.5, 'PD_2,PD_4': 1.0, 'PD_2,PD_5': 1.0, 'PD_2,PD_6': 0.0, 'PD_3,PD_4': 0.5, 'PD_3,PD_5': 0.5, 'PD_3,PD_6': 0.0, 'PD_4,PD_5': 1.0, 'PD_4,PD_6': 0.0, 'PD_5,PD_6': 0.0}, ASR: 1.2, TCB: {'PD_2': ['PD_4', 'PD_3', 'PD_5'], 'PD_3': ['PD_2', 'PD_4', 'PD_5'], 'PD_4': ['PD_2', 'PD_3', 'PD_5'], 'PD_5': ['PD_2', 'PD_3', 'PD_4'], 'PD_6': []}, FR: {'PD_2,PD_3': inf, 'PD_2,PD_4': inf, 'PD_2,PD_5': inf, 'PD_2,PD_6': inf, 'PD_3,PD_4': inf, 'PD_3,PD_5': inf, 'PD_3,PD_6': inf, 'PD_4,PD_5': inf, 'PD_4,PD_6': inf, 'PD_5,PD_6': inf}
  Computing metrics...
    RSI: {'PD_2,PD_3': 0.5, 'PD_2,PD_4': 0.5, 'PD_2,PD_5': 1.0, 'PD_2,PD_6': 0.0, 'PD_3,PD_4': 1.0, 'PD_3,PD_5': 0.5, 'PD_3,PD_6': 0.0, 'PD_4,PD_5': 0.5, 'PD_4,PD_6': 0.0, 'PD_5,PD_6': 0.0}, ASR: 1.4, TCB: {'PD_2': ['PD_4', 'PD_3', 'PD_5'], 'PD_3': ['PD_2', 'PD_4', 'PD_5'], 'PD_4': ['PD_2', 'PD_3', 'PD_5'], 'PD_5': ['PD_2', 'PD_3', 'PD_4'], 'PD_6': []}, FR: {'PD_2,PD_3': inf, 'PD_2,PD_4': inf, 'PD_2,PD_5': inf, 'PD_2,PD_6': inf, 'PD_3,PD_4': inf, 'PD_3,PD_5': inf, 'PD_3,PD_6': inf, 'PD_4,PD_5': inf, 'PD_4,PD_6': inf, 'PD_5,PD_6': inf}
  Computing metrics...
    RSI: {'PD_2,PD_3': 0.5, 'PD_2,PD_4': 1.0, 'PD_2,PD_5': 1.0, 'PD_2,PD_6': 0.0, 'PD_3,PD_4': 0.5, 'PD_3,PD_5': 0.5, 'PD_3,PD_6': 0.0, 'PD_4,PD_5': 1.0, 'PD_4,PD_6': 0.0, 'PD_5,PD_6': 0.0}, ASR: 1.2, TCB: {'PD_2': ['PD_4', 'PD_3', 'PD_5'], 'PD_3': ['PD_2', 'PD_4', 'PD_5'], 'PD_4': ['PD_2', 'PD_3', 'PD_5'], 'PD_5': ['PD_2', 'PD_3', 'PD_4'], 'PD_6': []}, FR: {'PD_2,PD_3': inf, 'PD_2,PD_4': inf, 'PD_2,PD_5': inf, 'PD_2,PD_6': inf, 'PD_3,PD_4': inf, 'PD_3,PD_5': inf, 'PD_3,PD_6': inf, 'PD_4,PD_5': inf, 'PD_4,PD_6': inf, 'PD_5,PD_6': inf}
  Computing metrics...
    RSI: {'PD_2,PD_3': 0.5, 'PD_2,PD_4': 1.0, 'PD_2,PD_5': 0.5, 'PD_2,PD_6': 0.0, 'PD_3,PD_4': 0.5, 'PD_3,PD_5': 1.0, 'PD_3,PD_6': 0.0, 'PD_4,PD_5': 0.5, 'PD_4,PD_6': 0.0, 'PD_5,PD_6': 0.0}, ASR: 1.4, TCB: {'PD_2': ['PD_4', 'PD_3', 'PD_5'], 'PD_3': ['PD_2', 'PD_4', 'PD_5'], 'PD_4': ['PD_2', 'PD_3', 'PD_5'], 'PD_5': ['PD_2', 'PD_3', 'PD_4'], 'PD_6': []}, FR: {'PD_2,PD_3': inf, 'PD_2,PD_4': inf, 'PD_2,PD_5': inf, 'PD_2,PD_6': inf, 'PD_3,PD_4': inf, 'PD_3,PD_5': inf, 'PD_3,PD_6': inf, 'PD_4,PD_5': inf, 'PD_4,PD_6': inf, 'PD_5,PD_6': inf}
  Computing metrics...
    RSI: {'PD_2,PD_3': 0.5, 'PD_2,PD_4': 1.0, 'PD_2,PD_5': 1.0, 'PD_2,PD_6': 0.0, 'PD_3,PD_4': 0.5, 'PD_3,PD_5': 0.5, 'PD_3,PD_6': 0.0, 'PD_4,PD_5': 1.0, 'PD_4,PD_6': 0.0, 'PD_5,PD_6': 0.0}, ASR: 1.2, TCB: {'PD_2': ['PD_4', 'PD_3', 'PD_5'], 'PD_3': ['PD_2', 'PD_4', 'PD_5'], 'PD_4': ['PD_2', 'PD_3', 'PD_5'], 'PD_5': ['PD_2', 'PD_3', 'PD_4'], 'PD_6': []}, FR: {'PD_2,PD_3': inf, 'PD_2,PD_4': inf, 'PD_2,PD_5': inf, 'PD_2,PD_6': inf, 'PD_3,PD_4': inf, 'PD_3,PD_5': inf, 'PD_3,PD_6': inf, 'PD_4,PD_5': inf, 'PD_4,PD_6': inf, 'PD_5,PD_6': inf}
  Computing metrics...
    RSI: {'PD_2,PD_3': 0.5, 'PD_2,PD_4': 1.0, 'PD_2,PD_5': 1.0, 'PD_2,PD_6': 1.0, 'PD_3,PD_4': 0.5, 'PD_3,PD_5': 0.5, 'PD_3,PD_6': 0.5, 'PD_4,PD_5': 1.0, 'PD_4,PD_6': 1.0, 'PD_5,PD_6': 1.0}, ASR: 1.4, TCB: {'PD_2': ['PD_4', 'PD_3', 'PD_5', 'PD_6'], 'PD_3': ['PD_2', 'PD_4', 'PD_5', 'PD_6'], 'PD_4': ['PD_2', 'PD_3', 'PD_5', 'PD_6'], 'PD_5': ['PD_2', 'PD_3', 'PD_4', 'PD_6'], 'PD_6': ['PD_2', 'PD_3', 'PD_4', 'PD_5']}, FR: {'PD_2,PD_3': inf, 'PD_2,PD_4': inf, 'PD_2,PD_5': inf, 'PD_2,PD_6': inf, 'PD_3,PD_4': inf, 'PD_3,PD_5': inf, 'PD_3,PD_6': inf, 'PD_4,PD_5': inf, 'PD_4,PD_6': inf, 'PD_5,PD_6': inf}
  Computing metrics...
    RSI: {'PD_2,PD_3': 0.5, 'PD_2,PD_4': 1.0, 'PD_2,PD_5': 1.0, 'PD_2,PD_6': 0.0, 'PD_3,PD_4': 0.5, 'PD_3,PD_5': 0.5, 'PD_3,PD_6': 0.0, 'PD_4,PD_5': 1.0, 'PD_4,PD_6': 0.0, 'PD_5,PD_6': 0.0}, ASR: 1.2, TCB: {'PD_2': ['PD_4', 'PD_3', 'PD_5'], 'PD_3': ['PD_2', 'PD_4', 'PD_5'], 'PD_4': ['PD_2', 'PD_3', 'PD_5'], 'PD_5': ['PD_2', 'PD_3', 'PD_4'], 'PD_6': []}, FR: {'PD_2,PD_3': inf, 'PD_2,PD_4': inf, 'PD_2,PD_5': inf, 'PD_2,PD_6': inf, 'PD_3,PD_4': inf, 'PD_3,PD_5': inf, 'PD_3,PD_6': inf, 'PD_4,PD_5': inf, 'PD_4,PD_6': inf, 'PD_5,PD_6': inf}
  Computing metrics...
    RSI: {'PD_2,PD_3': 0.5, 'PD_2,PD_4': 1.0, 'PD_2,PD_5': 1.0, 'PD_2,PD_6': 0.0, 'PD_3,PD_4': 0.5, 'PD_3,PD_5': 0.5, 'PD_3,PD_6': 0.5, 'PD_4,PD_5': 1.0, 'PD_4,PD_6': 0.0, 'PD_5,PD_6': 0.0}, ASR: 1.4, TCB: {'PD_2': ['PD_4', 'PD_3', 'PD_5'], 'PD_3': ['PD_2', 'PD_4', 'PD_5', 'PD_6'], 'PD_4': ['PD_2', 'PD_3', 'PD_5'], 'PD_5': ['PD_2', 'PD_3', 'PD_4'], 'PD_6': ['PD_3']}, FR: {'PD_2,PD_3': inf, 'PD_2,PD_4': inf, 'PD_2,PD_5': inf, 'PD_2,PD_6': inf, 'PD_3,PD_4': inf, 'PD_3,PD_5': inf, 'PD_3,PD_6': inf, 'PD_4,PD_5': inf, 'PD_4,PD_6': inf, 'PD_5,PD_6': inf}
  Computing metrics...
    RSI: {'PD_2,PD_3': 0.5, 'PD_2,PD_4': 1.0, 'PD_2,PD_5': 1.0, 'PD_2,PD_6': 0.0, 'PD_3,PD_4': 0.5, 'PD_3,PD_5': 0.5, 'PD_3,PD_6': 0.0, 'PD_4,PD_5': 1.0, 'PD_4,PD_6': 0.0, 'PD_5,PD_6': 0.0}, ASR: 1.2, TCB: {'PD_2': ['PD_4', 'PD_3', 'PD_5'], 'PD_3': ['PD_2', 'PD_4', 'PD_5'], 'PD_4': ['PD_2', 'PD_3', 'PD_5'], 'PD_5': ['PD_2', 'PD_3', 'PD_4'], 'PD_6': []}, FR: {'PD_2,PD_3': inf, 'PD_2,PD_4': inf, 'PD_2,PD_5': inf, 'PD_2,PD_6': inf, 'PD_3,PD_4': inf, 'PD_3,PD_5': inf, 'PD_3,PD_6': inf, 'PD_4,PD_5': inf, 'PD_4,PD_6': inf, 'PD_5,PD_6': inf}
  Computing metrics...
    RSI: {'PD_2,PD_3': 0.5, 'PD_2,PD_4': 1.0, 'PD_2,PD_5': 1.0, 'PD_2,PD_6': 0.0, 'PD_3,PD_4': 0.5, 'PD_3,PD_5': 0.5, 'PD_3,PD_6': 0.0, 'PD_4,PD_5': 1.0, 'PD_4,PD_6': 0.0, 'PD_5,PD_6': 0.0}, ASR: 1.2, TCB: {'PD_2': ['PD_4', 'PD_3', 'PD_5'], 'PD_3': ['PD_2', 'PD_4', 'PD_5'], 'PD_4': ['PD_2', 'PD_3', 'PD_5'], 'PD_5': ['PD_2', 'PD_3', 'PD_4'], 'PD_6': []}, FR: {'PD_2,PD_3': inf, 'PD_2,PD_4': inf, 'PD_2,PD_5': inf, 'PD_2,PD_6': inf, 'PD_3,PD_4': inf, 'PD_3,PD_5': inf, 'PD_3,PD_6': inf, 'PD_4,PD_5': inf, 'PD_4,PD_6': inf, 'PD_5,PD_6': inf}
    remove_hold_edge candidate: remove PD_3 -> FILE_1_1 HOLD edge -> score: 0.100
  Computing metrics...
    RSI: {'PD_2,PD_3': 0.5, 'PD_2,PD_4': 1.0, 'PD_2,PD_5': 1.0, 'PD_2,PD_6': 0.0, 'PD_3,PD_4': 0.5, 'PD_3,PD_5': 0.5, 'PD_3,PD_6': 0.0, 'PD_4,PD_5': 1.0, 'PD_4,PD_6': 0.0, 'PD_5,PD_6': 0.0}, ASR: 1.2, TCB: {'PD_2': ['PD_4', 'PD_3', 'PD_5'], 'PD_3': ['PD_2', 'PD_4', 'PD_5'], 'PD_4': ['PD_2', 'PD_3', 'PD_5'], 'PD_5': ['PD_2', 'PD_3', 'PD_4'], 'PD_6': []}, FR: {'PD_2,PD_3': inf, 'PD_2,PD_4': inf, 'PD_2,PD_5': inf, 'PD_2,PD_6': inf, 'PD_3,PD_4': inf, 'PD_3,PD_5': inf, 'PD_3,PD_6': inf, 'PD_4,PD_5': inf, 'PD_4,PD_6': inf, 'PD_5,PD_6': inf}
  Computing metrics...
    RSI: {'PD_2,PD_3': 0.5, 'PD_2,PD_4': 1.0, 'PD_2,PD_5': 1.0, 'PD_2,PD_6': 0.0, 'PD_3,PD_4': 0.5, 'PD_3,PD_5': 0.5, 'PD_3,PD_6': 0.0, 'PD_4,PD_5': 1.0, 'PD_4,PD_6': 0.0, 'PD_5,PD_6': 0.0}, ASR: 1.2, TCB: {'PD_2': ['PD_4', 'PD_3', 'PD_5'], 'PD_3': ['PD_2', 'PD_4', 'PD_5'], 'PD_4': ['PD_2', 'PD_3', 'PD_5'], 'PD_5': ['PD_2', 'PD_3', 'PD_4'], 'PD_6': []}, FR: {'PD_2,PD_3': inf, 'PD_2,PD_4': inf, 'PD_2,PD_5': inf, 'PD_2,PD_6': inf, 'PD_3,PD_4': inf, 'PD_3,PD_5': inf, 'PD_3,PD_6': inf, 'PD_4,PD_5': inf, 'PD_4,PD_6': inf, 'PD_5,PD_6': inf}
    remove_hold_edge candidate: remove PD_3 -> FILE_1_2 HOLD edge -> score: 0.100
  Computing metrics...
    RSI: {'PD_2,PD_3': 0.5, 'PD_2,PD_4': 1.0, 'PD_2,PD_5': 1.0, 'PD_2,PD_6': 0.0, 'PD_3,PD_4': 0.5, 'PD_3,PD_5': 0.5, 'PD_3,PD_6': 0.0, 'PD_4,PD_5': 1.0, 'PD_4,PD_6': 0.0, 'PD_5,PD_6': 0.0}, ASR: 1.2, TCB: {'PD_2': ['PD_4', 'PD_3', 'PD_5'], 'PD_3': ['PD_2', 'PD_4', 'PD_5'], 'PD_4': ['PD_2', 'PD_3', 'PD_5'], 'PD_5': ['PD_2', 'PD_3', 'PD_4'], 'PD_6': []}, FR: {'PD_2,PD_3': inf, 'PD_2,PD_4': inf, 'PD_2,PD_5': inf, 'PD_2,PD_6': inf, 'PD_3,PD_4': inf, 'PD_3,PD_5': inf, 'PD_3,PD_6': inf, 'PD_4,PD_5': inf, 'PD_4,PD_6': inf, 'PD_5,PD_6': inf}
  Computing metrics...
    RSI: {'PD_2,PD_3': 0.5, 'PD_2,PD_4': 1.0, 'PD_2,PD_5': 1.0, 'PD_2,PD_6': 0.0, 'PD_3,PD_4': 0.5, 'PD_3,PD_5': 0.5, 'PD_3,PD_6': 0.0, 'PD_4,PD_5': 1.0, 'PD_4,PD_6': 0.0, 'PD_5,PD_6': 0.0}, ASR: 1.2, TCB: {'PD_2': ['PD_4', 'PD_3', 'PD_5'], 'PD_3': ['PD_2', 'PD_4', 'PD_5'], 'PD_4': ['PD_2', 'PD_3', 'PD_5'], 'PD_5': ['PD_2', 'PD_3', 'PD_4'], 'PD_6': []}, FR: {'PD_2,PD_3': inf, 'PD_2,PD_4': inf, 'PD_2,PD_5': inf, 'PD_2,PD_6': inf, 'PD_3,PD_4': inf, 'PD_3,PD_5': inf, 'PD_3,PD_6': inf, 'PD_4,PD_5': inf, 'PD_4,PD_6': inf, 'PD_5,PD_6': inf}
    remove_hold_edge candidate: remove PD_4 -> FILE_1_1 HOLD edge -> score: 0.100
  Computing metrics...
    RSI: {'PD_2,PD_3': 0.5, 'PD_2,PD_4': 1.0, 'PD_2,PD_5': 1.0, 'PD_2,PD_6': 0.0, 'PD_3,PD_4': 0.5, 'PD_3,PD_5': 0.5, 'PD_3,PD_6': 0.0, 'PD_4,PD_5': 1.0, 'PD_4,PD_6': 0.0, 'PD_5,PD_6': 0.0}, ASR: 1.2, TCB: {'PD_2': ['PD_4', 'PD_3', 'PD_5'], 'PD_3': ['PD_2', 'PD_4', 'PD_5'], 'PD_4': ['PD_2', 'PD_3', 'PD_5'], 'PD_5': ['PD_2', 'PD_3', 'PD_4'], 'PD_6': []}, FR: {'PD_2,PD_3': inf, 'PD_2,PD_4': inf, 'PD_2,PD_5': inf, 'PD_2,PD_6': inf, 'PD_3,PD_4': inf, 'PD_3,PD_5': inf, 'PD_3,PD_6': inf, 'PD_4,PD_5': inf, 'PD_4,PD_6': inf, 'PD_5,PD_6': inf}
  Computing metrics...
    RSI: {'PD_2,PD_3': 0.5, 'PD_2,PD_4': 1.0, 'PD_2,PD_5': 1.0, 'PD_2,PD_6': 0.0, 'PD_3,PD_4': 0.5, 'PD_3,PD_5': 0.5, 'PD_3,PD_6': 0.0, 'PD_4,PD_5': 1.0, 'PD_4,PD_6': 0.0, 'PD_5,PD_6': 0.0}, ASR: 1.2, TCB: {'PD_2': ['PD_4', 'PD_3', 'PD_5'], 'PD_3': ['PD_2', 'PD_4', 'PD_5'], 'PD_4': ['PD_2', 'PD_3', 'PD_5'], 'PD_5': ['PD_2', 'PD_3', 'PD_4'], 'PD_6': []}, FR: {'PD_2,PD_3': inf, 'PD_2,PD_4': inf, 'PD_2,PD_5': inf, 'PD_2,PD_6': inf, 'PD_3,PD_4': inf, 'PD_3,PD_5': inf, 'PD_3,PD_6': inf, 'PD_4,PD_5': inf, 'PD_4,PD_6': inf, 'PD_5,PD_6': inf}
    remove_hold_edge candidate: remove PD_5 -> FILE_1_1 HOLD edge -> score: 0.100
  Computing metrics...
    RSI: {'PD_2,PD_3': 0.5, 'PD_2,PD_4': 1.0, 'PD_2,PD_5': 1.0, 'PD_2,PD_6': 0.0, 'PD_3,PD_4': 0.5, 'PD_3,PD_5': 0.5, 'PD_3,PD_6': 0.0, 'PD_4,PD_5': 1.0, 'PD_4,PD_6': 0.0, 'PD_5,PD_6': 0.0}, ASR: 1.2, TCB: {'PD_2': ['PD_4', 'PD_3', 'PD_5'], 'PD_3': ['PD_2', 'PD_4', 'PD_5'], 'PD_4': ['PD_2', 'PD_3', 'PD_5'], 'PD_5': ['PD_2', 'PD_3', 'PD_4'], 'PD_6': []}, FR: {'PD_2,PD_3': inf, 'PD_2,PD_4': inf, 'PD_2,PD_5': inf, 'PD_2,PD_6': inf, 'PD_3,PD_4': inf, 'PD_3,PD_5': inf, 'PD_3,PD_6': inf, 'PD_4,PD_5': inf, 'PD_4,PD_6': inf, 'PD_5,PD_6': inf}
  Computing metrics...
    RSI: {'PD_2,PD_3': 0.5, 'PD_2,PD_4': 1.0, 'PD_2,PD_5': 1.0, 'PD_2,PD_6': 0.0, 'PD_3,PD_4': 0.5, 'PD_3,PD_5': 0.5, 'PD_3,PD_6': 0.0, 'PD_4,PD_5': 1.0, 'PD_4,PD_6': 0.0, 'PD_5,PD_6': 0.0}, ASR: 1.4, TCB: {'PD_2': ['PD_4', 'PD_3', 'PD_5'], 'PD_3': ['PD_2', 'PD_4', 'PD_5'], 'PD_4': ['PD_2', 'PD_3', 'PD_5'], 'PD_5': ['PD_2', 'PD_3', 'PD_4'], 'PD_6': []}, FR: {'PD_2,PD_3': inf, 'PD_2,PD_4': inf, 'PD_2,PD_5': inf, 'PD_2,PD_6': inf, 'PD_3,PD_4': inf, 'PD_3,PD_5': inf, 'PD_3,PD_6': inf, 'PD_4,PD_5': inf, 'PD_4,PD_6': inf, 'PD_5,PD_6': inf}
  Computing metrics...
    RSI: {'PD_2,PD_3': 0.5, 'PD_2,PD_4': 1.0, 'PD_2,PD_5': 1.0, 'PD_2,PD_6': 0.0, 'PD_3,PD_4': 0.5, 'PD_3,PD_5': 0.5, 'PD_3,PD_6': 0.0, 'PD_4,PD_5': 1.0, 'PD_4,PD_6': 0.0, 'PD_5,PD_6': 0.0}, ASR: 1.2, TCB: {'PD_2': ['PD_4', 'PD_3', 'PD_5'], 'PD_3': ['PD_2', 'PD_4', 'PD_5'], 'PD_4': ['PD_2', 'PD_3', 'PD_5'], 'PD_5': ['PD_2', 'PD_3', 'PD_4'], 'PD_6': []}, FR: {'PD_2,PD_3': inf, 'PD_2,PD_4': inf, 'PD_2,PD_5': inf, 'PD_2,PD_6': inf, 'PD_3,PD_4': inf, 'PD_3,PD_5': inf, 'PD_3,PD_6': inf, 'PD_4,PD_5': inf, 'PD_4,PD_6': inf, 'PD_5,PD_6': inf}
  Computing metrics...
    RSI: {'PD_2,PD_3': 0.5, 'PD_2,PD_4': 1.0, 'PD_2,PD_5': 1.0, 'PD_2,PD_6': 0.0, 'PD_3,PD_4': 0.5, 'PD_3,PD_5': 0.5, 'PD_3,PD_6': 0.0, 'PD_4,PD_5': 1.0, 'PD_4,PD_6': 0.0, 'PD_5,PD_6': 0.0}, ASR: 1.4, TCB: {'PD_2': ['PD_4', 'PD_5', 'PD_3'], 'PD_3': ['PD_2', 'PD_4', 'PD_5'], 'PD_4': ['PD_2', 'PD_3', 'PD_5'], 'PD_5': ['PD_2', 'PD_3', 'PD_4'], 'PD_6': []}, FR: {'PD_2,PD_3': inf, 'PD_2,PD_4': inf, 'PD_2,PD_5': inf, 'PD_2,PD_6': inf, 'PD_3,PD_4': inf, 'PD_3,PD_5': inf, 'PD_3,PD_6': inf, 'PD_4,PD_5': inf, 'PD_4,PD_6': inf, 'PD_5,PD_6': inf}
  Computing metrics...
    RSI: {'PD_2,PD_3': 0.5, 'PD_2,PD_4': 1.0, 'PD_2,PD_5': 1.0, 'PD_2,PD_6': 0.0, 'PD_3,PD_4': 0.5, 'PD_3,PD_5': 0.5, 'PD_3,PD_6': 0.0, 'PD_4,PD_5': 1.0, 'PD_4,PD_6': 0.0, 'PD_5,PD_6': 0.0}, ASR: 1.2, TCB: {'PD_2': ['PD_4', 'PD_3', 'PD_5'], 'PD_3': ['PD_2', 'PD_4', 'PD_5'], 'PD_4': ['PD_2', 'PD_3', 'PD_5'], 'PD_5': ['PD_2', 'PD_3', 'PD_4'], 'PD_6': []}, FR: {'PD_2,PD_3': inf, 'PD_2,PD_4': inf, 'PD_2,PD_5': inf, 'PD_2,PD_6': inf, 'PD_3,PD_4': inf, 'PD_3,PD_5': inf, 'PD_3,PD_6': inf, 'PD_4,PD_5': inf, 'PD_4,PD_6': inf, 'PD_5,PD_6': inf}
  Computing metrics...
    RSI: {'PD_2,PD_3': 0.5, 'PD_2,PD_4': 1.0, 'PD_2,PD_5': 1.0, 'PD_2,PD_6': 0.0, 'PD_3,PD_4': 0.5, 'PD_3,PD_5': 0.5, 'PD_3,PD_6': 0.0, 'PD_4,PD_5': 1.0, 'PD_4,PD_6': 0.0, 'PD_5,PD_6': 0.0}, ASR: 1.4, TCB: {'PD_2': ['PD_4', 'PD_6', 'PD_3', 'PD_5'], 'PD_3': ['PD_2', 'PD_4', 'PD_5'], 'PD_4': ['PD_2', 'PD_3', 'PD_5'], 'PD_5': ['PD_2', 'PD_3', 'PD_4'], 'PD_6': []}, FR: {'PD_2,PD_3': inf, 'PD_2,PD_4': inf, 'PD_2,PD_5': inf, 'PD_2,PD_6': inf, 'PD_3,PD_4': inf, 'PD_3,PD_5': inf, 'PD_3,PD_6': inf, 'PD_4,PD_5': inf, 'PD_4,PD_6': inf, 'PD_5,PD_6': inf}
  Computing metrics...
    RSI: {'PD_2,PD_3': 0.5, 'PD_2,PD_4': 1.0, 'PD_2,PD_5': 1.0, 'PD_2,PD_6': 0.0, 'PD_3,PD_4': 0.5, 'PD_3,PD_5': 0.5, 'PD_3,PD_6': 0.0, 'PD_4,PD_5': 1.0, 'PD_4,PD_6': 0.0, 'PD_5,PD_6': 0.0}, ASR: 1.2, TCB: {'PD_2': ['PD_4', 'PD_3', 'PD_5'], 'PD_3': ['PD_2', 'PD_4', 'PD_5'], 'PD_4': ['PD_2', 'PD_3', 'PD_5'], 'PD_5': ['PD_2', 'PD_3', 'PD_4'], 'PD_6': []}, FR: {'PD_2,PD_3': inf, 'PD_2,PD_4': inf, 'PD_2,PD_5': inf, 'PD_2,PD_6': inf, 'PD_3,PD_4': inf, 'PD_3,PD_5': inf, 'PD_3,PD_6': inf, 'PD_4,PD_5': inf, 'PD_4,PD_6': inf, 'PD_5,PD_6': inf}
  Computing metrics...
    RSI: {'PD_2,PD_3': 0.5, 'PD_2,PD_4': 1.0, 'PD_2,PD_5': 1.0, 'PD_2,PD_6': 0.0, 'PD_3,PD_4': 0.5, 'PD_3,PD_5': 0.5, 'PD_3,PD_6': 0.0, 'PD_4,PD_5': 1.0, 'PD_4,PD_6': 0.0, 'PD_5,PD_6': 0.0}, ASR: 1.4, TCB: {'PD_2': ['PD_4', 'PD_3', 'PD_5'], 'PD_3': ['PD_2', 'PD_4', 'PD_5'], 'PD_4': ['PD_2', 'PD_3', 'PD_5'], 'PD_5': ['PD_2', 'PD_3', 'PD_4'], 'PD_6': []}, FR: {'PD_2,PD_3': 3, 'PD_2,PD_4': inf, 'PD_2,PD_5': inf, 'PD_2,PD_6': inf, 'PD_3,PD_4': inf, 'PD_3,PD_5': inf, 'PD_3,PD_6': inf, 'PD_4,PD_5': inf, 'PD_4,PD_6': inf, 'PD_5,PD_6': inf}
  Computing metrics...
    RSI: {'PD_2,PD_3': 0.5, 'PD_2,PD_4': 1.0, 'PD_2,PD_5': 1.0, 'PD_2,PD_6': 0.0, 'PD_3,PD_4': 0.5, 'PD_3,PD_5': 0.5, 'PD_3,PD_6': 0.0, 'PD_4,PD_5': 1.0, 'PD_4,PD_6': 0.0, 'PD_5,PD_6': 0.0}, ASR: 1.2, TCB: {'PD_2': ['PD_4', 'PD_3', 'PD_5'], 'PD_3': ['PD_2', 'PD_4', 'PD_5'], 'PD_4': ['PD_2', 'PD_3', 'PD_5'], 'PD_5': ['PD_2', 'PD_3', 'PD_4'], 'PD_6': []}, FR: {'PD_2,PD_3': inf, 'PD_2,PD_4': inf, 'PD_2,PD_5': inf, 'PD_2,PD_6': inf, 'PD_3,PD_4': inf, 'PD_3,PD_5': inf, 'PD_3,PD_6': inf, 'PD_4,PD_5': inf, 'PD_4,PD_6': inf, 'PD_5,PD_6': inf}
  Computing metrics...
    RSI: {'PD_2,PD_3': 0.5, 'PD_2,PD_4': 1.0, 'PD_2,PD_5': 1.0, 'PD_2,PD_6': 0.0, 'PD_3,PD_4': 0.5, 'PD_3,PD_5': 0.5, 'PD_3,PD_6': 0.0, 'PD_4,PD_5': 1.0, 'PD_4,PD_6': 0.0, 'PD_5,PD_6': 0.0}, ASR: 1.4, TCB: {'PD_2': ['PD_4', 'PD_3', 'PD_5'], 'PD_3': ['PD_4', 'PD_2', 'PD_5'], 'PD_4': ['PD_2', 'PD_3', 'PD_5'], 'PD_5': ['PD_2', 'PD_3', 'PD_4'], 'PD_6': []}, FR: {'PD_2,PD_3': 2, 'PD_2,PD_4': inf, 'PD_2,PD_5': inf, 'PD_2,PD_6': inf, 'PD_3,PD_4': inf, 'PD_3,PD_5': inf, 'PD_3,PD_6': inf, 'PD_4,PD_5': inf, 'PD_4,PD_6': inf, 'PD_5,PD_6': inf}
  Computing metrics...
    RSI: {'PD_2,PD_3': 0.5, 'PD_2,PD_4': 1.0, 'PD_2,PD_5': 1.0, 'PD_2,PD_6': 0.0, 'PD_3,PD_4': 0.5, 'PD_3,PD_5': 0.5, 'PD_3,PD_6': 0.0, 'PD_4,PD_5': 1.0, 'PD_4,PD_6': 0.0, 'PD_5,PD_6': 0.0}, ASR: 1.2, TCB: {'PD_2': ['PD_4', 'PD_3', 'PD_5'], 'PD_3': ['PD_2', 'PD_4', 'PD_5'], 'PD_4': ['PD_2', 'PD_3', 'PD_5'], 'PD_5': ['PD_2', 'PD_3', 'PD_4'], 'PD_6': []}, FR: {'PD_2,PD_3': inf, 'PD_2,PD_4': inf, 'PD_2,PD_5': inf, 'PD_2,PD_6': inf, 'PD_3,PD_4': inf, 'PD_3,PD_5': inf, 'PD_3,PD_6': inf, 'PD_4,PD_5': inf, 'PD_4,PD_6': inf, 'PD_5,PD_6': inf}
  Computing metrics...
    RSI: {'PD_2,PD_3': 0.5, 'PD_2,PD_4': 1.0, 'PD_2,PD_5': 1.0, 'PD_2,PD_6': 0.0, 'PD_3,PD_4': 0.5, 'PD_3,PD_5': 0.5, 'PD_3,PD_6': 0.0, 'PD_4,PD_5': 1.0, 'PD_4,PD_6': 0.0, 'PD_5,PD_6': 0.0}, ASR: 1.4, TCB: {'PD_2': ['PD_4', 'PD_3', 'PD_5'], 'PD_3': ['PD_5', 'PD_2', 'PD_4'], 'PD_4': ['PD_2', 'PD_3', 'PD_5'], 'PD_5': ['PD_2', 'PD_3', 'PD_4'], 'PD_6': []}, FR: {'PD_2,PD_3': inf, 'PD_2,PD_4': inf, 'PD_2,PD_5': inf, 'PD_2,PD_6': inf, 'PD_3,PD_4': inf, 'PD_3,PD_5': inf, 'PD_3,PD_6': inf, 'PD_4,PD_5': inf, 'PD_4,PD_6': inf, 'PD_5,PD_6': inf}
  Computing metrics...
    RSI: {'PD_2,PD_3': 0.5, 'PD_2,PD_4': 1.0, 'PD_2,PD_5': 1.0, 'PD_2,PD_6': 0.0, 'PD_3,PD_4': 0.5, 'PD_3,PD_5': 0.5, 'PD_3,PD_6': 0.0, 'PD_4,PD_5': 1.0, 'PD_4,PD_6': 0.0, 'PD_5,PD_6': 0.0}, ASR: 1.2, TCB: {'PD_2': ['PD_4', 'PD_3', 'PD_5'], 'PD_3': ['PD_2', 'PD_4', 'PD_5'], 'PD_4': ['PD_2', 'PD_3', 'PD_5'], 'PD_5': ['PD_2', 'PD_3', 'PD_4'], 'PD_6': []}, FR: {'PD_2,PD_3': inf, 'PD_2,PD_4': inf, 'PD_2,PD_5': inf, 'PD_2,PD_6': inf, 'PD_3,PD_4': inf, 'PD_3,PD_5': inf, 'PD_3,PD_6': inf, 'PD_4,PD_5': inf, 'PD_4,PD_6': inf, 'PD_5,PD_6': inf}
  Computing metrics...
    RSI: {'PD_2,PD_3': 0.5, 'PD_2,PD_4': 1.0, 'PD_2,PD_5': 1.0, 'PD_2,PD_6': 0.0, 'PD_3,PD_4': 0.5, 'PD_3,PD_5': 0.5, 'PD_3,PD_6': 0.0, 'PD_4,PD_5': 1.0, 'PD_4,PD_6': 0.0, 'PD_5,PD_6': 0.0}, ASR: 1.4, TCB: {'PD_2': ['PD_4', 'PD_3', 'PD_5'], 'PD_3': ['PD_6', 'PD_2', 'PD_4', 'PD_5'], 'PD_4': ['PD_2', 'PD_3', 'PD_5'], 'PD_5': ['PD_2', 'PD_3', 'PD_4'], 'PD_6': []}, FR: {'PD_2,PD_3': inf, 'PD_2,PD_4': inf, 'PD_2,PD_5': inf, 'PD_2,PD_6': inf, 'PD_3,PD_4': inf, 'PD_3,PD_5': inf, 'PD_3,PD_6': inf, 'PD_4,PD_5': inf, 'PD_4,PD_6': inf, 'PD_5,PD_6': inf}
  Computing metrics...
    RSI: {'PD_2,PD_3': 0.5, 'PD_2,PD_4': 1.0, 'PD_2,PD_5': 1.0, 'PD_2,PD_6': 0.0, 'PD_3,PD_4': 0.5, 'PD_3,PD_5': 0.5, 'PD_3,PD_6': 0.0, 'PD_4,PD_5': 1.0, 'PD_4,PD_6': 0.0, 'PD_5,PD_6': 0.0}, ASR: 1.2, TCB: {'PD_2': ['PD_4', 'PD_3', 'PD_5'], 'PD_3': ['PD_2', 'PD_4', 'PD_5'], 'PD_4': ['PD_2', 'PD_3', 'PD_5'], 'PD_5': ['PD_2', 'PD_3', 'PD_4'], 'PD_6': []}, FR: {'PD_2,PD_3': inf, 'PD_2,PD_4': inf, 'PD_2,PD_5': inf, 'PD_2,PD_6': inf, 'PD_3,PD_4': inf, 'PD_3,PD_5': inf, 'PD_3,PD_6': inf, 'PD_4,PD_5': inf, 'PD_4,PD_6': inf, 'PD_5,PD_6': inf}
  Computing metrics...
    RSI: {'PD_2,PD_3': 0.5, 'PD_2,PD_4': 1.0, 'PD_2,PD_5': 1.0, 'PD_2,PD_6': 0.0, 'PD_3,PD_4': 0.5, 'PD_3,PD_5': 0.5, 'PD_3,PD_6': 0.0, 'PD_4,PD_5': 1.0, 'PD_4,PD_6': 0.0, 'PD_5,PD_6': 0.0}, ASR: 1.4, TCB: {'PD_2': ['PD_4', 'PD_3', 'PD_5'], 'PD_3': ['PD_2', 'PD_4', 'PD_5'], 'PD_4': ['PD_2', 'PD_3', 'PD_5'], 'PD_5': ['PD_2', 'PD_3', 'PD_4'], 'PD_6': []}, FR: {'PD_2,PD_3': inf, 'PD_2,PD_4': inf, 'PD_2,PD_5': inf, 'PD_2,PD_6': inf, 'PD_3,PD_4': inf, 'PD_3,PD_5': inf, 'PD_3,PD_6': inf, 'PD_4,PD_5': inf, 'PD_4,PD_6': inf, 'PD_5,PD_6': inf}
  Computing metrics...
    RSI: {'PD_2,PD_3': 0.5, 'PD_2,PD_4': 1.0, 'PD_2,PD_5': 1.0, 'PD_2,PD_6': 0.0, 'PD_3,PD_4': 0.5, 'PD_3,PD_5': 0.5, 'PD_3,PD_6': 0.0, 'PD_4,PD_5': 1.0, 'PD_4,PD_6': 0.0, 'PD_5,PD_6': 0.0}, ASR: 1.2, TCB: {'PD_2': ['PD_4', 'PD_3', 'PD_5'], 'PD_3': ['PD_2', 'PD_4', 'PD_5'], 'PD_4': ['PD_2', 'PD_3', 'PD_5'], 'PD_5': ['PD_2', 'PD_3', 'PD_4'], 'PD_6': []}, FR: {'PD_2,PD_3': inf, 'PD_2,PD_4': inf, 'PD_2,PD_5': inf, 'PD_2,PD_6': inf, 'PD_3,PD_4': inf, 'PD_3,PD_5': inf, 'PD_3,PD_6': inf, 'PD_4,PD_5': inf, 'PD_4,PD_6': inf, 'PD_5,PD_6': inf}
  Computing metrics...
    RSI: {'PD_2,PD_3': 0.5, 'PD_2,PD_4': 1.0, 'PD_2,PD_5': 1.0, 'PD_2,PD_6': 0.0, 'PD_3,PD_4': 0.5, 'PD_3,PD_5': 0.5, 'PD_3,PD_6': 0.0, 'PD_4,PD_5': 1.0, 'PD_4,PD_6': 0.0, 'PD_5,PD_6': 0.0}, ASR: 1.4, TCB: {'PD_2': ['PD_4', 'PD_3', 'PD_5'], 'PD_3': ['PD_2', 'PD_4', 'PD_5'], 'PD_4': ['PD_3', 'PD_2', 'PD_5'], 'PD_5': ['PD_2', 'PD_3', 'PD_4'], 'PD_6': []}, FR: {'PD_2,PD_3': inf, 'PD_2,PD_4': 3, 'PD_2,PD_5': inf, 'PD_2,PD_6': inf, 'PD_3,PD_4': inf, 'PD_3,PD_5': inf, 'PD_3,PD_6': inf, 'PD_4,PD_5': inf, 'PD_4,PD_6': inf, 'PD_5,PD_6': inf}
  Computing metrics...
    RSI: {'PD_2,PD_3': 0.5, 'PD_2,PD_4': 1.0, 'PD_2,PD_5': 1.0, 'PD_2,PD_6': 0.0, 'PD_3,PD_4': 0.5, 'PD_3,PD_5': 0.5, 'PD_3,PD_6': 0.0, 'PD_4,PD_5': 1.0, 'PD_4,PD_6': 0.0, 'PD_5,PD_6': 0.0}, ASR: 1.2, TCB: {'PD_2': ['PD_4', 'PD_3', 'PD_5'], 'PD_3': ['PD_2', 'PD_4', 'PD_5'], 'PD_4': ['PD_2', 'PD_3', 'PD_5'], 'PD_5': ['PD_2', 'PD_3', 'PD_4'], 'PD_6': []}, FR: {'PD_2,PD_3': inf, 'PD_2,PD_4': inf, 'PD_2,PD_5': inf, 'PD_2,PD_6': inf, 'PD_3,PD_4': inf, 'PD_3,PD_5': inf, 'PD_3,PD_6': inf, 'PD_4,PD_5': inf, 'PD_4,PD_6': inf, 'PD_5,PD_6': inf}
  Computing metrics...
    RSI: {'PD_2,PD_3': 0.5, 'PD_2,PD_4': 1.0, 'PD_2,PD_5': 1.0, 'PD_2,PD_6': 0.0, 'PD_3,PD_4': 0.5, 'PD_3,PD_5': 0.5, 'PD_3,PD_6': 0.0, 'PD_4,PD_5': 1.0, 'PD_4,PD_6': 0.0, 'PD_5,PD_6': 0.0}, ASR: 1.4, TCB: {'PD_2': ['PD_4', 'PD_3', 'PD_5'], 'PD_3': ['PD_2', 'PD_4', 'PD_5'], 'PD_4': ['PD_5', 'PD_2', 'PD_3'], 'PD_5': ['PD_2', 'PD_3', 'PD_4'], 'PD_6': []}, FR: {'PD_2,PD_3': inf, 'PD_2,PD_4': 3, 'PD_2,PD_5': inf, 'PD_2,PD_6': inf, 'PD_3,PD_4': inf, 'PD_3,PD_5': inf, 'PD_3,PD_6': inf, 'PD_4,PD_5': inf, 'PD_4,PD_6': inf, 'PD_5,PD_6': inf}
  Computing metrics...
    RSI: {'PD_2,PD_3': 0.5, 'PD_2,PD_4': 1.0, 'PD_2,PD_5': 1.0, 'PD_2,PD_6': 0.0, 'PD_3,PD_4': 0.5, 'PD_3,PD_5': 0.5, 'PD_3,PD_6': 0.0, 'PD_4,PD_5': 1.0, 'PD_4,PD_6': 0.0, 'PD_5,PD_6': 0.0}, ASR: 1.2, TCB: {'PD_2': ['PD_4', 'PD_3', 'PD_5'], 'PD_3': ['PD_2', 'PD_4', 'PD_5'], 'PD_4': ['PD_2', 'PD_3', 'PD_5'], 'PD_5': ['PD_2', 'PD_3', 'PD_4'], 'PD_6': []}, FR: {'PD_2,PD_3': inf, 'PD_2,PD_4': inf, 'PD_2,PD_5': inf, 'PD_2,PD_6': inf, 'PD_3,PD_4': inf, 'PD_3,PD_5': inf, 'PD_3,PD_6': inf, 'PD_4,PD_5': inf, 'PD_4,PD_6': inf, 'PD_5,PD_6': inf}
  Computing metrics...
    RSI: {'PD_2,PD_3': 0.5, 'PD_2,PD_4': 1.0, 'PD_2,PD_5': 1.0, 'PD_2,PD_6': 0.0, 'PD_3,PD_4': 0.5, 'PD_3,PD_5': 0.5, 'PD_3,PD_6': 0.0, 'PD_4,PD_5': 1.0, 'PD_4,PD_6': 0.0, 'PD_5,PD_6': 0.0}, ASR: 1.4, TCB: {'PD_2': ['PD_4', 'PD_3', 'PD_5'], 'PD_3': ['PD_2', 'PD_4', 'PD_5'], 'PD_4': ['PD_6', 'PD_2', 'PD_3', 'PD_5'], 'PD_5': ['PD_2', 'PD_3', 'PD_4'], 'PD_6': []}, FR: {'PD_2,PD_3': inf, 'PD_2,PD_4': 3, 'PD_2,PD_5': inf, 'PD_2,PD_6': inf, 'PD_3,PD_4': inf, 'PD_3,PD_5': inf, 'PD_3,PD_6': inf, 'PD_4,PD_5': inf, 'PD_4,PD_6': inf, 'PD_5,PD_6': inf}
  Computing metrics...
    RSI: {'PD_2,PD_3': 0.5, 'PD_2,PD_4': 1.0, 'PD_2,PD_5': 1.0, 'PD_2,PD_6': 0.0, 'PD_3,PD_4': 0.5, 'PD_3,PD_5': 0.5, 'PD_3,PD_6': 0.0, 'PD_4,PD_5': 1.0, 'PD_4,PD_6': 0.0, 'PD_5,PD_6': 0.0}, ASR: 1.2, TCB: {'PD_2': ['PD_4', 'PD_3', 'PD_5'], 'PD_3': ['PD_2', 'PD_4', 'PD_5'], 'PD_4': ['PD_2', 'PD_3', 'PD_5'], 'PD_5': ['PD_2', 'PD_3', 'PD_4'], 'PD_6': []}, FR: {'PD_2,PD_3': inf, 'PD_2,PD_4': inf, 'PD_2,PD_5': inf, 'PD_2,PD_6': inf, 'PD_3,PD_4': inf, 'PD_3,PD_5': inf, 'PD_3,PD_6': inf, 'PD_4,PD_5': inf, 'PD_4,PD_6': inf, 'PD_5,PD_6': inf}
  Computing metrics...
    RSI: {'PD_2,PD_3': 0.5, 'PD_2,PD_4': 1.0, 'PD_2,PD_5': 1.0, 'PD_2,PD_6': 0.0, 'PD_3,PD_4': 0.5, 'PD_3,PD_5': 0.5, 'PD_3,PD_6': 0.0, 'PD_4,PD_5': 1.0, 'PD_4,PD_6': 0.0, 'PD_5,PD_6': 0.0}, ASR: 1.4, TCB: {'PD_2': ['PD_4', 'PD_3', 'PD_5'], 'PD_3': ['PD_2', 'PD_4', 'PD_5'], 'PD_4': ['PD_2', 'PD_3', 'PD_5'], 'PD_5': ['PD_2', 'PD_3', 'PD_4'], 'PD_6': []}, FR: {'PD_2,PD_3': inf, 'PD_2,PD_4': inf, 'PD_2,PD_5': 3, 'PD_2,PD_6': inf, 'PD_3,PD_4': inf, 'PD_3,PD_5': inf, 'PD_3,PD_6': inf, 'PD_4,PD_5': inf, 'PD_4,PD_6': inf, 'PD_5,PD_6': inf}
  Computing metrics...
    RSI: {'PD_2,PD_3': 0.5, 'PD_2,PD_4': 1.0, 'PD_2,PD_5': 1.0, 'PD_2,PD_6': 0.0, 'PD_3,PD_4': 0.5, 'PD_3,PD_5': 0.5, 'PD_3,PD_6': 0.0, 'PD_4,PD_5': 1.0, 'PD_4,PD_6': 0.0, 'PD_5,PD_6': 0.0}, ASR: 1.2, TCB: {'PD_2': ['PD_4', 'PD_3', 'PD_5'], 'PD_3': ['PD_2', 'PD_4', 'PD_5'], 'PD_4': ['PD_2', 'PD_3', 'PD_5'], 'PD_5': ['PD_2', 'PD_3', 'PD_4'], 'PD_6': []}, FR: {'PD_2,PD_3': inf, 'PD_2,PD_4': inf, 'PD_2,PD_5': inf, 'PD_2,PD_6': inf, 'PD_3,PD_4': inf, 'PD_3,PD_5': inf, 'PD_3,PD_6': inf, 'PD_4,PD_5': inf, 'PD_4,PD_6': inf, 'PD_5,PD_6': inf}
  Computing metrics...
    RSI: {'PD_2,PD_3': 0.5, 'PD_2,PD_4': 1.0, 'PD_2,PD_5': 1.0, 'PD_2,PD_6': 0.0, 'PD_3,PD_4': 0.5, 'PD_3,PD_5': 0.5, 'PD_3,PD_6': 0.0, 'PD_4,PD_5': 1.0, 'PD_4,PD_6': 0.0, 'PD_5,PD_6': 0.0}, ASR: 1.4, TCB: {'PD_2': ['PD_4', 'PD_3', 'PD_5'], 'PD_3': ['PD_2', 'PD_4', 'PD_5'], 'PD_4': ['PD_2', 'PD_3', 'PD_5'], 'PD_5': ['PD_3', 'PD_2', 'PD_4'], 'PD_6': []}, FR: {'PD_2,PD_3': inf, 'PD_2,PD_4': inf, 'PD_2,PD_5': inf, 'PD_2,PD_6': inf, 'PD_3,PD_4': inf, 'PD_3,PD_5': inf, 'PD_3,PD_6': inf, 'PD_4,PD_5': inf, 'PD_4,PD_6': inf, 'PD_5,PD_6': inf}
  Computing metrics...
    RSI: {'PD_2,PD_3': 0.5, 'PD_2,PD_4': 1.0, 'PD_2,PD_5': 1.0, 'PD_2,PD_6': 0.0, 'PD_3,PD_4': 0.5, 'PD_3,PD_5': 0.5, 'PD_3,PD_6': 0.0, 'PD_4,PD_5': 1.0, 'PD_4,PD_6': 0.0, 'PD_5,PD_6': 0.0}, ASR: 1.2, TCB: {'PD_2': ['PD_4', 'PD_3', 'PD_5'], 'PD_3': ['PD_2', 'PD_4', 'PD_5'], 'PD_4': ['PD_2', 'PD_3', 'PD_5'], 'PD_5': ['PD_2', 'PD_3', 'PD_4'], 'PD_6': []}, FR: {'PD_2,PD_3': inf, 'PD_2,PD_4': inf, 'PD_2,PD_5': inf, 'PD_2,PD_6': inf, 'PD_3,PD_4': inf, 'PD_3,PD_5': inf, 'PD_3,PD_6': inf, 'PD_4,PD_5': inf, 'PD_4,PD_6': inf, 'PD_5,PD_6': inf}
  Computing metrics...
    RSI: {'PD_2,PD_3': 0.5, 'PD_2,PD_4': 1.0, 'PD_2,PD_5': 1.0, 'PD_2,PD_6': 0.0, 'PD_3,PD_4': 0.5, 'PD_3,PD_5': 0.5, 'PD_3,PD_6': 0.0, 'PD_4,PD_5': 1.0, 'PD_4,PD_6': 0.0, 'PD_5,PD_6': 0.0}, ASR: 1.4, TCB: {'PD_2': ['PD_4', 'PD_3', 'PD_5'], 'PD_3': ['PD_2', 'PD_4', 'PD_5'], 'PD_4': ['PD_2', 'PD_3', 'PD_5'], 'PD_5': ['PD_4', 'PD_2', 'PD_3'], 'PD_6': []}, FR: {'PD_2,PD_3': inf, 'PD_2,PD_4': inf, 'PD_2,PD_5': 2, 'PD_2,PD_6': inf, 'PD_3,PD_4': inf, 'PD_3,PD_5': inf, 'PD_3,PD_6': inf, 'PD_4,PD_5': inf, 'PD_4,PD_6': inf, 'PD_5,PD_6': inf}
  Computing metrics...
    RSI: {'PD_2,PD_3': 0.5, 'PD_2,PD_4': 1.0, 'PD_2,PD_5': 1.0, 'PD_2,PD_6': 0.0, 'PD_3,PD_4': 0.5, 'PD_3,PD_5': 0.5, 'PD_3,PD_6': 0.0, 'PD_4,PD_5': 1.0, 'PD_4,PD_6': 0.0, 'PD_5,PD_6': 0.0}, ASR: 1.2, TCB: {'PD_2': ['PD_4', 'PD_3', 'PD_5'], 'PD_3': ['PD_2', 'PD_4', 'PD_5'], 'PD_4': ['PD_2', 'PD_3', 'PD_5'], 'PD_5': ['PD_2', 'PD_3', 'PD_4'], 'PD_6': []}, FR: {'PD_2,PD_3': inf, 'PD_2,PD_4': inf, 'PD_2,PD_5': inf, 'PD_2,PD_6': inf, 'PD_3,PD_4': inf, 'PD_3,PD_5': inf, 'PD_3,PD_6': inf, 'PD_4,PD_5': inf, 'PD_4,PD_6': inf, 'PD_5,PD_6': inf}
  Computing metrics...
    RSI: {'PD_2,PD_3': 0.5, 'PD_2,PD_4': 1.0, 'PD_2,PD_5': 1.0, 'PD_2,PD_6': 0.0, 'PD_3,PD_4': 0.5, 'PD_3,PD_5': 0.5, 'PD_3,PD_6': 0.0, 'PD_4,PD_5': 1.0, 'PD_4,PD_6': 0.0, 'PD_5,PD_6': 0.0}, ASR: 1.4, TCB: {'PD_2': ['PD_4', 'PD_3', 'PD_5'], 'PD_3': ['PD_2', 'PD_4', 'PD_5'], 'PD_4': ['PD_2', 'PD_3', 'PD_5'], 'PD_5': ['PD_6', 'PD_2', 'PD_3', 'PD_4'], 'PD_6': []}, FR: {'PD_2,PD_3': inf, 'PD_2,PD_4': inf, 'PD_2,PD_5': inf, 'PD_2,PD_6': inf, 'PD_3,PD_4': inf, 'PD_3,PD_5': inf, 'PD_3,PD_6': inf, 'PD_4,PD_5': inf, 'PD_4,PD_6': inf, 'PD_5,PD_6': inf}
  Computing metrics...
    RSI: {'PD_2,PD_3': 0.5, 'PD_2,PD_4': 1.0, 'PD_2,PD_5': 1.0, 'PD_2,PD_6': 0.0, 'PD_3,PD_4': 0.5, 'PD_3,PD_5': 0.5, 'PD_3,PD_6': 0.0, 'PD_4,PD_5': 1.0, 'PD_4,PD_6': 0.0, 'PD_5,PD_6': 0.0}, ASR: 1.2, TCB: {'PD_2': ['PD_4', 'PD_3', 'PD_5'], 'PD_3': ['PD_2', 'PD_4', 'PD_5'], 'PD_4': ['PD_2', 'PD_3', 'PD_5'], 'PD_5': ['PD_2', 'PD_3', 'PD_4'], 'PD_6': []}, FR: {'PD_2,PD_3': inf, 'PD_2,PD_4': inf, 'PD_2,PD_5': inf, 'PD_2,PD_6': inf, 'PD_3,PD_4': inf, 'PD_3,PD_5': inf, 'PD_3,PD_6': inf, 'PD_4,PD_5': inf, 'PD_4,PD_6': inf, 'PD_5,PD_6': inf}
  Computing metrics...
    RSI: {'PD_2,PD_3': 0.5, 'PD_2,PD_4': 1.0, 'PD_2,PD_5': 1.0, 'PD_2,PD_6': 0.0, 'PD_3,PD_4': 0.5, 'PD_3,PD_5': 0.5, 'PD_3,PD_6': 0.0, 'PD_4,PD_5': 1.0, 'PD_4,PD_6': 0.0, 'PD_5,PD_6': 0.0}, ASR: 1.4, TCB: {'PD_2': ['PD_4', 'PD_3', 'PD_5'], 'PD_3': ['PD_2', 'PD_4', 'PD_5'], 'PD_4': ['PD_2', 'PD_3', 'PD_5'], 'PD_5': ['PD_2', 'PD_3', 'PD_4'], 'PD_6': ['PD_2']}, FR: {'PD_2,PD_3': inf, 'PD_2,PD_4': inf, 'PD_2,PD_5': inf, 'PD_2,PD_6': 3, 'PD_3,PD_4': inf, 'PD_3,PD_5': inf, 'PD_3,PD_6': inf, 'PD_4,PD_5': inf, 'PD_4,PD_6': inf, 'PD_5,PD_6': inf}
  Computing metrics...
    RSI: {'PD_2,PD_3': 0.5, 'PD_2,PD_4': 1.0, 'PD_2,PD_5': 1.0, 'PD_2,PD_6': 0.0, 'PD_3,PD_4': 0.5, 'PD_3,PD_5': 0.5, 'PD_3,PD_6': 0.0, 'PD_4,PD_5': 1.0, 'PD_4,PD_6': 0.0, 'PD_5,PD_6': 0.0}, ASR: 1.2, TCB: {'PD_2': ['PD_4', 'PD_3', 'PD_5'], 'PD_3': ['PD_2', 'PD_4', 'PD_5'], 'PD_4': ['PD_2', 'PD_3', 'PD_5'], 'PD_5': ['PD_2', 'PD_3', 'PD_4'], 'PD_6': []}, FR: {'PD_2,PD_3': inf, 'PD_2,PD_4': inf, 'PD_2,PD_5': inf, 'PD_2,PD_6': inf, 'PD_3,PD_4': inf, 'PD_3,PD_5': inf, 'PD_3,PD_6': inf, 'PD_4,PD_5': inf, 'PD_4,PD_6': inf, 'PD_5,PD_6': inf}
  Computing metrics...
    RSI: {'PD_2,PD_3': 0.5, 'PD_2,PD_4': 1.0, 'PD_2,PD_5': 1.0, 'PD_2,PD_6': 0.0, 'PD_3,PD_4': 0.5, 'PD_3,PD_5': 0.5, 'PD_3,PD_6': 0.0, 'PD_4,PD_5': 1.0, 'PD_4,PD_6': 0.0, 'PD_5,PD_6': 0.0}, ASR: 1.4, TCB: {'PD_2': ['PD_4', 'PD_3', 'PD_5'], 'PD_3': ['PD_2', 'PD_4', 'PD_5'], 'PD_4': ['PD_2', 'PD_3', 'PD_5'], 'PD_5': ['PD_2', 'PD_3', 'PD_4'], 'PD_6': ['PD_3']}, FR: {'PD_2,PD_3': inf, 'PD_2,PD_4': inf, 'PD_2,PD_5': inf, 'PD_2,PD_6': inf, 'PD_3,PD_4': inf, 'PD_3,PD_5': inf, 'PD_3,PD_6': inf, 'PD_4,PD_5': inf, 'PD_4,PD_6': inf, 'PD_5,PD_6': inf}
  Computing metrics...
    RSI: {'PD_2,PD_3': 0.5, 'PD_2,PD_4': 1.0, 'PD_2,PD_5': 1.0, 'PD_2,PD_6': 0.0, 'PD_3,PD_4': 0.5, 'PD_3,PD_5': 0.5, 'PD_3,PD_6': 0.0, 'PD_4,PD_5': 1.0, 'PD_4,PD_6': 0.0, 'PD_5,PD_6': 0.0}, ASR: 1.2, TCB: {'PD_2': ['PD_4', 'PD_3', 'PD_5'], 'PD_3': ['PD_2', 'PD_4', 'PD_5'], 'PD_4': ['PD_2', 'PD_3', 'PD_5'], 'PD_5': ['PD_2', 'PD_3', 'PD_4'], 'PD_6': []}, FR: {'PD_2,PD_3': inf, 'PD_2,PD_4': inf, 'PD_2,PD_5': inf, 'PD_2,PD_6': inf, 'PD_3,PD_4': inf, 'PD_3,PD_5': inf, 'PD_3,PD_6': inf, 'PD_4,PD_5': inf, 'PD_4,PD_6': inf, 'PD_5,PD_6': inf}
  Computing metrics...
    RSI: {'PD_2,PD_3': 0.5, 'PD_2,PD_4': 1.0, 'PD_2,PD_5': 1.0, 'PD_2,PD_6': 0.0, 'PD_3,PD_4': 0.5, 'PD_3,PD_5': 0.5, 'PD_3,PD_6': 0.0, 'PD_4,PD_5': 1.0, 'PD_4,PD_6': 0.0, 'PD_5,PD_6': 0.0}, ASR: 1.4, TCB: {'PD_2': ['PD_4', 'PD_3', 'PD_5'], 'PD_3': ['PD_2', 'PD_4', 'PD_5'], 'PD_4': ['PD_2', 'PD_3', 'PD_5'], 'PD_5': ['PD_2', 'PD_3', 'PD_4'], 'PD_6': ['PD_4']}, FR: {'PD_2,PD_3': inf, 'PD_2,PD_4': inf, 'PD_2,PD_5': inf, 'PD_2,PD_6': 2, 'PD_3,PD_4': inf, 'PD_3,PD_5': inf, 'PD_3,PD_6': inf, 'PD_4,PD_5': inf, 'PD_4,PD_6': inf, 'PD_5,PD_6': inf}
  Computing metrics...
    RSI: {'PD_2,PD_3': 0.5, 'PD_2,PD_4': 1.0, 'PD_2,PD_5': 1.0, 'PD_2,PD_6': 0.0, 'PD_3,PD_4': 0.5, 'PD_3,PD_5': 0.5, 'PD_3,PD_6': 0.0, 'PD_4,PD_5': 1.0, 'PD_4,PD_6': 0.0, 'PD_5,PD_6': 0.0}, ASR: 1.2, TCB: {'PD_2': ['PD_4', 'PD_3', 'PD_5'], 'PD_3': ['PD_2', 'PD_4', 'PD_5'], 'PD_4': ['PD_2', 'PD_3', 'PD_5'], 'PD_5': ['PD_2', 'PD_3', 'PD_4'], 'PD_6': []}, FR: {'PD_2,PD_3': inf, 'PD_2,PD_4': inf, 'PD_2,PD_5': inf, 'PD_2,PD_6': inf, 'PD_3,PD_4': inf, 'PD_3,PD_5': inf, 'PD_3,PD_6': inf, 'PD_4,PD_5': inf, 'PD_4,PD_6': inf, 'PD_5,PD_6': inf}
  Computing metrics...
    RSI: {'PD_2,PD_3': 0.5, 'PD_2,PD_4': 1.0, 'PD_2,PD_5': 1.0, 'PD_2,PD_6': 0.0, 'PD_3,PD_4': 0.5, 'PD_3,PD_5': 0.5, 'PD_3,PD_6': 0.0, 'PD_4,PD_5': 1.0, 'PD_4,PD_6': 0.0, 'PD_5,PD_6': 0.0}, ASR: 1.4, TCB: {'PD_2': ['PD_4', 'PD_3', 'PD_5'], 'PD_3': ['PD_2', 'PD_4', 'PD_5'], 'PD_4': ['PD_2', 'PD_3', 'PD_5'], 'PD_5': ['PD_2', 'PD_3', 'PD_4'], 'PD_6': ['PD_5']}, FR: {'PD_2,PD_3': inf, 'PD_2,PD_4': inf, 'PD_2,PD_5': inf, 'PD_2,PD_6': inf, 'PD_3,PD_4': inf, 'PD_3,PD_5': inf, 'PD_3,PD_6': inf, 'PD_4,PD_5': inf, 'PD_4,PD_6': inf, 'PD_5,PD_6': inf}
  Computing metrics...
    RSI: {'PD_2,PD_3': 0.5, 'PD_2,PD_4': 1.0, 'PD_2,PD_5': 1.0, 'PD_2,PD_6': 0.0, 'PD_3,PD_4': 0.5, 'PD_3,PD_5': 0.5, 'PD_3,PD_6': 0.0, 'PD_4,PD_5': 1.0, 'PD_4,PD_6': 0.0, 'PD_5,PD_6': 0.0}, ASR: 1.2, TCB: {'PD_2': ['PD_4', 'PD_3', 'PD_5'], 'PD_3': ['PD_2', 'PD_4', 'PD_5'], 'PD_4': ['PD_2', 'PD_3', 'PD_5'], 'PD_5': ['PD_2', 'PD_3', 'PD_4'], 'PD_6': []}, FR: {'PD_2,PD_3': inf, 'PD_2,PD_4': inf, 'PD_2,PD_5': inf, 'PD_2,PD_6': inf, 'PD_3,PD_4': inf, 'PD_3,PD_5': inf, 'PD_3,PD_6': inf, 'PD_4,PD_5': inf, 'PD_4,PD_6': inf, 'PD_5,PD_6': inf}
  Computing metrics...
    RSI: {'PD_2,PD_3': 0.5, 'PD_2,PD_4': 1.0, 'PD_2,PD_5': 1.0, 'PD_2,PD_6': 0.0, 'PD_3,PD_4': 0.5, 'PD_3,PD_5': 0.5, 'PD_3,PD_6': 0.0, 'PD_4,PD_5': 1.0, 'PD_4,PD_6': 0.0, 'PD_5,PD_6': 0.0}, ASR: 1.2, TCB: {'PD_2': ['PD_4', 'PD_3', 'PD_5'], 'PD_3': ['PD_2', 'PD_4', 'PD_5'], 'PD_4': ['PD_2', 'PD_3', 'PD_5'], 'PD_5': ['PD_2', 'PD_3', 'PD_4'], 'PD_6': []}, FR: {'PD_2,PD_3': inf, 'PD_2,PD_4': inf, 'PD_2,PD_5': inf, 'PD_2,PD_6': inf, 'PD_3,PD_4': inf, 'PD_3,PD_5': inf, 'PD_3,PD_6': inf, 'PD_4,PD_5': inf, 'PD_4,PD_6': inf, 'PD_5,PD_6': inf}
  Computing metrics...
    RSI: {'PD_2,PD_3': 0.5, 'PD_2,PD_4': 1.0, 'PD_2,PD_5': 1.0, 'PD_2,PD_6': 0.0, 'PD_3,PD_4': 0.5, 'PD_3,PD_5': 0.5, 'PD_3,PD_6': 0.0, 'PD_4,PD_5': 1.0, 'PD_4,PD_6': 0.0, 'PD_5,PD_6': 0.0}, ASR: 1.2, TCB: {'PD_2': ['PD_4', 'PD_3', 'PD_5'], 'PD_3': ['PD_2', 'PD_4', 'PD_5'], 'PD_4': ['PD_2', 'PD_3', 'PD_5'], 'PD_5': ['PD_2', 'PD_3', 'PD_4'], 'PD_6': []}, FR: {'PD_2,PD_3': inf, 'PD_2,PD_4': inf, 'PD_2,PD_5': inf, 'PD_2,PD_6': inf, 'PD_3,PD_4': inf, 'PD_3,PD_5': inf, 'PD_3,PD_6': inf, 'PD_4,PD_5': inf, 'PD_4,PD_6': inf, 'PD_5,PD_6': inf}
  Computing metrics...
    RSI: {'PD_2,PD_3': 0.5, 'PD_2,PD_4': 1.0, 'PD_2,PD_5': 1.0, 'PD_2,PD_6': 0.0, 'PD_3,PD_4': 0.5, 'PD_3,PD_5': 0.5, 'PD_3,PD_6': 0.0, 'PD_4,PD_5': 1.0, 'PD_4,PD_6': 0.0, 'PD_5,PD_6': 0.0}, ASR: 1.2, TCB: {'PD_2': ['PD_4', 'PD_3', 'PD_5'], 'PD_3': ['PD_2', 'PD_4', 'PD_5'], 'PD_4': ['PD_2', 'PD_3', 'PD_5'], 'PD_5': ['PD_2', 'PD_3', 'PD_4'], 'PD_6': []}, FR: {'PD_2,PD_3': inf, 'PD_2,PD_4': inf, 'PD_2,PD_5': inf, 'PD_2,PD_6': inf, 'PD_3,PD_4': inf, 'PD_3,PD_5': inf, 'PD_3,PD_6': inf, 'PD_4,PD_5': inf, 'PD_4,PD_6': inf, 'PD_5,PD_6': inf}
  Computing metrics...
    RSI: {'PD_2,PD_3': 0.5, 'PD_2,PD_4': 1.0, 'PD_2,PD_5': 1.0, 'PD_2,PD_6': 0.0, 'PD_3,PD_4': 0.5, 'PD_3,PD_5': 0.5, 'PD_3,PD_6': 0.0, 'PD_4,PD_5': 1.0, 'PD_4,PD_6': 0.0, 'PD_5,PD_6': 0.0}, ASR: 1.2, TCB: {'PD_2': ['PD_4', 'PD_3', 'PD_5'], 'PD_3': ['PD_2', 'PD_4', 'PD_5'], 'PD_4': ['PD_2', 'PD_3', 'PD_5'], 'PD_5': ['PD_2', 'PD_3', 'PD_4'], 'PD_6': []}, FR: {'PD_2,PD_3': inf, 'PD_2,PD_4': inf, 'PD_2,PD_5': inf, 'PD_2,PD_6': inf, 'PD_3,PD_4': inf, 'PD_3,PD_5': inf, 'PD_3,PD_6': inf, 'PD_4,PD_5': inf, 'PD_4,PD_6': inf, 'PD_5,PD_6': inf}
  Computing metrics...
    RSI: {'PD_2,PD_3': 0.5, 'PD_2,PD_4': 1.0, 'PD_2,PD_5': 1.0, 'PD_2,PD_6': 0.0, 'PD_3,PD_4': 0.5, 'PD_3,PD_5': 0.5, 'PD_3,PD_6': 0.0, 'PD_4,PD_5': 1.0, 'PD_4,PD_6': 0.0, 'PD_5,PD_6': 0.0}, ASR: 1.2, TCB: {'PD_2': ['PD_4', 'PD_3', 'PD_5'], 'PD_3': ['PD_2', 'PD_4', 'PD_5'], 'PD_4': ['PD_2', 'PD_3', 'PD_5'], 'PD_5': ['PD_2', 'PD_3', 'PD_4'], 'PD_6': []}, FR: {'PD_2,PD_3': inf, 'PD_2,PD_4': inf, 'PD_2,PD_5': inf, 'PD_2,PD_6': inf, 'PD_3,PD_4': inf, 'PD_3,PD_5': inf, 'PD_3,PD_6': inf, 'PD_4,PD_5': inf, 'PD_4,PD_6': inf, 'PD_5,PD_6': inf}
  🚫 Filtered out 0 'add_pd(add new protection domain to help resolve 2 constraint violation(s))' candidates (avoiding repetition)
  Trying best transition: primitive
    Target: connect PD_6 to FILE_1_1
    Predicted improvement: 3.600
    Considered 37 other option(s):
      1. primitive: add new protection domain to help resolve 2 constraint violation(s) (improvement: 0.100)
      2. primitive: connect PD_6 to FILE_1_2 (improvement: 0.600)
      3. primitive: remove empty PD_6 (improvement: 0.100)
      4. primitive: create new CONFIG file in FILE_SPACE_1 (improvement: 0.100)
      5. primitive: create new DATABASE file in FILE_SPACE_1 (improvement: 0.100)
      6. primitive: create new TEMP file in FILE_SPACE_1 (improvement: 0.100)
      7. primitive: create new LOG file in FILE_SPACE_1 (improvement: 0.100)
      8. primitive: remove FILE_1_1 (holders: 4) (improvement: 0.100)
      9. primitive: remove PD_3 -> FILE_1_1 HOLD edge (improvement: 0.100)
      10. primitive: remove PD_3 -> FILE_1_2 HOLD edge (improvement: 0.100)
      ... and 27 more
    ✅ Applied add_hold_edge
  📋 Generated 38 candidate(s)
  Computing metrics...
    RSI: {'PD_2,PD_3': 0.5, 'PD_2,PD_4': 1.0, 'PD_2,PD_5': 1.0, 'PD_2,PD_6': 1.0, 'PD_3,PD_4': 0.5, 'PD_3,PD_5': 0.5, 'PD_3,PD_6': 0.5, 'PD_4,PD_5': 1.0, 'PD_4,PD_6': 1.0, 'PD_5,PD_6': 1.0}, ASR: 1.4, TCB: {'PD_2': ['PD_4', 'PD_3', 'PD_5', 'PD_6'], 'PD_3': ['PD_2', 'PD_4', 'PD_5', 'PD_6'], 'PD_4': ['PD_2', 'PD_3', 'PD_5', 'PD_6'], 'PD_5': ['PD_2', 'PD_3', 'PD_4', 'PD_6'], 'PD_6': ['PD_2', 'PD_3', 'PD_4', 'PD_5']}, FR: {'PD_2,PD_3': inf, 'PD_2,PD_4': inf, 'PD_2,PD_5': inf, 'PD_2,PD_6': inf, 'PD_3,PD_4': inf, 'PD_3,PD_5': inf, 'PD_3,PD_6': inf, 'PD_4,PD_5': inf, 'PD_4,PD_6': inf, 'PD_5,PD_6': inf}
    ✅ Added candidate: add_hold_edge (score: 3.600)
  Computing metrics...
    RSI: {'PD_2,PD_3': 0.5, 'PD_2,PD_4': 1.0, 'PD_2,PD_5': 1.0, 'PD_2,PD_6': 0.0, 'PD_3,PD_4': 0.5, 'PD_3,PD_5': 0.5, 'PD_3,PD_6': 0.5, 'PD_4,PD_5': 1.0, 'PD_4,PD_6': 0.0, 'PD_5,PD_6': 0.0}, ASR: 1.4, TCB: {'PD_2': ['PD_4', 'PD_3', 'PD_5'], 'PD_3': ['PD_2', 'PD_4', 'PD_5', 'PD_6'], 'PD_4': ['PD_2', 'PD_3', 'PD_5'], 'PD_5': ['PD_2', 'PD_3', 'PD_4'], 'PD_6': ['PD_3']}, FR: {'PD_2,PD_3': inf, 'PD_2,PD_4': inf, 'PD_2,PD_5': inf, 'PD_2,PD_6': inf, 'PD_3,PD_4': inf, 'PD_3,PD_5': inf, 'PD_3,PD_6': inf, 'PD_4,PD_5': inf, 'PD_4,PD_6': inf, 'PD_5,PD_6': inf}
    ✅ Added candidate: add_hold_edge (score: 0.600)

📊 Next beam (3 states):
  Beam[0]: BeamState(iter=8, score=3.600, path=add_hold_edge(connect PD_2 to orphaned resource FILE_1_2) → add_pd(add new protection domain to help resolve 2 constraint violation(s)) → add_hold_edge(connect PD_6 to FILE_1_1))
  Beam[1]: BeamState(iter=8, score=3.600, path=add_hold_edge(connect PD_3 to orphaned resource FILE_1_2) → add_pd(add new protection domain to help resolve 2 constraint violation(s)) → add_hold_edge(connect PD_6 to FILE_1_1))
  Beam[2]: BeamState(iter=8, score=0.600, path=add_hold_edge(connect PD_2 to orphaned resource FILE_1_2) → add_pd(add new protection domain to help resolve 2 constraint violation(s)) → add_hold_edge(connect PD_6 to FILE_1_2))
💡 Total candidates generated: 6
🎯 Mechanisms discovered so far: 0

🏁 Beam search complete!
🎯 Total mechanisms discovered: 0

📊 Final beam states:
  Final[0]: BeamState(iter=8, score=3.600, path=add_hold_edge(connect PD_2 to orphaned resource FILE_1_2) → add_pd(add new protection domain to help resolve 2 constraint violation(s)) → add_hold_edge(connect PD_6 to FILE_1_1))
    Path: remove_pd(remove empty PD_1) → add_hold_edge(connect PD_2 to FILE_1_1) → add_pd(add new protection domain to help resolve 2 constraint violation(s)) → add_hold_edge(connect PD_5 to FILE_1_1) → add_file_resource(create new CONFIG file in FILE_SPACE_1) → add_hold_edge(connect PD_2 to orphaned resource FILE_1_2) → add_pd(add new protection domain to help resolve 2 constraint violation(s)) → add_hold_edge(connect PD_6 to FILE_1_1)
  Final[1]: BeamState(iter=8, score=3.600, path=add_hold_edge(connect PD_3 to orphaned resource FILE_1_2) → add_pd(add new protection domain to help resolve 2 constraint violation(s)) → add_hold_edge(connect PD_6 to FILE_1_1))
    Path: remove_pd(remove empty PD_1) → add_hold_edge(connect PD_2 to FILE_1_1) → add_pd(add new protection domain to help resolve 2 constraint violation(s)) → add_hold_edge(connect PD_5 to FILE_1_1) → add_file_resource(create new CONFIG file in FILE_SPACE_1) → add_hold_edge(connect PD_3 to orphaned resource FILE_1_2) → add_pd(add new protection domain to help resolve 2 constraint violation(s)) → add_hold_edge(connect PD_6 to FILE_1_1)
  Final[2]: BeamState(iter=8, score=0.600, path=add_hold_edge(connect PD_2 to orphaned resource FILE_1_2) → add_pd(add new protection domain to help resolve 2 constraint violation(s)) → add_hold_edge(connect PD_6 to FILE_1_2))
    Path: remove_pd(remove empty PD_1) → add_hold_edge(connect PD_2 to FILE_1_1) → add_pd(add new protection domain to help resolve 2 constraint violation(s)) → add_hold_edge(connect PD_5 to FILE_1_1) → add_file_resource(create new CONFIG file in FILE_SPACE_1) → add_hold_edge(connect PD_2 to orphaned resource FILE_1_2) → add_pd(add new protection domain to help resolve 2 constraint violation(s)) → add_hold_edge(connect PD_6 to FILE_1_2)

✅ Scenario 'Reduce Isolation' complete!
   Mechanisms discovered: 0

✅ Exploration complete!
