🔍 Verbose mode enabled - detailed exploration tracking

🎯 Running scenario: reduce_isolation
✓ Validated 5 constraints in scenario 'Reduce Isolation'
🎯 Running scenario: Reduce Isolation
   Description: Transform mediated access (PD1->PD3->R0, PD2->PD4->R0) to direct access (PD1->R0, PD2->R0) by maximizing RSI
   Goals (1): ['Goal(maximize RSI[PD_1,PD_2] to 0.8)']
   Constraints (5): ["Constraint(requires_resource_access for PD_1: FILE_1_1, {'access_type': 'direct_or_indirect'})", "Constraint(requires_resource_access for PD_2: FILE_1_1, {'access_type': 'direct_or_indirect'})", "Constraint(requires_resource_exists for PD_None: FILE_1_1, {'mandatory': True})", "Constraint(requires_file_access for PD_1: FILE, {'file_type': 'any', 'min_size_kb': 1})", "Constraint(requires_file_access for PD_2: FILE, {'file_type': 'any', 'min_size_kb': 1})"]
   Transitions (12): ['Transition(add_pd: Create new Protection Domain)', 'Transition(remove_pd: Remove existing Protection Domain)', 'Transition(add_file_resource: Create new FILE resource)', 'Transition(remove_file_resource: Remove FILE resource)', 'Transition(add_resource_space: Create new resource space)', 'Transition(remove_resource_space: Remove resource space)', 'Transition(add_hold_edge: Create PD → Resource relationship)', 'Transition(remove_hold_edge: Remove PD → Resource relationship)', 'Transition(add_request_edge: Create PD → PD authority relationship)', 'Transition(remove_request_edge: Remove PD → PD authority relationship)', 'Transition(add_subset_edge: Create Resource → ResourceSpace relationship)', 'Transition(remove_subset_edge: Remove Resource → ResourceSpace relationship)']
   Starting Graph: 6 nodes, 5 edges

=== Graph Details ===
Node: PD_1 -> {'type': 'PD', 'data': 'client_1', 'extra': ''}
Node: PD_2 -> {'type': 'PD', 'data': 'client_2', 'extra': ''}
Node: PD_3 -> {'type': 'PD', 'data': 'mediator_1', 'extra': ''}
Node: PD_4 -> {'type': 'PD', 'data': 'mediator_2', 'extra': ''}
Node: FILE_SPACE_1 -> {'type': 'RESOURCE_SPACE', 'data': 'FILE', 'extra': ''}
Node: FILE_1_1 -> {'type': 'RESOURCE', 'data': 'FILE', 'extra': '{"path": "/shared/config.dat", "file_type": "CONFIG", "size_bytes": "4096", "permissions": "rw-"}'}

=== Ready for IsoSearch! ===

=== Exploring Reduce Isolation ===
🔍 Using TRUE BFS (no scoring, exhaustive exploration)
🔍 Starting TRUE BFS exploration (no scoring)
   Max depth: 8
   Max states: 1000

📊 Initial graph:
        # Graph structure:
        # PD_1 --REQUEST--> PD_3
        # PD_2 --REQUEST--> PD_4
        # PD_3 --HOLD--> FILE_1_1 -> FILE_SPACE_1
        # PD_4 --HOLD--> FILE_1_1 -> FILE_SPACE_1
        #
        # FILE_1_1 shared by: PD_3, PD_4

Warning: Removing FILE_1_1 will leave PD_3 without CONFIG files
Warning: Removing FILE_1_1 will leave PD_4 without CONFIG files

🌳 State 1 (depth 0) expanded to 25 new states
Warning: Removing FILE_1_1 will leave PD_3 without CONFIG files
Warning: Removing FILE_1_1 will leave PD_4 without CONFIG files

🌳 State 2 (depth 1) expanded to 23 new states
   Current path: ...add_pd(add new protection domain to help resolve 2 constraint violation(s))
Warning: Removing FILE_1_1 will leave PD_3 without CONFIG files
Warning: Removing FILE_1_1 will leave PD_4 without CONFIG files

🌳 State 3 (depth 1) expanded to 16 new states
   Current path: ...remove_pd(remove empty PD_1)
Warning: Removing FILE_1_1 will leave PD_3 without CONFIG files
Warning: Removing FILE_1_1 will leave PD_4 without CONFIG files

🌳 State 4 (depth 1) expanded to 15 new states
   Current path: ...remove_pd(remove empty PD_2)
Warning: Removing FILE_1_1 will leave PD_3 without CONFIG files
Warning: Removing FILE_1_1 will leave PD_4 without CONFIG files

🌳 State 5 (depth 1) expanded to 21 new states
   Current path: ...add_file_resource(create new CONFIG file in FILE_SPACE_1)
Warning: Removing FILE_1_1 will leave PD_3 without DATABASE files
Warning: Removing FILE_1_1 will leave PD_4 without DATABASE files
Warning: Removing FILE_1_1 will leave PD_3 without TEMP files
Warning: Removing FILE_1_1 will leave PD_4 without TEMP files
Warning: Removing FILE_1_1 will leave PD_3 without LOG files
Warning: Removing FILE_1_1 will leave PD_4 without LOG files
Warning: Removing FILE_1_1 will leave PD_1 without CONFIG files
Warning: Removing FILE_1_1 will leave PD_3 without CONFIG files
Warning: Removing FILE_1_1 will leave PD_4 without CONFIG files
Warning: Removing FILE_1_1 will leave PD_2 without CONFIG files
Warning: Removing FILE_1_1 will leave PD_3 without CONFIG files
Warning: Removing FILE_1_1 will leave PD_4 without CONFIG files
Warning: Removing FILE_1_1 will leave PD_3 without CONFIG files
Warning: Removing FILE_1_1 will leave PD_4 without CONFIG files
Warning: Removing FILE_1_1 will leave PD_3 without CONFIG files
Warning: Removing FILE_1_1 will leave PD_4 without CONFIG files
Warning: Removing FILE_1_1 will leave PD_3 without CONFIG files
Warning: Removing FILE_1_1 will leave PD_4 without CONFIG files
Warning: Removing FILE_1_1 will leave PD_3 without CONFIG files
Warning: Removing FILE_1_1 will leave PD_4 without CONFIG files
Warning: Removing FILE_1_1 will leave PD_3 without CONFIG files
Warning: Removing FILE_1_1 will leave PD_4 without CONFIG files
Warning: Removing FILE_1_1 will leave PD_3 without CONFIG files
Warning: Removing FILE_1_1 will leave PD_4 without CONFIG files
Warning: Removing FILE_1_1 will leave PD_3 without CONFIG files
Warning: Removing FILE_1_1 will leave PD_4 without CONFIG files
Warning: Removing FILE_1_1 will leave PD_3 without CONFIG files
Warning: Removing FILE_1_1 will leave PD_4 without CONFIG files
Warning: Removing FILE_1_1 will leave PD_3 without CONFIG files
Warning: Removing FILE_1_1 will leave PD_4 without CONFIG files
Warning: Removing FILE_1_1 will leave PD_3 without CONFIG files
Warning: Removing FILE_1_1 will leave PD_4 without CONFIG files
Warning: Removing FILE_1_1 will leave PD_3 without CONFIG files
Warning: Removing FILE_1_1 will leave PD_4 without CONFIG files
Warning: Removing FILE_1_1 will leave PD_3 without CONFIG files
Warning: Removing FILE_1_1 will leave PD_4 without CONFIG files
Warning: Removing FILE_1_1 will leave PD_3 without CONFIG files
Warning: Removing FILE_1_1 will leave PD_4 without CONFIG files
Warning: Removing FILE_1_1 will leave PD_3 without CONFIG files
Warning: Removing FILE_1_1 will leave PD_4 without CONFIG files
Warning: Removing FILE_1_1 will leave PD_3 without CONFIG files
Warning: Removing FILE_1_1 will leave PD_4 without CONFIG files
Warning: Removing FILE_1_1 will leave PD_3 without DATABASE files
Warning: Removing FILE_1_1 will leave PD_4 without DATABASE files
Warning: Removing FILE_1_1 will leave PD_3 without TEMP files
Warning: Removing FILE_1_1 will leave PD_4 without TEMP files
Warning: Removing FILE_1_1 will leave PD_3 without LOG files
Warning: Removing FILE_1_1 will leave PD_4 without LOG files
Warning: Removing FILE_1_1 will leave PD_1 without CONFIG files
Warning: Removing FILE_1_1 will leave PD_3 without CONFIG files
Warning: Removing FILE_1_1 will leave PD_4 without CONFIG files
Warning: Removing FILE_1_1 will leave PD_2 without CONFIG files
Warning: Removing FILE_1_1 will leave PD_3 without CONFIG files
Warning: Removing FILE_1_1 will leave PD_4 without CONFIG files
Warning: Removing FILE_1_1 will leave PD_3 without CONFIG files
Warning: Removing FILE_1_1 will leave PD_4 without CONFIG files
Warning: Removing FILE_1_1 will leave PD_3 without CONFIG files
Warning: Removing FILE_1_1 will leave PD_4 without CONFIG files
Warning: Removing FILE_1_1 will leave PD_3 without CONFIG files
Warning: Removing FILE_1_1 will leave PD_4 without CONFIG files
Warning: Removing FILE_1_1 will leave PD_3 without CONFIG files
Warning: Removing FILE_1_1 will leave PD_4 without CONFIG files
Warning: Removing FILE_1_1 will leave PD_3 without CONFIG files
Warning: Removing FILE_1_1 will leave PD_4 without CONFIG files
Warning: Removing FILE_1_1 will leave PD_3 without CONFIG files
Warning: Removing FILE_1_1 will leave PD_4 without CONFIG files
Warning: Removing FILE_1_1 will leave PD_3 without CONFIG files
Warning: Removing FILE_1_1 will leave PD_4 without CONFIG files
Warning: Removing FILE_1_1 will leave PD_3 without CONFIG files
Warning: Removing FILE_1_1 will leave PD_4 without CONFIG files
Warning: Removing FILE_1_1 will leave PD_3 without CONFIG files
Warning: Removing FILE_1_1 will leave PD_4 without CONFIG files
Warning: Removing FILE_1_1 will leave PD_3 without CONFIG files
Warning: Removing FILE_1_1 will leave PD_4 without CONFIG files
Warning: Removing FILE_1_1 will leave PD_3 without CONFIG files
Warning: Removing FILE_1_1 will leave PD_4 without CONFIG files
Warning: Removing FILE_1_1 will leave PD_3 without CONFIG files
Warning: Removing FILE_1_1 will leave PD_4 without CONFIG files
Warning: Removing FILE_1_1 will leave PD_3 without CONFIG files
Warning: Removing FILE_1_1 will leave PD_4 without CONFIG files

⏳ Progress: 50 states explored, 515 in queue, 0 mechanisms found
Warning: Removing FILE_1_1 will leave PD_3 without CONFIG files
Warning: Removing FILE_1_1 will leave PD_4 without CONFIG files
Warning: Removing FILE_1_1 will leave PD_3 without CONFIG files
Warning: Removing FILE_1_1 will leave PD_4 without CONFIG files
Warning: Removing FILE_1_1 will leave PD_3 without DATABASE files
Warning: Removing FILE_1_1 will leave PD_4 without DATABASE files
Warning: Removing FILE_1_1 will leave PD_3 without TEMP files
Warning: Removing FILE_1_1 will leave PD_4 without TEMP files
Warning: Removing FILE_1_1 will leave PD_3 without LOG files
Warning: Removing FILE_1_1 will leave PD_4 without LOG files
Warning: Removing FILE_1_1 will leave PD_2 without CONFIG files
Warning: Removing FILE_1_1 will leave PD_3 without CONFIG files
Warning: Removing FILE_1_1 will leave PD_4 without CONFIG files
Warning: Removing FILE_1_1 will leave PD_3 without CONFIG files
Warning: Removing FILE_1_1 will leave PD_4 without CONFIG files
Warning: Removing FILE_1_1 will leave PD_3 without CONFIG files
Warning: Removing FILE_1_1 will leave PD_4 without CONFIG files
Warning: Removing FILE_1_1 will leave PD_3 without CONFIG files
Warning: Removing FILE_1_1 will leave PD_4 without CONFIG files
Warning: Removing FILE_1_1 will leave PD_3 without CONFIG files
Warning: Removing FILE_1_1 will leave PD_4 without CONFIG files
Warning: Removing FILE_1_1 will leave PD_3 without CONFIG files
Warning: Removing FILE_1_1 will leave PD_4 without CONFIG files
Warning: Removing FILE_1_1 will leave PD_3 without CONFIG files
Warning: Removing FILE_1_1 will leave PD_4 without CONFIG files
Warning: Removing FILE_1_1 will leave PD_3 without CONFIG files
Warning: Removing FILE_1_1 will leave PD_4 without CONFIG files
Warning: Removing FILE_1_1 will leave PD_3 without CONFIG files
Warning: Removing FILE_1_1 will leave PD_4 without CONFIG files
Warning: Removing FILE_1_1 will leave PD_3 without DATABASE files
Warning: Removing FILE_1_1 will leave PD_4 without DATABASE files
Warning: Removing FILE_1_1 will leave PD_3 without TEMP files
Warning: Removing FILE_1_1 will leave PD_4 without TEMP files
Warning: Removing FILE_1_1 will leave PD_3 without LOG files
Warning: Removing FILE_1_1 will leave PD_4 without LOG files
Warning: Removing FILE_1_1 will leave PD_1 without CONFIG files
Warning: Removing FILE_1_1 will leave PD_3 without CONFIG files
Warning: Removing FILE_1_1 will leave PD_4 without CONFIG files
Warning: Removing FILE_1_1 will leave PD_3 without CONFIG files
Warning: Removing FILE_1_1 will leave PD_4 without CONFIG files
Warning: Removing FILE_1_1 will leave PD_3 without CONFIG files
Warning: Removing FILE_1_1 will leave PD_4 without CONFIG files
Warning: Removing FILE_1_1 will leave PD_3 without CONFIG files
Warning: Removing FILE_1_1 will leave PD_4 without CONFIG files
Warning: Removing FILE_1_1 will leave PD_3 without CONFIG files
Warning: Removing FILE_1_1 will leave PD_4 without CONFIG files
Warning: Removing FILE_1_1 will leave PD_3 without CONFIG files
Warning: Removing FILE_1_1 will leave PD_4 without CONFIG files
Warning: Removing FILE_1_1 will leave PD_3 without CONFIG files
Warning: Removing FILE_1_1 will leave PD_4 without CONFIG files
Warning: Removing FILE_1_1 will leave PD_3 without CONFIG files
Warning: Removing FILE_1_1 will leave PD_4 without CONFIG files
Warning: Removing FILE_1_1 will leave PD_3 without CONFIG files
Warning: Removing FILE_1_1 will leave PD_4 without CONFIG files
Warning: Removing FILE_1_1 will leave PD_3 without DATABASE files
Warning: Removing FILE_1_1 will leave PD_4 without DATABASE files
Warning: Removing FILE_1_1 will leave PD_3 without TEMP files
Warning: Removing FILE_1_1 will leave PD_4 without TEMP files
Warning: Removing FILE_1_1 will leave PD_3 without LOG files
Warning: Removing FILE_1_1 will leave PD_4 without LOG files
Warning: Removing FILE_1_1 will leave PD_1 without CONFIG files
Warning: Removing FILE_1_1 will leave PD_3 without CONFIG files
Warning: Removing FILE_1_1 will leave PD_4 without CONFIG files
Warning: Removing FILE_1_1 will leave PD_2 without CONFIG files
Warning: Removing FILE_1_1 will leave PD_3 without CONFIG files
Warning: Removing FILE_1_1 will leave PD_4 without CONFIG files
Warning: Removing FILE_1_1 will leave PD_3 without CONFIG files
Warning: Removing FILE_1_1 will leave PD_4 without CONFIG files
Warning: Removing FILE_1_1 will leave PD_3 without CONFIG files
Warning: Removing FILE_1_1 will leave PD_4 without CONFIG files
Warning: Removing FILE_1_1 will leave PD_3 without CONFIG files
Warning: Removing FILE_1_1 will leave PD_4 without CONFIG files
Warning: Removing FILE_1_1 will leave PD_3 without CONFIG files
Warning: Removing FILE_1_1 will leave PD_4 without CONFIG files
Warning: Removing FILE_1_1 will leave PD_3 without CONFIG files
Warning: Removing FILE_1_1 will leave PD_4 without CONFIG files
Warning: Removing FILE_1_1 will leave PD_3 without CONFIG files
Warning: Removing FILE_1_1 will leave PD_4 without CONFIG files
Warning: Removing FILE_1_1 will leave PD_3 without CONFIG files
Warning: Removing FILE_1_1 will leave PD_4 without CONFIG files
Warning: Removing FILE_1_1 will leave PD_3 without CONFIG files
Warning: Removing FILE_1_1 will leave PD_4 without CONFIG files
Warning: Removing FILE_1_1 will leave PD_3 without CONFIG files
Warning: Removing FILE_1_1 will leave PD_4 without CONFIG files
Warning: Removing FILE_1_1 will leave PD_3 without CONFIG files
Warning: Removing FILE_1_1 will leave PD_4 without CONFIG files
Warning: Removing FILE_1_1 will leave PD_3 without CONFIG files
Warning: Removing FILE_1_1 will leave PD_4 without CONFIG files

⏳ Progress: 100 states explored, 900 in queue, 0 mechanisms found
Warning: Removing FILE_1_1 will leave PD_3 without CONFIG files
Warning: Removing FILE_1_1 will leave PD_4 without CONFIG files
Warning: Removing FILE_1_1 will leave PD_3 without CONFIG files
Warning: Removing FILE_1_1 will leave PD_4 without CONFIG files
Warning: Removing FILE_1_1 will leave PD_1 without DATABASE files
Warning: Removing FILE_1_1 will leave PD_3 without DATABASE files
Warning: Removing FILE_1_1 will leave PD_4 without DATABASE files
Warning: Removing FILE_1_1 will leave PD_2 without DATABASE files
Warning: Removing FILE_1_1 will leave PD_3 without DATABASE files
Warning: Removing FILE_1_1 will leave PD_4 without DATABASE files
Warning: Removing FILE_1_1 will leave PD_3 without DATABASE files
Warning: Removing FILE_1_1 will leave PD_4 without DATABASE files
Warning: Removing FILE_1_1 will leave PD_3 without DATABASE files
Warning: Removing FILE_1_1 will leave PD_4 without DATABASE files
Warning: Removing FILE_1_1 will leave PD_3 without DATABASE files
Warning: Removing FILE_1_1 will leave PD_4 without DATABASE files
Warning: Removing FILE_1_1 will leave PD_3 without DATABASE files
Warning: Removing FILE_1_1 will leave PD_4 without DATABASE files
Warning: Removing FILE_1_1 will leave PD_3 without DATABASE files
Warning: Removing FILE_1_1 will leave PD_4 without DATABASE files
Warning: Removing FILE_1_1 will leave PD_3 without DATABASE files
Warning: Removing FILE_1_1 will leave PD_4 without DATABASE files
Warning: Removing FILE_1_1 will leave PD_3 without DATABASE files
Warning: Removing FILE_1_1 will leave PD_4 without DATABASE files
Warning: Removing FILE_1_1 will leave PD_3 without DATABASE files
Warning: Removing FILE_1_1 will leave PD_4 without DATABASE files
Warning: Removing FILE_1_1 will leave PD_3 without DATABASE files
Warning: Removing FILE_1_1 will leave PD_4 without DATABASE files
Warning: Removing FILE_1_1 will leave PD_3 without DATABASE files
Warning: Removing FILE_1_1 will leave PD_4 without DATABASE files
Warning: Removing FILE_1_1 will leave PD_3 without DATABASE files
Warning: Removing FILE_1_1 will leave PD_4 without DATABASE files
Warning: Removing FILE_1_1 will leave PD_3 without DATABASE files
Warning: Removing FILE_1_1 will leave PD_4 without DATABASE files
Warning: Removing FILE_1_1 will leave PD_3 without DATABASE files
Warning: Removing FILE_1_1 will leave PD_4 without DATABASE files
Warning: Removing FILE_1_1 will leave PD_1 without TEMP files
Warning: Removing FILE_1_1 will leave PD_3 without TEMP files
Warning: Removing FILE_1_1 will leave PD_4 without TEMP files
Warning: Removing FILE_1_1 will leave PD_2 without TEMP files
Warning: Removing FILE_1_1 will leave PD_3 without TEMP files
Warning: Removing FILE_1_1 will leave PD_4 without TEMP files
Warning: Removing FILE_1_1 will leave PD_3 without TEMP files
Warning: Removing FILE_1_1 will leave PD_4 without TEMP files
Warning: Removing FILE_1_1 will leave PD_3 without TEMP files
Warning: Removing FILE_1_1 will leave PD_4 without TEMP files
Warning: Removing FILE_1_1 will leave PD_3 without TEMP files
Warning: Removing FILE_1_1 will leave PD_4 without TEMP files
Warning: Removing FILE_1_1 will leave PD_3 without TEMP files
Warning: Removing FILE_1_1 will leave PD_4 without TEMP files
Warning: Removing FILE_1_1 will leave PD_3 without TEMP files
Warning: Removing FILE_1_1 will leave PD_4 without TEMP files
Warning: Removing FILE_1_1 will leave PD_3 without TEMP files
Warning: Removing FILE_1_1 will leave PD_4 without TEMP files
Warning: Removing FILE_1_1 will leave PD_3 without TEMP files
Warning: Removing FILE_1_1 will leave PD_4 without TEMP files
Warning: Removing FILE_1_1 will leave PD_3 without TEMP files
Warning: Removing FILE_1_1 will leave PD_4 without TEMP files
Warning: Removing FILE_1_1 will leave PD_3 without TEMP files
Warning: Removing FILE_1_1 will leave PD_4 without TEMP files
Warning: Removing FILE_1_1 will leave PD_3 without TEMP files
Warning: Removing FILE_1_1 will leave PD_4 without TEMP files
Warning: Removing FILE_1_1 will leave PD_3 without TEMP files
Warning: Removing FILE_1_1 will leave PD_4 without TEMP files
Warning: Removing FILE_1_1 will leave PD_3 without TEMP files
Warning: Removing FILE_1_1 will leave PD_4 without TEMP files
Warning: Removing FILE_1_1 will leave PD_3 without TEMP files
Warning: Removing FILE_1_1 will leave PD_4 without TEMP files
Warning: Removing FILE_1_1 will leave PD_1 without LOG files
Warning: Removing FILE_1_1 will leave PD_3 without LOG files
Warning: Removing FILE_1_1 will leave PD_4 without LOG files
Warning: Removing FILE_1_1 will leave PD_2 without LOG files
Warning: Removing FILE_1_1 will leave PD_3 without LOG files
Warning: Removing FILE_1_1 will leave PD_4 without LOG files
Warning: Removing FILE_1_1 will leave PD_3 without LOG files
Warning: Removing FILE_1_1 will leave PD_4 without LOG files
Warning: Removing FILE_1_1 will leave PD_3 without LOG files
Warning: Removing FILE_1_1 will leave PD_4 without LOG files
Warning: Removing FILE_1_1 will leave PD_3 without LOG files
Warning: Removing FILE_1_1 will leave PD_4 without LOG files
Warning: Removing FILE_1_1 will leave PD_3 without LOG files
Warning: Removing FILE_1_1 will leave PD_4 without LOG files
Warning: Removing FILE_1_1 will leave PD_3 without LOG files
Warning: Removing FILE_1_1 will leave PD_4 without LOG files
Warning: Removing FILE_1_1 will leave PD_3 without LOG files
Warning: Removing FILE_1_1 will leave PD_4 without LOG files
Warning: Removing FILE_1_1 will leave PD_3 without LOG files
Warning: Removing FILE_1_1 will leave PD_4 without LOG files
Warning: Removing FILE_1_1 will leave PD_3 without LOG files
Warning: Removing FILE_1_1 will leave PD_4 without LOG files
Warning: Removing FILE_1_1 will leave PD_3 without LOG files
Warning: Removing FILE_1_1 will leave PD_4 without LOG files
Warning: Removing FILE_1_1 will leave PD_3 without LOG files
Warning: Removing FILE_1_1 will leave PD_4 without LOG files

⏳ Progress: 150 states explored, 1268 in queue, 0 mechanisms found
Warning: Removing FILE_1_1 will leave PD_3 without LOG files
Warning: Removing FILE_1_1 will leave PD_4 without LOG files
Warning: Removing FILE_1_1 will leave PD_3 without LOG files
Warning: Removing FILE_1_1 will leave PD_4 without LOG files
Warning: Removing FILE_1_1 will leave PD_3 without LOG files
Warning: Removing FILE_1_1 will leave PD_4 without LOG files
  Computing metrics...
    RSI: {'PD_1,PD_2': 1.0, 'PD_1,PD_3': 1.0, 'PD_1,PD_4': 1.0, 'PD_2,PD_3': 1.0, 'PD_2,PD_4': 1.0, 'PD_3,PD_4': 1.0}, ASR: 1.5, TCB: {'PD_1': ['PD_3', 'PD_2', 'PD_4'], 'PD_2': ['PD_4', 'PD_1', 'PD_3'], 'PD_3': ['PD_1', 'PD_2', 'PD_4'], 'PD_4': ['PD_1', 'PD_2', 'PD_3']}, FR: {'PD_1,PD_2': inf, 'PD_1,PD_3': inf, 'PD_1,PD_4': inf, 'PD_2,PD_3': inf, 'PD_2,PD_4': inf, 'PD_3,PD_4': inf}
    All 1 goals met!

✅ MECHANISM FOUND at depth 2!
   Path: add_hold_edge(connect PD_1 to FILE_1_1) → add_hold_edge(connect PD_2 to FILE_1_1)
Warning: Removing FILE_1_1 will leave PD_1 without CONFIG files
Warning: Removing FILE_1_1 will leave PD_2 without CONFIG files
Warning: Removing FILE_1_1 will leave PD_3 without CONFIG files
Warning: Removing FILE_1_1 will leave PD_4 without CONFIG files
Warning: Removing FILE_1_1 will leave PD_1 without CONFIG files
Warning: Removing FILE_1_1 will leave PD_4 without CONFIG files
Warning: Removing FILE_1_1 will leave PD_1 without CONFIG files
Warning: Removing FILE_1_1 will leave PD_3 without CONFIG files
Warning: Removing FILE_1_1 will leave PD_1 without CONFIG files
Warning: Removing FILE_1_1 will leave PD_3 without CONFIG files
Warning: Removing FILE_1_1 will leave PD_4 without CONFIG files
Warning: Removing FILE_1_1 will leave PD_1 without CONFIG files
Warning: Removing FILE_1_1 will leave PD_3 without CONFIG files
Warning: Removing FILE_1_1 will leave PD_4 without CONFIG files
Warning: Removing FILE_1_1 will leave PD_1 without CONFIG files
Warning: Removing FILE_1_1 will leave PD_3 without CONFIG files
Warning: Removing FILE_1_1 will leave PD_4 without CONFIG files
Warning: Removing FILE_1_1 will leave PD_1 without CONFIG files
Warning: Removing FILE_1_1 will leave PD_3 without CONFIG files
Warning: Removing FILE_1_1 will leave PD_4 without CONFIG files
Warning: Removing FILE_1_1 will leave PD_1 without CONFIG files
Warning: Removing FILE_1_1 will leave PD_3 without CONFIG files
Warning: Removing FILE_1_1 will leave PD_4 without CONFIG files
Warning: Removing FILE_1_1 will leave PD_1 without CONFIG files
Warning: Removing FILE_1_1 will leave PD_3 without CONFIG files
Warning: Removing FILE_1_1 will leave PD_4 without CONFIG files
Warning: Removing FILE_1_1 will leave PD_1 without CONFIG files
Warning: Removing FILE_1_1 will leave PD_3 without CONFIG files
Warning: Removing FILE_1_1 will leave PD_4 without CONFIG files
Warning: Removing FILE_1_1 will leave PD_1 without CONFIG files
Warning: Removing FILE_1_1 will leave PD_3 without CONFIG files
Warning: Removing FILE_1_1 will leave PD_4 without CONFIG files
Warning: Removing FILE_1_1 will leave PD_1 without CONFIG files
Warning: Removing FILE_1_1 will leave PD_3 without CONFIG files
Warning: Removing FILE_1_1 will leave PD_4 without CONFIG files
Warning: Removing FILE_1_1 will leave PD_1 without CONFIG files
Warning: Removing FILE_1_1 will leave PD_3 without CONFIG files
Warning: Removing FILE_1_1 will leave PD_4 without CONFIG files
Warning: Removing FILE_1_1 will leave PD_1 without CONFIG files
Warning: Removing FILE_1_1 will leave PD_3 without CONFIG files
Warning: Removing FILE_1_1 will leave PD_4 without CONFIG files
Warning: Removing FILE_1_1 will leave PD_1 without CONFIG files
Warning: Removing FILE_1_1 will leave PD_3 without CONFIG files
Warning: Removing FILE_1_1 will leave PD_4 without CONFIG files
Warning: Removing FILE_1_1 will leave PD_1 without CONFIG files
Warning: Removing FILE_1_1 will leave PD_3 without CONFIG files
Warning: Removing FILE_1_1 will leave PD_4 without CONFIG files
Warning: Removing FILE_1_1 will leave PD_2 without CONFIG files
Warning: Removing FILE_1_1 will leave PD_4 without CONFIG files
Warning: Removing FILE_1_1 will leave PD_2 without CONFIG files
Warning: Removing FILE_1_1 will leave PD_3 without CONFIG files
Warning: Removing FILE_1_1 will leave PD_2 without CONFIG files
Warning: Removing FILE_1_1 will leave PD_3 without CONFIG files
Warning: Removing FILE_1_1 will leave PD_4 without CONFIG files
Warning: Removing FILE_1_1 will leave PD_2 without CONFIG files
Warning: Removing FILE_1_1 will leave PD_3 without CONFIG files
Warning: Removing FILE_1_1 will leave PD_4 without CONFIG files
Warning: Removing FILE_1_1 will leave PD_2 without CONFIG files
Warning: Removing FILE_1_1 will leave PD_3 without CONFIG files
Warning: Removing FILE_1_1 will leave PD_4 without CONFIG files
Warning: Removing FILE_1_1 will leave PD_2 without CONFIG files
Warning: Removing FILE_1_1 will leave PD_3 without CONFIG files
Warning: Removing FILE_1_1 will leave PD_4 without CONFIG files
Warning: Removing FILE_1_1 will leave PD_2 without CONFIG files
Warning: Removing FILE_1_1 will leave PD_3 without CONFIG files
Warning: Removing FILE_1_1 will leave PD_4 without CONFIG files
Warning: Removing FILE_1_1 will leave PD_2 without CONFIG files
Warning: Removing FILE_1_1 will leave PD_3 without CONFIG files
Warning: Removing FILE_1_1 will leave PD_4 without CONFIG files
Warning: Removing FILE_1_1 will leave PD_2 without CONFIG files
Warning: Removing FILE_1_1 will leave PD_3 without CONFIG files
Warning: Removing FILE_1_1 will leave PD_4 without CONFIG files
Warning: Removing FILE_1_1 will leave PD_2 without CONFIG files
Warning: Removing FILE_1_1 will leave PD_3 without CONFIG files
Warning: Removing FILE_1_1 will leave PD_4 without CONFIG files
Warning: Removing FILE_1_1 will leave PD_2 without CONFIG files
Warning: Removing FILE_1_1 will leave PD_3 without CONFIG files
Warning: Removing FILE_1_1 will leave PD_4 without CONFIG files
Warning: Removing FILE_1_1 will leave PD_2 without CONFIG files
Warning: Removing FILE_1_1 will leave PD_3 without CONFIG files
Warning: Removing FILE_1_1 will leave PD_4 without CONFIG files

⏳ Progress: 200 states explored, 1624 in queue, 1 mechanisms found
Warning: Removing FILE_1_1 will leave PD_2 without CONFIG files
Warning: Removing FILE_1_1 will leave PD_3 without CONFIG files
Warning: Removing FILE_1_1 will leave PD_4 without CONFIG files
Warning: Removing FILE_1_1 will leave PD_2 without CONFIG files
Warning: Removing FILE_1_1 will leave PD_3 without CONFIG files
Warning: Removing FILE_1_1 will leave PD_4 without CONFIG files
Warning: Removing FILE_1_1 will leave PD_2 without CONFIG files
Warning: Removing FILE_1_1 will leave PD_3 without CONFIG files
Warning: Removing FILE_1_1 will leave PD_4 without CONFIG files
Warning: Removing FILE_1_1 will leave PD_3 without CONFIG files
Warning: Removing FILE_1_1 will leave PD_4 without CONFIG files
Warning: Removing FILE_1_1 will leave PD_3 without CONFIG files
Warning: Removing FILE_1_1 will leave PD_4 without CONFIG files
Warning: Removing FILE_1_1 will leave PD_3 without CONFIG files
Warning: Removing FILE_1_1 will leave PD_4 without CONFIG files
Warning: Removing FILE_1_1 will leave PD_3 without CONFIG files
Warning: Removing FILE_1_1 will leave PD_4 without CONFIG files
Warning: Removing FILE_1_1 will leave PD_3 without CONFIG files
Warning: Removing FILE_1_1 will leave PD_4 without CONFIG files
Warning: Removing FILE_1_1 will leave PD_3 without CONFIG files
Warning: Removing FILE_1_1 will leave PD_4 without CONFIG files
Warning: Removing FILE_1_1 will leave PD_3 without CONFIG files
Warning: Removing FILE_1_1 will leave PD_4 without CONFIG files
Warning: Removing FILE_1_1 will leave PD_3 without CONFIG files
Warning: Removing FILE_1_1 will leave PD_4 without CONFIG files
Warning: Removing FILE_1_1 will leave PD_3 without CONFIG files
Warning: Removing FILE_1_1 will leave PD_4 without CONFIG files
Warning: Removing FILE_1_1 will leave PD_3 without CONFIG files
Warning: Removing FILE_1_1 will leave PD_4 without CONFIG files
Warning: Removing FILE_1_1 will leave PD_3 without CONFIG files
Warning: Removing FILE_1_1 will leave PD_4 without CONFIG files
Warning: Removing FILE_1_1 will leave PD_3 without CONFIG files
Warning: Removing FILE_1_1 will leave PD_4 without CONFIG files
Warning: Removing FILE_1_1 will leave PD_3 without CONFIG files
Warning: Removing FILE_1_1 will leave PD_4 without CONFIG files
Warning: Removing FILE_1_1 will leave PD_3 without CONFIG files
Warning: Removing FILE_1_1 will leave PD_4 without CONFIG files
Warning: Removing FILE_1_1 will leave PD_3 without CONFIG files
Warning: Removing FILE_1_1 will leave PD_4 without CONFIG files
Warning: Removing FILE_1_1 will leave PD_3 without CONFIG files
Warning: Removing FILE_1_1 will leave PD_4 without CONFIG files
Warning: Removing FILE_1_1 will leave PD_3 without CONFIG files
Warning: Removing FILE_1_1 will leave PD_4 without CONFIG files
Warning: Removing FILE_1_1 will leave PD_3 without CONFIG files
Warning: Removing FILE_1_1 will leave PD_4 without CONFIG files

⏳ Progress: 250 states explored, 1889 in queue, 1 mechanisms found
Warning: Removing FILE_1_1 will leave PD_3 without CONFIG files
Warning: Removing FILE_1_1 will leave PD_4 without CONFIG files
Warning: Removing FILE_1_1 will leave PD_3 without CONFIG files
Warning: Removing FILE_1_1 will leave PD_4 without CONFIG files
Warning: Removing FILE_1_1 will leave PD_3 without CONFIG files
Warning: Removing FILE_1_1 will leave PD_4 without CONFIG files
Warning: Removing FILE_1_1 will leave PD_3 without CONFIG files
Warning: Removing FILE_1_1 will leave PD_4 without CONFIG files
Warning: Removing FILE_1_1 will leave PD_3 without CONFIG files
Warning: Removing FILE_1_1 will leave PD_4 without CONFIG files
Warning: Removing FILE_1_1 will leave PD_3 without CONFIG files
Warning: Removing FILE_1_1 will leave PD_4 without CONFIG files
Warning: Removing FILE_1_1 will leave PD_3 without CONFIG files
Warning: Removing FILE_1_1 will leave PD_4 without CONFIG files
Warning: Removing FILE_1_1 will leave PD_3 without CONFIG files
Warning: Removing FILE_1_1 will leave PD_4 without CONFIG files
Warning: Removing FILE_1_1 will leave PD_3 without CONFIG files
Warning: Removing FILE_1_1 will leave PD_4 without CONFIG files
Warning: Removing FILE_1_1 will leave PD_3 without CONFIG files
Warning: Removing FILE_1_1 will leave PD_4 without CONFIG files
Warning: Removing FILE_1_1 will leave PD_3 without CONFIG files
Warning: Removing FILE_1_1 will leave PD_4 without CONFIG files
Warning: Removing FILE_1_1 will leave PD_3 without CONFIG files
Warning: Removing FILE_1_1 will leave PD_4 without CONFIG files
Warning: Removing FILE_1_1 will leave PD_3 without CONFIG files
Warning: Removing FILE_1_1 will leave PD_4 without CONFIG files
Warning: Removing FILE_1_1 will leave PD_3 without CONFIG files
Warning: Removing FILE_1_1 will leave PD_4 without CONFIG files
Warning: Removing FILE_1_1 will leave PD_3 without CONFIG files
Warning: Removing FILE_1_1 will leave PD_4 without CONFIG files
Warning: Removing FILE_1_1 will leave PD_3 without CONFIG files
Warning: Removing FILE_1_1 will leave PD_4 without CONFIG files
Warning: Removing FILE_1_1 will leave PD_3 without CONFIG files
Warning: Removing FILE_1_1 will leave PD_4 without CONFIG files
Warning: Removing FILE_1_1 will leave PD_3 without CONFIG files
Warning: Removing FILE_1_1 will leave PD_4 without CONFIG files
Warning: Removing FILE_1_1 will leave PD_3 without CONFIG files
Warning: Removing FILE_1_1 will leave PD_4 without CONFIG files
Warning: Removing FILE_1_1 will leave PD_3 without CONFIG files
Warning: Removing FILE_1_1 will leave PD_4 without CONFIG files
Warning: Removing FILE_1_1 will leave PD_3 without CONFIG files
Warning: Removing FILE_1_1 will leave PD_4 without CONFIG files
Warning: Removing FILE_1_1 will leave PD_3 without CONFIG files
Warning: Removing FILE_1_1 will leave PD_4 without CONFIG files
Warning: Removing FILE_1_1 will leave PD_3 without CONFIG files
Warning: Removing FILE_1_1 will leave PD_4 without CONFIG files
Warning: Removing FILE_1_1 will leave PD_3 without CONFIG files
Warning: Removing FILE_1_1 will leave PD_4 without CONFIG files
Warning: Removing FILE_1_1 will leave PD_3 without CONFIG files
Warning: Removing FILE_1_1 will leave PD_4 without CONFIG files
Warning: Removing FILE_1_1 will leave PD_3 without CONFIG files
Warning: Removing FILE_1_1 will leave PD_4 without CONFIG files
Warning: Removing FILE_1_1 will leave PD_3 without CONFIG files
Warning: Removing FILE_1_1 will leave PD_4 without CONFIG files
Warning: Removing FILE_1_1 will leave PD_3 without CONFIG files
Warning: Removing FILE_1_1 will leave PD_4 without CONFIG files
Warning: Removing FILE_1_1 will leave PD_3 without CONFIG files
Warning: Removing FILE_1_1 will leave PD_4 without CONFIG files
Warning: Removing FILE_1_1 will leave PD_3 without CONFIG files
Warning: Removing FILE_1_1 will leave PD_4 without CONFIG files
Warning: Removing FILE_1_1 will leave PD_3 without CONFIG files
Warning: Removing FILE_1_1 will leave PD_4 without CONFIG files
Warning: Removing FILE_1_1 will leave PD_3 without CONFIG files
Warning: Removing FILE_1_1 will leave PD_4 without CONFIG files
Warning: Removing FILE_1_1 will leave PD_3 without CONFIG files
Warning: Removing FILE_1_1 will leave PD_4 without CONFIG files
Warning: Removing FILE_1_1 will leave PD_3 without CONFIG files
Warning: Removing FILE_1_1 will leave PD_4 without CONFIG files
Warning: Removing FILE_1_1 will leave PD_3 without CONFIG files
Warning: Removing FILE_1_1 will leave PD_4 without CONFIG files
Warning: Removing FILE_1_1 will leave PD_3 without CONFIG files
Warning: Removing FILE_1_1 will leave PD_4 without CONFIG files
Warning: Removing FILE_1_1 will leave PD_3 without CONFIG files
Warning: Removing FILE_1_1 will leave PD_4 without CONFIG files
Warning: Removing FILE_1_1 will leave PD_3 without CONFIG files
Warning: Removing FILE_1_1 will leave PD_4 without CONFIG files
Warning: Removing FILE_1_1 will leave PD_3 without CONFIG files
Warning: Removing FILE_1_1 will leave PD_4 without CONFIG files
Warning: Removing FILE_1_1 will leave PD_3 without CONFIG files
Warning: Removing FILE_1_1 will leave PD_4 without CONFIG files
Warning: Removing FILE_1_1 will leave PD_3 without CONFIG files
Warning: Removing FILE_1_1 will leave PD_4 without CONFIG files
Warning: Removing FILE_1_1 will leave PD_3 without CONFIG files
Warning: Removing FILE_1_1 will leave PD_4 without CONFIG files
Warning: Removing FILE_1_1 will leave PD_3 without CONFIG files
Warning: Removing FILE_1_1 will leave PD_4 without CONFIG files
Warning: Removing FILE_1_1 will leave PD_3 without CONFIG files
Warning: Removing FILE_1_1 will leave PD_4 without CONFIG files
Warning: Removing FILE_1_1 will leave PD_3 without CONFIG files
Warning: Removing FILE_1_1 will leave PD_4 without CONFIG files
Warning: Removing FILE_1_1 will leave PD_3 without CONFIG files
Warning: Removing FILE_1_1 will leave PD_4 without CONFIG files
Warning: Removing FILE_1_1 will leave PD_3 without CONFIG files
Warning: Removing FILE_1_1 will leave PD_4 without CONFIG files
Warning: Removing FILE_1_1 will leave PD_3 without CONFIG files
Warning: Removing FILE_1_1 will leave PD_4 without CONFIG files
Warning: Removing FILE_1_1 will leave PD_3 without CONFIG files
Warning: Removing FILE_1_1 will leave PD_4 without CONFIG files
Warning: Removing FILE_1_1 will leave PD_3 without CONFIG files
Warning: Removing FILE_1_1 will leave PD_4 without CONFIG files

⏳ Progress: 300 states explored, 2046 in queue, 1 mechanisms found
Warning: Removing FILE_1_1 will leave PD_3 without CONFIG files
Warning: Removing FILE_1_1 will leave PD_4 without CONFIG files
Warning: Removing FILE_1_1 will leave PD_3 without CONFIG files
Warning: Removing FILE_1_1 will leave PD_4 without CONFIG files
Warning: Removing FILE_1_1 will leave PD_3 without CONFIG files
Warning: Removing FILE_1_1 will leave PD_4 without CONFIG files
Warning: Removing FILE_1_1 will leave PD_3 without CONFIG files
Warning: Removing FILE_1_1 will leave PD_4 without CONFIG files
Warning: Removing FILE_1_1 will leave PD_3 without CONFIG files
Warning: Removing FILE_1_1 will leave PD_4 without CONFIG files
Warning: Removing FILE_1_1 will leave PD_3 without CONFIG files
Warning: Removing FILE_1_1 will leave PD_4 without CONFIG files
Warning: Removing FILE_1_1 will leave PD_3 without CONFIG files
Warning: Removing FILE_1_1 will leave PD_4 without CONFIG files
Warning: Removing FILE_1_1 will leave PD_3 without CONFIG files
Warning: Removing FILE_1_1 will leave PD_4 without CONFIG files
Warning: Removing FILE_1_1 will leave PD_3 without CONFIG files
Warning: Removing FILE_1_1 will leave PD_4 without CONFIG files
Warning: Removing FILE_1_1 will leave PD_3 without CONFIG files
Warning: Removing FILE_1_1 will leave PD_4 without CONFIG files
Warning: Removing FILE_1_1 will leave PD_3 without CONFIG files
Warning: Removing FILE_1_1 will leave PD_4 without CONFIG files
Warning: Removing FILE_1_1 will leave PD_3 without DATABASE files
Warning: Removing FILE_1_1 will leave PD_4 without DATABASE files
Warning: Removing FILE_1_1 will leave PD_3 without TEMP files
Warning: Removing FILE_1_1 will leave PD_4 without TEMP files
Warning: Removing FILE_1_1 will leave PD_3 without LOG files
Warning: Removing FILE_1_1 will leave PD_4 without LOG files
Warning: Removing FILE_1_1 will leave PD_3 without CONFIG files
Warning: Removing FILE_1_1 will leave PD_4 without CONFIG files
Warning: Removing FILE_1_1 will leave PD_3 without CONFIG files
Warning: Removing FILE_1_1 will leave PD_4 without CONFIG files
Warning: Removing FILE_1_1 will leave PD_3 without CONFIG files
Warning: Removing FILE_1_1 will leave PD_4 without CONFIG files
Warning: Removing FILE_1_1 will leave PD_3 without DATABASE files
Warning: Removing FILE_1_1 will leave PD_4 without DATABASE files
Warning: Removing FILE_1_1 will leave PD_3 without TEMP files
Warning: Removing FILE_1_1 will leave PD_4 without TEMP files
Warning: Removing FILE_1_1 will leave PD_3 without LOG files
Warning: Removing FILE_1_1 will leave PD_4 without LOG files
Warning: Removing FILE_1_1 will leave PD_1 without CONFIG files
Warning: Removing FILE_1_1 will leave PD_3 without CONFIG files
Warning: Removing FILE_1_1 will leave PD_4 without CONFIG files
Warning: Removing FILE_1_1 will leave PD_3 without CONFIG files
Warning: Removing FILE_1_1 will leave PD_4 without CONFIG files
Warning: Removing FILE_1_1 will leave PD_3 without CONFIG files
Warning: Removing FILE_1_1 will leave PD_4 without CONFIG files
Warning: Removing FILE_1_1 will leave PD_3 without CONFIG files
Warning: Removing FILE_1_1 will leave PD_4 without CONFIG files
Warning: Removing FILE_1_1 will leave PD_3 without CONFIG files
Warning: Removing FILE_1_1 will leave PD_4 without CONFIG files
Warning: Removing FILE_1_1 will leave PD_3 without CONFIG files
Warning: Removing FILE_1_1 will leave PD_4 without CONFIG files
Warning: Removing FILE_1_1 will leave PD_3 without CONFIG files
Warning: Removing FILE_1_1 will leave PD_4 without CONFIG files
Warning: Removing FILE_1_1 will leave PD_3 without CONFIG files
Warning: Removing FILE_1_1 will leave PD_4 without CONFIG files
Warning: Removing FILE_1_1 will leave PD_3 without CONFIG files
Warning: Removing FILE_1_1 will leave PD_4 without CONFIG files
Warning: Removing FILE_1_1 will leave PD_3 without DATABASE files
Warning: Removing FILE_1_1 will leave PD_4 without DATABASE files
Warning: Removing FILE_1_1 will leave PD_3 without TEMP files
Warning: Removing FILE_1_1 will leave PD_4 without TEMP files
Warning: Removing FILE_1_1 will leave PD_3 without LOG files
Warning: Removing FILE_1_1 will leave PD_4 without LOG files
Warning: Removing FILE_1_1 will leave PD_1 without CONFIG files
Warning: Removing FILE_1_1 will leave PD_3 without CONFIG files
Warning: Removing FILE_1_1 will leave PD_4 without CONFIG files
Warning: Removing FILE_1_1 will leave PD_2 without CONFIG files
Warning: Removing FILE_1_1 will leave PD_3 without CONFIG files
Warning: Removing FILE_1_1 will leave PD_4 without CONFIG files
Warning: Removing FILE_1_1 will leave PD_3 without CONFIG files
Warning: Removing FILE_1_1 will leave PD_4 without CONFIG files
Warning: Removing FILE_1_1 will leave PD_3 without CONFIG files
Warning: Removing FILE_1_1 will leave PD_4 without CONFIG files
Warning: Removing FILE_1_1 will leave PD_3 without CONFIG files
Warning: Removing FILE_1_1 will leave PD_4 without CONFIG files
Warning: Removing FILE_1_1 will leave PD_3 without CONFIG files
Warning: Removing FILE_1_1 will leave PD_4 without CONFIG files
Warning: Removing FILE_1_1 will leave PD_3 without CONFIG files
Warning: Removing FILE_1_1 will leave PD_4 without CONFIG files
Warning: Removing FILE_1_1 will leave PD_3 without CONFIG files
Warning: Removing FILE_1_1 will leave PD_4 without CONFIG files
Warning: Removing FILE_1_1 will leave PD_3 without CONFIG files
Warning: Removing FILE_1_1 will leave PD_4 without CONFIG files
Warning: Removing FILE_1_1 will leave PD_3 without CONFIG files
Warning: Removing FILE_1_1 will leave PD_4 without CONFIG files
Warning: Removing FILE_1_1 will leave PD_3 without CONFIG files
Warning: Removing FILE_1_1 will leave PD_4 without CONFIG files
Warning: Removing FILE_1_1 will leave PD_3 without CONFIG files
Warning: Removing FILE_1_1 will leave PD_4 without CONFIG files
Warning: Removing FILE_1_1 will leave PD_3 without CONFIG files
Warning: Removing FILE_1_1 will leave PD_4 without CONFIG files

⏳ Progress: 350 states explored, 2349 in queue, 1 mechanisms found
Warning: Removing FILE_1_1 will leave PD_3 without CONFIG files
Warning: Removing FILE_1_1 will leave PD_4 without CONFIG files
Warning: Removing FILE_1_1 will leave PD_3 without CONFIG files
Warning: Removing FILE_1_1 will leave PD_4 without CONFIG files
Warning: Removing FILE_1_1 will leave PD_1 without DATABASE files
Warning: Removing FILE_1_1 will leave PD_3 without DATABASE files
Warning: Removing FILE_1_1 will leave PD_4 without DATABASE files
Warning: Removing FILE_1_1 will leave PD_2 without DATABASE files
Warning: Removing FILE_1_1 will leave PD_3 without DATABASE files
Warning: Removing FILE_1_1 will leave PD_4 without DATABASE files
Warning: Removing FILE_1_1 will leave PD_3 without DATABASE files
Warning: Removing FILE_1_1 will leave PD_4 without DATABASE files
Warning: Removing FILE_1_1 will leave PD_3 without DATABASE files
Warning: Removing FILE_1_1 will leave PD_4 without DATABASE files
Warning: Removing FILE_1_1 will leave PD_3 without DATABASE files
Warning: Removing FILE_1_1 will leave PD_4 without DATABASE files
Warning: Removing FILE_1_1 will leave PD_3 without DATABASE files
Warning: Removing FILE_1_1 will leave PD_4 without DATABASE files
Warning: Removing FILE_1_1 will leave PD_3 without DATABASE files
Warning: Removing FILE_1_1 will leave PD_4 without DATABASE files
Warning: Removing FILE_1_1 will leave PD_3 without DATABASE files
Warning: Removing FILE_1_1 will leave PD_4 without DATABASE files
Warning: Removing FILE_1_1 will leave PD_3 without DATABASE files
Warning: Removing FILE_1_1 will leave PD_4 without DATABASE files
Warning: Removing FILE_1_1 will leave PD_3 without DATABASE files
Warning: Removing FILE_1_1 will leave PD_4 without DATABASE files
Warning: Removing FILE_1_1 will leave PD_3 without DATABASE files
Warning: Removing FILE_1_1 will leave PD_4 without DATABASE files
Warning: Removing FILE_1_1 will leave PD_3 without DATABASE files
Warning: Removing FILE_1_1 will leave PD_4 without DATABASE files
Warning: Removing FILE_1_1 will leave PD_3 without DATABASE files
Warning: Removing FILE_1_1 will leave PD_4 without DATABASE files
Warning: Removing FILE_1_1 will leave PD_3 without DATABASE files
Warning: Removing FILE_1_1 will leave PD_4 without DATABASE files
Warning: Removing FILE_1_1 will leave PD_3 without DATABASE files
Warning: Removing FILE_1_1 will leave PD_4 without DATABASE files
Warning: Removing FILE_1_1 will leave PD_1 without TEMP files
Warning: Removing FILE_1_1 will leave PD_3 without TEMP files
Warning: Removing FILE_1_1 will leave PD_4 without TEMP files
Warning: Removing FILE_1_1 will leave PD_2 without TEMP files
Warning: Removing FILE_1_1 will leave PD_3 without TEMP files
Warning: Removing FILE_1_1 will leave PD_4 without TEMP files
Warning: Removing FILE_1_1 will leave PD_3 without TEMP files
Warning: Removing FILE_1_1 will leave PD_4 without TEMP files
Warning: Removing FILE_1_1 will leave PD_3 without TEMP files
Warning: Removing FILE_1_1 will leave PD_4 without TEMP files
Warning: Removing FILE_1_1 will leave PD_3 without TEMP files
Warning: Removing FILE_1_1 will leave PD_4 without TEMP files
Warning: Removing FILE_1_1 will leave PD_3 without TEMP files
Warning: Removing FILE_1_1 will leave PD_4 without TEMP files
Warning: Removing FILE_1_1 will leave PD_3 without TEMP files
Warning: Removing FILE_1_1 will leave PD_4 without TEMP files
Warning: Removing FILE_1_1 will leave PD_3 without TEMP files
Warning: Removing FILE_1_1 will leave PD_4 without TEMP files
Warning: Removing FILE_1_1 will leave PD_3 without TEMP files
Warning: Removing FILE_1_1 will leave PD_4 without TEMP files
Warning: Removing FILE_1_1 will leave PD_3 without TEMP files
Warning: Removing FILE_1_1 will leave PD_4 without TEMP files
Warning: Removing FILE_1_1 will leave PD_3 without TEMP files
Warning: Removing FILE_1_1 will leave PD_4 without TEMP files
Warning: Removing FILE_1_1 will leave PD_3 without TEMP files
Warning: Removing FILE_1_1 will leave PD_4 without TEMP files
Warning: Removing FILE_1_1 will leave PD_3 without TEMP files
Warning: Removing FILE_1_1 will leave PD_4 without TEMP files
Warning: Removing FILE_1_1 will leave PD_3 without TEMP files
Warning: Removing FILE_1_1 will leave PD_4 without TEMP files
Warning: Removing FILE_1_1 will leave PD_3 without TEMP files
Warning: Removing FILE_1_1 will leave PD_4 without TEMP files
Warning: Removing FILE_1_1 will leave PD_1 without LOG files
Warning: Removing FILE_1_1 will leave PD_3 without LOG files
Warning: Removing FILE_1_1 will leave PD_4 without LOG files
Warning: Removing FILE_1_1 will leave PD_2 without LOG files
Warning: Removing FILE_1_1 will leave PD_3 without LOG files
Warning: Removing FILE_1_1 will leave PD_4 without LOG files
Warning: Removing FILE_1_1 will leave PD_3 without LOG files
Warning: Removing FILE_1_1 will leave PD_4 without LOG files
Warning: Removing FILE_1_1 will leave PD_3 without LOG files
Warning: Removing FILE_1_1 will leave PD_4 without LOG files
Warning: Removing FILE_1_1 will leave PD_3 without LOG files
Warning: Removing FILE_1_1 will leave PD_4 without LOG files
Warning: Removing FILE_1_1 will leave PD_3 without LOG files
Warning: Removing FILE_1_1 will leave PD_4 without LOG files
Warning: Removing FILE_1_1 will leave PD_3 without LOG files
Warning: Removing FILE_1_1 will leave PD_4 without LOG files
Warning: Removing FILE_1_1 will leave PD_3 without LOG files
Warning: Removing FILE_1_1 will leave PD_4 without LOG files
Warning: Removing FILE_1_1 will leave PD_3 without LOG files
Warning: Removing FILE_1_1 will leave PD_4 without LOG files
Warning: Removing FILE_1_1 will leave PD_3 without LOG files
Warning: Removing FILE_1_1 will leave PD_4 without LOG files
Warning: Removing FILE_1_1 will leave PD_3 without LOG files
Warning: Removing FILE_1_1 will leave PD_4 without LOG files
Warning: Removing FILE_1_1 will leave PD_3 without LOG files
Warning: Removing FILE_1_1 will leave PD_4 without LOG files

⏳ Progress: 400 states explored, 2717 in queue, 1 mechanisms found
Warning: Removing FILE_1_1 will leave PD_3 without LOG files
Warning: Removing FILE_1_1 will leave PD_4 without LOG files
Warning: Removing FILE_1_1 will leave PD_3 without LOG files
Warning: Removing FILE_1_1 will leave PD_4 without LOG files
Warning: Removing FILE_1_1 will leave PD_3 without LOG files
Warning: Removing FILE_1_1 will leave PD_4 without LOG files
  Computing metrics...
    RSI: {'PD_1,PD_2': 1.0, 'PD_1,PD_3': 1.0, 'PD_1,PD_4': 1.0, 'PD_2,PD_3': 1.0, 'PD_2,PD_4': 1.0, 'PD_3,PD_4': 1.0}, ASR: 1.5, TCB: {'PD_1': ['PD_3', 'PD_2', 'PD_4'], 'PD_2': ['PD_4', 'PD_1', 'PD_3'], 'PD_3': ['PD_1', 'PD_2', 'PD_4'], 'PD_4': ['PD_1', 'PD_2', 'PD_3']}, FR: {'PD_1,PD_2': inf, 'PD_1,PD_3': inf, 'PD_1,PD_4': inf, 'PD_2,PD_3': inf, 'PD_2,PD_4': inf, 'PD_3,PD_4': inf}
    All 1 goals met!

✅ MECHANISM FOUND at depth 3!
   Path: add_pd(add new protection domain to help resolve 2 constraint violation(s)) → add_hold_edge(connect PD_1 to FILE_1_1) → add_hold_edge(connect PD_2 to FILE_1_1)
Warning: Removing FILE_1_1 will leave PD_1 without CONFIG files
Warning: Removing FILE_1_1 will leave PD_2 without CONFIG files
Warning: Removing FILE_1_1 will leave PD_3 without CONFIG files
Warning: Removing FILE_1_1 will leave PD_4 without CONFIG files
Warning: Removing FILE_1_1 will leave PD_1 without CONFIG files
Warning: Removing FILE_1_1 will leave PD_4 without CONFIG files
Warning: Removing FILE_1_1 will leave PD_1 without CONFIG files
Warning: Removing FILE_1_1 will leave PD_3 without CONFIG files
Warning: Removing FILE_1_1 will leave PD_1 without CONFIG files
Warning: Removing FILE_1_1 will leave PD_3 without CONFIG files
Warning: Removing FILE_1_1 will leave PD_4 without CONFIG files
Warning: Removing FILE_1_1 will leave PD_1 without CONFIG files
Warning: Removing FILE_1_1 will leave PD_3 without CONFIG files
Warning: Removing FILE_1_1 will leave PD_4 without CONFIG files
Warning: Removing FILE_1_1 will leave PD_1 without CONFIG files
Warning: Removing FILE_1_1 will leave PD_3 without CONFIG files
Warning: Removing FILE_1_1 will leave PD_4 without CONFIG files
Warning: Removing FILE_1_1 will leave PD_1 without CONFIG files
Warning: Removing FILE_1_1 will leave PD_3 without CONFIG files
Warning: Removing FILE_1_1 will leave PD_4 without CONFIG files
Warning: Removing FILE_1_1 will leave PD_1 without CONFIG files
Warning: Removing FILE_1_1 will leave PD_3 without CONFIG files
Warning: Removing FILE_1_1 will leave PD_4 without CONFIG files
Warning: Removing FILE_1_1 will leave PD_1 without CONFIG files
Warning: Removing FILE_1_1 will leave PD_3 without CONFIG files
Warning: Removing FILE_1_1 will leave PD_4 without CONFIG files
Warning: Removing FILE_1_1 will leave PD_1 without CONFIG files
Warning: Removing FILE_1_1 will leave PD_3 without CONFIG files
Warning: Removing FILE_1_1 will leave PD_4 without CONFIG files
Warning: Removing FILE_1_1 will leave PD_1 without CONFIG files
Warning: Removing FILE_1_1 will leave PD_3 without CONFIG files
Warning: Removing FILE_1_1 will leave PD_4 without CONFIG files
Warning: Removing FILE_1_1 will leave PD_1 without CONFIG files
Warning: Removing FILE_1_1 will leave PD_3 without CONFIG files
Warning: Removing FILE_1_1 will leave PD_4 without CONFIG files
Warning: Removing FILE_1_1 will leave PD_1 without CONFIG files
Warning: Removing FILE_1_1 will leave PD_3 without CONFIG files
Warning: Removing FILE_1_1 will leave PD_4 without CONFIG files
Warning: Removing FILE_1_1 will leave PD_1 without CONFIG files
Warning: Removing FILE_1_1 will leave PD_3 without CONFIG files
Warning: Removing FILE_1_1 will leave PD_4 without CONFIG files
Warning: Removing FILE_1_1 will leave PD_1 without CONFIG files
Warning: Removing FILE_1_1 will leave PD_3 without CONFIG files
Warning: Removing FILE_1_1 will leave PD_4 without CONFIG files
Warning: Removing FILE_1_1 will leave PD_1 without CONFIG files
Warning: Removing FILE_1_1 will leave PD_3 without CONFIG files
Warning: Removing FILE_1_1 will leave PD_4 without CONFIG files
Warning: Removing FILE_1_1 will leave PD_2 without CONFIG files
Warning: Removing FILE_1_1 will leave PD_4 without CONFIG files
Warning: Removing FILE_1_1 will leave PD_2 without CONFIG files
Warning: Removing FILE_1_1 will leave PD_3 without CONFIG files
Warning: Removing FILE_1_1 will leave PD_2 without CONFIG files
Warning: Removing FILE_1_1 will leave PD_3 without CONFIG files
Warning: Removing FILE_1_1 will leave PD_4 without CONFIG files
Warning: Removing FILE_1_1 will leave PD_2 without CONFIG files
Warning: Removing FILE_1_1 will leave PD_3 without CONFIG files
Warning: Removing FILE_1_1 will leave PD_4 without CONFIG files
Warning: Removing FILE_1_1 will leave PD_2 without CONFIG files
Warning: Removing FILE_1_1 will leave PD_3 without CONFIG files
Warning: Removing FILE_1_1 will leave PD_4 without CONFIG files
Warning: Removing FILE_1_1 will leave PD_2 without CONFIG files
Warning: Removing FILE_1_1 will leave PD_3 without CONFIG files
Warning: Removing FILE_1_1 will leave PD_4 without CONFIG files
Warning: Removing FILE_1_1 will leave PD_2 without CONFIG files
Warning: Removing FILE_1_1 will leave PD_3 without CONFIG files
Warning: Removing FILE_1_1 will leave PD_4 without CONFIG files
Warning: Removing FILE_1_1 will leave PD_2 without CONFIG files
Warning: Removing FILE_1_1 will leave PD_3 without CONFIG files
Warning: Removing FILE_1_1 will leave PD_4 without CONFIG files
Warning: Removing FILE_1_1 will leave PD_2 without CONFIG files
Warning: Removing FILE_1_1 will leave PD_3 without CONFIG files
Warning: Removing FILE_1_1 will leave PD_4 without CONFIG files
Warning: Removing FILE_1_1 will leave PD_2 without CONFIG files
Warning: Removing FILE_1_1 will leave PD_3 without CONFIG files
Warning: Removing FILE_1_1 will leave PD_4 without CONFIG files
Warning: Removing FILE_1_1 will leave PD_2 without CONFIG files
Warning: Removing FILE_1_1 will leave PD_3 without CONFIG files
Warning: Removing FILE_1_1 will leave PD_4 without CONFIG files
Warning: Removing FILE_1_1 will leave PD_2 without CONFIG files
Warning: Removing FILE_1_1 will leave PD_3 without CONFIG files
Warning: Removing FILE_1_1 will leave PD_4 without CONFIG files

⏳ Progress: 450 states explored, 3073 in queue, 2 mechanisms found
Warning: Removing FILE_1_1 will leave PD_2 without CONFIG files
Warning: Removing FILE_1_1 will leave PD_3 without CONFIG files
Warning: Removing FILE_1_1 will leave PD_4 without CONFIG files
Warning: Removing FILE_1_1 will leave PD_2 without CONFIG files
Warning: Removing FILE_1_1 will leave PD_3 without CONFIG files
Warning: Removing FILE_1_1 will leave PD_4 without CONFIG files
Warning: Removing FILE_1_1 will leave PD_2 without CONFIG files
Warning: Removing FILE_1_1 will leave PD_3 without CONFIG files
Warning: Removing FILE_1_1 will leave PD_4 without CONFIG files
Warning: Removing FILE_1_1 will leave PD_3 without CONFIG files
Warning: Removing FILE_1_1 will leave PD_4 without CONFIG files
Warning: Removing FILE_1_1 will leave PD_3 without CONFIG files
Warning: Removing FILE_1_1 will leave PD_4 without CONFIG files
Warning: Removing FILE_1_1 will leave PD_3 without CONFIG files
Warning: Removing FILE_1_1 will leave PD_4 without CONFIG files
Warning: Removing FILE_1_1 will leave PD_3 without CONFIG files
Warning: Removing FILE_1_1 will leave PD_4 without CONFIG files
Warning: Removing FILE_1_1 will leave PD_3 without CONFIG files
Warning: Removing FILE_1_1 will leave PD_4 without CONFIG files
Warning: Removing FILE_1_1 will leave PD_3 without CONFIG files
Warning: Removing FILE_1_1 will leave PD_4 without CONFIG files
Warning: Removing FILE_1_1 will leave PD_3 without CONFIG files
Warning: Removing FILE_1_1 will leave PD_4 without CONFIG files
Warning: Removing FILE_1_1 will leave PD_3 without CONFIG files
Warning: Removing FILE_1_1 will leave PD_4 without CONFIG files
Warning: Removing FILE_1_1 will leave PD_3 without CONFIG files
Warning: Removing FILE_1_1 will leave PD_4 without CONFIG files
Warning: Removing FILE_1_1 will leave PD_3 without CONFIG files
Warning: Removing FILE_1_1 will leave PD_4 without CONFIG files
Warning: Removing FILE_1_1 will leave PD_3 without CONFIG files
Warning: Removing FILE_1_1 will leave PD_4 without CONFIG files
Warning: Removing FILE_1_1 will leave PD_3 without CONFIG files
Warning: Removing FILE_1_1 will leave PD_4 without CONFIG files
Warning: Removing FILE_1_1 will leave PD_3 without CONFIG files
Warning: Removing FILE_1_1 will leave PD_4 without CONFIG files
Warning: Removing FILE_1_1 will leave PD_3 without CONFIG files
Warning: Removing FILE_1_1 will leave PD_4 without CONFIG files
Warning: Removing FILE_1_1 will leave PD_3 without CONFIG files
Warning: Removing FILE_1_1 will leave PD_4 without CONFIG files
Warning: Removing FILE_1_1 will leave PD_3 without CONFIG files
Warning: Removing FILE_1_1 will leave PD_4 without CONFIG files
Warning: Removing FILE_1_1 will leave PD_3 without CONFIG files
Warning: Removing FILE_1_1 will leave PD_4 without CONFIG files
Warning: Removing FILE_1_1 will leave PD_3 without CONFIG files
Warning: Removing FILE_1_1 will leave PD_4 without CONFIG files

⏳ Progress: 500 states explored, 3338 in queue, 2 mechanisms found
Warning: Removing FILE_1_1 will leave PD_3 without CONFIG files
Warning: Removing FILE_1_1 will leave PD_4 without CONFIG files
Warning: Removing FILE_1_1 will leave PD_3 without CONFIG files
Warning: Removing FILE_1_1 will leave PD_4 without CONFIG files
Warning: Removing FILE_1_1 will leave PD_3 without CONFIG files
Warning: Removing FILE_1_1 will leave PD_4 without CONFIG files
Warning: Removing FILE_1_1 will leave PD_3 without CONFIG files
Warning: Removing FILE_1_1 will leave PD_4 without CONFIG files
Warning: Removing FILE_1_1 will leave PD_3 without CONFIG files
Warning: Removing FILE_1_1 will leave PD_4 without CONFIG files
Warning: Removing FILE_1_1 will leave PD_3 without CONFIG files
Warning: Removing FILE_1_1 will leave PD_4 without CONFIG files
Warning: Removing FILE_1_1 will leave PD_3 without CONFIG files
Warning: Removing FILE_1_1 will leave PD_4 without CONFIG files
Warning: Removing FILE_1_1 will leave PD_3 without CONFIG files
Warning: Removing FILE_1_1 will leave PD_4 without CONFIG files
Warning: Removing FILE_1_1 will leave PD_3 without CONFIG files
Warning: Removing FILE_1_1 will leave PD_4 without CONFIG files
Warning: Removing FILE_1_1 will leave PD_3 without CONFIG files
Warning: Removing FILE_1_1 will leave PD_4 without CONFIG files
Warning: Removing FILE_1_1 will leave PD_3 without CONFIG files
Warning: Removing FILE_1_1 will leave PD_4 without CONFIG files
Warning: Removing FILE_1_1 will leave PD_3 without CONFIG files
Warning: Removing FILE_1_1 will leave PD_4 without CONFIG files
Warning: Removing FILE_1_1 will leave PD_3 without CONFIG files
Warning: Removing FILE_1_1 will leave PD_4 without CONFIG files
Warning: Removing FILE_1_1 will leave PD_3 without CONFIG files
Warning: Removing FILE_1_1 will leave PD_4 without CONFIG files
Warning: Removing FILE_1_1 will leave PD_3 without CONFIG files
Warning: Removing FILE_1_1 will leave PD_4 without CONFIG files
Warning: Removing FILE_1_1 will leave PD_3 without CONFIG files
Warning: Removing FILE_1_1 will leave PD_4 without CONFIG files
Warning: Removing FILE_1_1 will leave PD_3 without CONFIG files
Warning: Removing FILE_1_1 will leave PD_4 without CONFIG files
Warning: Removing FILE_1_1 will leave PD_3 without CONFIG files
Warning: Removing FILE_1_1 will leave PD_4 without CONFIG files
Warning: Removing FILE_1_1 will leave PD_3 without CONFIG files
Warning: Removing FILE_1_1 will leave PD_4 without CONFIG files
Warning: Removing FILE_1_1 will leave PD_3 without CONFIG files
Warning: Removing FILE_1_1 will leave PD_4 without CONFIG files
Warning: Removing FILE_1_1 will leave PD_3 without CONFIG files
Warning: Removing FILE_1_1 will leave PD_4 without CONFIG files
Warning: Removing FILE_1_1 will leave PD_3 without CONFIG files
Warning: Removing FILE_1_1 will leave PD_4 without CONFIG files
Warning: Removing FILE_1_1 will leave PD_3 without CONFIG files
Warning: Removing FILE_1_1 will leave PD_4 without CONFIG files
Warning: Removing FILE_1_1 will leave PD_3 without CONFIG files
Warning: Removing FILE_1_1 will leave PD_4 without CONFIG files
Warning: Removing FILE_1_1 will leave PD_3 without CONFIG files
Warning: Removing FILE_1_1 will leave PD_4 without CONFIG files
Warning: Removing FILE_1_1 will leave PD_3 without CONFIG files
Warning: Removing FILE_1_1 will leave PD_4 without CONFIG files
Warning: Removing FILE_1_1 will leave PD_3 without CONFIG files
Warning: Removing FILE_1_1 will leave PD_4 without CONFIG files
Warning: Removing FILE_1_1 will leave PD_3 without CONFIG files
Warning: Removing FILE_1_1 will leave PD_4 without CONFIG files
Warning: Removing FILE_1_1 will leave PD_3 without CONFIG files
Warning: Removing FILE_1_1 will leave PD_4 without CONFIG files
Warning: Removing FILE_1_1 will leave PD_3 without CONFIG files
Warning: Removing FILE_1_1 will leave PD_4 without CONFIG files
Warning: Removing FILE_1_1 will leave PD_3 without CONFIG files
Warning: Removing FILE_1_1 will leave PD_4 without CONFIG files
Warning: Removing FILE_1_1 will leave PD_3 without CONFIG files
Warning: Removing FILE_1_1 will leave PD_4 without CONFIG files
Warning: Removing FILE_1_1 will leave PD_3 without CONFIG files
Warning: Removing FILE_1_1 will leave PD_4 without CONFIG files
Warning: Removing FILE_1_1 will leave PD_3 without CONFIG files
Warning: Removing FILE_1_1 will leave PD_4 without CONFIG files
Warning: Removing FILE_1_1 will leave PD_3 without CONFIG files
Warning: Removing FILE_1_1 will leave PD_4 without CONFIG files
Warning: Removing FILE_1_1 will leave PD_3 without CONFIG files
Warning: Removing FILE_1_1 will leave PD_4 without CONFIG files
Warning: Removing FILE_1_1 will leave PD_3 without CONFIG files
Warning: Removing FILE_1_1 will leave PD_4 without CONFIG files
Warning: Removing FILE_1_1 will leave PD_3 without CONFIG files
Warning: Removing FILE_1_1 will leave PD_4 without CONFIG files
Warning: Removing FILE_1_1 will leave PD_3 without CONFIG files
Warning: Removing FILE_1_1 will leave PD_4 without CONFIG files
Warning: Removing FILE_1_1 will leave PD_3 without CONFIG files
Warning: Removing FILE_1_1 will leave PD_4 without CONFIG files
Warning: Removing FILE_1_1 will leave PD_3 without CONFIG files
Warning: Removing FILE_1_1 will leave PD_4 without CONFIG files
Warning: Removing FILE_1_1 will leave PD_3 without CONFIG files
Warning: Removing FILE_1_1 will leave PD_4 without CONFIG files
Warning: Removing FILE_1_1 will leave PD_3 without CONFIG files
Warning: Removing FILE_1_1 will leave PD_4 without CONFIG files
Warning: Removing FILE_1_1 will leave PD_3 without CONFIG files
Warning: Removing FILE_1_1 will leave PD_4 without CONFIG files
Warning: Removing FILE_1_1 will leave PD_3 without CONFIG files
Warning: Removing FILE_1_1 will leave PD_4 without CONFIG files
Warning: Removing FILE_1_1 will leave PD_3 without CONFIG files
Warning: Removing FILE_1_1 will leave PD_4 without CONFIG files
Warning: Removing FILE_1_1 will leave PD_3 without CONFIG files
Warning: Removing FILE_1_1 will leave PD_4 without CONFIG files
Warning: Removing FILE_1_1 will leave PD_3 without CONFIG files
Warning: Removing FILE_1_1 will leave PD_4 without CONFIG files
Warning: Removing FILE_1_1 will leave PD_3 without CONFIG files
Warning: Removing FILE_1_1 will leave PD_4 without CONFIG files
Warning: Removing FILE_1_1 will leave PD_3 without CONFIG files
Warning: Removing FILE_1_1 will leave PD_4 without CONFIG files

⏳ Progress: 550 states explored, 3495 in queue, 2 mechanisms found
Warning: Removing FILE_1_1 will leave PD_3 without CONFIG files
Warning: Removing FILE_1_1 will leave PD_4 without CONFIG files
Warning: Removing FILE_1_1 will leave PD_3 without CONFIG files
Warning: Removing FILE_1_1 will leave PD_4 without CONFIG files
Warning: Removing FILE_1_1 will leave PD_3 without CONFIG files
Warning: Removing FILE_1_1 will leave PD_4 without CONFIG files
Warning: Removing FILE_1_1 will leave PD_3 without CONFIG files
Warning: Removing FILE_1_1 will leave PD_4 without CONFIG files
Warning: Removing FILE_1_1 will leave PD_3 without CONFIG files
Warning: Removing FILE_1_1 will leave PD_4 without CONFIG files
Warning: Removing FILE_1_1 will leave PD_3 without CONFIG files
Warning: Removing FILE_1_1 will leave PD_4 without CONFIG files
Warning: Removing FILE_1_1 will leave PD_3 without CONFIG files
Warning: Removing FILE_1_1 will leave PD_4 without CONFIG files
Warning: Removing FILE_1_1 will leave PD_3 without CONFIG files
Warning: Removing FILE_1_1 will leave PD_4 without CONFIG files
Warning: Removing FILE_1_1 will leave PD_3 without CONFIG files
Warning: Removing FILE_1_1 will leave PD_4 without CONFIG files
Warning: Removing FILE_1_1 will leave PD_3 without CONFIG files
Warning: Removing FILE_1_1 will leave PD_4 without CONFIG files
Warning: Removing FILE_1_1 will leave PD_3 without CONFIG files
Warning: Removing FILE_1_1 will leave PD_4 without CONFIG files
Warning: Removing FILE_1_1 will leave PD_3 without DATABASE files
Warning: Removing FILE_1_1 will leave PD_4 without DATABASE files
Warning: Removing FILE_1_1 will leave PD_3 without TEMP files
Warning: Removing FILE_1_1 will leave PD_4 without TEMP files
Warning: Removing FILE_1_1 will leave PD_3 without LOG files
Warning: Removing FILE_1_1 will leave PD_4 without LOG files
Warning: Removing FILE_1_1 will leave PD_3 without CONFIG files
Warning: Removing FILE_1_1 will leave PD_4 without CONFIG files
Warning: Removing FILE_1_1 will leave PD_3 without CONFIG files
Warning: Removing FILE_1_1 will leave PD_4 without CONFIG files
Warning: Removing FILE_1_1 will leave PD_3 without CONFIG files
Warning: Removing FILE_1_1 will leave PD_4 without CONFIG files
Warning: Removing FILE_1_1 will leave PD_3 without DATABASE files
Warning: Removing FILE_1_1 will leave PD_4 without DATABASE files
Warning: Removing FILE_1_1 will leave PD_3 without TEMP files
Warning: Removing FILE_1_1 will leave PD_4 without TEMP files
Warning: Removing FILE_1_1 will leave PD_3 without LOG files
Warning: Removing FILE_1_1 will leave PD_4 without LOG files
Warning: Removing FILE_1_1 will leave PD_3 without CONFIG files
Warning: Removing FILE_1_1 will leave PD_4 without CONFIG files
Warning: Removing FILE_1_1 will leave PD_3 without CONFIG files
Warning: Removing FILE_1_1 will leave PD_4 without CONFIG files
Warning: Removing FILE_1_1 will leave PD_3 without CONFIG files
Warning: Removing FILE_1_1 will leave PD_4 without CONFIG files
Warning: Removing FILE_1_1 will leave PD_3 without CONFIG files
Warning: Removing FILE_1_1 will leave PD_4 without CONFIG files
Warning: Removing FILE_1_1 will leave PD_3 without DATABASE files
Warning: Removing FILE_1_1 will leave PD_4 without DATABASE files
Warning: Removing FILE_1_1 will leave PD_3 without TEMP files
Warning: Removing FILE_1_1 will leave PD_4 without TEMP files
Warning: Removing FILE_1_1 will leave PD_3 without LOG files
Warning: Removing FILE_1_1 will leave PD_4 without LOG files
Warning: Removing FILE_1_1 will leave PD_2 without CONFIG files
Warning: Removing FILE_1_1 will leave PD_3 without CONFIG files
Warning: Removing FILE_1_1 will leave PD_4 without CONFIG files
Warning: Removing FILE_1_1 will leave PD_3 without CONFIG files
Warning: Removing FILE_1_1 will leave PD_4 without CONFIG files
Warning: Removing FILE_1_1 will leave PD_3 without CONFIG files
Warning: Removing FILE_1_1 will leave PD_4 without CONFIG files
Warning: Removing FILE_1_1 will leave PD_3 without CONFIG files
Warning: Removing FILE_1_1 will leave PD_4 without CONFIG files
Warning: Removing FILE_1_1 will leave PD_3 without CONFIG files
Warning: Removing FILE_1_1 will leave PD_4 without CONFIG files
Warning: Removing FILE_1_1 will leave PD_3 without CONFIG files
Warning: Removing FILE_1_1 will leave PD_4 without CONFIG files
Warning: Removing FILE_1_1 will leave PD_3 without CONFIG files
Warning: Removing FILE_1_1 will leave PD_4 without CONFIG files
Warning: Removing FILE_1_1 will leave PD_3 without CONFIG files
Warning: Removing FILE_1_1 will leave PD_4 without CONFIG files
Warning: Removing FILE_1_1 will leave PD_2 without DATABASE files
Warning: Removing FILE_1_1 will leave PD_3 without DATABASE files
Warning: Removing FILE_1_1 will leave PD_4 without DATABASE files
Warning: Removing FILE_1_1 will leave PD_3 without DATABASE files
Warning: Removing FILE_1_1 will leave PD_4 without DATABASE files
Warning: Removing FILE_1_1 will leave PD_3 without DATABASE files
Warning: Removing FILE_1_1 will leave PD_4 without DATABASE files
Warning: Removing FILE_1_1 will leave PD_3 without DATABASE files
Warning: Removing FILE_1_1 will leave PD_4 without DATABASE files
Warning: Removing FILE_1_1 will leave PD_3 without DATABASE files
Warning: Removing FILE_1_1 will leave PD_4 without DATABASE files
Warning: Removing FILE_1_1 will leave PD_3 without DATABASE files
Warning: Removing FILE_1_1 will leave PD_4 without DATABASE files
Warning: Removing FILE_1_1 will leave PD_3 without DATABASE files
Warning: Removing FILE_1_1 will leave PD_4 without DATABASE files
Warning: Removing FILE_1_1 will leave PD_3 without DATABASE files
Warning: Removing FILE_1_1 will leave PD_4 without DATABASE files

⏳ Progress: 600 states explored, 3672 in queue, 2 mechanisms found
Warning: Removing FILE_1_1 will leave PD_2 without TEMP files
Warning: Removing FILE_1_1 will leave PD_3 without TEMP files
Warning: Removing FILE_1_1 will leave PD_4 without TEMP files
Warning: Removing FILE_1_1 will leave PD_3 without TEMP files
Warning: Removing FILE_1_1 will leave PD_4 without TEMP files
Warning: Removing FILE_1_1 will leave PD_3 without TEMP files
Warning: Removing FILE_1_1 will leave PD_4 without TEMP files
Warning: Removing FILE_1_1 will leave PD_3 without TEMP files
Warning: Removing FILE_1_1 will leave PD_4 without TEMP files
Warning: Removing FILE_1_1 will leave PD_3 without TEMP files
Warning: Removing FILE_1_1 will leave PD_4 without TEMP files
Warning: Removing FILE_1_1 will leave PD_3 without TEMP files
Warning: Removing FILE_1_1 will leave PD_4 without TEMP files
Warning: Removing FILE_1_1 will leave PD_3 without TEMP files
Warning: Removing FILE_1_1 will leave PD_4 without TEMP files
Warning: Removing FILE_1_1 will leave PD_3 without TEMP files
Warning: Removing FILE_1_1 will leave PD_4 without TEMP files
Warning: Removing FILE_1_1 will leave PD_2 without LOG files
Warning: Removing FILE_1_1 will leave PD_3 without LOG files
Warning: Removing FILE_1_1 will leave PD_4 without LOG files
Warning: Removing FILE_1_1 will leave PD_3 without LOG files
Warning: Removing FILE_1_1 will leave PD_4 without LOG files
Warning: Removing FILE_1_1 will leave PD_3 without LOG files
Warning: Removing FILE_1_1 will leave PD_4 without LOG files
Warning: Removing FILE_1_1 will leave PD_3 without LOG files
Warning: Removing FILE_1_1 will leave PD_4 without LOG files
Warning: Removing FILE_1_1 will leave PD_3 without LOG files
Warning: Removing FILE_1_1 will leave PD_4 without LOG files
Warning: Removing FILE_1_1 will leave PD_3 without LOG files
Warning: Removing FILE_1_1 will leave PD_4 without LOG files
Warning: Removing FILE_1_1 will leave PD_3 without LOG files
Warning: Removing FILE_1_1 will leave PD_4 without LOG files
Warning: Removing FILE_1_1 will leave PD_3 without LOG files
Warning: Removing FILE_1_1 will leave PD_4 without LOG files
Warning: Removing FILE_1_1 will leave PD_2 without CONFIG files
Warning: Removing FILE_1_1 will leave PD_4 without CONFIG files
Warning: Removing FILE_1_1 will leave PD_2 without CONFIG files
Warning: Removing FILE_1_1 will leave PD_3 without CONFIG files
Warning: Removing FILE_1_1 will leave PD_2 without CONFIG files
Warning: Removing FILE_1_1 will leave PD_3 without CONFIG files
Warning: Removing FILE_1_1 will leave PD_4 without CONFIG files
Warning: Removing FILE_1_1 will leave PD_2 without CONFIG files
Warning: Removing FILE_1_1 will leave PD_3 without CONFIG files
Warning: Removing FILE_1_1 will leave PD_4 without CONFIG files
Warning: Removing FILE_1_1 will leave PD_2 without CONFIG files
Warning: Removing FILE_1_1 will leave PD_3 without CONFIG files
Warning: Removing FILE_1_1 will leave PD_4 without CONFIG files
Warning: Removing FILE_1_1 will leave PD_2 without CONFIG files
Warning: Removing FILE_1_1 will leave PD_3 without CONFIG files
Warning: Removing FILE_1_1 will leave PD_4 without CONFIG files
Warning: Removing FILE_1_1 will leave PD_2 without CONFIG files
Warning: Removing FILE_1_1 will leave PD_3 without CONFIG files
Warning: Removing FILE_1_1 will leave PD_4 without CONFIG files
Warning: Removing FILE_1_1 will leave PD_2 without CONFIG files
Warning: Removing FILE_1_1 will leave PD_3 without CONFIG files
Warning: Removing FILE_1_1 will leave PD_4 without CONFIG files
Warning: Removing FILE_1_1 will leave PD_2 without CONFIG files
Warning: Removing FILE_1_1 will leave PD_3 without CONFIG files
Warning: Removing FILE_1_1 will leave PD_4 without CONFIG files

⏳ Progress: 650 states explored, 3873 in queue, 2 mechanisms found
Warning: Removing FILE_1_1 will leave PD_3 without CONFIG files
Warning: Removing FILE_1_1 will leave PD_4 without CONFIG files
Warning: Removing FILE_1_1 will leave PD_3 without CONFIG files
Warning: Removing FILE_1_1 will leave PD_4 without CONFIG files
Warning: Removing FILE_1_1 will leave PD_3 without CONFIG files
Warning: Removing FILE_1_1 will leave PD_4 without CONFIG files
Warning: Removing FILE_1_1 will leave PD_3 without CONFIG files
Warning: Removing FILE_1_1 will leave PD_4 without CONFIG files
Warning: Removing FILE_1_1 will leave PD_3 without CONFIG files
Warning: Removing FILE_1_1 will leave PD_4 without CONFIG files
Warning: Removing FILE_1_1 will leave PD_3 without CONFIG files
Warning: Removing FILE_1_1 will leave PD_4 without CONFIG files
Warning: Removing FILE_1_1 will leave PD_3 without CONFIG files
Warning: Removing FILE_1_1 will leave PD_4 without CONFIG files
Warning: Removing FILE_1_1 will leave PD_3 without CONFIG files
Warning: Removing FILE_1_1 will leave PD_4 without CONFIG files
Warning: Removing FILE_1_1 will leave PD_3 without CONFIG files
Warning: Removing FILE_1_1 will leave PD_4 without CONFIG files
Warning: Removing FILE_1_1 will leave PD_3 without CONFIG files
Warning: Removing FILE_1_1 will leave PD_4 without CONFIG files
Warning: Removing FILE_1_1 will leave PD_3 without CONFIG files
Warning: Removing FILE_1_1 will leave PD_4 without CONFIG files
Warning: Removing FILE_1_1 will leave PD_3 without CONFIG files
Warning: Removing FILE_1_1 will leave PD_4 without CONFIG files
Warning: Removing FILE_1_1 will leave PD_3 without CONFIG files
Warning: Removing FILE_1_1 will leave PD_4 without CONFIG files
Warning: Removing FILE_1_1 will leave PD_3 without CONFIG files
Warning: Removing FILE_1_1 will leave PD_4 without CONFIG files
Warning: Removing FILE_1_1 will leave PD_3 without CONFIG files
Warning: Removing FILE_1_1 will leave PD_4 without CONFIG files
Warning: Removing FILE_1_1 will leave PD_3 without CONFIG files
Warning: Removing FILE_1_1 will leave PD_4 without CONFIG files
Warning: Removing FILE_1_1 will leave PD_3 without CONFIG files
Warning: Removing FILE_1_1 will leave PD_4 without CONFIG files
Warning: Removing FILE_1_1 will leave PD_3 without CONFIG files
Warning: Removing FILE_1_1 will leave PD_4 without CONFIG files
Warning: Removing FILE_1_1 will leave PD_3 without CONFIG files
Warning: Removing FILE_1_1 will leave PD_4 without CONFIG files
Warning: Removing FILE_1_1 will leave PD_3 without CONFIG files
Warning: Removing FILE_1_1 will leave PD_4 without CONFIG files
Warning: Removing FILE_1_1 will leave PD_3 without CONFIG files
Warning: Removing FILE_1_1 will leave PD_4 without CONFIG files
Warning: Removing FILE_1_1 will leave PD_3 without CONFIG files
Warning: Removing FILE_1_1 will leave PD_4 without CONFIG files
Warning: Removing FILE_1_1 will leave PD_3 without DATABASE files
Warning: Removing FILE_1_1 will leave PD_4 without DATABASE files
Warning: Removing FILE_1_1 will leave PD_3 without TEMP files
Warning: Removing FILE_1_1 will leave PD_4 without TEMP files
Warning: Removing FILE_1_1 will leave PD_3 without LOG files
Warning: Removing FILE_1_1 will leave PD_4 without LOG files
Warning: Removing FILE_1_1 will leave PD_3 without CONFIG files
Warning: Removing FILE_1_1 will leave PD_4 without CONFIG files
Warning: Removing FILE_1_1 will leave PD_3 without CONFIG files
Warning: Removing FILE_1_1 will leave PD_4 without CONFIG files
Warning: Removing FILE_1_1 will leave PD_3 without CONFIG files
Warning: Removing FILE_1_1 will leave PD_4 without CONFIG files
Warning: Removing FILE_1_1 will leave PD_3 without DATABASE files
Warning: Removing FILE_1_1 will leave PD_4 without DATABASE files
Warning: Removing FILE_1_1 will leave PD_3 without TEMP files
Warning: Removing FILE_1_1 will leave PD_4 without TEMP files
Warning: Removing FILE_1_1 will leave PD_3 without LOG files
Warning: Removing FILE_1_1 will leave PD_4 without LOG files
Warning: Removing FILE_1_1 will leave PD_1 without CONFIG files
Warning: Removing FILE_1_1 will leave PD_3 without CONFIG files
Warning: Removing FILE_1_1 will leave PD_4 without CONFIG files
Warning: Removing FILE_1_1 will leave PD_3 without CONFIG files
Warning: Removing FILE_1_1 will leave PD_4 without CONFIG files
Warning: Removing FILE_1_1 will leave PD_3 without CONFIG files
Warning: Removing FILE_1_1 will leave PD_4 without CONFIG files
Warning: Removing FILE_1_1 will leave PD_3 without CONFIG files
Warning: Removing FILE_1_1 will leave PD_4 without CONFIG files
Warning: Removing FILE_1_1 will leave PD_3 without CONFIG files
Warning: Removing FILE_1_1 will leave PD_4 without CONFIG files
Warning: Removing FILE_1_1 will leave PD_3 without CONFIG files
Warning: Removing FILE_1_1 will leave PD_4 without CONFIG files
Warning: Removing FILE_1_1 will leave PD_3 without CONFIG files
Warning: Removing FILE_1_1 will leave PD_4 without CONFIG files
Warning: Removing FILE_1_1 will leave PD_3 without CONFIG files
Warning: Removing FILE_1_1 will leave PD_4 without CONFIG files

⏳ Progress: 700 states explored, 4015 in queue, 2 mechanisms found
Warning: Removing FILE_1_1 will leave PD_1 without DATABASE files
Warning: Removing FILE_1_1 will leave PD_3 without DATABASE files
Warning: Removing FILE_1_1 will leave PD_4 without DATABASE files
Warning: Removing FILE_1_1 will leave PD_3 without DATABASE files
Warning: Removing FILE_1_1 will leave PD_4 without DATABASE files
Warning: Removing FILE_1_1 will leave PD_3 without DATABASE files
Warning: Removing FILE_1_1 will leave PD_4 without DATABASE files
Warning: Removing FILE_1_1 will leave PD_3 without DATABASE files
Warning: Removing FILE_1_1 will leave PD_4 without DATABASE files
Warning: Removing FILE_1_1 will leave PD_3 without DATABASE files
Warning: Removing FILE_1_1 will leave PD_4 without DATABASE files
Warning: Removing FILE_1_1 will leave PD_3 without DATABASE files
Warning: Removing FILE_1_1 will leave PD_4 without DATABASE files
Warning: Removing FILE_1_1 will leave PD_3 without DATABASE files
Warning: Removing FILE_1_1 will leave PD_4 without DATABASE files
Warning: Removing FILE_1_1 will leave PD_3 without DATABASE files
Warning: Removing FILE_1_1 will leave PD_4 without DATABASE files
Warning: Removing FILE_1_1 will leave PD_1 without TEMP files
Warning: Removing FILE_1_1 will leave PD_3 without TEMP files
Warning: Removing FILE_1_1 will leave PD_4 without TEMP files
Warning: Removing FILE_1_1 will leave PD_3 without TEMP files
Warning: Removing FILE_1_1 will leave PD_4 without TEMP files
Warning: Removing FILE_1_1 will leave PD_3 without TEMP files
Warning: Removing FILE_1_1 will leave PD_4 without TEMP files
Warning: Removing FILE_1_1 will leave PD_3 without TEMP files
Warning: Removing FILE_1_1 will leave PD_4 without TEMP files
Warning: Removing FILE_1_1 will leave PD_3 without TEMP files
Warning: Removing FILE_1_1 will leave PD_4 without TEMP files
Warning: Removing FILE_1_1 will leave PD_3 without TEMP files
Warning: Removing FILE_1_1 will leave PD_4 without TEMP files
Warning: Removing FILE_1_1 will leave PD_3 without TEMP files
Warning: Removing FILE_1_1 will leave PD_4 without TEMP files
Warning: Removing FILE_1_1 will leave PD_3 without TEMP files
Warning: Removing FILE_1_1 will leave PD_4 without TEMP files
Warning: Removing FILE_1_1 will leave PD_1 without LOG files
Warning: Removing FILE_1_1 will leave PD_3 without LOG files
Warning: Removing FILE_1_1 will leave PD_4 without LOG files
Warning: Removing FILE_1_1 will leave PD_3 without LOG files
Warning: Removing FILE_1_1 will leave PD_4 without LOG files
Warning: Removing FILE_1_1 will leave PD_3 without LOG files
Warning: Removing FILE_1_1 will leave PD_4 without LOG files
Warning: Removing FILE_1_1 will leave PD_3 without LOG files
Warning: Removing FILE_1_1 will leave PD_4 without LOG files
Warning: Removing FILE_1_1 will leave PD_3 without LOG files
Warning: Removing FILE_1_1 will leave PD_4 without LOG files
Warning: Removing FILE_1_1 will leave PD_3 without LOG files
Warning: Removing FILE_1_1 will leave PD_4 without LOG files
Warning: Removing FILE_1_1 will leave PD_3 without LOG files
Warning: Removing FILE_1_1 will leave PD_4 without LOG files
Warning: Removing FILE_1_1 will leave PD_3 without LOG files
Warning: Removing FILE_1_1 will leave PD_4 without LOG files
Warning: Removing FILE_1_1 will leave PD_1 without CONFIG files
Warning: Removing FILE_1_1 will leave PD_4 without CONFIG files
Warning: Removing FILE_1_1 will leave PD_1 without CONFIG files
Warning: Removing FILE_1_1 will leave PD_3 without CONFIG files
Warning: Removing FILE_1_1 will leave PD_1 without CONFIG files
Warning: Removing FILE_1_1 will leave PD_3 without CONFIG files
Warning: Removing FILE_1_1 will leave PD_4 without CONFIG files
Warning: Removing FILE_1_1 will leave PD_1 without CONFIG files
Warning: Removing FILE_1_1 will leave PD_3 without CONFIG files
Warning: Removing FILE_1_1 will leave PD_4 without CONFIG files
Warning: Removing FILE_1_1 will leave PD_1 without CONFIG files
Warning: Removing FILE_1_1 will leave PD_3 without CONFIG files
Warning: Removing FILE_1_1 will leave PD_4 without CONFIG files
Warning: Removing FILE_1_1 will leave PD_1 without CONFIG files
Warning: Removing FILE_1_1 will leave PD_3 without CONFIG files
Warning: Removing FILE_1_1 will leave PD_4 without CONFIG files
Warning: Removing FILE_1_1 will leave PD_1 without CONFIG files
Warning: Removing FILE_1_1 will leave PD_3 without CONFIG files
Warning: Removing FILE_1_1 will leave PD_4 without CONFIG files

⏳ Progress: 750 states explored, 4225 in queue, 2 mechanisms found
Warning: Removing FILE_1_1 will leave PD_1 without CONFIG files
Warning: Removing FILE_1_1 will leave PD_3 without CONFIG files
Warning: Removing FILE_1_1 will leave PD_4 without CONFIG files
Warning: Removing FILE_1_1 will leave PD_1 without CONFIG files
Warning: Removing FILE_1_1 will leave PD_3 without CONFIG files
Warning: Removing FILE_1_1 will leave PD_4 without CONFIG files
Warning: Removing FILE_1_1 will leave PD_3 without CONFIG files
Warning: Removing FILE_1_1 will leave PD_4 without CONFIG files
Warning: Removing FILE_1_1 will leave PD_3 without CONFIG files
Warning: Removing FILE_1_1 will leave PD_4 without CONFIG files
Warning: Removing FILE_1_1 will leave PD_3 without CONFIG files
Warning: Removing FILE_1_1 will leave PD_4 without CONFIG files
Warning: Removing FILE_1_1 will leave PD_3 without CONFIG files
Warning: Removing FILE_1_1 will leave PD_4 without CONFIG files
Warning: Removing FILE_1_1 will leave PD_3 without CONFIG files
Warning: Removing FILE_1_1 will leave PD_4 without CONFIG files
Warning: Removing FILE_1_1 will leave PD_3 without CONFIG files
Warning: Removing FILE_1_1 will leave PD_4 without CONFIG files
Warning: Removing FILE_1_1 will leave PD_3 without CONFIG files
Warning: Removing FILE_1_1 will leave PD_4 without CONFIG files
Warning: Removing FILE_1_1 will leave PD_3 without CONFIG files
Warning: Removing FILE_1_1 will leave PD_4 without CONFIG files
Warning: Removing FILE_1_1 will leave PD_3 without CONFIG files
Warning: Removing FILE_1_1 will leave PD_4 without CONFIG files
Warning: Removing FILE_1_1 will leave PD_3 without CONFIG files
Warning: Removing FILE_1_1 will leave PD_4 without CONFIG files
Warning: Removing FILE_1_1 will leave PD_3 without CONFIG files
Warning: Removing FILE_1_1 will leave PD_4 without CONFIG files
Warning: Removing FILE_1_1 will leave PD_3 without CONFIG files
Warning: Removing FILE_1_1 will leave PD_4 without CONFIG files
Warning: Removing FILE_1_1 will leave PD_3 without CONFIG files
Warning: Removing FILE_1_1 will leave PD_4 without CONFIG files
Warning: Removing FILE_1_1 will leave PD_3 without CONFIG files
Warning: Removing FILE_1_1 will leave PD_4 without CONFIG files
Warning: Removing FILE_1_1 will leave PD_3 without CONFIG files
Warning: Removing FILE_1_1 will leave PD_4 without CONFIG files
Warning: Removing FILE_1_1 will leave PD_3 without CONFIG files
Warning: Removing FILE_1_1 will leave PD_4 without CONFIG files
Warning: Removing FILE_1_1 will leave PD_3 without CONFIG files
Warning: Removing FILE_1_1 will leave PD_4 without CONFIG files
Warning: Removing FILE_1_1 will leave PD_3 without CONFIG files
Warning: Removing FILE_1_1 will leave PD_4 without CONFIG files
Warning: Removing FILE_1_1 will leave PD_3 without CONFIG files
Warning: Removing FILE_1_1 will leave PD_4 without CONFIG files
Warning: Removing FILE_1_1 will leave PD_3 without CONFIG files
Warning: Removing FILE_1_1 will leave PD_4 without CONFIG files
Warning: Removing FILE_1_1 will leave PD_3 without CONFIG files
Warning: Removing FILE_1_1 will leave PD_4 without CONFIG files
Warning: Removing FILE_1_1 will leave PD_3 without CONFIG files
Warning: Removing FILE_1_1 will leave PD_4 without CONFIG files
Warning: Removing FILE_1_1 will leave PD_3 without DATABASE files
Warning: Removing FILE_1_1 will leave PD_4 without DATABASE files
Warning: Removing FILE_1_1 will leave PD_3 without TEMP files
Warning: Removing FILE_1_1 will leave PD_4 without TEMP files
Warning: Removing FILE_1_1 will leave PD_3 without LOG files
Warning: Removing FILE_1_1 will leave PD_4 without LOG files
Warning: Removing FILE_1_1 will leave PD_3 without CONFIG files
Warning: Removing FILE_1_1 will leave PD_4 without CONFIG files
Warning: Removing FILE_1_1 will leave PD_3 without CONFIG files
Warning: Removing FILE_1_1 will leave PD_4 without CONFIG files
Warning: Removing FILE_1_1 will leave PD_3 without CONFIG files
Warning: Removing FILE_1_1 will leave PD_4 without CONFIG files
Warning: Removing FILE_1_1 will leave PD_3 without DATABASE files
Warning: Removing FILE_1_1 will leave PD_4 without DATABASE files
Warning: Removing FILE_1_1 will leave PD_3 without TEMP files
Warning: Removing FILE_1_1 will leave PD_4 without TEMP files
Warning: Removing FILE_1_1 will leave PD_3 without LOG files
Warning: Removing FILE_1_1 will leave PD_4 without LOG files

⏳ Progress: 800 states explored, 4386 in queue, 2 mechanisms found
Warning: Removing FILE_1_1 will leave PD_1 without CONFIG files
Warning: Removing FILE_1_1 will leave PD_3 without CONFIG files
Warning: Removing FILE_1_1 will leave PD_4 without CONFIG files
Warning: Removing FILE_1_1 will leave PD_2 without CONFIG files
Warning: Removing FILE_1_1 will leave PD_3 without CONFIG files
Warning: Removing FILE_1_1 will leave PD_4 without CONFIG files
Warning: Removing FILE_1_1 will leave PD_3 without CONFIG files
Warning: Removing FILE_1_1 will leave PD_4 without CONFIG files
Warning: Removing FILE_1_1 will leave PD_3 without CONFIG files
Warning: Removing FILE_1_1 will leave PD_4 without CONFIG files
Warning: Removing FILE_1_1 will leave PD_3 without CONFIG files
Warning: Removing FILE_1_1 will leave PD_4 without CONFIG files
Warning: Removing FILE_1_1 will leave PD_3 without CONFIG files
Warning: Removing FILE_1_1 will leave PD_4 without CONFIG files
Warning: Removing FILE_1_1 will leave PD_3 without CONFIG files
Warning: Removing FILE_1_1 will leave PD_4 without CONFIG files
Warning: Removing FILE_1_1 will leave PD_3 without CONFIG files
Warning: Removing FILE_1_1 will leave PD_4 without CONFIG files
Warning: Removing FILE_1_1 will leave PD_3 without CONFIG files
Warning: Removing FILE_1_1 will leave PD_4 without CONFIG files
Warning: Removing FILE_1_1 will leave PD_3 without CONFIG files
Warning: Removing FILE_1_1 will leave PD_4 without CONFIG files
Warning: Removing FILE_1_1 will leave PD_3 without CONFIG files
Warning: Removing FILE_1_1 will leave PD_4 without CONFIG files
Warning: Removing FILE_1_1 will leave PD_3 without CONFIG files
Warning: Removing FILE_1_1 will leave PD_4 without CONFIG files
Warning: Removing FILE_1_1 will leave PD_3 without CONFIG files
Warning: Removing FILE_1_1 will leave PD_4 without CONFIG files
Warning: Removing FILE_1_1 will leave PD_3 without CONFIG files
Warning: Removing FILE_1_1 will leave PD_4 without CONFIG files
Warning: Removing FILE_1_1 will leave PD_1 without DATABASE files
Warning: Removing FILE_1_1 will leave PD_3 without DATABASE files
Warning: Removing FILE_1_1 will leave PD_4 without DATABASE files
Warning: Removing FILE_1_1 will leave PD_2 without DATABASE files
Warning: Removing FILE_1_1 will leave PD_3 without DATABASE files
Warning: Removing FILE_1_1 will leave PD_4 without DATABASE files
Warning: Removing FILE_1_1 will leave PD_3 without DATABASE files
Warning: Removing FILE_1_1 will leave PD_4 without DATABASE files
Warning: Removing FILE_1_1 will leave PD_3 without DATABASE files
Warning: Removing FILE_1_1 will leave PD_4 without DATABASE files
Warning: Removing FILE_1_1 will leave PD_3 without DATABASE files
Warning: Removing FILE_1_1 will leave PD_4 without DATABASE files
Warning: Removing FILE_1_1 will leave PD_3 without DATABASE files
Warning: Removing FILE_1_1 will leave PD_4 without DATABASE files
Warning: Removing FILE_1_1 will leave PD_3 without DATABASE files
Warning: Removing FILE_1_1 will leave PD_4 without DATABASE files
Warning: Removing FILE_1_1 will leave PD_3 without DATABASE files
Warning: Removing FILE_1_1 will leave PD_4 without DATABASE files
Warning: Removing FILE_1_1 will leave PD_3 without DATABASE files
Warning: Removing FILE_1_1 will leave PD_4 without DATABASE files
Warning: Removing FILE_1_1 will leave PD_3 without DATABASE files
Warning: Removing FILE_1_1 will leave PD_4 without DATABASE files
Warning: Removing FILE_1_1 will leave PD_3 without DATABASE files
Warning: Removing FILE_1_1 will leave PD_4 without DATABASE files
Warning: Removing FILE_1_1 will leave PD_3 without DATABASE files
Warning: Removing FILE_1_1 will leave PD_4 without DATABASE files
Warning: Removing FILE_1_1 will leave PD_3 without DATABASE files
Warning: Removing FILE_1_1 will leave PD_4 without DATABASE files
Warning: Removing FILE_1_1 will leave PD_3 without DATABASE files
Warning: Removing FILE_1_1 will leave PD_4 without DATABASE files
Warning: Removing FILE_1_1 will leave PD_1 without TEMP files
Warning: Removing FILE_1_1 will leave PD_3 without TEMP files
Warning: Removing FILE_1_1 will leave PD_4 without TEMP files
Warning: Removing FILE_1_1 will leave PD_2 without TEMP files
Warning: Removing FILE_1_1 will leave PD_3 without TEMP files
Warning: Removing FILE_1_1 will leave PD_4 without TEMP files
Warning: Removing FILE_1_1 will leave PD_3 without TEMP files
Warning: Removing FILE_1_1 will leave PD_4 without TEMP files
Warning: Removing FILE_1_1 will leave PD_3 without TEMP files
Warning: Removing FILE_1_1 will leave PD_4 without TEMP files
Warning: Removing FILE_1_1 will leave PD_3 without TEMP files
Warning: Removing FILE_1_1 will leave PD_4 without TEMP files
Warning: Removing FILE_1_1 will leave PD_3 without TEMP files
Warning: Removing FILE_1_1 will leave PD_4 without TEMP files
Warning: Removing FILE_1_1 will leave PD_3 without TEMP files
Warning: Removing FILE_1_1 will leave PD_4 without TEMP files
Warning: Removing FILE_1_1 will leave PD_3 without TEMP files
Warning: Removing FILE_1_1 will leave PD_4 without TEMP files
Warning: Removing FILE_1_1 will leave PD_3 without TEMP files
Warning: Removing FILE_1_1 will leave PD_4 without TEMP files
Warning: Removing FILE_1_1 will leave PD_3 without TEMP files
Warning: Removing FILE_1_1 will leave PD_4 without TEMP files
Warning: Removing FILE_1_1 will leave PD_3 without TEMP files
Warning: Removing FILE_1_1 will leave PD_4 without TEMP files
Warning: Removing FILE_1_1 will leave PD_3 without TEMP files
Warning: Removing FILE_1_1 will leave PD_4 without TEMP files
Warning: Removing FILE_1_1 will leave PD_3 without TEMP files
Warning: Removing FILE_1_1 will leave PD_4 without TEMP files
Warning: Removing FILE_1_1 will leave PD_3 without TEMP files
Warning: Removing FILE_1_1 will leave PD_4 without TEMP files
Warning: Removing FILE_1_1 will leave PD_1 without LOG files
Warning: Removing FILE_1_1 will leave PD_3 without LOG files
Warning: Removing FILE_1_1 will leave PD_4 without LOG files
Warning: Removing FILE_1_1 will leave PD_2 without LOG files
Warning: Removing FILE_1_1 will leave PD_3 without LOG files
Warning: Removing FILE_1_1 will leave PD_4 without LOG files

⏳ Progress: 850 states explored, 4731 in queue, 2 mechanisms found
Warning: Removing FILE_1_1 will leave PD_3 without LOG files
Warning: Removing FILE_1_1 will leave PD_4 without LOG files
Warning: Removing FILE_1_1 will leave PD_3 without LOG files
Warning: Removing FILE_1_1 will leave PD_4 without LOG files
Warning: Removing FILE_1_1 will leave PD_3 without LOG files
Warning: Removing FILE_1_1 will leave PD_4 without LOG files
Warning: Removing FILE_1_1 will leave PD_3 without LOG files
Warning: Removing FILE_1_1 will leave PD_4 without LOG files
Warning: Removing FILE_1_1 will leave PD_3 without LOG files
Warning: Removing FILE_1_1 will leave PD_4 without LOG files
Warning: Removing FILE_1_1 will leave PD_3 without LOG files
Warning: Removing FILE_1_1 will leave PD_4 without LOG files
Warning: Removing FILE_1_1 will leave PD_3 without LOG files
Warning: Removing FILE_1_1 will leave PD_4 without LOG files
Warning: Removing FILE_1_1 will leave PD_3 without LOG files
Warning: Removing FILE_1_1 will leave PD_4 without LOG files
Warning: Removing FILE_1_1 will leave PD_3 without LOG files
Warning: Removing FILE_1_1 will leave PD_4 without LOG files
Warning: Removing FILE_1_1 will leave PD_3 without LOG files
Warning: Removing FILE_1_1 will leave PD_4 without LOG files
Warning: Removing FILE_1_1 will leave PD_3 without LOG files
Warning: Removing FILE_1_1 will leave PD_4 without LOG files
Warning: Removing FILE_1_1 will leave PD_3 without LOG files
Warning: Removing FILE_1_1 will leave PD_4 without LOG files
  Computing metrics...
    RSI: {'PD_1,PD_2': 1.0, 'PD_1,PD_3': 1.0, 'PD_1,PD_4': 1.0, 'PD_2,PD_3': 1.0, 'PD_2,PD_4': 1.0, 'PD_3,PD_4': 1.0}, ASR: 1.5, TCB: {'PD_1': ['PD_3', 'PD_2', 'PD_4'], 'PD_2': ['PD_4', 'PD_1', 'PD_3'], 'PD_3': ['PD_1', 'PD_2', 'PD_4'], 'PD_4': ['PD_1', 'PD_2', 'PD_3']}, FR: {'PD_1,PD_2': inf, 'PD_1,PD_3': inf, 'PD_1,PD_4': inf, 'PD_2,PD_3': inf, 'PD_2,PD_4': inf, 'PD_3,PD_4': inf}
    All 1 goals met!

✅ MECHANISM FOUND at depth 3!
   Path: add_file_resource(create new CONFIG file in FILE_SPACE_1) → add_hold_edge(connect PD_1 to FILE_1_1) → add_hold_edge(connect PD_2 to FILE_1_1)
Warning: Removing FILE_1_1 will leave PD_1 without CONFIG files
Warning: Removing FILE_1_1 will leave PD_2 without CONFIG files
Warning: Removing FILE_1_1 will leave PD_3 without CONFIG files
Warning: Removing FILE_1_1 will leave PD_4 without CONFIG files
Warning: Removing FILE_1_1 will leave PD_1 without CONFIG files
Warning: Removing FILE_1_1 will leave PD_4 without CONFIG files
Warning: Removing FILE_1_1 will leave PD_1 without CONFIG files
Warning: Removing FILE_1_1 will leave PD_3 without CONFIG files
Warning: Removing FILE_1_1 will leave PD_1 without CONFIG files
Warning: Removing FILE_1_1 will leave PD_3 without CONFIG files
Warning: Removing FILE_1_1 will leave PD_4 without CONFIG files
Warning: Removing FILE_1_1 will leave PD_1 without CONFIG files
Warning: Removing FILE_1_1 will leave PD_3 without CONFIG files
Warning: Removing FILE_1_1 will leave PD_4 without CONFIG files
Warning: Removing FILE_1_1 will leave PD_1 without CONFIG files
Warning: Removing FILE_1_1 will leave PD_3 without CONFIG files
Warning: Removing FILE_1_1 will leave PD_4 without CONFIG files
Warning: Removing FILE_1_1 will leave PD_1 without CONFIG files
Warning: Removing FILE_1_1 will leave PD_3 without CONFIG files
Warning: Removing FILE_1_1 will leave PD_4 without CONFIG files
Warning: Removing FILE_1_1 will leave PD_1 without CONFIG files
Warning: Removing FILE_1_1 will leave PD_3 without CONFIG files
Warning: Removing FILE_1_1 will leave PD_4 without CONFIG files
Warning: Removing FILE_1_1 will leave PD_1 without CONFIG files
Warning: Removing FILE_1_1 will leave PD_3 without CONFIG files
Warning: Removing FILE_1_1 will leave PD_4 without CONFIG files
Warning: Removing FILE_1_1 will leave PD_1 without CONFIG files
Warning: Removing FILE_1_1 will leave PD_3 without CONFIG files
Warning: Removing FILE_1_1 will leave PD_4 without CONFIG files
Warning: Removing FILE_1_1 will leave PD_1 without CONFIG files
Warning: Removing FILE_1_1 will leave PD_3 without CONFIG files
Warning: Removing FILE_1_1 will leave PD_4 without CONFIG files
Warning: Removing FILE_1_1 will leave PD_1 without CONFIG files
Warning: Removing FILE_1_1 will leave PD_3 without CONFIG files
Warning: Removing FILE_1_1 will leave PD_4 without CONFIG files
Warning: Removing FILE_1_1 will leave PD_1 without CONFIG files
Warning: Removing FILE_1_1 will leave PD_3 without CONFIG files
Warning: Removing FILE_1_1 will leave PD_4 without CONFIG files
Warning: Removing FILE_1_1 will leave PD_1 without CONFIG files
Warning: Removing FILE_1_1 will leave PD_3 without CONFIG files
Warning: Removing FILE_1_1 will leave PD_4 without CONFIG files
Warning: Removing FILE_1_1 will leave PD_1 without CONFIG files
Warning: Removing FILE_1_1 will leave PD_3 without CONFIG files
Warning: Removing FILE_1_1 will leave PD_4 without CONFIG files
Warning: Removing FILE_1_1 will leave PD_1 without CONFIG files
Warning: Removing FILE_1_1 will leave PD_3 without CONFIG files
Warning: Removing FILE_1_1 will leave PD_4 without CONFIG files
Warning: Removing FILE_1_1 will leave PD_2 without CONFIG files
Warning: Removing FILE_1_1 will leave PD_4 without CONFIG files
Warning: Removing FILE_1_1 will leave PD_2 without CONFIG files
Warning: Removing FILE_1_1 will leave PD_3 without CONFIG files
Warning: Removing FILE_1_1 will leave PD_2 without CONFIG files
Warning: Removing FILE_1_1 will leave PD_3 without CONFIG files
Warning: Removing FILE_1_1 will leave PD_4 without CONFIG files
Warning: Removing FILE_1_1 will leave PD_2 without CONFIG files
Warning: Removing FILE_1_1 will leave PD_3 without CONFIG files
Warning: Removing FILE_1_1 will leave PD_4 without CONFIG files
Warning: Removing FILE_1_1 will leave PD_2 without CONFIG files
Warning: Removing FILE_1_1 will leave PD_3 without CONFIG files
Warning: Removing FILE_1_1 will leave PD_4 without CONFIG files
Warning: Removing FILE_1_1 will leave PD_2 without CONFIG files
Warning: Removing FILE_1_1 will leave PD_3 without CONFIG files
Warning: Removing FILE_1_1 will leave PD_4 without CONFIG files
Warning: Removing FILE_1_1 will leave PD_2 without CONFIG files
Warning: Removing FILE_1_1 will leave PD_3 without CONFIG files
Warning: Removing FILE_1_1 will leave PD_4 without CONFIG files
Warning: Removing FILE_1_1 will leave PD_2 without CONFIG files
Warning: Removing FILE_1_1 will leave PD_3 without CONFIG files
Warning: Removing FILE_1_1 will leave PD_4 without CONFIG files
Warning: Removing FILE_1_1 will leave PD_2 without CONFIG files
Warning: Removing FILE_1_1 will leave PD_3 without CONFIG files
Warning: Removing FILE_1_1 will leave PD_4 without CONFIG files
Warning: Removing FILE_1_1 will leave PD_2 without CONFIG files
Warning: Removing FILE_1_1 will leave PD_3 without CONFIG files
Warning: Removing FILE_1_1 will leave PD_4 without CONFIG files
Warning: Removing FILE_1_1 will leave PD_2 without CONFIG files
Warning: Removing FILE_1_1 will leave PD_3 without CONFIG files
Warning: Removing FILE_1_1 will leave PD_4 without CONFIG files
Warning: Removing FILE_1_1 will leave PD_2 without CONFIG files
Warning: Removing FILE_1_1 will leave PD_3 without CONFIG files
Warning: Removing FILE_1_1 will leave PD_4 without CONFIG files
Warning: Removing FILE_1_1 will leave PD_2 without CONFIG files
Warning: Removing FILE_1_1 will leave PD_3 without CONFIG files
Warning: Removing FILE_1_1 will leave PD_4 without CONFIG files
Warning: Removing FILE_1_1 will leave PD_2 without CONFIG files
Warning: Removing FILE_1_1 will leave PD_3 without CONFIG files
Warning: Removing FILE_1_1 will leave PD_4 without CONFIG files
Warning: Removing FILE_1_1 will leave PD_2 without CONFIG files
Warning: Removing FILE_1_1 will leave PD_3 without CONFIG files
Warning: Removing FILE_1_1 will leave PD_4 without CONFIG files

⏳ Progress: 900 states explored, 5061 in queue, 3 mechanisms found
Warning: Removing FILE_1_1 will leave PD_3 without CONFIG files
Warning: Removing FILE_1_1 will leave PD_4 without CONFIG files
Warning: Removing FILE_1_1 will leave PD_3 without CONFIG files
Warning: Removing FILE_1_1 will leave PD_4 without CONFIG files
Warning: Removing FILE_1_1 will leave PD_3 without CONFIG files
Warning: Removing FILE_1_1 will leave PD_4 without CONFIG files
Warning: Removing FILE_1_1 will leave PD_3 without CONFIG files
Warning: Removing FILE_1_1 will leave PD_4 without CONFIG files
Warning: Removing FILE_1_1 will leave PD_3 without CONFIG files
Warning: Removing FILE_1_1 will leave PD_4 without CONFIG files
Warning: Removing FILE_1_1 will leave PD_3 without CONFIG files
Warning: Removing FILE_1_1 will leave PD_4 without CONFIG files
Warning: Removing FILE_1_1 will leave PD_3 without CONFIG files
Warning: Removing FILE_1_1 will leave PD_4 without CONFIG files
Warning: Removing FILE_1_1 will leave PD_3 without CONFIG files
Warning: Removing FILE_1_1 will leave PD_4 without CONFIG files
Warning: Removing FILE_1_1 will leave PD_3 without CONFIG files
Warning: Removing FILE_1_1 will leave PD_4 without CONFIG files
Warning: Removing FILE_1_1 will leave PD_3 without CONFIG files
Warning: Removing FILE_1_1 will leave PD_4 without CONFIG files
Warning: Removing FILE_1_1 will leave PD_3 without CONFIG files
Warning: Removing FILE_1_1 will leave PD_4 without CONFIG files
Warning: Removing FILE_1_1 will leave PD_3 without CONFIG files
Warning: Removing FILE_1_1 will leave PD_4 without CONFIG files
Warning: Removing FILE_1_1 will leave PD_3 without CONFIG files
Warning: Removing FILE_1_1 will leave PD_4 without CONFIG files
Warning: Removing FILE_1_1 will leave PD_3 without CONFIG files
Warning: Removing FILE_1_1 will leave PD_4 without CONFIG files
Warning: Removing FILE_1_1 will leave PD_3 without CONFIG files
Warning: Removing FILE_1_1 will leave PD_4 without CONFIG files
Warning: Removing FILE_1_1 will leave PD_3 without CONFIG files
Warning: Removing FILE_1_1 will leave PD_4 without CONFIG files
Warning: Removing FILE_1_1 will leave PD_3 without CONFIG files
Warning: Removing FILE_1_1 will leave PD_4 without CONFIG files
Warning: Removing FILE_1_1 will leave PD_3 without CONFIG files
Warning: Removing FILE_1_1 will leave PD_4 without CONFIG files
Warning: Removing FILE_1_1 will leave PD_3 without CONFIG files
Warning: Removing FILE_1_1 will leave PD_4 without CONFIG files
Warning: Removing FILE_1_1 will leave PD_3 without CONFIG files
Warning: Removing FILE_1_1 will leave PD_4 without CONFIG files
Warning: Removing FILE_1_1 will leave PD_3 without CONFIG files
Warning: Removing FILE_1_1 will leave PD_4 without CONFIG files
Warning: Removing FILE_1_1 will leave PD_3 without CONFIG files
Warning: Removing FILE_1_1 will leave PD_4 without CONFIG files
Warning: Removing FILE_1_1 will leave PD_3 without CONFIG files
Warning: Removing FILE_1_1 will leave PD_4 without CONFIG files
Warning: Removing FILE_1_1 will leave PD_3 without CONFIG files
Warning: Removing FILE_1_1 will leave PD_4 without CONFIG files
Warning: Removing FILE_1_1 will leave PD_3 without CONFIG files
Warning: Removing FILE_1_1 will leave PD_4 without CONFIG files
Warning: Removing FILE_1_1 will leave PD_3 without CONFIG files
Warning: Removing FILE_1_1 will leave PD_4 without CONFIG files

⏳ Progress: 950 states explored, 5294 in queue, 3 mechanisms found
Warning: Removing FILE_1_1 will leave PD_3 without CONFIG files
Warning: Removing FILE_1_1 will leave PD_4 without CONFIG files
Warning: Removing FILE_1_1 will leave PD_3 without CONFIG files
Warning: Removing FILE_1_1 will leave PD_4 without CONFIG files
Warning: Removing FILE_1_1 will leave PD_3 without CONFIG files
Warning: Removing FILE_1_1 will leave PD_4 without CONFIG files
Warning: Removing FILE_1_1 will leave PD_3 without CONFIG files
Warning: Removing FILE_1_1 will leave PD_4 without CONFIG files
Warning: Removing FILE_1_1 will leave PD_3 without CONFIG files
Warning: Removing FILE_1_1 will leave PD_4 without CONFIG files
Warning: Removing FILE_1_1 will leave PD_3 without CONFIG files
Warning: Removing FILE_1_1 will leave PD_4 without CONFIG files
Warning: Removing FILE_1_1 will leave PD_3 without CONFIG files
Warning: Removing FILE_1_1 will leave PD_4 without CONFIG files
Warning: Removing FILE_1_1 will leave PD_3 without CONFIG files
Warning: Removing FILE_1_1 will leave PD_4 without CONFIG files
Warning: Removing FILE_1_1 will leave PD_3 without CONFIG files
Warning: Removing FILE_1_1 will leave PD_4 without CONFIG files
Warning: Removing FILE_1_1 will leave PD_3 without CONFIG files
Warning: Removing FILE_1_1 will leave PD_4 without CONFIG files
Warning: Removing FILE_1_1 will leave PD_3 without CONFIG files
Warning: Removing FILE_1_1 will leave PD_4 without CONFIG files
Warning: Removing FILE_1_1 will leave PD_3 without CONFIG files
Warning: Removing FILE_1_1 will leave PD_4 without CONFIG files
Warning: Removing FILE_1_1 will leave PD_3 without CONFIG files
Warning: Removing FILE_1_1 will leave PD_4 without CONFIG files
Warning: Removing FILE_1_1 will leave PD_3 without CONFIG files
Warning: Removing FILE_1_1 will leave PD_4 without CONFIG files
Warning: Removing FILE_1_1 will leave PD_3 without CONFIG files
Warning: Removing FILE_1_1 will leave PD_4 without CONFIG files
Warning: Removing FILE_1_1 will leave PD_3 without CONFIG files
Warning: Removing FILE_1_1 will leave PD_4 without CONFIG files
Warning: Removing FILE_1_1 will leave PD_3 without CONFIG files
Warning: Removing FILE_1_1 will leave PD_4 without CONFIG files
Warning: Removing FILE_1_1 will leave PD_3 without CONFIG files
Warning: Removing FILE_1_1 will leave PD_4 without CONFIG files
Warning: Removing FILE_1_1 will leave PD_3 without CONFIG files
Warning: Removing FILE_1_1 will leave PD_4 without CONFIG files
Warning: Removing FILE_1_1 will leave PD_3 without CONFIG files
Warning: Removing FILE_1_1 will leave PD_4 without CONFIG files
Warning: Removing FILE_1_1 will leave PD_3 without CONFIG files
Warning: Removing FILE_1_1 will leave PD_4 without CONFIG files
Warning: Removing FILE_1_1 will leave PD_3 without CONFIG files
Warning: Removing FILE_1_1 will leave PD_4 without CONFIG files
Warning: Removing FILE_1_1 will leave PD_3 without CONFIG files
Warning: Removing FILE_1_1 will leave PD_4 without CONFIG files
Warning: Removing FILE_1_1 will leave PD_3 without CONFIG files
Warning: Removing FILE_1_1 will leave PD_4 without CONFIG files
Warning: Removing FILE_1_1 will leave PD_3 without CONFIG files
Warning: Removing FILE_1_1 will leave PD_4 without CONFIG files
Warning: Removing FILE_1_1 will leave PD_3 without CONFIG files
Warning: Removing FILE_1_1 will leave PD_4 without CONFIG files
Warning: Removing FILE_1_1 will leave PD_3 without CONFIG files
Warning: Removing FILE_1_1 will leave PD_4 without CONFIG files
Warning: Removing FILE_1_1 will leave PD_3 without CONFIG files
Warning: Removing FILE_1_1 will leave PD_4 without CONFIG files
Warning: Removing FILE_1_1 will leave PD_3 without CONFIG files
Warning: Removing FILE_1_1 will leave PD_4 without CONFIG files
Warning: Removing FILE_1_1 will leave PD_3 without CONFIG files
Warning: Removing FILE_1_1 will leave PD_4 without CONFIG files
Warning: Removing FILE_1_1 will leave PD_3 without CONFIG files
Warning: Removing FILE_1_1 will leave PD_4 without CONFIG files
Warning: Removing FILE_1_1 will leave PD_3 without CONFIG files
Warning: Removing FILE_1_1 will leave PD_4 without CONFIG files
Warning: Removing FILE_1_1 will leave PD_3 without CONFIG files
Warning: Removing FILE_1_1 will leave PD_4 without CONFIG files
Warning: Removing FILE_1_1 will leave PD_3 without CONFIG files
Warning: Removing FILE_1_1 will leave PD_4 without CONFIG files
Warning: Removing FILE_1_1 will leave PD_3 without CONFIG files
Warning: Removing FILE_1_1 will leave PD_4 without CONFIG files
Warning: Removing FILE_1_1 will leave PD_3 without CONFIG files
Warning: Removing FILE_1_1 will leave PD_4 without CONFIG files
Warning: Removing FILE_1_1 will leave PD_3 without CONFIG files
Warning: Removing FILE_1_1 will leave PD_4 without CONFIG files
Warning: Removing FILE_1_1 will leave PD_3 without CONFIG files
Warning: Removing FILE_1_1 will leave PD_4 without CONFIG files
Warning: Removing FILE_1_1 will leave PD_3 without CONFIG files
Warning: Removing FILE_1_1 will leave PD_4 without CONFIG files
Warning: Removing FILE_1_1 will leave PD_3 without CONFIG files
Warning: Removing FILE_1_1 will leave PD_4 without CONFIG files
Warning: Removing FILE_1_1 will leave PD_3 without CONFIG files
Warning: Removing FILE_1_1 will leave PD_4 without CONFIG files
Warning: Removing FILE_1_1 will leave PD_3 without CONFIG files
Warning: Removing FILE_1_1 will leave PD_4 without CONFIG files
Warning: Removing FILE_1_1 will leave PD_3 without CONFIG files
Warning: Removing FILE_1_1 will leave PD_4 without CONFIG files
Warning: Removing FILE_1_1 will leave PD_3 without CONFIG files
Warning: Removing FILE_1_1 will leave PD_4 without CONFIG files
Warning: Removing FILE_1_1 will leave PD_3 without CONFIG files
Warning: Removing FILE_1_1 will leave PD_4 without CONFIG files
Warning: Removing FILE_1_1 will leave PD_3 without CONFIG files
Warning: Removing FILE_1_1 will leave PD_4 without CONFIG files
Warning: Removing FILE_1_1 will leave PD_3 without CONFIG files
Warning: Removing FILE_1_1 will leave PD_4 without CONFIG files
Warning: Removing FILE_1_1 will leave PD_3 without CONFIG files
Warning: Removing FILE_1_1 will leave PD_4 without CONFIG files
Warning: Removing FILE_1_1 will leave PD_3 without CONFIG files
Warning: Removing FILE_1_1 will leave PD_4 without CONFIG files
Warning: Removing FILE_1_1 will leave PD_3 without CONFIG files
Warning: Removing FILE_1_1 will leave PD_4 without CONFIG files

⏳ Progress: 1000 states explored, 5401 in queue, 3 mechanisms found
Warning: Removing FILE_1_1 will leave PD_3 without CONFIG files
Warning: Removing FILE_1_1 will leave PD_4 without CONFIG files

🏁 BFS exploration complete!
📊 Statistics:
   States explored: 1000
   Unique states visited: 6403
   States in queue (unexplored): 5403
   Mechanisms discovered: 3
   ⚠️  Stopped due to state limit (1000)

🎯 Discovered Mechanisms:

   Mechanism 1 (depth 2):
   Full path (2 steps):
      1. add_hold_edge(connect PD_1 to FILE_1_1)
      2. add_hold_edge(connect PD_2 to FILE_1_1)

   Mechanism 2 (depth 3):
   Full path (3 steps):
      1. add_pd(add new protection domain to help resolve 2 constraint violation(s))
      2. add_hold_edge(connect PD_1 to FILE_1_1)
      3. add_hold_edge(connect PD_2 to FILE_1_1)

   Mechanism 3 (depth 3):
   Full path (3 steps):
      1. add_file_resource(create new CONFIG file in FILE_SPACE_1)
      2. add_hold_edge(connect PD_1 to FILE_1_1)
      3. add_hold_edge(connect PD_2 to FILE_1_1)

✅ Scenario 'Reduce Isolation' complete!
   Mechanisms discovered: 3

✅ Exploration complete!
