🔍 Verbose mode enabled - detailed exploration tracking
📊 Using 8 maximum iterations per scenario

🎯 Running scenario: reduce_isolation
✓ Validated 5 constraints in scenario 'Reduce Isolation'
🎯 Running scenario: Reduce Isolation
   Description: Transform mediated access (PD1->PD3->R0, PD2->PD4->R0) to direct access (PD1->R0, PD2->R0) by maximizing RSI
   Goals (1): ['Goal(maximize RSI[PD_1,PD_2] to 0.8)']
   Constraints (5): ["Constraint(requires_resource_access for PD_1: FILE_1_1, {'access_type': 'direct_or_indirect'})", "Constraint(requires_resource_access for PD_2: FILE_1_1, {'access_type': 'direct_or_indirect'})", "Constraint(requires_resource_exists for PD_None: FILE_1_1, {'mandatory': True})", "Constraint(requires_file_access for PD_1: FILE, {'file_type': 'any', 'min_size_kb': 1})", "Constraint(requires_file_access for PD_2: FILE, {'file_type': 'any', 'min_size_kb': 1})"]
   Transitions (12): ['Transition(add_pd: Create new Protection Domain)', 'Transition(remove_pd: Remove existing Protection Domain)', 'Transition(add_file_resource: Create new FILE resource)', 'Transition(remove_file_resource: Remove FILE resource)', 'Transition(add_resource_space: Create new resource space)', 'Transition(remove_resource_space: Remove resource space)', 'Transition(add_hold_edge: Create PD → Resource relationship)', 'Transition(remove_hold_edge: Remove PD → Resource relationship)', 'Transition(add_request_edge: Create PD → PD authority relationship)', 'Transition(remove_request_edge: Remove PD → PD authority relationship)', 'Transition(add_subset_edge: Create Resource → ResourceSpace relationship)', 'Transition(remove_subset_edge: Remove Resource → ResourceSpace relationship)']
   Starting Graph: 6 nodes, 5 edges

=== Graph Details ===
Node: PD_1 -> {'type': 'PD', 'data': 'client_1', 'extra': ''}
Node: PD_2 -> {'type': 'PD', 'data': 'client_2', 'extra': ''}
Node: PD_3 -> {'type': 'PD', 'data': 'mediator_1', 'extra': ''}
Node: PD_4 -> {'type': 'PD', 'data': 'mediator_2', 'extra': ''}
Node: FILE_SPACE_1 -> {'type': 'RESOURCE_SPACE', 'data': 'FILE', 'extra': ''}
Node: FILE_1_1 -> {'type': 'RESOURCE', 'data': 'FILE', 'extra': '{"path": "/shared/config.dat", "file_type": "CONFIG", "size_bytes": "4096", "permissions": "rw-"}'}

=== Ready for IsoSearch! ===

=== Exploring Reduce Isolation ===
Starting exploration with 1 goals, 5 constraints, 12 transitions

📊 Initial graph:
        # Graph structure:
        # PD_1 --REQUEST--> PD_3
        # PD_2 --REQUEST--> PD_4
        # PD_3 --HOLD--> FILE_1_1 -> FILE_SPACE_1
        # PD_4 --HOLD--> FILE_1_1 -> FILE_SPACE_1
        #
        # FILE_1_1 shared by: PD_3, PD_4

Iteration 1/10
  Computing metrics...
    RSI: {'PD_1,PD_2': 0.0, 'PD_1,PD_3': 0.0, 'PD_1,PD_4': 0.0, 'PD_2,PD_3': 0.0, 'PD_2,PD_4': 0.0, 'PD_3,PD_4': 1.0}, ASR: 1.0, TCB: {'PD_1': ['PD_3'], 'PD_2': ['PD_4'], 'PD_3': ['PD_4'], 'PD_4': ['PD_3']}, FR: {'PD_1,PD_2': inf, 'PD_1,PD_3': inf, 'PD_1,PD_4': inf, 'PD_2,PD_3': inf, 'PD_2,PD_4': inf, 'PD_3,PD_4': inf}
  Computing metrics...
    RSI: {'PD_1,PD_2': 0.0, 'PD_1,PD_3': 0.0, 'PD_1,PD_4': 0.0, 'PD_1,PD_5': 0.0, 'PD_2,PD_3': 0.0, 'PD_2,PD_4': 0.0, 'PD_2,PD_5': 0.0, 'PD_3,PD_4': 1.0, 'PD_3,PD_5': 0.0, 'PD_4,PD_5': 0.0}, ASR: 0.8, TCB: {'PD_1': ['PD_3'], 'PD_2': ['PD_4'], 'PD_3': ['PD_4'], 'PD_4': ['PD_3'], 'PD_5': []}, FR: {'PD_1,PD_2': inf, 'PD_1,PD_3': inf, 'PD_1,PD_4': inf, 'PD_1,PD_5': inf, 'PD_2,PD_3': inf, 'PD_2,PD_4': inf, 'PD_2,PD_5': inf, 'PD_3,PD_4': inf, 'PD_3,PD_5': inf, 'PD_4,PD_5': inf}
  Computing metrics...
    RSI: {'PD_1,PD_2': 0.0, 'PD_1,PD_3': 0.0, 'PD_1,PD_4': 0.0, 'PD_2,PD_3': 0.0, 'PD_2,PD_4': 0.0, 'PD_3,PD_4': 1.0}, ASR: 1.0, TCB: {'PD_1': ['PD_3'], 'PD_2': ['PD_4'], 'PD_3': ['PD_4'], 'PD_4': ['PD_3']}, FR: {'PD_1,PD_2': inf, 'PD_1,PD_3': inf, 'PD_1,PD_4': inf, 'PD_2,PD_3': inf, 'PD_2,PD_4': inf, 'PD_3,PD_4': inf}
  Computing metrics...
    RSI: {'PD_1,PD_2': 0.0, 'PD_1,PD_3': 0.0, 'PD_1,PD_4': 0.0, 'PD_2,PD_3': 0.0, 'PD_2,PD_4': 0.0, 'PD_3,PD_4': 1.0}, ASR: 1.0, TCB: {'PD_1': ['PD_3'], 'PD_2': ['PD_4'], 'PD_3': ['PD_4'], 'PD_4': ['PD_3']}, FR: {'PD_1,PD_2': inf, 'PD_1,PD_3': inf, 'PD_1,PD_4': inf, 'PD_2,PD_3': inf, 'PD_2,PD_4': inf, 'PD_3,PD_4': inf}
  Computing metrics...
    RSI: {'PD_1,PD_2': 0.0, 'PD_1,PD_3': 0.0, 'PD_1,PD_4': 0.0, 'PD_2,PD_3': 0.0, 'PD_2,PD_4': 0.0, 'PD_3,PD_4': 1.0}, ASR: 1.0, TCB: {'PD_1': ['PD_3'], 'PD_2': ['PD_4'], 'PD_3': ['PD_4'], 'PD_4': ['PD_3']}, FR: {'PD_1,PD_2': inf, 'PD_1,PD_3': inf, 'PD_1,PD_4': inf, 'PD_2,PD_3': inf, 'PD_2,PD_4': inf, 'PD_3,PD_4': inf}
  Computing metrics...
    RSI: {'PD_1,PD_2': 0.0, 'PD_1,PD_3': 0.0, 'PD_1,PD_4': 0.0, 'PD_2,PD_3': 0.0, 'PD_2,PD_4': 0.0, 'PD_3,PD_4': 1.0}, ASR: 1.0, TCB: {'PD_1': ['PD_3'], 'PD_2': ['PD_4'], 'PD_3': ['PD_4'], 'PD_4': ['PD_3']}, FR: {'PD_1,PD_2': inf, 'PD_1,PD_3': inf, 'PD_1,PD_4': inf, 'PD_2,PD_3': inf, 'PD_2,PD_4': inf, 'PD_3,PD_4': inf}
  Computing metrics...
    RSI: {'PD_1,PD_2': 0.0, 'PD_1,PD_3': 0.0, 'PD_1,PD_4': 0.0, 'PD_2,PD_3': 0.0, 'PD_2,PD_4': 0.0, 'PD_3,PD_4': 1.0}, ASR: 1.0, TCB: {'PD_1': ['PD_3'], 'PD_2': ['PD_4'], 'PD_3': ['PD_4'], 'PD_4': ['PD_3']}, FR: {'PD_1,PD_2': inf, 'PD_1,PD_3': inf, 'PD_1,PD_4': inf, 'PD_2,PD_3': inf, 'PD_2,PD_4': inf, 'PD_3,PD_4': inf}
  Computing metrics...
    RSI: {'PD_1,PD_2': 0.0, 'PD_1,PD_3': 0.0, 'PD_1,PD_4': 0.0, 'PD_2,PD_3': 0.0, 'PD_2,PD_4': 0.0, 'PD_3,PD_4': 1.0}, ASR: 1.0, TCB: {'PD_1': ['PD_3'], 'PD_2': ['PD_4'], 'PD_3': ['PD_4'], 'PD_4': ['PD_3']}, FR: {'PD_1,PD_2': inf, 'PD_1,PD_3': inf, 'PD_1,PD_4': inf, 'PD_2,PD_3': inf, 'PD_2,PD_4': inf, 'PD_3,PD_4': inf}
  Computing metrics...
    RSI: {'PD_1,PD_2': 0.0, 'PD_1,PD_3': 0.0, 'PD_1,PD_4': 0.0, 'PD_2,PD_3': 0.0, 'PD_2,PD_4': 0.0, 'PD_3,PD_4': 1.0}, ASR: 1.0, TCB: {'PD_1': ['PD_3'], 'PD_2': ['PD_4'], 'PD_3': ['PD_4'], 'PD_4': ['PD_3']}, FR: {'PD_1,PD_2': inf, 'PD_1,PD_3': inf, 'PD_1,PD_4': inf, 'PD_2,PD_3': inf, 'PD_2,PD_4': inf, 'PD_3,PD_4': inf}
  Computing metrics...
    RSI: {'PD_1,PD_2': 0.0, 'PD_1,PD_3': 0.0, 'PD_1,PD_4': 0.0, 'PD_2,PD_3': 0.0, 'PD_2,PD_4': 0.0, 'PD_3,PD_4': 1.0}, ASR: 1.0, TCB: {'PD_1': ['PD_3'], 'PD_2': ['PD_4'], 'PD_3': ['PD_4'], 'PD_4': ['PD_3']}, FR: {'PD_1,PD_2': inf, 'PD_1,PD_3': inf, 'PD_1,PD_4': inf, 'PD_2,PD_3': inf, 'PD_2,PD_4': inf, 'PD_3,PD_4': inf}
  Computing metrics...
    RSI: {'PD_1,PD_2': 0.0, 'PD_1,PD_3': 0.0, 'PD_1,PD_4': 0.0, 'PD_2,PD_3': 0.0, 'PD_2,PD_4': 0.0, 'PD_3,PD_4': 1.0}, ASR: 1.0, TCB: {'PD_1': ['PD_3'], 'PD_2': ['PD_4'], 'PD_3': ['PD_4'], 'PD_4': ['PD_3']}, FR: {'PD_1,PD_2': inf, 'PD_1,PD_3': inf, 'PD_1,PD_4': inf, 'PD_2,PD_3': inf, 'PD_2,PD_4': inf, 'PD_3,PD_4': inf}
  Computing metrics...
    RSI: {'PD_1,PD_2': 0.0, 'PD_1,PD_3': 0.0, 'PD_1,PD_4': 0.0, 'PD_2,PD_3': 0.0, 'PD_2,PD_4': 0.0, 'PD_3,PD_4': 1.0}, ASR: 1.0, TCB: {'PD_1': ['PD_3'], 'PD_2': ['PD_4'], 'PD_3': ['PD_4'], 'PD_4': ['PD_3']}, FR: {'PD_1,PD_2': inf, 'PD_1,PD_3': inf, 'PD_1,PD_4': inf, 'PD_2,PD_3': inf, 'PD_2,PD_4': inf, 'PD_3,PD_4': inf}
  Computing metrics...
    RSI: {'PD_1,PD_2': 0.0, 'PD_1,PD_3': 0.0, 'PD_1,PD_4': 0.0, 'PD_2,PD_3': 0.0, 'PD_2,PD_4': 0.0, 'PD_3,PD_4': 1.0}, ASR: 1.0, TCB: {'PD_1': ['PD_3'], 'PD_2': ['PD_4'], 'PD_3': ['PD_4'], 'PD_4': ['PD_3']}, FR: {'PD_1,PD_2': inf, 'PD_1,PD_3': inf, 'PD_1,PD_4': inf, 'PD_2,PD_3': inf, 'PD_2,PD_4': inf, 'PD_3,PD_4': inf}
  Computing metrics...
    RSI: {'PD_1,PD_2': 0.0, 'PD_1,PD_3': 0.0, 'PD_1,PD_4': 0.0, 'PD_2,PD_3': 0.0, 'PD_2,PD_4': 0.0, 'PD_3,PD_4': 1.0}, ASR: 1.0, TCB: {'PD_1': ['PD_3'], 'PD_2': ['PD_4'], 'PD_3': ['PD_4'], 'PD_4': ['PD_3']}, FR: {'PD_1,PD_2': inf, 'PD_1,PD_3': inf, 'PD_1,PD_4': inf, 'PD_2,PD_3': inf, 'PD_2,PD_4': inf, 'PD_3,PD_4': inf}
  Computing metrics...
    RSI: {'PD_1,PD_2': 0.0, 'PD_1,PD_3': 0.0, 'PD_1,PD_4': 0.0, 'PD_2,PD_3': 0.0, 'PD_2,PD_4': 0.0, 'PD_3,PD_4': 1.0}, ASR: 1.0, TCB: {'PD_1': ['PD_3'], 'PD_2': ['PD_4'], 'PD_3': ['PD_4'], 'PD_4': ['PD_3']}, FR: {'PD_1,PD_2': inf, 'PD_1,PD_3': inf, 'PD_1,PD_4': inf, 'PD_2,PD_3': inf, 'PD_2,PD_4': inf, 'PD_3,PD_4': inf}
  Computing metrics...
    RSI: {'PD_1,PD_2': 0.0, 'PD_1,PD_3': 0.0, 'PD_1,PD_4': 0.0, 'PD_2,PD_3': 0.0, 'PD_2,PD_4': 0.0, 'PD_3,PD_4': 1.0}, ASR: 1.0, TCB: {'PD_1': ['PD_3'], 'PD_2': ['PD_4'], 'PD_3': ['PD_4'], 'PD_4': ['PD_3']}, FR: {'PD_1,PD_2': inf, 'PD_1,PD_3': inf, 'PD_1,PD_4': inf, 'PD_2,PD_3': inf, 'PD_2,PD_4': inf, 'PD_3,PD_4': inf}
  Computing metrics...
    RSI: {'PD_1,PD_2': 0.0, 'PD_1,PD_3': 0.0, 'PD_1,PD_4': 0.0, 'PD_2,PD_3': 0.0, 'PD_2,PD_4': 0.0, 'PD_3,PD_4': 1.0}, ASR: 1.0, TCB: {'PD_1': ['PD_3'], 'PD_2': ['PD_4'], 'PD_3': ['PD_4'], 'PD_4': ['PD_3']}, FR: {'PD_1,PD_2': inf, 'PD_1,PD_3': inf, 'PD_1,PD_4': inf, 'PD_2,PD_3': inf, 'PD_2,PD_4': inf, 'PD_3,PD_4': inf}
  Computing metrics...
    RSI: {'PD_1,PD_2': 0.0, 'PD_1,PD_3': 1.0, 'PD_1,PD_4': 1.0, 'PD_2,PD_3': 0.0, 'PD_2,PD_4': 0.0, 'PD_3,PD_4': 1.0}, ASR: 1.25, TCB: {'PD_1': ['PD_3', 'PD_4'], 'PD_2': ['PD_4'], 'PD_3': ['PD_1', 'PD_4'], 'PD_4': ['PD_1', 'PD_3']}, FR: {'PD_1,PD_2': inf, 'PD_1,PD_3': inf, 'PD_1,PD_4': inf, 'PD_2,PD_3': inf, 'PD_2,PD_4': inf, 'PD_3,PD_4': inf}
  Computing metrics...
    RSI: {'PD_1,PD_2': 0.0, 'PD_1,PD_3': 0.0, 'PD_1,PD_4': 0.0, 'PD_2,PD_3': 0.0, 'PD_2,PD_4': 0.0, 'PD_3,PD_4': 1.0}, ASR: 1.0, TCB: {'PD_1': ['PD_3'], 'PD_2': ['PD_4'], 'PD_3': ['PD_4'], 'PD_4': ['PD_3']}, FR: {'PD_1,PD_2': inf, 'PD_1,PD_3': inf, 'PD_1,PD_4': inf, 'PD_2,PD_3': inf, 'PD_2,PD_4': inf, 'PD_3,PD_4': inf}
  Computing metrics...
    RSI: {'PD_1,PD_2': 0.0, 'PD_1,PD_3': 0.0, 'PD_1,PD_4': 0.0, 'PD_2,PD_3': 1.0, 'PD_2,PD_4': 1.0, 'PD_3,PD_4': 1.0}, ASR: 1.25, TCB: {'PD_1': ['PD_3'], 'PD_2': ['PD_4', 'PD_3'], 'PD_3': ['PD_2', 'PD_4'], 'PD_4': ['PD_2', 'PD_3']}, FR: {'PD_1,PD_2': inf, 'PD_1,PD_3': inf, 'PD_1,PD_4': inf, 'PD_2,PD_3': inf, 'PD_2,PD_4': inf, 'PD_3,PD_4': inf}
  Computing metrics...
    RSI: {'PD_1,PD_2': 0.0, 'PD_1,PD_3': 0.0, 'PD_1,PD_4': 0.0, 'PD_2,PD_3': 0.0, 'PD_2,PD_4': 0.0, 'PD_3,PD_4': 1.0}, ASR: 1.0, TCB: {'PD_1': ['PD_3'], 'PD_2': ['PD_4'], 'PD_3': ['PD_4'], 'PD_4': ['PD_3']}, FR: {'PD_1,PD_2': inf, 'PD_1,PD_3': inf, 'PD_1,PD_4': inf, 'PD_2,PD_3': inf, 'PD_2,PD_4': inf, 'PD_3,PD_4': inf}
  Computing metrics...
    RSI: {'PD_1,PD_2': 0.0, 'PD_1,PD_3': 0.0, 'PD_1,PD_4': 0.0, 'PD_2,PD_3': 0.0, 'PD_2,PD_4': 0.0, 'PD_3,PD_4': 1.0}, ASR: 1.0, TCB: {'PD_1': ['PD_3'], 'PD_2': ['PD_4'], 'PD_3': ['PD_4'], 'PD_4': ['PD_3']}, FR: {'PD_1,PD_2': inf, 'PD_1,PD_3': inf, 'PD_1,PD_4': inf, 'PD_2,PD_3': inf, 'PD_2,PD_4': inf, 'PD_3,PD_4': inf}
    remove_hold_edge candidate: remove PD_3 -> FILE_1_1 HOLD edge -> score: 0.100
  Computing metrics...
    RSI: {'PD_1,PD_2': 0.0, 'PD_1,PD_3': 0.0, 'PD_1,PD_4': 0.0, 'PD_2,PD_3': 0.0, 'PD_2,PD_4': 0.0, 'PD_3,PD_4': 1.0}, ASR: 1.0, TCB: {'PD_1': ['PD_3'], 'PD_2': ['PD_4'], 'PD_3': ['PD_4'], 'PD_4': ['PD_3']}, FR: {'PD_1,PD_2': inf, 'PD_1,PD_3': inf, 'PD_1,PD_4': inf, 'PD_2,PD_3': inf, 'PD_2,PD_4': inf, 'PD_3,PD_4': inf}
  Computing metrics...
    RSI: {'PD_1,PD_2': 0.0, 'PD_1,PD_3': 0.0, 'PD_1,PD_4': 0.0, 'PD_2,PD_3': 0.0, 'PD_2,PD_4': 0.0, 'PD_3,PD_4': 1.0}, ASR: 1.0, TCB: {'PD_1': ['PD_3'], 'PD_2': ['PD_4'], 'PD_3': ['PD_4'], 'PD_4': ['PD_3']}, FR: {'PD_1,PD_2': inf, 'PD_1,PD_3': inf, 'PD_1,PD_4': inf, 'PD_2,PD_3': inf, 'PD_2,PD_4': inf, 'PD_3,PD_4': inf}
    remove_hold_edge candidate: remove PD_4 -> FILE_1_1 HOLD edge -> score: 0.100
  Computing metrics...
    RSI: {'PD_1,PD_2': 0.0, 'PD_1,PD_3': 0.0, 'PD_1,PD_4': 0.0, 'PD_2,PD_3': 0.0, 'PD_2,PD_4': 0.0, 'PD_3,PD_4': 1.0}, ASR: 1.0, TCB: {'PD_1': ['PD_3'], 'PD_2': ['PD_4'], 'PD_3': ['PD_4'], 'PD_4': ['PD_3']}, FR: {'PD_1,PD_2': inf, 'PD_1,PD_3': inf, 'PD_1,PD_4': inf, 'PD_2,PD_3': inf, 'PD_2,PD_4': inf, 'PD_3,PD_4': inf}
  Computing metrics...
    RSI: {'PD_1,PD_2': 0.0, 'PD_1,PD_3': 0.0, 'PD_1,PD_4': 0.0, 'PD_2,PD_3': 0.0, 'PD_2,PD_4': 0.0, 'PD_3,PD_4': 1.0}, ASR: 1.25, TCB: {'PD_1': ['PD_3', 'PD_2'], 'PD_2': ['PD_4'], 'PD_3': ['PD_4'], 'PD_4': ['PD_3']}, FR: {'PD_1,PD_2': 3, 'PD_1,PD_3': inf, 'PD_1,PD_4': inf, 'PD_2,PD_3': inf, 'PD_2,PD_4': inf, 'PD_3,PD_4': inf}
  Computing metrics...
    RSI: {'PD_1,PD_2': 0.0, 'PD_1,PD_3': 0.0, 'PD_1,PD_4': 0.0, 'PD_2,PD_3': 0.0, 'PD_2,PD_4': 0.0, 'PD_3,PD_4': 1.0}, ASR: 1.0, TCB: {'PD_1': ['PD_3'], 'PD_2': ['PD_4'], 'PD_3': ['PD_4'], 'PD_4': ['PD_3']}, FR: {'PD_1,PD_2': inf, 'PD_1,PD_3': inf, 'PD_1,PD_4': inf, 'PD_2,PD_3': inf, 'PD_2,PD_4': inf, 'PD_3,PD_4': inf}
  Computing metrics...
    RSI: {'PD_1,PD_2': 0.0, 'PD_1,PD_3': 0.0, 'PD_1,PD_4': 0.0, 'PD_2,PD_3': 0.0, 'PD_2,PD_4': 0.0, 'PD_3,PD_4': 1.0}, ASR: 1.25, TCB: {'PD_1': ['PD_3', 'PD_4'], 'PD_2': ['PD_4'], 'PD_3': ['PD_4'], 'PD_4': ['PD_3']}, FR: {'PD_1,PD_2': 2, 'PD_1,PD_3': inf, 'PD_1,PD_4': inf, 'PD_2,PD_3': inf, 'PD_2,PD_4': inf, 'PD_3,PD_4': inf}
  Computing metrics...
    RSI: {'PD_1,PD_2': 0.0, 'PD_1,PD_3': 0.0, 'PD_1,PD_4': 0.0, 'PD_2,PD_3': 0.0, 'PD_2,PD_4': 0.0, 'PD_3,PD_4': 1.0}, ASR: 1.0, TCB: {'PD_1': ['PD_3'], 'PD_2': ['PD_4'], 'PD_3': ['PD_4'], 'PD_4': ['PD_3']}, FR: {'PD_1,PD_2': inf, 'PD_1,PD_3': inf, 'PD_1,PD_4': inf, 'PD_2,PD_3': inf, 'PD_2,PD_4': inf, 'PD_3,PD_4': inf}
  Computing metrics...
    RSI: {'PD_1,PD_2': 0.0, 'PD_1,PD_3': 0.0, 'PD_1,PD_4': 0.0, 'PD_2,PD_3': 0.0, 'PD_2,PD_4': 0.0, 'PD_3,PD_4': 1.0}, ASR: 1.25, TCB: {'PD_1': ['PD_3'], 'PD_2': ['PD_4', 'PD_1'], 'PD_3': ['PD_4'], 'PD_4': ['PD_3']}, FR: {'PD_1,PD_2': 3, 'PD_1,PD_3': inf, 'PD_1,PD_4': inf, 'PD_2,PD_3': inf, 'PD_2,PD_4': inf, 'PD_3,PD_4': inf}
  Computing metrics...
    RSI: {'PD_1,PD_2': 0.0, 'PD_1,PD_3': 0.0, 'PD_1,PD_4': 0.0, 'PD_2,PD_3': 0.0, 'PD_2,PD_4': 0.0, 'PD_3,PD_4': 1.0}, ASR: 1.0, TCB: {'PD_1': ['PD_3'], 'PD_2': ['PD_4'], 'PD_3': ['PD_4'], 'PD_4': ['PD_3']}, FR: {'PD_1,PD_2': inf, 'PD_1,PD_3': inf, 'PD_1,PD_4': inf, 'PD_2,PD_3': inf, 'PD_2,PD_4': inf, 'PD_3,PD_4': inf}
  Computing metrics...
    RSI: {'PD_1,PD_2': 0.0, 'PD_1,PD_3': 0.0, 'PD_1,PD_4': 0.0, 'PD_2,PD_3': 0.0, 'PD_2,PD_4': 0.0, 'PD_3,PD_4': 1.0}, ASR: 1.25, TCB: {'PD_1': ['PD_3'], 'PD_2': ['PD_4', 'PD_3'], 'PD_3': ['PD_4'], 'PD_4': ['PD_3']}, FR: {'PD_1,PD_2': 2, 'PD_1,PD_3': inf, 'PD_1,PD_4': inf, 'PD_2,PD_3': inf, 'PD_2,PD_4': inf, 'PD_3,PD_4': inf}
  Computing metrics...
    RSI: {'PD_1,PD_2': 0.0, 'PD_1,PD_3': 0.0, 'PD_1,PD_4': 0.0, 'PD_2,PD_3': 0.0, 'PD_2,PD_4': 0.0, 'PD_3,PD_4': 1.0}, ASR: 1.0, TCB: {'PD_1': ['PD_3'], 'PD_2': ['PD_4'], 'PD_3': ['PD_4'], 'PD_4': ['PD_3']}, FR: {'PD_1,PD_2': inf, 'PD_1,PD_3': inf, 'PD_1,PD_4': inf, 'PD_2,PD_3': inf, 'PD_2,PD_4': inf, 'PD_3,PD_4': inf}
  Computing metrics...
    RSI: {'PD_1,PD_2': 0.0, 'PD_1,PD_3': 0.0, 'PD_1,PD_4': 0.0, 'PD_2,PD_3': 0.0, 'PD_2,PD_4': 0.0, 'PD_3,PD_4': 1.0}, ASR: 1.25, TCB: {'PD_1': ['PD_3'], 'PD_2': ['PD_4'], 'PD_3': ['PD_1', 'PD_4'], 'PD_4': ['PD_3']}, FR: {'PD_1,PD_2': inf, 'PD_1,PD_3': inf, 'PD_1,PD_4': inf, 'PD_2,PD_3': inf, 'PD_2,PD_4': inf, 'PD_3,PD_4': inf}
  Computing metrics...
    RSI: {'PD_1,PD_2': 0.0, 'PD_1,PD_3': 0.0, 'PD_1,PD_4': 0.0, 'PD_2,PD_3': 0.0, 'PD_2,PD_4': 0.0, 'PD_3,PD_4': 1.0}, ASR: 1.0, TCB: {'PD_1': ['PD_3'], 'PD_2': ['PD_4'], 'PD_3': ['PD_4'], 'PD_4': ['PD_3']}, FR: {'PD_1,PD_2': inf, 'PD_1,PD_3': inf, 'PD_1,PD_4': inf, 'PD_2,PD_3': inf, 'PD_2,PD_4': inf, 'PD_3,PD_4': inf}
  Computing metrics...
    RSI: {'PD_1,PD_2': 0.0, 'PD_1,PD_3': 0.0, 'PD_1,PD_4': 0.0, 'PD_2,PD_3': 0.0, 'PD_2,PD_4': 0.0, 'PD_3,PD_4': 1.0}, ASR: 1.25, TCB: {'PD_1': ['PD_3'], 'PD_2': ['PD_4'], 'PD_3': ['PD_2', 'PD_4'], 'PD_4': ['PD_3']}, FR: {'PD_1,PD_2': 4, 'PD_1,PD_3': 3, 'PD_1,PD_4': inf, 'PD_2,PD_3': 3, 'PD_2,PD_4': inf, 'PD_3,PD_4': inf}
  Computing metrics...
    RSI: {'PD_1,PD_2': 0.0, 'PD_1,PD_3': 0.0, 'PD_1,PD_4': 0.0, 'PD_2,PD_3': 0.0, 'PD_2,PD_4': 0.0, 'PD_3,PD_4': 1.0}, ASR: 1.0, TCB: {'PD_1': ['PD_3'], 'PD_2': ['PD_4'], 'PD_3': ['PD_4'], 'PD_4': ['PD_3']}, FR: {'PD_1,PD_2': inf, 'PD_1,PD_3': inf, 'PD_1,PD_4': inf, 'PD_2,PD_3': inf, 'PD_2,PD_4': inf, 'PD_3,PD_4': inf}
  Computing metrics...
    RSI: {'PD_1,PD_2': 0.0, 'PD_1,PD_3': 0.0, 'PD_1,PD_4': 0.0, 'PD_2,PD_3': 0.0, 'PD_2,PD_4': 0.0, 'PD_3,PD_4': 1.0}, ASR: 1.25, TCB: {'PD_1': ['PD_3'], 'PD_2': ['PD_4'], 'PD_3': ['PD_4'], 'PD_4': ['PD_3']}, FR: {'PD_1,PD_2': 3, 'PD_1,PD_3': 3, 'PD_1,PD_4': inf, 'PD_2,PD_3': 2, 'PD_2,PD_4': inf, 'PD_3,PD_4': inf}
  Computing metrics...
    RSI: {'PD_1,PD_2': 0.0, 'PD_1,PD_3': 0.0, 'PD_1,PD_4': 0.0, 'PD_2,PD_3': 0.0, 'PD_2,PD_4': 0.0, 'PD_3,PD_4': 1.0}, ASR: 1.0, TCB: {'PD_1': ['PD_3'], 'PD_2': ['PD_4'], 'PD_3': ['PD_4'], 'PD_4': ['PD_3']}, FR: {'PD_1,PD_2': inf, 'PD_1,PD_3': inf, 'PD_1,PD_4': inf, 'PD_2,PD_3': inf, 'PD_2,PD_4': inf, 'PD_3,PD_4': inf}
  Computing metrics...
    RSI: {'PD_1,PD_2': 0.0, 'PD_1,PD_3': 0.0, 'PD_1,PD_4': 0.0, 'PD_2,PD_3': 0.0, 'PD_2,PD_4': 0.0, 'PD_3,PD_4': 1.0}, ASR: 1.25, TCB: {'PD_1': ['PD_3'], 'PD_2': ['PD_4'], 'PD_3': ['PD_4'], 'PD_4': ['PD_1', 'PD_3']}, FR: {'PD_1,PD_2': 4, 'PD_1,PD_3': inf, 'PD_1,PD_4': 3, 'PD_2,PD_3': inf, 'PD_2,PD_4': 3, 'PD_3,PD_4': inf}
  Computing metrics...
    RSI: {'PD_1,PD_2': 0.0, 'PD_1,PD_3': 0.0, 'PD_1,PD_4': 0.0, 'PD_2,PD_3': 0.0, 'PD_2,PD_4': 0.0, 'PD_3,PD_4': 1.0}, ASR: 1.0, TCB: {'PD_1': ['PD_3'], 'PD_2': ['PD_4'], 'PD_3': ['PD_4'], 'PD_4': ['PD_3']}, FR: {'PD_1,PD_2': inf, 'PD_1,PD_3': inf, 'PD_1,PD_4': inf, 'PD_2,PD_3': inf, 'PD_2,PD_4': inf, 'PD_3,PD_4': inf}
  Computing metrics...
    RSI: {'PD_1,PD_2': 0.0, 'PD_1,PD_3': 0.0, 'PD_1,PD_4': 0.0, 'PD_2,PD_3': 0.0, 'PD_2,PD_4': 0.0, 'PD_3,PD_4': 1.0}, ASR: 1.25, TCB: {'PD_1': ['PD_3'], 'PD_2': ['PD_4'], 'PD_3': ['PD_4'], 'PD_4': ['PD_2', 'PD_3']}, FR: {'PD_1,PD_2': inf, 'PD_1,PD_3': inf, 'PD_1,PD_4': inf, 'PD_2,PD_3': inf, 'PD_2,PD_4': inf, 'PD_3,PD_4': inf}
  Computing metrics...
    RSI: {'PD_1,PD_2': 0.0, 'PD_1,PD_3': 0.0, 'PD_1,PD_4': 0.0, 'PD_2,PD_3': 0.0, 'PD_2,PD_4': 0.0, 'PD_3,PD_4': 1.0}, ASR: 1.0, TCB: {'PD_1': ['PD_3'], 'PD_2': ['PD_4'], 'PD_3': ['PD_4'], 'PD_4': ['PD_3']}, FR: {'PD_1,PD_2': inf, 'PD_1,PD_3': inf, 'PD_1,PD_4': inf, 'PD_2,PD_3': inf, 'PD_2,PD_4': inf, 'PD_3,PD_4': inf}
  Computing metrics...
    RSI: {'PD_1,PD_2': 0.0, 'PD_1,PD_3': 0.0, 'PD_1,PD_4': 0.0, 'PD_2,PD_3': 0.0, 'PD_2,PD_4': 0.0, 'PD_3,PD_4': 1.0}, ASR: 1.25, TCB: {'PD_1': ['PD_3'], 'PD_2': ['PD_4'], 'PD_3': ['PD_4'], 'PD_4': ['PD_3']}, FR: {'PD_1,PD_2': 3, 'PD_1,PD_3': inf, 'PD_1,PD_4': 2, 'PD_2,PD_3': inf, 'PD_2,PD_4': 3, 'PD_3,PD_4': inf}
  Computing metrics...
    RSI: {'PD_1,PD_2': 0.0, 'PD_1,PD_3': 0.0, 'PD_1,PD_4': 0.0, 'PD_2,PD_3': 0.0, 'PD_2,PD_4': 0.0, 'PD_3,PD_4': 1.0}, ASR: 1.0, TCB: {'PD_1': ['PD_3'], 'PD_2': ['PD_4'], 'PD_3': ['PD_4'], 'PD_4': ['PD_3']}, FR: {'PD_1,PD_2': inf, 'PD_1,PD_3': inf, 'PD_1,PD_4': inf, 'PD_2,PD_3': inf, 'PD_2,PD_4': inf, 'PD_3,PD_4': inf}
  Computing metrics...
    RSI: {'PD_1,PD_2': 0.0, 'PD_1,PD_3': 0.0, 'PD_1,PD_4': 0.0, 'PD_2,PD_3': 0.0, 'PD_2,PD_4': 0.0, 'PD_3,PD_4': 1.0}, ASR: 1.0, TCB: {'PD_1': ['PD_3'], 'PD_2': ['PD_4'], 'PD_3': ['PD_4'], 'PD_4': ['PD_3']}, FR: {'PD_1,PD_2': inf, 'PD_1,PD_3': inf, 'PD_1,PD_4': inf, 'PD_2,PD_3': inf, 'PD_2,PD_4': inf, 'PD_3,PD_4': inf}
  Computing metrics...
    RSI: {'PD_1,PD_2': 0.0, 'PD_1,PD_3': 0.0, 'PD_1,PD_4': 0.0, 'PD_2,PD_3': 0.0, 'PD_2,PD_4': 0.0, 'PD_3,PD_4': 1.0}, ASR: 1.0, TCB: {'PD_1': ['PD_3'], 'PD_2': ['PD_4'], 'PD_3': ['PD_4'], 'PD_4': ['PD_3']}, FR: {'PD_1,PD_2': inf, 'PD_1,PD_3': inf, 'PD_1,PD_4': inf, 'PD_2,PD_3': inf, 'PD_2,PD_4': inf, 'PD_3,PD_4': inf}
  Computing metrics...
    RSI: {'PD_1,PD_2': 0.0, 'PD_1,PD_3': 0.0, 'PD_1,PD_4': 0.0, 'PD_2,PD_3': 0.0, 'PD_2,PD_4': 0.0, 'PD_3,PD_4': 1.0}, ASR: 1.0, TCB: {'PD_1': ['PD_3'], 'PD_2': ['PD_4'], 'PD_3': ['PD_4'], 'PD_4': ['PD_3']}, FR: {'PD_1,PD_2': inf, 'PD_1,PD_3': inf, 'PD_1,PD_4': inf, 'PD_2,PD_3': inf, 'PD_2,PD_4': inf, 'PD_3,PD_4': inf}
  Computing metrics...
    RSI: {'PD_1,PD_2': 0.0, 'PD_1,PD_3': 0.0, 'PD_1,PD_4': 0.0, 'PD_2,PD_3': 0.0, 'PD_2,PD_4': 0.0, 'PD_3,PD_4': 1.0}, ASR: 1.0, TCB: {'PD_1': ['PD_3'], 'PD_2': ['PD_4'], 'PD_3': ['PD_4'], 'PD_4': ['PD_3']}, FR: {'PD_1,PD_2': inf, 'PD_1,PD_3': inf, 'PD_1,PD_4': inf, 'PD_2,PD_3': inf, 'PD_2,PD_4': inf, 'PD_3,PD_4': inf}
  Computing metrics...
    RSI: {'PD_1,PD_2': 0.0, 'PD_1,PD_3': 0.0, 'PD_1,PD_4': 0.0, 'PD_2,PD_3': 0.0, 'PD_2,PD_4': 0.0, 'PD_3,PD_4': 1.0}, ASR: 1.0, TCB: {'PD_1': ['PD_3'], 'PD_2': ['PD_4'], 'PD_3': ['PD_4'], 'PD_4': ['PD_3']}, FR: {'PD_1,PD_2': inf, 'PD_1,PD_3': inf, 'PD_1,PD_4': inf, 'PD_2,PD_3': inf, 'PD_2,PD_4': inf, 'PD_3,PD_4': inf}
  Trying best transition: primitive
    Target: add new protection domain to help resolve 2 constraint violation(s)
    Predicted improvement: 0.100
    Considered 24 other option(s):
      1. primitive: remove empty PD_1 (improvement: 0.100)
      2. primitive: remove empty PD_2 (improvement: 0.100)
      3. primitive: create new CONFIG file in FILE_SPACE_1 (improvement: 0.100)
      4. primitive: create new DATABASE file in FILE_SPACE_1 (improvement: 0.100)
      5. primitive: create new TEMP file in FILE_SPACE_1 (improvement: 0.100)
      6. primitive: create new LOG file in FILE_SPACE_1 (improvement: 0.100)
      7. primitive: remove FILE_1_1 (holders: 2) (improvement: 0.100)
      8. primitive: connect PD_1 to FILE_1_1 (improvement: 0.100)
      9. primitive: connect PD_2 to FILE_1_1 (improvement: 0.100)
      10. primitive: remove PD_3 -> FILE_1_1 HOLD edge (improvement: 0.100)
      ... and 14 more
    ✅ Applied add_pd
  Computing metrics...
    RSI: {'PD_1,PD_2': 0.0, 'PD_1,PD_3': 0.0, 'PD_1,PD_4': 0.0, 'PD_1,PD_5': 0.0, 'PD_2,PD_3': 0.0, 'PD_2,PD_4': 0.0, 'PD_2,PD_5': 0.0, 'PD_3,PD_4': 1.0, 'PD_3,PD_5': 0.0, 'PD_4,PD_5': 0.0}, ASR: 0.8, TCB: {'PD_1': ['PD_3'], 'PD_2': ['PD_4'], 'PD_3': ['PD_4'], 'PD_4': ['PD_3'], 'PD_5': []}, FR: {'PD_1,PD_2': inf, 'PD_1,PD_3': inf, 'PD_1,PD_4': inf, 'PD_1,PD_5': inf, 'PD_2,PD_3': inf, 'PD_2,PD_4': inf, 'PD_2,PD_5': inf, 'PD_3,PD_4': inf, 'PD_3,PD_5': inf, 'PD_4,PD_5': inf}
    Goal not met: RSI[PD_1,PD_2]=0.000 < 0.8
    Goals not yet satisfied, continuing exploration
  ✅ Mechanism saved! Total mechanisms found: 1

📊 Graph after iteration 1:
        # Graph structure:
        # PD_1 --REQUEST--> PD_3
        # PD_2 --REQUEST--> PD_4
        # PD_3 --HOLD--> FILE_1_1 -> FILE_SPACE_1
        # PD_4 --HOLD--> FILE_1_1 -> FILE_SPACE_1
        # PD_5
        #
        # FILE_1_1 shared by: PD_3, PD_4


Iteration 2/10
  Computing metrics...
    RSI: {'PD_1,PD_2': 0.0, 'PD_1,PD_3': 0.0, 'PD_1,PD_4': 0.0, 'PD_1,PD_5': 0.0, 'PD_2,PD_3': 0.0, 'PD_2,PD_4': 0.0, 'PD_2,PD_5': 0.0, 'PD_3,PD_4': 1.0, 'PD_3,PD_5': 0.0, 'PD_4,PD_5': 0.0}, ASR: 0.8, TCB: {'PD_1': ['PD_3'], 'PD_2': ['PD_4'], 'PD_3': ['PD_4'], 'PD_4': ['PD_3'], 'PD_5': []}, FR: {'PD_1,PD_2': inf, 'PD_1,PD_3': inf, 'PD_1,PD_4': inf, 'PD_1,PD_5': inf, 'PD_2,PD_3': inf, 'PD_2,PD_4': inf, 'PD_2,PD_5': inf, 'PD_3,PD_4': inf, 'PD_3,PD_5': inf, 'PD_4,PD_5': inf}
  Computing metrics...
    RSI: {'PD_1,PD_2': 0.0, 'PD_1,PD_3': 0.0, 'PD_1,PD_4': 0.0, 'PD_1,PD_5': 0.0, 'PD_1,PD_6': 0.0, 'PD_2,PD_3': 0.0, 'PD_2,PD_4': 0.0, 'PD_2,PD_5': 0.0, 'PD_2,PD_6': 0.0, 'PD_3,PD_4': 1.0, 'PD_3,PD_5': 0.0, 'PD_3,PD_6': 0.0, 'PD_4,PD_5': 0.0, 'PD_4,PD_6': 0.0, 'PD_5,PD_6': 0.0}, ASR: 0.6666666666666666, TCB: {'PD_1': ['PD_3'], 'PD_2': ['PD_4'], 'PD_3': ['PD_4'], 'PD_4': ['PD_3'], 'PD_5': [], 'PD_6': []}, FR: {'PD_1,PD_2': inf, 'PD_1,PD_3': inf, 'PD_1,PD_4': inf, 'PD_1,PD_5': inf, 'PD_1,PD_6': inf, 'PD_2,PD_3': inf, 'PD_2,PD_4': inf, 'PD_2,PD_5': inf, 'PD_2,PD_6': inf, 'PD_3,PD_4': inf, 'PD_3,PD_5': inf, 'PD_3,PD_6': inf, 'PD_4,PD_5': inf, 'PD_4,PD_6': inf, 'PD_5,PD_6': inf}
  Computing metrics...
    RSI: {'PD_1,PD_2': 0.0, 'PD_1,PD_3': 0.0, 'PD_1,PD_4': 0.0, 'PD_1,PD_5': 0.0, 'PD_2,PD_3': 0.0, 'PD_2,PD_4': 0.0, 'PD_2,PD_5': 0.0, 'PD_3,PD_4': 1.0, 'PD_3,PD_5': 0.0, 'PD_4,PD_5': 0.0}, ASR: 0.8, TCB: {'PD_1': ['PD_3'], 'PD_2': ['PD_4'], 'PD_3': ['PD_4'], 'PD_4': ['PD_3'], 'PD_5': []}, FR: {'PD_1,PD_2': inf, 'PD_1,PD_3': inf, 'PD_1,PD_4': inf, 'PD_1,PD_5': inf, 'PD_2,PD_3': inf, 'PD_2,PD_4': inf, 'PD_2,PD_5': inf, 'PD_3,PD_4': inf, 'PD_3,PD_5': inf, 'PD_4,PD_5': inf}
  Computing metrics...
    RSI: {'PD_1,PD_2': 0.0, 'PD_1,PD_3': 0.0, 'PD_1,PD_4': 0.0, 'PD_1,PD_5': 0.0, 'PD_2,PD_3': 0.0, 'PD_2,PD_4': 0.0, 'PD_2,PD_5': 0.0, 'PD_3,PD_4': 1.0, 'PD_3,PD_5': 0.0, 'PD_4,PD_5': 0.0}, ASR: 0.8, TCB: {'PD_1': ['PD_3'], 'PD_2': ['PD_4'], 'PD_3': ['PD_4'], 'PD_4': ['PD_3'], 'PD_5': []}, FR: {'PD_1,PD_2': inf, 'PD_1,PD_3': inf, 'PD_1,PD_4': inf, 'PD_1,PD_5': inf, 'PD_2,PD_3': inf, 'PD_2,PD_4': inf, 'PD_2,PD_5': inf, 'PD_3,PD_4': inf, 'PD_3,PD_5': inf, 'PD_4,PD_5': inf}
  Computing metrics...
    RSI: {'PD_1,PD_2': 0.0, 'PD_1,PD_3': 0.0, 'PD_1,PD_4': 0.0, 'PD_1,PD_5': 0.0, 'PD_2,PD_3': 0.0, 'PD_2,PD_4': 0.0, 'PD_2,PD_5': 0.0, 'PD_3,PD_4': 1.0, 'PD_3,PD_5': 0.0, 'PD_4,PD_5': 0.0}, ASR: 0.8, TCB: {'PD_1': ['PD_3'], 'PD_2': ['PD_4'], 'PD_3': ['PD_4'], 'PD_4': ['PD_3'], 'PD_5': []}, FR: {'PD_1,PD_2': inf, 'PD_1,PD_3': inf, 'PD_1,PD_4': inf, 'PD_1,PD_5': inf, 'PD_2,PD_3': inf, 'PD_2,PD_4': inf, 'PD_2,PD_5': inf, 'PD_3,PD_4': inf, 'PD_3,PD_5': inf, 'PD_4,PD_5': inf}
  Computing metrics...
    RSI: {'PD_1,PD_2': 0.0, 'PD_1,PD_3': 0.0, 'PD_1,PD_4': 0.0, 'PD_1,PD_5': 0.0, 'PD_2,PD_3': 0.0, 'PD_2,PD_4': 0.0, 'PD_2,PD_5': 0.0, 'PD_3,PD_4': 1.0, 'PD_3,PD_5': 0.0, 'PD_4,PD_5': 0.0}, ASR: 0.8, TCB: {'PD_1': ['PD_3'], 'PD_2': ['PD_4'], 'PD_3': ['PD_4'], 'PD_4': ['PD_3'], 'PD_5': []}, FR: {'PD_1,PD_2': inf, 'PD_1,PD_3': inf, 'PD_1,PD_4': inf, 'PD_1,PD_5': inf, 'PD_2,PD_3': inf, 'PD_2,PD_4': inf, 'PD_2,PD_5': inf, 'PD_3,PD_4': inf, 'PD_3,PD_5': inf, 'PD_4,PD_5': inf}
  Computing metrics...
    RSI: {'PD_1,PD_2': 0.0, 'PD_1,PD_3': 0.0, 'PD_1,PD_4': 0.0, 'PD_1,PD_5': 0.0, 'PD_2,PD_3': 0.0, 'PD_2,PD_4': 0.0, 'PD_2,PD_5': 0.0, 'PD_3,PD_4': 1.0, 'PD_3,PD_5': 0.0, 'PD_4,PD_5': 0.0}, ASR: 0.8, TCB: {'PD_1': ['PD_3'], 'PD_2': ['PD_4'], 'PD_3': ['PD_4'], 'PD_4': ['PD_3'], 'PD_5': []}, FR: {'PD_1,PD_2': inf, 'PD_1,PD_3': inf, 'PD_1,PD_4': inf, 'PD_1,PD_5': inf, 'PD_2,PD_3': inf, 'PD_2,PD_4': inf, 'PD_2,PD_5': inf, 'PD_3,PD_4': inf, 'PD_3,PD_5': inf, 'PD_4,PD_5': inf}
  Computing metrics...
    RSI: {'PD_1,PD_2': 0.0, 'PD_1,PD_3': 0.0, 'PD_1,PD_4': 0.0, 'PD_1,PD_5': 0.0, 'PD_2,PD_3': 0.0, 'PD_2,PD_4': 0.0, 'PD_2,PD_5': 0.0, 'PD_3,PD_4': 1.0, 'PD_3,PD_5': 0.0, 'PD_4,PD_5': 0.0}, ASR: 0.8, TCB: {'PD_1': ['PD_3'], 'PD_2': ['PD_4'], 'PD_3': ['PD_4'], 'PD_4': ['PD_3'], 'PD_5': []}, FR: {'PD_1,PD_2': inf, 'PD_1,PD_3': inf, 'PD_1,PD_4': inf, 'PD_1,PD_5': inf, 'PD_2,PD_3': inf, 'PD_2,PD_4': inf, 'PD_2,PD_5': inf, 'PD_3,PD_4': inf, 'PD_3,PD_5': inf, 'PD_4,PD_5': inf}
  Computing metrics...
    RSI: {'PD_1,PD_2': 0.0, 'PD_1,PD_3': 0.0, 'PD_1,PD_4': 0.0, 'PD_1,PD_5': 0.0, 'PD_2,PD_3': 0.0, 'PD_2,PD_4': 0.0, 'PD_2,PD_5': 0.0, 'PD_3,PD_4': 1.0, 'PD_3,PD_5': 0.0, 'PD_4,PD_5': 0.0}, ASR: 0.8, TCB: {'PD_1': ['PD_3'], 'PD_2': ['PD_4'], 'PD_3': ['PD_4'], 'PD_4': ['PD_3'], 'PD_5': []}, FR: {'PD_1,PD_2': inf, 'PD_1,PD_3': inf, 'PD_1,PD_4': inf, 'PD_1,PD_5': inf, 'PD_2,PD_3': inf, 'PD_2,PD_4': inf, 'PD_2,PD_5': inf, 'PD_3,PD_4': inf, 'PD_3,PD_5': inf, 'PD_4,PD_5': inf}
  Computing metrics...
    RSI: {'PD_1,PD_2': 0.0, 'PD_1,PD_3': 0.0, 'PD_1,PD_4': 0.0, 'PD_1,PD_5': 0.0, 'PD_2,PD_3': 0.0, 'PD_2,PD_4': 0.0, 'PD_2,PD_5': 0.0, 'PD_3,PD_4': 1.0, 'PD_3,PD_5': 0.0, 'PD_4,PD_5': 0.0}, ASR: 0.8, TCB: {'PD_1': ['PD_3'], 'PD_2': ['PD_4'], 'PD_3': ['PD_4'], 'PD_4': ['PD_3'], 'PD_5': []}, FR: {'PD_1,PD_2': inf, 'PD_1,PD_3': inf, 'PD_1,PD_4': inf, 'PD_1,PD_5': inf, 'PD_2,PD_3': inf, 'PD_2,PD_4': inf, 'PD_2,PD_5': inf, 'PD_3,PD_4': inf, 'PD_3,PD_5': inf, 'PD_4,PD_5': inf}
  Computing metrics...
    RSI: {'PD_1,PD_2': 0.0, 'PD_1,PD_3': 0.0, 'PD_1,PD_4': 0.0, 'PD_1,PD_5': 0.0, 'PD_2,PD_3': 0.0, 'PD_2,PD_4': 0.0, 'PD_2,PD_5': 0.0, 'PD_3,PD_4': 1.0, 'PD_3,PD_5': 0.0, 'PD_4,PD_5': 0.0}, ASR: 0.8, TCB: {'PD_1': ['PD_3'], 'PD_2': ['PD_4'], 'PD_3': ['PD_4'], 'PD_4': ['PD_3'], 'PD_5': []}, FR: {'PD_1,PD_2': inf, 'PD_1,PD_3': inf, 'PD_1,PD_4': inf, 'PD_1,PD_5': inf, 'PD_2,PD_3': inf, 'PD_2,PD_4': inf, 'PD_2,PD_5': inf, 'PD_3,PD_4': inf, 'PD_3,PD_5': inf, 'PD_4,PD_5': inf}
  Computing metrics...
    RSI: {'PD_1,PD_2': 0.0, 'PD_1,PD_3': 0.0, 'PD_1,PD_4': 0.0, 'PD_1,PD_5': 0.0, 'PD_2,PD_3': 0.0, 'PD_2,PD_4': 0.0, 'PD_2,PD_5': 0.0, 'PD_3,PD_4': 1.0, 'PD_3,PD_5': 0.0, 'PD_4,PD_5': 0.0}, ASR: 0.8, TCB: {'PD_1': ['PD_3'], 'PD_2': ['PD_4'], 'PD_3': ['PD_4'], 'PD_4': ['PD_3'], 'PD_5': []}, FR: {'PD_1,PD_2': inf, 'PD_1,PD_3': inf, 'PD_1,PD_4': inf, 'PD_1,PD_5': inf, 'PD_2,PD_3': inf, 'PD_2,PD_4': inf, 'PD_2,PD_5': inf, 'PD_3,PD_4': inf, 'PD_3,PD_5': inf, 'PD_4,PD_5': inf}
  Computing metrics...
    RSI: {'PD_1,PD_2': 0.0, 'PD_1,PD_3': 0.0, 'PD_1,PD_4': 0.0, 'PD_1,PD_5': 0.0, 'PD_2,PD_3': 0.0, 'PD_2,PD_4': 0.0, 'PD_2,PD_5': 0.0, 'PD_3,PD_4': 1.0, 'PD_3,PD_5': 0.0, 'PD_4,PD_5': 0.0}, ASR: 0.8, TCB: {'PD_1': ['PD_3'], 'PD_2': ['PD_4'], 'PD_3': ['PD_4'], 'PD_4': ['PD_3'], 'PD_5': []}, FR: {'PD_1,PD_2': inf, 'PD_1,PD_3': inf, 'PD_1,PD_4': inf, 'PD_1,PD_5': inf, 'PD_2,PD_3': inf, 'PD_2,PD_4': inf, 'PD_2,PD_5': inf, 'PD_3,PD_4': inf, 'PD_3,PD_5': inf, 'PD_4,PD_5': inf}
  Computing metrics...
    RSI: {'PD_1,PD_2': 0.0, 'PD_1,PD_3': 0.0, 'PD_1,PD_4': 0.0, 'PD_1,PD_5': 0.0, 'PD_2,PD_3': 0.0, 'PD_2,PD_4': 0.0, 'PD_2,PD_5': 0.0, 'PD_3,PD_4': 1.0, 'PD_3,PD_5': 0.0, 'PD_4,PD_5': 0.0}, ASR: 0.8, TCB: {'PD_1': ['PD_3'], 'PD_2': ['PD_4'], 'PD_3': ['PD_4'], 'PD_4': ['PD_3'], 'PD_5': []}, FR: {'PD_1,PD_2': inf, 'PD_1,PD_3': inf, 'PD_1,PD_4': inf, 'PD_1,PD_5': inf, 'PD_2,PD_3': inf, 'PD_2,PD_4': inf, 'PD_2,PD_5': inf, 'PD_3,PD_4': inf, 'PD_3,PD_5': inf, 'PD_4,PD_5': inf}
  Computing metrics...
    RSI: {'PD_1,PD_2': 0.0, 'PD_1,PD_3': 0.0, 'PD_1,PD_4': 0.0, 'PD_1,PD_5': 0.0, 'PD_2,PD_3': 0.0, 'PD_2,PD_4': 0.0, 'PD_2,PD_5': 0.0, 'PD_3,PD_4': 1.0, 'PD_3,PD_5': 0.0, 'PD_4,PD_5': 0.0}, ASR: 0.8, TCB: {'PD_1': ['PD_3'], 'PD_2': ['PD_4'], 'PD_3': ['PD_4'], 'PD_4': ['PD_3'], 'PD_5': []}, FR: {'PD_1,PD_2': inf, 'PD_1,PD_3': inf, 'PD_1,PD_4': inf, 'PD_1,PD_5': inf, 'PD_2,PD_3': inf, 'PD_2,PD_4': inf, 'PD_2,PD_5': inf, 'PD_3,PD_4': inf, 'PD_3,PD_5': inf, 'PD_4,PD_5': inf}
  Computing metrics...
    RSI: {'PD_1,PD_2': 0.0, 'PD_1,PD_3': 0.0, 'PD_1,PD_4': 0.0, 'PD_1,PD_5': 0.0, 'PD_2,PD_3': 0.0, 'PD_2,PD_4': 0.0, 'PD_2,PD_5': 0.0, 'PD_3,PD_4': 1.0, 'PD_3,PD_5': 0.0, 'PD_4,PD_5': 0.0}, ASR: 0.8, TCB: {'PD_1': ['PD_3'], 'PD_2': ['PD_4'], 'PD_3': ['PD_4'], 'PD_4': ['PD_3'], 'PD_5': []}, FR: {'PD_1,PD_2': inf, 'PD_1,PD_3': inf, 'PD_1,PD_4': inf, 'PD_1,PD_5': inf, 'PD_2,PD_3': inf, 'PD_2,PD_4': inf, 'PD_2,PD_5': inf, 'PD_3,PD_4': inf, 'PD_3,PD_5': inf, 'PD_4,PD_5': inf}
  Computing metrics...
    RSI: {'PD_1,PD_2': 0.0, 'PD_1,PD_3': 0.0, 'PD_1,PD_4': 0.0, 'PD_1,PD_5': 0.0, 'PD_2,PD_3': 0.0, 'PD_2,PD_4': 0.0, 'PD_2,PD_5': 0.0, 'PD_3,PD_4': 1.0, 'PD_3,PD_5': 0.0, 'PD_4,PD_5': 0.0}, ASR: 0.8, TCB: {'PD_1': ['PD_3'], 'PD_2': ['PD_4'], 'PD_3': ['PD_4'], 'PD_4': ['PD_3'], 'PD_5': []}, FR: {'PD_1,PD_2': inf, 'PD_1,PD_3': inf, 'PD_1,PD_4': inf, 'PD_1,PD_5': inf, 'PD_2,PD_3': inf, 'PD_2,PD_4': inf, 'PD_2,PD_5': inf, 'PD_3,PD_4': inf, 'PD_3,PD_5': inf, 'PD_4,PD_5': inf}
  Computing metrics...
    RSI: {'PD_1,PD_2': 0.0, 'PD_1,PD_3': 0.0, 'PD_1,PD_4': 0.0, 'PD_1,PD_5': 0.0, 'PD_2,PD_3': 0.0, 'PD_2,PD_4': 0.0, 'PD_2,PD_5': 0.0, 'PD_3,PD_4': 1.0, 'PD_3,PD_5': 0.0, 'PD_4,PD_5': 0.0}, ASR: 0.8, TCB: {'PD_1': ['PD_3'], 'PD_2': ['PD_4'], 'PD_3': ['PD_4'], 'PD_4': ['PD_3'], 'PD_5': []}, FR: {'PD_1,PD_2': inf, 'PD_1,PD_3': inf, 'PD_1,PD_4': inf, 'PD_1,PD_5': inf, 'PD_2,PD_3': inf, 'PD_2,PD_4': inf, 'PD_2,PD_5': inf, 'PD_3,PD_4': inf, 'PD_3,PD_5': inf, 'PD_4,PD_5': inf}
  Computing metrics...
    RSI: {'PD_1,PD_2': 0.0, 'PD_1,PD_3': 0.0, 'PD_1,PD_4': 0.0, 'PD_1,PD_5': 0.0, 'PD_2,PD_3': 0.0, 'PD_2,PD_4': 0.0, 'PD_2,PD_5': 0.0, 'PD_3,PD_4': 1.0, 'PD_3,PD_5': 0.0, 'PD_4,PD_5': 0.0}, ASR: 0.8, TCB: {'PD_1': ['PD_3'], 'PD_2': ['PD_4'], 'PD_3': ['PD_4'], 'PD_4': ['PD_3'], 'PD_5': []}, FR: {'PD_1,PD_2': inf, 'PD_1,PD_3': inf, 'PD_1,PD_4': inf, 'PD_1,PD_5': inf, 'PD_2,PD_3': inf, 'PD_2,PD_4': inf, 'PD_2,PD_5': inf, 'PD_3,PD_4': inf, 'PD_3,PD_5': inf, 'PD_4,PD_5': inf}
  Computing metrics...
    RSI: {'PD_1,PD_2': 0.0, 'PD_1,PD_3': 1.0, 'PD_1,PD_4': 1.0, 'PD_1,PD_5': 0.0, 'PD_2,PD_3': 0.0, 'PD_2,PD_4': 0.0, 'PD_2,PD_5': 0.0, 'PD_3,PD_4': 1.0, 'PD_3,PD_5': 0.0, 'PD_4,PD_5': 0.0}, ASR: 1.0, TCB: {'PD_1': ['PD_3', 'PD_4'], 'PD_2': ['PD_4'], 'PD_3': ['PD_1', 'PD_4'], 'PD_4': ['PD_1', 'PD_3'], 'PD_5': []}, FR: {'PD_1,PD_2': inf, 'PD_1,PD_3': inf, 'PD_1,PD_4': inf, 'PD_1,PD_5': inf, 'PD_2,PD_3': inf, 'PD_2,PD_4': inf, 'PD_2,PD_5': inf, 'PD_3,PD_4': inf, 'PD_3,PD_5': inf, 'PD_4,PD_5': inf}
  Computing metrics...
    RSI: {'PD_1,PD_2': 0.0, 'PD_1,PD_3': 0.0, 'PD_1,PD_4': 0.0, 'PD_1,PD_5': 0.0, 'PD_2,PD_3': 0.0, 'PD_2,PD_4': 0.0, 'PD_2,PD_5': 0.0, 'PD_3,PD_4': 1.0, 'PD_3,PD_5': 0.0, 'PD_4,PD_5': 0.0}, ASR: 0.8, TCB: {'PD_1': ['PD_3'], 'PD_2': ['PD_4'], 'PD_3': ['PD_4'], 'PD_4': ['PD_3'], 'PD_5': []}, FR: {'PD_1,PD_2': inf, 'PD_1,PD_3': inf, 'PD_1,PD_4': inf, 'PD_1,PD_5': inf, 'PD_2,PD_3': inf, 'PD_2,PD_4': inf, 'PD_2,PD_5': inf, 'PD_3,PD_4': inf, 'PD_3,PD_5': inf, 'PD_4,PD_5': inf}
  Computing metrics...
    RSI: {'PD_1,PD_2': 0.0, 'PD_1,PD_3': 0.0, 'PD_1,PD_4': 0.0, 'PD_1,PD_5': 0.0, 'PD_2,PD_3': 1.0, 'PD_2,PD_4': 1.0, 'PD_2,PD_5': 0.0, 'PD_3,PD_4': 1.0, 'PD_3,PD_5': 0.0, 'PD_4,PD_5': 0.0}, ASR: 1.0, TCB: {'PD_1': ['PD_3'], 'PD_2': ['PD_4', 'PD_3'], 'PD_3': ['PD_2', 'PD_4'], 'PD_4': ['PD_2', 'PD_3'], 'PD_5': []}, FR: {'PD_1,PD_2': inf, 'PD_1,PD_3': inf, 'PD_1,PD_4': inf, 'PD_1,PD_5': inf, 'PD_2,PD_3': inf, 'PD_2,PD_4': inf, 'PD_2,PD_5': inf, 'PD_3,PD_4': inf, 'PD_3,PD_5': inf, 'PD_4,PD_5': inf}
  Computing metrics...
    RSI: {'PD_1,PD_2': 0.0, 'PD_1,PD_3': 0.0, 'PD_1,PD_4': 0.0, 'PD_1,PD_5': 0.0, 'PD_2,PD_3': 0.0, 'PD_2,PD_4': 0.0, 'PD_2,PD_5': 0.0, 'PD_3,PD_4': 1.0, 'PD_3,PD_5': 0.0, 'PD_4,PD_5': 0.0}, ASR: 0.8, TCB: {'PD_1': ['PD_3'], 'PD_2': ['PD_4'], 'PD_3': ['PD_4'], 'PD_4': ['PD_3'], 'PD_5': []}, FR: {'PD_1,PD_2': inf, 'PD_1,PD_3': inf, 'PD_1,PD_4': inf, 'PD_1,PD_5': inf, 'PD_2,PD_3': inf, 'PD_2,PD_4': inf, 'PD_2,PD_5': inf, 'PD_3,PD_4': inf, 'PD_3,PD_5': inf, 'PD_4,PD_5': inf}
  Computing metrics...
    RSI: {'PD_1,PD_2': 0.0, 'PD_1,PD_3': 0.0, 'PD_1,PD_4': 0.0, 'PD_1,PD_5': 0.0, 'PD_2,PD_3': 0.0, 'PD_2,PD_4': 0.0, 'PD_2,PD_5': 0.0, 'PD_3,PD_4': 1.0, 'PD_3,PD_5': 1.0, 'PD_4,PD_5': 1.0}, ASR: 1.0, TCB: {'PD_1': ['PD_3'], 'PD_2': ['PD_4'], 'PD_3': ['PD_4', 'PD_5'], 'PD_4': ['PD_3', 'PD_5'], 'PD_5': ['PD_3', 'PD_4']}, FR: {'PD_1,PD_2': inf, 'PD_1,PD_3': inf, 'PD_1,PD_4': inf, 'PD_1,PD_5': inf, 'PD_2,PD_3': inf, 'PD_2,PD_4': inf, 'PD_2,PD_5': inf, 'PD_3,PD_4': inf, 'PD_3,PD_5': inf, 'PD_4,PD_5': inf}
  Computing metrics...
    RSI: {'PD_1,PD_2': 0.0, 'PD_1,PD_3': 0.0, 'PD_1,PD_4': 0.0, 'PD_1,PD_5': 0.0, 'PD_2,PD_3': 0.0, 'PD_2,PD_4': 0.0, 'PD_2,PD_5': 0.0, 'PD_3,PD_4': 1.0, 'PD_3,PD_5': 0.0, 'PD_4,PD_5': 0.0}, ASR: 0.8, TCB: {'PD_1': ['PD_3'], 'PD_2': ['PD_4'], 'PD_3': ['PD_4'], 'PD_4': ['PD_3'], 'PD_5': []}, FR: {'PD_1,PD_2': inf, 'PD_1,PD_3': inf, 'PD_1,PD_4': inf, 'PD_1,PD_5': inf, 'PD_2,PD_3': inf, 'PD_2,PD_4': inf, 'PD_2,PD_5': inf, 'PD_3,PD_4': inf, 'PD_3,PD_5': inf, 'PD_4,PD_5': inf}
  Computing metrics...
    RSI: {'PD_1,PD_2': 0.0, 'PD_1,PD_3': 0.0, 'PD_1,PD_4': 0.0, 'PD_1,PD_5': 0.0, 'PD_2,PD_3': 0.0, 'PD_2,PD_4': 0.0, 'PD_2,PD_5': 0.0, 'PD_3,PD_4': 1.0, 'PD_3,PD_5': 0.0, 'PD_4,PD_5': 0.0}, ASR: 0.8, TCB: {'PD_1': ['PD_3'], 'PD_2': ['PD_4'], 'PD_3': ['PD_4'], 'PD_4': ['PD_3'], 'PD_5': []}, FR: {'PD_1,PD_2': inf, 'PD_1,PD_3': inf, 'PD_1,PD_4': inf, 'PD_1,PD_5': inf, 'PD_2,PD_3': inf, 'PD_2,PD_4': inf, 'PD_2,PD_5': inf, 'PD_3,PD_4': inf, 'PD_3,PD_5': inf, 'PD_4,PD_5': inf}
    remove_hold_edge candidate: remove PD_3 -> FILE_1_1 HOLD edge -> score: 0.100
  Computing metrics...
    RSI: {'PD_1,PD_2': 0.0, 'PD_1,PD_3': 0.0, 'PD_1,PD_4': 0.0, 'PD_1,PD_5': 0.0, 'PD_2,PD_3': 0.0, 'PD_2,PD_4': 0.0, 'PD_2,PD_5': 0.0, 'PD_3,PD_4': 1.0, 'PD_3,PD_5': 0.0, 'PD_4,PD_5': 0.0}, ASR: 0.8, TCB: {'PD_1': ['PD_3'], 'PD_2': ['PD_4'], 'PD_3': ['PD_4'], 'PD_4': ['PD_3'], 'PD_5': []}, FR: {'PD_1,PD_2': inf, 'PD_1,PD_3': inf, 'PD_1,PD_4': inf, 'PD_1,PD_5': inf, 'PD_2,PD_3': inf, 'PD_2,PD_4': inf, 'PD_2,PD_5': inf, 'PD_3,PD_4': inf, 'PD_3,PD_5': inf, 'PD_4,PD_5': inf}
  Computing metrics...
    RSI: {'PD_1,PD_2': 0.0, 'PD_1,PD_3': 0.0, 'PD_1,PD_4': 0.0, 'PD_1,PD_5': 0.0, 'PD_2,PD_3': 0.0, 'PD_2,PD_4': 0.0, 'PD_2,PD_5': 0.0, 'PD_3,PD_4': 1.0, 'PD_3,PD_5': 0.0, 'PD_4,PD_5': 0.0}, ASR: 0.8, TCB: {'PD_1': ['PD_3'], 'PD_2': ['PD_4'], 'PD_3': ['PD_4'], 'PD_4': ['PD_3'], 'PD_5': []}, FR: {'PD_1,PD_2': inf, 'PD_1,PD_3': inf, 'PD_1,PD_4': inf, 'PD_1,PD_5': inf, 'PD_2,PD_3': inf, 'PD_2,PD_4': inf, 'PD_2,PD_5': inf, 'PD_3,PD_4': inf, 'PD_3,PD_5': inf, 'PD_4,PD_5': inf}
    remove_hold_edge candidate: remove PD_4 -> FILE_1_1 HOLD edge -> score: 0.100
  Computing metrics...
    RSI: {'PD_1,PD_2': 0.0, 'PD_1,PD_3': 0.0, 'PD_1,PD_4': 0.0, 'PD_1,PD_5': 0.0, 'PD_2,PD_3': 0.0, 'PD_2,PD_4': 0.0, 'PD_2,PD_5': 0.0, 'PD_3,PD_4': 1.0, 'PD_3,PD_5': 0.0, 'PD_4,PD_5': 0.0}, ASR: 0.8, TCB: {'PD_1': ['PD_3'], 'PD_2': ['PD_4'], 'PD_3': ['PD_4'], 'PD_4': ['PD_3'], 'PD_5': []}, FR: {'PD_1,PD_2': inf, 'PD_1,PD_3': inf, 'PD_1,PD_4': inf, 'PD_1,PD_5': inf, 'PD_2,PD_3': inf, 'PD_2,PD_4': inf, 'PD_2,PD_5': inf, 'PD_3,PD_4': inf, 'PD_3,PD_5': inf, 'PD_4,PD_5': inf}
  Computing metrics...
    RSI: {'PD_1,PD_2': 0.0, 'PD_1,PD_3': 0.0, 'PD_1,PD_4': 0.0, 'PD_1,PD_5': 0.0, 'PD_2,PD_3': 0.0, 'PD_2,PD_4': 0.0, 'PD_2,PD_5': 0.0, 'PD_3,PD_4': 1.0, 'PD_3,PD_5': 0.0, 'PD_4,PD_5': 0.0}, ASR: 1.0, TCB: {'PD_1': ['PD_3', 'PD_2'], 'PD_2': ['PD_4'], 'PD_3': ['PD_4'], 'PD_4': ['PD_3'], 'PD_5': []}, FR: {'PD_1,PD_2': 3, 'PD_1,PD_3': inf, 'PD_1,PD_4': inf, 'PD_1,PD_5': inf, 'PD_2,PD_3': inf, 'PD_2,PD_4': inf, 'PD_2,PD_5': inf, 'PD_3,PD_4': inf, 'PD_3,PD_5': inf, 'PD_4,PD_5': inf}
  Computing metrics...
    RSI: {'PD_1,PD_2': 0.0, 'PD_1,PD_3': 0.0, 'PD_1,PD_4': 0.0, 'PD_1,PD_5': 0.0, 'PD_2,PD_3': 0.0, 'PD_2,PD_4': 0.0, 'PD_2,PD_5': 0.0, 'PD_3,PD_4': 1.0, 'PD_3,PD_5': 0.0, 'PD_4,PD_5': 0.0}, ASR: 0.8, TCB: {'PD_1': ['PD_3'], 'PD_2': ['PD_4'], 'PD_3': ['PD_4'], 'PD_4': ['PD_3'], 'PD_5': []}, FR: {'PD_1,PD_2': inf, 'PD_1,PD_3': inf, 'PD_1,PD_4': inf, 'PD_1,PD_5': inf, 'PD_2,PD_3': inf, 'PD_2,PD_4': inf, 'PD_2,PD_5': inf, 'PD_3,PD_4': inf, 'PD_3,PD_5': inf, 'PD_4,PD_5': inf}
  Computing metrics...
    RSI: {'PD_1,PD_2': 0.0, 'PD_1,PD_3': 0.0, 'PD_1,PD_4': 0.0, 'PD_1,PD_5': 0.0, 'PD_2,PD_3': 0.0, 'PD_2,PD_4': 0.0, 'PD_2,PD_5': 0.0, 'PD_3,PD_4': 1.0, 'PD_3,PD_5': 0.0, 'PD_4,PD_5': 0.0}, ASR: 1.0, TCB: {'PD_1': ['PD_3', 'PD_4'], 'PD_2': ['PD_4'], 'PD_3': ['PD_4'], 'PD_4': ['PD_3'], 'PD_5': []}, FR: {'PD_1,PD_2': 2, 'PD_1,PD_3': inf, 'PD_1,PD_4': inf, 'PD_1,PD_5': inf, 'PD_2,PD_3': inf, 'PD_2,PD_4': inf, 'PD_2,PD_5': inf, 'PD_3,PD_4': inf, 'PD_3,PD_5': inf, 'PD_4,PD_5': inf}
  Computing metrics...
    RSI: {'PD_1,PD_2': 0.0, 'PD_1,PD_3': 0.0, 'PD_1,PD_4': 0.0, 'PD_1,PD_5': 0.0, 'PD_2,PD_3': 0.0, 'PD_2,PD_4': 0.0, 'PD_2,PD_5': 0.0, 'PD_3,PD_4': 1.0, 'PD_3,PD_5': 0.0, 'PD_4,PD_5': 0.0}, ASR: 0.8, TCB: {'PD_1': ['PD_3'], 'PD_2': ['PD_4'], 'PD_3': ['PD_4'], 'PD_4': ['PD_3'], 'PD_5': []}, FR: {'PD_1,PD_2': inf, 'PD_1,PD_3': inf, 'PD_1,PD_4': inf, 'PD_1,PD_5': inf, 'PD_2,PD_3': inf, 'PD_2,PD_4': inf, 'PD_2,PD_5': inf, 'PD_3,PD_4': inf, 'PD_3,PD_5': inf, 'PD_4,PD_5': inf}
  Computing metrics...
    RSI: {'PD_1,PD_2': 0.0, 'PD_1,PD_3': 0.0, 'PD_1,PD_4': 0.0, 'PD_1,PD_5': 0.0, 'PD_2,PD_3': 0.0, 'PD_2,PD_4': 0.0, 'PD_2,PD_5': 0.0, 'PD_3,PD_4': 1.0, 'PD_3,PD_5': 0.0, 'PD_4,PD_5': 0.0}, ASR: 1.0, TCB: {'PD_1': ['PD_3', 'PD_5'], 'PD_2': ['PD_4'], 'PD_3': ['PD_4'], 'PD_4': ['PD_3'], 'PD_5': []}, FR: {'PD_1,PD_2': inf, 'PD_1,PD_3': inf, 'PD_1,PD_4': inf, 'PD_1,PD_5': inf, 'PD_2,PD_3': inf, 'PD_2,PD_4': inf, 'PD_2,PD_5': inf, 'PD_3,PD_4': inf, 'PD_3,PD_5': inf, 'PD_4,PD_5': inf}
  Computing metrics...
    RSI: {'PD_1,PD_2': 0.0, 'PD_1,PD_3': 0.0, 'PD_1,PD_4': 0.0, 'PD_1,PD_5': 0.0, 'PD_2,PD_3': 0.0, 'PD_2,PD_4': 0.0, 'PD_2,PD_5': 0.0, 'PD_3,PD_4': 1.0, 'PD_3,PD_5': 0.0, 'PD_4,PD_5': 0.0}, ASR: 0.8, TCB: {'PD_1': ['PD_3'], 'PD_2': ['PD_4'], 'PD_3': ['PD_4'], 'PD_4': ['PD_3'], 'PD_5': []}, FR: {'PD_1,PD_2': inf, 'PD_1,PD_3': inf, 'PD_1,PD_4': inf, 'PD_1,PD_5': inf, 'PD_2,PD_3': inf, 'PD_2,PD_4': inf, 'PD_2,PD_5': inf, 'PD_3,PD_4': inf, 'PD_3,PD_5': inf, 'PD_4,PD_5': inf}
  Computing metrics...
    RSI: {'PD_1,PD_2': 0.0, 'PD_1,PD_3': 0.0, 'PD_1,PD_4': 0.0, 'PD_1,PD_5': 0.0, 'PD_2,PD_3': 0.0, 'PD_2,PD_4': 0.0, 'PD_2,PD_5': 0.0, 'PD_3,PD_4': 1.0, 'PD_3,PD_5': 0.0, 'PD_4,PD_5': 0.0}, ASR: 1.0, TCB: {'PD_1': ['PD_3'], 'PD_2': ['PD_4', 'PD_1'], 'PD_3': ['PD_4'], 'PD_4': ['PD_3'], 'PD_5': []}, FR: {'PD_1,PD_2': 3, 'PD_1,PD_3': inf, 'PD_1,PD_4': inf, 'PD_1,PD_5': inf, 'PD_2,PD_3': inf, 'PD_2,PD_4': inf, 'PD_2,PD_5': inf, 'PD_3,PD_4': inf, 'PD_3,PD_5': inf, 'PD_4,PD_5': inf}
  Computing metrics...
    RSI: {'PD_1,PD_2': 0.0, 'PD_1,PD_3': 0.0, 'PD_1,PD_4': 0.0, 'PD_1,PD_5': 0.0, 'PD_2,PD_3': 0.0, 'PD_2,PD_4': 0.0, 'PD_2,PD_5': 0.0, 'PD_3,PD_4': 1.0, 'PD_3,PD_5': 0.0, 'PD_4,PD_5': 0.0}, ASR: 0.8, TCB: {'PD_1': ['PD_3'], 'PD_2': ['PD_4'], 'PD_3': ['PD_4'], 'PD_4': ['PD_3'], 'PD_5': []}, FR: {'PD_1,PD_2': inf, 'PD_1,PD_3': inf, 'PD_1,PD_4': inf, 'PD_1,PD_5': inf, 'PD_2,PD_3': inf, 'PD_2,PD_4': inf, 'PD_2,PD_5': inf, 'PD_3,PD_4': inf, 'PD_3,PD_5': inf, 'PD_4,PD_5': inf}
  Computing metrics...
    RSI: {'PD_1,PD_2': 0.0, 'PD_1,PD_3': 0.0, 'PD_1,PD_4': 0.0, 'PD_1,PD_5': 0.0, 'PD_2,PD_3': 0.0, 'PD_2,PD_4': 0.0, 'PD_2,PD_5': 0.0, 'PD_3,PD_4': 1.0, 'PD_3,PD_5': 0.0, 'PD_4,PD_5': 0.0}, ASR: 1.0, TCB: {'PD_1': ['PD_3'], 'PD_2': ['PD_4', 'PD_3'], 'PD_3': ['PD_4'], 'PD_4': ['PD_3'], 'PD_5': []}, FR: {'PD_1,PD_2': 2, 'PD_1,PD_3': inf, 'PD_1,PD_4': inf, 'PD_1,PD_5': inf, 'PD_2,PD_3': inf, 'PD_2,PD_4': inf, 'PD_2,PD_5': inf, 'PD_3,PD_4': inf, 'PD_3,PD_5': inf, 'PD_4,PD_5': inf}
  Computing metrics...
    RSI: {'PD_1,PD_2': 0.0, 'PD_1,PD_3': 0.0, 'PD_1,PD_4': 0.0, 'PD_1,PD_5': 0.0, 'PD_2,PD_3': 0.0, 'PD_2,PD_4': 0.0, 'PD_2,PD_5': 0.0, 'PD_3,PD_4': 1.0, 'PD_3,PD_5': 0.0, 'PD_4,PD_5': 0.0}, ASR: 0.8, TCB: {'PD_1': ['PD_3'], 'PD_2': ['PD_4'], 'PD_3': ['PD_4'], 'PD_4': ['PD_3'], 'PD_5': []}, FR: {'PD_1,PD_2': inf, 'PD_1,PD_3': inf, 'PD_1,PD_4': inf, 'PD_1,PD_5': inf, 'PD_2,PD_3': inf, 'PD_2,PD_4': inf, 'PD_2,PD_5': inf, 'PD_3,PD_4': inf, 'PD_3,PD_5': inf, 'PD_4,PD_5': inf}
  Computing metrics...
    RSI: {'PD_1,PD_2': 0.0, 'PD_1,PD_3': 0.0, 'PD_1,PD_4': 0.0, 'PD_1,PD_5': 0.0, 'PD_2,PD_3': 0.0, 'PD_2,PD_4': 0.0, 'PD_2,PD_5': 0.0, 'PD_3,PD_4': 1.0, 'PD_3,PD_5': 0.0, 'PD_4,PD_5': 0.0}, ASR: 1.0, TCB: {'PD_1': ['PD_3'], 'PD_2': ['PD_4', 'PD_5'], 'PD_3': ['PD_4'], 'PD_4': ['PD_3'], 'PD_5': []}, FR: {'PD_1,PD_2': inf, 'PD_1,PD_3': inf, 'PD_1,PD_4': inf, 'PD_1,PD_5': inf, 'PD_2,PD_3': inf, 'PD_2,PD_4': inf, 'PD_2,PD_5': inf, 'PD_3,PD_4': inf, 'PD_3,PD_5': inf, 'PD_4,PD_5': inf}
  Computing metrics...
    RSI: {'PD_1,PD_2': 0.0, 'PD_1,PD_3': 0.0, 'PD_1,PD_4': 0.0, 'PD_1,PD_5': 0.0, 'PD_2,PD_3': 0.0, 'PD_2,PD_4': 0.0, 'PD_2,PD_5': 0.0, 'PD_3,PD_4': 1.0, 'PD_3,PD_5': 0.0, 'PD_4,PD_5': 0.0}, ASR: 0.8, TCB: {'PD_1': ['PD_3'], 'PD_2': ['PD_4'], 'PD_3': ['PD_4'], 'PD_4': ['PD_3'], 'PD_5': []}, FR: {'PD_1,PD_2': inf, 'PD_1,PD_3': inf, 'PD_1,PD_4': inf, 'PD_1,PD_5': inf, 'PD_2,PD_3': inf, 'PD_2,PD_4': inf, 'PD_2,PD_5': inf, 'PD_3,PD_4': inf, 'PD_3,PD_5': inf, 'PD_4,PD_5': inf}
  Computing metrics...
    RSI: {'PD_1,PD_2': 0.0, 'PD_1,PD_3': 0.0, 'PD_1,PD_4': 0.0, 'PD_1,PD_5': 0.0, 'PD_2,PD_3': 0.0, 'PD_2,PD_4': 0.0, 'PD_2,PD_5': 0.0, 'PD_3,PD_4': 1.0, 'PD_3,PD_5': 0.0, 'PD_4,PD_5': 0.0}, ASR: 1.0, TCB: {'PD_1': ['PD_3'], 'PD_2': ['PD_4'], 'PD_3': ['PD_1', 'PD_4'], 'PD_4': ['PD_3'], 'PD_5': []}, FR: {'PD_1,PD_2': inf, 'PD_1,PD_3': inf, 'PD_1,PD_4': inf, 'PD_1,PD_5': inf, 'PD_2,PD_3': inf, 'PD_2,PD_4': inf, 'PD_2,PD_5': inf, 'PD_3,PD_4': inf, 'PD_3,PD_5': inf, 'PD_4,PD_5': inf}
  Computing metrics...
    RSI: {'PD_1,PD_2': 0.0, 'PD_1,PD_3': 0.0, 'PD_1,PD_4': 0.0, 'PD_1,PD_5': 0.0, 'PD_2,PD_3': 0.0, 'PD_2,PD_4': 0.0, 'PD_2,PD_5': 0.0, 'PD_3,PD_4': 1.0, 'PD_3,PD_5': 0.0, 'PD_4,PD_5': 0.0}, ASR: 0.8, TCB: {'PD_1': ['PD_3'], 'PD_2': ['PD_4'], 'PD_3': ['PD_4'], 'PD_4': ['PD_3'], 'PD_5': []}, FR: {'PD_1,PD_2': inf, 'PD_1,PD_3': inf, 'PD_1,PD_4': inf, 'PD_1,PD_5': inf, 'PD_2,PD_3': inf, 'PD_2,PD_4': inf, 'PD_2,PD_5': inf, 'PD_3,PD_4': inf, 'PD_3,PD_5': inf, 'PD_4,PD_5': inf}
  Computing metrics...
    RSI: {'PD_1,PD_2': 0.0, 'PD_1,PD_3': 0.0, 'PD_1,PD_4': 0.0, 'PD_1,PD_5': 0.0, 'PD_2,PD_3': 0.0, 'PD_2,PD_4': 0.0, 'PD_2,PD_5': 0.0, 'PD_3,PD_4': 1.0, 'PD_3,PD_5': 0.0, 'PD_4,PD_5': 0.0}, ASR: 1.0, TCB: {'PD_1': ['PD_3'], 'PD_2': ['PD_4'], 'PD_3': ['PD_2', 'PD_4'], 'PD_4': ['PD_3'], 'PD_5': []}, FR: {'PD_1,PD_2': 4, 'PD_1,PD_3': 3, 'PD_1,PD_4': inf, 'PD_1,PD_5': inf, 'PD_2,PD_3': 3, 'PD_2,PD_4': inf, 'PD_2,PD_5': inf, 'PD_3,PD_4': inf, 'PD_3,PD_5': inf, 'PD_4,PD_5': inf}
  Computing metrics...
    RSI: {'PD_1,PD_2': 0.0, 'PD_1,PD_3': 0.0, 'PD_1,PD_4': 0.0, 'PD_1,PD_5': 0.0, 'PD_2,PD_3': 0.0, 'PD_2,PD_4': 0.0, 'PD_2,PD_5': 0.0, 'PD_3,PD_4': 1.0, 'PD_3,PD_5': 0.0, 'PD_4,PD_5': 0.0}, ASR: 0.8, TCB: {'PD_1': ['PD_3'], 'PD_2': ['PD_4'], 'PD_3': ['PD_4'], 'PD_4': ['PD_3'], 'PD_5': []}, FR: {'PD_1,PD_2': inf, 'PD_1,PD_3': inf, 'PD_1,PD_4': inf, 'PD_1,PD_5': inf, 'PD_2,PD_3': inf, 'PD_2,PD_4': inf, 'PD_2,PD_5': inf, 'PD_3,PD_4': inf, 'PD_3,PD_5': inf, 'PD_4,PD_5': inf}
  Computing metrics...
    RSI: {'PD_1,PD_2': 0.0, 'PD_1,PD_3': 0.0, 'PD_1,PD_4': 0.0, 'PD_1,PD_5': 0.0, 'PD_2,PD_3': 0.0, 'PD_2,PD_4': 0.0, 'PD_2,PD_5': 0.0, 'PD_3,PD_4': 1.0, 'PD_3,PD_5': 0.0, 'PD_4,PD_5': 0.0}, ASR: 1.0, TCB: {'PD_1': ['PD_3'], 'PD_2': ['PD_4'], 'PD_3': ['PD_4'], 'PD_4': ['PD_3'], 'PD_5': []}, FR: {'PD_1,PD_2': 3, 'PD_1,PD_3': 3, 'PD_1,PD_4': inf, 'PD_1,PD_5': inf, 'PD_2,PD_3': 2, 'PD_2,PD_4': inf, 'PD_2,PD_5': inf, 'PD_3,PD_4': inf, 'PD_3,PD_5': inf, 'PD_4,PD_5': inf}
  Computing metrics...
    RSI: {'PD_1,PD_2': 0.0, 'PD_1,PD_3': 0.0, 'PD_1,PD_4': 0.0, 'PD_1,PD_5': 0.0, 'PD_2,PD_3': 0.0, 'PD_2,PD_4': 0.0, 'PD_2,PD_5': 0.0, 'PD_3,PD_4': 1.0, 'PD_3,PD_5': 0.0, 'PD_4,PD_5': 0.0}, ASR: 0.8, TCB: {'PD_1': ['PD_3'], 'PD_2': ['PD_4'], 'PD_3': ['PD_4'], 'PD_4': ['PD_3'], 'PD_5': []}, FR: {'PD_1,PD_2': inf, 'PD_1,PD_3': inf, 'PD_1,PD_4': inf, 'PD_1,PD_5': inf, 'PD_2,PD_3': inf, 'PD_2,PD_4': inf, 'PD_2,PD_5': inf, 'PD_3,PD_4': inf, 'PD_3,PD_5': inf, 'PD_4,PD_5': inf}
  Computing metrics...
    RSI: {'PD_1,PD_2': 0.0, 'PD_1,PD_3': 0.0, 'PD_1,PD_4': 0.0, 'PD_1,PD_5': 0.0, 'PD_2,PD_3': 0.0, 'PD_2,PD_4': 0.0, 'PD_2,PD_5': 0.0, 'PD_3,PD_4': 1.0, 'PD_3,PD_5': 0.0, 'PD_4,PD_5': 0.0}, ASR: 1.0, TCB: {'PD_1': ['PD_3'], 'PD_2': ['PD_4'], 'PD_3': ['PD_5', 'PD_4'], 'PD_4': ['PD_3'], 'PD_5': []}, FR: {'PD_1,PD_2': inf, 'PD_1,PD_3': 3, 'PD_1,PD_4': inf, 'PD_1,PD_5': inf, 'PD_2,PD_3': inf, 'PD_2,PD_4': inf, 'PD_2,PD_5': inf, 'PD_3,PD_4': inf, 'PD_3,PD_5': inf, 'PD_4,PD_5': inf}
  Computing metrics...
    RSI: {'PD_1,PD_2': 0.0, 'PD_1,PD_3': 0.0, 'PD_1,PD_4': 0.0, 'PD_1,PD_5': 0.0, 'PD_2,PD_3': 0.0, 'PD_2,PD_4': 0.0, 'PD_2,PD_5': 0.0, 'PD_3,PD_4': 1.0, 'PD_3,PD_5': 0.0, 'PD_4,PD_5': 0.0}, ASR: 0.8, TCB: {'PD_1': ['PD_3'], 'PD_2': ['PD_4'], 'PD_3': ['PD_4'], 'PD_4': ['PD_3'], 'PD_5': []}, FR: {'PD_1,PD_2': inf, 'PD_1,PD_3': inf, 'PD_1,PD_4': inf, 'PD_1,PD_5': inf, 'PD_2,PD_3': inf, 'PD_2,PD_4': inf, 'PD_2,PD_5': inf, 'PD_3,PD_4': inf, 'PD_3,PD_5': inf, 'PD_4,PD_5': inf}
  Computing metrics...
    RSI: {'PD_1,PD_2': 0.0, 'PD_1,PD_3': 0.0, 'PD_1,PD_4': 0.0, 'PD_1,PD_5': 0.0, 'PD_2,PD_3': 0.0, 'PD_2,PD_4': 0.0, 'PD_2,PD_5': 0.0, 'PD_3,PD_4': 1.0, 'PD_3,PD_5': 0.0, 'PD_4,PD_5': 0.0}, ASR: 1.0, TCB: {'PD_1': ['PD_3'], 'PD_2': ['PD_4'], 'PD_3': ['PD_4'], 'PD_4': ['PD_1', 'PD_3'], 'PD_5': []}, FR: {'PD_1,PD_2': 4, 'PD_1,PD_3': inf, 'PD_1,PD_4': 3, 'PD_1,PD_5': inf, 'PD_2,PD_3': inf, 'PD_2,PD_4': 3, 'PD_2,PD_5': inf, 'PD_3,PD_4': inf, 'PD_3,PD_5': inf, 'PD_4,PD_5': inf}
  Computing metrics...
    RSI: {'PD_1,PD_2': 0.0, 'PD_1,PD_3': 0.0, 'PD_1,PD_4': 0.0, 'PD_1,PD_5': 0.0, 'PD_2,PD_3': 0.0, 'PD_2,PD_4': 0.0, 'PD_2,PD_5': 0.0, 'PD_3,PD_4': 1.0, 'PD_3,PD_5': 0.0, 'PD_4,PD_5': 0.0}, ASR: 0.8, TCB: {'PD_1': ['PD_3'], 'PD_2': ['PD_4'], 'PD_3': ['PD_4'], 'PD_4': ['PD_3'], 'PD_5': []}, FR: {'PD_1,PD_2': inf, 'PD_1,PD_3': inf, 'PD_1,PD_4': inf, 'PD_1,PD_5': inf, 'PD_2,PD_3': inf, 'PD_2,PD_4': inf, 'PD_2,PD_5': inf, 'PD_3,PD_4': inf, 'PD_3,PD_5': inf, 'PD_4,PD_5': inf}
  Computing metrics...
    RSI: {'PD_1,PD_2': 0.0, 'PD_1,PD_3': 0.0, 'PD_1,PD_4': 0.0, 'PD_1,PD_5': 0.0, 'PD_2,PD_3': 0.0, 'PD_2,PD_4': 0.0, 'PD_2,PD_5': 0.0, 'PD_3,PD_4': 1.0, 'PD_3,PD_5': 0.0, 'PD_4,PD_5': 0.0}, ASR: 1.0, TCB: {'PD_1': ['PD_3'], 'PD_2': ['PD_4'], 'PD_3': ['PD_4'], 'PD_4': ['PD_2', 'PD_3'], 'PD_5': []}, FR: {'PD_1,PD_2': inf, 'PD_1,PD_3': inf, 'PD_1,PD_4': inf, 'PD_1,PD_5': inf, 'PD_2,PD_3': inf, 'PD_2,PD_4': inf, 'PD_2,PD_5': inf, 'PD_3,PD_4': inf, 'PD_3,PD_5': inf, 'PD_4,PD_5': inf}
  Computing metrics...
    RSI: {'PD_1,PD_2': 0.0, 'PD_1,PD_3': 0.0, 'PD_1,PD_4': 0.0, 'PD_1,PD_5': 0.0, 'PD_2,PD_3': 0.0, 'PD_2,PD_4': 0.0, 'PD_2,PD_5': 0.0, 'PD_3,PD_4': 1.0, 'PD_3,PD_5': 0.0, 'PD_4,PD_5': 0.0}, ASR: 0.8, TCB: {'PD_1': ['PD_3'], 'PD_2': ['PD_4'], 'PD_3': ['PD_4'], 'PD_4': ['PD_3'], 'PD_5': []}, FR: {'PD_1,PD_2': inf, 'PD_1,PD_3': inf, 'PD_1,PD_4': inf, 'PD_1,PD_5': inf, 'PD_2,PD_3': inf, 'PD_2,PD_4': inf, 'PD_2,PD_5': inf, 'PD_3,PD_4': inf, 'PD_3,PD_5': inf, 'PD_4,PD_5': inf}
  Computing metrics...
    RSI: {'PD_1,PD_2': 0.0, 'PD_1,PD_3': 0.0, 'PD_1,PD_4': 0.0, 'PD_1,PD_5': 0.0, 'PD_2,PD_3': 0.0, 'PD_2,PD_4': 0.0, 'PD_2,PD_5': 0.0, 'PD_3,PD_4': 1.0, 'PD_3,PD_5': 0.0, 'PD_4,PD_5': 0.0}, ASR: 1.0, TCB: {'PD_1': ['PD_3'], 'PD_2': ['PD_4'], 'PD_3': ['PD_4'], 'PD_4': ['PD_3'], 'PD_5': []}, FR: {'PD_1,PD_2': 3, 'PD_1,PD_3': inf, 'PD_1,PD_4': 2, 'PD_1,PD_5': inf, 'PD_2,PD_3': inf, 'PD_2,PD_4': 3, 'PD_2,PD_5': inf, 'PD_3,PD_4': inf, 'PD_3,PD_5': inf, 'PD_4,PD_5': inf}
  Computing metrics...
    RSI: {'PD_1,PD_2': 0.0, 'PD_1,PD_3': 0.0, 'PD_1,PD_4': 0.0, 'PD_1,PD_5': 0.0, 'PD_2,PD_3': 0.0, 'PD_2,PD_4': 0.0, 'PD_2,PD_5': 0.0, 'PD_3,PD_4': 1.0, 'PD_3,PD_5': 0.0, 'PD_4,PD_5': 0.0}, ASR: 0.8, TCB: {'PD_1': ['PD_3'], 'PD_2': ['PD_4'], 'PD_3': ['PD_4'], 'PD_4': ['PD_3'], 'PD_5': []}, FR: {'PD_1,PD_2': inf, 'PD_1,PD_3': inf, 'PD_1,PD_4': inf, 'PD_1,PD_5': inf, 'PD_2,PD_3': inf, 'PD_2,PD_4': inf, 'PD_2,PD_5': inf, 'PD_3,PD_4': inf, 'PD_3,PD_5': inf, 'PD_4,PD_5': inf}
  Computing metrics...
    RSI: {'PD_1,PD_2': 0.0, 'PD_1,PD_3': 0.0, 'PD_1,PD_4': 0.0, 'PD_1,PD_5': 0.0, 'PD_2,PD_3': 0.0, 'PD_2,PD_4': 0.0, 'PD_2,PD_5': 0.0, 'PD_3,PD_4': 1.0, 'PD_3,PD_5': 0.0, 'PD_4,PD_5': 0.0}, ASR: 1.0, TCB: {'PD_1': ['PD_3'], 'PD_2': ['PD_4'], 'PD_3': ['PD_4'], 'PD_4': ['PD_5', 'PD_3'], 'PD_5': []}, FR: {'PD_1,PD_2': inf, 'PD_1,PD_3': inf, 'PD_1,PD_4': inf, 'PD_1,PD_5': inf, 'PD_2,PD_3': inf, 'PD_2,PD_4': 3, 'PD_2,PD_5': inf, 'PD_3,PD_4': inf, 'PD_3,PD_5': inf, 'PD_4,PD_5': inf}
  Computing metrics...
    RSI: {'PD_1,PD_2': 0.0, 'PD_1,PD_3': 0.0, 'PD_1,PD_4': 0.0, 'PD_1,PD_5': 0.0, 'PD_2,PD_3': 0.0, 'PD_2,PD_4': 0.0, 'PD_2,PD_5': 0.0, 'PD_3,PD_4': 1.0, 'PD_3,PD_5': 0.0, 'PD_4,PD_5': 0.0}, ASR: 0.8, TCB: {'PD_1': ['PD_3'], 'PD_2': ['PD_4'], 'PD_3': ['PD_4'], 'PD_4': ['PD_3'], 'PD_5': []}, FR: {'PD_1,PD_2': inf, 'PD_1,PD_3': inf, 'PD_1,PD_4': inf, 'PD_1,PD_5': inf, 'PD_2,PD_3': inf, 'PD_2,PD_4': inf, 'PD_2,PD_5': inf, 'PD_3,PD_4': inf, 'PD_3,PD_5': inf, 'PD_4,PD_5': inf}
  Computing metrics...
    RSI: {'PD_1,PD_2': 0.0, 'PD_1,PD_3': 0.0, 'PD_1,PD_4': 0.0, 'PD_1,PD_5': 0.0, 'PD_2,PD_3': 0.0, 'PD_2,PD_4': 0.0, 'PD_2,PD_5': 0.0, 'PD_3,PD_4': 1.0, 'PD_3,PD_5': 0.0, 'PD_4,PD_5': 0.0}, ASR: 1.0, TCB: {'PD_1': ['PD_3'], 'PD_2': ['PD_4'], 'PD_3': ['PD_4'], 'PD_4': ['PD_3'], 'PD_5': ['PD_1']}, FR: {'PD_1,PD_2': inf, 'PD_1,PD_3': inf, 'PD_1,PD_4': inf, 'PD_1,PD_5': 3, 'PD_2,PD_3': inf, 'PD_2,PD_4': inf, 'PD_2,PD_5': inf, 'PD_3,PD_4': inf, 'PD_3,PD_5': inf, 'PD_4,PD_5': inf}
  Computing metrics...
    RSI: {'PD_1,PD_2': 0.0, 'PD_1,PD_3': 0.0, 'PD_1,PD_4': 0.0, 'PD_1,PD_5': 0.0, 'PD_2,PD_3': 0.0, 'PD_2,PD_4': 0.0, 'PD_2,PD_5': 0.0, 'PD_3,PD_4': 1.0, 'PD_3,PD_5': 0.0, 'PD_4,PD_5': 0.0}, ASR: 0.8, TCB: {'PD_1': ['PD_3'], 'PD_2': ['PD_4'], 'PD_3': ['PD_4'], 'PD_4': ['PD_3'], 'PD_5': []}, FR: {'PD_1,PD_2': inf, 'PD_1,PD_3': inf, 'PD_1,PD_4': inf, 'PD_1,PD_5': inf, 'PD_2,PD_3': inf, 'PD_2,PD_4': inf, 'PD_2,PD_5': inf, 'PD_3,PD_4': inf, 'PD_3,PD_5': inf, 'PD_4,PD_5': inf}
  Computing metrics...
    RSI: {'PD_1,PD_2': 0.0, 'PD_1,PD_3': 0.0, 'PD_1,PD_4': 0.0, 'PD_1,PD_5': 0.0, 'PD_2,PD_3': 0.0, 'PD_2,PD_4': 0.0, 'PD_2,PD_5': 0.0, 'PD_3,PD_4': 1.0, 'PD_3,PD_5': 0.0, 'PD_4,PD_5': 0.0}, ASR: 1.0, TCB: {'PD_1': ['PD_3'], 'PD_2': ['PD_4'], 'PD_3': ['PD_4'], 'PD_4': ['PD_3'], 'PD_5': ['PD_2']}, FR: {'PD_1,PD_2': inf, 'PD_1,PD_3': inf, 'PD_1,PD_4': inf, 'PD_1,PD_5': inf, 'PD_2,PD_3': inf, 'PD_2,PD_4': inf, 'PD_2,PD_5': 3, 'PD_3,PD_4': inf, 'PD_3,PD_5': inf, 'PD_4,PD_5': inf}
  Computing metrics...
    RSI: {'PD_1,PD_2': 0.0, 'PD_1,PD_3': 0.0, 'PD_1,PD_4': 0.0, 'PD_1,PD_5': 0.0, 'PD_2,PD_3': 0.0, 'PD_2,PD_4': 0.0, 'PD_2,PD_5': 0.0, 'PD_3,PD_4': 1.0, 'PD_3,PD_5': 0.0, 'PD_4,PD_5': 0.0}, ASR: 0.8, TCB: {'PD_1': ['PD_3'], 'PD_2': ['PD_4'], 'PD_3': ['PD_4'], 'PD_4': ['PD_3'], 'PD_5': []}, FR: {'PD_1,PD_2': inf, 'PD_1,PD_3': inf, 'PD_1,PD_4': inf, 'PD_1,PD_5': inf, 'PD_2,PD_3': inf, 'PD_2,PD_4': inf, 'PD_2,PD_5': inf, 'PD_3,PD_4': inf, 'PD_3,PD_5': inf, 'PD_4,PD_5': inf}
  Computing metrics...
    RSI: {'PD_1,PD_2': 0.0, 'PD_1,PD_3': 0.0, 'PD_1,PD_4': 0.0, 'PD_1,PD_5': 0.0, 'PD_2,PD_3': 0.0, 'PD_2,PD_4': 0.0, 'PD_2,PD_5': 0.0, 'PD_3,PD_4': 1.0, 'PD_3,PD_5': 0.0, 'PD_4,PD_5': 0.0}, ASR: 1.0, TCB: {'PD_1': ['PD_3'], 'PD_2': ['PD_4'], 'PD_3': ['PD_4'], 'PD_4': ['PD_3'], 'PD_5': ['PD_3']}, FR: {'PD_1,PD_2': inf, 'PD_1,PD_3': inf, 'PD_1,PD_4': inf, 'PD_1,PD_5': 2, 'PD_2,PD_3': inf, 'PD_2,PD_4': inf, 'PD_2,PD_5': inf, 'PD_3,PD_4': inf, 'PD_3,PD_5': inf, 'PD_4,PD_5': inf}
  Computing metrics...
    RSI: {'PD_1,PD_2': 0.0, 'PD_1,PD_3': 0.0, 'PD_1,PD_4': 0.0, 'PD_1,PD_5': 0.0, 'PD_2,PD_3': 0.0, 'PD_2,PD_4': 0.0, 'PD_2,PD_5': 0.0, 'PD_3,PD_4': 1.0, 'PD_3,PD_5': 0.0, 'PD_4,PD_5': 0.0}, ASR: 0.8, TCB: {'PD_1': ['PD_3'], 'PD_2': ['PD_4'], 'PD_3': ['PD_4'], 'PD_4': ['PD_3'], 'PD_5': []}, FR: {'PD_1,PD_2': inf, 'PD_1,PD_3': inf, 'PD_1,PD_4': inf, 'PD_1,PD_5': inf, 'PD_2,PD_3': inf, 'PD_2,PD_4': inf, 'PD_2,PD_5': inf, 'PD_3,PD_4': inf, 'PD_3,PD_5': inf, 'PD_4,PD_5': inf}
  Computing metrics...
    RSI: {'PD_1,PD_2': 0.0, 'PD_1,PD_3': 0.0, 'PD_1,PD_4': 0.0, 'PD_1,PD_5': 0.0, 'PD_2,PD_3': 0.0, 'PD_2,PD_4': 0.0, 'PD_2,PD_5': 0.0, 'PD_3,PD_4': 1.0, 'PD_3,PD_5': 0.0, 'PD_4,PD_5': 0.0}, ASR: 1.0, TCB: {'PD_1': ['PD_3'], 'PD_2': ['PD_4'], 'PD_3': ['PD_4'], 'PD_4': ['PD_3'], 'PD_5': ['PD_4']}, FR: {'PD_1,PD_2': inf, 'PD_1,PD_3': inf, 'PD_1,PD_4': inf, 'PD_1,PD_5': inf, 'PD_2,PD_3': inf, 'PD_2,PD_4': inf, 'PD_2,PD_5': 2, 'PD_3,PD_4': inf, 'PD_3,PD_5': inf, 'PD_4,PD_5': inf}
  Computing metrics...
    RSI: {'PD_1,PD_2': 0.0, 'PD_1,PD_3': 0.0, 'PD_1,PD_4': 0.0, 'PD_1,PD_5': 0.0, 'PD_2,PD_3': 0.0, 'PD_2,PD_4': 0.0, 'PD_2,PD_5': 0.0, 'PD_3,PD_4': 1.0, 'PD_3,PD_5': 0.0, 'PD_4,PD_5': 0.0}, ASR: 0.8, TCB: {'PD_1': ['PD_3'], 'PD_2': ['PD_4'], 'PD_3': ['PD_4'], 'PD_4': ['PD_3'], 'PD_5': []}, FR: {'PD_1,PD_2': inf, 'PD_1,PD_3': inf, 'PD_1,PD_4': inf, 'PD_1,PD_5': inf, 'PD_2,PD_3': inf, 'PD_2,PD_4': inf, 'PD_2,PD_5': inf, 'PD_3,PD_4': inf, 'PD_3,PD_5': inf, 'PD_4,PD_5': inf}
  Computing metrics...
    RSI: {'PD_1,PD_2': 0.0, 'PD_1,PD_3': 0.0, 'PD_1,PD_4': 0.0, 'PD_1,PD_5': 0.0, 'PD_2,PD_3': 0.0, 'PD_2,PD_4': 0.0, 'PD_2,PD_5': 0.0, 'PD_3,PD_4': 1.0, 'PD_3,PD_5': 0.0, 'PD_4,PD_5': 0.0}, ASR: 0.8, TCB: {'PD_1': ['PD_3'], 'PD_2': ['PD_4'], 'PD_3': ['PD_4'], 'PD_4': ['PD_3'], 'PD_5': []}, FR: {'PD_1,PD_2': inf, 'PD_1,PD_3': inf, 'PD_1,PD_4': inf, 'PD_1,PD_5': inf, 'PD_2,PD_3': inf, 'PD_2,PD_4': inf, 'PD_2,PD_5': inf, 'PD_3,PD_4': inf, 'PD_3,PD_5': inf, 'PD_4,PD_5': inf}
  Computing metrics...
    RSI: {'PD_1,PD_2': 0.0, 'PD_1,PD_3': 0.0, 'PD_1,PD_4': 0.0, 'PD_1,PD_5': 0.0, 'PD_2,PD_3': 0.0, 'PD_2,PD_4': 0.0, 'PD_2,PD_5': 0.0, 'PD_3,PD_4': 1.0, 'PD_3,PD_5': 0.0, 'PD_4,PD_5': 0.0}, ASR: 0.8, TCB: {'PD_1': ['PD_3'], 'PD_2': ['PD_4'], 'PD_3': ['PD_4'], 'PD_4': ['PD_3'], 'PD_5': []}, FR: {'PD_1,PD_2': inf, 'PD_1,PD_3': inf, 'PD_1,PD_4': inf, 'PD_1,PD_5': inf, 'PD_2,PD_3': inf, 'PD_2,PD_4': inf, 'PD_2,PD_5': inf, 'PD_3,PD_4': inf, 'PD_3,PD_5': inf, 'PD_4,PD_5': inf}
  Computing metrics...
    RSI: {'PD_1,PD_2': 0.0, 'PD_1,PD_3': 0.0, 'PD_1,PD_4': 0.0, 'PD_1,PD_5': 0.0, 'PD_2,PD_3': 0.0, 'PD_2,PD_4': 0.0, 'PD_2,PD_5': 0.0, 'PD_3,PD_4': 1.0, 'PD_3,PD_5': 0.0, 'PD_4,PD_5': 0.0}, ASR: 0.8, TCB: {'PD_1': ['PD_3'], 'PD_2': ['PD_4'], 'PD_3': ['PD_4'], 'PD_4': ['PD_3'], 'PD_5': []}, FR: {'PD_1,PD_2': inf, 'PD_1,PD_3': inf, 'PD_1,PD_4': inf, 'PD_1,PD_5': inf, 'PD_2,PD_3': inf, 'PD_2,PD_4': inf, 'PD_2,PD_5': inf, 'PD_3,PD_4': inf, 'PD_3,PD_5': inf, 'PD_4,PD_5': inf}
  Computing metrics...
    RSI: {'PD_1,PD_2': 0.0, 'PD_1,PD_3': 0.0, 'PD_1,PD_4': 0.0, 'PD_1,PD_5': 0.0, 'PD_2,PD_3': 0.0, 'PD_2,PD_4': 0.0, 'PD_2,PD_5': 0.0, 'PD_3,PD_4': 1.0, 'PD_3,PD_5': 0.0, 'PD_4,PD_5': 0.0}, ASR: 0.8, TCB: {'PD_1': ['PD_3'], 'PD_2': ['PD_4'], 'PD_3': ['PD_4'], 'PD_4': ['PD_3'], 'PD_5': []}, FR: {'PD_1,PD_2': inf, 'PD_1,PD_3': inf, 'PD_1,PD_4': inf, 'PD_1,PD_5': inf, 'PD_2,PD_3': inf, 'PD_2,PD_4': inf, 'PD_2,PD_5': inf, 'PD_3,PD_4': inf, 'PD_3,PD_5': inf, 'PD_4,PD_5': inf}
  Computing metrics...
    RSI: {'PD_1,PD_2': 0.0, 'PD_1,PD_3': 0.0, 'PD_1,PD_4': 0.0, 'PD_1,PD_5': 0.0, 'PD_2,PD_3': 0.0, 'PD_2,PD_4': 0.0, 'PD_2,PD_5': 0.0, 'PD_3,PD_4': 1.0, 'PD_3,PD_5': 0.0, 'PD_4,PD_5': 0.0}, ASR: 0.8, TCB: {'PD_1': ['PD_3'], 'PD_2': ['PD_4'], 'PD_3': ['PD_4'], 'PD_4': ['PD_3'], 'PD_5': []}, FR: {'PD_1,PD_2': inf, 'PD_1,PD_3': inf, 'PD_1,PD_4': inf, 'PD_1,PD_5': inf, 'PD_2,PD_3': inf, 'PD_2,PD_4': inf, 'PD_2,PD_5': inf, 'PD_3,PD_4': inf, 'PD_3,PD_5': inf, 'PD_4,PD_5': inf}
  🚫 Filtered out 1 'add_pd' candidates (avoiding repetition)
  Trying best transition: primitive
    Target: remove empty PD_1
    Predicted improvement: 0.100
    Considered 33 other option(s):
      1. primitive: remove empty PD_2 (improvement: 0.100)
      2. primitive: remove empty PD_5 (improvement: 0.100)
      3. primitive: create new CONFIG file in FILE_SPACE_1 (improvement: 0.100)
      4. primitive: create new DATABASE file in FILE_SPACE_1 (improvement: 0.100)
      5. primitive: create new TEMP file in FILE_SPACE_1 (improvement: 0.100)
      6. primitive: create new LOG file in FILE_SPACE_1 (improvement: 0.100)
      7. primitive: remove FILE_1_1 (holders: 2) (improvement: 0.100)
      8. primitive: connect PD_1 to FILE_1_1 (improvement: 0.100)
      9. primitive: connect PD_2 to FILE_1_1 (improvement: 0.100)
      10. primitive: connect PD_5 to FILE_1_1 (improvement: 0.100)
      ... and 23 more
    ✅ Applied remove_pd
  Computing metrics...
    RSI: {'PD_2,PD_3': 0.0, 'PD_2,PD_4': 0.0, 'PD_2,PD_5': 0.0, 'PD_3,PD_4': 1.0, 'PD_3,PD_5': 0.0, 'PD_4,PD_5': 0.0}, ASR: 0.75, TCB: {'PD_2': ['PD_4'], 'PD_3': ['PD_4'], 'PD_4': ['PD_3'], 'PD_5': []}, FR: {'PD_2,PD_3': inf, 'PD_2,PD_4': inf, 'PD_2,PD_5': inf, 'PD_3,PD_4': inf, 'PD_3,PD_5': inf, 'PD_4,PD_5': inf}
    Warning: PD pair PD_1,PD_2 not found in RSI metrics
    Goals not yet satisfied, continuing exploration
  ✅ Mechanism saved! Total mechanisms found: 2

📊 Graph after iteration 2:
        # Graph structure:
        # PD_2 --REQUEST--> PD_4
        # PD_3 --HOLD--> FILE_1_1 -> FILE_SPACE_1
        # PD_4 --HOLD--> FILE_1_1 -> FILE_SPACE_1
        # PD_5
        #
        # FILE_1_1 shared by: PD_3, PD_4


Iteration 3/10
  Computing metrics...
    RSI: {'PD_2,PD_3': 0.0, 'PD_2,PD_4': 0.0, 'PD_2,PD_5': 0.0, 'PD_3,PD_4': 1.0, 'PD_3,PD_5': 0.0, 'PD_4,PD_5': 0.0}, ASR: 0.75, TCB: {'PD_2': ['PD_4'], 'PD_3': ['PD_4'], 'PD_4': ['PD_3'], 'PD_5': []}, FR: {'PD_2,PD_3': inf, 'PD_2,PD_4': inf, 'PD_2,PD_5': inf, 'PD_3,PD_4': inf, 'PD_3,PD_5': inf, 'PD_4,PD_5': inf}
  Computing metrics...
    RSI: {'PD_2,PD_3': 0.0, 'PD_2,PD_4': 0.0, 'PD_2,PD_5': 0.0, 'PD_3,PD_4': 1.0, 'PD_3,PD_5': 0.0, 'PD_4,PD_5': 0.0}, ASR: 0.75, TCB: {'PD_2': ['PD_4'], 'PD_3': ['PD_4'], 'PD_4': ['PD_3'], 'PD_5': []}, FR: {'PD_2,PD_3': inf, 'PD_2,PD_4': inf, 'PD_2,PD_5': inf, 'PD_3,PD_4': inf, 'PD_3,PD_5': inf, 'PD_4,PD_5': inf}
  Computing metrics...
    RSI: {'PD_2,PD_3': 0.0, 'PD_2,PD_4': 0.0, 'PD_2,PD_5': 0.0, 'PD_3,PD_4': 1.0, 'PD_3,PD_5': 0.0, 'PD_4,PD_5': 0.0}, ASR: 0.75, TCB: {'PD_2': ['PD_4'], 'PD_3': ['PD_4'], 'PD_4': ['PD_3'], 'PD_5': []}, FR: {'PD_2,PD_3': inf, 'PD_2,PD_4': inf, 'PD_2,PD_5': inf, 'PD_3,PD_4': inf, 'PD_3,PD_5': inf, 'PD_4,PD_5': inf}
  Computing metrics...
    RSI: {'PD_2,PD_3': 0.0, 'PD_2,PD_4': 0.0, 'PD_2,PD_5': 0.0, 'PD_3,PD_4': 1.0, 'PD_3,PD_5': 0.0, 'PD_4,PD_5': 0.0}, ASR: 0.75, TCB: {'PD_2': ['PD_4'], 'PD_3': ['PD_4'], 'PD_4': ['PD_3'], 'PD_5': []}, FR: {'PD_2,PD_3': inf, 'PD_2,PD_4': inf, 'PD_2,PD_5': inf, 'PD_3,PD_4': inf, 'PD_3,PD_5': inf, 'PD_4,PD_5': inf}
  Computing metrics...
    RSI: {'PD_2,PD_3': 0.0, 'PD_2,PD_4': 0.0, 'PD_2,PD_5': 0.0, 'PD_3,PD_4': 1.0, 'PD_3,PD_5': 0.0, 'PD_4,PD_5': 0.0}, ASR: 0.75, TCB: {'PD_2': ['PD_4'], 'PD_3': ['PD_4'], 'PD_4': ['PD_3'], 'PD_5': []}, FR: {'PD_2,PD_3': inf, 'PD_2,PD_4': inf, 'PD_2,PD_5': inf, 'PD_3,PD_4': inf, 'PD_3,PD_5': inf, 'PD_4,PD_5': inf}
  Computing metrics...
    RSI: {'PD_2,PD_3': 0.0, 'PD_2,PD_4': 0.0, 'PD_2,PD_5': 0.0, 'PD_3,PD_4': 1.0, 'PD_3,PD_5': 0.0, 'PD_4,PD_5': 0.0}, ASR: 0.75, TCB: {'PD_2': ['PD_4'], 'PD_3': ['PD_4'], 'PD_4': ['PD_3'], 'PD_5': []}, FR: {'PD_2,PD_3': inf, 'PD_2,PD_4': inf, 'PD_2,PD_5': inf, 'PD_3,PD_4': inf, 'PD_3,PD_5': inf, 'PD_4,PD_5': inf}
  Computing metrics...
    RSI: {'PD_2,PD_3': 0.0, 'PD_2,PD_4': 0.0, 'PD_2,PD_5': 0.0, 'PD_3,PD_4': 1.0, 'PD_3,PD_5': 0.0, 'PD_4,PD_5': 0.0}, ASR: 0.75, TCB: {'PD_2': ['PD_4'], 'PD_3': ['PD_4'], 'PD_4': ['PD_3'], 'PD_5': []}, FR: {'PD_2,PD_3': inf, 'PD_2,PD_4': inf, 'PD_2,PD_5': inf, 'PD_3,PD_4': inf, 'PD_3,PD_5': inf, 'PD_4,PD_5': inf}
  Computing metrics...
    RSI: {'PD_2,PD_3': 0.0, 'PD_2,PD_4': 0.0, 'PD_2,PD_5': 0.0, 'PD_3,PD_4': 1.0, 'PD_3,PD_5': 0.0, 'PD_4,PD_5': 0.0}, ASR: 0.75, TCB: {'PD_2': ['PD_4'], 'PD_3': ['PD_4'], 'PD_4': ['PD_3'], 'PD_5': []}, FR: {'PD_2,PD_3': inf, 'PD_2,PD_4': inf, 'PD_2,PD_5': inf, 'PD_3,PD_4': inf, 'PD_3,PD_5': inf, 'PD_4,PD_5': inf}
  Computing metrics...
    RSI: {'PD_2,PD_3': 0.0, 'PD_2,PD_4': 0.0, 'PD_2,PD_5': 0.0, 'PD_3,PD_4': 1.0, 'PD_3,PD_5': 0.0, 'PD_4,PD_5': 0.0}, ASR: 0.75, TCB: {'PD_2': ['PD_4'], 'PD_3': ['PD_4'], 'PD_4': ['PD_3'], 'PD_5': []}, FR: {'PD_2,PD_3': inf, 'PD_2,PD_4': inf, 'PD_2,PD_5': inf, 'PD_3,PD_4': inf, 'PD_3,PD_5': inf, 'PD_4,PD_5': inf}
  Computing metrics...
    RSI: {'PD_2,PD_3': 0.0, 'PD_2,PD_4': 0.0, 'PD_2,PD_5': 0.0, 'PD_3,PD_4': 1.0, 'PD_3,PD_5': 0.0, 'PD_4,PD_5': 0.0}, ASR: 0.75, TCB: {'PD_2': ['PD_4'], 'PD_3': ['PD_4'], 'PD_4': ['PD_3'], 'PD_5': []}, FR: {'PD_2,PD_3': inf, 'PD_2,PD_4': inf, 'PD_2,PD_5': inf, 'PD_3,PD_4': inf, 'PD_3,PD_5': inf, 'PD_4,PD_5': inf}
  Computing metrics...
    RSI: {'PD_2,PD_3': 0.0, 'PD_2,PD_4': 0.0, 'PD_2,PD_5': 0.0, 'PD_3,PD_4': 1.0, 'PD_3,PD_5': 0.0, 'PD_4,PD_5': 0.0}, ASR: 0.75, TCB: {'PD_2': ['PD_4'], 'PD_3': ['PD_4'], 'PD_4': ['PD_3'], 'PD_5': []}, FR: {'PD_2,PD_3': inf, 'PD_2,PD_4': inf, 'PD_2,PD_5': inf, 'PD_3,PD_4': inf, 'PD_3,PD_5': inf, 'PD_4,PD_5': inf}
  Computing metrics...
    RSI: {'PD_2,PD_3': 0.0, 'PD_2,PD_4': 0.0, 'PD_2,PD_5': 0.0, 'PD_3,PD_4': 1.0, 'PD_3,PD_5': 0.0, 'PD_4,PD_5': 0.0}, ASR: 0.75, TCB: {'PD_2': ['PD_4'], 'PD_3': ['PD_4'], 'PD_4': ['PD_3'], 'PD_5': []}, FR: {'PD_2,PD_3': inf, 'PD_2,PD_4': inf, 'PD_2,PD_5': inf, 'PD_3,PD_4': inf, 'PD_3,PD_5': inf, 'PD_4,PD_5': inf}
  Computing metrics...
    RSI: {'PD_2,PD_3': 0.0, 'PD_2,PD_4': 0.0, 'PD_2,PD_5': 0.0, 'PD_3,PD_4': 1.0, 'PD_3,PD_5': 0.0, 'PD_4,PD_5': 0.0}, ASR: 0.75, TCB: {'PD_2': ['PD_4'], 'PD_3': ['PD_4'], 'PD_4': ['PD_3'], 'PD_5': []}, FR: {'PD_2,PD_3': inf, 'PD_2,PD_4': inf, 'PD_2,PD_5': inf, 'PD_3,PD_4': inf, 'PD_3,PD_5': inf, 'PD_4,PD_5': inf}
  Computing metrics...
    RSI: {'PD_2,PD_3': 0.0, 'PD_2,PD_4': 0.0, 'PD_2,PD_5': 0.0, 'PD_3,PD_4': 1.0, 'PD_3,PD_5': 0.0, 'PD_4,PD_5': 0.0}, ASR: 0.75, TCB: {'PD_2': ['PD_4'], 'PD_3': ['PD_4'], 'PD_4': ['PD_3'], 'PD_5': []}, FR: {'PD_2,PD_3': inf, 'PD_2,PD_4': inf, 'PD_2,PD_5': inf, 'PD_3,PD_4': inf, 'PD_3,PD_5': inf, 'PD_4,PD_5': inf}
  Computing metrics...
    RSI: {'PD_2,PD_3': 0.0, 'PD_2,PD_4': 0.0, 'PD_2,PD_5': 0.0, 'PD_3,PD_4': 1.0, 'PD_3,PD_5': 0.0, 'PD_4,PD_5': 0.0}, ASR: 0.75, TCB: {'PD_2': ['PD_4'], 'PD_3': ['PD_4'], 'PD_4': ['PD_3'], 'PD_5': []}, FR: {'PD_2,PD_3': inf, 'PD_2,PD_4': inf, 'PD_2,PD_5': inf, 'PD_3,PD_4': inf, 'PD_3,PD_5': inf, 'PD_4,PD_5': inf}
  Computing metrics...
    RSI: {'PD_2,PD_3': 0.0, 'PD_2,PD_4': 0.0, 'PD_2,PD_5': 0.0, 'PD_3,PD_4': 1.0, 'PD_3,PD_5': 0.0, 'PD_4,PD_5': 0.0}, ASR: 0.75, TCB: {'PD_2': ['PD_4'], 'PD_3': ['PD_4'], 'PD_4': ['PD_3'], 'PD_5': []}, FR: {'PD_2,PD_3': inf, 'PD_2,PD_4': inf, 'PD_2,PD_5': inf, 'PD_3,PD_4': inf, 'PD_3,PD_5': inf, 'PD_4,PD_5': inf}
  Computing metrics...
    RSI: {'PD_2,PD_3': 0.0, 'PD_2,PD_4': 0.0, 'PD_2,PD_5': 0.0, 'PD_3,PD_4': 1.0, 'PD_3,PD_5': 0.0, 'PD_4,PD_5': 0.0}, ASR: 0.75, TCB: {'PD_2': ['PD_4'], 'PD_3': ['PD_4'], 'PD_4': ['PD_3'], 'PD_5': []}, FR: {'PD_2,PD_3': inf, 'PD_2,PD_4': inf, 'PD_2,PD_5': inf, 'PD_3,PD_4': inf, 'PD_3,PD_5': inf, 'PD_4,PD_5': inf}
  Computing metrics...
    RSI: {'PD_2,PD_3': 1.0, 'PD_2,PD_4': 1.0, 'PD_2,PD_5': 0.0, 'PD_3,PD_4': 1.0, 'PD_3,PD_5': 0.0, 'PD_4,PD_5': 0.0}, ASR: 1.0, TCB: {'PD_2': ['PD_4', 'PD_3'], 'PD_3': ['PD_2', 'PD_4'], 'PD_4': ['PD_2', 'PD_3'], 'PD_5': []}, FR: {'PD_2,PD_3': inf, 'PD_2,PD_4': inf, 'PD_2,PD_5': inf, 'PD_3,PD_4': inf, 'PD_3,PD_5': inf, 'PD_4,PD_5': inf}
  Computing metrics...
    RSI: {'PD_2,PD_3': 0.0, 'PD_2,PD_4': 0.0, 'PD_2,PD_5': 0.0, 'PD_3,PD_4': 1.0, 'PD_3,PD_5': 0.0, 'PD_4,PD_5': 0.0}, ASR: 0.75, TCB: {'PD_2': ['PD_4'], 'PD_3': ['PD_4'], 'PD_4': ['PD_3'], 'PD_5': []}, FR: {'PD_2,PD_3': inf, 'PD_2,PD_4': inf, 'PD_2,PD_5': inf, 'PD_3,PD_4': inf, 'PD_3,PD_5': inf, 'PD_4,PD_5': inf}
  Computing metrics...
    RSI: {'PD_2,PD_3': 0.0, 'PD_2,PD_4': 0.0, 'PD_2,PD_5': 0.0, 'PD_3,PD_4': 1.0, 'PD_3,PD_5': 1.0, 'PD_4,PD_5': 1.0}, ASR: 1.0, TCB: {'PD_2': ['PD_4'], 'PD_3': ['PD_4', 'PD_5'], 'PD_4': ['PD_3', 'PD_5'], 'PD_5': ['PD_3', 'PD_4']}, FR: {'PD_2,PD_3': inf, 'PD_2,PD_4': inf, 'PD_2,PD_5': inf, 'PD_3,PD_4': inf, 'PD_3,PD_5': inf, 'PD_4,PD_5': inf}
  Computing metrics...
    RSI: {'PD_2,PD_3': 0.0, 'PD_2,PD_4': 0.0, 'PD_2,PD_5': 0.0, 'PD_3,PD_4': 1.0, 'PD_3,PD_5': 0.0, 'PD_4,PD_5': 0.0}, ASR: 0.75, TCB: {'PD_2': ['PD_4'], 'PD_3': ['PD_4'], 'PD_4': ['PD_3'], 'PD_5': []}, FR: {'PD_2,PD_3': inf, 'PD_2,PD_4': inf, 'PD_2,PD_5': inf, 'PD_3,PD_4': inf, 'PD_3,PD_5': inf, 'PD_4,PD_5': inf}
  Computing metrics...
    RSI: {'PD_2,PD_3': 0.0, 'PD_2,PD_4': 0.0, 'PD_2,PD_5': 0.0, 'PD_3,PD_4': 1.0, 'PD_3,PD_5': 0.0, 'PD_4,PD_5': 0.0}, ASR: 0.75, TCB: {'PD_2': ['PD_4'], 'PD_3': ['PD_4'], 'PD_4': ['PD_3'], 'PD_5': []}, FR: {'PD_2,PD_3': inf, 'PD_2,PD_4': inf, 'PD_2,PD_5': inf, 'PD_3,PD_4': inf, 'PD_3,PD_5': inf, 'PD_4,PD_5': inf}
    remove_hold_edge candidate: remove PD_3 -> FILE_1_1 HOLD edge -> score: 0.100
  Computing metrics...
    RSI: {'PD_2,PD_3': 0.0, 'PD_2,PD_4': 0.0, 'PD_2,PD_5': 0.0, 'PD_3,PD_4': 1.0, 'PD_3,PD_5': 0.0, 'PD_4,PD_5': 0.0}, ASR: 0.75, TCB: {'PD_2': ['PD_4'], 'PD_3': ['PD_4'], 'PD_4': ['PD_3'], 'PD_5': []}, FR: {'PD_2,PD_3': inf, 'PD_2,PD_4': inf, 'PD_2,PD_5': inf, 'PD_3,PD_4': inf, 'PD_3,PD_5': inf, 'PD_4,PD_5': inf}
  Computing metrics...
    RSI: {'PD_2,PD_3': 0.0, 'PD_2,PD_4': 0.0, 'PD_2,PD_5': 0.0, 'PD_3,PD_4': 1.0, 'PD_3,PD_5': 0.0, 'PD_4,PD_5': 0.0}, ASR: 0.75, TCB: {'PD_2': ['PD_4'], 'PD_3': ['PD_4'], 'PD_4': ['PD_3'], 'PD_5': []}, FR: {'PD_2,PD_3': inf, 'PD_2,PD_4': inf, 'PD_2,PD_5': inf, 'PD_3,PD_4': inf, 'PD_3,PD_5': inf, 'PD_4,PD_5': inf}
    remove_hold_edge candidate: remove PD_4 -> FILE_1_1 HOLD edge -> score: 0.100
  Computing metrics...
    RSI: {'PD_2,PD_3': 0.0, 'PD_2,PD_4': 0.0, 'PD_2,PD_5': 0.0, 'PD_3,PD_4': 1.0, 'PD_3,PD_5': 0.0, 'PD_4,PD_5': 0.0}, ASR: 0.75, TCB: {'PD_2': ['PD_4'], 'PD_3': ['PD_4'], 'PD_4': ['PD_3'], 'PD_5': []}, FR: {'PD_2,PD_3': inf, 'PD_2,PD_4': inf, 'PD_2,PD_5': inf, 'PD_3,PD_4': inf, 'PD_3,PD_5': inf, 'PD_4,PD_5': inf}
  Computing metrics...
    RSI: {'PD_2,PD_3': 0.0, 'PD_2,PD_4': 0.0, 'PD_2,PD_5': 0.0, 'PD_3,PD_4': 1.0, 'PD_3,PD_5': 0.0, 'PD_4,PD_5': 0.0}, ASR: 1.0, TCB: {'PD_2': ['PD_4', 'PD_3'], 'PD_3': ['PD_4'], 'PD_4': ['PD_3'], 'PD_5': []}, FR: {'PD_2,PD_3': inf, 'PD_2,PD_4': inf, 'PD_2,PD_5': inf, 'PD_3,PD_4': inf, 'PD_3,PD_5': inf, 'PD_4,PD_5': inf}
  Computing metrics...
    RSI: {'PD_2,PD_3': 0.0, 'PD_2,PD_4': 0.0, 'PD_2,PD_5': 0.0, 'PD_3,PD_4': 1.0, 'PD_3,PD_5': 0.0, 'PD_4,PD_5': 0.0}, ASR: 0.75, TCB: {'PD_2': ['PD_4'], 'PD_3': ['PD_4'], 'PD_4': ['PD_3'], 'PD_5': []}, FR: {'PD_2,PD_3': inf, 'PD_2,PD_4': inf, 'PD_2,PD_5': inf, 'PD_3,PD_4': inf, 'PD_3,PD_5': inf, 'PD_4,PD_5': inf}
  Computing metrics...
    RSI: {'PD_2,PD_3': 0.0, 'PD_2,PD_4': 0.0, 'PD_2,PD_5': 0.0, 'PD_3,PD_4': 1.0, 'PD_3,PD_5': 0.0, 'PD_4,PD_5': 0.0}, ASR: 1.0, TCB: {'PD_2': ['PD_4', 'PD_5'], 'PD_3': ['PD_4'], 'PD_4': ['PD_3'], 'PD_5': []}, FR: {'PD_2,PD_3': inf, 'PD_2,PD_4': inf, 'PD_2,PD_5': inf, 'PD_3,PD_4': inf, 'PD_3,PD_5': inf, 'PD_4,PD_5': inf}
  Computing metrics...
    RSI: {'PD_2,PD_3': 0.0, 'PD_2,PD_4': 0.0, 'PD_2,PD_5': 0.0, 'PD_3,PD_4': 1.0, 'PD_3,PD_5': 0.0, 'PD_4,PD_5': 0.0}, ASR: 0.75, TCB: {'PD_2': ['PD_4'], 'PD_3': ['PD_4'], 'PD_4': ['PD_3'], 'PD_5': []}, FR: {'PD_2,PD_3': inf, 'PD_2,PD_4': inf, 'PD_2,PD_5': inf, 'PD_3,PD_4': inf, 'PD_3,PD_5': inf, 'PD_4,PD_5': inf}
  Computing metrics...
    RSI: {'PD_2,PD_3': 0.0, 'PD_2,PD_4': 0.0, 'PD_2,PD_5': 0.0, 'PD_3,PD_4': 1.0, 'PD_3,PD_5': 0.0, 'PD_4,PD_5': 0.0}, ASR: 1.0, TCB: {'PD_2': ['PD_4'], 'PD_3': ['PD_2', 'PD_4'], 'PD_4': ['PD_3'], 'PD_5': []}, FR: {'PD_2,PD_3': 3, 'PD_2,PD_4': inf, 'PD_2,PD_5': inf, 'PD_3,PD_4': inf, 'PD_3,PD_5': inf, 'PD_4,PD_5': inf}
  Computing metrics...
    RSI: {'PD_2,PD_3': 0.0, 'PD_2,PD_4': 0.0, 'PD_2,PD_5': 0.0, 'PD_3,PD_4': 1.0, 'PD_3,PD_5': 0.0, 'PD_4,PD_5': 0.0}, ASR: 0.75, TCB: {'PD_2': ['PD_4'], 'PD_3': ['PD_4'], 'PD_4': ['PD_3'], 'PD_5': []}, FR: {'PD_2,PD_3': inf, 'PD_2,PD_4': inf, 'PD_2,PD_5': inf, 'PD_3,PD_4': inf, 'PD_3,PD_5': inf, 'PD_4,PD_5': inf}
  Computing metrics...
    RSI: {'PD_2,PD_3': 0.0, 'PD_2,PD_4': 0.0, 'PD_2,PD_5': 0.0, 'PD_3,PD_4': 1.0, 'PD_3,PD_5': 0.0, 'PD_4,PD_5': 0.0}, ASR: 1.0, TCB: {'PD_2': ['PD_4'], 'PD_3': ['PD_4'], 'PD_4': ['PD_3'], 'PD_5': []}, FR: {'PD_2,PD_3': 2, 'PD_2,PD_4': inf, 'PD_2,PD_5': inf, 'PD_3,PD_4': inf, 'PD_3,PD_5': inf, 'PD_4,PD_5': inf}
  Computing metrics...
    RSI: {'PD_2,PD_3': 0.0, 'PD_2,PD_4': 0.0, 'PD_2,PD_5': 0.0, 'PD_3,PD_4': 1.0, 'PD_3,PD_5': 0.0, 'PD_4,PD_5': 0.0}, ASR: 0.75, TCB: {'PD_2': ['PD_4'], 'PD_3': ['PD_4'], 'PD_4': ['PD_3'], 'PD_5': []}, FR: {'PD_2,PD_3': inf, 'PD_2,PD_4': inf, 'PD_2,PD_5': inf, 'PD_3,PD_4': inf, 'PD_3,PD_5': inf, 'PD_4,PD_5': inf}
  Computing metrics...
    RSI: {'PD_2,PD_3': 0.0, 'PD_2,PD_4': 0.0, 'PD_2,PD_5': 0.0, 'PD_3,PD_4': 1.0, 'PD_3,PD_5': 0.0, 'PD_4,PD_5': 0.0}, ASR: 1.0, TCB: {'PD_2': ['PD_4'], 'PD_3': ['PD_5', 'PD_4'], 'PD_4': ['PD_3'], 'PD_5': []}, FR: {'PD_2,PD_3': inf, 'PD_2,PD_4': inf, 'PD_2,PD_5': inf, 'PD_3,PD_4': inf, 'PD_3,PD_5': inf, 'PD_4,PD_5': inf}
  Computing metrics...
    RSI: {'PD_2,PD_3': 0.0, 'PD_2,PD_4': 0.0, 'PD_2,PD_5': 0.0, 'PD_3,PD_4': 1.0, 'PD_3,PD_5': 0.0, 'PD_4,PD_5': 0.0}, ASR: 0.75, TCB: {'PD_2': ['PD_4'], 'PD_3': ['PD_4'], 'PD_4': ['PD_3'], 'PD_5': []}, FR: {'PD_2,PD_3': inf, 'PD_2,PD_4': inf, 'PD_2,PD_5': inf, 'PD_3,PD_4': inf, 'PD_3,PD_5': inf, 'PD_4,PD_5': inf}
  Computing metrics...
    RSI: {'PD_2,PD_3': 0.0, 'PD_2,PD_4': 0.0, 'PD_2,PD_5': 0.0, 'PD_3,PD_4': 1.0, 'PD_3,PD_5': 0.0, 'PD_4,PD_5': 0.0}, ASR: 1.0, TCB: {'PD_2': ['PD_4'], 'PD_3': ['PD_4'], 'PD_4': ['PD_2', 'PD_3'], 'PD_5': []}, FR: {'PD_2,PD_3': inf, 'PD_2,PD_4': inf, 'PD_2,PD_5': inf, 'PD_3,PD_4': inf, 'PD_3,PD_5': inf, 'PD_4,PD_5': inf}
  Computing metrics...
    RSI: {'PD_2,PD_3': 0.0, 'PD_2,PD_4': 0.0, 'PD_2,PD_5': 0.0, 'PD_3,PD_4': 1.0, 'PD_3,PD_5': 0.0, 'PD_4,PD_5': 0.0}, ASR: 0.75, TCB: {'PD_2': ['PD_4'], 'PD_3': ['PD_4'], 'PD_4': ['PD_3'], 'PD_5': []}, FR: {'PD_2,PD_3': inf, 'PD_2,PD_4': inf, 'PD_2,PD_5': inf, 'PD_3,PD_4': inf, 'PD_3,PD_5': inf, 'PD_4,PD_5': inf}
  Computing metrics...
    RSI: {'PD_2,PD_3': 0.0, 'PD_2,PD_4': 0.0, 'PD_2,PD_5': 0.0, 'PD_3,PD_4': 1.0, 'PD_3,PD_5': 0.0, 'PD_4,PD_5': 0.0}, ASR: 1.0, TCB: {'PD_2': ['PD_4'], 'PD_3': ['PD_4'], 'PD_4': ['PD_3'], 'PD_5': []}, FR: {'PD_2,PD_3': inf, 'PD_2,PD_4': 3, 'PD_2,PD_5': inf, 'PD_3,PD_4': inf, 'PD_3,PD_5': inf, 'PD_4,PD_5': inf}
  Computing metrics...
    RSI: {'PD_2,PD_3': 0.0, 'PD_2,PD_4': 0.0, 'PD_2,PD_5': 0.0, 'PD_3,PD_4': 1.0, 'PD_3,PD_5': 0.0, 'PD_4,PD_5': 0.0}, ASR: 0.75, TCB: {'PD_2': ['PD_4'], 'PD_3': ['PD_4'], 'PD_4': ['PD_3'], 'PD_5': []}, FR: {'PD_2,PD_3': inf, 'PD_2,PD_4': inf, 'PD_2,PD_5': inf, 'PD_3,PD_4': inf, 'PD_3,PD_5': inf, 'PD_4,PD_5': inf}
  Computing metrics...
    RSI: {'PD_2,PD_3': 0.0, 'PD_2,PD_4': 0.0, 'PD_2,PD_5': 0.0, 'PD_3,PD_4': 1.0, 'PD_3,PD_5': 0.0, 'PD_4,PD_5': 0.0}, ASR: 1.0, TCB: {'PD_2': ['PD_4'], 'PD_3': ['PD_4'], 'PD_4': ['PD_5', 'PD_3'], 'PD_5': []}, FR: {'PD_2,PD_3': inf, 'PD_2,PD_4': 3, 'PD_2,PD_5': inf, 'PD_3,PD_4': inf, 'PD_3,PD_5': inf, 'PD_4,PD_5': inf}
  Computing metrics...
    RSI: {'PD_2,PD_3': 0.0, 'PD_2,PD_4': 0.0, 'PD_2,PD_5': 0.0, 'PD_3,PD_4': 1.0, 'PD_3,PD_5': 0.0, 'PD_4,PD_5': 0.0}, ASR: 0.75, TCB: {'PD_2': ['PD_4'], 'PD_3': ['PD_4'], 'PD_4': ['PD_3'], 'PD_5': []}, FR: {'PD_2,PD_3': inf, 'PD_2,PD_4': inf, 'PD_2,PD_5': inf, 'PD_3,PD_4': inf, 'PD_3,PD_5': inf, 'PD_4,PD_5': inf}
  Computing metrics...
    RSI: {'PD_2,PD_3': 0.0, 'PD_2,PD_4': 0.0, 'PD_2,PD_5': 0.0, 'PD_3,PD_4': 1.0, 'PD_3,PD_5': 0.0, 'PD_4,PD_5': 0.0}, ASR: 1.0, TCB: {'PD_2': ['PD_4'], 'PD_3': ['PD_4'], 'PD_4': ['PD_3'], 'PD_5': ['PD_2']}, FR: {'PD_2,PD_3': inf, 'PD_2,PD_4': inf, 'PD_2,PD_5': 3, 'PD_3,PD_4': inf, 'PD_3,PD_5': inf, 'PD_4,PD_5': inf}
  Computing metrics...
    RSI: {'PD_2,PD_3': 0.0, 'PD_2,PD_4': 0.0, 'PD_2,PD_5': 0.0, 'PD_3,PD_4': 1.0, 'PD_3,PD_5': 0.0, 'PD_4,PD_5': 0.0}, ASR: 0.75, TCB: {'PD_2': ['PD_4'], 'PD_3': ['PD_4'], 'PD_4': ['PD_3'], 'PD_5': []}, FR: {'PD_2,PD_3': inf, 'PD_2,PD_4': inf, 'PD_2,PD_5': inf, 'PD_3,PD_4': inf, 'PD_3,PD_5': inf, 'PD_4,PD_5': inf}
  Computing metrics...
    RSI: {'PD_2,PD_3': 0.0, 'PD_2,PD_4': 0.0, 'PD_2,PD_5': 0.0, 'PD_3,PD_4': 1.0, 'PD_3,PD_5': 0.0, 'PD_4,PD_5': 0.0}, ASR: 1.0, TCB: {'PD_2': ['PD_4'], 'PD_3': ['PD_4'], 'PD_4': ['PD_3'], 'PD_5': ['PD_3']}, FR: {'PD_2,PD_3': inf, 'PD_2,PD_4': inf, 'PD_2,PD_5': inf, 'PD_3,PD_4': inf, 'PD_3,PD_5': inf, 'PD_4,PD_5': inf}
  Computing metrics...
    RSI: {'PD_2,PD_3': 0.0, 'PD_2,PD_4': 0.0, 'PD_2,PD_5': 0.0, 'PD_3,PD_4': 1.0, 'PD_3,PD_5': 0.0, 'PD_4,PD_5': 0.0}, ASR: 0.75, TCB: {'PD_2': ['PD_4'], 'PD_3': ['PD_4'], 'PD_4': ['PD_3'], 'PD_5': []}, FR: {'PD_2,PD_3': inf, 'PD_2,PD_4': inf, 'PD_2,PD_5': inf, 'PD_3,PD_4': inf, 'PD_3,PD_5': inf, 'PD_4,PD_5': inf}
  Computing metrics...
    RSI: {'PD_2,PD_3': 0.0, 'PD_2,PD_4': 0.0, 'PD_2,PD_5': 0.0, 'PD_3,PD_4': 1.0, 'PD_3,PD_5': 0.0, 'PD_4,PD_5': 0.0}, ASR: 1.0, TCB: {'PD_2': ['PD_4'], 'PD_3': ['PD_4'], 'PD_4': ['PD_3'], 'PD_5': ['PD_4']}, FR: {'PD_2,PD_3': inf, 'PD_2,PD_4': inf, 'PD_2,PD_5': 2, 'PD_3,PD_4': inf, 'PD_3,PD_5': inf, 'PD_4,PD_5': inf}
  Computing metrics...
    RSI: {'PD_2,PD_3': 0.0, 'PD_2,PD_4': 0.0, 'PD_2,PD_5': 0.0, 'PD_3,PD_4': 1.0, 'PD_3,PD_5': 0.0, 'PD_4,PD_5': 0.0}, ASR: 0.75, TCB: {'PD_2': ['PD_4'], 'PD_3': ['PD_4'], 'PD_4': ['PD_3'], 'PD_5': []}, FR: {'PD_2,PD_3': inf, 'PD_2,PD_4': inf, 'PD_2,PD_5': inf, 'PD_3,PD_4': inf, 'PD_3,PD_5': inf, 'PD_4,PD_5': inf}
  Computing metrics...
    RSI: {'PD_2,PD_3': 0.0, 'PD_2,PD_4': 0.0, 'PD_2,PD_5': 0.0, 'PD_3,PD_4': 1.0, 'PD_3,PD_5': 0.0, 'PD_4,PD_5': 0.0}, ASR: 0.75, TCB: {'PD_2': ['PD_4'], 'PD_3': ['PD_4'], 'PD_4': ['PD_3'], 'PD_5': []}, FR: {'PD_2,PD_3': inf, 'PD_2,PD_4': inf, 'PD_2,PD_5': inf, 'PD_3,PD_4': inf, 'PD_3,PD_5': inf, 'PD_4,PD_5': inf}
  Computing metrics...
    RSI: {'PD_2,PD_3': 0.0, 'PD_2,PD_4': 0.0, 'PD_2,PD_5': 0.0, 'PD_3,PD_4': 1.0, 'PD_3,PD_5': 0.0, 'PD_4,PD_5': 0.0}, ASR: 0.75, TCB: {'PD_2': ['PD_4'], 'PD_3': ['PD_4'], 'PD_4': ['PD_3'], 'PD_5': []}, FR: {'PD_2,PD_3': inf, 'PD_2,PD_4': inf, 'PD_2,PD_5': inf, 'PD_3,PD_4': inf, 'PD_3,PD_5': inf, 'PD_4,PD_5': inf}
  Computing metrics...
    RSI: {'PD_2,PD_3': 0.0, 'PD_2,PD_4': 0.0, 'PD_2,PD_5': 0.0, 'PD_3,PD_4': 1.0, 'PD_3,PD_5': 0.0, 'PD_4,PD_5': 0.0}, ASR: 0.75, TCB: {'PD_2': ['PD_4'], 'PD_3': ['PD_4'], 'PD_4': ['PD_3'], 'PD_5': []}, FR: {'PD_2,PD_3': inf, 'PD_2,PD_4': inf, 'PD_2,PD_5': inf, 'PD_3,PD_4': inf, 'PD_3,PD_5': inf, 'PD_4,PD_5': inf}
  🚫 Filtered out 2 'remove_pd' candidates (avoiding repetition)
  Trying best transition: primitive
    Target: connect PD_2 to FILE_1_1
    Predicted improvement: 3.433
    Considered 22 other option(s):
      1. primitive: connect PD_5 to FILE_1_1 (improvement: 3.433)
      2. primitive: add new protection domain to help resolve 3 constraint violation(s) (improvement: 0.100)
      3. primitive: create new CONFIG file in FILE_SPACE_1 (improvement: 0.100)
      4. primitive: create new DATABASE file in FILE_SPACE_1 (improvement: 0.100)
      5. primitive: create new TEMP file in FILE_SPACE_1 (improvement: 0.100)
      6. primitive: create new LOG file in FILE_SPACE_1 (improvement: 0.100)
      7. primitive: remove FILE_1_1 (holders: 2) (improvement: 0.100)
      8. primitive: remove PD_3 -> FILE_1_1 HOLD edge (improvement: 0.100)
      9. primitive: remove PD_4 -> FILE_1_1 HOLD edge (improvement: 0.100)
      10. primitive: enable indirect access: PD_2 -> PD_3 (improvement: 0.100)
      ... and 12 more
    ✅ Applied add_hold_edge
  Computing metrics...
    RSI: {'PD_2,PD_3': 1.0, 'PD_2,PD_4': 1.0, 'PD_2,PD_5': 0.0, 'PD_3,PD_4': 1.0, 'PD_3,PD_5': 0.0, 'PD_4,PD_5': 0.0}, ASR: 1.0, TCB: {'PD_2': ['PD_4', 'PD_3'], 'PD_3': ['PD_2', 'PD_4'], 'PD_4': ['PD_2', 'PD_3'], 'PD_5': []}, FR: {'PD_2,PD_3': inf, 'PD_2,PD_4': inf, 'PD_2,PD_5': inf, 'PD_3,PD_4': inf, 'PD_3,PD_5': inf, 'PD_4,PD_5': inf}
    Warning: PD pair PD_1,PD_2 not found in RSI metrics
    Goals not yet satisfied, continuing exploration
  ✅ Mechanism saved! Total mechanisms found: 3

📊 Graph after iteration 3:
        # Graph structure:
        # PD_2 --REQUEST--> PD_4
        # PD_2 --HOLD--> FILE_1_1 -> FILE_SPACE_1
        # PD_3 --HOLD--> FILE_1_1 -> FILE_SPACE_1
        # PD_4 --HOLD--> FILE_1_1 -> FILE_SPACE_1
        # PD_5
        #
        # FILE_1_1 shared by: PD_2, PD_3, PD_4


Iteration 4/10
  Computing metrics...
    RSI: {'PD_2,PD_3': 1.0, 'PD_2,PD_4': 1.0, 'PD_2,PD_5': 0.0, 'PD_3,PD_4': 1.0, 'PD_3,PD_5': 0.0, 'PD_4,PD_5': 0.0}, ASR: 1.0, TCB: {'PD_2': ['PD_4', 'PD_3'], 'PD_3': ['PD_2', 'PD_4'], 'PD_4': ['PD_2', 'PD_3'], 'PD_5': []}, FR: {'PD_2,PD_3': inf, 'PD_2,PD_4': inf, 'PD_2,PD_5': inf, 'PD_3,PD_4': inf, 'PD_3,PD_5': inf, 'PD_4,PD_5': inf}
  Computing metrics...
    RSI: {'PD_2,PD_3': 1.0, 'PD_2,PD_4': 1.0, 'PD_2,PD_5': 0.0, 'PD_3,PD_4': 1.0, 'PD_3,PD_5': 0.0, 'PD_4,PD_5': 0.0}, ASR: 1.0, TCB: {'PD_2': ['PD_4', 'PD_3'], 'PD_3': ['PD_2', 'PD_4'], 'PD_4': ['PD_2', 'PD_3'], 'PD_5': []}, FR: {'PD_2,PD_3': inf, 'PD_2,PD_4': inf, 'PD_2,PD_5': inf, 'PD_3,PD_4': inf, 'PD_3,PD_5': inf, 'PD_4,PD_5': inf}
  Computing metrics...
    RSI: {'PD_2,PD_3': 1.0, 'PD_2,PD_4': 1.0, 'PD_2,PD_5': 0.0, 'PD_3,PD_4': 1.0, 'PD_3,PD_5': 0.0, 'PD_4,PD_5': 0.0}, ASR: 1.0, TCB: {'PD_2': ['PD_4', 'PD_3'], 'PD_3': ['PD_2', 'PD_4'], 'PD_4': ['PD_2', 'PD_3'], 'PD_5': []}, FR: {'PD_2,PD_3': inf, 'PD_2,PD_4': inf, 'PD_2,PD_5': inf, 'PD_3,PD_4': inf, 'PD_3,PD_5': inf, 'PD_4,PD_5': inf}
  Computing metrics...
    RSI: {'PD_2,PD_3': 1.0, 'PD_2,PD_4': 1.0, 'PD_2,PD_5': 0.0, 'PD_3,PD_4': 1.0, 'PD_3,PD_5': 0.0, 'PD_4,PD_5': 0.0}, ASR: 1.0, TCB: {'PD_2': ['PD_4', 'PD_3'], 'PD_3': ['PD_2', 'PD_4'], 'PD_4': ['PD_2', 'PD_3'], 'PD_5': []}, FR: {'PD_2,PD_3': inf, 'PD_2,PD_4': inf, 'PD_2,PD_5': inf, 'PD_3,PD_4': inf, 'PD_3,PD_5': inf, 'PD_4,PD_5': inf}
  Computing metrics...
    RSI: {'PD_2,PD_3': 1.0, 'PD_2,PD_4': 1.0, 'PD_2,PD_5': 0.0, 'PD_3,PD_4': 1.0, 'PD_3,PD_5': 0.0, 'PD_4,PD_5': 0.0}, ASR: 1.0, TCB: {'PD_2': ['PD_4', 'PD_3'], 'PD_3': ['PD_2', 'PD_4'], 'PD_4': ['PD_2', 'PD_3'], 'PD_5': []}, FR: {'PD_2,PD_3': inf, 'PD_2,PD_4': inf, 'PD_2,PD_5': inf, 'PD_3,PD_4': inf, 'PD_3,PD_5': inf, 'PD_4,PD_5': inf}
  Computing metrics...
    RSI: {'PD_2,PD_3': 1.0, 'PD_2,PD_4': 1.0, 'PD_2,PD_5': 0.0, 'PD_3,PD_4': 1.0, 'PD_3,PD_5': 0.0, 'PD_4,PD_5': 0.0}, ASR: 1.0, TCB: {'PD_2': ['PD_4', 'PD_3'], 'PD_3': ['PD_2', 'PD_4'], 'PD_4': ['PD_2', 'PD_3'], 'PD_5': []}, FR: {'PD_2,PD_3': inf, 'PD_2,PD_4': inf, 'PD_2,PD_5': inf, 'PD_3,PD_4': inf, 'PD_3,PD_5': inf, 'PD_4,PD_5': inf}
  Computing metrics...
    RSI: {'PD_2,PD_3': 1.0, 'PD_2,PD_4': 1.0, 'PD_2,PD_5': 0.0, 'PD_3,PD_4': 1.0, 'PD_3,PD_5': 0.0, 'PD_4,PD_5': 0.0}, ASR: 1.0, TCB: {'PD_2': ['PD_4', 'PD_3'], 'PD_3': ['PD_2', 'PD_4'], 'PD_4': ['PD_2', 'PD_3'], 'PD_5': []}, FR: {'PD_2,PD_3': inf, 'PD_2,PD_4': inf, 'PD_2,PD_5': inf, 'PD_3,PD_4': inf, 'PD_3,PD_5': inf, 'PD_4,PD_5': inf}
  Computing metrics...
    RSI: {'PD_2,PD_3': 1.0, 'PD_2,PD_4': 1.0, 'PD_2,PD_5': 0.0, 'PD_3,PD_4': 1.0, 'PD_3,PD_5': 0.0, 'PD_4,PD_5': 0.0}, ASR: 1.0, TCB: {'PD_2': ['PD_4', 'PD_3'], 'PD_3': ['PD_2', 'PD_4'], 'PD_4': ['PD_2', 'PD_3'], 'PD_5': []}, FR: {'PD_2,PD_3': inf, 'PD_2,PD_4': inf, 'PD_2,PD_5': inf, 'PD_3,PD_4': inf, 'PD_3,PD_5': inf, 'PD_4,PD_5': inf}
  Computing metrics...
    RSI: {'PD_2,PD_3': 1.0, 'PD_2,PD_4': 1.0, 'PD_2,PD_5': 0.0, 'PD_3,PD_4': 1.0, 'PD_3,PD_5': 0.0, 'PD_4,PD_5': 0.0}, ASR: 1.0, TCB: {'PD_2': ['PD_4', 'PD_3'], 'PD_3': ['PD_2', 'PD_4'], 'PD_4': ['PD_2', 'PD_3'], 'PD_5': []}, FR: {'PD_2,PD_3': inf, 'PD_2,PD_4': inf, 'PD_2,PD_5': inf, 'PD_3,PD_4': inf, 'PD_3,PD_5': inf, 'PD_4,PD_5': inf}
  Computing metrics...
    RSI: {'PD_2,PD_3': 1.0, 'PD_2,PD_4': 1.0, 'PD_2,PD_5': 0.0, 'PD_3,PD_4': 1.0, 'PD_3,PD_5': 0.0, 'PD_4,PD_5': 0.0}, ASR: 1.0, TCB: {'PD_2': ['PD_4', 'PD_3'], 'PD_3': ['PD_2', 'PD_4'], 'PD_4': ['PD_2', 'PD_3'], 'PD_5': []}, FR: {'PD_2,PD_3': inf, 'PD_2,PD_4': inf, 'PD_2,PD_5': inf, 'PD_3,PD_4': inf, 'PD_3,PD_5': inf, 'PD_4,PD_5': inf}
  Computing metrics...
    RSI: {'PD_2,PD_3': 1.0, 'PD_2,PD_4': 1.0, 'PD_2,PD_5': 0.0, 'PD_3,PD_4': 1.0, 'PD_3,PD_5': 0.0, 'PD_4,PD_5': 0.0}, ASR: 1.0, TCB: {'PD_2': ['PD_4', 'PD_3'], 'PD_3': ['PD_2', 'PD_4'], 'PD_4': ['PD_2', 'PD_3'], 'PD_5': []}, FR: {'PD_2,PD_3': inf, 'PD_2,PD_4': inf, 'PD_2,PD_5': inf, 'PD_3,PD_4': inf, 'PD_3,PD_5': inf, 'PD_4,PD_5': inf}
  Computing metrics...
    RSI: {'PD_2,PD_3': 1.0, 'PD_2,PD_4': 1.0, 'PD_2,PD_5': 0.0, 'PD_3,PD_4': 1.0, 'PD_3,PD_5': 0.0, 'PD_4,PD_5': 0.0}, ASR: 1.0, TCB: {'PD_2': ['PD_4', 'PD_3'], 'PD_3': ['PD_2', 'PD_4'], 'PD_4': ['PD_2', 'PD_3'], 'PD_5': []}, FR: {'PD_2,PD_3': inf, 'PD_2,PD_4': inf, 'PD_2,PD_5': inf, 'PD_3,PD_4': inf, 'PD_3,PD_5': inf, 'PD_4,PD_5': inf}
  Computing metrics...
    RSI: {'PD_2,PD_3': 1.0, 'PD_2,PD_4': 1.0, 'PD_2,PD_5': 0.0, 'PD_3,PD_4': 1.0, 'PD_3,PD_5': 0.0, 'PD_4,PD_5': 0.0}, ASR: 1.0, TCB: {'PD_2': ['PD_4', 'PD_3'], 'PD_3': ['PD_2', 'PD_4'], 'PD_4': ['PD_2', 'PD_3'], 'PD_5': []}, FR: {'PD_2,PD_3': inf, 'PD_2,PD_4': inf, 'PD_2,PD_5': inf, 'PD_3,PD_4': inf, 'PD_3,PD_5': inf, 'PD_4,PD_5': inf}
  Computing metrics...
    RSI: {'PD_2,PD_3': 1.0, 'PD_2,PD_4': 1.0, 'PD_2,PD_5': 0.0, 'PD_3,PD_4': 1.0, 'PD_3,PD_5': 0.0, 'PD_4,PD_5': 0.0}, ASR: 1.0, TCB: {'PD_2': ['PD_4', 'PD_3'], 'PD_3': ['PD_2', 'PD_4'], 'PD_4': ['PD_2', 'PD_3'], 'PD_5': []}, FR: {'PD_2,PD_3': inf, 'PD_2,PD_4': inf, 'PD_2,PD_5': inf, 'PD_3,PD_4': inf, 'PD_3,PD_5': inf, 'PD_4,PD_5': inf}
  Computing metrics...
    RSI: {'PD_2,PD_3': 1.0, 'PD_2,PD_4': 1.0, 'PD_2,PD_5': 0.0, 'PD_3,PD_4': 1.0, 'PD_3,PD_5': 0.0, 'PD_4,PD_5': 0.0}, ASR: 1.0, TCB: {'PD_2': ['PD_4', 'PD_3'], 'PD_3': ['PD_2', 'PD_4'], 'PD_4': ['PD_2', 'PD_3'], 'PD_5': []}, FR: {'PD_2,PD_3': inf, 'PD_2,PD_4': inf, 'PD_2,PD_5': inf, 'PD_3,PD_4': inf, 'PD_3,PD_5': inf, 'PD_4,PD_5': inf}
  Computing metrics...
    RSI: {'PD_2,PD_3': 1.0, 'PD_2,PD_4': 1.0, 'PD_2,PD_5': 1.0, 'PD_3,PD_4': 1.0, 'PD_3,PD_5': 1.0, 'PD_4,PD_5': 1.0}, ASR: 1.25, TCB: {'PD_2': ['PD_4', 'PD_3', 'PD_5'], 'PD_3': ['PD_2', 'PD_4', 'PD_5'], 'PD_4': ['PD_2', 'PD_3', 'PD_5'], 'PD_5': ['PD_2', 'PD_3', 'PD_4']}, FR: {'PD_2,PD_3': inf, 'PD_2,PD_4': inf, 'PD_2,PD_5': inf, 'PD_3,PD_4': inf, 'PD_3,PD_5': inf, 'PD_4,PD_5': inf}
  Computing metrics...
    RSI: {'PD_2,PD_3': 1.0, 'PD_2,PD_4': 1.0, 'PD_2,PD_5': 0.0, 'PD_3,PD_4': 1.0, 'PD_3,PD_5': 0.0, 'PD_4,PD_5': 0.0}, ASR: 1.0, TCB: {'PD_2': ['PD_4', 'PD_3'], 'PD_3': ['PD_2', 'PD_4'], 'PD_4': ['PD_2', 'PD_3'], 'PD_5': []}, FR: {'PD_2,PD_3': inf, 'PD_2,PD_4': inf, 'PD_2,PD_5': inf, 'PD_3,PD_4': inf, 'PD_3,PD_5': inf, 'PD_4,PD_5': inf}
  Computing metrics...
    RSI: {'PD_2,PD_3': 1.0, 'PD_2,PD_4': 1.0, 'PD_2,PD_5': 0.0, 'PD_3,PD_4': 1.0, 'PD_3,PD_5': 0.0, 'PD_4,PD_5': 0.0}, ASR: 1.0, TCB: {'PD_2': ['PD_4', 'PD_3'], 'PD_3': ['PD_2', 'PD_4'], 'PD_4': ['PD_2', 'PD_3'], 'PD_5': []}, FR: {'PD_2,PD_3': inf, 'PD_2,PD_4': inf, 'PD_2,PD_5': inf, 'PD_3,PD_4': inf, 'PD_3,PD_5': inf, 'PD_4,PD_5': inf}
    remove_hold_edge candidate: remove PD_3 -> FILE_1_1 HOLD edge -> score: 0.100
  Computing metrics...
    RSI: {'PD_2,PD_3': 1.0, 'PD_2,PD_4': 1.0, 'PD_2,PD_5': 0.0, 'PD_3,PD_4': 1.0, 'PD_3,PD_5': 0.0, 'PD_4,PD_5': 0.0}, ASR: 1.0, TCB: {'PD_2': ['PD_4', 'PD_3'], 'PD_3': ['PD_2', 'PD_4'], 'PD_4': ['PD_2', 'PD_3'], 'PD_5': []}, FR: {'PD_2,PD_3': inf, 'PD_2,PD_4': inf, 'PD_2,PD_5': inf, 'PD_3,PD_4': inf, 'PD_3,PD_5': inf, 'PD_4,PD_5': inf}
  Computing metrics...
    RSI: {'PD_2,PD_3': 1.0, 'PD_2,PD_4': 1.0, 'PD_2,PD_5': 0.0, 'PD_3,PD_4': 1.0, 'PD_3,PD_5': 0.0, 'PD_4,PD_5': 0.0}, ASR: 1.0, TCB: {'PD_2': ['PD_4', 'PD_3'], 'PD_3': ['PD_2', 'PD_4'], 'PD_4': ['PD_2', 'PD_3'], 'PD_5': []}, FR: {'PD_2,PD_3': inf, 'PD_2,PD_4': inf, 'PD_2,PD_5': inf, 'PD_3,PD_4': inf, 'PD_3,PD_5': inf, 'PD_4,PD_5': inf}
    remove_hold_edge candidate: remove PD_4 -> FILE_1_1 HOLD edge -> score: 0.100
  Computing metrics...
    RSI: {'PD_2,PD_3': 1.0, 'PD_2,PD_4': 1.0, 'PD_2,PD_5': 0.0, 'PD_3,PD_4': 1.0, 'PD_3,PD_5': 0.0, 'PD_4,PD_5': 0.0}, ASR: 1.0, TCB: {'PD_2': ['PD_4', 'PD_3'], 'PD_3': ['PD_2', 'PD_4'], 'PD_4': ['PD_2', 'PD_3'], 'PD_5': []}, FR: {'PD_2,PD_3': inf, 'PD_2,PD_4': inf, 'PD_2,PD_5': inf, 'PD_3,PD_4': inf, 'PD_3,PD_5': inf, 'PD_4,PD_5': inf}
  Computing metrics...
    RSI: {'PD_2,PD_3': 1.0, 'PD_2,PD_4': 1.0, 'PD_2,PD_5': 0.0, 'PD_3,PD_4': 1.0, 'PD_3,PD_5': 0.0, 'PD_4,PD_5': 0.0}, ASR: 1.25, TCB: {'PD_2': ['PD_4', 'PD_3'], 'PD_3': ['PD_2', 'PD_4'], 'PD_4': ['PD_2', 'PD_3'], 'PD_5': []}, FR: {'PD_2,PD_3': inf, 'PD_2,PD_4': inf, 'PD_2,PD_5': inf, 'PD_3,PD_4': inf, 'PD_3,PD_5': inf, 'PD_4,PD_5': inf}
  Computing metrics...
    RSI: {'PD_2,PD_3': 1.0, 'PD_2,PD_4': 1.0, 'PD_2,PD_5': 0.0, 'PD_3,PD_4': 1.0, 'PD_3,PD_5': 0.0, 'PD_4,PD_5': 0.0}, ASR: 1.0, TCB: {'PD_2': ['PD_4', 'PD_3'], 'PD_3': ['PD_2', 'PD_4'], 'PD_4': ['PD_2', 'PD_3'], 'PD_5': []}, FR: {'PD_2,PD_3': inf, 'PD_2,PD_4': inf, 'PD_2,PD_5': inf, 'PD_3,PD_4': inf, 'PD_3,PD_5': inf, 'PD_4,PD_5': inf}
  Computing metrics...
    RSI: {'PD_2,PD_3': 1.0, 'PD_2,PD_4': 1.0, 'PD_2,PD_5': 0.0, 'PD_3,PD_4': 1.0, 'PD_3,PD_5': 0.0, 'PD_4,PD_5': 0.0}, ASR: 1.25, TCB: {'PD_2': ['PD_4', 'PD_5', 'PD_3'], 'PD_3': ['PD_2', 'PD_4'], 'PD_4': ['PD_2', 'PD_3'], 'PD_5': []}, FR: {'PD_2,PD_3': inf, 'PD_2,PD_4': inf, 'PD_2,PD_5': inf, 'PD_3,PD_4': inf, 'PD_3,PD_5': inf, 'PD_4,PD_5': inf}
  Computing metrics...
    RSI: {'PD_2,PD_3': 1.0, 'PD_2,PD_4': 1.0, 'PD_2,PD_5': 0.0, 'PD_3,PD_4': 1.0, 'PD_3,PD_5': 0.0, 'PD_4,PD_5': 0.0}, ASR: 1.0, TCB: {'PD_2': ['PD_4', 'PD_3'], 'PD_3': ['PD_2', 'PD_4'], 'PD_4': ['PD_2', 'PD_3'], 'PD_5': []}, FR: {'PD_2,PD_3': inf, 'PD_2,PD_4': inf, 'PD_2,PD_5': inf, 'PD_3,PD_4': inf, 'PD_3,PD_5': inf, 'PD_4,PD_5': inf}
  Computing metrics...
    RSI: {'PD_2,PD_3': 1.0, 'PD_2,PD_4': 1.0, 'PD_2,PD_5': 0.0, 'PD_3,PD_4': 1.0, 'PD_3,PD_5': 0.0, 'PD_4,PD_5': 0.0}, ASR: 1.25, TCB: {'PD_2': ['PD_4', 'PD_3'], 'PD_3': ['PD_2', 'PD_4'], 'PD_4': ['PD_2', 'PD_3'], 'PD_5': []}, FR: {'PD_2,PD_3': 3, 'PD_2,PD_4': inf, 'PD_2,PD_5': inf, 'PD_3,PD_4': inf, 'PD_3,PD_5': inf, 'PD_4,PD_5': inf}
  Computing metrics...
    RSI: {'PD_2,PD_3': 1.0, 'PD_2,PD_4': 1.0, 'PD_2,PD_5': 0.0, 'PD_3,PD_4': 1.0, 'PD_3,PD_5': 0.0, 'PD_4,PD_5': 0.0}, ASR: 1.0, TCB: {'PD_2': ['PD_4', 'PD_3'], 'PD_3': ['PD_2', 'PD_4'], 'PD_4': ['PD_2', 'PD_3'], 'PD_5': []}, FR: {'PD_2,PD_3': inf, 'PD_2,PD_4': inf, 'PD_2,PD_5': inf, 'PD_3,PD_4': inf, 'PD_3,PD_5': inf, 'PD_4,PD_5': inf}
  Computing metrics...
    RSI: {'PD_2,PD_3': 1.0, 'PD_2,PD_4': 1.0, 'PD_2,PD_5': 0.0, 'PD_3,PD_4': 1.0, 'PD_3,PD_5': 0.0, 'PD_4,PD_5': 0.0}, ASR: 1.25, TCB: {'PD_2': ['PD_4', 'PD_3'], 'PD_3': ['PD_4', 'PD_2'], 'PD_4': ['PD_2', 'PD_3'], 'PD_5': []}, FR: {'PD_2,PD_3': 2, 'PD_2,PD_4': inf, 'PD_2,PD_5': inf, 'PD_3,PD_4': inf, 'PD_3,PD_5': inf, 'PD_4,PD_5': inf}
  Computing metrics...
    RSI: {'PD_2,PD_3': 1.0, 'PD_2,PD_4': 1.0, 'PD_2,PD_5': 0.0, 'PD_3,PD_4': 1.0, 'PD_3,PD_5': 0.0, 'PD_4,PD_5': 0.0}, ASR: 1.0, TCB: {'PD_2': ['PD_4', 'PD_3'], 'PD_3': ['PD_2', 'PD_4'], 'PD_4': ['PD_2', 'PD_3'], 'PD_5': []}, FR: {'PD_2,PD_3': inf, 'PD_2,PD_4': inf, 'PD_2,PD_5': inf, 'PD_3,PD_4': inf, 'PD_3,PD_5': inf, 'PD_4,PD_5': inf}
  Computing metrics...
    RSI: {'PD_2,PD_3': 1.0, 'PD_2,PD_4': 1.0, 'PD_2,PD_5': 0.0, 'PD_3,PD_4': 1.0, 'PD_3,PD_5': 0.0, 'PD_4,PD_5': 0.0}, ASR: 1.25, TCB: {'PD_2': ['PD_4', 'PD_3'], 'PD_3': ['PD_5', 'PD_2', 'PD_4'], 'PD_4': ['PD_2', 'PD_3'], 'PD_5': []}, FR: {'PD_2,PD_3': inf, 'PD_2,PD_4': inf, 'PD_2,PD_5': inf, 'PD_3,PD_4': inf, 'PD_3,PD_5': inf, 'PD_4,PD_5': inf}
  Computing metrics...
    RSI: {'PD_2,PD_3': 1.0, 'PD_2,PD_4': 1.0, 'PD_2,PD_5': 0.0, 'PD_3,PD_4': 1.0, 'PD_3,PD_5': 0.0, 'PD_4,PD_5': 0.0}, ASR: 1.0, TCB: {'PD_2': ['PD_4', 'PD_3'], 'PD_3': ['PD_2', 'PD_4'], 'PD_4': ['PD_2', 'PD_3'], 'PD_5': []}, FR: {'PD_2,PD_3': inf, 'PD_2,PD_4': inf, 'PD_2,PD_5': inf, 'PD_3,PD_4': inf, 'PD_3,PD_5': inf, 'PD_4,PD_5': inf}
  Computing metrics...
    RSI: {'PD_2,PD_3': 1.0, 'PD_2,PD_4': 1.0, 'PD_2,PD_5': 0.0, 'PD_3,PD_4': 1.0, 'PD_3,PD_5': 0.0, 'PD_4,PD_5': 0.0}, ASR: 1.25, TCB: {'PD_2': ['PD_4', 'PD_3'], 'PD_3': ['PD_2', 'PD_4'], 'PD_4': ['PD_2', 'PD_3'], 'PD_5': []}, FR: {'PD_2,PD_3': inf, 'PD_2,PD_4': inf, 'PD_2,PD_5': inf, 'PD_3,PD_4': inf, 'PD_3,PD_5': inf, 'PD_4,PD_5': inf}
  Computing metrics...
    RSI: {'PD_2,PD_3': 1.0, 'PD_2,PD_4': 1.0, 'PD_2,PD_5': 0.0, 'PD_3,PD_4': 1.0, 'PD_3,PD_5': 0.0, 'PD_4,PD_5': 0.0}, ASR: 1.0, TCB: {'PD_2': ['PD_4', 'PD_3'], 'PD_3': ['PD_2', 'PD_4'], 'PD_4': ['PD_2', 'PD_3'], 'PD_5': []}, FR: {'PD_2,PD_3': inf, 'PD_2,PD_4': inf, 'PD_2,PD_5': inf, 'PD_3,PD_4': inf, 'PD_3,PD_5': inf, 'PD_4,PD_5': inf}
  Computing metrics...
    RSI: {'PD_2,PD_3': 1.0, 'PD_2,PD_4': 1.0, 'PD_2,PD_5': 0.0, 'PD_3,PD_4': 1.0, 'PD_3,PD_5': 0.0, 'PD_4,PD_5': 0.0}, ASR: 1.25, TCB: {'PD_2': ['PD_4', 'PD_3'], 'PD_3': ['PD_2', 'PD_4'], 'PD_4': ['PD_3', 'PD_2'], 'PD_5': []}, FR: {'PD_2,PD_3': inf, 'PD_2,PD_4': 3, 'PD_2,PD_5': inf, 'PD_3,PD_4': inf, 'PD_3,PD_5': inf, 'PD_4,PD_5': inf}
  Computing metrics...
    RSI: {'PD_2,PD_3': 1.0, 'PD_2,PD_4': 1.0, 'PD_2,PD_5': 0.0, 'PD_3,PD_4': 1.0, 'PD_3,PD_5': 0.0, 'PD_4,PD_5': 0.0}, ASR: 1.0, TCB: {'PD_2': ['PD_4', 'PD_3'], 'PD_3': ['PD_2', 'PD_4'], 'PD_4': ['PD_2', 'PD_3'], 'PD_5': []}, FR: {'PD_2,PD_3': inf, 'PD_2,PD_4': inf, 'PD_2,PD_5': inf, 'PD_3,PD_4': inf, 'PD_3,PD_5': inf, 'PD_4,PD_5': inf}
  Computing metrics...
    RSI: {'PD_2,PD_3': 1.0, 'PD_2,PD_4': 1.0, 'PD_2,PD_5': 0.0, 'PD_3,PD_4': 1.0, 'PD_3,PD_5': 0.0, 'PD_4,PD_5': 0.0}, ASR: 1.25, TCB: {'PD_2': ['PD_4', 'PD_3'], 'PD_3': ['PD_2', 'PD_4'], 'PD_4': ['PD_5', 'PD_2', 'PD_3'], 'PD_5': []}, FR: {'PD_2,PD_3': inf, 'PD_2,PD_4': 3, 'PD_2,PD_5': inf, 'PD_3,PD_4': inf, 'PD_3,PD_5': inf, 'PD_4,PD_5': inf}
  Computing metrics...
    RSI: {'PD_2,PD_3': 1.0, 'PD_2,PD_4': 1.0, 'PD_2,PD_5': 0.0, 'PD_3,PD_4': 1.0, 'PD_3,PD_5': 0.0, 'PD_4,PD_5': 0.0}, ASR: 1.0, TCB: {'PD_2': ['PD_4', 'PD_3'], 'PD_3': ['PD_2', 'PD_4'], 'PD_4': ['PD_2', 'PD_3'], 'PD_5': []}, FR: {'PD_2,PD_3': inf, 'PD_2,PD_4': inf, 'PD_2,PD_5': inf, 'PD_3,PD_4': inf, 'PD_3,PD_5': inf, 'PD_4,PD_5': inf}
  Computing metrics...
    RSI: {'PD_2,PD_3': 1.0, 'PD_2,PD_4': 1.0, 'PD_2,PD_5': 0.0, 'PD_3,PD_4': 1.0, 'PD_3,PD_5': 0.0, 'PD_4,PD_5': 0.0}, ASR: 1.25, TCB: {'PD_2': ['PD_4', 'PD_3'], 'PD_3': ['PD_2', 'PD_4'], 'PD_4': ['PD_2', 'PD_3'], 'PD_5': ['PD_2']}, FR: {'PD_2,PD_3': inf, 'PD_2,PD_4': inf, 'PD_2,PD_5': 3, 'PD_3,PD_4': inf, 'PD_3,PD_5': inf, 'PD_4,PD_5': inf}
  Computing metrics...
    RSI: {'PD_2,PD_3': 1.0, 'PD_2,PD_4': 1.0, 'PD_2,PD_5': 0.0, 'PD_3,PD_4': 1.0, 'PD_3,PD_5': 0.0, 'PD_4,PD_5': 0.0}, ASR: 1.0, TCB: {'PD_2': ['PD_4', 'PD_3'], 'PD_3': ['PD_2', 'PD_4'], 'PD_4': ['PD_2', 'PD_3'], 'PD_5': []}, FR: {'PD_2,PD_3': inf, 'PD_2,PD_4': inf, 'PD_2,PD_5': inf, 'PD_3,PD_4': inf, 'PD_3,PD_5': inf, 'PD_4,PD_5': inf}
  Computing metrics...
    RSI: {'PD_2,PD_3': 1.0, 'PD_2,PD_4': 1.0, 'PD_2,PD_5': 0.0, 'PD_3,PD_4': 1.0, 'PD_3,PD_5': 0.0, 'PD_4,PD_5': 0.0}, ASR: 1.25, TCB: {'PD_2': ['PD_4', 'PD_3'], 'PD_3': ['PD_2', 'PD_4'], 'PD_4': ['PD_2', 'PD_3'], 'PD_5': ['PD_3']}, FR: {'PD_2,PD_3': inf, 'PD_2,PD_4': inf, 'PD_2,PD_5': inf, 'PD_3,PD_4': inf, 'PD_3,PD_5': inf, 'PD_4,PD_5': inf}
  Computing metrics...
    RSI: {'PD_2,PD_3': 1.0, 'PD_2,PD_4': 1.0, 'PD_2,PD_5': 0.0, 'PD_3,PD_4': 1.0, 'PD_3,PD_5': 0.0, 'PD_4,PD_5': 0.0}, ASR: 1.0, TCB: {'PD_2': ['PD_4', 'PD_3'], 'PD_3': ['PD_2', 'PD_4'], 'PD_4': ['PD_2', 'PD_3'], 'PD_5': []}, FR: {'PD_2,PD_3': inf, 'PD_2,PD_4': inf, 'PD_2,PD_5': inf, 'PD_3,PD_4': inf, 'PD_3,PD_5': inf, 'PD_4,PD_5': inf}
  Computing metrics...
    RSI: {'PD_2,PD_3': 1.0, 'PD_2,PD_4': 1.0, 'PD_2,PD_5': 0.0, 'PD_3,PD_4': 1.0, 'PD_3,PD_5': 0.0, 'PD_4,PD_5': 0.0}, ASR: 1.25, TCB: {'PD_2': ['PD_4', 'PD_3'], 'PD_3': ['PD_2', 'PD_4'], 'PD_4': ['PD_2', 'PD_3'], 'PD_5': ['PD_4']}, FR: {'PD_2,PD_3': inf, 'PD_2,PD_4': inf, 'PD_2,PD_5': 2, 'PD_3,PD_4': inf, 'PD_3,PD_5': inf, 'PD_4,PD_5': inf}
  Computing metrics...
    RSI: {'PD_2,PD_3': 1.0, 'PD_2,PD_4': 1.0, 'PD_2,PD_5': 0.0, 'PD_3,PD_4': 1.0, 'PD_3,PD_5': 0.0, 'PD_4,PD_5': 0.0}, ASR: 1.0, TCB: {'PD_2': ['PD_4', 'PD_3'], 'PD_3': ['PD_2', 'PD_4'], 'PD_4': ['PD_2', 'PD_3'], 'PD_5': []}, FR: {'PD_2,PD_3': inf, 'PD_2,PD_4': inf, 'PD_2,PD_5': inf, 'PD_3,PD_4': inf, 'PD_3,PD_5': inf, 'PD_4,PD_5': inf}
  Computing metrics...
    RSI: {'PD_2,PD_3': 1.0, 'PD_2,PD_4': 1.0, 'PD_2,PD_5': 0.0, 'PD_3,PD_4': 1.0, 'PD_3,PD_5': 0.0, 'PD_4,PD_5': 0.0}, ASR: 1.0, TCB: {'PD_2': ['PD_4', 'PD_3'], 'PD_3': ['PD_2', 'PD_4'], 'PD_4': ['PD_2', 'PD_3'], 'PD_5': []}, FR: {'PD_2,PD_3': inf, 'PD_2,PD_4': inf, 'PD_2,PD_5': inf, 'PD_3,PD_4': inf, 'PD_3,PD_5': inf, 'PD_4,PD_5': inf}
  Computing metrics...
    RSI: {'PD_2,PD_3': 1.0, 'PD_2,PD_4': 1.0, 'PD_2,PD_5': 0.0, 'PD_3,PD_4': 1.0, 'PD_3,PD_5': 0.0, 'PD_4,PD_5': 0.0}, ASR: 1.0, TCB: {'PD_2': ['PD_4', 'PD_3'], 'PD_3': ['PD_2', 'PD_4'], 'PD_4': ['PD_2', 'PD_3'], 'PD_5': []}, FR: {'PD_2,PD_3': inf, 'PD_2,PD_4': inf, 'PD_2,PD_5': inf, 'PD_3,PD_4': inf, 'PD_3,PD_5': inf, 'PD_4,PD_5': inf}
  Computing metrics...
    RSI: {'PD_2,PD_3': 1.0, 'PD_2,PD_4': 1.0, 'PD_2,PD_5': 0.0, 'PD_3,PD_4': 1.0, 'PD_3,PD_5': 0.0, 'PD_4,PD_5': 0.0}, ASR: 1.0, TCB: {'PD_2': ['PD_4', 'PD_3'], 'PD_3': ['PD_2', 'PD_4'], 'PD_4': ['PD_2', 'PD_3'], 'PD_5': []}, FR: {'PD_2,PD_3': inf, 'PD_2,PD_4': inf, 'PD_2,PD_5': inf, 'PD_3,PD_4': inf, 'PD_3,PD_5': inf, 'PD_4,PD_5': inf}
  🚫 Filtered out 1 'add_hold_edge' candidates (avoiding repetition)
  Trying best transition: primitive
    Target: add new protection domain to help resolve 2 constraint violation(s)
    Predicted improvement: 0.100
    Considered 21 other option(s):
      1. primitive: remove empty PD_5 (improvement: 0.100)
      2. primitive: create new CONFIG file in FILE_SPACE_1 (improvement: 0.100)
      3. primitive: create new DATABASE file in FILE_SPACE_1 (improvement: 0.100)
      4. primitive: create new TEMP file in FILE_SPACE_1 (improvement: 0.100)
      5. primitive: create new LOG file in FILE_SPACE_1 (improvement: 0.100)
      6. primitive: remove FILE_1_1 (holders: 3) (improvement: 0.100)
      7. primitive: remove PD_3 -> FILE_1_1 HOLD edge (improvement: 0.100)
      8. primitive: remove PD_4 -> FILE_1_1 HOLD edge (improvement: 0.100)
      9. primitive: enable indirect access: PD_2 -> PD_3 (improvement: 0.100)
      10. primitive: add authority relationship: PD_2 -> PD_5 (improvement: 0.100)
      ... and 11 more
    ✅ Applied add_pd
  Computing metrics...
    RSI: {'PD_2,PD_3': 1.0, 'PD_2,PD_4': 1.0, 'PD_2,PD_5': 0.0, 'PD_2,PD_6': 0.0, 'PD_3,PD_4': 1.0, 'PD_3,PD_5': 0.0, 'PD_3,PD_6': 0.0, 'PD_4,PD_5': 0.0, 'PD_4,PD_6': 0.0, 'PD_5,PD_6': 0.0}, ASR: 0.8, TCB: {'PD_2': ['PD_4', 'PD_3'], 'PD_3': ['PD_2', 'PD_4'], 'PD_4': ['PD_2', 'PD_3'], 'PD_5': [], 'PD_6': []}, FR: {'PD_2,PD_3': inf, 'PD_2,PD_4': inf, 'PD_2,PD_5': inf, 'PD_2,PD_6': inf, 'PD_3,PD_4': inf, 'PD_3,PD_5': inf, 'PD_3,PD_6': inf, 'PD_4,PD_5': inf, 'PD_4,PD_6': inf, 'PD_5,PD_6': inf}
    Warning: PD pair PD_1,PD_2 not found in RSI metrics
    Goals not yet satisfied, continuing exploration
  ✅ Mechanism saved! Total mechanisms found: 4

📊 Graph after iteration 4:
        # Graph structure:
        # PD_2 --REQUEST--> PD_4
        # PD_2 --HOLD--> FILE_1_1 -> FILE_SPACE_1
        # PD_3 --HOLD--> FILE_1_1 -> FILE_SPACE_1
        # PD_4 --HOLD--> FILE_1_1 -> FILE_SPACE_1
        # PD_5
        # PD_6
        #
        # FILE_1_1 shared by: PD_2, PD_3, PD_4


Iteration 5/10
  Computing metrics...
    RSI: {'PD_2,PD_3': 1.0, 'PD_2,PD_4': 1.0, 'PD_2,PD_5': 0.0, 'PD_2,PD_6': 0.0, 'PD_3,PD_4': 1.0, 'PD_3,PD_5': 0.0, 'PD_3,PD_6': 0.0, 'PD_4,PD_5': 0.0, 'PD_4,PD_6': 0.0, 'PD_5,PD_6': 0.0}, ASR: 0.8, TCB: {'PD_2': ['PD_4', 'PD_3'], 'PD_3': ['PD_2', 'PD_4'], 'PD_4': ['PD_2', 'PD_3'], 'PD_5': [], 'PD_6': []}, FR: {'PD_2,PD_3': inf, 'PD_2,PD_4': inf, 'PD_2,PD_5': inf, 'PD_2,PD_6': inf, 'PD_3,PD_4': inf, 'PD_3,PD_5': inf, 'PD_3,PD_6': inf, 'PD_4,PD_5': inf, 'PD_4,PD_6': inf, 'PD_5,PD_6': inf}
  Computing metrics...
    RSI: {'PD_2,PD_3': 1.0, 'PD_2,PD_4': 1.0, 'PD_2,PD_5': 0.0, 'PD_2,PD_6': 0.0, 'PD_3,PD_4': 1.0, 'PD_3,PD_5': 0.0, 'PD_3,PD_6': 0.0, 'PD_4,PD_5': 0.0, 'PD_4,PD_6': 0.0, 'PD_5,PD_6': 0.0}, ASR: 0.8, TCB: {'PD_2': ['PD_4', 'PD_3'], 'PD_3': ['PD_2', 'PD_4'], 'PD_4': ['PD_2', 'PD_3'], 'PD_5': [], 'PD_6': []}, FR: {'PD_2,PD_3': inf, 'PD_2,PD_4': inf, 'PD_2,PD_5': inf, 'PD_2,PD_6': inf, 'PD_3,PD_4': inf, 'PD_3,PD_5': inf, 'PD_3,PD_6': inf, 'PD_4,PD_5': inf, 'PD_4,PD_6': inf, 'PD_5,PD_6': inf}
  Computing metrics...
    RSI: {'PD_2,PD_3': 1.0, 'PD_2,PD_4': 1.0, 'PD_2,PD_5': 0.0, 'PD_2,PD_6': 0.0, 'PD_3,PD_4': 1.0, 'PD_3,PD_5': 0.0, 'PD_3,PD_6': 0.0, 'PD_4,PD_5': 0.0, 'PD_4,PD_6': 0.0, 'PD_5,PD_6': 0.0}, ASR: 0.8, TCB: {'PD_2': ['PD_4', 'PD_3'], 'PD_3': ['PD_2', 'PD_4'], 'PD_4': ['PD_2', 'PD_3'], 'PD_5': [], 'PD_6': []}, FR: {'PD_2,PD_3': inf, 'PD_2,PD_4': inf, 'PD_2,PD_5': inf, 'PD_2,PD_6': inf, 'PD_3,PD_4': inf, 'PD_3,PD_5': inf, 'PD_3,PD_6': inf, 'PD_4,PD_5': inf, 'PD_4,PD_6': inf, 'PD_5,PD_6': inf}
  Computing metrics...
    RSI: {'PD_2,PD_3': 1.0, 'PD_2,PD_4': 1.0, 'PD_2,PD_5': 0.0, 'PD_2,PD_6': 0.0, 'PD_3,PD_4': 1.0, 'PD_3,PD_5': 0.0, 'PD_3,PD_6': 0.0, 'PD_4,PD_5': 0.0, 'PD_4,PD_6': 0.0, 'PD_5,PD_6': 0.0}, ASR: 0.8, TCB: {'PD_2': ['PD_4', 'PD_3'], 'PD_3': ['PD_2', 'PD_4'], 'PD_4': ['PD_2', 'PD_3'], 'PD_5': [], 'PD_6': []}, FR: {'PD_2,PD_3': inf, 'PD_2,PD_4': inf, 'PD_2,PD_5': inf, 'PD_2,PD_6': inf, 'PD_3,PD_4': inf, 'PD_3,PD_5': inf, 'PD_3,PD_6': inf, 'PD_4,PD_5': inf, 'PD_4,PD_6': inf, 'PD_5,PD_6': inf}
  Computing metrics...
    RSI: {'PD_2,PD_3': 1.0, 'PD_2,PD_4': 1.0, 'PD_2,PD_5': 0.0, 'PD_2,PD_6': 0.0, 'PD_3,PD_4': 1.0, 'PD_3,PD_5': 0.0, 'PD_3,PD_6': 0.0, 'PD_4,PD_5': 0.0, 'PD_4,PD_6': 0.0, 'PD_5,PD_6': 0.0}, ASR: 0.8, TCB: {'PD_2': ['PD_4', 'PD_3'], 'PD_3': ['PD_2', 'PD_4'], 'PD_4': ['PD_2', 'PD_3'], 'PD_5': [], 'PD_6': []}, FR: {'PD_2,PD_3': inf, 'PD_2,PD_4': inf, 'PD_2,PD_5': inf, 'PD_2,PD_6': inf, 'PD_3,PD_4': inf, 'PD_3,PD_5': inf, 'PD_3,PD_6': inf, 'PD_4,PD_5': inf, 'PD_4,PD_6': inf, 'PD_5,PD_6': inf}
  Computing metrics...
    RSI: {'PD_2,PD_3': 1.0, 'PD_2,PD_4': 1.0, 'PD_2,PD_5': 0.0, 'PD_2,PD_6': 0.0, 'PD_3,PD_4': 1.0, 'PD_3,PD_5': 0.0, 'PD_3,PD_6': 0.0, 'PD_4,PD_5': 0.0, 'PD_4,PD_6': 0.0, 'PD_5,PD_6': 0.0}, ASR: 0.8, TCB: {'PD_2': ['PD_4', 'PD_3'], 'PD_3': ['PD_2', 'PD_4'], 'PD_4': ['PD_2', 'PD_3'], 'PD_5': [], 'PD_6': []}, FR: {'PD_2,PD_3': inf, 'PD_2,PD_4': inf, 'PD_2,PD_5': inf, 'PD_2,PD_6': inf, 'PD_3,PD_4': inf, 'PD_3,PD_5': inf, 'PD_3,PD_6': inf, 'PD_4,PD_5': inf, 'PD_4,PD_6': inf, 'PD_5,PD_6': inf}
  Computing metrics...
    RSI: {'PD_2,PD_3': 1.0, 'PD_2,PD_4': 1.0, 'PD_2,PD_5': 0.0, 'PD_2,PD_6': 0.0, 'PD_3,PD_4': 1.0, 'PD_3,PD_5': 0.0, 'PD_3,PD_6': 0.0, 'PD_4,PD_5': 0.0, 'PD_4,PD_6': 0.0, 'PD_5,PD_6': 0.0}, ASR: 0.8, TCB: {'PD_2': ['PD_4', 'PD_3'], 'PD_3': ['PD_2', 'PD_4'], 'PD_4': ['PD_2', 'PD_3'], 'PD_5': [], 'PD_6': []}, FR: {'PD_2,PD_3': inf, 'PD_2,PD_4': inf, 'PD_2,PD_5': inf, 'PD_2,PD_6': inf, 'PD_3,PD_4': inf, 'PD_3,PD_5': inf, 'PD_3,PD_6': inf, 'PD_4,PD_5': inf, 'PD_4,PD_6': inf, 'PD_5,PD_6': inf}
  Computing metrics...
    RSI: {'PD_2,PD_3': 1.0, 'PD_2,PD_4': 1.0, 'PD_2,PD_5': 0.0, 'PD_2,PD_6': 0.0, 'PD_3,PD_4': 1.0, 'PD_3,PD_5': 0.0, 'PD_3,PD_6': 0.0, 'PD_4,PD_5': 0.0, 'PD_4,PD_6': 0.0, 'PD_5,PD_6': 0.0}, ASR: 0.8, TCB: {'PD_2': ['PD_4', 'PD_3'], 'PD_3': ['PD_2', 'PD_4'], 'PD_4': ['PD_2', 'PD_3'], 'PD_5': [], 'PD_6': []}, FR: {'PD_2,PD_3': inf, 'PD_2,PD_4': inf, 'PD_2,PD_5': inf, 'PD_2,PD_6': inf, 'PD_3,PD_4': inf, 'PD_3,PD_5': inf, 'PD_3,PD_6': inf, 'PD_4,PD_5': inf, 'PD_4,PD_6': inf, 'PD_5,PD_6': inf}
  Computing metrics...
    RSI: {'PD_2,PD_3': 1.0, 'PD_2,PD_4': 1.0, 'PD_2,PD_5': 0.0, 'PD_2,PD_6': 0.0, 'PD_3,PD_4': 1.0, 'PD_3,PD_5': 0.0, 'PD_3,PD_6': 0.0, 'PD_4,PD_5': 0.0, 'PD_4,PD_6': 0.0, 'PD_5,PD_6': 0.0}, ASR: 0.8, TCB: {'PD_2': ['PD_4', 'PD_3'], 'PD_3': ['PD_2', 'PD_4'], 'PD_4': ['PD_2', 'PD_3'], 'PD_5': [], 'PD_6': []}, FR: {'PD_2,PD_3': inf, 'PD_2,PD_4': inf, 'PD_2,PD_5': inf, 'PD_2,PD_6': inf, 'PD_3,PD_4': inf, 'PD_3,PD_5': inf, 'PD_3,PD_6': inf, 'PD_4,PD_5': inf, 'PD_4,PD_6': inf, 'PD_5,PD_6': inf}
  Computing metrics...
    RSI: {'PD_2,PD_3': 1.0, 'PD_2,PD_4': 1.0, 'PD_2,PD_5': 0.0, 'PD_2,PD_6': 0.0, 'PD_3,PD_4': 1.0, 'PD_3,PD_5': 0.0, 'PD_3,PD_6': 0.0, 'PD_4,PD_5': 0.0, 'PD_4,PD_6': 0.0, 'PD_5,PD_6': 0.0}, ASR: 0.8, TCB: {'PD_2': ['PD_4', 'PD_3'], 'PD_3': ['PD_2', 'PD_4'], 'PD_4': ['PD_2', 'PD_3'], 'PD_5': [], 'PD_6': []}, FR: {'PD_2,PD_3': inf, 'PD_2,PD_4': inf, 'PD_2,PD_5': inf, 'PD_2,PD_6': inf, 'PD_3,PD_4': inf, 'PD_3,PD_5': inf, 'PD_3,PD_6': inf, 'PD_4,PD_5': inf, 'PD_4,PD_6': inf, 'PD_5,PD_6': inf}
  Computing metrics...
    RSI: {'PD_2,PD_3': 1.0, 'PD_2,PD_4': 1.0, 'PD_2,PD_5': 0.0, 'PD_2,PD_6': 0.0, 'PD_3,PD_4': 1.0, 'PD_3,PD_5': 0.0, 'PD_3,PD_6': 0.0, 'PD_4,PD_5': 0.0, 'PD_4,PD_6': 0.0, 'PD_5,PD_6': 0.0}, ASR: 0.8, TCB: {'PD_2': ['PD_4', 'PD_3'], 'PD_3': ['PD_2', 'PD_4'], 'PD_4': ['PD_2', 'PD_3'], 'PD_5': [], 'PD_6': []}, FR: {'PD_2,PD_3': inf, 'PD_2,PD_4': inf, 'PD_2,PD_5': inf, 'PD_2,PD_6': inf, 'PD_3,PD_4': inf, 'PD_3,PD_5': inf, 'PD_3,PD_6': inf, 'PD_4,PD_5': inf, 'PD_4,PD_6': inf, 'PD_5,PD_6': inf}
  Computing metrics...
    RSI: {'PD_2,PD_3': 1.0, 'PD_2,PD_4': 1.0, 'PD_2,PD_5': 0.0, 'PD_2,PD_6': 0.0, 'PD_3,PD_4': 1.0, 'PD_3,PD_5': 0.0, 'PD_3,PD_6': 0.0, 'PD_4,PD_5': 0.0, 'PD_4,PD_6': 0.0, 'PD_5,PD_6': 0.0}, ASR: 0.8, TCB: {'PD_2': ['PD_4', 'PD_3'], 'PD_3': ['PD_2', 'PD_4'], 'PD_4': ['PD_2', 'PD_3'], 'PD_5': [], 'PD_6': []}, FR: {'PD_2,PD_3': inf, 'PD_2,PD_4': inf, 'PD_2,PD_5': inf, 'PD_2,PD_6': inf, 'PD_3,PD_4': inf, 'PD_3,PD_5': inf, 'PD_3,PD_6': inf, 'PD_4,PD_5': inf, 'PD_4,PD_6': inf, 'PD_5,PD_6': inf}
  Computing metrics...
    RSI: {'PD_2,PD_3': 1.0, 'PD_2,PD_4': 1.0, 'PD_2,PD_5': 0.0, 'PD_2,PD_6': 0.0, 'PD_3,PD_4': 1.0, 'PD_3,PD_5': 0.0, 'PD_3,PD_6': 0.0, 'PD_4,PD_5': 0.0, 'PD_4,PD_6': 0.0, 'PD_5,PD_6': 0.0}, ASR: 0.8, TCB: {'PD_2': ['PD_4', 'PD_3'], 'PD_3': ['PD_2', 'PD_4'], 'PD_4': ['PD_2', 'PD_3'], 'PD_5': [], 'PD_6': []}, FR: {'PD_2,PD_3': inf, 'PD_2,PD_4': inf, 'PD_2,PD_5': inf, 'PD_2,PD_6': inf, 'PD_3,PD_4': inf, 'PD_3,PD_5': inf, 'PD_3,PD_6': inf, 'PD_4,PD_5': inf, 'PD_4,PD_6': inf, 'PD_5,PD_6': inf}
  Computing metrics...
    RSI: {'PD_2,PD_3': 1.0, 'PD_2,PD_4': 1.0, 'PD_2,PD_5': 0.0, 'PD_2,PD_6': 0.0, 'PD_3,PD_4': 1.0, 'PD_3,PD_5': 0.0, 'PD_3,PD_6': 0.0, 'PD_4,PD_5': 0.0, 'PD_4,PD_6': 0.0, 'PD_5,PD_6': 0.0}, ASR: 0.8, TCB: {'PD_2': ['PD_4', 'PD_3'], 'PD_3': ['PD_2', 'PD_4'], 'PD_4': ['PD_2', 'PD_3'], 'PD_5': [], 'PD_6': []}, FR: {'PD_2,PD_3': inf, 'PD_2,PD_4': inf, 'PD_2,PD_5': inf, 'PD_2,PD_6': inf, 'PD_3,PD_4': inf, 'PD_3,PD_5': inf, 'PD_3,PD_6': inf, 'PD_4,PD_5': inf, 'PD_4,PD_6': inf, 'PD_5,PD_6': inf}
  Computing metrics...
    RSI: {'PD_2,PD_3': 1.0, 'PD_2,PD_4': 1.0, 'PD_2,PD_5': 0.0, 'PD_2,PD_6': 0.0, 'PD_3,PD_4': 1.0, 'PD_3,PD_5': 0.0, 'PD_3,PD_6': 0.0, 'PD_4,PD_5': 0.0, 'PD_4,PD_6': 0.0, 'PD_5,PD_6': 0.0}, ASR: 0.8, TCB: {'PD_2': ['PD_4', 'PD_3'], 'PD_3': ['PD_2', 'PD_4'], 'PD_4': ['PD_2', 'PD_3'], 'PD_5': [], 'PD_6': []}, FR: {'PD_2,PD_3': inf, 'PD_2,PD_4': inf, 'PD_2,PD_5': inf, 'PD_2,PD_6': inf, 'PD_3,PD_4': inf, 'PD_3,PD_5': inf, 'PD_3,PD_6': inf, 'PD_4,PD_5': inf, 'PD_4,PD_6': inf, 'PD_5,PD_6': inf}
  Computing metrics...
    RSI: {'PD_2,PD_3': 1.0, 'PD_2,PD_4': 1.0, 'PD_2,PD_5': 0.0, 'PD_2,PD_6': 0.0, 'PD_3,PD_4': 1.0, 'PD_3,PD_5': 0.0, 'PD_3,PD_6': 0.0, 'PD_4,PD_5': 0.0, 'PD_4,PD_6': 0.0, 'PD_5,PD_6': 0.0}, ASR: 0.8, TCB: {'PD_2': ['PD_4', 'PD_3'], 'PD_3': ['PD_2', 'PD_4'], 'PD_4': ['PD_2', 'PD_3'], 'PD_5': [], 'PD_6': []}, FR: {'PD_2,PD_3': inf, 'PD_2,PD_4': inf, 'PD_2,PD_5': inf, 'PD_2,PD_6': inf, 'PD_3,PD_4': inf, 'PD_3,PD_5': inf, 'PD_3,PD_6': inf, 'PD_4,PD_5': inf, 'PD_4,PD_6': inf, 'PD_5,PD_6': inf}
  Computing metrics...
    RSI: {'PD_2,PD_3': 1.0, 'PD_2,PD_4': 1.0, 'PD_2,PD_5': 0.0, 'PD_2,PD_6': 0.0, 'PD_3,PD_4': 1.0, 'PD_3,PD_5': 0.0, 'PD_3,PD_6': 0.0, 'PD_4,PD_5': 0.0, 'PD_4,PD_6': 0.0, 'PD_5,PD_6': 0.0}, ASR: 0.8, TCB: {'PD_2': ['PD_4', 'PD_3'], 'PD_3': ['PD_2', 'PD_4'], 'PD_4': ['PD_2', 'PD_3'], 'PD_5': [], 'PD_6': []}, FR: {'PD_2,PD_3': inf, 'PD_2,PD_4': inf, 'PD_2,PD_5': inf, 'PD_2,PD_6': inf, 'PD_3,PD_4': inf, 'PD_3,PD_5': inf, 'PD_3,PD_6': inf, 'PD_4,PD_5': inf, 'PD_4,PD_6': inf, 'PD_5,PD_6': inf}
  Computing metrics...
    RSI: {'PD_2,PD_3': 1.0, 'PD_2,PD_4': 1.0, 'PD_2,PD_5': 1.0, 'PD_2,PD_6': 0.0, 'PD_3,PD_4': 1.0, 'PD_3,PD_5': 1.0, 'PD_3,PD_6': 0.0, 'PD_4,PD_5': 1.0, 'PD_4,PD_6': 0.0, 'PD_5,PD_6': 0.0}, ASR: 1.0, TCB: {'PD_2': ['PD_4', 'PD_3', 'PD_5'], 'PD_3': ['PD_2', 'PD_4', 'PD_5'], 'PD_4': ['PD_2', 'PD_3', 'PD_5'], 'PD_5': ['PD_2', 'PD_3', 'PD_4'], 'PD_6': []}, FR: {'PD_2,PD_3': inf, 'PD_2,PD_4': inf, 'PD_2,PD_5': inf, 'PD_2,PD_6': inf, 'PD_3,PD_4': inf, 'PD_3,PD_5': inf, 'PD_3,PD_6': inf, 'PD_4,PD_5': inf, 'PD_4,PD_6': inf, 'PD_5,PD_6': inf}
  Computing metrics...
    RSI: {'PD_2,PD_3': 1.0, 'PD_2,PD_4': 1.0, 'PD_2,PD_5': 0.0, 'PD_2,PD_6': 0.0, 'PD_3,PD_4': 1.0, 'PD_3,PD_5': 0.0, 'PD_3,PD_6': 0.0, 'PD_4,PD_5': 0.0, 'PD_4,PD_6': 0.0, 'PD_5,PD_6': 0.0}, ASR: 0.8, TCB: {'PD_2': ['PD_4', 'PD_3'], 'PD_3': ['PD_2', 'PD_4'], 'PD_4': ['PD_2', 'PD_3'], 'PD_5': [], 'PD_6': []}, FR: {'PD_2,PD_3': inf, 'PD_2,PD_4': inf, 'PD_2,PD_5': inf, 'PD_2,PD_6': inf, 'PD_3,PD_4': inf, 'PD_3,PD_5': inf, 'PD_3,PD_6': inf, 'PD_4,PD_5': inf, 'PD_4,PD_6': inf, 'PD_5,PD_6': inf}
  Computing metrics...
    RSI: {'PD_2,PD_3': 1.0, 'PD_2,PD_4': 1.0, 'PD_2,PD_5': 0.0, 'PD_2,PD_6': 1.0, 'PD_3,PD_4': 1.0, 'PD_3,PD_5': 0.0, 'PD_3,PD_6': 1.0, 'PD_4,PD_5': 0.0, 'PD_4,PD_6': 1.0, 'PD_5,PD_6': 0.0}, ASR: 1.0, TCB: {'PD_2': ['PD_4', 'PD_3', 'PD_6'], 'PD_3': ['PD_2', 'PD_4', 'PD_6'], 'PD_4': ['PD_2', 'PD_3', 'PD_6'], 'PD_5': [], 'PD_6': ['PD_2', 'PD_3', 'PD_4']}, FR: {'PD_2,PD_3': inf, 'PD_2,PD_4': inf, 'PD_2,PD_5': inf, 'PD_2,PD_6': inf, 'PD_3,PD_4': inf, 'PD_3,PD_5': inf, 'PD_3,PD_6': inf, 'PD_4,PD_5': inf, 'PD_4,PD_6': inf, 'PD_5,PD_6': inf}
  Computing metrics...
    RSI: {'PD_2,PD_3': 1.0, 'PD_2,PD_4': 1.0, 'PD_2,PD_5': 0.0, 'PD_2,PD_6': 0.0, 'PD_3,PD_4': 1.0, 'PD_3,PD_5': 0.0, 'PD_3,PD_6': 0.0, 'PD_4,PD_5': 0.0, 'PD_4,PD_6': 0.0, 'PD_5,PD_6': 0.0}, ASR: 0.8, TCB: {'PD_2': ['PD_4', 'PD_3'], 'PD_3': ['PD_2', 'PD_4'], 'PD_4': ['PD_2', 'PD_3'], 'PD_5': [], 'PD_6': []}, FR: {'PD_2,PD_3': inf, 'PD_2,PD_4': inf, 'PD_2,PD_5': inf, 'PD_2,PD_6': inf, 'PD_3,PD_4': inf, 'PD_3,PD_5': inf, 'PD_3,PD_6': inf, 'PD_4,PD_5': inf, 'PD_4,PD_6': inf, 'PD_5,PD_6': inf}
  Computing metrics...
    RSI: {'PD_2,PD_3': 1.0, 'PD_2,PD_4': 1.0, 'PD_2,PD_5': 0.0, 'PD_2,PD_6': 0.0, 'PD_3,PD_4': 1.0, 'PD_3,PD_5': 0.0, 'PD_3,PD_6': 0.0, 'PD_4,PD_5': 0.0, 'PD_4,PD_6': 0.0, 'PD_5,PD_6': 0.0}, ASR: 0.8, TCB: {'PD_2': ['PD_4', 'PD_3'], 'PD_3': ['PD_2', 'PD_4'], 'PD_4': ['PD_2', 'PD_3'], 'PD_5': [], 'PD_6': []}, FR: {'PD_2,PD_3': inf, 'PD_2,PD_4': inf, 'PD_2,PD_5': inf, 'PD_2,PD_6': inf, 'PD_3,PD_4': inf, 'PD_3,PD_5': inf, 'PD_3,PD_6': inf, 'PD_4,PD_5': inf, 'PD_4,PD_6': inf, 'PD_5,PD_6': inf}
    remove_hold_edge candidate: remove PD_3 -> FILE_1_1 HOLD edge -> score: 0.100
  Computing metrics...
    RSI: {'PD_2,PD_3': 1.0, 'PD_2,PD_4': 1.0, 'PD_2,PD_5': 0.0, 'PD_2,PD_6': 0.0, 'PD_3,PD_4': 1.0, 'PD_3,PD_5': 0.0, 'PD_3,PD_6': 0.0, 'PD_4,PD_5': 0.0, 'PD_4,PD_6': 0.0, 'PD_5,PD_6': 0.0}, ASR: 0.8, TCB: {'PD_2': ['PD_4', 'PD_3'], 'PD_3': ['PD_2', 'PD_4'], 'PD_4': ['PD_2', 'PD_3'], 'PD_5': [], 'PD_6': []}, FR: {'PD_2,PD_3': inf, 'PD_2,PD_4': inf, 'PD_2,PD_5': inf, 'PD_2,PD_6': inf, 'PD_3,PD_4': inf, 'PD_3,PD_5': inf, 'PD_3,PD_6': inf, 'PD_4,PD_5': inf, 'PD_4,PD_6': inf, 'PD_5,PD_6': inf}
  Computing metrics...
    RSI: {'PD_2,PD_3': 1.0, 'PD_2,PD_4': 1.0, 'PD_2,PD_5': 0.0, 'PD_2,PD_6': 0.0, 'PD_3,PD_4': 1.0, 'PD_3,PD_5': 0.0, 'PD_3,PD_6': 0.0, 'PD_4,PD_5': 0.0, 'PD_4,PD_6': 0.0, 'PD_5,PD_6': 0.0}, ASR: 0.8, TCB: {'PD_2': ['PD_4', 'PD_3'], 'PD_3': ['PD_2', 'PD_4'], 'PD_4': ['PD_2', 'PD_3'], 'PD_5': [], 'PD_6': []}, FR: {'PD_2,PD_3': inf, 'PD_2,PD_4': inf, 'PD_2,PD_5': inf, 'PD_2,PD_6': inf, 'PD_3,PD_4': inf, 'PD_3,PD_5': inf, 'PD_3,PD_6': inf, 'PD_4,PD_5': inf, 'PD_4,PD_6': inf, 'PD_5,PD_6': inf}
    remove_hold_edge candidate: remove PD_4 -> FILE_1_1 HOLD edge -> score: 0.100
  Computing metrics...
    RSI: {'PD_2,PD_3': 1.0, 'PD_2,PD_4': 1.0, 'PD_2,PD_5': 0.0, 'PD_2,PD_6': 0.0, 'PD_3,PD_4': 1.0, 'PD_3,PD_5': 0.0, 'PD_3,PD_6': 0.0, 'PD_4,PD_5': 0.0, 'PD_4,PD_6': 0.0, 'PD_5,PD_6': 0.0}, ASR: 0.8, TCB: {'PD_2': ['PD_4', 'PD_3'], 'PD_3': ['PD_2', 'PD_4'], 'PD_4': ['PD_2', 'PD_3'], 'PD_5': [], 'PD_6': []}, FR: {'PD_2,PD_3': inf, 'PD_2,PD_4': inf, 'PD_2,PD_5': inf, 'PD_2,PD_6': inf, 'PD_3,PD_4': inf, 'PD_3,PD_5': inf, 'PD_3,PD_6': inf, 'PD_4,PD_5': inf, 'PD_4,PD_6': inf, 'PD_5,PD_6': inf}
  Computing metrics...
    RSI: {'PD_2,PD_3': 1.0, 'PD_2,PD_4': 1.0, 'PD_2,PD_5': 0.0, 'PD_2,PD_6': 0.0, 'PD_3,PD_4': 1.0, 'PD_3,PD_5': 0.0, 'PD_3,PD_6': 0.0, 'PD_4,PD_5': 0.0, 'PD_4,PD_6': 0.0, 'PD_5,PD_6': 0.0}, ASR: 1.0, TCB: {'PD_2': ['PD_4', 'PD_3'], 'PD_3': ['PD_2', 'PD_4'], 'PD_4': ['PD_2', 'PD_3'], 'PD_5': [], 'PD_6': []}, FR: {'PD_2,PD_3': inf, 'PD_2,PD_4': inf, 'PD_2,PD_5': inf, 'PD_2,PD_6': inf, 'PD_3,PD_4': inf, 'PD_3,PD_5': inf, 'PD_3,PD_6': inf, 'PD_4,PD_5': inf, 'PD_4,PD_6': inf, 'PD_5,PD_6': inf}
  Computing metrics...
    RSI: {'PD_2,PD_3': 1.0, 'PD_2,PD_4': 1.0, 'PD_2,PD_5': 0.0, 'PD_2,PD_6': 0.0, 'PD_3,PD_4': 1.0, 'PD_3,PD_5': 0.0, 'PD_3,PD_6': 0.0, 'PD_4,PD_5': 0.0, 'PD_4,PD_6': 0.0, 'PD_5,PD_6': 0.0}, ASR: 0.8, TCB: {'PD_2': ['PD_4', 'PD_3'], 'PD_3': ['PD_2', 'PD_4'], 'PD_4': ['PD_2', 'PD_3'], 'PD_5': [], 'PD_6': []}, FR: {'PD_2,PD_3': inf, 'PD_2,PD_4': inf, 'PD_2,PD_5': inf, 'PD_2,PD_6': inf, 'PD_3,PD_4': inf, 'PD_3,PD_5': inf, 'PD_3,PD_6': inf, 'PD_4,PD_5': inf, 'PD_4,PD_6': inf, 'PD_5,PD_6': inf}
  Computing metrics...
    RSI: {'PD_2,PD_3': 1.0, 'PD_2,PD_4': 1.0, 'PD_2,PD_5': 0.0, 'PD_2,PD_6': 0.0, 'PD_3,PD_4': 1.0, 'PD_3,PD_5': 0.0, 'PD_3,PD_6': 0.0, 'PD_4,PD_5': 0.0, 'PD_4,PD_6': 0.0, 'PD_5,PD_6': 0.0}, ASR: 1.0, TCB: {'PD_2': ['PD_4', 'PD_5', 'PD_3'], 'PD_3': ['PD_2', 'PD_4'], 'PD_4': ['PD_2', 'PD_3'], 'PD_5': [], 'PD_6': []}, FR: {'PD_2,PD_3': inf, 'PD_2,PD_4': inf, 'PD_2,PD_5': inf, 'PD_2,PD_6': inf, 'PD_3,PD_4': inf, 'PD_3,PD_5': inf, 'PD_3,PD_6': inf, 'PD_4,PD_5': inf, 'PD_4,PD_6': inf, 'PD_5,PD_6': inf}
  Computing metrics...
    RSI: {'PD_2,PD_3': 1.0, 'PD_2,PD_4': 1.0, 'PD_2,PD_5': 0.0, 'PD_2,PD_6': 0.0, 'PD_3,PD_4': 1.0, 'PD_3,PD_5': 0.0, 'PD_3,PD_6': 0.0, 'PD_4,PD_5': 0.0, 'PD_4,PD_6': 0.0, 'PD_5,PD_6': 0.0}, ASR: 0.8, TCB: {'PD_2': ['PD_4', 'PD_3'], 'PD_3': ['PD_2', 'PD_4'], 'PD_4': ['PD_2', 'PD_3'], 'PD_5': [], 'PD_6': []}, FR: {'PD_2,PD_3': inf, 'PD_2,PD_4': inf, 'PD_2,PD_5': inf, 'PD_2,PD_6': inf, 'PD_3,PD_4': inf, 'PD_3,PD_5': inf, 'PD_3,PD_6': inf, 'PD_4,PD_5': inf, 'PD_4,PD_6': inf, 'PD_5,PD_6': inf}
  Computing metrics...
    RSI: {'PD_2,PD_3': 1.0, 'PD_2,PD_4': 1.0, 'PD_2,PD_5': 0.0, 'PD_2,PD_6': 0.0, 'PD_3,PD_4': 1.0, 'PD_3,PD_5': 0.0, 'PD_3,PD_6': 0.0, 'PD_4,PD_5': 0.0, 'PD_4,PD_6': 0.0, 'PD_5,PD_6': 0.0}, ASR: 1.0, TCB: {'PD_2': ['PD_4', 'PD_6', 'PD_3'], 'PD_3': ['PD_2', 'PD_4'], 'PD_4': ['PD_2', 'PD_3'], 'PD_5': [], 'PD_6': []}, FR: {'PD_2,PD_3': inf, 'PD_2,PD_4': inf, 'PD_2,PD_5': inf, 'PD_2,PD_6': inf, 'PD_3,PD_4': inf, 'PD_3,PD_5': inf, 'PD_3,PD_6': inf, 'PD_4,PD_5': inf, 'PD_4,PD_6': inf, 'PD_5,PD_6': inf}
  Computing metrics...
    RSI: {'PD_2,PD_3': 1.0, 'PD_2,PD_4': 1.0, 'PD_2,PD_5': 0.0, 'PD_2,PD_6': 0.0, 'PD_3,PD_4': 1.0, 'PD_3,PD_5': 0.0, 'PD_3,PD_6': 0.0, 'PD_4,PD_5': 0.0, 'PD_4,PD_6': 0.0, 'PD_5,PD_6': 0.0}, ASR: 0.8, TCB: {'PD_2': ['PD_4', 'PD_3'], 'PD_3': ['PD_2', 'PD_4'], 'PD_4': ['PD_2', 'PD_3'], 'PD_5': [], 'PD_6': []}, FR: {'PD_2,PD_3': inf, 'PD_2,PD_4': inf, 'PD_2,PD_5': inf, 'PD_2,PD_6': inf, 'PD_3,PD_4': inf, 'PD_3,PD_5': inf, 'PD_3,PD_6': inf, 'PD_4,PD_5': inf, 'PD_4,PD_6': inf, 'PD_5,PD_6': inf}
  Computing metrics...
    RSI: {'PD_2,PD_3': 1.0, 'PD_2,PD_4': 1.0, 'PD_2,PD_5': 0.0, 'PD_2,PD_6': 0.0, 'PD_3,PD_4': 1.0, 'PD_3,PD_5': 0.0, 'PD_3,PD_6': 0.0, 'PD_4,PD_5': 0.0, 'PD_4,PD_6': 0.0, 'PD_5,PD_6': 0.0}, ASR: 1.0, TCB: {'PD_2': ['PD_4', 'PD_3'], 'PD_3': ['PD_2', 'PD_4'], 'PD_4': ['PD_2', 'PD_3'], 'PD_5': [], 'PD_6': []}, FR: {'PD_2,PD_3': 3, 'PD_2,PD_4': inf, 'PD_2,PD_5': inf, 'PD_2,PD_6': inf, 'PD_3,PD_4': inf, 'PD_3,PD_5': inf, 'PD_3,PD_6': inf, 'PD_4,PD_5': inf, 'PD_4,PD_6': inf, 'PD_5,PD_6': inf}
  Computing metrics...
    RSI: {'PD_2,PD_3': 1.0, 'PD_2,PD_4': 1.0, 'PD_2,PD_5': 0.0, 'PD_2,PD_6': 0.0, 'PD_3,PD_4': 1.0, 'PD_3,PD_5': 0.0, 'PD_3,PD_6': 0.0, 'PD_4,PD_5': 0.0, 'PD_4,PD_6': 0.0, 'PD_5,PD_6': 0.0}, ASR: 0.8, TCB: {'PD_2': ['PD_4', 'PD_3'], 'PD_3': ['PD_2', 'PD_4'], 'PD_4': ['PD_2', 'PD_3'], 'PD_5': [], 'PD_6': []}, FR: {'PD_2,PD_3': inf, 'PD_2,PD_4': inf, 'PD_2,PD_5': inf, 'PD_2,PD_6': inf, 'PD_3,PD_4': inf, 'PD_3,PD_5': inf, 'PD_3,PD_6': inf, 'PD_4,PD_5': inf, 'PD_4,PD_6': inf, 'PD_5,PD_6': inf}
  Computing metrics...
    RSI: {'PD_2,PD_3': 1.0, 'PD_2,PD_4': 1.0, 'PD_2,PD_5': 0.0, 'PD_2,PD_6': 0.0, 'PD_3,PD_4': 1.0, 'PD_3,PD_5': 0.0, 'PD_3,PD_6': 0.0, 'PD_4,PD_5': 0.0, 'PD_4,PD_6': 0.0, 'PD_5,PD_6': 0.0}, ASR: 1.0, TCB: {'PD_2': ['PD_4', 'PD_3'], 'PD_3': ['PD_4', 'PD_2'], 'PD_4': ['PD_2', 'PD_3'], 'PD_5': [], 'PD_6': []}, FR: {'PD_2,PD_3': 2, 'PD_2,PD_4': inf, 'PD_2,PD_5': inf, 'PD_2,PD_6': inf, 'PD_3,PD_4': inf, 'PD_3,PD_5': inf, 'PD_3,PD_6': inf, 'PD_4,PD_5': inf, 'PD_4,PD_6': inf, 'PD_5,PD_6': inf}
  Computing metrics...
    RSI: {'PD_2,PD_3': 1.0, 'PD_2,PD_4': 1.0, 'PD_2,PD_5': 0.0, 'PD_2,PD_6': 0.0, 'PD_3,PD_4': 1.0, 'PD_3,PD_5': 0.0, 'PD_3,PD_6': 0.0, 'PD_4,PD_5': 0.0, 'PD_4,PD_6': 0.0, 'PD_5,PD_6': 0.0}, ASR: 0.8, TCB: {'PD_2': ['PD_4', 'PD_3'], 'PD_3': ['PD_2', 'PD_4'], 'PD_4': ['PD_2', 'PD_3'], 'PD_5': [], 'PD_6': []}, FR: {'PD_2,PD_3': inf, 'PD_2,PD_4': inf, 'PD_2,PD_5': inf, 'PD_2,PD_6': inf, 'PD_3,PD_4': inf, 'PD_3,PD_5': inf, 'PD_3,PD_6': inf, 'PD_4,PD_5': inf, 'PD_4,PD_6': inf, 'PD_5,PD_6': inf}
  Computing metrics...
    RSI: {'PD_2,PD_3': 1.0, 'PD_2,PD_4': 1.0, 'PD_2,PD_5': 0.0, 'PD_2,PD_6': 0.0, 'PD_3,PD_4': 1.0, 'PD_3,PD_5': 0.0, 'PD_3,PD_6': 0.0, 'PD_4,PD_5': 0.0, 'PD_4,PD_6': 0.0, 'PD_5,PD_6': 0.0}, ASR: 1.0, TCB: {'PD_2': ['PD_4', 'PD_3'], 'PD_3': ['PD_5', 'PD_2', 'PD_4'], 'PD_4': ['PD_2', 'PD_3'], 'PD_5': [], 'PD_6': []}, FR: {'PD_2,PD_3': inf, 'PD_2,PD_4': inf, 'PD_2,PD_5': inf, 'PD_2,PD_6': inf, 'PD_3,PD_4': inf, 'PD_3,PD_5': inf, 'PD_3,PD_6': inf, 'PD_4,PD_5': inf, 'PD_4,PD_6': inf, 'PD_5,PD_6': inf}
  Computing metrics...
    RSI: {'PD_2,PD_3': 1.0, 'PD_2,PD_4': 1.0, 'PD_2,PD_5': 0.0, 'PD_2,PD_6': 0.0, 'PD_3,PD_4': 1.0, 'PD_3,PD_5': 0.0, 'PD_3,PD_6': 0.0, 'PD_4,PD_5': 0.0, 'PD_4,PD_6': 0.0, 'PD_5,PD_6': 0.0}, ASR: 0.8, TCB: {'PD_2': ['PD_4', 'PD_3'], 'PD_3': ['PD_2', 'PD_4'], 'PD_4': ['PD_2', 'PD_3'], 'PD_5': [], 'PD_6': []}, FR: {'PD_2,PD_3': inf, 'PD_2,PD_4': inf, 'PD_2,PD_5': inf, 'PD_2,PD_6': inf, 'PD_3,PD_4': inf, 'PD_3,PD_5': inf, 'PD_3,PD_6': inf, 'PD_4,PD_5': inf, 'PD_4,PD_6': inf, 'PD_5,PD_6': inf}
  Computing metrics...
    RSI: {'PD_2,PD_3': 1.0, 'PD_2,PD_4': 1.0, 'PD_2,PD_5': 0.0, 'PD_2,PD_6': 0.0, 'PD_3,PD_4': 1.0, 'PD_3,PD_5': 0.0, 'PD_3,PD_6': 0.0, 'PD_4,PD_5': 0.0, 'PD_4,PD_6': 0.0, 'PD_5,PD_6': 0.0}, ASR: 1.0, TCB: {'PD_2': ['PD_4', 'PD_3'], 'PD_3': ['PD_6', 'PD_2', 'PD_4'], 'PD_4': ['PD_2', 'PD_3'], 'PD_5': [], 'PD_6': []}, FR: {'PD_2,PD_3': inf, 'PD_2,PD_4': inf, 'PD_2,PD_5': inf, 'PD_2,PD_6': inf, 'PD_3,PD_4': inf, 'PD_3,PD_5': inf, 'PD_3,PD_6': inf, 'PD_4,PD_5': inf, 'PD_4,PD_6': inf, 'PD_5,PD_6': inf}
  Computing metrics...
    RSI: {'PD_2,PD_3': 1.0, 'PD_2,PD_4': 1.0, 'PD_2,PD_5': 0.0, 'PD_2,PD_6': 0.0, 'PD_3,PD_4': 1.0, 'PD_3,PD_5': 0.0, 'PD_3,PD_6': 0.0, 'PD_4,PD_5': 0.0, 'PD_4,PD_6': 0.0, 'PD_5,PD_6': 0.0}, ASR: 0.8, TCB: {'PD_2': ['PD_4', 'PD_3'], 'PD_3': ['PD_2', 'PD_4'], 'PD_4': ['PD_2', 'PD_3'], 'PD_5': [], 'PD_6': []}, FR: {'PD_2,PD_3': inf, 'PD_2,PD_4': inf, 'PD_2,PD_5': inf, 'PD_2,PD_6': inf, 'PD_3,PD_4': inf, 'PD_3,PD_5': inf, 'PD_3,PD_6': inf, 'PD_4,PD_5': inf, 'PD_4,PD_6': inf, 'PD_5,PD_6': inf}
  Computing metrics...
    RSI: {'PD_2,PD_3': 1.0, 'PD_2,PD_4': 1.0, 'PD_2,PD_5': 0.0, 'PD_2,PD_6': 0.0, 'PD_3,PD_4': 1.0, 'PD_3,PD_5': 0.0, 'PD_3,PD_6': 0.0, 'PD_4,PD_5': 0.0, 'PD_4,PD_6': 0.0, 'PD_5,PD_6': 0.0}, ASR: 1.0, TCB: {'PD_2': ['PD_4', 'PD_3'], 'PD_3': ['PD_2', 'PD_4'], 'PD_4': ['PD_2', 'PD_3'], 'PD_5': [], 'PD_6': []}, FR: {'PD_2,PD_3': inf, 'PD_2,PD_4': inf, 'PD_2,PD_5': inf, 'PD_2,PD_6': inf, 'PD_3,PD_4': inf, 'PD_3,PD_5': inf, 'PD_3,PD_6': inf, 'PD_4,PD_5': inf, 'PD_4,PD_6': inf, 'PD_5,PD_6': inf}
  Computing metrics...
    RSI: {'PD_2,PD_3': 1.0, 'PD_2,PD_4': 1.0, 'PD_2,PD_5': 0.0, 'PD_2,PD_6': 0.0, 'PD_3,PD_4': 1.0, 'PD_3,PD_5': 0.0, 'PD_3,PD_6': 0.0, 'PD_4,PD_5': 0.0, 'PD_4,PD_6': 0.0, 'PD_5,PD_6': 0.0}, ASR: 0.8, TCB: {'PD_2': ['PD_4', 'PD_3'], 'PD_3': ['PD_2', 'PD_4'], 'PD_4': ['PD_2', 'PD_3'], 'PD_5': [], 'PD_6': []}, FR: {'PD_2,PD_3': inf, 'PD_2,PD_4': inf, 'PD_2,PD_5': inf, 'PD_2,PD_6': inf, 'PD_3,PD_4': inf, 'PD_3,PD_5': inf, 'PD_3,PD_6': inf, 'PD_4,PD_5': inf, 'PD_4,PD_6': inf, 'PD_5,PD_6': inf}
  Computing metrics...
    RSI: {'PD_2,PD_3': 1.0, 'PD_2,PD_4': 1.0, 'PD_2,PD_5': 0.0, 'PD_2,PD_6': 0.0, 'PD_3,PD_4': 1.0, 'PD_3,PD_5': 0.0, 'PD_3,PD_6': 0.0, 'PD_4,PD_5': 0.0, 'PD_4,PD_6': 0.0, 'PD_5,PD_6': 0.0}, ASR: 1.0, TCB: {'PD_2': ['PD_4', 'PD_3'], 'PD_3': ['PD_2', 'PD_4'], 'PD_4': ['PD_3', 'PD_2'], 'PD_5': [], 'PD_6': []}, FR: {'PD_2,PD_3': inf, 'PD_2,PD_4': 3, 'PD_2,PD_5': inf, 'PD_2,PD_6': inf, 'PD_3,PD_4': inf, 'PD_3,PD_5': inf, 'PD_3,PD_6': inf, 'PD_4,PD_5': inf, 'PD_4,PD_6': inf, 'PD_5,PD_6': inf}
  Computing metrics...
    RSI: {'PD_2,PD_3': 1.0, 'PD_2,PD_4': 1.0, 'PD_2,PD_5': 0.0, 'PD_2,PD_6': 0.0, 'PD_3,PD_4': 1.0, 'PD_3,PD_5': 0.0, 'PD_3,PD_6': 0.0, 'PD_4,PD_5': 0.0, 'PD_4,PD_6': 0.0, 'PD_5,PD_6': 0.0}, ASR: 0.8, TCB: {'PD_2': ['PD_4', 'PD_3'], 'PD_3': ['PD_2', 'PD_4'], 'PD_4': ['PD_2', 'PD_3'], 'PD_5': [], 'PD_6': []}, FR: {'PD_2,PD_3': inf, 'PD_2,PD_4': inf, 'PD_2,PD_5': inf, 'PD_2,PD_6': inf, 'PD_3,PD_4': inf, 'PD_3,PD_5': inf, 'PD_3,PD_6': inf, 'PD_4,PD_5': inf, 'PD_4,PD_6': inf, 'PD_5,PD_6': inf}
  Computing metrics...
    RSI: {'PD_2,PD_3': 1.0, 'PD_2,PD_4': 1.0, 'PD_2,PD_5': 0.0, 'PD_2,PD_6': 0.0, 'PD_3,PD_4': 1.0, 'PD_3,PD_5': 0.0, 'PD_3,PD_6': 0.0, 'PD_4,PD_5': 0.0, 'PD_4,PD_6': 0.0, 'PD_5,PD_6': 0.0}, ASR: 1.0, TCB: {'PD_2': ['PD_4', 'PD_3'], 'PD_3': ['PD_2', 'PD_4'], 'PD_4': ['PD_5', 'PD_2', 'PD_3'], 'PD_5': [], 'PD_6': []}, FR: {'PD_2,PD_3': inf, 'PD_2,PD_4': 3, 'PD_2,PD_5': inf, 'PD_2,PD_6': inf, 'PD_3,PD_4': inf, 'PD_3,PD_5': inf, 'PD_3,PD_6': inf, 'PD_4,PD_5': inf, 'PD_4,PD_6': inf, 'PD_5,PD_6': inf}
  Computing metrics...
    RSI: {'PD_2,PD_3': 1.0, 'PD_2,PD_4': 1.0, 'PD_2,PD_5': 0.0, 'PD_2,PD_6': 0.0, 'PD_3,PD_4': 1.0, 'PD_3,PD_5': 0.0, 'PD_3,PD_6': 0.0, 'PD_4,PD_5': 0.0, 'PD_4,PD_6': 0.0, 'PD_5,PD_6': 0.0}, ASR: 0.8, TCB: {'PD_2': ['PD_4', 'PD_3'], 'PD_3': ['PD_2', 'PD_4'], 'PD_4': ['PD_2', 'PD_3'], 'PD_5': [], 'PD_6': []}, FR: {'PD_2,PD_3': inf, 'PD_2,PD_4': inf, 'PD_2,PD_5': inf, 'PD_2,PD_6': inf, 'PD_3,PD_4': inf, 'PD_3,PD_5': inf, 'PD_3,PD_6': inf, 'PD_4,PD_5': inf, 'PD_4,PD_6': inf, 'PD_5,PD_6': inf}
  Computing metrics...
    RSI: {'PD_2,PD_3': 1.0, 'PD_2,PD_4': 1.0, 'PD_2,PD_5': 0.0, 'PD_2,PD_6': 0.0, 'PD_3,PD_4': 1.0, 'PD_3,PD_5': 0.0, 'PD_3,PD_6': 0.0, 'PD_4,PD_5': 0.0, 'PD_4,PD_6': 0.0, 'PD_5,PD_6': 0.0}, ASR: 1.0, TCB: {'PD_2': ['PD_4', 'PD_3'], 'PD_3': ['PD_2', 'PD_4'], 'PD_4': ['PD_6', 'PD_2', 'PD_3'], 'PD_5': [], 'PD_6': []}, FR: {'PD_2,PD_3': inf, 'PD_2,PD_4': 3, 'PD_2,PD_5': inf, 'PD_2,PD_6': inf, 'PD_3,PD_4': inf, 'PD_3,PD_5': inf, 'PD_3,PD_6': inf, 'PD_4,PD_5': inf, 'PD_4,PD_6': inf, 'PD_5,PD_6': inf}
  Computing metrics...
    RSI: {'PD_2,PD_3': 1.0, 'PD_2,PD_4': 1.0, 'PD_2,PD_5': 0.0, 'PD_2,PD_6': 0.0, 'PD_3,PD_4': 1.0, 'PD_3,PD_5': 0.0, 'PD_3,PD_6': 0.0, 'PD_4,PD_5': 0.0, 'PD_4,PD_6': 0.0, 'PD_5,PD_6': 0.0}, ASR: 0.8, TCB: {'PD_2': ['PD_4', 'PD_3'], 'PD_3': ['PD_2', 'PD_4'], 'PD_4': ['PD_2', 'PD_3'], 'PD_5': [], 'PD_6': []}, FR: {'PD_2,PD_3': inf, 'PD_2,PD_4': inf, 'PD_2,PD_5': inf, 'PD_2,PD_6': inf, 'PD_3,PD_4': inf, 'PD_3,PD_5': inf, 'PD_3,PD_6': inf, 'PD_4,PD_5': inf, 'PD_4,PD_6': inf, 'PD_5,PD_6': inf}
  Computing metrics...
    RSI: {'PD_2,PD_3': 1.0, 'PD_2,PD_4': 1.0, 'PD_2,PD_5': 0.0, 'PD_2,PD_6': 0.0, 'PD_3,PD_4': 1.0, 'PD_3,PD_5': 0.0, 'PD_3,PD_6': 0.0, 'PD_4,PD_5': 0.0, 'PD_4,PD_6': 0.0, 'PD_5,PD_6': 0.0}, ASR: 1.0, TCB: {'PD_2': ['PD_4', 'PD_3'], 'PD_3': ['PD_2', 'PD_4'], 'PD_4': ['PD_2', 'PD_3'], 'PD_5': ['PD_2'], 'PD_6': []}, FR: {'PD_2,PD_3': inf, 'PD_2,PD_4': inf, 'PD_2,PD_5': 3, 'PD_2,PD_6': inf, 'PD_3,PD_4': inf, 'PD_3,PD_5': inf, 'PD_3,PD_6': inf, 'PD_4,PD_5': inf, 'PD_4,PD_6': inf, 'PD_5,PD_6': inf}
  Computing metrics...
    RSI: {'PD_2,PD_3': 1.0, 'PD_2,PD_4': 1.0, 'PD_2,PD_5': 0.0, 'PD_2,PD_6': 0.0, 'PD_3,PD_4': 1.0, 'PD_3,PD_5': 0.0, 'PD_3,PD_6': 0.0, 'PD_4,PD_5': 0.0, 'PD_4,PD_6': 0.0, 'PD_5,PD_6': 0.0}, ASR: 0.8, TCB: {'PD_2': ['PD_4', 'PD_3'], 'PD_3': ['PD_2', 'PD_4'], 'PD_4': ['PD_2', 'PD_3'], 'PD_5': [], 'PD_6': []}, FR: {'PD_2,PD_3': inf, 'PD_2,PD_4': inf, 'PD_2,PD_5': inf, 'PD_2,PD_6': inf, 'PD_3,PD_4': inf, 'PD_3,PD_5': inf, 'PD_3,PD_6': inf, 'PD_4,PD_5': inf, 'PD_4,PD_6': inf, 'PD_5,PD_6': inf}
  Computing metrics...
    RSI: {'PD_2,PD_3': 1.0, 'PD_2,PD_4': 1.0, 'PD_2,PD_5': 0.0, 'PD_2,PD_6': 0.0, 'PD_3,PD_4': 1.0, 'PD_3,PD_5': 0.0, 'PD_3,PD_6': 0.0, 'PD_4,PD_5': 0.0, 'PD_4,PD_6': 0.0, 'PD_5,PD_6': 0.0}, ASR: 1.0, TCB: {'PD_2': ['PD_4', 'PD_3'], 'PD_3': ['PD_2', 'PD_4'], 'PD_4': ['PD_2', 'PD_3'], 'PD_5': ['PD_3'], 'PD_6': []}, FR: {'PD_2,PD_3': inf, 'PD_2,PD_4': inf, 'PD_2,PD_5': inf, 'PD_2,PD_6': inf, 'PD_3,PD_4': inf, 'PD_3,PD_5': inf, 'PD_3,PD_6': inf, 'PD_4,PD_5': inf, 'PD_4,PD_6': inf, 'PD_5,PD_6': inf}
  Computing metrics...
    RSI: {'PD_2,PD_3': 1.0, 'PD_2,PD_4': 1.0, 'PD_2,PD_5': 0.0, 'PD_2,PD_6': 0.0, 'PD_3,PD_4': 1.0, 'PD_3,PD_5': 0.0, 'PD_3,PD_6': 0.0, 'PD_4,PD_5': 0.0, 'PD_4,PD_6': 0.0, 'PD_5,PD_6': 0.0}, ASR: 0.8, TCB: {'PD_2': ['PD_4', 'PD_3'], 'PD_3': ['PD_2', 'PD_4'], 'PD_4': ['PD_2', 'PD_3'], 'PD_5': [], 'PD_6': []}, FR: {'PD_2,PD_3': inf, 'PD_2,PD_4': inf, 'PD_2,PD_5': inf, 'PD_2,PD_6': inf, 'PD_3,PD_4': inf, 'PD_3,PD_5': inf, 'PD_3,PD_6': inf, 'PD_4,PD_5': inf, 'PD_4,PD_6': inf, 'PD_5,PD_6': inf}
  Computing metrics...
    RSI: {'PD_2,PD_3': 1.0, 'PD_2,PD_4': 1.0, 'PD_2,PD_5': 0.0, 'PD_2,PD_6': 0.0, 'PD_3,PD_4': 1.0, 'PD_3,PD_5': 0.0, 'PD_3,PD_6': 0.0, 'PD_4,PD_5': 0.0, 'PD_4,PD_6': 0.0, 'PD_5,PD_6': 0.0}, ASR: 1.0, TCB: {'PD_2': ['PD_4', 'PD_3'], 'PD_3': ['PD_2', 'PD_4'], 'PD_4': ['PD_2', 'PD_3'], 'PD_5': ['PD_4'], 'PD_6': []}, FR: {'PD_2,PD_3': inf, 'PD_2,PD_4': inf, 'PD_2,PD_5': 2, 'PD_2,PD_6': inf, 'PD_3,PD_4': inf, 'PD_3,PD_5': inf, 'PD_3,PD_6': inf, 'PD_4,PD_5': inf, 'PD_4,PD_6': inf, 'PD_5,PD_6': inf}
  Computing metrics...
    RSI: {'PD_2,PD_3': 1.0, 'PD_2,PD_4': 1.0, 'PD_2,PD_5': 0.0, 'PD_2,PD_6': 0.0, 'PD_3,PD_4': 1.0, 'PD_3,PD_5': 0.0, 'PD_3,PD_6': 0.0, 'PD_4,PD_5': 0.0, 'PD_4,PD_6': 0.0, 'PD_5,PD_6': 0.0}, ASR: 0.8, TCB: {'PD_2': ['PD_4', 'PD_3'], 'PD_3': ['PD_2', 'PD_4'], 'PD_4': ['PD_2', 'PD_3'], 'PD_5': [], 'PD_6': []}, FR: {'PD_2,PD_3': inf, 'PD_2,PD_4': inf, 'PD_2,PD_5': inf, 'PD_2,PD_6': inf, 'PD_3,PD_4': inf, 'PD_3,PD_5': inf, 'PD_3,PD_6': inf, 'PD_4,PD_5': inf, 'PD_4,PD_6': inf, 'PD_5,PD_6': inf}
  Computing metrics...
    RSI: {'PD_2,PD_3': 1.0, 'PD_2,PD_4': 1.0, 'PD_2,PD_5': 0.0, 'PD_2,PD_6': 0.0, 'PD_3,PD_4': 1.0, 'PD_3,PD_5': 0.0, 'PD_3,PD_6': 0.0, 'PD_4,PD_5': 0.0, 'PD_4,PD_6': 0.0, 'PD_5,PD_6': 0.0}, ASR: 1.0, TCB: {'PD_2': ['PD_4', 'PD_3'], 'PD_3': ['PD_2', 'PD_4'], 'PD_4': ['PD_2', 'PD_3'], 'PD_5': ['PD_6'], 'PD_6': []}, FR: {'PD_2,PD_3': inf, 'PD_2,PD_4': inf, 'PD_2,PD_5': inf, 'PD_2,PD_6': inf, 'PD_3,PD_4': inf, 'PD_3,PD_5': inf, 'PD_3,PD_6': inf, 'PD_4,PD_5': inf, 'PD_4,PD_6': inf, 'PD_5,PD_6': inf}
  Computing metrics...
    RSI: {'PD_2,PD_3': 1.0, 'PD_2,PD_4': 1.0, 'PD_2,PD_5': 0.0, 'PD_2,PD_6': 0.0, 'PD_3,PD_4': 1.0, 'PD_3,PD_5': 0.0, 'PD_3,PD_6': 0.0, 'PD_4,PD_5': 0.0, 'PD_4,PD_6': 0.0, 'PD_5,PD_6': 0.0}, ASR: 0.8, TCB: {'PD_2': ['PD_4', 'PD_3'], 'PD_3': ['PD_2', 'PD_4'], 'PD_4': ['PD_2', 'PD_3'], 'PD_5': [], 'PD_6': []}, FR: {'PD_2,PD_3': inf, 'PD_2,PD_4': inf, 'PD_2,PD_5': inf, 'PD_2,PD_6': inf, 'PD_3,PD_4': inf, 'PD_3,PD_5': inf, 'PD_3,PD_6': inf, 'PD_4,PD_5': inf, 'PD_4,PD_6': inf, 'PD_5,PD_6': inf}
  Computing metrics...
    RSI: {'PD_2,PD_3': 1.0, 'PD_2,PD_4': 1.0, 'PD_2,PD_5': 0.0, 'PD_2,PD_6': 0.0, 'PD_3,PD_4': 1.0, 'PD_3,PD_5': 0.0, 'PD_3,PD_6': 0.0, 'PD_4,PD_5': 0.0, 'PD_4,PD_6': 0.0, 'PD_5,PD_6': 0.0}, ASR: 1.0, TCB: {'PD_2': ['PD_4', 'PD_3'], 'PD_3': ['PD_2', 'PD_4'], 'PD_4': ['PD_2', 'PD_3'], 'PD_5': [], 'PD_6': ['PD_2']}, FR: {'PD_2,PD_3': inf, 'PD_2,PD_4': inf, 'PD_2,PD_5': inf, 'PD_2,PD_6': 3, 'PD_3,PD_4': inf, 'PD_3,PD_5': inf, 'PD_3,PD_6': inf, 'PD_4,PD_5': inf, 'PD_4,PD_6': inf, 'PD_5,PD_6': inf}
  Computing metrics...
    RSI: {'PD_2,PD_3': 1.0, 'PD_2,PD_4': 1.0, 'PD_2,PD_5': 0.0, 'PD_2,PD_6': 0.0, 'PD_3,PD_4': 1.0, 'PD_3,PD_5': 0.0, 'PD_3,PD_6': 0.0, 'PD_4,PD_5': 0.0, 'PD_4,PD_6': 0.0, 'PD_5,PD_6': 0.0}, ASR: 0.8, TCB: {'PD_2': ['PD_4', 'PD_3'], 'PD_3': ['PD_2', 'PD_4'], 'PD_4': ['PD_2', 'PD_3'], 'PD_5': [], 'PD_6': []}, FR: {'PD_2,PD_3': inf, 'PD_2,PD_4': inf, 'PD_2,PD_5': inf, 'PD_2,PD_6': inf, 'PD_3,PD_4': inf, 'PD_3,PD_5': inf, 'PD_3,PD_6': inf, 'PD_4,PD_5': inf, 'PD_4,PD_6': inf, 'PD_5,PD_6': inf}
  Computing metrics...
    RSI: {'PD_2,PD_3': 1.0, 'PD_2,PD_4': 1.0, 'PD_2,PD_5': 0.0, 'PD_2,PD_6': 0.0, 'PD_3,PD_4': 1.0, 'PD_3,PD_5': 0.0, 'PD_3,PD_6': 0.0, 'PD_4,PD_5': 0.0, 'PD_4,PD_6': 0.0, 'PD_5,PD_6': 0.0}, ASR: 1.0, TCB: {'PD_2': ['PD_4', 'PD_3'], 'PD_3': ['PD_2', 'PD_4'], 'PD_4': ['PD_2', 'PD_3'], 'PD_5': [], 'PD_6': ['PD_3']}, FR: {'PD_2,PD_3': inf, 'PD_2,PD_4': inf, 'PD_2,PD_5': inf, 'PD_2,PD_6': inf, 'PD_3,PD_4': inf, 'PD_3,PD_5': inf, 'PD_3,PD_6': inf, 'PD_4,PD_5': inf, 'PD_4,PD_6': inf, 'PD_5,PD_6': inf}
  Computing metrics...
    RSI: {'PD_2,PD_3': 1.0, 'PD_2,PD_4': 1.0, 'PD_2,PD_5': 0.0, 'PD_2,PD_6': 0.0, 'PD_3,PD_4': 1.0, 'PD_3,PD_5': 0.0, 'PD_3,PD_6': 0.0, 'PD_4,PD_5': 0.0, 'PD_4,PD_6': 0.0, 'PD_5,PD_6': 0.0}, ASR: 0.8, TCB: {'PD_2': ['PD_4', 'PD_3'], 'PD_3': ['PD_2', 'PD_4'], 'PD_4': ['PD_2', 'PD_3'], 'PD_5': [], 'PD_6': []}, FR: {'PD_2,PD_3': inf, 'PD_2,PD_4': inf, 'PD_2,PD_5': inf, 'PD_2,PD_6': inf, 'PD_3,PD_4': inf, 'PD_3,PD_5': inf, 'PD_3,PD_6': inf, 'PD_4,PD_5': inf, 'PD_4,PD_6': inf, 'PD_5,PD_6': inf}
  Computing metrics...
    RSI: {'PD_2,PD_3': 1.0, 'PD_2,PD_4': 1.0, 'PD_2,PD_5': 0.0, 'PD_2,PD_6': 0.0, 'PD_3,PD_4': 1.0, 'PD_3,PD_5': 0.0, 'PD_3,PD_6': 0.0, 'PD_4,PD_5': 0.0, 'PD_4,PD_6': 0.0, 'PD_5,PD_6': 0.0}, ASR: 1.0, TCB: {'PD_2': ['PD_4', 'PD_3'], 'PD_3': ['PD_2', 'PD_4'], 'PD_4': ['PD_2', 'PD_3'], 'PD_5': [], 'PD_6': ['PD_4']}, FR: {'PD_2,PD_3': inf, 'PD_2,PD_4': inf, 'PD_2,PD_5': inf, 'PD_2,PD_6': 2, 'PD_3,PD_4': inf, 'PD_3,PD_5': inf, 'PD_3,PD_6': inf, 'PD_4,PD_5': inf, 'PD_4,PD_6': inf, 'PD_5,PD_6': inf}
  Computing metrics...
    RSI: {'PD_2,PD_3': 1.0, 'PD_2,PD_4': 1.0, 'PD_2,PD_5': 0.0, 'PD_2,PD_6': 0.0, 'PD_3,PD_4': 1.0, 'PD_3,PD_5': 0.0, 'PD_3,PD_6': 0.0, 'PD_4,PD_5': 0.0, 'PD_4,PD_6': 0.0, 'PD_5,PD_6': 0.0}, ASR: 0.8, TCB: {'PD_2': ['PD_4', 'PD_3'], 'PD_3': ['PD_2', 'PD_4'], 'PD_4': ['PD_2', 'PD_3'], 'PD_5': [], 'PD_6': []}, FR: {'PD_2,PD_3': inf, 'PD_2,PD_4': inf, 'PD_2,PD_5': inf, 'PD_2,PD_6': inf, 'PD_3,PD_4': inf, 'PD_3,PD_5': inf, 'PD_3,PD_6': inf, 'PD_4,PD_5': inf, 'PD_4,PD_6': inf, 'PD_5,PD_6': inf}
  Computing metrics...
    RSI: {'PD_2,PD_3': 1.0, 'PD_2,PD_4': 1.0, 'PD_2,PD_5': 0.0, 'PD_2,PD_6': 0.0, 'PD_3,PD_4': 1.0, 'PD_3,PD_5': 0.0, 'PD_3,PD_6': 0.0, 'PD_4,PD_5': 0.0, 'PD_4,PD_6': 0.0, 'PD_5,PD_6': 0.0}, ASR: 1.0, TCB: {'PD_2': ['PD_4', 'PD_3'], 'PD_3': ['PD_2', 'PD_4'], 'PD_4': ['PD_2', 'PD_3'], 'PD_5': [], 'PD_6': ['PD_5']}, FR: {'PD_2,PD_3': inf, 'PD_2,PD_4': inf, 'PD_2,PD_5': inf, 'PD_2,PD_6': inf, 'PD_3,PD_4': inf, 'PD_3,PD_5': inf, 'PD_3,PD_6': inf, 'PD_4,PD_5': inf, 'PD_4,PD_6': inf, 'PD_5,PD_6': inf}
  Computing metrics...
    RSI: {'PD_2,PD_3': 1.0, 'PD_2,PD_4': 1.0, 'PD_2,PD_5': 0.0, 'PD_2,PD_6': 0.0, 'PD_3,PD_4': 1.0, 'PD_3,PD_5': 0.0, 'PD_3,PD_6': 0.0, 'PD_4,PD_5': 0.0, 'PD_4,PD_6': 0.0, 'PD_5,PD_6': 0.0}, ASR: 0.8, TCB: {'PD_2': ['PD_4', 'PD_3'], 'PD_3': ['PD_2', 'PD_4'], 'PD_4': ['PD_2', 'PD_3'], 'PD_5': [], 'PD_6': []}, FR: {'PD_2,PD_3': inf, 'PD_2,PD_4': inf, 'PD_2,PD_5': inf, 'PD_2,PD_6': inf, 'PD_3,PD_4': inf, 'PD_3,PD_5': inf, 'PD_3,PD_6': inf, 'PD_4,PD_5': inf, 'PD_4,PD_6': inf, 'PD_5,PD_6': inf}
  Computing metrics...
    RSI: {'PD_2,PD_3': 1.0, 'PD_2,PD_4': 1.0, 'PD_2,PD_5': 0.0, 'PD_2,PD_6': 0.0, 'PD_3,PD_4': 1.0, 'PD_3,PD_5': 0.0, 'PD_3,PD_6': 0.0, 'PD_4,PD_5': 0.0, 'PD_4,PD_6': 0.0, 'PD_5,PD_6': 0.0}, ASR: 0.8, TCB: {'PD_2': ['PD_4', 'PD_3'], 'PD_3': ['PD_2', 'PD_4'], 'PD_4': ['PD_2', 'PD_3'], 'PD_5': [], 'PD_6': []}, FR: {'PD_2,PD_3': inf, 'PD_2,PD_4': inf, 'PD_2,PD_5': inf, 'PD_2,PD_6': inf, 'PD_3,PD_4': inf, 'PD_3,PD_5': inf, 'PD_3,PD_6': inf, 'PD_4,PD_5': inf, 'PD_4,PD_6': inf, 'PD_5,PD_6': inf}
  Computing metrics...
    RSI: {'PD_2,PD_3': 1.0, 'PD_2,PD_4': 1.0, 'PD_2,PD_5': 0.0, 'PD_2,PD_6': 0.0, 'PD_3,PD_4': 1.0, 'PD_3,PD_5': 0.0, 'PD_3,PD_6': 0.0, 'PD_4,PD_5': 0.0, 'PD_4,PD_6': 0.0, 'PD_5,PD_6': 0.0}, ASR: 0.8, TCB: {'PD_2': ['PD_4', 'PD_3'], 'PD_3': ['PD_2', 'PD_4'], 'PD_4': ['PD_2', 'PD_3'], 'PD_5': [], 'PD_6': []}, FR: {'PD_2,PD_3': inf, 'PD_2,PD_4': inf, 'PD_2,PD_5': inf, 'PD_2,PD_6': inf, 'PD_3,PD_4': inf, 'PD_3,PD_5': inf, 'PD_3,PD_6': inf, 'PD_4,PD_5': inf, 'PD_4,PD_6': inf, 'PD_5,PD_6': inf}
  Computing metrics...
    RSI: {'PD_2,PD_3': 1.0, 'PD_2,PD_4': 1.0, 'PD_2,PD_5': 0.0, 'PD_2,PD_6': 0.0, 'PD_3,PD_4': 1.0, 'PD_3,PD_5': 0.0, 'PD_3,PD_6': 0.0, 'PD_4,PD_5': 0.0, 'PD_4,PD_6': 0.0, 'PD_5,PD_6': 0.0}, ASR: 0.8, TCB: {'PD_2': ['PD_4', 'PD_3'], 'PD_3': ['PD_2', 'PD_4'], 'PD_4': ['PD_2', 'PD_3'], 'PD_5': [], 'PD_6': []}, FR: {'PD_2,PD_3': inf, 'PD_2,PD_4': inf, 'PD_2,PD_5': inf, 'PD_2,PD_6': inf, 'PD_3,PD_4': inf, 'PD_3,PD_5': inf, 'PD_3,PD_6': inf, 'PD_4,PD_5': inf, 'PD_4,PD_6': inf, 'PD_5,PD_6': inf}
  🚫 Filtered out 1 'add_pd' candidates (avoiding repetition)
  Trying best transition: primitive
    Target: connect PD_5 to FILE_1_1
    Predicted improvement: 3.100
    Considered 31 other option(s):
      1. primitive: connect PD_6 to FILE_1_1 (improvement: 3.100)
      2. primitive: remove empty PD_5 (improvement: 0.100)
      3. primitive: remove empty PD_6 (improvement: 0.100)
      4. primitive: create new CONFIG file in FILE_SPACE_1 (improvement: 0.100)
      5. primitive: create new DATABASE file in FILE_SPACE_1 (improvement: 0.100)
      6. primitive: create new TEMP file in FILE_SPACE_1 (improvement: 0.100)
      7. primitive: create new LOG file in FILE_SPACE_1 (improvement: 0.100)
      8. primitive: remove FILE_1_1 (holders: 3) (improvement: 0.100)
      9. primitive: remove PD_3 -> FILE_1_1 HOLD edge (improvement: 0.100)
      10. primitive: remove PD_4 -> FILE_1_1 HOLD edge (improvement: 0.100)
      ... and 21 more
    ✅ Applied add_hold_edge
  Computing metrics...
    RSI: {'PD_2,PD_3': 1.0, 'PD_2,PD_4': 1.0, 'PD_2,PD_5': 1.0, 'PD_2,PD_6': 0.0, 'PD_3,PD_4': 1.0, 'PD_3,PD_5': 1.0, 'PD_3,PD_6': 0.0, 'PD_4,PD_5': 1.0, 'PD_4,PD_6': 0.0, 'PD_5,PD_6': 0.0}, ASR: 1.0, TCB: {'PD_2': ['PD_4', 'PD_3', 'PD_5'], 'PD_3': ['PD_2', 'PD_4', 'PD_5'], 'PD_4': ['PD_2', 'PD_3', 'PD_5'], 'PD_5': ['PD_2', 'PD_3', 'PD_4'], 'PD_6': []}, FR: {'PD_2,PD_3': inf, 'PD_2,PD_4': inf, 'PD_2,PD_5': inf, 'PD_2,PD_6': inf, 'PD_3,PD_4': inf, 'PD_3,PD_5': inf, 'PD_3,PD_6': inf, 'PD_4,PD_5': inf, 'PD_4,PD_6': inf, 'PD_5,PD_6': inf}
    Warning: PD pair PD_1,PD_2 not found in RSI metrics
    Goals not yet satisfied, continuing exploration
  ✅ Mechanism saved! Total mechanisms found: 5

📊 Graph after iteration 5:
        # Graph structure:
        # PD_2 --REQUEST--> PD_4
        # PD_2 --HOLD--> FILE_1_1 -> FILE_SPACE_1
        # PD_3 --HOLD--> FILE_1_1 -> FILE_SPACE_1
        # PD_4 --HOLD--> FILE_1_1 -> FILE_SPACE_1
        # PD_5 --HOLD--> FILE_1_1 -> FILE_SPACE_1
        # PD_6
        #
        # FILE_1_1 shared by: PD_2, PD_3, PD_4, PD_5


Iteration 6/10
  Computing metrics...
    RSI: {'PD_2,PD_3': 1.0, 'PD_2,PD_4': 1.0, 'PD_2,PD_5': 1.0, 'PD_2,PD_6': 0.0, 'PD_3,PD_4': 1.0, 'PD_3,PD_5': 1.0, 'PD_3,PD_6': 0.0, 'PD_4,PD_5': 1.0, 'PD_4,PD_6': 0.0, 'PD_5,PD_6': 0.0}, ASR: 1.0, TCB: {'PD_2': ['PD_4', 'PD_3', 'PD_5'], 'PD_3': ['PD_2', 'PD_4', 'PD_5'], 'PD_4': ['PD_2', 'PD_3', 'PD_5'], 'PD_5': ['PD_2', 'PD_3', 'PD_4'], 'PD_6': []}, FR: {'PD_2,PD_3': inf, 'PD_2,PD_4': inf, 'PD_2,PD_5': inf, 'PD_2,PD_6': inf, 'PD_3,PD_4': inf, 'PD_3,PD_5': inf, 'PD_3,PD_6': inf, 'PD_4,PD_5': inf, 'PD_4,PD_6': inf, 'PD_5,PD_6': inf}
  Computing metrics...
    RSI: {'PD_2,PD_3': 1.0, 'PD_2,PD_4': 1.0, 'PD_2,PD_5': 1.0, 'PD_2,PD_6': 0.0, 'PD_3,PD_4': 1.0, 'PD_3,PD_5': 1.0, 'PD_3,PD_6': 0.0, 'PD_4,PD_5': 1.0, 'PD_4,PD_6': 0.0, 'PD_5,PD_6': 0.0}, ASR: 1.0, TCB: {'PD_2': ['PD_4', 'PD_3', 'PD_5'], 'PD_3': ['PD_2', 'PD_4', 'PD_5'], 'PD_4': ['PD_2', 'PD_3', 'PD_5'], 'PD_5': ['PD_2', 'PD_3', 'PD_4'], 'PD_6': []}, FR: {'PD_2,PD_3': inf, 'PD_2,PD_4': inf, 'PD_2,PD_5': inf, 'PD_2,PD_6': inf, 'PD_3,PD_4': inf, 'PD_3,PD_5': inf, 'PD_3,PD_6': inf, 'PD_4,PD_5': inf, 'PD_4,PD_6': inf, 'PD_5,PD_6': inf}
  Computing metrics...
    RSI: {'PD_2,PD_3': 1.0, 'PD_2,PD_4': 1.0, 'PD_2,PD_5': 1.0, 'PD_2,PD_6': 0.0, 'PD_3,PD_4': 1.0, 'PD_3,PD_5': 1.0, 'PD_3,PD_6': 0.0, 'PD_4,PD_5': 1.0, 'PD_4,PD_6': 0.0, 'PD_5,PD_6': 0.0}, ASR: 1.0, TCB: {'PD_2': ['PD_4', 'PD_3', 'PD_5'], 'PD_3': ['PD_2', 'PD_4', 'PD_5'], 'PD_4': ['PD_2', 'PD_3', 'PD_5'], 'PD_5': ['PD_2', 'PD_3', 'PD_4'], 'PD_6': []}, FR: {'PD_2,PD_3': inf, 'PD_2,PD_4': inf, 'PD_2,PD_5': inf, 'PD_2,PD_6': inf, 'PD_3,PD_4': inf, 'PD_3,PD_5': inf, 'PD_3,PD_6': inf, 'PD_4,PD_5': inf, 'PD_4,PD_6': inf, 'PD_5,PD_6': inf}
  Computing metrics...
    RSI: {'PD_2,PD_3': 1.0, 'PD_2,PD_4': 1.0, 'PD_2,PD_5': 1.0, 'PD_2,PD_6': 0.0, 'PD_3,PD_4': 1.0, 'PD_3,PD_5': 1.0, 'PD_3,PD_6': 0.0, 'PD_4,PD_5': 1.0, 'PD_4,PD_6': 0.0, 'PD_5,PD_6': 0.0}, ASR: 1.0, TCB: {'PD_2': ['PD_4', 'PD_3', 'PD_5'], 'PD_3': ['PD_2', 'PD_4', 'PD_5'], 'PD_4': ['PD_2', 'PD_3', 'PD_5'], 'PD_5': ['PD_2', 'PD_3', 'PD_4'], 'PD_6': []}, FR: {'PD_2,PD_3': inf, 'PD_2,PD_4': inf, 'PD_2,PD_5': inf, 'PD_2,PD_6': inf, 'PD_3,PD_4': inf, 'PD_3,PD_5': inf, 'PD_3,PD_6': inf, 'PD_4,PD_5': inf, 'PD_4,PD_6': inf, 'PD_5,PD_6': inf}
  Computing metrics...
    RSI: {'PD_2,PD_3': 1.0, 'PD_2,PD_4': 1.0, 'PD_2,PD_5': 1.0, 'PD_2,PD_6': 0.0, 'PD_3,PD_4': 1.0, 'PD_3,PD_5': 1.0, 'PD_3,PD_6': 0.0, 'PD_4,PD_5': 1.0, 'PD_4,PD_6': 0.0, 'PD_5,PD_6': 0.0}, ASR: 1.0, TCB: {'PD_2': ['PD_4', 'PD_3', 'PD_5'], 'PD_3': ['PD_2', 'PD_4', 'PD_5'], 'PD_4': ['PD_2', 'PD_3', 'PD_5'], 'PD_5': ['PD_2', 'PD_3', 'PD_4'], 'PD_6': []}, FR: {'PD_2,PD_3': inf, 'PD_2,PD_4': inf, 'PD_2,PD_5': inf, 'PD_2,PD_6': inf, 'PD_3,PD_4': inf, 'PD_3,PD_5': inf, 'PD_3,PD_6': inf, 'PD_4,PD_5': inf, 'PD_4,PD_6': inf, 'PD_5,PD_6': inf}
  Computing metrics...
    RSI: {'PD_2,PD_3': 1.0, 'PD_2,PD_4': 1.0, 'PD_2,PD_5': 1.0, 'PD_2,PD_6': 0.0, 'PD_3,PD_4': 1.0, 'PD_3,PD_5': 1.0, 'PD_3,PD_6': 0.0, 'PD_4,PD_5': 1.0, 'PD_4,PD_6': 0.0, 'PD_5,PD_6': 0.0}, ASR: 1.0, TCB: {'PD_2': ['PD_4', 'PD_3', 'PD_5'], 'PD_3': ['PD_2', 'PD_4', 'PD_5'], 'PD_4': ['PD_2', 'PD_3', 'PD_5'], 'PD_5': ['PD_2', 'PD_3', 'PD_4'], 'PD_6': []}, FR: {'PD_2,PD_3': inf, 'PD_2,PD_4': inf, 'PD_2,PD_5': inf, 'PD_2,PD_6': inf, 'PD_3,PD_4': inf, 'PD_3,PD_5': inf, 'PD_3,PD_6': inf, 'PD_4,PD_5': inf, 'PD_4,PD_6': inf, 'PD_5,PD_6': inf}
  Computing metrics...
    RSI: {'PD_2,PD_3': 1.0, 'PD_2,PD_4': 1.0, 'PD_2,PD_5': 1.0, 'PD_2,PD_6': 0.0, 'PD_3,PD_4': 1.0, 'PD_3,PD_5': 1.0, 'PD_3,PD_6': 0.0, 'PD_4,PD_5': 1.0, 'PD_4,PD_6': 0.0, 'PD_5,PD_6': 0.0}, ASR: 1.0, TCB: {'PD_2': ['PD_4', 'PD_3', 'PD_5'], 'PD_3': ['PD_2', 'PD_4', 'PD_5'], 'PD_4': ['PD_2', 'PD_3', 'PD_5'], 'PD_5': ['PD_2', 'PD_3', 'PD_4'], 'PD_6': []}, FR: {'PD_2,PD_3': inf, 'PD_2,PD_4': inf, 'PD_2,PD_5': inf, 'PD_2,PD_6': inf, 'PD_3,PD_4': inf, 'PD_3,PD_5': inf, 'PD_3,PD_6': inf, 'PD_4,PD_5': inf, 'PD_4,PD_6': inf, 'PD_5,PD_6': inf}
  Computing metrics...
    RSI: {'PD_2,PD_3': 1.0, 'PD_2,PD_4': 1.0, 'PD_2,PD_5': 1.0, 'PD_2,PD_6': 0.0, 'PD_3,PD_4': 1.0, 'PD_3,PD_5': 1.0, 'PD_3,PD_6': 0.0, 'PD_4,PD_5': 1.0, 'PD_4,PD_6': 0.0, 'PD_5,PD_6': 0.0}, ASR: 1.0, TCB: {'PD_2': ['PD_4', 'PD_3', 'PD_5'], 'PD_3': ['PD_2', 'PD_4', 'PD_5'], 'PD_4': ['PD_2', 'PD_3', 'PD_5'], 'PD_5': ['PD_2', 'PD_3', 'PD_4'], 'PD_6': []}, FR: {'PD_2,PD_3': inf, 'PD_2,PD_4': inf, 'PD_2,PD_5': inf, 'PD_2,PD_6': inf, 'PD_3,PD_4': inf, 'PD_3,PD_5': inf, 'PD_3,PD_6': inf, 'PD_4,PD_5': inf, 'PD_4,PD_6': inf, 'PD_5,PD_6': inf}
  Computing metrics...
    RSI: {'PD_2,PD_3': 1.0, 'PD_2,PD_4': 1.0, 'PD_2,PD_5': 1.0, 'PD_2,PD_6': 0.0, 'PD_3,PD_4': 1.0, 'PD_3,PD_5': 1.0, 'PD_3,PD_6': 0.0, 'PD_4,PD_5': 1.0, 'PD_4,PD_6': 0.0, 'PD_5,PD_6': 0.0}, ASR: 1.0, TCB: {'PD_2': ['PD_4', 'PD_3', 'PD_5'], 'PD_3': ['PD_2', 'PD_4', 'PD_5'], 'PD_4': ['PD_2', 'PD_3', 'PD_5'], 'PD_5': ['PD_2', 'PD_3', 'PD_4'], 'PD_6': []}, FR: {'PD_2,PD_3': inf, 'PD_2,PD_4': inf, 'PD_2,PD_5': inf, 'PD_2,PD_6': inf, 'PD_3,PD_4': inf, 'PD_3,PD_5': inf, 'PD_3,PD_6': inf, 'PD_4,PD_5': inf, 'PD_4,PD_6': inf, 'PD_5,PD_6': inf}
  Computing metrics...
    RSI: {'PD_2,PD_3': 1.0, 'PD_2,PD_4': 1.0, 'PD_2,PD_5': 1.0, 'PD_2,PD_6': 0.0, 'PD_3,PD_4': 1.0, 'PD_3,PD_5': 1.0, 'PD_3,PD_6': 0.0, 'PD_4,PD_5': 1.0, 'PD_4,PD_6': 0.0, 'PD_5,PD_6': 0.0}, ASR: 1.0, TCB: {'PD_2': ['PD_4', 'PD_3', 'PD_5'], 'PD_3': ['PD_2', 'PD_4', 'PD_5'], 'PD_4': ['PD_2', 'PD_3', 'PD_5'], 'PD_5': ['PD_2', 'PD_3', 'PD_4'], 'PD_6': []}, FR: {'PD_2,PD_3': inf, 'PD_2,PD_4': inf, 'PD_2,PD_5': inf, 'PD_2,PD_6': inf, 'PD_3,PD_4': inf, 'PD_3,PD_5': inf, 'PD_3,PD_6': inf, 'PD_4,PD_5': inf, 'PD_4,PD_6': inf, 'PD_5,PD_6': inf}
  Computing metrics...
    RSI: {'PD_2,PD_3': 1.0, 'PD_2,PD_4': 1.0, 'PD_2,PD_5': 1.0, 'PD_2,PD_6': 0.0, 'PD_3,PD_4': 1.0, 'PD_3,PD_5': 1.0, 'PD_3,PD_6': 0.0, 'PD_4,PD_5': 1.0, 'PD_4,PD_6': 0.0, 'PD_5,PD_6': 0.0}, ASR: 1.0, TCB: {'PD_2': ['PD_4', 'PD_3', 'PD_5'], 'PD_3': ['PD_2', 'PD_4', 'PD_5'], 'PD_4': ['PD_2', 'PD_3', 'PD_5'], 'PD_5': ['PD_2', 'PD_3', 'PD_4'], 'PD_6': []}, FR: {'PD_2,PD_3': inf, 'PD_2,PD_4': inf, 'PD_2,PD_5': inf, 'PD_2,PD_6': inf, 'PD_3,PD_4': inf, 'PD_3,PD_5': inf, 'PD_3,PD_6': inf, 'PD_4,PD_5': inf, 'PD_4,PD_6': inf, 'PD_5,PD_6': inf}
  Computing metrics...
    RSI: {'PD_2,PD_3': 1.0, 'PD_2,PD_4': 1.0, 'PD_2,PD_5': 1.0, 'PD_2,PD_6': 0.0, 'PD_3,PD_4': 1.0, 'PD_3,PD_5': 1.0, 'PD_3,PD_6': 0.0, 'PD_4,PD_5': 1.0, 'PD_4,PD_6': 0.0, 'PD_5,PD_6': 0.0}, ASR: 1.0, TCB: {'PD_2': ['PD_4', 'PD_3', 'PD_5'], 'PD_3': ['PD_2', 'PD_4', 'PD_5'], 'PD_4': ['PD_2', 'PD_3', 'PD_5'], 'PD_5': ['PD_2', 'PD_3', 'PD_4'], 'PD_6': []}, FR: {'PD_2,PD_3': inf, 'PD_2,PD_4': inf, 'PD_2,PD_5': inf, 'PD_2,PD_6': inf, 'PD_3,PD_4': inf, 'PD_3,PD_5': inf, 'PD_3,PD_6': inf, 'PD_4,PD_5': inf, 'PD_4,PD_6': inf, 'PD_5,PD_6': inf}
  Computing metrics...
    RSI: {'PD_2,PD_3': 1.0, 'PD_2,PD_4': 1.0, 'PD_2,PD_5': 1.0, 'PD_2,PD_6': 0.0, 'PD_3,PD_4': 1.0, 'PD_3,PD_5': 1.0, 'PD_3,PD_6': 0.0, 'PD_4,PD_5': 1.0, 'PD_4,PD_6': 0.0, 'PD_5,PD_6': 0.0}, ASR: 1.0, TCB: {'PD_2': ['PD_4', 'PD_3', 'PD_5'], 'PD_3': ['PD_2', 'PD_4', 'PD_5'], 'PD_4': ['PD_2', 'PD_3', 'PD_5'], 'PD_5': ['PD_2', 'PD_3', 'PD_4'], 'PD_6': []}, FR: {'PD_2,PD_3': inf, 'PD_2,PD_4': inf, 'PD_2,PD_5': inf, 'PD_2,PD_6': inf, 'PD_3,PD_4': inf, 'PD_3,PD_5': inf, 'PD_3,PD_6': inf, 'PD_4,PD_5': inf, 'PD_4,PD_6': inf, 'PD_5,PD_6': inf}
  Computing metrics...
    RSI: {'PD_2,PD_3': 1.0, 'PD_2,PD_4': 1.0, 'PD_2,PD_5': 1.0, 'PD_2,PD_6': 0.0, 'PD_3,PD_4': 1.0, 'PD_3,PD_5': 1.0, 'PD_3,PD_6': 0.0, 'PD_4,PD_5': 1.0, 'PD_4,PD_6': 0.0, 'PD_5,PD_6': 0.0}, ASR: 1.0, TCB: {'PD_2': ['PD_4', 'PD_3', 'PD_5'], 'PD_3': ['PD_2', 'PD_4', 'PD_5'], 'PD_4': ['PD_2', 'PD_3', 'PD_5'], 'PD_5': ['PD_2', 'PD_3', 'PD_4'], 'PD_6': []}, FR: {'PD_2,PD_3': inf, 'PD_2,PD_4': inf, 'PD_2,PD_5': inf, 'PD_2,PD_6': inf, 'PD_3,PD_4': inf, 'PD_3,PD_5': inf, 'PD_3,PD_6': inf, 'PD_4,PD_5': inf, 'PD_4,PD_6': inf, 'PD_5,PD_6': inf}
  Computing metrics...
    RSI: {'PD_2,PD_3': 1.0, 'PD_2,PD_4': 1.0, 'PD_2,PD_5': 1.0, 'PD_2,PD_6': 0.0, 'PD_3,PD_4': 1.0, 'PD_3,PD_5': 1.0, 'PD_3,PD_6': 0.0, 'PD_4,PD_5': 1.0, 'PD_4,PD_6': 0.0, 'PD_5,PD_6': 0.0}, ASR: 1.0, TCB: {'PD_2': ['PD_4', 'PD_3', 'PD_5'], 'PD_3': ['PD_2', 'PD_4', 'PD_5'], 'PD_4': ['PD_2', 'PD_3', 'PD_5'], 'PD_5': ['PD_2', 'PD_3', 'PD_4'], 'PD_6': []}, FR: {'PD_2,PD_3': inf, 'PD_2,PD_4': inf, 'PD_2,PD_5': inf, 'PD_2,PD_6': inf, 'PD_3,PD_4': inf, 'PD_3,PD_5': inf, 'PD_3,PD_6': inf, 'PD_4,PD_5': inf, 'PD_4,PD_6': inf, 'PD_5,PD_6': inf}
  Computing metrics...
    RSI: {'PD_2,PD_3': 1.0, 'PD_2,PD_4': 1.0, 'PD_2,PD_5': 1.0, 'PD_2,PD_6': 1.0, 'PD_3,PD_4': 1.0, 'PD_3,PD_5': 1.0, 'PD_3,PD_6': 1.0, 'PD_4,PD_5': 1.0, 'PD_4,PD_6': 1.0, 'PD_5,PD_6': 1.0}, ASR: 1.2, TCB: {'PD_2': ['PD_4', 'PD_3', 'PD_5', 'PD_6'], 'PD_3': ['PD_2', 'PD_4', 'PD_5', 'PD_6'], 'PD_4': ['PD_2', 'PD_3', 'PD_5', 'PD_6'], 'PD_5': ['PD_2', 'PD_3', 'PD_4', 'PD_6'], 'PD_6': ['PD_2', 'PD_3', 'PD_4', 'PD_5']}, FR: {'PD_2,PD_3': inf, 'PD_2,PD_4': inf, 'PD_2,PD_5': inf, 'PD_2,PD_6': inf, 'PD_3,PD_4': inf, 'PD_3,PD_5': inf, 'PD_3,PD_6': inf, 'PD_4,PD_5': inf, 'PD_4,PD_6': inf, 'PD_5,PD_6': inf}
  Computing metrics...
    RSI: {'PD_2,PD_3': 1.0, 'PD_2,PD_4': 1.0, 'PD_2,PD_5': 1.0, 'PD_2,PD_6': 0.0, 'PD_3,PD_4': 1.0, 'PD_3,PD_5': 1.0, 'PD_3,PD_6': 0.0, 'PD_4,PD_5': 1.0, 'PD_4,PD_6': 0.0, 'PD_5,PD_6': 0.0}, ASR: 1.0, TCB: {'PD_2': ['PD_4', 'PD_3', 'PD_5'], 'PD_3': ['PD_2', 'PD_4', 'PD_5'], 'PD_4': ['PD_2', 'PD_3', 'PD_5'], 'PD_5': ['PD_2', 'PD_3', 'PD_4'], 'PD_6': []}, FR: {'PD_2,PD_3': inf, 'PD_2,PD_4': inf, 'PD_2,PD_5': inf, 'PD_2,PD_6': inf, 'PD_3,PD_4': inf, 'PD_3,PD_5': inf, 'PD_3,PD_6': inf, 'PD_4,PD_5': inf, 'PD_4,PD_6': inf, 'PD_5,PD_6': inf}
  Computing metrics...
    RSI: {'PD_2,PD_3': 1.0, 'PD_2,PD_4': 1.0, 'PD_2,PD_5': 1.0, 'PD_2,PD_6': 0.0, 'PD_3,PD_4': 1.0, 'PD_3,PD_5': 1.0, 'PD_3,PD_6': 0.0, 'PD_4,PD_5': 1.0, 'PD_4,PD_6': 0.0, 'PD_5,PD_6': 0.0}, ASR: 1.0, TCB: {'PD_2': ['PD_4', 'PD_3', 'PD_5'], 'PD_3': ['PD_2', 'PD_4', 'PD_5'], 'PD_4': ['PD_2', 'PD_3', 'PD_5'], 'PD_5': ['PD_2', 'PD_3', 'PD_4'], 'PD_6': []}, FR: {'PD_2,PD_3': inf, 'PD_2,PD_4': inf, 'PD_2,PD_5': inf, 'PD_2,PD_6': inf, 'PD_3,PD_4': inf, 'PD_3,PD_5': inf, 'PD_3,PD_6': inf, 'PD_4,PD_5': inf, 'PD_4,PD_6': inf, 'PD_5,PD_6': inf}
    remove_hold_edge candidate: remove PD_3 -> FILE_1_1 HOLD edge -> score: 0.100
  Computing metrics...
    RSI: {'PD_2,PD_3': 1.0, 'PD_2,PD_4': 1.0, 'PD_2,PD_5': 1.0, 'PD_2,PD_6': 0.0, 'PD_3,PD_4': 1.0, 'PD_3,PD_5': 1.0, 'PD_3,PD_6': 0.0, 'PD_4,PD_5': 1.0, 'PD_4,PD_6': 0.0, 'PD_5,PD_6': 0.0}, ASR: 1.0, TCB: {'PD_2': ['PD_4', 'PD_3', 'PD_5'], 'PD_3': ['PD_2', 'PD_4', 'PD_5'], 'PD_4': ['PD_2', 'PD_3', 'PD_5'], 'PD_5': ['PD_2', 'PD_3', 'PD_4'], 'PD_6': []}, FR: {'PD_2,PD_3': inf, 'PD_2,PD_4': inf, 'PD_2,PD_5': inf, 'PD_2,PD_6': inf, 'PD_3,PD_4': inf, 'PD_3,PD_5': inf, 'PD_3,PD_6': inf, 'PD_4,PD_5': inf, 'PD_4,PD_6': inf, 'PD_5,PD_6': inf}
  Computing metrics...
    RSI: {'PD_2,PD_3': 1.0, 'PD_2,PD_4': 1.0, 'PD_2,PD_5': 1.0, 'PD_2,PD_6': 0.0, 'PD_3,PD_4': 1.0, 'PD_3,PD_5': 1.0, 'PD_3,PD_6': 0.0, 'PD_4,PD_5': 1.0, 'PD_4,PD_6': 0.0, 'PD_5,PD_6': 0.0}, ASR: 1.0, TCB: {'PD_2': ['PD_4', 'PD_3', 'PD_5'], 'PD_3': ['PD_2', 'PD_4', 'PD_5'], 'PD_4': ['PD_2', 'PD_3', 'PD_5'], 'PD_5': ['PD_2', 'PD_3', 'PD_4'], 'PD_6': []}, FR: {'PD_2,PD_3': inf, 'PD_2,PD_4': inf, 'PD_2,PD_5': inf, 'PD_2,PD_6': inf, 'PD_3,PD_4': inf, 'PD_3,PD_5': inf, 'PD_3,PD_6': inf, 'PD_4,PD_5': inf, 'PD_4,PD_6': inf, 'PD_5,PD_6': inf}
    remove_hold_edge candidate: remove PD_4 -> FILE_1_1 HOLD edge -> score: 0.100
  Computing metrics...
    RSI: {'PD_2,PD_3': 1.0, 'PD_2,PD_4': 1.0, 'PD_2,PD_5': 1.0, 'PD_2,PD_6': 0.0, 'PD_3,PD_4': 1.0, 'PD_3,PD_5': 1.0, 'PD_3,PD_6': 0.0, 'PD_4,PD_5': 1.0, 'PD_4,PD_6': 0.0, 'PD_5,PD_6': 0.0}, ASR: 1.0, TCB: {'PD_2': ['PD_4', 'PD_3', 'PD_5'], 'PD_3': ['PD_2', 'PD_4', 'PD_5'], 'PD_4': ['PD_2', 'PD_3', 'PD_5'], 'PD_5': ['PD_2', 'PD_3', 'PD_4'], 'PD_6': []}, FR: {'PD_2,PD_3': inf, 'PD_2,PD_4': inf, 'PD_2,PD_5': inf, 'PD_2,PD_6': inf, 'PD_3,PD_4': inf, 'PD_3,PD_5': inf, 'PD_3,PD_6': inf, 'PD_4,PD_5': inf, 'PD_4,PD_6': inf, 'PD_5,PD_6': inf}
  Computing metrics...
    RSI: {'PD_2,PD_3': 1.0, 'PD_2,PD_4': 1.0, 'PD_2,PD_5': 1.0, 'PD_2,PD_6': 0.0, 'PD_3,PD_4': 1.0, 'PD_3,PD_5': 1.0, 'PD_3,PD_6': 0.0, 'PD_4,PD_5': 1.0, 'PD_4,PD_6': 0.0, 'PD_5,PD_6': 0.0}, ASR: 1.0, TCB: {'PD_2': ['PD_4', 'PD_3', 'PD_5'], 'PD_3': ['PD_2', 'PD_4', 'PD_5'], 'PD_4': ['PD_2', 'PD_3', 'PD_5'], 'PD_5': ['PD_2', 'PD_3', 'PD_4'], 'PD_6': []}, FR: {'PD_2,PD_3': inf, 'PD_2,PD_4': inf, 'PD_2,PD_5': inf, 'PD_2,PD_6': inf, 'PD_3,PD_4': inf, 'PD_3,PD_5': inf, 'PD_3,PD_6': inf, 'PD_4,PD_5': inf, 'PD_4,PD_6': inf, 'PD_5,PD_6': inf}
    remove_hold_edge candidate: remove PD_5 -> FILE_1_1 HOLD edge -> score: 0.100
  Computing metrics...
    RSI: {'PD_2,PD_3': 1.0, 'PD_2,PD_4': 1.0, 'PD_2,PD_5': 1.0, 'PD_2,PD_6': 0.0, 'PD_3,PD_4': 1.0, 'PD_3,PD_5': 1.0, 'PD_3,PD_6': 0.0, 'PD_4,PD_5': 1.0, 'PD_4,PD_6': 0.0, 'PD_5,PD_6': 0.0}, ASR: 1.0, TCB: {'PD_2': ['PD_4', 'PD_3', 'PD_5'], 'PD_3': ['PD_2', 'PD_4', 'PD_5'], 'PD_4': ['PD_2', 'PD_3', 'PD_5'], 'PD_5': ['PD_2', 'PD_3', 'PD_4'], 'PD_6': []}, FR: {'PD_2,PD_3': inf, 'PD_2,PD_4': inf, 'PD_2,PD_5': inf, 'PD_2,PD_6': inf, 'PD_3,PD_4': inf, 'PD_3,PD_5': inf, 'PD_3,PD_6': inf, 'PD_4,PD_5': inf, 'PD_4,PD_6': inf, 'PD_5,PD_6': inf}
  Computing metrics...
    RSI: {'PD_2,PD_3': 1.0, 'PD_2,PD_4': 1.0, 'PD_2,PD_5': 1.0, 'PD_2,PD_6': 0.0, 'PD_3,PD_4': 1.0, 'PD_3,PD_5': 1.0, 'PD_3,PD_6': 0.0, 'PD_4,PD_5': 1.0, 'PD_4,PD_6': 0.0, 'PD_5,PD_6': 0.0}, ASR: 1.2, TCB: {'PD_2': ['PD_4', 'PD_3', 'PD_5'], 'PD_3': ['PD_2', 'PD_4', 'PD_5'], 'PD_4': ['PD_2', 'PD_3', 'PD_5'], 'PD_5': ['PD_2', 'PD_3', 'PD_4'], 'PD_6': []}, FR: {'PD_2,PD_3': inf, 'PD_2,PD_4': inf, 'PD_2,PD_5': inf, 'PD_2,PD_6': inf, 'PD_3,PD_4': inf, 'PD_3,PD_5': inf, 'PD_3,PD_6': inf, 'PD_4,PD_5': inf, 'PD_4,PD_6': inf, 'PD_5,PD_6': inf}
  Computing metrics...
    RSI: {'PD_2,PD_3': 1.0, 'PD_2,PD_4': 1.0, 'PD_2,PD_5': 1.0, 'PD_2,PD_6': 0.0, 'PD_3,PD_4': 1.0, 'PD_3,PD_5': 1.0, 'PD_3,PD_6': 0.0, 'PD_4,PD_5': 1.0, 'PD_4,PD_6': 0.0, 'PD_5,PD_6': 0.0}, ASR: 1.0, TCB: {'PD_2': ['PD_4', 'PD_3', 'PD_5'], 'PD_3': ['PD_2', 'PD_4', 'PD_5'], 'PD_4': ['PD_2', 'PD_3', 'PD_5'], 'PD_5': ['PD_2', 'PD_3', 'PD_4'], 'PD_6': []}, FR: {'PD_2,PD_3': inf, 'PD_2,PD_4': inf, 'PD_2,PD_5': inf, 'PD_2,PD_6': inf, 'PD_3,PD_4': inf, 'PD_3,PD_5': inf, 'PD_3,PD_6': inf, 'PD_4,PD_5': inf, 'PD_4,PD_6': inf, 'PD_5,PD_6': inf}
  Computing metrics...
    RSI: {'PD_2,PD_3': 1.0, 'PD_2,PD_4': 1.0, 'PD_2,PD_5': 1.0, 'PD_2,PD_6': 0.0, 'PD_3,PD_4': 1.0, 'PD_3,PD_5': 1.0, 'PD_3,PD_6': 0.0, 'PD_4,PD_5': 1.0, 'PD_4,PD_6': 0.0, 'PD_5,PD_6': 0.0}, ASR: 1.2, TCB: {'PD_2': ['PD_4', 'PD_5', 'PD_3'], 'PD_3': ['PD_2', 'PD_4', 'PD_5'], 'PD_4': ['PD_2', 'PD_3', 'PD_5'], 'PD_5': ['PD_2', 'PD_3', 'PD_4'], 'PD_6': []}, FR: {'PD_2,PD_3': inf, 'PD_2,PD_4': inf, 'PD_2,PD_5': inf, 'PD_2,PD_6': inf, 'PD_3,PD_4': inf, 'PD_3,PD_5': inf, 'PD_3,PD_6': inf, 'PD_4,PD_5': inf, 'PD_4,PD_6': inf, 'PD_5,PD_6': inf}
  Computing metrics...
    RSI: {'PD_2,PD_3': 1.0, 'PD_2,PD_4': 1.0, 'PD_2,PD_5': 1.0, 'PD_2,PD_6': 0.0, 'PD_3,PD_4': 1.0, 'PD_3,PD_5': 1.0, 'PD_3,PD_6': 0.0, 'PD_4,PD_5': 1.0, 'PD_4,PD_6': 0.0, 'PD_5,PD_6': 0.0}, ASR: 1.0, TCB: {'PD_2': ['PD_4', 'PD_3', 'PD_5'], 'PD_3': ['PD_2', 'PD_4', 'PD_5'], 'PD_4': ['PD_2', 'PD_3', 'PD_5'], 'PD_5': ['PD_2', 'PD_3', 'PD_4'], 'PD_6': []}, FR: {'PD_2,PD_3': inf, 'PD_2,PD_4': inf, 'PD_2,PD_5': inf, 'PD_2,PD_6': inf, 'PD_3,PD_4': inf, 'PD_3,PD_5': inf, 'PD_3,PD_6': inf, 'PD_4,PD_5': inf, 'PD_4,PD_6': inf, 'PD_5,PD_6': inf}
  Computing metrics...
    RSI: {'PD_2,PD_3': 1.0, 'PD_2,PD_4': 1.0, 'PD_2,PD_5': 1.0, 'PD_2,PD_6': 0.0, 'PD_3,PD_4': 1.0, 'PD_3,PD_5': 1.0, 'PD_3,PD_6': 0.0, 'PD_4,PD_5': 1.0, 'PD_4,PD_6': 0.0, 'PD_5,PD_6': 0.0}, ASR: 1.2, TCB: {'PD_2': ['PD_4', 'PD_6', 'PD_3', 'PD_5'], 'PD_3': ['PD_2', 'PD_4', 'PD_5'], 'PD_4': ['PD_2', 'PD_3', 'PD_5'], 'PD_5': ['PD_2', 'PD_3', 'PD_4'], 'PD_6': []}, FR: {'PD_2,PD_3': inf, 'PD_2,PD_4': inf, 'PD_2,PD_5': inf, 'PD_2,PD_6': inf, 'PD_3,PD_4': inf, 'PD_3,PD_5': inf, 'PD_3,PD_6': inf, 'PD_4,PD_5': inf, 'PD_4,PD_6': inf, 'PD_5,PD_6': inf}
  Computing metrics...
    RSI: {'PD_2,PD_3': 1.0, 'PD_2,PD_4': 1.0, 'PD_2,PD_5': 1.0, 'PD_2,PD_6': 0.0, 'PD_3,PD_4': 1.0, 'PD_3,PD_5': 1.0, 'PD_3,PD_6': 0.0, 'PD_4,PD_5': 1.0, 'PD_4,PD_6': 0.0, 'PD_5,PD_6': 0.0}, ASR: 1.0, TCB: {'PD_2': ['PD_4', 'PD_3', 'PD_5'], 'PD_3': ['PD_2', 'PD_4', 'PD_5'], 'PD_4': ['PD_2', 'PD_3', 'PD_5'], 'PD_5': ['PD_2', 'PD_3', 'PD_4'], 'PD_6': []}, FR: {'PD_2,PD_3': inf, 'PD_2,PD_4': inf, 'PD_2,PD_5': inf, 'PD_2,PD_6': inf, 'PD_3,PD_4': inf, 'PD_3,PD_5': inf, 'PD_3,PD_6': inf, 'PD_4,PD_5': inf, 'PD_4,PD_6': inf, 'PD_5,PD_6': inf}
  Computing metrics...
    RSI: {'PD_2,PD_3': 1.0, 'PD_2,PD_4': 1.0, 'PD_2,PD_5': 1.0, 'PD_2,PD_6': 0.0, 'PD_3,PD_4': 1.0, 'PD_3,PD_5': 1.0, 'PD_3,PD_6': 0.0, 'PD_4,PD_5': 1.0, 'PD_4,PD_6': 0.0, 'PD_5,PD_6': 0.0}, ASR: 1.2, TCB: {'PD_2': ['PD_4', 'PD_3', 'PD_5'], 'PD_3': ['PD_2', 'PD_4', 'PD_5'], 'PD_4': ['PD_2', 'PD_3', 'PD_5'], 'PD_5': ['PD_2', 'PD_3', 'PD_4'], 'PD_6': []}, FR: {'PD_2,PD_3': 3, 'PD_2,PD_4': inf, 'PD_2,PD_5': inf, 'PD_2,PD_6': inf, 'PD_3,PD_4': inf, 'PD_3,PD_5': inf, 'PD_3,PD_6': inf, 'PD_4,PD_5': inf, 'PD_4,PD_6': inf, 'PD_5,PD_6': inf}
  Computing metrics...
    RSI: {'PD_2,PD_3': 1.0, 'PD_2,PD_4': 1.0, 'PD_2,PD_5': 1.0, 'PD_2,PD_6': 0.0, 'PD_3,PD_4': 1.0, 'PD_3,PD_5': 1.0, 'PD_3,PD_6': 0.0, 'PD_4,PD_5': 1.0, 'PD_4,PD_6': 0.0, 'PD_5,PD_6': 0.0}, ASR: 1.0, TCB: {'PD_2': ['PD_4', 'PD_3', 'PD_5'], 'PD_3': ['PD_2', 'PD_4', 'PD_5'], 'PD_4': ['PD_2', 'PD_3', 'PD_5'], 'PD_5': ['PD_2', 'PD_3', 'PD_4'], 'PD_6': []}, FR: {'PD_2,PD_3': inf, 'PD_2,PD_4': inf, 'PD_2,PD_5': inf, 'PD_2,PD_6': inf, 'PD_3,PD_4': inf, 'PD_3,PD_5': inf, 'PD_3,PD_6': inf, 'PD_4,PD_5': inf, 'PD_4,PD_6': inf, 'PD_5,PD_6': inf}
  Computing metrics...
    RSI: {'PD_2,PD_3': 1.0, 'PD_2,PD_4': 1.0, 'PD_2,PD_5': 1.0, 'PD_2,PD_6': 0.0, 'PD_3,PD_4': 1.0, 'PD_3,PD_5': 1.0, 'PD_3,PD_6': 0.0, 'PD_4,PD_5': 1.0, 'PD_4,PD_6': 0.0, 'PD_5,PD_6': 0.0}, ASR: 1.2, TCB: {'PD_2': ['PD_4', 'PD_3', 'PD_5'], 'PD_3': ['PD_4', 'PD_2', 'PD_5'], 'PD_4': ['PD_2', 'PD_3', 'PD_5'], 'PD_5': ['PD_2', 'PD_3', 'PD_4'], 'PD_6': []}, FR: {'PD_2,PD_3': 2, 'PD_2,PD_4': inf, 'PD_2,PD_5': inf, 'PD_2,PD_6': inf, 'PD_3,PD_4': inf, 'PD_3,PD_5': inf, 'PD_3,PD_6': inf, 'PD_4,PD_5': inf, 'PD_4,PD_6': inf, 'PD_5,PD_6': inf}
  Computing metrics...
    RSI: {'PD_2,PD_3': 1.0, 'PD_2,PD_4': 1.0, 'PD_2,PD_5': 1.0, 'PD_2,PD_6': 0.0, 'PD_3,PD_4': 1.0, 'PD_3,PD_5': 1.0, 'PD_3,PD_6': 0.0, 'PD_4,PD_5': 1.0, 'PD_4,PD_6': 0.0, 'PD_5,PD_6': 0.0}, ASR: 1.0, TCB: {'PD_2': ['PD_4', 'PD_3', 'PD_5'], 'PD_3': ['PD_2', 'PD_4', 'PD_5'], 'PD_4': ['PD_2', 'PD_3', 'PD_5'], 'PD_5': ['PD_2', 'PD_3', 'PD_4'], 'PD_6': []}, FR: {'PD_2,PD_3': inf, 'PD_2,PD_4': inf, 'PD_2,PD_5': inf, 'PD_2,PD_6': inf, 'PD_3,PD_4': inf, 'PD_3,PD_5': inf, 'PD_3,PD_6': inf, 'PD_4,PD_5': inf, 'PD_4,PD_6': inf, 'PD_5,PD_6': inf}
  Computing metrics...
    RSI: {'PD_2,PD_3': 1.0, 'PD_2,PD_4': 1.0, 'PD_2,PD_5': 1.0, 'PD_2,PD_6': 0.0, 'PD_3,PD_4': 1.0, 'PD_3,PD_5': 1.0, 'PD_3,PD_6': 0.0, 'PD_4,PD_5': 1.0, 'PD_4,PD_6': 0.0, 'PD_5,PD_6': 0.0}, ASR: 1.2, TCB: {'PD_2': ['PD_4', 'PD_3', 'PD_5'], 'PD_3': ['PD_5', 'PD_2', 'PD_4'], 'PD_4': ['PD_2', 'PD_3', 'PD_5'], 'PD_5': ['PD_2', 'PD_3', 'PD_4'], 'PD_6': []}, FR: {'PD_2,PD_3': inf, 'PD_2,PD_4': inf, 'PD_2,PD_5': inf, 'PD_2,PD_6': inf, 'PD_3,PD_4': inf, 'PD_3,PD_5': inf, 'PD_3,PD_6': inf, 'PD_4,PD_5': inf, 'PD_4,PD_6': inf, 'PD_5,PD_6': inf}
  Computing metrics...
    RSI: {'PD_2,PD_3': 1.0, 'PD_2,PD_4': 1.0, 'PD_2,PD_5': 1.0, 'PD_2,PD_6': 0.0, 'PD_3,PD_4': 1.0, 'PD_3,PD_5': 1.0, 'PD_3,PD_6': 0.0, 'PD_4,PD_5': 1.0, 'PD_4,PD_6': 0.0, 'PD_5,PD_6': 0.0}, ASR: 1.0, TCB: {'PD_2': ['PD_4', 'PD_3', 'PD_5'], 'PD_3': ['PD_2', 'PD_4', 'PD_5'], 'PD_4': ['PD_2', 'PD_3', 'PD_5'], 'PD_5': ['PD_2', 'PD_3', 'PD_4'], 'PD_6': []}, FR: {'PD_2,PD_3': inf, 'PD_2,PD_4': inf, 'PD_2,PD_5': inf, 'PD_2,PD_6': inf, 'PD_3,PD_4': inf, 'PD_3,PD_5': inf, 'PD_3,PD_6': inf, 'PD_4,PD_5': inf, 'PD_4,PD_6': inf, 'PD_5,PD_6': inf}
  Computing metrics...
    RSI: {'PD_2,PD_3': 1.0, 'PD_2,PD_4': 1.0, 'PD_2,PD_5': 1.0, 'PD_2,PD_6': 0.0, 'PD_3,PD_4': 1.0, 'PD_3,PD_5': 1.0, 'PD_3,PD_6': 0.0, 'PD_4,PD_5': 1.0, 'PD_4,PD_6': 0.0, 'PD_5,PD_6': 0.0}, ASR: 1.2, TCB: {'PD_2': ['PD_4', 'PD_3', 'PD_5'], 'PD_3': ['PD_6', 'PD_2', 'PD_4', 'PD_5'], 'PD_4': ['PD_2', 'PD_3', 'PD_5'], 'PD_5': ['PD_2', 'PD_3', 'PD_4'], 'PD_6': []}, FR: {'PD_2,PD_3': inf, 'PD_2,PD_4': inf, 'PD_2,PD_5': inf, 'PD_2,PD_6': inf, 'PD_3,PD_4': inf, 'PD_3,PD_5': inf, 'PD_3,PD_6': inf, 'PD_4,PD_5': inf, 'PD_4,PD_6': inf, 'PD_5,PD_6': inf}
  Computing metrics...
    RSI: {'PD_2,PD_3': 1.0, 'PD_2,PD_4': 1.0, 'PD_2,PD_5': 1.0, 'PD_2,PD_6': 0.0, 'PD_3,PD_4': 1.0, 'PD_3,PD_5': 1.0, 'PD_3,PD_6': 0.0, 'PD_4,PD_5': 1.0, 'PD_4,PD_6': 0.0, 'PD_5,PD_6': 0.0}, ASR: 1.0, TCB: {'PD_2': ['PD_4', 'PD_3', 'PD_5'], 'PD_3': ['PD_2', 'PD_4', 'PD_5'], 'PD_4': ['PD_2', 'PD_3', 'PD_5'], 'PD_5': ['PD_2', 'PD_3', 'PD_4'], 'PD_6': []}, FR: {'PD_2,PD_3': inf, 'PD_2,PD_4': inf, 'PD_2,PD_5': inf, 'PD_2,PD_6': inf, 'PD_3,PD_4': inf, 'PD_3,PD_5': inf, 'PD_3,PD_6': inf, 'PD_4,PD_5': inf, 'PD_4,PD_6': inf, 'PD_5,PD_6': inf}
  Computing metrics...
    RSI: {'PD_2,PD_3': 1.0, 'PD_2,PD_4': 1.0, 'PD_2,PD_5': 1.0, 'PD_2,PD_6': 0.0, 'PD_3,PD_4': 1.0, 'PD_3,PD_5': 1.0, 'PD_3,PD_6': 0.0, 'PD_4,PD_5': 1.0, 'PD_4,PD_6': 0.0, 'PD_5,PD_6': 0.0}, ASR: 1.2, TCB: {'PD_2': ['PD_4', 'PD_3', 'PD_5'], 'PD_3': ['PD_2', 'PD_4', 'PD_5'], 'PD_4': ['PD_2', 'PD_3', 'PD_5'], 'PD_5': ['PD_2', 'PD_3', 'PD_4'], 'PD_6': []}, FR: {'PD_2,PD_3': inf, 'PD_2,PD_4': inf, 'PD_2,PD_5': inf, 'PD_2,PD_6': inf, 'PD_3,PD_4': inf, 'PD_3,PD_5': inf, 'PD_3,PD_6': inf, 'PD_4,PD_5': inf, 'PD_4,PD_6': inf, 'PD_5,PD_6': inf}
  Computing metrics...
    RSI: {'PD_2,PD_3': 1.0, 'PD_2,PD_4': 1.0, 'PD_2,PD_5': 1.0, 'PD_2,PD_6': 0.0, 'PD_3,PD_4': 1.0, 'PD_3,PD_5': 1.0, 'PD_3,PD_6': 0.0, 'PD_4,PD_5': 1.0, 'PD_4,PD_6': 0.0, 'PD_5,PD_6': 0.0}, ASR: 1.0, TCB: {'PD_2': ['PD_4', 'PD_3', 'PD_5'], 'PD_3': ['PD_2', 'PD_4', 'PD_5'], 'PD_4': ['PD_2', 'PD_3', 'PD_5'], 'PD_5': ['PD_2', 'PD_3', 'PD_4'], 'PD_6': []}, FR: {'PD_2,PD_3': inf, 'PD_2,PD_4': inf, 'PD_2,PD_5': inf, 'PD_2,PD_6': inf, 'PD_3,PD_4': inf, 'PD_3,PD_5': inf, 'PD_3,PD_6': inf, 'PD_4,PD_5': inf, 'PD_4,PD_6': inf, 'PD_5,PD_6': inf}
  Computing metrics...
    RSI: {'PD_2,PD_3': 1.0, 'PD_2,PD_4': 1.0, 'PD_2,PD_5': 1.0, 'PD_2,PD_6': 0.0, 'PD_3,PD_4': 1.0, 'PD_3,PD_5': 1.0, 'PD_3,PD_6': 0.0, 'PD_4,PD_5': 1.0, 'PD_4,PD_6': 0.0, 'PD_5,PD_6': 0.0}, ASR: 1.2, TCB: {'PD_2': ['PD_4', 'PD_3', 'PD_5'], 'PD_3': ['PD_2', 'PD_4', 'PD_5'], 'PD_4': ['PD_3', 'PD_2', 'PD_5'], 'PD_5': ['PD_2', 'PD_3', 'PD_4'], 'PD_6': []}, FR: {'PD_2,PD_3': inf, 'PD_2,PD_4': 3, 'PD_2,PD_5': inf, 'PD_2,PD_6': inf, 'PD_3,PD_4': inf, 'PD_3,PD_5': inf, 'PD_3,PD_6': inf, 'PD_4,PD_5': inf, 'PD_4,PD_6': inf, 'PD_5,PD_6': inf}
  Computing metrics...
    RSI: {'PD_2,PD_3': 1.0, 'PD_2,PD_4': 1.0, 'PD_2,PD_5': 1.0, 'PD_2,PD_6': 0.0, 'PD_3,PD_4': 1.0, 'PD_3,PD_5': 1.0, 'PD_3,PD_6': 0.0, 'PD_4,PD_5': 1.0, 'PD_4,PD_6': 0.0, 'PD_5,PD_6': 0.0}, ASR: 1.0, TCB: {'PD_2': ['PD_4', 'PD_3', 'PD_5'], 'PD_3': ['PD_2', 'PD_4', 'PD_5'], 'PD_4': ['PD_2', 'PD_3', 'PD_5'], 'PD_5': ['PD_2', 'PD_3', 'PD_4'], 'PD_6': []}, FR: {'PD_2,PD_3': inf, 'PD_2,PD_4': inf, 'PD_2,PD_5': inf, 'PD_2,PD_6': inf, 'PD_3,PD_4': inf, 'PD_3,PD_5': inf, 'PD_3,PD_6': inf, 'PD_4,PD_5': inf, 'PD_4,PD_6': inf, 'PD_5,PD_6': inf}
  Computing metrics...
    RSI: {'PD_2,PD_3': 1.0, 'PD_2,PD_4': 1.0, 'PD_2,PD_5': 1.0, 'PD_2,PD_6': 0.0, 'PD_3,PD_4': 1.0, 'PD_3,PD_5': 1.0, 'PD_3,PD_6': 0.0, 'PD_4,PD_5': 1.0, 'PD_4,PD_6': 0.0, 'PD_5,PD_6': 0.0}, ASR: 1.2, TCB: {'PD_2': ['PD_4', 'PD_3', 'PD_5'], 'PD_3': ['PD_2', 'PD_4', 'PD_5'], 'PD_4': ['PD_5', 'PD_2', 'PD_3'], 'PD_5': ['PD_2', 'PD_3', 'PD_4'], 'PD_6': []}, FR: {'PD_2,PD_3': inf, 'PD_2,PD_4': 3, 'PD_2,PD_5': inf, 'PD_2,PD_6': inf, 'PD_3,PD_4': inf, 'PD_3,PD_5': inf, 'PD_3,PD_6': inf, 'PD_4,PD_5': inf, 'PD_4,PD_6': inf, 'PD_5,PD_6': inf}
  Computing metrics...
    RSI: {'PD_2,PD_3': 1.0, 'PD_2,PD_4': 1.0, 'PD_2,PD_5': 1.0, 'PD_2,PD_6': 0.0, 'PD_3,PD_4': 1.0, 'PD_3,PD_5': 1.0, 'PD_3,PD_6': 0.0, 'PD_4,PD_5': 1.0, 'PD_4,PD_6': 0.0, 'PD_5,PD_6': 0.0}, ASR: 1.0, TCB: {'PD_2': ['PD_4', 'PD_3', 'PD_5'], 'PD_3': ['PD_2', 'PD_4', 'PD_5'], 'PD_4': ['PD_2', 'PD_3', 'PD_5'], 'PD_5': ['PD_2', 'PD_3', 'PD_4'], 'PD_6': []}, FR: {'PD_2,PD_3': inf, 'PD_2,PD_4': inf, 'PD_2,PD_5': inf, 'PD_2,PD_6': inf, 'PD_3,PD_4': inf, 'PD_3,PD_5': inf, 'PD_3,PD_6': inf, 'PD_4,PD_5': inf, 'PD_4,PD_6': inf, 'PD_5,PD_6': inf}
  Computing metrics...
    RSI: {'PD_2,PD_3': 1.0, 'PD_2,PD_4': 1.0, 'PD_2,PD_5': 1.0, 'PD_2,PD_6': 0.0, 'PD_3,PD_4': 1.0, 'PD_3,PD_5': 1.0, 'PD_3,PD_6': 0.0, 'PD_4,PD_5': 1.0, 'PD_4,PD_6': 0.0, 'PD_5,PD_6': 0.0}, ASR: 1.2, TCB: {'PD_2': ['PD_4', 'PD_3', 'PD_5'], 'PD_3': ['PD_2', 'PD_4', 'PD_5'], 'PD_4': ['PD_6', 'PD_2', 'PD_3', 'PD_5'], 'PD_5': ['PD_2', 'PD_3', 'PD_4'], 'PD_6': []}, FR: {'PD_2,PD_3': inf, 'PD_2,PD_4': 3, 'PD_2,PD_5': inf, 'PD_2,PD_6': inf, 'PD_3,PD_4': inf, 'PD_3,PD_5': inf, 'PD_3,PD_6': inf, 'PD_4,PD_5': inf, 'PD_4,PD_6': inf, 'PD_5,PD_6': inf}
  Computing metrics...
    RSI: {'PD_2,PD_3': 1.0, 'PD_2,PD_4': 1.0, 'PD_2,PD_5': 1.0, 'PD_2,PD_6': 0.0, 'PD_3,PD_4': 1.0, 'PD_3,PD_5': 1.0, 'PD_3,PD_6': 0.0, 'PD_4,PD_5': 1.0, 'PD_4,PD_6': 0.0, 'PD_5,PD_6': 0.0}, ASR: 1.0, TCB: {'PD_2': ['PD_4', 'PD_3', 'PD_5'], 'PD_3': ['PD_2', 'PD_4', 'PD_5'], 'PD_4': ['PD_2', 'PD_3', 'PD_5'], 'PD_5': ['PD_2', 'PD_3', 'PD_4'], 'PD_6': []}, FR: {'PD_2,PD_3': inf, 'PD_2,PD_4': inf, 'PD_2,PD_5': inf, 'PD_2,PD_6': inf, 'PD_3,PD_4': inf, 'PD_3,PD_5': inf, 'PD_3,PD_6': inf, 'PD_4,PD_5': inf, 'PD_4,PD_6': inf, 'PD_5,PD_6': inf}
  Computing metrics...
    RSI: {'PD_2,PD_3': 1.0, 'PD_2,PD_4': 1.0, 'PD_2,PD_5': 1.0, 'PD_2,PD_6': 0.0, 'PD_3,PD_4': 1.0, 'PD_3,PD_5': 1.0, 'PD_3,PD_6': 0.0, 'PD_4,PD_5': 1.0, 'PD_4,PD_6': 0.0, 'PD_5,PD_6': 0.0}, ASR: 1.2, TCB: {'PD_2': ['PD_4', 'PD_3', 'PD_5'], 'PD_3': ['PD_2', 'PD_4', 'PD_5'], 'PD_4': ['PD_2', 'PD_3', 'PD_5'], 'PD_5': ['PD_2', 'PD_3', 'PD_4'], 'PD_6': []}, FR: {'PD_2,PD_3': inf, 'PD_2,PD_4': inf, 'PD_2,PD_5': 3, 'PD_2,PD_6': inf, 'PD_3,PD_4': inf, 'PD_3,PD_5': inf, 'PD_3,PD_6': inf, 'PD_4,PD_5': inf, 'PD_4,PD_6': inf, 'PD_5,PD_6': inf}
  Computing metrics...
    RSI: {'PD_2,PD_3': 1.0, 'PD_2,PD_4': 1.0, 'PD_2,PD_5': 1.0, 'PD_2,PD_6': 0.0, 'PD_3,PD_4': 1.0, 'PD_3,PD_5': 1.0, 'PD_3,PD_6': 0.0, 'PD_4,PD_5': 1.0, 'PD_4,PD_6': 0.0, 'PD_5,PD_6': 0.0}, ASR: 1.0, TCB: {'PD_2': ['PD_4', 'PD_3', 'PD_5'], 'PD_3': ['PD_2', 'PD_4', 'PD_5'], 'PD_4': ['PD_2', 'PD_3', 'PD_5'], 'PD_5': ['PD_2', 'PD_3', 'PD_4'], 'PD_6': []}, FR: {'PD_2,PD_3': inf, 'PD_2,PD_4': inf, 'PD_2,PD_5': inf, 'PD_2,PD_6': inf, 'PD_3,PD_4': inf, 'PD_3,PD_5': inf, 'PD_3,PD_6': inf, 'PD_4,PD_5': inf, 'PD_4,PD_6': inf, 'PD_5,PD_6': inf}
  Computing metrics...
    RSI: {'PD_2,PD_3': 1.0, 'PD_2,PD_4': 1.0, 'PD_2,PD_5': 1.0, 'PD_2,PD_6': 0.0, 'PD_3,PD_4': 1.0, 'PD_3,PD_5': 1.0, 'PD_3,PD_6': 0.0, 'PD_4,PD_5': 1.0, 'PD_4,PD_6': 0.0, 'PD_5,PD_6': 0.0}, ASR: 1.2, TCB: {'PD_2': ['PD_4', 'PD_3', 'PD_5'], 'PD_3': ['PD_2', 'PD_4', 'PD_5'], 'PD_4': ['PD_2', 'PD_3', 'PD_5'], 'PD_5': ['PD_3', 'PD_2', 'PD_4'], 'PD_6': []}, FR: {'PD_2,PD_3': inf, 'PD_2,PD_4': inf, 'PD_2,PD_5': inf, 'PD_2,PD_6': inf, 'PD_3,PD_4': inf, 'PD_3,PD_5': inf, 'PD_3,PD_6': inf, 'PD_4,PD_5': inf, 'PD_4,PD_6': inf, 'PD_5,PD_6': inf}
  Computing metrics...
    RSI: {'PD_2,PD_3': 1.0, 'PD_2,PD_4': 1.0, 'PD_2,PD_5': 1.0, 'PD_2,PD_6': 0.0, 'PD_3,PD_4': 1.0, 'PD_3,PD_5': 1.0, 'PD_3,PD_6': 0.0, 'PD_4,PD_5': 1.0, 'PD_4,PD_6': 0.0, 'PD_5,PD_6': 0.0}, ASR: 1.0, TCB: {'PD_2': ['PD_4', 'PD_3', 'PD_5'], 'PD_3': ['PD_2', 'PD_4', 'PD_5'], 'PD_4': ['PD_2', 'PD_3', 'PD_5'], 'PD_5': ['PD_2', 'PD_3', 'PD_4'], 'PD_6': []}, FR: {'PD_2,PD_3': inf, 'PD_2,PD_4': inf, 'PD_2,PD_5': inf, 'PD_2,PD_6': inf, 'PD_3,PD_4': inf, 'PD_3,PD_5': inf, 'PD_3,PD_6': inf, 'PD_4,PD_5': inf, 'PD_4,PD_6': inf, 'PD_5,PD_6': inf}
  Computing metrics...
    RSI: {'PD_2,PD_3': 1.0, 'PD_2,PD_4': 1.0, 'PD_2,PD_5': 1.0, 'PD_2,PD_6': 0.0, 'PD_3,PD_4': 1.0, 'PD_3,PD_5': 1.0, 'PD_3,PD_6': 0.0, 'PD_4,PD_5': 1.0, 'PD_4,PD_6': 0.0, 'PD_5,PD_6': 0.0}, ASR: 1.2, TCB: {'PD_2': ['PD_4', 'PD_3', 'PD_5'], 'PD_3': ['PD_2', 'PD_4', 'PD_5'], 'PD_4': ['PD_2', 'PD_3', 'PD_5'], 'PD_5': ['PD_4', 'PD_2', 'PD_3'], 'PD_6': []}, FR: {'PD_2,PD_3': inf, 'PD_2,PD_4': inf, 'PD_2,PD_5': 2, 'PD_2,PD_6': inf, 'PD_3,PD_4': inf, 'PD_3,PD_5': inf, 'PD_3,PD_6': inf, 'PD_4,PD_5': inf, 'PD_4,PD_6': inf, 'PD_5,PD_6': inf}
  Computing metrics...
    RSI: {'PD_2,PD_3': 1.0, 'PD_2,PD_4': 1.0, 'PD_2,PD_5': 1.0, 'PD_2,PD_6': 0.0, 'PD_3,PD_4': 1.0, 'PD_3,PD_5': 1.0, 'PD_3,PD_6': 0.0, 'PD_4,PD_5': 1.0, 'PD_4,PD_6': 0.0, 'PD_5,PD_6': 0.0}, ASR: 1.0, TCB: {'PD_2': ['PD_4', 'PD_3', 'PD_5'], 'PD_3': ['PD_2', 'PD_4', 'PD_5'], 'PD_4': ['PD_2', 'PD_3', 'PD_5'], 'PD_5': ['PD_2', 'PD_3', 'PD_4'], 'PD_6': []}, FR: {'PD_2,PD_3': inf, 'PD_2,PD_4': inf, 'PD_2,PD_5': inf, 'PD_2,PD_6': inf, 'PD_3,PD_4': inf, 'PD_3,PD_5': inf, 'PD_3,PD_6': inf, 'PD_4,PD_5': inf, 'PD_4,PD_6': inf, 'PD_5,PD_6': inf}
  Computing metrics...
    RSI: {'PD_2,PD_3': 1.0, 'PD_2,PD_4': 1.0, 'PD_2,PD_5': 1.0, 'PD_2,PD_6': 0.0, 'PD_3,PD_4': 1.0, 'PD_3,PD_5': 1.0, 'PD_3,PD_6': 0.0, 'PD_4,PD_5': 1.0, 'PD_4,PD_6': 0.0, 'PD_5,PD_6': 0.0}, ASR: 1.2, TCB: {'PD_2': ['PD_4', 'PD_3', 'PD_5'], 'PD_3': ['PD_2', 'PD_4', 'PD_5'], 'PD_4': ['PD_2', 'PD_3', 'PD_5'], 'PD_5': ['PD_6', 'PD_2', 'PD_3', 'PD_4'], 'PD_6': []}, FR: {'PD_2,PD_3': inf, 'PD_2,PD_4': inf, 'PD_2,PD_5': inf, 'PD_2,PD_6': inf, 'PD_3,PD_4': inf, 'PD_3,PD_5': inf, 'PD_3,PD_6': inf, 'PD_4,PD_5': inf, 'PD_4,PD_6': inf, 'PD_5,PD_6': inf}
  Computing metrics...
    RSI: {'PD_2,PD_3': 1.0, 'PD_2,PD_4': 1.0, 'PD_2,PD_5': 1.0, 'PD_2,PD_6': 0.0, 'PD_3,PD_4': 1.0, 'PD_3,PD_5': 1.0, 'PD_3,PD_6': 0.0, 'PD_4,PD_5': 1.0, 'PD_4,PD_6': 0.0, 'PD_5,PD_6': 0.0}, ASR: 1.0, TCB: {'PD_2': ['PD_4', 'PD_3', 'PD_5'], 'PD_3': ['PD_2', 'PD_4', 'PD_5'], 'PD_4': ['PD_2', 'PD_3', 'PD_5'], 'PD_5': ['PD_2', 'PD_3', 'PD_4'], 'PD_6': []}, FR: {'PD_2,PD_3': inf, 'PD_2,PD_4': inf, 'PD_2,PD_5': inf, 'PD_2,PD_6': inf, 'PD_3,PD_4': inf, 'PD_3,PD_5': inf, 'PD_3,PD_6': inf, 'PD_4,PD_5': inf, 'PD_4,PD_6': inf, 'PD_5,PD_6': inf}
  Computing metrics...
    RSI: {'PD_2,PD_3': 1.0, 'PD_2,PD_4': 1.0, 'PD_2,PD_5': 1.0, 'PD_2,PD_6': 0.0, 'PD_3,PD_4': 1.0, 'PD_3,PD_5': 1.0, 'PD_3,PD_6': 0.0, 'PD_4,PD_5': 1.0, 'PD_4,PD_6': 0.0, 'PD_5,PD_6': 0.0}, ASR: 1.2, TCB: {'PD_2': ['PD_4', 'PD_3', 'PD_5'], 'PD_3': ['PD_2', 'PD_4', 'PD_5'], 'PD_4': ['PD_2', 'PD_3', 'PD_5'], 'PD_5': ['PD_2', 'PD_3', 'PD_4'], 'PD_6': ['PD_2']}, FR: {'PD_2,PD_3': inf, 'PD_2,PD_4': inf, 'PD_2,PD_5': inf, 'PD_2,PD_6': 3, 'PD_3,PD_4': inf, 'PD_3,PD_5': inf, 'PD_3,PD_6': inf, 'PD_4,PD_5': inf, 'PD_4,PD_6': inf, 'PD_5,PD_6': inf}
  Computing metrics...
    RSI: {'PD_2,PD_3': 1.0, 'PD_2,PD_4': 1.0, 'PD_2,PD_5': 1.0, 'PD_2,PD_6': 0.0, 'PD_3,PD_4': 1.0, 'PD_3,PD_5': 1.0, 'PD_3,PD_6': 0.0, 'PD_4,PD_5': 1.0, 'PD_4,PD_6': 0.0, 'PD_5,PD_6': 0.0}, ASR: 1.0, TCB: {'PD_2': ['PD_4', 'PD_3', 'PD_5'], 'PD_3': ['PD_2', 'PD_4', 'PD_5'], 'PD_4': ['PD_2', 'PD_3', 'PD_5'], 'PD_5': ['PD_2', 'PD_3', 'PD_4'], 'PD_6': []}, FR: {'PD_2,PD_3': inf, 'PD_2,PD_4': inf, 'PD_2,PD_5': inf, 'PD_2,PD_6': inf, 'PD_3,PD_4': inf, 'PD_3,PD_5': inf, 'PD_3,PD_6': inf, 'PD_4,PD_5': inf, 'PD_4,PD_6': inf, 'PD_5,PD_6': inf}
  Computing metrics...
    RSI: {'PD_2,PD_3': 1.0, 'PD_2,PD_4': 1.0, 'PD_2,PD_5': 1.0, 'PD_2,PD_6': 0.0, 'PD_3,PD_4': 1.0, 'PD_3,PD_5': 1.0, 'PD_3,PD_6': 0.0, 'PD_4,PD_5': 1.0, 'PD_4,PD_6': 0.0, 'PD_5,PD_6': 0.0}, ASR: 1.2, TCB: {'PD_2': ['PD_4', 'PD_3', 'PD_5'], 'PD_3': ['PD_2', 'PD_4', 'PD_5'], 'PD_4': ['PD_2', 'PD_3', 'PD_5'], 'PD_5': ['PD_2', 'PD_3', 'PD_4'], 'PD_6': ['PD_3']}, FR: {'PD_2,PD_3': inf, 'PD_2,PD_4': inf, 'PD_2,PD_5': inf, 'PD_2,PD_6': inf, 'PD_3,PD_4': inf, 'PD_3,PD_5': inf, 'PD_3,PD_6': inf, 'PD_4,PD_5': inf, 'PD_4,PD_6': inf, 'PD_5,PD_6': inf}
  Computing metrics...
    RSI: {'PD_2,PD_3': 1.0, 'PD_2,PD_4': 1.0, 'PD_2,PD_5': 1.0, 'PD_2,PD_6': 0.0, 'PD_3,PD_4': 1.0, 'PD_3,PD_5': 1.0, 'PD_3,PD_6': 0.0, 'PD_4,PD_5': 1.0, 'PD_4,PD_6': 0.0, 'PD_5,PD_6': 0.0}, ASR: 1.0, TCB: {'PD_2': ['PD_4', 'PD_3', 'PD_5'], 'PD_3': ['PD_2', 'PD_4', 'PD_5'], 'PD_4': ['PD_2', 'PD_3', 'PD_5'], 'PD_5': ['PD_2', 'PD_3', 'PD_4'], 'PD_6': []}, FR: {'PD_2,PD_3': inf, 'PD_2,PD_4': inf, 'PD_2,PD_5': inf, 'PD_2,PD_6': inf, 'PD_3,PD_4': inf, 'PD_3,PD_5': inf, 'PD_3,PD_6': inf, 'PD_4,PD_5': inf, 'PD_4,PD_6': inf, 'PD_5,PD_6': inf}
  Computing metrics...
    RSI: {'PD_2,PD_3': 1.0, 'PD_2,PD_4': 1.0, 'PD_2,PD_5': 1.0, 'PD_2,PD_6': 0.0, 'PD_3,PD_4': 1.0, 'PD_3,PD_5': 1.0, 'PD_3,PD_6': 0.0, 'PD_4,PD_5': 1.0, 'PD_4,PD_6': 0.0, 'PD_5,PD_6': 0.0}, ASR: 1.2, TCB: {'PD_2': ['PD_4', 'PD_3', 'PD_5'], 'PD_3': ['PD_2', 'PD_4', 'PD_5'], 'PD_4': ['PD_2', 'PD_3', 'PD_5'], 'PD_5': ['PD_2', 'PD_3', 'PD_4'], 'PD_6': ['PD_4']}, FR: {'PD_2,PD_3': inf, 'PD_2,PD_4': inf, 'PD_2,PD_5': inf, 'PD_2,PD_6': 2, 'PD_3,PD_4': inf, 'PD_3,PD_5': inf, 'PD_3,PD_6': inf, 'PD_4,PD_5': inf, 'PD_4,PD_6': inf, 'PD_5,PD_6': inf}
  Computing metrics...
    RSI: {'PD_2,PD_3': 1.0, 'PD_2,PD_4': 1.0, 'PD_2,PD_5': 1.0, 'PD_2,PD_6': 0.0, 'PD_3,PD_4': 1.0, 'PD_3,PD_5': 1.0, 'PD_3,PD_6': 0.0, 'PD_4,PD_5': 1.0, 'PD_4,PD_6': 0.0, 'PD_5,PD_6': 0.0}, ASR: 1.0, TCB: {'PD_2': ['PD_4', 'PD_3', 'PD_5'], 'PD_3': ['PD_2', 'PD_4', 'PD_5'], 'PD_4': ['PD_2', 'PD_3', 'PD_5'], 'PD_5': ['PD_2', 'PD_3', 'PD_4'], 'PD_6': []}, FR: {'PD_2,PD_3': inf, 'PD_2,PD_4': inf, 'PD_2,PD_5': inf, 'PD_2,PD_6': inf, 'PD_3,PD_4': inf, 'PD_3,PD_5': inf, 'PD_3,PD_6': inf, 'PD_4,PD_5': inf, 'PD_4,PD_6': inf, 'PD_5,PD_6': inf}
  Computing metrics...
    RSI: {'PD_2,PD_3': 1.0, 'PD_2,PD_4': 1.0, 'PD_2,PD_5': 1.0, 'PD_2,PD_6': 0.0, 'PD_3,PD_4': 1.0, 'PD_3,PD_5': 1.0, 'PD_3,PD_6': 0.0, 'PD_4,PD_5': 1.0, 'PD_4,PD_6': 0.0, 'PD_5,PD_6': 0.0}, ASR: 1.2, TCB: {'PD_2': ['PD_4', 'PD_3', 'PD_5'], 'PD_3': ['PD_2', 'PD_4', 'PD_5'], 'PD_4': ['PD_2', 'PD_3', 'PD_5'], 'PD_5': ['PD_2', 'PD_3', 'PD_4'], 'PD_6': ['PD_5']}, FR: {'PD_2,PD_3': inf, 'PD_2,PD_4': inf, 'PD_2,PD_5': inf, 'PD_2,PD_6': inf, 'PD_3,PD_4': inf, 'PD_3,PD_5': inf, 'PD_3,PD_6': inf, 'PD_4,PD_5': inf, 'PD_4,PD_6': inf, 'PD_5,PD_6': inf}
  Computing metrics...
    RSI: {'PD_2,PD_3': 1.0, 'PD_2,PD_4': 1.0, 'PD_2,PD_5': 1.0, 'PD_2,PD_6': 0.0, 'PD_3,PD_4': 1.0, 'PD_3,PD_5': 1.0, 'PD_3,PD_6': 0.0, 'PD_4,PD_5': 1.0, 'PD_4,PD_6': 0.0, 'PD_5,PD_6': 0.0}, ASR: 1.0, TCB: {'PD_2': ['PD_4', 'PD_3', 'PD_5'], 'PD_3': ['PD_2', 'PD_4', 'PD_5'], 'PD_4': ['PD_2', 'PD_3', 'PD_5'], 'PD_5': ['PD_2', 'PD_3', 'PD_4'], 'PD_6': []}, FR: {'PD_2,PD_3': inf, 'PD_2,PD_4': inf, 'PD_2,PD_5': inf, 'PD_2,PD_6': inf, 'PD_3,PD_4': inf, 'PD_3,PD_5': inf, 'PD_3,PD_6': inf, 'PD_4,PD_5': inf, 'PD_4,PD_6': inf, 'PD_5,PD_6': inf}
  Computing metrics...
    RSI: {'PD_2,PD_3': 1.0, 'PD_2,PD_4': 1.0, 'PD_2,PD_5': 1.0, 'PD_2,PD_6': 0.0, 'PD_3,PD_4': 1.0, 'PD_3,PD_5': 1.0, 'PD_3,PD_6': 0.0, 'PD_4,PD_5': 1.0, 'PD_4,PD_6': 0.0, 'PD_5,PD_6': 0.0}, ASR: 1.0, TCB: {'PD_2': ['PD_4', 'PD_3', 'PD_5'], 'PD_3': ['PD_2', 'PD_4', 'PD_5'], 'PD_4': ['PD_2', 'PD_3', 'PD_5'], 'PD_5': ['PD_2', 'PD_3', 'PD_4'], 'PD_6': []}, FR: {'PD_2,PD_3': inf, 'PD_2,PD_4': inf, 'PD_2,PD_5': inf, 'PD_2,PD_6': inf, 'PD_3,PD_4': inf, 'PD_3,PD_5': inf, 'PD_3,PD_6': inf, 'PD_4,PD_5': inf, 'PD_4,PD_6': inf, 'PD_5,PD_6': inf}
  Computing metrics...
    RSI: {'PD_2,PD_3': 1.0, 'PD_2,PD_4': 1.0, 'PD_2,PD_5': 1.0, 'PD_2,PD_6': 0.0, 'PD_3,PD_4': 1.0, 'PD_3,PD_5': 1.0, 'PD_3,PD_6': 0.0, 'PD_4,PD_5': 1.0, 'PD_4,PD_6': 0.0, 'PD_5,PD_6': 0.0}, ASR: 1.0, TCB: {'PD_2': ['PD_4', 'PD_3', 'PD_5'], 'PD_3': ['PD_2', 'PD_4', 'PD_5'], 'PD_4': ['PD_2', 'PD_3', 'PD_5'], 'PD_5': ['PD_2', 'PD_3', 'PD_4'], 'PD_6': []}, FR: {'PD_2,PD_3': inf, 'PD_2,PD_4': inf, 'PD_2,PD_5': inf, 'PD_2,PD_6': inf, 'PD_3,PD_4': inf, 'PD_3,PD_5': inf, 'PD_3,PD_6': inf, 'PD_4,PD_5': inf, 'PD_4,PD_6': inf, 'PD_5,PD_6': inf}
  Computing metrics...
    RSI: {'PD_2,PD_3': 1.0, 'PD_2,PD_4': 1.0, 'PD_2,PD_5': 1.0, 'PD_2,PD_6': 0.0, 'PD_3,PD_4': 1.0, 'PD_3,PD_5': 1.0, 'PD_3,PD_6': 0.0, 'PD_4,PD_5': 1.0, 'PD_4,PD_6': 0.0, 'PD_5,PD_6': 0.0}, ASR: 1.0, TCB: {'PD_2': ['PD_4', 'PD_3', 'PD_5'], 'PD_3': ['PD_2', 'PD_4', 'PD_5'], 'PD_4': ['PD_2', 'PD_3', 'PD_5'], 'PD_5': ['PD_2', 'PD_3', 'PD_4'], 'PD_6': []}, FR: {'PD_2,PD_3': inf, 'PD_2,PD_4': inf, 'PD_2,PD_5': inf, 'PD_2,PD_6': inf, 'PD_3,PD_4': inf, 'PD_3,PD_5': inf, 'PD_3,PD_6': inf, 'PD_4,PD_5': inf, 'PD_4,PD_6': inf, 'PD_5,PD_6': inf}
  🚫 Filtered out 1 'add_hold_edge' candidates (avoiding repetition)
  Trying best transition: primitive
    Target: add new protection domain to help resolve 2 constraint violation(s)
    Predicted improvement: 0.100
    Considered 30 other option(s):
      1. primitive: remove empty PD_6 (improvement: 0.100)
      2. primitive: create new CONFIG file in FILE_SPACE_1 (improvement: 0.100)
      3. primitive: create new DATABASE file in FILE_SPACE_1 (improvement: 0.100)
      4. primitive: create new TEMP file in FILE_SPACE_1 (improvement: 0.100)
      5. primitive: create new LOG file in FILE_SPACE_1 (improvement: 0.100)
      6. primitive: remove FILE_1_1 (holders: 4) (improvement: 0.100)
      7. primitive: remove PD_3 -> FILE_1_1 HOLD edge (improvement: 0.100)
      8. primitive: remove PD_4 -> FILE_1_1 HOLD edge (improvement: 0.100)
      9. primitive: remove PD_5 -> FILE_1_1 HOLD edge (improvement: 0.100)
      10. primitive: enable indirect access: PD_2 -> PD_3 (improvement: 0.100)
      ... and 20 more
    ✅ Applied add_pd
  Computing metrics...
    RSI: {'PD_2,PD_3': 1.0, 'PD_2,PD_4': 1.0, 'PD_2,PD_5': 1.0, 'PD_2,PD_6': 0.0, 'PD_2,PD_7': 0.0, 'PD_3,PD_4': 1.0, 'PD_3,PD_5': 1.0, 'PD_3,PD_6': 0.0, 'PD_3,PD_7': 0.0, 'PD_4,PD_5': 1.0, 'PD_4,PD_6': 0.0, 'PD_4,PD_7': 0.0, 'PD_5,PD_6': 0.0, 'PD_5,PD_7': 0.0, 'PD_6,PD_7': 0.0}, ASR: 0.8333333333333334, TCB: {'PD_2': ['PD_4', 'PD_3', 'PD_5'], 'PD_3': ['PD_2', 'PD_4', 'PD_5'], 'PD_4': ['PD_2', 'PD_3', 'PD_5'], 'PD_5': ['PD_2', 'PD_3', 'PD_4'], 'PD_6': [], 'PD_7': []}, FR: {'PD_2,PD_3': inf, 'PD_2,PD_4': inf, 'PD_2,PD_5': inf, 'PD_2,PD_6': inf, 'PD_2,PD_7': inf, 'PD_3,PD_4': inf, 'PD_3,PD_5': inf, 'PD_3,PD_6': inf, 'PD_3,PD_7': inf, 'PD_4,PD_5': inf, 'PD_4,PD_6': inf, 'PD_4,PD_7': inf, 'PD_5,PD_6': inf, 'PD_5,PD_7': inf, 'PD_6,PD_7': inf}
    Warning: PD pair PD_1,PD_2 not found in RSI metrics
    Goals not yet satisfied, continuing exploration
  ✅ Mechanism saved! Total mechanisms found: 6

📊 Graph after iteration 6:
        # Graph structure:
        # PD_2 --REQUEST--> PD_4
        # PD_2 --HOLD--> FILE_1_1 -> FILE_SPACE_1
        # PD_3 --HOLD--> FILE_1_1 -> FILE_SPACE_1
        # PD_4 --HOLD--> FILE_1_1 -> FILE_SPACE_1
        # PD_5 --HOLD--> FILE_1_1 -> FILE_SPACE_1
        # PD_6
        # PD_7
        #
        # FILE_1_1 shared by: PD_2, PD_3, PD_4, PD_5


Iteration 7/10
  Computing metrics...
    RSI: {'PD_2,PD_3': 1.0, 'PD_2,PD_4': 1.0, 'PD_2,PD_5': 1.0, 'PD_2,PD_6': 0.0, 'PD_2,PD_7': 0.0, 'PD_3,PD_4': 1.0, 'PD_3,PD_5': 1.0, 'PD_3,PD_6': 0.0, 'PD_3,PD_7': 0.0, 'PD_4,PD_5': 1.0, 'PD_4,PD_6': 0.0, 'PD_4,PD_7': 0.0, 'PD_5,PD_6': 0.0, 'PD_5,PD_7': 0.0, 'PD_6,PD_7': 0.0}, ASR: 0.8333333333333334, TCB: {'PD_2': ['PD_4', 'PD_3', 'PD_5'], 'PD_3': ['PD_2', 'PD_4', 'PD_5'], 'PD_4': ['PD_2', 'PD_3', 'PD_5'], 'PD_5': ['PD_2', 'PD_3', 'PD_4'], 'PD_6': [], 'PD_7': []}, FR: {'PD_2,PD_3': inf, 'PD_2,PD_4': inf, 'PD_2,PD_5': inf, 'PD_2,PD_6': inf, 'PD_2,PD_7': inf, 'PD_3,PD_4': inf, 'PD_3,PD_5': inf, 'PD_3,PD_6': inf, 'PD_3,PD_7': inf, 'PD_4,PD_5': inf, 'PD_4,PD_6': inf, 'PD_4,PD_7': inf, 'PD_5,PD_6': inf, 'PD_5,PD_7': inf, 'PD_6,PD_7': inf}
  Computing metrics...
    RSI: {'PD_2,PD_3': 1.0, 'PD_2,PD_4': 1.0, 'PD_2,PD_5': 1.0, 'PD_2,PD_6': 0.0, 'PD_2,PD_7': 0.0, 'PD_3,PD_4': 1.0, 'PD_3,PD_5': 1.0, 'PD_3,PD_6': 0.0, 'PD_3,PD_7': 0.0, 'PD_4,PD_5': 1.0, 'PD_4,PD_6': 0.0, 'PD_4,PD_7': 0.0, 'PD_5,PD_6': 0.0, 'PD_5,PD_7': 0.0, 'PD_6,PD_7': 0.0}, ASR: 0.8333333333333334, TCB: {'PD_2': ['PD_4', 'PD_3', 'PD_5'], 'PD_3': ['PD_2', 'PD_4', 'PD_5'], 'PD_4': ['PD_2', 'PD_3', 'PD_5'], 'PD_5': ['PD_2', 'PD_3', 'PD_4'], 'PD_6': [], 'PD_7': []}, FR: {'PD_2,PD_3': inf, 'PD_2,PD_4': inf, 'PD_2,PD_5': inf, 'PD_2,PD_6': inf, 'PD_2,PD_7': inf, 'PD_3,PD_4': inf, 'PD_3,PD_5': inf, 'PD_3,PD_6': inf, 'PD_3,PD_7': inf, 'PD_4,PD_5': inf, 'PD_4,PD_6': inf, 'PD_4,PD_7': inf, 'PD_5,PD_6': inf, 'PD_5,PD_7': inf, 'PD_6,PD_7': inf}
  Computing metrics...
    RSI: {'PD_2,PD_3': 1.0, 'PD_2,PD_4': 1.0, 'PD_2,PD_5': 1.0, 'PD_2,PD_6': 0.0, 'PD_2,PD_7': 0.0, 'PD_3,PD_4': 1.0, 'PD_3,PD_5': 1.0, 'PD_3,PD_6': 0.0, 'PD_3,PD_7': 0.0, 'PD_4,PD_5': 1.0, 'PD_4,PD_6': 0.0, 'PD_4,PD_7': 0.0, 'PD_5,PD_6': 0.0, 'PD_5,PD_7': 0.0, 'PD_6,PD_7': 0.0}, ASR: 0.8333333333333334, TCB: {'PD_2': ['PD_4', 'PD_3', 'PD_5'], 'PD_3': ['PD_2', 'PD_4', 'PD_5'], 'PD_4': ['PD_2', 'PD_3', 'PD_5'], 'PD_5': ['PD_2', 'PD_3', 'PD_4'], 'PD_6': [], 'PD_7': []}, FR: {'PD_2,PD_3': inf, 'PD_2,PD_4': inf, 'PD_2,PD_5': inf, 'PD_2,PD_6': inf, 'PD_2,PD_7': inf, 'PD_3,PD_4': inf, 'PD_3,PD_5': inf, 'PD_3,PD_6': inf, 'PD_3,PD_7': inf, 'PD_4,PD_5': inf, 'PD_4,PD_6': inf, 'PD_4,PD_7': inf, 'PD_5,PD_6': inf, 'PD_5,PD_7': inf, 'PD_6,PD_7': inf}
  Computing metrics...
    RSI: {'PD_2,PD_3': 1.0, 'PD_2,PD_4': 1.0, 'PD_2,PD_5': 1.0, 'PD_2,PD_6': 0.0, 'PD_2,PD_7': 0.0, 'PD_3,PD_4': 1.0, 'PD_3,PD_5': 1.0, 'PD_3,PD_6': 0.0, 'PD_3,PD_7': 0.0, 'PD_4,PD_5': 1.0, 'PD_4,PD_6': 0.0, 'PD_4,PD_7': 0.0, 'PD_5,PD_6': 0.0, 'PD_5,PD_7': 0.0, 'PD_6,PD_7': 0.0}, ASR: 0.8333333333333334, TCB: {'PD_2': ['PD_4', 'PD_3', 'PD_5'], 'PD_3': ['PD_2', 'PD_4', 'PD_5'], 'PD_4': ['PD_2', 'PD_3', 'PD_5'], 'PD_5': ['PD_2', 'PD_3', 'PD_4'], 'PD_6': [], 'PD_7': []}, FR: {'PD_2,PD_3': inf, 'PD_2,PD_4': inf, 'PD_2,PD_5': inf, 'PD_2,PD_6': inf, 'PD_2,PD_7': inf, 'PD_3,PD_4': inf, 'PD_3,PD_5': inf, 'PD_3,PD_6': inf, 'PD_3,PD_7': inf, 'PD_4,PD_5': inf, 'PD_4,PD_6': inf, 'PD_4,PD_7': inf, 'PD_5,PD_6': inf, 'PD_5,PD_7': inf, 'PD_6,PD_7': inf}
  Computing metrics...
    RSI: {'PD_2,PD_3': 1.0, 'PD_2,PD_4': 1.0, 'PD_2,PD_5': 1.0, 'PD_2,PD_6': 0.0, 'PD_2,PD_7': 0.0, 'PD_3,PD_4': 1.0, 'PD_3,PD_5': 1.0, 'PD_3,PD_6': 0.0, 'PD_3,PD_7': 0.0, 'PD_4,PD_5': 1.0, 'PD_4,PD_6': 0.0, 'PD_4,PD_7': 0.0, 'PD_5,PD_6': 0.0, 'PD_5,PD_7': 0.0, 'PD_6,PD_7': 0.0}, ASR: 0.8333333333333334, TCB: {'PD_2': ['PD_4', 'PD_3', 'PD_5'], 'PD_3': ['PD_2', 'PD_4', 'PD_5'], 'PD_4': ['PD_2', 'PD_3', 'PD_5'], 'PD_5': ['PD_2', 'PD_3', 'PD_4'], 'PD_6': [], 'PD_7': []}, FR: {'PD_2,PD_3': inf, 'PD_2,PD_4': inf, 'PD_2,PD_5': inf, 'PD_2,PD_6': inf, 'PD_2,PD_7': inf, 'PD_3,PD_4': inf, 'PD_3,PD_5': inf, 'PD_3,PD_6': inf, 'PD_3,PD_7': inf, 'PD_4,PD_5': inf, 'PD_4,PD_6': inf, 'PD_4,PD_7': inf, 'PD_5,PD_6': inf, 'PD_5,PD_7': inf, 'PD_6,PD_7': inf}
  Computing metrics...
    RSI: {'PD_2,PD_3': 1.0, 'PD_2,PD_4': 1.0, 'PD_2,PD_5': 1.0, 'PD_2,PD_6': 0.0, 'PD_2,PD_7': 0.0, 'PD_3,PD_4': 1.0, 'PD_3,PD_5': 1.0, 'PD_3,PD_6': 0.0, 'PD_3,PD_7': 0.0, 'PD_4,PD_5': 1.0, 'PD_4,PD_6': 0.0, 'PD_4,PD_7': 0.0, 'PD_5,PD_6': 0.0, 'PD_5,PD_7': 0.0, 'PD_6,PD_7': 0.0}, ASR: 0.8333333333333334, TCB: {'PD_2': ['PD_4', 'PD_3', 'PD_5'], 'PD_3': ['PD_2', 'PD_4', 'PD_5'], 'PD_4': ['PD_2', 'PD_3', 'PD_5'], 'PD_5': ['PD_2', 'PD_3', 'PD_4'], 'PD_6': [], 'PD_7': []}, FR: {'PD_2,PD_3': inf, 'PD_2,PD_4': inf, 'PD_2,PD_5': inf, 'PD_2,PD_6': inf, 'PD_2,PD_7': inf, 'PD_3,PD_4': inf, 'PD_3,PD_5': inf, 'PD_3,PD_6': inf, 'PD_3,PD_7': inf, 'PD_4,PD_5': inf, 'PD_4,PD_6': inf, 'PD_4,PD_7': inf, 'PD_5,PD_6': inf, 'PD_5,PD_7': inf, 'PD_6,PD_7': inf}
  Computing metrics...
    RSI: {'PD_2,PD_3': 1.0, 'PD_2,PD_4': 1.0, 'PD_2,PD_5': 1.0, 'PD_2,PD_6': 0.0, 'PD_2,PD_7': 0.0, 'PD_3,PD_4': 1.0, 'PD_3,PD_5': 1.0, 'PD_3,PD_6': 0.0, 'PD_3,PD_7': 0.0, 'PD_4,PD_5': 1.0, 'PD_4,PD_6': 0.0, 'PD_4,PD_7': 0.0, 'PD_5,PD_6': 0.0, 'PD_5,PD_7': 0.0, 'PD_6,PD_7': 0.0}, ASR: 0.8333333333333334, TCB: {'PD_2': ['PD_4', 'PD_3', 'PD_5'], 'PD_3': ['PD_2', 'PD_4', 'PD_5'], 'PD_4': ['PD_2', 'PD_3', 'PD_5'], 'PD_5': ['PD_2', 'PD_3', 'PD_4'], 'PD_6': [], 'PD_7': []}, FR: {'PD_2,PD_3': inf, 'PD_2,PD_4': inf, 'PD_2,PD_5': inf, 'PD_2,PD_6': inf, 'PD_2,PD_7': inf, 'PD_3,PD_4': inf, 'PD_3,PD_5': inf, 'PD_3,PD_6': inf, 'PD_3,PD_7': inf, 'PD_4,PD_5': inf, 'PD_4,PD_6': inf, 'PD_4,PD_7': inf, 'PD_5,PD_6': inf, 'PD_5,PD_7': inf, 'PD_6,PD_7': inf}
  Computing metrics...
    RSI: {'PD_2,PD_3': 1.0, 'PD_2,PD_4': 1.0, 'PD_2,PD_5': 1.0, 'PD_2,PD_6': 0.0, 'PD_2,PD_7': 0.0, 'PD_3,PD_4': 1.0, 'PD_3,PD_5': 1.0, 'PD_3,PD_6': 0.0, 'PD_3,PD_7': 0.0, 'PD_4,PD_5': 1.0, 'PD_4,PD_6': 0.0, 'PD_4,PD_7': 0.0, 'PD_5,PD_6': 0.0, 'PD_5,PD_7': 0.0, 'PD_6,PD_7': 0.0}, ASR: 0.8333333333333334, TCB: {'PD_2': ['PD_4', 'PD_3', 'PD_5'], 'PD_3': ['PD_2', 'PD_4', 'PD_5'], 'PD_4': ['PD_2', 'PD_3', 'PD_5'], 'PD_5': ['PD_2', 'PD_3', 'PD_4'], 'PD_6': [], 'PD_7': []}, FR: {'PD_2,PD_3': inf, 'PD_2,PD_4': inf, 'PD_2,PD_5': inf, 'PD_2,PD_6': inf, 'PD_2,PD_7': inf, 'PD_3,PD_4': inf, 'PD_3,PD_5': inf, 'PD_3,PD_6': inf, 'PD_3,PD_7': inf, 'PD_4,PD_5': inf, 'PD_4,PD_6': inf, 'PD_4,PD_7': inf, 'PD_5,PD_6': inf, 'PD_5,PD_7': inf, 'PD_6,PD_7': inf}
  Computing metrics...
    RSI: {'PD_2,PD_3': 1.0, 'PD_2,PD_4': 1.0, 'PD_2,PD_5': 1.0, 'PD_2,PD_6': 0.0, 'PD_2,PD_7': 0.0, 'PD_3,PD_4': 1.0, 'PD_3,PD_5': 1.0, 'PD_3,PD_6': 0.0, 'PD_3,PD_7': 0.0, 'PD_4,PD_5': 1.0, 'PD_4,PD_6': 0.0, 'PD_4,PD_7': 0.0, 'PD_5,PD_6': 0.0, 'PD_5,PD_7': 0.0, 'PD_6,PD_7': 0.0}, ASR: 0.8333333333333334, TCB: {'PD_2': ['PD_4', 'PD_3', 'PD_5'], 'PD_3': ['PD_2', 'PD_4', 'PD_5'], 'PD_4': ['PD_2', 'PD_3', 'PD_5'], 'PD_5': ['PD_2', 'PD_3', 'PD_4'], 'PD_6': [], 'PD_7': []}, FR: {'PD_2,PD_3': inf, 'PD_2,PD_4': inf, 'PD_2,PD_5': inf, 'PD_2,PD_6': inf, 'PD_2,PD_7': inf, 'PD_3,PD_4': inf, 'PD_3,PD_5': inf, 'PD_3,PD_6': inf, 'PD_3,PD_7': inf, 'PD_4,PD_5': inf, 'PD_4,PD_6': inf, 'PD_4,PD_7': inf, 'PD_5,PD_6': inf, 'PD_5,PD_7': inf, 'PD_6,PD_7': inf}
  Computing metrics...
    RSI: {'PD_2,PD_3': 1.0, 'PD_2,PD_4': 1.0, 'PD_2,PD_5': 1.0, 'PD_2,PD_6': 0.0, 'PD_2,PD_7': 0.0, 'PD_3,PD_4': 1.0, 'PD_3,PD_5': 1.0, 'PD_3,PD_6': 0.0, 'PD_3,PD_7': 0.0, 'PD_4,PD_5': 1.0, 'PD_4,PD_6': 0.0, 'PD_4,PD_7': 0.0, 'PD_5,PD_6': 0.0, 'PD_5,PD_7': 0.0, 'PD_6,PD_7': 0.0}, ASR: 0.8333333333333334, TCB: {'PD_2': ['PD_4', 'PD_3', 'PD_5'], 'PD_3': ['PD_2', 'PD_4', 'PD_5'], 'PD_4': ['PD_2', 'PD_3', 'PD_5'], 'PD_5': ['PD_2', 'PD_3', 'PD_4'], 'PD_6': [], 'PD_7': []}, FR: {'PD_2,PD_3': inf, 'PD_2,PD_4': inf, 'PD_2,PD_5': inf, 'PD_2,PD_6': inf, 'PD_2,PD_7': inf, 'PD_3,PD_4': inf, 'PD_3,PD_5': inf, 'PD_3,PD_6': inf, 'PD_3,PD_7': inf, 'PD_4,PD_5': inf, 'PD_4,PD_6': inf, 'PD_4,PD_7': inf, 'PD_5,PD_6': inf, 'PD_5,PD_7': inf, 'PD_6,PD_7': inf}
  Computing metrics...
    RSI: {'PD_2,PD_3': 1.0, 'PD_2,PD_4': 1.0, 'PD_2,PD_5': 1.0, 'PD_2,PD_6': 0.0, 'PD_2,PD_7': 0.0, 'PD_3,PD_4': 1.0, 'PD_3,PD_5': 1.0, 'PD_3,PD_6': 0.0, 'PD_3,PD_7': 0.0, 'PD_4,PD_5': 1.0, 'PD_4,PD_6': 0.0, 'PD_4,PD_7': 0.0, 'PD_5,PD_6': 0.0, 'PD_5,PD_7': 0.0, 'PD_6,PD_7': 0.0}, ASR: 0.8333333333333334, TCB: {'PD_2': ['PD_4', 'PD_3', 'PD_5'], 'PD_3': ['PD_2', 'PD_4', 'PD_5'], 'PD_4': ['PD_2', 'PD_3', 'PD_5'], 'PD_5': ['PD_2', 'PD_3', 'PD_4'], 'PD_6': [], 'PD_7': []}, FR: {'PD_2,PD_3': inf, 'PD_2,PD_4': inf, 'PD_2,PD_5': inf, 'PD_2,PD_6': inf, 'PD_2,PD_7': inf, 'PD_3,PD_4': inf, 'PD_3,PD_5': inf, 'PD_3,PD_6': inf, 'PD_3,PD_7': inf, 'PD_4,PD_5': inf, 'PD_4,PD_6': inf, 'PD_4,PD_7': inf, 'PD_5,PD_6': inf, 'PD_5,PD_7': inf, 'PD_6,PD_7': inf}
  Computing metrics...
    RSI: {'PD_2,PD_3': 1.0, 'PD_2,PD_4': 1.0, 'PD_2,PD_5': 1.0, 'PD_2,PD_6': 0.0, 'PD_2,PD_7': 0.0, 'PD_3,PD_4': 1.0, 'PD_3,PD_5': 1.0, 'PD_3,PD_6': 0.0, 'PD_3,PD_7': 0.0, 'PD_4,PD_5': 1.0, 'PD_4,PD_6': 0.0, 'PD_4,PD_7': 0.0, 'PD_5,PD_6': 0.0, 'PD_5,PD_7': 0.0, 'PD_6,PD_7': 0.0}, ASR: 0.8333333333333334, TCB: {'PD_2': ['PD_4', 'PD_3', 'PD_5'], 'PD_3': ['PD_2', 'PD_4', 'PD_5'], 'PD_4': ['PD_2', 'PD_3', 'PD_5'], 'PD_5': ['PD_2', 'PD_3', 'PD_4'], 'PD_6': [], 'PD_7': []}, FR: {'PD_2,PD_3': inf, 'PD_2,PD_4': inf, 'PD_2,PD_5': inf, 'PD_2,PD_6': inf, 'PD_2,PD_7': inf, 'PD_3,PD_4': inf, 'PD_3,PD_5': inf, 'PD_3,PD_6': inf, 'PD_3,PD_7': inf, 'PD_4,PD_5': inf, 'PD_4,PD_6': inf, 'PD_4,PD_7': inf, 'PD_5,PD_6': inf, 'PD_5,PD_7': inf, 'PD_6,PD_7': inf}
  Computing metrics...
    RSI: {'PD_2,PD_3': 1.0, 'PD_2,PD_4': 1.0, 'PD_2,PD_5': 1.0, 'PD_2,PD_6': 0.0, 'PD_2,PD_7': 0.0, 'PD_3,PD_4': 1.0, 'PD_3,PD_5': 1.0, 'PD_3,PD_6': 0.0, 'PD_3,PD_7': 0.0, 'PD_4,PD_5': 1.0, 'PD_4,PD_6': 0.0, 'PD_4,PD_7': 0.0, 'PD_5,PD_6': 0.0, 'PD_5,PD_7': 0.0, 'PD_6,PD_7': 0.0}, ASR: 0.8333333333333334, TCB: {'PD_2': ['PD_4', 'PD_3', 'PD_5'], 'PD_3': ['PD_2', 'PD_4', 'PD_5'], 'PD_4': ['PD_2', 'PD_3', 'PD_5'], 'PD_5': ['PD_2', 'PD_3', 'PD_4'], 'PD_6': [], 'PD_7': []}, FR: {'PD_2,PD_3': inf, 'PD_2,PD_4': inf, 'PD_2,PD_5': inf, 'PD_2,PD_6': inf, 'PD_2,PD_7': inf, 'PD_3,PD_4': inf, 'PD_3,PD_5': inf, 'PD_3,PD_6': inf, 'PD_3,PD_7': inf, 'PD_4,PD_5': inf, 'PD_4,PD_6': inf, 'PD_4,PD_7': inf, 'PD_5,PD_6': inf, 'PD_5,PD_7': inf, 'PD_6,PD_7': inf}
  Computing metrics...
    RSI: {'PD_2,PD_3': 1.0, 'PD_2,PD_4': 1.0, 'PD_2,PD_5': 1.0, 'PD_2,PD_6': 0.0, 'PD_2,PD_7': 0.0, 'PD_3,PD_4': 1.0, 'PD_3,PD_5': 1.0, 'PD_3,PD_6': 0.0, 'PD_3,PD_7': 0.0, 'PD_4,PD_5': 1.0, 'PD_4,PD_6': 0.0, 'PD_4,PD_7': 0.0, 'PD_5,PD_6': 0.0, 'PD_5,PD_7': 0.0, 'PD_6,PD_7': 0.0}, ASR: 0.8333333333333334, TCB: {'PD_2': ['PD_4', 'PD_3', 'PD_5'], 'PD_3': ['PD_2', 'PD_4', 'PD_5'], 'PD_4': ['PD_2', 'PD_3', 'PD_5'], 'PD_5': ['PD_2', 'PD_3', 'PD_4'], 'PD_6': [], 'PD_7': []}, FR: {'PD_2,PD_3': inf, 'PD_2,PD_4': inf, 'PD_2,PD_5': inf, 'PD_2,PD_6': inf, 'PD_2,PD_7': inf, 'PD_3,PD_4': inf, 'PD_3,PD_5': inf, 'PD_3,PD_6': inf, 'PD_3,PD_7': inf, 'PD_4,PD_5': inf, 'PD_4,PD_6': inf, 'PD_4,PD_7': inf, 'PD_5,PD_6': inf, 'PD_5,PD_7': inf, 'PD_6,PD_7': inf}
  Computing metrics...
    RSI: {'PD_2,PD_3': 1.0, 'PD_2,PD_4': 1.0, 'PD_2,PD_5': 1.0, 'PD_2,PD_6': 0.0, 'PD_2,PD_7': 0.0, 'PD_3,PD_4': 1.0, 'PD_3,PD_5': 1.0, 'PD_3,PD_6': 0.0, 'PD_3,PD_7': 0.0, 'PD_4,PD_5': 1.0, 'PD_4,PD_6': 0.0, 'PD_4,PD_7': 0.0, 'PD_5,PD_6': 0.0, 'PD_5,PD_7': 0.0, 'PD_6,PD_7': 0.0}, ASR: 0.8333333333333334, TCB: {'PD_2': ['PD_4', 'PD_3', 'PD_5'], 'PD_3': ['PD_2', 'PD_4', 'PD_5'], 'PD_4': ['PD_2', 'PD_3', 'PD_5'], 'PD_5': ['PD_2', 'PD_3', 'PD_4'], 'PD_6': [], 'PD_7': []}, FR: {'PD_2,PD_3': inf, 'PD_2,PD_4': inf, 'PD_2,PD_5': inf, 'PD_2,PD_6': inf, 'PD_2,PD_7': inf, 'PD_3,PD_4': inf, 'PD_3,PD_5': inf, 'PD_3,PD_6': inf, 'PD_3,PD_7': inf, 'PD_4,PD_5': inf, 'PD_4,PD_6': inf, 'PD_4,PD_7': inf, 'PD_5,PD_6': inf, 'PD_5,PD_7': inf, 'PD_6,PD_7': inf}
  Computing metrics...
    RSI: {'PD_2,PD_3': 1.0, 'PD_2,PD_4': 1.0, 'PD_2,PD_5': 1.0, 'PD_2,PD_6': 0.0, 'PD_2,PD_7': 0.0, 'PD_3,PD_4': 1.0, 'PD_3,PD_5': 1.0, 'PD_3,PD_6': 0.0, 'PD_3,PD_7': 0.0, 'PD_4,PD_5': 1.0, 'PD_4,PD_6': 0.0, 'PD_4,PD_7': 0.0, 'PD_5,PD_6': 0.0, 'PD_5,PD_7': 0.0, 'PD_6,PD_7': 0.0}, ASR: 0.8333333333333334, TCB: {'PD_2': ['PD_4', 'PD_3', 'PD_5'], 'PD_3': ['PD_2', 'PD_4', 'PD_5'], 'PD_4': ['PD_2', 'PD_3', 'PD_5'], 'PD_5': ['PD_2', 'PD_3', 'PD_4'], 'PD_6': [], 'PD_7': []}, FR: {'PD_2,PD_3': inf, 'PD_2,PD_4': inf, 'PD_2,PD_5': inf, 'PD_2,PD_6': inf, 'PD_2,PD_7': inf, 'PD_3,PD_4': inf, 'PD_3,PD_5': inf, 'PD_3,PD_6': inf, 'PD_3,PD_7': inf, 'PD_4,PD_5': inf, 'PD_4,PD_6': inf, 'PD_4,PD_7': inf, 'PD_5,PD_6': inf, 'PD_5,PD_7': inf, 'PD_6,PD_7': inf}
  Computing metrics...
    RSI: {'PD_2,PD_3': 1.0, 'PD_2,PD_4': 1.0, 'PD_2,PD_5': 1.0, 'PD_2,PD_6': 0.0, 'PD_2,PD_7': 0.0, 'PD_3,PD_4': 1.0, 'PD_3,PD_5': 1.0, 'PD_3,PD_6': 0.0, 'PD_3,PD_7': 0.0, 'PD_4,PD_5': 1.0, 'PD_4,PD_6': 0.0, 'PD_4,PD_7': 0.0, 'PD_5,PD_6': 0.0, 'PD_5,PD_7': 0.0, 'PD_6,PD_7': 0.0}, ASR: 0.8333333333333334, TCB: {'PD_2': ['PD_4', 'PD_3', 'PD_5'], 'PD_3': ['PD_2', 'PD_4', 'PD_5'], 'PD_4': ['PD_2', 'PD_3', 'PD_5'], 'PD_5': ['PD_2', 'PD_3', 'PD_4'], 'PD_6': [], 'PD_7': []}, FR: {'PD_2,PD_3': inf, 'PD_2,PD_4': inf, 'PD_2,PD_5': inf, 'PD_2,PD_6': inf, 'PD_2,PD_7': inf, 'PD_3,PD_4': inf, 'PD_3,PD_5': inf, 'PD_3,PD_6': inf, 'PD_3,PD_7': inf, 'PD_4,PD_5': inf, 'PD_4,PD_6': inf, 'PD_4,PD_7': inf, 'PD_5,PD_6': inf, 'PD_5,PD_7': inf, 'PD_6,PD_7': inf}
  Computing metrics...
    RSI: {'PD_2,PD_3': 1.0, 'PD_2,PD_4': 1.0, 'PD_2,PD_5': 1.0, 'PD_2,PD_6': 1.0, 'PD_2,PD_7': 0.0, 'PD_3,PD_4': 1.0, 'PD_3,PD_5': 1.0, 'PD_3,PD_6': 1.0, 'PD_3,PD_7': 0.0, 'PD_4,PD_5': 1.0, 'PD_4,PD_6': 1.0, 'PD_4,PD_7': 0.0, 'PD_5,PD_6': 1.0, 'PD_5,PD_7': 0.0, 'PD_6,PD_7': 0.0}, ASR: 1.0, TCB: {'PD_2': ['PD_4', 'PD_3', 'PD_5', 'PD_6'], 'PD_3': ['PD_2', 'PD_4', 'PD_5', 'PD_6'], 'PD_4': ['PD_2', 'PD_3', 'PD_5', 'PD_6'], 'PD_5': ['PD_2', 'PD_3', 'PD_4', 'PD_6'], 'PD_6': ['PD_2', 'PD_3', 'PD_4', 'PD_5'], 'PD_7': []}, FR: {'PD_2,PD_3': inf, 'PD_2,PD_4': inf, 'PD_2,PD_5': inf, 'PD_2,PD_6': inf, 'PD_2,PD_7': inf, 'PD_3,PD_4': inf, 'PD_3,PD_5': inf, 'PD_3,PD_6': inf, 'PD_3,PD_7': inf, 'PD_4,PD_5': inf, 'PD_4,PD_6': inf, 'PD_4,PD_7': inf, 'PD_5,PD_6': inf, 'PD_5,PD_7': inf, 'PD_6,PD_7': inf}
  Computing metrics...
    RSI: {'PD_2,PD_3': 1.0, 'PD_2,PD_4': 1.0, 'PD_2,PD_5': 1.0, 'PD_2,PD_6': 0.0, 'PD_2,PD_7': 0.0, 'PD_3,PD_4': 1.0, 'PD_3,PD_5': 1.0, 'PD_3,PD_6': 0.0, 'PD_3,PD_7': 0.0, 'PD_4,PD_5': 1.0, 'PD_4,PD_6': 0.0, 'PD_4,PD_7': 0.0, 'PD_5,PD_6': 0.0, 'PD_5,PD_7': 0.0, 'PD_6,PD_7': 0.0}, ASR: 0.8333333333333334, TCB: {'PD_2': ['PD_4', 'PD_3', 'PD_5'], 'PD_3': ['PD_2', 'PD_4', 'PD_5'], 'PD_4': ['PD_2', 'PD_3', 'PD_5'], 'PD_5': ['PD_2', 'PD_3', 'PD_4'], 'PD_6': [], 'PD_7': []}, FR: {'PD_2,PD_3': inf, 'PD_2,PD_4': inf, 'PD_2,PD_5': inf, 'PD_2,PD_6': inf, 'PD_2,PD_7': inf, 'PD_3,PD_4': inf, 'PD_3,PD_5': inf, 'PD_3,PD_6': inf, 'PD_3,PD_7': inf, 'PD_4,PD_5': inf, 'PD_4,PD_6': inf, 'PD_4,PD_7': inf, 'PD_5,PD_6': inf, 'PD_5,PD_7': inf, 'PD_6,PD_7': inf}
  Computing metrics...
    RSI: {'PD_2,PD_3': 1.0, 'PD_2,PD_4': 1.0, 'PD_2,PD_5': 1.0, 'PD_2,PD_6': 0.0, 'PD_2,PD_7': 1.0, 'PD_3,PD_4': 1.0, 'PD_3,PD_5': 1.0, 'PD_3,PD_6': 0.0, 'PD_3,PD_7': 1.0, 'PD_4,PD_5': 1.0, 'PD_4,PD_6': 0.0, 'PD_4,PD_7': 1.0, 'PD_5,PD_6': 0.0, 'PD_5,PD_7': 1.0, 'PD_6,PD_7': 0.0}, ASR: 1.0, TCB: {'PD_2': ['PD_4', 'PD_3', 'PD_5', 'PD_7'], 'PD_3': ['PD_2', 'PD_4', 'PD_5', 'PD_7'], 'PD_4': ['PD_2', 'PD_3', 'PD_5', 'PD_7'], 'PD_5': ['PD_2', 'PD_3', 'PD_4', 'PD_7'], 'PD_6': [], 'PD_7': ['PD_2', 'PD_3', 'PD_4', 'PD_5']}, FR: {'PD_2,PD_3': inf, 'PD_2,PD_4': inf, 'PD_2,PD_5': inf, 'PD_2,PD_6': inf, 'PD_2,PD_7': inf, 'PD_3,PD_4': inf, 'PD_3,PD_5': inf, 'PD_3,PD_6': inf, 'PD_3,PD_7': inf, 'PD_4,PD_5': inf, 'PD_4,PD_6': inf, 'PD_4,PD_7': inf, 'PD_5,PD_6': inf, 'PD_5,PD_7': inf, 'PD_6,PD_7': inf}
  Computing metrics...
    RSI: {'PD_2,PD_3': 1.0, 'PD_2,PD_4': 1.0, 'PD_2,PD_5': 1.0, 'PD_2,PD_6': 0.0, 'PD_2,PD_7': 0.0, 'PD_3,PD_4': 1.0, 'PD_3,PD_5': 1.0, 'PD_3,PD_6': 0.0, 'PD_3,PD_7': 0.0, 'PD_4,PD_5': 1.0, 'PD_4,PD_6': 0.0, 'PD_4,PD_7': 0.0, 'PD_5,PD_6': 0.0, 'PD_5,PD_7': 0.0, 'PD_6,PD_7': 0.0}, ASR: 0.8333333333333334, TCB: {'PD_2': ['PD_4', 'PD_3', 'PD_5'], 'PD_3': ['PD_2', 'PD_4', 'PD_5'], 'PD_4': ['PD_2', 'PD_3', 'PD_5'], 'PD_5': ['PD_2', 'PD_3', 'PD_4'], 'PD_6': [], 'PD_7': []}, FR: {'PD_2,PD_3': inf, 'PD_2,PD_4': inf, 'PD_2,PD_5': inf, 'PD_2,PD_6': inf, 'PD_2,PD_7': inf, 'PD_3,PD_4': inf, 'PD_3,PD_5': inf, 'PD_3,PD_6': inf, 'PD_3,PD_7': inf, 'PD_4,PD_5': inf, 'PD_4,PD_6': inf, 'PD_4,PD_7': inf, 'PD_5,PD_6': inf, 'PD_5,PD_7': inf, 'PD_6,PD_7': inf}
  Computing metrics...
    RSI: {'PD_2,PD_3': 1.0, 'PD_2,PD_4': 1.0, 'PD_2,PD_5': 1.0, 'PD_2,PD_6': 0.0, 'PD_2,PD_7': 0.0, 'PD_3,PD_4': 1.0, 'PD_3,PD_5': 1.0, 'PD_3,PD_6': 0.0, 'PD_3,PD_7': 0.0, 'PD_4,PD_5': 1.0, 'PD_4,PD_6': 0.0, 'PD_4,PD_7': 0.0, 'PD_5,PD_6': 0.0, 'PD_5,PD_7': 0.0, 'PD_6,PD_7': 0.0}, ASR: 0.8333333333333334, TCB: {'PD_2': ['PD_4', 'PD_3', 'PD_5'], 'PD_3': ['PD_2', 'PD_4', 'PD_5'], 'PD_4': ['PD_2', 'PD_3', 'PD_5'], 'PD_5': ['PD_2', 'PD_3', 'PD_4'], 'PD_6': [], 'PD_7': []}, FR: {'PD_2,PD_3': inf, 'PD_2,PD_4': inf, 'PD_2,PD_5': inf, 'PD_2,PD_6': inf, 'PD_2,PD_7': inf, 'PD_3,PD_4': inf, 'PD_3,PD_5': inf, 'PD_3,PD_6': inf, 'PD_3,PD_7': inf, 'PD_4,PD_5': inf, 'PD_4,PD_6': inf, 'PD_4,PD_7': inf, 'PD_5,PD_6': inf, 'PD_5,PD_7': inf, 'PD_6,PD_7': inf}
    remove_hold_edge candidate: remove PD_3 -> FILE_1_1 HOLD edge -> score: 0.100
  Computing metrics...
    RSI: {'PD_2,PD_3': 1.0, 'PD_2,PD_4': 1.0, 'PD_2,PD_5': 1.0, 'PD_2,PD_6': 0.0, 'PD_2,PD_7': 0.0, 'PD_3,PD_4': 1.0, 'PD_3,PD_5': 1.0, 'PD_3,PD_6': 0.0, 'PD_3,PD_7': 0.0, 'PD_4,PD_5': 1.0, 'PD_4,PD_6': 0.0, 'PD_4,PD_7': 0.0, 'PD_5,PD_6': 0.0, 'PD_5,PD_7': 0.0, 'PD_6,PD_7': 0.0}, ASR: 0.8333333333333334, TCB: {'PD_2': ['PD_4', 'PD_3', 'PD_5'], 'PD_3': ['PD_2', 'PD_4', 'PD_5'], 'PD_4': ['PD_2', 'PD_3', 'PD_5'], 'PD_5': ['PD_2', 'PD_3', 'PD_4'], 'PD_6': [], 'PD_7': []}, FR: {'PD_2,PD_3': inf, 'PD_2,PD_4': inf, 'PD_2,PD_5': inf, 'PD_2,PD_6': inf, 'PD_2,PD_7': inf, 'PD_3,PD_4': inf, 'PD_3,PD_5': inf, 'PD_3,PD_6': inf, 'PD_3,PD_7': inf, 'PD_4,PD_5': inf, 'PD_4,PD_6': inf, 'PD_4,PD_7': inf, 'PD_5,PD_6': inf, 'PD_5,PD_7': inf, 'PD_6,PD_7': inf}
  Computing metrics...
    RSI: {'PD_2,PD_3': 1.0, 'PD_2,PD_4': 1.0, 'PD_2,PD_5': 1.0, 'PD_2,PD_6': 0.0, 'PD_2,PD_7': 0.0, 'PD_3,PD_4': 1.0, 'PD_3,PD_5': 1.0, 'PD_3,PD_6': 0.0, 'PD_3,PD_7': 0.0, 'PD_4,PD_5': 1.0, 'PD_4,PD_6': 0.0, 'PD_4,PD_7': 0.0, 'PD_5,PD_6': 0.0, 'PD_5,PD_7': 0.0, 'PD_6,PD_7': 0.0}, ASR: 0.8333333333333334, TCB: {'PD_2': ['PD_4', 'PD_3', 'PD_5'], 'PD_3': ['PD_2', 'PD_4', 'PD_5'], 'PD_4': ['PD_2', 'PD_3', 'PD_5'], 'PD_5': ['PD_2', 'PD_3', 'PD_4'], 'PD_6': [], 'PD_7': []}, FR: {'PD_2,PD_3': inf, 'PD_2,PD_4': inf, 'PD_2,PD_5': inf, 'PD_2,PD_6': inf, 'PD_2,PD_7': inf, 'PD_3,PD_4': inf, 'PD_3,PD_5': inf, 'PD_3,PD_6': inf, 'PD_3,PD_7': inf, 'PD_4,PD_5': inf, 'PD_4,PD_6': inf, 'PD_4,PD_7': inf, 'PD_5,PD_6': inf, 'PD_5,PD_7': inf, 'PD_6,PD_7': inf}
    remove_hold_edge candidate: remove PD_4 -> FILE_1_1 HOLD edge -> score: 0.100
  Computing metrics...
    RSI: {'PD_2,PD_3': 1.0, 'PD_2,PD_4': 1.0, 'PD_2,PD_5': 1.0, 'PD_2,PD_6': 0.0, 'PD_2,PD_7': 0.0, 'PD_3,PD_4': 1.0, 'PD_3,PD_5': 1.0, 'PD_3,PD_6': 0.0, 'PD_3,PD_7': 0.0, 'PD_4,PD_5': 1.0, 'PD_4,PD_6': 0.0, 'PD_4,PD_7': 0.0, 'PD_5,PD_6': 0.0, 'PD_5,PD_7': 0.0, 'PD_6,PD_7': 0.0}, ASR: 0.8333333333333334, TCB: {'PD_2': ['PD_4', 'PD_3', 'PD_5'], 'PD_3': ['PD_2', 'PD_4', 'PD_5'], 'PD_4': ['PD_2', 'PD_3', 'PD_5'], 'PD_5': ['PD_2', 'PD_3', 'PD_4'], 'PD_6': [], 'PD_7': []}, FR: {'PD_2,PD_3': inf, 'PD_2,PD_4': inf, 'PD_2,PD_5': inf, 'PD_2,PD_6': inf, 'PD_2,PD_7': inf, 'PD_3,PD_4': inf, 'PD_3,PD_5': inf, 'PD_3,PD_6': inf, 'PD_3,PD_7': inf, 'PD_4,PD_5': inf, 'PD_4,PD_6': inf, 'PD_4,PD_7': inf, 'PD_5,PD_6': inf, 'PD_5,PD_7': inf, 'PD_6,PD_7': inf}
  Computing metrics...
    RSI: {'PD_2,PD_3': 1.0, 'PD_2,PD_4': 1.0, 'PD_2,PD_5': 1.0, 'PD_2,PD_6': 0.0, 'PD_2,PD_7': 0.0, 'PD_3,PD_4': 1.0, 'PD_3,PD_5': 1.0, 'PD_3,PD_6': 0.0, 'PD_3,PD_7': 0.0, 'PD_4,PD_5': 1.0, 'PD_4,PD_6': 0.0, 'PD_4,PD_7': 0.0, 'PD_5,PD_6': 0.0, 'PD_5,PD_7': 0.0, 'PD_6,PD_7': 0.0}, ASR: 0.8333333333333334, TCB: {'PD_2': ['PD_4', 'PD_3', 'PD_5'], 'PD_3': ['PD_2', 'PD_4', 'PD_5'], 'PD_4': ['PD_2', 'PD_3', 'PD_5'], 'PD_5': ['PD_2', 'PD_3', 'PD_4'], 'PD_6': [], 'PD_7': []}, FR: {'PD_2,PD_3': inf, 'PD_2,PD_4': inf, 'PD_2,PD_5': inf, 'PD_2,PD_6': inf, 'PD_2,PD_7': inf, 'PD_3,PD_4': inf, 'PD_3,PD_5': inf, 'PD_3,PD_6': inf, 'PD_3,PD_7': inf, 'PD_4,PD_5': inf, 'PD_4,PD_6': inf, 'PD_4,PD_7': inf, 'PD_5,PD_6': inf, 'PD_5,PD_7': inf, 'PD_6,PD_7': inf}
    remove_hold_edge candidate: remove PD_5 -> FILE_1_1 HOLD edge -> score: 0.100
  Computing metrics...
    RSI: {'PD_2,PD_3': 1.0, 'PD_2,PD_4': 1.0, 'PD_2,PD_5': 1.0, 'PD_2,PD_6': 0.0, 'PD_2,PD_7': 0.0, 'PD_3,PD_4': 1.0, 'PD_3,PD_5': 1.0, 'PD_3,PD_6': 0.0, 'PD_3,PD_7': 0.0, 'PD_4,PD_5': 1.0, 'PD_4,PD_6': 0.0, 'PD_4,PD_7': 0.0, 'PD_5,PD_6': 0.0, 'PD_5,PD_7': 0.0, 'PD_6,PD_7': 0.0}, ASR: 0.8333333333333334, TCB: {'PD_2': ['PD_4', 'PD_3', 'PD_5'], 'PD_3': ['PD_2', 'PD_4', 'PD_5'], 'PD_4': ['PD_2', 'PD_3', 'PD_5'], 'PD_5': ['PD_2', 'PD_3', 'PD_4'], 'PD_6': [], 'PD_7': []}, FR: {'PD_2,PD_3': inf, 'PD_2,PD_4': inf, 'PD_2,PD_5': inf, 'PD_2,PD_6': inf, 'PD_2,PD_7': inf, 'PD_3,PD_4': inf, 'PD_3,PD_5': inf, 'PD_3,PD_6': inf, 'PD_3,PD_7': inf, 'PD_4,PD_5': inf, 'PD_4,PD_6': inf, 'PD_4,PD_7': inf, 'PD_5,PD_6': inf, 'PD_5,PD_7': inf, 'PD_6,PD_7': inf}
  Computing metrics...
    RSI: {'PD_2,PD_3': 1.0, 'PD_2,PD_4': 1.0, 'PD_2,PD_5': 1.0, 'PD_2,PD_6': 0.0, 'PD_2,PD_7': 0.0, 'PD_3,PD_4': 1.0, 'PD_3,PD_5': 1.0, 'PD_3,PD_6': 0.0, 'PD_3,PD_7': 0.0, 'PD_4,PD_5': 1.0, 'PD_4,PD_6': 0.0, 'PD_4,PD_7': 0.0, 'PD_5,PD_6': 0.0, 'PD_5,PD_7': 0.0, 'PD_6,PD_7': 0.0}, ASR: 1.0, TCB: {'PD_2': ['PD_4', 'PD_3', 'PD_5'], 'PD_3': ['PD_2', 'PD_4', 'PD_5'], 'PD_4': ['PD_2', 'PD_3', 'PD_5'], 'PD_5': ['PD_2', 'PD_3', 'PD_4'], 'PD_6': [], 'PD_7': []}, FR: {'PD_2,PD_3': inf, 'PD_2,PD_4': inf, 'PD_2,PD_5': inf, 'PD_2,PD_6': inf, 'PD_2,PD_7': inf, 'PD_3,PD_4': inf, 'PD_3,PD_5': inf, 'PD_3,PD_6': inf, 'PD_3,PD_7': inf, 'PD_4,PD_5': inf, 'PD_4,PD_6': inf, 'PD_4,PD_7': inf, 'PD_5,PD_6': inf, 'PD_5,PD_7': inf, 'PD_6,PD_7': inf}
  Computing metrics...
    RSI: {'PD_2,PD_3': 1.0, 'PD_2,PD_4': 1.0, 'PD_2,PD_5': 1.0, 'PD_2,PD_6': 0.0, 'PD_2,PD_7': 0.0, 'PD_3,PD_4': 1.0, 'PD_3,PD_5': 1.0, 'PD_3,PD_6': 0.0, 'PD_3,PD_7': 0.0, 'PD_4,PD_5': 1.0, 'PD_4,PD_6': 0.0, 'PD_4,PD_7': 0.0, 'PD_5,PD_6': 0.0, 'PD_5,PD_7': 0.0, 'PD_6,PD_7': 0.0}, ASR: 0.8333333333333334, TCB: {'PD_2': ['PD_4', 'PD_3', 'PD_5'], 'PD_3': ['PD_2', 'PD_4', 'PD_5'], 'PD_4': ['PD_2', 'PD_3', 'PD_5'], 'PD_5': ['PD_2', 'PD_3', 'PD_4'], 'PD_6': [], 'PD_7': []}, FR: {'PD_2,PD_3': inf, 'PD_2,PD_4': inf, 'PD_2,PD_5': inf, 'PD_2,PD_6': inf, 'PD_2,PD_7': inf, 'PD_3,PD_4': inf, 'PD_3,PD_5': inf, 'PD_3,PD_6': inf, 'PD_3,PD_7': inf, 'PD_4,PD_5': inf, 'PD_4,PD_6': inf, 'PD_4,PD_7': inf, 'PD_5,PD_6': inf, 'PD_5,PD_7': inf, 'PD_6,PD_7': inf}
  Computing metrics...
    RSI: {'PD_2,PD_3': 1.0, 'PD_2,PD_4': 1.0, 'PD_2,PD_5': 1.0, 'PD_2,PD_6': 0.0, 'PD_2,PD_7': 0.0, 'PD_3,PD_4': 1.0, 'PD_3,PD_5': 1.0, 'PD_3,PD_6': 0.0, 'PD_3,PD_7': 0.0, 'PD_4,PD_5': 1.0, 'PD_4,PD_6': 0.0, 'PD_4,PD_7': 0.0, 'PD_5,PD_6': 0.0, 'PD_5,PD_7': 0.0, 'PD_6,PD_7': 0.0}, ASR: 1.0, TCB: {'PD_2': ['PD_4', 'PD_5', 'PD_3'], 'PD_3': ['PD_2', 'PD_4', 'PD_5'], 'PD_4': ['PD_2', 'PD_3', 'PD_5'], 'PD_5': ['PD_2', 'PD_3', 'PD_4'], 'PD_6': [], 'PD_7': []}, FR: {'PD_2,PD_3': inf, 'PD_2,PD_4': inf, 'PD_2,PD_5': inf, 'PD_2,PD_6': inf, 'PD_2,PD_7': inf, 'PD_3,PD_4': inf, 'PD_3,PD_5': inf, 'PD_3,PD_6': inf, 'PD_3,PD_7': inf, 'PD_4,PD_5': inf, 'PD_4,PD_6': inf, 'PD_4,PD_7': inf, 'PD_5,PD_6': inf, 'PD_5,PD_7': inf, 'PD_6,PD_7': inf}
  Computing metrics...
    RSI: {'PD_2,PD_3': 1.0, 'PD_2,PD_4': 1.0, 'PD_2,PD_5': 1.0, 'PD_2,PD_6': 0.0, 'PD_2,PD_7': 0.0, 'PD_3,PD_4': 1.0, 'PD_3,PD_5': 1.0, 'PD_3,PD_6': 0.0, 'PD_3,PD_7': 0.0, 'PD_4,PD_5': 1.0, 'PD_4,PD_6': 0.0, 'PD_4,PD_7': 0.0, 'PD_5,PD_6': 0.0, 'PD_5,PD_7': 0.0, 'PD_6,PD_7': 0.0}, ASR: 0.8333333333333334, TCB: {'PD_2': ['PD_4', 'PD_3', 'PD_5'], 'PD_3': ['PD_2', 'PD_4', 'PD_5'], 'PD_4': ['PD_2', 'PD_3', 'PD_5'], 'PD_5': ['PD_2', 'PD_3', 'PD_4'], 'PD_6': [], 'PD_7': []}, FR: {'PD_2,PD_3': inf, 'PD_2,PD_4': inf, 'PD_2,PD_5': inf, 'PD_2,PD_6': inf, 'PD_2,PD_7': inf, 'PD_3,PD_4': inf, 'PD_3,PD_5': inf, 'PD_3,PD_6': inf, 'PD_3,PD_7': inf, 'PD_4,PD_5': inf, 'PD_4,PD_6': inf, 'PD_4,PD_7': inf, 'PD_5,PD_6': inf, 'PD_5,PD_7': inf, 'PD_6,PD_7': inf}
  Computing metrics...
    RSI: {'PD_2,PD_3': 1.0, 'PD_2,PD_4': 1.0, 'PD_2,PD_5': 1.0, 'PD_2,PD_6': 0.0, 'PD_2,PD_7': 0.0, 'PD_3,PD_4': 1.0, 'PD_3,PD_5': 1.0, 'PD_3,PD_6': 0.0, 'PD_3,PD_7': 0.0, 'PD_4,PD_5': 1.0, 'PD_4,PD_6': 0.0, 'PD_4,PD_7': 0.0, 'PD_5,PD_6': 0.0, 'PD_5,PD_7': 0.0, 'PD_6,PD_7': 0.0}, ASR: 1.0, TCB: {'PD_2': ['PD_4', 'PD_6', 'PD_3', 'PD_5'], 'PD_3': ['PD_2', 'PD_4', 'PD_5'], 'PD_4': ['PD_2', 'PD_3', 'PD_5'], 'PD_5': ['PD_2', 'PD_3', 'PD_4'], 'PD_6': [], 'PD_7': []}, FR: {'PD_2,PD_3': inf, 'PD_2,PD_4': inf, 'PD_2,PD_5': inf, 'PD_2,PD_6': inf, 'PD_2,PD_7': inf, 'PD_3,PD_4': inf, 'PD_3,PD_5': inf, 'PD_3,PD_6': inf, 'PD_3,PD_7': inf, 'PD_4,PD_5': inf, 'PD_4,PD_6': inf, 'PD_4,PD_7': inf, 'PD_5,PD_6': inf, 'PD_5,PD_7': inf, 'PD_6,PD_7': inf}
  Computing metrics...
    RSI: {'PD_2,PD_3': 1.0, 'PD_2,PD_4': 1.0, 'PD_2,PD_5': 1.0, 'PD_2,PD_6': 0.0, 'PD_2,PD_7': 0.0, 'PD_3,PD_4': 1.0, 'PD_3,PD_5': 1.0, 'PD_3,PD_6': 0.0, 'PD_3,PD_7': 0.0, 'PD_4,PD_5': 1.0, 'PD_4,PD_6': 0.0, 'PD_4,PD_7': 0.0, 'PD_5,PD_6': 0.0, 'PD_5,PD_7': 0.0, 'PD_6,PD_7': 0.0}, ASR: 0.8333333333333334, TCB: {'PD_2': ['PD_4', 'PD_3', 'PD_5'], 'PD_3': ['PD_2', 'PD_4', 'PD_5'], 'PD_4': ['PD_2', 'PD_3', 'PD_5'], 'PD_5': ['PD_2', 'PD_3', 'PD_4'], 'PD_6': [], 'PD_7': []}, FR: {'PD_2,PD_3': inf, 'PD_2,PD_4': inf, 'PD_2,PD_5': inf, 'PD_2,PD_6': inf, 'PD_2,PD_7': inf, 'PD_3,PD_4': inf, 'PD_3,PD_5': inf, 'PD_3,PD_6': inf, 'PD_3,PD_7': inf, 'PD_4,PD_5': inf, 'PD_4,PD_6': inf, 'PD_4,PD_7': inf, 'PD_5,PD_6': inf, 'PD_5,PD_7': inf, 'PD_6,PD_7': inf}
  Computing metrics...
    RSI: {'PD_2,PD_3': 1.0, 'PD_2,PD_4': 1.0, 'PD_2,PD_5': 1.0, 'PD_2,PD_6': 0.0, 'PD_2,PD_7': 0.0, 'PD_3,PD_4': 1.0, 'PD_3,PD_5': 1.0, 'PD_3,PD_6': 0.0, 'PD_3,PD_7': 0.0, 'PD_4,PD_5': 1.0, 'PD_4,PD_6': 0.0, 'PD_4,PD_7': 0.0, 'PD_5,PD_6': 0.0, 'PD_5,PD_7': 0.0, 'PD_6,PD_7': 0.0}, ASR: 1.0, TCB: {'PD_2': ['PD_4', 'PD_7', 'PD_3', 'PD_5'], 'PD_3': ['PD_2', 'PD_4', 'PD_5'], 'PD_4': ['PD_2', 'PD_3', 'PD_5'], 'PD_5': ['PD_2', 'PD_3', 'PD_4'], 'PD_6': [], 'PD_7': []}, FR: {'PD_2,PD_3': inf, 'PD_2,PD_4': inf, 'PD_2,PD_5': inf, 'PD_2,PD_6': inf, 'PD_2,PD_7': inf, 'PD_3,PD_4': inf, 'PD_3,PD_5': inf, 'PD_3,PD_6': inf, 'PD_3,PD_7': inf, 'PD_4,PD_5': inf, 'PD_4,PD_6': inf, 'PD_4,PD_7': inf, 'PD_5,PD_6': inf, 'PD_5,PD_7': inf, 'PD_6,PD_7': inf}
  Computing metrics...
    RSI: {'PD_2,PD_3': 1.0, 'PD_2,PD_4': 1.0, 'PD_2,PD_5': 1.0, 'PD_2,PD_6': 0.0, 'PD_2,PD_7': 0.0, 'PD_3,PD_4': 1.0, 'PD_3,PD_5': 1.0, 'PD_3,PD_6': 0.0, 'PD_3,PD_7': 0.0, 'PD_4,PD_5': 1.0, 'PD_4,PD_6': 0.0, 'PD_4,PD_7': 0.0, 'PD_5,PD_6': 0.0, 'PD_5,PD_7': 0.0, 'PD_6,PD_7': 0.0}, ASR: 0.8333333333333334, TCB: {'PD_2': ['PD_4', 'PD_3', 'PD_5'], 'PD_3': ['PD_2', 'PD_4', 'PD_5'], 'PD_4': ['PD_2', 'PD_3', 'PD_5'], 'PD_5': ['PD_2', 'PD_3', 'PD_4'], 'PD_6': [], 'PD_7': []}, FR: {'PD_2,PD_3': inf, 'PD_2,PD_4': inf, 'PD_2,PD_5': inf, 'PD_2,PD_6': inf, 'PD_2,PD_7': inf, 'PD_3,PD_4': inf, 'PD_3,PD_5': inf, 'PD_3,PD_6': inf, 'PD_3,PD_7': inf, 'PD_4,PD_5': inf, 'PD_4,PD_6': inf, 'PD_4,PD_7': inf, 'PD_5,PD_6': inf, 'PD_5,PD_7': inf, 'PD_6,PD_7': inf}
  Computing metrics...
    RSI: {'PD_2,PD_3': 1.0, 'PD_2,PD_4': 1.0, 'PD_2,PD_5': 1.0, 'PD_2,PD_6': 0.0, 'PD_2,PD_7': 0.0, 'PD_3,PD_4': 1.0, 'PD_3,PD_5': 1.0, 'PD_3,PD_6': 0.0, 'PD_3,PD_7': 0.0, 'PD_4,PD_5': 1.0, 'PD_4,PD_6': 0.0, 'PD_4,PD_7': 0.0, 'PD_5,PD_6': 0.0, 'PD_5,PD_7': 0.0, 'PD_6,PD_7': 0.0}, ASR: 1.0, TCB: {'PD_2': ['PD_4', 'PD_3', 'PD_5'], 'PD_3': ['PD_2', 'PD_4', 'PD_5'], 'PD_4': ['PD_2', 'PD_3', 'PD_5'], 'PD_5': ['PD_2', 'PD_3', 'PD_4'], 'PD_6': [], 'PD_7': []}, FR: {'PD_2,PD_3': 3, 'PD_2,PD_4': inf, 'PD_2,PD_5': inf, 'PD_2,PD_6': inf, 'PD_2,PD_7': inf, 'PD_3,PD_4': inf, 'PD_3,PD_5': inf, 'PD_3,PD_6': inf, 'PD_3,PD_7': inf, 'PD_4,PD_5': inf, 'PD_4,PD_6': inf, 'PD_4,PD_7': inf, 'PD_5,PD_6': inf, 'PD_5,PD_7': inf, 'PD_6,PD_7': inf}
  Computing metrics...
    RSI: {'PD_2,PD_3': 1.0, 'PD_2,PD_4': 1.0, 'PD_2,PD_5': 1.0, 'PD_2,PD_6': 0.0, 'PD_2,PD_7': 0.0, 'PD_3,PD_4': 1.0, 'PD_3,PD_5': 1.0, 'PD_3,PD_6': 0.0, 'PD_3,PD_7': 0.0, 'PD_4,PD_5': 1.0, 'PD_4,PD_6': 0.0, 'PD_4,PD_7': 0.0, 'PD_5,PD_6': 0.0, 'PD_5,PD_7': 0.0, 'PD_6,PD_7': 0.0}, ASR: 0.8333333333333334, TCB: {'PD_2': ['PD_4', 'PD_3', 'PD_5'], 'PD_3': ['PD_2', 'PD_4', 'PD_5'], 'PD_4': ['PD_2', 'PD_3', 'PD_5'], 'PD_5': ['PD_2', 'PD_3', 'PD_4'], 'PD_6': [], 'PD_7': []}, FR: {'PD_2,PD_3': inf, 'PD_2,PD_4': inf, 'PD_2,PD_5': inf, 'PD_2,PD_6': inf, 'PD_2,PD_7': inf, 'PD_3,PD_4': inf, 'PD_3,PD_5': inf, 'PD_3,PD_6': inf, 'PD_3,PD_7': inf, 'PD_4,PD_5': inf, 'PD_4,PD_6': inf, 'PD_4,PD_7': inf, 'PD_5,PD_6': inf, 'PD_5,PD_7': inf, 'PD_6,PD_7': inf}
  Computing metrics...
    RSI: {'PD_2,PD_3': 1.0, 'PD_2,PD_4': 1.0, 'PD_2,PD_5': 1.0, 'PD_2,PD_6': 0.0, 'PD_2,PD_7': 0.0, 'PD_3,PD_4': 1.0, 'PD_3,PD_5': 1.0, 'PD_3,PD_6': 0.0, 'PD_3,PD_7': 0.0, 'PD_4,PD_5': 1.0, 'PD_4,PD_6': 0.0, 'PD_4,PD_7': 0.0, 'PD_5,PD_6': 0.0, 'PD_5,PD_7': 0.0, 'PD_6,PD_7': 0.0}, ASR: 1.0, TCB: {'PD_2': ['PD_4', 'PD_3', 'PD_5'], 'PD_3': ['PD_4', 'PD_2', 'PD_5'], 'PD_4': ['PD_2', 'PD_3', 'PD_5'], 'PD_5': ['PD_2', 'PD_3', 'PD_4'], 'PD_6': [], 'PD_7': []}, FR: {'PD_2,PD_3': 2, 'PD_2,PD_4': inf, 'PD_2,PD_5': inf, 'PD_2,PD_6': inf, 'PD_2,PD_7': inf, 'PD_3,PD_4': inf, 'PD_3,PD_5': inf, 'PD_3,PD_6': inf, 'PD_3,PD_7': inf, 'PD_4,PD_5': inf, 'PD_4,PD_6': inf, 'PD_4,PD_7': inf, 'PD_5,PD_6': inf, 'PD_5,PD_7': inf, 'PD_6,PD_7': inf}
  Computing metrics...
    RSI: {'PD_2,PD_3': 1.0, 'PD_2,PD_4': 1.0, 'PD_2,PD_5': 1.0, 'PD_2,PD_6': 0.0, 'PD_2,PD_7': 0.0, 'PD_3,PD_4': 1.0, 'PD_3,PD_5': 1.0, 'PD_3,PD_6': 0.0, 'PD_3,PD_7': 0.0, 'PD_4,PD_5': 1.0, 'PD_4,PD_6': 0.0, 'PD_4,PD_7': 0.0, 'PD_5,PD_6': 0.0, 'PD_5,PD_7': 0.0, 'PD_6,PD_7': 0.0}, ASR: 0.8333333333333334, TCB: {'PD_2': ['PD_4', 'PD_3', 'PD_5'], 'PD_3': ['PD_2', 'PD_4', 'PD_5'], 'PD_4': ['PD_2', 'PD_3', 'PD_5'], 'PD_5': ['PD_2', 'PD_3', 'PD_4'], 'PD_6': [], 'PD_7': []}, FR: {'PD_2,PD_3': inf, 'PD_2,PD_4': inf, 'PD_2,PD_5': inf, 'PD_2,PD_6': inf, 'PD_2,PD_7': inf, 'PD_3,PD_4': inf, 'PD_3,PD_5': inf, 'PD_3,PD_6': inf, 'PD_3,PD_7': inf, 'PD_4,PD_5': inf, 'PD_4,PD_6': inf, 'PD_4,PD_7': inf, 'PD_5,PD_6': inf, 'PD_5,PD_7': inf, 'PD_6,PD_7': inf}
  Computing metrics...
    RSI: {'PD_2,PD_3': 1.0, 'PD_2,PD_4': 1.0, 'PD_2,PD_5': 1.0, 'PD_2,PD_6': 0.0, 'PD_2,PD_7': 0.0, 'PD_3,PD_4': 1.0, 'PD_3,PD_5': 1.0, 'PD_3,PD_6': 0.0, 'PD_3,PD_7': 0.0, 'PD_4,PD_5': 1.0, 'PD_4,PD_6': 0.0, 'PD_4,PD_7': 0.0, 'PD_5,PD_6': 0.0, 'PD_5,PD_7': 0.0, 'PD_6,PD_7': 0.0}, ASR: 1.0, TCB: {'PD_2': ['PD_4', 'PD_3', 'PD_5'], 'PD_3': ['PD_5', 'PD_2', 'PD_4'], 'PD_4': ['PD_2', 'PD_3', 'PD_5'], 'PD_5': ['PD_2', 'PD_3', 'PD_4'], 'PD_6': [], 'PD_7': []}, FR: {'PD_2,PD_3': inf, 'PD_2,PD_4': inf, 'PD_2,PD_5': inf, 'PD_2,PD_6': inf, 'PD_2,PD_7': inf, 'PD_3,PD_4': inf, 'PD_3,PD_5': inf, 'PD_3,PD_6': inf, 'PD_3,PD_7': inf, 'PD_4,PD_5': inf, 'PD_4,PD_6': inf, 'PD_4,PD_7': inf, 'PD_5,PD_6': inf, 'PD_5,PD_7': inf, 'PD_6,PD_7': inf}
  Computing metrics...
    RSI: {'PD_2,PD_3': 1.0, 'PD_2,PD_4': 1.0, 'PD_2,PD_5': 1.0, 'PD_2,PD_6': 0.0, 'PD_2,PD_7': 0.0, 'PD_3,PD_4': 1.0, 'PD_3,PD_5': 1.0, 'PD_3,PD_6': 0.0, 'PD_3,PD_7': 0.0, 'PD_4,PD_5': 1.0, 'PD_4,PD_6': 0.0, 'PD_4,PD_7': 0.0, 'PD_5,PD_6': 0.0, 'PD_5,PD_7': 0.0, 'PD_6,PD_7': 0.0}, ASR: 0.8333333333333334, TCB: {'PD_2': ['PD_4', 'PD_3', 'PD_5'], 'PD_3': ['PD_2', 'PD_4', 'PD_5'], 'PD_4': ['PD_2', 'PD_3', 'PD_5'], 'PD_5': ['PD_2', 'PD_3', 'PD_4'], 'PD_6': [], 'PD_7': []}, FR: {'PD_2,PD_3': inf, 'PD_2,PD_4': inf, 'PD_2,PD_5': inf, 'PD_2,PD_6': inf, 'PD_2,PD_7': inf, 'PD_3,PD_4': inf, 'PD_3,PD_5': inf, 'PD_3,PD_6': inf, 'PD_3,PD_7': inf, 'PD_4,PD_5': inf, 'PD_4,PD_6': inf, 'PD_4,PD_7': inf, 'PD_5,PD_6': inf, 'PD_5,PD_7': inf, 'PD_6,PD_7': inf}
  Computing metrics...
    RSI: {'PD_2,PD_3': 1.0, 'PD_2,PD_4': 1.0, 'PD_2,PD_5': 1.0, 'PD_2,PD_6': 0.0, 'PD_2,PD_7': 0.0, 'PD_3,PD_4': 1.0, 'PD_3,PD_5': 1.0, 'PD_3,PD_6': 0.0, 'PD_3,PD_7': 0.0, 'PD_4,PD_5': 1.0, 'PD_4,PD_6': 0.0, 'PD_4,PD_7': 0.0, 'PD_5,PD_6': 0.0, 'PD_5,PD_7': 0.0, 'PD_6,PD_7': 0.0}, ASR: 1.0, TCB: {'PD_2': ['PD_4', 'PD_3', 'PD_5'], 'PD_3': ['PD_6', 'PD_2', 'PD_4', 'PD_5'], 'PD_4': ['PD_2', 'PD_3', 'PD_5'], 'PD_5': ['PD_2', 'PD_3', 'PD_4'], 'PD_6': [], 'PD_7': []}, FR: {'PD_2,PD_3': inf, 'PD_2,PD_4': inf, 'PD_2,PD_5': inf, 'PD_2,PD_6': inf, 'PD_2,PD_7': inf, 'PD_3,PD_4': inf, 'PD_3,PD_5': inf, 'PD_3,PD_6': inf, 'PD_3,PD_7': inf, 'PD_4,PD_5': inf, 'PD_4,PD_6': inf, 'PD_4,PD_7': inf, 'PD_5,PD_6': inf, 'PD_5,PD_7': inf, 'PD_6,PD_7': inf}
  Computing metrics...
    RSI: {'PD_2,PD_3': 1.0, 'PD_2,PD_4': 1.0, 'PD_2,PD_5': 1.0, 'PD_2,PD_6': 0.0, 'PD_2,PD_7': 0.0, 'PD_3,PD_4': 1.0, 'PD_3,PD_5': 1.0, 'PD_3,PD_6': 0.0, 'PD_3,PD_7': 0.0, 'PD_4,PD_5': 1.0, 'PD_4,PD_6': 0.0, 'PD_4,PD_7': 0.0, 'PD_5,PD_6': 0.0, 'PD_5,PD_7': 0.0, 'PD_6,PD_7': 0.0}, ASR: 0.8333333333333334, TCB: {'PD_2': ['PD_4', 'PD_3', 'PD_5'], 'PD_3': ['PD_2', 'PD_4', 'PD_5'], 'PD_4': ['PD_2', 'PD_3', 'PD_5'], 'PD_5': ['PD_2', 'PD_3', 'PD_4'], 'PD_6': [], 'PD_7': []}, FR: {'PD_2,PD_3': inf, 'PD_2,PD_4': inf, 'PD_2,PD_5': inf, 'PD_2,PD_6': inf, 'PD_2,PD_7': inf, 'PD_3,PD_4': inf, 'PD_3,PD_5': inf, 'PD_3,PD_6': inf, 'PD_3,PD_7': inf, 'PD_4,PD_5': inf, 'PD_4,PD_6': inf, 'PD_4,PD_7': inf, 'PD_5,PD_6': inf, 'PD_5,PD_7': inf, 'PD_6,PD_7': inf}
  Computing metrics...
    RSI: {'PD_2,PD_3': 1.0, 'PD_2,PD_4': 1.0, 'PD_2,PD_5': 1.0, 'PD_2,PD_6': 0.0, 'PD_2,PD_7': 0.0, 'PD_3,PD_4': 1.0, 'PD_3,PD_5': 1.0, 'PD_3,PD_6': 0.0, 'PD_3,PD_7': 0.0, 'PD_4,PD_5': 1.0, 'PD_4,PD_6': 0.0, 'PD_4,PD_7': 0.0, 'PD_5,PD_6': 0.0, 'PD_5,PD_7': 0.0, 'PD_6,PD_7': 0.0}, ASR: 1.0, TCB: {'PD_2': ['PD_4', 'PD_3', 'PD_5'], 'PD_3': ['PD_7', 'PD_2', 'PD_4', 'PD_5'], 'PD_4': ['PD_2', 'PD_3', 'PD_5'], 'PD_5': ['PD_2', 'PD_3', 'PD_4'], 'PD_6': [], 'PD_7': []}, FR: {'PD_2,PD_3': inf, 'PD_2,PD_4': inf, 'PD_2,PD_5': inf, 'PD_2,PD_6': inf, 'PD_2,PD_7': inf, 'PD_3,PD_4': inf, 'PD_3,PD_5': inf, 'PD_3,PD_6': inf, 'PD_3,PD_7': inf, 'PD_4,PD_5': inf, 'PD_4,PD_6': inf, 'PD_4,PD_7': inf, 'PD_5,PD_6': inf, 'PD_5,PD_7': inf, 'PD_6,PD_7': inf}
  Computing metrics...
    RSI: {'PD_2,PD_3': 1.0, 'PD_2,PD_4': 1.0, 'PD_2,PD_5': 1.0, 'PD_2,PD_6': 0.0, 'PD_2,PD_7': 0.0, 'PD_3,PD_4': 1.0, 'PD_3,PD_5': 1.0, 'PD_3,PD_6': 0.0, 'PD_3,PD_7': 0.0, 'PD_4,PD_5': 1.0, 'PD_4,PD_6': 0.0, 'PD_4,PD_7': 0.0, 'PD_5,PD_6': 0.0, 'PD_5,PD_7': 0.0, 'PD_6,PD_7': 0.0}, ASR: 0.8333333333333334, TCB: {'PD_2': ['PD_4', 'PD_3', 'PD_5'], 'PD_3': ['PD_2', 'PD_4', 'PD_5'], 'PD_4': ['PD_2', 'PD_3', 'PD_5'], 'PD_5': ['PD_2', 'PD_3', 'PD_4'], 'PD_6': [], 'PD_7': []}, FR: {'PD_2,PD_3': inf, 'PD_2,PD_4': inf, 'PD_2,PD_5': inf, 'PD_2,PD_6': inf, 'PD_2,PD_7': inf, 'PD_3,PD_4': inf, 'PD_3,PD_5': inf, 'PD_3,PD_6': inf, 'PD_3,PD_7': inf, 'PD_4,PD_5': inf, 'PD_4,PD_6': inf, 'PD_4,PD_7': inf, 'PD_5,PD_6': inf, 'PD_5,PD_7': inf, 'PD_6,PD_7': inf}
  Computing metrics...
    RSI: {'PD_2,PD_3': 1.0, 'PD_2,PD_4': 1.0, 'PD_2,PD_5': 1.0, 'PD_2,PD_6': 0.0, 'PD_2,PD_7': 0.0, 'PD_3,PD_4': 1.0, 'PD_3,PD_5': 1.0, 'PD_3,PD_6': 0.0, 'PD_3,PD_7': 0.0, 'PD_4,PD_5': 1.0, 'PD_4,PD_6': 0.0, 'PD_4,PD_7': 0.0, 'PD_5,PD_6': 0.0, 'PD_5,PD_7': 0.0, 'PD_6,PD_7': 0.0}, ASR: 1.0, TCB: {'PD_2': ['PD_4', 'PD_3', 'PD_5'], 'PD_3': ['PD_2', 'PD_4', 'PD_5'], 'PD_4': ['PD_2', 'PD_3', 'PD_5'], 'PD_5': ['PD_2', 'PD_3', 'PD_4'], 'PD_6': [], 'PD_7': []}, FR: {'PD_2,PD_3': inf, 'PD_2,PD_4': inf, 'PD_2,PD_5': inf, 'PD_2,PD_6': inf, 'PD_2,PD_7': inf, 'PD_3,PD_4': inf, 'PD_3,PD_5': inf, 'PD_3,PD_6': inf, 'PD_3,PD_7': inf, 'PD_4,PD_5': inf, 'PD_4,PD_6': inf, 'PD_4,PD_7': inf, 'PD_5,PD_6': inf, 'PD_5,PD_7': inf, 'PD_6,PD_7': inf}
  Computing metrics...
    RSI: {'PD_2,PD_3': 1.0, 'PD_2,PD_4': 1.0, 'PD_2,PD_5': 1.0, 'PD_2,PD_6': 0.0, 'PD_2,PD_7': 0.0, 'PD_3,PD_4': 1.0, 'PD_3,PD_5': 1.0, 'PD_3,PD_6': 0.0, 'PD_3,PD_7': 0.0, 'PD_4,PD_5': 1.0, 'PD_4,PD_6': 0.0, 'PD_4,PD_7': 0.0, 'PD_5,PD_6': 0.0, 'PD_5,PD_7': 0.0, 'PD_6,PD_7': 0.0}, ASR: 0.8333333333333334, TCB: {'PD_2': ['PD_4', 'PD_3', 'PD_5'], 'PD_3': ['PD_2', 'PD_4', 'PD_5'], 'PD_4': ['PD_2', 'PD_3', 'PD_5'], 'PD_5': ['PD_2', 'PD_3', 'PD_4'], 'PD_6': [], 'PD_7': []}, FR: {'PD_2,PD_3': inf, 'PD_2,PD_4': inf, 'PD_2,PD_5': inf, 'PD_2,PD_6': inf, 'PD_2,PD_7': inf, 'PD_3,PD_4': inf, 'PD_3,PD_5': inf, 'PD_3,PD_6': inf, 'PD_3,PD_7': inf, 'PD_4,PD_5': inf, 'PD_4,PD_6': inf, 'PD_4,PD_7': inf, 'PD_5,PD_6': inf, 'PD_5,PD_7': inf, 'PD_6,PD_7': inf}
  Computing metrics...
    RSI: {'PD_2,PD_3': 1.0, 'PD_2,PD_4': 1.0, 'PD_2,PD_5': 1.0, 'PD_2,PD_6': 0.0, 'PD_2,PD_7': 0.0, 'PD_3,PD_4': 1.0, 'PD_3,PD_5': 1.0, 'PD_3,PD_6': 0.0, 'PD_3,PD_7': 0.0, 'PD_4,PD_5': 1.0, 'PD_4,PD_6': 0.0, 'PD_4,PD_7': 0.0, 'PD_5,PD_6': 0.0, 'PD_5,PD_7': 0.0, 'PD_6,PD_7': 0.0}, ASR: 1.0, TCB: {'PD_2': ['PD_4', 'PD_3', 'PD_5'], 'PD_3': ['PD_2', 'PD_4', 'PD_5'], 'PD_4': ['PD_3', 'PD_2', 'PD_5'], 'PD_5': ['PD_2', 'PD_3', 'PD_4'], 'PD_6': [], 'PD_7': []}, FR: {'PD_2,PD_3': inf, 'PD_2,PD_4': 3, 'PD_2,PD_5': inf, 'PD_2,PD_6': inf, 'PD_2,PD_7': inf, 'PD_3,PD_4': inf, 'PD_3,PD_5': inf, 'PD_3,PD_6': inf, 'PD_3,PD_7': inf, 'PD_4,PD_5': inf, 'PD_4,PD_6': inf, 'PD_4,PD_7': inf, 'PD_5,PD_6': inf, 'PD_5,PD_7': inf, 'PD_6,PD_7': inf}
  Computing metrics...
    RSI: {'PD_2,PD_3': 1.0, 'PD_2,PD_4': 1.0, 'PD_2,PD_5': 1.0, 'PD_2,PD_6': 0.0, 'PD_2,PD_7': 0.0, 'PD_3,PD_4': 1.0, 'PD_3,PD_5': 1.0, 'PD_3,PD_6': 0.0, 'PD_3,PD_7': 0.0, 'PD_4,PD_5': 1.0, 'PD_4,PD_6': 0.0, 'PD_4,PD_7': 0.0, 'PD_5,PD_6': 0.0, 'PD_5,PD_7': 0.0, 'PD_6,PD_7': 0.0}, ASR: 0.8333333333333334, TCB: {'PD_2': ['PD_4', 'PD_3', 'PD_5'], 'PD_3': ['PD_2', 'PD_4', 'PD_5'], 'PD_4': ['PD_2', 'PD_3', 'PD_5'], 'PD_5': ['PD_2', 'PD_3', 'PD_4'], 'PD_6': [], 'PD_7': []}, FR: {'PD_2,PD_3': inf, 'PD_2,PD_4': inf, 'PD_2,PD_5': inf, 'PD_2,PD_6': inf, 'PD_2,PD_7': inf, 'PD_3,PD_4': inf, 'PD_3,PD_5': inf, 'PD_3,PD_6': inf, 'PD_3,PD_7': inf, 'PD_4,PD_5': inf, 'PD_4,PD_6': inf, 'PD_4,PD_7': inf, 'PD_5,PD_6': inf, 'PD_5,PD_7': inf, 'PD_6,PD_7': inf}
  Computing metrics...
    RSI: {'PD_2,PD_3': 1.0, 'PD_2,PD_4': 1.0, 'PD_2,PD_5': 1.0, 'PD_2,PD_6': 0.0, 'PD_2,PD_7': 0.0, 'PD_3,PD_4': 1.0, 'PD_3,PD_5': 1.0, 'PD_3,PD_6': 0.0, 'PD_3,PD_7': 0.0, 'PD_4,PD_5': 1.0, 'PD_4,PD_6': 0.0, 'PD_4,PD_7': 0.0, 'PD_5,PD_6': 0.0, 'PD_5,PD_7': 0.0, 'PD_6,PD_7': 0.0}, ASR: 1.0, TCB: {'PD_2': ['PD_4', 'PD_3', 'PD_5'], 'PD_3': ['PD_2', 'PD_4', 'PD_5'], 'PD_4': ['PD_5', 'PD_2', 'PD_3'], 'PD_5': ['PD_2', 'PD_3', 'PD_4'], 'PD_6': [], 'PD_7': []}, FR: {'PD_2,PD_3': inf, 'PD_2,PD_4': 3, 'PD_2,PD_5': inf, 'PD_2,PD_6': inf, 'PD_2,PD_7': inf, 'PD_3,PD_4': inf, 'PD_3,PD_5': inf, 'PD_3,PD_6': inf, 'PD_3,PD_7': inf, 'PD_4,PD_5': inf, 'PD_4,PD_6': inf, 'PD_4,PD_7': inf, 'PD_5,PD_6': inf, 'PD_5,PD_7': inf, 'PD_6,PD_7': inf}
  Computing metrics...
    RSI: {'PD_2,PD_3': 1.0, 'PD_2,PD_4': 1.0, 'PD_2,PD_5': 1.0, 'PD_2,PD_6': 0.0, 'PD_2,PD_7': 0.0, 'PD_3,PD_4': 1.0, 'PD_3,PD_5': 1.0, 'PD_3,PD_6': 0.0, 'PD_3,PD_7': 0.0, 'PD_4,PD_5': 1.0, 'PD_4,PD_6': 0.0, 'PD_4,PD_7': 0.0, 'PD_5,PD_6': 0.0, 'PD_5,PD_7': 0.0, 'PD_6,PD_7': 0.0}, ASR: 0.8333333333333334, TCB: {'PD_2': ['PD_4', 'PD_3', 'PD_5'], 'PD_3': ['PD_2', 'PD_4', 'PD_5'], 'PD_4': ['PD_2', 'PD_3', 'PD_5'], 'PD_5': ['PD_2', 'PD_3', 'PD_4'], 'PD_6': [], 'PD_7': []}, FR: {'PD_2,PD_3': inf, 'PD_2,PD_4': inf, 'PD_2,PD_5': inf, 'PD_2,PD_6': inf, 'PD_2,PD_7': inf, 'PD_3,PD_4': inf, 'PD_3,PD_5': inf, 'PD_3,PD_6': inf, 'PD_3,PD_7': inf, 'PD_4,PD_5': inf, 'PD_4,PD_6': inf, 'PD_4,PD_7': inf, 'PD_5,PD_6': inf, 'PD_5,PD_7': inf, 'PD_6,PD_7': inf}
  Computing metrics...
    RSI: {'PD_2,PD_3': 1.0, 'PD_2,PD_4': 1.0, 'PD_2,PD_5': 1.0, 'PD_2,PD_6': 0.0, 'PD_2,PD_7': 0.0, 'PD_3,PD_4': 1.0, 'PD_3,PD_5': 1.0, 'PD_3,PD_6': 0.0, 'PD_3,PD_7': 0.0, 'PD_4,PD_5': 1.0, 'PD_4,PD_6': 0.0, 'PD_4,PD_7': 0.0, 'PD_5,PD_6': 0.0, 'PD_5,PD_7': 0.0, 'PD_6,PD_7': 0.0}, ASR: 1.0, TCB: {'PD_2': ['PD_4', 'PD_3', 'PD_5'], 'PD_3': ['PD_2', 'PD_4', 'PD_5'], 'PD_4': ['PD_6', 'PD_2', 'PD_3', 'PD_5'], 'PD_5': ['PD_2', 'PD_3', 'PD_4'], 'PD_6': [], 'PD_7': []}, FR: {'PD_2,PD_3': inf, 'PD_2,PD_4': 3, 'PD_2,PD_5': inf, 'PD_2,PD_6': inf, 'PD_2,PD_7': inf, 'PD_3,PD_4': inf, 'PD_3,PD_5': inf, 'PD_3,PD_6': inf, 'PD_3,PD_7': inf, 'PD_4,PD_5': inf, 'PD_4,PD_6': inf, 'PD_4,PD_7': inf, 'PD_5,PD_6': inf, 'PD_5,PD_7': inf, 'PD_6,PD_7': inf}
  Computing metrics...
    RSI: {'PD_2,PD_3': 1.0, 'PD_2,PD_4': 1.0, 'PD_2,PD_5': 1.0, 'PD_2,PD_6': 0.0, 'PD_2,PD_7': 0.0, 'PD_3,PD_4': 1.0, 'PD_3,PD_5': 1.0, 'PD_3,PD_6': 0.0, 'PD_3,PD_7': 0.0, 'PD_4,PD_5': 1.0, 'PD_4,PD_6': 0.0, 'PD_4,PD_7': 0.0, 'PD_5,PD_6': 0.0, 'PD_5,PD_7': 0.0, 'PD_6,PD_7': 0.0}, ASR: 0.8333333333333334, TCB: {'PD_2': ['PD_4', 'PD_3', 'PD_5'], 'PD_3': ['PD_2', 'PD_4', 'PD_5'], 'PD_4': ['PD_2', 'PD_3', 'PD_5'], 'PD_5': ['PD_2', 'PD_3', 'PD_4'], 'PD_6': [], 'PD_7': []}, FR: {'PD_2,PD_3': inf, 'PD_2,PD_4': inf, 'PD_2,PD_5': inf, 'PD_2,PD_6': inf, 'PD_2,PD_7': inf, 'PD_3,PD_4': inf, 'PD_3,PD_5': inf, 'PD_3,PD_6': inf, 'PD_3,PD_7': inf, 'PD_4,PD_5': inf, 'PD_4,PD_6': inf, 'PD_4,PD_7': inf, 'PD_5,PD_6': inf, 'PD_5,PD_7': inf, 'PD_6,PD_7': inf}
  Computing metrics...
    RSI: {'PD_2,PD_3': 1.0, 'PD_2,PD_4': 1.0, 'PD_2,PD_5': 1.0, 'PD_2,PD_6': 0.0, 'PD_2,PD_7': 0.0, 'PD_3,PD_4': 1.0, 'PD_3,PD_5': 1.0, 'PD_3,PD_6': 0.0, 'PD_3,PD_7': 0.0, 'PD_4,PD_5': 1.0, 'PD_4,PD_6': 0.0, 'PD_4,PD_7': 0.0, 'PD_5,PD_6': 0.0, 'PD_5,PD_7': 0.0, 'PD_6,PD_7': 0.0}, ASR: 1.0, TCB: {'PD_2': ['PD_4', 'PD_3', 'PD_5'], 'PD_3': ['PD_2', 'PD_4', 'PD_5'], 'PD_4': ['PD_7', 'PD_2', 'PD_3', 'PD_5'], 'PD_5': ['PD_2', 'PD_3', 'PD_4'], 'PD_6': [], 'PD_7': []}, FR: {'PD_2,PD_3': inf, 'PD_2,PD_4': 3, 'PD_2,PD_5': inf, 'PD_2,PD_6': inf, 'PD_2,PD_7': inf, 'PD_3,PD_4': inf, 'PD_3,PD_5': inf, 'PD_3,PD_6': inf, 'PD_3,PD_7': inf, 'PD_4,PD_5': inf, 'PD_4,PD_6': inf, 'PD_4,PD_7': inf, 'PD_5,PD_6': inf, 'PD_5,PD_7': inf, 'PD_6,PD_7': inf}
  Computing metrics...
    RSI: {'PD_2,PD_3': 1.0, 'PD_2,PD_4': 1.0, 'PD_2,PD_5': 1.0, 'PD_2,PD_6': 0.0, 'PD_2,PD_7': 0.0, 'PD_3,PD_4': 1.0, 'PD_3,PD_5': 1.0, 'PD_3,PD_6': 0.0, 'PD_3,PD_7': 0.0, 'PD_4,PD_5': 1.0, 'PD_4,PD_6': 0.0, 'PD_4,PD_7': 0.0, 'PD_5,PD_6': 0.0, 'PD_5,PD_7': 0.0, 'PD_6,PD_7': 0.0}, ASR: 0.8333333333333334, TCB: {'PD_2': ['PD_4', 'PD_3', 'PD_5'], 'PD_3': ['PD_2', 'PD_4', 'PD_5'], 'PD_4': ['PD_2', 'PD_3', 'PD_5'], 'PD_5': ['PD_2', 'PD_3', 'PD_4'], 'PD_6': [], 'PD_7': []}, FR: {'PD_2,PD_3': inf, 'PD_2,PD_4': inf, 'PD_2,PD_5': inf, 'PD_2,PD_6': inf, 'PD_2,PD_7': inf, 'PD_3,PD_4': inf, 'PD_3,PD_5': inf, 'PD_3,PD_6': inf, 'PD_3,PD_7': inf, 'PD_4,PD_5': inf, 'PD_4,PD_6': inf, 'PD_4,PD_7': inf, 'PD_5,PD_6': inf, 'PD_5,PD_7': inf, 'PD_6,PD_7': inf}
  Computing metrics...
    RSI: {'PD_2,PD_3': 1.0, 'PD_2,PD_4': 1.0, 'PD_2,PD_5': 1.0, 'PD_2,PD_6': 0.0, 'PD_2,PD_7': 0.0, 'PD_3,PD_4': 1.0, 'PD_3,PD_5': 1.0, 'PD_3,PD_6': 0.0, 'PD_3,PD_7': 0.0, 'PD_4,PD_5': 1.0, 'PD_4,PD_6': 0.0, 'PD_4,PD_7': 0.0, 'PD_5,PD_6': 0.0, 'PD_5,PD_7': 0.0, 'PD_6,PD_7': 0.0}, ASR: 1.0, TCB: {'PD_2': ['PD_4', 'PD_3', 'PD_5'], 'PD_3': ['PD_2', 'PD_4', 'PD_5'], 'PD_4': ['PD_2', 'PD_3', 'PD_5'], 'PD_5': ['PD_2', 'PD_3', 'PD_4'], 'PD_6': [], 'PD_7': []}, FR: {'PD_2,PD_3': inf, 'PD_2,PD_4': inf, 'PD_2,PD_5': 3, 'PD_2,PD_6': inf, 'PD_2,PD_7': inf, 'PD_3,PD_4': inf, 'PD_3,PD_5': inf, 'PD_3,PD_6': inf, 'PD_3,PD_7': inf, 'PD_4,PD_5': inf, 'PD_4,PD_6': inf, 'PD_4,PD_7': inf, 'PD_5,PD_6': inf, 'PD_5,PD_7': inf, 'PD_6,PD_7': inf}
  Computing metrics...
    RSI: {'PD_2,PD_3': 1.0, 'PD_2,PD_4': 1.0, 'PD_2,PD_5': 1.0, 'PD_2,PD_6': 0.0, 'PD_2,PD_7': 0.0, 'PD_3,PD_4': 1.0, 'PD_3,PD_5': 1.0, 'PD_3,PD_6': 0.0, 'PD_3,PD_7': 0.0, 'PD_4,PD_5': 1.0, 'PD_4,PD_6': 0.0, 'PD_4,PD_7': 0.0, 'PD_5,PD_6': 0.0, 'PD_5,PD_7': 0.0, 'PD_6,PD_7': 0.0}, ASR: 0.8333333333333334, TCB: {'PD_2': ['PD_4', 'PD_3', 'PD_5'], 'PD_3': ['PD_2', 'PD_4', 'PD_5'], 'PD_4': ['PD_2', 'PD_3', 'PD_5'], 'PD_5': ['PD_2', 'PD_3', 'PD_4'], 'PD_6': [], 'PD_7': []}, FR: {'PD_2,PD_3': inf, 'PD_2,PD_4': inf, 'PD_2,PD_5': inf, 'PD_2,PD_6': inf, 'PD_2,PD_7': inf, 'PD_3,PD_4': inf, 'PD_3,PD_5': inf, 'PD_3,PD_6': inf, 'PD_3,PD_7': inf, 'PD_4,PD_5': inf, 'PD_4,PD_6': inf, 'PD_4,PD_7': inf, 'PD_5,PD_6': inf, 'PD_5,PD_7': inf, 'PD_6,PD_7': inf}
  Computing metrics...
    RSI: {'PD_2,PD_3': 1.0, 'PD_2,PD_4': 1.0, 'PD_2,PD_5': 1.0, 'PD_2,PD_6': 0.0, 'PD_2,PD_7': 0.0, 'PD_3,PD_4': 1.0, 'PD_3,PD_5': 1.0, 'PD_3,PD_6': 0.0, 'PD_3,PD_7': 0.0, 'PD_4,PD_5': 1.0, 'PD_4,PD_6': 0.0, 'PD_4,PD_7': 0.0, 'PD_5,PD_6': 0.0, 'PD_5,PD_7': 0.0, 'PD_6,PD_7': 0.0}, ASR: 1.0, TCB: {'PD_2': ['PD_4', 'PD_3', 'PD_5'], 'PD_3': ['PD_2', 'PD_4', 'PD_5'], 'PD_4': ['PD_2', 'PD_3', 'PD_5'], 'PD_5': ['PD_3', 'PD_2', 'PD_4'], 'PD_6': [], 'PD_7': []}, FR: {'PD_2,PD_3': inf, 'PD_2,PD_4': inf, 'PD_2,PD_5': inf, 'PD_2,PD_6': inf, 'PD_2,PD_7': inf, 'PD_3,PD_4': inf, 'PD_3,PD_5': inf, 'PD_3,PD_6': inf, 'PD_3,PD_7': inf, 'PD_4,PD_5': inf, 'PD_4,PD_6': inf, 'PD_4,PD_7': inf, 'PD_5,PD_6': inf, 'PD_5,PD_7': inf, 'PD_6,PD_7': inf}
  Computing metrics...
    RSI: {'PD_2,PD_3': 1.0, 'PD_2,PD_4': 1.0, 'PD_2,PD_5': 1.0, 'PD_2,PD_6': 0.0, 'PD_2,PD_7': 0.0, 'PD_3,PD_4': 1.0, 'PD_3,PD_5': 1.0, 'PD_3,PD_6': 0.0, 'PD_3,PD_7': 0.0, 'PD_4,PD_5': 1.0, 'PD_4,PD_6': 0.0, 'PD_4,PD_7': 0.0, 'PD_5,PD_6': 0.0, 'PD_5,PD_7': 0.0, 'PD_6,PD_7': 0.0}, ASR: 0.8333333333333334, TCB: {'PD_2': ['PD_4', 'PD_3', 'PD_5'], 'PD_3': ['PD_2', 'PD_4', 'PD_5'], 'PD_4': ['PD_2', 'PD_3', 'PD_5'], 'PD_5': ['PD_2', 'PD_3', 'PD_4'], 'PD_6': [], 'PD_7': []}, FR: {'PD_2,PD_3': inf, 'PD_2,PD_4': inf, 'PD_2,PD_5': inf, 'PD_2,PD_6': inf, 'PD_2,PD_7': inf, 'PD_3,PD_4': inf, 'PD_3,PD_5': inf, 'PD_3,PD_6': inf, 'PD_3,PD_7': inf, 'PD_4,PD_5': inf, 'PD_4,PD_6': inf, 'PD_4,PD_7': inf, 'PD_5,PD_6': inf, 'PD_5,PD_7': inf, 'PD_6,PD_7': inf}
  Computing metrics...
    RSI: {'PD_2,PD_3': 1.0, 'PD_2,PD_4': 1.0, 'PD_2,PD_5': 1.0, 'PD_2,PD_6': 0.0, 'PD_2,PD_7': 0.0, 'PD_3,PD_4': 1.0, 'PD_3,PD_5': 1.0, 'PD_3,PD_6': 0.0, 'PD_3,PD_7': 0.0, 'PD_4,PD_5': 1.0, 'PD_4,PD_6': 0.0, 'PD_4,PD_7': 0.0, 'PD_5,PD_6': 0.0, 'PD_5,PD_7': 0.0, 'PD_6,PD_7': 0.0}, ASR: 1.0, TCB: {'PD_2': ['PD_4', 'PD_3', 'PD_5'], 'PD_3': ['PD_2', 'PD_4', 'PD_5'], 'PD_4': ['PD_2', 'PD_3', 'PD_5'], 'PD_5': ['PD_4', 'PD_2', 'PD_3'], 'PD_6': [], 'PD_7': []}, FR: {'PD_2,PD_3': inf, 'PD_2,PD_4': inf, 'PD_2,PD_5': 2, 'PD_2,PD_6': inf, 'PD_2,PD_7': inf, 'PD_3,PD_4': inf, 'PD_3,PD_5': inf, 'PD_3,PD_6': inf, 'PD_3,PD_7': inf, 'PD_4,PD_5': inf, 'PD_4,PD_6': inf, 'PD_4,PD_7': inf, 'PD_5,PD_6': inf, 'PD_5,PD_7': inf, 'PD_6,PD_7': inf}
  Computing metrics...
    RSI: {'PD_2,PD_3': 1.0, 'PD_2,PD_4': 1.0, 'PD_2,PD_5': 1.0, 'PD_2,PD_6': 0.0, 'PD_2,PD_7': 0.0, 'PD_3,PD_4': 1.0, 'PD_3,PD_5': 1.0, 'PD_3,PD_6': 0.0, 'PD_3,PD_7': 0.0, 'PD_4,PD_5': 1.0, 'PD_4,PD_6': 0.0, 'PD_4,PD_7': 0.0, 'PD_5,PD_6': 0.0, 'PD_5,PD_7': 0.0, 'PD_6,PD_7': 0.0}, ASR: 0.8333333333333334, TCB: {'PD_2': ['PD_4', 'PD_3', 'PD_5'], 'PD_3': ['PD_2', 'PD_4', 'PD_5'], 'PD_4': ['PD_2', 'PD_3', 'PD_5'], 'PD_5': ['PD_2', 'PD_3', 'PD_4'], 'PD_6': [], 'PD_7': []}, FR: {'PD_2,PD_3': inf, 'PD_2,PD_4': inf, 'PD_2,PD_5': inf, 'PD_2,PD_6': inf, 'PD_2,PD_7': inf, 'PD_3,PD_4': inf, 'PD_3,PD_5': inf, 'PD_3,PD_6': inf, 'PD_3,PD_7': inf, 'PD_4,PD_5': inf, 'PD_4,PD_6': inf, 'PD_4,PD_7': inf, 'PD_5,PD_6': inf, 'PD_5,PD_7': inf, 'PD_6,PD_7': inf}
  Computing metrics...
    RSI: {'PD_2,PD_3': 1.0, 'PD_2,PD_4': 1.0, 'PD_2,PD_5': 1.0, 'PD_2,PD_6': 0.0, 'PD_2,PD_7': 0.0, 'PD_3,PD_4': 1.0, 'PD_3,PD_5': 1.0, 'PD_3,PD_6': 0.0, 'PD_3,PD_7': 0.0, 'PD_4,PD_5': 1.0, 'PD_4,PD_6': 0.0, 'PD_4,PD_7': 0.0, 'PD_5,PD_6': 0.0, 'PD_5,PD_7': 0.0, 'PD_6,PD_7': 0.0}, ASR: 1.0, TCB: {'PD_2': ['PD_4', 'PD_3', 'PD_5'], 'PD_3': ['PD_2', 'PD_4', 'PD_5'], 'PD_4': ['PD_2', 'PD_3', 'PD_5'], 'PD_5': ['PD_6', 'PD_2', 'PD_3', 'PD_4'], 'PD_6': [], 'PD_7': []}, FR: {'PD_2,PD_3': inf, 'PD_2,PD_4': inf, 'PD_2,PD_5': inf, 'PD_2,PD_6': inf, 'PD_2,PD_7': inf, 'PD_3,PD_4': inf, 'PD_3,PD_5': inf, 'PD_3,PD_6': inf, 'PD_3,PD_7': inf, 'PD_4,PD_5': inf, 'PD_4,PD_6': inf, 'PD_4,PD_7': inf, 'PD_5,PD_6': inf, 'PD_5,PD_7': inf, 'PD_6,PD_7': inf}
  Computing metrics...
    RSI: {'PD_2,PD_3': 1.0, 'PD_2,PD_4': 1.0, 'PD_2,PD_5': 1.0, 'PD_2,PD_6': 0.0, 'PD_2,PD_7': 0.0, 'PD_3,PD_4': 1.0, 'PD_3,PD_5': 1.0, 'PD_3,PD_6': 0.0, 'PD_3,PD_7': 0.0, 'PD_4,PD_5': 1.0, 'PD_4,PD_6': 0.0, 'PD_4,PD_7': 0.0, 'PD_5,PD_6': 0.0, 'PD_5,PD_7': 0.0, 'PD_6,PD_7': 0.0}, ASR: 0.8333333333333334, TCB: {'PD_2': ['PD_4', 'PD_3', 'PD_5'], 'PD_3': ['PD_2', 'PD_4', 'PD_5'], 'PD_4': ['PD_2', 'PD_3', 'PD_5'], 'PD_5': ['PD_2', 'PD_3', 'PD_4'], 'PD_6': [], 'PD_7': []}, FR: {'PD_2,PD_3': inf, 'PD_2,PD_4': inf, 'PD_2,PD_5': inf, 'PD_2,PD_6': inf, 'PD_2,PD_7': inf, 'PD_3,PD_4': inf, 'PD_3,PD_5': inf, 'PD_3,PD_6': inf, 'PD_3,PD_7': inf, 'PD_4,PD_5': inf, 'PD_4,PD_6': inf, 'PD_4,PD_7': inf, 'PD_5,PD_6': inf, 'PD_5,PD_7': inf, 'PD_6,PD_7': inf}
  Computing metrics...
    RSI: {'PD_2,PD_3': 1.0, 'PD_2,PD_4': 1.0, 'PD_2,PD_5': 1.0, 'PD_2,PD_6': 0.0, 'PD_2,PD_7': 0.0, 'PD_3,PD_4': 1.0, 'PD_3,PD_5': 1.0, 'PD_3,PD_6': 0.0, 'PD_3,PD_7': 0.0, 'PD_4,PD_5': 1.0, 'PD_4,PD_6': 0.0, 'PD_4,PD_7': 0.0, 'PD_5,PD_6': 0.0, 'PD_5,PD_7': 0.0, 'PD_6,PD_7': 0.0}, ASR: 1.0, TCB: {'PD_2': ['PD_4', 'PD_3', 'PD_5'], 'PD_3': ['PD_2', 'PD_4', 'PD_5'], 'PD_4': ['PD_2', 'PD_3', 'PD_5'], 'PD_5': ['PD_7', 'PD_2', 'PD_3', 'PD_4'], 'PD_6': [], 'PD_7': []}, FR: {'PD_2,PD_3': inf, 'PD_2,PD_4': inf, 'PD_2,PD_5': inf, 'PD_2,PD_6': inf, 'PD_2,PD_7': inf, 'PD_3,PD_4': inf, 'PD_3,PD_5': inf, 'PD_3,PD_6': inf, 'PD_3,PD_7': inf, 'PD_4,PD_5': inf, 'PD_4,PD_6': inf, 'PD_4,PD_7': inf, 'PD_5,PD_6': inf, 'PD_5,PD_7': inf, 'PD_6,PD_7': inf}
  Computing metrics...
    RSI: {'PD_2,PD_3': 1.0, 'PD_2,PD_4': 1.0, 'PD_2,PD_5': 1.0, 'PD_2,PD_6': 0.0, 'PD_2,PD_7': 0.0, 'PD_3,PD_4': 1.0, 'PD_3,PD_5': 1.0, 'PD_3,PD_6': 0.0, 'PD_3,PD_7': 0.0, 'PD_4,PD_5': 1.0, 'PD_4,PD_6': 0.0, 'PD_4,PD_7': 0.0, 'PD_5,PD_6': 0.0, 'PD_5,PD_7': 0.0, 'PD_6,PD_7': 0.0}, ASR: 0.8333333333333334, TCB: {'PD_2': ['PD_4', 'PD_3', 'PD_5'], 'PD_3': ['PD_2', 'PD_4', 'PD_5'], 'PD_4': ['PD_2', 'PD_3', 'PD_5'], 'PD_5': ['PD_2', 'PD_3', 'PD_4'], 'PD_6': [], 'PD_7': []}, FR: {'PD_2,PD_3': inf, 'PD_2,PD_4': inf, 'PD_2,PD_5': inf, 'PD_2,PD_6': inf, 'PD_2,PD_7': inf, 'PD_3,PD_4': inf, 'PD_3,PD_5': inf, 'PD_3,PD_6': inf, 'PD_3,PD_7': inf, 'PD_4,PD_5': inf, 'PD_4,PD_6': inf, 'PD_4,PD_7': inf, 'PD_5,PD_6': inf, 'PD_5,PD_7': inf, 'PD_6,PD_7': inf}
  Computing metrics...
    RSI: {'PD_2,PD_3': 1.0, 'PD_2,PD_4': 1.0, 'PD_2,PD_5': 1.0, 'PD_2,PD_6': 0.0, 'PD_2,PD_7': 0.0, 'PD_3,PD_4': 1.0, 'PD_3,PD_5': 1.0, 'PD_3,PD_6': 0.0, 'PD_3,PD_7': 0.0, 'PD_4,PD_5': 1.0, 'PD_4,PD_6': 0.0, 'PD_4,PD_7': 0.0, 'PD_5,PD_6': 0.0, 'PD_5,PD_7': 0.0, 'PD_6,PD_7': 0.0}, ASR: 1.0, TCB: {'PD_2': ['PD_4', 'PD_3', 'PD_5'], 'PD_3': ['PD_2', 'PD_4', 'PD_5'], 'PD_4': ['PD_2', 'PD_3', 'PD_5'], 'PD_5': ['PD_2', 'PD_3', 'PD_4'], 'PD_6': ['PD_2'], 'PD_7': []}, FR: {'PD_2,PD_3': inf, 'PD_2,PD_4': inf, 'PD_2,PD_5': inf, 'PD_2,PD_6': 3, 'PD_2,PD_7': inf, 'PD_3,PD_4': inf, 'PD_3,PD_5': inf, 'PD_3,PD_6': inf, 'PD_3,PD_7': inf, 'PD_4,PD_5': inf, 'PD_4,PD_6': inf, 'PD_4,PD_7': inf, 'PD_5,PD_6': inf, 'PD_5,PD_7': inf, 'PD_6,PD_7': inf}
  Computing metrics...
    RSI: {'PD_2,PD_3': 1.0, 'PD_2,PD_4': 1.0, 'PD_2,PD_5': 1.0, 'PD_2,PD_6': 0.0, 'PD_2,PD_7': 0.0, 'PD_3,PD_4': 1.0, 'PD_3,PD_5': 1.0, 'PD_3,PD_6': 0.0, 'PD_3,PD_7': 0.0, 'PD_4,PD_5': 1.0, 'PD_4,PD_6': 0.0, 'PD_4,PD_7': 0.0, 'PD_5,PD_6': 0.0, 'PD_5,PD_7': 0.0, 'PD_6,PD_7': 0.0}, ASR: 0.8333333333333334, TCB: {'PD_2': ['PD_4', 'PD_3', 'PD_5'], 'PD_3': ['PD_2', 'PD_4', 'PD_5'], 'PD_4': ['PD_2', 'PD_3', 'PD_5'], 'PD_5': ['PD_2', 'PD_3', 'PD_4'], 'PD_6': [], 'PD_7': []}, FR: {'PD_2,PD_3': inf, 'PD_2,PD_4': inf, 'PD_2,PD_5': inf, 'PD_2,PD_6': inf, 'PD_2,PD_7': inf, 'PD_3,PD_4': inf, 'PD_3,PD_5': inf, 'PD_3,PD_6': inf, 'PD_3,PD_7': inf, 'PD_4,PD_5': inf, 'PD_4,PD_6': inf, 'PD_4,PD_7': inf, 'PD_5,PD_6': inf, 'PD_5,PD_7': inf, 'PD_6,PD_7': inf}
  Computing metrics...
    RSI: {'PD_2,PD_3': 1.0, 'PD_2,PD_4': 1.0, 'PD_2,PD_5': 1.0, 'PD_2,PD_6': 0.0, 'PD_2,PD_7': 0.0, 'PD_3,PD_4': 1.0, 'PD_3,PD_5': 1.0, 'PD_3,PD_6': 0.0, 'PD_3,PD_7': 0.0, 'PD_4,PD_5': 1.0, 'PD_4,PD_6': 0.0, 'PD_4,PD_7': 0.0, 'PD_5,PD_6': 0.0, 'PD_5,PD_7': 0.0, 'PD_6,PD_7': 0.0}, ASR: 1.0, TCB: {'PD_2': ['PD_4', 'PD_3', 'PD_5'], 'PD_3': ['PD_2', 'PD_4', 'PD_5'], 'PD_4': ['PD_2', 'PD_3', 'PD_5'], 'PD_5': ['PD_2', 'PD_3', 'PD_4'], 'PD_6': ['PD_3'], 'PD_7': []}, FR: {'PD_2,PD_3': inf, 'PD_2,PD_4': inf, 'PD_2,PD_5': inf, 'PD_2,PD_6': inf, 'PD_2,PD_7': inf, 'PD_3,PD_4': inf, 'PD_3,PD_5': inf, 'PD_3,PD_6': inf, 'PD_3,PD_7': inf, 'PD_4,PD_5': inf, 'PD_4,PD_6': inf, 'PD_4,PD_7': inf, 'PD_5,PD_6': inf, 'PD_5,PD_7': inf, 'PD_6,PD_7': inf}
  Computing metrics...
    RSI: {'PD_2,PD_3': 1.0, 'PD_2,PD_4': 1.0, 'PD_2,PD_5': 1.0, 'PD_2,PD_6': 0.0, 'PD_2,PD_7': 0.0, 'PD_3,PD_4': 1.0, 'PD_3,PD_5': 1.0, 'PD_3,PD_6': 0.0, 'PD_3,PD_7': 0.0, 'PD_4,PD_5': 1.0, 'PD_4,PD_6': 0.0, 'PD_4,PD_7': 0.0, 'PD_5,PD_6': 0.0, 'PD_5,PD_7': 0.0, 'PD_6,PD_7': 0.0}, ASR: 0.8333333333333334, TCB: {'PD_2': ['PD_4', 'PD_3', 'PD_5'], 'PD_3': ['PD_2', 'PD_4', 'PD_5'], 'PD_4': ['PD_2', 'PD_3', 'PD_5'], 'PD_5': ['PD_2', 'PD_3', 'PD_4'], 'PD_6': [], 'PD_7': []}, FR: {'PD_2,PD_3': inf, 'PD_2,PD_4': inf, 'PD_2,PD_5': inf, 'PD_2,PD_6': inf, 'PD_2,PD_7': inf, 'PD_3,PD_4': inf, 'PD_3,PD_5': inf, 'PD_3,PD_6': inf, 'PD_3,PD_7': inf, 'PD_4,PD_5': inf, 'PD_4,PD_6': inf, 'PD_4,PD_7': inf, 'PD_5,PD_6': inf, 'PD_5,PD_7': inf, 'PD_6,PD_7': inf}
  Computing metrics...
    RSI: {'PD_2,PD_3': 1.0, 'PD_2,PD_4': 1.0, 'PD_2,PD_5': 1.0, 'PD_2,PD_6': 0.0, 'PD_2,PD_7': 0.0, 'PD_3,PD_4': 1.0, 'PD_3,PD_5': 1.0, 'PD_3,PD_6': 0.0, 'PD_3,PD_7': 0.0, 'PD_4,PD_5': 1.0, 'PD_4,PD_6': 0.0, 'PD_4,PD_7': 0.0, 'PD_5,PD_6': 0.0, 'PD_5,PD_7': 0.0, 'PD_6,PD_7': 0.0}, ASR: 1.0, TCB: {'PD_2': ['PD_4', 'PD_3', 'PD_5'], 'PD_3': ['PD_2', 'PD_4', 'PD_5'], 'PD_4': ['PD_2', 'PD_3', 'PD_5'], 'PD_5': ['PD_2', 'PD_3', 'PD_4'], 'PD_6': ['PD_4'], 'PD_7': []}, FR: {'PD_2,PD_3': inf, 'PD_2,PD_4': inf, 'PD_2,PD_5': inf, 'PD_2,PD_6': 2, 'PD_2,PD_7': inf, 'PD_3,PD_4': inf, 'PD_3,PD_5': inf, 'PD_3,PD_6': inf, 'PD_3,PD_7': inf, 'PD_4,PD_5': inf, 'PD_4,PD_6': inf, 'PD_4,PD_7': inf, 'PD_5,PD_6': inf, 'PD_5,PD_7': inf, 'PD_6,PD_7': inf}
  Computing metrics...
    RSI: {'PD_2,PD_3': 1.0, 'PD_2,PD_4': 1.0, 'PD_2,PD_5': 1.0, 'PD_2,PD_6': 0.0, 'PD_2,PD_7': 0.0, 'PD_3,PD_4': 1.0, 'PD_3,PD_5': 1.0, 'PD_3,PD_6': 0.0, 'PD_3,PD_7': 0.0, 'PD_4,PD_5': 1.0, 'PD_4,PD_6': 0.0, 'PD_4,PD_7': 0.0, 'PD_5,PD_6': 0.0, 'PD_5,PD_7': 0.0, 'PD_6,PD_7': 0.0}, ASR: 0.8333333333333334, TCB: {'PD_2': ['PD_4', 'PD_3', 'PD_5'], 'PD_3': ['PD_2', 'PD_4', 'PD_5'], 'PD_4': ['PD_2', 'PD_3', 'PD_5'], 'PD_5': ['PD_2', 'PD_3', 'PD_4'], 'PD_6': [], 'PD_7': []}, FR: {'PD_2,PD_3': inf, 'PD_2,PD_4': inf, 'PD_2,PD_5': inf, 'PD_2,PD_6': inf, 'PD_2,PD_7': inf, 'PD_3,PD_4': inf, 'PD_3,PD_5': inf, 'PD_3,PD_6': inf, 'PD_3,PD_7': inf, 'PD_4,PD_5': inf, 'PD_4,PD_6': inf, 'PD_4,PD_7': inf, 'PD_5,PD_6': inf, 'PD_5,PD_7': inf, 'PD_6,PD_7': inf}
  Computing metrics...
    RSI: {'PD_2,PD_3': 1.0, 'PD_2,PD_4': 1.0, 'PD_2,PD_5': 1.0, 'PD_2,PD_6': 0.0, 'PD_2,PD_7': 0.0, 'PD_3,PD_4': 1.0, 'PD_3,PD_5': 1.0, 'PD_3,PD_6': 0.0, 'PD_3,PD_7': 0.0, 'PD_4,PD_5': 1.0, 'PD_4,PD_6': 0.0, 'PD_4,PD_7': 0.0, 'PD_5,PD_6': 0.0, 'PD_5,PD_7': 0.0, 'PD_6,PD_7': 0.0}, ASR: 1.0, TCB: {'PD_2': ['PD_4', 'PD_3', 'PD_5'], 'PD_3': ['PD_2', 'PD_4', 'PD_5'], 'PD_4': ['PD_2', 'PD_3', 'PD_5'], 'PD_5': ['PD_2', 'PD_3', 'PD_4'], 'PD_6': ['PD_5'], 'PD_7': []}, FR: {'PD_2,PD_3': inf, 'PD_2,PD_4': inf, 'PD_2,PD_5': inf, 'PD_2,PD_6': inf, 'PD_2,PD_7': inf, 'PD_3,PD_4': inf, 'PD_3,PD_5': inf, 'PD_3,PD_6': inf, 'PD_3,PD_7': inf, 'PD_4,PD_5': inf, 'PD_4,PD_6': inf, 'PD_4,PD_7': inf, 'PD_5,PD_6': inf, 'PD_5,PD_7': inf, 'PD_6,PD_7': inf}
  Computing metrics...
    RSI: {'PD_2,PD_3': 1.0, 'PD_2,PD_4': 1.0, 'PD_2,PD_5': 1.0, 'PD_2,PD_6': 0.0, 'PD_2,PD_7': 0.0, 'PD_3,PD_4': 1.0, 'PD_3,PD_5': 1.0, 'PD_3,PD_6': 0.0, 'PD_3,PD_7': 0.0, 'PD_4,PD_5': 1.0, 'PD_4,PD_6': 0.0, 'PD_4,PD_7': 0.0, 'PD_5,PD_6': 0.0, 'PD_5,PD_7': 0.0, 'PD_6,PD_7': 0.0}, ASR: 0.8333333333333334, TCB: {'PD_2': ['PD_4', 'PD_3', 'PD_5'], 'PD_3': ['PD_2', 'PD_4', 'PD_5'], 'PD_4': ['PD_2', 'PD_3', 'PD_5'], 'PD_5': ['PD_2', 'PD_3', 'PD_4'], 'PD_6': [], 'PD_7': []}, FR: {'PD_2,PD_3': inf, 'PD_2,PD_4': inf, 'PD_2,PD_5': inf, 'PD_2,PD_6': inf, 'PD_2,PD_7': inf, 'PD_3,PD_4': inf, 'PD_3,PD_5': inf, 'PD_3,PD_6': inf, 'PD_3,PD_7': inf, 'PD_4,PD_5': inf, 'PD_4,PD_6': inf, 'PD_4,PD_7': inf, 'PD_5,PD_6': inf, 'PD_5,PD_7': inf, 'PD_6,PD_7': inf}
  Computing metrics...
    RSI: {'PD_2,PD_3': 1.0, 'PD_2,PD_4': 1.0, 'PD_2,PD_5': 1.0, 'PD_2,PD_6': 0.0, 'PD_2,PD_7': 0.0, 'PD_3,PD_4': 1.0, 'PD_3,PD_5': 1.0, 'PD_3,PD_6': 0.0, 'PD_3,PD_7': 0.0, 'PD_4,PD_5': 1.0, 'PD_4,PD_6': 0.0, 'PD_4,PD_7': 0.0, 'PD_5,PD_6': 0.0, 'PD_5,PD_7': 0.0, 'PD_6,PD_7': 0.0}, ASR: 1.0, TCB: {'PD_2': ['PD_4', 'PD_3', 'PD_5'], 'PD_3': ['PD_2', 'PD_4', 'PD_5'], 'PD_4': ['PD_2', 'PD_3', 'PD_5'], 'PD_5': ['PD_2', 'PD_3', 'PD_4'], 'PD_6': ['PD_7'], 'PD_7': []}, FR: {'PD_2,PD_3': inf, 'PD_2,PD_4': inf, 'PD_2,PD_5': inf, 'PD_2,PD_6': inf, 'PD_2,PD_7': inf, 'PD_3,PD_4': inf, 'PD_3,PD_5': inf, 'PD_3,PD_6': inf, 'PD_3,PD_7': inf, 'PD_4,PD_5': inf, 'PD_4,PD_6': inf, 'PD_4,PD_7': inf, 'PD_5,PD_6': inf, 'PD_5,PD_7': inf, 'PD_6,PD_7': inf}
  Computing metrics...
    RSI: {'PD_2,PD_3': 1.0, 'PD_2,PD_4': 1.0, 'PD_2,PD_5': 1.0, 'PD_2,PD_6': 0.0, 'PD_2,PD_7': 0.0, 'PD_3,PD_4': 1.0, 'PD_3,PD_5': 1.0, 'PD_3,PD_6': 0.0, 'PD_3,PD_7': 0.0, 'PD_4,PD_5': 1.0, 'PD_4,PD_6': 0.0, 'PD_4,PD_7': 0.0, 'PD_5,PD_6': 0.0, 'PD_5,PD_7': 0.0, 'PD_6,PD_7': 0.0}, ASR: 0.8333333333333334, TCB: {'PD_2': ['PD_4', 'PD_3', 'PD_5'], 'PD_3': ['PD_2', 'PD_4', 'PD_5'], 'PD_4': ['PD_2', 'PD_3', 'PD_5'], 'PD_5': ['PD_2', 'PD_3', 'PD_4'], 'PD_6': [], 'PD_7': []}, FR: {'PD_2,PD_3': inf, 'PD_2,PD_4': inf, 'PD_2,PD_5': inf, 'PD_2,PD_6': inf, 'PD_2,PD_7': inf, 'PD_3,PD_4': inf, 'PD_3,PD_5': inf, 'PD_3,PD_6': inf, 'PD_3,PD_7': inf, 'PD_4,PD_5': inf, 'PD_4,PD_6': inf, 'PD_4,PD_7': inf, 'PD_5,PD_6': inf, 'PD_5,PD_7': inf, 'PD_6,PD_7': inf}
  Computing metrics...
    RSI: {'PD_2,PD_3': 1.0, 'PD_2,PD_4': 1.0, 'PD_2,PD_5': 1.0, 'PD_2,PD_6': 0.0, 'PD_2,PD_7': 0.0, 'PD_3,PD_4': 1.0, 'PD_3,PD_5': 1.0, 'PD_3,PD_6': 0.0, 'PD_3,PD_7': 0.0, 'PD_4,PD_5': 1.0, 'PD_4,PD_6': 0.0, 'PD_4,PD_7': 0.0, 'PD_5,PD_6': 0.0, 'PD_5,PD_7': 0.0, 'PD_6,PD_7': 0.0}, ASR: 1.0, TCB: {'PD_2': ['PD_4', 'PD_3', 'PD_5'], 'PD_3': ['PD_2', 'PD_4', 'PD_5'], 'PD_4': ['PD_2', 'PD_3', 'PD_5'], 'PD_5': ['PD_2', 'PD_3', 'PD_4'], 'PD_6': [], 'PD_7': ['PD_2']}, FR: {'PD_2,PD_3': inf, 'PD_2,PD_4': inf, 'PD_2,PD_5': inf, 'PD_2,PD_6': inf, 'PD_2,PD_7': 3, 'PD_3,PD_4': inf, 'PD_3,PD_5': inf, 'PD_3,PD_6': inf, 'PD_3,PD_7': inf, 'PD_4,PD_5': inf, 'PD_4,PD_6': inf, 'PD_4,PD_7': inf, 'PD_5,PD_6': inf, 'PD_5,PD_7': inf, 'PD_6,PD_7': inf}
  Computing metrics...
    RSI: {'PD_2,PD_3': 1.0, 'PD_2,PD_4': 1.0, 'PD_2,PD_5': 1.0, 'PD_2,PD_6': 0.0, 'PD_2,PD_7': 0.0, 'PD_3,PD_4': 1.0, 'PD_3,PD_5': 1.0, 'PD_3,PD_6': 0.0, 'PD_3,PD_7': 0.0, 'PD_4,PD_5': 1.0, 'PD_4,PD_6': 0.0, 'PD_4,PD_7': 0.0, 'PD_5,PD_6': 0.0, 'PD_5,PD_7': 0.0, 'PD_6,PD_7': 0.0}, ASR: 0.8333333333333334, TCB: {'PD_2': ['PD_4', 'PD_3', 'PD_5'], 'PD_3': ['PD_2', 'PD_4', 'PD_5'], 'PD_4': ['PD_2', 'PD_3', 'PD_5'], 'PD_5': ['PD_2', 'PD_3', 'PD_4'], 'PD_6': [], 'PD_7': []}, FR: {'PD_2,PD_3': inf, 'PD_2,PD_4': inf, 'PD_2,PD_5': inf, 'PD_2,PD_6': inf, 'PD_2,PD_7': inf, 'PD_3,PD_4': inf, 'PD_3,PD_5': inf, 'PD_3,PD_6': inf, 'PD_3,PD_7': inf, 'PD_4,PD_5': inf, 'PD_4,PD_6': inf, 'PD_4,PD_7': inf, 'PD_5,PD_6': inf, 'PD_5,PD_7': inf, 'PD_6,PD_7': inf}
  Computing metrics...
    RSI: {'PD_2,PD_3': 1.0, 'PD_2,PD_4': 1.0, 'PD_2,PD_5': 1.0, 'PD_2,PD_6': 0.0, 'PD_2,PD_7': 0.0, 'PD_3,PD_4': 1.0, 'PD_3,PD_5': 1.0, 'PD_3,PD_6': 0.0, 'PD_3,PD_7': 0.0, 'PD_4,PD_5': 1.0, 'PD_4,PD_6': 0.0, 'PD_4,PD_7': 0.0, 'PD_5,PD_6': 0.0, 'PD_5,PD_7': 0.0, 'PD_6,PD_7': 0.0}, ASR: 1.0, TCB: {'PD_2': ['PD_4', 'PD_3', 'PD_5'], 'PD_3': ['PD_2', 'PD_4', 'PD_5'], 'PD_4': ['PD_2', 'PD_3', 'PD_5'], 'PD_5': ['PD_2', 'PD_3', 'PD_4'], 'PD_6': [], 'PD_7': ['PD_3']}, FR: {'PD_2,PD_3': inf, 'PD_2,PD_4': inf, 'PD_2,PD_5': inf, 'PD_2,PD_6': inf, 'PD_2,PD_7': inf, 'PD_3,PD_4': inf, 'PD_3,PD_5': inf, 'PD_3,PD_6': inf, 'PD_3,PD_7': inf, 'PD_4,PD_5': inf, 'PD_4,PD_6': inf, 'PD_4,PD_7': inf, 'PD_5,PD_6': inf, 'PD_5,PD_7': inf, 'PD_6,PD_7': inf}
  Computing metrics...
    RSI: {'PD_2,PD_3': 1.0, 'PD_2,PD_4': 1.0, 'PD_2,PD_5': 1.0, 'PD_2,PD_6': 0.0, 'PD_2,PD_7': 0.0, 'PD_3,PD_4': 1.0, 'PD_3,PD_5': 1.0, 'PD_3,PD_6': 0.0, 'PD_3,PD_7': 0.0, 'PD_4,PD_5': 1.0, 'PD_4,PD_6': 0.0, 'PD_4,PD_7': 0.0, 'PD_5,PD_6': 0.0, 'PD_5,PD_7': 0.0, 'PD_6,PD_7': 0.0}, ASR: 0.8333333333333334, TCB: {'PD_2': ['PD_4', 'PD_3', 'PD_5'], 'PD_3': ['PD_2', 'PD_4', 'PD_5'], 'PD_4': ['PD_2', 'PD_3', 'PD_5'], 'PD_5': ['PD_2', 'PD_3', 'PD_4'], 'PD_6': [], 'PD_7': []}, FR: {'PD_2,PD_3': inf, 'PD_2,PD_4': inf, 'PD_2,PD_5': inf, 'PD_2,PD_6': inf, 'PD_2,PD_7': inf, 'PD_3,PD_4': inf, 'PD_3,PD_5': inf, 'PD_3,PD_6': inf, 'PD_3,PD_7': inf, 'PD_4,PD_5': inf, 'PD_4,PD_6': inf, 'PD_4,PD_7': inf, 'PD_5,PD_6': inf, 'PD_5,PD_7': inf, 'PD_6,PD_7': inf}
  Computing metrics...
    RSI: {'PD_2,PD_3': 1.0, 'PD_2,PD_4': 1.0, 'PD_2,PD_5': 1.0, 'PD_2,PD_6': 0.0, 'PD_2,PD_7': 0.0, 'PD_3,PD_4': 1.0, 'PD_3,PD_5': 1.0, 'PD_3,PD_6': 0.0, 'PD_3,PD_7': 0.0, 'PD_4,PD_5': 1.0, 'PD_4,PD_6': 0.0, 'PD_4,PD_7': 0.0, 'PD_5,PD_6': 0.0, 'PD_5,PD_7': 0.0, 'PD_6,PD_7': 0.0}, ASR: 1.0, TCB: {'PD_2': ['PD_4', 'PD_3', 'PD_5'], 'PD_3': ['PD_2', 'PD_4', 'PD_5'], 'PD_4': ['PD_2', 'PD_3', 'PD_5'], 'PD_5': ['PD_2', 'PD_3', 'PD_4'], 'PD_6': [], 'PD_7': ['PD_4']}, FR: {'PD_2,PD_3': inf, 'PD_2,PD_4': inf, 'PD_2,PD_5': inf, 'PD_2,PD_6': inf, 'PD_2,PD_7': 2, 'PD_3,PD_4': inf, 'PD_3,PD_5': inf, 'PD_3,PD_6': inf, 'PD_3,PD_7': inf, 'PD_4,PD_5': inf, 'PD_4,PD_6': inf, 'PD_4,PD_7': inf, 'PD_5,PD_6': inf, 'PD_5,PD_7': inf, 'PD_6,PD_7': inf}
  Computing metrics...
    RSI: {'PD_2,PD_3': 1.0, 'PD_2,PD_4': 1.0, 'PD_2,PD_5': 1.0, 'PD_2,PD_6': 0.0, 'PD_2,PD_7': 0.0, 'PD_3,PD_4': 1.0, 'PD_3,PD_5': 1.0, 'PD_3,PD_6': 0.0, 'PD_3,PD_7': 0.0, 'PD_4,PD_5': 1.0, 'PD_4,PD_6': 0.0, 'PD_4,PD_7': 0.0, 'PD_5,PD_6': 0.0, 'PD_5,PD_7': 0.0, 'PD_6,PD_7': 0.0}, ASR: 0.8333333333333334, TCB: {'PD_2': ['PD_4', 'PD_3', 'PD_5'], 'PD_3': ['PD_2', 'PD_4', 'PD_5'], 'PD_4': ['PD_2', 'PD_3', 'PD_5'], 'PD_5': ['PD_2', 'PD_3', 'PD_4'], 'PD_6': [], 'PD_7': []}, FR: {'PD_2,PD_3': inf, 'PD_2,PD_4': inf, 'PD_2,PD_5': inf, 'PD_2,PD_6': inf, 'PD_2,PD_7': inf, 'PD_3,PD_4': inf, 'PD_3,PD_5': inf, 'PD_3,PD_6': inf, 'PD_3,PD_7': inf, 'PD_4,PD_5': inf, 'PD_4,PD_6': inf, 'PD_4,PD_7': inf, 'PD_5,PD_6': inf, 'PD_5,PD_7': inf, 'PD_6,PD_7': inf}
  Computing metrics...
    RSI: {'PD_2,PD_3': 1.0, 'PD_2,PD_4': 1.0, 'PD_2,PD_5': 1.0, 'PD_2,PD_6': 0.0, 'PD_2,PD_7': 0.0, 'PD_3,PD_4': 1.0, 'PD_3,PD_5': 1.0, 'PD_3,PD_6': 0.0, 'PD_3,PD_7': 0.0, 'PD_4,PD_5': 1.0, 'PD_4,PD_6': 0.0, 'PD_4,PD_7': 0.0, 'PD_5,PD_6': 0.0, 'PD_5,PD_7': 0.0, 'PD_6,PD_7': 0.0}, ASR: 1.0, TCB: {'PD_2': ['PD_4', 'PD_3', 'PD_5'], 'PD_3': ['PD_2', 'PD_4', 'PD_5'], 'PD_4': ['PD_2', 'PD_3', 'PD_5'], 'PD_5': ['PD_2', 'PD_3', 'PD_4'], 'PD_6': [], 'PD_7': ['PD_5']}, FR: {'PD_2,PD_3': inf, 'PD_2,PD_4': inf, 'PD_2,PD_5': inf, 'PD_2,PD_6': inf, 'PD_2,PD_7': inf, 'PD_3,PD_4': inf, 'PD_3,PD_5': inf, 'PD_3,PD_6': inf, 'PD_3,PD_7': inf, 'PD_4,PD_5': inf, 'PD_4,PD_6': inf, 'PD_4,PD_7': inf, 'PD_5,PD_6': inf, 'PD_5,PD_7': inf, 'PD_6,PD_7': inf}
  Computing metrics...
    RSI: {'PD_2,PD_3': 1.0, 'PD_2,PD_4': 1.0, 'PD_2,PD_5': 1.0, 'PD_2,PD_6': 0.0, 'PD_2,PD_7': 0.0, 'PD_3,PD_4': 1.0, 'PD_3,PD_5': 1.0, 'PD_3,PD_6': 0.0, 'PD_3,PD_7': 0.0, 'PD_4,PD_5': 1.0, 'PD_4,PD_6': 0.0, 'PD_4,PD_7': 0.0, 'PD_5,PD_6': 0.0, 'PD_5,PD_7': 0.0, 'PD_6,PD_7': 0.0}, ASR: 0.8333333333333334, TCB: {'PD_2': ['PD_4', 'PD_3', 'PD_5'], 'PD_3': ['PD_2', 'PD_4', 'PD_5'], 'PD_4': ['PD_2', 'PD_3', 'PD_5'], 'PD_5': ['PD_2', 'PD_3', 'PD_4'], 'PD_6': [], 'PD_7': []}, FR: {'PD_2,PD_3': inf, 'PD_2,PD_4': inf, 'PD_2,PD_5': inf, 'PD_2,PD_6': inf, 'PD_2,PD_7': inf, 'PD_3,PD_4': inf, 'PD_3,PD_5': inf, 'PD_3,PD_6': inf, 'PD_3,PD_7': inf, 'PD_4,PD_5': inf, 'PD_4,PD_6': inf, 'PD_4,PD_7': inf, 'PD_5,PD_6': inf, 'PD_5,PD_7': inf, 'PD_6,PD_7': inf}
  Computing metrics...
    RSI: {'PD_2,PD_3': 1.0, 'PD_2,PD_4': 1.0, 'PD_2,PD_5': 1.0, 'PD_2,PD_6': 0.0, 'PD_2,PD_7': 0.0, 'PD_3,PD_4': 1.0, 'PD_3,PD_5': 1.0, 'PD_3,PD_6': 0.0, 'PD_3,PD_7': 0.0, 'PD_4,PD_5': 1.0, 'PD_4,PD_6': 0.0, 'PD_4,PD_7': 0.0, 'PD_5,PD_6': 0.0, 'PD_5,PD_7': 0.0, 'PD_6,PD_7': 0.0}, ASR: 1.0, TCB: {'PD_2': ['PD_4', 'PD_3', 'PD_5'], 'PD_3': ['PD_2', 'PD_4', 'PD_5'], 'PD_4': ['PD_2', 'PD_3', 'PD_5'], 'PD_5': ['PD_2', 'PD_3', 'PD_4'], 'PD_6': [], 'PD_7': ['PD_6']}, FR: {'PD_2,PD_3': inf, 'PD_2,PD_4': inf, 'PD_2,PD_5': inf, 'PD_2,PD_6': inf, 'PD_2,PD_7': inf, 'PD_3,PD_4': inf, 'PD_3,PD_5': inf, 'PD_3,PD_6': inf, 'PD_3,PD_7': inf, 'PD_4,PD_5': inf, 'PD_4,PD_6': inf, 'PD_4,PD_7': inf, 'PD_5,PD_6': inf, 'PD_5,PD_7': inf, 'PD_6,PD_7': inf}
  Computing metrics...
    RSI: {'PD_2,PD_3': 1.0, 'PD_2,PD_4': 1.0, 'PD_2,PD_5': 1.0, 'PD_2,PD_6': 0.0, 'PD_2,PD_7': 0.0, 'PD_3,PD_4': 1.0, 'PD_3,PD_5': 1.0, 'PD_3,PD_6': 0.0, 'PD_3,PD_7': 0.0, 'PD_4,PD_5': 1.0, 'PD_4,PD_6': 0.0, 'PD_4,PD_7': 0.0, 'PD_5,PD_6': 0.0, 'PD_5,PD_7': 0.0, 'PD_6,PD_7': 0.0}, ASR: 0.8333333333333334, TCB: {'PD_2': ['PD_4', 'PD_3', 'PD_5'], 'PD_3': ['PD_2', 'PD_4', 'PD_5'], 'PD_4': ['PD_2', 'PD_3', 'PD_5'], 'PD_5': ['PD_2', 'PD_3', 'PD_4'], 'PD_6': [], 'PD_7': []}, FR: {'PD_2,PD_3': inf, 'PD_2,PD_4': inf, 'PD_2,PD_5': inf, 'PD_2,PD_6': inf, 'PD_2,PD_7': inf, 'PD_3,PD_4': inf, 'PD_3,PD_5': inf, 'PD_3,PD_6': inf, 'PD_3,PD_7': inf, 'PD_4,PD_5': inf, 'PD_4,PD_6': inf, 'PD_4,PD_7': inf, 'PD_5,PD_6': inf, 'PD_5,PD_7': inf, 'PD_6,PD_7': inf}
  Computing metrics...
    RSI: {'PD_2,PD_3': 1.0, 'PD_2,PD_4': 1.0, 'PD_2,PD_5': 1.0, 'PD_2,PD_6': 0.0, 'PD_2,PD_7': 0.0, 'PD_3,PD_4': 1.0, 'PD_3,PD_5': 1.0, 'PD_3,PD_6': 0.0, 'PD_3,PD_7': 0.0, 'PD_4,PD_5': 1.0, 'PD_4,PD_6': 0.0, 'PD_4,PD_7': 0.0, 'PD_5,PD_6': 0.0, 'PD_5,PD_7': 0.0, 'PD_6,PD_7': 0.0}, ASR: 0.8333333333333334, TCB: {'PD_2': ['PD_4', 'PD_3', 'PD_5'], 'PD_3': ['PD_2', 'PD_4', 'PD_5'], 'PD_4': ['PD_2', 'PD_3', 'PD_5'], 'PD_5': ['PD_2', 'PD_3', 'PD_4'], 'PD_6': [], 'PD_7': []}, FR: {'PD_2,PD_3': inf, 'PD_2,PD_4': inf, 'PD_2,PD_5': inf, 'PD_2,PD_6': inf, 'PD_2,PD_7': inf, 'PD_3,PD_4': inf, 'PD_3,PD_5': inf, 'PD_3,PD_6': inf, 'PD_3,PD_7': inf, 'PD_4,PD_5': inf, 'PD_4,PD_6': inf, 'PD_4,PD_7': inf, 'PD_5,PD_6': inf, 'PD_5,PD_7': inf, 'PD_6,PD_7': inf}
  Computing metrics...
    RSI: {'PD_2,PD_3': 1.0, 'PD_2,PD_4': 1.0, 'PD_2,PD_5': 1.0, 'PD_2,PD_6': 0.0, 'PD_2,PD_7': 0.0, 'PD_3,PD_4': 1.0, 'PD_3,PD_5': 1.0, 'PD_3,PD_6': 0.0, 'PD_3,PD_7': 0.0, 'PD_4,PD_5': 1.0, 'PD_4,PD_6': 0.0, 'PD_4,PD_7': 0.0, 'PD_5,PD_6': 0.0, 'PD_5,PD_7': 0.0, 'PD_6,PD_7': 0.0}, ASR: 0.8333333333333334, TCB: {'PD_2': ['PD_4', 'PD_3', 'PD_5'], 'PD_3': ['PD_2', 'PD_4', 'PD_5'], 'PD_4': ['PD_2', 'PD_3', 'PD_5'], 'PD_5': ['PD_2', 'PD_3', 'PD_4'], 'PD_6': [], 'PD_7': []}, FR: {'PD_2,PD_3': inf, 'PD_2,PD_4': inf, 'PD_2,PD_5': inf, 'PD_2,PD_6': inf, 'PD_2,PD_7': inf, 'PD_3,PD_4': inf, 'PD_3,PD_5': inf, 'PD_3,PD_6': inf, 'PD_3,PD_7': inf, 'PD_4,PD_5': inf, 'PD_4,PD_6': inf, 'PD_4,PD_7': inf, 'PD_5,PD_6': inf, 'PD_5,PD_7': inf, 'PD_6,PD_7': inf}
  Computing metrics...
    RSI: {'PD_2,PD_3': 1.0, 'PD_2,PD_4': 1.0, 'PD_2,PD_5': 1.0, 'PD_2,PD_6': 0.0, 'PD_2,PD_7': 0.0, 'PD_3,PD_4': 1.0, 'PD_3,PD_5': 1.0, 'PD_3,PD_6': 0.0, 'PD_3,PD_7': 0.0, 'PD_4,PD_5': 1.0, 'PD_4,PD_6': 0.0, 'PD_4,PD_7': 0.0, 'PD_5,PD_6': 0.0, 'PD_5,PD_7': 0.0, 'PD_6,PD_7': 0.0}, ASR: 0.8333333333333334, TCB: {'PD_2': ['PD_4', 'PD_3', 'PD_5'], 'PD_3': ['PD_2', 'PD_4', 'PD_5'], 'PD_4': ['PD_2', 'PD_3', 'PD_5'], 'PD_5': ['PD_2', 'PD_3', 'PD_4'], 'PD_6': [], 'PD_7': []}, FR: {'PD_2,PD_3': inf, 'PD_2,PD_4': inf, 'PD_2,PD_5': inf, 'PD_2,PD_6': inf, 'PD_2,PD_7': inf, 'PD_3,PD_4': inf, 'PD_3,PD_5': inf, 'PD_3,PD_6': inf, 'PD_3,PD_7': inf, 'PD_4,PD_5': inf, 'PD_4,PD_6': inf, 'PD_4,PD_7': inf, 'PD_5,PD_6': inf, 'PD_5,PD_7': inf, 'PD_6,PD_7': inf}
  🚫 Filtered out 1 'add_pd' candidates (avoiding repetition)
  Trying best transition: primitive
    Target: connect PD_6 to FILE_1_1
    Predicted improvement: 2.767
    Considered 42 other option(s):
      1. primitive: connect PD_7 to FILE_1_1 (improvement: 2.767)
      2. primitive: remove empty PD_6 (improvement: 0.100)
      3. primitive: remove empty PD_7 (improvement: 0.100)
      4. primitive: create new CONFIG file in FILE_SPACE_1 (improvement: 0.100)
      5. primitive: create new DATABASE file in FILE_SPACE_1 (improvement: 0.100)
      6. primitive: create new TEMP file in FILE_SPACE_1 (improvement: 0.100)
      7. primitive: create new LOG file in FILE_SPACE_1 (improvement: 0.100)
      8. primitive: remove FILE_1_1 (holders: 4) (improvement: 0.100)
      9. primitive: remove PD_3 -> FILE_1_1 HOLD edge (improvement: 0.100)
      10. primitive: remove PD_4 -> FILE_1_1 HOLD edge (improvement: 0.100)
      ... and 32 more
    ✅ Applied add_hold_edge
  Computing metrics...
    RSI: {'PD_2,PD_3': 1.0, 'PD_2,PD_4': 1.0, 'PD_2,PD_5': 1.0, 'PD_2,PD_6': 1.0, 'PD_2,PD_7': 0.0, 'PD_3,PD_4': 1.0, 'PD_3,PD_5': 1.0, 'PD_3,PD_6': 1.0, 'PD_3,PD_7': 0.0, 'PD_4,PD_5': 1.0, 'PD_4,PD_6': 1.0, 'PD_4,PD_7': 0.0, 'PD_5,PD_6': 1.0, 'PD_5,PD_7': 0.0, 'PD_6,PD_7': 0.0}, ASR: 1.0, TCB: {'PD_2': ['PD_4', 'PD_3', 'PD_5', 'PD_6'], 'PD_3': ['PD_2', 'PD_4', 'PD_5', 'PD_6'], 'PD_4': ['PD_2', 'PD_3', 'PD_5', 'PD_6'], 'PD_5': ['PD_2', 'PD_3', 'PD_4', 'PD_6'], 'PD_6': ['PD_2', 'PD_3', 'PD_4', 'PD_5'], 'PD_7': []}, FR: {'PD_2,PD_3': inf, 'PD_2,PD_4': inf, 'PD_2,PD_5': inf, 'PD_2,PD_6': inf, 'PD_2,PD_7': inf, 'PD_3,PD_4': inf, 'PD_3,PD_5': inf, 'PD_3,PD_6': inf, 'PD_3,PD_7': inf, 'PD_4,PD_5': inf, 'PD_4,PD_6': inf, 'PD_4,PD_7': inf, 'PD_5,PD_6': inf, 'PD_5,PD_7': inf, 'PD_6,PD_7': inf}
    Warning: PD pair PD_1,PD_2 not found in RSI metrics
    Goals not yet satisfied, continuing exploration
  ✅ Mechanism saved! Total mechanisms found: 7

📊 Graph after iteration 7:
        # Graph structure:
        # PD_2 --REQUEST--> PD_4
        # PD_2 --HOLD--> FILE_1_1 -> FILE_SPACE_1
        # PD_3 --HOLD--> FILE_1_1 -> FILE_SPACE_1
        # PD_4 --HOLD--> FILE_1_1 -> FILE_SPACE_1
        # PD_5 --HOLD--> FILE_1_1 -> FILE_SPACE_1
        # PD_6 --HOLD--> FILE_1_1 -> FILE_SPACE_1
        # PD_7
        #
        # FILE_1_1 shared by: PD_2, PD_3, PD_4, PD_5, PD_6


Iteration 8/10
  Computing metrics...
    RSI: {'PD_2,PD_3': 1.0, 'PD_2,PD_4': 1.0, 'PD_2,PD_5': 1.0, 'PD_2,PD_6': 1.0, 'PD_2,PD_7': 0.0, 'PD_3,PD_4': 1.0, 'PD_3,PD_5': 1.0, 'PD_3,PD_6': 1.0, 'PD_3,PD_7': 0.0, 'PD_4,PD_5': 1.0, 'PD_4,PD_6': 1.0, 'PD_4,PD_7': 0.0, 'PD_5,PD_6': 1.0, 'PD_5,PD_7': 0.0, 'PD_6,PD_7': 0.0}, ASR: 1.0, TCB: {'PD_2': ['PD_4', 'PD_3', 'PD_5', 'PD_6'], 'PD_3': ['PD_2', 'PD_4', 'PD_5', 'PD_6'], 'PD_4': ['PD_2', 'PD_3', 'PD_5', 'PD_6'], 'PD_5': ['PD_2', 'PD_3', 'PD_4', 'PD_6'], 'PD_6': ['PD_2', 'PD_3', 'PD_4', 'PD_5'], 'PD_7': []}, FR: {'PD_2,PD_3': inf, 'PD_2,PD_4': inf, 'PD_2,PD_5': inf, 'PD_2,PD_6': inf, 'PD_2,PD_7': inf, 'PD_3,PD_4': inf, 'PD_3,PD_5': inf, 'PD_3,PD_6': inf, 'PD_3,PD_7': inf, 'PD_4,PD_5': inf, 'PD_4,PD_6': inf, 'PD_4,PD_7': inf, 'PD_5,PD_6': inf, 'PD_5,PD_7': inf, 'PD_6,PD_7': inf}
  Computing metrics...
    RSI: {'PD_2,PD_3': 1.0, 'PD_2,PD_4': 1.0, 'PD_2,PD_5': 1.0, 'PD_2,PD_6': 1.0, 'PD_2,PD_7': 0.0, 'PD_3,PD_4': 1.0, 'PD_3,PD_5': 1.0, 'PD_3,PD_6': 1.0, 'PD_3,PD_7': 0.0, 'PD_4,PD_5': 1.0, 'PD_4,PD_6': 1.0, 'PD_4,PD_7': 0.0, 'PD_5,PD_6': 1.0, 'PD_5,PD_7': 0.0, 'PD_6,PD_7': 0.0}, ASR: 1.0, TCB: {'PD_2': ['PD_4', 'PD_3', 'PD_5', 'PD_6'], 'PD_3': ['PD_2', 'PD_4', 'PD_5', 'PD_6'], 'PD_4': ['PD_2', 'PD_3', 'PD_5', 'PD_6'], 'PD_5': ['PD_2', 'PD_3', 'PD_4', 'PD_6'], 'PD_6': ['PD_2', 'PD_3', 'PD_4', 'PD_5'], 'PD_7': []}, FR: {'PD_2,PD_3': inf, 'PD_2,PD_4': inf, 'PD_2,PD_5': inf, 'PD_2,PD_6': inf, 'PD_2,PD_7': inf, 'PD_3,PD_4': inf, 'PD_3,PD_5': inf, 'PD_3,PD_6': inf, 'PD_3,PD_7': inf, 'PD_4,PD_5': inf, 'PD_4,PD_6': inf, 'PD_4,PD_7': inf, 'PD_5,PD_6': inf, 'PD_5,PD_7': inf, 'PD_6,PD_7': inf}
  Computing metrics...
    RSI: {'PD_2,PD_3': 1.0, 'PD_2,PD_4': 1.0, 'PD_2,PD_5': 1.0, 'PD_2,PD_6': 1.0, 'PD_2,PD_7': 0.0, 'PD_3,PD_4': 1.0, 'PD_3,PD_5': 1.0, 'PD_3,PD_6': 1.0, 'PD_3,PD_7': 0.0, 'PD_4,PD_5': 1.0, 'PD_4,PD_6': 1.0, 'PD_4,PD_7': 0.0, 'PD_5,PD_6': 1.0, 'PD_5,PD_7': 0.0, 'PD_6,PD_7': 0.0}, ASR: 1.0, TCB: {'PD_2': ['PD_4', 'PD_3', 'PD_5', 'PD_6'], 'PD_3': ['PD_2', 'PD_4', 'PD_5', 'PD_6'], 'PD_4': ['PD_2', 'PD_3', 'PD_5', 'PD_6'], 'PD_5': ['PD_2', 'PD_3', 'PD_4', 'PD_6'], 'PD_6': ['PD_2', 'PD_3', 'PD_4', 'PD_5'], 'PD_7': []}, FR: {'PD_2,PD_3': inf, 'PD_2,PD_4': inf, 'PD_2,PD_5': inf, 'PD_2,PD_6': inf, 'PD_2,PD_7': inf, 'PD_3,PD_4': inf, 'PD_3,PD_5': inf, 'PD_3,PD_6': inf, 'PD_3,PD_7': inf, 'PD_4,PD_5': inf, 'PD_4,PD_6': inf, 'PD_4,PD_7': inf, 'PD_5,PD_6': inf, 'PD_5,PD_7': inf, 'PD_6,PD_7': inf}
  Computing metrics...
    RSI: {'PD_2,PD_3': 1.0, 'PD_2,PD_4': 1.0, 'PD_2,PD_5': 1.0, 'PD_2,PD_6': 1.0, 'PD_2,PD_7': 0.0, 'PD_3,PD_4': 1.0, 'PD_3,PD_5': 1.0, 'PD_3,PD_6': 1.0, 'PD_3,PD_7': 0.0, 'PD_4,PD_5': 1.0, 'PD_4,PD_6': 1.0, 'PD_4,PD_7': 0.0, 'PD_5,PD_6': 1.0, 'PD_5,PD_7': 0.0, 'PD_6,PD_7': 0.0}, ASR: 1.0, TCB: {'PD_2': ['PD_4', 'PD_3', 'PD_5', 'PD_6'], 'PD_3': ['PD_2', 'PD_4', 'PD_5', 'PD_6'], 'PD_4': ['PD_2', 'PD_3', 'PD_5', 'PD_6'], 'PD_5': ['PD_2', 'PD_3', 'PD_4', 'PD_6'], 'PD_6': ['PD_2', 'PD_3', 'PD_4', 'PD_5'], 'PD_7': []}, FR: {'PD_2,PD_3': inf, 'PD_2,PD_4': inf, 'PD_2,PD_5': inf, 'PD_2,PD_6': inf, 'PD_2,PD_7': inf, 'PD_3,PD_4': inf, 'PD_3,PD_5': inf, 'PD_3,PD_6': inf, 'PD_3,PD_7': inf, 'PD_4,PD_5': inf, 'PD_4,PD_6': inf, 'PD_4,PD_7': inf, 'PD_5,PD_6': inf, 'PD_5,PD_7': inf, 'PD_6,PD_7': inf}
  Computing metrics...
    RSI: {'PD_2,PD_3': 1.0, 'PD_2,PD_4': 1.0, 'PD_2,PD_5': 1.0, 'PD_2,PD_6': 1.0, 'PD_2,PD_7': 0.0, 'PD_3,PD_4': 1.0, 'PD_3,PD_5': 1.0, 'PD_3,PD_6': 1.0, 'PD_3,PD_7': 0.0, 'PD_4,PD_5': 1.0, 'PD_4,PD_6': 1.0, 'PD_4,PD_7': 0.0, 'PD_5,PD_6': 1.0, 'PD_5,PD_7': 0.0, 'PD_6,PD_7': 0.0}, ASR: 1.0, TCB: {'PD_2': ['PD_4', 'PD_3', 'PD_5', 'PD_6'], 'PD_3': ['PD_2', 'PD_4', 'PD_5', 'PD_6'], 'PD_4': ['PD_2', 'PD_3', 'PD_5', 'PD_6'], 'PD_5': ['PD_2', 'PD_3', 'PD_4', 'PD_6'], 'PD_6': ['PD_2', 'PD_3', 'PD_4', 'PD_5'], 'PD_7': []}, FR: {'PD_2,PD_3': inf, 'PD_2,PD_4': inf, 'PD_2,PD_5': inf, 'PD_2,PD_6': inf, 'PD_2,PD_7': inf, 'PD_3,PD_4': inf, 'PD_3,PD_5': inf, 'PD_3,PD_6': inf, 'PD_3,PD_7': inf, 'PD_4,PD_5': inf, 'PD_4,PD_6': inf, 'PD_4,PD_7': inf, 'PD_5,PD_6': inf, 'PD_5,PD_7': inf, 'PD_6,PD_7': inf}
  Computing metrics...
    RSI: {'PD_2,PD_3': 1.0, 'PD_2,PD_4': 1.0, 'PD_2,PD_5': 1.0, 'PD_2,PD_6': 1.0, 'PD_2,PD_7': 0.0, 'PD_3,PD_4': 1.0, 'PD_3,PD_5': 1.0, 'PD_3,PD_6': 1.0, 'PD_3,PD_7': 0.0, 'PD_4,PD_5': 1.0, 'PD_4,PD_6': 1.0, 'PD_4,PD_7': 0.0, 'PD_5,PD_6': 1.0, 'PD_5,PD_7': 0.0, 'PD_6,PD_7': 0.0}, ASR: 1.0, TCB: {'PD_2': ['PD_4', 'PD_3', 'PD_5', 'PD_6'], 'PD_3': ['PD_2', 'PD_4', 'PD_5', 'PD_6'], 'PD_4': ['PD_2', 'PD_3', 'PD_5', 'PD_6'], 'PD_5': ['PD_2', 'PD_3', 'PD_4', 'PD_6'], 'PD_6': ['PD_2', 'PD_3', 'PD_4', 'PD_5'], 'PD_7': []}, FR: {'PD_2,PD_3': inf, 'PD_2,PD_4': inf, 'PD_2,PD_5': inf, 'PD_2,PD_6': inf, 'PD_2,PD_7': inf, 'PD_3,PD_4': inf, 'PD_3,PD_5': inf, 'PD_3,PD_6': inf, 'PD_3,PD_7': inf, 'PD_4,PD_5': inf, 'PD_4,PD_6': inf, 'PD_4,PD_7': inf, 'PD_5,PD_6': inf, 'PD_5,PD_7': inf, 'PD_6,PD_7': inf}
  Computing metrics...
    RSI: {'PD_2,PD_3': 1.0, 'PD_2,PD_4': 1.0, 'PD_2,PD_5': 1.0, 'PD_2,PD_6': 1.0, 'PD_2,PD_7': 0.0, 'PD_3,PD_4': 1.0, 'PD_3,PD_5': 1.0, 'PD_3,PD_6': 1.0, 'PD_3,PD_7': 0.0, 'PD_4,PD_5': 1.0, 'PD_4,PD_6': 1.0, 'PD_4,PD_7': 0.0, 'PD_5,PD_6': 1.0, 'PD_5,PD_7': 0.0, 'PD_6,PD_7': 0.0}, ASR: 1.0, TCB: {'PD_2': ['PD_4', 'PD_3', 'PD_5', 'PD_6'], 'PD_3': ['PD_2', 'PD_4', 'PD_5', 'PD_6'], 'PD_4': ['PD_2', 'PD_3', 'PD_5', 'PD_6'], 'PD_5': ['PD_2', 'PD_3', 'PD_4', 'PD_6'], 'PD_6': ['PD_2', 'PD_3', 'PD_4', 'PD_5'], 'PD_7': []}, FR: {'PD_2,PD_3': inf, 'PD_2,PD_4': inf, 'PD_2,PD_5': inf, 'PD_2,PD_6': inf, 'PD_2,PD_7': inf, 'PD_3,PD_4': inf, 'PD_3,PD_5': inf, 'PD_3,PD_6': inf, 'PD_3,PD_7': inf, 'PD_4,PD_5': inf, 'PD_4,PD_6': inf, 'PD_4,PD_7': inf, 'PD_5,PD_6': inf, 'PD_5,PD_7': inf, 'PD_6,PD_7': inf}
  Computing metrics...
    RSI: {'PD_2,PD_3': 1.0, 'PD_2,PD_4': 1.0, 'PD_2,PD_5': 1.0, 'PD_2,PD_6': 1.0, 'PD_2,PD_7': 0.0, 'PD_3,PD_4': 1.0, 'PD_3,PD_5': 1.0, 'PD_3,PD_6': 1.0, 'PD_3,PD_7': 0.0, 'PD_4,PD_5': 1.0, 'PD_4,PD_6': 1.0, 'PD_4,PD_7': 0.0, 'PD_5,PD_6': 1.0, 'PD_5,PD_7': 0.0, 'PD_6,PD_7': 0.0}, ASR: 1.0, TCB: {'PD_2': ['PD_4', 'PD_3', 'PD_5', 'PD_6'], 'PD_3': ['PD_2', 'PD_4', 'PD_5', 'PD_6'], 'PD_4': ['PD_2', 'PD_3', 'PD_5', 'PD_6'], 'PD_5': ['PD_2', 'PD_3', 'PD_4', 'PD_6'], 'PD_6': ['PD_2', 'PD_3', 'PD_4', 'PD_5'], 'PD_7': []}, FR: {'PD_2,PD_3': inf, 'PD_2,PD_4': inf, 'PD_2,PD_5': inf, 'PD_2,PD_6': inf, 'PD_2,PD_7': inf, 'PD_3,PD_4': inf, 'PD_3,PD_5': inf, 'PD_3,PD_6': inf, 'PD_3,PD_7': inf, 'PD_4,PD_5': inf, 'PD_4,PD_6': inf, 'PD_4,PD_7': inf, 'PD_5,PD_6': inf, 'PD_5,PD_7': inf, 'PD_6,PD_7': inf}
  Computing metrics...
    RSI: {'PD_2,PD_3': 1.0, 'PD_2,PD_4': 1.0, 'PD_2,PD_5': 1.0, 'PD_2,PD_6': 1.0, 'PD_2,PD_7': 0.0, 'PD_3,PD_4': 1.0, 'PD_3,PD_5': 1.0, 'PD_3,PD_6': 1.0, 'PD_3,PD_7': 0.0, 'PD_4,PD_5': 1.0, 'PD_4,PD_6': 1.0, 'PD_4,PD_7': 0.0, 'PD_5,PD_6': 1.0, 'PD_5,PD_7': 0.0, 'PD_6,PD_7': 0.0}, ASR: 1.0, TCB: {'PD_2': ['PD_4', 'PD_3', 'PD_5', 'PD_6'], 'PD_3': ['PD_2', 'PD_4', 'PD_5', 'PD_6'], 'PD_4': ['PD_2', 'PD_3', 'PD_5', 'PD_6'], 'PD_5': ['PD_2', 'PD_3', 'PD_4', 'PD_6'], 'PD_6': ['PD_2', 'PD_3', 'PD_4', 'PD_5'], 'PD_7': []}, FR: {'PD_2,PD_3': inf, 'PD_2,PD_4': inf, 'PD_2,PD_5': inf, 'PD_2,PD_6': inf, 'PD_2,PD_7': inf, 'PD_3,PD_4': inf, 'PD_3,PD_5': inf, 'PD_3,PD_6': inf, 'PD_3,PD_7': inf, 'PD_4,PD_5': inf, 'PD_4,PD_6': inf, 'PD_4,PD_7': inf, 'PD_5,PD_6': inf, 'PD_5,PD_7': inf, 'PD_6,PD_7': inf}
  Computing metrics...
    RSI: {'PD_2,PD_3': 1.0, 'PD_2,PD_4': 1.0, 'PD_2,PD_5': 1.0, 'PD_2,PD_6': 1.0, 'PD_2,PD_7': 0.0, 'PD_3,PD_4': 1.0, 'PD_3,PD_5': 1.0, 'PD_3,PD_6': 1.0, 'PD_3,PD_7': 0.0, 'PD_4,PD_5': 1.0, 'PD_4,PD_6': 1.0, 'PD_4,PD_7': 0.0, 'PD_5,PD_6': 1.0, 'PD_5,PD_7': 0.0, 'PD_6,PD_7': 0.0}, ASR: 1.0, TCB: {'PD_2': ['PD_4', 'PD_3', 'PD_5', 'PD_6'], 'PD_3': ['PD_2', 'PD_4', 'PD_5', 'PD_6'], 'PD_4': ['PD_2', 'PD_3', 'PD_5', 'PD_6'], 'PD_5': ['PD_2', 'PD_3', 'PD_4', 'PD_6'], 'PD_6': ['PD_2', 'PD_3', 'PD_4', 'PD_5'], 'PD_7': []}, FR: {'PD_2,PD_3': inf, 'PD_2,PD_4': inf, 'PD_2,PD_5': inf, 'PD_2,PD_6': inf, 'PD_2,PD_7': inf, 'PD_3,PD_4': inf, 'PD_3,PD_5': inf, 'PD_3,PD_6': inf, 'PD_3,PD_7': inf, 'PD_4,PD_5': inf, 'PD_4,PD_6': inf, 'PD_4,PD_7': inf, 'PD_5,PD_6': inf, 'PD_5,PD_7': inf, 'PD_6,PD_7': inf}
  Computing metrics...
    RSI: {'PD_2,PD_3': 1.0, 'PD_2,PD_4': 1.0, 'PD_2,PD_5': 1.0, 'PD_2,PD_6': 1.0, 'PD_2,PD_7': 0.0, 'PD_3,PD_4': 1.0, 'PD_3,PD_5': 1.0, 'PD_3,PD_6': 1.0, 'PD_3,PD_7': 0.0, 'PD_4,PD_5': 1.0, 'PD_4,PD_6': 1.0, 'PD_4,PD_7': 0.0, 'PD_5,PD_6': 1.0, 'PD_5,PD_7': 0.0, 'PD_6,PD_7': 0.0}, ASR: 1.0, TCB: {'PD_2': ['PD_4', 'PD_3', 'PD_5', 'PD_6'], 'PD_3': ['PD_2', 'PD_4', 'PD_5', 'PD_6'], 'PD_4': ['PD_2', 'PD_3', 'PD_5', 'PD_6'], 'PD_5': ['PD_2', 'PD_3', 'PD_4', 'PD_6'], 'PD_6': ['PD_2', 'PD_3', 'PD_4', 'PD_5'], 'PD_7': []}, FR: {'PD_2,PD_3': inf, 'PD_2,PD_4': inf, 'PD_2,PD_5': inf, 'PD_2,PD_6': inf, 'PD_2,PD_7': inf, 'PD_3,PD_4': inf, 'PD_3,PD_5': inf, 'PD_3,PD_6': inf, 'PD_3,PD_7': inf, 'PD_4,PD_5': inf, 'PD_4,PD_6': inf, 'PD_4,PD_7': inf, 'PD_5,PD_6': inf, 'PD_5,PD_7': inf, 'PD_6,PD_7': inf}
  Computing metrics...
    RSI: {'PD_2,PD_3': 1.0, 'PD_2,PD_4': 1.0, 'PD_2,PD_5': 1.0, 'PD_2,PD_6': 1.0, 'PD_2,PD_7': 0.0, 'PD_3,PD_4': 1.0, 'PD_3,PD_5': 1.0, 'PD_3,PD_6': 1.0, 'PD_3,PD_7': 0.0, 'PD_4,PD_5': 1.0, 'PD_4,PD_6': 1.0, 'PD_4,PD_7': 0.0, 'PD_5,PD_6': 1.0, 'PD_5,PD_7': 0.0, 'PD_6,PD_7': 0.0}, ASR: 1.0, TCB: {'PD_2': ['PD_4', 'PD_3', 'PD_5', 'PD_6'], 'PD_3': ['PD_2', 'PD_4', 'PD_5', 'PD_6'], 'PD_4': ['PD_2', 'PD_3', 'PD_5', 'PD_6'], 'PD_5': ['PD_2', 'PD_3', 'PD_4', 'PD_6'], 'PD_6': ['PD_2', 'PD_3', 'PD_4', 'PD_5'], 'PD_7': []}, FR: {'PD_2,PD_3': inf, 'PD_2,PD_4': inf, 'PD_2,PD_5': inf, 'PD_2,PD_6': inf, 'PD_2,PD_7': inf, 'PD_3,PD_4': inf, 'PD_3,PD_5': inf, 'PD_3,PD_6': inf, 'PD_3,PD_7': inf, 'PD_4,PD_5': inf, 'PD_4,PD_6': inf, 'PD_4,PD_7': inf, 'PD_5,PD_6': inf, 'PD_5,PD_7': inf, 'PD_6,PD_7': inf}
  Computing metrics...
    RSI: {'PD_2,PD_3': 1.0, 'PD_2,PD_4': 1.0, 'PD_2,PD_5': 1.0, 'PD_2,PD_6': 1.0, 'PD_2,PD_7': 0.0, 'PD_3,PD_4': 1.0, 'PD_3,PD_5': 1.0, 'PD_3,PD_6': 1.0, 'PD_3,PD_7': 0.0, 'PD_4,PD_5': 1.0, 'PD_4,PD_6': 1.0, 'PD_4,PD_7': 0.0, 'PD_5,PD_6': 1.0, 'PD_5,PD_7': 0.0, 'PD_6,PD_7': 0.0}, ASR: 1.0, TCB: {'PD_2': ['PD_4', 'PD_3', 'PD_5', 'PD_6'], 'PD_3': ['PD_2', 'PD_4', 'PD_5', 'PD_6'], 'PD_4': ['PD_2', 'PD_3', 'PD_5', 'PD_6'], 'PD_5': ['PD_2', 'PD_3', 'PD_4', 'PD_6'], 'PD_6': ['PD_2', 'PD_3', 'PD_4', 'PD_5'], 'PD_7': []}, FR: {'PD_2,PD_3': inf, 'PD_2,PD_4': inf, 'PD_2,PD_5': inf, 'PD_2,PD_6': inf, 'PD_2,PD_7': inf, 'PD_3,PD_4': inf, 'PD_3,PD_5': inf, 'PD_3,PD_6': inf, 'PD_3,PD_7': inf, 'PD_4,PD_5': inf, 'PD_4,PD_6': inf, 'PD_4,PD_7': inf, 'PD_5,PD_6': inf, 'PD_5,PD_7': inf, 'PD_6,PD_7': inf}
  Computing metrics...
    RSI: {'PD_2,PD_3': 1.0, 'PD_2,PD_4': 1.0, 'PD_2,PD_5': 1.0, 'PD_2,PD_6': 1.0, 'PD_2,PD_7': 0.0, 'PD_3,PD_4': 1.0, 'PD_3,PD_5': 1.0, 'PD_3,PD_6': 1.0, 'PD_3,PD_7': 0.0, 'PD_4,PD_5': 1.0, 'PD_4,PD_6': 1.0, 'PD_4,PD_7': 0.0, 'PD_5,PD_6': 1.0, 'PD_5,PD_7': 0.0, 'PD_6,PD_7': 0.0}, ASR: 1.0, TCB: {'PD_2': ['PD_4', 'PD_3', 'PD_5', 'PD_6'], 'PD_3': ['PD_2', 'PD_4', 'PD_5', 'PD_6'], 'PD_4': ['PD_2', 'PD_3', 'PD_5', 'PD_6'], 'PD_5': ['PD_2', 'PD_3', 'PD_4', 'PD_6'], 'PD_6': ['PD_2', 'PD_3', 'PD_4', 'PD_5'], 'PD_7': []}, FR: {'PD_2,PD_3': inf, 'PD_2,PD_4': inf, 'PD_2,PD_5': inf, 'PD_2,PD_6': inf, 'PD_2,PD_7': inf, 'PD_3,PD_4': inf, 'PD_3,PD_5': inf, 'PD_3,PD_6': inf, 'PD_3,PD_7': inf, 'PD_4,PD_5': inf, 'PD_4,PD_6': inf, 'PD_4,PD_7': inf, 'PD_5,PD_6': inf, 'PD_5,PD_7': inf, 'PD_6,PD_7': inf}
  Computing metrics...
    RSI: {'PD_2,PD_3': 1.0, 'PD_2,PD_4': 1.0, 'PD_2,PD_5': 1.0, 'PD_2,PD_6': 1.0, 'PD_2,PD_7': 0.0, 'PD_3,PD_4': 1.0, 'PD_3,PD_5': 1.0, 'PD_3,PD_6': 1.0, 'PD_3,PD_7': 0.0, 'PD_4,PD_5': 1.0, 'PD_4,PD_6': 1.0, 'PD_4,PD_7': 0.0, 'PD_5,PD_6': 1.0, 'PD_5,PD_7': 0.0, 'PD_6,PD_7': 0.0}, ASR: 1.0, TCB: {'PD_2': ['PD_4', 'PD_3', 'PD_5', 'PD_6'], 'PD_3': ['PD_2', 'PD_4', 'PD_5', 'PD_6'], 'PD_4': ['PD_2', 'PD_3', 'PD_5', 'PD_6'], 'PD_5': ['PD_2', 'PD_3', 'PD_4', 'PD_6'], 'PD_6': ['PD_2', 'PD_3', 'PD_4', 'PD_5'], 'PD_7': []}, FR: {'PD_2,PD_3': inf, 'PD_2,PD_4': inf, 'PD_2,PD_5': inf, 'PD_2,PD_6': inf, 'PD_2,PD_7': inf, 'PD_3,PD_4': inf, 'PD_3,PD_5': inf, 'PD_3,PD_6': inf, 'PD_3,PD_7': inf, 'PD_4,PD_5': inf, 'PD_4,PD_6': inf, 'PD_4,PD_7': inf, 'PD_5,PD_6': inf, 'PD_5,PD_7': inf, 'PD_6,PD_7': inf}
  Computing metrics...
    RSI: {'PD_2,PD_3': 1.0, 'PD_2,PD_4': 1.0, 'PD_2,PD_5': 1.0, 'PD_2,PD_6': 1.0, 'PD_2,PD_7': 1.0, 'PD_3,PD_4': 1.0, 'PD_3,PD_5': 1.0, 'PD_3,PD_6': 1.0, 'PD_3,PD_7': 1.0, 'PD_4,PD_5': 1.0, 'PD_4,PD_6': 1.0, 'PD_4,PD_7': 1.0, 'PD_5,PD_6': 1.0, 'PD_5,PD_7': 1.0, 'PD_6,PD_7': 1.0}, ASR: 1.1666666666666667, TCB: {'PD_2': ['PD_4', 'PD_3', 'PD_5', 'PD_6', 'PD_7'], 'PD_3': ['PD_2', 'PD_4', 'PD_5', 'PD_6', 'PD_7'], 'PD_4': ['PD_2', 'PD_3', 'PD_5', 'PD_6', 'PD_7'], 'PD_5': ['PD_2', 'PD_3', 'PD_4', 'PD_6', 'PD_7'], 'PD_6': ['PD_2', 'PD_3', 'PD_4', 'PD_5', 'PD_7'], 'PD_7': ['PD_2', 'PD_3', 'PD_4', 'PD_5', 'PD_6']}, FR: {'PD_2,PD_3': inf, 'PD_2,PD_4': inf, 'PD_2,PD_5': inf, 'PD_2,PD_6': inf, 'PD_2,PD_7': inf, 'PD_3,PD_4': inf, 'PD_3,PD_5': inf, 'PD_3,PD_6': inf, 'PD_3,PD_7': inf, 'PD_4,PD_5': inf, 'PD_4,PD_6': inf, 'PD_4,PD_7': inf, 'PD_5,PD_6': inf, 'PD_5,PD_7': inf, 'PD_6,PD_7': inf}
  Computing metrics...
    RSI: {'PD_2,PD_3': 1.0, 'PD_2,PD_4': 1.0, 'PD_2,PD_5': 1.0, 'PD_2,PD_6': 1.0, 'PD_2,PD_7': 0.0, 'PD_3,PD_4': 1.0, 'PD_3,PD_5': 1.0, 'PD_3,PD_6': 1.0, 'PD_3,PD_7': 0.0, 'PD_4,PD_5': 1.0, 'PD_4,PD_6': 1.0, 'PD_4,PD_7': 0.0, 'PD_5,PD_6': 1.0, 'PD_5,PD_7': 0.0, 'PD_6,PD_7': 0.0}, ASR: 1.0, TCB: {'PD_2': ['PD_4', 'PD_3', 'PD_5', 'PD_6'], 'PD_3': ['PD_2', 'PD_4', 'PD_5', 'PD_6'], 'PD_4': ['PD_2', 'PD_3', 'PD_5', 'PD_6'], 'PD_5': ['PD_2', 'PD_3', 'PD_4', 'PD_6'], 'PD_6': ['PD_2', 'PD_3', 'PD_4', 'PD_5'], 'PD_7': []}, FR: {'PD_2,PD_3': inf, 'PD_2,PD_4': inf, 'PD_2,PD_5': inf, 'PD_2,PD_6': inf, 'PD_2,PD_7': inf, 'PD_3,PD_4': inf, 'PD_3,PD_5': inf, 'PD_3,PD_6': inf, 'PD_3,PD_7': inf, 'PD_4,PD_5': inf, 'PD_4,PD_6': inf, 'PD_4,PD_7': inf, 'PD_5,PD_6': inf, 'PD_5,PD_7': inf, 'PD_6,PD_7': inf}
  Computing metrics...
    RSI: {'PD_2,PD_3': 1.0, 'PD_2,PD_4': 1.0, 'PD_2,PD_5': 1.0, 'PD_2,PD_6': 1.0, 'PD_2,PD_7': 0.0, 'PD_3,PD_4': 1.0, 'PD_3,PD_5': 1.0, 'PD_3,PD_6': 1.0, 'PD_3,PD_7': 0.0, 'PD_4,PD_5': 1.0, 'PD_4,PD_6': 1.0, 'PD_4,PD_7': 0.0, 'PD_5,PD_6': 1.0, 'PD_5,PD_7': 0.0, 'PD_6,PD_7': 0.0}, ASR: 1.0, TCB: {'PD_2': ['PD_4', 'PD_3', 'PD_5', 'PD_6'], 'PD_3': ['PD_2', 'PD_4', 'PD_5', 'PD_6'], 'PD_4': ['PD_2', 'PD_3', 'PD_5', 'PD_6'], 'PD_5': ['PD_2', 'PD_3', 'PD_4', 'PD_6'], 'PD_6': ['PD_2', 'PD_3', 'PD_4', 'PD_5'], 'PD_7': []}, FR: {'PD_2,PD_3': inf, 'PD_2,PD_4': inf, 'PD_2,PD_5': inf, 'PD_2,PD_6': inf, 'PD_2,PD_7': inf, 'PD_3,PD_4': inf, 'PD_3,PD_5': inf, 'PD_3,PD_6': inf, 'PD_3,PD_7': inf, 'PD_4,PD_5': inf, 'PD_4,PD_6': inf, 'PD_4,PD_7': inf, 'PD_5,PD_6': inf, 'PD_5,PD_7': inf, 'PD_6,PD_7': inf}
    remove_hold_edge candidate: remove PD_3 -> FILE_1_1 HOLD edge -> score: 0.100
  Computing metrics...
    RSI: {'PD_2,PD_3': 1.0, 'PD_2,PD_4': 1.0, 'PD_2,PD_5': 1.0, 'PD_2,PD_6': 1.0, 'PD_2,PD_7': 0.0, 'PD_3,PD_4': 1.0, 'PD_3,PD_5': 1.0, 'PD_3,PD_6': 1.0, 'PD_3,PD_7': 0.0, 'PD_4,PD_5': 1.0, 'PD_4,PD_6': 1.0, 'PD_4,PD_7': 0.0, 'PD_5,PD_6': 1.0, 'PD_5,PD_7': 0.0, 'PD_6,PD_7': 0.0}, ASR: 1.0, TCB: {'PD_2': ['PD_4', 'PD_3', 'PD_5', 'PD_6'], 'PD_3': ['PD_2', 'PD_4', 'PD_5', 'PD_6'], 'PD_4': ['PD_2', 'PD_3', 'PD_5', 'PD_6'], 'PD_5': ['PD_2', 'PD_3', 'PD_4', 'PD_6'], 'PD_6': ['PD_2', 'PD_3', 'PD_4', 'PD_5'], 'PD_7': []}, FR: {'PD_2,PD_3': inf, 'PD_2,PD_4': inf, 'PD_2,PD_5': inf, 'PD_2,PD_6': inf, 'PD_2,PD_7': inf, 'PD_3,PD_4': inf, 'PD_3,PD_5': inf, 'PD_3,PD_6': inf, 'PD_3,PD_7': inf, 'PD_4,PD_5': inf, 'PD_4,PD_6': inf, 'PD_4,PD_7': inf, 'PD_5,PD_6': inf, 'PD_5,PD_7': inf, 'PD_6,PD_7': inf}
  Computing metrics...
    RSI: {'PD_2,PD_3': 1.0, 'PD_2,PD_4': 1.0, 'PD_2,PD_5': 1.0, 'PD_2,PD_6': 1.0, 'PD_2,PD_7': 0.0, 'PD_3,PD_4': 1.0, 'PD_3,PD_5': 1.0, 'PD_3,PD_6': 1.0, 'PD_3,PD_7': 0.0, 'PD_4,PD_5': 1.0, 'PD_4,PD_6': 1.0, 'PD_4,PD_7': 0.0, 'PD_5,PD_6': 1.0, 'PD_5,PD_7': 0.0, 'PD_6,PD_7': 0.0}, ASR: 1.0, TCB: {'PD_2': ['PD_4', 'PD_3', 'PD_5', 'PD_6'], 'PD_3': ['PD_2', 'PD_4', 'PD_5', 'PD_6'], 'PD_4': ['PD_2', 'PD_3', 'PD_5', 'PD_6'], 'PD_5': ['PD_2', 'PD_3', 'PD_4', 'PD_6'], 'PD_6': ['PD_2', 'PD_3', 'PD_4', 'PD_5'], 'PD_7': []}, FR: {'PD_2,PD_3': inf, 'PD_2,PD_4': inf, 'PD_2,PD_5': inf, 'PD_2,PD_6': inf, 'PD_2,PD_7': inf, 'PD_3,PD_4': inf, 'PD_3,PD_5': inf, 'PD_3,PD_6': inf, 'PD_3,PD_7': inf, 'PD_4,PD_5': inf, 'PD_4,PD_6': inf, 'PD_4,PD_7': inf, 'PD_5,PD_6': inf, 'PD_5,PD_7': inf, 'PD_6,PD_7': inf}
    remove_hold_edge candidate: remove PD_4 -> FILE_1_1 HOLD edge -> score: 0.100
  Computing metrics...
    RSI: {'PD_2,PD_3': 1.0, 'PD_2,PD_4': 1.0, 'PD_2,PD_5': 1.0, 'PD_2,PD_6': 1.0, 'PD_2,PD_7': 0.0, 'PD_3,PD_4': 1.0, 'PD_3,PD_5': 1.0, 'PD_3,PD_6': 1.0, 'PD_3,PD_7': 0.0, 'PD_4,PD_5': 1.0, 'PD_4,PD_6': 1.0, 'PD_4,PD_7': 0.0, 'PD_5,PD_6': 1.0, 'PD_5,PD_7': 0.0, 'PD_6,PD_7': 0.0}, ASR: 1.0, TCB: {'PD_2': ['PD_4', 'PD_3', 'PD_5', 'PD_6'], 'PD_3': ['PD_2', 'PD_4', 'PD_5', 'PD_6'], 'PD_4': ['PD_2', 'PD_3', 'PD_5', 'PD_6'], 'PD_5': ['PD_2', 'PD_3', 'PD_4', 'PD_6'], 'PD_6': ['PD_2', 'PD_3', 'PD_4', 'PD_5'], 'PD_7': []}, FR: {'PD_2,PD_3': inf, 'PD_2,PD_4': inf, 'PD_2,PD_5': inf, 'PD_2,PD_6': inf, 'PD_2,PD_7': inf, 'PD_3,PD_4': inf, 'PD_3,PD_5': inf, 'PD_3,PD_6': inf, 'PD_3,PD_7': inf, 'PD_4,PD_5': inf, 'PD_4,PD_6': inf, 'PD_4,PD_7': inf, 'PD_5,PD_6': inf, 'PD_5,PD_7': inf, 'PD_6,PD_7': inf}
  Computing metrics...
    RSI: {'PD_2,PD_3': 1.0, 'PD_2,PD_4': 1.0, 'PD_2,PD_5': 1.0, 'PD_2,PD_6': 1.0, 'PD_2,PD_7': 0.0, 'PD_3,PD_4': 1.0, 'PD_3,PD_5': 1.0, 'PD_3,PD_6': 1.0, 'PD_3,PD_7': 0.0, 'PD_4,PD_5': 1.0, 'PD_4,PD_6': 1.0, 'PD_4,PD_7': 0.0, 'PD_5,PD_6': 1.0, 'PD_5,PD_7': 0.0, 'PD_6,PD_7': 0.0}, ASR: 1.0, TCB: {'PD_2': ['PD_4', 'PD_3', 'PD_5', 'PD_6'], 'PD_3': ['PD_2', 'PD_4', 'PD_5', 'PD_6'], 'PD_4': ['PD_2', 'PD_3', 'PD_5', 'PD_6'], 'PD_5': ['PD_2', 'PD_3', 'PD_4', 'PD_6'], 'PD_6': ['PD_2', 'PD_3', 'PD_4', 'PD_5'], 'PD_7': []}, FR: {'PD_2,PD_3': inf, 'PD_2,PD_4': inf, 'PD_2,PD_5': inf, 'PD_2,PD_6': inf, 'PD_2,PD_7': inf, 'PD_3,PD_4': inf, 'PD_3,PD_5': inf, 'PD_3,PD_6': inf, 'PD_3,PD_7': inf, 'PD_4,PD_5': inf, 'PD_4,PD_6': inf, 'PD_4,PD_7': inf, 'PD_5,PD_6': inf, 'PD_5,PD_7': inf, 'PD_6,PD_7': inf}
    remove_hold_edge candidate: remove PD_5 -> FILE_1_1 HOLD edge -> score: 0.100
  Computing metrics...
    RSI: {'PD_2,PD_3': 1.0, 'PD_2,PD_4': 1.0, 'PD_2,PD_5': 1.0, 'PD_2,PD_6': 1.0, 'PD_2,PD_7': 0.0, 'PD_3,PD_4': 1.0, 'PD_3,PD_5': 1.0, 'PD_3,PD_6': 1.0, 'PD_3,PD_7': 0.0, 'PD_4,PD_5': 1.0, 'PD_4,PD_6': 1.0, 'PD_4,PD_7': 0.0, 'PD_5,PD_6': 1.0, 'PD_5,PD_7': 0.0, 'PD_6,PD_7': 0.0}, ASR: 1.0, TCB: {'PD_2': ['PD_4', 'PD_3', 'PD_5', 'PD_6'], 'PD_3': ['PD_2', 'PD_4', 'PD_5', 'PD_6'], 'PD_4': ['PD_2', 'PD_3', 'PD_5', 'PD_6'], 'PD_5': ['PD_2', 'PD_3', 'PD_4', 'PD_6'], 'PD_6': ['PD_2', 'PD_3', 'PD_4', 'PD_5'], 'PD_7': []}, FR: {'PD_2,PD_3': inf, 'PD_2,PD_4': inf, 'PD_2,PD_5': inf, 'PD_2,PD_6': inf, 'PD_2,PD_7': inf, 'PD_3,PD_4': inf, 'PD_3,PD_5': inf, 'PD_3,PD_6': inf, 'PD_3,PD_7': inf, 'PD_4,PD_5': inf, 'PD_4,PD_6': inf, 'PD_4,PD_7': inf, 'PD_5,PD_6': inf, 'PD_5,PD_7': inf, 'PD_6,PD_7': inf}
  Computing metrics...
    RSI: {'PD_2,PD_3': 1.0, 'PD_2,PD_4': 1.0, 'PD_2,PD_5': 1.0, 'PD_2,PD_6': 1.0, 'PD_2,PD_7': 0.0, 'PD_3,PD_4': 1.0, 'PD_3,PD_5': 1.0, 'PD_3,PD_6': 1.0, 'PD_3,PD_7': 0.0, 'PD_4,PD_5': 1.0, 'PD_4,PD_6': 1.0, 'PD_4,PD_7': 0.0, 'PD_5,PD_6': 1.0, 'PD_5,PD_7': 0.0, 'PD_6,PD_7': 0.0}, ASR: 1.0, TCB: {'PD_2': ['PD_4', 'PD_3', 'PD_5', 'PD_6'], 'PD_3': ['PD_2', 'PD_4', 'PD_5', 'PD_6'], 'PD_4': ['PD_2', 'PD_3', 'PD_5', 'PD_6'], 'PD_5': ['PD_2', 'PD_3', 'PD_4', 'PD_6'], 'PD_6': ['PD_2', 'PD_3', 'PD_4', 'PD_5'], 'PD_7': []}, FR: {'PD_2,PD_3': inf, 'PD_2,PD_4': inf, 'PD_2,PD_5': inf, 'PD_2,PD_6': inf, 'PD_2,PD_7': inf, 'PD_3,PD_4': inf, 'PD_3,PD_5': inf, 'PD_3,PD_6': inf, 'PD_3,PD_7': inf, 'PD_4,PD_5': inf, 'PD_4,PD_6': inf, 'PD_4,PD_7': inf, 'PD_5,PD_6': inf, 'PD_5,PD_7': inf, 'PD_6,PD_7': inf}
    remove_hold_edge candidate: remove PD_6 -> FILE_1_1 HOLD edge -> score: 0.100
  Computing metrics...
    RSI: {'PD_2,PD_3': 1.0, 'PD_2,PD_4': 1.0, 'PD_2,PD_5': 1.0, 'PD_2,PD_6': 1.0, 'PD_2,PD_7': 0.0, 'PD_3,PD_4': 1.0, 'PD_3,PD_5': 1.0, 'PD_3,PD_6': 1.0, 'PD_3,PD_7': 0.0, 'PD_4,PD_5': 1.0, 'PD_4,PD_6': 1.0, 'PD_4,PD_7': 0.0, 'PD_5,PD_6': 1.0, 'PD_5,PD_7': 0.0, 'PD_6,PD_7': 0.0}, ASR: 1.0, TCB: {'PD_2': ['PD_4', 'PD_3', 'PD_5', 'PD_6'], 'PD_3': ['PD_2', 'PD_4', 'PD_5', 'PD_6'], 'PD_4': ['PD_2', 'PD_3', 'PD_5', 'PD_6'], 'PD_5': ['PD_2', 'PD_3', 'PD_4', 'PD_6'], 'PD_6': ['PD_2', 'PD_3', 'PD_4', 'PD_5'], 'PD_7': []}, FR: {'PD_2,PD_3': inf, 'PD_2,PD_4': inf, 'PD_2,PD_5': inf, 'PD_2,PD_6': inf, 'PD_2,PD_7': inf, 'PD_3,PD_4': inf, 'PD_3,PD_5': inf, 'PD_3,PD_6': inf, 'PD_3,PD_7': inf, 'PD_4,PD_5': inf, 'PD_4,PD_6': inf, 'PD_4,PD_7': inf, 'PD_5,PD_6': inf, 'PD_5,PD_7': inf, 'PD_6,PD_7': inf}
  Computing metrics...
    RSI: {'PD_2,PD_3': 1.0, 'PD_2,PD_4': 1.0, 'PD_2,PD_5': 1.0, 'PD_2,PD_6': 1.0, 'PD_2,PD_7': 0.0, 'PD_3,PD_4': 1.0, 'PD_3,PD_5': 1.0, 'PD_3,PD_6': 1.0, 'PD_3,PD_7': 0.0, 'PD_4,PD_5': 1.0, 'PD_4,PD_6': 1.0, 'PD_4,PD_7': 0.0, 'PD_5,PD_6': 1.0, 'PD_5,PD_7': 0.0, 'PD_6,PD_7': 0.0}, ASR: 1.1666666666666667, TCB: {'PD_2': ['PD_4', 'PD_3', 'PD_5', 'PD_6'], 'PD_3': ['PD_2', 'PD_4', 'PD_5', 'PD_6'], 'PD_4': ['PD_2', 'PD_3', 'PD_5', 'PD_6'], 'PD_5': ['PD_2', 'PD_3', 'PD_4', 'PD_6'], 'PD_6': ['PD_2', 'PD_3', 'PD_4', 'PD_5'], 'PD_7': []}, FR: {'PD_2,PD_3': inf, 'PD_2,PD_4': inf, 'PD_2,PD_5': inf, 'PD_2,PD_6': inf, 'PD_2,PD_7': inf, 'PD_3,PD_4': inf, 'PD_3,PD_5': inf, 'PD_3,PD_6': inf, 'PD_3,PD_7': inf, 'PD_4,PD_5': inf, 'PD_4,PD_6': inf, 'PD_4,PD_7': inf, 'PD_5,PD_6': inf, 'PD_5,PD_7': inf, 'PD_6,PD_7': inf}
  Computing metrics...
    RSI: {'PD_2,PD_3': 1.0, 'PD_2,PD_4': 1.0, 'PD_2,PD_5': 1.0, 'PD_2,PD_6': 1.0, 'PD_2,PD_7': 0.0, 'PD_3,PD_4': 1.0, 'PD_3,PD_5': 1.0, 'PD_3,PD_6': 1.0, 'PD_3,PD_7': 0.0, 'PD_4,PD_5': 1.0, 'PD_4,PD_6': 1.0, 'PD_4,PD_7': 0.0, 'PD_5,PD_6': 1.0, 'PD_5,PD_7': 0.0, 'PD_6,PD_7': 0.0}, ASR: 1.0, TCB: {'PD_2': ['PD_4', 'PD_3', 'PD_5', 'PD_6'], 'PD_3': ['PD_2', 'PD_4', 'PD_5', 'PD_6'], 'PD_4': ['PD_2', 'PD_3', 'PD_5', 'PD_6'], 'PD_5': ['PD_2', 'PD_3', 'PD_4', 'PD_6'], 'PD_6': ['PD_2', 'PD_3', 'PD_4', 'PD_5'], 'PD_7': []}, FR: {'PD_2,PD_3': inf, 'PD_2,PD_4': inf, 'PD_2,PD_5': inf, 'PD_2,PD_6': inf, 'PD_2,PD_7': inf, 'PD_3,PD_4': inf, 'PD_3,PD_5': inf, 'PD_3,PD_6': inf, 'PD_3,PD_7': inf, 'PD_4,PD_5': inf, 'PD_4,PD_6': inf, 'PD_4,PD_7': inf, 'PD_5,PD_6': inf, 'PD_5,PD_7': inf, 'PD_6,PD_7': inf}
  Computing metrics...
    RSI: {'PD_2,PD_3': 1.0, 'PD_2,PD_4': 1.0, 'PD_2,PD_5': 1.0, 'PD_2,PD_6': 1.0, 'PD_2,PD_7': 0.0, 'PD_3,PD_4': 1.0, 'PD_3,PD_5': 1.0, 'PD_3,PD_6': 1.0, 'PD_3,PD_7': 0.0, 'PD_4,PD_5': 1.0, 'PD_4,PD_6': 1.0, 'PD_4,PD_7': 0.0, 'PD_5,PD_6': 1.0, 'PD_5,PD_7': 0.0, 'PD_6,PD_7': 0.0}, ASR: 1.1666666666666667, TCB: {'PD_2': ['PD_4', 'PD_5', 'PD_3', 'PD_6'], 'PD_3': ['PD_2', 'PD_4', 'PD_5', 'PD_6'], 'PD_4': ['PD_2', 'PD_3', 'PD_5', 'PD_6'], 'PD_5': ['PD_2', 'PD_3', 'PD_4', 'PD_6'], 'PD_6': ['PD_2', 'PD_3', 'PD_4', 'PD_5'], 'PD_7': []}, FR: {'PD_2,PD_3': inf, 'PD_2,PD_4': inf, 'PD_2,PD_5': inf, 'PD_2,PD_6': inf, 'PD_2,PD_7': inf, 'PD_3,PD_4': inf, 'PD_3,PD_5': inf, 'PD_3,PD_6': inf, 'PD_3,PD_7': inf, 'PD_4,PD_5': inf, 'PD_4,PD_6': inf, 'PD_4,PD_7': inf, 'PD_5,PD_6': inf, 'PD_5,PD_7': inf, 'PD_6,PD_7': inf}
  Computing metrics...
    RSI: {'PD_2,PD_3': 1.0, 'PD_2,PD_4': 1.0, 'PD_2,PD_5': 1.0, 'PD_2,PD_6': 1.0, 'PD_2,PD_7': 0.0, 'PD_3,PD_4': 1.0, 'PD_3,PD_5': 1.0, 'PD_3,PD_6': 1.0, 'PD_3,PD_7': 0.0, 'PD_4,PD_5': 1.0, 'PD_4,PD_6': 1.0, 'PD_4,PD_7': 0.0, 'PD_5,PD_6': 1.0, 'PD_5,PD_7': 0.0, 'PD_6,PD_7': 0.0}, ASR: 1.0, TCB: {'PD_2': ['PD_4', 'PD_3', 'PD_5', 'PD_6'], 'PD_3': ['PD_2', 'PD_4', 'PD_5', 'PD_6'], 'PD_4': ['PD_2', 'PD_3', 'PD_5', 'PD_6'], 'PD_5': ['PD_2', 'PD_3', 'PD_4', 'PD_6'], 'PD_6': ['PD_2', 'PD_3', 'PD_4', 'PD_5'], 'PD_7': []}, FR: {'PD_2,PD_3': inf, 'PD_2,PD_4': inf, 'PD_2,PD_5': inf, 'PD_2,PD_6': inf, 'PD_2,PD_7': inf, 'PD_3,PD_4': inf, 'PD_3,PD_5': inf, 'PD_3,PD_6': inf, 'PD_3,PD_7': inf, 'PD_4,PD_5': inf, 'PD_4,PD_6': inf, 'PD_4,PD_7': inf, 'PD_5,PD_6': inf, 'PD_5,PD_7': inf, 'PD_6,PD_7': inf}
  Computing metrics...
    RSI: {'PD_2,PD_3': 1.0, 'PD_2,PD_4': 1.0, 'PD_2,PD_5': 1.0, 'PD_2,PD_6': 1.0, 'PD_2,PD_7': 0.0, 'PD_3,PD_4': 1.0, 'PD_3,PD_5': 1.0, 'PD_3,PD_6': 1.0, 'PD_3,PD_7': 0.0, 'PD_4,PD_5': 1.0, 'PD_4,PD_6': 1.0, 'PD_4,PD_7': 0.0, 'PD_5,PD_6': 1.0, 'PD_5,PD_7': 0.0, 'PD_6,PD_7': 0.0}, ASR: 1.1666666666666667, TCB: {'PD_2': ['PD_4', 'PD_6', 'PD_3', 'PD_5'], 'PD_3': ['PD_2', 'PD_4', 'PD_5', 'PD_6'], 'PD_4': ['PD_2', 'PD_3', 'PD_5', 'PD_6'], 'PD_5': ['PD_2', 'PD_3', 'PD_4', 'PD_6'], 'PD_6': ['PD_2', 'PD_3', 'PD_4', 'PD_5'], 'PD_7': []}, FR: {'PD_2,PD_3': inf, 'PD_2,PD_4': inf, 'PD_2,PD_5': inf, 'PD_2,PD_6': inf, 'PD_2,PD_7': inf, 'PD_3,PD_4': inf, 'PD_3,PD_5': inf, 'PD_3,PD_6': inf, 'PD_3,PD_7': inf, 'PD_4,PD_5': inf, 'PD_4,PD_6': inf, 'PD_4,PD_7': inf, 'PD_5,PD_6': inf, 'PD_5,PD_7': inf, 'PD_6,PD_7': inf}
  Computing metrics...
    RSI: {'PD_2,PD_3': 1.0, 'PD_2,PD_4': 1.0, 'PD_2,PD_5': 1.0, 'PD_2,PD_6': 1.0, 'PD_2,PD_7': 0.0, 'PD_3,PD_4': 1.0, 'PD_3,PD_5': 1.0, 'PD_3,PD_6': 1.0, 'PD_3,PD_7': 0.0, 'PD_4,PD_5': 1.0, 'PD_4,PD_6': 1.0, 'PD_4,PD_7': 0.0, 'PD_5,PD_6': 1.0, 'PD_5,PD_7': 0.0, 'PD_6,PD_7': 0.0}, ASR: 1.0, TCB: {'PD_2': ['PD_4', 'PD_3', 'PD_5', 'PD_6'], 'PD_3': ['PD_2', 'PD_4', 'PD_5', 'PD_6'], 'PD_4': ['PD_2', 'PD_3', 'PD_5', 'PD_6'], 'PD_5': ['PD_2', 'PD_3', 'PD_4', 'PD_6'], 'PD_6': ['PD_2', 'PD_3', 'PD_4', 'PD_5'], 'PD_7': []}, FR: {'PD_2,PD_3': inf, 'PD_2,PD_4': inf, 'PD_2,PD_5': inf, 'PD_2,PD_6': inf, 'PD_2,PD_7': inf, 'PD_3,PD_4': inf, 'PD_3,PD_5': inf, 'PD_3,PD_6': inf, 'PD_3,PD_7': inf, 'PD_4,PD_5': inf, 'PD_4,PD_6': inf, 'PD_4,PD_7': inf, 'PD_5,PD_6': inf, 'PD_5,PD_7': inf, 'PD_6,PD_7': inf}
  Computing metrics...
    RSI: {'PD_2,PD_3': 1.0, 'PD_2,PD_4': 1.0, 'PD_2,PD_5': 1.0, 'PD_2,PD_6': 1.0, 'PD_2,PD_7': 0.0, 'PD_3,PD_4': 1.0, 'PD_3,PD_5': 1.0, 'PD_3,PD_6': 1.0, 'PD_3,PD_7': 0.0, 'PD_4,PD_5': 1.0, 'PD_4,PD_6': 1.0, 'PD_4,PD_7': 0.0, 'PD_5,PD_6': 1.0, 'PD_5,PD_7': 0.0, 'PD_6,PD_7': 0.0}, ASR: 1.1666666666666667, TCB: {'PD_2': ['PD_4', 'PD_7', 'PD_3', 'PD_5', 'PD_6'], 'PD_3': ['PD_2', 'PD_4', 'PD_5', 'PD_6'], 'PD_4': ['PD_2', 'PD_3', 'PD_5', 'PD_6'], 'PD_5': ['PD_2', 'PD_3', 'PD_4', 'PD_6'], 'PD_6': ['PD_2', 'PD_3', 'PD_4', 'PD_5'], 'PD_7': []}, FR: {'PD_2,PD_3': inf, 'PD_2,PD_4': inf, 'PD_2,PD_5': inf, 'PD_2,PD_6': inf, 'PD_2,PD_7': inf, 'PD_3,PD_4': inf, 'PD_3,PD_5': inf, 'PD_3,PD_6': inf, 'PD_3,PD_7': inf, 'PD_4,PD_5': inf, 'PD_4,PD_6': inf, 'PD_4,PD_7': inf, 'PD_5,PD_6': inf, 'PD_5,PD_7': inf, 'PD_6,PD_7': inf}
  Computing metrics...
    RSI: {'PD_2,PD_3': 1.0, 'PD_2,PD_4': 1.0, 'PD_2,PD_5': 1.0, 'PD_2,PD_6': 1.0, 'PD_2,PD_7': 0.0, 'PD_3,PD_4': 1.0, 'PD_3,PD_5': 1.0, 'PD_3,PD_6': 1.0, 'PD_3,PD_7': 0.0, 'PD_4,PD_5': 1.0, 'PD_4,PD_6': 1.0, 'PD_4,PD_7': 0.0, 'PD_5,PD_6': 1.0, 'PD_5,PD_7': 0.0, 'PD_6,PD_7': 0.0}, ASR: 1.0, TCB: {'PD_2': ['PD_4', 'PD_3', 'PD_5', 'PD_6'], 'PD_3': ['PD_2', 'PD_4', 'PD_5', 'PD_6'], 'PD_4': ['PD_2', 'PD_3', 'PD_5', 'PD_6'], 'PD_5': ['PD_2', 'PD_3', 'PD_4', 'PD_6'], 'PD_6': ['PD_2', 'PD_3', 'PD_4', 'PD_5'], 'PD_7': []}, FR: {'PD_2,PD_3': inf, 'PD_2,PD_4': inf, 'PD_2,PD_5': inf, 'PD_2,PD_6': inf, 'PD_2,PD_7': inf, 'PD_3,PD_4': inf, 'PD_3,PD_5': inf, 'PD_3,PD_6': inf, 'PD_3,PD_7': inf, 'PD_4,PD_5': inf, 'PD_4,PD_6': inf, 'PD_4,PD_7': inf, 'PD_5,PD_6': inf, 'PD_5,PD_7': inf, 'PD_6,PD_7': inf}
  Computing metrics...
    RSI: {'PD_2,PD_3': 1.0, 'PD_2,PD_4': 1.0, 'PD_2,PD_5': 1.0, 'PD_2,PD_6': 1.0, 'PD_2,PD_7': 0.0, 'PD_3,PD_4': 1.0, 'PD_3,PD_5': 1.0, 'PD_3,PD_6': 1.0, 'PD_3,PD_7': 0.0, 'PD_4,PD_5': 1.0, 'PD_4,PD_6': 1.0, 'PD_4,PD_7': 0.0, 'PD_5,PD_6': 1.0, 'PD_5,PD_7': 0.0, 'PD_6,PD_7': 0.0}, ASR: 1.1666666666666667, TCB: {'PD_2': ['PD_4', 'PD_3', 'PD_5', 'PD_6'], 'PD_3': ['PD_2', 'PD_4', 'PD_5', 'PD_6'], 'PD_4': ['PD_2', 'PD_3', 'PD_5', 'PD_6'], 'PD_5': ['PD_2', 'PD_3', 'PD_4', 'PD_6'], 'PD_6': ['PD_2', 'PD_3', 'PD_4', 'PD_5'], 'PD_7': []}, FR: {'PD_2,PD_3': 3, 'PD_2,PD_4': inf, 'PD_2,PD_5': inf, 'PD_2,PD_6': inf, 'PD_2,PD_7': inf, 'PD_3,PD_4': inf, 'PD_3,PD_5': inf, 'PD_3,PD_6': inf, 'PD_3,PD_7': inf, 'PD_4,PD_5': inf, 'PD_4,PD_6': inf, 'PD_4,PD_7': inf, 'PD_5,PD_6': inf, 'PD_5,PD_7': inf, 'PD_6,PD_7': inf}
  Computing metrics...
    RSI: {'PD_2,PD_3': 1.0, 'PD_2,PD_4': 1.0, 'PD_2,PD_5': 1.0, 'PD_2,PD_6': 1.0, 'PD_2,PD_7': 0.0, 'PD_3,PD_4': 1.0, 'PD_3,PD_5': 1.0, 'PD_3,PD_6': 1.0, 'PD_3,PD_7': 0.0, 'PD_4,PD_5': 1.0, 'PD_4,PD_6': 1.0, 'PD_4,PD_7': 0.0, 'PD_5,PD_6': 1.0, 'PD_5,PD_7': 0.0, 'PD_6,PD_7': 0.0}, ASR: 1.0, TCB: {'PD_2': ['PD_4', 'PD_3', 'PD_5', 'PD_6'], 'PD_3': ['PD_2', 'PD_4', 'PD_5', 'PD_6'], 'PD_4': ['PD_2', 'PD_3', 'PD_5', 'PD_6'], 'PD_5': ['PD_2', 'PD_3', 'PD_4', 'PD_6'], 'PD_6': ['PD_2', 'PD_3', 'PD_4', 'PD_5'], 'PD_7': []}, FR: {'PD_2,PD_3': inf, 'PD_2,PD_4': inf, 'PD_2,PD_5': inf, 'PD_2,PD_6': inf, 'PD_2,PD_7': inf, 'PD_3,PD_4': inf, 'PD_3,PD_5': inf, 'PD_3,PD_6': inf, 'PD_3,PD_7': inf, 'PD_4,PD_5': inf, 'PD_4,PD_6': inf, 'PD_4,PD_7': inf, 'PD_5,PD_6': inf, 'PD_5,PD_7': inf, 'PD_6,PD_7': inf}
  Computing metrics...
    RSI: {'PD_2,PD_3': 1.0, 'PD_2,PD_4': 1.0, 'PD_2,PD_5': 1.0, 'PD_2,PD_6': 1.0, 'PD_2,PD_7': 0.0, 'PD_3,PD_4': 1.0, 'PD_3,PD_5': 1.0, 'PD_3,PD_6': 1.0, 'PD_3,PD_7': 0.0, 'PD_4,PD_5': 1.0, 'PD_4,PD_6': 1.0, 'PD_4,PD_7': 0.0, 'PD_5,PD_6': 1.0, 'PD_5,PD_7': 0.0, 'PD_6,PD_7': 0.0}, ASR: 1.1666666666666667, TCB: {'PD_2': ['PD_4', 'PD_3', 'PD_5', 'PD_6'], 'PD_3': ['PD_4', 'PD_2', 'PD_5', 'PD_6'], 'PD_4': ['PD_2', 'PD_3', 'PD_5', 'PD_6'], 'PD_5': ['PD_2', 'PD_3', 'PD_4', 'PD_6'], 'PD_6': ['PD_2', 'PD_3', 'PD_4', 'PD_5'], 'PD_7': []}, FR: {'PD_2,PD_3': 2, 'PD_2,PD_4': inf, 'PD_2,PD_5': inf, 'PD_2,PD_6': inf, 'PD_2,PD_7': inf, 'PD_3,PD_4': inf, 'PD_3,PD_5': inf, 'PD_3,PD_6': inf, 'PD_3,PD_7': inf, 'PD_4,PD_5': inf, 'PD_4,PD_6': inf, 'PD_4,PD_7': inf, 'PD_5,PD_6': inf, 'PD_5,PD_7': inf, 'PD_6,PD_7': inf}
  Computing metrics...
    RSI: {'PD_2,PD_3': 1.0, 'PD_2,PD_4': 1.0, 'PD_2,PD_5': 1.0, 'PD_2,PD_6': 1.0, 'PD_2,PD_7': 0.0, 'PD_3,PD_4': 1.0, 'PD_3,PD_5': 1.0, 'PD_3,PD_6': 1.0, 'PD_3,PD_7': 0.0, 'PD_4,PD_5': 1.0, 'PD_4,PD_6': 1.0, 'PD_4,PD_7': 0.0, 'PD_5,PD_6': 1.0, 'PD_5,PD_7': 0.0, 'PD_6,PD_7': 0.0}, ASR: 1.0, TCB: {'PD_2': ['PD_4', 'PD_3', 'PD_5', 'PD_6'], 'PD_3': ['PD_2', 'PD_4', 'PD_5', 'PD_6'], 'PD_4': ['PD_2', 'PD_3', 'PD_5', 'PD_6'], 'PD_5': ['PD_2', 'PD_3', 'PD_4', 'PD_6'], 'PD_6': ['PD_2', 'PD_3', 'PD_4', 'PD_5'], 'PD_7': []}, FR: {'PD_2,PD_3': inf, 'PD_2,PD_4': inf, 'PD_2,PD_5': inf, 'PD_2,PD_6': inf, 'PD_2,PD_7': inf, 'PD_3,PD_4': inf, 'PD_3,PD_5': inf, 'PD_3,PD_6': inf, 'PD_3,PD_7': inf, 'PD_4,PD_5': inf, 'PD_4,PD_6': inf, 'PD_4,PD_7': inf, 'PD_5,PD_6': inf, 'PD_5,PD_7': inf, 'PD_6,PD_7': inf}
  Computing metrics...
    RSI: {'PD_2,PD_3': 1.0, 'PD_2,PD_4': 1.0, 'PD_2,PD_5': 1.0, 'PD_2,PD_6': 1.0, 'PD_2,PD_7': 0.0, 'PD_3,PD_4': 1.0, 'PD_3,PD_5': 1.0, 'PD_3,PD_6': 1.0, 'PD_3,PD_7': 0.0, 'PD_4,PD_5': 1.0, 'PD_4,PD_6': 1.0, 'PD_4,PD_7': 0.0, 'PD_5,PD_6': 1.0, 'PD_5,PD_7': 0.0, 'PD_6,PD_7': 0.0}, ASR: 1.1666666666666667, TCB: {'PD_2': ['PD_4', 'PD_3', 'PD_5', 'PD_6'], 'PD_3': ['PD_5', 'PD_2', 'PD_4', 'PD_6'], 'PD_4': ['PD_2', 'PD_3', 'PD_5', 'PD_6'], 'PD_5': ['PD_2', 'PD_3', 'PD_4', 'PD_6'], 'PD_6': ['PD_2', 'PD_3', 'PD_4', 'PD_5'], 'PD_7': []}, FR: {'PD_2,PD_3': inf, 'PD_2,PD_4': inf, 'PD_2,PD_5': inf, 'PD_2,PD_6': inf, 'PD_2,PD_7': inf, 'PD_3,PD_4': inf, 'PD_3,PD_5': inf, 'PD_3,PD_6': inf, 'PD_3,PD_7': inf, 'PD_4,PD_5': inf, 'PD_4,PD_6': inf, 'PD_4,PD_7': inf, 'PD_5,PD_6': inf, 'PD_5,PD_7': inf, 'PD_6,PD_7': inf}
  Computing metrics...
    RSI: {'PD_2,PD_3': 1.0, 'PD_2,PD_4': 1.0, 'PD_2,PD_5': 1.0, 'PD_2,PD_6': 1.0, 'PD_2,PD_7': 0.0, 'PD_3,PD_4': 1.0, 'PD_3,PD_5': 1.0, 'PD_3,PD_6': 1.0, 'PD_3,PD_7': 0.0, 'PD_4,PD_5': 1.0, 'PD_4,PD_6': 1.0, 'PD_4,PD_7': 0.0, 'PD_5,PD_6': 1.0, 'PD_5,PD_7': 0.0, 'PD_6,PD_7': 0.0}, ASR: 1.0, TCB: {'PD_2': ['PD_4', 'PD_3', 'PD_5', 'PD_6'], 'PD_3': ['PD_2', 'PD_4', 'PD_5', 'PD_6'], 'PD_4': ['PD_2', 'PD_3', 'PD_5', 'PD_6'], 'PD_5': ['PD_2', 'PD_3', 'PD_4', 'PD_6'], 'PD_6': ['PD_2', 'PD_3', 'PD_4', 'PD_5'], 'PD_7': []}, FR: {'PD_2,PD_3': inf, 'PD_2,PD_4': inf, 'PD_2,PD_5': inf, 'PD_2,PD_6': inf, 'PD_2,PD_7': inf, 'PD_3,PD_4': inf, 'PD_3,PD_5': inf, 'PD_3,PD_6': inf, 'PD_3,PD_7': inf, 'PD_4,PD_5': inf, 'PD_4,PD_6': inf, 'PD_4,PD_7': inf, 'PD_5,PD_6': inf, 'PD_5,PD_7': inf, 'PD_6,PD_7': inf}
  Computing metrics...
    RSI: {'PD_2,PD_3': 1.0, 'PD_2,PD_4': 1.0, 'PD_2,PD_5': 1.0, 'PD_2,PD_6': 1.0, 'PD_2,PD_7': 0.0, 'PD_3,PD_4': 1.0, 'PD_3,PD_5': 1.0, 'PD_3,PD_6': 1.0, 'PD_3,PD_7': 0.0, 'PD_4,PD_5': 1.0, 'PD_4,PD_6': 1.0, 'PD_4,PD_7': 0.0, 'PD_5,PD_6': 1.0, 'PD_5,PD_7': 0.0, 'PD_6,PD_7': 0.0}, ASR: 1.1666666666666667, TCB: {'PD_2': ['PD_4', 'PD_3', 'PD_5', 'PD_6'], 'PD_3': ['PD_6', 'PD_2', 'PD_4', 'PD_5'], 'PD_4': ['PD_2', 'PD_3', 'PD_5', 'PD_6'], 'PD_5': ['PD_2', 'PD_3', 'PD_4', 'PD_6'], 'PD_6': ['PD_2', 'PD_3', 'PD_4', 'PD_5'], 'PD_7': []}, FR: {'PD_2,PD_3': inf, 'PD_2,PD_4': inf, 'PD_2,PD_5': inf, 'PD_2,PD_6': inf, 'PD_2,PD_7': inf, 'PD_3,PD_4': inf, 'PD_3,PD_5': inf, 'PD_3,PD_6': inf, 'PD_3,PD_7': inf, 'PD_4,PD_5': inf, 'PD_4,PD_6': inf, 'PD_4,PD_7': inf, 'PD_5,PD_6': inf, 'PD_5,PD_7': inf, 'PD_6,PD_7': inf}
  Computing metrics...
    RSI: {'PD_2,PD_3': 1.0, 'PD_2,PD_4': 1.0, 'PD_2,PD_5': 1.0, 'PD_2,PD_6': 1.0, 'PD_2,PD_7': 0.0, 'PD_3,PD_4': 1.0, 'PD_3,PD_5': 1.0, 'PD_3,PD_6': 1.0, 'PD_3,PD_7': 0.0, 'PD_4,PD_5': 1.0, 'PD_4,PD_6': 1.0, 'PD_4,PD_7': 0.0, 'PD_5,PD_6': 1.0, 'PD_5,PD_7': 0.0, 'PD_6,PD_7': 0.0}, ASR: 1.0, TCB: {'PD_2': ['PD_4', 'PD_3', 'PD_5', 'PD_6'], 'PD_3': ['PD_2', 'PD_4', 'PD_5', 'PD_6'], 'PD_4': ['PD_2', 'PD_3', 'PD_5', 'PD_6'], 'PD_5': ['PD_2', 'PD_3', 'PD_4', 'PD_6'], 'PD_6': ['PD_2', 'PD_3', 'PD_4', 'PD_5'], 'PD_7': []}, FR: {'PD_2,PD_3': inf, 'PD_2,PD_4': inf, 'PD_2,PD_5': inf, 'PD_2,PD_6': inf, 'PD_2,PD_7': inf, 'PD_3,PD_4': inf, 'PD_3,PD_5': inf, 'PD_3,PD_6': inf, 'PD_3,PD_7': inf, 'PD_4,PD_5': inf, 'PD_4,PD_6': inf, 'PD_4,PD_7': inf, 'PD_5,PD_6': inf, 'PD_5,PD_7': inf, 'PD_6,PD_7': inf}
  Computing metrics...
    RSI: {'PD_2,PD_3': 1.0, 'PD_2,PD_4': 1.0, 'PD_2,PD_5': 1.0, 'PD_2,PD_6': 1.0, 'PD_2,PD_7': 0.0, 'PD_3,PD_4': 1.0, 'PD_3,PD_5': 1.0, 'PD_3,PD_6': 1.0, 'PD_3,PD_7': 0.0, 'PD_4,PD_5': 1.0, 'PD_4,PD_6': 1.0, 'PD_4,PD_7': 0.0, 'PD_5,PD_6': 1.0, 'PD_5,PD_7': 0.0, 'PD_6,PD_7': 0.0}, ASR: 1.1666666666666667, TCB: {'PD_2': ['PD_4', 'PD_3', 'PD_5', 'PD_6'], 'PD_3': ['PD_7', 'PD_2', 'PD_4', 'PD_5', 'PD_6'], 'PD_4': ['PD_2', 'PD_3', 'PD_5', 'PD_6'], 'PD_5': ['PD_2', 'PD_3', 'PD_4', 'PD_6'], 'PD_6': ['PD_2', 'PD_3', 'PD_4', 'PD_5'], 'PD_7': []}, FR: {'PD_2,PD_3': inf, 'PD_2,PD_4': inf, 'PD_2,PD_5': inf, 'PD_2,PD_6': inf, 'PD_2,PD_7': inf, 'PD_3,PD_4': inf, 'PD_3,PD_5': inf, 'PD_3,PD_6': inf, 'PD_3,PD_7': inf, 'PD_4,PD_5': inf, 'PD_4,PD_6': inf, 'PD_4,PD_7': inf, 'PD_5,PD_6': inf, 'PD_5,PD_7': inf, 'PD_6,PD_7': inf}
  Computing metrics...
    RSI: {'PD_2,PD_3': 1.0, 'PD_2,PD_4': 1.0, 'PD_2,PD_5': 1.0, 'PD_2,PD_6': 1.0, 'PD_2,PD_7': 0.0, 'PD_3,PD_4': 1.0, 'PD_3,PD_5': 1.0, 'PD_3,PD_6': 1.0, 'PD_3,PD_7': 0.0, 'PD_4,PD_5': 1.0, 'PD_4,PD_6': 1.0, 'PD_4,PD_7': 0.0, 'PD_5,PD_6': 1.0, 'PD_5,PD_7': 0.0, 'PD_6,PD_7': 0.0}, ASR: 1.0, TCB: {'PD_2': ['PD_4', 'PD_3', 'PD_5', 'PD_6'], 'PD_3': ['PD_2', 'PD_4', 'PD_5', 'PD_6'], 'PD_4': ['PD_2', 'PD_3', 'PD_5', 'PD_6'], 'PD_5': ['PD_2', 'PD_3', 'PD_4', 'PD_6'], 'PD_6': ['PD_2', 'PD_3', 'PD_4', 'PD_5'], 'PD_7': []}, FR: {'PD_2,PD_3': inf, 'PD_2,PD_4': inf, 'PD_2,PD_5': inf, 'PD_2,PD_6': inf, 'PD_2,PD_7': inf, 'PD_3,PD_4': inf, 'PD_3,PD_5': inf, 'PD_3,PD_6': inf, 'PD_3,PD_7': inf, 'PD_4,PD_5': inf, 'PD_4,PD_6': inf, 'PD_4,PD_7': inf, 'PD_5,PD_6': inf, 'PD_5,PD_7': inf, 'PD_6,PD_7': inf}
  Computing metrics...
    RSI: {'PD_2,PD_3': 1.0, 'PD_2,PD_4': 1.0, 'PD_2,PD_5': 1.0, 'PD_2,PD_6': 1.0, 'PD_2,PD_7': 0.0, 'PD_3,PD_4': 1.0, 'PD_3,PD_5': 1.0, 'PD_3,PD_6': 1.0, 'PD_3,PD_7': 0.0, 'PD_4,PD_5': 1.0, 'PD_4,PD_6': 1.0, 'PD_4,PD_7': 0.0, 'PD_5,PD_6': 1.0, 'PD_5,PD_7': 0.0, 'PD_6,PD_7': 0.0}, ASR: 1.1666666666666667, TCB: {'PD_2': ['PD_4', 'PD_3', 'PD_5', 'PD_6'], 'PD_3': ['PD_2', 'PD_4', 'PD_5', 'PD_6'], 'PD_4': ['PD_2', 'PD_3', 'PD_5', 'PD_6'], 'PD_5': ['PD_2', 'PD_3', 'PD_4', 'PD_6'], 'PD_6': ['PD_2', 'PD_3', 'PD_4', 'PD_5'], 'PD_7': []}, FR: {'PD_2,PD_3': inf, 'PD_2,PD_4': inf, 'PD_2,PD_5': inf, 'PD_2,PD_6': inf, 'PD_2,PD_7': inf, 'PD_3,PD_4': inf, 'PD_3,PD_5': inf, 'PD_3,PD_6': inf, 'PD_3,PD_7': inf, 'PD_4,PD_5': inf, 'PD_4,PD_6': inf, 'PD_4,PD_7': inf, 'PD_5,PD_6': inf, 'PD_5,PD_7': inf, 'PD_6,PD_7': inf}
  Computing metrics...
    RSI: {'PD_2,PD_3': 1.0, 'PD_2,PD_4': 1.0, 'PD_2,PD_5': 1.0, 'PD_2,PD_6': 1.0, 'PD_2,PD_7': 0.0, 'PD_3,PD_4': 1.0, 'PD_3,PD_5': 1.0, 'PD_3,PD_6': 1.0, 'PD_3,PD_7': 0.0, 'PD_4,PD_5': 1.0, 'PD_4,PD_6': 1.0, 'PD_4,PD_7': 0.0, 'PD_5,PD_6': 1.0, 'PD_5,PD_7': 0.0, 'PD_6,PD_7': 0.0}, ASR: 1.0, TCB: {'PD_2': ['PD_4', 'PD_3', 'PD_5', 'PD_6'], 'PD_3': ['PD_2', 'PD_4', 'PD_5', 'PD_6'], 'PD_4': ['PD_2', 'PD_3', 'PD_5', 'PD_6'], 'PD_5': ['PD_2', 'PD_3', 'PD_4', 'PD_6'], 'PD_6': ['PD_2', 'PD_3', 'PD_4', 'PD_5'], 'PD_7': []}, FR: {'PD_2,PD_3': inf, 'PD_2,PD_4': inf, 'PD_2,PD_5': inf, 'PD_2,PD_6': inf, 'PD_2,PD_7': inf, 'PD_3,PD_4': inf, 'PD_3,PD_5': inf, 'PD_3,PD_6': inf, 'PD_3,PD_7': inf, 'PD_4,PD_5': inf, 'PD_4,PD_6': inf, 'PD_4,PD_7': inf, 'PD_5,PD_6': inf, 'PD_5,PD_7': inf, 'PD_6,PD_7': inf}
  Computing metrics...
    RSI: {'PD_2,PD_3': 1.0, 'PD_2,PD_4': 1.0, 'PD_2,PD_5': 1.0, 'PD_2,PD_6': 1.0, 'PD_2,PD_7': 0.0, 'PD_3,PD_4': 1.0, 'PD_3,PD_5': 1.0, 'PD_3,PD_6': 1.0, 'PD_3,PD_7': 0.0, 'PD_4,PD_5': 1.0, 'PD_4,PD_6': 1.0, 'PD_4,PD_7': 0.0, 'PD_5,PD_6': 1.0, 'PD_5,PD_7': 0.0, 'PD_6,PD_7': 0.0}, ASR: 1.1666666666666667, TCB: {'PD_2': ['PD_4', 'PD_3', 'PD_5', 'PD_6'], 'PD_3': ['PD_2', 'PD_4', 'PD_5', 'PD_6'], 'PD_4': ['PD_3', 'PD_2', 'PD_5', 'PD_6'], 'PD_5': ['PD_2', 'PD_3', 'PD_4', 'PD_6'], 'PD_6': ['PD_2', 'PD_3', 'PD_4', 'PD_5'], 'PD_7': []}, FR: {'PD_2,PD_3': inf, 'PD_2,PD_4': 3, 'PD_2,PD_5': inf, 'PD_2,PD_6': inf, 'PD_2,PD_7': inf, 'PD_3,PD_4': inf, 'PD_3,PD_5': inf, 'PD_3,PD_6': inf, 'PD_3,PD_7': inf, 'PD_4,PD_5': inf, 'PD_4,PD_6': inf, 'PD_4,PD_7': inf, 'PD_5,PD_6': inf, 'PD_5,PD_7': inf, 'PD_6,PD_7': inf}
  Computing metrics...
    RSI: {'PD_2,PD_3': 1.0, 'PD_2,PD_4': 1.0, 'PD_2,PD_5': 1.0, 'PD_2,PD_6': 1.0, 'PD_2,PD_7': 0.0, 'PD_3,PD_4': 1.0, 'PD_3,PD_5': 1.0, 'PD_3,PD_6': 1.0, 'PD_3,PD_7': 0.0, 'PD_4,PD_5': 1.0, 'PD_4,PD_6': 1.0, 'PD_4,PD_7': 0.0, 'PD_5,PD_6': 1.0, 'PD_5,PD_7': 0.0, 'PD_6,PD_7': 0.0}, ASR: 1.0, TCB: {'PD_2': ['PD_4', 'PD_3', 'PD_5', 'PD_6'], 'PD_3': ['PD_2', 'PD_4', 'PD_5', 'PD_6'], 'PD_4': ['PD_2', 'PD_3', 'PD_5', 'PD_6'], 'PD_5': ['PD_2', 'PD_3', 'PD_4', 'PD_6'], 'PD_6': ['PD_2', 'PD_3', 'PD_4', 'PD_5'], 'PD_7': []}, FR: {'PD_2,PD_3': inf, 'PD_2,PD_4': inf, 'PD_2,PD_5': inf, 'PD_2,PD_6': inf, 'PD_2,PD_7': inf, 'PD_3,PD_4': inf, 'PD_3,PD_5': inf, 'PD_3,PD_6': inf, 'PD_3,PD_7': inf, 'PD_4,PD_5': inf, 'PD_4,PD_6': inf, 'PD_4,PD_7': inf, 'PD_5,PD_6': inf, 'PD_5,PD_7': inf, 'PD_6,PD_7': inf}
  Computing metrics...
    RSI: {'PD_2,PD_3': 1.0, 'PD_2,PD_4': 1.0, 'PD_2,PD_5': 1.0, 'PD_2,PD_6': 1.0, 'PD_2,PD_7': 0.0, 'PD_3,PD_4': 1.0, 'PD_3,PD_5': 1.0, 'PD_3,PD_6': 1.0, 'PD_3,PD_7': 0.0, 'PD_4,PD_5': 1.0, 'PD_4,PD_6': 1.0, 'PD_4,PD_7': 0.0, 'PD_5,PD_6': 1.0, 'PD_5,PD_7': 0.0, 'PD_6,PD_7': 0.0}, ASR: 1.1666666666666667, TCB: {'PD_2': ['PD_4', 'PD_3', 'PD_5', 'PD_6'], 'PD_3': ['PD_2', 'PD_4', 'PD_5', 'PD_6'], 'PD_4': ['PD_5', 'PD_2', 'PD_3', 'PD_6'], 'PD_5': ['PD_2', 'PD_3', 'PD_4', 'PD_6'], 'PD_6': ['PD_2', 'PD_3', 'PD_4', 'PD_5'], 'PD_7': []}, FR: {'PD_2,PD_3': inf, 'PD_2,PD_4': 3, 'PD_2,PD_5': inf, 'PD_2,PD_6': inf, 'PD_2,PD_7': inf, 'PD_3,PD_4': inf, 'PD_3,PD_5': inf, 'PD_3,PD_6': inf, 'PD_3,PD_7': inf, 'PD_4,PD_5': inf, 'PD_4,PD_6': inf, 'PD_4,PD_7': inf, 'PD_5,PD_6': inf, 'PD_5,PD_7': inf, 'PD_6,PD_7': inf}
  Computing metrics...
    RSI: {'PD_2,PD_3': 1.0, 'PD_2,PD_4': 1.0, 'PD_2,PD_5': 1.0, 'PD_2,PD_6': 1.0, 'PD_2,PD_7': 0.0, 'PD_3,PD_4': 1.0, 'PD_3,PD_5': 1.0, 'PD_3,PD_6': 1.0, 'PD_3,PD_7': 0.0, 'PD_4,PD_5': 1.0, 'PD_4,PD_6': 1.0, 'PD_4,PD_7': 0.0, 'PD_5,PD_6': 1.0, 'PD_5,PD_7': 0.0, 'PD_6,PD_7': 0.0}, ASR: 1.0, TCB: {'PD_2': ['PD_4', 'PD_3', 'PD_5', 'PD_6'], 'PD_3': ['PD_2', 'PD_4', 'PD_5', 'PD_6'], 'PD_4': ['PD_2', 'PD_3', 'PD_5', 'PD_6'], 'PD_5': ['PD_2', 'PD_3', 'PD_4', 'PD_6'], 'PD_6': ['PD_2', 'PD_3', 'PD_4', 'PD_5'], 'PD_7': []}, FR: {'PD_2,PD_3': inf, 'PD_2,PD_4': inf, 'PD_2,PD_5': inf, 'PD_2,PD_6': inf, 'PD_2,PD_7': inf, 'PD_3,PD_4': inf, 'PD_3,PD_5': inf, 'PD_3,PD_6': inf, 'PD_3,PD_7': inf, 'PD_4,PD_5': inf, 'PD_4,PD_6': inf, 'PD_4,PD_7': inf, 'PD_5,PD_6': inf, 'PD_5,PD_7': inf, 'PD_6,PD_7': inf}
  Computing metrics...
    RSI: {'PD_2,PD_3': 1.0, 'PD_2,PD_4': 1.0, 'PD_2,PD_5': 1.0, 'PD_2,PD_6': 1.0, 'PD_2,PD_7': 0.0, 'PD_3,PD_4': 1.0, 'PD_3,PD_5': 1.0, 'PD_3,PD_6': 1.0, 'PD_3,PD_7': 0.0, 'PD_4,PD_5': 1.0, 'PD_4,PD_6': 1.0, 'PD_4,PD_7': 0.0, 'PD_5,PD_6': 1.0, 'PD_5,PD_7': 0.0, 'PD_6,PD_7': 0.0}, ASR: 1.1666666666666667, TCB: {'PD_2': ['PD_4', 'PD_3', 'PD_5', 'PD_6'], 'PD_3': ['PD_2', 'PD_4', 'PD_5', 'PD_6'], 'PD_4': ['PD_6', 'PD_2', 'PD_3', 'PD_5'], 'PD_5': ['PD_2', 'PD_3', 'PD_4', 'PD_6'], 'PD_6': ['PD_2', 'PD_3', 'PD_4', 'PD_5'], 'PD_7': []}, FR: {'PD_2,PD_3': inf, 'PD_2,PD_4': 3, 'PD_2,PD_5': inf, 'PD_2,PD_6': inf, 'PD_2,PD_7': inf, 'PD_3,PD_4': inf, 'PD_3,PD_5': inf, 'PD_3,PD_6': inf, 'PD_3,PD_7': inf, 'PD_4,PD_5': inf, 'PD_4,PD_6': inf, 'PD_4,PD_7': inf, 'PD_5,PD_6': inf, 'PD_5,PD_7': inf, 'PD_6,PD_7': inf}
  Computing metrics...
    RSI: {'PD_2,PD_3': 1.0, 'PD_2,PD_4': 1.0, 'PD_2,PD_5': 1.0, 'PD_2,PD_6': 1.0, 'PD_2,PD_7': 0.0, 'PD_3,PD_4': 1.0, 'PD_3,PD_5': 1.0, 'PD_3,PD_6': 1.0, 'PD_3,PD_7': 0.0, 'PD_4,PD_5': 1.0, 'PD_4,PD_6': 1.0, 'PD_4,PD_7': 0.0, 'PD_5,PD_6': 1.0, 'PD_5,PD_7': 0.0, 'PD_6,PD_7': 0.0}, ASR: 1.0, TCB: {'PD_2': ['PD_4', 'PD_3', 'PD_5', 'PD_6'], 'PD_3': ['PD_2', 'PD_4', 'PD_5', 'PD_6'], 'PD_4': ['PD_2', 'PD_3', 'PD_5', 'PD_6'], 'PD_5': ['PD_2', 'PD_3', 'PD_4', 'PD_6'], 'PD_6': ['PD_2', 'PD_3', 'PD_4', 'PD_5'], 'PD_7': []}, FR: {'PD_2,PD_3': inf, 'PD_2,PD_4': inf, 'PD_2,PD_5': inf, 'PD_2,PD_6': inf, 'PD_2,PD_7': inf, 'PD_3,PD_4': inf, 'PD_3,PD_5': inf, 'PD_3,PD_6': inf, 'PD_3,PD_7': inf, 'PD_4,PD_5': inf, 'PD_4,PD_6': inf, 'PD_4,PD_7': inf, 'PD_5,PD_6': inf, 'PD_5,PD_7': inf, 'PD_6,PD_7': inf}
  Computing metrics...
    RSI: {'PD_2,PD_3': 1.0, 'PD_2,PD_4': 1.0, 'PD_2,PD_5': 1.0, 'PD_2,PD_6': 1.0, 'PD_2,PD_7': 0.0, 'PD_3,PD_4': 1.0, 'PD_3,PD_5': 1.0, 'PD_3,PD_6': 1.0, 'PD_3,PD_7': 0.0, 'PD_4,PD_5': 1.0, 'PD_4,PD_6': 1.0, 'PD_4,PD_7': 0.0, 'PD_5,PD_6': 1.0, 'PD_5,PD_7': 0.0, 'PD_6,PD_7': 0.0}, ASR: 1.1666666666666667, TCB: {'PD_2': ['PD_4', 'PD_3', 'PD_5', 'PD_6'], 'PD_3': ['PD_2', 'PD_4', 'PD_5', 'PD_6'], 'PD_4': ['PD_7', 'PD_2', 'PD_3', 'PD_5', 'PD_6'], 'PD_5': ['PD_2', 'PD_3', 'PD_4', 'PD_6'], 'PD_6': ['PD_2', 'PD_3', 'PD_4', 'PD_5'], 'PD_7': []}, FR: {'PD_2,PD_3': inf, 'PD_2,PD_4': 3, 'PD_2,PD_5': inf, 'PD_2,PD_6': inf, 'PD_2,PD_7': inf, 'PD_3,PD_4': inf, 'PD_3,PD_5': inf, 'PD_3,PD_6': inf, 'PD_3,PD_7': inf, 'PD_4,PD_5': inf, 'PD_4,PD_6': inf, 'PD_4,PD_7': inf, 'PD_5,PD_6': inf, 'PD_5,PD_7': inf, 'PD_6,PD_7': inf}
  Computing metrics...
    RSI: {'PD_2,PD_3': 1.0, 'PD_2,PD_4': 1.0, 'PD_2,PD_5': 1.0, 'PD_2,PD_6': 1.0, 'PD_2,PD_7': 0.0, 'PD_3,PD_4': 1.0, 'PD_3,PD_5': 1.0, 'PD_3,PD_6': 1.0, 'PD_3,PD_7': 0.0, 'PD_4,PD_5': 1.0, 'PD_4,PD_6': 1.0, 'PD_4,PD_7': 0.0, 'PD_5,PD_6': 1.0, 'PD_5,PD_7': 0.0, 'PD_6,PD_7': 0.0}, ASR: 1.0, TCB: {'PD_2': ['PD_4', 'PD_3', 'PD_5', 'PD_6'], 'PD_3': ['PD_2', 'PD_4', 'PD_5', 'PD_6'], 'PD_4': ['PD_2', 'PD_3', 'PD_5', 'PD_6'], 'PD_5': ['PD_2', 'PD_3', 'PD_4', 'PD_6'], 'PD_6': ['PD_2', 'PD_3', 'PD_4', 'PD_5'], 'PD_7': []}, FR: {'PD_2,PD_3': inf, 'PD_2,PD_4': inf, 'PD_2,PD_5': inf, 'PD_2,PD_6': inf, 'PD_2,PD_7': inf, 'PD_3,PD_4': inf, 'PD_3,PD_5': inf, 'PD_3,PD_6': inf, 'PD_3,PD_7': inf, 'PD_4,PD_5': inf, 'PD_4,PD_6': inf, 'PD_4,PD_7': inf, 'PD_5,PD_6': inf, 'PD_5,PD_7': inf, 'PD_6,PD_7': inf}
  Computing metrics...
    RSI: {'PD_2,PD_3': 1.0, 'PD_2,PD_4': 1.0, 'PD_2,PD_5': 1.0, 'PD_2,PD_6': 1.0, 'PD_2,PD_7': 0.0, 'PD_3,PD_4': 1.0, 'PD_3,PD_5': 1.0, 'PD_3,PD_6': 1.0, 'PD_3,PD_7': 0.0, 'PD_4,PD_5': 1.0, 'PD_4,PD_6': 1.0, 'PD_4,PD_7': 0.0, 'PD_5,PD_6': 1.0, 'PD_5,PD_7': 0.0, 'PD_6,PD_7': 0.0}, ASR: 1.1666666666666667, TCB: {'PD_2': ['PD_4', 'PD_3', 'PD_5', 'PD_6'], 'PD_3': ['PD_2', 'PD_4', 'PD_5', 'PD_6'], 'PD_4': ['PD_2', 'PD_3', 'PD_5', 'PD_6'], 'PD_5': ['PD_2', 'PD_3', 'PD_4', 'PD_6'], 'PD_6': ['PD_2', 'PD_3', 'PD_4', 'PD_5'], 'PD_7': []}, FR: {'PD_2,PD_3': inf, 'PD_2,PD_4': inf, 'PD_2,PD_5': 3, 'PD_2,PD_6': inf, 'PD_2,PD_7': inf, 'PD_3,PD_4': inf, 'PD_3,PD_5': inf, 'PD_3,PD_6': inf, 'PD_3,PD_7': inf, 'PD_4,PD_5': inf, 'PD_4,PD_6': inf, 'PD_4,PD_7': inf, 'PD_5,PD_6': inf, 'PD_5,PD_7': inf, 'PD_6,PD_7': inf}
  Computing metrics...
    RSI: {'PD_2,PD_3': 1.0, 'PD_2,PD_4': 1.0, 'PD_2,PD_5': 1.0, 'PD_2,PD_6': 1.0, 'PD_2,PD_7': 0.0, 'PD_3,PD_4': 1.0, 'PD_3,PD_5': 1.0, 'PD_3,PD_6': 1.0, 'PD_3,PD_7': 0.0, 'PD_4,PD_5': 1.0, 'PD_4,PD_6': 1.0, 'PD_4,PD_7': 0.0, 'PD_5,PD_6': 1.0, 'PD_5,PD_7': 0.0, 'PD_6,PD_7': 0.0}, ASR: 1.0, TCB: {'PD_2': ['PD_4', 'PD_3', 'PD_5', 'PD_6'], 'PD_3': ['PD_2', 'PD_4', 'PD_5', 'PD_6'], 'PD_4': ['PD_2', 'PD_3', 'PD_5', 'PD_6'], 'PD_5': ['PD_2', 'PD_3', 'PD_4', 'PD_6'], 'PD_6': ['PD_2', 'PD_3', 'PD_4', 'PD_5'], 'PD_7': []}, FR: {'PD_2,PD_3': inf, 'PD_2,PD_4': inf, 'PD_2,PD_5': inf, 'PD_2,PD_6': inf, 'PD_2,PD_7': inf, 'PD_3,PD_4': inf, 'PD_3,PD_5': inf, 'PD_3,PD_6': inf, 'PD_3,PD_7': inf, 'PD_4,PD_5': inf, 'PD_4,PD_6': inf, 'PD_4,PD_7': inf, 'PD_5,PD_6': inf, 'PD_5,PD_7': inf, 'PD_6,PD_7': inf}
  Computing metrics...
    RSI: {'PD_2,PD_3': 1.0, 'PD_2,PD_4': 1.0, 'PD_2,PD_5': 1.0, 'PD_2,PD_6': 1.0, 'PD_2,PD_7': 0.0, 'PD_3,PD_4': 1.0, 'PD_3,PD_5': 1.0, 'PD_3,PD_6': 1.0, 'PD_3,PD_7': 0.0, 'PD_4,PD_5': 1.0, 'PD_4,PD_6': 1.0, 'PD_4,PD_7': 0.0, 'PD_5,PD_6': 1.0, 'PD_5,PD_7': 0.0, 'PD_6,PD_7': 0.0}, ASR: 1.1666666666666667, TCB: {'PD_2': ['PD_4', 'PD_3', 'PD_5', 'PD_6'], 'PD_3': ['PD_2', 'PD_4', 'PD_5', 'PD_6'], 'PD_4': ['PD_2', 'PD_3', 'PD_5', 'PD_6'], 'PD_5': ['PD_3', 'PD_2', 'PD_4', 'PD_6'], 'PD_6': ['PD_2', 'PD_3', 'PD_4', 'PD_5'], 'PD_7': []}, FR: {'PD_2,PD_3': inf, 'PD_2,PD_4': inf, 'PD_2,PD_5': inf, 'PD_2,PD_6': inf, 'PD_2,PD_7': inf, 'PD_3,PD_4': inf, 'PD_3,PD_5': inf, 'PD_3,PD_6': inf, 'PD_3,PD_7': inf, 'PD_4,PD_5': inf, 'PD_4,PD_6': inf, 'PD_4,PD_7': inf, 'PD_5,PD_6': inf, 'PD_5,PD_7': inf, 'PD_6,PD_7': inf}
  Computing metrics...
    RSI: {'PD_2,PD_3': 1.0, 'PD_2,PD_4': 1.0, 'PD_2,PD_5': 1.0, 'PD_2,PD_6': 1.0, 'PD_2,PD_7': 0.0, 'PD_3,PD_4': 1.0, 'PD_3,PD_5': 1.0, 'PD_3,PD_6': 1.0, 'PD_3,PD_7': 0.0, 'PD_4,PD_5': 1.0, 'PD_4,PD_6': 1.0, 'PD_4,PD_7': 0.0, 'PD_5,PD_6': 1.0, 'PD_5,PD_7': 0.0, 'PD_6,PD_7': 0.0}, ASR: 1.0, TCB: {'PD_2': ['PD_4', 'PD_3', 'PD_5', 'PD_6'], 'PD_3': ['PD_2', 'PD_4', 'PD_5', 'PD_6'], 'PD_4': ['PD_2', 'PD_3', 'PD_5', 'PD_6'], 'PD_5': ['PD_2', 'PD_3', 'PD_4', 'PD_6'], 'PD_6': ['PD_2', 'PD_3', 'PD_4', 'PD_5'], 'PD_7': []}, FR: {'PD_2,PD_3': inf, 'PD_2,PD_4': inf, 'PD_2,PD_5': inf, 'PD_2,PD_6': inf, 'PD_2,PD_7': inf, 'PD_3,PD_4': inf, 'PD_3,PD_5': inf, 'PD_3,PD_6': inf, 'PD_3,PD_7': inf, 'PD_4,PD_5': inf, 'PD_4,PD_6': inf, 'PD_4,PD_7': inf, 'PD_5,PD_6': inf, 'PD_5,PD_7': inf, 'PD_6,PD_7': inf}
  Computing metrics...
    RSI: {'PD_2,PD_3': 1.0, 'PD_2,PD_4': 1.0, 'PD_2,PD_5': 1.0, 'PD_2,PD_6': 1.0, 'PD_2,PD_7': 0.0, 'PD_3,PD_4': 1.0, 'PD_3,PD_5': 1.0, 'PD_3,PD_6': 1.0, 'PD_3,PD_7': 0.0, 'PD_4,PD_5': 1.0, 'PD_4,PD_6': 1.0, 'PD_4,PD_7': 0.0, 'PD_5,PD_6': 1.0, 'PD_5,PD_7': 0.0, 'PD_6,PD_7': 0.0}, ASR: 1.1666666666666667, TCB: {'PD_2': ['PD_4', 'PD_3', 'PD_5', 'PD_6'], 'PD_3': ['PD_2', 'PD_4', 'PD_5', 'PD_6'], 'PD_4': ['PD_2', 'PD_3', 'PD_5', 'PD_6'], 'PD_5': ['PD_4', 'PD_2', 'PD_3', 'PD_6'], 'PD_6': ['PD_2', 'PD_3', 'PD_4', 'PD_5'], 'PD_7': []}, FR: {'PD_2,PD_3': inf, 'PD_2,PD_4': inf, 'PD_2,PD_5': 2, 'PD_2,PD_6': inf, 'PD_2,PD_7': inf, 'PD_3,PD_4': inf, 'PD_3,PD_5': inf, 'PD_3,PD_6': inf, 'PD_3,PD_7': inf, 'PD_4,PD_5': inf, 'PD_4,PD_6': inf, 'PD_4,PD_7': inf, 'PD_5,PD_6': inf, 'PD_5,PD_7': inf, 'PD_6,PD_7': inf}
  Computing metrics...
    RSI: {'PD_2,PD_3': 1.0, 'PD_2,PD_4': 1.0, 'PD_2,PD_5': 1.0, 'PD_2,PD_6': 1.0, 'PD_2,PD_7': 0.0, 'PD_3,PD_4': 1.0, 'PD_3,PD_5': 1.0, 'PD_3,PD_6': 1.0, 'PD_3,PD_7': 0.0, 'PD_4,PD_5': 1.0, 'PD_4,PD_6': 1.0, 'PD_4,PD_7': 0.0, 'PD_5,PD_6': 1.0, 'PD_5,PD_7': 0.0, 'PD_6,PD_7': 0.0}, ASR: 1.0, TCB: {'PD_2': ['PD_4', 'PD_3', 'PD_5', 'PD_6'], 'PD_3': ['PD_2', 'PD_4', 'PD_5', 'PD_6'], 'PD_4': ['PD_2', 'PD_3', 'PD_5', 'PD_6'], 'PD_5': ['PD_2', 'PD_3', 'PD_4', 'PD_6'], 'PD_6': ['PD_2', 'PD_3', 'PD_4', 'PD_5'], 'PD_7': []}, FR: {'PD_2,PD_3': inf, 'PD_2,PD_4': inf, 'PD_2,PD_5': inf, 'PD_2,PD_6': inf, 'PD_2,PD_7': inf, 'PD_3,PD_4': inf, 'PD_3,PD_5': inf, 'PD_3,PD_6': inf, 'PD_3,PD_7': inf, 'PD_4,PD_5': inf, 'PD_4,PD_6': inf, 'PD_4,PD_7': inf, 'PD_5,PD_6': inf, 'PD_5,PD_7': inf, 'PD_6,PD_7': inf}
  Computing metrics...
    RSI: {'PD_2,PD_3': 1.0, 'PD_2,PD_4': 1.0, 'PD_2,PD_5': 1.0, 'PD_2,PD_6': 1.0, 'PD_2,PD_7': 0.0, 'PD_3,PD_4': 1.0, 'PD_3,PD_5': 1.0, 'PD_3,PD_6': 1.0, 'PD_3,PD_7': 0.0, 'PD_4,PD_5': 1.0, 'PD_4,PD_6': 1.0, 'PD_4,PD_7': 0.0, 'PD_5,PD_6': 1.0, 'PD_5,PD_7': 0.0, 'PD_6,PD_7': 0.0}, ASR: 1.1666666666666667, TCB: {'PD_2': ['PD_4', 'PD_3', 'PD_5', 'PD_6'], 'PD_3': ['PD_2', 'PD_4', 'PD_5', 'PD_6'], 'PD_4': ['PD_2', 'PD_3', 'PD_5', 'PD_6'], 'PD_5': ['PD_6', 'PD_2', 'PD_3', 'PD_4'], 'PD_6': ['PD_2', 'PD_3', 'PD_4', 'PD_5'], 'PD_7': []}, FR: {'PD_2,PD_3': inf, 'PD_2,PD_4': inf, 'PD_2,PD_5': inf, 'PD_2,PD_6': inf, 'PD_2,PD_7': inf, 'PD_3,PD_4': inf, 'PD_3,PD_5': inf, 'PD_3,PD_6': inf, 'PD_3,PD_7': inf, 'PD_4,PD_5': inf, 'PD_4,PD_6': inf, 'PD_4,PD_7': inf, 'PD_5,PD_6': inf, 'PD_5,PD_7': inf, 'PD_6,PD_7': inf}
  Computing metrics...
    RSI: {'PD_2,PD_3': 1.0, 'PD_2,PD_4': 1.0, 'PD_2,PD_5': 1.0, 'PD_2,PD_6': 1.0, 'PD_2,PD_7': 0.0, 'PD_3,PD_4': 1.0, 'PD_3,PD_5': 1.0, 'PD_3,PD_6': 1.0, 'PD_3,PD_7': 0.0, 'PD_4,PD_5': 1.0, 'PD_4,PD_6': 1.0, 'PD_4,PD_7': 0.0, 'PD_5,PD_6': 1.0, 'PD_5,PD_7': 0.0, 'PD_6,PD_7': 0.0}, ASR: 1.0, TCB: {'PD_2': ['PD_4', 'PD_3', 'PD_5', 'PD_6'], 'PD_3': ['PD_2', 'PD_4', 'PD_5', 'PD_6'], 'PD_4': ['PD_2', 'PD_3', 'PD_5', 'PD_6'], 'PD_5': ['PD_2', 'PD_3', 'PD_4', 'PD_6'], 'PD_6': ['PD_2', 'PD_3', 'PD_4', 'PD_5'], 'PD_7': []}, FR: {'PD_2,PD_3': inf, 'PD_2,PD_4': inf, 'PD_2,PD_5': inf, 'PD_2,PD_6': inf, 'PD_2,PD_7': inf, 'PD_3,PD_4': inf, 'PD_3,PD_5': inf, 'PD_3,PD_6': inf, 'PD_3,PD_7': inf, 'PD_4,PD_5': inf, 'PD_4,PD_6': inf, 'PD_4,PD_7': inf, 'PD_5,PD_6': inf, 'PD_5,PD_7': inf, 'PD_6,PD_7': inf}
  Computing metrics...
    RSI: {'PD_2,PD_3': 1.0, 'PD_2,PD_4': 1.0, 'PD_2,PD_5': 1.0, 'PD_2,PD_6': 1.0, 'PD_2,PD_7': 0.0, 'PD_3,PD_4': 1.0, 'PD_3,PD_5': 1.0, 'PD_3,PD_6': 1.0, 'PD_3,PD_7': 0.0, 'PD_4,PD_5': 1.0, 'PD_4,PD_6': 1.0, 'PD_4,PD_7': 0.0, 'PD_5,PD_6': 1.0, 'PD_5,PD_7': 0.0, 'PD_6,PD_7': 0.0}, ASR: 1.1666666666666667, TCB: {'PD_2': ['PD_4', 'PD_3', 'PD_5', 'PD_6'], 'PD_3': ['PD_2', 'PD_4', 'PD_5', 'PD_6'], 'PD_4': ['PD_2', 'PD_3', 'PD_5', 'PD_6'], 'PD_5': ['PD_7', 'PD_2', 'PD_3', 'PD_4', 'PD_6'], 'PD_6': ['PD_2', 'PD_3', 'PD_4', 'PD_5'], 'PD_7': []}, FR: {'PD_2,PD_3': inf, 'PD_2,PD_4': inf, 'PD_2,PD_5': inf, 'PD_2,PD_6': inf, 'PD_2,PD_7': inf, 'PD_3,PD_4': inf, 'PD_3,PD_5': inf, 'PD_3,PD_6': inf, 'PD_3,PD_7': inf, 'PD_4,PD_5': inf, 'PD_4,PD_6': inf, 'PD_4,PD_7': inf, 'PD_5,PD_6': inf, 'PD_5,PD_7': inf, 'PD_6,PD_7': inf}
  Computing metrics...
    RSI: {'PD_2,PD_3': 1.0, 'PD_2,PD_4': 1.0, 'PD_2,PD_5': 1.0, 'PD_2,PD_6': 1.0, 'PD_2,PD_7': 0.0, 'PD_3,PD_4': 1.0, 'PD_3,PD_5': 1.0, 'PD_3,PD_6': 1.0, 'PD_3,PD_7': 0.0, 'PD_4,PD_5': 1.0, 'PD_4,PD_6': 1.0, 'PD_4,PD_7': 0.0, 'PD_5,PD_6': 1.0, 'PD_5,PD_7': 0.0, 'PD_6,PD_7': 0.0}, ASR: 1.0, TCB: {'PD_2': ['PD_4', 'PD_3', 'PD_5', 'PD_6'], 'PD_3': ['PD_2', 'PD_4', 'PD_5', 'PD_6'], 'PD_4': ['PD_2', 'PD_3', 'PD_5', 'PD_6'], 'PD_5': ['PD_2', 'PD_3', 'PD_4', 'PD_6'], 'PD_6': ['PD_2', 'PD_3', 'PD_4', 'PD_5'], 'PD_7': []}, FR: {'PD_2,PD_3': inf, 'PD_2,PD_4': inf, 'PD_2,PD_5': inf, 'PD_2,PD_6': inf, 'PD_2,PD_7': inf, 'PD_3,PD_4': inf, 'PD_3,PD_5': inf, 'PD_3,PD_6': inf, 'PD_3,PD_7': inf, 'PD_4,PD_5': inf, 'PD_4,PD_6': inf, 'PD_4,PD_7': inf, 'PD_5,PD_6': inf, 'PD_5,PD_7': inf, 'PD_6,PD_7': inf}
  Computing metrics...
    RSI: {'PD_2,PD_3': 1.0, 'PD_2,PD_4': 1.0, 'PD_2,PD_5': 1.0, 'PD_2,PD_6': 1.0, 'PD_2,PD_7': 0.0, 'PD_3,PD_4': 1.0, 'PD_3,PD_5': 1.0, 'PD_3,PD_6': 1.0, 'PD_3,PD_7': 0.0, 'PD_4,PD_5': 1.0, 'PD_4,PD_6': 1.0, 'PD_4,PD_7': 0.0, 'PD_5,PD_6': 1.0, 'PD_5,PD_7': 0.0, 'PD_6,PD_7': 0.0}, ASR: 1.1666666666666667, TCB: {'PD_2': ['PD_4', 'PD_3', 'PD_5', 'PD_6'], 'PD_3': ['PD_2', 'PD_4', 'PD_5', 'PD_6'], 'PD_4': ['PD_2', 'PD_3', 'PD_5', 'PD_6'], 'PD_5': ['PD_2', 'PD_3', 'PD_4', 'PD_6'], 'PD_6': ['PD_2', 'PD_3', 'PD_4', 'PD_5'], 'PD_7': []}, FR: {'PD_2,PD_3': inf, 'PD_2,PD_4': inf, 'PD_2,PD_5': inf, 'PD_2,PD_6': 3, 'PD_2,PD_7': inf, 'PD_3,PD_4': inf, 'PD_3,PD_5': inf, 'PD_3,PD_6': inf, 'PD_3,PD_7': inf, 'PD_4,PD_5': inf, 'PD_4,PD_6': inf, 'PD_4,PD_7': inf, 'PD_5,PD_6': inf, 'PD_5,PD_7': inf, 'PD_6,PD_7': inf}
  Computing metrics...
    RSI: {'PD_2,PD_3': 1.0, 'PD_2,PD_4': 1.0, 'PD_2,PD_5': 1.0, 'PD_2,PD_6': 1.0, 'PD_2,PD_7': 0.0, 'PD_3,PD_4': 1.0, 'PD_3,PD_5': 1.0, 'PD_3,PD_6': 1.0, 'PD_3,PD_7': 0.0, 'PD_4,PD_5': 1.0, 'PD_4,PD_6': 1.0, 'PD_4,PD_7': 0.0, 'PD_5,PD_6': 1.0, 'PD_5,PD_7': 0.0, 'PD_6,PD_7': 0.0}, ASR: 1.0, TCB: {'PD_2': ['PD_4', 'PD_3', 'PD_5', 'PD_6'], 'PD_3': ['PD_2', 'PD_4', 'PD_5', 'PD_6'], 'PD_4': ['PD_2', 'PD_3', 'PD_5', 'PD_6'], 'PD_5': ['PD_2', 'PD_3', 'PD_4', 'PD_6'], 'PD_6': ['PD_2', 'PD_3', 'PD_4', 'PD_5'], 'PD_7': []}, FR: {'PD_2,PD_3': inf, 'PD_2,PD_4': inf, 'PD_2,PD_5': inf, 'PD_2,PD_6': inf, 'PD_2,PD_7': inf, 'PD_3,PD_4': inf, 'PD_3,PD_5': inf, 'PD_3,PD_6': inf, 'PD_3,PD_7': inf, 'PD_4,PD_5': inf, 'PD_4,PD_6': inf, 'PD_4,PD_7': inf, 'PD_5,PD_6': inf, 'PD_5,PD_7': inf, 'PD_6,PD_7': inf}
  Computing metrics...
    RSI: {'PD_2,PD_3': 1.0, 'PD_2,PD_4': 1.0, 'PD_2,PD_5': 1.0, 'PD_2,PD_6': 1.0, 'PD_2,PD_7': 0.0, 'PD_3,PD_4': 1.0, 'PD_3,PD_5': 1.0, 'PD_3,PD_6': 1.0, 'PD_3,PD_7': 0.0, 'PD_4,PD_5': 1.0, 'PD_4,PD_6': 1.0, 'PD_4,PD_7': 0.0, 'PD_5,PD_6': 1.0, 'PD_5,PD_7': 0.0, 'PD_6,PD_7': 0.0}, ASR: 1.1666666666666667, TCB: {'PD_2': ['PD_4', 'PD_3', 'PD_5', 'PD_6'], 'PD_3': ['PD_2', 'PD_4', 'PD_5', 'PD_6'], 'PD_4': ['PD_2', 'PD_3', 'PD_5', 'PD_6'], 'PD_5': ['PD_2', 'PD_3', 'PD_4', 'PD_6'], 'PD_6': ['PD_3', 'PD_2', 'PD_4', 'PD_5'], 'PD_7': []}, FR: {'PD_2,PD_3': inf, 'PD_2,PD_4': inf, 'PD_2,PD_5': inf, 'PD_2,PD_6': inf, 'PD_2,PD_7': inf, 'PD_3,PD_4': inf, 'PD_3,PD_5': inf, 'PD_3,PD_6': inf, 'PD_3,PD_7': inf, 'PD_4,PD_5': inf, 'PD_4,PD_6': inf, 'PD_4,PD_7': inf, 'PD_5,PD_6': inf, 'PD_5,PD_7': inf, 'PD_6,PD_7': inf}
  Computing metrics...
    RSI: {'PD_2,PD_3': 1.0, 'PD_2,PD_4': 1.0, 'PD_2,PD_5': 1.0, 'PD_2,PD_6': 1.0, 'PD_2,PD_7': 0.0, 'PD_3,PD_4': 1.0, 'PD_3,PD_5': 1.0, 'PD_3,PD_6': 1.0, 'PD_3,PD_7': 0.0, 'PD_4,PD_5': 1.0, 'PD_4,PD_6': 1.0, 'PD_4,PD_7': 0.0, 'PD_5,PD_6': 1.0, 'PD_5,PD_7': 0.0, 'PD_6,PD_7': 0.0}, ASR: 1.0, TCB: {'PD_2': ['PD_4', 'PD_3', 'PD_5', 'PD_6'], 'PD_3': ['PD_2', 'PD_4', 'PD_5', 'PD_6'], 'PD_4': ['PD_2', 'PD_3', 'PD_5', 'PD_6'], 'PD_5': ['PD_2', 'PD_3', 'PD_4', 'PD_6'], 'PD_6': ['PD_2', 'PD_3', 'PD_4', 'PD_5'], 'PD_7': []}, FR: {'PD_2,PD_3': inf, 'PD_2,PD_4': inf, 'PD_2,PD_5': inf, 'PD_2,PD_6': inf, 'PD_2,PD_7': inf, 'PD_3,PD_4': inf, 'PD_3,PD_5': inf, 'PD_3,PD_6': inf, 'PD_3,PD_7': inf, 'PD_4,PD_5': inf, 'PD_4,PD_6': inf, 'PD_4,PD_7': inf, 'PD_5,PD_6': inf, 'PD_5,PD_7': inf, 'PD_6,PD_7': inf}
  Computing metrics...
    RSI: {'PD_2,PD_3': 1.0, 'PD_2,PD_4': 1.0, 'PD_2,PD_5': 1.0, 'PD_2,PD_6': 1.0, 'PD_2,PD_7': 0.0, 'PD_3,PD_4': 1.0, 'PD_3,PD_5': 1.0, 'PD_3,PD_6': 1.0, 'PD_3,PD_7': 0.0, 'PD_4,PD_5': 1.0, 'PD_4,PD_6': 1.0, 'PD_4,PD_7': 0.0, 'PD_5,PD_6': 1.0, 'PD_5,PD_7': 0.0, 'PD_6,PD_7': 0.0}, ASR: 1.1666666666666667, TCB: {'PD_2': ['PD_4', 'PD_3', 'PD_5', 'PD_6'], 'PD_3': ['PD_2', 'PD_4', 'PD_5', 'PD_6'], 'PD_4': ['PD_2', 'PD_3', 'PD_5', 'PD_6'], 'PD_5': ['PD_2', 'PD_3', 'PD_4', 'PD_6'], 'PD_6': ['PD_4', 'PD_2', 'PD_3', 'PD_5'], 'PD_7': []}, FR: {'PD_2,PD_3': inf, 'PD_2,PD_4': inf, 'PD_2,PD_5': inf, 'PD_2,PD_6': 2, 'PD_2,PD_7': inf, 'PD_3,PD_4': inf, 'PD_3,PD_5': inf, 'PD_3,PD_6': inf, 'PD_3,PD_7': inf, 'PD_4,PD_5': inf, 'PD_4,PD_6': inf, 'PD_4,PD_7': inf, 'PD_5,PD_6': inf, 'PD_5,PD_7': inf, 'PD_6,PD_7': inf}
  Computing metrics...
    RSI: {'PD_2,PD_3': 1.0, 'PD_2,PD_4': 1.0, 'PD_2,PD_5': 1.0, 'PD_2,PD_6': 1.0, 'PD_2,PD_7': 0.0, 'PD_3,PD_4': 1.0, 'PD_3,PD_5': 1.0, 'PD_3,PD_6': 1.0, 'PD_3,PD_7': 0.0, 'PD_4,PD_5': 1.0, 'PD_4,PD_6': 1.0, 'PD_4,PD_7': 0.0, 'PD_5,PD_6': 1.0, 'PD_5,PD_7': 0.0, 'PD_6,PD_7': 0.0}, ASR: 1.0, TCB: {'PD_2': ['PD_4', 'PD_3', 'PD_5', 'PD_6'], 'PD_3': ['PD_2', 'PD_4', 'PD_5', 'PD_6'], 'PD_4': ['PD_2', 'PD_3', 'PD_5', 'PD_6'], 'PD_5': ['PD_2', 'PD_3', 'PD_4', 'PD_6'], 'PD_6': ['PD_2', 'PD_3', 'PD_4', 'PD_5'], 'PD_7': []}, FR: {'PD_2,PD_3': inf, 'PD_2,PD_4': inf, 'PD_2,PD_5': inf, 'PD_2,PD_6': inf, 'PD_2,PD_7': inf, 'PD_3,PD_4': inf, 'PD_3,PD_5': inf, 'PD_3,PD_6': inf, 'PD_3,PD_7': inf, 'PD_4,PD_5': inf, 'PD_4,PD_6': inf, 'PD_4,PD_7': inf, 'PD_5,PD_6': inf, 'PD_5,PD_7': inf, 'PD_6,PD_7': inf}
  Computing metrics...
    RSI: {'PD_2,PD_3': 1.0, 'PD_2,PD_4': 1.0, 'PD_2,PD_5': 1.0, 'PD_2,PD_6': 1.0, 'PD_2,PD_7': 0.0, 'PD_3,PD_4': 1.0, 'PD_3,PD_5': 1.0, 'PD_3,PD_6': 1.0, 'PD_3,PD_7': 0.0, 'PD_4,PD_5': 1.0, 'PD_4,PD_6': 1.0, 'PD_4,PD_7': 0.0, 'PD_5,PD_6': 1.0, 'PD_5,PD_7': 0.0, 'PD_6,PD_7': 0.0}, ASR: 1.1666666666666667, TCB: {'PD_2': ['PD_4', 'PD_3', 'PD_5', 'PD_6'], 'PD_3': ['PD_2', 'PD_4', 'PD_5', 'PD_6'], 'PD_4': ['PD_2', 'PD_3', 'PD_5', 'PD_6'], 'PD_5': ['PD_2', 'PD_3', 'PD_4', 'PD_6'], 'PD_6': ['PD_5', 'PD_2', 'PD_3', 'PD_4'], 'PD_7': []}, FR: {'PD_2,PD_3': inf, 'PD_2,PD_4': inf, 'PD_2,PD_5': inf, 'PD_2,PD_6': inf, 'PD_2,PD_7': inf, 'PD_3,PD_4': inf, 'PD_3,PD_5': inf, 'PD_3,PD_6': inf, 'PD_3,PD_7': inf, 'PD_4,PD_5': inf, 'PD_4,PD_6': inf, 'PD_4,PD_7': inf, 'PD_5,PD_6': inf, 'PD_5,PD_7': inf, 'PD_6,PD_7': inf}
  Computing metrics...
    RSI: {'PD_2,PD_3': 1.0, 'PD_2,PD_4': 1.0, 'PD_2,PD_5': 1.0, 'PD_2,PD_6': 1.0, 'PD_2,PD_7': 0.0, 'PD_3,PD_4': 1.0, 'PD_3,PD_5': 1.0, 'PD_3,PD_6': 1.0, 'PD_3,PD_7': 0.0, 'PD_4,PD_5': 1.0, 'PD_4,PD_6': 1.0, 'PD_4,PD_7': 0.0, 'PD_5,PD_6': 1.0, 'PD_5,PD_7': 0.0, 'PD_6,PD_7': 0.0}, ASR: 1.0, TCB: {'PD_2': ['PD_4', 'PD_3', 'PD_5', 'PD_6'], 'PD_3': ['PD_2', 'PD_4', 'PD_5', 'PD_6'], 'PD_4': ['PD_2', 'PD_3', 'PD_5', 'PD_6'], 'PD_5': ['PD_2', 'PD_3', 'PD_4', 'PD_6'], 'PD_6': ['PD_2', 'PD_3', 'PD_4', 'PD_5'], 'PD_7': []}, FR: {'PD_2,PD_3': inf, 'PD_2,PD_4': inf, 'PD_2,PD_5': inf, 'PD_2,PD_6': inf, 'PD_2,PD_7': inf, 'PD_3,PD_4': inf, 'PD_3,PD_5': inf, 'PD_3,PD_6': inf, 'PD_3,PD_7': inf, 'PD_4,PD_5': inf, 'PD_4,PD_6': inf, 'PD_4,PD_7': inf, 'PD_5,PD_6': inf, 'PD_5,PD_7': inf, 'PD_6,PD_7': inf}
  Computing metrics...
    RSI: {'PD_2,PD_3': 1.0, 'PD_2,PD_4': 1.0, 'PD_2,PD_5': 1.0, 'PD_2,PD_6': 1.0, 'PD_2,PD_7': 0.0, 'PD_3,PD_4': 1.0, 'PD_3,PD_5': 1.0, 'PD_3,PD_6': 1.0, 'PD_3,PD_7': 0.0, 'PD_4,PD_5': 1.0, 'PD_4,PD_6': 1.0, 'PD_4,PD_7': 0.0, 'PD_5,PD_6': 1.0, 'PD_5,PD_7': 0.0, 'PD_6,PD_7': 0.0}, ASR: 1.1666666666666667, TCB: {'PD_2': ['PD_4', 'PD_3', 'PD_5', 'PD_6'], 'PD_3': ['PD_2', 'PD_4', 'PD_5', 'PD_6'], 'PD_4': ['PD_2', 'PD_3', 'PD_5', 'PD_6'], 'PD_5': ['PD_2', 'PD_3', 'PD_4', 'PD_6'], 'PD_6': ['PD_7', 'PD_2', 'PD_3', 'PD_4', 'PD_5'], 'PD_7': []}, FR: {'PD_2,PD_3': inf, 'PD_2,PD_4': inf, 'PD_2,PD_5': inf, 'PD_2,PD_6': inf, 'PD_2,PD_7': inf, 'PD_3,PD_4': inf, 'PD_3,PD_5': inf, 'PD_3,PD_6': inf, 'PD_3,PD_7': inf, 'PD_4,PD_5': inf, 'PD_4,PD_6': inf, 'PD_4,PD_7': inf, 'PD_5,PD_6': inf, 'PD_5,PD_7': inf, 'PD_6,PD_7': inf}
  Computing metrics...
    RSI: {'PD_2,PD_3': 1.0, 'PD_2,PD_4': 1.0, 'PD_2,PD_5': 1.0, 'PD_2,PD_6': 1.0, 'PD_2,PD_7': 0.0, 'PD_3,PD_4': 1.0, 'PD_3,PD_5': 1.0, 'PD_3,PD_6': 1.0, 'PD_3,PD_7': 0.0, 'PD_4,PD_5': 1.0, 'PD_4,PD_6': 1.0, 'PD_4,PD_7': 0.0, 'PD_5,PD_6': 1.0, 'PD_5,PD_7': 0.0, 'PD_6,PD_7': 0.0}, ASR: 1.0, TCB: {'PD_2': ['PD_4', 'PD_3', 'PD_5', 'PD_6'], 'PD_3': ['PD_2', 'PD_4', 'PD_5', 'PD_6'], 'PD_4': ['PD_2', 'PD_3', 'PD_5', 'PD_6'], 'PD_5': ['PD_2', 'PD_3', 'PD_4', 'PD_6'], 'PD_6': ['PD_2', 'PD_3', 'PD_4', 'PD_5'], 'PD_7': []}, FR: {'PD_2,PD_3': inf, 'PD_2,PD_4': inf, 'PD_2,PD_5': inf, 'PD_2,PD_6': inf, 'PD_2,PD_7': inf, 'PD_3,PD_4': inf, 'PD_3,PD_5': inf, 'PD_3,PD_6': inf, 'PD_3,PD_7': inf, 'PD_4,PD_5': inf, 'PD_4,PD_6': inf, 'PD_4,PD_7': inf, 'PD_5,PD_6': inf, 'PD_5,PD_7': inf, 'PD_6,PD_7': inf}
  Computing metrics...
    RSI: {'PD_2,PD_3': 1.0, 'PD_2,PD_4': 1.0, 'PD_2,PD_5': 1.0, 'PD_2,PD_6': 1.0, 'PD_2,PD_7': 0.0, 'PD_3,PD_4': 1.0, 'PD_3,PD_5': 1.0, 'PD_3,PD_6': 1.0, 'PD_3,PD_7': 0.0, 'PD_4,PD_5': 1.0, 'PD_4,PD_6': 1.0, 'PD_4,PD_7': 0.0, 'PD_5,PD_6': 1.0, 'PD_5,PD_7': 0.0, 'PD_6,PD_7': 0.0}, ASR: 1.1666666666666667, TCB: {'PD_2': ['PD_4', 'PD_3', 'PD_5', 'PD_6'], 'PD_3': ['PD_2', 'PD_4', 'PD_5', 'PD_6'], 'PD_4': ['PD_2', 'PD_3', 'PD_5', 'PD_6'], 'PD_5': ['PD_2', 'PD_3', 'PD_4', 'PD_6'], 'PD_6': ['PD_2', 'PD_3', 'PD_4', 'PD_5'], 'PD_7': ['PD_2']}, FR: {'PD_2,PD_3': inf, 'PD_2,PD_4': inf, 'PD_2,PD_5': inf, 'PD_2,PD_6': inf, 'PD_2,PD_7': 3, 'PD_3,PD_4': inf, 'PD_3,PD_5': inf, 'PD_3,PD_6': inf, 'PD_3,PD_7': inf, 'PD_4,PD_5': inf, 'PD_4,PD_6': inf, 'PD_4,PD_7': inf, 'PD_5,PD_6': inf, 'PD_5,PD_7': inf, 'PD_6,PD_7': inf}
  Computing metrics...
    RSI: {'PD_2,PD_3': 1.0, 'PD_2,PD_4': 1.0, 'PD_2,PD_5': 1.0, 'PD_2,PD_6': 1.0, 'PD_2,PD_7': 0.0, 'PD_3,PD_4': 1.0, 'PD_3,PD_5': 1.0, 'PD_3,PD_6': 1.0, 'PD_3,PD_7': 0.0, 'PD_4,PD_5': 1.0, 'PD_4,PD_6': 1.0, 'PD_4,PD_7': 0.0, 'PD_5,PD_6': 1.0, 'PD_5,PD_7': 0.0, 'PD_6,PD_7': 0.0}, ASR: 1.0, TCB: {'PD_2': ['PD_4', 'PD_3', 'PD_5', 'PD_6'], 'PD_3': ['PD_2', 'PD_4', 'PD_5', 'PD_6'], 'PD_4': ['PD_2', 'PD_3', 'PD_5', 'PD_6'], 'PD_5': ['PD_2', 'PD_3', 'PD_4', 'PD_6'], 'PD_6': ['PD_2', 'PD_3', 'PD_4', 'PD_5'], 'PD_7': []}, FR: {'PD_2,PD_3': inf, 'PD_2,PD_4': inf, 'PD_2,PD_5': inf, 'PD_2,PD_6': inf, 'PD_2,PD_7': inf, 'PD_3,PD_4': inf, 'PD_3,PD_5': inf, 'PD_3,PD_6': inf, 'PD_3,PD_7': inf, 'PD_4,PD_5': inf, 'PD_4,PD_6': inf, 'PD_4,PD_7': inf, 'PD_5,PD_6': inf, 'PD_5,PD_7': inf, 'PD_6,PD_7': inf}
  Computing metrics...
    RSI: {'PD_2,PD_3': 1.0, 'PD_2,PD_4': 1.0, 'PD_2,PD_5': 1.0, 'PD_2,PD_6': 1.0, 'PD_2,PD_7': 0.0, 'PD_3,PD_4': 1.0, 'PD_3,PD_5': 1.0, 'PD_3,PD_6': 1.0, 'PD_3,PD_7': 0.0, 'PD_4,PD_5': 1.0, 'PD_4,PD_6': 1.0, 'PD_4,PD_7': 0.0, 'PD_5,PD_6': 1.0, 'PD_5,PD_7': 0.0, 'PD_6,PD_7': 0.0}, ASR: 1.1666666666666667, TCB: {'PD_2': ['PD_4', 'PD_3', 'PD_5', 'PD_6'], 'PD_3': ['PD_2', 'PD_4', 'PD_5', 'PD_6'], 'PD_4': ['PD_2', 'PD_3', 'PD_5', 'PD_6'], 'PD_5': ['PD_2', 'PD_3', 'PD_4', 'PD_6'], 'PD_6': ['PD_2', 'PD_3', 'PD_4', 'PD_5'], 'PD_7': ['PD_3']}, FR: {'PD_2,PD_3': inf, 'PD_2,PD_4': inf, 'PD_2,PD_5': inf, 'PD_2,PD_6': inf, 'PD_2,PD_7': inf, 'PD_3,PD_4': inf, 'PD_3,PD_5': inf, 'PD_3,PD_6': inf, 'PD_3,PD_7': inf, 'PD_4,PD_5': inf, 'PD_4,PD_6': inf, 'PD_4,PD_7': inf, 'PD_5,PD_6': inf, 'PD_5,PD_7': inf, 'PD_6,PD_7': inf}
  Computing metrics...
    RSI: {'PD_2,PD_3': 1.0, 'PD_2,PD_4': 1.0, 'PD_2,PD_5': 1.0, 'PD_2,PD_6': 1.0, 'PD_2,PD_7': 0.0, 'PD_3,PD_4': 1.0, 'PD_3,PD_5': 1.0, 'PD_3,PD_6': 1.0, 'PD_3,PD_7': 0.0, 'PD_4,PD_5': 1.0, 'PD_4,PD_6': 1.0, 'PD_4,PD_7': 0.0, 'PD_5,PD_6': 1.0, 'PD_5,PD_7': 0.0, 'PD_6,PD_7': 0.0}, ASR: 1.0, TCB: {'PD_2': ['PD_4', 'PD_3', 'PD_5', 'PD_6'], 'PD_3': ['PD_2', 'PD_4', 'PD_5', 'PD_6'], 'PD_4': ['PD_2', 'PD_3', 'PD_5', 'PD_6'], 'PD_5': ['PD_2', 'PD_3', 'PD_4', 'PD_6'], 'PD_6': ['PD_2', 'PD_3', 'PD_4', 'PD_5'], 'PD_7': []}, FR: {'PD_2,PD_3': inf, 'PD_2,PD_4': inf, 'PD_2,PD_5': inf, 'PD_2,PD_6': inf, 'PD_2,PD_7': inf, 'PD_3,PD_4': inf, 'PD_3,PD_5': inf, 'PD_3,PD_6': inf, 'PD_3,PD_7': inf, 'PD_4,PD_5': inf, 'PD_4,PD_6': inf, 'PD_4,PD_7': inf, 'PD_5,PD_6': inf, 'PD_5,PD_7': inf, 'PD_6,PD_7': inf}
  Computing metrics...
    RSI: {'PD_2,PD_3': 1.0, 'PD_2,PD_4': 1.0, 'PD_2,PD_5': 1.0, 'PD_2,PD_6': 1.0, 'PD_2,PD_7': 0.0, 'PD_3,PD_4': 1.0, 'PD_3,PD_5': 1.0, 'PD_3,PD_6': 1.0, 'PD_3,PD_7': 0.0, 'PD_4,PD_5': 1.0, 'PD_4,PD_6': 1.0, 'PD_4,PD_7': 0.0, 'PD_5,PD_6': 1.0, 'PD_5,PD_7': 0.0, 'PD_6,PD_7': 0.0}, ASR: 1.1666666666666667, TCB: {'PD_2': ['PD_4', 'PD_3', 'PD_5', 'PD_6'], 'PD_3': ['PD_2', 'PD_4', 'PD_5', 'PD_6'], 'PD_4': ['PD_2', 'PD_3', 'PD_5', 'PD_6'], 'PD_5': ['PD_2', 'PD_3', 'PD_4', 'PD_6'], 'PD_6': ['PD_2', 'PD_3', 'PD_4', 'PD_5'], 'PD_7': ['PD_4']}, FR: {'PD_2,PD_3': inf, 'PD_2,PD_4': inf, 'PD_2,PD_5': inf, 'PD_2,PD_6': inf, 'PD_2,PD_7': 2, 'PD_3,PD_4': inf, 'PD_3,PD_5': inf, 'PD_3,PD_6': inf, 'PD_3,PD_7': inf, 'PD_4,PD_5': inf, 'PD_4,PD_6': inf, 'PD_4,PD_7': inf, 'PD_5,PD_6': inf, 'PD_5,PD_7': inf, 'PD_6,PD_7': inf}
  Computing metrics...
    RSI: {'PD_2,PD_3': 1.0, 'PD_2,PD_4': 1.0, 'PD_2,PD_5': 1.0, 'PD_2,PD_6': 1.0, 'PD_2,PD_7': 0.0, 'PD_3,PD_4': 1.0, 'PD_3,PD_5': 1.0, 'PD_3,PD_6': 1.0, 'PD_3,PD_7': 0.0, 'PD_4,PD_5': 1.0, 'PD_4,PD_6': 1.0, 'PD_4,PD_7': 0.0, 'PD_5,PD_6': 1.0, 'PD_5,PD_7': 0.0, 'PD_6,PD_7': 0.0}, ASR: 1.0, TCB: {'PD_2': ['PD_4', 'PD_3', 'PD_5', 'PD_6'], 'PD_3': ['PD_2', 'PD_4', 'PD_5', 'PD_6'], 'PD_4': ['PD_2', 'PD_3', 'PD_5', 'PD_6'], 'PD_5': ['PD_2', 'PD_3', 'PD_4', 'PD_6'], 'PD_6': ['PD_2', 'PD_3', 'PD_4', 'PD_5'], 'PD_7': []}, FR: {'PD_2,PD_3': inf, 'PD_2,PD_4': inf, 'PD_2,PD_5': inf, 'PD_2,PD_6': inf, 'PD_2,PD_7': inf, 'PD_3,PD_4': inf, 'PD_3,PD_5': inf, 'PD_3,PD_6': inf, 'PD_3,PD_7': inf, 'PD_4,PD_5': inf, 'PD_4,PD_6': inf, 'PD_4,PD_7': inf, 'PD_5,PD_6': inf, 'PD_5,PD_7': inf, 'PD_6,PD_7': inf}
  Computing metrics...
    RSI: {'PD_2,PD_3': 1.0, 'PD_2,PD_4': 1.0, 'PD_2,PD_5': 1.0, 'PD_2,PD_6': 1.0, 'PD_2,PD_7': 0.0, 'PD_3,PD_4': 1.0, 'PD_3,PD_5': 1.0, 'PD_3,PD_6': 1.0, 'PD_3,PD_7': 0.0, 'PD_4,PD_5': 1.0, 'PD_4,PD_6': 1.0, 'PD_4,PD_7': 0.0, 'PD_5,PD_6': 1.0, 'PD_5,PD_7': 0.0, 'PD_6,PD_7': 0.0}, ASR: 1.1666666666666667, TCB: {'PD_2': ['PD_4', 'PD_3', 'PD_5', 'PD_6'], 'PD_3': ['PD_2', 'PD_4', 'PD_5', 'PD_6'], 'PD_4': ['PD_2', 'PD_3', 'PD_5', 'PD_6'], 'PD_5': ['PD_2', 'PD_3', 'PD_4', 'PD_6'], 'PD_6': ['PD_2', 'PD_3', 'PD_4', 'PD_5'], 'PD_7': ['PD_5']}, FR: {'PD_2,PD_3': inf, 'PD_2,PD_4': inf, 'PD_2,PD_5': inf, 'PD_2,PD_6': inf, 'PD_2,PD_7': inf, 'PD_3,PD_4': inf, 'PD_3,PD_5': inf, 'PD_3,PD_6': inf, 'PD_3,PD_7': inf, 'PD_4,PD_5': inf, 'PD_4,PD_6': inf, 'PD_4,PD_7': inf, 'PD_5,PD_6': inf, 'PD_5,PD_7': inf, 'PD_6,PD_7': inf}
  Computing metrics...
    RSI: {'PD_2,PD_3': 1.0, 'PD_2,PD_4': 1.0, 'PD_2,PD_5': 1.0, 'PD_2,PD_6': 1.0, 'PD_2,PD_7': 0.0, 'PD_3,PD_4': 1.0, 'PD_3,PD_5': 1.0, 'PD_3,PD_6': 1.0, 'PD_3,PD_7': 0.0, 'PD_4,PD_5': 1.0, 'PD_4,PD_6': 1.0, 'PD_4,PD_7': 0.0, 'PD_5,PD_6': 1.0, 'PD_5,PD_7': 0.0, 'PD_6,PD_7': 0.0}, ASR: 1.0, TCB: {'PD_2': ['PD_4', 'PD_3', 'PD_5', 'PD_6'], 'PD_3': ['PD_2', 'PD_4', 'PD_5', 'PD_6'], 'PD_4': ['PD_2', 'PD_3', 'PD_5', 'PD_6'], 'PD_5': ['PD_2', 'PD_3', 'PD_4', 'PD_6'], 'PD_6': ['PD_2', 'PD_3', 'PD_4', 'PD_5'], 'PD_7': []}, FR: {'PD_2,PD_3': inf, 'PD_2,PD_4': inf, 'PD_2,PD_5': inf, 'PD_2,PD_6': inf, 'PD_2,PD_7': inf, 'PD_3,PD_4': inf, 'PD_3,PD_5': inf, 'PD_3,PD_6': inf, 'PD_3,PD_7': inf, 'PD_4,PD_5': inf, 'PD_4,PD_6': inf, 'PD_4,PD_7': inf, 'PD_5,PD_6': inf, 'PD_5,PD_7': inf, 'PD_6,PD_7': inf}
  Computing metrics...
    RSI: {'PD_2,PD_3': 1.0, 'PD_2,PD_4': 1.0, 'PD_2,PD_5': 1.0, 'PD_2,PD_6': 1.0, 'PD_2,PD_7': 0.0, 'PD_3,PD_4': 1.0, 'PD_3,PD_5': 1.0, 'PD_3,PD_6': 1.0, 'PD_3,PD_7': 0.0, 'PD_4,PD_5': 1.0, 'PD_4,PD_6': 1.0, 'PD_4,PD_7': 0.0, 'PD_5,PD_6': 1.0, 'PD_5,PD_7': 0.0, 'PD_6,PD_7': 0.0}, ASR: 1.1666666666666667, TCB: {'PD_2': ['PD_4', 'PD_3', 'PD_5', 'PD_6'], 'PD_3': ['PD_2', 'PD_4', 'PD_5', 'PD_6'], 'PD_4': ['PD_2', 'PD_3', 'PD_5', 'PD_6'], 'PD_5': ['PD_2', 'PD_3', 'PD_4', 'PD_6'], 'PD_6': ['PD_2', 'PD_3', 'PD_4', 'PD_5'], 'PD_7': ['PD_6']}, FR: {'PD_2,PD_3': inf, 'PD_2,PD_4': inf, 'PD_2,PD_5': inf, 'PD_2,PD_6': inf, 'PD_2,PD_7': inf, 'PD_3,PD_4': inf, 'PD_3,PD_5': inf, 'PD_3,PD_6': inf, 'PD_3,PD_7': inf, 'PD_4,PD_5': inf, 'PD_4,PD_6': inf, 'PD_4,PD_7': inf, 'PD_5,PD_6': inf, 'PD_5,PD_7': inf, 'PD_6,PD_7': inf}
  Computing metrics...
    RSI: {'PD_2,PD_3': 1.0, 'PD_2,PD_4': 1.0, 'PD_2,PD_5': 1.0, 'PD_2,PD_6': 1.0, 'PD_2,PD_7': 0.0, 'PD_3,PD_4': 1.0, 'PD_3,PD_5': 1.0, 'PD_3,PD_6': 1.0, 'PD_3,PD_7': 0.0, 'PD_4,PD_5': 1.0, 'PD_4,PD_6': 1.0, 'PD_4,PD_7': 0.0, 'PD_5,PD_6': 1.0, 'PD_5,PD_7': 0.0, 'PD_6,PD_7': 0.0}, ASR: 1.0, TCB: {'PD_2': ['PD_4', 'PD_3', 'PD_5', 'PD_6'], 'PD_3': ['PD_2', 'PD_4', 'PD_5', 'PD_6'], 'PD_4': ['PD_2', 'PD_3', 'PD_5', 'PD_6'], 'PD_5': ['PD_2', 'PD_3', 'PD_4', 'PD_6'], 'PD_6': ['PD_2', 'PD_3', 'PD_4', 'PD_5'], 'PD_7': []}, FR: {'PD_2,PD_3': inf, 'PD_2,PD_4': inf, 'PD_2,PD_5': inf, 'PD_2,PD_6': inf, 'PD_2,PD_7': inf, 'PD_3,PD_4': inf, 'PD_3,PD_5': inf, 'PD_3,PD_6': inf, 'PD_3,PD_7': inf, 'PD_4,PD_5': inf, 'PD_4,PD_6': inf, 'PD_4,PD_7': inf, 'PD_5,PD_6': inf, 'PD_5,PD_7': inf, 'PD_6,PD_7': inf}
  Computing metrics...
    RSI: {'PD_2,PD_3': 1.0, 'PD_2,PD_4': 1.0, 'PD_2,PD_5': 1.0, 'PD_2,PD_6': 1.0, 'PD_2,PD_7': 0.0, 'PD_3,PD_4': 1.0, 'PD_3,PD_5': 1.0, 'PD_3,PD_6': 1.0, 'PD_3,PD_7': 0.0, 'PD_4,PD_5': 1.0, 'PD_4,PD_6': 1.0, 'PD_4,PD_7': 0.0, 'PD_5,PD_6': 1.0, 'PD_5,PD_7': 0.0, 'PD_6,PD_7': 0.0}, ASR: 1.0, TCB: {'PD_2': ['PD_4', 'PD_3', 'PD_5', 'PD_6'], 'PD_3': ['PD_2', 'PD_4', 'PD_5', 'PD_6'], 'PD_4': ['PD_2', 'PD_3', 'PD_5', 'PD_6'], 'PD_5': ['PD_2', 'PD_3', 'PD_4', 'PD_6'], 'PD_6': ['PD_2', 'PD_3', 'PD_4', 'PD_5'], 'PD_7': []}, FR: {'PD_2,PD_3': inf, 'PD_2,PD_4': inf, 'PD_2,PD_5': inf, 'PD_2,PD_6': inf, 'PD_2,PD_7': inf, 'PD_3,PD_4': inf, 'PD_3,PD_5': inf, 'PD_3,PD_6': inf, 'PD_3,PD_7': inf, 'PD_4,PD_5': inf, 'PD_4,PD_6': inf, 'PD_4,PD_7': inf, 'PD_5,PD_6': inf, 'PD_5,PD_7': inf, 'PD_6,PD_7': inf}
  Computing metrics...
    RSI: {'PD_2,PD_3': 1.0, 'PD_2,PD_4': 1.0, 'PD_2,PD_5': 1.0, 'PD_2,PD_6': 1.0, 'PD_2,PD_7': 0.0, 'PD_3,PD_4': 1.0, 'PD_3,PD_5': 1.0, 'PD_3,PD_6': 1.0, 'PD_3,PD_7': 0.0, 'PD_4,PD_5': 1.0, 'PD_4,PD_6': 1.0, 'PD_4,PD_7': 0.0, 'PD_5,PD_6': 1.0, 'PD_5,PD_7': 0.0, 'PD_6,PD_7': 0.0}, ASR: 1.0, TCB: {'PD_2': ['PD_4', 'PD_3', 'PD_5', 'PD_6'], 'PD_3': ['PD_2', 'PD_4', 'PD_5', 'PD_6'], 'PD_4': ['PD_2', 'PD_3', 'PD_5', 'PD_6'], 'PD_5': ['PD_2', 'PD_3', 'PD_4', 'PD_6'], 'PD_6': ['PD_2', 'PD_3', 'PD_4', 'PD_5'], 'PD_7': []}, FR: {'PD_2,PD_3': inf, 'PD_2,PD_4': inf, 'PD_2,PD_5': inf, 'PD_2,PD_6': inf, 'PD_2,PD_7': inf, 'PD_3,PD_4': inf, 'PD_3,PD_5': inf, 'PD_3,PD_6': inf, 'PD_3,PD_7': inf, 'PD_4,PD_5': inf, 'PD_4,PD_6': inf, 'PD_4,PD_7': inf, 'PD_5,PD_6': inf, 'PD_5,PD_7': inf, 'PD_6,PD_7': inf}
  Computing metrics...
    RSI: {'PD_2,PD_3': 1.0, 'PD_2,PD_4': 1.0, 'PD_2,PD_5': 1.0, 'PD_2,PD_6': 1.0, 'PD_2,PD_7': 0.0, 'PD_3,PD_4': 1.0, 'PD_3,PD_5': 1.0, 'PD_3,PD_6': 1.0, 'PD_3,PD_7': 0.0, 'PD_4,PD_5': 1.0, 'PD_4,PD_6': 1.0, 'PD_4,PD_7': 0.0, 'PD_5,PD_6': 1.0, 'PD_5,PD_7': 0.0, 'PD_6,PD_7': 0.0}, ASR: 1.0, TCB: {'PD_2': ['PD_4', 'PD_3', 'PD_5', 'PD_6'], 'PD_3': ['PD_2', 'PD_4', 'PD_5', 'PD_6'], 'PD_4': ['PD_2', 'PD_3', 'PD_5', 'PD_6'], 'PD_5': ['PD_2', 'PD_3', 'PD_4', 'PD_6'], 'PD_6': ['PD_2', 'PD_3', 'PD_4', 'PD_5'], 'PD_7': []}, FR: {'PD_2,PD_3': inf, 'PD_2,PD_4': inf, 'PD_2,PD_5': inf, 'PD_2,PD_6': inf, 'PD_2,PD_7': inf, 'PD_3,PD_4': inf, 'PD_3,PD_5': inf, 'PD_3,PD_6': inf, 'PD_3,PD_7': inf, 'PD_4,PD_5': inf, 'PD_4,PD_6': inf, 'PD_4,PD_7': inf, 'PD_5,PD_6': inf, 'PD_5,PD_7': inf, 'PD_6,PD_7': inf}
  🚫 Filtered out 1 'add_hold_edge' candidates (avoiding repetition)
  Trying best transition: primitive
    Target: add new protection domain to help resolve 2 constraint violation(s)
    Predicted improvement: 0.100
    Considered 41 other option(s):
      1. primitive: remove empty PD_7 (improvement: 0.100)
      2. primitive: create new CONFIG file in FILE_SPACE_1 (improvement: 0.100)
      3. primitive: create new DATABASE file in FILE_SPACE_1 (improvement: 0.100)
      4. primitive: create new TEMP file in FILE_SPACE_1 (improvement: 0.100)
      5. primitive: create new LOG file in FILE_SPACE_1 (improvement: 0.100)
      6. primitive: remove FILE_1_1 (holders: 5) (improvement: 0.100)
      7. primitive: remove PD_3 -> FILE_1_1 HOLD edge (improvement: 0.100)
      8. primitive: remove PD_4 -> FILE_1_1 HOLD edge (improvement: 0.100)
      9. primitive: remove PD_5 -> FILE_1_1 HOLD edge (improvement: 0.100)
      10. primitive: remove PD_6 -> FILE_1_1 HOLD edge (improvement: 0.100)
      ... and 31 more
    ✅ Applied add_pd
  Computing metrics...
    RSI: {'PD_2,PD_3': 1.0, 'PD_2,PD_4': 1.0, 'PD_2,PD_5': 1.0, 'PD_2,PD_6': 1.0, 'PD_2,PD_7': 0.0, 'PD_2,PD_8': 0.0, 'PD_3,PD_4': 1.0, 'PD_3,PD_5': 1.0, 'PD_3,PD_6': 1.0, 'PD_3,PD_7': 0.0, 'PD_3,PD_8': 0.0, 'PD_4,PD_5': 1.0, 'PD_4,PD_6': 1.0, 'PD_4,PD_7': 0.0, 'PD_4,PD_8': 0.0, 'PD_5,PD_6': 1.0, 'PD_5,PD_7': 0.0, 'PD_5,PD_8': 0.0, 'PD_6,PD_7': 0.0, 'PD_6,PD_8': 0.0, 'PD_7,PD_8': 0.0}, ASR: 0.8571428571428571, TCB: {'PD_2': ['PD_4', 'PD_3', 'PD_5', 'PD_6'], 'PD_3': ['PD_2', 'PD_4', 'PD_5', 'PD_6'], 'PD_4': ['PD_2', 'PD_3', 'PD_5', 'PD_6'], 'PD_5': ['PD_2', 'PD_3', 'PD_4', 'PD_6'], 'PD_6': ['PD_2', 'PD_3', 'PD_4', 'PD_5'], 'PD_7': [], 'PD_8': []}, FR: {'PD_2,PD_3': inf, 'PD_2,PD_4': inf, 'PD_2,PD_5': inf, 'PD_2,PD_6': inf, 'PD_2,PD_7': inf, 'PD_2,PD_8': inf, 'PD_3,PD_4': inf, 'PD_3,PD_5': inf, 'PD_3,PD_6': inf, 'PD_3,PD_7': inf, 'PD_3,PD_8': inf, 'PD_4,PD_5': inf, 'PD_4,PD_6': inf, 'PD_4,PD_7': inf, 'PD_4,PD_8': inf, 'PD_5,PD_6': inf, 'PD_5,PD_7': inf, 'PD_5,PD_8': inf, 'PD_6,PD_7': inf, 'PD_6,PD_8': inf, 'PD_7,PD_8': inf}
    Warning: PD pair PD_1,PD_2 not found in RSI metrics
    Goals not yet satisfied, continuing exploration
  ✅ Mechanism saved! Total mechanisms found: 8

📊 Graph after iteration 8:
        # Graph structure:
        # PD_2 --REQUEST--> PD_4
        # PD_2 --HOLD--> FILE_1_1 -> FILE_SPACE_1
        # PD_3 --HOLD--> FILE_1_1 -> FILE_SPACE_1
        # PD_4 --HOLD--> FILE_1_1 -> FILE_SPACE_1
        # PD_5 --HOLD--> FILE_1_1 -> FILE_SPACE_1
        # PD_6 --HOLD--> FILE_1_1 -> FILE_SPACE_1
        # PD_7
        # PD_8
        #
        # FILE_1_1 shared by: PD_2, PD_3, PD_4, PD_5, PD_6


Iteration 9/10
  Computing metrics...
    RSI: {'PD_2,PD_3': 1.0, 'PD_2,PD_4': 1.0, 'PD_2,PD_5': 1.0, 'PD_2,PD_6': 1.0, 'PD_2,PD_7': 0.0, 'PD_2,PD_8': 0.0, 'PD_3,PD_4': 1.0, 'PD_3,PD_5': 1.0, 'PD_3,PD_6': 1.0, 'PD_3,PD_7': 0.0, 'PD_3,PD_8': 0.0, 'PD_4,PD_5': 1.0, 'PD_4,PD_6': 1.0, 'PD_4,PD_7': 0.0, 'PD_4,PD_8': 0.0, 'PD_5,PD_6': 1.0, 'PD_5,PD_7': 0.0, 'PD_5,PD_8': 0.0, 'PD_6,PD_7': 0.0, 'PD_6,PD_8': 0.0, 'PD_7,PD_8': 0.0}, ASR: 0.8571428571428571, TCB: {'PD_2': ['PD_4', 'PD_3', 'PD_5', 'PD_6'], 'PD_3': ['PD_2', 'PD_4', 'PD_5', 'PD_6'], 'PD_4': ['PD_2', 'PD_3', 'PD_5', 'PD_6'], 'PD_5': ['PD_2', 'PD_3', 'PD_4', 'PD_6'], 'PD_6': ['PD_2', 'PD_3', 'PD_4', 'PD_5'], 'PD_7': [], 'PD_8': []}, FR: {'PD_2,PD_3': inf, 'PD_2,PD_4': inf, 'PD_2,PD_5': inf, 'PD_2,PD_6': inf, 'PD_2,PD_7': inf, 'PD_2,PD_8': inf, 'PD_3,PD_4': inf, 'PD_3,PD_5': inf, 'PD_3,PD_6': inf, 'PD_3,PD_7': inf, 'PD_3,PD_8': inf, 'PD_4,PD_5': inf, 'PD_4,PD_6': inf, 'PD_4,PD_7': inf, 'PD_4,PD_8': inf, 'PD_5,PD_6': inf, 'PD_5,PD_7': inf, 'PD_5,PD_8': inf, 'PD_6,PD_7': inf, 'PD_6,PD_8': inf, 'PD_7,PD_8': inf}
  Computing metrics...
    RSI: {'PD_2,PD_3': 1.0, 'PD_2,PD_4': 1.0, 'PD_2,PD_5': 1.0, 'PD_2,PD_6': 1.0, 'PD_2,PD_7': 0.0, 'PD_2,PD_8': 0.0, 'PD_3,PD_4': 1.0, 'PD_3,PD_5': 1.0, 'PD_3,PD_6': 1.0, 'PD_3,PD_7': 0.0, 'PD_3,PD_8': 0.0, 'PD_4,PD_5': 1.0, 'PD_4,PD_6': 1.0, 'PD_4,PD_7': 0.0, 'PD_4,PD_8': 0.0, 'PD_5,PD_6': 1.0, 'PD_5,PD_7': 0.0, 'PD_5,PD_8': 0.0, 'PD_6,PD_7': 0.0, 'PD_6,PD_8': 0.0, 'PD_7,PD_8': 0.0}, ASR: 0.8571428571428571, TCB: {'PD_2': ['PD_4', 'PD_3', 'PD_5', 'PD_6'], 'PD_3': ['PD_2', 'PD_4', 'PD_5', 'PD_6'], 'PD_4': ['PD_2', 'PD_3', 'PD_5', 'PD_6'], 'PD_5': ['PD_2', 'PD_3', 'PD_4', 'PD_6'], 'PD_6': ['PD_2', 'PD_3', 'PD_4', 'PD_5'], 'PD_7': [], 'PD_8': []}, FR: {'PD_2,PD_3': inf, 'PD_2,PD_4': inf, 'PD_2,PD_5': inf, 'PD_2,PD_6': inf, 'PD_2,PD_7': inf, 'PD_2,PD_8': inf, 'PD_3,PD_4': inf, 'PD_3,PD_5': inf, 'PD_3,PD_6': inf, 'PD_3,PD_7': inf, 'PD_3,PD_8': inf, 'PD_4,PD_5': inf, 'PD_4,PD_6': inf, 'PD_4,PD_7': inf, 'PD_4,PD_8': inf, 'PD_5,PD_6': inf, 'PD_5,PD_7': inf, 'PD_5,PD_8': inf, 'PD_6,PD_7': inf, 'PD_6,PD_8': inf, 'PD_7,PD_8': inf}
  Computing metrics...
    RSI: {'PD_2,PD_3': 1.0, 'PD_2,PD_4': 1.0, 'PD_2,PD_5': 1.0, 'PD_2,PD_6': 1.0, 'PD_2,PD_7': 0.0, 'PD_2,PD_8': 0.0, 'PD_3,PD_4': 1.0, 'PD_3,PD_5': 1.0, 'PD_3,PD_6': 1.0, 'PD_3,PD_7': 0.0, 'PD_3,PD_8': 0.0, 'PD_4,PD_5': 1.0, 'PD_4,PD_6': 1.0, 'PD_4,PD_7': 0.0, 'PD_4,PD_8': 0.0, 'PD_5,PD_6': 1.0, 'PD_5,PD_7': 0.0, 'PD_5,PD_8': 0.0, 'PD_6,PD_7': 0.0, 'PD_6,PD_8': 0.0, 'PD_7,PD_8': 0.0}, ASR: 0.8571428571428571, TCB: {'PD_2': ['PD_4', 'PD_3', 'PD_5', 'PD_6'], 'PD_3': ['PD_2', 'PD_4', 'PD_5', 'PD_6'], 'PD_4': ['PD_2', 'PD_3', 'PD_5', 'PD_6'], 'PD_5': ['PD_2', 'PD_3', 'PD_4', 'PD_6'], 'PD_6': ['PD_2', 'PD_3', 'PD_4', 'PD_5'], 'PD_7': [], 'PD_8': []}, FR: {'PD_2,PD_3': inf, 'PD_2,PD_4': inf, 'PD_2,PD_5': inf, 'PD_2,PD_6': inf, 'PD_2,PD_7': inf, 'PD_2,PD_8': inf, 'PD_3,PD_4': inf, 'PD_3,PD_5': inf, 'PD_3,PD_6': inf, 'PD_3,PD_7': inf, 'PD_3,PD_8': inf, 'PD_4,PD_5': inf, 'PD_4,PD_6': inf, 'PD_4,PD_7': inf, 'PD_4,PD_8': inf, 'PD_5,PD_6': inf, 'PD_5,PD_7': inf, 'PD_5,PD_8': inf, 'PD_6,PD_7': inf, 'PD_6,PD_8': inf, 'PD_7,PD_8': inf}
  Computing metrics...
    RSI: {'PD_2,PD_3': 1.0, 'PD_2,PD_4': 1.0, 'PD_2,PD_5': 1.0, 'PD_2,PD_6': 1.0, 'PD_2,PD_7': 0.0, 'PD_2,PD_8': 0.0, 'PD_3,PD_4': 1.0, 'PD_3,PD_5': 1.0, 'PD_3,PD_6': 1.0, 'PD_3,PD_7': 0.0, 'PD_3,PD_8': 0.0, 'PD_4,PD_5': 1.0, 'PD_4,PD_6': 1.0, 'PD_4,PD_7': 0.0, 'PD_4,PD_8': 0.0, 'PD_5,PD_6': 1.0, 'PD_5,PD_7': 0.0, 'PD_5,PD_8': 0.0, 'PD_6,PD_7': 0.0, 'PD_6,PD_8': 0.0, 'PD_7,PD_8': 0.0}, ASR: 0.8571428571428571, TCB: {'PD_2': ['PD_4', 'PD_3', 'PD_5', 'PD_6'], 'PD_3': ['PD_2', 'PD_4', 'PD_5', 'PD_6'], 'PD_4': ['PD_2', 'PD_3', 'PD_5', 'PD_6'], 'PD_5': ['PD_2', 'PD_3', 'PD_4', 'PD_6'], 'PD_6': ['PD_2', 'PD_3', 'PD_4', 'PD_5'], 'PD_7': [], 'PD_8': []}, FR: {'PD_2,PD_3': inf, 'PD_2,PD_4': inf, 'PD_2,PD_5': inf, 'PD_2,PD_6': inf, 'PD_2,PD_7': inf, 'PD_2,PD_8': inf, 'PD_3,PD_4': inf, 'PD_3,PD_5': inf, 'PD_3,PD_6': inf, 'PD_3,PD_7': inf, 'PD_3,PD_8': inf, 'PD_4,PD_5': inf, 'PD_4,PD_6': inf, 'PD_4,PD_7': inf, 'PD_4,PD_8': inf, 'PD_5,PD_6': inf, 'PD_5,PD_7': inf, 'PD_5,PD_8': inf, 'PD_6,PD_7': inf, 'PD_6,PD_8': inf, 'PD_7,PD_8': inf}
  Computing metrics...
    RSI: {'PD_2,PD_3': 1.0, 'PD_2,PD_4': 1.0, 'PD_2,PD_5': 1.0, 'PD_2,PD_6': 1.0, 'PD_2,PD_7': 0.0, 'PD_2,PD_8': 0.0, 'PD_3,PD_4': 1.0, 'PD_3,PD_5': 1.0, 'PD_3,PD_6': 1.0, 'PD_3,PD_7': 0.0, 'PD_3,PD_8': 0.0, 'PD_4,PD_5': 1.0, 'PD_4,PD_6': 1.0, 'PD_4,PD_7': 0.0, 'PD_4,PD_8': 0.0, 'PD_5,PD_6': 1.0, 'PD_5,PD_7': 0.0, 'PD_5,PD_8': 0.0, 'PD_6,PD_7': 0.0, 'PD_6,PD_8': 0.0, 'PD_7,PD_8': 0.0}, ASR: 0.8571428571428571, TCB: {'PD_2': ['PD_4', 'PD_3', 'PD_5', 'PD_6'], 'PD_3': ['PD_2', 'PD_4', 'PD_5', 'PD_6'], 'PD_4': ['PD_2', 'PD_3', 'PD_5', 'PD_6'], 'PD_5': ['PD_2', 'PD_3', 'PD_4', 'PD_6'], 'PD_6': ['PD_2', 'PD_3', 'PD_4', 'PD_5'], 'PD_7': [], 'PD_8': []}, FR: {'PD_2,PD_3': inf, 'PD_2,PD_4': inf, 'PD_2,PD_5': inf, 'PD_2,PD_6': inf, 'PD_2,PD_7': inf, 'PD_2,PD_8': inf, 'PD_3,PD_4': inf, 'PD_3,PD_5': inf, 'PD_3,PD_6': inf, 'PD_3,PD_7': inf, 'PD_3,PD_8': inf, 'PD_4,PD_5': inf, 'PD_4,PD_6': inf, 'PD_4,PD_7': inf, 'PD_4,PD_8': inf, 'PD_5,PD_6': inf, 'PD_5,PD_7': inf, 'PD_5,PD_8': inf, 'PD_6,PD_7': inf, 'PD_6,PD_8': inf, 'PD_7,PD_8': inf}
  Computing metrics...
    RSI: {'PD_2,PD_3': 1.0, 'PD_2,PD_4': 1.0, 'PD_2,PD_5': 1.0, 'PD_2,PD_6': 1.0, 'PD_2,PD_7': 0.0, 'PD_2,PD_8': 0.0, 'PD_3,PD_4': 1.0, 'PD_3,PD_5': 1.0, 'PD_3,PD_6': 1.0, 'PD_3,PD_7': 0.0, 'PD_3,PD_8': 0.0, 'PD_4,PD_5': 1.0, 'PD_4,PD_6': 1.0, 'PD_4,PD_7': 0.0, 'PD_4,PD_8': 0.0, 'PD_5,PD_6': 1.0, 'PD_5,PD_7': 0.0, 'PD_5,PD_8': 0.0, 'PD_6,PD_7': 0.0, 'PD_6,PD_8': 0.0, 'PD_7,PD_8': 0.0}, ASR: 0.8571428571428571, TCB: {'PD_2': ['PD_4', 'PD_3', 'PD_5', 'PD_6'], 'PD_3': ['PD_2', 'PD_4', 'PD_5', 'PD_6'], 'PD_4': ['PD_2', 'PD_3', 'PD_5', 'PD_6'], 'PD_5': ['PD_2', 'PD_3', 'PD_4', 'PD_6'], 'PD_6': ['PD_2', 'PD_3', 'PD_4', 'PD_5'], 'PD_7': [], 'PD_8': []}, FR: {'PD_2,PD_3': inf, 'PD_2,PD_4': inf, 'PD_2,PD_5': inf, 'PD_2,PD_6': inf, 'PD_2,PD_7': inf, 'PD_2,PD_8': inf, 'PD_3,PD_4': inf, 'PD_3,PD_5': inf, 'PD_3,PD_6': inf, 'PD_3,PD_7': inf, 'PD_3,PD_8': inf, 'PD_4,PD_5': inf, 'PD_4,PD_6': inf, 'PD_4,PD_7': inf, 'PD_4,PD_8': inf, 'PD_5,PD_6': inf, 'PD_5,PD_7': inf, 'PD_5,PD_8': inf, 'PD_6,PD_7': inf, 'PD_6,PD_8': inf, 'PD_7,PD_8': inf}
  Computing metrics...
    RSI: {'PD_2,PD_3': 1.0, 'PD_2,PD_4': 1.0, 'PD_2,PD_5': 1.0, 'PD_2,PD_6': 1.0, 'PD_2,PD_7': 0.0, 'PD_2,PD_8': 0.0, 'PD_3,PD_4': 1.0, 'PD_3,PD_5': 1.0, 'PD_3,PD_6': 1.0, 'PD_3,PD_7': 0.0, 'PD_3,PD_8': 0.0, 'PD_4,PD_5': 1.0, 'PD_4,PD_6': 1.0, 'PD_4,PD_7': 0.0, 'PD_4,PD_8': 0.0, 'PD_5,PD_6': 1.0, 'PD_5,PD_7': 0.0, 'PD_5,PD_8': 0.0, 'PD_6,PD_7': 0.0, 'PD_6,PD_8': 0.0, 'PD_7,PD_8': 0.0}, ASR: 0.8571428571428571, TCB: {'PD_2': ['PD_4', 'PD_3', 'PD_5', 'PD_6'], 'PD_3': ['PD_2', 'PD_4', 'PD_5', 'PD_6'], 'PD_4': ['PD_2', 'PD_3', 'PD_5', 'PD_6'], 'PD_5': ['PD_2', 'PD_3', 'PD_4', 'PD_6'], 'PD_6': ['PD_2', 'PD_3', 'PD_4', 'PD_5'], 'PD_7': [], 'PD_8': []}, FR: {'PD_2,PD_3': inf, 'PD_2,PD_4': inf, 'PD_2,PD_5': inf, 'PD_2,PD_6': inf, 'PD_2,PD_7': inf, 'PD_2,PD_8': inf, 'PD_3,PD_4': inf, 'PD_3,PD_5': inf, 'PD_3,PD_6': inf, 'PD_3,PD_7': inf, 'PD_3,PD_8': inf, 'PD_4,PD_5': inf, 'PD_4,PD_6': inf, 'PD_4,PD_7': inf, 'PD_4,PD_8': inf, 'PD_5,PD_6': inf, 'PD_5,PD_7': inf, 'PD_5,PD_8': inf, 'PD_6,PD_7': inf, 'PD_6,PD_8': inf, 'PD_7,PD_8': inf}
  Computing metrics...
    RSI: {'PD_2,PD_3': 1.0, 'PD_2,PD_4': 1.0, 'PD_2,PD_5': 1.0, 'PD_2,PD_6': 1.0, 'PD_2,PD_7': 0.0, 'PD_2,PD_8': 0.0, 'PD_3,PD_4': 1.0, 'PD_3,PD_5': 1.0, 'PD_3,PD_6': 1.0, 'PD_3,PD_7': 0.0, 'PD_3,PD_8': 0.0, 'PD_4,PD_5': 1.0, 'PD_4,PD_6': 1.0, 'PD_4,PD_7': 0.0, 'PD_4,PD_8': 0.0, 'PD_5,PD_6': 1.0, 'PD_5,PD_7': 0.0, 'PD_5,PD_8': 0.0, 'PD_6,PD_7': 0.0, 'PD_6,PD_8': 0.0, 'PD_7,PD_8': 0.0}, ASR: 0.8571428571428571, TCB: {'PD_2': ['PD_4', 'PD_3', 'PD_5', 'PD_6'], 'PD_3': ['PD_2', 'PD_4', 'PD_5', 'PD_6'], 'PD_4': ['PD_2', 'PD_3', 'PD_5', 'PD_6'], 'PD_5': ['PD_2', 'PD_3', 'PD_4', 'PD_6'], 'PD_6': ['PD_2', 'PD_3', 'PD_4', 'PD_5'], 'PD_7': [], 'PD_8': []}, FR: {'PD_2,PD_3': inf, 'PD_2,PD_4': inf, 'PD_2,PD_5': inf, 'PD_2,PD_6': inf, 'PD_2,PD_7': inf, 'PD_2,PD_8': inf, 'PD_3,PD_4': inf, 'PD_3,PD_5': inf, 'PD_3,PD_6': inf, 'PD_3,PD_7': inf, 'PD_3,PD_8': inf, 'PD_4,PD_5': inf, 'PD_4,PD_6': inf, 'PD_4,PD_7': inf, 'PD_4,PD_8': inf, 'PD_5,PD_6': inf, 'PD_5,PD_7': inf, 'PD_5,PD_8': inf, 'PD_6,PD_7': inf, 'PD_6,PD_8': inf, 'PD_7,PD_8': inf}
  Computing metrics...
    RSI: {'PD_2,PD_3': 1.0, 'PD_2,PD_4': 1.0, 'PD_2,PD_5': 1.0, 'PD_2,PD_6': 1.0, 'PD_2,PD_7': 0.0, 'PD_2,PD_8': 0.0, 'PD_3,PD_4': 1.0, 'PD_3,PD_5': 1.0, 'PD_3,PD_6': 1.0, 'PD_3,PD_7': 0.0, 'PD_3,PD_8': 0.0, 'PD_4,PD_5': 1.0, 'PD_4,PD_6': 1.0, 'PD_4,PD_7': 0.0, 'PD_4,PD_8': 0.0, 'PD_5,PD_6': 1.0, 'PD_5,PD_7': 0.0, 'PD_5,PD_8': 0.0, 'PD_6,PD_7': 0.0, 'PD_6,PD_8': 0.0, 'PD_7,PD_8': 0.0}, ASR: 0.8571428571428571, TCB: {'PD_2': ['PD_4', 'PD_3', 'PD_5', 'PD_6'], 'PD_3': ['PD_2', 'PD_4', 'PD_5', 'PD_6'], 'PD_4': ['PD_2', 'PD_3', 'PD_5', 'PD_6'], 'PD_5': ['PD_2', 'PD_3', 'PD_4', 'PD_6'], 'PD_6': ['PD_2', 'PD_3', 'PD_4', 'PD_5'], 'PD_7': [], 'PD_8': []}, FR: {'PD_2,PD_3': inf, 'PD_2,PD_4': inf, 'PD_2,PD_5': inf, 'PD_2,PD_6': inf, 'PD_2,PD_7': inf, 'PD_2,PD_8': inf, 'PD_3,PD_4': inf, 'PD_3,PD_5': inf, 'PD_3,PD_6': inf, 'PD_3,PD_7': inf, 'PD_3,PD_8': inf, 'PD_4,PD_5': inf, 'PD_4,PD_6': inf, 'PD_4,PD_7': inf, 'PD_4,PD_8': inf, 'PD_5,PD_6': inf, 'PD_5,PD_7': inf, 'PD_5,PD_8': inf, 'PD_6,PD_7': inf, 'PD_6,PD_8': inf, 'PD_7,PD_8': inf}
  Computing metrics...
    RSI: {'PD_2,PD_3': 1.0, 'PD_2,PD_4': 1.0, 'PD_2,PD_5': 1.0, 'PD_2,PD_6': 1.0, 'PD_2,PD_7': 0.0, 'PD_2,PD_8': 0.0, 'PD_3,PD_4': 1.0, 'PD_3,PD_5': 1.0, 'PD_3,PD_6': 1.0, 'PD_3,PD_7': 0.0, 'PD_3,PD_8': 0.0, 'PD_4,PD_5': 1.0, 'PD_4,PD_6': 1.0, 'PD_4,PD_7': 0.0, 'PD_4,PD_8': 0.0, 'PD_5,PD_6': 1.0, 'PD_5,PD_7': 0.0, 'PD_5,PD_8': 0.0, 'PD_6,PD_7': 0.0, 'PD_6,PD_8': 0.0, 'PD_7,PD_8': 0.0}, ASR: 0.8571428571428571, TCB: {'PD_2': ['PD_4', 'PD_3', 'PD_5', 'PD_6'], 'PD_3': ['PD_2', 'PD_4', 'PD_5', 'PD_6'], 'PD_4': ['PD_2', 'PD_3', 'PD_5', 'PD_6'], 'PD_5': ['PD_2', 'PD_3', 'PD_4', 'PD_6'], 'PD_6': ['PD_2', 'PD_3', 'PD_4', 'PD_5'], 'PD_7': [], 'PD_8': []}, FR: {'PD_2,PD_3': inf, 'PD_2,PD_4': inf, 'PD_2,PD_5': inf, 'PD_2,PD_6': inf, 'PD_2,PD_7': inf, 'PD_2,PD_8': inf, 'PD_3,PD_4': inf, 'PD_3,PD_5': inf, 'PD_3,PD_6': inf, 'PD_3,PD_7': inf, 'PD_3,PD_8': inf, 'PD_4,PD_5': inf, 'PD_4,PD_6': inf, 'PD_4,PD_7': inf, 'PD_4,PD_8': inf, 'PD_5,PD_6': inf, 'PD_5,PD_7': inf, 'PD_5,PD_8': inf, 'PD_6,PD_7': inf, 'PD_6,PD_8': inf, 'PD_7,PD_8': inf}
  Computing metrics...
    RSI: {'PD_2,PD_3': 1.0, 'PD_2,PD_4': 1.0, 'PD_2,PD_5': 1.0, 'PD_2,PD_6': 1.0, 'PD_2,PD_7': 0.0, 'PD_2,PD_8': 0.0, 'PD_3,PD_4': 1.0, 'PD_3,PD_5': 1.0, 'PD_3,PD_6': 1.0, 'PD_3,PD_7': 0.0, 'PD_3,PD_8': 0.0, 'PD_4,PD_5': 1.0, 'PD_4,PD_6': 1.0, 'PD_4,PD_7': 0.0, 'PD_4,PD_8': 0.0, 'PD_5,PD_6': 1.0, 'PD_5,PD_7': 0.0, 'PD_5,PD_8': 0.0, 'PD_6,PD_7': 0.0, 'PD_6,PD_8': 0.0, 'PD_7,PD_8': 0.0}, ASR: 0.8571428571428571, TCB: {'PD_2': ['PD_4', 'PD_3', 'PD_5', 'PD_6'], 'PD_3': ['PD_2', 'PD_4', 'PD_5', 'PD_6'], 'PD_4': ['PD_2', 'PD_3', 'PD_5', 'PD_6'], 'PD_5': ['PD_2', 'PD_3', 'PD_4', 'PD_6'], 'PD_6': ['PD_2', 'PD_3', 'PD_4', 'PD_5'], 'PD_7': [], 'PD_8': []}, FR: {'PD_2,PD_3': inf, 'PD_2,PD_4': inf, 'PD_2,PD_5': inf, 'PD_2,PD_6': inf, 'PD_2,PD_7': inf, 'PD_2,PD_8': inf, 'PD_3,PD_4': inf, 'PD_3,PD_5': inf, 'PD_3,PD_6': inf, 'PD_3,PD_7': inf, 'PD_3,PD_8': inf, 'PD_4,PD_5': inf, 'PD_4,PD_6': inf, 'PD_4,PD_7': inf, 'PD_4,PD_8': inf, 'PD_5,PD_6': inf, 'PD_5,PD_7': inf, 'PD_5,PD_8': inf, 'PD_6,PD_7': inf, 'PD_6,PD_8': inf, 'PD_7,PD_8': inf}
  Computing metrics...
    RSI: {'PD_2,PD_3': 1.0, 'PD_2,PD_4': 1.0, 'PD_2,PD_5': 1.0, 'PD_2,PD_6': 1.0, 'PD_2,PD_7': 0.0, 'PD_2,PD_8': 0.0, 'PD_3,PD_4': 1.0, 'PD_3,PD_5': 1.0, 'PD_3,PD_6': 1.0, 'PD_3,PD_7': 0.0, 'PD_3,PD_8': 0.0, 'PD_4,PD_5': 1.0, 'PD_4,PD_6': 1.0, 'PD_4,PD_7': 0.0, 'PD_4,PD_8': 0.0, 'PD_5,PD_6': 1.0, 'PD_5,PD_7': 0.0, 'PD_5,PD_8': 0.0, 'PD_6,PD_7': 0.0, 'PD_6,PD_8': 0.0, 'PD_7,PD_8': 0.0}, ASR: 0.8571428571428571, TCB: {'PD_2': ['PD_4', 'PD_3', 'PD_5', 'PD_6'], 'PD_3': ['PD_2', 'PD_4', 'PD_5', 'PD_6'], 'PD_4': ['PD_2', 'PD_3', 'PD_5', 'PD_6'], 'PD_5': ['PD_2', 'PD_3', 'PD_4', 'PD_6'], 'PD_6': ['PD_2', 'PD_3', 'PD_4', 'PD_5'], 'PD_7': [], 'PD_8': []}, FR: {'PD_2,PD_3': inf, 'PD_2,PD_4': inf, 'PD_2,PD_5': inf, 'PD_2,PD_6': inf, 'PD_2,PD_7': inf, 'PD_2,PD_8': inf, 'PD_3,PD_4': inf, 'PD_3,PD_5': inf, 'PD_3,PD_6': inf, 'PD_3,PD_7': inf, 'PD_3,PD_8': inf, 'PD_4,PD_5': inf, 'PD_4,PD_6': inf, 'PD_4,PD_7': inf, 'PD_4,PD_8': inf, 'PD_5,PD_6': inf, 'PD_5,PD_7': inf, 'PD_5,PD_8': inf, 'PD_6,PD_7': inf, 'PD_6,PD_8': inf, 'PD_7,PD_8': inf}
  Computing metrics...
    RSI: {'PD_2,PD_3': 1.0, 'PD_2,PD_4': 1.0, 'PD_2,PD_5': 1.0, 'PD_2,PD_6': 1.0, 'PD_2,PD_7': 0.0, 'PD_2,PD_8': 0.0, 'PD_3,PD_4': 1.0, 'PD_3,PD_5': 1.0, 'PD_3,PD_6': 1.0, 'PD_3,PD_7': 0.0, 'PD_3,PD_8': 0.0, 'PD_4,PD_5': 1.0, 'PD_4,PD_6': 1.0, 'PD_4,PD_7': 0.0, 'PD_4,PD_8': 0.0, 'PD_5,PD_6': 1.0, 'PD_5,PD_7': 0.0, 'PD_5,PD_8': 0.0, 'PD_6,PD_7': 0.0, 'PD_6,PD_8': 0.0, 'PD_7,PD_8': 0.0}, ASR: 0.8571428571428571, TCB: {'PD_2': ['PD_4', 'PD_3', 'PD_5', 'PD_6'], 'PD_3': ['PD_2', 'PD_4', 'PD_5', 'PD_6'], 'PD_4': ['PD_2', 'PD_3', 'PD_5', 'PD_6'], 'PD_5': ['PD_2', 'PD_3', 'PD_4', 'PD_6'], 'PD_6': ['PD_2', 'PD_3', 'PD_4', 'PD_5'], 'PD_7': [], 'PD_8': []}, FR: {'PD_2,PD_3': inf, 'PD_2,PD_4': inf, 'PD_2,PD_5': inf, 'PD_2,PD_6': inf, 'PD_2,PD_7': inf, 'PD_2,PD_8': inf, 'PD_3,PD_4': inf, 'PD_3,PD_5': inf, 'PD_3,PD_6': inf, 'PD_3,PD_7': inf, 'PD_3,PD_8': inf, 'PD_4,PD_5': inf, 'PD_4,PD_6': inf, 'PD_4,PD_7': inf, 'PD_4,PD_8': inf, 'PD_5,PD_6': inf, 'PD_5,PD_7': inf, 'PD_5,PD_8': inf, 'PD_6,PD_7': inf, 'PD_6,PD_8': inf, 'PD_7,PD_8': inf}
  Computing metrics...
    RSI: {'PD_2,PD_3': 1.0, 'PD_2,PD_4': 1.0, 'PD_2,PD_5': 1.0, 'PD_2,PD_6': 1.0, 'PD_2,PD_7': 0.0, 'PD_2,PD_8': 0.0, 'PD_3,PD_4': 1.0, 'PD_3,PD_5': 1.0, 'PD_3,PD_6': 1.0, 'PD_3,PD_7': 0.0, 'PD_3,PD_8': 0.0, 'PD_4,PD_5': 1.0, 'PD_4,PD_6': 1.0, 'PD_4,PD_7': 0.0, 'PD_4,PD_8': 0.0, 'PD_5,PD_6': 1.0, 'PD_5,PD_7': 0.0, 'PD_5,PD_8': 0.0, 'PD_6,PD_7': 0.0, 'PD_6,PD_8': 0.0, 'PD_7,PD_8': 0.0}, ASR: 0.8571428571428571, TCB: {'PD_2': ['PD_4', 'PD_3', 'PD_5', 'PD_6'], 'PD_3': ['PD_2', 'PD_4', 'PD_5', 'PD_6'], 'PD_4': ['PD_2', 'PD_3', 'PD_5', 'PD_6'], 'PD_5': ['PD_2', 'PD_3', 'PD_4', 'PD_6'], 'PD_6': ['PD_2', 'PD_3', 'PD_4', 'PD_5'], 'PD_7': [], 'PD_8': []}, FR: {'PD_2,PD_3': inf, 'PD_2,PD_4': inf, 'PD_2,PD_5': inf, 'PD_2,PD_6': inf, 'PD_2,PD_7': inf, 'PD_2,PD_8': inf, 'PD_3,PD_4': inf, 'PD_3,PD_5': inf, 'PD_3,PD_6': inf, 'PD_3,PD_7': inf, 'PD_3,PD_8': inf, 'PD_4,PD_5': inf, 'PD_4,PD_6': inf, 'PD_4,PD_7': inf, 'PD_4,PD_8': inf, 'PD_5,PD_6': inf, 'PD_5,PD_7': inf, 'PD_5,PD_8': inf, 'PD_6,PD_7': inf, 'PD_6,PD_8': inf, 'PD_7,PD_8': inf}
  Computing metrics...
    RSI: {'PD_2,PD_3': 1.0, 'PD_2,PD_4': 1.0, 'PD_2,PD_5': 1.0, 'PD_2,PD_6': 1.0, 'PD_2,PD_7': 0.0, 'PD_2,PD_8': 0.0, 'PD_3,PD_4': 1.0, 'PD_3,PD_5': 1.0, 'PD_3,PD_6': 1.0, 'PD_3,PD_7': 0.0, 'PD_3,PD_8': 0.0, 'PD_4,PD_5': 1.0, 'PD_4,PD_6': 1.0, 'PD_4,PD_7': 0.0, 'PD_4,PD_8': 0.0, 'PD_5,PD_6': 1.0, 'PD_5,PD_7': 0.0, 'PD_5,PD_8': 0.0, 'PD_6,PD_7': 0.0, 'PD_6,PD_8': 0.0, 'PD_7,PD_8': 0.0}, ASR: 0.8571428571428571, TCB: {'PD_2': ['PD_4', 'PD_3', 'PD_5', 'PD_6'], 'PD_3': ['PD_2', 'PD_4', 'PD_5', 'PD_6'], 'PD_4': ['PD_2', 'PD_3', 'PD_5', 'PD_6'], 'PD_5': ['PD_2', 'PD_3', 'PD_4', 'PD_6'], 'PD_6': ['PD_2', 'PD_3', 'PD_4', 'PD_5'], 'PD_7': [], 'PD_8': []}, FR: {'PD_2,PD_3': inf, 'PD_2,PD_4': inf, 'PD_2,PD_5': inf, 'PD_2,PD_6': inf, 'PD_2,PD_7': inf, 'PD_2,PD_8': inf, 'PD_3,PD_4': inf, 'PD_3,PD_5': inf, 'PD_3,PD_6': inf, 'PD_3,PD_7': inf, 'PD_3,PD_8': inf, 'PD_4,PD_5': inf, 'PD_4,PD_6': inf, 'PD_4,PD_7': inf, 'PD_4,PD_8': inf, 'PD_5,PD_6': inf, 'PD_5,PD_7': inf, 'PD_5,PD_8': inf, 'PD_6,PD_7': inf, 'PD_6,PD_8': inf, 'PD_7,PD_8': inf}
  Computing metrics...
    RSI: {'PD_2,PD_3': 1.0, 'PD_2,PD_4': 1.0, 'PD_2,PD_5': 1.0, 'PD_2,PD_6': 1.0, 'PD_2,PD_7': 0.0, 'PD_2,PD_8': 0.0, 'PD_3,PD_4': 1.0, 'PD_3,PD_5': 1.0, 'PD_3,PD_6': 1.0, 'PD_3,PD_7': 0.0, 'PD_3,PD_8': 0.0, 'PD_4,PD_5': 1.0, 'PD_4,PD_6': 1.0, 'PD_4,PD_7': 0.0, 'PD_4,PD_8': 0.0, 'PD_5,PD_6': 1.0, 'PD_5,PD_7': 0.0, 'PD_5,PD_8': 0.0, 'PD_6,PD_7': 0.0, 'PD_6,PD_8': 0.0, 'PD_7,PD_8': 0.0}, ASR: 0.8571428571428571, TCB: {'PD_2': ['PD_4', 'PD_3', 'PD_5', 'PD_6'], 'PD_3': ['PD_2', 'PD_4', 'PD_5', 'PD_6'], 'PD_4': ['PD_2', 'PD_3', 'PD_5', 'PD_6'], 'PD_5': ['PD_2', 'PD_3', 'PD_4', 'PD_6'], 'PD_6': ['PD_2', 'PD_3', 'PD_4', 'PD_5'], 'PD_7': [], 'PD_8': []}, FR: {'PD_2,PD_3': inf, 'PD_2,PD_4': inf, 'PD_2,PD_5': inf, 'PD_2,PD_6': inf, 'PD_2,PD_7': inf, 'PD_2,PD_8': inf, 'PD_3,PD_4': inf, 'PD_3,PD_5': inf, 'PD_3,PD_6': inf, 'PD_3,PD_7': inf, 'PD_3,PD_8': inf, 'PD_4,PD_5': inf, 'PD_4,PD_6': inf, 'PD_4,PD_7': inf, 'PD_4,PD_8': inf, 'PD_5,PD_6': inf, 'PD_5,PD_7': inf, 'PD_5,PD_8': inf, 'PD_6,PD_7': inf, 'PD_6,PD_8': inf, 'PD_7,PD_8': inf}
  Computing metrics...
    RSI: {'PD_2,PD_3': 1.0, 'PD_2,PD_4': 1.0, 'PD_2,PD_5': 1.0, 'PD_2,PD_6': 1.0, 'PD_2,PD_7': 0.0, 'PD_2,PD_8': 0.0, 'PD_3,PD_4': 1.0, 'PD_3,PD_5': 1.0, 'PD_3,PD_6': 1.0, 'PD_3,PD_7': 0.0, 'PD_3,PD_8': 0.0, 'PD_4,PD_5': 1.0, 'PD_4,PD_6': 1.0, 'PD_4,PD_7': 0.0, 'PD_4,PD_8': 0.0, 'PD_5,PD_6': 1.0, 'PD_5,PD_7': 0.0, 'PD_5,PD_8': 0.0, 'PD_6,PD_7': 0.0, 'PD_6,PD_8': 0.0, 'PD_7,PD_8': 0.0}, ASR: 0.8571428571428571, TCB: {'PD_2': ['PD_4', 'PD_3', 'PD_5', 'PD_6'], 'PD_3': ['PD_2', 'PD_4', 'PD_5', 'PD_6'], 'PD_4': ['PD_2', 'PD_3', 'PD_5', 'PD_6'], 'PD_5': ['PD_2', 'PD_3', 'PD_4', 'PD_6'], 'PD_6': ['PD_2', 'PD_3', 'PD_4', 'PD_5'], 'PD_7': [], 'PD_8': []}, FR: {'PD_2,PD_3': inf, 'PD_2,PD_4': inf, 'PD_2,PD_5': inf, 'PD_2,PD_6': inf, 'PD_2,PD_7': inf, 'PD_2,PD_8': inf, 'PD_3,PD_4': inf, 'PD_3,PD_5': inf, 'PD_3,PD_6': inf, 'PD_3,PD_7': inf, 'PD_3,PD_8': inf, 'PD_4,PD_5': inf, 'PD_4,PD_6': inf, 'PD_4,PD_7': inf, 'PD_4,PD_8': inf, 'PD_5,PD_6': inf, 'PD_5,PD_7': inf, 'PD_5,PD_8': inf, 'PD_6,PD_7': inf, 'PD_6,PD_8': inf, 'PD_7,PD_8': inf}
  Computing metrics...
    RSI: {'PD_2,PD_3': 1.0, 'PD_2,PD_4': 1.0, 'PD_2,PD_5': 1.0, 'PD_2,PD_6': 1.0, 'PD_2,PD_7': 1.0, 'PD_2,PD_8': 0.0, 'PD_3,PD_4': 1.0, 'PD_3,PD_5': 1.0, 'PD_3,PD_6': 1.0, 'PD_3,PD_7': 1.0, 'PD_3,PD_8': 0.0, 'PD_4,PD_5': 1.0, 'PD_4,PD_6': 1.0, 'PD_4,PD_7': 1.0, 'PD_4,PD_8': 0.0, 'PD_5,PD_6': 1.0, 'PD_5,PD_7': 1.0, 'PD_5,PD_8': 0.0, 'PD_6,PD_7': 1.0, 'PD_6,PD_8': 0.0, 'PD_7,PD_8': 0.0}, ASR: 1.0, TCB: {'PD_2': ['PD_4', 'PD_3', 'PD_5', 'PD_6', 'PD_7'], 'PD_3': ['PD_2', 'PD_4', 'PD_5', 'PD_6', 'PD_7'], 'PD_4': ['PD_2', 'PD_3', 'PD_5', 'PD_6', 'PD_7'], 'PD_5': ['PD_2', 'PD_3', 'PD_4', 'PD_6', 'PD_7'], 'PD_6': ['PD_2', 'PD_3', 'PD_4', 'PD_5', 'PD_7'], 'PD_7': ['PD_2', 'PD_3', 'PD_4', 'PD_5', 'PD_6'], 'PD_8': []}, FR: {'PD_2,PD_3': inf, 'PD_2,PD_4': inf, 'PD_2,PD_5': inf, 'PD_2,PD_6': inf, 'PD_2,PD_7': inf, 'PD_2,PD_8': inf, 'PD_3,PD_4': inf, 'PD_3,PD_5': inf, 'PD_3,PD_6': inf, 'PD_3,PD_7': inf, 'PD_3,PD_8': inf, 'PD_4,PD_5': inf, 'PD_4,PD_6': inf, 'PD_4,PD_7': inf, 'PD_4,PD_8': inf, 'PD_5,PD_6': inf, 'PD_5,PD_7': inf, 'PD_5,PD_8': inf, 'PD_6,PD_7': inf, 'PD_6,PD_8': inf, 'PD_7,PD_8': inf}
  Computing metrics...
    RSI: {'PD_2,PD_3': 1.0, 'PD_2,PD_4': 1.0, 'PD_2,PD_5': 1.0, 'PD_2,PD_6': 1.0, 'PD_2,PD_7': 0.0, 'PD_2,PD_8': 0.0, 'PD_3,PD_4': 1.0, 'PD_3,PD_5': 1.0, 'PD_3,PD_6': 1.0, 'PD_3,PD_7': 0.0, 'PD_3,PD_8': 0.0, 'PD_4,PD_5': 1.0, 'PD_4,PD_6': 1.0, 'PD_4,PD_7': 0.0, 'PD_4,PD_8': 0.0, 'PD_5,PD_6': 1.0, 'PD_5,PD_7': 0.0, 'PD_5,PD_8': 0.0, 'PD_6,PD_7': 0.0, 'PD_6,PD_8': 0.0, 'PD_7,PD_8': 0.0}, ASR: 0.8571428571428571, TCB: {'PD_2': ['PD_4', 'PD_3', 'PD_5', 'PD_6'], 'PD_3': ['PD_2', 'PD_4', 'PD_5', 'PD_6'], 'PD_4': ['PD_2', 'PD_3', 'PD_5', 'PD_6'], 'PD_5': ['PD_2', 'PD_3', 'PD_4', 'PD_6'], 'PD_6': ['PD_2', 'PD_3', 'PD_4', 'PD_5'], 'PD_7': [], 'PD_8': []}, FR: {'PD_2,PD_3': inf, 'PD_2,PD_4': inf, 'PD_2,PD_5': inf, 'PD_2,PD_6': inf, 'PD_2,PD_7': inf, 'PD_2,PD_8': inf, 'PD_3,PD_4': inf, 'PD_3,PD_5': inf, 'PD_3,PD_6': inf, 'PD_3,PD_7': inf, 'PD_3,PD_8': inf, 'PD_4,PD_5': inf, 'PD_4,PD_6': inf, 'PD_4,PD_7': inf, 'PD_4,PD_8': inf, 'PD_5,PD_6': inf, 'PD_5,PD_7': inf, 'PD_5,PD_8': inf, 'PD_6,PD_7': inf, 'PD_6,PD_8': inf, 'PD_7,PD_8': inf}
  Computing metrics...
    RSI: {'PD_2,PD_3': 1.0, 'PD_2,PD_4': 1.0, 'PD_2,PD_5': 1.0, 'PD_2,PD_6': 1.0, 'PD_2,PD_7': 0.0, 'PD_2,PD_8': 1.0, 'PD_3,PD_4': 1.0, 'PD_3,PD_5': 1.0, 'PD_3,PD_6': 1.0, 'PD_3,PD_7': 0.0, 'PD_3,PD_8': 1.0, 'PD_4,PD_5': 1.0, 'PD_4,PD_6': 1.0, 'PD_4,PD_7': 0.0, 'PD_4,PD_8': 1.0, 'PD_5,PD_6': 1.0, 'PD_5,PD_7': 0.0, 'PD_5,PD_8': 1.0, 'PD_6,PD_7': 0.0, 'PD_6,PD_8': 1.0, 'PD_7,PD_8': 0.0}, ASR: 1.0, TCB: {'PD_2': ['PD_4', 'PD_3', 'PD_5', 'PD_6', 'PD_8'], 'PD_3': ['PD_2', 'PD_4', 'PD_5', 'PD_6', 'PD_8'], 'PD_4': ['PD_2', 'PD_3', 'PD_5', 'PD_6', 'PD_8'], 'PD_5': ['PD_2', 'PD_3', 'PD_4', 'PD_6', 'PD_8'], 'PD_6': ['PD_2', 'PD_3', 'PD_4', 'PD_5', 'PD_8'], 'PD_7': [], 'PD_8': ['PD_2', 'PD_3', 'PD_4', 'PD_5', 'PD_6']}, FR: {'PD_2,PD_3': inf, 'PD_2,PD_4': inf, 'PD_2,PD_5': inf, 'PD_2,PD_6': inf, 'PD_2,PD_7': inf, 'PD_2,PD_8': inf, 'PD_3,PD_4': inf, 'PD_3,PD_5': inf, 'PD_3,PD_6': inf, 'PD_3,PD_7': inf, 'PD_3,PD_8': inf, 'PD_4,PD_5': inf, 'PD_4,PD_6': inf, 'PD_4,PD_7': inf, 'PD_4,PD_8': inf, 'PD_5,PD_6': inf, 'PD_5,PD_7': inf, 'PD_5,PD_8': inf, 'PD_6,PD_7': inf, 'PD_6,PD_8': inf, 'PD_7,PD_8': inf}
  Computing metrics...
    RSI: {'PD_2,PD_3': 1.0, 'PD_2,PD_4': 1.0, 'PD_2,PD_5': 1.0, 'PD_2,PD_6': 1.0, 'PD_2,PD_7': 0.0, 'PD_2,PD_8': 0.0, 'PD_3,PD_4': 1.0, 'PD_3,PD_5': 1.0, 'PD_3,PD_6': 1.0, 'PD_3,PD_7': 0.0, 'PD_3,PD_8': 0.0, 'PD_4,PD_5': 1.0, 'PD_4,PD_6': 1.0, 'PD_4,PD_7': 0.0, 'PD_4,PD_8': 0.0, 'PD_5,PD_6': 1.0, 'PD_5,PD_7': 0.0, 'PD_5,PD_8': 0.0, 'PD_6,PD_7': 0.0, 'PD_6,PD_8': 0.0, 'PD_7,PD_8': 0.0}, ASR: 0.8571428571428571, TCB: {'PD_2': ['PD_4', 'PD_3', 'PD_5', 'PD_6'], 'PD_3': ['PD_2', 'PD_4', 'PD_5', 'PD_6'], 'PD_4': ['PD_2', 'PD_3', 'PD_5', 'PD_6'], 'PD_5': ['PD_2', 'PD_3', 'PD_4', 'PD_6'], 'PD_6': ['PD_2', 'PD_3', 'PD_4', 'PD_5'], 'PD_7': [], 'PD_8': []}, FR: {'PD_2,PD_3': inf, 'PD_2,PD_4': inf, 'PD_2,PD_5': inf, 'PD_2,PD_6': inf, 'PD_2,PD_7': inf, 'PD_2,PD_8': inf, 'PD_3,PD_4': inf, 'PD_3,PD_5': inf, 'PD_3,PD_6': inf, 'PD_3,PD_7': inf, 'PD_3,PD_8': inf, 'PD_4,PD_5': inf, 'PD_4,PD_6': inf, 'PD_4,PD_7': inf, 'PD_4,PD_8': inf, 'PD_5,PD_6': inf, 'PD_5,PD_7': inf, 'PD_5,PD_8': inf, 'PD_6,PD_7': inf, 'PD_6,PD_8': inf, 'PD_7,PD_8': inf}
  Computing metrics...
    RSI: {'PD_2,PD_3': 1.0, 'PD_2,PD_4': 1.0, 'PD_2,PD_5': 1.0, 'PD_2,PD_6': 1.0, 'PD_2,PD_7': 0.0, 'PD_2,PD_8': 0.0, 'PD_3,PD_4': 1.0, 'PD_3,PD_5': 1.0, 'PD_3,PD_6': 1.0, 'PD_3,PD_7': 0.0, 'PD_3,PD_8': 0.0, 'PD_4,PD_5': 1.0, 'PD_4,PD_6': 1.0, 'PD_4,PD_7': 0.0, 'PD_4,PD_8': 0.0, 'PD_5,PD_6': 1.0, 'PD_5,PD_7': 0.0, 'PD_5,PD_8': 0.0, 'PD_6,PD_7': 0.0, 'PD_6,PD_8': 0.0, 'PD_7,PD_8': 0.0}, ASR: 0.8571428571428571, TCB: {'PD_2': ['PD_4', 'PD_3', 'PD_5', 'PD_6'], 'PD_3': ['PD_2', 'PD_4', 'PD_5', 'PD_6'], 'PD_4': ['PD_2', 'PD_3', 'PD_5', 'PD_6'], 'PD_5': ['PD_2', 'PD_3', 'PD_4', 'PD_6'], 'PD_6': ['PD_2', 'PD_3', 'PD_4', 'PD_5'], 'PD_7': [], 'PD_8': []}, FR: {'PD_2,PD_3': inf, 'PD_2,PD_4': inf, 'PD_2,PD_5': inf, 'PD_2,PD_6': inf, 'PD_2,PD_7': inf, 'PD_2,PD_8': inf, 'PD_3,PD_4': inf, 'PD_3,PD_5': inf, 'PD_3,PD_6': inf, 'PD_3,PD_7': inf, 'PD_3,PD_8': inf, 'PD_4,PD_5': inf, 'PD_4,PD_6': inf, 'PD_4,PD_7': inf, 'PD_4,PD_8': inf, 'PD_5,PD_6': inf, 'PD_5,PD_7': inf, 'PD_5,PD_8': inf, 'PD_6,PD_7': inf, 'PD_6,PD_8': inf, 'PD_7,PD_8': inf}
    remove_hold_edge candidate: remove PD_3 -> FILE_1_1 HOLD edge -> score: 0.100
  Computing metrics...
    RSI: {'PD_2,PD_3': 1.0, 'PD_2,PD_4': 1.0, 'PD_2,PD_5': 1.0, 'PD_2,PD_6': 1.0, 'PD_2,PD_7': 0.0, 'PD_2,PD_8': 0.0, 'PD_3,PD_4': 1.0, 'PD_3,PD_5': 1.0, 'PD_3,PD_6': 1.0, 'PD_3,PD_7': 0.0, 'PD_3,PD_8': 0.0, 'PD_4,PD_5': 1.0, 'PD_4,PD_6': 1.0, 'PD_4,PD_7': 0.0, 'PD_4,PD_8': 0.0, 'PD_5,PD_6': 1.0, 'PD_5,PD_7': 0.0, 'PD_5,PD_8': 0.0, 'PD_6,PD_7': 0.0, 'PD_6,PD_8': 0.0, 'PD_7,PD_8': 0.0}, ASR: 0.8571428571428571, TCB: {'PD_2': ['PD_4', 'PD_3', 'PD_5', 'PD_6'], 'PD_3': ['PD_2', 'PD_4', 'PD_5', 'PD_6'], 'PD_4': ['PD_2', 'PD_3', 'PD_5', 'PD_6'], 'PD_5': ['PD_2', 'PD_3', 'PD_4', 'PD_6'], 'PD_6': ['PD_2', 'PD_3', 'PD_4', 'PD_5'], 'PD_7': [], 'PD_8': []}, FR: {'PD_2,PD_3': inf, 'PD_2,PD_4': inf, 'PD_2,PD_5': inf, 'PD_2,PD_6': inf, 'PD_2,PD_7': inf, 'PD_2,PD_8': inf, 'PD_3,PD_4': inf, 'PD_3,PD_5': inf, 'PD_3,PD_6': inf, 'PD_3,PD_7': inf, 'PD_3,PD_8': inf, 'PD_4,PD_5': inf, 'PD_4,PD_6': inf, 'PD_4,PD_7': inf, 'PD_4,PD_8': inf, 'PD_5,PD_6': inf, 'PD_5,PD_7': inf, 'PD_5,PD_8': inf, 'PD_6,PD_7': inf, 'PD_6,PD_8': inf, 'PD_7,PD_8': inf}
  Computing metrics...
    RSI: {'PD_2,PD_3': 1.0, 'PD_2,PD_4': 1.0, 'PD_2,PD_5': 1.0, 'PD_2,PD_6': 1.0, 'PD_2,PD_7': 0.0, 'PD_2,PD_8': 0.0, 'PD_3,PD_4': 1.0, 'PD_3,PD_5': 1.0, 'PD_3,PD_6': 1.0, 'PD_3,PD_7': 0.0, 'PD_3,PD_8': 0.0, 'PD_4,PD_5': 1.0, 'PD_4,PD_6': 1.0, 'PD_4,PD_7': 0.0, 'PD_4,PD_8': 0.0, 'PD_5,PD_6': 1.0, 'PD_5,PD_7': 0.0, 'PD_5,PD_8': 0.0, 'PD_6,PD_7': 0.0, 'PD_6,PD_8': 0.0, 'PD_7,PD_8': 0.0}, ASR: 0.8571428571428571, TCB: {'PD_2': ['PD_4', 'PD_3', 'PD_5', 'PD_6'], 'PD_3': ['PD_2', 'PD_4', 'PD_5', 'PD_6'], 'PD_4': ['PD_2', 'PD_3', 'PD_5', 'PD_6'], 'PD_5': ['PD_2', 'PD_3', 'PD_4', 'PD_6'], 'PD_6': ['PD_2', 'PD_3', 'PD_4', 'PD_5'], 'PD_7': [], 'PD_8': []}, FR: {'PD_2,PD_3': inf, 'PD_2,PD_4': inf, 'PD_2,PD_5': inf, 'PD_2,PD_6': inf, 'PD_2,PD_7': inf, 'PD_2,PD_8': inf, 'PD_3,PD_4': inf, 'PD_3,PD_5': inf, 'PD_3,PD_6': inf, 'PD_3,PD_7': inf, 'PD_3,PD_8': inf, 'PD_4,PD_5': inf, 'PD_4,PD_6': inf, 'PD_4,PD_7': inf, 'PD_4,PD_8': inf, 'PD_5,PD_6': inf, 'PD_5,PD_7': inf, 'PD_5,PD_8': inf, 'PD_6,PD_7': inf, 'PD_6,PD_8': inf, 'PD_7,PD_8': inf}
    remove_hold_edge candidate: remove PD_4 -> FILE_1_1 HOLD edge -> score: 0.100
  Computing metrics...
    RSI: {'PD_2,PD_3': 1.0, 'PD_2,PD_4': 1.0, 'PD_2,PD_5': 1.0, 'PD_2,PD_6': 1.0, 'PD_2,PD_7': 0.0, 'PD_2,PD_8': 0.0, 'PD_3,PD_4': 1.0, 'PD_3,PD_5': 1.0, 'PD_3,PD_6': 1.0, 'PD_3,PD_7': 0.0, 'PD_3,PD_8': 0.0, 'PD_4,PD_5': 1.0, 'PD_4,PD_6': 1.0, 'PD_4,PD_7': 0.0, 'PD_4,PD_8': 0.0, 'PD_5,PD_6': 1.0, 'PD_5,PD_7': 0.0, 'PD_5,PD_8': 0.0, 'PD_6,PD_7': 0.0, 'PD_6,PD_8': 0.0, 'PD_7,PD_8': 0.0}, ASR: 0.8571428571428571, TCB: {'PD_2': ['PD_4', 'PD_3', 'PD_5', 'PD_6'], 'PD_3': ['PD_2', 'PD_4', 'PD_5', 'PD_6'], 'PD_4': ['PD_2', 'PD_3', 'PD_5', 'PD_6'], 'PD_5': ['PD_2', 'PD_3', 'PD_4', 'PD_6'], 'PD_6': ['PD_2', 'PD_3', 'PD_4', 'PD_5'], 'PD_7': [], 'PD_8': []}, FR: {'PD_2,PD_3': inf, 'PD_2,PD_4': inf, 'PD_2,PD_5': inf, 'PD_2,PD_6': inf, 'PD_2,PD_7': inf, 'PD_2,PD_8': inf, 'PD_3,PD_4': inf, 'PD_3,PD_5': inf, 'PD_3,PD_6': inf, 'PD_3,PD_7': inf, 'PD_3,PD_8': inf, 'PD_4,PD_5': inf, 'PD_4,PD_6': inf, 'PD_4,PD_7': inf, 'PD_4,PD_8': inf, 'PD_5,PD_6': inf, 'PD_5,PD_7': inf, 'PD_5,PD_8': inf, 'PD_6,PD_7': inf, 'PD_6,PD_8': inf, 'PD_7,PD_8': inf}
  Computing metrics...
    RSI: {'PD_2,PD_3': 1.0, 'PD_2,PD_4': 1.0, 'PD_2,PD_5': 1.0, 'PD_2,PD_6': 1.0, 'PD_2,PD_7': 0.0, 'PD_2,PD_8': 0.0, 'PD_3,PD_4': 1.0, 'PD_3,PD_5': 1.0, 'PD_3,PD_6': 1.0, 'PD_3,PD_7': 0.0, 'PD_3,PD_8': 0.0, 'PD_4,PD_5': 1.0, 'PD_4,PD_6': 1.0, 'PD_4,PD_7': 0.0, 'PD_4,PD_8': 0.0, 'PD_5,PD_6': 1.0, 'PD_5,PD_7': 0.0, 'PD_5,PD_8': 0.0, 'PD_6,PD_7': 0.0, 'PD_6,PD_8': 0.0, 'PD_7,PD_8': 0.0}, ASR: 0.8571428571428571, TCB: {'PD_2': ['PD_4', 'PD_3', 'PD_5', 'PD_6'], 'PD_3': ['PD_2', 'PD_4', 'PD_5', 'PD_6'], 'PD_4': ['PD_2', 'PD_3', 'PD_5', 'PD_6'], 'PD_5': ['PD_2', 'PD_3', 'PD_4', 'PD_6'], 'PD_6': ['PD_2', 'PD_3', 'PD_4', 'PD_5'], 'PD_7': [], 'PD_8': []}, FR: {'PD_2,PD_3': inf, 'PD_2,PD_4': inf, 'PD_2,PD_5': inf, 'PD_2,PD_6': inf, 'PD_2,PD_7': inf, 'PD_2,PD_8': inf, 'PD_3,PD_4': inf, 'PD_3,PD_5': inf, 'PD_3,PD_6': inf, 'PD_3,PD_7': inf, 'PD_3,PD_8': inf, 'PD_4,PD_5': inf, 'PD_4,PD_6': inf, 'PD_4,PD_7': inf, 'PD_4,PD_8': inf, 'PD_5,PD_6': inf, 'PD_5,PD_7': inf, 'PD_5,PD_8': inf, 'PD_6,PD_7': inf, 'PD_6,PD_8': inf, 'PD_7,PD_8': inf}
    remove_hold_edge candidate: remove PD_5 -> FILE_1_1 HOLD edge -> score: 0.100
  Computing metrics...
    RSI: {'PD_2,PD_3': 1.0, 'PD_2,PD_4': 1.0, 'PD_2,PD_5': 1.0, 'PD_2,PD_6': 1.0, 'PD_2,PD_7': 0.0, 'PD_2,PD_8': 0.0, 'PD_3,PD_4': 1.0, 'PD_3,PD_5': 1.0, 'PD_3,PD_6': 1.0, 'PD_3,PD_7': 0.0, 'PD_3,PD_8': 0.0, 'PD_4,PD_5': 1.0, 'PD_4,PD_6': 1.0, 'PD_4,PD_7': 0.0, 'PD_4,PD_8': 0.0, 'PD_5,PD_6': 1.0, 'PD_5,PD_7': 0.0, 'PD_5,PD_8': 0.0, 'PD_6,PD_7': 0.0, 'PD_6,PD_8': 0.0, 'PD_7,PD_8': 0.0}, ASR: 0.8571428571428571, TCB: {'PD_2': ['PD_4', 'PD_3', 'PD_5', 'PD_6'], 'PD_3': ['PD_2', 'PD_4', 'PD_5', 'PD_6'], 'PD_4': ['PD_2', 'PD_3', 'PD_5', 'PD_6'], 'PD_5': ['PD_2', 'PD_3', 'PD_4', 'PD_6'], 'PD_6': ['PD_2', 'PD_3', 'PD_4', 'PD_5'], 'PD_7': [], 'PD_8': []}, FR: {'PD_2,PD_3': inf, 'PD_2,PD_4': inf, 'PD_2,PD_5': inf, 'PD_2,PD_6': inf, 'PD_2,PD_7': inf, 'PD_2,PD_8': inf, 'PD_3,PD_4': inf, 'PD_3,PD_5': inf, 'PD_3,PD_6': inf, 'PD_3,PD_7': inf, 'PD_3,PD_8': inf, 'PD_4,PD_5': inf, 'PD_4,PD_6': inf, 'PD_4,PD_7': inf, 'PD_4,PD_8': inf, 'PD_5,PD_6': inf, 'PD_5,PD_7': inf, 'PD_5,PD_8': inf, 'PD_6,PD_7': inf, 'PD_6,PD_8': inf, 'PD_7,PD_8': inf}
  Computing metrics...
    RSI: {'PD_2,PD_3': 1.0, 'PD_2,PD_4': 1.0, 'PD_2,PD_5': 1.0, 'PD_2,PD_6': 1.0, 'PD_2,PD_7': 0.0, 'PD_2,PD_8': 0.0, 'PD_3,PD_4': 1.0, 'PD_3,PD_5': 1.0, 'PD_3,PD_6': 1.0, 'PD_3,PD_7': 0.0, 'PD_3,PD_8': 0.0, 'PD_4,PD_5': 1.0, 'PD_4,PD_6': 1.0, 'PD_4,PD_7': 0.0, 'PD_4,PD_8': 0.0, 'PD_5,PD_6': 1.0, 'PD_5,PD_7': 0.0, 'PD_5,PD_8': 0.0, 'PD_6,PD_7': 0.0, 'PD_6,PD_8': 0.0, 'PD_7,PD_8': 0.0}, ASR: 0.8571428571428571, TCB: {'PD_2': ['PD_4', 'PD_3', 'PD_5', 'PD_6'], 'PD_3': ['PD_2', 'PD_4', 'PD_5', 'PD_6'], 'PD_4': ['PD_2', 'PD_3', 'PD_5', 'PD_6'], 'PD_5': ['PD_2', 'PD_3', 'PD_4', 'PD_6'], 'PD_6': ['PD_2', 'PD_3', 'PD_4', 'PD_5'], 'PD_7': [], 'PD_8': []}, FR: {'PD_2,PD_3': inf, 'PD_2,PD_4': inf, 'PD_2,PD_5': inf, 'PD_2,PD_6': inf, 'PD_2,PD_7': inf, 'PD_2,PD_8': inf, 'PD_3,PD_4': inf, 'PD_3,PD_5': inf, 'PD_3,PD_6': inf, 'PD_3,PD_7': inf, 'PD_3,PD_8': inf, 'PD_4,PD_5': inf, 'PD_4,PD_6': inf, 'PD_4,PD_7': inf, 'PD_4,PD_8': inf, 'PD_5,PD_6': inf, 'PD_5,PD_7': inf, 'PD_5,PD_8': inf, 'PD_6,PD_7': inf, 'PD_6,PD_8': inf, 'PD_7,PD_8': inf}
    remove_hold_edge candidate: remove PD_6 -> FILE_1_1 HOLD edge -> score: 0.100
  Computing metrics...
    RSI: {'PD_2,PD_3': 1.0, 'PD_2,PD_4': 1.0, 'PD_2,PD_5': 1.0, 'PD_2,PD_6': 1.0, 'PD_2,PD_7': 0.0, 'PD_2,PD_8': 0.0, 'PD_3,PD_4': 1.0, 'PD_3,PD_5': 1.0, 'PD_3,PD_6': 1.0, 'PD_3,PD_7': 0.0, 'PD_3,PD_8': 0.0, 'PD_4,PD_5': 1.0, 'PD_4,PD_6': 1.0, 'PD_4,PD_7': 0.0, 'PD_4,PD_8': 0.0, 'PD_5,PD_6': 1.0, 'PD_5,PD_7': 0.0, 'PD_5,PD_8': 0.0, 'PD_6,PD_7': 0.0, 'PD_6,PD_8': 0.0, 'PD_7,PD_8': 0.0}, ASR: 0.8571428571428571, TCB: {'PD_2': ['PD_4', 'PD_3', 'PD_5', 'PD_6'], 'PD_3': ['PD_2', 'PD_4', 'PD_5', 'PD_6'], 'PD_4': ['PD_2', 'PD_3', 'PD_5', 'PD_6'], 'PD_5': ['PD_2', 'PD_3', 'PD_4', 'PD_6'], 'PD_6': ['PD_2', 'PD_3', 'PD_4', 'PD_5'], 'PD_7': [], 'PD_8': []}, FR: {'PD_2,PD_3': inf, 'PD_2,PD_4': inf, 'PD_2,PD_5': inf, 'PD_2,PD_6': inf, 'PD_2,PD_7': inf, 'PD_2,PD_8': inf, 'PD_3,PD_4': inf, 'PD_3,PD_5': inf, 'PD_3,PD_6': inf, 'PD_3,PD_7': inf, 'PD_3,PD_8': inf, 'PD_4,PD_5': inf, 'PD_4,PD_6': inf, 'PD_4,PD_7': inf, 'PD_4,PD_8': inf, 'PD_5,PD_6': inf, 'PD_5,PD_7': inf, 'PD_5,PD_8': inf, 'PD_6,PD_7': inf, 'PD_6,PD_8': inf, 'PD_7,PD_8': inf}
  Computing metrics...
    RSI: {'PD_2,PD_3': 1.0, 'PD_2,PD_4': 1.0, 'PD_2,PD_5': 1.0, 'PD_2,PD_6': 1.0, 'PD_2,PD_7': 0.0, 'PD_2,PD_8': 0.0, 'PD_3,PD_4': 1.0, 'PD_3,PD_5': 1.0, 'PD_3,PD_6': 1.0, 'PD_3,PD_7': 0.0, 'PD_3,PD_8': 0.0, 'PD_4,PD_5': 1.0, 'PD_4,PD_6': 1.0, 'PD_4,PD_7': 0.0, 'PD_4,PD_8': 0.0, 'PD_5,PD_6': 1.0, 'PD_5,PD_7': 0.0, 'PD_5,PD_8': 0.0, 'PD_6,PD_7': 0.0, 'PD_6,PD_8': 0.0, 'PD_7,PD_8': 0.0}, ASR: 1.0, TCB: {'PD_2': ['PD_4', 'PD_3', 'PD_5', 'PD_6'], 'PD_3': ['PD_2', 'PD_4', 'PD_5', 'PD_6'], 'PD_4': ['PD_2', 'PD_3', 'PD_5', 'PD_6'], 'PD_5': ['PD_2', 'PD_3', 'PD_4', 'PD_6'], 'PD_6': ['PD_2', 'PD_3', 'PD_4', 'PD_5'], 'PD_7': [], 'PD_8': []}, FR: {'PD_2,PD_3': inf, 'PD_2,PD_4': inf, 'PD_2,PD_5': inf, 'PD_2,PD_6': inf, 'PD_2,PD_7': inf, 'PD_2,PD_8': inf, 'PD_3,PD_4': inf, 'PD_3,PD_5': inf, 'PD_3,PD_6': inf, 'PD_3,PD_7': inf, 'PD_3,PD_8': inf, 'PD_4,PD_5': inf, 'PD_4,PD_6': inf, 'PD_4,PD_7': inf, 'PD_4,PD_8': inf, 'PD_5,PD_6': inf, 'PD_5,PD_7': inf, 'PD_5,PD_8': inf, 'PD_6,PD_7': inf, 'PD_6,PD_8': inf, 'PD_7,PD_8': inf}
  Computing metrics...
    RSI: {'PD_2,PD_3': 1.0, 'PD_2,PD_4': 1.0, 'PD_2,PD_5': 1.0, 'PD_2,PD_6': 1.0, 'PD_2,PD_7': 0.0, 'PD_2,PD_8': 0.0, 'PD_3,PD_4': 1.0, 'PD_3,PD_5': 1.0, 'PD_3,PD_6': 1.0, 'PD_3,PD_7': 0.0, 'PD_3,PD_8': 0.0, 'PD_4,PD_5': 1.0, 'PD_4,PD_6': 1.0, 'PD_4,PD_7': 0.0, 'PD_4,PD_8': 0.0, 'PD_5,PD_6': 1.0, 'PD_5,PD_7': 0.0, 'PD_5,PD_8': 0.0, 'PD_6,PD_7': 0.0, 'PD_6,PD_8': 0.0, 'PD_7,PD_8': 0.0}, ASR: 0.8571428571428571, TCB: {'PD_2': ['PD_4', 'PD_3', 'PD_5', 'PD_6'], 'PD_3': ['PD_2', 'PD_4', 'PD_5', 'PD_6'], 'PD_4': ['PD_2', 'PD_3', 'PD_5', 'PD_6'], 'PD_5': ['PD_2', 'PD_3', 'PD_4', 'PD_6'], 'PD_6': ['PD_2', 'PD_3', 'PD_4', 'PD_5'], 'PD_7': [], 'PD_8': []}, FR: {'PD_2,PD_3': inf, 'PD_2,PD_4': inf, 'PD_2,PD_5': inf, 'PD_2,PD_6': inf, 'PD_2,PD_7': inf, 'PD_2,PD_8': inf, 'PD_3,PD_4': inf, 'PD_3,PD_5': inf, 'PD_3,PD_6': inf, 'PD_3,PD_7': inf, 'PD_3,PD_8': inf, 'PD_4,PD_5': inf, 'PD_4,PD_6': inf, 'PD_4,PD_7': inf, 'PD_4,PD_8': inf, 'PD_5,PD_6': inf, 'PD_5,PD_7': inf, 'PD_5,PD_8': inf, 'PD_6,PD_7': inf, 'PD_6,PD_8': inf, 'PD_7,PD_8': inf}
  Computing metrics...
    RSI: {'PD_2,PD_3': 1.0, 'PD_2,PD_4': 1.0, 'PD_2,PD_5': 1.0, 'PD_2,PD_6': 1.0, 'PD_2,PD_7': 0.0, 'PD_2,PD_8': 0.0, 'PD_3,PD_4': 1.0, 'PD_3,PD_5': 1.0, 'PD_3,PD_6': 1.0, 'PD_3,PD_7': 0.0, 'PD_3,PD_8': 0.0, 'PD_4,PD_5': 1.0, 'PD_4,PD_6': 1.0, 'PD_4,PD_7': 0.0, 'PD_4,PD_8': 0.0, 'PD_5,PD_6': 1.0, 'PD_5,PD_7': 0.0, 'PD_5,PD_8': 0.0, 'PD_6,PD_7': 0.0, 'PD_6,PD_8': 0.0, 'PD_7,PD_8': 0.0}, ASR: 1.0, TCB: {'PD_2': ['PD_4', 'PD_5', 'PD_3', 'PD_6'], 'PD_3': ['PD_2', 'PD_4', 'PD_5', 'PD_6'], 'PD_4': ['PD_2', 'PD_3', 'PD_5', 'PD_6'], 'PD_5': ['PD_2', 'PD_3', 'PD_4', 'PD_6'], 'PD_6': ['PD_2', 'PD_3', 'PD_4', 'PD_5'], 'PD_7': [], 'PD_8': []}, FR: {'PD_2,PD_3': inf, 'PD_2,PD_4': inf, 'PD_2,PD_5': inf, 'PD_2,PD_6': inf, 'PD_2,PD_7': inf, 'PD_2,PD_8': inf, 'PD_3,PD_4': inf, 'PD_3,PD_5': inf, 'PD_3,PD_6': inf, 'PD_3,PD_7': inf, 'PD_3,PD_8': inf, 'PD_4,PD_5': inf, 'PD_4,PD_6': inf, 'PD_4,PD_7': inf, 'PD_4,PD_8': inf, 'PD_5,PD_6': inf, 'PD_5,PD_7': inf, 'PD_5,PD_8': inf, 'PD_6,PD_7': inf, 'PD_6,PD_8': inf, 'PD_7,PD_8': inf}
  Computing metrics...
    RSI: {'PD_2,PD_3': 1.0, 'PD_2,PD_4': 1.0, 'PD_2,PD_5': 1.0, 'PD_2,PD_6': 1.0, 'PD_2,PD_7': 0.0, 'PD_2,PD_8': 0.0, 'PD_3,PD_4': 1.0, 'PD_3,PD_5': 1.0, 'PD_3,PD_6': 1.0, 'PD_3,PD_7': 0.0, 'PD_3,PD_8': 0.0, 'PD_4,PD_5': 1.0, 'PD_4,PD_6': 1.0, 'PD_4,PD_7': 0.0, 'PD_4,PD_8': 0.0, 'PD_5,PD_6': 1.0, 'PD_5,PD_7': 0.0, 'PD_5,PD_8': 0.0, 'PD_6,PD_7': 0.0, 'PD_6,PD_8': 0.0, 'PD_7,PD_8': 0.0}, ASR: 0.8571428571428571, TCB: {'PD_2': ['PD_4', 'PD_3', 'PD_5', 'PD_6'], 'PD_3': ['PD_2', 'PD_4', 'PD_5', 'PD_6'], 'PD_4': ['PD_2', 'PD_3', 'PD_5', 'PD_6'], 'PD_5': ['PD_2', 'PD_3', 'PD_4', 'PD_6'], 'PD_6': ['PD_2', 'PD_3', 'PD_4', 'PD_5'], 'PD_7': [], 'PD_8': []}, FR: {'PD_2,PD_3': inf, 'PD_2,PD_4': inf, 'PD_2,PD_5': inf, 'PD_2,PD_6': inf, 'PD_2,PD_7': inf, 'PD_2,PD_8': inf, 'PD_3,PD_4': inf, 'PD_3,PD_5': inf, 'PD_3,PD_6': inf, 'PD_3,PD_7': inf, 'PD_3,PD_8': inf, 'PD_4,PD_5': inf, 'PD_4,PD_6': inf, 'PD_4,PD_7': inf, 'PD_4,PD_8': inf, 'PD_5,PD_6': inf, 'PD_5,PD_7': inf, 'PD_5,PD_8': inf, 'PD_6,PD_7': inf, 'PD_6,PD_8': inf, 'PD_7,PD_8': inf}
  Computing metrics...
    RSI: {'PD_2,PD_3': 1.0, 'PD_2,PD_4': 1.0, 'PD_2,PD_5': 1.0, 'PD_2,PD_6': 1.0, 'PD_2,PD_7': 0.0, 'PD_2,PD_8': 0.0, 'PD_3,PD_4': 1.0, 'PD_3,PD_5': 1.0, 'PD_3,PD_6': 1.0, 'PD_3,PD_7': 0.0, 'PD_3,PD_8': 0.0, 'PD_4,PD_5': 1.0, 'PD_4,PD_6': 1.0, 'PD_4,PD_7': 0.0, 'PD_4,PD_8': 0.0, 'PD_5,PD_6': 1.0, 'PD_5,PD_7': 0.0, 'PD_5,PD_8': 0.0, 'PD_6,PD_7': 0.0, 'PD_6,PD_8': 0.0, 'PD_7,PD_8': 0.0}, ASR: 1.0, TCB: {'PD_2': ['PD_4', 'PD_6', 'PD_3', 'PD_5'], 'PD_3': ['PD_2', 'PD_4', 'PD_5', 'PD_6'], 'PD_4': ['PD_2', 'PD_3', 'PD_5', 'PD_6'], 'PD_5': ['PD_2', 'PD_3', 'PD_4', 'PD_6'], 'PD_6': ['PD_2', 'PD_3', 'PD_4', 'PD_5'], 'PD_7': [], 'PD_8': []}, FR: {'PD_2,PD_3': inf, 'PD_2,PD_4': inf, 'PD_2,PD_5': inf, 'PD_2,PD_6': inf, 'PD_2,PD_7': inf, 'PD_2,PD_8': inf, 'PD_3,PD_4': inf, 'PD_3,PD_5': inf, 'PD_3,PD_6': inf, 'PD_3,PD_7': inf, 'PD_3,PD_8': inf, 'PD_4,PD_5': inf, 'PD_4,PD_6': inf, 'PD_4,PD_7': inf, 'PD_4,PD_8': inf, 'PD_5,PD_6': inf, 'PD_5,PD_7': inf, 'PD_5,PD_8': inf, 'PD_6,PD_7': inf, 'PD_6,PD_8': inf, 'PD_7,PD_8': inf}
  Computing metrics...
    RSI: {'PD_2,PD_3': 1.0, 'PD_2,PD_4': 1.0, 'PD_2,PD_5': 1.0, 'PD_2,PD_6': 1.0, 'PD_2,PD_7': 0.0, 'PD_2,PD_8': 0.0, 'PD_3,PD_4': 1.0, 'PD_3,PD_5': 1.0, 'PD_3,PD_6': 1.0, 'PD_3,PD_7': 0.0, 'PD_3,PD_8': 0.0, 'PD_4,PD_5': 1.0, 'PD_4,PD_6': 1.0, 'PD_4,PD_7': 0.0, 'PD_4,PD_8': 0.0, 'PD_5,PD_6': 1.0, 'PD_5,PD_7': 0.0, 'PD_5,PD_8': 0.0, 'PD_6,PD_7': 0.0, 'PD_6,PD_8': 0.0, 'PD_7,PD_8': 0.0}, ASR: 0.8571428571428571, TCB: {'PD_2': ['PD_4', 'PD_3', 'PD_5', 'PD_6'], 'PD_3': ['PD_2', 'PD_4', 'PD_5', 'PD_6'], 'PD_4': ['PD_2', 'PD_3', 'PD_5', 'PD_6'], 'PD_5': ['PD_2', 'PD_3', 'PD_4', 'PD_6'], 'PD_6': ['PD_2', 'PD_3', 'PD_4', 'PD_5'], 'PD_7': [], 'PD_8': []}, FR: {'PD_2,PD_3': inf, 'PD_2,PD_4': inf, 'PD_2,PD_5': inf, 'PD_2,PD_6': inf, 'PD_2,PD_7': inf, 'PD_2,PD_8': inf, 'PD_3,PD_4': inf, 'PD_3,PD_5': inf, 'PD_3,PD_6': inf, 'PD_3,PD_7': inf, 'PD_3,PD_8': inf, 'PD_4,PD_5': inf, 'PD_4,PD_6': inf, 'PD_4,PD_7': inf, 'PD_4,PD_8': inf, 'PD_5,PD_6': inf, 'PD_5,PD_7': inf, 'PD_5,PD_8': inf, 'PD_6,PD_7': inf, 'PD_6,PD_8': inf, 'PD_7,PD_8': inf}
  Computing metrics...
    RSI: {'PD_2,PD_3': 1.0, 'PD_2,PD_4': 1.0, 'PD_2,PD_5': 1.0, 'PD_2,PD_6': 1.0, 'PD_2,PD_7': 0.0, 'PD_2,PD_8': 0.0, 'PD_3,PD_4': 1.0, 'PD_3,PD_5': 1.0, 'PD_3,PD_6': 1.0, 'PD_3,PD_7': 0.0, 'PD_3,PD_8': 0.0, 'PD_4,PD_5': 1.0, 'PD_4,PD_6': 1.0, 'PD_4,PD_7': 0.0, 'PD_4,PD_8': 0.0, 'PD_5,PD_6': 1.0, 'PD_5,PD_7': 0.0, 'PD_5,PD_8': 0.0, 'PD_6,PD_7': 0.0, 'PD_6,PD_8': 0.0, 'PD_7,PD_8': 0.0}, ASR: 1.0, TCB: {'PD_2': ['PD_4', 'PD_7', 'PD_3', 'PD_5', 'PD_6'], 'PD_3': ['PD_2', 'PD_4', 'PD_5', 'PD_6'], 'PD_4': ['PD_2', 'PD_3', 'PD_5', 'PD_6'], 'PD_5': ['PD_2', 'PD_3', 'PD_4', 'PD_6'], 'PD_6': ['PD_2', 'PD_3', 'PD_4', 'PD_5'], 'PD_7': [], 'PD_8': []}, FR: {'PD_2,PD_3': inf, 'PD_2,PD_4': inf, 'PD_2,PD_5': inf, 'PD_2,PD_6': inf, 'PD_2,PD_7': inf, 'PD_2,PD_8': inf, 'PD_3,PD_4': inf, 'PD_3,PD_5': inf, 'PD_3,PD_6': inf, 'PD_3,PD_7': inf, 'PD_3,PD_8': inf, 'PD_4,PD_5': inf, 'PD_4,PD_6': inf, 'PD_4,PD_7': inf, 'PD_4,PD_8': inf, 'PD_5,PD_6': inf, 'PD_5,PD_7': inf, 'PD_5,PD_8': inf, 'PD_6,PD_7': inf, 'PD_6,PD_8': inf, 'PD_7,PD_8': inf}
  Computing metrics...
    RSI: {'PD_2,PD_3': 1.0, 'PD_2,PD_4': 1.0, 'PD_2,PD_5': 1.0, 'PD_2,PD_6': 1.0, 'PD_2,PD_7': 0.0, 'PD_2,PD_8': 0.0, 'PD_3,PD_4': 1.0, 'PD_3,PD_5': 1.0, 'PD_3,PD_6': 1.0, 'PD_3,PD_7': 0.0, 'PD_3,PD_8': 0.0, 'PD_4,PD_5': 1.0, 'PD_4,PD_6': 1.0, 'PD_4,PD_7': 0.0, 'PD_4,PD_8': 0.0, 'PD_5,PD_6': 1.0, 'PD_5,PD_7': 0.0, 'PD_5,PD_8': 0.0, 'PD_6,PD_7': 0.0, 'PD_6,PD_8': 0.0, 'PD_7,PD_8': 0.0}, ASR: 0.8571428571428571, TCB: {'PD_2': ['PD_4', 'PD_3', 'PD_5', 'PD_6'], 'PD_3': ['PD_2', 'PD_4', 'PD_5', 'PD_6'], 'PD_4': ['PD_2', 'PD_3', 'PD_5', 'PD_6'], 'PD_5': ['PD_2', 'PD_3', 'PD_4', 'PD_6'], 'PD_6': ['PD_2', 'PD_3', 'PD_4', 'PD_5'], 'PD_7': [], 'PD_8': []}, FR: {'PD_2,PD_3': inf, 'PD_2,PD_4': inf, 'PD_2,PD_5': inf, 'PD_2,PD_6': inf, 'PD_2,PD_7': inf, 'PD_2,PD_8': inf, 'PD_3,PD_4': inf, 'PD_3,PD_5': inf, 'PD_3,PD_6': inf, 'PD_3,PD_7': inf, 'PD_3,PD_8': inf, 'PD_4,PD_5': inf, 'PD_4,PD_6': inf, 'PD_4,PD_7': inf, 'PD_4,PD_8': inf, 'PD_5,PD_6': inf, 'PD_5,PD_7': inf, 'PD_5,PD_8': inf, 'PD_6,PD_7': inf, 'PD_6,PD_8': inf, 'PD_7,PD_8': inf}
  Computing metrics...
    RSI: {'PD_2,PD_3': 1.0, 'PD_2,PD_4': 1.0, 'PD_2,PD_5': 1.0, 'PD_2,PD_6': 1.0, 'PD_2,PD_7': 0.0, 'PD_2,PD_8': 0.0, 'PD_3,PD_4': 1.0, 'PD_3,PD_5': 1.0, 'PD_3,PD_6': 1.0, 'PD_3,PD_7': 0.0, 'PD_3,PD_8': 0.0, 'PD_4,PD_5': 1.0, 'PD_4,PD_6': 1.0, 'PD_4,PD_7': 0.0, 'PD_4,PD_8': 0.0, 'PD_5,PD_6': 1.0, 'PD_5,PD_7': 0.0, 'PD_5,PD_8': 0.0, 'PD_6,PD_7': 0.0, 'PD_6,PD_8': 0.0, 'PD_7,PD_8': 0.0}, ASR: 1.0, TCB: {'PD_2': ['PD_4', 'PD_8', 'PD_3', 'PD_5', 'PD_6'], 'PD_3': ['PD_2', 'PD_4', 'PD_5', 'PD_6'], 'PD_4': ['PD_2', 'PD_3', 'PD_5', 'PD_6'], 'PD_5': ['PD_2', 'PD_3', 'PD_4', 'PD_6'], 'PD_6': ['PD_2', 'PD_3', 'PD_4', 'PD_5'], 'PD_7': [], 'PD_8': []}, FR: {'PD_2,PD_3': inf, 'PD_2,PD_4': inf, 'PD_2,PD_5': inf, 'PD_2,PD_6': inf, 'PD_2,PD_7': inf, 'PD_2,PD_8': inf, 'PD_3,PD_4': inf, 'PD_3,PD_5': inf, 'PD_3,PD_6': inf, 'PD_3,PD_7': inf, 'PD_3,PD_8': inf, 'PD_4,PD_5': inf, 'PD_4,PD_6': inf, 'PD_4,PD_7': inf, 'PD_4,PD_8': inf, 'PD_5,PD_6': inf, 'PD_5,PD_7': inf, 'PD_5,PD_8': inf, 'PD_6,PD_7': inf, 'PD_6,PD_8': inf, 'PD_7,PD_8': inf}
  Computing metrics...
    RSI: {'PD_2,PD_3': 1.0, 'PD_2,PD_4': 1.0, 'PD_2,PD_5': 1.0, 'PD_2,PD_6': 1.0, 'PD_2,PD_7': 0.0, 'PD_2,PD_8': 0.0, 'PD_3,PD_4': 1.0, 'PD_3,PD_5': 1.0, 'PD_3,PD_6': 1.0, 'PD_3,PD_7': 0.0, 'PD_3,PD_8': 0.0, 'PD_4,PD_5': 1.0, 'PD_4,PD_6': 1.0, 'PD_4,PD_7': 0.0, 'PD_4,PD_8': 0.0, 'PD_5,PD_6': 1.0, 'PD_5,PD_7': 0.0, 'PD_5,PD_8': 0.0, 'PD_6,PD_7': 0.0, 'PD_6,PD_8': 0.0, 'PD_7,PD_8': 0.0}, ASR: 0.8571428571428571, TCB: {'PD_2': ['PD_4', 'PD_3', 'PD_5', 'PD_6'], 'PD_3': ['PD_2', 'PD_4', 'PD_5', 'PD_6'], 'PD_4': ['PD_2', 'PD_3', 'PD_5', 'PD_6'], 'PD_5': ['PD_2', 'PD_3', 'PD_4', 'PD_6'], 'PD_6': ['PD_2', 'PD_3', 'PD_4', 'PD_5'], 'PD_7': [], 'PD_8': []}, FR: {'PD_2,PD_3': inf, 'PD_2,PD_4': inf, 'PD_2,PD_5': inf, 'PD_2,PD_6': inf, 'PD_2,PD_7': inf, 'PD_2,PD_8': inf, 'PD_3,PD_4': inf, 'PD_3,PD_5': inf, 'PD_3,PD_6': inf, 'PD_3,PD_7': inf, 'PD_3,PD_8': inf, 'PD_4,PD_5': inf, 'PD_4,PD_6': inf, 'PD_4,PD_7': inf, 'PD_4,PD_8': inf, 'PD_5,PD_6': inf, 'PD_5,PD_7': inf, 'PD_5,PD_8': inf, 'PD_6,PD_7': inf, 'PD_6,PD_8': inf, 'PD_7,PD_8': inf}
  Computing metrics...
    RSI: {'PD_2,PD_3': 1.0, 'PD_2,PD_4': 1.0, 'PD_2,PD_5': 1.0, 'PD_2,PD_6': 1.0, 'PD_2,PD_7': 0.0, 'PD_2,PD_8': 0.0, 'PD_3,PD_4': 1.0, 'PD_3,PD_5': 1.0, 'PD_3,PD_6': 1.0, 'PD_3,PD_7': 0.0, 'PD_3,PD_8': 0.0, 'PD_4,PD_5': 1.0, 'PD_4,PD_6': 1.0, 'PD_4,PD_7': 0.0, 'PD_4,PD_8': 0.0, 'PD_5,PD_6': 1.0, 'PD_5,PD_7': 0.0, 'PD_5,PD_8': 0.0, 'PD_6,PD_7': 0.0, 'PD_6,PD_8': 0.0, 'PD_7,PD_8': 0.0}, ASR: 1.0, TCB: {'PD_2': ['PD_4', 'PD_3', 'PD_5', 'PD_6'], 'PD_3': ['PD_2', 'PD_4', 'PD_5', 'PD_6'], 'PD_4': ['PD_2', 'PD_3', 'PD_5', 'PD_6'], 'PD_5': ['PD_2', 'PD_3', 'PD_4', 'PD_6'], 'PD_6': ['PD_2', 'PD_3', 'PD_4', 'PD_5'], 'PD_7': [], 'PD_8': []}, FR: {'PD_2,PD_3': 3, 'PD_2,PD_4': inf, 'PD_2,PD_5': inf, 'PD_2,PD_6': inf, 'PD_2,PD_7': inf, 'PD_2,PD_8': inf, 'PD_3,PD_4': inf, 'PD_3,PD_5': inf, 'PD_3,PD_6': inf, 'PD_3,PD_7': inf, 'PD_3,PD_8': inf, 'PD_4,PD_5': inf, 'PD_4,PD_6': inf, 'PD_4,PD_7': inf, 'PD_4,PD_8': inf, 'PD_5,PD_6': inf, 'PD_5,PD_7': inf, 'PD_5,PD_8': inf, 'PD_6,PD_7': inf, 'PD_6,PD_8': inf, 'PD_7,PD_8': inf}
  Computing metrics...
    RSI: {'PD_2,PD_3': 1.0, 'PD_2,PD_4': 1.0, 'PD_2,PD_5': 1.0, 'PD_2,PD_6': 1.0, 'PD_2,PD_7': 0.0, 'PD_2,PD_8': 0.0, 'PD_3,PD_4': 1.0, 'PD_3,PD_5': 1.0, 'PD_3,PD_6': 1.0, 'PD_3,PD_7': 0.0, 'PD_3,PD_8': 0.0, 'PD_4,PD_5': 1.0, 'PD_4,PD_6': 1.0, 'PD_4,PD_7': 0.0, 'PD_4,PD_8': 0.0, 'PD_5,PD_6': 1.0, 'PD_5,PD_7': 0.0, 'PD_5,PD_8': 0.0, 'PD_6,PD_7': 0.0, 'PD_6,PD_8': 0.0, 'PD_7,PD_8': 0.0}, ASR: 0.8571428571428571, TCB: {'PD_2': ['PD_4', 'PD_3', 'PD_5', 'PD_6'], 'PD_3': ['PD_2', 'PD_4', 'PD_5', 'PD_6'], 'PD_4': ['PD_2', 'PD_3', 'PD_5', 'PD_6'], 'PD_5': ['PD_2', 'PD_3', 'PD_4', 'PD_6'], 'PD_6': ['PD_2', 'PD_3', 'PD_4', 'PD_5'], 'PD_7': [], 'PD_8': []}, FR: {'PD_2,PD_3': inf, 'PD_2,PD_4': inf, 'PD_2,PD_5': inf, 'PD_2,PD_6': inf, 'PD_2,PD_7': inf, 'PD_2,PD_8': inf, 'PD_3,PD_4': inf, 'PD_3,PD_5': inf, 'PD_3,PD_6': inf, 'PD_3,PD_7': inf, 'PD_3,PD_8': inf, 'PD_4,PD_5': inf, 'PD_4,PD_6': inf, 'PD_4,PD_7': inf, 'PD_4,PD_8': inf, 'PD_5,PD_6': inf, 'PD_5,PD_7': inf, 'PD_5,PD_8': inf, 'PD_6,PD_7': inf, 'PD_6,PD_8': inf, 'PD_7,PD_8': inf}
  Computing metrics...
    RSI: {'PD_2,PD_3': 1.0, 'PD_2,PD_4': 1.0, 'PD_2,PD_5': 1.0, 'PD_2,PD_6': 1.0, 'PD_2,PD_7': 0.0, 'PD_2,PD_8': 0.0, 'PD_3,PD_4': 1.0, 'PD_3,PD_5': 1.0, 'PD_3,PD_6': 1.0, 'PD_3,PD_7': 0.0, 'PD_3,PD_8': 0.0, 'PD_4,PD_5': 1.0, 'PD_4,PD_6': 1.0, 'PD_4,PD_7': 0.0, 'PD_4,PD_8': 0.0, 'PD_5,PD_6': 1.0, 'PD_5,PD_7': 0.0, 'PD_5,PD_8': 0.0, 'PD_6,PD_7': 0.0, 'PD_6,PD_8': 0.0, 'PD_7,PD_8': 0.0}, ASR: 1.0, TCB: {'PD_2': ['PD_4', 'PD_3', 'PD_5', 'PD_6'], 'PD_3': ['PD_4', 'PD_2', 'PD_5', 'PD_6'], 'PD_4': ['PD_2', 'PD_3', 'PD_5', 'PD_6'], 'PD_5': ['PD_2', 'PD_3', 'PD_4', 'PD_6'], 'PD_6': ['PD_2', 'PD_3', 'PD_4', 'PD_5'], 'PD_7': [], 'PD_8': []}, FR: {'PD_2,PD_3': 2, 'PD_2,PD_4': inf, 'PD_2,PD_5': inf, 'PD_2,PD_6': inf, 'PD_2,PD_7': inf, 'PD_2,PD_8': inf, 'PD_3,PD_4': inf, 'PD_3,PD_5': inf, 'PD_3,PD_6': inf, 'PD_3,PD_7': inf, 'PD_3,PD_8': inf, 'PD_4,PD_5': inf, 'PD_4,PD_6': inf, 'PD_4,PD_7': inf, 'PD_4,PD_8': inf, 'PD_5,PD_6': inf, 'PD_5,PD_7': inf, 'PD_5,PD_8': inf, 'PD_6,PD_7': inf, 'PD_6,PD_8': inf, 'PD_7,PD_8': inf}
  Computing metrics...
    RSI: {'PD_2,PD_3': 1.0, 'PD_2,PD_4': 1.0, 'PD_2,PD_5': 1.0, 'PD_2,PD_6': 1.0, 'PD_2,PD_7': 0.0, 'PD_2,PD_8': 0.0, 'PD_3,PD_4': 1.0, 'PD_3,PD_5': 1.0, 'PD_3,PD_6': 1.0, 'PD_3,PD_7': 0.0, 'PD_3,PD_8': 0.0, 'PD_4,PD_5': 1.0, 'PD_4,PD_6': 1.0, 'PD_4,PD_7': 0.0, 'PD_4,PD_8': 0.0, 'PD_5,PD_6': 1.0, 'PD_5,PD_7': 0.0, 'PD_5,PD_8': 0.0, 'PD_6,PD_7': 0.0, 'PD_6,PD_8': 0.0, 'PD_7,PD_8': 0.0}, ASR: 0.8571428571428571, TCB: {'PD_2': ['PD_4', 'PD_3', 'PD_5', 'PD_6'], 'PD_3': ['PD_2', 'PD_4', 'PD_5', 'PD_6'], 'PD_4': ['PD_2', 'PD_3', 'PD_5', 'PD_6'], 'PD_5': ['PD_2', 'PD_3', 'PD_4', 'PD_6'], 'PD_6': ['PD_2', 'PD_3', 'PD_4', 'PD_5'], 'PD_7': [], 'PD_8': []}, FR: {'PD_2,PD_3': inf, 'PD_2,PD_4': inf, 'PD_2,PD_5': inf, 'PD_2,PD_6': inf, 'PD_2,PD_7': inf, 'PD_2,PD_8': inf, 'PD_3,PD_4': inf, 'PD_3,PD_5': inf, 'PD_3,PD_6': inf, 'PD_3,PD_7': inf, 'PD_3,PD_8': inf, 'PD_4,PD_5': inf, 'PD_4,PD_6': inf, 'PD_4,PD_7': inf, 'PD_4,PD_8': inf, 'PD_5,PD_6': inf, 'PD_5,PD_7': inf, 'PD_5,PD_8': inf, 'PD_6,PD_7': inf, 'PD_6,PD_8': inf, 'PD_7,PD_8': inf}
  Computing metrics...
    RSI: {'PD_2,PD_3': 1.0, 'PD_2,PD_4': 1.0, 'PD_2,PD_5': 1.0, 'PD_2,PD_6': 1.0, 'PD_2,PD_7': 0.0, 'PD_2,PD_8': 0.0, 'PD_3,PD_4': 1.0, 'PD_3,PD_5': 1.0, 'PD_3,PD_6': 1.0, 'PD_3,PD_7': 0.0, 'PD_3,PD_8': 0.0, 'PD_4,PD_5': 1.0, 'PD_4,PD_6': 1.0, 'PD_4,PD_7': 0.0, 'PD_4,PD_8': 0.0, 'PD_5,PD_6': 1.0, 'PD_5,PD_7': 0.0, 'PD_5,PD_8': 0.0, 'PD_6,PD_7': 0.0, 'PD_6,PD_8': 0.0, 'PD_7,PD_8': 0.0}, ASR: 1.0, TCB: {'PD_2': ['PD_4', 'PD_3', 'PD_5', 'PD_6'], 'PD_3': ['PD_5', 'PD_2', 'PD_4', 'PD_6'], 'PD_4': ['PD_2', 'PD_3', 'PD_5', 'PD_6'], 'PD_5': ['PD_2', 'PD_3', 'PD_4', 'PD_6'], 'PD_6': ['PD_2', 'PD_3', 'PD_4', 'PD_5'], 'PD_7': [], 'PD_8': []}, FR: {'PD_2,PD_3': inf, 'PD_2,PD_4': inf, 'PD_2,PD_5': inf, 'PD_2,PD_6': inf, 'PD_2,PD_7': inf, 'PD_2,PD_8': inf, 'PD_3,PD_4': inf, 'PD_3,PD_5': inf, 'PD_3,PD_6': inf, 'PD_3,PD_7': inf, 'PD_3,PD_8': inf, 'PD_4,PD_5': inf, 'PD_4,PD_6': inf, 'PD_4,PD_7': inf, 'PD_4,PD_8': inf, 'PD_5,PD_6': inf, 'PD_5,PD_7': inf, 'PD_5,PD_8': inf, 'PD_6,PD_7': inf, 'PD_6,PD_8': inf, 'PD_7,PD_8': inf}
  Computing metrics...
    RSI: {'PD_2,PD_3': 1.0, 'PD_2,PD_4': 1.0, 'PD_2,PD_5': 1.0, 'PD_2,PD_6': 1.0, 'PD_2,PD_7': 0.0, 'PD_2,PD_8': 0.0, 'PD_3,PD_4': 1.0, 'PD_3,PD_5': 1.0, 'PD_3,PD_6': 1.0, 'PD_3,PD_7': 0.0, 'PD_3,PD_8': 0.0, 'PD_4,PD_5': 1.0, 'PD_4,PD_6': 1.0, 'PD_4,PD_7': 0.0, 'PD_4,PD_8': 0.0, 'PD_5,PD_6': 1.0, 'PD_5,PD_7': 0.0, 'PD_5,PD_8': 0.0, 'PD_6,PD_7': 0.0, 'PD_6,PD_8': 0.0, 'PD_7,PD_8': 0.0}, ASR: 0.8571428571428571, TCB: {'PD_2': ['PD_4', 'PD_3', 'PD_5', 'PD_6'], 'PD_3': ['PD_2', 'PD_4', 'PD_5', 'PD_6'], 'PD_4': ['PD_2', 'PD_3', 'PD_5', 'PD_6'], 'PD_5': ['PD_2', 'PD_3', 'PD_4', 'PD_6'], 'PD_6': ['PD_2', 'PD_3', 'PD_4', 'PD_5'], 'PD_7': [], 'PD_8': []}, FR: {'PD_2,PD_3': inf, 'PD_2,PD_4': inf, 'PD_2,PD_5': inf, 'PD_2,PD_6': inf, 'PD_2,PD_7': inf, 'PD_2,PD_8': inf, 'PD_3,PD_4': inf, 'PD_3,PD_5': inf, 'PD_3,PD_6': inf, 'PD_3,PD_7': inf, 'PD_3,PD_8': inf, 'PD_4,PD_5': inf, 'PD_4,PD_6': inf, 'PD_4,PD_7': inf, 'PD_4,PD_8': inf, 'PD_5,PD_6': inf, 'PD_5,PD_7': inf, 'PD_5,PD_8': inf, 'PD_6,PD_7': inf, 'PD_6,PD_8': inf, 'PD_7,PD_8': inf}
  Computing metrics...
    RSI: {'PD_2,PD_3': 1.0, 'PD_2,PD_4': 1.0, 'PD_2,PD_5': 1.0, 'PD_2,PD_6': 1.0, 'PD_2,PD_7': 0.0, 'PD_2,PD_8': 0.0, 'PD_3,PD_4': 1.0, 'PD_3,PD_5': 1.0, 'PD_3,PD_6': 1.0, 'PD_3,PD_7': 0.0, 'PD_3,PD_8': 0.0, 'PD_4,PD_5': 1.0, 'PD_4,PD_6': 1.0, 'PD_4,PD_7': 0.0, 'PD_4,PD_8': 0.0, 'PD_5,PD_6': 1.0, 'PD_5,PD_7': 0.0, 'PD_5,PD_8': 0.0, 'PD_6,PD_7': 0.0, 'PD_6,PD_8': 0.0, 'PD_7,PD_8': 0.0}, ASR: 1.0, TCB: {'PD_2': ['PD_4', 'PD_3', 'PD_5', 'PD_6'], 'PD_3': ['PD_6', 'PD_2', 'PD_4', 'PD_5'], 'PD_4': ['PD_2', 'PD_3', 'PD_5', 'PD_6'], 'PD_5': ['PD_2', 'PD_3', 'PD_4', 'PD_6'], 'PD_6': ['PD_2', 'PD_3', 'PD_4', 'PD_5'], 'PD_7': [], 'PD_8': []}, FR: {'PD_2,PD_3': inf, 'PD_2,PD_4': inf, 'PD_2,PD_5': inf, 'PD_2,PD_6': inf, 'PD_2,PD_7': inf, 'PD_2,PD_8': inf, 'PD_3,PD_4': inf, 'PD_3,PD_5': inf, 'PD_3,PD_6': inf, 'PD_3,PD_7': inf, 'PD_3,PD_8': inf, 'PD_4,PD_5': inf, 'PD_4,PD_6': inf, 'PD_4,PD_7': inf, 'PD_4,PD_8': inf, 'PD_5,PD_6': inf, 'PD_5,PD_7': inf, 'PD_5,PD_8': inf, 'PD_6,PD_7': inf, 'PD_6,PD_8': inf, 'PD_7,PD_8': inf}
  Computing metrics...
    RSI: {'PD_2,PD_3': 1.0, 'PD_2,PD_4': 1.0, 'PD_2,PD_5': 1.0, 'PD_2,PD_6': 1.0, 'PD_2,PD_7': 0.0, 'PD_2,PD_8': 0.0, 'PD_3,PD_4': 1.0, 'PD_3,PD_5': 1.0, 'PD_3,PD_6': 1.0, 'PD_3,PD_7': 0.0, 'PD_3,PD_8': 0.0, 'PD_4,PD_5': 1.0, 'PD_4,PD_6': 1.0, 'PD_4,PD_7': 0.0, 'PD_4,PD_8': 0.0, 'PD_5,PD_6': 1.0, 'PD_5,PD_7': 0.0, 'PD_5,PD_8': 0.0, 'PD_6,PD_7': 0.0, 'PD_6,PD_8': 0.0, 'PD_7,PD_8': 0.0}, ASR: 0.8571428571428571, TCB: {'PD_2': ['PD_4', 'PD_3', 'PD_5', 'PD_6'], 'PD_3': ['PD_2', 'PD_4', 'PD_5', 'PD_6'], 'PD_4': ['PD_2', 'PD_3', 'PD_5', 'PD_6'], 'PD_5': ['PD_2', 'PD_3', 'PD_4', 'PD_6'], 'PD_6': ['PD_2', 'PD_3', 'PD_4', 'PD_5'], 'PD_7': [], 'PD_8': []}, FR: {'PD_2,PD_3': inf, 'PD_2,PD_4': inf, 'PD_2,PD_5': inf, 'PD_2,PD_6': inf, 'PD_2,PD_7': inf, 'PD_2,PD_8': inf, 'PD_3,PD_4': inf, 'PD_3,PD_5': inf, 'PD_3,PD_6': inf, 'PD_3,PD_7': inf, 'PD_3,PD_8': inf, 'PD_4,PD_5': inf, 'PD_4,PD_6': inf, 'PD_4,PD_7': inf, 'PD_4,PD_8': inf, 'PD_5,PD_6': inf, 'PD_5,PD_7': inf, 'PD_5,PD_8': inf, 'PD_6,PD_7': inf, 'PD_6,PD_8': inf, 'PD_7,PD_8': inf}
  Computing metrics...
    RSI: {'PD_2,PD_3': 1.0, 'PD_2,PD_4': 1.0, 'PD_2,PD_5': 1.0, 'PD_2,PD_6': 1.0, 'PD_2,PD_7': 0.0, 'PD_2,PD_8': 0.0, 'PD_3,PD_4': 1.0, 'PD_3,PD_5': 1.0, 'PD_3,PD_6': 1.0, 'PD_3,PD_7': 0.0, 'PD_3,PD_8': 0.0, 'PD_4,PD_5': 1.0, 'PD_4,PD_6': 1.0, 'PD_4,PD_7': 0.0, 'PD_4,PD_8': 0.0, 'PD_5,PD_6': 1.0, 'PD_5,PD_7': 0.0, 'PD_5,PD_8': 0.0, 'PD_6,PD_7': 0.0, 'PD_6,PD_8': 0.0, 'PD_7,PD_8': 0.0}, ASR: 1.0, TCB: {'PD_2': ['PD_4', 'PD_3', 'PD_5', 'PD_6'], 'PD_3': ['PD_7', 'PD_2', 'PD_4', 'PD_5', 'PD_6'], 'PD_4': ['PD_2', 'PD_3', 'PD_5', 'PD_6'], 'PD_5': ['PD_2', 'PD_3', 'PD_4', 'PD_6'], 'PD_6': ['PD_2', 'PD_3', 'PD_4', 'PD_5'], 'PD_7': [], 'PD_8': []}, FR: {'PD_2,PD_3': inf, 'PD_2,PD_4': inf, 'PD_2,PD_5': inf, 'PD_2,PD_6': inf, 'PD_2,PD_7': inf, 'PD_2,PD_8': inf, 'PD_3,PD_4': inf, 'PD_3,PD_5': inf, 'PD_3,PD_6': inf, 'PD_3,PD_7': inf, 'PD_3,PD_8': inf, 'PD_4,PD_5': inf, 'PD_4,PD_6': inf, 'PD_4,PD_7': inf, 'PD_4,PD_8': inf, 'PD_5,PD_6': inf, 'PD_5,PD_7': inf, 'PD_5,PD_8': inf, 'PD_6,PD_7': inf, 'PD_6,PD_8': inf, 'PD_7,PD_8': inf}
  Computing metrics...
    RSI: {'PD_2,PD_3': 1.0, 'PD_2,PD_4': 1.0, 'PD_2,PD_5': 1.0, 'PD_2,PD_6': 1.0, 'PD_2,PD_7': 0.0, 'PD_2,PD_8': 0.0, 'PD_3,PD_4': 1.0, 'PD_3,PD_5': 1.0, 'PD_3,PD_6': 1.0, 'PD_3,PD_7': 0.0, 'PD_3,PD_8': 0.0, 'PD_4,PD_5': 1.0, 'PD_4,PD_6': 1.0, 'PD_4,PD_7': 0.0, 'PD_4,PD_8': 0.0, 'PD_5,PD_6': 1.0, 'PD_5,PD_7': 0.0, 'PD_5,PD_8': 0.0, 'PD_6,PD_7': 0.0, 'PD_6,PD_8': 0.0, 'PD_7,PD_8': 0.0}, ASR: 0.8571428571428571, TCB: {'PD_2': ['PD_4', 'PD_3', 'PD_5', 'PD_6'], 'PD_3': ['PD_2', 'PD_4', 'PD_5', 'PD_6'], 'PD_4': ['PD_2', 'PD_3', 'PD_5', 'PD_6'], 'PD_5': ['PD_2', 'PD_3', 'PD_4', 'PD_6'], 'PD_6': ['PD_2', 'PD_3', 'PD_4', 'PD_5'], 'PD_7': [], 'PD_8': []}, FR: {'PD_2,PD_3': inf, 'PD_2,PD_4': inf, 'PD_2,PD_5': inf, 'PD_2,PD_6': inf, 'PD_2,PD_7': inf, 'PD_2,PD_8': inf, 'PD_3,PD_4': inf, 'PD_3,PD_5': inf, 'PD_3,PD_6': inf, 'PD_3,PD_7': inf, 'PD_3,PD_8': inf, 'PD_4,PD_5': inf, 'PD_4,PD_6': inf, 'PD_4,PD_7': inf, 'PD_4,PD_8': inf, 'PD_5,PD_6': inf, 'PD_5,PD_7': inf, 'PD_5,PD_8': inf, 'PD_6,PD_7': inf, 'PD_6,PD_8': inf, 'PD_7,PD_8': inf}
  Computing metrics...
    RSI: {'PD_2,PD_3': 1.0, 'PD_2,PD_4': 1.0, 'PD_2,PD_5': 1.0, 'PD_2,PD_6': 1.0, 'PD_2,PD_7': 0.0, 'PD_2,PD_8': 0.0, 'PD_3,PD_4': 1.0, 'PD_3,PD_5': 1.0, 'PD_3,PD_6': 1.0, 'PD_3,PD_7': 0.0, 'PD_3,PD_8': 0.0, 'PD_4,PD_5': 1.0, 'PD_4,PD_6': 1.0, 'PD_4,PD_7': 0.0, 'PD_4,PD_8': 0.0, 'PD_5,PD_6': 1.0, 'PD_5,PD_7': 0.0, 'PD_5,PD_8': 0.0, 'PD_6,PD_7': 0.0, 'PD_6,PD_8': 0.0, 'PD_7,PD_8': 0.0}, ASR: 1.0, TCB: {'PD_2': ['PD_4', 'PD_3', 'PD_5', 'PD_6'], 'PD_3': ['PD_8', 'PD_2', 'PD_4', 'PD_5', 'PD_6'], 'PD_4': ['PD_2', 'PD_3', 'PD_5', 'PD_6'], 'PD_5': ['PD_2', 'PD_3', 'PD_4', 'PD_6'], 'PD_6': ['PD_2', 'PD_3', 'PD_4', 'PD_5'], 'PD_7': [], 'PD_8': []}, FR: {'PD_2,PD_3': inf, 'PD_2,PD_4': inf, 'PD_2,PD_5': inf, 'PD_2,PD_6': inf, 'PD_2,PD_7': inf, 'PD_2,PD_8': inf, 'PD_3,PD_4': inf, 'PD_3,PD_5': inf, 'PD_3,PD_6': inf, 'PD_3,PD_7': inf, 'PD_3,PD_8': inf, 'PD_4,PD_5': inf, 'PD_4,PD_6': inf, 'PD_4,PD_7': inf, 'PD_4,PD_8': inf, 'PD_5,PD_6': inf, 'PD_5,PD_7': inf, 'PD_5,PD_8': inf, 'PD_6,PD_7': inf, 'PD_6,PD_8': inf, 'PD_7,PD_8': inf}
  Computing metrics...
    RSI: {'PD_2,PD_3': 1.0, 'PD_2,PD_4': 1.0, 'PD_2,PD_5': 1.0, 'PD_2,PD_6': 1.0, 'PD_2,PD_7': 0.0, 'PD_2,PD_8': 0.0, 'PD_3,PD_4': 1.0, 'PD_3,PD_5': 1.0, 'PD_3,PD_6': 1.0, 'PD_3,PD_7': 0.0, 'PD_3,PD_8': 0.0, 'PD_4,PD_5': 1.0, 'PD_4,PD_6': 1.0, 'PD_4,PD_7': 0.0, 'PD_4,PD_8': 0.0, 'PD_5,PD_6': 1.0, 'PD_5,PD_7': 0.0, 'PD_5,PD_8': 0.0, 'PD_6,PD_7': 0.0, 'PD_6,PD_8': 0.0, 'PD_7,PD_8': 0.0}, ASR: 0.8571428571428571, TCB: {'PD_2': ['PD_4', 'PD_3', 'PD_5', 'PD_6'], 'PD_3': ['PD_2', 'PD_4', 'PD_5', 'PD_6'], 'PD_4': ['PD_2', 'PD_3', 'PD_5', 'PD_6'], 'PD_5': ['PD_2', 'PD_3', 'PD_4', 'PD_6'], 'PD_6': ['PD_2', 'PD_3', 'PD_4', 'PD_5'], 'PD_7': [], 'PD_8': []}, FR: {'PD_2,PD_3': inf, 'PD_2,PD_4': inf, 'PD_2,PD_5': inf, 'PD_2,PD_6': inf, 'PD_2,PD_7': inf, 'PD_2,PD_8': inf, 'PD_3,PD_4': inf, 'PD_3,PD_5': inf, 'PD_3,PD_6': inf, 'PD_3,PD_7': inf, 'PD_3,PD_8': inf, 'PD_4,PD_5': inf, 'PD_4,PD_6': inf, 'PD_4,PD_7': inf, 'PD_4,PD_8': inf, 'PD_5,PD_6': inf, 'PD_5,PD_7': inf, 'PD_5,PD_8': inf, 'PD_6,PD_7': inf, 'PD_6,PD_8': inf, 'PD_7,PD_8': inf}
  Computing metrics...
    RSI: {'PD_2,PD_3': 1.0, 'PD_2,PD_4': 1.0, 'PD_2,PD_5': 1.0, 'PD_2,PD_6': 1.0, 'PD_2,PD_7': 0.0, 'PD_2,PD_8': 0.0, 'PD_3,PD_4': 1.0, 'PD_3,PD_5': 1.0, 'PD_3,PD_6': 1.0, 'PD_3,PD_7': 0.0, 'PD_3,PD_8': 0.0, 'PD_4,PD_5': 1.0, 'PD_4,PD_6': 1.0, 'PD_4,PD_7': 0.0, 'PD_4,PD_8': 0.0, 'PD_5,PD_6': 1.0, 'PD_5,PD_7': 0.0, 'PD_5,PD_8': 0.0, 'PD_6,PD_7': 0.0, 'PD_6,PD_8': 0.0, 'PD_7,PD_8': 0.0}, ASR: 1.0, TCB: {'PD_2': ['PD_4', 'PD_3', 'PD_5', 'PD_6'], 'PD_3': ['PD_2', 'PD_4', 'PD_5', 'PD_6'], 'PD_4': ['PD_2', 'PD_3', 'PD_5', 'PD_6'], 'PD_5': ['PD_2', 'PD_3', 'PD_4', 'PD_6'], 'PD_6': ['PD_2', 'PD_3', 'PD_4', 'PD_5'], 'PD_7': [], 'PD_8': []}, FR: {'PD_2,PD_3': inf, 'PD_2,PD_4': inf, 'PD_2,PD_5': inf, 'PD_2,PD_6': inf, 'PD_2,PD_7': inf, 'PD_2,PD_8': inf, 'PD_3,PD_4': inf, 'PD_3,PD_5': inf, 'PD_3,PD_6': inf, 'PD_3,PD_7': inf, 'PD_3,PD_8': inf, 'PD_4,PD_5': inf, 'PD_4,PD_6': inf, 'PD_4,PD_7': inf, 'PD_4,PD_8': inf, 'PD_5,PD_6': inf, 'PD_5,PD_7': inf, 'PD_5,PD_8': inf, 'PD_6,PD_7': inf, 'PD_6,PD_8': inf, 'PD_7,PD_8': inf}
  Computing metrics...
    RSI: {'PD_2,PD_3': 1.0, 'PD_2,PD_4': 1.0, 'PD_2,PD_5': 1.0, 'PD_2,PD_6': 1.0, 'PD_2,PD_7': 0.0, 'PD_2,PD_8': 0.0, 'PD_3,PD_4': 1.0, 'PD_3,PD_5': 1.0, 'PD_3,PD_6': 1.0, 'PD_3,PD_7': 0.0, 'PD_3,PD_8': 0.0, 'PD_4,PD_5': 1.0, 'PD_4,PD_6': 1.0, 'PD_4,PD_7': 0.0, 'PD_4,PD_8': 0.0, 'PD_5,PD_6': 1.0, 'PD_5,PD_7': 0.0, 'PD_5,PD_8': 0.0, 'PD_6,PD_7': 0.0, 'PD_6,PD_8': 0.0, 'PD_7,PD_8': 0.0}, ASR: 0.8571428571428571, TCB: {'PD_2': ['PD_4', 'PD_3', 'PD_5', 'PD_6'], 'PD_3': ['PD_2', 'PD_4', 'PD_5', 'PD_6'], 'PD_4': ['PD_2', 'PD_3', 'PD_5', 'PD_6'], 'PD_5': ['PD_2', 'PD_3', 'PD_4', 'PD_6'], 'PD_6': ['PD_2', 'PD_3', 'PD_4', 'PD_5'], 'PD_7': [], 'PD_8': []}, FR: {'PD_2,PD_3': inf, 'PD_2,PD_4': inf, 'PD_2,PD_5': inf, 'PD_2,PD_6': inf, 'PD_2,PD_7': inf, 'PD_2,PD_8': inf, 'PD_3,PD_4': inf, 'PD_3,PD_5': inf, 'PD_3,PD_6': inf, 'PD_3,PD_7': inf, 'PD_3,PD_8': inf, 'PD_4,PD_5': inf, 'PD_4,PD_6': inf, 'PD_4,PD_7': inf, 'PD_4,PD_8': inf, 'PD_5,PD_6': inf, 'PD_5,PD_7': inf, 'PD_5,PD_8': inf, 'PD_6,PD_7': inf, 'PD_6,PD_8': inf, 'PD_7,PD_8': inf}
  Computing metrics...
    RSI: {'PD_2,PD_3': 1.0, 'PD_2,PD_4': 1.0, 'PD_2,PD_5': 1.0, 'PD_2,PD_6': 1.0, 'PD_2,PD_7': 0.0, 'PD_2,PD_8': 0.0, 'PD_3,PD_4': 1.0, 'PD_3,PD_5': 1.0, 'PD_3,PD_6': 1.0, 'PD_3,PD_7': 0.0, 'PD_3,PD_8': 0.0, 'PD_4,PD_5': 1.0, 'PD_4,PD_6': 1.0, 'PD_4,PD_7': 0.0, 'PD_4,PD_8': 0.0, 'PD_5,PD_6': 1.0, 'PD_5,PD_7': 0.0, 'PD_5,PD_8': 0.0, 'PD_6,PD_7': 0.0, 'PD_6,PD_8': 0.0, 'PD_7,PD_8': 0.0}, ASR: 1.0, TCB: {'PD_2': ['PD_4', 'PD_3', 'PD_5', 'PD_6'], 'PD_3': ['PD_2', 'PD_4', 'PD_5', 'PD_6'], 'PD_4': ['PD_3', 'PD_2', 'PD_5', 'PD_6'], 'PD_5': ['PD_2', 'PD_3', 'PD_4', 'PD_6'], 'PD_6': ['PD_2', 'PD_3', 'PD_4', 'PD_5'], 'PD_7': [], 'PD_8': []}, FR: {'PD_2,PD_3': inf, 'PD_2,PD_4': 3, 'PD_2,PD_5': inf, 'PD_2,PD_6': inf, 'PD_2,PD_7': inf, 'PD_2,PD_8': inf, 'PD_3,PD_4': inf, 'PD_3,PD_5': inf, 'PD_3,PD_6': inf, 'PD_3,PD_7': inf, 'PD_3,PD_8': inf, 'PD_4,PD_5': inf, 'PD_4,PD_6': inf, 'PD_4,PD_7': inf, 'PD_4,PD_8': inf, 'PD_5,PD_6': inf, 'PD_5,PD_7': inf, 'PD_5,PD_8': inf, 'PD_6,PD_7': inf, 'PD_6,PD_8': inf, 'PD_7,PD_8': inf}
  Computing metrics...
    RSI: {'PD_2,PD_3': 1.0, 'PD_2,PD_4': 1.0, 'PD_2,PD_5': 1.0, 'PD_2,PD_6': 1.0, 'PD_2,PD_7': 0.0, 'PD_2,PD_8': 0.0, 'PD_3,PD_4': 1.0, 'PD_3,PD_5': 1.0, 'PD_3,PD_6': 1.0, 'PD_3,PD_7': 0.0, 'PD_3,PD_8': 0.0, 'PD_4,PD_5': 1.0, 'PD_4,PD_6': 1.0, 'PD_4,PD_7': 0.0, 'PD_4,PD_8': 0.0, 'PD_5,PD_6': 1.0, 'PD_5,PD_7': 0.0, 'PD_5,PD_8': 0.0, 'PD_6,PD_7': 0.0, 'PD_6,PD_8': 0.0, 'PD_7,PD_8': 0.0}, ASR: 0.8571428571428571, TCB: {'PD_2': ['PD_4', 'PD_3', 'PD_5', 'PD_6'], 'PD_3': ['PD_2', 'PD_4', 'PD_5', 'PD_6'], 'PD_4': ['PD_2', 'PD_3', 'PD_5', 'PD_6'], 'PD_5': ['PD_2', 'PD_3', 'PD_4', 'PD_6'], 'PD_6': ['PD_2', 'PD_3', 'PD_4', 'PD_5'], 'PD_7': [], 'PD_8': []}, FR: {'PD_2,PD_3': inf, 'PD_2,PD_4': inf, 'PD_2,PD_5': inf, 'PD_2,PD_6': inf, 'PD_2,PD_7': inf, 'PD_2,PD_8': inf, 'PD_3,PD_4': inf, 'PD_3,PD_5': inf, 'PD_3,PD_6': inf, 'PD_3,PD_7': inf, 'PD_3,PD_8': inf, 'PD_4,PD_5': inf, 'PD_4,PD_6': inf, 'PD_4,PD_7': inf, 'PD_4,PD_8': inf, 'PD_5,PD_6': inf, 'PD_5,PD_7': inf, 'PD_5,PD_8': inf, 'PD_6,PD_7': inf, 'PD_6,PD_8': inf, 'PD_7,PD_8': inf}
  Computing metrics...
    RSI: {'PD_2,PD_3': 1.0, 'PD_2,PD_4': 1.0, 'PD_2,PD_5': 1.0, 'PD_2,PD_6': 1.0, 'PD_2,PD_7': 0.0, 'PD_2,PD_8': 0.0, 'PD_3,PD_4': 1.0, 'PD_3,PD_5': 1.0, 'PD_3,PD_6': 1.0, 'PD_3,PD_7': 0.0, 'PD_3,PD_8': 0.0, 'PD_4,PD_5': 1.0, 'PD_4,PD_6': 1.0, 'PD_4,PD_7': 0.0, 'PD_4,PD_8': 0.0, 'PD_5,PD_6': 1.0, 'PD_5,PD_7': 0.0, 'PD_5,PD_8': 0.0, 'PD_6,PD_7': 0.0, 'PD_6,PD_8': 0.0, 'PD_7,PD_8': 0.0}, ASR: 1.0, TCB: {'PD_2': ['PD_4', 'PD_3', 'PD_5', 'PD_6'], 'PD_3': ['PD_2', 'PD_4', 'PD_5', 'PD_6'], 'PD_4': ['PD_5', 'PD_2', 'PD_3', 'PD_6'], 'PD_5': ['PD_2', 'PD_3', 'PD_4', 'PD_6'], 'PD_6': ['PD_2', 'PD_3', 'PD_4', 'PD_5'], 'PD_7': [], 'PD_8': []}, FR: {'PD_2,PD_3': inf, 'PD_2,PD_4': 3, 'PD_2,PD_5': inf, 'PD_2,PD_6': inf, 'PD_2,PD_7': inf, 'PD_2,PD_8': inf, 'PD_3,PD_4': inf, 'PD_3,PD_5': inf, 'PD_3,PD_6': inf, 'PD_3,PD_7': inf, 'PD_3,PD_8': inf, 'PD_4,PD_5': inf, 'PD_4,PD_6': inf, 'PD_4,PD_7': inf, 'PD_4,PD_8': inf, 'PD_5,PD_6': inf, 'PD_5,PD_7': inf, 'PD_5,PD_8': inf, 'PD_6,PD_7': inf, 'PD_6,PD_8': inf, 'PD_7,PD_8': inf}
  Computing metrics...
    RSI: {'PD_2,PD_3': 1.0, 'PD_2,PD_4': 1.0, 'PD_2,PD_5': 1.0, 'PD_2,PD_6': 1.0, 'PD_2,PD_7': 0.0, 'PD_2,PD_8': 0.0, 'PD_3,PD_4': 1.0, 'PD_3,PD_5': 1.0, 'PD_3,PD_6': 1.0, 'PD_3,PD_7': 0.0, 'PD_3,PD_8': 0.0, 'PD_4,PD_5': 1.0, 'PD_4,PD_6': 1.0, 'PD_4,PD_7': 0.0, 'PD_4,PD_8': 0.0, 'PD_5,PD_6': 1.0, 'PD_5,PD_7': 0.0, 'PD_5,PD_8': 0.0, 'PD_6,PD_7': 0.0, 'PD_6,PD_8': 0.0, 'PD_7,PD_8': 0.0}, ASR: 0.8571428571428571, TCB: {'PD_2': ['PD_4', 'PD_3', 'PD_5', 'PD_6'], 'PD_3': ['PD_2', 'PD_4', 'PD_5', 'PD_6'], 'PD_4': ['PD_2', 'PD_3', 'PD_5', 'PD_6'], 'PD_5': ['PD_2', 'PD_3', 'PD_4', 'PD_6'], 'PD_6': ['PD_2', 'PD_3', 'PD_4', 'PD_5'], 'PD_7': [], 'PD_8': []}, FR: {'PD_2,PD_3': inf, 'PD_2,PD_4': inf, 'PD_2,PD_5': inf, 'PD_2,PD_6': inf, 'PD_2,PD_7': inf, 'PD_2,PD_8': inf, 'PD_3,PD_4': inf, 'PD_3,PD_5': inf, 'PD_3,PD_6': inf, 'PD_3,PD_7': inf, 'PD_3,PD_8': inf, 'PD_4,PD_5': inf, 'PD_4,PD_6': inf, 'PD_4,PD_7': inf, 'PD_4,PD_8': inf, 'PD_5,PD_6': inf, 'PD_5,PD_7': inf, 'PD_5,PD_8': inf, 'PD_6,PD_7': inf, 'PD_6,PD_8': inf, 'PD_7,PD_8': inf}
  Computing metrics...
    RSI: {'PD_2,PD_3': 1.0, 'PD_2,PD_4': 1.0, 'PD_2,PD_5': 1.0, 'PD_2,PD_6': 1.0, 'PD_2,PD_7': 0.0, 'PD_2,PD_8': 0.0, 'PD_3,PD_4': 1.0, 'PD_3,PD_5': 1.0, 'PD_3,PD_6': 1.0, 'PD_3,PD_7': 0.0, 'PD_3,PD_8': 0.0, 'PD_4,PD_5': 1.0, 'PD_4,PD_6': 1.0, 'PD_4,PD_7': 0.0, 'PD_4,PD_8': 0.0, 'PD_5,PD_6': 1.0, 'PD_5,PD_7': 0.0, 'PD_5,PD_8': 0.0, 'PD_6,PD_7': 0.0, 'PD_6,PD_8': 0.0, 'PD_7,PD_8': 0.0}, ASR: 1.0, TCB: {'PD_2': ['PD_4', 'PD_3', 'PD_5', 'PD_6'], 'PD_3': ['PD_2', 'PD_4', 'PD_5', 'PD_6'], 'PD_4': ['PD_6', 'PD_2', 'PD_3', 'PD_5'], 'PD_5': ['PD_2', 'PD_3', 'PD_4', 'PD_6'], 'PD_6': ['PD_2', 'PD_3', 'PD_4', 'PD_5'], 'PD_7': [], 'PD_8': []}, FR: {'PD_2,PD_3': inf, 'PD_2,PD_4': 3, 'PD_2,PD_5': inf, 'PD_2,PD_6': inf, 'PD_2,PD_7': inf, 'PD_2,PD_8': inf, 'PD_3,PD_4': inf, 'PD_3,PD_5': inf, 'PD_3,PD_6': inf, 'PD_3,PD_7': inf, 'PD_3,PD_8': inf, 'PD_4,PD_5': inf, 'PD_4,PD_6': inf, 'PD_4,PD_7': inf, 'PD_4,PD_8': inf, 'PD_5,PD_6': inf, 'PD_5,PD_7': inf, 'PD_5,PD_8': inf, 'PD_6,PD_7': inf, 'PD_6,PD_8': inf, 'PD_7,PD_8': inf}
  Computing metrics...
    RSI: {'PD_2,PD_3': 1.0, 'PD_2,PD_4': 1.0, 'PD_2,PD_5': 1.0, 'PD_2,PD_6': 1.0, 'PD_2,PD_7': 0.0, 'PD_2,PD_8': 0.0, 'PD_3,PD_4': 1.0, 'PD_3,PD_5': 1.0, 'PD_3,PD_6': 1.0, 'PD_3,PD_7': 0.0, 'PD_3,PD_8': 0.0, 'PD_4,PD_5': 1.0, 'PD_4,PD_6': 1.0, 'PD_4,PD_7': 0.0, 'PD_4,PD_8': 0.0, 'PD_5,PD_6': 1.0, 'PD_5,PD_7': 0.0, 'PD_5,PD_8': 0.0, 'PD_6,PD_7': 0.0, 'PD_6,PD_8': 0.0, 'PD_7,PD_8': 0.0}, ASR: 0.8571428571428571, TCB: {'PD_2': ['PD_4', 'PD_3', 'PD_5', 'PD_6'], 'PD_3': ['PD_2', 'PD_4', 'PD_5', 'PD_6'], 'PD_4': ['PD_2', 'PD_3', 'PD_5', 'PD_6'], 'PD_5': ['PD_2', 'PD_3', 'PD_4', 'PD_6'], 'PD_6': ['PD_2', 'PD_3', 'PD_4', 'PD_5'], 'PD_7': [], 'PD_8': []}, FR: {'PD_2,PD_3': inf, 'PD_2,PD_4': inf, 'PD_2,PD_5': inf, 'PD_2,PD_6': inf, 'PD_2,PD_7': inf, 'PD_2,PD_8': inf, 'PD_3,PD_4': inf, 'PD_3,PD_5': inf, 'PD_3,PD_6': inf, 'PD_3,PD_7': inf, 'PD_3,PD_8': inf, 'PD_4,PD_5': inf, 'PD_4,PD_6': inf, 'PD_4,PD_7': inf, 'PD_4,PD_8': inf, 'PD_5,PD_6': inf, 'PD_5,PD_7': inf, 'PD_5,PD_8': inf, 'PD_6,PD_7': inf, 'PD_6,PD_8': inf, 'PD_7,PD_8': inf}
  Computing metrics...
    RSI: {'PD_2,PD_3': 1.0, 'PD_2,PD_4': 1.0, 'PD_2,PD_5': 1.0, 'PD_2,PD_6': 1.0, 'PD_2,PD_7': 0.0, 'PD_2,PD_8': 0.0, 'PD_3,PD_4': 1.0, 'PD_3,PD_5': 1.0, 'PD_3,PD_6': 1.0, 'PD_3,PD_7': 0.0, 'PD_3,PD_8': 0.0, 'PD_4,PD_5': 1.0, 'PD_4,PD_6': 1.0, 'PD_4,PD_7': 0.0, 'PD_4,PD_8': 0.0, 'PD_5,PD_6': 1.0, 'PD_5,PD_7': 0.0, 'PD_5,PD_8': 0.0, 'PD_6,PD_7': 0.0, 'PD_6,PD_8': 0.0, 'PD_7,PD_8': 0.0}, ASR: 1.0, TCB: {'PD_2': ['PD_4', 'PD_3', 'PD_5', 'PD_6'], 'PD_3': ['PD_2', 'PD_4', 'PD_5', 'PD_6'], 'PD_4': ['PD_7', 'PD_2', 'PD_3', 'PD_5', 'PD_6'], 'PD_5': ['PD_2', 'PD_3', 'PD_4', 'PD_6'], 'PD_6': ['PD_2', 'PD_3', 'PD_4', 'PD_5'], 'PD_7': [], 'PD_8': []}, FR: {'PD_2,PD_3': inf, 'PD_2,PD_4': 3, 'PD_2,PD_5': inf, 'PD_2,PD_6': inf, 'PD_2,PD_7': inf, 'PD_2,PD_8': inf, 'PD_3,PD_4': inf, 'PD_3,PD_5': inf, 'PD_3,PD_6': inf, 'PD_3,PD_7': inf, 'PD_3,PD_8': inf, 'PD_4,PD_5': inf, 'PD_4,PD_6': inf, 'PD_4,PD_7': inf, 'PD_4,PD_8': inf, 'PD_5,PD_6': inf, 'PD_5,PD_7': inf, 'PD_5,PD_8': inf, 'PD_6,PD_7': inf, 'PD_6,PD_8': inf, 'PD_7,PD_8': inf}
  Computing metrics...
    RSI: {'PD_2,PD_3': 1.0, 'PD_2,PD_4': 1.0, 'PD_2,PD_5': 1.0, 'PD_2,PD_6': 1.0, 'PD_2,PD_7': 0.0, 'PD_2,PD_8': 0.0, 'PD_3,PD_4': 1.0, 'PD_3,PD_5': 1.0, 'PD_3,PD_6': 1.0, 'PD_3,PD_7': 0.0, 'PD_3,PD_8': 0.0, 'PD_4,PD_5': 1.0, 'PD_4,PD_6': 1.0, 'PD_4,PD_7': 0.0, 'PD_4,PD_8': 0.0, 'PD_5,PD_6': 1.0, 'PD_5,PD_7': 0.0, 'PD_5,PD_8': 0.0, 'PD_6,PD_7': 0.0, 'PD_6,PD_8': 0.0, 'PD_7,PD_8': 0.0}, ASR: 0.8571428571428571, TCB: {'PD_2': ['PD_4', 'PD_3', 'PD_5', 'PD_6'], 'PD_3': ['PD_2', 'PD_4', 'PD_5', 'PD_6'], 'PD_4': ['PD_2', 'PD_3', 'PD_5', 'PD_6'], 'PD_5': ['PD_2', 'PD_3', 'PD_4', 'PD_6'], 'PD_6': ['PD_2', 'PD_3', 'PD_4', 'PD_5'], 'PD_7': [], 'PD_8': []}, FR: {'PD_2,PD_3': inf, 'PD_2,PD_4': inf, 'PD_2,PD_5': inf, 'PD_2,PD_6': inf, 'PD_2,PD_7': inf, 'PD_2,PD_8': inf, 'PD_3,PD_4': inf, 'PD_3,PD_5': inf, 'PD_3,PD_6': inf, 'PD_3,PD_7': inf, 'PD_3,PD_8': inf, 'PD_4,PD_5': inf, 'PD_4,PD_6': inf, 'PD_4,PD_7': inf, 'PD_4,PD_8': inf, 'PD_5,PD_6': inf, 'PD_5,PD_7': inf, 'PD_5,PD_8': inf, 'PD_6,PD_7': inf, 'PD_6,PD_8': inf, 'PD_7,PD_8': inf}
  Computing metrics...
    RSI: {'PD_2,PD_3': 1.0, 'PD_2,PD_4': 1.0, 'PD_2,PD_5': 1.0, 'PD_2,PD_6': 1.0, 'PD_2,PD_7': 0.0, 'PD_2,PD_8': 0.0, 'PD_3,PD_4': 1.0, 'PD_3,PD_5': 1.0, 'PD_3,PD_6': 1.0, 'PD_3,PD_7': 0.0, 'PD_3,PD_8': 0.0, 'PD_4,PD_5': 1.0, 'PD_4,PD_6': 1.0, 'PD_4,PD_7': 0.0, 'PD_4,PD_8': 0.0, 'PD_5,PD_6': 1.0, 'PD_5,PD_7': 0.0, 'PD_5,PD_8': 0.0, 'PD_6,PD_7': 0.0, 'PD_6,PD_8': 0.0, 'PD_7,PD_8': 0.0}, ASR: 1.0, TCB: {'PD_2': ['PD_4', 'PD_3', 'PD_5', 'PD_6'], 'PD_3': ['PD_2', 'PD_4', 'PD_5', 'PD_6'], 'PD_4': ['PD_8', 'PD_2', 'PD_3', 'PD_5', 'PD_6'], 'PD_5': ['PD_2', 'PD_3', 'PD_4', 'PD_6'], 'PD_6': ['PD_2', 'PD_3', 'PD_4', 'PD_5'], 'PD_7': [], 'PD_8': []}, FR: {'PD_2,PD_3': inf, 'PD_2,PD_4': 3, 'PD_2,PD_5': inf, 'PD_2,PD_6': inf, 'PD_2,PD_7': inf, 'PD_2,PD_8': inf, 'PD_3,PD_4': inf, 'PD_3,PD_5': inf, 'PD_3,PD_6': inf, 'PD_3,PD_7': inf, 'PD_3,PD_8': inf, 'PD_4,PD_5': inf, 'PD_4,PD_6': inf, 'PD_4,PD_7': inf, 'PD_4,PD_8': inf, 'PD_5,PD_6': inf, 'PD_5,PD_7': inf, 'PD_5,PD_8': inf, 'PD_6,PD_7': inf, 'PD_6,PD_8': inf, 'PD_7,PD_8': inf}
  Computing metrics...
    RSI: {'PD_2,PD_3': 1.0, 'PD_2,PD_4': 1.0, 'PD_2,PD_5': 1.0, 'PD_2,PD_6': 1.0, 'PD_2,PD_7': 0.0, 'PD_2,PD_8': 0.0, 'PD_3,PD_4': 1.0, 'PD_3,PD_5': 1.0, 'PD_3,PD_6': 1.0, 'PD_3,PD_7': 0.0, 'PD_3,PD_8': 0.0, 'PD_4,PD_5': 1.0, 'PD_4,PD_6': 1.0, 'PD_4,PD_7': 0.0, 'PD_4,PD_8': 0.0, 'PD_5,PD_6': 1.0, 'PD_5,PD_7': 0.0, 'PD_5,PD_8': 0.0, 'PD_6,PD_7': 0.0, 'PD_6,PD_8': 0.0, 'PD_7,PD_8': 0.0}, ASR: 0.8571428571428571, TCB: {'PD_2': ['PD_4', 'PD_3', 'PD_5', 'PD_6'], 'PD_3': ['PD_2', 'PD_4', 'PD_5', 'PD_6'], 'PD_4': ['PD_2', 'PD_3', 'PD_5', 'PD_6'], 'PD_5': ['PD_2', 'PD_3', 'PD_4', 'PD_6'], 'PD_6': ['PD_2', 'PD_3', 'PD_4', 'PD_5'], 'PD_7': [], 'PD_8': []}, FR: {'PD_2,PD_3': inf, 'PD_2,PD_4': inf, 'PD_2,PD_5': inf, 'PD_2,PD_6': inf, 'PD_2,PD_7': inf, 'PD_2,PD_8': inf, 'PD_3,PD_4': inf, 'PD_3,PD_5': inf, 'PD_3,PD_6': inf, 'PD_3,PD_7': inf, 'PD_3,PD_8': inf, 'PD_4,PD_5': inf, 'PD_4,PD_6': inf, 'PD_4,PD_7': inf, 'PD_4,PD_8': inf, 'PD_5,PD_6': inf, 'PD_5,PD_7': inf, 'PD_5,PD_8': inf, 'PD_6,PD_7': inf, 'PD_6,PD_8': inf, 'PD_7,PD_8': inf}
  Computing metrics...
    RSI: {'PD_2,PD_3': 1.0, 'PD_2,PD_4': 1.0, 'PD_2,PD_5': 1.0, 'PD_2,PD_6': 1.0, 'PD_2,PD_7': 0.0, 'PD_2,PD_8': 0.0, 'PD_3,PD_4': 1.0, 'PD_3,PD_5': 1.0, 'PD_3,PD_6': 1.0, 'PD_3,PD_7': 0.0, 'PD_3,PD_8': 0.0, 'PD_4,PD_5': 1.0, 'PD_4,PD_6': 1.0, 'PD_4,PD_7': 0.0, 'PD_4,PD_8': 0.0, 'PD_5,PD_6': 1.0, 'PD_5,PD_7': 0.0, 'PD_5,PD_8': 0.0, 'PD_6,PD_7': 0.0, 'PD_6,PD_8': 0.0, 'PD_7,PD_8': 0.0}, ASR: 1.0, TCB: {'PD_2': ['PD_4', 'PD_3', 'PD_5', 'PD_6'], 'PD_3': ['PD_2', 'PD_4', 'PD_5', 'PD_6'], 'PD_4': ['PD_2', 'PD_3', 'PD_5', 'PD_6'], 'PD_5': ['PD_2', 'PD_3', 'PD_4', 'PD_6'], 'PD_6': ['PD_2', 'PD_3', 'PD_4', 'PD_5'], 'PD_7': [], 'PD_8': []}, FR: {'PD_2,PD_3': inf, 'PD_2,PD_4': inf, 'PD_2,PD_5': 3, 'PD_2,PD_6': inf, 'PD_2,PD_7': inf, 'PD_2,PD_8': inf, 'PD_3,PD_4': inf, 'PD_3,PD_5': inf, 'PD_3,PD_6': inf, 'PD_3,PD_7': inf, 'PD_3,PD_8': inf, 'PD_4,PD_5': inf, 'PD_4,PD_6': inf, 'PD_4,PD_7': inf, 'PD_4,PD_8': inf, 'PD_5,PD_6': inf, 'PD_5,PD_7': inf, 'PD_5,PD_8': inf, 'PD_6,PD_7': inf, 'PD_6,PD_8': inf, 'PD_7,PD_8': inf}
  Computing metrics...
    RSI: {'PD_2,PD_3': 1.0, 'PD_2,PD_4': 1.0, 'PD_2,PD_5': 1.0, 'PD_2,PD_6': 1.0, 'PD_2,PD_7': 0.0, 'PD_2,PD_8': 0.0, 'PD_3,PD_4': 1.0, 'PD_3,PD_5': 1.0, 'PD_3,PD_6': 1.0, 'PD_3,PD_7': 0.0, 'PD_3,PD_8': 0.0, 'PD_4,PD_5': 1.0, 'PD_4,PD_6': 1.0, 'PD_4,PD_7': 0.0, 'PD_4,PD_8': 0.0, 'PD_5,PD_6': 1.0, 'PD_5,PD_7': 0.0, 'PD_5,PD_8': 0.0, 'PD_6,PD_7': 0.0, 'PD_6,PD_8': 0.0, 'PD_7,PD_8': 0.0}, ASR: 0.8571428571428571, TCB: {'PD_2': ['PD_4', 'PD_3', 'PD_5', 'PD_6'], 'PD_3': ['PD_2', 'PD_4', 'PD_5', 'PD_6'], 'PD_4': ['PD_2', 'PD_3', 'PD_5', 'PD_6'], 'PD_5': ['PD_2', 'PD_3', 'PD_4', 'PD_6'], 'PD_6': ['PD_2', 'PD_3', 'PD_4', 'PD_5'], 'PD_7': [], 'PD_8': []}, FR: {'PD_2,PD_3': inf, 'PD_2,PD_4': inf, 'PD_2,PD_5': inf, 'PD_2,PD_6': inf, 'PD_2,PD_7': inf, 'PD_2,PD_8': inf, 'PD_3,PD_4': inf, 'PD_3,PD_5': inf, 'PD_3,PD_6': inf, 'PD_3,PD_7': inf, 'PD_3,PD_8': inf, 'PD_4,PD_5': inf, 'PD_4,PD_6': inf, 'PD_4,PD_7': inf, 'PD_4,PD_8': inf, 'PD_5,PD_6': inf, 'PD_5,PD_7': inf, 'PD_5,PD_8': inf, 'PD_6,PD_7': inf, 'PD_6,PD_8': inf, 'PD_7,PD_8': inf}
  Computing metrics...
    RSI: {'PD_2,PD_3': 1.0, 'PD_2,PD_4': 1.0, 'PD_2,PD_5': 1.0, 'PD_2,PD_6': 1.0, 'PD_2,PD_7': 0.0, 'PD_2,PD_8': 0.0, 'PD_3,PD_4': 1.0, 'PD_3,PD_5': 1.0, 'PD_3,PD_6': 1.0, 'PD_3,PD_7': 0.0, 'PD_3,PD_8': 0.0, 'PD_4,PD_5': 1.0, 'PD_4,PD_6': 1.0, 'PD_4,PD_7': 0.0, 'PD_4,PD_8': 0.0, 'PD_5,PD_6': 1.0, 'PD_5,PD_7': 0.0, 'PD_5,PD_8': 0.0, 'PD_6,PD_7': 0.0, 'PD_6,PD_8': 0.0, 'PD_7,PD_8': 0.0}, ASR: 1.0, TCB: {'PD_2': ['PD_4', 'PD_3', 'PD_5', 'PD_6'], 'PD_3': ['PD_2', 'PD_4', 'PD_5', 'PD_6'], 'PD_4': ['PD_2', 'PD_3', 'PD_5', 'PD_6'], 'PD_5': ['PD_3', 'PD_2', 'PD_4', 'PD_6'], 'PD_6': ['PD_2', 'PD_3', 'PD_4', 'PD_5'], 'PD_7': [], 'PD_8': []}, FR: {'PD_2,PD_3': inf, 'PD_2,PD_4': inf, 'PD_2,PD_5': inf, 'PD_2,PD_6': inf, 'PD_2,PD_7': inf, 'PD_2,PD_8': inf, 'PD_3,PD_4': inf, 'PD_3,PD_5': inf, 'PD_3,PD_6': inf, 'PD_3,PD_7': inf, 'PD_3,PD_8': inf, 'PD_4,PD_5': inf, 'PD_4,PD_6': inf, 'PD_4,PD_7': inf, 'PD_4,PD_8': inf, 'PD_5,PD_6': inf, 'PD_5,PD_7': inf, 'PD_5,PD_8': inf, 'PD_6,PD_7': inf, 'PD_6,PD_8': inf, 'PD_7,PD_8': inf}
  Computing metrics...
    RSI: {'PD_2,PD_3': 1.0, 'PD_2,PD_4': 1.0, 'PD_2,PD_5': 1.0, 'PD_2,PD_6': 1.0, 'PD_2,PD_7': 0.0, 'PD_2,PD_8': 0.0, 'PD_3,PD_4': 1.0, 'PD_3,PD_5': 1.0, 'PD_3,PD_6': 1.0, 'PD_3,PD_7': 0.0, 'PD_3,PD_8': 0.0, 'PD_4,PD_5': 1.0, 'PD_4,PD_6': 1.0, 'PD_4,PD_7': 0.0, 'PD_4,PD_8': 0.0, 'PD_5,PD_6': 1.0, 'PD_5,PD_7': 0.0, 'PD_5,PD_8': 0.0, 'PD_6,PD_7': 0.0, 'PD_6,PD_8': 0.0, 'PD_7,PD_8': 0.0}, ASR: 0.8571428571428571, TCB: {'PD_2': ['PD_4', 'PD_3', 'PD_5', 'PD_6'], 'PD_3': ['PD_2', 'PD_4', 'PD_5', 'PD_6'], 'PD_4': ['PD_2', 'PD_3', 'PD_5', 'PD_6'], 'PD_5': ['PD_2', 'PD_3', 'PD_4', 'PD_6'], 'PD_6': ['PD_2', 'PD_3', 'PD_4', 'PD_5'], 'PD_7': [], 'PD_8': []}, FR: {'PD_2,PD_3': inf, 'PD_2,PD_4': inf, 'PD_2,PD_5': inf, 'PD_2,PD_6': inf, 'PD_2,PD_7': inf, 'PD_2,PD_8': inf, 'PD_3,PD_4': inf, 'PD_3,PD_5': inf, 'PD_3,PD_6': inf, 'PD_3,PD_7': inf, 'PD_3,PD_8': inf, 'PD_4,PD_5': inf, 'PD_4,PD_6': inf, 'PD_4,PD_7': inf, 'PD_4,PD_8': inf, 'PD_5,PD_6': inf, 'PD_5,PD_7': inf, 'PD_5,PD_8': inf, 'PD_6,PD_7': inf, 'PD_6,PD_8': inf, 'PD_7,PD_8': inf}
  Computing metrics...
    RSI: {'PD_2,PD_3': 1.0, 'PD_2,PD_4': 1.0, 'PD_2,PD_5': 1.0, 'PD_2,PD_6': 1.0, 'PD_2,PD_7': 0.0, 'PD_2,PD_8': 0.0, 'PD_3,PD_4': 1.0, 'PD_3,PD_5': 1.0, 'PD_3,PD_6': 1.0, 'PD_3,PD_7': 0.0, 'PD_3,PD_8': 0.0, 'PD_4,PD_5': 1.0, 'PD_4,PD_6': 1.0, 'PD_4,PD_7': 0.0, 'PD_4,PD_8': 0.0, 'PD_5,PD_6': 1.0, 'PD_5,PD_7': 0.0, 'PD_5,PD_8': 0.0, 'PD_6,PD_7': 0.0, 'PD_6,PD_8': 0.0, 'PD_7,PD_8': 0.0}, ASR: 1.0, TCB: {'PD_2': ['PD_4', 'PD_3', 'PD_5', 'PD_6'], 'PD_3': ['PD_2', 'PD_4', 'PD_5', 'PD_6'], 'PD_4': ['PD_2', 'PD_3', 'PD_5', 'PD_6'], 'PD_5': ['PD_4', 'PD_2', 'PD_3', 'PD_6'], 'PD_6': ['PD_2', 'PD_3', 'PD_4', 'PD_5'], 'PD_7': [], 'PD_8': []}, FR: {'PD_2,PD_3': inf, 'PD_2,PD_4': inf, 'PD_2,PD_5': 2, 'PD_2,PD_6': inf, 'PD_2,PD_7': inf, 'PD_2,PD_8': inf, 'PD_3,PD_4': inf, 'PD_3,PD_5': inf, 'PD_3,PD_6': inf, 'PD_3,PD_7': inf, 'PD_3,PD_8': inf, 'PD_4,PD_5': inf, 'PD_4,PD_6': inf, 'PD_4,PD_7': inf, 'PD_4,PD_8': inf, 'PD_5,PD_6': inf, 'PD_5,PD_7': inf, 'PD_5,PD_8': inf, 'PD_6,PD_7': inf, 'PD_6,PD_8': inf, 'PD_7,PD_8': inf}
  Computing metrics...
    RSI: {'PD_2,PD_3': 1.0, 'PD_2,PD_4': 1.0, 'PD_2,PD_5': 1.0, 'PD_2,PD_6': 1.0, 'PD_2,PD_7': 0.0, 'PD_2,PD_8': 0.0, 'PD_3,PD_4': 1.0, 'PD_3,PD_5': 1.0, 'PD_3,PD_6': 1.0, 'PD_3,PD_7': 0.0, 'PD_3,PD_8': 0.0, 'PD_4,PD_5': 1.0, 'PD_4,PD_6': 1.0, 'PD_4,PD_7': 0.0, 'PD_4,PD_8': 0.0, 'PD_5,PD_6': 1.0, 'PD_5,PD_7': 0.0, 'PD_5,PD_8': 0.0, 'PD_6,PD_7': 0.0, 'PD_6,PD_8': 0.0, 'PD_7,PD_8': 0.0}, ASR: 0.8571428571428571, TCB: {'PD_2': ['PD_4', 'PD_3', 'PD_5', 'PD_6'], 'PD_3': ['PD_2', 'PD_4', 'PD_5', 'PD_6'], 'PD_4': ['PD_2', 'PD_3', 'PD_5', 'PD_6'], 'PD_5': ['PD_2', 'PD_3', 'PD_4', 'PD_6'], 'PD_6': ['PD_2', 'PD_3', 'PD_4', 'PD_5'], 'PD_7': [], 'PD_8': []}, FR: {'PD_2,PD_3': inf, 'PD_2,PD_4': inf, 'PD_2,PD_5': inf, 'PD_2,PD_6': inf, 'PD_2,PD_7': inf, 'PD_2,PD_8': inf, 'PD_3,PD_4': inf, 'PD_3,PD_5': inf, 'PD_3,PD_6': inf, 'PD_3,PD_7': inf, 'PD_3,PD_8': inf, 'PD_4,PD_5': inf, 'PD_4,PD_6': inf, 'PD_4,PD_7': inf, 'PD_4,PD_8': inf, 'PD_5,PD_6': inf, 'PD_5,PD_7': inf, 'PD_5,PD_8': inf, 'PD_6,PD_7': inf, 'PD_6,PD_8': inf, 'PD_7,PD_8': inf}
  Computing metrics...
    RSI: {'PD_2,PD_3': 1.0, 'PD_2,PD_4': 1.0, 'PD_2,PD_5': 1.0, 'PD_2,PD_6': 1.0, 'PD_2,PD_7': 0.0, 'PD_2,PD_8': 0.0, 'PD_3,PD_4': 1.0, 'PD_3,PD_5': 1.0, 'PD_3,PD_6': 1.0, 'PD_3,PD_7': 0.0, 'PD_3,PD_8': 0.0, 'PD_4,PD_5': 1.0, 'PD_4,PD_6': 1.0, 'PD_4,PD_7': 0.0, 'PD_4,PD_8': 0.0, 'PD_5,PD_6': 1.0, 'PD_5,PD_7': 0.0, 'PD_5,PD_8': 0.0, 'PD_6,PD_7': 0.0, 'PD_6,PD_8': 0.0, 'PD_7,PD_8': 0.0}, ASR: 1.0, TCB: {'PD_2': ['PD_4', 'PD_3', 'PD_5', 'PD_6'], 'PD_3': ['PD_2', 'PD_4', 'PD_5', 'PD_6'], 'PD_4': ['PD_2', 'PD_3', 'PD_5', 'PD_6'], 'PD_5': ['PD_6', 'PD_2', 'PD_3', 'PD_4'], 'PD_6': ['PD_2', 'PD_3', 'PD_4', 'PD_5'], 'PD_7': [], 'PD_8': []}, FR: {'PD_2,PD_3': inf, 'PD_2,PD_4': inf, 'PD_2,PD_5': inf, 'PD_2,PD_6': inf, 'PD_2,PD_7': inf, 'PD_2,PD_8': inf, 'PD_3,PD_4': inf, 'PD_3,PD_5': inf, 'PD_3,PD_6': inf, 'PD_3,PD_7': inf, 'PD_3,PD_8': inf, 'PD_4,PD_5': inf, 'PD_4,PD_6': inf, 'PD_4,PD_7': inf, 'PD_4,PD_8': inf, 'PD_5,PD_6': inf, 'PD_5,PD_7': inf, 'PD_5,PD_8': inf, 'PD_6,PD_7': inf, 'PD_6,PD_8': inf, 'PD_7,PD_8': inf}
  Computing metrics...
    RSI: {'PD_2,PD_3': 1.0, 'PD_2,PD_4': 1.0, 'PD_2,PD_5': 1.0, 'PD_2,PD_6': 1.0, 'PD_2,PD_7': 0.0, 'PD_2,PD_8': 0.0, 'PD_3,PD_4': 1.0, 'PD_3,PD_5': 1.0, 'PD_3,PD_6': 1.0, 'PD_3,PD_7': 0.0, 'PD_3,PD_8': 0.0, 'PD_4,PD_5': 1.0, 'PD_4,PD_6': 1.0, 'PD_4,PD_7': 0.0, 'PD_4,PD_8': 0.0, 'PD_5,PD_6': 1.0, 'PD_5,PD_7': 0.0, 'PD_5,PD_8': 0.0, 'PD_6,PD_7': 0.0, 'PD_6,PD_8': 0.0, 'PD_7,PD_8': 0.0}, ASR: 0.8571428571428571, TCB: {'PD_2': ['PD_4', 'PD_3', 'PD_5', 'PD_6'], 'PD_3': ['PD_2', 'PD_4', 'PD_5', 'PD_6'], 'PD_4': ['PD_2', 'PD_3', 'PD_5', 'PD_6'], 'PD_5': ['PD_2', 'PD_3', 'PD_4', 'PD_6'], 'PD_6': ['PD_2', 'PD_3', 'PD_4', 'PD_5'], 'PD_7': [], 'PD_8': []}, FR: {'PD_2,PD_3': inf, 'PD_2,PD_4': inf, 'PD_2,PD_5': inf, 'PD_2,PD_6': inf, 'PD_2,PD_7': inf, 'PD_2,PD_8': inf, 'PD_3,PD_4': inf, 'PD_3,PD_5': inf, 'PD_3,PD_6': inf, 'PD_3,PD_7': inf, 'PD_3,PD_8': inf, 'PD_4,PD_5': inf, 'PD_4,PD_6': inf, 'PD_4,PD_7': inf, 'PD_4,PD_8': inf, 'PD_5,PD_6': inf, 'PD_5,PD_7': inf, 'PD_5,PD_8': inf, 'PD_6,PD_7': inf, 'PD_6,PD_8': inf, 'PD_7,PD_8': inf}
  Computing metrics...
    RSI: {'PD_2,PD_3': 1.0, 'PD_2,PD_4': 1.0, 'PD_2,PD_5': 1.0, 'PD_2,PD_6': 1.0, 'PD_2,PD_7': 0.0, 'PD_2,PD_8': 0.0, 'PD_3,PD_4': 1.0, 'PD_3,PD_5': 1.0, 'PD_3,PD_6': 1.0, 'PD_3,PD_7': 0.0, 'PD_3,PD_8': 0.0, 'PD_4,PD_5': 1.0, 'PD_4,PD_6': 1.0, 'PD_4,PD_7': 0.0, 'PD_4,PD_8': 0.0, 'PD_5,PD_6': 1.0, 'PD_5,PD_7': 0.0, 'PD_5,PD_8': 0.0, 'PD_6,PD_7': 0.0, 'PD_6,PD_8': 0.0, 'PD_7,PD_8': 0.0}, ASR: 1.0, TCB: {'PD_2': ['PD_4', 'PD_3', 'PD_5', 'PD_6'], 'PD_3': ['PD_2', 'PD_4', 'PD_5', 'PD_6'], 'PD_4': ['PD_2', 'PD_3', 'PD_5', 'PD_6'], 'PD_5': ['PD_7', 'PD_2', 'PD_3', 'PD_4', 'PD_6'], 'PD_6': ['PD_2', 'PD_3', 'PD_4', 'PD_5'], 'PD_7': [], 'PD_8': []}, FR: {'PD_2,PD_3': inf, 'PD_2,PD_4': inf, 'PD_2,PD_5': inf, 'PD_2,PD_6': inf, 'PD_2,PD_7': inf, 'PD_2,PD_8': inf, 'PD_3,PD_4': inf, 'PD_3,PD_5': inf, 'PD_3,PD_6': inf, 'PD_3,PD_7': inf, 'PD_3,PD_8': inf, 'PD_4,PD_5': inf, 'PD_4,PD_6': inf, 'PD_4,PD_7': inf, 'PD_4,PD_8': inf, 'PD_5,PD_6': inf, 'PD_5,PD_7': inf, 'PD_5,PD_8': inf, 'PD_6,PD_7': inf, 'PD_6,PD_8': inf, 'PD_7,PD_8': inf}
  Computing metrics...
    RSI: {'PD_2,PD_3': 1.0, 'PD_2,PD_4': 1.0, 'PD_2,PD_5': 1.0, 'PD_2,PD_6': 1.0, 'PD_2,PD_7': 0.0, 'PD_2,PD_8': 0.0, 'PD_3,PD_4': 1.0, 'PD_3,PD_5': 1.0, 'PD_3,PD_6': 1.0, 'PD_3,PD_7': 0.0, 'PD_3,PD_8': 0.0, 'PD_4,PD_5': 1.0, 'PD_4,PD_6': 1.0, 'PD_4,PD_7': 0.0, 'PD_4,PD_8': 0.0, 'PD_5,PD_6': 1.0, 'PD_5,PD_7': 0.0, 'PD_5,PD_8': 0.0, 'PD_6,PD_7': 0.0, 'PD_6,PD_8': 0.0, 'PD_7,PD_8': 0.0}, ASR: 0.8571428571428571, TCB: {'PD_2': ['PD_4', 'PD_3', 'PD_5', 'PD_6'], 'PD_3': ['PD_2', 'PD_4', 'PD_5', 'PD_6'], 'PD_4': ['PD_2', 'PD_3', 'PD_5', 'PD_6'], 'PD_5': ['PD_2', 'PD_3', 'PD_4', 'PD_6'], 'PD_6': ['PD_2', 'PD_3', 'PD_4', 'PD_5'], 'PD_7': [], 'PD_8': []}, FR: {'PD_2,PD_3': inf, 'PD_2,PD_4': inf, 'PD_2,PD_5': inf, 'PD_2,PD_6': inf, 'PD_2,PD_7': inf, 'PD_2,PD_8': inf, 'PD_3,PD_4': inf, 'PD_3,PD_5': inf, 'PD_3,PD_6': inf, 'PD_3,PD_7': inf, 'PD_3,PD_8': inf, 'PD_4,PD_5': inf, 'PD_4,PD_6': inf, 'PD_4,PD_7': inf, 'PD_4,PD_8': inf, 'PD_5,PD_6': inf, 'PD_5,PD_7': inf, 'PD_5,PD_8': inf, 'PD_6,PD_7': inf, 'PD_6,PD_8': inf, 'PD_7,PD_8': inf}
  Computing metrics...
    RSI: {'PD_2,PD_3': 1.0, 'PD_2,PD_4': 1.0, 'PD_2,PD_5': 1.0, 'PD_2,PD_6': 1.0, 'PD_2,PD_7': 0.0, 'PD_2,PD_8': 0.0, 'PD_3,PD_4': 1.0, 'PD_3,PD_5': 1.0, 'PD_3,PD_6': 1.0, 'PD_3,PD_7': 0.0, 'PD_3,PD_8': 0.0, 'PD_4,PD_5': 1.0, 'PD_4,PD_6': 1.0, 'PD_4,PD_7': 0.0, 'PD_4,PD_8': 0.0, 'PD_5,PD_6': 1.0, 'PD_5,PD_7': 0.0, 'PD_5,PD_8': 0.0, 'PD_6,PD_7': 0.0, 'PD_6,PD_8': 0.0, 'PD_7,PD_8': 0.0}, ASR: 1.0, TCB: {'PD_2': ['PD_4', 'PD_3', 'PD_5', 'PD_6'], 'PD_3': ['PD_2', 'PD_4', 'PD_5', 'PD_6'], 'PD_4': ['PD_2', 'PD_3', 'PD_5', 'PD_6'], 'PD_5': ['PD_8', 'PD_2', 'PD_3', 'PD_4', 'PD_6'], 'PD_6': ['PD_2', 'PD_3', 'PD_4', 'PD_5'], 'PD_7': [], 'PD_8': []}, FR: {'PD_2,PD_3': inf, 'PD_2,PD_4': inf, 'PD_2,PD_5': inf, 'PD_2,PD_6': inf, 'PD_2,PD_7': inf, 'PD_2,PD_8': inf, 'PD_3,PD_4': inf, 'PD_3,PD_5': inf, 'PD_3,PD_6': inf, 'PD_3,PD_7': inf, 'PD_3,PD_8': inf, 'PD_4,PD_5': inf, 'PD_4,PD_6': inf, 'PD_4,PD_7': inf, 'PD_4,PD_8': inf, 'PD_5,PD_6': inf, 'PD_5,PD_7': inf, 'PD_5,PD_8': inf, 'PD_6,PD_7': inf, 'PD_6,PD_8': inf, 'PD_7,PD_8': inf}
  Computing metrics...
    RSI: {'PD_2,PD_3': 1.0, 'PD_2,PD_4': 1.0, 'PD_2,PD_5': 1.0, 'PD_2,PD_6': 1.0, 'PD_2,PD_7': 0.0, 'PD_2,PD_8': 0.0, 'PD_3,PD_4': 1.0, 'PD_3,PD_5': 1.0, 'PD_3,PD_6': 1.0, 'PD_3,PD_7': 0.0, 'PD_3,PD_8': 0.0, 'PD_4,PD_5': 1.0, 'PD_4,PD_6': 1.0, 'PD_4,PD_7': 0.0, 'PD_4,PD_8': 0.0, 'PD_5,PD_6': 1.0, 'PD_5,PD_7': 0.0, 'PD_5,PD_8': 0.0, 'PD_6,PD_7': 0.0, 'PD_6,PD_8': 0.0, 'PD_7,PD_8': 0.0}, ASR: 0.8571428571428571, TCB: {'PD_2': ['PD_4', 'PD_3', 'PD_5', 'PD_6'], 'PD_3': ['PD_2', 'PD_4', 'PD_5', 'PD_6'], 'PD_4': ['PD_2', 'PD_3', 'PD_5', 'PD_6'], 'PD_5': ['PD_2', 'PD_3', 'PD_4', 'PD_6'], 'PD_6': ['PD_2', 'PD_3', 'PD_4', 'PD_5'], 'PD_7': [], 'PD_8': []}, FR: {'PD_2,PD_3': inf, 'PD_2,PD_4': inf, 'PD_2,PD_5': inf, 'PD_2,PD_6': inf, 'PD_2,PD_7': inf, 'PD_2,PD_8': inf, 'PD_3,PD_4': inf, 'PD_3,PD_5': inf, 'PD_3,PD_6': inf, 'PD_3,PD_7': inf, 'PD_3,PD_8': inf, 'PD_4,PD_5': inf, 'PD_4,PD_6': inf, 'PD_4,PD_7': inf, 'PD_4,PD_8': inf, 'PD_5,PD_6': inf, 'PD_5,PD_7': inf, 'PD_5,PD_8': inf, 'PD_6,PD_7': inf, 'PD_6,PD_8': inf, 'PD_7,PD_8': inf}
  Computing metrics...
    RSI: {'PD_2,PD_3': 1.0, 'PD_2,PD_4': 1.0, 'PD_2,PD_5': 1.0, 'PD_2,PD_6': 1.0, 'PD_2,PD_7': 0.0, 'PD_2,PD_8': 0.0, 'PD_3,PD_4': 1.0, 'PD_3,PD_5': 1.0, 'PD_3,PD_6': 1.0, 'PD_3,PD_7': 0.0, 'PD_3,PD_8': 0.0, 'PD_4,PD_5': 1.0, 'PD_4,PD_6': 1.0, 'PD_4,PD_7': 0.0, 'PD_4,PD_8': 0.0, 'PD_5,PD_6': 1.0, 'PD_5,PD_7': 0.0, 'PD_5,PD_8': 0.0, 'PD_6,PD_7': 0.0, 'PD_6,PD_8': 0.0, 'PD_7,PD_8': 0.0}, ASR: 1.0, TCB: {'PD_2': ['PD_4', 'PD_3', 'PD_5', 'PD_6'], 'PD_3': ['PD_2', 'PD_4', 'PD_5', 'PD_6'], 'PD_4': ['PD_2', 'PD_3', 'PD_5', 'PD_6'], 'PD_5': ['PD_2', 'PD_3', 'PD_4', 'PD_6'], 'PD_6': ['PD_2', 'PD_3', 'PD_4', 'PD_5'], 'PD_7': [], 'PD_8': []}, FR: {'PD_2,PD_3': inf, 'PD_2,PD_4': inf, 'PD_2,PD_5': inf, 'PD_2,PD_6': 3, 'PD_2,PD_7': inf, 'PD_2,PD_8': inf, 'PD_3,PD_4': inf, 'PD_3,PD_5': inf, 'PD_3,PD_6': inf, 'PD_3,PD_7': inf, 'PD_3,PD_8': inf, 'PD_4,PD_5': inf, 'PD_4,PD_6': inf, 'PD_4,PD_7': inf, 'PD_4,PD_8': inf, 'PD_5,PD_6': inf, 'PD_5,PD_7': inf, 'PD_5,PD_8': inf, 'PD_6,PD_7': inf, 'PD_6,PD_8': inf, 'PD_7,PD_8': inf}
  Computing metrics...
    RSI: {'PD_2,PD_3': 1.0, 'PD_2,PD_4': 1.0, 'PD_2,PD_5': 1.0, 'PD_2,PD_6': 1.0, 'PD_2,PD_7': 0.0, 'PD_2,PD_8': 0.0, 'PD_3,PD_4': 1.0, 'PD_3,PD_5': 1.0, 'PD_3,PD_6': 1.0, 'PD_3,PD_7': 0.0, 'PD_3,PD_8': 0.0, 'PD_4,PD_5': 1.0, 'PD_4,PD_6': 1.0, 'PD_4,PD_7': 0.0, 'PD_4,PD_8': 0.0, 'PD_5,PD_6': 1.0, 'PD_5,PD_7': 0.0, 'PD_5,PD_8': 0.0, 'PD_6,PD_7': 0.0, 'PD_6,PD_8': 0.0, 'PD_7,PD_8': 0.0}, ASR: 0.8571428571428571, TCB: {'PD_2': ['PD_4', 'PD_3', 'PD_5', 'PD_6'], 'PD_3': ['PD_2', 'PD_4', 'PD_5', 'PD_6'], 'PD_4': ['PD_2', 'PD_3', 'PD_5', 'PD_6'], 'PD_5': ['PD_2', 'PD_3', 'PD_4', 'PD_6'], 'PD_6': ['PD_2', 'PD_3', 'PD_4', 'PD_5'], 'PD_7': [], 'PD_8': []}, FR: {'PD_2,PD_3': inf, 'PD_2,PD_4': inf, 'PD_2,PD_5': inf, 'PD_2,PD_6': inf, 'PD_2,PD_7': inf, 'PD_2,PD_8': inf, 'PD_3,PD_4': inf, 'PD_3,PD_5': inf, 'PD_3,PD_6': inf, 'PD_3,PD_7': inf, 'PD_3,PD_8': inf, 'PD_4,PD_5': inf, 'PD_4,PD_6': inf, 'PD_4,PD_7': inf, 'PD_4,PD_8': inf, 'PD_5,PD_6': inf, 'PD_5,PD_7': inf, 'PD_5,PD_8': inf, 'PD_6,PD_7': inf, 'PD_6,PD_8': inf, 'PD_7,PD_8': inf}
  Computing metrics...
    RSI: {'PD_2,PD_3': 1.0, 'PD_2,PD_4': 1.0, 'PD_2,PD_5': 1.0, 'PD_2,PD_6': 1.0, 'PD_2,PD_7': 0.0, 'PD_2,PD_8': 0.0, 'PD_3,PD_4': 1.0, 'PD_3,PD_5': 1.0, 'PD_3,PD_6': 1.0, 'PD_3,PD_7': 0.0, 'PD_3,PD_8': 0.0, 'PD_4,PD_5': 1.0, 'PD_4,PD_6': 1.0, 'PD_4,PD_7': 0.0, 'PD_4,PD_8': 0.0, 'PD_5,PD_6': 1.0, 'PD_5,PD_7': 0.0, 'PD_5,PD_8': 0.0, 'PD_6,PD_7': 0.0, 'PD_6,PD_8': 0.0, 'PD_7,PD_8': 0.0}, ASR: 1.0, TCB: {'PD_2': ['PD_4', 'PD_3', 'PD_5', 'PD_6'], 'PD_3': ['PD_2', 'PD_4', 'PD_5', 'PD_6'], 'PD_4': ['PD_2', 'PD_3', 'PD_5', 'PD_6'], 'PD_5': ['PD_2', 'PD_3', 'PD_4', 'PD_6'], 'PD_6': ['PD_3', 'PD_2', 'PD_4', 'PD_5'], 'PD_7': [], 'PD_8': []}, FR: {'PD_2,PD_3': inf, 'PD_2,PD_4': inf, 'PD_2,PD_5': inf, 'PD_2,PD_6': inf, 'PD_2,PD_7': inf, 'PD_2,PD_8': inf, 'PD_3,PD_4': inf, 'PD_3,PD_5': inf, 'PD_3,PD_6': inf, 'PD_3,PD_7': inf, 'PD_3,PD_8': inf, 'PD_4,PD_5': inf, 'PD_4,PD_6': inf, 'PD_4,PD_7': inf, 'PD_4,PD_8': inf, 'PD_5,PD_6': inf, 'PD_5,PD_7': inf, 'PD_5,PD_8': inf, 'PD_6,PD_7': inf, 'PD_6,PD_8': inf, 'PD_7,PD_8': inf}
  Computing metrics...
    RSI: {'PD_2,PD_3': 1.0, 'PD_2,PD_4': 1.0, 'PD_2,PD_5': 1.0, 'PD_2,PD_6': 1.0, 'PD_2,PD_7': 0.0, 'PD_2,PD_8': 0.0, 'PD_3,PD_4': 1.0, 'PD_3,PD_5': 1.0, 'PD_3,PD_6': 1.0, 'PD_3,PD_7': 0.0, 'PD_3,PD_8': 0.0, 'PD_4,PD_5': 1.0, 'PD_4,PD_6': 1.0, 'PD_4,PD_7': 0.0, 'PD_4,PD_8': 0.0, 'PD_5,PD_6': 1.0, 'PD_5,PD_7': 0.0, 'PD_5,PD_8': 0.0, 'PD_6,PD_7': 0.0, 'PD_6,PD_8': 0.0, 'PD_7,PD_8': 0.0}, ASR: 0.8571428571428571, TCB: {'PD_2': ['PD_4', 'PD_3', 'PD_5', 'PD_6'], 'PD_3': ['PD_2', 'PD_4', 'PD_5', 'PD_6'], 'PD_4': ['PD_2', 'PD_3', 'PD_5', 'PD_6'], 'PD_5': ['PD_2', 'PD_3', 'PD_4', 'PD_6'], 'PD_6': ['PD_2', 'PD_3', 'PD_4', 'PD_5'], 'PD_7': [], 'PD_8': []}, FR: {'PD_2,PD_3': inf, 'PD_2,PD_4': inf, 'PD_2,PD_5': inf, 'PD_2,PD_6': inf, 'PD_2,PD_7': inf, 'PD_2,PD_8': inf, 'PD_3,PD_4': inf, 'PD_3,PD_5': inf, 'PD_3,PD_6': inf, 'PD_3,PD_7': inf, 'PD_3,PD_8': inf, 'PD_4,PD_5': inf, 'PD_4,PD_6': inf, 'PD_4,PD_7': inf, 'PD_4,PD_8': inf, 'PD_5,PD_6': inf, 'PD_5,PD_7': inf, 'PD_5,PD_8': inf, 'PD_6,PD_7': inf, 'PD_6,PD_8': inf, 'PD_7,PD_8': inf}
  Computing metrics...
    RSI: {'PD_2,PD_3': 1.0, 'PD_2,PD_4': 1.0, 'PD_2,PD_5': 1.0, 'PD_2,PD_6': 1.0, 'PD_2,PD_7': 0.0, 'PD_2,PD_8': 0.0, 'PD_3,PD_4': 1.0, 'PD_3,PD_5': 1.0, 'PD_3,PD_6': 1.0, 'PD_3,PD_7': 0.0, 'PD_3,PD_8': 0.0, 'PD_4,PD_5': 1.0, 'PD_4,PD_6': 1.0, 'PD_4,PD_7': 0.0, 'PD_4,PD_8': 0.0, 'PD_5,PD_6': 1.0, 'PD_5,PD_7': 0.0, 'PD_5,PD_8': 0.0, 'PD_6,PD_7': 0.0, 'PD_6,PD_8': 0.0, 'PD_7,PD_8': 0.0}, ASR: 1.0, TCB: {'PD_2': ['PD_4', 'PD_3', 'PD_5', 'PD_6'], 'PD_3': ['PD_2', 'PD_4', 'PD_5', 'PD_6'], 'PD_4': ['PD_2', 'PD_3', 'PD_5', 'PD_6'], 'PD_5': ['PD_2', 'PD_3', 'PD_4', 'PD_6'], 'PD_6': ['PD_4', 'PD_2', 'PD_3', 'PD_5'], 'PD_7': [], 'PD_8': []}, FR: {'PD_2,PD_3': inf, 'PD_2,PD_4': inf, 'PD_2,PD_5': inf, 'PD_2,PD_6': 2, 'PD_2,PD_7': inf, 'PD_2,PD_8': inf, 'PD_3,PD_4': inf, 'PD_3,PD_5': inf, 'PD_3,PD_6': inf, 'PD_3,PD_7': inf, 'PD_3,PD_8': inf, 'PD_4,PD_5': inf, 'PD_4,PD_6': inf, 'PD_4,PD_7': inf, 'PD_4,PD_8': inf, 'PD_5,PD_6': inf, 'PD_5,PD_7': inf, 'PD_5,PD_8': inf, 'PD_6,PD_7': inf, 'PD_6,PD_8': inf, 'PD_7,PD_8': inf}
  Computing metrics...
    RSI: {'PD_2,PD_3': 1.0, 'PD_2,PD_4': 1.0, 'PD_2,PD_5': 1.0, 'PD_2,PD_6': 1.0, 'PD_2,PD_7': 0.0, 'PD_2,PD_8': 0.0, 'PD_3,PD_4': 1.0, 'PD_3,PD_5': 1.0, 'PD_3,PD_6': 1.0, 'PD_3,PD_7': 0.0, 'PD_3,PD_8': 0.0, 'PD_4,PD_5': 1.0, 'PD_4,PD_6': 1.0, 'PD_4,PD_7': 0.0, 'PD_4,PD_8': 0.0, 'PD_5,PD_6': 1.0, 'PD_5,PD_7': 0.0, 'PD_5,PD_8': 0.0, 'PD_6,PD_7': 0.0, 'PD_6,PD_8': 0.0, 'PD_7,PD_8': 0.0}, ASR: 0.8571428571428571, TCB: {'PD_2': ['PD_4', 'PD_3', 'PD_5', 'PD_6'], 'PD_3': ['PD_2', 'PD_4', 'PD_5', 'PD_6'], 'PD_4': ['PD_2', 'PD_3', 'PD_5', 'PD_6'], 'PD_5': ['PD_2', 'PD_3', 'PD_4', 'PD_6'], 'PD_6': ['PD_2', 'PD_3', 'PD_4', 'PD_5'], 'PD_7': [], 'PD_8': []}, FR: {'PD_2,PD_3': inf, 'PD_2,PD_4': inf, 'PD_2,PD_5': inf, 'PD_2,PD_6': inf, 'PD_2,PD_7': inf, 'PD_2,PD_8': inf, 'PD_3,PD_4': inf, 'PD_3,PD_5': inf, 'PD_3,PD_6': inf, 'PD_3,PD_7': inf, 'PD_3,PD_8': inf, 'PD_4,PD_5': inf, 'PD_4,PD_6': inf, 'PD_4,PD_7': inf, 'PD_4,PD_8': inf, 'PD_5,PD_6': inf, 'PD_5,PD_7': inf, 'PD_5,PD_8': inf, 'PD_6,PD_7': inf, 'PD_6,PD_8': inf, 'PD_7,PD_8': inf}
  Computing metrics...
    RSI: {'PD_2,PD_3': 1.0, 'PD_2,PD_4': 1.0, 'PD_2,PD_5': 1.0, 'PD_2,PD_6': 1.0, 'PD_2,PD_7': 0.0, 'PD_2,PD_8': 0.0, 'PD_3,PD_4': 1.0, 'PD_3,PD_5': 1.0, 'PD_3,PD_6': 1.0, 'PD_3,PD_7': 0.0, 'PD_3,PD_8': 0.0, 'PD_4,PD_5': 1.0, 'PD_4,PD_6': 1.0, 'PD_4,PD_7': 0.0, 'PD_4,PD_8': 0.0, 'PD_5,PD_6': 1.0, 'PD_5,PD_7': 0.0, 'PD_5,PD_8': 0.0, 'PD_6,PD_7': 0.0, 'PD_6,PD_8': 0.0, 'PD_7,PD_8': 0.0}, ASR: 1.0, TCB: {'PD_2': ['PD_4', 'PD_3', 'PD_5', 'PD_6'], 'PD_3': ['PD_2', 'PD_4', 'PD_5', 'PD_6'], 'PD_4': ['PD_2', 'PD_3', 'PD_5', 'PD_6'], 'PD_5': ['PD_2', 'PD_3', 'PD_4', 'PD_6'], 'PD_6': ['PD_5', 'PD_2', 'PD_3', 'PD_4'], 'PD_7': [], 'PD_8': []}, FR: {'PD_2,PD_3': inf, 'PD_2,PD_4': inf, 'PD_2,PD_5': inf, 'PD_2,PD_6': inf, 'PD_2,PD_7': inf, 'PD_2,PD_8': inf, 'PD_3,PD_4': inf, 'PD_3,PD_5': inf, 'PD_3,PD_6': inf, 'PD_3,PD_7': inf, 'PD_3,PD_8': inf, 'PD_4,PD_5': inf, 'PD_4,PD_6': inf, 'PD_4,PD_7': inf, 'PD_4,PD_8': inf, 'PD_5,PD_6': inf, 'PD_5,PD_7': inf, 'PD_5,PD_8': inf, 'PD_6,PD_7': inf, 'PD_6,PD_8': inf, 'PD_7,PD_8': inf}
  Computing metrics...
    RSI: {'PD_2,PD_3': 1.0, 'PD_2,PD_4': 1.0, 'PD_2,PD_5': 1.0, 'PD_2,PD_6': 1.0, 'PD_2,PD_7': 0.0, 'PD_2,PD_8': 0.0, 'PD_3,PD_4': 1.0, 'PD_3,PD_5': 1.0, 'PD_3,PD_6': 1.0, 'PD_3,PD_7': 0.0, 'PD_3,PD_8': 0.0, 'PD_4,PD_5': 1.0, 'PD_4,PD_6': 1.0, 'PD_4,PD_7': 0.0, 'PD_4,PD_8': 0.0, 'PD_5,PD_6': 1.0, 'PD_5,PD_7': 0.0, 'PD_5,PD_8': 0.0, 'PD_6,PD_7': 0.0, 'PD_6,PD_8': 0.0, 'PD_7,PD_8': 0.0}, ASR: 0.8571428571428571, TCB: {'PD_2': ['PD_4', 'PD_3', 'PD_5', 'PD_6'], 'PD_3': ['PD_2', 'PD_4', 'PD_5', 'PD_6'], 'PD_4': ['PD_2', 'PD_3', 'PD_5', 'PD_6'], 'PD_5': ['PD_2', 'PD_3', 'PD_4', 'PD_6'], 'PD_6': ['PD_2', 'PD_3', 'PD_4', 'PD_5'], 'PD_7': [], 'PD_8': []}, FR: {'PD_2,PD_3': inf, 'PD_2,PD_4': inf, 'PD_2,PD_5': inf, 'PD_2,PD_6': inf, 'PD_2,PD_7': inf, 'PD_2,PD_8': inf, 'PD_3,PD_4': inf, 'PD_3,PD_5': inf, 'PD_3,PD_6': inf, 'PD_3,PD_7': inf, 'PD_3,PD_8': inf, 'PD_4,PD_5': inf, 'PD_4,PD_6': inf, 'PD_4,PD_7': inf, 'PD_4,PD_8': inf, 'PD_5,PD_6': inf, 'PD_5,PD_7': inf, 'PD_5,PD_8': inf, 'PD_6,PD_7': inf, 'PD_6,PD_8': inf, 'PD_7,PD_8': inf}
  Computing metrics...
    RSI: {'PD_2,PD_3': 1.0, 'PD_2,PD_4': 1.0, 'PD_2,PD_5': 1.0, 'PD_2,PD_6': 1.0, 'PD_2,PD_7': 0.0, 'PD_2,PD_8': 0.0, 'PD_3,PD_4': 1.0, 'PD_3,PD_5': 1.0, 'PD_3,PD_6': 1.0, 'PD_3,PD_7': 0.0, 'PD_3,PD_8': 0.0, 'PD_4,PD_5': 1.0, 'PD_4,PD_6': 1.0, 'PD_4,PD_7': 0.0, 'PD_4,PD_8': 0.0, 'PD_5,PD_6': 1.0, 'PD_5,PD_7': 0.0, 'PD_5,PD_8': 0.0, 'PD_6,PD_7': 0.0, 'PD_6,PD_8': 0.0, 'PD_7,PD_8': 0.0}, ASR: 1.0, TCB: {'PD_2': ['PD_4', 'PD_3', 'PD_5', 'PD_6'], 'PD_3': ['PD_2', 'PD_4', 'PD_5', 'PD_6'], 'PD_4': ['PD_2', 'PD_3', 'PD_5', 'PD_6'], 'PD_5': ['PD_2', 'PD_3', 'PD_4', 'PD_6'], 'PD_6': ['PD_7', 'PD_2', 'PD_3', 'PD_4', 'PD_5'], 'PD_7': [], 'PD_8': []}, FR: {'PD_2,PD_3': inf, 'PD_2,PD_4': inf, 'PD_2,PD_5': inf, 'PD_2,PD_6': inf, 'PD_2,PD_7': inf, 'PD_2,PD_8': inf, 'PD_3,PD_4': inf, 'PD_3,PD_5': inf, 'PD_3,PD_6': inf, 'PD_3,PD_7': inf, 'PD_3,PD_8': inf, 'PD_4,PD_5': inf, 'PD_4,PD_6': inf, 'PD_4,PD_7': inf, 'PD_4,PD_8': inf, 'PD_5,PD_6': inf, 'PD_5,PD_7': inf, 'PD_5,PD_8': inf, 'PD_6,PD_7': inf, 'PD_6,PD_8': inf, 'PD_7,PD_8': inf}
  Computing metrics...
    RSI: {'PD_2,PD_3': 1.0, 'PD_2,PD_4': 1.0, 'PD_2,PD_5': 1.0, 'PD_2,PD_6': 1.0, 'PD_2,PD_7': 0.0, 'PD_2,PD_8': 0.0, 'PD_3,PD_4': 1.0, 'PD_3,PD_5': 1.0, 'PD_3,PD_6': 1.0, 'PD_3,PD_7': 0.0, 'PD_3,PD_8': 0.0, 'PD_4,PD_5': 1.0, 'PD_4,PD_6': 1.0, 'PD_4,PD_7': 0.0, 'PD_4,PD_8': 0.0, 'PD_5,PD_6': 1.0, 'PD_5,PD_7': 0.0, 'PD_5,PD_8': 0.0, 'PD_6,PD_7': 0.0, 'PD_6,PD_8': 0.0, 'PD_7,PD_8': 0.0}, ASR: 0.8571428571428571, TCB: {'PD_2': ['PD_4', 'PD_3', 'PD_5', 'PD_6'], 'PD_3': ['PD_2', 'PD_4', 'PD_5', 'PD_6'], 'PD_4': ['PD_2', 'PD_3', 'PD_5', 'PD_6'], 'PD_5': ['PD_2', 'PD_3', 'PD_4', 'PD_6'], 'PD_6': ['PD_2', 'PD_3', 'PD_4', 'PD_5'], 'PD_7': [], 'PD_8': []}, FR: {'PD_2,PD_3': inf, 'PD_2,PD_4': inf, 'PD_2,PD_5': inf, 'PD_2,PD_6': inf, 'PD_2,PD_7': inf, 'PD_2,PD_8': inf, 'PD_3,PD_4': inf, 'PD_3,PD_5': inf, 'PD_3,PD_6': inf, 'PD_3,PD_7': inf, 'PD_3,PD_8': inf, 'PD_4,PD_5': inf, 'PD_4,PD_6': inf, 'PD_4,PD_7': inf, 'PD_4,PD_8': inf, 'PD_5,PD_6': inf, 'PD_5,PD_7': inf, 'PD_5,PD_8': inf, 'PD_6,PD_7': inf, 'PD_6,PD_8': inf, 'PD_7,PD_8': inf}
  Computing metrics...
    RSI: {'PD_2,PD_3': 1.0, 'PD_2,PD_4': 1.0, 'PD_2,PD_5': 1.0, 'PD_2,PD_6': 1.0, 'PD_2,PD_7': 0.0, 'PD_2,PD_8': 0.0, 'PD_3,PD_4': 1.0, 'PD_3,PD_5': 1.0, 'PD_3,PD_6': 1.0, 'PD_3,PD_7': 0.0, 'PD_3,PD_8': 0.0, 'PD_4,PD_5': 1.0, 'PD_4,PD_6': 1.0, 'PD_4,PD_7': 0.0, 'PD_4,PD_8': 0.0, 'PD_5,PD_6': 1.0, 'PD_5,PD_7': 0.0, 'PD_5,PD_8': 0.0, 'PD_6,PD_7': 0.0, 'PD_6,PD_8': 0.0, 'PD_7,PD_8': 0.0}, ASR: 1.0, TCB: {'PD_2': ['PD_4', 'PD_3', 'PD_5', 'PD_6'], 'PD_3': ['PD_2', 'PD_4', 'PD_5', 'PD_6'], 'PD_4': ['PD_2', 'PD_3', 'PD_5', 'PD_6'], 'PD_5': ['PD_2', 'PD_3', 'PD_4', 'PD_6'], 'PD_6': ['PD_8', 'PD_2', 'PD_3', 'PD_4', 'PD_5'], 'PD_7': [], 'PD_8': []}, FR: {'PD_2,PD_3': inf, 'PD_2,PD_4': inf, 'PD_2,PD_5': inf, 'PD_2,PD_6': inf, 'PD_2,PD_7': inf, 'PD_2,PD_8': inf, 'PD_3,PD_4': inf, 'PD_3,PD_5': inf, 'PD_3,PD_6': inf, 'PD_3,PD_7': inf, 'PD_3,PD_8': inf, 'PD_4,PD_5': inf, 'PD_4,PD_6': inf, 'PD_4,PD_7': inf, 'PD_4,PD_8': inf, 'PD_5,PD_6': inf, 'PD_5,PD_7': inf, 'PD_5,PD_8': inf, 'PD_6,PD_7': inf, 'PD_6,PD_8': inf, 'PD_7,PD_8': inf}
  Computing metrics...
    RSI: {'PD_2,PD_3': 1.0, 'PD_2,PD_4': 1.0, 'PD_2,PD_5': 1.0, 'PD_2,PD_6': 1.0, 'PD_2,PD_7': 0.0, 'PD_2,PD_8': 0.0, 'PD_3,PD_4': 1.0, 'PD_3,PD_5': 1.0, 'PD_3,PD_6': 1.0, 'PD_3,PD_7': 0.0, 'PD_3,PD_8': 0.0, 'PD_4,PD_5': 1.0, 'PD_4,PD_6': 1.0, 'PD_4,PD_7': 0.0, 'PD_4,PD_8': 0.0, 'PD_5,PD_6': 1.0, 'PD_5,PD_7': 0.0, 'PD_5,PD_8': 0.0, 'PD_6,PD_7': 0.0, 'PD_6,PD_8': 0.0, 'PD_7,PD_8': 0.0}, ASR: 0.8571428571428571, TCB: {'PD_2': ['PD_4', 'PD_3', 'PD_5', 'PD_6'], 'PD_3': ['PD_2', 'PD_4', 'PD_5', 'PD_6'], 'PD_4': ['PD_2', 'PD_3', 'PD_5', 'PD_6'], 'PD_5': ['PD_2', 'PD_3', 'PD_4', 'PD_6'], 'PD_6': ['PD_2', 'PD_3', 'PD_4', 'PD_5'], 'PD_7': [], 'PD_8': []}, FR: {'PD_2,PD_3': inf, 'PD_2,PD_4': inf, 'PD_2,PD_5': inf, 'PD_2,PD_6': inf, 'PD_2,PD_7': inf, 'PD_2,PD_8': inf, 'PD_3,PD_4': inf, 'PD_3,PD_5': inf, 'PD_3,PD_6': inf, 'PD_3,PD_7': inf, 'PD_3,PD_8': inf, 'PD_4,PD_5': inf, 'PD_4,PD_6': inf, 'PD_4,PD_7': inf, 'PD_4,PD_8': inf, 'PD_5,PD_6': inf, 'PD_5,PD_7': inf, 'PD_5,PD_8': inf, 'PD_6,PD_7': inf, 'PD_6,PD_8': inf, 'PD_7,PD_8': inf}
  Computing metrics...
    RSI: {'PD_2,PD_3': 1.0, 'PD_2,PD_4': 1.0, 'PD_2,PD_5': 1.0, 'PD_2,PD_6': 1.0, 'PD_2,PD_7': 0.0, 'PD_2,PD_8': 0.0, 'PD_3,PD_4': 1.0, 'PD_3,PD_5': 1.0, 'PD_3,PD_6': 1.0, 'PD_3,PD_7': 0.0, 'PD_3,PD_8': 0.0, 'PD_4,PD_5': 1.0, 'PD_4,PD_6': 1.0, 'PD_4,PD_7': 0.0, 'PD_4,PD_8': 0.0, 'PD_5,PD_6': 1.0, 'PD_5,PD_7': 0.0, 'PD_5,PD_8': 0.0, 'PD_6,PD_7': 0.0, 'PD_6,PD_8': 0.0, 'PD_7,PD_8': 0.0}, ASR: 1.0, TCB: {'PD_2': ['PD_4', 'PD_3', 'PD_5', 'PD_6'], 'PD_3': ['PD_2', 'PD_4', 'PD_5', 'PD_6'], 'PD_4': ['PD_2', 'PD_3', 'PD_5', 'PD_6'], 'PD_5': ['PD_2', 'PD_3', 'PD_4', 'PD_6'], 'PD_6': ['PD_2', 'PD_3', 'PD_4', 'PD_5'], 'PD_7': ['PD_2'], 'PD_8': []}, FR: {'PD_2,PD_3': inf, 'PD_2,PD_4': inf, 'PD_2,PD_5': inf, 'PD_2,PD_6': inf, 'PD_2,PD_7': 3, 'PD_2,PD_8': inf, 'PD_3,PD_4': inf, 'PD_3,PD_5': inf, 'PD_3,PD_6': inf, 'PD_3,PD_7': inf, 'PD_3,PD_8': inf, 'PD_4,PD_5': inf, 'PD_4,PD_6': inf, 'PD_4,PD_7': inf, 'PD_4,PD_8': inf, 'PD_5,PD_6': inf, 'PD_5,PD_7': inf, 'PD_5,PD_8': inf, 'PD_6,PD_7': inf, 'PD_6,PD_8': inf, 'PD_7,PD_8': inf}
  Computing metrics...
    RSI: {'PD_2,PD_3': 1.0, 'PD_2,PD_4': 1.0, 'PD_2,PD_5': 1.0, 'PD_2,PD_6': 1.0, 'PD_2,PD_7': 0.0, 'PD_2,PD_8': 0.0, 'PD_3,PD_4': 1.0, 'PD_3,PD_5': 1.0, 'PD_3,PD_6': 1.0, 'PD_3,PD_7': 0.0, 'PD_3,PD_8': 0.0, 'PD_4,PD_5': 1.0, 'PD_4,PD_6': 1.0, 'PD_4,PD_7': 0.0, 'PD_4,PD_8': 0.0, 'PD_5,PD_6': 1.0, 'PD_5,PD_7': 0.0, 'PD_5,PD_8': 0.0, 'PD_6,PD_7': 0.0, 'PD_6,PD_8': 0.0, 'PD_7,PD_8': 0.0}, ASR: 0.8571428571428571, TCB: {'PD_2': ['PD_4', 'PD_3', 'PD_5', 'PD_6'], 'PD_3': ['PD_2', 'PD_4', 'PD_5', 'PD_6'], 'PD_4': ['PD_2', 'PD_3', 'PD_5', 'PD_6'], 'PD_5': ['PD_2', 'PD_3', 'PD_4', 'PD_6'], 'PD_6': ['PD_2', 'PD_3', 'PD_4', 'PD_5'], 'PD_7': [], 'PD_8': []}, FR: {'PD_2,PD_3': inf, 'PD_2,PD_4': inf, 'PD_2,PD_5': inf, 'PD_2,PD_6': inf, 'PD_2,PD_7': inf, 'PD_2,PD_8': inf, 'PD_3,PD_4': inf, 'PD_3,PD_5': inf, 'PD_3,PD_6': inf, 'PD_3,PD_7': inf, 'PD_3,PD_8': inf, 'PD_4,PD_5': inf, 'PD_4,PD_6': inf, 'PD_4,PD_7': inf, 'PD_4,PD_8': inf, 'PD_5,PD_6': inf, 'PD_5,PD_7': inf, 'PD_5,PD_8': inf, 'PD_6,PD_7': inf, 'PD_6,PD_8': inf, 'PD_7,PD_8': inf}
  Computing metrics...
    RSI: {'PD_2,PD_3': 1.0, 'PD_2,PD_4': 1.0, 'PD_2,PD_5': 1.0, 'PD_2,PD_6': 1.0, 'PD_2,PD_7': 0.0, 'PD_2,PD_8': 0.0, 'PD_3,PD_4': 1.0, 'PD_3,PD_5': 1.0, 'PD_3,PD_6': 1.0, 'PD_3,PD_7': 0.0, 'PD_3,PD_8': 0.0, 'PD_4,PD_5': 1.0, 'PD_4,PD_6': 1.0, 'PD_4,PD_7': 0.0, 'PD_4,PD_8': 0.0, 'PD_5,PD_6': 1.0, 'PD_5,PD_7': 0.0, 'PD_5,PD_8': 0.0, 'PD_6,PD_7': 0.0, 'PD_6,PD_8': 0.0, 'PD_7,PD_8': 0.0}, ASR: 1.0, TCB: {'PD_2': ['PD_4', 'PD_3', 'PD_5', 'PD_6'], 'PD_3': ['PD_2', 'PD_4', 'PD_5', 'PD_6'], 'PD_4': ['PD_2', 'PD_3', 'PD_5', 'PD_6'], 'PD_5': ['PD_2', 'PD_3', 'PD_4', 'PD_6'], 'PD_6': ['PD_2', 'PD_3', 'PD_4', 'PD_5'], 'PD_7': ['PD_3'], 'PD_8': []}, FR: {'PD_2,PD_3': inf, 'PD_2,PD_4': inf, 'PD_2,PD_5': inf, 'PD_2,PD_6': inf, 'PD_2,PD_7': inf, 'PD_2,PD_8': inf, 'PD_3,PD_4': inf, 'PD_3,PD_5': inf, 'PD_3,PD_6': inf, 'PD_3,PD_7': inf, 'PD_3,PD_8': inf, 'PD_4,PD_5': inf, 'PD_4,PD_6': inf, 'PD_4,PD_7': inf, 'PD_4,PD_8': inf, 'PD_5,PD_6': inf, 'PD_5,PD_7': inf, 'PD_5,PD_8': inf, 'PD_6,PD_7': inf, 'PD_6,PD_8': inf, 'PD_7,PD_8': inf}
  Computing metrics...
    RSI: {'PD_2,PD_3': 1.0, 'PD_2,PD_4': 1.0, 'PD_2,PD_5': 1.0, 'PD_2,PD_6': 1.0, 'PD_2,PD_7': 0.0, 'PD_2,PD_8': 0.0, 'PD_3,PD_4': 1.0, 'PD_3,PD_5': 1.0, 'PD_3,PD_6': 1.0, 'PD_3,PD_7': 0.0, 'PD_3,PD_8': 0.0, 'PD_4,PD_5': 1.0, 'PD_4,PD_6': 1.0, 'PD_4,PD_7': 0.0, 'PD_4,PD_8': 0.0, 'PD_5,PD_6': 1.0, 'PD_5,PD_7': 0.0, 'PD_5,PD_8': 0.0, 'PD_6,PD_7': 0.0, 'PD_6,PD_8': 0.0, 'PD_7,PD_8': 0.0}, ASR: 0.8571428571428571, TCB: {'PD_2': ['PD_4', 'PD_3', 'PD_5', 'PD_6'], 'PD_3': ['PD_2', 'PD_4', 'PD_5', 'PD_6'], 'PD_4': ['PD_2', 'PD_3', 'PD_5', 'PD_6'], 'PD_5': ['PD_2', 'PD_3', 'PD_4', 'PD_6'], 'PD_6': ['PD_2', 'PD_3', 'PD_4', 'PD_5'], 'PD_7': [], 'PD_8': []}, FR: {'PD_2,PD_3': inf, 'PD_2,PD_4': inf, 'PD_2,PD_5': inf, 'PD_2,PD_6': inf, 'PD_2,PD_7': inf, 'PD_2,PD_8': inf, 'PD_3,PD_4': inf, 'PD_3,PD_5': inf, 'PD_3,PD_6': inf, 'PD_3,PD_7': inf, 'PD_3,PD_8': inf, 'PD_4,PD_5': inf, 'PD_4,PD_6': inf, 'PD_4,PD_7': inf, 'PD_4,PD_8': inf, 'PD_5,PD_6': inf, 'PD_5,PD_7': inf, 'PD_5,PD_8': inf, 'PD_6,PD_7': inf, 'PD_6,PD_8': inf, 'PD_7,PD_8': inf}
  Computing metrics...
    RSI: {'PD_2,PD_3': 1.0, 'PD_2,PD_4': 1.0, 'PD_2,PD_5': 1.0, 'PD_2,PD_6': 1.0, 'PD_2,PD_7': 0.0, 'PD_2,PD_8': 0.0, 'PD_3,PD_4': 1.0, 'PD_3,PD_5': 1.0, 'PD_3,PD_6': 1.0, 'PD_3,PD_7': 0.0, 'PD_3,PD_8': 0.0, 'PD_4,PD_5': 1.0, 'PD_4,PD_6': 1.0, 'PD_4,PD_7': 0.0, 'PD_4,PD_8': 0.0, 'PD_5,PD_6': 1.0, 'PD_5,PD_7': 0.0, 'PD_5,PD_8': 0.0, 'PD_6,PD_7': 0.0, 'PD_6,PD_8': 0.0, 'PD_7,PD_8': 0.0}, ASR: 1.0, TCB: {'PD_2': ['PD_4', 'PD_3', 'PD_5', 'PD_6'], 'PD_3': ['PD_2', 'PD_4', 'PD_5', 'PD_6'], 'PD_4': ['PD_2', 'PD_3', 'PD_5', 'PD_6'], 'PD_5': ['PD_2', 'PD_3', 'PD_4', 'PD_6'], 'PD_6': ['PD_2', 'PD_3', 'PD_4', 'PD_5'], 'PD_7': ['PD_4'], 'PD_8': []}, FR: {'PD_2,PD_3': inf, 'PD_2,PD_4': inf, 'PD_2,PD_5': inf, 'PD_2,PD_6': inf, 'PD_2,PD_7': 2, 'PD_2,PD_8': inf, 'PD_3,PD_4': inf, 'PD_3,PD_5': inf, 'PD_3,PD_6': inf, 'PD_3,PD_7': inf, 'PD_3,PD_8': inf, 'PD_4,PD_5': inf, 'PD_4,PD_6': inf, 'PD_4,PD_7': inf, 'PD_4,PD_8': inf, 'PD_5,PD_6': inf, 'PD_5,PD_7': inf, 'PD_5,PD_8': inf, 'PD_6,PD_7': inf, 'PD_6,PD_8': inf, 'PD_7,PD_8': inf}
  Computing metrics...
    RSI: {'PD_2,PD_3': 1.0, 'PD_2,PD_4': 1.0, 'PD_2,PD_5': 1.0, 'PD_2,PD_6': 1.0, 'PD_2,PD_7': 0.0, 'PD_2,PD_8': 0.0, 'PD_3,PD_4': 1.0, 'PD_3,PD_5': 1.0, 'PD_3,PD_6': 1.0, 'PD_3,PD_7': 0.0, 'PD_3,PD_8': 0.0, 'PD_4,PD_5': 1.0, 'PD_4,PD_6': 1.0, 'PD_4,PD_7': 0.0, 'PD_4,PD_8': 0.0, 'PD_5,PD_6': 1.0, 'PD_5,PD_7': 0.0, 'PD_5,PD_8': 0.0, 'PD_6,PD_7': 0.0, 'PD_6,PD_8': 0.0, 'PD_7,PD_8': 0.0}, ASR: 0.8571428571428571, TCB: {'PD_2': ['PD_4', 'PD_3', 'PD_5', 'PD_6'], 'PD_3': ['PD_2', 'PD_4', 'PD_5', 'PD_6'], 'PD_4': ['PD_2', 'PD_3', 'PD_5', 'PD_6'], 'PD_5': ['PD_2', 'PD_3', 'PD_4', 'PD_6'], 'PD_6': ['PD_2', 'PD_3', 'PD_4', 'PD_5'], 'PD_7': [], 'PD_8': []}, FR: {'PD_2,PD_3': inf, 'PD_2,PD_4': inf, 'PD_2,PD_5': inf, 'PD_2,PD_6': inf, 'PD_2,PD_7': inf, 'PD_2,PD_8': inf, 'PD_3,PD_4': inf, 'PD_3,PD_5': inf, 'PD_3,PD_6': inf, 'PD_3,PD_7': inf, 'PD_3,PD_8': inf, 'PD_4,PD_5': inf, 'PD_4,PD_6': inf, 'PD_4,PD_7': inf, 'PD_4,PD_8': inf, 'PD_5,PD_6': inf, 'PD_5,PD_7': inf, 'PD_5,PD_8': inf, 'PD_6,PD_7': inf, 'PD_6,PD_8': inf, 'PD_7,PD_8': inf}
  Computing metrics...
    RSI: {'PD_2,PD_3': 1.0, 'PD_2,PD_4': 1.0, 'PD_2,PD_5': 1.0, 'PD_2,PD_6': 1.0, 'PD_2,PD_7': 0.0, 'PD_2,PD_8': 0.0, 'PD_3,PD_4': 1.0, 'PD_3,PD_5': 1.0, 'PD_3,PD_6': 1.0, 'PD_3,PD_7': 0.0, 'PD_3,PD_8': 0.0, 'PD_4,PD_5': 1.0, 'PD_4,PD_6': 1.0, 'PD_4,PD_7': 0.0, 'PD_4,PD_8': 0.0, 'PD_5,PD_6': 1.0, 'PD_5,PD_7': 0.0, 'PD_5,PD_8': 0.0, 'PD_6,PD_7': 0.0, 'PD_6,PD_8': 0.0, 'PD_7,PD_8': 0.0}, ASR: 1.0, TCB: {'PD_2': ['PD_4', 'PD_3', 'PD_5', 'PD_6'], 'PD_3': ['PD_2', 'PD_4', 'PD_5', 'PD_6'], 'PD_4': ['PD_2', 'PD_3', 'PD_5', 'PD_6'], 'PD_5': ['PD_2', 'PD_3', 'PD_4', 'PD_6'], 'PD_6': ['PD_2', 'PD_3', 'PD_4', 'PD_5'], 'PD_7': ['PD_5'], 'PD_8': []}, FR: {'PD_2,PD_3': inf, 'PD_2,PD_4': inf, 'PD_2,PD_5': inf, 'PD_2,PD_6': inf, 'PD_2,PD_7': inf, 'PD_2,PD_8': inf, 'PD_3,PD_4': inf, 'PD_3,PD_5': inf, 'PD_3,PD_6': inf, 'PD_3,PD_7': inf, 'PD_3,PD_8': inf, 'PD_4,PD_5': inf, 'PD_4,PD_6': inf, 'PD_4,PD_7': inf, 'PD_4,PD_8': inf, 'PD_5,PD_6': inf, 'PD_5,PD_7': inf, 'PD_5,PD_8': inf, 'PD_6,PD_7': inf, 'PD_6,PD_8': inf, 'PD_7,PD_8': inf}
  Computing metrics...
    RSI: {'PD_2,PD_3': 1.0, 'PD_2,PD_4': 1.0, 'PD_2,PD_5': 1.0, 'PD_2,PD_6': 1.0, 'PD_2,PD_7': 0.0, 'PD_2,PD_8': 0.0, 'PD_3,PD_4': 1.0, 'PD_3,PD_5': 1.0, 'PD_3,PD_6': 1.0, 'PD_3,PD_7': 0.0, 'PD_3,PD_8': 0.0, 'PD_4,PD_5': 1.0, 'PD_4,PD_6': 1.0, 'PD_4,PD_7': 0.0, 'PD_4,PD_8': 0.0, 'PD_5,PD_6': 1.0, 'PD_5,PD_7': 0.0, 'PD_5,PD_8': 0.0, 'PD_6,PD_7': 0.0, 'PD_6,PD_8': 0.0, 'PD_7,PD_8': 0.0}, ASR: 0.8571428571428571, TCB: {'PD_2': ['PD_4', 'PD_3', 'PD_5', 'PD_6'], 'PD_3': ['PD_2', 'PD_4', 'PD_5', 'PD_6'], 'PD_4': ['PD_2', 'PD_3', 'PD_5', 'PD_6'], 'PD_5': ['PD_2', 'PD_3', 'PD_4', 'PD_6'], 'PD_6': ['PD_2', 'PD_3', 'PD_4', 'PD_5'], 'PD_7': [], 'PD_8': []}, FR: {'PD_2,PD_3': inf, 'PD_2,PD_4': inf, 'PD_2,PD_5': inf, 'PD_2,PD_6': inf, 'PD_2,PD_7': inf, 'PD_2,PD_8': inf, 'PD_3,PD_4': inf, 'PD_3,PD_5': inf, 'PD_3,PD_6': inf, 'PD_3,PD_7': inf, 'PD_3,PD_8': inf, 'PD_4,PD_5': inf, 'PD_4,PD_6': inf, 'PD_4,PD_7': inf, 'PD_4,PD_8': inf, 'PD_5,PD_6': inf, 'PD_5,PD_7': inf, 'PD_5,PD_8': inf, 'PD_6,PD_7': inf, 'PD_6,PD_8': inf, 'PD_7,PD_8': inf}
  Computing metrics...
    RSI: {'PD_2,PD_3': 1.0, 'PD_2,PD_4': 1.0, 'PD_2,PD_5': 1.0, 'PD_2,PD_6': 1.0, 'PD_2,PD_7': 0.0, 'PD_2,PD_8': 0.0, 'PD_3,PD_4': 1.0, 'PD_3,PD_5': 1.0, 'PD_3,PD_6': 1.0, 'PD_3,PD_7': 0.0, 'PD_3,PD_8': 0.0, 'PD_4,PD_5': 1.0, 'PD_4,PD_6': 1.0, 'PD_4,PD_7': 0.0, 'PD_4,PD_8': 0.0, 'PD_5,PD_6': 1.0, 'PD_5,PD_7': 0.0, 'PD_5,PD_8': 0.0, 'PD_6,PD_7': 0.0, 'PD_6,PD_8': 0.0, 'PD_7,PD_8': 0.0}, ASR: 1.0, TCB: {'PD_2': ['PD_4', 'PD_3', 'PD_5', 'PD_6'], 'PD_3': ['PD_2', 'PD_4', 'PD_5', 'PD_6'], 'PD_4': ['PD_2', 'PD_3', 'PD_5', 'PD_6'], 'PD_5': ['PD_2', 'PD_3', 'PD_4', 'PD_6'], 'PD_6': ['PD_2', 'PD_3', 'PD_4', 'PD_5'], 'PD_7': ['PD_6'], 'PD_8': []}, FR: {'PD_2,PD_3': inf, 'PD_2,PD_4': inf, 'PD_2,PD_5': inf, 'PD_2,PD_6': inf, 'PD_2,PD_7': inf, 'PD_2,PD_8': inf, 'PD_3,PD_4': inf, 'PD_3,PD_5': inf, 'PD_3,PD_6': inf, 'PD_3,PD_7': inf, 'PD_3,PD_8': inf, 'PD_4,PD_5': inf, 'PD_4,PD_6': inf, 'PD_4,PD_7': inf, 'PD_4,PD_8': inf, 'PD_5,PD_6': inf, 'PD_5,PD_7': inf, 'PD_5,PD_8': inf, 'PD_6,PD_7': inf, 'PD_6,PD_8': inf, 'PD_7,PD_8': inf}
  Computing metrics...
    RSI: {'PD_2,PD_3': 1.0, 'PD_2,PD_4': 1.0, 'PD_2,PD_5': 1.0, 'PD_2,PD_6': 1.0, 'PD_2,PD_7': 0.0, 'PD_2,PD_8': 0.0, 'PD_3,PD_4': 1.0, 'PD_3,PD_5': 1.0, 'PD_3,PD_6': 1.0, 'PD_3,PD_7': 0.0, 'PD_3,PD_8': 0.0, 'PD_4,PD_5': 1.0, 'PD_4,PD_6': 1.0, 'PD_4,PD_7': 0.0, 'PD_4,PD_8': 0.0, 'PD_5,PD_6': 1.0, 'PD_5,PD_7': 0.0, 'PD_5,PD_8': 0.0, 'PD_6,PD_7': 0.0, 'PD_6,PD_8': 0.0, 'PD_7,PD_8': 0.0}, ASR: 0.8571428571428571, TCB: {'PD_2': ['PD_4', 'PD_3', 'PD_5', 'PD_6'], 'PD_3': ['PD_2', 'PD_4', 'PD_5', 'PD_6'], 'PD_4': ['PD_2', 'PD_3', 'PD_5', 'PD_6'], 'PD_5': ['PD_2', 'PD_3', 'PD_4', 'PD_6'], 'PD_6': ['PD_2', 'PD_3', 'PD_4', 'PD_5'], 'PD_7': [], 'PD_8': []}, FR: {'PD_2,PD_3': inf, 'PD_2,PD_4': inf, 'PD_2,PD_5': inf, 'PD_2,PD_6': inf, 'PD_2,PD_7': inf, 'PD_2,PD_8': inf, 'PD_3,PD_4': inf, 'PD_3,PD_5': inf, 'PD_3,PD_6': inf, 'PD_3,PD_7': inf, 'PD_3,PD_8': inf, 'PD_4,PD_5': inf, 'PD_4,PD_6': inf, 'PD_4,PD_7': inf, 'PD_4,PD_8': inf, 'PD_5,PD_6': inf, 'PD_5,PD_7': inf, 'PD_5,PD_8': inf, 'PD_6,PD_7': inf, 'PD_6,PD_8': inf, 'PD_7,PD_8': inf}
  Computing metrics...
    RSI: {'PD_2,PD_3': 1.0, 'PD_2,PD_4': 1.0, 'PD_2,PD_5': 1.0, 'PD_2,PD_6': 1.0, 'PD_2,PD_7': 0.0, 'PD_2,PD_8': 0.0, 'PD_3,PD_4': 1.0, 'PD_3,PD_5': 1.0, 'PD_3,PD_6': 1.0, 'PD_3,PD_7': 0.0, 'PD_3,PD_8': 0.0, 'PD_4,PD_5': 1.0, 'PD_4,PD_6': 1.0, 'PD_4,PD_7': 0.0, 'PD_4,PD_8': 0.0, 'PD_5,PD_6': 1.0, 'PD_5,PD_7': 0.0, 'PD_5,PD_8': 0.0, 'PD_6,PD_7': 0.0, 'PD_6,PD_8': 0.0, 'PD_7,PD_8': 0.0}, ASR: 1.0, TCB: {'PD_2': ['PD_4', 'PD_3', 'PD_5', 'PD_6'], 'PD_3': ['PD_2', 'PD_4', 'PD_5', 'PD_6'], 'PD_4': ['PD_2', 'PD_3', 'PD_5', 'PD_6'], 'PD_5': ['PD_2', 'PD_3', 'PD_4', 'PD_6'], 'PD_6': ['PD_2', 'PD_3', 'PD_4', 'PD_5'], 'PD_7': ['PD_8'], 'PD_8': []}, FR: {'PD_2,PD_3': inf, 'PD_2,PD_4': inf, 'PD_2,PD_5': inf, 'PD_2,PD_6': inf, 'PD_2,PD_7': inf, 'PD_2,PD_8': inf, 'PD_3,PD_4': inf, 'PD_3,PD_5': inf, 'PD_3,PD_6': inf, 'PD_3,PD_7': inf, 'PD_3,PD_8': inf, 'PD_4,PD_5': inf, 'PD_4,PD_6': inf, 'PD_4,PD_7': inf, 'PD_4,PD_8': inf, 'PD_5,PD_6': inf, 'PD_5,PD_7': inf, 'PD_5,PD_8': inf, 'PD_6,PD_7': inf, 'PD_6,PD_8': inf, 'PD_7,PD_8': inf}
  Computing metrics...
    RSI: {'PD_2,PD_3': 1.0, 'PD_2,PD_4': 1.0, 'PD_2,PD_5': 1.0, 'PD_2,PD_6': 1.0, 'PD_2,PD_7': 0.0, 'PD_2,PD_8': 0.0, 'PD_3,PD_4': 1.0, 'PD_3,PD_5': 1.0, 'PD_3,PD_6': 1.0, 'PD_3,PD_7': 0.0, 'PD_3,PD_8': 0.0, 'PD_4,PD_5': 1.0, 'PD_4,PD_6': 1.0, 'PD_4,PD_7': 0.0, 'PD_4,PD_8': 0.0, 'PD_5,PD_6': 1.0, 'PD_5,PD_7': 0.0, 'PD_5,PD_8': 0.0, 'PD_6,PD_7': 0.0, 'PD_6,PD_8': 0.0, 'PD_7,PD_8': 0.0}, ASR: 0.8571428571428571, TCB: {'PD_2': ['PD_4', 'PD_3', 'PD_5', 'PD_6'], 'PD_3': ['PD_2', 'PD_4', 'PD_5', 'PD_6'], 'PD_4': ['PD_2', 'PD_3', 'PD_5', 'PD_6'], 'PD_5': ['PD_2', 'PD_3', 'PD_4', 'PD_6'], 'PD_6': ['PD_2', 'PD_3', 'PD_4', 'PD_5'], 'PD_7': [], 'PD_8': []}, FR: {'PD_2,PD_3': inf, 'PD_2,PD_4': inf, 'PD_2,PD_5': inf, 'PD_2,PD_6': inf, 'PD_2,PD_7': inf, 'PD_2,PD_8': inf, 'PD_3,PD_4': inf, 'PD_3,PD_5': inf, 'PD_3,PD_6': inf, 'PD_3,PD_7': inf, 'PD_3,PD_8': inf, 'PD_4,PD_5': inf, 'PD_4,PD_6': inf, 'PD_4,PD_7': inf, 'PD_4,PD_8': inf, 'PD_5,PD_6': inf, 'PD_5,PD_7': inf, 'PD_5,PD_8': inf, 'PD_6,PD_7': inf, 'PD_6,PD_8': inf, 'PD_7,PD_8': inf}
  Computing metrics...
    RSI: {'PD_2,PD_3': 1.0, 'PD_2,PD_4': 1.0, 'PD_2,PD_5': 1.0, 'PD_2,PD_6': 1.0, 'PD_2,PD_7': 0.0, 'PD_2,PD_8': 0.0, 'PD_3,PD_4': 1.0, 'PD_3,PD_5': 1.0, 'PD_3,PD_6': 1.0, 'PD_3,PD_7': 0.0, 'PD_3,PD_8': 0.0, 'PD_4,PD_5': 1.0, 'PD_4,PD_6': 1.0, 'PD_4,PD_7': 0.0, 'PD_4,PD_8': 0.0, 'PD_5,PD_6': 1.0, 'PD_5,PD_7': 0.0, 'PD_5,PD_8': 0.0, 'PD_6,PD_7': 0.0, 'PD_6,PD_8': 0.0, 'PD_7,PD_8': 0.0}, ASR: 1.0, TCB: {'PD_2': ['PD_4', 'PD_3', 'PD_5', 'PD_6'], 'PD_3': ['PD_2', 'PD_4', 'PD_5', 'PD_6'], 'PD_4': ['PD_2', 'PD_3', 'PD_5', 'PD_6'], 'PD_5': ['PD_2', 'PD_3', 'PD_4', 'PD_6'], 'PD_6': ['PD_2', 'PD_3', 'PD_4', 'PD_5'], 'PD_7': [], 'PD_8': ['PD_2']}, FR: {'PD_2,PD_3': inf, 'PD_2,PD_4': inf, 'PD_2,PD_5': inf, 'PD_2,PD_6': inf, 'PD_2,PD_7': inf, 'PD_2,PD_8': 3, 'PD_3,PD_4': inf, 'PD_3,PD_5': inf, 'PD_3,PD_6': inf, 'PD_3,PD_7': inf, 'PD_3,PD_8': inf, 'PD_4,PD_5': inf, 'PD_4,PD_6': inf, 'PD_4,PD_7': inf, 'PD_4,PD_8': inf, 'PD_5,PD_6': inf, 'PD_5,PD_7': inf, 'PD_5,PD_8': inf, 'PD_6,PD_7': inf, 'PD_6,PD_8': inf, 'PD_7,PD_8': inf}
  Computing metrics...
    RSI: {'PD_2,PD_3': 1.0, 'PD_2,PD_4': 1.0, 'PD_2,PD_5': 1.0, 'PD_2,PD_6': 1.0, 'PD_2,PD_7': 0.0, 'PD_2,PD_8': 0.0, 'PD_3,PD_4': 1.0, 'PD_3,PD_5': 1.0, 'PD_3,PD_6': 1.0, 'PD_3,PD_7': 0.0, 'PD_3,PD_8': 0.0, 'PD_4,PD_5': 1.0, 'PD_4,PD_6': 1.0, 'PD_4,PD_7': 0.0, 'PD_4,PD_8': 0.0, 'PD_5,PD_6': 1.0, 'PD_5,PD_7': 0.0, 'PD_5,PD_8': 0.0, 'PD_6,PD_7': 0.0, 'PD_6,PD_8': 0.0, 'PD_7,PD_8': 0.0}, ASR: 0.8571428571428571, TCB: {'PD_2': ['PD_4', 'PD_3', 'PD_5', 'PD_6'], 'PD_3': ['PD_2', 'PD_4', 'PD_5', 'PD_6'], 'PD_4': ['PD_2', 'PD_3', 'PD_5', 'PD_6'], 'PD_5': ['PD_2', 'PD_3', 'PD_4', 'PD_6'], 'PD_6': ['PD_2', 'PD_3', 'PD_4', 'PD_5'], 'PD_7': [], 'PD_8': []}, FR: {'PD_2,PD_3': inf, 'PD_2,PD_4': inf, 'PD_2,PD_5': inf, 'PD_2,PD_6': inf, 'PD_2,PD_7': inf, 'PD_2,PD_8': inf, 'PD_3,PD_4': inf, 'PD_3,PD_5': inf, 'PD_3,PD_6': inf, 'PD_3,PD_7': inf, 'PD_3,PD_8': inf, 'PD_4,PD_5': inf, 'PD_4,PD_6': inf, 'PD_4,PD_7': inf, 'PD_4,PD_8': inf, 'PD_5,PD_6': inf, 'PD_5,PD_7': inf, 'PD_5,PD_8': inf, 'PD_6,PD_7': inf, 'PD_6,PD_8': inf, 'PD_7,PD_8': inf}
  Computing metrics...
    RSI: {'PD_2,PD_3': 1.0, 'PD_2,PD_4': 1.0, 'PD_2,PD_5': 1.0, 'PD_2,PD_6': 1.0, 'PD_2,PD_7': 0.0, 'PD_2,PD_8': 0.0, 'PD_3,PD_4': 1.0, 'PD_3,PD_5': 1.0, 'PD_3,PD_6': 1.0, 'PD_3,PD_7': 0.0, 'PD_3,PD_8': 0.0, 'PD_4,PD_5': 1.0, 'PD_4,PD_6': 1.0, 'PD_4,PD_7': 0.0, 'PD_4,PD_8': 0.0, 'PD_5,PD_6': 1.0, 'PD_5,PD_7': 0.0, 'PD_5,PD_8': 0.0, 'PD_6,PD_7': 0.0, 'PD_6,PD_8': 0.0, 'PD_7,PD_8': 0.0}, ASR: 1.0, TCB: {'PD_2': ['PD_4', 'PD_3', 'PD_5', 'PD_6'], 'PD_3': ['PD_2', 'PD_4', 'PD_5', 'PD_6'], 'PD_4': ['PD_2', 'PD_3', 'PD_5', 'PD_6'], 'PD_5': ['PD_2', 'PD_3', 'PD_4', 'PD_6'], 'PD_6': ['PD_2', 'PD_3', 'PD_4', 'PD_5'], 'PD_7': [], 'PD_8': ['PD_3']}, FR: {'PD_2,PD_3': inf, 'PD_2,PD_4': inf, 'PD_2,PD_5': inf, 'PD_2,PD_6': inf, 'PD_2,PD_7': inf, 'PD_2,PD_8': inf, 'PD_3,PD_4': inf, 'PD_3,PD_5': inf, 'PD_3,PD_6': inf, 'PD_3,PD_7': inf, 'PD_3,PD_8': inf, 'PD_4,PD_5': inf, 'PD_4,PD_6': inf, 'PD_4,PD_7': inf, 'PD_4,PD_8': inf, 'PD_5,PD_6': inf, 'PD_5,PD_7': inf, 'PD_5,PD_8': inf, 'PD_6,PD_7': inf, 'PD_6,PD_8': inf, 'PD_7,PD_8': inf}
  Computing metrics...
    RSI: {'PD_2,PD_3': 1.0, 'PD_2,PD_4': 1.0, 'PD_2,PD_5': 1.0, 'PD_2,PD_6': 1.0, 'PD_2,PD_7': 0.0, 'PD_2,PD_8': 0.0, 'PD_3,PD_4': 1.0, 'PD_3,PD_5': 1.0, 'PD_3,PD_6': 1.0, 'PD_3,PD_7': 0.0, 'PD_3,PD_8': 0.0, 'PD_4,PD_5': 1.0, 'PD_4,PD_6': 1.0, 'PD_4,PD_7': 0.0, 'PD_4,PD_8': 0.0, 'PD_5,PD_6': 1.0, 'PD_5,PD_7': 0.0, 'PD_5,PD_8': 0.0, 'PD_6,PD_7': 0.0, 'PD_6,PD_8': 0.0, 'PD_7,PD_8': 0.0}, ASR: 0.8571428571428571, TCB: {'PD_2': ['PD_4', 'PD_3', 'PD_5', 'PD_6'], 'PD_3': ['PD_2', 'PD_4', 'PD_5', 'PD_6'], 'PD_4': ['PD_2', 'PD_3', 'PD_5', 'PD_6'], 'PD_5': ['PD_2', 'PD_3', 'PD_4', 'PD_6'], 'PD_6': ['PD_2', 'PD_3', 'PD_4', 'PD_5'], 'PD_7': [], 'PD_8': []}, FR: {'PD_2,PD_3': inf, 'PD_2,PD_4': inf, 'PD_2,PD_5': inf, 'PD_2,PD_6': inf, 'PD_2,PD_7': inf, 'PD_2,PD_8': inf, 'PD_3,PD_4': inf, 'PD_3,PD_5': inf, 'PD_3,PD_6': inf, 'PD_3,PD_7': inf, 'PD_3,PD_8': inf, 'PD_4,PD_5': inf, 'PD_4,PD_6': inf, 'PD_4,PD_7': inf, 'PD_4,PD_8': inf, 'PD_5,PD_6': inf, 'PD_5,PD_7': inf, 'PD_5,PD_8': inf, 'PD_6,PD_7': inf, 'PD_6,PD_8': inf, 'PD_7,PD_8': inf}
  Computing metrics...
    RSI: {'PD_2,PD_3': 1.0, 'PD_2,PD_4': 1.0, 'PD_2,PD_5': 1.0, 'PD_2,PD_6': 1.0, 'PD_2,PD_7': 0.0, 'PD_2,PD_8': 0.0, 'PD_3,PD_4': 1.0, 'PD_3,PD_5': 1.0, 'PD_3,PD_6': 1.0, 'PD_3,PD_7': 0.0, 'PD_3,PD_8': 0.0, 'PD_4,PD_5': 1.0, 'PD_4,PD_6': 1.0, 'PD_4,PD_7': 0.0, 'PD_4,PD_8': 0.0, 'PD_5,PD_6': 1.0, 'PD_5,PD_7': 0.0, 'PD_5,PD_8': 0.0, 'PD_6,PD_7': 0.0, 'PD_6,PD_8': 0.0, 'PD_7,PD_8': 0.0}, ASR: 1.0, TCB: {'PD_2': ['PD_4', 'PD_3', 'PD_5', 'PD_6'], 'PD_3': ['PD_2', 'PD_4', 'PD_5', 'PD_6'], 'PD_4': ['PD_2', 'PD_3', 'PD_5', 'PD_6'], 'PD_5': ['PD_2', 'PD_3', 'PD_4', 'PD_6'], 'PD_6': ['PD_2', 'PD_3', 'PD_4', 'PD_5'], 'PD_7': [], 'PD_8': ['PD_4']}, FR: {'PD_2,PD_3': inf, 'PD_2,PD_4': inf, 'PD_2,PD_5': inf, 'PD_2,PD_6': inf, 'PD_2,PD_7': inf, 'PD_2,PD_8': 2, 'PD_3,PD_4': inf, 'PD_3,PD_5': inf, 'PD_3,PD_6': inf, 'PD_3,PD_7': inf, 'PD_3,PD_8': inf, 'PD_4,PD_5': inf, 'PD_4,PD_6': inf, 'PD_4,PD_7': inf, 'PD_4,PD_8': inf, 'PD_5,PD_6': inf, 'PD_5,PD_7': inf, 'PD_5,PD_8': inf, 'PD_6,PD_7': inf, 'PD_6,PD_8': inf, 'PD_7,PD_8': inf}
  Computing metrics...
    RSI: {'PD_2,PD_3': 1.0, 'PD_2,PD_4': 1.0, 'PD_2,PD_5': 1.0, 'PD_2,PD_6': 1.0, 'PD_2,PD_7': 0.0, 'PD_2,PD_8': 0.0, 'PD_3,PD_4': 1.0, 'PD_3,PD_5': 1.0, 'PD_3,PD_6': 1.0, 'PD_3,PD_7': 0.0, 'PD_3,PD_8': 0.0, 'PD_4,PD_5': 1.0, 'PD_4,PD_6': 1.0, 'PD_4,PD_7': 0.0, 'PD_4,PD_8': 0.0, 'PD_5,PD_6': 1.0, 'PD_5,PD_7': 0.0, 'PD_5,PD_8': 0.0, 'PD_6,PD_7': 0.0, 'PD_6,PD_8': 0.0, 'PD_7,PD_8': 0.0}, ASR: 0.8571428571428571, TCB: {'PD_2': ['PD_4', 'PD_3', 'PD_5', 'PD_6'], 'PD_3': ['PD_2', 'PD_4', 'PD_5', 'PD_6'], 'PD_4': ['PD_2', 'PD_3', 'PD_5', 'PD_6'], 'PD_5': ['PD_2', 'PD_3', 'PD_4', 'PD_6'], 'PD_6': ['PD_2', 'PD_3', 'PD_4', 'PD_5'], 'PD_7': [], 'PD_8': []}, FR: {'PD_2,PD_3': inf, 'PD_2,PD_4': inf, 'PD_2,PD_5': inf, 'PD_2,PD_6': inf, 'PD_2,PD_7': inf, 'PD_2,PD_8': inf, 'PD_3,PD_4': inf, 'PD_3,PD_5': inf, 'PD_3,PD_6': inf, 'PD_3,PD_7': inf, 'PD_3,PD_8': inf, 'PD_4,PD_5': inf, 'PD_4,PD_6': inf, 'PD_4,PD_7': inf, 'PD_4,PD_8': inf, 'PD_5,PD_6': inf, 'PD_5,PD_7': inf, 'PD_5,PD_8': inf, 'PD_6,PD_7': inf, 'PD_6,PD_8': inf, 'PD_7,PD_8': inf}
  Computing metrics...
    RSI: {'PD_2,PD_3': 1.0, 'PD_2,PD_4': 1.0, 'PD_2,PD_5': 1.0, 'PD_2,PD_6': 1.0, 'PD_2,PD_7': 0.0, 'PD_2,PD_8': 0.0, 'PD_3,PD_4': 1.0, 'PD_3,PD_5': 1.0, 'PD_3,PD_6': 1.0, 'PD_3,PD_7': 0.0, 'PD_3,PD_8': 0.0, 'PD_4,PD_5': 1.0, 'PD_4,PD_6': 1.0, 'PD_4,PD_7': 0.0, 'PD_4,PD_8': 0.0, 'PD_5,PD_6': 1.0, 'PD_5,PD_7': 0.0, 'PD_5,PD_8': 0.0, 'PD_6,PD_7': 0.0, 'PD_6,PD_8': 0.0, 'PD_7,PD_8': 0.0}, ASR: 1.0, TCB: {'PD_2': ['PD_4', 'PD_3', 'PD_5', 'PD_6'], 'PD_3': ['PD_2', 'PD_4', 'PD_5', 'PD_6'], 'PD_4': ['PD_2', 'PD_3', 'PD_5', 'PD_6'], 'PD_5': ['PD_2', 'PD_3', 'PD_4', 'PD_6'], 'PD_6': ['PD_2', 'PD_3', 'PD_4', 'PD_5'], 'PD_7': [], 'PD_8': ['PD_5']}, FR: {'PD_2,PD_3': inf, 'PD_2,PD_4': inf, 'PD_2,PD_5': inf, 'PD_2,PD_6': inf, 'PD_2,PD_7': inf, 'PD_2,PD_8': inf, 'PD_3,PD_4': inf, 'PD_3,PD_5': inf, 'PD_3,PD_6': inf, 'PD_3,PD_7': inf, 'PD_3,PD_8': inf, 'PD_4,PD_5': inf, 'PD_4,PD_6': inf, 'PD_4,PD_7': inf, 'PD_4,PD_8': inf, 'PD_5,PD_6': inf, 'PD_5,PD_7': inf, 'PD_5,PD_8': inf, 'PD_6,PD_7': inf, 'PD_6,PD_8': inf, 'PD_7,PD_8': inf}
  Computing metrics...
    RSI: {'PD_2,PD_3': 1.0, 'PD_2,PD_4': 1.0, 'PD_2,PD_5': 1.0, 'PD_2,PD_6': 1.0, 'PD_2,PD_7': 0.0, 'PD_2,PD_8': 0.0, 'PD_3,PD_4': 1.0, 'PD_3,PD_5': 1.0, 'PD_3,PD_6': 1.0, 'PD_3,PD_7': 0.0, 'PD_3,PD_8': 0.0, 'PD_4,PD_5': 1.0, 'PD_4,PD_6': 1.0, 'PD_4,PD_7': 0.0, 'PD_4,PD_8': 0.0, 'PD_5,PD_6': 1.0, 'PD_5,PD_7': 0.0, 'PD_5,PD_8': 0.0, 'PD_6,PD_7': 0.0, 'PD_6,PD_8': 0.0, 'PD_7,PD_8': 0.0}, ASR: 0.8571428571428571, TCB: {'PD_2': ['PD_4', 'PD_3', 'PD_5', 'PD_6'], 'PD_3': ['PD_2', 'PD_4', 'PD_5', 'PD_6'], 'PD_4': ['PD_2', 'PD_3', 'PD_5', 'PD_6'], 'PD_5': ['PD_2', 'PD_3', 'PD_4', 'PD_6'], 'PD_6': ['PD_2', 'PD_3', 'PD_4', 'PD_5'], 'PD_7': [], 'PD_8': []}, FR: {'PD_2,PD_3': inf, 'PD_2,PD_4': inf, 'PD_2,PD_5': inf, 'PD_2,PD_6': inf, 'PD_2,PD_7': inf, 'PD_2,PD_8': inf, 'PD_3,PD_4': inf, 'PD_3,PD_5': inf, 'PD_3,PD_6': inf, 'PD_3,PD_7': inf, 'PD_3,PD_8': inf, 'PD_4,PD_5': inf, 'PD_4,PD_6': inf, 'PD_4,PD_7': inf, 'PD_4,PD_8': inf, 'PD_5,PD_6': inf, 'PD_5,PD_7': inf, 'PD_5,PD_8': inf, 'PD_6,PD_7': inf, 'PD_6,PD_8': inf, 'PD_7,PD_8': inf}
  Computing metrics...
    RSI: {'PD_2,PD_3': 1.0, 'PD_2,PD_4': 1.0, 'PD_2,PD_5': 1.0, 'PD_2,PD_6': 1.0, 'PD_2,PD_7': 0.0, 'PD_2,PD_8': 0.0, 'PD_3,PD_4': 1.0, 'PD_3,PD_5': 1.0, 'PD_3,PD_6': 1.0, 'PD_3,PD_7': 0.0, 'PD_3,PD_8': 0.0, 'PD_4,PD_5': 1.0, 'PD_4,PD_6': 1.0, 'PD_4,PD_7': 0.0, 'PD_4,PD_8': 0.0, 'PD_5,PD_6': 1.0, 'PD_5,PD_7': 0.0, 'PD_5,PD_8': 0.0, 'PD_6,PD_7': 0.0, 'PD_6,PD_8': 0.0, 'PD_7,PD_8': 0.0}, ASR: 1.0, TCB: {'PD_2': ['PD_4', 'PD_3', 'PD_5', 'PD_6'], 'PD_3': ['PD_2', 'PD_4', 'PD_5', 'PD_6'], 'PD_4': ['PD_2', 'PD_3', 'PD_5', 'PD_6'], 'PD_5': ['PD_2', 'PD_3', 'PD_4', 'PD_6'], 'PD_6': ['PD_2', 'PD_3', 'PD_4', 'PD_5'], 'PD_7': [], 'PD_8': ['PD_6']}, FR: {'PD_2,PD_3': inf, 'PD_2,PD_4': inf, 'PD_2,PD_5': inf, 'PD_2,PD_6': inf, 'PD_2,PD_7': inf, 'PD_2,PD_8': inf, 'PD_3,PD_4': inf, 'PD_3,PD_5': inf, 'PD_3,PD_6': inf, 'PD_3,PD_7': inf, 'PD_3,PD_8': inf, 'PD_4,PD_5': inf, 'PD_4,PD_6': inf, 'PD_4,PD_7': inf, 'PD_4,PD_8': inf, 'PD_5,PD_6': inf, 'PD_5,PD_7': inf, 'PD_5,PD_8': inf, 'PD_6,PD_7': inf, 'PD_6,PD_8': inf, 'PD_7,PD_8': inf}
  Computing metrics...
    RSI: {'PD_2,PD_3': 1.0, 'PD_2,PD_4': 1.0, 'PD_2,PD_5': 1.0, 'PD_2,PD_6': 1.0, 'PD_2,PD_7': 0.0, 'PD_2,PD_8': 0.0, 'PD_3,PD_4': 1.0, 'PD_3,PD_5': 1.0, 'PD_3,PD_6': 1.0, 'PD_3,PD_7': 0.0, 'PD_3,PD_8': 0.0, 'PD_4,PD_5': 1.0, 'PD_4,PD_6': 1.0, 'PD_4,PD_7': 0.0, 'PD_4,PD_8': 0.0, 'PD_5,PD_6': 1.0, 'PD_5,PD_7': 0.0, 'PD_5,PD_8': 0.0, 'PD_6,PD_7': 0.0, 'PD_6,PD_8': 0.0, 'PD_7,PD_8': 0.0}, ASR: 0.8571428571428571, TCB: {'PD_2': ['PD_4', 'PD_3', 'PD_5', 'PD_6'], 'PD_3': ['PD_2', 'PD_4', 'PD_5', 'PD_6'], 'PD_4': ['PD_2', 'PD_3', 'PD_5', 'PD_6'], 'PD_5': ['PD_2', 'PD_3', 'PD_4', 'PD_6'], 'PD_6': ['PD_2', 'PD_3', 'PD_4', 'PD_5'], 'PD_7': [], 'PD_8': []}, FR: {'PD_2,PD_3': inf, 'PD_2,PD_4': inf, 'PD_2,PD_5': inf, 'PD_2,PD_6': inf, 'PD_2,PD_7': inf, 'PD_2,PD_8': inf, 'PD_3,PD_4': inf, 'PD_3,PD_5': inf, 'PD_3,PD_6': inf, 'PD_3,PD_7': inf, 'PD_3,PD_8': inf, 'PD_4,PD_5': inf, 'PD_4,PD_6': inf, 'PD_4,PD_7': inf, 'PD_4,PD_8': inf, 'PD_5,PD_6': inf, 'PD_5,PD_7': inf, 'PD_5,PD_8': inf, 'PD_6,PD_7': inf, 'PD_6,PD_8': inf, 'PD_7,PD_8': inf}
  Computing metrics...
    RSI: {'PD_2,PD_3': 1.0, 'PD_2,PD_4': 1.0, 'PD_2,PD_5': 1.0, 'PD_2,PD_6': 1.0, 'PD_2,PD_7': 0.0, 'PD_2,PD_8': 0.0, 'PD_3,PD_4': 1.0, 'PD_3,PD_5': 1.0, 'PD_3,PD_6': 1.0, 'PD_3,PD_7': 0.0, 'PD_3,PD_8': 0.0, 'PD_4,PD_5': 1.0, 'PD_4,PD_6': 1.0, 'PD_4,PD_7': 0.0, 'PD_4,PD_8': 0.0, 'PD_5,PD_6': 1.0, 'PD_5,PD_7': 0.0, 'PD_5,PD_8': 0.0, 'PD_6,PD_7': 0.0, 'PD_6,PD_8': 0.0, 'PD_7,PD_8': 0.0}, ASR: 1.0, TCB: {'PD_2': ['PD_4', 'PD_3', 'PD_5', 'PD_6'], 'PD_3': ['PD_2', 'PD_4', 'PD_5', 'PD_6'], 'PD_4': ['PD_2', 'PD_3', 'PD_5', 'PD_6'], 'PD_5': ['PD_2', 'PD_3', 'PD_4', 'PD_6'], 'PD_6': ['PD_2', 'PD_3', 'PD_4', 'PD_5'], 'PD_7': [], 'PD_8': ['PD_7']}, FR: {'PD_2,PD_3': inf, 'PD_2,PD_4': inf, 'PD_2,PD_5': inf, 'PD_2,PD_6': inf, 'PD_2,PD_7': inf, 'PD_2,PD_8': inf, 'PD_3,PD_4': inf, 'PD_3,PD_5': inf, 'PD_3,PD_6': inf, 'PD_3,PD_7': inf, 'PD_3,PD_8': inf, 'PD_4,PD_5': inf, 'PD_4,PD_6': inf, 'PD_4,PD_7': inf, 'PD_4,PD_8': inf, 'PD_5,PD_6': inf, 'PD_5,PD_7': inf, 'PD_5,PD_8': inf, 'PD_6,PD_7': inf, 'PD_6,PD_8': inf, 'PD_7,PD_8': inf}
  Computing metrics...
    RSI: {'PD_2,PD_3': 1.0, 'PD_2,PD_4': 1.0, 'PD_2,PD_5': 1.0, 'PD_2,PD_6': 1.0, 'PD_2,PD_7': 0.0, 'PD_2,PD_8': 0.0, 'PD_3,PD_4': 1.0, 'PD_3,PD_5': 1.0, 'PD_3,PD_6': 1.0, 'PD_3,PD_7': 0.0, 'PD_3,PD_8': 0.0, 'PD_4,PD_5': 1.0, 'PD_4,PD_6': 1.0, 'PD_4,PD_7': 0.0, 'PD_4,PD_8': 0.0, 'PD_5,PD_6': 1.0, 'PD_5,PD_7': 0.0, 'PD_5,PD_8': 0.0, 'PD_6,PD_7': 0.0, 'PD_6,PD_8': 0.0, 'PD_7,PD_8': 0.0}, ASR: 0.8571428571428571, TCB: {'PD_2': ['PD_4', 'PD_3', 'PD_5', 'PD_6'], 'PD_3': ['PD_2', 'PD_4', 'PD_5', 'PD_6'], 'PD_4': ['PD_2', 'PD_3', 'PD_5', 'PD_6'], 'PD_5': ['PD_2', 'PD_3', 'PD_4', 'PD_6'], 'PD_6': ['PD_2', 'PD_3', 'PD_4', 'PD_5'], 'PD_7': [], 'PD_8': []}, FR: {'PD_2,PD_3': inf, 'PD_2,PD_4': inf, 'PD_2,PD_5': inf, 'PD_2,PD_6': inf, 'PD_2,PD_7': inf, 'PD_2,PD_8': inf, 'PD_3,PD_4': inf, 'PD_3,PD_5': inf, 'PD_3,PD_6': inf, 'PD_3,PD_7': inf, 'PD_3,PD_8': inf, 'PD_4,PD_5': inf, 'PD_4,PD_6': inf, 'PD_4,PD_7': inf, 'PD_4,PD_8': inf, 'PD_5,PD_6': inf, 'PD_5,PD_7': inf, 'PD_5,PD_8': inf, 'PD_6,PD_7': inf, 'PD_6,PD_8': inf, 'PD_7,PD_8': inf}
  Computing metrics...
    RSI: {'PD_2,PD_3': 1.0, 'PD_2,PD_4': 1.0, 'PD_2,PD_5': 1.0, 'PD_2,PD_6': 1.0, 'PD_2,PD_7': 0.0, 'PD_2,PD_8': 0.0, 'PD_3,PD_4': 1.0, 'PD_3,PD_5': 1.0, 'PD_3,PD_6': 1.0, 'PD_3,PD_7': 0.0, 'PD_3,PD_8': 0.0, 'PD_4,PD_5': 1.0, 'PD_4,PD_6': 1.0, 'PD_4,PD_7': 0.0, 'PD_4,PD_8': 0.0, 'PD_5,PD_6': 1.0, 'PD_5,PD_7': 0.0, 'PD_5,PD_8': 0.0, 'PD_6,PD_7': 0.0, 'PD_6,PD_8': 0.0, 'PD_7,PD_8': 0.0}, ASR: 0.8571428571428571, TCB: {'PD_2': ['PD_4', 'PD_3', 'PD_5', 'PD_6'], 'PD_3': ['PD_2', 'PD_4', 'PD_5', 'PD_6'], 'PD_4': ['PD_2', 'PD_3', 'PD_5', 'PD_6'], 'PD_5': ['PD_2', 'PD_3', 'PD_4', 'PD_6'], 'PD_6': ['PD_2', 'PD_3', 'PD_4', 'PD_5'], 'PD_7': [], 'PD_8': []}, FR: {'PD_2,PD_3': inf, 'PD_2,PD_4': inf, 'PD_2,PD_5': inf, 'PD_2,PD_6': inf, 'PD_2,PD_7': inf, 'PD_2,PD_8': inf, 'PD_3,PD_4': inf, 'PD_3,PD_5': inf, 'PD_3,PD_6': inf, 'PD_3,PD_7': inf, 'PD_3,PD_8': inf, 'PD_4,PD_5': inf, 'PD_4,PD_6': inf, 'PD_4,PD_7': inf, 'PD_4,PD_8': inf, 'PD_5,PD_6': inf, 'PD_5,PD_7': inf, 'PD_5,PD_8': inf, 'PD_6,PD_7': inf, 'PD_6,PD_8': inf, 'PD_7,PD_8': inf}
  Computing metrics...
    RSI: {'PD_2,PD_3': 1.0, 'PD_2,PD_4': 1.0, 'PD_2,PD_5': 1.0, 'PD_2,PD_6': 1.0, 'PD_2,PD_7': 0.0, 'PD_2,PD_8': 0.0, 'PD_3,PD_4': 1.0, 'PD_3,PD_5': 1.0, 'PD_3,PD_6': 1.0, 'PD_3,PD_7': 0.0, 'PD_3,PD_8': 0.0, 'PD_4,PD_5': 1.0, 'PD_4,PD_6': 1.0, 'PD_4,PD_7': 0.0, 'PD_4,PD_8': 0.0, 'PD_5,PD_6': 1.0, 'PD_5,PD_7': 0.0, 'PD_5,PD_8': 0.0, 'PD_6,PD_7': 0.0, 'PD_6,PD_8': 0.0, 'PD_7,PD_8': 0.0}, ASR: 0.8571428571428571, TCB: {'PD_2': ['PD_4', 'PD_3', 'PD_5', 'PD_6'], 'PD_3': ['PD_2', 'PD_4', 'PD_5', 'PD_6'], 'PD_4': ['PD_2', 'PD_3', 'PD_5', 'PD_6'], 'PD_5': ['PD_2', 'PD_3', 'PD_4', 'PD_6'], 'PD_6': ['PD_2', 'PD_3', 'PD_4', 'PD_5'], 'PD_7': [], 'PD_8': []}, FR: {'PD_2,PD_3': inf, 'PD_2,PD_4': inf, 'PD_2,PD_5': inf, 'PD_2,PD_6': inf, 'PD_2,PD_7': inf, 'PD_2,PD_8': inf, 'PD_3,PD_4': inf, 'PD_3,PD_5': inf, 'PD_3,PD_6': inf, 'PD_3,PD_7': inf, 'PD_3,PD_8': inf, 'PD_4,PD_5': inf, 'PD_4,PD_6': inf, 'PD_4,PD_7': inf, 'PD_4,PD_8': inf, 'PD_5,PD_6': inf, 'PD_5,PD_7': inf, 'PD_5,PD_8': inf, 'PD_6,PD_7': inf, 'PD_6,PD_8': inf, 'PD_7,PD_8': inf}
  Computing metrics...
    RSI: {'PD_2,PD_3': 1.0, 'PD_2,PD_4': 1.0, 'PD_2,PD_5': 1.0, 'PD_2,PD_6': 1.0, 'PD_2,PD_7': 0.0, 'PD_2,PD_8': 0.0, 'PD_3,PD_4': 1.0, 'PD_3,PD_5': 1.0, 'PD_3,PD_6': 1.0, 'PD_3,PD_7': 0.0, 'PD_3,PD_8': 0.0, 'PD_4,PD_5': 1.0, 'PD_4,PD_6': 1.0, 'PD_4,PD_7': 0.0, 'PD_4,PD_8': 0.0, 'PD_5,PD_6': 1.0, 'PD_5,PD_7': 0.0, 'PD_5,PD_8': 0.0, 'PD_6,PD_7': 0.0, 'PD_6,PD_8': 0.0, 'PD_7,PD_8': 0.0}, ASR: 0.8571428571428571, TCB: {'PD_2': ['PD_4', 'PD_3', 'PD_5', 'PD_6'], 'PD_3': ['PD_2', 'PD_4', 'PD_5', 'PD_6'], 'PD_4': ['PD_2', 'PD_3', 'PD_5', 'PD_6'], 'PD_5': ['PD_2', 'PD_3', 'PD_4', 'PD_6'], 'PD_6': ['PD_2', 'PD_3', 'PD_4', 'PD_5'], 'PD_7': [], 'PD_8': []}, FR: {'PD_2,PD_3': inf, 'PD_2,PD_4': inf, 'PD_2,PD_5': inf, 'PD_2,PD_6': inf, 'PD_2,PD_7': inf, 'PD_2,PD_8': inf, 'PD_3,PD_4': inf, 'PD_3,PD_5': inf, 'PD_3,PD_6': inf, 'PD_3,PD_7': inf, 'PD_3,PD_8': inf, 'PD_4,PD_5': inf, 'PD_4,PD_6': inf, 'PD_4,PD_7': inf, 'PD_4,PD_8': inf, 'PD_5,PD_6': inf, 'PD_5,PD_7': inf, 'PD_5,PD_8': inf, 'PD_6,PD_7': inf, 'PD_6,PD_8': inf, 'PD_7,PD_8': inf}
  🚫 Filtered out 1 'add_pd' candidates (avoiding repetition)
  Trying best transition: primitive
    Target: connect PD_7 to FILE_1_1
    Predicted improvement: 2.481
    Considered 55 other option(s):
      1. primitive: connect PD_8 to FILE_1_1 (improvement: 2.481)
      2. primitive: remove empty PD_7 (improvement: 0.100)
      3. primitive: remove empty PD_8 (improvement: 0.100)
      4. primitive: create new CONFIG file in FILE_SPACE_1 (improvement: 0.100)
      5. primitive: create new DATABASE file in FILE_SPACE_1 (improvement: 0.100)
      6. primitive: create new TEMP file in FILE_SPACE_1 (improvement: 0.100)
      7. primitive: create new LOG file in FILE_SPACE_1 (improvement: 0.100)
      8. primitive: remove FILE_1_1 (holders: 5) (improvement: 0.100)
      9. primitive: remove PD_3 -> FILE_1_1 HOLD edge (improvement: 0.100)
      10. primitive: remove PD_4 -> FILE_1_1 HOLD edge (improvement: 0.100)
      ... and 45 more
    ✅ Applied add_hold_edge
  Computing metrics...
    RSI: {'PD_2,PD_3': 1.0, 'PD_2,PD_4': 1.0, 'PD_2,PD_5': 1.0, 'PD_2,PD_6': 1.0, 'PD_2,PD_7': 1.0, 'PD_2,PD_8': 0.0, 'PD_3,PD_4': 1.0, 'PD_3,PD_5': 1.0, 'PD_3,PD_6': 1.0, 'PD_3,PD_7': 1.0, 'PD_3,PD_8': 0.0, 'PD_4,PD_5': 1.0, 'PD_4,PD_6': 1.0, 'PD_4,PD_7': 1.0, 'PD_4,PD_8': 0.0, 'PD_5,PD_6': 1.0, 'PD_5,PD_7': 1.0, 'PD_5,PD_8': 0.0, 'PD_6,PD_7': 1.0, 'PD_6,PD_8': 0.0, 'PD_7,PD_8': 0.0}, ASR: 1.0, TCB: {'PD_2': ['PD_4', 'PD_3', 'PD_5', 'PD_6', 'PD_7'], 'PD_3': ['PD_2', 'PD_4', 'PD_5', 'PD_6', 'PD_7'], 'PD_4': ['PD_2', 'PD_3', 'PD_5', 'PD_6', 'PD_7'], 'PD_5': ['PD_2', 'PD_3', 'PD_4', 'PD_6', 'PD_7'], 'PD_6': ['PD_2', 'PD_3', 'PD_4', 'PD_5', 'PD_7'], 'PD_7': ['PD_2', 'PD_3', 'PD_4', 'PD_5', 'PD_6'], 'PD_8': []}, FR: {'PD_2,PD_3': inf, 'PD_2,PD_4': inf, 'PD_2,PD_5': inf, 'PD_2,PD_6': inf, 'PD_2,PD_7': inf, 'PD_2,PD_8': inf, 'PD_3,PD_4': inf, 'PD_3,PD_5': inf, 'PD_3,PD_6': inf, 'PD_3,PD_7': inf, 'PD_3,PD_8': inf, 'PD_4,PD_5': inf, 'PD_4,PD_6': inf, 'PD_4,PD_7': inf, 'PD_4,PD_8': inf, 'PD_5,PD_6': inf, 'PD_5,PD_7': inf, 'PD_5,PD_8': inf, 'PD_6,PD_7': inf, 'PD_6,PD_8': inf, 'PD_7,PD_8': inf}
    Warning: PD pair PD_1,PD_2 not found in RSI metrics
    Goals not yet satisfied, continuing exploration
  ✅ Mechanism saved! Total mechanisms found: 9

📊 Graph after iteration 9:
        # Graph structure:
        # PD_2 --REQUEST--> PD_4
        # PD_2 --HOLD--> FILE_1_1 -> FILE_SPACE_1
        # PD_3 --HOLD--> FILE_1_1 -> FILE_SPACE_1
        # PD_4 --HOLD--> FILE_1_1 -> FILE_SPACE_1
        # PD_5 --HOLD--> FILE_1_1 -> FILE_SPACE_1
        # PD_6 --HOLD--> FILE_1_1 -> FILE_SPACE_1
        # PD_7 --HOLD--> FILE_1_1 -> FILE_SPACE_1
        # PD_8
        #
        # FILE_1_1 shared by: PD_2, PD_3, PD_4, PD_5, PD_6, PD_7


Iteration 10/10
  Computing metrics...
    RSI: {'PD_2,PD_3': 1.0, 'PD_2,PD_4': 1.0, 'PD_2,PD_5': 1.0, 'PD_2,PD_6': 1.0, 'PD_2,PD_7': 1.0, 'PD_2,PD_8': 0.0, 'PD_3,PD_4': 1.0, 'PD_3,PD_5': 1.0, 'PD_3,PD_6': 1.0, 'PD_3,PD_7': 1.0, 'PD_3,PD_8': 0.0, 'PD_4,PD_5': 1.0, 'PD_4,PD_6': 1.0, 'PD_4,PD_7': 1.0, 'PD_4,PD_8': 0.0, 'PD_5,PD_6': 1.0, 'PD_5,PD_7': 1.0, 'PD_5,PD_8': 0.0, 'PD_6,PD_7': 1.0, 'PD_6,PD_8': 0.0, 'PD_7,PD_8': 0.0}, ASR: 1.0, TCB: {'PD_2': ['PD_4', 'PD_3', 'PD_5', 'PD_6', 'PD_7'], 'PD_3': ['PD_2', 'PD_4', 'PD_5', 'PD_6', 'PD_7'], 'PD_4': ['PD_2', 'PD_3', 'PD_5', 'PD_6', 'PD_7'], 'PD_5': ['PD_2', 'PD_3', 'PD_4', 'PD_6', 'PD_7'], 'PD_6': ['PD_2', 'PD_3', 'PD_4', 'PD_5', 'PD_7'], 'PD_7': ['PD_2', 'PD_3', 'PD_4', 'PD_5', 'PD_6'], 'PD_8': []}, FR: {'PD_2,PD_3': inf, 'PD_2,PD_4': inf, 'PD_2,PD_5': inf, 'PD_2,PD_6': inf, 'PD_2,PD_7': inf, 'PD_2,PD_8': inf, 'PD_3,PD_4': inf, 'PD_3,PD_5': inf, 'PD_3,PD_6': inf, 'PD_3,PD_7': inf, 'PD_3,PD_8': inf, 'PD_4,PD_5': inf, 'PD_4,PD_6': inf, 'PD_4,PD_7': inf, 'PD_4,PD_8': inf, 'PD_5,PD_6': inf, 'PD_5,PD_7': inf, 'PD_5,PD_8': inf, 'PD_6,PD_7': inf, 'PD_6,PD_8': inf, 'PD_7,PD_8': inf}
  Computing metrics...
    RSI: {'PD_2,PD_3': 1.0, 'PD_2,PD_4': 1.0, 'PD_2,PD_5': 1.0, 'PD_2,PD_6': 1.0, 'PD_2,PD_7': 1.0, 'PD_2,PD_8': 0.0, 'PD_3,PD_4': 1.0, 'PD_3,PD_5': 1.0, 'PD_3,PD_6': 1.0, 'PD_3,PD_7': 1.0, 'PD_3,PD_8': 0.0, 'PD_4,PD_5': 1.0, 'PD_4,PD_6': 1.0, 'PD_4,PD_7': 1.0, 'PD_4,PD_8': 0.0, 'PD_5,PD_6': 1.0, 'PD_5,PD_7': 1.0, 'PD_5,PD_8': 0.0, 'PD_6,PD_7': 1.0, 'PD_6,PD_8': 0.0, 'PD_7,PD_8': 0.0}, ASR: 1.0, TCB: {'PD_2': ['PD_4', 'PD_3', 'PD_5', 'PD_6', 'PD_7'], 'PD_3': ['PD_2', 'PD_4', 'PD_5', 'PD_6', 'PD_7'], 'PD_4': ['PD_2', 'PD_3', 'PD_5', 'PD_6', 'PD_7'], 'PD_5': ['PD_2', 'PD_3', 'PD_4', 'PD_6', 'PD_7'], 'PD_6': ['PD_2', 'PD_3', 'PD_4', 'PD_5', 'PD_7'], 'PD_7': ['PD_2', 'PD_3', 'PD_4', 'PD_5', 'PD_6'], 'PD_8': []}, FR: {'PD_2,PD_3': inf, 'PD_2,PD_4': inf, 'PD_2,PD_5': inf, 'PD_2,PD_6': inf, 'PD_2,PD_7': inf, 'PD_2,PD_8': inf, 'PD_3,PD_4': inf, 'PD_3,PD_5': inf, 'PD_3,PD_6': inf, 'PD_3,PD_7': inf, 'PD_3,PD_8': inf, 'PD_4,PD_5': inf, 'PD_4,PD_6': inf, 'PD_4,PD_7': inf, 'PD_4,PD_8': inf, 'PD_5,PD_6': inf, 'PD_5,PD_7': inf, 'PD_5,PD_8': inf, 'PD_6,PD_7': inf, 'PD_6,PD_8': inf, 'PD_7,PD_8': inf}
  Computing metrics...
    RSI: {'PD_2,PD_3': 1.0, 'PD_2,PD_4': 1.0, 'PD_2,PD_5': 1.0, 'PD_2,PD_6': 1.0, 'PD_2,PD_7': 1.0, 'PD_2,PD_8': 0.0, 'PD_3,PD_4': 1.0, 'PD_3,PD_5': 1.0, 'PD_3,PD_6': 1.0, 'PD_3,PD_7': 1.0, 'PD_3,PD_8': 0.0, 'PD_4,PD_5': 1.0, 'PD_4,PD_6': 1.0, 'PD_4,PD_7': 1.0, 'PD_4,PD_8': 0.0, 'PD_5,PD_6': 1.0, 'PD_5,PD_7': 1.0, 'PD_5,PD_8': 0.0, 'PD_6,PD_7': 1.0, 'PD_6,PD_8': 0.0, 'PD_7,PD_8': 0.0}, ASR: 1.0, TCB: {'PD_2': ['PD_4', 'PD_3', 'PD_5', 'PD_6', 'PD_7'], 'PD_3': ['PD_2', 'PD_4', 'PD_5', 'PD_6', 'PD_7'], 'PD_4': ['PD_2', 'PD_3', 'PD_5', 'PD_6', 'PD_7'], 'PD_5': ['PD_2', 'PD_3', 'PD_4', 'PD_6', 'PD_7'], 'PD_6': ['PD_2', 'PD_3', 'PD_4', 'PD_5', 'PD_7'], 'PD_7': ['PD_2', 'PD_3', 'PD_4', 'PD_5', 'PD_6'], 'PD_8': []}, FR: {'PD_2,PD_3': inf, 'PD_2,PD_4': inf, 'PD_2,PD_5': inf, 'PD_2,PD_6': inf, 'PD_2,PD_7': inf, 'PD_2,PD_8': inf, 'PD_3,PD_4': inf, 'PD_3,PD_5': inf, 'PD_3,PD_6': inf, 'PD_3,PD_7': inf, 'PD_3,PD_8': inf, 'PD_4,PD_5': inf, 'PD_4,PD_6': inf, 'PD_4,PD_7': inf, 'PD_4,PD_8': inf, 'PD_5,PD_6': inf, 'PD_5,PD_7': inf, 'PD_5,PD_8': inf, 'PD_6,PD_7': inf, 'PD_6,PD_8': inf, 'PD_7,PD_8': inf}
  Computing metrics...
    RSI: {'PD_2,PD_3': 1.0, 'PD_2,PD_4': 1.0, 'PD_2,PD_5': 1.0, 'PD_2,PD_6': 1.0, 'PD_2,PD_7': 1.0, 'PD_2,PD_8': 0.0, 'PD_3,PD_4': 1.0, 'PD_3,PD_5': 1.0, 'PD_3,PD_6': 1.0, 'PD_3,PD_7': 1.0, 'PD_3,PD_8': 0.0, 'PD_4,PD_5': 1.0, 'PD_4,PD_6': 1.0, 'PD_4,PD_7': 1.0, 'PD_4,PD_8': 0.0, 'PD_5,PD_6': 1.0, 'PD_5,PD_7': 1.0, 'PD_5,PD_8': 0.0, 'PD_6,PD_7': 1.0, 'PD_6,PD_8': 0.0, 'PD_7,PD_8': 0.0}, ASR: 1.0, TCB: {'PD_2': ['PD_4', 'PD_3', 'PD_5', 'PD_6', 'PD_7'], 'PD_3': ['PD_2', 'PD_4', 'PD_5', 'PD_6', 'PD_7'], 'PD_4': ['PD_2', 'PD_3', 'PD_5', 'PD_6', 'PD_7'], 'PD_5': ['PD_2', 'PD_3', 'PD_4', 'PD_6', 'PD_7'], 'PD_6': ['PD_2', 'PD_3', 'PD_4', 'PD_5', 'PD_7'], 'PD_7': ['PD_2', 'PD_3', 'PD_4', 'PD_5', 'PD_6'], 'PD_8': []}, FR: {'PD_2,PD_3': inf, 'PD_2,PD_4': inf, 'PD_2,PD_5': inf, 'PD_2,PD_6': inf, 'PD_2,PD_7': inf, 'PD_2,PD_8': inf, 'PD_3,PD_4': inf, 'PD_3,PD_5': inf, 'PD_3,PD_6': inf, 'PD_3,PD_7': inf, 'PD_3,PD_8': inf, 'PD_4,PD_5': inf, 'PD_4,PD_6': inf, 'PD_4,PD_7': inf, 'PD_4,PD_8': inf, 'PD_5,PD_6': inf, 'PD_5,PD_7': inf, 'PD_5,PD_8': inf, 'PD_6,PD_7': inf, 'PD_6,PD_8': inf, 'PD_7,PD_8': inf}
  Computing metrics...
    RSI: {'PD_2,PD_3': 1.0, 'PD_2,PD_4': 1.0, 'PD_2,PD_5': 1.0, 'PD_2,PD_6': 1.0, 'PD_2,PD_7': 1.0, 'PD_2,PD_8': 0.0, 'PD_3,PD_4': 1.0, 'PD_3,PD_5': 1.0, 'PD_3,PD_6': 1.0, 'PD_3,PD_7': 1.0, 'PD_3,PD_8': 0.0, 'PD_4,PD_5': 1.0, 'PD_4,PD_6': 1.0, 'PD_4,PD_7': 1.0, 'PD_4,PD_8': 0.0, 'PD_5,PD_6': 1.0, 'PD_5,PD_7': 1.0, 'PD_5,PD_8': 0.0, 'PD_6,PD_7': 1.0, 'PD_6,PD_8': 0.0, 'PD_7,PD_8': 0.0}, ASR: 1.0, TCB: {'PD_2': ['PD_4', 'PD_3', 'PD_5', 'PD_6', 'PD_7'], 'PD_3': ['PD_2', 'PD_4', 'PD_5', 'PD_6', 'PD_7'], 'PD_4': ['PD_2', 'PD_3', 'PD_5', 'PD_6', 'PD_7'], 'PD_5': ['PD_2', 'PD_3', 'PD_4', 'PD_6', 'PD_7'], 'PD_6': ['PD_2', 'PD_3', 'PD_4', 'PD_5', 'PD_7'], 'PD_7': ['PD_2', 'PD_3', 'PD_4', 'PD_5', 'PD_6'], 'PD_8': []}, FR: {'PD_2,PD_3': inf, 'PD_2,PD_4': inf, 'PD_2,PD_5': inf, 'PD_2,PD_6': inf, 'PD_2,PD_7': inf, 'PD_2,PD_8': inf, 'PD_3,PD_4': inf, 'PD_3,PD_5': inf, 'PD_3,PD_6': inf, 'PD_3,PD_7': inf, 'PD_3,PD_8': inf, 'PD_4,PD_5': inf, 'PD_4,PD_6': inf, 'PD_4,PD_7': inf, 'PD_4,PD_8': inf, 'PD_5,PD_6': inf, 'PD_5,PD_7': inf, 'PD_5,PD_8': inf, 'PD_6,PD_7': inf, 'PD_6,PD_8': inf, 'PD_7,PD_8': inf}
  Computing metrics...
    RSI: {'PD_2,PD_3': 1.0, 'PD_2,PD_4': 1.0, 'PD_2,PD_5': 1.0, 'PD_2,PD_6': 1.0, 'PD_2,PD_7': 1.0, 'PD_2,PD_8': 0.0, 'PD_3,PD_4': 1.0, 'PD_3,PD_5': 1.0, 'PD_3,PD_6': 1.0, 'PD_3,PD_7': 1.0, 'PD_3,PD_8': 0.0, 'PD_4,PD_5': 1.0, 'PD_4,PD_6': 1.0, 'PD_4,PD_7': 1.0, 'PD_4,PD_8': 0.0, 'PD_5,PD_6': 1.0, 'PD_5,PD_7': 1.0, 'PD_5,PD_8': 0.0, 'PD_6,PD_7': 1.0, 'PD_6,PD_8': 0.0, 'PD_7,PD_8': 0.0}, ASR: 1.0, TCB: {'PD_2': ['PD_4', 'PD_3', 'PD_5', 'PD_6', 'PD_7'], 'PD_3': ['PD_2', 'PD_4', 'PD_5', 'PD_6', 'PD_7'], 'PD_4': ['PD_2', 'PD_3', 'PD_5', 'PD_6', 'PD_7'], 'PD_5': ['PD_2', 'PD_3', 'PD_4', 'PD_6', 'PD_7'], 'PD_6': ['PD_2', 'PD_3', 'PD_4', 'PD_5', 'PD_7'], 'PD_7': ['PD_2', 'PD_3', 'PD_4', 'PD_5', 'PD_6'], 'PD_8': []}, FR: {'PD_2,PD_3': inf, 'PD_2,PD_4': inf, 'PD_2,PD_5': inf, 'PD_2,PD_6': inf, 'PD_2,PD_7': inf, 'PD_2,PD_8': inf, 'PD_3,PD_4': inf, 'PD_3,PD_5': inf, 'PD_3,PD_6': inf, 'PD_3,PD_7': inf, 'PD_3,PD_8': inf, 'PD_4,PD_5': inf, 'PD_4,PD_6': inf, 'PD_4,PD_7': inf, 'PD_4,PD_8': inf, 'PD_5,PD_6': inf, 'PD_5,PD_7': inf, 'PD_5,PD_8': inf, 'PD_6,PD_7': inf, 'PD_6,PD_8': inf, 'PD_7,PD_8': inf}
  Computing metrics...
    RSI: {'PD_2,PD_3': 1.0, 'PD_2,PD_4': 1.0, 'PD_2,PD_5': 1.0, 'PD_2,PD_6': 1.0, 'PD_2,PD_7': 1.0, 'PD_2,PD_8': 0.0, 'PD_3,PD_4': 1.0, 'PD_3,PD_5': 1.0, 'PD_3,PD_6': 1.0, 'PD_3,PD_7': 1.0, 'PD_3,PD_8': 0.0, 'PD_4,PD_5': 1.0, 'PD_4,PD_6': 1.0, 'PD_4,PD_7': 1.0, 'PD_4,PD_8': 0.0, 'PD_5,PD_6': 1.0, 'PD_5,PD_7': 1.0, 'PD_5,PD_8': 0.0, 'PD_6,PD_7': 1.0, 'PD_6,PD_8': 0.0, 'PD_7,PD_8': 0.0}, ASR: 1.0, TCB: {'PD_2': ['PD_4', 'PD_3', 'PD_5', 'PD_6', 'PD_7'], 'PD_3': ['PD_2', 'PD_4', 'PD_5', 'PD_6', 'PD_7'], 'PD_4': ['PD_2', 'PD_3', 'PD_5', 'PD_6', 'PD_7'], 'PD_5': ['PD_2', 'PD_3', 'PD_4', 'PD_6', 'PD_7'], 'PD_6': ['PD_2', 'PD_3', 'PD_4', 'PD_5', 'PD_7'], 'PD_7': ['PD_2', 'PD_3', 'PD_4', 'PD_5', 'PD_6'], 'PD_8': []}, FR: {'PD_2,PD_3': inf, 'PD_2,PD_4': inf, 'PD_2,PD_5': inf, 'PD_2,PD_6': inf, 'PD_2,PD_7': inf, 'PD_2,PD_8': inf, 'PD_3,PD_4': inf, 'PD_3,PD_5': inf, 'PD_3,PD_6': inf, 'PD_3,PD_7': inf, 'PD_3,PD_8': inf, 'PD_4,PD_5': inf, 'PD_4,PD_6': inf, 'PD_4,PD_7': inf, 'PD_4,PD_8': inf, 'PD_5,PD_6': inf, 'PD_5,PD_7': inf, 'PD_5,PD_8': inf, 'PD_6,PD_7': inf, 'PD_6,PD_8': inf, 'PD_7,PD_8': inf}
  Computing metrics...
    RSI: {'PD_2,PD_3': 1.0, 'PD_2,PD_4': 1.0, 'PD_2,PD_5': 1.0, 'PD_2,PD_6': 1.0, 'PD_2,PD_7': 1.0, 'PD_2,PD_8': 0.0, 'PD_3,PD_4': 1.0, 'PD_3,PD_5': 1.0, 'PD_3,PD_6': 1.0, 'PD_3,PD_7': 1.0, 'PD_3,PD_8': 0.0, 'PD_4,PD_5': 1.0, 'PD_4,PD_6': 1.0, 'PD_4,PD_7': 1.0, 'PD_4,PD_8': 0.0, 'PD_5,PD_6': 1.0, 'PD_5,PD_7': 1.0, 'PD_5,PD_8': 0.0, 'PD_6,PD_7': 1.0, 'PD_6,PD_8': 0.0, 'PD_7,PD_8': 0.0}, ASR: 1.0, TCB: {'PD_2': ['PD_4', 'PD_3', 'PD_5', 'PD_6', 'PD_7'], 'PD_3': ['PD_2', 'PD_4', 'PD_5', 'PD_6', 'PD_7'], 'PD_4': ['PD_2', 'PD_3', 'PD_5', 'PD_6', 'PD_7'], 'PD_5': ['PD_2', 'PD_3', 'PD_4', 'PD_6', 'PD_7'], 'PD_6': ['PD_2', 'PD_3', 'PD_4', 'PD_5', 'PD_7'], 'PD_7': ['PD_2', 'PD_3', 'PD_4', 'PD_5', 'PD_6'], 'PD_8': []}, FR: {'PD_2,PD_3': inf, 'PD_2,PD_4': inf, 'PD_2,PD_5': inf, 'PD_2,PD_6': inf, 'PD_2,PD_7': inf, 'PD_2,PD_8': inf, 'PD_3,PD_4': inf, 'PD_3,PD_5': inf, 'PD_3,PD_6': inf, 'PD_3,PD_7': inf, 'PD_3,PD_8': inf, 'PD_4,PD_5': inf, 'PD_4,PD_6': inf, 'PD_4,PD_7': inf, 'PD_4,PD_8': inf, 'PD_5,PD_6': inf, 'PD_5,PD_7': inf, 'PD_5,PD_8': inf, 'PD_6,PD_7': inf, 'PD_6,PD_8': inf, 'PD_7,PD_8': inf}
  Computing metrics...
    RSI: {'PD_2,PD_3': 1.0, 'PD_2,PD_4': 1.0, 'PD_2,PD_5': 1.0, 'PD_2,PD_6': 1.0, 'PD_2,PD_7': 1.0, 'PD_2,PD_8': 0.0, 'PD_3,PD_4': 1.0, 'PD_3,PD_5': 1.0, 'PD_3,PD_6': 1.0, 'PD_3,PD_7': 1.0, 'PD_3,PD_8': 0.0, 'PD_4,PD_5': 1.0, 'PD_4,PD_6': 1.0, 'PD_4,PD_7': 1.0, 'PD_4,PD_8': 0.0, 'PD_5,PD_6': 1.0, 'PD_5,PD_7': 1.0, 'PD_5,PD_8': 0.0, 'PD_6,PD_7': 1.0, 'PD_6,PD_8': 0.0, 'PD_7,PD_8': 0.0}, ASR: 1.0, TCB: {'PD_2': ['PD_4', 'PD_3', 'PD_5', 'PD_6', 'PD_7'], 'PD_3': ['PD_2', 'PD_4', 'PD_5', 'PD_6', 'PD_7'], 'PD_4': ['PD_2', 'PD_3', 'PD_5', 'PD_6', 'PD_7'], 'PD_5': ['PD_2', 'PD_3', 'PD_4', 'PD_6', 'PD_7'], 'PD_6': ['PD_2', 'PD_3', 'PD_4', 'PD_5', 'PD_7'], 'PD_7': ['PD_2', 'PD_3', 'PD_4', 'PD_5', 'PD_6'], 'PD_8': []}, FR: {'PD_2,PD_3': inf, 'PD_2,PD_4': inf, 'PD_2,PD_5': inf, 'PD_2,PD_6': inf, 'PD_2,PD_7': inf, 'PD_2,PD_8': inf, 'PD_3,PD_4': inf, 'PD_3,PD_5': inf, 'PD_3,PD_6': inf, 'PD_3,PD_7': inf, 'PD_3,PD_8': inf, 'PD_4,PD_5': inf, 'PD_4,PD_6': inf, 'PD_4,PD_7': inf, 'PD_4,PD_8': inf, 'PD_5,PD_6': inf, 'PD_5,PD_7': inf, 'PD_5,PD_8': inf, 'PD_6,PD_7': inf, 'PD_6,PD_8': inf, 'PD_7,PD_8': inf}
  Computing metrics...
    RSI: {'PD_2,PD_3': 1.0, 'PD_2,PD_4': 1.0, 'PD_2,PD_5': 1.0, 'PD_2,PD_6': 1.0, 'PD_2,PD_7': 1.0, 'PD_2,PD_8': 0.0, 'PD_3,PD_4': 1.0, 'PD_3,PD_5': 1.0, 'PD_3,PD_6': 1.0, 'PD_3,PD_7': 1.0, 'PD_3,PD_8': 0.0, 'PD_4,PD_5': 1.0, 'PD_4,PD_6': 1.0, 'PD_4,PD_7': 1.0, 'PD_4,PD_8': 0.0, 'PD_5,PD_6': 1.0, 'PD_5,PD_7': 1.0, 'PD_5,PD_8': 0.0, 'PD_6,PD_7': 1.0, 'PD_6,PD_8': 0.0, 'PD_7,PD_8': 0.0}, ASR: 1.0, TCB: {'PD_2': ['PD_4', 'PD_3', 'PD_5', 'PD_6', 'PD_7'], 'PD_3': ['PD_2', 'PD_4', 'PD_5', 'PD_6', 'PD_7'], 'PD_4': ['PD_2', 'PD_3', 'PD_5', 'PD_6', 'PD_7'], 'PD_5': ['PD_2', 'PD_3', 'PD_4', 'PD_6', 'PD_7'], 'PD_6': ['PD_2', 'PD_3', 'PD_4', 'PD_5', 'PD_7'], 'PD_7': ['PD_2', 'PD_3', 'PD_4', 'PD_5', 'PD_6'], 'PD_8': []}, FR: {'PD_2,PD_3': inf, 'PD_2,PD_4': inf, 'PD_2,PD_5': inf, 'PD_2,PD_6': inf, 'PD_2,PD_7': inf, 'PD_2,PD_8': inf, 'PD_3,PD_4': inf, 'PD_3,PD_5': inf, 'PD_3,PD_6': inf, 'PD_3,PD_7': inf, 'PD_3,PD_8': inf, 'PD_4,PD_5': inf, 'PD_4,PD_6': inf, 'PD_4,PD_7': inf, 'PD_4,PD_8': inf, 'PD_5,PD_6': inf, 'PD_5,PD_7': inf, 'PD_5,PD_8': inf, 'PD_6,PD_7': inf, 'PD_6,PD_8': inf, 'PD_7,PD_8': inf}
  Computing metrics...
    RSI: {'PD_2,PD_3': 1.0, 'PD_2,PD_4': 1.0, 'PD_2,PD_5': 1.0, 'PD_2,PD_6': 1.0, 'PD_2,PD_7': 1.0, 'PD_2,PD_8': 0.0, 'PD_3,PD_4': 1.0, 'PD_3,PD_5': 1.0, 'PD_3,PD_6': 1.0, 'PD_3,PD_7': 1.0, 'PD_3,PD_8': 0.0, 'PD_4,PD_5': 1.0, 'PD_4,PD_6': 1.0, 'PD_4,PD_7': 1.0, 'PD_4,PD_8': 0.0, 'PD_5,PD_6': 1.0, 'PD_5,PD_7': 1.0, 'PD_5,PD_8': 0.0, 'PD_6,PD_7': 1.0, 'PD_6,PD_8': 0.0, 'PD_7,PD_8': 0.0}, ASR: 1.0, TCB: {'PD_2': ['PD_4', 'PD_3', 'PD_5', 'PD_6', 'PD_7'], 'PD_3': ['PD_2', 'PD_4', 'PD_5', 'PD_6', 'PD_7'], 'PD_4': ['PD_2', 'PD_3', 'PD_5', 'PD_6', 'PD_7'], 'PD_5': ['PD_2', 'PD_3', 'PD_4', 'PD_6', 'PD_7'], 'PD_6': ['PD_2', 'PD_3', 'PD_4', 'PD_5', 'PD_7'], 'PD_7': ['PD_2', 'PD_3', 'PD_4', 'PD_5', 'PD_6'], 'PD_8': []}, FR: {'PD_2,PD_3': inf, 'PD_2,PD_4': inf, 'PD_2,PD_5': inf, 'PD_2,PD_6': inf, 'PD_2,PD_7': inf, 'PD_2,PD_8': inf, 'PD_3,PD_4': inf, 'PD_3,PD_5': inf, 'PD_3,PD_6': inf, 'PD_3,PD_7': inf, 'PD_3,PD_8': inf, 'PD_4,PD_5': inf, 'PD_4,PD_6': inf, 'PD_4,PD_7': inf, 'PD_4,PD_8': inf, 'PD_5,PD_6': inf, 'PD_5,PD_7': inf, 'PD_5,PD_8': inf, 'PD_6,PD_7': inf, 'PD_6,PD_8': inf, 'PD_7,PD_8': inf}
  Computing metrics...
    RSI: {'PD_2,PD_3': 1.0, 'PD_2,PD_4': 1.0, 'PD_2,PD_5': 1.0, 'PD_2,PD_6': 1.0, 'PD_2,PD_7': 1.0, 'PD_2,PD_8': 0.0, 'PD_3,PD_4': 1.0, 'PD_3,PD_5': 1.0, 'PD_3,PD_6': 1.0, 'PD_3,PD_7': 1.0, 'PD_3,PD_8': 0.0, 'PD_4,PD_5': 1.0, 'PD_4,PD_6': 1.0, 'PD_4,PD_7': 1.0, 'PD_4,PD_8': 0.0, 'PD_5,PD_6': 1.0, 'PD_5,PD_7': 1.0, 'PD_5,PD_8': 0.0, 'PD_6,PD_7': 1.0, 'PD_6,PD_8': 0.0, 'PD_7,PD_8': 0.0}, ASR: 1.0, TCB: {'PD_2': ['PD_4', 'PD_3', 'PD_5', 'PD_6', 'PD_7'], 'PD_3': ['PD_2', 'PD_4', 'PD_5', 'PD_6', 'PD_7'], 'PD_4': ['PD_2', 'PD_3', 'PD_5', 'PD_6', 'PD_7'], 'PD_5': ['PD_2', 'PD_3', 'PD_4', 'PD_6', 'PD_7'], 'PD_6': ['PD_2', 'PD_3', 'PD_4', 'PD_5', 'PD_7'], 'PD_7': ['PD_2', 'PD_3', 'PD_4', 'PD_5', 'PD_6'], 'PD_8': []}, FR: {'PD_2,PD_3': inf, 'PD_2,PD_4': inf, 'PD_2,PD_5': inf, 'PD_2,PD_6': inf, 'PD_2,PD_7': inf, 'PD_2,PD_8': inf, 'PD_3,PD_4': inf, 'PD_3,PD_5': inf, 'PD_3,PD_6': inf, 'PD_3,PD_7': inf, 'PD_3,PD_8': inf, 'PD_4,PD_5': inf, 'PD_4,PD_6': inf, 'PD_4,PD_7': inf, 'PD_4,PD_8': inf, 'PD_5,PD_6': inf, 'PD_5,PD_7': inf, 'PD_5,PD_8': inf, 'PD_6,PD_7': inf, 'PD_6,PD_8': inf, 'PD_7,PD_8': inf}
  Computing metrics...
    RSI: {'PD_2,PD_3': 1.0, 'PD_2,PD_4': 1.0, 'PD_2,PD_5': 1.0, 'PD_2,PD_6': 1.0, 'PD_2,PD_7': 1.0, 'PD_2,PD_8': 0.0, 'PD_3,PD_4': 1.0, 'PD_3,PD_5': 1.0, 'PD_3,PD_6': 1.0, 'PD_3,PD_7': 1.0, 'PD_3,PD_8': 0.0, 'PD_4,PD_5': 1.0, 'PD_4,PD_6': 1.0, 'PD_4,PD_7': 1.0, 'PD_4,PD_8': 0.0, 'PD_5,PD_6': 1.0, 'PD_5,PD_7': 1.0, 'PD_5,PD_8': 0.0, 'PD_6,PD_7': 1.0, 'PD_6,PD_8': 0.0, 'PD_7,PD_8': 0.0}, ASR: 1.0, TCB: {'PD_2': ['PD_4', 'PD_3', 'PD_5', 'PD_6', 'PD_7'], 'PD_3': ['PD_2', 'PD_4', 'PD_5', 'PD_6', 'PD_7'], 'PD_4': ['PD_2', 'PD_3', 'PD_5', 'PD_6', 'PD_7'], 'PD_5': ['PD_2', 'PD_3', 'PD_4', 'PD_6', 'PD_7'], 'PD_6': ['PD_2', 'PD_3', 'PD_4', 'PD_5', 'PD_7'], 'PD_7': ['PD_2', 'PD_3', 'PD_4', 'PD_5', 'PD_6'], 'PD_8': []}, FR: {'PD_2,PD_3': inf, 'PD_2,PD_4': inf, 'PD_2,PD_5': inf, 'PD_2,PD_6': inf, 'PD_2,PD_7': inf, 'PD_2,PD_8': inf, 'PD_3,PD_4': inf, 'PD_3,PD_5': inf, 'PD_3,PD_6': inf, 'PD_3,PD_7': inf, 'PD_3,PD_8': inf, 'PD_4,PD_5': inf, 'PD_4,PD_6': inf, 'PD_4,PD_7': inf, 'PD_4,PD_8': inf, 'PD_5,PD_6': inf, 'PD_5,PD_7': inf, 'PD_5,PD_8': inf, 'PD_6,PD_7': inf, 'PD_6,PD_8': inf, 'PD_7,PD_8': inf}
  Computing metrics...
    RSI: {'PD_2,PD_3': 1.0, 'PD_2,PD_4': 1.0, 'PD_2,PD_5': 1.0, 'PD_2,PD_6': 1.0, 'PD_2,PD_7': 1.0, 'PD_2,PD_8': 0.0, 'PD_3,PD_4': 1.0, 'PD_3,PD_5': 1.0, 'PD_3,PD_6': 1.0, 'PD_3,PD_7': 1.0, 'PD_3,PD_8': 0.0, 'PD_4,PD_5': 1.0, 'PD_4,PD_6': 1.0, 'PD_4,PD_7': 1.0, 'PD_4,PD_8': 0.0, 'PD_5,PD_6': 1.0, 'PD_5,PD_7': 1.0, 'PD_5,PD_8': 0.0, 'PD_6,PD_7': 1.0, 'PD_6,PD_8': 0.0, 'PD_7,PD_8': 0.0}, ASR: 1.0, TCB: {'PD_2': ['PD_4', 'PD_3', 'PD_5', 'PD_6', 'PD_7'], 'PD_3': ['PD_2', 'PD_4', 'PD_5', 'PD_6', 'PD_7'], 'PD_4': ['PD_2', 'PD_3', 'PD_5', 'PD_6', 'PD_7'], 'PD_5': ['PD_2', 'PD_3', 'PD_4', 'PD_6', 'PD_7'], 'PD_6': ['PD_2', 'PD_3', 'PD_4', 'PD_5', 'PD_7'], 'PD_7': ['PD_2', 'PD_3', 'PD_4', 'PD_5', 'PD_6'], 'PD_8': []}, FR: {'PD_2,PD_3': inf, 'PD_2,PD_4': inf, 'PD_2,PD_5': inf, 'PD_2,PD_6': inf, 'PD_2,PD_7': inf, 'PD_2,PD_8': inf, 'PD_3,PD_4': inf, 'PD_3,PD_5': inf, 'PD_3,PD_6': inf, 'PD_3,PD_7': inf, 'PD_3,PD_8': inf, 'PD_4,PD_5': inf, 'PD_4,PD_6': inf, 'PD_4,PD_7': inf, 'PD_4,PD_8': inf, 'PD_5,PD_6': inf, 'PD_5,PD_7': inf, 'PD_5,PD_8': inf, 'PD_6,PD_7': inf, 'PD_6,PD_8': inf, 'PD_7,PD_8': inf}
  Computing metrics...
    RSI: {'PD_2,PD_3': 1.0, 'PD_2,PD_4': 1.0, 'PD_2,PD_5': 1.0, 'PD_2,PD_6': 1.0, 'PD_2,PD_7': 1.0, 'PD_2,PD_8': 0.0, 'PD_3,PD_4': 1.0, 'PD_3,PD_5': 1.0, 'PD_3,PD_6': 1.0, 'PD_3,PD_7': 1.0, 'PD_3,PD_8': 0.0, 'PD_4,PD_5': 1.0, 'PD_4,PD_6': 1.0, 'PD_4,PD_7': 1.0, 'PD_4,PD_8': 0.0, 'PD_5,PD_6': 1.0, 'PD_5,PD_7': 1.0, 'PD_5,PD_8': 0.0, 'PD_6,PD_7': 1.0, 'PD_6,PD_8': 0.0, 'PD_7,PD_8': 0.0}, ASR: 1.0, TCB: {'PD_2': ['PD_4', 'PD_3', 'PD_5', 'PD_6', 'PD_7'], 'PD_3': ['PD_2', 'PD_4', 'PD_5', 'PD_6', 'PD_7'], 'PD_4': ['PD_2', 'PD_3', 'PD_5', 'PD_6', 'PD_7'], 'PD_5': ['PD_2', 'PD_3', 'PD_4', 'PD_6', 'PD_7'], 'PD_6': ['PD_2', 'PD_3', 'PD_4', 'PD_5', 'PD_7'], 'PD_7': ['PD_2', 'PD_3', 'PD_4', 'PD_5', 'PD_6'], 'PD_8': []}, FR: {'PD_2,PD_3': inf, 'PD_2,PD_4': inf, 'PD_2,PD_5': inf, 'PD_2,PD_6': inf, 'PD_2,PD_7': inf, 'PD_2,PD_8': inf, 'PD_3,PD_4': inf, 'PD_3,PD_5': inf, 'PD_3,PD_6': inf, 'PD_3,PD_7': inf, 'PD_3,PD_8': inf, 'PD_4,PD_5': inf, 'PD_4,PD_6': inf, 'PD_4,PD_7': inf, 'PD_4,PD_8': inf, 'PD_5,PD_6': inf, 'PD_5,PD_7': inf, 'PD_5,PD_8': inf, 'PD_6,PD_7': inf, 'PD_6,PD_8': inf, 'PD_7,PD_8': inf}
  Computing metrics...
    RSI: {'PD_2,PD_3': 1.0, 'PD_2,PD_4': 1.0, 'PD_2,PD_5': 1.0, 'PD_2,PD_6': 1.0, 'PD_2,PD_7': 1.0, 'PD_2,PD_8': 1.0, 'PD_3,PD_4': 1.0, 'PD_3,PD_5': 1.0, 'PD_3,PD_6': 1.0, 'PD_3,PD_7': 1.0, 'PD_3,PD_8': 1.0, 'PD_4,PD_5': 1.0, 'PD_4,PD_6': 1.0, 'PD_4,PD_7': 1.0, 'PD_4,PD_8': 1.0, 'PD_5,PD_6': 1.0, 'PD_5,PD_7': 1.0, 'PD_5,PD_8': 1.0, 'PD_6,PD_7': 1.0, 'PD_6,PD_8': 1.0, 'PD_7,PD_8': 1.0}, ASR: 1.1428571428571428, TCB: {'PD_2': ['PD_4', 'PD_3', 'PD_5', 'PD_6', 'PD_7', 'PD_8'], 'PD_3': ['PD_2', 'PD_4', 'PD_5', 'PD_6', 'PD_7', 'PD_8'], 'PD_4': ['PD_2', 'PD_3', 'PD_5', 'PD_6', 'PD_7', 'PD_8'], 'PD_5': ['PD_2', 'PD_3', 'PD_4', 'PD_6', 'PD_7', 'PD_8'], 'PD_6': ['PD_2', 'PD_3', 'PD_4', 'PD_5', 'PD_7', 'PD_8'], 'PD_7': ['PD_2', 'PD_3', 'PD_4', 'PD_5', 'PD_6', 'PD_8'], 'PD_8': ['PD_2', 'PD_3', 'PD_4', 'PD_5', 'PD_6', 'PD_7']}, FR: {'PD_2,PD_3': inf, 'PD_2,PD_4': inf, 'PD_2,PD_5': inf, 'PD_2,PD_6': inf, 'PD_2,PD_7': inf, 'PD_2,PD_8': inf, 'PD_3,PD_4': inf, 'PD_3,PD_5': inf, 'PD_3,PD_6': inf, 'PD_3,PD_7': inf, 'PD_3,PD_8': inf, 'PD_4,PD_5': inf, 'PD_4,PD_6': inf, 'PD_4,PD_7': inf, 'PD_4,PD_8': inf, 'PD_5,PD_6': inf, 'PD_5,PD_7': inf, 'PD_5,PD_8': inf, 'PD_6,PD_7': inf, 'PD_6,PD_8': inf, 'PD_7,PD_8': inf}
  Computing metrics...
    RSI: {'PD_2,PD_3': 1.0, 'PD_2,PD_4': 1.0, 'PD_2,PD_5': 1.0, 'PD_2,PD_6': 1.0, 'PD_2,PD_7': 1.0, 'PD_2,PD_8': 0.0, 'PD_3,PD_4': 1.0, 'PD_3,PD_5': 1.0, 'PD_3,PD_6': 1.0, 'PD_3,PD_7': 1.0, 'PD_3,PD_8': 0.0, 'PD_4,PD_5': 1.0, 'PD_4,PD_6': 1.0, 'PD_4,PD_7': 1.0, 'PD_4,PD_8': 0.0, 'PD_5,PD_6': 1.0, 'PD_5,PD_7': 1.0, 'PD_5,PD_8': 0.0, 'PD_6,PD_7': 1.0, 'PD_6,PD_8': 0.0, 'PD_7,PD_8': 0.0}, ASR: 1.0, TCB: {'PD_2': ['PD_4', 'PD_3', 'PD_5', 'PD_6', 'PD_7'], 'PD_3': ['PD_2', 'PD_4', 'PD_5', 'PD_6', 'PD_7'], 'PD_4': ['PD_2', 'PD_3', 'PD_5', 'PD_6', 'PD_7'], 'PD_5': ['PD_2', 'PD_3', 'PD_4', 'PD_6', 'PD_7'], 'PD_6': ['PD_2', 'PD_3', 'PD_4', 'PD_5', 'PD_7'], 'PD_7': ['PD_2', 'PD_3', 'PD_4', 'PD_5', 'PD_6'], 'PD_8': []}, FR: {'PD_2,PD_3': inf, 'PD_2,PD_4': inf, 'PD_2,PD_5': inf, 'PD_2,PD_6': inf, 'PD_2,PD_7': inf, 'PD_2,PD_8': inf, 'PD_3,PD_4': inf, 'PD_3,PD_5': inf, 'PD_3,PD_6': inf, 'PD_3,PD_7': inf, 'PD_3,PD_8': inf, 'PD_4,PD_5': inf, 'PD_4,PD_6': inf, 'PD_4,PD_7': inf, 'PD_4,PD_8': inf, 'PD_5,PD_6': inf, 'PD_5,PD_7': inf, 'PD_5,PD_8': inf, 'PD_6,PD_7': inf, 'PD_6,PD_8': inf, 'PD_7,PD_8': inf}
  Computing metrics...
    RSI: {'PD_2,PD_3': 1.0, 'PD_2,PD_4': 1.0, 'PD_2,PD_5': 1.0, 'PD_2,PD_6': 1.0, 'PD_2,PD_7': 1.0, 'PD_2,PD_8': 0.0, 'PD_3,PD_4': 1.0, 'PD_3,PD_5': 1.0, 'PD_3,PD_6': 1.0, 'PD_3,PD_7': 1.0, 'PD_3,PD_8': 0.0, 'PD_4,PD_5': 1.0, 'PD_4,PD_6': 1.0, 'PD_4,PD_7': 1.0, 'PD_4,PD_8': 0.0, 'PD_5,PD_6': 1.0, 'PD_5,PD_7': 1.0, 'PD_5,PD_8': 0.0, 'PD_6,PD_7': 1.0, 'PD_6,PD_8': 0.0, 'PD_7,PD_8': 0.0}, ASR: 1.0, TCB: {'PD_2': ['PD_4', 'PD_3', 'PD_5', 'PD_6', 'PD_7'], 'PD_3': ['PD_2', 'PD_4', 'PD_5', 'PD_6', 'PD_7'], 'PD_4': ['PD_2', 'PD_3', 'PD_5', 'PD_6', 'PD_7'], 'PD_5': ['PD_2', 'PD_3', 'PD_4', 'PD_6', 'PD_7'], 'PD_6': ['PD_2', 'PD_3', 'PD_4', 'PD_5', 'PD_7'], 'PD_7': ['PD_2', 'PD_3', 'PD_4', 'PD_5', 'PD_6'], 'PD_8': []}, FR: {'PD_2,PD_3': inf, 'PD_2,PD_4': inf, 'PD_2,PD_5': inf, 'PD_2,PD_6': inf, 'PD_2,PD_7': inf, 'PD_2,PD_8': inf, 'PD_3,PD_4': inf, 'PD_3,PD_5': inf, 'PD_3,PD_6': inf, 'PD_3,PD_7': inf, 'PD_3,PD_8': inf, 'PD_4,PD_5': inf, 'PD_4,PD_6': inf, 'PD_4,PD_7': inf, 'PD_4,PD_8': inf, 'PD_5,PD_6': inf, 'PD_5,PD_7': inf, 'PD_5,PD_8': inf, 'PD_6,PD_7': inf, 'PD_6,PD_8': inf, 'PD_7,PD_8': inf}
    remove_hold_edge candidate: remove PD_3 -> FILE_1_1 HOLD edge -> score: 0.100
  Computing metrics...
    RSI: {'PD_2,PD_3': 1.0, 'PD_2,PD_4': 1.0, 'PD_2,PD_5': 1.0, 'PD_2,PD_6': 1.0, 'PD_2,PD_7': 1.0, 'PD_2,PD_8': 0.0, 'PD_3,PD_4': 1.0, 'PD_3,PD_5': 1.0, 'PD_3,PD_6': 1.0, 'PD_3,PD_7': 1.0, 'PD_3,PD_8': 0.0, 'PD_4,PD_5': 1.0, 'PD_4,PD_6': 1.0, 'PD_4,PD_7': 1.0, 'PD_4,PD_8': 0.0, 'PD_5,PD_6': 1.0, 'PD_5,PD_7': 1.0, 'PD_5,PD_8': 0.0, 'PD_6,PD_7': 1.0, 'PD_6,PD_8': 0.0, 'PD_7,PD_8': 0.0}, ASR: 1.0, TCB: {'PD_2': ['PD_4', 'PD_3', 'PD_5', 'PD_6', 'PD_7'], 'PD_3': ['PD_2', 'PD_4', 'PD_5', 'PD_6', 'PD_7'], 'PD_4': ['PD_2', 'PD_3', 'PD_5', 'PD_6', 'PD_7'], 'PD_5': ['PD_2', 'PD_3', 'PD_4', 'PD_6', 'PD_7'], 'PD_6': ['PD_2', 'PD_3', 'PD_4', 'PD_5', 'PD_7'], 'PD_7': ['PD_2', 'PD_3', 'PD_4', 'PD_5', 'PD_6'], 'PD_8': []}, FR: {'PD_2,PD_3': inf, 'PD_2,PD_4': inf, 'PD_2,PD_5': inf, 'PD_2,PD_6': inf, 'PD_2,PD_7': inf, 'PD_2,PD_8': inf, 'PD_3,PD_4': inf, 'PD_3,PD_5': inf, 'PD_3,PD_6': inf, 'PD_3,PD_7': inf, 'PD_3,PD_8': inf, 'PD_4,PD_5': inf, 'PD_4,PD_6': inf, 'PD_4,PD_7': inf, 'PD_4,PD_8': inf, 'PD_5,PD_6': inf, 'PD_5,PD_7': inf, 'PD_5,PD_8': inf, 'PD_6,PD_7': inf, 'PD_6,PD_8': inf, 'PD_7,PD_8': inf}
  Computing metrics...
    RSI: {'PD_2,PD_3': 1.0, 'PD_2,PD_4': 1.0, 'PD_2,PD_5': 1.0, 'PD_2,PD_6': 1.0, 'PD_2,PD_7': 1.0, 'PD_2,PD_8': 0.0, 'PD_3,PD_4': 1.0, 'PD_3,PD_5': 1.0, 'PD_3,PD_6': 1.0, 'PD_3,PD_7': 1.0, 'PD_3,PD_8': 0.0, 'PD_4,PD_5': 1.0, 'PD_4,PD_6': 1.0, 'PD_4,PD_7': 1.0, 'PD_4,PD_8': 0.0, 'PD_5,PD_6': 1.0, 'PD_5,PD_7': 1.0, 'PD_5,PD_8': 0.0, 'PD_6,PD_7': 1.0, 'PD_6,PD_8': 0.0, 'PD_7,PD_8': 0.0}, ASR: 1.0, TCB: {'PD_2': ['PD_4', 'PD_3', 'PD_5', 'PD_6', 'PD_7'], 'PD_3': ['PD_2', 'PD_4', 'PD_5', 'PD_6', 'PD_7'], 'PD_4': ['PD_2', 'PD_3', 'PD_5', 'PD_6', 'PD_7'], 'PD_5': ['PD_2', 'PD_3', 'PD_4', 'PD_6', 'PD_7'], 'PD_6': ['PD_2', 'PD_3', 'PD_4', 'PD_5', 'PD_7'], 'PD_7': ['PD_2', 'PD_3', 'PD_4', 'PD_5', 'PD_6'], 'PD_8': []}, FR: {'PD_2,PD_3': inf, 'PD_2,PD_4': inf, 'PD_2,PD_5': inf, 'PD_2,PD_6': inf, 'PD_2,PD_7': inf, 'PD_2,PD_8': inf, 'PD_3,PD_4': inf, 'PD_3,PD_5': inf, 'PD_3,PD_6': inf, 'PD_3,PD_7': inf, 'PD_3,PD_8': inf, 'PD_4,PD_5': inf, 'PD_4,PD_6': inf, 'PD_4,PD_7': inf, 'PD_4,PD_8': inf, 'PD_5,PD_6': inf, 'PD_5,PD_7': inf, 'PD_5,PD_8': inf, 'PD_6,PD_7': inf, 'PD_6,PD_8': inf, 'PD_7,PD_8': inf}
    remove_hold_edge candidate: remove PD_4 -> FILE_1_1 HOLD edge -> score: 0.100
  Computing metrics...
    RSI: {'PD_2,PD_3': 1.0, 'PD_2,PD_4': 1.0, 'PD_2,PD_5': 1.0, 'PD_2,PD_6': 1.0, 'PD_2,PD_7': 1.0, 'PD_2,PD_8': 0.0, 'PD_3,PD_4': 1.0, 'PD_3,PD_5': 1.0, 'PD_3,PD_6': 1.0, 'PD_3,PD_7': 1.0, 'PD_3,PD_8': 0.0, 'PD_4,PD_5': 1.0, 'PD_4,PD_6': 1.0, 'PD_4,PD_7': 1.0, 'PD_4,PD_8': 0.0, 'PD_5,PD_6': 1.0, 'PD_5,PD_7': 1.0, 'PD_5,PD_8': 0.0, 'PD_6,PD_7': 1.0, 'PD_6,PD_8': 0.0, 'PD_7,PD_8': 0.0}, ASR: 1.0, TCB: {'PD_2': ['PD_4', 'PD_3', 'PD_5', 'PD_6', 'PD_7'], 'PD_3': ['PD_2', 'PD_4', 'PD_5', 'PD_6', 'PD_7'], 'PD_4': ['PD_2', 'PD_3', 'PD_5', 'PD_6', 'PD_7'], 'PD_5': ['PD_2', 'PD_3', 'PD_4', 'PD_6', 'PD_7'], 'PD_6': ['PD_2', 'PD_3', 'PD_4', 'PD_5', 'PD_7'], 'PD_7': ['PD_2', 'PD_3', 'PD_4', 'PD_5', 'PD_6'], 'PD_8': []}, FR: {'PD_2,PD_3': inf, 'PD_2,PD_4': inf, 'PD_2,PD_5': inf, 'PD_2,PD_6': inf, 'PD_2,PD_7': inf, 'PD_2,PD_8': inf, 'PD_3,PD_4': inf, 'PD_3,PD_5': inf, 'PD_3,PD_6': inf, 'PD_3,PD_7': inf, 'PD_3,PD_8': inf, 'PD_4,PD_5': inf, 'PD_4,PD_6': inf, 'PD_4,PD_7': inf, 'PD_4,PD_8': inf, 'PD_5,PD_6': inf, 'PD_5,PD_7': inf, 'PD_5,PD_8': inf, 'PD_6,PD_7': inf, 'PD_6,PD_8': inf, 'PD_7,PD_8': inf}
  Computing metrics...
    RSI: {'PD_2,PD_3': 1.0, 'PD_2,PD_4': 1.0, 'PD_2,PD_5': 1.0, 'PD_2,PD_6': 1.0, 'PD_2,PD_7': 1.0, 'PD_2,PD_8': 0.0, 'PD_3,PD_4': 1.0, 'PD_3,PD_5': 1.0, 'PD_3,PD_6': 1.0, 'PD_3,PD_7': 1.0, 'PD_3,PD_8': 0.0, 'PD_4,PD_5': 1.0, 'PD_4,PD_6': 1.0, 'PD_4,PD_7': 1.0, 'PD_4,PD_8': 0.0, 'PD_5,PD_6': 1.0, 'PD_5,PD_7': 1.0, 'PD_5,PD_8': 0.0, 'PD_6,PD_7': 1.0, 'PD_6,PD_8': 0.0, 'PD_7,PD_8': 0.0}, ASR: 1.0, TCB: {'PD_2': ['PD_4', 'PD_3', 'PD_5', 'PD_6', 'PD_7'], 'PD_3': ['PD_2', 'PD_4', 'PD_5', 'PD_6', 'PD_7'], 'PD_4': ['PD_2', 'PD_3', 'PD_5', 'PD_6', 'PD_7'], 'PD_5': ['PD_2', 'PD_3', 'PD_4', 'PD_6', 'PD_7'], 'PD_6': ['PD_2', 'PD_3', 'PD_4', 'PD_5', 'PD_7'], 'PD_7': ['PD_2', 'PD_3', 'PD_4', 'PD_5', 'PD_6'], 'PD_8': []}, FR: {'PD_2,PD_3': inf, 'PD_2,PD_4': inf, 'PD_2,PD_5': inf, 'PD_2,PD_6': inf, 'PD_2,PD_7': inf, 'PD_2,PD_8': inf, 'PD_3,PD_4': inf, 'PD_3,PD_5': inf, 'PD_3,PD_6': inf, 'PD_3,PD_7': inf, 'PD_3,PD_8': inf, 'PD_4,PD_5': inf, 'PD_4,PD_6': inf, 'PD_4,PD_7': inf, 'PD_4,PD_8': inf, 'PD_5,PD_6': inf, 'PD_5,PD_7': inf, 'PD_5,PD_8': inf, 'PD_6,PD_7': inf, 'PD_6,PD_8': inf, 'PD_7,PD_8': inf}
    remove_hold_edge candidate: remove PD_5 -> FILE_1_1 HOLD edge -> score: 0.100
  Computing metrics...
    RSI: {'PD_2,PD_3': 1.0, 'PD_2,PD_4': 1.0, 'PD_2,PD_5': 1.0, 'PD_2,PD_6': 1.0, 'PD_2,PD_7': 1.0, 'PD_2,PD_8': 0.0, 'PD_3,PD_4': 1.0, 'PD_3,PD_5': 1.0, 'PD_3,PD_6': 1.0, 'PD_3,PD_7': 1.0, 'PD_3,PD_8': 0.0, 'PD_4,PD_5': 1.0, 'PD_4,PD_6': 1.0, 'PD_4,PD_7': 1.0, 'PD_4,PD_8': 0.0, 'PD_5,PD_6': 1.0, 'PD_5,PD_7': 1.0, 'PD_5,PD_8': 0.0, 'PD_6,PD_7': 1.0, 'PD_6,PD_8': 0.0, 'PD_7,PD_8': 0.0}, ASR: 1.0, TCB: {'PD_2': ['PD_4', 'PD_3', 'PD_5', 'PD_6', 'PD_7'], 'PD_3': ['PD_2', 'PD_4', 'PD_5', 'PD_6', 'PD_7'], 'PD_4': ['PD_2', 'PD_3', 'PD_5', 'PD_6', 'PD_7'], 'PD_5': ['PD_2', 'PD_3', 'PD_4', 'PD_6', 'PD_7'], 'PD_6': ['PD_2', 'PD_3', 'PD_4', 'PD_5', 'PD_7'], 'PD_7': ['PD_2', 'PD_3', 'PD_4', 'PD_5', 'PD_6'], 'PD_8': []}, FR: {'PD_2,PD_3': inf, 'PD_2,PD_4': inf, 'PD_2,PD_5': inf, 'PD_2,PD_6': inf, 'PD_2,PD_7': inf, 'PD_2,PD_8': inf, 'PD_3,PD_4': inf, 'PD_3,PD_5': inf, 'PD_3,PD_6': inf, 'PD_3,PD_7': inf, 'PD_3,PD_8': inf, 'PD_4,PD_5': inf, 'PD_4,PD_6': inf, 'PD_4,PD_7': inf, 'PD_4,PD_8': inf, 'PD_5,PD_6': inf, 'PD_5,PD_7': inf, 'PD_5,PD_8': inf, 'PD_6,PD_7': inf, 'PD_6,PD_8': inf, 'PD_7,PD_8': inf}
  Computing metrics...
    RSI: {'PD_2,PD_3': 1.0, 'PD_2,PD_4': 1.0, 'PD_2,PD_5': 1.0, 'PD_2,PD_6': 1.0, 'PD_2,PD_7': 1.0, 'PD_2,PD_8': 0.0, 'PD_3,PD_4': 1.0, 'PD_3,PD_5': 1.0, 'PD_3,PD_6': 1.0, 'PD_3,PD_7': 1.0, 'PD_3,PD_8': 0.0, 'PD_4,PD_5': 1.0, 'PD_4,PD_6': 1.0, 'PD_4,PD_7': 1.0, 'PD_4,PD_8': 0.0, 'PD_5,PD_6': 1.0, 'PD_5,PD_7': 1.0, 'PD_5,PD_8': 0.0, 'PD_6,PD_7': 1.0, 'PD_6,PD_8': 0.0, 'PD_7,PD_8': 0.0}, ASR: 1.0, TCB: {'PD_2': ['PD_4', 'PD_3', 'PD_5', 'PD_6', 'PD_7'], 'PD_3': ['PD_2', 'PD_4', 'PD_5', 'PD_6', 'PD_7'], 'PD_4': ['PD_2', 'PD_3', 'PD_5', 'PD_6', 'PD_7'], 'PD_5': ['PD_2', 'PD_3', 'PD_4', 'PD_6', 'PD_7'], 'PD_6': ['PD_2', 'PD_3', 'PD_4', 'PD_5', 'PD_7'], 'PD_7': ['PD_2', 'PD_3', 'PD_4', 'PD_5', 'PD_6'], 'PD_8': []}, FR: {'PD_2,PD_3': inf, 'PD_2,PD_4': inf, 'PD_2,PD_5': inf, 'PD_2,PD_6': inf, 'PD_2,PD_7': inf, 'PD_2,PD_8': inf, 'PD_3,PD_4': inf, 'PD_3,PD_5': inf, 'PD_3,PD_6': inf, 'PD_3,PD_7': inf, 'PD_3,PD_8': inf, 'PD_4,PD_5': inf, 'PD_4,PD_6': inf, 'PD_4,PD_7': inf, 'PD_4,PD_8': inf, 'PD_5,PD_6': inf, 'PD_5,PD_7': inf, 'PD_5,PD_8': inf, 'PD_6,PD_7': inf, 'PD_6,PD_8': inf, 'PD_7,PD_8': inf}
    remove_hold_edge candidate: remove PD_6 -> FILE_1_1 HOLD edge -> score: 0.100
  Computing metrics...
    RSI: {'PD_2,PD_3': 1.0, 'PD_2,PD_4': 1.0, 'PD_2,PD_5': 1.0, 'PD_2,PD_6': 1.0, 'PD_2,PD_7': 1.0, 'PD_2,PD_8': 0.0, 'PD_3,PD_4': 1.0, 'PD_3,PD_5': 1.0, 'PD_3,PD_6': 1.0, 'PD_3,PD_7': 1.0, 'PD_3,PD_8': 0.0, 'PD_4,PD_5': 1.0, 'PD_4,PD_6': 1.0, 'PD_4,PD_7': 1.0, 'PD_4,PD_8': 0.0, 'PD_5,PD_6': 1.0, 'PD_5,PD_7': 1.0, 'PD_5,PD_8': 0.0, 'PD_6,PD_7': 1.0, 'PD_6,PD_8': 0.0, 'PD_7,PD_8': 0.0}, ASR: 1.0, TCB: {'PD_2': ['PD_4', 'PD_3', 'PD_5', 'PD_6', 'PD_7'], 'PD_3': ['PD_2', 'PD_4', 'PD_5', 'PD_6', 'PD_7'], 'PD_4': ['PD_2', 'PD_3', 'PD_5', 'PD_6', 'PD_7'], 'PD_5': ['PD_2', 'PD_3', 'PD_4', 'PD_6', 'PD_7'], 'PD_6': ['PD_2', 'PD_3', 'PD_4', 'PD_5', 'PD_7'], 'PD_7': ['PD_2', 'PD_3', 'PD_4', 'PD_5', 'PD_6'], 'PD_8': []}, FR: {'PD_2,PD_3': inf, 'PD_2,PD_4': inf, 'PD_2,PD_5': inf, 'PD_2,PD_6': inf, 'PD_2,PD_7': inf, 'PD_2,PD_8': inf, 'PD_3,PD_4': inf, 'PD_3,PD_5': inf, 'PD_3,PD_6': inf, 'PD_3,PD_7': inf, 'PD_3,PD_8': inf, 'PD_4,PD_5': inf, 'PD_4,PD_6': inf, 'PD_4,PD_7': inf, 'PD_4,PD_8': inf, 'PD_5,PD_6': inf, 'PD_5,PD_7': inf, 'PD_5,PD_8': inf, 'PD_6,PD_7': inf, 'PD_6,PD_8': inf, 'PD_7,PD_8': inf}
  Computing metrics...
    RSI: {'PD_2,PD_3': 1.0, 'PD_2,PD_4': 1.0, 'PD_2,PD_5': 1.0, 'PD_2,PD_6': 1.0, 'PD_2,PD_7': 1.0, 'PD_2,PD_8': 0.0, 'PD_3,PD_4': 1.0, 'PD_3,PD_5': 1.0, 'PD_3,PD_6': 1.0, 'PD_3,PD_7': 1.0, 'PD_3,PD_8': 0.0, 'PD_4,PD_5': 1.0, 'PD_4,PD_6': 1.0, 'PD_4,PD_7': 1.0, 'PD_4,PD_8': 0.0, 'PD_5,PD_6': 1.0, 'PD_5,PD_7': 1.0, 'PD_5,PD_8': 0.0, 'PD_6,PD_7': 1.0, 'PD_6,PD_8': 0.0, 'PD_7,PD_8': 0.0}, ASR: 1.0, TCB: {'PD_2': ['PD_4', 'PD_3', 'PD_5', 'PD_6', 'PD_7'], 'PD_3': ['PD_2', 'PD_4', 'PD_5', 'PD_6', 'PD_7'], 'PD_4': ['PD_2', 'PD_3', 'PD_5', 'PD_6', 'PD_7'], 'PD_5': ['PD_2', 'PD_3', 'PD_4', 'PD_6', 'PD_7'], 'PD_6': ['PD_2', 'PD_3', 'PD_4', 'PD_5', 'PD_7'], 'PD_7': ['PD_2', 'PD_3', 'PD_4', 'PD_5', 'PD_6'], 'PD_8': []}, FR: {'PD_2,PD_3': inf, 'PD_2,PD_4': inf, 'PD_2,PD_5': inf, 'PD_2,PD_6': inf, 'PD_2,PD_7': inf, 'PD_2,PD_8': inf, 'PD_3,PD_4': inf, 'PD_3,PD_5': inf, 'PD_3,PD_6': inf, 'PD_3,PD_7': inf, 'PD_3,PD_8': inf, 'PD_4,PD_5': inf, 'PD_4,PD_6': inf, 'PD_4,PD_7': inf, 'PD_4,PD_8': inf, 'PD_5,PD_6': inf, 'PD_5,PD_7': inf, 'PD_5,PD_8': inf, 'PD_6,PD_7': inf, 'PD_6,PD_8': inf, 'PD_7,PD_8': inf}
    remove_hold_edge candidate: remove PD_7 -> FILE_1_1 HOLD edge -> score: 0.100
  Computing metrics...
    RSI: {'PD_2,PD_3': 1.0, 'PD_2,PD_4': 1.0, 'PD_2,PD_5': 1.0, 'PD_2,PD_6': 1.0, 'PD_2,PD_7': 1.0, 'PD_2,PD_8': 0.0, 'PD_3,PD_4': 1.0, 'PD_3,PD_5': 1.0, 'PD_3,PD_6': 1.0, 'PD_3,PD_7': 1.0, 'PD_3,PD_8': 0.0, 'PD_4,PD_5': 1.0, 'PD_4,PD_6': 1.0, 'PD_4,PD_7': 1.0, 'PD_4,PD_8': 0.0, 'PD_5,PD_6': 1.0, 'PD_5,PD_7': 1.0, 'PD_5,PD_8': 0.0, 'PD_6,PD_7': 1.0, 'PD_6,PD_8': 0.0, 'PD_7,PD_8': 0.0}, ASR: 1.0, TCB: {'PD_2': ['PD_4', 'PD_3', 'PD_5', 'PD_6', 'PD_7'], 'PD_3': ['PD_2', 'PD_4', 'PD_5', 'PD_6', 'PD_7'], 'PD_4': ['PD_2', 'PD_3', 'PD_5', 'PD_6', 'PD_7'], 'PD_5': ['PD_2', 'PD_3', 'PD_4', 'PD_6', 'PD_7'], 'PD_6': ['PD_2', 'PD_3', 'PD_4', 'PD_5', 'PD_7'], 'PD_7': ['PD_2', 'PD_3', 'PD_4', 'PD_5', 'PD_6'], 'PD_8': []}, FR: {'PD_2,PD_3': inf, 'PD_2,PD_4': inf, 'PD_2,PD_5': inf, 'PD_2,PD_6': inf, 'PD_2,PD_7': inf, 'PD_2,PD_8': inf, 'PD_3,PD_4': inf, 'PD_3,PD_5': inf, 'PD_3,PD_6': inf, 'PD_3,PD_7': inf, 'PD_3,PD_8': inf, 'PD_4,PD_5': inf, 'PD_4,PD_6': inf, 'PD_4,PD_7': inf, 'PD_4,PD_8': inf, 'PD_5,PD_6': inf, 'PD_5,PD_7': inf, 'PD_5,PD_8': inf, 'PD_6,PD_7': inf, 'PD_6,PD_8': inf, 'PD_7,PD_8': inf}
  Computing metrics...
    RSI: {'PD_2,PD_3': 1.0, 'PD_2,PD_4': 1.0, 'PD_2,PD_5': 1.0, 'PD_2,PD_6': 1.0, 'PD_2,PD_7': 1.0, 'PD_2,PD_8': 0.0, 'PD_3,PD_4': 1.0, 'PD_3,PD_5': 1.0, 'PD_3,PD_6': 1.0, 'PD_3,PD_7': 1.0, 'PD_3,PD_8': 0.0, 'PD_4,PD_5': 1.0, 'PD_4,PD_6': 1.0, 'PD_4,PD_7': 1.0, 'PD_4,PD_8': 0.0, 'PD_5,PD_6': 1.0, 'PD_5,PD_7': 1.0, 'PD_5,PD_8': 0.0, 'PD_6,PD_7': 1.0, 'PD_6,PD_8': 0.0, 'PD_7,PD_8': 0.0}, ASR: 1.1428571428571428, TCB: {'PD_2': ['PD_4', 'PD_3', 'PD_5', 'PD_6', 'PD_7'], 'PD_3': ['PD_2', 'PD_4', 'PD_5', 'PD_6', 'PD_7'], 'PD_4': ['PD_2', 'PD_3', 'PD_5', 'PD_6', 'PD_7'], 'PD_5': ['PD_2', 'PD_3', 'PD_4', 'PD_6', 'PD_7'], 'PD_6': ['PD_2', 'PD_3', 'PD_4', 'PD_5', 'PD_7'], 'PD_7': ['PD_2', 'PD_3', 'PD_4', 'PD_5', 'PD_6'], 'PD_8': []}, FR: {'PD_2,PD_3': inf, 'PD_2,PD_4': inf, 'PD_2,PD_5': inf, 'PD_2,PD_6': inf, 'PD_2,PD_7': inf, 'PD_2,PD_8': inf, 'PD_3,PD_4': inf, 'PD_3,PD_5': inf, 'PD_3,PD_6': inf, 'PD_3,PD_7': inf, 'PD_3,PD_8': inf, 'PD_4,PD_5': inf, 'PD_4,PD_6': inf, 'PD_4,PD_7': inf, 'PD_4,PD_8': inf, 'PD_5,PD_6': inf, 'PD_5,PD_7': inf, 'PD_5,PD_8': inf, 'PD_6,PD_7': inf, 'PD_6,PD_8': inf, 'PD_7,PD_8': inf}
  Computing metrics...
    RSI: {'PD_2,PD_3': 1.0, 'PD_2,PD_4': 1.0, 'PD_2,PD_5': 1.0, 'PD_2,PD_6': 1.0, 'PD_2,PD_7': 1.0, 'PD_2,PD_8': 0.0, 'PD_3,PD_4': 1.0, 'PD_3,PD_5': 1.0, 'PD_3,PD_6': 1.0, 'PD_3,PD_7': 1.0, 'PD_3,PD_8': 0.0, 'PD_4,PD_5': 1.0, 'PD_4,PD_6': 1.0, 'PD_4,PD_7': 1.0, 'PD_4,PD_8': 0.0, 'PD_5,PD_6': 1.0, 'PD_5,PD_7': 1.0, 'PD_5,PD_8': 0.0, 'PD_6,PD_7': 1.0, 'PD_6,PD_8': 0.0, 'PD_7,PD_8': 0.0}, ASR: 1.0, TCB: {'PD_2': ['PD_4', 'PD_3', 'PD_5', 'PD_6', 'PD_7'], 'PD_3': ['PD_2', 'PD_4', 'PD_5', 'PD_6', 'PD_7'], 'PD_4': ['PD_2', 'PD_3', 'PD_5', 'PD_6', 'PD_7'], 'PD_5': ['PD_2', 'PD_3', 'PD_4', 'PD_6', 'PD_7'], 'PD_6': ['PD_2', 'PD_3', 'PD_4', 'PD_5', 'PD_7'], 'PD_7': ['PD_2', 'PD_3', 'PD_4', 'PD_5', 'PD_6'], 'PD_8': []}, FR: {'PD_2,PD_3': inf, 'PD_2,PD_4': inf, 'PD_2,PD_5': inf, 'PD_2,PD_6': inf, 'PD_2,PD_7': inf, 'PD_2,PD_8': inf, 'PD_3,PD_4': inf, 'PD_3,PD_5': inf, 'PD_3,PD_6': inf, 'PD_3,PD_7': inf, 'PD_3,PD_8': inf, 'PD_4,PD_5': inf, 'PD_4,PD_6': inf, 'PD_4,PD_7': inf, 'PD_4,PD_8': inf, 'PD_5,PD_6': inf, 'PD_5,PD_7': inf, 'PD_5,PD_8': inf, 'PD_6,PD_7': inf, 'PD_6,PD_8': inf, 'PD_7,PD_8': inf}
  Computing metrics...
    RSI: {'PD_2,PD_3': 1.0, 'PD_2,PD_4': 1.0, 'PD_2,PD_5': 1.0, 'PD_2,PD_6': 1.0, 'PD_2,PD_7': 1.0, 'PD_2,PD_8': 0.0, 'PD_3,PD_4': 1.0, 'PD_3,PD_5': 1.0, 'PD_3,PD_6': 1.0, 'PD_3,PD_7': 1.0, 'PD_3,PD_8': 0.0, 'PD_4,PD_5': 1.0, 'PD_4,PD_6': 1.0, 'PD_4,PD_7': 1.0, 'PD_4,PD_8': 0.0, 'PD_5,PD_6': 1.0, 'PD_5,PD_7': 1.0, 'PD_5,PD_8': 0.0, 'PD_6,PD_7': 1.0, 'PD_6,PD_8': 0.0, 'PD_7,PD_8': 0.0}, ASR: 1.1428571428571428, TCB: {'PD_2': ['PD_4', 'PD_5', 'PD_3', 'PD_6', 'PD_7'], 'PD_3': ['PD_2', 'PD_4', 'PD_5', 'PD_6', 'PD_7'], 'PD_4': ['PD_2', 'PD_3', 'PD_5', 'PD_6', 'PD_7'], 'PD_5': ['PD_2', 'PD_3', 'PD_4', 'PD_6', 'PD_7'], 'PD_6': ['PD_2', 'PD_3', 'PD_4', 'PD_5', 'PD_7'], 'PD_7': ['PD_2', 'PD_3', 'PD_4', 'PD_5', 'PD_6'], 'PD_8': []}, FR: {'PD_2,PD_3': inf, 'PD_2,PD_4': inf, 'PD_2,PD_5': inf, 'PD_2,PD_6': inf, 'PD_2,PD_7': inf, 'PD_2,PD_8': inf, 'PD_3,PD_4': inf, 'PD_3,PD_5': inf, 'PD_3,PD_6': inf, 'PD_3,PD_7': inf, 'PD_3,PD_8': inf, 'PD_4,PD_5': inf, 'PD_4,PD_6': inf, 'PD_4,PD_7': inf, 'PD_4,PD_8': inf, 'PD_5,PD_6': inf, 'PD_5,PD_7': inf, 'PD_5,PD_8': inf, 'PD_6,PD_7': inf, 'PD_6,PD_8': inf, 'PD_7,PD_8': inf}
  Computing metrics...
    RSI: {'PD_2,PD_3': 1.0, 'PD_2,PD_4': 1.0, 'PD_2,PD_5': 1.0, 'PD_2,PD_6': 1.0, 'PD_2,PD_7': 1.0, 'PD_2,PD_8': 0.0, 'PD_3,PD_4': 1.0, 'PD_3,PD_5': 1.0, 'PD_3,PD_6': 1.0, 'PD_3,PD_7': 1.0, 'PD_3,PD_8': 0.0, 'PD_4,PD_5': 1.0, 'PD_4,PD_6': 1.0, 'PD_4,PD_7': 1.0, 'PD_4,PD_8': 0.0, 'PD_5,PD_6': 1.0, 'PD_5,PD_7': 1.0, 'PD_5,PD_8': 0.0, 'PD_6,PD_7': 1.0, 'PD_6,PD_8': 0.0, 'PD_7,PD_8': 0.0}, ASR: 1.0, TCB: {'PD_2': ['PD_4', 'PD_3', 'PD_5', 'PD_6', 'PD_7'], 'PD_3': ['PD_2', 'PD_4', 'PD_5', 'PD_6', 'PD_7'], 'PD_4': ['PD_2', 'PD_3', 'PD_5', 'PD_6', 'PD_7'], 'PD_5': ['PD_2', 'PD_3', 'PD_4', 'PD_6', 'PD_7'], 'PD_6': ['PD_2', 'PD_3', 'PD_4', 'PD_5', 'PD_7'], 'PD_7': ['PD_2', 'PD_3', 'PD_4', 'PD_5', 'PD_6'], 'PD_8': []}, FR: {'PD_2,PD_3': inf, 'PD_2,PD_4': inf, 'PD_2,PD_5': inf, 'PD_2,PD_6': inf, 'PD_2,PD_7': inf, 'PD_2,PD_8': inf, 'PD_3,PD_4': inf, 'PD_3,PD_5': inf, 'PD_3,PD_6': inf, 'PD_3,PD_7': inf, 'PD_3,PD_8': inf, 'PD_4,PD_5': inf, 'PD_4,PD_6': inf, 'PD_4,PD_7': inf, 'PD_4,PD_8': inf, 'PD_5,PD_6': inf, 'PD_5,PD_7': inf, 'PD_5,PD_8': inf, 'PD_6,PD_7': inf, 'PD_6,PD_8': inf, 'PD_7,PD_8': inf}
  Computing metrics...
    RSI: {'PD_2,PD_3': 1.0, 'PD_2,PD_4': 1.0, 'PD_2,PD_5': 1.0, 'PD_2,PD_6': 1.0, 'PD_2,PD_7': 1.0, 'PD_2,PD_8': 0.0, 'PD_3,PD_4': 1.0, 'PD_3,PD_5': 1.0, 'PD_3,PD_6': 1.0, 'PD_3,PD_7': 1.0, 'PD_3,PD_8': 0.0, 'PD_4,PD_5': 1.0, 'PD_4,PD_6': 1.0, 'PD_4,PD_7': 1.0, 'PD_4,PD_8': 0.0, 'PD_5,PD_6': 1.0, 'PD_5,PD_7': 1.0, 'PD_5,PD_8': 0.0, 'PD_6,PD_7': 1.0, 'PD_6,PD_8': 0.0, 'PD_7,PD_8': 0.0}, ASR: 1.1428571428571428, TCB: {'PD_2': ['PD_4', 'PD_6', 'PD_3', 'PD_5', 'PD_7'], 'PD_3': ['PD_2', 'PD_4', 'PD_5', 'PD_6', 'PD_7'], 'PD_4': ['PD_2', 'PD_3', 'PD_5', 'PD_6', 'PD_7'], 'PD_5': ['PD_2', 'PD_3', 'PD_4', 'PD_6', 'PD_7'], 'PD_6': ['PD_2', 'PD_3', 'PD_4', 'PD_5', 'PD_7'], 'PD_7': ['PD_2', 'PD_3', 'PD_4', 'PD_5', 'PD_6'], 'PD_8': []}, FR: {'PD_2,PD_3': inf, 'PD_2,PD_4': inf, 'PD_2,PD_5': inf, 'PD_2,PD_6': inf, 'PD_2,PD_7': inf, 'PD_2,PD_8': inf, 'PD_3,PD_4': inf, 'PD_3,PD_5': inf, 'PD_3,PD_6': inf, 'PD_3,PD_7': inf, 'PD_3,PD_8': inf, 'PD_4,PD_5': inf, 'PD_4,PD_6': inf, 'PD_4,PD_7': inf, 'PD_4,PD_8': inf, 'PD_5,PD_6': inf, 'PD_5,PD_7': inf, 'PD_5,PD_8': inf, 'PD_6,PD_7': inf, 'PD_6,PD_8': inf, 'PD_7,PD_8': inf}
  Computing metrics...
    RSI: {'PD_2,PD_3': 1.0, 'PD_2,PD_4': 1.0, 'PD_2,PD_5': 1.0, 'PD_2,PD_6': 1.0, 'PD_2,PD_7': 1.0, 'PD_2,PD_8': 0.0, 'PD_3,PD_4': 1.0, 'PD_3,PD_5': 1.0, 'PD_3,PD_6': 1.0, 'PD_3,PD_7': 1.0, 'PD_3,PD_8': 0.0, 'PD_4,PD_5': 1.0, 'PD_4,PD_6': 1.0, 'PD_4,PD_7': 1.0, 'PD_4,PD_8': 0.0, 'PD_5,PD_6': 1.0, 'PD_5,PD_7': 1.0, 'PD_5,PD_8': 0.0, 'PD_6,PD_7': 1.0, 'PD_6,PD_8': 0.0, 'PD_7,PD_8': 0.0}, ASR: 1.0, TCB: {'PD_2': ['PD_4', 'PD_3', 'PD_5', 'PD_6', 'PD_7'], 'PD_3': ['PD_2', 'PD_4', 'PD_5', 'PD_6', 'PD_7'], 'PD_4': ['PD_2', 'PD_3', 'PD_5', 'PD_6', 'PD_7'], 'PD_5': ['PD_2', 'PD_3', 'PD_4', 'PD_6', 'PD_7'], 'PD_6': ['PD_2', 'PD_3', 'PD_4', 'PD_5', 'PD_7'], 'PD_7': ['PD_2', 'PD_3', 'PD_4', 'PD_5', 'PD_6'], 'PD_8': []}, FR: {'PD_2,PD_3': inf, 'PD_2,PD_4': inf, 'PD_2,PD_5': inf, 'PD_2,PD_6': inf, 'PD_2,PD_7': inf, 'PD_2,PD_8': inf, 'PD_3,PD_4': inf, 'PD_3,PD_5': inf, 'PD_3,PD_6': inf, 'PD_3,PD_7': inf, 'PD_3,PD_8': inf, 'PD_4,PD_5': inf, 'PD_4,PD_6': inf, 'PD_4,PD_7': inf, 'PD_4,PD_8': inf, 'PD_5,PD_6': inf, 'PD_5,PD_7': inf, 'PD_5,PD_8': inf, 'PD_6,PD_7': inf, 'PD_6,PD_8': inf, 'PD_7,PD_8': inf}
  Computing metrics...
    RSI: {'PD_2,PD_3': 1.0, 'PD_2,PD_4': 1.0, 'PD_2,PD_5': 1.0, 'PD_2,PD_6': 1.0, 'PD_2,PD_7': 1.0, 'PD_2,PD_8': 0.0, 'PD_3,PD_4': 1.0, 'PD_3,PD_5': 1.0, 'PD_3,PD_6': 1.0, 'PD_3,PD_7': 1.0, 'PD_3,PD_8': 0.0, 'PD_4,PD_5': 1.0, 'PD_4,PD_6': 1.0, 'PD_4,PD_7': 1.0, 'PD_4,PD_8': 0.0, 'PD_5,PD_6': 1.0, 'PD_5,PD_7': 1.0, 'PD_5,PD_8': 0.0, 'PD_6,PD_7': 1.0, 'PD_6,PD_8': 0.0, 'PD_7,PD_8': 0.0}, ASR: 1.1428571428571428, TCB: {'PD_2': ['PD_4', 'PD_7', 'PD_3', 'PD_5', 'PD_6'], 'PD_3': ['PD_2', 'PD_4', 'PD_5', 'PD_6', 'PD_7'], 'PD_4': ['PD_2', 'PD_3', 'PD_5', 'PD_6', 'PD_7'], 'PD_5': ['PD_2', 'PD_3', 'PD_4', 'PD_6', 'PD_7'], 'PD_6': ['PD_2', 'PD_3', 'PD_4', 'PD_5', 'PD_7'], 'PD_7': ['PD_2', 'PD_3', 'PD_4', 'PD_5', 'PD_6'], 'PD_8': []}, FR: {'PD_2,PD_3': inf, 'PD_2,PD_4': inf, 'PD_2,PD_5': inf, 'PD_2,PD_6': inf, 'PD_2,PD_7': inf, 'PD_2,PD_8': inf, 'PD_3,PD_4': inf, 'PD_3,PD_5': inf, 'PD_3,PD_6': inf, 'PD_3,PD_7': inf, 'PD_3,PD_8': inf, 'PD_4,PD_5': inf, 'PD_4,PD_6': inf, 'PD_4,PD_7': inf, 'PD_4,PD_8': inf, 'PD_5,PD_6': inf, 'PD_5,PD_7': inf, 'PD_5,PD_8': inf, 'PD_6,PD_7': inf, 'PD_6,PD_8': inf, 'PD_7,PD_8': inf}
  Computing metrics...
    RSI: {'PD_2,PD_3': 1.0, 'PD_2,PD_4': 1.0, 'PD_2,PD_5': 1.0, 'PD_2,PD_6': 1.0, 'PD_2,PD_7': 1.0, 'PD_2,PD_8': 0.0, 'PD_3,PD_4': 1.0, 'PD_3,PD_5': 1.0, 'PD_3,PD_6': 1.0, 'PD_3,PD_7': 1.0, 'PD_3,PD_8': 0.0, 'PD_4,PD_5': 1.0, 'PD_4,PD_6': 1.0, 'PD_4,PD_7': 1.0, 'PD_4,PD_8': 0.0, 'PD_5,PD_6': 1.0, 'PD_5,PD_7': 1.0, 'PD_5,PD_8': 0.0, 'PD_6,PD_7': 1.0, 'PD_6,PD_8': 0.0, 'PD_7,PD_8': 0.0}, ASR: 1.0, TCB: {'PD_2': ['PD_4', 'PD_3', 'PD_5', 'PD_6', 'PD_7'], 'PD_3': ['PD_2', 'PD_4', 'PD_5', 'PD_6', 'PD_7'], 'PD_4': ['PD_2', 'PD_3', 'PD_5', 'PD_6', 'PD_7'], 'PD_5': ['PD_2', 'PD_3', 'PD_4', 'PD_6', 'PD_7'], 'PD_6': ['PD_2', 'PD_3', 'PD_4', 'PD_5', 'PD_7'], 'PD_7': ['PD_2', 'PD_3', 'PD_4', 'PD_5', 'PD_6'], 'PD_8': []}, FR: {'PD_2,PD_3': inf, 'PD_2,PD_4': inf, 'PD_2,PD_5': inf, 'PD_2,PD_6': inf, 'PD_2,PD_7': inf, 'PD_2,PD_8': inf, 'PD_3,PD_4': inf, 'PD_3,PD_5': inf, 'PD_3,PD_6': inf, 'PD_3,PD_7': inf, 'PD_3,PD_8': inf, 'PD_4,PD_5': inf, 'PD_4,PD_6': inf, 'PD_4,PD_7': inf, 'PD_4,PD_8': inf, 'PD_5,PD_6': inf, 'PD_5,PD_7': inf, 'PD_5,PD_8': inf, 'PD_6,PD_7': inf, 'PD_6,PD_8': inf, 'PD_7,PD_8': inf}
  Computing metrics...
    RSI: {'PD_2,PD_3': 1.0, 'PD_2,PD_4': 1.0, 'PD_2,PD_5': 1.0, 'PD_2,PD_6': 1.0, 'PD_2,PD_7': 1.0, 'PD_2,PD_8': 0.0, 'PD_3,PD_4': 1.0, 'PD_3,PD_5': 1.0, 'PD_3,PD_6': 1.0, 'PD_3,PD_7': 1.0, 'PD_3,PD_8': 0.0, 'PD_4,PD_5': 1.0, 'PD_4,PD_6': 1.0, 'PD_4,PD_7': 1.0, 'PD_4,PD_8': 0.0, 'PD_5,PD_6': 1.0, 'PD_5,PD_7': 1.0, 'PD_5,PD_8': 0.0, 'PD_6,PD_7': 1.0, 'PD_6,PD_8': 0.0, 'PD_7,PD_8': 0.0}, ASR: 1.1428571428571428, TCB: {'PD_2': ['PD_4', 'PD_8', 'PD_3', 'PD_5', 'PD_6', 'PD_7'], 'PD_3': ['PD_2', 'PD_4', 'PD_5', 'PD_6', 'PD_7'], 'PD_4': ['PD_2', 'PD_3', 'PD_5', 'PD_6', 'PD_7'], 'PD_5': ['PD_2', 'PD_3', 'PD_4', 'PD_6', 'PD_7'], 'PD_6': ['PD_2', 'PD_3', 'PD_4', 'PD_5', 'PD_7'], 'PD_7': ['PD_2', 'PD_3', 'PD_4', 'PD_5', 'PD_6'], 'PD_8': []}, FR: {'PD_2,PD_3': inf, 'PD_2,PD_4': inf, 'PD_2,PD_5': inf, 'PD_2,PD_6': inf, 'PD_2,PD_7': inf, 'PD_2,PD_8': inf, 'PD_3,PD_4': inf, 'PD_3,PD_5': inf, 'PD_3,PD_6': inf, 'PD_3,PD_7': inf, 'PD_3,PD_8': inf, 'PD_4,PD_5': inf, 'PD_4,PD_6': inf, 'PD_4,PD_7': inf, 'PD_4,PD_8': inf, 'PD_5,PD_6': inf, 'PD_5,PD_7': inf, 'PD_5,PD_8': inf, 'PD_6,PD_7': inf, 'PD_6,PD_8': inf, 'PD_7,PD_8': inf}
  Computing metrics...
    RSI: {'PD_2,PD_3': 1.0, 'PD_2,PD_4': 1.0, 'PD_2,PD_5': 1.0, 'PD_2,PD_6': 1.0, 'PD_2,PD_7': 1.0, 'PD_2,PD_8': 0.0, 'PD_3,PD_4': 1.0, 'PD_3,PD_5': 1.0, 'PD_3,PD_6': 1.0, 'PD_3,PD_7': 1.0, 'PD_3,PD_8': 0.0, 'PD_4,PD_5': 1.0, 'PD_4,PD_6': 1.0, 'PD_4,PD_7': 1.0, 'PD_4,PD_8': 0.0, 'PD_5,PD_6': 1.0, 'PD_5,PD_7': 1.0, 'PD_5,PD_8': 0.0, 'PD_6,PD_7': 1.0, 'PD_6,PD_8': 0.0, 'PD_7,PD_8': 0.0}, ASR: 1.0, TCB: {'PD_2': ['PD_4', 'PD_3', 'PD_5', 'PD_6', 'PD_7'], 'PD_3': ['PD_2', 'PD_4', 'PD_5', 'PD_6', 'PD_7'], 'PD_4': ['PD_2', 'PD_3', 'PD_5', 'PD_6', 'PD_7'], 'PD_5': ['PD_2', 'PD_3', 'PD_4', 'PD_6', 'PD_7'], 'PD_6': ['PD_2', 'PD_3', 'PD_4', 'PD_5', 'PD_7'], 'PD_7': ['PD_2', 'PD_3', 'PD_4', 'PD_5', 'PD_6'], 'PD_8': []}, FR: {'PD_2,PD_3': inf, 'PD_2,PD_4': inf, 'PD_2,PD_5': inf, 'PD_2,PD_6': inf, 'PD_2,PD_7': inf, 'PD_2,PD_8': inf, 'PD_3,PD_4': inf, 'PD_3,PD_5': inf, 'PD_3,PD_6': inf, 'PD_3,PD_7': inf, 'PD_3,PD_8': inf, 'PD_4,PD_5': inf, 'PD_4,PD_6': inf, 'PD_4,PD_7': inf, 'PD_4,PD_8': inf, 'PD_5,PD_6': inf, 'PD_5,PD_7': inf, 'PD_5,PD_8': inf, 'PD_6,PD_7': inf, 'PD_6,PD_8': inf, 'PD_7,PD_8': inf}
  Computing metrics...
    RSI: {'PD_2,PD_3': 1.0, 'PD_2,PD_4': 1.0, 'PD_2,PD_5': 1.0, 'PD_2,PD_6': 1.0, 'PD_2,PD_7': 1.0, 'PD_2,PD_8': 0.0, 'PD_3,PD_4': 1.0, 'PD_3,PD_5': 1.0, 'PD_3,PD_6': 1.0, 'PD_3,PD_7': 1.0, 'PD_3,PD_8': 0.0, 'PD_4,PD_5': 1.0, 'PD_4,PD_6': 1.0, 'PD_4,PD_7': 1.0, 'PD_4,PD_8': 0.0, 'PD_5,PD_6': 1.0, 'PD_5,PD_7': 1.0, 'PD_5,PD_8': 0.0, 'PD_6,PD_7': 1.0, 'PD_6,PD_8': 0.0, 'PD_7,PD_8': 0.0}, ASR: 1.1428571428571428, TCB: {'PD_2': ['PD_4', 'PD_3', 'PD_5', 'PD_6', 'PD_7'], 'PD_3': ['PD_2', 'PD_4', 'PD_5', 'PD_6', 'PD_7'], 'PD_4': ['PD_2', 'PD_3', 'PD_5', 'PD_6', 'PD_7'], 'PD_5': ['PD_2', 'PD_3', 'PD_4', 'PD_6', 'PD_7'], 'PD_6': ['PD_2', 'PD_3', 'PD_4', 'PD_5', 'PD_7'], 'PD_7': ['PD_2', 'PD_3', 'PD_4', 'PD_5', 'PD_6'], 'PD_8': []}, FR: {'PD_2,PD_3': 3, 'PD_2,PD_4': inf, 'PD_2,PD_5': inf, 'PD_2,PD_6': inf, 'PD_2,PD_7': inf, 'PD_2,PD_8': inf, 'PD_3,PD_4': inf, 'PD_3,PD_5': inf, 'PD_3,PD_6': inf, 'PD_3,PD_7': inf, 'PD_3,PD_8': inf, 'PD_4,PD_5': inf, 'PD_4,PD_6': inf, 'PD_4,PD_7': inf, 'PD_4,PD_8': inf, 'PD_5,PD_6': inf, 'PD_5,PD_7': inf, 'PD_5,PD_8': inf, 'PD_6,PD_7': inf, 'PD_6,PD_8': inf, 'PD_7,PD_8': inf}
  Computing metrics...
    RSI: {'PD_2,PD_3': 1.0, 'PD_2,PD_4': 1.0, 'PD_2,PD_5': 1.0, 'PD_2,PD_6': 1.0, 'PD_2,PD_7': 1.0, 'PD_2,PD_8': 0.0, 'PD_3,PD_4': 1.0, 'PD_3,PD_5': 1.0, 'PD_3,PD_6': 1.0, 'PD_3,PD_7': 1.0, 'PD_3,PD_8': 0.0, 'PD_4,PD_5': 1.0, 'PD_4,PD_6': 1.0, 'PD_4,PD_7': 1.0, 'PD_4,PD_8': 0.0, 'PD_5,PD_6': 1.0, 'PD_5,PD_7': 1.0, 'PD_5,PD_8': 0.0, 'PD_6,PD_7': 1.0, 'PD_6,PD_8': 0.0, 'PD_7,PD_8': 0.0}, ASR: 1.0, TCB: {'PD_2': ['PD_4', 'PD_3', 'PD_5', 'PD_6', 'PD_7'], 'PD_3': ['PD_2', 'PD_4', 'PD_5', 'PD_6', 'PD_7'], 'PD_4': ['PD_2', 'PD_3', 'PD_5', 'PD_6', 'PD_7'], 'PD_5': ['PD_2', 'PD_3', 'PD_4', 'PD_6', 'PD_7'], 'PD_6': ['PD_2', 'PD_3', 'PD_4', 'PD_5', 'PD_7'], 'PD_7': ['PD_2', 'PD_3', 'PD_4', 'PD_5', 'PD_6'], 'PD_8': []}, FR: {'PD_2,PD_3': inf, 'PD_2,PD_4': inf, 'PD_2,PD_5': inf, 'PD_2,PD_6': inf, 'PD_2,PD_7': inf, 'PD_2,PD_8': inf, 'PD_3,PD_4': inf, 'PD_3,PD_5': inf, 'PD_3,PD_6': inf, 'PD_3,PD_7': inf, 'PD_3,PD_8': inf, 'PD_4,PD_5': inf, 'PD_4,PD_6': inf, 'PD_4,PD_7': inf, 'PD_4,PD_8': inf, 'PD_5,PD_6': inf, 'PD_5,PD_7': inf, 'PD_5,PD_8': inf, 'PD_6,PD_7': inf, 'PD_6,PD_8': inf, 'PD_7,PD_8': inf}
  Computing metrics...
    RSI: {'PD_2,PD_3': 1.0, 'PD_2,PD_4': 1.0, 'PD_2,PD_5': 1.0, 'PD_2,PD_6': 1.0, 'PD_2,PD_7': 1.0, 'PD_2,PD_8': 0.0, 'PD_3,PD_4': 1.0, 'PD_3,PD_5': 1.0, 'PD_3,PD_6': 1.0, 'PD_3,PD_7': 1.0, 'PD_3,PD_8': 0.0, 'PD_4,PD_5': 1.0, 'PD_4,PD_6': 1.0, 'PD_4,PD_7': 1.0, 'PD_4,PD_8': 0.0, 'PD_5,PD_6': 1.0, 'PD_5,PD_7': 1.0, 'PD_5,PD_8': 0.0, 'PD_6,PD_7': 1.0, 'PD_6,PD_8': 0.0, 'PD_7,PD_8': 0.0}, ASR: 1.1428571428571428, TCB: {'PD_2': ['PD_4', 'PD_3', 'PD_5', 'PD_6', 'PD_7'], 'PD_3': ['PD_4', 'PD_2', 'PD_5', 'PD_6', 'PD_7'], 'PD_4': ['PD_2', 'PD_3', 'PD_5', 'PD_6', 'PD_7'], 'PD_5': ['PD_2', 'PD_3', 'PD_4', 'PD_6', 'PD_7'], 'PD_6': ['PD_2', 'PD_3', 'PD_4', 'PD_5', 'PD_7'], 'PD_7': ['PD_2', 'PD_3', 'PD_4', 'PD_5', 'PD_6'], 'PD_8': []}, FR: {'PD_2,PD_3': 2, 'PD_2,PD_4': inf, 'PD_2,PD_5': inf, 'PD_2,PD_6': inf, 'PD_2,PD_7': inf, 'PD_2,PD_8': inf, 'PD_3,PD_4': inf, 'PD_3,PD_5': inf, 'PD_3,PD_6': inf, 'PD_3,PD_7': inf, 'PD_3,PD_8': inf, 'PD_4,PD_5': inf, 'PD_4,PD_6': inf, 'PD_4,PD_7': inf, 'PD_4,PD_8': inf, 'PD_5,PD_6': inf, 'PD_5,PD_7': inf, 'PD_5,PD_8': inf, 'PD_6,PD_7': inf, 'PD_6,PD_8': inf, 'PD_7,PD_8': inf}
  Computing metrics...
    RSI: {'PD_2,PD_3': 1.0, 'PD_2,PD_4': 1.0, 'PD_2,PD_5': 1.0, 'PD_2,PD_6': 1.0, 'PD_2,PD_7': 1.0, 'PD_2,PD_8': 0.0, 'PD_3,PD_4': 1.0, 'PD_3,PD_5': 1.0, 'PD_3,PD_6': 1.0, 'PD_3,PD_7': 1.0, 'PD_3,PD_8': 0.0, 'PD_4,PD_5': 1.0, 'PD_4,PD_6': 1.0, 'PD_4,PD_7': 1.0, 'PD_4,PD_8': 0.0, 'PD_5,PD_6': 1.0, 'PD_5,PD_7': 1.0, 'PD_5,PD_8': 0.0, 'PD_6,PD_7': 1.0, 'PD_6,PD_8': 0.0, 'PD_7,PD_8': 0.0}, ASR: 1.0, TCB: {'PD_2': ['PD_4', 'PD_3', 'PD_5', 'PD_6', 'PD_7'], 'PD_3': ['PD_2', 'PD_4', 'PD_5', 'PD_6', 'PD_7'], 'PD_4': ['PD_2', 'PD_3', 'PD_5', 'PD_6', 'PD_7'], 'PD_5': ['PD_2', 'PD_3', 'PD_4', 'PD_6', 'PD_7'], 'PD_6': ['PD_2', 'PD_3', 'PD_4', 'PD_5', 'PD_7'], 'PD_7': ['PD_2', 'PD_3', 'PD_4', 'PD_5', 'PD_6'], 'PD_8': []}, FR: {'PD_2,PD_3': inf, 'PD_2,PD_4': inf, 'PD_2,PD_5': inf, 'PD_2,PD_6': inf, 'PD_2,PD_7': inf, 'PD_2,PD_8': inf, 'PD_3,PD_4': inf, 'PD_3,PD_5': inf, 'PD_3,PD_6': inf, 'PD_3,PD_7': inf, 'PD_3,PD_8': inf, 'PD_4,PD_5': inf, 'PD_4,PD_6': inf, 'PD_4,PD_7': inf, 'PD_4,PD_8': inf, 'PD_5,PD_6': inf, 'PD_5,PD_7': inf, 'PD_5,PD_8': inf, 'PD_6,PD_7': inf, 'PD_6,PD_8': inf, 'PD_7,PD_8': inf}
  Computing metrics...
    RSI: {'PD_2,PD_3': 1.0, 'PD_2,PD_4': 1.0, 'PD_2,PD_5': 1.0, 'PD_2,PD_6': 1.0, 'PD_2,PD_7': 1.0, 'PD_2,PD_8': 0.0, 'PD_3,PD_4': 1.0, 'PD_3,PD_5': 1.0, 'PD_3,PD_6': 1.0, 'PD_3,PD_7': 1.0, 'PD_3,PD_8': 0.0, 'PD_4,PD_5': 1.0, 'PD_4,PD_6': 1.0, 'PD_4,PD_7': 1.0, 'PD_4,PD_8': 0.0, 'PD_5,PD_6': 1.0, 'PD_5,PD_7': 1.0, 'PD_5,PD_8': 0.0, 'PD_6,PD_7': 1.0, 'PD_6,PD_8': 0.0, 'PD_7,PD_8': 0.0}, ASR: 1.1428571428571428, TCB: {'PD_2': ['PD_4', 'PD_3', 'PD_5', 'PD_6', 'PD_7'], 'PD_3': ['PD_5', 'PD_2', 'PD_4', 'PD_6', 'PD_7'], 'PD_4': ['PD_2', 'PD_3', 'PD_5', 'PD_6', 'PD_7'], 'PD_5': ['PD_2', 'PD_3', 'PD_4', 'PD_6', 'PD_7'], 'PD_6': ['PD_2', 'PD_3', 'PD_4', 'PD_5', 'PD_7'], 'PD_7': ['PD_2', 'PD_3', 'PD_4', 'PD_5', 'PD_6'], 'PD_8': []}, FR: {'PD_2,PD_3': inf, 'PD_2,PD_4': inf, 'PD_2,PD_5': inf, 'PD_2,PD_6': inf, 'PD_2,PD_7': inf, 'PD_2,PD_8': inf, 'PD_3,PD_4': inf, 'PD_3,PD_5': inf, 'PD_3,PD_6': inf, 'PD_3,PD_7': inf, 'PD_3,PD_8': inf, 'PD_4,PD_5': inf, 'PD_4,PD_6': inf, 'PD_4,PD_7': inf, 'PD_4,PD_8': inf, 'PD_5,PD_6': inf, 'PD_5,PD_7': inf, 'PD_5,PD_8': inf, 'PD_6,PD_7': inf, 'PD_6,PD_8': inf, 'PD_7,PD_8': inf}
  Computing metrics...
    RSI: {'PD_2,PD_3': 1.0, 'PD_2,PD_4': 1.0, 'PD_2,PD_5': 1.0, 'PD_2,PD_6': 1.0, 'PD_2,PD_7': 1.0, 'PD_2,PD_8': 0.0, 'PD_3,PD_4': 1.0, 'PD_3,PD_5': 1.0, 'PD_3,PD_6': 1.0, 'PD_3,PD_7': 1.0, 'PD_3,PD_8': 0.0, 'PD_4,PD_5': 1.0, 'PD_4,PD_6': 1.0, 'PD_4,PD_7': 1.0, 'PD_4,PD_8': 0.0, 'PD_5,PD_6': 1.0, 'PD_5,PD_7': 1.0, 'PD_5,PD_8': 0.0, 'PD_6,PD_7': 1.0, 'PD_6,PD_8': 0.0, 'PD_7,PD_8': 0.0}, ASR: 1.0, TCB: {'PD_2': ['PD_4', 'PD_3', 'PD_5', 'PD_6', 'PD_7'], 'PD_3': ['PD_2', 'PD_4', 'PD_5', 'PD_6', 'PD_7'], 'PD_4': ['PD_2', 'PD_3', 'PD_5', 'PD_6', 'PD_7'], 'PD_5': ['PD_2', 'PD_3', 'PD_4', 'PD_6', 'PD_7'], 'PD_6': ['PD_2', 'PD_3', 'PD_4', 'PD_5', 'PD_7'], 'PD_7': ['PD_2', 'PD_3', 'PD_4', 'PD_5', 'PD_6'], 'PD_8': []}, FR: {'PD_2,PD_3': inf, 'PD_2,PD_4': inf, 'PD_2,PD_5': inf, 'PD_2,PD_6': inf, 'PD_2,PD_7': inf, 'PD_2,PD_8': inf, 'PD_3,PD_4': inf, 'PD_3,PD_5': inf, 'PD_3,PD_6': inf, 'PD_3,PD_7': inf, 'PD_3,PD_8': inf, 'PD_4,PD_5': inf, 'PD_4,PD_6': inf, 'PD_4,PD_7': inf, 'PD_4,PD_8': inf, 'PD_5,PD_6': inf, 'PD_5,PD_7': inf, 'PD_5,PD_8': inf, 'PD_6,PD_7': inf, 'PD_6,PD_8': inf, 'PD_7,PD_8': inf}
  Computing metrics...
    RSI: {'PD_2,PD_3': 1.0, 'PD_2,PD_4': 1.0, 'PD_2,PD_5': 1.0, 'PD_2,PD_6': 1.0, 'PD_2,PD_7': 1.0, 'PD_2,PD_8': 0.0, 'PD_3,PD_4': 1.0, 'PD_3,PD_5': 1.0, 'PD_3,PD_6': 1.0, 'PD_3,PD_7': 1.0, 'PD_3,PD_8': 0.0, 'PD_4,PD_5': 1.0, 'PD_4,PD_6': 1.0, 'PD_4,PD_7': 1.0, 'PD_4,PD_8': 0.0, 'PD_5,PD_6': 1.0, 'PD_5,PD_7': 1.0, 'PD_5,PD_8': 0.0, 'PD_6,PD_7': 1.0, 'PD_6,PD_8': 0.0, 'PD_7,PD_8': 0.0}, ASR: 1.1428571428571428, TCB: {'PD_2': ['PD_4', 'PD_3', 'PD_5', 'PD_6', 'PD_7'], 'PD_3': ['PD_6', 'PD_2', 'PD_4', 'PD_5', 'PD_7'], 'PD_4': ['PD_2', 'PD_3', 'PD_5', 'PD_6', 'PD_7'], 'PD_5': ['PD_2', 'PD_3', 'PD_4', 'PD_6', 'PD_7'], 'PD_6': ['PD_2', 'PD_3', 'PD_4', 'PD_5', 'PD_7'], 'PD_7': ['PD_2', 'PD_3', 'PD_4', 'PD_5', 'PD_6'], 'PD_8': []}, FR: {'PD_2,PD_3': inf, 'PD_2,PD_4': inf, 'PD_2,PD_5': inf, 'PD_2,PD_6': inf, 'PD_2,PD_7': inf, 'PD_2,PD_8': inf, 'PD_3,PD_4': inf, 'PD_3,PD_5': inf, 'PD_3,PD_6': inf, 'PD_3,PD_7': inf, 'PD_3,PD_8': inf, 'PD_4,PD_5': inf, 'PD_4,PD_6': inf, 'PD_4,PD_7': inf, 'PD_4,PD_8': inf, 'PD_5,PD_6': inf, 'PD_5,PD_7': inf, 'PD_5,PD_8': inf, 'PD_6,PD_7': inf, 'PD_6,PD_8': inf, 'PD_7,PD_8': inf}
  Computing metrics...
    RSI: {'PD_2,PD_3': 1.0, 'PD_2,PD_4': 1.0, 'PD_2,PD_5': 1.0, 'PD_2,PD_6': 1.0, 'PD_2,PD_7': 1.0, 'PD_2,PD_8': 0.0, 'PD_3,PD_4': 1.0, 'PD_3,PD_5': 1.0, 'PD_3,PD_6': 1.0, 'PD_3,PD_7': 1.0, 'PD_3,PD_8': 0.0, 'PD_4,PD_5': 1.0, 'PD_4,PD_6': 1.0, 'PD_4,PD_7': 1.0, 'PD_4,PD_8': 0.0, 'PD_5,PD_6': 1.0, 'PD_5,PD_7': 1.0, 'PD_5,PD_8': 0.0, 'PD_6,PD_7': 1.0, 'PD_6,PD_8': 0.0, 'PD_7,PD_8': 0.0}, ASR: 1.0, TCB: {'PD_2': ['PD_4', 'PD_3', 'PD_5', 'PD_6', 'PD_7'], 'PD_3': ['PD_2', 'PD_4', 'PD_5', 'PD_6', 'PD_7'], 'PD_4': ['PD_2', 'PD_3', 'PD_5', 'PD_6', 'PD_7'], 'PD_5': ['PD_2', 'PD_3', 'PD_4', 'PD_6', 'PD_7'], 'PD_6': ['PD_2', 'PD_3', 'PD_4', 'PD_5', 'PD_7'], 'PD_7': ['PD_2', 'PD_3', 'PD_4', 'PD_5', 'PD_6'], 'PD_8': []}, FR: {'PD_2,PD_3': inf, 'PD_2,PD_4': inf, 'PD_2,PD_5': inf, 'PD_2,PD_6': inf, 'PD_2,PD_7': inf, 'PD_2,PD_8': inf, 'PD_3,PD_4': inf, 'PD_3,PD_5': inf, 'PD_3,PD_6': inf, 'PD_3,PD_7': inf, 'PD_3,PD_8': inf, 'PD_4,PD_5': inf, 'PD_4,PD_6': inf, 'PD_4,PD_7': inf, 'PD_4,PD_8': inf, 'PD_5,PD_6': inf, 'PD_5,PD_7': inf, 'PD_5,PD_8': inf, 'PD_6,PD_7': inf, 'PD_6,PD_8': inf, 'PD_7,PD_8': inf}
  Computing metrics...
    RSI: {'PD_2,PD_3': 1.0, 'PD_2,PD_4': 1.0, 'PD_2,PD_5': 1.0, 'PD_2,PD_6': 1.0, 'PD_2,PD_7': 1.0, 'PD_2,PD_8': 0.0, 'PD_3,PD_4': 1.0, 'PD_3,PD_5': 1.0, 'PD_3,PD_6': 1.0, 'PD_3,PD_7': 1.0, 'PD_3,PD_8': 0.0, 'PD_4,PD_5': 1.0, 'PD_4,PD_6': 1.0, 'PD_4,PD_7': 1.0, 'PD_4,PD_8': 0.0, 'PD_5,PD_6': 1.0, 'PD_5,PD_7': 1.0, 'PD_5,PD_8': 0.0, 'PD_6,PD_7': 1.0, 'PD_6,PD_8': 0.0, 'PD_7,PD_8': 0.0}, ASR: 1.1428571428571428, TCB: {'PD_2': ['PD_4', 'PD_3', 'PD_5', 'PD_6', 'PD_7'], 'PD_3': ['PD_7', 'PD_2', 'PD_4', 'PD_5', 'PD_6'], 'PD_4': ['PD_2', 'PD_3', 'PD_5', 'PD_6', 'PD_7'], 'PD_5': ['PD_2', 'PD_3', 'PD_4', 'PD_6', 'PD_7'], 'PD_6': ['PD_2', 'PD_3', 'PD_4', 'PD_5', 'PD_7'], 'PD_7': ['PD_2', 'PD_3', 'PD_4', 'PD_5', 'PD_6'], 'PD_8': []}, FR: {'PD_2,PD_3': inf, 'PD_2,PD_4': inf, 'PD_2,PD_5': inf, 'PD_2,PD_6': inf, 'PD_2,PD_7': inf, 'PD_2,PD_8': inf, 'PD_3,PD_4': inf, 'PD_3,PD_5': inf, 'PD_3,PD_6': inf, 'PD_3,PD_7': inf, 'PD_3,PD_8': inf, 'PD_4,PD_5': inf, 'PD_4,PD_6': inf, 'PD_4,PD_7': inf, 'PD_4,PD_8': inf, 'PD_5,PD_6': inf, 'PD_5,PD_7': inf, 'PD_5,PD_8': inf, 'PD_6,PD_7': inf, 'PD_6,PD_8': inf, 'PD_7,PD_8': inf}
  Computing metrics...
    RSI: {'PD_2,PD_3': 1.0, 'PD_2,PD_4': 1.0, 'PD_2,PD_5': 1.0, 'PD_2,PD_6': 1.0, 'PD_2,PD_7': 1.0, 'PD_2,PD_8': 0.0, 'PD_3,PD_4': 1.0, 'PD_3,PD_5': 1.0, 'PD_3,PD_6': 1.0, 'PD_3,PD_7': 1.0, 'PD_3,PD_8': 0.0, 'PD_4,PD_5': 1.0, 'PD_4,PD_6': 1.0, 'PD_4,PD_7': 1.0, 'PD_4,PD_8': 0.0, 'PD_5,PD_6': 1.0, 'PD_5,PD_7': 1.0, 'PD_5,PD_8': 0.0, 'PD_6,PD_7': 1.0, 'PD_6,PD_8': 0.0, 'PD_7,PD_8': 0.0}, ASR: 1.0, TCB: {'PD_2': ['PD_4', 'PD_3', 'PD_5', 'PD_6', 'PD_7'], 'PD_3': ['PD_2', 'PD_4', 'PD_5', 'PD_6', 'PD_7'], 'PD_4': ['PD_2', 'PD_3', 'PD_5', 'PD_6', 'PD_7'], 'PD_5': ['PD_2', 'PD_3', 'PD_4', 'PD_6', 'PD_7'], 'PD_6': ['PD_2', 'PD_3', 'PD_4', 'PD_5', 'PD_7'], 'PD_7': ['PD_2', 'PD_3', 'PD_4', 'PD_5', 'PD_6'], 'PD_8': []}, FR: {'PD_2,PD_3': inf, 'PD_2,PD_4': inf, 'PD_2,PD_5': inf, 'PD_2,PD_6': inf, 'PD_2,PD_7': inf, 'PD_2,PD_8': inf, 'PD_3,PD_4': inf, 'PD_3,PD_5': inf, 'PD_3,PD_6': inf, 'PD_3,PD_7': inf, 'PD_3,PD_8': inf, 'PD_4,PD_5': inf, 'PD_4,PD_6': inf, 'PD_4,PD_7': inf, 'PD_4,PD_8': inf, 'PD_5,PD_6': inf, 'PD_5,PD_7': inf, 'PD_5,PD_8': inf, 'PD_6,PD_7': inf, 'PD_6,PD_8': inf, 'PD_7,PD_8': inf}
  Computing metrics...
    RSI: {'PD_2,PD_3': 1.0, 'PD_2,PD_4': 1.0, 'PD_2,PD_5': 1.0, 'PD_2,PD_6': 1.0, 'PD_2,PD_7': 1.0, 'PD_2,PD_8': 0.0, 'PD_3,PD_4': 1.0, 'PD_3,PD_5': 1.0, 'PD_3,PD_6': 1.0, 'PD_3,PD_7': 1.0, 'PD_3,PD_8': 0.0, 'PD_4,PD_5': 1.0, 'PD_4,PD_6': 1.0, 'PD_4,PD_7': 1.0, 'PD_4,PD_8': 0.0, 'PD_5,PD_6': 1.0, 'PD_5,PD_7': 1.0, 'PD_5,PD_8': 0.0, 'PD_6,PD_7': 1.0, 'PD_6,PD_8': 0.0, 'PD_7,PD_8': 0.0}, ASR: 1.1428571428571428, TCB: {'PD_2': ['PD_4', 'PD_3', 'PD_5', 'PD_6', 'PD_7'], 'PD_3': ['PD_8', 'PD_2', 'PD_4', 'PD_5', 'PD_6', 'PD_7'], 'PD_4': ['PD_2', 'PD_3', 'PD_5', 'PD_6', 'PD_7'], 'PD_5': ['PD_2', 'PD_3', 'PD_4', 'PD_6', 'PD_7'], 'PD_6': ['PD_2', 'PD_3', 'PD_4', 'PD_5', 'PD_7'], 'PD_7': ['PD_2', 'PD_3', 'PD_4', 'PD_5', 'PD_6'], 'PD_8': []}, FR: {'PD_2,PD_3': inf, 'PD_2,PD_4': inf, 'PD_2,PD_5': inf, 'PD_2,PD_6': inf, 'PD_2,PD_7': inf, 'PD_2,PD_8': inf, 'PD_3,PD_4': inf, 'PD_3,PD_5': inf, 'PD_3,PD_6': inf, 'PD_3,PD_7': inf, 'PD_3,PD_8': inf, 'PD_4,PD_5': inf, 'PD_4,PD_6': inf, 'PD_4,PD_7': inf, 'PD_4,PD_8': inf, 'PD_5,PD_6': inf, 'PD_5,PD_7': inf, 'PD_5,PD_8': inf, 'PD_6,PD_7': inf, 'PD_6,PD_8': inf, 'PD_7,PD_8': inf}
  Computing metrics...
    RSI: {'PD_2,PD_3': 1.0, 'PD_2,PD_4': 1.0, 'PD_2,PD_5': 1.0, 'PD_2,PD_6': 1.0, 'PD_2,PD_7': 1.0, 'PD_2,PD_8': 0.0, 'PD_3,PD_4': 1.0, 'PD_3,PD_5': 1.0, 'PD_3,PD_6': 1.0, 'PD_3,PD_7': 1.0, 'PD_3,PD_8': 0.0, 'PD_4,PD_5': 1.0, 'PD_4,PD_6': 1.0, 'PD_4,PD_7': 1.0, 'PD_4,PD_8': 0.0, 'PD_5,PD_6': 1.0, 'PD_5,PD_7': 1.0, 'PD_5,PD_8': 0.0, 'PD_6,PD_7': 1.0, 'PD_6,PD_8': 0.0, 'PD_7,PD_8': 0.0}, ASR: 1.0, TCB: {'PD_2': ['PD_4', 'PD_3', 'PD_5', 'PD_6', 'PD_7'], 'PD_3': ['PD_2', 'PD_4', 'PD_5', 'PD_6', 'PD_7'], 'PD_4': ['PD_2', 'PD_3', 'PD_5', 'PD_6', 'PD_7'], 'PD_5': ['PD_2', 'PD_3', 'PD_4', 'PD_6', 'PD_7'], 'PD_6': ['PD_2', 'PD_3', 'PD_4', 'PD_5', 'PD_7'], 'PD_7': ['PD_2', 'PD_3', 'PD_4', 'PD_5', 'PD_6'], 'PD_8': []}, FR: {'PD_2,PD_3': inf, 'PD_2,PD_4': inf, 'PD_2,PD_5': inf, 'PD_2,PD_6': inf, 'PD_2,PD_7': inf, 'PD_2,PD_8': inf, 'PD_3,PD_4': inf, 'PD_3,PD_5': inf, 'PD_3,PD_6': inf, 'PD_3,PD_7': inf, 'PD_3,PD_8': inf, 'PD_4,PD_5': inf, 'PD_4,PD_6': inf, 'PD_4,PD_7': inf, 'PD_4,PD_8': inf, 'PD_5,PD_6': inf, 'PD_5,PD_7': inf, 'PD_5,PD_8': inf, 'PD_6,PD_7': inf, 'PD_6,PD_8': inf, 'PD_7,PD_8': inf}
  Computing metrics...
    RSI: {'PD_2,PD_3': 1.0, 'PD_2,PD_4': 1.0, 'PD_2,PD_5': 1.0, 'PD_2,PD_6': 1.0, 'PD_2,PD_7': 1.0, 'PD_2,PD_8': 0.0, 'PD_3,PD_4': 1.0, 'PD_3,PD_5': 1.0, 'PD_3,PD_6': 1.0, 'PD_3,PD_7': 1.0, 'PD_3,PD_8': 0.0, 'PD_4,PD_5': 1.0, 'PD_4,PD_6': 1.0, 'PD_4,PD_7': 1.0, 'PD_4,PD_8': 0.0, 'PD_5,PD_6': 1.0, 'PD_5,PD_7': 1.0, 'PD_5,PD_8': 0.0, 'PD_6,PD_7': 1.0, 'PD_6,PD_8': 0.0, 'PD_7,PD_8': 0.0}, ASR: 1.1428571428571428, TCB: {'PD_2': ['PD_4', 'PD_3', 'PD_5', 'PD_6', 'PD_7'], 'PD_3': ['PD_2', 'PD_4', 'PD_5', 'PD_6', 'PD_7'], 'PD_4': ['PD_2', 'PD_3', 'PD_5', 'PD_6', 'PD_7'], 'PD_5': ['PD_2', 'PD_3', 'PD_4', 'PD_6', 'PD_7'], 'PD_6': ['PD_2', 'PD_3', 'PD_4', 'PD_5', 'PD_7'], 'PD_7': ['PD_2', 'PD_3', 'PD_4', 'PD_5', 'PD_6'], 'PD_8': []}, FR: {'PD_2,PD_3': inf, 'PD_2,PD_4': inf, 'PD_2,PD_5': inf, 'PD_2,PD_6': inf, 'PD_2,PD_7': inf, 'PD_2,PD_8': inf, 'PD_3,PD_4': inf, 'PD_3,PD_5': inf, 'PD_3,PD_6': inf, 'PD_3,PD_7': inf, 'PD_3,PD_8': inf, 'PD_4,PD_5': inf, 'PD_4,PD_6': inf, 'PD_4,PD_7': inf, 'PD_4,PD_8': inf, 'PD_5,PD_6': inf, 'PD_5,PD_7': inf, 'PD_5,PD_8': inf, 'PD_6,PD_7': inf, 'PD_6,PD_8': inf, 'PD_7,PD_8': inf}
  Computing metrics...
    RSI: {'PD_2,PD_3': 1.0, 'PD_2,PD_4': 1.0, 'PD_2,PD_5': 1.0, 'PD_2,PD_6': 1.0, 'PD_2,PD_7': 1.0, 'PD_2,PD_8': 0.0, 'PD_3,PD_4': 1.0, 'PD_3,PD_5': 1.0, 'PD_3,PD_6': 1.0, 'PD_3,PD_7': 1.0, 'PD_3,PD_8': 0.0, 'PD_4,PD_5': 1.0, 'PD_4,PD_6': 1.0, 'PD_4,PD_7': 1.0, 'PD_4,PD_8': 0.0, 'PD_5,PD_6': 1.0, 'PD_5,PD_7': 1.0, 'PD_5,PD_8': 0.0, 'PD_6,PD_7': 1.0, 'PD_6,PD_8': 0.0, 'PD_7,PD_8': 0.0}, ASR: 1.0, TCB: {'PD_2': ['PD_4', 'PD_3', 'PD_5', 'PD_6', 'PD_7'], 'PD_3': ['PD_2', 'PD_4', 'PD_5', 'PD_6', 'PD_7'], 'PD_4': ['PD_2', 'PD_3', 'PD_5', 'PD_6', 'PD_7'], 'PD_5': ['PD_2', 'PD_3', 'PD_4', 'PD_6', 'PD_7'], 'PD_6': ['PD_2', 'PD_3', 'PD_4', 'PD_5', 'PD_7'], 'PD_7': ['PD_2', 'PD_3', 'PD_4', 'PD_5', 'PD_6'], 'PD_8': []}, FR: {'PD_2,PD_3': inf, 'PD_2,PD_4': inf, 'PD_2,PD_5': inf, 'PD_2,PD_6': inf, 'PD_2,PD_7': inf, 'PD_2,PD_8': inf, 'PD_3,PD_4': inf, 'PD_3,PD_5': inf, 'PD_3,PD_6': inf, 'PD_3,PD_7': inf, 'PD_3,PD_8': inf, 'PD_4,PD_5': inf, 'PD_4,PD_6': inf, 'PD_4,PD_7': inf, 'PD_4,PD_8': inf, 'PD_5,PD_6': inf, 'PD_5,PD_7': inf, 'PD_5,PD_8': inf, 'PD_6,PD_7': inf, 'PD_6,PD_8': inf, 'PD_7,PD_8': inf}
  Computing metrics...
    RSI: {'PD_2,PD_3': 1.0, 'PD_2,PD_4': 1.0, 'PD_2,PD_5': 1.0, 'PD_2,PD_6': 1.0, 'PD_2,PD_7': 1.0, 'PD_2,PD_8': 0.0, 'PD_3,PD_4': 1.0, 'PD_3,PD_5': 1.0, 'PD_3,PD_6': 1.0, 'PD_3,PD_7': 1.0, 'PD_3,PD_8': 0.0, 'PD_4,PD_5': 1.0, 'PD_4,PD_6': 1.0, 'PD_4,PD_7': 1.0, 'PD_4,PD_8': 0.0, 'PD_5,PD_6': 1.0, 'PD_5,PD_7': 1.0, 'PD_5,PD_8': 0.0, 'PD_6,PD_7': 1.0, 'PD_6,PD_8': 0.0, 'PD_7,PD_8': 0.0}, ASR: 1.1428571428571428, TCB: {'PD_2': ['PD_4', 'PD_3', 'PD_5', 'PD_6', 'PD_7'], 'PD_3': ['PD_2', 'PD_4', 'PD_5', 'PD_6', 'PD_7'], 'PD_4': ['PD_3', 'PD_2', 'PD_5', 'PD_6', 'PD_7'], 'PD_5': ['PD_2', 'PD_3', 'PD_4', 'PD_6', 'PD_7'], 'PD_6': ['PD_2', 'PD_3', 'PD_4', 'PD_5', 'PD_7'], 'PD_7': ['PD_2', 'PD_3', 'PD_4', 'PD_5', 'PD_6'], 'PD_8': []}, FR: {'PD_2,PD_3': inf, 'PD_2,PD_4': 3, 'PD_2,PD_5': inf, 'PD_2,PD_6': inf, 'PD_2,PD_7': inf, 'PD_2,PD_8': inf, 'PD_3,PD_4': inf, 'PD_3,PD_5': inf, 'PD_3,PD_6': inf, 'PD_3,PD_7': inf, 'PD_3,PD_8': inf, 'PD_4,PD_5': inf, 'PD_4,PD_6': inf, 'PD_4,PD_7': inf, 'PD_4,PD_8': inf, 'PD_5,PD_6': inf, 'PD_5,PD_7': inf, 'PD_5,PD_8': inf, 'PD_6,PD_7': inf, 'PD_6,PD_8': inf, 'PD_7,PD_8': inf}
  Computing metrics...
    RSI: {'PD_2,PD_3': 1.0, 'PD_2,PD_4': 1.0, 'PD_2,PD_5': 1.0, 'PD_2,PD_6': 1.0, 'PD_2,PD_7': 1.0, 'PD_2,PD_8': 0.0, 'PD_3,PD_4': 1.0, 'PD_3,PD_5': 1.0, 'PD_3,PD_6': 1.0, 'PD_3,PD_7': 1.0, 'PD_3,PD_8': 0.0, 'PD_4,PD_5': 1.0, 'PD_4,PD_6': 1.0, 'PD_4,PD_7': 1.0, 'PD_4,PD_8': 0.0, 'PD_5,PD_6': 1.0, 'PD_5,PD_7': 1.0, 'PD_5,PD_8': 0.0, 'PD_6,PD_7': 1.0, 'PD_6,PD_8': 0.0, 'PD_7,PD_8': 0.0}, ASR: 1.0, TCB: {'PD_2': ['PD_4', 'PD_3', 'PD_5', 'PD_6', 'PD_7'], 'PD_3': ['PD_2', 'PD_4', 'PD_5', 'PD_6', 'PD_7'], 'PD_4': ['PD_2', 'PD_3', 'PD_5', 'PD_6', 'PD_7'], 'PD_5': ['PD_2', 'PD_3', 'PD_4', 'PD_6', 'PD_7'], 'PD_6': ['PD_2', 'PD_3', 'PD_4', 'PD_5', 'PD_7'], 'PD_7': ['PD_2', 'PD_3', 'PD_4', 'PD_5', 'PD_6'], 'PD_8': []}, FR: {'PD_2,PD_3': inf, 'PD_2,PD_4': inf, 'PD_2,PD_5': inf, 'PD_2,PD_6': inf, 'PD_2,PD_7': inf, 'PD_2,PD_8': inf, 'PD_3,PD_4': inf, 'PD_3,PD_5': inf, 'PD_3,PD_6': inf, 'PD_3,PD_7': inf, 'PD_3,PD_8': inf, 'PD_4,PD_5': inf, 'PD_4,PD_6': inf, 'PD_4,PD_7': inf, 'PD_4,PD_8': inf, 'PD_5,PD_6': inf, 'PD_5,PD_7': inf, 'PD_5,PD_8': inf, 'PD_6,PD_7': inf, 'PD_6,PD_8': inf, 'PD_7,PD_8': inf}
  Computing metrics...
    RSI: {'PD_2,PD_3': 1.0, 'PD_2,PD_4': 1.0, 'PD_2,PD_5': 1.0, 'PD_2,PD_6': 1.0, 'PD_2,PD_7': 1.0, 'PD_2,PD_8': 0.0, 'PD_3,PD_4': 1.0, 'PD_3,PD_5': 1.0, 'PD_3,PD_6': 1.0, 'PD_3,PD_7': 1.0, 'PD_3,PD_8': 0.0, 'PD_4,PD_5': 1.0, 'PD_4,PD_6': 1.0, 'PD_4,PD_7': 1.0, 'PD_4,PD_8': 0.0, 'PD_5,PD_6': 1.0, 'PD_5,PD_7': 1.0, 'PD_5,PD_8': 0.0, 'PD_6,PD_7': 1.0, 'PD_6,PD_8': 0.0, 'PD_7,PD_8': 0.0}, ASR: 1.1428571428571428, TCB: {'PD_2': ['PD_4', 'PD_3', 'PD_5', 'PD_6', 'PD_7'], 'PD_3': ['PD_2', 'PD_4', 'PD_5', 'PD_6', 'PD_7'], 'PD_4': ['PD_5', 'PD_2', 'PD_3', 'PD_6', 'PD_7'], 'PD_5': ['PD_2', 'PD_3', 'PD_4', 'PD_6', 'PD_7'], 'PD_6': ['PD_2', 'PD_3', 'PD_4', 'PD_5', 'PD_7'], 'PD_7': ['PD_2', 'PD_3', 'PD_4', 'PD_5', 'PD_6'], 'PD_8': []}, FR: {'PD_2,PD_3': inf, 'PD_2,PD_4': 3, 'PD_2,PD_5': inf, 'PD_2,PD_6': inf, 'PD_2,PD_7': inf, 'PD_2,PD_8': inf, 'PD_3,PD_4': inf, 'PD_3,PD_5': inf, 'PD_3,PD_6': inf, 'PD_3,PD_7': inf, 'PD_3,PD_8': inf, 'PD_4,PD_5': inf, 'PD_4,PD_6': inf, 'PD_4,PD_7': inf, 'PD_4,PD_8': inf, 'PD_5,PD_6': inf, 'PD_5,PD_7': inf, 'PD_5,PD_8': inf, 'PD_6,PD_7': inf, 'PD_6,PD_8': inf, 'PD_7,PD_8': inf}
  Computing metrics...
    RSI: {'PD_2,PD_3': 1.0, 'PD_2,PD_4': 1.0, 'PD_2,PD_5': 1.0, 'PD_2,PD_6': 1.0, 'PD_2,PD_7': 1.0, 'PD_2,PD_8': 0.0, 'PD_3,PD_4': 1.0, 'PD_3,PD_5': 1.0, 'PD_3,PD_6': 1.0, 'PD_3,PD_7': 1.0, 'PD_3,PD_8': 0.0, 'PD_4,PD_5': 1.0, 'PD_4,PD_6': 1.0, 'PD_4,PD_7': 1.0, 'PD_4,PD_8': 0.0, 'PD_5,PD_6': 1.0, 'PD_5,PD_7': 1.0, 'PD_5,PD_8': 0.0, 'PD_6,PD_7': 1.0, 'PD_6,PD_8': 0.0, 'PD_7,PD_8': 0.0}, ASR: 1.0, TCB: {'PD_2': ['PD_4', 'PD_3', 'PD_5', 'PD_6', 'PD_7'], 'PD_3': ['PD_2', 'PD_4', 'PD_5', 'PD_6', 'PD_7'], 'PD_4': ['PD_2', 'PD_3', 'PD_5', 'PD_6', 'PD_7'], 'PD_5': ['PD_2', 'PD_3', 'PD_4', 'PD_6', 'PD_7'], 'PD_6': ['PD_2', 'PD_3', 'PD_4', 'PD_5', 'PD_7'], 'PD_7': ['PD_2', 'PD_3', 'PD_4', 'PD_5', 'PD_6'], 'PD_8': []}, FR: {'PD_2,PD_3': inf, 'PD_2,PD_4': inf, 'PD_2,PD_5': inf, 'PD_2,PD_6': inf, 'PD_2,PD_7': inf, 'PD_2,PD_8': inf, 'PD_3,PD_4': inf, 'PD_3,PD_5': inf, 'PD_3,PD_6': inf, 'PD_3,PD_7': inf, 'PD_3,PD_8': inf, 'PD_4,PD_5': inf, 'PD_4,PD_6': inf, 'PD_4,PD_7': inf, 'PD_4,PD_8': inf, 'PD_5,PD_6': inf, 'PD_5,PD_7': inf, 'PD_5,PD_8': inf, 'PD_6,PD_7': inf, 'PD_6,PD_8': inf, 'PD_7,PD_8': inf}
  Computing metrics...
    RSI: {'PD_2,PD_3': 1.0, 'PD_2,PD_4': 1.0, 'PD_2,PD_5': 1.0, 'PD_2,PD_6': 1.0, 'PD_2,PD_7': 1.0, 'PD_2,PD_8': 0.0, 'PD_3,PD_4': 1.0, 'PD_3,PD_5': 1.0, 'PD_3,PD_6': 1.0, 'PD_3,PD_7': 1.0, 'PD_3,PD_8': 0.0, 'PD_4,PD_5': 1.0, 'PD_4,PD_6': 1.0, 'PD_4,PD_7': 1.0, 'PD_4,PD_8': 0.0, 'PD_5,PD_6': 1.0, 'PD_5,PD_7': 1.0, 'PD_5,PD_8': 0.0, 'PD_6,PD_7': 1.0, 'PD_6,PD_8': 0.0, 'PD_7,PD_8': 0.0}, ASR: 1.1428571428571428, TCB: {'PD_2': ['PD_4', 'PD_3', 'PD_5', 'PD_6', 'PD_7'], 'PD_3': ['PD_2', 'PD_4', 'PD_5', 'PD_6', 'PD_7'], 'PD_4': ['PD_6', 'PD_2', 'PD_3', 'PD_5', 'PD_7'], 'PD_5': ['PD_2', 'PD_3', 'PD_4', 'PD_6', 'PD_7'], 'PD_6': ['PD_2', 'PD_3', 'PD_4', 'PD_5', 'PD_7'], 'PD_7': ['PD_2', 'PD_3', 'PD_4', 'PD_5', 'PD_6'], 'PD_8': []}, FR: {'PD_2,PD_3': inf, 'PD_2,PD_4': 3, 'PD_2,PD_5': inf, 'PD_2,PD_6': inf, 'PD_2,PD_7': inf, 'PD_2,PD_8': inf, 'PD_3,PD_4': inf, 'PD_3,PD_5': inf, 'PD_3,PD_6': inf, 'PD_3,PD_7': inf, 'PD_3,PD_8': inf, 'PD_4,PD_5': inf, 'PD_4,PD_6': inf, 'PD_4,PD_7': inf, 'PD_4,PD_8': inf, 'PD_5,PD_6': inf, 'PD_5,PD_7': inf, 'PD_5,PD_8': inf, 'PD_6,PD_7': inf, 'PD_6,PD_8': inf, 'PD_7,PD_8': inf}
  Computing metrics...
    RSI: {'PD_2,PD_3': 1.0, 'PD_2,PD_4': 1.0, 'PD_2,PD_5': 1.0, 'PD_2,PD_6': 1.0, 'PD_2,PD_7': 1.0, 'PD_2,PD_8': 0.0, 'PD_3,PD_4': 1.0, 'PD_3,PD_5': 1.0, 'PD_3,PD_6': 1.0, 'PD_3,PD_7': 1.0, 'PD_3,PD_8': 0.0, 'PD_4,PD_5': 1.0, 'PD_4,PD_6': 1.0, 'PD_4,PD_7': 1.0, 'PD_4,PD_8': 0.0, 'PD_5,PD_6': 1.0, 'PD_5,PD_7': 1.0, 'PD_5,PD_8': 0.0, 'PD_6,PD_7': 1.0, 'PD_6,PD_8': 0.0, 'PD_7,PD_8': 0.0}, ASR: 1.0, TCB: {'PD_2': ['PD_4', 'PD_3', 'PD_5', 'PD_6', 'PD_7'], 'PD_3': ['PD_2', 'PD_4', 'PD_5', 'PD_6', 'PD_7'], 'PD_4': ['PD_2', 'PD_3', 'PD_5', 'PD_6', 'PD_7'], 'PD_5': ['PD_2', 'PD_3', 'PD_4', 'PD_6', 'PD_7'], 'PD_6': ['PD_2', 'PD_3', 'PD_4', 'PD_5', 'PD_7'], 'PD_7': ['PD_2', 'PD_3', 'PD_4', 'PD_5', 'PD_6'], 'PD_8': []}, FR: {'PD_2,PD_3': inf, 'PD_2,PD_4': inf, 'PD_2,PD_5': inf, 'PD_2,PD_6': inf, 'PD_2,PD_7': inf, 'PD_2,PD_8': inf, 'PD_3,PD_4': inf, 'PD_3,PD_5': inf, 'PD_3,PD_6': inf, 'PD_3,PD_7': inf, 'PD_3,PD_8': inf, 'PD_4,PD_5': inf, 'PD_4,PD_6': inf, 'PD_4,PD_7': inf, 'PD_4,PD_8': inf, 'PD_5,PD_6': inf, 'PD_5,PD_7': inf, 'PD_5,PD_8': inf, 'PD_6,PD_7': inf, 'PD_6,PD_8': inf, 'PD_7,PD_8': inf}
  Computing metrics...
    RSI: {'PD_2,PD_3': 1.0, 'PD_2,PD_4': 1.0, 'PD_2,PD_5': 1.0, 'PD_2,PD_6': 1.0, 'PD_2,PD_7': 1.0, 'PD_2,PD_8': 0.0, 'PD_3,PD_4': 1.0, 'PD_3,PD_5': 1.0, 'PD_3,PD_6': 1.0, 'PD_3,PD_7': 1.0, 'PD_3,PD_8': 0.0, 'PD_4,PD_5': 1.0, 'PD_4,PD_6': 1.0, 'PD_4,PD_7': 1.0, 'PD_4,PD_8': 0.0, 'PD_5,PD_6': 1.0, 'PD_5,PD_7': 1.0, 'PD_5,PD_8': 0.0, 'PD_6,PD_7': 1.0, 'PD_6,PD_8': 0.0, 'PD_7,PD_8': 0.0}, ASR: 1.1428571428571428, TCB: {'PD_2': ['PD_4', 'PD_3', 'PD_5', 'PD_6', 'PD_7'], 'PD_3': ['PD_2', 'PD_4', 'PD_5', 'PD_6', 'PD_7'], 'PD_4': ['PD_7', 'PD_2', 'PD_3', 'PD_5', 'PD_6'], 'PD_5': ['PD_2', 'PD_3', 'PD_4', 'PD_6', 'PD_7'], 'PD_6': ['PD_2', 'PD_3', 'PD_4', 'PD_5', 'PD_7'], 'PD_7': ['PD_2', 'PD_3', 'PD_4', 'PD_5', 'PD_6'], 'PD_8': []}, FR: {'PD_2,PD_3': inf, 'PD_2,PD_4': 3, 'PD_2,PD_5': inf, 'PD_2,PD_6': inf, 'PD_2,PD_7': inf, 'PD_2,PD_8': inf, 'PD_3,PD_4': inf, 'PD_3,PD_5': inf, 'PD_3,PD_6': inf, 'PD_3,PD_7': inf, 'PD_3,PD_8': inf, 'PD_4,PD_5': inf, 'PD_4,PD_6': inf, 'PD_4,PD_7': inf, 'PD_4,PD_8': inf, 'PD_5,PD_6': inf, 'PD_5,PD_7': inf, 'PD_5,PD_8': inf, 'PD_6,PD_7': inf, 'PD_6,PD_8': inf, 'PD_7,PD_8': inf}
  Computing metrics...
    RSI: {'PD_2,PD_3': 1.0, 'PD_2,PD_4': 1.0, 'PD_2,PD_5': 1.0, 'PD_2,PD_6': 1.0, 'PD_2,PD_7': 1.0, 'PD_2,PD_8': 0.0, 'PD_3,PD_4': 1.0, 'PD_3,PD_5': 1.0, 'PD_3,PD_6': 1.0, 'PD_3,PD_7': 1.0, 'PD_3,PD_8': 0.0, 'PD_4,PD_5': 1.0, 'PD_4,PD_6': 1.0, 'PD_4,PD_7': 1.0, 'PD_4,PD_8': 0.0, 'PD_5,PD_6': 1.0, 'PD_5,PD_7': 1.0, 'PD_5,PD_8': 0.0, 'PD_6,PD_7': 1.0, 'PD_6,PD_8': 0.0, 'PD_7,PD_8': 0.0}, ASR: 1.0, TCB: {'PD_2': ['PD_4', 'PD_3', 'PD_5', 'PD_6', 'PD_7'], 'PD_3': ['PD_2', 'PD_4', 'PD_5', 'PD_6', 'PD_7'], 'PD_4': ['PD_2', 'PD_3', 'PD_5', 'PD_6', 'PD_7'], 'PD_5': ['PD_2', 'PD_3', 'PD_4', 'PD_6', 'PD_7'], 'PD_6': ['PD_2', 'PD_3', 'PD_4', 'PD_5', 'PD_7'], 'PD_7': ['PD_2', 'PD_3', 'PD_4', 'PD_5', 'PD_6'], 'PD_8': []}, FR: {'PD_2,PD_3': inf, 'PD_2,PD_4': inf, 'PD_2,PD_5': inf, 'PD_2,PD_6': inf, 'PD_2,PD_7': inf, 'PD_2,PD_8': inf, 'PD_3,PD_4': inf, 'PD_3,PD_5': inf, 'PD_3,PD_6': inf, 'PD_3,PD_7': inf, 'PD_3,PD_8': inf, 'PD_4,PD_5': inf, 'PD_4,PD_6': inf, 'PD_4,PD_7': inf, 'PD_4,PD_8': inf, 'PD_5,PD_6': inf, 'PD_5,PD_7': inf, 'PD_5,PD_8': inf, 'PD_6,PD_7': inf, 'PD_6,PD_8': inf, 'PD_7,PD_8': inf}
  Computing metrics...
    RSI: {'PD_2,PD_3': 1.0, 'PD_2,PD_4': 1.0, 'PD_2,PD_5': 1.0, 'PD_2,PD_6': 1.0, 'PD_2,PD_7': 1.0, 'PD_2,PD_8': 0.0, 'PD_3,PD_4': 1.0, 'PD_3,PD_5': 1.0, 'PD_3,PD_6': 1.0, 'PD_3,PD_7': 1.0, 'PD_3,PD_8': 0.0, 'PD_4,PD_5': 1.0, 'PD_4,PD_6': 1.0, 'PD_4,PD_7': 1.0, 'PD_4,PD_8': 0.0, 'PD_5,PD_6': 1.0, 'PD_5,PD_7': 1.0, 'PD_5,PD_8': 0.0, 'PD_6,PD_7': 1.0, 'PD_6,PD_8': 0.0, 'PD_7,PD_8': 0.0}, ASR: 1.1428571428571428, TCB: {'PD_2': ['PD_4', 'PD_3', 'PD_5', 'PD_6', 'PD_7'], 'PD_3': ['PD_2', 'PD_4', 'PD_5', 'PD_6', 'PD_7'], 'PD_4': ['PD_8', 'PD_2', 'PD_3', 'PD_5', 'PD_6', 'PD_7'], 'PD_5': ['PD_2', 'PD_3', 'PD_4', 'PD_6', 'PD_7'], 'PD_6': ['PD_2', 'PD_3', 'PD_4', 'PD_5', 'PD_7'], 'PD_7': ['PD_2', 'PD_3', 'PD_4', 'PD_5', 'PD_6'], 'PD_8': []}, FR: {'PD_2,PD_3': inf, 'PD_2,PD_4': 3, 'PD_2,PD_5': inf, 'PD_2,PD_6': inf, 'PD_2,PD_7': inf, 'PD_2,PD_8': inf, 'PD_3,PD_4': inf, 'PD_3,PD_5': inf, 'PD_3,PD_6': inf, 'PD_3,PD_7': inf, 'PD_3,PD_8': inf, 'PD_4,PD_5': inf, 'PD_4,PD_6': inf, 'PD_4,PD_7': inf, 'PD_4,PD_8': inf, 'PD_5,PD_6': inf, 'PD_5,PD_7': inf, 'PD_5,PD_8': inf, 'PD_6,PD_7': inf, 'PD_6,PD_8': inf, 'PD_7,PD_8': inf}
  Computing metrics...
    RSI: {'PD_2,PD_3': 1.0, 'PD_2,PD_4': 1.0, 'PD_2,PD_5': 1.0, 'PD_2,PD_6': 1.0, 'PD_2,PD_7': 1.0, 'PD_2,PD_8': 0.0, 'PD_3,PD_4': 1.0, 'PD_3,PD_5': 1.0, 'PD_3,PD_6': 1.0, 'PD_3,PD_7': 1.0, 'PD_3,PD_8': 0.0, 'PD_4,PD_5': 1.0, 'PD_4,PD_6': 1.0, 'PD_4,PD_7': 1.0, 'PD_4,PD_8': 0.0, 'PD_5,PD_6': 1.0, 'PD_5,PD_7': 1.0, 'PD_5,PD_8': 0.0, 'PD_6,PD_7': 1.0, 'PD_6,PD_8': 0.0, 'PD_7,PD_8': 0.0}, ASR: 1.0, TCB: {'PD_2': ['PD_4', 'PD_3', 'PD_5', 'PD_6', 'PD_7'], 'PD_3': ['PD_2', 'PD_4', 'PD_5', 'PD_6', 'PD_7'], 'PD_4': ['PD_2', 'PD_3', 'PD_5', 'PD_6', 'PD_7'], 'PD_5': ['PD_2', 'PD_3', 'PD_4', 'PD_6', 'PD_7'], 'PD_6': ['PD_2', 'PD_3', 'PD_4', 'PD_5', 'PD_7'], 'PD_7': ['PD_2', 'PD_3', 'PD_4', 'PD_5', 'PD_6'], 'PD_8': []}, FR: {'PD_2,PD_3': inf, 'PD_2,PD_4': inf, 'PD_2,PD_5': inf, 'PD_2,PD_6': inf, 'PD_2,PD_7': inf, 'PD_2,PD_8': inf, 'PD_3,PD_4': inf, 'PD_3,PD_5': inf, 'PD_3,PD_6': inf, 'PD_3,PD_7': inf, 'PD_3,PD_8': inf, 'PD_4,PD_5': inf, 'PD_4,PD_6': inf, 'PD_4,PD_7': inf, 'PD_4,PD_8': inf, 'PD_5,PD_6': inf, 'PD_5,PD_7': inf, 'PD_5,PD_8': inf, 'PD_6,PD_7': inf, 'PD_6,PD_8': inf, 'PD_7,PD_8': inf}
  Computing metrics...
    RSI: {'PD_2,PD_3': 1.0, 'PD_2,PD_4': 1.0, 'PD_2,PD_5': 1.0, 'PD_2,PD_6': 1.0, 'PD_2,PD_7': 1.0, 'PD_2,PD_8': 0.0, 'PD_3,PD_4': 1.0, 'PD_3,PD_5': 1.0, 'PD_3,PD_6': 1.0, 'PD_3,PD_7': 1.0, 'PD_3,PD_8': 0.0, 'PD_4,PD_5': 1.0, 'PD_4,PD_6': 1.0, 'PD_4,PD_7': 1.0, 'PD_4,PD_8': 0.0, 'PD_5,PD_6': 1.0, 'PD_5,PD_7': 1.0, 'PD_5,PD_8': 0.0, 'PD_6,PD_7': 1.0, 'PD_6,PD_8': 0.0, 'PD_7,PD_8': 0.0}, ASR: 1.1428571428571428, TCB: {'PD_2': ['PD_4', 'PD_3', 'PD_5', 'PD_6', 'PD_7'], 'PD_3': ['PD_2', 'PD_4', 'PD_5', 'PD_6', 'PD_7'], 'PD_4': ['PD_2', 'PD_3', 'PD_5', 'PD_6', 'PD_7'], 'PD_5': ['PD_2', 'PD_3', 'PD_4', 'PD_6', 'PD_7'], 'PD_6': ['PD_2', 'PD_3', 'PD_4', 'PD_5', 'PD_7'], 'PD_7': ['PD_2', 'PD_3', 'PD_4', 'PD_5', 'PD_6'], 'PD_8': []}, FR: {'PD_2,PD_3': inf, 'PD_2,PD_4': inf, 'PD_2,PD_5': 3, 'PD_2,PD_6': inf, 'PD_2,PD_7': inf, 'PD_2,PD_8': inf, 'PD_3,PD_4': inf, 'PD_3,PD_5': inf, 'PD_3,PD_6': inf, 'PD_3,PD_7': inf, 'PD_3,PD_8': inf, 'PD_4,PD_5': inf, 'PD_4,PD_6': inf, 'PD_4,PD_7': inf, 'PD_4,PD_8': inf, 'PD_5,PD_6': inf, 'PD_5,PD_7': inf, 'PD_5,PD_8': inf, 'PD_6,PD_7': inf, 'PD_6,PD_8': inf, 'PD_7,PD_8': inf}
  Computing metrics...
    RSI: {'PD_2,PD_3': 1.0, 'PD_2,PD_4': 1.0, 'PD_2,PD_5': 1.0, 'PD_2,PD_6': 1.0, 'PD_2,PD_7': 1.0, 'PD_2,PD_8': 0.0, 'PD_3,PD_4': 1.0, 'PD_3,PD_5': 1.0, 'PD_3,PD_6': 1.0, 'PD_3,PD_7': 1.0, 'PD_3,PD_8': 0.0, 'PD_4,PD_5': 1.0, 'PD_4,PD_6': 1.0, 'PD_4,PD_7': 1.0, 'PD_4,PD_8': 0.0, 'PD_5,PD_6': 1.0, 'PD_5,PD_7': 1.0, 'PD_5,PD_8': 0.0, 'PD_6,PD_7': 1.0, 'PD_6,PD_8': 0.0, 'PD_7,PD_8': 0.0}, ASR: 1.0, TCB: {'PD_2': ['PD_4', 'PD_3', 'PD_5', 'PD_6', 'PD_7'], 'PD_3': ['PD_2', 'PD_4', 'PD_5', 'PD_6', 'PD_7'], 'PD_4': ['PD_2', 'PD_3', 'PD_5', 'PD_6', 'PD_7'], 'PD_5': ['PD_2', 'PD_3', 'PD_4', 'PD_6', 'PD_7'], 'PD_6': ['PD_2', 'PD_3', 'PD_4', 'PD_5', 'PD_7'], 'PD_7': ['PD_2', 'PD_3', 'PD_4', 'PD_5', 'PD_6'], 'PD_8': []}, FR: {'PD_2,PD_3': inf, 'PD_2,PD_4': inf, 'PD_2,PD_5': inf, 'PD_2,PD_6': inf, 'PD_2,PD_7': inf, 'PD_2,PD_8': inf, 'PD_3,PD_4': inf, 'PD_3,PD_5': inf, 'PD_3,PD_6': inf, 'PD_3,PD_7': inf, 'PD_3,PD_8': inf, 'PD_4,PD_5': inf, 'PD_4,PD_6': inf, 'PD_4,PD_7': inf, 'PD_4,PD_8': inf, 'PD_5,PD_6': inf, 'PD_5,PD_7': inf, 'PD_5,PD_8': inf, 'PD_6,PD_7': inf, 'PD_6,PD_8': inf, 'PD_7,PD_8': inf}
  Computing metrics...
    RSI: {'PD_2,PD_3': 1.0, 'PD_2,PD_4': 1.0, 'PD_2,PD_5': 1.0, 'PD_2,PD_6': 1.0, 'PD_2,PD_7': 1.0, 'PD_2,PD_8': 0.0, 'PD_3,PD_4': 1.0, 'PD_3,PD_5': 1.0, 'PD_3,PD_6': 1.0, 'PD_3,PD_7': 1.0, 'PD_3,PD_8': 0.0, 'PD_4,PD_5': 1.0, 'PD_4,PD_6': 1.0, 'PD_4,PD_7': 1.0, 'PD_4,PD_8': 0.0, 'PD_5,PD_6': 1.0, 'PD_5,PD_7': 1.0, 'PD_5,PD_8': 0.0, 'PD_6,PD_7': 1.0, 'PD_6,PD_8': 0.0, 'PD_7,PD_8': 0.0}, ASR: 1.1428571428571428, TCB: {'PD_2': ['PD_4', 'PD_3', 'PD_5', 'PD_6', 'PD_7'], 'PD_3': ['PD_2', 'PD_4', 'PD_5', 'PD_6', 'PD_7'], 'PD_4': ['PD_2', 'PD_3', 'PD_5', 'PD_6', 'PD_7'], 'PD_5': ['PD_3', 'PD_2', 'PD_4', 'PD_6', 'PD_7'], 'PD_6': ['PD_2', 'PD_3', 'PD_4', 'PD_5', 'PD_7'], 'PD_7': ['PD_2', 'PD_3', 'PD_4', 'PD_5', 'PD_6'], 'PD_8': []}, FR: {'PD_2,PD_3': inf, 'PD_2,PD_4': inf, 'PD_2,PD_5': inf, 'PD_2,PD_6': inf, 'PD_2,PD_7': inf, 'PD_2,PD_8': inf, 'PD_3,PD_4': inf, 'PD_3,PD_5': inf, 'PD_3,PD_6': inf, 'PD_3,PD_7': inf, 'PD_3,PD_8': inf, 'PD_4,PD_5': inf, 'PD_4,PD_6': inf, 'PD_4,PD_7': inf, 'PD_4,PD_8': inf, 'PD_5,PD_6': inf, 'PD_5,PD_7': inf, 'PD_5,PD_8': inf, 'PD_6,PD_7': inf, 'PD_6,PD_8': inf, 'PD_7,PD_8': inf}
  Computing metrics...
    RSI: {'PD_2,PD_3': 1.0, 'PD_2,PD_4': 1.0, 'PD_2,PD_5': 1.0, 'PD_2,PD_6': 1.0, 'PD_2,PD_7': 1.0, 'PD_2,PD_8': 0.0, 'PD_3,PD_4': 1.0, 'PD_3,PD_5': 1.0, 'PD_3,PD_6': 1.0, 'PD_3,PD_7': 1.0, 'PD_3,PD_8': 0.0, 'PD_4,PD_5': 1.0, 'PD_4,PD_6': 1.0, 'PD_4,PD_7': 1.0, 'PD_4,PD_8': 0.0, 'PD_5,PD_6': 1.0, 'PD_5,PD_7': 1.0, 'PD_5,PD_8': 0.0, 'PD_6,PD_7': 1.0, 'PD_6,PD_8': 0.0, 'PD_7,PD_8': 0.0}, ASR: 1.0, TCB: {'PD_2': ['PD_4', 'PD_3', 'PD_5', 'PD_6', 'PD_7'], 'PD_3': ['PD_2', 'PD_4', 'PD_5', 'PD_6', 'PD_7'], 'PD_4': ['PD_2', 'PD_3', 'PD_5', 'PD_6', 'PD_7'], 'PD_5': ['PD_2', 'PD_3', 'PD_4', 'PD_6', 'PD_7'], 'PD_6': ['PD_2', 'PD_3', 'PD_4', 'PD_5', 'PD_7'], 'PD_7': ['PD_2', 'PD_3', 'PD_4', 'PD_5', 'PD_6'], 'PD_8': []}, FR: {'PD_2,PD_3': inf, 'PD_2,PD_4': inf, 'PD_2,PD_5': inf, 'PD_2,PD_6': inf, 'PD_2,PD_7': inf, 'PD_2,PD_8': inf, 'PD_3,PD_4': inf, 'PD_3,PD_5': inf, 'PD_3,PD_6': inf, 'PD_3,PD_7': inf, 'PD_3,PD_8': inf, 'PD_4,PD_5': inf, 'PD_4,PD_6': inf, 'PD_4,PD_7': inf, 'PD_4,PD_8': inf, 'PD_5,PD_6': inf, 'PD_5,PD_7': inf, 'PD_5,PD_8': inf, 'PD_6,PD_7': inf, 'PD_6,PD_8': inf, 'PD_7,PD_8': inf}
  Computing metrics...
    RSI: {'PD_2,PD_3': 1.0, 'PD_2,PD_4': 1.0, 'PD_2,PD_5': 1.0, 'PD_2,PD_6': 1.0, 'PD_2,PD_7': 1.0, 'PD_2,PD_8': 0.0, 'PD_3,PD_4': 1.0, 'PD_3,PD_5': 1.0, 'PD_3,PD_6': 1.0, 'PD_3,PD_7': 1.0, 'PD_3,PD_8': 0.0, 'PD_4,PD_5': 1.0, 'PD_4,PD_6': 1.0, 'PD_4,PD_7': 1.0, 'PD_4,PD_8': 0.0, 'PD_5,PD_6': 1.0, 'PD_5,PD_7': 1.0, 'PD_5,PD_8': 0.0, 'PD_6,PD_7': 1.0, 'PD_6,PD_8': 0.0, 'PD_7,PD_8': 0.0}, ASR: 1.1428571428571428, TCB: {'PD_2': ['PD_4', 'PD_3', 'PD_5', 'PD_6', 'PD_7'], 'PD_3': ['PD_2', 'PD_4', 'PD_5', 'PD_6', 'PD_7'], 'PD_4': ['PD_2', 'PD_3', 'PD_5', 'PD_6', 'PD_7'], 'PD_5': ['PD_4', 'PD_2', 'PD_3', 'PD_6', 'PD_7'], 'PD_6': ['PD_2', 'PD_3', 'PD_4', 'PD_5', 'PD_7'], 'PD_7': ['PD_2', 'PD_3', 'PD_4', 'PD_5', 'PD_6'], 'PD_8': []}, FR: {'PD_2,PD_3': inf, 'PD_2,PD_4': inf, 'PD_2,PD_5': 2, 'PD_2,PD_6': inf, 'PD_2,PD_7': inf, 'PD_2,PD_8': inf, 'PD_3,PD_4': inf, 'PD_3,PD_5': inf, 'PD_3,PD_6': inf, 'PD_3,PD_7': inf, 'PD_3,PD_8': inf, 'PD_4,PD_5': inf, 'PD_4,PD_6': inf, 'PD_4,PD_7': inf, 'PD_4,PD_8': inf, 'PD_5,PD_6': inf, 'PD_5,PD_7': inf, 'PD_5,PD_8': inf, 'PD_6,PD_7': inf, 'PD_6,PD_8': inf, 'PD_7,PD_8': inf}
  Computing metrics...
    RSI: {'PD_2,PD_3': 1.0, 'PD_2,PD_4': 1.0, 'PD_2,PD_5': 1.0, 'PD_2,PD_6': 1.0, 'PD_2,PD_7': 1.0, 'PD_2,PD_8': 0.0, 'PD_3,PD_4': 1.0, 'PD_3,PD_5': 1.0, 'PD_3,PD_6': 1.0, 'PD_3,PD_7': 1.0, 'PD_3,PD_8': 0.0, 'PD_4,PD_5': 1.0, 'PD_4,PD_6': 1.0, 'PD_4,PD_7': 1.0, 'PD_4,PD_8': 0.0, 'PD_5,PD_6': 1.0, 'PD_5,PD_7': 1.0, 'PD_5,PD_8': 0.0, 'PD_6,PD_7': 1.0, 'PD_6,PD_8': 0.0, 'PD_7,PD_8': 0.0}, ASR: 1.0, TCB: {'PD_2': ['PD_4', 'PD_3', 'PD_5', 'PD_6', 'PD_7'], 'PD_3': ['PD_2', 'PD_4', 'PD_5', 'PD_6', 'PD_7'], 'PD_4': ['PD_2', 'PD_3', 'PD_5', 'PD_6', 'PD_7'], 'PD_5': ['PD_2', 'PD_3', 'PD_4', 'PD_6', 'PD_7'], 'PD_6': ['PD_2', 'PD_3', 'PD_4', 'PD_5', 'PD_7'], 'PD_7': ['PD_2', 'PD_3', 'PD_4', 'PD_5', 'PD_6'], 'PD_8': []}, FR: {'PD_2,PD_3': inf, 'PD_2,PD_4': inf, 'PD_2,PD_5': inf, 'PD_2,PD_6': inf, 'PD_2,PD_7': inf, 'PD_2,PD_8': inf, 'PD_3,PD_4': inf, 'PD_3,PD_5': inf, 'PD_3,PD_6': inf, 'PD_3,PD_7': inf, 'PD_3,PD_8': inf, 'PD_4,PD_5': inf, 'PD_4,PD_6': inf, 'PD_4,PD_7': inf, 'PD_4,PD_8': inf, 'PD_5,PD_6': inf, 'PD_5,PD_7': inf, 'PD_5,PD_8': inf, 'PD_6,PD_7': inf, 'PD_6,PD_8': inf, 'PD_7,PD_8': inf}
  Computing metrics...
    RSI: {'PD_2,PD_3': 1.0, 'PD_2,PD_4': 1.0, 'PD_2,PD_5': 1.0, 'PD_2,PD_6': 1.0, 'PD_2,PD_7': 1.0, 'PD_2,PD_8': 0.0, 'PD_3,PD_4': 1.0, 'PD_3,PD_5': 1.0, 'PD_3,PD_6': 1.0, 'PD_3,PD_7': 1.0, 'PD_3,PD_8': 0.0, 'PD_4,PD_5': 1.0, 'PD_4,PD_6': 1.0, 'PD_4,PD_7': 1.0, 'PD_4,PD_8': 0.0, 'PD_5,PD_6': 1.0, 'PD_5,PD_7': 1.0, 'PD_5,PD_8': 0.0, 'PD_6,PD_7': 1.0, 'PD_6,PD_8': 0.0, 'PD_7,PD_8': 0.0}, ASR: 1.1428571428571428, TCB: {'PD_2': ['PD_4', 'PD_3', 'PD_5', 'PD_6', 'PD_7'], 'PD_3': ['PD_2', 'PD_4', 'PD_5', 'PD_6', 'PD_7'], 'PD_4': ['PD_2', 'PD_3', 'PD_5', 'PD_6', 'PD_7'], 'PD_5': ['PD_6', 'PD_2', 'PD_3', 'PD_4', 'PD_7'], 'PD_6': ['PD_2', 'PD_3', 'PD_4', 'PD_5', 'PD_7'], 'PD_7': ['PD_2', 'PD_3', 'PD_4', 'PD_5', 'PD_6'], 'PD_8': []}, FR: {'PD_2,PD_3': inf, 'PD_2,PD_4': inf, 'PD_2,PD_5': inf, 'PD_2,PD_6': inf, 'PD_2,PD_7': inf, 'PD_2,PD_8': inf, 'PD_3,PD_4': inf, 'PD_3,PD_5': inf, 'PD_3,PD_6': inf, 'PD_3,PD_7': inf, 'PD_3,PD_8': inf, 'PD_4,PD_5': inf, 'PD_4,PD_6': inf, 'PD_4,PD_7': inf, 'PD_4,PD_8': inf, 'PD_5,PD_6': inf, 'PD_5,PD_7': inf, 'PD_5,PD_8': inf, 'PD_6,PD_7': inf, 'PD_6,PD_8': inf, 'PD_7,PD_8': inf}
  Computing metrics...
    RSI: {'PD_2,PD_3': 1.0, 'PD_2,PD_4': 1.0, 'PD_2,PD_5': 1.0, 'PD_2,PD_6': 1.0, 'PD_2,PD_7': 1.0, 'PD_2,PD_8': 0.0, 'PD_3,PD_4': 1.0, 'PD_3,PD_5': 1.0, 'PD_3,PD_6': 1.0, 'PD_3,PD_7': 1.0, 'PD_3,PD_8': 0.0, 'PD_4,PD_5': 1.0, 'PD_4,PD_6': 1.0, 'PD_4,PD_7': 1.0, 'PD_4,PD_8': 0.0, 'PD_5,PD_6': 1.0, 'PD_5,PD_7': 1.0, 'PD_5,PD_8': 0.0, 'PD_6,PD_7': 1.0, 'PD_6,PD_8': 0.0, 'PD_7,PD_8': 0.0}, ASR: 1.0, TCB: {'PD_2': ['PD_4', 'PD_3', 'PD_5', 'PD_6', 'PD_7'], 'PD_3': ['PD_2', 'PD_4', 'PD_5', 'PD_6', 'PD_7'], 'PD_4': ['PD_2', 'PD_3', 'PD_5', 'PD_6', 'PD_7'], 'PD_5': ['PD_2', 'PD_3', 'PD_4', 'PD_6', 'PD_7'], 'PD_6': ['PD_2', 'PD_3', 'PD_4', 'PD_5', 'PD_7'], 'PD_7': ['PD_2', 'PD_3', 'PD_4', 'PD_5', 'PD_6'], 'PD_8': []}, FR: {'PD_2,PD_3': inf, 'PD_2,PD_4': inf, 'PD_2,PD_5': inf, 'PD_2,PD_6': inf, 'PD_2,PD_7': inf, 'PD_2,PD_8': inf, 'PD_3,PD_4': inf, 'PD_3,PD_5': inf, 'PD_3,PD_6': inf, 'PD_3,PD_7': inf, 'PD_3,PD_8': inf, 'PD_4,PD_5': inf, 'PD_4,PD_6': inf, 'PD_4,PD_7': inf, 'PD_4,PD_8': inf, 'PD_5,PD_6': inf, 'PD_5,PD_7': inf, 'PD_5,PD_8': inf, 'PD_6,PD_7': inf, 'PD_6,PD_8': inf, 'PD_7,PD_8': inf}
  Computing metrics...
    RSI: {'PD_2,PD_3': 1.0, 'PD_2,PD_4': 1.0, 'PD_2,PD_5': 1.0, 'PD_2,PD_6': 1.0, 'PD_2,PD_7': 1.0, 'PD_2,PD_8': 0.0, 'PD_3,PD_4': 1.0, 'PD_3,PD_5': 1.0, 'PD_3,PD_6': 1.0, 'PD_3,PD_7': 1.0, 'PD_3,PD_8': 0.0, 'PD_4,PD_5': 1.0, 'PD_4,PD_6': 1.0, 'PD_4,PD_7': 1.0, 'PD_4,PD_8': 0.0, 'PD_5,PD_6': 1.0, 'PD_5,PD_7': 1.0, 'PD_5,PD_8': 0.0, 'PD_6,PD_7': 1.0, 'PD_6,PD_8': 0.0, 'PD_7,PD_8': 0.0}, ASR: 1.1428571428571428, TCB: {'PD_2': ['PD_4', 'PD_3', 'PD_5', 'PD_6', 'PD_7'], 'PD_3': ['PD_2', 'PD_4', 'PD_5', 'PD_6', 'PD_7'], 'PD_4': ['PD_2', 'PD_3', 'PD_5', 'PD_6', 'PD_7'], 'PD_5': ['PD_7', 'PD_2', 'PD_3', 'PD_4', 'PD_6'], 'PD_6': ['PD_2', 'PD_3', 'PD_4', 'PD_5', 'PD_7'], 'PD_7': ['PD_2', 'PD_3', 'PD_4', 'PD_5', 'PD_6'], 'PD_8': []}, FR: {'PD_2,PD_3': inf, 'PD_2,PD_4': inf, 'PD_2,PD_5': inf, 'PD_2,PD_6': inf, 'PD_2,PD_7': inf, 'PD_2,PD_8': inf, 'PD_3,PD_4': inf, 'PD_3,PD_5': inf, 'PD_3,PD_6': inf, 'PD_3,PD_7': inf, 'PD_3,PD_8': inf, 'PD_4,PD_5': inf, 'PD_4,PD_6': inf, 'PD_4,PD_7': inf, 'PD_4,PD_8': inf, 'PD_5,PD_6': inf, 'PD_5,PD_7': inf, 'PD_5,PD_8': inf, 'PD_6,PD_7': inf, 'PD_6,PD_8': inf, 'PD_7,PD_8': inf}
  Computing metrics...
    RSI: {'PD_2,PD_3': 1.0, 'PD_2,PD_4': 1.0, 'PD_2,PD_5': 1.0, 'PD_2,PD_6': 1.0, 'PD_2,PD_7': 1.0, 'PD_2,PD_8': 0.0, 'PD_3,PD_4': 1.0, 'PD_3,PD_5': 1.0, 'PD_3,PD_6': 1.0, 'PD_3,PD_7': 1.0, 'PD_3,PD_8': 0.0, 'PD_4,PD_5': 1.0, 'PD_4,PD_6': 1.0, 'PD_4,PD_7': 1.0, 'PD_4,PD_8': 0.0, 'PD_5,PD_6': 1.0, 'PD_5,PD_7': 1.0, 'PD_5,PD_8': 0.0, 'PD_6,PD_7': 1.0, 'PD_6,PD_8': 0.0, 'PD_7,PD_8': 0.0}, ASR: 1.0, TCB: {'PD_2': ['PD_4', 'PD_3', 'PD_5', 'PD_6', 'PD_7'], 'PD_3': ['PD_2', 'PD_4', 'PD_5', 'PD_6', 'PD_7'], 'PD_4': ['PD_2', 'PD_3', 'PD_5', 'PD_6', 'PD_7'], 'PD_5': ['PD_2', 'PD_3', 'PD_4', 'PD_6', 'PD_7'], 'PD_6': ['PD_2', 'PD_3', 'PD_4', 'PD_5', 'PD_7'], 'PD_7': ['PD_2', 'PD_3', 'PD_4', 'PD_5', 'PD_6'], 'PD_8': []}, FR: {'PD_2,PD_3': inf, 'PD_2,PD_4': inf, 'PD_2,PD_5': inf, 'PD_2,PD_6': inf, 'PD_2,PD_7': inf, 'PD_2,PD_8': inf, 'PD_3,PD_4': inf, 'PD_3,PD_5': inf, 'PD_3,PD_6': inf, 'PD_3,PD_7': inf, 'PD_3,PD_8': inf, 'PD_4,PD_5': inf, 'PD_4,PD_6': inf, 'PD_4,PD_7': inf, 'PD_4,PD_8': inf, 'PD_5,PD_6': inf, 'PD_5,PD_7': inf, 'PD_5,PD_8': inf, 'PD_6,PD_7': inf, 'PD_6,PD_8': inf, 'PD_7,PD_8': inf}
  Computing metrics...
    RSI: {'PD_2,PD_3': 1.0, 'PD_2,PD_4': 1.0, 'PD_2,PD_5': 1.0, 'PD_2,PD_6': 1.0, 'PD_2,PD_7': 1.0, 'PD_2,PD_8': 0.0, 'PD_3,PD_4': 1.0, 'PD_3,PD_5': 1.0, 'PD_3,PD_6': 1.0, 'PD_3,PD_7': 1.0, 'PD_3,PD_8': 0.0, 'PD_4,PD_5': 1.0, 'PD_4,PD_6': 1.0, 'PD_4,PD_7': 1.0, 'PD_4,PD_8': 0.0, 'PD_5,PD_6': 1.0, 'PD_5,PD_7': 1.0, 'PD_5,PD_8': 0.0, 'PD_6,PD_7': 1.0, 'PD_6,PD_8': 0.0, 'PD_7,PD_8': 0.0}, ASR: 1.1428571428571428, TCB: {'PD_2': ['PD_4', 'PD_3', 'PD_5', 'PD_6', 'PD_7'], 'PD_3': ['PD_2', 'PD_4', 'PD_5', 'PD_6', 'PD_7'], 'PD_4': ['PD_2', 'PD_3', 'PD_5', 'PD_6', 'PD_7'], 'PD_5': ['PD_8', 'PD_2', 'PD_3', 'PD_4', 'PD_6', 'PD_7'], 'PD_6': ['PD_2', 'PD_3', 'PD_4', 'PD_5', 'PD_7'], 'PD_7': ['PD_2', 'PD_3', 'PD_4', 'PD_5', 'PD_6'], 'PD_8': []}, FR: {'PD_2,PD_3': inf, 'PD_2,PD_4': inf, 'PD_2,PD_5': inf, 'PD_2,PD_6': inf, 'PD_2,PD_7': inf, 'PD_2,PD_8': inf, 'PD_3,PD_4': inf, 'PD_3,PD_5': inf, 'PD_3,PD_6': inf, 'PD_3,PD_7': inf, 'PD_3,PD_8': inf, 'PD_4,PD_5': inf, 'PD_4,PD_6': inf, 'PD_4,PD_7': inf, 'PD_4,PD_8': inf, 'PD_5,PD_6': inf, 'PD_5,PD_7': inf, 'PD_5,PD_8': inf, 'PD_6,PD_7': inf, 'PD_6,PD_8': inf, 'PD_7,PD_8': inf}
  Computing metrics...
    RSI: {'PD_2,PD_3': 1.0, 'PD_2,PD_4': 1.0, 'PD_2,PD_5': 1.0, 'PD_2,PD_6': 1.0, 'PD_2,PD_7': 1.0, 'PD_2,PD_8': 0.0, 'PD_3,PD_4': 1.0, 'PD_3,PD_5': 1.0, 'PD_3,PD_6': 1.0, 'PD_3,PD_7': 1.0, 'PD_3,PD_8': 0.0, 'PD_4,PD_5': 1.0, 'PD_4,PD_6': 1.0, 'PD_4,PD_7': 1.0, 'PD_4,PD_8': 0.0, 'PD_5,PD_6': 1.0, 'PD_5,PD_7': 1.0, 'PD_5,PD_8': 0.0, 'PD_6,PD_7': 1.0, 'PD_6,PD_8': 0.0, 'PD_7,PD_8': 0.0}, ASR: 1.0, TCB: {'PD_2': ['PD_4', 'PD_3', 'PD_5', 'PD_6', 'PD_7'], 'PD_3': ['PD_2', 'PD_4', 'PD_5', 'PD_6', 'PD_7'], 'PD_4': ['PD_2', 'PD_3', 'PD_5', 'PD_6', 'PD_7'], 'PD_5': ['PD_2', 'PD_3', 'PD_4', 'PD_6', 'PD_7'], 'PD_6': ['PD_2', 'PD_3', 'PD_4', 'PD_5', 'PD_7'], 'PD_7': ['PD_2', 'PD_3', 'PD_4', 'PD_5', 'PD_6'], 'PD_8': []}, FR: {'PD_2,PD_3': inf, 'PD_2,PD_4': inf, 'PD_2,PD_5': inf, 'PD_2,PD_6': inf, 'PD_2,PD_7': inf, 'PD_2,PD_8': inf, 'PD_3,PD_4': inf, 'PD_3,PD_5': inf, 'PD_3,PD_6': inf, 'PD_3,PD_7': inf, 'PD_3,PD_8': inf, 'PD_4,PD_5': inf, 'PD_4,PD_6': inf, 'PD_4,PD_7': inf, 'PD_4,PD_8': inf, 'PD_5,PD_6': inf, 'PD_5,PD_7': inf, 'PD_5,PD_8': inf, 'PD_6,PD_7': inf, 'PD_6,PD_8': inf, 'PD_7,PD_8': inf}
  Computing metrics...
    RSI: {'PD_2,PD_3': 1.0, 'PD_2,PD_4': 1.0, 'PD_2,PD_5': 1.0, 'PD_2,PD_6': 1.0, 'PD_2,PD_7': 1.0, 'PD_2,PD_8': 0.0, 'PD_3,PD_4': 1.0, 'PD_3,PD_5': 1.0, 'PD_3,PD_6': 1.0, 'PD_3,PD_7': 1.0, 'PD_3,PD_8': 0.0, 'PD_4,PD_5': 1.0, 'PD_4,PD_6': 1.0, 'PD_4,PD_7': 1.0, 'PD_4,PD_8': 0.0, 'PD_5,PD_6': 1.0, 'PD_5,PD_7': 1.0, 'PD_5,PD_8': 0.0, 'PD_6,PD_7': 1.0, 'PD_6,PD_8': 0.0, 'PD_7,PD_8': 0.0}, ASR: 1.1428571428571428, TCB: {'PD_2': ['PD_4', 'PD_3', 'PD_5', 'PD_6', 'PD_7'], 'PD_3': ['PD_2', 'PD_4', 'PD_5', 'PD_6', 'PD_7'], 'PD_4': ['PD_2', 'PD_3', 'PD_5', 'PD_6', 'PD_7'], 'PD_5': ['PD_2', 'PD_3', 'PD_4', 'PD_6', 'PD_7'], 'PD_6': ['PD_2', 'PD_3', 'PD_4', 'PD_5', 'PD_7'], 'PD_7': ['PD_2', 'PD_3', 'PD_4', 'PD_5', 'PD_6'], 'PD_8': []}, FR: {'PD_2,PD_3': inf, 'PD_2,PD_4': inf, 'PD_2,PD_5': inf, 'PD_2,PD_6': 3, 'PD_2,PD_7': inf, 'PD_2,PD_8': inf, 'PD_3,PD_4': inf, 'PD_3,PD_5': inf, 'PD_3,PD_6': inf, 'PD_3,PD_7': inf, 'PD_3,PD_8': inf, 'PD_4,PD_5': inf, 'PD_4,PD_6': inf, 'PD_4,PD_7': inf, 'PD_4,PD_8': inf, 'PD_5,PD_6': inf, 'PD_5,PD_7': inf, 'PD_5,PD_8': inf, 'PD_6,PD_7': inf, 'PD_6,PD_8': inf, 'PD_7,PD_8': inf}
  Computing metrics...
    RSI: {'PD_2,PD_3': 1.0, 'PD_2,PD_4': 1.0, 'PD_2,PD_5': 1.0, 'PD_2,PD_6': 1.0, 'PD_2,PD_7': 1.0, 'PD_2,PD_8': 0.0, 'PD_3,PD_4': 1.0, 'PD_3,PD_5': 1.0, 'PD_3,PD_6': 1.0, 'PD_3,PD_7': 1.0, 'PD_3,PD_8': 0.0, 'PD_4,PD_5': 1.0, 'PD_4,PD_6': 1.0, 'PD_4,PD_7': 1.0, 'PD_4,PD_8': 0.0, 'PD_5,PD_6': 1.0, 'PD_5,PD_7': 1.0, 'PD_5,PD_8': 0.0, 'PD_6,PD_7': 1.0, 'PD_6,PD_8': 0.0, 'PD_7,PD_8': 0.0}, ASR: 1.0, TCB: {'PD_2': ['PD_4', 'PD_3', 'PD_5', 'PD_6', 'PD_7'], 'PD_3': ['PD_2', 'PD_4', 'PD_5', 'PD_6', 'PD_7'], 'PD_4': ['PD_2', 'PD_3', 'PD_5', 'PD_6', 'PD_7'], 'PD_5': ['PD_2', 'PD_3', 'PD_4', 'PD_6', 'PD_7'], 'PD_6': ['PD_2', 'PD_3', 'PD_4', 'PD_5', 'PD_7'], 'PD_7': ['PD_2', 'PD_3', 'PD_4', 'PD_5', 'PD_6'], 'PD_8': []}, FR: {'PD_2,PD_3': inf, 'PD_2,PD_4': inf, 'PD_2,PD_5': inf, 'PD_2,PD_6': inf, 'PD_2,PD_7': inf, 'PD_2,PD_8': inf, 'PD_3,PD_4': inf, 'PD_3,PD_5': inf, 'PD_3,PD_6': inf, 'PD_3,PD_7': inf, 'PD_3,PD_8': inf, 'PD_4,PD_5': inf, 'PD_4,PD_6': inf, 'PD_4,PD_7': inf, 'PD_4,PD_8': inf, 'PD_5,PD_6': inf, 'PD_5,PD_7': inf, 'PD_5,PD_8': inf, 'PD_6,PD_7': inf, 'PD_6,PD_8': inf, 'PD_7,PD_8': inf}
  Computing metrics...
    RSI: {'PD_2,PD_3': 1.0, 'PD_2,PD_4': 1.0, 'PD_2,PD_5': 1.0, 'PD_2,PD_6': 1.0, 'PD_2,PD_7': 1.0, 'PD_2,PD_8': 0.0, 'PD_3,PD_4': 1.0, 'PD_3,PD_5': 1.0, 'PD_3,PD_6': 1.0, 'PD_3,PD_7': 1.0, 'PD_3,PD_8': 0.0, 'PD_4,PD_5': 1.0, 'PD_4,PD_6': 1.0, 'PD_4,PD_7': 1.0, 'PD_4,PD_8': 0.0, 'PD_5,PD_6': 1.0, 'PD_5,PD_7': 1.0, 'PD_5,PD_8': 0.0, 'PD_6,PD_7': 1.0, 'PD_6,PD_8': 0.0, 'PD_7,PD_8': 0.0}, ASR: 1.1428571428571428, TCB: {'PD_2': ['PD_4', 'PD_3', 'PD_5', 'PD_6', 'PD_7'], 'PD_3': ['PD_2', 'PD_4', 'PD_5', 'PD_6', 'PD_7'], 'PD_4': ['PD_2', 'PD_3', 'PD_5', 'PD_6', 'PD_7'], 'PD_5': ['PD_2', 'PD_3', 'PD_4', 'PD_6', 'PD_7'], 'PD_6': ['PD_3', 'PD_2', 'PD_4', 'PD_5', 'PD_7'], 'PD_7': ['PD_2', 'PD_3', 'PD_4', 'PD_5', 'PD_6'], 'PD_8': []}, FR: {'PD_2,PD_3': inf, 'PD_2,PD_4': inf, 'PD_2,PD_5': inf, 'PD_2,PD_6': inf, 'PD_2,PD_7': inf, 'PD_2,PD_8': inf, 'PD_3,PD_4': inf, 'PD_3,PD_5': inf, 'PD_3,PD_6': inf, 'PD_3,PD_7': inf, 'PD_3,PD_8': inf, 'PD_4,PD_5': inf, 'PD_4,PD_6': inf, 'PD_4,PD_7': inf, 'PD_4,PD_8': inf, 'PD_5,PD_6': inf, 'PD_5,PD_7': inf, 'PD_5,PD_8': inf, 'PD_6,PD_7': inf, 'PD_6,PD_8': inf, 'PD_7,PD_8': inf}
  Computing metrics...
    RSI: {'PD_2,PD_3': 1.0, 'PD_2,PD_4': 1.0, 'PD_2,PD_5': 1.0, 'PD_2,PD_6': 1.0, 'PD_2,PD_7': 1.0, 'PD_2,PD_8': 0.0, 'PD_3,PD_4': 1.0, 'PD_3,PD_5': 1.0, 'PD_3,PD_6': 1.0, 'PD_3,PD_7': 1.0, 'PD_3,PD_8': 0.0, 'PD_4,PD_5': 1.0, 'PD_4,PD_6': 1.0, 'PD_4,PD_7': 1.0, 'PD_4,PD_8': 0.0, 'PD_5,PD_6': 1.0, 'PD_5,PD_7': 1.0, 'PD_5,PD_8': 0.0, 'PD_6,PD_7': 1.0, 'PD_6,PD_8': 0.0, 'PD_7,PD_8': 0.0}, ASR: 1.0, TCB: {'PD_2': ['PD_4', 'PD_3', 'PD_5', 'PD_6', 'PD_7'], 'PD_3': ['PD_2', 'PD_4', 'PD_5', 'PD_6', 'PD_7'], 'PD_4': ['PD_2', 'PD_3', 'PD_5', 'PD_6', 'PD_7'], 'PD_5': ['PD_2', 'PD_3', 'PD_4', 'PD_6', 'PD_7'], 'PD_6': ['PD_2', 'PD_3', 'PD_4', 'PD_5', 'PD_7'], 'PD_7': ['PD_2', 'PD_3', 'PD_4', 'PD_5', 'PD_6'], 'PD_8': []}, FR: {'PD_2,PD_3': inf, 'PD_2,PD_4': inf, 'PD_2,PD_5': inf, 'PD_2,PD_6': inf, 'PD_2,PD_7': inf, 'PD_2,PD_8': inf, 'PD_3,PD_4': inf, 'PD_3,PD_5': inf, 'PD_3,PD_6': inf, 'PD_3,PD_7': inf, 'PD_3,PD_8': inf, 'PD_4,PD_5': inf, 'PD_4,PD_6': inf, 'PD_4,PD_7': inf, 'PD_4,PD_8': inf, 'PD_5,PD_6': inf, 'PD_5,PD_7': inf, 'PD_5,PD_8': inf, 'PD_6,PD_7': inf, 'PD_6,PD_8': inf, 'PD_7,PD_8': inf}
  Computing metrics...
    RSI: {'PD_2,PD_3': 1.0, 'PD_2,PD_4': 1.0, 'PD_2,PD_5': 1.0, 'PD_2,PD_6': 1.0, 'PD_2,PD_7': 1.0, 'PD_2,PD_8': 0.0, 'PD_3,PD_4': 1.0, 'PD_3,PD_5': 1.0, 'PD_3,PD_6': 1.0, 'PD_3,PD_7': 1.0, 'PD_3,PD_8': 0.0, 'PD_4,PD_5': 1.0, 'PD_4,PD_6': 1.0, 'PD_4,PD_7': 1.0, 'PD_4,PD_8': 0.0, 'PD_5,PD_6': 1.0, 'PD_5,PD_7': 1.0, 'PD_5,PD_8': 0.0, 'PD_6,PD_7': 1.0, 'PD_6,PD_8': 0.0, 'PD_7,PD_8': 0.0}, ASR: 1.1428571428571428, TCB: {'PD_2': ['PD_4', 'PD_3', 'PD_5', 'PD_6', 'PD_7'], 'PD_3': ['PD_2', 'PD_4', 'PD_5', 'PD_6', 'PD_7'], 'PD_4': ['PD_2', 'PD_3', 'PD_5', 'PD_6', 'PD_7'], 'PD_5': ['PD_2', 'PD_3', 'PD_4', 'PD_6', 'PD_7'], 'PD_6': ['PD_4', 'PD_2', 'PD_3', 'PD_5', 'PD_7'], 'PD_7': ['PD_2', 'PD_3', 'PD_4', 'PD_5', 'PD_6'], 'PD_8': []}, FR: {'PD_2,PD_3': inf, 'PD_2,PD_4': inf, 'PD_2,PD_5': inf, 'PD_2,PD_6': 2, 'PD_2,PD_7': inf, 'PD_2,PD_8': inf, 'PD_3,PD_4': inf, 'PD_3,PD_5': inf, 'PD_3,PD_6': inf, 'PD_3,PD_7': inf, 'PD_3,PD_8': inf, 'PD_4,PD_5': inf, 'PD_4,PD_6': inf, 'PD_4,PD_7': inf, 'PD_4,PD_8': inf, 'PD_5,PD_6': inf, 'PD_5,PD_7': inf, 'PD_5,PD_8': inf, 'PD_6,PD_7': inf, 'PD_6,PD_8': inf, 'PD_7,PD_8': inf}
  Computing metrics...
    RSI: {'PD_2,PD_3': 1.0, 'PD_2,PD_4': 1.0, 'PD_2,PD_5': 1.0, 'PD_2,PD_6': 1.0, 'PD_2,PD_7': 1.0, 'PD_2,PD_8': 0.0, 'PD_3,PD_4': 1.0, 'PD_3,PD_5': 1.0, 'PD_3,PD_6': 1.0, 'PD_3,PD_7': 1.0, 'PD_3,PD_8': 0.0, 'PD_4,PD_5': 1.0, 'PD_4,PD_6': 1.0, 'PD_4,PD_7': 1.0, 'PD_4,PD_8': 0.0, 'PD_5,PD_6': 1.0, 'PD_5,PD_7': 1.0, 'PD_5,PD_8': 0.0, 'PD_6,PD_7': 1.0, 'PD_6,PD_8': 0.0, 'PD_7,PD_8': 0.0}, ASR: 1.0, TCB: {'PD_2': ['PD_4', 'PD_3', 'PD_5', 'PD_6', 'PD_7'], 'PD_3': ['PD_2', 'PD_4', 'PD_5', 'PD_6', 'PD_7'], 'PD_4': ['PD_2', 'PD_3', 'PD_5', 'PD_6', 'PD_7'], 'PD_5': ['PD_2', 'PD_3', 'PD_4', 'PD_6', 'PD_7'], 'PD_6': ['PD_2', 'PD_3', 'PD_4', 'PD_5', 'PD_7'], 'PD_7': ['PD_2', 'PD_3', 'PD_4', 'PD_5', 'PD_6'], 'PD_8': []}, FR: {'PD_2,PD_3': inf, 'PD_2,PD_4': inf, 'PD_2,PD_5': inf, 'PD_2,PD_6': inf, 'PD_2,PD_7': inf, 'PD_2,PD_8': inf, 'PD_3,PD_4': inf, 'PD_3,PD_5': inf, 'PD_3,PD_6': inf, 'PD_3,PD_7': inf, 'PD_3,PD_8': inf, 'PD_4,PD_5': inf, 'PD_4,PD_6': inf, 'PD_4,PD_7': inf, 'PD_4,PD_8': inf, 'PD_5,PD_6': inf, 'PD_5,PD_7': inf, 'PD_5,PD_8': inf, 'PD_6,PD_7': inf, 'PD_6,PD_8': inf, 'PD_7,PD_8': inf}
  Computing metrics...
    RSI: {'PD_2,PD_3': 1.0, 'PD_2,PD_4': 1.0, 'PD_2,PD_5': 1.0, 'PD_2,PD_6': 1.0, 'PD_2,PD_7': 1.0, 'PD_2,PD_8': 0.0, 'PD_3,PD_4': 1.0, 'PD_3,PD_5': 1.0, 'PD_3,PD_6': 1.0, 'PD_3,PD_7': 1.0, 'PD_3,PD_8': 0.0, 'PD_4,PD_5': 1.0, 'PD_4,PD_6': 1.0, 'PD_4,PD_7': 1.0, 'PD_4,PD_8': 0.0, 'PD_5,PD_6': 1.0, 'PD_5,PD_7': 1.0, 'PD_5,PD_8': 0.0, 'PD_6,PD_7': 1.0, 'PD_6,PD_8': 0.0, 'PD_7,PD_8': 0.0}, ASR: 1.1428571428571428, TCB: {'PD_2': ['PD_4', 'PD_3', 'PD_5', 'PD_6', 'PD_7'], 'PD_3': ['PD_2', 'PD_4', 'PD_5', 'PD_6', 'PD_7'], 'PD_4': ['PD_2', 'PD_3', 'PD_5', 'PD_6', 'PD_7'], 'PD_5': ['PD_2', 'PD_3', 'PD_4', 'PD_6', 'PD_7'], 'PD_6': ['PD_5', 'PD_2', 'PD_3', 'PD_4', 'PD_7'], 'PD_7': ['PD_2', 'PD_3', 'PD_4', 'PD_5', 'PD_6'], 'PD_8': []}, FR: {'PD_2,PD_3': inf, 'PD_2,PD_4': inf, 'PD_2,PD_5': inf, 'PD_2,PD_6': inf, 'PD_2,PD_7': inf, 'PD_2,PD_8': inf, 'PD_3,PD_4': inf, 'PD_3,PD_5': inf, 'PD_3,PD_6': inf, 'PD_3,PD_7': inf, 'PD_3,PD_8': inf, 'PD_4,PD_5': inf, 'PD_4,PD_6': inf, 'PD_4,PD_7': inf, 'PD_4,PD_8': inf, 'PD_5,PD_6': inf, 'PD_5,PD_7': inf, 'PD_5,PD_8': inf, 'PD_6,PD_7': inf, 'PD_6,PD_8': inf, 'PD_7,PD_8': inf}
  Computing metrics...
    RSI: {'PD_2,PD_3': 1.0, 'PD_2,PD_4': 1.0, 'PD_2,PD_5': 1.0, 'PD_2,PD_6': 1.0, 'PD_2,PD_7': 1.0, 'PD_2,PD_8': 0.0, 'PD_3,PD_4': 1.0, 'PD_3,PD_5': 1.0, 'PD_3,PD_6': 1.0, 'PD_3,PD_7': 1.0, 'PD_3,PD_8': 0.0, 'PD_4,PD_5': 1.0, 'PD_4,PD_6': 1.0, 'PD_4,PD_7': 1.0, 'PD_4,PD_8': 0.0, 'PD_5,PD_6': 1.0, 'PD_5,PD_7': 1.0, 'PD_5,PD_8': 0.0, 'PD_6,PD_7': 1.0, 'PD_6,PD_8': 0.0, 'PD_7,PD_8': 0.0}, ASR: 1.0, TCB: {'PD_2': ['PD_4', 'PD_3', 'PD_5', 'PD_6', 'PD_7'], 'PD_3': ['PD_2', 'PD_4', 'PD_5', 'PD_6', 'PD_7'], 'PD_4': ['PD_2', 'PD_3', 'PD_5', 'PD_6', 'PD_7'], 'PD_5': ['PD_2', 'PD_3', 'PD_4', 'PD_6', 'PD_7'], 'PD_6': ['PD_2', 'PD_3', 'PD_4', 'PD_5', 'PD_7'], 'PD_7': ['PD_2', 'PD_3', 'PD_4', 'PD_5', 'PD_6'], 'PD_8': []}, FR: {'PD_2,PD_3': inf, 'PD_2,PD_4': inf, 'PD_2,PD_5': inf, 'PD_2,PD_6': inf, 'PD_2,PD_7': inf, 'PD_2,PD_8': inf, 'PD_3,PD_4': inf, 'PD_3,PD_5': inf, 'PD_3,PD_6': inf, 'PD_3,PD_7': inf, 'PD_3,PD_8': inf, 'PD_4,PD_5': inf, 'PD_4,PD_6': inf, 'PD_4,PD_7': inf, 'PD_4,PD_8': inf, 'PD_5,PD_6': inf, 'PD_5,PD_7': inf, 'PD_5,PD_8': inf, 'PD_6,PD_7': inf, 'PD_6,PD_8': inf, 'PD_7,PD_8': inf}
  Computing metrics...
    RSI: {'PD_2,PD_3': 1.0, 'PD_2,PD_4': 1.0, 'PD_2,PD_5': 1.0, 'PD_2,PD_6': 1.0, 'PD_2,PD_7': 1.0, 'PD_2,PD_8': 0.0, 'PD_3,PD_4': 1.0, 'PD_3,PD_5': 1.0, 'PD_3,PD_6': 1.0, 'PD_3,PD_7': 1.0, 'PD_3,PD_8': 0.0, 'PD_4,PD_5': 1.0, 'PD_4,PD_6': 1.0, 'PD_4,PD_7': 1.0, 'PD_4,PD_8': 0.0, 'PD_5,PD_6': 1.0, 'PD_5,PD_7': 1.0, 'PD_5,PD_8': 0.0, 'PD_6,PD_7': 1.0, 'PD_6,PD_8': 0.0, 'PD_7,PD_8': 0.0}, ASR: 1.1428571428571428, TCB: {'PD_2': ['PD_4', 'PD_3', 'PD_5', 'PD_6', 'PD_7'], 'PD_3': ['PD_2', 'PD_4', 'PD_5', 'PD_6', 'PD_7'], 'PD_4': ['PD_2', 'PD_3', 'PD_5', 'PD_6', 'PD_7'], 'PD_5': ['PD_2', 'PD_3', 'PD_4', 'PD_6', 'PD_7'], 'PD_6': ['PD_7', 'PD_2', 'PD_3', 'PD_4', 'PD_5'], 'PD_7': ['PD_2', 'PD_3', 'PD_4', 'PD_5', 'PD_6'], 'PD_8': []}, FR: {'PD_2,PD_3': inf, 'PD_2,PD_4': inf, 'PD_2,PD_5': inf, 'PD_2,PD_6': inf, 'PD_2,PD_7': inf, 'PD_2,PD_8': inf, 'PD_3,PD_4': inf, 'PD_3,PD_5': inf, 'PD_3,PD_6': inf, 'PD_3,PD_7': inf, 'PD_3,PD_8': inf, 'PD_4,PD_5': inf, 'PD_4,PD_6': inf, 'PD_4,PD_7': inf, 'PD_4,PD_8': inf, 'PD_5,PD_6': inf, 'PD_5,PD_7': inf, 'PD_5,PD_8': inf, 'PD_6,PD_7': inf, 'PD_6,PD_8': inf, 'PD_7,PD_8': inf}
  Computing metrics...
    RSI: {'PD_2,PD_3': 1.0, 'PD_2,PD_4': 1.0, 'PD_2,PD_5': 1.0, 'PD_2,PD_6': 1.0, 'PD_2,PD_7': 1.0, 'PD_2,PD_8': 0.0, 'PD_3,PD_4': 1.0, 'PD_3,PD_5': 1.0, 'PD_3,PD_6': 1.0, 'PD_3,PD_7': 1.0, 'PD_3,PD_8': 0.0, 'PD_4,PD_5': 1.0, 'PD_4,PD_6': 1.0, 'PD_4,PD_7': 1.0, 'PD_4,PD_8': 0.0, 'PD_5,PD_6': 1.0, 'PD_5,PD_7': 1.0, 'PD_5,PD_8': 0.0, 'PD_6,PD_7': 1.0, 'PD_6,PD_8': 0.0, 'PD_7,PD_8': 0.0}, ASR: 1.0, TCB: {'PD_2': ['PD_4', 'PD_3', 'PD_5', 'PD_6', 'PD_7'], 'PD_3': ['PD_2', 'PD_4', 'PD_5', 'PD_6', 'PD_7'], 'PD_4': ['PD_2', 'PD_3', 'PD_5', 'PD_6', 'PD_7'], 'PD_5': ['PD_2', 'PD_3', 'PD_4', 'PD_6', 'PD_7'], 'PD_6': ['PD_2', 'PD_3', 'PD_4', 'PD_5', 'PD_7'], 'PD_7': ['PD_2', 'PD_3', 'PD_4', 'PD_5', 'PD_6'], 'PD_8': []}, FR: {'PD_2,PD_3': inf, 'PD_2,PD_4': inf, 'PD_2,PD_5': inf, 'PD_2,PD_6': inf, 'PD_2,PD_7': inf, 'PD_2,PD_8': inf, 'PD_3,PD_4': inf, 'PD_3,PD_5': inf, 'PD_3,PD_6': inf, 'PD_3,PD_7': inf, 'PD_3,PD_8': inf, 'PD_4,PD_5': inf, 'PD_4,PD_6': inf, 'PD_4,PD_7': inf, 'PD_4,PD_8': inf, 'PD_5,PD_6': inf, 'PD_5,PD_7': inf, 'PD_5,PD_8': inf, 'PD_6,PD_7': inf, 'PD_6,PD_8': inf, 'PD_7,PD_8': inf}
  Computing metrics...
    RSI: {'PD_2,PD_3': 1.0, 'PD_2,PD_4': 1.0, 'PD_2,PD_5': 1.0, 'PD_2,PD_6': 1.0, 'PD_2,PD_7': 1.0, 'PD_2,PD_8': 0.0, 'PD_3,PD_4': 1.0, 'PD_3,PD_5': 1.0, 'PD_3,PD_6': 1.0, 'PD_3,PD_7': 1.0, 'PD_3,PD_8': 0.0, 'PD_4,PD_5': 1.0, 'PD_4,PD_6': 1.0, 'PD_4,PD_7': 1.0, 'PD_4,PD_8': 0.0, 'PD_5,PD_6': 1.0, 'PD_5,PD_7': 1.0, 'PD_5,PD_8': 0.0, 'PD_6,PD_7': 1.0, 'PD_6,PD_8': 0.0, 'PD_7,PD_8': 0.0}, ASR: 1.1428571428571428, TCB: {'PD_2': ['PD_4', 'PD_3', 'PD_5', 'PD_6', 'PD_7'], 'PD_3': ['PD_2', 'PD_4', 'PD_5', 'PD_6', 'PD_7'], 'PD_4': ['PD_2', 'PD_3', 'PD_5', 'PD_6', 'PD_7'], 'PD_5': ['PD_2', 'PD_3', 'PD_4', 'PD_6', 'PD_7'], 'PD_6': ['PD_8', 'PD_2', 'PD_3', 'PD_4', 'PD_5', 'PD_7'], 'PD_7': ['PD_2', 'PD_3', 'PD_4', 'PD_5', 'PD_6'], 'PD_8': []}, FR: {'PD_2,PD_3': inf, 'PD_2,PD_4': inf, 'PD_2,PD_5': inf, 'PD_2,PD_6': inf, 'PD_2,PD_7': inf, 'PD_2,PD_8': inf, 'PD_3,PD_4': inf, 'PD_3,PD_5': inf, 'PD_3,PD_6': inf, 'PD_3,PD_7': inf, 'PD_3,PD_8': inf, 'PD_4,PD_5': inf, 'PD_4,PD_6': inf, 'PD_4,PD_7': inf, 'PD_4,PD_8': inf, 'PD_5,PD_6': inf, 'PD_5,PD_7': inf, 'PD_5,PD_8': inf, 'PD_6,PD_7': inf, 'PD_6,PD_8': inf, 'PD_7,PD_8': inf}
  Computing metrics...
    RSI: {'PD_2,PD_3': 1.0, 'PD_2,PD_4': 1.0, 'PD_2,PD_5': 1.0, 'PD_2,PD_6': 1.0, 'PD_2,PD_7': 1.0, 'PD_2,PD_8': 0.0, 'PD_3,PD_4': 1.0, 'PD_3,PD_5': 1.0, 'PD_3,PD_6': 1.0, 'PD_3,PD_7': 1.0, 'PD_3,PD_8': 0.0, 'PD_4,PD_5': 1.0, 'PD_4,PD_6': 1.0, 'PD_4,PD_7': 1.0, 'PD_4,PD_8': 0.0, 'PD_5,PD_6': 1.0, 'PD_5,PD_7': 1.0, 'PD_5,PD_8': 0.0, 'PD_6,PD_7': 1.0, 'PD_6,PD_8': 0.0, 'PD_7,PD_8': 0.0}, ASR: 1.0, TCB: {'PD_2': ['PD_4', 'PD_3', 'PD_5', 'PD_6', 'PD_7'], 'PD_3': ['PD_2', 'PD_4', 'PD_5', 'PD_6', 'PD_7'], 'PD_4': ['PD_2', 'PD_3', 'PD_5', 'PD_6', 'PD_7'], 'PD_5': ['PD_2', 'PD_3', 'PD_4', 'PD_6', 'PD_7'], 'PD_6': ['PD_2', 'PD_3', 'PD_4', 'PD_5', 'PD_7'], 'PD_7': ['PD_2', 'PD_3', 'PD_4', 'PD_5', 'PD_6'], 'PD_8': []}, FR: {'PD_2,PD_3': inf, 'PD_2,PD_4': inf, 'PD_2,PD_5': inf, 'PD_2,PD_6': inf, 'PD_2,PD_7': inf, 'PD_2,PD_8': inf, 'PD_3,PD_4': inf, 'PD_3,PD_5': inf, 'PD_3,PD_6': inf, 'PD_3,PD_7': inf, 'PD_3,PD_8': inf, 'PD_4,PD_5': inf, 'PD_4,PD_6': inf, 'PD_4,PD_7': inf, 'PD_4,PD_8': inf, 'PD_5,PD_6': inf, 'PD_5,PD_7': inf, 'PD_5,PD_8': inf, 'PD_6,PD_7': inf, 'PD_6,PD_8': inf, 'PD_7,PD_8': inf}
  Computing metrics...
    RSI: {'PD_2,PD_3': 1.0, 'PD_2,PD_4': 1.0, 'PD_2,PD_5': 1.0, 'PD_2,PD_6': 1.0, 'PD_2,PD_7': 1.0, 'PD_2,PD_8': 0.0, 'PD_3,PD_4': 1.0, 'PD_3,PD_5': 1.0, 'PD_3,PD_6': 1.0, 'PD_3,PD_7': 1.0, 'PD_3,PD_8': 0.0, 'PD_4,PD_5': 1.0, 'PD_4,PD_6': 1.0, 'PD_4,PD_7': 1.0, 'PD_4,PD_8': 0.0, 'PD_5,PD_6': 1.0, 'PD_5,PD_7': 1.0, 'PD_5,PD_8': 0.0, 'PD_6,PD_7': 1.0, 'PD_6,PD_8': 0.0, 'PD_7,PD_8': 0.0}, ASR: 1.1428571428571428, TCB: {'PD_2': ['PD_4', 'PD_3', 'PD_5', 'PD_6', 'PD_7'], 'PD_3': ['PD_2', 'PD_4', 'PD_5', 'PD_6', 'PD_7'], 'PD_4': ['PD_2', 'PD_3', 'PD_5', 'PD_6', 'PD_7'], 'PD_5': ['PD_2', 'PD_3', 'PD_4', 'PD_6', 'PD_7'], 'PD_6': ['PD_2', 'PD_3', 'PD_4', 'PD_5', 'PD_7'], 'PD_7': ['PD_2', 'PD_3', 'PD_4', 'PD_5', 'PD_6'], 'PD_8': []}, FR: {'PD_2,PD_3': inf, 'PD_2,PD_4': inf, 'PD_2,PD_5': inf, 'PD_2,PD_6': inf, 'PD_2,PD_7': 3, 'PD_2,PD_8': inf, 'PD_3,PD_4': inf, 'PD_3,PD_5': inf, 'PD_3,PD_6': inf, 'PD_3,PD_7': inf, 'PD_3,PD_8': inf, 'PD_4,PD_5': inf, 'PD_4,PD_6': inf, 'PD_4,PD_7': inf, 'PD_4,PD_8': inf, 'PD_5,PD_6': inf, 'PD_5,PD_7': inf, 'PD_5,PD_8': inf, 'PD_6,PD_7': inf, 'PD_6,PD_8': inf, 'PD_7,PD_8': inf}
  Computing metrics...
    RSI: {'PD_2,PD_3': 1.0, 'PD_2,PD_4': 1.0, 'PD_2,PD_5': 1.0, 'PD_2,PD_6': 1.0, 'PD_2,PD_7': 1.0, 'PD_2,PD_8': 0.0, 'PD_3,PD_4': 1.0, 'PD_3,PD_5': 1.0, 'PD_3,PD_6': 1.0, 'PD_3,PD_7': 1.0, 'PD_3,PD_8': 0.0, 'PD_4,PD_5': 1.0, 'PD_4,PD_6': 1.0, 'PD_4,PD_7': 1.0, 'PD_4,PD_8': 0.0, 'PD_5,PD_6': 1.0, 'PD_5,PD_7': 1.0, 'PD_5,PD_8': 0.0, 'PD_6,PD_7': 1.0, 'PD_6,PD_8': 0.0, 'PD_7,PD_8': 0.0}, ASR: 1.0, TCB: {'PD_2': ['PD_4', 'PD_3', 'PD_5', 'PD_6', 'PD_7'], 'PD_3': ['PD_2', 'PD_4', 'PD_5', 'PD_6', 'PD_7'], 'PD_4': ['PD_2', 'PD_3', 'PD_5', 'PD_6', 'PD_7'], 'PD_5': ['PD_2', 'PD_3', 'PD_4', 'PD_6', 'PD_7'], 'PD_6': ['PD_2', 'PD_3', 'PD_4', 'PD_5', 'PD_7'], 'PD_7': ['PD_2', 'PD_3', 'PD_4', 'PD_5', 'PD_6'], 'PD_8': []}, FR: {'PD_2,PD_3': inf, 'PD_2,PD_4': inf, 'PD_2,PD_5': inf, 'PD_2,PD_6': inf, 'PD_2,PD_7': inf, 'PD_2,PD_8': inf, 'PD_3,PD_4': inf, 'PD_3,PD_5': inf, 'PD_3,PD_6': inf, 'PD_3,PD_7': inf, 'PD_3,PD_8': inf, 'PD_4,PD_5': inf, 'PD_4,PD_6': inf, 'PD_4,PD_7': inf, 'PD_4,PD_8': inf, 'PD_5,PD_6': inf, 'PD_5,PD_7': inf, 'PD_5,PD_8': inf, 'PD_6,PD_7': inf, 'PD_6,PD_8': inf, 'PD_7,PD_8': inf}
  Computing metrics...
    RSI: {'PD_2,PD_3': 1.0, 'PD_2,PD_4': 1.0, 'PD_2,PD_5': 1.0, 'PD_2,PD_6': 1.0, 'PD_2,PD_7': 1.0, 'PD_2,PD_8': 0.0, 'PD_3,PD_4': 1.0, 'PD_3,PD_5': 1.0, 'PD_3,PD_6': 1.0, 'PD_3,PD_7': 1.0, 'PD_3,PD_8': 0.0, 'PD_4,PD_5': 1.0, 'PD_4,PD_6': 1.0, 'PD_4,PD_7': 1.0, 'PD_4,PD_8': 0.0, 'PD_5,PD_6': 1.0, 'PD_5,PD_7': 1.0, 'PD_5,PD_8': 0.0, 'PD_6,PD_7': 1.0, 'PD_6,PD_8': 0.0, 'PD_7,PD_8': 0.0}, ASR: 1.1428571428571428, TCB: {'PD_2': ['PD_4', 'PD_3', 'PD_5', 'PD_6', 'PD_7'], 'PD_3': ['PD_2', 'PD_4', 'PD_5', 'PD_6', 'PD_7'], 'PD_4': ['PD_2', 'PD_3', 'PD_5', 'PD_6', 'PD_7'], 'PD_5': ['PD_2', 'PD_3', 'PD_4', 'PD_6', 'PD_7'], 'PD_6': ['PD_2', 'PD_3', 'PD_4', 'PD_5', 'PD_7'], 'PD_7': ['PD_3', 'PD_2', 'PD_4', 'PD_5', 'PD_6'], 'PD_8': []}, FR: {'PD_2,PD_3': inf, 'PD_2,PD_4': inf, 'PD_2,PD_5': inf, 'PD_2,PD_6': inf, 'PD_2,PD_7': inf, 'PD_2,PD_8': inf, 'PD_3,PD_4': inf, 'PD_3,PD_5': inf, 'PD_3,PD_6': inf, 'PD_3,PD_7': inf, 'PD_3,PD_8': inf, 'PD_4,PD_5': inf, 'PD_4,PD_6': inf, 'PD_4,PD_7': inf, 'PD_4,PD_8': inf, 'PD_5,PD_6': inf, 'PD_5,PD_7': inf, 'PD_5,PD_8': inf, 'PD_6,PD_7': inf, 'PD_6,PD_8': inf, 'PD_7,PD_8': inf}
  Computing metrics...
    RSI: {'PD_2,PD_3': 1.0, 'PD_2,PD_4': 1.0, 'PD_2,PD_5': 1.0, 'PD_2,PD_6': 1.0, 'PD_2,PD_7': 1.0, 'PD_2,PD_8': 0.0, 'PD_3,PD_4': 1.0, 'PD_3,PD_5': 1.0, 'PD_3,PD_6': 1.0, 'PD_3,PD_7': 1.0, 'PD_3,PD_8': 0.0, 'PD_4,PD_5': 1.0, 'PD_4,PD_6': 1.0, 'PD_4,PD_7': 1.0, 'PD_4,PD_8': 0.0, 'PD_5,PD_6': 1.0, 'PD_5,PD_7': 1.0, 'PD_5,PD_8': 0.0, 'PD_6,PD_7': 1.0, 'PD_6,PD_8': 0.0, 'PD_7,PD_8': 0.0}, ASR: 1.0, TCB: {'PD_2': ['PD_4', 'PD_3', 'PD_5', 'PD_6', 'PD_7'], 'PD_3': ['PD_2', 'PD_4', 'PD_5', 'PD_6', 'PD_7'], 'PD_4': ['PD_2', 'PD_3', 'PD_5', 'PD_6', 'PD_7'], 'PD_5': ['PD_2', 'PD_3', 'PD_4', 'PD_6', 'PD_7'], 'PD_6': ['PD_2', 'PD_3', 'PD_4', 'PD_5', 'PD_7'], 'PD_7': ['PD_2', 'PD_3', 'PD_4', 'PD_5', 'PD_6'], 'PD_8': []}, FR: {'PD_2,PD_3': inf, 'PD_2,PD_4': inf, 'PD_2,PD_5': inf, 'PD_2,PD_6': inf, 'PD_2,PD_7': inf, 'PD_2,PD_8': inf, 'PD_3,PD_4': inf, 'PD_3,PD_5': inf, 'PD_3,PD_6': inf, 'PD_3,PD_7': inf, 'PD_3,PD_8': inf, 'PD_4,PD_5': inf, 'PD_4,PD_6': inf, 'PD_4,PD_7': inf, 'PD_4,PD_8': inf, 'PD_5,PD_6': inf, 'PD_5,PD_7': inf, 'PD_5,PD_8': inf, 'PD_6,PD_7': inf, 'PD_6,PD_8': inf, 'PD_7,PD_8': inf}
  Computing metrics...
    RSI: {'PD_2,PD_3': 1.0, 'PD_2,PD_4': 1.0, 'PD_2,PD_5': 1.0, 'PD_2,PD_6': 1.0, 'PD_2,PD_7': 1.0, 'PD_2,PD_8': 0.0, 'PD_3,PD_4': 1.0, 'PD_3,PD_5': 1.0, 'PD_3,PD_6': 1.0, 'PD_3,PD_7': 1.0, 'PD_3,PD_8': 0.0, 'PD_4,PD_5': 1.0, 'PD_4,PD_6': 1.0, 'PD_4,PD_7': 1.0, 'PD_4,PD_8': 0.0, 'PD_5,PD_6': 1.0, 'PD_5,PD_7': 1.0, 'PD_5,PD_8': 0.0, 'PD_6,PD_7': 1.0, 'PD_6,PD_8': 0.0, 'PD_7,PD_8': 0.0}, ASR: 1.1428571428571428, TCB: {'PD_2': ['PD_4', 'PD_3', 'PD_5', 'PD_6', 'PD_7'], 'PD_3': ['PD_2', 'PD_4', 'PD_5', 'PD_6', 'PD_7'], 'PD_4': ['PD_2', 'PD_3', 'PD_5', 'PD_6', 'PD_7'], 'PD_5': ['PD_2', 'PD_3', 'PD_4', 'PD_6', 'PD_7'], 'PD_6': ['PD_2', 'PD_3', 'PD_4', 'PD_5', 'PD_7'], 'PD_7': ['PD_4', 'PD_2', 'PD_3', 'PD_5', 'PD_6'], 'PD_8': []}, FR: {'PD_2,PD_3': inf, 'PD_2,PD_4': inf, 'PD_2,PD_5': inf, 'PD_2,PD_6': inf, 'PD_2,PD_7': 2, 'PD_2,PD_8': inf, 'PD_3,PD_4': inf, 'PD_3,PD_5': inf, 'PD_3,PD_6': inf, 'PD_3,PD_7': inf, 'PD_3,PD_8': inf, 'PD_4,PD_5': inf, 'PD_4,PD_6': inf, 'PD_4,PD_7': inf, 'PD_4,PD_8': inf, 'PD_5,PD_6': inf, 'PD_5,PD_7': inf, 'PD_5,PD_8': inf, 'PD_6,PD_7': inf, 'PD_6,PD_8': inf, 'PD_7,PD_8': inf}
  Computing metrics...
    RSI: {'PD_2,PD_3': 1.0, 'PD_2,PD_4': 1.0, 'PD_2,PD_5': 1.0, 'PD_2,PD_6': 1.0, 'PD_2,PD_7': 1.0, 'PD_2,PD_8': 0.0, 'PD_3,PD_4': 1.0, 'PD_3,PD_5': 1.0, 'PD_3,PD_6': 1.0, 'PD_3,PD_7': 1.0, 'PD_3,PD_8': 0.0, 'PD_4,PD_5': 1.0, 'PD_4,PD_6': 1.0, 'PD_4,PD_7': 1.0, 'PD_4,PD_8': 0.0, 'PD_5,PD_6': 1.0, 'PD_5,PD_7': 1.0, 'PD_5,PD_8': 0.0, 'PD_6,PD_7': 1.0, 'PD_6,PD_8': 0.0, 'PD_7,PD_8': 0.0}, ASR: 1.0, TCB: {'PD_2': ['PD_4', 'PD_3', 'PD_5', 'PD_6', 'PD_7'], 'PD_3': ['PD_2', 'PD_4', 'PD_5', 'PD_6', 'PD_7'], 'PD_4': ['PD_2', 'PD_3', 'PD_5', 'PD_6', 'PD_7'], 'PD_5': ['PD_2', 'PD_3', 'PD_4', 'PD_6', 'PD_7'], 'PD_6': ['PD_2', 'PD_3', 'PD_4', 'PD_5', 'PD_7'], 'PD_7': ['PD_2', 'PD_3', 'PD_4', 'PD_5', 'PD_6'], 'PD_8': []}, FR: {'PD_2,PD_3': inf, 'PD_2,PD_4': inf, 'PD_2,PD_5': inf, 'PD_2,PD_6': inf, 'PD_2,PD_7': inf, 'PD_2,PD_8': inf, 'PD_3,PD_4': inf, 'PD_3,PD_5': inf, 'PD_3,PD_6': inf, 'PD_3,PD_7': inf, 'PD_3,PD_8': inf, 'PD_4,PD_5': inf, 'PD_4,PD_6': inf, 'PD_4,PD_7': inf, 'PD_4,PD_8': inf, 'PD_5,PD_6': inf, 'PD_5,PD_7': inf, 'PD_5,PD_8': inf, 'PD_6,PD_7': inf, 'PD_6,PD_8': inf, 'PD_7,PD_8': inf}
  Computing metrics...
    RSI: {'PD_2,PD_3': 1.0, 'PD_2,PD_4': 1.0, 'PD_2,PD_5': 1.0, 'PD_2,PD_6': 1.0, 'PD_2,PD_7': 1.0, 'PD_2,PD_8': 0.0, 'PD_3,PD_4': 1.0, 'PD_3,PD_5': 1.0, 'PD_3,PD_6': 1.0, 'PD_3,PD_7': 1.0, 'PD_3,PD_8': 0.0, 'PD_4,PD_5': 1.0, 'PD_4,PD_6': 1.0, 'PD_4,PD_7': 1.0, 'PD_4,PD_8': 0.0, 'PD_5,PD_6': 1.0, 'PD_5,PD_7': 1.0, 'PD_5,PD_8': 0.0, 'PD_6,PD_7': 1.0, 'PD_6,PD_8': 0.0, 'PD_7,PD_8': 0.0}, ASR: 1.1428571428571428, TCB: {'PD_2': ['PD_4', 'PD_3', 'PD_5', 'PD_6', 'PD_7'], 'PD_3': ['PD_2', 'PD_4', 'PD_5', 'PD_6', 'PD_7'], 'PD_4': ['PD_2', 'PD_3', 'PD_5', 'PD_6', 'PD_7'], 'PD_5': ['PD_2', 'PD_3', 'PD_4', 'PD_6', 'PD_7'], 'PD_6': ['PD_2', 'PD_3', 'PD_4', 'PD_5', 'PD_7'], 'PD_7': ['PD_5', 'PD_2', 'PD_3', 'PD_4', 'PD_6'], 'PD_8': []}, FR: {'PD_2,PD_3': inf, 'PD_2,PD_4': inf, 'PD_2,PD_5': inf, 'PD_2,PD_6': inf, 'PD_2,PD_7': inf, 'PD_2,PD_8': inf, 'PD_3,PD_4': inf, 'PD_3,PD_5': inf, 'PD_3,PD_6': inf, 'PD_3,PD_7': inf, 'PD_3,PD_8': inf, 'PD_4,PD_5': inf, 'PD_4,PD_6': inf, 'PD_4,PD_7': inf, 'PD_4,PD_8': inf, 'PD_5,PD_6': inf, 'PD_5,PD_7': inf, 'PD_5,PD_8': inf, 'PD_6,PD_7': inf, 'PD_6,PD_8': inf, 'PD_7,PD_8': inf}
  Computing metrics...
    RSI: {'PD_2,PD_3': 1.0, 'PD_2,PD_4': 1.0, 'PD_2,PD_5': 1.0, 'PD_2,PD_6': 1.0, 'PD_2,PD_7': 1.0, 'PD_2,PD_8': 0.0, 'PD_3,PD_4': 1.0, 'PD_3,PD_5': 1.0, 'PD_3,PD_6': 1.0, 'PD_3,PD_7': 1.0, 'PD_3,PD_8': 0.0, 'PD_4,PD_5': 1.0, 'PD_4,PD_6': 1.0, 'PD_4,PD_7': 1.0, 'PD_4,PD_8': 0.0, 'PD_5,PD_6': 1.0, 'PD_5,PD_7': 1.0, 'PD_5,PD_8': 0.0, 'PD_6,PD_7': 1.0, 'PD_6,PD_8': 0.0, 'PD_7,PD_8': 0.0}, ASR: 1.0, TCB: {'PD_2': ['PD_4', 'PD_3', 'PD_5', 'PD_6', 'PD_7'], 'PD_3': ['PD_2', 'PD_4', 'PD_5', 'PD_6', 'PD_7'], 'PD_4': ['PD_2', 'PD_3', 'PD_5', 'PD_6', 'PD_7'], 'PD_5': ['PD_2', 'PD_3', 'PD_4', 'PD_6', 'PD_7'], 'PD_6': ['PD_2', 'PD_3', 'PD_4', 'PD_5', 'PD_7'], 'PD_7': ['PD_2', 'PD_3', 'PD_4', 'PD_5', 'PD_6'], 'PD_8': []}, FR: {'PD_2,PD_3': inf, 'PD_2,PD_4': inf, 'PD_2,PD_5': inf, 'PD_2,PD_6': inf, 'PD_2,PD_7': inf, 'PD_2,PD_8': inf, 'PD_3,PD_4': inf, 'PD_3,PD_5': inf, 'PD_3,PD_6': inf, 'PD_3,PD_7': inf, 'PD_3,PD_8': inf, 'PD_4,PD_5': inf, 'PD_4,PD_6': inf, 'PD_4,PD_7': inf, 'PD_4,PD_8': inf, 'PD_5,PD_6': inf, 'PD_5,PD_7': inf, 'PD_5,PD_8': inf, 'PD_6,PD_7': inf, 'PD_6,PD_8': inf, 'PD_7,PD_8': inf}
  Computing metrics...
    RSI: {'PD_2,PD_3': 1.0, 'PD_2,PD_4': 1.0, 'PD_2,PD_5': 1.0, 'PD_2,PD_6': 1.0, 'PD_2,PD_7': 1.0, 'PD_2,PD_8': 0.0, 'PD_3,PD_4': 1.0, 'PD_3,PD_5': 1.0, 'PD_3,PD_6': 1.0, 'PD_3,PD_7': 1.0, 'PD_3,PD_8': 0.0, 'PD_4,PD_5': 1.0, 'PD_4,PD_6': 1.0, 'PD_4,PD_7': 1.0, 'PD_4,PD_8': 0.0, 'PD_5,PD_6': 1.0, 'PD_5,PD_7': 1.0, 'PD_5,PD_8': 0.0, 'PD_6,PD_7': 1.0, 'PD_6,PD_8': 0.0, 'PD_7,PD_8': 0.0}, ASR: 1.1428571428571428, TCB: {'PD_2': ['PD_4', 'PD_3', 'PD_5', 'PD_6', 'PD_7'], 'PD_3': ['PD_2', 'PD_4', 'PD_5', 'PD_6', 'PD_7'], 'PD_4': ['PD_2', 'PD_3', 'PD_5', 'PD_6', 'PD_7'], 'PD_5': ['PD_2', 'PD_3', 'PD_4', 'PD_6', 'PD_7'], 'PD_6': ['PD_2', 'PD_3', 'PD_4', 'PD_5', 'PD_7'], 'PD_7': ['PD_6', 'PD_2', 'PD_3', 'PD_4', 'PD_5'], 'PD_8': []}, FR: {'PD_2,PD_3': inf, 'PD_2,PD_4': inf, 'PD_2,PD_5': inf, 'PD_2,PD_6': inf, 'PD_2,PD_7': inf, 'PD_2,PD_8': inf, 'PD_3,PD_4': inf, 'PD_3,PD_5': inf, 'PD_3,PD_6': inf, 'PD_3,PD_7': inf, 'PD_3,PD_8': inf, 'PD_4,PD_5': inf, 'PD_4,PD_6': inf, 'PD_4,PD_7': inf, 'PD_4,PD_8': inf, 'PD_5,PD_6': inf, 'PD_5,PD_7': inf, 'PD_5,PD_8': inf, 'PD_6,PD_7': inf, 'PD_6,PD_8': inf, 'PD_7,PD_8': inf}
  Computing metrics...
    RSI: {'PD_2,PD_3': 1.0, 'PD_2,PD_4': 1.0, 'PD_2,PD_5': 1.0, 'PD_2,PD_6': 1.0, 'PD_2,PD_7': 1.0, 'PD_2,PD_8': 0.0, 'PD_3,PD_4': 1.0, 'PD_3,PD_5': 1.0, 'PD_3,PD_6': 1.0, 'PD_3,PD_7': 1.0, 'PD_3,PD_8': 0.0, 'PD_4,PD_5': 1.0, 'PD_4,PD_6': 1.0, 'PD_4,PD_7': 1.0, 'PD_4,PD_8': 0.0, 'PD_5,PD_6': 1.0, 'PD_5,PD_7': 1.0, 'PD_5,PD_8': 0.0, 'PD_6,PD_7': 1.0, 'PD_6,PD_8': 0.0, 'PD_7,PD_8': 0.0}, ASR: 1.0, TCB: {'PD_2': ['PD_4', 'PD_3', 'PD_5', 'PD_6', 'PD_7'], 'PD_3': ['PD_2', 'PD_4', 'PD_5', 'PD_6', 'PD_7'], 'PD_4': ['PD_2', 'PD_3', 'PD_5', 'PD_6', 'PD_7'], 'PD_5': ['PD_2', 'PD_3', 'PD_4', 'PD_6', 'PD_7'], 'PD_6': ['PD_2', 'PD_3', 'PD_4', 'PD_5', 'PD_7'], 'PD_7': ['PD_2', 'PD_3', 'PD_4', 'PD_5', 'PD_6'], 'PD_8': []}, FR: {'PD_2,PD_3': inf, 'PD_2,PD_4': inf, 'PD_2,PD_5': inf, 'PD_2,PD_6': inf, 'PD_2,PD_7': inf, 'PD_2,PD_8': inf, 'PD_3,PD_4': inf, 'PD_3,PD_5': inf, 'PD_3,PD_6': inf, 'PD_3,PD_7': inf, 'PD_3,PD_8': inf, 'PD_4,PD_5': inf, 'PD_4,PD_6': inf, 'PD_4,PD_7': inf, 'PD_4,PD_8': inf, 'PD_5,PD_6': inf, 'PD_5,PD_7': inf, 'PD_5,PD_8': inf, 'PD_6,PD_7': inf, 'PD_6,PD_8': inf, 'PD_7,PD_8': inf}
  Computing metrics...
    RSI: {'PD_2,PD_3': 1.0, 'PD_2,PD_4': 1.0, 'PD_2,PD_5': 1.0, 'PD_2,PD_6': 1.0, 'PD_2,PD_7': 1.0, 'PD_2,PD_8': 0.0, 'PD_3,PD_4': 1.0, 'PD_3,PD_5': 1.0, 'PD_3,PD_6': 1.0, 'PD_3,PD_7': 1.0, 'PD_3,PD_8': 0.0, 'PD_4,PD_5': 1.0, 'PD_4,PD_6': 1.0, 'PD_4,PD_7': 1.0, 'PD_4,PD_8': 0.0, 'PD_5,PD_6': 1.0, 'PD_5,PD_7': 1.0, 'PD_5,PD_8': 0.0, 'PD_6,PD_7': 1.0, 'PD_6,PD_8': 0.0, 'PD_7,PD_8': 0.0}, ASR: 1.1428571428571428, TCB: {'PD_2': ['PD_4', 'PD_3', 'PD_5', 'PD_6', 'PD_7'], 'PD_3': ['PD_2', 'PD_4', 'PD_5', 'PD_6', 'PD_7'], 'PD_4': ['PD_2', 'PD_3', 'PD_5', 'PD_6', 'PD_7'], 'PD_5': ['PD_2', 'PD_3', 'PD_4', 'PD_6', 'PD_7'], 'PD_6': ['PD_2', 'PD_3', 'PD_4', 'PD_5', 'PD_7'], 'PD_7': ['PD_8', 'PD_2', 'PD_3', 'PD_4', 'PD_5', 'PD_6'], 'PD_8': []}, FR: {'PD_2,PD_3': inf, 'PD_2,PD_4': inf, 'PD_2,PD_5': inf, 'PD_2,PD_6': inf, 'PD_2,PD_7': inf, 'PD_2,PD_8': inf, 'PD_3,PD_4': inf, 'PD_3,PD_5': inf, 'PD_3,PD_6': inf, 'PD_3,PD_7': inf, 'PD_3,PD_8': inf, 'PD_4,PD_5': inf, 'PD_4,PD_6': inf, 'PD_4,PD_7': inf, 'PD_4,PD_8': inf, 'PD_5,PD_6': inf, 'PD_5,PD_7': inf, 'PD_5,PD_8': inf, 'PD_6,PD_7': inf, 'PD_6,PD_8': inf, 'PD_7,PD_8': inf}
  Computing metrics...
    RSI: {'PD_2,PD_3': 1.0, 'PD_2,PD_4': 1.0, 'PD_2,PD_5': 1.0, 'PD_2,PD_6': 1.0, 'PD_2,PD_7': 1.0, 'PD_2,PD_8': 0.0, 'PD_3,PD_4': 1.0, 'PD_3,PD_5': 1.0, 'PD_3,PD_6': 1.0, 'PD_3,PD_7': 1.0, 'PD_3,PD_8': 0.0, 'PD_4,PD_5': 1.0, 'PD_4,PD_6': 1.0, 'PD_4,PD_7': 1.0, 'PD_4,PD_8': 0.0, 'PD_5,PD_6': 1.0, 'PD_5,PD_7': 1.0, 'PD_5,PD_8': 0.0, 'PD_6,PD_7': 1.0, 'PD_6,PD_8': 0.0, 'PD_7,PD_8': 0.0}, ASR: 1.0, TCB: {'PD_2': ['PD_4', 'PD_3', 'PD_5', 'PD_6', 'PD_7'], 'PD_3': ['PD_2', 'PD_4', 'PD_5', 'PD_6', 'PD_7'], 'PD_4': ['PD_2', 'PD_3', 'PD_5', 'PD_6', 'PD_7'], 'PD_5': ['PD_2', 'PD_3', 'PD_4', 'PD_6', 'PD_7'], 'PD_6': ['PD_2', 'PD_3', 'PD_4', 'PD_5', 'PD_7'], 'PD_7': ['PD_2', 'PD_3', 'PD_4', 'PD_5', 'PD_6'], 'PD_8': []}, FR: {'PD_2,PD_3': inf, 'PD_2,PD_4': inf, 'PD_2,PD_5': inf, 'PD_2,PD_6': inf, 'PD_2,PD_7': inf, 'PD_2,PD_8': inf, 'PD_3,PD_4': inf, 'PD_3,PD_5': inf, 'PD_3,PD_6': inf, 'PD_3,PD_7': inf, 'PD_3,PD_8': inf, 'PD_4,PD_5': inf, 'PD_4,PD_6': inf, 'PD_4,PD_7': inf, 'PD_4,PD_8': inf, 'PD_5,PD_6': inf, 'PD_5,PD_7': inf, 'PD_5,PD_8': inf, 'PD_6,PD_7': inf, 'PD_6,PD_8': inf, 'PD_7,PD_8': inf}
  Computing metrics...
    RSI: {'PD_2,PD_3': 1.0, 'PD_2,PD_4': 1.0, 'PD_2,PD_5': 1.0, 'PD_2,PD_6': 1.0, 'PD_2,PD_7': 1.0, 'PD_2,PD_8': 0.0, 'PD_3,PD_4': 1.0, 'PD_3,PD_5': 1.0, 'PD_3,PD_6': 1.0, 'PD_3,PD_7': 1.0, 'PD_3,PD_8': 0.0, 'PD_4,PD_5': 1.0, 'PD_4,PD_6': 1.0, 'PD_4,PD_7': 1.0, 'PD_4,PD_8': 0.0, 'PD_5,PD_6': 1.0, 'PD_5,PD_7': 1.0, 'PD_5,PD_8': 0.0, 'PD_6,PD_7': 1.0, 'PD_6,PD_8': 0.0, 'PD_7,PD_8': 0.0}, ASR: 1.1428571428571428, TCB: {'PD_2': ['PD_4', 'PD_3', 'PD_5', 'PD_6', 'PD_7'], 'PD_3': ['PD_2', 'PD_4', 'PD_5', 'PD_6', 'PD_7'], 'PD_4': ['PD_2', 'PD_3', 'PD_5', 'PD_6', 'PD_7'], 'PD_5': ['PD_2', 'PD_3', 'PD_4', 'PD_6', 'PD_7'], 'PD_6': ['PD_2', 'PD_3', 'PD_4', 'PD_5', 'PD_7'], 'PD_7': ['PD_2', 'PD_3', 'PD_4', 'PD_5', 'PD_6'], 'PD_8': ['PD_2']}, FR: {'PD_2,PD_3': inf, 'PD_2,PD_4': inf, 'PD_2,PD_5': inf, 'PD_2,PD_6': inf, 'PD_2,PD_7': inf, 'PD_2,PD_8': 3, 'PD_3,PD_4': inf, 'PD_3,PD_5': inf, 'PD_3,PD_6': inf, 'PD_3,PD_7': inf, 'PD_3,PD_8': inf, 'PD_4,PD_5': inf, 'PD_4,PD_6': inf, 'PD_4,PD_7': inf, 'PD_4,PD_8': inf, 'PD_5,PD_6': inf, 'PD_5,PD_7': inf, 'PD_5,PD_8': inf, 'PD_6,PD_7': inf, 'PD_6,PD_8': inf, 'PD_7,PD_8': inf}
  Computing metrics...
    RSI: {'PD_2,PD_3': 1.0, 'PD_2,PD_4': 1.0, 'PD_2,PD_5': 1.0, 'PD_2,PD_6': 1.0, 'PD_2,PD_7': 1.0, 'PD_2,PD_8': 0.0, 'PD_3,PD_4': 1.0, 'PD_3,PD_5': 1.0, 'PD_3,PD_6': 1.0, 'PD_3,PD_7': 1.0, 'PD_3,PD_8': 0.0, 'PD_4,PD_5': 1.0, 'PD_4,PD_6': 1.0, 'PD_4,PD_7': 1.0, 'PD_4,PD_8': 0.0, 'PD_5,PD_6': 1.0, 'PD_5,PD_7': 1.0, 'PD_5,PD_8': 0.0, 'PD_6,PD_7': 1.0, 'PD_6,PD_8': 0.0, 'PD_7,PD_8': 0.0}, ASR: 1.0, TCB: {'PD_2': ['PD_4', 'PD_3', 'PD_5', 'PD_6', 'PD_7'], 'PD_3': ['PD_2', 'PD_4', 'PD_5', 'PD_6', 'PD_7'], 'PD_4': ['PD_2', 'PD_3', 'PD_5', 'PD_6', 'PD_7'], 'PD_5': ['PD_2', 'PD_3', 'PD_4', 'PD_6', 'PD_7'], 'PD_6': ['PD_2', 'PD_3', 'PD_4', 'PD_5', 'PD_7'], 'PD_7': ['PD_2', 'PD_3', 'PD_4', 'PD_5', 'PD_6'], 'PD_8': []}, FR: {'PD_2,PD_3': inf, 'PD_2,PD_4': inf, 'PD_2,PD_5': inf, 'PD_2,PD_6': inf, 'PD_2,PD_7': inf, 'PD_2,PD_8': inf, 'PD_3,PD_4': inf, 'PD_3,PD_5': inf, 'PD_3,PD_6': inf, 'PD_3,PD_7': inf, 'PD_3,PD_8': inf, 'PD_4,PD_5': inf, 'PD_4,PD_6': inf, 'PD_4,PD_7': inf, 'PD_4,PD_8': inf, 'PD_5,PD_6': inf, 'PD_5,PD_7': inf, 'PD_5,PD_8': inf, 'PD_6,PD_7': inf, 'PD_6,PD_8': inf, 'PD_7,PD_8': inf}
  Computing metrics...
    RSI: {'PD_2,PD_3': 1.0, 'PD_2,PD_4': 1.0, 'PD_2,PD_5': 1.0, 'PD_2,PD_6': 1.0, 'PD_2,PD_7': 1.0, 'PD_2,PD_8': 0.0, 'PD_3,PD_4': 1.0, 'PD_3,PD_5': 1.0, 'PD_3,PD_6': 1.0, 'PD_3,PD_7': 1.0, 'PD_3,PD_8': 0.0, 'PD_4,PD_5': 1.0, 'PD_4,PD_6': 1.0, 'PD_4,PD_7': 1.0, 'PD_4,PD_8': 0.0, 'PD_5,PD_6': 1.0, 'PD_5,PD_7': 1.0, 'PD_5,PD_8': 0.0, 'PD_6,PD_7': 1.0, 'PD_6,PD_8': 0.0, 'PD_7,PD_8': 0.0}, ASR: 1.1428571428571428, TCB: {'PD_2': ['PD_4', 'PD_3', 'PD_5', 'PD_6', 'PD_7'], 'PD_3': ['PD_2', 'PD_4', 'PD_5', 'PD_6', 'PD_7'], 'PD_4': ['PD_2', 'PD_3', 'PD_5', 'PD_6', 'PD_7'], 'PD_5': ['PD_2', 'PD_3', 'PD_4', 'PD_6', 'PD_7'], 'PD_6': ['PD_2', 'PD_3', 'PD_4', 'PD_5', 'PD_7'], 'PD_7': ['PD_2', 'PD_3', 'PD_4', 'PD_5', 'PD_6'], 'PD_8': ['PD_3']}, FR: {'PD_2,PD_3': inf, 'PD_2,PD_4': inf, 'PD_2,PD_5': inf, 'PD_2,PD_6': inf, 'PD_2,PD_7': inf, 'PD_2,PD_8': inf, 'PD_3,PD_4': inf, 'PD_3,PD_5': inf, 'PD_3,PD_6': inf, 'PD_3,PD_7': inf, 'PD_3,PD_8': inf, 'PD_4,PD_5': inf, 'PD_4,PD_6': inf, 'PD_4,PD_7': inf, 'PD_4,PD_8': inf, 'PD_5,PD_6': inf, 'PD_5,PD_7': inf, 'PD_5,PD_8': inf, 'PD_6,PD_7': inf, 'PD_6,PD_8': inf, 'PD_7,PD_8': inf}
  Computing metrics...
    RSI: {'PD_2,PD_3': 1.0, 'PD_2,PD_4': 1.0, 'PD_2,PD_5': 1.0, 'PD_2,PD_6': 1.0, 'PD_2,PD_7': 1.0, 'PD_2,PD_8': 0.0, 'PD_3,PD_4': 1.0, 'PD_3,PD_5': 1.0, 'PD_3,PD_6': 1.0, 'PD_3,PD_7': 1.0, 'PD_3,PD_8': 0.0, 'PD_4,PD_5': 1.0, 'PD_4,PD_6': 1.0, 'PD_4,PD_7': 1.0, 'PD_4,PD_8': 0.0, 'PD_5,PD_6': 1.0, 'PD_5,PD_7': 1.0, 'PD_5,PD_8': 0.0, 'PD_6,PD_7': 1.0, 'PD_6,PD_8': 0.0, 'PD_7,PD_8': 0.0}, ASR: 1.0, TCB: {'PD_2': ['PD_4', 'PD_3', 'PD_5', 'PD_6', 'PD_7'], 'PD_3': ['PD_2', 'PD_4', 'PD_5', 'PD_6', 'PD_7'], 'PD_4': ['PD_2', 'PD_3', 'PD_5', 'PD_6', 'PD_7'], 'PD_5': ['PD_2', 'PD_3', 'PD_4', 'PD_6', 'PD_7'], 'PD_6': ['PD_2', 'PD_3', 'PD_4', 'PD_5', 'PD_7'], 'PD_7': ['PD_2', 'PD_3', 'PD_4', 'PD_5', 'PD_6'], 'PD_8': []}, FR: {'PD_2,PD_3': inf, 'PD_2,PD_4': inf, 'PD_2,PD_5': inf, 'PD_2,PD_6': inf, 'PD_2,PD_7': inf, 'PD_2,PD_8': inf, 'PD_3,PD_4': inf, 'PD_3,PD_5': inf, 'PD_3,PD_6': inf, 'PD_3,PD_7': inf, 'PD_3,PD_8': inf, 'PD_4,PD_5': inf, 'PD_4,PD_6': inf, 'PD_4,PD_7': inf, 'PD_4,PD_8': inf, 'PD_5,PD_6': inf, 'PD_5,PD_7': inf, 'PD_5,PD_8': inf, 'PD_6,PD_7': inf, 'PD_6,PD_8': inf, 'PD_7,PD_8': inf}
  Computing metrics...
    RSI: {'PD_2,PD_3': 1.0, 'PD_2,PD_4': 1.0, 'PD_2,PD_5': 1.0, 'PD_2,PD_6': 1.0, 'PD_2,PD_7': 1.0, 'PD_2,PD_8': 0.0, 'PD_3,PD_4': 1.0, 'PD_3,PD_5': 1.0, 'PD_3,PD_6': 1.0, 'PD_3,PD_7': 1.0, 'PD_3,PD_8': 0.0, 'PD_4,PD_5': 1.0, 'PD_4,PD_6': 1.0, 'PD_4,PD_7': 1.0, 'PD_4,PD_8': 0.0, 'PD_5,PD_6': 1.0, 'PD_5,PD_7': 1.0, 'PD_5,PD_8': 0.0, 'PD_6,PD_7': 1.0, 'PD_6,PD_8': 0.0, 'PD_7,PD_8': 0.0}, ASR: 1.1428571428571428, TCB: {'PD_2': ['PD_4', 'PD_3', 'PD_5', 'PD_6', 'PD_7'], 'PD_3': ['PD_2', 'PD_4', 'PD_5', 'PD_6', 'PD_7'], 'PD_4': ['PD_2', 'PD_3', 'PD_5', 'PD_6', 'PD_7'], 'PD_5': ['PD_2', 'PD_3', 'PD_4', 'PD_6', 'PD_7'], 'PD_6': ['PD_2', 'PD_3', 'PD_4', 'PD_5', 'PD_7'], 'PD_7': ['PD_2', 'PD_3', 'PD_4', 'PD_5', 'PD_6'], 'PD_8': ['PD_4']}, FR: {'PD_2,PD_3': inf, 'PD_2,PD_4': inf, 'PD_2,PD_5': inf, 'PD_2,PD_6': inf, 'PD_2,PD_7': inf, 'PD_2,PD_8': 2, 'PD_3,PD_4': inf, 'PD_3,PD_5': inf, 'PD_3,PD_6': inf, 'PD_3,PD_7': inf, 'PD_3,PD_8': inf, 'PD_4,PD_5': inf, 'PD_4,PD_6': inf, 'PD_4,PD_7': inf, 'PD_4,PD_8': inf, 'PD_5,PD_6': inf, 'PD_5,PD_7': inf, 'PD_5,PD_8': inf, 'PD_6,PD_7': inf, 'PD_6,PD_8': inf, 'PD_7,PD_8': inf}
  Computing metrics...
    RSI: {'PD_2,PD_3': 1.0, 'PD_2,PD_4': 1.0, 'PD_2,PD_5': 1.0, 'PD_2,PD_6': 1.0, 'PD_2,PD_7': 1.0, 'PD_2,PD_8': 0.0, 'PD_3,PD_4': 1.0, 'PD_3,PD_5': 1.0, 'PD_3,PD_6': 1.0, 'PD_3,PD_7': 1.0, 'PD_3,PD_8': 0.0, 'PD_4,PD_5': 1.0, 'PD_4,PD_6': 1.0, 'PD_4,PD_7': 1.0, 'PD_4,PD_8': 0.0, 'PD_5,PD_6': 1.0, 'PD_5,PD_7': 1.0, 'PD_5,PD_8': 0.0, 'PD_6,PD_7': 1.0, 'PD_6,PD_8': 0.0, 'PD_7,PD_8': 0.0}, ASR: 1.0, TCB: {'PD_2': ['PD_4', 'PD_3', 'PD_5', 'PD_6', 'PD_7'], 'PD_3': ['PD_2', 'PD_4', 'PD_5', 'PD_6', 'PD_7'], 'PD_4': ['PD_2', 'PD_3', 'PD_5', 'PD_6', 'PD_7'], 'PD_5': ['PD_2', 'PD_3', 'PD_4', 'PD_6', 'PD_7'], 'PD_6': ['PD_2', 'PD_3', 'PD_4', 'PD_5', 'PD_7'], 'PD_7': ['PD_2', 'PD_3', 'PD_4', 'PD_5', 'PD_6'], 'PD_8': []}, FR: {'PD_2,PD_3': inf, 'PD_2,PD_4': inf, 'PD_2,PD_5': inf, 'PD_2,PD_6': inf, 'PD_2,PD_7': inf, 'PD_2,PD_8': inf, 'PD_3,PD_4': inf, 'PD_3,PD_5': inf, 'PD_3,PD_6': inf, 'PD_3,PD_7': inf, 'PD_3,PD_8': inf, 'PD_4,PD_5': inf, 'PD_4,PD_6': inf, 'PD_4,PD_7': inf, 'PD_4,PD_8': inf, 'PD_5,PD_6': inf, 'PD_5,PD_7': inf, 'PD_5,PD_8': inf, 'PD_6,PD_7': inf, 'PD_6,PD_8': inf, 'PD_7,PD_8': inf}
  Computing metrics...
    RSI: {'PD_2,PD_3': 1.0, 'PD_2,PD_4': 1.0, 'PD_2,PD_5': 1.0, 'PD_2,PD_6': 1.0, 'PD_2,PD_7': 1.0, 'PD_2,PD_8': 0.0, 'PD_3,PD_4': 1.0, 'PD_3,PD_5': 1.0, 'PD_3,PD_6': 1.0, 'PD_3,PD_7': 1.0, 'PD_3,PD_8': 0.0, 'PD_4,PD_5': 1.0, 'PD_4,PD_6': 1.0, 'PD_4,PD_7': 1.0, 'PD_4,PD_8': 0.0, 'PD_5,PD_6': 1.0, 'PD_5,PD_7': 1.0, 'PD_5,PD_8': 0.0, 'PD_6,PD_7': 1.0, 'PD_6,PD_8': 0.0, 'PD_7,PD_8': 0.0}, ASR: 1.1428571428571428, TCB: {'PD_2': ['PD_4', 'PD_3', 'PD_5', 'PD_6', 'PD_7'], 'PD_3': ['PD_2', 'PD_4', 'PD_5', 'PD_6', 'PD_7'], 'PD_4': ['PD_2', 'PD_3', 'PD_5', 'PD_6', 'PD_7'], 'PD_5': ['PD_2', 'PD_3', 'PD_4', 'PD_6', 'PD_7'], 'PD_6': ['PD_2', 'PD_3', 'PD_4', 'PD_5', 'PD_7'], 'PD_7': ['PD_2', 'PD_3', 'PD_4', 'PD_5', 'PD_6'], 'PD_8': ['PD_5']}, FR: {'PD_2,PD_3': inf, 'PD_2,PD_4': inf, 'PD_2,PD_5': inf, 'PD_2,PD_6': inf, 'PD_2,PD_7': inf, 'PD_2,PD_8': inf, 'PD_3,PD_4': inf, 'PD_3,PD_5': inf, 'PD_3,PD_6': inf, 'PD_3,PD_7': inf, 'PD_3,PD_8': inf, 'PD_4,PD_5': inf, 'PD_4,PD_6': inf, 'PD_4,PD_7': inf, 'PD_4,PD_8': inf, 'PD_5,PD_6': inf, 'PD_5,PD_7': inf, 'PD_5,PD_8': inf, 'PD_6,PD_7': inf, 'PD_6,PD_8': inf, 'PD_7,PD_8': inf}
  Computing metrics...
    RSI: {'PD_2,PD_3': 1.0, 'PD_2,PD_4': 1.0, 'PD_2,PD_5': 1.0, 'PD_2,PD_6': 1.0, 'PD_2,PD_7': 1.0, 'PD_2,PD_8': 0.0, 'PD_3,PD_4': 1.0, 'PD_3,PD_5': 1.0, 'PD_3,PD_6': 1.0, 'PD_3,PD_7': 1.0, 'PD_3,PD_8': 0.0, 'PD_4,PD_5': 1.0, 'PD_4,PD_6': 1.0, 'PD_4,PD_7': 1.0, 'PD_4,PD_8': 0.0, 'PD_5,PD_6': 1.0, 'PD_5,PD_7': 1.0, 'PD_5,PD_8': 0.0, 'PD_6,PD_7': 1.0, 'PD_6,PD_8': 0.0, 'PD_7,PD_8': 0.0}, ASR: 1.0, TCB: {'PD_2': ['PD_4', 'PD_3', 'PD_5', 'PD_6', 'PD_7'], 'PD_3': ['PD_2', 'PD_4', 'PD_5', 'PD_6', 'PD_7'], 'PD_4': ['PD_2', 'PD_3', 'PD_5', 'PD_6', 'PD_7'], 'PD_5': ['PD_2', 'PD_3', 'PD_4', 'PD_6', 'PD_7'], 'PD_6': ['PD_2', 'PD_3', 'PD_4', 'PD_5', 'PD_7'], 'PD_7': ['PD_2', 'PD_3', 'PD_4', 'PD_5', 'PD_6'], 'PD_8': []}, FR: {'PD_2,PD_3': inf, 'PD_2,PD_4': inf, 'PD_2,PD_5': inf, 'PD_2,PD_6': inf, 'PD_2,PD_7': inf, 'PD_2,PD_8': inf, 'PD_3,PD_4': inf, 'PD_3,PD_5': inf, 'PD_3,PD_6': inf, 'PD_3,PD_7': inf, 'PD_3,PD_8': inf, 'PD_4,PD_5': inf, 'PD_4,PD_6': inf, 'PD_4,PD_7': inf, 'PD_4,PD_8': inf, 'PD_5,PD_6': inf, 'PD_5,PD_7': inf, 'PD_5,PD_8': inf, 'PD_6,PD_7': inf, 'PD_6,PD_8': inf, 'PD_7,PD_8': inf}
  Computing metrics...
    RSI: {'PD_2,PD_3': 1.0, 'PD_2,PD_4': 1.0, 'PD_2,PD_5': 1.0, 'PD_2,PD_6': 1.0, 'PD_2,PD_7': 1.0, 'PD_2,PD_8': 0.0, 'PD_3,PD_4': 1.0, 'PD_3,PD_5': 1.0, 'PD_3,PD_6': 1.0, 'PD_3,PD_7': 1.0, 'PD_3,PD_8': 0.0, 'PD_4,PD_5': 1.0, 'PD_4,PD_6': 1.0, 'PD_4,PD_7': 1.0, 'PD_4,PD_8': 0.0, 'PD_5,PD_6': 1.0, 'PD_5,PD_7': 1.0, 'PD_5,PD_8': 0.0, 'PD_6,PD_7': 1.0, 'PD_6,PD_8': 0.0, 'PD_7,PD_8': 0.0}, ASR: 1.1428571428571428, TCB: {'PD_2': ['PD_4', 'PD_3', 'PD_5', 'PD_6', 'PD_7'], 'PD_3': ['PD_2', 'PD_4', 'PD_5', 'PD_6', 'PD_7'], 'PD_4': ['PD_2', 'PD_3', 'PD_5', 'PD_6', 'PD_7'], 'PD_5': ['PD_2', 'PD_3', 'PD_4', 'PD_6', 'PD_7'], 'PD_6': ['PD_2', 'PD_3', 'PD_4', 'PD_5', 'PD_7'], 'PD_7': ['PD_2', 'PD_3', 'PD_4', 'PD_5', 'PD_6'], 'PD_8': ['PD_6']}, FR: {'PD_2,PD_3': inf, 'PD_2,PD_4': inf, 'PD_2,PD_5': inf, 'PD_2,PD_6': inf, 'PD_2,PD_7': inf, 'PD_2,PD_8': inf, 'PD_3,PD_4': inf, 'PD_3,PD_5': inf, 'PD_3,PD_6': inf, 'PD_3,PD_7': inf, 'PD_3,PD_8': inf, 'PD_4,PD_5': inf, 'PD_4,PD_6': inf, 'PD_4,PD_7': inf, 'PD_4,PD_8': inf, 'PD_5,PD_6': inf, 'PD_5,PD_7': inf, 'PD_5,PD_8': inf, 'PD_6,PD_7': inf, 'PD_6,PD_8': inf, 'PD_7,PD_8': inf}
  Computing metrics...
    RSI: {'PD_2,PD_3': 1.0, 'PD_2,PD_4': 1.0, 'PD_2,PD_5': 1.0, 'PD_2,PD_6': 1.0, 'PD_2,PD_7': 1.0, 'PD_2,PD_8': 0.0, 'PD_3,PD_4': 1.0, 'PD_3,PD_5': 1.0, 'PD_3,PD_6': 1.0, 'PD_3,PD_7': 1.0, 'PD_3,PD_8': 0.0, 'PD_4,PD_5': 1.0, 'PD_4,PD_6': 1.0, 'PD_4,PD_7': 1.0, 'PD_4,PD_8': 0.0, 'PD_5,PD_6': 1.0, 'PD_5,PD_7': 1.0, 'PD_5,PD_8': 0.0, 'PD_6,PD_7': 1.0, 'PD_6,PD_8': 0.0, 'PD_7,PD_8': 0.0}, ASR: 1.0, TCB: {'PD_2': ['PD_4', 'PD_3', 'PD_5', 'PD_6', 'PD_7'], 'PD_3': ['PD_2', 'PD_4', 'PD_5', 'PD_6', 'PD_7'], 'PD_4': ['PD_2', 'PD_3', 'PD_5', 'PD_6', 'PD_7'], 'PD_5': ['PD_2', 'PD_3', 'PD_4', 'PD_6', 'PD_7'], 'PD_6': ['PD_2', 'PD_3', 'PD_4', 'PD_5', 'PD_7'], 'PD_7': ['PD_2', 'PD_3', 'PD_4', 'PD_5', 'PD_6'], 'PD_8': []}, FR: {'PD_2,PD_3': inf, 'PD_2,PD_4': inf, 'PD_2,PD_5': inf, 'PD_2,PD_6': inf, 'PD_2,PD_7': inf, 'PD_2,PD_8': inf, 'PD_3,PD_4': inf, 'PD_3,PD_5': inf, 'PD_3,PD_6': inf, 'PD_3,PD_7': inf, 'PD_3,PD_8': inf, 'PD_4,PD_5': inf, 'PD_4,PD_6': inf, 'PD_4,PD_7': inf, 'PD_4,PD_8': inf, 'PD_5,PD_6': inf, 'PD_5,PD_7': inf, 'PD_5,PD_8': inf, 'PD_6,PD_7': inf, 'PD_6,PD_8': inf, 'PD_7,PD_8': inf}
  Computing metrics...
    RSI: {'PD_2,PD_3': 1.0, 'PD_2,PD_4': 1.0, 'PD_2,PD_5': 1.0, 'PD_2,PD_6': 1.0, 'PD_2,PD_7': 1.0, 'PD_2,PD_8': 0.0, 'PD_3,PD_4': 1.0, 'PD_3,PD_5': 1.0, 'PD_3,PD_6': 1.0, 'PD_3,PD_7': 1.0, 'PD_3,PD_8': 0.0, 'PD_4,PD_5': 1.0, 'PD_4,PD_6': 1.0, 'PD_4,PD_7': 1.0, 'PD_4,PD_8': 0.0, 'PD_5,PD_6': 1.0, 'PD_5,PD_7': 1.0, 'PD_5,PD_8': 0.0, 'PD_6,PD_7': 1.0, 'PD_6,PD_8': 0.0, 'PD_7,PD_8': 0.0}, ASR: 1.1428571428571428, TCB: {'PD_2': ['PD_4', 'PD_3', 'PD_5', 'PD_6', 'PD_7'], 'PD_3': ['PD_2', 'PD_4', 'PD_5', 'PD_6', 'PD_7'], 'PD_4': ['PD_2', 'PD_3', 'PD_5', 'PD_6', 'PD_7'], 'PD_5': ['PD_2', 'PD_3', 'PD_4', 'PD_6', 'PD_7'], 'PD_6': ['PD_2', 'PD_3', 'PD_4', 'PD_5', 'PD_7'], 'PD_7': ['PD_2', 'PD_3', 'PD_4', 'PD_5', 'PD_6'], 'PD_8': ['PD_7']}, FR: {'PD_2,PD_3': inf, 'PD_2,PD_4': inf, 'PD_2,PD_5': inf, 'PD_2,PD_6': inf, 'PD_2,PD_7': inf, 'PD_2,PD_8': inf, 'PD_3,PD_4': inf, 'PD_3,PD_5': inf, 'PD_3,PD_6': inf, 'PD_3,PD_7': inf, 'PD_3,PD_8': inf, 'PD_4,PD_5': inf, 'PD_4,PD_6': inf, 'PD_4,PD_7': inf, 'PD_4,PD_8': inf, 'PD_5,PD_6': inf, 'PD_5,PD_7': inf, 'PD_5,PD_8': inf, 'PD_6,PD_7': inf, 'PD_6,PD_8': inf, 'PD_7,PD_8': inf}
  Computing metrics...
    RSI: {'PD_2,PD_3': 1.0, 'PD_2,PD_4': 1.0, 'PD_2,PD_5': 1.0, 'PD_2,PD_6': 1.0, 'PD_2,PD_7': 1.0, 'PD_2,PD_8': 0.0, 'PD_3,PD_4': 1.0, 'PD_3,PD_5': 1.0, 'PD_3,PD_6': 1.0, 'PD_3,PD_7': 1.0, 'PD_3,PD_8': 0.0, 'PD_4,PD_5': 1.0, 'PD_4,PD_6': 1.0, 'PD_4,PD_7': 1.0, 'PD_4,PD_8': 0.0, 'PD_5,PD_6': 1.0, 'PD_5,PD_7': 1.0, 'PD_5,PD_8': 0.0, 'PD_6,PD_7': 1.0, 'PD_6,PD_8': 0.0, 'PD_7,PD_8': 0.0}, ASR: 1.0, TCB: {'PD_2': ['PD_4', 'PD_3', 'PD_5', 'PD_6', 'PD_7'], 'PD_3': ['PD_2', 'PD_4', 'PD_5', 'PD_6', 'PD_7'], 'PD_4': ['PD_2', 'PD_3', 'PD_5', 'PD_6', 'PD_7'], 'PD_5': ['PD_2', 'PD_3', 'PD_4', 'PD_6', 'PD_7'], 'PD_6': ['PD_2', 'PD_3', 'PD_4', 'PD_5', 'PD_7'], 'PD_7': ['PD_2', 'PD_3', 'PD_4', 'PD_5', 'PD_6'], 'PD_8': []}, FR: {'PD_2,PD_3': inf, 'PD_2,PD_4': inf, 'PD_2,PD_5': inf, 'PD_2,PD_6': inf, 'PD_2,PD_7': inf, 'PD_2,PD_8': inf, 'PD_3,PD_4': inf, 'PD_3,PD_5': inf, 'PD_3,PD_6': inf, 'PD_3,PD_7': inf, 'PD_3,PD_8': inf, 'PD_4,PD_5': inf, 'PD_4,PD_6': inf, 'PD_4,PD_7': inf, 'PD_4,PD_8': inf, 'PD_5,PD_6': inf, 'PD_5,PD_7': inf, 'PD_5,PD_8': inf, 'PD_6,PD_7': inf, 'PD_6,PD_8': inf, 'PD_7,PD_8': inf}
  Computing metrics...
    RSI: {'PD_2,PD_3': 1.0, 'PD_2,PD_4': 1.0, 'PD_2,PD_5': 1.0, 'PD_2,PD_6': 1.0, 'PD_2,PD_7': 1.0, 'PD_2,PD_8': 0.0, 'PD_3,PD_4': 1.0, 'PD_3,PD_5': 1.0, 'PD_3,PD_6': 1.0, 'PD_3,PD_7': 1.0, 'PD_3,PD_8': 0.0, 'PD_4,PD_5': 1.0, 'PD_4,PD_6': 1.0, 'PD_4,PD_7': 1.0, 'PD_4,PD_8': 0.0, 'PD_5,PD_6': 1.0, 'PD_5,PD_7': 1.0, 'PD_5,PD_8': 0.0, 'PD_6,PD_7': 1.0, 'PD_6,PD_8': 0.0, 'PD_7,PD_8': 0.0}, ASR: 1.0, TCB: {'PD_2': ['PD_4', 'PD_3', 'PD_5', 'PD_6', 'PD_7'], 'PD_3': ['PD_2', 'PD_4', 'PD_5', 'PD_6', 'PD_7'], 'PD_4': ['PD_2', 'PD_3', 'PD_5', 'PD_6', 'PD_7'], 'PD_5': ['PD_2', 'PD_3', 'PD_4', 'PD_6', 'PD_7'], 'PD_6': ['PD_2', 'PD_3', 'PD_4', 'PD_5', 'PD_7'], 'PD_7': ['PD_2', 'PD_3', 'PD_4', 'PD_5', 'PD_6'], 'PD_8': []}, FR: {'PD_2,PD_3': inf, 'PD_2,PD_4': inf, 'PD_2,PD_5': inf, 'PD_2,PD_6': inf, 'PD_2,PD_7': inf, 'PD_2,PD_8': inf, 'PD_3,PD_4': inf, 'PD_3,PD_5': inf, 'PD_3,PD_6': inf, 'PD_3,PD_7': inf, 'PD_3,PD_8': inf, 'PD_4,PD_5': inf, 'PD_4,PD_6': inf, 'PD_4,PD_7': inf, 'PD_4,PD_8': inf, 'PD_5,PD_6': inf, 'PD_5,PD_7': inf, 'PD_5,PD_8': inf, 'PD_6,PD_7': inf, 'PD_6,PD_8': inf, 'PD_7,PD_8': inf}
  Computing metrics...
    RSI: {'PD_2,PD_3': 1.0, 'PD_2,PD_4': 1.0, 'PD_2,PD_5': 1.0, 'PD_2,PD_6': 1.0, 'PD_2,PD_7': 1.0, 'PD_2,PD_8': 0.0, 'PD_3,PD_4': 1.0, 'PD_3,PD_5': 1.0, 'PD_3,PD_6': 1.0, 'PD_3,PD_7': 1.0, 'PD_3,PD_8': 0.0, 'PD_4,PD_5': 1.0, 'PD_4,PD_6': 1.0, 'PD_4,PD_7': 1.0, 'PD_4,PD_8': 0.0, 'PD_5,PD_6': 1.0, 'PD_5,PD_7': 1.0, 'PD_5,PD_8': 0.0, 'PD_6,PD_7': 1.0, 'PD_6,PD_8': 0.0, 'PD_7,PD_8': 0.0}, ASR: 1.0, TCB: {'PD_2': ['PD_4', 'PD_3', 'PD_5', 'PD_6', 'PD_7'], 'PD_3': ['PD_2', 'PD_4', 'PD_5', 'PD_6', 'PD_7'], 'PD_4': ['PD_2', 'PD_3', 'PD_5', 'PD_6', 'PD_7'], 'PD_5': ['PD_2', 'PD_3', 'PD_4', 'PD_6', 'PD_7'], 'PD_6': ['PD_2', 'PD_3', 'PD_4', 'PD_5', 'PD_7'], 'PD_7': ['PD_2', 'PD_3', 'PD_4', 'PD_5', 'PD_6'], 'PD_8': []}, FR: {'PD_2,PD_3': inf, 'PD_2,PD_4': inf, 'PD_2,PD_5': inf, 'PD_2,PD_6': inf, 'PD_2,PD_7': inf, 'PD_2,PD_8': inf, 'PD_3,PD_4': inf, 'PD_3,PD_5': inf, 'PD_3,PD_6': inf, 'PD_3,PD_7': inf, 'PD_3,PD_8': inf, 'PD_4,PD_5': inf, 'PD_4,PD_6': inf, 'PD_4,PD_7': inf, 'PD_4,PD_8': inf, 'PD_5,PD_6': inf, 'PD_5,PD_7': inf, 'PD_5,PD_8': inf, 'PD_6,PD_7': inf, 'PD_6,PD_8': inf, 'PD_7,PD_8': inf}
  Computing metrics...
    RSI: {'PD_2,PD_3': 1.0, 'PD_2,PD_4': 1.0, 'PD_2,PD_5': 1.0, 'PD_2,PD_6': 1.0, 'PD_2,PD_7': 1.0, 'PD_2,PD_8': 0.0, 'PD_3,PD_4': 1.0, 'PD_3,PD_5': 1.0, 'PD_3,PD_6': 1.0, 'PD_3,PD_7': 1.0, 'PD_3,PD_8': 0.0, 'PD_4,PD_5': 1.0, 'PD_4,PD_6': 1.0, 'PD_4,PD_7': 1.0, 'PD_4,PD_8': 0.0, 'PD_5,PD_6': 1.0, 'PD_5,PD_7': 1.0, 'PD_5,PD_8': 0.0, 'PD_6,PD_7': 1.0, 'PD_6,PD_8': 0.0, 'PD_7,PD_8': 0.0}, ASR: 1.0, TCB: {'PD_2': ['PD_4', 'PD_3', 'PD_5', 'PD_6', 'PD_7'], 'PD_3': ['PD_2', 'PD_4', 'PD_5', 'PD_6', 'PD_7'], 'PD_4': ['PD_2', 'PD_3', 'PD_5', 'PD_6', 'PD_7'], 'PD_5': ['PD_2', 'PD_3', 'PD_4', 'PD_6', 'PD_7'], 'PD_6': ['PD_2', 'PD_3', 'PD_4', 'PD_5', 'PD_7'], 'PD_7': ['PD_2', 'PD_3', 'PD_4', 'PD_5', 'PD_6'], 'PD_8': []}, FR: {'PD_2,PD_3': inf, 'PD_2,PD_4': inf, 'PD_2,PD_5': inf, 'PD_2,PD_6': inf, 'PD_2,PD_7': inf, 'PD_2,PD_8': inf, 'PD_3,PD_4': inf, 'PD_3,PD_5': inf, 'PD_3,PD_6': inf, 'PD_3,PD_7': inf, 'PD_3,PD_8': inf, 'PD_4,PD_5': inf, 'PD_4,PD_6': inf, 'PD_4,PD_7': inf, 'PD_4,PD_8': inf, 'PD_5,PD_6': inf, 'PD_5,PD_7': inf, 'PD_5,PD_8': inf, 'PD_6,PD_7': inf, 'PD_6,PD_8': inf, 'PD_7,PD_8': inf}
  🚫 Filtered out 1 'add_hold_edge' candidates (avoiding repetition)
  Trying best transition: primitive
    Target: add new protection domain to help resolve 2 constraint violation(s)
    Predicted improvement: 0.100
    Considered 54 other option(s):
      1. primitive: remove empty PD_8 (improvement: 0.100)
      2. primitive: create new CONFIG file in FILE_SPACE_1 (improvement: 0.100)
      3. primitive: create new DATABASE file in FILE_SPACE_1 (improvement: 0.100)
      4. primitive: create new TEMP file in FILE_SPACE_1 (improvement: 0.100)
      5. primitive: create new LOG file in FILE_SPACE_1 (improvement: 0.100)
      6. primitive: remove FILE_1_1 (holders: 6) (improvement: 0.100)
      7. primitive: remove PD_3 -> FILE_1_1 HOLD edge (improvement: 0.100)
      8. primitive: remove PD_4 -> FILE_1_1 HOLD edge (improvement: 0.100)
      9. primitive: remove PD_5 -> FILE_1_1 HOLD edge (improvement: 0.100)
      10. primitive: remove PD_6 -> FILE_1_1 HOLD edge (improvement: 0.100)
      ... and 44 more
    ✅ Applied add_pd
  Computing metrics...
    RSI: {'PD_2,PD_3': 1.0, 'PD_2,PD_4': 1.0, 'PD_2,PD_5': 1.0, 'PD_2,PD_6': 1.0, 'PD_2,PD_7': 1.0, 'PD_2,PD_8': 0.0, 'PD_2,PD_9': 0.0, 'PD_3,PD_4': 1.0, 'PD_3,PD_5': 1.0, 'PD_3,PD_6': 1.0, 'PD_3,PD_7': 1.0, 'PD_3,PD_8': 0.0, 'PD_3,PD_9': 0.0, 'PD_4,PD_5': 1.0, 'PD_4,PD_6': 1.0, 'PD_4,PD_7': 1.0, 'PD_4,PD_8': 0.0, 'PD_4,PD_9': 0.0, 'PD_5,PD_6': 1.0, 'PD_5,PD_7': 1.0, 'PD_5,PD_8': 0.0, 'PD_5,PD_9': 0.0, 'PD_6,PD_7': 1.0, 'PD_6,PD_8': 0.0, 'PD_6,PD_9': 0.0, 'PD_7,PD_8': 0.0, 'PD_7,PD_9': 0.0, 'PD_8,PD_9': 0.0}, ASR: 0.875, TCB: {'PD_2': ['PD_4', 'PD_3', 'PD_5', 'PD_6', 'PD_7'], 'PD_3': ['PD_2', 'PD_4', 'PD_5', 'PD_6', 'PD_7'], 'PD_4': ['PD_2', 'PD_3', 'PD_5', 'PD_6', 'PD_7'], 'PD_5': ['PD_2', 'PD_3', 'PD_4', 'PD_6', 'PD_7'], 'PD_6': ['PD_2', 'PD_3', 'PD_4', 'PD_5', 'PD_7'], 'PD_7': ['PD_2', 'PD_3', 'PD_4', 'PD_5', 'PD_6'], 'PD_8': [], 'PD_9': []}, FR: {'PD_2,PD_3': inf, 'PD_2,PD_4': inf, 'PD_2,PD_5': inf, 'PD_2,PD_6': inf, 'PD_2,PD_7': inf, 'PD_2,PD_8': inf, 'PD_2,PD_9': inf, 'PD_3,PD_4': inf, 'PD_3,PD_5': inf, 'PD_3,PD_6': inf, 'PD_3,PD_7': inf, 'PD_3,PD_8': inf, 'PD_3,PD_9': inf, 'PD_4,PD_5': inf, 'PD_4,PD_6': inf, 'PD_4,PD_7': inf, 'PD_4,PD_8': inf, 'PD_4,PD_9': inf, 'PD_5,PD_6': inf, 'PD_5,PD_7': inf, 'PD_5,PD_8': inf, 'PD_5,PD_9': inf, 'PD_6,PD_7': inf, 'PD_6,PD_8': inf, 'PD_6,PD_9': inf, 'PD_7,PD_8': inf, 'PD_7,PD_9': inf, 'PD_8,PD_9': inf}
    Warning: PD pair PD_1,PD_2 not found in RSI metrics
    Goals not yet satisfied, continuing exploration
  ✅ Mechanism saved! Total mechanisms found: 10

📊 Graph after iteration 10:
        # Graph structure:
        # PD_2 --REQUEST--> PD_4
        # PD_2 --HOLD--> FILE_1_1 -> FILE_SPACE_1
        # PD_3 --HOLD--> FILE_1_1 -> FILE_SPACE_1
        # PD_4 --HOLD--> FILE_1_1 -> FILE_SPACE_1
        # PD_5 --HOLD--> FILE_1_1 -> FILE_SPACE_1
        # PD_6 --HOLD--> FILE_1_1 -> FILE_SPACE_1
        # PD_7 --HOLD--> FILE_1_1 -> FILE_SPACE_1
        # PD_8
        # PD_9
        #
        # FILE_1_1 shared by: PD_2, PD_3, PD_4, PD_5, PD_6, PD_7


Exploration complete!

🏁 Final graph:
        # Graph structure:
        # PD_2 --REQUEST--> PD_4
        # PD_2 --HOLD--> FILE_1_1 -> FILE_SPACE_1
        # PD_3 --HOLD--> FILE_1_1 -> FILE_SPACE_1
        # PD_4 --HOLD--> FILE_1_1 -> FILE_SPACE_1
        # PD_5 --HOLD--> FILE_1_1 -> FILE_SPACE_1
        # PD_6 --HOLD--> FILE_1_1 -> FILE_SPACE_1
        # PD_7 --HOLD--> FILE_1_1 -> FILE_SPACE_1
        # PD_8
        # PD_9
        #
        # FILE_1_1 shared by: PD_2, PD_3, PD_4, PD_5, PD_6, PD_7


============================================================
📊 EXPLORATION DECISION SUMMARY
============================================================
Total iterations completed: 10
Total transformation candidates considered: 373
Total transformation candidates discarded: 353
Mechanisms discovered: 10
Success rate: 100.0%

🔧 Transformation Types:
   Tried: primitive
   Available but never selected: None

📋 Per-Iteration Decision Breakdown:

  Iteration 1:
    ✅ SUCCESS Selected: primitive
      Target: add new protection domain to help resolve 2 constraint violation(s)
      Predicted improvement: 0.100
      Result: 🔄 CONTINUING
    🗂️  Discarded 24 alternatives:
      1. primitive: remove empty PD_1 (improvement: 0.100)
      2. primitive: remove empty PD_2 (improvement: 0.100)
      3. primitive: create new CONFIG file in FILE_SPACE_1 (improvement: 0.100)
      4. primitive: create new DATABASE file in FILE_SPACE_1 (improvement: 0.100)
      5. primitive: create new TEMP file in FILE_SPACE_1 (improvement: 0.100)
      ... and 19 more

  Iteration 2:
    ✅ SUCCESS Selected: primitive
      Target: remove empty PD_1
      Predicted improvement: 0.100
      Result: 🔄 CONTINUING
    🗂️  Discarded 33 alternatives:
      1. primitive: remove empty PD_2 (improvement: 0.100)
      2. primitive: remove empty PD_5 (improvement: 0.100)
      3. primitive: create new CONFIG file in FILE_SPACE_1 (improvement: 0.100)
      4. primitive: create new DATABASE file in FILE_SPACE_1 (improvement: 0.100)
      5. primitive: create new TEMP file in FILE_SPACE_1 (improvement: 0.100)
      ... and 28 more

  Iteration 3:
    ✅ SUCCESS Selected: primitive
      Target: connect PD_2 to FILE_1_1
      Predicted improvement: 3.433
      Result: 🔄 CONTINUING
    🗂️  Discarded 22 alternatives:
      1. primitive: connect PD_5 to FILE_1_1 (improvement: 3.433)
      2. primitive: add new protection domain to help resolve 3 constraint violation(s) (improvement: 0.100)
      3. primitive: create new CONFIG file in FILE_SPACE_1 (improvement: 0.100)
      4. primitive: create new DATABASE file in FILE_SPACE_1 (improvement: 0.100)
      5. primitive: create new TEMP file in FILE_SPACE_1 (improvement: 0.100)
      ... and 17 more

  Iteration 4:
    ✅ SUCCESS Selected: primitive
      Target: add new protection domain to help resolve 2 constraint violation(s)
      Predicted improvement: 0.100
      Result: 🔄 CONTINUING
    🗂️  Discarded 21 alternatives:
      1. primitive: remove empty PD_5 (improvement: 0.100)
      2. primitive: create new CONFIG file in FILE_SPACE_1 (improvement: 0.100)
      3. primitive: create new DATABASE file in FILE_SPACE_1 (improvement: 0.100)
      4. primitive: create new TEMP file in FILE_SPACE_1 (improvement: 0.100)
      5. primitive: create new LOG file in FILE_SPACE_1 (improvement: 0.100)
      ... and 16 more

  Iteration 5:
    ✅ SUCCESS Selected: primitive
      Target: connect PD_5 to FILE_1_1
      Predicted improvement: 3.100
      Result: 🔄 CONTINUING
    🗂️  Discarded 31 alternatives:
      1. primitive: connect PD_6 to FILE_1_1 (improvement: 3.100)
      2. primitive: remove empty PD_5 (improvement: 0.100)
      3. primitive: remove empty PD_6 (improvement: 0.100)
      4. primitive: create new CONFIG file in FILE_SPACE_1 (improvement: 0.100)
      5. primitive: create new DATABASE file in FILE_SPACE_1 (improvement: 0.100)
      ... and 26 more

  Iteration 6:
    ✅ SUCCESS Selected: primitive
      Target: add new protection domain to help resolve 2 constraint violation(s)
      Predicted improvement: 0.100
      Result: 🔄 CONTINUING
    🗂️  Discarded 30 alternatives:
      1. primitive: remove empty PD_6 (improvement: 0.100)
      2. primitive: create new CONFIG file in FILE_SPACE_1 (improvement: 0.100)
      3. primitive: create new DATABASE file in FILE_SPACE_1 (improvement: 0.100)
      4. primitive: create new TEMP file in FILE_SPACE_1 (improvement: 0.100)
      5. primitive: create new LOG file in FILE_SPACE_1 (improvement: 0.100)
      ... and 25 more

  Iteration 7:
    ✅ SUCCESS Selected: primitive
      Target: connect PD_6 to FILE_1_1
      Predicted improvement: 2.767
      Result: 🔄 CONTINUING
    🗂️  Discarded 42 alternatives:
      1. primitive: connect PD_7 to FILE_1_1 (improvement: 2.767)
      2. primitive: remove empty PD_6 (improvement: 0.100)
      3. primitive: remove empty PD_7 (improvement: 0.100)
      4. primitive: create new CONFIG file in FILE_SPACE_1 (improvement: 0.100)
      5. primitive: create new DATABASE file in FILE_SPACE_1 (improvement: 0.100)
      ... and 37 more

  Iteration 8:
    ✅ SUCCESS Selected: primitive
      Target: add new protection domain to help resolve 2 constraint violation(s)
      Predicted improvement: 0.100
      Result: 🔄 CONTINUING
    🗂️  Discarded 41 alternatives:
      1. primitive: remove empty PD_7 (improvement: 0.100)
      2. primitive: create new CONFIG file in FILE_SPACE_1 (improvement: 0.100)
      3. primitive: create new DATABASE file in FILE_SPACE_1 (improvement: 0.100)
      4. primitive: create new TEMP file in FILE_SPACE_1 (improvement: 0.100)
      5. primitive: create new LOG file in FILE_SPACE_1 (improvement: 0.100)
      ... and 36 more

  Iteration 9:
    ✅ SUCCESS Selected: primitive
      Target: connect PD_7 to FILE_1_1
      Predicted improvement: 2.481
      Result: 🔄 CONTINUING
    🗂️  Discarded 55 alternatives:
      1. primitive: connect PD_8 to FILE_1_1 (improvement: 2.481)
      2. primitive: remove empty PD_7 (improvement: 0.100)
      3. primitive: remove empty PD_8 (improvement: 0.100)
      4. primitive: create new CONFIG file in FILE_SPACE_1 (improvement: 0.100)
      5. primitive: create new DATABASE file in FILE_SPACE_1 (improvement: 0.100)
      ... and 50 more

  Iteration 10:
    ✅ SUCCESS Selected: primitive
      Target: add new protection domain to help resolve 2 constraint violation(s)
      Predicted improvement: 0.100
      Result: 🔄 CONTINUING
    🗂️  Discarded 54 alternatives:
      1. primitive: remove empty PD_8 (improvement: 0.100)
      2. primitive: create new CONFIG file in FILE_SPACE_1 (improvement: 0.100)
      3. primitive: create new DATABASE file in FILE_SPACE_1 (improvement: 0.100)
      4. primitive: create new TEMP file in FILE_SPACE_1 (improvement: 0.100)
      5. primitive: create new LOG file in FILE_SPACE_1 (improvement: 0.100)
      ... and 49 more

🔍 Decision Pattern Analysis:
   Most frequently selected:
     - primitive: 10 time(s)
   Average predicted improvement:
     - All candidates: 0.163
     - Selected candidates: 1.238
     - Discarded candidates: 0.132

============================================================

✅ Scenario 'Reduce Isolation' complete!
   Mechanisms discovered: 10

✅ Exploration complete!
