:START_ID,DATA,EXTRA,:END_ID,:TYPE
ADS_SPACE_7,NONE,"{""pd_incharge"": ""PD_0""}",MO_SPACE_4,MAP
PD_0,NONE,"{""pd_incharge"": ""PD_0""}",ADS_SPACE_7,HOLD
VMR_7_1,NONE,"{""pd_incharge"": ""PD_0""}",ADS_SPACE_7,SUBSET
PD_0,NONE,"{""pd_incharge"": ""PD_0""}",VMR_7_1,HOLD
PD_0,NONE,"{""pd_incharge"": ""PD_0""}",MO_4_1,MAP
VMR_7_2,NONE,"{""pd_incharge"": ""PD_0""}",ADS_SPACE_7,SUBSET
PD_0,NONE,"{""pd_incharge"": ""PD_0""}",VMR_7_2,HOLD
PD_0,NONE,"{""pd_incharge"": ""PD_0""}",MO_4_2,MAP
VMR_7_3,NONE,"{""pd_incharge"": ""PD_0""}",ADS_SPACE_7,SUBSET
PD_0,NONE,"{""pd_incharge"": ""PD_0""}",VMR_7_3,HOLD
PD_0,NONE,"{""pd_incharge"": ""PD_0""}",MO_4_3,MAP
VMR_7_6,NONE,"{""pd_incharge"": ""PD_0""}",ADS_SPACE_7,SUBSET
PD_0,NONE,"{""pd_incharge"": ""PD_0""}",VMR_7_6,HOLD
PD_0,NONE,"{""pd_incharge"": ""PD_0""}",MO_4_8,MAP
VMR_7_9,NONE,"{""pd_incharge"": ""PD_0""}",ADS_SPACE_7,SUBSET
PD_0,NONE,"{""pd_incharge"": ""PD_0""}",VMR_7_9,HOLD
PD_0,NONE,"{""pd_incharge"": ""PD_0""}",MO_4_f,MAP
VMR_7_c,NONE,"{""pd_incharge"": ""PD_0""}",ADS_SPACE_7,SUBSET
PD_0,NONE,"{""pd_incharge"": ""PD_0""}",VMR_7_c,HOLD
PD_0,NONE,"{""pd_incharge"": ""PD_0""}",MO_4_17,MAP
VMR_7_f,NONE,"{""pd_incharge"": ""PD_0""}",ADS_SPACE_7,SUBSET
PD_0,NONE,"{""pd_incharge"": ""PD_0""}",VMR_7_f,HOLD
PD_0,NONE,"{""pd_incharge"": ""PD_0""}",MO_4_1e,MAP
VMR_7_12,NONE,"{""pd_incharge"": ""PD_0""}",ADS_SPACE_7,SUBSET
PD_0,NONE,"{""pd_incharge"": ""PD_0""}",VMR_7_12,HOLD
PD_0,NONE,"{""pd_incharge"": ""PD_0""}",MO_4_25,MAP
PD_0,NONE,"{""pd_incharge"": ""PD_0""}",MO_4_1,HOLD
MO_4_1,NONE,"{""pd_incharge"": ""PD_0""}",MO_SPACE_4,SUBSET
PD_0,NONE,"{""pd_incharge"": ""PD_0""}",MO_4_2,HOLD
MO_4_2,NONE,"{""pd_incharge"": ""PD_0""}",MO_SPACE_4,SUBSET
PD_0,NONE,"{""pd_incharge"": ""PD_0""}",MO_4_3,HOLD
MO_4_3,NONE,"{""pd_incharge"": ""PD_0""}",MO_SPACE_4,SUBSET
PD_1,ADS,"{""pd_incharge"": ""PD_0""}",PD_0,REQUEST
PD_1,VMR,"{""pd_incharge"": ""PD_0""}",PD_0,REQUEST
PD_1,MO,"{""pd_incharge"": ""PD_0""}",PD_0,REQUEST
PD_1,VCPU,"{""pd_incharge"": ""PD_0""}",PD_0,REQUEST
PD_1,PD,"{""pd_incharge"": ""PD_0""}",PD_0,REQUEST
PD_1,EP,"{""pd_incharge"": ""PD_0""}",PD_0,REQUEST
PD_1,RESSPC,"{""pd_incharge"": ""PD_0""}",PD_0,REQUEST
ADS_SPACE_8,NONE,"{""pd_incharge"": ""PD_0""}",MO_SPACE_4,MAP
PD_0,NONE,"{""pd_incharge"": ""PD_0""}",ADS_SPACE_8,HOLD
VMR_8_1,NONE,"{""pd_incharge"": ""PD_0""}",ADS_SPACE_8,SUBSET
PD_1,NONE,"{""pd_incharge"": ""PD_0""}",VMR_8_1,HOLD
PD_0,NONE,"{""pd_incharge"": ""PD_0""}",MO_4_4,MAP
VMR_8_2,NONE,"{""pd_incharge"": ""PD_0""}",ADS_SPACE_8,SUBSET
PD_1,NONE,"{""pd_incharge"": ""PD_0""}",VMR_8_2,HOLD
PD_0,NONE,"{""pd_incharge"": ""PD_0""}",MO_4_5,MAP
VMR_8_3,NONE,"{""pd_incharge"": ""PD_0""}",ADS_SPACE_8,SUBSET
PD_1,NONE,"{""pd_incharge"": ""PD_0""}",VMR_8_3,HOLD
VMR_8_4,NONE,"{""pd_incharge"": ""PD_0""}",ADS_SPACE_8,SUBSET
PD_1,NONE,"{""pd_incharge"": ""PD_0""}",VMR_8_4,HOLD
PD_0,NONE,"{""pd_incharge"": ""PD_0""}",MO_4_6,MAP
VMR_8_5,NONE,"{""pd_incharge"": ""PD_0""}",ADS_SPACE_8,SUBSET
PD_1,NONE,"{""pd_incharge"": ""PD_0""}",VMR_8_5,HOLD
PD_0,NONE,"{""pd_incharge"": ""PD_0""}",MO_4_7,MAP
VMR_8_6,NONE,"{""pd_incharge"": ""PD_0""}",ADS_SPACE_8,SUBSET
PD_1,NONE,"{""pd_incharge"": ""PD_0""}",VMR_8_6,HOLD
PD_0,NONE,"{""pd_incharge"": ""PD_0""}",MO_4_16,MAP
PD_1,NONE,"{""pd_incharge"": ""PD_0""}",ADS_SPACE_8,HOLD
PD_0,NONE,"{""pd_incharge"": ""PD_0""}",VCPU_SPACE_5,HOLD
PD_1,NONE,"{""pd_incharge"": ""PD_0""}",VCPU_5_1,HOLD
VCPU_5_1,NONE,"{""pd_incharge"": ""PD_0""}",VCPU_SPACE_5,SUBSET
VCPU_5_1,NONE,"{""pd_incharge"": ""PD_0""}",PCPU_1_0,MAP
PD_0,NONE,"{""pd_incharge"": ""PD_0""}",PCPU_1_0,HOLD
PCPU_1_0,NONE,"{""pd_incharge"": ""PD_0""}",VCPU_SPACE_5,SUBSET
PD_1,NONE,"{""pd_incharge"": ""PD_0""}",MO_4_8,HOLD
MO_4_8,NONE,"{""pd_incharge"": ""PD_0""}",MO_SPACE_4,SUBSET
PD_2,VMR,"{""pd_incharge"": ""PD_0""}",PD_0,REQUEST
PD_2,MO,"{""pd_incharge"": ""PD_0""}",PD_0,REQUEST
PD_2,EP,"{""pd_incharge"": ""PD_0""}",PD_0,REQUEST
PD_2,RESSPC,"{""pd_incharge"": ""PD_0""}",PD_0,REQUEST
PD_2,NONE,"{""pd_incharge"": ""PD_0""}",VCPU_5_2,HOLD
VCPU_5_2,NONE,"{""pd_incharge"": ""PD_0""}",VCPU_SPACE_5,SUBSET
VCPU_5_2,NONE,"{""pd_incharge"": ""PD_0""}",PCPU_1_0,MAP
ADS_SPACE_9,NONE,"{""pd_incharge"": ""PD_0""}",MO_SPACE_4,MAP
PD_0,NONE,"{""pd_incharge"": ""PD_0""}",ADS_SPACE_9,HOLD
VMR_9_1,NONE,"{""pd_incharge"": ""PD_0""}",ADS_SPACE_9,SUBSET
PD_2,NONE,"{""pd_incharge"": ""PD_0""}",VMR_9_1,HOLD
VMR_9_2,NONE,"{""pd_incharge"": ""PD_0""}",ADS_SPACE_9,SUBSET
PD_2,NONE,"{""pd_incharge"": ""PD_0""}",VMR_9_2,HOLD
PD_0,NONE,"{""pd_incharge"": ""PD_0""}",MO_4_9,MAP
VMR_9_3,NONE,"{""pd_incharge"": ""PD_0""}",ADS_SPACE_9,SUBSET
PD_2,NONE,"{""pd_incharge"": ""PD_0""}",VMR_9_3,HOLD
PD_0,NONE,"{""pd_incharge"": ""PD_0""}",MO_4_a,MAP
VMR_9_4,NONE,"{""pd_incharge"": ""PD_0""}",ADS_SPACE_9,SUBSET
PD_2,NONE,"{""pd_incharge"": ""PD_0""}",VMR_9_4,HOLD
PD_0,NONE,"{""pd_incharge"": ""PD_0""}",MO_4_b,MAP
VMR_9_5,NONE,"{""pd_incharge"": ""PD_0""}",ADS_SPACE_9,SUBSET
PD_2,NONE,"{""pd_incharge"": ""PD_0""}",VMR_9_5,HOLD
PD_0,NONE,"{""pd_incharge"": ""PD_0""}",MO_4_c,MAP
VMR_9_6,NONE,"{""pd_incharge"": ""PD_0""}",ADS_SPACE_9,SUBSET
PD_2,NONE,"{""pd_incharge"": ""PD_0""}",VMR_9_6,HOLD
PD_0,NONE,"{""pd_incharge"": ""PD_0""}",MO_4_d,MAP
VMR_9_7,NONE,"{""pd_incharge"": ""PD_0""}",ADS_SPACE_9,SUBSET
PD_2,NONE,"{""pd_incharge"": ""PD_0""}",VMR_9_7,HOLD
PD_0,NONE,"{""pd_incharge"": ""PD_0""}",MO_4_e,MAP
VMR_9_8,NONE,"{""pd_incharge"": ""PD_0""}",ADS_SPACE_9,SUBSET
PD_2,NONE,"{""pd_incharge"": ""PD_0""}",VMR_9_8,HOLD
PD_0,NONE,"{""pd_incharge"": ""PD_0""}",MO_4_15,MAP
VMR_9_9,NONE,"{""pd_incharge"": ""PD_0""}",ADS_SPACE_9,SUBSET
PD_2,NONE,"{""pd_incharge"": ""PD_0""}",VMR_9_9,HOLD
PD_0,NONE,"{""pd_incharge"": ""PD_0""}",MO_4_1d,MAP
PD_2,NONE,"{""pd_incharge"": ""PD_0""}",ADS_SPACE_9,HOLD
PD_2,NONE,"{""pd_incharge"": ""PD_0""}",BLOCK_SPACE_a,HOLD
PD_2,NONE,"{""pd_incharge"": ""PD_0""}",MO_4_e,HOLD
MO_4_e,NONE,"{""pd_incharge"": ""PD_0""}",MO_SPACE_4,SUBSET
BLOCK_a_0,NONE,"{""pd_incharge"": ""PD_0""}",BLOCK_SPACE_a,SUBSET
PD_2,NONE,"{""pd_incharge"": ""PD_0""}",BLOCK_a_0,HOLD
BLOCK_a_1,NONE,"{""pd_incharge"": ""PD_0""}",BLOCK_SPACE_a,SUBSET
PD_2,NONE,"{""pd_incharge"": ""PD_0""}",BLOCK_a_1,HOLD
BLOCK_a_2,NONE,"{""pd_incharge"": ""PD_0""}",BLOCK_SPACE_a,SUBSET
PD_2,NONE,"{""pd_incharge"": ""PD_0""}",BLOCK_a_2,HOLD
BLOCK_a_3,NONE,"{""pd_incharge"": ""PD_0""}",BLOCK_SPACE_a,SUBSET
PD_2,NONE,"{""pd_incharge"": ""PD_0""}",BLOCK_a_3,HOLD
BLOCK_a_4,NONE,"{""pd_incharge"": ""PD_0""}",BLOCK_SPACE_a,SUBSET
PD_2,NONE,"{""pd_incharge"": ""PD_0""}",BLOCK_a_4,HOLD
BLOCK_a_5,NONE,"{""pd_incharge"": ""PD_0""}",BLOCK_SPACE_a,SUBSET
PD_2,NONE,"{""pd_incharge"": ""PD_0""}",BLOCK_a_5,HOLD
BLOCK_a_6,NONE,"{""pd_incharge"": ""PD_0""}",BLOCK_SPACE_a,SUBSET
PD_2,NONE,"{""pd_incharge"": ""PD_0""}",BLOCK_a_6,HOLD
BLOCK_a_7,NONE,"{""pd_incharge"": ""PD_0""}",BLOCK_SPACE_a,SUBSET
PD_2,NONE,"{""pd_incharge"": ""PD_0""}",BLOCK_a_7,HOLD
BLOCK_a_8,NONE,"{""pd_incharge"": ""PD_0""}",BLOCK_SPACE_a,SUBSET
PD_2,NONE,"{""pd_incharge"": ""PD_0""}",BLOCK_a_8,HOLD
BLOCK_a_9,NONE,"{""pd_incharge"": ""PD_0""}",BLOCK_SPACE_a,SUBSET
PD_2,NONE,"{""pd_incharge"": ""PD_0""}",BLOCK_a_9,HOLD
BLOCK_a_a,NONE,"{""pd_incharge"": ""PD_0""}",BLOCK_SPACE_a,SUBSET
PD_2,NONE,"{""pd_incharge"": ""PD_0""}",BLOCK_a_a,HOLD
BLOCK_a_b,NONE,"{""pd_incharge"": ""PD_0""}",BLOCK_SPACE_a,SUBSET
PD_2,NONE,"{""pd_incharge"": ""PD_0""}",BLOCK_a_b,HOLD
BLOCK_a_c,NONE,"{""pd_incharge"": ""PD_0""}",BLOCK_SPACE_a,SUBSET
PD_2,NONE,"{""pd_incharge"": ""PD_0""}",BLOCK_a_c,HOLD
BLOCK_a_d,NONE,"{""pd_incharge"": ""PD_0""}",BLOCK_SPACE_a,SUBSET
PD_2,NONE,"{""pd_incharge"": ""PD_0""}",BLOCK_a_d,HOLD
BLOCK_a_e,NONE,"{""pd_incharge"": ""PD_0""}",BLOCK_SPACE_a,SUBSET
PD_2,NONE,"{""pd_incharge"": ""PD_0""}",BLOCK_a_e,HOLD
BLOCK_a_f,NONE,"{""pd_incharge"": ""PD_0""}",BLOCK_SPACE_a,SUBSET
PD_2,NONE,"{""pd_incharge"": ""PD_0""}",BLOCK_a_f,HOLD
BLOCK_a_10,NONE,"{""pd_incharge"": ""PD_0""}",BLOCK_SPACE_a,SUBSET
PD_2,NONE,"{""pd_incharge"": ""PD_0""}",BLOCK_a_10,HOLD
BLOCK_a_11,NONE,"{""pd_incharge"": ""PD_0""}",BLOCK_SPACE_a,SUBSET
PD_2,NONE,"{""pd_incharge"": ""PD_0""}",BLOCK_a_11,HOLD
BLOCK_a_12,NONE,"{""pd_incharge"": ""PD_0""}",BLOCK_SPACE_a,SUBSET
PD_2,NONE,"{""pd_incharge"": ""PD_0""}",BLOCK_a_12,HOLD
BLOCK_a_13,NONE,"{""pd_incharge"": ""PD_0""}",BLOCK_SPACE_a,SUBSET
PD_2,NONE,"{""pd_incharge"": ""PD_0""}",BLOCK_a_13,HOLD
BLOCK_a_14,NONE,"{""pd_incharge"": ""PD_0""}",BLOCK_SPACE_a,SUBSET
PD_2,NONE,"{""pd_incharge"": ""PD_0""}",BLOCK_a_14,HOLD
BLOCK_a_15,NONE,"{""pd_incharge"": ""PD_0""}",BLOCK_SPACE_a,SUBSET
PD_2,NONE,"{""pd_incharge"": ""PD_0""}",BLOCK_a_15,HOLD
BLOCK_a_16,NONE,"{""pd_incharge"": ""PD_0""}",BLOCK_SPACE_a,SUBSET
PD_2,NONE,"{""pd_incharge"": ""PD_0""}",BLOCK_a_16,HOLD
BLOCK_a_17,NONE,"{""pd_incharge"": ""PD_0""}",BLOCK_SPACE_a,SUBSET
PD_2,NONE,"{""pd_incharge"": ""PD_0""}",BLOCK_a_17,HOLD
BLOCK_a_18,NONE,"{""pd_incharge"": ""PD_0""}",BLOCK_SPACE_a,SUBSET
PD_2,NONE,"{""pd_incharge"": ""PD_0""}",BLOCK_a_18,HOLD
BLOCK_a_19,NONE,"{""pd_incharge"": ""PD_0""}",BLOCK_SPACE_a,SUBSET
PD_2,NONE,"{""pd_incharge"": ""PD_0""}",BLOCK_a_19,HOLD
BLOCK_a_1a,NONE,"{""pd_incharge"": ""PD_0""}",BLOCK_SPACE_a,SUBSET
PD_2,NONE,"{""pd_incharge"": ""PD_0""}",BLOCK_a_1a,HOLD
BLOCK_a_1b,NONE,"{""pd_incharge"": ""PD_0""}",BLOCK_SPACE_a,SUBSET
PD_2,NONE,"{""pd_incharge"": ""PD_0""}",BLOCK_a_1b,HOLD
BLOCK_a_1c,NONE,"{""pd_incharge"": ""PD_0""}",BLOCK_SPACE_a,SUBSET
PD_2,NONE,"{""pd_incharge"": ""PD_0""}",BLOCK_a_1c,HOLD
BLOCK_a_1d,NONE,"{""pd_incharge"": ""PD_0""}",BLOCK_SPACE_a,SUBSET
PD_2,NONE,"{""pd_incharge"": ""PD_0""}",BLOCK_a_1d,HOLD
BLOCK_a_1e,NONE,"{""pd_incharge"": ""PD_0""}",BLOCK_SPACE_a,SUBSET
PD_2,NONE,"{""pd_incharge"": ""PD_0""}",BLOCK_a_1e,HOLD
BLOCK_a_1f,NONE,"{""pd_incharge"": ""PD_0""}",BLOCK_SPACE_a,SUBSET
PD_2,NONE,"{""pd_incharge"": ""PD_0""}",BLOCK_a_1f,HOLD
BLOCK_a_20,NONE,"{""pd_incharge"": ""PD_0""}",BLOCK_SPACE_a,SUBSET
PD_2,NONE,"{""pd_incharge"": ""PD_0""}",BLOCK_a_20,HOLD
BLOCK_a_21,NONE,"{""pd_incharge"": ""PD_0""}",BLOCK_SPACE_a,SUBSET
PD_2,NONE,"{""pd_incharge"": ""PD_0""}",BLOCK_a_21,HOLD
BLOCK_a_22,NONE,"{""pd_incharge"": ""PD_0""}",BLOCK_SPACE_a,SUBSET
PD_2,NONE,"{""pd_incharge"": ""PD_0""}",BLOCK_a_22,HOLD
BLOCK_a_23,NONE,"{""pd_incharge"": ""PD_0""}",BLOCK_SPACE_a,SUBSET
PD_2,NONE,"{""pd_incharge"": ""PD_0""}",BLOCK_a_23,HOLD
BLOCK_a_24,NONE,"{""pd_incharge"": ""PD_0""}",BLOCK_SPACE_a,SUBSET
PD_2,NONE,"{""pd_incharge"": ""PD_0""}",BLOCK_a_24,HOLD
BLOCK_a_25,NONE,"{""pd_incharge"": ""PD_0""}",BLOCK_SPACE_a,SUBSET
PD_2,NONE,"{""pd_incharge"": ""PD_0""}",BLOCK_a_25,HOLD
BLOCK_a_26,NONE,"{""pd_incharge"": ""PD_0""}",BLOCK_SPACE_a,SUBSET
PD_2,NONE,"{""pd_incharge"": ""PD_0""}",BLOCK_a_26,HOLD
BLOCK_a_27,NONE,"{""pd_incharge"": ""PD_0""}",BLOCK_SPACE_a,SUBSET
PD_2,NONE,"{""pd_incharge"": ""PD_0""}",BLOCK_a_27,HOLD
BLOCK_a_28,NONE,"{""pd_incharge"": ""PD_0""}",BLOCK_SPACE_a,SUBSET
PD_2,NONE,"{""pd_incharge"": ""PD_0""}",BLOCK_a_28,HOLD
BLOCK_a_29,NONE,"{""pd_incharge"": ""PD_0""}",BLOCK_SPACE_a,SUBSET
PD_2,NONE,"{""pd_incharge"": ""PD_0""}",BLOCK_a_29,HOLD
BLOCK_a_2a,NONE,"{""pd_incharge"": ""PD_0""}",BLOCK_SPACE_a,SUBSET
PD_2,NONE,"{""pd_incharge"": ""PD_0""}",BLOCK_a_2a,HOLD
BLOCK_a_2b,NONE,"{""pd_incharge"": ""PD_0""}",BLOCK_SPACE_a,SUBSET
PD_2,NONE,"{""pd_incharge"": ""PD_0""}",BLOCK_a_2b,HOLD
BLOCK_a_2c,NONE,"{""pd_incharge"": ""PD_0""}",BLOCK_SPACE_a,SUBSET
PD_2,NONE,"{""pd_incharge"": ""PD_0""}",BLOCK_a_2c,HOLD
BLOCK_a_2d,NONE,"{""pd_incharge"": ""PD_0""}",BLOCK_SPACE_a,SUBSET
PD_2,NONE,"{""pd_incharge"": ""PD_0""}",BLOCK_a_2d,HOLD
BLOCK_a_2e,NONE,"{""pd_incharge"": ""PD_0""}",BLOCK_SPACE_a,SUBSET
PD_2,NONE,"{""pd_incharge"": ""PD_0""}",BLOCK_a_2e,HOLD
BLOCK_a_2f,NONE,"{""pd_incharge"": ""PD_0""}",BLOCK_SPACE_a,SUBSET
PD_2,NONE,"{""pd_incharge"": ""PD_0""}",BLOCK_a_2f,HOLD
BLOCK_a_30,NONE,"{""pd_incharge"": ""PD_0""}",BLOCK_SPACE_a,SUBSET
PD_2,NONE,"{""pd_incharge"": ""PD_0""}",BLOCK_a_30,HOLD
BLOCK_a_31,NONE,"{""pd_incharge"": ""PD_0""}",BLOCK_SPACE_a,SUBSET
PD_2,NONE,"{""pd_incharge"": ""PD_0""}",BLOCK_a_31,HOLD
BLOCK_a_32,NONE,"{""pd_incharge"": ""PD_0""}",BLOCK_SPACE_a,SUBSET
PD_2,NONE,"{""pd_incharge"": ""PD_0""}",BLOCK_a_32,HOLD
BLOCK_a_33,NONE,"{""pd_incharge"": ""PD_0""}",BLOCK_SPACE_a,SUBSET
PD_2,NONE,"{""pd_incharge"": ""PD_0""}",BLOCK_a_33,HOLD
BLOCK_a_34,NONE,"{""pd_incharge"": ""PD_0""}",BLOCK_SPACE_a,SUBSET
PD_2,NONE,"{""pd_incharge"": ""PD_0""}",BLOCK_a_34,HOLD
BLOCK_a_35,NONE,"{""pd_incharge"": ""PD_0""}",BLOCK_SPACE_a,SUBSET
PD_2,NONE,"{""pd_incharge"": ""PD_0""}",BLOCK_a_35,HOLD
BLOCK_a_36,NONE,"{""pd_incharge"": ""PD_0""}",BLOCK_SPACE_a,SUBSET
PD_2,NONE,"{""pd_incharge"": ""PD_0""}",BLOCK_a_36,HOLD
BLOCK_a_37,NONE,"{""pd_incharge"": ""PD_0""}",BLOCK_SPACE_a,SUBSET
PD_2,NONE,"{""pd_incharge"": ""PD_0""}",BLOCK_a_37,HOLD
BLOCK_a_38,NONE,"{""pd_incharge"": ""PD_0""}",BLOCK_SPACE_a,SUBSET
PD_2,NONE,"{""pd_incharge"": ""PD_0""}",BLOCK_a_38,HOLD
BLOCK_a_39,NONE,"{""pd_incharge"": ""PD_0""}",BLOCK_SPACE_a,SUBSET
PD_2,NONE,"{""pd_incharge"": ""PD_0""}",BLOCK_a_39,HOLD
BLOCK_a_3a,NONE,"{""pd_incharge"": ""PD_0""}",BLOCK_SPACE_a,SUBSET
PD_2,NONE,"{""pd_incharge"": ""PD_0""}",BLOCK_a_3a,HOLD
BLOCK_a_3b,NONE,"{""pd_incharge"": ""PD_0""}",BLOCK_SPACE_a,SUBSET
PD_2,NONE,"{""pd_incharge"": ""PD_0""}",BLOCK_a_3b,HOLD
BLOCK_a_3c,NONE,"{""pd_incharge"": ""PD_0""}",BLOCK_SPACE_a,SUBSET
PD_2,NONE,"{""pd_incharge"": ""PD_0""}",BLOCK_a_3c,HOLD
BLOCK_a_3d,NONE,"{""pd_incharge"": ""PD_0""}",BLOCK_SPACE_a,SUBSET
PD_2,NONE,"{""pd_incharge"": ""PD_0""}",BLOCK_a_3d,HOLD
BLOCK_a_3e,NONE,"{""pd_incharge"": ""PD_0""}",BLOCK_SPACE_a,SUBSET
PD_2,NONE,"{""pd_incharge"": ""PD_0""}",BLOCK_a_3e,HOLD
BLOCK_a_3f,NONE,"{""pd_incharge"": ""PD_0""}",BLOCK_SPACE_a,SUBSET
PD_2,NONE,"{""pd_incharge"": ""PD_0""}",BLOCK_a_3f,HOLD
BLOCK_a_40,NONE,"{""pd_incharge"": ""PD_0""}",BLOCK_SPACE_a,SUBSET
PD_2,NONE,"{""pd_incharge"": ""PD_0""}",BLOCK_a_40,HOLD
BLOCK_a_41,NONE,"{""pd_incharge"": ""PD_0""}",BLOCK_SPACE_a,SUBSET
PD_2,NONE,"{""pd_incharge"": ""PD_0""}",BLOCK_a_41,HOLD
BLOCK_a_42,NONE,"{""pd_incharge"": ""PD_0""}",BLOCK_SPACE_a,SUBSET
PD_2,NONE,"{""pd_incharge"": ""PD_0""}",BLOCK_a_42,HOLD
BLOCK_a_43,NONE,"{""pd_incharge"": ""PD_0""}",BLOCK_SPACE_a,SUBSET
PD_2,NONE,"{""pd_incharge"": ""PD_0""}",BLOCK_a_43,HOLD
BLOCK_a_44,NONE,"{""pd_incharge"": ""PD_0""}",BLOCK_SPACE_a,SUBSET
PD_2,NONE,"{""pd_incharge"": ""PD_0""}",BLOCK_a_44,HOLD
BLOCK_a_45,NONE,"{""pd_incharge"": ""PD_0""}",BLOCK_SPACE_a,SUBSET
PD_2,NONE,"{""pd_incharge"": ""PD_0""}",BLOCK_a_45,HOLD
BLOCK_a_46,NONE,"{""pd_incharge"": ""PD_0""}",BLOCK_SPACE_a,SUBSET
PD_2,NONE,"{""pd_incharge"": ""PD_0""}",BLOCK_a_46,HOLD
BLOCK_a_47,NONE,"{""pd_incharge"": ""PD_0""}",BLOCK_SPACE_a,SUBSET
PD_2,NONE,"{""pd_incharge"": ""PD_0""}",BLOCK_a_47,HOLD
BLOCK_a_48,NONE,"{""pd_incharge"": ""PD_0""}",BLOCK_SPACE_a,SUBSET
PD_2,NONE,"{""pd_incharge"": ""PD_0""}",BLOCK_a_48,HOLD
BLOCK_a_49,NONE,"{""pd_incharge"": ""PD_0""}",BLOCK_SPACE_a,SUBSET
PD_2,NONE,"{""pd_incharge"": ""PD_0""}",BLOCK_a_49,HOLD
BLOCK_a_4a,NONE,"{""pd_incharge"": ""PD_0""}",BLOCK_SPACE_a,SUBSET
PD_2,NONE,"{""pd_incharge"": ""PD_0""}",BLOCK_a_4a,HOLD
BLOCK_a_4b,NONE,"{""pd_incharge"": ""PD_0""}",BLOCK_SPACE_a,SUBSET
PD_2,NONE,"{""pd_incharge"": ""PD_0""}",BLOCK_a_4b,HOLD
BLOCK_a_4c,NONE,"{""pd_incharge"": ""PD_0""}",BLOCK_SPACE_a,SUBSET
PD_2,NONE,"{""pd_incharge"": ""PD_0""}",BLOCK_a_4c,HOLD
BLOCK_a_4d,NONE,"{""pd_incharge"": ""PD_0""}",BLOCK_SPACE_a,SUBSET
PD_2,NONE,"{""pd_incharge"": ""PD_0""}",BLOCK_a_4d,HOLD
BLOCK_a_4e,NONE,"{""pd_incharge"": ""PD_0""}",BLOCK_SPACE_a,SUBSET
PD_2,NONE,"{""pd_incharge"": ""PD_0""}",BLOCK_a_4e,HOLD
BLOCK_a_4f,NONE,"{""pd_incharge"": ""PD_0""}",BLOCK_SPACE_a,SUBSET
PD_2,NONE,"{""pd_incharge"": ""PD_0""}",BLOCK_a_4f,HOLD
BLOCK_a_50,NONE,"{""pd_incharge"": ""PD_0""}",BLOCK_SPACE_a,SUBSET
PD_2,NONE,"{""pd_incharge"": ""PD_0""}",BLOCK_a_50,HOLD
BLOCK_a_51,NONE,"{""pd_incharge"": ""PD_0""}",BLOCK_SPACE_a,SUBSET
PD_2,NONE,"{""pd_incharge"": ""PD_0""}",BLOCK_a_51,HOLD
BLOCK_a_52,NONE,"{""pd_incharge"": ""PD_0""}",BLOCK_SPACE_a,SUBSET
PD_2,NONE,"{""pd_incharge"": ""PD_0""}",BLOCK_a_52,HOLD
BLOCK_a_53,NONE,"{""pd_incharge"": ""PD_0""}",BLOCK_SPACE_a,SUBSET
PD_2,NONE,"{""pd_incharge"": ""PD_0""}",BLOCK_a_53,HOLD
BLOCK_a_54,NONE,"{""pd_incharge"": ""PD_0""}",BLOCK_SPACE_a,SUBSET
PD_2,NONE,"{""pd_incharge"": ""PD_0""}",BLOCK_a_54,HOLD
BLOCK_a_55,NONE,"{""pd_incharge"": ""PD_0""}",BLOCK_SPACE_a,SUBSET
PD_2,NONE,"{""pd_incharge"": ""PD_0""}",BLOCK_a_55,HOLD
BLOCK_a_56,NONE,"{""pd_incharge"": ""PD_0""}",BLOCK_SPACE_a,SUBSET
PD_2,NONE,"{""pd_incharge"": ""PD_0""}",BLOCK_a_56,HOLD
BLOCK_a_57,NONE,"{""pd_incharge"": ""PD_0""}",BLOCK_SPACE_a,SUBSET
PD_2,NONE,"{""pd_incharge"": ""PD_0""}",BLOCK_a_57,HOLD
BLOCK_a_58,NONE,"{""pd_incharge"": ""PD_0""}",BLOCK_SPACE_a,SUBSET
PD_2,NONE,"{""pd_incharge"": ""PD_0""}",BLOCK_a_58,HOLD
BLOCK_a_59,NONE,"{""pd_incharge"": ""PD_0""}",BLOCK_SPACE_a,SUBSET
PD_2,NONE,"{""pd_incharge"": ""PD_0""}",BLOCK_a_59,HOLD
BLOCK_a_5a,NONE,"{""pd_incharge"": ""PD_0""}",BLOCK_SPACE_a,SUBSET
PD_2,NONE,"{""pd_incharge"": ""PD_0""}",BLOCK_a_5a,HOLD
BLOCK_a_5b,NONE,"{""pd_incharge"": ""PD_0""}",BLOCK_SPACE_a,SUBSET
PD_2,NONE,"{""pd_incharge"": ""PD_0""}",BLOCK_a_5b,HOLD
BLOCK_a_5c,NONE,"{""pd_incharge"": ""PD_0""}",BLOCK_SPACE_a,SUBSET
PD_2,NONE,"{""pd_incharge"": ""PD_0""}",BLOCK_a_5c,HOLD
BLOCK_a_5d,NONE,"{""pd_incharge"": ""PD_0""}",BLOCK_SPACE_a,SUBSET
PD_2,NONE,"{""pd_incharge"": ""PD_0""}",BLOCK_a_5d,HOLD
BLOCK_a_5e,NONE,"{""pd_incharge"": ""PD_0""}",BLOCK_SPACE_a,SUBSET
PD_2,NONE,"{""pd_incharge"": ""PD_0""}",BLOCK_a_5e,HOLD
BLOCK_a_5f,NONE,"{""pd_incharge"": ""PD_0""}",BLOCK_SPACE_a,SUBSET
PD_2,NONE,"{""pd_incharge"": ""PD_0""}",BLOCK_a_5f,HOLD
BLOCK_a_60,NONE,"{""pd_incharge"": ""PD_0""}",BLOCK_SPACE_a,SUBSET
PD_2,NONE,"{""pd_incharge"": ""PD_0""}",BLOCK_a_60,HOLD
BLOCK_a_61,NONE,"{""pd_incharge"": ""PD_0""}",BLOCK_SPACE_a,SUBSET
PD_2,NONE,"{""pd_incharge"": ""PD_0""}",BLOCK_a_61,HOLD
BLOCK_a_62,NONE,"{""pd_incharge"": ""PD_0""}",BLOCK_SPACE_a,SUBSET
PD_2,NONE,"{""pd_incharge"": ""PD_0""}",BLOCK_a_62,HOLD
BLOCK_a_63,NONE,"{""pd_incharge"": ""PD_0""}",BLOCK_SPACE_a,SUBSET
PD_2,NONE,"{""pd_incharge"": ""PD_0""}",BLOCK_a_63,HOLD
BLOCK_a_64,NONE,"{""pd_incharge"": ""PD_0""}",BLOCK_SPACE_a,SUBSET
PD_2,NONE,"{""pd_incharge"": ""PD_0""}",BLOCK_a_64,HOLD
BLOCK_a_65,NONE,"{""pd_incharge"": ""PD_0""}",BLOCK_SPACE_a,SUBSET
PD_2,NONE,"{""pd_incharge"": ""PD_0""}",BLOCK_a_65,HOLD
BLOCK_a_66,NONE,"{""pd_incharge"": ""PD_0""}",BLOCK_SPACE_a,SUBSET
PD_2,NONE,"{""pd_incharge"": ""PD_0""}",BLOCK_a_66,HOLD
BLOCK_a_67,NONE,"{""pd_incharge"": ""PD_0""}",BLOCK_SPACE_a,SUBSET
PD_2,NONE,"{""pd_incharge"": ""PD_0""}",BLOCK_a_67,HOLD
BLOCK_a_68,NONE,"{""pd_incharge"": ""PD_0""}",BLOCK_SPACE_a,SUBSET
PD_2,NONE,"{""pd_incharge"": ""PD_0""}",BLOCK_a_68,HOLD
BLOCK_a_69,NONE,"{""pd_incharge"": ""PD_0""}",BLOCK_SPACE_a,SUBSET
PD_2,NONE,"{""pd_incharge"": ""PD_0""}",BLOCK_a_69,HOLD
BLOCK_a_6a,NONE,"{""pd_incharge"": ""PD_0""}",BLOCK_SPACE_a,SUBSET
PD_2,NONE,"{""pd_incharge"": ""PD_0""}",BLOCK_a_6a,HOLD
BLOCK_a_6b,NONE,"{""pd_incharge"": ""PD_0""}",BLOCK_SPACE_a,SUBSET
PD_2,NONE,"{""pd_incharge"": ""PD_0""}",BLOCK_a_6b,HOLD
BLOCK_a_6c,NONE,"{""pd_incharge"": ""PD_0""}",BLOCK_SPACE_a,SUBSET
PD_2,NONE,"{""pd_incharge"": ""PD_0""}",BLOCK_a_6c,HOLD
BLOCK_a_6d,NONE,"{""pd_incharge"": ""PD_0""}",BLOCK_SPACE_a,SUBSET
PD_2,NONE,"{""pd_incharge"": ""PD_0""}",BLOCK_a_6d,HOLD
BLOCK_a_6e,NONE,"{""pd_incharge"": ""PD_0""}",BLOCK_SPACE_a,SUBSET
PD_2,NONE,"{""pd_incharge"": ""PD_0""}",BLOCK_a_6e,HOLD
BLOCK_a_6f,NONE,"{""pd_incharge"": ""PD_0""}",BLOCK_SPACE_a,SUBSET
PD_2,NONE,"{""pd_incharge"": ""PD_0""}",BLOCK_a_6f,HOLD
BLOCK_a_70,NONE,"{""pd_incharge"": ""PD_0""}",BLOCK_SPACE_a,SUBSET
PD_2,NONE,"{""pd_incharge"": ""PD_0""}",BLOCK_a_70,HOLD
BLOCK_a_71,NONE,"{""pd_incharge"": ""PD_0""}",BLOCK_SPACE_a,SUBSET
PD_2,NONE,"{""pd_incharge"": ""PD_0""}",BLOCK_a_71,HOLD
BLOCK_a_72,NONE,"{""pd_incharge"": ""PD_0""}",BLOCK_SPACE_a,SUBSET
PD_2,NONE,"{""pd_incharge"": ""PD_0""}",BLOCK_a_72,HOLD
BLOCK_a_73,NONE,"{""pd_incharge"": ""PD_0""}",BLOCK_SPACE_a,SUBSET
PD_2,NONE,"{""pd_incharge"": ""PD_0""}",BLOCK_a_73,HOLD
BLOCK_a_74,NONE,"{""pd_incharge"": ""PD_0""}",BLOCK_SPACE_a,SUBSET
PD_2,NONE,"{""pd_incharge"": ""PD_0""}",BLOCK_a_74,HOLD
BLOCK_a_75,NONE,"{""pd_incharge"": ""PD_0""}",BLOCK_SPACE_a,SUBSET
PD_2,NONE,"{""pd_incharge"": ""PD_0""}",BLOCK_a_75,HOLD
BLOCK_a_76,NONE,"{""pd_incharge"": ""PD_0""}",BLOCK_SPACE_a,SUBSET
PD_2,NONE,"{""pd_incharge"": ""PD_0""}",BLOCK_a_76,HOLD
BLOCK_a_77,NONE,"{""pd_incharge"": ""PD_0""}",BLOCK_SPACE_a,SUBSET
PD_2,NONE,"{""pd_incharge"": ""PD_0""}",BLOCK_a_77,HOLD
BLOCK_a_78,NONE,"{""pd_incharge"": ""PD_0""}",BLOCK_SPACE_a,SUBSET
PD_2,NONE,"{""pd_incharge"": ""PD_0""}",BLOCK_a_78,HOLD
BLOCK_a_79,NONE,"{""pd_incharge"": ""PD_0""}",BLOCK_SPACE_a,SUBSET
PD_2,NONE,"{""pd_incharge"": ""PD_0""}",BLOCK_a_79,HOLD
BLOCK_a_7a,NONE,"{""pd_incharge"": ""PD_0""}",BLOCK_SPACE_a,SUBSET
PD_2,NONE,"{""pd_incharge"": ""PD_0""}",BLOCK_a_7a,HOLD
BLOCK_a_7b,NONE,"{""pd_incharge"": ""PD_0""}",BLOCK_SPACE_a,SUBSET
PD_2,NONE,"{""pd_incharge"": ""PD_0""}",BLOCK_a_7b,HOLD
BLOCK_a_7c,NONE,"{""pd_incharge"": ""PD_0""}",BLOCK_SPACE_a,SUBSET
PD_2,NONE,"{""pd_incharge"": ""PD_0""}",BLOCK_a_7c,HOLD
BLOCK_a_7d,NONE,"{""pd_incharge"": ""PD_0""}",BLOCK_SPACE_a,SUBSET
PD_2,NONE,"{""pd_incharge"": ""PD_0""}",BLOCK_a_7d,HOLD
BLOCK_a_7e,NONE,"{""pd_incharge"": ""PD_0""}",BLOCK_SPACE_a,SUBSET
PD_2,NONE,"{""pd_incharge"": ""PD_0""}",BLOCK_a_7e,HOLD
BLOCK_a_7f,NONE,"{""pd_incharge"": ""PD_0""}",BLOCK_SPACE_a,SUBSET
PD_2,NONE,"{""pd_incharge"": ""PD_0""}",BLOCK_a_7f,HOLD
BLOCK_a_80,NONE,"{""pd_incharge"": ""PD_0""}",BLOCK_SPACE_a,SUBSET
PD_2,NONE,"{""pd_incharge"": ""PD_0""}",BLOCK_a_80,HOLD
BLOCK_a_81,NONE,"{""pd_incharge"": ""PD_0""}",BLOCK_SPACE_a,SUBSET
PD_2,NONE,"{""pd_incharge"": ""PD_0""}",BLOCK_a_81,HOLD
BLOCK_a_82,NONE,"{""pd_incharge"": ""PD_0""}",BLOCK_SPACE_a,SUBSET
PD_2,NONE,"{""pd_incharge"": ""PD_0""}",BLOCK_a_82,HOLD
BLOCK_a_83,NONE,"{""pd_incharge"": ""PD_0""}",BLOCK_SPACE_a,SUBSET
PD_2,NONE,"{""pd_incharge"": ""PD_0""}",BLOCK_a_83,HOLD
BLOCK_a_84,NONE,"{""pd_incharge"": ""PD_0""}",BLOCK_SPACE_a,SUBSET
PD_2,NONE,"{""pd_incharge"": ""PD_0""}",BLOCK_a_84,HOLD
BLOCK_a_85,NONE,"{""pd_incharge"": ""PD_0""}",BLOCK_SPACE_a,SUBSET
PD_2,NONE,"{""pd_incharge"": ""PD_0""}",BLOCK_a_85,HOLD
BLOCK_a_86,NONE,"{""pd_incharge"": ""PD_0""}",BLOCK_SPACE_a,SUBSET
PD_2,NONE,"{""pd_incharge"": ""PD_0""}",BLOCK_a_86,HOLD
BLOCK_a_87,NONE,"{""pd_incharge"": ""PD_0""}",BLOCK_SPACE_a,SUBSET
PD_2,NONE,"{""pd_incharge"": ""PD_0""}",BLOCK_a_87,HOLD
BLOCK_a_88,NONE,"{""pd_incharge"": ""PD_0""}",BLOCK_SPACE_a,SUBSET
PD_2,NONE,"{""pd_incharge"": ""PD_0""}",BLOCK_a_88,HOLD
BLOCK_a_89,NONE,"{""pd_incharge"": ""PD_0""}",BLOCK_SPACE_a,SUBSET
PD_2,NONE,"{""pd_incharge"": ""PD_0""}",BLOCK_a_89,HOLD
BLOCK_a_8a,NONE,"{""pd_incharge"": ""PD_0""}",BLOCK_SPACE_a,SUBSET
PD_2,NONE,"{""pd_incharge"": ""PD_0""}",BLOCK_a_8a,HOLD
BLOCK_a_8b,NONE,"{""pd_incharge"": ""PD_0""}",BLOCK_SPACE_a,SUBSET
PD_2,NONE,"{""pd_incharge"": ""PD_0""}",BLOCK_a_8b,HOLD
BLOCK_a_8c,NONE,"{""pd_incharge"": ""PD_0""}",BLOCK_SPACE_a,SUBSET
PD_2,NONE,"{""pd_incharge"": ""PD_0""}",BLOCK_a_8c,HOLD
BLOCK_a_8d,NONE,"{""pd_incharge"": ""PD_0""}",BLOCK_SPACE_a,SUBSET
PD_2,NONE,"{""pd_incharge"": ""PD_0""}",BLOCK_a_8d,HOLD
BLOCK_a_8e,NONE,"{""pd_incharge"": ""PD_0""}",BLOCK_SPACE_a,SUBSET
PD_2,NONE,"{""pd_incharge"": ""PD_0""}",BLOCK_a_8e,HOLD
BLOCK_a_8f,NONE,"{""pd_incharge"": ""PD_0""}",BLOCK_SPACE_a,SUBSET
PD_2,NONE,"{""pd_incharge"": ""PD_0""}",BLOCK_a_8f,HOLD
BLOCK_a_90,NONE,"{""pd_incharge"": ""PD_0""}",BLOCK_SPACE_a,SUBSET
PD_2,NONE,"{""pd_incharge"": ""PD_0""}",BLOCK_a_90,HOLD
BLOCK_a_91,NONE,"{""pd_incharge"": ""PD_0""}",BLOCK_SPACE_a,SUBSET
PD_2,NONE,"{""pd_incharge"": ""PD_0""}",BLOCK_a_91,HOLD
BLOCK_a_92,NONE,"{""pd_incharge"": ""PD_0""}",BLOCK_SPACE_a,SUBSET
PD_2,NONE,"{""pd_incharge"": ""PD_0""}",BLOCK_a_92,HOLD
BLOCK_a_93,NONE,"{""pd_incharge"": ""PD_0""}",BLOCK_SPACE_a,SUBSET
PD_2,NONE,"{""pd_incharge"": ""PD_0""}",BLOCK_a_93,HOLD
BLOCK_a_94,NONE,"{""pd_incharge"": ""PD_0""}",BLOCK_SPACE_a,SUBSET
PD_2,NONE,"{""pd_incharge"": ""PD_0""}",BLOCK_a_94,HOLD
BLOCK_a_95,NONE,"{""pd_incharge"": ""PD_0""}",BLOCK_SPACE_a,SUBSET
PD_2,NONE,"{""pd_incharge"": ""PD_0""}",BLOCK_a_95,HOLD
BLOCK_a_96,NONE,"{""pd_incharge"": ""PD_0""}",BLOCK_SPACE_a,SUBSET
PD_2,NONE,"{""pd_incharge"": ""PD_0""}",BLOCK_a_96,HOLD
BLOCK_a_97,NONE,"{""pd_incharge"": ""PD_0""}",BLOCK_SPACE_a,SUBSET
PD_2,NONE,"{""pd_incharge"": ""PD_0""}",BLOCK_a_97,HOLD
BLOCK_a_98,NONE,"{""pd_incharge"": ""PD_0""}",BLOCK_SPACE_a,SUBSET
PD_2,NONE,"{""pd_incharge"": ""PD_0""}",BLOCK_a_98,HOLD
BLOCK_a_99,NONE,"{""pd_incharge"": ""PD_0""}",BLOCK_SPACE_a,SUBSET
PD_2,NONE,"{""pd_incharge"": ""PD_0""}",BLOCK_a_99,HOLD
BLOCK_a_9a,NONE,"{""pd_incharge"": ""PD_0""}",BLOCK_SPACE_a,SUBSET
PD_2,NONE,"{""pd_incharge"": ""PD_0""}",BLOCK_a_9a,HOLD
BLOCK_a_9b,NONE,"{""pd_incharge"": ""PD_0""}",BLOCK_SPACE_a,SUBSET
PD_2,NONE,"{""pd_incharge"": ""PD_0""}",BLOCK_a_9b,HOLD
BLOCK_a_9c,NONE,"{""pd_incharge"": ""PD_0""}",BLOCK_SPACE_a,SUBSET
PD_2,NONE,"{""pd_incharge"": ""PD_0""}",BLOCK_a_9c,HOLD
BLOCK_a_9d,NONE,"{""pd_incharge"": ""PD_0""}",BLOCK_SPACE_a,SUBSET
PD_2,NONE,"{""pd_incharge"": ""PD_0""}",BLOCK_a_9d,HOLD
BLOCK_a_9e,NONE,"{""pd_incharge"": ""PD_0""}",BLOCK_SPACE_a,SUBSET
PD_2,NONE,"{""pd_incharge"": ""PD_0""}",BLOCK_a_9e,HOLD
BLOCK_a_9f,NONE,"{""pd_incharge"": ""PD_0""}",BLOCK_SPACE_a,SUBSET
PD_2,NONE,"{""pd_incharge"": ""PD_0""}",BLOCK_a_9f,HOLD
BLOCK_a_a0,NONE,"{""pd_incharge"": ""PD_0""}",BLOCK_SPACE_a,SUBSET
PD_2,NONE,"{""pd_incharge"": ""PD_0""}",BLOCK_a_a0,HOLD
BLOCK_a_a1,NONE,"{""pd_incharge"": ""PD_0""}",BLOCK_SPACE_a,SUBSET
PD_2,NONE,"{""pd_incharge"": ""PD_0""}",BLOCK_a_a1,HOLD
BLOCK_a_a2,NONE,"{""pd_incharge"": ""PD_0""}",BLOCK_SPACE_a,SUBSET
PD_2,NONE,"{""pd_incharge"": ""PD_0""}",BLOCK_a_a2,HOLD
BLOCK_a_a3,NONE,"{""pd_incharge"": ""PD_0""}",BLOCK_SPACE_a,SUBSET
PD_2,NONE,"{""pd_incharge"": ""PD_0""}",BLOCK_a_a3,HOLD
BLOCK_a_a4,NONE,"{""pd_incharge"": ""PD_0""}",BLOCK_SPACE_a,SUBSET
PD_2,NONE,"{""pd_incharge"": ""PD_0""}",BLOCK_a_a4,HOLD
BLOCK_a_a5,NONE,"{""pd_incharge"": ""PD_0""}",BLOCK_SPACE_a,SUBSET
PD_2,NONE,"{""pd_incharge"": ""PD_0""}",BLOCK_a_a5,HOLD
BLOCK_a_a6,NONE,"{""pd_incharge"": ""PD_0""}",BLOCK_SPACE_a,SUBSET
PD_2,NONE,"{""pd_incharge"": ""PD_0""}",BLOCK_a_a6,HOLD
BLOCK_a_a7,NONE,"{""pd_incharge"": ""PD_0""}",BLOCK_SPACE_a,SUBSET
PD_2,NONE,"{""pd_incharge"": ""PD_0""}",BLOCK_a_a7,HOLD
BLOCK_a_a8,NONE,"{""pd_incharge"": ""PD_0""}",BLOCK_SPACE_a,SUBSET
PD_2,NONE,"{""pd_incharge"": ""PD_0""}",BLOCK_a_a8,HOLD
BLOCK_a_a9,NONE,"{""pd_incharge"": ""PD_0""}",BLOCK_SPACE_a,SUBSET
PD_2,NONE,"{""pd_incharge"": ""PD_0""}",BLOCK_a_a9,HOLD
BLOCK_a_aa,NONE,"{""pd_incharge"": ""PD_0""}",BLOCK_SPACE_a,SUBSET
PD_2,NONE,"{""pd_incharge"": ""PD_0""}",BLOCK_a_aa,HOLD
BLOCK_a_ab,NONE,"{""pd_incharge"": ""PD_0""}",BLOCK_SPACE_a,SUBSET
PD_2,NONE,"{""pd_incharge"": ""PD_0""}",BLOCK_a_ab,HOLD
BLOCK_a_ac,NONE,"{""pd_incharge"": ""PD_0""}",BLOCK_SPACE_a,SUBSET
PD_2,NONE,"{""pd_incharge"": ""PD_0""}",BLOCK_a_ac,HOLD
BLOCK_a_ad,NONE,"{""pd_incharge"": ""PD_0""}",BLOCK_SPACE_a,SUBSET
PD_2,NONE,"{""pd_incharge"": ""PD_0""}",BLOCK_a_ad,HOLD
BLOCK_a_ae,NONE,"{""pd_incharge"": ""PD_0""}",BLOCK_SPACE_a,SUBSET
PD_2,NONE,"{""pd_incharge"": ""PD_0""}",BLOCK_a_ae,HOLD
BLOCK_a_af,NONE,"{""pd_incharge"": ""PD_0""}",BLOCK_SPACE_a,SUBSET
PD_2,NONE,"{""pd_incharge"": ""PD_0""}",BLOCK_a_af,HOLD
BLOCK_a_b0,NONE,"{""pd_incharge"": ""PD_0""}",BLOCK_SPACE_a,SUBSET
PD_2,NONE,"{""pd_incharge"": ""PD_0""}",BLOCK_a_b0,HOLD
BLOCK_a_b1,NONE,"{""pd_incharge"": ""PD_0""}",BLOCK_SPACE_a,SUBSET
PD_2,NONE,"{""pd_incharge"": ""PD_0""}",BLOCK_a_b1,HOLD
BLOCK_a_b2,NONE,"{""pd_incharge"": ""PD_0""}",BLOCK_SPACE_a,SUBSET
PD_2,NONE,"{""pd_incharge"": ""PD_0""}",BLOCK_a_b2,HOLD
BLOCK_a_b3,NONE,"{""pd_incharge"": ""PD_0""}",BLOCK_SPACE_a,SUBSET
PD_2,NONE,"{""pd_incharge"": ""PD_0""}",BLOCK_a_b3,HOLD
BLOCK_a_b4,NONE,"{""pd_incharge"": ""PD_0""}",BLOCK_SPACE_a,SUBSET
PD_2,NONE,"{""pd_incharge"": ""PD_0""}",BLOCK_a_b4,HOLD
BLOCK_a_b5,NONE,"{""pd_incharge"": ""PD_0""}",BLOCK_SPACE_a,SUBSET
PD_2,NONE,"{""pd_incharge"": ""PD_0""}",BLOCK_a_b5,HOLD
BLOCK_a_b6,NONE,"{""pd_incharge"": ""PD_0""}",BLOCK_SPACE_a,SUBSET
PD_2,NONE,"{""pd_incharge"": ""PD_0""}",BLOCK_a_b6,HOLD
BLOCK_a_b7,NONE,"{""pd_incharge"": ""PD_0""}",BLOCK_SPACE_a,SUBSET
PD_2,NONE,"{""pd_incharge"": ""PD_0""}",BLOCK_a_b7,HOLD
BLOCK_a_b8,NONE,"{""pd_incharge"": ""PD_0""}",BLOCK_SPACE_a,SUBSET
PD_2,NONE,"{""pd_incharge"": ""PD_0""}",BLOCK_a_b8,HOLD
BLOCK_a_b9,NONE,"{""pd_incharge"": ""PD_0""}",BLOCK_SPACE_a,SUBSET
PD_2,NONE,"{""pd_incharge"": ""PD_0""}",BLOCK_a_b9,HOLD
BLOCK_a_ba,NONE,"{""pd_incharge"": ""PD_0""}",BLOCK_SPACE_a,SUBSET
PD_2,NONE,"{""pd_incharge"": ""PD_0""}",BLOCK_a_ba,HOLD
BLOCK_a_bb,NONE,"{""pd_incharge"": ""PD_0""}",BLOCK_SPACE_a,SUBSET
PD_2,NONE,"{""pd_incharge"": ""PD_0""}",BLOCK_a_bb,HOLD
BLOCK_a_bc,NONE,"{""pd_incharge"": ""PD_0""}",BLOCK_SPACE_a,SUBSET
PD_2,NONE,"{""pd_incharge"": ""PD_0""}",BLOCK_a_bc,HOLD
BLOCK_a_bd,NONE,"{""pd_incharge"": ""PD_0""}",BLOCK_SPACE_a,SUBSET
PD_2,NONE,"{""pd_incharge"": ""PD_0""}",BLOCK_a_bd,HOLD
BLOCK_a_be,NONE,"{""pd_incharge"": ""PD_0""}",BLOCK_SPACE_a,SUBSET
PD_2,NONE,"{""pd_incharge"": ""PD_0""}",BLOCK_a_be,HOLD
BLOCK_a_bf,NONE,"{""pd_incharge"": ""PD_0""}",BLOCK_SPACE_a,SUBSET
PD_2,NONE,"{""pd_incharge"": ""PD_0""}",BLOCK_a_bf,HOLD
BLOCK_a_c0,NONE,"{""pd_incharge"": ""PD_0""}",BLOCK_SPACE_a,SUBSET
PD_2,NONE,"{""pd_incharge"": ""PD_0""}",BLOCK_a_c0,HOLD
BLOCK_a_c1,NONE,"{""pd_incharge"": ""PD_0""}",BLOCK_SPACE_a,SUBSET
PD_2,NONE,"{""pd_incharge"": ""PD_0""}",BLOCK_a_c1,HOLD
BLOCK_a_c2,NONE,"{""pd_incharge"": ""PD_0""}",BLOCK_SPACE_a,SUBSET
PD_2,NONE,"{""pd_incharge"": ""PD_0""}",BLOCK_a_c2,HOLD
BLOCK_a_c3,NONE,"{""pd_incharge"": ""PD_0""}",BLOCK_SPACE_a,SUBSET
PD_2,NONE,"{""pd_incharge"": ""PD_0""}",BLOCK_a_c3,HOLD
BLOCK_a_c4,NONE,"{""pd_incharge"": ""PD_0""}",BLOCK_SPACE_a,SUBSET
PD_2,NONE,"{""pd_incharge"": ""PD_0""}",BLOCK_a_c4,HOLD
BLOCK_a_c5,NONE,"{""pd_incharge"": ""PD_0""}",BLOCK_SPACE_a,SUBSET
PD_2,NONE,"{""pd_incharge"": ""PD_0""}",BLOCK_a_c5,HOLD
BLOCK_a_c6,NONE,"{""pd_incharge"": ""PD_0""}",BLOCK_SPACE_a,SUBSET
PD_2,NONE,"{""pd_incharge"": ""PD_0""}",BLOCK_a_c6,HOLD
BLOCK_a_c7,NONE,"{""pd_incharge"": ""PD_0""}",BLOCK_SPACE_a,SUBSET
PD_2,NONE,"{""pd_incharge"": ""PD_0""}",BLOCK_a_c7,HOLD
BLOCK_a_c8,NONE,"{""pd_incharge"": ""PD_0""}",BLOCK_SPACE_a,SUBSET
PD_2,NONE,"{""pd_incharge"": ""PD_0""}",BLOCK_a_c8,HOLD
BLOCK_a_c9,NONE,"{""pd_incharge"": ""PD_0""}",BLOCK_SPACE_a,SUBSET
PD_2,NONE,"{""pd_incharge"": ""PD_0""}",BLOCK_a_c9,HOLD
BLOCK_a_ca,NONE,"{""pd_incharge"": ""PD_0""}",BLOCK_SPACE_a,SUBSET
PD_2,NONE,"{""pd_incharge"": ""PD_0""}",BLOCK_a_ca,HOLD
BLOCK_a_cb,NONE,"{""pd_incharge"": ""PD_0""}",BLOCK_SPACE_a,SUBSET
PD_2,NONE,"{""pd_incharge"": ""PD_0""}",BLOCK_a_cb,HOLD
BLOCK_a_cc,NONE,"{""pd_incharge"": ""PD_0""}",BLOCK_SPACE_a,SUBSET
PD_2,NONE,"{""pd_incharge"": ""PD_0""}",BLOCK_a_cc,HOLD
BLOCK_a_cd,NONE,"{""pd_incharge"": ""PD_0""}",BLOCK_SPACE_a,SUBSET
PD_2,NONE,"{""pd_incharge"": ""PD_0""}",BLOCK_a_cd,HOLD
BLOCK_a_ce,NONE,"{""pd_incharge"": ""PD_0""}",BLOCK_SPACE_a,SUBSET
PD_2,NONE,"{""pd_incharge"": ""PD_0""}",BLOCK_a_ce,HOLD
BLOCK_a_cf,NONE,"{""pd_incharge"": ""PD_0""}",BLOCK_SPACE_a,SUBSET
PD_2,NONE,"{""pd_incharge"": ""PD_0""}",BLOCK_a_cf,HOLD
BLOCK_a_d0,NONE,"{""pd_incharge"": ""PD_0""}",BLOCK_SPACE_a,SUBSET
PD_2,NONE,"{""pd_incharge"": ""PD_0""}",BLOCK_a_d0,HOLD
BLOCK_a_d1,NONE,"{""pd_incharge"": ""PD_0""}",BLOCK_SPACE_a,SUBSET
PD_2,NONE,"{""pd_incharge"": ""PD_0""}",BLOCK_a_d1,HOLD
BLOCK_a_d2,NONE,"{""pd_incharge"": ""PD_0""}",BLOCK_SPACE_a,SUBSET
PD_2,NONE,"{""pd_incharge"": ""PD_0""}",BLOCK_a_d2,HOLD
BLOCK_a_d3,NONE,"{""pd_incharge"": ""PD_0""}",BLOCK_SPACE_a,SUBSET
PD_2,NONE,"{""pd_incharge"": ""PD_0""}",BLOCK_a_d3,HOLD
BLOCK_a_d4,NONE,"{""pd_incharge"": ""PD_0""}",BLOCK_SPACE_a,SUBSET
PD_2,NONE,"{""pd_incharge"": ""PD_0""}",BLOCK_a_d4,HOLD
BLOCK_a_d5,NONE,"{""pd_incharge"": ""PD_0""}",BLOCK_SPACE_a,SUBSET
PD_2,NONE,"{""pd_incharge"": ""PD_0""}",BLOCK_a_d5,HOLD
BLOCK_a_d6,NONE,"{""pd_incharge"": ""PD_0""}",BLOCK_SPACE_a,SUBSET
PD_2,NONE,"{""pd_incharge"": ""PD_0""}",BLOCK_a_d6,HOLD
BLOCK_a_d7,NONE,"{""pd_incharge"": ""PD_0""}",BLOCK_SPACE_a,SUBSET
PD_2,NONE,"{""pd_incharge"": ""PD_0""}",BLOCK_a_d7,HOLD
BLOCK_a_d8,NONE,"{""pd_incharge"": ""PD_0""}",BLOCK_SPACE_a,SUBSET
PD_2,NONE,"{""pd_incharge"": ""PD_0""}",BLOCK_a_d8,HOLD
BLOCK_a_d9,NONE,"{""pd_incharge"": ""PD_0""}",BLOCK_SPACE_a,SUBSET
PD_2,NONE,"{""pd_incharge"": ""PD_0""}",BLOCK_a_d9,HOLD
BLOCK_a_da,NONE,"{""pd_incharge"": ""PD_0""}",BLOCK_SPACE_a,SUBSET
PD_2,NONE,"{""pd_incharge"": ""PD_0""}",BLOCK_a_da,HOLD
BLOCK_a_db,NONE,"{""pd_incharge"": ""PD_0""}",BLOCK_SPACE_a,SUBSET
PD_2,NONE,"{""pd_incharge"": ""PD_0""}",BLOCK_a_db,HOLD
BLOCK_a_dc,NONE,"{""pd_incharge"": ""PD_0""}",BLOCK_SPACE_a,SUBSET
PD_2,NONE,"{""pd_incharge"": ""PD_0""}",BLOCK_a_dc,HOLD
BLOCK_a_dd,NONE,"{""pd_incharge"": ""PD_0""}",BLOCK_SPACE_a,SUBSET
PD_2,NONE,"{""pd_incharge"": ""PD_0""}",BLOCK_a_dd,HOLD
BLOCK_a_de,NONE,"{""pd_incharge"": ""PD_0""}",BLOCK_SPACE_a,SUBSET
PD_2,NONE,"{""pd_incharge"": ""PD_0""}",BLOCK_a_de,HOLD
BLOCK_a_df,NONE,"{""pd_incharge"": ""PD_0""}",BLOCK_SPACE_a,SUBSET
PD_2,NONE,"{""pd_incharge"": ""PD_0""}",BLOCK_a_df,HOLD
BLOCK_a_e0,NONE,"{""pd_incharge"": ""PD_0""}",BLOCK_SPACE_a,SUBSET
PD_2,NONE,"{""pd_incharge"": ""PD_0""}",BLOCK_a_e0,HOLD
BLOCK_a_e1,NONE,"{""pd_incharge"": ""PD_0""}",BLOCK_SPACE_a,SUBSET
PD_2,NONE,"{""pd_incharge"": ""PD_0""}",BLOCK_a_e1,HOLD
BLOCK_a_e2,NONE,"{""pd_incharge"": ""PD_0""}",BLOCK_SPACE_a,SUBSET
PD_2,NONE,"{""pd_incharge"": ""PD_0""}",BLOCK_a_e2,HOLD
BLOCK_a_e3,NONE,"{""pd_incharge"": ""PD_0""}",BLOCK_SPACE_a,SUBSET
PD_2,NONE,"{""pd_incharge"": ""PD_0""}",BLOCK_a_e3,HOLD
BLOCK_a_e4,NONE,"{""pd_incharge"": ""PD_0""}",BLOCK_SPACE_a,SUBSET
PD_2,NONE,"{""pd_incharge"": ""PD_0""}",BLOCK_a_e4,HOLD
BLOCK_a_e5,NONE,"{""pd_incharge"": ""PD_0""}",BLOCK_SPACE_a,SUBSET
PD_2,NONE,"{""pd_incharge"": ""PD_0""}",BLOCK_a_e5,HOLD
BLOCK_a_e6,NONE,"{""pd_incharge"": ""PD_0""}",BLOCK_SPACE_a,SUBSET
PD_2,NONE,"{""pd_incharge"": ""PD_0""}",BLOCK_a_e6,HOLD
BLOCK_a_e7,NONE,"{""pd_incharge"": ""PD_0""}",BLOCK_SPACE_a,SUBSET
PD_2,NONE,"{""pd_incharge"": ""PD_0""}",BLOCK_a_e7,HOLD
BLOCK_a_e8,NONE,"{""pd_incharge"": ""PD_0""}",BLOCK_SPACE_a,SUBSET
PD_2,NONE,"{""pd_incharge"": ""PD_0""}",BLOCK_a_e8,HOLD
BLOCK_a_e9,NONE,"{""pd_incharge"": ""PD_0""}",BLOCK_SPACE_a,SUBSET
PD_2,NONE,"{""pd_incharge"": ""PD_0""}",BLOCK_a_e9,HOLD
BLOCK_a_ea,NONE,"{""pd_incharge"": ""PD_0""}",BLOCK_SPACE_a,SUBSET
PD_2,NONE,"{""pd_incharge"": ""PD_0""}",BLOCK_a_ea,HOLD
BLOCK_a_eb,NONE,"{""pd_incharge"": ""PD_0""}",BLOCK_SPACE_a,SUBSET
PD_2,NONE,"{""pd_incharge"": ""PD_0""}",BLOCK_a_eb,HOLD
BLOCK_a_ec,NONE,"{""pd_incharge"": ""PD_0""}",BLOCK_SPACE_a,SUBSET
PD_2,NONE,"{""pd_incharge"": ""PD_0""}",BLOCK_a_ec,HOLD
BLOCK_a_ed,NONE,"{""pd_incharge"": ""PD_0""}",BLOCK_SPACE_a,SUBSET
PD_2,NONE,"{""pd_incharge"": ""PD_0""}",BLOCK_a_ed,HOLD
BLOCK_a_ee,NONE,"{""pd_incharge"": ""PD_0""}",BLOCK_SPACE_a,SUBSET
PD_2,NONE,"{""pd_incharge"": ""PD_0""}",BLOCK_a_ee,HOLD
BLOCK_a_ef,NONE,"{""pd_incharge"": ""PD_0""}",BLOCK_SPACE_a,SUBSET
PD_2,NONE,"{""pd_incharge"": ""PD_0""}",BLOCK_a_ef,HOLD
BLOCK_a_f0,NONE,"{""pd_incharge"": ""PD_0""}",BLOCK_SPACE_a,SUBSET
PD_2,NONE,"{""pd_incharge"": ""PD_0""}",BLOCK_a_f0,HOLD
BLOCK_a_f1,NONE,"{""pd_incharge"": ""PD_0""}",BLOCK_SPACE_a,SUBSET
PD_2,NONE,"{""pd_incharge"": ""PD_0""}",BLOCK_a_f1,HOLD
BLOCK_a_f2,NONE,"{""pd_incharge"": ""PD_0""}",BLOCK_SPACE_a,SUBSET
PD_2,NONE,"{""pd_incharge"": ""PD_0""}",BLOCK_a_f2,HOLD
BLOCK_a_f3,NONE,"{""pd_incharge"": ""PD_0""}",BLOCK_SPACE_a,SUBSET
PD_2,NONE,"{""pd_incharge"": ""PD_0""}",BLOCK_a_f3,HOLD
BLOCK_a_f4,NONE,"{""pd_incharge"": ""PD_0""}",BLOCK_SPACE_a,SUBSET
PD_2,NONE,"{""pd_incharge"": ""PD_0""}",BLOCK_a_f4,HOLD
BLOCK_a_f5,NONE,"{""pd_incharge"": ""PD_0""}",BLOCK_SPACE_a,SUBSET
PD_2,NONE,"{""pd_incharge"": ""PD_0""}",BLOCK_a_f5,HOLD
BLOCK_a_f6,NONE,"{""pd_incharge"": ""PD_0""}",BLOCK_SPACE_a,SUBSET
PD_2,NONE,"{""pd_incharge"": ""PD_0""}",BLOCK_a_f6,HOLD
BLOCK_a_f7,NONE,"{""pd_incharge"": ""PD_0""}",BLOCK_SPACE_a,SUBSET
PD_2,NONE,"{""pd_incharge"": ""PD_0""}",BLOCK_a_f7,HOLD
BLOCK_a_f8,NONE,"{""pd_incharge"": ""PD_0""}",BLOCK_SPACE_a,SUBSET
PD_2,NONE,"{""pd_incharge"": ""PD_0""}",BLOCK_a_f8,HOLD
BLOCK_a_f9,NONE,"{""pd_incharge"": ""PD_0""}",BLOCK_SPACE_a,SUBSET
PD_2,NONE,"{""pd_incharge"": ""PD_0""}",BLOCK_a_f9,HOLD
BLOCK_a_fa,NONE,"{""pd_incharge"": ""PD_0""}",BLOCK_SPACE_a,SUBSET
PD_2,NONE,"{""pd_incharge"": ""PD_0""}",BLOCK_a_fa,HOLD
BLOCK_a_fb,NONE,"{""pd_incharge"": ""PD_0""}",BLOCK_SPACE_a,SUBSET
PD_2,NONE,"{""pd_incharge"": ""PD_0""}",BLOCK_a_fb,HOLD
BLOCK_a_fc,NONE,"{""pd_incharge"": ""PD_0""}",BLOCK_SPACE_a,SUBSET
PD_2,NONE,"{""pd_incharge"": ""PD_0""}",BLOCK_a_fc,HOLD
BLOCK_a_fd,NONE,"{""pd_incharge"": ""PD_0""}",BLOCK_SPACE_a,SUBSET
PD_2,NONE,"{""pd_incharge"": ""PD_0""}",BLOCK_a_fd,HOLD
BLOCK_a_fe,NONE,"{""pd_incharge"": ""PD_0""}",BLOCK_SPACE_a,SUBSET
PD_2,NONE,"{""pd_incharge"": ""PD_0""}",BLOCK_a_fe,HOLD
BLOCK_a_ff,NONE,"{""pd_incharge"": ""PD_0""}",BLOCK_SPACE_a,SUBSET
PD_2,NONE,"{""pd_incharge"": ""PD_0""}",BLOCK_a_ff,HOLD
BLOCK_a_100,NONE,"{""pd_incharge"": ""PD_0""}",BLOCK_SPACE_a,SUBSET
PD_2,NONE,"{""pd_incharge"": ""PD_0""}",BLOCK_a_100,HOLD
BLOCK_a_101,NONE,"{""pd_incharge"": ""PD_0""}",BLOCK_SPACE_a,SUBSET
PD_2,NONE,"{""pd_incharge"": ""PD_0""}",BLOCK_a_101,HOLD
BLOCK_a_102,NONE,"{""pd_incharge"": ""PD_0""}",BLOCK_SPACE_a,SUBSET
PD_2,NONE,"{""pd_incharge"": ""PD_0""}",BLOCK_a_102,HOLD
BLOCK_a_103,NONE,"{""pd_incharge"": ""PD_0""}",BLOCK_SPACE_a,SUBSET
PD_2,NONE,"{""pd_incharge"": ""PD_0""}",BLOCK_a_103,HOLD
BLOCK_a_104,NONE,"{""pd_incharge"": ""PD_0""}",BLOCK_SPACE_a,SUBSET
PD_2,NONE,"{""pd_incharge"": ""PD_0""}",BLOCK_a_104,HOLD
BLOCK_a_105,NONE,"{""pd_incharge"": ""PD_0""}",BLOCK_SPACE_a,SUBSET
PD_2,NONE,"{""pd_incharge"": ""PD_0""}",BLOCK_a_105,HOLD
BLOCK_a_106,NONE,"{""pd_incharge"": ""PD_0""}",BLOCK_SPACE_a,SUBSET
PD_2,NONE,"{""pd_incharge"": ""PD_0""}",BLOCK_a_106,HOLD
BLOCK_a_107,NONE,"{""pd_incharge"": ""PD_0""}",BLOCK_SPACE_a,SUBSET
PD_2,NONE,"{""pd_incharge"": ""PD_0""}",BLOCK_a_107,HOLD
BLOCK_a_108,NONE,"{""pd_incharge"": ""PD_0""}",BLOCK_SPACE_a,SUBSET
PD_2,NONE,"{""pd_incharge"": ""PD_0""}",BLOCK_a_108,HOLD
BLOCK_a_109,NONE,"{""pd_incharge"": ""PD_0""}",BLOCK_SPACE_a,SUBSET
PD_2,NONE,"{""pd_incharge"": ""PD_0""}",BLOCK_a_109,HOLD
BLOCK_a_10a,NONE,"{""pd_incharge"": ""PD_0""}",BLOCK_SPACE_a,SUBSET
PD_2,NONE,"{""pd_incharge"": ""PD_0""}",BLOCK_a_10a,HOLD
BLOCK_a_10b,NONE,"{""pd_incharge"": ""PD_0""}",BLOCK_SPACE_a,SUBSET
PD_2,NONE,"{""pd_incharge"": ""PD_0""}",BLOCK_a_10b,HOLD
BLOCK_a_10c,NONE,"{""pd_incharge"": ""PD_0""}",BLOCK_SPACE_a,SUBSET
PD_2,NONE,"{""pd_incharge"": ""PD_0""}",BLOCK_a_10c,HOLD
BLOCK_a_10d,NONE,"{""pd_incharge"": ""PD_0""}",BLOCK_SPACE_a,SUBSET
PD_2,NONE,"{""pd_incharge"": ""PD_0""}",BLOCK_a_10d,HOLD
BLOCK_a_10e,NONE,"{""pd_incharge"": ""PD_0""}",BLOCK_SPACE_a,SUBSET
PD_2,NONE,"{""pd_incharge"": ""PD_0""}",BLOCK_a_10e,HOLD
BLOCK_a_10f,NONE,"{""pd_incharge"": ""PD_0""}",BLOCK_SPACE_a,SUBSET
PD_2,NONE,"{""pd_incharge"": ""PD_0""}",BLOCK_a_10f,HOLD
BLOCK_a_110,NONE,"{""pd_incharge"": ""PD_0""}",BLOCK_SPACE_a,SUBSET
PD_2,NONE,"{""pd_incharge"": ""PD_0""}",BLOCK_a_110,HOLD
BLOCK_a_111,NONE,"{""pd_incharge"": ""PD_0""}",BLOCK_SPACE_a,SUBSET
PD_2,NONE,"{""pd_incharge"": ""PD_0""}",BLOCK_a_111,HOLD
BLOCK_a_112,NONE,"{""pd_incharge"": ""PD_0""}",BLOCK_SPACE_a,SUBSET
PD_2,NONE,"{""pd_incharge"": ""PD_0""}",BLOCK_a_112,HOLD
BLOCK_a_113,NONE,"{""pd_incharge"": ""PD_0""}",BLOCK_SPACE_a,SUBSET
PD_2,NONE,"{""pd_incharge"": ""PD_0""}",BLOCK_a_113,HOLD
BLOCK_a_114,NONE,"{""pd_incharge"": ""PD_0""}",BLOCK_SPACE_a,SUBSET
PD_2,NONE,"{""pd_incharge"": ""PD_0""}",BLOCK_a_114,HOLD
BLOCK_a_115,NONE,"{""pd_incharge"": ""PD_0""}",BLOCK_SPACE_a,SUBSET
PD_2,NONE,"{""pd_incharge"": ""PD_0""}",BLOCK_a_115,HOLD
BLOCK_a_116,NONE,"{""pd_incharge"": ""PD_0""}",BLOCK_SPACE_a,SUBSET
PD_2,NONE,"{""pd_incharge"": ""PD_0""}",BLOCK_a_116,HOLD
BLOCK_a_117,NONE,"{""pd_incharge"": ""PD_0""}",BLOCK_SPACE_a,SUBSET
PD_2,NONE,"{""pd_incharge"": ""PD_0""}",BLOCK_a_117,HOLD
BLOCK_a_118,NONE,"{""pd_incharge"": ""PD_0""}",BLOCK_SPACE_a,SUBSET
PD_2,NONE,"{""pd_incharge"": ""PD_0""}",BLOCK_a_118,HOLD
BLOCK_a_119,NONE,"{""pd_incharge"": ""PD_0""}",BLOCK_SPACE_a,SUBSET
PD_2,NONE,"{""pd_incharge"": ""PD_0""}",BLOCK_a_119,HOLD
BLOCK_a_11a,NONE,"{""pd_incharge"": ""PD_0""}",BLOCK_SPACE_a,SUBSET
PD_2,NONE,"{""pd_incharge"": ""PD_0""}",BLOCK_a_11a,HOLD
BLOCK_a_11b,NONE,"{""pd_incharge"": ""PD_0""}",BLOCK_SPACE_a,SUBSET
PD_2,NONE,"{""pd_incharge"": ""PD_0""}",BLOCK_a_11b,HOLD
BLOCK_a_11c,NONE,"{""pd_incharge"": ""PD_0""}",BLOCK_SPACE_a,SUBSET
PD_2,NONE,"{""pd_incharge"": ""PD_0""}",BLOCK_a_11c,HOLD
BLOCK_a_11d,NONE,"{""pd_incharge"": ""PD_0""}",BLOCK_SPACE_a,SUBSET
PD_2,NONE,"{""pd_incharge"": ""PD_0""}",BLOCK_a_11d,HOLD
BLOCK_a_11e,NONE,"{""pd_incharge"": ""PD_0""}",BLOCK_SPACE_a,SUBSET
PD_2,NONE,"{""pd_incharge"": ""PD_0""}",BLOCK_a_11e,HOLD
BLOCK_a_11f,NONE,"{""pd_incharge"": ""PD_0""}",BLOCK_SPACE_a,SUBSET
PD_2,NONE,"{""pd_incharge"": ""PD_0""}",BLOCK_a_11f,HOLD
BLOCK_a_120,NONE,"{""pd_incharge"": ""PD_0""}",BLOCK_SPACE_a,SUBSET
PD_2,NONE,"{""pd_incharge"": ""PD_0""}",BLOCK_a_120,HOLD
BLOCK_a_121,NONE,"{""pd_incharge"": ""PD_0""}",BLOCK_SPACE_a,SUBSET
PD_2,NONE,"{""pd_incharge"": ""PD_0""}",BLOCK_a_121,HOLD
BLOCK_a_122,NONE,"{""pd_incharge"": ""PD_0""}",BLOCK_SPACE_a,SUBSET
PD_2,NONE,"{""pd_incharge"": ""PD_0""}",BLOCK_a_122,HOLD
BLOCK_a_123,NONE,"{""pd_incharge"": ""PD_0""}",BLOCK_SPACE_a,SUBSET
PD_2,NONE,"{""pd_incharge"": ""PD_0""}",BLOCK_a_123,HOLD
BLOCK_a_124,NONE,"{""pd_incharge"": ""PD_0""}",BLOCK_SPACE_a,SUBSET
PD_2,NONE,"{""pd_incharge"": ""PD_0""}",BLOCK_a_124,HOLD
BLOCK_a_125,NONE,"{""pd_incharge"": ""PD_0""}",BLOCK_SPACE_a,SUBSET
PD_2,NONE,"{""pd_incharge"": ""PD_0""}",BLOCK_a_125,HOLD
BLOCK_a_126,NONE,"{""pd_incharge"": ""PD_0""}",BLOCK_SPACE_a,SUBSET
PD_2,NONE,"{""pd_incharge"": ""PD_0""}",BLOCK_a_126,HOLD
BLOCK_a_127,NONE,"{""pd_incharge"": ""PD_0""}",BLOCK_SPACE_a,SUBSET
PD_2,NONE,"{""pd_incharge"": ""PD_0""}",BLOCK_a_127,HOLD
BLOCK_a_128,NONE,"{""pd_incharge"": ""PD_0""}",BLOCK_SPACE_a,SUBSET
PD_2,NONE,"{""pd_incharge"": ""PD_0""}",BLOCK_a_128,HOLD
BLOCK_a_129,NONE,"{""pd_incharge"": ""PD_0""}",BLOCK_SPACE_a,SUBSET
PD_2,NONE,"{""pd_incharge"": ""PD_0""}",BLOCK_a_129,HOLD
BLOCK_a_12a,NONE,"{""pd_incharge"": ""PD_0""}",BLOCK_SPACE_a,SUBSET
PD_2,NONE,"{""pd_incharge"": ""PD_0""}",BLOCK_a_12a,HOLD
BLOCK_a_12b,NONE,"{""pd_incharge"": ""PD_0""}",BLOCK_SPACE_a,SUBSET
PD_2,NONE,"{""pd_incharge"": ""PD_0""}",BLOCK_a_12b,HOLD
BLOCK_a_12c,NONE,"{""pd_incharge"": ""PD_0""}",BLOCK_SPACE_a,SUBSET
PD_2,NONE,"{""pd_incharge"": ""PD_0""}",BLOCK_a_12c,HOLD
BLOCK_a_12d,NONE,"{""pd_incharge"": ""PD_0""}",BLOCK_SPACE_a,SUBSET
PD_2,NONE,"{""pd_incharge"": ""PD_0""}",BLOCK_a_12d,HOLD
BLOCK_a_12e,NONE,"{""pd_incharge"": ""PD_0""}",BLOCK_SPACE_a,SUBSET
PD_2,NONE,"{""pd_incharge"": ""PD_0""}",BLOCK_a_12e,HOLD
BLOCK_a_12f,NONE,"{""pd_incharge"": ""PD_0""}",BLOCK_SPACE_a,SUBSET
PD_2,NONE,"{""pd_incharge"": ""PD_0""}",BLOCK_a_12f,HOLD
BLOCK_a_130,NONE,"{""pd_incharge"": ""PD_0""}",BLOCK_SPACE_a,SUBSET
PD_2,NONE,"{""pd_incharge"": ""PD_0""}",BLOCK_a_130,HOLD
BLOCK_a_131,NONE,"{""pd_incharge"": ""PD_0""}",BLOCK_SPACE_a,SUBSET
PD_2,NONE,"{""pd_incharge"": ""PD_0""}",BLOCK_a_131,HOLD
BLOCK_a_132,NONE,"{""pd_incharge"": ""PD_0""}",BLOCK_SPACE_a,SUBSET
PD_2,NONE,"{""pd_incharge"": ""PD_0""}",BLOCK_a_132,HOLD
BLOCK_a_133,NONE,"{""pd_incharge"": ""PD_0""}",BLOCK_SPACE_a,SUBSET
PD_2,NONE,"{""pd_incharge"": ""PD_0""}",BLOCK_a_133,HOLD
BLOCK_a_134,NONE,"{""pd_incharge"": ""PD_0""}",BLOCK_SPACE_a,SUBSET
PD_2,NONE,"{""pd_incharge"": ""PD_0""}",BLOCK_a_134,HOLD
BLOCK_a_135,NONE,"{""pd_incharge"": ""PD_0""}",BLOCK_SPACE_a,SUBSET
PD_2,NONE,"{""pd_incharge"": ""PD_0""}",BLOCK_a_135,HOLD
BLOCK_a_136,NONE,"{""pd_incharge"": ""PD_0""}",BLOCK_SPACE_a,SUBSET
PD_2,NONE,"{""pd_incharge"": ""PD_0""}",BLOCK_a_136,HOLD
BLOCK_a_137,NONE,"{""pd_incharge"": ""PD_0""}",BLOCK_SPACE_a,SUBSET
PD_2,NONE,"{""pd_incharge"": ""PD_0""}",BLOCK_a_137,HOLD
BLOCK_a_138,NONE,"{""pd_incharge"": ""PD_0""}",BLOCK_SPACE_a,SUBSET
PD_2,NONE,"{""pd_incharge"": ""PD_0""}",BLOCK_a_138,HOLD
BLOCK_a_139,NONE,"{""pd_incharge"": ""PD_0""}",BLOCK_SPACE_a,SUBSET
PD_2,NONE,"{""pd_incharge"": ""PD_0""}",BLOCK_a_139,HOLD
BLOCK_a_13a,NONE,"{""pd_incharge"": ""PD_0""}",BLOCK_SPACE_a,SUBSET
PD_2,NONE,"{""pd_incharge"": ""PD_0""}",BLOCK_a_13a,HOLD
BLOCK_a_13b,NONE,"{""pd_incharge"": ""PD_0""}",BLOCK_SPACE_a,SUBSET
PD_2,NONE,"{""pd_incharge"": ""PD_0""}",BLOCK_a_13b,HOLD
BLOCK_a_13c,NONE,"{""pd_incharge"": ""PD_0""}",BLOCK_SPACE_a,SUBSET
PD_2,NONE,"{""pd_incharge"": ""PD_0""}",BLOCK_a_13c,HOLD
BLOCK_a_13d,NONE,"{""pd_incharge"": ""PD_0""}",BLOCK_SPACE_a,SUBSET
PD_2,NONE,"{""pd_incharge"": ""PD_0""}",BLOCK_a_13d,HOLD
BLOCK_a_13e,NONE,"{""pd_incharge"": ""PD_0""}",BLOCK_SPACE_a,SUBSET
PD_2,NONE,"{""pd_incharge"": ""PD_0""}",BLOCK_a_13e,HOLD
BLOCK_a_13f,NONE,"{""pd_incharge"": ""PD_0""}",BLOCK_SPACE_a,SUBSET
PD_2,NONE,"{""pd_incharge"": ""PD_0""}",BLOCK_a_13f,HOLD
BLOCK_a_140,NONE,"{""pd_incharge"": ""PD_0""}",BLOCK_SPACE_a,SUBSET
PD_2,NONE,"{""pd_incharge"": ""PD_0""}",BLOCK_a_140,HOLD
BLOCK_a_141,NONE,"{""pd_incharge"": ""PD_0""}",BLOCK_SPACE_a,SUBSET
PD_2,NONE,"{""pd_incharge"": ""PD_0""}",BLOCK_a_141,HOLD
BLOCK_a_142,NONE,"{""pd_incharge"": ""PD_0""}",BLOCK_SPACE_a,SUBSET
PD_2,NONE,"{""pd_incharge"": ""PD_0""}",BLOCK_a_142,HOLD
BLOCK_a_143,NONE,"{""pd_incharge"": ""PD_0""}",BLOCK_SPACE_a,SUBSET
PD_2,NONE,"{""pd_incharge"": ""PD_0""}",BLOCK_a_143,HOLD
BLOCK_a_144,NONE,"{""pd_incharge"": ""PD_0""}",BLOCK_SPACE_a,SUBSET
PD_2,NONE,"{""pd_incharge"": ""PD_0""}",BLOCK_a_144,HOLD
BLOCK_a_145,NONE,"{""pd_incharge"": ""PD_0""}",BLOCK_SPACE_a,SUBSET
PD_2,NONE,"{""pd_incharge"": ""PD_0""}",BLOCK_a_145,HOLD
BLOCK_a_146,NONE,"{""pd_incharge"": ""PD_0""}",BLOCK_SPACE_a,SUBSET
PD_2,NONE,"{""pd_incharge"": ""PD_0""}",BLOCK_a_146,HOLD
BLOCK_a_147,NONE,"{""pd_incharge"": ""PD_0""}",BLOCK_SPACE_a,SUBSET
PD_2,NONE,"{""pd_incharge"": ""PD_0""}",BLOCK_a_147,HOLD
BLOCK_a_148,NONE,"{""pd_incharge"": ""PD_0""}",BLOCK_SPACE_a,SUBSET
PD_2,NONE,"{""pd_incharge"": ""PD_0""}",BLOCK_a_148,HOLD
BLOCK_a_149,NONE,"{""pd_incharge"": ""PD_0""}",BLOCK_SPACE_a,SUBSET
PD_2,NONE,"{""pd_incharge"": ""PD_0""}",BLOCK_a_149,HOLD
BLOCK_a_14a,NONE,"{""pd_incharge"": ""PD_0""}",BLOCK_SPACE_a,SUBSET
PD_2,NONE,"{""pd_incharge"": ""PD_0""}",BLOCK_a_14a,HOLD
BLOCK_a_14b,NONE,"{""pd_incharge"": ""PD_0""}",BLOCK_SPACE_a,SUBSET
PD_2,NONE,"{""pd_incharge"": ""PD_0""}",BLOCK_a_14b,HOLD
BLOCK_a_14c,NONE,"{""pd_incharge"": ""PD_0""}",BLOCK_SPACE_a,SUBSET
PD_2,NONE,"{""pd_incharge"": ""PD_0""}",BLOCK_a_14c,HOLD
BLOCK_a_14d,NONE,"{""pd_incharge"": ""PD_0""}",BLOCK_SPACE_a,SUBSET
PD_2,NONE,"{""pd_incharge"": ""PD_0""}",BLOCK_a_14d,HOLD
BLOCK_a_14e,NONE,"{""pd_incharge"": ""PD_0""}",BLOCK_SPACE_a,SUBSET
PD_2,NONE,"{""pd_incharge"": ""PD_0""}",BLOCK_a_14e,HOLD
BLOCK_a_14f,NONE,"{""pd_incharge"": ""PD_0""}",BLOCK_SPACE_a,SUBSET
PD_2,NONE,"{""pd_incharge"": ""PD_0""}",BLOCK_a_14f,HOLD
BLOCK_a_150,NONE,"{""pd_incharge"": ""PD_0""}",BLOCK_SPACE_a,SUBSET
PD_2,NONE,"{""pd_incharge"": ""PD_0""}",BLOCK_a_150,HOLD
BLOCK_a_151,NONE,"{""pd_incharge"": ""PD_0""}",BLOCK_SPACE_a,SUBSET
PD_2,NONE,"{""pd_incharge"": ""PD_0""}",BLOCK_a_151,HOLD
BLOCK_a_152,NONE,"{""pd_incharge"": ""PD_0""}",BLOCK_SPACE_a,SUBSET
PD_2,NONE,"{""pd_incharge"": ""PD_0""}",BLOCK_a_152,HOLD
BLOCK_a_153,NONE,"{""pd_incharge"": ""PD_0""}",BLOCK_SPACE_a,SUBSET
PD_2,NONE,"{""pd_incharge"": ""PD_0""}",BLOCK_a_153,HOLD
BLOCK_a_154,NONE,"{""pd_incharge"": ""PD_0""}",BLOCK_SPACE_a,SUBSET
PD_2,NONE,"{""pd_incharge"": ""PD_0""}",BLOCK_a_154,HOLD
BLOCK_a_155,NONE,"{""pd_incharge"": ""PD_0""}",BLOCK_SPACE_a,SUBSET
PD_2,NONE,"{""pd_incharge"": ""PD_0""}",BLOCK_a_155,HOLD
BLOCK_a_156,NONE,"{""pd_incharge"": ""PD_0""}",BLOCK_SPACE_a,SUBSET
PD_2,NONE,"{""pd_incharge"": ""PD_0""}",BLOCK_a_156,HOLD
BLOCK_a_157,NONE,"{""pd_incharge"": ""PD_0""}",BLOCK_SPACE_a,SUBSET
PD_2,NONE,"{""pd_incharge"": ""PD_0""}",BLOCK_a_157,HOLD
BLOCK_a_158,NONE,"{""pd_incharge"": ""PD_0""}",BLOCK_SPACE_a,SUBSET
PD_2,NONE,"{""pd_incharge"": ""PD_0""}",BLOCK_a_158,HOLD
BLOCK_a_159,NONE,"{""pd_incharge"": ""PD_0""}",BLOCK_SPACE_a,SUBSET
PD_2,NONE,"{""pd_incharge"": ""PD_0""}",BLOCK_a_159,HOLD
BLOCK_a_15a,NONE,"{""pd_incharge"": ""PD_0""}",BLOCK_SPACE_a,SUBSET
PD_2,NONE,"{""pd_incharge"": ""PD_0""}",BLOCK_a_15a,HOLD
BLOCK_a_15b,NONE,"{""pd_incharge"": ""PD_0""}",BLOCK_SPACE_a,SUBSET
PD_2,NONE,"{""pd_incharge"": ""PD_0""}",BLOCK_a_15b,HOLD
BLOCK_a_15c,NONE,"{""pd_incharge"": ""PD_0""}",BLOCK_SPACE_a,SUBSET
PD_2,NONE,"{""pd_incharge"": ""PD_0""}",BLOCK_a_15c,HOLD
BLOCK_a_15d,NONE,"{""pd_incharge"": ""PD_0""}",BLOCK_SPACE_a,SUBSET
PD_2,NONE,"{""pd_incharge"": ""PD_0""}",BLOCK_a_15d,HOLD
BLOCK_a_15e,NONE,"{""pd_incharge"": ""PD_0""}",BLOCK_SPACE_a,SUBSET
PD_2,NONE,"{""pd_incharge"": ""PD_0""}",BLOCK_a_15e,HOLD
BLOCK_a_15f,NONE,"{""pd_incharge"": ""PD_0""}",BLOCK_SPACE_a,SUBSET
PD_2,NONE,"{""pd_incharge"": ""PD_0""}",BLOCK_a_15f,HOLD
BLOCK_a_160,NONE,"{""pd_incharge"": ""PD_0""}",BLOCK_SPACE_a,SUBSET
PD_2,NONE,"{""pd_incharge"": ""PD_0""}",BLOCK_a_160,HOLD
BLOCK_a_161,NONE,"{""pd_incharge"": ""PD_0""}",BLOCK_SPACE_a,SUBSET
PD_2,NONE,"{""pd_incharge"": ""PD_0""}",BLOCK_a_161,HOLD
BLOCK_a_162,NONE,"{""pd_incharge"": ""PD_0""}",BLOCK_SPACE_a,SUBSET
PD_2,NONE,"{""pd_incharge"": ""PD_0""}",BLOCK_a_162,HOLD
BLOCK_a_163,NONE,"{""pd_incharge"": ""PD_0""}",BLOCK_SPACE_a,SUBSET
PD_2,NONE,"{""pd_incharge"": ""PD_0""}",BLOCK_a_163,HOLD
BLOCK_a_164,NONE,"{""pd_incharge"": ""PD_0""}",BLOCK_SPACE_a,SUBSET
PD_2,NONE,"{""pd_incharge"": ""PD_0""}",BLOCK_a_164,HOLD
BLOCK_a_165,NONE,"{""pd_incharge"": ""PD_0""}",BLOCK_SPACE_a,SUBSET
PD_2,NONE,"{""pd_incharge"": ""PD_0""}",BLOCK_a_165,HOLD
BLOCK_a_166,NONE,"{""pd_incharge"": ""PD_0""}",BLOCK_SPACE_a,SUBSET
PD_2,NONE,"{""pd_incharge"": ""PD_0""}",BLOCK_a_166,HOLD
BLOCK_a_167,NONE,"{""pd_incharge"": ""PD_0""}",BLOCK_SPACE_a,SUBSET
PD_2,NONE,"{""pd_incharge"": ""PD_0""}",BLOCK_a_167,HOLD
BLOCK_a_168,NONE,"{""pd_incharge"": ""PD_0""}",BLOCK_SPACE_a,SUBSET
PD_2,NONE,"{""pd_incharge"": ""PD_0""}",BLOCK_a_168,HOLD
BLOCK_a_169,NONE,"{""pd_incharge"": ""PD_0""}",BLOCK_SPACE_a,SUBSET
PD_2,NONE,"{""pd_incharge"": ""PD_0""}",BLOCK_a_169,HOLD
BLOCK_a_16a,NONE,"{""pd_incharge"": ""PD_0""}",BLOCK_SPACE_a,SUBSET
PD_2,NONE,"{""pd_incharge"": ""PD_0""}",BLOCK_a_16a,HOLD
BLOCK_a_16b,NONE,"{""pd_incharge"": ""PD_0""}",BLOCK_SPACE_a,SUBSET
PD_2,NONE,"{""pd_incharge"": ""PD_0""}",BLOCK_a_16b,HOLD
BLOCK_a_16c,NONE,"{""pd_incharge"": ""PD_0""}",BLOCK_SPACE_a,SUBSET
PD_2,NONE,"{""pd_incharge"": ""PD_0""}",BLOCK_a_16c,HOLD
BLOCK_a_16d,NONE,"{""pd_incharge"": ""PD_0""}",BLOCK_SPACE_a,SUBSET
PD_2,NONE,"{""pd_incharge"": ""PD_0""}",BLOCK_a_16d,HOLD
BLOCK_a_16e,NONE,"{""pd_incharge"": ""PD_0""}",BLOCK_SPACE_a,SUBSET
PD_2,NONE,"{""pd_incharge"": ""PD_0""}",BLOCK_a_16e,HOLD
BLOCK_a_16f,NONE,"{""pd_incharge"": ""PD_0""}",BLOCK_SPACE_a,SUBSET
PD_2,NONE,"{""pd_incharge"": ""PD_0""}",BLOCK_a_16f,HOLD
BLOCK_a_170,NONE,"{""pd_incharge"": ""PD_0""}",BLOCK_SPACE_a,SUBSET
PD_2,NONE,"{""pd_incharge"": ""PD_0""}",BLOCK_a_170,HOLD
BLOCK_a_171,NONE,"{""pd_incharge"": ""PD_0""}",BLOCK_SPACE_a,SUBSET
PD_2,NONE,"{""pd_incharge"": ""PD_0""}",BLOCK_a_171,HOLD
BLOCK_a_172,NONE,"{""pd_incharge"": ""PD_0""}",BLOCK_SPACE_a,SUBSET
PD_2,NONE,"{""pd_incharge"": ""PD_0""}",BLOCK_a_172,HOLD
BLOCK_a_173,NONE,"{""pd_incharge"": ""PD_0""}",BLOCK_SPACE_a,SUBSET
PD_2,NONE,"{""pd_incharge"": ""PD_0""}",BLOCK_a_173,HOLD
BLOCK_a_174,NONE,"{""pd_incharge"": ""PD_0""}",BLOCK_SPACE_a,SUBSET
PD_2,NONE,"{""pd_incharge"": ""PD_0""}",BLOCK_a_174,HOLD
BLOCK_a_175,NONE,"{""pd_incharge"": ""PD_0""}",BLOCK_SPACE_a,SUBSET
PD_2,NONE,"{""pd_incharge"": ""PD_0""}",BLOCK_a_175,HOLD
BLOCK_a_176,NONE,"{""pd_incharge"": ""PD_0""}",BLOCK_SPACE_a,SUBSET
PD_2,NONE,"{""pd_incharge"": ""PD_0""}",BLOCK_a_176,HOLD
BLOCK_a_177,NONE,"{""pd_incharge"": ""PD_0""}",BLOCK_SPACE_a,SUBSET
PD_2,NONE,"{""pd_incharge"": ""PD_0""}",BLOCK_a_177,HOLD
BLOCK_a_178,NONE,"{""pd_incharge"": ""PD_0""}",BLOCK_SPACE_a,SUBSET
PD_2,NONE,"{""pd_incharge"": ""PD_0""}",BLOCK_a_178,HOLD
BLOCK_a_179,NONE,"{""pd_incharge"": ""PD_0""}",BLOCK_SPACE_a,SUBSET
PD_2,NONE,"{""pd_incharge"": ""PD_0""}",BLOCK_a_179,HOLD
BLOCK_a_17a,NONE,"{""pd_incharge"": ""PD_0""}",BLOCK_SPACE_a,SUBSET
PD_2,NONE,"{""pd_incharge"": ""PD_0""}",BLOCK_a_17a,HOLD
BLOCK_a_17b,NONE,"{""pd_incharge"": ""PD_0""}",BLOCK_SPACE_a,SUBSET
PD_2,NONE,"{""pd_incharge"": ""PD_0""}",BLOCK_a_17b,HOLD
BLOCK_a_17c,NONE,"{""pd_incharge"": ""PD_0""}",BLOCK_SPACE_a,SUBSET
PD_2,NONE,"{""pd_incharge"": ""PD_0""}",BLOCK_a_17c,HOLD
BLOCK_a_17d,NONE,"{""pd_incharge"": ""PD_0""}",BLOCK_SPACE_a,SUBSET
PD_2,NONE,"{""pd_incharge"": ""PD_0""}",BLOCK_a_17d,HOLD
BLOCK_a_17e,NONE,"{""pd_incharge"": ""PD_0""}",BLOCK_SPACE_a,SUBSET
PD_2,NONE,"{""pd_incharge"": ""PD_0""}",BLOCK_a_17e,HOLD
BLOCK_a_17f,NONE,"{""pd_incharge"": ""PD_0""}",BLOCK_SPACE_a,SUBSET
PD_2,NONE,"{""pd_incharge"": ""PD_0""}",BLOCK_a_17f,HOLD
BLOCK_a_180,NONE,"{""pd_incharge"": ""PD_0""}",BLOCK_SPACE_a,SUBSET
PD_2,NONE,"{""pd_incharge"": ""PD_0""}",BLOCK_a_180,HOLD
BLOCK_a_181,NONE,"{""pd_incharge"": ""PD_0""}",BLOCK_SPACE_a,SUBSET
PD_2,NONE,"{""pd_incharge"": ""PD_0""}",BLOCK_a_181,HOLD
BLOCK_a_182,NONE,"{""pd_incharge"": ""PD_0""}",BLOCK_SPACE_a,SUBSET
PD_2,NONE,"{""pd_incharge"": ""PD_0""}",BLOCK_a_182,HOLD
BLOCK_a_183,NONE,"{""pd_incharge"": ""PD_0""}",BLOCK_SPACE_a,SUBSET
PD_2,NONE,"{""pd_incharge"": ""PD_0""}",BLOCK_a_183,HOLD
BLOCK_a_184,NONE,"{""pd_incharge"": ""PD_0""}",BLOCK_SPACE_a,SUBSET
PD_2,NONE,"{""pd_incharge"": ""PD_0""}",BLOCK_a_184,HOLD
BLOCK_a_185,NONE,"{""pd_incharge"": ""PD_0""}",BLOCK_SPACE_a,SUBSET
PD_2,NONE,"{""pd_incharge"": ""PD_0""}",BLOCK_a_185,HOLD
BLOCK_a_186,NONE,"{""pd_incharge"": ""PD_0""}",BLOCK_SPACE_a,SUBSET
PD_2,NONE,"{""pd_incharge"": ""PD_0""}",BLOCK_a_186,HOLD
BLOCK_a_187,NONE,"{""pd_incharge"": ""PD_0""}",BLOCK_SPACE_a,SUBSET
PD_2,NONE,"{""pd_incharge"": ""PD_0""}",BLOCK_a_187,HOLD
BLOCK_a_188,NONE,"{""pd_incharge"": ""PD_0""}",BLOCK_SPACE_a,SUBSET
PD_2,NONE,"{""pd_incharge"": ""PD_0""}",BLOCK_a_188,HOLD
BLOCK_a_189,NONE,"{""pd_incharge"": ""PD_0""}",BLOCK_SPACE_a,SUBSET
PD_2,NONE,"{""pd_incharge"": ""PD_0""}",BLOCK_a_189,HOLD
BLOCK_a_18a,NONE,"{""pd_incharge"": ""PD_0""}",BLOCK_SPACE_a,SUBSET
PD_2,NONE,"{""pd_incharge"": ""PD_0""}",BLOCK_a_18a,HOLD
BLOCK_a_18b,NONE,"{""pd_incharge"": ""PD_0""}",BLOCK_SPACE_a,SUBSET
PD_2,NONE,"{""pd_incharge"": ""PD_0""}",BLOCK_a_18b,HOLD
BLOCK_a_18c,NONE,"{""pd_incharge"": ""PD_0""}",BLOCK_SPACE_a,SUBSET
PD_2,NONE,"{""pd_incharge"": ""PD_0""}",BLOCK_a_18c,HOLD
BLOCK_a_18d,NONE,"{""pd_incharge"": ""PD_0""}",BLOCK_SPACE_a,SUBSET
PD_2,NONE,"{""pd_incharge"": ""PD_0""}",BLOCK_a_18d,HOLD
BLOCK_a_18e,NONE,"{""pd_incharge"": ""PD_0""}",BLOCK_SPACE_a,SUBSET
PD_2,NONE,"{""pd_incharge"": ""PD_0""}",BLOCK_a_18e,HOLD
BLOCK_a_18f,NONE,"{""pd_incharge"": ""PD_0""}",BLOCK_SPACE_a,SUBSET
PD_2,NONE,"{""pd_incharge"": ""PD_0""}",BLOCK_a_18f,HOLD
BLOCK_a_190,NONE,"{""pd_incharge"": ""PD_0""}",BLOCK_SPACE_a,SUBSET
PD_2,NONE,"{""pd_incharge"": ""PD_0""}",BLOCK_a_190,HOLD
BLOCK_a_191,NONE,"{""pd_incharge"": ""PD_0""}",BLOCK_SPACE_a,SUBSET
PD_2,NONE,"{""pd_incharge"": ""PD_0""}",BLOCK_a_191,HOLD
BLOCK_a_192,NONE,"{""pd_incharge"": ""PD_0""}",BLOCK_SPACE_a,SUBSET
PD_2,NONE,"{""pd_incharge"": ""PD_0""}",BLOCK_a_192,HOLD
BLOCK_a_193,NONE,"{""pd_incharge"": ""PD_0""}",BLOCK_SPACE_a,SUBSET
PD_2,NONE,"{""pd_incharge"": ""PD_0""}",BLOCK_a_193,HOLD
BLOCK_a_194,NONE,"{""pd_incharge"": ""PD_0""}",BLOCK_SPACE_a,SUBSET
PD_2,NONE,"{""pd_incharge"": ""PD_0""}",BLOCK_a_194,HOLD
BLOCK_a_195,NONE,"{""pd_incharge"": ""PD_0""}",BLOCK_SPACE_a,SUBSET
PD_2,NONE,"{""pd_incharge"": ""PD_0""}",BLOCK_a_195,HOLD
BLOCK_a_196,NONE,"{""pd_incharge"": ""PD_0""}",BLOCK_SPACE_a,SUBSET
PD_2,NONE,"{""pd_incharge"": ""PD_0""}",BLOCK_a_196,HOLD
BLOCK_a_197,NONE,"{""pd_incharge"": ""PD_0""}",BLOCK_SPACE_a,SUBSET
PD_2,NONE,"{""pd_incharge"": ""PD_0""}",BLOCK_a_197,HOLD
BLOCK_a_198,NONE,"{""pd_incharge"": ""PD_0""}",BLOCK_SPACE_a,SUBSET
PD_2,NONE,"{""pd_incharge"": ""PD_0""}",BLOCK_a_198,HOLD
BLOCK_a_199,NONE,"{""pd_incharge"": ""PD_0""}",BLOCK_SPACE_a,SUBSET
PD_2,NONE,"{""pd_incharge"": ""PD_0""}",BLOCK_a_199,HOLD
BLOCK_a_19a,NONE,"{""pd_incharge"": ""PD_0""}",BLOCK_SPACE_a,SUBSET
PD_2,NONE,"{""pd_incharge"": ""PD_0""}",BLOCK_a_19a,HOLD
BLOCK_a_19b,NONE,"{""pd_incharge"": ""PD_0""}",BLOCK_SPACE_a,SUBSET
PD_2,NONE,"{""pd_incharge"": ""PD_0""}",BLOCK_a_19b,HOLD
BLOCK_a_19c,NONE,"{""pd_incharge"": ""PD_0""}",BLOCK_SPACE_a,SUBSET
PD_2,NONE,"{""pd_incharge"": ""PD_0""}",BLOCK_a_19c,HOLD
BLOCK_a_19d,NONE,"{""pd_incharge"": ""PD_0""}",BLOCK_SPACE_a,SUBSET
PD_2,NONE,"{""pd_incharge"": ""PD_0""}",BLOCK_a_19d,HOLD
BLOCK_a_19e,NONE,"{""pd_incharge"": ""PD_0""}",BLOCK_SPACE_a,SUBSET
PD_2,NONE,"{""pd_incharge"": ""PD_0""}",BLOCK_a_19e,HOLD
BLOCK_a_19f,NONE,"{""pd_incharge"": ""PD_0""}",BLOCK_SPACE_a,SUBSET
PD_2,NONE,"{""pd_incharge"": ""PD_0""}",BLOCK_a_19f,HOLD
BLOCK_a_1a0,NONE,"{""pd_incharge"": ""PD_0""}",BLOCK_SPACE_a,SUBSET
PD_2,NONE,"{""pd_incharge"": ""PD_0""}",BLOCK_a_1a0,HOLD
BLOCK_a_1a1,NONE,"{""pd_incharge"": ""PD_0""}",BLOCK_SPACE_a,SUBSET
PD_2,NONE,"{""pd_incharge"": ""PD_0""}",BLOCK_a_1a1,HOLD
BLOCK_a_1a2,NONE,"{""pd_incharge"": ""PD_0""}",BLOCK_SPACE_a,SUBSET
PD_2,NONE,"{""pd_incharge"": ""PD_0""}",BLOCK_a_1a2,HOLD
BLOCK_a_1a3,NONE,"{""pd_incharge"": ""PD_0""}",BLOCK_SPACE_a,SUBSET
PD_2,NONE,"{""pd_incharge"": ""PD_0""}",BLOCK_a_1a3,HOLD
BLOCK_a_1a4,NONE,"{""pd_incharge"": ""PD_0""}",BLOCK_SPACE_a,SUBSET
PD_2,NONE,"{""pd_incharge"": ""PD_0""}",BLOCK_a_1a4,HOLD
BLOCK_a_1a5,NONE,"{""pd_incharge"": ""PD_0""}",BLOCK_SPACE_a,SUBSET
PD_2,NONE,"{""pd_incharge"": ""PD_0""}",BLOCK_a_1a5,HOLD
BLOCK_a_1a6,NONE,"{""pd_incharge"": ""PD_0""}",BLOCK_SPACE_a,SUBSET
PD_2,NONE,"{""pd_incharge"": ""PD_0""}",BLOCK_a_1a6,HOLD
BLOCK_a_1a7,NONE,"{""pd_incharge"": ""PD_0""}",BLOCK_SPACE_a,SUBSET
PD_2,NONE,"{""pd_incharge"": ""PD_0""}",BLOCK_a_1a7,HOLD
BLOCK_a_1a8,NONE,"{""pd_incharge"": ""PD_0""}",BLOCK_SPACE_a,SUBSET
PD_2,NONE,"{""pd_incharge"": ""PD_0""}",BLOCK_a_1a8,HOLD
BLOCK_a_1a9,NONE,"{""pd_incharge"": ""PD_0""}",BLOCK_SPACE_a,SUBSET
PD_2,NONE,"{""pd_incharge"": ""PD_0""}",BLOCK_a_1a9,HOLD
BLOCK_a_1aa,NONE,"{""pd_incharge"": ""PD_0""}",BLOCK_SPACE_a,SUBSET
PD_2,NONE,"{""pd_incharge"": ""PD_0""}",BLOCK_a_1aa,HOLD
BLOCK_a_1ab,NONE,"{""pd_incharge"": ""PD_0""}",BLOCK_SPACE_a,SUBSET
PD_2,NONE,"{""pd_incharge"": ""PD_0""}",BLOCK_a_1ab,HOLD
BLOCK_a_1ac,NONE,"{""pd_incharge"": ""PD_0""}",BLOCK_SPACE_a,SUBSET
PD_2,NONE,"{""pd_incharge"": ""PD_0""}",BLOCK_a_1ac,HOLD
BLOCK_a_1ad,NONE,"{""pd_incharge"": ""PD_0""}",BLOCK_SPACE_a,SUBSET
PD_2,NONE,"{""pd_incharge"": ""PD_0""}",BLOCK_a_1ad,HOLD
BLOCK_a_1ae,NONE,"{""pd_incharge"": ""PD_0""}",BLOCK_SPACE_a,SUBSET
PD_2,NONE,"{""pd_incharge"": ""PD_0""}",BLOCK_a_1ae,HOLD
BLOCK_a_1af,NONE,"{""pd_incharge"": ""PD_0""}",BLOCK_SPACE_a,SUBSET
PD_2,NONE,"{""pd_incharge"": ""PD_0""}",BLOCK_a_1af,HOLD
BLOCK_a_1b0,NONE,"{""pd_incharge"": ""PD_0""}",BLOCK_SPACE_a,SUBSET
PD_2,NONE,"{""pd_incharge"": ""PD_0""}",BLOCK_a_1b0,HOLD
BLOCK_a_1b1,NONE,"{""pd_incharge"": ""PD_0""}",BLOCK_SPACE_a,SUBSET
PD_2,NONE,"{""pd_incharge"": ""PD_0""}",BLOCK_a_1b1,HOLD
BLOCK_a_1b2,NONE,"{""pd_incharge"": ""PD_0""}",BLOCK_SPACE_a,SUBSET
PD_2,NONE,"{""pd_incharge"": ""PD_0""}",BLOCK_a_1b2,HOLD
BLOCK_a_1b3,NONE,"{""pd_incharge"": ""PD_0""}",BLOCK_SPACE_a,SUBSET
PD_2,NONE,"{""pd_incharge"": ""PD_0""}",BLOCK_a_1b3,HOLD
BLOCK_a_1b4,NONE,"{""pd_incharge"": ""PD_0""}",BLOCK_SPACE_a,SUBSET
PD_2,NONE,"{""pd_incharge"": ""PD_0""}",BLOCK_a_1b4,HOLD
BLOCK_a_1b5,NONE,"{""pd_incharge"": ""PD_0""}",BLOCK_SPACE_a,SUBSET
PD_2,NONE,"{""pd_incharge"": ""PD_0""}",BLOCK_a_1b5,HOLD
BLOCK_a_1b6,NONE,"{""pd_incharge"": ""PD_0""}",BLOCK_SPACE_a,SUBSET
PD_2,NONE,"{""pd_incharge"": ""PD_0""}",BLOCK_a_1b6,HOLD
BLOCK_a_1b7,NONE,"{""pd_incharge"": ""PD_0""}",BLOCK_SPACE_a,SUBSET
PD_2,NONE,"{""pd_incharge"": ""PD_0""}",BLOCK_a_1b7,HOLD
BLOCK_a_1b8,NONE,"{""pd_incharge"": ""PD_0""}",BLOCK_SPACE_a,SUBSET
PD_2,NONE,"{""pd_incharge"": ""PD_0""}",BLOCK_a_1b8,HOLD
BLOCK_a_1b9,NONE,"{""pd_incharge"": ""PD_0""}",BLOCK_SPACE_a,SUBSET
PD_2,NONE,"{""pd_incharge"": ""PD_0""}",BLOCK_a_1b9,HOLD
BLOCK_a_1ba,NONE,"{""pd_incharge"": ""PD_0""}",BLOCK_SPACE_a,SUBSET
PD_2,NONE,"{""pd_incharge"": ""PD_0""}",BLOCK_a_1ba,HOLD
BLOCK_a_1bb,NONE,"{""pd_incharge"": ""PD_0""}",BLOCK_SPACE_a,SUBSET
PD_2,NONE,"{""pd_incharge"": ""PD_0""}",BLOCK_a_1bb,HOLD
BLOCK_a_1bc,NONE,"{""pd_incharge"": ""PD_0""}",BLOCK_SPACE_a,SUBSET
PD_2,NONE,"{""pd_incharge"": ""PD_0""}",BLOCK_a_1bc,HOLD
BLOCK_a_1bd,NONE,"{""pd_incharge"": ""PD_0""}",BLOCK_SPACE_a,SUBSET
PD_2,NONE,"{""pd_incharge"": ""PD_0""}",BLOCK_a_1bd,HOLD
BLOCK_a_1be,NONE,"{""pd_incharge"": ""PD_0""}",BLOCK_SPACE_a,SUBSET
PD_2,NONE,"{""pd_incharge"": ""PD_0""}",BLOCK_a_1be,HOLD
BLOCK_a_1bf,NONE,"{""pd_incharge"": ""PD_0""}",BLOCK_SPACE_a,SUBSET
PD_2,NONE,"{""pd_incharge"": ""PD_0""}",BLOCK_a_1bf,HOLD
BLOCK_a_1c0,NONE,"{""pd_incharge"": ""PD_0""}",BLOCK_SPACE_a,SUBSET
PD_2,NONE,"{""pd_incharge"": ""PD_0""}",BLOCK_a_1c0,HOLD
BLOCK_a_1c1,NONE,"{""pd_incharge"": ""PD_0""}",BLOCK_SPACE_a,SUBSET
PD_2,NONE,"{""pd_incharge"": ""PD_0""}",BLOCK_a_1c1,HOLD
BLOCK_a_1c2,NONE,"{""pd_incharge"": ""PD_0""}",BLOCK_SPACE_a,SUBSET
PD_2,NONE,"{""pd_incharge"": ""PD_0""}",BLOCK_a_1c2,HOLD
BLOCK_a_1c3,NONE,"{""pd_incharge"": ""PD_0""}",BLOCK_SPACE_a,SUBSET
PD_2,NONE,"{""pd_incharge"": ""PD_0""}",BLOCK_a_1c3,HOLD
BLOCK_a_1c4,NONE,"{""pd_incharge"": ""PD_0""}",BLOCK_SPACE_a,SUBSET
PD_2,NONE,"{""pd_incharge"": ""PD_0""}",BLOCK_a_1c4,HOLD
BLOCK_a_1c5,NONE,"{""pd_incharge"": ""PD_0""}",BLOCK_SPACE_a,SUBSET
PD_2,NONE,"{""pd_incharge"": ""PD_0""}",BLOCK_a_1c5,HOLD
BLOCK_a_1c6,NONE,"{""pd_incharge"": ""PD_0""}",BLOCK_SPACE_a,SUBSET
PD_2,NONE,"{""pd_incharge"": ""PD_0""}",BLOCK_a_1c6,HOLD
BLOCK_a_1c7,NONE,"{""pd_incharge"": ""PD_0""}",BLOCK_SPACE_a,SUBSET
PD_2,NONE,"{""pd_incharge"": ""PD_0""}",BLOCK_a_1c7,HOLD
BLOCK_a_1c8,NONE,"{""pd_incharge"": ""PD_0""}",BLOCK_SPACE_a,SUBSET
PD_2,NONE,"{""pd_incharge"": ""PD_0""}",BLOCK_a_1c8,HOLD
BLOCK_a_1c9,NONE,"{""pd_incharge"": ""PD_0""}",BLOCK_SPACE_a,SUBSET
PD_2,NONE,"{""pd_incharge"": ""PD_0""}",BLOCK_a_1c9,HOLD
BLOCK_a_1ca,NONE,"{""pd_incharge"": ""PD_0""}",BLOCK_SPACE_a,SUBSET
PD_2,NONE,"{""pd_incharge"": ""PD_0""}",BLOCK_a_1ca,HOLD
BLOCK_a_1cb,NONE,"{""pd_incharge"": ""PD_0""}",BLOCK_SPACE_a,SUBSET
PD_2,NONE,"{""pd_incharge"": ""PD_0""}",BLOCK_a_1cb,HOLD
BLOCK_a_1cc,NONE,"{""pd_incharge"": ""PD_0""}",BLOCK_SPACE_a,SUBSET
PD_2,NONE,"{""pd_incharge"": ""PD_0""}",BLOCK_a_1cc,HOLD
BLOCK_a_1cd,NONE,"{""pd_incharge"": ""PD_0""}",BLOCK_SPACE_a,SUBSET
PD_2,NONE,"{""pd_incharge"": ""PD_0""}",BLOCK_a_1cd,HOLD
BLOCK_a_1ce,NONE,"{""pd_incharge"": ""PD_0""}",BLOCK_SPACE_a,SUBSET
PD_2,NONE,"{""pd_incharge"": ""PD_0""}",BLOCK_a_1ce,HOLD
BLOCK_a_1cf,NONE,"{""pd_incharge"": ""PD_0""}",BLOCK_SPACE_a,SUBSET
PD_2,NONE,"{""pd_incharge"": ""PD_0""}",BLOCK_a_1cf,HOLD
BLOCK_a_1d0,NONE,"{""pd_incharge"": ""PD_0""}",BLOCK_SPACE_a,SUBSET
PD_2,NONE,"{""pd_incharge"": ""PD_0""}",BLOCK_a_1d0,HOLD
BLOCK_a_1d1,NONE,"{""pd_incharge"": ""PD_0""}",BLOCK_SPACE_a,SUBSET
PD_2,NONE,"{""pd_incharge"": ""PD_0""}",BLOCK_a_1d1,HOLD
BLOCK_a_1d2,NONE,"{""pd_incharge"": ""PD_0""}",BLOCK_SPACE_a,SUBSET
PD_2,NONE,"{""pd_incharge"": ""PD_0""}",BLOCK_a_1d2,HOLD
BLOCK_a_1d3,NONE,"{""pd_incharge"": ""PD_0""}",BLOCK_SPACE_a,SUBSET
PD_2,NONE,"{""pd_incharge"": ""PD_0""}",BLOCK_a_1d3,HOLD
BLOCK_a_1d4,NONE,"{""pd_incharge"": ""PD_0""}",BLOCK_SPACE_a,SUBSET
PD_2,NONE,"{""pd_incharge"": ""PD_0""}",BLOCK_a_1d4,HOLD
BLOCK_a_1d5,NONE,"{""pd_incharge"": ""PD_0""}",BLOCK_SPACE_a,SUBSET
PD_2,NONE,"{""pd_incharge"": ""PD_0""}",BLOCK_a_1d5,HOLD
BLOCK_a_1d6,NONE,"{""pd_incharge"": ""PD_0""}",BLOCK_SPACE_a,SUBSET
PD_2,NONE,"{""pd_incharge"": ""PD_0""}",BLOCK_a_1d6,HOLD
BLOCK_a_1d7,NONE,"{""pd_incharge"": ""PD_0""}",BLOCK_SPACE_a,SUBSET
PD_2,NONE,"{""pd_incharge"": ""PD_0""}",BLOCK_a_1d7,HOLD
BLOCK_a_1d8,NONE,"{""pd_incharge"": ""PD_0""}",BLOCK_SPACE_a,SUBSET
PD_2,NONE,"{""pd_incharge"": ""PD_0""}",BLOCK_a_1d8,HOLD
BLOCK_a_1d9,NONE,"{""pd_incharge"": ""PD_0""}",BLOCK_SPACE_a,SUBSET
PD_2,NONE,"{""pd_incharge"": ""PD_0""}",BLOCK_a_1d9,HOLD
BLOCK_a_1da,NONE,"{""pd_incharge"": ""PD_0""}",BLOCK_SPACE_a,SUBSET
PD_2,NONE,"{""pd_incharge"": ""PD_0""}",BLOCK_a_1da,HOLD
BLOCK_a_1db,NONE,"{""pd_incharge"": ""PD_0""}",BLOCK_SPACE_a,SUBSET
PD_2,NONE,"{""pd_incharge"": ""PD_0""}",BLOCK_a_1db,HOLD
BLOCK_a_1dc,NONE,"{""pd_incharge"": ""PD_0""}",BLOCK_SPACE_a,SUBSET
PD_2,NONE,"{""pd_incharge"": ""PD_0""}",BLOCK_a_1dc,HOLD
BLOCK_a_1dd,NONE,"{""pd_incharge"": ""PD_0""}",BLOCK_SPACE_a,SUBSET
PD_2,NONE,"{""pd_incharge"": ""PD_0""}",BLOCK_a_1dd,HOLD
BLOCK_a_1de,NONE,"{""pd_incharge"": ""PD_0""}",BLOCK_SPACE_a,SUBSET
PD_2,NONE,"{""pd_incharge"": ""PD_0""}",BLOCK_a_1de,HOLD
BLOCK_a_1df,NONE,"{""pd_incharge"": ""PD_0""}",BLOCK_SPACE_a,SUBSET
PD_2,NONE,"{""pd_incharge"": ""PD_0""}",BLOCK_a_1df,HOLD
BLOCK_a_1e0,NONE,"{""pd_incharge"": ""PD_0""}",BLOCK_SPACE_a,SUBSET
PD_2,NONE,"{""pd_incharge"": ""PD_0""}",BLOCK_a_1e0,HOLD
BLOCK_a_1e1,NONE,"{""pd_incharge"": ""PD_0""}",BLOCK_SPACE_a,SUBSET
PD_2,NONE,"{""pd_incharge"": ""PD_0""}",BLOCK_a_1e1,HOLD
BLOCK_a_1e2,NONE,"{""pd_incharge"": ""PD_0""}",BLOCK_SPACE_a,SUBSET
PD_2,NONE,"{""pd_incharge"": ""PD_0""}",BLOCK_a_1e2,HOLD
BLOCK_a_1e3,NONE,"{""pd_incharge"": ""PD_0""}",BLOCK_SPACE_a,SUBSET
PD_2,NONE,"{""pd_incharge"": ""PD_0""}",BLOCK_a_1e3,HOLD
BLOCK_a_1e4,NONE,"{""pd_incharge"": ""PD_0""}",BLOCK_SPACE_a,SUBSET
PD_2,NONE,"{""pd_incharge"": ""PD_0""}",BLOCK_a_1e4,HOLD
BLOCK_a_1e5,NONE,"{""pd_incharge"": ""PD_0""}",BLOCK_SPACE_a,SUBSET
PD_2,NONE,"{""pd_incharge"": ""PD_0""}",BLOCK_a_1e5,HOLD
BLOCK_a_1e6,NONE,"{""pd_incharge"": ""PD_0""}",BLOCK_SPACE_a,SUBSET
PD_2,NONE,"{""pd_incharge"": ""PD_0""}",BLOCK_a_1e6,HOLD
BLOCK_a_1e7,NONE,"{""pd_incharge"": ""PD_0""}",BLOCK_SPACE_a,SUBSET
PD_2,NONE,"{""pd_incharge"": ""PD_0""}",BLOCK_a_1e7,HOLD
BLOCK_a_1e8,NONE,"{""pd_incharge"": ""PD_0""}",BLOCK_SPACE_a,SUBSET
PD_2,NONE,"{""pd_incharge"": ""PD_0""}",BLOCK_a_1e8,HOLD
BLOCK_a_1e9,NONE,"{""pd_incharge"": ""PD_0""}",BLOCK_SPACE_a,SUBSET
PD_2,NONE,"{""pd_incharge"": ""PD_0""}",BLOCK_a_1e9,HOLD
BLOCK_a_1ea,NONE,"{""pd_incharge"": ""PD_0""}",BLOCK_SPACE_a,SUBSET
PD_2,NONE,"{""pd_incharge"": ""PD_0""}",BLOCK_a_1ea,HOLD
BLOCK_a_1eb,NONE,"{""pd_incharge"": ""PD_0""}",BLOCK_SPACE_a,SUBSET
PD_2,NONE,"{""pd_incharge"": ""PD_0""}",BLOCK_a_1eb,HOLD
BLOCK_a_1ec,NONE,"{""pd_incharge"": ""PD_0""}",BLOCK_SPACE_a,SUBSET
PD_2,NONE,"{""pd_incharge"": ""PD_0""}",BLOCK_a_1ec,HOLD
BLOCK_a_1ed,NONE,"{""pd_incharge"": ""PD_0""}",BLOCK_SPACE_a,SUBSET
PD_2,NONE,"{""pd_incharge"": ""PD_0""}",BLOCK_a_1ed,HOLD
BLOCK_a_1ee,NONE,"{""pd_incharge"": ""PD_0""}",BLOCK_SPACE_a,SUBSET
PD_2,NONE,"{""pd_incharge"": ""PD_0""}",BLOCK_a_1ee,HOLD
BLOCK_a_1ef,NONE,"{""pd_incharge"": ""PD_0""}",BLOCK_SPACE_a,SUBSET
PD_2,NONE,"{""pd_incharge"": ""PD_0""}",BLOCK_a_1ef,HOLD
BLOCK_a_1f0,NONE,"{""pd_incharge"": ""PD_0""}",BLOCK_SPACE_a,SUBSET
PD_2,NONE,"{""pd_incharge"": ""PD_0""}",BLOCK_a_1f0,HOLD
BLOCK_a_1f1,NONE,"{""pd_incharge"": ""PD_0""}",BLOCK_SPACE_a,SUBSET
PD_2,NONE,"{""pd_incharge"": ""PD_0""}",BLOCK_a_1f1,HOLD
BLOCK_a_1f2,NONE,"{""pd_incharge"": ""PD_0""}",BLOCK_SPACE_a,SUBSET
PD_2,NONE,"{""pd_incharge"": ""PD_0""}",BLOCK_a_1f2,HOLD
BLOCK_a_1f3,NONE,"{""pd_incharge"": ""PD_0""}",BLOCK_SPACE_a,SUBSET
PD_2,NONE,"{""pd_incharge"": ""PD_0""}",BLOCK_a_1f3,HOLD
BLOCK_a_1f4,NONE,"{""pd_incharge"": ""PD_0""}",BLOCK_SPACE_a,SUBSET
PD_2,NONE,"{""pd_incharge"": ""PD_0""}",BLOCK_a_1f4,HOLD
BLOCK_a_1f5,NONE,"{""pd_incharge"": ""PD_0""}",BLOCK_SPACE_a,SUBSET
PD_2,NONE,"{""pd_incharge"": ""PD_0""}",BLOCK_a_1f5,HOLD
BLOCK_a_1f6,NONE,"{""pd_incharge"": ""PD_0""}",BLOCK_SPACE_a,SUBSET
PD_2,NONE,"{""pd_incharge"": ""PD_0""}",BLOCK_a_1f6,HOLD
BLOCK_a_1f7,NONE,"{""pd_incharge"": ""PD_0""}",BLOCK_SPACE_a,SUBSET
PD_2,NONE,"{""pd_incharge"": ""PD_0""}",BLOCK_a_1f7,HOLD
BLOCK_a_1f8,NONE,"{""pd_incharge"": ""PD_0""}",BLOCK_SPACE_a,SUBSET
PD_2,NONE,"{""pd_incharge"": ""PD_0""}",BLOCK_a_1f8,HOLD
BLOCK_a_1f9,NONE,"{""pd_incharge"": ""PD_0""}",BLOCK_SPACE_a,SUBSET
PD_2,NONE,"{""pd_incharge"": ""PD_0""}",BLOCK_a_1f9,HOLD
BLOCK_a_1fa,NONE,"{""pd_incharge"": ""PD_0""}",BLOCK_SPACE_a,SUBSET
PD_2,NONE,"{""pd_incharge"": ""PD_0""}",BLOCK_a_1fa,HOLD
BLOCK_a_1fb,NONE,"{""pd_incharge"": ""PD_0""}",BLOCK_SPACE_a,SUBSET
PD_2,NONE,"{""pd_incharge"": ""PD_0""}",BLOCK_a_1fb,HOLD
BLOCK_a_1fc,NONE,"{""pd_incharge"": ""PD_0""}",BLOCK_SPACE_a,SUBSET
PD_2,NONE,"{""pd_incharge"": ""PD_0""}",BLOCK_a_1fc,HOLD
BLOCK_a_1fd,NONE,"{""pd_incharge"": ""PD_0""}",BLOCK_SPACE_a,SUBSET
PD_2,NONE,"{""pd_incharge"": ""PD_0""}",BLOCK_a_1fd,HOLD
BLOCK_a_1fe,NONE,"{""pd_incharge"": ""PD_0""}",BLOCK_SPACE_a,SUBSET
PD_2,NONE,"{""pd_incharge"": ""PD_0""}",BLOCK_a_1fe,HOLD
BLOCK_a_1ff,NONE,"{""pd_incharge"": ""PD_0""}",BLOCK_SPACE_a,SUBSET
PD_2,NONE,"{""pd_incharge"": ""PD_0""}",BLOCK_a_1ff,HOLD
BLOCK_a_200,NONE,"{""pd_incharge"": ""PD_0""}",BLOCK_SPACE_a,SUBSET
PD_2,NONE,"{""pd_incharge"": ""PD_0""}",BLOCK_a_200,HOLD
BLOCK_a_201,NONE,"{""pd_incharge"": ""PD_0""}",BLOCK_SPACE_a,SUBSET
PD_2,NONE,"{""pd_incharge"": ""PD_0""}",BLOCK_a_201,HOLD
BLOCK_a_202,NONE,"{""pd_incharge"": ""PD_0""}",BLOCK_SPACE_a,SUBSET
PD_2,NONE,"{""pd_incharge"": ""PD_0""}",BLOCK_a_202,HOLD
BLOCK_a_203,NONE,"{""pd_incharge"": ""PD_0""}",BLOCK_SPACE_a,SUBSET
PD_2,NONE,"{""pd_incharge"": ""PD_0""}",BLOCK_a_203,HOLD
BLOCK_a_204,NONE,"{""pd_incharge"": ""PD_0""}",BLOCK_SPACE_a,SUBSET
PD_2,NONE,"{""pd_incharge"": ""PD_0""}",BLOCK_a_204,HOLD
BLOCK_a_205,NONE,"{""pd_incharge"": ""PD_0""}",BLOCK_SPACE_a,SUBSET
PD_2,NONE,"{""pd_incharge"": ""PD_0""}",BLOCK_a_205,HOLD
BLOCK_a_206,NONE,"{""pd_incharge"": ""PD_0""}",BLOCK_SPACE_a,SUBSET
PD_2,NONE,"{""pd_incharge"": ""PD_0""}",BLOCK_a_206,HOLD
BLOCK_a_207,NONE,"{""pd_incharge"": ""PD_0""}",BLOCK_SPACE_a,SUBSET
PD_2,NONE,"{""pd_incharge"": ""PD_0""}",BLOCK_a_207,HOLD
BLOCK_a_208,NONE,"{""pd_incharge"": ""PD_0""}",BLOCK_SPACE_a,SUBSET
PD_2,NONE,"{""pd_incharge"": ""PD_0""}",BLOCK_a_208,HOLD
BLOCK_a_209,NONE,"{""pd_incharge"": ""PD_0""}",BLOCK_SPACE_a,SUBSET
PD_2,NONE,"{""pd_incharge"": ""PD_0""}",BLOCK_a_209,HOLD
BLOCK_a_20a,NONE,"{""pd_incharge"": ""PD_0""}",BLOCK_SPACE_a,SUBSET
PD_2,NONE,"{""pd_incharge"": ""PD_0""}",BLOCK_a_20a,HOLD
BLOCK_a_20b,NONE,"{""pd_incharge"": ""PD_0""}",BLOCK_SPACE_a,SUBSET
PD_2,NONE,"{""pd_incharge"": ""PD_0""}",BLOCK_a_20b,HOLD
BLOCK_a_20c,NONE,"{""pd_incharge"": ""PD_0""}",BLOCK_SPACE_a,SUBSET
PD_2,NONE,"{""pd_incharge"": ""PD_0""}",BLOCK_a_20c,HOLD
BLOCK_a_20d,NONE,"{""pd_incharge"": ""PD_0""}",BLOCK_SPACE_a,SUBSET
PD_2,NONE,"{""pd_incharge"": ""PD_0""}",BLOCK_a_20d,HOLD
BLOCK_a_20e,NONE,"{""pd_incharge"": ""PD_0""}",BLOCK_SPACE_a,SUBSET
PD_2,NONE,"{""pd_incharge"": ""PD_0""}",BLOCK_a_20e,HOLD
BLOCK_a_20f,NONE,"{""pd_incharge"": ""PD_0""}",BLOCK_SPACE_a,SUBSET
PD_2,NONE,"{""pd_incharge"": ""PD_0""}",BLOCK_a_20f,HOLD
BLOCK_a_210,NONE,"{""pd_incharge"": ""PD_0""}",BLOCK_SPACE_a,SUBSET
PD_2,NONE,"{""pd_incharge"": ""PD_0""}",BLOCK_a_210,HOLD
BLOCK_a_211,NONE,"{""pd_incharge"": ""PD_0""}",BLOCK_SPACE_a,SUBSET
PD_2,NONE,"{""pd_incharge"": ""PD_0""}",BLOCK_a_211,HOLD
BLOCK_a_212,NONE,"{""pd_incharge"": ""PD_0""}",BLOCK_SPACE_a,SUBSET
PD_2,NONE,"{""pd_incharge"": ""PD_0""}",BLOCK_a_212,HOLD
BLOCK_a_213,NONE,"{""pd_incharge"": ""PD_0""}",BLOCK_SPACE_a,SUBSET
PD_2,NONE,"{""pd_incharge"": ""PD_0""}",BLOCK_a_213,HOLD
BLOCK_a_214,NONE,"{""pd_incharge"": ""PD_0""}",BLOCK_SPACE_a,SUBSET
PD_2,NONE,"{""pd_incharge"": ""PD_0""}",BLOCK_a_214,HOLD
BLOCK_a_215,NONE,"{""pd_incharge"": ""PD_0""}",BLOCK_SPACE_a,SUBSET
PD_2,NONE,"{""pd_incharge"": ""PD_0""}",BLOCK_a_215,HOLD
BLOCK_a_216,NONE,"{""pd_incharge"": ""PD_0""}",BLOCK_SPACE_a,SUBSET
PD_2,NONE,"{""pd_incharge"": ""PD_0""}",BLOCK_a_216,HOLD
BLOCK_a_217,NONE,"{""pd_incharge"": ""PD_0""}",BLOCK_SPACE_a,SUBSET
PD_2,NONE,"{""pd_incharge"": ""PD_0""}",BLOCK_a_217,HOLD
BLOCK_a_218,NONE,"{""pd_incharge"": ""PD_0""}",BLOCK_SPACE_a,SUBSET
PD_2,NONE,"{""pd_incharge"": ""PD_0""}",BLOCK_a_218,HOLD
BLOCK_a_219,NONE,"{""pd_incharge"": ""PD_0""}",BLOCK_SPACE_a,SUBSET
PD_2,NONE,"{""pd_incharge"": ""PD_0""}",BLOCK_a_219,HOLD
BLOCK_a_21a,NONE,"{""pd_incharge"": ""PD_0""}",BLOCK_SPACE_a,SUBSET
PD_2,NONE,"{""pd_incharge"": ""PD_0""}",BLOCK_a_21a,HOLD
BLOCK_a_21b,NONE,"{""pd_incharge"": ""PD_0""}",BLOCK_SPACE_a,SUBSET
PD_2,NONE,"{""pd_incharge"": ""PD_0""}",BLOCK_a_21b,HOLD
BLOCK_a_21c,NONE,"{""pd_incharge"": ""PD_0""}",BLOCK_SPACE_a,SUBSET
PD_2,NONE,"{""pd_incharge"": ""PD_0""}",BLOCK_a_21c,HOLD
BLOCK_a_21d,NONE,"{""pd_incharge"": ""PD_0""}",BLOCK_SPACE_a,SUBSET
PD_2,NONE,"{""pd_incharge"": ""PD_0""}",BLOCK_a_21d,HOLD
BLOCK_a_21e,NONE,"{""pd_incharge"": ""PD_0""}",BLOCK_SPACE_a,SUBSET
PD_2,NONE,"{""pd_incharge"": ""PD_0""}",BLOCK_a_21e,HOLD
BLOCK_a_21f,NONE,"{""pd_incharge"": ""PD_0""}",BLOCK_SPACE_a,SUBSET
PD_2,NONE,"{""pd_incharge"": ""PD_0""}",BLOCK_a_21f,HOLD
BLOCK_a_220,NONE,"{""pd_incharge"": ""PD_0""}",BLOCK_SPACE_a,SUBSET
PD_2,NONE,"{""pd_incharge"": ""PD_0""}",BLOCK_a_220,HOLD
BLOCK_a_221,NONE,"{""pd_incharge"": ""PD_0""}",BLOCK_SPACE_a,SUBSET
PD_2,NONE,"{""pd_incharge"": ""PD_0""}",BLOCK_a_221,HOLD
BLOCK_a_222,NONE,"{""pd_incharge"": ""PD_0""}",BLOCK_SPACE_a,SUBSET
PD_2,NONE,"{""pd_incharge"": ""PD_0""}",BLOCK_a_222,HOLD
BLOCK_a_223,NONE,"{""pd_incharge"": ""PD_0""}",BLOCK_SPACE_a,SUBSET
PD_2,NONE,"{""pd_incharge"": ""PD_0""}",BLOCK_a_223,HOLD
BLOCK_a_224,NONE,"{""pd_incharge"": ""PD_0""}",BLOCK_SPACE_a,SUBSET
PD_2,NONE,"{""pd_incharge"": ""PD_0""}",BLOCK_a_224,HOLD
BLOCK_a_225,NONE,"{""pd_incharge"": ""PD_0""}",BLOCK_SPACE_a,SUBSET
PD_2,NONE,"{""pd_incharge"": ""PD_0""}",BLOCK_a_225,HOLD
BLOCK_a_226,NONE,"{""pd_incharge"": ""PD_0""}",BLOCK_SPACE_a,SUBSET
PD_2,NONE,"{""pd_incharge"": ""PD_0""}",BLOCK_a_226,HOLD
BLOCK_a_227,NONE,"{""pd_incharge"": ""PD_0""}",BLOCK_SPACE_a,SUBSET
PD_2,NONE,"{""pd_incharge"": ""PD_0""}",BLOCK_a_227,HOLD
BLOCK_a_228,NONE,"{""pd_incharge"": ""PD_0""}",BLOCK_SPACE_a,SUBSET
PD_2,NONE,"{""pd_incharge"": ""PD_0""}",BLOCK_a_228,HOLD
BLOCK_a_229,NONE,"{""pd_incharge"": ""PD_0""}",BLOCK_SPACE_a,SUBSET
PD_2,NONE,"{""pd_incharge"": ""PD_0""}",BLOCK_a_229,HOLD
BLOCK_a_22a,NONE,"{""pd_incharge"": ""PD_0""}",BLOCK_SPACE_a,SUBSET
PD_2,NONE,"{""pd_incharge"": ""PD_0""}",BLOCK_a_22a,HOLD
BLOCK_a_22b,NONE,"{""pd_incharge"": ""PD_0""}",BLOCK_SPACE_a,SUBSET
PD_2,NONE,"{""pd_incharge"": ""PD_0""}",BLOCK_a_22b,HOLD
BLOCK_a_22c,NONE,"{""pd_incharge"": ""PD_0""}",BLOCK_SPACE_a,SUBSET
PD_2,NONE,"{""pd_incharge"": ""PD_0""}",BLOCK_a_22c,HOLD
BLOCK_a_22d,NONE,"{""pd_incharge"": ""PD_0""}",BLOCK_SPACE_a,SUBSET
PD_2,NONE,"{""pd_incharge"": ""PD_0""}",BLOCK_a_22d,HOLD
BLOCK_a_22e,NONE,"{""pd_incharge"": ""PD_0""}",BLOCK_SPACE_a,SUBSET
PD_2,NONE,"{""pd_incharge"": ""PD_0""}",BLOCK_a_22e,HOLD
BLOCK_a_22f,NONE,"{""pd_incharge"": ""PD_0""}",BLOCK_SPACE_a,SUBSET
PD_2,NONE,"{""pd_incharge"": ""PD_0""}",BLOCK_a_22f,HOLD
BLOCK_a_230,NONE,"{""pd_incharge"": ""PD_0""}",BLOCK_SPACE_a,SUBSET
PD_2,NONE,"{""pd_incharge"": ""PD_0""}",BLOCK_a_230,HOLD
BLOCK_a_231,NONE,"{""pd_incharge"": ""PD_0""}",BLOCK_SPACE_a,SUBSET
PD_2,NONE,"{""pd_incharge"": ""PD_0""}",BLOCK_a_231,HOLD
BLOCK_a_232,NONE,"{""pd_incharge"": ""PD_0""}",BLOCK_SPACE_a,SUBSET
PD_2,NONE,"{""pd_incharge"": ""PD_0""}",BLOCK_a_232,HOLD
BLOCK_a_233,NONE,"{""pd_incharge"": ""PD_0""}",BLOCK_SPACE_a,SUBSET
PD_2,NONE,"{""pd_incharge"": ""PD_0""}",BLOCK_a_233,HOLD
BLOCK_a_234,NONE,"{""pd_incharge"": ""PD_0""}",BLOCK_SPACE_a,SUBSET
PD_2,NONE,"{""pd_incharge"": ""PD_0""}",BLOCK_a_234,HOLD
BLOCK_a_235,NONE,"{""pd_incharge"": ""PD_0""}",BLOCK_SPACE_a,SUBSET
PD_2,NONE,"{""pd_incharge"": ""PD_0""}",BLOCK_a_235,HOLD
BLOCK_a_236,NONE,"{""pd_incharge"": ""PD_0""}",BLOCK_SPACE_a,SUBSET
PD_2,NONE,"{""pd_incharge"": ""PD_0""}",BLOCK_a_236,HOLD
BLOCK_a_237,NONE,"{""pd_incharge"": ""PD_0""}",BLOCK_SPACE_a,SUBSET
PD_2,NONE,"{""pd_incharge"": ""PD_0""}",BLOCK_a_237,HOLD
BLOCK_a_238,NONE,"{""pd_incharge"": ""PD_0""}",BLOCK_SPACE_a,SUBSET
PD_2,NONE,"{""pd_incharge"": ""PD_0""}",BLOCK_a_238,HOLD
BLOCK_a_239,NONE,"{""pd_incharge"": ""PD_0""}",BLOCK_SPACE_a,SUBSET
PD_2,NONE,"{""pd_incharge"": ""PD_0""}",BLOCK_a_239,HOLD
BLOCK_a_23a,NONE,"{""pd_incharge"": ""PD_0""}",BLOCK_SPACE_a,SUBSET
PD_2,NONE,"{""pd_incharge"": ""PD_0""}",BLOCK_a_23a,HOLD
BLOCK_a_23b,NONE,"{""pd_incharge"": ""PD_0""}",BLOCK_SPACE_a,SUBSET
PD_2,NONE,"{""pd_incharge"": ""PD_0""}",BLOCK_a_23b,HOLD
BLOCK_a_23c,NONE,"{""pd_incharge"": ""PD_0""}",BLOCK_SPACE_a,SUBSET
PD_2,NONE,"{""pd_incharge"": ""PD_0""}",BLOCK_a_23c,HOLD
BLOCK_a_23d,NONE,"{""pd_incharge"": ""PD_0""}",BLOCK_SPACE_a,SUBSET
PD_2,NONE,"{""pd_incharge"": ""PD_0""}",BLOCK_a_23d,HOLD
BLOCK_a_23e,NONE,"{""pd_incharge"": ""PD_0""}",BLOCK_SPACE_a,SUBSET
PD_2,NONE,"{""pd_incharge"": ""PD_0""}",BLOCK_a_23e,HOLD
BLOCK_a_23f,NONE,"{""pd_incharge"": ""PD_0""}",BLOCK_SPACE_a,SUBSET
PD_2,NONE,"{""pd_incharge"": ""PD_0""}",BLOCK_a_23f,HOLD
BLOCK_a_240,NONE,"{""pd_incharge"": ""PD_0""}",BLOCK_SPACE_a,SUBSET
PD_2,NONE,"{""pd_incharge"": ""PD_0""}",BLOCK_a_240,HOLD
BLOCK_a_241,NONE,"{""pd_incharge"": ""PD_0""}",BLOCK_SPACE_a,SUBSET
PD_2,NONE,"{""pd_incharge"": ""PD_0""}",BLOCK_a_241,HOLD
BLOCK_a_242,NONE,"{""pd_incharge"": ""PD_0""}",BLOCK_SPACE_a,SUBSET
PD_2,NONE,"{""pd_incharge"": ""PD_0""}",BLOCK_a_242,HOLD
BLOCK_a_243,NONE,"{""pd_incharge"": ""PD_0""}",BLOCK_SPACE_a,SUBSET
PD_2,NONE,"{""pd_incharge"": ""PD_0""}",BLOCK_a_243,HOLD
BLOCK_a_244,NONE,"{""pd_incharge"": ""PD_0""}",BLOCK_SPACE_a,SUBSET
PD_2,NONE,"{""pd_incharge"": ""PD_0""}",BLOCK_a_244,HOLD
BLOCK_a_245,NONE,"{""pd_incharge"": ""PD_0""}",BLOCK_SPACE_a,SUBSET
PD_2,NONE,"{""pd_incharge"": ""PD_0""}",BLOCK_a_245,HOLD
BLOCK_a_246,NONE,"{""pd_incharge"": ""PD_0""}",BLOCK_SPACE_a,SUBSET
PD_2,NONE,"{""pd_incharge"": ""PD_0""}",BLOCK_a_246,HOLD
BLOCK_a_247,NONE,"{""pd_incharge"": ""PD_0""}",BLOCK_SPACE_a,SUBSET
PD_2,NONE,"{""pd_incharge"": ""PD_0""}",BLOCK_a_247,HOLD
BLOCK_a_248,NONE,"{""pd_incharge"": ""PD_0""}",BLOCK_SPACE_a,SUBSET
PD_2,NONE,"{""pd_incharge"": ""PD_0""}",BLOCK_a_248,HOLD
BLOCK_a_249,NONE,"{""pd_incharge"": ""PD_0""}",BLOCK_SPACE_a,SUBSET
PD_2,NONE,"{""pd_incharge"": ""PD_0""}",BLOCK_a_249,HOLD
BLOCK_a_24a,NONE,"{""pd_incharge"": ""PD_0""}",BLOCK_SPACE_a,SUBSET
PD_2,NONE,"{""pd_incharge"": ""PD_0""}",BLOCK_a_24a,HOLD
BLOCK_a_24b,NONE,"{""pd_incharge"": ""PD_0""}",BLOCK_SPACE_a,SUBSET
PD_2,NONE,"{""pd_incharge"": ""PD_0""}",BLOCK_a_24b,HOLD
BLOCK_a_24c,NONE,"{""pd_incharge"": ""PD_0""}",BLOCK_SPACE_a,SUBSET
PD_2,NONE,"{""pd_incharge"": ""PD_0""}",BLOCK_a_24c,HOLD
BLOCK_a_24d,NONE,"{""pd_incharge"": ""PD_0""}",BLOCK_SPACE_a,SUBSET
PD_2,NONE,"{""pd_incharge"": ""PD_0""}",BLOCK_a_24d,HOLD
BLOCK_a_24e,NONE,"{""pd_incharge"": ""PD_0""}",BLOCK_SPACE_a,SUBSET
PD_2,NONE,"{""pd_incharge"": ""PD_0""}",BLOCK_a_24e,HOLD
BLOCK_a_24f,NONE,"{""pd_incharge"": ""PD_0""}",BLOCK_SPACE_a,SUBSET
PD_2,NONE,"{""pd_incharge"": ""PD_0""}",BLOCK_a_24f,HOLD
BLOCK_a_250,NONE,"{""pd_incharge"": ""PD_0""}",BLOCK_SPACE_a,SUBSET
PD_2,NONE,"{""pd_incharge"": ""PD_0""}",BLOCK_a_250,HOLD
BLOCK_a_251,NONE,"{""pd_incharge"": ""PD_0""}",BLOCK_SPACE_a,SUBSET
PD_2,NONE,"{""pd_incharge"": ""PD_0""}",BLOCK_a_251,HOLD
BLOCK_a_252,NONE,"{""pd_incharge"": ""PD_0""}",BLOCK_SPACE_a,SUBSET
PD_2,NONE,"{""pd_incharge"": ""PD_0""}",BLOCK_a_252,HOLD
BLOCK_a_253,NONE,"{""pd_incharge"": ""PD_0""}",BLOCK_SPACE_a,SUBSET
PD_2,NONE,"{""pd_incharge"": ""PD_0""}",BLOCK_a_253,HOLD
BLOCK_a_254,NONE,"{""pd_incharge"": ""PD_0""}",BLOCK_SPACE_a,SUBSET
PD_2,NONE,"{""pd_incharge"": ""PD_0""}",BLOCK_a_254,HOLD
BLOCK_a_255,NONE,"{""pd_incharge"": ""PD_0""}",BLOCK_SPACE_a,SUBSET
PD_2,NONE,"{""pd_incharge"": ""PD_0""}",BLOCK_a_255,HOLD
BLOCK_a_256,NONE,"{""pd_incharge"": ""PD_0""}",BLOCK_SPACE_a,SUBSET
PD_2,NONE,"{""pd_incharge"": ""PD_0""}",BLOCK_a_256,HOLD
BLOCK_a_257,NONE,"{""pd_incharge"": ""PD_0""}",BLOCK_SPACE_a,SUBSET
PD_2,NONE,"{""pd_incharge"": ""PD_0""}",BLOCK_a_257,HOLD
BLOCK_a_258,NONE,"{""pd_incharge"": ""PD_0""}",BLOCK_SPACE_a,SUBSET
PD_2,NONE,"{""pd_incharge"": ""PD_0""}",BLOCK_a_258,HOLD
BLOCK_a_259,NONE,"{""pd_incharge"": ""PD_0""}",BLOCK_SPACE_a,SUBSET
PD_2,NONE,"{""pd_incharge"": ""PD_0""}",BLOCK_a_259,HOLD
BLOCK_a_25a,NONE,"{""pd_incharge"": ""PD_0""}",BLOCK_SPACE_a,SUBSET
PD_2,NONE,"{""pd_incharge"": ""PD_0""}",BLOCK_a_25a,HOLD
BLOCK_a_25b,NONE,"{""pd_incharge"": ""PD_0""}",BLOCK_SPACE_a,SUBSET
PD_2,NONE,"{""pd_incharge"": ""PD_0""}",BLOCK_a_25b,HOLD
BLOCK_a_25c,NONE,"{""pd_incharge"": ""PD_0""}",BLOCK_SPACE_a,SUBSET
PD_2,NONE,"{""pd_incharge"": ""PD_0""}",BLOCK_a_25c,HOLD
BLOCK_a_25d,NONE,"{""pd_incharge"": ""PD_0""}",BLOCK_SPACE_a,SUBSET
PD_2,NONE,"{""pd_incharge"": ""PD_0""}",BLOCK_a_25d,HOLD
BLOCK_a_25e,NONE,"{""pd_incharge"": ""PD_0""}",BLOCK_SPACE_a,SUBSET
PD_2,NONE,"{""pd_incharge"": ""PD_0""}",BLOCK_a_25e,HOLD
BLOCK_a_25f,NONE,"{""pd_incharge"": ""PD_0""}",BLOCK_SPACE_a,SUBSET
PD_2,NONE,"{""pd_incharge"": ""PD_0""}",BLOCK_a_25f,HOLD
BLOCK_a_260,NONE,"{""pd_incharge"": ""PD_0""}",BLOCK_SPACE_a,SUBSET
PD_2,NONE,"{""pd_incharge"": ""PD_0""}",BLOCK_a_260,HOLD
BLOCK_a_261,NONE,"{""pd_incharge"": ""PD_0""}",BLOCK_SPACE_a,SUBSET
PD_2,NONE,"{""pd_incharge"": ""PD_0""}",BLOCK_a_261,HOLD
BLOCK_a_262,NONE,"{""pd_incharge"": ""PD_0""}",BLOCK_SPACE_a,SUBSET
PD_2,NONE,"{""pd_incharge"": ""PD_0""}",BLOCK_a_262,HOLD
BLOCK_a_263,NONE,"{""pd_incharge"": ""PD_0""}",BLOCK_SPACE_a,SUBSET
PD_2,NONE,"{""pd_incharge"": ""PD_0""}",BLOCK_a_263,HOLD
BLOCK_a_264,NONE,"{""pd_incharge"": ""PD_0""}",BLOCK_SPACE_a,SUBSET
PD_2,NONE,"{""pd_incharge"": ""PD_0""}",BLOCK_a_264,HOLD
BLOCK_a_265,NONE,"{""pd_incharge"": ""PD_0""}",BLOCK_SPACE_a,SUBSET
PD_2,NONE,"{""pd_incharge"": ""PD_0""}",BLOCK_a_265,HOLD
BLOCK_a_266,NONE,"{""pd_incharge"": ""PD_0""}",BLOCK_SPACE_a,SUBSET
PD_2,NONE,"{""pd_incharge"": ""PD_0""}",BLOCK_a_266,HOLD
BLOCK_a_267,NONE,"{""pd_incharge"": ""PD_0""}",BLOCK_SPACE_a,SUBSET
PD_2,NONE,"{""pd_incharge"": ""PD_0""}",BLOCK_a_267,HOLD
BLOCK_a_268,NONE,"{""pd_incharge"": ""PD_0""}",BLOCK_SPACE_a,SUBSET
PD_2,NONE,"{""pd_incharge"": ""PD_0""}",BLOCK_a_268,HOLD
BLOCK_a_269,NONE,"{""pd_incharge"": ""PD_0""}",BLOCK_SPACE_a,SUBSET
PD_2,NONE,"{""pd_incharge"": ""PD_0""}",BLOCK_a_269,HOLD
BLOCK_a_26a,NONE,"{""pd_incharge"": ""PD_0""}",BLOCK_SPACE_a,SUBSET
PD_2,NONE,"{""pd_incharge"": ""PD_0""}",BLOCK_a_26a,HOLD
BLOCK_a_26b,NONE,"{""pd_incharge"": ""PD_0""}",BLOCK_SPACE_a,SUBSET
PD_2,NONE,"{""pd_incharge"": ""PD_0""}",BLOCK_a_26b,HOLD
BLOCK_a_26c,NONE,"{""pd_incharge"": ""PD_0""}",BLOCK_SPACE_a,SUBSET
PD_2,NONE,"{""pd_incharge"": ""PD_0""}",BLOCK_a_26c,HOLD
BLOCK_a_26d,NONE,"{""pd_incharge"": ""PD_0""}",BLOCK_SPACE_a,SUBSET
PD_2,NONE,"{""pd_incharge"": ""PD_0""}",BLOCK_a_26d,HOLD
BLOCK_a_26e,NONE,"{""pd_incharge"": ""PD_0""}",BLOCK_SPACE_a,SUBSET
PD_2,NONE,"{""pd_incharge"": ""PD_0""}",BLOCK_a_26e,HOLD
BLOCK_a_26f,NONE,"{""pd_incharge"": ""PD_0""}",BLOCK_SPACE_a,SUBSET
PD_2,NONE,"{""pd_incharge"": ""PD_0""}",BLOCK_a_26f,HOLD
BLOCK_a_270,NONE,"{""pd_incharge"": ""PD_0""}",BLOCK_SPACE_a,SUBSET
PD_2,NONE,"{""pd_incharge"": ""PD_0""}",BLOCK_a_270,HOLD
BLOCK_a_271,NONE,"{""pd_incharge"": ""PD_0""}",BLOCK_SPACE_a,SUBSET
PD_2,NONE,"{""pd_incharge"": ""PD_0""}",BLOCK_a_271,HOLD
BLOCK_a_272,NONE,"{""pd_incharge"": ""PD_0""}",BLOCK_SPACE_a,SUBSET
PD_2,NONE,"{""pd_incharge"": ""PD_0""}",BLOCK_a_272,HOLD
BLOCK_a_273,NONE,"{""pd_incharge"": ""PD_0""}",BLOCK_SPACE_a,SUBSET
PD_2,NONE,"{""pd_incharge"": ""PD_0""}",BLOCK_a_273,HOLD
BLOCK_a_274,NONE,"{""pd_incharge"": ""PD_0""}",BLOCK_SPACE_a,SUBSET
PD_2,NONE,"{""pd_incharge"": ""PD_0""}",BLOCK_a_274,HOLD
BLOCK_a_275,NONE,"{""pd_incharge"": ""PD_0""}",BLOCK_SPACE_a,SUBSET
PD_2,NONE,"{""pd_incharge"": ""PD_0""}",BLOCK_a_275,HOLD
BLOCK_a_276,NONE,"{""pd_incharge"": ""PD_0""}",BLOCK_SPACE_a,SUBSET
PD_2,NONE,"{""pd_incharge"": ""PD_0""}",BLOCK_a_276,HOLD
BLOCK_a_277,NONE,"{""pd_incharge"": ""PD_0""}",BLOCK_SPACE_a,SUBSET
PD_2,NONE,"{""pd_incharge"": ""PD_0""}",BLOCK_a_277,HOLD
BLOCK_a_278,NONE,"{""pd_incharge"": ""PD_0""}",BLOCK_SPACE_a,SUBSET
PD_2,NONE,"{""pd_incharge"": ""PD_0""}",BLOCK_a_278,HOLD
BLOCK_a_279,NONE,"{""pd_incharge"": ""PD_0""}",BLOCK_SPACE_a,SUBSET
PD_2,NONE,"{""pd_incharge"": ""PD_0""}",BLOCK_a_279,HOLD
BLOCK_a_27a,NONE,"{""pd_incharge"": ""PD_0""}",BLOCK_SPACE_a,SUBSET
PD_2,NONE,"{""pd_incharge"": ""PD_0""}",BLOCK_a_27a,HOLD
BLOCK_a_27b,NONE,"{""pd_incharge"": ""PD_0""}",BLOCK_SPACE_a,SUBSET
PD_2,NONE,"{""pd_incharge"": ""PD_0""}",BLOCK_a_27b,HOLD
BLOCK_a_27c,NONE,"{""pd_incharge"": ""PD_0""}",BLOCK_SPACE_a,SUBSET
PD_2,NONE,"{""pd_incharge"": ""PD_0""}",BLOCK_a_27c,HOLD
BLOCK_a_27d,NONE,"{""pd_incharge"": ""PD_0""}",BLOCK_SPACE_a,SUBSET
PD_2,NONE,"{""pd_incharge"": ""PD_0""}",BLOCK_a_27d,HOLD
BLOCK_a_27e,NONE,"{""pd_incharge"": ""PD_0""}",BLOCK_SPACE_a,SUBSET
PD_2,NONE,"{""pd_incharge"": ""PD_0""}",BLOCK_a_27e,HOLD
BLOCK_a_27f,NONE,"{""pd_incharge"": ""PD_0""}",BLOCK_SPACE_a,SUBSET
PD_2,NONE,"{""pd_incharge"": ""PD_0""}",BLOCK_a_27f,HOLD
BLOCK_a_280,NONE,"{""pd_incharge"": ""PD_0""}",BLOCK_SPACE_a,SUBSET
PD_2,NONE,"{""pd_incharge"": ""PD_0""}",BLOCK_a_280,HOLD
BLOCK_a_281,NONE,"{""pd_incharge"": ""PD_0""}",BLOCK_SPACE_a,SUBSET
PD_2,NONE,"{""pd_incharge"": ""PD_0""}",BLOCK_a_281,HOLD
BLOCK_a_282,NONE,"{""pd_incharge"": ""PD_0""}",BLOCK_SPACE_a,SUBSET
PD_2,NONE,"{""pd_incharge"": ""PD_0""}",BLOCK_a_282,HOLD
BLOCK_a_283,NONE,"{""pd_incharge"": ""PD_0""}",BLOCK_SPACE_a,SUBSET
PD_2,NONE,"{""pd_incharge"": ""PD_0""}",BLOCK_a_283,HOLD
BLOCK_a_284,NONE,"{""pd_incharge"": ""PD_0""}",BLOCK_SPACE_a,SUBSET
PD_2,NONE,"{""pd_incharge"": ""PD_0""}",BLOCK_a_284,HOLD
BLOCK_a_285,NONE,"{""pd_incharge"": ""PD_0""}",BLOCK_SPACE_a,SUBSET
PD_2,NONE,"{""pd_incharge"": ""PD_0""}",BLOCK_a_285,HOLD
BLOCK_a_286,NONE,"{""pd_incharge"": ""PD_0""}",BLOCK_SPACE_a,SUBSET
PD_2,NONE,"{""pd_incharge"": ""PD_0""}",BLOCK_a_286,HOLD
BLOCK_a_287,NONE,"{""pd_incharge"": ""PD_0""}",BLOCK_SPACE_a,SUBSET
PD_2,NONE,"{""pd_incharge"": ""PD_0""}",BLOCK_a_287,HOLD
BLOCK_a_288,NONE,"{""pd_incharge"": ""PD_0""}",BLOCK_SPACE_a,SUBSET
PD_2,NONE,"{""pd_incharge"": ""PD_0""}",BLOCK_a_288,HOLD
BLOCK_a_289,NONE,"{""pd_incharge"": ""PD_0""}",BLOCK_SPACE_a,SUBSET
PD_2,NONE,"{""pd_incharge"": ""PD_0""}",BLOCK_a_289,HOLD
BLOCK_a_28a,NONE,"{""pd_incharge"": ""PD_0""}",BLOCK_SPACE_a,SUBSET
PD_2,NONE,"{""pd_incharge"": ""PD_0""}",BLOCK_a_28a,HOLD
BLOCK_a_28b,NONE,"{""pd_incharge"": ""PD_0""}",BLOCK_SPACE_a,SUBSET
PD_2,NONE,"{""pd_incharge"": ""PD_0""}",BLOCK_a_28b,HOLD
BLOCK_a_28c,NONE,"{""pd_incharge"": ""PD_0""}",BLOCK_SPACE_a,SUBSET
PD_2,NONE,"{""pd_incharge"": ""PD_0""}",BLOCK_a_28c,HOLD
BLOCK_a_28d,NONE,"{""pd_incharge"": ""PD_0""}",BLOCK_SPACE_a,SUBSET
PD_2,NONE,"{""pd_incharge"": ""PD_0""}",BLOCK_a_28d,HOLD
BLOCK_a_28e,NONE,"{""pd_incharge"": ""PD_0""}",BLOCK_SPACE_a,SUBSET
PD_2,NONE,"{""pd_incharge"": ""PD_0""}",BLOCK_a_28e,HOLD
BLOCK_a_28f,NONE,"{""pd_incharge"": ""PD_0""}",BLOCK_SPACE_a,SUBSET
PD_2,NONE,"{""pd_incharge"": ""PD_0""}",BLOCK_a_28f,HOLD
BLOCK_a_290,NONE,"{""pd_incharge"": ""PD_0""}",BLOCK_SPACE_a,SUBSET
PD_2,NONE,"{""pd_incharge"": ""PD_0""}",BLOCK_a_290,HOLD
BLOCK_a_291,NONE,"{""pd_incharge"": ""PD_0""}",BLOCK_SPACE_a,SUBSET
PD_2,NONE,"{""pd_incharge"": ""PD_0""}",BLOCK_a_291,HOLD
BLOCK_a_292,NONE,"{""pd_incharge"": ""PD_0""}",BLOCK_SPACE_a,SUBSET
PD_2,NONE,"{""pd_incharge"": ""PD_0""}",BLOCK_a_292,HOLD
BLOCK_a_293,NONE,"{""pd_incharge"": ""PD_0""}",BLOCK_SPACE_a,SUBSET
PD_2,NONE,"{""pd_incharge"": ""PD_0""}",BLOCK_a_293,HOLD
BLOCK_a_294,NONE,"{""pd_incharge"": ""PD_0""}",BLOCK_SPACE_a,SUBSET
PD_2,NONE,"{""pd_incharge"": ""PD_0""}",BLOCK_a_294,HOLD
BLOCK_a_295,NONE,"{""pd_incharge"": ""PD_0""}",BLOCK_SPACE_a,SUBSET
PD_2,NONE,"{""pd_incharge"": ""PD_0""}",BLOCK_a_295,HOLD
BLOCK_a_296,NONE,"{""pd_incharge"": ""PD_0""}",BLOCK_SPACE_a,SUBSET
PD_2,NONE,"{""pd_incharge"": ""PD_0""}",BLOCK_a_296,HOLD
BLOCK_a_297,NONE,"{""pd_incharge"": ""PD_0""}",BLOCK_SPACE_a,SUBSET
PD_2,NONE,"{""pd_incharge"": ""PD_0""}",BLOCK_a_297,HOLD
BLOCK_a_298,NONE,"{""pd_incharge"": ""PD_0""}",BLOCK_SPACE_a,SUBSET
PD_2,NONE,"{""pd_incharge"": ""PD_0""}",BLOCK_a_298,HOLD
BLOCK_a_299,NONE,"{""pd_incharge"": ""PD_0""}",BLOCK_SPACE_a,SUBSET
PD_2,NONE,"{""pd_incharge"": ""PD_0""}",BLOCK_a_299,HOLD
BLOCK_a_29a,NONE,"{""pd_incharge"": ""PD_0""}",BLOCK_SPACE_a,SUBSET
PD_2,NONE,"{""pd_incharge"": ""PD_0""}",BLOCK_a_29a,HOLD
BLOCK_a_29b,NONE,"{""pd_incharge"": ""PD_0""}",BLOCK_SPACE_a,SUBSET
PD_2,NONE,"{""pd_incharge"": ""PD_0""}",BLOCK_a_29b,HOLD
BLOCK_a_29c,NONE,"{""pd_incharge"": ""PD_0""}",BLOCK_SPACE_a,SUBSET
PD_2,NONE,"{""pd_incharge"": ""PD_0""}",BLOCK_a_29c,HOLD
BLOCK_a_29d,NONE,"{""pd_incharge"": ""PD_0""}",BLOCK_SPACE_a,SUBSET
PD_2,NONE,"{""pd_incharge"": ""PD_0""}",BLOCK_a_29d,HOLD
BLOCK_a_29e,NONE,"{""pd_incharge"": ""PD_0""}",BLOCK_SPACE_a,SUBSET
PD_2,NONE,"{""pd_incharge"": ""PD_0""}",BLOCK_a_29e,HOLD
BLOCK_a_29f,NONE,"{""pd_incharge"": ""PD_0""}",BLOCK_SPACE_a,SUBSET
PD_2,NONE,"{""pd_incharge"": ""PD_0""}",BLOCK_a_29f,HOLD
BLOCK_a_2a0,NONE,"{""pd_incharge"": ""PD_0""}",BLOCK_SPACE_a,SUBSET
PD_2,NONE,"{""pd_incharge"": ""PD_0""}",BLOCK_a_2a0,HOLD
BLOCK_a_2a1,NONE,"{""pd_incharge"": ""PD_0""}",BLOCK_SPACE_a,SUBSET
PD_2,NONE,"{""pd_incharge"": ""PD_0""}",BLOCK_a_2a1,HOLD
BLOCK_a_2a2,NONE,"{""pd_incharge"": ""PD_0""}",BLOCK_SPACE_a,SUBSET
PD_2,NONE,"{""pd_incharge"": ""PD_0""}",BLOCK_a_2a2,HOLD
BLOCK_a_2a3,NONE,"{""pd_incharge"": ""PD_0""}",BLOCK_SPACE_a,SUBSET
PD_2,NONE,"{""pd_incharge"": ""PD_0""}",BLOCK_a_2a3,HOLD
BLOCK_a_2a4,NONE,"{""pd_incharge"": ""PD_0""}",BLOCK_SPACE_a,SUBSET
PD_2,NONE,"{""pd_incharge"": ""PD_0""}",BLOCK_a_2a4,HOLD
BLOCK_a_2a5,NONE,"{""pd_incharge"": ""PD_0""}",BLOCK_SPACE_a,SUBSET
PD_2,NONE,"{""pd_incharge"": ""PD_0""}",BLOCK_a_2a5,HOLD
BLOCK_a_2a6,NONE,"{""pd_incharge"": ""PD_0""}",BLOCK_SPACE_a,SUBSET
PD_2,NONE,"{""pd_incharge"": ""PD_0""}",BLOCK_a_2a6,HOLD
BLOCK_a_2a7,NONE,"{""pd_incharge"": ""PD_0""}",BLOCK_SPACE_a,SUBSET
PD_2,NONE,"{""pd_incharge"": ""PD_0""}",BLOCK_a_2a7,HOLD
BLOCK_a_2a8,NONE,"{""pd_incharge"": ""PD_0""}",BLOCK_SPACE_a,SUBSET
PD_2,NONE,"{""pd_incharge"": ""PD_0""}",BLOCK_a_2a8,HOLD
BLOCK_a_2a9,NONE,"{""pd_incharge"": ""PD_0""}",BLOCK_SPACE_a,SUBSET
PD_2,NONE,"{""pd_incharge"": ""PD_0""}",BLOCK_a_2a9,HOLD
BLOCK_a_2aa,NONE,"{""pd_incharge"": ""PD_0""}",BLOCK_SPACE_a,SUBSET
PD_2,NONE,"{""pd_incharge"": ""PD_0""}",BLOCK_a_2aa,HOLD
BLOCK_a_2ab,NONE,"{""pd_incharge"": ""PD_0""}",BLOCK_SPACE_a,SUBSET
PD_2,NONE,"{""pd_incharge"": ""PD_0""}",BLOCK_a_2ab,HOLD
BLOCK_a_2ac,NONE,"{""pd_incharge"": ""PD_0""}",BLOCK_SPACE_a,SUBSET
PD_2,NONE,"{""pd_incharge"": ""PD_0""}",BLOCK_a_2ac,HOLD
BLOCK_a_2ad,NONE,"{""pd_incharge"": ""PD_0""}",BLOCK_SPACE_a,SUBSET
PD_2,NONE,"{""pd_incharge"": ""PD_0""}",BLOCK_a_2ad,HOLD
BLOCK_a_2ae,NONE,"{""pd_incharge"": ""PD_0""}",BLOCK_SPACE_a,SUBSET
PD_2,NONE,"{""pd_incharge"": ""PD_0""}",BLOCK_a_2ae,HOLD
BLOCK_a_2af,NONE,"{""pd_incharge"": ""PD_0""}",BLOCK_SPACE_a,SUBSET
PD_2,NONE,"{""pd_incharge"": ""PD_0""}",BLOCK_a_2af,HOLD
BLOCK_a_2b0,NONE,"{""pd_incharge"": ""PD_0""}",BLOCK_SPACE_a,SUBSET
PD_2,NONE,"{""pd_incharge"": ""PD_0""}",BLOCK_a_2b0,HOLD
BLOCK_a_2b1,NONE,"{""pd_incharge"": ""PD_0""}",BLOCK_SPACE_a,SUBSET
PD_2,NONE,"{""pd_incharge"": ""PD_0""}",BLOCK_a_2b1,HOLD
BLOCK_a_2b2,NONE,"{""pd_incharge"": ""PD_0""}",BLOCK_SPACE_a,SUBSET
PD_2,NONE,"{""pd_incharge"": ""PD_0""}",BLOCK_a_2b2,HOLD
BLOCK_a_2b3,NONE,"{""pd_incharge"": ""PD_0""}",BLOCK_SPACE_a,SUBSET
PD_2,NONE,"{""pd_incharge"": ""PD_0""}",BLOCK_a_2b3,HOLD
BLOCK_a_2b4,NONE,"{""pd_incharge"": ""PD_0""}",BLOCK_SPACE_a,SUBSET
PD_2,NONE,"{""pd_incharge"": ""PD_0""}",BLOCK_a_2b4,HOLD
BLOCK_a_2b5,NONE,"{""pd_incharge"": ""PD_0""}",BLOCK_SPACE_a,SUBSET
PD_2,NONE,"{""pd_incharge"": ""PD_0""}",BLOCK_a_2b5,HOLD
BLOCK_a_2b6,NONE,"{""pd_incharge"": ""PD_0""}",BLOCK_SPACE_a,SUBSET
PD_2,NONE,"{""pd_incharge"": ""PD_0""}",BLOCK_a_2b6,HOLD
BLOCK_a_2b7,NONE,"{""pd_incharge"": ""PD_0""}",BLOCK_SPACE_a,SUBSET
PD_2,NONE,"{""pd_incharge"": ""PD_0""}",BLOCK_a_2b7,HOLD
BLOCK_a_2b8,NONE,"{""pd_incharge"": ""PD_0""}",BLOCK_SPACE_a,SUBSET
PD_2,NONE,"{""pd_incharge"": ""PD_0""}",BLOCK_a_2b8,HOLD
BLOCK_a_2b9,NONE,"{""pd_incharge"": ""PD_0""}",BLOCK_SPACE_a,SUBSET
PD_2,NONE,"{""pd_incharge"": ""PD_0""}",BLOCK_a_2b9,HOLD
BLOCK_a_2ba,NONE,"{""pd_incharge"": ""PD_0""}",BLOCK_SPACE_a,SUBSET
PD_2,NONE,"{""pd_incharge"": ""PD_0""}",BLOCK_a_2ba,HOLD
BLOCK_a_2bb,NONE,"{""pd_incharge"": ""PD_0""}",BLOCK_SPACE_a,SUBSET
PD_2,NONE,"{""pd_incharge"": ""PD_0""}",BLOCK_a_2bb,HOLD
BLOCK_a_2bc,NONE,"{""pd_incharge"": ""PD_0""}",BLOCK_SPACE_a,SUBSET
PD_2,NONE,"{""pd_incharge"": ""PD_0""}",BLOCK_a_2bc,HOLD
BLOCK_a_2bd,NONE,"{""pd_incharge"": ""PD_0""}",BLOCK_SPACE_a,SUBSET
PD_2,NONE,"{""pd_incharge"": ""PD_0""}",BLOCK_a_2bd,HOLD
BLOCK_a_2be,NONE,"{""pd_incharge"": ""PD_0""}",BLOCK_SPACE_a,SUBSET
PD_2,NONE,"{""pd_incharge"": ""PD_0""}",BLOCK_a_2be,HOLD
BLOCK_a_2bf,NONE,"{""pd_incharge"": ""PD_0""}",BLOCK_SPACE_a,SUBSET
PD_2,NONE,"{""pd_incharge"": ""PD_0""}",BLOCK_a_2bf,HOLD
BLOCK_a_2c0,NONE,"{""pd_incharge"": ""PD_0""}",BLOCK_SPACE_a,SUBSET
PD_2,NONE,"{""pd_incharge"": ""PD_0""}",BLOCK_a_2c0,HOLD
BLOCK_a_2c1,NONE,"{""pd_incharge"": ""PD_0""}",BLOCK_SPACE_a,SUBSET
PD_2,NONE,"{""pd_incharge"": ""PD_0""}",BLOCK_a_2c1,HOLD
BLOCK_a_2c2,NONE,"{""pd_incharge"": ""PD_0""}",BLOCK_SPACE_a,SUBSET
PD_2,NONE,"{""pd_incharge"": ""PD_0""}",BLOCK_a_2c2,HOLD
BLOCK_a_2c3,NONE,"{""pd_incharge"": ""PD_0""}",BLOCK_SPACE_a,SUBSET
PD_2,NONE,"{""pd_incharge"": ""PD_0""}",BLOCK_a_2c3,HOLD
BLOCK_a_2c4,NONE,"{""pd_incharge"": ""PD_0""}",BLOCK_SPACE_a,SUBSET
PD_2,NONE,"{""pd_incharge"": ""PD_0""}",BLOCK_a_2c4,HOLD
BLOCK_a_2c5,NONE,"{""pd_incharge"": ""PD_0""}",BLOCK_SPACE_a,SUBSET
PD_2,NONE,"{""pd_incharge"": ""PD_0""}",BLOCK_a_2c5,HOLD
BLOCK_a_2c6,NONE,"{""pd_incharge"": ""PD_0""}",BLOCK_SPACE_a,SUBSET
PD_2,NONE,"{""pd_incharge"": ""PD_0""}",BLOCK_a_2c6,HOLD
BLOCK_a_2c7,NONE,"{""pd_incharge"": ""PD_0""}",BLOCK_SPACE_a,SUBSET
PD_2,NONE,"{""pd_incharge"": ""PD_0""}",BLOCK_a_2c7,HOLD
BLOCK_a_2c8,NONE,"{""pd_incharge"": ""PD_0""}",BLOCK_SPACE_a,SUBSET
PD_2,NONE,"{""pd_incharge"": ""PD_0""}",BLOCK_a_2c8,HOLD
BLOCK_a_2c9,NONE,"{""pd_incharge"": ""PD_0""}",BLOCK_SPACE_a,SUBSET
PD_2,NONE,"{""pd_incharge"": ""PD_0""}",BLOCK_a_2c9,HOLD
BLOCK_a_2ca,NONE,"{""pd_incharge"": ""PD_0""}",BLOCK_SPACE_a,SUBSET
PD_2,NONE,"{""pd_incharge"": ""PD_0""}",BLOCK_a_2ca,HOLD
BLOCK_a_2cb,NONE,"{""pd_incharge"": ""PD_0""}",BLOCK_SPACE_a,SUBSET
PD_2,NONE,"{""pd_incharge"": ""PD_0""}",BLOCK_a_2cb,HOLD
BLOCK_a_2cc,NONE,"{""pd_incharge"": ""PD_0""}",BLOCK_SPACE_a,SUBSET
PD_2,NONE,"{""pd_incharge"": ""PD_0""}",BLOCK_a_2cc,HOLD
BLOCK_a_2cd,NONE,"{""pd_incharge"": ""PD_0""}",BLOCK_SPACE_a,SUBSET
PD_2,NONE,"{""pd_incharge"": ""PD_0""}",BLOCK_a_2cd,HOLD
BLOCK_a_2ce,NONE,"{""pd_incharge"": ""PD_0""}",BLOCK_SPACE_a,SUBSET
PD_2,NONE,"{""pd_incharge"": ""PD_0""}",BLOCK_a_2ce,HOLD
BLOCK_a_2cf,NONE,"{""pd_incharge"": ""PD_0""}",BLOCK_SPACE_a,SUBSET
PD_2,NONE,"{""pd_incharge"": ""PD_0""}",BLOCK_a_2cf,HOLD
BLOCK_a_2d0,NONE,"{""pd_incharge"": ""PD_0""}",BLOCK_SPACE_a,SUBSET
PD_2,NONE,"{""pd_incharge"": ""PD_0""}",BLOCK_a_2d0,HOLD
BLOCK_a_2d1,NONE,"{""pd_incharge"": ""PD_0""}",BLOCK_SPACE_a,SUBSET
PD_2,NONE,"{""pd_incharge"": ""PD_0""}",BLOCK_a_2d1,HOLD
BLOCK_a_2d2,NONE,"{""pd_incharge"": ""PD_0""}",BLOCK_SPACE_a,SUBSET
PD_2,NONE,"{""pd_incharge"": ""PD_0""}",BLOCK_a_2d2,HOLD
BLOCK_a_2d3,NONE,"{""pd_incharge"": ""PD_0""}",BLOCK_SPACE_a,SUBSET
PD_2,NONE,"{""pd_incharge"": ""PD_0""}",BLOCK_a_2d3,HOLD
BLOCK_a_2d4,NONE,"{""pd_incharge"": ""PD_0""}",BLOCK_SPACE_a,SUBSET
PD_2,NONE,"{""pd_incharge"": ""PD_0""}",BLOCK_a_2d4,HOLD
BLOCK_a_2d5,NONE,"{""pd_incharge"": ""PD_0""}",BLOCK_SPACE_a,SUBSET
PD_2,NONE,"{""pd_incharge"": ""PD_0""}",BLOCK_a_2d5,HOLD
BLOCK_a_2d6,NONE,"{""pd_incharge"": ""PD_0""}",BLOCK_SPACE_a,SUBSET
PD_2,NONE,"{""pd_incharge"": ""PD_0""}",BLOCK_a_2d6,HOLD
BLOCK_a_2d7,NONE,"{""pd_incharge"": ""PD_0""}",BLOCK_SPACE_a,SUBSET
PD_2,NONE,"{""pd_incharge"": ""PD_0""}",BLOCK_a_2d7,HOLD
BLOCK_a_2d8,NONE,"{""pd_incharge"": ""PD_0""}",BLOCK_SPACE_a,SUBSET
PD_2,NONE,"{""pd_incharge"": ""PD_0""}",BLOCK_a_2d8,HOLD
BLOCK_a_2d9,NONE,"{""pd_incharge"": ""PD_0""}",BLOCK_SPACE_a,SUBSET
PD_2,NONE,"{""pd_incharge"": ""PD_0""}",BLOCK_a_2d9,HOLD
BLOCK_a_2da,NONE,"{""pd_incharge"": ""PD_0""}",BLOCK_SPACE_a,SUBSET
PD_2,NONE,"{""pd_incharge"": ""PD_0""}",BLOCK_a_2da,HOLD
BLOCK_a_2db,NONE,"{""pd_incharge"": ""PD_0""}",BLOCK_SPACE_a,SUBSET
PD_2,NONE,"{""pd_incharge"": ""PD_0""}",BLOCK_a_2db,HOLD
BLOCK_a_2dc,NONE,"{""pd_incharge"": ""PD_0""}",BLOCK_SPACE_a,SUBSET
PD_2,NONE,"{""pd_incharge"": ""PD_0""}",BLOCK_a_2dc,HOLD
BLOCK_a_2dd,NONE,"{""pd_incharge"": ""PD_0""}",BLOCK_SPACE_a,SUBSET
PD_2,NONE,"{""pd_incharge"": ""PD_0""}",BLOCK_a_2dd,HOLD
BLOCK_a_2de,NONE,"{""pd_incharge"": ""PD_0""}",BLOCK_SPACE_a,SUBSET
PD_2,NONE,"{""pd_incharge"": ""PD_0""}",BLOCK_a_2de,HOLD
BLOCK_a_2df,NONE,"{""pd_incharge"": ""PD_0""}",BLOCK_SPACE_a,SUBSET
PD_2,NONE,"{""pd_incharge"": ""PD_0""}",BLOCK_a_2df,HOLD
BLOCK_a_2e0,NONE,"{""pd_incharge"": ""PD_0""}",BLOCK_SPACE_a,SUBSET
PD_2,NONE,"{""pd_incharge"": ""PD_0""}",BLOCK_a_2e0,HOLD
BLOCK_a_2e1,NONE,"{""pd_incharge"": ""PD_0""}",BLOCK_SPACE_a,SUBSET
PD_2,NONE,"{""pd_incharge"": ""PD_0""}",BLOCK_a_2e1,HOLD
BLOCK_a_2e2,NONE,"{""pd_incharge"": ""PD_0""}",BLOCK_SPACE_a,SUBSET
PD_2,NONE,"{""pd_incharge"": ""PD_0""}",BLOCK_a_2e2,HOLD
BLOCK_a_2e3,NONE,"{""pd_incharge"": ""PD_0""}",BLOCK_SPACE_a,SUBSET
PD_2,NONE,"{""pd_incharge"": ""PD_0""}",BLOCK_a_2e3,HOLD
BLOCK_a_2e4,NONE,"{""pd_incharge"": ""PD_0""}",BLOCK_SPACE_a,SUBSET
PD_2,NONE,"{""pd_incharge"": ""PD_0""}",BLOCK_a_2e4,HOLD
BLOCK_a_2e5,NONE,"{""pd_incharge"": ""PD_0""}",BLOCK_SPACE_a,SUBSET
PD_2,NONE,"{""pd_incharge"": ""PD_0""}",BLOCK_a_2e5,HOLD
BLOCK_a_2e6,NONE,"{""pd_incharge"": ""PD_0""}",BLOCK_SPACE_a,SUBSET
PD_2,NONE,"{""pd_incharge"": ""PD_0""}",BLOCK_a_2e6,HOLD
BLOCK_a_2e7,NONE,"{""pd_incharge"": ""PD_0""}",BLOCK_SPACE_a,SUBSET
PD_2,NONE,"{""pd_incharge"": ""PD_0""}",BLOCK_a_2e7,HOLD
BLOCK_a_2e8,NONE,"{""pd_incharge"": ""PD_0""}",BLOCK_SPACE_a,SUBSET
PD_2,NONE,"{""pd_incharge"": ""PD_0""}",BLOCK_a_2e8,HOLD
BLOCK_a_2e9,NONE,"{""pd_incharge"": ""PD_0""}",BLOCK_SPACE_a,SUBSET
PD_2,NONE,"{""pd_incharge"": ""PD_0""}",BLOCK_a_2e9,HOLD
BLOCK_a_2ea,NONE,"{""pd_incharge"": ""PD_0""}",BLOCK_SPACE_a,SUBSET
PD_2,NONE,"{""pd_incharge"": ""PD_0""}",BLOCK_a_2ea,HOLD
BLOCK_a_2eb,NONE,"{""pd_incharge"": ""PD_0""}",BLOCK_SPACE_a,SUBSET
PD_2,NONE,"{""pd_incharge"": ""PD_0""}",BLOCK_a_2eb,HOLD
BLOCK_a_2ec,NONE,"{""pd_incharge"": ""PD_0""}",BLOCK_SPACE_a,SUBSET
PD_2,NONE,"{""pd_incharge"": ""PD_0""}",BLOCK_a_2ec,HOLD
BLOCK_a_2ed,NONE,"{""pd_incharge"": ""PD_0""}",BLOCK_SPACE_a,SUBSET
PD_2,NONE,"{""pd_incharge"": ""PD_0""}",BLOCK_a_2ed,HOLD
BLOCK_a_2ee,NONE,"{""pd_incharge"": ""PD_0""}",BLOCK_SPACE_a,SUBSET
PD_2,NONE,"{""pd_incharge"": ""PD_0""}",BLOCK_a_2ee,HOLD
BLOCK_a_2ef,NONE,"{""pd_incharge"": ""PD_0""}",BLOCK_SPACE_a,SUBSET
PD_2,NONE,"{""pd_incharge"": ""PD_0""}",BLOCK_a_2ef,HOLD
BLOCK_a_2f0,NONE,"{""pd_incharge"": ""PD_0""}",BLOCK_SPACE_a,SUBSET
PD_2,NONE,"{""pd_incharge"": ""PD_0""}",BLOCK_a_2f0,HOLD
BLOCK_a_2f1,NONE,"{""pd_incharge"": ""PD_0""}",BLOCK_SPACE_a,SUBSET
PD_2,NONE,"{""pd_incharge"": ""PD_0""}",BLOCK_a_2f1,HOLD
BLOCK_a_2f2,NONE,"{""pd_incharge"": ""PD_0""}",BLOCK_SPACE_a,SUBSET
PD_2,NONE,"{""pd_incharge"": ""PD_0""}",BLOCK_a_2f2,HOLD
BLOCK_a_2f3,NONE,"{""pd_incharge"": ""PD_0""}",BLOCK_SPACE_a,SUBSET
PD_2,NONE,"{""pd_incharge"": ""PD_0""}",BLOCK_a_2f3,HOLD
BLOCK_a_2f4,NONE,"{""pd_incharge"": ""PD_0""}",BLOCK_SPACE_a,SUBSET
PD_2,NONE,"{""pd_incharge"": ""PD_0""}",BLOCK_a_2f4,HOLD
BLOCK_a_2f5,NONE,"{""pd_incharge"": ""PD_0""}",BLOCK_SPACE_a,SUBSET
PD_2,NONE,"{""pd_incharge"": ""PD_0""}",BLOCK_a_2f5,HOLD
BLOCK_a_2f6,NONE,"{""pd_incharge"": ""PD_0""}",BLOCK_SPACE_a,SUBSET
PD_2,NONE,"{""pd_incharge"": ""PD_0""}",BLOCK_a_2f6,HOLD
BLOCK_a_2f7,NONE,"{""pd_incharge"": ""PD_0""}",BLOCK_SPACE_a,SUBSET
PD_2,NONE,"{""pd_incharge"": ""PD_0""}",BLOCK_a_2f7,HOLD
BLOCK_a_2f8,NONE,"{""pd_incharge"": ""PD_0""}",BLOCK_SPACE_a,SUBSET
PD_2,NONE,"{""pd_incharge"": ""PD_0""}",BLOCK_a_2f8,HOLD
BLOCK_a_2f9,NONE,"{""pd_incharge"": ""PD_0""}",BLOCK_SPACE_a,SUBSET
PD_2,NONE,"{""pd_incharge"": ""PD_0""}",BLOCK_a_2f9,HOLD
BLOCK_a_2fa,NONE,"{""pd_incharge"": ""PD_0""}",BLOCK_SPACE_a,SUBSET
PD_2,NONE,"{""pd_incharge"": ""PD_0""}",BLOCK_a_2fa,HOLD
BLOCK_a_2fb,NONE,"{""pd_incharge"": ""PD_0""}",BLOCK_SPACE_a,SUBSET
PD_2,NONE,"{""pd_incharge"": ""PD_0""}",BLOCK_a_2fb,HOLD
BLOCK_a_2fc,NONE,"{""pd_incharge"": ""PD_0""}",BLOCK_SPACE_a,SUBSET
PD_2,NONE,"{""pd_incharge"": ""PD_0""}",BLOCK_a_2fc,HOLD
BLOCK_a_2fd,NONE,"{""pd_incharge"": ""PD_0""}",BLOCK_SPACE_a,SUBSET
PD_2,NONE,"{""pd_incharge"": ""PD_0""}",BLOCK_a_2fd,HOLD
BLOCK_a_2fe,NONE,"{""pd_incharge"": ""PD_0""}",BLOCK_SPACE_a,SUBSET
PD_2,NONE,"{""pd_incharge"": ""PD_0""}",BLOCK_a_2fe,HOLD
BLOCK_a_2ff,NONE,"{""pd_incharge"": ""PD_0""}",BLOCK_SPACE_a,SUBSET
PD_2,NONE,"{""pd_incharge"": ""PD_0""}",BLOCK_a_2ff,HOLD
BLOCK_a_300,NONE,"{""pd_incharge"": ""PD_0""}",BLOCK_SPACE_a,SUBSET
PD_2,NONE,"{""pd_incharge"": ""PD_0""}",BLOCK_a_300,HOLD
BLOCK_a_301,NONE,"{""pd_incharge"": ""PD_0""}",BLOCK_SPACE_a,SUBSET
PD_2,NONE,"{""pd_incharge"": ""PD_0""}",BLOCK_a_301,HOLD
BLOCK_a_302,NONE,"{""pd_incharge"": ""PD_0""}",BLOCK_SPACE_a,SUBSET
PD_2,NONE,"{""pd_incharge"": ""PD_0""}",BLOCK_a_302,HOLD
BLOCK_a_303,NONE,"{""pd_incharge"": ""PD_0""}",BLOCK_SPACE_a,SUBSET
PD_2,NONE,"{""pd_incharge"": ""PD_0""}",BLOCK_a_303,HOLD
BLOCK_a_304,NONE,"{""pd_incharge"": ""PD_0""}",BLOCK_SPACE_a,SUBSET
PD_2,NONE,"{""pd_incharge"": ""PD_0""}",BLOCK_a_304,HOLD
BLOCK_a_305,NONE,"{""pd_incharge"": ""PD_0""}",BLOCK_SPACE_a,SUBSET
PD_2,NONE,"{""pd_incharge"": ""PD_0""}",BLOCK_a_305,HOLD
BLOCK_a_306,NONE,"{""pd_incharge"": ""PD_0""}",BLOCK_SPACE_a,SUBSET
PD_2,NONE,"{""pd_incharge"": ""PD_0""}",BLOCK_a_306,HOLD
BLOCK_a_307,NONE,"{""pd_incharge"": ""PD_0""}",BLOCK_SPACE_a,SUBSET
PD_2,NONE,"{""pd_incharge"": ""PD_0""}",BLOCK_a_307,HOLD
BLOCK_a_308,NONE,"{""pd_incharge"": ""PD_0""}",BLOCK_SPACE_a,SUBSET
PD_2,NONE,"{""pd_incharge"": ""PD_0""}",BLOCK_a_308,HOLD
BLOCK_a_309,NONE,"{""pd_incharge"": ""PD_0""}",BLOCK_SPACE_a,SUBSET
PD_2,NONE,"{""pd_incharge"": ""PD_0""}",BLOCK_a_309,HOLD
BLOCK_a_30a,NONE,"{""pd_incharge"": ""PD_0""}",BLOCK_SPACE_a,SUBSET
PD_2,NONE,"{""pd_incharge"": ""PD_0""}",BLOCK_a_30a,HOLD
BLOCK_a_30b,NONE,"{""pd_incharge"": ""PD_0""}",BLOCK_SPACE_a,SUBSET
PD_2,NONE,"{""pd_incharge"": ""PD_0""}",BLOCK_a_30b,HOLD
BLOCK_a_30c,NONE,"{""pd_incharge"": ""PD_0""}",BLOCK_SPACE_a,SUBSET
PD_2,NONE,"{""pd_incharge"": ""PD_0""}",BLOCK_a_30c,HOLD
BLOCK_a_30d,NONE,"{""pd_incharge"": ""PD_0""}",BLOCK_SPACE_a,SUBSET
PD_2,NONE,"{""pd_incharge"": ""PD_0""}",BLOCK_a_30d,HOLD
BLOCK_a_30e,NONE,"{""pd_incharge"": ""PD_0""}",BLOCK_SPACE_a,SUBSET
PD_2,NONE,"{""pd_incharge"": ""PD_0""}",BLOCK_a_30e,HOLD
BLOCK_a_30f,NONE,"{""pd_incharge"": ""PD_0""}",BLOCK_SPACE_a,SUBSET
PD_2,NONE,"{""pd_incharge"": ""PD_0""}",BLOCK_a_30f,HOLD
BLOCK_a_310,NONE,"{""pd_incharge"": ""PD_0""}",BLOCK_SPACE_a,SUBSET
PD_2,NONE,"{""pd_incharge"": ""PD_0""}",BLOCK_a_310,HOLD
BLOCK_a_311,NONE,"{""pd_incharge"": ""PD_0""}",BLOCK_SPACE_a,SUBSET
PD_2,NONE,"{""pd_incharge"": ""PD_0""}",BLOCK_a_311,HOLD
BLOCK_a_312,NONE,"{""pd_incharge"": ""PD_0""}",BLOCK_SPACE_a,SUBSET
PD_2,NONE,"{""pd_incharge"": ""PD_0""}",BLOCK_a_312,HOLD
BLOCK_a_313,NONE,"{""pd_incharge"": ""PD_0""}",BLOCK_SPACE_a,SUBSET
PD_2,NONE,"{""pd_incharge"": ""PD_0""}",BLOCK_a_313,HOLD
BLOCK_a_314,NONE,"{""pd_incharge"": ""PD_0""}",BLOCK_SPACE_a,SUBSET
PD_2,NONE,"{""pd_incharge"": ""PD_0""}",BLOCK_a_314,HOLD
BLOCK_a_315,NONE,"{""pd_incharge"": ""PD_0""}",BLOCK_SPACE_a,SUBSET
PD_2,NONE,"{""pd_incharge"": ""PD_0""}",BLOCK_a_315,HOLD
BLOCK_a_316,NONE,"{""pd_incharge"": ""PD_0""}",BLOCK_SPACE_a,SUBSET
PD_2,NONE,"{""pd_incharge"": ""PD_0""}",BLOCK_a_316,HOLD
BLOCK_a_317,NONE,"{""pd_incharge"": ""PD_0""}",BLOCK_SPACE_a,SUBSET
PD_2,NONE,"{""pd_incharge"": ""PD_0""}",BLOCK_a_317,HOLD
BLOCK_a_318,NONE,"{""pd_incharge"": ""PD_0""}",BLOCK_SPACE_a,SUBSET
PD_2,NONE,"{""pd_incharge"": ""PD_0""}",BLOCK_a_318,HOLD
BLOCK_a_319,NONE,"{""pd_incharge"": ""PD_0""}",BLOCK_SPACE_a,SUBSET
PD_2,NONE,"{""pd_incharge"": ""PD_0""}",BLOCK_a_319,HOLD
BLOCK_a_31a,NONE,"{""pd_incharge"": ""PD_0""}",BLOCK_SPACE_a,SUBSET
PD_2,NONE,"{""pd_incharge"": ""PD_0""}",BLOCK_a_31a,HOLD
BLOCK_a_31b,NONE,"{""pd_incharge"": ""PD_0""}",BLOCK_SPACE_a,SUBSET
PD_2,NONE,"{""pd_incharge"": ""PD_0""}",BLOCK_a_31b,HOLD
BLOCK_a_31c,NONE,"{""pd_incharge"": ""PD_0""}",BLOCK_SPACE_a,SUBSET
PD_2,NONE,"{""pd_incharge"": ""PD_0""}",BLOCK_a_31c,HOLD
BLOCK_a_31d,NONE,"{""pd_incharge"": ""PD_0""}",BLOCK_SPACE_a,SUBSET
PD_2,NONE,"{""pd_incharge"": ""PD_0""}",BLOCK_a_31d,HOLD
BLOCK_a_31e,NONE,"{""pd_incharge"": ""PD_0""}",BLOCK_SPACE_a,SUBSET
PD_2,NONE,"{""pd_incharge"": ""PD_0""}",BLOCK_a_31e,HOLD
BLOCK_a_31f,NONE,"{""pd_incharge"": ""PD_0""}",BLOCK_SPACE_a,SUBSET
PD_2,NONE,"{""pd_incharge"": ""PD_0""}",BLOCK_a_31f,HOLD
BLOCK_a_320,NONE,"{""pd_incharge"": ""PD_0""}",BLOCK_SPACE_a,SUBSET
PD_2,NONE,"{""pd_incharge"": ""PD_0""}",BLOCK_a_320,HOLD
BLOCK_a_321,NONE,"{""pd_incharge"": ""PD_0""}",BLOCK_SPACE_a,SUBSET
PD_2,NONE,"{""pd_incharge"": ""PD_0""}",BLOCK_a_321,HOLD
BLOCK_a_322,NONE,"{""pd_incharge"": ""PD_0""}",BLOCK_SPACE_a,SUBSET
PD_2,NONE,"{""pd_incharge"": ""PD_0""}",BLOCK_a_322,HOLD
BLOCK_a_323,NONE,"{""pd_incharge"": ""PD_0""}",BLOCK_SPACE_a,SUBSET
PD_2,NONE,"{""pd_incharge"": ""PD_0""}",BLOCK_a_323,HOLD
BLOCK_a_324,NONE,"{""pd_incharge"": ""PD_0""}",BLOCK_SPACE_a,SUBSET
PD_2,NONE,"{""pd_incharge"": ""PD_0""}",BLOCK_a_324,HOLD
BLOCK_a_325,NONE,"{""pd_incharge"": ""PD_0""}",BLOCK_SPACE_a,SUBSET
PD_2,NONE,"{""pd_incharge"": ""PD_0""}",BLOCK_a_325,HOLD
BLOCK_a_326,NONE,"{""pd_incharge"": ""PD_0""}",BLOCK_SPACE_a,SUBSET
PD_2,NONE,"{""pd_incharge"": ""PD_0""}",BLOCK_a_326,HOLD
BLOCK_a_327,NONE,"{""pd_incharge"": ""PD_0""}",BLOCK_SPACE_a,SUBSET
PD_2,NONE,"{""pd_incharge"": ""PD_0""}",BLOCK_a_327,HOLD
BLOCK_a_328,NONE,"{""pd_incharge"": ""PD_0""}",BLOCK_SPACE_a,SUBSET
PD_2,NONE,"{""pd_incharge"": ""PD_0""}",BLOCK_a_328,HOLD
BLOCK_a_329,NONE,"{""pd_incharge"": ""PD_0""}",BLOCK_SPACE_a,SUBSET
PD_2,NONE,"{""pd_incharge"": ""PD_0""}",BLOCK_a_329,HOLD
BLOCK_a_32a,NONE,"{""pd_incharge"": ""PD_0""}",BLOCK_SPACE_a,SUBSET
PD_2,NONE,"{""pd_incharge"": ""PD_0""}",BLOCK_a_32a,HOLD
BLOCK_a_32b,NONE,"{""pd_incharge"": ""PD_0""}",BLOCK_SPACE_a,SUBSET
PD_2,NONE,"{""pd_incharge"": ""PD_0""}",BLOCK_a_32b,HOLD
BLOCK_a_32c,NONE,"{""pd_incharge"": ""PD_0""}",BLOCK_SPACE_a,SUBSET
PD_2,NONE,"{""pd_incharge"": ""PD_0""}",BLOCK_a_32c,HOLD
BLOCK_a_32d,NONE,"{""pd_incharge"": ""PD_0""}",BLOCK_SPACE_a,SUBSET
PD_2,NONE,"{""pd_incharge"": ""PD_0""}",BLOCK_a_32d,HOLD
BLOCK_a_32e,NONE,"{""pd_incharge"": ""PD_0""}",BLOCK_SPACE_a,SUBSET
PD_2,NONE,"{""pd_incharge"": ""PD_0""}",BLOCK_a_32e,HOLD
BLOCK_a_32f,NONE,"{""pd_incharge"": ""PD_0""}",BLOCK_SPACE_a,SUBSET
PD_2,NONE,"{""pd_incharge"": ""PD_0""}",BLOCK_a_32f,HOLD
BLOCK_a_330,NONE,"{""pd_incharge"": ""PD_0""}",BLOCK_SPACE_a,SUBSET
PD_2,NONE,"{""pd_incharge"": ""PD_0""}",BLOCK_a_330,HOLD
BLOCK_a_331,NONE,"{""pd_incharge"": ""PD_0""}",BLOCK_SPACE_a,SUBSET
PD_2,NONE,"{""pd_incharge"": ""PD_0""}",BLOCK_a_331,HOLD
BLOCK_a_332,NONE,"{""pd_incharge"": ""PD_0""}",BLOCK_SPACE_a,SUBSET
PD_2,NONE,"{""pd_incharge"": ""PD_0""}",BLOCK_a_332,HOLD
BLOCK_a_333,NONE,"{""pd_incharge"": ""PD_0""}",BLOCK_SPACE_a,SUBSET
PD_2,NONE,"{""pd_incharge"": ""PD_0""}",BLOCK_a_333,HOLD
BLOCK_a_334,NONE,"{""pd_incharge"": ""PD_0""}",BLOCK_SPACE_a,SUBSET
PD_2,NONE,"{""pd_incharge"": ""PD_0""}",BLOCK_a_334,HOLD
BLOCK_a_335,NONE,"{""pd_incharge"": ""PD_0""}",BLOCK_SPACE_a,SUBSET
PD_2,NONE,"{""pd_incharge"": ""PD_0""}",BLOCK_a_335,HOLD
BLOCK_a_336,NONE,"{""pd_incharge"": ""PD_0""}",BLOCK_SPACE_a,SUBSET
PD_2,NONE,"{""pd_incharge"": ""PD_0""}",BLOCK_a_336,HOLD
BLOCK_a_337,NONE,"{""pd_incharge"": ""PD_0""}",BLOCK_SPACE_a,SUBSET
PD_2,NONE,"{""pd_incharge"": ""PD_0""}",BLOCK_a_337,HOLD
BLOCK_a_338,NONE,"{""pd_incharge"": ""PD_0""}",BLOCK_SPACE_a,SUBSET
PD_2,NONE,"{""pd_incharge"": ""PD_0""}",BLOCK_a_338,HOLD
BLOCK_a_339,NONE,"{""pd_incharge"": ""PD_0""}",BLOCK_SPACE_a,SUBSET
PD_2,NONE,"{""pd_incharge"": ""PD_0""}",BLOCK_a_339,HOLD
BLOCK_a_33a,NONE,"{""pd_incharge"": ""PD_0""}",BLOCK_SPACE_a,SUBSET
PD_2,NONE,"{""pd_incharge"": ""PD_0""}",BLOCK_a_33a,HOLD
BLOCK_a_33b,NONE,"{""pd_incharge"": ""PD_0""}",BLOCK_SPACE_a,SUBSET
PD_2,NONE,"{""pd_incharge"": ""PD_0""}",BLOCK_a_33b,HOLD
BLOCK_a_33c,NONE,"{""pd_incharge"": ""PD_0""}",BLOCK_SPACE_a,SUBSET
PD_2,NONE,"{""pd_incharge"": ""PD_0""}",BLOCK_a_33c,HOLD
BLOCK_a_33d,NONE,"{""pd_incharge"": ""PD_0""}",BLOCK_SPACE_a,SUBSET
PD_2,NONE,"{""pd_incharge"": ""PD_0""}",BLOCK_a_33d,HOLD
BLOCK_a_33e,NONE,"{""pd_incharge"": ""PD_0""}",BLOCK_SPACE_a,SUBSET
PD_2,NONE,"{""pd_incharge"": ""PD_0""}",BLOCK_a_33e,HOLD
BLOCK_a_33f,NONE,"{""pd_incharge"": ""PD_0""}",BLOCK_SPACE_a,SUBSET
PD_2,NONE,"{""pd_incharge"": ""PD_0""}",BLOCK_a_33f,HOLD
BLOCK_a_340,NONE,"{""pd_incharge"": ""PD_0""}",BLOCK_SPACE_a,SUBSET
PD_2,NONE,"{""pd_incharge"": ""PD_0""}",BLOCK_a_340,HOLD
BLOCK_a_341,NONE,"{""pd_incharge"": ""PD_0""}",BLOCK_SPACE_a,SUBSET
PD_2,NONE,"{""pd_incharge"": ""PD_0""}",BLOCK_a_341,HOLD
BLOCK_a_342,NONE,"{""pd_incharge"": ""PD_0""}",BLOCK_SPACE_a,SUBSET
PD_2,NONE,"{""pd_incharge"": ""PD_0""}",BLOCK_a_342,HOLD
BLOCK_a_343,NONE,"{""pd_incharge"": ""PD_0""}",BLOCK_SPACE_a,SUBSET
PD_2,NONE,"{""pd_incharge"": ""PD_0""}",BLOCK_a_343,HOLD
BLOCK_a_344,NONE,"{""pd_incharge"": ""PD_0""}",BLOCK_SPACE_a,SUBSET
PD_2,NONE,"{""pd_incharge"": ""PD_0""}",BLOCK_a_344,HOLD
BLOCK_a_345,NONE,"{""pd_incharge"": ""PD_0""}",BLOCK_SPACE_a,SUBSET
PD_2,NONE,"{""pd_incharge"": ""PD_0""}",BLOCK_a_345,HOLD
BLOCK_a_346,NONE,"{""pd_incharge"": ""PD_0""}",BLOCK_SPACE_a,SUBSET
PD_2,NONE,"{""pd_incharge"": ""PD_0""}",BLOCK_a_346,HOLD
BLOCK_a_347,NONE,"{""pd_incharge"": ""PD_0""}",BLOCK_SPACE_a,SUBSET
PD_2,NONE,"{""pd_incharge"": ""PD_0""}",BLOCK_a_347,HOLD
BLOCK_a_348,NONE,"{""pd_incharge"": ""PD_0""}",BLOCK_SPACE_a,SUBSET
PD_2,NONE,"{""pd_incharge"": ""PD_0""}",BLOCK_a_348,HOLD
BLOCK_a_349,NONE,"{""pd_incharge"": ""PD_0""}",BLOCK_SPACE_a,SUBSET
PD_2,NONE,"{""pd_incharge"": ""PD_0""}",BLOCK_a_349,HOLD
BLOCK_a_34a,NONE,"{""pd_incharge"": ""PD_0""}",BLOCK_SPACE_a,SUBSET
PD_2,NONE,"{""pd_incharge"": ""PD_0""}",BLOCK_a_34a,HOLD
BLOCK_a_34b,NONE,"{""pd_incharge"": ""PD_0""}",BLOCK_SPACE_a,SUBSET
PD_2,NONE,"{""pd_incharge"": ""PD_0""}",BLOCK_a_34b,HOLD
BLOCK_a_34c,NONE,"{""pd_incharge"": ""PD_0""}",BLOCK_SPACE_a,SUBSET
PD_2,NONE,"{""pd_incharge"": ""PD_0""}",BLOCK_a_34c,HOLD
BLOCK_a_34d,NONE,"{""pd_incharge"": ""PD_0""}",BLOCK_SPACE_a,SUBSET
PD_2,NONE,"{""pd_incharge"": ""PD_0""}",BLOCK_a_34d,HOLD
BLOCK_a_34e,NONE,"{""pd_incharge"": ""PD_0""}",BLOCK_SPACE_a,SUBSET
PD_2,NONE,"{""pd_incharge"": ""PD_0""}",BLOCK_a_34e,HOLD
BLOCK_a_34f,NONE,"{""pd_incharge"": ""PD_0""}",BLOCK_SPACE_a,SUBSET
PD_2,NONE,"{""pd_incharge"": ""PD_0""}",BLOCK_a_34f,HOLD
BLOCK_a_350,NONE,"{""pd_incharge"": ""PD_0""}",BLOCK_SPACE_a,SUBSET
PD_2,NONE,"{""pd_incharge"": ""PD_0""}",BLOCK_a_350,HOLD
BLOCK_a_351,NONE,"{""pd_incharge"": ""PD_0""}",BLOCK_SPACE_a,SUBSET
PD_2,NONE,"{""pd_incharge"": ""PD_0""}",BLOCK_a_351,HOLD
BLOCK_a_352,NONE,"{""pd_incharge"": ""PD_0""}",BLOCK_SPACE_a,SUBSET
PD_2,NONE,"{""pd_incharge"": ""PD_0""}",BLOCK_a_352,HOLD
BLOCK_a_353,NONE,"{""pd_incharge"": ""PD_0""}",BLOCK_SPACE_a,SUBSET
PD_2,NONE,"{""pd_incharge"": ""PD_0""}",BLOCK_a_353,HOLD
BLOCK_a_354,NONE,"{""pd_incharge"": ""PD_0""}",BLOCK_SPACE_a,SUBSET
PD_2,NONE,"{""pd_incharge"": ""PD_0""}",BLOCK_a_354,HOLD
BLOCK_a_355,NONE,"{""pd_incharge"": ""PD_0""}",BLOCK_SPACE_a,SUBSET
PD_2,NONE,"{""pd_incharge"": ""PD_0""}",BLOCK_a_355,HOLD
BLOCK_a_356,NONE,"{""pd_incharge"": ""PD_0""}",BLOCK_SPACE_a,SUBSET
PD_2,NONE,"{""pd_incharge"": ""PD_0""}",BLOCK_a_356,HOLD
BLOCK_a_357,NONE,"{""pd_incharge"": ""PD_0""}",BLOCK_SPACE_a,SUBSET
PD_2,NONE,"{""pd_incharge"": ""PD_0""}",BLOCK_a_357,HOLD
BLOCK_a_358,NONE,"{""pd_incharge"": ""PD_0""}",BLOCK_SPACE_a,SUBSET
PD_2,NONE,"{""pd_incharge"": ""PD_0""}",BLOCK_a_358,HOLD
BLOCK_a_359,NONE,"{""pd_incharge"": ""PD_0""}",BLOCK_SPACE_a,SUBSET
PD_2,NONE,"{""pd_incharge"": ""PD_0""}",BLOCK_a_359,HOLD
BLOCK_a_35a,NONE,"{""pd_incharge"": ""PD_0""}",BLOCK_SPACE_a,SUBSET
PD_2,NONE,"{""pd_incharge"": ""PD_0""}",BLOCK_a_35a,HOLD
BLOCK_a_35b,NONE,"{""pd_incharge"": ""PD_0""}",BLOCK_SPACE_a,SUBSET
PD_2,NONE,"{""pd_incharge"": ""PD_0""}",BLOCK_a_35b,HOLD
BLOCK_a_35c,NONE,"{""pd_incharge"": ""PD_0""}",BLOCK_SPACE_a,SUBSET
PD_2,NONE,"{""pd_incharge"": ""PD_0""}",BLOCK_a_35c,HOLD
BLOCK_a_35d,NONE,"{""pd_incharge"": ""PD_0""}",BLOCK_SPACE_a,SUBSET
PD_2,NONE,"{""pd_incharge"": ""PD_0""}",BLOCK_a_35d,HOLD
BLOCK_a_35e,NONE,"{""pd_incharge"": ""PD_0""}",BLOCK_SPACE_a,SUBSET
PD_2,NONE,"{""pd_incharge"": ""PD_0""}",BLOCK_a_35e,HOLD
BLOCK_a_35f,NONE,"{""pd_incharge"": ""PD_0""}",BLOCK_SPACE_a,SUBSET
PD_2,NONE,"{""pd_incharge"": ""PD_0""}",BLOCK_a_35f,HOLD
BLOCK_a_360,NONE,"{""pd_incharge"": ""PD_0""}",BLOCK_SPACE_a,SUBSET
PD_2,NONE,"{""pd_incharge"": ""PD_0""}",BLOCK_a_360,HOLD
BLOCK_a_361,NONE,"{""pd_incharge"": ""PD_0""}",BLOCK_SPACE_a,SUBSET
PD_2,NONE,"{""pd_incharge"": ""PD_0""}",BLOCK_a_361,HOLD
BLOCK_a_362,NONE,"{""pd_incharge"": ""PD_0""}",BLOCK_SPACE_a,SUBSET
PD_2,NONE,"{""pd_incharge"": ""PD_0""}",BLOCK_a_362,HOLD
BLOCK_a_363,NONE,"{""pd_incharge"": ""PD_0""}",BLOCK_SPACE_a,SUBSET
PD_2,NONE,"{""pd_incharge"": ""PD_0""}",BLOCK_a_363,HOLD
BLOCK_a_364,NONE,"{""pd_incharge"": ""PD_0""}",BLOCK_SPACE_a,SUBSET
PD_2,NONE,"{""pd_incharge"": ""PD_0""}",BLOCK_a_364,HOLD
BLOCK_a_365,NONE,"{""pd_incharge"": ""PD_0""}",BLOCK_SPACE_a,SUBSET
PD_2,NONE,"{""pd_incharge"": ""PD_0""}",BLOCK_a_365,HOLD
BLOCK_a_366,NONE,"{""pd_incharge"": ""PD_0""}",BLOCK_SPACE_a,SUBSET
PD_2,NONE,"{""pd_incharge"": ""PD_0""}",BLOCK_a_366,HOLD
BLOCK_a_367,NONE,"{""pd_incharge"": ""PD_0""}",BLOCK_SPACE_a,SUBSET
PD_2,NONE,"{""pd_incharge"": ""PD_0""}",BLOCK_a_367,HOLD
BLOCK_a_368,NONE,"{""pd_incharge"": ""PD_0""}",BLOCK_SPACE_a,SUBSET
PD_2,NONE,"{""pd_incharge"": ""PD_0""}",BLOCK_a_368,HOLD
BLOCK_a_369,NONE,"{""pd_incharge"": ""PD_0""}",BLOCK_SPACE_a,SUBSET
PD_2,NONE,"{""pd_incharge"": ""PD_0""}",BLOCK_a_369,HOLD
BLOCK_a_36a,NONE,"{""pd_incharge"": ""PD_0""}",BLOCK_SPACE_a,SUBSET
PD_2,NONE,"{""pd_incharge"": ""PD_0""}",BLOCK_a_36a,HOLD
BLOCK_a_36b,NONE,"{""pd_incharge"": ""PD_0""}",BLOCK_SPACE_a,SUBSET
PD_2,NONE,"{""pd_incharge"": ""PD_0""}",BLOCK_a_36b,HOLD
BLOCK_a_36c,NONE,"{""pd_incharge"": ""PD_0""}",BLOCK_SPACE_a,SUBSET
PD_2,NONE,"{""pd_incharge"": ""PD_0""}",BLOCK_a_36c,HOLD
BLOCK_a_36d,NONE,"{""pd_incharge"": ""PD_0""}",BLOCK_SPACE_a,SUBSET
PD_2,NONE,"{""pd_incharge"": ""PD_0""}",BLOCK_a_36d,HOLD
BLOCK_a_36e,NONE,"{""pd_incharge"": ""PD_0""}",BLOCK_SPACE_a,SUBSET
PD_2,NONE,"{""pd_incharge"": ""PD_0""}",BLOCK_a_36e,HOLD
BLOCK_a_36f,NONE,"{""pd_incharge"": ""PD_0""}",BLOCK_SPACE_a,SUBSET
PD_2,NONE,"{""pd_incharge"": ""PD_0""}",BLOCK_a_36f,HOLD
BLOCK_a_370,NONE,"{""pd_incharge"": ""PD_0""}",BLOCK_SPACE_a,SUBSET
PD_2,NONE,"{""pd_incharge"": ""PD_0""}",BLOCK_a_370,HOLD
BLOCK_a_371,NONE,"{""pd_incharge"": ""PD_0""}",BLOCK_SPACE_a,SUBSET
PD_2,NONE,"{""pd_incharge"": ""PD_0""}",BLOCK_a_371,HOLD
BLOCK_a_372,NONE,"{""pd_incharge"": ""PD_0""}",BLOCK_SPACE_a,SUBSET
PD_2,NONE,"{""pd_incharge"": ""PD_0""}",BLOCK_a_372,HOLD
BLOCK_a_373,NONE,"{""pd_incharge"": ""PD_0""}",BLOCK_SPACE_a,SUBSET
PD_2,NONE,"{""pd_incharge"": ""PD_0""}",BLOCK_a_373,HOLD
BLOCK_a_374,NONE,"{""pd_incharge"": ""PD_0""}",BLOCK_SPACE_a,SUBSET
PD_2,NONE,"{""pd_incharge"": ""PD_0""}",BLOCK_a_374,HOLD
BLOCK_a_375,NONE,"{""pd_incharge"": ""PD_0""}",BLOCK_SPACE_a,SUBSET
PD_2,NONE,"{""pd_incharge"": ""PD_0""}",BLOCK_a_375,HOLD
BLOCK_a_376,NONE,"{""pd_incharge"": ""PD_0""}",BLOCK_SPACE_a,SUBSET
PD_2,NONE,"{""pd_incharge"": ""PD_0""}",BLOCK_a_376,HOLD
BLOCK_a_377,NONE,"{""pd_incharge"": ""PD_0""}",BLOCK_SPACE_a,SUBSET
PD_2,NONE,"{""pd_incharge"": ""PD_0""}",BLOCK_a_377,HOLD
BLOCK_a_378,NONE,"{""pd_incharge"": ""PD_0""}",BLOCK_SPACE_a,SUBSET
PD_2,NONE,"{""pd_incharge"": ""PD_0""}",BLOCK_a_378,HOLD
BLOCK_a_379,NONE,"{""pd_incharge"": ""PD_0""}",BLOCK_SPACE_a,SUBSET
PD_2,NONE,"{""pd_incharge"": ""PD_0""}",BLOCK_a_379,HOLD
BLOCK_a_37a,NONE,"{""pd_incharge"": ""PD_0""}",BLOCK_SPACE_a,SUBSET
PD_2,NONE,"{""pd_incharge"": ""PD_0""}",BLOCK_a_37a,HOLD
BLOCK_a_37b,NONE,"{""pd_incharge"": ""PD_0""}",BLOCK_SPACE_a,SUBSET
PD_2,NONE,"{""pd_incharge"": ""PD_0""}",BLOCK_a_37b,HOLD
BLOCK_a_37c,NONE,"{""pd_incharge"": ""PD_0""}",BLOCK_SPACE_a,SUBSET
PD_2,NONE,"{""pd_incharge"": ""PD_0""}",BLOCK_a_37c,HOLD
BLOCK_a_37d,NONE,"{""pd_incharge"": ""PD_0""}",BLOCK_SPACE_a,SUBSET
PD_2,NONE,"{""pd_incharge"": ""PD_0""}",BLOCK_a_37d,HOLD
BLOCK_a_37e,NONE,"{""pd_incharge"": ""PD_0""}",BLOCK_SPACE_a,SUBSET
PD_2,NONE,"{""pd_incharge"": ""PD_0""}",BLOCK_a_37e,HOLD
BLOCK_a_37f,NONE,"{""pd_incharge"": ""PD_0""}",BLOCK_SPACE_a,SUBSET
PD_2,NONE,"{""pd_incharge"": ""PD_0""}",BLOCK_a_37f,HOLD
BLOCK_a_380,NONE,"{""pd_incharge"": ""PD_0""}",BLOCK_SPACE_a,SUBSET
PD_2,NONE,"{""pd_incharge"": ""PD_0""}",BLOCK_a_380,HOLD
BLOCK_a_381,NONE,"{""pd_incharge"": ""PD_0""}",BLOCK_SPACE_a,SUBSET
PD_2,NONE,"{""pd_incharge"": ""PD_0""}",BLOCK_a_381,HOLD
BLOCK_a_382,NONE,"{""pd_incharge"": ""PD_0""}",BLOCK_SPACE_a,SUBSET
PD_2,NONE,"{""pd_incharge"": ""PD_0""}",BLOCK_a_382,HOLD
BLOCK_a_383,NONE,"{""pd_incharge"": ""PD_0""}",BLOCK_SPACE_a,SUBSET
PD_2,NONE,"{""pd_incharge"": ""PD_0""}",BLOCK_a_383,HOLD
BLOCK_a_384,NONE,"{""pd_incharge"": ""PD_0""}",BLOCK_SPACE_a,SUBSET
PD_2,NONE,"{""pd_incharge"": ""PD_0""}",BLOCK_a_384,HOLD
BLOCK_a_385,NONE,"{""pd_incharge"": ""PD_0""}",BLOCK_SPACE_a,SUBSET
PD_2,NONE,"{""pd_incharge"": ""PD_0""}",BLOCK_a_385,HOLD
BLOCK_a_386,NONE,"{""pd_incharge"": ""PD_0""}",BLOCK_SPACE_a,SUBSET
PD_2,NONE,"{""pd_incharge"": ""PD_0""}",BLOCK_a_386,HOLD
BLOCK_a_387,NONE,"{""pd_incharge"": ""PD_0""}",BLOCK_SPACE_a,SUBSET
PD_2,NONE,"{""pd_incharge"": ""PD_0""}",BLOCK_a_387,HOLD
BLOCK_a_388,NONE,"{""pd_incharge"": ""PD_0""}",BLOCK_SPACE_a,SUBSET
PD_2,NONE,"{""pd_incharge"": ""PD_0""}",BLOCK_a_388,HOLD
BLOCK_a_389,NONE,"{""pd_incharge"": ""PD_0""}",BLOCK_SPACE_a,SUBSET
PD_2,NONE,"{""pd_incharge"": ""PD_0""}",BLOCK_a_389,HOLD
BLOCK_a_38a,NONE,"{""pd_incharge"": ""PD_0""}",BLOCK_SPACE_a,SUBSET
PD_2,NONE,"{""pd_incharge"": ""PD_0""}",BLOCK_a_38a,HOLD
BLOCK_a_38b,NONE,"{""pd_incharge"": ""PD_0""}",BLOCK_SPACE_a,SUBSET
PD_2,NONE,"{""pd_incharge"": ""PD_0""}",BLOCK_a_38b,HOLD
BLOCK_a_38c,NONE,"{""pd_incharge"": ""PD_0""}",BLOCK_SPACE_a,SUBSET
PD_2,NONE,"{""pd_incharge"": ""PD_0""}",BLOCK_a_38c,HOLD
BLOCK_a_38d,NONE,"{""pd_incharge"": ""PD_0""}",BLOCK_SPACE_a,SUBSET
PD_2,NONE,"{""pd_incharge"": ""PD_0""}",BLOCK_a_38d,HOLD
BLOCK_a_38e,NONE,"{""pd_incharge"": ""PD_0""}",BLOCK_SPACE_a,SUBSET
PD_2,NONE,"{""pd_incharge"": ""PD_0""}",BLOCK_a_38e,HOLD
BLOCK_a_38f,NONE,"{""pd_incharge"": ""PD_0""}",BLOCK_SPACE_a,SUBSET
PD_2,NONE,"{""pd_incharge"": ""PD_0""}",BLOCK_a_38f,HOLD
BLOCK_a_390,NONE,"{""pd_incharge"": ""PD_0""}",BLOCK_SPACE_a,SUBSET
PD_2,NONE,"{""pd_incharge"": ""PD_0""}",BLOCK_a_390,HOLD
BLOCK_a_391,NONE,"{""pd_incharge"": ""PD_0""}",BLOCK_SPACE_a,SUBSET
PD_2,NONE,"{""pd_incharge"": ""PD_0""}",BLOCK_a_391,HOLD
BLOCK_a_392,NONE,"{""pd_incharge"": ""PD_0""}",BLOCK_SPACE_a,SUBSET
PD_2,NONE,"{""pd_incharge"": ""PD_0""}",BLOCK_a_392,HOLD
BLOCK_a_393,NONE,"{""pd_incharge"": ""PD_0""}",BLOCK_SPACE_a,SUBSET
PD_2,NONE,"{""pd_incharge"": ""PD_0""}",BLOCK_a_393,HOLD
BLOCK_a_394,NONE,"{""pd_incharge"": ""PD_0""}",BLOCK_SPACE_a,SUBSET
PD_2,NONE,"{""pd_incharge"": ""PD_0""}",BLOCK_a_394,HOLD
BLOCK_a_395,NONE,"{""pd_incharge"": ""PD_0""}",BLOCK_SPACE_a,SUBSET
PD_2,NONE,"{""pd_incharge"": ""PD_0""}",BLOCK_a_395,HOLD
BLOCK_a_396,NONE,"{""pd_incharge"": ""PD_0""}",BLOCK_SPACE_a,SUBSET
PD_2,NONE,"{""pd_incharge"": ""PD_0""}",BLOCK_a_396,HOLD
BLOCK_a_397,NONE,"{""pd_incharge"": ""PD_0""}",BLOCK_SPACE_a,SUBSET
PD_2,NONE,"{""pd_incharge"": ""PD_0""}",BLOCK_a_397,HOLD
BLOCK_a_398,NONE,"{""pd_incharge"": ""PD_0""}",BLOCK_SPACE_a,SUBSET
PD_2,NONE,"{""pd_incharge"": ""PD_0""}",BLOCK_a_398,HOLD
BLOCK_a_399,NONE,"{""pd_incharge"": ""PD_0""}",BLOCK_SPACE_a,SUBSET
PD_2,NONE,"{""pd_incharge"": ""PD_0""}",BLOCK_a_399,HOLD
BLOCK_a_39a,NONE,"{""pd_incharge"": ""PD_0""}",BLOCK_SPACE_a,SUBSET
PD_2,NONE,"{""pd_incharge"": ""PD_0""}",BLOCK_a_39a,HOLD
BLOCK_a_39b,NONE,"{""pd_incharge"": ""PD_0""}",BLOCK_SPACE_a,SUBSET
PD_2,NONE,"{""pd_incharge"": ""PD_0""}",BLOCK_a_39b,HOLD
BLOCK_a_39c,NONE,"{""pd_incharge"": ""PD_0""}",BLOCK_SPACE_a,SUBSET
PD_2,NONE,"{""pd_incharge"": ""PD_0""}",BLOCK_a_39c,HOLD
BLOCK_a_39d,NONE,"{""pd_incharge"": ""PD_0""}",BLOCK_SPACE_a,SUBSET
PD_2,NONE,"{""pd_incharge"": ""PD_0""}",BLOCK_a_39d,HOLD
BLOCK_a_39e,NONE,"{""pd_incharge"": ""PD_0""}",BLOCK_SPACE_a,SUBSET
PD_2,NONE,"{""pd_incharge"": ""PD_0""}",BLOCK_a_39e,HOLD
BLOCK_a_39f,NONE,"{""pd_incharge"": ""PD_0""}",BLOCK_SPACE_a,SUBSET
PD_2,NONE,"{""pd_incharge"": ""PD_0""}",BLOCK_a_39f,HOLD
BLOCK_a_3a0,NONE,"{""pd_incharge"": ""PD_0""}",BLOCK_SPACE_a,SUBSET
PD_2,NONE,"{""pd_incharge"": ""PD_0""}",BLOCK_a_3a0,HOLD
BLOCK_a_3a1,NONE,"{""pd_incharge"": ""PD_0""}",BLOCK_SPACE_a,SUBSET
PD_2,NONE,"{""pd_incharge"": ""PD_0""}",BLOCK_a_3a1,HOLD
BLOCK_a_3a2,NONE,"{""pd_incharge"": ""PD_0""}",BLOCK_SPACE_a,SUBSET
PD_2,NONE,"{""pd_incharge"": ""PD_0""}",BLOCK_a_3a2,HOLD
BLOCK_a_3a3,NONE,"{""pd_incharge"": ""PD_0""}",BLOCK_SPACE_a,SUBSET
PD_2,NONE,"{""pd_incharge"": ""PD_0""}",BLOCK_a_3a3,HOLD
BLOCK_a_3a4,NONE,"{""pd_incharge"": ""PD_0""}",BLOCK_SPACE_a,SUBSET
PD_2,NONE,"{""pd_incharge"": ""PD_0""}",BLOCK_a_3a4,HOLD
BLOCK_a_3a5,NONE,"{""pd_incharge"": ""PD_0""}",BLOCK_SPACE_a,SUBSET
PD_2,NONE,"{""pd_incharge"": ""PD_0""}",BLOCK_a_3a5,HOLD
BLOCK_a_3a6,NONE,"{""pd_incharge"": ""PD_0""}",BLOCK_SPACE_a,SUBSET
PD_2,NONE,"{""pd_incharge"": ""PD_0""}",BLOCK_a_3a6,HOLD
BLOCK_a_3a7,NONE,"{""pd_incharge"": ""PD_0""}",BLOCK_SPACE_a,SUBSET
PD_2,NONE,"{""pd_incharge"": ""PD_0""}",BLOCK_a_3a7,HOLD
BLOCK_a_3a8,NONE,"{""pd_incharge"": ""PD_0""}",BLOCK_SPACE_a,SUBSET
PD_2,NONE,"{""pd_incharge"": ""PD_0""}",BLOCK_a_3a8,HOLD
BLOCK_a_3a9,NONE,"{""pd_incharge"": ""PD_0""}",BLOCK_SPACE_a,SUBSET
PD_2,NONE,"{""pd_incharge"": ""PD_0""}",BLOCK_a_3a9,HOLD
BLOCK_a_3aa,NONE,"{""pd_incharge"": ""PD_0""}",BLOCK_SPACE_a,SUBSET
PD_2,NONE,"{""pd_incharge"": ""PD_0""}",BLOCK_a_3aa,HOLD
BLOCK_a_3ab,NONE,"{""pd_incharge"": ""PD_0""}",BLOCK_SPACE_a,SUBSET
PD_2,NONE,"{""pd_incharge"": ""PD_0""}",BLOCK_a_3ab,HOLD
BLOCK_a_3ac,NONE,"{""pd_incharge"": ""PD_0""}",BLOCK_SPACE_a,SUBSET
PD_2,NONE,"{""pd_incharge"": ""PD_0""}",BLOCK_a_3ac,HOLD
BLOCK_a_3ad,NONE,"{""pd_incharge"": ""PD_0""}",BLOCK_SPACE_a,SUBSET
PD_2,NONE,"{""pd_incharge"": ""PD_0""}",BLOCK_a_3ad,HOLD
BLOCK_a_3ae,NONE,"{""pd_incharge"": ""PD_0""}",BLOCK_SPACE_a,SUBSET
PD_2,NONE,"{""pd_incharge"": ""PD_0""}",BLOCK_a_3ae,HOLD
BLOCK_a_3af,NONE,"{""pd_incharge"": ""PD_0""}",BLOCK_SPACE_a,SUBSET
PD_2,NONE,"{""pd_incharge"": ""PD_0""}",BLOCK_a_3af,HOLD
BLOCK_a_3b0,NONE,"{""pd_incharge"": ""PD_0""}",BLOCK_SPACE_a,SUBSET
PD_2,NONE,"{""pd_incharge"": ""PD_0""}",BLOCK_a_3b0,HOLD
BLOCK_a_3b1,NONE,"{""pd_incharge"": ""PD_0""}",BLOCK_SPACE_a,SUBSET
PD_2,NONE,"{""pd_incharge"": ""PD_0""}",BLOCK_a_3b1,HOLD
BLOCK_a_3b2,NONE,"{""pd_incharge"": ""PD_0""}",BLOCK_SPACE_a,SUBSET
PD_2,NONE,"{""pd_incharge"": ""PD_0""}",BLOCK_a_3b2,HOLD
BLOCK_a_3b3,NONE,"{""pd_incharge"": ""PD_0""}",BLOCK_SPACE_a,SUBSET
PD_2,NONE,"{""pd_incharge"": ""PD_0""}",BLOCK_a_3b3,HOLD
BLOCK_a_3b4,NONE,"{""pd_incharge"": ""PD_0""}",BLOCK_SPACE_a,SUBSET
PD_2,NONE,"{""pd_incharge"": ""PD_0""}",BLOCK_a_3b4,HOLD
BLOCK_a_3b5,NONE,"{""pd_incharge"": ""PD_0""}",BLOCK_SPACE_a,SUBSET
PD_2,NONE,"{""pd_incharge"": ""PD_0""}",BLOCK_a_3b5,HOLD
BLOCK_a_3b6,NONE,"{""pd_incharge"": ""PD_0""}",BLOCK_SPACE_a,SUBSET
PD_2,NONE,"{""pd_incharge"": ""PD_0""}",BLOCK_a_3b6,HOLD
BLOCK_a_3b7,NONE,"{""pd_incharge"": ""PD_0""}",BLOCK_SPACE_a,SUBSET
PD_2,NONE,"{""pd_incharge"": ""PD_0""}",BLOCK_a_3b7,HOLD
BLOCK_a_3b8,NONE,"{""pd_incharge"": ""PD_0""}",BLOCK_SPACE_a,SUBSET
PD_2,NONE,"{""pd_incharge"": ""PD_0""}",BLOCK_a_3b8,HOLD
BLOCK_a_3b9,NONE,"{""pd_incharge"": ""PD_0""}",BLOCK_SPACE_a,SUBSET
PD_2,NONE,"{""pd_incharge"": ""PD_0""}",BLOCK_a_3b9,HOLD
BLOCK_a_3ba,NONE,"{""pd_incharge"": ""PD_0""}",BLOCK_SPACE_a,SUBSET
PD_2,NONE,"{""pd_incharge"": ""PD_0""}",BLOCK_a_3ba,HOLD
BLOCK_a_3bb,NONE,"{""pd_incharge"": ""PD_0""}",BLOCK_SPACE_a,SUBSET
PD_2,NONE,"{""pd_incharge"": ""PD_0""}",BLOCK_a_3bb,HOLD
BLOCK_a_3bc,NONE,"{""pd_incharge"": ""PD_0""}",BLOCK_SPACE_a,SUBSET
PD_2,NONE,"{""pd_incharge"": ""PD_0""}",BLOCK_a_3bc,HOLD
BLOCK_a_3bd,NONE,"{""pd_incharge"": ""PD_0""}",BLOCK_SPACE_a,SUBSET
PD_2,NONE,"{""pd_incharge"": ""PD_0""}",BLOCK_a_3bd,HOLD
BLOCK_a_3be,NONE,"{""pd_incharge"": ""PD_0""}",BLOCK_SPACE_a,SUBSET
PD_2,NONE,"{""pd_incharge"": ""PD_0""}",BLOCK_a_3be,HOLD
BLOCK_a_3bf,NONE,"{""pd_incharge"": ""PD_0""}",BLOCK_SPACE_a,SUBSET
PD_2,NONE,"{""pd_incharge"": ""PD_0""}",BLOCK_a_3bf,HOLD
BLOCK_a_3c0,NONE,"{""pd_incharge"": ""PD_0""}",BLOCK_SPACE_a,SUBSET
PD_2,NONE,"{""pd_incharge"": ""PD_0""}",BLOCK_a_3c0,HOLD
BLOCK_a_3c1,NONE,"{""pd_incharge"": ""PD_0""}",BLOCK_SPACE_a,SUBSET
PD_2,NONE,"{""pd_incharge"": ""PD_0""}",BLOCK_a_3c1,HOLD
BLOCK_a_3c2,NONE,"{""pd_incharge"": ""PD_0""}",BLOCK_SPACE_a,SUBSET
PD_2,NONE,"{""pd_incharge"": ""PD_0""}",BLOCK_a_3c2,HOLD
BLOCK_a_3c3,NONE,"{""pd_incharge"": ""PD_0""}",BLOCK_SPACE_a,SUBSET
PD_2,NONE,"{""pd_incharge"": ""PD_0""}",BLOCK_a_3c3,HOLD
BLOCK_a_3c4,NONE,"{""pd_incharge"": ""PD_0""}",BLOCK_SPACE_a,SUBSET
PD_2,NONE,"{""pd_incharge"": ""PD_0""}",BLOCK_a_3c4,HOLD
BLOCK_a_3c5,NONE,"{""pd_incharge"": ""PD_0""}",BLOCK_SPACE_a,SUBSET
PD_2,NONE,"{""pd_incharge"": ""PD_0""}",BLOCK_a_3c5,HOLD
BLOCK_a_3c6,NONE,"{""pd_incharge"": ""PD_0""}",BLOCK_SPACE_a,SUBSET
PD_2,NONE,"{""pd_incharge"": ""PD_0""}",BLOCK_a_3c6,HOLD
BLOCK_a_3c7,NONE,"{""pd_incharge"": ""PD_0""}",BLOCK_SPACE_a,SUBSET
PD_2,NONE,"{""pd_incharge"": ""PD_0""}",BLOCK_a_3c7,HOLD
BLOCK_a_3c8,NONE,"{""pd_incharge"": ""PD_0""}",BLOCK_SPACE_a,SUBSET
PD_2,NONE,"{""pd_incharge"": ""PD_0""}",BLOCK_a_3c8,HOLD
BLOCK_a_3c9,NONE,"{""pd_incharge"": ""PD_0""}",BLOCK_SPACE_a,SUBSET
PD_2,NONE,"{""pd_incharge"": ""PD_0""}",BLOCK_a_3c9,HOLD
BLOCK_a_3ca,NONE,"{""pd_incharge"": ""PD_0""}",BLOCK_SPACE_a,SUBSET
PD_2,NONE,"{""pd_incharge"": ""PD_0""}",BLOCK_a_3ca,HOLD
BLOCK_a_3cb,NONE,"{""pd_incharge"": ""PD_0""}",BLOCK_SPACE_a,SUBSET
PD_2,NONE,"{""pd_incharge"": ""PD_0""}",BLOCK_a_3cb,HOLD
BLOCK_a_3cc,NONE,"{""pd_incharge"": ""PD_0""}",BLOCK_SPACE_a,SUBSET
PD_2,NONE,"{""pd_incharge"": ""PD_0""}",BLOCK_a_3cc,HOLD
BLOCK_a_3cd,NONE,"{""pd_incharge"": ""PD_0""}",BLOCK_SPACE_a,SUBSET
PD_2,NONE,"{""pd_incharge"": ""PD_0""}",BLOCK_a_3cd,HOLD
BLOCK_a_3ce,NONE,"{""pd_incharge"": ""PD_0""}",BLOCK_SPACE_a,SUBSET
PD_2,NONE,"{""pd_incharge"": ""PD_0""}",BLOCK_a_3ce,HOLD
BLOCK_a_3cf,NONE,"{""pd_incharge"": ""PD_0""}",BLOCK_SPACE_a,SUBSET
PD_2,NONE,"{""pd_incharge"": ""PD_0""}",BLOCK_a_3cf,HOLD
BLOCK_a_3d0,NONE,"{""pd_incharge"": ""PD_0""}",BLOCK_SPACE_a,SUBSET
PD_2,NONE,"{""pd_incharge"": ""PD_0""}",BLOCK_a_3d0,HOLD
BLOCK_a_3d1,NONE,"{""pd_incharge"": ""PD_0""}",BLOCK_SPACE_a,SUBSET
PD_2,NONE,"{""pd_incharge"": ""PD_0""}",BLOCK_a_3d1,HOLD
BLOCK_a_3d2,NONE,"{""pd_incharge"": ""PD_0""}",BLOCK_SPACE_a,SUBSET
PD_2,NONE,"{""pd_incharge"": ""PD_0""}",BLOCK_a_3d2,HOLD
BLOCK_a_3d3,NONE,"{""pd_incharge"": ""PD_0""}",BLOCK_SPACE_a,SUBSET
PD_2,NONE,"{""pd_incharge"": ""PD_0""}",BLOCK_a_3d3,HOLD
BLOCK_a_3d4,NONE,"{""pd_incharge"": ""PD_0""}",BLOCK_SPACE_a,SUBSET
PD_2,NONE,"{""pd_incharge"": ""PD_0""}",BLOCK_a_3d4,HOLD
BLOCK_a_3d5,NONE,"{""pd_incharge"": ""PD_0""}",BLOCK_SPACE_a,SUBSET
PD_2,NONE,"{""pd_incharge"": ""PD_0""}",BLOCK_a_3d5,HOLD
BLOCK_a_3d6,NONE,"{""pd_incharge"": ""PD_0""}",BLOCK_SPACE_a,SUBSET
PD_2,NONE,"{""pd_incharge"": ""PD_0""}",BLOCK_a_3d6,HOLD
BLOCK_a_3d7,NONE,"{""pd_incharge"": ""PD_0""}",BLOCK_SPACE_a,SUBSET
PD_2,NONE,"{""pd_incharge"": ""PD_0""}",BLOCK_a_3d7,HOLD
BLOCK_a_3d8,NONE,"{""pd_incharge"": ""PD_0""}",BLOCK_SPACE_a,SUBSET
PD_2,NONE,"{""pd_incharge"": ""PD_0""}",BLOCK_a_3d8,HOLD
BLOCK_a_3d9,NONE,"{""pd_incharge"": ""PD_0""}",BLOCK_SPACE_a,SUBSET
PD_2,NONE,"{""pd_incharge"": ""PD_0""}",BLOCK_a_3d9,HOLD
BLOCK_a_3da,NONE,"{""pd_incharge"": ""PD_0""}",BLOCK_SPACE_a,SUBSET
PD_2,NONE,"{""pd_incharge"": ""PD_0""}",BLOCK_a_3da,HOLD
BLOCK_a_3db,NONE,"{""pd_incharge"": ""PD_0""}",BLOCK_SPACE_a,SUBSET
PD_2,NONE,"{""pd_incharge"": ""PD_0""}",BLOCK_a_3db,HOLD
BLOCK_a_3dc,NONE,"{""pd_incharge"": ""PD_0""}",BLOCK_SPACE_a,SUBSET
PD_2,NONE,"{""pd_incharge"": ""PD_0""}",BLOCK_a_3dc,HOLD
BLOCK_a_3dd,NONE,"{""pd_incharge"": ""PD_0""}",BLOCK_SPACE_a,SUBSET
PD_2,NONE,"{""pd_incharge"": ""PD_0""}",BLOCK_a_3dd,HOLD
BLOCK_a_3de,NONE,"{""pd_incharge"": ""PD_0""}",BLOCK_SPACE_a,SUBSET
PD_2,NONE,"{""pd_incharge"": ""PD_0""}",BLOCK_a_3de,HOLD
BLOCK_a_3df,NONE,"{""pd_incharge"": ""PD_0""}",BLOCK_SPACE_a,SUBSET
PD_2,NONE,"{""pd_incharge"": ""PD_0""}",BLOCK_a_3df,HOLD
BLOCK_a_3e0,NONE,"{""pd_incharge"": ""PD_0""}",BLOCK_SPACE_a,SUBSET
PD_2,NONE,"{""pd_incharge"": ""PD_0""}",BLOCK_a_3e0,HOLD
BLOCK_a_3e1,NONE,"{""pd_incharge"": ""PD_0""}",BLOCK_SPACE_a,SUBSET
PD_2,NONE,"{""pd_incharge"": ""PD_0""}",BLOCK_a_3e1,HOLD
BLOCK_a_3e2,NONE,"{""pd_incharge"": ""PD_0""}",BLOCK_SPACE_a,SUBSET
PD_2,NONE,"{""pd_incharge"": ""PD_0""}",BLOCK_a_3e2,HOLD
BLOCK_a_3e3,NONE,"{""pd_incharge"": ""PD_0""}",BLOCK_SPACE_a,SUBSET
PD_2,NONE,"{""pd_incharge"": ""PD_0""}",BLOCK_a_3e3,HOLD
BLOCK_a_3e4,NONE,"{""pd_incharge"": ""PD_0""}",BLOCK_SPACE_a,SUBSET
PD_2,NONE,"{""pd_incharge"": ""PD_0""}",BLOCK_a_3e4,HOLD
BLOCK_a_3e5,NONE,"{""pd_incharge"": ""PD_0""}",BLOCK_SPACE_a,SUBSET
PD_2,NONE,"{""pd_incharge"": ""PD_0""}",BLOCK_a_3e5,HOLD
BLOCK_a_3e6,NONE,"{""pd_incharge"": ""PD_0""}",BLOCK_SPACE_a,SUBSET
PD_2,NONE,"{""pd_incharge"": ""PD_0""}",BLOCK_a_3e6,HOLD
BLOCK_a_3e7,NONE,"{""pd_incharge"": ""PD_0""}",BLOCK_SPACE_a,SUBSET
PD_2,NONE,"{""pd_incharge"": ""PD_0""}",BLOCK_a_3e7,HOLD
BLOCK_a_3e8,NONE,"{""pd_incharge"": ""PD_0""}",BLOCK_SPACE_a,SUBSET
PD_2,NONE,"{""pd_incharge"": ""PD_0""}",BLOCK_a_3e8,HOLD
BLOCK_a_3e9,NONE,"{""pd_incharge"": ""PD_0""}",BLOCK_SPACE_a,SUBSET
PD_2,NONE,"{""pd_incharge"": ""PD_0""}",BLOCK_a_3e9,HOLD
BLOCK_a_3ea,NONE,"{""pd_incharge"": ""PD_0""}",BLOCK_SPACE_a,SUBSET
PD_2,NONE,"{""pd_incharge"": ""PD_0""}",BLOCK_a_3ea,HOLD
BLOCK_a_3eb,NONE,"{""pd_incharge"": ""PD_0""}",BLOCK_SPACE_a,SUBSET
PD_2,NONE,"{""pd_incharge"": ""PD_0""}",BLOCK_a_3eb,HOLD
BLOCK_a_3ec,NONE,"{""pd_incharge"": ""PD_0""}",BLOCK_SPACE_a,SUBSET
PD_2,NONE,"{""pd_incharge"": ""PD_0""}",BLOCK_a_3ec,HOLD
BLOCK_a_3ed,NONE,"{""pd_incharge"": ""PD_0""}",BLOCK_SPACE_a,SUBSET
PD_2,NONE,"{""pd_incharge"": ""PD_0""}",BLOCK_a_3ed,HOLD
BLOCK_a_3ee,NONE,"{""pd_incharge"": ""PD_0""}",BLOCK_SPACE_a,SUBSET
PD_2,NONE,"{""pd_incharge"": ""PD_0""}",BLOCK_a_3ee,HOLD
BLOCK_a_3ef,NONE,"{""pd_incharge"": ""PD_0""}",BLOCK_SPACE_a,SUBSET
PD_2,NONE,"{""pd_incharge"": ""PD_0""}",BLOCK_a_3ef,HOLD
BLOCK_a_3f0,NONE,"{""pd_incharge"": ""PD_0""}",BLOCK_SPACE_a,SUBSET
PD_2,NONE,"{""pd_incharge"": ""PD_0""}",BLOCK_a_3f0,HOLD
BLOCK_a_3f1,NONE,"{""pd_incharge"": ""PD_0""}",BLOCK_SPACE_a,SUBSET
PD_2,NONE,"{""pd_incharge"": ""PD_0""}",BLOCK_a_3f1,HOLD
BLOCK_a_3f2,NONE,"{""pd_incharge"": ""PD_0""}",BLOCK_SPACE_a,SUBSET
PD_2,NONE,"{""pd_incharge"": ""PD_0""}",BLOCK_a_3f2,HOLD
BLOCK_a_3f3,NONE,"{""pd_incharge"": ""PD_0""}",BLOCK_SPACE_a,SUBSET
PD_2,NONE,"{""pd_incharge"": ""PD_0""}",BLOCK_a_3f3,HOLD
BLOCK_a_3f4,NONE,"{""pd_incharge"": ""PD_0""}",BLOCK_SPACE_a,SUBSET
PD_2,NONE,"{""pd_incharge"": ""PD_0""}",BLOCK_a_3f4,HOLD
BLOCK_a_3f5,NONE,"{""pd_incharge"": ""PD_0""}",BLOCK_SPACE_a,SUBSET
PD_2,NONE,"{""pd_incharge"": ""PD_0""}",BLOCK_a_3f5,HOLD
BLOCK_a_3f6,NONE,"{""pd_incharge"": ""PD_0""}",BLOCK_SPACE_a,SUBSET
PD_2,NONE,"{""pd_incharge"": ""PD_0""}",BLOCK_a_3f6,HOLD
BLOCK_a_3f7,NONE,"{""pd_incharge"": ""PD_0""}",BLOCK_SPACE_a,SUBSET
PD_2,NONE,"{""pd_incharge"": ""PD_0""}",BLOCK_a_3f7,HOLD
BLOCK_a_3f8,NONE,"{""pd_incharge"": ""PD_0""}",BLOCK_SPACE_a,SUBSET
PD_2,NONE,"{""pd_incharge"": ""PD_0""}",BLOCK_a_3f8,HOLD
BLOCK_a_3f9,NONE,"{""pd_incharge"": ""PD_0""}",BLOCK_SPACE_a,SUBSET
PD_2,NONE,"{""pd_incharge"": ""PD_0""}",BLOCK_a_3f9,HOLD
BLOCK_a_3fa,NONE,"{""pd_incharge"": ""PD_0""}",BLOCK_SPACE_a,SUBSET
PD_2,NONE,"{""pd_incharge"": ""PD_0""}",BLOCK_a_3fa,HOLD
BLOCK_a_3fb,NONE,"{""pd_incharge"": ""PD_0""}",BLOCK_SPACE_a,SUBSET
PD_2,NONE,"{""pd_incharge"": ""PD_0""}",BLOCK_a_3fb,HOLD
BLOCK_a_3fc,NONE,"{""pd_incharge"": ""PD_0""}",BLOCK_SPACE_a,SUBSET
PD_2,NONE,"{""pd_incharge"": ""PD_0""}",BLOCK_a_3fc,HOLD
BLOCK_a_3fd,NONE,"{""pd_incharge"": ""PD_0""}",BLOCK_SPACE_a,SUBSET
PD_2,NONE,"{""pd_incharge"": ""PD_0""}",BLOCK_a_3fd,HOLD
BLOCK_a_3fe,NONE,"{""pd_incharge"": ""PD_0""}",BLOCK_SPACE_a,SUBSET
PD_2,NONE,"{""pd_incharge"": ""PD_0""}",BLOCK_a_3fe,HOLD
BLOCK_a_3ff,NONE,"{""pd_incharge"": ""PD_0""}",BLOCK_SPACE_a,SUBSET
PD_2,NONE,"{""pd_incharge"": ""PD_0""}",BLOCK_a_3ff,HOLD
PD_1,NONE,"{""pd_incharge"": ""PD_0""}",ADS_SPACE_9,HOLD
PD_1,NONE,"{""pd_incharge"": ""PD_0""}",VCPU_5_2,HOLD
PD_1,NONE,"{""pd_incharge"": ""PD_0""}",MO_4_b,HOLD
MO_4_b,NONE,"{""pd_incharge"": ""PD_0""}",MO_SPACE_4,SUBSET
PD_1,NONE,"{""pd_incharge"": ""PD_0""}",MO_4_c,HOLD
MO_4_c,NONE,"{""pd_incharge"": ""PD_0""}",MO_SPACE_4,SUBSET
PD_1,NONE,"{""pd_incharge"": ""PD_0""}",MO_4_d,HOLD
MO_4_d,NONE,"{""pd_incharge"": ""PD_0""}",MO_SPACE_4,SUBSET
PD_1,NONE,"{""pd_incharge"": ""PD_0""}",MO_4_f,HOLD
MO_4_f,NONE,"{""pd_incharge"": ""PD_0""}",MO_SPACE_4,SUBSET
PD_3,VMR,"{""pd_incharge"": ""PD_0""}",PD_0,REQUEST
PD_3,MO,"{""pd_incharge"": ""PD_0""}",PD_0,REQUEST
PD_3,EP,"{""pd_incharge"": ""PD_0""}",PD_0,REQUEST
PD_3,RESSPC,"{""pd_incharge"": ""PD_0""}",PD_0,REQUEST
PD_3,BLOCK,"{""pd_incharge"": ""PD_0""}",PD_2,REQUEST
PD_3,NONE,"{""pd_incharge"": ""PD_0""}",VCPU_5_3,HOLD
VCPU_5_3,NONE,"{""pd_incharge"": ""PD_0""}",VCPU_SPACE_5,SUBSET
VCPU_5_3,NONE,"{""pd_incharge"": ""PD_0""}",PCPU_1_0,MAP
ADS_SPACE_b,NONE,"{""pd_incharge"": ""PD_0""}",MO_SPACE_4,MAP
PD_0,NONE,"{""pd_incharge"": ""PD_0""}",ADS_SPACE_b,HOLD
VMR_b_1,NONE,"{""pd_incharge"": ""PD_0""}",ADS_SPACE_b,SUBSET
PD_3,NONE,"{""pd_incharge"": ""PD_0""}",VMR_b_1,HOLD
VMR_b_2,NONE,"{""pd_incharge"": ""PD_0""}",ADS_SPACE_b,SUBSET
PD_3,NONE,"{""pd_incharge"": ""PD_0""}",VMR_b_2,HOLD
PD_0,NONE,"{""pd_incharge"": ""PD_0""}",MO_4_10,MAP
VMR_b_3,NONE,"{""pd_incharge"": ""PD_0""}",ADS_SPACE_b,SUBSET
PD_3,NONE,"{""pd_incharge"": ""PD_0""}",VMR_b_3,HOLD
PD_0,NONE,"{""pd_incharge"": ""PD_0""}",MO_4_11,MAP
VMR_b_4,NONE,"{""pd_incharge"": ""PD_0""}",ADS_SPACE_b,SUBSET
PD_3,NONE,"{""pd_incharge"": ""PD_0""}",VMR_b_4,HOLD
PD_0,NONE,"{""pd_incharge"": ""PD_0""}",MO_4_12,MAP
VMR_b_5,NONE,"{""pd_incharge"": ""PD_0""}",ADS_SPACE_b,SUBSET
PD_3,NONE,"{""pd_incharge"": ""PD_0""}",VMR_b_5,HOLD
PD_0,NONE,"{""pd_incharge"": ""PD_0""}",MO_4_13,MAP
VMR_b_6,NONE,"{""pd_incharge"": ""PD_0""}",ADS_SPACE_b,SUBSET
PD_3,NONE,"{""pd_incharge"": ""PD_0""}",VMR_b_6,HOLD
PD_0,NONE,"{""pd_incharge"": ""PD_0""}",MO_4_14,MAP
VMR_b_7,NONE,"{""pd_incharge"": ""PD_0""}",ADS_SPACE_b,SUBSET
PD_3,NONE,"{""pd_incharge"": ""PD_0""}",VMR_b_7,HOLD
PD_3,NONE,"{""pd_incharge"": ""PD_0""}",ADS_SPACE_b,HOLD
FILE_SPACE_c,NONE,"{""pd_incharge"": ""PD_3""}",BLOCK_SPACE_a,MAP
PD_3,NONE,"{""pd_incharge"": ""PD_0""}",FILE_SPACE_c,HOLD
PD_3,NONE,"{""pd_incharge"": ""PD_0""}",MO_4_15,HOLD
MO_4_15,NONE,"{""pd_incharge"": ""PD_0""}",MO_SPACE_4,SUBSET
PD_3,NONE,"{""pd_incharge"": ""PD_0""}",BLOCK_a_0,HOLD
PD_3,NONE,"{""pd_incharge"": ""PD_0""}",BLOCK_a_1,HOLD
PD_3,NONE,"{""pd_incharge"": ""PD_0""}",BLOCK_a_2,HOLD
PD_3,NONE,"{""pd_incharge"": ""PD_0""}",BLOCK_a_3,HOLD
PD_3,NONE,"{""pd_incharge"": ""PD_0""}",BLOCK_a_4,HOLD
PD_3,NONE,"{""pd_incharge"": ""PD_0""}",BLOCK_a_5,HOLD
PD_3,NONE,"{""pd_incharge"": ""PD_0""}",BLOCK_a_6,HOLD
PD_3,NONE,"{""pd_incharge"": ""PD_0""}",BLOCK_a_7,HOLD
PD_3,NONE,"{""pd_incharge"": ""PD_0""}",BLOCK_a_8,HOLD
PD_3,NONE,"{""pd_incharge"": ""PD_0""}",BLOCK_a_9,HOLD
PD_3,NONE,"{""pd_incharge"": ""PD_0""}",BLOCK_a_a,HOLD
PD_3,NONE,"{""pd_incharge"": ""PD_0""}",BLOCK_a_b,HOLD
PD_3,NONE,"{""pd_incharge"": ""PD_0""}",BLOCK_a_c,HOLD
PD_3,NONE,"{""pd_incharge"": ""PD_0""}",BLOCK_a_d,HOLD
PD_3,NONE,"{""pd_incharge"": ""PD_0""}",BLOCK_a_e,HOLD
PD_3,NONE,"{""pd_incharge"": ""PD_0""}",BLOCK_a_f,HOLD
PD_3,NONE,"{""pd_incharge"": ""PD_0""}",BLOCK_a_10,HOLD
PD_3,NONE,"{""pd_incharge"": ""PD_0""}",BLOCK_a_11,HOLD
PD_3,NONE,"{""pd_incharge"": ""PD_0""}",BLOCK_a_12,HOLD
PD_3,NONE,"{""pd_incharge"": ""PD_0""}",BLOCK_a_13,HOLD
PD_3,NONE,"{""pd_incharge"": ""PD_0""}",BLOCK_a_14,HOLD
PD_3,NONE,"{""pd_incharge"": ""PD_0""}",BLOCK_a_15,HOLD
PD_3,NONE,"{""pd_incharge"": ""PD_0""}",BLOCK_a_16,HOLD
PD_3,NONE,"{""pd_incharge"": ""PD_0""}",BLOCK_a_17,HOLD
PD_3,NONE,"{""pd_incharge"": ""PD_0""}",BLOCK_a_18,HOLD
PD_3,NONE,"{""pd_incharge"": ""PD_0""}",BLOCK_a_19,HOLD
PD_3,NONE,"{""pd_incharge"": ""PD_0""}",BLOCK_a_1a,HOLD
PD_3,NONE,"{""pd_incharge"": ""PD_0""}",BLOCK_a_1b,HOLD
PD_3,NONE,"{""pd_incharge"": ""PD_0""}",BLOCK_a_1c,HOLD
PD_3,NONE,"{""pd_incharge"": ""PD_0""}",BLOCK_a_1d,HOLD
PD_3,NONE,"{""pd_incharge"": ""PD_0""}",BLOCK_a_1e,HOLD
PD_3,NONE,"{""pd_incharge"": ""PD_0""}",BLOCK_a_1f,HOLD
PD_3,NONE,"{""pd_incharge"": ""PD_0""}",BLOCK_a_20,HOLD
PD_3,NONE,"{""pd_incharge"": ""PD_0""}",BLOCK_a_21,HOLD
PD_3,NONE,"{""pd_incharge"": ""PD_0""}",BLOCK_a_22,HOLD
PD_3,NONE,"{""pd_incharge"": ""PD_0""}",BLOCK_a_23,HOLD
PD_3,NONE,"{""pd_incharge"": ""PD_0""}",BLOCK_a_24,HOLD
PD_3,NONE,"{""pd_incharge"": ""PD_0""}",BLOCK_a_25,HOLD
PD_3,NONE,"{""pd_incharge"": ""PD_0""}",BLOCK_a_26,HOLD
PD_3,NONE,"{""pd_incharge"": ""PD_0""}",BLOCK_a_27,HOLD
PD_3,NONE,"{""pd_incharge"": ""PD_0""}",BLOCK_a_28,HOLD
PD_3,NONE,"{""pd_incharge"": ""PD_0""}",BLOCK_a_29,HOLD
PD_3,NONE,"{""pd_incharge"": ""PD_0""}",BLOCK_a_2a,HOLD
PD_3,NONE,"{""pd_incharge"": ""PD_0""}",BLOCK_a_2b,HOLD
PD_3,NONE,"{""pd_incharge"": ""PD_0""}",BLOCK_a_2c,HOLD
PD_3,NONE,"{""pd_incharge"": ""PD_0""}",BLOCK_a_2d,HOLD
PD_3,NONE,"{""pd_incharge"": ""PD_0""}",BLOCK_a_2e,HOLD
PD_3,NONE,"{""pd_incharge"": ""PD_0""}",BLOCK_a_2f,HOLD
PD_3,NONE,"{""pd_incharge"": ""PD_0""}",BLOCK_a_30,HOLD
PD_3,NONE,"{""pd_incharge"": ""PD_0""}",BLOCK_a_31,HOLD
PD_3,NONE,"{""pd_incharge"": ""PD_0""}",BLOCK_a_32,HOLD
PD_3,NONE,"{""pd_incharge"": ""PD_0""}",BLOCK_a_33,HOLD
PD_3,NONE,"{""pd_incharge"": ""PD_0""}",BLOCK_a_34,HOLD
PD_3,NONE,"{""pd_incharge"": ""PD_0""}",BLOCK_a_35,HOLD
PD_3,NONE,"{""pd_incharge"": ""PD_0""}",BLOCK_a_36,HOLD
PD_3,NONE,"{""pd_incharge"": ""PD_0""}",BLOCK_a_37,HOLD
PD_3,NONE,"{""pd_incharge"": ""PD_0""}",BLOCK_a_38,HOLD
PD_3,NONE,"{""pd_incharge"": ""PD_0""}",BLOCK_a_39,HOLD
PD_3,NONE,"{""pd_incharge"": ""PD_0""}",BLOCK_a_3a,HOLD
PD_3,NONE,"{""pd_incharge"": ""PD_0""}",BLOCK_a_3b,HOLD
PD_3,NONE,"{""pd_incharge"": ""PD_0""}",BLOCK_a_3c,HOLD
PD_3,NONE,"{""pd_incharge"": ""PD_0""}",BLOCK_a_3d,HOLD
PD_3,NONE,"{""pd_incharge"": ""PD_0""}",BLOCK_a_3e,HOLD
PD_3,NONE,"{""pd_incharge"": ""PD_0""}",BLOCK_a_3f,HOLD
PD_3,NONE,"{""pd_incharge"": ""PD_0""}",BLOCK_a_40,HOLD
PD_3,NONE,"{""pd_incharge"": ""PD_0""}",BLOCK_a_41,HOLD
PD_3,NONE,"{""pd_incharge"": ""PD_0""}",BLOCK_a_42,HOLD
PD_3,NONE,"{""pd_incharge"": ""PD_0""}",BLOCK_a_43,HOLD
PD_3,NONE,"{""pd_incharge"": ""PD_0""}",BLOCK_a_44,HOLD
PD_3,NONE,"{""pd_incharge"": ""PD_0""}",BLOCK_a_45,HOLD
PD_3,NONE,"{""pd_incharge"": ""PD_0""}",BLOCK_a_46,HOLD
PD_3,NONE,"{""pd_incharge"": ""PD_0""}",BLOCK_a_47,HOLD
PD_3,NONE,"{""pd_incharge"": ""PD_0""}",BLOCK_a_48,HOLD
PD_3,NONE,"{""pd_incharge"": ""PD_0""}",BLOCK_a_49,HOLD
PD_3,NONE,"{""pd_incharge"": ""PD_0""}",BLOCK_a_4a,HOLD
PD_3,NONE,"{""pd_incharge"": ""PD_0""}",BLOCK_a_4b,HOLD
PD_3,NONE,"{""pd_incharge"": ""PD_0""}",BLOCK_a_4c,HOLD
PD_3,NONE,"{""pd_incharge"": ""PD_0""}",BLOCK_a_4d,HOLD
PD_3,NONE,"{""pd_incharge"": ""PD_0""}",BLOCK_a_4e,HOLD
PD_3,NONE,"{""pd_incharge"": ""PD_0""}",BLOCK_a_4f,HOLD
PD_3,NONE,"{""pd_incharge"": ""PD_0""}",BLOCK_a_50,HOLD
PD_3,NONE,"{""pd_incharge"": ""PD_0""}",BLOCK_a_51,HOLD
PD_3,NONE,"{""pd_incharge"": ""PD_0""}",BLOCK_a_52,HOLD
PD_3,NONE,"{""pd_incharge"": ""PD_0""}",BLOCK_a_53,HOLD
PD_3,NONE,"{""pd_incharge"": ""PD_0""}",BLOCK_a_54,HOLD
PD_3,NONE,"{""pd_incharge"": ""PD_0""}",BLOCK_a_55,HOLD
PD_3,NONE,"{""pd_incharge"": ""PD_0""}",BLOCK_a_56,HOLD
PD_3,NONE,"{""pd_incharge"": ""PD_0""}",BLOCK_a_57,HOLD
PD_3,NONE,"{""pd_incharge"": ""PD_0""}",BLOCK_a_58,HOLD
PD_3,NONE,"{""pd_incharge"": ""PD_0""}",BLOCK_a_59,HOLD
PD_3,NONE,"{""pd_incharge"": ""PD_0""}",BLOCK_a_5a,HOLD
PD_3,NONE,"{""pd_incharge"": ""PD_0""}",BLOCK_a_5b,HOLD
PD_3,NONE,"{""pd_incharge"": ""PD_0""}",BLOCK_a_5c,HOLD
PD_3,NONE,"{""pd_incharge"": ""PD_0""}",BLOCK_a_5d,HOLD
PD_3,NONE,"{""pd_incharge"": ""PD_0""}",BLOCK_a_5e,HOLD
PD_3,NONE,"{""pd_incharge"": ""PD_0""}",BLOCK_a_5f,HOLD
PD_3,NONE,"{""pd_incharge"": ""PD_0""}",BLOCK_a_60,HOLD
PD_3,NONE,"{""pd_incharge"": ""PD_0""}",BLOCK_a_61,HOLD
PD_3,NONE,"{""pd_incharge"": ""PD_0""}",BLOCK_a_62,HOLD
PD_3,NONE,"{""pd_incharge"": ""PD_0""}",BLOCK_a_63,HOLD
PD_3,NONE,"{""pd_incharge"": ""PD_0""}",BLOCK_a_64,HOLD
PD_3,NONE,"{""pd_incharge"": ""PD_0""}",BLOCK_a_65,HOLD
PD_3,NONE,"{""pd_incharge"": ""PD_0""}",BLOCK_a_66,HOLD
PD_3,NONE,"{""pd_incharge"": ""PD_0""}",BLOCK_a_67,HOLD
PD_3,NONE,"{""pd_incharge"": ""PD_0""}",BLOCK_a_68,HOLD
PD_3,NONE,"{""pd_incharge"": ""PD_0""}",BLOCK_a_69,HOLD
PD_3,NONE,"{""pd_incharge"": ""PD_0""}",BLOCK_a_6a,HOLD
PD_3,NONE,"{""pd_incharge"": ""PD_0""}",BLOCK_a_6b,HOLD
PD_3,NONE,"{""pd_incharge"": ""PD_0""}",BLOCK_a_6c,HOLD
PD_3,NONE,"{""pd_incharge"": ""PD_0""}",BLOCK_a_6d,HOLD
PD_3,NONE,"{""pd_incharge"": ""PD_0""}",BLOCK_a_6e,HOLD
PD_3,NONE,"{""pd_incharge"": ""PD_0""}",BLOCK_a_6f,HOLD
PD_3,NONE,"{""pd_incharge"": ""PD_0""}",BLOCK_a_70,HOLD
PD_3,NONE,"{""pd_incharge"": ""PD_0""}",BLOCK_a_71,HOLD
PD_3,NONE,"{""pd_incharge"": ""PD_0""}",BLOCK_a_72,HOLD
PD_3,NONE,"{""pd_incharge"": ""PD_0""}",BLOCK_a_73,HOLD
PD_3,NONE,"{""pd_incharge"": ""PD_0""}",BLOCK_a_74,HOLD
PD_3,NONE,"{""pd_incharge"": ""PD_0""}",BLOCK_a_75,HOLD
PD_3,NONE,"{""pd_incharge"": ""PD_0""}",BLOCK_a_76,HOLD
PD_3,NONE,"{""pd_incharge"": ""PD_0""}",BLOCK_a_77,HOLD
PD_3,NONE,"{""pd_incharge"": ""PD_0""}",BLOCK_a_78,HOLD
PD_3,NONE,"{""pd_incharge"": ""PD_0""}",BLOCK_a_79,HOLD
PD_3,NONE,"{""pd_incharge"": ""PD_0""}",BLOCK_a_7a,HOLD
PD_3,NONE,"{""pd_incharge"": ""PD_0""}",BLOCK_a_7b,HOLD
PD_3,NONE,"{""pd_incharge"": ""PD_0""}",BLOCK_a_7c,HOLD
PD_3,NONE,"{""pd_incharge"": ""PD_0""}",BLOCK_a_7d,HOLD
PD_3,NONE,"{""pd_incharge"": ""PD_0""}",BLOCK_a_7e,HOLD
PD_3,NONE,"{""pd_incharge"": ""PD_0""}",BLOCK_a_7f,HOLD
PD_3,NONE,"{""pd_incharge"": ""PD_0""}",BLOCK_a_80,HOLD
PD_3,NONE,"{""pd_incharge"": ""PD_0""}",BLOCK_a_81,HOLD
PD_3,NONE,"{""pd_incharge"": ""PD_0""}",BLOCK_a_82,HOLD
PD_3,NONE,"{""pd_incharge"": ""PD_0""}",BLOCK_a_83,HOLD
PD_3,NONE,"{""pd_incharge"": ""PD_0""}",BLOCK_a_84,HOLD
PD_3,NONE,"{""pd_incharge"": ""PD_0""}",BLOCK_a_85,HOLD
PD_3,NONE,"{""pd_incharge"": ""PD_0""}",BLOCK_a_86,HOLD
PD_3,NONE,"{""pd_incharge"": ""PD_0""}",BLOCK_a_87,HOLD
PD_3,NONE,"{""pd_incharge"": ""PD_0""}",BLOCK_a_88,HOLD
PD_3,NONE,"{""pd_incharge"": ""PD_0""}",BLOCK_a_89,HOLD
PD_3,NONE,"{""pd_incharge"": ""PD_0""}",BLOCK_a_8a,HOLD
PD_3,NONE,"{""pd_incharge"": ""PD_0""}",BLOCK_a_8b,HOLD
PD_3,NONE,"{""pd_incharge"": ""PD_0""}",BLOCK_a_8c,HOLD
PD_3,NONE,"{""pd_incharge"": ""PD_0""}",BLOCK_a_8d,HOLD
PD_3,NONE,"{""pd_incharge"": ""PD_0""}",BLOCK_a_8e,HOLD
PD_3,NONE,"{""pd_incharge"": ""PD_0""}",BLOCK_a_8f,HOLD
PD_3,NONE,"{""pd_incharge"": ""PD_0""}",BLOCK_a_90,HOLD
PD_3,NONE,"{""pd_incharge"": ""PD_0""}",BLOCK_a_91,HOLD
PD_3,NONE,"{""pd_incharge"": ""PD_0""}",BLOCK_a_92,HOLD
PD_3,NONE,"{""pd_incharge"": ""PD_0""}",BLOCK_a_93,HOLD
PD_3,NONE,"{""pd_incharge"": ""PD_0""}",BLOCK_a_94,HOLD
PD_3,NONE,"{""pd_incharge"": ""PD_0""}",BLOCK_a_95,HOLD
PD_3,NONE,"{""pd_incharge"": ""PD_0""}",BLOCK_a_96,HOLD
PD_3,NONE,"{""pd_incharge"": ""PD_0""}",BLOCK_a_97,HOLD
PD_3,NONE,"{""pd_incharge"": ""PD_0""}",BLOCK_a_98,HOLD
PD_3,NONE,"{""pd_incharge"": ""PD_0""}",BLOCK_a_99,HOLD
PD_3,NONE,"{""pd_incharge"": ""PD_0""}",BLOCK_a_9a,HOLD
PD_3,NONE,"{""pd_incharge"": ""PD_0""}",BLOCK_a_9b,HOLD
PD_3,NONE,"{""pd_incharge"": ""PD_0""}",BLOCK_a_9c,HOLD
PD_3,NONE,"{""pd_incharge"": ""PD_0""}",BLOCK_a_9d,HOLD
PD_3,NONE,"{""pd_incharge"": ""PD_0""}",BLOCK_a_9e,HOLD
PD_3,NONE,"{""pd_incharge"": ""PD_0""}",BLOCK_a_9f,HOLD
PD_3,NONE,"{""pd_incharge"": ""PD_0""}",BLOCK_a_a0,HOLD
PD_3,NONE,"{""pd_incharge"": ""PD_0""}",BLOCK_a_a1,HOLD
PD_3,NONE,"{""pd_incharge"": ""PD_0""}",BLOCK_a_a2,HOLD
PD_3,NONE,"{""pd_incharge"": ""PD_0""}",BLOCK_a_a3,HOLD
PD_3,NONE,"{""pd_incharge"": ""PD_0""}",BLOCK_a_a4,HOLD
PD_3,NONE,"{""pd_incharge"": ""PD_0""}",BLOCK_a_a5,HOLD
PD_3,NONE,"{""pd_incharge"": ""PD_0""}",BLOCK_a_a6,HOLD
PD_3,NONE,"{""pd_incharge"": ""PD_0""}",BLOCK_a_a7,HOLD
PD_3,NONE,"{""pd_incharge"": ""PD_0""}",BLOCK_a_a8,HOLD
PD_3,NONE,"{""pd_incharge"": ""PD_0""}",BLOCK_a_a9,HOLD
PD_3,NONE,"{""pd_incharge"": ""PD_0""}",BLOCK_a_aa,HOLD
PD_3,NONE,"{""pd_incharge"": ""PD_0""}",BLOCK_a_ab,HOLD
PD_3,NONE,"{""pd_incharge"": ""PD_0""}",BLOCK_a_ac,HOLD
PD_3,NONE,"{""pd_incharge"": ""PD_0""}",BLOCK_a_ad,HOLD
PD_3,NONE,"{""pd_incharge"": ""PD_0""}",BLOCK_a_ae,HOLD
PD_3,NONE,"{""pd_incharge"": ""PD_0""}",BLOCK_a_af,HOLD
PD_3,NONE,"{""pd_incharge"": ""PD_0""}",BLOCK_a_b0,HOLD
PD_3,NONE,"{""pd_incharge"": ""PD_0""}",BLOCK_a_b1,HOLD
PD_3,NONE,"{""pd_incharge"": ""PD_0""}",BLOCK_a_b2,HOLD
PD_3,NONE,"{""pd_incharge"": ""PD_0""}",BLOCK_a_b3,HOLD
PD_3,NONE,"{""pd_incharge"": ""PD_0""}",BLOCK_a_b4,HOLD
PD_3,NONE,"{""pd_incharge"": ""PD_0""}",BLOCK_a_b5,HOLD
PD_3,NONE,"{""pd_incharge"": ""PD_0""}",BLOCK_a_b6,HOLD
PD_3,NONE,"{""pd_incharge"": ""PD_0""}",BLOCK_a_b7,HOLD
PD_3,NONE,"{""pd_incharge"": ""PD_0""}",BLOCK_a_b8,HOLD
PD_3,NONE,"{""pd_incharge"": ""PD_0""}",BLOCK_a_b9,HOLD
PD_3,NONE,"{""pd_incharge"": ""PD_0""}",BLOCK_a_ba,HOLD
PD_3,NONE,"{""pd_incharge"": ""PD_0""}",BLOCK_a_bb,HOLD
PD_3,NONE,"{""pd_incharge"": ""PD_0""}",BLOCK_a_bc,HOLD
PD_3,NONE,"{""pd_incharge"": ""PD_0""}",BLOCK_a_bd,HOLD
PD_3,NONE,"{""pd_incharge"": ""PD_0""}",BLOCK_a_be,HOLD
PD_3,NONE,"{""pd_incharge"": ""PD_0""}",BLOCK_a_bf,HOLD
PD_3,NONE,"{""pd_incharge"": ""PD_0""}",BLOCK_a_c0,HOLD
PD_3,NONE,"{""pd_incharge"": ""PD_0""}",BLOCK_a_c1,HOLD
PD_3,NONE,"{""pd_incharge"": ""PD_0""}",BLOCK_a_c2,HOLD
PD_3,NONE,"{""pd_incharge"": ""PD_0""}",BLOCK_a_c3,HOLD
PD_3,NONE,"{""pd_incharge"": ""PD_0""}",BLOCK_a_c4,HOLD
PD_3,NONE,"{""pd_incharge"": ""PD_0""}",BLOCK_a_c5,HOLD
PD_3,NONE,"{""pd_incharge"": ""PD_0""}",BLOCK_a_c6,HOLD
PD_3,NONE,"{""pd_incharge"": ""PD_0""}",BLOCK_a_c7,HOLD
PD_3,NONE,"{""pd_incharge"": ""PD_0""}",BLOCK_a_c8,HOLD
PD_3,NONE,"{""pd_incharge"": ""PD_0""}",BLOCK_a_c9,HOLD
PD_3,NONE,"{""pd_incharge"": ""PD_0""}",BLOCK_a_ca,HOLD
PD_3,NONE,"{""pd_incharge"": ""PD_0""}",BLOCK_a_cb,HOLD
PD_3,NONE,"{""pd_incharge"": ""PD_0""}",BLOCK_a_cc,HOLD
PD_3,NONE,"{""pd_incharge"": ""PD_0""}",BLOCK_a_cd,HOLD
PD_3,NONE,"{""pd_incharge"": ""PD_0""}",BLOCK_a_ce,HOLD
PD_3,NONE,"{""pd_incharge"": ""PD_0""}",BLOCK_a_cf,HOLD
PD_3,NONE,"{""pd_incharge"": ""PD_0""}",BLOCK_a_d0,HOLD
PD_3,NONE,"{""pd_incharge"": ""PD_0""}",BLOCK_a_d1,HOLD
PD_3,NONE,"{""pd_incharge"": ""PD_0""}",BLOCK_a_d2,HOLD
PD_3,NONE,"{""pd_incharge"": ""PD_0""}",BLOCK_a_d3,HOLD
PD_3,NONE,"{""pd_incharge"": ""PD_0""}",BLOCK_a_d4,HOLD
PD_3,NONE,"{""pd_incharge"": ""PD_0""}",BLOCK_a_d5,HOLD
PD_3,NONE,"{""pd_incharge"": ""PD_0""}",BLOCK_a_d6,HOLD
PD_3,NONE,"{""pd_incharge"": ""PD_0""}",BLOCK_a_d7,HOLD
PD_3,NONE,"{""pd_incharge"": ""PD_0""}",BLOCK_a_d8,HOLD
PD_3,NONE,"{""pd_incharge"": ""PD_0""}",BLOCK_a_d9,HOLD
PD_3,NONE,"{""pd_incharge"": ""PD_0""}",BLOCK_a_da,HOLD
PD_3,NONE,"{""pd_incharge"": ""PD_0""}",BLOCK_a_db,HOLD
PD_3,NONE,"{""pd_incharge"": ""PD_0""}",BLOCK_a_dc,HOLD
PD_3,NONE,"{""pd_incharge"": ""PD_0""}",BLOCK_a_dd,HOLD
PD_3,NONE,"{""pd_incharge"": ""PD_0""}",BLOCK_a_de,HOLD
PD_3,NONE,"{""pd_incharge"": ""PD_0""}",BLOCK_a_df,HOLD
PD_3,NONE,"{""pd_incharge"": ""PD_0""}",BLOCK_a_e0,HOLD
PD_3,NONE,"{""pd_incharge"": ""PD_0""}",BLOCK_a_e1,HOLD
PD_3,NONE,"{""pd_incharge"": ""PD_0""}",BLOCK_a_e2,HOLD
PD_3,NONE,"{""pd_incharge"": ""PD_0""}",BLOCK_a_e3,HOLD
PD_3,NONE,"{""pd_incharge"": ""PD_0""}",BLOCK_a_e4,HOLD
PD_3,NONE,"{""pd_incharge"": ""PD_0""}",BLOCK_a_e5,HOLD
PD_3,NONE,"{""pd_incharge"": ""PD_0""}",BLOCK_a_e6,HOLD
PD_3,NONE,"{""pd_incharge"": ""PD_0""}",BLOCK_a_e7,HOLD
PD_3,NONE,"{""pd_incharge"": ""PD_0""}",BLOCK_a_e8,HOLD
PD_3,NONE,"{""pd_incharge"": ""PD_0""}",BLOCK_a_e9,HOLD
PD_3,NONE,"{""pd_incharge"": ""PD_0""}",BLOCK_a_ea,HOLD
PD_3,NONE,"{""pd_incharge"": ""PD_0""}",BLOCK_a_eb,HOLD
PD_3,NONE,"{""pd_incharge"": ""PD_0""}",BLOCK_a_ec,HOLD
PD_3,NONE,"{""pd_incharge"": ""PD_0""}",BLOCK_a_ed,HOLD
PD_3,NONE,"{""pd_incharge"": ""PD_0""}",BLOCK_a_ee,HOLD
PD_3,NONE,"{""pd_incharge"": ""PD_0""}",BLOCK_a_ef,HOLD
PD_3,NONE,"{""pd_incharge"": ""PD_0""}",BLOCK_a_f0,HOLD
PD_3,NONE,"{""pd_incharge"": ""PD_0""}",BLOCK_a_f1,HOLD
PD_3,NONE,"{""pd_incharge"": ""PD_0""}",BLOCK_a_f2,HOLD
PD_3,NONE,"{""pd_incharge"": ""PD_0""}",BLOCK_a_f3,HOLD
PD_3,NONE,"{""pd_incharge"": ""PD_0""}",BLOCK_a_f4,HOLD
PD_3,NONE,"{""pd_incharge"": ""PD_0""}",BLOCK_a_f5,HOLD
PD_3,NONE,"{""pd_incharge"": ""PD_0""}",BLOCK_a_f6,HOLD
PD_3,NONE,"{""pd_incharge"": ""PD_0""}",BLOCK_a_f7,HOLD
PD_3,NONE,"{""pd_incharge"": ""PD_0""}",BLOCK_a_f8,HOLD
PD_3,NONE,"{""pd_incharge"": ""PD_0""}",BLOCK_a_f9,HOLD
PD_3,NONE,"{""pd_incharge"": ""PD_0""}",BLOCK_a_fa,HOLD
PD_3,NONE,"{""pd_incharge"": ""PD_0""}",BLOCK_a_fb,HOLD
PD_3,NONE,"{""pd_incharge"": ""PD_0""}",BLOCK_a_fc,HOLD
PD_3,NONE,"{""pd_incharge"": ""PD_0""}",BLOCK_a_fd,HOLD
PD_3,NONE,"{""pd_incharge"": ""PD_0""}",BLOCK_a_fe,HOLD
PD_3,NONE,"{""pd_incharge"": ""PD_0""}",BLOCK_a_ff,HOLD
PD_3,NONE,"{""pd_incharge"": ""PD_0""}",BLOCK_a_100,HOLD
PD_3,NONE,"{""pd_incharge"": ""PD_0""}",BLOCK_a_101,HOLD
PD_3,NONE,"{""pd_incharge"": ""PD_0""}",BLOCK_a_102,HOLD
PD_3,NONE,"{""pd_incharge"": ""PD_0""}",BLOCK_a_103,HOLD
PD_3,NONE,"{""pd_incharge"": ""PD_0""}",BLOCK_a_104,HOLD
PD_3,NONE,"{""pd_incharge"": ""PD_0""}",BLOCK_a_105,HOLD
PD_3,NONE,"{""pd_incharge"": ""PD_0""}",BLOCK_a_106,HOLD
PD_3,NONE,"{""pd_incharge"": ""PD_0""}",BLOCK_a_107,HOLD
PD_3,NONE,"{""pd_incharge"": ""PD_0""}",BLOCK_a_108,HOLD
PD_3,NONE,"{""pd_incharge"": ""PD_0""}",BLOCK_a_109,HOLD
PD_3,NONE,"{""pd_incharge"": ""PD_0""}",BLOCK_a_10a,HOLD
PD_3,NONE,"{""pd_incharge"": ""PD_0""}",BLOCK_a_10b,HOLD
PD_3,NONE,"{""pd_incharge"": ""PD_0""}",BLOCK_a_10c,HOLD
PD_3,NONE,"{""pd_incharge"": ""PD_0""}",BLOCK_a_10d,HOLD
PD_3,NONE,"{""pd_incharge"": ""PD_0""}",BLOCK_a_10e,HOLD
PD_3,NONE,"{""pd_incharge"": ""PD_0""}",BLOCK_a_10f,HOLD
PD_3,NONE,"{""pd_incharge"": ""PD_0""}",BLOCK_a_110,HOLD
PD_3,NONE,"{""pd_incharge"": ""PD_0""}",BLOCK_a_111,HOLD
PD_3,NONE,"{""pd_incharge"": ""PD_0""}",BLOCK_a_112,HOLD
PD_3,NONE,"{""pd_incharge"": ""PD_0""}",BLOCK_a_113,HOLD
PD_3,NONE,"{""pd_incharge"": ""PD_0""}",BLOCK_a_114,HOLD
PD_3,NONE,"{""pd_incharge"": ""PD_0""}",BLOCK_a_115,HOLD
PD_3,NONE,"{""pd_incharge"": ""PD_0""}",BLOCK_a_116,HOLD
PD_3,NONE,"{""pd_incharge"": ""PD_0""}",BLOCK_a_117,HOLD
PD_3,NONE,"{""pd_incharge"": ""PD_0""}",BLOCK_a_118,HOLD
PD_3,NONE,"{""pd_incharge"": ""PD_0""}",BLOCK_a_119,HOLD
PD_3,NONE,"{""pd_incharge"": ""PD_0""}",BLOCK_a_11a,HOLD
PD_3,NONE,"{""pd_incharge"": ""PD_0""}",BLOCK_a_11b,HOLD
PD_3,NONE,"{""pd_incharge"": ""PD_0""}",BLOCK_a_11c,HOLD
PD_3,NONE,"{""pd_incharge"": ""PD_0""}",BLOCK_a_11d,HOLD
PD_3,NONE,"{""pd_incharge"": ""PD_0""}",BLOCK_a_11e,HOLD
PD_3,NONE,"{""pd_incharge"": ""PD_0""}",BLOCK_a_11f,HOLD
PD_3,NONE,"{""pd_incharge"": ""PD_0""}",BLOCK_a_120,HOLD
PD_3,NONE,"{""pd_incharge"": ""PD_0""}",BLOCK_a_121,HOLD
PD_3,NONE,"{""pd_incharge"": ""PD_0""}",BLOCK_a_122,HOLD
PD_3,NONE,"{""pd_incharge"": ""PD_0""}",BLOCK_a_123,HOLD
PD_3,NONE,"{""pd_incharge"": ""PD_0""}",BLOCK_a_124,HOLD
PD_3,NONE,"{""pd_incharge"": ""PD_0""}",BLOCK_a_125,HOLD
PD_3,NONE,"{""pd_incharge"": ""PD_0""}",BLOCK_a_126,HOLD
PD_3,NONE,"{""pd_incharge"": ""PD_0""}",BLOCK_a_127,HOLD
PD_3,NONE,"{""pd_incharge"": ""PD_0""}",BLOCK_a_128,HOLD
PD_3,NONE,"{""pd_incharge"": ""PD_0""}",BLOCK_a_129,HOLD
PD_3,NONE,"{""pd_incharge"": ""PD_0""}",BLOCK_a_12a,HOLD
PD_3,NONE,"{""pd_incharge"": ""PD_0""}",BLOCK_a_12b,HOLD
PD_3,NONE,"{""pd_incharge"": ""PD_0""}",BLOCK_a_12c,HOLD
PD_3,NONE,"{""pd_incharge"": ""PD_0""}",BLOCK_a_12d,HOLD
PD_3,NONE,"{""pd_incharge"": ""PD_0""}",BLOCK_a_12e,HOLD
PD_3,NONE,"{""pd_incharge"": ""PD_0""}",BLOCK_a_12f,HOLD
PD_3,NONE,"{""pd_incharge"": ""PD_0""}",BLOCK_a_130,HOLD
PD_3,NONE,"{""pd_incharge"": ""PD_0""}",BLOCK_a_131,HOLD
PD_3,NONE,"{""pd_incharge"": ""PD_0""}",BLOCK_a_132,HOLD
PD_3,NONE,"{""pd_incharge"": ""PD_0""}",BLOCK_a_133,HOLD
PD_3,NONE,"{""pd_incharge"": ""PD_0""}",BLOCK_a_134,HOLD
PD_3,NONE,"{""pd_incharge"": ""PD_0""}",BLOCK_a_135,HOLD
PD_3,NONE,"{""pd_incharge"": ""PD_0""}",BLOCK_a_136,HOLD
PD_3,NONE,"{""pd_incharge"": ""PD_0""}",BLOCK_a_137,HOLD
PD_3,NONE,"{""pd_incharge"": ""PD_0""}",BLOCK_a_138,HOLD
PD_3,NONE,"{""pd_incharge"": ""PD_0""}",BLOCK_a_139,HOLD
PD_3,NONE,"{""pd_incharge"": ""PD_0""}",BLOCK_a_13a,HOLD
PD_3,NONE,"{""pd_incharge"": ""PD_0""}",BLOCK_a_13b,HOLD
PD_3,NONE,"{""pd_incharge"": ""PD_0""}",BLOCK_a_13c,HOLD
PD_3,NONE,"{""pd_incharge"": ""PD_0""}",BLOCK_a_13d,HOLD
PD_3,NONE,"{""pd_incharge"": ""PD_0""}",BLOCK_a_13e,HOLD
PD_3,NONE,"{""pd_incharge"": ""PD_0""}",BLOCK_a_13f,HOLD
PD_3,NONE,"{""pd_incharge"": ""PD_0""}",BLOCK_a_140,HOLD
PD_3,NONE,"{""pd_incharge"": ""PD_0""}",BLOCK_a_141,HOLD
PD_3,NONE,"{""pd_incharge"": ""PD_0""}",BLOCK_a_142,HOLD
PD_3,NONE,"{""pd_incharge"": ""PD_0""}",BLOCK_a_143,HOLD
PD_3,NONE,"{""pd_incharge"": ""PD_0""}",BLOCK_a_144,HOLD
PD_3,NONE,"{""pd_incharge"": ""PD_0""}",BLOCK_a_145,HOLD
PD_3,NONE,"{""pd_incharge"": ""PD_0""}",BLOCK_a_146,HOLD
PD_3,NONE,"{""pd_incharge"": ""PD_0""}",BLOCK_a_147,HOLD
PD_3,NONE,"{""pd_incharge"": ""PD_0""}",BLOCK_a_148,HOLD
PD_3,NONE,"{""pd_incharge"": ""PD_0""}",BLOCK_a_149,HOLD
PD_3,NONE,"{""pd_incharge"": ""PD_0""}",BLOCK_a_14a,HOLD
PD_3,NONE,"{""pd_incharge"": ""PD_0""}",BLOCK_a_14b,HOLD
PD_3,NONE,"{""pd_incharge"": ""PD_0""}",BLOCK_a_14c,HOLD
PD_3,NONE,"{""pd_incharge"": ""PD_0""}",BLOCK_a_14d,HOLD
PD_3,NONE,"{""pd_incharge"": ""PD_0""}",BLOCK_a_14e,HOLD
PD_3,NONE,"{""pd_incharge"": ""PD_0""}",BLOCK_a_14f,HOLD
PD_3,NONE,"{""pd_incharge"": ""PD_0""}",BLOCK_a_150,HOLD
PD_3,NONE,"{""pd_incharge"": ""PD_0""}",BLOCK_a_151,HOLD
PD_3,NONE,"{""pd_incharge"": ""PD_0""}",BLOCK_a_152,HOLD
PD_3,NONE,"{""pd_incharge"": ""PD_0""}",BLOCK_a_153,HOLD
PD_3,NONE,"{""pd_incharge"": ""PD_0""}",BLOCK_a_154,HOLD
PD_3,NONE,"{""pd_incharge"": ""PD_0""}",BLOCK_a_155,HOLD
PD_3,NONE,"{""pd_incharge"": ""PD_0""}",BLOCK_a_156,HOLD
PD_3,NONE,"{""pd_incharge"": ""PD_0""}",BLOCK_a_157,HOLD
PD_3,NONE,"{""pd_incharge"": ""PD_0""}",BLOCK_a_158,HOLD
PD_3,NONE,"{""pd_incharge"": ""PD_0""}",BLOCK_a_159,HOLD
PD_3,NONE,"{""pd_incharge"": ""PD_0""}",BLOCK_a_15a,HOLD
PD_3,NONE,"{""pd_incharge"": ""PD_0""}",BLOCK_a_15b,HOLD
PD_3,NONE,"{""pd_incharge"": ""PD_0""}",BLOCK_a_15c,HOLD
PD_3,NONE,"{""pd_incharge"": ""PD_0""}",BLOCK_a_15d,HOLD
PD_3,NONE,"{""pd_incharge"": ""PD_0""}",BLOCK_a_15e,HOLD
PD_3,NONE,"{""pd_incharge"": ""PD_0""}",BLOCK_a_15f,HOLD
PD_3,NONE,"{""pd_incharge"": ""PD_0""}",BLOCK_a_160,HOLD
PD_3,NONE,"{""pd_incharge"": ""PD_0""}",BLOCK_a_161,HOLD
PD_3,NONE,"{""pd_incharge"": ""PD_0""}",BLOCK_a_162,HOLD
PD_3,NONE,"{""pd_incharge"": ""PD_0""}",BLOCK_a_163,HOLD
PD_3,NONE,"{""pd_incharge"": ""PD_0""}",BLOCK_a_164,HOLD
PD_3,NONE,"{""pd_incharge"": ""PD_0""}",BLOCK_a_165,HOLD
PD_3,NONE,"{""pd_incharge"": ""PD_0""}",BLOCK_a_166,HOLD
PD_3,NONE,"{""pd_incharge"": ""PD_0""}",BLOCK_a_167,HOLD
PD_3,NONE,"{""pd_incharge"": ""PD_0""}",BLOCK_a_168,HOLD
PD_3,NONE,"{""pd_incharge"": ""PD_0""}",BLOCK_a_169,HOLD
PD_3,NONE,"{""pd_incharge"": ""PD_0""}",BLOCK_a_16a,HOLD
PD_3,NONE,"{""pd_incharge"": ""PD_0""}",BLOCK_a_16b,HOLD
PD_3,NONE,"{""pd_incharge"": ""PD_0""}",BLOCK_a_16c,HOLD
PD_3,NONE,"{""pd_incharge"": ""PD_0""}",BLOCK_a_16d,HOLD
PD_3,NONE,"{""pd_incharge"": ""PD_0""}",BLOCK_a_16e,HOLD
PD_3,NONE,"{""pd_incharge"": ""PD_0""}",BLOCK_a_16f,HOLD
PD_3,NONE,"{""pd_incharge"": ""PD_0""}",BLOCK_a_170,HOLD
PD_3,NONE,"{""pd_incharge"": ""PD_0""}",BLOCK_a_171,HOLD
PD_3,NONE,"{""pd_incharge"": ""PD_0""}",BLOCK_a_172,HOLD
PD_3,NONE,"{""pd_incharge"": ""PD_0""}",BLOCK_a_173,HOLD
PD_3,NONE,"{""pd_incharge"": ""PD_0""}",BLOCK_a_174,HOLD
PD_3,NONE,"{""pd_incharge"": ""PD_0""}",BLOCK_a_175,HOLD
PD_3,NONE,"{""pd_incharge"": ""PD_0""}",BLOCK_a_176,HOLD
PD_3,NONE,"{""pd_incharge"": ""PD_0""}",BLOCK_a_177,HOLD
PD_3,NONE,"{""pd_incharge"": ""PD_0""}",BLOCK_a_178,HOLD
PD_3,NONE,"{""pd_incharge"": ""PD_0""}",BLOCK_a_179,HOLD
PD_3,NONE,"{""pd_incharge"": ""PD_0""}",BLOCK_a_17a,HOLD
PD_3,NONE,"{""pd_incharge"": ""PD_0""}",BLOCK_a_17b,HOLD
PD_3,NONE,"{""pd_incharge"": ""PD_0""}",BLOCK_a_17c,HOLD
PD_3,NONE,"{""pd_incharge"": ""PD_0""}",BLOCK_a_17d,HOLD
PD_3,NONE,"{""pd_incharge"": ""PD_0""}",BLOCK_a_17e,HOLD
PD_3,NONE,"{""pd_incharge"": ""PD_0""}",BLOCK_a_17f,HOLD
PD_3,NONE,"{""pd_incharge"": ""PD_0""}",BLOCK_a_180,HOLD
PD_3,NONE,"{""pd_incharge"": ""PD_0""}",BLOCK_a_181,HOLD
PD_3,NONE,"{""pd_incharge"": ""PD_0""}",BLOCK_a_182,HOLD
PD_3,NONE,"{""pd_incharge"": ""PD_0""}",BLOCK_a_183,HOLD
PD_3,NONE,"{""pd_incharge"": ""PD_0""}",BLOCK_a_184,HOLD
PD_3,NONE,"{""pd_incharge"": ""PD_0""}",BLOCK_a_185,HOLD
PD_3,NONE,"{""pd_incharge"": ""PD_0""}",BLOCK_a_186,HOLD
PD_3,NONE,"{""pd_incharge"": ""PD_0""}",BLOCK_a_187,HOLD
PD_3,NONE,"{""pd_incharge"": ""PD_0""}",BLOCK_a_188,HOLD
PD_3,NONE,"{""pd_incharge"": ""PD_0""}",BLOCK_a_189,HOLD
PD_3,NONE,"{""pd_incharge"": ""PD_0""}",BLOCK_a_18a,HOLD
PD_3,NONE,"{""pd_incharge"": ""PD_0""}",BLOCK_a_18b,HOLD
PD_3,NONE,"{""pd_incharge"": ""PD_0""}",BLOCK_a_18c,HOLD
PD_3,NONE,"{""pd_incharge"": ""PD_0""}",BLOCK_a_18d,HOLD
PD_3,NONE,"{""pd_incharge"": ""PD_0""}",BLOCK_a_18e,HOLD
PD_3,NONE,"{""pd_incharge"": ""PD_0""}",BLOCK_a_18f,HOLD
PD_3,NONE,"{""pd_incharge"": ""PD_0""}",BLOCK_a_190,HOLD
PD_3,NONE,"{""pd_incharge"": ""PD_0""}",BLOCK_a_191,HOLD
PD_3,NONE,"{""pd_incharge"": ""PD_0""}",BLOCK_a_192,HOLD
PD_3,NONE,"{""pd_incharge"": ""PD_0""}",BLOCK_a_193,HOLD
PD_3,NONE,"{""pd_incharge"": ""PD_0""}",BLOCK_a_194,HOLD
PD_3,NONE,"{""pd_incharge"": ""PD_0""}",BLOCK_a_195,HOLD
PD_3,NONE,"{""pd_incharge"": ""PD_0""}",BLOCK_a_196,HOLD
PD_3,NONE,"{""pd_incharge"": ""PD_0""}",BLOCK_a_197,HOLD
PD_3,NONE,"{""pd_incharge"": ""PD_0""}",BLOCK_a_198,HOLD
PD_3,NONE,"{""pd_incharge"": ""PD_0""}",BLOCK_a_199,HOLD
PD_3,NONE,"{""pd_incharge"": ""PD_0""}",BLOCK_a_19a,HOLD
PD_3,NONE,"{""pd_incharge"": ""PD_0""}",BLOCK_a_19b,HOLD
PD_3,NONE,"{""pd_incharge"": ""PD_0""}",BLOCK_a_19c,HOLD
PD_3,NONE,"{""pd_incharge"": ""PD_0""}",BLOCK_a_19d,HOLD
PD_3,NONE,"{""pd_incharge"": ""PD_0""}",BLOCK_a_19e,HOLD
PD_3,NONE,"{""pd_incharge"": ""PD_0""}",BLOCK_a_19f,HOLD
PD_3,NONE,"{""pd_incharge"": ""PD_0""}",BLOCK_a_1a0,HOLD
PD_3,NONE,"{""pd_incharge"": ""PD_0""}",BLOCK_a_1a1,HOLD
PD_3,NONE,"{""pd_incharge"": ""PD_0""}",BLOCK_a_1a2,HOLD
PD_3,NONE,"{""pd_incharge"": ""PD_0""}",BLOCK_a_1a3,HOLD
PD_3,NONE,"{""pd_incharge"": ""PD_0""}",BLOCK_a_1a4,HOLD
PD_3,NONE,"{""pd_incharge"": ""PD_0""}",BLOCK_a_1a5,HOLD
PD_3,NONE,"{""pd_incharge"": ""PD_0""}",BLOCK_a_1a6,HOLD
PD_3,NONE,"{""pd_incharge"": ""PD_0""}",BLOCK_a_1a7,HOLD
PD_3,NONE,"{""pd_incharge"": ""PD_0""}",BLOCK_a_1a8,HOLD
PD_3,NONE,"{""pd_incharge"": ""PD_0""}",BLOCK_a_1a9,HOLD
PD_3,NONE,"{""pd_incharge"": ""PD_0""}",BLOCK_a_1aa,HOLD
PD_3,NONE,"{""pd_incharge"": ""PD_0""}",BLOCK_a_1ab,HOLD
PD_3,NONE,"{""pd_incharge"": ""PD_0""}",BLOCK_a_1ac,HOLD
PD_3,NONE,"{""pd_incharge"": ""PD_0""}",BLOCK_a_1ad,HOLD
PD_3,NONE,"{""pd_incharge"": ""PD_0""}",BLOCK_a_1ae,HOLD
PD_3,NONE,"{""pd_incharge"": ""PD_0""}",BLOCK_a_1af,HOLD
PD_3,NONE,"{""pd_incharge"": ""PD_0""}",BLOCK_a_1b0,HOLD
PD_3,NONE,"{""pd_incharge"": ""PD_0""}",BLOCK_a_1b1,HOLD
PD_3,NONE,"{""pd_incharge"": ""PD_0""}",BLOCK_a_1b2,HOLD
PD_3,NONE,"{""pd_incharge"": ""PD_0""}",BLOCK_a_1b3,HOLD
PD_3,NONE,"{""pd_incharge"": ""PD_0""}",BLOCK_a_1b4,HOLD
PD_3,NONE,"{""pd_incharge"": ""PD_0""}",BLOCK_a_1b5,HOLD
PD_3,NONE,"{""pd_incharge"": ""PD_0""}",BLOCK_a_1b6,HOLD
PD_3,NONE,"{""pd_incharge"": ""PD_0""}",BLOCK_a_1b7,HOLD
PD_3,NONE,"{""pd_incharge"": ""PD_0""}",BLOCK_a_1b8,HOLD
PD_3,NONE,"{""pd_incharge"": ""PD_0""}",BLOCK_a_1b9,HOLD
PD_3,NONE,"{""pd_incharge"": ""PD_0""}",BLOCK_a_1ba,HOLD
PD_3,NONE,"{""pd_incharge"": ""PD_0""}",BLOCK_a_1bb,HOLD
PD_3,NONE,"{""pd_incharge"": ""PD_0""}",BLOCK_a_1bc,HOLD
PD_3,NONE,"{""pd_incharge"": ""PD_0""}",BLOCK_a_1bd,HOLD
PD_3,NONE,"{""pd_incharge"": ""PD_0""}",BLOCK_a_1be,HOLD
PD_3,NONE,"{""pd_incharge"": ""PD_0""}",BLOCK_a_1bf,HOLD
PD_3,NONE,"{""pd_incharge"": ""PD_0""}",BLOCK_a_1c0,HOLD
PD_3,NONE,"{""pd_incharge"": ""PD_0""}",BLOCK_a_1c1,HOLD
PD_3,NONE,"{""pd_incharge"": ""PD_0""}",BLOCK_a_1c2,HOLD
PD_3,NONE,"{""pd_incharge"": ""PD_0""}",BLOCK_a_1c3,HOLD
PD_3,NONE,"{""pd_incharge"": ""PD_0""}",BLOCK_a_1c4,HOLD
PD_3,NONE,"{""pd_incharge"": ""PD_0""}",BLOCK_a_1c5,HOLD
PD_3,NONE,"{""pd_incharge"": ""PD_0""}",BLOCK_a_1c6,HOLD
PD_3,NONE,"{""pd_incharge"": ""PD_0""}",BLOCK_a_1c7,HOLD
PD_3,NONE,"{""pd_incharge"": ""PD_0""}",BLOCK_a_1c8,HOLD
PD_3,NONE,"{""pd_incharge"": ""PD_0""}",BLOCK_a_1c9,HOLD
PD_3,NONE,"{""pd_incharge"": ""PD_0""}",BLOCK_a_1ca,HOLD
PD_3,NONE,"{""pd_incharge"": ""PD_0""}",BLOCK_a_1cb,HOLD
PD_3,NONE,"{""pd_incharge"": ""PD_0""}",BLOCK_a_1cc,HOLD
PD_3,NONE,"{""pd_incharge"": ""PD_0""}",BLOCK_a_1cd,HOLD
PD_3,NONE,"{""pd_incharge"": ""PD_0""}",BLOCK_a_1ce,HOLD
PD_3,NONE,"{""pd_incharge"": ""PD_0""}",BLOCK_a_1cf,HOLD
PD_3,NONE,"{""pd_incharge"": ""PD_0""}",BLOCK_a_1d0,HOLD
PD_3,NONE,"{""pd_incharge"": ""PD_0""}",BLOCK_a_1d1,HOLD
PD_3,NONE,"{""pd_incharge"": ""PD_0""}",BLOCK_a_1d2,HOLD
PD_3,NONE,"{""pd_incharge"": ""PD_0""}",BLOCK_a_1d3,HOLD
PD_3,NONE,"{""pd_incharge"": ""PD_0""}",BLOCK_a_1d4,HOLD
PD_3,NONE,"{""pd_incharge"": ""PD_0""}",BLOCK_a_1d5,HOLD
PD_3,NONE,"{""pd_incharge"": ""PD_0""}",BLOCK_a_1d6,HOLD
PD_3,NONE,"{""pd_incharge"": ""PD_0""}",BLOCK_a_1d7,HOLD
PD_3,NONE,"{""pd_incharge"": ""PD_0""}",BLOCK_a_1d8,HOLD
PD_3,NONE,"{""pd_incharge"": ""PD_0""}",BLOCK_a_1d9,HOLD
PD_3,NONE,"{""pd_incharge"": ""PD_0""}",BLOCK_a_1da,HOLD
PD_3,NONE,"{""pd_incharge"": ""PD_0""}",BLOCK_a_1db,HOLD
PD_3,NONE,"{""pd_incharge"": ""PD_0""}",BLOCK_a_1dc,HOLD
PD_3,NONE,"{""pd_incharge"": ""PD_0""}",BLOCK_a_1dd,HOLD
PD_3,NONE,"{""pd_incharge"": ""PD_0""}",BLOCK_a_1de,HOLD
PD_3,NONE,"{""pd_incharge"": ""PD_0""}",BLOCK_a_1df,HOLD
PD_3,NONE,"{""pd_incharge"": ""PD_0""}",BLOCK_a_1e0,HOLD
PD_3,NONE,"{""pd_incharge"": ""PD_0""}",BLOCK_a_1e1,HOLD
PD_3,NONE,"{""pd_incharge"": ""PD_0""}",BLOCK_a_1e2,HOLD
PD_3,NONE,"{""pd_incharge"": ""PD_0""}",BLOCK_a_1e3,HOLD
PD_3,NONE,"{""pd_incharge"": ""PD_0""}",BLOCK_a_1e4,HOLD
PD_3,NONE,"{""pd_incharge"": ""PD_0""}",BLOCK_a_1e5,HOLD
PD_3,NONE,"{""pd_incharge"": ""PD_0""}",BLOCK_a_1e6,HOLD
PD_3,NONE,"{""pd_incharge"": ""PD_0""}",BLOCK_a_1e7,HOLD
PD_3,NONE,"{""pd_incharge"": ""PD_0""}",BLOCK_a_1e8,HOLD
PD_3,NONE,"{""pd_incharge"": ""PD_0""}",BLOCK_a_1e9,HOLD
PD_3,NONE,"{""pd_incharge"": ""PD_0""}",BLOCK_a_1ea,HOLD
PD_3,NONE,"{""pd_incharge"": ""PD_0""}",BLOCK_a_1eb,HOLD
PD_3,NONE,"{""pd_incharge"": ""PD_0""}",BLOCK_a_1ec,HOLD
PD_3,NONE,"{""pd_incharge"": ""PD_0""}",BLOCK_a_1ed,HOLD
PD_3,NONE,"{""pd_incharge"": ""PD_0""}",BLOCK_a_1ee,HOLD
PD_3,NONE,"{""pd_incharge"": ""PD_0""}",BLOCK_a_1ef,HOLD
PD_3,NONE,"{""pd_incharge"": ""PD_0""}",BLOCK_a_1f0,HOLD
PD_3,NONE,"{""pd_incharge"": ""PD_0""}",BLOCK_a_1f1,HOLD
PD_3,NONE,"{""pd_incharge"": ""PD_0""}",BLOCK_a_1f2,HOLD
PD_3,NONE,"{""pd_incharge"": ""PD_0""}",BLOCK_a_1f3,HOLD
PD_3,NONE,"{""pd_incharge"": ""PD_0""}",BLOCK_a_1f4,HOLD
PD_3,NONE,"{""pd_incharge"": ""PD_0""}",BLOCK_a_1f5,HOLD
PD_3,NONE,"{""pd_incharge"": ""PD_0""}",BLOCK_a_1f6,HOLD
PD_3,NONE,"{""pd_incharge"": ""PD_0""}",BLOCK_a_1f7,HOLD
PD_3,NONE,"{""pd_incharge"": ""PD_0""}",BLOCK_a_1f8,HOLD
PD_3,NONE,"{""pd_incharge"": ""PD_0""}",BLOCK_a_1f9,HOLD
PD_3,NONE,"{""pd_incharge"": ""PD_0""}",BLOCK_a_1fa,HOLD
PD_3,NONE,"{""pd_incharge"": ""PD_0""}",BLOCK_a_1fb,HOLD
PD_3,NONE,"{""pd_incharge"": ""PD_0""}",BLOCK_a_1fc,HOLD
PD_3,NONE,"{""pd_incharge"": ""PD_0""}",BLOCK_a_1fd,HOLD
PD_3,NONE,"{""pd_incharge"": ""PD_0""}",BLOCK_a_1fe,HOLD
PD_3,NONE,"{""pd_incharge"": ""PD_0""}",BLOCK_a_1ff,HOLD
FILE_c_2,NONE,"{""pd_incharge"": ""PD_0""}",FILE_SPACE_c,SUBSET
PD_3,NONE,"{""pd_incharge"": ""PD_0""}",FILE_c_2,HOLD
PD_1,NONE,"{""pd_incharge"": ""PD_0""}",ADS_SPACE_b,HOLD
PD_1,NONE,"{""pd_incharge"": ""PD_0""}",VCPU_5_3,HOLD
PD_1,NONE,"{""pd_incharge"": ""PD_0""}",MO_4_12,HOLD
MO_4_12,NONE,"{""pd_incharge"": ""PD_0""}",MO_SPACE_4,SUBSET
PD_1,NONE,"{""pd_incharge"": ""PD_0""}",MO_4_13,HOLD
MO_4_13,NONE,"{""pd_incharge"": ""PD_0""}",MO_SPACE_4,SUBSET
PD_1,NONE,"{""pd_incharge"": ""PD_0""}",MO_4_14,HOLD
MO_4_14,NONE,"{""pd_incharge"": ""PD_0""}",MO_SPACE_4,SUBSET
PD_1,NONE,"{""pd_incharge"": ""PD_0""}",MO_4_16,HOLD
MO_4_16,NONE,"{""pd_incharge"": ""PD_0""}",MO_SPACE_4,SUBSET
PD_1,NONE,"{""pd_incharge"": ""PD_0""}",MO_4_17,HOLD
MO_4_17,NONE,"{""pd_incharge"": ""PD_0""}",MO_SPACE_4,SUBSET
PD_4,VMR,"{""pd_incharge"": ""PD_0""}",PD_0,REQUEST
PD_4,MO,"{""pd_incharge"": ""PD_0""}",PD_0,REQUEST
PD_4,EP,"{""pd_incharge"": ""PD_0""}",PD_0,REQUEST
PD_4,RESSPC,"{""pd_incharge"": ""PD_0""}",PD_0,REQUEST
PD_4,BLOCK,"{""pd_incharge"": ""PD_0""}",PD_2,REQUEST
PD_4,NONE,"{""pd_incharge"": ""PD_0""}",VCPU_5_4,HOLD
VCPU_5_4,NONE,"{""pd_incharge"": ""PD_0""}",VCPU_SPACE_5,SUBSET
VCPU_5_4,NONE,"{""pd_incharge"": ""PD_0""}",PCPU_1_0,MAP
ADS_SPACE_d,NONE,"{""pd_incharge"": ""PD_0""}",MO_SPACE_4,MAP
PD_0,NONE,"{""pd_incharge"": ""PD_0""}",ADS_SPACE_d,HOLD
VMR_d_1,NONE,"{""pd_incharge"": ""PD_0""}",ADS_SPACE_d,SUBSET
PD_4,NONE,"{""pd_incharge"": ""PD_0""}",VMR_d_1,HOLD
VMR_d_2,NONE,"{""pd_incharge"": ""PD_0""}",ADS_SPACE_d,SUBSET
PD_4,NONE,"{""pd_incharge"": ""PD_0""}",VMR_d_2,HOLD
PD_0,NONE,"{""pd_incharge"": ""PD_0""}",MO_4_18,MAP
VMR_d_3,NONE,"{""pd_incharge"": ""PD_0""}",ADS_SPACE_d,SUBSET
PD_4,NONE,"{""pd_incharge"": ""PD_0""}",VMR_d_3,HOLD
PD_0,NONE,"{""pd_incharge"": ""PD_0""}",MO_4_19,MAP
VMR_d_4,NONE,"{""pd_incharge"": ""PD_0""}",ADS_SPACE_d,SUBSET
PD_4,NONE,"{""pd_incharge"": ""PD_0""}",VMR_d_4,HOLD
PD_0,NONE,"{""pd_incharge"": ""PD_0""}",MO_4_1a,MAP
VMR_d_5,NONE,"{""pd_incharge"": ""PD_0""}",ADS_SPACE_d,SUBSET
PD_4,NONE,"{""pd_incharge"": ""PD_0""}",VMR_d_5,HOLD
PD_0,NONE,"{""pd_incharge"": ""PD_0""}",MO_4_1b,MAP
VMR_d_6,NONE,"{""pd_incharge"": ""PD_0""}",ADS_SPACE_d,SUBSET
PD_4,NONE,"{""pd_incharge"": ""PD_0""}",VMR_d_6,HOLD
PD_0,NONE,"{""pd_incharge"": ""PD_0""}",MO_4_1c,MAP
VMR_d_7,NONE,"{""pd_incharge"": ""PD_0""}",ADS_SPACE_d,SUBSET
PD_4,NONE,"{""pd_incharge"": ""PD_0""}",VMR_d_7,HOLD
PD_4,NONE,"{""pd_incharge"": ""PD_0""}",ADS_SPACE_d,HOLD
FILE_SPACE_e,NONE,"{""pd_incharge"": ""PD_4""}",BLOCK_SPACE_a,MAP
PD_4,NONE,"{""pd_incharge"": ""PD_0""}",FILE_SPACE_e,HOLD
PD_4,NONE,"{""pd_incharge"": ""PD_0""}",MO_4_1d,HOLD
MO_4_1d,NONE,"{""pd_incharge"": ""PD_0""}",MO_SPACE_4,SUBSET
PD_4,NONE,"{""pd_incharge"": ""PD_0""}",BLOCK_a_200,HOLD
PD_4,NONE,"{""pd_incharge"": ""PD_0""}",BLOCK_a_201,HOLD
PD_4,NONE,"{""pd_incharge"": ""PD_0""}",BLOCK_a_202,HOLD
PD_4,NONE,"{""pd_incharge"": ""PD_0""}",BLOCK_a_203,HOLD
PD_4,NONE,"{""pd_incharge"": ""PD_0""}",BLOCK_a_204,HOLD
PD_4,NONE,"{""pd_incharge"": ""PD_0""}",BLOCK_a_205,HOLD
PD_4,NONE,"{""pd_incharge"": ""PD_0""}",BLOCK_a_206,HOLD
PD_4,NONE,"{""pd_incharge"": ""PD_0""}",BLOCK_a_207,HOLD
PD_4,NONE,"{""pd_incharge"": ""PD_0""}",BLOCK_a_208,HOLD
PD_4,NONE,"{""pd_incharge"": ""PD_0""}",BLOCK_a_209,HOLD
PD_4,NONE,"{""pd_incharge"": ""PD_0""}",BLOCK_a_20a,HOLD
PD_4,NONE,"{""pd_incharge"": ""PD_0""}",BLOCK_a_20b,HOLD
PD_4,NONE,"{""pd_incharge"": ""PD_0""}",BLOCK_a_20c,HOLD
PD_4,NONE,"{""pd_incharge"": ""PD_0""}",BLOCK_a_20d,HOLD
PD_4,NONE,"{""pd_incharge"": ""PD_0""}",BLOCK_a_20e,HOLD
PD_4,NONE,"{""pd_incharge"": ""PD_0""}",BLOCK_a_20f,HOLD
PD_4,NONE,"{""pd_incharge"": ""PD_0""}",BLOCK_a_210,HOLD
PD_4,NONE,"{""pd_incharge"": ""PD_0""}",BLOCK_a_211,HOLD
PD_4,NONE,"{""pd_incharge"": ""PD_0""}",BLOCK_a_212,HOLD
PD_4,NONE,"{""pd_incharge"": ""PD_0""}",BLOCK_a_213,HOLD
PD_4,NONE,"{""pd_incharge"": ""PD_0""}",BLOCK_a_214,HOLD
PD_4,NONE,"{""pd_incharge"": ""PD_0""}",BLOCK_a_215,HOLD
PD_4,NONE,"{""pd_incharge"": ""PD_0""}",BLOCK_a_216,HOLD
PD_4,NONE,"{""pd_incharge"": ""PD_0""}",BLOCK_a_217,HOLD
PD_4,NONE,"{""pd_incharge"": ""PD_0""}",BLOCK_a_218,HOLD
PD_4,NONE,"{""pd_incharge"": ""PD_0""}",BLOCK_a_219,HOLD
PD_4,NONE,"{""pd_incharge"": ""PD_0""}",BLOCK_a_21a,HOLD
PD_4,NONE,"{""pd_incharge"": ""PD_0""}",BLOCK_a_21b,HOLD
PD_4,NONE,"{""pd_incharge"": ""PD_0""}",BLOCK_a_21c,HOLD
PD_4,NONE,"{""pd_incharge"": ""PD_0""}",BLOCK_a_21d,HOLD
PD_4,NONE,"{""pd_incharge"": ""PD_0""}",BLOCK_a_21e,HOLD
PD_4,NONE,"{""pd_incharge"": ""PD_0""}",BLOCK_a_21f,HOLD
PD_4,NONE,"{""pd_incharge"": ""PD_0""}",BLOCK_a_220,HOLD
PD_4,NONE,"{""pd_incharge"": ""PD_0""}",BLOCK_a_221,HOLD
PD_4,NONE,"{""pd_incharge"": ""PD_0""}",BLOCK_a_222,HOLD
PD_4,NONE,"{""pd_incharge"": ""PD_0""}",BLOCK_a_223,HOLD
PD_4,NONE,"{""pd_incharge"": ""PD_0""}",BLOCK_a_224,HOLD
PD_4,NONE,"{""pd_incharge"": ""PD_0""}",BLOCK_a_225,HOLD
PD_4,NONE,"{""pd_incharge"": ""PD_0""}",BLOCK_a_226,HOLD
PD_4,NONE,"{""pd_incharge"": ""PD_0""}",BLOCK_a_227,HOLD
PD_4,NONE,"{""pd_incharge"": ""PD_0""}",BLOCK_a_228,HOLD
PD_4,NONE,"{""pd_incharge"": ""PD_0""}",BLOCK_a_229,HOLD
PD_4,NONE,"{""pd_incharge"": ""PD_0""}",BLOCK_a_22a,HOLD
PD_4,NONE,"{""pd_incharge"": ""PD_0""}",BLOCK_a_22b,HOLD
PD_4,NONE,"{""pd_incharge"": ""PD_0""}",BLOCK_a_22c,HOLD
PD_4,NONE,"{""pd_incharge"": ""PD_0""}",BLOCK_a_22d,HOLD
PD_4,NONE,"{""pd_incharge"": ""PD_0""}",BLOCK_a_22e,HOLD
PD_4,NONE,"{""pd_incharge"": ""PD_0""}",BLOCK_a_22f,HOLD
PD_4,NONE,"{""pd_incharge"": ""PD_0""}",BLOCK_a_230,HOLD
PD_4,NONE,"{""pd_incharge"": ""PD_0""}",BLOCK_a_231,HOLD
PD_4,NONE,"{""pd_incharge"": ""PD_0""}",BLOCK_a_232,HOLD
PD_4,NONE,"{""pd_incharge"": ""PD_0""}",BLOCK_a_233,HOLD
PD_4,NONE,"{""pd_incharge"": ""PD_0""}",BLOCK_a_234,HOLD
PD_4,NONE,"{""pd_incharge"": ""PD_0""}",BLOCK_a_235,HOLD
PD_4,NONE,"{""pd_incharge"": ""PD_0""}",BLOCK_a_236,HOLD
PD_4,NONE,"{""pd_incharge"": ""PD_0""}",BLOCK_a_237,HOLD
PD_4,NONE,"{""pd_incharge"": ""PD_0""}",BLOCK_a_238,HOLD
PD_4,NONE,"{""pd_incharge"": ""PD_0""}",BLOCK_a_239,HOLD
PD_4,NONE,"{""pd_incharge"": ""PD_0""}",BLOCK_a_23a,HOLD
PD_4,NONE,"{""pd_incharge"": ""PD_0""}",BLOCK_a_23b,HOLD
PD_4,NONE,"{""pd_incharge"": ""PD_0""}",BLOCK_a_23c,HOLD
PD_4,NONE,"{""pd_incharge"": ""PD_0""}",BLOCK_a_23d,HOLD
PD_4,NONE,"{""pd_incharge"": ""PD_0""}",BLOCK_a_23e,HOLD
PD_4,NONE,"{""pd_incharge"": ""PD_0""}",BLOCK_a_23f,HOLD
PD_4,NONE,"{""pd_incharge"": ""PD_0""}",BLOCK_a_240,HOLD
PD_4,NONE,"{""pd_incharge"": ""PD_0""}",BLOCK_a_241,HOLD
PD_4,NONE,"{""pd_incharge"": ""PD_0""}",BLOCK_a_242,HOLD
PD_4,NONE,"{""pd_incharge"": ""PD_0""}",BLOCK_a_243,HOLD
PD_4,NONE,"{""pd_incharge"": ""PD_0""}",BLOCK_a_244,HOLD
PD_4,NONE,"{""pd_incharge"": ""PD_0""}",BLOCK_a_245,HOLD
PD_4,NONE,"{""pd_incharge"": ""PD_0""}",BLOCK_a_246,HOLD
PD_4,NONE,"{""pd_incharge"": ""PD_0""}",BLOCK_a_247,HOLD
PD_4,NONE,"{""pd_incharge"": ""PD_0""}",BLOCK_a_248,HOLD
PD_4,NONE,"{""pd_incharge"": ""PD_0""}",BLOCK_a_249,HOLD
PD_4,NONE,"{""pd_incharge"": ""PD_0""}",BLOCK_a_24a,HOLD
PD_4,NONE,"{""pd_incharge"": ""PD_0""}",BLOCK_a_24b,HOLD
PD_4,NONE,"{""pd_incharge"": ""PD_0""}",BLOCK_a_24c,HOLD
PD_4,NONE,"{""pd_incharge"": ""PD_0""}",BLOCK_a_24d,HOLD
PD_4,NONE,"{""pd_incharge"": ""PD_0""}",BLOCK_a_24e,HOLD
PD_4,NONE,"{""pd_incharge"": ""PD_0""}",BLOCK_a_24f,HOLD
PD_4,NONE,"{""pd_incharge"": ""PD_0""}",BLOCK_a_250,HOLD
PD_4,NONE,"{""pd_incharge"": ""PD_0""}",BLOCK_a_251,HOLD
PD_4,NONE,"{""pd_incharge"": ""PD_0""}",BLOCK_a_252,HOLD
PD_4,NONE,"{""pd_incharge"": ""PD_0""}",BLOCK_a_253,HOLD
PD_4,NONE,"{""pd_incharge"": ""PD_0""}",BLOCK_a_254,HOLD
PD_4,NONE,"{""pd_incharge"": ""PD_0""}",BLOCK_a_255,HOLD
PD_4,NONE,"{""pd_incharge"": ""PD_0""}",BLOCK_a_256,HOLD
PD_4,NONE,"{""pd_incharge"": ""PD_0""}",BLOCK_a_257,HOLD
PD_4,NONE,"{""pd_incharge"": ""PD_0""}",BLOCK_a_258,HOLD
PD_4,NONE,"{""pd_incharge"": ""PD_0""}",BLOCK_a_259,HOLD
PD_4,NONE,"{""pd_incharge"": ""PD_0""}",BLOCK_a_25a,HOLD
PD_4,NONE,"{""pd_incharge"": ""PD_0""}",BLOCK_a_25b,HOLD
PD_4,NONE,"{""pd_incharge"": ""PD_0""}",BLOCK_a_25c,HOLD
PD_4,NONE,"{""pd_incharge"": ""PD_0""}",BLOCK_a_25d,HOLD
PD_4,NONE,"{""pd_incharge"": ""PD_0""}",BLOCK_a_25e,HOLD
PD_4,NONE,"{""pd_incharge"": ""PD_0""}",BLOCK_a_25f,HOLD
PD_4,NONE,"{""pd_incharge"": ""PD_0""}",BLOCK_a_260,HOLD
PD_4,NONE,"{""pd_incharge"": ""PD_0""}",BLOCK_a_261,HOLD
PD_4,NONE,"{""pd_incharge"": ""PD_0""}",BLOCK_a_262,HOLD
PD_4,NONE,"{""pd_incharge"": ""PD_0""}",BLOCK_a_263,HOLD
PD_4,NONE,"{""pd_incharge"": ""PD_0""}",BLOCK_a_264,HOLD
PD_4,NONE,"{""pd_incharge"": ""PD_0""}",BLOCK_a_265,HOLD
PD_4,NONE,"{""pd_incharge"": ""PD_0""}",BLOCK_a_266,HOLD
PD_4,NONE,"{""pd_incharge"": ""PD_0""}",BLOCK_a_267,HOLD
PD_4,NONE,"{""pd_incharge"": ""PD_0""}",BLOCK_a_268,HOLD
PD_4,NONE,"{""pd_incharge"": ""PD_0""}",BLOCK_a_269,HOLD
PD_4,NONE,"{""pd_incharge"": ""PD_0""}",BLOCK_a_26a,HOLD
PD_4,NONE,"{""pd_incharge"": ""PD_0""}",BLOCK_a_26b,HOLD
PD_4,NONE,"{""pd_incharge"": ""PD_0""}",BLOCK_a_26c,HOLD
PD_4,NONE,"{""pd_incharge"": ""PD_0""}",BLOCK_a_26d,HOLD
PD_4,NONE,"{""pd_incharge"": ""PD_0""}",BLOCK_a_26e,HOLD
PD_4,NONE,"{""pd_incharge"": ""PD_0""}",BLOCK_a_26f,HOLD
PD_4,NONE,"{""pd_incharge"": ""PD_0""}",BLOCK_a_270,HOLD
PD_4,NONE,"{""pd_incharge"": ""PD_0""}",BLOCK_a_271,HOLD
PD_4,NONE,"{""pd_incharge"": ""PD_0""}",BLOCK_a_272,HOLD
PD_4,NONE,"{""pd_incharge"": ""PD_0""}",BLOCK_a_273,HOLD
PD_4,NONE,"{""pd_incharge"": ""PD_0""}",BLOCK_a_274,HOLD
PD_4,NONE,"{""pd_incharge"": ""PD_0""}",BLOCK_a_275,HOLD
PD_4,NONE,"{""pd_incharge"": ""PD_0""}",BLOCK_a_276,HOLD
PD_4,NONE,"{""pd_incharge"": ""PD_0""}",BLOCK_a_277,HOLD
PD_4,NONE,"{""pd_incharge"": ""PD_0""}",BLOCK_a_278,HOLD
PD_4,NONE,"{""pd_incharge"": ""PD_0""}",BLOCK_a_279,HOLD
PD_4,NONE,"{""pd_incharge"": ""PD_0""}",BLOCK_a_27a,HOLD
PD_4,NONE,"{""pd_incharge"": ""PD_0""}",BLOCK_a_27b,HOLD
PD_4,NONE,"{""pd_incharge"": ""PD_0""}",BLOCK_a_27c,HOLD
PD_4,NONE,"{""pd_incharge"": ""PD_0""}",BLOCK_a_27d,HOLD
PD_4,NONE,"{""pd_incharge"": ""PD_0""}",BLOCK_a_27e,HOLD
PD_4,NONE,"{""pd_incharge"": ""PD_0""}",BLOCK_a_27f,HOLD
PD_4,NONE,"{""pd_incharge"": ""PD_0""}",BLOCK_a_280,HOLD
PD_4,NONE,"{""pd_incharge"": ""PD_0""}",BLOCK_a_281,HOLD
PD_4,NONE,"{""pd_incharge"": ""PD_0""}",BLOCK_a_282,HOLD
PD_4,NONE,"{""pd_incharge"": ""PD_0""}",BLOCK_a_283,HOLD
PD_4,NONE,"{""pd_incharge"": ""PD_0""}",BLOCK_a_284,HOLD
PD_4,NONE,"{""pd_incharge"": ""PD_0""}",BLOCK_a_285,HOLD
PD_4,NONE,"{""pd_incharge"": ""PD_0""}",BLOCK_a_286,HOLD
PD_4,NONE,"{""pd_incharge"": ""PD_0""}",BLOCK_a_287,HOLD
PD_4,NONE,"{""pd_incharge"": ""PD_0""}",BLOCK_a_288,HOLD
PD_4,NONE,"{""pd_incharge"": ""PD_0""}",BLOCK_a_289,HOLD
PD_4,NONE,"{""pd_incharge"": ""PD_0""}",BLOCK_a_28a,HOLD
PD_4,NONE,"{""pd_incharge"": ""PD_0""}",BLOCK_a_28b,HOLD
PD_4,NONE,"{""pd_incharge"": ""PD_0""}",BLOCK_a_28c,HOLD
PD_4,NONE,"{""pd_incharge"": ""PD_0""}",BLOCK_a_28d,HOLD
PD_4,NONE,"{""pd_incharge"": ""PD_0""}",BLOCK_a_28e,HOLD
PD_4,NONE,"{""pd_incharge"": ""PD_0""}",BLOCK_a_28f,HOLD
PD_4,NONE,"{""pd_incharge"": ""PD_0""}",BLOCK_a_290,HOLD
PD_4,NONE,"{""pd_incharge"": ""PD_0""}",BLOCK_a_291,HOLD
PD_4,NONE,"{""pd_incharge"": ""PD_0""}",BLOCK_a_292,HOLD
PD_4,NONE,"{""pd_incharge"": ""PD_0""}",BLOCK_a_293,HOLD
PD_4,NONE,"{""pd_incharge"": ""PD_0""}",BLOCK_a_294,HOLD
PD_4,NONE,"{""pd_incharge"": ""PD_0""}",BLOCK_a_295,HOLD
PD_4,NONE,"{""pd_incharge"": ""PD_0""}",BLOCK_a_296,HOLD
PD_4,NONE,"{""pd_incharge"": ""PD_0""}",BLOCK_a_297,HOLD
PD_4,NONE,"{""pd_incharge"": ""PD_0""}",BLOCK_a_298,HOLD
PD_4,NONE,"{""pd_incharge"": ""PD_0""}",BLOCK_a_299,HOLD
PD_4,NONE,"{""pd_incharge"": ""PD_0""}",BLOCK_a_29a,HOLD
PD_4,NONE,"{""pd_incharge"": ""PD_0""}",BLOCK_a_29b,HOLD
PD_4,NONE,"{""pd_incharge"": ""PD_0""}",BLOCK_a_29c,HOLD
PD_4,NONE,"{""pd_incharge"": ""PD_0""}",BLOCK_a_29d,HOLD
PD_4,NONE,"{""pd_incharge"": ""PD_0""}",BLOCK_a_29e,HOLD
PD_4,NONE,"{""pd_incharge"": ""PD_0""}",BLOCK_a_29f,HOLD
PD_4,NONE,"{""pd_incharge"": ""PD_0""}",BLOCK_a_2a0,HOLD
PD_4,NONE,"{""pd_incharge"": ""PD_0""}",BLOCK_a_2a1,HOLD
PD_4,NONE,"{""pd_incharge"": ""PD_0""}",BLOCK_a_2a2,HOLD
PD_4,NONE,"{""pd_incharge"": ""PD_0""}",BLOCK_a_2a3,HOLD
PD_4,NONE,"{""pd_incharge"": ""PD_0""}",BLOCK_a_2a4,HOLD
PD_4,NONE,"{""pd_incharge"": ""PD_0""}",BLOCK_a_2a5,HOLD
PD_4,NONE,"{""pd_incharge"": ""PD_0""}",BLOCK_a_2a6,HOLD
PD_4,NONE,"{""pd_incharge"": ""PD_0""}",BLOCK_a_2a7,HOLD
PD_4,NONE,"{""pd_incharge"": ""PD_0""}",BLOCK_a_2a8,HOLD
PD_4,NONE,"{""pd_incharge"": ""PD_0""}",BLOCK_a_2a9,HOLD
PD_4,NONE,"{""pd_incharge"": ""PD_0""}",BLOCK_a_2aa,HOLD
PD_4,NONE,"{""pd_incharge"": ""PD_0""}",BLOCK_a_2ab,HOLD
PD_4,NONE,"{""pd_incharge"": ""PD_0""}",BLOCK_a_2ac,HOLD
PD_4,NONE,"{""pd_incharge"": ""PD_0""}",BLOCK_a_2ad,HOLD
PD_4,NONE,"{""pd_incharge"": ""PD_0""}",BLOCK_a_2ae,HOLD
PD_4,NONE,"{""pd_incharge"": ""PD_0""}",BLOCK_a_2af,HOLD
PD_4,NONE,"{""pd_incharge"": ""PD_0""}",BLOCK_a_2b0,HOLD
PD_4,NONE,"{""pd_incharge"": ""PD_0""}",BLOCK_a_2b1,HOLD
PD_4,NONE,"{""pd_incharge"": ""PD_0""}",BLOCK_a_2b2,HOLD
PD_4,NONE,"{""pd_incharge"": ""PD_0""}",BLOCK_a_2b3,HOLD
PD_4,NONE,"{""pd_incharge"": ""PD_0""}",BLOCK_a_2b4,HOLD
PD_4,NONE,"{""pd_incharge"": ""PD_0""}",BLOCK_a_2b5,HOLD
PD_4,NONE,"{""pd_incharge"": ""PD_0""}",BLOCK_a_2b6,HOLD
PD_4,NONE,"{""pd_incharge"": ""PD_0""}",BLOCK_a_2b7,HOLD
PD_4,NONE,"{""pd_incharge"": ""PD_0""}",BLOCK_a_2b8,HOLD
PD_4,NONE,"{""pd_incharge"": ""PD_0""}",BLOCK_a_2b9,HOLD
PD_4,NONE,"{""pd_incharge"": ""PD_0""}",BLOCK_a_2ba,HOLD
PD_4,NONE,"{""pd_incharge"": ""PD_0""}",BLOCK_a_2bb,HOLD
PD_4,NONE,"{""pd_incharge"": ""PD_0""}",BLOCK_a_2bc,HOLD
PD_4,NONE,"{""pd_incharge"": ""PD_0""}",BLOCK_a_2bd,HOLD
PD_4,NONE,"{""pd_incharge"": ""PD_0""}",BLOCK_a_2be,HOLD
PD_4,NONE,"{""pd_incharge"": ""PD_0""}",BLOCK_a_2bf,HOLD
PD_4,NONE,"{""pd_incharge"": ""PD_0""}",BLOCK_a_2c0,HOLD
PD_4,NONE,"{""pd_incharge"": ""PD_0""}",BLOCK_a_2c1,HOLD
PD_4,NONE,"{""pd_incharge"": ""PD_0""}",BLOCK_a_2c2,HOLD
PD_4,NONE,"{""pd_incharge"": ""PD_0""}",BLOCK_a_2c3,HOLD
PD_4,NONE,"{""pd_incharge"": ""PD_0""}",BLOCK_a_2c4,HOLD
PD_4,NONE,"{""pd_incharge"": ""PD_0""}",BLOCK_a_2c5,HOLD
PD_4,NONE,"{""pd_incharge"": ""PD_0""}",BLOCK_a_2c6,HOLD
PD_4,NONE,"{""pd_incharge"": ""PD_0""}",BLOCK_a_2c7,HOLD
PD_4,NONE,"{""pd_incharge"": ""PD_0""}",BLOCK_a_2c8,HOLD
PD_4,NONE,"{""pd_incharge"": ""PD_0""}",BLOCK_a_2c9,HOLD
PD_4,NONE,"{""pd_incharge"": ""PD_0""}",BLOCK_a_2ca,HOLD
PD_4,NONE,"{""pd_incharge"": ""PD_0""}",BLOCK_a_2cb,HOLD
PD_4,NONE,"{""pd_incharge"": ""PD_0""}",BLOCK_a_2cc,HOLD
PD_4,NONE,"{""pd_incharge"": ""PD_0""}",BLOCK_a_2cd,HOLD
PD_4,NONE,"{""pd_incharge"": ""PD_0""}",BLOCK_a_2ce,HOLD
PD_4,NONE,"{""pd_incharge"": ""PD_0""}",BLOCK_a_2cf,HOLD
PD_4,NONE,"{""pd_incharge"": ""PD_0""}",BLOCK_a_2d0,HOLD
PD_4,NONE,"{""pd_incharge"": ""PD_0""}",BLOCK_a_2d1,HOLD
PD_4,NONE,"{""pd_incharge"": ""PD_0""}",BLOCK_a_2d2,HOLD
PD_4,NONE,"{""pd_incharge"": ""PD_0""}",BLOCK_a_2d3,HOLD
PD_4,NONE,"{""pd_incharge"": ""PD_0""}",BLOCK_a_2d4,HOLD
PD_4,NONE,"{""pd_incharge"": ""PD_0""}",BLOCK_a_2d5,HOLD
PD_4,NONE,"{""pd_incharge"": ""PD_0""}",BLOCK_a_2d6,HOLD
PD_4,NONE,"{""pd_incharge"": ""PD_0""}",BLOCK_a_2d7,HOLD
PD_4,NONE,"{""pd_incharge"": ""PD_0""}",BLOCK_a_2d8,HOLD
PD_4,NONE,"{""pd_incharge"": ""PD_0""}",BLOCK_a_2d9,HOLD
PD_4,NONE,"{""pd_incharge"": ""PD_0""}",BLOCK_a_2da,HOLD
PD_4,NONE,"{""pd_incharge"": ""PD_0""}",BLOCK_a_2db,HOLD
PD_4,NONE,"{""pd_incharge"": ""PD_0""}",BLOCK_a_2dc,HOLD
PD_4,NONE,"{""pd_incharge"": ""PD_0""}",BLOCK_a_2dd,HOLD
PD_4,NONE,"{""pd_incharge"": ""PD_0""}",BLOCK_a_2de,HOLD
PD_4,NONE,"{""pd_incharge"": ""PD_0""}",BLOCK_a_2df,HOLD
PD_4,NONE,"{""pd_incharge"": ""PD_0""}",BLOCK_a_2e0,HOLD
PD_4,NONE,"{""pd_incharge"": ""PD_0""}",BLOCK_a_2e1,HOLD
PD_4,NONE,"{""pd_incharge"": ""PD_0""}",BLOCK_a_2e2,HOLD
PD_4,NONE,"{""pd_incharge"": ""PD_0""}",BLOCK_a_2e3,HOLD
PD_4,NONE,"{""pd_incharge"": ""PD_0""}",BLOCK_a_2e4,HOLD
PD_4,NONE,"{""pd_incharge"": ""PD_0""}",BLOCK_a_2e5,HOLD
PD_4,NONE,"{""pd_incharge"": ""PD_0""}",BLOCK_a_2e6,HOLD
PD_4,NONE,"{""pd_incharge"": ""PD_0""}",BLOCK_a_2e7,HOLD
PD_4,NONE,"{""pd_incharge"": ""PD_0""}",BLOCK_a_2e8,HOLD
PD_4,NONE,"{""pd_incharge"": ""PD_0""}",BLOCK_a_2e9,HOLD
PD_4,NONE,"{""pd_incharge"": ""PD_0""}",BLOCK_a_2ea,HOLD
PD_4,NONE,"{""pd_incharge"": ""PD_0""}",BLOCK_a_2eb,HOLD
PD_4,NONE,"{""pd_incharge"": ""PD_0""}",BLOCK_a_2ec,HOLD
PD_4,NONE,"{""pd_incharge"": ""PD_0""}",BLOCK_a_2ed,HOLD
PD_4,NONE,"{""pd_incharge"": ""PD_0""}",BLOCK_a_2ee,HOLD
PD_4,NONE,"{""pd_incharge"": ""PD_0""}",BLOCK_a_2ef,HOLD
PD_4,NONE,"{""pd_incharge"": ""PD_0""}",BLOCK_a_2f0,HOLD
PD_4,NONE,"{""pd_incharge"": ""PD_0""}",BLOCK_a_2f1,HOLD
PD_4,NONE,"{""pd_incharge"": ""PD_0""}",BLOCK_a_2f2,HOLD
PD_4,NONE,"{""pd_incharge"": ""PD_0""}",BLOCK_a_2f3,HOLD
PD_4,NONE,"{""pd_incharge"": ""PD_0""}",BLOCK_a_2f4,HOLD
PD_4,NONE,"{""pd_incharge"": ""PD_0""}",BLOCK_a_2f5,HOLD
PD_4,NONE,"{""pd_incharge"": ""PD_0""}",BLOCK_a_2f6,HOLD
PD_4,NONE,"{""pd_incharge"": ""PD_0""}",BLOCK_a_2f7,HOLD
PD_4,NONE,"{""pd_incharge"": ""PD_0""}",BLOCK_a_2f8,HOLD
PD_4,NONE,"{""pd_incharge"": ""PD_0""}",BLOCK_a_2f9,HOLD
PD_4,NONE,"{""pd_incharge"": ""PD_0""}",BLOCK_a_2fa,HOLD
PD_4,NONE,"{""pd_incharge"": ""PD_0""}",BLOCK_a_2fb,HOLD
PD_4,NONE,"{""pd_incharge"": ""PD_0""}",BLOCK_a_2fc,HOLD
PD_4,NONE,"{""pd_incharge"": ""PD_0""}",BLOCK_a_2fd,HOLD
PD_4,NONE,"{""pd_incharge"": ""PD_0""}",BLOCK_a_2fe,HOLD
PD_4,NONE,"{""pd_incharge"": ""PD_0""}",BLOCK_a_2ff,HOLD
PD_4,NONE,"{""pd_incharge"": ""PD_0""}",BLOCK_a_300,HOLD
PD_4,NONE,"{""pd_incharge"": ""PD_0""}",BLOCK_a_301,HOLD
PD_4,NONE,"{""pd_incharge"": ""PD_0""}",BLOCK_a_302,HOLD
PD_4,NONE,"{""pd_incharge"": ""PD_0""}",BLOCK_a_303,HOLD
PD_4,NONE,"{""pd_incharge"": ""PD_0""}",BLOCK_a_304,HOLD
PD_4,NONE,"{""pd_incharge"": ""PD_0""}",BLOCK_a_305,HOLD
PD_4,NONE,"{""pd_incharge"": ""PD_0""}",BLOCK_a_306,HOLD
PD_4,NONE,"{""pd_incharge"": ""PD_0""}",BLOCK_a_307,HOLD
PD_4,NONE,"{""pd_incharge"": ""PD_0""}",BLOCK_a_308,HOLD
PD_4,NONE,"{""pd_incharge"": ""PD_0""}",BLOCK_a_309,HOLD
PD_4,NONE,"{""pd_incharge"": ""PD_0""}",BLOCK_a_30a,HOLD
PD_4,NONE,"{""pd_incharge"": ""PD_0""}",BLOCK_a_30b,HOLD
PD_4,NONE,"{""pd_incharge"": ""PD_0""}",BLOCK_a_30c,HOLD
PD_4,NONE,"{""pd_incharge"": ""PD_0""}",BLOCK_a_30d,HOLD
PD_4,NONE,"{""pd_incharge"": ""PD_0""}",BLOCK_a_30e,HOLD
PD_4,NONE,"{""pd_incharge"": ""PD_0""}",BLOCK_a_30f,HOLD
PD_4,NONE,"{""pd_incharge"": ""PD_0""}",BLOCK_a_310,HOLD
PD_4,NONE,"{""pd_incharge"": ""PD_0""}",BLOCK_a_311,HOLD
PD_4,NONE,"{""pd_incharge"": ""PD_0""}",BLOCK_a_312,HOLD
PD_4,NONE,"{""pd_incharge"": ""PD_0""}",BLOCK_a_313,HOLD
PD_4,NONE,"{""pd_incharge"": ""PD_0""}",BLOCK_a_314,HOLD
PD_4,NONE,"{""pd_incharge"": ""PD_0""}",BLOCK_a_315,HOLD
PD_4,NONE,"{""pd_incharge"": ""PD_0""}",BLOCK_a_316,HOLD
PD_4,NONE,"{""pd_incharge"": ""PD_0""}",BLOCK_a_317,HOLD
PD_4,NONE,"{""pd_incharge"": ""PD_0""}",BLOCK_a_318,HOLD
PD_4,NONE,"{""pd_incharge"": ""PD_0""}",BLOCK_a_319,HOLD
PD_4,NONE,"{""pd_incharge"": ""PD_0""}",BLOCK_a_31a,HOLD
PD_4,NONE,"{""pd_incharge"": ""PD_0""}",BLOCK_a_31b,HOLD
PD_4,NONE,"{""pd_incharge"": ""PD_0""}",BLOCK_a_31c,HOLD
PD_4,NONE,"{""pd_incharge"": ""PD_0""}",BLOCK_a_31d,HOLD
PD_4,NONE,"{""pd_incharge"": ""PD_0""}",BLOCK_a_31e,HOLD
PD_4,NONE,"{""pd_incharge"": ""PD_0""}",BLOCK_a_31f,HOLD
PD_4,NONE,"{""pd_incharge"": ""PD_0""}",BLOCK_a_320,HOLD
PD_4,NONE,"{""pd_incharge"": ""PD_0""}",BLOCK_a_321,HOLD
PD_4,NONE,"{""pd_incharge"": ""PD_0""}",BLOCK_a_322,HOLD
PD_4,NONE,"{""pd_incharge"": ""PD_0""}",BLOCK_a_323,HOLD
PD_4,NONE,"{""pd_incharge"": ""PD_0""}",BLOCK_a_324,HOLD
PD_4,NONE,"{""pd_incharge"": ""PD_0""}",BLOCK_a_325,HOLD
PD_4,NONE,"{""pd_incharge"": ""PD_0""}",BLOCK_a_326,HOLD
PD_4,NONE,"{""pd_incharge"": ""PD_0""}",BLOCK_a_327,HOLD
PD_4,NONE,"{""pd_incharge"": ""PD_0""}",BLOCK_a_328,HOLD
PD_4,NONE,"{""pd_incharge"": ""PD_0""}",BLOCK_a_329,HOLD
PD_4,NONE,"{""pd_incharge"": ""PD_0""}",BLOCK_a_32a,HOLD
PD_4,NONE,"{""pd_incharge"": ""PD_0""}",BLOCK_a_32b,HOLD
PD_4,NONE,"{""pd_incharge"": ""PD_0""}",BLOCK_a_32c,HOLD
PD_4,NONE,"{""pd_incharge"": ""PD_0""}",BLOCK_a_32d,HOLD
PD_4,NONE,"{""pd_incharge"": ""PD_0""}",BLOCK_a_32e,HOLD
PD_4,NONE,"{""pd_incharge"": ""PD_0""}",BLOCK_a_32f,HOLD
PD_4,NONE,"{""pd_incharge"": ""PD_0""}",BLOCK_a_330,HOLD
PD_4,NONE,"{""pd_incharge"": ""PD_0""}",BLOCK_a_331,HOLD
PD_4,NONE,"{""pd_incharge"": ""PD_0""}",BLOCK_a_332,HOLD
PD_4,NONE,"{""pd_incharge"": ""PD_0""}",BLOCK_a_333,HOLD
PD_4,NONE,"{""pd_incharge"": ""PD_0""}",BLOCK_a_334,HOLD
PD_4,NONE,"{""pd_incharge"": ""PD_0""}",BLOCK_a_335,HOLD
PD_4,NONE,"{""pd_incharge"": ""PD_0""}",BLOCK_a_336,HOLD
PD_4,NONE,"{""pd_incharge"": ""PD_0""}",BLOCK_a_337,HOLD
PD_4,NONE,"{""pd_incharge"": ""PD_0""}",BLOCK_a_338,HOLD
PD_4,NONE,"{""pd_incharge"": ""PD_0""}",BLOCK_a_339,HOLD
PD_4,NONE,"{""pd_incharge"": ""PD_0""}",BLOCK_a_33a,HOLD
PD_4,NONE,"{""pd_incharge"": ""PD_0""}",BLOCK_a_33b,HOLD
PD_4,NONE,"{""pd_incharge"": ""PD_0""}",BLOCK_a_33c,HOLD
PD_4,NONE,"{""pd_incharge"": ""PD_0""}",BLOCK_a_33d,HOLD
PD_4,NONE,"{""pd_incharge"": ""PD_0""}",BLOCK_a_33e,HOLD
PD_4,NONE,"{""pd_incharge"": ""PD_0""}",BLOCK_a_33f,HOLD
PD_4,NONE,"{""pd_incharge"": ""PD_0""}",BLOCK_a_340,HOLD
PD_4,NONE,"{""pd_incharge"": ""PD_0""}",BLOCK_a_341,HOLD
PD_4,NONE,"{""pd_incharge"": ""PD_0""}",BLOCK_a_342,HOLD
PD_4,NONE,"{""pd_incharge"": ""PD_0""}",BLOCK_a_343,HOLD
PD_4,NONE,"{""pd_incharge"": ""PD_0""}",BLOCK_a_344,HOLD
PD_4,NONE,"{""pd_incharge"": ""PD_0""}",BLOCK_a_345,HOLD
PD_4,NONE,"{""pd_incharge"": ""PD_0""}",BLOCK_a_346,HOLD
PD_4,NONE,"{""pd_incharge"": ""PD_0""}",BLOCK_a_347,HOLD
PD_4,NONE,"{""pd_incharge"": ""PD_0""}",BLOCK_a_348,HOLD
PD_4,NONE,"{""pd_incharge"": ""PD_0""}",BLOCK_a_349,HOLD
PD_4,NONE,"{""pd_incharge"": ""PD_0""}",BLOCK_a_34a,HOLD
PD_4,NONE,"{""pd_incharge"": ""PD_0""}",BLOCK_a_34b,HOLD
PD_4,NONE,"{""pd_incharge"": ""PD_0""}",BLOCK_a_34c,HOLD
PD_4,NONE,"{""pd_incharge"": ""PD_0""}",BLOCK_a_34d,HOLD
PD_4,NONE,"{""pd_incharge"": ""PD_0""}",BLOCK_a_34e,HOLD
PD_4,NONE,"{""pd_incharge"": ""PD_0""}",BLOCK_a_34f,HOLD
PD_4,NONE,"{""pd_incharge"": ""PD_0""}",BLOCK_a_350,HOLD
PD_4,NONE,"{""pd_incharge"": ""PD_0""}",BLOCK_a_351,HOLD
PD_4,NONE,"{""pd_incharge"": ""PD_0""}",BLOCK_a_352,HOLD
PD_4,NONE,"{""pd_incharge"": ""PD_0""}",BLOCK_a_353,HOLD
PD_4,NONE,"{""pd_incharge"": ""PD_0""}",BLOCK_a_354,HOLD
PD_4,NONE,"{""pd_incharge"": ""PD_0""}",BLOCK_a_355,HOLD
PD_4,NONE,"{""pd_incharge"": ""PD_0""}",BLOCK_a_356,HOLD
PD_4,NONE,"{""pd_incharge"": ""PD_0""}",BLOCK_a_357,HOLD
PD_4,NONE,"{""pd_incharge"": ""PD_0""}",BLOCK_a_358,HOLD
PD_4,NONE,"{""pd_incharge"": ""PD_0""}",BLOCK_a_359,HOLD
PD_4,NONE,"{""pd_incharge"": ""PD_0""}",BLOCK_a_35a,HOLD
PD_4,NONE,"{""pd_incharge"": ""PD_0""}",BLOCK_a_35b,HOLD
PD_4,NONE,"{""pd_incharge"": ""PD_0""}",BLOCK_a_35c,HOLD
PD_4,NONE,"{""pd_incharge"": ""PD_0""}",BLOCK_a_35d,HOLD
PD_4,NONE,"{""pd_incharge"": ""PD_0""}",BLOCK_a_35e,HOLD
PD_4,NONE,"{""pd_incharge"": ""PD_0""}",BLOCK_a_35f,HOLD
PD_4,NONE,"{""pd_incharge"": ""PD_0""}",BLOCK_a_360,HOLD
PD_4,NONE,"{""pd_incharge"": ""PD_0""}",BLOCK_a_361,HOLD
PD_4,NONE,"{""pd_incharge"": ""PD_0""}",BLOCK_a_362,HOLD
PD_4,NONE,"{""pd_incharge"": ""PD_0""}",BLOCK_a_363,HOLD
PD_4,NONE,"{""pd_incharge"": ""PD_0""}",BLOCK_a_364,HOLD
PD_4,NONE,"{""pd_incharge"": ""PD_0""}",BLOCK_a_365,HOLD
PD_4,NONE,"{""pd_incharge"": ""PD_0""}",BLOCK_a_366,HOLD
PD_4,NONE,"{""pd_incharge"": ""PD_0""}",BLOCK_a_367,HOLD
PD_4,NONE,"{""pd_incharge"": ""PD_0""}",BLOCK_a_368,HOLD
PD_4,NONE,"{""pd_incharge"": ""PD_0""}",BLOCK_a_369,HOLD
PD_4,NONE,"{""pd_incharge"": ""PD_0""}",BLOCK_a_36a,HOLD
PD_4,NONE,"{""pd_incharge"": ""PD_0""}",BLOCK_a_36b,HOLD
PD_4,NONE,"{""pd_incharge"": ""PD_0""}",BLOCK_a_36c,HOLD
PD_4,NONE,"{""pd_incharge"": ""PD_0""}",BLOCK_a_36d,HOLD
PD_4,NONE,"{""pd_incharge"": ""PD_0""}",BLOCK_a_36e,HOLD
PD_4,NONE,"{""pd_incharge"": ""PD_0""}",BLOCK_a_36f,HOLD
PD_4,NONE,"{""pd_incharge"": ""PD_0""}",BLOCK_a_370,HOLD
PD_4,NONE,"{""pd_incharge"": ""PD_0""}",BLOCK_a_371,HOLD
PD_4,NONE,"{""pd_incharge"": ""PD_0""}",BLOCK_a_372,HOLD
PD_4,NONE,"{""pd_incharge"": ""PD_0""}",BLOCK_a_373,HOLD
PD_4,NONE,"{""pd_incharge"": ""PD_0""}",BLOCK_a_374,HOLD
PD_4,NONE,"{""pd_incharge"": ""PD_0""}",BLOCK_a_375,HOLD
PD_4,NONE,"{""pd_incharge"": ""PD_0""}",BLOCK_a_376,HOLD
PD_4,NONE,"{""pd_incharge"": ""PD_0""}",BLOCK_a_377,HOLD
PD_4,NONE,"{""pd_incharge"": ""PD_0""}",BLOCK_a_378,HOLD
PD_4,NONE,"{""pd_incharge"": ""PD_0""}",BLOCK_a_379,HOLD
PD_4,NONE,"{""pd_incharge"": ""PD_0""}",BLOCK_a_37a,HOLD
PD_4,NONE,"{""pd_incharge"": ""PD_0""}",BLOCK_a_37b,HOLD
PD_4,NONE,"{""pd_incharge"": ""PD_0""}",BLOCK_a_37c,HOLD
PD_4,NONE,"{""pd_incharge"": ""PD_0""}",BLOCK_a_37d,HOLD
PD_4,NONE,"{""pd_incharge"": ""PD_0""}",BLOCK_a_37e,HOLD
PD_4,NONE,"{""pd_incharge"": ""PD_0""}",BLOCK_a_37f,HOLD
PD_4,NONE,"{""pd_incharge"": ""PD_0""}",BLOCK_a_380,HOLD
PD_4,NONE,"{""pd_incharge"": ""PD_0""}",BLOCK_a_381,HOLD
PD_4,NONE,"{""pd_incharge"": ""PD_0""}",BLOCK_a_382,HOLD
PD_4,NONE,"{""pd_incharge"": ""PD_0""}",BLOCK_a_383,HOLD
PD_4,NONE,"{""pd_incharge"": ""PD_0""}",BLOCK_a_384,HOLD
PD_4,NONE,"{""pd_incharge"": ""PD_0""}",BLOCK_a_385,HOLD
PD_4,NONE,"{""pd_incharge"": ""PD_0""}",BLOCK_a_386,HOLD
PD_4,NONE,"{""pd_incharge"": ""PD_0""}",BLOCK_a_387,HOLD
PD_4,NONE,"{""pd_incharge"": ""PD_0""}",BLOCK_a_388,HOLD
PD_4,NONE,"{""pd_incharge"": ""PD_0""}",BLOCK_a_389,HOLD
PD_4,NONE,"{""pd_incharge"": ""PD_0""}",BLOCK_a_38a,HOLD
PD_4,NONE,"{""pd_incharge"": ""PD_0""}",BLOCK_a_38b,HOLD
PD_4,NONE,"{""pd_incharge"": ""PD_0""}",BLOCK_a_38c,HOLD
PD_4,NONE,"{""pd_incharge"": ""PD_0""}",BLOCK_a_38d,HOLD
PD_4,NONE,"{""pd_incharge"": ""PD_0""}",BLOCK_a_38e,HOLD
PD_4,NONE,"{""pd_incharge"": ""PD_0""}",BLOCK_a_38f,HOLD
PD_4,NONE,"{""pd_incharge"": ""PD_0""}",BLOCK_a_390,HOLD
PD_4,NONE,"{""pd_incharge"": ""PD_0""}",BLOCK_a_391,HOLD
PD_4,NONE,"{""pd_incharge"": ""PD_0""}",BLOCK_a_392,HOLD
PD_4,NONE,"{""pd_incharge"": ""PD_0""}",BLOCK_a_393,HOLD
PD_4,NONE,"{""pd_incharge"": ""PD_0""}",BLOCK_a_394,HOLD
PD_4,NONE,"{""pd_incharge"": ""PD_0""}",BLOCK_a_395,HOLD
PD_4,NONE,"{""pd_incharge"": ""PD_0""}",BLOCK_a_396,HOLD
PD_4,NONE,"{""pd_incharge"": ""PD_0""}",BLOCK_a_397,HOLD
PD_4,NONE,"{""pd_incharge"": ""PD_0""}",BLOCK_a_398,HOLD
PD_4,NONE,"{""pd_incharge"": ""PD_0""}",BLOCK_a_399,HOLD
PD_4,NONE,"{""pd_incharge"": ""PD_0""}",BLOCK_a_39a,HOLD
PD_4,NONE,"{""pd_incharge"": ""PD_0""}",BLOCK_a_39b,HOLD
PD_4,NONE,"{""pd_incharge"": ""PD_0""}",BLOCK_a_39c,HOLD
PD_4,NONE,"{""pd_incharge"": ""PD_0""}",BLOCK_a_39d,HOLD
PD_4,NONE,"{""pd_incharge"": ""PD_0""}",BLOCK_a_39e,HOLD
PD_4,NONE,"{""pd_incharge"": ""PD_0""}",BLOCK_a_39f,HOLD
PD_4,NONE,"{""pd_incharge"": ""PD_0""}",BLOCK_a_3a0,HOLD
PD_4,NONE,"{""pd_incharge"": ""PD_0""}",BLOCK_a_3a1,HOLD
PD_4,NONE,"{""pd_incharge"": ""PD_0""}",BLOCK_a_3a2,HOLD
PD_4,NONE,"{""pd_incharge"": ""PD_0""}",BLOCK_a_3a3,HOLD
PD_4,NONE,"{""pd_incharge"": ""PD_0""}",BLOCK_a_3a4,HOLD
PD_4,NONE,"{""pd_incharge"": ""PD_0""}",BLOCK_a_3a5,HOLD
PD_4,NONE,"{""pd_incharge"": ""PD_0""}",BLOCK_a_3a6,HOLD
PD_4,NONE,"{""pd_incharge"": ""PD_0""}",BLOCK_a_3a7,HOLD
PD_4,NONE,"{""pd_incharge"": ""PD_0""}",BLOCK_a_3a8,HOLD
PD_4,NONE,"{""pd_incharge"": ""PD_0""}",BLOCK_a_3a9,HOLD
PD_4,NONE,"{""pd_incharge"": ""PD_0""}",BLOCK_a_3aa,HOLD
PD_4,NONE,"{""pd_incharge"": ""PD_0""}",BLOCK_a_3ab,HOLD
PD_4,NONE,"{""pd_incharge"": ""PD_0""}",BLOCK_a_3ac,HOLD
PD_4,NONE,"{""pd_incharge"": ""PD_0""}",BLOCK_a_3ad,HOLD
PD_4,NONE,"{""pd_incharge"": ""PD_0""}",BLOCK_a_3ae,HOLD
PD_4,NONE,"{""pd_incharge"": ""PD_0""}",BLOCK_a_3af,HOLD
PD_4,NONE,"{""pd_incharge"": ""PD_0""}",BLOCK_a_3b0,HOLD
PD_4,NONE,"{""pd_incharge"": ""PD_0""}",BLOCK_a_3b1,HOLD
PD_4,NONE,"{""pd_incharge"": ""PD_0""}",BLOCK_a_3b2,HOLD
PD_4,NONE,"{""pd_incharge"": ""PD_0""}",BLOCK_a_3b3,HOLD
PD_4,NONE,"{""pd_incharge"": ""PD_0""}",BLOCK_a_3b4,HOLD
PD_4,NONE,"{""pd_incharge"": ""PD_0""}",BLOCK_a_3b5,HOLD
PD_4,NONE,"{""pd_incharge"": ""PD_0""}",BLOCK_a_3b6,HOLD
PD_4,NONE,"{""pd_incharge"": ""PD_0""}",BLOCK_a_3b7,HOLD
PD_4,NONE,"{""pd_incharge"": ""PD_0""}",BLOCK_a_3b8,HOLD
PD_4,NONE,"{""pd_incharge"": ""PD_0""}",BLOCK_a_3b9,HOLD
PD_4,NONE,"{""pd_incharge"": ""PD_0""}",BLOCK_a_3ba,HOLD
PD_4,NONE,"{""pd_incharge"": ""PD_0""}",BLOCK_a_3bb,HOLD
PD_4,NONE,"{""pd_incharge"": ""PD_0""}",BLOCK_a_3bc,HOLD
PD_4,NONE,"{""pd_incharge"": ""PD_0""}",BLOCK_a_3bd,HOLD
PD_4,NONE,"{""pd_incharge"": ""PD_0""}",BLOCK_a_3be,HOLD
PD_4,NONE,"{""pd_incharge"": ""PD_0""}",BLOCK_a_3bf,HOLD
PD_4,NONE,"{""pd_incharge"": ""PD_0""}",BLOCK_a_3c0,HOLD
PD_4,NONE,"{""pd_incharge"": ""PD_0""}",BLOCK_a_3c1,HOLD
PD_4,NONE,"{""pd_incharge"": ""PD_0""}",BLOCK_a_3c2,HOLD
PD_4,NONE,"{""pd_incharge"": ""PD_0""}",BLOCK_a_3c3,HOLD
PD_4,NONE,"{""pd_incharge"": ""PD_0""}",BLOCK_a_3c4,HOLD
PD_4,NONE,"{""pd_incharge"": ""PD_0""}",BLOCK_a_3c5,HOLD
PD_4,NONE,"{""pd_incharge"": ""PD_0""}",BLOCK_a_3c6,HOLD
PD_4,NONE,"{""pd_incharge"": ""PD_0""}",BLOCK_a_3c7,HOLD
PD_4,NONE,"{""pd_incharge"": ""PD_0""}",BLOCK_a_3c8,HOLD
PD_4,NONE,"{""pd_incharge"": ""PD_0""}",BLOCK_a_3c9,HOLD
PD_4,NONE,"{""pd_incharge"": ""PD_0""}",BLOCK_a_3ca,HOLD
PD_4,NONE,"{""pd_incharge"": ""PD_0""}",BLOCK_a_3cb,HOLD
PD_4,NONE,"{""pd_incharge"": ""PD_0""}",BLOCK_a_3cc,HOLD
PD_4,NONE,"{""pd_incharge"": ""PD_0""}",BLOCK_a_3cd,HOLD
PD_4,NONE,"{""pd_incharge"": ""PD_0""}",BLOCK_a_3ce,HOLD
PD_4,NONE,"{""pd_incharge"": ""PD_0""}",BLOCK_a_3cf,HOLD
PD_4,NONE,"{""pd_incharge"": ""PD_0""}",BLOCK_a_3d0,HOLD
PD_4,NONE,"{""pd_incharge"": ""PD_0""}",BLOCK_a_3d1,HOLD
PD_4,NONE,"{""pd_incharge"": ""PD_0""}",BLOCK_a_3d2,HOLD
PD_4,NONE,"{""pd_incharge"": ""PD_0""}",BLOCK_a_3d3,HOLD
PD_4,NONE,"{""pd_incharge"": ""PD_0""}",BLOCK_a_3d4,HOLD
PD_4,NONE,"{""pd_incharge"": ""PD_0""}",BLOCK_a_3d5,HOLD
PD_4,NONE,"{""pd_incharge"": ""PD_0""}",BLOCK_a_3d6,HOLD
PD_4,NONE,"{""pd_incharge"": ""PD_0""}",BLOCK_a_3d7,HOLD
PD_4,NONE,"{""pd_incharge"": ""PD_0""}",BLOCK_a_3d8,HOLD
PD_4,NONE,"{""pd_incharge"": ""PD_0""}",BLOCK_a_3d9,HOLD
PD_4,NONE,"{""pd_incharge"": ""PD_0""}",BLOCK_a_3da,HOLD
PD_4,NONE,"{""pd_incharge"": ""PD_0""}",BLOCK_a_3db,HOLD
PD_4,NONE,"{""pd_incharge"": ""PD_0""}",BLOCK_a_3dc,HOLD
PD_4,NONE,"{""pd_incharge"": ""PD_0""}",BLOCK_a_3dd,HOLD
PD_4,NONE,"{""pd_incharge"": ""PD_0""}",BLOCK_a_3de,HOLD
PD_4,NONE,"{""pd_incharge"": ""PD_0""}",BLOCK_a_3df,HOLD
PD_4,NONE,"{""pd_incharge"": ""PD_0""}",BLOCK_a_3e0,HOLD
PD_4,NONE,"{""pd_incharge"": ""PD_0""}",BLOCK_a_3e1,HOLD
PD_4,NONE,"{""pd_incharge"": ""PD_0""}",BLOCK_a_3e2,HOLD
PD_4,NONE,"{""pd_incharge"": ""PD_0""}",BLOCK_a_3e3,HOLD
PD_4,NONE,"{""pd_incharge"": ""PD_0""}",BLOCK_a_3e4,HOLD
PD_4,NONE,"{""pd_incharge"": ""PD_0""}",BLOCK_a_3e5,HOLD
PD_4,NONE,"{""pd_incharge"": ""PD_0""}",BLOCK_a_3e6,HOLD
PD_4,NONE,"{""pd_incharge"": ""PD_0""}",BLOCK_a_3e7,HOLD
PD_4,NONE,"{""pd_incharge"": ""PD_0""}",BLOCK_a_3e8,HOLD
PD_4,NONE,"{""pd_incharge"": ""PD_0""}",BLOCK_a_3e9,HOLD
PD_4,NONE,"{""pd_incharge"": ""PD_0""}",BLOCK_a_3ea,HOLD
PD_4,NONE,"{""pd_incharge"": ""PD_0""}",BLOCK_a_3eb,HOLD
PD_4,NONE,"{""pd_incharge"": ""PD_0""}",BLOCK_a_3ec,HOLD
PD_4,NONE,"{""pd_incharge"": ""PD_0""}",BLOCK_a_3ed,HOLD
PD_4,NONE,"{""pd_incharge"": ""PD_0""}",BLOCK_a_3ee,HOLD
PD_4,NONE,"{""pd_incharge"": ""PD_0""}",BLOCK_a_3ef,HOLD
PD_4,NONE,"{""pd_incharge"": ""PD_0""}",BLOCK_a_3f0,HOLD
PD_4,NONE,"{""pd_incharge"": ""PD_0""}",BLOCK_a_3f1,HOLD
PD_4,NONE,"{""pd_incharge"": ""PD_0""}",BLOCK_a_3f2,HOLD
PD_4,NONE,"{""pd_incharge"": ""PD_0""}",BLOCK_a_3f3,HOLD
PD_4,NONE,"{""pd_incharge"": ""PD_0""}",BLOCK_a_3f4,HOLD
PD_4,NONE,"{""pd_incharge"": ""PD_0""}",BLOCK_a_3f5,HOLD
PD_4,NONE,"{""pd_incharge"": ""PD_0""}",BLOCK_a_3f6,HOLD
PD_4,NONE,"{""pd_incharge"": ""PD_0""}",BLOCK_a_3f7,HOLD
PD_4,NONE,"{""pd_incharge"": ""PD_0""}",BLOCK_a_3f8,HOLD
PD_4,NONE,"{""pd_incharge"": ""PD_0""}",BLOCK_a_3f9,HOLD
PD_4,NONE,"{""pd_incharge"": ""PD_0""}",BLOCK_a_3fa,HOLD
PD_4,NONE,"{""pd_incharge"": ""PD_0""}",BLOCK_a_3fb,HOLD
PD_4,NONE,"{""pd_incharge"": ""PD_0""}",BLOCK_a_3fc,HOLD
PD_4,NONE,"{""pd_incharge"": ""PD_0""}",BLOCK_a_3fd,HOLD
PD_4,NONE,"{""pd_incharge"": ""PD_0""}",BLOCK_a_3fe,HOLD
PD_4,NONE,"{""pd_incharge"": ""PD_0""}",BLOCK_a_3ff,HOLD
FILE_e_2,NONE,"{""pd_incharge"": ""PD_0""}",FILE_SPACE_e,SUBSET
PD_4,NONE,"{""pd_incharge"": ""PD_0""}",FILE_e_2,HOLD
PD_1,NONE,"{""pd_incharge"": ""PD_0""}",ADS_SPACE_d,HOLD
PD_1,NONE,"{""pd_incharge"": ""PD_0""}",VCPU_5_4,HOLD
PD_1,NONE,"{""pd_incharge"": ""PD_0""}",MO_4_1a,HOLD
MO_4_1a,NONE,"{""pd_incharge"": ""PD_0""}",MO_SPACE_4,SUBSET
PD_1,NONE,"{""pd_incharge"": ""PD_0""}",MO_4_1b,HOLD
MO_4_1b,NONE,"{""pd_incharge"": ""PD_0""}",MO_SPACE_4,SUBSET
PD_1,NONE,"{""pd_incharge"": ""PD_0""}",MO_4_1c,HOLD
MO_4_1c,NONE,"{""pd_incharge"": ""PD_0""}",MO_SPACE_4,SUBSET
PD_1,NONE,"{""pd_incharge"": ""PD_0""}",MO_4_1e,HOLD
MO_4_1e,NONE,"{""pd_incharge"": ""PD_0""}",MO_SPACE_4,SUBSET
PD_5,VMR,"{""pd_incharge"": ""PD_0""}",PD_0,REQUEST
PD_5,MO,"{""pd_incharge"": ""PD_0""}",PD_0,REQUEST
PD_5,EP,"{""pd_incharge"": ""PD_0""}",PD_0,REQUEST
PD_5,RESSPC,"{""pd_incharge"": ""PD_0""}",PD_0,REQUEST
PD_5,FILE,"{""pd_incharge"": ""PD_0""}",PD_3,REQUEST
PD_5,NONE,"{""pd_incharge"": ""PD_0""}",VCPU_5_5,HOLD
VCPU_5_5,NONE,"{""pd_incharge"": ""PD_0""}",VCPU_SPACE_5,SUBSET
VCPU_5_5,NONE,"{""pd_incharge"": ""PD_0""}",PCPU_1_0,MAP
ADS_SPACE_f,NONE,"{""pd_incharge"": ""PD_0""}",MO_SPACE_4,MAP
PD_0,NONE,"{""pd_incharge"": ""PD_0""}",ADS_SPACE_f,HOLD
VMR_f_1,NONE,"{""pd_incharge"": ""PD_0""}",ADS_SPACE_f,SUBSET
PD_5,NONE,"{""pd_incharge"": ""PD_0""}",VMR_f_1,HOLD
VMR_f_2,NONE,"{""pd_incharge"": ""PD_0""}",ADS_SPACE_f,SUBSET
PD_5,NONE,"{""pd_incharge"": ""PD_0""}",VMR_f_2,HOLD
PD_0,NONE,"{""pd_incharge"": ""PD_0""}",MO_4_1f,MAP
VMR_f_3,NONE,"{""pd_incharge"": ""PD_0""}",ADS_SPACE_f,SUBSET
PD_5,NONE,"{""pd_incharge"": ""PD_0""}",VMR_f_3,HOLD
PD_0,NONE,"{""pd_incharge"": ""PD_0""}",MO_4_20,MAP
VMR_f_4,NONE,"{""pd_incharge"": ""PD_0""}",ADS_SPACE_f,SUBSET
PD_5,NONE,"{""pd_incharge"": ""PD_0""}",VMR_f_4,HOLD
PD_0,NONE,"{""pd_incharge"": ""PD_0""}",MO_4_21,MAP
VMR_f_5,NONE,"{""pd_incharge"": ""PD_0""}",ADS_SPACE_f,SUBSET
PD_5,NONE,"{""pd_incharge"": ""PD_0""}",VMR_f_5,HOLD
PD_0,NONE,"{""pd_incharge"": ""PD_0""}",MO_4_22,MAP
VMR_f_6,NONE,"{""pd_incharge"": ""PD_0""}",ADS_SPACE_f,SUBSET
PD_5,NONE,"{""pd_incharge"": ""PD_0""}",VMR_f_6,HOLD
PD_0,NONE,"{""pd_incharge"": ""PD_0""}",MO_4_23,MAP
VMR_f_7,NONE,"{""pd_incharge"": ""PD_0""}",ADS_SPACE_f,SUBSET
PD_5,NONE,"{""pd_incharge"": ""PD_0""}",VMR_f_7,HOLD
PD_0,NONE,"{""pd_incharge"": ""PD_0""}",MO_4_24,MAP
PD_5,NONE,"{""pd_incharge"": ""PD_0""}",ADS_SPACE_f,HOLD
KVSTORE_SPACE_10,NONE,"{""pd_incharge"": ""PD_5""}",FILE_SPACE_c,MAP
PD_5,NONE,"{""pd_incharge"": ""PD_0""}",KVSTORE_SPACE_10,HOLD
PD_5,NONE,"{""pd_incharge"": ""PD_0""}",MO_4_24,HOLD
MO_4_24,NONE,"{""pd_incharge"": ""PD_0""}",MO_SPACE_4,SUBSET
PD_5,NONE,"{""pd_incharge"": ""PD_0""}",FILE_c_2,HOLD
KVSTORE_10_1,NONE,"{""pd_incharge"": ""PD_0""}",KVSTORE_SPACE_10,SUBSET
PD_5,NONE,"{""pd_incharge"": ""PD_0""}",KVSTORE_10_1,HOLD
KVSTORE_10_2,NONE,"{""pd_incharge"": ""PD_0""}",KVSTORE_SPACE_10,SUBSET
PD_5,NONE,"{""pd_incharge"": ""PD_0""}",KVSTORE_10_2,HOLD
KVSTORE_10_3,NONE,"{""pd_incharge"": ""PD_0""}",KVSTORE_SPACE_10,SUBSET
PD_5,NONE,"{""pd_incharge"": ""PD_0""}",KVSTORE_10_3,HOLD
KVSTORE_10_4,NONE,"{""pd_incharge"": ""PD_0""}",KVSTORE_SPACE_10,SUBSET
PD_5,NONE,"{""pd_incharge"": ""PD_0""}",KVSTORE_10_4,HOLD
KVSTORE_10_5,NONE,"{""pd_incharge"": ""PD_0""}",KVSTORE_SPACE_10,SUBSET
PD_5,NONE,"{""pd_incharge"": ""PD_0""}",KVSTORE_10_5,HOLD
PD_1,NONE,"{""pd_incharge"": ""PD_0""}",ADS_SPACE_f,HOLD
PD_1,NONE,"{""pd_incharge"": ""PD_0""}",VCPU_5_5,HOLD
PD_1,NONE,"{""pd_incharge"": ""PD_0""}",MO_4_21,HOLD
MO_4_21,NONE,"{""pd_incharge"": ""PD_0""}",MO_SPACE_4,SUBSET
PD_1,NONE,"{""pd_incharge"": ""PD_0""}",MO_4_22,HOLD
MO_4_22,NONE,"{""pd_incharge"": ""PD_0""}",MO_SPACE_4,SUBSET
PD_1,NONE,"{""pd_incharge"": ""PD_0""}",MO_4_23,HOLD
MO_4_23,NONE,"{""pd_incharge"": ""PD_0""}",MO_SPACE_4,SUBSET
PD_1,NONE,"{""pd_incharge"": ""PD_0""}",MO_4_25,HOLD
MO_4_25,NONE,"{""pd_incharge"": ""PD_0""}",MO_SPACE_4,SUBSET
PD_6,VMR,"{""pd_incharge"": ""PD_0""}",PD_0,REQUEST
PD_6,MO,"{""pd_incharge"": ""PD_0""}",PD_0,REQUEST
PD_6,RESSPC,"{""pd_incharge"": ""PD_0""}",PD_0,REQUEST
PD_6,FILE,"{""pd_incharge"": ""PD_0""}",PD_4,REQUEST
PD_6,KVSTORE,"{""pd_incharge"": ""PD_0""}",PD_5,REQUEST
PD_6,NONE,"{""pd_incharge"": ""PD_0""}",VCPU_5_6,HOLD
VCPU_5_6,NONE,"{""pd_incharge"": ""PD_0""}",VCPU_SPACE_5,SUBSET
VCPU_5_6,NONE,"{""pd_incharge"": ""PD_0""}",PCPU_1_0,MAP
ADS_SPACE_11,NONE,"{""pd_incharge"": ""PD_0""}",MO_SPACE_4,MAP
PD_0,NONE,"{""pd_incharge"": ""PD_0""}",ADS_SPACE_11,HOLD
VMR_11_1,NONE,"{""pd_incharge"": ""PD_0""}",ADS_SPACE_11,SUBSET
PD_6,NONE,"{""pd_incharge"": ""PD_0""}",VMR_11_1,HOLD
VMR_11_2,NONE,"{""pd_incharge"": ""PD_0""}",ADS_SPACE_11,SUBSET
PD_6,NONE,"{""pd_incharge"": ""PD_0""}",VMR_11_2,HOLD
PD_0,NONE,"{""pd_incharge"": ""PD_0""}",MO_4_26,MAP
VMR_11_3,NONE,"{""pd_incharge"": ""PD_0""}",ADS_SPACE_11,SUBSET
PD_6,NONE,"{""pd_incharge"": ""PD_0""}",VMR_11_3,HOLD
PD_0,NONE,"{""pd_incharge"": ""PD_0""}",MO_4_27,MAP
VMR_11_4,NONE,"{""pd_incharge"": ""PD_0""}",ADS_SPACE_11,SUBSET
PD_6,NONE,"{""pd_incharge"": ""PD_0""}",VMR_11_4,HOLD
PD_0,NONE,"{""pd_incharge"": ""PD_0""}",MO_4_28,MAP
VMR_11_5,NONE,"{""pd_incharge"": ""PD_0""}",ADS_SPACE_11,SUBSET
PD_6,NONE,"{""pd_incharge"": ""PD_0""}",VMR_11_5,HOLD
PD_0,NONE,"{""pd_incharge"": ""PD_0""}",MO_4_29,MAP
VMR_11_6,NONE,"{""pd_incharge"": ""PD_0""}",ADS_SPACE_11,SUBSET
PD_6,NONE,"{""pd_incharge"": ""PD_0""}",VMR_11_6,HOLD
PD_0,NONE,"{""pd_incharge"": ""PD_0""}",MO_4_2a,MAP
VMR_11_7,NONE,"{""pd_incharge"": ""PD_0""}",ADS_SPACE_11,SUBSET
PD_6,NONE,"{""pd_incharge"": ""PD_0""}",VMR_11_7,HOLD
PD_0,NONE,"{""pd_incharge"": ""PD_0""}",MO_4_2b,MAP
PD_6,NONE,"{""pd_incharge"": ""PD_0""}",ADS_SPACE_11,HOLD
PD_6,NONE,"{""pd_incharge"": ""PD_0""}",MO_4_2b,HOLD
MO_4_2b,NONE,"{""pd_incharge"": ""PD_0""}",MO_SPACE_4,SUBSET
PD_6,NONE,"{""pd_incharge"": ""PD_0""}",KVSTORE_10_1,HOLD
PD_6,NONE,"{""pd_incharge"": ""PD_0""}",KVSTORE_10_2,HOLD
PD_6,NONE,"{""pd_incharge"": ""PD_0""}",KVSTORE_10_3,HOLD
PD_6,NONE,"{""pd_incharge"": ""PD_0""}",KVSTORE_10_4,HOLD
PD_6,NONE,"{""pd_incharge"": ""PD_0""}",KVSTORE_10_5,HOLD
PD_1,NONE,"{""pd_incharge"": ""PD_0""}",ADS_SPACE_11,HOLD
PD_1,NONE,"{""pd_incharge"": ""PD_0""}",VCPU_5_6,HOLD
PD_1,NONE,"{""pd_incharge"": ""PD_0""}",MO_4_28,HOLD
MO_4_28,NONE,"{""pd_incharge"": ""PD_0""}",MO_SPACE_4,SUBSET
PD_1,NONE,"{""pd_incharge"": ""PD_0""}",MO_4_29,HOLD
MO_4_29,NONE,"{""pd_incharge"": ""PD_0""}",MO_SPACE_4,SUBSET
PD_1,NONE,"{""pd_incharge"": ""PD_0""}",MO_4_2a,HOLD
MO_4_2a,NONE,"{""pd_incharge"": ""PD_0""}",MO_SPACE_4,SUBSET
PD_0,NONE,"{""pd_incharge"": ""PD_0""}",MO_4_4,HOLD
MO_4_4,NONE,"{""pd_incharge"": ""PD_0""}",MO_SPACE_4,SUBSET
PD_0,NONE,"{""pd_incharge"": ""PD_0""}",MO_4_5,HOLD
MO_4_5,NONE,"{""pd_incharge"": ""PD_0""}",MO_SPACE_4,SUBSET
PD_0,NONE,"{""pd_incharge"": ""PD_0""}",MO_4_6,HOLD
MO_4_6,NONE,"{""pd_incharge"": ""PD_0""}",MO_SPACE_4,SUBSET
PD_0,NONE,"{""pd_incharge"": ""PD_0""}",MO_4_7,HOLD
MO_4_7,NONE,"{""pd_incharge"": ""PD_0""}",MO_SPACE_4,SUBSET
PD_0,NONE,"{""pd_incharge"": ""PD_0""}",MO_4_8,HOLD
PD_0,NONE,"{""pd_incharge"": ""PD_0""}",MO_4_9,HOLD
MO_4_9,NONE,"{""pd_incharge"": ""PD_0""}",MO_SPACE_4,SUBSET
PD_0,NONE,"{""pd_incharge"": ""PD_0""}",MO_4_a,HOLD
MO_4_a,NONE,"{""pd_incharge"": ""PD_0""}",MO_SPACE_4,SUBSET
PD_0,NONE,"{""pd_incharge"": ""PD_0""}",MO_4_b,HOLD
PD_0,NONE,"{""pd_incharge"": ""PD_0""}",MO_4_c,HOLD
PD_0,NONE,"{""pd_incharge"": ""PD_0""}",MO_4_d,HOLD
PD_0,NONE,"{""pd_incharge"": ""PD_0""}",MO_4_e,HOLD
PD_0,NONE,"{""pd_incharge"": ""PD_0""}",MO_4_f,HOLD
PD_0,NONE,"{""pd_incharge"": ""PD_0""}",MO_4_10,HOLD
MO_4_10,NONE,"{""pd_incharge"": ""PD_0""}",MO_SPACE_4,SUBSET
PD_0,NONE,"{""pd_incharge"": ""PD_0""}",MO_4_11,HOLD
MO_4_11,NONE,"{""pd_incharge"": ""PD_0""}",MO_SPACE_4,SUBSET
PD_0,NONE,"{""pd_incharge"": ""PD_0""}",MO_4_12,HOLD
PD_0,NONE,"{""pd_incharge"": ""PD_0""}",MO_4_13,HOLD
PD_0,NONE,"{""pd_incharge"": ""PD_0""}",MO_4_14,HOLD
PD_0,NONE,"{""pd_incharge"": ""PD_0""}",MO_4_15,HOLD
PD_0,NONE,"{""pd_incharge"": ""PD_0""}",MO_4_16,HOLD
PD_0,NONE,"{""pd_incharge"": ""PD_0""}",MO_4_17,HOLD
PD_0,NONE,"{""pd_incharge"": ""PD_0""}",MO_4_18,HOLD
MO_4_18,NONE,"{""pd_incharge"": ""PD_0""}",MO_SPACE_4,SUBSET
PD_0,NONE,"{""pd_incharge"": ""PD_0""}",MO_4_19,HOLD
MO_4_19,NONE,"{""pd_incharge"": ""PD_0""}",MO_SPACE_4,SUBSET
PD_0,NONE,"{""pd_incharge"": ""PD_0""}",MO_4_1a,HOLD
PD_0,NONE,"{""pd_incharge"": ""PD_0""}",MO_4_1b,HOLD
PD_0,NONE,"{""pd_incharge"": ""PD_0""}",MO_4_1c,HOLD
PD_0,NONE,"{""pd_incharge"": ""PD_0""}",MO_4_1d,HOLD
PD_0,NONE,"{""pd_incharge"": ""PD_0""}",MO_4_1e,HOLD
PD_0,NONE,"{""pd_incharge"": ""PD_0""}",MO_4_1f,HOLD
MO_4_1f,NONE,"{""pd_incharge"": ""PD_0""}",MO_SPACE_4,SUBSET
PD_0,NONE,"{""pd_incharge"": ""PD_0""}",MO_4_20,HOLD
MO_4_20,NONE,"{""pd_incharge"": ""PD_0""}",MO_SPACE_4,SUBSET
PD_0,NONE,"{""pd_incharge"": ""PD_0""}",MO_4_21,HOLD
PD_0,NONE,"{""pd_incharge"": ""PD_0""}",MO_4_22,HOLD
PD_0,NONE,"{""pd_incharge"": ""PD_0""}",MO_4_23,HOLD
PD_0,NONE,"{""pd_incharge"": ""PD_0""}",MO_4_24,HOLD
PD_0,NONE,"{""pd_incharge"": ""PD_0""}",MO_4_25,HOLD
PD_0,NONE,"{""pd_incharge"": ""PD_0""}",MO_4_26,HOLD
MO_4_26,NONE,"{""pd_incharge"": ""PD_0""}",MO_SPACE_4,SUBSET
PD_0,NONE,"{""pd_incharge"": ""PD_0""}",MO_4_27,HOLD
MO_4_27,NONE,"{""pd_incharge"": ""PD_0""}",MO_SPACE_4,SUBSET
PD_0,NONE,"{""pd_incharge"": ""PD_0""}",MO_4_28,HOLD
PD_0,NONE,"{""pd_incharge"": ""PD_0""}",MO_4_29,HOLD
PD_0,NONE,"{""pd_incharge"": ""PD_0""}",MO_4_2a,HOLD
PD_0,NONE,"{""pd_incharge"": ""PD_0""}",MO_4_2b,HOLD
FILE_e_2,NONE,"{""pd_incharge"": ""PD_4""}",FILE_SPACE_e,SUBSET
PD_6,NONE,"{""pd_incharge"": ""PD_0""}",FILE_e_2,HOLD
FILE_e_2,NONE,"{""pd_incharge"": ""PD_4""}",BLOCK_a_20a,MAP
FILE_e_2,NONE,"{""pd_incharge"": ""PD_4""}",BLOCK_a_20b,MAP
FILE_e_2,NONE,"{""pd_incharge"": ""PD_4""}",BLOCK_a_20d,MAP
FILE_c_2,NONE,"{""pd_incharge"": ""PD_3""}",FILE_SPACE_c,SUBSET
FILE_c_2,NONE,"{""pd_incharge"": ""PD_3""}",BLOCK_a_a,MAP
FILE_c_2,NONE,"{""pd_incharge"": ""PD_3""}",BLOCK_a_b,MAP
FILE_c_2,NONE,"{""pd_incharge"": ""PD_3""}",BLOCK_a_c,MAP
FILE_c_2,NONE,"{""pd_incharge"": ""PD_3""}",BLOCK_a_e,MAP
FILE_c_2,NONE,"{""pd_incharge"": ""PD_3""}",BLOCK_a_f,MAP
FILE_c_2,NONE,"{""pd_incharge"": ""PD_3""}",BLOCK_a_10,MAP
FILE_c_2,NONE,"{""pd_incharge"": ""PD_3""}",BLOCK_a_11,MAP
FILE_c_2,NONE,"{""pd_incharge"": ""PD_3""}",BLOCK_a_12,MAP
FILE_c_2,NONE,"{""pd_incharge"": ""PD_3""}",BLOCK_a_13,MAP
FILE_c_2,NONE,"{""pd_incharge"": ""PD_3""}",BLOCK_a_14,MAP
FILE_c_2,NONE,"{""pd_incharge"": ""PD_3""}",BLOCK_a_15,MAP
