NODE_TYPE,NODE_ID,DATA,EDGE_TYPE,EDGE_FROM,EDGE_TO,EXTRA
PD,PD_0,ROOT_TASK,,,,
RESOURCE_SPACE,ADS_SPACE_7,ADS,,,,
RESOURCE_SPACE,MO_SPACE_4,MO,,,,
RESOURCE,VMR_7_1,VMR,,,,"{""va"": ""0x2f400000"", ""vmr_type"": ""STACK"", ""num_pages"": ""17"", ""page_size"": ""4096""}"
RESOURCE,MO_4_1,MO,,,,"{""pa"": ""0x0"", ""num_pages"": ""16"", ""page_size"": ""4096""}"
RESOURCE,VMR_7_2,VMR,,,,"{""va"": ""0x10000000"", ""vmr_type"": ""UNKNOWN"", ""num_pages"": ""128000"", ""page_size"": ""4096""}"
RESOURCE,MO_4_2,MO,,,,"{""pa"": ""0x0"", ""num_pages"": ""0"", ""page_size"": ""4096""}"
RESOURCE,VMR_7_3,VMR,,,,"{""va"": ""0x2f425000"", ""vmr_type"": ""GENERIC"", ""num_pages"": ""1"", ""page_size"": ""4096""}"
RESOURCE,MO_4_3,MO,,,,"{""pa"": ""0x6000f000"", ""num_pages"": ""1"", ""page_size"": ""4096""}"
RESOURCE,VMR_7_6,VMR,,,,"{""va"": ""0x2f486000"", ""vmr_type"": ""GENERIC"", ""num_pages"": ""1"", ""page_size"": ""4096""}"
RESOURCE,MO_4_8,MO,,,,"{""pa"": ""0x749f2000"", ""num_pages"": ""1"", ""page_size"": ""4096""}"
RESOURCE,VMR_7_9,VMR,,,,"{""va"": ""0x2f494000"", ""vmr_type"": ""GENERIC"", ""num_pages"": ""1"", ""page_size"": ""4096""}"
RESOURCE,MO_4_f,MO,,,,"{""pa"": ""0x75429000"", ""num_pages"": ""1"", ""page_size"": ""4096""}"
RESOURCE,VMR_7_c,VMR,,,,"{""va"": ""0x2f49e000"", ""vmr_type"": ""GENERIC"", ""num_pages"": ""1"", ""page_size"": ""4096""}"
RESOURCE,MO_4_17,MO,,,,"{""pa"": ""0x755ee000"", ""num_pages"": ""1"", ""page_size"": ""4096""}"
RESOURCE,VMR_7_f,VMR,,,,"{""va"": ""0x2f4a8000"", ""vmr_type"": ""GENERIC"", ""num_pages"": ""1"", ""page_size"": ""4096""}"
RESOURCE,MO_4_1d,MO,,,,"{""pa"": ""0x76097000"", ""num_pages"": ""1"", ""page_size"": ""4096""}"
PD,PD_1,GPIKV006,,,,
RESOURCE_SPACE,ADS_SPACE_8,ADS,,,,
RESOURCE,VMR_8_1,VMR,,,,"{""va"": ""0x400000"", ""vmr_type"": ""ELF_CODE"", ""num_pages"": ""556"", ""page_size"": ""4096""}"
RESOURCE,MO_4_4,MO,,,,"{""pa"": ""0x7fd8a000"", ""num_pages"": ""556"", ""page_size"": ""4096""}"
RESOURCE,VMR_8_2,VMR,,,,"{""va"": ""0x62c000"", ""vmr_type"": ""ELF_DATA"", ""num_pages"": ""22615"", ""page_size"": ""4096""}"
RESOURCE,MO_4_5,MO,,,,"{""pa"": ""0x7ffa4000"", ""num_pages"": ""22615"", ""page_size"": ""4096""}"
RESOURCE,VMR_8_3,VMR,,,,"{""va"": ""0x10000000"", ""vmr_type"": ""SHARED_FRAMES"", ""num_pages"": ""1"", ""page_size"": ""4096""}"
RESOURCE,VMR_8_4,VMR,,,,"{""va"": ""0x10001000"", ""vmr_type"": ""IPC_BUF"", ""num_pages"": ""1"", ""page_size"": ""4096""}"
RESOURCE,MO_4_6,MO,,,,"{""pa"": ""0x749e0000"", ""num_pages"": ""1"", ""page_size"": ""4096""}"
RESOURCE,VMR_8_5,VMR,,,,"{""va"": ""0x10002000"", ""vmr_type"": ""STACK"", ""num_pages"": ""17"", ""page_size"": ""4096""}"
RESOURCE,MO_4_7,MO,,,,"{""pa"": ""0x749e1000"", ""num_pages"": ""16"", ""page_size"": ""4096""}"
RESOURCE,VMR_8_6,VMR,,,,"{""va"": ""0x10013000"", ""vmr_type"": ""SHARED_FRAMES"", ""num_pages"": ""1"", ""page_size"": ""4096""}"
RESOURCE,MO_4_16,MO,,,,"{""pa"": ""0x755ed000"", ""num_pages"": ""1"", ""page_size"": ""4096""}"
RESOURCE_SPACE,VCPU_SPACE_5,VCPU,,,,
RESOURCE,VCPU_5_1,VCPU,,,,
RESOURCE,PCPU_1_0,PCPU,,,,
PD,PD_2,ramdisk_server,,,,
RESOURCE,VCPU_5_2,VCPU,,,,
RESOURCE_SPACE,ADS_SPACE_9,ADS,,,,
RESOURCE,VMR_9_1,VMR,,,,"{""va"": ""0x10000000"", ""vmr_type"": ""OSM_DATA"", ""num_pages"": ""1"", ""page_size"": ""4096""}"
RESOURCE,VMR_9_2,VMR,,,,"{""va"": ""0x400000"", ""vmr_type"": ""ELF_CODE"", ""num_pages"": ""200"", ""page_size"": ""4096""}"
RESOURCE,MO_4_9,MO,,,,"{""pa"": ""0x749fd000"", ""num_pages"": ""200"", ""page_size"": ""4096""}"
RESOURCE,VMR_9_3,VMR,,,,"{""va"": ""0x4c8000"", ""vmr_type"": ""ELF_DATA"", ""num_pages"": ""8"", ""page_size"": ""4096""}"
RESOURCE,MO_4_a,MO,,,,"{""pa"": ""0x74b54000"", ""num_pages"": ""8"", ""page_size"": ""4096""}"
RESOURCE,VMR_9_4,VMR,,,,"{""va"": ""0x5000000000"", ""vmr_type"": ""HEAP"", ""num_pages"": ""100"", ""page_size"": ""4096""}"
RESOURCE,MO_4_b,MO,,,,"{""pa"": ""0x74b5c000"", ""num_pages"": ""100"", ""page_size"": ""4096""}"
RESOURCE,VMR_9_5,VMR,,,,"{""va"": ""0x10001000"", ""vmr_type"": ""STACK"", ""num_pages"": ""17"", ""page_size"": ""4096""}"
RESOURCE,MO_4_c,MO,,,,"{""pa"": ""0x74bcc000"", ""num_pages"": ""16"", ""page_size"": ""4096""}"
RESOURCE,VMR_9_6,VMR,,,,"{""va"": ""0x10012000"", ""vmr_type"": ""IPC_BUF"", ""num_pages"": ""1"", ""page_size"": ""4096""}"
RESOURCE,MO_4_d,MO,,,,"{""pa"": ""0x74bdd000"", ""num_pages"": ""1"", ""page_size"": ""4096""}"
RESOURCE,VMR_9_7,VMR,,,,"{""va"": ""0x10013000"", ""vmr_type"": ""GENERIC"", ""num_pages"": ""1024"", ""page_size"": ""4096""}"
RESOURCE,MO_4_e,MO,,,,"{""pa"": ""0x74bde000"", ""num_pages"": ""1024"", ""page_size"": ""4096""}"
RESOURCE,VMR_9_8,VMR,,,,"{""va"": ""0x10413000"", ""vmr_type"": ""GENERIC"", ""num_pages"": ""1"", ""page_size"": ""4096""}"
RESOURCE,MO_4_15,MO,,,,"{""pa"": ""0x755ec000"", ""num_pages"": ""1"", ""page_size"": ""4096""}"
RESOURCE_SPACE,BLOCK_SPACE_a,BLOCK,,,,
RESOURCE,BLOCK_a_0,BLOCK,,,,
RESOURCE,BLOCK_a_1,BLOCK,,,,
RESOURCE,BLOCK_a_2,BLOCK,,,,
RESOURCE,BLOCK_a_3,BLOCK,,,,
RESOURCE,BLOCK_a_4,BLOCK,,,,
RESOURCE,BLOCK_a_5,BLOCK,,,,
RESOURCE,BLOCK_a_6,BLOCK,,,,
RESOURCE,BLOCK_a_7,BLOCK,,,,
RESOURCE,BLOCK_a_8,BLOCK,,,,
RESOURCE,BLOCK_a_9,BLOCK,,,,
RESOURCE,BLOCK_a_a,BLOCK,,,,
RESOURCE,BLOCK_a_b,BLOCK,,,,
RESOURCE,BLOCK_a_c,BLOCK,,,,
RESOURCE,BLOCK_a_d,BLOCK,,,,
RESOURCE,BLOCK_a_e,BLOCK,,,,
RESOURCE,BLOCK_a_f,BLOCK,,,,
RESOURCE,BLOCK_a_10,BLOCK,,,,
RESOURCE,BLOCK_a_11,BLOCK,,,,
RESOURCE,BLOCK_a_12,BLOCK,,,,
RESOURCE,BLOCK_a_13,BLOCK,,,,
RESOURCE,BLOCK_a_14,BLOCK,,,,
RESOURCE,BLOCK_a_15,BLOCK,,,,
RESOURCE,BLOCK_a_16,BLOCK,,,,
RESOURCE,BLOCK_a_17,BLOCK,,,,
RESOURCE,BLOCK_a_18,BLOCK,,,,
RESOURCE,BLOCK_a_19,BLOCK,,,,
RESOURCE,BLOCK_a_1a,BLOCK,,,,
RESOURCE,BLOCK_a_1b,BLOCK,,,,
RESOURCE,BLOCK_a_1c,BLOCK,,,,
RESOURCE,BLOCK_a_1d,BLOCK,,,,
RESOURCE,BLOCK_a_1e,BLOCK,,,,
RESOURCE,BLOCK_a_1f,BLOCK,,,,
RESOURCE,BLOCK_a_20,BLOCK,,,,
RESOURCE,BLOCK_a_21,BLOCK,,,,
RESOURCE,BLOCK_a_22,BLOCK,,,,
RESOURCE,BLOCK_a_23,BLOCK,,,,
RESOURCE,BLOCK_a_24,BLOCK,,,,
RESOURCE,BLOCK_a_25,BLOCK,,,,
RESOURCE,BLOCK_a_26,BLOCK,,,,
RESOURCE,BLOCK_a_27,BLOCK,,,,
RESOURCE,BLOCK_a_28,BLOCK,,,,
RESOURCE,BLOCK_a_29,BLOCK,,,,
RESOURCE,BLOCK_a_2a,BLOCK,,,,
RESOURCE,BLOCK_a_2b,BLOCK,,,,
RESOURCE,BLOCK_a_2c,BLOCK,,,,
RESOURCE,BLOCK_a_2d,BLOCK,,,,
RESOURCE,BLOCK_a_2e,BLOCK,,,,
RESOURCE,BLOCK_a_2f,BLOCK,,,,
RESOURCE,BLOCK_a_30,BLOCK,,,,
RESOURCE,BLOCK_a_31,BLOCK,,,,
RESOURCE,BLOCK_a_32,BLOCK,,,,
RESOURCE,BLOCK_a_33,BLOCK,,,,
RESOURCE,BLOCK_a_34,BLOCK,,,,
RESOURCE,BLOCK_a_35,BLOCK,,,,
RESOURCE,BLOCK_a_36,BLOCK,,,,
RESOURCE,BLOCK_a_37,BLOCK,,,,
RESOURCE,BLOCK_a_38,BLOCK,,,,
RESOURCE,BLOCK_a_39,BLOCK,,,,
RESOURCE,BLOCK_a_3a,BLOCK,,,,
RESOURCE,BLOCK_a_3b,BLOCK,,,,
RESOURCE,BLOCK_a_3c,BLOCK,,,,
RESOURCE,BLOCK_a_3d,BLOCK,,,,
RESOURCE,BLOCK_a_3e,BLOCK,,,,
RESOURCE,BLOCK_a_3f,BLOCK,,,,
RESOURCE,BLOCK_a_40,BLOCK,,,,
RESOURCE,BLOCK_a_41,BLOCK,,,,
RESOURCE,BLOCK_a_42,BLOCK,,,,
RESOURCE,BLOCK_a_43,BLOCK,,,,
RESOURCE,BLOCK_a_44,BLOCK,,,,
RESOURCE,BLOCK_a_45,BLOCK,,,,
RESOURCE,BLOCK_a_46,BLOCK,,,,
RESOURCE,BLOCK_a_47,BLOCK,,,,
RESOURCE,BLOCK_a_48,BLOCK,,,,
RESOURCE,BLOCK_a_49,BLOCK,,,,
RESOURCE,BLOCK_a_4a,BLOCK,,,,
RESOURCE,BLOCK_a_4b,BLOCK,,,,
RESOURCE,BLOCK_a_4c,BLOCK,,,,
RESOURCE,BLOCK_a_4d,BLOCK,,,,
RESOURCE,BLOCK_a_4e,BLOCK,,,,
RESOURCE,BLOCK_a_4f,BLOCK,,,,
RESOURCE,BLOCK_a_50,BLOCK,,,,
RESOURCE,BLOCK_a_51,BLOCK,,,,
RESOURCE,BLOCK_a_52,BLOCK,,,,
RESOURCE,BLOCK_a_53,BLOCK,,,,
RESOURCE,BLOCK_a_54,BLOCK,,,,
RESOURCE,BLOCK_a_55,BLOCK,,,,
RESOURCE,BLOCK_a_56,BLOCK,,,,
RESOURCE,BLOCK_a_57,BLOCK,,,,
RESOURCE,BLOCK_a_58,BLOCK,,,,
RESOURCE,BLOCK_a_59,BLOCK,,,,
RESOURCE,BLOCK_a_5a,BLOCK,,,,
RESOURCE,BLOCK_a_5b,BLOCK,,,,
RESOURCE,BLOCK_a_5c,BLOCK,,,,
RESOURCE,BLOCK_a_5d,BLOCK,,,,
RESOURCE,BLOCK_a_5e,BLOCK,,,,
RESOURCE,BLOCK_a_5f,BLOCK,,,,
RESOURCE,BLOCK_a_60,BLOCK,,,,
RESOURCE,BLOCK_a_61,BLOCK,,,,
RESOURCE,BLOCK_a_62,BLOCK,,,,
RESOURCE,BLOCK_a_63,BLOCK,,,,
RESOURCE,BLOCK_a_64,BLOCK,,,,
RESOURCE,BLOCK_a_65,BLOCK,,,,
RESOURCE,BLOCK_a_66,BLOCK,,,,
RESOURCE,BLOCK_a_67,BLOCK,,,,
RESOURCE,BLOCK_a_68,BLOCK,,,,
RESOURCE,BLOCK_a_69,BLOCK,,,,
RESOURCE,BLOCK_a_6a,BLOCK,,,,
RESOURCE,BLOCK_a_6b,BLOCK,,,,
RESOURCE,BLOCK_a_6c,BLOCK,,,,
RESOURCE,BLOCK_a_6d,BLOCK,,,,
RESOURCE,BLOCK_a_6e,BLOCK,,,,
RESOURCE,BLOCK_a_6f,BLOCK,,,,
RESOURCE,BLOCK_a_70,BLOCK,,,,
RESOURCE,BLOCK_a_71,BLOCK,,,,
RESOURCE,BLOCK_a_72,BLOCK,,,,
RESOURCE,BLOCK_a_73,BLOCK,,,,
RESOURCE,BLOCK_a_74,BLOCK,,,,
RESOURCE,BLOCK_a_75,BLOCK,,,,
RESOURCE,BLOCK_a_76,BLOCK,,,,
RESOURCE,BLOCK_a_77,BLOCK,,,,
RESOURCE,BLOCK_a_78,BLOCK,,,,
RESOURCE,BLOCK_a_79,BLOCK,,,,
RESOURCE,BLOCK_a_7a,BLOCK,,,,
RESOURCE,BLOCK_a_7b,BLOCK,,,,
RESOURCE,BLOCK_a_7c,BLOCK,,,,
RESOURCE,BLOCK_a_7d,BLOCK,,,,
RESOURCE,BLOCK_a_7e,BLOCK,,,,
RESOURCE,BLOCK_a_7f,BLOCK,,,,
RESOURCE,BLOCK_a_80,BLOCK,,,,
RESOURCE,BLOCK_a_81,BLOCK,,,,
RESOURCE,BLOCK_a_82,BLOCK,,,,
RESOURCE,BLOCK_a_83,BLOCK,,,,
RESOURCE,BLOCK_a_84,BLOCK,,,,
RESOURCE,BLOCK_a_85,BLOCK,,,,
RESOURCE,BLOCK_a_86,BLOCK,,,,
RESOURCE,BLOCK_a_87,BLOCK,,,,
RESOURCE,BLOCK_a_88,BLOCK,,,,
RESOURCE,BLOCK_a_89,BLOCK,,,,
RESOURCE,BLOCK_a_8a,BLOCK,,,,
RESOURCE,BLOCK_a_8b,BLOCK,,,,
RESOURCE,BLOCK_a_8c,BLOCK,,,,
RESOURCE,BLOCK_a_8d,BLOCK,,,,
RESOURCE,BLOCK_a_8e,BLOCK,,,,
RESOURCE,BLOCK_a_8f,BLOCK,,,,
RESOURCE,BLOCK_a_90,BLOCK,,,,
RESOURCE,BLOCK_a_91,BLOCK,,,,
RESOURCE,BLOCK_a_92,BLOCK,,,,
RESOURCE,BLOCK_a_93,BLOCK,,,,
RESOURCE,BLOCK_a_94,BLOCK,,,,
RESOURCE,BLOCK_a_95,BLOCK,,,,
RESOURCE,BLOCK_a_96,BLOCK,,,,
RESOURCE,BLOCK_a_97,BLOCK,,,,
RESOURCE,BLOCK_a_98,BLOCK,,,,
RESOURCE,BLOCK_a_99,BLOCK,,,,
RESOURCE,BLOCK_a_9a,BLOCK,,,,
RESOURCE,BLOCK_a_9b,BLOCK,,,,
RESOURCE,BLOCK_a_9c,BLOCK,,,,
RESOURCE,BLOCK_a_9d,BLOCK,,,,
RESOURCE,BLOCK_a_9e,BLOCK,,,,
RESOURCE,BLOCK_a_9f,BLOCK,,,,
RESOURCE,BLOCK_a_a0,BLOCK,,,,
RESOURCE,BLOCK_a_a1,BLOCK,,,,
RESOURCE,BLOCK_a_a2,BLOCK,,,,
RESOURCE,BLOCK_a_a3,BLOCK,,,,
RESOURCE,BLOCK_a_a4,BLOCK,,,,
RESOURCE,BLOCK_a_a5,BLOCK,,,,
RESOURCE,BLOCK_a_a6,BLOCK,,,,
RESOURCE,BLOCK_a_a7,BLOCK,,,,
RESOURCE,BLOCK_a_a8,BLOCK,,,,
RESOURCE,BLOCK_a_a9,BLOCK,,,,
RESOURCE,BLOCK_a_aa,BLOCK,,,,
RESOURCE,BLOCK_a_ab,BLOCK,,,,
RESOURCE,BLOCK_a_ac,BLOCK,,,,
RESOURCE,BLOCK_a_ad,BLOCK,,,,
RESOURCE,BLOCK_a_ae,BLOCK,,,,
RESOURCE,BLOCK_a_af,BLOCK,,,,
RESOURCE,BLOCK_a_b0,BLOCK,,,,
RESOURCE,BLOCK_a_b1,BLOCK,,,,
RESOURCE,BLOCK_a_b2,BLOCK,,,,
RESOURCE,BLOCK_a_b3,BLOCK,,,,
RESOURCE,BLOCK_a_b4,BLOCK,,,,
RESOURCE,BLOCK_a_b5,BLOCK,,,,
RESOURCE,BLOCK_a_b6,BLOCK,,,,
RESOURCE,BLOCK_a_b7,BLOCK,,,,
RESOURCE,BLOCK_a_b8,BLOCK,,,,
RESOURCE,BLOCK_a_b9,BLOCK,,,,
RESOURCE,BLOCK_a_ba,BLOCK,,,,
RESOURCE,BLOCK_a_bb,BLOCK,,,,
RESOURCE,BLOCK_a_bc,BLOCK,,,,
RESOURCE,BLOCK_a_bd,BLOCK,,,,
RESOURCE,BLOCK_a_be,BLOCK,,,,
RESOURCE,BLOCK_a_bf,BLOCK,,,,
RESOURCE,BLOCK_a_c0,BLOCK,,,,
RESOURCE,BLOCK_a_c1,BLOCK,,,,
RESOURCE,BLOCK_a_c2,BLOCK,,,,
RESOURCE,BLOCK_a_c3,BLOCK,,,,
RESOURCE,BLOCK_a_c4,BLOCK,,,,
RESOURCE,BLOCK_a_c5,BLOCK,,,,
RESOURCE,BLOCK_a_c6,BLOCK,,,,
RESOURCE,BLOCK_a_c7,BLOCK,,,,
RESOURCE,BLOCK_a_c8,BLOCK,,,,
RESOURCE,BLOCK_a_c9,BLOCK,,,,
RESOURCE,BLOCK_a_ca,BLOCK,,,,
RESOURCE,BLOCK_a_cb,BLOCK,,,,
RESOURCE,BLOCK_a_cc,BLOCK,,,,
RESOURCE,BLOCK_a_cd,BLOCK,,,,
RESOURCE,BLOCK_a_ce,BLOCK,,,,
RESOURCE,BLOCK_a_cf,BLOCK,,,,
RESOURCE,BLOCK_a_d0,BLOCK,,,,
RESOURCE,BLOCK_a_d1,BLOCK,,,,
RESOURCE,BLOCK_a_d2,BLOCK,,,,
RESOURCE,BLOCK_a_d3,BLOCK,,,,
RESOURCE,BLOCK_a_d4,BLOCK,,,,
RESOURCE,BLOCK_a_d5,BLOCK,,,,
RESOURCE,BLOCK_a_d6,BLOCK,,,,
RESOURCE,BLOCK_a_d7,BLOCK,,,,
RESOURCE,BLOCK_a_d8,BLOCK,,,,
RESOURCE,BLOCK_a_d9,BLOCK,,,,
RESOURCE,BLOCK_a_da,BLOCK,,,,
RESOURCE,BLOCK_a_db,BLOCK,,,,
RESOURCE,BLOCK_a_dc,BLOCK,,,,
RESOURCE,BLOCK_a_dd,BLOCK,,,,
RESOURCE,BLOCK_a_de,BLOCK,,,,
RESOURCE,BLOCK_a_df,BLOCK,,,,
RESOURCE,BLOCK_a_e0,BLOCK,,,,
RESOURCE,BLOCK_a_e1,BLOCK,,,,
RESOURCE,BLOCK_a_e2,BLOCK,,,,
RESOURCE,BLOCK_a_e3,BLOCK,,,,
RESOURCE,BLOCK_a_e4,BLOCK,,,,
RESOURCE,BLOCK_a_e5,BLOCK,,,,
RESOURCE,BLOCK_a_e6,BLOCK,,,,
RESOURCE,BLOCK_a_e7,BLOCK,,,,
RESOURCE,BLOCK_a_e8,BLOCK,,,,
RESOURCE,BLOCK_a_e9,BLOCK,,,,
RESOURCE,BLOCK_a_ea,BLOCK,,,,
RESOURCE,BLOCK_a_eb,BLOCK,,,,
RESOURCE,BLOCK_a_ec,BLOCK,,,,
RESOURCE,BLOCK_a_ed,BLOCK,,,,
RESOURCE,BLOCK_a_ee,BLOCK,,,,
RESOURCE,BLOCK_a_ef,BLOCK,,,,
RESOURCE,BLOCK_a_f0,BLOCK,,,,
RESOURCE,BLOCK_a_f1,BLOCK,,,,
RESOURCE,BLOCK_a_f2,BLOCK,,,,
RESOURCE,BLOCK_a_f3,BLOCK,,,,
RESOURCE,BLOCK_a_f4,BLOCK,,,,
RESOURCE,BLOCK_a_f5,BLOCK,,,,
RESOURCE,BLOCK_a_f6,BLOCK,,,,
RESOURCE,BLOCK_a_f7,BLOCK,,,,
RESOURCE,BLOCK_a_f8,BLOCK,,,,
RESOURCE,BLOCK_a_f9,BLOCK,,,,
RESOURCE,BLOCK_a_fa,BLOCK,,,,
RESOURCE,BLOCK_a_fb,BLOCK,,,,
RESOURCE,BLOCK_a_fc,BLOCK,,,,
RESOURCE,BLOCK_a_fd,BLOCK,,,,
RESOURCE,BLOCK_a_fe,BLOCK,,,,
RESOURCE,BLOCK_a_ff,BLOCK,,,,
RESOURCE,BLOCK_a_100,BLOCK,,,,
RESOURCE,BLOCK_a_101,BLOCK,,,,
RESOURCE,BLOCK_a_102,BLOCK,,,,
RESOURCE,BLOCK_a_103,BLOCK,,,,
RESOURCE,BLOCK_a_104,BLOCK,,,,
RESOURCE,BLOCK_a_105,BLOCK,,,,
RESOURCE,BLOCK_a_106,BLOCK,,,,
RESOURCE,BLOCK_a_107,BLOCK,,,,
RESOURCE,BLOCK_a_108,BLOCK,,,,
RESOURCE,BLOCK_a_109,BLOCK,,,,
RESOURCE,BLOCK_a_10a,BLOCK,,,,
RESOURCE,BLOCK_a_10b,BLOCK,,,,
RESOURCE,BLOCK_a_10c,BLOCK,,,,
RESOURCE,BLOCK_a_10d,BLOCK,,,,
RESOURCE,BLOCK_a_10e,BLOCK,,,,
RESOURCE,BLOCK_a_10f,BLOCK,,,,
RESOURCE,BLOCK_a_110,BLOCK,,,,
RESOURCE,BLOCK_a_111,BLOCK,,,,
RESOURCE,BLOCK_a_112,BLOCK,,,,
RESOURCE,BLOCK_a_113,BLOCK,,,,
RESOURCE,BLOCK_a_114,BLOCK,,,,
RESOURCE,BLOCK_a_115,BLOCK,,,,
RESOURCE,BLOCK_a_116,BLOCK,,,,
RESOURCE,BLOCK_a_117,BLOCK,,,,
RESOURCE,BLOCK_a_118,BLOCK,,,,
RESOURCE,BLOCK_a_119,BLOCK,,,,
RESOURCE,BLOCK_a_11a,BLOCK,,,,
RESOURCE,BLOCK_a_11b,BLOCK,,,,
RESOURCE,BLOCK_a_11c,BLOCK,,,,
RESOURCE,BLOCK_a_11d,BLOCK,,,,
RESOURCE,BLOCK_a_11e,BLOCK,,,,
RESOURCE,BLOCK_a_11f,BLOCK,,,,
RESOURCE,BLOCK_a_120,BLOCK,,,,
RESOURCE,BLOCK_a_121,BLOCK,,,,
RESOURCE,BLOCK_a_122,BLOCK,,,,
RESOURCE,BLOCK_a_123,BLOCK,,,,
RESOURCE,BLOCK_a_124,BLOCK,,,,
RESOURCE,BLOCK_a_125,BLOCK,,,,
RESOURCE,BLOCK_a_126,BLOCK,,,,
RESOURCE,BLOCK_a_127,BLOCK,,,,
RESOURCE,BLOCK_a_128,BLOCK,,,,
RESOURCE,BLOCK_a_129,BLOCK,,,,
RESOURCE,BLOCK_a_12a,BLOCK,,,,
RESOURCE,BLOCK_a_12b,BLOCK,,,,
RESOURCE,BLOCK_a_12c,BLOCK,,,,
RESOURCE,BLOCK_a_12d,BLOCK,,,,
RESOURCE,BLOCK_a_12e,BLOCK,,,,
RESOURCE,BLOCK_a_12f,BLOCK,,,,
RESOURCE,BLOCK_a_130,BLOCK,,,,
RESOURCE,BLOCK_a_131,BLOCK,,,,
RESOURCE,BLOCK_a_132,BLOCK,,,,
RESOURCE,BLOCK_a_133,BLOCK,,,,
RESOURCE,BLOCK_a_134,BLOCK,,,,
RESOURCE,BLOCK_a_135,BLOCK,,,,
RESOURCE,BLOCK_a_136,BLOCK,,,,
RESOURCE,BLOCK_a_137,BLOCK,,,,
RESOURCE,BLOCK_a_138,BLOCK,,,,
RESOURCE,BLOCK_a_139,BLOCK,,,,
RESOURCE,BLOCK_a_13a,BLOCK,,,,
RESOURCE,BLOCK_a_13b,BLOCK,,,,
RESOURCE,BLOCK_a_13c,BLOCK,,,,
RESOURCE,BLOCK_a_13d,BLOCK,,,,
RESOURCE,BLOCK_a_13e,BLOCK,,,,
RESOURCE,BLOCK_a_13f,BLOCK,,,,
RESOURCE,BLOCK_a_140,BLOCK,,,,
RESOURCE,BLOCK_a_141,BLOCK,,,,
RESOURCE,BLOCK_a_142,BLOCK,,,,
RESOURCE,BLOCK_a_143,BLOCK,,,,
RESOURCE,BLOCK_a_144,BLOCK,,,,
RESOURCE,BLOCK_a_145,BLOCK,,,,
RESOURCE,BLOCK_a_146,BLOCK,,,,
RESOURCE,BLOCK_a_147,BLOCK,,,,
RESOURCE,BLOCK_a_148,BLOCK,,,,
RESOURCE,BLOCK_a_149,BLOCK,,,,
RESOURCE,BLOCK_a_14a,BLOCK,,,,
RESOURCE,BLOCK_a_14b,BLOCK,,,,
RESOURCE,BLOCK_a_14c,BLOCK,,,,
RESOURCE,BLOCK_a_14d,BLOCK,,,,
RESOURCE,BLOCK_a_14e,BLOCK,,,,
RESOURCE,BLOCK_a_14f,BLOCK,,,,
RESOURCE,BLOCK_a_150,BLOCK,,,,
RESOURCE,BLOCK_a_151,BLOCK,,,,
RESOURCE,BLOCK_a_152,BLOCK,,,,
RESOURCE,BLOCK_a_153,BLOCK,,,,
RESOURCE,BLOCK_a_154,BLOCK,,,,
RESOURCE,BLOCK_a_155,BLOCK,,,,
RESOURCE,BLOCK_a_156,BLOCK,,,,
RESOURCE,BLOCK_a_157,BLOCK,,,,
RESOURCE,BLOCK_a_158,BLOCK,,,,
RESOURCE,BLOCK_a_159,BLOCK,,,,
RESOURCE,BLOCK_a_15a,BLOCK,,,,
RESOURCE,BLOCK_a_15b,BLOCK,,,,
RESOURCE,BLOCK_a_15c,BLOCK,,,,
RESOURCE,BLOCK_a_15d,BLOCK,,,,
RESOURCE,BLOCK_a_15e,BLOCK,,,,
RESOURCE,BLOCK_a_15f,BLOCK,,,,
RESOURCE,BLOCK_a_160,BLOCK,,,,
RESOURCE,BLOCK_a_161,BLOCK,,,,
RESOURCE,BLOCK_a_162,BLOCK,,,,
RESOURCE,BLOCK_a_163,BLOCK,,,,
RESOURCE,BLOCK_a_164,BLOCK,,,,
RESOURCE,BLOCK_a_165,BLOCK,,,,
RESOURCE,BLOCK_a_166,BLOCK,,,,
RESOURCE,BLOCK_a_167,BLOCK,,,,
RESOURCE,BLOCK_a_168,BLOCK,,,,
RESOURCE,BLOCK_a_169,BLOCK,,,,
RESOURCE,BLOCK_a_16a,BLOCK,,,,
RESOURCE,BLOCK_a_16b,BLOCK,,,,
RESOURCE,BLOCK_a_16c,BLOCK,,,,
RESOURCE,BLOCK_a_16d,BLOCK,,,,
RESOURCE,BLOCK_a_16e,BLOCK,,,,
RESOURCE,BLOCK_a_16f,BLOCK,,,,
RESOURCE,BLOCK_a_170,BLOCK,,,,
RESOURCE,BLOCK_a_171,BLOCK,,,,
RESOURCE,BLOCK_a_172,BLOCK,,,,
RESOURCE,BLOCK_a_173,BLOCK,,,,
RESOURCE,BLOCK_a_174,BLOCK,,,,
RESOURCE,BLOCK_a_175,BLOCK,,,,
RESOURCE,BLOCK_a_176,BLOCK,,,,
RESOURCE,BLOCK_a_177,BLOCK,,,,
RESOURCE,BLOCK_a_178,BLOCK,,,,
RESOURCE,BLOCK_a_179,BLOCK,,,,
RESOURCE,BLOCK_a_17a,BLOCK,,,,
RESOURCE,BLOCK_a_17b,BLOCK,,,,
RESOURCE,BLOCK_a_17c,BLOCK,,,,
RESOURCE,BLOCK_a_17d,BLOCK,,,,
RESOURCE,BLOCK_a_17e,BLOCK,,,,
RESOURCE,BLOCK_a_17f,BLOCK,,,,
RESOURCE,BLOCK_a_180,BLOCK,,,,
RESOURCE,BLOCK_a_181,BLOCK,,,,
RESOURCE,BLOCK_a_182,BLOCK,,,,
RESOURCE,BLOCK_a_183,BLOCK,,,,
RESOURCE,BLOCK_a_184,BLOCK,,,,
RESOURCE,BLOCK_a_185,BLOCK,,,,
RESOURCE,BLOCK_a_186,BLOCK,,,,
RESOURCE,BLOCK_a_187,BLOCK,,,,
RESOURCE,BLOCK_a_188,BLOCK,,,,
RESOURCE,BLOCK_a_189,BLOCK,,,,
RESOURCE,BLOCK_a_18a,BLOCK,,,,
RESOURCE,BLOCK_a_18b,BLOCK,,,,
RESOURCE,BLOCK_a_18c,BLOCK,,,,
RESOURCE,BLOCK_a_18d,BLOCK,,,,
RESOURCE,BLOCK_a_18e,BLOCK,,,,
RESOURCE,BLOCK_a_18f,BLOCK,,,,
RESOURCE,BLOCK_a_190,BLOCK,,,,
RESOURCE,BLOCK_a_191,BLOCK,,,,
RESOURCE,BLOCK_a_192,BLOCK,,,,
RESOURCE,BLOCK_a_193,BLOCK,,,,
RESOURCE,BLOCK_a_194,BLOCK,,,,
RESOURCE,BLOCK_a_195,BLOCK,,,,
RESOURCE,BLOCK_a_196,BLOCK,,,,
RESOURCE,BLOCK_a_197,BLOCK,,,,
RESOURCE,BLOCK_a_198,BLOCK,,,,
RESOURCE,BLOCK_a_199,BLOCK,,,,
RESOURCE,BLOCK_a_19a,BLOCK,,,,
RESOURCE,BLOCK_a_19b,BLOCK,,,,
RESOURCE,BLOCK_a_19c,BLOCK,,,,
RESOURCE,BLOCK_a_19d,BLOCK,,,,
RESOURCE,BLOCK_a_19e,BLOCK,,,,
RESOURCE,BLOCK_a_19f,BLOCK,,,,
RESOURCE,BLOCK_a_1a0,BLOCK,,,,
RESOURCE,BLOCK_a_1a1,BLOCK,,,,
RESOURCE,BLOCK_a_1a2,BLOCK,,,,
RESOURCE,BLOCK_a_1a3,BLOCK,,,,
RESOURCE,BLOCK_a_1a4,BLOCK,,,,
RESOURCE,BLOCK_a_1a5,BLOCK,,,,
RESOURCE,BLOCK_a_1a6,BLOCK,,,,
RESOURCE,BLOCK_a_1a7,BLOCK,,,,
RESOURCE,BLOCK_a_1a8,BLOCK,,,,
RESOURCE,BLOCK_a_1a9,BLOCK,,,,
RESOURCE,BLOCK_a_1aa,BLOCK,,,,
RESOURCE,BLOCK_a_1ab,BLOCK,,,,
RESOURCE,BLOCK_a_1ac,BLOCK,,,,
RESOURCE,BLOCK_a_1ad,BLOCK,,,,
RESOURCE,BLOCK_a_1ae,BLOCK,,,,
RESOURCE,BLOCK_a_1af,BLOCK,,,,
RESOURCE,BLOCK_a_1b0,BLOCK,,,,
RESOURCE,BLOCK_a_1b1,BLOCK,,,,
RESOURCE,BLOCK_a_1b2,BLOCK,,,,
RESOURCE,BLOCK_a_1b3,BLOCK,,,,
RESOURCE,BLOCK_a_1b4,BLOCK,,,,
RESOURCE,BLOCK_a_1b5,BLOCK,,,,
RESOURCE,BLOCK_a_1b6,BLOCK,,,,
RESOURCE,BLOCK_a_1b7,BLOCK,,,,
RESOURCE,BLOCK_a_1b8,BLOCK,,,,
RESOURCE,BLOCK_a_1b9,BLOCK,,,,
RESOURCE,BLOCK_a_1ba,BLOCK,,,,
RESOURCE,BLOCK_a_1bb,BLOCK,,,,
RESOURCE,BLOCK_a_1bc,BLOCK,,,,
RESOURCE,BLOCK_a_1bd,BLOCK,,,,
RESOURCE,BLOCK_a_1be,BLOCK,,,,
RESOURCE,BLOCK_a_1bf,BLOCK,,,,
RESOURCE,BLOCK_a_1c0,BLOCK,,,,
RESOURCE,BLOCK_a_1c1,BLOCK,,,,
RESOURCE,BLOCK_a_1c2,BLOCK,,,,
RESOURCE,BLOCK_a_1c3,BLOCK,,,,
RESOURCE,BLOCK_a_1c4,BLOCK,,,,
RESOURCE,BLOCK_a_1c5,BLOCK,,,,
RESOURCE,BLOCK_a_1c6,BLOCK,,,,
RESOURCE,BLOCK_a_1c7,BLOCK,,,,
RESOURCE,BLOCK_a_1c8,BLOCK,,,,
RESOURCE,BLOCK_a_1c9,BLOCK,,,,
RESOURCE,BLOCK_a_1ca,BLOCK,,,,
RESOURCE,BLOCK_a_1cb,BLOCK,,,,
RESOURCE,BLOCK_a_1cc,BLOCK,,,,
RESOURCE,BLOCK_a_1cd,BLOCK,,,,
RESOURCE,BLOCK_a_1ce,BLOCK,,,,
RESOURCE,BLOCK_a_1cf,BLOCK,,,,
RESOURCE,BLOCK_a_1d0,BLOCK,,,,
RESOURCE,BLOCK_a_1d1,BLOCK,,,,
RESOURCE,BLOCK_a_1d2,BLOCK,,,,
RESOURCE,BLOCK_a_1d3,BLOCK,,,,
RESOURCE,BLOCK_a_1d4,BLOCK,,,,
RESOURCE,BLOCK_a_1d5,BLOCK,,,,
RESOURCE,BLOCK_a_1d6,BLOCK,,,,
RESOURCE,BLOCK_a_1d7,BLOCK,,,,
RESOURCE,BLOCK_a_1d8,BLOCK,,,,
RESOURCE,BLOCK_a_1d9,BLOCK,,,,
RESOURCE,BLOCK_a_1da,BLOCK,,,,
RESOURCE,BLOCK_a_1db,BLOCK,,,,
RESOURCE,BLOCK_a_1dc,BLOCK,,,,
RESOURCE,BLOCK_a_1dd,BLOCK,,,,
RESOURCE,BLOCK_a_1de,BLOCK,,,,
RESOURCE,BLOCK_a_1df,BLOCK,,,,
RESOURCE,BLOCK_a_1e0,BLOCK,,,,
RESOURCE,BLOCK_a_1e1,BLOCK,,,,
RESOURCE,BLOCK_a_1e2,BLOCK,,,,
RESOURCE,BLOCK_a_1e3,BLOCK,,,,
RESOURCE,BLOCK_a_1e4,BLOCK,,,,
RESOURCE,BLOCK_a_1e5,BLOCK,,,,
RESOURCE,BLOCK_a_1e6,BLOCK,,,,
RESOURCE,BLOCK_a_1e7,BLOCK,,,,
RESOURCE,BLOCK_a_1e8,BLOCK,,,,
RESOURCE,BLOCK_a_1e9,BLOCK,,,,
RESOURCE,BLOCK_a_1ea,BLOCK,,,,
RESOURCE,BLOCK_a_1eb,BLOCK,,,,
RESOURCE,BLOCK_a_1ec,BLOCK,,,,
RESOURCE,BLOCK_a_1ed,BLOCK,,,,
RESOURCE,BLOCK_a_1ee,BLOCK,,,,
RESOURCE,BLOCK_a_1ef,BLOCK,,,,
RESOURCE,BLOCK_a_1f0,BLOCK,,,,
RESOURCE,BLOCK_a_1f1,BLOCK,,,,
RESOURCE,BLOCK_a_1f2,BLOCK,,,,
RESOURCE,BLOCK_a_1f3,BLOCK,,,,
RESOURCE,BLOCK_a_1f4,BLOCK,,,,
RESOURCE,BLOCK_a_1f5,BLOCK,,,,
RESOURCE,BLOCK_a_1f6,BLOCK,,,,
RESOURCE,BLOCK_a_1f7,BLOCK,,,,
RESOURCE,BLOCK_a_1f8,BLOCK,,,,
RESOURCE,BLOCK_a_1f9,BLOCK,,,,
RESOURCE,BLOCK_a_1fa,BLOCK,,,,
RESOURCE,BLOCK_a_1fb,BLOCK,,,,
RESOURCE,BLOCK_a_1fc,BLOCK,,,,
RESOURCE,BLOCK_a_1fd,BLOCK,,,,
RESOURCE,BLOCK_a_1fe,BLOCK,,,,
RESOURCE,BLOCK_a_1ff,BLOCK,,,,
RESOURCE,BLOCK_a_200,BLOCK,,,,
RESOURCE,BLOCK_a_201,BLOCK,,,,
RESOURCE,BLOCK_a_202,BLOCK,,,,
RESOURCE,BLOCK_a_203,BLOCK,,,,
RESOURCE,BLOCK_a_204,BLOCK,,,,
RESOURCE,BLOCK_a_205,BLOCK,,,,
RESOURCE,BLOCK_a_206,BLOCK,,,,
RESOURCE,BLOCK_a_207,BLOCK,,,,
RESOURCE,BLOCK_a_208,BLOCK,,,,
RESOURCE,BLOCK_a_209,BLOCK,,,,
RESOURCE,BLOCK_a_20a,BLOCK,,,,
RESOURCE,BLOCK_a_20b,BLOCK,,,,
RESOURCE,BLOCK_a_20c,BLOCK,,,,
RESOURCE,BLOCK_a_20d,BLOCK,,,,
RESOURCE,BLOCK_a_20e,BLOCK,,,,
RESOURCE,BLOCK_a_20f,BLOCK,,,,
RESOURCE,BLOCK_a_210,BLOCK,,,,
RESOURCE,BLOCK_a_211,BLOCK,,,,
RESOURCE,BLOCK_a_212,BLOCK,,,,
RESOURCE,BLOCK_a_213,BLOCK,,,,
RESOURCE,BLOCK_a_214,BLOCK,,,,
RESOURCE,BLOCK_a_215,BLOCK,,,,
RESOURCE,BLOCK_a_216,BLOCK,,,,
RESOURCE,BLOCK_a_217,BLOCK,,,,
RESOURCE,BLOCK_a_218,BLOCK,,,,
RESOURCE,BLOCK_a_219,BLOCK,,,,
RESOURCE,BLOCK_a_21a,BLOCK,,,,
RESOURCE,BLOCK_a_21b,BLOCK,,,,
RESOURCE,BLOCK_a_21c,BLOCK,,,,
RESOURCE,BLOCK_a_21d,BLOCK,,,,
RESOURCE,BLOCK_a_21e,BLOCK,,,,
RESOURCE,BLOCK_a_21f,BLOCK,,,,
RESOURCE,BLOCK_a_220,BLOCK,,,,
RESOURCE,BLOCK_a_221,BLOCK,,,,
RESOURCE,BLOCK_a_222,BLOCK,,,,
RESOURCE,BLOCK_a_223,BLOCK,,,,
RESOURCE,BLOCK_a_224,BLOCK,,,,
RESOURCE,BLOCK_a_225,BLOCK,,,,
RESOURCE,BLOCK_a_226,BLOCK,,,,
RESOURCE,BLOCK_a_227,BLOCK,,,,
RESOURCE,BLOCK_a_228,BLOCK,,,,
RESOURCE,BLOCK_a_229,BLOCK,,,,
RESOURCE,BLOCK_a_22a,BLOCK,,,,
RESOURCE,BLOCK_a_22b,BLOCK,,,,
RESOURCE,BLOCK_a_22c,BLOCK,,,,
RESOURCE,BLOCK_a_22d,BLOCK,,,,
RESOURCE,BLOCK_a_22e,BLOCK,,,,
RESOURCE,BLOCK_a_22f,BLOCK,,,,
RESOURCE,BLOCK_a_230,BLOCK,,,,
RESOURCE,BLOCK_a_231,BLOCK,,,,
RESOURCE,BLOCK_a_232,BLOCK,,,,
RESOURCE,BLOCK_a_233,BLOCK,,,,
RESOURCE,BLOCK_a_234,BLOCK,,,,
RESOURCE,BLOCK_a_235,BLOCK,,,,
RESOURCE,BLOCK_a_236,BLOCK,,,,
RESOURCE,BLOCK_a_237,BLOCK,,,,
RESOURCE,BLOCK_a_238,BLOCK,,,,
RESOURCE,BLOCK_a_239,BLOCK,,,,
RESOURCE,BLOCK_a_23a,BLOCK,,,,
RESOURCE,BLOCK_a_23b,BLOCK,,,,
RESOURCE,BLOCK_a_23c,BLOCK,,,,
RESOURCE,BLOCK_a_23d,BLOCK,,,,
RESOURCE,BLOCK_a_23e,BLOCK,,,,
RESOURCE,BLOCK_a_23f,BLOCK,,,,
RESOURCE,BLOCK_a_240,BLOCK,,,,
RESOURCE,BLOCK_a_241,BLOCK,,,,
RESOURCE,BLOCK_a_242,BLOCK,,,,
RESOURCE,BLOCK_a_243,BLOCK,,,,
RESOURCE,BLOCK_a_244,BLOCK,,,,
RESOURCE,BLOCK_a_245,BLOCK,,,,
RESOURCE,BLOCK_a_246,BLOCK,,,,
RESOURCE,BLOCK_a_247,BLOCK,,,,
RESOURCE,BLOCK_a_248,BLOCK,,,,
RESOURCE,BLOCK_a_249,BLOCK,,,,
RESOURCE,BLOCK_a_24a,BLOCK,,,,
RESOURCE,BLOCK_a_24b,BLOCK,,,,
RESOURCE,BLOCK_a_24c,BLOCK,,,,
RESOURCE,BLOCK_a_24d,BLOCK,,,,
RESOURCE,BLOCK_a_24e,BLOCK,,,,
RESOURCE,BLOCK_a_24f,BLOCK,,,,
RESOURCE,BLOCK_a_250,BLOCK,,,,
RESOURCE,BLOCK_a_251,BLOCK,,,,
RESOURCE,BLOCK_a_252,BLOCK,,,,
RESOURCE,BLOCK_a_253,BLOCK,,,,
RESOURCE,BLOCK_a_254,BLOCK,,,,
RESOURCE,BLOCK_a_255,BLOCK,,,,
RESOURCE,BLOCK_a_256,BLOCK,,,,
RESOURCE,BLOCK_a_257,BLOCK,,,,
RESOURCE,BLOCK_a_258,BLOCK,,,,
RESOURCE,BLOCK_a_259,BLOCK,,,,
RESOURCE,BLOCK_a_25a,BLOCK,,,,
RESOURCE,BLOCK_a_25b,BLOCK,,,,
RESOURCE,BLOCK_a_25c,BLOCK,,,,
RESOURCE,BLOCK_a_25d,BLOCK,,,,
RESOURCE,BLOCK_a_25e,BLOCK,,,,
RESOURCE,BLOCK_a_25f,BLOCK,,,,
RESOURCE,BLOCK_a_260,BLOCK,,,,
RESOURCE,BLOCK_a_261,BLOCK,,,,
RESOURCE,BLOCK_a_262,BLOCK,,,,
RESOURCE,BLOCK_a_263,BLOCK,,,,
RESOURCE,BLOCK_a_264,BLOCK,,,,
RESOURCE,BLOCK_a_265,BLOCK,,,,
RESOURCE,BLOCK_a_266,BLOCK,,,,
RESOURCE,BLOCK_a_267,BLOCK,,,,
RESOURCE,BLOCK_a_268,BLOCK,,,,
RESOURCE,BLOCK_a_269,BLOCK,,,,
RESOURCE,BLOCK_a_26a,BLOCK,,,,
RESOURCE,BLOCK_a_26b,BLOCK,,,,
RESOURCE,BLOCK_a_26c,BLOCK,,,,
RESOURCE,BLOCK_a_26d,BLOCK,,,,
RESOURCE,BLOCK_a_26e,BLOCK,,,,
RESOURCE,BLOCK_a_26f,BLOCK,,,,
RESOURCE,BLOCK_a_270,BLOCK,,,,
RESOURCE,BLOCK_a_271,BLOCK,,,,
RESOURCE,BLOCK_a_272,BLOCK,,,,
RESOURCE,BLOCK_a_273,BLOCK,,,,
RESOURCE,BLOCK_a_274,BLOCK,,,,
RESOURCE,BLOCK_a_275,BLOCK,,,,
RESOURCE,BLOCK_a_276,BLOCK,,,,
RESOURCE,BLOCK_a_277,BLOCK,,,,
RESOURCE,BLOCK_a_278,BLOCK,,,,
RESOURCE,BLOCK_a_279,BLOCK,,,,
RESOURCE,BLOCK_a_27a,BLOCK,,,,
RESOURCE,BLOCK_a_27b,BLOCK,,,,
RESOURCE,BLOCK_a_27c,BLOCK,,,,
RESOURCE,BLOCK_a_27d,BLOCK,,,,
RESOURCE,BLOCK_a_27e,BLOCK,,,,
RESOURCE,BLOCK_a_27f,BLOCK,,,,
RESOURCE,BLOCK_a_280,BLOCK,,,,
RESOURCE,BLOCK_a_281,BLOCK,,,,
RESOURCE,BLOCK_a_282,BLOCK,,,,
RESOURCE,BLOCK_a_283,BLOCK,,,,
RESOURCE,BLOCK_a_284,BLOCK,,,,
RESOURCE,BLOCK_a_285,BLOCK,,,,
RESOURCE,BLOCK_a_286,BLOCK,,,,
RESOURCE,BLOCK_a_287,BLOCK,,,,
RESOURCE,BLOCK_a_288,BLOCK,,,,
RESOURCE,BLOCK_a_289,BLOCK,,,,
RESOURCE,BLOCK_a_28a,BLOCK,,,,
RESOURCE,BLOCK_a_28b,BLOCK,,,,
RESOURCE,BLOCK_a_28c,BLOCK,,,,
RESOURCE,BLOCK_a_28d,BLOCK,,,,
RESOURCE,BLOCK_a_28e,BLOCK,,,,
RESOURCE,BLOCK_a_28f,BLOCK,,,,
RESOURCE,BLOCK_a_290,BLOCK,,,,
RESOURCE,BLOCK_a_291,BLOCK,,,,
RESOURCE,BLOCK_a_292,BLOCK,,,,
RESOURCE,BLOCK_a_293,BLOCK,,,,
RESOURCE,BLOCK_a_294,BLOCK,,,,
RESOURCE,BLOCK_a_295,BLOCK,,,,
RESOURCE,BLOCK_a_296,BLOCK,,,,
RESOURCE,BLOCK_a_297,BLOCK,,,,
RESOURCE,BLOCK_a_298,BLOCK,,,,
RESOURCE,BLOCK_a_299,BLOCK,,,,
RESOURCE,BLOCK_a_29a,BLOCK,,,,
RESOURCE,BLOCK_a_29b,BLOCK,,,,
RESOURCE,BLOCK_a_29c,BLOCK,,,,
RESOURCE,BLOCK_a_29d,BLOCK,,,,
RESOURCE,BLOCK_a_29e,BLOCK,,,,
RESOURCE,BLOCK_a_29f,BLOCK,,,,
RESOURCE,BLOCK_a_2a0,BLOCK,,,,
RESOURCE,BLOCK_a_2a1,BLOCK,,,,
RESOURCE,BLOCK_a_2a2,BLOCK,,,,
RESOURCE,BLOCK_a_2a3,BLOCK,,,,
RESOURCE,BLOCK_a_2a4,BLOCK,,,,
RESOURCE,BLOCK_a_2a5,BLOCK,,,,
RESOURCE,BLOCK_a_2a6,BLOCK,,,,
RESOURCE,BLOCK_a_2a7,BLOCK,,,,
RESOURCE,BLOCK_a_2a8,BLOCK,,,,
RESOURCE,BLOCK_a_2a9,BLOCK,,,,
RESOURCE,BLOCK_a_2aa,BLOCK,,,,
RESOURCE,BLOCK_a_2ab,BLOCK,,,,
RESOURCE,BLOCK_a_2ac,BLOCK,,,,
RESOURCE,BLOCK_a_2ad,BLOCK,,,,
RESOURCE,BLOCK_a_2ae,BLOCK,,,,
RESOURCE,BLOCK_a_2af,BLOCK,,,,
RESOURCE,BLOCK_a_2b0,BLOCK,,,,
RESOURCE,BLOCK_a_2b1,BLOCK,,,,
RESOURCE,BLOCK_a_2b2,BLOCK,,,,
RESOURCE,BLOCK_a_2b3,BLOCK,,,,
RESOURCE,BLOCK_a_2b4,BLOCK,,,,
RESOURCE,BLOCK_a_2b5,BLOCK,,,,
RESOURCE,BLOCK_a_2b6,BLOCK,,,,
RESOURCE,BLOCK_a_2b7,BLOCK,,,,
RESOURCE,BLOCK_a_2b8,BLOCK,,,,
RESOURCE,BLOCK_a_2b9,BLOCK,,,,
RESOURCE,BLOCK_a_2ba,BLOCK,,,,
RESOURCE,BLOCK_a_2bb,BLOCK,,,,
RESOURCE,BLOCK_a_2bc,BLOCK,,,,
RESOURCE,BLOCK_a_2bd,BLOCK,,,,
RESOURCE,BLOCK_a_2be,BLOCK,,,,
RESOURCE,BLOCK_a_2bf,BLOCK,,,,
RESOURCE,BLOCK_a_2c0,BLOCK,,,,
RESOURCE,BLOCK_a_2c1,BLOCK,,,,
RESOURCE,BLOCK_a_2c2,BLOCK,,,,
RESOURCE,BLOCK_a_2c3,BLOCK,,,,
RESOURCE,BLOCK_a_2c4,BLOCK,,,,
RESOURCE,BLOCK_a_2c5,BLOCK,,,,
RESOURCE,BLOCK_a_2c6,BLOCK,,,,
RESOURCE,BLOCK_a_2c7,BLOCK,,,,
RESOURCE,BLOCK_a_2c8,BLOCK,,,,
RESOURCE,BLOCK_a_2c9,BLOCK,,,,
RESOURCE,BLOCK_a_2ca,BLOCK,,,,
RESOURCE,BLOCK_a_2cb,BLOCK,,,,
RESOURCE,BLOCK_a_2cc,BLOCK,,,,
RESOURCE,BLOCK_a_2cd,BLOCK,,,,
RESOURCE,BLOCK_a_2ce,BLOCK,,,,
RESOURCE,BLOCK_a_2cf,BLOCK,,,,
RESOURCE,BLOCK_a_2d0,BLOCK,,,,
RESOURCE,BLOCK_a_2d1,BLOCK,,,,
RESOURCE,BLOCK_a_2d2,BLOCK,,,,
RESOURCE,BLOCK_a_2d3,BLOCK,,,,
RESOURCE,BLOCK_a_2d4,BLOCK,,,,
RESOURCE,BLOCK_a_2d5,BLOCK,,,,
RESOURCE,BLOCK_a_2d6,BLOCK,,,,
RESOURCE,BLOCK_a_2d7,BLOCK,,,,
RESOURCE,BLOCK_a_2d8,BLOCK,,,,
RESOURCE,BLOCK_a_2d9,BLOCK,,,,
RESOURCE,BLOCK_a_2da,BLOCK,,,,
RESOURCE,BLOCK_a_2db,BLOCK,,,,
RESOURCE,BLOCK_a_2dc,BLOCK,,,,
RESOURCE,BLOCK_a_2dd,BLOCK,,,,
RESOURCE,BLOCK_a_2de,BLOCK,,,,
RESOURCE,BLOCK_a_2df,BLOCK,,,,
RESOURCE,BLOCK_a_2e0,BLOCK,,,,
RESOURCE,BLOCK_a_2e1,BLOCK,,,,
RESOURCE,BLOCK_a_2e2,BLOCK,,,,
RESOURCE,BLOCK_a_2e3,BLOCK,,,,
RESOURCE,BLOCK_a_2e4,BLOCK,,,,
RESOURCE,BLOCK_a_2e5,BLOCK,,,,
RESOURCE,BLOCK_a_2e6,BLOCK,,,,
RESOURCE,BLOCK_a_2e7,BLOCK,,,,
RESOURCE,BLOCK_a_2e8,BLOCK,,,,
RESOURCE,BLOCK_a_2e9,BLOCK,,,,
RESOURCE,BLOCK_a_2ea,BLOCK,,,,
RESOURCE,BLOCK_a_2eb,BLOCK,,,,
RESOURCE,BLOCK_a_2ec,BLOCK,,,,
RESOURCE,BLOCK_a_2ed,BLOCK,,,,
RESOURCE,BLOCK_a_2ee,BLOCK,,,,
RESOURCE,BLOCK_a_2ef,BLOCK,,,,
RESOURCE,BLOCK_a_2f0,BLOCK,,,,
RESOURCE,BLOCK_a_2f1,BLOCK,,,,
RESOURCE,BLOCK_a_2f2,BLOCK,,,,
RESOURCE,BLOCK_a_2f3,BLOCK,,,,
RESOURCE,BLOCK_a_2f4,BLOCK,,,,
RESOURCE,BLOCK_a_2f5,BLOCK,,,,
RESOURCE,BLOCK_a_2f6,BLOCK,,,,
RESOURCE,BLOCK_a_2f7,BLOCK,,,,
RESOURCE,BLOCK_a_2f8,BLOCK,,,,
RESOURCE,BLOCK_a_2f9,BLOCK,,,,
RESOURCE,BLOCK_a_2fa,BLOCK,,,,
RESOURCE,BLOCK_a_2fb,BLOCK,,,,
RESOURCE,BLOCK_a_2fc,BLOCK,,,,
RESOURCE,BLOCK_a_2fd,BLOCK,,,,
RESOURCE,BLOCK_a_2fe,BLOCK,,,,
RESOURCE,BLOCK_a_2ff,BLOCK,,,,
RESOURCE,BLOCK_a_300,BLOCK,,,,
RESOURCE,BLOCK_a_301,BLOCK,,,,
RESOURCE,BLOCK_a_302,BLOCK,,,,
RESOURCE,BLOCK_a_303,BLOCK,,,,
RESOURCE,BLOCK_a_304,BLOCK,,,,
RESOURCE,BLOCK_a_305,BLOCK,,,,
RESOURCE,BLOCK_a_306,BLOCK,,,,
RESOURCE,BLOCK_a_307,BLOCK,,,,
RESOURCE,BLOCK_a_308,BLOCK,,,,
RESOURCE,BLOCK_a_309,BLOCK,,,,
RESOURCE,BLOCK_a_30a,BLOCK,,,,
RESOURCE,BLOCK_a_30b,BLOCK,,,,
RESOURCE,BLOCK_a_30c,BLOCK,,,,
RESOURCE,BLOCK_a_30d,BLOCK,,,,
RESOURCE,BLOCK_a_30e,BLOCK,,,,
RESOURCE,BLOCK_a_30f,BLOCK,,,,
RESOURCE,BLOCK_a_310,BLOCK,,,,
RESOURCE,BLOCK_a_311,BLOCK,,,,
RESOURCE,BLOCK_a_312,BLOCK,,,,
RESOURCE,BLOCK_a_313,BLOCK,,,,
RESOURCE,BLOCK_a_314,BLOCK,,,,
RESOURCE,BLOCK_a_315,BLOCK,,,,
RESOURCE,BLOCK_a_316,BLOCK,,,,
RESOURCE,BLOCK_a_317,BLOCK,,,,
RESOURCE,BLOCK_a_318,BLOCK,,,,
RESOURCE,BLOCK_a_319,BLOCK,,,,
RESOURCE,BLOCK_a_31a,BLOCK,,,,
RESOURCE,BLOCK_a_31b,BLOCK,,,,
RESOURCE,BLOCK_a_31c,BLOCK,,,,
RESOURCE,BLOCK_a_31d,BLOCK,,,,
RESOURCE,BLOCK_a_31e,BLOCK,,,,
RESOURCE,BLOCK_a_31f,BLOCK,,,,
RESOURCE,BLOCK_a_320,BLOCK,,,,
RESOURCE,BLOCK_a_321,BLOCK,,,,
RESOURCE,BLOCK_a_322,BLOCK,,,,
RESOURCE,BLOCK_a_323,BLOCK,,,,
RESOURCE,BLOCK_a_324,BLOCK,,,,
RESOURCE,BLOCK_a_325,BLOCK,,,,
RESOURCE,BLOCK_a_326,BLOCK,,,,
RESOURCE,BLOCK_a_327,BLOCK,,,,
RESOURCE,BLOCK_a_328,BLOCK,,,,
RESOURCE,BLOCK_a_329,BLOCK,,,,
RESOURCE,BLOCK_a_32a,BLOCK,,,,
RESOURCE,BLOCK_a_32b,BLOCK,,,,
RESOURCE,BLOCK_a_32c,BLOCK,,,,
RESOURCE,BLOCK_a_32d,BLOCK,,,,
RESOURCE,BLOCK_a_32e,BLOCK,,,,
RESOURCE,BLOCK_a_32f,BLOCK,,,,
RESOURCE,BLOCK_a_330,BLOCK,,,,
RESOURCE,BLOCK_a_331,BLOCK,,,,
RESOURCE,BLOCK_a_332,BLOCK,,,,
RESOURCE,BLOCK_a_333,BLOCK,,,,
RESOURCE,BLOCK_a_334,BLOCK,,,,
RESOURCE,BLOCK_a_335,BLOCK,,,,
RESOURCE,BLOCK_a_336,BLOCK,,,,
RESOURCE,BLOCK_a_337,BLOCK,,,,
RESOURCE,BLOCK_a_338,BLOCK,,,,
RESOURCE,BLOCK_a_339,BLOCK,,,,
RESOURCE,BLOCK_a_33a,BLOCK,,,,
RESOURCE,BLOCK_a_33b,BLOCK,,,,
RESOURCE,BLOCK_a_33c,BLOCK,,,,
RESOURCE,BLOCK_a_33d,BLOCK,,,,
RESOURCE,BLOCK_a_33e,BLOCK,,,,
RESOURCE,BLOCK_a_33f,BLOCK,,,,
RESOURCE,BLOCK_a_340,BLOCK,,,,
RESOURCE,BLOCK_a_341,BLOCK,,,,
RESOURCE,BLOCK_a_342,BLOCK,,,,
RESOURCE,BLOCK_a_343,BLOCK,,,,
RESOURCE,BLOCK_a_344,BLOCK,,,,
RESOURCE,BLOCK_a_345,BLOCK,,,,
RESOURCE,BLOCK_a_346,BLOCK,,,,
RESOURCE,BLOCK_a_347,BLOCK,,,,
RESOURCE,BLOCK_a_348,BLOCK,,,,
RESOURCE,BLOCK_a_349,BLOCK,,,,
RESOURCE,BLOCK_a_34a,BLOCK,,,,
RESOURCE,BLOCK_a_34b,BLOCK,,,,
RESOURCE,BLOCK_a_34c,BLOCK,,,,
RESOURCE,BLOCK_a_34d,BLOCK,,,,
RESOURCE,BLOCK_a_34e,BLOCK,,,,
RESOURCE,BLOCK_a_34f,BLOCK,,,,
RESOURCE,BLOCK_a_350,BLOCK,,,,
RESOURCE,BLOCK_a_351,BLOCK,,,,
RESOURCE,BLOCK_a_352,BLOCK,,,,
RESOURCE,BLOCK_a_353,BLOCK,,,,
RESOURCE,BLOCK_a_354,BLOCK,,,,
RESOURCE,BLOCK_a_355,BLOCK,,,,
RESOURCE,BLOCK_a_356,BLOCK,,,,
RESOURCE,BLOCK_a_357,BLOCK,,,,
RESOURCE,BLOCK_a_358,BLOCK,,,,
RESOURCE,BLOCK_a_359,BLOCK,,,,
RESOURCE,BLOCK_a_35a,BLOCK,,,,
RESOURCE,BLOCK_a_35b,BLOCK,,,,
RESOURCE,BLOCK_a_35c,BLOCK,,,,
RESOURCE,BLOCK_a_35d,BLOCK,,,,
RESOURCE,BLOCK_a_35e,BLOCK,,,,
RESOURCE,BLOCK_a_35f,BLOCK,,,,
RESOURCE,BLOCK_a_360,BLOCK,,,,
RESOURCE,BLOCK_a_361,BLOCK,,,,
RESOURCE,BLOCK_a_362,BLOCK,,,,
RESOURCE,BLOCK_a_363,BLOCK,,,,
RESOURCE,BLOCK_a_364,BLOCK,,,,
RESOURCE,BLOCK_a_365,BLOCK,,,,
RESOURCE,BLOCK_a_366,BLOCK,,,,
RESOURCE,BLOCK_a_367,BLOCK,,,,
RESOURCE,BLOCK_a_368,BLOCK,,,,
RESOURCE,BLOCK_a_369,BLOCK,,,,
RESOURCE,BLOCK_a_36a,BLOCK,,,,
RESOURCE,BLOCK_a_36b,BLOCK,,,,
RESOURCE,BLOCK_a_36c,BLOCK,,,,
RESOURCE,BLOCK_a_36d,BLOCK,,,,
RESOURCE,BLOCK_a_36e,BLOCK,,,,
RESOURCE,BLOCK_a_36f,BLOCK,,,,
RESOURCE,BLOCK_a_370,BLOCK,,,,
RESOURCE,BLOCK_a_371,BLOCK,,,,
RESOURCE,BLOCK_a_372,BLOCK,,,,
RESOURCE,BLOCK_a_373,BLOCK,,,,
RESOURCE,BLOCK_a_374,BLOCK,,,,
RESOURCE,BLOCK_a_375,BLOCK,,,,
RESOURCE,BLOCK_a_376,BLOCK,,,,
RESOURCE,BLOCK_a_377,BLOCK,,,,
RESOURCE,BLOCK_a_378,BLOCK,,,,
RESOURCE,BLOCK_a_379,BLOCK,,,,
RESOURCE,BLOCK_a_37a,BLOCK,,,,
RESOURCE,BLOCK_a_37b,BLOCK,,,,
RESOURCE,BLOCK_a_37c,BLOCK,,,,
RESOURCE,BLOCK_a_37d,BLOCK,,,,
RESOURCE,BLOCK_a_37e,BLOCK,,,,
RESOURCE,BLOCK_a_37f,BLOCK,,,,
RESOURCE,BLOCK_a_380,BLOCK,,,,
RESOURCE,BLOCK_a_381,BLOCK,,,,
RESOURCE,BLOCK_a_382,BLOCK,,,,
RESOURCE,BLOCK_a_383,BLOCK,,,,
RESOURCE,BLOCK_a_384,BLOCK,,,,
RESOURCE,BLOCK_a_385,BLOCK,,,,
RESOURCE,BLOCK_a_386,BLOCK,,,,
RESOURCE,BLOCK_a_387,BLOCK,,,,
RESOURCE,BLOCK_a_388,BLOCK,,,,
RESOURCE,BLOCK_a_389,BLOCK,,,,
RESOURCE,BLOCK_a_38a,BLOCK,,,,
RESOURCE,BLOCK_a_38b,BLOCK,,,,
RESOURCE,BLOCK_a_38c,BLOCK,,,,
RESOURCE,BLOCK_a_38d,BLOCK,,,,
RESOURCE,BLOCK_a_38e,BLOCK,,,,
RESOURCE,BLOCK_a_38f,BLOCK,,,,
RESOURCE,BLOCK_a_390,BLOCK,,,,
RESOURCE,BLOCK_a_391,BLOCK,,,,
RESOURCE,BLOCK_a_392,BLOCK,,,,
RESOURCE,BLOCK_a_393,BLOCK,,,,
RESOURCE,BLOCK_a_394,BLOCK,,,,
RESOURCE,BLOCK_a_395,BLOCK,,,,
RESOURCE,BLOCK_a_396,BLOCK,,,,
RESOURCE,BLOCK_a_397,BLOCK,,,,
RESOURCE,BLOCK_a_398,BLOCK,,,,
RESOURCE,BLOCK_a_399,BLOCK,,,,
RESOURCE,BLOCK_a_39a,BLOCK,,,,
RESOURCE,BLOCK_a_39b,BLOCK,,,,
RESOURCE,BLOCK_a_39c,BLOCK,,,,
RESOURCE,BLOCK_a_39d,BLOCK,,,,
RESOURCE,BLOCK_a_39e,BLOCK,,,,
RESOURCE,BLOCK_a_39f,BLOCK,,,,
RESOURCE,BLOCK_a_3a0,BLOCK,,,,
RESOURCE,BLOCK_a_3a1,BLOCK,,,,
RESOURCE,BLOCK_a_3a2,BLOCK,,,,
RESOURCE,BLOCK_a_3a3,BLOCK,,,,
RESOURCE,BLOCK_a_3a4,BLOCK,,,,
RESOURCE,BLOCK_a_3a5,BLOCK,,,,
RESOURCE,BLOCK_a_3a6,BLOCK,,,,
RESOURCE,BLOCK_a_3a7,BLOCK,,,,
RESOURCE,BLOCK_a_3a8,BLOCK,,,,
RESOURCE,BLOCK_a_3a9,BLOCK,,,,
RESOURCE,BLOCK_a_3aa,BLOCK,,,,
RESOURCE,BLOCK_a_3ab,BLOCK,,,,
RESOURCE,BLOCK_a_3ac,BLOCK,,,,
RESOURCE,BLOCK_a_3ad,BLOCK,,,,
RESOURCE,BLOCK_a_3ae,BLOCK,,,,
RESOURCE,BLOCK_a_3af,BLOCK,,,,
RESOURCE,BLOCK_a_3b0,BLOCK,,,,
RESOURCE,BLOCK_a_3b1,BLOCK,,,,
RESOURCE,BLOCK_a_3b2,BLOCK,,,,
RESOURCE,BLOCK_a_3b3,BLOCK,,,,
RESOURCE,BLOCK_a_3b4,BLOCK,,,,
RESOURCE,BLOCK_a_3b5,BLOCK,,,,
RESOURCE,BLOCK_a_3b6,BLOCK,,,,
RESOURCE,BLOCK_a_3b7,BLOCK,,,,
RESOURCE,BLOCK_a_3b8,BLOCK,,,,
RESOURCE,BLOCK_a_3b9,BLOCK,,,,
RESOURCE,BLOCK_a_3ba,BLOCK,,,,
RESOURCE,BLOCK_a_3bb,BLOCK,,,,
RESOURCE,BLOCK_a_3bc,BLOCK,,,,
RESOURCE,BLOCK_a_3bd,BLOCK,,,,
RESOURCE,BLOCK_a_3be,BLOCK,,,,
RESOURCE,BLOCK_a_3bf,BLOCK,,,,
RESOURCE,BLOCK_a_3c0,BLOCK,,,,
RESOURCE,BLOCK_a_3c1,BLOCK,,,,
RESOURCE,BLOCK_a_3c2,BLOCK,,,,
RESOURCE,BLOCK_a_3c3,BLOCK,,,,
RESOURCE,BLOCK_a_3c4,BLOCK,,,,
RESOURCE,BLOCK_a_3c5,BLOCK,,,,
RESOURCE,BLOCK_a_3c6,BLOCK,,,,
RESOURCE,BLOCK_a_3c7,BLOCK,,,,
RESOURCE,BLOCK_a_3c8,BLOCK,,,,
RESOURCE,BLOCK_a_3c9,BLOCK,,,,
RESOURCE,BLOCK_a_3ca,BLOCK,,,,
RESOURCE,BLOCK_a_3cb,BLOCK,,,,
RESOURCE,BLOCK_a_3cc,BLOCK,,,,
RESOURCE,BLOCK_a_3cd,BLOCK,,,,
RESOURCE,BLOCK_a_3ce,BLOCK,,,,
RESOURCE,BLOCK_a_3cf,BLOCK,,,,
RESOURCE,BLOCK_a_3d0,BLOCK,,,,
RESOURCE,BLOCK_a_3d1,BLOCK,,,,
RESOURCE,BLOCK_a_3d2,BLOCK,,,,
RESOURCE,BLOCK_a_3d3,BLOCK,,,,
RESOURCE,BLOCK_a_3d4,BLOCK,,,,
RESOURCE,BLOCK_a_3d5,BLOCK,,,,
RESOURCE,BLOCK_a_3d6,BLOCK,,,,
RESOURCE,BLOCK_a_3d7,BLOCK,,,,
RESOURCE,BLOCK_a_3d8,BLOCK,,,,
RESOURCE,BLOCK_a_3d9,BLOCK,,,,
RESOURCE,BLOCK_a_3da,BLOCK,,,,
RESOURCE,BLOCK_a_3db,BLOCK,,,,
RESOURCE,BLOCK_a_3dc,BLOCK,,,,
RESOURCE,BLOCK_a_3dd,BLOCK,,,,
RESOURCE,BLOCK_a_3de,BLOCK,,,,
RESOURCE,BLOCK_a_3df,BLOCK,,,,
RESOURCE,BLOCK_a_3e0,BLOCK,,,,
RESOURCE,BLOCK_a_3e1,BLOCK,,,,
RESOURCE,BLOCK_a_3e2,BLOCK,,,,
RESOURCE,BLOCK_a_3e3,BLOCK,,,,
RESOURCE,BLOCK_a_3e4,BLOCK,,,,
RESOURCE,BLOCK_a_3e5,BLOCK,,,,
RESOURCE,BLOCK_a_3e6,BLOCK,,,,
RESOURCE,BLOCK_a_3e7,BLOCK,,,,
RESOURCE,BLOCK_a_3e8,BLOCK,,,,
RESOURCE,BLOCK_a_3e9,BLOCK,,,,
RESOURCE,BLOCK_a_3ea,BLOCK,,,,
RESOURCE,BLOCK_a_3eb,BLOCK,,,,
RESOURCE,BLOCK_a_3ec,BLOCK,,,,
RESOURCE,BLOCK_a_3ed,BLOCK,,,,
RESOURCE,BLOCK_a_3ee,BLOCK,,,,
RESOURCE,BLOCK_a_3ef,BLOCK,,,,
RESOURCE,BLOCK_a_3f0,BLOCK,,,,
RESOURCE,BLOCK_a_3f1,BLOCK,,,,
RESOURCE,BLOCK_a_3f2,BLOCK,,,,
RESOURCE,BLOCK_a_3f3,BLOCK,,,,
RESOURCE,BLOCK_a_3f4,BLOCK,,,,
RESOURCE,BLOCK_a_3f5,BLOCK,,,,
RESOURCE,BLOCK_a_3f6,BLOCK,,,,
RESOURCE,BLOCK_a_3f7,BLOCK,,,,
RESOURCE,BLOCK_a_3f8,BLOCK,,,,
RESOURCE,BLOCK_a_3f9,BLOCK,,,,
RESOURCE,BLOCK_a_3fa,BLOCK,,,,
RESOURCE,BLOCK_a_3fb,BLOCK,,,,
RESOURCE,BLOCK_a_3fc,BLOCK,,,,
RESOURCE,BLOCK_a_3fd,BLOCK,,,,
RESOURCE,BLOCK_a_3fe,BLOCK,,,,
RESOURCE,BLOCK_a_3ff,BLOCK,,,,
PD,PD_3,fs_server,,,,
RESOURCE,VCPU_5_3,VCPU,,,,
RESOURCE_SPACE,ADS_SPACE_b,ADS,,,,
RESOURCE,VMR_b_1,VMR,,,,"{""va"": ""0x10000000"", ""vmr_type"": ""OSM_DATA"", ""num_pages"": ""1"", ""page_size"": ""4096""}"
RESOURCE,VMR_b_2,VMR,,,,"{""va"": ""0x400000"", ""vmr_type"": ""ELF_CODE"", ""num_pages"": ""235"", ""page_size"": ""4096""}"
RESOURCE,MO_4_10,MO,,,,"{""pa"": ""0x75436000"", ""num_pages"": ""235"", ""page_size"": ""4096""}"
RESOURCE,VMR_b_3,VMR,,,,"{""va"": ""0x4ec000"", ""vmr_type"": ""ELF_DATA"", ""num_pages"": ""52"", ""page_size"": ""4096""}"
RESOURCE,MO_4_11,MO,,,,"{""pa"": ""0x75532000"", ""num_pages"": ""52"", ""page_size"": ""4096""}"
RESOURCE,VMR_b_4,VMR,,,,"{""va"": ""0x5000000000"", ""vmr_type"": ""HEAP"", ""num_pages"": ""100"", ""page_size"": ""4096""}"
RESOURCE,MO_4_12,MO,,,,"{""pa"": ""0x75569000"", ""num_pages"": ""100"", ""page_size"": ""4096""}"
RESOURCE,VMR_b_5,VMR,,,,"{""va"": ""0x10001000"", ""vmr_type"": ""STACK"", ""num_pages"": ""17"", ""page_size"": ""4096""}"
RESOURCE,MO_4_13,MO,,,,"{""pa"": ""0x755d9000"", ""num_pages"": ""16"", ""page_size"": ""4096""}"
RESOURCE,VMR_b_6,VMR,,,,"{""va"": ""0x10012000"", ""vmr_type"": ""IPC_BUF"", ""num_pages"": ""1"", ""page_size"": ""4096""}"
RESOURCE,MO_4_14,MO,,,,"{""pa"": ""0x755ea000"", ""num_pages"": ""1"", ""page_size"": ""4096""}"
RESOURCE,VMR_b_7,VMR,,,,"{""va"": ""0x10013000"", ""vmr_type"": ""SHARED_FRAMES"", ""num_pages"": ""1"", ""page_size"": ""4096""}"
RESOURCE_SPACE,FILE_SPACE_c,FILE,,,,
RESOURCE,FILE_c_2,FILE,,,,
RESOURCE,FILE_c_3,FILE,,,,
PD,PD_4,hello_kvstore,,,,
RESOURCE,VCPU_5_4,VCPU,,,,
RESOURCE_SPACE,ADS_SPACE_d,ADS,,,,
RESOURCE,VMR_d_1,VMR,,,,"{""va"": ""0x10000000"", ""vmr_type"": ""OSM_DATA"", ""num_pages"": ""1"", ""page_size"": ""4096""}"
RESOURCE,VMR_d_2,VMR,,,,"{""va"": ""0x400000"", ""vmr_type"": ""ELF_CODE"", ""num_pages"": ""479"", ""page_size"": ""4096""}"
RESOURCE,MO_4_18,MO,,,,"{""pa"": ""0x755fa000"", ""num_pages"": ""479"", ""page_size"": ""4096""}"
RESOURCE,VMR_d_3,VMR,,,,"{""va"": ""0x5df000"", ""vmr_type"": ""ELF_DATA"", ""num_pages"": ""25"", ""page_size"": ""4096""}"
RESOURCE,MO_4_19,MO,,,,"{""pa"": ""0x757f9000"", ""num_pages"": ""25"", ""page_size"": ""4096""}"
RESOURCE,VMR_d_4,VMR,,,,"{""va"": ""0x5000000000"", ""vmr_type"": ""HEAP"", ""num_pages"": ""100"", ""page_size"": ""4096""}"
RESOURCE,MO_4_1a,MO,,,,"{""pa"": ""0x76015000"", ""num_pages"": ""100"", ""page_size"": ""4096""}"
RESOURCE,VMR_d_5,VMR,,,,"{""va"": ""0x10001000"", ""vmr_type"": ""STACK"", ""num_pages"": ""17"", ""page_size"": ""4096""}"
RESOURCE,MO_4_1b,MO,,,,"{""pa"": ""0x76085000"", ""num_pages"": ""16"", ""page_size"": ""4096""}"
RESOURCE,VMR_d_6,VMR,,,,"{""va"": ""0x10012000"", ""vmr_type"": ""IPC_BUF"", ""num_pages"": ""1"", ""page_size"": ""4096""}"
RESOURCE,MO_4_1c,MO,,,,"{""pa"": ""0x76096000"", ""num_pages"": ""1"", ""page_size"": ""4096""}"
RESOURCE,VMR_d_7,VMR,,,,"{""va"": ""0x10013000"", ""vmr_type"": ""OSM_DATA"", ""num_pages"": ""1"", ""page_size"": ""4096""}"
RESOURCE,VMR_d_8,VMR,,,,"{""va"": ""0x10014000"", ""vmr_type"": ""STACK"", ""num_pages"": ""17"", ""page_size"": ""4096""}"
RESOURCE,MO_4_1e,MO,,,,"{""pa"": ""0x76099000"", ""num_pages"": ""16"", ""page_size"": ""4096""}"
RESOURCE,VMR_d_9,VMR,,,,"{""va"": ""0x10025000"", ""vmr_type"": ""IPC_BUF"", ""num_pages"": ""1"", ""page_size"": ""4096""}"
RESOURCE,MO_4_1f,MO,,,,"{""pa"": ""0x760aa000"", ""num_pages"": ""1"", ""page_size"": ""4096""}"
RESOURCE,VMR_d_a,VMR,,,,"{""va"": ""0x10026000"", ""vmr_type"": ""SHARED_FRAMES"", ""num_pages"": ""1"", ""page_size"": ""4096""}"
RESOURCE,MO_4_20,MO,,,,"{""pa"": ""0x760ab000"", ""num_pages"": ""1"", ""page_size"": ""4096""}"
RESOURCE,VMR_d_b,VMR,,,,"{""va"": ""0x10027000"", ""vmr_type"": ""SHARED_FRAMES"", ""num_pages"": ""1"", ""page_size"": ""4096""}"
RESOURCE,MO_4_21,MO,,,,"{""pa"": ""0x760ac000"", ""num_pages"": ""1"", ""page_size"": ""4096""}"
PD,PD_5,PD,,,,
RESOURCE,VCPU_5_5,VCPU,,,,
RESOURCE_SPACE,KVSTORE_SPACE_e,KVSTORE,,,,
RESOURCE,KVSTORE_e_1,KVSTORE,,,,
RESOURCE,KVSTORE_e_2,KVSTORE,,,,
RESOURCE,KVSTORE_e_3,KVSTORE,,,,
RESOURCE,KVSTORE_e_4,KVSTORE,,,,
RESOURCE,KVSTORE_e_5,KVSTORE,,,,
,,NONE,MAP,ADS_SPACE_7,MO_SPACE_4,"{""pd_incharge"": ""PD_0""}"
,,NONE,HOLD,PD_0,ADS_SPACE_7,"{""pd_incharge"": ""PD_0""}"
,,NONE,SUBSET,VMR_7_1,ADS_SPACE_7,"{""pd_incharge"": ""PD_0""}"
,,NONE,HOLD,PD_0,VMR_7_1,"{""pd_incharge"": ""PD_0""}"
,,NONE,MAP,VMR_7_1,MO_4_1,"{""pd_incharge"": ""PD_0""}"
,,NONE,SUBSET,VMR_7_2,ADS_SPACE_7,"{""pd_incharge"": ""PD_0""}"
,,NONE,HOLD,PD_0,VMR_7_2,"{""pd_incharge"": ""PD_0""}"
,,NONE,MAP,VMR_7_2,MO_4_2,"{""pd_incharge"": ""PD_0""}"
,,NONE,SUBSET,VMR_7_3,ADS_SPACE_7,"{""pd_incharge"": ""PD_0""}"
,,NONE,HOLD,PD_0,VMR_7_3,"{""pd_incharge"": ""PD_0""}"
,,NONE,MAP,VMR_7_3,MO_4_3,"{""pd_incharge"": ""PD_0""}"
,,NONE,SUBSET,VMR_7_6,ADS_SPACE_7,"{""pd_incharge"": ""PD_0""}"
,,NONE,HOLD,PD_0,VMR_7_6,"{""pd_incharge"": ""PD_0""}"
,,NONE,MAP,VMR_7_6,MO_4_8,"{""pd_incharge"": ""PD_0""}"
,,NONE,SUBSET,VMR_7_9,ADS_SPACE_7,"{""pd_incharge"": ""PD_0""}"
,,NONE,HOLD,PD_0,VMR_7_9,"{""pd_incharge"": ""PD_0""}"
,,NONE,MAP,VMR_7_9,MO_4_f,"{""pd_incharge"": ""PD_0""}"
,,NONE,SUBSET,VMR_7_c,ADS_SPACE_7,"{""pd_incharge"": ""PD_0""}"
,,NONE,HOLD,PD_0,VMR_7_c,"{""pd_incharge"": ""PD_0""}"
,,NONE,MAP,VMR_7_c,MO_4_17,"{""pd_incharge"": ""PD_0""}"
,,NONE,SUBSET,VMR_7_f,ADS_SPACE_7,"{""pd_incharge"": ""PD_0""}"
,,NONE,HOLD,PD_0,VMR_7_f,"{""pd_incharge"": ""PD_0""}"
,,NONE,MAP,VMR_7_f,MO_4_1d,"{""pd_incharge"": ""PD_0""}"
,,NONE,HOLD,PD_0,MO_4_1,"{""pd_incharge"": ""PD_0""}"
,,NONE,SUBSET,MO_4_1,MO_SPACE_4,"{""pd_incharge"": ""PD_0""}"
,,NONE,HOLD,PD_0,MO_4_2,"{""pd_incharge"": ""PD_0""}"
,,NONE,SUBSET,MO_4_2,MO_SPACE_4,"{""pd_incharge"": ""PD_0""}"
,,NONE,HOLD,PD_0,MO_4_3,"{""pd_incharge"": ""PD_0""}"
,,NONE,SUBSET,MO_4_3,MO_SPACE_4,"{""pd_incharge"": ""PD_0""}"
,,ADS,REQUEST,PD_1,PD_0,"{""pd_incharge"": ""PD_0""}"
,,VMR,REQUEST,PD_1,PD_0,"{""pd_incharge"": ""PD_0""}"
,,MO,REQUEST,PD_1,PD_0,"{""pd_incharge"": ""PD_0""}"
,,VCPU,REQUEST,PD_1,PD_0,"{""pd_incharge"": ""PD_0""}"
,,PD,REQUEST,PD_1,PD_0,"{""pd_incharge"": ""PD_0""}"
,,EP,REQUEST,PD_1,PD_0,"{""pd_incharge"": ""PD_0""}"
,,RESSPC,REQUEST,PD_1,PD_0,"{""pd_incharge"": ""PD_0""}"
,,NONE,MAP,ADS_SPACE_8,MO_SPACE_4,"{""pd_incharge"": ""PD_0""}"
,,NONE,HOLD,PD_0,ADS_SPACE_8,"{""pd_incharge"": ""PD_0""}"
,,NONE,SUBSET,VMR_8_1,ADS_SPACE_8,"{""pd_incharge"": ""PD_0""}"
,,NONE,HOLD,PD_1,VMR_8_1,"{""pd_incharge"": ""PD_0""}"
,,NONE,MAP,VMR_8_1,MO_4_4,"{""pd_incharge"": ""PD_0""}"
,,NONE,SUBSET,VMR_8_2,ADS_SPACE_8,"{""pd_incharge"": ""PD_0""}"
,,NONE,HOLD,PD_1,VMR_8_2,"{""pd_incharge"": ""PD_0""}"
,,NONE,MAP,VMR_8_2,MO_4_5,"{""pd_incharge"": ""PD_0""}"
,,NONE,SUBSET,VMR_8_3,ADS_SPACE_8,"{""pd_incharge"": ""PD_0""}"
,,NONE,HOLD,PD_1,VMR_8_3,"{""pd_incharge"": ""PD_0""}"
,,NONE,MAP,VMR_8_3,MO_4_3,"{""pd_incharge"": ""PD_0""}"
,,NONE,SUBSET,VMR_8_4,ADS_SPACE_8,"{""pd_incharge"": ""PD_0""}"
,,NONE,HOLD,PD_1,VMR_8_4,"{""pd_incharge"": ""PD_0""}"
,,NONE,MAP,VMR_8_4,MO_4_6,"{""pd_incharge"": ""PD_0""}"
,,NONE,SUBSET,VMR_8_5,ADS_SPACE_8,"{""pd_incharge"": ""PD_0""}"
,,NONE,HOLD,PD_1,VMR_8_5,"{""pd_incharge"": ""PD_0""}"
,,NONE,MAP,VMR_8_5,MO_4_7,"{""pd_incharge"": ""PD_0""}"
,,NONE,SUBSET,VMR_8_6,ADS_SPACE_8,"{""pd_incharge"": ""PD_0""}"
,,NONE,HOLD,PD_1,VMR_8_6,"{""pd_incharge"": ""PD_0""}"
,,NONE,MAP,VMR_8_6,MO_4_16,"{""pd_incharge"": ""PD_0""}"
,,NONE,HOLD,PD_1,ADS_SPACE_8,"{""pd_incharge"": ""PD_0""}"
,,NONE,HOLD,PD_0,VCPU_SPACE_5,"{""pd_incharge"": ""PD_0""}"
,,NONE,HOLD,PD_1,VCPU_5_1,"{""pd_incharge"": ""PD_0""}"
,,NONE,SUBSET,VCPU_5_1,VCPU_SPACE_5,"{""pd_incharge"": ""PD_0""}"
,,NONE,MAP,VCPU_5_1,PCPU_1_0,"{""pd_incharge"": ""PD_0""}"
,,NONE,HOLD,PD_0,PCPU_1_0,"{""pd_incharge"": ""PD_0""}"
,,NONE,SUBSET,PCPU_1_0,VCPU_SPACE_5,"{""pd_incharge"": ""PD_0""}"
,,NONE,HOLD,PD_1,MO_4_8,"{""pd_incharge"": ""PD_0""}"
,,NONE,SUBSET,MO_4_8,MO_SPACE_4,"{""pd_incharge"": ""PD_0""}"
,,VMR,REQUEST,PD_2,PD_0,"{""pd_incharge"": ""PD_0""}"
,,MO,REQUEST,PD_2,PD_0,"{""pd_incharge"": ""PD_0""}"
,,EP,REQUEST,PD_2,PD_0,"{""pd_incharge"": ""PD_0""}"
,,RESSPC,REQUEST,PD_2,PD_0,"{""pd_incharge"": ""PD_0""}"
,,NONE,HOLD,PD_2,VCPU_5_2,"{""pd_incharge"": ""PD_0""}"
,,NONE,SUBSET,VCPU_5_2,VCPU_SPACE_5,"{""pd_incharge"": ""PD_0""}"
,,NONE,MAP,VCPU_5_2,PCPU_1_0,"{""pd_incharge"": ""PD_0""}"
,,NONE,MAP,ADS_SPACE_9,MO_SPACE_4,"{""pd_incharge"": ""PD_0""}"
,,NONE,HOLD,PD_0,ADS_SPACE_9,"{""pd_incharge"": ""PD_0""}"
,,NONE,SUBSET,VMR_9_1,ADS_SPACE_9,"{""pd_incharge"": ""PD_0""}"
,,NONE,HOLD,PD_2,VMR_9_1,"{""pd_incharge"": ""PD_0""}"
,,NONE,MAP,VMR_9_1,MO_4_8,"{""pd_incharge"": ""PD_0""}"
,,NONE,SUBSET,VMR_9_2,ADS_SPACE_9,"{""pd_incharge"": ""PD_0""}"
,,NONE,HOLD,PD_2,VMR_9_2,"{""pd_incharge"": ""PD_0""}"
,,NONE,MAP,VMR_9_2,MO_4_9,"{""pd_incharge"": ""PD_0""}"
,,NONE,SUBSET,VMR_9_3,ADS_SPACE_9,"{""pd_incharge"": ""PD_0""}"
,,NONE,HOLD,PD_2,VMR_9_3,"{""pd_incharge"": ""PD_0""}"
,,NONE,MAP,VMR_9_3,MO_4_a,"{""pd_incharge"": ""PD_0""}"
,,NONE,SUBSET,VMR_9_4,ADS_SPACE_9,"{""pd_incharge"": ""PD_0""}"
,,NONE,HOLD,PD_2,VMR_9_4,"{""pd_incharge"": ""PD_0""}"
,,NONE,MAP,VMR_9_4,MO_4_b,"{""pd_incharge"": ""PD_0""}"
,,NONE,SUBSET,VMR_9_5,ADS_SPACE_9,"{""pd_incharge"": ""PD_0""}"
,,NONE,HOLD,PD_2,VMR_9_5,"{""pd_incharge"": ""PD_0""}"
,,NONE,MAP,VMR_9_5,MO_4_c,"{""pd_incharge"": ""PD_0""}"
,,NONE,SUBSET,VMR_9_6,ADS_SPACE_9,"{""pd_incharge"": ""PD_0""}"
,,NONE,HOLD,PD_2,VMR_9_6,"{""pd_incharge"": ""PD_0""}"
,,NONE,MAP,VMR_9_6,MO_4_d,"{""pd_incharge"": ""PD_0""}"
,,NONE,SUBSET,VMR_9_7,ADS_SPACE_9,"{""pd_incharge"": ""PD_0""}"
,,NONE,HOLD,PD_2,VMR_9_7,"{""pd_incharge"": ""PD_0""}"
,,NONE,MAP,VMR_9_7,MO_4_e,"{""pd_incharge"": ""PD_0""}"
,,NONE,SUBSET,VMR_9_8,ADS_SPACE_9,"{""pd_incharge"": ""PD_0""}"
,,NONE,HOLD,PD_2,VMR_9_8,"{""pd_incharge"": ""PD_0""}"
,,NONE,MAP,VMR_9_8,MO_4_15,"{""pd_incharge"": ""PD_0""}"
,,NONE,HOLD,PD_2,ADS_SPACE_9,"{""pd_incharge"": ""PD_0""}"
,,NONE,HOLD,PD_2,BLOCK_SPACE_a,"{""pd_incharge"": ""PD_0""}"
,,NONE,HOLD,PD_2,MO_4_e,"{""pd_incharge"": ""PD_0""}"
,,NONE,SUBSET,MO_4_e,MO_SPACE_4,"{""pd_incharge"": ""PD_0""}"
,,NONE,SUBSET,BLOCK_a_0,BLOCK_SPACE_a,"{""pd_incharge"": ""PD_0""}"
,,NONE,HOLD,PD_2,BLOCK_a_0,"{""pd_incharge"": ""PD_0""}"
,,NONE,SUBSET,BLOCK_a_1,BLOCK_SPACE_a,"{""pd_incharge"": ""PD_0""}"
,,NONE,HOLD,PD_2,BLOCK_a_1,"{""pd_incharge"": ""PD_0""}"
,,NONE,SUBSET,BLOCK_a_2,BLOCK_SPACE_a,"{""pd_incharge"": ""PD_0""}"
,,NONE,HOLD,PD_2,BLOCK_a_2,"{""pd_incharge"": ""PD_0""}"
,,NONE,SUBSET,BLOCK_a_3,BLOCK_SPACE_a,"{""pd_incharge"": ""PD_0""}"
,,NONE,HOLD,PD_2,BLOCK_a_3,"{""pd_incharge"": ""PD_0""}"
,,NONE,SUBSET,BLOCK_a_4,BLOCK_SPACE_a,"{""pd_incharge"": ""PD_0""}"
,,NONE,HOLD,PD_2,BLOCK_a_4,"{""pd_incharge"": ""PD_0""}"
,,NONE,SUBSET,BLOCK_a_5,BLOCK_SPACE_a,"{""pd_incharge"": ""PD_0""}"
,,NONE,HOLD,PD_2,BLOCK_a_5,"{""pd_incharge"": ""PD_0""}"
,,NONE,SUBSET,BLOCK_a_6,BLOCK_SPACE_a,"{""pd_incharge"": ""PD_0""}"
,,NONE,HOLD,PD_2,BLOCK_a_6,"{""pd_incharge"": ""PD_0""}"
,,NONE,SUBSET,BLOCK_a_7,BLOCK_SPACE_a,"{""pd_incharge"": ""PD_0""}"
,,NONE,HOLD,PD_2,BLOCK_a_7,"{""pd_incharge"": ""PD_0""}"
,,NONE,SUBSET,BLOCK_a_8,BLOCK_SPACE_a,"{""pd_incharge"": ""PD_0""}"
,,NONE,HOLD,PD_2,BLOCK_a_8,"{""pd_incharge"": ""PD_0""}"
,,NONE,SUBSET,BLOCK_a_9,BLOCK_SPACE_a,"{""pd_incharge"": ""PD_0""}"
,,NONE,HOLD,PD_2,BLOCK_a_9,"{""pd_incharge"": ""PD_0""}"
,,NONE,SUBSET,BLOCK_a_a,BLOCK_SPACE_a,"{""pd_incharge"": ""PD_0""}"
,,NONE,HOLD,PD_2,BLOCK_a_a,"{""pd_incharge"": ""PD_0""}"
,,NONE,SUBSET,BLOCK_a_b,BLOCK_SPACE_a,"{""pd_incharge"": ""PD_0""}"
,,NONE,HOLD,PD_2,BLOCK_a_b,"{""pd_incharge"": ""PD_0""}"
,,NONE,SUBSET,BLOCK_a_c,BLOCK_SPACE_a,"{""pd_incharge"": ""PD_0""}"
,,NONE,HOLD,PD_2,BLOCK_a_c,"{""pd_incharge"": ""PD_0""}"
,,NONE,SUBSET,BLOCK_a_d,BLOCK_SPACE_a,"{""pd_incharge"": ""PD_0""}"
,,NONE,HOLD,PD_2,BLOCK_a_d,"{""pd_incharge"": ""PD_0""}"
,,NONE,SUBSET,BLOCK_a_e,BLOCK_SPACE_a,"{""pd_incharge"": ""PD_0""}"
,,NONE,HOLD,PD_2,BLOCK_a_e,"{""pd_incharge"": ""PD_0""}"
,,NONE,SUBSET,BLOCK_a_f,BLOCK_SPACE_a,"{""pd_incharge"": ""PD_0""}"
,,NONE,HOLD,PD_2,BLOCK_a_f,"{""pd_incharge"": ""PD_0""}"
,,NONE,SUBSET,BLOCK_a_10,BLOCK_SPACE_a,"{""pd_incharge"": ""PD_0""}"
,,NONE,HOLD,PD_2,BLOCK_a_10,"{""pd_incharge"": ""PD_0""}"
,,NONE,SUBSET,BLOCK_a_11,BLOCK_SPACE_a,"{""pd_incharge"": ""PD_0""}"
,,NONE,HOLD,PD_2,BLOCK_a_11,"{""pd_incharge"": ""PD_0""}"
,,NONE,SUBSET,BLOCK_a_12,BLOCK_SPACE_a,"{""pd_incharge"": ""PD_0""}"
,,NONE,HOLD,PD_2,BLOCK_a_12,"{""pd_incharge"": ""PD_0""}"
,,NONE,SUBSET,BLOCK_a_13,BLOCK_SPACE_a,"{""pd_incharge"": ""PD_0""}"
,,NONE,HOLD,PD_2,BLOCK_a_13,"{""pd_incharge"": ""PD_0""}"
,,NONE,SUBSET,BLOCK_a_14,BLOCK_SPACE_a,"{""pd_incharge"": ""PD_0""}"
,,NONE,HOLD,PD_2,BLOCK_a_14,"{""pd_incharge"": ""PD_0""}"
,,NONE,SUBSET,BLOCK_a_15,BLOCK_SPACE_a,"{""pd_incharge"": ""PD_0""}"
,,NONE,HOLD,PD_2,BLOCK_a_15,"{""pd_incharge"": ""PD_0""}"
,,NONE,SUBSET,BLOCK_a_16,BLOCK_SPACE_a,"{""pd_incharge"": ""PD_0""}"
,,NONE,HOLD,PD_2,BLOCK_a_16,"{""pd_incharge"": ""PD_0""}"
,,NONE,SUBSET,BLOCK_a_17,BLOCK_SPACE_a,"{""pd_incharge"": ""PD_0""}"
,,NONE,HOLD,PD_2,BLOCK_a_17,"{""pd_incharge"": ""PD_0""}"
,,NONE,SUBSET,BLOCK_a_18,BLOCK_SPACE_a,"{""pd_incharge"": ""PD_0""}"
,,NONE,HOLD,PD_2,BLOCK_a_18,"{""pd_incharge"": ""PD_0""}"
,,NONE,SUBSET,BLOCK_a_19,BLOCK_SPACE_a,"{""pd_incharge"": ""PD_0""}"
,,NONE,HOLD,PD_2,BLOCK_a_19,"{""pd_incharge"": ""PD_0""}"
,,NONE,SUBSET,BLOCK_a_1a,BLOCK_SPACE_a,"{""pd_incharge"": ""PD_0""}"
,,NONE,HOLD,PD_2,BLOCK_a_1a,"{""pd_incharge"": ""PD_0""}"
,,NONE,SUBSET,BLOCK_a_1b,BLOCK_SPACE_a,"{""pd_incharge"": ""PD_0""}"
,,NONE,HOLD,PD_2,BLOCK_a_1b,"{""pd_incharge"": ""PD_0""}"
,,NONE,SUBSET,BLOCK_a_1c,BLOCK_SPACE_a,"{""pd_incharge"": ""PD_0""}"
,,NONE,HOLD,PD_2,BLOCK_a_1c,"{""pd_incharge"": ""PD_0""}"
,,NONE,SUBSET,BLOCK_a_1d,BLOCK_SPACE_a,"{""pd_incharge"": ""PD_0""}"
,,NONE,HOLD,PD_2,BLOCK_a_1d,"{""pd_incharge"": ""PD_0""}"
,,NONE,SUBSET,BLOCK_a_1e,BLOCK_SPACE_a,"{""pd_incharge"": ""PD_0""}"
,,NONE,HOLD,PD_2,BLOCK_a_1e,"{""pd_incharge"": ""PD_0""}"
,,NONE,SUBSET,BLOCK_a_1f,BLOCK_SPACE_a,"{""pd_incharge"": ""PD_0""}"
,,NONE,HOLD,PD_2,BLOCK_a_1f,"{""pd_incharge"": ""PD_0""}"
,,NONE,SUBSET,BLOCK_a_20,BLOCK_SPACE_a,"{""pd_incharge"": ""PD_0""}"
,,NONE,HOLD,PD_2,BLOCK_a_20,"{""pd_incharge"": ""PD_0""}"
,,NONE,SUBSET,BLOCK_a_21,BLOCK_SPACE_a,"{""pd_incharge"": ""PD_0""}"
,,NONE,HOLD,PD_2,BLOCK_a_21,"{""pd_incharge"": ""PD_0""}"
,,NONE,SUBSET,BLOCK_a_22,BLOCK_SPACE_a,"{""pd_incharge"": ""PD_0""}"
,,NONE,HOLD,PD_2,BLOCK_a_22,"{""pd_incharge"": ""PD_0""}"
,,NONE,SUBSET,BLOCK_a_23,BLOCK_SPACE_a,"{""pd_incharge"": ""PD_0""}"
,,NONE,HOLD,PD_2,BLOCK_a_23,"{""pd_incharge"": ""PD_0""}"
,,NONE,SUBSET,BLOCK_a_24,BLOCK_SPACE_a,"{""pd_incharge"": ""PD_0""}"
,,NONE,HOLD,PD_2,BLOCK_a_24,"{""pd_incharge"": ""PD_0""}"
,,NONE,SUBSET,BLOCK_a_25,BLOCK_SPACE_a,"{""pd_incharge"": ""PD_0""}"
,,NONE,HOLD,PD_2,BLOCK_a_25,"{""pd_incharge"": ""PD_0""}"
,,NONE,SUBSET,BLOCK_a_26,BLOCK_SPACE_a,"{""pd_incharge"": ""PD_0""}"
,,NONE,HOLD,PD_2,BLOCK_a_26,"{""pd_incharge"": ""PD_0""}"
,,NONE,SUBSET,BLOCK_a_27,BLOCK_SPACE_a,"{""pd_incharge"": ""PD_0""}"
,,NONE,HOLD,PD_2,BLOCK_a_27,"{""pd_incharge"": ""PD_0""}"
,,NONE,SUBSET,BLOCK_a_28,BLOCK_SPACE_a,"{""pd_incharge"": ""PD_0""}"
,,NONE,HOLD,PD_2,BLOCK_a_28,"{""pd_incharge"": ""PD_0""}"
,,NONE,SUBSET,BLOCK_a_29,BLOCK_SPACE_a,"{""pd_incharge"": ""PD_0""}"
,,NONE,HOLD,PD_2,BLOCK_a_29,"{""pd_incharge"": ""PD_0""}"
,,NONE,SUBSET,BLOCK_a_2a,BLOCK_SPACE_a,"{""pd_incharge"": ""PD_0""}"
,,NONE,HOLD,PD_2,BLOCK_a_2a,"{""pd_incharge"": ""PD_0""}"
,,NONE,SUBSET,BLOCK_a_2b,BLOCK_SPACE_a,"{""pd_incharge"": ""PD_0""}"
,,NONE,HOLD,PD_2,BLOCK_a_2b,"{""pd_incharge"": ""PD_0""}"
,,NONE,SUBSET,BLOCK_a_2c,BLOCK_SPACE_a,"{""pd_incharge"": ""PD_0""}"
,,NONE,HOLD,PD_2,BLOCK_a_2c,"{""pd_incharge"": ""PD_0""}"
,,NONE,SUBSET,BLOCK_a_2d,BLOCK_SPACE_a,"{""pd_incharge"": ""PD_0""}"
,,NONE,HOLD,PD_2,BLOCK_a_2d,"{""pd_incharge"": ""PD_0""}"
,,NONE,SUBSET,BLOCK_a_2e,BLOCK_SPACE_a,"{""pd_incharge"": ""PD_0""}"
,,NONE,HOLD,PD_2,BLOCK_a_2e,"{""pd_incharge"": ""PD_0""}"
,,NONE,SUBSET,BLOCK_a_2f,BLOCK_SPACE_a,"{""pd_incharge"": ""PD_0""}"
,,NONE,HOLD,PD_2,BLOCK_a_2f,"{""pd_incharge"": ""PD_0""}"
,,NONE,SUBSET,BLOCK_a_30,BLOCK_SPACE_a,"{""pd_incharge"": ""PD_0""}"
,,NONE,HOLD,PD_2,BLOCK_a_30,"{""pd_incharge"": ""PD_0""}"
,,NONE,SUBSET,BLOCK_a_31,BLOCK_SPACE_a,"{""pd_incharge"": ""PD_0""}"
,,NONE,HOLD,PD_2,BLOCK_a_31,"{""pd_incharge"": ""PD_0""}"
,,NONE,SUBSET,BLOCK_a_32,BLOCK_SPACE_a,"{""pd_incharge"": ""PD_0""}"
,,NONE,HOLD,PD_2,BLOCK_a_32,"{""pd_incharge"": ""PD_0""}"
,,NONE,SUBSET,BLOCK_a_33,BLOCK_SPACE_a,"{""pd_incharge"": ""PD_0""}"
,,NONE,HOLD,PD_2,BLOCK_a_33,"{""pd_incharge"": ""PD_0""}"
,,NONE,SUBSET,BLOCK_a_34,BLOCK_SPACE_a,"{""pd_incharge"": ""PD_0""}"
,,NONE,HOLD,PD_2,BLOCK_a_34,"{""pd_incharge"": ""PD_0""}"
,,NONE,SUBSET,BLOCK_a_35,BLOCK_SPACE_a,"{""pd_incharge"": ""PD_0""}"
,,NONE,HOLD,PD_2,BLOCK_a_35,"{""pd_incharge"": ""PD_0""}"
,,NONE,SUBSET,BLOCK_a_36,BLOCK_SPACE_a,"{""pd_incharge"": ""PD_0""}"
,,NONE,HOLD,PD_2,BLOCK_a_36,"{""pd_incharge"": ""PD_0""}"
,,NONE,SUBSET,BLOCK_a_37,BLOCK_SPACE_a,"{""pd_incharge"": ""PD_0""}"
,,NONE,HOLD,PD_2,BLOCK_a_37,"{""pd_incharge"": ""PD_0""}"
,,NONE,SUBSET,BLOCK_a_38,BLOCK_SPACE_a,"{""pd_incharge"": ""PD_0""}"
,,NONE,HOLD,PD_2,BLOCK_a_38,"{""pd_incharge"": ""PD_0""}"
,,NONE,SUBSET,BLOCK_a_39,BLOCK_SPACE_a,"{""pd_incharge"": ""PD_0""}"
,,NONE,HOLD,PD_2,BLOCK_a_39,"{""pd_incharge"": ""PD_0""}"
,,NONE,SUBSET,BLOCK_a_3a,BLOCK_SPACE_a,"{""pd_incharge"": ""PD_0""}"
,,NONE,HOLD,PD_2,BLOCK_a_3a,"{""pd_incharge"": ""PD_0""}"
,,NONE,SUBSET,BLOCK_a_3b,BLOCK_SPACE_a,"{""pd_incharge"": ""PD_0""}"
,,NONE,HOLD,PD_2,BLOCK_a_3b,"{""pd_incharge"": ""PD_0""}"
,,NONE,SUBSET,BLOCK_a_3c,BLOCK_SPACE_a,"{""pd_incharge"": ""PD_0""}"
,,NONE,HOLD,PD_2,BLOCK_a_3c,"{""pd_incharge"": ""PD_0""}"
,,NONE,SUBSET,BLOCK_a_3d,BLOCK_SPACE_a,"{""pd_incharge"": ""PD_0""}"
,,NONE,HOLD,PD_2,BLOCK_a_3d,"{""pd_incharge"": ""PD_0""}"
,,NONE,SUBSET,BLOCK_a_3e,BLOCK_SPACE_a,"{""pd_incharge"": ""PD_0""}"
,,NONE,HOLD,PD_2,BLOCK_a_3e,"{""pd_incharge"": ""PD_0""}"
,,NONE,SUBSET,BLOCK_a_3f,BLOCK_SPACE_a,"{""pd_incharge"": ""PD_0""}"
,,NONE,HOLD,PD_2,BLOCK_a_3f,"{""pd_incharge"": ""PD_0""}"
,,NONE,SUBSET,BLOCK_a_40,BLOCK_SPACE_a,"{""pd_incharge"": ""PD_0""}"
,,NONE,HOLD,PD_2,BLOCK_a_40,"{""pd_incharge"": ""PD_0""}"
,,NONE,SUBSET,BLOCK_a_41,BLOCK_SPACE_a,"{""pd_incharge"": ""PD_0""}"
,,NONE,HOLD,PD_2,BLOCK_a_41,"{""pd_incharge"": ""PD_0""}"
,,NONE,SUBSET,BLOCK_a_42,BLOCK_SPACE_a,"{""pd_incharge"": ""PD_0""}"
,,NONE,HOLD,PD_2,BLOCK_a_42,"{""pd_incharge"": ""PD_0""}"
,,NONE,SUBSET,BLOCK_a_43,BLOCK_SPACE_a,"{""pd_incharge"": ""PD_0""}"
,,NONE,HOLD,PD_2,BLOCK_a_43,"{""pd_incharge"": ""PD_0""}"
,,NONE,SUBSET,BLOCK_a_44,BLOCK_SPACE_a,"{""pd_incharge"": ""PD_0""}"
,,NONE,HOLD,PD_2,BLOCK_a_44,"{""pd_incharge"": ""PD_0""}"
,,NONE,SUBSET,BLOCK_a_45,BLOCK_SPACE_a,"{""pd_incharge"": ""PD_0""}"
,,NONE,HOLD,PD_2,BLOCK_a_45,"{""pd_incharge"": ""PD_0""}"
,,NONE,SUBSET,BLOCK_a_46,BLOCK_SPACE_a,"{""pd_incharge"": ""PD_0""}"
,,NONE,HOLD,PD_2,BLOCK_a_46,"{""pd_incharge"": ""PD_0""}"
,,NONE,SUBSET,BLOCK_a_47,BLOCK_SPACE_a,"{""pd_incharge"": ""PD_0""}"
,,NONE,HOLD,PD_2,BLOCK_a_47,"{""pd_incharge"": ""PD_0""}"
,,NONE,SUBSET,BLOCK_a_48,BLOCK_SPACE_a,"{""pd_incharge"": ""PD_0""}"
,,NONE,HOLD,PD_2,BLOCK_a_48,"{""pd_incharge"": ""PD_0""}"
,,NONE,SUBSET,BLOCK_a_49,BLOCK_SPACE_a,"{""pd_incharge"": ""PD_0""}"
,,NONE,HOLD,PD_2,BLOCK_a_49,"{""pd_incharge"": ""PD_0""}"
,,NONE,SUBSET,BLOCK_a_4a,BLOCK_SPACE_a,"{""pd_incharge"": ""PD_0""}"
,,NONE,HOLD,PD_2,BLOCK_a_4a,"{""pd_incharge"": ""PD_0""}"
,,NONE,SUBSET,BLOCK_a_4b,BLOCK_SPACE_a,"{""pd_incharge"": ""PD_0""}"
,,NONE,HOLD,PD_2,BLOCK_a_4b,"{""pd_incharge"": ""PD_0""}"
,,NONE,SUBSET,BLOCK_a_4c,BLOCK_SPACE_a,"{""pd_incharge"": ""PD_0""}"
,,NONE,HOLD,PD_2,BLOCK_a_4c,"{""pd_incharge"": ""PD_0""}"
,,NONE,SUBSET,BLOCK_a_4d,BLOCK_SPACE_a,"{""pd_incharge"": ""PD_0""}"
,,NONE,HOLD,PD_2,BLOCK_a_4d,"{""pd_incharge"": ""PD_0""}"
,,NONE,SUBSET,BLOCK_a_4e,BLOCK_SPACE_a,"{""pd_incharge"": ""PD_0""}"
,,NONE,HOLD,PD_2,BLOCK_a_4e,"{""pd_incharge"": ""PD_0""}"
,,NONE,SUBSET,BLOCK_a_4f,BLOCK_SPACE_a,"{""pd_incharge"": ""PD_0""}"
,,NONE,HOLD,PD_2,BLOCK_a_4f,"{""pd_incharge"": ""PD_0""}"
,,NONE,SUBSET,BLOCK_a_50,BLOCK_SPACE_a,"{""pd_incharge"": ""PD_0""}"
,,NONE,HOLD,PD_2,BLOCK_a_50,"{""pd_incharge"": ""PD_0""}"
,,NONE,SUBSET,BLOCK_a_51,BLOCK_SPACE_a,"{""pd_incharge"": ""PD_0""}"
,,NONE,HOLD,PD_2,BLOCK_a_51,"{""pd_incharge"": ""PD_0""}"
,,NONE,SUBSET,BLOCK_a_52,BLOCK_SPACE_a,"{""pd_incharge"": ""PD_0""}"
,,NONE,HOLD,PD_2,BLOCK_a_52,"{""pd_incharge"": ""PD_0""}"
,,NONE,SUBSET,BLOCK_a_53,BLOCK_SPACE_a,"{""pd_incharge"": ""PD_0""}"
,,NONE,HOLD,PD_2,BLOCK_a_53,"{""pd_incharge"": ""PD_0""}"
,,NONE,SUBSET,BLOCK_a_54,BLOCK_SPACE_a,"{""pd_incharge"": ""PD_0""}"
,,NONE,HOLD,PD_2,BLOCK_a_54,"{""pd_incharge"": ""PD_0""}"
,,NONE,SUBSET,BLOCK_a_55,BLOCK_SPACE_a,"{""pd_incharge"": ""PD_0""}"
,,NONE,HOLD,PD_2,BLOCK_a_55,"{""pd_incharge"": ""PD_0""}"
,,NONE,SUBSET,BLOCK_a_56,BLOCK_SPACE_a,"{""pd_incharge"": ""PD_0""}"
,,NONE,HOLD,PD_2,BLOCK_a_56,"{""pd_incharge"": ""PD_0""}"
,,NONE,SUBSET,BLOCK_a_57,BLOCK_SPACE_a,"{""pd_incharge"": ""PD_0""}"
,,NONE,HOLD,PD_2,BLOCK_a_57,"{""pd_incharge"": ""PD_0""}"
,,NONE,SUBSET,BLOCK_a_58,BLOCK_SPACE_a,"{""pd_incharge"": ""PD_0""}"
,,NONE,HOLD,PD_2,BLOCK_a_58,"{""pd_incharge"": ""PD_0""}"
,,NONE,SUBSET,BLOCK_a_59,BLOCK_SPACE_a,"{""pd_incharge"": ""PD_0""}"
,,NONE,HOLD,PD_2,BLOCK_a_59,"{""pd_incharge"": ""PD_0""}"
,,NONE,SUBSET,BLOCK_a_5a,BLOCK_SPACE_a,"{""pd_incharge"": ""PD_0""}"
,,NONE,HOLD,PD_2,BLOCK_a_5a,"{""pd_incharge"": ""PD_0""}"
,,NONE,SUBSET,BLOCK_a_5b,BLOCK_SPACE_a,"{""pd_incharge"": ""PD_0""}"
,,NONE,HOLD,PD_2,BLOCK_a_5b,"{""pd_incharge"": ""PD_0""}"
,,NONE,SUBSET,BLOCK_a_5c,BLOCK_SPACE_a,"{""pd_incharge"": ""PD_0""}"
,,NONE,HOLD,PD_2,BLOCK_a_5c,"{""pd_incharge"": ""PD_0""}"
,,NONE,SUBSET,BLOCK_a_5d,BLOCK_SPACE_a,"{""pd_incharge"": ""PD_0""}"
,,NONE,HOLD,PD_2,BLOCK_a_5d,"{""pd_incharge"": ""PD_0""}"
,,NONE,SUBSET,BLOCK_a_5e,BLOCK_SPACE_a,"{""pd_incharge"": ""PD_0""}"
,,NONE,HOLD,PD_2,BLOCK_a_5e,"{""pd_incharge"": ""PD_0""}"
,,NONE,SUBSET,BLOCK_a_5f,BLOCK_SPACE_a,"{""pd_incharge"": ""PD_0""}"
,,NONE,HOLD,PD_2,BLOCK_a_5f,"{""pd_incharge"": ""PD_0""}"
,,NONE,SUBSET,BLOCK_a_60,BLOCK_SPACE_a,"{""pd_incharge"": ""PD_0""}"
,,NONE,HOLD,PD_2,BLOCK_a_60,"{""pd_incharge"": ""PD_0""}"
,,NONE,SUBSET,BLOCK_a_61,BLOCK_SPACE_a,"{""pd_incharge"": ""PD_0""}"
,,NONE,HOLD,PD_2,BLOCK_a_61,"{""pd_incharge"": ""PD_0""}"
,,NONE,SUBSET,BLOCK_a_62,BLOCK_SPACE_a,"{""pd_incharge"": ""PD_0""}"
,,NONE,HOLD,PD_2,BLOCK_a_62,"{""pd_incharge"": ""PD_0""}"
,,NONE,SUBSET,BLOCK_a_63,BLOCK_SPACE_a,"{""pd_incharge"": ""PD_0""}"
,,NONE,HOLD,PD_2,BLOCK_a_63,"{""pd_incharge"": ""PD_0""}"
,,NONE,SUBSET,BLOCK_a_64,BLOCK_SPACE_a,"{""pd_incharge"": ""PD_0""}"
,,NONE,HOLD,PD_2,BLOCK_a_64,"{""pd_incharge"": ""PD_0""}"
,,NONE,SUBSET,BLOCK_a_65,BLOCK_SPACE_a,"{""pd_incharge"": ""PD_0""}"
,,NONE,HOLD,PD_2,BLOCK_a_65,"{""pd_incharge"": ""PD_0""}"
,,NONE,SUBSET,BLOCK_a_66,BLOCK_SPACE_a,"{""pd_incharge"": ""PD_0""}"
,,NONE,HOLD,PD_2,BLOCK_a_66,"{""pd_incharge"": ""PD_0""}"
,,NONE,SUBSET,BLOCK_a_67,BLOCK_SPACE_a,"{""pd_incharge"": ""PD_0""}"
,,NONE,HOLD,PD_2,BLOCK_a_67,"{""pd_incharge"": ""PD_0""}"
,,NONE,SUBSET,BLOCK_a_68,BLOCK_SPACE_a,"{""pd_incharge"": ""PD_0""}"
,,NONE,HOLD,PD_2,BLOCK_a_68,"{""pd_incharge"": ""PD_0""}"
,,NONE,SUBSET,BLOCK_a_69,BLOCK_SPACE_a,"{""pd_incharge"": ""PD_0""}"
,,NONE,HOLD,PD_2,BLOCK_a_69,"{""pd_incharge"": ""PD_0""}"
,,NONE,SUBSET,BLOCK_a_6a,BLOCK_SPACE_a,"{""pd_incharge"": ""PD_0""}"
,,NONE,HOLD,PD_2,BLOCK_a_6a,"{""pd_incharge"": ""PD_0""}"
,,NONE,SUBSET,BLOCK_a_6b,BLOCK_SPACE_a,"{""pd_incharge"": ""PD_0""}"
,,NONE,HOLD,PD_2,BLOCK_a_6b,"{""pd_incharge"": ""PD_0""}"
,,NONE,SUBSET,BLOCK_a_6c,BLOCK_SPACE_a,"{""pd_incharge"": ""PD_0""}"
,,NONE,HOLD,PD_2,BLOCK_a_6c,"{""pd_incharge"": ""PD_0""}"
,,NONE,SUBSET,BLOCK_a_6d,BLOCK_SPACE_a,"{""pd_incharge"": ""PD_0""}"
,,NONE,HOLD,PD_2,BLOCK_a_6d,"{""pd_incharge"": ""PD_0""}"
,,NONE,SUBSET,BLOCK_a_6e,BLOCK_SPACE_a,"{""pd_incharge"": ""PD_0""}"
,,NONE,HOLD,PD_2,BLOCK_a_6e,"{""pd_incharge"": ""PD_0""}"
,,NONE,SUBSET,BLOCK_a_6f,BLOCK_SPACE_a,"{""pd_incharge"": ""PD_0""}"
,,NONE,HOLD,PD_2,BLOCK_a_6f,"{""pd_incharge"": ""PD_0""}"
,,NONE,SUBSET,BLOCK_a_70,BLOCK_SPACE_a,"{""pd_incharge"": ""PD_0""}"
,,NONE,HOLD,PD_2,BLOCK_a_70,"{""pd_incharge"": ""PD_0""}"
,,NONE,SUBSET,BLOCK_a_71,BLOCK_SPACE_a,"{""pd_incharge"": ""PD_0""}"
,,NONE,HOLD,PD_2,BLOCK_a_71,"{""pd_incharge"": ""PD_0""}"
,,NONE,SUBSET,BLOCK_a_72,BLOCK_SPACE_a,"{""pd_incharge"": ""PD_0""}"
,,NONE,HOLD,PD_2,BLOCK_a_72,"{""pd_incharge"": ""PD_0""}"
,,NONE,SUBSET,BLOCK_a_73,BLOCK_SPACE_a,"{""pd_incharge"": ""PD_0""}"
,,NONE,HOLD,PD_2,BLOCK_a_73,"{""pd_incharge"": ""PD_0""}"
,,NONE,SUBSET,BLOCK_a_74,BLOCK_SPACE_a,"{""pd_incharge"": ""PD_0""}"
,,NONE,HOLD,PD_2,BLOCK_a_74,"{""pd_incharge"": ""PD_0""}"
,,NONE,SUBSET,BLOCK_a_75,BLOCK_SPACE_a,"{""pd_incharge"": ""PD_0""}"
,,NONE,HOLD,PD_2,BLOCK_a_75,"{""pd_incharge"": ""PD_0""}"
,,NONE,SUBSET,BLOCK_a_76,BLOCK_SPACE_a,"{""pd_incharge"": ""PD_0""}"
,,NONE,HOLD,PD_2,BLOCK_a_76,"{""pd_incharge"": ""PD_0""}"
,,NONE,SUBSET,BLOCK_a_77,BLOCK_SPACE_a,"{""pd_incharge"": ""PD_0""}"
,,NONE,HOLD,PD_2,BLOCK_a_77,"{""pd_incharge"": ""PD_0""}"
,,NONE,SUBSET,BLOCK_a_78,BLOCK_SPACE_a,"{""pd_incharge"": ""PD_0""}"
,,NONE,HOLD,PD_2,BLOCK_a_78,"{""pd_incharge"": ""PD_0""}"
,,NONE,SUBSET,BLOCK_a_79,BLOCK_SPACE_a,"{""pd_incharge"": ""PD_0""}"
,,NONE,HOLD,PD_2,BLOCK_a_79,"{""pd_incharge"": ""PD_0""}"
,,NONE,SUBSET,BLOCK_a_7a,BLOCK_SPACE_a,"{""pd_incharge"": ""PD_0""}"
,,NONE,HOLD,PD_2,BLOCK_a_7a,"{""pd_incharge"": ""PD_0""}"
,,NONE,SUBSET,BLOCK_a_7b,BLOCK_SPACE_a,"{""pd_incharge"": ""PD_0""}"
,,NONE,HOLD,PD_2,BLOCK_a_7b,"{""pd_incharge"": ""PD_0""}"
,,NONE,SUBSET,BLOCK_a_7c,BLOCK_SPACE_a,"{""pd_incharge"": ""PD_0""}"
,,NONE,HOLD,PD_2,BLOCK_a_7c,"{""pd_incharge"": ""PD_0""}"
,,NONE,SUBSET,BLOCK_a_7d,BLOCK_SPACE_a,"{""pd_incharge"": ""PD_0""}"
,,NONE,HOLD,PD_2,BLOCK_a_7d,"{""pd_incharge"": ""PD_0""}"
,,NONE,SUBSET,BLOCK_a_7e,BLOCK_SPACE_a,"{""pd_incharge"": ""PD_0""}"
,,NONE,HOLD,PD_2,BLOCK_a_7e,"{""pd_incharge"": ""PD_0""}"
,,NONE,SUBSET,BLOCK_a_7f,BLOCK_SPACE_a,"{""pd_incharge"": ""PD_0""}"
,,NONE,HOLD,PD_2,BLOCK_a_7f,"{""pd_incharge"": ""PD_0""}"
,,NONE,SUBSET,BLOCK_a_80,BLOCK_SPACE_a,"{""pd_incharge"": ""PD_0""}"
,,NONE,HOLD,PD_2,BLOCK_a_80,"{""pd_incharge"": ""PD_0""}"
,,NONE,SUBSET,BLOCK_a_81,BLOCK_SPACE_a,"{""pd_incharge"": ""PD_0""}"
,,NONE,HOLD,PD_2,BLOCK_a_81,"{""pd_incharge"": ""PD_0""}"
,,NONE,SUBSET,BLOCK_a_82,BLOCK_SPACE_a,"{""pd_incharge"": ""PD_0""}"
,,NONE,HOLD,PD_2,BLOCK_a_82,"{""pd_incharge"": ""PD_0""}"
,,NONE,SUBSET,BLOCK_a_83,BLOCK_SPACE_a,"{""pd_incharge"": ""PD_0""}"
,,NONE,HOLD,PD_2,BLOCK_a_83,"{""pd_incharge"": ""PD_0""}"
,,NONE,SUBSET,BLOCK_a_84,BLOCK_SPACE_a,"{""pd_incharge"": ""PD_0""}"
,,NONE,HOLD,PD_2,BLOCK_a_84,"{""pd_incharge"": ""PD_0""}"
,,NONE,SUBSET,BLOCK_a_85,BLOCK_SPACE_a,"{""pd_incharge"": ""PD_0""}"
,,NONE,HOLD,PD_2,BLOCK_a_85,"{""pd_incharge"": ""PD_0""}"
,,NONE,SUBSET,BLOCK_a_86,BLOCK_SPACE_a,"{""pd_incharge"": ""PD_0""}"
,,NONE,HOLD,PD_2,BLOCK_a_86,"{""pd_incharge"": ""PD_0""}"
,,NONE,SUBSET,BLOCK_a_87,BLOCK_SPACE_a,"{""pd_incharge"": ""PD_0""}"
,,NONE,HOLD,PD_2,BLOCK_a_87,"{""pd_incharge"": ""PD_0""}"
,,NONE,SUBSET,BLOCK_a_88,BLOCK_SPACE_a,"{""pd_incharge"": ""PD_0""}"
,,NONE,HOLD,PD_2,BLOCK_a_88,"{""pd_incharge"": ""PD_0""}"
,,NONE,SUBSET,BLOCK_a_89,BLOCK_SPACE_a,"{""pd_incharge"": ""PD_0""}"
,,NONE,HOLD,PD_2,BLOCK_a_89,"{""pd_incharge"": ""PD_0""}"
,,NONE,SUBSET,BLOCK_a_8a,BLOCK_SPACE_a,"{""pd_incharge"": ""PD_0""}"
,,NONE,HOLD,PD_2,BLOCK_a_8a,"{""pd_incharge"": ""PD_0""}"
,,NONE,SUBSET,BLOCK_a_8b,BLOCK_SPACE_a,"{""pd_incharge"": ""PD_0""}"
,,NONE,HOLD,PD_2,BLOCK_a_8b,"{""pd_incharge"": ""PD_0""}"
,,NONE,SUBSET,BLOCK_a_8c,BLOCK_SPACE_a,"{""pd_incharge"": ""PD_0""}"
,,NONE,HOLD,PD_2,BLOCK_a_8c,"{""pd_incharge"": ""PD_0""}"
,,NONE,SUBSET,BLOCK_a_8d,BLOCK_SPACE_a,"{""pd_incharge"": ""PD_0""}"
,,NONE,HOLD,PD_2,BLOCK_a_8d,"{""pd_incharge"": ""PD_0""}"
,,NONE,SUBSET,BLOCK_a_8e,BLOCK_SPACE_a,"{""pd_incharge"": ""PD_0""}"
,,NONE,HOLD,PD_2,BLOCK_a_8e,"{""pd_incharge"": ""PD_0""}"
,,NONE,SUBSET,BLOCK_a_8f,BLOCK_SPACE_a,"{""pd_incharge"": ""PD_0""}"
,,NONE,HOLD,PD_2,BLOCK_a_8f,"{""pd_incharge"": ""PD_0""}"
,,NONE,SUBSET,BLOCK_a_90,BLOCK_SPACE_a,"{""pd_incharge"": ""PD_0""}"
,,NONE,HOLD,PD_2,BLOCK_a_90,"{""pd_incharge"": ""PD_0""}"
,,NONE,SUBSET,BLOCK_a_91,BLOCK_SPACE_a,"{""pd_incharge"": ""PD_0""}"
,,NONE,HOLD,PD_2,BLOCK_a_91,"{""pd_incharge"": ""PD_0""}"
,,NONE,SUBSET,BLOCK_a_92,BLOCK_SPACE_a,"{""pd_incharge"": ""PD_0""}"
,,NONE,HOLD,PD_2,BLOCK_a_92,"{""pd_incharge"": ""PD_0""}"
,,NONE,SUBSET,BLOCK_a_93,BLOCK_SPACE_a,"{""pd_incharge"": ""PD_0""}"
,,NONE,HOLD,PD_2,BLOCK_a_93,"{""pd_incharge"": ""PD_0""}"
,,NONE,SUBSET,BLOCK_a_94,BLOCK_SPACE_a,"{""pd_incharge"": ""PD_0""}"
,,NONE,HOLD,PD_2,BLOCK_a_94,"{""pd_incharge"": ""PD_0""}"
,,NONE,SUBSET,BLOCK_a_95,BLOCK_SPACE_a,"{""pd_incharge"": ""PD_0""}"
,,NONE,HOLD,PD_2,BLOCK_a_95,"{""pd_incharge"": ""PD_0""}"
,,NONE,SUBSET,BLOCK_a_96,BLOCK_SPACE_a,"{""pd_incharge"": ""PD_0""}"
,,NONE,HOLD,PD_2,BLOCK_a_96,"{""pd_incharge"": ""PD_0""}"
,,NONE,SUBSET,BLOCK_a_97,BLOCK_SPACE_a,"{""pd_incharge"": ""PD_0""}"
,,NONE,HOLD,PD_2,BLOCK_a_97,"{""pd_incharge"": ""PD_0""}"
,,NONE,SUBSET,BLOCK_a_98,BLOCK_SPACE_a,"{""pd_incharge"": ""PD_0""}"
,,NONE,HOLD,PD_2,BLOCK_a_98,"{""pd_incharge"": ""PD_0""}"
,,NONE,SUBSET,BLOCK_a_99,BLOCK_SPACE_a,"{""pd_incharge"": ""PD_0""}"
,,NONE,HOLD,PD_2,BLOCK_a_99,"{""pd_incharge"": ""PD_0""}"
,,NONE,SUBSET,BLOCK_a_9a,BLOCK_SPACE_a,"{""pd_incharge"": ""PD_0""}"
,,NONE,HOLD,PD_2,BLOCK_a_9a,"{""pd_incharge"": ""PD_0""}"
,,NONE,SUBSET,BLOCK_a_9b,BLOCK_SPACE_a,"{""pd_incharge"": ""PD_0""}"
,,NONE,HOLD,PD_2,BLOCK_a_9b,"{""pd_incharge"": ""PD_0""}"
,,NONE,SUBSET,BLOCK_a_9c,BLOCK_SPACE_a,"{""pd_incharge"": ""PD_0""}"
,,NONE,HOLD,PD_2,BLOCK_a_9c,"{""pd_incharge"": ""PD_0""}"
,,NONE,SUBSET,BLOCK_a_9d,BLOCK_SPACE_a,"{""pd_incharge"": ""PD_0""}"
,,NONE,HOLD,PD_2,BLOCK_a_9d,"{""pd_incharge"": ""PD_0""}"
,,NONE,SUBSET,BLOCK_a_9e,BLOCK_SPACE_a,"{""pd_incharge"": ""PD_0""}"
,,NONE,HOLD,PD_2,BLOCK_a_9e,"{""pd_incharge"": ""PD_0""}"
,,NONE,SUBSET,BLOCK_a_9f,BLOCK_SPACE_a,"{""pd_incharge"": ""PD_0""}"
,,NONE,HOLD,PD_2,BLOCK_a_9f,"{""pd_incharge"": ""PD_0""}"
,,NONE,SUBSET,BLOCK_a_a0,BLOCK_SPACE_a,"{""pd_incharge"": ""PD_0""}"
,,NONE,HOLD,PD_2,BLOCK_a_a0,"{""pd_incharge"": ""PD_0""}"
,,NONE,SUBSET,BLOCK_a_a1,BLOCK_SPACE_a,"{""pd_incharge"": ""PD_0""}"
,,NONE,HOLD,PD_2,BLOCK_a_a1,"{""pd_incharge"": ""PD_0""}"
,,NONE,SUBSET,BLOCK_a_a2,BLOCK_SPACE_a,"{""pd_incharge"": ""PD_0""}"
,,NONE,HOLD,PD_2,BLOCK_a_a2,"{""pd_incharge"": ""PD_0""}"
,,NONE,SUBSET,BLOCK_a_a3,BLOCK_SPACE_a,"{""pd_incharge"": ""PD_0""}"
,,NONE,HOLD,PD_2,BLOCK_a_a3,"{""pd_incharge"": ""PD_0""}"
,,NONE,SUBSET,BLOCK_a_a4,BLOCK_SPACE_a,"{""pd_incharge"": ""PD_0""}"
,,NONE,HOLD,PD_2,BLOCK_a_a4,"{""pd_incharge"": ""PD_0""}"
,,NONE,SUBSET,BLOCK_a_a5,BLOCK_SPACE_a,"{""pd_incharge"": ""PD_0""}"
,,NONE,HOLD,PD_2,BLOCK_a_a5,"{""pd_incharge"": ""PD_0""}"
,,NONE,SUBSET,BLOCK_a_a6,BLOCK_SPACE_a,"{""pd_incharge"": ""PD_0""}"
,,NONE,HOLD,PD_2,BLOCK_a_a6,"{""pd_incharge"": ""PD_0""}"
,,NONE,SUBSET,BLOCK_a_a7,BLOCK_SPACE_a,"{""pd_incharge"": ""PD_0""}"
,,NONE,HOLD,PD_2,BLOCK_a_a7,"{""pd_incharge"": ""PD_0""}"
,,NONE,SUBSET,BLOCK_a_a8,BLOCK_SPACE_a,"{""pd_incharge"": ""PD_0""}"
,,NONE,HOLD,PD_2,BLOCK_a_a8,"{""pd_incharge"": ""PD_0""}"
,,NONE,SUBSET,BLOCK_a_a9,BLOCK_SPACE_a,"{""pd_incharge"": ""PD_0""}"
,,NONE,HOLD,PD_2,BLOCK_a_a9,"{""pd_incharge"": ""PD_0""}"
,,NONE,SUBSET,BLOCK_a_aa,BLOCK_SPACE_a,"{""pd_incharge"": ""PD_0""}"
,,NONE,HOLD,PD_2,BLOCK_a_aa,"{""pd_incharge"": ""PD_0""}"
,,NONE,SUBSET,BLOCK_a_ab,BLOCK_SPACE_a,"{""pd_incharge"": ""PD_0""}"
,,NONE,HOLD,PD_2,BLOCK_a_ab,"{""pd_incharge"": ""PD_0""}"
,,NONE,SUBSET,BLOCK_a_ac,BLOCK_SPACE_a,"{""pd_incharge"": ""PD_0""}"
,,NONE,HOLD,PD_2,BLOCK_a_ac,"{""pd_incharge"": ""PD_0""}"
,,NONE,SUBSET,BLOCK_a_ad,BLOCK_SPACE_a,"{""pd_incharge"": ""PD_0""}"
,,NONE,HOLD,PD_2,BLOCK_a_ad,"{""pd_incharge"": ""PD_0""}"
,,NONE,SUBSET,BLOCK_a_ae,BLOCK_SPACE_a,"{""pd_incharge"": ""PD_0""}"
,,NONE,HOLD,PD_2,BLOCK_a_ae,"{""pd_incharge"": ""PD_0""}"
,,NONE,SUBSET,BLOCK_a_af,BLOCK_SPACE_a,"{""pd_incharge"": ""PD_0""}"
,,NONE,HOLD,PD_2,BLOCK_a_af,"{""pd_incharge"": ""PD_0""}"
,,NONE,SUBSET,BLOCK_a_b0,BLOCK_SPACE_a,"{""pd_incharge"": ""PD_0""}"
,,NONE,HOLD,PD_2,BLOCK_a_b0,"{""pd_incharge"": ""PD_0""}"
,,NONE,SUBSET,BLOCK_a_b1,BLOCK_SPACE_a,"{""pd_incharge"": ""PD_0""}"
,,NONE,HOLD,PD_2,BLOCK_a_b1,"{""pd_incharge"": ""PD_0""}"
,,NONE,SUBSET,BLOCK_a_b2,BLOCK_SPACE_a,"{""pd_incharge"": ""PD_0""}"
,,NONE,HOLD,PD_2,BLOCK_a_b2,"{""pd_incharge"": ""PD_0""}"
,,NONE,SUBSET,BLOCK_a_b3,BLOCK_SPACE_a,"{""pd_incharge"": ""PD_0""}"
,,NONE,HOLD,PD_2,BLOCK_a_b3,"{""pd_incharge"": ""PD_0""}"
,,NONE,SUBSET,BLOCK_a_b4,BLOCK_SPACE_a,"{""pd_incharge"": ""PD_0""}"
,,NONE,HOLD,PD_2,BLOCK_a_b4,"{""pd_incharge"": ""PD_0""}"
,,NONE,SUBSET,BLOCK_a_b5,BLOCK_SPACE_a,"{""pd_incharge"": ""PD_0""}"
,,NONE,HOLD,PD_2,BLOCK_a_b5,"{""pd_incharge"": ""PD_0""}"
,,NONE,SUBSET,BLOCK_a_b6,BLOCK_SPACE_a,"{""pd_incharge"": ""PD_0""}"
,,NONE,HOLD,PD_2,BLOCK_a_b6,"{""pd_incharge"": ""PD_0""}"
,,NONE,SUBSET,BLOCK_a_b7,BLOCK_SPACE_a,"{""pd_incharge"": ""PD_0""}"
,,NONE,HOLD,PD_2,BLOCK_a_b7,"{""pd_incharge"": ""PD_0""}"
,,NONE,SUBSET,BLOCK_a_b8,BLOCK_SPACE_a,"{""pd_incharge"": ""PD_0""}"
,,NONE,HOLD,PD_2,BLOCK_a_b8,"{""pd_incharge"": ""PD_0""}"
,,NONE,SUBSET,BLOCK_a_b9,BLOCK_SPACE_a,"{""pd_incharge"": ""PD_0""}"
,,NONE,HOLD,PD_2,BLOCK_a_b9,"{""pd_incharge"": ""PD_0""}"
,,NONE,SUBSET,BLOCK_a_ba,BLOCK_SPACE_a,"{""pd_incharge"": ""PD_0""}"
,,NONE,HOLD,PD_2,BLOCK_a_ba,"{""pd_incharge"": ""PD_0""}"
,,NONE,SUBSET,BLOCK_a_bb,BLOCK_SPACE_a,"{""pd_incharge"": ""PD_0""}"
,,NONE,HOLD,PD_2,BLOCK_a_bb,"{""pd_incharge"": ""PD_0""}"
,,NONE,SUBSET,BLOCK_a_bc,BLOCK_SPACE_a,"{""pd_incharge"": ""PD_0""}"
,,NONE,HOLD,PD_2,BLOCK_a_bc,"{""pd_incharge"": ""PD_0""}"
,,NONE,SUBSET,BLOCK_a_bd,BLOCK_SPACE_a,"{""pd_incharge"": ""PD_0""}"
,,NONE,HOLD,PD_2,BLOCK_a_bd,"{""pd_incharge"": ""PD_0""}"
,,NONE,SUBSET,BLOCK_a_be,BLOCK_SPACE_a,"{""pd_incharge"": ""PD_0""}"
,,NONE,HOLD,PD_2,BLOCK_a_be,"{""pd_incharge"": ""PD_0""}"
,,NONE,SUBSET,BLOCK_a_bf,BLOCK_SPACE_a,"{""pd_incharge"": ""PD_0""}"
,,NONE,HOLD,PD_2,BLOCK_a_bf,"{""pd_incharge"": ""PD_0""}"
,,NONE,SUBSET,BLOCK_a_c0,BLOCK_SPACE_a,"{""pd_incharge"": ""PD_0""}"
,,NONE,HOLD,PD_2,BLOCK_a_c0,"{""pd_incharge"": ""PD_0""}"
,,NONE,SUBSET,BLOCK_a_c1,BLOCK_SPACE_a,"{""pd_incharge"": ""PD_0""}"
,,NONE,HOLD,PD_2,BLOCK_a_c1,"{""pd_incharge"": ""PD_0""}"
,,NONE,SUBSET,BLOCK_a_c2,BLOCK_SPACE_a,"{""pd_incharge"": ""PD_0""}"
,,NONE,HOLD,PD_2,BLOCK_a_c2,"{""pd_incharge"": ""PD_0""}"
,,NONE,SUBSET,BLOCK_a_c3,BLOCK_SPACE_a,"{""pd_incharge"": ""PD_0""}"
,,NONE,HOLD,PD_2,BLOCK_a_c3,"{""pd_incharge"": ""PD_0""}"
,,NONE,SUBSET,BLOCK_a_c4,BLOCK_SPACE_a,"{""pd_incharge"": ""PD_0""}"
,,NONE,HOLD,PD_2,BLOCK_a_c4,"{""pd_incharge"": ""PD_0""}"
,,NONE,SUBSET,BLOCK_a_c5,BLOCK_SPACE_a,"{""pd_incharge"": ""PD_0""}"
,,NONE,HOLD,PD_2,BLOCK_a_c5,"{""pd_incharge"": ""PD_0""}"
,,NONE,SUBSET,BLOCK_a_c6,BLOCK_SPACE_a,"{""pd_incharge"": ""PD_0""}"
,,NONE,HOLD,PD_2,BLOCK_a_c6,"{""pd_incharge"": ""PD_0""}"
,,NONE,SUBSET,BLOCK_a_c7,BLOCK_SPACE_a,"{""pd_incharge"": ""PD_0""}"
,,NONE,HOLD,PD_2,BLOCK_a_c7,"{""pd_incharge"": ""PD_0""}"
,,NONE,SUBSET,BLOCK_a_c8,BLOCK_SPACE_a,"{""pd_incharge"": ""PD_0""}"
,,NONE,HOLD,PD_2,BLOCK_a_c8,"{""pd_incharge"": ""PD_0""}"
,,NONE,SUBSET,BLOCK_a_c9,BLOCK_SPACE_a,"{""pd_incharge"": ""PD_0""}"
,,NONE,HOLD,PD_2,BLOCK_a_c9,"{""pd_incharge"": ""PD_0""}"
,,NONE,SUBSET,BLOCK_a_ca,BLOCK_SPACE_a,"{""pd_incharge"": ""PD_0""}"
,,NONE,HOLD,PD_2,BLOCK_a_ca,"{""pd_incharge"": ""PD_0""}"
,,NONE,SUBSET,BLOCK_a_cb,BLOCK_SPACE_a,"{""pd_incharge"": ""PD_0""}"
,,NONE,HOLD,PD_2,BLOCK_a_cb,"{""pd_incharge"": ""PD_0""}"
,,NONE,SUBSET,BLOCK_a_cc,BLOCK_SPACE_a,"{""pd_incharge"": ""PD_0""}"
,,NONE,HOLD,PD_2,BLOCK_a_cc,"{""pd_incharge"": ""PD_0""}"
,,NONE,SUBSET,BLOCK_a_cd,BLOCK_SPACE_a,"{""pd_incharge"": ""PD_0""}"
,,NONE,HOLD,PD_2,BLOCK_a_cd,"{""pd_incharge"": ""PD_0""}"
,,NONE,SUBSET,BLOCK_a_ce,BLOCK_SPACE_a,"{""pd_incharge"": ""PD_0""}"
,,NONE,HOLD,PD_2,BLOCK_a_ce,"{""pd_incharge"": ""PD_0""}"
,,NONE,SUBSET,BLOCK_a_cf,BLOCK_SPACE_a,"{""pd_incharge"": ""PD_0""}"
,,NONE,HOLD,PD_2,BLOCK_a_cf,"{""pd_incharge"": ""PD_0""}"
,,NONE,SUBSET,BLOCK_a_d0,BLOCK_SPACE_a,"{""pd_incharge"": ""PD_0""}"
,,NONE,HOLD,PD_2,BLOCK_a_d0,"{""pd_incharge"": ""PD_0""}"
,,NONE,SUBSET,BLOCK_a_d1,BLOCK_SPACE_a,"{""pd_incharge"": ""PD_0""}"
,,NONE,HOLD,PD_2,BLOCK_a_d1,"{""pd_incharge"": ""PD_0""}"
,,NONE,SUBSET,BLOCK_a_d2,BLOCK_SPACE_a,"{""pd_incharge"": ""PD_0""}"
,,NONE,HOLD,PD_2,BLOCK_a_d2,"{""pd_incharge"": ""PD_0""}"
,,NONE,SUBSET,BLOCK_a_d3,BLOCK_SPACE_a,"{""pd_incharge"": ""PD_0""}"
,,NONE,HOLD,PD_2,BLOCK_a_d3,"{""pd_incharge"": ""PD_0""}"
,,NONE,SUBSET,BLOCK_a_d4,BLOCK_SPACE_a,"{""pd_incharge"": ""PD_0""}"
,,NONE,HOLD,PD_2,BLOCK_a_d4,"{""pd_incharge"": ""PD_0""}"
,,NONE,SUBSET,BLOCK_a_d5,BLOCK_SPACE_a,"{""pd_incharge"": ""PD_0""}"
,,NONE,HOLD,PD_2,BLOCK_a_d5,"{""pd_incharge"": ""PD_0""}"
,,NONE,SUBSET,BLOCK_a_d6,BLOCK_SPACE_a,"{""pd_incharge"": ""PD_0""}"
,,NONE,HOLD,PD_2,BLOCK_a_d6,"{""pd_incharge"": ""PD_0""}"
,,NONE,SUBSET,BLOCK_a_d7,BLOCK_SPACE_a,"{""pd_incharge"": ""PD_0""}"
,,NONE,HOLD,PD_2,BLOCK_a_d7,"{""pd_incharge"": ""PD_0""}"
,,NONE,SUBSET,BLOCK_a_d8,BLOCK_SPACE_a,"{""pd_incharge"": ""PD_0""}"
,,NONE,HOLD,PD_2,BLOCK_a_d8,"{""pd_incharge"": ""PD_0""}"
,,NONE,SUBSET,BLOCK_a_d9,BLOCK_SPACE_a,"{""pd_incharge"": ""PD_0""}"
,,NONE,HOLD,PD_2,BLOCK_a_d9,"{""pd_incharge"": ""PD_0""}"
,,NONE,SUBSET,BLOCK_a_da,BLOCK_SPACE_a,"{""pd_incharge"": ""PD_0""}"
,,NONE,HOLD,PD_2,BLOCK_a_da,"{""pd_incharge"": ""PD_0""}"
,,NONE,SUBSET,BLOCK_a_db,BLOCK_SPACE_a,"{""pd_incharge"": ""PD_0""}"
,,NONE,HOLD,PD_2,BLOCK_a_db,"{""pd_incharge"": ""PD_0""}"
,,NONE,SUBSET,BLOCK_a_dc,BLOCK_SPACE_a,"{""pd_incharge"": ""PD_0""}"
,,NONE,HOLD,PD_2,BLOCK_a_dc,"{""pd_incharge"": ""PD_0""}"
,,NONE,SUBSET,BLOCK_a_dd,BLOCK_SPACE_a,"{""pd_incharge"": ""PD_0""}"
,,NONE,HOLD,PD_2,BLOCK_a_dd,"{""pd_incharge"": ""PD_0""}"
,,NONE,SUBSET,BLOCK_a_de,BLOCK_SPACE_a,"{""pd_incharge"": ""PD_0""}"
,,NONE,HOLD,PD_2,BLOCK_a_de,"{""pd_incharge"": ""PD_0""}"
,,NONE,SUBSET,BLOCK_a_df,BLOCK_SPACE_a,"{""pd_incharge"": ""PD_0""}"
,,NONE,HOLD,PD_2,BLOCK_a_df,"{""pd_incharge"": ""PD_0""}"
,,NONE,SUBSET,BLOCK_a_e0,BLOCK_SPACE_a,"{""pd_incharge"": ""PD_0""}"
,,NONE,HOLD,PD_2,BLOCK_a_e0,"{""pd_incharge"": ""PD_0""}"
,,NONE,SUBSET,BLOCK_a_e1,BLOCK_SPACE_a,"{""pd_incharge"": ""PD_0""}"
,,NONE,HOLD,PD_2,BLOCK_a_e1,"{""pd_incharge"": ""PD_0""}"
,,NONE,SUBSET,BLOCK_a_e2,BLOCK_SPACE_a,"{""pd_incharge"": ""PD_0""}"
,,NONE,HOLD,PD_2,BLOCK_a_e2,"{""pd_incharge"": ""PD_0""}"
,,NONE,SUBSET,BLOCK_a_e3,BLOCK_SPACE_a,"{""pd_incharge"": ""PD_0""}"
,,NONE,HOLD,PD_2,BLOCK_a_e3,"{""pd_incharge"": ""PD_0""}"
,,NONE,SUBSET,BLOCK_a_e4,BLOCK_SPACE_a,"{""pd_incharge"": ""PD_0""}"
,,NONE,HOLD,PD_2,BLOCK_a_e4,"{""pd_incharge"": ""PD_0""}"
,,NONE,SUBSET,BLOCK_a_e5,BLOCK_SPACE_a,"{""pd_incharge"": ""PD_0""}"
,,NONE,HOLD,PD_2,BLOCK_a_e5,"{""pd_incharge"": ""PD_0""}"
,,NONE,SUBSET,BLOCK_a_e6,BLOCK_SPACE_a,"{""pd_incharge"": ""PD_0""}"
,,NONE,HOLD,PD_2,BLOCK_a_e6,"{""pd_incharge"": ""PD_0""}"
,,NONE,SUBSET,BLOCK_a_e7,BLOCK_SPACE_a,"{""pd_incharge"": ""PD_0""}"
,,NONE,HOLD,PD_2,BLOCK_a_e7,"{""pd_incharge"": ""PD_0""}"
,,NONE,SUBSET,BLOCK_a_e8,BLOCK_SPACE_a,"{""pd_incharge"": ""PD_0""}"
,,NONE,HOLD,PD_2,BLOCK_a_e8,"{""pd_incharge"": ""PD_0""}"
,,NONE,SUBSET,BLOCK_a_e9,BLOCK_SPACE_a,"{""pd_incharge"": ""PD_0""}"
,,NONE,HOLD,PD_2,BLOCK_a_e9,"{""pd_incharge"": ""PD_0""}"
,,NONE,SUBSET,BLOCK_a_ea,BLOCK_SPACE_a,"{""pd_incharge"": ""PD_0""}"
,,NONE,HOLD,PD_2,BLOCK_a_ea,"{""pd_incharge"": ""PD_0""}"
,,NONE,SUBSET,BLOCK_a_eb,BLOCK_SPACE_a,"{""pd_incharge"": ""PD_0""}"
,,NONE,HOLD,PD_2,BLOCK_a_eb,"{""pd_incharge"": ""PD_0""}"
,,NONE,SUBSET,BLOCK_a_ec,BLOCK_SPACE_a,"{""pd_incharge"": ""PD_0""}"
,,NONE,HOLD,PD_2,BLOCK_a_ec,"{""pd_incharge"": ""PD_0""}"
,,NONE,SUBSET,BLOCK_a_ed,BLOCK_SPACE_a,"{""pd_incharge"": ""PD_0""}"
,,NONE,HOLD,PD_2,BLOCK_a_ed,"{""pd_incharge"": ""PD_0""}"
,,NONE,SUBSET,BLOCK_a_ee,BLOCK_SPACE_a,"{""pd_incharge"": ""PD_0""}"
,,NONE,HOLD,PD_2,BLOCK_a_ee,"{""pd_incharge"": ""PD_0""}"
,,NONE,SUBSET,BLOCK_a_ef,BLOCK_SPACE_a,"{""pd_incharge"": ""PD_0""}"
,,NONE,HOLD,PD_2,BLOCK_a_ef,"{""pd_incharge"": ""PD_0""}"
,,NONE,SUBSET,BLOCK_a_f0,BLOCK_SPACE_a,"{""pd_incharge"": ""PD_0""}"
,,NONE,HOLD,PD_2,BLOCK_a_f0,"{""pd_incharge"": ""PD_0""}"
,,NONE,SUBSET,BLOCK_a_f1,BLOCK_SPACE_a,"{""pd_incharge"": ""PD_0""}"
,,NONE,HOLD,PD_2,BLOCK_a_f1,"{""pd_incharge"": ""PD_0""}"
,,NONE,SUBSET,BLOCK_a_f2,BLOCK_SPACE_a,"{""pd_incharge"": ""PD_0""}"
,,NONE,HOLD,PD_2,BLOCK_a_f2,"{""pd_incharge"": ""PD_0""}"
,,NONE,SUBSET,BLOCK_a_f3,BLOCK_SPACE_a,"{""pd_incharge"": ""PD_0""}"
,,NONE,HOLD,PD_2,BLOCK_a_f3,"{""pd_incharge"": ""PD_0""}"
,,NONE,SUBSET,BLOCK_a_f4,BLOCK_SPACE_a,"{""pd_incharge"": ""PD_0""}"
,,NONE,HOLD,PD_2,BLOCK_a_f4,"{""pd_incharge"": ""PD_0""}"
,,NONE,SUBSET,BLOCK_a_f5,BLOCK_SPACE_a,"{""pd_incharge"": ""PD_0""}"
,,NONE,HOLD,PD_2,BLOCK_a_f5,"{""pd_incharge"": ""PD_0""}"
,,NONE,SUBSET,BLOCK_a_f6,BLOCK_SPACE_a,"{""pd_incharge"": ""PD_0""}"
,,NONE,HOLD,PD_2,BLOCK_a_f6,"{""pd_incharge"": ""PD_0""}"
,,NONE,SUBSET,BLOCK_a_f7,BLOCK_SPACE_a,"{""pd_incharge"": ""PD_0""}"
,,NONE,HOLD,PD_2,BLOCK_a_f7,"{""pd_incharge"": ""PD_0""}"
,,NONE,SUBSET,BLOCK_a_f8,BLOCK_SPACE_a,"{""pd_incharge"": ""PD_0""}"
,,NONE,HOLD,PD_2,BLOCK_a_f8,"{""pd_incharge"": ""PD_0""}"
,,NONE,SUBSET,BLOCK_a_f9,BLOCK_SPACE_a,"{""pd_incharge"": ""PD_0""}"
,,NONE,HOLD,PD_2,BLOCK_a_f9,"{""pd_incharge"": ""PD_0""}"
,,NONE,SUBSET,BLOCK_a_fa,BLOCK_SPACE_a,"{""pd_incharge"": ""PD_0""}"
,,NONE,HOLD,PD_2,BLOCK_a_fa,"{""pd_incharge"": ""PD_0""}"
,,NONE,SUBSET,BLOCK_a_fb,BLOCK_SPACE_a,"{""pd_incharge"": ""PD_0""}"
,,NONE,HOLD,PD_2,BLOCK_a_fb,"{""pd_incharge"": ""PD_0""}"
,,NONE,SUBSET,BLOCK_a_fc,BLOCK_SPACE_a,"{""pd_incharge"": ""PD_0""}"
,,NONE,HOLD,PD_2,BLOCK_a_fc,"{""pd_incharge"": ""PD_0""}"
,,NONE,SUBSET,BLOCK_a_fd,BLOCK_SPACE_a,"{""pd_incharge"": ""PD_0""}"
,,NONE,HOLD,PD_2,BLOCK_a_fd,"{""pd_incharge"": ""PD_0""}"
,,NONE,SUBSET,BLOCK_a_fe,BLOCK_SPACE_a,"{""pd_incharge"": ""PD_0""}"
,,NONE,HOLD,PD_2,BLOCK_a_fe,"{""pd_incharge"": ""PD_0""}"
,,NONE,SUBSET,BLOCK_a_ff,BLOCK_SPACE_a,"{""pd_incharge"": ""PD_0""}"
,,NONE,HOLD,PD_2,BLOCK_a_ff,"{""pd_incharge"": ""PD_0""}"
,,NONE,SUBSET,BLOCK_a_100,BLOCK_SPACE_a,"{""pd_incharge"": ""PD_0""}"
,,NONE,HOLD,PD_2,BLOCK_a_100,"{""pd_incharge"": ""PD_0""}"
,,NONE,SUBSET,BLOCK_a_101,BLOCK_SPACE_a,"{""pd_incharge"": ""PD_0""}"
,,NONE,HOLD,PD_2,BLOCK_a_101,"{""pd_incharge"": ""PD_0""}"
,,NONE,SUBSET,BLOCK_a_102,BLOCK_SPACE_a,"{""pd_incharge"": ""PD_0""}"
,,NONE,HOLD,PD_2,BLOCK_a_102,"{""pd_incharge"": ""PD_0""}"
,,NONE,SUBSET,BLOCK_a_103,BLOCK_SPACE_a,"{""pd_incharge"": ""PD_0""}"
,,NONE,HOLD,PD_2,BLOCK_a_103,"{""pd_incharge"": ""PD_0""}"
,,NONE,SUBSET,BLOCK_a_104,BLOCK_SPACE_a,"{""pd_incharge"": ""PD_0""}"
,,NONE,HOLD,PD_2,BLOCK_a_104,"{""pd_incharge"": ""PD_0""}"
,,NONE,SUBSET,BLOCK_a_105,BLOCK_SPACE_a,"{""pd_incharge"": ""PD_0""}"
,,NONE,HOLD,PD_2,BLOCK_a_105,"{""pd_incharge"": ""PD_0""}"
,,NONE,SUBSET,BLOCK_a_106,BLOCK_SPACE_a,"{""pd_incharge"": ""PD_0""}"
,,NONE,HOLD,PD_2,BLOCK_a_106,"{""pd_incharge"": ""PD_0""}"
,,NONE,SUBSET,BLOCK_a_107,BLOCK_SPACE_a,"{""pd_incharge"": ""PD_0""}"
,,NONE,HOLD,PD_2,BLOCK_a_107,"{""pd_incharge"": ""PD_0""}"
,,NONE,SUBSET,BLOCK_a_108,BLOCK_SPACE_a,"{""pd_incharge"": ""PD_0""}"
,,NONE,HOLD,PD_2,BLOCK_a_108,"{""pd_incharge"": ""PD_0""}"
,,NONE,SUBSET,BLOCK_a_109,BLOCK_SPACE_a,"{""pd_incharge"": ""PD_0""}"
,,NONE,HOLD,PD_2,BLOCK_a_109,"{""pd_incharge"": ""PD_0""}"
,,NONE,SUBSET,BLOCK_a_10a,BLOCK_SPACE_a,"{""pd_incharge"": ""PD_0""}"
,,NONE,HOLD,PD_2,BLOCK_a_10a,"{""pd_incharge"": ""PD_0""}"
,,NONE,SUBSET,BLOCK_a_10b,BLOCK_SPACE_a,"{""pd_incharge"": ""PD_0""}"
,,NONE,HOLD,PD_2,BLOCK_a_10b,"{""pd_incharge"": ""PD_0""}"
,,NONE,SUBSET,BLOCK_a_10c,BLOCK_SPACE_a,"{""pd_incharge"": ""PD_0""}"
,,NONE,HOLD,PD_2,BLOCK_a_10c,"{""pd_incharge"": ""PD_0""}"
,,NONE,SUBSET,BLOCK_a_10d,BLOCK_SPACE_a,"{""pd_incharge"": ""PD_0""}"
,,NONE,HOLD,PD_2,BLOCK_a_10d,"{""pd_incharge"": ""PD_0""}"
,,NONE,SUBSET,BLOCK_a_10e,BLOCK_SPACE_a,"{""pd_incharge"": ""PD_0""}"
,,NONE,HOLD,PD_2,BLOCK_a_10e,"{""pd_incharge"": ""PD_0""}"
,,NONE,SUBSET,BLOCK_a_10f,BLOCK_SPACE_a,"{""pd_incharge"": ""PD_0""}"
,,NONE,HOLD,PD_2,BLOCK_a_10f,"{""pd_incharge"": ""PD_0""}"
,,NONE,SUBSET,BLOCK_a_110,BLOCK_SPACE_a,"{""pd_incharge"": ""PD_0""}"
,,NONE,HOLD,PD_2,BLOCK_a_110,"{""pd_incharge"": ""PD_0""}"
,,NONE,SUBSET,BLOCK_a_111,BLOCK_SPACE_a,"{""pd_incharge"": ""PD_0""}"
,,NONE,HOLD,PD_2,BLOCK_a_111,"{""pd_incharge"": ""PD_0""}"
,,NONE,SUBSET,BLOCK_a_112,BLOCK_SPACE_a,"{""pd_incharge"": ""PD_0""}"
,,NONE,HOLD,PD_2,BLOCK_a_112,"{""pd_incharge"": ""PD_0""}"
,,NONE,SUBSET,BLOCK_a_113,BLOCK_SPACE_a,"{""pd_incharge"": ""PD_0""}"
,,NONE,HOLD,PD_2,BLOCK_a_113,"{""pd_incharge"": ""PD_0""}"
,,NONE,SUBSET,BLOCK_a_114,BLOCK_SPACE_a,"{""pd_incharge"": ""PD_0""}"
,,NONE,HOLD,PD_2,BLOCK_a_114,"{""pd_incharge"": ""PD_0""}"
,,NONE,SUBSET,BLOCK_a_115,BLOCK_SPACE_a,"{""pd_incharge"": ""PD_0""}"
,,NONE,HOLD,PD_2,BLOCK_a_115,"{""pd_incharge"": ""PD_0""}"
,,NONE,SUBSET,BLOCK_a_116,BLOCK_SPACE_a,"{""pd_incharge"": ""PD_0""}"
,,NONE,HOLD,PD_2,BLOCK_a_116,"{""pd_incharge"": ""PD_0""}"
,,NONE,SUBSET,BLOCK_a_117,BLOCK_SPACE_a,"{""pd_incharge"": ""PD_0""}"
,,NONE,HOLD,PD_2,BLOCK_a_117,"{""pd_incharge"": ""PD_0""}"
,,NONE,SUBSET,BLOCK_a_118,BLOCK_SPACE_a,"{""pd_incharge"": ""PD_0""}"
,,NONE,HOLD,PD_2,BLOCK_a_118,"{""pd_incharge"": ""PD_0""}"
,,NONE,SUBSET,BLOCK_a_119,BLOCK_SPACE_a,"{""pd_incharge"": ""PD_0""}"
,,NONE,HOLD,PD_2,BLOCK_a_119,"{""pd_incharge"": ""PD_0""}"
,,NONE,SUBSET,BLOCK_a_11a,BLOCK_SPACE_a,"{""pd_incharge"": ""PD_0""}"
,,NONE,HOLD,PD_2,BLOCK_a_11a,"{""pd_incharge"": ""PD_0""}"
,,NONE,SUBSET,BLOCK_a_11b,BLOCK_SPACE_a,"{""pd_incharge"": ""PD_0""}"
,,NONE,HOLD,PD_2,BLOCK_a_11b,"{""pd_incharge"": ""PD_0""}"
,,NONE,SUBSET,BLOCK_a_11c,BLOCK_SPACE_a,"{""pd_incharge"": ""PD_0""}"
,,NONE,HOLD,PD_2,BLOCK_a_11c,"{""pd_incharge"": ""PD_0""}"
,,NONE,SUBSET,BLOCK_a_11d,BLOCK_SPACE_a,"{""pd_incharge"": ""PD_0""}"
,,NONE,HOLD,PD_2,BLOCK_a_11d,"{""pd_incharge"": ""PD_0""}"
,,NONE,SUBSET,BLOCK_a_11e,BLOCK_SPACE_a,"{""pd_incharge"": ""PD_0""}"
,,NONE,HOLD,PD_2,BLOCK_a_11e,"{""pd_incharge"": ""PD_0""}"
,,NONE,SUBSET,BLOCK_a_11f,BLOCK_SPACE_a,"{""pd_incharge"": ""PD_0""}"
,,NONE,HOLD,PD_2,BLOCK_a_11f,"{""pd_incharge"": ""PD_0""}"
,,NONE,SUBSET,BLOCK_a_120,BLOCK_SPACE_a,"{""pd_incharge"": ""PD_0""}"
,,NONE,HOLD,PD_2,BLOCK_a_120,"{""pd_incharge"": ""PD_0""}"
,,NONE,SUBSET,BLOCK_a_121,BLOCK_SPACE_a,"{""pd_incharge"": ""PD_0""}"
,,NONE,HOLD,PD_2,BLOCK_a_121,"{""pd_incharge"": ""PD_0""}"
,,NONE,SUBSET,BLOCK_a_122,BLOCK_SPACE_a,"{""pd_incharge"": ""PD_0""}"
,,NONE,HOLD,PD_2,BLOCK_a_122,"{""pd_incharge"": ""PD_0""}"
,,NONE,SUBSET,BLOCK_a_123,BLOCK_SPACE_a,"{""pd_incharge"": ""PD_0""}"
,,NONE,HOLD,PD_2,BLOCK_a_123,"{""pd_incharge"": ""PD_0""}"
,,NONE,SUBSET,BLOCK_a_124,BLOCK_SPACE_a,"{""pd_incharge"": ""PD_0""}"
,,NONE,HOLD,PD_2,BLOCK_a_124,"{""pd_incharge"": ""PD_0""}"
,,NONE,SUBSET,BLOCK_a_125,BLOCK_SPACE_a,"{""pd_incharge"": ""PD_0""}"
,,NONE,HOLD,PD_2,BLOCK_a_125,"{""pd_incharge"": ""PD_0""}"
,,NONE,SUBSET,BLOCK_a_126,BLOCK_SPACE_a,"{""pd_incharge"": ""PD_0""}"
,,NONE,HOLD,PD_2,BLOCK_a_126,"{""pd_incharge"": ""PD_0""}"
,,NONE,SUBSET,BLOCK_a_127,BLOCK_SPACE_a,"{""pd_incharge"": ""PD_0""}"
,,NONE,HOLD,PD_2,BLOCK_a_127,"{""pd_incharge"": ""PD_0""}"
,,NONE,SUBSET,BLOCK_a_128,BLOCK_SPACE_a,"{""pd_incharge"": ""PD_0""}"
,,NONE,HOLD,PD_2,BLOCK_a_128,"{""pd_incharge"": ""PD_0""}"
,,NONE,SUBSET,BLOCK_a_129,BLOCK_SPACE_a,"{""pd_incharge"": ""PD_0""}"
,,NONE,HOLD,PD_2,BLOCK_a_129,"{""pd_incharge"": ""PD_0""}"
,,NONE,SUBSET,BLOCK_a_12a,BLOCK_SPACE_a,"{""pd_incharge"": ""PD_0""}"
,,NONE,HOLD,PD_2,BLOCK_a_12a,"{""pd_incharge"": ""PD_0""}"
,,NONE,SUBSET,BLOCK_a_12b,BLOCK_SPACE_a,"{""pd_incharge"": ""PD_0""}"
,,NONE,HOLD,PD_2,BLOCK_a_12b,"{""pd_incharge"": ""PD_0""}"
,,NONE,SUBSET,BLOCK_a_12c,BLOCK_SPACE_a,"{""pd_incharge"": ""PD_0""}"
,,NONE,HOLD,PD_2,BLOCK_a_12c,"{""pd_incharge"": ""PD_0""}"
,,NONE,SUBSET,BLOCK_a_12d,BLOCK_SPACE_a,"{""pd_incharge"": ""PD_0""}"
,,NONE,HOLD,PD_2,BLOCK_a_12d,"{""pd_incharge"": ""PD_0""}"
,,NONE,SUBSET,BLOCK_a_12e,BLOCK_SPACE_a,"{""pd_incharge"": ""PD_0""}"
,,NONE,HOLD,PD_2,BLOCK_a_12e,"{""pd_incharge"": ""PD_0""}"
,,NONE,SUBSET,BLOCK_a_12f,BLOCK_SPACE_a,"{""pd_incharge"": ""PD_0""}"
,,NONE,HOLD,PD_2,BLOCK_a_12f,"{""pd_incharge"": ""PD_0""}"
,,NONE,SUBSET,BLOCK_a_130,BLOCK_SPACE_a,"{""pd_incharge"": ""PD_0""}"
,,NONE,HOLD,PD_2,BLOCK_a_130,"{""pd_incharge"": ""PD_0""}"
,,NONE,SUBSET,BLOCK_a_131,BLOCK_SPACE_a,"{""pd_incharge"": ""PD_0""}"
,,NONE,HOLD,PD_2,BLOCK_a_131,"{""pd_incharge"": ""PD_0""}"
,,NONE,SUBSET,BLOCK_a_132,BLOCK_SPACE_a,"{""pd_incharge"": ""PD_0""}"
,,NONE,HOLD,PD_2,BLOCK_a_132,"{""pd_incharge"": ""PD_0""}"
,,NONE,SUBSET,BLOCK_a_133,BLOCK_SPACE_a,"{""pd_incharge"": ""PD_0""}"
,,NONE,HOLD,PD_2,BLOCK_a_133,"{""pd_incharge"": ""PD_0""}"
,,NONE,SUBSET,BLOCK_a_134,BLOCK_SPACE_a,"{""pd_incharge"": ""PD_0""}"
,,NONE,HOLD,PD_2,BLOCK_a_134,"{""pd_incharge"": ""PD_0""}"
,,NONE,SUBSET,BLOCK_a_135,BLOCK_SPACE_a,"{""pd_incharge"": ""PD_0""}"
,,NONE,HOLD,PD_2,BLOCK_a_135,"{""pd_incharge"": ""PD_0""}"
,,NONE,SUBSET,BLOCK_a_136,BLOCK_SPACE_a,"{""pd_incharge"": ""PD_0""}"
,,NONE,HOLD,PD_2,BLOCK_a_136,"{""pd_incharge"": ""PD_0""}"
,,NONE,SUBSET,BLOCK_a_137,BLOCK_SPACE_a,"{""pd_incharge"": ""PD_0""}"
,,NONE,HOLD,PD_2,BLOCK_a_137,"{""pd_incharge"": ""PD_0""}"
,,NONE,SUBSET,BLOCK_a_138,BLOCK_SPACE_a,"{""pd_incharge"": ""PD_0""}"
,,NONE,HOLD,PD_2,BLOCK_a_138,"{""pd_incharge"": ""PD_0""}"
,,NONE,SUBSET,BLOCK_a_139,BLOCK_SPACE_a,"{""pd_incharge"": ""PD_0""}"
,,NONE,HOLD,PD_2,BLOCK_a_139,"{""pd_incharge"": ""PD_0""}"
,,NONE,SUBSET,BLOCK_a_13a,BLOCK_SPACE_a,"{""pd_incharge"": ""PD_0""}"
,,NONE,HOLD,PD_2,BLOCK_a_13a,"{""pd_incharge"": ""PD_0""}"
,,NONE,SUBSET,BLOCK_a_13b,BLOCK_SPACE_a,"{""pd_incharge"": ""PD_0""}"
,,NONE,HOLD,PD_2,BLOCK_a_13b,"{""pd_incharge"": ""PD_0""}"
,,NONE,SUBSET,BLOCK_a_13c,BLOCK_SPACE_a,"{""pd_incharge"": ""PD_0""}"
,,NONE,HOLD,PD_2,BLOCK_a_13c,"{""pd_incharge"": ""PD_0""}"
,,NONE,SUBSET,BLOCK_a_13d,BLOCK_SPACE_a,"{""pd_incharge"": ""PD_0""}"
,,NONE,HOLD,PD_2,BLOCK_a_13d,"{""pd_incharge"": ""PD_0""}"
,,NONE,SUBSET,BLOCK_a_13e,BLOCK_SPACE_a,"{""pd_incharge"": ""PD_0""}"
,,NONE,HOLD,PD_2,BLOCK_a_13e,"{""pd_incharge"": ""PD_0""}"
,,NONE,SUBSET,BLOCK_a_13f,BLOCK_SPACE_a,"{""pd_incharge"": ""PD_0""}"
,,NONE,HOLD,PD_2,BLOCK_a_13f,"{""pd_incharge"": ""PD_0""}"
,,NONE,SUBSET,BLOCK_a_140,BLOCK_SPACE_a,"{""pd_incharge"": ""PD_0""}"
,,NONE,HOLD,PD_2,BLOCK_a_140,"{""pd_incharge"": ""PD_0""}"
,,NONE,SUBSET,BLOCK_a_141,BLOCK_SPACE_a,"{""pd_incharge"": ""PD_0""}"
,,NONE,HOLD,PD_2,BLOCK_a_141,"{""pd_incharge"": ""PD_0""}"
,,NONE,SUBSET,BLOCK_a_142,BLOCK_SPACE_a,"{""pd_incharge"": ""PD_0""}"
,,NONE,HOLD,PD_2,BLOCK_a_142,"{""pd_incharge"": ""PD_0""}"
,,NONE,SUBSET,BLOCK_a_143,BLOCK_SPACE_a,"{""pd_incharge"": ""PD_0""}"
,,NONE,HOLD,PD_2,BLOCK_a_143,"{""pd_incharge"": ""PD_0""}"
,,NONE,SUBSET,BLOCK_a_144,BLOCK_SPACE_a,"{""pd_incharge"": ""PD_0""}"
,,NONE,HOLD,PD_2,BLOCK_a_144,"{""pd_incharge"": ""PD_0""}"
,,NONE,SUBSET,BLOCK_a_145,BLOCK_SPACE_a,"{""pd_incharge"": ""PD_0""}"
,,NONE,HOLD,PD_2,BLOCK_a_145,"{""pd_incharge"": ""PD_0""}"
,,NONE,SUBSET,BLOCK_a_146,BLOCK_SPACE_a,"{""pd_incharge"": ""PD_0""}"
,,NONE,HOLD,PD_2,BLOCK_a_146,"{""pd_incharge"": ""PD_0""}"
,,NONE,SUBSET,BLOCK_a_147,BLOCK_SPACE_a,"{""pd_incharge"": ""PD_0""}"
,,NONE,HOLD,PD_2,BLOCK_a_147,"{""pd_incharge"": ""PD_0""}"
,,NONE,SUBSET,BLOCK_a_148,BLOCK_SPACE_a,"{""pd_incharge"": ""PD_0""}"
,,NONE,HOLD,PD_2,BLOCK_a_148,"{""pd_incharge"": ""PD_0""}"
,,NONE,SUBSET,BLOCK_a_149,BLOCK_SPACE_a,"{""pd_incharge"": ""PD_0""}"
,,NONE,HOLD,PD_2,BLOCK_a_149,"{""pd_incharge"": ""PD_0""}"
,,NONE,SUBSET,BLOCK_a_14a,BLOCK_SPACE_a,"{""pd_incharge"": ""PD_0""}"
,,NONE,HOLD,PD_2,BLOCK_a_14a,"{""pd_incharge"": ""PD_0""}"
,,NONE,SUBSET,BLOCK_a_14b,BLOCK_SPACE_a,"{""pd_incharge"": ""PD_0""}"
,,NONE,HOLD,PD_2,BLOCK_a_14b,"{""pd_incharge"": ""PD_0""}"
,,NONE,SUBSET,BLOCK_a_14c,BLOCK_SPACE_a,"{""pd_incharge"": ""PD_0""}"
,,NONE,HOLD,PD_2,BLOCK_a_14c,"{""pd_incharge"": ""PD_0""}"
,,NONE,SUBSET,BLOCK_a_14d,BLOCK_SPACE_a,"{""pd_incharge"": ""PD_0""}"
,,NONE,HOLD,PD_2,BLOCK_a_14d,"{""pd_incharge"": ""PD_0""}"
,,NONE,SUBSET,BLOCK_a_14e,BLOCK_SPACE_a,"{""pd_incharge"": ""PD_0""}"
,,NONE,HOLD,PD_2,BLOCK_a_14e,"{""pd_incharge"": ""PD_0""}"
,,NONE,SUBSET,BLOCK_a_14f,BLOCK_SPACE_a,"{""pd_incharge"": ""PD_0""}"
,,NONE,HOLD,PD_2,BLOCK_a_14f,"{""pd_incharge"": ""PD_0""}"
,,NONE,SUBSET,BLOCK_a_150,BLOCK_SPACE_a,"{""pd_incharge"": ""PD_0""}"
,,NONE,HOLD,PD_2,BLOCK_a_150,"{""pd_incharge"": ""PD_0""}"
,,NONE,SUBSET,BLOCK_a_151,BLOCK_SPACE_a,"{""pd_incharge"": ""PD_0""}"
,,NONE,HOLD,PD_2,BLOCK_a_151,"{""pd_incharge"": ""PD_0""}"
,,NONE,SUBSET,BLOCK_a_152,BLOCK_SPACE_a,"{""pd_incharge"": ""PD_0""}"
,,NONE,HOLD,PD_2,BLOCK_a_152,"{""pd_incharge"": ""PD_0""}"
,,NONE,SUBSET,BLOCK_a_153,BLOCK_SPACE_a,"{""pd_incharge"": ""PD_0""}"
,,NONE,HOLD,PD_2,BLOCK_a_153,"{""pd_incharge"": ""PD_0""}"
,,NONE,SUBSET,BLOCK_a_154,BLOCK_SPACE_a,"{""pd_incharge"": ""PD_0""}"
,,NONE,HOLD,PD_2,BLOCK_a_154,"{""pd_incharge"": ""PD_0""}"
,,NONE,SUBSET,BLOCK_a_155,BLOCK_SPACE_a,"{""pd_incharge"": ""PD_0""}"
,,NONE,HOLD,PD_2,BLOCK_a_155,"{""pd_incharge"": ""PD_0""}"
,,NONE,SUBSET,BLOCK_a_156,BLOCK_SPACE_a,"{""pd_incharge"": ""PD_0""}"
,,NONE,HOLD,PD_2,BLOCK_a_156,"{""pd_incharge"": ""PD_0""}"
,,NONE,SUBSET,BLOCK_a_157,BLOCK_SPACE_a,"{""pd_incharge"": ""PD_0""}"
,,NONE,HOLD,PD_2,BLOCK_a_157,"{""pd_incharge"": ""PD_0""}"
,,NONE,SUBSET,BLOCK_a_158,BLOCK_SPACE_a,"{""pd_incharge"": ""PD_0""}"
,,NONE,HOLD,PD_2,BLOCK_a_158,"{""pd_incharge"": ""PD_0""}"
,,NONE,SUBSET,BLOCK_a_159,BLOCK_SPACE_a,"{""pd_incharge"": ""PD_0""}"
,,NONE,HOLD,PD_2,BLOCK_a_159,"{""pd_incharge"": ""PD_0""}"
,,NONE,SUBSET,BLOCK_a_15a,BLOCK_SPACE_a,"{""pd_incharge"": ""PD_0""}"
,,NONE,HOLD,PD_2,BLOCK_a_15a,"{""pd_incharge"": ""PD_0""}"
,,NONE,SUBSET,BLOCK_a_15b,BLOCK_SPACE_a,"{""pd_incharge"": ""PD_0""}"
,,NONE,HOLD,PD_2,BLOCK_a_15b,"{""pd_incharge"": ""PD_0""}"
,,NONE,SUBSET,BLOCK_a_15c,BLOCK_SPACE_a,"{""pd_incharge"": ""PD_0""}"
,,NONE,HOLD,PD_2,BLOCK_a_15c,"{""pd_incharge"": ""PD_0""}"
,,NONE,SUBSET,BLOCK_a_15d,BLOCK_SPACE_a,"{""pd_incharge"": ""PD_0""}"
,,NONE,HOLD,PD_2,BLOCK_a_15d,"{""pd_incharge"": ""PD_0""}"
,,NONE,SUBSET,BLOCK_a_15e,BLOCK_SPACE_a,"{""pd_incharge"": ""PD_0""}"
,,NONE,HOLD,PD_2,BLOCK_a_15e,"{""pd_incharge"": ""PD_0""}"
,,NONE,SUBSET,BLOCK_a_15f,BLOCK_SPACE_a,"{""pd_incharge"": ""PD_0""}"
,,NONE,HOLD,PD_2,BLOCK_a_15f,"{""pd_incharge"": ""PD_0""}"
,,NONE,SUBSET,BLOCK_a_160,BLOCK_SPACE_a,"{""pd_incharge"": ""PD_0""}"
,,NONE,HOLD,PD_2,BLOCK_a_160,"{""pd_incharge"": ""PD_0""}"
,,NONE,SUBSET,BLOCK_a_161,BLOCK_SPACE_a,"{""pd_incharge"": ""PD_0""}"
,,NONE,HOLD,PD_2,BLOCK_a_161,"{""pd_incharge"": ""PD_0""}"
,,NONE,SUBSET,BLOCK_a_162,BLOCK_SPACE_a,"{""pd_incharge"": ""PD_0""}"
,,NONE,HOLD,PD_2,BLOCK_a_162,"{""pd_incharge"": ""PD_0""}"
,,NONE,SUBSET,BLOCK_a_163,BLOCK_SPACE_a,"{""pd_incharge"": ""PD_0""}"
,,NONE,HOLD,PD_2,BLOCK_a_163,"{""pd_incharge"": ""PD_0""}"
,,NONE,SUBSET,BLOCK_a_164,BLOCK_SPACE_a,"{""pd_incharge"": ""PD_0""}"
,,NONE,HOLD,PD_2,BLOCK_a_164,"{""pd_incharge"": ""PD_0""}"
,,NONE,SUBSET,BLOCK_a_165,BLOCK_SPACE_a,"{""pd_incharge"": ""PD_0""}"
,,NONE,HOLD,PD_2,BLOCK_a_165,"{""pd_incharge"": ""PD_0""}"
,,NONE,SUBSET,BLOCK_a_166,BLOCK_SPACE_a,"{""pd_incharge"": ""PD_0""}"
,,NONE,HOLD,PD_2,BLOCK_a_166,"{""pd_incharge"": ""PD_0""}"
,,NONE,SUBSET,BLOCK_a_167,BLOCK_SPACE_a,"{""pd_incharge"": ""PD_0""}"
,,NONE,HOLD,PD_2,BLOCK_a_167,"{""pd_incharge"": ""PD_0""}"
,,NONE,SUBSET,BLOCK_a_168,BLOCK_SPACE_a,"{""pd_incharge"": ""PD_0""}"
,,NONE,HOLD,PD_2,BLOCK_a_168,"{""pd_incharge"": ""PD_0""}"
,,NONE,SUBSET,BLOCK_a_169,BLOCK_SPACE_a,"{""pd_incharge"": ""PD_0""}"
,,NONE,HOLD,PD_2,BLOCK_a_169,"{""pd_incharge"": ""PD_0""}"
,,NONE,SUBSET,BLOCK_a_16a,BLOCK_SPACE_a,"{""pd_incharge"": ""PD_0""}"
,,NONE,HOLD,PD_2,BLOCK_a_16a,"{""pd_incharge"": ""PD_0""}"
,,NONE,SUBSET,BLOCK_a_16b,BLOCK_SPACE_a,"{""pd_incharge"": ""PD_0""}"
,,NONE,HOLD,PD_2,BLOCK_a_16b,"{""pd_incharge"": ""PD_0""}"
,,NONE,SUBSET,BLOCK_a_16c,BLOCK_SPACE_a,"{""pd_incharge"": ""PD_0""}"
,,NONE,HOLD,PD_2,BLOCK_a_16c,"{""pd_incharge"": ""PD_0""}"
,,NONE,SUBSET,BLOCK_a_16d,BLOCK_SPACE_a,"{""pd_incharge"": ""PD_0""}"
,,NONE,HOLD,PD_2,BLOCK_a_16d,"{""pd_incharge"": ""PD_0""}"
,,NONE,SUBSET,BLOCK_a_16e,BLOCK_SPACE_a,"{""pd_incharge"": ""PD_0""}"
,,NONE,HOLD,PD_2,BLOCK_a_16e,"{""pd_incharge"": ""PD_0""}"
,,NONE,SUBSET,BLOCK_a_16f,BLOCK_SPACE_a,"{""pd_incharge"": ""PD_0""}"
,,NONE,HOLD,PD_2,BLOCK_a_16f,"{""pd_incharge"": ""PD_0""}"
,,NONE,SUBSET,BLOCK_a_170,BLOCK_SPACE_a,"{""pd_incharge"": ""PD_0""}"
,,NONE,HOLD,PD_2,BLOCK_a_170,"{""pd_incharge"": ""PD_0""}"
,,NONE,SUBSET,BLOCK_a_171,BLOCK_SPACE_a,"{""pd_incharge"": ""PD_0""}"
,,NONE,HOLD,PD_2,BLOCK_a_171,"{""pd_incharge"": ""PD_0""}"
,,NONE,SUBSET,BLOCK_a_172,BLOCK_SPACE_a,"{""pd_incharge"": ""PD_0""}"
,,NONE,HOLD,PD_2,BLOCK_a_172,"{""pd_incharge"": ""PD_0""}"
,,NONE,SUBSET,BLOCK_a_173,BLOCK_SPACE_a,"{""pd_incharge"": ""PD_0""}"
,,NONE,HOLD,PD_2,BLOCK_a_173,"{""pd_incharge"": ""PD_0""}"
,,NONE,SUBSET,BLOCK_a_174,BLOCK_SPACE_a,"{""pd_incharge"": ""PD_0""}"
,,NONE,HOLD,PD_2,BLOCK_a_174,"{""pd_incharge"": ""PD_0""}"
,,NONE,SUBSET,BLOCK_a_175,BLOCK_SPACE_a,"{""pd_incharge"": ""PD_0""}"
,,NONE,HOLD,PD_2,BLOCK_a_175,"{""pd_incharge"": ""PD_0""}"
,,NONE,SUBSET,BLOCK_a_176,BLOCK_SPACE_a,"{""pd_incharge"": ""PD_0""}"
,,NONE,HOLD,PD_2,BLOCK_a_176,"{""pd_incharge"": ""PD_0""}"
,,NONE,SUBSET,BLOCK_a_177,BLOCK_SPACE_a,"{""pd_incharge"": ""PD_0""}"
,,NONE,HOLD,PD_2,BLOCK_a_177,"{""pd_incharge"": ""PD_0""}"
,,NONE,SUBSET,BLOCK_a_178,BLOCK_SPACE_a,"{""pd_incharge"": ""PD_0""}"
,,NONE,HOLD,PD_2,BLOCK_a_178,"{""pd_incharge"": ""PD_0""}"
,,NONE,SUBSET,BLOCK_a_179,BLOCK_SPACE_a,"{""pd_incharge"": ""PD_0""}"
,,NONE,HOLD,PD_2,BLOCK_a_179,"{""pd_incharge"": ""PD_0""}"
,,NONE,SUBSET,BLOCK_a_17a,BLOCK_SPACE_a,"{""pd_incharge"": ""PD_0""}"
,,NONE,HOLD,PD_2,BLOCK_a_17a,"{""pd_incharge"": ""PD_0""}"
,,NONE,SUBSET,BLOCK_a_17b,BLOCK_SPACE_a,"{""pd_incharge"": ""PD_0""}"
,,NONE,HOLD,PD_2,BLOCK_a_17b,"{""pd_incharge"": ""PD_0""}"
,,NONE,SUBSET,BLOCK_a_17c,BLOCK_SPACE_a,"{""pd_incharge"": ""PD_0""}"
,,NONE,HOLD,PD_2,BLOCK_a_17c,"{""pd_incharge"": ""PD_0""}"
,,NONE,SUBSET,BLOCK_a_17d,BLOCK_SPACE_a,"{""pd_incharge"": ""PD_0""}"
,,NONE,HOLD,PD_2,BLOCK_a_17d,"{""pd_incharge"": ""PD_0""}"
,,NONE,SUBSET,BLOCK_a_17e,BLOCK_SPACE_a,"{""pd_incharge"": ""PD_0""}"
,,NONE,HOLD,PD_2,BLOCK_a_17e,"{""pd_incharge"": ""PD_0""}"
,,NONE,SUBSET,BLOCK_a_17f,BLOCK_SPACE_a,"{""pd_incharge"": ""PD_0""}"
,,NONE,HOLD,PD_2,BLOCK_a_17f,"{""pd_incharge"": ""PD_0""}"
,,NONE,SUBSET,BLOCK_a_180,BLOCK_SPACE_a,"{""pd_incharge"": ""PD_0""}"
,,NONE,HOLD,PD_2,BLOCK_a_180,"{""pd_incharge"": ""PD_0""}"
,,NONE,SUBSET,BLOCK_a_181,BLOCK_SPACE_a,"{""pd_incharge"": ""PD_0""}"
,,NONE,HOLD,PD_2,BLOCK_a_181,"{""pd_incharge"": ""PD_0""}"
,,NONE,SUBSET,BLOCK_a_182,BLOCK_SPACE_a,"{""pd_incharge"": ""PD_0""}"
,,NONE,HOLD,PD_2,BLOCK_a_182,"{""pd_incharge"": ""PD_0""}"
,,NONE,SUBSET,BLOCK_a_183,BLOCK_SPACE_a,"{""pd_incharge"": ""PD_0""}"
,,NONE,HOLD,PD_2,BLOCK_a_183,"{""pd_incharge"": ""PD_0""}"
,,NONE,SUBSET,BLOCK_a_184,BLOCK_SPACE_a,"{""pd_incharge"": ""PD_0""}"
,,NONE,HOLD,PD_2,BLOCK_a_184,"{""pd_incharge"": ""PD_0""}"
,,NONE,SUBSET,BLOCK_a_185,BLOCK_SPACE_a,"{""pd_incharge"": ""PD_0""}"
,,NONE,HOLD,PD_2,BLOCK_a_185,"{""pd_incharge"": ""PD_0""}"
,,NONE,SUBSET,BLOCK_a_186,BLOCK_SPACE_a,"{""pd_incharge"": ""PD_0""}"
,,NONE,HOLD,PD_2,BLOCK_a_186,"{""pd_incharge"": ""PD_0""}"
,,NONE,SUBSET,BLOCK_a_187,BLOCK_SPACE_a,"{""pd_incharge"": ""PD_0""}"
,,NONE,HOLD,PD_2,BLOCK_a_187,"{""pd_incharge"": ""PD_0""}"
,,NONE,SUBSET,BLOCK_a_188,BLOCK_SPACE_a,"{""pd_incharge"": ""PD_0""}"
,,NONE,HOLD,PD_2,BLOCK_a_188,"{""pd_incharge"": ""PD_0""}"
,,NONE,SUBSET,BLOCK_a_189,BLOCK_SPACE_a,"{""pd_incharge"": ""PD_0""}"
,,NONE,HOLD,PD_2,BLOCK_a_189,"{""pd_incharge"": ""PD_0""}"
,,NONE,SUBSET,BLOCK_a_18a,BLOCK_SPACE_a,"{""pd_incharge"": ""PD_0""}"
,,NONE,HOLD,PD_2,BLOCK_a_18a,"{""pd_incharge"": ""PD_0""}"
,,NONE,SUBSET,BLOCK_a_18b,BLOCK_SPACE_a,"{""pd_incharge"": ""PD_0""}"
,,NONE,HOLD,PD_2,BLOCK_a_18b,"{""pd_incharge"": ""PD_0""}"
,,NONE,SUBSET,BLOCK_a_18c,BLOCK_SPACE_a,"{""pd_incharge"": ""PD_0""}"
,,NONE,HOLD,PD_2,BLOCK_a_18c,"{""pd_incharge"": ""PD_0""}"
,,NONE,SUBSET,BLOCK_a_18d,BLOCK_SPACE_a,"{""pd_incharge"": ""PD_0""}"
,,NONE,HOLD,PD_2,BLOCK_a_18d,"{""pd_incharge"": ""PD_0""}"
,,NONE,SUBSET,BLOCK_a_18e,BLOCK_SPACE_a,"{""pd_incharge"": ""PD_0""}"
,,NONE,HOLD,PD_2,BLOCK_a_18e,"{""pd_incharge"": ""PD_0""}"
,,NONE,SUBSET,BLOCK_a_18f,BLOCK_SPACE_a,"{""pd_incharge"": ""PD_0""}"
,,NONE,HOLD,PD_2,BLOCK_a_18f,"{""pd_incharge"": ""PD_0""}"
,,NONE,SUBSET,BLOCK_a_190,BLOCK_SPACE_a,"{""pd_incharge"": ""PD_0""}"
,,NONE,HOLD,PD_2,BLOCK_a_190,"{""pd_incharge"": ""PD_0""}"
,,NONE,SUBSET,BLOCK_a_191,BLOCK_SPACE_a,"{""pd_incharge"": ""PD_0""}"
,,NONE,HOLD,PD_2,BLOCK_a_191,"{""pd_incharge"": ""PD_0""}"
,,NONE,SUBSET,BLOCK_a_192,BLOCK_SPACE_a,"{""pd_incharge"": ""PD_0""}"
,,NONE,HOLD,PD_2,BLOCK_a_192,"{""pd_incharge"": ""PD_0""}"
,,NONE,SUBSET,BLOCK_a_193,BLOCK_SPACE_a,"{""pd_incharge"": ""PD_0""}"
,,NONE,HOLD,PD_2,BLOCK_a_193,"{""pd_incharge"": ""PD_0""}"
,,NONE,SUBSET,BLOCK_a_194,BLOCK_SPACE_a,"{""pd_incharge"": ""PD_0""}"
,,NONE,HOLD,PD_2,BLOCK_a_194,"{""pd_incharge"": ""PD_0""}"
,,NONE,SUBSET,BLOCK_a_195,BLOCK_SPACE_a,"{""pd_incharge"": ""PD_0""}"
,,NONE,HOLD,PD_2,BLOCK_a_195,"{""pd_incharge"": ""PD_0""}"
,,NONE,SUBSET,BLOCK_a_196,BLOCK_SPACE_a,"{""pd_incharge"": ""PD_0""}"
,,NONE,HOLD,PD_2,BLOCK_a_196,"{""pd_incharge"": ""PD_0""}"
,,NONE,SUBSET,BLOCK_a_197,BLOCK_SPACE_a,"{""pd_incharge"": ""PD_0""}"
,,NONE,HOLD,PD_2,BLOCK_a_197,"{""pd_incharge"": ""PD_0""}"
,,NONE,SUBSET,BLOCK_a_198,BLOCK_SPACE_a,"{""pd_incharge"": ""PD_0""}"
,,NONE,HOLD,PD_2,BLOCK_a_198,"{""pd_incharge"": ""PD_0""}"
,,NONE,SUBSET,BLOCK_a_199,BLOCK_SPACE_a,"{""pd_incharge"": ""PD_0""}"
,,NONE,HOLD,PD_2,BLOCK_a_199,"{""pd_incharge"": ""PD_0""}"
,,NONE,SUBSET,BLOCK_a_19a,BLOCK_SPACE_a,"{""pd_incharge"": ""PD_0""}"
,,NONE,HOLD,PD_2,BLOCK_a_19a,"{""pd_incharge"": ""PD_0""}"
,,NONE,SUBSET,BLOCK_a_19b,BLOCK_SPACE_a,"{""pd_incharge"": ""PD_0""}"
,,NONE,HOLD,PD_2,BLOCK_a_19b,"{""pd_incharge"": ""PD_0""}"
,,NONE,SUBSET,BLOCK_a_19c,BLOCK_SPACE_a,"{""pd_incharge"": ""PD_0""}"
,,NONE,HOLD,PD_2,BLOCK_a_19c,"{""pd_incharge"": ""PD_0""}"
,,NONE,SUBSET,BLOCK_a_19d,BLOCK_SPACE_a,"{""pd_incharge"": ""PD_0""}"
,,NONE,HOLD,PD_2,BLOCK_a_19d,"{""pd_incharge"": ""PD_0""}"
,,NONE,SUBSET,BLOCK_a_19e,BLOCK_SPACE_a,"{""pd_incharge"": ""PD_0""}"
,,NONE,HOLD,PD_2,BLOCK_a_19e,"{""pd_incharge"": ""PD_0""}"
,,NONE,SUBSET,BLOCK_a_19f,BLOCK_SPACE_a,"{""pd_incharge"": ""PD_0""}"
,,NONE,HOLD,PD_2,BLOCK_a_19f,"{""pd_incharge"": ""PD_0""}"
,,NONE,SUBSET,BLOCK_a_1a0,BLOCK_SPACE_a,"{""pd_incharge"": ""PD_0""}"
,,NONE,HOLD,PD_2,BLOCK_a_1a0,"{""pd_incharge"": ""PD_0""}"
,,NONE,SUBSET,BLOCK_a_1a1,BLOCK_SPACE_a,"{""pd_incharge"": ""PD_0""}"
,,NONE,HOLD,PD_2,BLOCK_a_1a1,"{""pd_incharge"": ""PD_0""}"
,,NONE,SUBSET,BLOCK_a_1a2,BLOCK_SPACE_a,"{""pd_incharge"": ""PD_0""}"
,,NONE,HOLD,PD_2,BLOCK_a_1a2,"{""pd_incharge"": ""PD_0""}"
,,NONE,SUBSET,BLOCK_a_1a3,BLOCK_SPACE_a,"{""pd_incharge"": ""PD_0""}"
,,NONE,HOLD,PD_2,BLOCK_a_1a3,"{""pd_incharge"": ""PD_0""}"
,,NONE,SUBSET,BLOCK_a_1a4,BLOCK_SPACE_a,"{""pd_incharge"": ""PD_0""}"
,,NONE,HOLD,PD_2,BLOCK_a_1a4,"{""pd_incharge"": ""PD_0""}"
,,NONE,SUBSET,BLOCK_a_1a5,BLOCK_SPACE_a,"{""pd_incharge"": ""PD_0""}"
,,NONE,HOLD,PD_2,BLOCK_a_1a5,"{""pd_incharge"": ""PD_0""}"
,,NONE,SUBSET,BLOCK_a_1a6,BLOCK_SPACE_a,"{""pd_incharge"": ""PD_0""}"
,,NONE,HOLD,PD_2,BLOCK_a_1a6,"{""pd_incharge"": ""PD_0""}"
,,NONE,SUBSET,BLOCK_a_1a7,BLOCK_SPACE_a,"{""pd_incharge"": ""PD_0""}"
,,NONE,HOLD,PD_2,BLOCK_a_1a7,"{""pd_incharge"": ""PD_0""}"
,,NONE,SUBSET,BLOCK_a_1a8,BLOCK_SPACE_a,"{""pd_incharge"": ""PD_0""}"
,,NONE,HOLD,PD_2,BLOCK_a_1a8,"{""pd_incharge"": ""PD_0""}"
,,NONE,SUBSET,BLOCK_a_1a9,BLOCK_SPACE_a,"{""pd_incharge"": ""PD_0""}"
,,NONE,HOLD,PD_2,BLOCK_a_1a9,"{""pd_incharge"": ""PD_0""}"
,,NONE,SUBSET,BLOCK_a_1aa,BLOCK_SPACE_a,"{""pd_incharge"": ""PD_0""}"
,,NONE,HOLD,PD_2,BLOCK_a_1aa,"{""pd_incharge"": ""PD_0""}"
,,NONE,SUBSET,BLOCK_a_1ab,BLOCK_SPACE_a,"{""pd_incharge"": ""PD_0""}"
,,NONE,HOLD,PD_2,BLOCK_a_1ab,"{""pd_incharge"": ""PD_0""}"
,,NONE,SUBSET,BLOCK_a_1ac,BLOCK_SPACE_a,"{""pd_incharge"": ""PD_0""}"
,,NONE,HOLD,PD_2,BLOCK_a_1ac,"{""pd_incharge"": ""PD_0""}"
,,NONE,SUBSET,BLOCK_a_1ad,BLOCK_SPACE_a,"{""pd_incharge"": ""PD_0""}"
,,NONE,HOLD,PD_2,BLOCK_a_1ad,"{""pd_incharge"": ""PD_0""}"
,,NONE,SUBSET,BLOCK_a_1ae,BLOCK_SPACE_a,"{""pd_incharge"": ""PD_0""}"
,,NONE,HOLD,PD_2,BLOCK_a_1ae,"{""pd_incharge"": ""PD_0""}"
,,NONE,SUBSET,BLOCK_a_1af,BLOCK_SPACE_a,"{""pd_incharge"": ""PD_0""}"
,,NONE,HOLD,PD_2,BLOCK_a_1af,"{""pd_incharge"": ""PD_0""}"
,,NONE,SUBSET,BLOCK_a_1b0,BLOCK_SPACE_a,"{""pd_incharge"": ""PD_0""}"
,,NONE,HOLD,PD_2,BLOCK_a_1b0,"{""pd_incharge"": ""PD_0""}"
,,NONE,SUBSET,BLOCK_a_1b1,BLOCK_SPACE_a,"{""pd_incharge"": ""PD_0""}"
,,NONE,HOLD,PD_2,BLOCK_a_1b1,"{""pd_incharge"": ""PD_0""}"
,,NONE,SUBSET,BLOCK_a_1b2,BLOCK_SPACE_a,"{""pd_incharge"": ""PD_0""}"
,,NONE,HOLD,PD_2,BLOCK_a_1b2,"{""pd_incharge"": ""PD_0""}"
,,NONE,SUBSET,BLOCK_a_1b3,BLOCK_SPACE_a,"{""pd_incharge"": ""PD_0""}"
,,NONE,HOLD,PD_2,BLOCK_a_1b3,"{""pd_incharge"": ""PD_0""}"
,,NONE,SUBSET,BLOCK_a_1b4,BLOCK_SPACE_a,"{""pd_incharge"": ""PD_0""}"
,,NONE,HOLD,PD_2,BLOCK_a_1b4,"{""pd_incharge"": ""PD_0""}"
,,NONE,SUBSET,BLOCK_a_1b5,BLOCK_SPACE_a,"{""pd_incharge"": ""PD_0""}"
,,NONE,HOLD,PD_2,BLOCK_a_1b5,"{""pd_incharge"": ""PD_0""}"
,,NONE,SUBSET,BLOCK_a_1b6,BLOCK_SPACE_a,"{""pd_incharge"": ""PD_0""}"
,,NONE,HOLD,PD_2,BLOCK_a_1b6,"{""pd_incharge"": ""PD_0""}"
,,NONE,SUBSET,BLOCK_a_1b7,BLOCK_SPACE_a,"{""pd_incharge"": ""PD_0""}"
,,NONE,HOLD,PD_2,BLOCK_a_1b7,"{""pd_incharge"": ""PD_0""}"
,,NONE,SUBSET,BLOCK_a_1b8,BLOCK_SPACE_a,"{""pd_incharge"": ""PD_0""}"
,,NONE,HOLD,PD_2,BLOCK_a_1b8,"{""pd_incharge"": ""PD_0""}"
,,NONE,SUBSET,BLOCK_a_1b9,BLOCK_SPACE_a,"{""pd_incharge"": ""PD_0""}"
,,NONE,HOLD,PD_2,BLOCK_a_1b9,"{""pd_incharge"": ""PD_0""}"
,,NONE,SUBSET,BLOCK_a_1ba,BLOCK_SPACE_a,"{""pd_incharge"": ""PD_0""}"
,,NONE,HOLD,PD_2,BLOCK_a_1ba,"{""pd_incharge"": ""PD_0""}"
,,NONE,SUBSET,BLOCK_a_1bb,BLOCK_SPACE_a,"{""pd_incharge"": ""PD_0""}"
,,NONE,HOLD,PD_2,BLOCK_a_1bb,"{""pd_incharge"": ""PD_0""}"
,,NONE,SUBSET,BLOCK_a_1bc,BLOCK_SPACE_a,"{""pd_incharge"": ""PD_0""}"
,,NONE,HOLD,PD_2,BLOCK_a_1bc,"{""pd_incharge"": ""PD_0""}"
,,NONE,SUBSET,BLOCK_a_1bd,BLOCK_SPACE_a,"{""pd_incharge"": ""PD_0""}"
,,NONE,HOLD,PD_2,BLOCK_a_1bd,"{""pd_incharge"": ""PD_0""}"
,,NONE,SUBSET,BLOCK_a_1be,BLOCK_SPACE_a,"{""pd_incharge"": ""PD_0""}"
,,NONE,HOLD,PD_2,BLOCK_a_1be,"{""pd_incharge"": ""PD_0""}"
,,NONE,SUBSET,BLOCK_a_1bf,BLOCK_SPACE_a,"{""pd_incharge"": ""PD_0""}"
,,NONE,HOLD,PD_2,BLOCK_a_1bf,"{""pd_incharge"": ""PD_0""}"
,,NONE,SUBSET,BLOCK_a_1c0,BLOCK_SPACE_a,"{""pd_incharge"": ""PD_0""}"
,,NONE,HOLD,PD_2,BLOCK_a_1c0,"{""pd_incharge"": ""PD_0""}"
,,NONE,SUBSET,BLOCK_a_1c1,BLOCK_SPACE_a,"{""pd_incharge"": ""PD_0""}"
,,NONE,HOLD,PD_2,BLOCK_a_1c1,"{""pd_incharge"": ""PD_0""}"
,,NONE,SUBSET,BLOCK_a_1c2,BLOCK_SPACE_a,"{""pd_incharge"": ""PD_0""}"
,,NONE,HOLD,PD_2,BLOCK_a_1c2,"{""pd_incharge"": ""PD_0""}"
,,NONE,SUBSET,BLOCK_a_1c3,BLOCK_SPACE_a,"{""pd_incharge"": ""PD_0""}"
,,NONE,HOLD,PD_2,BLOCK_a_1c3,"{""pd_incharge"": ""PD_0""}"
,,NONE,SUBSET,BLOCK_a_1c4,BLOCK_SPACE_a,"{""pd_incharge"": ""PD_0""}"
,,NONE,HOLD,PD_2,BLOCK_a_1c4,"{""pd_incharge"": ""PD_0""}"
,,NONE,SUBSET,BLOCK_a_1c5,BLOCK_SPACE_a,"{""pd_incharge"": ""PD_0""}"
,,NONE,HOLD,PD_2,BLOCK_a_1c5,"{""pd_incharge"": ""PD_0""}"
,,NONE,SUBSET,BLOCK_a_1c6,BLOCK_SPACE_a,"{""pd_incharge"": ""PD_0""}"
,,NONE,HOLD,PD_2,BLOCK_a_1c6,"{""pd_incharge"": ""PD_0""}"
,,NONE,SUBSET,BLOCK_a_1c7,BLOCK_SPACE_a,"{""pd_incharge"": ""PD_0""}"
,,NONE,HOLD,PD_2,BLOCK_a_1c7,"{""pd_incharge"": ""PD_0""}"
,,NONE,SUBSET,BLOCK_a_1c8,BLOCK_SPACE_a,"{""pd_incharge"": ""PD_0""}"
,,NONE,HOLD,PD_2,BLOCK_a_1c8,"{""pd_incharge"": ""PD_0""}"
,,NONE,SUBSET,BLOCK_a_1c9,BLOCK_SPACE_a,"{""pd_incharge"": ""PD_0""}"
,,NONE,HOLD,PD_2,BLOCK_a_1c9,"{""pd_incharge"": ""PD_0""}"
,,NONE,SUBSET,BLOCK_a_1ca,BLOCK_SPACE_a,"{""pd_incharge"": ""PD_0""}"
,,NONE,HOLD,PD_2,BLOCK_a_1ca,"{""pd_incharge"": ""PD_0""}"
,,NONE,SUBSET,BLOCK_a_1cb,BLOCK_SPACE_a,"{""pd_incharge"": ""PD_0""}"
,,NONE,HOLD,PD_2,BLOCK_a_1cb,"{""pd_incharge"": ""PD_0""}"
,,NONE,SUBSET,BLOCK_a_1cc,BLOCK_SPACE_a,"{""pd_incharge"": ""PD_0""}"
,,NONE,HOLD,PD_2,BLOCK_a_1cc,"{""pd_incharge"": ""PD_0""}"
,,NONE,SUBSET,BLOCK_a_1cd,BLOCK_SPACE_a,"{""pd_incharge"": ""PD_0""}"
,,NONE,HOLD,PD_2,BLOCK_a_1cd,"{""pd_incharge"": ""PD_0""}"
,,NONE,SUBSET,BLOCK_a_1ce,BLOCK_SPACE_a,"{""pd_incharge"": ""PD_0""}"
,,NONE,HOLD,PD_2,BLOCK_a_1ce,"{""pd_incharge"": ""PD_0""}"
,,NONE,SUBSET,BLOCK_a_1cf,BLOCK_SPACE_a,"{""pd_incharge"": ""PD_0""}"
,,NONE,HOLD,PD_2,BLOCK_a_1cf,"{""pd_incharge"": ""PD_0""}"
,,NONE,SUBSET,BLOCK_a_1d0,BLOCK_SPACE_a,"{""pd_incharge"": ""PD_0""}"
,,NONE,HOLD,PD_2,BLOCK_a_1d0,"{""pd_incharge"": ""PD_0""}"
,,NONE,SUBSET,BLOCK_a_1d1,BLOCK_SPACE_a,"{""pd_incharge"": ""PD_0""}"
,,NONE,HOLD,PD_2,BLOCK_a_1d1,"{""pd_incharge"": ""PD_0""}"
,,NONE,SUBSET,BLOCK_a_1d2,BLOCK_SPACE_a,"{""pd_incharge"": ""PD_0""}"
,,NONE,HOLD,PD_2,BLOCK_a_1d2,"{""pd_incharge"": ""PD_0""}"
,,NONE,SUBSET,BLOCK_a_1d3,BLOCK_SPACE_a,"{""pd_incharge"": ""PD_0""}"
,,NONE,HOLD,PD_2,BLOCK_a_1d3,"{""pd_incharge"": ""PD_0""}"
,,NONE,SUBSET,BLOCK_a_1d4,BLOCK_SPACE_a,"{""pd_incharge"": ""PD_0""}"
,,NONE,HOLD,PD_2,BLOCK_a_1d4,"{""pd_incharge"": ""PD_0""}"
,,NONE,SUBSET,BLOCK_a_1d5,BLOCK_SPACE_a,"{""pd_incharge"": ""PD_0""}"
,,NONE,HOLD,PD_2,BLOCK_a_1d5,"{""pd_incharge"": ""PD_0""}"
,,NONE,SUBSET,BLOCK_a_1d6,BLOCK_SPACE_a,"{""pd_incharge"": ""PD_0""}"
,,NONE,HOLD,PD_2,BLOCK_a_1d6,"{""pd_incharge"": ""PD_0""}"
,,NONE,SUBSET,BLOCK_a_1d7,BLOCK_SPACE_a,"{""pd_incharge"": ""PD_0""}"
,,NONE,HOLD,PD_2,BLOCK_a_1d7,"{""pd_incharge"": ""PD_0""}"
,,NONE,SUBSET,BLOCK_a_1d8,BLOCK_SPACE_a,"{""pd_incharge"": ""PD_0""}"
,,NONE,HOLD,PD_2,BLOCK_a_1d8,"{""pd_incharge"": ""PD_0""}"
,,NONE,SUBSET,BLOCK_a_1d9,BLOCK_SPACE_a,"{""pd_incharge"": ""PD_0""}"
,,NONE,HOLD,PD_2,BLOCK_a_1d9,"{""pd_incharge"": ""PD_0""}"
,,NONE,SUBSET,BLOCK_a_1da,BLOCK_SPACE_a,"{""pd_incharge"": ""PD_0""}"
,,NONE,HOLD,PD_2,BLOCK_a_1da,"{""pd_incharge"": ""PD_0""}"
,,NONE,SUBSET,BLOCK_a_1db,BLOCK_SPACE_a,"{""pd_incharge"": ""PD_0""}"
,,NONE,HOLD,PD_2,BLOCK_a_1db,"{""pd_incharge"": ""PD_0""}"
,,NONE,SUBSET,BLOCK_a_1dc,BLOCK_SPACE_a,"{""pd_incharge"": ""PD_0""}"
,,NONE,HOLD,PD_2,BLOCK_a_1dc,"{""pd_incharge"": ""PD_0""}"
,,NONE,SUBSET,BLOCK_a_1dd,BLOCK_SPACE_a,"{""pd_incharge"": ""PD_0""}"
,,NONE,HOLD,PD_2,BLOCK_a_1dd,"{""pd_incharge"": ""PD_0""}"
,,NONE,SUBSET,BLOCK_a_1de,BLOCK_SPACE_a,"{""pd_incharge"": ""PD_0""}"
,,NONE,HOLD,PD_2,BLOCK_a_1de,"{""pd_incharge"": ""PD_0""}"
,,NONE,SUBSET,BLOCK_a_1df,BLOCK_SPACE_a,"{""pd_incharge"": ""PD_0""}"
,,NONE,HOLD,PD_2,BLOCK_a_1df,"{""pd_incharge"": ""PD_0""}"
,,NONE,SUBSET,BLOCK_a_1e0,BLOCK_SPACE_a,"{""pd_incharge"": ""PD_0""}"
,,NONE,HOLD,PD_2,BLOCK_a_1e0,"{""pd_incharge"": ""PD_0""}"
,,NONE,SUBSET,BLOCK_a_1e1,BLOCK_SPACE_a,"{""pd_incharge"": ""PD_0""}"
,,NONE,HOLD,PD_2,BLOCK_a_1e1,"{""pd_incharge"": ""PD_0""}"
,,NONE,SUBSET,BLOCK_a_1e2,BLOCK_SPACE_a,"{""pd_incharge"": ""PD_0""}"
,,NONE,HOLD,PD_2,BLOCK_a_1e2,"{""pd_incharge"": ""PD_0""}"
,,NONE,SUBSET,BLOCK_a_1e3,BLOCK_SPACE_a,"{""pd_incharge"": ""PD_0""}"
,,NONE,HOLD,PD_2,BLOCK_a_1e3,"{""pd_incharge"": ""PD_0""}"
,,NONE,SUBSET,BLOCK_a_1e4,BLOCK_SPACE_a,"{""pd_incharge"": ""PD_0""}"
,,NONE,HOLD,PD_2,BLOCK_a_1e4,"{""pd_incharge"": ""PD_0""}"
,,NONE,SUBSET,BLOCK_a_1e5,BLOCK_SPACE_a,"{""pd_incharge"": ""PD_0""}"
,,NONE,HOLD,PD_2,BLOCK_a_1e5,"{""pd_incharge"": ""PD_0""}"
,,NONE,SUBSET,BLOCK_a_1e6,BLOCK_SPACE_a,"{""pd_incharge"": ""PD_0""}"
,,NONE,HOLD,PD_2,BLOCK_a_1e6,"{""pd_incharge"": ""PD_0""}"
,,NONE,SUBSET,BLOCK_a_1e7,BLOCK_SPACE_a,"{""pd_incharge"": ""PD_0""}"
,,NONE,HOLD,PD_2,BLOCK_a_1e7,"{""pd_incharge"": ""PD_0""}"
,,NONE,SUBSET,BLOCK_a_1e8,BLOCK_SPACE_a,"{""pd_incharge"": ""PD_0""}"
,,NONE,HOLD,PD_2,BLOCK_a_1e8,"{""pd_incharge"": ""PD_0""}"
,,NONE,SUBSET,BLOCK_a_1e9,BLOCK_SPACE_a,"{""pd_incharge"": ""PD_0""}"
,,NONE,HOLD,PD_2,BLOCK_a_1e9,"{""pd_incharge"": ""PD_0""}"
,,NONE,SUBSET,BLOCK_a_1ea,BLOCK_SPACE_a,"{""pd_incharge"": ""PD_0""}"
,,NONE,HOLD,PD_2,BLOCK_a_1ea,"{""pd_incharge"": ""PD_0""}"
,,NONE,SUBSET,BLOCK_a_1eb,BLOCK_SPACE_a,"{""pd_incharge"": ""PD_0""}"
,,NONE,HOLD,PD_2,BLOCK_a_1eb,"{""pd_incharge"": ""PD_0""}"
,,NONE,SUBSET,BLOCK_a_1ec,BLOCK_SPACE_a,"{""pd_incharge"": ""PD_0""}"
,,NONE,HOLD,PD_2,BLOCK_a_1ec,"{""pd_incharge"": ""PD_0""}"
,,NONE,SUBSET,BLOCK_a_1ed,BLOCK_SPACE_a,"{""pd_incharge"": ""PD_0""}"
,,NONE,HOLD,PD_2,BLOCK_a_1ed,"{""pd_incharge"": ""PD_0""}"
,,NONE,SUBSET,BLOCK_a_1ee,BLOCK_SPACE_a,"{""pd_incharge"": ""PD_0""}"
,,NONE,HOLD,PD_2,BLOCK_a_1ee,"{""pd_incharge"": ""PD_0""}"
,,NONE,SUBSET,BLOCK_a_1ef,BLOCK_SPACE_a,"{""pd_incharge"": ""PD_0""}"
,,NONE,HOLD,PD_2,BLOCK_a_1ef,"{""pd_incharge"": ""PD_0""}"
,,NONE,SUBSET,BLOCK_a_1f0,BLOCK_SPACE_a,"{""pd_incharge"": ""PD_0""}"
,,NONE,HOLD,PD_2,BLOCK_a_1f0,"{""pd_incharge"": ""PD_0""}"
,,NONE,SUBSET,BLOCK_a_1f1,BLOCK_SPACE_a,"{""pd_incharge"": ""PD_0""}"
,,NONE,HOLD,PD_2,BLOCK_a_1f1,"{""pd_incharge"": ""PD_0""}"
,,NONE,SUBSET,BLOCK_a_1f2,BLOCK_SPACE_a,"{""pd_incharge"": ""PD_0""}"
,,NONE,HOLD,PD_2,BLOCK_a_1f2,"{""pd_incharge"": ""PD_0""}"
,,NONE,SUBSET,BLOCK_a_1f3,BLOCK_SPACE_a,"{""pd_incharge"": ""PD_0""}"
,,NONE,HOLD,PD_2,BLOCK_a_1f3,"{""pd_incharge"": ""PD_0""}"
,,NONE,SUBSET,BLOCK_a_1f4,BLOCK_SPACE_a,"{""pd_incharge"": ""PD_0""}"
,,NONE,HOLD,PD_2,BLOCK_a_1f4,"{""pd_incharge"": ""PD_0""}"
,,NONE,SUBSET,BLOCK_a_1f5,BLOCK_SPACE_a,"{""pd_incharge"": ""PD_0""}"
,,NONE,HOLD,PD_2,BLOCK_a_1f5,"{""pd_incharge"": ""PD_0""}"
,,NONE,SUBSET,BLOCK_a_1f6,BLOCK_SPACE_a,"{""pd_incharge"": ""PD_0""}"
,,NONE,HOLD,PD_2,BLOCK_a_1f6,"{""pd_incharge"": ""PD_0""}"
,,NONE,SUBSET,BLOCK_a_1f7,BLOCK_SPACE_a,"{""pd_incharge"": ""PD_0""}"
,,NONE,HOLD,PD_2,BLOCK_a_1f7,"{""pd_incharge"": ""PD_0""}"
,,NONE,SUBSET,BLOCK_a_1f8,BLOCK_SPACE_a,"{""pd_incharge"": ""PD_0""}"
,,NONE,HOLD,PD_2,BLOCK_a_1f8,"{""pd_incharge"": ""PD_0""}"
,,NONE,SUBSET,BLOCK_a_1f9,BLOCK_SPACE_a,"{""pd_incharge"": ""PD_0""}"
,,NONE,HOLD,PD_2,BLOCK_a_1f9,"{""pd_incharge"": ""PD_0""}"
,,NONE,SUBSET,BLOCK_a_1fa,BLOCK_SPACE_a,"{""pd_incharge"": ""PD_0""}"
,,NONE,HOLD,PD_2,BLOCK_a_1fa,"{""pd_incharge"": ""PD_0""}"
,,NONE,SUBSET,BLOCK_a_1fb,BLOCK_SPACE_a,"{""pd_incharge"": ""PD_0""}"
,,NONE,HOLD,PD_2,BLOCK_a_1fb,"{""pd_incharge"": ""PD_0""}"
,,NONE,SUBSET,BLOCK_a_1fc,BLOCK_SPACE_a,"{""pd_incharge"": ""PD_0""}"
,,NONE,HOLD,PD_2,BLOCK_a_1fc,"{""pd_incharge"": ""PD_0""}"
,,NONE,SUBSET,BLOCK_a_1fd,BLOCK_SPACE_a,"{""pd_incharge"": ""PD_0""}"
,,NONE,HOLD,PD_2,BLOCK_a_1fd,"{""pd_incharge"": ""PD_0""}"
,,NONE,SUBSET,BLOCK_a_1fe,BLOCK_SPACE_a,"{""pd_incharge"": ""PD_0""}"
,,NONE,HOLD,PD_2,BLOCK_a_1fe,"{""pd_incharge"": ""PD_0""}"
,,NONE,SUBSET,BLOCK_a_1ff,BLOCK_SPACE_a,"{""pd_incharge"": ""PD_0""}"
,,NONE,HOLD,PD_2,BLOCK_a_1ff,"{""pd_incharge"": ""PD_0""}"
,,NONE,SUBSET,BLOCK_a_200,BLOCK_SPACE_a,"{""pd_incharge"": ""PD_0""}"
,,NONE,HOLD,PD_2,BLOCK_a_200,"{""pd_incharge"": ""PD_0""}"
,,NONE,SUBSET,BLOCK_a_201,BLOCK_SPACE_a,"{""pd_incharge"": ""PD_0""}"
,,NONE,HOLD,PD_2,BLOCK_a_201,"{""pd_incharge"": ""PD_0""}"
,,NONE,SUBSET,BLOCK_a_202,BLOCK_SPACE_a,"{""pd_incharge"": ""PD_0""}"
,,NONE,HOLD,PD_2,BLOCK_a_202,"{""pd_incharge"": ""PD_0""}"
,,NONE,SUBSET,BLOCK_a_203,BLOCK_SPACE_a,"{""pd_incharge"": ""PD_0""}"
,,NONE,HOLD,PD_2,BLOCK_a_203,"{""pd_incharge"": ""PD_0""}"
,,NONE,SUBSET,BLOCK_a_204,BLOCK_SPACE_a,"{""pd_incharge"": ""PD_0""}"
,,NONE,HOLD,PD_2,BLOCK_a_204,"{""pd_incharge"": ""PD_0""}"
,,NONE,SUBSET,BLOCK_a_205,BLOCK_SPACE_a,"{""pd_incharge"": ""PD_0""}"
,,NONE,HOLD,PD_2,BLOCK_a_205,"{""pd_incharge"": ""PD_0""}"
,,NONE,SUBSET,BLOCK_a_206,BLOCK_SPACE_a,"{""pd_incharge"": ""PD_0""}"
,,NONE,HOLD,PD_2,BLOCK_a_206,"{""pd_incharge"": ""PD_0""}"
,,NONE,SUBSET,BLOCK_a_207,BLOCK_SPACE_a,"{""pd_incharge"": ""PD_0""}"
,,NONE,HOLD,PD_2,BLOCK_a_207,"{""pd_incharge"": ""PD_0""}"
,,NONE,SUBSET,BLOCK_a_208,BLOCK_SPACE_a,"{""pd_incharge"": ""PD_0""}"
,,NONE,HOLD,PD_2,BLOCK_a_208,"{""pd_incharge"": ""PD_0""}"
,,NONE,SUBSET,BLOCK_a_209,BLOCK_SPACE_a,"{""pd_incharge"": ""PD_0""}"
,,NONE,HOLD,PD_2,BLOCK_a_209,"{""pd_incharge"": ""PD_0""}"
,,NONE,SUBSET,BLOCK_a_20a,BLOCK_SPACE_a,"{""pd_incharge"": ""PD_0""}"
,,NONE,HOLD,PD_2,BLOCK_a_20a,"{""pd_incharge"": ""PD_0""}"
,,NONE,SUBSET,BLOCK_a_20b,BLOCK_SPACE_a,"{""pd_incharge"": ""PD_0""}"
,,NONE,HOLD,PD_2,BLOCK_a_20b,"{""pd_incharge"": ""PD_0""}"
,,NONE,SUBSET,BLOCK_a_20c,BLOCK_SPACE_a,"{""pd_incharge"": ""PD_0""}"
,,NONE,HOLD,PD_2,BLOCK_a_20c,"{""pd_incharge"": ""PD_0""}"
,,NONE,SUBSET,BLOCK_a_20d,BLOCK_SPACE_a,"{""pd_incharge"": ""PD_0""}"
,,NONE,HOLD,PD_2,BLOCK_a_20d,"{""pd_incharge"": ""PD_0""}"
,,NONE,SUBSET,BLOCK_a_20e,BLOCK_SPACE_a,"{""pd_incharge"": ""PD_0""}"
,,NONE,HOLD,PD_2,BLOCK_a_20e,"{""pd_incharge"": ""PD_0""}"
,,NONE,SUBSET,BLOCK_a_20f,BLOCK_SPACE_a,"{""pd_incharge"": ""PD_0""}"
,,NONE,HOLD,PD_2,BLOCK_a_20f,"{""pd_incharge"": ""PD_0""}"
,,NONE,SUBSET,BLOCK_a_210,BLOCK_SPACE_a,"{""pd_incharge"": ""PD_0""}"
,,NONE,HOLD,PD_2,BLOCK_a_210,"{""pd_incharge"": ""PD_0""}"
,,NONE,SUBSET,BLOCK_a_211,BLOCK_SPACE_a,"{""pd_incharge"": ""PD_0""}"
,,NONE,HOLD,PD_2,BLOCK_a_211,"{""pd_incharge"": ""PD_0""}"
,,NONE,SUBSET,BLOCK_a_212,BLOCK_SPACE_a,"{""pd_incharge"": ""PD_0""}"
,,NONE,HOLD,PD_2,BLOCK_a_212,"{""pd_incharge"": ""PD_0""}"
,,NONE,SUBSET,BLOCK_a_213,BLOCK_SPACE_a,"{""pd_incharge"": ""PD_0""}"
,,NONE,HOLD,PD_2,BLOCK_a_213,"{""pd_incharge"": ""PD_0""}"
,,NONE,SUBSET,BLOCK_a_214,BLOCK_SPACE_a,"{""pd_incharge"": ""PD_0""}"
,,NONE,HOLD,PD_2,BLOCK_a_214,"{""pd_incharge"": ""PD_0""}"
,,NONE,SUBSET,BLOCK_a_215,BLOCK_SPACE_a,"{""pd_incharge"": ""PD_0""}"
,,NONE,HOLD,PD_2,BLOCK_a_215,"{""pd_incharge"": ""PD_0""}"
,,NONE,SUBSET,BLOCK_a_216,BLOCK_SPACE_a,"{""pd_incharge"": ""PD_0""}"
,,NONE,HOLD,PD_2,BLOCK_a_216,"{""pd_incharge"": ""PD_0""}"
,,NONE,SUBSET,BLOCK_a_217,BLOCK_SPACE_a,"{""pd_incharge"": ""PD_0""}"
,,NONE,HOLD,PD_2,BLOCK_a_217,"{""pd_incharge"": ""PD_0""}"
,,NONE,SUBSET,BLOCK_a_218,BLOCK_SPACE_a,"{""pd_incharge"": ""PD_0""}"
,,NONE,HOLD,PD_2,BLOCK_a_218,"{""pd_incharge"": ""PD_0""}"
,,NONE,SUBSET,BLOCK_a_219,BLOCK_SPACE_a,"{""pd_incharge"": ""PD_0""}"
,,NONE,HOLD,PD_2,BLOCK_a_219,"{""pd_incharge"": ""PD_0""}"
,,NONE,SUBSET,BLOCK_a_21a,BLOCK_SPACE_a,"{""pd_incharge"": ""PD_0""}"
,,NONE,HOLD,PD_2,BLOCK_a_21a,"{""pd_incharge"": ""PD_0""}"
,,NONE,SUBSET,BLOCK_a_21b,BLOCK_SPACE_a,"{""pd_incharge"": ""PD_0""}"
,,NONE,HOLD,PD_2,BLOCK_a_21b,"{""pd_incharge"": ""PD_0""}"
,,NONE,SUBSET,BLOCK_a_21c,BLOCK_SPACE_a,"{""pd_incharge"": ""PD_0""}"
,,NONE,HOLD,PD_2,BLOCK_a_21c,"{""pd_incharge"": ""PD_0""}"
,,NONE,SUBSET,BLOCK_a_21d,BLOCK_SPACE_a,"{""pd_incharge"": ""PD_0""}"
,,NONE,HOLD,PD_2,BLOCK_a_21d,"{""pd_incharge"": ""PD_0""}"
,,NONE,SUBSET,BLOCK_a_21e,BLOCK_SPACE_a,"{""pd_incharge"": ""PD_0""}"
,,NONE,HOLD,PD_2,BLOCK_a_21e,"{""pd_incharge"": ""PD_0""}"
,,NONE,SUBSET,BLOCK_a_21f,BLOCK_SPACE_a,"{""pd_incharge"": ""PD_0""}"
,,NONE,HOLD,PD_2,BLOCK_a_21f,"{""pd_incharge"": ""PD_0""}"
,,NONE,SUBSET,BLOCK_a_220,BLOCK_SPACE_a,"{""pd_incharge"": ""PD_0""}"
,,NONE,HOLD,PD_2,BLOCK_a_220,"{""pd_incharge"": ""PD_0""}"
,,NONE,SUBSET,BLOCK_a_221,BLOCK_SPACE_a,"{""pd_incharge"": ""PD_0""}"
,,NONE,HOLD,PD_2,BLOCK_a_221,"{""pd_incharge"": ""PD_0""}"
,,NONE,SUBSET,BLOCK_a_222,BLOCK_SPACE_a,"{""pd_incharge"": ""PD_0""}"
,,NONE,HOLD,PD_2,BLOCK_a_222,"{""pd_incharge"": ""PD_0""}"
,,NONE,SUBSET,BLOCK_a_223,BLOCK_SPACE_a,"{""pd_incharge"": ""PD_0""}"
,,NONE,HOLD,PD_2,BLOCK_a_223,"{""pd_incharge"": ""PD_0""}"
,,NONE,SUBSET,BLOCK_a_224,BLOCK_SPACE_a,"{""pd_incharge"": ""PD_0""}"
,,NONE,HOLD,PD_2,BLOCK_a_224,"{""pd_incharge"": ""PD_0""}"
,,NONE,SUBSET,BLOCK_a_225,BLOCK_SPACE_a,"{""pd_incharge"": ""PD_0""}"
,,NONE,HOLD,PD_2,BLOCK_a_225,"{""pd_incharge"": ""PD_0""}"
,,NONE,SUBSET,BLOCK_a_226,BLOCK_SPACE_a,"{""pd_incharge"": ""PD_0""}"
,,NONE,HOLD,PD_2,BLOCK_a_226,"{""pd_incharge"": ""PD_0""}"
,,NONE,SUBSET,BLOCK_a_227,BLOCK_SPACE_a,"{""pd_incharge"": ""PD_0""}"
,,NONE,HOLD,PD_2,BLOCK_a_227,"{""pd_incharge"": ""PD_0""}"
,,NONE,SUBSET,BLOCK_a_228,BLOCK_SPACE_a,"{""pd_incharge"": ""PD_0""}"
,,NONE,HOLD,PD_2,BLOCK_a_228,"{""pd_incharge"": ""PD_0""}"
,,NONE,SUBSET,BLOCK_a_229,BLOCK_SPACE_a,"{""pd_incharge"": ""PD_0""}"
,,NONE,HOLD,PD_2,BLOCK_a_229,"{""pd_incharge"": ""PD_0""}"
,,NONE,SUBSET,BLOCK_a_22a,BLOCK_SPACE_a,"{""pd_incharge"": ""PD_0""}"
,,NONE,HOLD,PD_2,BLOCK_a_22a,"{""pd_incharge"": ""PD_0""}"
,,NONE,SUBSET,BLOCK_a_22b,BLOCK_SPACE_a,"{""pd_incharge"": ""PD_0""}"
,,NONE,HOLD,PD_2,BLOCK_a_22b,"{""pd_incharge"": ""PD_0""}"
,,NONE,SUBSET,BLOCK_a_22c,BLOCK_SPACE_a,"{""pd_incharge"": ""PD_0""}"
,,NONE,HOLD,PD_2,BLOCK_a_22c,"{""pd_incharge"": ""PD_0""}"
,,NONE,SUBSET,BLOCK_a_22d,BLOCK_SPACE_a,"{""pd_incharge"": ""PD_0""}"
,,NONE,HOLD,PD_2,BLOCK_a_22d,"{""pd_incharge"": ""PD_0""}"
,,NONE,SUBSET,BLOCK_a_22e,BLOCK_SPACE_a,"{""pd_incharge"": ""PD_0""}"
,,NONE,HOLD,PD_2,BLOCK_a_22e,"{""pd_incharge"": ""PD_0""}"
,,NONE,SUBSET,BLOCK_a_22f,BLOCK_SPACE_a,"{""pd_incharge"": ""PD_0""}"
,,NONE,HOLD,PD_2,BLOCK_a_22f,"{""pd_incharge"": ""PD_0""}"
,,NONE,SUBSET,BLOCK_a_230,BLOCK_SPACE_a,"{""pd_incharge"": ""PD_0""}"
,,NONE,HOLD,PD_2,BLOCK_a_230,"{""pd_incharge"": ""PD_0""}"
,,NONE,SUBSET,BLOCK_a_231,BLOCK_SPACE_a,"{""pd_incharge"": ""PD_0""}"
,,NONE,HOLD,PD_2,BLOCK_a_231,"{""pd_incharge"": ""PD_0""}"
,,NONE,SUBSET,BLOCK_a_232,BLOCK_SPACE_a,"{""pd_incharge"": ""PD_0""}"
,,NONE,HOLD,PD_2,BLOCK_a_232,"{""pd_incharge"": ""PD_0""}"
,,NONE,SUBSET,BLOCK_a_233,BLOCK_SPACE_a,"{""pd_incharge"": ""PD_0""}"
,,NONE,HOLD,PD_2,BLOCK_a_233,"{""pd_incharge"": ""PD_0""}"
,,NONE,SUBSET,BLOCK_a_234,BLOCK_SPACE_a,"{""pd_incharge"": ""PD_0""}"
,,NONE,HOLD,PD_2,BLOCK_a_234,"{""pd_incharge"": ""PD_0""}"
,,NONE,SUBSET,BLOCK_a_235,BLOCK_SPACE_a,"{""pd_incharge"": ""PD_0""}"
,,NONE,HOLD,PD_2,BLOCK_a_235,"{""pd_incharge"": ""PD_0""}"
,,NONE,SUBSET,BLOCK_a_236,BLOCK_SPACE_a,"{""pd_incharge"": ""PD_0""}"
,,NONE,HOLD,PD_2,BLOCK_a_236,"{""pd_incharge"": ""PD_0""}"
,,NONE,SUBSET,BLOCK_a_237,BLOCK_SPACE_a,"{""pd_incharge"": ""PD_0""}"
,,NONE,HOLD,PD_2,BLOCK_a_237,"{""pd_incharge"": ""PD_0""}"
,,NONE,SUBSET,BLOCK_a_238,BLOCK_SPACE_a,"{""pd_incharge"": ""PD_0""}"
,,NONE,HOLD,PD_2,BLOCK_a_238,"{""pd_incharge"": ""PD_0""}"
,,NONE,SUBSET,BLOCK_a_239,BLOCK_SPACE_a,"{""pd_incharge"": ""PD_0""}"
,,NONE,HOLD,PD_2,BLOCK_a_239,"{""pd_incharge"": ""PD_0""}"
,,NONE,SUBSET,BLOCK_a_23a,BLOCK_SPACE_a,"{""pd_incharge"": ""PD_0""}"
,,NONE,HOLD,PD_2,BLOCK_a_23a,"{""pd_incharge"": ""PD_0""}"
,,NONE,SUBSET,BLOCK_a_23b,BLOCK_SPACE_a,"{""pd_incharge"": ""PD_0""}"
,,NONE,HOLD,PD_2,BLOCK_a_23b,"{""pd_incharge"": ""PD_0""}"
,,NONE,SUBSET,BLOCK_a_23c,BLOCK_SPACE_a,"{""pd_incharge"": ""PD_0""}"
,,NONE,HOLD,PD_2,BLOCK_a_23c,"{""pd_incharge"": ""PD_0""}"
,,NONE,SUBSET,BLOCK_a_23d,BLOCK_SPACE_a,"{""pd_incharge"": ""PD_0""}"
,,NONE,HOLD,PD_2,BLOCK_a_23d,"{""pd_incharge"": ""PD_0""}"
,,NONE,SUBSET,BLOCK_a_23e,BLOCK_SPACE_a,"{""pd_incharge"": ""PD_0""}"
,,NONE,HOLD,PD_2,BLOCK_a_23e,"{""pd_incharge"": ""PD_0""}"
,,NONE,SUBSET,BLOCK_a_23f,BLOCK_SPACE_a,"{""pd_incharge"": ""PD_0""}"
,,NONE,HOLD,PD_2,BLOCK_a_23f,"{""pd_incharge"": ""PD_0""}"
,,NONE,SUBSET,BLOCK_a_240,BLOCK_SPACE_a,"{""pd_incharge"": ""PD_0""}"
,,NONE,HOLD,PD_2,BLOCK_a_240,"{""pd_incharge"": ""PD_0""}"
,,NONE,SUBSET,BLOCK_a_241,BLOCK_SPACE_a,"{""pd_incharge"": ""PD_0""}"
,,NONE,HOLD,PD_2,BLOCK_a_241,"{""pd_incharge"": ""PD_0""}"
,,NONE,SUBSET,BLOCK_a_242,BLOCK_SPACE_a,"{""pd_incharge"": ""PD_0""}"
,,NONE,HOLD,PD_2,BLOCK_a_242,"{""pd_incharge"": ""PD_0""}"
,,NONE,SUBSET,BLOCK_a_243,BLOCK_SPACE_a,"{""pd_incharge"": ""PD_0""}"
,,NONE,HOLD,PD_2,BLOCK_a_243,"{""pd_incharge"": ""PD_0""}"
,,NONE,SUBSET,BLOCK_a_244,BLOCK_SPACE_a,"{""pd_incharge"": ""PD_0""}"
,,NONE,HOLD,PD_2,BLOCK_a_244,"{""pd_incharge"": ""PD_0""}"
,,NONE,SUBSET,BLOCK_a_245,BLOCK_SPACE_a,"{""pd_incharge"": ""PD_0""}"
,,NONE,HOLD,PD_2,BLOCK_a_245,"{""pd_incharge"": ""PD_0""}"
,,NONE,SUBSET,BLOCK_a_246,BLOCK_SPACE_a,"{""pd_incharge"": ""PD_0""}"
,,NONE,HOLD,PD_2,BLOCK_a_246,"{""pd_incharge"": ""PD_0""}"
,,NONE,SUBSET,BLOCK_a_247,BLOCK_SPACE_a,"{""pd_incharge"": ""PD_0""}"
,,NONE,HOLD,PD_2,BLOCK_a_247,"{""pd_incharge"": ""PD_0""}"
,,NONE,SUBSET,BLOCK_a_248,BLOCK_SPACE_a,"{""pd_incharge"": ""PD_0""}"
,,NONE,HOLD,PD_2,BLOCK_a_248,"{""pd_incharge"": ""PD_0""}"
,,NONE,SUBSET,BLOCK_a_249,BLOCK_SPACE_a,"{""pd_incharge"": ""PD_0""}"
,,NONE,HOLD,PD_2,BLOCK_a_249,"{""pd_incharge"": ""PD_0""}"
,,NONE,SUBSET,BLOCK_a_24a,BLOCK_SPACE_a,"{""pd_incharge"": ""PD_0""}"
,,NONE,HOLD,PD_2,BLOCK_a_24a,"{""pd_incharge"": ""PD_0""}"
,,NONE,SUBSET,BLOCK_a_24b,BLOCK_SPACE_a,"{""pd_incharge"": ""PD_0""}"
,,NONE,HOLD,PD_2,BLOCK_a_24b,"{""pd_incharge"": ""PD_0""}"
,,NONE,SUBSET,BLOCK_a_24c,BLOCK_SPACE_a,"{""pd_incharge"": ""PD_0""}"
,,NONE,HOLD,PD_2,BLOCK_a_24c,"{""pd_incharge"": ""PD_0""}"
,,NONE,SUBSET,BLOCK_a_24d,BLOCK_SPACE_a,"{""pd_incharge"": ""PD_0""}"
,,NONE,HOLD,PD_2,BLOCK_a_24d,"{""pd_incharge"": ""PD_0""}"
,,NONE,SUBSET,BLOCK_a_24e,BLOCK_SPACE_a,"{""pd_incharge"": ""PD_0""}"
,,NONE,HOLD,PD_2,BLOCK_a_24e,"{""pd_incharge"": ""PD_0""}"
,,NONE,SUBSET,BLOCK_a_24f,BLOCK_SPACE_a,"{""pd_incharge"": ""PD_0""}"
,,NONE,HOLD,PD_2,BLOCK_a_24f,"{""pd_incharge"": ""PD_0""}"
,,NONE,SUBSET,BLOCK_a_250,BLOCK_SPACE_a,"{""pd_incharge"": ""PD_0""}"
,,NONE,HOLD,PD_2,BLOCK_a_250,"{""pd_incharge"": ""PD_0""}"
,,NONE,SUBSET,BLOCK_a_251,BLOCK_SPACE_a,"{""pd_incharge"": ""PD_0""}"
,,NONE,HOLD,PD_2,BLOCK_a_251,"{""pd_incharge"": ""PD_0""}"
,,NONE,SUBSET,BLOCK_a_252,BLOCK_SPACE_a,"{""pd_incharge"": ""PD_0""}"
,,NONE,HOLD,PD_2,BLOCK_a_252,"{""pd_incharge"": ""PD_0""}"
,,NONE,SUBSET,BLOCK_a_253,BLOCK_SPACE_a,"{""pd_incharge"": ""PD_0""}"
,,NONE,HOLD,PD_2,BLOCK_a_253,"{""pd_incharge"": ""PD_0""}"
,,NONE,SUBSET,BLOCK_a_254,BLOCK_SPACE_a,"{""pd_incharge"": ""PD_0""}"
,,NONE,HOLD,PD_2,BLOCK_a_254,"{""pd_incharge"": ""PD_0""}"
,,NONE,SUBSET,BLOCK_a_255,BLOCK_SPACE_a,"{""pd_incharge"": ""PD_0""}"
,,NONE,HOLD,PD_2,BLOCK_a_255,"{""pd_incharge"": ""PD_0""}"
,,NONE,SUBSET,BLOCK_a_256,BLOCK_SPACE_a,"{""pd_incharge"": ""PD_0""}"
,,NONE,HOLD,PD_2,BLOCK_a_256,"{""pd_incharge"": ""PD_0""}"
,,NONE,SUBSET,BLOCK_a_257,BLOCK_SPACE_a,"{""pd_incharge"": ""PD_0""}"
,,NONE,HOLD,PD_2,BLOCK_a_257,"{""pd_incharge"": ""PD_0""}"
,,NONE,SUBSET,BLOCK_a_258,BLOCK_SPACE_a,"{""pd_incharge"": ""PD_0""}"
,,NONE,HOLD,PD_2,BLOCK_a_258,"{""pd_incharge"": ""PD_0""}"
,,NONE,SUBSET,BLOCK_a_259,BLOCK_SPACE_a,"{""pd_incharge"": ""PD_0""}"
,,NONE,HOLD,PD_2,BLOCK_a_259,"{""pd_incharge"": ""PD_0""}"
,,NONE,SUBSET,BLOCK_a_25a,BLOCK_SPACE_a,"{""pd_incharge"": ""PD_0""}"
,,NONE,HOLD,PD_2,BLOCK_a_25a,"{""pd_incharge"": ""PD_0""}"
,,NONE,SUBSET,BLOCK_a_25b,BLOCK_SPACE_a,"{""pd_incharge"": ""PD_0""}"
,,NONE,HOLD,PD_2,BLOCK_a_25b,"{""pd_incharge"": ""PD_0""}"
,,NONE,SUBSET,BLOCK_a_25c,BLOCK_SPACE_a,"{""pd_incharge"": ""PD_0""}"
,,NONE,HOLD,PD_2,BLOCK_a_25c,"{""pd_incharge"": ""PD_0""}"
,,NONE,SUBSET,BLOCK_a_25d,BLOCK_SPACE_a,"{""pd_incharge"": ""PD_0""}"
,,NONE,HOLD,PD_2,BLOCK_a_25d,"{""pd_incharge"": ""PD_0""}"
,,NONE,SUBSET,BLOCK_a_25e,BLOCK_SPACE_a,"{""pd_incharge"": ""PD_0""}"
,,NONE,HOLD,PD_2,BLOCK_a_25e,"{""pd_incharge"": ""PD_0""}"
,,NONE,SUBSET,BLOCK_a_25f,BLOCK_SPACE_a,"{""pd_incharge"": ""PD_0""}"
,,NONE,HOLD,PD_2,BLOCK_a_25f,"{""pd_incharge"": ""PD_0""}"
,,NONE,SUBSET,BLOCK_a_260,BLOCK_SPACE_a,"{""pd_incharge"": ""PD_0""}"
,,NONE,HOLD,PD_2,BLOCK_a_260,"{""pd_incharge"": ""PD_0""}"
,,NONE,SUBSET,BLOCK_a_261,BLOCK_SPACE_a,"{""pd_incharge"": ""PD_0""}"
,,NONE,HOLD,PD_2,BLOCK_a_261,"{""pd_incharge"": ""PD_0""}"
,,NONE,SUBSET,BLOCK_a_262,BLOCK_SPACE_a,"{""pd_incharge"": ""PD_0""}"
,,NONE,HOLD,PD_2,BLOCK_a_262,"{""pd_incharge"": ""PD_0""}"
,,NONE,SUBSET,BLOCK_a_263,BLOCK_SPACE_a,"{""pd_incharge"": ""PD_0""}"
,,NONE,HOLD,PD_2,BLOCK_a_263,"{""pd_incharge"": ""PD_0""}"
,,NONE,SUBSET,BLOCK_a_264,BLOCK_SPACE_a,"{""pd_incharge"": ""PD_0""}"
,,NONE,HOLD,PD_2,BLOCK_a_264,"{""pd_incharge"": ""PD_0""}"
,,NONE,SUBSET,BLOCK_a_265,BLOCK_SPACE_a,"{""pd_incharge"": ""PD_0""}"
,,NONE,HOLD,PD_2,BLOCK_a_265,"{""pd_incharge"": ""PD_0""}"
,,NONE,SUBSET,BLOCK_a_266,BLOCK_SPACE_a,"{""pd_incharge"": ""PD_0""}"
,,NONE,HOLD,PD_2,BLOCK_a_266,"{""pd_incharge"": ""PD_0""}"
,,NONE,SUBSET,BLOCK_a_267,BLOCK_SPACE_a,"{""pd_incharge"": ""PD_0""}"
,,NONE,HOLD,PD_2,BLOCK_a_267,"{""pd_incharge"": ""PD_0""}"
,,NONE,SUBSET,BLOCK_a_268,BLOCK_SPACE_a,"{""pd_incharge"": ""PD_0""}"
,,NONE,HOLD,PD_2,BLOCK_a_268,"{""pd_incharge"": ""PD_0""}"
,,NONE,SUBSET,BLOCK_a_269,BLOCK_SPACE_a,"{""pd_incharge"": ""PD_0""}"
,,NONE,HOLD,PD_2,BLOCK_a_269,"{""pd_incharge"": ""PD_0""}"
,,NONE,SUBSET,BLOCK_a_26a,BLOCK_SPACE_a,"{""pd_incharge"": ""PD_0""}"
,,NONE,HOLD,PD_2,BLOCK_a_26a,"{""pd_incharge"": ""PD_0""}"
,,NONE,SUBSET,BLOCK_a_26b,BLOCK_SPACE_a,"{""pd_incharge"": ""PD_0""}"
,,NONE,HOLD,PD_2,BLOCK_a_26b,"{""pd_incharge"": ""PD_0""}"
,,NONE,SUBSET,BLOCK_a_26c,BLOCK_SPACE_a,"{""pd_incharge"": ""PD_0""}"
,,NONE,HOLD,PD_2,BLOCK_a_26c,"{""pd_incharge"": ""PD_0""}"
,,NONE,SUBSET,BLOCK_a_26d,BLOCK_SPACE_a,"{""pd_incharge"": ""PD_0""}"
,,NONE,HOLD,PD_2,BLOCK_a_26d,"{""pd_incharge"": ""PD_0""}"
,,NONE,SUBSET,BLOCK_a_26e,BLOCK_SPACE_a,"{""pd_incharge"": ""PD_0""}"
,,NONE,HOLD,PD_2,BLOCK_a_26e,"{""pd_incharge"": ""PD_0""}"
,,NONE,SUBSET,BLOCK_a_26f,BLOCK_SPACE_a,"{""pd_incharge"": ""PD_0""}"
,,NONE,HOLD,PD_2,BLOCK_a_26f,"{""pd_incharge"": ""PD_0""}"
,,NONE,SUBSET,BLOCK_a_270,BLOCK_SPACE_a,"{""pd_incharge"": ""PD_0""}"
,,NONE,HOLD,PD_2,BLOCK_a_270,"{""pd_incharge"": ""PD_0""}"
,,NONE,SUBSET,BLOCK_a_271,BLOCK_SPACE_a,"{""pd_incharge"": ""PD_0""}"
,,NONE,HOLD,PD_2,BLOCK_a_271,"{""pd_incharge"": ""PD_0""}"
,,NONE,SUBSET,BLOCK_a_272,BLOCK_SPACE_a,"{""pd_incharge"": ""PD_0""}"
,,NONE,HOLD,PD_2,BLOCK_a_272,"{""pd_incharge"": ""PD_0""}"
,,NONE,SUBSET,BLOCK_a_273,BLOCK_SPACE_a,"{""pd_incharge"": ""PD_0""}"
,,NONE,HOLD,PD_2,BLOCK_a_273,"{""pd_incharge"": ""PD_0""}"
,,NONE,SUBSET,BLOCK_a_274,BLOCK_SPACE_a,"{""pd_incharge"": ""PD_0""}"
,,NONE,HOLD,PD_2,BLOCK_a_274,"{""pd_incharge"": ""PD_0""}"
,,NONE,SUBSET,BLOCK_a_275,BLOCK_SPACE_a,"{""pd_incharge"": ""PD_0""}"
,,NONE,HOLD,PD_2,BLOCK_a_275,"{""pd_incharge"": ""PD_0""}"
,,NONE,SUBSET,BLOCK_a_276,BLOCK_SPACE_a,"{""pd_incharge"": ""PD_0""}"
,,NONE,HOLD,PD_2,BLOCK_a_276,"{""pd_incharge"": ""PD_0""}"
,,NONE,SUBSET,BLOCK_a_277,BLOCK_SPACE_a,"{""pd_incharge"": ""PD_0""}"
,,NONE,HOLD,PD_2,BLOCK_a_277,"{""pd_incharge"": ""PD_0""}"
,,NONE,SUBSET,BLOCK_a_278,BLOCK_SPACE_a,"{""pd_incharge"": ""PD_0""}"
,,NONE,HOLD,PD_2,BLOCK_a_278,"{""pd_incharge"": ""PD_0""}"
,,NONE,SUBSET,BLOCK_a_279,BLOCK_SPACE_a,"{""pd_incharge"": ""PD_0""}"
,,NONE,HOLD,PD_2,BLOCK_a_279,"{""pd_incharge"": ""PD_0""}"
,,NONE,SUBSET,BLOCK_a_27a,BLOCK_SPACE_a,"{""pd_incharge"": ""PD_0""}"
,,NONE,HOLD,PD_2,BLOCK_a_27a,"{""pd_incharge"": ""PD_0""}"
,,NONE,SUBSET,BLOCK_a_27b,BLOCK_SPACE_a,"{""pd_incharge"": ""PD_0""}"
,,NONE,HOLD,PD_2,BLOCK_a_27b,"{""pd_incharge"": ""PD_0""}"
,,NONE,SUBSET,BLOCK_a_27c,BLOCK_SPACE_a,"{""pd_incharge"": ""PD_0""}"
,,NONE,HOLD,PD_2,BLOCK_a_27c,"{""pd_incharge"": ""PD_0""}"
,,NONE,SUBSET,BLOCK_a_27d,BLOCK_SPACE_a,"{""pd_incharge"": ""PD_0""}"
,,NONE,HOLD,PD_2,BLOCK_a_27d,"{""pd_incharge"": ""PD_0""}"
,,NONE,SUBSET,BLOCK_a_27e,BLOCK_SPACE_a,"{""pd_incharge"": ""PD_0""}"
,,NONE,HOLD,PD_2,BLOCK_a_27e,"{""pd_incharge"": ""PD_0""}"
,,NONE,SUBSET,BLOCK_a_27f,BLOCK_SPACE_a,"{""pd_incharge"": ""PD_0""}"
,,NONE,HOLD,PD_2,BLOCK_a_27f,"{""pd_incharge"": ""PD_0""}"
,,NONE,SUBSET,BLOCK_a_280,BLOCK_SPACE_a,"{""pd_incharge"": ""PD_0""}"
,,NONE,HOLD,PD_2,BLOCK_a_280,"{""pd_incharge"": ""PD_0""}"
,,NONE,SUBSET,BLOCK_a_281,BLOCK_SPACE_a,"{""pd_incharge"": ""PD_0""}"
,,NONE,HOLD,PD_2,BLOCK_a_281,"{""pd_incharge"": ""PD_0""}"
,,NONE,SUBSET,BLOCK_a_282,BLOCK_SPACE_a,"{""pd_incharge"": ""PD_0""}"
,,NONE,HOLD,PD_2,BLOCK_a_282,"{""pd_incharge"": ""PD_0""}"
,,NONE,SUBSET,BLOCK_a_283,BLOCK_SPACE_a,"{""pd_incharge"": ""PD_0""}"
,,NONE,HOLD,PD_2,BLOCK_a_283,"{""pd_incharge"": ""PD_0""}"
,,NONE,SUBSET,BLOCK_a_284,BLOCK_SPACE_a,"{""pd_incharge"": ""PD_0""}"
,,NONE,HOLD,PD_2,BLOCK_a_284,"{""pd_incharge"": ""PD_0""}"
,,NONE,SUBSET,BLOCK_a_285,BLOCK_SPACE_a,"{""pd_incharge"": ""PD_0""}"
,,NONE,HOLD,PD_2,BLOCK_a_285,"{""pd_incharge"": ""PD_0""}"
,,NONE,SUBSET,BLOCK_a_286,BLOCK_SPACE_a,"{""pd_incharge"": ""PD_0""}"
,,NONE,HOLD,PD_2,BLOCK_a_286,"{""pd_incharge"": ""PD_0""}"
,,NONE,SUBSET,BLOCK_a_287,BLOCK_SPACE_a,"{""pd_incharge"": ""PD_0""}"
,,NONE,HOLD,PD_2,BLOCK_a_287,"{""pd_incharge"": ""PD_0""}"
,,NONE,SUBSET,BLOCK_a_288,BLOCK_SPACE_a,"{""pd_incharge"": ""PD_0""}"
,,NONE,HOLD,PD_2,BLOCK_a_288,"{""pd_incharge"": ""PD_0""}"
,,NONE,SUBSET,BLOCK_a_289,BLOCK_SPACE_a,"{""pd_incharge"": ""PD_0""}"
,,NONE,HOLD,PD_2,BLOCK_a_289,"{""pd_incharge"": ""PD_0""}"
,,NONE,SUBSET,BLOCK_a_28a,BLOCK_SPACE_a,"{""pd_incharge"": ""PD_0""}"
,,NONE,HOLD,PD_2,BLOCK_a_28a,"{""pd_incharge"": ""PD_0""}"
,,NONE,SUBSET,BLOCK_a_28b,BLOCK_SPACE_a,"{""pd_incharge"": ""PD_0""}"
,,NONE,HOLD,PD_2,BLOCK_a_28b,"{""pd_incharge"": ""PD_0""}"
,,NONE,SUBSET,BLOCK_a_28c,BLOCK_SPACE_a,"{""pd_incharge"": ""PD_0""}"
,,NONE,HOLD,PD_2,BLOCK_a_28c,"{""pd_incharge"": ""PD_0""}"
,,NONE,SUBSET,BLOCK_a_28d,BLOCK_SPACE_a,"{""pd_incharge"": ""PD_0""}"
,,NONE,HOLD,PD_2,BLOCK_a_28d,"{""pd_incharge"": ""PD_0""}"
,,NONE,SUBSET,BLOCK_a_28e,BLOCK_SPACE_a,"{""pd_incharge"": ""PD_0""}"
,,NONE,HOLD,PD_2,BLOCK_a_28e,"{""pd_incharge"": ""PD_0""}"
,,NONE,SUBSET,BLOCK_a_28f,BLOCK_SPACE_a,"{""pd_incharge"": ""PD_0""}"
,,NONE,HOLD,PD_2,BLOCK_a_28f,"{""pd_incharge"": ""PD_0""}"
,,NONE,SUBSET,BLOCK_a_290,BLOCK_SPACE_a,"{""pd_incharge"": ""PD_0""}"
,,NONE,HOLD,PD_2,BLOCK_a_290,"{""pd_incharge"": ""PD_0""}"
,,NONE,SUBSET,BLOCK_a_291,BLOCK_SPACE_a,"{""pd_incharge"": ""PD_0""}"
,,NONE,HOLD,PD_2,BLOCK_a_291,"{""pd_incharge"": ""PD_0""}"
,,NONE,SUBSET,BLOCK_a_292,BLOCK_SPACE_a,"{""pd_incharge"": ""PD_0""}"
,,NONE,HOLD,PD_2,BLOCK_a_292,"{""pd_incharge"": ""PD_0""}"
,,NONE,SUBSET,BLOCK_a_293,BLOCK_SPACE_a,"{""pd_incharge"": ""PD_0""}"
,,NONE,HOLD,PD_2,BLOCK_a_293,"{""pd_incharge"": ""PD_0""}"
,,NONE,SUBSET,BLOCK_a_294,BLOCK_SPACE_a,"{""pd_incharge"": ""PD_0""}"
,,NONE,HOLD,PD_2,BLOCK_a_294,"{""pd_incharge"": ""PD_0""}"
,,NONE,SUBSET,BLOCK_a_295,BLOCK_SPACE_a,"{""pd_incharge"": ""PD_0""}"
,,NONE,HOLD,PD_2,BLOCK_a_295,"{""pd_incharge"": ""PD_0""}"
,,NONE,SUBSET,BLOCK_a_296,BLOCK_SPACE_a,"{""pd_incharge"": ""PD_0""}"
,,NONE,HOLD,PD_2,BLOCK_a_296,"{""pd_incharge"": ""PD_0""}"
,,NONE,SUBSET,BLOCK_a_297,BLOCK_SPACE_a,"{""pd_incharge"": ""PD_0""}"
,,NONE,HOLD,PD_2,BLOCK_a_297,"{""pd_incharge"": ""PD_0""}"
,,NONE,SUBSET,BLOCK_a_298,BLOCK_SPACE_a,"{""pd_incharge"": ""PD_0""}"
,,NONE,HOLD,PD_2,BLOCK_a_298,"{""pd_incharge"": ""PD_0""}"
,,NONE,SUBSET,BLOCK_a_299,BLOCK_SPACE_a,"{""pd_incharge"": ""PD_0""}"
,,NONE,HOLD,PD_2,BLOCK_a_299,"{""pd_incharge"": ""PD_0""}"
,,NONE,SUBSET,BLOCK_a_29a,BLOCK_SPACE_a,"{""pd_incharge"": ""PD_0""}"
,,NONE,HOLD,PD_2,BLOCK_a_29a,"{""pd_incharge"": ""PD_0""}"
,,NONE,SUBSET,BLOCK_a_29b,BLOCK_SPACE_a,"{""pd_incharge"": ""PD_0""}"
,,NONE,HOLD,PD_2,BLOCK_a_29b,"{""pd_incharge"": ""PD_0""}"
,,NONE,SUBSET,BLOCK_a_29c,BLOCK_SPACE_a,"{""pd_incharge"": ""PD_0""}"
,,NONE,HOLD,PD_2,BLOCK_a_29c,"{""pd_incharge"": ""PD_0""}"
,,NONE,SUBSET,BLOCK_a_29d,BLOCK_SPACE_a,"{""pd_incharge"": ""PD_0""}"
,,NONE,HOLD,PD_2,BLOCK_a_29d,"{""pd_incharge"": ""PD_0""}"
,,NONE,SUBSET,BLOCK_a_29e,BLOCK_SPACE_a,"{""pd_incharge"": ""PD_0""}"
,,NONE,HOLD,PD_2,BLOCK_a_29e,"{""pd_incharge"": ""PD_0""}"
,,NONE,SUBSET,BLOCK_a_29f,BLOCK_SPACE_a,"{""pd_incharge"": ""PD_0""}"
,,NONE,HOLD,PD_2,BLOCK_a_29f,"{""pd_incharge"": ""PD_0""}"
,,NONE,SUBSET,BLOCK_a_2a0,BLOCK_SPACE_a,"{""pd_incharge"": ""PD_0""}"
,,NONE,HOLD,PD_2,BLOCK_a_2a0,"{""pd_incharge"": ""PD_0""}"
,,NONE,SUBSET,BLOCK_a_2a1,BLOCK_SPACE_a,"{""pd_incharge"": ""PD_0""}"
,,NONE,HOLD,PD_2,BLOCK_a_2a1,"{""pd_incharge"": ""PD_0""}"
,,NONE,SUBSET,BLOCK_a_2a2,BLOCK_SPACE_a,"{""pd_incharge"": ""PD_0""}"
,,NONE,HOLD,PD_2,BLOCK_a_2a2,"{""pd_incharge"": ""PD_0""}"
,,NONE,SUBSET,BLOCK_a_2a3,BLOCK_SPACE_a,"{""pd_incharge"": ""PD_0""}"
,,NONE,HOLD,PD_2,BLOCK_a_2a3,"{""pd_incharge"": ""PD_0""}"
,,NONE,SUBSET,BLOCK_a_2a4,BLOCK_SPACE_a,"{""pd_incharge"": ""PD_0""}"
,,NONE,HOLD,PD_2,BLOCK_a_2a4,"{""pd_incharge"": ""PD_0""}"
,,NONE,SUBSET,BLOCK_a_2a5,BLOCK_SPACE_a,"{""pd_incharge"": ""PD_0""}"
,,NONE,HOLD,PD_2,BLOCK_a_2a5,"{""pd_incharge"": ""PD_0""}"
,,NONE,SUBSET,BLOCK_a_2a6,BLOCK_SPACE_a,"{""pd_incharge"": ""PD_0""}"
,,NONE,HOLD,PD_2,BLOCK_a_2a6,"{""pd_incharge"": ""PD_0""}"
,,NONE,SUBSET,BLOCK_a_2a7,BLOCK_SPACE_a,"{""pd_incharge"": ""PD_0""}"
,,NONE,HOLD,PD_2,BLOCK_a_2a7,"{""pd_incharge"": ""PD_0""}"
,,NONE,SUBSET,BLOCK_a_2a8,BLOCK_SPACE_a,"{""pd_incharge"": ""PD_0""}"
,,NONE,HOLD,PD_2,BLOCK_a_2a8,"{""pd_incharge"": ""PD_0""}"
,,NONE,SUBSET,BLOCK_a_2a9,BLOCK_SPACE_a,"{""pd_incharge"": ""PD_0""}"
,,NONE,HOLD,PD_2,BLOCK_a_2a9,"{""pd_incharge"": ""PD_0""}"
,,NONE,SUBSET,BLOCK_a_2aa,BLOCK_SPACE_a,"{""pd_incharge"": ""PD_0""}"
,,NONE,HOLD,PD_2,BLOCK_a_2aa,"{""pd_incharge"": ""PD_0""}"
,,NONE,SUBSET,BLOCK_a_2ab,BLOCK_SPACE_a,"{""pd_incharge"": ""PD_0""}"
,,NONE,HOLD,PD_2,BLOCK_a_2ab,"{""pd_incharge"": ""PD_0""}"
,,NONE,SUBSET,BLOCK_a_2ac,BLOCK_SPACE_a,"{""pd_incharge"": ""PD_0""}"
,,NONE,HOLD,PD_2,BLOCK_a_2ac,"{""pd_incharge"": ""PD_0""}"
,,NONE,SUBSET,BLOCK_a_2ad,BLOCK_SPACE_a,"{""pd_incharge"": ""PD_0""}"
,,NONE,HOLD,PD_2,BLOCK_a_2ad,"{""pd_incharge"": ""PD_0""}"
,,NONE,SUBSET,BLOCK_a_2ae,BLOCK_SPACE_a,"{""pd_incharge"": ""PD_0""}"
,,NONE,HOLD,PD_2,BLOCK_a_2ae,"{""pd_incharge"": ""PD_0""}"
,,NONE,SUBSET,BLOCK_a_2af,BLOCK_SPACE_a,"{""pd_incharge"": ""PD_0""}"
,,NONE,HOLD,PD_2,BLOCK_a_2af,"{""pd_incharge"": ""PD_0""}"
,,NONE,SUBSET,BLOCK_a_2b0,BLOCK_SPACE_a,"{""pd_incharge"": ""PD_0""}"
,,NONE,HOLD,PD_2,BLOCK_a_2b0,"{""pd_incharge"": ""PD_0""}"
,,NONE,SUBSET,BLOCK_a_2b1,BLOCK_SPACE_a,"{""pd_incharge"": ""PD_0""}"
,,NONE,HOLD,PD_2,BLOCK_a_2b1,"{""pd_incharge"": ""PD_0""}"
,,NONE,SUBSET,BLOCK_a_2b2,BLOCK_SPACE_a,"{""pd_incharge"": ""PD_0""}"
,,NONE,HOLD,PD_2,BLOCK_a_2b2,"{""pd_incharge"": ""PD_0""}"
,,NONE,SUBSET,BLOCK_a_2b3,BLOCK_SPACE_a,"{""pd_incharge"": ""PD_0""}"
,,NONE,HOLD,PD_2,BLOCK_a_2b3,"{""pd_incharge"": ""PD_0""}"
,,NONE,SUBSET,BLOCK_a_2b4,BLOCK_SPACE_a,"{""pd_incharge"": ""PD_0""}"
,,NONE,HOLD,PD_2,BLOCK_a_2b4,"{""pd_incharge"": ""PD_0""}"
,,NONE,SUBSET,BLOCK_a_2b5,BLOCK_SPACE_a,"{""pd_incharge"": ""PD_0""}"
,,NONE,HOLD,PD_2,BLOCK_a_2b5,"{""pd_incharge"": ""PD_0""}"
,,NONE,SUBSET,BLOCK_a_2b6,BLOCK_SPACE_a,"{""pd_incharge"": ""PD_0""}"
,,NONE,HOLD,PD_2,BLOCK_a_2b6,"{""pd_incharge"": ""PD_0""}"
,,NONE,SUBSET,BLOCK_a_2b7,BLOCK_SPACE_a,"{""pd_incharge"": ""PD_0""}"
,,NONE,HOLD,PD_2,BLOCK_a_2b7,"{""pd_incharge"": ""PD_0""}"
,,NONE,SUBSET,BLOCK_a_2b8,BLOCK_SPACE_a,"{""pd_incharge"": ""PD_0""}"
,,NONE,HOLD,PD_2,BLOCK_a_2b8,"{""pd_incharge"": ""PD_0""}"
,,NONE,SUBSET,BLOCK_a_2b9,BLOCK_SPACE_a,"{""pd_incharge"": ""PD_0""}"
,,NONE,HOLD,PD_2,BLOCK_a_2b9,"{""pd_incharge"": ""PD_0""}"
,,NONE,SUBSET,BLOCK_a_2ba,BLOCK_SPACE_a,"{""pd_incharge"": ""PD_0""}"
,,NONE,HOLD,PD_2,BLOCK_a_2ba,"{""pd_incharge"": ""PD_0""}"
,,NONE,SUBSET,BLOCK_a_2bb,BLOCK_SPACE_a,"{""pd_incharge"": ""PD_0""}"
,,NONE,HOLD,PD_2,BLOCK_a_2bb,"{""pd_incharge"": ""PD_0""}"
,,NONE,SUBSET,BLOCK_a_2bc,BLOCK_SPACE_a,"{""pd_incharge"": ""PD_0""}"
,,NONE,HOLD,PD_2,BLOCK_a_2bc,"{""pd_incharge"": ""PD_0""}"
,,NONE,SUBSET,BLOCK_a_2bd,BLOCK_SPACE_a,"{""pd_incharge"": ""PD_0""}"
,,NONE,HOLD,PD_2,BLOCK_a_2bd,"{""pd_incharge"": ""PD_0""}"
,,NONE,SUBSET,BLOCK_a_2be,BLOCK_SPACE_a,"{""pd_incharge"": ""PD_0""}"
,,NONE,HOLD,PD_2,BLOCK_a_2be,"{""pd_incharge"": ""PD_0""}"
,,NONE,SUBSET,BLOCK_a_2bf,BLOCK_SPACE_a,"{""pd_incharge"": ""PD_0""}"
,,NONE,HOLD,PD_2,BLOCK_a_2bf,"{""pd_incharge"": ""PD_0""}"
,,NONE,SUBSET,BLOCK_a_2c0,BLOCK_SPACE_a,"{""pd_incharge"": ""PD_0""}"
,,NONE,HOLD,PD_2,BLOCK_a_2c0,"{""pd_incharge"": ""PD_0""}"
,,NONE,SUBSET,BLOCK_a_2c1,BLOCK_SPACE_a,"{""pd_incharge"": ""PD_0""}"
,,NONE,HOLD,PD_2,BLOCK_a_2c1,"{""pd_incharge"": ""PD_0""}"
,,NONE,SUBSET,BLOCK_a_2c2,BLOCK_SPACE_a,"{""pd_incharge"": ""PD_0""}"
,,NONE,HOLD,PD_2,BLOCK_a_2c2,"{""pd_incharge"": ""PD_0""}"
,,NONE,SUBSET,BLOCK_a_2c3,BLOCK_SPACE_a,"{""pd_incharge"": ""PD_0""}"
,,NONE,HOLD,PD_2,BLOCK_a_2c3,"{""pd_incharge"": ""PD_0""}"
,,NONE,SUBSET,BLOCK_a_2c4,BLOCK_SPACE_a,"{""pd_incharge"": ""PD_0""}"
,,NONE,HOLD,PD_2,BLOCK_a_2c4,"{""pd_incharge"": ""PD_0""}"
,,NONE,SUBSET,BLOCK_a_2c5,BLOCK_SPACE_a,"{""pd_incharge"": ""PD_0""}"
,,NONE,HOLD,PD_2,BLOCK_a_2c5,"{""pd_incharge"": ""PD_0""}"
,,NONE,SUBSET,BLOCK_a_2c6,BLOCK_SPACE_a,"{""pd_incharge"": ""PD_0""}"
,,NONE,HOLD,PD_2,BLOCK_a_2c6,"{""pd_incharge"": ""PD_0""}"
,,NONE,SUBSET,BLOCK_a_2c7,BLOCK_SPACE_a,"{""pd_incharge"": ""PD_0""}"
,,NONE,HOLD,PD_2,BLOCK_a_2c7,"{""pd_incharge"": ""PD_0""}"
,,NONE,SUBSET,BLOCK_a_2c8,BLOCK_SPACE_a,"{""pd_incharge"": ""PD_0""}"
,,NONE,HOLD,PD_2,BLOCK_a_2c8,"{""pd_incharge"": ""PD_0""}"
,,NONE,SUBSET,BLOCK_a_2c9,BLOCK_SPACE_a,"{""pd_incharge"": ""PD_0""}"
,,NONE,HOLD,PD_2,BLOCK_a_2c9,"{""pd_incharge"": ""PD_0""}"
,,NONE,SUBSET,BLOCK_a_2ca,BLOCK_SPACE_a,"{""pd_incharge"": ""PD_0""}"
,,NONE,HOLD,PD_2,BLOCK_a_2ca,"{""pd_incharge"": ""PD_0""}"
,,NONE,SUBSET,BLOCK_a_2cb,BLOCK_SPACE_a,"{""pd_incharge"": ""PD_0""}"
,,NONE,HOLD,PD_2,BLOCK_a_2cb,"{""pd_incharge"": ""PD_0""}"
,,NONE,SUBSET,BLOCK_a_2cc,BLOCK_SPACE_a,"{""pd_incharge"": ""PD_0""}"
,,NONE,HOLD,PD_2,BLOCK_a_2cc,"{""pd_incharge"": ""PD_0""}"
,,NONE,SUBSET,BLOCK_a_2cd,BLOCK_SPACE_a,"{""pd_incharge"": ""PD_0""}"
,,NONE,HOLD,PD_2,BLOCK_a_2cd,"{""pd_incharge"": ""PD_0""}"
,,NONE,SUBSET,BLOCK_a_2ce,BLOCK_SPACE_a,"{""pd_incharge"": ""PD_0""}"
,,NONE,HOLD,PD_2,BLOCK_a_2ce,"{""pd_incharge"": ""PD_0""}"
,,NONE,SUBSET,BLOCK_a_2cf,BLOCK_SPACE_a,"{""pd_incharge"": ""PD_0""}"
,,NONE,HOLD,PD_2,BLOCK_a_2cf,"{""pd_incharge"": ""PD_0""}"
,,NONE,SUBSET,BLOCK_a_2d0,BLOCK_SPACE_a,"{""pd_incharge"": ""PD_0""}"
,,NONE,HOLD,PD_2,BLOCK_a_2d0,"{""pd_incharge"": ""PD_0""}"
,,NONE,SUBSET,BLOCK_a_2d1,BLOCK_SPACE_a,"{""pd_incharge"": ""PD_0""}"
,,NONE,HOLD,PD_2,BLOCK_a_2d1,"{""pd_incharge"": ""PD_0""}"
,,NONE,SUBSET,BLOCK_a_2d2,BLOCK_SPACE_a,"{""pd_incharge"": ""PD_0""}"
,,NONE,HOLD,PD_2,BLOCK_a_2d2,"{""pd_incharge"": ""PD_0""}"
,,NONE,SUBSET,BLOCK_a_2d3,BLOCK_SPACE_a,"{""pd_incharge"": ""PD_0""}"
,,NONE,HOLD,PD_2,BLOCK_a_2d3,"{""pd_incharge"": ""PD_0""}"
,,NONE,SUBSET,BLOCK_a_2d4,BLOCK_SPACE_a,"{""pd_incharge"": ""PD_0""}"
,,NONE,HOLD,PD_2,BLOCK_a_2d4,"{""pd_incharge"": ""PD_0""}"
,,NONE,SUBSET,BLOCK_a_2d5,BLOCK_SPACE_a,"{""pd_incharge"": ""PD_0""}"
,,NONE,HOLD,PD_2,BLOCK_a_2d5,"{""pd_incharge"": ""PD_0""}"
,,NONE,SUBSET,BLOCK_a_2d6,BLOCK_SPACE_a,"{""pd_incharge"": ""PD_0""}"
,,NONE,HOLD,PD_2,BLOCK_a_2d6,"{""pd_incharge"": ""PD_0""}"
,,NONE,SUBSET,BLOCK_a_2d7,BLOCK_SPACE_a,"{""pd_incharge"": ""PD_0""}"
,,NONE,HOLD,PD_2,BLOCK_a_2d7,"{""pd_incharge"": ""PD_0""}"
,,NONE,SUBSET,BLOCK_a_2d8,BLOCK_SPACE_a,"{""pd_incharge"": ""PD_0""}"
,,NONE,HOLD,PD_2,BLOCK_a_2d8,"{""pd_incharge"": ""PD_0""}"
,,NONE,SUBSET,BLOCK_a_2d9,BLOCK_SPACE_a,"{""pd_incharge"": ""PD_0""}"
,,NONE,HOLD,PD_2,BLOCK_a_2d9,"{""pd_incharge"": ""PD_0""}"
,,NONE,SUBSET,BLOCK_a_2da,BLOCK_SPACE_a,"{""pd_incharge"": ""PD_0""}"
,,NONE,HOLD,PD_2,BLOCK_a_2da,"{""pd_incharge"": ""PD_0""}"
,,NONE,SUBSET,BLOCK_a_2db,BLOCK_SPACE_a,"{""pd_incharge"": ""PD_0""}"
,,NONE,HOLD,PD_2,BLOCK_a_2db,"{""pd_incharge"": ""PD_0""}"
,,NONE,SUBSET,BLOCK_a_2dc,BLOCK_SPACE_a,"{""pd_incharge"": ""PD_0""}"
,,NONE,HOLD,PD_2,BLOCK_a_2dc,"{""pd_incharge"": ""PD_0""}"
,,NONE,SUBSET,BLOCK_a_2dd,BLOCK_SPACE_a,"{""pd_incharge"": ""PD_0""}"
,,NONE,HOLD,PD_2,BLOCK_a_2dd,"{""pd_incharge"": ""PD_0""}"
,,NONE,SUBSET,BLOCK_a_2de,BLOCK_SPACE_a,"{""pd_incharge"": ""PD_0""}"
,,NONE,HOLD,PD_2,BLOCK_a_2de,"{""pd_incharge"": ""PD_0""}"
,,NONE,SUBSET,BLOCK_a_2df,BLOCK_SPACE_a,"{""pd_incharge"": ""PD_0""}"
,,NONE,HOLD,PD_2,BLOCK_a_2df,"{""pd_incharge"": ""PD_0""}"
,,NONE,SUBSET,BLOCK_a_2e0,BLOCK_SPACE_a,"{""pd_incharge"": ""PD_0""}"
,,NONE,HOLD,PD_2,BLOCK_a_2e0,"{""pd_incharge"": ""PD_0""}"
,,NONE,SUBSET,BLOCK_a_2e1,BLOCK_SPACE_a,"{""pd_incharge"": ""PD_0""}"
,,NONE,HOLD,PD_2,BLOCK_a_2e1,"{""pd_incharge"": ""PD_0""}"
,,NONE,SUBSET,BLOCK_a_2e2,BLOCK_SPACE_a,"{""pd_incharge"": ""PD_0""}"
,,NONE,HOLD,PD_2,BLOCK_a_2e2,"{""pd_incharge"": ""PD_0""}"
,,NONE,SUBSET,BLOCK_a_2e3,BLOCK_SPACE_a,"{""pd_incharge"": ""PD_0""}"
,,NONE,HOLD,PD_2,BLOCK_a_2e3,"{""pd_incharge"": ""PD_0""}"
,,NONE,SUBSET,BLOCK_a_2e4,BLOCK_SPACE_a,"{""pd_incharge"": ""PD_0""}"
,,NONE,HOLD,PD_2,BLOCK_a_2e4,"{""pd_incharge"": ""PD_0""}"
,,NONE,SUBSET,BLOCK_a_2e5,BLOCK_SPACE_a,"{""pd_incharge"": ""PD_0""}"
,,NONE,HOLD,PD_2,BLOCK_a_2e5,"{""pd_incharge"": ""PD_0""}"
,,NONE,SUBSET,BLOCK_a_2e6,BLOCK_SPACE_a,"{""pd_incharge"": ""PD_0""}"
,,NONE,HOLD,PD_2,BLOCK_a_2e6,"{""pd_incharge"": ""PD_0""}"
,,NONE,SUBSET,BLOCK_a_2e7,BLOCK_SPACE_a,"{""pd_incharge"": ""PD_0""}"
,,NONE,HOLD,PD_2,BLOCK_a_2e7,"{""pd_incharge"": ""PD_0""}"
,,NONE,SUBSET,BLOCK_a_2e8,BLOCK_SPACE_a,"{""pd_incharge"": ""PD_0""}"
,,NONE,HOLD,PD_2,BLOCK_a_2e8,"{""pd_incharge"": ""PD_0""}"
,,NONE,SUBSET,BLOCK_a_2e9,BLOCK_SPACE_a,"{""pd_incharge"": ""PD_0""}"
,,NONE,HOLD,PD_2,BLOCK_a_2e9,"{""pd_incharge"": ""PD_0""}"
,,NONE,SUBSET,BLOCK_a_2ea,BLOCK_SPACE_a,"{""pd_incharge"": ""PD_0""}"
,,NONE,HOLD,PD_2,BLOCK_a_2ea,"{""pd_incharge"": ""PD_0""}"
,,NONE,SUBSET,BLOCK_a_2eb,BLOCK_SPACE_a,"{""pd_incharge"": ""PD_0""}"
,,NONE,HOLD,PD_2,BLOCK_a_2eb,"{""pd_incharge"": ""PD_0""}"
,,NONE,SUBSET,BLOCK_a_2ec,BLOCK_SPACE_a,"{""pd_incharge"": ""PD_0""}"
,,NONE,HOLD,PD_2,BLOCK_a_2ec,"{""pd_incharge"": ""PD_0""}"
,,NONE,SUBSET,BLOCK_a_2ed,BLOCK_SPACE_a,"{""pd_incharge"": ""PD_0""}"
,,NONE,HOLD,PD_2,BLOCK_a_2ed,"{""pd_incharge"": ""PD_0""}"
,,NONE,SUBSET,BLOCK_a_2ee,BLOCK_SPACE_a,"{""pd_incharge"": ""PD_0""}"
,,NONE,HOLD,PD_2,BLOCK_a_2ee,"{""pd_incharge"": ""PD_0""}"
,,NONE,SUBSET,BLOCK_a_2ef,BLOCK_SPACE_a,"{""pd_incharge"": ""PD_0""}"
,,NONE,HOLD,PD_2,BLOCK_a_2ef,"{""pd_incharge"": ""PD_0""}"
,,NONE,SUBSET,BLOCK_a_2f0,BLOCK_SPACE_a,"{""pd_incharge"": ""PD_0""}"
,,NONE,HOLD,PD_2,BLOCK_a_2f0,"{""pd_incharge"": ""PD_0""}"
,,NONE,SUBSET,BLOCK_a_2f1,BLOCK_SPACE_a,"{""pd_incharge"": ""PD_0""}"
,,NONE,HOLD,PD_2,BLOCK_a_2f1,"{""pd_incharge"": ""PD_0""}"
,,NONE,SUBSET,BLOCK_a_2f2,BLOCK_SPACE_a,"{""pd_incharge"": ""PD_0""}"
,,NONE,HOLD,PD_2,BLOCK_a_2f2,"{""pd_incharge"": ""PD_0""}"
,,NONE,SUBSET,BLOCK_a_2f3,BLOCK_SPACE_a,"{""pd_incharge"": ""PD_0""}"
,,NONE,HOLD,PD_2,BLOCK_a_2f3,"{""pd_incharge"": ""PD_0""}"
,,NONE,SUBSET,BLOCK_a_2f4,BLOCK_SPACE_a,"{""pd_incharge"": ""PD_0""}"
,,NONE,HOLD,PD_2,BLOCK_a_2f4,"{""pd_incharge"": ""PD_0""}"
,,NONE,SUBSET,BLOCK_a_2f5,BLOCK_SPACE_a,"{""pd_incharge"": ""PD_0""}"
,,NONE,HOLD,PD_2,BLOCK_a_2f5,"{""pd_incharge"": ""PD_0""}"
,,NONE,SUBSET,BLOCK_a_2f6,BLOCK_SPACE_a,"{""pd_incharge"": ""PD_0""}"
,,NONE,HOLD,PD_2,BLOCK_a_2f6,"{""pd_incharge"": ""PD_0""}"
,,NONE,SUBSET,BLOCK_a_2f7,BLOCK_SPACE_a,"{""pd_incharge"": ""PD_0""}"
,,NONE,HOLD,PD_2,BLOCK_a_2f7,"{""pd_incharge"": ""PD_0""}"
,,NONE,SUBSET,BLOCK_a_2f8,BLOCK_SPACE_a,"{""pd_incharge"": ""PD_0""}"
,,NONE,HOLD,PD_2,BLOCK_a_2f8,"{""pd_incharge"": ""PD_0""}"
,,NONE,SUBSET,BLOCK_a_2f9,BLOCK_SPACE_a,"{""pd_incharge"": ""PD_0""}"
,,NONE,HOLD,PD_2,BLOCK_a_2f9,"{""pd_incharge"": ""PD_0""}"
,,NONE,SUBSET,BLOCK_a_2fa,BLOCK_SPACE_a,"{""pd_incharge"": ""PD_0""}"
,,NONE,HOLD,PD_2,BLOCK_a_2fa,"{""pd_incharge"": ""PD_0""}"
,,NONE,SUBSET,BLOCK_a_2fb,BLOCK_SPACE_a,"{""pd_incharge"": ""PD_0""}"
,,NONE,HOLD,PD_2,BLOCK_a_2fb,"{""pd_incharge"": ""PD_0""}"
,,NONE,SUBSET,BLOCK_a_2fc,BLOCK_SPACE_a,"{""pd_incharge"": ""PD_0""}"
,,NONE,HOLD,PD_2,BLOCK_a_2fc,"{""pd_incharge"": ""PD_0""}"
,,NONE,SUBSET,BLOCK_a_2fd,BLOCK_SPACE_a,"{""pd_incharge"": ""PD_0""}"
,,NONE,HOLD,PD_2,BLOCK_a_2fd,"{""pd_incharge"": ""PD_0""}"
,,NONE,SUBSET,BLOCK_a_2fe,BLOCK_SPACE_a,"{""pd_incharge"": ""PD_0""}"
,,NONE,HOLD,PD_2,BLOCK_a_2fe,"{""pd_incharge"": ""PD_0""}"
,,NONE,SUBSET,BLOCK_a_2ff,BLOCK_SPACE_a,"{""pd_incharge"": ""PD_0""}"
,,NONE,HOLD,PD_2,BLOCK_a_2ff,"{""pd_incharge"": ""PD_0""}"
,,NONE,SUBSET,BLOCK_a_300,BLOCK_SPACE_a,"{""pd_incharge"": ""PD_0""}"
,,NONE,HOLD,PD_2,BLOCK_a_300,"{""pd_incharge"": ""PD_0""}"
,,NONE,SUBSET,BLOCK_a_301,BLOCK_SPACE_a,"{""pd_incharge"": ""PD_0""}"
,,NONE,HOLD,PD_2,BLOCK_a_301,"{""pd_incharge"": ""PD_0""}"
,,NONE,SUBSET,BLOCK_a_302,BLOCK_SPACE_a,"{""pd_incharge"": ""PD_0""}"
,,NONE,HOLD,PD_2,BLOCK_a_302,"{""pd_incharge"": ""PD_0""}"
,,NONE,SUBSET,BLOCK_a_303,BLOCK_SPACE_a,"{""pd_incharge"": ""PD_0""}"
,,NONE,HOLD,PD_2,BLOCK_a_303,"{""pd_incharge"": ""PD_0""}"
,,NONE,SUBSET,BLOCK_a_304,BLOCK_SPACE_a,"{""pd_incharge"": ""PD_0""}"
,,NONE,HOLD,PD_2,BLOCK_a_304,"{""pd_incharge"": ""PD_0""}"
,,NONE,SUBSET,BLOCK_a_305,BLOCK_SPACE_a,"{""pd_incharge"": ""PD_0""}"
,,NONE,HOLD,PD_2,BLOCK_a_305,"{""pd_incharge"": ""PD_0""}"
,,NONE,SUBSET,BLOCK_a_306,BLOCK_SPACE_a,"{""pd_incharge"": ""PD_0""}"
,,NONE,HOLD,PD_2,BLOCK_a_306,"{""pd_incharge"": ""PD_0""}"
,,NONE,SUBSET,BLOCK_a_307,BLOCK_SPACE_a,"{""pd_incharge"": ""PD_0""}"
,,NONE,HOLD,PD_2,BLOCK_a_307,"{""pd_incharge"": ""PD_0""}"
,,NONE,SUBSET,BLOCK_a_308,BLOCK_SPACE_a,"{""pd_incharge"": ""PD_0""}"
,,NONE,HOLD,PD_2,BLOCK_a_308,"{""pd_incharge"": ""PD_0""}"
,,NONE,SUBSET,BLOCK_a_309,BLOCK_SPACE_a,"{""pd_incharge"": ""PD_0""}"
,,NONE,HOLD,PD_2,BLOCK_a_309,"{""pd_incharge"": ""PD_0""}"
,,NONE,SUBSET,BLOCK_a_30a,BLOCK_SPACE_a,"{""pd_incharge"": ""PD_0""}"
,,NONE,HOLD,PD_2,BLOCK_a_30a,"{""pd_incharge"": ""PD_0""}"
,,NONE,SUBSET,BLOCK_a_30b,BLOCK_SPACE_a,"{""pd_incharge"": ""PD_0""}"
,,NONE,HOLD,PD_2,BLOCK_a_30b,"{""pd_incharge"": ""PD_0""}"
,,NONE,SUBSET,BLOCK_a_30c,BLOCK_SPACE_a,"{""pd_incharge"": ""PD_0""}"
,,NONE,HOLD,PD_2,BLOCK_a_30c,"{""pd_incharge"": ""PD_0""}"
,,NONE,SUBSET,BLOCK_a_30d,BLOCK_SPACE_a,"{""pd_incharge"": ""PD_0""}"
,,NONE,HOLD,PD_2,BLOCK_a_30d,"{""pd_incharge"": ""PD_0""}"
,,NONE,SUBSET,BLOCK_a_30e,BLOCK_SPACE_a,"{""pd_incharge"": ""PD_0""}"
,,NONE,HOLD,PD_2,BLOCK_a_30e,"{""pd_incharge"": ""PD_0""}"
,,NONE,SUBSET,BLOCK_a_30f,BLOCK_SPACE_a,"{""pd_incharge"": ""PD_0""}"
,,NONE,HOLD,PD_2,BLOCK_a_30f,"{""pd_incharge"": ""PD_0""}"
,,NONE,SUBSET,BLOCK_a_310,BLOCK_SPACE_a,"{""pd_incharge"": ""PD_0""}"
,,NONE,HOLD,PD_2,BLOCK_a_310,"{""pd_incharge"": ""PD_0""}"
,,NONE,SUBSET,BLOCK_a_311,BLOCK_SPACE_a,"{""pd_incharge"": ""PD_0""}"
,,NONE,HOLD,PD_2,BLOCK_a_311,"{""pd_incharge"": ""PD_0""}"
,,NONE,SUBSET,BLOCK_a_312,BLOCK_SPACE_a,"{""pd_incharge"": ""PD_0""}"
,,NONE,HOLD,PD_2,BLOCK_a_312,"{""pd_incharge"": ""PD_0""}"
,,NONE,SUBSET,BLOCK_a_313,BLOCK_SPACE_a,"{""pd_incharge"": ""PD_0""}"
,,NONE,HOLD,PD_2,BLOCK_a_313,"{""pd_incharge"": ""PD_0""}"
,,NONE,SUBSET,BLOCK_a_314,BLOCK_SPACE_a,"{""pd_incharge"": ""PD_0""}"
,,NONE,HOLD,PD_2,BLOCK_a_314,"{""pd_incharge"": ""PD_0""}"
,,NONE,SUBSET,BLOCK_a_315,BLOCK_SPACE_a,"{""pd_incharge"": ""PD_0""}"
,,NONE,HOLD,PD_2,BLOCK_a_315,"{""pd_incharge"": ""PD_0""}"
,,NONE,SUBSET,BLOCK_a_316,BLOCK_SPACE_a,"{""pd_incharge"": ""PD_0""}"
,,NONE,HOLD,PD_2,BLOCK_a_316,"{""pd_incharge"": ""PD_0""}"
,,NONE,SUBSET,BLOCK_a_317,BLOCK_SPACE_a,"{""pd_incharge"": ""PD_0""}"
,,NONE,HOLD,PD_2,BLOCK_a_317,"{""pd_incharge"": ""PD_0""}"
,,NONE,SUBSET,BLOCK_a_318,BLOCK_SPACE_a,"{""pd_incharge"": ""PD_0""}"
,,NONE,HOLD,PD_2,BLOCK_a_318,"{""pd_incharge"": ""PD_0""}"
,,NONE,SUBSET,BLOCK_a_319,BLOCK_SPACE_a,"{""pd_incharge"": ""PD_0""}"
,,NONE,HOLD,PD_2,BLOCK_a_319,"{""pd_incharge"": ""PD_0""}"
,,NONE,SUBSET,BLOCK_a_31a,BLOCK_SPACE_a,"{""pd_incharge"": ""PD_0""}"
,,NONE,HOLD,PD_2,BLOCK_a_31a,"{""pd_incharge"": ""PD_0""}"
,,NONE,SUBSET,BLOCK_a_31b,BLOCK_SPACE_a,"{""pd_incharge"": ""PD_0""}"
,,NONE,HOLD,PD_2,BLOCK_a_31b,"{""pd_incharge"": ""PD_0""}"
,,NONE,SUBSET,BLOCK_a_31c,BLOCK_SPACE_a,"{""pd_incharge"": ""PD_0""}"
,,NONE,HOLD,PD_2,BLOCK_a_31c,"{""pd_incharge"": ""PD_0""}"
,,NONE,SUBSET,BLOCK_a_31d,BLOCK_SPACE_a,"{""pd_incharge"": ""PD_0""}"
,,NONE,HOLD,PD_2,BLOCK_a_31d,"{""pd_incharge"": ""PD_0""}"
,,NONE,SUBSET,BLOCK_a_31e,BLOCK_SPACE_a,"{""pd_incharge"": ""PD_0""}"
,,NONE,HOLD,PD_2,BLOCK_a_31e,"{""pd_incharge"": ""PD_0""}"
,,NONE,SUBSET,BLOCK_a_31f,BLOCK_SPACE_a,"{""pd_incharge"": ""PD_0""}"
,,NONE,HOLD,PD_2,BLOCK_a_31f,"{""pd_incharge"": ""PD_0""}"
,,NONE,SUBSET,BLOCK_a_320,BLOCK_SPACE_a,"{""pd_incharge"": ""PD_0""}"
,,NONE,HOLD,PD_2,BLOCK_a_320,"{""pd_incharge"": ""PD_0""}"
,,NONE,SUBSET,BLOCK_a_321,BLOCK_SPACE_a,"{""pd_incharge"": ""PD_0""}"
,,NONE,HOLD,PD_2,BLOCK_a_321,"{""pd_incharge"": ""PD_0""}"
,,NONE,SUBSET,BLOCK_a_322,BLOCK_SPACE_a,"{""pd_incharge"": ""PD_0""}"
,,NONE,HOLD,PD_2,BLOCK_a_322,"{""pd_incharge"": ""PD_0""}"
,,NONE,SUBSET,BLOCK_a_323,BLOCK_SPACE_a,"{""pd_incharge"": ""PD_0""}"
,,NONE,HOLD,PD_2,BLOCK_a_323,"{""pd_incharge"": ""PD_0""}"
,,NONE,SUBSET,BLOCK_a_324,BLOCK_SPACE_a,"{""pd_incharge"": ""PD_0""}"
,,NONE,HOLD,PD_2,BLOCK_a_324,"{""pd_incharge"": ""PD_0""}"
,,NONE,SUBSET,BLOCK_a_325,BLOCK_SPACE_a,"{""pd_incharge"": ""PD_0""}"
,,NONE,HOLD,PD_2,BLOCK_a_325,"{""pd_incharge"": ""PD_0""}"
,,NONE,SUBSET,BLOCK_a_326,BLOCK_SPACE_a,"{""pd_incharge"": ""PD_0""}"
,,NONE,HOLD,PD_2,BLOCK_a_326,"{""pd_incharge"": ""PD_0""}"
,,NONE,SUBSET,BLOCK_a_327,BLOCK_SPACE_a,"{""pd_incharge"": ""PD_0""}"
,,NONE,HOLD,PD_2,BLOCK_a_327,"{""pd_incharge"": ""PD_0""}"
,,NONE,SUBSET,BLOCK_a_328,BLOCK_SPACE_a,"{""pd_incharge"": ""PD_0""}"
,,NONE,HOLD,PD_2,BLOCK_a_328,"{""pd_incharge"": ""PD_0""}"
,,NONE,SUBSET,BLOCK_a_329,BLOCK_SPACE_a,"{""pd_incharge"": ""PD_0""}"
,,NONE,HOLD,PD_2,BLOCK_a_329,"{""pd_incharge"": ""PD_0""}"
,,NONE,SUBSET,BLOCK_a_32a,BLOCK_SPACE_a,"{""pd_incharge"": ""PD_0""}"
,,NONE,HOLD,PD_2,BLOCK_a_32a,"{""pd_incharge"": ""PD_0""}"
,,NONE,SUBSET,BLOCK_a_32b,BLOCK_SPACE_a,"{""pd_incharge"": ""PD_0""}"
,,NONE,HOLD,PD_2,BLOCK_a_32b,"{""pd_incharge"": ""PD_0""}"
,,NONE,SUBSET,BLOCK_a_32c,BLOCK_SPACE_a,"{""pd_incharge"": ""PD_0""}"
,,NONE,HOLD,PD_2,BLOCK_a_32c,"{""pd_incharge"": ""PD_0""}"
,,NONE,SUBSET,BLOCK_a_32d,BLOCK_SPACE_a,"{""pd_incharge"": ""PD_0""}"
,,NONE,HOLD,PD_2,BLOCK_a_32d,"{""pd_incharge"": ""PD_0""}"
,,NONE,SUBSET,BLOCK_a_32e,BLOCK_SPACE_a,"{""pd_incharge"": ""PD_0""}"
,,NONE,HOLD,PD_2,BLOCK_a_32e,"{""pd_incharge"": ""PD_0""}"
,,NONE,SUBSET,BLOCK_a_32f,BLOCK_SPACE_a,"{""pd_incharge"": ""PD_0""}"
,,NONE,HOLD,PD_2,BLOCK_a_32f,"{""pd_incharge"": ""PD_0""}"
,,NONE,SUBSET,BLOCK_a_330,BLOCK_SPACE_a,"{""pd_incharge"": ""PD_0""}"
,,NONE,HOLD,PD_2,BLOCK_a_330,"{""pd_incharge"": ""PD_0""}"
,,NONE,SUBSET,BLOCK_a_331,BLOCK_SPACE_a,"{""pd_incharge"": ""PD_0""}"
,,NONE,HOLD,PD_2,BLOCK_a_331,"{""pd_incharge"": ""PD_0""}"
,,NONE,SUBSET,BLOCK_a_332,BLOCK_SPACE_a,"{""pd_incharge"": ""PD_0""}"
,,NONE,HOLD,PD_2,BLOCK_a_332,"{""pd_incharge"": ""PD_0""}"
,,NONE,SUBSET,BLOCK_a_333,BLOCK_SPACE_a,"{""pd_incharge"": ""PD_0""}"
,,NONE,HOLD,PD_2,BLOCK_a_333,"{""pd_incharge"": ""PD_0""}"
,,NONE,SUBSET,BLOCK_a_334,BLOCK_SPACE_a,"{""pd_incharge"": ""PD_0""}"
,,NONE,HOLD,PD_2,BLOCK_a_334,"{""pd_incharge"": ""PD_0""}"
,,NONE,SUBSET,BLOCK_a_335,BLOCK_SPACE_a,"{""pd_incharge"": ""PD_0""}"
,,NONE,HOLD,PD_2,BLOCK_a_335,"{""pd_incharge"": ""PD_0""}"
,,NONE,SUBSET,BLOCK_a_336,BLOCK_SPACE_a,"{""pd_incharge"": ""PD_0""}"
,,NONE,HOLD,PD_2,BLOCK_a_336,"{""pd_incharge"": ""PD_0""}"
,,NONE,SUBSET,BLOCK_a_337,BLOCK_SPACE_a,"{""pd_incharge"": ""PD_0""}"
,,NONE,HOLD,PD_2,BLOCK_a_337,"{""pd_incharge"": ""PD_0""}"
,,NONE,SUBSET,BLOCK_a_338,BLOCK_SPACE_a,"{""pd_incharge"": ""PD_0""}"
,,NONE,HOLD,PD_2,BLOCK_a_338,"{""pd_incharge"": ""PD_0""}"
,,NONE,SUBSET,BLOCK_a_339,BLOCK_SPACE_a,"{""pd_incharge"": ""PD_0""}"
,,NONE,HOLD,PD_2,BLOCK_a_339,"{""pd_incharge"": ""PD_0""}"
,,NONE,SUBSET,BLOCK_a_33a,BLOCK_SPACE_a,"{""pd_incharge"": ""PD_0""}"
,,NONE,HOLD,PD_2,BLOCK_a_33a,"{""pd_incharge"": ""PD_0""}"
,,NONE,SUBSET,BLOCK_a_33b,BLOCK_SPACE_a,"{""pd_incharge"": ""PD_0""}"
,,NONE,HOLD,PD_2,BLOCK_a_33b,"{""pd_incharge"": ""PD_0""}"
,,NONE,SUBSET,BLOCK_a_33c,BLOCK_SPACE_a,"{""pd_incharge"": ""PD_0""}"
,,NONE,HOLD,PD_2,BLOCK_a_33c,"{""pd_incharge"": ""PD_0""}"
,,NONE,SUBSET,BLOCK_a_33d,BLOCK_SPACE_a,"{""pd_incharge"": ""PD_0""}"
,,NONE,HOLD,PD_2,BLOCK_a_33d,"{""pd_incharge"": ""PD_0""}"
,,NONE,SUBSET,BLOCK_a_33e,BLOCK_SPACE_a,"{""pd_incharge"": ""PD_0""}"
,,NONE,HOLD,PD_2,BLOCK_a_33e,"{""pd_incharge"": ""PD_0""}"
,,NONE,SUBSET,BLOCK_a_33f,BLOCK_SPACE_a,"{""pd_incharge"": ""PD_0""}"
,,NONE,HOLD,PD_2,BLOCK_a_33f,"{""pd_incharge"": ""PD_0""}"
,,NONE,SUBSET,BLOCK_a_340,BLOCK_SPACE_a,"{""pd_incharge"": ""PD_0""}"
,,NONE,HOLD,PD_2,BLOCK_a_340,"{""pd_incharge"": ""PD_0""}"
,,NONE,SUBSET,BLOCK_a_341,BLOCK_SPACE_a,"{""pd_incharge"": ""PD_0""}"
,,NONE,HOLD,PD_2,BLOCK_a_341,"{""pd_incharge"": ""PD_0""}"
,,NONE,SUBSET,BLOCK_a_342,BLOCK_SPACE_a,"{""pd_incharge"": ""PD_0""}"
,,NONE,HOLD,PD_2,BLOCK_a_342,"{""pd_incharge"": ""PD_0""}"
,,NONE,SUBSET,BLOCK_a_343,BLOCK_SPACE_a,"{""pd_incharge"": ""PD_0""}"
,,NONE,HOLD,PD_2,BLOCK_a_343,"{""pd_incharge"": ""PD_0""}"
,,NONE,SUBSET,BLOCK_a_344,BLOCK_SPACE_a,"{""pd_incharge"": ""PD_0""}"
,,NONE,HOLD,PD_2,BLOCK_a_344,"{""pd_incharge"": ""PD_0""}"
,,NONE,SUBSET,BLOCK_a_345,BLOCK_SPACE_a,"{""pd_incharge"": ""PD_0""}"
,,NONE,HOLD,PD_2,BLOCK_a_345,"{""pd_incharge"": ""PD_0""}"
,,NONE,SUBSET,BLOCK_a_346,BLOCK_SPACE_a,"{""pd_incharge"": ""PD_0""}"
,,NONE,HOLD,PD_2,BLOCK_a_346,"{""pd_incharge"": ""PD_0""}"
,,NONE,SUBSET,BLOCK_a_347,BLOCK_SPACE_a,"{""pd_incharge"": ""PD_0""}"
,,NONE,HOLD,PD_2,BLOCK_a_347,"{""pd_incharge"": ""PD_0""}"
,,NONE,SUBSET,BLOCK_a_348,BLOCK_SPACE_a,"{""pd_incharge"": ""PD_0""}"
,,NONE,HOLD,PD_2,BLOCK_a_348,"{""pd_incharge"": ""PD_0""}"
,,NONE,SUBSET,BLOCK_a_349,BLOCK_SPACE_a,"{""pd_incharge"": ""PD_0""}"
,,NONE,HOLD,PD_2,BLOCK_a_349,"{""pd_incharge"": ""PD_0""}"
,,NONE,SUBSET,BLOCK_a_34a,BLOCK_SPACE_a,"{""pd_incharge"": ""PD_0""}"
,,NONE,HOLD,PD_2,BLOCK_a_34a,"{""pd_incharge"": ""PD_0""}"
,,NONE,SUBSET,BLOCK_a_34b,BLOCK_SPACE_a,"{""pd_incharge"": ""PD_0""}"
,,NONE,HOLD,PD_2,BLOCK_a_34b,"{""pd_incharge"": ""PD_0""}"
,,NONE,SUBSET,BLOCK_a_34c,BLOCK_SPACE_a,"{""pd_incharge"": ""PD_0""}"
,,NONE,HOLD,PD_2,BLOCK_a_34c,"{""pd_incharge"": ""PD_0""}"
,,NONE,SUBSET,BLOCK_a_34d,BLOCK_SPACE_a,"{""pd_incharge"": ""PD_0""}"
,,NONE,HOLD,PD_2,BLOCK_a_34d,"{""pd_incharge"": ""PD_0""}"
,,NONE,SUBSET,BLOCK_a_34e,BLOCK_SPACE_a,"{""pd_incharge"": ""PD_0""}"
,,NONE,HOLD,PD_2,BLOCK_a_34e,"{""pd_incharge"": ""PD_0""}"
,,NONE,SUBSET,BLOCK_a_34f,BLOCK_SPACE_a,"{""pd_incharge"": ""PD_0""}"
,,NONE,HOLD,PD_2,BLOCK_a_34f,"{""pd_incharge"": ""PD_0""}"
,,NONE,SUBSET,BLOCK_a_350,BLOCK_SPACE_a,"{""pd_incharge"": ""PD_0""}"
,,NONE,HOLD,PD_2,BLOCK_a_350,"{""pd_incharge"": ""PD_0""}"
,,NONE,SUBSET,BLOCK_a_351,BLOCK_SPACE_a,"{""pd_incharge"": ""PD_0""}"
,,NONE,HOLD,PD_2,BLOCK_a_351,"{""pd_incharge"": ""PD_0""}"
,,NONE,SUBSET,BLOCK_a_352,BLOCK_SPACE_a,"{""pd_incharge"": ""PD_0""}"
,,NONE,HOLD,PD_2,BLOCK_a_352,"{""pd_incharge"": ""PD_0""}"
,,NONE,SUBSET,BLOCK_a_353,BLOCK_SPACE_a,"{""pd_incharge"": ""PD_0""}"
,,NONE,HOLD,PD_2,BLOCK_a_353,"{""pd_incharge"": ""PD_0""}"
,,NONE,SUBSET,BLOCK_a_354,BLOCK_SPACE_a,"{""pd_incharge"": ""PD_0""}"
,,NONE,HOLD,PD_2,BLOCK_a_354,"{""pd_incharge"": ""PD_0""}"
,,NONE,SUBSET,BLOCK_a_355,BLOCK_SPACE_a,"{""pd_incharge"": ""PD_0""}"
,,NONE,HOLD,PD_2,BLOCK_a_355,"{""pd_incharge"": ""PD_0""}"
,,NONE,SUBSET,BLOCK_a_356,BLOCK_SPACE_a,"{""pd_incharge"": ""PD_0""}"
,,NONE,HOLD,PD_2,BLOCK_a_356,"{""pd_incharge"": ""PD_0""}"
,,NONE,SUBSET,BLOCK_a_357,BLOCK_SPACE_a,"{""pd_incharge"": ""PD_0""}"
,,NONE,HOLD,PD_2,BLOCK_a_357,"{""pd_incharge"": ""PD_0""}"
,,NONE,SUBSET,BLOCK_a_358,BLOCK_SPACE_a,"{""pd_incharge"": ""PD_0""}"
,,NONE,HOLD,PD_2,BLOCK_a_358,"{""pd_incharge"": ""PD_0""}"
,,NONE,SUBSET,BLOCK_a_359,BLOCK_SPACE_a,"{""pd_incharge"": ""PD_0""}"
,,NONE,HOLD,PD_2,BLOCK_a_359,"{""pd_incharge"": ""PD_0""}"
,,NONE,SUBSET,BLOCK_a_35a,BLOCK_SPACE_a,"{""pd_incharge"": ""PD_0""}"
,,NONE,HOLD,PD_2,BLOCK_a_35a,"{""pd_incharge"": ""PD_0""}"
,,NONE,SUBSET,BLOCK_a_35b,BLOCK_SPACE_a,"{""pd_incharge"": ""PD_0""}"
,,NONE,HOLD,PD_2,BLOCK_a_35b,"{""pd_incharge"": ""PD_0""}"
,,NONE,SUBSET,BLOCK_a_35c,BLOCK_SPACE_a,"{""pd_incharge"": ""PD_0""}"
,,NONE,HOLD,PD_2,BLOCK_a_35c,"{""pd_incharge"": ""PD_0""}"
,,NONE,SUBSET,BLOCK_a_35d,BLOCK_SPACE_a,"{""pd_incharge"": ""PD_0""}"
,,NONE,HOLD,PD_2,BLOCK_a_35d,"{""pd_incharge"": ""PD_0""}"
,,NONE,SUBSET,BLOCK_a_35e,BLOCK_SPACE_a,"{""pd_incharge"": ""PD_0""}"
,,NONE,HOLD,PD_2,BLOCK_a_35e,"{""pd_incharge"": ""PD_0""}"
,,NONE,SUBSET,BLOCK_a_35f,BLOCK_SPACE_a,"{""pd_incharge"": ""PD_0""}"
,,NONE,HOLD,PD_2,BLOCK_a_35f,"{""pd_incharge"": ""PD_0""}"
,,NONE,SUBSET,BLOCK_a_360,BLOCK_SPACE_a,"{""pd_incharge"": ""PD_0""}"
,,NONE,HOLD,PD_2,BLOCK_a_360,"{""pd_incharge"": ""PD_0""}"
,,NONE,SUBSET,BLOCK_a_361,BLOCK_SPACE_a,"{""pd_incharge"": ""PD_0""}"
,,NONE,HOLD,PD_2,BLOCK_a_361,"{""pd_incharge"": ""PD_0""}"
,,NONE,SUBSET,BLOCK_a_362,BLOCK_SPACE_a,"{""pd_incharge"": ""PD_0""}"
,,NONE,HOLD,PD_2,BLOCK_a_362,"{""pd_incharge"": ""PD_0""}"
,,NONE,SUBSET,BLOCK_a_363,BLOCK_SPACE_a,"{""pd_incharge"": ""PD_0""}"
,,NONE,HOLD,PD_2,BLOCK_a_363,"{""pd_incharge"": ""PD_0""}"
,,NONE,SUBSET,BLOCK_a_364,BLOCK_SPACE_a,"{""pd_incharge"": ""PD_0""}"
,,NONE,HOLD,PD_2,BLOCK_a_364,"{""pd_incharge"": ""PD_0""}"
,,NONE,SUBSET,BLOCK_a_365,BLOCK_SPACE_a,"{""pd_incharge"": ""PD_0""}"
,,NONE,HOLD,PD_2,BLOCK_a_365,"{""pd_incharge"": ""PD_0""}"
,,NONE,SUBSET,BLOCK_a_366,BLOCK_SPACE_a,"{""pd_incharge"": ""PD_0""}"
,,NONE,HOLD,PD_2,BLOCK_a_366,"{""pd_incharge"": ""PD_0""}"
,,NONE,SUBSET,BLOCK_a_367,BLOCK_SPACE_a,"{""pd_incharge"": ""PD_0""}"
,,NONE,HOLD,PD_2,BLOCK_a_367,"{""pd_incharge"": ""PD_0""}"
,,NONE,SUBSET,BLOCK_a_368,BLOCK_SPACE_a,"{""pd_incharge"": ""PD_0""}"
,,NONE,HOLD,PD_2,BLOCK_a_368,"{""pd_incharge"": ""PD_0""}"
,,NONE,SUBSET,BLOCK_a_369,BLOCK_SPACE_a,"{""pd_incharge"": ""PD_0""}"
,,NONE,HOLD,PD_2,BLOCK_a_369,"{""pd_incharge"": ""PD_0""}"
,,NONE,SUBSET,BLOCK_a_36a,BLOCK_SPACE_a,"{""pd_incharge"": ""PD_0""}"
,,NONE,HOLD,PD_2,BLOCK_a_36a,"{""pd_incharge"": ""PD_0""}"
,,NONE,SUBSET,BLOCK_a_36b,BLOCK_SPACE_a,"{""pd_incharge"": ""PD_0""}"
,,NONE,HOLD,PD_2,BLOCK_a_36b,"{""pd_incharge"": ""PD_0""}"
,,NONE,SUBSET,BLOCK_a_36c,BLOCK_SPACE_a,"{""pd_incharge"": ""PD_0""}"
,,NONE,HOLD,PD_2,BLOCK_a_36c,"{""pd_incharge"": ""PD_0""}"
,,NONE,SUBSET,BLOCK_a_36d,BLOCK_SPACE_a,"{""pd_incharge"": ""PD_0""}"
,,NONE,HOLD,PD_2,BLOCK_a_36d,"{""pd_incharge"": ""PD_0""}"
,,NONE,SUBSET,BLOCK_a_36e,BLOCK_SPACE_a,"{""pd_incharge"": ""PD_0""}"
,,NONE,HOLD,PD_2,BLOCK_a_36e,"{""pd_incharge"": ""PD_0""}"
,,NONE,SUBSET,BLOCK_a_36f,BLOCK_SPACE_a,"{""pd_incharge"": ""PD_0""}"
,,NONE,HOLD,PD_2,BLOCK_a_36f,"{""pd_incharge"": ""PD_0""}"
,,NONE,SUBSET,BLOCK_a_370,BLOCK_SPACE_a,"{""pd_incharge"": ""PD_0""}"
,,NONE,HOLD,PD_2,BLOCK_a_370,"{""pd_incharge"": ""PD_0""}"
,,NONE,SUBSET,BLOCK_a_371,BLOCK_SPACE_a,"{""pd_incharge"": ""PD_0""}"
,,NONE,HOLD,PD_2,BLOCK_a_371,"{""pd_incharge"": ""PD_0""}"
,,NONE,SUBSET,BLOCK_a_372,BLOCK_SPACE_a,"{""pd_incharge"": ""PD_0""}"
,,NONE,HOLD,PD_2,BLOCK_a_372,"{""pd_incharge"": ""PD_0""}"
,,NONE,SUBSET,BLOCK_a_373,BLOCK_SPACE_a,"{""pd_incharge"": ""PD_0""}"
,,NONE,HOLD,PD_2,BLOCK_a_373,"{""pd_incharge"": ""PD_0""}"
,,NONE,SUBSET,BLOCK_a_374,BLOCK_SPACE_a,"{""pd_incharge"": ""PD_0""}"
,,NONE,HOLD,PD_2,BLOCK_a_374,"{""pd_incharge"": ""PD_0""}"
,,NONE,SUBSET,BLOCK_a_375,BLOCK_SPACE_a,"{""pd_incharge"": ""PD_0""}"
,,NONE,HOLD,PD_2,BLOCK_a_375,"{""pd_incharge"": ""PD_0""}"
,,NONE,SUBSET,BLOCK_a_376,BLOCK_SPACE_a,"{""pd_incharge"": ""PD_0""}"
,,NONE,HOLD,PD_2,BLOCK_a_376,"{""pd_incharge"": ""PD_0""}"
,,NONE,SUBSET,BLOCK_a_377,BLOCK_SPACE_a,"{""pd_incharge"": ""PD_0""}"
,,NONE,HOLD,PD_2,BLOCK_a_377,"{""pd_incharge"": ""PD_0""}"
,,NONE,SUBSET,BLOCK_a_378,BLOCK_SPACE_a,"{""pd_incharge"": ""PD_0""}"
,,NONE,HOLD,PD_2,BLOCK_a_378,"{""pd_incharge"": ""PD_0""}"
,,NONE,SUBSET,BLOCK_a_379,BLOCK_SPACE_a,"{""pd_incharge"": ""PD_0""}"
,,NONE,HOLD,PD_2,BLOCK_a_379,"{""pd_incharge"": ""PD_0""}"
,,NONE,SUBSET,BLOCK_a_37a,BLOCK_SPACE_a,"{""pd_incharge"": ""PD_0""}"
,,NONE,HOLD,PD_2,BLOCK_a_37a,"{""pd_incharge"": ""PD_0""}"
,,NONE,SUBSET,BLOCK_a_37b,BLOCK_SPACE_a,"{""pd_incharge"": ""PD_0""}"
,,NONE,HOLD,PD_2,BLOCK_a_37b,"{""pd_incharge"": ""PD_0""}"
,,NONE,SUBSET,BLOCK_a_37c,BLOCK_SPACE_a,"{""pd_incharge"": ""PD_0""}"
,,NONE,HOLD,PD_2,BLOCK_a_37c,"{""pd_incharge"": ""PD_0""}"
,,NONE,SUBSET,BLOCK_a_37d,BLOCK_SPACE_a,"{""pd_incharge"": ""PD_0""}"
,,NONE,HOLD,PD_2,BLOCK_a_37d,"{""pd_incharge"": ""PD_0""}"
,,NONE,SUBSET,BLOCK_a_37e,BLOCK_SPACE_a,"{""pd_incharge"": ""PD_0""}"
,,NONE,HOLD,PD_2,BLOCK_a_37e,"{""pd_incharge"": ""PD_0""}"
,,NONE,SUBSET,BLOCK_a_37f,BLOCK_SPACE_a,"{""pd_incharge"": ""PD_0""}"
,,NONE,HOLD,PD_2,BLOCK_a_37f,"{""pd_incharge"": ""PD_0""}"
,,NONE,SUBSET,BLOCK_a_380,BLOCK_SPACE_a,"{""pd_incharge"": ""PD_0""}"
,,NONE,HOLD,PD_2,BLOCK_a_380,"{""pd_incharge"": ""PD_0""}"
,,NONE,SUBSET,BLOCK_a_381,BLOCK_SPACE_a,"{""pd_incharge"": ""PD_0""}"
,,NONE,HOLD,PD_2,BLOCK_a_381,"{""pd_incharge"": ""PD_0""}"
,,NONE,SUBSET,BLOCK_a_382,BLOCK_SPACE_a,"{""pd_incharge"": ""PD_0""}"
,,NONE,HOLD,PD_2,BLOCK_a_382,"{""pd_incharge"": ""PD_0""}"
,,NONE,SUBSET,BLOCK_a_383,BLOCK_SPACE_a,"{""pd_incharge"": ""PD_0""}"
,,NONE,HOLD,PD_2,BLOCK_a_383,"{""pd_incharge"": ""PD_0""}"
,,NONE,SUBSET,BLOCK_a_384,BLOCK_SPACE_a,"{""pd_incharge"": ""PD_0""}"
,,NONE,HOLD,PD_2,BLOCK_a_384,"{""pd_incharge"": ""PD_0""}"
,,NONE,SUBSET,BLOCK_a_385,BLOCK_SPACE_a,"{""pd_incharge"": ""PD_0""}"
,,NONE,HOLD,PD_2,BLOCK_a_385,"{""pd_incharge"": ""PD_0""}"
,,NONE,SUBSET,BLOCK_a_386,BLOCK_SPACE_a,"{""pd_incharge"": ""PD_0""}"
,,NONE,HOLD,PD_2,BLOCK_a_386,"{""pd_incharge"": ""PD_0""}"
,,NONE,SUBSET,BLOCK_a_387,BLOCK_SPACE_a,"{""pd_incharge"": ""PD_0""}"
,,NONE,HOLD,PD_2,BLOCK_a_387,"{""pd_incharge"": ""PD_0""}"
,,NONE,SUBSET,BLOCK_a_388,BLOCK_SPACE_a,"{""pd_incharge"": ""PD_0""}"
,,NONE,HOLD,PD_2,BLOCK_a_388,"{""pd_incharge"": ""PD_0""}"
,,NONE,SUBSET,BLOCK_a_389,BLOCK_SPACE_a,"{""pd_incharge"": ""PD_0""}"
,,NONE,HOLD,PD_2,BLOCK_a_389,"{""pd_incharge"": ""PD_0""}"
,,NONE,SUBSET,BLOCK_a_38a,BLOCK_SPACE_a,"{""pd_incharge"": ""PD_0""}"
,,NONE,HOLD,PD_2,BLOCK_a_38a,"{""pd_incharge"": ""PD_0""}"
,,NONE,SUBSET,BLOCK_a_38b,BLOCK_SPACE_a,"{""pd_incharge"": ""PD_0""}"
,,NONE,HOLD,PD_2,BLOCK_a_38b,"{""pd_incharge"": ""PD_0""}"
,,NONE,SUBSET,BLOCK_a_38c,BLOCK_SPACE_a,"{""pd_incharge"": ""PD_0""}"
,,NONE,HOLD,PD_2,BLOCK_a_38c,"{""pd_incharge"": ""PD_0""}"
,,NONE,SUBSET,BLOCK_a_38d,BLOCK_SPACE_a,"{""pd_incharge"": ""PD_0""}"
,,NONE,HOLD,PD_2,BLOCK_a_38d,"{""pd_incharge"": ""PD_0""}"
,,NONE,SUBSET,BLOCK_a_38e,BLOCK_SPACE_a,"{""pd_incharge"": ""PD_0""}"
,,NONE,HOLD,PD_2,BLOCK_a_38e,"{""pd_incharge"": ""PD_0""}"
,,NONE,SUBSET,BLOCK_a_38f,BLOCK_SPACE_a,"{""pd_incharge"": ""PD_0""}"
,,NONE,HOLD,PD_2,BLOCK_a_38f,"{""pd_incharge"": ""PD_0""}"
,,NONE,SUBSET,BLOCK_a_390,BLOCK_SPACE_a,"{""pd_incharge"": ""PD_0""}"
,,NONE,HOLD,PD_2,BLOCK_a_390,"{""pd_incharge"": ""PD_0""}"
,,NONE,SUBSET,BLOCK_a_391,BLOCK_SPACE_a,"{""pd_incharge"": ""PD_0""}"
,,NONE,HOLD,PD_2,BLOCK_a_391,"{""pd_incharge"": ""PD_0""}"
,,NONE,SUBSET,BLOCK_a_392,BLOCK_SPACE_a,"{""pd_incharge"": ""PD_0""}"
,,NONE,HOLD,PD_2,BLOCK_a_392,"{""pd_incharge"": ""PD_0""}"
,,NONE,SUBSET,BLOCK_a_393,BLOCK_SPACE_a,"{""pd_incharge"": ""PD_0""}"
,,NONE,HOLD,PD_2,BLOCK_a_393,"{""pd_incharge"": ""PD_0""}"
,,NONE,SUBSET,BLOCK_a_394,BLOCK_SPACE_a,"{""pd_incharge"": ""PD_0""}"
,,NONE,HOLD,PD_2,BLOCK_a_394,"{""pd_incharge"": ""PD_0""}"
,,NONE,SUBSET,BLOCK_a_395,BLOCK_SPACE_a,"{""pd_incharge"": ""PD_0""}"
,,NONE,HOLD,PD_2,BLOCK_a_395,"{""pd_incharge"": ""PD_0""}"
,,NONE,SUBSET,BLOCK_a_396,BLOCK_SPACE_a,"{""pd_incharge"": ""PD_0""}"
,,NONE,HOLD,PD_2,BLOCK_a_396,"{""pd_incharge"": ""PD_0""}"
,,NONE,SUBSET,BLOCK_a_397,BLOCK_SPACE_a,"{""pd_incharge"": ""PD_0""}"
,,NONE,HOLD,PD_2,BLOCK_a_397,"{""pd_incharge"": ""PD_0""}"
,,NONE,SUBSET,BLOCK_a_398,BLOCK_SPACE_a,"{""pd_incharge"": ""PD_0""}"
,,NONE,HOLD,PD_2,BLOCK_a_398,"{""pd_incharge"": ""PD_0""}"
,,NONE,SUBSET,BLOCK_a_399,BLOCK_SPACE_a,"{""pd_incharge"": ""PD_0""}"
,,NONE,HOLD,PD_2,BLOCK_a_399,"{""pd_incharge"": ""PD_0""}"
,,NONE,SUBSET,BLOCK_a_39a,BLOCK_SPACE_a,"{""pd_incharge"": ""PD_0""}"
,,NONE,HOLD,PD_2,BLOCK_a_39a,"{""pd_incharge"": ""PD_0""}"
,,NONE,SUBSET,BLOCK_a_39b,BLOCK_SPACE_a,"{""pd_incharge"": ""PD_0""}"
,,NONE,HOLD,PD_2,BLOCK_a_39b,"{""pd_incharge"": ""PD_0""}"
,,NONE,SUBSET,BLOCK_a_39c,BLOCK_SPACE_a,"{""pd_incharge"": ""PD_0""}"
,,NONE,HOLD,PD_2,BLOCK_a_39c,"{""pd_incharge"": ""PD_0""}"
,,NONE,SUBSET,BLOCK_a_39d,BLOCK_SPACE_a,"{""pd_incharge"": ""PD_0""}"
,,NONE,HOLD,PD_2,BLOCK_a_39d,"{""pd_incharge"": ""PD_0""}"
,,NONE,SUBSET,BLOCK_a_39e,BLOCK_SPACE_a,"{""pd_incharge"": ""PD_0""}"
,,NONE,HOLD,PD_2,BLOCK_a_39e,"{""pd_incharge"": ""PD_0""}"
,,NONE,SUBSET,BLOCK_a_39f,BLOCK_SPACE_a,"{""pd_incharge"": ""PD_0""}"
,,NONE,HOLD,PD_2,BLOCK_a_39f,"{""pd_incharge"": ""PD_0""}"
,,NONE,SUBSET,BLOCK_a_3a0,BLOCK_SPACE_a,"{""pd_incharge"": ""PD_0""}"
,,NONE,HOLD,PD_2,BLOCK_a_3a0,"{""pd_incharge"": ""PD_0""}"
,,NONE,SUBSET,BLOCK_a_3a1,BLOCK_SPACE_a,"{""pd_incharge"": ""PD_0""}"
,,NONE,HOLD,PD_2,BLOCK_a_3a1,"{""pd_incharge"": ""PD_0""}"
,,NONE,SUBSET,BLOCK_a_3a2,BLOCK_SPACE_a,"{""pd_incharge"": ""PD_0""}"
,,NONE,HOLD,PD_2,BLOCK_a_3a2,"{""pd_incharge"": ""PD_0""}"
,,NONE,SUBSET,BLOCK_a_3a3,BLOCK_SPACE_a,"{""pd_incharge"": ""PD_0""}"
,,NONE,HOLD,PD_2,BLOCK_a_3a3,"{""pd_incharge"": ""PD_0""}"
,,NONE,SUBSET,BLOCK_a_3a4,BLOCK_SPACE_a,"{""pd_incharge"": ""PD_0""}"
,,NONE,HOLD,PD_2,BLOCK_a_3a4,"{""pd_incharge"": ""PD_0""}"
,,NONE,SUBSET,BLOCK_a_3a5,BLOCK_SPACE_a,"{""pd_incharge"": ""PD_0""}"
,,NONE,HOLD,PD_2,BLOCK_a_3a5,"{""pd_incharge"": ""PD_0""}"
,,NONE,SUBSET,BLOCK_a_3a6,BLOCK_SPACE_a,"{""pd_incharge"": ""PD_0""}"
,,NONE,HOLD,PD_2,BLOCK_a_3a6,"{""pd_incharge"": ""PD_0""}"
,,NONE,SUBSET,BLOCK_a_3a7,BLOCK_SPACE_a,"{""pd_incharge"": ""PD_0""}"
,,NONE,HOLD,PD_2,BLOCK_a_3a7,"{""pd_incharge"": ""PD_0""}"
,,NONE,SUBSET,BLOCK_a_3a8,BLOCK_SPACE_a,"{""pd_incharge"": ""PD_0""}"
,,NONE,HOLD,PD_2,BLOCK_a_3a8,"{""pd_incharge"": ""PD_0""}"
,,NONE,SUBSET,BLOCK_a_3a9,BLOCK_SPACE_a,"{""pd_incharge"": ""PD_0""}"
,,NONE,HOLD,PD_2,BLOCK_a_3a9,"{""pd_incharge"": ""PD_0""}"
,,NONE,SUBSET,BLOCK_a_3aa,BLOCK_SPACE_a,"{""pd_incharge"": ""PD_0""}"
,,NONE,HOLD,PD_2,BLOCK_a_3aa,"{""pd_incharge"": ""PD_0""}"
,,NONE,SUBSET,BLOCK_a_3ab,BLOCK_SPACE_a,"{""pd_incharge"": ""PD_0""}"
,,NONE,HOLD,PD_2,BLOCK_a_3ab,"{""pd_incharge"": ""PD_0""}"
,,NONE,SUBSET,BLOCK_a_3ac,BLOCK_SPACE_a,"{""pd_incharge"": ""PD_0""}"
,,NONE,HOLD,PD_2,BLOCK_a_3ac,"{""pd_incharge"": ""PD_0""}"
,,NONE,SUBSET,BLOCK_a_3ad,BLOCK_SPACE_a,"{""pd_incharge"": ""PD_0""}"
,,NONE,HOLD,PD_2,BLOCK_a_3ad,"{""pd_incharge"": ""PD_0""}"
,,NONE,SUBSET,BLOCK_a_3ae,BLOCK_SPACE_a,"{""pd_incharge"": ""PD_0""}"
,,NONE,HOLD,PD_2,BLOCK_a_3ae,"{""pd_incharge"": ""PD_0""}"
,,NONE,SUBSET,BLOCK_a_3af,BLOCK_SPACE_a,"{""pd_incharge"": ""PD_0""}"
,,NONE,HOLD,PD_2,BLOCK_a_3af,"{""pd_incharge"": ""PD_0""}"
,,NONE,SUBSET,BLOCK_a_3b0,BLOCK_SPACE_a,"{""pd_incharge"": ""PD_0""}"
,,NONE,HOLD,PD_2,BLOCK_a_3b0,"{""pd_incharge"": ""PD_0""}"
,,NONE,SUBSET,BLOCK_a_3b1,BLOCK_SPACE_a,"{""pd_incharge"": ""PD_0""}"
,,NONE,HOLD,PD_2,BLOCK_a_3b1,"{""pd_incharge"": ""PD_0""}"
,,NONE,SUBSET,BLOCK_a_3b2,BLOCK_SPACE_a,"{""pd_incharge"": ""PD_0""}"
,,NONE,HOLD,PD_2,BLOCK_a_3b2,"{""pd_incharge"": ""PD_0""}"
,,NONE,SUBSET,BLOCK_a_3b3,BLOCK_SPACE_a,"{""pd_incharge"": ""PD_0""}"
,,NONE,HOLD,PD_2,BLOCK_a_3b3,"{""pd_incharge"": ""PD_0""}"
,,NONE,SUBSET,BLOCK_a_3b4,BLOCK_SPACE_a,"{""pd_incharge"": ""PD_0""}"
,,NONE,HOLD,PD_2,BLOCK_a_3b4,"{""pd_incharge"": ""PD_0""}"
,,NONE,SUBSET,BLOCK_a_3b5,BLOCK_SPACE_a,"{""pd_incharge"": ""PD_0""}"
,,NONE,HOLD,PD_2,BLOCK_a_3b5,"{""pd_incharge"": ""PD_0""}"
,,NONE,SUBSET,BLOCK_a_3b6,BLOCK_SPACE_a,"{""pd_incharge"": ""PD_0""}"
,,NONE,HOLD,PD_2,BLOCK_a_3b6,"{""pd_incharge"": ""PD_0""}"
,,NONE,SUBSET,BLOCK_a_3b7,BLOCK_SPACE_a,"{""pd_incharge"": ""PD_0""}"
,,NONE,HOLD,PD_2,BLOCK_a_3b7,"{""pd_incharge"": ""PD_0""}"
,,NONE,SUBSET,BLOCK_a_3b8,BLOCK_SPACE_a,"{""pd_incharge"": ""PD_0""}"
,,NONE,HOLD,PD_2,BLOCK_a_3b8,"{""pd_incharge"": ""PD_0""}"
,,NONE,SUBSET,BLOCK_a_3b9,BLOCK_SPACE_a,"{""pd_incharge"": ""PD_0""}"
,,NONE,HOLD,PD_2,BLOCK_a_3b9,"{""pd_incharge"": ""PD_0""}"
,,NONE,SUBSET,BLOCK_a_3ba,BLOCK_SPACE_a,"{""pd_incharge"": ""PD_0""}"
,,NONE,HOLD,PD_2,BLOCK_a_3ba,"{""pd_incharge"": ""PD_0""}"
,,NONE,SUBSET,BLOCK_a_3bb,BLOCK_SPACE_a,"{""pd_incharge"": ""PD_0""}"
,,NONE,HOLD,PD_2,BLOCK_a_3bb,"{""pd_incharge"": ""PD_0""}"
,,NONE,SUBSET,BLOCK_a_3bc,BLOCK_SPACE_a,"{""pd_incharge"": ""PD_0""}"
,,NONE,HOLD,PD_2,BLOCK_a_3bc,"{""pd_incharge"": ""PD_0""}"
,,NONE,SUBSET,BLOCK_a_3bd,BLOCK_SPACE_a,"{""pd_incharge"": ""PD_0""}"
,,NONE,HOLD,PD_2,BLOCK_a_3bd,"{""pd_incharge"": ""PD_0""}"
,,NONE,SUBSET,BLOCK_a_3be,BLOCK_SPACE_a,"{""pd_incharge"": ""PD_0""}"
,,NONE,HOLD,PD_2,BLOCK_a_3be,"{""pd_incharge"": ""PD_0""}"
,,NONE,SUBSET,BLOCK_a_3bf,BLOCK_SPACE_a,"{""pd_incharge"": ""PD_0""}"
,,NONE,HOLD,PD_2,BLOCK_a_3bf,"{""pd_incharge"": ""PD_0""}"
,,NONE,SUBSET,BLOCK_a_3c0,BLOCK_SPACE_a,"{""pd_incharge"": ""PD_0""}"
,,NONE,HOLD,PD_2,BLOCK_a_3c0,"{""pd_incharge"": ""PD_0""}"
,,NONE,SUBSET,BLOCK_a_3c1,BLOCK_SPACE_a,"{""pd_incharge"": ""PD_0""}"
,,NONE,HOLD,PD_2,BLOCK_a_3c1,"{""pd_incharge"": ""PD_0""}"
,,NONE,SUBSET,BLOCK_a_3c2,BLOCK_SPACE_a,"{""pd_incharge"": ""PD_0""}"
,,NONE,HOLD,PD_2,BLOCK_a_3c2,"{""pd_incharge"": ""PD_0""}"
,,NONE,SUBSET,BLOCK_a_3c3,BLOCK_SPACE_a,"{""pd_incharge"": ""PD_0""}"
,,NONE,HOLD,PD_2,BLOCK_a_3c3,"{""pd_incharge"": ""PD_0""}"
,,NONE,SUBSET,BLOCK_a_3c4,BLOCK_SPACE_a,"{""pd_incharge"": ""PD_0""}"
,,NONE,HOLD,PD_2,BLOCK_a_3c4,"{""pd_incharge"": ""PD_0""}"
,,NONE,SUBSET,BLOCK_a_3c5,BLOCK_SPACE_a,"{""pd_incharge"": ""PD_0""}"
,,NONE,HOLD,PD_2,BLOCK_a_3c5,"{""pd_incharge"": ""PD_0""}"
,,NONE,SUBSET,BLOCK_a_3c6,BLOCK_SPACE_a,"{""pd_incharge"": ""PD_0""}"
,,NONE,HOLD,PD_2,BLOCK_a_3c6,"{""pd_incharge"": ""PD_0""}"
,,NONE,SUBSET,BLOCK_a_3c7,BLOCK_SPACE_a,"{""pd_incharge"": ""PD_0""}"
,,NONE,HOLD,PD_2,BLOCK_a_3c7,"{""pd_incharge"": ""PD_0""}"
,,NONE,SUBSET,BLOCK_a_3c8,BLOCK_SPACE_a,"{""pd_incharge"": ""PD_0""}"
,,NONE,HOLD,PD_2,BLOCK_a_3c8,"{""pd_incharge"": ""PD_0""}"
,,NONE,SUBSET,BLOCK_a_3c9,BLOCK_SPACE_a,"{""pd_incharge"": ""PD_0""}"
,,NONE,HOLD,PD_2,BLOCK_a_3c9,"{""pd_incharge"": ""PD_0""}"
,,NONE,SUBSET,BLOCK_a_3ca,BLOCK_SPACE_a,"{""pd_incharge"": ""PD_0""}"
,,NONE,HOLD,PD_2,BLOCK_a_3ca,"{""pd_incharge"": ""PD_0""}"
,,NONE,SUBSET,BLOCK_a_3cb,BLOCK_SPACE_a,"{""pd_incharge"": ""PD_0""}"
,,NONE,HOLD,PD_2,BLOCK_a_3cb,"{""pd_incharge"": ""PD_0""}"
,,NONE,SUBSET,BLOCK_a_3cc,BLOCK_SPACE_a,"{""pd_incharge"": ""PD_0""}"
,,NONE,HOLD,PD_2,BLOCK_a_3cc,"{""pd_incharge"": ""PD_0""}"
,,NONE,SUBSET,BLOCK_a_3cd,BLOCK_SPACE_a,"{""pd_incharge"": ""PD_0""}"
,,NONE,HOLD,PD_2,BLOCK_a_3cd,"{""pd_incharge"": ""PD_0""}"
,,NONE,SUBSET,BLOCK_a_3ce,BLOCK_SPACE_a,"{""pd_incharge"": ""PD_0""}"
,,NONE,HOLD,PD_2,BLOCK_a_3ce,"{""pd_incharge"": ""PD_0""}"
,,NONE,SUBSET,BLOCK_a_3cf,BLOCK_SPACE_a,"{""pd_incharge"": ""PD_0""}"
,,NONE,HOLD,PD_2,BLOCK_a_3cf,"{""pd_incharge"": ""PD_0""}"
,,NONE,SUBSET,BLOCK_a_3d0,BLOCK_SPACE_a,"{""pd_incharge"": ""PD_0""}"
,,NONE,HOLD,PD_2,BLOCK_a_3d0,"{""pd_incharge"": ""PD_0""}"
,,NONE,SUBSET,BLOCK_a_3d1,BLOCK_SPACE_a,"{""pd_incharge"": ""PD_0""}"
,,NONE,HOLD,PD_2,BLOCK_a_3d1,"{""pd_incharge"": ""PD_0""}"
,,NONE,SUBSET,BLOCK_a_3d2,BLOCK_SPACE_a,"{""pd_incharge"": ""PD_0""}"
,,NONE,HOLD,PD_2,BLOCK_a_3d2,"{""pd_incharge"": ""PD_0""}"
,,NONE,SUBSET,BLOCK_a_3d3,BLOCK_SPACE_a,"{""pd_incharge"": ""PD_0""}"
,,NONE,HOLD,PD_2,BLOCK_a_3d3,"{""pd_incharge"": ""PD_0""}"
,,NONE,SUBSET,BLOCK_a_3d4,BLOCK_SPACE_a,"{""pd_incharge"": ""PD_0""}"
,,NONE,HOLD,PD_2,BLOCK_a_3d4,"{""pd_incharge"": ""PD_0""}"
,,NONE,SUBSET,BLOCK_a_3d5,BLOCK_SPACE_a,"{""pd_incharge"": ""PD_0""}"
,,NONE,HOLD,PD_2,BLOCK_a_3d5,"{""pd_incharge"": ""PD_0""}"
,,NONE,SUBSET,BLOCK_a_3d6,BLOCK_SPACE_a,"{""pd_incharge"": ""PD_0""}"
,,NONE,HOLD,PD_2,BLOCK_a_3d6,"{""pd_incharge"": ""PD_0""}"
,,NONE,SUBSET,BLOCK_a_3d7,BLOCK_SPACE_a,"{""pd_incharge"": ""PD_0""}"
,,NONE,HOLD,PD_2,BLOCK_a_3d7,"{""pd_incharge"": ""PD_0""}"
,,NONE,SUBSET,BLOCK_a_3d8,BLOCK_SPACE_a,"{""pd_incharge"": ""PD_0""}"
,,NONE,HOLD,PD_2,BLOCK_a_3d8,"{""pd_incharge"": ""PD_0""}"
,,NONE,SUBSET,BLOCK_a_3d9,BLOCK_SPACE_a,"{""pd_incharge"": ""PD_0""}"
,,NONE,HOLD,PD_2,BLOCK_a_3d9,"{""pd_incharge"": ""PD_0""}"
,,NONE,SUBSET,BLOCK_a_3da,BLOCK_SPACE_a,"{""pd_incharge"": ""PD_0""}"
,,NONE,HOLD,PD_2,BLOCK_a_3da,"{""pd_incharge"": ""PD_0""}"
,,NONE,SUBSET,BLOCK_a_3db,BLOCK_SPACE_a,"{""pd_incharge"": ""PD_0""}"
,,NONE,HOLD,PD_2,BLOCK_a_3db,"{""pd_incharge"": ""PD_0""}"
,,NONE,SUBSET,BLOCK_a_3dc,BLOCK_SPACE_a,"{""pd_incharge"": ""PD_0""}"
,,NONE,HOLD,PD_2,BLOCK_a_3dc,"{""pd_incharge"": ""PD_0""}"
,,NONE,SUBSET,BLOCK_a_3dd,BLOCK_SPACE_a,"{""pd_incharge"": ""PD_0""}"
,,NONE,HOLD,PD_2,BLOCK_a_3dd,"{""pd_incharge"": ""PD_0""}"
,,NONE,SUBSET,BLOCK_a_3de,BLOCK_SPACE_a,"{""pd_incharge"": ""PD_0""}"
,,NONE,HOLD,PD_2,BLOCK_a_3de,"{""pd_incharge"": ""PD_0""}"
,,NONE,SUBSET,BLOCK_a_3df,BLOCK_SPACE_a,"{""pd_incharge"": ""PD_0""}"
,,NONE,HOLD,PD_2,BLOCK_a_3df,"{""pd_incharge"": ""PD_0""}"
,,NONE,SUBSET,BLOCK_a_3e0,BLOCK_SPACE_a,"{""pd_incharge"": ""PD_0""}"
,,NONE,HOLD,PD_2,BLOCK_a_3e0,"{""pd_incharge"": ""PD_0""}"
,,NONE,SUBSET,BLOCK_a_3e1,BLOCK_SPACE_a,"{""pd_incharge"": ""PD_0""}"
,,NONE,HOLD,PD_2,BLOCK_a_3e1,"{""pd_incharge"": ""PD_0""}"
,,NONE,SUBSET,BLOCK_a_3e2,BLOCK_SPACE_a,"{""pd_incharge"": ""PD_0""}"
,,NONE,HOLD,PD_2,BLOCK_a_3e2,"{""pd_incharge"": ""PD_0""}"
,,NONE,SUBSET,BLOCK_a_3e3,BLOCK_SPACE_a,"{""pd_incharge"": ""PD_0""}"
,,NONE,HOLD,PD_2,BLOCK_a_3e3,"{""pd_incharge"": ""PD_0""}"
,,NONE,SUBSET,BLOCK_a_3e4,BLOCK_SPACE_a,"{""pd_incharge"": ""PD_0""}"
,,NONE,HOLD,PD_2,BLOCK_a_3e4,"{""pd_incharge"": ""PD_0""}"
,,NONE,SUBSET,BLOCK_a_3e5,BLOCK_SPACE_a,"{""pd_incharge"": ""PD_0""}"
,,NONE,HOLD,PD_2,BLOCK_a_3e5,"{""pd_incharge"": ""PD_0""}"
,,NONE,SUBSET,BLOCK_a_3e6,BLOCK_SPACE_a,"{""pd_incharge"": ""PD_0""}"
,,NONE,HOLD,PD_2,BLOCK_a_3e6,"{""pd_incharge"": ""PD_0""}"
,,NONE,SUBSET,BLOCK_a_3e7,BLOCK_SPACE_a,"{""pd_incharge"": ""PD_0""}"
,,NONE,HOLD,PD_2,BLOCK_a_3e7,"{""pd_incharge"": ""PD_0""}"
,,NONE,SUBSET,BLOCK_a_3e8,BLOCK_SPACE_a,"{""pd_incharge"": ""PD_0""}"
,,NONE,HOLD,PD_2,BLOCK_a_3e8,"{""pd_incharge"": ""PD_0""}"
,,NONE,SUBSET,BLOCK_a_3e9,BLOCK_SPACE_a,"{""pd_incharge"": ""PD_0""}"
,,NONE,HOLD,PD_2,BLOCK_a_3e9,"{""pd_incharge"": ""PD_0""}"
,,NONE,SUBSET,BLOCK_a_3ea,BLOCK_SPACE_a,"{""pd_incharge"": ""PD_0""}"
,,NONE,HOLD,PD_2,BLOCK_a_3ea,"{""pd_incharge"": ""PD_0""}"
,,NONE,SUBSET,BLOCK_a_3eb,BLOCK_SPACE_a,"{""pd_incharge"": ""PD_0""}"
,,NONE,HOLD,PD_2,BLOCK_a_3eb,"{""pd_incharge"": ""PD_0""}"
,,NONE,SUBSET,BLOCK_a_3ec,BLOCK_SPACE_a,"{""pd_incharge"": ""PD_0""}"
,,NONE,HOLD,PD_2,BLOCK_a_3ec,"{""pd_incharge"": ""PD_0""}"
,,NONE,SUBSET,BLOCK_a_3ed,BLOCK_SPACE_a,"{""pd_incharge"": ""PD_0""}"
,,NONE,HOLD,PD_2,BLOCK_a_3ed,"{""pd_incharge"": ""PD_0""}"
,,NONE,SUBSET,BLOCK_a_3ee,BLOCK_SPACE_a,"{""pd_incharge"": ""PD_0""}"
,,NONE,HOLD,PD_2,BLOCK_a_3ee,"{""pd_incharge"": ""PD_0""}"
,,NONE,SUBSET,BLOCK_a_3ef,BLOCK_SPACE_a,"{""pd_incharge"": ""PD_0""}"
,,NONE,HOLD,PD_2,BLOCK_a_3ef,"{""pd_incharge"": ""PD_0""}"
,,NONE,SUBSET,BLOCK_a_3f0,BLOCK_SPACE_a,"{""pd_incharge"": ""PD_0""}"
,,NONE,HOLD,PD_2,BLOCK_a_3f0,"{""pd_incharge"": ""PD_0""}"
,,NONE,SUBSET,BLOCK_a_3f1,BLOCK_SPACE_a,"{""pd_incharge"": ""PD_0""}"
,,NONE,HOLD,PD_2,BLOCK_a_3f1,"{""pd_incharge"": ""PD_0""}"
,,NONE,SUBSET,BLOCK_a_3f2,BLOCK_SPACE_a,"{""pd_incharge"": ""PD_0""}"
,,NONE,HOLD,PD_2,BLOCK_a_3f2,"{""pd_incharge"": ""PD_0""}"
,,NONE,SUBSET,BLOCK_a_3f3,BLOCK_SPACE_a,"{""pd_incharge"": ""PD_0""}"
,,NONE,HOLD,PD_2,BLOCK_a_3f3,"{""pd_incharge"": ""PD_0""}"
,,NONE,SUBSET,BLOCK_a_3f4,BLOCK_SPACE_a,"{""pd_incharge"": ""PD_0""}"
,,NONE,HOLD,PD_2,BLOCK_a_3f4,"{""pd_incharge"": ""PD_0""}"
,,NONE,SUBSET,BLOCK_a_3f5,BLOCK_SPACE_a,"{""pd_incharge"": ""PD_0""}"
,,NONE,HOLD,PD_2,BLOCK_a_3f5,"{""pd_incharge"": ""PD_0""}"
,,NONE,SUBSET,BLOCK_a_3f6,BLOCK_SPACE_a,"{""pd_incharge"": ""PD_0""}"
,,NONE,HOLD,PD_2,BLOCK_a_3f6,"{""pd_incharge"": ""PD_0""}"
,,NONE,SUBSET,BLOCK_a_3f7,BLOCK_SPACE_a,"{""pd_incharge"": ""PD_0""}"
,,NONE,HOLD,PD_2,BLOCK_a_3f7,"{""pd_incharge"": ""PD_0""}"
,,NONE,SUBSET,BLOCK_a_3f8,BLOCK_SPACE_a,"{""pd_incharge"": ""PD_0""}"
,,NONE,HOLD,PD_2,BLOCK_a_3f8,"{""pd_incharge"": ""PD_0""}"
,,NONE,SUBSET,BLOCK_a_3f9,BLOCK_SPACE_a,"{""pd_incharge"": ""PD_0""}"
,,NONE,HOLD,PD_2,BLOCK_a_3f9,"{""pd_incharge"": ""PD_0""}"
,,NONE,SUBSET,BLOCK_a_3fa,BLOCK_SPACE_a,"{""pd_incharge"": ""PD_0""}"
,,NONE,HOLD,PD_2,BLOCK_a_3fa,"{""pd_incharge"": ""PD_0""}"
,,NONE,SUBSET,BLOCK_a_3fb,BLOCK_SPACE_a,"{""pd_incharge"": ""PD_0""}"
,,NONE,HOLD,PD_2,BLOCK_a_3fb,"{""pd_incharge"": ""PD_0""}"
,,NONE,SUBSET,BLOCK_a_3fc,BLOCK_SPACE_a,"{""pd_incharge"": ""PD_0""}"
,,NONE,HOLD,PD_2,BLOCK_a_3fc,"{""pd_incharge"": ""PD_0""}"
,,NONE,SUBSET,BLOCK_a_3fd,BLOCK_SPACE_a,"{""pd_incharge"": ""PD_0""}"
,,NONE,HOLD,PD_2,BLOCK_a_3fd,"{""pd_incharge"": ""PD_0""}"
,,NONE,SUBSET,BLOCK_a_3fe,BLOCK_SPACE_a,"{""pd_incharge"": ""PD_0""}"
,,NONE,HOLD,PD_2,BLOCK_a_3fe,"{""pd_incharge"": ""PD_0""}"
,,NONE,SUBSET,BLOCK_a_3ff,BLOCK_SPACE_a,"{""pd_incharge"": ""PD_0""}"
,,NONE,HOLD,PD_2,BLOCK_a_3ff,"{""pd_incharge"": ""PD_0""}"
,,NONE,HOLD,PD_1,ADS_SPACE_9,"{""pd_incharge"": ""PD_0""}"
,,NONE,HOLD,PD_1,VCPU_5_2,"{""pd_incharge"": ""PD_0""}"
,,NONE,HOLD,PD_1,MO_4_b,"{""pd_incharge"": ""PD_0""}"
,,NONE,SUBSET,MO_4_b,MO_SPACE_4,"{""pd_incharge"": ""PD_0""}"
,,NONE,HOLD,PD_1,MO_4_c,"{""pd_incharge"": ""PD_0""}"
,,NONE,SUBSET,MO_4_c,MO_SPACE_4,"{""pd_incharge"": ""PD_0""}"
,,NONE,HOLD,PD_1,MO_4_d,"{""pd_incharge"": ""PD_0""}"
,,NONE,SUBSET,MO_4_d,MO_SPACE_4,"{""pd_incharge"": ""PD_0""}"
,,NONE,HOLD,PD_1,MO_4_f,"{""pd_incharge"": ""PD_0""}"
,,NONE,SUBSET,MO_4_f,MO_SPACE_4,"{""pd_incharge"": ""PD_0""}"
,,VMR,REQUEST,PD_3,PD_0,"{""pd_incharge"": ""PD_0""}"
,,MO,REQUEST,PD_3,PD_0,"{""pd_incharge"": ""PD_0""}"
,,EP,REQUEST,PD_3,PD_0,"{""pd_incharge"": ""PD_0""}"
,,RESSPC,REQUEST,PD_3,PD_0,"{""pd_incharge"": ""PD_0""}"
,,BLOCK,REQUEST,PD_3,PD_2,"{""pd_incharge"": ""PD_0""}"
,,NONE,HOLD,PD_3,VCPU_5_3,"{""pd_incharge"": ""PD_0""}"
,,NONE,SUBSET,VCPU_5_3,VCPU_SPACE_5,"{""pd_incharge"": ""PD_0""}"
,,NONE,MAP,VCPU_5_3,PCPU_1_0,"{""pd_incharge"": ""PD_0""}"
,,NONE,MAP,ADS_SPACE_b,MO_SPACE_4,"{""pd_incharge"": ""PD_0""}"
,,NONE,HOLD,PD_0,ADS_SPACE_b,"{""pd_incharge"": ""PD_0""}"
,,NONE,SUBSET,VMR_b_1,ADS_SPACE_b,"{""pd_incharge"": ""PD_0""}"
,,NONE,HOLD,PD_3,VMR_b_1,"{""pd_incharge"": ""PD_0""}"
,,NONE,MAP,VMR_b_1,MO_4_f,"{""pd_incharge"": ""PD_0""}"
,,NONE,SUBSET,VMR_b_2,ADS_SPACE_b,"{""pd_incharge"": ""PD_0""}"
,,NONE,HOLD,PD_3,VMR_b_2,"{""pd_incharge"": ""PD_0""}"
,,NONE,MAP,VMR_b_2,MO_4_10,"{""pd_incharge"": ""PD_0""}"
,,NONE,SUBSET,VMR_b_3,ADS_SPACE_b,"{""pd_incharge"": ""PD_0""}"
,,NONE,HOLD,PD_3,VMR_b_3,"{""pd_incharge"": ""PD_0""}"
,,NONE,MAP,VMR_b_3,MO_4_11,"{""pd_incharge"": ""PD_0""}"
,,NONE,SUBSET,VMR_b_4,ADS_SPACE_b,"{""pd_incharge"": ""PD_0""}"
,,NONE,HOLD,PD_3,VMR_b_4,"{""pd_incharge"": ""PD_0""}"
,,NONE,MAP,VMR_b_4,MO_4_12,"{""pd_incharge"": ""PD_0""}"
,,NONE,SUBSET,VMR_b_5,ADS_SPACE_b,"{""pd_incharge"": ""PD_0""}"
,,NONE,HOLD,PD_3,VMR_b_5,"{""pd_incharge"": ""PD_0""}"
,,NONE,MAP,VMR_b_5,MO_4_13,"{""pd_incharge"": ""PD_0""}"
,,NONE,SUBSET,VMR_b_6,ADS_SPACE_b,"{""pd_incharge"": ""PD_0""}"
,,NONE,HOLD,PD_3,VMR_b_6,"{""pd_incharge"": ""PD_0""}"
,,NONE,MAP,VMR_b_6,MO_4_14,"{""pd_incharge"": ""PD_0""}"
,,NONE,SUBSET,VMR_b_7,ADS_SPACE_b,"{""pd_incharge"": ""PD_0""}"
,,NONE,HOLD,PD_3,VMR_b_7,"{""pd_incharge"": ""PD_0""}"
,,NONE,MAP,VMR_b_7,MO_4_15,"{""pd_incharge"": ""PD_0""}"
,,NONE,HOLD,PD_3,ADS_SPACE_b,"{""pd_incharge"": ""PD_0""}"
,,NONE,MAP,FILE_SPACE_c,BLOCK_SPACE_a,"{""pd_incharge"": ""PD_3""}"
,,NONE,HOLD,PD_3,FILE_SPACE_c,"{""pd_incharge"": ""PD_0""}"
,,NONE,HOLD,PD_3,MO_4_15,"{""pd_incharge"": ""PD_0""}"
,,NONE,SUBSET,MO_4_15,MO_SPACE_4,"{""pd_incharge"": ""PD_0""}"
,,NONE,HOLD,PD_3,BLOCK_a_0,"{""pd_incharge"": ""PD_0""}"
,,NONE,HOLD,PD_3,BLOCK_a_1,"{""pd_incharge"": ""PD_0""}"
,,NONE,HOLD,PD_3,BLOCK_a_2,"{""pd_incharge"": ""PD_0""}"
,,NONE,HOLD,PD_3,BLOCK_a_3,"{""pd_incharge"": ""PD_0""}"
,,NONE,HOLD,PD_3,BLOCK_a_4,"{""pd_incharge"": ""PD_0""}"
,,NONE,HOLD,PD_3,BLOCK_a_5,"{""pd_incharge"": ""PD_0""}"
,,NONE,HOLD,PD_3,BLOCK_a_6,"{""pd_incharge"": ""PD_0""}"
,,NONE,HOLD,PD_3,BLOCK_a_7,"{""pd_incharge"": ""PD_0""}"
,,NONE,HOLD,PD_3,BLOCK_a_8,"{""pd_incharge"": ""PD_0""}"
,,NONE,HOLD,PD_3,BLOCK_a_9,"{""pd_incharge"": ""PD_0""}"
,,NONE,HOLD,PD_3,BLOCK_a_a,"{""pd_incharge"": ""PD_0""}"
,,NONE,HOLD,PD_3,BLOCK_a_b,"{""pd_incharge"": ""PD_0""}"
,,NONE,HOLD,PD_3,BLOCK_a_c,"{""pd_incharge"": ""PD_0""}"
,,NONE,HOLD,PD_3,BLOCK_a_d,"{""pd_incharge"": ""PD_0""}"
,,NONE,HOLD,PD_3,BLOCK_a_e,"{""pd_incharge"": ""PD_0""}"
,,NONE,HOLD,PD_3,BLOCK_a_f,"{""pd_incharge"": ""PD_0""}"
,,NONE,HOLD,PD_3,BLOCK_a_10,"{""pd_incharge"": ""PD_0""}"
,,NONE,HOLD,PD_3,BLOCK_a_11,"{""pd_incharge"": ""PD_0""}"
,,NONE,HOLD,PD_3,BLOCK_a_12,"{""pd_incharge"": ""PD_0""}"
,,NONE,HOLD,PD_3,BLOCK_a_13,"{""pd_incharge"": ""PD_0""}"
,,NONE,HOLD,PD_3,BLOCK_a_14,"{""pd_incharge"": ""PD_0""}"
,,NONE,HOLD,PD_3,BLOCK_a_15,"{""pd_incharge"": ""PD_0""}"
,,NONE,HOLD,PD_3,BLOCK_a_16,"{""pd_incharge"": ""PD_0""}"
,,NONE,HOLD,PD_3,BLOCK_a_17,"{""pd_incharge"": ""PD_0""}"
,,NONE,HOLD,PD_3,BLOCK_a_18,"{""pd_incharge"": ""PD_0""}"
,,NONE,HOLD,PD_3,BLOCK_a_19,"{""pd_incharge"": ""PD_0""}"
,,NONE,HOLD,PD_3,BLOCK_a_1a,"{""pd_incharge"": ""PD_0""}"
,,NONE,HOLD,PD_3,BLOCK_a_1b,"{""pd_incharge"": ""PD_0""}"
,,NONE,HOLD,PD_3,BLOCK_a_1c,"{""pd_incharge"": ""PD_0""}"
,,NONE,HOLD,PD_3,BLOCK_a_1d,"{""pd_incharge"": ""PD_0""}"
,,NONE,HOLD,PD_3,BLOCK_a_1e,"{""pd_incharge"": ""PD_0""}"
,,NONE,HOLD,PD_3,BLOCK_a_1f,"{""pd_incharge"": ""PD_0""}"
,,NONE,HOLD,PD_3,BLOCK_a_20,"{""pd_incharge"": ""PD_0""}"
,,NONE,HOLD,PD_3,BLOCK_a_21,"{""pd_incharge"": ""PD_0""}"
,,NONE,HOLD,PD_3,BLOCK_a_22,"{""pd_incharge"": ""PD_0""}"
,,NONE,HOLD,PD_3,BLOCK_a_23,"{""pd_incharge"": ""PD_0""}"
,,NONE,HOLD,PD_3,BLOCK_a_24,"{""pd_incharge"": ""PD_0""}"
,,NONE,HOLD,PD_3,BLOCK_a_25,"{""pd_incharge"": ""PD_0""}"
,,NONE,HOLD,PD_3,BLOCK_a_26,"{""pd_incharge"": ""PD_0""}"
,,NONE,HOLD,PD_3,BLOCK_a_27,"{""pd_incharge"": ""PD_0""}"
,,NONE,HOLD,PD_3,BLOCK_a_28,"{""pd_incharge"": ""PD_0""}"
,,NONE,HOLD,PD_3,BLOCK_a_29,"{""pd_incharge"": ""PD_0""}"
,,NONE,HOLD,PD_3,BLOCK_a_2a,"{""pd_incharge"": ""PD_0""}"
,,NONE,HOLD,PD_3,BLOCK_a_2b,"{""pd_incharge"": ""PD_0""}"
,,NONE,HOLD,PD_3,BLOCK_a_2c,"{""pd_incharge"": ""PD_0""}"
,,NONE,HOLD,PD_3,BLOCK_a_2d,"{""pd_incharge"": ""PD_0""}"
,,NONE,HOLD,PD_3,BLOCK_a_2e,"{""pd_incharge"": ""PD_0""}"
,,NONE,HOLD,PD_3,BLOCK_a_2f,"{""pd_incharge"": ""PD_0""}"
,,NONE,HOLD,PD_3,BLOCK_a_30,"{""pd_incharge"": ""PD_0""}"
,,NONE,HOLD,PD_3,BLOCK_a_31,"{""pd_incharge"": ""PD_0""}"
,,NONE,HOLD,PD_3,BLOCK_a_32,"{""pd_incharge"": ""PD_0""}"
,,NONE,HOLD,PD_3,BLOCK_a_33,"{""pd_incharge"": ""PD_0""}"
,,NONE,HOLD,PD_3,BLOCK_a_34,"{""pd_incharge"": ""PD_0""}"
,,NONE,HOLD,PD_3,BLOCK_a_35,"{""pd_incharge"": ""PD_0""}"
,,NONE,HOLD,PD_3,BLOCK_a_36,"{""pd_incharge"": ""PD_0""}"
,,NONE,HOLD,PD_3,BLOCK_a_37,"{""pd_incharge"": ""PD_0""}"
,,NONE,HOLD,PD_3,BLOCK_a_38,"{""pd_incharge"": ""PD_0""}"
,,NONE,HOLD,PD_3,BLOCK_a_39,"{""pd_incharge"": ""PD_0""}"
,,NONE,HOLD,PD_3,BLOCK_a_3a,"{""pd_incharge"": ""PD_0""}"
,,NONE,HOLD,PD_3,BLOCK_a_3b,"{""pd_incharge"": ""PD_0""}"
,,NONE,HOLD,PD_3,BLOCK_a_3c,"{""pd_incharge"": ""PD_0""}"
,,NONE,HOLD,PD_3,BLOCK_a_3d,"{""pd_incharge"": ""PD_0""}"
,,NONE,HOLD,PD_3,BLOCK_a_3e,"{""pd_incharge"": ""PD_0""}"
,,NONE,HOLD,PD_3,BLOCK_a_3f,"{""pd_incharge"": ""PD_0""}"
,,NONE,HOLD,PD_3,BLOCK_a_40,"{""pd_incharge"": ""PD_0""}"
,,NONE,HOLD,PD_3,BLOCK_a_41,"{""pd_incharge"": ""PD_0""}"
,,NONE,HOLD,PD_3,BLOCK_a_42,"{""pd_incharge"": ""PD_0""}"
,,NONE,HOLD,PD_3,BLOCK_a_43,"{""pd_incharge"": ""PD_0""}"
,,NONE,HOLD,PD_3,BLOCK_a_44,"{""pd_incharge"": ""PD_0""}"
,,NONE,HOLD,PD_3,BLOCK_a_45,"{""pd_incharge"": ""PD_0""}"
,,NONE,HOLD,PD_3,BLOCK_a_46,"{""pd_incharge"": ""PD_0""}"
,,NONE,HOLD,PD_3,BLOCK_a_47,"{""pd_incharge"": ""PD_0""}"
,,NONE,HOLD,PD_3,BLOCK_a_48,"{""pd_incharge"": ""PD_0""}"
,,NONE,HOLD,PD_3,BLOCK_a_49,"{""pd_incharge"": ""PD_0""}"
,,NONE,HOLD,PD_3,BLOCK_a_4a,"{""pd_incharge"": ""PD_0""}"
,,NONE,HOLD,PD_3,BLOCK_a_4b,"{""pd_incharge"": ""PD_0""}"
,,NONE,HOLD,PD_3,BLOCK_a_4c,"{""pd_incharge"": ""PD_0""}"
,,NONE,HOLD,PD_3,BLOCK_a_4d,"{""pd_incharge"": ""PD_0""}"
,,NONE,HOLD,PD_3,BLOCK_a_4e,"{""pd_incharge"": ""PD_0""}"
,,NONE,HOLD,PD_3,BLOCK_a_4f,"{""pd_incharge"": ""PD_0""}"
,,NONE,HOLD,PD_3,BLOCK_a_50,"{""pd_incharge"": ""PD_0""}"
,,NONE,HOLD,PD_3,BLOCK_a_51,"{""pd_incharge"": ""PD_0""}"
,,NONE,HOLD,PD_3,BLOCK_a_52,"{""pd_incharge"": ""PD_0""}"
,,NONE,HOLD,PD_3,BLOCK_a_53,"{""pd_incharge"": ""PD_0""}"
,,NONE,HOLD,PD_3,BLOCK_a_54,"{""pd_incharge"": ""PD_0""}"
,,NONE,HOLD,PD_3,BLOCK_a_55,"{""pd_incharge"": ""PD_0""}"
,,NONE,HOLD,PD_3,BLOCK_a_56,"{""pd_incharge"": ""PD_0""}"
,,NONE,HOLD,PD_3,BLOCK_a_57,"{""pd_incharge"": ""PD_0""}"
,,NONE,HOLD,PD_3,BLOCK_a_58,"{""pd_incharge"": ""PD_0""}"
,,NONE,HOLD,PD_3,BLOCK_a_59,"{""pd_incharge"": ""PD_0""}"
,,NONE,HOLD,PD_3,BLOCK_a_5a,"{""pd_incharge"": ""PD_0""}"
,,NONE,HOLD,PD_3,BLOCK_a_5b,"{""pd_incharge"": ""PD_0""}"
,,NONE,HOLD,PD_3,BLOCK_a_5c,"{""pd_incharge"": ""PD_0""}"
,,NONE,HOLD,PD_3,BLOCK_a_5d,"{""pd_incharge"": ""PD_0""}"
,,NONE,HOLD,PD_3,BLOCK_a_5e,"{""pd_incharge"": ""PD_0""}"
,,NONE,HOLD,PD_3,BLOCK_a_5f,"{""pd_incharge"": ""PD_0""}"
,,NONE,HOLD,PD_3,BLOCK_a_60,"{""pd_incharge"": ""PD_0""}"
,,NONE,HOLD,PD_3,BLOCK_a_61,"{""pd_incharge"": ""PD_0""}"
,,NONE,HOLD,PD_3,BLOCK_a_62,"{""pd_incharge"": ""PD_0""}"
,,NONE,HOLD,PD_3,BLOCK_a_63,"{""pd_incharge"": ""PD_0""}"
,,NONE,HOLD,PD_3,BLOCK_a_64,"{""pd_incharge"": ""PD_0""}"
,,NONE,HOLD,PD_3,BLOCK_a_65,"{""pd_incharge"": ""PD_0""}"
,,NONE,HOLD,PD_3,BLOCK_a_66,"{""pd_incharge"": ""PD_0""}"
,,NONE,HOLD,PD_3,BLOCK_a_67,"{""pd_incharge"": ""PD_0""}"
,,NONE,HOLD,PD_3,BLOCK_a_68,"{""pd_incharge"": ""PD_0""}"
,,NONE,HOLD,PD_3,BLOCK_a_69,"{""pd_incharge"": ""PD_0""}"
,,NONE,HOLD,PD_3,BLOCK_a_6a,"{""pd_incharge"": ""PD_0""}"
,,NONE,HOLD,PD_3,BLOCK_a_6b,"{""pd_incharge"": ""PD_0""}"
,,NONE,HOLD,PD_3,BLOCK_a_6c,"{""pd_incharge"": ""PD_0""}"
,,NONE,HOLD,PD_3,BLOCK_a_6d,"{""pd_incharge"": ""PD_0""}"
,,NONE,HOLD,PD_3,BLOCK_a_6e,"{""pd_incharge"": ""PD_0""}"
,,NONE,HOLD,PD_3,BLOCK_a_6f,"{""pd_incharge"": ""PD_0""}"
,,NONE,HOLD,PD_3,BLOCK_a_70,"{""pd_incharge"": ""PD_0""}"
,,NONE,HOLD,PD_3,BLOCK_a_71,"{""pd_incharge"": ""PD_0""}"
,,NONE,HOLD,PD_3,BLOCK_a_72,"{""pd_incharge"": ""PD_0""}"
,,NONE,HOLD,PD_3,BLOCK_a_73,"{""pd_incharge"": ""PD_0""}"
,,NONE,HOLD,PD_3,BLOCK_a_74,"{""pd_incharge"": ""PD_0""}"
,,NONE,HOLD,PD_3,BLOCK_a_75,"{""pd_incharge"": ""PD_0""}"
,,NONE,HOLD,PD_3,BLOCK_a_76,"{""pd_incharge"": ""PD_0""}"
,,NONE,HOLD,PD_3,BLOCK_a_77,"{""pd_incharge"": ""PD_0""}"
,,NONE,HOLD,PD_3,BLOCK_a_78,"{""pd_incharge"": ""PD_0""}"
,,NONE,HOLD,PD_3,BLOCK_a_79,"{""pd_incharge"": ""PD_0""}"
,,NONE,HOLD,PD_3,BLOCK_a_7a,"{""pd_incharge"": ""PD_0""}"
,,NONE,HOLD,PD_3,BLOCK_a_7b,"{""pd_incharge"": ""PD_0""}"
,,NONE,HOLD,PD_3,BLOCK_a_7c,"{""pd_incharge"": ""PD_0""}"
,,NONE,HOLD,PD_3,BLOCK_a_7d,"{""pd_incharge"": ""PD_0""}"
,,NONE,HOLD,PD_3,BLOCK_a_7e,"{""pd_incharge"": ""PD_0""}"
,,NONE,HOLD,PD_3,BLOCK_a_7f,"{""pd_incharge"": ""PD_0""}"
,,NONE,HOLD,PD_3,BLOCK_a_80,"{""pd_incharge"": ""PD_0""}"
,,NONE,HOLD,PD_3,BLOCK_a_81,"{""pd_incharge"": ""PD_0""}"
,,NONE,HOLD,PD_3,BLOCK_a_82,"{""pd_incharge"": ""PD_0""}"
,,NONE,HOLD,PD_3,BLOCK_a_83,"{""pd_incharge"": ""PD_0""}"
,,NONE,HOLD,PD_3,BLOCK_a_84,"{""pd_incharge"": ""PD_0""}"
,,NONE,HOLD,PD_3,BLOCK_a_85,"{""pd_incharge"": ""PD_0""}"
,,NONE,HOLD,PD_3,BLOCK_a_86,"{""pd_incharge"": ""PD_0""}"
,,NONE,HOLD,PD_3,BLOCK_a_87,"{""pd_incharge"": ""PD_0""}"
,,NONE,HOLD,PD_3,BLOCK_a_88,"{""pd_incharge"": ""PD_0""}"
,,NONE,HOLD,PD_3,BLOCK_a_89,"{""pd_incharge"": ""PD_0""}"
,,NONE,HOLD,PD_3,BLOCK_a_8a,"{""pd_incharge"": ""PD_0""}"
,,NONE,HOLD,PD_3,BLOCK_a_8b,"{""pd_incharge"": ""PD_0""}"
,,NONE,HOLD,PD_3,BLOCK_a_8c,"{""pd_incharge"": ""PD_0""}"
,,NONE,HOLD,PD_3,BLOCK_a_8d,"{""pd_incharge"": ""PD_0""}"
,,NONE,HOLD,PD_3,BLOCK_a_8e,"{""pd_incharge"": ""PD_0""}"
,,NONE,HOLD,PD_3,BLOCK_a_8f,"{""pd_incharge"": ""PD_0""}"
,,NONE,HOLD,PD_3,BLOCK_a_90,"{""pd_incharge"": ""PD_0""}"
,,NONE,HOLD,PD_3,BLOCK_a_91,"{""pd_incharge"": ""PD_0""}"
,,NONE,HOLD,PD_3,BLOCK_a_92,"{""pd_incharge"": ""PD_0""}"
,,NONE,HOLD,PD_3,BLOCK_a_93,"{""pd_incharge"": ""PD_0""}"
,,NONE,HOLD,PD_3,BLOCK_a_94,"{""pd_incharge"": ""PD_0""}"
,,NONE,HOLD,PD_3,BLOCK_a_95,"{""pd_incharge"": ""PD_0""}"
,,NONE,HOLD,PD_3,BLOCK_a_96,"{""pd_incharge"": ""PD_0""}"
,,NONE,HOLD,PD_3,BLOCK_a_97,"{""pd_incharge"": ""PD_0""}"
,,NONE,HOLD,PD_3,BLOCK_a_98,"{""pd_incharge"": ""PD_0""}"
,,NONE,HOLD,PD_3,BLOCK_a_99,"{""pd_incharge"": ""PD_0""}"
,,NONE,HOLD,PD_3,BLOCK_a_9a,"{""pd_incharge"": ""PD_0""}"
,,NONE,HOLD,PD_3,BLOCK_a_9b,"{""pd_incharge"": ""PD_0""}"
,,NONE,HOLD,PD_3,BLOCK_a_9c,"{""pd_incharge"": ""PD_0""}"
,,NONE,HOLD,PD_3,BLOCK_a_9d,"{""pd_incharge"": ""PD_0""}"
,,NONE,HOLD,PD_3,BLOCK_a_9e,"{""pd_incharge"": ""PD_0""}"
,,NONE,HOLD,PD_3,BLOCK_a_9f,"{""pd_incharge"": ""PD_0""}"
,,NONE,HOLD,PD_3,BLOCK_a_a0,"{""pd_incharge"": ""PD_0""}"
,,NONE,HOLD,PD_3,BLOCK_a_a1,"{""pd_incharge"": ""PD_0""}"
,,NONE,HOLD,PD_3,BLOCK_a_a2,"{""pd_incharge"": ""PD_0""}"
,,NONE,HOLD,PD_3,BLOCK_a_a3,"{""pd_incharge"": ""PD_0""}"
,,NONE,HOLD,PD_3,BLOCK_a_a4,"{""pd_incharge"": ""PD_0""}"
,,NONE,HOLD,PD_3,BLOCK_a_a5,"{""pd_incharge"": ""PD_0""}"
,,NONE,HOLD,PD_3,BLOCK_a_a6,"{""pd_incharge"": ""PD_0""}"
,,NONE,HOLD,PD_3,BLOCK_a_a7,"{""pd_incharge"": ""PD_0""}"
,,NONE,HOLD,PD_3,BLOCK_a_a8,"{""pd_incharge"": ""PD_0""}"
,,NONE,HOLD,PD_3,BLOCK_a_a9,"{""pd_incharge"": ""PD_0""}"
,,NONE,HOLD,PD_3,BLOCK_a_aa,"{""pd_incharge"": ""PD_0""}"
,,NONE,HOLD,PD_3,BLOCK_a_ab,"{""pd_incharge"": ""PD_0""}"
,,NONE,HOLD,PD_3,BLOCK_a_ac,"{""pd_incharge"": ""PD_0""}"
,,NONE,HOLD,PD_3,BLOCK_a_ad,"{""pd_incharge"": ""PD_0""}"
,,NONE,HOLD,PD_3,BLOCK_a_ae,"{""pd_incharge"": ""PD_0""}"
,,NONE,HOLD,PD_3,BLOCK_a_af,"{""pd_incharge"": ""PD_0""}"
,,NONE,HOLD,PD_3,BLOCK_a_b0,"{""pd_incharge"": ""PD_0""}"
,,NONE,HOLD,PD_3,BLOCK_a_b1,"{""pd_incharge"": ""PD_0""}"
,,NONE,HOLD,PD_3,BLOCK_a_b2,"{""pd_incharge"": ""PD_0""}"
,,NONE,HOLD,PD_3,BLOCK_a_b3,"{""pd_incharge"": ""PD_0""}"
,,NONE,HOLD,PD_3,BLOCK_a_b4,"{""pd_incharge"": ""PD_0""}"
,,NONE,HOLD,PD_3,BLOCK_a_b5,"{""pd_incharge"": ""PD_0""}"
,,NONE,HOLD,PD_3,BLOCK_a_b6,"{""pd_incharge"": ""PD_0""}"
,,NONE,HOLD,PD_3,BLOCK_a_b7,"{""pd_incharge"": ""PD_0""}"
,,NONE,HOLD,PD_3,BLOCK_a_b8,"{""pd_incharge"": ""PD_0""}"
,,NONE,HOLD,PD_3,BLOCK_a_b9,"{""pd_incharge"": ""PD_0""}"
,,NONE,HOLD,PD_3,BLOCK_a_ba,"{""pd_incharge"": ""PD_0""}"
,,NONE,HOLD,PD_3,BLOCK_a_bb,"{""pd_incharge"": ""PD_0""}"
,,NONE,HOLD,PD_3,BLOCK_a_bc,"{""pd_incharge"": ""PD_0""}"
,,NONE,HOLD,PD_3,BLOCK_a_bd,"{""pd_incharge"": ""PD_0""}"
,,NONE,HOLD,PD_3,BLOCK_a_be,"{""pd_incharge"": ""PD_0""}"
,,NONE,HOLD,PD_3,BLOCK_a_bf,"{""pd_incharge"": ""PD_0""}"
,,NONE,HOLD,PD_3,BLOCK_a_c0,"{""pd_incharge"": ""PD_0""}"
,,NONE,HOLD,PD_3,BLOCK_a_c1,"{""pd_incharge"": ""PD_0""}"
,,NONE,HOLD,PD_3,BLOCK_a_c2,"{""pd_incharge"": ""PD_0""}"
,,NONE,HOLD,PD_3,BLOCK_a_c3,"{""pd_incharge"": ""PD_0""}"
,,NONE,HOLD,PD_3,BLOCK_a_c4,"{""pd_incharge"": ""PD_0""}"
,,NONE,HOLD,PD_3,BLOCK_a_c5,"{""pd_incharge"": ""PD_0""}"
,,NONE,HOLD,PD_3,BLOCK_a_c6,"{""pd_incharge"": ""PD_0""}"
,,NONE,HOLD,PD_3,BLOCK_a_c7,"{""pd_incharge"": ""PD_0""}"
,,NONE,HOLD,PD_3,BLOCK_a_c8,"{""pd_incharge"": ""PD_0""}"
,,NONE,HOLD,PD_3,BLOCK_a_c9,"{""pd_incharge"": ""PD_0""}"
,,NONE,HOLD,PD_3,BLOCK_a_ca,"{""pd_incharge"": ""PD_0""}"
,,NONE,HOLD,PD_3,BLOCK_a_cb,"{""pd_incharge"": ""PD_0""}"
,,NONE,HOLD,PD_3,BLOCK_a_cc,"{""pd_incharge"": ""PD_0""}"
,,NONE,HOLD,PD_3,BLOCK_a_cd,"{""pd_incharge"": ""PD_0""}"
,,NONE,HOLD,PD_3,BLOCK_a_ce,"{""pd_incharge"": ""PD_0""}"
,,NONE,HOLD,PD_3,BLOCK_a_cf,"{""pd_incharge"": ""PD_0""}"
,,NONE,HOLD,PD_3,BLOCK_a_d0,"{""pd_incharge"": ""PD_0""}"
,,NONE,HOLD,PD_3,BLOCK_a_d1,"{""pd_incharge"": ""PD_0""}"
,,NONE,HOLD,PD_3,BLOCK_a_d2,"{""pd_incharge"": ""PD_0""}"
,,NONE,HOLD,PD_3,BLOCK_a_d3,"{""pd_incharge"": ""PD_0""}"
,,NONE,HOLD,PD_3,BLOCK_a_d4,"{""pd_incharge"": ""PD_0""}"
,,NONE,HOLD,PD_3,BLOCK_a_d5,"{""pd_incharge"": ""PD_0""}"
,,NONE,HOLD,PD_3,BLOCK_a_d6,"{""pd_incharge"": ""PD_0""}"
,,NONE,HOLD,PD_3,BLOCK_a_d7,"{""pd_incharge"": ""PD_0""}"
,,NONE,HOLD,PD_3,BLOCK_a_d8,"{""pd_incharge"": ""PD_0""}"
,,NONE,HOLD,PD_3,BLOCK_a_d9,"{""pd_incharge"": ""PD_0""}"
,,NONE,HOLD,PD_3,BLOCK_a_da,"{""pd_incharge"": ""PD_0""}"
,,NONE,HOLD,PD_3,BLOCK_a_db,"{""pd_incharge"": ""PD_0""}"
,,NONE,HOLD,PD_3,BLOCK_a_dc,"{""pd_incharge"": ""PD_0""}"
,,NONE,HOLD,PD_3,BLOCK_a_dd,"{""pd_incharge"": ""PD_0""}"
,,NONE,HOLD,PD_3,BLOCK_a_de,"{""pd_incharge"": ""PD_0""}"
,,NONE,HOLD,PD_3,BLOCK_a_df,"{""pd_incharge"": ""PD_0""}"
,,NONE,HOLD,PD_3,BLOCK_a_e0,"{""pd_incharge"": ""PD_0""}"
,,NONE,HOLD,PD_3,BLOCK_a_e1,"{""pd_incharge"": ""PD_0""}"
,,NONE,HOLD,PD_3,BLOCK_a_e2,"{""pd_incharge"": ""PD_0""}"
,,NONE,HOLD,PD_3,BLOCK_a_e3,"{""pd_incharge"": ""PD_0""}"
,,NONE,HOLD,PD_3,BLOCK_a_e4,"{""pd_incharge"": ""PD_0""}"
,,NONE,HOLD,PD_3,BLOCK_a_e5,"{""pd_incharge"": ""PD_0""}"
,,NONE,HOLD,PD_3,BLOCK_a_e6,"{""pd_incharge"": ""PD_0""}"
,,NONE,HOLD,PD_3,BLOCK_a_e7,"{""pd_incharge"": ""PD_0""}"
,,NONE,HOLD,PD_3,BLOCK_a_e8,"{""pd_incharge"": ""PD_0""}"
,,NONE,HOLD,PD_3,BLOCK_a_e9,"{""pd_incharge"": ""PD_0""}"
,,NONE,HOLD,PD_3,BLOCK_a_ea,"{""pd_incharge"": ""PD_0""}"
,,NONE,HOLD,PD_3,BLOCK_a_eb,"{""pd_incharge"": ""PD_0""}"
,,NONE,HOLD,PD_3,BLOCK_a_ec,"{""pd_incharge"": ""PD_0""}"
,,NONE,HOLD,PD_3,BLOCK_a_ed,"{""pd_incharge"": ""PD_0""}"
,,NONE,HOLD,PD_3,BLOCK_a_ee,"{""pd_incharge"": ""PD_0""}"
,,NONE,HOLD,PD_3,BLOCK_a_ef,"{""pd_incharge"": ""PD_0""}"
,,NONE,HOLD,PD_3,BLOCK_a_f0,"{""pd_incharge"": ""PD_0""}"
,,NONE,HOLD,PD_3,BLOCK_a_f1,"{""pd_incharge"": ""PD_0""}"
,,NONE,HOLD,PD_3,BLOCK_a_f2,"{""pd_incharge"": ""PD_0""}"
,,NONE,HOLD,PD_3,BLOCK_a_f3,"{""pd_incharge"": ""PD_0""}"
,,NONE,HOLD,PD_3,BLOCK_a_f4,"{""pd_incharge"": ""PD_0""}"
,,NONE,HOLD,PD_3,BLOCK_a_f5,"{""pd_incharge"": ""PD_0""}"
,,NONE,HOLD,PD_3,BLOCK_a_f6,"{""pd_incharge"": ""PD_0""}"
,,NONE,HOLD,PD_3,BLOCK_a_f7,"{""pd_incharge"": ""PD_0""}"
,,NONE,HOLD,PD_3,BLOCK_a_f8,"{""pd_incharge"": ""PD_0""}"
,,NONE,HOLD,PD_3,BLOCK_a_f9,"{""pd_incharge"": ""PD_0""}"
,,NONE,HOLD,PD_3,BLOCK_a_fa,"{""pd_incharge"": ""PD_0""}"
,,NONE,HOLD,PD_3,BLOCK_a_fb,"{""pd_incharge"": ""PD_0""}"
,,NONE,HOLD,PD_3,BLOCK_a_fc,"{""pd_incharge"": ""PD_0""}"
,,NONE,HOLD,PD_3,BLOCK_a_fd,"{""pd_incharge"": ""PD_0""}"
,,NONE,HOLD,PD_3,BLOCK_a_fe,"{""pd_incharge"": ""PD_0""}"
,,NONE,HOLD,PD_3,BLOCK_a_ff,"{""pd_incharge"": ""PD_0""}"
,,NONE,HOLD,PD_3,BLOCK_a_100,"{""pd_incharge"": ""PD_0""}"
,,NONE,HOLD,PD_3,BLOCK_a_101,"{""pd_incharge"": ""PD_0""}"
,,NONE,HOLD,PD_3,BLOCK_a_102,"{""pd_incharge"": ""PD_0""}"
,,NONE,HOLD,PD_3,BLOCK_a_103,"{""pd_incharge"": ""PD_0""}"
,,NONE,HOLD,PD_3,BLOCK_a_104,"{""pd_incharge"": ""PD_0""}"
,,NONE,HOLD,PD_3,BLOCK_a_105,"{""pd_incharge"": ""PD_0""}"
,,NONE,HOLD,PD_3,BLOCK_a_106,"{""pd_incharge"": ""PD_0""}"
,,NONE,HOLD,PD_3,BLOCK_a_107,"{""pd_incharge"": ""PD_0""}"
,,NONE,HOLD,PD_3,BLOCK_a_108,"{""pd_incharge"": ""PD_0""}"
,,NONE,HOLD,PD_3,BLOCK_a_109,"{""pd_incharge"": ""PD_0""}"
,,NONE,HOLD,PD_3,BLOCK_a_10a,"{""pd_incharge"": ""PD_0""}"
,,NONE,HOLD,PD_3,BLOCK_a_10b,"{""pd_incharge"": ""PD_0""}"
,,NONE,HOLD,PD_3,BLOCK_a_10c,"{""pd_incharge"": ""PD_0""}"
,,NONE,HOLD,PD_3,BLOCK_a_10d,"{""pd_incharge"": ""PD_0""}"
,,NONE,HOLD,PD_3,BLOCK_a_10e,"{""pd_incharge"": ""PD_0""}"
,,NONE,HOLD,PD_3,BLOCK_a_10f,"{""pd_incharge"": ""PD_0""}"
,,NONE,HOLD,PD_3,BLOCK_a_110,"{""pd_incharge"": ""PD_0""}"
,,NONE,HOLD,PD_3,BLOCK_a_111,"{""pd_incharge"": ""PD_0""}"
,,NONE,HOLD,PD_3,BLOCK_a_112,"{""pd_incharge"": ""PD_0""}"
,,NONE,HOLD,PD_3,BLOCK_a_113,"{""pd_incharge"": ""PD_0""}"
,,NONE,HOLD,PD_3,BLOCK_a_114,"{""pd_incharge"": ""PD_0""}"
,,NONE,HOLD,PD_3,BLOCK_a_115,"{""pd_incharge"": ""PD_0""}"
,,NONE,HOLD,PD_3,BLOCK_a_116,"{""pd_incharge"": ""PD_0""}"
,,NONE,HOLD,PD_3,BLOCK_a_117,"{""pd_incharge"": ""PD_0""}"
,,NONE,HOLD,PD_3,BLOCK_a_118,"{""pd_incharge"": ""PD_0""}"
,,NONE,HOLD,PD_3,BLOCK_a_119,"{""pd_incharge"": ""PD_0""}"
,,NONE,HOLD,PD_3,BLOCK_a_11a,"{""pd_incharge"": ""PD_0""}"
,,NONE,HOLD,PD_3,BLOCK_a_11b,"{""pd_incharge"": ""PD_0""}"
,,NONE,HOLD,PD_3,BLOCK_a_11c,"{""pd_incharge"": ""PD_0""}"
,,NONE,HOLD,PD_3,BLOCK_a_11d,"{""pd_incharge"": ""PD_0""}"
,,NONE,HOLD,PD_3,BLOCK_a_11e,"{""pd_incharge"": ""PD_0""}"
,,NONE,HOLD,PD_3,BLOCK_a_11f,"{""pd_incharge"": ""PD_0""}"
,,NONE,HOLD,PD_3,BLOCK_a_120,"{""pd_incharge"": ""PD_0""}"
,,NONE,HOLD,PD_3,BLOCK_a_121,"{""pd_incharge"": ""PD_0""}"
,,NONE,HOLD,PD_3,BLOCK_a_122,"{""pd_incharge"": ""PD_0""}"
,,NONE,HOLD,PD_3,BLOCK_a_123,"{""pd_incharge"": ""PD_0""}"
,,NONE,HOLD,PD_3,BLOCK_a_124,"{""pd_incharge"": ""PD_0""}"
,,NONE,HOLD,PD_3,BLOCK_a_125,"{""pd_incharge"": ""PD_0""}"
,,NONE,HOLD,PD_3,BLOCK_a_126,"{""pd_incharge"": ""PD_0""}"
,,NONE,HOLD,PD_3,BLOCK_a_127,"{""pd_incharge"": ""PD_0""}"
,,NONE,HOLD,PD_3,BLOCK_a_128,"{""pd_incharge"": ""PD_0""}"
,,NONE,HOLD,PD_3,BLOCK_a_129,"{""pd_incharge"": ""PD_0""}"
,,NONE,HOLD,PD_3,BLOCK_a_12a,"{""pd_incharge"": ""PD_0""}"
,,NONE,HOLD,PD_3,BLOCK_a_12b,"{""pd_incharge"": ""PD_0""}"
,,NONE,HOLD,PD_3,BLOCK_a_12c,"{""pd_incharge"": ""PD_0""}"
,,NONE,HOLD,PD_3,BLOCK_a_12d,"{""pd_incharge"": ""PD_0""}"
,,NONE,HOLD,PD_3,BLOCK_a_12e,"{""pd_incharge"": ""PD_0""}"
,,NONE,HOLD,PD_3,BLOCK_a_12f,"{""pd_incharge"": ""PD_0""}"
,,NONE,HOLD,PD_3,BLOCK_a_130,"{""pd_incharge"": ""PD_0""}"
,,NONE,HOLD,PD_3,BLOCK_a_131,"{""pd_incharge"": ""PD_0""}"
,,NONE,HOLD,PD_3,BLOCK_a_132,"{""pd_incharge"": ""PD_0""}"
,,NONE,HOLD,PD_3,BLOCK_a_133,"{""pd_incharge"": ""PD_0""}"
,,NONE,HOLD,PD_3,BLOCK_a_134,"{""pd_incharge"": ""PD_0""}"
,,NONE,HOLD,PD_3,BLOCK_a_135,"{""pd_incharge"": ""PD_0""}"
,,NONE,HOLD,PD_3,BLOCK_a_136,"{""pd_incharge"": ""PD_0""}"
,,NONE,HOLD,PD_3,BLOCK_a_137,"{""pd_incharge"": ""PD_0""}"
,,NONE,HOLD,PD_3,BLOCK_a_138,"{""pd_incharge"": ""PD_0""}"
,,NONE,HOLD,PD_3,BLOCK_a_139,"{""pd_incharge"": ""PD_0""}"
,,NONE,HOLD,PD_3,BLOCK_a_13a,"{""pd_incharge"": ""PD_0""}"
,,NONE,HOLD,PD_3,BLOCK_a_13b,"{""pd_incharge"": ""PD_0""}"
,,NONE,HOLD,PD_3,BLOCK_a_13c,"{""pd_incharge"": ""PD_0""}"
,,NONE,HOLD,PD_3,BLOCK_a_13d,"{""pd_incharge"": ""PD_0""}"
,,NONE,HOLD,PD_3,BLOCK_a_13e,"{""pd_incharge"": ""PD_0""}"
,,NONE,HOLD,PD_3,BLOCK_a_13f,"{""pd_incharge"": ""PD_0""}"
,,NONE,HOLD,PD_3,BLOCK_a_140,"{""pd_incharge"": ""PD_0""}"
,,NONE,HOLD,PD_3,BLOCK_a_141,"{""pd_incharge"": ""PD_0""}"
,,NONE,HOLD,PD_3,BLOCK_a_142,"{""pd_incharge"": ""PD_0""}"
,,NONE,HOLD,PD_3,BLOCK_a_143,"{""pd_incharge"": ""PD_0""}"
,,NONE,HOLD,PD_3,BLOCK_a_144,"{""pd_incharge"": ""PD_0""}"
,,NONE,HOLD,PD_3,BLOCK_a_145,"{""pd_incharge"": ""PD_0""}"
,,NONE,HOLD,PD_3,BLOCK_a_146,"{""pd_incharge"": ""PD_0""}"
,,NONE,HOLD,PD_3,BLOCK_a_147,"{""pd_incharge"": ""PD_0""}"
,,NONE,HOLD,PD_3,BLOCK_a_148,"{""pd_incharge"": ""PD_0""}"
,,NONE,HOLD,PD_3,BLOCK_a_149,"{""pd_incharge"": ""PD_0""}"
,,NONE,HOLD,PD_3,BLOCK_a_14a,"{""pd_incharge"": ""PD_0""}"
,,NONE,HOLD,PD_3,BLOCK_a_14b,"{""pd_incharge"": ""PD_0""}"
,,NONE,HOLD,PD_3,BLOCK_a_14c,"{""pd_incharge"": ""PD_0""}"
,,NONE,HOLD,PD_3,BLOCK_a_14d,"{""pd_incharge"": ""PD_0""}"
,,NONE,HOLD,PD_3,BLOCK_a_14e,"{""pd_incharge"": ""PD_0""}"
,,NONE,HOLD,PD_3,BLOCK_a_14f,"{""pd_incharge"": ""PD_0""}"
,,NONE,HOLD,PD_3,BLOCK_a_150,"{""pd_incharge"": ""PD_0""}"
,,NONE,HOLD,PD_3,BLOCK_a_151,"{""pd_incharge"": ""PD_0""}"
,,NONE,HOLD,PD_3,BLOCK_a_152,"{""pd_incharge"": ""PD_0""}"
,,NONE,HOLD,PD_3,BLOCK_a_153,"{""pd_incharge"": ""PD_0""}"
,,NONE,HOLD,PD_3,BLOCK_a_154,"{""pd_incharge"": ""PD_0""}"
,,NONE,HOLD,PD_3,BLOCK_a_155,"{""pd_incharge"": ""PD_0""}"
,,NONE,HOLD,PD_3,BLOCK_a_156,"{""pd_incharge"": ""PD_0""}"
,,NONE,HOLD,PD_3,BLOCK_a_157,"{""pd_incharge"": ""PD_0""}"
,,NONE,HOLD,PD_3,BLOCK_a_158,"{""pd_incharge"": ""PD_0""}"
,,NONE,HOLD,PD_3,BLOCK_a_159,"{""pd_incharge"": ""PD_0""}"
,,NONE,HOLD,PD_3,BLOCK_a_15a,"{""pd_incharge"": ""PD_0""}"
,,NONE,HOLD,PD_3,BLOCK_a_15b,"{""pd_incharge"": ""PD_0""}"
,,NONE,HOLD,PD_3,BLOCK_a_15c,"{""pd_incharge"": ""PD_0""}"
,,NONE,HOLD,PD_3,BLOCK_a_15d,"{""pd_incharge"": ""PD_0""}"
,,NONE,HOLD,PD_3,BLOCK_a_15e,"{""pd_incharge"": ""PD_0""}"
,,NONE,HOLD,PD_3,BLOCK_a_15f,"{""pd_incharge"": ""PD_0""}"
,,NONE,HOLD,PD_3,BLOCK_a_160,"{""pd_incharge"": ""PD_0""}"
,,NONE,HOLD,PD_3,BLOCK_a_161,"{""pd_incharge"": ""PD_0""}"
,,NONE,HOLD,PD_3,BLOCK_a_162,"{""pd_incharge"": ""PD_0""}"
,,NONE,HOLD,PD_3,BLOCK_a_163,"{""pd_incharge"": ""PD_0""}"
,,NONE,HOLD,PD_3,BLOCK_a_164,"{""pd_incharge"": ""PD_0""}"
,,NONE,HOLD,PD_3,BLOCK_a_165,"{""pd_incharge"": ""PD_0""}"
,,NONE,HOLD,PD_3,BLOCK_a_166,"{""pd_incharge"": ""PD_0""}"
,,NONE,HOLD,PD_3,BLOCK_a_167,"{""pd_incharge"": ""PD_0""}"
,,NONE,HOLD,PD_3,BLOCK_a_168,"{""pd_incharge"": ""PD_0""}"
,,NONE,HOLD,PD_3,BLOCK_a_169,"{""pd_incharge"": ""PD_0""}"
,,NONE,HOLD,PD_3,BLOCK_a_16a,"{""pd_incharge"": ""PD_0""}"
,,NONE,HOLD,PD_3,BLOCK_a_16b,"{""pd_incharge"": ""PD_0""}"
,,NONE,HOLD,PD_3,BLOCK_a_16c,"{""pd_incharge"": ""PD_0""}"
,,NONE,HOLD,PD_3,BLOCK_a_16d,"{""pd_incharge"": ""PD_0""}"
,,NONE,HOLD,PD_3,BLOCK_a_16e,"{""pd_incharge"": ""PD_0""}"
,,NONE,HOLD,PD_3,BLOCK_a_16f,"{""pd_incharge"": ""PD_0""}"
,,NONE,HOLD,PD_3,BLOCK_a_170,"{""pd_incharge"": ""PD_0""}"
,,NONE,HOLD,PD_3,BLOCK_a_171,"{""pd_incharge"": ""PD_0""}"
,,NONE,HOLD,PD_3,BLOCK_a_172,"{""pd_incharge"": ""PD_0""}"
,,NONE,HOLD,PD_3,BLOCK_a_173,"{""pd_incharge"": ""PD_0""}"
,,NONE,HOLD,PD_3,BLOCK_a_174,"{""pd_incharge"": ""PD_0""}"
,,NONE,HOLD,PD_3,BLOCK_a_175,"{""pd_incharge"": ""PD_0""}"
,,NONE,HOLD,PD_3,BLOCK_a_176,"{""pd_incharge"": ""PD_0""}"
,,NONE,HOLD,PD_3,BLOCK_a_177,"{""pd_incharge"": ""PD_0""}"
,,NONE,HOLD,PD_3,BLOCK_a_178,"{""pd_incharge"": ""PD_0""}"
,,NONE,HOLD,PD_3,BLOCK_a_179,"{""pd_incharge"": ""PD_0""}"
,,NONE,HOLD,PD_3,BLOCK_a_17a,"{""pd_incharge"": ""PD_0""}"
,,NONE,HOLD,PD_3,BLOCK_a_17b,"{""pd_incharge"": ""PD_0""}"
,,NONE,HOLD,PD_3,BLOCK_a_17c,"{""pd_incharge"": ""PD_0""}"
,,NONE,HOLD,PD_3,BLOCK_a_17d,"{""pd_incharge"": ""PD_0""}"
,,NONE,HOLD,PD_3,BLOCK_a_17e,"{""pd_incharge"": ""PD_0""}"
,,NONE,HOLD,PD_3,BLOCK_a_17f,"{""pd_incharge"": ""PD_0""}"
,,NONE,HOLD,PD_3,BLOCK_a_180,"{""pd_incharge"": ""PD_0""}"
,,NONE,HOLD,PD_3,BLOCK_a_181,"{""pd_incharge"": ""PD_0""}"
,,NONE,HOLD,PD_3,BLOCK_a_182,"{""pd_incharge"": ""PD_0""}"
,,NONE,HOLD,PD_3,BLOCK_a_183,"{""pd_incharge"": ""PD_0""}"
,,NONE,HOLD,PD_3,BLOCK_a_184,"{""pd_incharge"": ""PD_0""}"
,,NONE,HOLD,PD_3,BLOCK_a_185,"{""pd_incharge"": ""PD_0""}"
,,NONE,HOLD,PD_3,BLOCK_a_186,"{""pd_incharge"": ""PD_0""}"
,,NONE,HOLD,PD_3,BLOCK_a_187,"{""pd_incharge"": ""PD_0""}"
,,NONE,HOLD,PD_3,BLOCK_a_188,"{""pd_incharge"": ""PD_0""}"
,,NONE,HOLD,PD_3,BLOCK_a_189,"{""pd_incharge"": ""PD_0""}"
,,NONE,HOLD,PD_3,BLOCK_a_18a,"{""pd_incharge"": ""PD_0""}"
,,NONE,HOLD,PD_3,BLOCK_a_18b,"{""pd_incharge"": ""PD_0""}"
,,NONE,HOLD,PD_3,BLOCK_a_18c,"{""pd_incharge"": ""PD_0""}"
,,NONE,HOLD,PD_3,BLOCK_a_18d,"{""pd_incharge"": ""PD_0""}"
,,NONE,HOLD,PD_3,BLOCK_a_18e,"{""pd_incharge"": ""PD_0""}"
,,NONE,HOLD,PD_3,BLOCK_a_18f,"{""pd_incharge"": ""PD_0""}"
,,NONE,HOLD,PD_3,BLOCK_a_190,"{""pd_incharge"": ""PD_0""}"
,,NONE,HOLD,PD_3,BLOCK_a_191,"{""pd_incharge"": ""PD_0""}"
,,NONE,HOLD,PD_3,BLOCK_a_192,"{""pd_incharge"": ""PD_0""}"
,,NONE,HOLD,PD_3,BLOCK_a_193,"{""pd_incharge"": ""PD_0""}"
,,NONE,HOLD,PD_3,BLOCK_a_194,"{""pd_incharge"": ""PD_0""}"
,,NONE,HOLD,PD_3,BLOCK_a_195,"{""pd_incharge"": ""PD_0""}"
,,NONE,HOLD,PD_3,BLOCK_a_196,"{""pd_incharge"": ""PD_0""}"
,,NONE,HOLD,PD_3,BLOCK_a_197,"{""pd_incharge"": ""PD_0""}"
,,NONE,HOLD,PD_3,BLOCK_a_198,"{""pd_incharge"": ""PD_0""}"
,,NONE,HOLD,PD_3,BLOCK_a_199,"{""pd_incharge"": ""PD_0""}"
,,NONE,HOLD,PD_3,BLOCK_a_19a,"{""pd_incharge"": ""PD_0""}"
,,NONE,HOLD,PD_3,BLOCK_a_19b,"{""pd_incharge"": ""PD_0""}"
,,NONE,HOLD,PD_3,BLOCK_a_19c,"{""pd_incharge"": ""PD_0""}"
,,NONE,HOLD,PD_3,BLOCK_a_19d,"{""pd_incharge"": ""PD_0""}"
,,NONE,HOLD,PD_3,BLOCK_a_19e,"{""pd_incharge"": ""PD_0""}"
,,NONE,HOLD,PD_3,BLOCK_a_19f,"{""pd_incharge"": ""PD_0""}"
,,NONE,HOLD,PD_3,BLOCK_a_1a0,"{""pd_incharge"": ""PD_0""}"
,,NONE,HOLD,PD_3,BLOCK_a_1a1,"{""pd_incharge"": ""PD_0""}"
,,NONE,HOLD,PD_3,BLOCK_a_1a2,"{""pd_incharge"": ""PD_0""}"
,,NONE,HOLD,PD_3,BLOCK_a_1a3,"{""pd_incharge"": ""PD_0""}"
,,NONE,HOLD,PD_3,BLOCK_a_1a4,"{""pd_incharge"": ""PD_0""}"
,,NONE,HOLD,PD_3,BLOCK_a_1a5,"{""pd_incharge"": ""PD_0""}"
,,NONE,HOLD,PD_3,BLOCK_a_1a6,"{""pd_incharge"": ""PD_0""}"
,,NONE,HOLD,PD_3,BLOCK_a_1a7,"{""pd_incharge"": ""PD_0""}"
,,NONE,HOLD,PD_3,BLOCK_a_1a8,"{""pd_incharge"": ""PD_0""}"
,,NONE,HOLD,PD_3,BLOCK_a_1a9,"{""pd_incharge"": ""PD_0""}"
,,NONE,HOLD,PD_3,BLOCK_a_1aa,"{""pd_incharge"": ""PD_0""}"
,,NONE,HOLD,PD_3,BLOCK_a_1ab,"{""pd_incharge"": ""PD_0""}"
,,NONE,HOLD,PD_3,BLOCK_a_1ac,"{""pd_incharge"": ""PD_0""}"
,,NONE,HOLD,PD_3,BLOCK_a_1ad,"{""pd_incharge"": ""PD_0""}"
,,NONE,HOLD,PD_3,BLOCK_a_1ae,"{""pd_incharge"": ""PD_0""}"
,,NONE,HOLD,PD_3,BLOCK_a_1af,"{""pd_incharge"": ""PD_0""}"
,,NONE,HOLD,PD_3,BLOCK_a_1b0,"{""pd_incharge"": ""PD_0""}"
,,NONE,HOLD,PD_3,BLOCK_a_1b1,"{""pd_incharge"": ""PD_0""}"
,,NONE,HOLD,PD_3,BLOCK_a_1b2,"{""pd_incharge"": ""PD_0""}"
,,NONE,HOLD,PD_3,BLOCK_a_1b3,"{""pd_incharge"": ""PD_0""}"
,,NONE,HOLD,PD_3,BLOCK_a_1b4,"{""pd_incharge"": ""PD_0""}"
,,NONE,HOLD,PD_3,BLOCK_a_1b5,"{""pd_incharge"": ""PD_0""}"
,,NONE,HOLD,PD_3,BLOCK_a_1b6,"{""pd_incharge"": ""PD_0""}"
,,NONE,HOLD,PD_3,BLOCK_a_1b7,"{""pd_incharge"": ""PD_0""}"
,,NONE,HOLD,PD_3,BLOCK_a_1b8,"{""pd_incharge"": ""PD_0""}"
,,NONE,HOLD,PD_3,BLOCK_a_1b9,"{""pd_incharge"": ""PD_0""}"
,,NONE,HOLD,PD_3,BLOCK_a_1ba,"{""pd_incharge"": ""PD_0""}"
,,NONE,HOLD,PD_3,BLOCK_a_1bb,"{""pd_incharge"": ""PD_0""}"
,,NONE,HOLD,PD_3,BLOCK_a_1bc,"{""pd_incharge"": ""PD_0""}"
,,NONE,HOLD,PD_3,BLOCK_a_1bd,"{""pd_incharge"": ""PD_0""}"
,,NONE,HOLD,PD_3,BLOCK_a_1be,"{""pd_incharge"": ""PD_0""}"
,,NONE,HOLD,PD_3,BLOCK_a_1bf,"{""pd_incharge"": ""PD_0""}"
,,NONE,HOLD,PD_3,BLOCK_a_1c0,"{""pd_incharge"": ""PD_0""}"
,,NONE,HOLD,PD_3,BLOCK_a_1c1,"{""pd_incharge"": ""PD_0""}"
,,NONE,HOLD,PD_3,BLOCK_a_1c2,"{""pd_incharge"": ""PD_0""}"
,,NONE,HOLD,PD_3,BLOCK_a_1c3,"{""pd_incharge"": ""PD_0""}"
,,NONE,HOLD,PD_3,BLOCK_a_1c4,"{""pd_incharge"": ""PD_0""}"
,,NONE,HOLD,PD_3,BLOCK_a_1c5,"{""pd_incharge"": ""PD_0""}"
,,NONE,HOLD,PD_3,BLOCK_a_1c6,"{""pd_incharge"": ""PD_0""}"
,,NONE,HOLD,PD_3,BLOCK_a_1c7,"{""pd_incharge"": ""PD_0""}"
,,NONE,HOLD,PD_3,BLOCK_a_1c8,"{""pd_incharge"": ""PD_0""}"
,,NONE,HOLD,PD_3,BLOCK_a_1c9,"{""pd_incharge"": ""PD_0""}"
,,NONE,HOLD,PD_3,BLOCK_a_1ca,"{""pd_incharge"": ""PD_0""}"
,,NONE,HOLD,PD_3,BLOCK_a_1cb,"{""pd_incharge"": ""PD_0""}"
,,NONE,HOLD,PD_3,BLOCK_a_1cc,"{""pd_incharge"": ""PD_0""}"
,,NONE,HOLD,PD_3,BLOCK_a_1cd,"{""pd_incharge"": ""PD_0""}"
,,NONE,HOLD,PD_3,BLOCK_a_1ce,"{""pd_incharge"": ""PD_0""}"
,,NONE,HOLD,PD_3,BLOCK_a_1cf,"{""pd_incharge"": ""PD_0""}"
,,NONE,HOLD,PD_3,BLOCK_a_1d0,"{""pd_incharge"": ""PD_0""}"
,,NONE,HOLD,PD_3,BLOCK_a_1d1,"{""pd_incharge"": ""PD_0""}"
,,NONE,HOLD,PD_3,BLOCK_a_1d2,"{""pd_incharge"": ""PD_0""}"
,,NONE,HOLD,PD_3,BLOCK_a_1d3,"{""pd_incharge"": ""PD_0""}"
,,NONE,HOLD,PD_3,BLOCK_a_1d4,"{""pd_incharge"": ""PD_0""}"
,,NONE,HOLD,PD_3,BLOCK_a_1d5,"{""pd_incharge"": ""PD_0""}"
,,NONE,HOLD,PD_3,BLOCK_a_1d6,"{""pd_incharge"": ""PD_0""}"
,,NONE,HOLD,PD_3,BLOCK_a_1d7,"{""pd_incharge"": ""PD_0""}"
,,NONE,HOLD,PD_3,BLOCK_a_1d8,"{""pd_incharge"": ""PD_0""}"
,,NONE,HOLD,PD_3,BLOCK_a_1d9,"{""pd_incharge"": ""PD_0""}"
,,NONE,HOLD,PD_3,BLOCK_a_1da,"{""pd_incharge"": ""PD_0""}"
,,NONE,HOLD,PD_3,BLOCK_a_1db,"{""pd_incharge"": ""PD_0""}"
,,NONE,HOLD,PD_3,BLOCK_a_1dc,"{""pd_incharge"": ""PD_0""}"
,,NONE,HOLD,PD_3,BLOCK_a_1dd,"{""pd_incharge"": ""PD_0""}"
,,NONE,HOLD,PD_3,BLOCK_a_1de,"{""pd_incharge"": ""PD_0""}"
,,NONE,HOLD,PD_3,BLOCK_a_1df,"{""pd_incharge"": ""PD_0""}"
,,NONE,HOLD,PD_3,BLOCK_a_1e0,"{""pd_incharge"": ""PD_0""}"
,,NONE,HOLD,PD_3,BLOCK_a_1e1,"{""pd_incharge"": ""PD_0""}"
,,NONE,HOLD,PD_3,BLOCK_a_1e2,"{""pd_incharge"": ""PD_0""}"
,,NONE,HOLD,PD_3,BLOCK_a_1e3,"{""pd_incharge"": ""PD_0""}"
,,NONE,HOLD,PD_3,BLOCK_a_1e4,"{""pd_incharge"": ""PD_0""}"
,,NONE,HOLD,PD_3,BLOCK_a_1e5,"{""pd_incharge"": ""PD_0""}"
,,NONE,HOLD,PD_3,BLOCK_a_1e6,"{""pd_incharge"": ""PD_0""}"
,,NONE,HOLD,PD_3,BLOCK_a_1e7,"{""pd_incharge"": ""PD_0""}"
,,NONE,HOLD,PD_3,BLOCK_a_1e8,"{""pd_incharge"": ""PD_0""}"
,,NONE,HOLD,PD_3,BLOCK_a_1e9,"{""pd_incharge"": ""PD_0""}"
,,NONE,HOLD,PD_3,BLOCK_a_1ea,"{""pd_incharge"": ""PD_0""}"
,,NONE,HOLD,PD_3,BLOCK_a_1eb,"{""pd_incharge"": ""PD_0""}"
,,NONE,HOLD,PD_3,BLOCK_a_1ec,"{""pd_incharge"": ""PD_0""}"
,,NONE,HOLD,PD_3,BLOCK_a_1ed,"{""pd_incharge"": ""PD_0""}"
,,NONE,HOLD,PD_3,BLOCK_a_1ee,"{""pd_incharge"": ""PD_0""}"
,,NONE,HOLD,PD_3,BLOCK_a_1ef,"{""pd_incharge"": ""PD_0""}"
,,NONE,HOLD,PD_3,BLOCK_a_1f0,"{""pd_incharge"": ""PD_0""}"
,,NONE,HOLD,PD_3,BLOCK_a_1f1,"{""pd_incharge"": ""PD_0""}"
,,NONE,HOLD,PD_3,BLOCK_a_1f2,"{""pd_incharge"": ""PD_0""}"
,,NONE,HOLD,PD_3,BLOCK_a_1f3,"{""pd_incharge"": ""PD_0""}"
,,NONE,HOLD,PD_3,BLOCK_a_1f4,"{""pd_incharge"": ""PD_0""}"
,,NONE,HOLD,PD_3,BLOCK_a_1f5,"{""pd_incharge"": ""PD_0""}"
,,NONE,HOLD,PD_3,BLOCK_a_1f6,"{""pd_incharge"": ""PD_0""}"
,,NONE,HOLD,PD_3,BLOCK_a_1f7,"{""pd_incharge"": ""PD_0""}"
,,NONE,HOLD,PD_3,BLOCK_a_1f8,"{""pd_incharge"": ""PD_0""}"
,,NONE,HOLD,PD_3,BLOCK_a_1f9,"{""pd_incharge"": ""PD_0""}"
,,NONE,HOLD,PD_3,BLOCK_a_1fa,"{""pd_incharge"": ""PD_0""}"
,,NONE,HOLD,PD_3,BLOCK_a_1fb,"{""pd_incharge"": ""PD_0""}"
,,NONE,HOLD,PD_3,BLOCK_a_1fc,"{""pd_incharge"": ""PD_0""}"
,,NONE,HOLD,PD_3,BLOCK_a_1fd,"{""pd_incharge"": ""PD_0""}"
,,NONE,HOLD,PD_3,BLOCK_a_1fe,"{""pd_incharge"": ""PD_0""}"
,,NONE,HOLD,PD_3,BLOCK_a_1ff,"{""pd_incharge"": ""PD_0""}"
,,NONE,SUBSET,FILE_c_2,FILE_SPACE_c,"{""pd_incharge"": ""PD_0""}"
,,NONE,HOLD,PD_3,FILE_c_2,"{""pd_incharge"": ""PD_0""}"
,,NONE,SUBSET,FILE_c_3,FILE_SPACE_c,"{""pd_incharge"": ""PD_0""}"
,,NONE,HOLD,PD_3,FILE_c_3,"{""pd_incharge"": ""PD_0""}"
,,NONE,HOLD,PD_1,ADS_SPACE_b,"{""pd_incharge"": ""PD_0""}"
,,NONE,HOLD,PD_1,VCPU_5_3,"{""pd_incharge"": ""PD_0""}"
,,NONE,HOLD,PD_1,MO_4_12,"{""pd_incharge"": ""PD_0""}"
,,NONE,SUBSET,MO_4_12,MO_SPACE_4,"{""pd_incharge"": ""PD_0""}"
,,NONE,HOLD,PD_1,MO_4_13,"{""pd_incharge"": ""PD_0""}"
,,NONE,SUBSET,MO_4_13,MO_SPACE_4,"{""pd_incharge"": ""PD_0""}"
,,NONE,HOLD,PD_1,MO_4_14,"{""pd_incharge"": ""PD_0""}"
,,NONE,SUBSET,MO_4_14,MO_SPACE_4,"{""pd_incharge"": ""PD_0""}"
,,NONE,HOLD,PD_1,MO_4_16,"{""pd_incharge"": ""PD_0""}"
,,NONE,SUBSET,MO_4_16,MO_SPACE_4,"{""pd_incharge"": ""PD_0""}"
,,NONE,HOLD,PD_1,MO_4_17,"{""pd_incharge"": ""PD_0""}"
,,NONE,SUBSET,MO_4_17,MO_SPACE_4,"{""pd_incharge"": ""PD_0""}"
,,VMR,REQUEST,PD_4,PD_0,"{""pd_incharge"": ""PD_0""}"
,,MO,REQUEST,PD_4,PD_0,"{""pd_incharge"": ""PD_0""}"
,,VCPU,REQUEST,PD_4,PD_0,"{""pd_incharge"": ""PD_0""}"
,,PD,REQUEST,PD_4,PD_0,"{""pd_incharge"": ""PD_0""}"
,,EP,REQUEST,PD_4,PD_0,"{""pd_incharge"": ""PD_0""}"
,,RESSPC,REQUEST,PD_4,PD_0,"{""pd_incharge"": ""PD_0""}"
,,FILE,REQUEST,PD_4,PD_3,"{""pd_incharge"": ""PD_0""}"
,,KVSTORE,REQUEST,PD_4,PD_5,"{""pd_incharge"": ""PD_0""}"
,,NONE,HOLD,PD_4,VCPU_5_4,"{""pd_incharge"": ""PD_0""}"
,,NONE,SUBSET,VCPU_5_4,VCPU_SPACE_5,"{""pd_incharge"": ""PD_0""}"
,,NONE,MAP,VCPU_5_4,PCPU_1_0,"{""pd_incharge"": ""PD_0""}"
,,NONE,MAP,ADS_SPACE_d,MO_SPACE_4,"{""pd_incharge"": ""PD_0""}"
,,NONE,HOLD,PD_0,ADS_SPACE_d,"{""pd_incharge"": ""PD_0""}"
,,NONE,SUBSET,VMR_d_1,ADS_SPACE_d,"{""pd_incharge"": ""PD_0""}"
,,NONE,HOLD,PD_4,VMR_d_1,"{""pd_incharge"": ""PD_0""}"
,,NONE,MAP,VMR_d_1,MO_4_17,"{""pd_incharge"": ""PD_0""}"
,,NONE,SUBSET,VMR_d_2,ADS_SPACE_d,"{""pd_incharge"": ""PD_0""}"
,,NONE,HOLD,PD_4,VMR_d_2,"{""pd_incharge"": ""PD_0""}"
,,NONE,MAP,VMR_d_2,MO_4_18,"{""pd_incharge"": ""PD_0""}"
,,NONE,SUBSET,VMR_d_3,ADS_SPACE_d,"{""pd_incharge"": ""PD_0""}"
,,NONE,HOLD,PD_4,VMR_d_3,"{""pd_incharge"": ""PD_0""}"
,,NONE,MAP,VMR_d_3,MO_4_19,"{""pd_incharge"": ""PD_0""}"
,,NONE,SUBSET,VMR_d_4,ADS_SPACE_d,"{""pd_incharge"": ""PD_0""}"
,,NONE,HOLD,PD_4,VMR_d_4,"{""pd_incharge"": ""PD_0""}"
,,NONE,MAP,VMR_d_4,MO_4_1a,"{""pd_incharge"": ""PD_0""}"
,,NONE,SUBSET,VMR_d_5,ADS_SPACE_d,"{""pd_incharge"": ""PD_0""}"
,,NONE,HOLD,PD_4,VMR_d_5,"{""pd_incharge"": ""PD_0""}"
,,NONE,MAP,VMR_d_5,MO_4_1b,"{""pd_incharge"": ""PD_0""}"
,,NONE,SUBSET,VMR_d_6,ADS_SPACE_d,"{""pd_incharge"": ""PD_0""}"
,,NONE,HOLD,PD_4,VMR_d_6,"{""pd_incharge"": ""PD_0""}"
,,NONE,MAP,VMR_d_6,MO_4_1c,"{""pd_incharge"": ""PD_0""}"
,,NONE,SUBSET,VMR_d_7,ADS_SPACE_d,"{""pd_incharge"": ""PD_0""}"
,,NONE,HOLD,PD_4,VMR_d_7,"{""pd_incharge"": ""PD_0""}"
,,NONE,MAP,VMR_d_7,MO_4_1d,"{""pd_incharge"": ""PD_0""}"
,,NONE,SUBSET,VMR_d_8,ADS_SPACE_d,"{""pd_incharge"": ""PD_0""}"
,,NONE,HOLD,PD_4,VMR_d_8,"{""pd_incharge"": ""PD_0""}"
,,NONE,MAP,VMR_d_8,MO_4_1e,"{""pd_incharge"": ""PD_0""}"
,,NONE,SUBSET,VMR_d_9,ADS_SPACE_d,"{""pd_incharge"": ""PD_0""}"
,,NONE,HOLD,PD_4,VMR_d_9,"{""pd_incharge"": ""PD_0""}"
,,NONE,MAP,VMR_d_9,MO_4_1f,"{""pd_incharge"": ""PD_0""}"
,,NONE,SUBSET,VMR_d_a,ADS_SPACE_d,"{""pd_incharge"": ""PD_0""}"
,,NONE,HOLD,PD_4,VMR_d_a,"{""pd_incharge"": ""PD_0""}"
,,NONE,MAP,VMR_d_a,MO_4_20,"{""pd_incharge"": ""PD_0""}"
,,NONE,SUBSET,VMR_d_b,ADS_SPACE_d,"{""pd_incharge"": ""PD_0""}"
,,NONE,HOLD,PD_4,VMR_d_b,"{""pd_incharge"": ""PD_0""}"
,,NONE,MAP,VMR_d_b,MO_4_21,"{""pd_incharge"": ""PD_0""}"
,,NONE,HOLD,PD_4,ADS_SPACE_d,"{""pd_incharge"": ""PD_0""}"
,,NONE,HOLD,PD_4,MO_4_1d,"{""pd_incharge"": ""PD_0""}"
,,NONE,SUBSET,MO_4_1d,MO_SPACE_4,"{""pd_incharge"": ""PD_0""}"
,,VMR,REQUEST,PD_5,PD_0,"{""pd_incharge"": ""PD_0""}"
,,MO,REQUEST,PD_5,PD_0,"{""pd_incharge"": ""PD_0""}"
,,VCPU,REQUEST,PD_5,PD_0,"{""pd_incharge"": ""PD_0""}"
,,PD,REQUEST,PD_5,PD_0,"{""pd_incharge"": ""PD_0""}"
,,EP,REQUEST,PD_5,PD_0,"{""pd_incharge"": ""PD_0""}"
,,RESSPC,REQUEST,PD_5,PD_0,"{""pd_incharge"": ""PD_0""}"
,,FILE,REQUEST,PD_5,PD_3,"{""pd_incharge"": ""PD_0""}"
,,NONE,HOLD,PD_5,VCPU_5_5,"{""pd_incharge"": ""PD_0""}"
,,NONE,SUBSET,VCPU_5_5,VCPU_SPACE_5,"{""pd_incharge"": ""PD_0""}"
,,NONE,MAP,VCPU_5_5,PCPU_1_0,"{""pd_incharge"": ""PD_0""}"
,,NONE,HOLD,PD_5,ADS_SPACE_d,"{""pd_incharge"": ""PD_0""}"
,,NONE,HOLD,PD_5,MO_4_1d,"{""pd_incharge"": ""PD_0""}"
,,NONE,HOLD,PD_5,MO_4_1e,"{""pd_incharge"": ""PD_0""}"
,,NONE,SUBSET,MO_4_1e,MO_SPACE_4,"{""pd_incharge"": ""PD_0""}"
,,NONE,HOLD,PD_5,MO_4_1f,"{""pd_incharge"": ""PD_0""}"
,,NONE,SUBSET,MO_4_1f,MO_SPACE_4,"{""pd_incharge"": ""PD_0""}"
,,NONE,MAP,KVSTORE_SPACE_e,FILE_SPACE_c,"{""pd_incharge"": ""PD_5""}"
,,NONE,HOLD,PD_5,KVSTORE_SPACE_e,"{""pd_incharge"": ""PD_0""}"
,,NONE,HOLD,PD_5,MO_4_20,"{""pd_incharge"": ""PD_0""}"
,,NONE,SUBSET,MO_4_20,MO_SPACE_4,"{""pd_incharge"": ""PD_0""}"
,,NONE,HOLD,PD_5,FILE_c_2,"{""pd_incharge"": ""PD_0""}"
,,NONE,SUBSET,KVSTORE_e_1,KVSTORE_SPACE_e,"{""pd_incharge"": ""PD_0""}"
,,NONE,HOLD,PD_5,KVSTORE_e_1,"{""pd_incharge"": ""PD_0""}"
,,NONE,SUBSET,KVSTORE_e_2,KVSTORE_SPACE_e,"{""pd_incharge"": ""PD_0""}"
,,NONE,HOLD,PD_5,KVSTORE_e_2,"{""pd_incharge"": ""PD_0""}"
,,NONE,SUBSET,KVSTORE_e_3,KVSTORE_SPACE_e,"{""pd_incharge"": ""PD_0""}"
,,NONE,HOLD,PD_5,KVSTORE_e_3,"{""pd_incharge"": ""PD_0""}"
,,NONE,SUBSET,KVSTORE_e_4,KVSTORE_SPACE_e,"{""pd_incharge"": ""PD_0""}"
,,NONE,HOLD,PD_5,KVSTORE_e_4,"{""pd_incharge"": ""PD_0""}"
,,NONE,SUBSET,KVSTORE_e_5,KVSTORE_SPACE_e,"{""pd_incharge"": ""PD_0""}"
,,NONE,HOLD,PD_5,KVSTORE_e_5,"{""pd_incharge"": ""PD_0""}"
,,NONE,HOLD,PD_4,VCPU_5_5,"{""pd_incharge"": ""PD_0""}"
,,NONE,HOLD,PD_4,MO_4_1e,"{""pd_incharge"": ""PD_0""}"
,,NONE,HOLD,PD_4,MO_4_1f,"{""pd_incharge"": ""PD_0""}"
,,NONE,HOLD,PD_4,KVSTORE_e_1,"{""pd_incharge"": ""PD_0""}"
,,NONE,HOLD,PD_4,KVSTORE_e_2,"{""pd_incharge"": ""PD_0""}"
,,NONE,HOLD,PD_4,KVSTORE_e_3,"{""pd_incharge"": ""PD_0""}"
,,NONE,HOLD,PD_4,KVSTORE_e_4,"{""pd_incharge"": ""PD_0""}"
,,NONE,HOLD,PD_4,KVSTORE_e_5,"{""pd_incharge"": ""PD_0""}"
,,NONE,HOLD,PD_4,MO_4_21,"{""pd_incharge"": ""PD_0""}"
,,NONE,SUBSET,MO_4_21,MO_SPACE_4,"{""pd_incharge"": ""PD_0""}"
,,NONE,HOLD,PD_1,ADS_SPACE_d,"{""pd_incharge"": ""PD_0""}"
,,NONE,HOLD,PD_1,VCPU_5_4,"{""pd_incharge"": ""PD_0""}"
,,NONE,HOLD,PD_1,MO_4_1a,"{""pd_incharge"": ""PD_0""}"
,,NONE,SUBSET,MO_4_1a,MO_SPACE_4,"{""pd_incharge"": ""PD_0""}"
,,NONE,HOLD,PD_1,MO_4_1b,"{""pd_incharge"": ""PD_0""}"
,,NONE,SUBSET,MO_4_1b,MO_SPACE_4,"{""pd_incharge"": ""PD_0""}"
,,NONE,HOLD,PD_1,MO_4_1c,"{""pd_incharge"": ""PD_0""}"
,,NONE,SUBSET,MO_4_1c,MO_SPACE_4,"{""pd_incharge"": ""PD_0""}"
,,NONE,HOLD,PD_0,MO_4_4,"{""pd_incharge"": ""PD_0""}"
,,NONE,SUBSET,MO_4_4,MO_SPACE_4,"{""pd_incharge"": ""PD_0""}"
,,NONE,HOLD,PD_0,MO_4_5,"{""pd_incharge"": ""PD_0""}"
,,NONE,SUBSET,MO_4_5,MO_SPACE_4,"{""pd_incharge"": ""PD_0""}"
,,NONE,HOLD,PD_0,MO_4_6,"{""pd_incharge"": ""PD_0""}"
,,NONE,SUBSET,MO_4_6,MO_SPACE_4,"{""pd_incharge"": ""PD_0""}"
,,NONE,HOLD,PD_0,MO_4_7,"{""pd_incharge"": ""PD_0""}"
,,NONE,SUBSET,MO_4_7,MO_SPACE_4,"{""pd_incharge"": ""PD_0""}"
,,NONE,HOLD,PD_0,MO_4_8,"{""pd_incharge"": ""PD_0""}"
,,NONE,HOLD,PD_0,MO_4_9,"{""pd_incharge"": ""PD_0""}"
,,NONE,SUBSET,MO_4_9,MO_SPACE_4,"{""pd_incharge"": ""PD_0""}"
,,NONE,HOLD,PD_0,MO_4_a,"{""pd_incharge"": ""PD_0""}"
,,NONE,SUBSET,MO_4_a,MO_SPACE_4,"{""pd_incharge"": ""PD_0""}"
,,NONE,HOLD,PD_0,MO_4_b,"{""pd_incharge"": ""PD_0""}"
,,NONE,HOLD,PD_0,MO_4_c,"{""pd_incharge"": ""PD_0""}"
,,NONE,HOLD,PD_0,MO_4_d,"{""pd_incharge"": ""PD_0""}"
,,NONE,HOLD,PD_0,MO_4_e,"{""pd_incharge"": ""PD_0""}"
,,NONE,HOLD,PD_0,MO_4_f,"{""pd_incharge"": ""PD_0""}"
,,NONE,HOLD,PD_0,MO_4_10,"{""pd_incharge"": ""PD_0""}"
,,NONE,SUBSET,MO_4_10,MO_SPACE_4,"{""pd_incharge"": ""PD_0""}"
,,NONE,HOLD,PD_0,MO_4_11,"{""pd_incharge"": ""PD_0""}"
,,NONE,SUBSET,MO_4_11,MO_SPACE_4,"{""pd_incharge"": ""PD_0""}"
,,NONE,HOLD,PD_0,MO_4_12,"{""pd_incharge"": ""PD_0""}"
,,NONE,HOLD,PD_0,MO_4_13,"{""pd_incharge"": ""PD_0""}"
,,NONE,HOLD,PD_0,MO_4_14,"{""pd_incharge"": ""PD_0""}"
,,NONE,HOLD,PD_0,MO_4_15,"{""pd_incharge"": ""PD_0""}"
,,NONE,HOLD,PD_0,MO_4_16,"{""pd_incharge"": ""PD_0""}"
,,NONE,HOLD,PD_0,MO_4_17,"{""pd_incharge"": ""PD_0""}"
,,NONE,HOLD,PD_0,MO_4_18,"{""pd_incharge"": ""PD_0""}"
,,NONE,SUBSET,MO_4_18,MO_SPACE_4,"{""pd_incharge"": ""PD_0""}"
,,NONE,HOLD,PD_0,MO_4_19,"{""pd_incharge"": ""PD_0""}"
,,NONE,SUBSET,MO_4_19,MO_SPACE_4,"{""pd_incharge"": ""PD_0""}"
,,NONE,HOLD,PD_0,MO_4_1a,"{""pd_incharge"": ""PD_0""}"
,,NONE,HOLD,PD_0,MO_4_1b,"{""pd_incharge"": ""PD_0""}"
,,NONE,HOLD,PD_0,MO_4_1c,"{""pd_incharge"": ""PD_0""}"
,,NONE,HOLD,PD_0,MO_4_1d,"{""pd_incharge"": ""PD_0""}"
,,NONE,HOLD,PD_0,MO_4_1e,"{""pd_incharge"": ""PD_0""}"
,,NONE,HOLD,PD_0,MO_4_1f,"{""pd_incharge"": ""PD_0""}"
,,NONE,HOLD,PD_0,MO_4_20,"{""pd_incharge"": ""PD_0""}"
,,NONE,HOLD,PD_0,MO_4_21,"{""pd_incharge"": ""PD_0""}"
,,NONE,SUBSET,FILE_c_2,FILE_SPACE_c,"{""pd_incharge"": ""PD_3""}"
,,NONE,HOLD,PD_4,FILE_c_2,"{""pd_incharge"": ""PD_0""}"
,,NONE,MAP,FILE_c_2,BLOCK_a_a,"{""pd_incharge"": ""PD_3""}"
,,NONE,MAP,FILE_c_2,BLOCK_a_b,"{""pd_incharge"": ""PD_3""}"
,,NONE,MAP,FILE_c_2,BLOCK_a_c,"{""pd_incharge"": ""PD_3""}"
,,NONE,MAP,FILE_c_2,BLOCK_a_e,"{""pd_incharge"": ""PD_3""}"
,,NONE,MAP,FILE_c_2,BLOCK_a_f,"{""pd_incharge"": ""PD_3""}"
,,NONE,MAP,FILE_c_2,BLOCK_a_10,"{""pd_incharge"": ""PD_3""}"
,,NONE,MAP,FILE_c_2,BLOCK_a_11,"{""pd_incharge"": ""PD_3""}"
,,NONE,MAP,FILE_c_2,BLOCK_a_12,"{""pd_incharge"": ""PD_3""}"
,,NONE,MAP,FILE_c_2,BLOCK_a_13,"{""pd_incharge"": ""PD_3""}"
,,NONE,MAP,FILE_c_2,BLOCK_a_14,"{""pd_incharge"": ""PD_3""}"
,,NONE,MAP,FILE_c_2,BLOCK_a_15,"{""pd_incharge"": ""PD_3""}"
,,NONE,SUBSET,FILE_c_3,FILE_SPACE_c,"{""pd_incharge"": ""PD_3""}"
,,NONE,HOLD,PD_4,FILE_c_3,"{""pd_incharge"": ""PD_0""}"
,,NONE,MAP,FILE_c_3,BLOCK_a_d,"{""pd_incharge"": ""PD_3""}"
,,NONE,MAP,FILE_c_3,BLOCK_a_16,"{""pd_incharge"": ""PD_3""}"
,,NONE,MAP,FILE_c_3,BLOCK_a_18,"{""pd_incharge"": ""PD_3""}"
,,NONE,HOLD,PD_5,FILE_c_3,"{""pd_incharge"": ""PD_0""}"
