
🎯 Running scenario: reduce_isolation
🎯 Running scenario: Reduce Isolation
   Description: Transform mediated access (PD1->PD3->R0, PD2->PD4->R0) to direct access (PD1->R0, PD2->R0) by maximizing RSI
   Goals (1): ['Goal(maximize RSI[PD_1,PD_2] to 0.8)']
   Constraints (5): ["Constraint(requires_resource_access for PD_1: FILE_1_1, {'access_type': 'direct_or_indirect'})", "Constraint(requires_resource_access for PD_2: FILE_1_1, {'access_type': 'direct_or_indirect'})", "Constraint(requires_resource_exists for PD_None: FILE_1_1, {'mandatory': True})", "Constraint(requires_file_access for PD_1: FILE, {'file_type': 'any', 'min_size_kb': 1})", "Constraint(requires_file_access for PD_2: FILE, {'file_type': 'any', 'min_size_kb': 1})"]
   Transitions (12): ['<scenarios.Transition object at 0x11031b500>', '<scenarios.Transition object at 0x11031b530>', '<scenarios.Transition object at 0x11031b560>', '<scenarios.Transition object at 0x11031b590>', '<scenarios.Transition object at 0x11031b5c0>', '<scenarios.Transition object at 0x11031b5f0>', '<scenarios.Transition object at 0x11031b620>', '<scenarios.Transition object at 0x11031b650>', '<scenarios.Transition object at 0x11031b680>', '<scenarios.Transition object at 0x11031b6b0>', '<scenarios.Transition object at 0x11031b6e0>', '<scenarios.Transition object at 0x11031b710>']
   Starting Graph: 6 nodes, 5 edges

=== Graph Details ===
Node: PD_1 -> {'type': 'PD', 'data': 'PD_1', 'extra': ''}
Node: PD_2 -> {'type': 'PD', 'data': 'PD_2', 'extra': ''}
Node: PD_3 -> {'type': 'PD', 'data': 'PD_3', 'extra': ''}
Node: PD_4 -> {'type': 'PD', 'data': 'PD_4', 'extra': ''}
Node: FILE_SPACE_1 -> {'type': 'RESOURCE_SPACE', 'data': 'FILE', 'extra': ''}
Node: FILE_1_1 -> {'type': 'RESOURCE', 'data': 'FILE', 'extra': '{"path": "/shared/config.dat", "file_type": "CONFIG", "size_bytes": "4096", "permissions": "rw-"}'}

=== Ready for IsoSearch! ===

=== Exploring Reduce Isolation ===
Starting exploration with 1 goals, 5 constraints, 12 transitions

📊 Initial graph:
        # Graph structure:
        # PD_1 --REQUEST--> PD_3
        # PD_2 --REQUEST--> PD_4
        # PD_3 --HOLD--> FILE_1_1 -> FILE_SPACE_1
        # PD_4 --HOLD--> FILE_1_1 -> FILE_SPACE_1
        #
        # FILE_1_1 shared by: PD_3, PD_4

Iteration 1/10
  Computing metrics...
    RSI: {'PD_1,PD_2': 0.0, 'PD_1,PD_3': 0.0, 'PD_1,PD_4': 0.0, 'PD_2,PD_3': 0.0, 'PD_2,PD_4': 0.0, 'PD_3,PD_4': 1.0}, ASR: 1.0, TCB: {'PD_1': ['PD_3'], 'PD_2': ['PD_4'], 'PD_3': ['PD_4'], 'PD_4': ['PD_3']}, FR: {'PD_1,PD_2': inf, 'PD_1,PD_3': inf, 'PD_1,PD_4': inf, 'PD_2,PD_3': inf, 'PD_2,PD_4': inf, 'PD_3,PD_4': inf}
  Computing metrics...
    RSI: {'PD_1,PD_2': 0.0, 'PD_1,PD_3': 0.0, 'PD_1,PD_4': 0.0, 'PD_1,PD_5': 0.0, 'PD_2,PD_3': 0.0, 'PD_2,PD_4': 0.0, 'PD_2,PD_5': 0.0, 'PD_3,PD_4': 1.0, 'PD_3,PD_5': 0.0, 'PD_4,PD_5': 0.0}, ASR: 0.8, TCB: {'PD_1': ['PD_3'], 'PD_2': ['PD_4'], 'PD_3': ['PD_4'], 'PD_4': ['PD_3'], 'PD_5': []}, FR: {'PD_1,PD_2': inf, 'PD_1,PD_3': inf, 'PD_1,PD_4': inf, 'PD_1,PD_5': inf, 'PD_2,PD_3': inf, 'PD_2,PD_4': inf, 'PD_2,PD_5': inf, 'PD_3,PD_4': inf, 'PD_3,PD_5': inf, 'PD_4,PD_5': inf}
  Computing metrics...
    RSI: {'PD_1,PD_2': 0.0, 'PD_1,PD_3': 0.0, 'PD_1,PD_4': 0.0, 'PD_2,PD_3': 0.0, 'PD_2,PD_4': 0.0, 'PD_3,PD_4': 1.0}, ASR: 1.0, TCB: {'PD_1': ['PD_3'], 'PD_2': ['PD_4'], 'PD_3': ['PD_4'], 'PD_4': ['PD_3']}, FR: {'PD_1,PD_2': inf, 'PD_1,PD_3': inf, 'PD_1,PD_4': inf, 'PD_2,PD_3': inf, 'PD_2,PD_4': inf, 'PD_3,PD_4': inf}
  Computing metrics...
    RSI: {'PD_1,PD_2': 0.0, 'PD_1,PD_3': 0.0, 'PD_1,PD_4': 0.0, 'PD_2,PD_3': 0.0, 'PD_2,PD_4': 0.0, 'PD_3,PD_4': 1.0}, ASR: 1.0, TCB: {'PD_1': ['PD_3'], 'PD_2': ['PD_4'], 'PD_3': ['PD_4'], 'PD_4': ['PD_3']}, FR: {'PD_1,PD_2': inf, 'PD_1,PD_3': inf, 'PD_1,PD_4': inf, 'PD_2,PD_3': inf, 'PD_2,PD_4': inf, 'PD_3,PD_4': inf}
  Computing metrics...
    RSI: {'PD_1,PD_2': 0.0, 'PD_1,PD_3': 0.0, 'PD_1,PD_4': 0.0, 'PD_2,PD_3': 0.0, 'PD_2,PD_4': 0.0, 'PD_3,PD_4': 1.0}, ASR: 1.0, TCB: {'PD_1': ['PD_3'], 'PD_2': ['PD_4'], 'PD_3': ['PD_4'], 'PD_4': ['PD_3']}, FR: {'PD_1,PD_2': inf, 'PD_1,PD_3': inf, 'PD_1,PD_4': inf, 'PD_2,PD_3': inf, 'PD_2,PD_4': inf, 'PD_3,PD_4': inf}
  Computing metrics...
    RSI: {'PD_1,PD_2': 0.0, 'PD_1,PD_3': 0.0, 'PD_1,PD_4': 0.0, 'PD_2,PD_3': 0.0, 'PD_2,PD_4': 0.0, 'PD_3,PD_4': 1.0}, ASR: 1.0, TCB: {'PD_1': ['PD_3'], 'PD_2': ['PD_4'], 'PD_3': ['PD_4'], 'PD_4': ['PD_3']}, FR: {'PD_1,PD_2': inf, 'PD_1,PD_3': inf, 'PD_1,PD_4': inf, 'PD_2,PD_3': inf, 'PD_2,PD_4': inf, 'PD_3,PD_4': inf}
  Computing metrics...
    RSI: {'PD_1,PD_2': 0.0, 'PD_1,PD_3': 0.0, 'PD_1,PD_4': 0.0, 'PD_2,PD_3': 0.0, 'PD_2,PD_4': 0.0, 'PD_3,PD_4': 1.0}, ASR: 1.0, TCB: {'PD_1': ['PD_3'], 'PD_2': ['PD_4'], 'PD_3': ['PD_4'], 'PD_4': ['PD_3']}, FR: {'PD_1,PD_2': inf, 'PD_1,PD_3': inf, 'PD_1,PD_4': inf, 'PD_2,PD_3': inf, 'PD_2,PD_4': inf, 'PD_3,PD_4': inf}
  Computing metrics...
    RSI: {'PD_1,PD_2': 0.0, 'PD_1,PD_3': 0.0, 'PD_1,PD_4': 0.0, 'PD_2,PD_3': 0.0, 'PD_2,PD_4': 0.0, 'PD_3,PD_4': 1.0}, ASR: 1.0, TCB: {'PD_1': ['PD_3'], 'PD_2': ['PD_4'], 'PD_3': ['PD_4'], 'PD_4': ['PD_3']}, FR: {'PD_1,PD_2': inf, 'PD_1,PD_3': inf, 'PD_1,PD_4': inf, 'PD_2,PD_3': inf, 'PD_2,PD_4': inf, 'PD_3,PD_4': inf}
  Computing metrics...
    RSI: {'PD_1,PD_2': 0.0, 'PD_1,PD_3': 0.0, 'PD_1,PD_4': 0.0, 'PD_2,PD_3': 0.0, 'PD_2,PD_4': 0.0, 'PD_3,PD_4': 1.0}, ASR: 1.0, TCB: {'PD_1': ['PD_3'], 'PD_2': ['PD_4'], 'PD_3': ['PD_4'], 'PD_4': ['PD_3']}, FR: {'PD_1,PD_2': inf, 'PD_1,PD_3': inf, 'PD_1,PD_4': inf, 'PD_2,PD_3': inf, 'PD_2,PD_4': inf, 'PD_3,PD_4': inf}
  Computing metrics...
    RSI: {'PD_1,PD_2': 0.0, 'PD_1,PD_3': 0.0, 'PD_1,PD_4': 0.0, 'PD_2,PD_3': 0.0, 'PD_2,PD_4': 0.0, 'PD_3,PD_4': 1.0}, ASR: 1.0, TCB: {'PD_1': ['PD_3'], 'PD_2': ['PD_4'], 'PD_3': ['PD_4'], 'PD_4': ['PD_3']}, FR: {'PD_1,PD_2': inf, 'PD_1,PD_3': inf, 'PD_1,PD_4': inf, 'PD_2,PD_3': inf, 'PD_2,PD_4': inf, 'PD_3,PD_4': inf}
  Computing metrics...
    RSI: {'PD_1,PD_2': 0.0, 'PD_1,PD_3': 0.0, 'PD_1,PD_4': 0.0, 'PD_2,PD_3': 0.0, 'PD_2,PD_4': 0.0, 'PD_3,PD_4': 1.0}, ASR: 1.0, TCB: {'PD_1': ['PD_3'], 'PD_2': ['PD_4'], 'PD_3': ['PD_4'], 'PD_4': ['PD_3']}, FR: {'PD_1,PD_2': inf, 'PD_1,PD_3': inf, 'PD_1,PD_4': inf, 'PD_2,PD_3': inf, 'PD_2,PD_4': inf, 'PD_3,PD_4': inf}
  Computing metrics...
    RSI: {'PD_1,PD_2': 0.0, 'PD_1,PD_3': 0.0, 'PD_1,PD_4': 0.0, 'PD_2,PD_3': 0.0, 'PD_2,PD_4': 0.0, 'PD_3,PD_4': 1.0}, ASR: 1.0, TCB: {'PD_1': ['PD_3'], 'PD_2': ['PD_4'], 'PD_3': ['PD_4'], 'PD_4': ['PD_3']}, FR: {'PD_1,PD_2': inf, 'PD_1,PD_3': inf, 'PD_1,PD_4': inf, 'PD_2,PD_3': inf, 'PD_2,PD_4': inf, 'PD_3,PD_4': inf}
  Computing metrics...
    RSI: {'PD_1,PD_2': 0.0, 'PD_1,PD_3': 0.0, 'PD_1,PD_4': 0.0, 'PD_2,PD_3': 0.0, 'PD_2,PD_4': 0.0, 'PD_3,PD_4': 1.0}, ASR: 1.0, TCB: {'PD_1': ['PD_3'], 'PD_2': ['PD_4'], 'PD_3': ['PD_4'], 'PD_4': ['PD_3']}, FR: {'PD_1,PD_2': inf, 'PD_1,PD_3': inf, 'PD_1,PD_4': inf, 'PD_2,PD_3': inf, 'PD_2,PD_4': inf, 'PD_3,PD_4': inf}
  Computing metrics...
    RSI: {'PD_1,PD_2': 0.0, 'PD_1,PD_3': 0.0, 'PD_1,PD_4': 0.0, 'PD_2,PD_3': 0.0, 'PD_2,PD_4': 0.0, 'PD_3,PD_4': 1.0}, ASR: 1.0, TCB: {'PD_1': ['PD_3'], 'PD_2': ['PD_4'], 'PD_3': ['PD_4'], 'PD_4': ['PD_3']}, FR: {'PD_1,PD_2': inf, 'PD_1,PD_3': inf, 'PD_1,PD_4': inf, 'PD_2,PD_3': inf, 'PD_2,PD_4': inf, 'PD_3,PD_4': inf}
  Computing metrics...
    RSI: {'PD_1,PD_2': 0.0, 'PD_1,PD_3': 0.0, 'PD_1,PD_4': 0.0, 'PD_2,PD_3': 0.0, 'PD_2,PD_4': 0.0, 'PD_3,PD_4': 1.0}, ASR: 1.0, TCB: {'PD_1': ['PD_3'], 'PD_2': ['PD_4'], 'PD_3': ['PD_4'], 'PD_4': ['PD_3']}, FR: {'PD_1,PD_2': inf, 'PD_1,PD_3': inf, 'PD_1,PD_4': inf, 'PD_2,PD_3': inf, 'PD_2,PD_4': inf, 'PD_3,PD_4': inf}
  Computing metrics...
    RSI: {'PD_1,PD_2': 0.0, 'PD_1,PD_3': 1.0, 'PD_1,PD_4': 1.0, 'PD_2,PD_3': 0.0, 'PD_2,PD_4': 0.0, 'PD_3,PD_4': 1.0}, ASR: 1.25, TCB: {'PD_1': ['PD_3', 'PD_4'], 'PD_2': ['PD_4'], 'PD_3': ['PD_1', 'PD_4'], 'PD_4': ['PD_1', 'PD_3']}, FR: {'PD_1,PD_2': inf, 'PD_1,PD_3': inf, 'PD_1,PD_4': inf, 'PD_2,PD_3': inf, 'PD_2,PD_4': inf, 'PD_3,PD_4': inf}
    🎯 RSI preparation: PD_1 -> FILE_1_1 enables future sharing
    🎯 add_hold_edge goal: 30.00, constraint: 0.00, unsatisfiable: 0.00, diversity: 0.00 → total: 15.10
  Computing metrics...
    RSI: {'PD_1,PD_2': 0.0, 'PD_1,PD_3': 0.0, 'PD_1,PD_4': 0.0, 'PD_2,PD_3': 0.0, 'PD_2,PD_4': 0.0, 'PD_3,PD_4': 1.0}, ASR: 1.0, TCB: {'PD_1': ['PD_3'], 'PD_2': ['PD_4'], 'PD_3': ['PD_4'], 'PD_4': ['PD_3']}, FR: {'PD_1,PD_2': inf, 'PD_1,PD_3': inf, 'PD_1,PD_4': inf, 'PD_2,PD_3': inf, 'PD_2,PD_4': inf, 'PD_3,PD_4': inf}
  Computing metrics...
    RSI: {'PD_1,PD_2': 0.0, 'PD_1,PD_3': 0.0, 'PD_1,PD_4': 0.0, 'PD_2,PD_3': 1.0, 'PD_2,PD_4': 1.0, 'PD_3,PD_4': 1.0}, ASR: 1.25, TCB: {'PD_1': ['PD_3'], 'PD_2': ['PD_4', 'PD_3'], 'PD_3': ['PD_2', 'PD_4'], 'PD_4': ['PD_2', 'PD_3']}, FR: {'PD_1,PD_2': inf, 'PD_1,PD_3': inf, 'PD_1,PD_4': inf, 'PD_2,PD_3': inf, 'PD_2,PD_4': inf, 'PD_3,PD_4': inf}
    🎯 RSI preparation: PD_2 -> FILE_1_1 enables future sharing
    🎯 add_hold_edge goal: 30.00, constraint: 0.00, unsatisfiable: 0.00, diversity: 0.00 → total: 15.10
  Computing metrics...
    RSI: {'PD_1,PD_2': 0.0, 'PD_1,PD_3': 0.0, 'PD_1,PD_4': 0.0, 'PD_2,PD_3': 0.0, 'PD_2,PD_4': 0.0, 'PD_3,PD_4': 1.0}, ASR: 1.0, TCB: {'PD_1': ['PD_3'], 'PD_2': ['PD_4'], 'PD_3': ['PD_4'], 'PD_4': ['PD_3']}, FR: {'PD_1,PD_2': inf, 'PD_1,PD_3': inf, 'PD_1,PD_4': inf, 'PD_2,PD_3': inf, 'PD_2,PD_4': inf, 'PD_3,PD_4': inf}
  Computing metrics...
    RSI: {'PD_1,PD_2': 0.0, 'PD_1,PD_3': 0.0, 'PD_1,PD_4': 0.0, 'PD_2,PD_3': 0.0, 'PD_2,PD_4': 0.0, 'PD_3,PD_4': 0.0}, ASR: 0.75, TCB: {'PD_1': ['PD_3'], 'PD_2': ['PD_4'], 'PD_3': [], 'PD_4': []}, FR: {'PD_1,PD_2': inf, 'PD_1,PD_3': inf, 'PD_1,PD_4': inf, 'PD_2,PD_3': inf, 'PD_2,PD_4': inf, 'PD_3,PD_4': inf}
    remove_hold_edge candidate: remove PD_3 -> FILE_1_1 HOLD edge -> score: 0.100
  Computing metrics...
    RSI: {'PD_1,PD_2': 0.0, 'PD_1,PD_3': 0.0, 'PD_1,PD_4': 0.0, 'PD_2,PD_3': 0.0, 'PD_2,PD_4': 0.0, 'PD_3,PD_4': 1.0}, ASR: 1.0, TCB: {'PD_1': ['PD_3'], 'PD_2': ['PD_4'], 'PD_3': ['PD_4'], 'PD_4': ['PD_3']}, FR: {'PD_1,PD_2': inf, 'PD_1,PD_3': inf, 'PD_1,PD_4': inf, 'PD_2,PD_3': inf, 'PD_2,PD_4': inf, 'PD_3,PD_4': inf}
  Computing metrics...
    RSI: {'PD_1,PD_2': 0.0, 'PD_1,PD_3': 0.0, 'PD_1,PD_4': 0.0, 'PD_2,PD_3': 0.0, 'PD_2,PD_4': 0.0, 'PD_3,PD_4': 0.0}, ASR: 0.75, TCB: {'PD_1': ['PD_3'], 'PD_2': ['PD_4'], 'PD_3': [], 'PD_4': []}, FR: {'PD_1,PD_2': inf, 'PD_1,PD_3': inf, 'PD_1,PD_4': inf, 'PD_2,PD_3': inf, 'PD_2,PD_4': inf, 'PD_3,PD_4': inf}
    remove_hold_edge candidate: remove PD_4 -> FILE_1_1 HOLD edge -> score: 0.100
  Computing metrics...
    RSI: {'PD_1,PD_2': 0.0, 'PD_1,PD_3': 0.0, 'PD_1,PD_4': 0.0, 'PD_2,PD_3': 0.0, 'PD_2,PD_4': 0.0, 'PD_3,PD_4': 1.0}, ASR: 1.0, TCB: {'PD_1': ['PD_3'], 'PD_2': ['PD_4'], 'PD_3': ['PD_4'], 'PD_4': ['PD_3']}, FR: {'PD_1,PD_2': inf, 'PD_1,PD_3': inf, 'PD_1,PD_4': inf, 'PD_2,PD_3': inf, 'PD_2,PD_4': inf, 'PD_3,PD_4': inf}
  Computing metrics...
    RSI: {'PD_1,PD_2': 0.0, 'PD_1,PD_3': 0.0, 'PD_1,PD_4': 0.0, 'PD_2,PD_3': 0.0, 'PD_2,PD_4': 0.0, 'PD_3,PD_4': 1.0}, ASR: 1.25, TCB: {'PD_1': ['PD_3', 'PD_2'], 'PD_2': ['PD_4'], 'PD_3': ['PD_4'], 'PD_4': ['PD_3']}, FR: {'PD_1,PD_2': 3, 'PD_1,PD_3': inf, 'PD_1,PD_4': inf, 'PD_2,PD_3': inf, 'PD_2,PD_4': inf, 'PD_3,PD_4': inf}
  Computing metrics...
    RSI: {'PD_1,PD_2': 0.0, 'PD_1,PD_3': 0.0, 'PD_1,PD_4': 0.0, 'PD_2,PD_3': 0.0, 'PD_2,PD_4': 0.0, 'PD_3,PD_4': 1.0}, ASR: 1.0, TCB: {'PD_1': ['PD_3'], 'PD_2': ['PD_4'], 'PD_3': ['PD_4'], 'PD_4': ['PD_3']}, FR: {'PD_1,PD_2': inf, 'PD_1,PD_3': inf, 'PD_1,PD_4': inf, 'PD_2,PD_3': inf, 'PD_2,PD_4': inf, 'PD_3,PD_4': inf}
  Computing metrics...
    RSI: {'PD_1,PD_2': 0.0, 'PD_1,PD_3': 0.0, 'PD_1,PD_4': 0.0, 'PD_2,PD_3': 0.0, 'PD_2,PD_4': 0.0, 'PD_3,PD_4': 1.0}, ASR: 1.25, TCB: {'PD_1': ['PD_3', 'PD_4'], 'PD_2': ['PD_4'], 'PD_3': ['PD_4'], 'PD_4': ['PD_3']}, FR: {'PD_1,PD_2': 2, 'PD_1,PD_3': inf, 'PD_1,PD_4': inf, 'PD_2,PD_3': inf, 'PD_2,PD_4': inf, 'PD_3,PD_4': inf}
  Computing metrics...
    RSI: {'PD_1,PD_2': 0.0, 'PD_1,PD_3': 0.0, 'PD_1,PD_4': 0.0, 'PD_2,PD_3': 0.0, 'PD_2,PD_4': 0.0, 'PD_3,PD_4': 1.0}, ASR: 1.0, TCB: {'PD_1': ['PD_3'], 'PD_2': ['PD_4'], 'PD_3': ['PD_4'], 'PD_4': ['PD_3']}, FR: {'PD_1,PD_2': inf, 'PD_1,PD_3': inf, 'PD_1,PD_4': inf, 'PD_2,PD_3': inf, 'PD_2,PD_4': inf, 'PD_3,PD_4': inf}
  Computing metrics...
    RSI: {'PD_1,PD_2': 0.0, 'PD_1,PD_3': 0.0, 'PD_1,PD_4': 0.0, 'PD_2,PD_3': 0.0, 'PD_2,PD_4': 0.0, 'PD_3,PD_4': 1.0}, ASR: 1.25, TCB: {'PD_1': ['PD_3'], 'PD_2': ['PD_4', 'PD_1'], 'PD_3': ['PD_4'], 'PD_4': ['PD_3']}, FR: {'PD_1,PD_2': 3, 'PD_1,PD_3': inf, 'PD_1,PD_4': inf, 'PD_2,PD_3': inf, 'PD_2,PD_4': inf, 'PD_3,PD_4': inf}
  Computing metrics...
    RSI: {'PD_1,PD_2': 0.0, 'PD_1,PD_3': 0.0, 'PD_1,PD_4': 0.0, 'PD_2,PD_3': 0.0, 'PD_2,PD_4': 0.0, 'PD_3,PD_4': 1.0}, ASR: 1.0, TCB: {'PD_1': ['PD_3'], 'PD_2': ['PD_4'], 'PD_3': ['PD_4'], 'PD_4': ['PD_3']}, FR: {'PD_1,PD_2': inf, 'PD_1,PD_3': inf, 'PD_1,PD_4': inf, 'PD_2,PD_3': inf, 'PD_2,PD_4': inf, 'PD_3,PD_4': inf}
  Computing metrics...
    RSI: {'PD_1,PD_2': 0.0, 'PD_1,PD_3': 0.0, 'PD_1,PD_4': 0.0, 'PD_2,PD_3': 0.0, 'PD_2,PD_4': 0.0, 'PD_3,PD_4': 1.0}, ASR: 1.25, TCB: {'PD_1': ['PD_3'], 'PD_2': ['PD_4', 'PD_3'], 'PD_3': ['PD_4'], 'PD_4': ['PD_3']}, FR: {'PD_1,PD_2': 2, 'PD_1,PD_3': inf, 'PD_1,PD_4': inf, 'PD_2,PD_3': inf, 'PD_2,PD_4': inf, 'PD_3,PD_4': inf}
  Computing metrics...
    RSI: {'PD_1,PD_2': 0.0, 'PD_1,PD_3': 0.0, 'PD_1,PD_4': 0.0, 'PD_2,PD_3': 0.0, 'PD_2,PD_4': 0.0, 'PD_3,PD_4': 1.0}, ASR: 1.0, TCB: {'PD_1': ['PD_3'], 'PD_2': ['PD_4'], 'PD_3': ['PD_4'], 'PD_4': ['PD_3']}, FR: {'PD_1,PD_2': inf, 'PD_1,PD_3': inf, 'PD_1,PD_4': inf, 'PD_2,PD_3': inf, 'PD_2,PD_4': inf, 'PD_3,PD_4': inf}
  Computing metrics...
    RSI: {'PD_1,PD_2': 0.0, 'PD_1,PD_3': 0.0, 'PD_1,PD_4': 0.0, 'PD_2,PD_3': 0.0, 'PD_2,PD_4': 0.0, 'PD_3,PD_4': 1.0}, ASR: 1.25, TCB: {'PD_1': ['PD_3'], 'PD_2': ['PD_4'], 'PD_3': ['PD_1', 'PD_4'], 'PD_4': ['PD_3']}, FR: {'PD_1,PD_2': inf, 'PD_1,PD_3': inf, 'PD_1,PD_4': inf, 'PD_2,PD_3': inf, 'PD_2,PD_4': inf, 'PD_3,PD_4': inf}
  Computing metrics...
    RSI: {'PD_1,PD_2': 0.0, 'PD_1,PD_3': 0.0, 'PD_1,PD_4': 0.0, 'PD_2,PD_3': 0.0, 'PD_2,PD_4': 0.0, 'PD_3,PD_4': 1.0}, ASR: 1.0, TCB: {'PD_1': ['PD_3'], 'PD_2': ['PD_4'], 'PD_3': ['PD_4'], 'PD_4': ['PD_3']}, FR: {'PD_1,PD_2': inf, 'PD_1,PD_3': inf, 'PD_1,PD_4': inf, 'PD_2,PD_3': inf, 'PD_2,PD_4': inf, 'PD_3,PD_4': inf}
  Computing metrics...
    RSI: {'PD_1,PD_2': 0.0, 'PD_1,PD_3': 0.0, 'PD_1,PD_4': 0.0, 'PD_2,PD_3': 0.0, 'PD_2,PD_4': 0.0, 'PD_3,PD_4': 1.0}, ASR: 1.25, TCB: {'PD_1': ['PD_3'], 'PD_2': ['PD_4'], 'PD_3': ['PD_2', 'PD_4'], 'PD_4': ['PD_3']}, FR: {'PD_1,PD_2': 4, 'PD_1,PD_3': 3, 'PD_1,PD_4': inf, 'PD_2,PD_3': 3, 'PD_2,PD_4': inf, 'PD_3,PD_4': inf}
  Computing metrics...
    RSI: {'PD_1,PD_2': 0.0, 'PD_1,PD_3': 0.0, 'PD_1,PD_4': 0.0, 'PD_2,PD_3': 0.0, 'PD_2,PD_4': 0.0, 'PD_3,PD_4': 1.0}, ASR: 1.0, TCB: {'PD_1': ['PD_3'], 'PD_2': ['PD_4'], 'PD_3': ['PD_4'], 'PD_4': ['PD_3']}, FR: {'PD_1,PD_2': inf, 'PD_1,PD_3': inf, 'PD_1,PD_4': inf, 'PD_2,PD_3': inf, 'PD_2,PD_4': inf, 'PD_3,PD_4': inf}
  Computing metrics...
    RSI: {'PD_1,PD_2': 0.0, 'PD_1,PD_3': 0.0, 'PD_1,PD_4': 0.0, 'PD_2,PD_3': 0.0, 'PD_2,PD_4': 0.0, 'PD_3,PD_4': 1.0}, ASR: 1.25, TCB: {'PD_1': ['PD_3'], 'PD_2': ['PD_4'], 'PD_3': ['PD_4'], 'PD_4': ['PD_3']}, FR: {'PD_1,PD_2': 3, 'PD_1,PD_3': 3, 'PD_1,PD_4': inf, 'PD_2,PD_3': 2, 'PD_2,PD_4': inf, 'PD_3,PD_4': inf}
  Computing metrics...
    RSI: {'PD_1,PD_2': 0.0, 'PD_1,PD_3': 0.0, 'PD_1,PD_4': 0.0, 'PD_2,PD_3': 0.0, 'PD_2,PD_4': 0.0, 'PD_3,PD_4': 1.0}, ASR: 1.0, TCB: {'PD_1': ['PD_3'], 'PD_2': ['PD_4'], 'PD_3': ['PD_4'], 'PD_4': ['PD_3']}, FR: {'PD_1,PD_2': inf, 'PD_1,PD_3': inf, 'PD_1,PD_4': inf, 'PD_2,PD_3': inf, 'PD_2,PD_4': inf, 'PD_3,PD_4': inf}
  Computing metrics...
    RSI: {'PD_1,PD_2': 0.0, 'PD_1,PD_3': 0.0, 'PD_1,PD_4': 0.0, 'PD_2,PD_3': 0.0, 'PD_2,PD_4': 0.0, 'PD_3,PD_4': 1.0}, ASR: 1.25, TCB: {'PD_1': ['PD_3'], 'PD_2': ['PD_4'], 'PD_3': ['PD_4'], 'PD_4': ['PD_1', 'PD_3']}, FR: {'PD_1,PD_2': 4, 'PD_1,PD_3': inf, 'PD_1,PD_4': 3, 'PD_2,PD_3': inf, 'PD_2,PD_4': 3, 'PD_3,PD_4': inf}
  Computing metrics...
    RSI: {'PD_1,PD_2': 0.0, 'PD_1,PD_3': 0.0, 'PD_1,PD_4': 0.0, 'PD_2,PD_3': 0.0, 'PD_2,PD_4': 0.0, 'PD_3,PD_4': 1.0}, ASR: 1.0, TCB: {'PD_1': ['PD_3'], 'PD_2': ['PD_4'], 'PD_3': ['PD_4'], 'PD_4': ['PD_3']}, FR: {'PD_1,PD_2': inf, 'PD_1,PD_3': inf, 'PD_1,PD_4': inf, 'PD_2,PD_3': inf, 'PD_2,PD_4': inf, 'PD_3,PD_4': inf}
  Computing metrics...
    RSI: {'PD_1,PD_2': 0.0, 'PD_1,PD_3': 0.0, 'PD_1,PD_4': 0.0, 'PD_2,PD_3': 0.0, 'PD_2,PD_4': 0.0, 'PD_3,PD_4': 1.0}, ASR: 1.25, TCB: {'PD_1': ['PD_3'], 'PD_2': ['PD_4'], 'PD_3': ['PD_4'], 'PD_4': ['PD_2', 'PD_3']}, FR: {'PD_1,PD_2': inf, 'PD_1,PD_3': inf, 'PD_1,PD_4': inf, 'PD_2,PD_3': inf, 'PD_2,PD_4': inf, 'PD_3,PD_4': inf}
  Computing metrics...
    RSI: {'PD_1,PD_2': 0.0, 'PD_1,PD_3': 0.0, 'PD_1,PD_4': 0.0, 'PD_2,PD_3': 0.0, 'PD_2,PD_4': 0.0, 'PD_3,PD_4': 1.0}, ASR: 1.0, TCB: {'PD_1': ['PD_3'], 'PD_2': ['PD_4'], 'PD_3': ['PD_4'], 'PD_4': ['PD_3']}, FR: {'PD_1,PD_2': inf, 'PD_1,PD_3': inf, 'PD_1,PD_4': inf, 'PD_2,PD_3': inf, 'PD_2,PD_4': inf, 'PD_3,PD_4': inf}
  Computing metrics...
    RSI: {'PD_1,PD_2': 0.0, 'PD_1,PD_3': 0.0, 'PD_1,PD_4': 0.0, 'PD_2,PD_3': 0.0, 'PD_2,PD_4': 0.0, 'PD_3,PD_4': 1.0}, ASR: 1.25, TCB: {'PD_1': ['PD_3'], 'PD_2': ['PD_4'], 'PD_3': ['PD_4'], 'PD_4': ['PD_3']}, FR: {'PD_1,PD_2': 3, 'PD_1,PD_3': inf, 'PD_1,PD_4': 2, 'PD_2,PD_3': inf, 'PD_2,PD_4': 3, 'PD_3,PD_4': inf}
  Computing metrics...
    RSI: {'PD_1,PD_2': 0.0, 'PD_1,PD_3': 0.0, 'PD_1,PD_4': 0.0, 'PD_2,PD_3': 0.0, 'PD_2,PD_4': 0.0, 'PD_3,PD_4': 1.0}, ASR: 1.0, TCB: {'PD_1': ['PD_3'], 'PD_2': ['PD_4'], 'PD_3': ['PD_4'], 'PD_4': ['PD_3']}, FR: {'PD_1,PD_2': inf, 'PD_1,PD_3': inf, 'PD_1,PD_4': inf, 'PD_2,PD_3': inf, 'PD_2,PD_4': inf, 'PD_3,PD_4': inf}
  Computing metrics...
    RSI: {'PD_1,PD_2': 0.0, 'PD_1,PD_3': 0.0, 'PD_1,PD_4': 0.0, 'PD_2,PD_3': 0.0, 'PD_2,PD_4': 0.0, 'PD_3,PD_4': 1.0}, ASR: 0.75, TCB: {'PD_1': [], 'PD_2': ['PD_4'], 'PD_3': ['PD_4'], 'PD_4': ['PD_3']}, FR: {'PD_1,PD_2': inf, 'PD_1,PD_3': inf, 'PD_1,PD_4': inf, 'PD_2,PD_3': inf, 'PD_2,PD_4': inf, 'PD_3,PD_4': inf}
  Computing metrics...
    RSI: {'PD_1,PD_2': 0.0, 'PD_1,PD_3': 0.0, 'PD_1,PD_4': 0.0, 'PD_2,PD_3': 0.0, 'PD_2,PD_4': 0.0, 'PD_3,PD_4': 1.0}, ASR: 1.0, TCB: {'PD_1': ['PD_3'], 'PD_2': ['PD_4'], 'PD_3': ['PD_4'], 'PD_4': ['PD_3']}, FR: {'PD_1,PD_2': inf, 'PD_1,PD_3': inf, 'PD_1,PD_4': inf, 'PD_2,PD_3': inf, 'PD_2,PD_4': inf, 'PD_3,PD_4': inf}
  Computing metrics...
    RSI: {'PD_1,PD_2': 0.0, 'PD_1,PD_3': 0.0, 'PD_1,PD_4': 0.0, 'PD_2,PD_3': 0.0, 'PD_2,PD_4': 0.0, 'PD_3,PD_4': 1.0}, ASR: 0.75, TCB: {'PD_1': ['PD_3'], 'PD_2': [], 'PD_3': ['PD_4'], 'PD_4': ['PD_3']}, FR: {'PD_1,PD_2': inf, 'PD_1,PD_3': inf, 'PD_1,PD_4': inf, 'PD_2,PD_3': inf, 'PD_2,PD_4': inf, 'PD_3,PD_4': inf}
  Computing metrics...
    RSI: {'PD_1,PD_2': 0.0, 'PD_1,PD_3': 0.0, 'PD_1,PD_4': 0.0, 'PD_2,PD_3': 0.0, 'PD_2,PD_4': 0.0, 'PD_3,PD_4': 1.0}, ASR: 1.0, TCB: {'PD_1': ['PD_3'], 'PD_2': ['PD_4'], 'PD_3': ['PD_4'], 'PD_4': ['PD_3']}, FR: {'PD_1,PD_2': inf, 'PD_1,PD_3': inf, 'PD_1,PD_4': inf, 'PD_2,PD_3': inf, 'PD_2,PD_4': inf, 'PD_3,PD_4': inf}
  Computing metrics...
    RSI: {'PD_1,PD_2': 0.0, 'PD_1,PD_3': 0.0, 'PD_1,PD_4': 0.0, 'PD_2,PD_3': 0.0, 'PD_2,PD_4': 0.0, 'PD_3,PD_4': 1.0}, ASR: 1.0, TCB: {'PD_1': ['PD_3'], 'PD_2': ['PD_4'], 'PD_3': ['PD_4'], 'PD_4': ['PD_3']}, FR: {'PD_1,PD_2': inf, 'PD_1,PD_3': inf, 'PD_1,PD_4': inf, 'PD_2,PD_3': inf, 'PD_2,PD_4': inf, 'PD_3,PD_4': inf}
  🎲 Exploration: selecting candidate #1 instead of best
  Trying best transition: primitive
    Target: connect PD_1 to FILE_1_1
    Predicted improvement: 15.100
    Considered 23 other option(s):
      1. primitive: connect PD_2 to FILE_1_1 (improvement: 15.100)
      2. primitive: add new protection domain (improvement: 0.100)
      3. primitive: create new CONFIG file in FILE_SPACE_1 (improvement: 0.100)
      4. primitive: create new DATABASE file in FILE_SPACE_1 (improvement: 0.100)
      5. primitive: create new TEMP file in FILE_SPACE_1 (improvement: 0.100)
      6. primitive: create new LOG file in FILE_SPACE_1 (improvement: 0.100)
      7. primitive: remove FILE_1_1 (holders: 2) (improvement: 0.100)
      8. primitive: create new FILE resource space (improvement: 0.100)
      9. primitive: remove PD_3 -> FILE_1_1 HOLD edge (improvement: 0.100)
      10. primitive: remove PD_4 -> FILE_1_1 HOLD edge (improvement: 0.100)
      ... and 13 more
    ✅ Applied add_hold_edge
  Computing metrics...
    RSI: {'PD_1,PD_2': 0.0, 'PD_1,PD_3': 1.0, 'PD_1,PD_4': 1.0, 'PD_2,PD_3': 0.0, 'PD_2,PD_4': 0.0, 'PD_3,PD_4': 1.0}, ASR: 1.25, TCB: {'PD_1': ['PD_3', 'PD_4'], 'PD_2': ['PD_4'], 'PD_3': ['PD_1', 'PD_4'], 'PD_4': ['PD_1', 'PD_3']}, FR: {'PD_1,PD_2': inf, 'PD_1,PD_3': inf, 'PD_1,PD_4': inf, 'PD_2,PD_3': inf, 'PD_2,PD_4': inf, 'PD_3,PD_4': inf}
    Goal not met: RSI[PD_1,PD_2]=0.000 < 0.8
    Goals not yet satisfied, continuing exploration
  ✅ Mechanism saved! Total mechanisms found: 1

📊 Graph after iteration 1:
        # Graph structure:
        # PD_1 --REQUEST--> PD_3
        # PD_1 --HOLD--> FILE_1_1 -> FILE_SPACE_1
        # PD_2 --REQUEST--> PD_4
        # PD_3 --HOLD--> FILE_1_1 -> FILE_SPACE_1
        # PD_4 --HOLD--> FILE_1_1 -> FILE_SPACE_1
        #
        # FILE_1_1 shared by: PD_1, PD_3, PD_4


Iteration 2/10
  Computing metrics...
    RSI: {'PD_1,PD_2': 0.0, 'PD_1,PD_3': 1.0, 'PD_1,PD_4': 1.0, 'PD_2,PD_3': 0.0, 'PD_2,PD_4': 0.0, 'PD_3,PD_4': 1.0}, ASR: 1.25, TCB: {'PD_1': ['PD_3', 'PD_4'], 'PD_2': ['PD_4'], 'PD_3': ['PD_1', 'PD_4'], 'PD_4': ['PD_1', 'PD_3']}, FR: {'PD_1,PD_2': inf, 'PD_1,PD_3': inf, 'PD_1,PD_4': inf, 'PD_2,PD_3': inf, 'PD_2,PD_4': inf, 'PD_3,PD_4': inf}
  Computing metrics...
    RSI: {'PD_1,PD_2': 0.0, 'PD_1,PD_3': 1.0, 'PD_1,PD_4': 1.0, 'PD_1,PD_5': 0.0, 'PD_2,PD_3': 0.0, 'PD_2,PD_4': 0.0, 'PD_2,PD_5': 0.0, 'PD_3,PD_4': 1.0, 'PD_3,PD_5': 0.0, 'PD_4,PD_5': 0.0}, ASR: 1.0, TCB: {'PD_1': ['PD_3', 'PD_4'], 'PD_2': ['PD_4'], 'PD_3': ['PD_1', 'PD_4'], 'PD_4': ['PD_1', 'PD_3'], 'PD_5': []}, FR: {'PD_1,PD_2': inf, 'PD_1,PD_3': inf, 'PD_1,PD_4': inf, 'PD_1,PD_5': inf, 'PD_2,PD_3': inf, 'PD_2,PD_4': inf, 'PD_2,PD_5': inf, 'PD_3,PD_4': inf, 'PD_3,PD_5': inf, 'PD_4,PD_5': inf}
  Computing metrics...
    RSI: {'PD_1,PD_2': 0.0, 'PD_1,PD_3': 1.0, 'PD_1,PD_4': 1.0, 'PD_2,PD_3': 0.0, 'PD_2,PD_4': 0.0, 'PD_3,PD_4': 1.0}, ASR: 1.25, TCB: {'PD_1': ['PD_3', 'PD_4'], 'PD_2': ['PD_4'], 'PD_3': ['PD_1', 'PD_4'], 'PD_4': ['PD_1', 'PD_3']}, FR: {'PD_1,PD_2': inf, 'PD_1,PD_3': inf, 'PD_1,PD_4': inf, 'PD_2,PD_3': inf, 'PD_2,PD_4': inf, 'PD_3,PD_4': inf}
  Computing metrics...
    RSI: {'PD_1,PD_2': 0.0, 'PD_1,PD_3': 1.0, 'PD_1,PD_4': 1.0, 'PD_2,PD_3': 0.0, 'PD_2,PD_4': 0.0, 'PD_3,PD_4': 1.0}, ASR: 1.25, TCB: {'PD_1': ['PD_3', 'PD_4'], 'PD_2': ['PD_4'], 'PD_3': ['PD_1', 'PD_4'], 'PD_4': ['PD_1', 'PD_3']}, FR: {'PD_1,PD_2': inf, 'PD_1,PD_3': inf, 'PD_1,PD_4': inf, 'PD_2,PD_3': inf, 'PD_2,PD_4': inf, 'PD_3,PD_4': inf}
  Computing metrics...
    RSI: {'PD_1,PD_2': 0.0, 'PD_1,PD_3': 1.0, 'PD_1,PD_4': 1.0, 'PD_2,PD_3': 0.0, 'PD_2,PD_4': 0.0, 'PD_3,PD_4': 1.0}, ASR: 1.25, TCB: {'PD_1': ['PD_3', 'PD_4'], 'PD_2': ['PD_4'], 'PD_3': ['PD_1', 'PD_4'], 'PD_4': ['PD_1', 'PD_3']}, FR: {'PD_1,PD_2': inf, 'PD_1,PD_3': inf, 'PD_1,PD_4': inf, 'PD_2,PD_3': inf, 'PD_2,PD_4': inf, 'PD_3,PD_4': inf}
  Computing metrics...
    RSI: {'PD_1,PD_2': 0.0, 'PD_1,PD_3': 1.0, 'PD_1,PD_4': 1.0, 'PD_2,PD_3': 0.0, 'PD_2,PD_4': 0.0, 'PD_3,PD_4': 1.0}, ASR: 1.25, TCB: {'PD_1': ['PD_3', 'PD_4'], 'PD_2': ['PD_4'], 'PD_3': ['PD_1', 'PD_4'], 'PD_4': ['PD_1', 'PD_3']}, FR: {'PD_1,PD_2': inf, 'PD_1,PD_3': inf, 'PD_1,PD_4': inf, 'PD_2,PD_3': inf, 'PD_2,PD_4': inf, 'PD_3,PD_4': inf}
  Computing metrics...
    RSI: {'PD_1,PD_2': 0.0, 'PD_1,PD_3': 1.0, 'PD_1,PD_4': 1.0, 'PD_2,PD_3': 0.0, 'PD_2,PD_4': 0.0, 'PD_3,PD_4': 1.0}, ASR: 1.25, TCB: {'PD_1': ['PD_3', 'PD_4'], 'PD_2': ['PD_4'], 'PD_3': ['PD_1', 'PD_4'], 'PD_4': ['PD_1', 'PD_3']}, FR: {'PD_1,PD_2': inf, 'PD_1,PD_3': inf, 'PD_1,PD_4': inf, 'PD_2,PD_3': inf, 'PD_2,PD_4': inf, 'PD_3,PD_4': inf}
  Computing metrics...
    RSI: {'PD_1,PD_2': 0.0, 'PD_1,PD_3': 1.0, 'PD_1,PD_4': 1.0, 'PD_2,PD_3': 0.0, 'PD_2,PD_4': 0.0, 'PD_3,PD_4': 1.0}, ASR: 1.25, TCB: {'PD_1': ['PD_3', 'PD_4'], 'PD_2': ['PD_4'], 'PD_3': ['PD_1', 'PD_4'], 'PD_4': ['PD_1', 'PD_3']}, FR: {'PD_1,PD_2': inf, 'PD_1,PD_3': inf, 'PD_1,PD_4': inf, 'PD_2,PD_3': inf, 'PD_2,PD_4': inf, 'PD_3,PD_4': inf}
  Computing metrics...
    RSI: {'PD_1,PD_2': 0.0, 'PD_1,PD_3': 1.0, 'PD_1,PD_4': 1.0, 'PD_2,PD_3': 0.0, 'PD_2,PD_4': 0.0, 'PD_3,PD_4': 1.0}, ASR: 1.25, TCB: {'PD_1': ['PD_3', 'PD_4'], 'PD_2': ['PD_4'], 'PD_3': ['PD_1', 'PD_4'], 'PD_4': ['PD_1', 'PD_3']}, FR: {'PD_1,PD_2': inf, 'PD_1,PD_3': inf, 'PD_1,PD_4': inf, 'PD_2,PD_3': inf, 'PD_2,PD_4': inf, 'PD_3,PD_4': inf}
  Computing metrics...
    RSI: {'PD_1,PD_2': 0.0, 'PD_1,PD_3': 1.0, 'PD_1,PD_4': 1.0, 'PD_2,PD_3': 0.0, 'PD_2,PD_4': 0.0, 'PD_3,PD_4': 1.0}, ASR: 1.25, TCB: {'PD_1': ['PD_3', 'PD_4'], 'PD_2': ['PD_4'], 'PD_3': ['PD_1', 'PD_4'], 'PD_4': ['PD_1', 'PD_3']}, FR: {'PD_1,PD_2': inf, 'PD_1,PD_3': inf, 'PD_1,PD_4': inf, 'PD_2,PD_3': inf, 'PD_2,PD_4': inf, 'PD_3,PD_4': inf}
  Computing metrics...
    RSI: {'PD_1,PD_2': 0.0, 'PD_1,PD_3': 1.0, 'PD_1,PD_4': 1.0, 'PD_2,PD_3': 0.0, 'PD_2,PD_4': 0.0, 'PD_3,PD_4': 1.0}, ASR: 1.25, TCB: {'PD_1': ['PD_3', 'PD_4'], 'PD_2': ['PD_4'], 'PD_3': ['PD_1', 'PD_4'], 'PD_4': ['PD_1', 'PD_3']}, FR: {'PD_1,PD_2': inf, 'PD_1,PD_3': inf, 'PD_1,PD_4': inf, 'PD_2,PD_3': inf, 'PD_2,PD_4': inf, 'PD_3,PD_4': inf}
  Computing metrics...
    RSI: {'PD_1,PD_2': 0.0, 'PD_1,PD_3': 1.0, 'PD_1,PD_4': 1.0, 'PD_2,PD_3': 0.0, 'PD_2,PD_4': 0.0, 'PD_3,PD_4': 1.0}, ASR: 1.25, TCB: {'PD_1': ['PD_3', 'PD_4'], 'PD_2': ['PD_4'], 'PD_3': ['PD_1', 'PD_4'], 'PD_4': ['PD_1', 'PD_3']}, FR: {'PD_1,PD_2': inf, 'PD_1,PD_3': inf, 'PD_1,PD_4': inf, 'PD_2,PD_3': inf, 'PD_2,PD_4': inf, 'PD_3,PD_4': inf}
  Computing metrics...
    RSI: {'PD_1,PD_2': 0.0, 'PD_1,PD_3': 1.0, 'PD_1,PD_4': 1.0, 'PD_2,PD_3': 0.0, 'PD_2,PD_4': 0.0, 'PD_3,PD_4': 1.0}, ASR: 1.25, TCB: {'PD_1': ['PD_3', 'PD_4'], 'PD_2': ['PD_4'], 'PD_3': ['PD_1', 'PD_4'], 'PD_4': ['PD_1', 'PD_3']}, FR: {'PD_1,PD_2': inf, 'PD_1,PD_3': inf, 'PD_1,PD_4': inf, 'PD_2,PD_3': inf, 'PD_2,PD_4': inf, 'PD_3,PD_4': inf}
  Computing metrics...
    RSI: {'PD_1,PD_2': 0.0, 'PD_1,PD_3': 1.0, 'PD_1,PD_4': 1.0, 'PD_2,PD_3': 0.0, 'PD_2,PD_4': 0.0, 'PD_3,PD_4': 1.0}, ASR: 1.25, TCB: {'PD_1': ['PD_3', 'PD_4'], 'PD_2': ['PD_4'], 'PD_3': ['PD_1', 'PD_4'], 'PD_4': ['PD_1', 'PD_3']}, FR: {'PD_1,PD_2': inf, 'PD_1,PD_3': inf, 'PD_1,PD_4': inf, 'PD_2,PD_3': inf, 'PD_2,PD_4': inf, 'PD_3,PD_4': inf}
  Computing metrics...
    RSI: {'PD_1,PD_2': 0.0, 'PD_1,PD_3': 1.0, 'PD_1,PD_4': 1.0, 'PD_2,PD_3': 0.0, 'PD_2,PD_4': 0.0, 'PD_3,PD_4': 1.0}, ASR: 1.25, TCB: {'PD_1': ['PD_3', 'PD_4'], 'PD_2': ['PD_4'], 'PD_3': ['PD_1', 'PD_4'], 'PD_4': ['PD_1', 'PD_3']}, FR: {'PD_1,PD_2': inf, 'PD_1,PD_3': inf, 'PD_1,PD_4': inf, 'PD_2,PD_3': inf, 'PD_2,PD_4': inf, 'PD_3,PD_4': inf}
  Computing metrics...
    RSI: {'PD_1,PD_2': 1.0, 'PD_1,PD_3': 1.0, 'PD_1,PD_4': 1.0, 'PD_2,PD_3': 1.0, 'PD_2,PD_4': 1.0, 'PD_3,PD_4': 1.0}, ASR: 1.5, TCB: {'PD_1': ['PD_3', 'PD_2', 'PD_4'], 'PD_2': ['PD_4', 'PD_1', 'PD_3'], 'PD_3': ['PD_1', 'PD_2', 'PD_4'], 'PD_4': ['PD_1', 'PD_2', 'PD_3']}, FR: {'PD_1,PD_2': inf, 'PD_1,PD_3': inf, 'PD_1,PD_4': inf, 'PD_2,PD_3': inf, 'PD_2,PD_4': inf, 'PD_3,PD_4': inf}
    🎯 RSI MAXIMIZATION BOOST: PD_2 -> FILE_1_1 completes sharing with PD_1
    🎯 add_hold_edge goal: 130.00, constraint: 0.00, unsatisfiable: 0.00, diversity: 0.00 → total: 65.10
  Computing metrics...
    RSI: {'PD_1,PD_2': 0.0, 'PD_1,PD_3': 1.0, 'PD_1,PD_4': 1.0, 'PD_2,PD_3': 0.0, 'PD_2,PD_4': 0.0, 'PD_3,PD_4': 1.0}, ASR: 1.25, TCB: {'PD_1': ['PD_3', 'PD_4'], 'PD_2': ['PD_4'], 'PD_3': ['PD_1', 'PD_4'], 'PD_4': ['PD_1', 'PD_3']}, FR: {'PD_1,PD_2': inf, 'PD_1,PD_3': inf, 'PD_1,PD_4': inf, 'PD_2,PD_3': inf, 'PD_2,PD_4': inf, 'PD_3,PD_4': inf}
  Computing metrics...
    RSI: {'PD_1,PD_2': 0.0, 'PD_1,PD_3': 0.0, 'PD_1,PD_4': 0.0, 'PD_2,PD_3': 0.0, 'PD_2,PD_4': 0.0, 'PD_3,PD_4': 1.0}, ASR: 1.0, TCB: {'PD_1': ['PD_3'], 'PD_2': ['PD_4'], 'PD_3': ['PD_4'], 'PD_4': ['PD_3']}, FR: {'PD_1,PD_2': inf, 'PD_1,PD_3': inf, 'PD_1,PD_4': inf, 'PD_2,PD_3': inf, 'PD_2,PD_4': inf, 'PD_3,PD_4': inf}
    remove_hold_edge candidate: remove PD_1 -> FILE_1_1 HOLD edge -> score: 0.100
  Computing metrics...
    RSI: {'PD_1,PD_2': 0.0, 'PD_1,PD_3': 1.0, 'PD_1,PD_4': 1.0, 'PD_2,PD_3': 0.0, 'PD_2,PD_4': 0.0, 'PD_3,PD_4': 1.0}, ASR: 1.25, TCB: {'PD_1': ['PD_3', 'PD_4'], 'PD_2': ['PD_4'], 'PD_3': ['PD_1', 'PD_4'], 'PD_4': ['PD_1', 'PD_3']}, FR: {'PD_1,PD_2': inf, 'PD_1,PD_3': inf, 'PD_1,PD_4': inf, 'PD_2,PD_3': inf, 'PD_2,PD_4': inf, 'PD_3,PD_4': inf}
  Computing metrics...
    RSI: {'PD_1,PD_2': 0.0, 'PD_1,PD_3': 0.0, 'PD_1,PD_4': 1.0, 'PD_2,PD_3': 0.0, 'PD_2,PD_4': 0.0, 'PD_3,PD_4': 0.0}, ASR: 1.0, TCB: {'PD_1': ['PD_3', 'PD_4'], 'PD_2': ['PD_4'], 'PD_3': [], 'PD_4': ['PD_1']}, FR: {'PD_1,PD_2': inf, 'PD_1,PD_3': inf, 'PD_1,PD_4': inf, 'PD_2,PD_3': inf, 'PD_2,PD_4': inf, 'PD_3,PD_4': inf}
    remove_hold_edge candidate: remove PD_3 -> FILE_1_1 HOLD edge -> score: 0.100
  Computing metrics...
    RSI: {'PD_1,PD_2': 0.0, 'PD_1,PD_3': 1.0, 'PD_1,PD_4': 1.0, 'PD_2,PD_3': 0.0, 'PD_2,PD_4': 0.0, 'PD_3,PD_4': 1.0}, ASR: 1.25, TCB: {'PD_1': ['PD_3', 'PD_4'], 'PD_2': ['PD_4'], 'PD_3': ['PD_1', 'PD_4'], 'PD_4': ['PD_1', 'PD_3']}, FR: {'PD_1,PD_2': inf, 'PD_1,PD_3': inf, 'PD_1,PD_4': inf, 'PD_2,PD_3': inf, 'PD_2,PD_4': inf, 'PD_3,PD_4': inf}
  Computing metrics...
    RSI: {'PD_1,PD_2': 0.0, 'PD_1,PD_3': 1.0, 'PD_1,PD_4': 0.0, 'PD_2,PD_3': 0.0, 'PD_2,PD_4': 0.0, 'PD_3,PD_4': 0.0}, ASR: 1.0, TCB: {'PD_1': ['PD_3'], 'PD_2': ['PD_4'], 'PD_3': ['PD_1'], 'PD_4': []}, FR: {'PD_1,PD_2': inf, 'PD_1,PD_3': inf, 'PD_1,PD_4': inf, 'PD_2,PD_3': inf, 'PD_2,PD_4': inf, 'PD_3,PD_4': inf}
    remove_hold_edge candidate: remove PD_4 -> FILE_1_1 HOLD edge -> score: 0.100
  Computing metrics...
    RSI: {'PD_1,PD_2': 0.0, 'PD_1,PD_3': 1.0, 'PD_1,PD_4': 1.0, 'PD_2,PD_3': 0.0, 'PD_2,PD_4': 0.0, 'PD_3,PD_4': 1.0}, ASR: 1.25, TCB: {'PD_1': ['PD_3', 'PD_4'], 'PD_2': ['PD_4'], 'PD_3': ['PD_1', 'PD_4'], 'PD_4': ['PD_1', 'PD_3']}, FR: {'PD_1,PD_2': inf, 'PD_1,PD_3': inf, 'PD_1,PD_4': inf, 'PD_2,PD_3': inf, 'PD_2,PD_4': inf, 'PD_3,PD_4': inf}
  Computing metrics...
    RSI: {'PD_1,PD_2': 0.0, 'PD_1,PD_3': 1.0, 'PD_1,PD_4': 1.0, 'PD_2,PD_3': 0.0, 'PD_2,PD_4': 0.0, 'PD_3,PD_4': 1.0}, ASR: 1.5, TCB: {'PD_1': ['PD_3', 'PD_2', 'PD_4'], 'PD_2': ['PD_4'], 'PD_3': ['PD_1', 'PD_4'], 'PD_4': ['PD_1', 'PD_3']}, FR: {'PD_1,PD_2': 3, 'PD_1,PD_3': inf, 'PD_1,PD_4': inf, 'PD_2,PD_3': inf, 'PD_2,PD_4': inf, 'PD_3,PD_4': inf}
  Computing metrics...
    RSI: {'PD_1,PD_2': 0.0, 'PD_1,PD_3': 1.0, 'PD_1,PD_4': 1.0, 'PD_2,PD_3': 0.0, 'PD_2,PD_4': 0.0, 'PD_3,PD_4': 1.0}, ASR: 1.25, TCB: {'PD_1': ['PD_3', 'PD_4'], 'PD_2': ['PD_4'], 'PD_3': ['PD_1', 'PD_4'], 'PD_4': ['PD_1', 'PD_3']}, FR: {'PD_1,PD_2': inf, 'PD_1,PD_3': inf, 'PD_1,PD_4': inf, 'PD_2,PD_3': inf, 'PD_2,PD_4': inf, 'PD_3,PD_4': inf}
  Computing metrics...
    RSI: {'PD_1,PD_2': 0.0, 'PD_1,PD_3': 1.0, 'PD_1,PD_4': 1.0, 'PD_2,PD_3': 0.0, 'PD_2,PD_4': 0.0, 'PD_3,PD_4': 1.0}, ASR: 1.5, TCB: {'PD_1': ['PD_3', 'PD_4'], 'PD_2': ['PD_4'], 'PD_3': ['PD_1', 'PD_4'], 'PD_4': ['PD_1', 'PD_3']}, FR: {'PD_1,PD_2': 2, 'PD_1,PD_3': inf, 'PD_1,PD_4': inf, 'PD_2,PD_3': inf, 'PD_2,PD_4': inf, 'PD_3,PD_4': inf}
  Computing metrics...
    RSI: {'PD_1,PD_2': 0.0, 'PD_1,PD_3': 1.0, 'PD_1,PD_4': 1.0, 'PD_2,PD_3': 0.0, 'PD_2,PD_4': 0.0, 'PD_3,PD_4': 1.0}, ASR: 1.25, TCB: {'PD_1': ['PD_3', 'PD_4'], 'PD_2': ['PD_4'], 'PD_3': ['PD_1', 'PD_4'], 'PD_4': ['PD_1', 'PD_3']}, FR: {'PD_1,PD_2': inf, 'PD_1,PD_3': inf, 'PD_1,PD_4': inf, 'PD_2,PD_3': inf, 'PD_2,PD_4': inf, 'PD_3,PD_4': inf}
  Computing metrics...
    RSI: {'PD_1,PD_2': 0.0, 'PD_1,PD_3': 1.0, 'PD_1,PD_4': 1.0, 'PD_2,PD_3': 0.0, 'PD_2,PD_4': 0.0, 'PD_3,PD_4': 1.0}, ASR: 1.5, TCB: {'PD_1': ['PD_3', 'PD_4'], 'PD_2': ['PD_4', 'PD_1'], 'PD_3': ['PD_1', 'PD_4'], 'PD_4': ['PD_1', 'PD_3']}, FR: {'PD_1,PD_2': 3, 'PD_1,PD_3': inf, 'PD_1,PD_4': inf, 'PD_2,PD_3': inf, 'PD_2,PD_4': inf, 'PD_3,PD_4': inf}
  Computing metrics...
    RSI: {'PD_1,PD_2': 0.0, 'PD_1,PD_3': 1.0, 'PD_1,PD_4': 1.0, 'PD_2,PD_3': 0.0, 'PD_2,PD_4': 0.0, 'PD_3,PD_4': 1.0}, ASR: 1.25, TCB: {'PD_1': ['PD_3', 'PD_4'], 'PD_2': ['PD_4'], 'PD_3': ['PD_1', 'PD_4'], 'PD_4': ['PD_1', 'PD_3']}, FR: {'PD_1,PD_2': inf, 'PD_1,PD_3': inf, 'PD_1,PD_4': inf, 'PD_2,PD_3': inf, 'PD_2,PD_4': inf, 'PD_3,PD_4': inf}
  Computing metrics...
    RSI: {'PD_1,PD_2': 0.0, 'PD_1,PD_3': 1.0, 'PD_1,PD_4': 1.0, 'PD_2,PD_3': 0.0, 'PD_2,PD_4': 0.0, 'PD_3,PD_4': 1.0}, ASR: 1.5, TCB: {'PD_1': ['PD_3', 'PD_4'], 'PD_2': ['PD_4', 'PD_3'], 'PD_3': ['PD_1', 'PD_4'], 'PD_4': ['PD_1', 'PD_3']}, FR: {'PD_1,PD_2': 2, 'PD_1,PD_3': inf, 'PD_1,PD_4': inf, 'PD_2,PD_3': inf, 'PD_2,PD_4': inf, 'PD_3,PD_4': inf}
  Computing metrics...
    RSI: {'PD_1,PD_2': 0.0, 'PD_1,PD_3': 1.0, 'PD_1,PD_4': 1.0, 'PD_2,PD_3': 0.0, 'PD_2,PD_4': 0.0, 'PD_3,PD_4': 1.0}, ASR: 1.25, TCB: {'PD_1': ['PD_3', 'PD_4'], 'PD_2': ['PD_4'], 'PD_3': ['PD_1', 'PD_4'], 'PD_4': ['PD_1', 'PD_3']}, FR: {'PD_1,PD_2': inf, 'PD_1,PD_3': inf, 'PD_1,PD_4': inf, 'PD_2,PD_3': inf, 'PD_2,PD_4': inf, 'PD_3,PD_4': inf}
  Computing metrics...
    RSI: {'PD_1,PD_2': 0.0, 'PD_1,PD_3': 1.0, 'PD_1,PD_4': 1.0, 'PD_2,PD_3': 0.0, 'PD_2,PD_4': 0.0, 'PD_3,PD_4': 1.0}, ASR: 1.5, TCB: {'PD_1': ['PD_3', 'PD_4'], 'PD_2': ['PD_4'], 'PD_3': ['PD_1', 'PD_4'], 'PD_4': ['PD_1', 'PD_3']}, FR: {'PD_1,PD_2': inf, 'PD_1,PD_3': inf, 'PD_1,PD_4': inf, 'PD_2,PD_3': inf, 'PD_2,PD_4': inf, 'PD_3,PD_4': inf}
  Computing metrics...
    RSI: {'PD_1,PD_2': 0.0, 'PD_1,PD_3': 1.0, 'PD_1,PD_4': 1.0, 'PD_2,PD_3': 0.0, 'PD_2,PD_4': 0.0, 'PD_3,PD_4': 1.0}, ASR: 1.25, TCB: {'PD_1': ['PD_3', 'PD_4'], 'PD_2': ['PD_4'], 'PD_3': ['PD_1', 'PD_4'], 'PD_4': ['PD_1', 'PD_3']}, FR: {'PD_1,PD_2': inf, 'PD_1,PD_3': inf, 'PD_1,PD_4': inf, 'PD_2,PD_3': inf, 'PD_2,PD_4': inf, 'PD_3,PD_4': inf}
  Computing metrics...
    RSI: {'PD_1,PD_2': 0.0, 'PD_1,PD_3': 1.0, 'PD_1,PD_4': 1.0, 'PD_2,PD_3': 0.0, 'PD_2,PD_4': 0.0, 'PD_3,PD_4': 1.0}, ASR: 1.5, TCB: {'PD_1': ['PD_3', 'PD_4'], 'PD_2': ['PD_4'], 'PD_3': ['PD_2', 'PD_1', 'PD_4'], 'PD_4': ['PD_1', 'PD_3']}, FR: {'PD_1,PD_2': 4, 'PD_1,PD_3': 3, 'PD_1,PD_4': inf, 'PD_2,PD_3': 3, 'PD_2,PD_4': inf, 'PD_3,PD_4': inf}
  Computing metrics...
    RSI: {'PD_1,PD_2': 0.0, 'PD_1,PD_3': 1.0, 'PD_1,PD_4': 1.0, 'PD_2,PD_3': 0.0, 'PD_2,PD_4': 0.0, 'PD_3,PD_4': 1.0}, ASR: 1.25, TCB: {'PD_1': ['PD_3', 'PD_4'], 'PD_2': ['PD_4'], 'PD_3': ['PD_1', 'PD_4'], 'PD_4': ['PD_1', 'PD_3']}, FR: {'PD_1,PD_2': inf, 'PD_1,PD_3': inf, 'PD_1,PD_4': inf, 'PD_2,PD_3': inf, 'PD_2,PD_4': inf, 'PD_3,PD_4': inf}
  Computing metrics...
    RSI: {'PD_1,PD_2': 0.0, 'PD_1,PD_3': 1.0, 'PD_1,PD_4': 1.0, 'PD_2,PD_3': 0.0, 'PD_2,PD_4': 0.0, 'PD_3,PD_4': 1.0}, ASR: 1.5, TCB: {'PD_1': ['PD_3', 'PD_4'], 'PD_2': ['PD_4'], 'PD_3': ['PD_4', 'PD_1'], 'PD_4': ['PD_1', 'PD_3']}, FR: {'PD_1,PD_2': 3, 'PD_1,PD_3': 3, 'PD_1,PD_4': inf, 'PD_2,PD_3': 2, 'PD_2,PD_4': inf, 'PD_3,PD_4': inf}
  Computing metrics...
    RSI: {'PD_1,PD_2': 0.0, 'PD_1,PD_3': 1.0, 'PD_1,PD_4': 1.0, 'PD_2,PD_3': 0.0, 'PD_2,PD_4': 0.0, 'PD_3,PD_4': 1.0}, ASR: 1.25, TCB: {'PD_1': ['PD_3', 'PD_4'], 'PD_2': ['PD_4'], 'PD_3': ['PD_1', 'PD_4'], 'PD_4': ['PD_1', 'PD_3']}, FR: {'PD_1,PD_2': inf, 'PD_1,PD_3': inf, 'PD_1,PD_4': inf, 'PD_2,PD_3': inf, 'PD_2,PD_4': inf, 'PD_3,PD_4': inf}
  Computing metrics...
    RSI: {'PD_1,PD_2': 0.0, 'PD_1,PD_3': 1.0, 'PD_1,PD_4': 1.0, 'PD_2,PD_3': 0.0, 'PD_2,PD_4': 0.0, 'PD_3,PD_4': 1.0}, ASR: 1.5, TCB: {'PD_1': ['PD_3', 'PD_4'], 'PD_2': ['PD_4'], 'PD_3': ['PD_1', 'PD_4'], 'PD_4': ['PD_1', 'PD_3']}, FR: {'PD_1,PD_2': 4, 'PD_1,PD_3': inf, 'PD_1,PD_4': 3, 'PD_2,PD_3': inf, 'PD_2,PD_4': 3, 'PD_3,PD_4': inf}
  Computing metrics...
    RSI: {'PD_1,PD_2': 0.0, 'PD_1,PD_3': 1.0, 'PD_1,PD_4': 1.0, 'PD_2,PD_3': 0.0, 'PD_2,PD_4': 0.0, 'PD_3,PD_4': 1.0}, ASR: 1.25, TCB: {'PD_1': ['PD_3', 'PD_4'], 'PD_2': ['PD_4'], 'PD_3': ['PD_1', 'PD_4'], 'PD_4': ['PD_1', 'PD_3']}, FR: {'PD_1,PD_2': inf, 'PD_1,PD_3': inf, 'PD_1,PD_4': inf, 'PD_2,PD_3': inf, 'PD_2,PD_4': inf, 'PD_3,PD_4': inf}
  Computing metrics...
    RSI: {'PD_1,PD_2': 0.0, 'PD_1,PD_3': 1.0, 'PD_1,PD_4': 1.0, 'PD_2,PD_3': 0.0, 'PD_2,PD_4': 0.0, 'PD_3,PD_4': 1.0}, ASR: 1.5, TCB: {'PD_1': ['PD_3', 'PD_4'], 'PD_2': ['PD_4'], 'PD_3': ['PD_1', 'PD_4'], 'PD_4': ['PD_2', 'PD_1', 'PD_3']}, FR: {'PD_1,PD_2': inf, 'PD_1,PD_3': inf, 'PD_1,PD_4': inf, 'PD_2,PD_3': inf, 'PD_2,PD_4': inf, 'PD_3,PD_4': inf}
  Computing metrics...
    RSI: {'PD_1,PD_2': 0.0, 'PD_1,PD_3': 1.0, 'PD_1,PD_4': 1.0, 'PD_2,PD_3': 0.0, 'PD_2,PD_4': 0.0, 'PD_3,PD_4': 1.0}, ASR: 1.25, TCB: {'PD_1': ['PD_3', 'PD_4'], 'PD_2': ['PD_4'], 'PD_3': ['PD_1', 'PD_4'], 'PD_4': ['PD_1', 'PD_3']}, FR: {'PD_1,PD_2': inf, 'PD_1,PD_3': inf, 'PD_1,PD_4': inf, 'PD_2,PD_3': inf, 'PD_2,PD_4': inf, 'PD_3,PD_4': inf}
  Computing metrics...
    RSI: {'PD_1,PD_2': 0.0, 'PD_1,PD_3': 1.0, 'PD_1,PD_4': 1.0, 'PD_2,PD_3': 0.0, 'PD_2,PD_4': 0.0, 'PD_3,PD_4': 1.0}, ASR: 1.5, TCB: {'PD_1': ['PD_3', 'PD_4'], 'PD_2': ['PD_4'], 'PD_3': ['PD_1', 'PD_4'], 'PD_4': ['PD_3', 'PD_1']}, FR: {'PD_1,PD_2': 3, 'PD_1,PD_3': inf, 'PD_1,PD_4': 2, 'PD_2,PD_3': inf, 'PD_2,PD_4': 3, 'PD_3,PD_4': inf}
  Computing metrics...
    RSI: {'PD_1,PD_2': 0.0, 'PD_1,PD_3': 1.0, 'PD_1,PD_4': 1.0, 'PD_2,PD_3': 0.0, 'PD_2,PD_4': 0.0, 'PD_3,PD_4': 1.0}, ASR: 1.25, TCB: {'PD_1': ['PD_3', 'PD_4'], 'PD_2': ['PD_4'], 'PD_3': ['PD_1', 'PD_4'], 'PD_4': ['PD_1', 'PD_3']}, FR: {'PD_1,PD_2': inf, 'PD_1,PD_3': inf, 'PD_1,PD_4': inf, 'PD_2,PD_3': inf, 'PD_2,PD_4': inf, 'PD_3,PD_4': inf}
  Computing metrics...
    RSI: {'PD_1,PD_2': 0.0, 'PD_1,PD_3': 1.0, 'PD_1,PD_4': 1.0, 'PD_2,PD_3': 0.0, 'PD_2,PD_4': 0.0, 'PD_3,PD_4': 1.0}, ASR: 1.0, TCB: {'PD_1': ['PD_3', 'PD_4'], 'PD_2': ['PD_4'], 'PD_3': ['PD_1', 'PD_4'], 'PD_4': ['PD_1', 'PD_3']}, FR: {'PD_1,PD_2': inf, 'PD_1,PD_3': inf, 'PD_1,PD_4': inf, 'PD_2,PD_3': inf, 'PD_2,PD_4': inf, 'PD_3,PD_4': inf}
  Computing metrics...
    RSI: {'PD_1,PD_2': 0.0, 'PD_1,PD_3': 1.0, 'PD_1,PD_4': 1.0, 'PD_2,PD_3': 0.0, 'PD_2,PD_4': 0.0, 'PD_3,PD_4': 1.0}, ASR: 1.25, TCB: {'PD_1': ['PD_3', 'PD_4'], 'PD_2': ['PD_4'], 'PD_3': ['PD_1', 'PD_4'], 'PD_4': ['PD_1', 'PD_3']}, FR: {'PD_1,PD_2': inf, 'PD_1,PD_3': inf, 'PD_1,PD_4': inf, 'PD_2,PD_3': inf, 'PD_2,PD_4': inf, 'PD_3,PD_4': inf}
  Computing metrics...
    RSI: {'PD_1,PD_2': 0.0, 'PD_1,PD_3': 1.0, 'PD_1,PD_4': 1.0, 'PD_2,PD_3': 0.0, 'PD_2,PD_4': 0.0, 'PD_3,PD_4': 1.0}, ASR: 1.0, TCB: {'PD_1': ['PD_3', 'PD_4'], 'PD_2': [], 'PD_3': ['PD_1', 'PD_4'], 'PD_4': ['PD_1', 'PD_3']}, FR: {'PD_1,PD_2': inf, 'PD_1,PD_3': inf, 'PD_1,PD_4': inf, 'PD_2,PD_3': inf, 'PD_2,PD_4': inf, 'PD_3,PD_4': inf}
  Computing metrics...
    RSI: {'PD_1,PD_2': 0.0, 'PD_1,PD_3': 1.0, 'PD_1,PD_4': 1.0, 'PD_2,PD_3': 0.0, 'PD_2,PD_4': 0.0, 'PD_3,PD_4': 1.0}, ASR: 1.25, TCB: {'PD_1': ['PD_3', 'PD_4'], 'PD_2': ['PD_4'], 'PD_3': ['PD_1', 'PD_4'], 'PD_4': ['PD_1', 'PD_3']}, FR: {'PD_1,PD_2': inf, 'PD_1,PD_3': inf, 'PD_1,PD_4': inf, 'PD_2,PD_3': inf, 'PD_2,PD_4': inf, 'PD_3,PD_4': inf}
  Computing metrics...
    RSI: {'PD_1,PD_2': 0.0, 'PD_1,PD_3': 1.0, 'PD_1,PD_4': 1.0, 'PD_2,PD_3': 0.0, 'PD_2,PD_4': 0.0, 'PD_3,PD_4': 1.0}, ASR: 1.25, TCB: {'PD_1': ['PD_3', 'PD_4'], 'PD_2': ['PD_4'], 'PD_3': ['PD_1', 'PD_4'], 'PD_4': ['PD_1', 'PD_3']}, FR: {'PD_1,PD_2': inf, 'PD_1,PD_3': inf, 'PD_1,PD_4': inf, 'PD_2,PD_3': inf, 'PD_2,PD_4': inf, 'PD_3,PD_4': inf}
  🚫 Filtered out 1 'add_hold_edge' candidates (avoiding repetition)
  Trying best transition: primitive
    Target: add new protection domain
    Predicted improvement: 0.100
    Considered 22 other option(s):
      1. primitive: create new CONFIG file in FILE_SPACE_1 (improvement: 0.100)
      2. primitive: create new DATABASE file in FILE_SPACE_1 (improvement: 0.100)
      3. primitive: create new TEMP file in FILE_SPACE_1 (improvement: 0.100)
      4. primitive: create new LOG file in FILE_SPACE_1 (improvement: 0.100)
      5. primitive: remove FILE_1_1 (holders: 3) (improvement: 0.100)
      6. primitive: create new FILE resource space (improvement: 0.100)
      7. primitive: remove PD_1 -> FILE_1_1 HOLD edge (improvement: 0.100)
      8. primitive: remove PD_3 -> FILE_1_1 HOLD edge (improvement: 0.100)
      9. primitive: remove PD_4 -> FILE_1_1 HOLD edge (improvement: 0.100)
      10. primitive: create PD_1 -> PD_2 REQUEST (improvement: 0.100)
      ... and 12 more
    ✅ Applied add_pd
  Computing metrics...
    RSI: {'PD_1,PD_2': 0.0, 'PD_1,PD_3': 1.0, 'PD_1,PD_4': 1.0, 'PD_1,PD_5': 0.0, 'PD_2,PD_3': 0.0, 'PD_2,PD_4': 0.0, 'PD_2,PD_5': 0.0, 'PD_3,PD_4': 1.0, 'PD_3,PD_5': 0.0, 'PD_4,PD_5': 0.0}, ASR: 1.0, TCB: {'PD_1': ['PD_3', 'PD_4'], 'PD_2': ['PD_4'], 'PD_3': ['PD_1', 'PD_4'], 'PD_4': ['PD_1', 'PD_3'], 'PD_5': []}, FR: {'PD_1,PD_2': inf, 'PD_1,PD_3': inf, 'PD_1,PD_4': inf, 'PD_1,PD_5': inf, 'PD_2,PD_3': inf, 'PD_2,PD_4': inf, 'PD_2,PD_5': inf, 'PD_3,PD_4': inf, 'PD_3,PD_5': inf, 'PD_4,PD_5': inf}
    Goal not met: RSI[PD_1,PD_2]=0.000 < 0.8
    Goals not yet satisfied, continuing exploration
  ✅ Mechanism saved! Total mechanisms found: 2

📊 Graph after iteration 2:
        # Graph structure:
        # PD_1 --REQUEST--> PD_3
        # PD_1 --HOLD--> FILE_1_1 -> FILE_SPACE_1
        # PD_2 --REQUEST--> PD_4
        # PD_3 --HOLD--> FILE_1_1 -> FILE_SPACE_1
        # PD_4 --HOLD--> FILE_1_1 -> FILE_SPACE_1
        # PD_5
        #
        # FILE_1_1 shared by: PD_1, PD_3, PD_4


Iteration 3/10
  Computing metrics...
    RSI: {'PD_1,PD_2': 0.0, 'PD_1,PD_3': 1.0, 'PD_1,PD_4': 1.0, 'PD_1,PD_5': 0.0, 'PD_2,PD_3': 0.0, 'PD_2,PD_4': 0.0, 'PD_2,PD_5': 0.0, 'PD_3,PD_4': 1.0, 'PD_3,PD_5': 0.0, 'PD_4,PD_5': 0.0}, ASR: 1.0, TCB: {'PD_1': ['PD_3', 'PD_4'], 'PD_2': ['PD_4'], 'PD_3': ['PD_1', 'PD_4'], 'PD_4': ['PD_1', 'PD_3'], 'PD_5': []}, FR: {'PD_1,PD_2': inf, 'PD_1,PD_3': inf, 'PD_1,PD_4': inf, 'PD_1,PD_5': inf, 'PD_2,PD_3': inf, 'PD_2,PD_4': inf, 'PD_2,PD_5': inf, 'PD_3,PD_4': inf, 'PD_3,PD_5': inf, 'PD_4,PD_5': inf}
  Computing metrics...
    RSI: {'PD_1,PD_2': 0.0, 'PD_1,PD_3': 1.0, 'PD_1,PD_4': 1.0, 'PD_1,PD_5': 0.0, 'PD_1,PD_6': 0.0, 'PD_2,PD_3': 0.0, 'PD_2,PD_4': 0.0, 'PD_2,PD_5': 0.0, 'PD_2,PD_6': 0.0, 'PD_3,PD_4': 1.0, 'PD_3,PD_5': 0.0, 'PD_3,PD_6': 0.0, 'PD_4,PD_5': 0.0, 'PD_4,PD_6': 0.0, 'PD_5,PD_6': 0.0}, ASR: 0.8333333333333334, TCB: {'PD_1': ['PD_3', 'PD_4'], 'PD_2': ['PD_4'], 'PD_3': ['PD_1', 'PD_4'], 'PD_4': ['PD_1', 'PD_3'], 'PD_5': [], 'PD_6': []}, FR: {'PD_1,PD_2': inf, 'PD_1,PD_3': inf, 'PD_1,PD_4': inf, 'PD_1,PD_5': inf, 'PD_1,PD_6': inf, 'PD_2,PD_3': inf, 'PD_2,PD_4': inf, 'PD_2,PD_5': inf, 'PD_2,PD_6': inf, 'PD_3,PD_4': inf, 'PD_3,PD_5': inf, 'PD_3,PD_6': inf, 'PD_4,PD_5': inf, 'PD_4,PD_6': inf, 'PD_5,PD_6': inf}
  Computing metrics...
    RSI: {'PD_1,PD_2': 0.0, 'PD_1,PD_3': 1.0, 'PD_1,PD_4': 1.0, 'PD_1,PD_5': 0.0, 'PD_2,PD_3': 0.0, 'PD_2,PD_4': 0.0, 'PD_2,PD_5': 0.0, 'PD_3,PD_4': 1.0, 'PD_3,PD_5': 0.0, 'PD_4,PD_5': 0.0}, ASR: 1.0, TCB: {'PD_1': ['PD_3', 'PD_4'], 'PD_2': ['PD_4'], 'PD_3': ['PD_1', 'PD_4'], 'PD_4': ['PD_1', 'PD_3'], 'PD_5': []}, FR: {'PD_1,PD_2': inf, 'PD_1,PD_3': inf, 'PD_1,PD_4': inf, 'PD_1,PD_5': inf, 'PD_2,PD_3': inf, 'PD_2,PD_4': inf, 'PD_2,PD_5': inf, 'PD_3,PD_4': inf, 'PD_3,PD_5': inf, 'PD_4,PD_5': inf}
  Computing metrics...
    RSI: {'PD_1,PD_2': 0.0, 'PD_1,PD_3': 1.0, 'PD_1,PD_4': 1.0, 'PD_1,PD_5': 0.0, 'PD_2,PD_3': 0.0, 'PD_2,PD_4': 0.0, 'PD_2,PD_5': 0.0, 'PD_3,PD_4': 1.0, 'PD_3,PD_5': 0.0, 'PD_4,PD_5': 0.0}, ASR: 1.0, TCB: {'PD_1': ['PD_3', 'PD_4'], 'PD_2': ['PD_4'], 'PD_3': ['PD_1', 'PD_4'], 'PD_4': ['PD_1', 'PD_3'], 'PD_5': []}, FR: {'PD_1,PD_2': inf, 'PD_1,PD_3': inf, 'PD_1,PD_4': inf, 'PD_1,PD_5': inf, 'PD_2,PD_3': inf, 'PD_2,PD_4': inf, 'PD_2,PD_5': inf, 'PD_3,PD_4': inf, 'PD_3,PD_5': inf, 'PD_4,PD_5': inf}
  Computing metrics...
    RSI: {'PD_1,PD_2': 0.0, 'PD_1,PD_3': 1.0, 'PD_1,PD_4': 1.0, 'PD_1,PD_5': 0.0, 'PD_2,PD_3': 0.0, 'PD_2,PD_4': 0.0, 'PD_2,PD_5': 0.0, 'PD_3,PD_4': 1.0, 'PD_3,PD_5': 0.0, 'PD_4,PD_5': 0.0}, ASR: 1.0, TCB: {'PD_1': ['PD_3', 'PD_4'], 'PD_2': ['PD_4'], 'PD_3': ['PD_1', 'PD_4'], 'PD_4': ['PD_1', 'PD_3'], 'PD_5': []}, FR: {'PD_1,PD_2': inf, 'PD_1,PD_3': inf, 'PD_1,PD_4': inf, 'PD_1,PD_5': inf, 'PD_2,PD_3': inf, 'PD_2,PD_4': inf, 'PD_2,PD_5': inf, 'PD_3,PD_4': inf, 'PD_3,PD_5': inf, 'PD_4,PD_5': inf}
  Computing metrics...
    RSI: {'PD_1,PD_2': 0.0, 'PD_1,PD_3': 1.0, 'PD_1,PD_4': 1.0, 'PD_1,PD_5': 0.0, 'PD_2,PD_3': 0.0, 'PD_2,PD_4': 0.0, 'PD_2,PD_5': 0.0, 'PD_3,PD_4': 1.0, 'PD_3,PD_5': 0.0, 'PD_4,PD_5': 0.0}, ASR: 1.0, TCB: {'PD_1': ['PD_3', 'PD_4'], 'PD_2': ['PD_4'], 'PD_3': ['PD_1', 'PD_4'], 'PD_4': ['PD_1', 'PD_3'], 'PD_5': []}, FR: {'PD_1,PD_2': inf, 'PD_1,PD_3': inf, 'PD_1,PD_4': inf, 'PD_1,PD_5': inf, 'PD_2,PD_3': inf, 'PD_2,PD_4': inf, 'PD_2,PD_5': inf, 'PD_3,PD_4': inf, 'PD_3,PD_5': inf, 'PD_4,PD_5': inf}
  Computing metrics...
    RSI: {'PD_1,PD_2': 0.0, 'PD_1,PD_3': 1.0, 'PD_1,PD_4': 1.0, 'PD_1,PD_5': 0.0, 'PD_2,PD_3': 0.0, 'PD_2,PD_4': 0.0, 'PD_2,PD_5': 0.0, 'PD_3,PD_4': 1.0, 'PD_3,PD_5': 0.0, 'PD_4,PD_5': 0.0}, ASR: 1.0, TCB: {'PD_1': ['PD_3', 'PD_4'], 'PD_2': ['PD_4'], 'PD_3': ['PD_1', 'PD_4'], 'PD_4': ['PD_1', 'PD_3'], 'PD_5': []}, FR: {'PD_1,PD_2': inf, 'PD_1,PD_3': inf, 'PD_1,PD_4': inf, 'PD_1,PD_5': inf, 'PD_2,PD_3': inf, 'PD_2,PD_4': inf, 'PD_2,PD_5': inf, 'PD_3,PD_4': inf, 'PD_3,PD_5': inf, 'PD_4,PD_5': inf}
  Computing metrics...
    RSI: {'PD_1,PD_2': 0.0, 'PD_1,PD_3': 1.0, 'PD_1,PD_4': 1.0, 'PD_1,PD_5': 0.0, 'PD_2,PD_3': 0.0, 'PD_2,PD_4': 0.0, 'PD_2,PD_5': 0.0, 'PD_3,PD_4': 1.0, 'PD_3,PD_5': 0.0, 'PD_4,PD_5': 0.0}, ASR: 1.0, TCB: {'PD_1': ['PD_3', 'PD_4'], 'PD_2': ['PD_4'], 'PD_3': ['PD_1', 'PD_4'], 'PD_4': ['PD_1', 'PD_3'], 'PD_5': []}, FR: {'PD_1,PD_2': inf, 'PD_1,PD_3': inf, 'PD_1,PD_4': inf, 'PD_1,PD_5': inf, 'PD_2,PD_3': inf, 'PD_2,PD_4': inf, 'PD_2,PD_5': inf, 'PD_3,PD_4': inf, 'PD_3,PD_5': inf, 'PD_4,PD_5': inf}
  Computing metrics...
    RSI: {'PD_1,PD_2': 0.0, 'PD_1,PD_3': 1.0, 'PD_1,PD_4': 1.0, 'PD_1,PD_5': 0.0, 'PD_2,PD_3': 0.0, 'PD_2,PD_4': 0.0, 'PD_2,PD_5': 0.0, 'PD_3,PD_4': 1.0, 'PD_3,PD_5': 0.0, 'PD_4,PD_5': 0.0}, ASR: 1.0, TCB: {'PD_1': ['PD_3', 'PD_4'], 'PD_2': ['PD_4'], 'PD_3': ['PD_1', 'PD_4'], 'PD_4': ['PD_1', 'PD_3'], 'PD_5': []}, FR: {'PD_1,PD_2': inf, 'PD_1,PD_3': inf, 'PD_1,PD_4': inf, 'PD_1,PD_5': inf, 'PD_2,PD_3': inf, 'PD_2,PD_4': inf, 'PD_2,PD_5': inf, 'PD_3,PD_4': inf, 'PD_3,PD_5': inf, 'PD_4,PD_5': inf}
  Computing metrics...
    RSI: {'PD_1,PD_2': 0.0, 'PD_1,PD_3': 1.0, 'PD_1,PD_4': 1.0, 'PD_1,PD_5': 0.0, 'PD_2,PD_3': 0.0, 'PD_2,PD_4': 0.0, 'PD_2,PD_5': 0.0, 'PD_3,PD_4': 1.0, 'PD_3,PD_5': 0.0, 'PD_4,PD_5': 0.0}, ASR: 1.0, TCB: {'PD_1': ['PD_3', 'PD_4'], 'PD_2': ['PD_4'], 'PD_3': ['PD_1', 'PD_4'], 'PD_4': ['PD_1', 'PD_3'], 'PD_5': []}, FR: {'PD_1,PD_2': inf, 'PD_1,PD_3': inf, 'PD_1,PD_4': inf, 'PD_1,PD_5': inf, 'PD_2,PD_3': inf, 'PD_2,PD_4': inf, 'PD_2,PD_5': inf, 'PD_3,PD_4': inf, 'PD_3,PD_5': inf, 'PD_4,PD_5': inf}
  Computing metrics...
    RSI: {'PD_1,PD_2': 0.0, 'PD_1,PD_3': 1.0, 'PD_1,PD_4': 1.0, 'PD_1,PD_5': 0.0, 'PD_2,PD_3': 0.0, 'PD_2,PD_4': 0.0, 'PD_2,PD_5': 0.0, 'PD_3,PD_4': 1.0, 'PD_3,PD_5': 0.0, 'PD_4,PD_5': 0.0}, ASR: 1.0, TCB: {'PD_1': ['PD_3', 'PD_4'], 'PD_2': ['PD_4'], 'PD_3': ['PD_1', 'PD_4'], 'PD_4': ['PD_1', 'PD_3'], 'PD_5': []}, FR: {'PD_1,PD_2': inf, 'PD_1,PD_3': inf, 'PD_1,PD_4': inf, 'PD_1,PD_5': inf, 'PD_2,PD_3': inf, 'PD_2,PD_4': inf, 'PD_2,PD_5': inf, 'PD_3,PD_4': inf, 'PD_3,PD_5': inf, 'PD_4,PD_5': inf}
  Computing metrics...
    RSI: {'PD_1,PD_2': 0.0, 'PD_1,PD_3': 1.0, 'PD_1,PD_4': 1.0, 'PD_1,PD_5': 0.0, 'PD_2,PD_3': 0.0, 'PD_2,PD_4': 0.0, 'PD_2,PD_5': 0.0, 'PD_3,PD_4': 1.0, 'PD_3,PD_5': 0.0, 'PD_4,PD_5': 0.0}, ASR: 1.0, TCB: {'PD_1': ['PD_3', 'PD_4'], 'PD_2': ['PD_4'], 'PD_3': ['PD_1', 'PD_4'], 'PD_4': ['PD_1', 'PD_3'], 'PD_5': []}, FR: {'PD_1,PD_2': inf, 'PD_1,PD_3': inf, 'PD_1,PD_4': inf, 'PD_1,PD_5': inf, 'PD_2,PD_3': inf, 'PD_2,PD_4': inf, 'PD_2,PD_5': inf, 'PD_3,PD_4': inf, 'PD_3,PD_5': inf, 'PD_4,PD_5': inf}
  Computing metrics...
    RSI: {'PD_1,PD_2': 0.0, 'PD_1,PD_3': 1.0, 'PD_1,PD_4': 1.0, 'PD_1,PD_5': 0.0, 'PD_2,PD_3': 0.0, 'PD_2,PD_4': 0.0, 'PD_2,PD_5': 0.0, 'PD_3,PD_4': 1.0, 'PD_3,PD_5': 0.0, 'PD_4,PD_5': 0.0}, ASR: 1.0, TCB: {'PD_1': ['PD_3', 'PD_4'], 'PD_2': ['PD_4'], 'PD_3': ['PD_1', 'PD_4'], 'PD_4': ['PD_1', 'PD_3'], 'PD_5': []}, FR: {'PD_1,PD_2': inf, 'PD_1,PD_3': inf, 'PD_1,PD_4': inf, 'PD_1,PD_5': inf, 'PD_2,PD_3': inf, 'PD_2,PD_4': inf, 'PD_2,PD_5': inf, 'PD_3,PD_4': inf, 'PD_3,PD_5': inf, 'PD_4,PD_5': inf}
  Computing metrics...
    RSI: {'PD_1,PD_2': 0.0, 'PD_1,PD_3': 1.0, 'PD_1,PD_4': 1.0, 'PD_1,PD_5': 0.0, 'PD_2,PD_3': 0.0, 'PD_2,PD_4': 0.0, 'PD_2,PD_5': 0.0, 'PD_3,PD_4': 1.0, 'PD_3,PD_5': 0.0, 'PD_4,PD_5': 0.0}, ASR: 1.0, TCB: {'PD_1': ['PD_3', 'PD_4'], 'PD_2': ['PD_4'], 'PD_3': ['PD_1', 'PD_4'], 'PD_4': ['PD_1', 'PD_3'], 'PD_5': []}, FR: {'PD_1,PD_2': inf, 'PD_1,PD_3': inf, 'PD_1,PD_4': inf, 'PD_1,PD_5': inf, 'PD_2,PD_3': inf, 'PD_2,PD_4': inf, 'PD_2,PD_5': inf, 'PD_3,PD_4': inf, 'PD_3,PD_5': inf, 'PD_4,PD_5': inf}
  Computing metrics...
    RSI: {'PD_1,PD_2': 0.0, 'PD_1,PD_3': 1.0, 'PD_1,PD_4': 1.0, 'PD_1,PD_5': 0.0, 'PD_2,PD_3': 0.0, 'PD_2,PD_4': 0.0, 'PD_2,PD_5': 0.0, 'PD_3,PD_4': 1.0, 'PD_3,PD_5': 0.0, 'PD_4,PD_5': 0.0}, ASR: 1.0, TCB: {'PD_1': ['PD_3', 'PD_4'], 'PD_2': ['PD_4'], 'PD_3': ['PD_1', 'PD_4'], 'PD_4': ['PD_1', 'PD_3'], 'PD_5': []}, FR: {'PD_1,PD_2': inf, 'PD_1,PD_3': inf, 'PD_1,PD_4': inf, 'PD_1,PD_5': inf, 'PD_2,PD_3': inf, 'PD_2,PD_4': inf, 'PD_2,PD_5': inf, 'PD_3,PD_4': inf, 'PD_3,PD_5': inf, 'PD_4,PD_5': inf}
  Computing metrics...
    RSI: {'PD_1,PD_2': 0.0, 'PD_1,PD_3': 1.0, 'PD_1,PD_4': 1.0, 'PD_1,PD_5': 0.0, 'PD_2,PD_3': 0.0, 'PD_2,PD_4': 0.0, 'PD_2,PD_5': 0.0, 'PD_3,PD_4': 1.0, 'PD_3,PD_5': 0.0, 'PD_4,PD_5': 0.0}, ASR: 1.0, TCB: {'PD_1': ['PD_3', 'PD_4'], 'PD_2': ['PD_4'], 'PD_3': ['PD_1', 'PD_4'], 'PD_4': ['PD_1', 'PD_3'], 'PD_5': []}, FR: {'PD_1,PD_2': inf, 'PD_1,PD_3': inf, 'PD_1,PD_4': inf, 'PD_1,PD_5': inf, 'PD_2,PD_3': inf, 'PD_2,PD_4': inf, 'PD_2,PD_5': inf, 'PD_3,PD_4': inf, 'PD_3,PD_5': inf, 'PD_4,PD_5': inf}
  Computing metrics...
    RSI: {'PD_1,PD_2': 0.0, 'PD_1,PD_3': 1.0, 'PD_1,PD_4': 1.0, 'PD_1,PD_5': 0.0, 'PD_2,PD_3': 0.0, 'PD_2,PD_4': 0.0, 'PD_2,PD_5': 0.0, 'PD_3,PD_4': 1.0, 'PD_3,PD_5': 0.0, 'PD_4,PD_5': 0.0}, ASR: 1.0, TCB: {'PD_1': ['PD_3', 'PD_4'], 'PD_2': ['PD_4'], 'PD_3': ['PD_1', 'PD_4'], 'PD_4': ['PD_1', 'PD_3'], 'PD_5': []}, FR: {'PD_1,PD_2': inf, 'PD_1,PD_3': inf, 'PD_1,PD_4': inf, 'PD_1,PD_5': inf, 'PD_2,PD_3': inf, 'PD_2,PD_4': inf, 'PD_2,PD_5': inf, 'PD_3,PD_4': inf, 'PD_3,PD_5': inf, 'PD_4,PD_5': inf}
  Computing metrics...
    RSI: {'PD_1,PD_2': 1.0, 'PD_1,PD_3': 1.0, 'PD_1,PD_4': 1.0, 'PD_1,PD_5': 0.0, 'PD_2,PD_3': 1.0, 'PD_2,PD_4': 1.0, 'PD_2,PD_5': 0.0, 'PD_3,PD_4': 1.0, 'PD_3,PD_5': 0.0, 'PD_4,PD_5': 0.0}, ASR: 1.2, TCB: {'PD_1': ['PD_3', 'PD_2', 'PD_4'], 'PD_2': ['PD_4', 'PD_1', 'PD_3'], 'PD_3': ['PD_1', 'PD_2', 'PD_4'], 'PD_4': ['PD_1', 'PD_2', 'PD_3'], 'PD_5': []}, FR: {'PD_1,PD_2': inf, 'PD_1,PD_3': inf, 'PD_1,PD_4': inf, 'PD_1,PD_5': inf, 'PD_2,PD_3': inf, 'PD_2,PD_4': inf, 'PD_2,PD_5': inf, 'PD_3,PD_4': inf, 'PD_3,PD_5': inf, 'PD_4,PD_5': inf}
    🎯 RSI MAXIMIZATION BOOST: PD_2 -> FILE_1_1 completes sharing with PD_1
    🎯 add_hold_edge goal: 130.00, constraint: 0.00, unsatisfiable: 0.00, diversity: 0.00 → total: 65.10
  Computing metrics...
    RSI: {'PD_1,PD_2': 0.0, 'PD_1,PD_3': 1.0, 'PD_1,PD_4': 1.0, 'PD_1,PD_5': 0.0, 'PD_2,PD_3': 0.0, 'PD_2,PD_4': 0.0, 'PD_2,PD_5': 0.0, 'PD_3,PD_4': 1.0, 'PD_3,PD_5': 0.0, 'PD_4,PD_5': 0.0}, ASR: 1.0, TCB: {'PD_1': ['PD_3', 'PD_4'], 'PD_2': ['PD_4'], 'PD_3': ['PD_1', 'PD_4'], 'PD_4': ['PD_1', 'PD_3'], 'PD_5': []}, FR: {'PD_1,PD_2': inf, 'PD_1,PD_3': inf, 'PD_1,PD_4': inf, 'PD_1,PD_5': inf, 'PD_2,PD_3': inf, 'PD_2,PD_4': inf, 'PD_2,PD_5': inf, 'PD_3,PD_4': inf, 'PD_3,PD_5': inf, 'PD_4,PD_5': inf}
  Computing metrics...
    RSI: {'PD_1,PD_2': 0.0, 'PD_1,PD_3': 1.0, 'PD_1,PD_4': 1.0, 'PD_1,PD_5': 1.0, 'PD_2,PD_3': 0.0, 'PD_2,PD_4': 0.0, 'PD_2,PD_5': 0.0, 'PD_3,PD_4': 1.0, 'PD_3,PD_5': 1.0, 'PD_4,PD_5': 1.0}, ASR: 1.2, TCB: {'PD_1': ['PD_3', 'PD_4', 'PD_5'], 'PD_2': ['PD_4'], 'PD_3': ['PD_1', 'PD_4', 'PD_5'], 'PD_4': ['PD_1', 'PD_3', 'PD_5'], 'PD_5': ['PD_1', 'PD_3', 'PD_4']}, FR: {'PD_1,PD_2': inf, 'PD_1,PD_3': inf, 'PD_1,PD_4': inf, 'PD_1,PD_5': inf, 'PD_2,PD_3': inf, 'PD_2,PD_4': inf, 'PD_2,PD_5': inf, 'PD_3,PD_4': inf, 'PD_3,PD_5': inf, 'PD_4,PD_5': inf}
  Computing metrics...
    RSI: {'PD_1,PD_2': 0.0, 'PD_1,PD_3': 1.0, 'PD_1,PD_4': 1.0, 'PD_1,PD_5': 0.0, 'PD_2,PD_3': 0.0, 'PD_2,PD_4': 0.0, 'PD_2,PD_5': 0.0, 'PD_3,PD_4': 1.0, 'PD_3,PD_5': 0.0, 'PD_4,PD_5': 0.0}, ASR: 1.0, TCB: {'PD_1': ['PD_3', 'PD_4'], 'PD_2': ['PD_4'], 'PD_3': ['PD_1', 'PD_4'], 'PD_4': ['PD_1', 'PD_3'], 'PD_5': []}, FR: {'PD_1,PD_2': inf, 'PD_1,PD_3': inf, 'PD_1,PD_4': inf, 'PD_1,PD_5': inf, 'PD_2,PD_3': inf, 'PD_2,PD_4': inf, 'PD_2,PD_5': inf, 'PD_3,PD_4': inf, 'PD_3,PD_5': inf, 'PD_4,PD_5': inf}
  Computing metrics...
    RSI: {'PD_1,PD_2': 0.0, 'PD_1,PD_3': 0.0, 'PD_1,PD_4': 0.0, 'PD_1,PD_5': 0.0, 'PD_2,PD_3': 0.0, 'PD_2,PD_4': 0.0, 'PD_2,PD_5': 0.0, 'PD_3,PD_4': 1.0, 'PD_3,PD_5': 0.0, 'PD_4,PD_5': 0.0}, ASR: 0.8, TCB: {'PD_1': ['PD_3'], 'PD_2': ['PD_4'], 'PD_3': ['PD_4'], 'PD_4': ['PD_3'], 'PD_5': []}, FR: {'PD_1,PD_2': inf, 'PD_1,PD_3': inf, 'PD_1,PD_4': inf, 'PD_1,PD_5': inf, 'PD_2,PD_3': inf, 'PD_2,PD_4': inf, 'PD_2,PD_5': inf, 'PD_3,PD_4': inf, 'PD_3,PD_5': inf, 'PD_4,PD_5': inf}
    remove_hold_edge candidate: remove PD_1 -> FILE_1_1 HOLD edge -> score: 0.100
  Computing metrics...
    RSI: {'PD_1,PD_2': 0.0, 'PD_1,PD_3': 1.0, 'PD_1,PD_4': 1.0, 'PD_1,PD_5': 0.0, 'PD_2,PD_3': 0.0, 'PD_2,PD_4': 0.0, 'PD_2,PD_5': 0.0, 'PD_3,PD_4': 1.0, 'PD_3,PD_5': 0.0, 'PD_4,PD_5': 0.0}, ASR: 1.0, TCB: {'PD_1': ['PD_3', 'PD_4'], 'PD_2': ['PD_4'], 'PD_3': ['PD_1', 'PD_4'], 'PD_4': ['PD_1', 'PD_3'], 'PD_5': []}, FR: {'PD_1,PD_2': inf, 'PD_1,PD_3': inf, 'PD_1,PD_4': inf, 'PD_1,PD_5': inf, 'PD_2,PD_3': inf, 'PD_2,PD_4': inf, 'PD_2,PD_5': inf, 'PD_3,PD_4': inf, 'PD_3,PD_5': inf, 'PD_4,PD_5': inf}
  Computing metrics...
    RSI: {'PD_1,PD_2': 0.0, 'PD_1,PD_3': 0.0, 'PD_1,PD_4': 1.0, 'PD_1,PD_5': 0.0, 'PD_2,PD_3': 0.0, 'PD_2,PD_4': 0.0, 'PD_2,PD_5': 0.0, 'PD_3,PD_4': 0.0, 'PD_3,PD_5': 0.0, 'PD_4,PD_5': 0.0}, ASR: 0.8, TCB: {'PD_1': ['PD_3', 'PD_4'], 'PD_2': ['PD_4'], 'PD_3': [], 'PD_4': ['PD_1'], 'PD_5': []}, FR: {'PD_1,PD_2': inf, 'PD_1,PD_3': inf, 'PD_1,PD_4': inf, 'PD_1,PD_5': inf, 'PD_2,PD_3': inf, 'PD_2,PD_4': inf, 'PD_2,PD_5': inf, 'PD_3,PD_4': inf, 'PD_3,PD_5': inf, 'PD_4,PD_5': inf}
    remove_hold_edge candidate: remove PD_3 -> FILE_1_1 HOLD edge -> score: 0.100
  Computing metrics...
    RSI: {'PD_1,PD_2': 0.0, 'PD_1,PD_3': 1.0, 'PD_1,PD_4': 1.0, 'PD_1,PD_5': 0.0, 'PD_2,PD_3': 0.0, 'PD_2,PD_4': 0.0, 'PD_2,PD_5': 0.0, 'PD_3,PD_4': 1.0, 'PD_3,PD_5': 0.0, 'PD_4,PD_5': 0.0}, ASR: 1.0, TCB: {'PD_1': ['PD_3', 'PD_4'], 'PD_2': ['PD_4'], 'PD_3': ['PD_1', 'PD_4'], 'PD_4': ['PD_1', 'PD_3'], 'PD_5': []}, FR: {'PD_1,PD_2': inf, 'PD_1,PD_3': inf, 'PD_1,PD_4': inf, 'PD_1,PD_5': inf, 'PD_2,PD_3': inf, 'PD_2,PD_4': inf, 'PD_2,PD_5': inf, 'PD_3,PD_4': inf, 'PD_3,PD_5': inf, 'PD_4,PD_5': inf}
  Computing metrics...
    RSI: {'PD_1,PD_2': 0.0, 'PD_1,PD_3': 1.0, 'PD_1,PD_4': 0.0, 'PD_1,PD_5': 0.0, 'PD_2,PD_3': 0.0, 'PD_2,PD_4': 0.0, 'PD_2,PD_5': 0.0, 'PD_3,PD_4': 0.0, 'PD_3,PD_5': 0.0, 'PD_4,PD_5': 0.0}, ASR: 0.8, TCB: {'PD_1': ['PD_3'], 'PD_2': ['PD_4'], 'PD_3': ['PD_1'], 'PD_4': [], 'PD_5': []}, FR: {'PD_1,PD_2': inf, 'PD_1,PD_3': inf, 'PD_1,PD_4': inf, 'PD_1,PD_5': inf, 'PD_2,PD_3': inf, 'PD_2,PD_4': inf, 'PD_2,PD_5': inf, 'PD_3,PD_4': inf, 'PD_3,PD_5': inf, 'PD_4,PD_5': inf}
    remove_hold_edge candidate: remove PD_4 -> FILE_1_1 HOLD edge -> score: 0.100
  Computing metrics...
    RSI: {'PD_1,PD_2': 0.0, 'PD_1,PD_3': 1.0, 'PD_1,PD_4': 1.0, 'PD_1,PD_5': 0.0, 'PD_2,PD_3': 0.0, 'PD_2,PD_4': 0.0, 'PD_2,PD_5': 0.0, 'PD_3,PD_4': 1.0, 'PD_3,PD_5': 0.0, 'PD_4,PD_5': 0.0}, ASR: 1.0, TCB: {'PD_1': ['PD_3', 'PD_4'], 'PD_2': ['PD_4'], 'PD_3': ['PD_1', 'PD_4'], 'PD_4': ['PD_1', 'PD_3'], 'PD_5': []}, FR: {'PD_1,PD_2': inf, 'PD_1,PD_3': inf, 'PD_1,PD_4': inf, 'PD_1,PD_5': inf, 'PD_2,PD_3': inf, 'PD_2,PD_4': inf, 'PD_2,PD_5': inf, 'PD_3,PD_4': inf, 'PD_3,PD_5': inf, 'PD_4,PD_5': inf}
  Computing metrics...
    RSI: {'PD_1,PD_2': 0.0, 'PD_1,PD_3': 1.0, 'PD_1,PD_4': 1.0, 'PD_1,PD_5': 0.0, 'PD_2,PD_3': 0.0, 'PD_2,PD_4': 0.0, 'PD_2,PD_5': 0.0, 'PD_3,PD_4': 1.0, 'PD_3,PD_5': 0.0, 'PD_4,PD_5': 0.0}, ASR: 1.2, TCB: {'PD_1': ['PD_3', 'PD_2', 'PD_4'], 'PD_2': ['PD_4'], 'PD_3': ['PD_1', 'PD_4'], 'PD_4': ['PD_1', 'PD_3'], 'PD_5': []}, FR: {'PD_1,PD_2': 3, 'PD_1,PD_3': inf, 'PD_1,PD_4': inf, 'PD_1,PD_5': inf, 'PD_2,PD_3': inf, 'PD_2,PD_4': inf, 'PD_2,PD_5': inf, 'PD_3,PD_4': inf, 'PD_3,PD_5': inf, 'PD_4,PD_5': inf}
  Computing metrics...
    RSI: {'PD_1,PD_2': 0.0, 'PD_1,PD_3': 1.0, 'PD_1,PD_4': 1.0, 'PD_1,PD_5': 0.0, 'PD_2,PD_3': 0.0, 'PD_2,PD_4': 0.0, 'PD_2,PD_5': 0.0, 'PD_3,PD_4': 1.0, 'PD_3,PD_5': 0.0, 'PD_4,PD_5': 0.0}, ASR: 1.0, TCB: {'PD_1': ['PD_3', 'PD_4'], 'PD_2': ['PD_4'], 'PD_3': ['PD_1', 'PD_4'], 'PD_4': ['PD_1', 'PD_3'], 'PD_5': []}, FR: {'PD_1,PD_2': inf, 'PD_1,PD_3': inf, 'PD_1,PD_4': inf, 'PD_1,PD_5': inf, 'PD_2,PD_3': inf, 'PD_2,PD_4': inf, 'PD_2,PD_5': inf, 'PD_3,PD_4': inf, 'PD_3,PD_5': inf, 'PD_4,PD_5': inf}
  Computing metrics...
    RSI: {'PD_1,PD_2': 0.0, 'PD_1,PD_3': 1.0, 'PD_1,PD_4': 1.0, 'PD_1,PD_5': 0.0, 'PD_2,PD_3': 0.0, 'PD_2,PD_4': 0.0, 'PD_2,PD_5': 0.0, 'PD_3,PD_4': 1.0, 'PD_3,PD_5': 0.0, 'PD_4,PD_5': 0.0}, ASR: 1.2, TCB: {'PD_1': ['PD_3', 'PD_4'], 'PD_2': ['PD_4'], 'PD_3': ['PD_1', 'PD_4'], 'PD_4': ['PD_1', 'PD_3'], 'PD_5': []}, FR: {'PD_1,PD_2': 2, 'PD_1,PD_3': inf, 'PD_1,PD_4': inf, 'PD_1,PD_5': inf, 'PD_2,PD_3': inf, 'PD_2,PD_4': inf, 'PD_2,PD_5': inf, 'PD_3,PD_4': inf, 'PD_3,PD_5': inf, 'PD_4,PD_5': inf}
  Computing metrics...
    RSI: {'PD_1,PD_2': 0.0, 'PD_1,PD_3': 1.0, 'PD_1,PD_4': 1.0, 'PD_1,PD_5': 0.0, 'PD_2,PD_3': 0.0, 'PD_2,PD_4': 0.0, 'PD_2,PD_5': 0.0, 'PD_3,PD_4': 1.0, 'PD_3,PD_5': 0.0, 'PD_4,PD_5': 0.0}, ASR: 1.0, TCB: {'PD_1': ['PD_3', 'PD_4'], 'PD_2': ['PD_4'], 'PD_3': ['PD_1', 'PD_4'], 'PD_4': ['PD_1', 'PD_3'], 'PD_5': []}, FR: {'PD_1,PD_2': inf, 'PD_1,PD_3': inf, 'PD_1,PD_4': inf, 'PD_1,PD_5': inf, 'PD_2,PD_3': inf, 'PD_2,PD_4': inf, 'PD_2,PD_5': inf, 'PD_3,PD_4': inf, 'PD_3,PD_5': inf, 'PD_4,PD_5': inf}
  Computing metrics...
    RSI: {'PD_1,PD_2': 0.0, 'PD_1,PD_3': 1.0, 'PD_1,PD_4': 1.0, 'PD_1,PD_5': 0.0, 'PD_2,PD_3': 0.0, 'PD_2,PD_4': 0.0, 'PD_2,PD_5': 0.0, 'PD_3,PD_4': 1.0, 'PD_3,PD_5': 0.0, 'PD_4,PD_5': 0.0}, ASR: 1.2, TCB: {'PD_1': ['PD_3', 'PD_5', 'PD_4'], 'PD_2': ['PD_4'], 'PD_3': ['PD_1', 'PD_4'], 'PD_4': ['PD_1', 'PD_3'], 'PD_5': []}, FR: {'PD_1,PD_2': inf, 'PD_1,PD_3': inf, 'PD_1,PD_4': inf, 'PD_1,PD_5': inf, 'PD_2,PD_3': inf, 'PD_2,PD_4': inf, 'PD_2,PD_5': inf, 'PD_3,PD_4': inf, 'PD_3,PD_5': inf, 'PD_4,PD_5': inf}
  Computing metrics...
    RSI: {'PD_1,PD_2': 0.0, 'PD_1,PD_3': 1.0, 'PD_1,PD_4': 1.0, 'PD_1,PD_5': 0.0, 'PD_2,PD_3': 0.0, 'PD_2,PD_4': 0.0, 'PD_2,PD_5': 0.0, 'PD_3,PD_4': 1.0, 'PD_3,PD_5': 0.0, 'PD_4,PD_5': 0.0}, ASR: 1.0, TCB: {'PD_1': ['PD_3', 'PD_4'], 'PD_2': ['PD_4'], 'PD_3': ['PD_1', 'PD_4'], 'PD_4': ['PD_1', 'PD_3'], 'PD_5': []}, FR: {'PD_1,PD_2': inf, 'PD_1,PD_3': inf, 'PD_1,PD_4': inf, 'PD_1,PD_5': inf, 'PD_2,PD_3': inf, 'PD_2,PD_4': inf, 'PD_2,PD_5': inf, 'PD_3,PD_4': inf, 'PD_3,PD_5': inf, 'PD_4,PD_5': inf}
  Computing metrics...
    RSI: {'PD_1,PD_2': 0.0, 'PD_1,PD_3': 1.0, 'PD_1,PD_4': 1.0, 'PD_1,PD_5': 0.0, 'PD_2,PD_3': 0.0, 'PD_2,PD_4': 0.0, 'PD_2,PD_5': 0.0, 'PD_3,PD_4': 1.0, 'PD_3,PD_5': 0.0, 'PD_4,PD_5': 0.0}, ASR: 1.2, TCB: {'PD_1': ['PD_3', 'PD_4'], 'PD_2': ['PD_4', 'PD_1'], 'PD_3': ['PD_1', 'PD_4'], 'PD_4': ['PD_1', 'PD_3'], 'PD_5': []}, FR: {'PD_1,PD_2': 3, 'PD_1,PD_3': inf, 'PD_1,PD_4': inf, 'PD_1,PD_5': inf, 'PD_2,PD_3': inf, 'PD_2,PD_4': inf, 'PD_2,PD_5': inf, 'PD_3,PD_4': inf, 'PD_3,PD_5': inf, 'PD_4,PD_5': inf}
  Computing metrics...
    RSI: {'PD_1,PD_2': 0.0, 'PD_1,PD_3': 1.0, 'PD_1,PD_4': 1.0, 'PD_1,PD_5': 0.0, 'PD_2,PD_3': 0.0, 'PD_2,PD_4': 0.0, 'PD_2,PD_5': 0.0, 'PD_3,PD_4': 1.0, 'PD_3,PD_5': 0.0, 'PD_4,PD_5': 0.0}, ASR: 1.0, TCB: {'PD_1': ['PD_3', 'PD_4'], 'PD_2': ['PD_4'], 'PD_3': ['PD_1', 'PD_4'], 'PD_4': ['PD_1', 'PD_3'], 'PD_5': []}, FR: {'PD_1,PD_2': inf, 'PD_1,PD_3': inf, 'PD_1,PD_4': inf, 'PD_1,PD_5': inf, 'PD_2,PD_3': inf, 'PD_2,PD_4': inf, 'PD_2,PD_5': inf, 'PD_3,PD_4': inf, 'PD_3,PD_5': inf, 'PD_4,PD_5': inf}
  Computing metrics...
    RSI: {'PD_1,PD_2': 0.0, 'PD_1,PD_3': 1.0, 'PD_1,PD_4': 1.0, 'PD_1,PD_5': 0.0, 'PD_2,PD_3': 0.0, 'PD_2,PD_4': 0.0, 'PD_2,PD_5': 0.0, 'PD_3,PD_4': 1.0, 'PD_3,PD_5': 0.0, 'PD_4,PD_5': 0.0}, ASR: 1.2, TCB: {'PD_1': ['PD_3', 'PD_4'], 'PD_2': ['PD_4', 'PD_3'], 'PD_3': ['PD_1', 'PD_4'], 'PD_4': ['PD_1', 'PD_3'], 'PD_5': []}, FR: {'PD_1,PD_2': 2, 'PD_1,PD_3': inf, 'PD_1,PD_4': inf, 'PD_1,PD_5': inf, 'PD_2,PD_3': inf, 'PD_2,PD_4': inf, 'PD_2,PD_5': inf, 'PD_3,PD_4': inf, 'PD_3,PD_5': inf, 'PD_4,PD_5': inf}
  Computing metrics...
    RSI: {'PD_1,PD_2': 0.0, 'PD_1,PD_3': 1.0, 'PD_1,PD_4': 1.0, 'PD_1,PD_5': 0.0, 'PD_2,PD_3': 0.0, 'PD_2,PD_4': 0.0, 'PD_2,PD_5': 0.0, 'PD_3,PD_4': 1.0, 'PD_3,PD_5': 0.0, 'PD_4,PD_5': 0.0}, ASR: 1.0, TCB: {'PD_1': ['PD_3', 'PD_4'], 'PD_2': ['PD_4'], 'PD_3': ['PD_1', 'PD_4'], 'PD_4': ['PD_1', 'PD_3'], 'PD_5': []}, FR: {'PD_1,PD_2': inf, 'PD_1,PD_3': inf, 'PD_1,PD_4': inf, 'PD_1,PD_5': inf, 'PD_2,PD_3': inf, 'PD_2,PD_4': inf, 'PD_2,PD_5': inf, 'PD_3,PD_4': inf, 'PD_3,PD_5': inf, 'PD_4,PD_5': inf}
  Computing metrics...
    RSI: {'PD_1,PD_2': 0.0, 'PD_1,PD_3': 1.0, 'PD_1,PD_4': 1.0, 'PD_1,PD_5': 0.0, 'PD_2,PD_3': 0.0, 'PD_2,PD_4': 0.0, 'PD_2,PD_5': 0.0, 'PD_3,PD_4': 1.0, 'PD_3,PD_5': 0.0, 'PD_4,PD_5': 0.0}, ASR: 1.2, TCB: {'PD_1': ['PD_3', 'PD_4'], 'PD_2': ['PD_4', 'PD_5'], 'PD_3': ['PD_1', 'PD_4'], 'PD_4': ['PD_1', 'PD_3'], 'PD_5': []}, FR: {'PD_1,PD_2': inf, 'PD_1,PD_3': inf, 'PD_1,PD_4': inf, 'PD_1,PD_5': inf, 'PD_2,PD_3': inf, 'PD_2,PD_4': inf, 'PD_2,PD_5': inf, 'PD_3,PD_4': inf, 'PD_3,PD_5': inf, 'PD_4,PD_5': inf}
  Computing metrics...
    RSI: {'PD_1,PD_2': 0.0, 'PD_1,PD_3': 1.0, 'PD_1,PD_4': 1.0, 'PD_1,PD_5': 0.0, 'PD_2,PD_3': 0.0, 'PD_2,PD_4': 0.0, 'PD_2,PD_5': 0.0, 'PD_3,PD_4': 1.0, 'PD_3,PD_5': 0.0, 'PD_4,PD_5': 0.0}, ASR: 1.0, TCB: {'PD_1': ['PD_3', 'PD_4'], 'PD_2': ['PD_4'], 'PD_3': ['PD_1', 'PD_4'], 'PD_4': ['PD_1', 'PD_3'], 'PD_5': []}, FR: {'PD_1,PD_2': inf, 'PD_1,PD_3': inf, 'PD_1,PD_4': inf, 'PD_1,PD_5': inf, 'PD_2,PD_3': inf, 'PD_2,PD_4': inf, 'PD_2,PD_5': inf, 'PD_3,PD_4': inf, 'PD_3,PD_5': inf, 'PD_4,PD_5': inf}
  Computing metrics...
    RSI: {'PD_1,PD_2': 0.0, 'PD_1,PD_3': 1.0, 'PD_1,PD_4': 1.0, 'PD_1,PD_5': 0.0, 'PD_2,PD_3': 0.0, 'PD_2,PD_4': 0.0, 'PD_2,PD_5': 0.0, 'PD_3,PD_4': 1.0, 'PD_3,PD_5': 0.0, 'PD_4,PD_5': 0.0}, ASR: 1.2, TCB: {'PD_1': ['PD_3', 'PD_4'], 'PD_2': ['PD_4'], 'PD_3': ['PD_1', 'PD_4'], 'PD_4': ['PD_1', 'PD_3'], 'PD_5': []}, FR: {'PD_1,PD_2': inf, 'PD_1,PD_3': inf, 'PD_1,PD_4': inf, 'PD_1,PD_5': inf, 'PD_2,PD_3': inf, 'PD_2,PD_4': inf, 'PD_2,PD_5': inf, 'PD_3,PD_4': inf, 'PD_3,PD_5': inf, 'PD_4,PD_5': inf}
  Computing metrics...
    RSI: {'PD_1,PD_2': 0.0, 'PD_1,PD_3': 1.0, 'PD_1,PD_4': 1.0, 'PD_1,PD_5': 0.0, 'PD_2,PD_3': 0.0, 'PD_2,PD_4': 0.0, 'PD_2,PD_5': 0.0, 'PD_3,PD_4': 1.0, 'PD_3,PD_5': 0.0, 'PD_4,PD_5': 0.0}, ASR: 1.0, TCB: {'PD_1': ['PD_3', 'PD_4'], 'PD_2': ['PD_4'], 'PD_3': ['PD_1', 'PD_4'], 'PD_4': ['PD_1', 'PD_3'], 'PD_5': []}, FR: {'PD_1,PD_2': inf, 'PD_1,PD_3': inf, 'PD_1,PD_4': inf, 'PD_1,PD_5': inf, 'PD_2,PD_3': inf, 'PD_2,PD_4': inf, 'PD_2,PD_5': inf, 'PD_3,PD_4': inf, 'PD_3,PD_5': inf, 'PD_4,PD_5': inf}
  Computing metrics...
    RSI: {'PD_1,PD_2': 0.0, 'PD_1,PD_3': 1.0, 'PD_1,PD_4': 1.0, 'PD_1,PD_5': 0.0, 'PD_2,PD_3': 0.0, 'PD_2,PD_4': 0.0, 'PD_2,PD_5': 0.0, 'PD_3,PD_4': 1.0, 'PD_3,PD_5': 0.0, 'PD_4,PD_5': 0.0}, ASR: 1.2, TCB: {'PD_1': ['PD_3', 'PD_4'], 'PD_2': ['PD_4'], 'PD_3': ['PD_2', 'PD_1', 'PD_4'], 'PD_4': ['PD_1', 'PD_3'], 'PD_5': []}, FR: {'PD_1,PD_2': 4, 'PD_1,PD_3': 3, 'PD_1,PD_4': inf, 'PD_1,PD_5': inf, 'PD_2,PD_3': 3, 'PD_2,PD_4': inf, 'PD_2,PD_5': inf, 'PD_3,PD_4': inf, 'PD_3,PD_5': inf, 'PD_4,PD_5': inf}
  Computing metrics...
    RSI: {'PD_1,PD_2': 0.0, 'PD_1,PD_3': 1.0, 'PD_1,PD_4': 1.0, 'PD_1,PD_5': 0.0, 'PD_2,PD_3': 0.0, 'PD_2,PD_4': 0.0, 'PD_2,PD_5': 0.0, 'PD_3,PD_4': 1.0, 'PD_3,PD_5': 0.0, 'PD_4,PD_5': 0.0}, ASR: 1.0, TCB: {'PD_1': ['PD_3', 'PD_4'], 'PD_2': ['PD_4'], 'PD_3': ['PD_1', 'PD_4'], 'PD_4': ['PD_1', 'PD_3'], 'PD_5': []}, FR: {'PD_1,PD_2': inf, 'PD_1,PD_3': inf, 'PD_1,PD_4': inf, 'PD_1,PD_5': inf, 'PD_2,PD_3': inf, 'PD_2,PD_4': inf, 'PD_2,PD_5': inf, 'PD_3,PD_4': inf, 'PD_3,PD_5': inf, 'PD_4,PD_5': inf}
  Computing metrics...
    RSI: {'PD_1,PD_2': 0.0, 'PD_1,PD_3': 1.0, 'PD_1,PD_4': 1.0, 'PD_1,PD_5': 0.0, 'PD_2,PD_3': 0.0, 'PD_2,PD_4': 0.0, 'PD_2,PD_5': 0.0, 'PD_3,PD_4': 1.0, 'PD_3,PD_5': 0.0, 'PD_4,PD_5': 0.0}, ASR: 1.2, TCB: {'PD_1': ['PD_3', 'PD_4'], 'PD_2': ['PD_4'], 'PD_3': ['PD_4', 'PD_1'], 'PD_4': ['PD_1', 'PD_3'], 'PD_5': []}, FR: {'PD_1,PD_2': 3, 'PD_1,PD_3': 3, 'PD_1,PD_4': inf, 'PD_1,PD_5': inf, 'PD_2,PD_3': 2, 'PD_2,PD_4': inf, 'PD_2,PD_5': inf, 'PD_3,PD_4': inf, 'PD_3,PD_5': inf, 'PD_4,PD_5': inf}
  Computing metrics...
    RSI: {'PD_1,PD_2': 0.0, 'PD_1,PD_3': 1.0, 'PD_1,PD_4': 1.0, 'PD_1,PD_5': 0.0, 'PD_2,PD_3': 0.0, 'PD_2,PD_4': 0.0, 'PD_2,PD_5': 0.0, 'PD_3,PD_4': 1.0, 'PD_3,PD_5': 0.0, 'PD_4,PD_5': 0.0}, ASR: 1.0, TCB: {'PD_1': ['PD_3', 'PD_4'], 'PD_2': ['PD_4'], 'PD_3': ['PD_1', 'PD_4'], 'PD_4': ['PD_1', 'PD_3'], 'PD_5': []}, FR: {'PD_1,PD_2': inf, 'PD_1,PD_3': inf, 'PD_1,PD_4': inf, 'PD_1,PD_5': inf, 'PD_2,PD_3': inf, 'PD_2,PD_4': inf, 'PD_2,PD_5': inf, 'PD_3,PD_4': inf, 'PD_3,PD_5': inf, 'PD_4,PD_5': inf}
  Computing metrics...
    RSI: {'PD_1,PD_2': 0.0, 'PD_1,PD_3': 1.0, 'PD_1,PD_4': 1.0, 'PD_1,PD_5': 0.0, 'PD_2,PD_3': 0.0, 'PD_2,PD_4': 0.0, 'PD_2,PD_5': 0.0, 'PD_3,PD_4': 1.0, 'PD_3,PD_5': 0.0, 'PD_4,PD_5': 0.0}, ASR: 1.2, TCB: {'PD_1': ['PD_3', 'PD_4'], 'PD_2': ['PD_4'], 'PD_3': ['PD_5', 'PD_1', 'PD_4'], 'PD_4': ['PD_1', 'PD_3'], 'PD_5': []}, FR: {'PD_1,PD_2': inf, 'PD_1,PD_3': 3, 'PD_1,PD_4': inf, 'PD_1,PD_5': inf, 'PD_2,PD_3': inf, 'PD_2,PD_4': inf, 'PD_2,PD_5': inf, 'PD_3,PD_4': inf, 'PD_3,PD_5': inf, 'PD_4,PD_5': inf}
  Computing metrics...
    RSI: {'PD_1,PD_2': 0.0, 'PD_1,PD_3': 1.0, 'PD_1,PD_4': 1.0, 'PD_1,PD_5': 0.0, 'PD_2,PD_3': 0.0, 'PD_2,PD_4': 0.0, 'PD_2,PD_5': 0.0, 'PD_3,PD_4': 1.0, 'PD_3,PD_5': 0.0, 'PD_4,PD_5': 0.0}, ASR: 1.0, TCB: {'PD_1': ['PD_3', 'PD_4'], 'PD_2': ['PD_4'], 'PD_3': ['PD_1', 'PD_4'], 'PD_4': ['PD_1', 'PD_3'], 'PD_5': []}, FR: {'PD_1,PD_2': inf, 'PD_1,PD_3': inf, 'PD_1,PD_4': inf, 'PD_1,PD_5': inf, 'PD_2,PD_3': inf, 'PD_2,PD_4': inf, 'PD_2,PD_5': inf, 'PD_3,PD_4': inf, 'PD_3,PD_5': inf, 'PD_4,PD_5': inf}
  Computing metrics...
    RSI: {'PD_1,PD_2': 0.0, 'PD_1,PD_3': 1.0, 'PD_1,PD_4': 1.0, 'PD_1,PD_5': 0.0, 'PD_2,PD_3': 0.0, 'PD_2,PD_4': 0.0, 'PD_2,PD_5': 0.0, 'PD_3,PD_4': 1.0, 'PD_3,PD_5': 0.0, 'PD_4,PD_5': 0.0}, ASR: 1.2, TCB: {'PD_1': ['PD_3', 'PD_4'], 'PD_2': ['PD_4'], 'PD_3': ['PD_1', 'PD_4'], 'PD_4': ['PD_1', 'PD_3'], 'PD_5': []}, FR: {'PD_1,PD_2': 4, 'PD_1,PD_3': inf, 'PD_1,PD_4': 3, 'PD_1,PD_5': inf, 'PD_2,PD_3': inf, 'PD_2,PD_4': 3, 'PD_2,PD_5': inf, 'PD_3,PD_4': inf, 'PD_3,PD_5': inf, 'PD_4,PD_5': inf}
  Computing metrics...
    RSI: {'PD_1,PD_2': 0.0, 'PD_1,PD_3': 1.0, 'PD_1,PD_4': 1.0, 'PD_1,PD_5': 0.0, 'PD_2,PD_3': 0.0, 'PD_2,PD_4': 0.0, 'PD_2,PD_5': 0.0, 'PD_3,PD_4': 1.0, 'PD_3,PD_5': 0.0, 'PD_4,PD_5': 0.0}, ASR: 1.0, TCB: {'PD_1': ['PD_3', 'PD_4'], 'PD_2': ['PD_4'], 'PD_3': ['PD_1', 'PD_4'], 'PD_4': ['PD_1', 'PD_3'], 'PD_5': []}, FR: {'PD_1,PD_2': inf, 'PD_1,PD_3': inf, 'PD_1,PD_4': inf, 'PD_1,PD_5': inf, 'PD_2,PD_3': inf, 'PD_2,PD_4': inf, 'PD_2,PD_5': inf, 'PD_3,PD_4': inf, 'PD_3,PD_5': inf, 'PD_4,PD_5': inf}
  Computing metrics...
    RSI: {'PD_1,PD_2': 0.0, 'PD_1,PD_3': 1.0, 'PD_1,PD_4': 1.0, 'PD_1,PD_5': 0.0, 'PD_2,PD_3': 0.0, 'PD_2,PD_4': 0.0, 'PD_2,PD_5': 0.0, 'PD_3,PD_4': 1.0, 'PD_3,PD_5': 0.0, 'PD_4,PD_5': 0.0}, ASR: 1.2, TCB: {'PD_1': ['PD_3', 'PD_4'], 'PD_2': ['PD_4'], 'PD_3': ['PD_1', 'PD_4'], 'PD_4': ['PD_2', 'PD_1', 'PD_3'], 'PD_5': []}, FR: {'PD_1,PD_2': inf, 'PD_1,PD_3': inf, 'PD_1,PD_4': inf, 'PD_1,PD_5': inf, 'PD_2,PD_3': inf, 'PD_2,PD_4': inf, 'PD_2,PD_5': inf, 'PD_3,PD_4': inf, 'PD_3,PD_5': inf, 'PD_4,PD_5': inf}
  Computing metrics...
    RSI: {'PD_1,PD_2': 0.0, 'PD_1,PD_3': 1.0, 'PD_1,PD_4': 1.0, 'PD_1,PD_5': 0.0, 'PD_2,PD_3': 0.0, 'PD_2,PD_4': 0.0, 'PD_2,PD_5': 0.0, 'PD_3,PD_4': 1.0, 'PD_3,PD_5': 0.0, 'PD_4,PD_5': 0.0}, ASR: 1.0, TCB: {'PD_1': ['PD_3', 'PD_4'], 'PD_2': ['PD_4'], 'PD_3': ['PD_1', 'PD_4'], 'PD_4': ['PD_1', 'PD_3'], 'PD_5': []}, FR: {'PD_1,PD_2': inf, 'PD_1,PD_3': inf, 'PD_1,PD_4': inf, 'PD_1,PD_5': inf, 'PD_2,PD_3': inf, 'PD_2,PD_4': inf, 'PD_2,PD_5': inf, 'PD_3,PD_4': inf, 'PD_3,PD_5': inf, 'PD_4,PD_5': inf}
  Computing metrics...
    RSI: {'PD_1,PD_2': 0.0, 'PD_1,PD_3': 1.0, 'PD_1,PD_4': 1.0, 'PD_1,PD_5': 0.0, 'PD_2,PD_3': 0.0, 'PD_2,PD_4': 0.0, 'PD_2,PD_5': 0.0, 'PD_3,PD_4': 1.0, 'PD_3,PD_5': 0.0, 'PD_4,PD_5': 0.0}, ASR: 1.2, TCB: {'PD_1': ['PD_3', 'PD_4'], 'PD_2': ['PD_4'], 'PD_3': ['PD_1', 'PD_4'], 'PD_4': ['PD_3', 'PD_1'], 'PD_5': []}, FR: {'PD_1,PD_2': 3, 'PD_1,PD_3': inf, 'PD_1,PD_4': 2, 'PD_1,PD_5': inf, 'PD_2,PD_3': inf, 'PD_2,PD_4': 3, 'PD_2,PD_5': inf, 'PD_3,PD_4': inf, 'PD_3,PD_5': inf, 'PD_4,PD_5': inf}
  Computing metrics...
    RSI: {'PD_1,PD_2': 0.0, 'PD_1,PD_3': 1.0, 'PD_1,PD_4': 1.0, 'PD_1,PD_5': 0.0, 'PD_2,PD_3': 0.0, 'PD_2,PD_4': 0.0, 'PD_2,PD_5': 0.0, 'PD_3,PD_4': 1.0, 'PD_3,PD_5': 0.0, 'PD_4,PD_5': 0.0}, ASR: 1.0, TCB: {'PD_1': ['PD_3', 'PD_4'], 'PD_2': ['PD_4'], 'PD_3': ['PD_1', 'PD_4'], 'PD_4': ['PD_1', 'PD_3'], 'PD_5': []}, FR: {'PD_1,PD_2': inf, 'PD_1,PD_3': inf, 'PD_1,PD_4': inf, 'PD_1,PD_5': inf, 'PD_2,PD_3': inf, 'PD_2,PD_4': inf, 'PD_2,PD_5': inf, 'PD_3,PD_4': inf, 'PD_3,PD_5': inf, 'PD_4,PD_5': inf}
  Computing metrics...
    RSI: {'PD_1,PD_2': 0.0, 'PD_1,PD_3': 1.0, 'PD_1,PD_4': 1.0, 'PD_1,PD_5': 0.0, 'PD_2,PD_3': 0.0, 'PD_2,PD_4': 0.0, 'PD_2,PD_5': 0.0, 'PD_3,PD_4': 1.0, 'PD_3,PD_5': 0.0, 'PD_4,PD_5': 0.0}, ASR: 1.2, TCB: {'PD_1': ['PD_3', 'PD_4'], 'PD_2': ['PD_4'], 'PD_3': ['PD_1', 'PD_4'], 'PD_4': ['PD_5', 'PD_1', 'PD_3'], 'PD_5': []}, FR: {'PD_1,PD_2': inf, 'PD_1,PD_3': inf, 'PD_1,PD_4': inf, 'PD_1,PD_5': inf, 'PD_2,PD_3': inf, 'PD_2,PD_4': 3, 'PD_2,PD_5': inf, 'PD_3,PD_4': inf, 'PD_3,PD_5': inf, 'PD_4,PD_5': inf}
  Computing metrics...
    RSI: {'PD_1,PD_2': 0.0, 'PD_1,PD_3': 1.0, 'PD_1,PD_4': 1.0, 'PD_1,PD_5': 0.0, 'PD_2,PD_3': 0.0, 'PD_2,PD_4': 0.0, 'PD_2,PD_5': 0.0, 'PD_3,PD_4': 1.0, 'PD_3,PD_5': 0.0, 'PD_4,PD_5': 0.0}, ASR: 1.0, TCB: {'PD_1': ['PD_3', 'PD_4'], 'PD_2': ['PD_4'], 'PD_3': ['PD_1', 'PD_4'], 'PD_4': ['PD_1', 'PD_3'], 'PD_5': []}, FR: {'PD_1,PD_2': inf, 'PD_1,PD_3': inf, 'PD_1,PD_4': inf, 'PD_1,PD_5': inf, 'PD_2,PD_3': inf, 'PD_2,PD_4': inf, 'PD_2,PD_5': inf, 'PD_3,PD_4': inf, 'PD_3,PD_5': inf, 'PD_4,PD_5': inf}
  Computing metrics...
    RSI: {'PD_1,PD_2': 0.0, 'PD_1,PD_3': 1.0, 'PD_1,PD_4': 1.0, 'PD_1,PD_5': 0.0, 'PD_2,PD_3': 0.0, 'PD_2,PD_4': 0.0, 'PD_2,PD_5': 0.0, 'PD_3,PD_4': 1.0, 'PD_3,PD_5': 0.0, 'PD_4,PD_5': 0.0}, ASR: 1.2, TCB: {'PD_1': ['PD_3', 'PD_4'], 'PD_2': ['PD_4'], 'PD_3': ['PD_1', 'PD_4'], 'PD_4': ['PD_1', 'PD_3'], 'PD_5': ['PD_1']}, FR: {'PD_1,PD_2': inf, 'PD_1,PD_3': inf, 'PD_1,PD_4': inf, 'PD_1,PD_5': 3, 'PD_2,PD_3': inf, 'PD_2,PD_4': inf, 'PD_2,PD_5': inf, 'PD_3,PD_4': inf, 'PD_3,PD_5': inf, 'PD_4,PD_5': inf}
  Computing metrics...
    RSI: {'PD_1,PD_2': 0.0, 'PD_1,PD_3': 1.0, 'PD_1,PD_4': 1.0, 'PD_1,PD_5': 0.0, 'PD_2,PD_3': 0.0, 'PD_2,PD_4': 0.0, 'PD_2,PD_5': 0.0, 'PD_3,PD_4': 1.0, 'PD_3,PD_5': 0.0, 'PD_4,PD_5': 0.0}, ASR: 1.0, TCB: {'PD_1': ['PD_3', 'PD_4'], 'PD_2': ['PD_4'], 'PD_3': ['PD_1', 'PD_4'], 'PD_4': ['PD_1', 'PD_3'], 'PD_5': []}, FR: {'PD_1,PD_2': inf, 'PD_1,PD_3': inf, 'PD_1,PD_4': inf, 'PD_1,PD_5': inf, 'PD_2,PD_3': inf, 'PD_2,PD_4': inf, 'PD_2,PD_5': inf, 'PD_3,PD_4': inf, 'PD_3,PD_5': inf, 'PD_4,PD_5': inf}
  Computing metrics...
    RSI: {'PD_1,PD_2': 0.0, 'PD_1,PD_3': 1.0, 'PD_1,PD_4': 1.0, 'PD_1,PD_5': 0.0, 'PD_2,PD_3': 0.0, 'PD_2,PD_4': 0.0, 'PD_2,PD_5': 0.0, 'PD_3,PD_4': 1.0, 'PD_3,PD_5': 0.0, 'PD_4,PD_5': 0.0}, ASR: 1.2, TCB: {'PD_1': ['PD_3', 'PD_4'], 'PD_2': ['PD_4'], 'PD_3': ['PD_1', 'PD_4'], 'PD_4': ['PD_1', 'PD_3'], 'PD_5': ['PD_2']}, FR: {'PD_1,PD_2': inf, 'PD_1,PD_3': inf, 'PD_1,PD_4': inf, 'PD_1,PD_5': inf, 'PD_2,PD_3': inf, 'PD_2,PD_4': inf, 'PD_2,PD_5': 3, 'PD_3,PD_4': inf, 'PD_3,PD_5': inf, 'PD_4,PD_5': inf}
  Computing metrics...
    RSI: {'PD_1,PD_2': 0.0, 'PD_1,PD_3': 1.0, 'PD_1,PD_4': 1.0, 'PD_1,PD_5': 0.0, 'PD_2,PD_3': 0.0, 'PD_2,PD_4': 0.0, 'PD_2,PD_5': 0.0, 'PD_3,PD_4': 1.0, 'PD_3,PD_5': 0.0, 'PD_4,PD_5': 0.0}, ASR: 1.0, TCB: {'PD_1': ['PD_3', 'PD_4'], 'PD_2': ['PD_4'], 'PD_3': ['PD_1', 'PD_4'], 'PD_4': ['PD_1', 'PD_3'], 'PD_5': []}, FR: {'PD_1,PD_2': inf, 'PD_1,PD_3': inf, 'PD_1,PD_4': inf, 'PD_1,PD_5': inf, 'PD_2,PD_3': inf, 'PD_2,PD_4': inf, 'PD_2,PD_5': inf, 'PD_3,PD_4': inf, 'PD_3,PD_5': inf, 'PD_4,PD_5': inf}
  Computing metrics...
    RSI: {'PD_1,PD_2': 0.0, 'PD_1,PD_3': 1.0, 'PD_1,PD_4': 1.0, 'PD_1,PD_5': 0.0, 'PD_2,PD_3': 0.0, 'PD_2,PD_4': 0.0, 'PD_2,PD_5': 0.0, 'PD_3,PD_4': 1.0, 'PD_3,PD_5': 0.0, 'PD_4,PD_5': 0.0}, ASR: 1.2, TCB: {'PD_1': ['PD_3', 'PD_4'], 'PD_2': ['PD_4'], 'PD_3': ['PD_1', 'PD_4'], 'PD_4': ['PD_1', 'PD_3'], 'PD_5': ['PD_3']}, FR: {'PD_1,PD_2': inf, 'PD_1,PD_3': inf, 'PD_1,PD_4': inf, 'PD_1,PD_5': 2, 'PD_2,PD_3': inf, 'PD_2,PD_4': inf, 'PD_2,PD_5': inf, 'PD_3,PD_4': inf, 'PD_3,PD_5': inf, 'PD_4,PD_5': inf}
  Computing metrics...
    RSI: {'PD_1,PD_2': 0.0, 'PD_1,PD_3': 1.0, 'PD_1,PD_4': 1.0, 'PD_1,PD_5': 0.0, 'PD_2,PD_3': 0.0, 'PD_2,PD_4': 0.0, 'PD_2,PD_5': 0.0, 'PD_3,PD_4': 1.0, 'PD_3,PD_5': 0.0, 'PD_4,PD_5': 0.0}, ASR: 1.0, TCB: {'PD_1': ['PD_3', 'PD_4'], 'PD_2': ['PD_4'], 'PD_3': ['PD_1', 'PD_4'], 'PD_4': ['PD_1', 'PD_3'], 'PD_5': []}, FR: {'PD_1,PD_2': inf, 'PD_1,PD_3': inf, 'PD_1,PD_4': inf, 'PD_1,PD_5': inf, 'PD_2,PD_3': inf, 'PD_2,PD_4': inf, 'PD_2,PD_5': inf, 'PD_3,PD_4': inf, 'PD_3,PD_5': inf, 'PD_4,PD_5': inf}
  Computing metrics...
    RSI: {'PD_1,PD_2': 0.0, 'PD_1,PD_3': 1.0, 'PD_1,PD_4': 1.0, 'PD_1,PD_5': 0.0, 'PD_2,PD_3': 0.0, 'PD_2,PD_4': 0.0, 'PD_2,PD_5': 0.0, 'PD_3,PD_4': 1.0, 'PD_3,PD_5': 0.0, 'PD_4,PD_5': 0.0}, ASR: 1.2, TCB: {'PD_1': ['PD_3', 'PD_4'], 'PD_2': ['PD_4'], 'PD_3': ['PD_1', 'PD_4'], 'PD_4': ['PD_1', 'PD_3'], 'PD_5': ['PD_4']}, FR: {'PD_1,PD_2': inf, 'PD_1,PD_3': inf, 'PD_1,PD_4': inf, 'PD_1,PD_5': inf, 'PD_2,PD_3': inf, 'PD_2,PD_4': inf, 'PD_2,PD_5': 2, 'PD_3,PD_4': inf, 'PD_3,PD_5': inf, 'PD_4,PD_5': inf}
  Computing metrics...
    RSI: {'PD_1,PD_2': 0.0, 'PD_1,PD_3': 1.0, 'PD_1,PD_4': 1.0, 'PD_1,PD_5': 0.0, 'PD_2,PD_3': 0.0, 'PD_2,PD_4': 0.0, 'PD_2,PD_5': 0.0, 'PD_3,PD_4': 1.0, 'PD_3,PD_5': 0.0, 'PD_4,PD_5': 0.0}, ASR: 1.0, TCB: {'PD_1': ['PD_3', 'PD_4'], 'PD_2': ['PD_4'], 'PD_3': ['PD_1', 'PD_4'], 'PD_4': ['PD_1', 'PD_3'], 'PD_5': []}, FR: {'PD_1,PD_2': inf, 'PD_1,PD_3': inf, 'PD_1,PD_4': inf, 'PD_1,PD_5': inf, 'PD_2,PD_3': inf, 'PD_2,PD_4': inf, 'PD_2,PD_5': inf, 'PD_3,PD_4': inf, 'PD_3,PD_5': inf, 'PD_4,PD_5': inf}
  Computing metrics...
    RSI: {'PD_1,PD_2': 0.0, 'PD_1,PD_3': 1.0, 'PD_1,PD_4': 1.0, 'PD_1,PD_5': 0.0, 'PD_2,PD_3': 0.0, 'PD_2,PD_4': 0.0, 'PD_2,PD_5': 0.0, 'PD_3,PD_4': 1.0, 'PD_3,PD_5': 0.0, 'PD_4,PD_5': 0.0}, ASR: 0.8, TCB: {'PD_1': ['PD_3', 'PD_4'], 'PD_2': ['PD_4'], 'PD_3': ['PD_1', 'PD_4'], 'PD_4': ['PD_1', 'PD_3'], 'PD_5': []}, FR: {'PD_1,PD_2': inf, 'PD_1,PD_3': inf, 'PD_1,PD_4': inf, 'PD_1,PD_5': inf, 'PD_2,PD_3': inf, 'PD_2,PD_4': inf, 'PD_2,PD_5': inf, 'PD_3,PD_4': inf, 'PD_3,PD_5': inf, 'PD_4,PD_5': inf}
  Computing metrics...
    RSI: {'PD_1,PD_2': 0.0, 'PD_1,PD_3': 1.0, 'PD_1,PD_4': 1.0, 'PD_1,PD_5': 0.0, 'PD_2,PD_3': 0.0, 'PD_2,PD_4': 0.0, 'PD_2,PD_5': 0.0, 'PD_3,PD_4': 1.0, 'PD_3,PD_5': 0.0, 'PD_4,PD_5': 0.0}, ASR: 1.0, TCB: {'PD_1': ['PD_3', 'PD_4'], 'PD_2': ['PD_4'], 'PD_3': ['PD_1', 'PD_4'], 'PD_4': ['PD_1', 'PD_3'], 'PD_5': []}, FR: {'PD_1,PD_2': inf, 'PD_1,PD_3': inf, 'PD_1,PD_4': inf, 'PD_1,PD_5': inf, 'PD_2,PD_3': inf, 'PD_2,PD_4': inf, 'PD_2,PD_5': inf, 'PD_3,PD_4': inf, 'PD_3,PD_5': inf, 'PD_4,PD_5': inf}
  Computing metrics...
    RSI: {'PD_1,PD_2': 0.0, 'PD_1,PD_3': 1.0, 'PD_1,PD_4': 1.0, 'PD_1,PD_5': 0.0, 'PD_2,PD_3': 0.0, 'PD_2,PD_4': 0.0, 'PD_2,PD_5': 0.0, 'PD_3,PD_4': 1.0, 'PD_3,PD_5': 0.0, 'PD_4,PD_5': 0.0}, ASR: 0.8, TCB: {'PD_1': ['PD_3', 'PD_4'], 'PD_2': [], 'PD_3': ['PD_1', 'PD_4'], 'PD_4': ['PD_1', 'PD_3'], 'PD_5': []}, FR: {'PD_1,PD_2': inf, 'PD_1,PD_3': inf, 'PD_1,PD_4': inf, 'PD_1,PD_5': inf, 'PD_2,PD_3': inf, 'PD_2,PD_4': inf, 'PD_2,PD_5': inf, 'PD_3,PD_4': inf, 'PD_3,PD_5': inf, 'PD_4,PD_5': inf}
  Computing metrics...
    RSI: {'PD_1,PD_2': 0.0, 'PD_1,PD_3': 1.0, 'PD_1,PD_4': 1.0, 'PD_1,PD_5': 0.0, 'PD_2,PD_3': 0.0, 'PD_2,PD_4': 0.0, 'PD_2,PD_5': 0.0, 'PD_3,PD_4': 1.0, 'PD_3,PD_5': 0.0, 'PD_4,PD_5': 0.0}, ASR: 1.0, TCB: {'PD_1': ['PD_3', 'PD_4'], 'PD_2': ['PD_4'], 'PD_3': ['PD_1', 'PD_4'], 'PD_4': ['PD_1', 'PD_3'], 'PD_5': []}, FR: {'PD_1,PD_2': inf, 'PD_1,PD_3': inf, 'PD_1,PD_4': inf, 'PD_1,PD_5': inf, 'PD_2,PD_3': inf, 'PD_2,PD_4': inf, 'PD_2,PD_5': inf, 'PD_3,PD_4': inf, 'PD_3,PD_5': inf, 'PD_4,PD_5': inf}
  Computing metrics...
    RSI: {'PD_1,PD_2': 0.0, 'PD_1,PD_3': 1.0, 'PD_1,PD_4': 1.0, 'PD_1,PD_5': 0.0, 'PD_2,PD_3': 0.0, 'PD_2,PD_4': 0.0, 'PD_2,PD_5': 0.0, 'PD_3,PD_4': 1.0, 'PD_3,PD_5': 0.0, 'PD_4,PD_5': 0.0}, ASR: 1.0, TCB: {'PD_1': ['PD_3', 'PD_4'], 'PD_2': ['PD_4'], 'PD_3': ['PD_1', 'PD_4'], 'PD_4': ['PD_1', 'PD_3'], 'PD_5': []}, FR: {'PD_1,PD_2': inf, 'PD_1,PD_3': inf, 'PD_1,PD_4': inf, 'PD_1,PD_5': inf, 'PD_2,PD_3': inf, 'PD_2,PD_4': inf, 'PD_2,PD_5': inf, 'PD_3,PD_4': inf, 'PD_3,PD_5': inf, 'PD_4,PD_5': inf}
  🚫 Filtered out 1 'add_pd' candidates (avoiding repetition)
  Trying best transition: primitive
    Target: connect PD_2 to FILE_1_1 (RSI goal achievement)
    Predicted improvement: 65.100
    Considered 32 other option(s):
      1. primitive: remove empty PD_5 (improvement: 0.100)
      2. primitive: create new CONFIG file in FILE_SPACE_1 (improvement: 0.100)
      3. primitive: create new DATABASE file in FILE_SPACE_1 (improvement: 0.100)
      4. primitive: create new TEMP file in FILE_SPACE_1 (improvement: 0.100)
      5. primitive: create new LOG file in FILE_SPACE_1 (improvement: 0.100)
      6. primitive: remove FILE_1_1 (holders: 3) (improvement: 0.100)
      7. primitive: create new FILE resource space (improvement: 0.100)
      8. primitive: connect PD_5 to FILE_1_1 (improvement: 0.100)
      9. primitive: remove PD_1 -> FILE_1_1 HOLD edge (improvement: 0.100)
      10. primitive: remove PD_3 -> FILE_1_1 HOLD edge (improvement: 0.100)
      ... and 22 more
    ✅ Applied add_hold_edge
  Computing metrics...
    RSI: {'PD_1,PD_2': 1.0, 'PD_1,PD_3': 1.0, 'PD_1,PD_4': 1.0, 'PD_1,PD_5': 0.0, 'PD_2,PD_3': 1.0, 'PD_2,PD_4': 1.0, 'PD_2,PD_5': 0.0, 'PD_3,PD_4': 1.0, 'PD_3,PD_5': 0.0, 'PD_4,PD_5': 0.0}, ASR: 1.2, TCB: {'PD_1': ['PD_3', 'PD_2', 'PD_4'], 'PD_2': ['PD_4', 'PD_1', 'PD_3'], 'PD_3': ['PD_1', 'PD_2', 'PD_4'], 'PD_4': ['PD_1', 'PD_2', 'PD_3'], 'PD_5': []}, FR: {'PD_1,PD_2': inf, 'PD_1,PD_3': inf, 'PD_1,PD_4': inf, 'PD_1,PD_5': inf, 'PD_2,PD_3': inf, 'PD_2,PD_4': inf, 'PD_2,PD_5': inf, 'PD_3,PD_4': inf, 'PD_3,PD_5': inf, 'PD_4,PD_5': inf}
    All 1 goals met!
    All 1 goal(s) met!
  ✅ Mechanism saved! Total mechanisms found: 3

📊 Graph after iteration 3:
        # Graph structure:
        # PD_1 --REQUEST--> PD_3
        # PD_1 --HOLD--> FILE_1_1 -> FILE_SPACE_1
        # PD_2 --REQUEST--> PD_4
        # PD_2 --HOLD--> FILE_1_1 -> FILE_SPACE_1
        # PD_3 --HOLD--> FILE_1_1 -> FILE_SPACE_1
        # PD_4 --HOLD--> FILE_1_1 -> FILE_SPACE_1
        # PD_5
        #
        # FILE_1_1 shared by: PD_1, PD_2, PD_3, PD_4


Iteration 4/10
  Computing metrics...
    RSI: {'PD_1,PD_2': 1.0, 'PD_1,PD_3': 1.0, 'PD_1,PD_4': 1.0, 'PD_1,PD_5': 0.0, 'PD_2,PD_3': 1.0, 'PD_2,PD_4': 1.0, 'PD_2,PD_5': 0.0, 'PD_3,PD_4': 1.0, 'PD_3,PD_5': 0.0, 'PD_4,PD_5': 0.0}, ASR: 1.2, TCB: {'PD_1': ['PD_3', 'PD_2', 'PD_4'], 'PD_2': ['PD_4', 'PD_1', 'PD_3'], 'PD_3': ['PD_1', 'PD_2', 'PD_4'], 'PD_4': ['PD_1', 'PD_2', 'PD_3'], 'PD_5': []}, FR: {'PD_1,PD_2': inf, 'PD_1,PD_3': inf, 'PD_1,PD_4': inf, 'PD_1,PD_5': inf, 'PD_2,PD_3': inf, 'PD_2,PD_4': inf, 'PD_2,PD_5': inf, 'PD_3,PD_4': inf, 'PD_3,PD_5': inf, 'PD_4,PD_5': inf}
  Computing metrics...
    RSI: {'PD_1,PD_2': 1.0, 'PD_1,PD_3': 1.0, 'PD_1,PD_4': 1.0, 'PD_1,PD_5': 0.0, 'PD_1,PD_6': 0.0, 'PD_2,PD_3': 1.0, 'PD_2,PD_4': 1.0, 'PD_2,PD_5': 0.0, 'PD_2,PD_6': 0.0, 'PD_3,PD_4': 1.0, 'PD_3,PD_5': 0.0, 'PD_3,PD_6': 0.0, 'PD_4,PD_5': 0.0, 'PD_4,PD_6': 0.0, 'PD_5,PD_6': 0.0}, ASR: 1.0, TCB: {'PD_1': ['PD_3', 'PD_2', 'PD_4'], 'PD_2': ['PD_4', 'PD_1', 'PD_3'], 'PD_3': ['PD_1', 'PD_2', 'PD_4'], 'PD_4': ['PD_1', 'PD_2', 'PD_3'], 'PD_5': [], 'PD_6': []}, FR: {'PD_1,PD_2': inf, 'PD_1,PD_3': inf, 'PD_1,PD_4': inf, 'PD_1,PD_5': inf, 'PD_1,PD_6': inf, 'PD_2,PD_3': inf, 'PD_2,PD_4': inf, 'PD_2,PD_5': inf, 'PD_2,PD_6': inf, 'PD_3,PD_4': inf, 'PD_3,PD_5': inf, 'PD_3,PD_6': inf, 'PD_4,PD_5': inf, 'PD_4,PD_6': inf, 'PD_5,PD_6': inf}
  Computing metrics...
    RSI: {'PD_1,PD_2': 1.0, 'PD_1,PD_3': 1.0, 'PD_1,PD_4': 1.0, 'PD_1,PD_5': 0.0, 'PD_2,PD_3': 1.0, 'PD_2,PD_4': 1.0, 'PD_2,PD_5': 0.0, 'PD_3,PD_4': 1.0, 'PD_3,PD_5': 0.0, 'PD_4,PD_5': 0.0}, ASR: 1.2, TCB: {'PD_1': ['PD_3', 'PD_2', 'PD_4'], 'PD_2': ['PD_4', 'PD_1', 'PD_3'], 'PD_3': ['PD_1', 'PD_2', 'PD_4'], 'PD_4': ['PD_1', 'PD_2', 'PD_3'], 'PD_5': []}, FR: {'PD_1,PD_2': inf, 'PD_1,PD_3': inf, 'PD_1,PD_4': inf, 'PD_1,PD_5': inf, 'PD_2,PD_3': inf, 'PD_2,PD_4': inf, 'PD_2,PD_5': inf, 'PD_3,PD_4': inf, 'PD_3,PD_5': inf, 'PD_4,PD_5': inf}
  Computing metrics...
    RSI: {'PD_1,PD_2': 1.0, 'PD_1,PD_3': 1.0, 'PD_1,PD_4': 1.0, 'PD_1,PD_5': 0.0, 'PD_2,PD_3': 1.0, 'PD_2,PD_4': 1.0, 'PD_2,PD_5': 0.0, 'PD_3,PD_4': 1.0, 'PD_3,PD_5': 0.0, 'PD_4,PD_5': 0.0}, ASR: 1.2, TCB: {'PD_1': ['PD_3', 'PD_2', 'PD_4'], 'PD_2': ['PD_4', 'PD_1', 'PD_3'], 'PD_3': ['PD_1', 'PD_2', 'PD_4'], 'PD_4': ['PD_1', 'PD_2', 'PD_3'], 'PD_5': []}, FR: {'PD_1,PD_2': inf, 'PD_1,PD_3': inf, 'PD_1,PD_4': inf, 'PD_1,PD_5': inf, 'PD_2,PD_3': inf, 'PD_2,PD_4': inf, 'PD_2,PD_5': inf, 'PD_3,PD_4': inf, 'PD_3,PD_5': inf, 'PD_4,PD_5': inf}
  Computing metrics...
    RSI: {'PD_1,PD_2': 1.0, 'PD_1,PD_3': 1.0, 'PD_1,PD_4': 1.0, 'PD_1,PD_5': 0.0, 'PD_2,PD_3': 1.0, 'PD_2,PD_4': 1.0, 'PD_2,PD_5': 0.0, 'PD_3,PD_4': 1.0, 'PD_3,PD_5': 0.0, 'PD_4,PD_5': 0.0}, ASR: 1.2, TCB: {'PD_1': ['PD_3', 'PD_2', 'PD_4'], 'PD_2': ['PD_4', 'PD_1', 'PD_3'], 'PD_3': ['PD_1', 'PD_2', 'PD_4'], 'PD_4': ['PD_1', 'PD_2', 'PD_3'], 'PD_5': []}, FR: {'PD_1,PD_2': inf, 'PD_1,PD_3': inf, 'PD_1,PD_4': inf, 'PD_1,PD_5': inf, 'PD_2,PD_3': inf, 'PD_2,PD_4': inf, 'PD_2,PD_5': inf, 'PD_3,PD_4': inf, 'PD_3,PD_5': inf, 'PD_4,PD_5': inf}
  Computing metrics...
    RSI: {'PD_1,PD_2': 1.0, 'PD_1,PD_3': 1.0, 'PD_1,PD_4': 1.0, 'PD_1,PD_5': 0.0, 'PD_2,PD_3': 1.0, 'PD_2,PD_4': 1.0, 'PD_2,PD_5': 0.0, 'PD_3,PD_4': 1.0, 'PD_3,PD_5': 0.0, 'PD_4,PD_5': 0.0}, ASR: 1.2, TCB: {'PD_1': ['PD_3', 'PD_2', 'PD_4'], 'PD_2': ['PD_4', 'PD_1', 'PD_3'], 'PD_3': ['PD_1', 'PD_2', 'PD_4'], 'PD_4': ['PD_1', 'PD_2', 'PD_3'], 'PD_5': []}, FR: {'PD_1,PD_2': inf, 'PD_1,PD_3': inf, 'PD_1,PD_4': inf, 'PD_1,PD_5': inf, 'PD_2,PD_3': inf, 'PD_2,PD_4': inf, 'PD_2,PD_5': inf, 'PD_3,PD_4': inf, 'PD_3,PD_5': inf, 'PD_4,PD_5': inf}
  Computing metrics...
    RSI: {'PD_1,PD_2': 1.0, 'PD_1,PD_3': 1.0, 'PD_1,PD_4': 1.0, 'PD_1,PD_5': 0.0, 'PD_2,PD_3': 1.0, 'PD_2,PD_4': 1.0, 'PD_2,PD_5': 0.0, 'PD_3,PD_4': 1.0, 'PD_3,PD_5': 0.0, 'PD_4,PD_5': 0.0}, ASR: 1.2, TCB: {'PD_1': ['PD_3', 'PD_2', 'PD_4'], 'PD_2': ['PD_4', 'PD_1', 'PD_3'], 'PD_3': ['PD_1', 'PD_2', 'PD_4'], 'PD_4': ['PD_1', 'PD_2', 'PD_3'], 'PD_5': []}, FR: {'PD_1,PD_2': inf, 'PD_1,PD_3': inf, 'PD_1,PD_4': inf, 'PD_1,PD_5': inf, 'PD_2,PD_3': inf, 'PD_2,PD_4': inf, 'PD_2,PD_5': inf, 'PD_3,PD_4': inf, 'PD_3,PD_5': inf, 'PD_4,PD_5': inf}
  Computing metrics...
    RSI: {'PD_1,PD_2': 1.0, 'PD_1,PD_3': 1.0, 'PD_1,PD_4': 1.0, 'PD_1,PD_5': 0.0, 'PD_2,PD_3': 1.0, 'PD_2,PD_4': 1.0, 'PD_2,PD_5': 0.0, 'PD_3,PD_4': 1.0, 'PD_3,PD_5': 0.0, 'PD_4,PD_5': 0.0}, ASR: 1.2, TCB: {'PD_1': ['PD_3', 'PD_2', 'PD_4'], 'PD_2': ['PD_4', 'PD_1', 'PD_3'], 'PD_3': ['PD_1', 'PD_2', 'PD_4'], 'PD_4': ['PD_1', 'PD_2', 'PD_3'], 'PD_5': []}, FR: {'PD_1,PD_2': inf, 'PD_1,PD_3': inf, 'PD_1,PD_4': inf, 'PD_1,PD_5': inf, 'PD_2,PD_3': inf, 'PD_2,PD_4': inf, 'PD_2,PD_5': inf, 'PD_3,PD_4': inf, 'PD_3,PD_5': inf, 'PD_4,PD_5': inf}
  Computing metrics...
    RSI: {'PD_1,PD_2': 1.0, 'PD_1,PD_3': 1.0, 'PD_1,PD_4': 1.0, 'PD_1,PD_5': 0.0, 'PD_2,PD_3': 1.0, 'PD_2,PD_4': 1.0, 'PD_2,PD_5': 0.0, 'PD_3,PD_4': 1.0, 'PD_3,PD_5': 0.0, 'PD_4,PD_5': 0.0}, ASR: 1.2, TCB: {'PD_1': ['PD_3', 'PD_2', 'PD_4'], 'PD_2': ['PD_4', 'PD_1', 'PD_3'], 'PD_3': ['PD_1', 'PD_2', 'PD_4'], 'PD_4': ['PD_1', 'PD_2', 'PD_3'], 'PD_5': []}, FR: {'PD_1,PD_2': inf, 'PD_1,PD_3': inf, 'PD_1,PD_4': inf, 'PD_1,PD_5': inf, 'PD_2,PD_3': inf, 'PD_2,PD_4': inf, 'PD_2,PD_5': inf, 'PD_3,PD_4': inf, 'PD_3,PD_5': inf, 'PD_4,PD_5': inf}
  Computing metrics...
    RSI: {'PD_1,PD_2': 1.0, 'PD_1,PD_3': 1.0, 'PD_1,PD_4': 1.0, 'PD_1,PD_5': 0.0, 'PD_2,PD_3': 1.0, 'PD_2,PD_4': 1.0, 'PD_2,PD_5': 0.0, 'PD_3,PD_4': 1.0, 'PD_3,PD_5': 0.0, 'PD_4,PD_5': 0.0}, ASR: 1.2, TCB: {'PD_1': ['PD_3', 'PD_2', 'PD_4'], 'PD_2': ['PD_4', 'PD_1', 'PD_3'], 'PD_3': ['PD_1', 'PD_2', 'PD_4'], 'PD_4': ['PD_1', 'PD_2', 'PD_3'], 'PD_5': []}, FR: {'PD_1,PD_2': inf, 'PD_1,PD_3': inf, 'PD_1,PD_4': inf, 'PD_1,PD_5': inf, 'PD_2,PD_3': inf, 'PD_2,PD_4': inf, 'PD_2,PD_5': inf, 'PD_3,PD_4': inf, 'PD_3,PD_5': inf, 'PD_4,PD_5': inf}
  Computing metrics...
    RSI: {'PD_1,PD_2': 1.0, 'PD_1,PD_3': 1.0, 'PD_1,PD_4': 1.0, 'PD_1,PD_5': 0.0, 'PD_2,PD_3': 1.0, 'PD_2,PD_4': 1.0, 'PD_2,PD_5': 0.0, 'PD_3,PD_4': 1.0, 'PD_3,PD_5': 0.0, 'PD_4,PD_5': 0.0}, ASR: 1.2, TCB: {'PD_1': ['PD_3', 'PD_2', 'PD_4'], 'PD_2': ['PD_4', 'PD_1', 'PD_3'], 'PD_3': ['PD_1', 'PD_2', 'PD_4'], 'PD_4': ['PD_1', 'PD_2', 'PD_3'], 'PD_5': []}, FR: {'PD_1,PD_2': inf, 'PD_1,PD_3': inf, 'PD_1,PD_4': inf, 'PD_1,PD_5': inf, 'PD_2,PD_3': inf, 'PD_2,PD_4': inf, 'PD_2,PD_5': inf, 'PD_3,PD_4': inf, 'PD_3,PD_5': inf, 'PD_4,PD_5': inf}
  Computing metrics...
    RSI: {'PD_1,PD_2': 1.0, 'PD_1,PD_3': 1.0, 'PD_1,PD_4': 1.0, 'PD_1,PD_5': 0.0, 'PD_2,PD_3': 1.0, 'PD_2,PD_4': 1.0, 'PD_2,PD_5': 0.0, 'PD_3,PD_4': 1.0, 'PD_3,PD_5': 0.0, 'PD_4,PD_5': 0.0}, ASR: 1.2, TCB: {'PD_1': ['PD_3', 'PD_2', 'PD_4'], 'PD_2': ['PD_4', 'PD_1', 'PD_3'], 'PD_3': ['PD_1', 'PD_2', 'PD_4'], 'PD_4': ['PD_1', 'PD_2', 'PD_3'], 'PD_5': []}, FR: {'PD_1,PD_2': inf, 'PD_1,PD_3': inf, 'PD_1,PD_4': inf, 'PD_1,PD_5': inf, 'PD_2,PD_3': inf, 'PD_2,PD_4': inf, 'PD_2,PD_5': inf, 'PD_3,PD_4': inf, 'PD_3,PD_5': inf, 'PD_4,PD_5': inf}
  Computing metrics...
    RSI: {'PD_1,PD_2': 1.0, 'PD_1,PD_3': 1.0, 'PD_1,PD_4': 1.0, 'PD_1,PD_5': 0.0, 'PD_2,PD_3': 1.0, 'PD_2,PD_4': 1.0, 'PD_2,PD_5': 0.0, 'PD_3,PD_4': 1.0, 'PD_3,PD_5': 0.0, 'PD_4,PD_5': 0.0}, ASR: 1.2, TCB: {'PD_1': ['PD_3', 'PD_2', 'PD_4'], 'PD_2': ['PD_4', 'PD_1', 'PD_3'], 'PD_3': ['PD_1', 'PD_2', 'PD_4'], 'PD_4': ['PD_1', 'PD_2', 'PD_3'], 'PD_5': []}, FR: {'PD_1,PD_2': inf, 'PD_1,PD_3': inf, 'PD_1,PD_4': inf, 'PD_1,PD_5': inf, 'PD_2,PD_3': inf, 'PD_2,PD_4': inf, 'PD_2,PD_5': inf, 'PD_3,PD_4': inf, 'PD_3,PD_5': inf, 'PD_4,PD_5': inf}
  Computing metrics...
    RSI: {'PD_1,PD_2': 1.0, 'PD_1,PD_3': 1.0, 'PD_1,PD_4': 1.0, 'PD_1,PD_5': 0.0, 'PD_2,PD_3': 1.0, 'PD_2,PD_4': 1.0, 'PD_2,PD_5': 0.0, 'PD_3,PD_4': 1.0, 'PD_3,PD_5': 0.0, 'PD_4,PD_5': 0.0}, ASR: 1.2, TCB: {'PD_1': ['PD_3', 'PD_2', 'PD_4'], 'PD_2': ['PD_4', 'PD_1', 'PD_3'], 'PD_3': ['PD_1', 'PD_2', 'PD_4'], 'PD_4': ['PD_1', 'PD_2', 'PD_3'], 'PD_5': []}, FR: {'PD_1,PD_2': inf, 'PD_1,PD_3': inf, 'PD_1,PD_4': inf, 'PD_1,PD_5': inf, 'PD_2,PD_3': inf, 'PD_2,PD_4': inf, 'PD_2,PD_5': inf, 'PD_3,PD_4': inf, 'PD_3,PD_5': inf, 'PD_4,PD_5': inf}
  Computing metrics...
    RSI: {'PD_1,PD_2': 1.0, 'PD_1,PD_3': 1.0, 'PD_1,PD_4': 1.0, 'PD_1,PD_5': 0.0, 'PD_2,PD_3': 1.0, 'PD_2,PD_4': 1.0, 'PD_2,PD_5': 0.0, 'PD_3,PD_4': 1.0, 'PD_3,PD_5': 0.0, 'PD_4,PD_5': 0.0}, ASR: 1.2, TCB: {'PD_1': ['PD_3', 'PD_2', 'PD_4'], 'PD_2': ['PD_4', 'PD_1', 'PD_3'], 'PD_3': ['PD_1', 'PD_2', 'PD_4'], 'PD_4': ['PD_1', 'PD_2', 'PD_3'], 'PD_5': []}, FR: {'PD_1,PD_2': inf, 'PD_1,PD_3': inf, 'PD_1,PD_4': inf, 'PD_1,PD_5': inf, 'PD_2,PD_3': inf, 'PD_2,PD_4': inf, 'PD_2,PD_5': inf, 'PD_3,PD_4': inf, 'PD_3,PD_5': inf, 'PD_4,PD_5': inf}
  Computing metrics...
    RSI: {'PD_1,PD_2': 1.0, 'PD_1,PD_3': 1.0, 'PD_1,PD_4': 1.0, 'PD_1,PD_5': 0.0, 'PD_2,PD_3': 1.0, 'PD_2,PD_4': 1.0, 'PD_2,PD_5': 0.0, 'PD_3,PD_4': 1.0, 'PD_3,PD_5': 0.0, 'PD_4,PD_5': 0.0}, ASR: 1.2, TCB: {'PD_1': ['PD_3', 'PD_2', 'PD_4'], 'PD_2': ['PD_4', 'PD_1', 'PD_3'], 'PD_3': ['PD_1', 'PD_2', 'PD_4'], 'PD_4': ['PD_1', 'PD_2', 'PD_3'], 'PD_5': []}, FR: {'PD_1,PD_2': inf, 'PD_1,PD_3': inf, 'PD_1,PD_4': inf, 'PD_1,PD_5': inf, 'PD_2,PD_3': inf, 'PD_2,PD_4': inf, 'PD_2,PD_5': inf, 'PD_3,PD_4': inf, 'PD_3,PD_5': inf, 'PD_4,PD_5': inf}
  Computing metrics...
    RSI: {'PD_1,PD_2': 1.0, 'PD_1,PD_3': 1.0, 'PD_1,PD_4': 1.0, 'PD_1,PD_5': 0.0, 'PD_2,PD_3': 1.0, 'PD_2,PD_4': 1.0, 'PD_2,PD_5': 0.0, 'PD_3,PD_4': 1.0, 'PD_3,PD_5': 0.0, 'PD_4,PD_5': 0.0}, ASR: 1.2, TCB: {'PD_1': ['PD_3', 'PD_2', 'PD_4'], 'PD_2': ['PD_4', 'PD_1', 'PD_3'], 'PD_3': ['PD_1', 'PD_2', 'PD_4'], 'PD_4': ['PD_1', 'PD_2', 'PD_3'], 'PD_5': []}, FR: {'PD_1,PD_2': inf, 'PD_1,PD_3': inf, 'PD_1,PD_4': inf, 'PD_1,PD_5': inf, 'PD_2,PD_3': inf, 'PD_2,PD_4': inf, 'PD_2,PD_5': inf, 'PD_3,PD_4': inf, 'PD_3,PD_5': inf, 'PD_4,PD_5': inf}
  Computing metrics...
    RSI: {'PD_1,PD_2': 1.0, 'PD_1,PD_3': 1.0, 'PD_1,PD_4': 1.0, 'PD_1,PD_5': 1.0, 'PD_2,PD_3': 1.0, 'PD_2,PD_4': 1.0, 'PD_2,PD_5': 1.0, 'PD_3,PD_4': 1.0, 'PD_3,PD_5': 1.0, 'PD_4,PD_5': 1.0}, ASR: 1.4, TCB: {'PD_1': ['PD_3', 'PD_2', 'PD_4', 'PD_5'], 'PD_2': ['PD_4', 'PD_1', 'PD_3', 'PD_5'], 'PD_3': ['PD_1', 'PD_2', 'PD_4', 'PD_5'], 'PD_4': ['PD_1', 'PD_2', 'PD_3', 'PD_5'], 'PD_5': ['PD_1', 'PD_2', 'PD_3', 'PD_4']}, FR: {'PD_1,PD_2': inf, 'PD_1,PD_3': inf, 'PD_1,PD_4': inf, 'PD_1,PD_5': inf, 'PD_2,PD_3': inf, 'PD_2,PD_4': inf, 'PD_2,PD_5': inf, 'PD_3,PD_4': inf, 'PD_3,PD_5': inf, 'PD_4,PD_5': inf}
  Computing metrics...
    RSI: {'PD_1,PD_2': 1.0, 'PD_1,PD_3': 1.0, 'PD_1,PD_4': 1.0, 'PD_1,PD_5': 0.0, 'PD_2,PD_3': 1.0, 'PD_2,PD_4': 1.0, 'PD_2,PD_5': 0.0, 'PD_3,PD_4': 1.0, 'PD_3,PD_5': 0.0, 'PD_4,PD_5': 0.0}, ASR: 1.2, TCB: {'PD_1': ['PD_3', 'PD_2', 'PD_4'], 'PD_2': ['PD_4', 'PD_1', 'PD_3'], 'PD_3': ['PD_1', 'PD_2', 'PD_4'], 'PD_4': ['PD_1', 'PD_2', 'PD_3'], 'PD_5': []}, FR: {'PD_1,PD_2': inf, 'PD_1,PD_3': inf, 'PD_1,PD_4': inf, 'PD_1,PD_5': inf, 'PD_2,PD_3': inf, 'PD_2,PD_4': inf, 'PD_2,PD_5': inf, 'PD_3,PD_4': inf, 'PD_3,PD_5': inf, 'PD_4,PD_5': inf}
  Computing metrics...
    RSI: {'PD_1,PD_2': 0.0, 'PD_1,PD_3': 0.0, 'PD_1,PD_4': 0.0, 'PD_1,PD_5': 0.0, 'PD_2,PD_3': 1.0, 'PD_2,PD_4': 1.0, 'PD_2,PD_5': 0.0, 'PD_3,PD_4': 1.0, 'PD_3,PD_5': 0.0, 'PD_4,PD_5': 0.0}, ASR: 1.0, TCB: {'PD_1': ['PD_3'], 'PD_2': ['PD_4', 'PD_3'], 'PD_3': ['PD_2', 'PD_4'], 'PD_4': ['PD_2', 'PD_3'], 'PD_5': []}, FR: {'PD_1,PD_2': inf, 'PD_1,PD_3': inf, 'PD_1,PD_4': inf, 'PD_1,PD_5': inf, 'PD_2,PD_3': inf, 'PD_2,PD_4': inf, 'PD_2,PD_5': inf, 'PD_3,PD_4': inf, 'PD_3,PD_5': inf, 'PD_4,PD_5': inf}
    🎯 remove_hold_edge goal: -10.00, constraint: 0.00, unsatisfiable: 0.00, diversity: 0.00 → total: -4.90
    remove_hold_edge candidate: remove PD_1 -> FILE_1_1 HOLD edge -> score: -4.900
  Computing metrics...
    RSI: {'PD_1,PD_2': 1.0, 'PD_1,PD_3': 1.0, 'PD_1,PD_4': 1.0, 'PD_1,PD_5': 0.0, 'PD_2,PD_3': 1.0, 'PD_2,PD_4': 1.0, 'PD_2,PD_5': 0.0, 'PD_3,PD_4': 1.0, 'PD_3,PD_5': 0.0, 'PD_4,PD_5': 0.0}, ASR: 1.2, TCB: {'PD_1': ['PD_3', 'PD_2', 'PD_4'], 'PD_2': ['PD_4', 'PD_1', 'PD_3'], 'PD_3': ['PD_1', 'PD_2', 'PD_4'], 'PD_4': ['PD_1', 'PD_2', 'PD_3'], 'PD_5': []}, FR: {'PD_1,PD_2': inf, 'PD_1,PD_3': inf, 'PD_1,PD_4': inf, 'PD_1,PD_5': inf, 'PD_2,PD_3': inf, 'PD_2,PD_4': inf, 'PD_2,PD_5': inf, 'PD_3,PD_4': inf, 'PD_3,PD_5': inf, 'PD_4,PD_5': inf}
  Computing metrics...
    RSI: {'PD_1,PD_2': 0.0, 'PD_1,PD_3': 1.0, 'PD_1,PD_4': 1.0, 'PD_1,PD_5': 0.0, 'PD_2,PD_3': 0.0, 'PD_2,PD_4': 0.0, 'PD_2,PD_5': 0.0, 'PD_3,PD_4': 1.0, 'PD_3,PD_5': 0.0, 'PD_4,PD_5': 0.0}, ASR: 1.0, TCB: {'PD_1': ['PD_3', 'PD_4'], 'PD_2': ['PD_4'], 'PD_3': ['PD_1', 'PD_4'], 'PD_4': ['PD_1', 'PD_3'], 'PD_5': []}, FR: {'PD_1,PD_2': inf, 'PD_1,PD_3': inf, 'PD_1,PD_4': inf, 'PD_1,PD_5': inf, 'PD_2,PD_3': inf, 'PD_2,PD_4': inf, 'PD_2,PD_5': inf, 'PD_3,PD_4': inf, 'PD_3,PD_5': inf, 'PD_4,PD_5': inf}
    🎯 remove_hold_edge goal: -10.00, constraint: 0.00, unsatisfiable: 0.00, diversity: 0.00 → total: -4.90
    remove_hold_edge candidate: remove PD_2 -> FILE_1_1 HOLD edge -> score: -4.900
  Computing metrics...
    RSI: {'PD_1,PD_2': 1.0, 'PD_1,PD_3': 1.0, 'PD_1,PD_4': 1.0, 'PD_1,PD_5': 0.0, 'PD_2,PD_3': 1.0, 'PD_2,PD_4': 1.0, 'PD_2,PD_5': 0.0, 'PD_3,PD_4': 1.0, 'PD_3,PD_5': 0.0, 'PD_4,PD_5': 0.0}, ASR: 1.2, TCB: {'PD_1': ['PD_3', 'PD_2', 'PD_4'], 'PD_2': ['PD_4', 'PD_1', 'PD_3'], 'PD_3': ['PD_1', 'PD_2', 'PD_4'], 'PD_4': ['PD_1', 'PD_2', 'PD_3'], 'PD_5': []}, FR: {'PD_1,PD_2': inf, 'PD_1,PD_3': inf, 'PD_1,PD_4': inf, 'PD_1,PD_5': inf, 'PD_2,PD_3': inf, 'PD_2,PD_4': inf, 'PD_2,PD_5': inf, 'PD_3,PD_4': inf, 'PD_3,PD_5': inf, 'PD_4,PD_5': inf}
  Computing metrics...
    RSI: {'PD_1,PD_2': 1.0, 'PD_1,PD_3': 0.0, 'PD_1,PD_4': 1.0, 'PD_1,PD_5': 0.0, 'PD_2,PD_3': 0.0, 'PD_2,PD_4': 1.0, 'PD_2,PD_5': 0.0, 'PD_3,PD_4': 0.0, 'PD_3,PD_5': 0.0, 'PD_4,PD_5': 0.0}, ASR: 1.0, TCB: {'PD_1': ['PD_3', 'PD_2', 'PD_4'], 'PD_2': ['PD_4', 'PD_1'], 'PD_3': [], 'PD_4': ['PD_1', 'PD_2'], 'PD_5': []}, FR: {'PD_1,PD_2': inf, 'PD_1,PD_3': inf, 'PD_1,PD_4': inf, 'PD_1,PD_5': inf, 'PD_2,PD_3': inf, 'PD_2,PD_4': inf, 'PD_2,PD_5': inf, 'PD_3,PD_4': inf, 'PD_3,PD_5': inf, 'PD_4,PD_5': inf}
    remove_hold_edge candidate: remove PD_3 -> FILE_1_1 HOLD edge -> score: 0.100
  Computing metrics...
    RSI: {'PD_1,PD_2': 1.0, 'PD_1,PD_3': 1.0, 'PD_1,PD_4': 1.0, 'PD_1,PD_5': 0.0, 'PD_2,PD_3': 1.0, 'PD_2,PD_4': 1.0, 'PD_2,PD_5': 0.0, 'PD_3,PD_4': 1.0, 'PD_3,PD_5': 0.0, 'PD_4,PD_5': 0.0}, ASR: 1.2, TCB: {'PD_1': ['PD_3', 'PD_2', 'PD_4'], 'PD_2': ['PD_4', 'PD_1', 'PD_3'], 'PD_3': ['PD_1', 'PD_2', 'PD_4'], 'PD_4': ['PD_1', 'PD_2', 'PD_3'], 'PD_5': []}, FR: {'PD_1,PD_2': inf, 'PD_1,PD_3': inf, 'PD_1,PD_4': inf, 'PD_1,PD_5': inf, 'PD_2,PD_3': inf, 'PD_2,PD_4': inf, 'PD_2,PD_5': inf, 'PD_3,PD_4': inf, 'PD_3,PD_5': inf, 'PD_4,PD_5': inf}
  Computing metrics...
    RSI: {'PD_1,PD_2': 1.0, 'PD_1,PD_3': 1.0, 'PD_1,PD_4': 0.0, 'PD_1,PD_5': 0.0, 'PD_2,PD_3': 1.0, 'PD_2,PD_4': 0.0, 'PD_2,PD_5': 0.0, 'PD_3,PD_4': 0.0, 'PD_3,PD_5': 0.0, 'PD_4,PD_5': 0.0}, ASR: 1.0, TCB: {'PD_1': ['PD_3', 'PD_2'], 'PD_2': ['PD_4', 'PD_1', 'PD_3'], 'PD_3': ['PD_1', 'PD_2'], 'PD_4': [], 'PD_5': []}, FR: {'PD_1,PD_2': inf, 'PD_1,PD_3': inf, 'PD_1,PD_4': inf, 'PD_1,PD_5': inf, 'PD_2,PD_3': inf, 'PD_2,PD_4': inf, 'PD_2,PD_5': inf, 'PD_3,PD_4': inf, 'PD_3,PD_5': inf, 'PD_4,PD_5': inf}
    remove_hold_edge candidate: remove PD_4 -> FILE_1_1 HOLD edge -> score: 0.100
  Computing metrics...
    RSI: {'PD_1,PD_2': 1.0, 'PD_1,PD_3': 1.0, 'PD_1,PD_4': 1.0, 'PD_1,PD_5': 0.0, 'PD_2,PD_3': 1.0, 'PD_2,PD_4': 1.0, 'PD_2,PD_5': 0.0, 'PD_3,PD_4': 1.0, 'PD_3,PD_5': 0.0, 'PD_4,PD_5': 0.0}, ASR: 1.2, TCB: {'PD_1': ['PD_3', 'PD_2', 'PD_4'], 'PD_2': ['PD_4', 'PD_1', 'PD_3'], 'PD_3': ['PD_1', 'PD_2', 'PD_4'], 'PD_4': ['PD_1', 'PD_2', 'PD_3'], 'PD_5': []}, FR: {'PD_1,PD_2': inf, 'PD_1,PD_3': inf, 'PD_1,PD_4': inf, 'PD_1,PD_5': inf, 'PD_2,PD_3': inf, 'PD_2,PD_4': inf, 'PD_2,PD_5': inf, 'PD_3,PD_4': inf, 'PD_3,PD_5': inf, 'PD_4,PD_5': inf}
  Computing metrics...
    RSI: {'PD_1,PD_2': 1.0, 'PD_1,PD_3': 1.0, 'PD_1,PD_4': 1.0, 'PD_1,PD_5': 0.0, 'PD_2,PD_3': 1.0, 'PD_2,PD_4': 1.0, 'PD_2,PD_5': 0.0, 'PD_3,PD_4': 1.0, 'PD_3,PD_5': 0.0, 'PD_4,PD_5': 0.0}, ASR: 1.4, TCB: {'PD_1': ['PD_3', 'PD_2', 'PD_4'], 'PD_2': ['PD_4', 'PD_1', 'PD_3'], 'PD_3': ['PD_1', 'PD_2', 'PD_4'], 'PD_4': ['PD_1', 'PD_2', 'PD_3'], 'PD_5': []}, FR: {'PD_1,PD_2': 3, 'PD_1,PD_3': inf, 'PD_1,PD_4': inf, 'PD_1,PD_5': inf, 'PD_2,PD_3': inf, 'PD_2,PD_4': inf, 'PD_2,PD_5': inf, 'PD_3,PD_4': inf, 'PD_3,PD_5': inf, 'PD_4,PD_5': inf}
  Computing metrics...
    RSI: {'PD_1,PD_2': 1.0, 'PD_1,PD_3': 1.0, 'PD_1,PD_4': 1.0, 'PD_1,PD_5': 0.0, 'PD_2,PD_3': 1.0, 'PD_2,PD_4': 1.0, 'PD_2,PD_5': 0.0, 'PD_3,PD_4': 1.0, 'PD_3,PD_5': 0.0, 'PD_4,PD_5': 0.0}, ASR: 1.2, TCB: {'PD_1': ['PD_3', 'PD_2', 'PD_4'], 'PD_2': ['PD_4', 'PD_1', 'PD_3'], 'PD_3': ['PD_1', 'PD_2', 'PD_4'], 'PD_4': ['PD_1', 'PD_2', 'PD_3'], 'PD_5': []}, FR: {'PD_1,PD_2': inf, 'PD_1,PD_3': inf, 'PD_1,PD_4': inf, 'PD_1,PD_5': inf, 'PD_2,PD_3': inf, 'PD_2,PD_4': inf, 'PD_2,PD_5': inf, 'PD_3,PD_4': inf, 'PD_3,PD_5': inf, 'PD_4,PD_5': inf}
  Computing metrics...
    RSI: {'PD_1,PD_2': 1.0, 'PD_1,PD_3': 1.0, 'PD_1,PD_4': 1.0, 'PD_1,PD_5': 0.0, 'PD_2,PD_3': 1.0, 'PD_2,PD_4': 1.0, 'PD_2,PD_5': 0.0, 'PD_3,PD_4': 1.0, 'PD_3,PD_5': 0.0, 'PD_4,PD_5': 0.0}, ASR: 1.4, TCB: {'PD_1': ['PD_3', 'PD_4', 'PD_2'], 'PD_2': ['PD_4', 'PD_1', 'PD_3'], 'PD_3': ['PD_1', 'PD_2', 'PD_4'], 'PD_4': ['PD_1', 'PD_2', 'PD_3'], 'PD_5': []}, FR: {'PD_1,PD_2': 2, 'PD_1,PD_3': inf, 'PD_1,PD_4': inf, 'PD_1,PD_5': inf, 'PD_2,PD_3': inf, 'PD_2,PD_4': inf, 'PD_2,PD_5': inf, 'PD_3,PD_4': inf, 'PD_3,PD_5': inf, 'PD_4,PD_5': inf}
  Computing metrics...
    RSI: {'PD_1,PD_2': 1.0, 'PD_1,PD_3': 1.0, 'PD_1,PD_4': 1.0, 'PD_1,PD_5': 0.0, 'PD_2,PD_3': 1.0, 'PD_2,PD_4': 1.0, 'PD_2,PD_5': 0.0, 'PD_3,PD_4': 1.0, 'PD_3,PD_5': 0.0, 'PD_4,PD_5': 0.0}, ASR: 1.2, TCB: {'PD_1': ['PD_3', 'PD_2', 'PD_4'], 'PD_2': ['PD_4', 'PD_1', 'PD_3'], 'PD_3': ['PD_1', 'PD_2', 'PD_4'], 'PD_4': ['PD_1', 'PD_2', 'PD_3'], 'PD_5': []}, FR: {'PD_1,PD_2': inf, 'PD_1,PD_3': inf, 'PD_1,PD_4': inf, 'PD_1,PD_5': inf, 'PD_2,PD_3': inf, 'PD_2,PD_4': inf, 'PD_2,PD_5': inf, 'PD_3,PD_4': inf, 'PD_3,PD_5': inf, 'PD_4,PD_5': inf}
  Computing metrics...
    RSI: {'PD_1,PD_2': 1.0, 'PD_1,PD_3': 1.0, 'PD_1,PD_4': 1.0, 'PD_1,PD_5': 0.0, 'PD_2,PD_3': 1.0, 'PD_2,PD_4': 1.0, 'PD_2,PD_5': 0.0, 'PD_3,PD_4': 1.0, 'PD_3,PD_5': 0.0, 'PD_4,PD_5': 0.0}, ASR: 1.4, TCB: {'PD_1': ['PD_3', 'PD_5', 'PD_2', 'PD_4'], 'PD_2': ['PD_4', 'PD_1', 'PD_3'], 'PD_3': ['PD_1', 'PD_2', 'PD_4'], 'PD_4': ['PD_1', 'PD_2', 'PD_3'], 'PD_5': []}, FR: {'PD_1,PD_2': inf, 'PD_1,PD_3': inf, 'PD_1,PD_4': inf, 'PD_1,PD_5': inf, 'PD_2,PD_3': inf, 'PD_2,PD_4': inf, 'PD_2,PD_5': inf, 'PD_3,PD_4': inf, 'PD_3,PD_5': inf, 'PD_4,PD_5': inf}
  Computing metrics...
    RSI: {'PD_1,PD_2': 1.0, 'PD_1,PD_3': 1.0, 'PD_1,PD_4': 1.0, 'PD_1,PD_5': 0.0, 'PD_2,PD_3': 1.0, 'PD_2,PD_4': 1.0, 'PD_2,PD_5': 0.0, 'PD_3,PD_4': 1.0, 'PD_3,PD_5': 0.0, 'PD_4,PD_5': 0.0}, ASR: 1.2, TCB: {'PD_1': ['PD_3', 'PD_2', 'PD_4'], 'PD_2': ['PD_4', 'PD_1', 'PD_3'], 'PD_3': ['PD_1', 'PD_2', 'PD_4'], 'PD_4': ['PD_1', 'PD_2', 'PD_3'], 'PD_5': []}, FR: {'PD_1,PD_2': inf, 'PD_1,PD_3': inf, 'PD_1,PD_4': inf, 'PD_1,PD_5': inf, 'PD_2,PD_3': inf, 'PD_2,PD_4': inf, 'PD_2,PD_5': inf, 'PD_3,PD_4': inf, 'PD_3,PD_5': inf, 'PD_4,PD_5': inf}
  Computing metrics...
    RSI: {'PD_1,PD_2': 1.0, 'PD_1,PD_3': 1.0, 'PD_1,PD_4': 1.0, 'PD_1,PD_5': 0.0, 'PD_2,PD_3': 1.0, 'PD_2,PD_4': 1.0, 'PD_2,PD_5': 0.0, 'PD_3,PD_4': 1.0, 'PD_3,PD_5': 0.0, 'PD_4,PD_5': 0.0}, ASR: 1.4, TCB: {'PD_1': ['PD_3', 'PD_2', 'PD_4'], 'PD_2': ['PD_4', 'PD_1', 'PD_3'], 'PD_3': ['PD_1', 'PD_2', 'PD_4'], 'PD_4': ['PD_1', 'PD_2', 'PD_3'], 'PD_5': []}, FR: {'PD_1,PD_2': 3, 'PD_1,PD_3': inf, 'PD_1,PD_4': inf, 'PD_1,PD_5': inf, 'PD_2,PD_3': inf, 'PD_2,PD_4': inf, 'PD_2,PD_5': inf, 'PD_3,PD_4': inf, 'PD_3,PD_5': inf, 'PD_4,PD_5': inf}
  Computing metrics...
    RSI: {'PD_1,PD_2': 1.0, 'PD_1,PD_3': 1.0, 'PD_1,PD_4': 1.0, 'PD_1,PD_5': 0.0, 'PD_2,PD_3': 1.0, 'PD_2,PD_4': 1.0, 'PD_2,PD_5': 0.0, 'PD_3,PD_4': 1.0, 'PD_3,PD_5': 0.0, 'PD_4,PD_5': 0.0}, ASR: 1.2, TCB: {'PD_1': ['PD_3', 'PD_2', 'PD_4'], 'PD_2': ['PD_4', 'PD_1', 'PD_3'], 'PD_3': ['PD_1', 'PD_2', 'PD_4'], 'PD_4': ['PD_1', 'PD_2', 'PD_3'], 'PD_5': []}, FR: {'PD_1,PD_2': inf, 'PD_1,PD_3': inf, 'PD_1,PD_4': inf, 'PD_1,PD_5': inf, 'PD_2,PD_3': inf, 'PD_2,PD_4': inf, 'PD_2,PD_5': inf, 'PD_3,PD_4': inf, 'PD_3,PD_5': inf, 'PD_4,PD_5': inf}
  Computing metrics...
    RSI: {'PD_1,PD_2': 1.0, 'PD_1,PD_3': 1.0, 'PD_1,PD_4': 1.0, 'PD_1,PD_5': 0.0, 'PD_2,PD_3': 1.0, 'PD_2,PD_4': 1.0, 'PD_2,PD_5': 0.0, 'PD_3,PD_4': 1.0, 'PD_3,PD_5': 0.0, 'PD_4,PD_5': 0.0}, ASR: 1.4, TCB: {'PD_1': ['PD_3', 'PD_2', 'PD_4'], 'PD_2': ['PD_4', 'PD_3', 'PD_1'], 'PD_3': ['PD_1', 'PD_2', 'PD_4'], 'PD_4': ['PD_1', 'PD_2', 'PD_3'], 'PD_5': []}, FR: {'PD_1,PD_2': 2, 'PD_1,PD_3': inf, 'PD_1,PD_4': inf, 'PD_1,PD_5': inf, 'PD_2,PD_3': inf, 'PD_2,PD_4': inf, 'PD_2,PD_5': inf, 'PD_3,PD_4': inf, 'PD_3,PD_5': inf, 'PD_4,PD_5': inf}
  Computing metrics...
    RSI: {'PD_1,PD_2': 1.0, 'PD_1,PD_3': 1.0, 'PD_1,PD_4': 1.0, 'PD_1,PD_5': 0.0, 'PD_2,PD_3': 1.0, 'PD_2,PD_4': 1.0, 'PD_2,PD_5': 0.0, 'PD_3,PD_4': 1.0, 'PD_3,PD_5': 0.0, 'PD_4,PD_5': 0.0}, ASR: 1.2, TCB: {'PD_1': ['PD_3', 'PD_2', 'PD_4'], 'PD_2': ['PD_4', 'PD_1', 'PD_3'], 'PD_3': ['PD_1', 'PD_2', 'PD_4'], 'PD_4': ['PD_1', 'PD_2', 'PD_3'], 'PD_5': []}, FR: {'PD_1,PD_2': inf, 'PD_1,PD_3': inf, 'PD_1,PD_4': inf, 'PD_1,PD_5': inf, 'PD_2,PD_3': inf, 'PD_2,PD_4': inf, 'PD_2,PD_5': inf, 'PD_3,PD_4': inf, 'PD_3,PD_5': inf, 'PD_4,PD_5': inf}
  Computing metrics...
    RSI: {'PD_1,PD_2': 1.0, 'PD_1,PD_3': 1.0, 'PD_1,PD_4': 1.0, 'PD_1,PD_5': 0.0, 'PD_2,PD_3': 1.0, 'PD_2,PD_4': 1.0, 'PD_2,PD_5': 0.0, 'PD_3,PD_4': 1.0, 'PD_3,PD_5': 0.0, 'PD_4,PD_5': 0.0}, ASR: 1.4, TCB: {'PD_1': ['PD_3', 'PD_2', 'PD_4'], 'PD_2': ['PD_4', 'PD_5', 'PD_1', 'PD_3'], 'PD_3': ['PD_1', 'PD_2', 'PD_4'], 'PD_4': ['PD_1', 'PD_2', 'PD_3'], 'PD_5': []}, FR: {'PD_1,PD_2': inf, 'PD_1,PD_3': inf, 'PD_1,PD_4': inf, 'PD_1,PD_5': inf, 'PD_2,PD_3': inf, 'PD_2,PD_4': inf, 'PD_2,PD_5': inf, 'PD_3,PD_4': inf, 'PD_3,PD_5': inf, 'PD_4,PD_5': inf}
  Computing metrics...
    RSI: {'PD_1,PD_2': 1.0, 'PD_1,PD_3': 1.0, 'PD_1,PD_4': 1.0, 'PD_1,PD_5': 0.0, 'PD_2,PD_3': 1.0, 'PD_2,PD_4': 1.0, 'PD_2,PD_5': 0.0, 'PD_3,PD_4': 1.0, 'PD_3,PD_5': 0.0, 'PD_4,PD_5': 0.0}, ASR: 1.2, TCB: {'PD_1': ['PD_3', 'PD_2', 'PD_4'], 'PD_2': ['PD_4', 'PD_1', 'PD_3'], 'PD_3': ['PD_1', 'PD_2', 'PD_4'], 'PD_4': ['PD_1', 'PD_2', 'PD_3'], 'PD_5': []}, FR: {'PD_1,PD_2': inf, 'PD_1,PD_3': inf, 'PD_1,PD_4': inf, 'PD_1,PD_5': inf, 'PD_2,PD_3': inf, 'PD_2,PD_4': inf, 'PD_2,PD_5': inf, 'PD_3,PD_4': inf, 'PD_3,PD_5': inf, 'PD_4,PD_5': inf}
  Computing metrics...
    RSI: {'PD_1,PD_2': 1.0, 'PD_1,PD_3': 1.0, 'PD_1,PD_4': 1.0, 'PD_1,PD_5': 0.0, 'PD_2,PD_3': 1.0, 'PD_2,PD_4': 1.0, 'PD_2,PD_5': 0.0, 'PD_3,PD_4': 1.0, 'PD_3,PD_5': 0.0, 'PD_4,PD_5': 0.0}, ASR: 1.4, TCB: {'PD_1': ['PD_3', 'PD_2', 'PD_4'], 'PD_2': ['PD_4', 'PD_1', 'PD_3'], 'PD_3': ['PD_1', 'PD_2', 'PD_4'], 'PD_4': ['PD_1', 'PD_2', 'PD_3'], 'PD_5': []}, FR: {'PD_1,PD_2': inf, 'PD_1,PD_3': inf, 'PD_1,PD_4': inf, 'PD_1,PD_5': inf, 'PD_2,PD_3': inf, 'PD_2,PD_4': inf, 'PD_2,PD_5': inf, 'PD_3,PD_4': inf, 'PD_3,PD_5': inf, 'PD_4,PD_5': inf}
  Computing metrics...
    RSI: {'PD_1,PD_2': 1.0, 'PD_1,PD_3': 1.0, 'PD_1,PD_4': 1.0, 'PD_1,PD_5': 0.0, 'PD_2,PD_3': 1.0, 'PD_2,PD_4': 1.0, 'PD_2,PD_5': 0.0, 'PD_3,PD_4': 1.0, 'PD_3,PD_5': 0.0, 'PD_4,PD_5': 0.0}, ASR: 1.2, TCB: {'PD_1': ['PD_3', 'PD_2', 'PD_4'], 'PD_2': ['PD_4', 'PD_1', 'PD_3'], 'PD_3': ['PD_1', 'PD_2', 'PD_4'], 'PD_4': ['PD_1', 'PD_2', 'PD_3'], 'PD_5': []}, FR: {'PD_1,PD_2': inf, 'PD_1,PD_3': inf, 'PD_1,PD_4': inf, 'PD_1,PD_5': inf, 'PD_2,PD_3': inf, 'PD_2,PD_4': inf, 'PD_2,PD_5': inf, 'PD_3,PD_4': inf, 'PD_3,PD_5': inf, 'PD_4,PD_5': inf}
  Computing metrics...
    RSI: {'PD_1,PD_2': 1.0, 'PD_1,PD_3': 1.0, 'PD_1,PD_4': 1.0, 'PD_1,PD_5': 0.0, 'PD_2,PD_3': 1.0, 'PD_2,PD_4': 1.0, 'PD_2,PD_5': 0.0, 'PD_3,PD_4': 1.0, 'PD_3,PD_5': 0.0, 'PD_4,PD_5': 0.0}, ASR: 1.4, TCB: {'PD_1': ['PD_3', 'PD_2', 'PD_4'], 'PD_2': ['PD_4', 'PD_1', 'PD_3'], 'PD_3': ['PD_2', 'PD_1', 'PD_4'], 'PD_4': ['PD_1', 'PD_2', 'PD_3'], 'PD_5': []}, FR: {'PD_1,PD_2': 4, 'PD_1,PD_3': 3, 'PD_1,PD_4': inf, 'PD_1,PD_5': inf, 'PD_2,PD_3': 3, 'PD_2,PD_4': inf, 'PD_2,PD_5': inf, 'PD_3,PD_4': inf, 'PD_3,PD_5': inf, 'PD_4,PD_5': inf}
  Computing metrics...
    RSI: {'PD_1,PD_2': 1.0, 'PD_1,PD_3': 1.0, 'PD_1,PD_4': 1.0, 'PD_1,PD_5': 0.0, 'PD_2,PD_3': 1.0, 'PD_2,PD_4': 1.0, 'PD_2,PD_5': 0.0, 'PD_3,PD_4': 1.0, 'PD_3,PD_5': 0.0, 'PD_4,PD_5': 0.0}, ASR: 1.2, TCB: {'PD_1': ['PD_3', 'PD_2', 'PD_4'], 'PD_2': ['PD_4', 'PD_1', 'PD_3'], 'PD_3': ['PD_1', 'PD_2', 'PD_4'], 'PD_4': ['PD_1', 'PD_2', 'PD_3'], 'PD_5': []}, FR: {'PD_1,PD_2': inf, 'PD_1,PD_3': inf, 'PD_1,PD_4': inf, 'PD_1,PD_5': inf, 'PD_2,PD_3': inf, 'PD_2,PD_4': inf, 'PD_2,PD_5': inf, 'PD_3,PD_4': inf, 'PD_3,PD_5': inf, 'PD_4,PD_5': inf}
  Computing metrics...
    RSI: {'PD_1,PD_2': 1.0, 'PD_1,PD_3': 1.0, 'PD_1,PD_4': 1.0, 'PD_1,PD_5': 0.0, 'PD_2,PD_3': 1.0, 'PD_2,PD_4': 1.0, 'PD_2,PD_5': 0.0, 'PD_3,PD_4': 1.0, 'PD_3,PD_5': 0.0, 'PD_4,PD_5': 0.0}, ASR: 1.4, TCB: {'PD_1': ['PD_3', 'PD_2', 'PD_4'], 'PD_2': ['PD_4', 'PD_1', 'PD_3'], 'PD_3': ['PD_4', 'PD_1', 'PD_2'], 'PD_4': ['PD_1', 'PD_2', 'PD_3'], 'PD_5': []}, FR: {'PD_1,PD_2': 3, 'PD_1,PD_3': 3, 'PD_1,PD_4': inf, 'PD_1,PD_5': inf, 'PD_2,PD_3': 2, 'PD_2,PD_4': inf, 'PD_2,PD_5': inf, 'PD_3,PD_4': inf, 'PD_3,PD_5': inf, 'PD_4,PD_5': inf}
  Computing metrics...
    RSI: {'PD_1,PD_2': 1.0, 'PD_1,PD_3': 1.0, 'PD_1,PD_4': 1.0, 'PD_1,PD_5': 0.0, 'PD_2,PD_3': 1.0, 'PD_2,PD_4': 1.0, 'PD_2,PD_5': 0.0, 'PD_3,PD_4': 1.0, 'PD_3,PD_5': 0.0, 'PD_4,PD_5': 0.0}, ASR: 1.2, TCB: {'PD_1': ['PD_3', 'PD_2', 'PD_4'], 'PD_2': ['PD_4', 'PD_1', 'PD_3'], 'PD_3': ['PD_1', 'PD_2', 'PD_4'], 'PD_4': ['PD_1', 'PD_2', 'PD_3'], 'PD_5': []}, FR: {'PD_1,PD_2': inf, 'PD_1,PD_3': inf, 'PD_1,PD_4': inf, 'PD_1,PD_5': inf, 'PD_2,PD_3': inf, 'PD_2,PD_4': inf, 'PD_2,PD_5': inf, 'PD_3,PD_4': inf, 'PD_3,PD_5': inf, 'PD_4,PD_5': inf}
  Computing metrics...
    RSI: {'PD_1,PD_2': 1.0, 'PD_1,PD_3': 1.0, 'PD_1,PD_4': 1.0, 'PD_1,PD_5': 0.0, 'PD_2,PD_3': 1.0, 'PD_2,PD_4': 1.0, 'PD_2,PD_5': 0.0, 'PD_3,PD_4': 1.0, 'PD_3,PD_5': 0.0, 'PD_4,PD_5': 0.0}, ASR: 1.4, TCB: {'PD_1': ['PD_3', 'PD_2', 'PD_4'], 'PD_2': ['PD_4', 'PD_1', 'PD_3'], 'PD_3': ['PD_5', 'PD_1', 'PD_2', 'PD_4'], 'PD_4': ['PD_1', 'PD_2', 'PD_3'], 'PD_5': []}, FR: {'PD_1,PD_2': inf, 'PD_1,PD_3': 3, 'PD_1,PD_4': inf, 'PD_1,PD_5': inf, 'PD_2,PD_3': inf, 'PD_2,PD_4': inf, 'PD_2,PD_5': inf, 'PD_3,PD_4': inf, 'PD_3,PD_5': inf, 'PD_4,PD_5': inf}
  Computing metrics...
    RSI: {'PD_1,PD_2': 1.0, 'PD_1,PD_3': 1.0, 'PD_1,PD_4': 1.0, 'PD_1,PD_5': 0.0, 'PD_2,PD_3': 1.0, 'PD_2,PD_4': 1.0, 'PD_2,PD_5': 0.0, 'PD_3,PD_4': 1.0, 'PD_3,PD_5': 0.0, 'PD_4,PD_5': 0.0}, ASR: 1.2, TCB: {'PD_1': ['PD_3', 'PD_2', 'PD_4'], 'PD_2': ['PD_4', 'PD_1', 'PD_3'], 'PD_3': ['PD_1', 'PD_2', 'PD_4'], 'PD_4': ['PD_1', 'PD_2', 'PD_3'], 'PD_5': []}, FR: {'PD_1,PD_2': inf, 'PD_1,PD_3': inf, 'PD_1,PD_4': inf, 'PD_1,PD_5': inf, 'PD_2,PD_3': inf, 'PD_2,PD_4': inf, 'PD_2,PD_5': inf, 'PD_3,PD_4': inf, 'PD_3,PD_5': inf, 'PD_4,PD_5': inf}
  Computing metrics...
    RSI: {'PD_1,PD_2': 1.0, 'PD_1,PD_3': 1.0, 'PD_1,PD_4': 1.0, 'PD_1,PD_5': 0.0, 'PD_2,PD_3': 1.0, 'PD_2,PD_4': 1.0, 'PD_2,PD_5': 0.0, 'PD_3,PD_4': 1.0, 'PD_3,PD_5': 0.0, 'PD_4,PD_5': 0.0}, ASR: 1.4, TCB: {'PD_1': ['PD_3', 'PD_2', 'PD_4'], 'PD_2': ['PD_4', 'PD_1', 'PD_3'], 'PD_3': ['PD_1', 'PD_2', 'PD_4'], 'PD_4': ['PD_1', 'PD_2', 'PD_3'], 'PD_5': []}, FR: {'PD_1,PD_2': 4, 'PD_1,PD_3': inf, 'PD_1,PD_4': 3, 'PD_1,PD_5': inf, 'PD_2,PD_3': inf, 'PD_2,PD_4': 3, 'PD_2,PD_5': inf, 'PD_3,PD_4': inf, 'PD_3,PD_5': inf, 'PD_4,PD_5': inf}
  Computing metrics...
    RSI: {'PD_1,PD_2': 1.0, 'PD_1,PD_3': 1.0, 'PD_1,PD_4': 1.0, 'PD_1,PD_5': 0.0, 'PD_2,PD_3': 1.0, 'PD_2,PD_4': 1.0, 'PD_2,PD_5': 0.0, 'PD_3,PD_4': 1.0, 'PD_3,PD_5': 0.0, 'PD_4,PD_5': 0.0}, ASR: 1.2, TCB: {'PD_1': ['PD_3', 'PD_2', 'PD_4'], 'PD_2': ['PD_4', 'PD_1', 'PD_3'], 'PD_3': ['PD_1', 'PD_2', 'PD_4'], 'PD_4': ['PD_1', 'PD_2', 'PD_3'], 'PD_5': []}, FR: {'PD_1,PD_2': inf, 'PD_1,PD_3': inf, 'PD_1,PD_4': inf, 'PD_1,PD_5': inf, 'PD_2,PD_3': inf, 'PD_2,PD_4': inf, 'PD_2,PD_5': inf, 'PD_3,PD_4': inf, 'PD_3,PD_5': inf, 'PD_4,PD_5': inf}
  Computing metrics...
    RSI: {'PD_1,PD_2': 1.0, 'PD_1,PD_3': 1.0, 'PD_1,PD_4': 1.0, 'PD_1,PD_5': 0.0, 'PD_2,PD_3': 1.0, 'PD_2,PD_4': 1.0, 'PD_2,PD_5': 0.0, 'PD_3,PD_4': 1.0, 'PD_3,PD_5': 0.0, 'PD_4,PD_5': 0.0}, ASR: 1.4, TCB: {'PD_1': ['PD_3', 'PD_2', 'PD_4'], 'PD_2': ['PD_4', 'PD_1', 'PD_3'], 'PD_3': ['PD_1', 'PD_2', 'PD_4'], 'PD_4': ['PD_2', 'PD_1', 'PD_3'], 'PD_5': []}, FR: {'PD_1,PD_2': inf, 'PD_1,PD_3': inf, 'PD_1,PD_4': inf, 'PD_1,PD_5': inf, 'PD_2,PD_3': inf, 'PD_2,PD_4': inf, 'PD_2,PD_5': inf, 'PD_3,PD_4': inf, 'PD_3,PD_5': inf, 'PD_4,PD_5': inf}
  Computing metrics...
    RSI: {'PD_1,PD_2': 1.0, 'PD_1,PD_3': 1.0, 'PD_1,PD_4': 1.0, 'PD_1,PD_5': 0.0, 'PD_2,PD_3': 1.0, 'PD_2,PD_4': 1.0, 'PD_2,PD_5': 0.0, 'PD_3,PD_4': 1.0, 'PD_3,PD_5': 0.0, 'PD_4,PD_5': 0.0}, ASR: 1.2, TCB: {'PD_1': ['PD_3', 'PD_2', 'PD_4'], 'PD_2': ['PD_4', 'PD_1', 'PD_3'], 'PD_3': ['PD_1', 'PD_2', 'PD_4'], 'PD_4': ['PD_1', 'PD_2', 'PD_3'], 'PD_5': []}, FR: {'PD_1,PD_2': inf, 'PD_1,PD_3': inf, 'PD_1,PD_4': inf, 'PD_1,PD_5': inf, 'PD_2,PD_3': inf, 'PD_2,PD_4': inf, 'PD_2,PD_5': inf, 'PD_3,PD_4': inf, 'PD_3,PD_5': inf, 'PD_4,PD_5': inf}
  Computing metrics...
    RSI: {'PD_1,PD_2': 1.0, 'PD_1,PD_3': 1.0, 'PD_1,PD_4': 1.0, 'PD_1,PD_5': 0.0, 'PD_2,PD_3': 1.0, 'PD_2,PD_4': 1.0, 'PD_2,PD_5': 0.0, 'PD_3,PD_4': 1.0, 'PD_3,PD_5': 0.0, 'PD_4,PD_5': 0.0}, ASR: 1.4, TCB: {'PD_1': ['PD_3', 'PD_2', 'PD_4'], 'PD_2': ['PD_4', 'PD_1', 'PD_3'], 'PD_3': ['PD_1', 'PD_2', 'PD_4'], 'PD_4': ['PD_3', 'PD_1', 'PD_2'], 'PD_5': []}, FR: {'PD_1,PD_2': 3, 'PD_1,PD_3': inf, 'PD_1,PD_4': 2, 'PD_1,PD_5': inf, 'PD_2,PD_3': inf, 'PD_2,PD_4': 3, 'PD_2,PD_5': inf, 'PD_3,PD_4': inf, 'PD_3,PD_5': inf, 'PD_4,PD_5': inf}
  Computing metrics...
    RSI: {'PD_1,PD_2': 1.0, 'PD_1,PD_3': 1.0, 'PD_1,PD_4': 1.0, 'PD_1,PD_5': 0.0, 'PD_2,PD_3': 1.0, 'PD_2,PD_4': 1.0, 'PD_2,PD_5': 0.0, 'PD_3,PD_4': 1.0, 'PD_3,PD_5': 0.0, 'PD_4,PD_5': 0.0}, ASR: 1.2, TCB: {'PD_1': ['PD_3', 'PD_2', 'PD_4'], 'PD_2': ['PD_4', 'PD_1', 'PD_3'], 'PD_3': ['PD_1', 'PD_2', 'PD_4'], 'PD_4': ['PD_1', 'PD_2', 'PD_3'], 'PD_5': []}, FR: {'PD_1,PD_2': inf, 'PD_1,PD_3': inf, 'PD_1,PD_4': inf, 'PD_1,PD_5': inf, 'PD_2,PD_3': inf, 'PD_2,PD_4': inf, 'PD_2,PD_5': inf, 'PD_3,PD_4': inf, 'PD_3,PD_5': inf, 'PD_4,PD_5': inf}
  Computing metrics...
    RSI: {'PD_1,PD_2': 1.0, 'PD_1,PD_3': 1.0, 'PD_1,PD_4': 1.0, 'PD_1,PD_5': 0.0, 'PD_2,PD_3': 1.0, 'PD_2,PD_4': 1.0, 'PD_2,PD_5': 0.0, 'PD_3,PD_4': 1.0, 'PD_3,PD_5': 0.0, 'PD_4,PD_5': 0.0}, ASR: 1.4, TCB: {'PD_1': ['PD_3', 'PD_2', 'PD_4'], 'PD_2': ['PD_4', 'PD_1', 'PD_3'], 'PD_3': ['PD_1', 'PD_2', 'PD_4'], 'PD_4': ['PD_5', 'PD_1', 'PD_2', 'PD_3'], 'PD_5': []}, FR: {'PD_1,PD_2': inf, 'PD_1,PD_3': inf, 'PD_1,PD_4': inf, 'PD_1,PD_5': inf, 'PD_2,PD_3': inf, 'PD_2,PD_4': 3, 'PD_2,PD_5': inf, 'PD_3,PD_4': inf, 'PD_3,PD_5': inf, 'PD_4,PD_5': inf}
  Computing metrics...
    RSI: {'PD_1,PD_2': 1.0, 'PD_1,PD_3': 1.0, 'PD_1,PD_4': 1.0, 'PD_1,PD_5': 0.0, 'PD_2,PD_3': 1.0, 'PD_2,PD_4': 1.0, 'PD_2,PD_5': 0.0, 'PD_3,PD_4': 1.0, 'PD_3,PD_5': 0.0, 'PD_4,PD_5': 0.0}, ASR: 1.2, TCB: {'PD_1': ['PD_3', 'PD_2', 'PD_4'], 'PD_2': ['PD_4', 'PD_1', 'PD_3'], 'PD_3': ['PD_1', 'PD_2', 'PD_4'], 'PD_4': ['PD_1', 'PD_2', 'PD_3'], 'PD_5': []}, FR: {'PD_1,PD_2': inf, 'PD_1,PD_3': inf, 'PD_1,PD_4': inf, 'PD_1,PD_5': inf, 'PD_2,PD_3': inf, 'PD_2,PD_4': inf, 'PD_2,PD_5': inf, 'PD_3,PD_4': inf, 'PD_3,PD_5': inf, 'PD_4,PD_5': inf}
  Computing metrics...
    RSI: {'PD_1,PD_2': 1.0, 'PD_1,PD_3': 1.0, 'PD_1,PD_4': 1.0, 'PD_1,PD_5': 0.0, 'PD_2,PD_3': 1.0, 'PD_2,PD_4': 1.0, 'PD_2,PD_5': 0.0, 'PD_3,PD_4': 1.0, 'PD_3,PD_5': 0.0, 'PD_4,PD_5': 0.0}, ASR: 1.4, TCB: {'PD_1': ['PD_3', 'PD_2', 'PD_4'], 'PD_2': ['PD_4', 'PD_1', 'PD_3'], 'PD_3': ['PD_1', 'PD_2', 'PD_4'], 'PD_4': ['PD_1', 'PD_2', 'PD_3'], 'PD_5': ['PD_1']}, FR: {'PD_1,PD_2': inf, 'PD_1,PD_3': inf, 'PD_1,PD_4': inf, 'PD_1,PD_5': 3, 'PD_2,PD_3': inf, 'PD_2,PD_4': inf, 'PD_2,PD_5': inf, 'PD_3,PD_4': inf, 'PD_3,PD_5': inf, 'PD_4,PD_5': inf}
  Computing metrics...
    RSI: {'PD_1,PD_2': 1.0, 'PD_1,PD_3': 1.0, 'PD_1,PD_4': 1.0, 'PD_1,PD_5': 0.0, 'PD_2,PD_3': 1.0, 'PD_2,PD_4': 1.0, 'PD_2,PD_5': 0.0, 'PD_3,PD_4': 1.0, 'PD_3,PD_5': 0.0, 'PD_4,PD_5': 0.0}, ASR: 1.2, TCB: {'PD_1': ['PD_3', 'PD_2', 'PD_4'], 'PD_2': ['PD_4', 'PD_1', 'PD_3'], 'PD_3': ['PD_1', 'PD_2', 'PD_4'], 'PD_4': ['PD_1', 'PD_2', 'PD_3'], 'PD_5': []}, FR: {'PD_1,PD_2': inf, 'PD_1,PD_3': inf, 'PD_1,PD_4': inf, 'PD_1,PD_5': inf, 'PD_2,PD_3': inf, 'PD_2,PD_4': inf, 'PD_2,PD_5': inf, 'PD_3,PD_4': inf, 'PD_3,PD_5': inf, 'PD_4,PD_5': inf}
  Computing metrics...
    RSI: {'PD_1,PD_2': 1.0, 'PD_1,PD_3': 1.0, 'PD_1,PD_4': 1.0, 'PD_1,PD_5': 0.0, 'PD_2,PD_3': 1.0, 'PD_2,PD_4': 1.0, 'PD_2,PD_5': 0.0, 'PD_3,PD_4': 1.0, 'PD_3,PD_5': 0.0, 'PD_4,PD_5': 0.0}, ASR: 1.4, TCB: {'PD_1': ['PD_3', 'PD_2', 'PD_4'], 'PD_2': ['PD_4', 'PD_1', 'PD_3'], 'PD_3': ['PD_1', 'PD_2', 'PD_4'], 'PD_4': ['PD_1', 'PD_2', 'PD_3'], 'PD_5': ['PD_2']}, FR: {'PD_1,PD_2': inf, 'PD_1,PD_3': inf, 'PD_1,PD_4': inf, 'PD_1,PD_5': inf, 'PD_2,PD_3': inf, 'PD_2,PD_4': inf, 'PD_2,PD_5': 3, 'PD_3,PD_4': inf, 'PD_3,PD_5': inf, 'PD_4,PD_5': inf}
  Computing metrics...
    RSI: {'PD_1,PD_2': 1.0, 'PD_1,PD_3': 1.0, 'PD_1,PD_4': 1.0, 'PD_1,PD_5': 0.0, 'PD_2,PD_3': 1.0, 'PD_2,PD_4': 1.0, 'PD_2,PD_5': 0.0, 'PD_3,PD_4': 1.0, 'PD_3,PD_5': 0.0, 'PD_4,PD_5': 0.0}, ASR: 1.2, TCB: {'PD_1': ['PD_3', 'PD_2', 'PD_4'], 'PD_2': ['PD_4', 'PD_1', 'PD_3'], 'PD_3': ['PD_1', 'PD_2', 'PD_4'], 'PD_4': ['PD_1', 'PD_2', 'PD_3'], 'PD_5': []}, FR: {'PD_1,PD_2': inf, 'PD_1,PD_3': inf, 'PD_1,PD_4': inf, 'PD_1,PD_5': inf, 'PD_2,PD_3': inf, 'PD_2,PD_4': inf, 'PD_2,PD_5': inf, 'PD_3,PD_4': inf, 'PD_3,PD_5': inf, 'PD_4,PD_5': inf}
  Computing metrics...
    RSI: {'PD_1,PD_2': 1.0, 'PD_1,PD_3': 1.0, 'PD_1,PD_4': 1.0, 'PD_1,PD_5': 0.0, 'PD_2,PD_3': 1.0, 'PD_2,PD_4': 1.0, 'PD_2,PD_5': 0.0, 'PD_3,PD_4': 1.0, 'PD_3,PD_5': 0.0, 'PD_4,PD_5': 0.0}, ASR: 1.4, TCB: {'PD_1': ['PD_3', 'PD_2', 'PD_4'], 'PD_2': ['PD_4', 'PD_1', 'PD_3'], 'PD_3': ['PD_1', 'PD_2', 'PD_4'], 'PD_4': ['PD_1', 'PD_2', 'PD_3'], 'PD_5': ['PD_3']}, FR: {'PD_1,PD_2': inf, 'PD_1,PD_3': inf, 'PD_1,PD_4': inf, 'PD_1,PD_5': 2, 'PD_2,PD_3': inf, 'PD_2,PD_4': inf, 'PD_2,PD_5': inf, 'PD_3,PD_4': inf, 'PD_3,PD_5': inf, 'PD_4,PD_5': inf}
  Computing metrics...
    RSI: {'PD_1,PD_2': 1.0, 'PD_1,PD_3': 1.0, 'PD_1,PD_4': 1.0, 'PD_1,PD_5': 0.0, 'PD_2,PD_3': 1.0, 'PD_2,PD_4': 1.0, 'PD_2,PD_5': 0.0, 'PD_3,PD_4': 1.0, 'PD_3,PD_5': 0.0, 'PD_4,PD_5': 0.0}, ASR: 1.2, TCB: {'PD_1': ['PD_3', 'PD_2', 'PD_4'], 'PD_2': ['PD_4', 'PD_1', 'PD_3'], 'PD_3': ['PD_1', 'PD_2', 'PD_4'], 'PD_4': ['PD_1', 'PD_2', 'PD_3'], 'PD_5': []}, FR: {'PD_1,PD_2': inf, 'PD_1,PD_3': inf, 'PD_1,PD_4': inf, 'PD_1,PD_5': inf, 'PD_2,PD_3': inf, 'PD_2,PD_4': inf, 'PD_2,PD_5': inf, 'PD_3,PD_4': inf, 'PD_3,PD_5': inf, 'PD_4,PD_5': inf}
  Computing metrics...
    RSI: {'PD_1,PD_2': 1.0, 'PD_1,PD_3': 1.0, 'PD_1,PD_4': 1.0, 'PD_1,PD_5': 0.0, 'PD_2,PD_3': 1.0, 'PD_2,PD_4': 1.0, 'PD_2,PD_5': 0.0, 'PD_3,PD_4': 1.0, 'PD_3,PD_5': 0.0, 'PD_4,PD_5': 0.0}, ASR: 1.4, TCB: {'PD_1': ['PD_3', 'PD_2', 'PD_4'], 'PD_2': ['PD_4', 'PD_1', 'PD_3'], 'PD_3': ['PD_1', 'PD_2', 'PD_4'], 'PD_4': ['PD_1', 'PD_2', 'PD_3'], 'PD_5': ['PD_4']}, FR: {'PD_1,PD_2': inf, 'PD_1,PD_3': inf, 'PD_1,PD_4': inf, 'PD_1,PD_5': inf, 'PD_2,PD_3': inf, 'PD_2,PD_4': inf, 'PD_2,PD_5': 2, 'PD_3,PD_4': inf, 'PD_3,PD_5': inf, 'PD_4,PD_5': inf}
  Computing metrics...
    RSI: {'PD_1,PD_2': 1.0, 'PD_1,PD_3': 1.0, 'PD_1,PD_4': 1.0, 'PD_1,PD_5': 0.0, 'PD_2,PD_3': 1.0, 'PD_2,PD_4': 1.0, 'PD_2,PD_5': 0.0, 'PD_3,PD_4': 1.0, 'PD_3,PD_5': 0.0, 'PD_4,PD_5': 0.0}, ASR: 1.2, TCB: {'PD_1': ['PD_3', 'PD_2', 'PD_4'], 'PD_2': ['PD_4', 'PD_1', 'PD_3'], 'PD_3': ['PD_1', 'PD_2', 'PD_4'], 'PD_4': ['PD_1', 'PD_2', 'PD_3'], 'PD_5': []}, FR: {'PD_1,PD_2': inf, 'PD_1,PD_3': inf, 'PD_1,PD_4': inf, 'PD_1,PD_5': inf, 'PD_2,PD_3': inf, 'PD_2,PD_4': inf, 'PD_2,PD_5': inf, 'PD_3,PD_4': inf, 'PD_3,PD_5': inf, 'PD_4,PD_5': inf}
  Computing metrics...
    RSI: {'PD_1,PD_2': 1.0, 'PD_1,PD_3': 1.0, 'PD_1,PD_4': 1.0, 'PD_1,PD_5': 0.0, 'PD_2,PD_3': 1.0, 'PD_2,PD_4': 1.0, 'PD_2,PD_5': 0.0, 'PD_3,PD_4': 1.0, 'PD_3,PD_5': 0.0, 'PD_4,PD_5': 0.0}, ASR: 1.0, TCB: {'PD_1': ['PD_2', 'PD_3', 'PD_4'], 'PD_2': ['PD_4', 'PD_1', 'PD_3'], 'PD_3': ['PD_1', 'PD_2', 'PD_4'], 'PD_4': ['PD_1', 'PD_2', 'PD_3'], 'PD_5': []}, FR: {'PD_1,PD_2': inf, 'PD_1,PD_3': inf, 'PD_1,PD_4': inf, 'PD_1,PD_5': inf, 'PD_2,PD_3': inf, 'PD_2,PD_4': inf, 'PD_2,PD_5': inf, 'PD_3,PD_4': inf, 'PD_3,PD_5': inf, 'PD_4,PD_5': inf}
  Computing metrics...
    RSI: {'PD_1,PD_2': 1.0, 'PD_1,PD_3': 1.0, 'PD_1,PD_4': 1.0, 'PD_1,PD_5': 0.0, 'PD_2,PD_3': 1.0, 'PD_2,PD_4': 1.0, 'PD_2,PD_5': 0.0, 'PD_3,PD_4': 1.0, 'PD_3,PD_5': 0.0, 'PD_4,PD_5': 0.0}, ASR: 1.2, TCB: {'PD_1': ['PD_3', 'PD_2', 'PD_4'], 'PD_2': ['PD_4', 'PD_1', 'PD_3'], 'PD_3': ['PD_1', 'PD_2', 'PD_4'], 'PD_4': ['PD_1', 'PD_2', 'PD_3'], 'PD_5': []}, FR: {'PD_1,PD_2': inf, 'PD_1,PD_3': inf, 'PD_1,PD_4': inf, 'PD_1,PD_5': inf, 'PD_2,PD_3': inf, 'PD_2,PD_4': inf, 'PD_2,PD_5': inf, 'PD_3,PD_4': inf, 'PD_3,PD_5': inf, 'PD_4,PD_5': inf}
  Computing metrics...
    RSI: {'PD_1,PD_2': 1.0, 'PD_1,PD_3': 1.0, 'PD_1,PD_4': 1.0, 'PD_1,PD_5': 0.0, 'PD_2,PD_3': 1.0, 'PD_2,PD_4': 1.0, 'PD_2,PD_5': 0.0, 'PD_3,PD_4': 1.0, 'PD_3,PD_5': 0.0, 'PD_4,PD_5': 0.0}, ASR: 1.0, TCB: {'PD_1': ['PD_3', 'PD_2', 'PD_4'], 'PD_2': ['PD_1', 'PD_3', 'PD_4'], 'PD_3': ['PD_1', 'PD_2', 'PD_4'], 'PD_4': ['PD_1', 'PD_2', 'PD_3'], 'PD_5': []}, FR: {'PD_1,PD_2': inf, 'PD_1,PD_3': inf, 'PD_1,PD_4': inf, 'PD_1,PD_5': inf, 'PD_2,PD_3': inf, 'PD_2,PD_4': inf, 'PD_2,PD_5': inf, 'PD_3,PD_4': inf, 'PD_3,PD_5': inf, 'PD_4,PD_5': inf}
  Computing metrics...
    RSI: {'PD_1,PD_2': 1.0, 'PD_1,PD_3': 1.0, 'PD_1,PD_4': 1.0, 'PD_1,PD_5': 0.0, 'PD_2,PD_3': 1.0, 'PD_2,PD_4': 1.0, 'PD_2,PD_5': 0.0, 'PD_3,PD_4': 1.0, 'PD_3,PD_5': 0.0, 'PD_4,PD_5': 0.0}, ASR: 1.2, TCB: {'PD_1': ['PD_3', 'PD_2', 'PD_4'], 'PD_2': ['PD_4', 'PD_1', 'PD_3'], 'PD_3': ['PD_1', 'PD_2', 'PD_4'], 'PD_4': ['PD_1', 'PD_2', 'PD_3'], 'PD_5': []}, FR: {'PD_1,PD_2': inf, 'PD_1,PD_3': inf, 'PD_1,PD_4': inf, 'PD_1,PD_5': inf, 'PD_2,PD_3': inf, 'PD_2,PD_4': inf, 'PD_2,PD_5': inf, 'PD_3,PD_4': inf, 'PD_3,PD_5': inf, 'PD_4,PD_5': inf}
  Computing metrics...
    RSI: {'PD_1,PD_2': 1.0, 'PD_1,PD_3': 1.0, 'PD_1,PD_4': 1.0, 'PD_1,PD_5': 0.0, 'PD_2,PD_3': 1.0, 'PD_2,PD_4': 1.0, 'PD_2,PD_5': 0.0, 'PD_3,PD_4': 1.0, 'PD_3,PD_5': 0.0, 'PD_4,PD_5': 0.0}, ASR: 1.2, TCB: {'PD_1': ['PD_3', 'PD_2', 'PD_4'], 'PD_2': ['PD_4', 'PD_1', 'PD_3'], 'PD_3': ['PD_1', 'PD_2', 'PD_4'], 'PD_4': ['PD_1', 'PD_2', 'PD_3'], 'PD_5': []}, FR: {'PD_1,PD_2': inf, 'PD_1,PD_3': inf, 'PD_1,PD_4': inf, 'PD_1,PD_5': inf, 'PD_2,PD_3': inf, 'PD_2,PD_4': inf, 'PD_2,PD_5': inf, 'PD_3,PD_4': inf, 'PD_3,PD_5': inf, 'PD_4,PD_5': inf}
  🚫 Filtered out 1 'add_hold_edge' candidates (avoiding repetition)
  🎲 Exploration: selecting candidate #1 instead of best
  Trying best transition: primitive
    Target: add new protection domain (warning: 5 PDs already exist)
    Predicted improvement: 0.100
    Considered 32 other option(s):
      1. primitive: remove empty PD_5 (improvement: 0.100)
      2. primitive: create new CONFIG file in FILE_SPACE_1 (improvement: 0.100)
      3. primitive: create new DATABASE file in FILE_SPACE_1 (improvement: 0.100)
      4. primitive: create new TEMP file in FILE_SPACE_1 (improvement: 0.100)
      5. primitive: create new LOG file in FILE_SPACE_1 (improvement: 0.100)
      6. primitive: remove FILE_1_1 (holders: 4) (improvement: 0.100)
      7. primitive: create new FILE resource space (improvement: 0.100)
      8. primitive: remove PD_3 -> FILE_1_1 HOLD edge (improvement: 0.100)
      9. primitive: remove PD_4 -> FILE_1_1 HOLD edge (improvement: 0.100)
      10. primitive: create PD_1 -> PD_2 REQUEST (improvement: 0.100)
      ... and 22 more
    ✅ Applied add_pd
  Computing metrics...
    RSI: {'PD_1,PD_2': 1.0, 'PD_1,PD_3': 1.0, 'PD_1,PD_4': 1.0, 'PD_1,PD_5': 0.0, 'PD_1,PD_6': 0.0, 'PD_2,PD_3': 1.0, 'PD_2,PD_4': 1.0, 'PD_2,PD_5': 0.0, 'PD_2,PD_6': 0.0, 'PD_3,PD_4': 1.0, 'PD_3,PD_5': 0.0, 'PD_3,PD_6': 0.0, 'PD_4,PD_5': 0.0, 'PD_4,PD_6': 0.0, 'PD_5,PD_6': 0.0}, ASR: 1.0, TCB: {'PD_1': ['PD_3', 'PD_2', 'PD_4'], 'PD_2': ['PD_4', 'PD_1', 'PD_3'], 'PD_3': ['PD_1', 'PD_2', 'PD_4'], 'PD_4': ['PD_1', 'PD_2', 'PD_3'], 'PD_5': [], 'PD_6': []}, FR: {'PD_1,PD_2': inf, 'PD_1,PD_3': inf, 'PD_1,PD_4': inf, 'PD_1,PD_5': inf, 'PD_1,PD_6': inf, 'PD_2,PD_3': inf, 'PD_2,PD_4': inf, 'PD_2,PD_5': inf, 'PD_2,PD_6': inf, 'PD_3,PD_4': inf, 'PD_3,PD_5': inf, 'PD_3,PD_6': inf, 'PD_4,PD_5': inf, 'PD_4,PD_6': inf, 'PD_5,PD_6': inf}
    All 1 goals met!
    All 1 goal(s) met!
  ✅ Mechanism saved! Total mechanisms found: 4

📊 Graph after iteration 4:
        # Graph structure:
        # PD_1 --REQUEST--> PD_3
        # PD_1 --HOLD--> FILE_1_1 -> FILE_SPACE_1
        # PD_2 --REQUEST--> PD_4
        # PD_2 --HOLD--> FILE_1_1 -> FILE_SPACE_1
        # PD_3 --HOLD--> FILE_1_1 -> FILE_SPACE_1
        # PD_4 --HOLD--> FILE_1_1 -> FILE_SPACE_1
        # PD_5
        # PD_6
        #
        # FILE_1_1 shared by: PD_1, PD_2, PD_3, PD_4


Iteration 5/10
  Computing metrics...
    RSI: {'PD_1,PD_2': 1.0, 'PD_1,PD_3': 1.0, 'PD_1,PD_4': 1.0, 'PD_1,PD_5': 0.0, 'PD_1,PD_6': 0.0, 'PD_2,PD_3': 1.0, 'PD_2,PD_4': 1.0, 'PD_2,PD_5': 0.0, 'PD_2,PD_6': 0.0, 'PD_3,PD_4': 1.0, 'PD_3,PD_5': 0.0, 'PD_3,PD_6': 0.0, 'PD_4,PD_5': 0.0, 'PD_4,PD_6': 0.0, 'PD_5,PD_6': 0.0}, ASR: 1.0, TCB: {'PD_1': ['PD_3', 'PD_2', 'PD_4'], 'PD_2': ['PD_4', 'PD_1', 'PD_3'], 'PD_3': ['PD_1', 'PD_2', 'PD_4'], 'PD_4': ['PD_1', 'PD_2', 'PD_3'], 'PD_5': [], 'PD_6': []}, FR: {'PD_1,PD_2': inf, 'PD_1,PD_3': inf, 'PD_1,PD_4': inf, 'PD_1,PD_5': inf, 'PD_1,PD_6': inf, 'PD_2,PD_3': inf, 'PD_2,PD_4': inf, 'PD_2,PD_5': inf, 'PD_2,PD_6': inf, 'PD_3,PD_4': inf, 'PD_3,PD_5': inf, 'PD_3,PD_6': inf, 'PD_4,PD_5': inf, 'PD_4,PD_6': inf, 'PD_5,PD_6': inf}
  Computing metrics...
    RSI: {'PD_1,PD_2': 1.0, 'PD_1,PD_3': 1.0, 'PD_1,PD_4': 1.0, 'PD_1,PD_5': 0.0, 'PD_1,PD_6': 0.0, 'PD_1,PD_7': 0.0, 'PD_2,PD_3': 1.0, 'PD_2,PD_4': 1.0, 'PD_2,PD_5': 0.0, 'PD_2,PD_6': 0.0, 'PD_2,PD_7': 0.0, 'PD_3,PD_4': 1.0, 'PD_3,PD_5': 0.0, 'PD_3,PD_6': 0.0, 'PD_3,PD_7': 0.0, 'PD_4,PD_5': 0.0, 'PD_4,PD_6': 0.0, 'PD_4,PD_7': 0.0, 'PD_5,PD_6': 0.0, 'PD_5,PD_7': 0.0, 'PD_6,PD_7': 0.0}, ASR: 0.8571428571428571, TCB: {'PD_1': ['PD_3', 'PD_2', 'PD_4'], 'PD_2': ['PD_4', 'PD_1', 'PD_3'], 'PD_3': ['PD_1', 'PD_2', 'PD_4'], 'PD_4': ['PD_1', 'PD_2', 'PD_3'], 'PD_5': [], 'PD_6': [], 'PD_7': []}, FR: {'PD_1,PD_2': inf, 'PD_1,PD_3': inf, 'PD_1,PD_4': inf, 'PD_1,PD_5': inf, 'PD_1,PD_6': inf, 'PD_1,PD_7': inf, 'PD_2,PD_3': inf, 'PD_2,PD_4': inf, 'PD_2,PD_5': inf, 'PD_2,PD_6': inf, 'PD_2,PD_7': inf, 'PD_3,PD_4': inf, 'PD_3,PD_5': inf, 'PD_3,PD_6': inf, 'PD_3,PD_7': inf, 'PD_4,PD_5': inf, 'PD_4,PD_6': inf, 'PD_4,PD_7': inf, 'PD_5,PD_6': inf, 'PD_5,PD_7': inf, 'PD_6,PD_7': inf}
  Computing metrics...
    RSI: {'PD_1,PD_2': 1.0, 'PD_1,PD_3': 1.0, 'PD_1,PD_4': 1.0, 'PD_1,PD_5': 0.0, 'PD_1,PD_6': 0.0, 'PD_2,PD_3': 1.0, 'PD_2,PD_4': 1.0, 'PD_2,PD_5': 0.0, 'PD_2,PD_6': 0.0, 'PD_3,PD_4': 1.0, 'PD_3,PD_5': 0.0, 'PD_3,PD_6': 0.0, 'PD_4,PD_5': 0.0, 'PD_4,PD_6': 0.0, 'PD_5,PD_6': 0.0}, ASR: 1.0, TCB: {'PD_1': ['PD_3', 'PD_2', 'PD_4'], 'PD_2': ['PD_4', 'PD_1', 'PD_3'], 'PD_3': ['PD_1', 'PD_2', 'PD_4'], 'PD_4': ['PD_1', 'PD_2', 'PD_3'], 'PD_5': [], 'PD_6': []}, FR: {'PD_1,PD_2': inf, 'PD_1,PD_3': inf, 'PD_1,PD_4': inf, 'PD_1,PD_5': inf, 'PD_1,PD_6': inf, 'PD_2,PD_3': inf, 'PD_2,PD_4': inf, 'PD_2,PD_5': inf, 'PD_2,PD_6': inf, 'PD_3,PD_4': inf, 'PD_3,PD_5': inf, 'PD_3,PD_6': inf, 'PD_4,PD_5': inf, 'PD_4,PD_6': inf, 'PD_5,PD_6': inf}
  Computing metrics...
    RSI: {'PD_1,PD_2': 1.0, 'PD_1,PD_3': 1.0, 'PD_1,PD_4': 1.0, 'PD_1,PD_5': 0.0, 'PD_1,PD_6': 0.0, 'PD_2,PD_3': 1.0, 'PD_2,PD_4': 1.0, 'PD_2,PD_5': 0.0, 'PD_2,PD_6': 0.0, 'PD_3,PD_4': 1.0, 'PD_3,PD_5': 0.0, 'PD_3,PD_6': 0.0, 'PD_4,PD_5': 0.0, 'PD_4,PD_6': 0.0, 'PD_5,PD_6': 0.0}, ASR: 1.0, TCB: {'PD_1': ['PD_3', 'PD_2', 'PD_4'], 'PD_2': ['PD_4', 'PD_1', 'PD_3'], 'PD_3': ['PD_1', 'PD_2', 'PD_4'], 'PD_4': ['PD_1', 'PD_2', 'PD_3'], 'PD_5': [], 'PD_6': []}, FR: {'PD_1,PD_2': inf, 'PD_1,PD_3': inf, 'PD_1,PD_4': inf, 'PD_1,PD_5': inf, 'PD_1,PD_6': inf, 'PD_2,PD_3': inf, 'PD_2,PD_4': inf, 'PD_2,PD_5': inf, 'PD_2,PD_6': inf, 'PD_3,PD_4': inf, 'PD_3,PD_5': inf, 'PD_3,PD_6': inf, 'PD_4,PD_5': inf, 'PD_4,PD_6': inf, 'PD_5,PD_6': inf}
  Computing metrics...
    RSI: {'PD_1,PD_2': 1.0, 'PD_1,PD_3': 1.0, 'PD_1,PD_4': 1.0, 'PD_1,PD_5': 0.0, 'PD_1,PD_6': 0.0, 'PD_2,PD_3': 1.0, 'PD_2,PD_4': 1.0, 'PD_2,PD_5': 0.0, 'PD_2,PD_6': 0.0, 'PD_3,PD_4': 1.0, 'PD_3,PD_5': 0.0, 'PD_3,PD_6': 0.0, 'PD_4,PD_5': 0.0, 'PD_4,PD_6': 0.0, 'PD_5,PD_6': 0.0}, ASR: 1.0, TCB: {'PD_1': ['PD_3', 'PD_2', 'PD_4'], 'PD_2': ['PD_4', 'PD_1', 'PD_3'], 'PD_3': ['PD_1', 'PD_2', 'PD_4'], 'PD_4': ['PD_1', 'PD_2', 'PD_3'], 'PD_5': [], 'PD_6': []}, FR: {'PD_1,PD_2': inf, 'PD_1,PD_3': inf, 'PD_1,PD_4': inf, 'PD_1,PD_5': inf, 'PD_1,PD_6': inf, 'PD_2,PD_3': inf, 'PD_2,PD_4': inf, 'PD_2,PD_5': inf, 'PD_2,PD_6': inf, 'PD_3,PD_4': inf, 'PD_3,PD_5': inf, 'PD_3,PD_6': inf, 'PD_4,PD_5': inf, 'PD_4,PD_6': inf, 'PD_5,PD_6': inf}
  Computing metrics...
    RSI: {'PD_1,PD_2': 1.0, 'PD_1,PD_3': 1.0, 'PD_1,PD_4': 1.0, 'PD_1,PD_5': 0.0, 'PD_1,PD_6': 0.0, 'PD_2,PD_3': 1.0, 'PD_2,PD_4': 1.0, 'PD_2,PD_5': 0.0, 'PD_2,PD_6': 0.0, 'PD_3,PD_4': 1.0, 'PD_3,PD_5': 0.0, 'PD_3,PD_6': 0.0, 'PD_4,PD_5': 0.0, 'PD_4,PD_6': 0.0, 'PD_5,PD_6': 0.0}, ASR: 1.0, TCB: {'PD_1': ['PD_3', 'PD_2', 'PD_4'], 'PD_2': ['PD_4', 'PD_1', 'PD_3'], 'PD_3': ['PD_1', 'PD_2', 'PD_4'], 'PD_4': ['PD_1', 'PD_2', 'PD_3'], 'PD_5': [], 'PD_6': []}, FR: {'PD_1,PD_2': inf, 'PD_1,PD_3': inf, 'PD_1,PD_4': inf, 'PD_1,PD_5': inf, 'PD_1,PD_6': inf, 'PD_2,PD_3': inf, 'PD_2,PD_4': inf, 'PD_2,PD_5': inf, 'PD_2,PD_6': inf, 'PD_3,PD_4': inf, 'PD_3,PD_5': inf, 'PD_3,PD_6': inf, 'PD_4,PD_5': inf, 'PD_4,PD_6': inf, 'PD_5,PD_6': inf}
  Computing metrics...
    RSI: {'PD_1,PD_2': 1.0, 'PD_1,PD_3': 1.0, 'PD_1,PD_4': 1.0, 'PD_1,PD_5': 0.0, 'PD_1,PD_6': 0.0, 'PD_2,PD_3': 1.0, 'PD_2,PD_4': 1.0, 'PD_2,PD_5': 0.0, 'PD_2,PD_6': 0.0, 'PD_3,PD_4': 1.0, 'PD_3,PD_5': 0.0, 'PD_3,PD_6': 0.0, 'PD_4,PD_5': 0.0, 'PD_4,PD_6': 0.0, 'PD_5,PD_6': 0.0}, ASR: 1.0, TCB: {'PD_1': ['PD_3', 'PD_2', 'PD_4'], 'PD_2': ['PD_4', 'PD_1', 'PD_3'], 'PD_3': ['PD_1', 'PD_2', 'PD_4'], 'PD_4': ['PD_1', 'PD_2', 'PD_3'], 'PD_5': [], 'PD_6': []}, FR: {'PD_1,PD_2': inf, 'PD_1,PD_3': inf, 'PD_1,PD_4': inf, 'PD_1,PD_5': inf, 'PD_1,PD_6': inf, 'PD_2,PD_3': inf, 'PD_2,PD_4': inf, 'PD_2,PD_5': inf, 'PD_2,PD_6': inf, 'PD_3,PD_4': inf, 'PD_3,PD_5': inf, 'PD_3,PD_6': inf, 'PD_4,PD_5': inf, 'PD_4,PD_6': inf, 'PD_5,PD_6': inf}
  Computing metrics...
    RSI: {'PD_1,PD_2': 1.0, 'PD_1,PD_3': 1.0, 'PD_1,PD_4': 1.0, 'PD_1,PD_5': 0.0, 'PD_1,PD_6': 0.0, 'PD_2,PD_3': 1.0, 'PD_2,PD_4': 1.0, 'PD_2,PD_5': 0.0, 'PD_2,PD_6': 0.0, 'PD_3,PD_4': 1.0, 'PD_3,PD_5': 0.0, 'PD_3,PD_6': 0.0, 'PD_4,PD_5': 0.0, 'PD_4,PD_6': 0.0, 'PD_5,PD_6': 0.0}, ASR: 1.0, TCB: {'PD_1': ['PD_3', 'PD_2', 'PD_4'], 'PD_2': ['PD_4', 'PD_1', 'PD_3'], 'PD_3': ['PD_1', 'PD_2', 'PD_4'], 'PD_4': ['PD_1', 'PD_2', 'PD_3'], 'PD_5': [], 'PD_6': []}, FR: {'PD_1,PD_2': inf, 'PD_1,PD_3': inf, 'PD_1,PD_4': inf, 'PD_1,PD_5': inf, 'PD_1,PD_6': inf, 'PD_2,PD_3': inf, 'PD_2,PD_4': inf, 'PD_2,PD_5': inf, 'PD_2,PD_6': inf, 'PD_3,PD_4': inf, 'PD_3,PD_5': inf, 'PD_3,PD_6': inf, 'PD_4,PD_5': inf, 'PD_4,PD_6': inf, 'PD_5,PD_6': inf}
  Computing metrics...
    RSI: {'PD_1,PD_2': 1.0, 'PD_1,PD_3': 1.0, 'PD_1,PD_4': 1.0, 'PD_1,PD_5': 0.0, 'PD_1,PD_6': 0.0, 'PD_2,PD_3': 1.0, 'PD_2,PD_4': 1.0, 'PD_2,PD_5': 0.0, 'PD_2,PD_6': 0.0, 'PD_3,PD_4': 1.0, 'PD_3,PD_5': 0.0, 'PD_3,PD_6': 0.0, 'PD_4,PD_5': 0.0, 'PD_4,PD_6': 0.0, 'PD_5,PD_6': 0.0}, ASR: 1.0, TCB: {'PD_1': ['PD_3', 'PD_2', 'PD_4'], 'PD_2': ['PD_4', 'PD_1', 'PD_3'], 'PD_3': ['PD_1', 'PD_2', 'PD_4'], 'PD_4': ['PD_1', 'PD_2', 'PD_3'], 'PD_5': [], 'PD_6': []}, FR: {'PD_1,PD_2': inf, 'PD_1,PD_3': inf, 'PD_1,PD_4': inf, 'PD_1,PD_5': inf, 'PD_1,PD_6': inf, 'PD_2,PD_3': inf, 'PD_2,PD_4': inf, 'PD_2,PD_5': inf, 'PD_2,PD_6': inf, 'PD_3,PD_4': inf, 'PD_3,PD_5': inf, 'PD_3,PD_6': inf, 'PD_4,PD_5': inf, 'PD_4,PD_6': inf, 'PD_5,PD_6': inf}
  Computing metrics...
    RSI: {'PD_1,PD_2': 1.0, 'PD_1,PD_3': 1.0, 'PD_1,PD_4': 1.0, 'PD_1,PD_5': 0.0, 'PD_1,PD_6': 0.0, 'PD_2,PD_3': 1.0, 'PD_2,PD_4': 1.0, 'PD_2,PD_5': 0.0, 'PD_2,PD_6': 0.0, 'PD_3,PD_4': 1.0, 'PD_3,PD_5': 0.0, 'PD_3,PD_6': 0.0, 'PD_4,PD_5': 0.0, 'PD_4,PD_6': 0.0, 'PD_5,PD_6': 0.0}, ASR: 1.0, TCB: {'PD_1': ['PD_3', 'PD_2', 'PD_4'], 'PD_2': ['PD_4', 'PD_1', 'PD_3'], 'PD_3': ['PD_1', 'PD_2', 'PD_4'], 'PD_4': ['PD_1', 'PD_2', 'PD_3'], 'PD_5': [], 'PD_6': []}, FR: {'PD_1,PD_2': inf, 'PD_1,PD_3': inf, 'PD_1,PD_4': inf, 'PD_1,PD_5': inf, 'PD_1,PD_6': inf, 'PD_2,PD_3': inf, 'PD_2,PD_4': inf, 'PD_2,PD_5': inf, 'PD_2,PD_6': inf, 'PD_3,PD_4': inf, 'PD_3,PD_5': inf, 'PD_3,PD_6': inf, 'PD_4,PD_5': inf, 'PD_4,PD_6': inf, 'PD_5,PD_6': inf}
  Computing metrics...
    RSI: {'PD_1,PD_2': 1.0, 'PD_1,PD_3': 1.0, 'PD_1,PD_4': 1.0, 'PD_1,PD_5': 0.0, 'PD_1,PD_6': 0.0, 'PD_2,PD_3': 1.0, 'PD_2,PD_4': 1.0, 'PD_2,PD_5': 0.0, 'PD_2,PD_6': 0.0, 'PD_3,PD_4': 1.0, 'PD_3,PD_5': 0.0, 'PD_3,PD_6': 0.0, 'PD_4,PD_5': 0.0, 'PD_4,PD_6': 0.0, 'PD_5,PD_6': 0.0}, ASR: 1.0, TCB: {'PD_1': ['PD_3', 'PD_2', 'PD_4'], 'PD_2': ['PD_4', 'PD_1', 'PD_3'], 'PD_3': ['PD_1', 'PD_2', 'PD_4'], 'PD_4': ['PD_1', 'PD_2', 'PD_3'], 'PD_5': [], 'PD_6': []}, FR: {'PD_1,PD_2': inf, 'PD_1,PD_3': inf, 'PD_1,PD_4': inf, 'PD_1,PD_5': inf, 'PD_1,PD_6': inf, 'PD_2,PD_3': inf, 'PD_2,PD_4': inf, 'PD_2,PD_5': inf, 'PD_2,PD_6': inf, 'PD_3,PD_4': inf, 'PD_3,PD_5': inf, 'PD_3,PD_6': inf, 'PD_4,PD_5': inf, 'PD_4,PD_6': inf, 'PD_5,PD_6': inf}
  Computing metrics...
    RSI: {'PD_1,PD_2': 1.0, 'PD_1,PD_3': 1.0, 'PD_1,PD_4': 1.0, 'PD_1,PD_5': 0.0, 'PD_1,PD_6': 0.0, 'PD_2,PD_3': 1.0, 'PD_2,PD_4': 1.0, 'PD_2,PD_5': 0.0, 'PD_2,PD_6': 0.0, 'PD_3,PD_4': 1.0, 'PD_3,PD_5': 0.0, 'PD_3,PD_6': 0.0, 'PD_4,PD_5': 0.0, 'PD_4,PD_6': 0.0, 'PD_5,PD_6': 0.0}, ASR: 1.0, TCB: {'PD_1': ['PD_3', 'PD_2', 'PD_4'], 'PD_2': ['PD_4', 'PD_1', 'PD_3'], 'PD_3': ['PD_1', 'PD_2', 'PD_4'], 'PD_4': ['PD_1', 'PD_2', 'PD_3'], 'PD_5': [], 'PD_6': []}, FR: {'PD_1,PD_2': inf, 'PD_1,PD_3': inf, 'PD_1,PD_4': inf, 'PD_1,PD_5': inf, 'PD_1,PD_6': inf, 'PD_2,PD_3': inf, 'PD_2,PD_4': inf, 'PD_2,PD_5': inf, 'PD_2,PD_6': inf, 'PD_3,PD_4': inf, 'PD_3,PD_5': inf, 'PD_3,PD_6': inf, 'PD_4,PD_5': inf, 'PD_4,PD_6': inf, 'PD_5,PD_6': inf}
  Computing metrics...
    RSI: {'PD_1,PD_2': 1.0, 'PD_1,PD_3': 1.0, 'PD_1,PD_4': 1.0, 'PD_1,PD_5': 0.0, 'PD_1,PD_6': 0.0, 'PD_2,PD_3': 1.0, 'PD_2,PD_4': 1.0, 'PD_2,PD_5': 0.0, 'PD_2,PD_6': 0.0, 'PD_3,PD_4': 1.0, 'PD_3,PD_5': 0.0, 'PD_3,PD_6': 0.0, 'PD_4,PD_5': 0.0, 'PD_4,PD_6': 0.0, 'PD_5,PD_6': 0.0}, ASR: 1.0, TCB: {'PD_1': ['PD_3', 'PD_2', 'PD_4'], 'PD_2': ['PD_4', 'PD_1', 'PD_3'], 'PD_3': ['PD_1', 'PD_2', 'PD_4'], 'PD_4': ['PD_1', 'PD_2', 'PD_3'], 'PD_5': [], 'PD_6': []}, FR: {'PD_1,PD_2': inf, 'PD_1,PD_3': inf, 'PD_1,PD_4': inf, 'PD_1,PD_5': inf, 'PD_1,PD_6': inf, 'PD_2,PD_3': inf, 'PD_2,PD_4': inf, 'PD_2,PD_5': inf, 'PD_2,PD_6': inf, 'PD_3,PD_4': inf, 'PD_3,PD_5': inf, 'PD_3,PD_6': inf, 'PD_4,PD_5': inf, 'PD_4,PD_6': inf, 'PD_5,PD_6': inf}
  Computing metrics...
    RSI: {'PD_1,PD_2': 1.0, 'PD_1,PD_3': 1.0, 'PD_1,PD_4': 1.0, 'PD_1,PD_5': 0.0, 'PD_1,PD_6': 0.0, 'PD_2,PD_3': 1.0, 'PD_2,PD_4': 1.0, 'PD_2,PD_5': 0.0, 'PD_2,PD_6': 0.0, 'PD_3,PD_4': 1.0, 'PD_3,PD_5': 0.0, 'PD_3,PD_6': 0.0, 'PD_4,PD_5': 0.0, 'PD_4,PD_6': 0.0, 'PD_5,PD_6': 0.0}, ASR: 1.0, TCB: {'PD_1': ['PD_3', 'PD_2', 'PD_4'], 'PD_2': ['PD_4', 'PD_1', 'PD_3'], 'PD_3': ['PD_1', 'PD_2', 'PD_4'], 'PD_4': ['PD_1', 'PD_2', 'PD_3'], 'PD_5': [], 'PD_6': []}, FR: {'PD_1,PD_2': inf, 'PD_1,PD_3': inf, 'PD_1,PD_4': inf, 'PD_1,PD_5': inf, 'PD_1,PD_6': inf, 'PD_2,PD_3': inf, 'PD_2,PD_4': inf, 'PD_2,PD_5': inf, 'PD_2,PD_6': inf, 'PD_3,PD_4': inf, 'PD_3,PD_5': inf, 'PD_3,PD_6': inf, 'PD_4,PD_5': inf, 'PD_4,PD_6': inf, 'PD_5,PD_6': inf}
  Computing metrics...
    RSI: {'PD_1,PD_2': 1.0, 'PD_1,PD_3': 1.0, 'PD_1,PD_4': 1.0, 'PD_1,PD_5': 0.0, 'PD_1,PD_6': 0.0, 'PD_2,PD_3': 1.0, 'PD_2,PD_4': 1.0, 'PD_2,PD_5': 0.0, 'PD_2,PD_6': 0.0, 'PD_3,PD_4': 1.0, 'PD_3,PD_5': 0.0, 'PD_3,PD_6': 0.0, 'PD_4,PD_5': 0.0, 'PD_4,PD_6': 0.0, 'PD_5,PD_6': 0.0}, ASR: 1.0, TCB: {'PD_1': ['PD_3', 'PD_2', 'PD_4'], 'PD_2': ['PD_4', 'PD_1', 'PD_3'], 'PD_3': ['PD_1', 'PD_2', 'PD_4'], 'PD_4': ['PD_1', 'PD_2', 'PD_3'], 'PD_5': [], 'PD_6': []}, FR: {'PD_1,PD_2': inf, 'PD_1,PD_3': inf, 'PD_1,PD_4': inf, 'PD_1,PD_5': inf, 'PD_1,PD_6': inf, 'PD_2,PD_3': inf, 'PD_2,PD_4': inf, 'PD_2,PD_5': inf, 'PD_2,PD_6': inf, 'PD_3,PD_4': inf, 'PD_3,PD_5': inf, 'PD_3,PD_6': inf, 'PD_4,PD_5': inf, 'PD_4,PD_6': inf, 'PD_5,PD_6': inf}
  Computing metrics...
    RSI: {'PD_1,PD_2': 1.0, 'PD_1,PD_3': 1.0, 'PD_1,PD_4': 1.0, 'PD_1,PD_5': 0.0, 'PD_1,PD_6': 0.0, 'PD_2,PD_3': 1.0, 'PD_2,PD_4': 1.0, 'PD_2,PD_5': 0.0, 'PD_2,PD_6': 0.0, 'PD_3,PD_4': 1.0, 'PD_3,PD_5': 0.0, 'PD_3,PD_6': 0.0, 'PD_4,PD_5': 0.0, 'PD_4,PD_6': 0.0, 'PD_5,PD_6': 0.0}, ASR: 1.0, TCB: {'PD_1': ['PD_3', 'PD_2', 'PD_4'], 'PD_2': ['PD_4', 'PD_1', 'PD_3'], 'PD_3': ['PD_1', 'PD_2', 'PD_4'], 'PD_4': ['PD_1', 'PD_2', 'PD_3'], 'PD_5': [], 'PD_6': []}, FR: {'PD_1,PD_2': inf, 'PD_1,PD_3': inf, 'PD_1,PD_4': inf, 'PD_1,PD_5': inf, 'PD_1,PD_6': inf, 'PD_2,PD_3': inf, 'PD_2,PD_4': inf, 'PD_2,PD_5': inf, 'PD_2,PD_6': inf, 'PD_3,PD_4': inf, 'PD_3,PD_5': inf, 'PD_3,PD_6': inf, 'PD_4,PD_5': inf, 'PD_4,PD_6': inf, 'PD_5,PD_6': inf}
  Computing metrics...
    RSI: {'PD_1,PD_2': 1.0, 'PD_1,PD_3': 1.0, 'PD_1,PD_4': 1.0, 'PD_1,PD_5': 0.0, 'PD_1,PD_6': 0.0, 'PD_2,PD_3': 1.0, 'PD_2,PD_4': 1.0, 'PD_2,PD_5': 0.0, 'PD_2,PD_6': 0.0, 'PD_3,PD_4': 1.0, 'PD_3,PD_5': 0.0, 'PD_3,PD_6': 0.0, 'PD_4,PD_5': 0.0, 'PD_4,PD_6': 0.0, 'PD_5,PD_6': 0.0}, ASR: 1.0, TCB: {'PD_1': ['PD_3', 'PD_2', 'PD_4'], 'PD_2': ['PD_4', 'PD_1', 'PD_3'], 'PD_3': ['PD_1', 'PD_2', 'PD_4'], 'PD_4': ['PD_1', 'PD_2', 'PD_3'], 'PD_5': [], 'PD_6': []}, FR: {'PD_1,PD_2': inf, 'PD_1,PD_3': inf, 'PD_1,PD_4': inf, 'PD_1,PD_5': inf, 'PD_1,PD_6': inf, 'PD_2,PD_3': inf, 'PD_2,PD_4': inf, 'PD_2,PD_5': inf, 'PD_2,PD_6': inf, 'PD_3,PD_4': inf, 'PD_3,PD_5': inf, 'PD_3,PD_6': inf, 'PD_4,PD_5': inf, 'PD_4,PD_6': inf, 'PD_5,PD_6': inf}
  Computing metrics...
    RSI: {'PD_1,PD_2': 1.0, 'PD_1,PD_3': 1.0, 'PD_1,PD_4': 1.0, 'PD_1,PD_5': 0.0, 'PD_1,PD_6': 0.0, 'PD_2,PD_3': 1.0, 'PD_2,PD_4': 1.0, 'PD_2,PD_5': 0.0, 'PD_2,PD_6': 0.0, 'PD_3,PD_4': 1.0, 'PD_3,PD_5': 0.0, 'PD_3,PD_6': 0.0, 'PD_4,PD_5': 0.0, 'PD_4,PD_6': 0.0, 'PD_5,PD_6': 0.0}, ASR: 1.0, TCB: {'PD_1': ['PD_3', 'PD_2', 'PD_4'], 'PD_2': ['PD_4', 'PD_1', 'PD_3'], 'PD_3': ['PD_1', 'PD_2', 'PD_4'], 'PD_4': ['PD_1', 'PD_2', 'PD_3'], 'PD_5': [], 'PD_6': []}, FR: {'PD_1,PD_2': inf, 'PD_1,PD_3': inf, 'PD_1,PD_4': inf, 'PD_1,PD_5': inf, 'PD_1,PD_6': inf, 'PD_2,PD_3': inf, 'PD_2,PD_4': inf, 'PD_2,PD_5': inf, 'PD_2,PD_6': inf, 'PD_3,PD_4': inf, 'PD_3,PD_5': inf, 'PD_3,PD_6': inf, 'PD_4,PD_5': inf, 'PD_4,PD_6': inf, 'PD_5,PD_6': inf}
  Computing metrics...
    RSI: {'PD_1,PD_2': 1.0, 'PD_1,PD_3': 1.0, 'PD_1,PD_4': 1.0, 'PD_1,PD_5': 0.0, 'PD_1,PD_6': 0.0, 'PD_2,PD_3': 1.0, 'PD_2,PD_4': 1.0, 'PD_2,PD_5': 0.0, 'PD_2,PD_6': 0.0, 'PD_3,PD_4': 1.0, 'PD_3,PD_5': 0.0, 'PD_3,PD_6': 0.0, 'PD_4,PD_5': 0.0, 'PD_4,PD_6': 0.0, 'PD_5,PD_6': 0.0}, ASR: 1.0, TCB: {'PD_1': ['PD_3', 'PD_2', 'PD_4'], 'PD_2': ['PD_4', 'PD_1', 'PD_3'], 'PD_3': ['PD_1', 'PD_2', 'PD_4'], 'PD_4': ['PD_1', 'PD_2', 'PD_3'], 'PD_5': [], 'PD_6': []}, FR: {'PD_1,PD_2': inf, 'PD_1,PD_3': inf, 'PD_1,PD_4': inf, 'PD_1,PD_5': inf, 'PD_1,PD_6': inf, 'PD_2,PD_3': inf, 'PD_2,PD_4': inf, 'PD_2,PD_5': inf, 'PD_2,PD_6': inf, 'PD_3,PD_4': inf, 'PD_3,PD_5': inf, 'PD_3,PD_6': inf, 'PD_4,PD_5': inf, 'PD_4,PD_6': inf, 'PD_5,PD_6': inf}
  Computing metrics...
    RSI: {'PD_1,PD_2': 1.0, 'PD_1,PD_3': 1.0, 'PD_1,PD_4': 1.0, 'PD_1,PD_5': 1.0, 'PD_1,PD_6': 0.0, 'PD_2,PD_3': 1.0, 'PD_2,PD_4': 1.0, 'PD_2,PD_5': 1.0, 'PD_2,PD_6': 0.0, 'PD_3,PD_4': 1.0, 'PD_3,PD_5': 1.0, 'PD_3,PD_6': 0.0, 'PD_4,PD_5': 1.0, 'PD_4,PD_6': 0.0, 'PD_5,PD_6': 0.0}, ASR: 1.1666666666666667, TCB: {'PD_1': ['PD_3', 'PD_2', 'PD_4', 'PD_5'], 'PD_2': ['PD_4', 'PD_1', 'PD_3', 'PD_5'], 'PD_3': ['PD_1', 'PD_2', 'PD_4', 'PD_5'], 'PD_4': ['PD_1', 'PD_2', 'PD_3', 'PD_5'], 'PD_5': ['PD_1', 'PD_2', 'PD_3', 'PD_4'], 'PD_6': []}, FR: {'PD_1,PD_2': inf, 'PD_1,PD_3': inf, 'PD_1,PD_4': inf, 'PD_1,PD_5': inf, 'PD_1,PD_6': inf, 'PD_2,PD_3': inf, 'PD_2,PD_4': inf, 'PD_2,PD_5': inf, 'PD_2,PD_6': inf, 'PD_3,PD_4': inf, 'PD_3,PD_5': inf, 'PD_3,PD_6': inf, 'PD_4,PD_5': inf, 'PD_4,PD_6': inf, 'PD_5,PD_6': inf}
  Computing metrics...
    RSI: {'PD_1,PD_2': 1.0, 'PD_1,PD_3': 1.0, 'PD_1,PD_4': 1.0, 'PD_1,PD_5': 0.0, 'PD_1,PD_6': 0.0, 'PD_2,PD_3': 1.0, 'PD_2,PD_4': 1.0, 'PD_2,PD_5': 0.0, 'PD_2,PD_6': 0.0, 'PD_3,PD_4': 1.0, 'PD_3,PD_5': 0.0, 'PD_3,PD_6': 0.0, 'PD_4,PD_5': 0.0, 'PD_4,PD_6': 0.0, 'PD_5,PD_6': 0.0}, ASR: 1.0, TCB: {'PD_1': ['PD_3', 'PD_2', 'PD_4'], 'PD_2': ['PD_4', 'PD_1', 'PD_3'], 'PD_3': ['PD_1', 'PD_2', 'PD_4'], 'PD_4': ['PD_1', 'PD_2', 'PD_3'], 'PD_5': [], 'PD_6': []}, FR: {'PD_1,PD_2': inf, 'PD_1,PD_3': inf, 'PD_1,PD_4': inf, 'PD_1,PD_5': inf, 'PD_1,PD_6': inf, 'PD_2,PD_3': inf, 'PD_2,PD_4': inf, 'PD_2,PD_5': inf, 'PD_2,PD_6': inf, 'PD_3,PD_4': inf, 'PD_3,PD_5': inf, 'PD_3,PD_6': inf, 'PD_4,PD_5': inf, 'PD_4,PD_6': inf, 'PD_5,PD_6': inf}
  Computing metrics...
    RSI: {'PD_1,PD_2': 1.0, 'PD_1,PD_3': 1.0, 'PD_1,PD_4': 1.0, 'PD_1,PD_5': 0.0, 'PD_1,PD_6': 1.0, 'PD_2,PD_3': 1.0, 'PD_2,PD_4': 1.0, 'PD_2,PD_5': 0.0, 'PD_2,PD_6': 1.0, 'PD_3,PD_4': 1.0, 'PD_3,PD_5': 0.0, 'PD_3,PD_6': 1.0, 'PD_4,PD_5': 0.0, 'PD_4,PD_6': 1.0, 'PD_5,PD_6': 0.0}, ASR: 1.1666666666666667, TCB: {'PD_1': ['PD_3', 'PD_2', 'PD_4', 'PD_6'], 'PD_2': ['PD_4', 'PD_1', 'PD_3', 'PD_6'], 'PD_3': ['PD_1', 'PD_2', 'PD_4', 'PD_6'], 'PD_4': ['PD_1', 'PD_2', 'PD_3', 'PD_6'], 'PD_5': [], 'PD_6': ['PD_1', 'PD_2', 'PD_3', 'PD_4']}, FR: {'PD_1,PD_2': inf, 'PD_1,PD_3': inf, 'PD_1,PD_4': inf, 'PD_1,PD_5': inf, 'PD_1,PD_6': inf, 'PD_2,PD_3': inf, 'PD_2,PD_4': inf, 'PD_2,PD_5': inf, 'PD_2,PD_6': inf, 'PD_3,PD_4': inf, 'PD_3,PD_5': inf, 'PD_3,PD_6': inf, 'PD_4,PD_5': inf, 'PD_4,PD_6': inf, 'PD_5,PD_6': inf}
  Computing metrics...
    RSI: {'PD_1,PD_2': 1.0, 'PD_1,PD_3': 1.0, 'PD_1,PD_4': 1.0, 'PD_1,PD_5': 0.0, 'PD_1,PD_6': 0.0, 'PD_2,PD_3': 1.0, 'PD_2,PD_4': 1.0, 'PD_2,PD_5': 0.0, 'PD_2,PD_6': 0.0, 'PD_3,PD_4': 1.0, 'PD_3,PD_5': 0.0, 'PD_3,PD_6': 0.0, 'PD_4,PD_5': 0.0, 'PD_4,PD_6': 0.0, 'PD_5,PD_6': 0.0}, ASR: 1.0, TCB: {'PD_1': ['PD_3', 'PD_2', 'PD_4'], 'PD_2': ['PD_4', 'PD_1', 'PD_3'], 'PD_3': ['PD_1', 'PD_2', 'PD_4'], 'PD_4': ['PD_1', 'PD_2', 'PD_3'], 'PD_5': [], 'PD_6': []}, FR: {'PD_1,PD_2': inf, 'PD_1,PD_3': inf, 'PD_1,PD_4': inf, 'PD_1,PD_5': inf, 'PD_1,PD_6': inf, 'PD_2,PD_3': inf, 'PD_2,PD_4': inf, 'PD_2,PD_5': inf, 'PD_2,PD_6': inf, 'PD_3,PD_4': inf, 'PD_3,PD_5': inf, 'PD_3,PD_6': inf, 'PD_4,PD_5': inf, 'PD_4,PD_6': inf, 'PD_5,PD_6': inf}
  Computing metrics...
    RSI: {'PD_1,PD_2': 0.0, 'PD_1,PD_3': 0.0, 'PD_1,PD_4': 0.0, 'PD_1,PD_5': 0.0, 'PD_1,PD_6': 0.0, 'PD_2,PD_3': 1.0, 'PD_2,PD_4': 1.0, 'PD_2,PD_5': 0.0, 'PD_2,PD_6': 0.0, 'PD_3,PD_4': 1.0, 'PD_3,PD_5': 0.0, 'PD_3,PD_6': 0.0, 'PD_4,PD_5': 0.0, 'PD_4,PD_6': 0.0, 'PD_5,PD_6': 0.0}, ASR: 0.8333333333333334, TCB: {'PD_1': ['PD_3'], 'PD_2': ['PD_4', 'PD_3'], 'PD_3': ['PD_2', 'PD_4'], 'PD_4': ['PD_2', 'PD_3'], 'PD_5': [], 'PD_6': []}, FR: {'PD_1,PD_2': inf, 'PD_1,PD_3': inf, 'PD_1,PD_4': inf, 'PD_1,PD_5': inf, 'PD_1,PD_6': inf, 'PD_2,PD_3': inf, 'PD_2,PD_4': inf, 'PD_2,PD_5': inf, 'PD_2,PD_6': inf, 'PD_3,PD_4': inf, 'PD_3,PD_5': inf, 'PD_3,PD_6': inf, 'PD_4,PD_5': inf, 'PD_4,PD_6': inf, 'PD_5,PD_6': inf}
    🎯 remove_hold_edge goal: -10.00, constraint: 0.00, unsatisfiable: 0.00, diversity: 0.00 → total: -4.90
    remove_hold_edge candidate: remove PD_1 -> FILE_1_1 HOLD edge -> score: -4.900
  Computing metrics...
    RSI: {'PD_1,PD_2': 1.0, 'PD_1,PD_3': 1.0, 'PD_1,PD_4': 1.0, 'PD_1,PD_5': 0.0, 'PD_1,PD_6': 0.0, 'PD_2,PD_3': 1.0, 'PD_2,PD_4': 1.0, 'PD_2,PD_5': 0.0, 'PD_2,PD_6': 0.0, 'PD_3,PD_4': 1.0, 'PD_3,PD_5': 0.0, 'PD_3,PD_6': 0.0, 'PD_4,PD_5': 0.0, 'PD_4,PD_6': 0.0, 'PD_5,PD_6': 0.0}, ASR: 1.0, TCB: {'PD_1': ['PD_3', 'PD_2', 'PD_4'], 'PD_2': ['PD_4', 'PD_1', 'PD_3'], 'PD_3': ['PD_1', 'PD_2', 'PD_4'], 'PD_4': ['PD_1', 'PD_2', 'PD_3'], 'PD_5': [], 'PD_6': []}, FR: {'PD_1,PD_2': inf, 'PD_1,PD_3': inf, 'PD_1,PD_4': inf, 'PD_1,PD_5': inf, 'PD_1,PD_6': inf, 'PD_2,PD_3': inf, 'PD_2,PD_4': inf, 'PD_2,PD_5': inf, 'PD_2,PD_6': inf, 'PD_3,PD_4': inf, 'PD_3,PD_5': inf, 'PD_3,PD_6': inf, 'PD_4,PD_5': inf, 'PD_4,PD_6': inf, 'PD_5,PD_6': inf}
  Computing metrics...
    RSI: {'PD_1,PD_2': 0.0, 'PD_1,PD_3': 1.0, 'PD_1,PD_4': 1.0, 'PD_1,PD_5': 0.0, 'PD_1,PD_6': 0.0, 'PD_2,PD_3': 0.0, 'PD_2,PD_4': 0.0, 'PD_2,PD_5': 0.0, 'PD_2,PD_6': 0.0, 'PD_3,PD_4': 1.0, 'PD_3,PD_5': 0.0, 'PD_3,PD_6': 0.0, 'PD_4,PD_5': 0.0, 'PD_4,PD_6': 0.0, 'PD_5,PD_6': 0.0}, ASR: 0.8333333333333334, TCB: {'PD_1': ['PD_3', 'PD_4'], 'PD_2': ['PD_4'], 'PD_3': ['PD_1', 'PD_4'], 'PD_4': ['PD_1', 'PD_3'], 'PD_5': [], 'PD_6': []}, FR: {'PD_1,PD_2': inf, 'PD_1,PD_3': inf, 'PD_1,PD_4': inf, 'PD_1,PD_5': inf, 'PD_1,PD_6': inf, 'PD_2,PD_3': inf, 'PD_2,PD_4': inf, 'PD_2,PD_5': inf, 'PD_2,PD_6': inf, 'PD_3,PD_4': inf, 'PD_3,PD_5': inf, 'PD_3,PD_6': inf, 'PD_4,PD_5': inf, 'PD_4,PD_6': inf, 'PD_5,PD_6': inf}
    🎯 remove_hold_edge goal: -10.00, constraint: 0.00, unsatisfiable: 0.00, diversity: 0.00 → total: -4.90
    remove_hold_edge candidate: remove PD_2 -> FILE_1_1 HOLD edge -> score: -4.900
  Computing metrics...
    RSI: {'PD_1,PD_2': 1.0, 'PD_1,PD_3': 1.0, 'PD_1,PD_4': 1.0, 'PD_1,PD_5': 0.0, 'PD_1,PD_6': 0.0, 'PD_2,PD_3': 1.0, 'PD_2,PD_4': 1.0, 'PD_2,PD_5': 0.0, 'PD_2,PD_6': 0.0, 'PD_3,PD_4': 1.0, 'PD_3,PD_5': 0.0, 'PD_3,PD_6': 0.0, 'PD_4,PD_5': 0.0, 'PD_4,PD_6': 0.0, 'PD_5,PD_6': 0.0}, ASR: 1.0, TCB: {'PD_1': ['PD_3', 'PD_2', 'PD_4'], 'PD_2': ['PD_4', 'PD_1', 'PD_3'], 'PD_3': ['PD_1', 'PD_2', 'PD_4'], 'PD_4': ['PD_1', 'PD_2', 'PD_3'], 'PD_5': [], 'PD_6': []}, FR: {'PD_1,PD_2': inf, 'PD_1,PD_3': inf, 'PD_1,PD_4': inf, 'PD_1,PD_5': inf, 'PD_1,PD_6': inf, 'PD_2,PD_3': inf, 'PD_2,PD_4': inf, 'PD_2,PD_5': inf, 'PD_2,PD_6': inf, 'PD_3,PD_4': inf, 'PD_3,PD_5': inf, 'PD_3,PD_6': inf, 'PD_4,PD_5': inf, 'PD_4,PD_6': inf, 'PD_5,PD_6': inf}
  Computing metrics...
    RSI: {'PD_1,PD_2': 1.0, 'PD_1,PD_3': 0.0, 'PD_1,PD_4': 1.0, 'PD_1,PD_5': 0.0, 'PD_1,PD_6': 0.0, 'PD_2,PD_3': 0.0, 'PD_2,PD_4': 1.0, 'PD_2,PD_5': 0.0, 'PD_2,PD_6': 0.0, 'PD_3,PD_4': 0.0, 'PD_3,PD_5': 0.0, 'PD_3,PD_6': 0.0, 'PD_4,PD_5': 0.0, 'PD_4,PD_6': 0.0, 'PD_5,PD_6': 0.0}, ASR: 0.8333333333333334, TCB: {'PD_1': ['PD_3', 'PD_2', 'PD_4'], 'PD_2': ['PD_4', 'PD_1'], 'PD_3': [], 'PD_4': ['PD_1', 'PD_2'], 'PD_5': [], 'PD_6': []}, FR: {'PD_1,PD_2': inf, 'PD_1,PD_3': inf, 'PD_1,PD_4': inf, 'PD_1,PD_5': inf, 'PD_1,PD_6': inf, 'PD_2,PD_3': inf, 'PD_2,PD_4': inf, 'PD_2,PD_5': inf, 'PD_2,PD_6': inf, 'PD_3,PD_4': inf, 'PD_3,PD_5': inf, 'PD_3,PD_6': inf, 'PD_4,PD_5': inf, 'PD_4,PD_6': inf, 'PD_5,PD_6': inf}
    remove_hold_edge candidate: remove PD_3 -> FILE_1_1 HOLD edge -> score: 0.100
  Computing metrics...
    RSI: {'PD_1,PD_2': 1.0, 'PD_1,PD_3': 1.0, 'PD_1,PD_4': 1.0, 'PD_1,PD_5': 0.0, 'PD_1,PD_6': 0.0, 'PD_2,PD_3': 1.0, 'PD_2,PD_4': 1.0, 'PD_2,PD_5': 0.0, 'PD_2,PD_6': 0.0, 'PD_3,PD_4': 1.0, 'PD_3,PD_5': 0.0, 'PD_3,PD_6': 0.0, 'PD_4,PD_5': 0.0, 'PD_4,PD_6': 0.0, 'PD_5,PD_6': 0.0}, ASR: 1.0, TCB: {'PD_1': ['PD_3', 'PD_2', 'PD_4'], 'PD_2': ['PD_4', 'PD_1', 'PD_3'], 'PD_3': ['PD_1', 'PD_2', 'PD_4'], 'PD_4': ['PD_1', 'PD_2', 'PD_3'], 'PD_5': [], 'PD_6': []}, FR: {'PD_1,PD_2': inf, 'PD_1,PD_3': inf, 'PD_1,PD_4': inf, 'PD_1,PD_5': inf, 'PD_1,PD_6': inf, 'PD_2,PD_3': inf, 'PD_2,PD_4': inf, 'PD_2,PD_5': inf, 'PD_2,PD_6': inf, 'PD_3,PD_4': inf, 'PD_3,PD_5': inf, 'PD_3,PD_6': inf, 'PD_4,PD_5': inf, 'PD_4,PD_6': inf, 'PD_5,PD_6': inf}
  Computing metrics...
    RSI: {'PD_1,PD_2': 1.0, 'PD_1,PD_3': 1.0, 'PD_1,PD_4': 0.0, 'PD_1,PD_5': 0.0, 'PD_1,PD_6': 0.0, 'PD_2,PD_3': 1.0, 'PD_2,PD_4': 0.0, 'PD_2,PD_5': 0.0, 'PD_2,PD_6': 0.0, 'PD_3,PD_4': 0.0, 'PD_3,PD_5': 0.0, 'PD_3,PD_6': 0.0, 'PD_4,PD_5': 0.0, 'PD_4,PD_6': 0.0, 'PD_5,PD_6': 0.0}, ASR: 0.8333333333333334, TCB: {'PD_1': ['PD_3', 'PD_2'], 'PD_2': ['PD_4', 'PD_1', 'PD_3'], 'PD_3': ['PD_1', 'PD_2'], 'PD_4': [], 'PD_5': [], 'PD_6': []}, FR: {'PD_1,PD_2': inf, 'PD_1,PD_3': inf, 'PD_1,PD_4': inf, 'PD_1,PD_5': inf, 'PD_1,PD_6': inf, 'PD_2,PD_3': inf, 'PD_2,PD_4': inf, 'PD_2,PD_5': inf, 'PD_2,PD_6': inf, 'PD_3,PD_4': inf, 'PD_3,PD_5': inf, 'PD_3,PD_6': inf, 'PD_4,PD_5': inf, 'PD_4,PD_6': inf, 'PD_5,PD_6': inf}
    remove_hold_edge candidate: remove PD_4 -> FILE_1_1 HOLD edge -> score: 0.100
  Computing metrics...
    RSI: {'PD_1,PD_2': 1.0, 'PD_1,PD_3': 1.0, 'PD_1,PD_4': 1.0, 'PD_1,PD_5': 0.0, 'PD_1,PD_6': 0.0, 'PD_2,PD_3': 1.0, 'PD_2,PD_4': 1.0, 'PD_2,PD_5': 0.0, 'PD_2,PD_6': 0.0, 'PD_3,PD_4': 1.0, 'PD_3,PD_5': 0.0, 'PD_3,PD_6': 0.0, 'PD_4,PD_5': 0.0, 'PD_4,PD_6': 0.0, 'PD_5,PD_6': 0.0}, ASR: 1.0, TCB: {'PD_1': ['PD_3', 'PD_2', 'PD_4'], 'PD_2': ['PD_4', 'PD_1', 'PD_3'], 'PD_3': ['PD_1', 'PD_2', 'PD_4'], 'PD_4': ['PD_1', 'PD_2', 'PD_3'], 'PD_5': [], 'PD_6': []}, FR: {'PD_1,PD_2': inf, 'PD_1,PD_3': inf, 'PD_1,PD_4': inf, 'PD_1,PD_5': inf, 'PD_1,PD_6': inf, 'PD_2,PD_3': inf, 'PD_2,PD_4': inf, 'PD_2,PD_5': inf, 'PD_2,PD_6': inf, 'PD_3,PD_4': inf, 'PD_3,PD_5': inf, 'PD_3,PD_6': inf, 'PD_4,PD_5': inf, 'PD_4,PD_6': inf, 'PD_5,PD_6': inf}
  Computing metrics...
    RSI: {'PD_1,PD_2': 1.0, 'PD_1,PD_3': 1.0, 'PD_1,PD_4': 1.0, 'PD_1,PD_5': 0.0, 'PD_1,PD_6': 0.0, 'PD_2,PD_3': 1.0, 'PD_2,PD_4': 1.0, 'PD_2,PD_5': 0.0, 'PD_2,PD_6': 0.0, 'PD_3,PD_4': 1.0, 'PD_3,PD_5': 0.0, 'PD_3,PD_6': 0.0, 'PD_4,PD_5': 0.0, 'PD_4,PD_6': 0.0, 'PD_5,PD_6': 0.0}, ASR: 1.1666666666666667, TCB: {'PD_1': ['PD_3', 'PD_2', 'PD_4'], 'PD_2': ['PD_4', 'PD_1', 'PD_3'], 'PD_3': ['PD_1', 'PD_2', 'PD_4'], 'PD_4': ['PD_1', 'PD_2', 'PD_3'], 'PD_5': [], 'PD_6': []}, FR: {'PD_1,PD_2': 3, 'PD_1,PD_3': inf, 'PD_1,PD_4': inf, 'PD_1,PD_5': inf, 'PD_1,PD_6': inf, 'PD_2,PD_3': inf, 'PD_2,PD_4': inf, 'PD_2,PD_5': inf, 'PD_2,PD_6': inf, 'PD_3,PD_4': inf, 'PD_3,PD_5': inf, 'PD_3,PD_6': inf, 'PD_4,PD_5': inf, 'PD_4,PD_6': inf, 'PD_5,PD_6': inf}
  Computing metrics...
    RSI: {'PD_1,PD_2': 1.0, 'PD_1,PD_3': 1.0, 'PD_1,PD_4': 1.0, 'PD_1,PD_5': 0.0, 'PD_1,PD_6': 0.0, 'PD_2,PD_3': 1.0, 'PD_2,PD_4': 1.0, 'PD_2,PD_5': 0.0, 'PD_2,PD_6': 0.0, 'PD_3,PD_4': 1.0, 'PD_3,PD_5': 0.0, 'PD_3,PD_6': 0.0, 'PD_4,PD_5': 0.0, 'PD_4,PD_6': 0.0, 'PD_5,PD_6': 0.0}, ASR: 1.0, TCB: {'PD_1': ['PD_3', 'PD_2', 'PD_4'], 'PD_2': ['PD_4', 'PD_1', 'PD_3'], 'PD_3': ['PD_1', 'PD_2', 'PD_4'], 'PD_4': ['PD_1', 'PD_2', 'PD_3'], 'PD_5': [], 'PD_6': []}, FR: {'PD_1,PD_2': inf, 'PD_1,PD_3': inf, 'PD_1,PD_4': inf, 'PD_1,PD_5': inf, 'PD_1,PD_6': inf, 'PD_2,PD_3': inf, 'PD_2,PD_4': inf, 'PD_2,PD_5': inf, 'PD_2,PD_6': inf, 'PD_3,PD_4': inf, 'PD_3,PD_5': inf, 'PD_3,PD_6': inf, 'PD_4,PD_5': inf, 'PD_4,PD_6': inf, 'PD_5,PD_6': inf}
  Computing metrics...
    RSI: {'PD_1,PD_2': 1.0, 'PD_1,PD_3': 1.0, 'PD_1,PD_4': 1.0, 'PD_1,PD_5': 0.0, 'PD_1,PD_6': 0.0, 'PD_2,PD_3': 1.0, 'PD_2,PD_4': 1.0, 'PD_2,PD_5': 0.0, 'PD_2,PD_6': 0.0, 'PD_3,PD_4': 1.0, 'PD_3,PD_5': 0.0, 'PD_3,PD_6': 0.0, 'PD_4,PD_5': 0.0, 'PD_4,PD_6': 0.0, 'PD_5,PD_6': 0.0}, ASR: 1.1666666666666667, TCB: {'PD_1': ['PD_3', 'PD_4', 'PD_2'], 'PD_2': ['PD_4', 'PD_1', 'PD_3'], 'PD_3': ['PD_1', 'PD_2', 'PD_4'], 'PD_4': ['PD_1', 'PD_2', 'PD_3'], 'PD_5': [], 'PD_6': []}, FR: {'PD_1,PD_2': 2, 'PD_1,PD_3': inf, 'PD_1,PD_4': inf, 'PD_1,PD_5': inf, 'PD_1,PD_6': inf, 'PD_2,PD_3': inf, 'PD_2,PD_4': inf, 'PD_2,PD_5': inf, 'PD_2,PD_6': inf, 'PD_3,PD_4': inf, 'PD_3,PD_5': inf, 'PD_3,PD_6': inf, 'PD_4,PD_5': inf, 'PD_4,PD_6': inf, 'PD_5,PD_6': inf}
  Computing metrics...
    RSI: {'PD_1,PD_2': 1.0, 'PD_1,PD_3': 1.0, 'PD_1,PD_4': 1.0, 'PD_1,PD_5': 0.0, 'PD_1,PD_6': 0.0, 'PD_2,PD_3': 1.0, 'PD_2,PD_4': 1.0, 'PD_2,PD_5': 0.0, 'PD_2,PD_6': 0.0, 'PD_3,PD_4': 1.0, 'PD_3,PD_5': 0.0, 'PD_3,PD_6': 0.0, 'PD_4,PD_5': 0.0, 'PD_4,PD_6': 0.0, 'PD_5,PD_6': 0.0}, ASR: 1.0, TCB: {'PD_1': ['PD_3', 'PD_2', 'PD_4'], 'PD_2': ['PD_4', 'PD_1', 'PD_3'], 'PD_3': ['PD_1', 'PD_2', 'PD_4'], 'PD_4': ['PD_1', 'PD_2', 'PD_3'], 'PD_5': [], 'PD_6': []}, FR: {'PD_1,PD_2': inf, 'PD_1,PD_3': inf, 'PD_1,PD_4': inf, 'PD_1,PD_5': inf, 'PD_1,PD_6': inf, 'PD_2,PD_3': inf, 'PD_2,PD_4': inf, 'PD_2,PD_5': inf, 'PD_2,PD_6': inf, 'PD_3,PD_4': inf, 'PD_3,PD_5': inf, 'PD_3,PD_6': inf, 'PD_4,PD_5': inf, 'PD_4,PD_6': inf, 'PD_5,PD_6': inf}
  Computing metrics...
    RSI: {'PD_1,PD_2': 1.0, 'PD_1,PD_3': 1.0, 'PD_1,PD_4': 1.0, 'PD_1,PD_5': 0.0, 'PD_1,PD_6': 0.0, 'PD_2,PD_3': 1.0, 'PD_2,PD_4': 1.0, 'PD_2,PD_5': 0.0, 'PD_2,PD_6': 0.0, 'PD_3,PD_4': 1.0, 'PD_3,PD_5': 0.0, 'PD_3,PD_6': 0.0, 'PD_4,PD_5': 0.0, 'PD_4,PD_6': 0.0, 'PD_5,PD_6': 0.0}, ASR: 1.1666666666666667, TCB: {'PD_1': ['PD_3', 'PD_5', 'PD_2', 'PD_4'], 'PD_2': ['PD_4', 'PD_1', 'PD_3'], 'PD_3': ['PD_1', 'PD_2', 'PD_4'], 'PD_4': ['PD_1', 'PD_2', 'PD_3'], 'PD_5': [], 'PD_6': []}, FR: {'PD_1,PD_2': inf, 'PD_1,PD_3': inf, 'PD_1,PD_4': inf, 'PD_1,PD_5': inf, 'PD_1,PD_6': inf, 'PD_2,PD_3': inf, 'PD_2,PD_4': inf, 'PD_2,PD_5': inf, 'PD_2,PD_6': inf, 'PD_3,PD_4': inf, 'PD_3,PD_5': inf, 'PD_3,PD_6': inf, 'PD_4,PD_5': inf, 'PD_4,PD_6': inf, 'PD_5,PD_6': inf}
  Computing metrics...
    RSI: {'PD_1,PD_2': 1.0, 'PD_1,PD_3': 1.0, 'PD_1,PD_4': 1.0, 'PD_1,PD_5': 0.0, 'PD_1,PD_6': 0.0, 'PD_2,PD_3': 1.0, 'PD_2,PD_4': 1.0, 'PD_2,PD_5': 0.0, 'PD_2,PD_6': 0.0, 'PD_3,PD_4': 1.0, 'PD_3,PD_5': 0.0, 'PD_3,PD_6': 0.0, 'PD_4,PD_5': 0.0, 'PD_4,PD_6': 0.0, 'PD_5,PD_6': 0.0}, ASR: 1.0, TCB: {'PD_1': ['PD_3', 'PD_2', 'PD_4'], 'PD_2': ['PD_4', 'PD_1', 'PD_3'], 'PD_3': ['PD_1', 'PD_2', 'PD_4'], 'PD_4': ['PD_1', 'PD_2', 'PD_3'], 'PD_5': [], 'PD_6': []}, FR: {'PD_1,PD_2': inf, 'PD_1,PD_3': inf, 'PD_1,PD_4': inf, 'PD_1,PD_5': inf, 'PD_1,PD_6': inf, 'PD_2,PD_3': inf, 'PD_2,PD_4': inf, 'PD_2,PD_5': inf, 'PD_2,PD_6': inf, 'PD_3,PD_4': inf, 'PD_3,PD_5': inf, 'PD_3,PD_6': inf, 'PD_4,PD_5': inf, 'PD_4,PD_6': inf, 'PD_5,PD_6': inf}
  Computing metrics...
    RSI: {'PD_1,PD_2': 1.0, 'PD_1,PD_3': 1.0, 'PD_1,PD_4': 1.0, 'PD_1,PD_5': 0.0, 'PD_1,PD_6': 0.0, 'PD_2,PD_3': 1.0, 'PD_2,PD_4': 1.0, 'PD_2,PD_5': 0.0, 'PD_2,PD_6': 0.0, 'PD_3,PD_4': 1.0, 'PD_3,PD_5': 0.0, 'PD_3,PD_6': 0.0, 'PD_4,PD_5': 0.0, 'PD_4,PD_6': 0.0, 'PD_5,PD_6': 0.0}, ASR: 1.1666666666666667, TCB: {'PD_1': ['PD_3', 'PD_6', 'PD_2', 'PD_4'], 'PD_2': ['PD_4', 'PD_1', 'PD_3'], 'PD_3': ['PD_1', 'PD_2', 'PD_4'], 'PD_4': ['PD_1', 'PD_2', 'PD_3'], 'PD_5': [], 'PD_6': []}, FR: {'PD_1,PD_2': inf, 'PD_1,PD_3': inf, 'PD_1,PD_4': inf, 'PD_1,PD_5': inf, 'PD_1,PD_6': inf, 'PD_2,PD_3': inf, 'PD_2,PD_4': inf, 'PD_2,PD_5': inf, 'PD_2,PD_6': inf, 'PD_3,PD_4': inf, 'PD_3,PD_5': inf, 'PD_3,PD_6': inf, 'PD_4,PD_5': inf, 'PD_4,PD_6': inf, 'PD_5,PD_6': inf}
  Computing metrics...
    RSI: {'PD_1,PD_2': 1.0, 'PD_1,PD_3': 1.0, 'PD_1,PD_4': 1.0, 'PD_1,PD_5': 0.0, 'PD_1,PD_6': 0.0, 'PD_2,PD_3': 1.0, 'PD_2,PD_4': 1.0, 'PD_2,PD_5': 0.0, 'PD_2,PD_6': 0.0, 'PD_3,PD_4': 1.0, 'PD_3,PD_5': 0.0, 'PD_3,PD_6': 0.0, 'PD_4,PD_5': 0.0, 'PD_4,PD_6': 0.0, 'PD_5,PD_6': 0.0}, ASR: 1.0, TCB: {'PD_1': ['PD_3', 'PD_2', 'PD_4'], 'PD_2': ['PD_4', 'PD_1', 'PD_3'], 'PD_3': ['PD_1', 'PD_2', 'PD_4'], 'PD_4': ['PD_1', 'PD_2', 'PD_3'], 'PD_5': [], 'PD_6': []}, FR: {'PD_1,PD_2': inf, 'PD_1,PD_3': inf, 'PD_1,PD_4': inf, 'PD_1,PD_5': inf, 'PD_1,PD_6': inf, 'PD_2,PD_3': inf, 'PD_2,PD_4': inf, 'PD_2,PD_5': inf, 'PD_2,PD_6': inf, 'PD_3,PD_4': inf, 'PD_3,PD_5': inf, 'PD_3,PD_6': inf, 'PD_4,PD_5': inf, 'PD_4,PD_6': inf, 'PD_5,PD_6': inf}
  Computing metrics...
    RSI: {'PD_1,PD_2': 1.0, 'PD_1,PD_3': 1.0, 'PD_1,PD_4': 1.0, 'PD_1,PD_5': 0.0, 'PD_1,PD_6': 0.0, 'PD_2,PD_3': 1.0, 'PD_2,PD_4': 1.0, 'PD_2,PD_5': 0.0, 'PD_2,PD_6': 0.0, 'PD_3,PD_4': 1.0, 'PD_3,PD_5': 0.0, 'PD_3,PD_6': 0.0, 'PD_4,PD_5': 0.0, 'PD_4,PD_6': 0.0, 'PD_5,PD_6': 0.0}, ASR: 1.1666666666666667, TCB: {'PD_1': ['PD_3', 'PD_2', 'PD_4'], 'PD_2': ['PD_4', 'PD_1', 'PD_3'], 'PD_3': ['PD_1', 'PD_2', 'PD_4'], 'PD_4': ['PD_1', 'PD_2', 'PD_3'], 'PD_5': [], 'PD_6': []}, FR: {'PD_1,PD_2': 3, 'PD_1,PD_3': inf, 'PD_1,PD_4': inf, 'PD_1,PD_5': inf, 'PD_1,PD_6': inf, 'PD_2,PD_3': inf, 'PD_2,PD_4': inf, 'PD_2,PD_5': inf, 'PD_2,PD_6': inf, 'PD_3,PD_4': inf, 'PD_3,PD_5': inf, 'PD_3,PD_6': inf, 'PD_4,PD_5': inf, 'PD_4,PD_6': inf, 'PD_5,PD_6': inf}
  Computing metrics...
    RSI: {'PD_1,PD_2': 1.0, 'PD_1,PD_3': 1.0, 'PD_1,PD_4': 1.0, 'PD_1,PD_5': 0.0, 'PD_1,PD_6': 0.0, 'PD_2,PD_3': 1.0, 'PD_2,PD_4': 1.0, 'PD_2,PD_5': 0.0, 'PD_2,PD_6': 0.0, 'PD_3,PD_4': 1.0, 'PD_3,PD_5': 0.0, 'PD_3,PD_6': 0.0, 'PD_4,PD_5': 0.0, 'PD_4,PD_6': 0.0, 'PD_5,PD_6': 0.0}, ASR: 1.0, TCB: {'PD_1': ['PD_3', 'PD_2', 'PD_4'], 'PD_2': ['PD_4', 'PD_1', 'PD_3'], 'PD_3': ['PD_1', 'PD_2', 'PD_4'], 'PD_4': ['PD_1', 'PD_2', 'PD_3'], 'PD_5': [], 'PD_6': []}, FR: {'PD_1,PD_2': inf, 'PD_1,PD_3': inf, 'PD_1,PD_4': inf, 'PD_1,PD_5': inf, 'PD_1,PD_6': inf, 'PD_2,PD_3': inf, 'PD_2,PD_4': inf, 'PD_2,PD_5': inf, 'PD_2,PD_6': inf, 'PD_3,PD_4': inf, 'PD_3,PD_5': inf, 'PD_3,PD_6': inf, 'PD_4,PD_5': inf, 'PD_4,PD_6': inf, 'PD_5,PD_6': inf}
  Computing metrics...
    RSI: {'PD_1,PD_2': 1.0, 'PD_1,PD_3': 1.0, 'PD_1,PD_4': 1.0, 'PD_1,PD_5': 0.0, 'PD_1,PD_6': 0.0, 'PD_2,PD_3': 1.0, 'PD_2,PD_4': 1.0, 'PD_2,PD_5': 0.0, 'PD_2,PD_6': 0.0, 'PD_3,PD_4': 1.0, 'PD_3,PD_5': 0.0, 'PD_3,PD_6': 0.0, 'PD_4,PD_5': 0.0, 'PD_4,PD_6': 0.0, 'PD_5,PD_6': 0.0}, ASR: 1.1666666666666667, TCB: {'PD_1': ['PD_3', 'PD_2', 'PD_4'], 'PD_2': ['PD_4', 'PD_3', 'PD_1'], 'PD_3': ['PD_1', 'PD_2', 'PD_4'], 'PD_4': ['PD_1', 'PD_2', 'PD_3'], 'PD_5': [], 'PD_6': []}, FR: {'PD_1,PD_2': 2, 'PD_1,PD_3': inf, 'PD_1,PD_4': inf, 'PD_1,PD_5': inf, 'PD_1,PD_6': inf, 'PD_2,PD_3': inf, 'PD_2,PD_4': inf, 'PD_2,PD_5': inf, 'PD_2,PD_6': inf, 'PD_3,PD_4': inf, 'PD_3,PD_5': inf, 'PD_3,PD_6': inf, 'PD_4,PD_5': inf, 'PD_4,PD_6': inf, 'PD_5,PD_6': inf}
  Computing metrics...
    RSI: {'PD_1,PD_2': 1.0, 'PD_1,PD_3': 1.0, 'PD_1,PD_4': 1.0, 'PD_1,PD_5': 0.0, 'PD_1,PD_6': 0.0, 'PD_2,PD_3': 1.0, 'PD_2,PD_4': 1.0, 'PD_2,PD_5': 0.0, 'PD_2,PD_6': 0.0, 'PD_3,PD_4': 1.0, 'PD_3,PD_5': 0.0, 'PD_3,PD_6': 0.0, 'PD_4,PD_5': 0.0, 'PD_4,PD_6': 0.0, 'PD_5,PD_6': 0.0}, ASR: 1.0, TCB: {'PD_1': ['PD_3', 'PD_2', 'PD_4'], 'PD_2': ['PD_4', 'PD_1', 'PD_3'], 'PD_3': ['PD_1', 'PD_2', 'PD_4'], 'PD_4': ['PD_1', 'PD_2', 'PD_3'], 'PD_5': [], 'PD_6': []}, FR: {'PD_1,PD_2': inf, 'PD_1,PD_3': inf, 'PD_1,PD_4': inf, 'PD_1,PD_5': inf, 'PD_1,PD_6': inf, 'PD_2,PD_3': inf, 'PD_2,PD_4': inf, 'PD_2,PD_5': inf, 'PD_2,PD_6': inf, 'PD_3,PD_4': inf, 'PD_3,PD_5': inf, 'PD_3,PD_6': inf, 'PD_4,PD_5': inf, 'PD_4,PD_6': inf, 'PD_5,PD_6': inf}
  Computing metrics...
    RSI: {'PD_1,PD_2': 1.0, 'PD_1,PD_3': 1.0, 'PD_1,PD_4': 1.0, 'PD_1,PD_5': 0.0, 'PD_1,PD_6': 0.0, 'PD_2,PD_3': 1.0, 'PD_2,PD_4': 1.0, 'PD_2,PD_5': 0.0, 'PD_2,PD_6': 0.0, 'PD_3,PD_4': 1.0, 'PD_3,PD_5': 0.0, 'PD_3,PD_6': 0.0, 'PD_4,PD_5': 0.0, 'PD_4,PD_6': 0.0, 'PD_5,PD_6': 0.0}, ASR: 1.1666666666666667, TCB: {'PD_1': ['PD_3', 'PD_2', 'PD_4'], 'PD_2': ['PD_4', 'PD_5', 'PD_1', 'PD_3'], 'PD_3': ['PD_1', 'PD_2', 'PD_4'], 'PD_4': ['PD_1', 'PD_2', 'PD_3'], 'PD_5': [], 'PD_6': []}, FR: {'PD_1,PD_2': inf, 'PD_1,PD_3': inf, 'PD_1,PD_4': inf, 'PD_1,PD_5': inf, 'PD_1,PD_6': inf, 'PD_2,PD_3': inf, 'PD_2,PD_4': inf, 'PD_2,PD_5': inf, 'PD_2,PD_6': inf, 'PD_3,PD_4': inf, 'PD_3,PD_5': inf, 'PD_3,PD_6': inf, 'PD_4,PD_5': inf, 'PD_4,PD_6': inf, 'PD_5,PD_6': inf}
  Computing metrics...
    RSI: {'PD_1,PD_2': 1.0, 'PD_1,PD_3': 1.0, 'PD_1,PD_4': 1.0, 'PD_1,PD_5': 0.0, 'PD_1,PD_6': 0.0, 'PD_2,PD_3': 1.0, 'PD_2,PD_4': 1.0, 'PD_2,PD_5': 0.0, 'PD_2,PD_6': 0.0, 'PD_3,PD_4': 1.0, 'PD_3,PD_5': 0.0, 'PD_3,PD_6': 0.0, 'PD_4,PD_5': 0.0, 'PD_4,PD_6': 0.0, 'PD_5,PD_6': 0.0}, ASR: 1.0, TCB: {'PD_1': ['PD_3', 'PD_2', 'PD_4'], 'PD_2': ['PD_4', 'PD_1', 'PD_3'], 'PD_3': ['PD_1', 'PD_2', 'PD_4'], 'PD_4': ['PD_1', 'PD_2', 'PD_3'], 'PD_5': [], 'PD_6': []}, FR: {'PD_1,PD_2': inf, 'PD_1,PD_3': inf, 'PD_1,PD_4': inf, 'PD_1,PD_5': inf, 'PD_1,PD_6': inf, 'PD_2,PD_3': inf, 'PD_2,PD_4': inf, 'PD_2,PD_5': inf, 'PD_2,PD_6': inf, 'PD_3,PD_4': inf, 'PD_3,PD_5': inf, 'PD_3,PD_6': inf, 'PD_4,PD_5': inf, 'PD_4,PD_6': inf, 'PD_5,PD_6': inf}
  Computing metrics...
    RSI: {'PD_1,PD_2': 1.0, 'PD_1,PD_3': 1.0, 'PD_1,PD_4': 1.0, 'PD_1,PD_5': 0.0, 'PD_1,PD_6': 0.0, 'PD_2,PD_3': 1.0, 'PD_2,PD_4': 1.0, 'PD_2,PD_5': 0.0, 'PD_2,PD_6': 0.0, 'PD_3,PD_4': 1.0, 'PD_3,PD_5': 0.0, 'PD_3,PD_6': 0.0, 'PD_4,PD_5': 0.0, 'PD_4,PD_6': 0.0, 'PD_5,PD_6': 0.0}, ASR: 1.1666666666666667, TCB: {'PD_1': ['PD_3', 'PD_2', 'PD_4'], 'PD_2': ['PD_4', 'PD_6', 'PD_1', 'PD_3'], 'PD_3': ['PD_1', 'PD_2', 'PD_4'], 'PD_4': ['PD_1', 'PD_2', 'PD_3'], 'PD_5': [], 'PD_6': []}, FR: {'PD_1,PD_2': inf, 'PD_1,PD_3': inf, 'PD_1,PD_4': inf, 'PD_1,PD_5': inf, 'PD_1,PD_6': inf, 'PD_2,PD_3': inf, 'PD_2,PD_4': inf, 'PD_2,PD_5': inf, 'PD_2,PD_6': inf, 'PD_3,PD_4': inf, 'PD_3,PD_5': inf, 'PD_3,PD_6': inf, 'PD_4,PD_5': inf, 'PD_4,PD_6': inf, 'PD_5,PD_6': inf}
  Computing metrics...
    RSI: {'PD_1,PD_2': 1.0, 'PD_1,PD_3': 1.0, 'PD_1,PD_4': 1.0, 'PD_1,PD_5': 0.0, 'PD_1,PD_6': 0.0, 'PD_2,PD_3': 1.0, 'PD_2,PD_4': 1.0, 'PD_2,PD_5': 0.0, 'PD_2,PD_6': 0.0, 'PD_3,PD_4': 1.0, 'PD_3,PD_5': 0.0, 'PD_3,PD_6': 0.0, 'PD_4,PD_5': 0.0, 'PD_4,PD_6': 0.0, 'PD_5,PD_6': 0.0}, ASR: 1.0, TCB: {'PD_1': ['PD_3', 'PD_2', 'PD_4'], 'PD_2': ['PD_4', 'PD_1', 'PD_3'], 'PD_3': ['PD_1', 'PD_2', 'PD_4'], 'PD_4': ['PD_1', 'PD_2', 'PD_3'], 'PD_5': [], 'PD_6': []}, FR: {'PD_1,PD_2': inf, 'PD_1,PD_3': inf, 'PD_1,PD_4': inf, 'PD_1,PD_5': inf, 'PD_1,PD_6': inf, 'PD_2,PD_3': inf, 'PD_2,PD_4': inf, 'PD_2,PD_5': inf, 'PD_2,PD_6': inf, 'PD_3,PD_4': inf, 'PD_3,PD_5': inf, 'PD_3,PD_6': inf, 'PD_4,PD_5': inf, 'PD_4,PD_6': inf, 'PD_5,PD_6': inf}
  Computing metrics...
    RSI: {'PD_1,PD_2': 1.0, 'PD_1,PD_3': 1.0, 'PD_1,PD_4': 1.0, 'PD_1,PD_5': 0.0, 'PD_1,PD_6': 0.0, 'PD_2,PD_3': 1.0, 'PD_2,PD_4': 1.0, 'PD_2,PD_5': 0.0, 'PD_2,PD_6': 0.0, 'PD_3,PD_4': 1.0, 'PD_3,PD_5': 0.0, 'PD_3,PD_6': 0.0, 'PD_4,PD_5': 0.0, 'PD_4,PD_6': 0.0, 'PD_5,PD_6': 0.0}, ASR: 1.1666666666666667, TCB: {'PD_1': ['PD_3', 'PD_2', 'PD_4'], 'PD_2': ['PD_4', 'PD_1', 'PD_3'], 'PD_3': ['PD_1', 'PD_2', 'PD_4'], 'PD_4': ['PD_1', 'PD_2', 'PD_3'], 'PD_5': [], 'PD_6': []}, FR: {'PD_1,PD_2': inf, 'PD_1,PD_3': inf, 'PD_1,PD_4': inf, 'PD_1,PD_5': inf, 'PD_1,PD_6': inf, 'PD_2,PD_3': inf, 'PD_2,PD_4': inf, 'PD_2,PD_5': inf, 'PD_2,PD_6': inf, 'PD_3,PD_4': inf, 'PD_3,PD_5': inf, 'PD_3,PD_6': inf, 'PD_4,PD_5': inf, 'PD_4,PD_6': inf, 'PD_5,PD_6': inf}
  Computing metrics...
    RSI: {'PD_1,PD_2': 1.0, 'PD_1,PD_3': 1.0, 'PD_1,PD_4': 1.0, 'PD_1,PD_5': 0.0, 'PD_1,PD_6': 0.0, 'PD_2,PD_3': 1.0, 'PD_2,PD_4': 1.0, 'PD_2,PD_5': 0.0, 'PD_2,PD_6': 0.0, 'PD_3,PD_4': 1.0, 'PD_3,PD_5': 0.0, 'PD_3,PD_6': 0.0, 'PD_4,PD_5': 0.0, 'PD_4,PD_6': 0.0, 'PD_5,PD_6': 0.0}, ASR: 1.0, TCB: {'PD_1': ['PD_3', 'PD_2', 'PD_4'], 'PD_2': ['PD_4', 'PD_1', 'PD_3'], 'PD_3': ['PD_1', 'PD_2', 'PD_4'], 'PD_4': ['PD_1', 'PD_2', 'PD_3'], 'PD_5': [], 'PD_6': []}, FR: {'PD_1,PD_2': inf, 'PD_1,PD_3': inf, 'PD_1,PD_4': inf, 'PD_1,PD_5': inf, 'PD_1,PD_6': inf, 'PD_2,PD_3': inf, 'PD_2,PD_4': inf, 'PD_2,PD_5': inf, 'PD_2,PD_6': inf, 'PD_3,PD_4': inf, 'PD_3,PD_5': inf, 'PD_3,PD_6': inf, 'PD_4,PD_5': inf, 'PD_4,PD_6': inf, 'PD_5,PD_6': inf}
  Computing metrics...
    RSI: {'PD_1,PD_2': 1.0, 'PD_1,PD_3': 1.0, 'PD_1,PD_4': 1.0, 'PD_1,PD_5': 0.0, 'PD_1,PD_6': 0.0, 'PD_2,PD_3': 1.0, 'PD_2,PD_4': 1.0, 'PD_2,PD_5': 0.0, 'PD_2,PD_6': 0.0, 'PD_3,PD_4': 1.0, 'PD_3,PD_5': 0.0, 'PD_3,PD_6': 0.0, 'PD_4,PD_5': 0.0, 'PD_4,PD_6': 0.0, 'PD_5,PD_6': 0.0}, ASR: 1.1666666666666667, TCB: {'PD_1': ['PD_3', 'PD_2', 'PD_4'], 'PD_2': ['PD_4', 'PD_1', 'PD_3'], 'PD_3': ['PD_2', 'PD_1', 'PD_4'], 'PD_4': ['PD_1', 'PD_2', 'PD_3'], 'PD_5': [], 'PD_6': []}, FR: {'PD_1,PD_2': 4, 'PD_1,PD_3': 3, 'PD_1,PD_4': inf, 'PD_1,PD_5': inf, 'PD_1,PD_6': inf, 'PD_2,PD_3': 3, 'PD_2,PD_4': inf, 'PD_2,PD_5': inf, 'PD_2,PD_6': inf, 'PD_3,PD_4': inf, 'PD_3,PD_5': inf, 'PD_3,PD_6': inf, 'PD_4,PD_5': inf, 'PD_4,PD_6': inf, 'PD_5,PD_6': inf}
  Computing metrics...
    RSI: {'PD_1,PD_2': 1.0, 'PD_1,PD_3': 1.0, 'PD_1,PD_4': 1.0, 'PD_1,PD_5': 0.0, 'PD_1,PD_6': 0.0, 'PD_2,PD_3': 1.0, 'PD_2,PD_4': 1.0, 'PD_2,PD_5': 0.0, 'PD_2,PD_6': 0.0, 'PD_3,PD_4': 1.0, 'PD_3,PD_5': 0.0, 'PD_3,PD_6': 0.0, 'PD_4,PD_5': 0.0, 'PD_4,PD_6': 0.0, 'PD_5,PD_6': 0.0}, ASR: 1.0, TCB: {'PD_1': ['PD_3', 'PD_2', 'PD_4'], 'PD_2': ['PD_4', 'PD_1', 'PD_3'], 'PD_3': ['PD_1', 'PD_2', 'PD_4'], 'PD_4': ['PD_1', 'PD_2', 'PD_3'], 'PD_5': [], 'PD_6': []}, FR: {'PD_1,PD_2': inf, 'PD_1,PD_3': inf, 'PD_1,PD_4': inf, 'PD_1,PD_5': inf, 'PD_1,PD_6': inf, 'PD_2,PD_3': inf, 'PD_2,PD_4': inf, 'PD_2,PD_5': inf, 'PD_2,PD_6': inf, 'PD_3,PD_4': inf, 'PD_3,PD_5': inf, 'PD_3,PD_6': inf, 'PD_4,PD_5': inf, 'PD_4,PD_6': inf, 'PD_5,PD_6': inf}
  Computing metrics...
    RSI: {'PD_1,PD_2': 1.0, 'PD_1,PD_3': 1.0, 'PD_1,PD_4': 1.0, 'PD_1,PD_5': 0.0, 'PD_1,PD_6': 0.0, 'PD_2,PD_3': 1.0, 'PD_2,PD_4': 1.0, 'PD_2,PD_5': 0.0, 'PD_2,PD_6': 0.0, 'PD_3,PD_4': 1.0, 'PD_3,PD_5': 0.0, 'PD_3,PD_6': 0.0, 'PD_4,PD_5': 0.0, 'PD_4,PD_6': 0.0, 'PD_5,PD_6': 0.0}, ASR: 1.1666666666666667, TCB: {'PD_1': ['PD_3', 'PD_2', 'PD_4'], 'PD_2': ['PD_4', 'PD_1', 'PD_3'], 'PD_3': ['PD_4', 'PD_1', 'PD_2'], 'PD_4': ['PD_1', 'PD_2', 'PD_3'], 'PD_5': [], 'PD_6': []}, FR: {'PD_1,PD_2': 3, 'PD_1,PD_3': 3, 'PD_1,PD_4': inf, 'PD_1,PD_5': inf, 'PD_1,PD_6': inf, 'PD_2,PD_3': 2, 'PD_2,PD_4': inf, 'PD_2,PD_5': inf, 'PD_2,PD_6': inf, 'PD_3,PD_4': inf, 'PD_3,PD_5': inf, 'PD_3,PD_6': inf, 'PD_4,PD_5': inf, 'PD_4,PD_6': inf, 'PD_5,PD_6': inf}
  Computing metrics...
    RSI: {'PD_1,PD_2': 1.0, 'PD_1,PD_3': 1.0, 'PD_1,PD_4': 1.0, 'PD_1,PD_5': 0.0, 'PD_1,PD_6': 0.0, 'PD_2,PD_3': 1.0, 'PD_2,PD_4': 1.0, 'PD_2,PD_5': 0.0, 'PD_2,PD_6': 0.0, 'PD_3,PD_4': 1.0, 'PD_3,PD_5': 0.0, 'PD_3,PD_6': 0.0, 'PD_4,PD_5': 0.0, 'PD_4,PD_6': 0.0, 'PD_5,PD_6': 0.0}, ASR: 1.0, TCB: {'PD_1': ['PD_3', 'PD_2', 'PD_4'], 'PD_2': ['PD_4', 'PD_1', 'PD_3'], 'PD_3': ['PD_1', 'PD_2', 'PD_4'], 'PD_4': ['PD_1', 'PD_2', 'PD_3'], 'PD_5': [], 'PD_6': []}, FR: {'PD_1,PD_2': inf, 'PD_1,PD_3': inf, 'PD_1,PD_4': inf, 'PD_1,PD_5': inf, 'PD_1,PD_6': inf, 'PD_2,PD_3': inf, 'PD_2,PD_4': inf, 'PD_2,PD_5': inf, 'PD_2,PD_6': inf, 'PD_3,PD_4': inf, 'PD_3,PD_5': inf, 'PD_3,PD_6': inf, 'PD_4,PD_5': inf, 'PD_4,PD_6': inf, 'PD_5,PD_6': inf}
  Computing metrics...
    RSI: {'PD_1,PD_2': 1.0, 'PD_1,PD_3': 1.0, 'PD_1,PD_4': 1.0, 'PD_1,PD_5': 0.0, 'PD_1,PD_6': 0.0, 'PD_2,PD_3': 1.0, 'PD_2,PD_4': 1.0, 'PD_2,PD_5': 0.0, 'PD_2,PD_6': 0.0, 'PD_3,PD_4': 1.0, 'PD_3,PD_5': 0.0, 'PD_3,PD_6': 0.0, 'PD_4,PD_5': 0.0, 'PD_4,PD_6': 0.0, 'PD_5,PD_6': 0.0}, ASR: 1.1666666666666667, TCB: {'PD_1': ['PD_3', 'PD_2', 'PD_4'], 'PD_2': ['PD_4', 'PD_1', 'PD_3'], 'PD_3': ['PD_5', 'PD_1', 'PD_2', 'PD_4'], 'PD_4': ['PD_1', 'PD_2', 'PD_3'], 'PD_5': [], 'PD_6': []}, FR: {'PD_1,PD_2': inf, 'PD_1,PD_3': 3, 'PD_1,PD_4': inf, 'PD_1,PD_5': inf, 'PD_1,PD_6': inf, 'PD_2,PD_3': inf, 'PD_2,PD_4': inf, 'PD_2,PD_5': inf, 'PD_2,PD_6': inf, 'PD_3,PD_4': inf, 'PD_3,PD_5': inf, 'PD_3,PD_6': inf, 'PD_4,PD_5': inf, 'PD_4,PD_6': inf, 'PD_5,PD_6': inf}
  Computing metrics...
    RSI: {'PD_1,PD_2': 1.0, 'PD_1,PD_3': 1.0, 'PD_1,PD_4': 1.0, 'PD_1,PD_5': 0.0, 'PD_1,PD_6': 0.0, 'PD_2,PD_3': 1.0, 'PD_2,PD_4': 1.0, 'PD_2,PD_5': 0.0, 'PD_2,PD_6': 0.0, 'PD_3,PD_4': 1.0, 'PD_3,PD_5': 0.0, 'PD_3,PD_6': 0.0, 'PD_4,PD_5': 0.0, 'PD_4,PD_6': 0.0, 'PD_5,PD_6': 0.0}, ASR: 1.0, TCB: {'PD_1': ['PD_3', 'PD_2', 'PD_4'], 'PD_2': ['PD_4', 'PD_1', 'PD_3'], 'PD_3': ['PD_1', 'PD_2', 'PD_4'], 'PD_4': ['PD_1', 'PD_2', 'PD_3'], 'PD_5': [], 'PD_6': []}, FR: {'PD_1,PD_2': inf, 'PD_1,PD_3': inf, 'PD_1,PD_4': inf, 'PD_1,PD_5': inf, 'PD_1,PD_6': inf, 'PD_2,PD_3': inf, 'PD_2,PD_4': inf, 'PD_2,PD_5': inf, 'PD_2,PD_6': inf, 'PD_3,PD_4': inf, 'PD_3,PD_5': inf, 'PD_3,PD_6': inf, 'PD_4,PD_5': inf, 'PD_4,PD_6': inf, 'PD_5,PD_6': inf}
  Computing metrics...
    RSI: {'PD_1,PD_2': 1.0, 'PD_1,PD_3': 1.0, 'PD_1,PD_4': 1.0, 'PD_1,PD_5': 0.0, 'PD_1,PD_6': 0.0, 'PD_2,PD_3': 1.0, 'PD_2,PD_4': 1.0, 'PD_2,PD_5': 0.0, 'PD_2,PD_6': 0.0, 'PD_3,PD_4': 1.0, 'PD_3,PD_5': 0.0, 'PD_3,PD_6': 0.0, 'PD_4,PD_5': 0.0, 'PD_4,PD_6': 0.0, 'PD_5,PD_6': 0.0}, ASR: 1.1666666666666667, TCB: {'PD_1': ['PD_3', 'PD_2', 'PD_4'], 'PD_2': ['PD_4', 'PD_1', 'PD_3'], 'PD_3': ['PD_6', 'PD_1', 'PD_2', 'PD_4'], 'PD_4': ['PD_1', 'PD_2', 'PD_3'], 'PD_5': [], 'PD_6': []}, FR: {'PD_1,PD_2': inf, 'PD_1,PD_3': 3, 'PD_1,PD_4': inf, 'PD_1,PD_5': inf, 'PD_1,PD_6': inf, 'PD_2,PD_3': inf, 'PD_2,PD_4': inf, 'PD_2,PD_5': inf, 'PD_2,PD_6': inf, 'PD_3,PD_4': inf, 'PD_3,PD_5': inf, 'PD_3,PD_6': inf, 'PD_4,PD_5': inf, 'PD_4,PD_6': inf, 'PD_5,PD_6': inf}
  Computing metrics...
    RSI: {'PD_1,PD_2': 1.0, 'PD_1,PD_3': 1.0, 'PD_1,PD_4': 1.0, 'PD_1,PD_5': 0.0, 'PD_1,PD_6': 0.0, 'PD_2,PD_3': 1.0, 'PD_2,PD_4': 1.0, 'PD_2,PD_5': 0.0, 'PD_2,PD_6': 0.0, 'PD_3,PD_4': 1.0, 'PD_3,PD_5': 0.0, 'PD_3,PD_6': 0.0, 'PD_4,PD_5': 0.0, 'PD_4,PD_6': 0.0, 'PD_5,PD_6': 0.0}, ASR: 1.0, TCB: {'PD_1': ['PD_3', 'PD_2', 'PD_4'], 'PD_2': ['PD_4', 'PD_1', 'PD_3'], 'PD_3': ['PD_1', 'PD_2', 'PD_4'], 'PD_4': ['PD_1', 'PD_2', 'PD_3'], 'PD_5': [], 'PD_6': []}, FR: {'PD_1,PD_2': inf, 'PD_1,PD_3': inf, 'PD_1,PD_4': inf, 'PD_1,PD_5': inf, 'PD_1,PD_6': inf, 'PD_2,PD_3': inf, 'PD_2,PD_4': inf, 'PD_2,PD_5': inf, 'PD_2,PD_6': inf, 'PD_3,PD_4': inf, 'PD_3,PD_5': inf, 'PD_3,PD_6': inf, 'PD_4,PD_5': inf, 'PD_4,PD_6': inf, 'PD_5,PD_6': inf}
  Computing metrics...
    RSI: {'PD_1,PD_2': 1.0, 'PD_1,PD_3': 1.0, 'PD_1,PD_4': 1.0, 'PD_1,PD_5': 0.0, 'PD_1,PD_6': 0.0, 'PD_2,PD_3': 1.0, 'PD_2,PD_4': 1.0, 'PD_2,PD_5': 0.0, 'PD_2,PD_6': 0.0, 'PD_3,PD_4': 1.0, 'PD_3,PD_5': 0.0, 'PD_3,PD_6': 0.0, 'PD_4,PD_5': 0.0, 'PD_4,PD_6': 0.0, 'PD_5,PD_6': 0.0}, ASR: 1.1666666666666667, TCB: {'PD_1': ['PD_3', 'PD_2', 'PD_4'], 'PD_2': ['PD_4', 'PD_1', 'PD_3'], 'PD_3': ['PD_1', 'PD_2', 'PD_4'], 'PD_4': ['PD_1', 'PD_2', 'PD_3'], 'PD_5': [], 'PD_6': []}, FR: {'PD_1,PD_2': 4, 'PD_1,PD_3': inf, 'PD_1,PD_4': 3, 'PD_1,PD_5': inf, 'PD_1,PD_6': inf, 'PD_2,PD_3': inf, 'PD_2,PD_4': 3, 'PD_2,PD_5': inf, 'PD_2,PD_6': inf, 'PD_3,PD_4': inf, 'PD_3,PD_5': inf, 'PD_3,PD_6': inf, 'PD_4,PD_5': inf, 'PD_4,PD_6': inf, 'PD_5,PD_6': inf}
  Computing metrics...
    RSI: {'PD_1,PD_2': 1.0, 'PD_1,PD_3': 1.0, 'PD_1,PD_4': 1.0, 'PD_1,PD_5': 0.0, 'PD_1,PD_6': 0.0, 'PD_2,PD_3': 1.0, 'PD_2,PD_4': 1.0, 'PD_2,PD_5': 0.0, 'PD_2,PD_6': 0.0, 'PD_3,PD_4': 1.0, 'PD_3,PD_5': 0.0, 'PD_3,PD_6': 0.0, 'PD_4,PD_5': 0.0, 'PD_4,PD_6': 0.0, 'PD_5,PD_6': 0.0}, ASR: 1.0, TCB: {'PD_1': ['PD_3', 'PD_2', 'PD_4'], 'PD_2': ['PD_4', 'PD_1', 'PD_3'], 'PD_3': ['PD_1', 'PD_2', 'PD_4'], 'PD_4': ['PD_1', 'PD_2', 'PD_3'], 'PD_5': [], 'PD_6': []}, FR: {'PD_1,PD_2': inf, 'PD_1,PD_3': inf, 'PD_1,PD_4': inf, 'PD_1,PD_5': inf, 'PD_1,PD_6': inf, 'PD_2,PD_3': inf, 'PD_2,PD_4': inf, 'PD_2,PD_5': inf, 'PD_2,PD_6': inf, 'PD_3,PD_4': inf, 'PD_3,PD_5': inf, 'PD_3,PD_6': inf, 'PD_4,PD_5': inf, 'PD_4,PD_6': inf, 'PD_5,PD_6': inf}
  Computing metrics...
    RSI: {'PD_1,PD_2': 1.0, 'PD_1,PD_3': 1.0, 'PD_1,PD_4': 1.0, 'PD_1,PD_5': 0.0, 'PD_1,PD_6': 0.0, 'PD_2,PD_3': 1.0, 'PD_2,PD_4': 1.0, 'PD_2,PD_5': 0.0, 'PD_2,PD_6': 0.0, 'PD_3,PD_4': 1.0, 'PD_3,PD_5': 0.0, 'PD_3,PD_6': 0.0, 'PD_4,PD_5': 0.0, 'PD_4,PD_6': 0.0, 'PD_5,PD_6': 0.0}, ASR: 1.1666666666666667, TCB: {'PD_1': ['PD_3', 'PD_2', 'PD_4'], 'PD_2': ['PD_4', 'PD_1', 'PD_3'], 'PD_3': ['PD_1', 'PD_2', 'PD_4'], 'PD_4': ['PD_2', 'PD_1', 'PD_3'], 'PD_5': [], 'PD_6': []}, FR: {'PD_1,PD_2': inf, 'PD_1,PD_3': inf, 'PD_1,PD_4': inf, 'PD_1,PD_5': inf, 'PD_1,PD_6': inf, 'PD_2,PD_3': inf, 'PD_2,PD_4': inf, 'PD_2,PD_5': inf, 'PD_2,PD_6': inf, 'PD_3,PD_4': inf, 'PD_3,PD_5': inf, 'PD_3,PD_6': inf, 'PD_4,PD_5': inf, 'PD_4,PD_6': inf, 'PD_5,PD_6': inf}
  Computing metrics...
    RSI: {'PD_1,PD_2': 1.0, 'PD_1,PD_3': 1.0, 'PD_1,PD_4': 1.0, 'PD_1,PD_5': 0.0, 'PD_1,PD_6': 0.0, 'PD_2,PD_3': 1.0, 'PD_2,PD_4': 1.0, 'PD_2,PD_5': 0.0, 'PD_2,PD_6': 0.0, 'PD_3,PD_4': 1.0, 'PD_3,PD_5': 0.0, 'PD_3,PD_6': 0.0, 'PD_4,PD_5': 0.0, 'PD_4,PD_6': 0.0, 'PD_5,PD_6': 0.0}, ASR: 1.0, TCB: {'PD_1': ['PD_3', 'PD_2', 'PD_4'], 'PD_2': ['PD_4', 'PD_1', 'PD_3'], 'PD_3': ['PD_1', 'PD_2', 'PD_4'], 'PD_4': ['PD_1', 'PD_2', 'PD_3'], 'PD_5': [], 'PD_6': []}, FR: {'PD_1,PD_2': inf, 'PD_1,PD_3': inf, 'PD_1,PD_4': inf, 'PD_1,PD_5': inf, 'PD_1,PD_6': inf, 'PD_2,PD_3': inf, 'PD_2,PD_4': inf, 'PD_2,PD_5': inf, 'PD_2,PD_6': inf, 'PD_3,PD_4': inf, 'PD_3,PD_5': inf, 'PD_3,PD_6': inf, 'PD_4,PD_5': inf, 'PD_4,PD_6': inf, 'PD_5,PD_6': inf}
  Computing metrics...
    RSI: {'PD_1,PD_2': 1.0, 'PD_1,PD_3': 1.0, 'PD_1,PD_4': 1.0, 'PD_1,PD_5': 0.0, 'PD_1,PD_6': 0.0, 'PD_2,PD_3': 1.0, 'PD_2,PD_4': 1.0, 'PD_2,PD_5': 0.0, 'PD_2,PD_6': 0.0, 'PD_3,PD_4': 1.0, 'PD_3,PD_5': 0.0, 'PD_3,PD_6': 0.0, 'PD_4,PD_5': 0.0, 'PD_4,PD_6': 0.0, 'PD_5,PD_6': 0.0}, ASR: 1.1666666666666667, TCB: {'PD_1': ['PD_3', 'PD_2', 'PD_4'], 'PD_2': ['PD_4', 'PD_1', 'PD_3'], 'PD_3': ['PD_1', 'PD_2', 'PD_4'], 'PD_4': ['PD_3', 'PD_1', 'PD_2'], 'PD_5': [], 'PD_6': []}, FR: {'PD_1,PD_2': 3, 'PD_1,PD_3': inf, 'PD_1,PD_4': 2, 'PD_1,PD_5': inf, 'PD_1,PD_6': inf, 'PD_2,PD_3': inf, 'PD_2,PD_4': 3, 'PD_2,PD_5': inf, 'PD_2,PD_6': inf, 'PD_3,PD_4': inf, 'PD_3,PD_5': inf, 'PD_3,PD_6': inf, 'PD_4,PD_5': inf, 'PD_4,PD_6': inf, 'PD_5,PD_6': inf}
  Computing metrics...
    RSI: {'PD_1,PD_2': 1.0, 'PD_1,PD_3': 1.0, 'PD_1,PD_4': 1.0, 'PD_1,PD_5': 0.0, 'PD_1,PD_6': 0.0, 'PD_2,PD_3': 1.0, 'PD_2,PD_4': 1.0, 'PD_2,PD_5': 0.0, 'PD_2,PD_6': 0.0, 'PD_3,PD_4': 1.0, 'PD_3,PD_5': 0.0, 'PD_3,PD_6': 0.0, 'PD_4,PD_5': 0.0, 'PD_4,PD_6': 0.0, 'PD_5,PD_6': 0.0}, ASR: 1.0, TCB: {'PD_1': ['PD_3', 'PD_2', 'PD_4'], 'PD_2': ['PD_4', 'PD_1', 'PD_3'], 'PD_3': ['PD_1', 'PD_2', 'PD_4'], 'PD_4': ['PD_1', 'PD_2', 'PD_3'], 'PD_5': [], 'PD_6': []}, FR: {'PD_1,PD_2': inf, 'PD_1,PD_3': inf, 'PD_1,PD_4': inf, 'PD_1,PD_5': inf, 'PD_1,PD_6': inf, 'PD_2,PD_3': inf, 'PD_2,PD_4': inf, 'PD_2,PD_5': inf, 'PD_2,PD_6': inf, 'PD_3,PD_4': inf, 'PD_3,PD_5': inf, 'PD_3,PD_6': inf, 'PD_4,PD_5': inf, 'PD_4,PD_6': inf, 'PD_5,PD_6': inf}
  Computing metrics...
    RSI: {'PD_1,PD_2': 1.0, 'PD_1,PD_3': 1.0, 'PD_1,PD_4': 1.0, 'PD_1,PD_5': 0.0, 'PD_1,PD_6': 0.0, 'PD_2,PD_3': 1.0, 'PD_2,PD_4': 1.0, 'PD_2,PD_5': 0.0, 'PD_2,PD_6': 0.0, 'PD_3,PD_4': 1.0, 'PD_3,PD_5': 0.0, 'PD_3,PD_6': 0.0, 'PD_4,PD_5': 0.0, 'PD_4,PD_6': 0.0, 'PD_5,PD_6': 0.0}, ASR: 1.1666666666666667, TCB: {'PD_1': ['PD_3', 'PD_2', 'PD_4'], 'PD_2': ['PD_4', 'PD_1', 'PD_3'], 'PD_3': ['PD_1', 'PD_2', 'PD_4'], 'PD_4': ['PD_5', 'PD_1', 'PD_2', 'PD_3'], 'PD_5': [], 'PD_6': []}, FR: {'PD_1,PD_2': inf, 'PD_1,PD_3': inf, 'PD_1,PD_4': inf, 'PD_1,PD_5': inf, 'PD_1,PD_6': inf, 'PD_2,PD_3': inf, 'PD_2,PD_4': 3, 'PD_2,PD_5': inf, 'PD_2,PD_6': inf, 'PD_3,PD_4': inf, 'PD_3,PD_5': inf, 'PD_3,PD_6': inf, 'PD_4,PD_5': inf, 'PD_4,PD_6': inf, 'PD_5,PD_6': inf}
  Computing metrics...
    RSI: {'PD_1,PD_2': 1.0, 'PD_1,PD_3': 1.0, 'PD_1,PD_4': 1.0, 'PD_1,PD_5': 0.0, 'PD_1,PD_6': 0.0, 'PD_2,PD_3': 1.0, 'PD_2,PD_4': 1.0, 'PD_2,PD_5': 0.0, 'PD_2,PD_6': 0.0, 'PD_3,PD_4': 1.0, 'PD_3,PD_5': 0.0, 'PD_3,PD_6': 0.0, 'PD_4,PD_5': 0.0, 'PD_4,PD_6': 0.0, 'PD_5,PD_6': 0.0}, ASR: 1.0, TCB: {'PD_1': ['PD_3', 'PD_2', 'PD_4'], 'PD_2': ['PD_4', 'PD_1', 'PD_3'], 'PD_3': ['PD_1', 'PD_2', 'PD_4'], 'PD_4': ['PD_1', 'PD_2', 'PD_3'], 'PD_5': [], 'PD_6': []}, FR: {'PD_1,PD_2': inf, 'PD_1,PD_3': inf, 'PD_1,PD_4': inf, 'PD_1,PD_5': inf, 'PD_1,PD_6': inf, 'PD_2,PD_3': inf, 'PD_2,PD_4': inf, 'PD_2,PD_5': inf, 'PD_2,PD_6': inf, 'PD_3,PD_4': inf, 'PD_3,PD_5': inf, 'PD_3,PD_6': inf, 'PD_4,PD_5': inf, 'PD_4,PD_6': inf, 'PD_5,PD_6': inf}
  Computing metrics...
    RSI: {'PD_1,PD_2': 1.0, 'PD_1,PD_3': 1.0, 'PD_1,PD_4': 1.0, 'PD_1,PD_5': 0.0, 'PD_1,PD_6': 0.0, 'PD_2,PD_3': 1.0, 'PD_2,PD_4': 1.0, 'PD_2,PD_5': 0.0, 'PD_2,PD_6': 0.0, 'PD_3,PD_4': 1.0, 'PD_3,PD_5': 0.0, 'PD_3,PD_6': 0.0, 'PD_4,PD_5': 0.0, 'PD_4,PD_6': 0.0, 'PD_5,PD_6': 0.0}, ASR: 1.1666666666666667, TCB: {'PD_1': ['PD_3', 'PD_2', 'PD_4'], 'PD_2': ['PD_4', 'PD_1', 'PD_3'], 'PD_3': ['PD_1', 'PD_2', 'PD_4'], 'PD_4': ['PD_6', 'PD_1', 'PD_2', 'PD_3'], 'PD_5': [], 'PD_6': []}, FR: {'PD_1,PD_2': inf, 'PD_1,PD_3': inf, 'PD_1,PD_4': inf, 'PD_1,PD_5': inf, 'PD_1,PD_6': inf, 'PD_2,PD_3': inf, 'PD_2,PD_4': 3, 'PD_2,PD_5': inf, 'PD_2,PD_6': inf, 'PD_3,PD_4': inf, 'PD_3,PD_5': inf, 'PD_3,PD_6': inf, 'PD_4,PD_5': inf, 'PD_4,PD_6': inf, 'PD_5,PD_6': inf}
  Computing metrics...
    RSI: {'PD_1,PD_2': 1.0, 'PD_1,PD_3': 1.0, 'PD_1,PD_4': 1.0, 'PD_1,PD_5': 0.0, 'PD_1,PD_6': 0.0, 'PD_2,PD_3': 1.0, 'PD_2,PD_4': 1.0, 'PD_2,PD_5': 0.0, 'PD_2,PD_6': 0.0, 'PD_3,PD_4': 1.0, 'PD_3,PD_5': 0.0, 'PD_3,PD_6': 0.0, 'PD_4,PD_5': 0.0, 'PD_4,PD_6': 0.0, 'PD_5,PD_6': 0.0}, ASR: 1.0, TCB: {'PD_1': ['PD_3', 'PD_2', 'PD_4'], 'PD_2': ['PD_4', 'PD_1', 'PD_3'], 'PD_3': ['PD_1', 'PD_2', 'PD_4'], 'PD_4': ['PD_1', 'PD_2', 'PD_3'], 'PD_5': [], 'PD_6': []}, FR: {'PD_1,PD_2': inf, 'PD_1,PD_3': inf, 'PD_1,PD_4': inf, 'PD_1,PD_5': inf, 'PD_1,PD_6': inf, 'PD_2,PD_3': inf, 'PD_2,PD_4': inf, 'PD_2,PD_5': inf, 'PD_2,PD_6': inf, 'PD_3,PD_4': inf, 'PD_3,PD_5': inf, 'PD_3,PD_6': inf, 'PD_4,PD_5': inf, 'PD_4,PD_6': inf, 'PD_5,PD_6': inf}
  Computing metrics...
    RSI: {'PD_1,PD_2': 1.0, 'PD_1,PD_3': 1.0, 'PD_1,PD_4': 1.0, 'PD_1,PD_5': 0.0, 'PD_1,PD_6': 0.0, 'PD_2,PD_3': 1.0, 'PD_2,PD_4': 1.0, 'PD_2,PD_5': 0.0, 'PD_2,PD_6': 0.0, 'PD_3,PD_4': 1.0, 'PD_3,PD_5': 0.0, 'PD_3,PD_6': 0.0, 'PD_4,PD_5': 0.0, 'PD_4,PD_6': 0.0, 'PD_5,PD_6': 0.0}, ASR: 1.1666666666666667, TCB: {'PD_1': ['PD_3', 'PD_2', 'PD_4'], 'PD_2': ['PD_4', 'PD_1', 'PD_3'], 'PD_3': ['PD_1', 'PD_2', 'PD_4'], 'PD_4': ['PD_1', 'PD_2', 'PD_3'], 'PD_5': ['PD_1'], 'PD_6': []}, FR: {'PD_1,PD_2': inf, 'PD_1,PD_3': inf, 'PD_1,PD_4': inf, 'PD_1,PD_5': 3, 'PD_1,PD_6': inf, 'PD_2,PD_3': inf, 'PD_2,PD_4': inf, 'PD_2,PD_5': inf, 'PD_2,PD_6': inf, 'PD_3,PD_4': inf, 'PD_3,PD_5': inf, 'PD_3,PD_6': inf, 'PD_4,PD_5': inf, 'PD_4,PD_6': inf, 'PD_5,PD_6': inf}
  Computing metrics...
    RSI: {'PD_1,PD_2': 1.0, 'PD_1,PD_3': 1.0, 'PD_1,PD_4': 1.0, 'PD_1,PD_5': 0.0, 'PD_1,PD_6': 0.0, 'PD_2,PD_3': 1.0, 'PD_2,PD_4': 1.0, 'PD_2,PD_5': 0.0, 'PD_2,PD_6': 0.0, 'PD_3,PD_4': 1.0, 'PD_3,PD_5': 0.0, 'PD_3,PD_6': 0.0, 'PD_4,PD_5': 0.0, 'PD_4,PD_6': 0.0, 'PD_5,PD_6': 0.0}, ASR: 1.0, TCB: {'PD_1': ['PD_3', 'PD_2', 'PD_4'], 'PD_2': ['PD_4', 'PD_1', 'PD_3'], 'PD_3': ['PD_1', 'PD_2', 'PD_4'], 'PD_4': ['PD_1', 'PD_2', 'PD_3'], 'PD_5': [], 'PD_6': []}, FR: {'PD_1,PD_2': inf, 'PD_1,PD_3': inf, 'PD_1,PD_4': inf, 'PD_1,PD_5': inf, 'PD_1,PD_6': inf, 'PD_2,PD_3': inf, 'PD_2,PD_4': inf, 'PD_2,PD_5': inf, 'PD_2,PD_6': inf, 'PD_3,PD_4': inf, 'PD_3,PD_5': inf, 'PD_3,PD_6': inf, 'PD_4,PD_5': inf, 'PD_4,PD_6': inf, 'PD_5,PD_6': inf}
  Computing metrics...
    RSI: {'PD_1,PD_2': 1.0, 'PD_1,PD_3': 1.0, 'PD_1,PD_4': 1.0, 'PD_1,PD_5': 0.0, 'PD_1,PD_6': 0.0, 'PD_2,PD_3': 1.0, 'PD_2,PD_4': 1.0, 'PD_2,PD_5': 0.0, 'PD_2,PD_6': 0.0, 'PD_3,PD_4': 1.0, 'PD_3,PD_5': 0.0, 'PD_3,PD_6': 0.0, 'PD_4,PD_5': 0.0, 'PD_4,PD_6': 0.0, 'PD_5,PD_6': 0.0}, ASR: 1.1666666666666667, TCB: {'PD_1': ['PD_3', 'PD_2', 'PD_4'], 'PD_2': ['PD_4', 'PD_1', 'PD_3'], 'PD_3': ['PD_1', 'PD_2', 'PD_4'], 'PD_4': ['PD_1', 'PD_2', 'PD_3'], 'PD_5': ['PD_2'], 'PD_6': []}, FR: {'PD_1,PD_2': inf, 'PD_1,PD_3': inf, 'PD_1,PD_4': inf, 'PD_1,PD_5': inf, 'PD_1,PD_6': inf, 'PD_2,PD_3': inf, 'PD_2,PD_4': inf, 'PD_2,PD_5': 3, 'PD_2,PD_6': inf, 'PD_3,PD_4': inf, 'PD_3,PD_5': inf, 'PD_3,PD_6': inf, 'PD_4,PD_5': inf, 'PD_4,PD_6': inf, 'PD_5,PD_6': inf}
  Computing metrics...
    RSI: {'PD_1,PD_2': 1.0, 'PD_1,PD_3': 1.0, 'PD_1,PD_4': 1.0, 'PD_1,PD_5': 0.0, 'PD_1,PD_6': 0.0, 'PD_2,PD_3': 1.0, 'PD_2,PD_4': 1.0, 'PD_2,PD_5': 0.0, 'PD_2,PD_6': 0.0, 'PD_3,PD_4': 1.0, 'PD_3,PD_5': 0.0, 'PD_3,PD_6': 0.0, 'PD_4,PD_5': 0.0, 'PD_4,PD_6': 0.0, 'PD_5,PD_6': 0.0}, ASR: 1.0, TCB: {'PD_1': ['PD_3', 'PD_2', 'PD_4'], 'PD_2': ['PD_4', 'PD_1', 'PD_3'], 'PD_3': ['PD_1', 'PD_2', 'PD_4'], 'PD_4': ['PD_1', 'PD_2', 'PD_3'], 'PD_5': [], 'PD_6': []}, FR: {'PD_1,PD_2': inf, 'PD_1,PD_3': inf, 'PD_1,PD_4': inf, 'PD_1,PD_5': inf, 'PD_1,PD_6': inf, 'PD_2,PD_3': inf, 'PD_2,PD_4': inf, 'PD_2,PD_5': inf, 'PD_2,PD_6': inf, 'PD_3,PD_4': inf, 'PD_3,PD_5': inf, 'PD_3,PD_6': inf, 'PD_4,PD_5': inf, 'PD_4,PD_6': inf, 'PD_5,PD_6': inf}
  Computing metrics...
    RSI: {'PD_1,PD_2': 1.0, 'PD_1,PD_3': 1.0, 'PD_1,PD_4': 1.0, 'PD_1,PD_5': 0.0, 'PD_1,PD_6': 0.0, 'PD_2,PD_3': 1.0, 'PD_2,PD_4': 1.0, 'PD_2,PD_5': 0.0, 'PD_2,PD_6': 0.0, 'PD_3,PD_4': 1.0, 'PD_3,PD_5': 0.0, 'PD_3,PD_6': 0.0, 'PD_4,PD_5': 0.0, 'PD_4,PD_6': 0.0, 'PD_5,PD_6': 0.0}, ASR: 1.1666666666666667, TCB: {'PD_1': ['PD_3', 'PD_2', 'PD_4'], 'PD_2': ['PD_4', 'PD_1', 'PD_3'], 'PD_3': ['PD_1', 'PD_2', 'PD_4'], 'PD_4': ['PD_1', 'PD_2', 'PD_3'], 'PD_5': ['PD_3'], 'PD_6': []}, FR: {'PD_1,PD_2': inf, 'PD_1,PD_3': inf, 'PD_1,PD_4': inf, 'PD_1,PD_5': 2, 'PD_1,PD_6': inf, 'PD_2,PD_3': inf, 'PD_2,PD_4': inf, 'PD_2,PD_5': inf, 'PD_2,PD_6': inf, 'PD_3,PD_4': inf, 'PD_3,PD_5': inf, 'PD_3,PD_6': inf, 'PD_4,PD_5': inf, 'PD_4,PD_6': inf, 'PD_5,PD_6': inf}
  Computing metrics...
    RSI: {'PD_1,PD_2': 1.0, 'PD_1,PD_3': 1.0, 'PD_1,PD_4': 1.0, 'PD_1,PD_5': 0.0, 'PD_1,PD_6': 0.0, 'PD_2,PD_3': 1.0, 'PD_2,PD_4': 1.0, 'PD_2,PD_5': 0.0, 'PD_2,PD_6': 0.0, 'PD_3,PD_4': 1.0, 'PD_3,PD_5': 0.0, 'PD_3,PD_6': 0.0, 'PD_4,PD_5': 0.0, 'PD_4,PD_6': 0.0, 'PD_5,PD_6': 0.0}, ASR: 1.0, TCB: {'PD_1': ['PD_3', 'PD_2', 'PD_4'], 'PD_2': ['PD_4', 'PD_1', 'PD_3'], 'PD_3': ['PD_1', 'PD_2', 'PD_4'], 'PD_4': ['PD_1', 'PD_2', 'PD_3'], 'PD_5': [], 'PD_6': []}, FR: {'PD_1,PD_2': inf, 'PD_1,PD_3': inf, 'PD_1,PD_4': inf, 'PD_1,PD_5': inf, 'PD_1,PD_6': inf, 'PD_2,PD_3': inf, 'PD_2,PD_4': inf, 'PD_2,PD_5': inf, 'PD_2,PD_6': inf, 'PD_3,PD_4': inf, 'PD_3,PD_5': inf, 'PD_3,PD_6': inf, 'PD_4,PD_5': inf, 'PD_4,PD_6': inf, 'PD_5,PD_6': inf}
  Computing metrics...
    RSI: {'PD_1,PD_2': 1.0, 'PD_1,PD_3': 1.0, 'PD_1,PD_4': 1.0, 'PD_1,PD_5': 0.0, 'PD_1,PD_6': 0.0, 'PD_2,PD_3': 1.0, 'PD_2,PD_4': 1.0, 'PD_2,PD_5': 0.0, 'PD_2,PD_6': 0.0, 'PD_3,PD_4': 1.0, 'PD_3,PD_5': 0.0, 'PD_3,PD_6': 0.0, 'PD_4,PD_5': 0.0, 'PD_4,PD_6': 0.0, 'PD_5,PD_6': 0.0}, ASR: 1.1666666666666667, TCB: {'PD_1': ['PD_3', 'PD_2', 'PD_4'], 'PD_2': ['PD_4', 'PD_1', 'PD_3'], 'PD_3': ['PD_1', 'PD_2', 'PD_4'], 'PD_4': ['PD_1', 'PD_2', 'PD_3'], 'PD_5': ['PD_4'], 'PD_6': []}, FR: {'PD_1,PD_2': inf, 'PD_1,PD_3': inf, 'PD_1,PD_4': inf, 'PD_1,PD_5': inf, 'PD_1,PD_6': inf, 'PD_2,PD_3': inf, 'PD_2,PD_4': inf, 'PD_2,PD_5': 2, 'PD_2,PD_6': inf, 'PD_3,PD_4': inf, 'PD_3,PD_5': inf, 'PD_3,PD_6': inf, 'PD_4,PD_5': inf, 'PD_4,PD_6': inf, 'PD_5,PD_6': inf}
  Computing metrics...
    RSI: {'PD_1,PD_2': 1.0, 'PD_1,PD_3': 1.0, 'PD_1,PD_4': 1.0, 'PD_1,PD_5': 0.0, 'PD_1,PD_6': 0.0, 'PD_2,PD_3': 1.0, 'PD_2,PD_4': 1.0, 'PD_2,PD_5': 0.0, 'PD_2,PD_6': 0.0, 'PD_3,PD_4': 1.0, 'PD_3,PD_5': 0.0, 'PD_3,PD_6': 0.0, 'PD_4,PD_5': 0.0, 'PD_4,PD_6': 0.0, 'PD_5,PD_6': 0.0}, ASR: 1.0, TCB: {'PD_1': ['PD_3', 'PD_2', 'PD_4'], 'PD_2': ['PD_4', 'PD_1', 'PD_3'], 'PD_3': ['PD_1', 'PD_2', 'PD_4'], 'PD_4': ['PD_1', 'PD_2', 'PD_3'], 'PD_5': [], 'PD_6': []}, FR: {'PD_1,PD_2': inf, 'PD_1,PD_3': inf, 'PD_1,PD_4': inf, 'PD_1,PD_5': inf, 'PD_1,PD_6': inf, 'PD_2,PD_3': inf, 'PD_2,PD_4': inf, 'PD_2,PD_5': inf, 'PD_2,PD_6': inf, 'PD_3,PD_4': inf, 'PD_3,PD_5': inf, 'PD_3,PD_6': inf, 'PD_4,PD_5': inf, 'PD_4,PD_6': inf, 'PD_5,PD_6': inf}
  Computing metrics...
    RSI: {'PD_1,PD_2': 1.0, 'PD_1,PD_3': 1.0, 'PD_1,PD_4': 1.0, 'PD_1,PD_5': 0.0, 'PD_1,PD_6': 0.0, 'PD_2,PD_3': 1.0, 'PD_2,PD_4': 1.0, 'PD_2,PD_5': 0.0, 'PD_2,PD_6': 0.0, 'PD_3,PD_4': 1.0, 'PD_3,PD_5': 0.0, 'PD_3,PD_6': 0.0, 'PD_4,PD_5': 0.0, 'PD_4,PD_6': 0.0, 'PD_5,PD_6': 0.0}, ASR: 1.1666666666666667, TCB: {'PD_1': ['PD_3', 'PD_2', 'PD_4'], 'PD_2': ['PD_4', 'PD_1', 'PD_3'], 'PD_3': ['PD_1', 'PD_2', 'PD_4'], 'PD_4': ['PD_1', 'PD_2', 'PD_3'], 'PD_5': ['PD_6'], 'PD_6': []}, FR: {'PD_1,PD_2': inf, 'PD_1,PD_3': inf, 'PD_1,PD_4': inf, 'PD_1,PD_5': inf, 'PD_1,PD_6': inf, 'PD_2,PD_3': inf, 'PD_2,PD_4': inf, 'PD_2,PD_5': inf, 'PD_2,PD_6': inf, 'PD_3,PD_4': inf, 'PD_3,PD_5': inf, 'PD_3,PD_6': inf, 'PD_4,PD_5': inf, 'PD_4,PD_6': inf, 'PD_5,PD_6': inf}
  Computing metrics...
    RSI: {'PD_1,PD_2': 1.0, 'PD_1,PD_3': 1.0, 'PD_1,PD_4': 1.0, 'PD_1,PD_5': 0.0, 'PD_1,PD_6': 0.0, 'PD_2,PD_3': 1.0, 'PD_2,PD_4': 1.0, 'PD_2,PD_5': 0.0, 'PD_2,PD_6': 0.0, 'PD_3,PD_4': 1.0, 'PD_3,PD_5': 0.0, 'PD_3,PD_6': 0.0, 'PD_4,PD_5': 0.0, 'PD_4,PD_6': 0.0, 'PD_5,PD_6': 0.0}, ASR: 1.0, TCB: {'PD_1': ['PD_3', 'PD_2', 'PD_4'], 'PD_2': ['PD_4', 'PD_1', 'PD_3'], 'PD_3': ['PD_1', 'PD_2', 'PD_4'], 'PD_4': ['PD_1', 'PD_2', 'PD_3'], 'PD_5': [], 'PD_6': []}, FR: {'PD_1,PD_2': inf, 'PD_1,PD_3': inf, 'PD_1,PD_4': inf, 'PD_1,PD_5': inf, 'PD_1,PD_6': inf, 'PD_2,PD_3': inf, 'PD_2,PD_4': inf, 'PD_2,PD_5': inf, 'PD_2,PD_6': inf, 'PD_3,PD_4': inf, 'PD_3,PD_5': inf, 'PD_3,PD_6': inf, 'PD_4,PD_5': inf, 'PD_4,PD_6': inf, 'PD_5,PD_6': inf}
  Computing metrics...
    RSI: {'PD_1,PD_2': 1.0, 'PD_1,PD_3': 1.0, 'PD_1,PD_4': 1.0, 'PD_1,PD_5': 0.0, 'PD_1,PD_6': 0.0, 'PD_2,PD_3': 1.0, 'PD_2,PD_4': 1.0, 'PD_2,PD_5': 0.0, 'PD_2,PD_6': 0.0, 'PD_3,PD_4': 1.0, 'PD_3,PD_5': 0.0, 'PD_3,PD_6': 0.0, 'PD_4,PD_5': 0.0, 'PD_4,PD_6': 0.0, 'PD_5,PD_6': 0.0}, ASR: 1.1666666666666667, TCB: {'PD_1': ['PD_3', 'PD_2', 'PD_4'], 'PD_2': ['PD_4', 'PD_1', 'PD_3'], 'PD_3': ['PD_1', 'PD_2', 'PD_4'], 'PD_4': ['PD_1', 'PD_2', 'PD_3'], 'PD_5': [], 'PD_6': ['PD_1']}, FR: {'PD_1,PD_2': inf, 'PD_1,PD_3': inf, 'PD_1,PD_4': inf, 'PD_1,PD_5': inf, 'PD_1,PD_6': 3, 'PD_2,PD_3': inf, 'PD_2,PD_4': inf, 'PD_2,PD_5': inf, 'PD_2,PD_6': inf, 'PD_3,PD_4': inf, 'PD_3,PD_5': inf, 'PD_3,PD_6': inf, 'PD_4,PD_5': inf, 'PD_4,PD_6': inf, 'PD_5,PD_6': inf}
  Computing metrics...
    RSI: {'PD_1,PD_2': 1.0, 'PD_1,PD_3': 1.0, 'PD_1,PD_4': 1.0, 'PD_1,PD_5': 0.0, 'PD_1,PD_6': 0.0, 'PD_2,PD_3': 1.0, 'PD_2,PD_4': 1.0, 'PD_2,PD_5': 0.0, 'PD_2,PD_6': 0.0, 'PD_3,PD_4': 1.0, 'PD_3,PD_5': 0.0, 'PD_3,PD_6': 0.0, 'PD_4,PD_5': 0.0, 'PD_4,PD_6': 0.0, 'PD_5,PD_6': 0.0}, ASR: 1.0, TCB: {'PD_1': ['PD_3', 'PD_2', 'PD_4'], 'PD_2': ['PD_4', 'PD_1', 'PD_3'], 'PD_3': ['PD_1', 'PD_2', 'PD_4'], 'PD_4': ['PD_1', 'PD_2', 'PD_3'], 'PD_5': [], 'PD_6': []}, FR: {'PD_1,PD_2': inf, 'PD_1,PD_3': inf, 'PD_1,PD_4': inf, 'PD_1,PD_5': inf, 'PD_1,PD_6': inf, 'PD_2,PD_3': inf, 'PD_2,PD_4': inf, 'PD_2,PD_5': inf, 'PD_2,PD_6': inf, 'PD_3,PD_4': inf, 'PD_3,PD_5': inf, 'PD_3,PD_6': inf, 'PD_4,PD_5': inf, 'PD_4,PD_6': inf, 'PD_5,PD_6': inf}
  Computing metrics...
    RSI: {'PD_1,PD_2': 1.0, 'PD_1,PD_3': 1.0, 'PD_1,PD_4': 1.0, 'PD_1,PD_5': 0.0, 'PD_1,PD_6': 0.0, 'PD_2,PD_3': 1.0, 'PD_2,PD_4': 1.0, 'PD_2,PD_5': 0.0, 'PD_2,PD_6': 0.0, 'PD_3,PD_4': 1.0, 'PD_3,PD_5': 0.0, 'PD_3,PD_6': 0.0, 'PD_4,PD_5': 0.0, 'PD_4,PD_6': 0.0, 'PD_5,PD_6': 0.0}, ASR: 1.1666666666666667, TCB: {'PD_1': ['PD_3', 'PD_2', 'PD_4'], 'PD_2': ['PD_4', 'PD_1', 'PD_3'], 'PD_3': ['PD_1', 'PD_2', 'PD_4'], 'PD_4': ['PD_1', 'PD_2', 'PD_3'], 'PD_5': [], 'PD_6': ['PD_2']}, FR: {'PD_1,PD_2': inf, 'PD_1,PD_3': inf, 'PD_1,PD_4': inf, 'PD_1,PD_5': inf, 'PD_1,PD_6': inf, 'PD_2,PD_3': inf, 'PD_2,PD_4': inf, 'PD_2,PD_5': inf, 'PD_2,PD_6': 3, 'PD_3,PD_4': inf, 'PD_3,PD_5': inf, 'PD_3,PD_6': inf, 'PD_4,PD_5': inf, 'PD_4,PD_6': inf, 'PD_5,PD_6': inf}
  Computing metrics...
    RSI: {'PD_1,PD_2': 1.0, 'PD_1,PD_3': 1.0, 'PD_1,PD_4': 1.0, 'PD_1,PD_5': 0.0, 'PD_1,PD_6': 0.0, 'PD_2,PD_3': 1.0, 'PD_2,PD_4': 1.0, 'PD_2,PD_5': 0.0, 'PD_2,PD_6': 0.0, 'PD_3,PD_4': 1.0, 'PD_3,PD_5': 0.0, 'PD_3,PD_6': 0.0, 'PD_4,PD_5': 0.0, 'PD_4,PD_6': 0.0, 'PD_5,PD_6': 0.0}, ASR: 1.0, TCB: {'PD_1': ['PD_3', 'PD_2', 'PD_4'], 'PD_2': ['PD_4', 'PD_1', 'PD_3'], 'PD_3': ['PD_1', 'PD_2', 'PD_4'], 'PD_4': ['PD_1', 'PD_2', 'PD_3'], 'PD_5': [], 'PD_6': []}, FR: {'PD_1,PD_2': inf, 'PD_1,PD_3': inf, 'PD_1,PD_4': inf, 'PD_1,PD_5': inf, 'PD_1,PD_6': inf, 'PD_2,PD_3': inf, 'PD_2,PD_4': inf, 'PD_2,PD_5': inf, 'PD_2,PD_6': inf, 'PD_3,PD_4': inf, 'PD_3,PD_5': inf, 'PD_3,PD_6': inf, 'PD_4,PD_5': inf, 'PD_4,PD_6': inf, 'PD_5,PD_6': inf}
  Computing metrics...
    RSI: {'PD_1,PD_2': 1.0, 'PD_1,PD_3': 1.0, 'PD_1,PD_4': 1.0, 'PD_1,PD_5': 0.0, 'PD_1,PD_6': 0.0, 'PD_2,PD_3': 1.0, 'PD_2,PD_4': 1.0, 'PD_2,PD_5': 0.0, 'PD_2,PD_6': 0.0, 'PD_3,PD_4': 1.0, 'PD_3,PD_5': 0.0, 'PD_3,PD_6': 0.0, 'PD_4,PD_5': 0.0, 'PD_4,PD_6': 0.0, 'PD_5,PD_6': 0.0}, ASR: 1.1666666666666667, TCB: {'PD_1': ['PD_3', 'PD_2', 'PD_4'], 'PD_2': ['PD_4', 'PD_1', 'PD_3'], 'PD_3': ['PD_1', 'PD_2', 'PD_4'], 'PD_4': ['PD_1', 'PD_2', 'PD_3'], 'PD_5': [], 'PD_6': ['PD_3']}, FR: {'PD_1,PD_2': inf, 'PD_1,PD_3': inf, 'PD_1,PD_4': inf, 'PD_1,PD_5': inf, 'PD_1,PD_6': 2, 'PD_2,PD_3': inf, 'PD_2,PD_4': inf, 'PD_2,PD_5': inf, 'PD_2,PD_6': inf, 'PD_3,PD_4': inf, 'PD_3,PD_5': inf, 'PD_3,PD_6': inf, 'PD_4,PD_5': inf, 'PD_4,PD_6': inf, 'PD_5,PD_6': inf}
  Computing metrics...
    RSI: {'PD_1,PD_2': 1.0, 'PD_1,PD_3': 1.0, 'PD_1,PD_4': 1.0, 'PD_1,PD_5': 0.0, 'PD_1,PD_6': 0.0, 'PD_2,PD_3': 1.0, 'PD_2,PD_4': 1.0, 'PD_2,PD_5': 0.0, 'PD_2,PD_6': 0.0, 'PD_3,PD_4': 1.0, 'PD_3,PD_5': 0.0, 'PD_3,PD_6': 0.0, 'PD_4,PD_5': 0.0, 'PD_4,PD_6': 0.0, 'PD_5,PD_6': 0.0}, ASR: 1.0, TCB: {'PD_1': ['PD_3', 'PD_2', 'PD_4'], 'PD_2': ['PD_4', 'PD_1', 'PD_3'], 'PD_3': ['PD_1', 'PD_2', 'PD_4'], 'PD_4': ['PD_1', 'PD_2', 'PD_3'], 'PD_5': [], 'PD_6': []}, FR: {'PD_1,PD_2': inf, 'PD_1,PD_3': inf, 'PD_1,PD_4': inf, 'PD_1,PD_5': inf, 'PD_1,PD_6': inf, 'PD_2,PD_3': inf, 'PD_2,PD_4': inf, 'PD_2,PD_5': inf, 'PD_2,PD_6': inf, 'PD_3,PD_4': inf, 'PD_3,PD_5': inf, 'PD_3,PD_6': inf, 'PD_4,PD_5': inf, 'PD_4,PD_6': inf, 'PD_5,PD_6': inf}
  Computing metrics...
    RSI: {'PD_1,PD_2': 1.0, 'PD_1,PD_3': 1.0, 'PD_1,PD_4': 1.0, 'PD_1,PD_5': 0.0, 'PD_1,PD_6': 0.0, 'PD_2,PD_3': 1.0, 'PD_2,PD_4': 1.0, 'PD_2,PD_5': 0.0, 'PD_2,PD_6': 0.0, 'PD_3,PD_4': 1.0, 'PD_3,PD_5': 0.0, 'PD_3,PD_6': 0.0, 'PD_4,PD_5': 0.0, 'PD_4,PD_6': 0.0, 'PD_5,PD_6': 0.0}, ASR: 1.1666666666666667, TCB: {'PD_1': ['PD_3', 'PD_2', 'PD_4'], 'PD_2': ['PD_4', 'PD_1', 'PD_3'], 'PD_3': ['PD_1', 'PD_2', 'PD_4'], 'PD_4': ['PD_1', 'PD_2', 'PD_3'], 'PD_5': [], 'PD_6': ['PD_4']}, FR: {'PD_1,PD_2': inf, 'PD_1,PD_3': inf, 'PD_1,PD_4': inf, 'PD_1,PD_5': inf, 'PD_1,PD_6': inf, 'PD_2,PD_3': inf, 'PD_2,PD_4': inf, 'PD_2,PD_5': inf, 'PD_2,PD_6': 2, 'PD_3,PD_4': inf, 'PD_3,PD_5': inf, 'PD_3,PD_6': inf, 'PD_4,PD_5': inf, 'PD_4,PD_6': inf, 'PD_5,PD_6': inf}
  Computing metrics...
    RSI: {'PD_1,PD_2': 1.0, 'PD_1,PD_3': 1.0, 'PD_1,PD_4': 1.0, 'PD_1,PD_5': 0.0, 'PD_1,PD_6': 0.0, 'PD_2,PD_3': 1.0, 'PD_2,PD_4': 1.0, 'PD_2,PD_5': 0.0, 'PD_2,PD_6': 0.0, 'PD_3,PD_4': 1.0, 'PD_3,PD_5': 0.0, 'PD_3,PD_6': 0.0, 'PD_4,PD_5': 0.0, 'PD_4,PD_6': 0.0, 'PD_5,PD_6': 0.0}, ASR: 1.0, TCB: {'PD_1': ['PD_3', 'PD_2', 'PD_4'], 'PD_2': ['PD_4', 'PD_1', 'PD_3'], 'PD_3': ['PD_1', 'PD_2', 'PD_4'], 'PD_4': ['PD_1', 'PD_2', 'PD_3'], 'PD_5': [], 'PD_6': []}, FR: {'PD_1,PD_2': inf, 'PD_1,PD_3': inf, 'PD_1,PD_4': inf, 'PD_1,PD_5': inf, 'PD_1,PD_6': inf, 'PD_2,PD_3': inf, 'PD_2,PD_4': inf, 'PD_2,PD_5': inf, 'PD_2,PD_6': inf, 'PD_3,PD_4': inf, 'PD_3,PD_5': inf, 'PD_3,PD_6': inf, 'PD_4,PD_5': inf, 'PD_4,PD_6': inf, 'PD_5,PD_6': inf}
  Computing metrics...
    RSI: {'PD_1,PD_2': 1.0, 'PD_1,PD_3': 1.0, 'PD_1,PD_4': 1.0, 'PD_1,PD_5': 0.0, 'PD_1,PD_6': 0.0, 'PD_2,PD_3': 1.0, 'PD_2,PD_4': 1.0, 'PD_2,PD_5': 0.0, 'PD_2,PD_6': 0.0, 'PD_3,PD_4': 1.0, 'PD_3,PD_5': 0.0, 'PD_3,PD_6': 0.0, 'PD_4,PD_5': 0.0, 'PD_4,PD_6': 0.0, 'PD_5,PD_6': 0.0}, ASR: 1.1666666666666667, TCB: {'PD_1': ['PD_3', 'PD_2', 'PD_4'], 'PD_2': ['PD_4', 'PD_1', 'PD_3'], 'PD_3': ['PD_1', 'PD_2', 'PD_4'], 'PD_4': ['PD_1', 'PD_2', 'PD_3'], 'PD_5': [], 'PD_6': ['PD_5']}, FR: {'PD_1,PD_2': inf, 'PD_1,PD_3': inf, 'PD_1,PD_4': inf, 'PD_1,PD_5': inf, 'PD_1,PD_6': inf, 'PD_2,PD_3': inf, 'PD_2,PD_4': inf, 'PD_2,PD_5': inf, 'PD_2,PD_6': inf, 'PD_3,PD_4': inf, 'PD_3,PD_5': inf, 'PD_3,PD_6': inf, 'PD_4,PD_5': inf, 'PD_4,PD_6': inf, 'PD_5,PD_6': inf}
  Computing metrics...
    RSI: {'PD_1,PD_2': 1.0, 'PD_1,PD_3': 1.0, 'PD_1,PD_4': 1.0, 'PD_1,PD_5': 0.0, 'PD_1,PD_6': 0.0, 'PD_2,PD_3': 1.0, 'PD_2,PD_4': 1.0, 'PD_2,PD_5': 0.0, 'PD_2,PD_6': 0.0, 'PD_3,PD_4': 1.0, 'PD_3,PD_5': 0.0, 'PD_3,PD_6': 0.0, 'PD_4,PD_5': 0.0, 'PD_4,PD_6': 0.0, 'PD_5,PD_6': 0.0}, ASR: 1.0, TCB: {'PD_1': ['PD_3', 'PD_2', 'PD_4'], 'PD_2': ['PD_4', 'PD_1', 'PD_3'], 'PD_3': ['PD_1', 'PD_2', 'PD_4'], 'PD_4': ['PD_1', 'PD_2', 'PD_3'], 'PD_5': [], 'PD_6': []}, FR: {'PD_1,PD_2': inf, 'PD_1,PD_3': inf, 'PD_1,PD_4': inf, 'PD_1,PD_5': inf, 'PD_1,PD_6': inf, 'PD_2,PD_3': inf, 'PD_2,PD_4': inf, 'PD_2,PD_5': inf, 'PD_2,PD_6': inf, 'PD_3,PD_4': inf, 'PD_3,PD_5': inf, 'PD_3,PD_6': inf, 'PD_4,PD_5': inf, 'PD_4,PD_6': inf, 'PD_5,PD_6': inf}
  Computing metrics...
    RSI: {'PD_1,PD_2': 1.0, 'PD_1,PD_3': 1.0, 'PD_1,PD_4': 1.0, 'PD_1,PD_5': 0.0, 'PD_1,PD_6': 0.0, 'PD_2,PD_3': 1.0, 'PD_2,PD_4': 1.0, 'PD_2,PD_5': 0.0, 'PD_2,PD_6': 0.0, 'PD_3,PD_4': 1.0, 'PD_3,PD_5': 0.0, 'PD_3,PD_6': 0.0, 'PD_4,PD_5': 0.0, 'PD_4,PD_6': 0.0, 'PD_5,PD_6': 0.0}, ASR: 0.8333333333333334, TCB: {'PD_1': ['PD_2', 'PD_3', 'PD_4'], 'PD_2': ['PD_4', 'PD_1', 'PD_3'], 'PD_3': ['PD_1', 'PD_2', 'PD_4'], 'PD_4': ['PD_1', 'PD_2', 'PD_3'], 'PD_5': [], 'PD_6': []}, FR: {'PD_1,PD_2': inf, 'PD_1,PD_3': inf, 'PD_1,PD_4': inf, 'PD_1,PD_5': inf, 'PD_1,PD_6': inf, 'PD_2,PD_3': inf, 'PD_2,PD_4': inf, 'PD_2,PD_5': inf, 'PD_2,PD_6': inf, 'PD_3,PD_4': inf, 'PD_3,PD_5': inf, 'PD_3,PD_6': inf, 'PD_4,PD_5': inf, 'PD_4,PD_6': inf, 'PD_5,PD_6': inf}
  Computing metrics...
    RSI: {'PD_1,PD_2': 1.0, 'PD_1,PD_3': 1.0, 'PD_1,PD_4': 1.0, 'PD_1,PD_5': 0.0, 'PD_1,PD_6': 0.0, 'PD_2,PD_3': 1.0, 'PD_2,PD_4': 1.0, 'PD_2,PD_5': 0.0, 'PD_2,PD_6': 0.0, 'PD_3,PD_4': 1.0, 'PD_3,PD_5': 0.0, 'PD_3,PD_6': 0.0, 'PD_4,PD_5': 0.0, 'PD_4,PD_6': 0.0, 'PD_5,PD_6': 0.0}, ASR: 1.0, TCB: {'PD_1': ['PD_3', 'PD_2', 'PD_4'], 'PD_2': ['PD_4', 'PD_1', 'PD_3'], 'PD_3': ['PD_1', 'PD_2', 'PD_4'], 'PD_4': ['PD_1', 'PD_2', 'PD_3'], 'PD_5': [], 'PD_6': []}, FR: {'PD_1,PD_2': inf, 'PD_1,PD_3': inf, 'PD_1,PD_4': inf, 'PD_1,PD_5': inf, 'PD_1,PD_6': inf, 'PD_2,PD_3': inf, 'PD_2,PD_4': inf, 'PD_2,PD_5': inf, 'PD_2,PD_6': inf, 'PD_3,PD_4': inf, 'PD_3,PD_5': inf, 'PD_3,PD_6': inf, 'PD_4,PD_5': inf, 'PD_4,PD_6': inf, 'PD_5,PD_6': inf}
  Computing metrics...
    RSI: {'PD_1,PD_2': 1.0, 'PD_1,PD_3': 1.0, 'PD_1,PD_4': 1.0, 'PD_1,PD_5': 0.0, 'PD_1,PD_6': 0.0, 'PD_2,PD_3': 1.0, 'PD_2,PD_4': 1.0, 'PD_2,PD_5': 0.0, 'PD_2,PD_6': 0.0, 'PD_3,PD_4': 1.0, 'PD_3,PD_5': 0.0, 'PD_3,PD_6': 0.0, 'PD_4,PD_5': 0.0, 'PD_4,PD_6': 0.0, 'PD_5,PD_6': 0.0}, ASR: 0.8333333333333334, TCB: {'PD_1': ['PD_3', 'PD_2', 'PD_4'], 'PD_2': ['PD_1', 'PD_3', 'PD_4'], 'PD_3': ['PD_1', 'PD_2', 'PD_4'], 'PD_4': ['PD_1', 'PD_2', 'PD_3'], 'PD_5': [], 'PD_6': []}, FR: {'PD_1,PD_2': inf, 'PD_1,PD_3': inf, 'PD_1,PD_4': inf, 'PD_1,PD_5': inf, 'PD_1,PD_6': inf, 'PD_2,PD_3': inf, 'PD_2,PD_4': inf, 'PD_2,PD_5': inf, 'PD_2,PD_6': inf, 'PD_3,PD_4': inf, 'PD_3,PD_5': inf, 'PD_3,PD_6': inf, 'PD_4,PD_5': inf, 'PD_4,PD_6': inf, 'PD_5,PD_6': inf}
  Computing metrics...
    RSI: {'PD_1,PD_2': 1.0, 'PD_1,PD_3': 1.0, 'PD_1,PD_4': 1.0, 'PD_1,PD_5': 0.0, 'PD_1,PD_6': 0.0, 'PD_2,PD_3': 1.0, 'PD_2,PD_4': 1.0, 'PD_2,PD_5': 0.0, 'PD_2,PD_6': 0.0, 'PD_3,PD_4': 1.0, 'PD_3,PD_5': 0.0, 'PD_3,PD_6': 0.0, 'PD_4,PD_5': 0.0, 'PD_4,PD_6': 0.0, 'PD_5,PD_6': 0.0}, ASR: 1.0, TCB: {'PD_1': ['PD_3', 'PD_2', 'PD_4'], 'PD_2': ['PD_4', 'PD_1', 'PD_3'], 'PD_3': ['PD_1', 'PD_2', 'PD_4'], 'PD_4': ['PD_1', 'PD_2', 'PD_3'], 'PD_5': [], 'PD_6': []}, FR: {'PD_1,PD_2': inf, 'PD_1,PD_3': inf, 'PD_1,PD_4': inf, 'PD_1,PD_5': inf, 'PD_1,PD_6': inf, 'PD_2,PD_3': inf, 'PD_2,PD_4': inf, 'PD_2,PD_5': inf, 'PD_2,PD_6': inf, 'PD_3,PD_4': inf, 'PD_3,PD_5': inf, 'PD_3,PD_6': inf, 'PD_4,PD_5': inf, 'PD_4,PD_6': inf, 'PD_5,PD_6': inf}
  Computing metrics...
    RSI: {'PD_1,PD_2': 1.0, 'PD_1,PD_3': 1.0, 'PD_1,PD_4': 1.0, 'PD_1,PD_5': 0.0, 'PD_1,PD_6': 0.0, 'PD_2,PD_3': 1.0, 'PD_2,PD_4': 1.0, 'PD_2,PD_5': 0.0, 'PD_2,PD_6': 0.0, 'PD_3,PD_4': 1.0, 'PD_3,PD_5': 0.0, 'PD_3,PD_6': 0.0, 'PD_4,PD_5': 0.0, 'PD_4,PD_6': 0.0, 'PD_5,PD_6': 0.0}, ASR: 1.0, TCB: {'PD_1': ['PD_3', 'PD_2', 'PD_4'], 'PD_2': ['PD_4', 'PD_1', 'PD_3'], 'PD_3': ['PD_1', 'PD_2', 'PD_4'], 'PD_4': ['PD_1', 'PD_2', 'PD_3'], 'PD_5': [], 'PD_6': []}, FR: {'PD_1,PD_2': inf, 'PD_1,PD_3': inf, 'PD_1,PD_4': inf, 'PD_1,PD_5': inf, 'PD_1,PD_6': inf, 'PD_2,PD_3': inf, 'PD_2,PD_4': inf, 'PD_2,PD_5': inf, 'PD_2,PD_6': inf, 'PD_3,PD_4': inf, 'PD_3,PD_5': inf, 'PD_3,PD_6': inf, 'PD_4,PD_5': inf, 'PD_4,PD_6': inf, 'PD_5,PD_6': inf}
  🚫 Filtered out 1 'add_pd' candidates (avoiding repetition)
  Trying best transition: primitive
    Target: remove empty PD_5
    Predicted improvement: 0.100
    Considered 44 other option(s):
      1. primitive: remove empty PD_6 (improvement: 0.100)
      2. primitive: create new CONFIG file in FILE_SPACE_1 (improvement: 0.100)
      3. primitive: create new DATABASE file in FILE_SPACE_1 (improvement: 0.100)
      4. primitive: create new TEMP file in FILE_SPACE_1 (improvement: 0.100)
      5. primitive: create new LOG file in FILE_SPACE_1 (improvement: 0.100)
      6. primitive: remove FILE_1_1 (holders: 4) (improvement: 0.100)
      7. primitive: create new FILE resource space (improvement: 0.100)
      8. primitive: connect PD_5 to FILE_1_1 (improvement: 0.100)
      9. primitive: connect PD_6 to FILE_1_1 (improvement: 0.100)
      10. primitive: remove PD_3 -> FILE_1_1 HOLD edge (improvement: 0.100)
      ... and 34 more
    ✅ Applied remove_pd
  Computing metrics...
    RSI: {'PD_1,PD_2': 1.0, 'PD_1,PD_3': 1.0, 'PD_1,PD_4': 1.0, 'PD_1,PD_6': 0.0, 'PD_2,PD_3': 1.0, 'PD_2,PD_4': 1.0, 'PD_2,PD_6': 0.0, 'PD_3,PD_4': 1.0, 'PD_3,PD_6': 0.0, 'PD_4,PD_6': 0.0}, ASR: 1.2, TCB: {'PD_1': ['PD_3', 'PD_2', 'PD_4'], 'PD_2': ['PD_4', 'PD_1', 'PD_3'], 'PD_3': ['PD_1', 'PD_2', 'PD_4'], 'PD_4': ['PD_1', 'PD_2', 'PD_3'], 'PD_6': []}, FR: {'PD_1,PD_2': inf, 'PD_1,PD_3': inf, 'PD_1,PD_4': inf, 'PD_1,PD_6': inf, 'PD_2,PD_3': inf, 'PD_2,PD_4': inf, 'PD_2,PD_6': inf, 'PD_3,PD_4': inf, 'PD_3,PD_6': inf, 'PD_4,PD_6': inf}
    All 1 goals met!
    All 1 goal(s) met!
  ✅ Mechanism saved! Total mechanisms found: 5

📊 Graph after iteration 5:
        # Graph structure:
        # PD_1 --REQUEST--> PD_3
        # PD_1 --HOLD--> FILE_1_1 -> FILE_SPACE_1
        # PD_2 --REQUEST--> PD_4
        # PD_2 --HOLD--> FILE_1_1 -> FILE_SPACE_1
        # PD_3 --HOLD--> FILE_1_1 -> FILE_SPACE_1
        # PD_4 --HOLD--> FILE_1_1 -> FILE_SPACE_1
        # PD_6
        #
        # FILE_1_1 shared by: PD_1, PD_2, PD_3, PD_4


Iteration 6/10
  Computing metrics...
    RSI: {'PD_1,PD_2': 1.0, 'PD_1,PD_3': 1.0, 'PD_1,PD_4': 1.0, 'PD_1,PD_6': 0.0, 'PD_2,PD_3': 1.0, 'PD_2,PD_4': 1.0, 'PD_2,PD_6': 0.0, 'PD_3,PD_4': 1.0, 'PD_3,PD_6': 0.0, 'PD_4,PD_6': 0.0}, ASR: 1.2, TCB: {'PD_1': ['PD_3', 'PD_2', 'PD_4'], 'PD_2': ['PD_4', 'PD_1', 'PD_3'], 'PD_3': ['PD_1', 'PD_2', 'PD_4'], 'PD_4': ['PD_1', 'PD_2', 'PD_3'], 'PD_6': []}, FR: {'PD_1,PD_2': inf, 'PD_1,PD_3': inf, 'PD_1,PD_4': inf, 'PD_1,PD_6': inf, 'PD_2,PD_3': inf, 'PD_2,PD_4': inf, 'PD_2,PD_6': inf, 'PD_3,PD_4': inf, 'PD_3,PD_6': inf, 'PD_4,PD_6': inf}
  Computing metrics...
    RSI: {'PD_1,PD_2': 1.0, 'PD_1,PD_3': 1.0, 'PD_1,PD_4': 1.0, 'PD_1,PD_6': 0.0, 'PD_1,PD_7': 0.0, 'PD_2,PD_3': 1.0, 'PD_2,PD_4': 1.0, 'PD_2,PD_6': 0.0, 'PD_2,PD_7': 0.0, 'PD_3,PD_4': 1.0, 'PD_3,PD_6': 0.0, 'PD_3,PD_7': 0.0, 'PD_4,PD_6': 0.0, 'PD_4,PD_7': 0.0, 'PD_6,PD_7': 0.0}, ASR: 1.0, TCB: {'PD_1': ['PD_3', 'PD_2', 'PD_4'], 'PD_2': ['PD_4', 'PD_1', 'PD_3'], 'PD_3': ['PD_1', 'PD_2', 'PD_4'], 'PD_4': ['PD_1', 'PD_2', 'PD_3'], 'PD_6': [], 'PD_7': []}, FR: {'PD_1,PD_2': inf, 'PD_1,PD_3': inf, 'PD_1,PD_4': inf, 'PD_1,PD_6': inf, 'PD_1,PD_7': inf, 'PD_2,PD_3': inf, 'PD_2,PD_4': inf, 'PD_2,PD_6': inf, 'PD_2,PD_7': inf, 'PD_3,PD_4': inf, 'PD_3,PD_6': inf, 'PD_3,PD_7': inf, 'PD_4,PD_6': inf, 'PD_4,PD_7': inf, 'PD_6,PD_7': inf}
  Computing metrics...
    RSI: {'PD_1,PD_2': 1.0, 'PD_1,PD_3': 1.0, 'PD_1,PD_4': 1.0, 'PD_1,PD_6': 0.0, 'PD_2,PD_3': 1.0, 'PD_2,PD_4': 1.0, 'PD_2,PD_6': 0.0, 'PD_3,PD_4': 1.0, 'PD_3,PD_6': 0.0, 'PD_4,PD_6': 0.0}, ASR: 1.2, TCB: {'PD_1': ['PD_3', 'PD_2', 'PD_4'], 'PD_2': ['PD_4', 'PD_1', 'PD_3'], 'PD_3': ['PD_1', 'PD_2', 'PD_4'], 'PD_4': ['PD_1', 'PD_2', 'PD_3'], 'PD_6': []}, FR: {'PD_1,PD_2': inf, 'PD_1,PD_3': inf, 'PD_1,PD_4': inf, 'PD_1,PD_6': inf, 'PD_2,PD_3': inf, 'PD_2,PD_4': inf, 'PD_2,PD_6': inf, 'PD_3,PD_4': inf, 'PD_3,PD_6': inf, 'PD_4,PD_6': inf}
  Computing metrics...
    RSI: {'PD_1,PD_2': 1.0, 'PD_1,PD_3': 1.0, 'PD_1,PD_4': 1.0, 'PD_1,PD_6': 0.0, 'PD_2,PD_3': 1.0, 'PD_2,PD_4': 1.0, 'PD_2,PD_6': 0.0, 'PD_3,PD_4': 1.0, 'PD_3,PD_6': 0.0, 'PD_4,PD_6': 0.0}, ASR: 1.2, TCB: {'PD_1': ['PD_3', 'PD_2', 'PD_4'], 'PD_2': ['PD_4', 'PD_1', 'PD_3'], 'PD_3': ['PD_1', 'PD_2', 'PD_4'], 'PD_4': ['PD_1', 'PD_2', 'PD_3'], 'PD_6': []}, FR: {'PD_1,PD_2': inf, 'PD_1,PD_3': inf, 'PD_1,PD_4': inf, 'PD_1,PD_6': inf, 'PD_2,PD_3': inf, 'PD_2,PD_4': inf, 'PD_2,PD_6': inf, 'PD_3,PD_4': inf, 'PD_3,PD_6': inf, 'PD_4,PD_6': inf}
  Computing metrics...
    RSI: {'PD_1,PD_2': 1.0, 'PD_1,PD_3': 1.0, 'PD_1,PD_4': 1.0, 'PD_1,PD_6': 0.0, 'PD_2,PD_3': 1.0, 'PD_2,PD_4': 1.0, 'PD_2,PD_6': 0.0, 'PD_3,PD_4': 1.0, 'PD_3,PD_6': 0.0, 'PD_4,PD_6': 0.0}, ASR: 1.2, TCB: {'PD_1': ['PD_3', 'PD_2', 'PD_4'], 'PD_2': ['PD_4', 'PD_1', 'PD_3'], 'PD_3': ['PD_1', 'PD_2', 'PD_4'], 'PD_4': ['PD_1', 'PD_2', 'PD_3'], 'PD_6': []}, FR: {'PD_1,PD_2': inf, 'PD_1,PD_3': inf, 'PD_1,PD_4': inf, 'PD_1,PD_6': inf, 'PD_2,PD_3': inf, 'PD_2,PD_4': inf, 'PD_2,PD_6': inf, 'PD_3,PD_4': inf, 'PD_3,PD_6': inf, 'PD_4,PD_6': inf}
  Computing metrics...
    RSI: {'PD_1,PD_2': 1.0, 'PD_1,PD_3': 1.0, 'PD_1,PD_4': 1.0, 'PD_1,PD_6': 0.0, 'PD_2,PD_3': 1.0, 'PD_2,PD_4': 1.0, 'PD_2,PD_6': 0.0, 'PD_3,PD_4': 1.0, 'PD_3,PD_6': 0.0, 'PD_4,PD_6': 0.0}, ASR: 1.2, TCB: {'PD_1': ['PD_3', 'PD_2', 'PD_4'], 'PD_2': ['PD_4', 'PD_1', 'PD_3'], 'PD_3': ['PD_1', 'PD_2', 'PD_4'], 'PD_4': ['PD_1', 'PD_2', 'PD_3'], 'PD_6': []}, FR: {'PD_1,PD_2': inf, 'PD_1,PD_3': inf, 'PD_1,PD_4': inf, 'PD_1,PD_6': inf, 'PD_2,PD_3': inf, 'PD_2,PD_4': inf, 'PD_2,PD_6': inf, 'PD_3,PD_4': inf, 'PD_3,PD_6': inf, 'PD_4,PD_6': inf}
  Computing metrics...
    RSI: {'PD_1,PD_2': 1.0, 'PD_1,PD_3': 1.0, 'PD_1,PD_4': 1.0, 'PD_1,PD_6': 0.0, 'PD_2,PD_3': 1.0, 'PD_2,PD_4': 1.0, 'PD_2,PD_6': 0.0, 'PD_3,PD_4': 1.0, 'PD_3,PD_6': 0.0, 'PD_4,PD_6': 0.0}, ASR: 1.2, TCB: {'PD_1': ['PD_3', 'PD_2', 'PD_4'], 'PD_2': ['PD_4', 'PD_1', 'PD_3'], 'PD_3': ['PD_1', 'PD_2', 'PD_4'], 'PD_4': ['PD_1', 'PD_2', 'PD_3'], 'PD_6': []}, FR: {'PD_1,PD_2': inf, 'PD_1,PD_3': inf, 'PD_1,PD_4': inf, 'PD_1,PD_6': inf, 'PD_2,PD_3': inf, 'PD_2,PD_4': inf, 'PD_2,PD_6': inf, 'PD_3,PD_4': inf, 'PD_3,PD_6': inf, 'PD_4,PD_6': inf}
  Computing metrics...
    RSI: {'PD_1,PD_2': 1.0, 'PD_1,PD_3': 1.0, 'PD_1,PD_4': 1.0, 'PD_1,PD_6': 0.0, 'PD_2,PD_3': 1.0, 'PD_2,PD_4': 1.0, 'PD_2,PD_6': 0.0, 'PD_3,PD_4': 1.0, 'PD_3,PD_6': 0.0, 'PD_4,PD_6': 0.0}, ASR: 1.2, TCB: {'PD_1': ['PD_3', 'PD_2', 'PD_4'], 'PD_2': ['PD_4', 'PD_1', 'PD_3'], 'PD_3': ['PD_1', 'PD_2', 'PD_4'], 'PD_4': ['PD_1', 'PD_2', 'PD_3'], 'PD_6': []}, FR: {'PD_1,PD_2': inf, 'PD_1,PD_3': inf, 'PD_1,PD_4': inf, 'PD_1,PD_6': inf, 'PD_2,PD_3': inf, 'PD_2,PD_4': inf, 'PD_2,PD_6': inf, 'PD_3,PD_4': inf, 'PD_3,PD_6': inf, 'PD_4,PD_6': inf}
  Computing metrics...
    RSI: {'PD_1,PD_2': 1.0, 'PD_1,PD_3': 1.0, 'PD_1,PD_4': 1.0, 'PD_1,PD_6': 0.0, 'PD_2,PD_3': 1.0, 'PD_2,PD_4': 1.0, 'PD_2,PD_6': 0.0, 'PD_3,PD_4': 1.0, 'PD_3,PD_6': 0.0, 'PD_4,PD_6': 0.0}, ASR: 1.2, TCB: {'PD_1': ['PD_3', 'PD_2', 'PD_4'], 'PD_2': ['PD_4', 'PD_1', 'PD_3'], 'PD_3': ['PD_1', 'PD_2', 'PD_4'], 'PD_4': ['PD_1', 'PD_2', 'PD_3'], 'PD_6': []}, FR: {'PD_1,PD_2': inf, 'PD_1,PD_3': inf, 'PD_1,PD_4': inf, 'PD_1,PD_6': inf, 'PD_2,PD_3': inf, 'PD_2,PD_4': inf, 'PD_2,PD_6': inf, 'PD_3,PD_4': inf, 'PD_3,PD_6': inf, 'PD_4,PD_6': inf}
  Computing metrics...
    RSI: {'PD_1,PD_2': 1.0, 'PD_1,PD_3': 1.0, 'PD_1,PD_4': 1.0, 'PD_1,PD_6': 0.0, 'PD_2,PD_3': 1.0, 'PD_2,PD_4': 1.0, 'PD_2,PD_6': 0.0, 'PD_3,PD_4': 1.0, 'PD_3,PD_6': 0.0, 'PD_4,PD_6': 0.0}, ASR: 1.2, TCB: {'PD_1': ['PD_3', 'PD_2', 'PD_4'], 'PD_2': ['PD_4', 'PD_1', 'PD_3'], 'PD_3': ['PD_1', 'PD_2', 'PD_4'], 'PD_4': ['PD_1', 'PD_2', 'PD_3'], 'PD_6': []}, FR: {'PD_1,PD_2': inf, 'PD_1,PD_3': inf, 'PD_1,PD_4': inf, 'PD_1,PD_6': inf, 'PD_2,PD_3': inf, 'PD_2,PD_4': inf, 'PD_2,PD_6': inf, 'PD_3,PD_4': inf, 'PD_3,PD_6': inf, 'PD_4,PD_6': inf}
  Computing metrics...
    RSI: {'PD_1,PD_2': 1.0, 'PD_1,PD_3': 1.0, 'PD_1,PD_4': 1.0, 'PD_1,PD_6': 0.0, 'PD_2,PD_3': 1.0, 'PD_2,PD_4': 1.0, 'PD_2,PD_6': 0.0, 'PD_3,PD_4': 1.0, 'PD_3,PD_6': 0.0, 'PD_4,PD_6': 0.0}, ASR: 1.2, TCB: {'PD_1': ['PD_3', 'PD_2', 'PD_4'], 'PD_2': ['PD_4', 'PD_1', 'PD_3'], 'PD_3': ['PD_1', 'PD_2', 'PD_4'], 'PD_4': ['PD_1', 'PD_2', 'PD_3'], 'PD_6': []}, FR: {'PD_1,PD_2': inf, 'PD_1,PD_3': inf, 'PD_1,PD_4': inf, 'PD_1,PD_6': inf, 'PD_2,PD_3': inf, 'PD_2,PD_4': inf, 'PD_2,PD_6': inf, 'PD_3,PD_4': inf, 'PD_3,PD_6': inf, 'PD_4,PD_6': inf}
  Computing metrics...
    RSI: {'PD_1,PD_2': 1.0, 'PD_1,PD_3': 1.0, 'PD_1,PD_4': 1.0, 'PD_1,PD_6': 0.0, 'PD_2,PD_3': 1.0, 'PD_2,PD_4': 1.0, 'PD_2,PD_6': 0.0, 'PD_3,PD_4': 1.0, 'PD_3,PD_6': 0.0, 'PD_4,PD_6': 0.0}, ASR: 1.2, TCB: {'PD_1': ['PD_3', 'PD_2', 'PD_4'], 'PD_2': ['PD_4', 'PD_1', 'PD_3'], 'PD_3': ['PD_1', 'PD_2', 'PD_4'], 'PD_4': ['PD_1', 'PD_2', 'PD_3'], 'PD_6': []}, FR: {'PD_1,PD_2': inf, 'PD_1,PD_3': inf, 'PD_1,PD_4': inf, 'PD_1,PD_6': inf, 'PD_2,PD_3': inf, 'PD_2,PD_4': inf, 'PD_2,PD_6': inf, 'PD_3,PD_4': inf, 'PD_3,PD_6': inf, 'PD_4,PD_6': inf}
  Computing metrics...
    RSI: {'PD_1,PD_2': 1.0, 'PD_1,PD_3': 1.0, 'PD_1,PD_4': 1.0, 'PD_1,PD_6': 0.0, 'PD_2,PD_3': 1.0, 'PD_2,PD_4': 1.0, 'PD_2,PD_6': 0.0, 'PD_3,PD_4': 1.0, 'PD_3,PD_6': 0.0, 'PD_4,PD_6': 0.0}, ASR: 1.2, TCB: {'PD_1': ['PD_3', 'PD_2', 'PD_4'], 'PD_2': ['PD_4', 'PD_1', 'PD_3'], 'PD_3': ['PD_1', 'PD_2', 'PD_4'], 'PD_4': ['PD_1', 'PD_2', 'PD_3'], 'PD_6': []}, FR: {'PD_1,PD_2': inf, 'PD_1,PD_3': inf, 'PD_1,PD_4': inf, 'PD_1,PD_6': inf, 'PD_2,PD_3': inf, 'PD_2,PD_4': inf, 'PD_2,PD_6': inf, 'PD_3,PD_4': inf, 'PD_3,PD_6': inf, 'PD_4,PD_6': inf}
  Computing metrics...
    RSI: {'PD_1,PD_2': 1.0, 'PD_1,PD_3': 1.0, 'PD_1,PD_4': 1.0, 'PD_1,PD_6': 0.0, 'PD_2,PD_3': 1.0, 'PD_2,PD_4': 1.0, 'PD_2,PD_6': 0.0, 'PD_3,PD_4': 1.0, 'PD_3,PD_6': 0.0, 'PD_4,PD_6': 0.0}, ASR: 1.2, TCB: {'PD_1': ['PD_3', 'PD_2', 'PD_4'], 'PD_2': ['PD_4', 'PD_1', 'PD_3'], 'PD_3': ['PD_1', 'PD_2', 'PD_4'], 'PD_4': ['PD_1', 'PD_2', 'PD_3'], 'PD_6': []}, FR: {'PD_1,PD_2': inf, 'PD_1,PD_3': inf, 'PD_1,PD_4': inf, 'PD_1,PD_6': inf, 'PD_2,PD_3': inf, 'PD_2,PD_4': inf, 'PD_2,PD_6': inf, 'PD_3,PD_4': inf, 'PD_3,PD_6': inf, 'PD_4,PD_6': inf}
  Computing metrics...
    RSI: {'PD_1,PD_2': 1.0, 'PD_1,PD_3': 1.0, 'PD_1,PD_4': 1.0, 'PD_1,PD_6': 0.0, 'PD_2,PD_3': 1.0, 'PD_2,PD_4': 1.0, 'PD_2,PD_6': 0.0, 'PD_3,PD_4': 1.0, 'PD_3,PD_6': 0.0, 'PD_4,PD_6': 0.0}, ASR: 1.2, TCB: {'PD_1': ['PD_3', 'PD_2', 'PD_4'], 'PD_2': ['PD_4', 'PD_1', 'PD_3'], 'PD_3': ['PD_1', 'PD_2', 'PD_4'], 'PD_4': ['PD_1', 'PD_2', 'PD_3'], 'PD_6': []}, FR: {'PD_1,PD_2': inf, 'PD_1,PD_3': inf, 'PD_1,PD_4': inf, 'PD_1,PD_6': inf, 'PD_2,PD_3': inf, 'PD_2,PD_4': inf, 'PD_2,PD_6': inf, 'PD_3,PD_4': inf, 'PD_3,PD_6': inf, 'PD_4,PD_6': inf}
  Computing metrics...
    RSI: {'PD_1,PD_2': 1.0, 'PD_1,PD_3': 1.0, 'PD_1,PD_4': 1.0, 'PD_1,PD_6': 0.0, 'PD_2,PD_3': 1.0, 'PD_2,PD_4': 1.0, 'PD_2,PD_6': 0.0, 'PD_3,PD_4': 1.0, 'PD_3,PD_6': 0.0, 'PD_4,PD_6': 0.0}, ASR: 1.2, TCB: {'PD_1': ['PD_3', 'PD_2', 'PD_4'], 'PD_2': ['PD_4', 'PD_1', 'PD_3'], 'PD_3': ['PD_1', 'PD_2', 'PD_4'], 'PD_4': ['PD_1', 'PD_2', 'PD_3'], 'PD_6': []}, FR: {'PD_1,PD_2': inf, 'PD_1,PD_3': inf, 'PD_1,PD_4': inf, 'PD_1,PD_6': inf, 'PD_2,PD_3': inf, 'PD_2,PD_4': inf, 'PD_2,PD_6': inf, 'PD_3,PD_4': inf, 'PD_3,PD_6': inf, 'PD_4,PD_6': inf}
  Computing metrics...
    RSI: {'PD_1,PD_2': 1.0, 'PD_1,PD_3': 1.0, 'PD_1,PD_4': 1.0, 'PD_1,PD_6': 0.0, 'PD_2,PD_3': 1.0, 'PD_2,PD_4': 1.0, 'PD_2,PD_6': 0.0, 'PD_3,PD_4': 1.0, 'PD_3,PD_6': 0.0, 'PD_4,PD_6': 0.0}, ASR: 1.2, TCB: {'PD_1': ['PD_3', 'PD_2', 'PD_4'], 'PD_2': ['PD_4', 'PD_1', 'PD_3'], 'PD_3': ['PD_1', 'PD_2', 'PD_4'], 'PD_4': ['PD_1', 'PD_2', 'PD_3'], 'PD_6': []}, FR: {'PD_1,PD_2': inf, 'PD_1,PD_3': inf, 'PD_1,PD_4': inf, 'PD_1,PD_6': inf, 'PD_2,PD_3': inf, 'PD_2,PD_4': inf, 'PD_2,PD_6': inf, 'PD_3,PD_4': inf, 'PD_3,PD_6': inf, 'PD_4,PD_6': inf}
  Computing metrics...
    RSI: {'PD_1,PD_2': 1.0, 'PD_1,PD_3': 1.0, 'PD_1,PD_4': 1.0, 'PD_1,PD_6': 1.0, 'PD_2,PD_3': 1.0, 'PD_2,PD_4': 1.0, 'PD_2,PD_6': 1.0, 'PD_3,PD_4': 1.0, 'PD_3,PD_6': 1.0, 'PD_4,PD_6': 1.0}, ASR: 1.4, TCB: {'PD_1': ['PD_3', 'PD_2', 'PD_4', 'PD_6'], 'PD_2': ['PD_4', 'PD_1', 'PD_3', 'PD_6'], 'PD_3': ['PD_1', 'PD_2', 'PD_4', 'PD_6'], 'PD_4': ['PD_1', 'PD_2', 'PD_3', 'PD_6'], 'PD_6': ['PD_1', 'PD_2', 'PD_3', 'PD_4']}, FR: {'PD_1,PD_2': inf, 'PD_1,PD_3': inf, 'PD_1,PD_4': inf, 'PD_1,PD_6': inf, 'PD_2,PD_3': inf, 'PD_2,PD_4': inf, 'PD_2,PD_6': inf, 'PD_3,PD_4': inf, 'PD_3,PD_6': inf, 'PD_4,PD_6': inf}
  Computing metrics...
    RSI: {'PD_1,PD_2': 1.0, 'PD_1,PD_3': 1.0, 'PD_1,PD_4': 1.0, 'PD_1,PD_6': 0.0, 'PD_2,PD_3': 1.0, 'PD_2,PD_4': 1.0, 'PD_2,PD_6': 0.0, 'PD_3,PD_4': 1.0, 'PD_3,PD_6': 0.0, 'PD_4,PD_6': 0.0}, ASR: 1.2, TCB: {'PD_1': ['PD_3', 'PD_2', 'PD_4'], 'PD_2': ['PD_4', 'PD_1', 'PD_3'], 'PD_3': ['PD_1', 'PD_2', 'PD_4'], 'PD_4': ['PD_1', 'PD_2', 'PD_3'], 'PD_6': []}, FR: {'PD_1,PD_2': inf, 'PD_1,PD_3': inf, 'PD_1,PD_4': inf, 'PD_1,PD_6': inf, 'PD_2,PD_3': inf, 'PD_2,PD_4': inf, 'PD_2,PD_6': inf, 'PD_3,PD_4': inf, 'PD_3,PD_6': inf, 'PD_4,PD_6': inf}
  Computing metrics...
    RSI: {'PD_1,PD_2': 0.0, 'PD_1,PD_3': 0.0, 'PD_1,PD_4': 0.0, 'PD_1,PD_6': 0.0, 'PD_2,PD_3': 1.0, 'PD_2,PD_4': 1.0, 'PD_2,PD_6': 0.0, 'PD_3,PD_4': 1.0, 'PD_3,PD_6': 0.0, 'PD_4,PD_6': 0.0}, ASR: 1.0, TCB: {'PD_1': ['PD_3'], 'PD_2': ['PD_4', 'PD_3'], 'PD_3': ['PD_2', 'PD_4'], 'PD_4': ['PD_2', 'PD_3'], 'PD_6': []}, FR: {'PD_1,PD_2': inf, 'PD_1,PD_3': inf, 'PD_1,PD_4': inf, 'PD_1,PD_6': inf, 'PD_2,PD_3': inf, 'PD_2,PD_4': inf, 'PD_2,PD_6': inf, 'PD_3,PD_4': inf, 'PD_3,PD_6': inf, 'PD_4,PD_6': inf}
    🎯 remove_hold_edge goal: -10.00, constraint: 0.00, unsatisfiable: 0.00, diversity: 0.00 → total: -4.90
    remove_hold_edge candidate: remove PD_1 -> FILE_1_1 HOLD edge -> score: -4.900
  Computing metrics...
    RSI: {'PD_1,PD_2': 1.0, 'PD_1,PD_3': 1.0, 'PD_1,PD_4': 1.0, 'PD_1,PD_6': 0.0, 'PD_2,PD_3': 1.0, 'PD_2,PD_4': 1.0, 'PD_2,PD_6': 0.0, 'PD_3,PD_4': 1.0, 'PD_3,PD_6': 0.0, 'PD_4,PD_6': 0.0}, ASR: 1.2, TCB: {'PD_1': ['PD_3', 'PD_2', 'PD_4'], 'PD_2': ['PD_4', 'PD_1', 'PD_3'], 'PD_3': ['PD_1', 'PD_2', 'PD_4'], 'PD_4': ['PD_1', 'PD_2', 'PD_3'], 'PD_6': []}, FR: {'PD_1,PD_2': inf, 'PD_1,PD_3': inf, 'PD_1,PD_4': inf, 'PD_1,PD_6': inf, 'PD_2,PD_3': inf, 'PD_2,PD_4': inf, 'PD_2,PD_6': inf, 'PD_3,PD_4': inf, 'PD_3,PD_6': inf, 'PD_4,PD_6': inf}
  Computing metrics...
    RSI: {'PD_1,PD_2': 0.0, 'PD_1,PD_3': 1.0, 'PD_1,PD_4': 1.0, 'PD_1,PD_6': 0.0, 'PD_2,PD_3': 0.0, 'PD_2,PD_4': 0.0, 'PD_2,PD_6': 0.0, 'PD_3,PD_4': 1.0, 'PD_3,PD_6': 0.0, 'PD_4,PD_6': 0.0}, ASR: 1.0, TCB: {'PD_1': ['PD_3', 'PD_4'], 'PD_2': ['PD_4'], 'PD_3': ['PD_1', 'PD_4'], 'PD_4': ['PD_1', 'PD_3'], 'PD_6': []}, FR: {'PD_1,PD_2': inf, 'PD_1,PD_3': inf, 'PD_1,PD_4': inf, 'PD_1,PD_6': inf, 'PD_2,PD_3': inf, 'PD_2,PD_4': inf, 'PD_2,PD_6': inf, 'PD_3,PD_4': inf, 'PD_3,PD_6': inf, 'PD_4,PD_6': inf}
    🎯 remove_hold_edge goal: -10.00, constraint: 0.00, unsatisfiable: 0.00, diversity: 0.00 → total: -4.90
    remove_hold_edge candidate: remove PD_2 -> FILE_1_1 HOLD edge -> score: -4.900
  Computing metrics...
    RSI: {'PD_1,PD_2': 1.0, 'PD_1,PD_3': 1.0, 'PD_1,PD_4': 1.0, 'PD_1,PD_6': 0.0, 'PD_2,PD_3': 1.0, 'PD_2,PD_4': 1.0, 'PD_2,PD_6': 0.0, 'PD_3,PD_4': 1.0, 'PD_3,PD_6': 0.0, 'PD_4,PD_6': 0.0}, ASR: 1.2, TCB: {'PD_1': ['PD_3', 'PD_2', 'PD_4'], 'PD_2': ['PD_4', 'PD_1', 'PD_3'], 'PD_3': ['PD_1', 'PD_2', 'PD_4'], 'PD_4': ['PD_1', 'PD_2', 'PD_3'], 'PD_6': []}, FR: {'PD_1,PD_2': inf, 'PD_1,PD_3': inf, 'PD_1,PD_4': inf, 'PD_1,PD_6': inf, 'PD_2,PD_3': inf, 'PD_2,PD_4': inf, 'PD_2,PD_6': inf, 'PD_3,PD_4': inf, 'PD_3,PD_6': inf, 'PD_4,PD_6': inf}
  Computing metrics...
    RSI: {'PD_1,PD_2': 1.0, 'PD_1,PD_3': 0.0, 'PD_1,PD_4': 1.0, 'PD_1,PD_6': 0.0, 'PD_2,PD_3': 0.0, 'PD_2,PD_4': 1.0, 'PD_2,PD_6': 0.0, 'PD_3,PD_4': 0.0, 'PD_3,PD_6': 0.0, 'PD_4,PD_6': 0.0}, ASR: 1.0, TCB: {'PD_1': ['PD_3', 'PD_2', 'PD_4'], 'PD_2': ['PD_4', 'PD_1'], 'PD_3': [], 'PD_4': ['PD_1', 'PD_2'], 'PD_6': []}, FR: {'PD_1,PD_2': inf, 'PD_1,PD_3': inf, 'PD_1,PD_4': inf, 'PD_1,PD_6': inf, 'PD_2,PD_3': inf, 'PD_2,PD_4': inf, 'PD_2,PD_6': inf, 'PD_3,PD_4': inf, 'PD_3,PD_6': inf, 'PD_4,PD_6': inf}
    remove_hold_edge candidate: remove PD_3 -> FILE_1_1 HOLD edge -> score: 0.100
  Computing metrics...
    RSI: {'PD_1,PD_2': 1.0, 'PD_1,PD_3': 1.0, 'PD_1,PD_4': 1.0, 'PD_1,PD_6': 0.0, 'PD_2,PD_3': 1.0, 'PD_2,PD_4': 1.0, 'PD_2,PD_6': 0.0, 'PD_3,PD_4': 1.0, 'PD_3,PD_6': 0.0, 'PD_4,PD_6': 0.0}, ASR: 1.2, TCB: {'PD_1': ['PD_3', 'PD_2', 'PD_4'], 'PD_2': ['PD_4', 'PD_1', 'PD_3'], 'PD_3': ['PD_1', 'PD_2', 'PD_4'], 'PD_4': ['PD_1', 'PD_2', 'PD_3'], 'PD_6': []}, FR: {'PD_1,PD_2': inf, 'PD_1,PD_3': inf, 'PD_1,PD_4': inf, 'PD_1,PD_6': inf, 'PD_2,PD_3': inf, 'PD_2,PD_4': inf, 'PD_2,PD_6': inf, 'PD_3,PD_4': inf, 'PD_3,PD_6': inf, 'PD_4,PD_6': inf}
  Computing metrics...
    RSI: {'PD_1,PD_2': 1.0, 'PD_1,PD_3': 1.0, 'PD_1,PD_4': 0.0, 'PD_1,PD_6': 0.0, 'PD_2,PD_3': 1.0, 'PD_2,PD_4': 0.0, 'PD_2,PD_6': 0.0, 'PD_3,PD_4': 0.0, 'PD_3,PD_6': 0.0, 'PD_4,PD_6': 0.0}, ASR: 1.0, TCB: {'PD_1': ['PD_3', 'PD_2'], 'PD_2': ['PD_4', 'PD_1', 'PD_3'], 'PD_3': ['PD_1', 'PD_2'], 'PD_4': [], 'PD_6': []}, FR: {'PD_1,PD_2': inf, 'PD_1,PD_3': inf, 'PD_1,PD_4': inf, 'PD_1,PD_6': inf, 'PD_2,PD_3': inf, 'PD_2,PD_4': inf, 'PD_2,PD_6': inf, 'PD_3,PD_4': inf, 'PD_3,PD_6': inf, 'PD_4,PD_6': inf}
    remove_hold_edge candidate: remove PD_4 -> FILE_1_1 HOLD edge -> score: 0.100
  Computing metrics...
    RSI: {'PD_1,PD_2': 1.0, 'PD_1,PD_3': 1.0, 'PD_1,PD_4': 1.0, 'PD_1,PD_6': 0.0, 'PD_2,PD_3': 1.0, 'PD_2,PD_4': 1.0, 'PD_2,PD_6': 0.0, 'PD_3,PD_4': 1.0, 'PD_3,PD_6': 0.0, 'PD_4,PD_6': 0.0}, ASR: 1.2, TCB: {'PD_1': ['PD_3', 'PD_2', 'PD_4'], 'PD_2': ['PD_4', 'PD_1', 'PD_3'], 'PD_3': ['PD_1', 'PD_2', 'PD_4'], 'PD_4': ['PD_1', 'PD_2', 'PD_3'], 'PD_6': []}, FR: {'PD_1,PD_2': inf, 'PD_1,PD_3': inf, 'PD_1,PD_4': inf, 'PD_1,PD_6': inf, 'PD_2,PD_3': inf, 'PD_2,PD_4': inf, 'PD_2,PD_6': inf, 'PD_3,PD_4': inf, 'PD_3,PD_6': inf, 'PD_4,PD_6': inf}
  Computing metrics...
    RSI: {'PD_1,PD_2': 1.0, 'PD_1,PD_3': 1.0, 'PD_1,PD_4': 1.0, 'PD_1,PD_6': 0.0, 'PD_2,PD_3': 1.0, 'PD_2,PD_4': 1.0, 'PD_2,PD_6': 0.0, 'PD_3,PD_4': 1.0, 'PD_3,PD_6': 0.0, 'PD_4,PD_6': 0.0}, ASR: 1.4, TCB: {'PD_1': ['PD_3', 'PD_2', 'PD_4'], 'PD_2': ['PD_4', 'PD_1', 'PD_3'], 'PD_3': ['PD_1', 'PD_2', 'PD_4'], 'PD_4': ['PD_1', 'PD_2', 'PD_3'], 'PD_6': []}, FR: {'PD_1,PD_2': 3, 'PD_1,PD_3': inf, 'PD_1,PD_4': inf, 'PD_1,PD_6': inf, 'PD_2,PD_3': inf, 'PD_2,PD_4': inf, 'PD_2,PD_6': inf, 'PD_3,PD_4': inf, 'PD_3,PD_6': inf, 'PD_4,PD_6': inf}
  Computing metrics...
    RSI: {'PD_1,PD_2': 1.0, 'PD_1,PD_3': 1.0, 'PD_1,PD_4': 1.0, 'PD_1,PD_6': 0.0, 'PD_2,PD_3': 1.0, 'PD_2,PD_4': 1.0, 'PD_2,PD_6': 0.0, 'PD_3,PD_4': 1.0, 'PD_3,PD_6': 0.0, 'PD_4,PD_6': 0.0}, ASR: 1.2, TCB: {'PD_1': ['PD_3', 'PD_2', 'PD_4'], 'PD_2': ['PD_4', 'PD_1', 'PD_3'], 'PD_3': ['PD_1', 'PD_2', 'PD_4'], 'PD_4': ['PD_1', 'PD_2', 'PD_3'], 'PD_6': []}, FR: {'PD_1,PD_2': inf, 'PD_1,PD_3': inf, 'PD_1,PD_4': inf, 'PD_1,PD_6': inf, 'PD_2,PD_3': inf, 'PD_2,PD_4': inf, 'PD_2,PD_6': inf, 'PD_3,PD_4': inf, 'PD_3,PD_6': inf, 'PD_4,PD_6': inf}
  Computing metrics...
    RSI: {'PD_1,PD_2': 1.0, 'PD_1,PD_3': 1.0, 'PD_1,PD_4': 1.0, 'PD_1,PD_6': 0.0, 'PD_2,PD_3': 1.0, 'PD_2,PD_4': 1.0, 'PD_2,PD_6': 0.0, 'PD_3,PD_4': 1.0, 'PD_3,PD_6': 0.0, 'PD_4,PD_6': 0.0}, ASR: 1.4, TCB: {'PD_1': ['PD_3', 'PD_4', 'PD_2'], 'PD_2': ['PD_4', 'PD_1', 'PD_3'], 'PD_3': ['PD_1', 'PD_2', 'PD_4'], 'PD_4': ['PD_1', 'PD_2', 'PD_3'], 'PD_6': []}, FR: {'PD_1,PD_2': 2, 'PD_1,PD_3': inf, 'PD_1,PD_4': inf, 'PD_1,PD_6': inf, 'PD_2,PD_3': inf, 'PD_2,PD_4': inf, 'PD_2,PD_6': inf, 'PD_3,PD_4': inf, 'PD_3,PD_6': inf, 'PD_4,PD_6': inf}
  Computing metrics...
    RSI: {'PD_1,PD_2': 1.0, 'PD_1,PD_3': 1.0, 'PD_1,PD_4': 1.0, 'PD_1,PD_6': 0.0, 'PD_2,PD_3': 1.0, 'PD_2,PD_4': 1.0, 'PD_2,PD_6': 0.0, 'PD_3,PD_4': 1.0, 'PD_3,PD_6': 0.0, 'PD_4,PD_6': 0.0}, ASR: 1.2, TCB: {'PD_1': ['PD_3', 'PD_2', 'PD_4'], 'PD_2': ['PD_4', 'PD_1', 'PD_3'], 'PD_3': ['PD_1', 'PD_2', 'PD_4'], 'PD_4': ['PD_1', 'PD_2', 'PD_3'], 'PD_6': []}, FR: {'PD_1,PD_2': inf, 'PD_1,PD_3': inf, 'PD_1,PD_4': inf, 'PD_1,PD_6': inf, 'PD_2,PD_3': inf, 'PD_2,PD_4': inf, 'PD_2,PD_6': inf, 'PD_3,PD_4': inf, 'PD_3,PD_6': inf, 'PD_4,PD_6': inf}
  Computing metrics...
    RSI: {'PD_1,PD_2': 1.0, 'PD_1,PD_3': 1.0, 'PD_1,PD_4': 1.0, 'PD_1,PD_6': 0.0, 'PD_2,PD_3': 1.0, 'PD_2,PD_4': 1.0, 'PD_2,PD_6': 0.0, 'PD_3,PD_4': 1.0, 'PD_3,PD_6': 0.0, 'PD_4,PD_6': 0.0}, ASR: 1.4, TCB: {'PD_1': ['PD_3', 'PD_6', 'PD_2', 'PD_4'], 'PD_2': ['PD_4', 'PD_1', 'PD_3'], 'PD_3': ['PD_1', 'PD_2', 'PD_4'], 'PD_4': ['PD_1', 'PD_2', 'PD_3'], 'PD_6': []}, FR: {'PD_1,PD_2': inf, 'PD_1,PD_3': inf, 'PD_1,PD_4': inf, 'PD_1,PD_6': inf, 'PD_2,PD_3': inf, 'PD_2,PD_4': inf, 'PD_2,PD_6': inf, 'PD_3,PD_4': inf, 'PD_3,PD_6': inf, 'PD_4,PD_6': inf}
  Computing metrics...
    RSI: {'PD_1,PD_2': 1.0, 'PD_1,PD_3': 1.0, 'PD_1,PD_4': 1.0, 'PD_1,PD_6': 0.0, 'PD_2,PD_3': 1.0, 'PD_2,PD_4': 1.0, 'PD_2,PD_6': 0.0, 'PD_3,PD_4': 1.0, 'PD_3,PD_6': 0.0, 'PD_4,PD_6': 0.0}, ASR: 1.2, TCB: {'PD_1': ['PD_3', 'PD_2', 'PD_4'], 'PD_2': ['PD_4', 'PD_1', 'PD_3'], 'PD_3': ['PD_1', 'PD_2', 'PD_4'], 'PD_4': ['PD_1', 'PD_2', 'PD_3'], 'PD_6': []}, FR: {'PD_1,PD_2': inf, 'PD_1,PD_3': inf, 'PD_1,PD_4': inf, 'PD_1,PD_6': inf, 'PD_2,PD_3': inf, 'PD_2,PD_4': inf, 'PD_2,PD_6': inf, 'PD_3,PD_4': inf, 'PD_3,PD_6': inf, 'PD_4,PD_6': inf}
  Computing metrics...
    RSI: {'PD_1,PD_2': 1.0, 'PD_1,PD_3': 1.0, 'PD_1,PD_4': 1.0, 'PD_1,PD_6': 0.0, 'PD_2,PD_3': 1.0, 'PD_2,PD_4': 1.0, 'PD_2,PD_6': 0.0, 'PD_3,PD_4': 1.0, 'PD_3,PD_6': 0.0, 'PD_4,PD_6': 0.0}, ASR: 1.4, TCB: {'PD_1': ['PD_3', 'PD_2', 'PD_4'], 'PD_2': ['PD_4', 'PD_1', 'PD_3'], 'PD_3': ['PD_1', 'PD_2', 'PD_4'], 'PD_4': ['PD_1', 'PD_2', 'PD_3'], 'PD_6': []}, FR: {'PD_1,PD_2': 3, 'PD_1,PD_3': inf, 'PD_1,PD_4': inf, 'PD_1,PD_6': inf, 'PD_2,PD_3': inf, 'PD_2,PD_4': inf, 'PD_2,PD_6': inf, 'PD_3,PD_4': inf, 'PD_3,PD_6': inf, 'PD_4,PD_6': inf}
  Computing metrics...
    RSI: {'PD_1,PD_2': 1.0, 'PD_1,PD_3': 1.0, 'PD_1,PD_4': 1.0, 'PD_1,PD_6': 0.0, 'PD_2,PD_3': 1.0, 'PD_2,PD_4': 1.0, 'PD_2,PD_6': 0.0, 'PD_3,PD_4': 1.0, 'PD_3,PD_6': 0.0, 'PD_4,PD_6': 0.0}, ASR: 1.2, TCB: {'PD_1': ['PD_3', 'PD_2', 'PD_4'], 'PD_2': ['PD_4', 'PD_1', 'PD_3'], 'PD_3': ['PD_1', 'PD_2', 'PD_4'], 'PD_4': ['PD_1', 'PD_2', 'PD_3'], 'PD_6': []}, FR: {'PD_1,PD_2': inf, 'PD_1,PD_3': inf, 'PD_1,PD_4': inf, 'PD_1,PD_6': inf, 'PD_2,PD_3': inf, 'PD_2,PD_4': inf, 'PD_2,PD_6': inf, 'PD_3,PD_4': inf, 'PD_3,PD_6': inf, 'PD_4,PD_6': inf}
  Computing metrics...
    RSI: {'PD_1,PD_2': 1.0, 'PD_1,PD_3': 1.0, 'PD_1,PD_4': 1.0, 'PD_1,PD_6': 0.0, 'PD_2,PD_3': 1.0, 'PD_2,PD_4': 1.0, 'PD_2,PD_6': 0.0, 'PD_3,PD_4': 1.0, 'PD_3,PD_6': 0.0, 'PD_4,PD_6': 0.0}, ASR: 1.4, TCB: {'PD_1': ['PD_3', 'PD_2', 'PD_4'], 'PD_2': ['PD_4', 'PD_3', 'PD_1'], 'PD_3': ['PD_1', 'PD_2', 'PD_4'], 'PD_4': ['PD_1', 'PD_2', 'PD_3'], 'PD_6': []}, FR: {'PD_1,PD_2': 2, 'PD_1,PD_3': inf, 'PD_1,PD_4': inf, 'PD_1,PD_6': inf, 'PD_2,PD_3': inf, 'PD_2,PD_4': inf, 'PD_2,PD_6': inf, 'PD_3,PD_4': inf, 'PD_3,PD_6': inf, 'PD_4,PD_6': inf}
  Computing metrics...
    RSI: {'PD_1,PD_2': 1.0, 'PD_1,PD_3': 1.0, 'PD_1,PD_4': 1.0, 'PD_1,PD_6': 0.0, 'PD_2,PD_3': 1.0, 'PD_2,PD_4': 1.0, 'PD_2,PD_6': 0.0, 'PD_3,PD_4': 1.0, 'PD_3,PD_6': 0.0, 'PD_4,PD_6': 0.0}, ASR: 1.2, TCB: {'PD_1': ['PD_3', 'PD_2', 'PD_4'], 'PD_2': ['PD_4', 'PD_1', 'PD_3'], 'PD_3': ['PD_1', 'PD_2', 'PD_4'], 'PD_4': ['PD_1', 'PD_2', 'PD_3'], 'PD_6': []}, FR: {'PD_1,PD_2': inf, 'PD_1,PD_3': inf, 'PD_1,PD_4': inf, 'PD_1,PD_6': inf, 'PD_2,PD_3': inf, 'PD_2,PD_4': inf, 'PD_2,PD_6': inf, 'PD_3,PD_4': inf, 'PD_3,PD_6': inf, 'PD_4,PD_6': inf}
  Computing metrics...
    RSI: {'PD_1,PD_2': 1.0, 'PD_1,PD_3': 1.0, 'PD_1,PD_4': 1.0, 'PD_1,PD_6': 0.0, 'PD_2,PD_3': 1.0, 'PD_2,PD_4': 1.0, 'PD_2,PD_6': 0.0, 'PD_3,PD_4': 1.0, 'PD_3,PD_6': 0.0, 'PD_4,PD_6': 0.0}, ASR: 1.4, TCB: {'PD_1': ['PD_3', 'PD_2', 'PD_4'], 'PD_2': ['PD_4', 'PD_6', 'PD_1', 'PD_3'], 'PD_3': ['PD_1', 'PD_2', 'PD_4'], 'PD_4': ['PD_1', 'PD_2', 'PD_3'], 'PD_6': []}, FR: {'PD_1,PD_2': inf, 'PD_1,PD_3': inf, 'PD_1,PD_4': inf, 'PD_1,PD_6': inf, 'PD_2,PD_3': inf, 'PD_2,PD_4': inf, 'PD_2,PD_6': inf, 'PD_3,PD_4': inf, 'PD_3,PD_6': inf, 'PD_4,PD_6': inf}
  Computing metrics...
    RSI: {'PD_1,PD_2': 1.0, 'PD_1,PD_3': 1.0, 'PD_1,PD_4': 1.0, 'PD_1,PD_6': 0.0, 'PD_2,PD_3': 1.0, 'PD_2,PD_4': 1.0, 'PD_2,PD_6': 0.0, 'PD_3,PD_4': 1.0, 'PD_3,PD_6': 0.0, 'PD_4,PD_6': 0.0}, ASR: 1.2, TCB: {'PD_1': ['PD_3', 'PD_2', 'PD_4'], 'PD_2': ['PD_4', 'PD_1', 'PD_3'], 'PD_3': ['PD_1', 'PD_2', 'PD_4'], 'PD_4': ['PD_1', 'PD_2', 'PD_3'], 'PD_6': []}, FR: {'PD_1,PD_2': inf, 'PD_1,PD_3': inf, 'PD_1,PD_4': inf, 'PD_1,PD_6': inf, 'PD_2,PD_3': inf, 'PD_2,PD_4': inf, 'PD_2,PD_6': inf, 'PD_3,PD_4': inf, 'PD_3,PD_6': inf, 'PD_4,PD_6': inf}
  Computing metrics...
    RSI: {'PD_1,PD_2': 1.0, 'PD_1,PD_3': 1.0, 'PD_1,PD_4': 1.0, 'PD_1,PD_6': 0.0, 'PD_2,PD_3': 1.0, 'PD_2,PD_4': 1.0, 'PD_2,PD_6': 0.0, 'PD_3,PD_4': 1.0, 'PD_3,PD_6': 0.0, 'PD_4,PD_6': 0.0}, ASR: 1.4, TCB: {'PD_1': ['PD_3', 'PD_2', 'PD_4'], 'PD_2': ['PD_4', 'PD_1', 'PD_3'], 'PD_3': ['PD_1', 'PD_2', 'PD_4'], 'PD_4': ['PD_1', 'PD_2', 'PD_3'], 'PD_6': []}, FR: {'PD_1,PD_2': inf, 'PD_1,PD_3': inf, 'PD_1,PD_4': inf, 'PD_1,PD_6': inf, 'PD_2,PD_3': inf, 'PD_2,PD_4': inf, 'PD_2,PD_6': inf, 'PD_3,PD_4': inf, 'PD_3,PD_6': inf, 'PD_4,PD_6': inf}
  Computing metrics...
    RSI: {'PD_1,PD_2': 1.0, 'PD_1,PD_3': 1.0, 'PD_1,PD_4': 1.0, 'PD_1,PD_6': 0.0, 'PD_2,PD_3': 1.0, 'PD_2,PD_4': 1.0, 'PD_2,PD_6': 0.0, 'PD_3,PD_4': 1.0, 'PD_3,PD_6': 0.0, 'PD_4,PD_6': 0.0}, ASR: 1.2, TCB: {'PD_1': ['PD_3', 'PD_2', 'PD_4'], 'PD_2': ['PD_4', 'PD_1', 'PD_3'], 'PD_3': ['PD_1', 'PD_2', 'PD_4'], 'PD_4': ['PD_1', 'PD_2', 'PD_3'], 'PD_6': []}, FR: {'PD_1,PD_2': inf, 'PD_1,PD_3': inf, 'PD_1,PD_4': inf, 'PD_1,PD_6': inf, 'PD_2,PD_3': inf, 'PD_2,PD_4': inf, 'PD_2,PD_6': inf, 'PD_3,PD_4': inf, 'PD_3,PD_6': inf, 'PD_4,PD_6': inf}
  Computing metrics...
    RSI: {'PD_1,PD_2': 1.0, 'PD_1,PD_3': 1.0, 'PD_1,PD_4': 1.0, 'PD_1,PD_6': 0.0, 'PD_2,PD_3': 1.0, 'PD_2,PD_4': 1.0, 'PD_2,PD_6': 0.0, 'PD_3,PD_4': 1.0, 'PD_3,PD_6': 0.0, 'PD_4,PD_6': 0.0}, ASR: 1.4, TCB: {'PD_1': ['PD_3', 'PD_2', 'PD_4'], 'PD_2': ['PD_4', 'PD_1', 'PD_3'], 'PD_3': ['PD_2', 'PD_1', 'PD_4'], 'PD_4': ['PD_1', 'PD_2', 'PD_3'], 'PD_6': []}, FR: {'PD_1,PD_2': 4, 'PD_1,PD_3': 3, 'PD_1,PD_4': inf, 'PD_1,PD_6': inf, 'PD_2,PD_3': 3, 'PD_2,PD_4': inf, 'PD_2,PD_6': inf, 'PD_3,PD_4': inf, 'PD_3,PD_6': inf, 'PD_4,PD_6': inf}
  Computing metrics...
    RSI: {'PD_1,PD_2': 1.0, 'PD_1,PD_3': 1.0, 'PD_1,PD_4': 1.0, 'PD_1,PD_6': 0.0, 'PD_2,PD_3': 1.0, 'PD_2,PD_4': 1.0, 'PD_2,PD_6': 0.0, 'PD_3,PD_4': 1.0, 'PD_3,PD_6': 0.0, 'PD_4,PD_6': 0.0}, ASR: 1.2, TCB: {'PD_1': ['PD_3', 'PD_2', 'PD_4'], 'PD_2': ['PD_4', 'PD_1', 'PD_3'], 'PD_3': ['PD_1', 'PD_2', 'PD_4'], 'PD_4': ['PD_1', 'PD_2', 'PD_3'], 'PD_6': []}, FR: {'PD_1,PD_2': inf, 'PD_1,PD_3': inf, 'PD_1,PD_4': inf, 'PD_1,PD_6': inf, 'PD_2,PD_3': inf, 'PD_2,PD_4': inf, 'PD_2,PD_6': inf, 'PD_3,PD_4': inf, 'PD_3,PD_6': inf, 'PD_4,PD_6': inf}
  Computing metrics...
    RSI: {'PD_1,PD_2': 1.0, 'PD_1,PD_3': 1.0, 'PD_1,PD_4': 1.0, 'PD_1,PD_6': 0.0, 'PD_2,PD_3': 1.0, 'PD_2,PD_4': 1.0, 'PD_2,PD_6': 0.0, 'PD_3,PD_4': 1.0, 'PD_3,PD_6': 0.0, 'PD_4,PD_6': 0.0}, ASR: 1.4, TCB: {'PD_1': ['PD_3', 'PD_2', 'PD_4'], 'PD_2': ['PD_4', 'PD_1', 'PD_3'], 'PD_3': ['PD_4', 'PD_1', 'PD_2'], 'PD_4': ['PD_1', 'PD_2', 'PD_3'], 'PD_6': []}, FR: {'PD_1,PD_2': 3, 'PD_1,PD_3': 3, 'PD_1,PD_4': inf, 'PD_1,PD_6': inf, 'PD_2,PD_3': 2, 'PD_2,PD_4': inf, 'PD_2,PD_6': inf, 'PD_3,PD_4': inf, 'PD_3,PD_6': inf, 'PD_4,PD_6': inf}
  Computing metrics...
    RSI: {'PD_1,PD_2': 1.0, 'PD_1,PD_3': 1.0, 'PD_1,PD_4': 1.0, 'PD_1,PD_6': 0.0, 'PD_2,PD_3': 1.0, 'PD_2,PD_4': 1.0, 'PD_2,PD_6': 0.0, 'PD_3,PD_4': 1.0, 'PD_3,PD_6': 0.0, 'PD_4,PD_6': 0.0}, ASR: 1.2, TCB: {'PD_1': ['PD_3', 'PD_2', 'PD_4'], 'PD_2': ['PD_4', 'PD_1', 'PD_3'], 'PD_3': ['PD_1', 'PD_2', 'PD_4'], 'PD_4': ['PD_1', 'PD_2', 'PD_3'], 'PD_6': []}, FR: {'PD_1,PD_2': inf, 'PD_1,PD_3': inf, 'PD_1,PD_4': inf, 'PD_1,PD_6': inf, 'PD_2,PD_3': inf, 'PD_2,PD_4': inf, 'PD_2,PD_6': inf, 'PD_3,PD_4': inf, 'PD_3,PD_6': inf, 'PD_4,PD_6': inf}
  Computing metrics...
    RSI: {'PD_1,PD_2': 1.0, 'PD_1,PD_3': 1.0, 'PD_1,PD_4': 1.0, 'PD_1,PD_6': 0.0, 'PD_2,PD_3': 1.0, 'PD_2,PD_4': 1.0, 'PD_2,PD_6': 0.0, 'PD_3,PD_4': 1.0, 'PD_3,PD_6': 0.0, 'PD_4,PD_6': 0.0}, ASR: 1.4, TCB: {'PD_1': ['PD_3', 'PD_2', 'PD_4'], 'PD_2': ['PD_4', 'PD_1', 'PD_3'], 'PD_3': ['PD_6', 'PD_1', 'PD_2', 'PD_4'], 'PD_4': ['PD_1', 'PD_2', 'PD_3'], 'PD_6': []}, FR: {'PD_1,PD_2': inf, 'PD_1,PD_3': 3, 'PD_1,PD_4': inf, 'PD_1,PD_6': inf, 'PD_2,PD_3': inf, 'PD_2,PD_4': inf, 'PD_2,PD_6': inf, 'PD_3,PD_4': inf, 'PD_3,PD_6': inf, 'PD_4,PD_6': inf}
  Computing metrics...
    RSI: {'PD_1,PD_2': 1.0, 'PD_1,PD_3': 1.0, 'PD_1,PD_4': 1.0, 'PD_1,PD_6': 0.0, 'PD_2,PD_3': 1.0, 'PD_2,PD_4': 1.0, 'PD_2,PD_6': 0.0, 'PD_3,PD_4': 1.0, 'PD_3,PD_6': 0.0, 'PD_4,PD_6': 0.0}, ASR: 1.2, TCB: {'PD_1': ['PD_3', 'PD_2', 'PD_4'], 'PD_2': ['PD_4', 'PD_1', 'PD_3'], 'PD_3': ['PD_1', 'PD_2', 'PD_4'], 'PD_4': ['PD_1', 'PD_2', 'PD_3'], 'PD_6': []}, FR: {'PD_1,PD_2': inf, 'PD_1,PD_3': inf, 'PD_1,PD_4': inf, 'PD_1,PD_6': inf, 'PD_2,PD_3': inf, 'PD_2,PD_4': inf, 'PD_2,PD_6': inf, 'PD_3,PD_4': inf, 'PD_3,PD_6': inf, 'PD_4,PD_6': inf}
  Computing metrics...
    RSI: {'PD_1,PD_2': 1.0, 'PD_1,PD_3': 1.0, 'PD_1,PD_4': 1.0, 'PD_1,PD_6': 0.0, 'PD_2,PD_3': 1.0, 'PD_2,PD_4': 1.0, 'PD_2,PD_6': 0.0, 'PD_3,PD_4': 1.0, 'PD_3,PD_6': 0.0, 'PD_4,PD_6': 0.0}, ASR: 1.4, TCB: {'PD_1': ['PD_3', 'PD_2', 'PD_4'], 'PD_2': ['PD_4', 'PD_1', 'PD_3'], 'PD_3': ['PD_1', 'PD_2', 'PD_4'], 'PD_4': ['PD_1', 'PD_2', 'PD_3'], 'PD_6': []}, FR: {'PD_1,PD_2': 4, 'PD_1,PD_3': inf, 'PD_1,PD_4': 3, 'PD_1,PD_6': inf, 'PD_2,PD_3': inf, 'PD_2,PD_4': 3, 'PD_2,PD_6': inf, 'PD_3,PD_4': inf, 'PD_3,PD_6': inf, 'PD_4,PD_6': inf}
  Computing metrics...
    RSI: {'PD_1,PD_2': 1.0, 'PD_1,PD_3': 1.0, 'PD_1,PD_4': 1.0, 'PD_1,PD_6': 0.0, 'PD_2,PD_3': 1.0, 'PD_2,PD_4': 1.0, 'PD_2,PD_6': 0.0, 'PD_3,PD_4': 1.0, 'PD_3,PD_6': 0.0, 'PD_4,PD_6': 0.0}, ASR: 1.2, TCB: {'PD_1': ['PD_3', 'PD_2', 'PD_4'], 'PD_2': ['PD_4', 'PD_1', 'PD_3'], 'PD_3': ['PD_1', 'PD_2', 'PD_4'], 'PD_4': ['PD_1', 'PD_2', 'PD_3'], 'PD_6': []}, FR: {'PD_1,PD_2': inf, 'PD_1,PD_3': inf, 'PD_1,PD_4': inf, 'PD_1,PD_6': inf, 'PD_2,PD_3': inf, 'PD_2,PD_4': inf, 'PD_2,PD_6': inf, 'PD_3,PD_4': inf, 'PD_3,PD_6': inf, 'PD_4,PD_6': inf}
  Computing metrics...
    RSI: {'PD_1,PD_2': 1.0, 'PD_1,PD_3': 1.0, 'PD_1,PD_4': 1.0, 'PD_1,PD_6': 0.0, 'PD_2,PD_3': 1.0, 'PD_2,PD_4': 1.0, 'PD_2,PD_6': 0.0, 'PD_3,PD_4': 1.0, 'PD_3,PD_6': 0.0, 'PD_4,PD_6': 0.0}, ASR: 1.4, TCB: {'PD_1': ['PD_3', 'PD_2', 'PD_4'], 'PD_2': ['PD_4', 'PD_1', 'PD_3'], 'PD_3': ['PD_1', 'PD_2', 'PD_4'], 'PD_4': ['PD_2', 'PD_1', 'PD_3'], 'PD_6': []}, FR: {'PD_1,PD_2': inf, 'PD_1,PD_3': inf, 'PD_1,PD_4': inf, 'PD_1,PD_6': inf, 'PD_2,PD_3': inf, 'PD_2,PD_4': inf, 'PD_2,PD_6': inf, 'PD_3,PD_4': inf, 'PD_3,PD_6': inf, 'PD_4,PD_6': inf}
  Computing metrics...
    RSI: {'PD_1,PD_2': 1.0, 'PD_1,PD_3': 1.0, 'PD_1,PD_4': 1.0, 'PD_1,PD_6': 0.0, 'PD_2,PD_3': 1.0, 'PD_2,PD_4': 1.0, 'PD_2,PD_6': 0.0, 'PD_3,PD_4': 1.0, 'PD_3,PD_6': 0.0, 'PD_4,PD_6': 0.0}, ASR: 1.2, TCB: {'PD_1': ['PD_3', 'PD_2', 'PD_4'], 'PD_2': ['PD_4', 'PD_1', 'PD_3'], 'PD_3': ['PD_1', 'PD_2', 'PD_4'], 'PD_4': ['PD_1', 'PD_2', 'PD_3'], 'PD_6': []}, FR: {'PD_1,PD_2': inf, 'PD_1,PD_3': inf, 'PD_1,PD_4': inf, 'PD_1,PD_6': inf, 'PD_2,PD_3': inf, 'PD_2,PD_4': inf, 'PD_2,PD_6': inf, 'PD_3,PD_4': inf, 'PD_3,PD_6': inf, 'PD_4,PD_6': inf}
  Computing metrics...
    RSI: {'PD_1,PD_2': 1.0, 'PD_1,PD_3': 1.0, 'PD_1,PD_4': 1.0, 'PD_1,PD_6': 0.0, 'PD_2,PD_3': 1.0, 'PD_2,PD_4': 1.0, 'PD_2,PD_6': 0.0, 'PD_3,PD_4': 1.0, 'PD_3,PD_6': 0.0, 'PD_4,PD_6': 0.0}, ASR: 1.4, TCB: {'PD_1': ['PD_3', 'PD_2', 'PD_4'], 'PD_2': ['PD_4', 'PD_1', 'PD_3'], 'PD_3': ['PD_1', 'PD_2', 'PD_4'], 'PD_4': ['PD_3', 'PD_1', 'PD_2'], 'PD_6': []}, FR: {'PD_1,PD_2': 3, 'PD_1,PD_3': inf, 'PD_1,PD_4': 2, 'PD_1,PD_6': inf, 'PD_2,PD_3': inf, 'PD_2,PD_4': 3, 'PD_2,PD_6': inf, 'PD_3,PD_4': inf, 'PD_3,PD_6': inf, 'PD_4,PD_6': inf}
  Computing metrics...
    RSI: {'PD_1,PD_2': 1.0, 'PD_1,PD_3': 1.0, 'PD_1,PD_4': 1.0, 'PD_1,PD_6': 0.0, 'PD_2,PD_3': 1.0, 'PD_2,PD_4': 1.0, 'PD_2,PD_6': 0.0, 'PD_3,PD_4': 1.0, 'PD_3,PD_6': 0.0, 'PD_4,PD_6': 0.0}, ASR: 1.2, TCB: {'PD_1': ['PD_3', 'PD_2', 'PD_4'], 'PD_2': ['PD_4', 'PD_1', 'PD_3'], 'PD_3': ['PD_1', 'PD_2', 'PD_4'], 'PD_4': ['PD_1', 'PD_2', 'PD_3'], 'PD_6': []}, FR: {'PD_1,PD_2': inf, 'PD_1,PD_3': inf, 'PD_1,PD_4': inf, 'PD_1,PD_6': inf, 'PD_2,PD_3': inf, 'PD_2,PD_4': inf, 'PD_2,PD_6': inf, 'PD_3,PD_4': inf, 'PD_3,PD_6': inf, 'PD_4,PD_6': inf}
  Computing metrics...
    RSI: {'PD_1,PD_2': 1.0, 'PD_1,PD_3': 1.0, 'PD_1,PD_4': 1.0, 'PD_1,PD_6': 0.0, 'PD_2,PD_3': 1.0, 'PD_2,PD_4': 1.0, 'PD_2,PD_6': 0.0, 'PD_3,PD_4': 1.0, 'PD_3,PD_6': 0.0, 'PD_4,PD_6': 0.0}, ASR: 1.4, TCB: {'PD_1': ['PD_3', 'PD_2', 'PD_4'], 'PD_2': ['PD_4', 'PD_1', 'PD_3'], 'PD_3': ['PD_1', 'PD_2', 'PD_4'], 'PD_4': ['PD_6', 'PD_1', 'PD_2', 'PD_3'], 'PD_6': []}, FR: {'PD_1,PD_2': inf, 'PD_1,PD_3': inf, 'PD_1,PD_4': inf, 'PD_1,PD_6': inf, 'PD_2,PD_3': inf, 'PD_2,PD_4': 3, 'PD_2,PD_6': inf, 'PD_3,PD_4': inf, 'PD_3,PD_6': inf, 'PD_4,PD_6': inf}
  Computing metrics...
    RSI: {'PD_1,PD_2': 1.0, 'PD_1,PD_3': 1.0, 'PD_1,PD_4': 1.0, 'PD_1,PD_6': 0.0, 'PD_2,PD_3': 1.0, 'PD_2,PD_4': 1.0, 'PD_2,PD_6': 0.0, 'PD_3,PD_4': 1.0, 'PD_3,PD_6': 0.0, 'PD_4,PD_6': 0.0}, ASR: 1.2, TCB: {'PD_1': ['PD_3', 'PD_2', 'PD_4'], 'PD_2': ['PD_4', 'PD_1', 'PD_3'], 'PD_3': ['PD_1', 'PD_2', 'PD_4'], 'PD_4': ['PD_1', 'PD_2', 'PD_3'], 'PD_6': []}, FR: {'PD_1,PD_2': inf, 'PD_1,PD_3': inf, 'PD_1,PD_4': inf, 'PD_1,PD_6': inf, 'PD_2,PD_3': inf, 'PD_2,PD_4': inf, 'PD_2,PD_6': inf, 'PD_3,PD_4': inf, 'PD_3,PD_6': inf, 'PD_4,PD_6': inf}
  Computing metrics...
    RSI: {'PD_1,PD_2': 1.0, 'PD_1,PD_3': 1.0, 'PD_1,PD_4': 1.0, 'PD_1,PD_6': 0.0, 'PD_2,PD_3': 1.0, 'PD_2,PD_4': 1.0, 'PD_2,PD_6': 0.0, 'PD_3,PD_4': 1.0, 'PD_3,PD_6': 0.0, 'PD_4,PD_6': 0.0}, ASR: 1.4, TCB: {'PD_1': ['PD_3', 'PD_2', 'PD_4'], 'PD_2': ['PD_4', 'PD_1', 'PD_3'], 'PD_3': ['PD_1', 'PD_2', 'PD_4'], 'PD_4': ['PD_1', 'PD_2', 'PD_3'], 'PD_6': ['PD_1']}, FR: {'PD_1,PD_2': inf, 'PD_1,PD_3': inf, 'PD_1,PD_4': inf, 'PD_1,PD_6': 3, 'PD_2,PD_3': inf, 'PD_2,PD_4': inf, 'PD_2,PD_6': inf, 'PD_3,PD_4': inf, 'PD_3,PD_6': inf, 'PD_4,PD_6': inf}
  Computing metrics...
    RSI: {'PD_1,PD_2': 1.0, 'PD_1,PD_3': 1.0, 'PD_1,PD_4': 1.0, 'PD_1,PD_6': 0.0, 'PD_2,PD_3': 1.0, 'PD_2,PD_4': 1.0, 'PD_2,PD_6': 0.0, 'PD_3,PD_4': 1.0, 'PD_3,PD_6': 0.0, 'PD_4,PD_6': 0.0}, ASR: 1.2, TCB: {'PD_1': ['PD_3', 'PD_2', 'PD_4'], 'PD_2': ['PD_4', 'PD_1', 'PD_3'], 'PD_3': ['PD_1', 'PD_2', 'PD_4'], 'PD_4': ['PD_1', 'PD_2', 'PD_3'], 'PD_6': []}, FR: {'PD_1,PD_2': inf, 'PD_1,PD_3': inf, 'PD_1,PD_4': inf, 'PD_1,PD_6': inf, 'PD_2,PD_3': inf, 'PD_2,PD_4': inf, 'PD_2,PD_6': inf, 'PD_3,PD_4': inf, 'PD_3,PD_6': inf, 'PD_4,PD_6': inf}
  Computing metrics...
    RSI: {'PD_1,PD_2': 1.0, 'PD_1,PD_3': 1.0, 'PD_1,PD_4': 1.0, 'PD_1,PD_6': 0.0, 'PD_2,PD_3': 1.0, 'PD_2,PD_4': 1.0, 'PD_2,PD_6': 0.0, 'PD_3,PD_4': 1.0, 'PD_3,PD_6': 0.0, 'PD_4,PD_6': 0.0}, ASR: 1.4, TCB: {'PD_1': ['PD_3', 'PD_2', 'PD_4'], 'PD_2': ['PD_4', 'PD_1', 'PD_3'], 'PD_3': ['PD_1', 'PD_2', 'PD_4'], 'PD_4': ['PD_1', 'PD_2', 'PD_3'], 'PD_6': ['PD_2']}, FR: {'PD_1,PD_2': inf, 'PD_1,PD_3': inf, 'PD_1,PD_4': inf, 'PD_1,PD_6': inf, 'PD_2,PD_3': inf, 'PD_2,PD_4': inf, 'PD_2,PD_6': 3, 'PD_3,PD_4': inf, 'PD_3,PD_6': inf, 'PD_4,PD_6': inf}
  Computing metrics...
    RSI: {'PD_1,PD_2': 1.0, 'PD_1,PD_3': 1.0, 'PD_1,PD_4': 1.0, 'PD_1,PD_6': 0.0, 'PD_2,PD_3': 1.0, 'PD_2,PD_4': 1.0, 'PD_2,PD_6': 0.0, 'PD_3,PD_4': 1.0, 'PD_3,PD_6': 0.0, 'PD_4,PD_6': 0.0}, ASR: 1.2, TCB: {'PD_1': ['PD_3', 'PD_2', 'PD_4'], 'PD_2': ['PD_4', 'PD_1', 'PD_3'], 'PD_3': ['PD_1', 'PD_2', 'PD_4'], 'PD_4': ['PD_1', 'PD_2', 'PD_3'], 'PD_6': []}, FR: {'PD_1,PD_2': inf, 'PD_1,PD_3': inf, 'PD_1,PD_4': inf, 'PD_1,PD_6': inf, 'PD_2,PD_3': inf, 'PD_2,PD_4': inf, 'PD_2,PD_6': inf, 'PD_3,PD_4': inf, 'PD_3,PD_6': inf, 'PD_4,PD_6': inf}
  Computing metrics...
    RSI: {'PD_1,PD_2': 1.0, 'PD_1,PD_3': 1.0, 'PD_1,PD_4': 1.0, 'PD_1,PD_6': 0.0, 'PD_2,PD_3': 1.0, 'PD_2,PD_4': 1.0, 'PD_2,PD_6': 0.0, 'PD_3,PD_4': 1.0, 'PD_3,PD_6': 0.0, 'PD_4,PD_6': 0.0}, ASR: 1.4, TCB: {'PD_1': ['PD_3', 'PD_2', 'PD_4'], 'PD_2': ['PD_4', 'PD_1', 'PD_3'], 'PD_3': ['PD_1', 'PD_2', 'PD_4'], 'PD_4': ['PD_1', 'PD_2', 'PD_3'], 'PD_6': ['PD_3']}, FR: {'PD_1,PD_2': inf, 'PD_1,PD_3': inf, 'PD_1,PD_4': inf, 'PD_1,PD_6': 2, 'PD_2,PD_3': inf, 'PD_2,PD_4': inf, 'PD_2,PD_6': inf, 'PD_3,PD_4': inf, 'PD_3,PD_6': inf, 'PD_4,PD_6': inf}
  Computing metrics...
    RSI: {'PD_1,PD_2': 1.0, 'PD_1,PD_3': 1.0, 'PD_1,PD_4': 1.0, 'PD_1,PD_6': 0.0, 'PD_2,PD_3': 1.0, 'PD_2,PD_4': 1.0, 'PD_2,PD_6': 0.0, 'PD_3,PD_4': 1.0, 'PD_3,PD_6': 0.0, 'PD_4,PD_6': 0.0}, ASR: 1.2, TCB: {'PD_1': ['PD_3', 'PD_2', 'PD_4'], 'PD_2': ['PD_4', 'PD_1', 'PD_3'], 'PD_3': ['PD_1', 'PD_2', 'PD_4'], 'PD_4': ['PD_1', 'PD_2', 'PD_3'], 'PD_6': []}, FR: {'PD_1,PD_2': inf, 'PD_1,PD_3': inf, 'PD_1,PD_4': inf, 'PD_1,PD_6': inf, 'PD_2,PD_3': inf, 'PD_2,PD_4': inf, 'PD_2,PD_6': inf, 'PD_3,PD_4': inf, 'PD_3,PD_6': inf, 'PD_4,PD_6': inf}
  Computing metrics...
    RSI: {'PD_1,PD_2': 1.0, 'PD_1,PD_3': 1.0, 'PD_1,PD_4': 1.0, 'PD_1,PD_6': 0.0, 'PD_2,PD_3': 1.0, 'PD_2,PD_4': 1.0, 'PD_2,PD_6': 0.0, 'PD_3,PD_4': 1.0, 'PD_3,PD_6': 0.0, 'PD_4,PD_6': 0.0}, ASR: 1.4, TCB: {'PD_1': ['PD_3', 'PD_2', 'PD_4'], 'PD_2': ['PD_4', 'PD_1', 'PD_3'], 'PD_3': ['PD_1', 'PD_2', 'PD_4'], 'PD_4': ['PD_1', 'PD_2', 'PD_3'], 'PD_6': ['PD_4']}, FR: {'PD_1,PD_2': inf, 'PD_1,PD_3': inf, 'PD_1,PD_4': inf, 'PD_1,PD_6': inf, 'PD_2,PD_3': inf, 'PD_2,PD_4': inf, 'PD_2,PD_6': 2, 'PD_3,PD_4': inf, 'PD_3,PD_6': inf, 'PD_4,PD_6': inf}
  Computing metrics...
    RSI: {'PD_1,PD_2': 1.0, 'PD_1,PD_3': 1.0, 'PD_1,PD_4': 1.0, 'PD_1,PD_6': 0.0, 'PD_2,PD_3': 1.0, 'PD_2,PD_4': 1.0, 'PD_2,PD_6': 0.0, 'PD_3,PD_4': 1.0, 'PD_3,PD_6': 0.0, 'PD_4,PD_6': 0.0}, ASR: 1.2, TCB: {'PD_1': ['PD_3', 'PD_2', 'PD_4'], 'PD_2': ['PD_4', 'PD_1', 'PD_3'], 'PD_3': ['PD_1', 'PD_2', 'PD_4'], 'PD_4': ['PD_1', 'PD_2', 'PD_3'], 'PD_6': []}, FR: {'PD_1,PD_2': inf, 'PD_1,PD_3': inf, 'PD_1,PD_4': inf, 'PD_1,PD_6': inf, 'PD_2,PD_3': inf, 'PD_2,PD_4': inf, 'PD_2,PD_6': inf, 'PD_3,PD_4': inf, 'PD_3,PD_6': inf, 'PD_4,PD_6': inf}
  Computing metrics...
    RSI: {'PD_1,PD_2': 1.0, 'PD_1,PD_3': 1.0, 'PD_1,PD_4': 1.0, 'PD_1,PD_6': 0.0, 'PD_2,PD_3': 1.0, 'PD_2,PD_4': 1.0, 'PD_2,PD_6': 0.0, 'PD_3,PD_4': 1.0, 'PD_3,PD_6': 0.0, 'PD_4,PD_6': 0.0}, ASR: 1.0, TCB: {'PD_1': ['PD_2', 'PD_3', 'PD_4'], 'PD_2': ['PD_4', 'PD_1', 'PD_3'], 'PD_3': ['PD_1', 'PD_2', 'PD_4'], 'PD_4': ['PD_1', 'PD_2', 'PD_3'], 'PD_6': []}, FR: {'PD_1,PD_2': inf, 'PD_1,PD_3': inf, 'PD_1,PD_4': inf, 'PD_1,PD_6': inf, 'PD_2,PD_3': inf, 'PD_2,PD_4': inf, 'PD_2,PD_6': inf, 'PD_3,PD_4': inf, 'PD_3,PD_6': inf, 'PD_4,PD_6': inf}
  Computing metrics...
    RSI: {'PD_1,PD_2': 1.0, 'PD_1,PD_3': 1.0, 'PD_1,PD_4': 1.0, 'PD_1,PD_6': 0.0, 'PD_2,PD_3': 1.0, 'PD_2,PD_4': 1.0, 'PD_2,PD_6': 0.0, 'PD_3,PD_4': 1.0, 'PD_3,PD_6': 0.0, 'PD_4,PD_6': 0.0}, ASR: 1.2, TCB: {'PD_1': ['PD_3', 'PD_2', 'PD_4'], 'PD_2': ['PD_4', 'PD_1', 'PD_3'], 'PD_3': ['PD_1', 'PD_2', 'PD_4'], 'PD_4': ['PD_1', 'PD_2', 'PD_3'], 'PD_6': []}, FR: {'PD_1,PD_2': inf, 'PD_1,PD_3': inf, 'PD_1,PD_4': inf, 'PD_1,PD_6': inf, 'PD_2,PD_3': inf, 'PD_2,PD_4': inf, 'PD_2,PD_6': inf, 'PD_3,PD_4': inf, 'PD_3,PD_6': inf, 'PD_4,PD_6': inf}
  Computing metrics...
    RSI: {'PD_1,PD_2': 1.0, 'PD_1,PD_3': 1.0, 'PD_1,PD_4': 1.0, 'PD_1,PD_6': 0.0, 'PD_2,PD_3': 1.0, 'PD_2,PD_4': 1.0, 'PD_2,PD_6': 0.0, 'PD_3,PD_4': 1.0, 'PD_3,PD_6': 0.0, 'PD_4,PD_6': 0.0}, ASR: 1.0, TCB: {'PD_1': ['PD_3', 'PD_2', 'PD_4'], 'PD_2': ['PD_1', 'PD_3', 'PD_4'], 'PD_3': ['PD_1', 'PD_2', 'PD_4'], 'PD_4': ['PD_1', 'PD_2', 'PD_3'], 'PD_6': []}, FR: {'PD_1,PD_2': inf, 'PD_1,PD_3': inf, 'PD_1,PD_4': inf, 'PD_1,PD_6': inf, 'PD_2,PD_3': inf, 'PD_2,PD_4': inf, 'PD_2,PD_6': inf, 'PD_3,PD_4': inf, 'PD_3,PD_6': inf, 'PD_4,PD_6': inf}
  Computing metrics...
    RSI: {'PD_1,PD_2': 1.0, 'PD_1,PD_3': 1.0, 'PD_1,PD_4': 1.0, 'PD_1,PD_6': 0.0, 'PD_2,PD_3': 1.0, 'PD_2,PD_4': 1.0, 'PD_2,PD_6': 0.0, 'PD_3,PD_4': 1.0, 'PD_3,PD_6': 0.0, 'PD_4,PD_6': 0.0}, ASR: 1.2, TCB: {'PD_1': ['PD_3', 'PD_2', 'PD_4'], 'PD_2': ['PD_4', 'PD_1', 'PD_3'], 'PD_3': ['PD_1', 'PD_2', 'PD_4'], 'PD_4': ['PD_1', 'PD_2', 'PD_3'], 'PD_6': []}, FR: {'PD_1,PD_2': inf, 'PD_1,PD_3': inf, 'PD_1,PD_4': inf, 'PD_1,PD_6': inf, 'PD_2,PD_3': inf, 'PD_2,PD_4': inf, 'PD_2,PD_6': inf, 'PD_3,PD_4': inf, 'PD_3,PD_6': inf, 'PD_4,PD_6': inf}
  Computing metrics...
    RSI: {'PD_1,PD_2': 1.0, 'PD_1,PD_3': 1.0, 'PD_1,PD_4': 1.0, 'PD_1,PD_6': 0.0, 'PD_2,PD_3': 1.0, 'PD_2,PD_4': 1.0, 'PD_2,PD_6': 0.0, 'PD_3,PD_4': 1.0, 'PD_3,PD_6': 0.0, 'PD_4,PD_6': 0.0}, ASR: 1.2, TCB: {'PD_1': ['PD_3', 'PD_2', 'PD_4'], 'PD_2': ['PD_4', 'PD_1', 'PD_3'], 'PD_3': ['PD_1', 'PD_2', 'PD_4'], 'PD_4': ['PD_1', 'PD_2', 'PD_3'], 'PD_6': []}, FR: {'PD_1,PD_2': inf, 'PD_1,PD_3': inf, 'PD_1,PD_4': inf, 'PD_1,PD_6': inf, 'PD_2,PD_3': inf, 'PD_2,PD_4': inf, 'PD_2,PD_6': inf, 'PD_3,PD_4': inf, 'PD_3,PD_6': inf, 'PD_4,PD_6': inf}
  🚫 Filtered out 1 'remove_pd' candidates (avoiding repetition)
  Trying best transition: primitive
    Target: add new protection domain (warning: 5 PDs already exist)
    Predicted improvement: 0.100
    Considered 32 other option(s):
      1. primitive: create new CONFIG file in FILE_SPACE_1 (improvement: 0.100)
      2. primitive: create new DATABASE file in FILE_SPACE_1 (improvement: 0.100)
      3. primitive: create new TEMP file in FILE_SPACE_1 (improvement: 0.100)
      4. primitive: create new LOG file in FILE_SPACE_1 (improvement: 0.100)
      5. primitive: remove FILE_1_1 (holders: 4) (improvement: 0.100)
      6. primitive: create new FILE resource space (improvement: 0.100)
      7. primitive: connect PD_6 to FILE_1_1 (improvement: 0.100)
      8. primitive: remove PD_3 -> FILE_1_1 HOLD edge (improvement: 0.100)
      9. primitive: remove PD_4 -> FILE_1_1 HOLD edge (improvement: 0.100)
      10. primitive: create PD_1 -> PD_2 REQUEST (improvement: 0.100)
      ... and 22 more
    ✅ Applied add_pd
  Computing metrics...
    RSI: {'PD_1,PD_2': 1.0, 'PD_1,PD_3': 1.0, 'PD_1,PD_4': 1.0, 'PD_1,PD_6': 0.0, 'PD_1,PD_7': 0.0, 'PD_2,PD_3': 1.0, 'PD_2,PD_4': 1.0, 'PD_2,PD_6': 0.0, 'PD_2,PD_7': 0.0, 'PD_3,PD_4': 1.0, 'PD_3,PD_6': 0.0, 'PD_3,PD_7': 0.0, 'PD_4,PD_6': 0.0, 'PD_4,PD_7': 0.0, 'PD_6,PD_7': 0.0}, ASR: 1.0, TCB: {'PD_1': ['PD_3', 'PD_2', 'PD_4'], 'PD_2': ['PD_4', 'PD_1', 'PD_3'], 'PD_3': ['PD_1', 'PD_2', 'PD_4'], 'PD_4': ['PD_1', 'PD_2', 'PD_3'], 'PD_6': [], 'PD_7': []}, FR: {'PD_1,PD_2': inf, 'PD_1,PD_3': inf, 'PD_1,PD_4': inf, 'PD_1,PD_6': inf, 'PD_1,PD_7': inf, 'PD_2,PD_3': inf, 'PD_2,PD_4': inf, 'PD_2,PD_6': inf, 'PD_2,PD_7': inf, 'PD_3,PD_4': inf, 'PD_3,PD_6': inf, 'PD_3,PD_7': inf, 'PD_4,PD_6': inf, 'PD_4,PD_7': inf, 'PD_6,PD_7': inf}
    All 1 goals met!
    All 1 goal(s) met!
  ✅ Mechanism saved! Total mechanisms found: 6

📊 Graph after iteration 6:
        # Graph structure:
        # PD_1 --REQUEST--> PD_3
        # PD_1 --HOLD--> FILE_1_1 -> FILE_SPACE_1
        # PD_2 --REQUEST--> PD_4
        # PD_2 --HOLD--> FILE_1_1 -> FILE_SPACE_1
        # PD_3 --HOLD--> FILE_1_1 -> FILE_SPACE_1
        # PD_4 --HOLD--> FILE_1_1 -> FILE_SPACE_1
        # PD_6
        # PD_7
        #
        # FILE_1_1 shared by: PD_1, PD_2, PD_3, PD_4


Iteration 7/10
  Computing metrics...
    RSI: {'PD_1,PD_2': 1.0, 'PD_1,PD_3': 1.0, 'PD_1,PD_4': 1.0, 'PD_1,PD_6': 0.0, 'PD_1,PD_7': 0.0, 'PD_2,PD_3': 1.0, 'PD_2,PD_4': 1.0, 'PD_2,PD_6': 0.0, 'PD_2,PD_7': 0.0, 'PD_3,PD_4': 1.0, 'PD_3,PD_6': 0.0, 'PD_3,PD_7': 0.0, 'PD_4,PD_6': 0.0, 'PD_4,PD_7': 0.0, 'PD_6,PD_7': 0.0}, ASR: 1.0, TCB: {'PD_1': ['PD_3', 'PD_2', 'PD_4'], 'PD_2': ['PD_4', 'PD_1', 'PD_3'], 'PD_3': ['PD_1', 'PD_2', 'PD_4'], 'PD_4': ['PD_1', 'PD_2', 'PD_3'], 'PD_6': [], 'PD_7': []}, FR: {'PD_1,PD_2': inf, 'PD_1,PD_3': inf, 'PD_1,PD_4': inf, 'PD_1,PD_6': inf, 'PD_1,PD_7': inf, 'PD_2,PD_3': inf, 'PD_2,PD_4': inf, 'PD_2,PD_6': inf, 'PD_2,PD_7': inf, 'PD_3,PD_4': inf, 'PD_3,PD_6': inf, 'PD_3,PD_7': inf, 'PD_4,PD_6': inf, 'PD_4,PD_7': inf, 'PD_6,PD_7': inf}
  Computing metrics...
    RSI: {'PD_1,PD_2': 1.0, 'PD_1,PD_3': 1.0, 'PD_1,PD_4': 1.0, 'PD_1,PD_6': 0.0, 'PD_1,PD_7': 0.0, 'PD_1,PD_8': 0.0, 'PD_2,PD_3': 1.0, 'PD_2,PD_4': 1.0, 'PD_2,PD_6': 0.0, 'PD_2,PD_7': 0.0, 'PD_2,PD_8': 0.0, 'PD_3,PD_4': 1.0, 'PD_3,PD_6': 0.0, 'PD_3,PD_7': 0.0, 'PD_3,PD_8': 0.0, 'PD_4,PD_6': 0.0, 'PD_4,PD_7': 0.0, 'PD_4,PD_8': 0.0, 'PD_6,PD_7': 0.0, 'PD_6,PD_8': 0.0, 'PD_7,PD_8': 0.0}, ASR: 0.8571428571428571, TCB: {'PD_1': ['PD_3', 'PD_2', 'PD_4'], 'PD_2': ['PD_4', 'PD_1', 'PD_3'], 'PD_3': ['PD_1', 'PD_2', 'PD_4'], 'PD_4': ['PD_1', 'PD_2', 'PD_3'], 'PD_6': [], 'PD_7': [], 'PD_8': []}, FR: {'PD_1,PD_2': inf, 'PD_1,PD_3': inf, 'PD_1,PD_4': inf, 'PD_1,PD_6': inf, 'PD_1,PD_7': inf, 'PD_1,PD_8': inf, 'PD_2,PD_3': inf, 'PD_2,PD_4': inf, 'PD_2,PD_6': inf, 'PD_2,PD_7': inf, 'PD_2,PD_8': inf, 'PD_3,PD_4': inf, 'PD_3,PD_6': inf, 'PD_3,PD_7': inf, 'PD_3,PD_8': inf, 'PD_4,PD_6': inf, 'PD_4,PD_7': inf, 'PD_4,PD_8': inf, 'PD_6,PD_7': inf, 'PD_6,PD_8': inf, 'PD_7,PD_8': inf}
  Computing metrics...
    RSI: {'PD_1,PD_2': 1.0, 'PD_1,PD_3': 1.0, 'PD_1,PD_4': 1.0, 'PD_1,PD_6': 0.0, 'PD_1,PD_7': 0.0, 'PD_2,PD_3': 1.0, 'PD_2,PD_4': 1.0, 'PD_2,PD_6': 0.0, 'PD_2,PD_7': 0.0, 'PD_3,PD_4': 1.0, 'PD_3,PD_6': 0.0, 'PD_3,PD_7': 0.0, 'PD_4,PD_6': 0.0, 'PD_4,PD_7': 0.0, 'PD_6,PD_7': 0.0}, ASR: 1.0, TCB: {'PD_1': ['PD_3', 'PD_2', 'PD_4'], 'PD_2': ['PD_4', 'PD_1', 'PD_3'], 'PD_3': ['PD_1', 'PD_2', 'PD_4'], 'PD_4': ['PD_1', 'PD_2', 'PD_3'], 'PD_6': [], 'PD_7': []}, FR: {'PD_1,PD_2': inf, 'PD_1,PD_3': inf, 'PD_1,PD_4': inf, 'PD_1,PD_6': inf, 'PD_1,PD_7': inf, 'PD_2,PD_3': inf, 'PD_2,PD_4': inf, 'PD_2,PD_6': inf, 'PD_2,PD_7': inf, 'PD_3,PD_4': inf, 'PD_3,PD_6': inf, 'PD_3,PD_7': inf, 'PD_4,PD_6': inf, 'PD_4,PD_7': inf, 'PD_6,PD_7': inf}
  Computing metrics...
    RSI: {'PD_1,PD_2': 1.0, 'PD_1,PD_3': 1.0, 'PD_1,PD_4': 1.0, 'PD_1,PD_6': 0.0, 'PD_1,PD_7': 0.0, 'PD_2,PD_3': 1.0, 'PD_2,PD_4': 1.0, 'PD_2,PD_6': 0.0, 'PD_2,PD_7': 0.0, 'PD_3,PD_4': 1.0, 'PD_3,PD_6': 0.0, 'PD_3,PD_7': 0.0, 'PD_4,PD_6': 0.0, 'PD_4,PD_7': 0.0, 'PD_6,PD_7': 0.0}, ASR: 1.0, TCB: {'PD_1': ['PD_3', 'PD_2', 'PD_4'], 'PD_2': ['PD_4', 'PD_1', 'PD_3'], 'PD_3': ['PD_1', 'PD_2', 'PD_4'], 'PD_4': ['PD_1', 'PD_2', 'PD_3'], 'PD_6': [], 'PD_7': []}, FR: {'PD_1,PD_2': inf, 'PD_1,PD_3': inf, 'PD_1,PD_4': inf, 'PD_1,PD_6': inf, 'PD_1,PD_7': inf, 'PD_2,PD_3': inf, 'PD_2,PD_4': inf, 'PD_2,PD_6': inf, 'PD_2,PD_7': inf, 'PD_3,PD_4': inf, 'PD_3,PD_6': inf, 'PD_3,PD_7': inf, 'PD_4,PD_6': inf, 'PD_4,PD_7': inf, 'PD_6,PD_7': inf}
  Computing metrics...
    RSI: {'PD_1,PD_2': 1.0, 'PD_1,PD_3': 1.0, 'PD_1,PD_4': 1.0, 'PD_1,PD_6': 0.0, 'PD_1,PD_7': 0.0, 'PD_2,PD_3': 1.0, 'PD_2,PD_4': 1.0, 'PD_2,PD_6': 0.0, 'PD_2,PD_7': 0.0, 'PD_3,PD_4': 1.0, 'PD_3,PD_6': 0.0, 'PD_3,PD_7': 0.0, 'PD_4,PD_6': 0.0, 'PD_4,PD_7': 0.0, 'PD_6,PD_7': 0.0}, ASR: 1.0, TCB: {'PD_1': ['PD_3', 'PD_2', 'PD_4'], 'PD_2': ['PD_4', 'PD_1', 'PD_3'], 'PD_3': ['PD_1', 'PD_2', 'PD_4'], 'PD_4': ['PD_1', 'PD_2', 'PD_3'], 'PD_6': [], 'PD_7': []}, FR: {'PD_1,PD_2': inf, 'PD_1,PD_3': inf, 'PD_1,PD_4': inf, 'PD_1,PD_6': inf, 'PD_1,PD_7': inf, 'PD_2,PD_3': inf, 'PD_2,PD_4': inf, 'PD_2,PD_6': inf, 'PD_2,PD_7': inf, 'PD_3,PD_4': inf, 'PD_3,PD_6': inf, 'PD_3,PD_7': inf, 'PD_4,PD_6': inf, 'PD_4,PD_7': inf, 'PD_6,PD_7': inf}
  Computing metrics...
    RSI: {'PD_1,PD_2': 1.0, 'PD_1,PD_3': 1.0, 'PD_1,PD_4': 1.0, 'PD_1,PD_6': 0.0, 'PD_1,PD_7': 0.0, 'PD_2,PD_3': 1.0, 'PD_2,PD_4': 1.0, 'PD_2,PD_6': 0.0, 'PD_2,PD_7': 0.0, 'PD_3,PD_4': 1.0, 'PD_3,PD_6': 0.0, 'PD_3,PD_7': 0.0, 'PD_4,PD_6': 0.0, 'PD_4,PD_7': 0.0, 'PD_6,PD_7': 0.0}, ASR: 1.0, TCB: {'PD_1': ['PD_3', 'PD_2', 'PD_4'], 'PD_2': ['PD_4', 'PD_1', 'PD_3'], 'PD_3': ['PD_1', 'PD_2', 'PD_4'], 'PD_4': ['PD_1', 'PD_2', 'PD_3'], 'PD_6': [], 'PD_7': []}, FR: {'PD_1,PD_2': inf, 'PD_1,PD_3': inf, 'PD_1,PD_4': inf, 'PD_1,PD_6': inf, 'PD_1,PD_7': inf, 'PD_2,PD_3': inf, 'PD_2,PD_4': inf, 'PD_2,PD_6': inf, 'PD_2,PD_7': inf, 'PD_3,PD_4': inf, 'PD_3,PD_6': inf, 'PD_3,PD_7': inf, 'PD_4,PD_6': inf, 'PD_4,PD_7': inf, 'PD_6,PD_7': inf}
  Computing metrics...
    RSI: {'PD_1,PD_2': 1.0, 'PD_1,PD_3': 1.0, 'PD_1,PD_4': 1.0, 'PD_1,PD_6': 0.0, 'PD_1,PD_7': 0.0, 'PD_2,PD_3': 1.0, 'PD_2,PD_4': 1.0, 'PD_2,PD_6': 0.0, 'PD_2,PD_7': 0.0, 'PD_3,PD_4': 1.0, 'PD_3,PD_6': 0.0, 'PD_3,PD_7': 0.0, 'PD_4,PD_6': 0.0, 'PD_4,PD_7': 0.0, 'PD_6,PD_7': 0.0}, ASR: 1.0, TCB: {'PD_1': ['PD_3', 'PD_2', 'PD_4'], 'PD_2': ['PD_4', 'PD_1', 'PD_3'], 'PD_3': ['PD_1', 'PD_2', 'PD_4'], 'PD_4': ['PD_1', 'PD_2', 'PD_3'], 'PD_6': [], 'PD_7': []}, FR: {'PD_1,PD_2': inf, 'PD_1,PD_3': inf, 'PD_1,PD_4': inf, 'PD_1,PD_6': inf, 'PD_1,PD_7': inf, 'PD_2,PD_3': inf, 'PD_2,PD_4': inf, 'PD_2,PD_6': inf, 'PD_2,PD_7': inf, 'PD_3,PD_4': inf, 'PD_3,PD_6': inf, 'PD_3,PD_7': inf, 'PD_4,PD_6': inf, 'PD_4,PD_7': inf, 'PD_6,PD_7': inf}
  Computing metrics...
    RSI: {'PD_1,PD_2': 1.0, 'PD_1,PD_3': 1.0, 'PD_1,PD_4': 1.0, 'PD_1,PD_6': 0.0, 'PD_1,PD_7': 0.0, 'PD_2,PD_3': 1.0, 'PD_2,PD_4': 1.0, 'PD_2,PD_6': 0.0, 'PD_2,PD_7': 0.0, 'PD_3,PD_4': 1.0, 'PD_3,PD_6': 0.0, 'PD_3,PD_7': 0.0, 'PD_4,PD_6': 0.0, 'PD_4,PD_7': 0.0, 'PD_6,PD_7': 0.0}, ASR: 1.0, TCB: {'PD_1': ['PD_3', 'PD_2', 'PD_4'], 'PD_2': ['PD_4', 'PD_1', 'PD_3'], 'PD_3': ['PD_1', 'PD_2', 'PD_4'], 'PD_4': ['PD_1', 'PD_2', 'PD_3'], 'PD_6': [], 'PD_7': []}, FR: {'PD_1,PD_2': inf, 'PD_1,PD_3': inf, 'PD_1,PD_4': inf, 'PD_1,PD_6': inf, 'PD_1,PD_7': inf, 'PD_2,PD_3': inf, 'PD_2,PD_4': inf, 'PD_2,PD_6': inf, 'PD_2,PD_7': inf, 'PD_3,PD_4': inf, 'PD_3,PD_6': inf, 'PD_3,PD_7': inf, 'PD_4,PD_6': inf, 'PD_4,PD_7': inf, 'PD_6,PD_7': inf}
  Computing metrics...
    RSI: {'PD_1,PD_2': 1.0, 'PD_1,PD_3': 1.0, 'PD_1,PD_4': 1.0, 'PD_1,PD_6': 0.0, 'PD_1,PD_7': 0.0, 'PD_2,PD_3': 1.0, 'PD_2,PD_4': 1.0, 'PD_2,PD_6': 0.0, 'PD_2,PD_7': 0.0, 'PD_3,PD_4': 1.0, 'PD_3,PD_6': 0.0, 'PD_3,PD_7': 0.0, 'PD_4,PD_6': 0.0, 'PD_4,PD_7': 0.0, 'PD_6,PD_7': 0.0}, ASR: 1.0, TCB: {'PD_1': ['PD_3', 'PD_2', 'PD_4'], 'PD_2': ['PD_4', 'PD_1', 'PD_3'], 'PD_3': ['PD_1', 'PD_2', 'PD_4'], 'PD_4': ['PD_1', 'PD_2', 'PD_3'], 'PD_6': [], 'PD_7': []}, FR: {'PD_1,PD_2': inf, 'PD_1,PD_3': inf, 'PD_1,PD_4': inf, 'PD_1,PD_6': inf, 'PD_1,PD_7': inf, 'PD_2,PD_3': inf, 'PD_2,PD_4': inf, 'PD_2,PD_6': inf, 'PD_2,PD_7': inf, 'PD_3,PD_4': inf, 'PD_3,PD_6': inf, 'PD_3,PD_7': inf, 'PD_4,PD_6': inf, 'PD_4,PD_7': inf, 'PD_6,PD_7': inf}
  Computing metrics...
    RSI: {'PD_1,PD_2': 1.0, 'PD_1,PD_3': 1.0, 'PD_1,PD_4': 1.0, 'PD_1,PD_6': 0.0, 'PD_1,PD_7': 0.0, 'PD_2,PD_3': 1.0, 'PD_2,PD_4': 1.0, 'PD_2,PD_6': 0.0, 'PD_2,PD_7': 0.0, 'PD_3,PD_4': 1.0, 'PD_3,PD_6': 0.0, 'PD_3,PD_7': 0.0, 'PD_4,PD_6': 0.0, 'PD_4,PD_7': 0.0, 'PD_6,PD_7': 0.0}, ASR: 1.0, TCB: {'PD_1': ['PD_3', 'PD_2', 'PD_4'], 'PD_2': ['PD_4', 'PD_1', 'PD_3'], 'PD_3': ['PD_1', 'PD_2', 'PD_4'], 'PD_4': ['PD_1', 'PD_2', 'PD_3'], 'PD_6': [], 'PD_7': []}, FR: {'PD_1,PD_2': inf, 'PD_1,PD_3': inf, 'PD_1,PD_4': inf, 'PD_1,PD_6': inf, 'PD_1,PD_7': inf, 'PD_2,PD_3': inf, 'PD_2,PD_4': inf, 'PD_2,PD_6': inf, 'PD_2,PD_7': inf, 'PD_3,PD_4': inf, 'PD_3,PD_6': inf, 'PD_3,PD_7': inf, 'PD_4,PD_6': inf, 'PD_4,PD_7': inf, 'PD_6,PD_7': inf}
  Computing metrics...
    RSI: {'PD_1,PD_2': 1.0, 'PD_1,PD_3': 1.0, 'PD_1,PD_4': 1.0, 'PD_1,PD_6': 0.0, 'PD_1,PD_7': 0.0, 'PD_2,PD_3': 1.0, 'PD_2,PD_4': 1.0, 'PD_2,PD_6': 0.0, 'PD_2,PD_7': 0.0, 'PD_3,PD_4': 1.0, 'PD_3,PD_6': 0.0, 'PD_3,PD_7': 0.0, 'PD_4,PD_6': 0.0, 'PD_4,PD_7': 0.0, 'PD_6,PD_7': 0.0}, ASR: 1.0, TCB: {'PD_1': ['PD_3', 'PD_2', 'PD_4'], 'PD_2': ['PD_4', 'PD_1', 'PD_3'], 'PD_3': ['PD_1', 'PD_2', 'PD_4'], 'PD_4': ['PD_1', 'PD_2', 'PD_3'], 'PD_6': [], 'PD_7': []}, FR: {'PD_1,PD_2': inf, 'PD_1,PD_3': inf, 'PD_1,PD_4': inf, 'PD_1,PD_6': inf, 'PD_1,PD_7': inf, 'PD_2,PD_3': inf, 'PD_2,PD_4': inf, 'PD_2,PD_6': inf, 'PD_2,PD_7': inf, 'PD_3,PD_4': inf, 'PD_3,PD_6': inf, 'PD_3,PD_7': inf, 'PD_4,PD_6': inf, 'PD_4,PD_7': inf, 'PD_6,PD_7': inf}
  Computing metrics...
    RSI: {'PD_1,PD_2': 1.0, 'PD_1,PD_3': 1.0, 'PD_1,PD_4': 1.0, 'PD_1,PD_6': 0.0, 'PD_1,PD_7': 0.0, 'PD_2,PD_3': 1.0, 'PD_2,PD_4': 1.0, 'PD_2,PD_6': 0.0, 'PD_2,PD_7': 0.0, 'PD_3,PD_4': 1.0, 'PD_3,PD_6': 0.0, 'PD_3,PD_7': 0.0, 'PD_4,PD_6': 0.0, 'PD_4,PD_7': 0.0, 'PD_6,PD_7': 0.0}, ASR: 1.0, TCB: {'PD_1': ['PD_3', 'PD_2', 'PD_4'], 'PD_2': ['PD_4', 'PD_1', 'PD_3'], 'PD_3': ['PD_1', 'PD_2', 'PD_4'], 'PD_4': ['PD_1', 'PD_2', 'PD_3'], 'PD_6': [], 'PD_7': []}, FR: {'PD_1,PD_2': inf, 'PD_1,PD_3': inf, 'PD_1,PD_4': inf, 'PD_1,PD_6': inf, 'PD_1,PD_7': inf, 'PD_2,PD_3': inf, 'PD_2,PD_4': inf, 'PD_2,PD_6': inf, 'PD_2,PD_7': inf, 'PD_3,PD_4': inf, 'PD_3,PD_6': inf, 'PD_3,PD_7': inf, 'PD_4,PD_6': inf, 'PD_4,PD_7': inf, 'PD_6,PD_7': inf}
  Computing metrics...
    RSI: {'PD_1,PD_2': 1.0, 'PD_1,PD_3': 1.0, 'PD_1,PD_4': 1.0, 'PD_1,PD_6': 0.0, 'PD_1,PD_7': 0.0, 'PD_2,PD_3': 1.0, 'PD_2,PD_4': 1.0, 'PD_2,PD_6': 0.0, 'PD_2,PD_7': 0.0, 'PD_3,PD_4': 1.0, 'PD_3,PD_6': 0.0, 'PD_3,PD_7': 0.0, 'PD_4,PD_6': 0.0, 'PD_4,PD_7': 0.0, 'PD_6,PD_7': 0.0}, ASR: 1.0, TCB: {'PD_1': ['PD_3', 'PD_2', 'PD_4'], 'PD_2': ['PD_4', 'PD_1', 'PD_3'], 'PD_3': ['PD_1', 'PD_2', 'PD_4'], 'PD_4': ['PD_1', 'PD_2', 'PD_3'], 'PD_6': [], 'PD_7': []}, FR: {'PD_1,PD_2': inf, 'PD_1,PD_3': inf, 'PD_1,PD_4': inf, 'PD_1,PD_6': inf, 'PD_1,PD_7': inf, 'PD_2,PD_3': inf, 'PD_2,PD_4': inf, 'PD_2,PD_6': inf, 'PD_2,PD_7': inf, 'PD_3,PD_4': inf, 'PD_3,PD_6': inf, 'PD_3,PD_7': inf, 'PD_4,PD_6': inf, 'PD_4,PD_7': inf, 'PD_6,PD_7': inf}
  Computing metrics...
    RSI: {'PD_1,PD_2': 1.0, 'PD_1,PD_3': 1.0, 'PD_1,PD_4': 1.0, 'PD_1,PD_6': 0.0, 'PD_1,PD_7': 0.0, 'PD_2,PD_3': 1.0, 'PD_2,PD_4': 1.0, 'PD_2,PD_6': 0.0, 'PD_2,PD_7': 0.0, 'PD_3,PD_4': 1.0, 'PD_3,PD_6': 0.0, 'PD_3,PD_7': 0.0, 'PD_4,PD_6': 0.0, 'PD_4,PD_7': 0.0, 'PD_6,PD_7': 0.0}, ASR: 1.0, TCB: {'PD_1': ['PD_3', 'PD_2', 'PD_4'], 'PD_2': ['PD_4', 'PD_1', 'PD_3'], 'PD_3': ['PD_1', 'PD_2', 'PD_4'], 'PD_4': ['PD_1', 'PD_2', 'PD_3'], 'PD_6': [], 'PD_7': []}, FR: {'PD_1,PD_2': inf, 'PD_1,PD_3': inf, 'PD_1,PD_4': inf, 'PD_1,PD_6': inf, 'PD_1,PD_7': inf, 'PD_2,PD_3': inf, 'PD_2,PD_4': inf, 'PD_2,PD_6': inf, 'PD_2,PD_7': inf, 'PD_3,PD_4': inf, 'PD_3,PD_6': inf, 'PD_3,PD_7': inf, 'PD_4,PD_6': inf, 'PD_4,PD_7': inf, 'PD_6,PD_7': inf}
  Computing metrics...
    RSI: {'PD_1,PD_2': 1.0, 'PD_1,PD_3': 1.0, 'PD_1,PD_4': 1.0, 'PD_1,PD_6': 0.0, 'PD_1,PD_7': 0.0, 'PD_2,PD_3': 1.0, 'PD_2,PD_4': 1.0, 'PD_2,PD_6': 0.0, 'PD_2,PD_7': 0.0, 'PD_3,PD_4': 1.0, 'PD_3,PD_6': 0.0, 'PD_3,PD_7': 0.0, 'PD_4,PD_6': 0.0, 'PD_4,PD_7': 0.0, 'PD_6,PD_7': 0.0}, ASR: 1.0, TCB: {'PD_1': ['PD_3', 'PD_2', 'PD_4'], 'PD_2': ['PD_4', 'PD_1', 'PD_3'], 'PD_3': ['PD_1', 'PD_2', 'PD_4'], 'PD_4': ['PD_1', 'PD_2', 'PD_3'], 'PD_6': [], 'PD_7': []}, FR: {'PD_1,PD_2': inf, 'PD_1,PD_3': inf, 'PD_1,PD_4': inf, 'PD_1,PD_6': inf, 'PD_1,PD_7': inf, 'PD_2,PD_3': inf, 'PD_2,PD_4': inf, 'PD_2,PD_6': inf, 'PD_2,PD_7': inf, 'PD_3,PD_4': inf, 'PD_3,PD_6': inf, 'PD_3,PD_7': inf, 'PD_4,PD_6': inf, 'PD_4,PD_7': inf, 'PD_6,PD_7': inf}
  Computing metrics...
    RSI: {'PD_1,PD_2': 1.0, 'PD_1,PD_3': 1.0, 'PD_1,PD_4': 1.0, 'PD_1,PD_6': 0.0, 'PD_1,PD_7': 0.0, 'PD_2,PD_3': 1.0, 'PD_2,PD_4': 1.0, 'PD_2,PD_6': 0.0, 'PD_2,PD_7': 0.0, 'PD_3,PD_4': 1.0, 'PD_3,PD_6': 0.0, 'PD_3,PD_7': 0.0, 'PD_4,PD_6': 0.0, 'PD_4,PD_7': 0.0, 'PD_6,PD_7': 0.0}, ASR: 1.0, TCB: {'PD_1': ['PD_3', 'PD_2', 'PD_4'], 'PD_2': ['PD_4', 'PD_1', 'PD_3'], 'PD_3': ['PD_1', 'PD_2', 'PD_4'], 'PD_4': ['PD_1', 'PD_2', 'PD_3'], 'PD_6': [], 'PD_7': []}, FR: {'PD_1,PD_2': inf, 'PD_1,PD_3': inf, 'PD_1,PD_4': inf, 'PD_1,PD_6': inf, 'PD_1,PD_7': inf, 'PD_2,PD_3': inf, 'PD_2,PD_4': inf, 'PD_2,PD_6': inf, 'PD_2,PD_7': inf, 'PD_3,PD_4': inf, 'PD_3,PD_6': inf, 'PD_3,PD_7': inf, 'PD_4,PD_6': inf, 'PD_4,PD_7': inf, 'PD_6,PD_7': inf}
  Computing metrics...
    RSI: {'PD_1,PD_2': 1.0, 'PD_1,PD_3': 1.0, 'PD_1,PD_4': 1.0, 'PD_1,PD_6': 0.0, 'PD_1,PD_7': 0.0, 'PD_2,PD_3': 1.0, 'PD_2,PD_4': 1.0, 'PD_2,PD_6': 0.0, 'PD_2,PD_7': 0.0, 'PD_3,PD_4': 1.0, 'PD_3,PD_6': 0.0, 'PD_3,PD_7': 0.0, 'PD_4,PD_6': 0.0, 'PD_4,PD_7': 0.0, 'PD_6,PD_7': 0.0}, ASR: 1.0, TCB: {'PD_1': ['PD_3', 'PD_2', 'PD_4'], 'PD_2': ['PD_4', 'PD_1', 'PD_3'], 'PD_3': ['PD_1', 'PD_2', 'PD_4'], 'PD_4': ['PD_1', 'PD_2', 'PD_3'], 'PD_6': [], 'PD_7': []}, FR: {'PD_1,PD_2': inf, 'PD_1,PD_3': inf, 'PD_1,PD_4': inf, 'PD_1,PD_6': inf, 'PD_1,PD_7': inf, 'PD_2,PD_3': inf, 'PD_2,PD_4': inf, 'PD_2,PD_6': inf, 'PD_2,PD_7': inf, 'PD_3,PD_4': inf, 'PD_3,PD_6': inf, 'PD_3,PD_7': inf, 'PD_4,PD_6': inf, 'PD_4,PD_7': inf, 'PD_6,PD_7': inf}
  Computing metrics...
    RSI: {'PD_1,PD_2': 1.0, 'PD_1,PD_3': 1.0, 'PD_1,PD_4': 1.0, 'PD_1,PD_6': 0.0, 'PD_1,PD_7': 0.0, 'PD_2,PD_3': 1.0, 'PD_2,PD_4': 1.0, 'PD_2,PD_6': 0.0, 'PD_2,PD_7': 0.0, 'PD_3,PD_4': 1.0, 'PD_3,PD_6': 0.0, 'PD_3,PD_7': 0.0, 'PD_4,PD_6': 0.0, 'PD_4,PD_7': 0.0, 'PD_6,PD_7': 0.0}, ASR: 1.0, TCB: {'PD_1': ['PD_3', 'PD_2', 'PD_4'], 'PD_2': ['PD_4', 'PD_1', 'PD_3'], 'PD_3': ['PD_1', 'PD_2', 'PD_4'], 'PD_4': ['PD_1', 'PD_2', 'PD_3'], 'PD_6': [], 'PD_7': []}, FR: {'PD_1,PD_2': inf, 'PD_1,PD_3': inf, 'PD_1,PD_4': inf, 'PD_1,PD_6': inf, 'PD_1,PD_7': inf, 'PD_2,PD_3': inf, 'PD_2,PD_4': inf, 'PD_2,PD_6': inf, 'PD_2,PD_7': inf, 'PD_3,PD_4': inf, 'PD_3,PD_6': inf, 'PD_3,PD_7': inf, 'PD_4,PD_6': inf, 'PD_4,PD_7': inf, 'PD_6,PD_7': inf}
  Computing metrics...
    RSI: {'PD_1,PD_2': 1.0, 'PD_1,PD_3': 1.0, 'PD_1,PD_4': 1.0, 'PD_1,PD_6': 0.0, 'PD_1,PD_7': 0.0, 'PD_2,PD_3': 1.0, 'PD_2,PD_4': 1.0, 'PD_2,PD_6': 0.0, 'PD_2,PD_7': 0.0, 'PD_3,PD_4': 1.0, 'PD_3,PD_6': 0.0, 'PD_3,PD_7': 0.0, 'PD_4,PD_6': 0.0, 'PD_4,PD_7': 0.0, 'PD_6,PD_7': 0.0}, ASR: 1.0, TCB: {'PD_1': ['PD_3', 'PD_2', 'PD_4'], 'PD_2': ['PD_4', 'PD_1', 'PD_3'], 'PD_3': ['PD_1', 'PD_2', 'PD_4'], 'PD_4': ['PD_1', 'PD_2', 'PD_3'], 'PD_6': [], 'PD_7': []}, FR: {'PD_1,PD_2': inf, 'PD_1,PD_3': inf, 'PD_1,PD_4': inf, 'PD_1,PD_6': inf, 'PD_1,PD_7': inf, 'PD_2,PD_3': inf, 'PD_2,PD_4': inf, 'PD_2,PD_6': inf, 'PD_2,PD_7': inf, 'PD_3,PD_4': inf, 'PD_3,PD_6': inf, 'PD_3,PD_7': inf, 'PD_4,PD_6': inf, 'PD_4,PD_7': inf, 'PD_6,PD_7': inf}
  Computing metrics...
    RSI: {'PD_1,PD_2': 1.0, 'PD_1,PD_3': 1.0, 'PD_1,PD_4': 1.0, 'PD_1,PD_6': 1.0, 'PD_1,PD_7': 0.0, 'PD_2,PD_3': 1.0, 'PD_2,PD_4': 1.0, 'PD_2,PD_6': 1.0, 'PD_2,PD_7': 0.0, 'PD_3,PD_4': 1.0, 'PD_3,PD_6': 1.0, 'PD_3,PD_7': 0.0, 'PD_4,PD_6': 1.0, 'PD_4,PD_7': 0.0, 'PD_6,PD_7': 0.0}, ASR: 1.1666666666666667, TCB: {'PD_1': ['PD_3', 'PD_2', 'PD_4', 'PD_6'], 'PD_2': ['PD_4', 'PD_1', 'PD_3', 'PD_6'], 'PD_3': ['PD_1', 'PD_2', 'PD_4', 'PD_6'], 'PD_4': ['PD_1', 'PD_2', 'PD_3', 'PD_6'], 'PD_6': ['PD_1', 'PD_2', 'PD_3', 'PD_4'], 'PD_7': []}, FR: {'PD_1,PD_2': inf, 'PD_1,PD_3': inf, 'PD_1,PD_4': inf, 'PD_1,PD_6': inf, 'PD_1,PD_7': inf, 'PD_2,PD_3': inf, 'PD_2,PD_4': inf, 'PD_2,PD_6': inf, 'PD_2,PD_7': inf, 'PD_3,PD_4': inf, 'PD_3,PD_6': inf, 'PD_3,PD_7': inf, 'PD_4,PD_6': inf, 'PD_4,PD_7': inf, 'PD_6,PD_7': inf}
  Computing metrics...
    RSI: {'PD_1,PD_2': 1.0, 'PD_1,PD_3': 1.0, 'PD_1,PD_4': 1.0, 'PD_1,PD_6': 0.0, 'PD_1,PD_7': 0.0, 'PD_2,PD_3': 1.0, 'PD_2,PD_4': 1.0, 'PD_2,PD_6': 0.0, 'PD_2,PD_7': 0.0, 'PD_3,PD_4': 1.0, 'PD_3,PD_6': 0.0, 'PD_3,PD_7': 0.0, 'PD_4,PD_6': 0.0, 'PD_4,PD_7': 0.0, 'PD_6,PD_7': 0.0}, ASR: 1.0, TCB: {'PD_1': ['PD_3', 'PD_2', 'PD_4'], 'PD_2': ['PD_4', 'PD_1', 'PD_3'], 'PD_3': ['PD_1', 'PD_2', 'PD_4'], 'PD_4': ['PD_1', 'PD_2', 'PD_3'], 'PD_6': [], 'PD_7': []}, FR: {'PD_1,PD_2': inf, 'PD_1,PD_3': inf, 'PD_1,PD_4': inf, 'PD_1,PD_6': inf, 'PD_1,PD_7': inf, 'PD_2,PD_3': inf, 'PD_2,PD_4': inf, 'PD_2,PD_6': inf, 'PD_2,PD_7': inf, 'PD_3,PD_4': inf, 'PD_3,PD_6': inf, 'PD_3,PD_7': inf, 'PD_4,PD_6': inf, 'PD_4,PD_7': inf, 'PD_6,PD_7': inf}
  Computing metrics...
    RSI: {'PD_1,PD_2': 1.0, 'PD_1,PD_3': 1.0, 'PD_1,PD_4': 1.0, 'PD_1,PD_6': 0.0, 'PD_1,PD_7': 1.0, 'PD_2,PD_3': 1.0, 'PD_2,PD_4': 1.0, 'PD_2,PD_6': 0.0, 'PD_2,PD_7': 1.0, 'PD_3,PD_4': 1.0, 'PD_3,PD_6': 0.0, 'PD_3,PD_7': 1.0, 'PD_4,PD_6': 0.0, 'PD_4,PD_7': 1.0, 'PD_6,PD_7': 0.0}, ASR: 1.1666666666666667, TCB: {'PD_1': ['PD_3', 'PD_2', 'PD_4', 'PD_7'], 'PD_2': ['PD_4', 'PD_1', 'PD_3', 'PD_7'], 'PD_3': ['PD_1', 'PD_2', 'PD_4', 'PD_7'], 'PD_4': ['PD_1', 'PD_2', 'PD_3', 'PD_7'], 'PD_6': [], 'PD_7': ['PD_1', 'PD_2', 'PD_3', 'PD_4']}, FR: {'PD_1,PD_2': inf, 'PD_1,PD_3': inf, 'PD_1,PD_4': inf, 'PD_1,PD_6': inf, 'PD_1,PD_7': inf, 'PD_2,PD_3': inf, 'PD_2,PD_4': inf, 'PD_2,PD_6': inf, 'PD_2,PD_7': inf, 'PD_3,PD_4': inf, 'PD_3,PD_6': inf, 'PD_3,PD_7': inf, 'PD_4,PD_6': inf, 'PD_4,PD_7': inf, 'PD_6,PD_7': inf}
  Computing metrics...
    RSI: {'PD_1,PD_2': 1.0, 'PD_1,PD_3': 1.0, 'PD_1,PD_4': 1.0, 'PD_1,PD_6': 0.0, 'PD_1,PD_7': 0.0, 'PD_2,PD_3': 1.0, 'PD_2,PD_4': 1.0, 'PD_2,PD_6': 0.0, 'PD_2,PD_7': 0.0, 'PD_3,PD_4': 1.0, 'PD_3,PD_6': 0.0, 'PD_3,PD_7': 0.0, 'PD_4,PD_6': 0.0, 'PD_4,PD_7': 0.0, 'PD_6,PD_7': 0.0}, ASR: 1.0, TCB: {'PD_1': ['PD_3', 'PD_2', 'PD_4'], 'PD_2': ['PD_4', 'PD_1', 'PD_3'], 'PD_3': ['PD_1', 'PD_2', 'PD_4'], 'PD_4': ['PD_1', 'PD_2', 'PD_3'], 'PD_6': [], 'PD_7': []}, FR: {'PD_1,PD_2': inf, 'PD_1,PD_3': inf, 'PD_1,PD_4': inf, 'PD_1,PD_6': inf, 'PD_1,PD_7': inf, 'PD_2,PD_3': inf, 'PD_2,PD_4': inf, 'PD_2,PD_6': inf, 'PD_2,PD_7': inf, 'PD_3,PD_4': inf, 'PD_3,PD_6': inf, 'PD_3,PD_7': inf, 'PD_4,PD_6': inf, 'PD_4,PD_7': inf, 'PD_6,PD_7': inf}
  Computing metrics...
    RSI: {'PD_1,PD_2': 0.0, 'PD_1,PD_3': 0.0, 'PD_1,PD_4': 0.0, 'PD_1,PD_6': 0.0, 'PD_1,PD_7': 0.0, 'PD_2,PD_3': 1.0, 'PD_2,PD_4': 1.0, 'PD_2,PD_6': 0.0, 'PD_2,PD_7': 0.0, 'PD_3,PD_4': 1.0, 'PD_3,PD_6': 0.0, 'PD_3,PD_7': 0.0, 'PD_4,PD_6': 0.0, 'PD_4,PD_7': 0.0, 'PD_6,PD_7': 0.0}, ASR: 0.8333333333333334, TCB: {'PD_1': ['PD_3'], 'PD_2': ['PD_4', 'PD_3'], 'PD_3': ['PD_2', 'PD_4'], 'PD_4': ['PD_2', 'PD_3'], 'PD_6': [], 'PD_7': []}, FR: {'PD_1,PD_2': inf, 'PD_1,PD_3': inf, 'PD_1,PD_4': inf, 'PD_1,PD_6': inf, 'PD_1,PD_7': inf, 'PD_2,PD_3': inf, 'PD_2,PD_4': inf, 'PD_2,PD_6': inf, 'PD_2,PD_7': inf, 'PD_3,PD_4': inf, 'PD_3,PD_6': inf, 'PD_3,PD_7': inf, 'PD_4,PD_6': inf, 'PD_4,PD_7': inf, 'PD_6,PD_7': inf}
    🎯 remove_hold_edge goal: -10.00, constraint: 0.00, unsatisfiable: 0.00, diversity: 0.00 → total: -4.90
    remove_hold_edge candidate: remove PD_1 -> FILE_1_1 HOLD edge -> score: -4.900
  Computing metrics...
    RSI: {'PD_1,PD_2': 1.0, 'PD_1,PD_3': 1.0, 'PD_1,PD_4': 1.0, 'PD_1,PD_6': 0.0, 'PD_1,PD_7': 0.0, 'PD_2,PD_3': 1.0, 'PD_2,PD_4': 1.0, 'PD_2,PD_6': 0.0, 'PD_2,PD_7': 0.0, 'PD_3,PD_4': 1.0, 'PD_3,PD_6': 0.0, 'PD_3,PD_7': 0.0, 'PD_4,PD_6': 0.0, 'PD_4,PD_7': 0.0, 'PD_6,PD_7': 0.0}, ASR: 1.0, TCB: {'PD_1': ['PD_3', 'PD_2', 'PD_4'], 'PD_2': ['PD_4', 'PD_1', 'PD_3'], 'PD_3': ['PD_1', 'PD_2', 'PD_4'], 'PD_4': ['PD_1', 'PD_2', 'PD_3'], 'PD_6': [], 'PD_7': []}, FR: {'PD_1,PD_2': inf, 'PD_1,PD_3': inf, 'PD_1,PD_4': inf, 'PD_1,PD_6': inf, 'PD_1,PD_7': inf, 'PD_2,PD_3': inf, 'PD_2,PD_4': inf, 'PD_2,PD_6': inf, 'PD_2,PD_7': inf, 'PD_3,PD_4': inf, 'PD_3,PD_6': inf, 'PD_3,PD_7': inf, 'PD_4,PD_6': inf, 'PD_4,PD_7': inf, 'PD_6,PD_7': inf}
  Computing metrics...
    RSI: {'PD_1,PD_2': 0.0, 'PD_1,PD_3': 1.0, 'PD_1,PD_4': 1.0, 'PD_1,PD_6': 0.0, 'PD_1,PD_7': 0.0, 'PD_2,PD_3': 0.0, 'PD_2,PD_4': 0.0, 'PD_2,PD_6': 0.0, 'PD_2,PD_7': 0.0, 'PD_3,PD_4': 1.0, 'PD_3,PD_6': 0.0, 'PD_3,PD_7': 0.0, 'PD_4,PD_6': 0.0, 'PD_4,PD_7': 0.0, 'PD_6,PD_7': 0.0}, ASR: 0.8333333333333334, TCB: {'PD_1': ['PD_3', 'PD_4'], 'PD_2': ['PD_4'], 'PD_3': ['PD_1', 'PD_4'], 'PD_4': ['PD_1', 'PD_3'], 'PD_6': [], 'PD_7': []}, FR: {'PD_1,PD_2': inf, 'PD_1,PD_3': inf, 'PD_1,PD_4': inf, 'PD_1,PD_6': inf, 'PD_1,PD_7': inf, 'PD_2,PD_3': inf, 'PD_2,PD_4': inf, 'PD_2,PD_6': inf, 'PD_2,PD_7': inf, 'PD_3,PD_4': inf, 'PD_3,PD_6': inf, 'PD_3,PD_7': inf, 'PD_4,PD_6': inf, 'PD_4,PD_7': inf, 'PD_6,PD_7': inf}
    🎯 remove_hold_edge goal: -10.00, constraint: 0.00, unsatisfiable: 0.00, diversity: 0.00 → total: -4.90
    remove_hold_edge candidate: remove PD_2 -> FILE_1_1 HOLD edge -> score: -4.900
  Computing metrics...
    RSI: {'PD_1,PD_2': 1.0, 'PD_1,PD_3': 1.0, 'PD_1,PD_4': 1.0, 'PD_1,PD_6': 0.0, 'PD_1,PD_7': 0.0, 'PD_2,PD_3': 1.0, 'PD_2,PD_4': 1.0, 'PD_2,PD_6': 0.0, 'PD_2,PD_7': 0.0, 'PD_3,PD_4': 1.0, 'PD_3,PD_6': 0.0, 'PD_3,PD_7': 0.0, 'PD_4,PD_6': 0.0, 'PD_4,PD_7': 0.0, 'PD_6,PD_7': 0.0}, ASR: 1.0, TCB: {'PD_1': ['PD_3', 'PD_2', 'PD_4'], 'PD_2': ['PD_4', 'PD_1', 'PD_3'], 'PD_3': ['PD_1', 'PD_2', 'PD_4'], 'PD_4': ['PD_1', 'PD_2', 'PD_3'], 'PD_6': [], 'PD_7': []}, FR: {'PD_1,PD_2': inf, 'PD_1,PD_3': inf, 'PD_1,PD_4': inf, 'PD_1,PD_6': inf, 'PD_1,PD_7': inf, 'PD_2,PD_3': inf, 'PD_2,PD_4': inf, 'PD_2,PD_6': inf, 'PD_2,PD_7': inf, 'PD_3,PD_4': inf, 'PD_3,PD_6': inf, 'PD_3,PD_7': inf, 'PD_4,PD_6': inf, 'PD_4,PD_7': inf, 'PD_6,PD_7': inf}
  Computing metrics...
    RSI: {'PD_1,PD_2': 1.0, 'PD_1,PD_3': 0.0, 'PD_1,PD_4': 1.0, 'PD_1,PD_6': 0.0, 'PD_1,PD_7': 0.0, 'PD_2,PD_3': 0.0, 'PD_2,PD_4': 1.0, 'PD_2,PD_6': 0.0, 'PD_2,PD_7': 0.0, 'PD_3,PD_4': 0.0, 'PD_3,PD_6': 0.0, 'PD_3,PD_7': 0.0, 'PD_4,PD_6': 0.0, 'PD_4,PD_7': 0.0, 'PD_6,PD_7': 0.0}, ASR: 0.8333333333333334, TCB: {'PD_1': ['PD_3', 'PD_2', 'PD_4'], 'PD_2': ['PD_4', 'PD_1'], 'PD_3': [], 'PD_4': ['PD_1', 'PD_2'], 'PD_6': [], 'PD_7': []}, FR: {'PD_1,PD_2': inf, 'PD_1,PD_3': inf, 'PD_1,PD_4': inf, 'PD_1,PD_6': inf, 'PD_1,PD_7': inf, 'PD_2,PD_3': inf, 'PD_2,PD_4': inf, 'PD_2,PD_6': inf, 'PD_2,PD_7': inf, 'PD_3,PD_4': inf, 'PD_3,PD_6': inf, 'PD_3,PD_7': inf, 'PD_4,PD_6': inf, 'PD_4,PD_7': inf, 'PD_6,PD_7': inf}
    remove_hold_edge candidate: remove PD_3 -> FILE_1_1 HOLD edge -> score: 0.100
  Computing metrics...
    RSI: {'PD_1,PD_2': 1.0, 'PD_1,PD_3': 1.0, 'PD_1,PD_4': 1.0, 'PD_1,PD_6': 0.0, 'PD_1,PD_7': 0.0, 'PD_2,PD_3': 1.0, 'PD_2,PD_4': 1.0, 'PD_2,PD_6': 0.0, 'PD_2,PD_7': 0.0, 'PD_3,PD_4': 1.0, 'PD_3,PD_6': 0.0, 'PD_3,PD_7': 0.0, 'PD_4,PD_6': 0.0, 'PD_4,PD_7': 0.0, 'PD_6,PD_7': 0.0}, ASR: 1.0, TCB: {'PD_1': ['PD_3', 'PD_2', 'PD_4'], 'PD_2': ['PD_4', 'PD_1', 'PD_3'], 'PD_3': ['PD_1', 'PD_2', 'PD_4'], 'PD_4': ['PD_1', 'PD_2', 'PD_3'], 'PD_6': [], 'PD_7': []}, FR: {'PD_1,PD_2': inf, 'PD_1,PD_3': inf, 'PD_1,PD_4': inf, 'PD_1,PD_6': inf, 'PD_1,PD_7': inf, 'PD_2,PD_3': inf, 'PD_2,PD_4': inf, 'PD_2,PD_6': inf, 'PD_2,PD_7': inf, 'PD_3,PD_4': inf, 'PD_3,PD_6': inf, 'PD_3,PD_7': inf, 'PD_4,PD_6': inf, 'PD_4,PD_7': inf, 'PD_6,PD_7': inf}
  Computing metrics...
    RSI: {'PD_1,PD_2': 1.0, 'PD_1,PD_3': 1.0, 'PD_1,PD_4': 0.0, 'PD_1,PD_6': 0.0, 'PD_1,PD_7': 0.0, 'PD_2,PD_3': 1.0, 'PD_2,PD_4': 0.0, 'PD_2,PD_6': 0.0, 'PD_2,PD_7': 0.0, 'PD_3,PD_4': 0.0, 'PD_3,PD_6': 0.0, 'PD_3,PD_7': 0.0, 'PD_4,PD_6': 0.0, 'PD_4,PD_7': 0.0, 'PD_6,PD_7': 0.0}, ASR: 0.8333333333333334, TCB: {'PD_1': ['PD_3', 'PD_2'], 'PD_2': ['PD_4', 'PD_1', 'PD_3'], 'PD_3': ['PD_1', 'PD_2'], 'PD_4': [], 'PD_6': [], 'PD_7': []}, FR: {'PD_1,PD_2': inf, 'PD_1,PD_3': inf, 'PD_1,PD_4': inf, 'PD_1,PD_6': inf, 'PD_1,PD_7': inf, 'PD_2,PD_3': inf, 'PD_2,PD_4': inf, 'PD_2,PD_6': inf, 'PD_2,PD_7': inf, 'PD_3,PD_4': inf, 'PD_3,PD_6': inf, 'PD_3,PD_7': inf, 'PD_4,PD_6': inf, 'PD_4,PD_7': inf, 'PD_6,PD_7': inf}
    remove_hold_edge candidate: remove PD_4 -> FILE_1_1 HOLD edge -> score: 0.100
  Computing metrics...
    RSI: {'PD_1,PD_2': 1.0, 'PD_1,PD_3': 1.0, 'PD_1,PD_4': 1.0, 'PD_1,PD_6': 0.0, 'PD_1,PD_7': 0.0, 'PD_2,PD_3': 1.0, 'PD_2,PD_4': 1.0, 'PD_2,PD_6': 0.0, 'PD_2,PD_7': 0.0, 'PD_3,PD_4': 1.0, 'PD_3,PD_6': 0.0, 'PD_3,PD_7': 0.0, 'PD_4,PD_6': 0.0, 'PD_4,PD_7': 0.0, 'PD_6,PD_7': 0.0}, ASR: 1.0, TCB: {'PD_1': ['PD_3', 'PD_2', 'PD_4'], 'PD_2': ['PD_4', 'PD_1', 'PD_3'], 'PD_3': ['PD_1', 'PD_2', 'PD_4'], 'PD_4': ['PD_1', 'PD_2', 'PD_3'], 'PD_6': [], 'PD_7': []}, FR: {'PD_1,PD_2': inf, 'PD_1,PD_3': inf, 'PD_1,PD_4': inf, 'PD_1,PD_6': inf, 'PD_1,PD_7': inf, 'PD_2,PD_3': inf, 'PD_2,PD_4': inf, 'PD_2,PD_6': inf, 'PD_2,PD_7': inf, 'PD_3,PD_4': inf, 'PD_3,PD_6': inf, 'PD_3,PD_7': inf, 'PD_4,PD_6': inf, 'PD_4,PD_7': inf, 'PD_6,PD_7': inf}
  Computing metrics...
    RSI: {'PD_1,PD_2': 1.0, 'PD_1,PD_3': 1.0, 'PD_1,PD_4': 1.0, 'PD_1,PD_6': 0.0, 'PD_1,PD_7': 0.0, 'PD_2,PD_3': 1.0, 'PD_2,PD_4': 1.0, 'PD_2,PD_6': 0.0, 'PD_2,PD_7': 0.0, 'PD_3,PD_4': 1.0, 'PD_3,PD_6': 0.0, 'PD_3,PD_7': 0.0, 'PD_4,PD_6': 0.0, 'PD_4,PD_7': 0.0, 'PD_6,PD_7': 0.0}, ASR: 1.1666666666666667, TCB: {'PD_1': ['PD_3', 'PD_2', 'PD_4'], 'PD_2': ['PD_4', 'PD_1', 'PD_3'], 'PD_3': ['PD_1', 'PD_2', 'PD_4'], 'PD_4': ['PD_1', 'PD_2', 'PD_3'], 'PD_6': [], 'PD_7': []}, FR: {'PD_1,PD_2': 3, 'PD_1,PD_3': inf, 'PD_1,PD_4': inf, 'PD_1,PD_6': inf, 'PD_1,PD_7': inf, 'PD_2,PD_3': inf, 'PD_2,PD_4': inf, 'PD_2,PD_6': inf, 'PD_2,PD_7': inf, 'PD_3,PD_4': inf, 'PD_3,PD_6': inf, 'PD_3,PD_7': inf, 'PD_4,PD_6': inf, 'PD_4,PD_7': inf, 'PD_6,PD_7': inf}
  Computing metrics...
    RSI: {'PD_1,PD_2': 1.0, 'PD_1,PD_3': 1.0, 'PD_1,PD_4': 1.0, 'PD_1,PD_6': 0.0, 'PD_1,PD_7': 0.0, 'PD_2,PD_3': 1.0, 'PD_2,PD_4': 1.0, 'PD_2,PD_6': 0.0, 'PD_2,PD_7': 0.0, 'PD_3,PD_4': 1.0, 'PD_3,PD_6': 0.0, 'PD_3,PD_7': 0.0, 'PD_4,PD_6': 0.0, 'PD_4,PD_7': 0.0, 'PD_6,PD_7': 0.0}, ASR: 1.0, TCB: {'PD_1': ['PD_3', 'PD_2', 'PD_4'], 'PD_2': ['PD_4', 'PD_1', 'PD_3'], 'PD_3': ['PD_1', 'PD_2', 'PD_4'], 'PD_4': ['PD_1', 'PD_2', 'PD_3'], 'PD_6': [], 'PD_7': []}, FR: {'PD_1,PD_2': inf, 'PD_1,PD_3': inf, 'PD_1,PD_4': inf, 'PD_1,PD_6': inf, 'PD_1,PD_7': inf, 'PD_2,PD_3': inf, 'PD_2,PD_4': inf, 'PD_2,PD_6': inf, 'PD_2,PD_7': inf, 'PD_3,PD_4': inf, 'PD_3,PD_6': inf, 'PD_3,PD_7': inf, 'PD_4,PD_6': inf, 'PD_4,PD_7': inf, 'PD_6,PD_7': inf}
  Computing metrics...
    RSI: {'PD_1,PD_2': 1.0, 'PD_1,PD_3': 1.0, 'PD_1,PD_4': 1.0, 'PD_1,PD_6': 0.0, 'PD_1,PD_7': 0.0, 'PD_2,PD_3': 1.0, 'PD_2,PD_4': 1.0, 'PD_2,PD_6': 0.0, 'PD_2,PD_7': 0.0, 'PD_3,PD_4': 1.0, 'PD_3,PD_6': 0.0, 'PD_3,PD_7': 0.0, 'PD_4,PD_6': 0.0, 'PD_4,PD_7': 0.0, 'PD_6,PD_7': 0.0}, ASR: 1.1666666666666667, TCB: {'PD_1': ['PD_3', 'PD_4', 'PD_2'], 'PD_2': ['PD_4', 'PD_1', 'PD_3'], 'PD_3': ['PD_1', 'PD_2', 'PD_4'], 'PD_4': ['PD_1', 'PD_2', 'PD_3'], 'PD_6': [], 'PD_7': []}, FR: {'PD_1,PD_2': 2, 'PD_1,PD_3': inf, 'PD_1,PD_4': inf, 'PD_1,PD_6': inf, 'PD_1,PD_7': inf, 'PD_2,PD_3': inf, 'PD_2,PD_4': inf, 'PD_2,PD_6': inf, 'PD_2,PD_7': inf, 'PD_3,PD_4': inf, 'PD_3,PD_6': inf, 'PD_3,PD_7': inf, 'PD_4,PD_6': inf, 'PD_4,PD_7': inf, 'PD_6,PD_7': inf}
  Computing metrics...
    RSI: {'PD_1,PD_2': 1.0, 'PD_1,PD_3': 1.0, 'PD_1,PD_4': 1.0, 'PD_1,PD_6': 0.0, 'PD_1,PD_7': 0.0, 'PD_2,PD_3': 1.0, 'PD_2,PD_4': 1.0, 'PD_2,PD_6': 0.0, 'PD_2,PD_7': 0.0, 'PD_3,PD_4': 1.0, 'PD_3,PD_6': 0.0, 'PD_3,PD_7': 0.0, 'PD_4,PD_6': 0.0, 'PD_4,PD_7': 0.0, 'PD_6,PD_7': 0.0}, ASR: 1.0, TCB: {'PD_1': ['PD_3', 'PD_2', 'PD_4'], 'PD_2': ['PD_4', 'PD_1', 'PD_3'], 'PD_3': ['PD_1', 'PD_2', 'PD_4'], 'PD_4': ['PD_1', 'PD_2', 'PD_3'], 'PD_6': [], 'PD_7': []}, FR: {'PD_1,PD_2': inf, 'PD_1,PD_3': inf, 'PD_1,PD_4': inf, 'PD_1,PD_6': inf, 'PD_1,PD_7': inf, 'PD_2,PD_3': inf, 'PD_2,PD_4': inf, 'PD_2,PD_6': inf, 'PD_2,PD_7': inf, 'PD_3,PD_4': inf, 'PD_3,PD_6': inf, 'PD_3,PD_7': inf, 'PD_4,PD_6': inf, 'PD_4,PD_7': inf, 'PD_6,PD_7': inf}
  Computing metrics...
    RSI: {'PD_1,PD_2': 1.0, 'PD_1,PD_3': 1.0, 'PD_1,PD_4': 1.0, 'PD_1,PD_6': 0.0, 'PD_1,PD_7': 0.0, 'PD_2,PD_3': 1.0, 'PD_2,PD_4': 1.0, 'PD_2,PD_6': 0.0, 'PD_2,PD_7': 0.0, 'PD_3,PD_4': 1.0, 'PD_3,PD_6': 0.0, 'PD_3,PD_7': 0.0, 'PD_4,PD_6': 0.0, 'PD_4,PD_7': 0.0, 'PD_6,PD_7': 0.0}, ASR: 1.1666666666666667, TCB: {'PD_1': ['PD_3', 'PD_6', 'PD_2', 'PD_4'], 'PD_2': ['PD_4', 'PD_1', 'PD_3'], 'PD_3': ['PD_1', 'PD_2', 'PD_4'], 'PD_4': ['PD_1', 'PD_2', 'PD_3'], 'PD_6': [], 'PD_7': []}, FR: {'PD_1,PD_2': inf, 'PD_1,PD_3': inf, 'PD_1,PD_4': inf, 'PD_1,PD_6': inf, 'PD_1,PD_7': inf, 'PD_2,PD_3': inf, 'PD_2,PD_4': inf, 'PD_2,PD_6': inf, 'PD_2,PD_7': inf, 'PD_3,PD_4': inf, 'PD_3,PD_6': inf, 'PD_3,PD_7': inf, 'PD_4,PD_6': inf, 'PD_4,PD_7': inf, 'PD_6,PD_7': inf}
  Computing metrics...
    RSI: {'PD_1,PD_2': 1.0, 'PD_1,PD_3': 1.0, 'PD_1,PD_4': 1.0, 'PD_1,PD_6': 0.0, 'PD_1,PD_7': 0.0, 'PD_2,PD_3': 1.0, 'PD_2,PD_4': 1.0, 'PD_2,PD_6': 0.0, 'PD_2,PD_7': 0.0, 'PD_3,PD_4': 1.0, 'PD_3,PD_6': 0.0, 'PD_3,PD_7': 0.0, 'PD_4,PD_6': 0.0, 'PD_4,PD_7': 0.0, 'PD_6,PD_7': 0.0}, ASR: 1.0, TCB: {'PD_1': ['PD_3', 'PD_2', 'PD_4'], 'PD_2': ['PD_4', 'PD_1', 'PD_3'], 'PD_3': ['PD_1', 'PD_2', 'PD_4'], 'PD_4': ['PD_1', 'PD_2', 'PD_3'], 'PD_6': [], 'PD_7': []}, FR: {'PD_1,PD_2': inf, 'PD_1,PD_3': inf, 'PD_1,PD_4': inf, 'PD_1,PD_6': inf, 'PD_1,PD_7': inf, 'PD_2,PD_3': inf, 'PD_2,PD_4': inf, 'PD_2,PD_6': inf, 'PD_2,PD_7': inf, 'PD_3,PD_4': inf, 'PD_3,PD_6': inf, 'PD_3,PD_7': inf, 'PD_4,PD_6': inf, 'PD_4,PD_7': inf, 'PD_6,PD_7': inf}
  Computing metrics...
    RSI: {'PD_1,PD_2': 1.0, 'PD_1,PD_3': 1.0, 'PD_1,PD_4': 1.0, 'PD_1,PD_6': 0.0, 'PD_1,PD_7': 0.0, 'PD_2,PD_3': 1.0, 'PD_2,PD_4': 1.0, 'PD_2,PD_6': 0.0, 'PD_2,PD_7': 0.0, 'PD_3,PD_4': 1.0, 'PD_3,PD_6': 0.0, 'PD_3,PD_7': 0.0, 'PD_4,PD_6': 0.0, 'PD_4,PD_7': 0.0, 'PD_6,PD_7': 0.0}, ASR: 1.1666666666666667, TCB: {'PD_1': ['PD_3', 'PD_7', 'PD_2', 'PD_4'], 'PD_2': ['PD_4', 'PD_1', 'PD_3'], 'PD_3': ['PD_1', 'PD_2', 'PD_4'], 'PD_4': ['PD_1', 'PD_2', 'PD_3'], 'PD_6': [], 'PD_7': []}, FR: {'PD_1,PD_2': inf, 'PD_1,PD_3': inf, 'PD_1,PD_4': inf, 'PD_1,PD_6': inf, 'PD_1,PD_7': inf, 'PD_2,PD_3': inf, 'PD_2,PD_4': inf, 'PD_2,PD_6': inf, 'PD_2,PD_7': inf, 'PD_3,PD_4': inf, 'PD_3,PD_6': inf, 'PD_3,PD_7': inf, 'PD_4,PD_6': inf, 'PD_4,PD_7': inf, 'PD_6,PD_7': inf}
  Computing metrics...
    RSI: {'PD_1,PD_2': 1.0, 'PD_1,PD_3': 1.0, 'PD_1,PD_4': 1.0, 'PD_1,PD_6': 0.0, 'PD_1,PD_7': 0.0, 'PD_2,PD_3': 1.0, 'PD_2,PD_4': 1.0, 'PD_2,PD_6': 0.0, 'PD_2,PD_7': 0.0, 'PD_3,PD_4': 1.0, 'PD_3,PD_6': 0.0, 'PD_3,PD_7': 0.0, 'PD_4,PD_6': 0.0, 'PD_4,PD_7': 0.0, 'PD_6,PD_7': 0.0}, ASR: 1.0, TCB: {'PD_1': ['PD_3', 'PD_2', 'PD_4'], 'PD_2': ['PD_4', 'PD_1', 'PD_3'], 'PD_3': ['PD_1', 'PD_2', 'PD_4'], 'PD_4': ['PD_1', 'PD_2', 'PD_3'], 'PD_6': [], 'PD_7': []}, FR: {'PD_1,PD_2': inf, 'PD_1,PD_3': inf, 'PD_1,PD_4': inf, 'PD_1,PD_6': inf, 'PD_1,PD_7': inf, 'PD_2,PD_3': inf, 'PD_2,PD_4': inf, 'PD_2,PD_6': inf, 'PD_2,PD_7': inf, 'PD_3,PD_4': inf, 'PD_3,PD_6': inf, 'PD_3,PD_7': inf, 'PD_4,PD_6': inf, 'PD_4,PD_7': inf, 'PD_6,PD_7': inf}
  Computing metrics...
    RSI: {'PD_1,PD_2': 1.0, 'PD_1,PD_3': 1.0, 'PD_1,PD_4': 1.0, 'PD_1,PD_6': 0.0, 'PD_1,PD_7': 0.0, 'PD_2,PD_3': 1.0, 'PD_2,PD_4': 1.0, 'PD_2,PD_6': 0.0, 'PD_2,PD_7': 0.0, 'PD_3,PD_4': 1.0, 'PD_3,PD_6': 0.0, 'PD_3,PD_7': 0.0, 'PD_4,PD_6': 0.0, 'PD_4,PD_7': 0.0, 'PD_6,PD_7': 0.0}, ASR: 1.1666666666666667, TCB: {'PD_1': ['PD_3', 'PD_2', 'PD_4'], 'PD_2': ['PD_4', 'PD_1', 'PD_3'], 'PD_3': ['PD_1', 'PD_2', 'PD_4'], 'PD_4': ['PD_1', 'PD_2', 'PD_3'], 'PD_6': [], 'PD_7': []}, FR: {'PD_1,PD_2': 3, 'PD_1,PD_3': inf, 'PD_1,PD_4': inf, 'PD_1,PD_6': inf, 'PD_1,PD_7': inf, 'PD_2,PD_3': inf, 'PD_2,PD_4': inf, 'PD_2,PD_6': inf, 'PD_2,PD_7': inf, 'PD_3,PD_4': inf, 'PD_3,PD_6': inf, 'PD_3,PD_7': inf, 'PD_4,PD_6': inf, 'PD_4,PD_7': inf, 'PD_6,PD_7': inf}
  Computing metrics...
    RSI: {'PD_1,PD_2': 1.0, 'PD_1,PD_3': 1.0, 'PD_1,PD_4': 1.0, 'PD_1,PD_6': 0.0, 'PD_1,PD_7': 0.0, 'PD_2,PD_3': 1.0, 'PD_2,PD_4': 1.0, 'PD_2,PD_6': 0.0, 'PD_2,PD_7': 0.0, 'PD_3,PD_4': 1.0, 'PD_3,PD_6': 0.0, 'PD_3,PD_7': 0.0, 'PD_4,PD_6': 0.0, 'PD_4,PD_7': 0.0, 'PD_6,PD_7': 0.0}, ASR: 1.0, TCB: {'PD_1': ['PD_3', 'PD_2', 'PD_4'], 'PD_2': ['PD_4', 'PD_1', 'PD_3'], 'PD_3': ['PD_1', 'PD_2', 'PD_4'], 'PD_4': ['PD_1', 'PD_2', 'PD_3'], 'PD_6': [], 'PD_7': []}, FR: {'PD_1,PD_2': inf, 'PD_1,PD_3': inf, 'PD_1,PD_4': inf, 'PD_1,PD_6': inf, 'PD_1,PD_7': inf, 'PD_2,PD_3': inf, 'PD_2,PD_4': inf, 'PD_2,PD_6': inf, 'PD_2,PD_7': inf, 'PD_3,PD_4': inf, 'PD_3,PD_6': inf, 'PD_3,PD_7': inf, 'PD_4,PD_6': inf, 'PD_4,PD_7': inf, 'PD_6,PD_7': inf}
  Computing metrics...
    RSI: {'PD_1,PD_2': 1.0, 'PD_1,PD_3': 1.0, 'PD_1,PD_4': 1.0, 'PD_1,PD_6': 0.0, 'PD_1,PD_7': 0.0, 'PD_2,PD_3': 1.0, 'PD_2,PD_4': 1.0, 'PD_2,PD_6': 0.0, 'PD_2,PD_7': 0.0, 'PD_3,PD_4': 1.0, 'PD_3,PD_6': 0.0, 'PD_3,PD_7': 0.0, 'PD_4,PD_6': 0.0, 'PD_4,PD_7': 0.0, 'PD_6,PD_7': 0.0}, ASR: 1.1666666666666667, TCB: {'PD_1': ['PD_3', 'PD_2', 'PD_4'], 'PD_2': ['PD_4', 'PD_3', 'PD_1'], 'PD_3': ['PD_1', 'PD_2', 'PD_4'], 'PD_4': ['PD_1', 'PD_2', 'PD_3'], 'PD_6': [], 'PD_7': []}, FR: {'PD_1,PD_2': 2, 'PD_1,PD_3': inf, 'PD_1,PD_4': inf, 'PD_1,PD_6': inf, 'PD_1,PD_7': inf, 'PD_2,PD_3': inf, 'PD_2,PD_4': inf, 'PD_2,PD_6': inf, 'PD_2,PD_7': inf, 'PD_3,PD_4': inf, 'PD_3,PD_6': inf, 'PD_3,PD_7': inf, 'PD_4,PD_6': inf, 'PD_4,PD_7': inf, 'PD_6,PD_7': inf}
  Computing metrics...
    RSI: {'PD_1,PD_2': 1.0, 'PD_1,PD_3': 1.0, 'PD_1,PD_4': 1.0, 'PD_1,PD_6': 0.0, 'PD_1,PD_7': 0.0, 'PD_2,PD_3': 1.0, 'PD_2,PD_4': 1.0, 'PD_2,PD_6': 0.0, 'PD_2,PD_7': 0.0, 'PD_3,PD_4': 1.0, 'PD_3,PD_6': 0.0, 'PD_3,PD_7': 0.0, 'PD_4,PD_6': 0.0, 'PD_4,PD_7': 0.0, 'PD_6,PD_7': 0.0}, ASR: 1.0, TCB: {'PD_1': ['PD_3', 'PD_2', 'PD_4'], 'PD_2': ['PD_4', 'PD_1', 'PD_3'], 'PD_3': ['PD_1', 'PD_2', 'PD_4'], 'PD_4': ['PD_1', 'PD_2', 'PD_3'], 'PD_6': [], 'PD_7': []}, FR: {'PD_1,PD_2': inf, 'PD_1,PD_3': inf, 'PD_1,PD_4': inf, 'PD_1,PD_6': inf, 'PD_1,PD_7': inf, 'PD_2,PD_3': inf, 'PD_2,PD_4': inf, 'PD_2,PD_6': inf, 'PD_2,PD_7': inf, 'PD_3,PD_4': inf, 'PD_3,PD_6': inf, 'PD_3,PD_7': inf, 'PD_4,PD_6': inf, 'PD_4,PD_7': inf, 'PD_6,PD_7': inf}
  Computing metrics...
    RSI: {'PD_1,PD_2': 1.0, 'PD_1,PD_3': 1.0, 'PD_1,PD_4': 1.0, 'PD_1,PD_6': 0.0, 'PD_1,PD_7': 0.0, 'PD_2,PD_3': 1.0, 'PD_2,PD_4': 1.0, 'PD_2,PD_6': 0.0, 'PD_2,PD_7': 0.0, 'PD_3,PD_4': 1.0, 'PD_3,PD_6': 0.0, 'PD_3,PD_7': 0.0, 'PD_4,PD_6': 0.0, 'PD_4,PD_7': 0.0, 'PD_6,PD_7': 0.0}, ASR: 1.1666666666666667, TCB: {'PD_1': ['PD_3', 'PD_2', 'PD_4'], 'PD_2': ['PD_4', 'PD_6', 'PD_1', 'PD_3'], 'PD_3': ['PD_1', 'PD_2', 'PD_4'], 'PD_4': ['PD_1', 'PD_2', 'PD_3'], 'PD_6': [], 'PD_7': []}, FR: {'PD_1,PD_2': inf, 'PD_1,PD_3': inf, 'PD_1,PD_4': inf, 'PD_1,PD_6': inf, 'PD_1,PD_7': inf, 'PD_2,PD_3': inf, 'PD_2,PD_4': inf, 'PD_2,PD_6': inf, 'PD_2,PD_7': inf, 'PD_3,PD_4': inf, 'PD_3,PD_6': inf, 'PD_3,PD_7': inf, 'PD_4,PD_6': inf, 'PD_4,PD_7': inf, 'PD_6,PD_7': inf}
  Computing metrics...
    RSI: {'PD_1,PD_2': 1.0, 'PD_1,PD_3': 1.0, 'PD_1,PD_4': 1.0, 'PD_1,PD_6': 0.0, 'PD_1,PD_7': 0.0, 'PD_2,PD_3': 1.0, 'PD_2,PD_4': 1.0, 'PD_2,PD_6': 0.0, 'PD_2,PD_7': 0.0, 'PD_3,PD_4': 1.0, 'PD_3,PD_6': 0.0, 'PD_3,PD_7': 0.0, 'PD_4,PD_6': 0.0, 'PD_4,PD_7': 0.0, 'PD_6,PD_7': 0.0}, ASR: 1.0, TCB: {'PD_1': ['PD_3', 'PD_2', 'PD_4'], 'PD_2': ['PD_4', 'PD_1', 'PD_3'], 'PD_3': ['PD_1', 'PD_2', 'PD_4'], 'PD_4': ['PD_1', 'PD_2', 'PD_3'], 'PD_6': [], 'PD_7': []}, FR: {'PD_1,PD_2': inf, 'PD_1,PD_3': inf, 'PD_1,PD_4': inf, 'PD_1,PD_6': inf, 'PD_1,PD_7': inf, 'PD_2,PD_3': inf, 'PD_2,PD_4': inf, 'PD_2,PD_6': inf, 'PD_2,PD_7': inf, 'PD_3,PD_4': inf, 'PD_3,PD_6': inf, 'PD_3,PD_7': inf, 'PD_4,PD_6': inf, 'PD_4,PD_7': inf, 'PD_6,PD_7': inf}
  Computing metrics...
    RSI: {'PD_1,PD_2': 1.0, 'PD_1,PD_3': 1.0, 'PD_1,PD_4': 1.0, 'PD_1,PD_6': 0.0, 'PD_1,PD_7': 0.0, 'PD_2,PD_3': 1.0, 'PD_2,PD_4': 1.0, 'PD_2,PD_6': 0.0, 'PD_2,PD_7': 0.0, 'PD_3,PD_4': 1.0, 'PD_3,PD_6': 0.0, 'PD_3,PD_7': 0.0, 'PD_4,PD_6': 0.0, 'PD_4,PD_7': 0.0, 'PD_6,PD_7': 0.0}, ASR: 1.1666666666666667, TCB: {'PD_1': ['PD_3', 'PD_2', 'PD_4'], 'PD_2': ['PD_4', 'PD_7', 'PD_1', 'PD_3'], 'PD_3': ['PD_1', 'PD_2', 'PD_4'], 'PD_4': ['PD_1', 'PD_2', 'PD_3'], 'PD_6': [], 'PD_7': []}, FR: {'PD_1,PD_2': inf, 'PD_1,PD_3': inf, 'PD_1,PD_4': inf, 'PD_1,PD_6': inf, 'PD_1,PD_7': inf, 'PD_2,PD_3': inf, 'PD_2,PD_4': inf, 'PD_2,PD_6': inf, 'PD_2,PD_7': inf, 'PD_3,PD_4': inf, 'PD_3,PD_6': inf, 'PD_3,PD_7': inf, 'PD_4,PD_6': inf, 'PD_4,PD_7': inf, 'PD_6,PD_7': inf}
  Computing metrics...
    RSI: {'PD_1,PD_2': 1.0, 'PD_1,PD_3': 1.0, 'PD_1,PD_4': 1.0, 'PD_1,PD_6': 0.0, 'PD_1,PD_7': 0.0, 'PD_2,PD_3': 1.0, 'PD_2,PD_4': 1.0, 'PD_2,PD_6': 0.0, 'PD_2,PD_7': 0.0, 'PD_3,PD_4': 1.0, 'PD_3,PD_6': 0.0, 'PD_3,PD_7': 0.0, 'PD_4,PD_6': 0.0, 'PD_4,PD_7': 0.0, 'PD_6,PD_7': 0.0}, ASR: 1.0, TCB: {'PD_1': ['PD_3', 'PD_2', 'PD_4'], 'PD_2': ['PD_4', 'PD_1', 'PD_3'], 'PD_3': ['PD_1', 'PD_2', 'PD_4'], 'PD_4': ['PD_1', 'PD_2', 'PD_3'], 'PD_6': [], 'PD_7': []}, FR: {'PD_1,PD_2': inf, 'PD_1,PD_3': inf, 'PD_1,PD_4': inf, 'PD_1,PD_6': inf, 'PD_1,PD_7': inf, 'PD_2,PD_3': inf, 'PD_2,PD_4': inf, 'PD_2,PD_6': inf, 'PD_2,PD_7': inf, 'PD_3,PD_4': inf, 'PD_3,PD_6': inf, 'PD_3,PD_7': inf, 'PD_4,PD_6': inf, 'PD_4,PD_7': inf, 'PD_6,PD_7': inf}
  Computing metrics...
    RSI: {'PD_1,PD_2': 1.0, 'PD_1,PD_3': 1.0, 'PD_1,PD_4': 1.0, 'PD_1,PD_6': 0.0, 'PD_1,PD_7': 0.0, 'PD_2,PD_3': 1.0, 'PD_2,PD_4': 1.0, 'PD_2,PD_6': 0.0, 'PD_2,PD_7': 0.0, 'PD_3,PD_4': 1.0, 'PD_3,PD_6': 0.0, 'PD_3,PD_7': 0.0, 'PD_4,PD_6': 0.0, 'PD_4,PD_7': 0.0, 'PD_6,PD_7': 0.0}, ASR: 1.1666666666666667, TCB: {'PD_1': ['PD_3', 'PD_2', 'PD_4'], 'PD_2': ['PD_4', 'PD_1', 'PD_3'], 'PD_3': ['PD_1', 'PD_2', 'PD_4'], 'PD_4': ['PD_1', 'PD_2', 'PD_3'], 'PD_6': [], 'PD_7': []}, FR: {'PD_1,PD_2': inf, 'PD_1,PD_3': inf, 'PD_1,PD_4': inf, 'PD_1,PD_6': inf, 'PD_1,PD_7': inf, 'PD_2,PD_3': inf, 'PD_2,PD_4': inf, 'PD_2,PD_6': inf, 'PD_2,PD_7': inf, 'PD_3,PD_4': inf, 'PD_3,PD_6': inf, 'PD_3,PD_7': inf, 'PD_4,PD_6': inf, 'PD_4,PD_7': inf, 'PD_6,PD_7': inf}
  Computing metrics...
    RSI: {'PD_1,PD_2': 1.0, 'PD_1,PD_3': 1.0, 'PD_1,PD_4': 1.0, 'PD_1,PD_6': 0.0, 'PD_1,PD_7': 0.0, 'PD_2,PD_3': 1.0, 'PD_2,PD_4': 1.0, 'PD_2,PD_6': 0.0, 'PD_2,PD_7': 0.0, 'PD_3,PD_4': 1.0, 'PD_3,PD_6': 0.0, 'PD_3,PD_7': 0.0, 'PD_4,PD_6': 0.0, 'PD_4,PD_7': 0.0, 'PD_6,PD_7': 0.0}, ASR: 1.0, TCB: {'PD_1': ['PD_3', 'PD_2', 'PD_4'], 'PD_2': ['PD_4', 'PD_1', 'PD_3'], 'PD_3': ['PD_1', 'PD_2', 'PD_4'], 'PD_4': ['PD_1', 'PD_2', 'PD_3'], 'PD_6': [], 'PD_7': []}, FR: {'PD_1,PD_2': inf, 'PD_1,PD_3': inf, 'PD_1,PD_4': inf, 'PD_1,PD_6': inf, 'PD_1,PD_7': inf, 'PD_2,PD_3': inf, 'PD_2,PD_4': inf, 'PD_2,PD_6': inf, 'PD_2,PD_7': inf, 'PD_3,PD_4': inf, 'PD_3,PD_6': inf, 'PD_3,PD_7': inf, 'PD_4,PD_6': inf, 'PD_4,PD_7': inf, 'PD_6,PD_7': inf}
  Computing metrics...
    RSI: {'PD_1,PD_2': 1.0, 'PD_1,PD_3': 1.0, 'PD_1,PD_4': 1.0, 'PD_1,PD_6': 0.0, 'PD_1,PD_7': 0.0, 'PD_2,PD_3': 1.0, 'PD_2,PD_4': 1.0, 'PD_2,PD_6': 0.0, 'PD_2,PD_7': 0.0, 'PD_3,PD_4': 1.0, 'PD_3,PD_6': 0.0, 'PD_3,PD_7': 0.0, 'PD_4,PD_6': 0.0, 'PD_4,PD_7': 0.0, 'PD_6,PD_7': 0.0}, ASR: 1.1666666666666667, TCB: {'PD_1': ['PD_3', 'PD_2', 'PD_4'], 'PD_2': ['PD_4', 'PD_1', 'PD_3'], 'PD_3': ['PD_2', 'PD_1', 'PD_4'], 'PD_4': ['PD_1', 'PD_2', 'PD_3'], 'PD_6': [], 'PD_7': []}, FR: {'PD_1,PD_2': 4, 'PD_1,PD_3': 3, 'PD_1,PD_4': inf, 'PD_1,PD_6': inf, 'PD_1,PD_7': inf, 'PD_2,PD_3': 3, 'PD_2,PD_4': inf, 'PD_2,PD_6': inf, 'PD_2,PD_7': inf, 'PD_3,PD_4': inf, 'PD_3,PD_6': inf, 'PD_3,PD_7': inf, 'PD_4,PD_6': inf, 'PD_4,PD_7': inf, 'PD_6,PD_7': inf}
  Computing metrics...
    RSI: {'PD_1,PD_2': 1.0, 'PD_1,PD_3': 1.0, 'PD_1,PD_4': 1.0, 'PD_1,PD_6': 0.0, 'PD_1,PD_7': 0.0, 'PD_2,PD_3': 1.0, 'PD_2,PD_4': 1.0, 'PD_2,PD_6': 0.0, 'PD_2,PD_7': 0.0, 'PD_3,PD_4': 1.0, 'PD_3,PD_6': 0.0, 'PD_3,PD_7': 0.0, 'PD_4,PD_6': 0.0, 'PD_4,PD_7': 0.0, 'PD_6,PD_7': 0.0}, ASR: 1.0, TCB: {'PD_1': ['PD_3', 'PD_2', 'PD_4'], 'PD_2': ['PD_4', 'PD_1', 'PD_3'], 'PD_3': ['PD_1', 'PD_2', 'PD_4'], 'PD_4': ['PD_1', 'PD_2', 'PD_3'], 'PD_6': [], 'PD_7': []}, FR: {'PD_1,PD_2': inf, 'PD_1,PD_3': inf, 'PD_1,PD_4': inf, 'PD_1,PD_6': inf, 'PD_1,PD_7': inf, 'PD_2,PD_3': inf, 'PD_2,PD_4': inf, 'PD_2,PD_6': inf, 'PD_2,PD_7': inf, 'PD_3,PD_4': inf, 'PD_3,PD_6': inf, 'PD_3,PD_7': inf, 'PD_4,PD_6': inf, 'PD_4,PD_7': inf, 'PD_6,PD_7': inf}
  Computing metrics...
    RSI: {'PD_1,PD_2': 1.0, 'PD_1,PD_3': 1.0, 'PD_1,PD_4': 1.0, 'PD_1,PD_6': 0.0, 'PD_1,PD_7': 0.0, 'PD_2,PD_3': 1.0, 'PD_2,PD_4': 1.0, 'PD_2,PD_6': 0.0, 'PD_2,PD_7': 0.0, 'PD_3,PD_4': 1.0, 'PD_3,PD_6': 0.0, 'PD_3,PD_7': 0.0, 'PD_4,PD_6': 0.0, 'PD_4,PD_7': 0.0, 'PD_6,PD_7': 0.0}, ASR: 1.1666666666666667, TCB: {'PD_1': ['PD_3', 'PD_2', 'PD_4'], 'PD_2': ['PD_4', 'PD_1', 'PD_3'], 'PD_3': ['PD_4', 'PD_1', 'PD_2'], 'PD_4': ['PD_1', 'PD_2', 'PD_3'], 'PD_6': [], 'PD_7': []}, FR: {'PD_1,PD_2': 3, 'PD_1,PD_3': 3, 'PD_1,PD_4': inf, 'PD_1,PD_6': inf, 'PD_1,PD_7': inf, 'PD_2,PD_3': 2, 'PD_2,PD_4': inf, 'PD_2,PD_6': inf, 'PD_2,PD_7': inf, 'PD_3,PD_4': inf, 'PD_3,PD_6': inf, 'PD_3,PD_7': inf, 'PD_4,PD_6': inf, 'PD_4,PD_7': inf, 'PD_6,PD_7': inf}
  Computing metrics...
    RSI: {'PD_1,PD_2': 1.0, 'PD_1,PD_3': 1.0, 'PD_1,PD_4': 1.0, 'PD_1,PD_6': 0.0, 'PD_1,PD_7': 0.0, 'PD_2,PD_3': 1.0, 'PD_2,PD_4': 1.0, 'PD_2,PD_6': 0.0, 'PD_2,PD_7': 0.0, 'PD_3,PD_4': 1.0, 'PD_3,PD_6': 0.0, 'PD_3,PD_7': 0.0, 'PD_4,PD_6': 0.0, 'PD_4,PD_7': 0.0, 'PD_6,PD_7': 0.0}, ASR: 1.0, TCB: {'PD_1': ['PD_3', 'PD_2', 'PD_4'], 'PD_2': ['PD_4', 'PD_1', 'PD_3'], 'PD_3': ['PD_1', 'PD_2', 'PD_4'], 'PD_4': ['PD_1', 'PD_2', 'PD_3'], 'PD_6': [], 'PD_7': []}, FR: {'PD_1,PD_2': inf, 'PD_1,PD_3': inf, 'PD_1,PD_4': inf, 'PD_1,PD_6': inf, 'PD_1,PD_7': inf, 'PD_2,PD_3': inf, 'PD_2,PD_4': inf, 'PD_2,PD_6': inf, 'PD_2,PD_7': inf, 'PD_3,PD_4': inf, 'PD_3,PD_6': inf, 'PD_3,PD_7': inf, 'PD_4,PD_6': inf, 'PD_4,PD_7': inf, 'PD_6,PD_7': inf}
  Computing metrics...
    RSI: {'PD_1,PD_2': 1.0, 'PD_1,PD_3': 1.0, 'PD_1,PD_4': 1.0, 'PD_1,PD_6': 0.0, 'PD_1,PD_7': 0.0, 'PD_2,PD_3': 1.0, 'PD_2,PD_4': 1.0, 'PD_2,PD_6': 0.0, 'PD_2,PD_7': 0.0, 'PD_3,PD_4': 1.0, 'PD_3,PD_6': 0.0, 'PD_3,PD_7': 0.0, 'PD_4,PD_6': 0.0, 'PD_4,PD_7': 0.0, 'PD_6,PD_7': 0.0}, ASR: 1.1666666666666667, TCB: {'PD_1': ['PD_3', 'PD_2', 'PD_4'], 'PD_2': ['PD_4', 'PD_1', 'PD_3'], 'PD_3': ['PD_6', 'PD_1', 'PD_2', 'PD_4'], 'PD_4': ['PD_1', 'PD_2', 'PD_3'], 'PD_6': [], 'PD_7': []}, FR: {'PD_1,PD_2': inf, 'PD_1,PD_3': 3, 'PD_1,PD_4': inf, 'PD_1,PD_6': inf, 'PD_1,PD_7': inf, 'PD_2,PD_3': inf, 'PD_2,PD_4': inf, 'PD_2,PD_6': inf, 'PD_2,PD_7': inf, 'PD_3,PD_4': inf, 'PD_3,PD_6': inf, 'PD_3,PD_7': inf, 'PD_4,PD_6': inf, 'PD_4,PD_7': inf, 'PD_6,PD_7': inf}
  Computing metrics...
    RSI: {'PD_1,PD_2': 1.0, 'PD_1,PD_3': 1.0, 'PD_1,PD_4': 1.0, 'PD_1,PD_6': 0.0, 'PD_1,PD_7': 0.0, 'PD_2,PD_3': 1.0, 'PD_2,PD_4': 1.0, 'PD_2,PD_6': 0.0, 'PD_2,PD_7': 0.0, 'PD_3,PD_4': 1.0, 'PD_3,PD_6': 0.0, 'PD_3,PD_7': 0.0, 'PD_4,PD_6': 0.0, 'PD_4,PD_7': 0.0, 'PD_6,PD_7': 0.0}, ASR: 1.0, TCB: {'PD_1': ['PD_3', 'PD_2', 'PD_4'], 'PD_2': ['PD_4', 'PD_1', 'PD_3'], 'PD_3': ['PD_1', 'PD_2', 'PD_4'], 'PD_4': ['PD_1', 'PD_2', 'PD_3'], 'PD_6': [], 'PD_7': []}, FR: {'PD_1,PD_2': inf, 'PD_1,PD_3': inf, 'PD_1,PD_4': inf, 'PD_1,PD_6': inf, 'PD_1,PD_7': inf, 'PD_2,PD_3': inf, 'PD_2,PD_4': inf, 'PD_2,PD_6': inf, 'PD_2,PD_7': inf, 'PD_3,PD_4': inf, 'PD_3,PD_6': inf, 'PD_3,PD_7': inf, 'PD_4,PD_6': inf, 'PD_4,PD_7': inf, 'PD_6,PD_7': inf}
  Computing metrics...
    RSI: {'PD_1,PD_2': 1.0, 'PD_1,PD_3': 1.0, 'PD_1,PD_4': 1.0, 'PD_1,PD_6': 0.0, 'PD_1,PD_7': 0.0, 'PD_2,PD_3': 1.0, 'PD_2,PD_4': 1.0, 'PD_2,PD_6': 0.0, 'PD_2,PD_7': 0.0, 'PD_3,PD_4': 1.0, 'PD_3,PD_6': 0.0, 'PD_3,PD_7': 0.0, 'PD_4,PD_6': 0.0, 'PD_4,PD_7': 0.0, 'PD_6,PD_7': 0.0}, ASR: 1.1666666666666667, TCB: {'PD_1': ['PD_3', 'PD_2', 'PD_4'], 'PD_2': ['PD_4', 'PD_1', 'PD_3'], 'PD_3': ['PD_7', 'PD_1', 'PD_2', 'PD_4'], 'PD_4': ['PD_1', 'PD_2', 'PD_3'], 'PD_6': [], 'PD_7': []}, FR: {'PD_1,PD_2': inf, 'PD_1,PD_3': 3, 'PD_1,PD_4': inf, 'PD_1,PD_6': inf, 'PD_1,PD_7': inf, 'PD_2,PD_3': inf, 'PD_2,PD_4': inf, 'PD_2,PD_6': inf, 'PD_2,PD_7': inf, 'PD_3,PD_4': inf, 'PD_3,PD_6': inf, 'PD_3,PD_7': inf, 'PD_4,PD_6': inf, 'PD_4,PD_7': inf, 'PD_6,PD_7': inf}
  Computing metrics...
    RSI: {'PD_1,PD_2': 1.0, 'PD_1,PD_3': 1.0, 'PD_1,PD_4': 1.0, 'PD_1,PD_6': 0.0, 'PD_1,PD_7': 0.0, 'PD_2,PD_3': 1.0, 'PD_2,PD_4': 1.0, 'PD_2,PD_6': 0.0, 'PD_2,PD_7': 0.0, 'PD_3,PD_4': 1.0, 'PD_3,PD_6': 0.0, 'PD_3,PD_7': 0.0, 'PD_4,PD_6': 0.0, 'PD_4,PD_7': 0.0, 'PD_6,PD_7': 0.0}, ASR: 1.0, TCB: {'PD_1': ['PD_3', 'PD_2', 'PD_4'], 'PD_2': ['PD_4', 'PD_1', 'PD_3'], 'PD_3': ['PD_1', 'PD_2', 'PD_4'], 'PD_4': ['PD_1', 'PD_2', 'PD_3'], 'PD_6': [], 'PD_7': []}, FR: {'PD_1,PD_2': inf, 'PD_1,PD_3': inf, 'PD_1,PD_4': inf, 'PD_1,PD_6': inf, 'PD_1,PD_7': inf, 'PD_2,PD_3': inf, 'PD_2,PD_4': inf, 'PD_2,PD_6': inf, 'PD_2,PD_7': inf, 'PD_3,PD_4': inf, 'PD_3,PD_6': inf, 'PD_3,PD_7': inf, 'PD_4,PD_6': inf, 'PD_4,PD_7': inf, 'PD_6,PD_7': inf}
  Computing metrics...
    RSI: {'PD_1,PD_2': 1.0, 'PD_1,PD_3': 1.0, 'PD_1,PD_4': 1.0, 'PD_1,PD_6': 0.0, 'PD_1,PD_7': 0.0, 'PD_2,PD_3': 1.0, 'PD_2,PD_4': 1.0, 'PD_2,PD_6': 0.0, 'PD_2,PD_7': 0.0, 'PD_3,PD_4': 1.0, 'PD_3,PD_6': 0.0, 'PD_3,PD_7': 0.0, 'PD_4,PD_6': 0.0, 'PD_4,PD_7': 0.0, 'PD_6,PD_7': 0.0}, ASR: 1.1666666666666667, TCB: {'PD_1': ['PD_3', 'PD_2', 'PD_4'], 'PD_2': ['PD_4', 'PD_1', 'PD_3'], 'PD_3': ['PD_1', 'PD_2', 'PD_4'], 'PD_4': ['PD_1', 'PD_2', 'PD_3'], 'PD_6': [], 'PD_7': []}, FR: {'PD_1,PD_2': 4, 'PD_1,PD_3': inf, 'PD_1,PD_4': 3, 'PD_1,PD_6': inf, 'PD_1,PD_7': inf, 'PD_2,PD_3': inf, 'PD_2,PD_4': 3, 'PD_2,PD_6': inf, 'PD_2,PD_7': inf, 'PD_3,PD_4': inf, 'PD_3,PD_6': inf, 'PD_3,PD_7': inf, 'PD_4,PD_6': inf, 'PD_4,PD_7': inf, 'PD_6,PD_7': inf}
  Computing metrics...
    RSI: {'PD_1,PD_2': 1.0, 'PD_1,PD_3': 1.0, 'PD_1,PD_4': 1.0, 'PD_1,PD_6': 0.0, 'PD_1,PD_7': 0.0, 'PD_2,PD_3': 1.0, 'PD_2,PD_4': 1.0, 'PD_2,PD_6': 0.0, 'PD_2,PD_7': 0.0, 'PD_3,PD_4': 1.0, 'PD_3,PD_6': 0.0, 'PD_3,PD_7': 0.0, 'PD_4,PD_6': 0.0, 'PD_4,PD_7': 0.0, 'PD_6,PD_7': 0.0}, ASR: 1.0, TCB: {'PD_1': ['PD_3', 'PD_2', 'PD_4'], 'PD_2': ['PD_4', 'PD_1', 'PD_3'], 'PD_3': ['PD_1', 'PD_2', 'PD_4'], 'PD_4': ['PD_1', 'PD_2', 'PD_3'], 'PD_6': [], 'PD_7': []}, FR: {'PD_1,PD_2': inf, 'PD_1,PD_3': inf, 'PD_1,PD_4': inf, 'PD_1,PD_6': inf, 'PD_1,PD_7': inf, 'PD_2,PD_3': inf, 'PD_2,PD_4': inf, 'PD_2,PD_6': inf, 'PD_2,PD_7': inf, 'PD_3,PD_4': inf, 'PD_3,PD_6': inf, 'PD_3,PD_7': inf, 'PD_4,PD_6': inf, 'PD_4,PD_7': inf, 'PD_6,PD_7': inf}
  Computing metrics...
    RSI: {'PD_1,PD_2': 1.0, 'PD_1,PD_3': 1.0, 'PD_1,PD_4': 1.0, 'PD_1,PD_6': 0.0, 'PD_1,PD_7': 0.0, 'PD_2,PD_3': 1.0, 'PD_2,PD_4': 1.0, 'PD_2,PD_6': 0.0, 'PD_2,PD_7': 0.0, 'PD_3,PD_4': 1.0, 'PD_3,PD_6': 0.0, 'PD_3,PD_7': 0.0, 'PD_4,PD_6': 0.0, 'PD_4,PD_7': 0.0, 'PD_6,PD_7': 0.0}, ASR: 1.1666666666666667, TCB: {'PD_1': ['PD_3', 'PD_2', 'PD_4'], 'PD_2': ['PD_4', 'PD_1', 'PD_3'], 'PD_3': ['PD_1', 'PD_2', 'PD_4'], 'PD_4': ['PD_2', 'PD_1', 'PD_3'], 'PD_6': [], 'PD_7': []}, FR: {'PD_1,PD_2': inf, 'PD_1,PD_3': inf, 'PD_1,PD_4': inf, 'PD_1,PD_6': inf, 'PD_1,PD_7': inf, 'PD_2,PD_3': inf, 'PD_2,PD_4': inf, 'PD_2,PD_6': inf, 'PD_2,PD_7': inf, 'PD_3,PD_4': inf, 'PD_3,PD_6': inf, 'PD_3,PD_7': inf, 'PD_4,PD_6': inf, 'PD_4,PD_7': inf, 'PD_6,PD_7': inf}
  Computing metrics...
    RSI: {'PD_1,PD_2': 1.0, 'PD_1,PD_3': 1.0, 'PD_1,PD_4': 1.0, 'PD_1,PD_6': 0.0, 'PD_1,PD_7': 0.0, 'PD_2,PD_3': 1.0, 'PD_2,PD_4': 1.0, 'PD_2,PD_6': 0.0, 'PD_2,PD_7': 0.0, 'PD_3,PD_4': 1.0, 'PD_3,PD_6': 0.0, 'PD_3,PD_7': 0.0, 'PD_4,PD_6': 0.0, 'PD_4,PD_7': 0.0, 'PD_6,PD_7': 0.0}, ASR: 1.0, TCB: {'PD_1': ['PD_3', 'PD_2', 'PD_4'], 'PD_2': ['PD_4', 'PD_1', 'PD_3'], 'PD_3': ['PD_1', 'PD_2', 'PD_4'], 'PD_4': ['PD_1', 'PD_2', 'PD_3'], 'PD_6': [], 'PD_7': []}, FR: {'PD_1,PD_2': inf, 'PD_1,PD_3': inf, 'PD_1,PD_4': inf, 'PD_1,PD_6': inf, 'PD_1,PD_7': inf, 'PD_2,PD_3': inf, 'PD_2,PD_4': inf, 'PD_2,PD_6': inf, 'PD_2,PD_7': inf, 'PD_3,PD_4': inf, 'PD_3,PD_6': inf, 'PD_3,PD_7': inf, 'PD_4,PD_6': inf, 'PD_4,PD_7': inf, 'PD_6,PD_7': inf}
  Computing metrics...
    RSI: {'PD_1,PD_2': 1.0, 'PD_1,PD_3': 1.0, 'PD_1,PD_4': 1.0, 'PD_1,PD_6': 0.0, 'PD_1,PD_7': 0.0, 'PD_2,PD_3': 1.0, 'PD_2,PD_4': 1.0, 'PD_2,PD_6': 0.0, 'PD_2,PD_7': 0.0, 'PD_3,PD_4': 1.0, 'PD_3,PD_6': 0.0, 'PD_3,PD_7': 0.0, 'PD_4,PD_6': 0.0, 'PD_4,PD_7': 0.0, 'PD_6,PD_7': 0.0}, ASR: 1.1666666666666667, TCB: {'PD_1': ['PD_3', 'PD_2', 'PD_4'], 'PD_2': ['PD_4', 'PD_1', 'PD_3'], 'PD_3': ['PD_1', 'PD_2', 'PD_4'], 'PD_4': ['PD_3', 'PD_1', 'PD_2'], 'PD_6': [], 'PD_7': []}, FR: {'PD_1,PD_2': 3, 'PD_1,PD_3': inf, 'PD_1,PD_4': 2, 'PD_1,PD_6': inf, 'PD_1,PD_7': inf, 'PD_2,PD_3': inf, 'PD_2,PD_4': 3, 'PD_2,PD_6': inf, 'PD_2,PD_7': inf, 'PD_3,PD_4': inf, 'PD_3,PD_6': inf, 'PD_3,PD_7': inf, 'PD_4,PD_6': inf, 'PD_4,PD_7': inf, 'PD_6,PD_7': inf}
  Computing metrics...
    RSI: {'PD_1,PD_2': 1.0, 'PD_1,PD_3': 1.0, 'PD_1,PD_4': 1.0, 'PD_1,PD_6': 0.0, 'PD_1,PD_7': 0.0, 'PD_2,PD_3': 1.0, 'PD_2,PD_4': 1.0, 'PD_2,PD_6': 0.0, 'PD_2,PD_7': 0.0, 'PD_3,PD_4': 1.0, 'PD_3,PD_6': 0.0, 'PD_3,PD_7': 0.0, 'PD_4,PD_6': 0.0, 'PD_4,PD_7': 0.0, 'PD_6,PD_7': 0.0}, ASR: 1.0, TCB: {'PD_1': ['PD_3', 'PD_2', 'PD_4'], 'PD_2': ['PD_4', 'PD_1', 'PD_3'], 'PD_3': ['PD_1', 'PD_2', 'PD_4'], 'PD_4': ['PD_1', 'PD_2', 'PD_3'], 'PD_6': [], 'PD_7': []}, FR: {'PD_1,PD_2': inf, 'PD_1,PD_3': inf, 'PD_1,PD_4': inf, 'PD_1,PD_6': inf, 'PD_1,PD_7': inf, 'PD_2,PD_3': inf, 'PD_2,PD_4': inf, 'PD_2,PD_6': inf, 'PD_2,PD_7': inf, 'PD_3,PD_4': inf, 'PD_3,PD_6': inf, 'PD_3,PD_7': inf, 'PD_4,PD_6': inf, 'PD_4,PD_7': inf, 'PD_6,PD_7': inf}
  Computing metrics...
    RSI: {'PD_1,PD_2': 1.0, 'PD_1,PD_3': 1.0, 'PD_1,PD_4': 1.0, 'PD_1,PD_6': 0.0, 'PD_1,PD_7': 0.0, 'PD_2,PD_3': 1.0, 'PD_2,PD_4': 1.0, 'PD_2,PD_6': 0.0, 'PD_2,PD_7': 0.0, 'PD_3,PD_4': 1.0, 'PD_3,PD_6': 0.0, 'PD_3,PD_7': 0.0, 'PD_4,PD_6': 0.0, 'PD_4,PD_7': 0.0, 'PD_6,PD_7': 0.0}, ASR: 1.1666666666666667, TCB: {'PD_1': ['PD_3', 'PD_2', 'PD_4'], 'PD_2': ['PD_4', 'PD_1', 'PD_3'], 'PD_3': ['PD_1', 'PD_2', 'PD_4'], 'PD_4': ['PD_6', 'PD_1', 'PD_2', 'PD_3'], 'PD_6': [], 'PD_7': []}, FR: {'PD_1,PD_2': inf, 'PD_1,PD_3': inf, 'PD_1,PD_4': inf, 'PD_1,PD_6': inf, 'PD_1,PD_7': inf, 'PD_2,PD_3': inf, 'PD_2,PD_4': 3, 'PD_2,PD_6': inf, 'PD_2,PD_7': inf, 'PD_3,PD_4': inf, 'PD_3,PD_6': inf, 'PD_3,PD_7': inf, 'PD_4,PD_6': inf, 'PD_4,PD_7': inf, 'PD_6,PD_7': inf}
  Computing metrics...
    RSI: {'PD_1,PD_2': 1.0, 'PD_1,PD_3': 1.0, 'PD_1,PD_4': 1.0, 'PD_1,PD_6': 0.0, 'PD_1,PD_7': 0.0, 'PD_2,PD_3': 1.0, 'PD_2,PD_4': 1.0, 'PD_2,PD_6': 0.0, 'PD_2,PD_7': 0.0, 'PD_3,PD_4': 1.0, 'PD_3,PD_6': 0.0, 'PD_3,PD_7': 0.0, 'PD_4,PD_6': 0.0, 'PD_4,PD_7': 0.0, 'PD_6,PD_7': 0.0}, ASR: 1.0, TCB: {'PD_1': ['PD_3', 'PD_2', 'PD_4'], 'PD_2': ['PD_4', 'PD_1', 'PD_3'], 'PD_3': ['PD_1', 'PD_2', 'PD_4'], 'PD_4': ['PD_1', 'PD_2', 'PD_3'], 'PD_6': [], 'PD_7': []}, FR: {'PD_1,PD_2': inf, 'PD_1,PD_3': inf, 'PD_1,PD_4': inf, 'PD_1,PD_6': inf, 'PD_1,PD_7': inf, 'PD_2,PD_3': inf, 'PD_2,PD_4': inf, 'PD_2,PD_6': inf, 'PD_2,PD_7': inf, 'PD_3,PD_4': inf, 'PD_3,PD_6': inf, 'PD_3,PD_7': inf, 'PD_4,PD_6': inf, 'PD_4,PD_7': inf, 'PD_6,PD_7': inf}
  Computing metrics...
    RSI: {'PD_1,PD_2': 1.0, 'PD_1,PD_3': 1.0, 'PD_1,PD_4': 1.0, 'PD_1,PD_6': 0.0, 'PD_1,PD_7': 0.0, 'PD_2,PD_3': 1.0, 'PD_2,PD_4': 1.0, 'PD_2,PD_6': 0.0, 'PD_2,PD_7': 0.0, 'PD_3,PD_4': 1.0, 'PD_3,PD_6': 0.0, 'PD_3,PD_7': 0.0, 'PD_4,PD_6': 0.0, 'PD_4,PD_7': 0.0, 'PD_6,PD_7': 0.0}, ASR: 1.1666666666666667, TCB: {'PD_1': ['PD_3', 'PD_2', 'PD_4'], 'PD_2': ['PD_4', 'PD_1', 'PD_3'], 'PD_3': ['PD_1', 'PD_2', 'PD_4'], 'PD_4': ['PD_7', 'PD_1', 'PD_2', 'PD_3'], 'PD_6': [], 'PD_7': []}, FR: {'PD_1,PD_2': inf, 'PD_1,PD_3': inf, 'PD_1,PD_4': inf, 'PD_1,PD_6': inf, 'PD_1,PD_7': inf, 'PD_2,PD_3': inf, 'PD_2,PD_4': 3, 'PD_2,PD_6': inf, 'PD_2,PD_7': inf, 'PD_3,PD_4': inf, 'PD_3,PD_6': inf, 'PD_3,PD_7': inf, 'PD_4,PD_6': inf, 'PD_4,PD_7': inf, 'PD_6,PD_7': inf}
  Computing metrics...
    RSI: {'PD_1,PD_2': 1.0, 'PD_1,PD_3': 1.0, 'PD_1,PD_4': 1.0, 'PD_1,PD_6': 0.0, 'PD_1,PD_7': 0.0, 'PD_2,PD_3': 1.0, 'PD_2,PD_4': 1.0, 'PD_2,PD_6': 0.0, 'PD_2,PD_7': 0.0, 'PD_3,PD_4': 1.0, 'PD_3,PD_6': 0.0, 'PD_3,PD_7': 0.0, 'PD_4,PD_6': 0.0, 'PD_4,PD_7': 0.0, 'PD_6,PD_7': 0.0}, ASR: 1.0, TCB: {'PD_1': ['PD_3', 'PD_2', 'PD_4'], 'PD_2': ['PD_4', 'PD_1', 'PD_3'], 'PD_3': ['PD_1', 'PD_2', 'PD_4'], 'PD_4': ['PD_1', 'PD_2', 'PD_3'], 'PD_6': [], 'PD_7': []}, FR: {'PD_1,PD_2': inf, 'PD_1,PD_3': inf, 'PD_1,PD_4': inf, 'PD_1,PD_6': inf, 'PD_1,PD_7': inf, 'PD_2,PD_3': inf, 'PD_2,PD_4': inf, 'PD_2,PD_6': inf, 'PD_2,PD_7': inf, 'PD_3,PD_4': inf, 'PD_3,PD_6': inf, 'PD_3,PD_7': inf, 'PD_4,PD_6': inf, 'PD_4,PD_7': inf, 'PD_6,PD_7': inf}
  Computing metrics...
    RSI: {'PD_1,PD_2': 1.0, 'PD_1,PD_3': 1.0, 'PD_1,PD_4': 1.0, 'PD_1,PD_6': 0.0, 'PD_1,PD_7': 0.0, 'PD_2,PD_3': 1.0, 'PD_2,PD_4': 1.0, 'PD_2,PD_6': 0.0, 'PD_2,PD_7': 0.0, 'PD_3,PD_4': 1.0, 'PD_3,PD_6': 0.0, 'PD_3,PD_7': 0.0, 'PD_4,PD_6': 0.0, 'PD_4,PD_7': 0.0, 'PD_6,PD_7': 0.0}, ASR: 1.1666666666666667, TCB: {'PD_1': ['PD_3', 'PD_2', 'PD_4'], 'PD_2': ['PD_4', 'PD_1', 'PD_3'], 'PD_3': ['PD_1', 'PD_2', 'PD_4'], 'PD_4': ['PD_1', 'PD_2', 'PD_3'], 'PD_6': ['PD_1'], 'PD_7': []}, FR: {'PD_1,PD_2': inf, 'PD_1,PD_3': inf, 'PD_1,PD_4': inf, 'PD_1,PD_6': 3, 'PD_1,PD_7': inf, 'PD_2,PD_3': inf, 'PD_2,PD_4': inf, 'PD_2,PD_6': inf, 'PD_2,PD_7': inf, 'PD_3,PD_4': inf, 'PD_3,PD_6': inf, 'PD_3,PD_7': inf, 'PD_4,PD_6': inf, 'PD_4,PD_7': inf, 'PD_6,PD_7': inf}
  Computing metrics...
    RSI: {'PD_1,PD_2': 1.0, 'PD_1,PD_3': 1.0, 'PD_1,PD_4': 1.0, 'PD_1,PD_6': 0.0, 'PD_1,PD_7': 0.0, 'PD_2,PD_3': 1.0, 'PD_2,PD_4': 1.0, 'PD_2,PD_6': 0.0, 'PD_2,PD_7': 0.0, 'PD_3,PD_4': 1.0, 'PD_3,PD_6': 0.0, 'PD_3,PD_7': 0.0, 'PD_4,PD_6': 0.0, 'PD_4,PD_7': 0.0, 'PD_6,PD_7': 0.0}, ASR: 1.0, TCB: {'PD_1': ['PD_3', 'PD_2', 'PD_4'], 'PD_2': ['PD_4', 'PD_1', 'PD_3'], 'PD_3': ['PD_1', 'PD_2', 'PD_4'], 'PD_4': ['PD_1', 'PD_2', 'PD_3'], 'PD_6': [], 'PD_7': []}, FR: {'PD_1,PD_2': inf, 'PD_1,PD_3': inf, 'PD_1,PD_4': inf, 'PD_1,PD_6': inf, 'PD_1,PD_7': inf, 'PD_2,PD_3': inf, 'PD_2,PD_4': inf, 'PD_2,PD_6': inf, 'PD_2,PD_7': inf, 'PD_3,PD_4': inf, 'PD_3,PD_6': inf, 'PD_3,PD_7': inf, 'PD_4,PD_6': inf, 'PD_4,PD_7': inf, 'PD_6,PD_7': inf}
  Computing metrics...
    RSI: {'PD_1,PD_2': 1.0, 'PD_1,PD_3': 1.0, 'PD_1,PD_4': 1.0, 'PD_1,PD_6': 0.0, 'PD_1,PD_7': 0.0, 'PD_2,PD_3': 1.0, 'PD_2,PD_4': 1.0, 'PD_2,PD_6': 0.0, 'PD_2,PD_7': 0.0, 'PD_3,PD_4': 1.0, 'PD_3,PD_6': 0.0, 'PD_3,PD_7': 0.0, 'PD_4,PD_6': 0.0, 'PD_4,PD_7': 0.0, 'PD_6,PD_7': 0.0}, ASR: 1.1666666666666667, TCB: {'PD_1': ['PD_3', 'PD_2', 'PD_4'], 'PD_2': ['PD_4', 'PD_1', 'PD_3'], 'PD_3': ['PD_1', 'PD_2', 'PD_4'], 'PD_4': ['PD_1', 'PD_2', 'PD_3'], 'PD_6': ['PD_2'], 'PD_7': []}, FR: {'PD_1,PD_2': inf, 'PD_1,PD_3': inf, 'PD_1,PD_4': inf, 'PD_1,PD_6': inf, 'PD_1,PD_7': inf, 'PD_2,PD_3': inf, 'PD_2,PD_4': inf, 'PD_2,PD_6': 3, 'PD_2,PD_7': inf, 'PD_3,PD_4': inf, 'PD_3,PD_6': inf, 'PD_3,PD_7': inf, 'PD_4,PD_6': inf, 'PD_4,PD_7': inf, 'PD_6,PD_7': inf}
  Computing metrics...
    RSI: {'PD_1,PD_2': 1.0, 'PD_1,PD_3': 1.0, 'PD_1,PD_4': 1.0, 'PD_1,PD_6': 0.0, 'PD_1,PD_7': 0.0, 'PD_2,PD_3': 1.0, 'PD_2,PD_4': 1.0, 'PD_2,PD_6': 0.0, 'PD_2,PD_7': 0.0, 'PD_3,PD_4': 1.0, 'PD_3,PD_6': 0.0, 'PD_3,PD_7': 0.0, 'PD_4,PD_6': 0.0, 'PD_4,PD_7': 0.0, 'PD_6,PD_7': 0.0}, ASR: 1.0, TCB: {'PD_1': ['PD_3', 'PD_2', 'PD_4'], 'PD_2': ['PD_4', 'PD_1', 'PD_3'], 'PD_3': ['PD_1', 'PD_2', 'PD_4'], 'PD_4': ['PD_1', 'PD_2', 'PD_3'], 'PD_6': [], 'PD_7': []}, FR: {'PD_1,PD_2': inf, 'PD_1,PD_3': inf, 'PD_1,PD_4': inf, 'PD_1,PD_6': inf, 'PD_1,PD_7': inf, 'PD_2,PD_3': inf, 'PD_2,PD_4': inf, 'PD_2,PD_6': inf, 'PD_2,PD_7': inf, 'PD_3,PD_4': inf, 'PD_3,PD_6': inf, 'PD_3,PD_7': inf, 'PD_4,PD_6': inf, 'PD_4,PD_7': inf, 'PD_6,PD_7': inf}
  Computing metrics...
    RSI: {'PD_1,PD_2': 1.0, 'PD_1,PD_3': 1.0, 'PD_1,PD_4': 1.0, 'PD_1,PD_6': 0.0, 'PD_1,PD_7': 0.0, 'PD_2,PD_3': 1.0, 'PD_2,PD_4': 1.0, 'PD_2,PD_6': 0.0, 'PD_2,PD_7': 0.0, 'PD_3,PD_4': 1.0, 'PD_3,PD_6': 0.0, 'PD_3,PD_7': 0.0, 'PD_4,PD_6': 0.0, 'PD_4,PD_7': 0.0, 'PD_6,PD_7': 0.0}, ASR: 1.1666666666666667, TCB: {'PD_1': ['PD_3', 'PD_2', 'PD_4'], 'PD_2': ['PD_4', 'PD_1', 'PD_3'], 'PD_3': ['PD_1', 'PD_2', 'PD_4'], 'PD_4': ['PD_1', 'PD_2', 'PD_3'], 'PD_6': ['PD_3'], 'PD_7': []}, FR: {'PD_1,PD_2': inf, 'PD_1,PD_3': inf, 'PD_1,PD_4': inf, 'PD_1,PD_6': 2, 'PD_1,PD_7': inf, 'PD_2,PD_3': inf, 'PD_2,PD_4': inf, 'PD_2,PD_6': inf, 'PD_2,PD_7': inf, 'PD_3,PD_4': inf, 'PD_3,PD_6': inf, 'PD_3,PD_7': inf, 'PD_4,PD_6': inf, 'PD_4,PD_7': inf, 'PD_6,PD_7': inf}
  Computing metrics...
    RSI: {'PD_1,PD_2': 1.0, 'PD_1,PD_3': 1.0, 'PD_1,PD_4': 1.0, 'PD_1,PD_6': 0.0, 'PD_1,PD_7': 0.0, 'PD_2,PD_3': 1.0, 'PD_2,PD_4': 1.0, 'PD_2,PD_6': 0.0, 'PD_2,PD_7': 0.0, 'PD_3,PD_4': 1.0, 'PD_3,PD_6': 0.0, 'PD_3,PD_7': 0.0, 'PD_4,PD_6': 0.0, 'PD_4,PD_7': 0.0, 'PD_6,PD_7': 0.0}, ASR: 1.0, TCB: {'PD_1': ['PD_3', 'PD_2', 'PD_4'], 'PD_2': ['PD_4', 'PD_1', 'PD_3'], 'PD_3': ['PD_1', 'PD_2', 'PD_4'], 'PD_4': ['PD_1', 'PD_2', 'PD_3'], 'PD_6': [], 'PD_7': []}, FR: {'PD_1,PD_2': inf, 'PD_1,PD_3': inf, 'PD_1,PD_4': inf, 'PD_1,PD_6': inf, 'PD_1,PD_7': inf, 'PD_2,PD_3': inf, 'PD_2,PD_4': inf, 'PD_2,PD_6': inf, 'PD_2,PD_7': inf, 'PD_3,PD_4': inf, 'PD_3,PD_6': inf, 'PD_3,PD_7': inf, 'PD_4,PD_6': inf, 'PD_4,PD_7': inf, 'PD_6,PD_7': inf}
  Computing metrics...
    RSI: {'PD_1,PD_2': 1.0, 'PD_1,PD_3': 1.0, 'PD_1,PD_4': 1.0, 'PD_1,PD_6': 0.0, 'PD_1,PD_7': 0.0, 'PD_2,PD_3': 1.0, 'PD_2,PD_4': 1.0, 'PD_2,PD_6': 0.0, 'PD_2,PD_7': 0.0, 'PD_3,PD_4': 1.0, 'PD_3,PD_6': 0.0, 'PD_3,PD_7': 0.0, 'PD_4,PD_6': 0.0, 'PD_4,PD_7': 0.0, 'PD_6,PD_7': 0.0}, ASR: 1.1666666666666667, TCB: {'PD_1': ['PD_3', 'PD_2', 'PD_4'], 'PD_2': ['PD_4', 'PD_1', 'PD_3'], 'PD_3': ['PD_1', 'PD_2', 'PD_4'], 'PD_4': ['PD_1', 'PD_2', 'PD_3'], 'PD_6': ['PD_4'], 'PD_7': []}, FR: {'PD_1,PD_2': inf, 'PD_1,PD_3': inf, 'PD_1,PD_4': inf, 'PD_1,PD_6': inf, 'PD_1,PD_7': inf, 'PD_2,PD_3': inf, 'PD_2,PD_4': inf, 'PD_2,PD_6': 2, 'PD_2,PD_7': inf, 'PD_3,PD_4': inf, 'PD_3,PD_6': inf, 'PD_3,PD_7': inf, 'PD_4,PD_6': inf, 'PD_4,PD_7': inf, 'PD_6,PD_7': inf}
  Computing metrics...
    RSI: {'PD_1,PD_2': 1.0, 'PD_1,PD_3': 1.0, 'PD_1,PD_4': 1.0, 'PD_1,PD_6': 0.0, 'PD_1,PD_7': 0.0, 'PD_2,PD_3': 1.0, 'PD_2,PD_4': 1.0, 'PD_2,PD_6': 0.0, 'PD_2,PD_7': 0.0, 'PD_3,PD_4': 1.0, 'PD_3,PD_6': 0.0, 'PD_3,PD_7': 0.0, 'PD_4,PD_6': 0.0, 'PD_4,PD_7': 0.0, 'PD_6,PD_7': 0.0}, ASR: 1.0, TCB: {'PD_1': ['PD_3', 'PD_2', 'PD_4'], 'PD_2': ['PD_4', 'PD_1', 'PD_3'], 'PD_3': ['PD_1', 'PD_2', 'PD_4'], 'PD_4': ['PD_1', 'PD_2', 'PD_3'], 'PD_6': [], 'PD_7': []}, FR: {'PD_1,PD_2': inf, 'PD_1,PD_3': inf, 'PD_1,PD_4': inf, 'PD_1,PD_6': inf, 'PD_1,PD_7': inf, 'PD_2,PD_3': inf, 'PD_2,PD_4': inf, 'PD_2,PD_6': inf, 'PD_2,PD_7': inf, 'PD_3,PD_4': inf, 'PD_3,PD_6': inf, 'PD_3,PD_7': inf, 'PD_4,PD_6': inf, 'PD_4,PD_7': inf, 'PD_6,PD_7': inf}
  Computing metrics...
    RSI: {'PD_1,PD_2': 1.0, 'PD_1,PD_3': 1.0, 'PD_1,PD_4': 1.0, 'PD_1,PD_6': 0.0, 'PD_1,PD_7': 0.0, 'PD_2,PD_3': 1.0, 'PD_2,PD_4': 1.0, 'PD_2,PD_6': 0.0, 'PD_2,PD_7': 0.0, 'PD_3,PD_4': 1.0, 'PD_3,PD_6': 0.0, 'PD_3,PD_7': 0.0, 'PD_4,PD_6': 0.0, 'PD_4,PD_7': 0.0, 'PD_6,PD_7': 0.0}, ASR: 1.1666666666666667, TCB: {'PD_1': ['PD_3', 'PD_2', 'PD_4'], 'PD_2': ['PD_4', 'PD_1', 'PD_3'], 'PD_3': ['PD_1', 'PD_2', 'PD_4'], 'PD_4': ['PD_1', 'PD_2', 'PD_3'], 'PD_6': ['PD_7'], 'PD_7': []}, FR: {'PD_1,PD_2': inf, 'PD_1,PD_3': inf, 'PD_1,PD_4': inf, 'PD_1,PD_6': inf, 'PD_1,PD_7': inf, 'PD_2,PD_3': inf, 'PD_2,PD_4': inf, 'PD_2,PD_6': inf, 'PD_2,PD_7': inf, 'PD_3,PD_4': inf, 'PD_3,PD_6': inf, 'PD_3,PD_7': inf, 'PD_4,PD_6': inf, 'PD_4,PD_7': inf, 'PD_6,PD_7': inf}
  Computing metrics...
    RSI: {'PD_1,PD_2': 1.0, 'PD_1,PD_3': 1.0, 'PD_1,PD_4': 1.0, 'PD_1,PD_6': 0.0, 'PD_1,PD_7': 0.0, 'PD_2,PD_3': 1.0, 'PD_2,PD_4': 1.0, 'PD_2,PD_6': 0.0, 'PD_2,PD_7': 0.0, 'PD_3,PD_4': 1.0, 'PD_3,PD_6': 0.0, 'PD_3,PD_7': 0.0, 'PD_4,PD_6': 0.0, 'PD_4,PD_7': 0.0, 'PD_6,PD_7': 0.0}, ASR: 1.0, TCB: {'PD_1': ['PD_3', 'PD_2', 'PD_4'], 'PD_2': ['PD_4', 'PD_1', 'PD_3'], 'PD_3': ['PD_1', 'PD_2', 'PD_4'], 'PD_4': ['PD_1', 'PD_2', 'PD_3'], 'PD_6': [], 'PD_7': []}, FR: {'PD_1,PD_2': inf, 'PD_1,PD_3': inf, 'PD_1,PD_4': inf, 'PD_1,PD_6': inf, 'PD_1,PD_7': inf, 'PD_2,PD_3': inf, 'PD_2,PD_4': inf, 'PD_2,PD_6': inf, 'PD_2,PD_7': inf, 'PD_3,PD_4': inf, 'PD_3,PD_6': inf, 'PD_3,PD_7': inf, 'PD_4,PD_6': inf, 'PD_4,PD_7': inf, 'PD_6,PD_7': inf}
  Computing metrics...
    RSI: {'PD_1,PD_2': 1.0, 'PD_1,PD_3': 1.0, 'PD_1,PD_4': 1.0, 'PD_1,PD_6': 0.0, 'PD_1,PD_7': 0.0, 'PD_2,PD_3': 1.0, 'PD_2,PD_4': 1.0, 'PD_2,PD_6': 0.0, 'PD_2,PD_7': 0.0, 'PD_3,PD_4': 1.0, 'PD_3,PD_6': 0.0, 'PD_3,PD_7': 0.0, 'PD_4,PD_6': 0.0, 'PD_4,PD_7': 0.0, 'PD_6,PD_7': 0.0}, ASR: 1.1666666666666667, TCB: {'PD_1': ['PD_3', 'PD_2', 'PD_4'], 'PD_2': ['PD_4', 'PD_1', 'PD_3'], 'PD_3': ['PD_1', 'PD_2', 'PD_4'], 'PD_4': ['PD_1', 'PD_2', 'PD_3'], 'PD_6': [], 'PD_7': ['PD_1']}, FR: {'PD_1,PD_2': inf, 'PD_1,PD_3': inf, 'PD_1,PD_4': inf, 'PD_1,PD_6': inf, 'PD_1,PD_7': 3, 'PD_2,PD_3': inf, 'PD_2,PD_4': inf, 'PD_2,PD_6': inf, 'PD_2,PD_7': inf, 'PD_3,PD_4': inf, 'PD_3,PD_6': inf, 'PD_3,PD_7': inf, 'PD_4,PD_6': inf, 'PD_4,PD_7': inf, 'PD_6,PD_7': inf}
  Computing metrics...
    RSI: {'PD_1,PD_2': 1.0, 'PD_1,PD_3': 1.0, 'PD_1,PD_4': 1.0, 'PD_1,PD_6': 0.0, 'PD_1,PD_7': 0.0, 'PD_2,PD_3': 1.0, 'PD_2,PD_4': 1.0, 'PD_2,PD_6': 0.0, 'PD_2,PD_7': 0.0, 'PD_3,PD_4': 1.0, 'PD_3,PD_6': 0.0, 'PD_3,PD_7': 0.0, 'PD_4,PD_6': 0.0, 'PD_4,PD_7': 0.0, 'PD_6,PD_7': 0.0}, ASR: 1.0, TCB: {'PD_1': ['PD_3', 'PD_2', 'PD_4'], 'PD_2': ['PD_4', 'PD_1', 'PD_3'], 'PD_3': ['PD_1', 'PD_2', 'PD_4'], 'PD_4': ['PD_1', 'PD_2', 'PD_3'], 'PD_6': [], 'PD_7': []}, FR: {'PD_1,PD_2': inf, 'PD_1,PD_3': inf, 'PD_1,PD_4': inf, 'PD_1,PD_6': inf, 'PD_1,PD_7': inf, 'PD_2,PD_3': inf, 'PD_2,PD_4': inf, 'PD_2,PD_6': inf, 'PD_2,PD_7': inf, 'PD_3,PD_4': inf, 'PD_3,PD_6': inf, 'PD_3,PD_7': inf, 'PD_4,PD_6': inf, 'PD_4,PD_7': inf, 'PD_6,PD_7': inf}
  Computing metrics...
    RSI: {'PD_1,PD_2': 1.0, 'PD_1,PD_3': 1.0, 'PD_1,PD_4': 1.0, 'PD_1,PD_6': 0.0, 'PD_1,PD_7': 0.0, 'PD_2,PD_3': 1.0, 'PD_2,PD_4': 1.0, 'PD_2,PD_6': 0.0, 'PD_2,PD_7': 0.0, 'PD_3,PD_4': 1.0, 'PD_3,PD_6': 0.0, 'PD_3,PD_7': 0.0, 'PD_4,PD_6': 0.0, 'PD_4,PD_7': 0.0, 'PD_6,PD_7': 0.0}, ASR: 1.1666666666666667, TCB: {'PD_1': ['PD_3', 'PD_2', 'PD_4'], 'PD_2': ['PD_4', 'PD_1', 'PD_3'], 'PD_3': ['PD_1', 'PD_2', 'PD_4'], 'PD_4': ['PD_1', 'PD_2', 'PD_3'], 'PD_6': [], 'PD_7': ['PD_2']}, FR: {'PD_1,PD_2': inf, 'PD_1,PD_3': inf, 'PD_1,PD_4': inf, 'PD_1,PD_6': inf, 'PD_1,PD_7': inf, 'PD_2,PD_3': inf, 'PD_2,PD_4': inf, 'PD_2,PD_6': inf, 'PD_2,PD_7': 3, 'PD_3,PD_4': inf, 'PD_3,PD_6': inf, 'PD_3,PD_7': inf, 'PD_4,PD_6': inf, 'PD_4,PD_7': inf, 'PD_6,PD_7': inf}
  Computing metrics...
    RSI: {'PD_1,PD_2': 1.0, 'PD_1,PD_3': 1.0, 'PD_1,PD_4': 1.0, 'PD_1,PD_6': 0.0, 'PD_1,PD_7': 0.0, 'PD_2,PD_3': 1.0, 'PD_2,PD_4': 1.0, 'PD_2,PD_6': 0.0, 'PD_2,PD_7': 0.0, 'PD_3,PD_4': 1.0, 'PD_3,PD_6': 0.0, 'PD_3,PD_7': 0.0, 'PD_4,PD_6': 0.0, 'PD_4,PD_7': 0.0, 'PD_6,PD_7': 0.0}, ASR: 1.0, TCB: {'PD_1': ['PD_3', 'PD_2', 'PD_4'], 'PD_2': ['PD_4', 'PD_1', 'PD_3'], 'PD_3': ['PD_1', 'PD_2', 'PD_4'], 'PD_4': ['PD_1', 'PD_2', 'PD_3'], 'PD_6': [], 'PD_7': []}, FR: {'PD_1,PD_2': inf, 'PD_1,PD_3': inf, 'PD_1,PD_4': inf, 'PD_1,PD_6': inf, 'PD_1,PD_7': inf, 'PD_2,PD_3': inf, 'PD_2,PD_4': inf, 'PD_2,PD_6': inf, 'PD_2,PD_7': inf, 'PD_3,PD_4': inf, 'PD_3,PD_6': inf, 'PD_3,PD_7': inf, 'PD_4,PD_6': inf, 'PD_4,PD_7': inf, 'PD_6,PD_7': inf}
  Computing metrics...
    RSI: {'PD_1,PD_2': 1.0, 'PD_1,PD_3': 1.0, 'PD_1,PD_4': 1.0, 'PD_1,PD_6': 0.0, 'PD_1,PD_7': 0.0, 'PD_2,PD_3': 1.0, 'PD_2,PD_4': 1.0, 'PD_2,PD_6': 0.0, 'PD_2,PD_7': 0.0, 'PD_3,PD_4': 1.0, 'PD_3,PD_6': 0.0, 'PD_3,PD_7': 0.0, 'PD_4,PD_6': 0.0, 'PD_4,PD_7': 0.0, 'PD_6,PD_7': 0.0}, ASR: 1.1666666666666667, TCB: {'PD_1': ['PD_3', 'PD_2', 'PD_4'], 'PD_2': ['PD_4', 'PD_1', 'PD_3'], 'PD_3': ['PD_1', 'PD_2', 'PD_4'], 'PD_4': ['PD_1', 'PD_2', 'PD_3'], 'PD_6': [], 'PD_7': ['PD_3']}, FR: {'PD_1,PD_2': inf, 'PD_1,PD_3': inf, 'PD_1,PD_4': inf, 'PD_1,PD_6': inf, 'PD_1,PD_7': 2, 'PD_2,PD_3': inf, 'PD_2,PD_4': inf, 'PD_2,PD_6': inf, 'PD_2,PD_7': inf, 'PD_3,PD_4': inf, 'PD_3,PD_6': inf, 'PD_3,PD_7': inf, 'PD_4,PD_6': inf, 'PD_4,PD_7': inf, 'PD_6,PD_7': inf}
  Computing metrics...
    RSI: {'PD_1,PD_2': 1.0, 'PD_1,PD_3': 1.0, 'PD_1,PD_4': 1.0, 'PD_1,PD_6': 0.0, 'PD_1,PD_7': 0.0, 'PD_2,PD_3': 1.0, 'PD_2,PD_4': 1.0, 'PD_2,PD_6': 0.0, 'PD_2,PD_7': 0.0, 'PD_3,PD_4': 1.0, 'PD_3,PD_6': 0.0, 'PD_3,PD_7': 0.0, 'PD_4,PD_6': 0.0, 'PD_4,PD_7': 0.0, 'PD_6,PD_7': 0.0}, ASR: 1.0, TCB: {'PD_1': ['PD_3', 'PD_2', 'PD_4'], 'PD_2': ['PD_4', 'PD_1', 'PD_3'], 'PD_3': ['PD_1', 'PD_2', 'PD_4'], 'PD_4': ['PD_1', 'PD_2', 'PD_3'], 'PD_6': [], 'PD_7': []}, FR: {'PD_1,PD_2': inf, 'PD_1,PD_3': inf, 'PD_1,PD_4': inf, 'PD_1,PD_6': inf, 'PD_1,PD_7': inf, 'PD_2,PD_3': inf, 'PD_2,PD_4': inf, 'PD_2,PD_6': inf, 'PD_2,PD_7': inf, 'PD_3,PD_4': inf, 'PD_3,PD_6': inf, 'PD_3,PD_7': inf, 'PD_4,PD_6': inf, 'PD_4,PD_7': inf, 'PD_6,PD_7': inf}
  Computing metrics...
    RSI: {'PD_1,PD_2': 1.0, 'PD_1,PD_3': 1.0, 'PD_1,PD_4': 1.0, 'PD_1,PD_6': 0.0, 'PD_1,PD_7': 0.0, 'PD_2,PD_3': 1.0, 'PD_2,PD_4': 1.0, 'PD_2,PD_6': 0.0, 'PD_2,PD_7': 0.0, 'PD_3,PD_4': 1.0, 'PD_3,PD_6': 0.0, 'PD_3,PD_7': 0.0, 'PD_4,PD_6': 0.0, 'PD_4,PD_7': 0.0, 'PD_6,PD_7': 0.0}, ASR: 1.1666666666666667, TCB: {'PD_1': ['PD_3', 'PD_2', 'PD_4'], 'PD_2': ['PD_4', 'PD_1', 'PD_3'], 'PD_3': ['PD_1', 'PD_2', 'PD_4'], 'PD_4': ['PD_1', 'PD_2', 'PD_3'], 'PD_6': [], 'PD_7': ['PD_4']}, FR: {'PD_1,PD_2': inf, 'PD_1,PD_3': inf, 'PD_1,PD_4': inf, 'PD_1,PD_6': inf, 'PD_1,PD_7': inf, 'PD_2,PD_3': inf, 'PD_2,PD_4': inf, 'PD_2,PD_6': inf, 'PD_2,PD_7': 2, 'PD_3,PD_4': inf, 'PD_3,PD_6': inf, 'PD_3,PD_7': inf, 'PD_4,PD_6': inf, 'PD_4,PD_7': inf, 'PD_6,PD_7': inf}
  Computing metrics...
    RSI: {'PD_1,PD_2': 1.0, 'PD_1,PD_3': 1.0, 'PD_1,PD_4': 1.0, 'PD_1,PD_6': 0.0, 'PD_1,PD_7': 0.0, 'PD_2,PD_3': 1.0, 'PD_2,PD_4': 1.0, 'PD_2,PD_6': 0.0, 'PD_2,PD_7': 0.0, 'PD_3,PD_4': 1.0, 'PD_3,PD_6': 0.0, 'PD_3,PD_7': 0.0, 'PD_4,PD_6': 0.0, 'PD_4,PD_7': 0.0, 'PD_6,PD_7': 0.0}, ASR: 1.0, TCB: {'PD_1': ['PD_3', 'PD_2', 'PD_4'], 'PD_2': ['PD_4', 'PD_1', 'PD_3'], 'PD_3': ['PD_1', 'PD_2', 'PD_4'], 'PD_4': ['PD_1', 'PD_2', 'PD_3'], 'PD_6': [], 'PD_7': []}, FR: {'PD_1,PD_2': inf, 'PD_1,PD_3': inf, 'PD_1,PD_4': inf, 'PD_1,PD_6': inf, 'PD_1,PD_7': inf, 'PD_2,PD_3': inf, 'PD_2,PD_4': inf, 'PD_2,PD_6': inf, 'PD_2,PD_7': inf, 'PD_3,PD_4': inf, 'PD_3,PD_6': inf, 'PD_3,PD_7': inf, 'PD_4,PD_6': inf, 'PD_4,PD_7': inf, 'PD_6,PD_7': inf}
  Computing metrics...
    RSI: {'PD_1,PD_2': 1.0, 'PD_1,PD_3': 1.0, 'PD_1,PD_4': 1.0, 'PD_1,PD_6': 0.0, 'PD_1,PD_7': 0.0, 'PD_2,PD_3': 1.0, 'PD_2,PD_4': 1.0, 'PD_2,PD_6': 0.0, 'PD_2,PD_7': 0.0, 'PD_3,PD_4': 1.0, 'PD_3,PD_6': 0.0, 'PD_3,PD_7': 0.0, 'PD_4,PD_6': 0.0, 'PD_4,PD_7': 0.0, 'PD_6,PD_7': 0.0}, ASR: 1.1666666666666667, TCB: {'PD_1': ['PD_3', 'PD_2', 'PD_4'], 'PD_2': ['PD_4', 'PD_1', 'PD_3'], 'PD_3': ['PD_1', 'PD_2', 'PD_4'], 'PD_4': ['PD_1', 'PD_2', 'PD_3'], 'PD_6': [], 'PD_7': ['PD_6']}, FR: {'PD_1,PD_2': inf, 'PD_1,PD_3': inf, 'PD_1,PD_4': inf, 'PD_1,PD_6': inf, 'PD_1,PD_7': inf, 'PD_2,PD_3': inf, 'PD_2,PD_4': inf, 'PD_2,PD_6': inf, 'PD_2,PD_7': inf, 'PD_3,PD_4': inf, 'PD_3,PD_6': inf, 'PD_3,PD_7': inf, 'PD_4,PD_6': inf, 'PD_4,PD_7': inf, 'PD_6,PD_7': inf}
  Computing metrics...
    RSI: {'PD_1,PD_2': 1.0, 'PD_1,PD_3': 1.0, 'PD_1,PD_4': 1.0, 'PD_1,PD_6': 0.0, 'PD_1,PD_7': 0.0, 'PD_2,PD_3': 1.0, 'PD_2,PD_4': 1.0, 'PD_2,PD_6': 0.0, 'PD_2,PD_7': 0.0, 'PD_3,PD_4': 1.0, 'PD_3,PD_6': 0.0, 'PD_3,PD_7': 0.0, 'PD_4,PD_6': 0.0, 'PD_4,PD_7': 0.0, 'PD_6,PD_7': 0.0}, ASR: 1.0, TCB: {'PD_1': ['PD_3', 'PD_2', 'PD_4'], 'PD_2': ['PD_4', 'PD_1', 'PD_3'], 'PD_3': ['PD_1', 'PD_2', 'PD_4'], 'PD_4': ['PD_1', 'PD_2', 'PD_3'], 'PD_6': [], 'PD_7': []}, FR: {'PD_1,PD_2': inf, 'PD_1,PD_3': inf, 'PD_1,PD_4': inf, 'PD_1,PD_6': inf, 'PD_1,PD_7': inf, 'PD_2,PD_3': inf, 'PD_2,PD_4': inf, 'PD_2,PD_6': inf, 'PD_2,PD_7': inf, 'PD_3,PD_4': inf, 'PD_3,PD_6': inf, 'PD_3,PD_7': inf, 'PD_4,PD_6': inf, 'PD_4,PD_7': inf, 'PD_6,PD_7': inf}
  Computing metrics...
    RSI: {'PD_1,PD_2': 1.0, 'PD_1,PD_3': 1.0, 'PD_1,PD_4': 1.0, 'PD_1,PD_6': 0.0, 'PD_1,PD_7': 0.0, 'PD_2,PD_3': 1.0, 'PD_2,PD_4': 1.0, 'PD_2,PD_6': 0.0, 'PD_2,PD_7': 0.0, 'PD_3,PD_4': 1.0, 'PD_3,PD_6': 0.0, 'PD_3,PD_7': 0.0, 'PD_4,PD_6': 0.0, 'PD_4,PD_7': 0.0, 'PD_6,PD_7': 0.0}, ASR: 0.8333333333333334, TCB: {'PD_1': ['PD_2', 'PD_3', 'PD_4'], 'PD_2': ['PD_4', 'PD_1', 'PD_3'], 'PD_3': ['PD_1', 'PD_2', 'PD_4'], 'PD_4': ['PD_1', 'PD_2', 'PD_3'], 'PD_6': [], 'PD_7': []}, FR: {'PD_1,PD_2': inf, 'PD_1,PD_3': inf, 'PD_1,PD_4': inf, 'PD_1,PD_6': inf, 'PD_1,PD_7': inf, 'PD_2,PD_3': inf, 'PD_2,PD_4': inf, 'PD_2,PD_6': inf, 'PD_2,PD_7': inf, 'PD_3,PD_4': inf, 'PD_3,PD_6': inf, 'PD_3,PD_7': inf, 'PD_4,PD_6': inf, 'PD_4,PD_7': inf, 'PD_6,PD_7': inf}
  Computing metrics...
    RSI: {'PD_1,PD_2': 1.0, 'PD_1,PD_3': 1.0, 'PD_1,PD_4': 1.0, 'PD_1,PD_6': 0.0, 'PD_1,PD_7': 0.0, 'PD_2,PD_3': 1.0, 'PD_2,PD_4': 1.0, 'PD_2,PD_6': 0.0, 'PD_2,PD_7': 0.0, 'PD_3,PD_4': 1.0, 'PD_3,PD_6': 0.0, 'PD_3,PD_7': 0.0, 'PD_4,PD_6': 0.0, 'PD_4,PD_7': 0.0, 'PD_6,PD_7': 0.0}, ASR: 1.0, TCB: {'PD_1': ['PD_3', 'PD_2', 'PD_4'], 'PD_2': ['PD_4', 'PD_1', 'PD_3'], 'PD_3': ['PD_1', 'PD_2', 'PD_4'], 'PD_4': ['PD_1', 'PD_2', 'PD_3'], 'PD_6': [], 'PD_7': []}, FR: {'PD_1,PD_2': inf, 'PD_1,PD_3': inf, 'PD_1,PD_4': inf, 'PD_1,PD_6': inf, 'PD_1,PD_7': inf, 'PD_2,PD_3': inf, 'PD_2,PD_4': inf, 'PD_2,PD_6': inf, 'PD_2,PD_7': inf, 'PD_3,PD_4': inf, 'PD_3,PD_6': inf, 'PD_3,PD_7': inf, 'PD_4,PD_6': inf, 'PD_4,PD_7': inf, 'PD_6,PD_7': inf}
  Computing metrics...
    RSI: {'PD_1,PD_2': 1.0, 'PD_1,PD_3': 1.0, 'PD_1,PD_4': 1.0, 'PD_1,PD_6': 0.0, 'PD_1,PD_7': 0.0, 'PD_2,PD_3': 1.0, 'PD_2,PD_4': 1.0, 'PD_2,PD_6': 0.0, 'PD_2,PD_7': 0.0, 'PD_3,PD_4': 1.0, 'PD_3,PD_6': 0.0, 'PD_3,PD_7': 0.0, 'PD_4,PD_6': 0.0, 'PD_4,PD_7': 0.0, 'PD_6,PD_7': 0.0}, ASR: 0.8333333333333334, TCB: {'PD_1': ['PD_3', 'PD_2', 'PD_4'], 'PD_2': ['PD_1', 'PD_3', 'PD_4'], 'PD_3': ['PD_1', 'PD_2', 'PD_4'], 'PD_4': ['PD_1', 'PD_2', 'PD_3'], 'PD_6': [], 'PD_7': []}, FR: {'PD_1,PD_2': inf, 'PD_1,PD_3': inf, 'PD_1,PD_4': inf, 'PD_1,PD_6': inf, 'PD_1,PD_7': inf, 'PD_2,PD_3': inf, 'PD_2,PD_4': inf, 'PD_2,PD_6': inf, 'PD_2,PD_7': inf, 'PD_3,PD_4': inf, 'PD_3,PD_6': inf, 'PD_3,PD_7': inf, 'PD_4,PD_6': inf, 'PD_4,PD_7': inf, 'PD_6,PD_7': inf}
  Computing metrics...
    RSI: {'PD_1,PD_2': 1.0, 'PD_1,PD_3': 1.0, 'PD_1,PD_4': 1.0, 'PD_1,PD_6': 0.0, 'PD_1,PD_7': 0.0, 'PD_2,PD_3': 1.0, 'PD_2,PD_4': 1.0, 'PD_2,PD_6': 0.0, 'PD_2,PD_7': 0.0, 'PD_3,PD_4': 1.0, 'PD_3,PD_6': 0.0, 'PD_3,PD_7': 0.0, 'PD_4,PD_6': 0.0, 'PD_4,PD_7': 0.0, 'PD_6,PD_7': 0.0}, ASR: 1.0, TCB: {'PD_1': ['PD_3', 'PD_2', 'PD_4'], 'PD_2': ['PD_4', 'PD_1', 'PD_3'], 'PD_3': ['PD_1', 'PD_2', 'PD_4'], 'PD_4': ['PD_1', 'PD_2', 'PD_3'], 'PD_6': [], 'PD_7': []}, FR: {'PD_1,PD_2': inf, 'PD_1,PD_3': inf, 'PD_1,PD_4': inf, 'PD_1,PD_6': inf, 'PD_1,PD_7': inf, 'PD_2,PD_3': inf, 'PD_2,PD_4': inf, 'PD_2,PD_6': inf, 'PD_2,PD_7': inf, 'PD_3,PD_4': inf, 'PD_3,PD_6': inf, 'PD_3,PD_7': inf, 'PD_4,PD_6': inf, 'PD_4,PD_7': inf, 'PD_6,PD_7': inf}
  Computing metrics...
    RSI: {'PD_1,PD_2': 1.0, 'PD_1,PD_3': 1.0, 'PD_1,PD_4': 1.0, 'PD_1,PD_6': 0.0, 'PD_1,PD_7': 0.0, 'PD_2,PD_3': 1.0, 'PD_2,PD_4': 1.0, 'PD_2,PD_6': 0.0, 'PD_2,PD_7': 0.0, 'PD_3,PD_4': 1.0, 'PD_3,PD_6': 0.0, 'PD_3,PD_7': 0.0, 'PD_4,PD_6': 0.0, 'PD_4,PD_7': 0.0, 'PD_6,PD_7': 0.0}, ASR: 1.0, TCB: {'PD_1': ['PD_3', 'PD_2', 'PD_4'], 'PD_2': ['PD_4', 'PD_1', 'PD_3'], 'PD_3': ['PD_1', 'PD_2', 'PD_4'], 'PD_4': ['PD_1', 'PD_2', 'PD_3'], 'PD_6': [], 'PD_7': []}, FR: {'PD_1,PD_2': inf, 'PD_1,PD_3': inf, 'PD_1,PD_4': inf, 'PD_1,PD_6': inf, 'PD_1,PD_7': inf, 'PD_2,PD_3': inf, 'PD_2,PD_4': inf, 'PD_2,PD_6': inf, 'PD_2,PD_7': inf, 'PD_3,PD_4': inf, 'PD_3,PD_6': inf, 'PD_3,PD_7': inf, 'PD_4,PD_6': inf, 'PD_4,PD_7': inf, 'PD_6,PD_7': inf}
  🚫 Filtered out 1 'add_pd' candidates (avoiding repetition)
  Trying best transition: primitive
    Target: remove empty PD_6
    Predicted improvement: 0.100
    Considered 44 other option(s):
      1. primitive: remove empty PD_7 (improvement: 0.100)
      2. primitive: create new CONFIG file in FILE_SPACE_1 (improvement: 0.100)
      3. primitive: create new DATABASE file in FILE_SPACE_1 (improvement: 0.100)
      4. primitive: create new TEMP file in FILE_SPACE_1 (improvement: 0.100)
      5. primitive: create new LOG file in FILE_SPACE_1 (improvement: 0.100)
      6. primitive: remove FILE_1_1 (holders: 4) (improvement: 0.100)
      7. primitive: create new FILE resource space (improvement: 0.100)
      8. primitive: connect PD_6 to FILE_1_1 (improvement: 0.100)
      9. primitive: connect PD_7 to FILE_1_1 (improvement: 0.100)
      10. primitive: remove PD_3 -> FILE_1_1 HOLD edge (improvement: 0.100)
      ... and 34 more
    ✅ Applied remove_pd
  Computing metrics...
    RSI: {'PD_1,PD_2': 1.0, 'PD_1,PD_3': 1.0, 'PD_1,PD_4': 1.0, 'PD_1,PD_7': 0.0, 'PD_2,PD_3': 1.0, 'PD_2,PD_4': 1.0, 'PD_2,PD_7': 0.0, 'PD_3,PD_4': 1.0, 'PD_3,PD_7': 0.0, 'PD_4,PD_7': 0.0}, ASR: 1.2, TCB: {'PD_1': ['PD_3', 'PD_2', 'PD_4'], 'PD_2': ['PD_4', 'PD_1', 'PD_3'], 'PD_3': ['PD_1', 'PD_2', 'PD_4'], 'PD_4': ['PD_1', 'PD_2', 'PD_3'], 'PD_7': []}, FR: {'PD_1,PD_2': inf, 'PD_1,PD_3': inf, 'PD_1,PD_4': inf, 'PD_1,PD_7': inf, 'PD_2,PD_3': inf, 'PD_2,PD_4': inf, 'PD_2,PD_7': inf, 'PD_3,PD_4': inf, 'PD_3,PD_7': inf, 'PD_4,PD_7': inf}
    All 1 goals met!
    All 1 goal(s) met!
  ✅ Mechanism saved! Total mechanisms found: 7

📊 Graph after iteration 7:
        # Graph structure:
        # PD_1 --REQUEST--> PD_3
        # PD_1 --HOLD--> FILE_1_1 -> FILE_SPACE_1
        # PD_2 --REQUEST--> PD_4
        # PD_2 --HOLD--> FILE_1_1 -> FILE_SPACE_1
        # PD_3 --HOLD--> FILE_1_1 -> FILE_SPACE_1
        # PD_4 --HOLD--> FILE_1_1 -> FILE_SPACE_1
        # PD_7
        #
        # FILE_1_1 shared by: PD_1, PD_2, PD_3, PD_4


Iteration 8/10
  Computing metrics...
    RSI: {'PD_1,PD_2': 1.0, 'PD_1,PD_3': 1.0, 'PD_1,PD_4': 1.0, 'PD_1,PD_7': 0.0, 'PD_2,PD_3': 1.0, 'PD_2,PD_4': 1.0, 'PD_2,PD_7': 0.0, 'PD_3,PD_4': 1.0, 'PD_3,PD_7': 0.0, 'PD_4,PD_7': 0.0}, ASR: 1.2, TCB: {'PD_1': ['PD_3', 'PD_2', 'PD_4'], 'PD_2': ['PD_4', 'PD_1', 'PD_3'], 'PD_3': ['PD_1', 'PD_2', 'PD_4'], 'PD_4': ['PD_1', 'PD_2', 'PD_3'], 'PD_7': []}, FR: {'PD_1,PD_2': inf, 'PD_1,PD_3': inf, 'PD_1,PD_4': inf, 'PD_1,PD_7': inf, 'PD_2,PD_3': inf, 'PD_2,PD_4': inf, 'PD_2,PD_7': inf, 'PD_3,PD_4': inf, 'PD_3,PD_7': inf, 'PD_4,PD_7': inf}
  Computing metrics...
    RSI: {'PD_1,PD_2': 1.0, 'PD_1,PD_3': 1.0, 'PD_1,PD_4': 1.0, 'PD_1,PD_7': 0.0, 'PD_1,PD_8': 0.0, 'PD_2,PD_3': 1.0, 'PD_2,PD_4': 1.0, 'PD_2,PD_7': 0.0, 'PD_2,PD_8': 0.0, 'PD_3,PD_4': 1.0, 'PD_3,PD_7': 0.0, 'PD_3,PD_8': 0.0, 'PD_4,PD_7': 0.0, 'PD_4,PD_8': 0.0, 'PD_7,PD_8': 0.0}, ASR: 1.0, TCB: {'PD_1': ['PD_3', 'PD_2', 'PD_4'], 'PD_2': ['PD_4', 'PD_1', 'PD_3'], 'PD_3': ['PD_1', 'PD_2', 'PD_4'], 'PD_4': ['PD_1', 'PD_2', 'PD_3'], 'PD_7': [], 'PD_8': []}, FR: {'PD_1,PD_2': inf, 'PD_1,PD_3': inf, 'PD_1,PD_4': inf, 'PD_1,PD_7': inf, 'PD_1,PD_8': inf, 'PD_2,PD_3': inf, 'PD_2,PD_4': inf, 'PD_2,PD_7': inf, 'PD_2,PD_8': inf, 'PD_3,PD_4': inf, 'PD_3,PD_7': inf, 'PD_3,PD_8': inf, 'PD_4,PD_7': inf, 'PD_4,PD_8': inf, 'PD_7,PD_8': inf}
  Computing metrics...
    RSI: {'PD_1,PD_2': 1.0, 'PD_1,PD_3': 1.0, 'PD_1,PD_4': 1.0, 'PD_1,PD_7': 0.0, 'PD_2,PD_3': 1.0, 'PD_2,PD_4': 1.0, 'PD_2,PD_7': 0.0, 'PD_3,PD_4': 1.0, 'PD_3,PD_7': 0.0, 'PD_4,PD_7': 0.0}, ASR: 1.2, TCB: {'PD_1': ['PD_3', 'PD_2', 'PD_4'], 'PD_2': ['PD_4', 'PD_1', 'PD_3'], 'PD_3': ['PD_1', 'PD_2', 'PD_4'], 'PD_4': ['PD_1', 'PD_2', 'PD_3'], 'PD_7': []}, FR: {'PD_1,PD_2': inf, 'PD_1,PD_3': inf, 'PD_1,PD_4': inf, 'PD_1,PD_7': inf, 'PD_2,PD_3': inf, 'PD_2,PD_4': inf, 'PD_2,PD_7': inf, 'PD_3,PD_4': inf, 'PD_3,PD_7': inf, 'PD_4,PD_7': inf}
  Computing metrics...
    RSI: {'PD_1,PD_2': 1.0, 'PD_1,PD_3': 1.0, 'PD_1,PD_4': 1.0, 'PD_1,PD_7': 0.0, 'PD_2,PD_3': 1.0, 'PD_2,PD_4': 1.0, 'PD_2,PD_7': 0.0, 'PD_3,PD_4': 1.0, 'PD_3,PD_7': 0.0, 'PD_4,PD_7': 0.0}, ASR: 1.2, TCB: {'PD_1': ['PD_3', 'PD_2', 'PD_4'], 'PD_2': ['PD_4', 'PD_1', 'PD_3'], 'PD_3': ['PD_1', 'PD_2', 'PD_4'], 'PD_4': ['PD_1', 'PD_2', 'PD_3'], 'PD_7': []}, FR: {'PD_1,PD_2': inf, 'PD_1,PD_3': inf, 'PD_1,PD_4': inf, 'PD_1,PD_7': inf, 'PD_2,PD_3': inf, 'PD_2,PD_4': inf, 'PD_2,PD_7': inf, 'PD_3,PD_4': inf, 'PD_3,PD_7': inf, 'PD_4,PD_7': inf}
  Computing metrics...
    RSI: {'PD_1,PD_2': 1.0, 'PD_1,PD_3': 1.0, 'PD_1,PD_4': 1.0, 'PD_1,PD_7': 0.0, 'PD_2,PD_3': 1.0, 'PD_2,PD_4': 1.0, 'PD_2,PD_7': 0.0, 'PD_3,PD_4': 1.0, 'PD_3,PD_7': 0.0, 'PD_4,PD_7': 0.0}, ASR: 1.2, TCB: {'PD_1': ['PD_3', 'PD_2', 'PD_4'], 'PD_2': ['PD_4', 'PD_1', 'PD_3'], 'PD_3': ['PD_1', 'PD_2', 'PD_4'], 'PD_4': ['PD_1', 'PD_2', 'PD_3'], 'PD_7': []}, FR: {'PD_1,PD_2': inf, 'PD_1,PD_3': inf, 'PD_1,PD_4': inf, 'PD_1,PD_7': inf, 'PD_2,PD_3': inf, 'PD_2,PD_4': inf, 'PD_2,PD_7': inf, 'PD_3,PD_4': inf, 'PD_3,PD_7': inf, 'PD_4,PD_7': inf}
  Computing metrics...
    RSI: {'PD_1,PD_2': 1.0, 'PD_1,PD_3': 1.0, 'PD_1,PD_4': 1.0, 'PD_1,PD_7': 0.0, 'PD_2,PD_3': 1.0, 'PD_2,PD_4': 1.0, 'PD_2,PD_7': 0.0, 'PD_3,PD_4': 1.0, 'PD_3,PD_7': 0.0, 'PD_4,PD_7': 0.0}, ASR: 1.2, TCB: {'PD_1': ['PD_3', 'PD_2', 'PD_4'], 'PD_2': ['PD_4', 'PD_1', 'PD_3'], 'PD_3': ['PD_1', 'PD_2', 'PD_4'], 'PD_4': ['PD_1', 'PD_2', 'PD_3'], 'PD_7': []}, FR: {'PD_1,PD_2': inf, 'PD_1,PD_3': inf, 'PD_1,PD_4': inf, 'PD_1,PD_7': inf, 'PD_2,PD_3': inf, 'PD_2,PD_4': inf, 'PD_2,PD_7': inf, 'PD_3,PD_4': inf, 'PD_3,PD_7': inf, 'PD_4,PD_7': inf}
  Computing metrics...
    RSI: {'PD_1,PD_2': 1.0, 'PD_1,PD_3': 1.0, 'PD_1,PD_4': 1.0, 'PD_1,PD_7': 0.0, 'PD_2,PD_3': 1.0, 'PD_2,PD_4': 1.0, 'PD_2,PD_7': 0.0, 'PD_3,PD_4': 1.0, 'PD_3,PD_7': 0.0, 'PD_4,PD_7': 0.0}, ASR: 1.2, TCB: {'PD_1': ['PD_3', 'PD_2', 'PD_4'], 'PD_2': ['PD_4', 'PD_1', 'PD_3'], 'PD_3': ['PD_1', 'PD_2', 'PD_4'], 'PD_4': ['PD_1', 'PD_2', 'PD_3'], 'PD_7': []}, FR: {'PD_1,PD_2': inf, 'PD_1,PD_3': inf, 'PD_1,PD_4': inf, 'PD_1,PD_7': inf, 'PD_2,PD_3': inf, 'PD_2,PD_4': inf, 'PD_2,PD_7': inf, 'PD_3,PD_4': inf, 'PD_3,PD_7': inf, 'PD_4,PD_7': inf}
  Computing metrics...
    RSI: {'PD_1,PD_2': 1.0, 'PD_1,PD_3': 1.0, 'PD_1,PD_4': 1.0, 'PD_1,PD_7': 0.0, 'PD_2,PD_3': 1.0, 'PD_2,PD_4': 1.0, 'PD_2,PD_7': 0.0, 'PD_3,PD_4': 1.0, 'PD_3,PD_7': 0.0, 'PD_4,PD_7': 0.0}, ASR: 1.2, TCB: {'PD_1': ['PD_3', 'PD_2', 'PD_4'], 'PD_2': ['PD_4', 'PD_1', 'PD_3'], 'PD_3': ['PD_1', 'PD_2', 'PD_4'], 'PD_4': ['PD_1', 'PD_2', 'PD_3'], 'PD_7': []}, FR: {'PD_1,PD_2': inf, 'PD_1,PD_3': inf, 'PD_1,PD_4': inf, 'PD_1,PD_7': inf, 'PD_2,PD_3': inf, 'PD_2,PD_4': inf, 'PD_2,PD_7': inf, 'PD_3,PD_4': inf, 'PD_3,PD_7': inf, 'PD_4,PD_7': inf}
  Computing metrics...
    RSI: {'PD_1,PD_2': 1.0, 'PD_1,PD_3': 1.0, 'PD_1,PD_4': 1.0, 'PD_1,PD_7': 0.0, 'PD_2,PD_3': 1.0, 'PD_2,PD_4': 1.0, 'PD_2,PD_7': 0.0, 'PD_3,PD_4': 1.0, 'PD_3,PD_7': 0.0, 'PD_4,PD_7': 0.0}, ASR: 1.2, TCB: {'PD_1': ['PD_3', 'PD_2', 'PD_4'], 'PD_2': ['PD_4', 'PD_1', 'PD_3'], 'PD_3': ['PD_1', 'PD_2', 'PD_4'], 'PD_4': ['PD_1', 'PD_2', 'PD_3'], 'PD_7': []}, FR: {'PD_1,PD_2': inf, 'PD_1,PD_3': inf, 'PD_1,PD_4': inf, 'PD_1,PD_7': inf, 'PD_2,PD_3': inf, 'PD_2,PD_4': inf, 'PD_2,PD_7': inf, 'PD_3,PD_4': inf, 'PD_3,PD_7': inf, 'PD_4,PD_7': inf}
  Computing metrics...
    RSI: {'PD_1,PD_2': 1.0, 'PD_1,PD_3': 1.0, 'PD_1,PD_4': 1.0, 'PD_1,PD_7': 0.0, 'PD_2,PD_3': 1.0, 'PD_2,PD_4': 1.0, 'PD_2,PD_7': 0.0, 'PD_3,PD_4': 1.0, 'PD_3,PD_7': 0.0, 'PD_4,PD_7': 0.0}, ASR: 1.2, TCB: {'PD_1': ['PD_3', 'PD_2', 'PD_4'], 'PD_2': ['PD_4', 'PD_1', 'PD_3'], 'PD_3': ['PD_1', 'PD_2', 'PD_4'], 'PD_4': ['PD_1', 'PD_2', 'PD_3'], 'PD_7': []}, FR: {'PD_1,PD_2': inf, 'PD_1,PD_3': inf, 'PD_1,PD_4': inf, 'PD_1,PD_7': inf, 'PD_2,PD_3': inf, 'PD_2,PD_4': inf, 'PD_2,PD_7': inf, 'PD_3,PD_4': inf, 'PD_3,PD_7': inf, 'PD_4,PD_7': inf}
  Computing metrics...
    RSI: {'PD_1,PD_2': 1.0, 'PD_1,PD_3': 1.0, 'PD_1,PD_4': 1.0, 'PD_1,PD_7': 0.0, 'PD_2,PD_3': 1.0, 'PD_2,PD_4': 1.0, 'PD_2,PD_7': 0.0, 'PD_3,PD_4': 1.0, 'PD_3,PD_7': 0.0, 'PD_4,PD_7': 0.0}, ASR: 1.2, TCB: {'PD_1': ['PD_3', 'PD_2', 'PD_4'], 'PD_2': ['PD_4', 'PD_1', 'PD_3'], 'PD_3': ['PD_1', 'PD_2', 'PD_4'], 'PD_4': ['PD_1', 'PD_2', 'PD_3'], 'PD_7': []}, FR: {'PD_1,PD_2': inf, 'PD_1,PD_3': inf, 'PD_1,PD_4': inf, 'PD_1,PD_7': inf, 'PD_2,PD_3': inf, 'PD_2,PD_4': inf, 'PD_2,PD_7': inf, 'PD_3,PD_4': inf, 'PD_3,PD_7': inf, 'PD_4,PD_7': inf}
  Computing metrics...
    RSI: {'PD_1,PD_2': 1.0, 'PD_1,PD_3': 1.0, 'PD_1,PD_4': 1.0, 'PD_1,PD_7': 0.0, 'PD_2,PD_3': 1.0, 'PD_2,PD_4': 1.0, 'PD_2,PD_7': 0.0, 'PD_3,PD_4': 1.0, 'PD_3,PD_7': 0.0, 'PD_4,PD_7': 0.0}, ASR: 1.2, TCB: {'PD_1': ['PD_3', 'PD_2', 'PD_4'], 'PD_2': ['PD_4', 'PD_1', 'PD_3'], 'PD_3': ['PD_1', 'PD_2', 'PD_4'], 'PD_4': ['PD_1', 'PD_2', 'PD_3'], 'PD_7': []}, FR: {'PD_1,PD_2': inf, 'PD_1,PD_3': inf, 'PD_1,PD_4': inf, 'PD_1,PD_7': inf, 'PD_2,PD_3': inf, 'PD_2,PD_4': inf, 'PD_2,PD_7': inf, 'PD_3,PD_4': inf, 'PD_3,PD_7': inf, 'PD_4,PD_7': inf}
  Computing metrics...
    RSI: {'PD_1,PD_2': 1.0, 'PD_1,PD_3': 1.0, 'PD_1,PD_4': 1.0, 'PD_1,PD_7': 0.0, 'PD_2,PD_3': 1.0, 'PD_2,PD_4': 1.0, 'PD_2,PD_7': 0.0, 'PD_3,PD_4': 1.0, 'PD_3,PD_7': 0.0, 'PD_4,PD_7': 0.0}, ASR: 1.2, TCB: {'PD_1': ['PD_3', 'PD_2', 'PD_4'], 'PD_2': ['PD_4', 'PD_1', 'PD_3'], 'PD_3': ['PD_1', 'PD_2', 'PD_4'], 'PD_4': ['PD_1', 'PD_2', 'PD_3'], 'PD_7': []}, FR: {'PD_1,PD_2': inf, 'PD_1,PD_3': inf, 'PD_1,PD_4': inf, 'PD_1,PD_7': inf, 'PD_2,PD_3': inf, 'PD_2,PD_4': inf, 'PD_2,PD_7': inf, 'PD_3,PD_4': inf, 'PD_3,PD_7': inf, 'PD_4,PD_7': inf}
  Computing metrics...
    RSI: {'PD_1,PD_2': 1.0, 'PD_1,PD_3': 1.0, 'PD_1,PD_4': 1.0, 'PD_1,PD_7': 0.0, 'PD_2,PD_3': 1.0, 'PD_2,PD_4': 1.0, 'PD_2,PD_7': 0.0, 'PD_3,PD_4': 1.0, 'PD_3,PD_7': 0.0, 'PD_4,PD_7': 0.0}, ASR: 1.2, TCB: {'PD_1': ['PD_3', 'PD_2', 'PD_4'], 'PD_2': ['PD_4', 'PD_1', 'PD_3'], 'PD_3': ['PD_1', 'PD_2', 'PD_4'], 'PD_4': ['PD_1', 'PD_2', 'PD_3'], 'PD_7': []}, FR: {'PD_1,PD_2': inf, 'PD_1,PD_3': inf, 'PD_1,PD_4': inf, 'PD_1,PD_7': inf, 'PD_2,PD_3': inf, 'PD_2,PD_4': inf, 'PD_2,PD_7': inf, 'PD_3,PD_4': inf, 'PD_3,PD_7': inf, 'PD_4,PD_7': inf}
  Computing metrics...
    RSI: {'PD_1,PD_2': 1.0, 'PD_1,PD_3': 1.0, 'PD_1,PD_4': 1.0, 'PD_1,PD_7': 0.0, 'PD_2,PD_3': 1.0, 'PD_2,PD_4': 1.0, 'PD_2,PD_7': 0.0, 'PD_3,PD_4': 1.0, 'PD_3,PD_7': 0.0, 'PD_4,PD_7': 0.0}, ASR: 1.2, TCB: {'PD_1': ['PD_3', 'PD_2', 'PD_4'], 'PD_2': ['PD_4', 'PD_1', 'PD_3'], 'PD_3': ['PD_1', 'PD_2', 'PD_4'], 'PD_4': ['PD_1', 'PD_2', 'PD_3'], 'PD_7': []}, FR: {'PD_1,PD_2': inf, 'PD_1,PD_3': inf, 'PD_1,PD_4': inf, 'PD_1,PD_7': inf, 'PD_2,PD_3': inf, 'PD_2,PD_4': inf, 'PD_2,PD_7': inf, 'PD_3,PD_4': inf, 'PD_3,PD_7': inf, 'PD_4,PD_7': inf}
  Computing metrics...
    RSI: {'PD_1,PD_2': 1.0, 'PD_1,PD_3': 1.0, 'PD_1,PD_4': 1.0, 'PD_1,PD_7': 0.0, 'PD_2,PD_3': 1.0, 'PD_2,PD_4': 1.0, 'PD_2,PD_7': 0.0, 'PD_3,PD_4': 1.0, 'PD_3,PD_7': 0.0, 'PD_4,PD_7': 0.0}, ASR: 1.2, TCB: {'PD_1': ['PD_3', 'PD_2', 'PD_4'], 'PD_2': ['PD_4', 'PD_1', 'PD_3'], 'PD_3': ['PD_1', 'PD_2', 'PD_4'], 'PD_4': ['PD_1', 'PD_2', 'PD_3'], 'PD_7': []}, FR: {'PD_1,PD_2': inf, 'PD_1,PD_3': inf, 'PD_1,PD_4': inf, 'PD_1,PD_7': inf, 'PD_2,PD_3': inf, 'PD_2,PD_4': inf, 'PD_2,PD_7': inf, 'PD_3,PD_4': inf, 'PD_3,PD_7': inf, 'PD_4,PD_7': inf}
  Computing metrics...
    RSI: {'PD_1,PD_2': 1.0, 'PD_1,PD_3': 1.0, 'PD_1,PD_4': 1.0, 'PD_1,PD_7': 0.0, 'PD_2,PD_3': 1.0, 'PD_2,PD_4': 1.0, 'PD_2,PD_7': 0.0, 'PD_3,PD_4': 1.0, 'PD_3,PD_7': 0.0, 'PD_4,PD_7': 0.0}, ASR: 1.2, TCB: {'PD_1': ['PD_3', 'PD_2', 'PD_4'], 'PD_2': ['PD_4', 'PD_1', 'PD_3'], 'PD_3': ['PD_1', 'PD_2', 'PD_4'], 'PD_4': ['PD_1', 'PD_2', 'PD_3'], 'PD_7': []}, FR: {'PD_1,PD_2': inf, 'PD_1,PD_3': inf, 'PD_1,PD_4': inf, 'PD_1,PD_7': inf, 'PD_2,PD_3': inf, 'PD_2,PD_4': inf, 'PD_2,PD_7': inf, 'PD_3,PD_4': inf, 'PD_3,PD_7': inf, 'PD_4,PD_7': inf}
  Computing metrics...
    RSI: {'PD_1,PD_2': 1.0, 'PD_1,PD_3': 1.0, 'PD_1,PD_4': 1.0, 'PD_1,PD_7': 1.0, 'PD_2,PD_3': 1.0, 'PD_2,PD_4': 1.0, 'PD_2,PD_7': 1.0, 'PD_3,PD_4': 1.0, 'PD_3,PD_7': 1.0, 'PD_4,PD_7': 1.0}, ASR: 1.4, TCB: {'PD_1': ['PD_3', 'PD_2', 'PD_4', 'PD_7'], 'PD_2': ['PD_4', 'PD_1', 'PD_3', 'PD_7'], 'PD_3': ['PD_1', 'PD_2', 'PD_4', 'PD_7'], 'PD_4': ['PD_1', 'PD_2', 'PD_3', 'PD_7'], 'PD_7': ['PD_1', 'PD_2', 'PD_3', 'PD_4']}, FR: {'PD_1,PD_2': inf, 'PD_1,PD_3': inf, 'PD_1,PD_4': inf, 'PD_1,PD_7': inf, 'PD_2,PD_3': inf, 'PD_2,PD_4': inf, 'PD_2,PD_7': inf, 'PD_3,PD_4': inf, 'PD_3,PD_7': inf, 'PD_4,PD_7': inf}
  Computing metrics...
    RSI: {'PD_1,PD_2': 1.0, 'PD_1,PD_3': 1.0, 'PD_1,PD_4': 1.0, 'PD_1,PD_7': 0.0, 'PD_2,PD_3': 1.0, 'PD_2,PD_4': 1.0, 'PD_2,PD_7': 0.0, 'PD_3,PD_4': 1.0, 'PD_3,PD_7': 0.0, 'PD_4,PD_7': 0.0}, ASR: 1.2, TCB: {'PD_1': ['PD_3', 'PD_2', 'PD_4'], 'PD_2': ['PD_4', 'PD_1', 'PD_3'], 'PD_3': ['PD_1', 'PD_2', 'PD_4'], 'PD_4': ['PD_1', 'PD_2', 'PD_3'], 'PD_7': []}, FR: {'PD_1,PD_2': inf, 'PD_1,PD_3': inf, 'PD_1,PD_4': inf, 'PD_1,PD_7': inf, 'PD_2,PD_3': inf, 'PD_2,PD_4': inf, 'PD_2,PD_7': inf, 'PD_3,PD_4': inf, 'PD_3,PD_7': inf, 'PD_4,PD_7': inf}
  Computing metrics...
    RSI: {'PD_1,PD_2': 0.0, 'PD_1,PD_3': 0.0, 'PD_1,PD_4': 0.0, 'PD_1,PD_7': 0.0, 'PD_2,PD_3': 1.0, 'PD_2,PD_4': 1.0, 'PD_2,PD_7': 0.0, 'PD_3,PD_4': 1.0, 'PD_3,PD_7': 0.0, 'PD_4,PD_7': 0.0}, ASR: 1.0, TCB: {'PD_1': ['PD_3'], 'PD_2': ['PD_4', 'PD_3'], 'PD_3': ['PD_2', 'PD_4'], 'PD_4': ['PD_2', 'PD_3'], 'PD_7': []}, FR: {'PD_1,PD_2': inf, 'PD_1,PD_3': inf, 'PD_1,PD_4': inf, 'PD_1,PD_7': inf, 'PD_2,PD_3': inf, 'PD_2,PD_4': inf, 'PD_2,PD_7': inf, 'PD_3,PD_4': inf, 'PD_3,PD_7': inf, 'PD_4,PD_7': inf}
    🎯 remove_hold_edge goal: -10.00, constraint: 0.00, unsatisfiable: 0.00, diversity: 0.00 → total: -4.90
    remove_hold_edge candidate: remove PD_1 -> FILE_1_1 HOLD edge -> score: -4.900
  Computing metrics...
    RSI: {'PD_1,PD_2': 1.0, 'PD_1,PD_3': 1.0, 'PD_1,PD_4': 1.0, 'PD_1,PD_7': 0.0, 'PD_2,PD_3': 1.0, 'PD_2,PD_4': 1.0, 'PD_2,PD_7': 0.0, 'PD_3,PD_4': 1.0, 'PD_3,PD_7': 0.0, 'PD_4,PD_7': 0.0}, ASR: 1.2, TCB: {'PD_1': ['PD_3', 'PD_2', 'PD_4'], 'PD_2': ['PD_4', 'PD_1', 'PD_3'], 'PD_3': ['PD_1', 'PD_2', 'PD_4'], 'PD_4': ['PD_1', 'PD_2', 'PD_3'], 'PD_7': []}, FR: {'PD_1,PD_2': inf, 'PD_1,PD_3': inf, 'PD_1,PD_4': inf, 'PD_1,PD_7': inf, 'PD_2,PD_3': inf, 'PD_2,PD_4': inf, 'PD_2,PD_7': inf, 'PD_3,PD_4': inf, 'PD_3,PD_7': inf, 'PD_4,PD_7': inf}
  Computing metrics...
    RSI: {'PD_1,PD_2': 0.0, 'PD_1,PD_3': 1.0, 'PD_1,PD_4': 1.0, 'PD_1,PD_7': 0.0, 'PD_2,PD_3': 0.0, 'PD_2,PD_4': 0.0, 'PD_2,PD_7': 0.0, 'PD_3,PD_4': 1.0, 'PD_3,PD_7': 0.0, 'PD_4,PD_7': 0.0}, ASR: 1.0, TCB: {'PD_1': ['PD_3', 'PD_4'], 'PD_2': ['PD_4'], 'PD_3': ['PD_1', 'PD_4'], 'PD_4': ['PD_1', 'PD_3'], 'PD_7': []}, FR: {'PD_1,PD_2': inf, 'PD_1,PD_3': inf, 'PD_1,PD_4': inf, 'PD_1,PD_7': inf, 'PD_2,PD_3': inf, 'PD_2,PD_4': inf, 'PD_2,PD_7': inf, 'PD_3,PD_4': inf, 'PD_3,PD_7': inf, 'PD_4,PD_7': inf}
    🎯 remove_hold_edge goal: -10.00, constraint: 0.00, unsatisfiable: 0.00, diversity: 0.00 → total: -4.90
    remove_hold_edge candidate: remove PD_2 -> FILE_1_1 HOLD edge -> score: -4.900
  Computing metrics...
    RSI: {'PD_1,PD_2': 1.0, 'PD_1,PD_3': 1.0, 'PD_1,PD_4': 1.0, 'PD_1,PD_7': 0.0, 'PD_2,PD_3': 1.0, 'PD_2,PD_4': 1.0, 'PD_2,PD_7': 0.0, 'PD_3,PD_4': 1.0, 'PD_3,PD_7': 0.0, 'PD_4,PD_7': 0.0}, ASR: 1.2, TCB: {'PD_1': ['PD_3', 'PD_2', 'PD_4'], 'PD_2': ['PD_4', 'PD_1', 'PD_3'], 'PD_3': ['PD_1', 'PD_2', 'PD_4'], 'PD_4': ['PD_1', 'PD_2', 'PD_3'], 'PD_7': []}, FR: {'PD_1,PD_2': inf, 'PD_1,PD_3': inf, 'PD_1,PD_4': inf, 'PD_1,PD_7': inf, 'PD_2,PD_3': inf, 'PD_2,PD_4': inf, 'PD_2,PD_7': inf, 'PD_3,PD_4': inf, 'PD_3,PD_7': inf, 'PD_4,PD_7': inf}
  Computing metrics...
    RSI: {'PD_1,PD_2': 1.0, 'PD_1,PD_3': 0.0, 'PD_1,PD_4': 1.0, 'PD_1,PD_7': 0.0, 'PD_2,PD_3': 0.0, 'PD_2,PD_4': 1.0, 'PD_2,PD_7': 0.0, 'PD_3,PD_4': 0.0, 'PD_3,PD_7': 0.0, 'PD_4,PD_7': 0.0}, ASR: 1.0, TCB: {'PD_1': ['PD_3', 'PD_2', 'PD_4'], 'PD_2': ['PD_4', 'PD_1'], 'PD_3': [], 'PD_4': ['PD_1', 'PD_2'], 'PD_7': []}, FR: {'PD_1,PD_2': inf, 'PD_1,PD_3': inf, 'PD_1,PD_4': inf, 'PD_1,PD_7': inf, 'PD_2,PD_3': inf, 'PD_2,PD_4': inf, 'PD_2,PD_7': inf, 'PD_3,PD_4': inf, 'PD_3,PD_7': inf, 'PD_4,PD_7': inf}
    remove_hold_edge candidate: remove PD_3 -> FILE_1_1 HOLD edge -> score: 0.100
  Computing metrics...
    RSI: {'PD_1,PD_2': 1.0, 'PD_1,PD_3': 1.0, 'PD_1,PD_4': 1.0, 'PD_1,PD_7': 0.0, 'PD_2,PD_3': 1.0, 'PD_2,PD_4': 1.0, 'PD_2,PD_7': 0.0, 'PD_3,PD_4': 1.0, 'PD_3,PD_7': 0.0, 'PD_4,PD_7': 0.0}, ASR: 1.2, TCB: {'PD_1': ['PD_3', 'PD_2', 'PD_4'], 'PD_2': ['PD_4', 'PD_1', 'PD_3'], 'PD_3': ['PD_1', 'PD_2', 'PD_4'], 'PD_4': ['PD_1', 'PD_2', 'PD_3'], 'PD_7': []}, FR: {'PD_1,PD_2': inf, 'PD_1,PD_3': inf, 'PD_1,PD_4': inf, 'PD_1,PD_7': inf, 'PD_2,PD_3': inf, 'PD_2,PD_4': inf, 'PD_2,PD_7': inf, 'PD_3,PD_4': inf, 'PD_3,PD_7': inf, 'PD_4,PD_7': inf}
  Computing metrics...
    RSI: {'PD_1,PD_2': 1.0, 'PD_1,PD_3': 1.0, 'PD_1,PD_4': 0.0, 'PD_1,PD_7': 0.0, 'PD_2,PD_3': 1.0, 'PD_2,PD_4': 0.0, 'PD_2,PD_7': 0.0, 'PD_3,PD_4': 0.0, 'PD_3,PD_7': 0.0, 'PD_4,PD_7': 0.0}, ASR: 1.0, TCB: {'PD_1': ['PD_3', 'PD_2'], 'PD_2': ['PD_4', 'PD_1', 'PD_3'], 'PD_3': ['PD_1', 'PD_2'], 'PD_4': [], 'PD_7': []}, FR: {'PD_1,PD_2': inf, 'PD_1,PD_3': inf, 'PD_1,PD_4': inf, 'PD_1,PD_7': inf, 'PD_2,PD_3': inf, 'PD_2,PD_4': inf, 'PD_2,PD_7': inf, 'PD_3,PD_4': inf, 'PD_3,PD_7': inf, 'PD_4,PD_7': inf}
    remove_hold_edge candidate: remove PD_4 -> FILE_1_1 HOLD edge -> score: 0.100
  Computing metrics...
    RSI: {'PD_1,PD_2': 1.0, 'PD_1,PD_3': 1.0, 'PD_1,PD_4': 1.0, 'PD_1,PD_7': 0.0, 'PD_2,PD_3': 1.0, 'PD_2,PD_4': 1.0, 'PD_2,PD_7': 0.0, 'PD_3,PD_4': 1.0, 'PD_3,PD_7': 0.0, 'PD_4,PD_7': 0.0}, ASR: 1.2, TCB: {'PD_1': ['PD_3', 'PD_2', 'PD_4'], 'PD_2': ['PD_4', 'PD_1', 'PD_3'], 'PD_3': ['PD_1', 'PD_2', 'PD_4'], 'PD_4': ['PD_1', 'PD_2', 'PD_3'], 'PD_7': []}, FR: {'PD_1,PD_2': inf, 'PD_1,PD_3': inf, 'PD_1,PD_4': inf, 'PD_1,PD_7': inf, 'PD_2,PD_3': inf, 'PD_2,PD_4': inf, 'PD_2,PD_7': inf, 'PD_3,PD_4': inf, 'PD_3,PD_7': inf, 'PD_4,PD_7': inf}
  Computing metrics...
    RSI: {'PD_1,PD_2': 1.0, 'PD_1,PD_3': 1.0, 'PD_1,PD_4': 1.0, 'PD_1,PD_7': 0.0, 'PD_2,PD_3': 1.0, 'PD_2,PD_4': 1.0, 'PD_2,PD_7': 0.0, 'PD_3,PD_4': 1.0, 'PD_3,PD_7': 0.0, 'PD_4,PD_7': 0.0}, ASR: 1.4, TCB: {'PD_1': ['PD_3', 'PD_2', 'PD_4'], 'PD_2': ['PD_4', 'PD_1', 'PD_3'], 'PD_3': ['PD_1', 'PD_2', 'PD_4'], 'PD_4': ['PD_1', 'PD_2', 'PD_3'], 'PD_7': []}, FR: {'PD_1,PD_2': 3, 'PD_1,PD_3': inf, 'PD_1,PD_4': inf, 'PD_1,PD_7': inf, 'PD_2,PD_3': inf, 'PD_2,PD_4': inf, 'PD_2,PD_7': inf, 'PD_3,PD_4': inf, 'PD_3,PD_7': inf, 'PD_4,PD_7': inf}
  Computing metrics...
    RSI: {'PD_1,PD_2': 1.0, 'PD_1,PD_3': 1.0, 'PD_1,PD_4': 1.0, 'PD_1,PD_7': 0.0, 'PD_2,PD_3': 1.0, 'PD_2,PD_4': 1.0, 'PD_2,PD_7': 0.0, 'PD_3,PD_4': 1.0, 'PD_3,PD_7': 0.0, 'PD_4,PD_7': 0.0}, ASR: 1.2, TCB: {'PD_1': ['PD_3', 'PD_2', 'PD_4'], 'PD_2': ['PD_4', 'PD_1', 'PD_3'], 'PD_3': ['PD_1', 'PD_2', 'PD_4'], 'PD_4': ['PD_1', 'PD_2', 'PD_3'], 'PD_7': []}, FR: {'PD_1,PD_2': inf, 'PD_1,PD_3': inf, 'PD_1,PD_4': inf, 'PD_1,PD_7': inf, 'PD_2,PD_3': inf, 'PD_2,PD_4': inf, 'PD_2,PD_7': inf, 'PD_3,PD_4': inf, 'PD_3,PD_7': inf, 'PD_4,PD_7': inf}
  Computing metrics...
    RSI: {'PD_1,PD_2': 1.0, 'PD_1,PD_3': 1.0, 'PD_1,PD_4': 1.0, 'PD_1,PD_7': 0.0, 'PD_2,PD_3': 1.0, 'PD_2,PD_4': 1.0, 'PD_2,PD_7': 0.0, 'PD_3,PD_4': 1.0, 'PD_3,PD_7': 0.0, 'PD_4,PD_7': 0.0}, ASR: 1.4, TCB: {'PD_1': ['PD_3', 'PD_4', 'PD_2'], 'PD_2': ['PD_4', 'PD_1', 'PD_3'], 'PD_3': ['PD_1', 'PD_2', 'PD_4'], 'PD_4': ['PD_1', 'PD_2', 'PD_3'], 'PD_7': []}, FR: {'PD_1,PD_2': 2, 'PD_1,PD_3': inf, 'PD_1,PD_4': inf, 'PD_1,PD_7': inf, 'PD_2,PD_3': inf, 'PD_2,PD_4': inf, 'PD_2,PD_7': inf, 'PD_3,PD_4': inf, 'PD_3,PD_7': inf, 'PD_4,PD_7': inf}
  Computing metrics...
    RSI: {'PD_1,PD_2': 1.0, 'PD_1,PD_3': 1.0, 'PD_1,PD_4': 1.0, 'PD_1,PD_7': 0.0, 'PD_2,PD_3': 1.0, 'PD_2,PD_4': 1.0, 'PD_2,PD_7': 0.0, 'PD_3,PD_4': 1.0, 'PD_3,PD_7': 0.0, 'PD_4,PD_7': 0.0}, ASR: 1.2, TCB: {'PD_1': ['PD_3', 'PD_2', 'PD_4'], 'PD_2': ['PD_4', 'PD_1', 'PD_3'], 'PD_3': ['PD_1', 'PD_2', 'PD_4'], 'PD_4': ['PD_1', 'PD_2', 'PD_3'], 'PD_7': []}, FR: {'PD_1,PD_2': inf, 'PD_1,PD_3': inf, 'PD_1,PD_4': inf, 'PD_1,PD_7': inf, 'PD_2,PD_3': inf, 'PD_2,PD_4': inf, 'PD_2,PD_7': inf, 'PD_3,PD_4': inf, 'PD_3,PD_7': inf, 'PD_4,PD_7': inf}
  Computing metrics...
    RSI: {'PD_1,PD_2': 1.0, 'PD_1,PD_3': 1.0, 'PD_1,PD_4': 1.0, 'PD_1,PD_7': 0.0, 'PD_2,PD_3': 1.0, 'PD_2,PD_4': 1.0, 'PD_2,PD_7': 0.0, 'PD_3,PD_4': 1.0, 'PD_3,PD_7': 0.0, 'PD_4,PD_7': 0.0}, ASR: 1.4, TCB: {'PD_1': ['PD_3', 'PD_7', 'PD_2', 'PD_4'], 'PD_2': ['PD_4', 'PD_1', 'PD_3'], 'PD_3': ['PD_1', 'PD_2', 'PD_4'], 'PD_4': ['PD_1', 'PD_2', 'PD_3'], 'PD_7': []}, FR: {'PD_1,PD_2': inf, 'PD_1,PD_3': inf, 'PD_1,PD_4': inf, 'PD_1,PD_7': inf, 'PD_2,PD_3': inf, 'PD_2,PD_4': inf, 'PD_2,PD_7': inf, 'PD_3,PD_4': inf, 'PD_3,PD_7': inf, 'PD_4,PD_7': inf}
  Computing metrics...
    RSI: {'PD_1,PD_2': 1.0, 'PD_1,PD_3': 1.0, 'PD_1,PD_4': 1.0, 'PD_1,PD_7': 0.0, 'PD_2,PD_3': 1.0, 'PD_2,PD_4': 1.0, 'PD_2,PD_7': 0.0, 'PD_3,PD_4': 1.0, 'PD_3,PD_7': 0.0, 'PD_4,PD_7': 0.0}, ASR: 1.2, TCB: {'PD_1': ['PD_3', 'PD_2', 'PD_4'], 'PD_2': ['PD_4', 'PD_1', 'PD_3'], 'PD_3': ['PD_1', 'PD_2', 'PD_4'], 'PD_4': ['PD_1', 'PD_2', 'PD_3'], 'PD_7': []}, FR: {'PD_1,PD_2': inf, 'PD_1,PD_3': inf, 'PD_1,PD_4': inf, 'PD_1,PD_7': inf, 'PD_2,PD_3': inf, 'PD_2,PD_4': inf, 'PD_2,PD_7': inf, 'PD_3,PD_4': inf, 'PD_3,PD_7': inf, 'PD_4,PD_7': inf}
  Computing metrics...
    RSI: {'PD_1,PD_2': 1.0, 'PD_1,PD_3': 1.0, 'PD_1,PD_4': 1.0, 'PD_1,PD_7': 0.0, 'PD_2,PD_3': 1.0, 'PD_2,PD_4': 1.0, 'PD_2,PD_7': 0.0, 'PD_3,PD_4': 1.0, 'PD_3,PD_7': 0.0, 'PD_4,PD_7': 0.0}, ASR: 1.4, TCB: {'PD_1': ['PD_3', 'PD_2', 'PD_4'], 'PD_2': ['PD_4', 'PD_1', 'PD_3'], 'PD_3': ['PD_1', 'PD_2', 'PD_4'], 'PD_4': ['PD_1', 'PD_2', 'PD_3'], 'PD_7': []}, FR: {'PD_1,PD_2': 3, 'PD_1,PD_3': inf, 'PD_1,PD_4': inf, 'PD_1,PD_7': inf, 'PD_2,PD_3': inf, 'PD_2,PD_4': inf, 'PD_2,PD_7': inf, 'PD_3,PD_4': inf, 'PD_3,PD_7': inf, 'PD_4,PD_7': inf}
  Computing metrics...
    RSI: {'PD_1,PD_2': 1.0, 'PD_1,PD_3': 1.0, 'PD_1,PD_4': 1.0, 'PD_1,PD_7': 0.0, 'PD_2,PD_3': 1.0, 'PD_2,PD_4': 1.0, 'PD_2,PD_7': 0.0, 'PD_3,PD_4': 1.0, 'PD_3,PD_7': 0.0, 'PD_4,PD_7': 0.0}, ASR: 1.2, TCB: {'PD_1': ['PD_3', 'PD_2', 'PD_4'], 'PD_2': ['PD_4', 'PD_1', 'PD_3'], 'PD_3': ['PD_1', 'PD_2', 'PD_4'], 'PD_4': ['PD_1', 'PD_2', 'PD_3'], 'PD_7': []}, FR: {'PD_1,PD_2': inf, 'PD_1,PD_3': inf, 'PD_1,PD_4': inf, 'PD_1,PD_7': inf, 'PD_2,PD_3': inf, 'PD_2,PD_4': inf, 'PD_2,PD_7': inf, 'PD_3,PD_4': inf, 'PD_3,PD_7': inf, 'PD_4,PD_7': inf}
  Computing metrics...
    RSI: {'PD_1,PD_2': 1.0, 'PD_1,PD_3': 1.0, 'PD_1,PD_4': 1.0, 'PD_1,PD_7': 0.0, 'PD_2,PD_3': 1.0, 'PD_2,PD_4': 1.0, 'PD_2,PD_7': 0.0, 'PD_3,PD_4': 1.0, 'PD_3,PD_7': 0.0, 'PD_4,PD_7': 0.0}, ASR: 1.4, TCB: {'PD_1': ['PD_3', 'PD_2', 'PD_4'], 'PD_2': ['PD_4', 'PD_3', 'PD_1'], 'PD_3': ['PD_1', 'PD_2', 'PD_4'], 'PD_4': ['PD_1', 'PD_2', 'PD_3'], 'PD_7': []}, FR: {'PD_1,PD_2': 2, 'PD_1,PD_3': inf, 'PD_1,PD_4': inf, 'PD_1,PD_7': inf, 'PD_2,PD_3': inf, 'PD_2,PD_4': inf, 'PD_2,PD_7': inf, 'PD_3,PD_4': inf, 'PD_3,PD_7': inf, 'PD_4,PD_7': inf}
  Computing metrics...
    RSI: {'PD_1,PD_2': 1.0, 'PD_1,PD_3': 1.0, 'PD_1,PD_4': 1.0, 'PD_1,PD_7': 0.0, 'PD_2,PD_3': 1.0, 'PD_2,PD_4': 1.0, 'PD_2,PD_7': 0.0, 'PD_3,PD_4': 1.0, 'PD_3,PD_7': 0.0, 'PD_4,PD_7': 0.0}, ASR: 1.2, TCB: {'PD_1': ['PD_3', 'PD_2', 'PD_4'], 'PD_2': ['PD_4', 'PD_1', 'PD_3'], 'PD_3': ['PD_1', 'PD_2', 'PD_4'], 'PD_4': ['PD_1', 'PD_2', 'PD_3'], 'PD_7': []}, FR: {'PD_1,PD_2': inf, 'PD_1,PD_3': inf, 'PD_1,PD_4': inf, 'PD_1,PD_7': inf, 'PD_2,PD_3': inf, 'PD_2,PD_4': inf, 'PD_2,PD_7': inf, 'PD_3,PD_4': inf, 'PD_3,PD_7': inf, 'PD_4,PD_7': inf}
  Computing metrics...
    RSI: {'PD_1,PD_2': 1.0, 'PD_1,PD_3': 1.0, 'PD_1,PD_4': 1.0, 'PD_1,PD_7': 0.0, 'PD_2,PD_3': 1.0, 'PD_2,PD_4': 1.0, 'PD_2,PD_7': 0.0, 'PD_3,PD_4': 1.0, 'PD_3,PD_7': 0.0, 'PD_4,PD_7': 0.0}, ASR: 1.4, TCB: {'PD_1': ['PD_3', 'PD_2', 'PD_4'], 'PD_2': ['PD_4', 'PD_7', 'PD_1', 'PD_3'], 'PD_3': ['PD_1', 'PD_2', 'PD_4'], 'PD_4': ['PD_1', 'PD_2', 'PD_3'], 'PD_7': []}, FR: {'PD_1,PD_2': inf, 'PD_1,PD_3': inf, 'PD_1,PD_4': inf, 'PD_1,PD_7': inf, 'PD_2,PD_3': inf, 'PD_2,PD_4': inf, 'PD_2,PD_7': inf, 'PD_3,PD_4': inf, 'PD_3,PD_7': inf, 'PD_4,PD_7': inf}
  Computing metrics...
    RSI: {'PD_1,PD_2': 1.0, 'PD_1,PD_3': 1.0, 'PD_1,PD_4': 1.0, 'PD_1,PD_7': 0.0, 'PD_2,PD_3': 1.0, 'PD_2,PD_4': 1.0, 'PD_2,PD_7': 0.0, 'PD_3,PD_4': 1.0, 'PD_3,PD_7': 0.0, 'PD_4,PD_7': 0.0}, ASR: 1.2, TCB: {'PD_1': ['PD_3', 'PD_2', 'PD_4'], 'PD_2': ['PD_4', 'PD_1', 'PD_3'], 'PD_3': ['PD_1', 'PD_2', 'PD_4'], 'PD_4': ['PD_1', 'PD_2', 'PD_3'], 'PD_7': []}, FR: {'PD_1,PD_2': inf, 'PD_1,PD_3': inf, 'PD_1,PD_4': inf, 'PD_1,PD_7': inf, 'PD_2,PD_3': inf, 'PD_2,PD_4': inf, 'PD_2,PD_7': inf, 'PD_3,PD_4': inf, 'PD_3,PD_7': inf, 'PD_4,PD_7': inf}
  Computing metrics...
    RSI: {'PD_1,PD_2': 1.0, 'PD_1,PD_3': 1.0, 'PD_1,PD_4': 1.0, 'PD_1,PD_7': 0.0, 'PD_2,PD_3': 1.0, 'PD_2,PD_4': 1.0, 'PD_2,PD_7': 0.0, 'PD_3,PD_4': 1.0, 'PD_3,PD_7': 0.0, 'PD_4,PD_7': 0.0}, ASR: 1.4, TCB: {'PD_1': ['PD_3', 'PD_2', 'PD_4'], 'PD_2': ['PD_4', 'PD_1', 'PD_3'], 'PD_3': ['PD_1', 'PD_2', 'PD_4'], 'PD_4': ['PD_1', 'PD_2', 'PD_3'], 'PD_7': []}, FR: {'PD_1,PD_2': inf, 'PD_1,PD_3': inf, 'PD_1,PD_4': inf, 'PD_1,PD_7': inf, 'PD_2,PD_3': inf, 'PD_2,PD_4': inf, 'PD_2,PD_7': inf, 'PD_3,PD_4': inf, 'PD_3,PD_7': inf, 'PD_4,PD_7': inf}
  Computing metrics...
    RSI: {'PD_1,PD_2': 1.0, 'PD_1,PD_3': 1.0, 'PD_1,PD_4': 1.0, 'PD_1,PD_7': 0.0, 'PD_2,PD_3': 1.0, 'PD_2,PD_4': 1.0, 'PD_2,PD_7': 0.0, 'PD_3,PD_4': 1.0, 'PD_3,PD_7': 0.0, 'PD_4,PD_7': 0.0}, ASR: 1.2, TCB: {'PD_1': ['PD_3', 'PD_2', 'PD_4'], 'PD_2': ['PD_4', 'PD_1', 'PD_3'], 'PD_3': ['PD_1', 'PD_2', 'PD_4'], 'PD_4': ['PD_1', 'PD_2', 'PD_3'], 'PD_7': []}, FR: {'PD_1,PD_2': inf, 'PD_1,PD_3': inf, 'PD_1,PD_4': inf, 'PD_1,PD_7': inf, 'PD_2,PD_3': inf, 'PD_2,PD_4': inf, 'PD_2,PD_7': inf, 'PD_3,PD_4': inf, 'PD_3,PD_7': inf, 'PD_4,PD_7': inf}
  Computing metrics...
    RSI: {'PD_1,PD_2': 1.0, 'PD_1,PD_3': 1.0, 'PD_1,PD_4': 1.0, 'PD_1,PD_7': 0.0, 'PD_2,PD_3': 1.0, 'PD_2,PD_4': 1.0, 'PD_2,PD_7': 0.0, 'PD_3,PD_4': 1.0, 'PD_3,PD_7': 0.0, 'PD_4,PD_7': 0.0}, ASR: 1.4, TCB: {'PD_1': ['PD_3', 'PD_2', 'PD_4'], 'PD_2': ['PD_4', 'PD_1', 'PD_3'], 'PD_3': ['PD_2', 'PD_1', 'PD_4'], 'PD_4': ['PD_1', 'PD_2', 'PD_3'], 'PD_7': []}, FR: {'PD_1,PD_2': 4, 'PD_1,PD_3': 3, 'PD_1,PD_4': inf, 'PD_1,PD_7': inf, 'PD_2,PD_3': 3, 'PD_2,PD_4': inf, 'PD_2,PD_7': inf, 'PD_3,PD_4': inf, 'PD_3,PD_7': inf, 'PD_4,PD_7': inf}
  Computing metrics...
    RSI: {'PD_1,PD_2': 1.0, 'PD_1,PD_3': 1.0, 'PD_1,PD_4': 1.0, 'PD_1,PD_7': 0.0, 'PD_2,PD_3': 1.0, 'PD_2,PD_4': 1.0, 'PD_2,PD_7': 0.0, 'PD_3,PD_4': 1.0, 'PD_3,PD_7': 0.0, 'PD_4,PD_7': 0.0}, ASR: 1.2, TCB: {'PD_1': ['PD_3', 'PD_2', 'PD_4'], 'PD_2': ['PD_4', 'PD_1', 'PD_3'], 'PD_3': ['PD_1', 'PD_2', 'PD_4'], 'PD_4': ['PD_1', 'PD_2', 'PD_3'], 'PD_7': []}, FR: {'PD_1,PD_2': inf, 'PD_1,PD_3': inf, 'PD_1,PD_4': inf, 'PD_1,PD_7': inf, 'PD_2,PD_3': inf, 'PD_2,PD_4': inf, 'PD_2,PD_7': inf, 'PD_3,PD_4': inf, 'PD_3,PD_7': inf, 'PD_4,PD_7': inf}
  Computing metrics...
    RSI: {'PD_1,PD_2': 1.0, 'PD_1,PD_3': 1.0, 'PD_1,PD_4': 1.0, 'PD_1,PD_7': 0.0, 'PD_2,PD_3': 1.0, 'PD_2,PD_4': 1.0, 'PD_2,PD_7': 0.0, 'PD_3,PD_4': 1.0, 'PD_3,PD_7': 0.0, 'PD_4,PD_7': 0.0}, ASR: 1.4, TCB: {'PD_1': ['PD_3', 'PD_2', 'PD_4'], 'PD_2': ['PD_4', 'PD_1', 'PD_3'], 'PD_3': ['PD_4', 'PD_1', 'PD_2'], 'PD_4': ['PD_1', 'PD_2', 'PD_3'], 'PD_7': []}, FR: {'PD_1,PD_2': 3, 'PD_1,PD_3': 3, 'PD_1,PD_4': inf, 'PD_1,PD_7': inf, 'PD_2,PD_3': 2, 'PD_2,PD_4': inf, 'PD_2,PD_7': inf, 'PD_3,PD_4': inf, 'PD_3,PD_7': inf, 'PD_4,PD_7': inf}
  Computing metrics...
    RSI: {'PD_1,PD_2': 1.0, 'PD_1,PD_3': 1.0, 'PD_1,PD_4': 1.0, 'PD_1,PD_7': 0.0, 'PD_2,PD_3': 1.0, 'PD_2,PD_4': 1.0, 'PD_2,PD_7': 0.0, 'PD_3,PD_4': 1.0, 'PD_3,PD_7': 0.0, 'PD_4,PD_7': 0.0}, ASR: 1.2, TCB: {'PD_1': ['PD_3', 'PD_2', 'PD_4'], 'PD_2': ['PD_4', 'PD_1', 'PD_3'], 'PD_3': ['PD_1', 'PD_2', 'PD_4'], 'PD_4': ['PD_1', 'PD_2', 'PD_3'], 'PD_7': []}, FR: {'PD_1,PD_2': inf, 'PD_1,PD_3': inf, 'PD_1,PD_4': inf, 'PD_1,PD_7': inf, 'PD_2,PD_3': inf, 'PD_2,PD_4': inf, 'PD_2,PD_7': inf, 'PD_3,PD_4': inf, 'PD_3,PD_7': inf, 'PD_4,PD_7': inf}
  Computing metrics...
    RSI: {'PD_1,PD_2': 1.0, 'PD_1,PD_3': 1.0, 'PD_1,PD_4': 1.0, 'PD_1,PD_7': 0.0, 'PD_2,PD_3': 1.0, 'PD_2,PD_4': 1.0, 'PD_2,PD_7': 0.0, 'PD_3,PD_4': 1.0, 'PD_3,PD_7': 0.0, 'PD_4,PD_7': 0.0}, ASR: 1.4, TCB: {'PD_1': ['PD_3', 'PD_2', 'PD_4'], 'PD_2': ['PD_4', 'PD_1', 'PD_3'], 'PD_3': ['PD_7', 'PD_1', 'PD_2', 'PD_4'], 'PD_4': ['PD_1', 'PD_2', 'PD_3'], 'PD_7': []}, FR: {'PD_1,PD_2': inf, 'PD_1,PD_3': 3, 'PD_1,PD_4': inf, 'PD_1,PD_7': inf, 'PD_2,PD_3': inf, 'PD_2,PD_4': inf, 'PD_2,PD_7': inf, 'PD_3,PD_4': inf, 'PD_3,PD_7': inf, 'PD_4,PD_7': inf}
  Computing metrics...
    RSI: {'PD_1,PD_2': 1.0, 'PD_1,PD_3': 1.0, 'PD_1,PD_4': 1.0, 'PD_1,PD_7': 0.0, 'PD_2,PD_3': 1.0, 'PD_2,PD_4': 1.0, 'PD_2,PD_7': 0.0, 'PD_3,PD_4': 1.0, 'PD_3,PD_7': 0.0, 'PD_4,PD_7': 0.0}, ASR: 1.2, TCB: {'PD_1': ['PD_3', 'PD_2', 'PD_4'], 'PD_2': ['PD_4', 'PD_1', 'PD_3'], 'PD_3': ['PD_1', 'PD_2', 'PD_4'], 'PD_4': ['PD_1', 'PD_2', 'PD_3'], 'PD_7': []}, FR: {'PD_1,PD_2': inf, 'PD_1,PD_3': inf, 'PD_1,PD_4': inf, 'PD_1,PD_7': inf, 'PD_2,PD_3': inf, 'PD_2,PD_4': inf, 'PD_2,PD_7': inf, 'PD_3,PD_4': inf, 'PD_3,PD_7': inf, 'PD_4,PD_7': inf}
  Computing metrics...
    RSI: {'PD_1,PD_2': 1.0, 'PD_1,PD_3': 1.0, 'PD_1,PD_4': 1.0, 'PD_1,PD_7': 0.0, 'PD_2,PD_3': 1.0, 'PD_2,PD_4': 1.0, 'PD_2,PD_7': 0.0, 'PD_3,PD_4': 1.0, 'PD_3,PD_7': 0.0, 'PD_4,PD_7': 0.0}, ASR: 1.4, TCB: {'PD_1': ['PD_3', 'PD_2', 'PD_4'], 'PD_2': ['PD_4', 'PD_1', 'PD_3'], 'PD_3': ['PD_1', 'PD_2', 'PD_4'], 'PD_4': ['PD_1', 'PD_2', 'PD_3'], 'PD_7': []}, FR: {'PD_1,PD_2': 4, 'PD_1,PD_3': inf, 'PD_1,PD_4': 3, 'PD_1,PD_7': inf, 'PD_2,PD_3': inf, 'PD_2,PD_4': 3, 'PD_2,PD_7': inf, 'PD_3,PD_4': inf, 'PD_3,PD_7': inf, 'PD_4,PD_7': inf}
  Computing metrics...
    RSI: {'PD_1,PD_2': 1.0, 'PD_1,PD_3': 1.0, 'PD_1,PD_4': 1.0, 'PD_1,PD_7': 0.0, 'PD_2,PD_3': 1.0, 'PD_2,PD_4': 1.0, 'PD_2,PD_7': 0.0, 'PD_3,PD_4': 1.0, 'PD_3,PD_7': 0.0, 'PD_4,PD_7': 0.0}, ASR: 1.2, TCB: {'PD_1': ['PD_3', 'PD_2', 'PD_4'], 'PD_2': ['PD_4', 'PD_1', 'PD_3'], 'PD_3': ['PD_1', 'PD_2', 'PD_4'], 'PD_4': ['PD_1', 'PD_2', 'PD_3'], 'PD_7': []}, FR: {'PD_1,PD_2': inf, 'PD_1,PD_3': inf, 'PD_1,PD_4': inf, 'PD_1,PD_7': inf, 'PD_2,PD_3': inf, 'PD_2,PD_4': inf, 'PD_2,PD_7': inf, 'PD_3,PD_4': inf, 'PD_3,PD_7': inf, 'PD_4,PD_7': inf}
  Computing metrics...
    RSI: {'PD_1,PD_2': 1.0, 'PD_1,PD_3': 1.0, 'PD_1,PD_4': 1.0, 'PD_1,PD_7': 0.0, 'PD_2,PD_3': 1.0, 'PD_2,PD_4': 1.0, 'PD_2,PD_7': 0.0, 'PD_3,PD_4': 1.0, 'PD_3,PD_7': 0.0, 'PD_4,PD_7': 0.0}, ASR: 1.4, TCB: {'PD_1': ['PD_3', 'PD_2', 'PD_4'], 'PD_2': ['PD_4', 'PD_1', 'PD_3'], 'PD_3': ['PD_1', 'PD_2', 'PD_4'], 'PD_4': ['PD_2', 'PD_1', 'PD_3'], 'PD_7': []}, FR: {'PD_1,PD_2': inf, 'PD_1,PD_3': inf, 'PD_1,PD_4': inf, 'PD_1,PD_7': inf, 'PD_2,PD_3': inf, 'PD_2,PD_4': inf, 'PD_2,PD_7': inf, 'PD_3,PD_4': inf, 'PD_3,PD_7': inf, 'PD_4,PD_7': inf}
  Computing metrics...
    RSI: {'PD_1,PD_2': 1.0, 'PD_1,PD_3': 1.0, 'PD_1,PD_4': 1.0, 'PD_1,PD_7': 0.0, 'PD_2,PD_3': 1.0, 'PD_2,PD_4': 1.0, 'PD_2,PD_7': 0.0, 'PD_3,PD_4': 1.0, 'PD_3,PD_7': 0.0, 'PD_4,PD_7': 0.0}, ASR: 1.2, TCB: {'PD_1': ['PD_3', 'PD_2', 'PD_4'], 'PD_2': ['PD_4', 'PD_1', 'PD_3'], 'PD_3': ['PD_1', 'PD_2', 'PD_4'], 'PD_4': ['PD_1', 'PD_2', 'PD_3'], 'PD_7': []}, FR: {'PD_1,PD_2': inf, 'PD_1,PD_3': inf, 'PD_1,PD_4': inf, 'PD_1,PD_7': inf, 'PD_2,PD_3': inf, 'PD_2,PD_4': inf, 'PD_2,PD_7': inf, 'PD_3,PD_4': inf, 'PD_3,PD_7': inf, 'PD_4,PD_7': inf}
  Computing metrics...
    RSI: {'PD_1,PD_2': 1.0, 'PD_1,PD_3': 1.0, 'PD_1,PD_4': 1.0, 'PD_1,PD_7': 0.0, 'PD_2,PD_3': 1.0, 'PD_2,PD_4': 1.0, 'PD_2,PD_7': 0.0, 'PD_3,PD_4': 1.0, 'PD_3,PD_7': 0.0, 'PD_4,PD_7': 0.0}, ASR: 1.4, TCB: {'PD_1': ['PD_3', 'PD_2', 'PD_4'], 'PD_2': ['PD_4', 'PD_1', 'PD_3'], 'PD_3': ['PD_1', 'PD_2', 'PD_4'], 'PD_4': ['PD_3', 'PD_1', 'PD_2'], 'PD_7': []}, FR: {'PD_1,PD_2': 3, 'PD_1,PD_3': inf, 'PD_1,PD_4': 2, 'PD_1,PD_7': inf, 'PD_2,PD_3': inf, 'PD_2,PD_4': 3, 'PD_2,PD_7': inf, 'PD_3,PD_4': inf, 'PD_3,PD_7': inf, 'PD_4,PD_7': inf}
  Computing metrics...
    RSI: {'PD_1,PD_2': 1.0, 'PD_1,PD_3': 1.0, 'PD_1,PD_4': 1.0, 'PD_1,PD_7': 0.0, 'PD_2,PD_3': 1.0, 'PD_2,PD_4': 1.0, 'PD_2,PD_7': 0.0, 'PD_3,PD_4': 1.0, 'PD_3,PD_7': 0.0, 'PD_4,PD_7': 0.0}, ASR: 1.2, TCB: {'PD_1': ['PD_3', 'PD_2', 'PD_4'], 'PD_2': ['PD_4', 'PD_1', 'PD_3'], 'PD_3': ['PD_1', 'PD_2', 'PD_4'], 'PD_4': ['PD_1', 'PD_2', 'PD_3'], 'PD_7': []}, FR: {'PD_1,PD_2': inf, 'PD_1,PD_3': inf, 'PD_1,PD_4': inf, 'PD_1,PD_7': inf, 'PD_2,PD_3': inf, 'PD_2,PD_4': inf, 'PD_2,PD_7': inf, 'PD_3,PD_4': inf, 'PD_3,PD_7': inf, 'PD_4,PD_7': inf}
  Computing metrics...
    RSI: {'PD_1,PD_2': 1.0, 'PD_1,PD_3': 1.0, 'PD_1,PD_4': 1.0, 'PD_1,PD_7': 0.0, 'PD_2,PD_3': 1.0, 'PD_2,PD_4': 1.0, 'PD_2,PD_7': 0.0, 'PD_3,PD_4': 1.0, 'PD_3,PD_7': 0.0, 'PD_4,PD_7': 0.0}, ASR: 1.4, TCB: {'PD_1': ['PD_3', 'PD_2', 'PD_4'], 'PD_2': ['PD_4', 'PD_1', 'PD_3'], 'PD_3': ['PD_1', 'PD_2', 'PD_4'], 'PD_4': ['PD_7', 'PD_1', 'PD_2', 'PD_3'], 'PD_7': []}, FR: {'PD_1,PD_2': inf, 'PD_1,PD_3': inf, 'PD_1,PD_4': inf, 'PD_1,PD_7': inf, 'PD_2,PD_3': inf, 'PD_2,PD_4': 3, 'PD_2,PD_7': inf, 'PD_3,PD_4': inf, 'PD_3,PD_7': inf, 'PD_4,PD_7': inf}
  Computing metrics...
    RSI: {'PD_1,PD_2': 1.0, 'PD_1,PD_3': 1.0, 'PD_1,PD_4': 1.0, 'PD_1,PD_7': 0.0, 'PD_2,PD_3': 1.0, 'PD_2,PD_4': 1.0, 'PD_2,PD_7': 0.0, 'PD_3,PD_4': 1.0, 'PD_3,PD_7': 0.0, 'PD_4,PD_7': 0.0}, ASR: 1.2, TCB: {'PD_1': ['PD_3', 'PD_2', 'PD_4'], 'PD_2': ['PD_4', 'PD_1', 'PD_3'], 'PD_3': ['PD_1', 'PD_2', 'PD_4'], 'PD_4': ['PD_1', 'PD_2', 'PD_3'], 'PD_7': []}, FR: {'PD_1,PD_2': inf, 'PD_1,PD_3': inf, 'PD_1,PD_4': inf, 'PD_1,PD_7': inf, 'PD_2,PD_3': inf, 'PD_2,PD_4': inf, 'PD_2,PD_7': inf, 'PD_3,PD_4': inf, 'PD_3,PD_7': inf, 'PD_4,PD_7': inf}
  Computing metrics...
    RSI: {'PD_1,PD_2': 1.0, 'PD_1,PD_3': 1.0, 'PD_1,PD_4': 1.0, 'PD_1,PD_7': 0.0, 'PD_2,PD_3': 1.0, 'PD_2,PD_4': 1.0, 'PD_2,PD_7': 0.0, 'PD_3,PD_4': 1.0, 'PD_3,PD_7': 0.0, 'PD_4,PD_7': 0.0}, ASR: 1.4, TCB: {'PD_1': ['PD_3', 'PD_2', 'PD_4'], 'PD_2': ['PD_4', 'PD_1', 'PD_3'], 'PD_3': ['PD_1', 'PD_2', 'PD_4'], 'PD_4': ['PD_1', 'PD_2', 'PD_3'], 'PD_7': ['PD_1']}, FR: {'PD_1,PD_2': inf, 'PD_1,PD_3': inf, 'PD_1,PD_4': inf, 'PD_1,PD_7': 3, 'PD_2,PD_3': inf, 'PD_2,PD_4': inf, 'PD_2,PD_7': inf, 'PD_3,PD_4': inf, 'PD_3,PD_7': inf, 'PD_4,PD_7': inf}
  Computing metrics...
    RSI: {'PD_1,PD_2': 1.0, 'PD_1,PD_3': 1.0, 'PD_1,PD_4': 1.0, 'PD_1,PD_7': 0.0, 'PD_2,PD_3': 1.0, 'PD_2,PD_4': 1.0, 'PD_2,PD_7': 0.0, 'PD_3,PD_4': 1.0, 'PD_3,PD_7': 0.0, 'PD_4,PD_7': 0.0}, ASR: 1.2, TCB: {'PD_1': ['PD_3', 'PD_2', 'PD_4'], 'PD_2': ['PD_4', 'PD_1', 'PD_3'], 'PD_3': ['PD_1', 'PD_2', 'PD_4'], 'PD_4': ['PD_1', 'PD_2', 'PD_3'], 'PD_7': []}, FR: {'PD_1,PD_2': inf, 'PD_1,PD_3': inf, 'PD_1,PD_4': inf, 'PD_1,PD_7': inf, 'PD_2,PD_3': inf, 'PD_2,PD_4': inf, 'PD_2,PD_7': inf, 'PD_3,PD_4': inf, 'PD_3,PD_7': inf, 'PD_4,PD_7': inf}
  Computing metrics...
    RSI: {'PD_1,PD_2': 1.0, 'PD_1,PD_3': 1.0, 'PD_1,PD_4': 1.0, 'PD_1,PD_7': 0.0, 'PD_2,PD_3': 1.0, 'PD_2,PD_4': 1.0, 'PD_2,PD_7': 0.0, 'PD_3,PD_4': 1.0, 'PD_3,PD_7': 0.0, 'PD_4,PD_7': 0.0}, ASR: 1.4, TCB: {'PD_1': ['PD_3', 'PD_2', 'PD_4'], 'PD_2': ['PD_4', 'PD_1', 'PD_3'], 'PD_3': ['PD_1', 'PD_2', 'PD_4'], 'PD_4': ['PD_1', 'PD_2', 'PD_3'], 'PD_7': ['PD_2']}, FR: {'PD_1,PD_2': inf, 'PD_1,PD_3': inf, 'PD_1,PD_4': inf, 'PD_1,PD_7': inf, 'PD_2,PD_3': inf, 'PD_2,PD_4': inf, 'PD_2,PD_7': 3, 'PD_3,PD_4': inf, 'PD_3,PD_7': inf, 'PD_4,PD_7': inf}
  Computing metrics...
    RSI: {'PD_1,PD_2': 1.0, 'PD_1,PD_3': 1.0, 'PD_1,PD_4': 1.0, 'PD_1,PD_7': 0.0, 'PD_2,PD_3': 1.0, 'PD_2,PD_4': 1.0, 'PD_2,PD_7': 0.0, 'PD_3,PD_4': 1.0, 'PD_3,PD_7': 0.0, 'PD_4,PD_7': 0.0}, ASR: 1.2, TCB: {'PD_1': ['PD_3', 'PD_2', 'PD_4'], 'PD_2': ['PD_4', 'PD_1', 'PD_3'], 'PD_3': ['PD_1', 'PD_2', 'PD_4'], 'PD_4': ['PD_1', 'PD_2', 'PD_3'], 'PD_7': []}, FR: {'PD_1,PD_2': inf, 'PD_1,PD_3': inf, 'PD_1,PD_4': inf, 'PD_1,PD_7': inf, 'PD_2,PD_3': inf, 'PD_2,PD_4': inf, 'PD_2,PD_7': inf, 'PD_3,PD_4': inf, 'PD_3,PD_7': inf, 'PD_4,PD_7': inf}
  Computing metrics...
    RSI: {'PD_1,PD_2': 1.0, 'PD_1,PD_3': 1.0, 'PD_1,PD_4': 1.0, 'PD_1,PD_7': 0.0, 'PD_2,PD_3': 1.0, 'PD_2,PD_4': 1.0, 'PD_2,PD_7': 0.0, 'PD_3,PD_4': 1.0, 'PD_3,PD_7': 0.0, 'PD_4,PD_7': 0.0}, ASR: 1.4, TCB: {'PD_1': ['PD_3', 'PD_2', 'PD_4'], 'PD_2': ['PD_4', 'PD_1', 'PD_3'], 'PD_3': ['PD_1', 'PD_2', 'PD_4'], 'PD_4': ['PD_1', 'PD_2', 'PD_3'], 'PD_7': ['PD_3']}, FR: {'PD_1,PD_2': inf, 'PD_1,PD_3': inf, 'PD_1,PD_4': inf, 'PD_1,PD_7': 2, 'PD_2,PD_3': inf, 'PD_2,PD_4': inf, 'PD_2,PD_7': inf, 'PD_3,PD_4': inf, 'PD_3,PD_7': inf, 'PD_4,PD_7': inf}
  Computing metrics...
    RSI: {'PD_1,PD_2': 1.0, 'PD_1,PD_3': 1.0, 'PD_1,PD_4': 1.0, 'PD_1,PD_7': 0.0, 'PD_2,PD_3': 1.0, 'PD_2,PD_4': 1.0, 'PD_2,PD_7': 0.0, 'PD_3,PD_4': 1.0, 'PD_3,PD_7': 0.0, 'PD_4,PD_7': 0.0}, ASR: 1.2, TCB: {'PD_1': ['PD_3', 'PD_2', 'PD_4'], 'PD_2': ['PD_4', 'PD_1', 'PD_3'], 'PD_3': ['PD_1', 'PD_2', 'PD_4'], 'PD_4': ['PD_1', 'PD_2', 'PD_3'], 'PD_7': []}, FR: {'PD_1,PD_2': inf, 'PD_1,PD_3': inf, 'PD_1,PD_4': inf, 'PD_1,PD_7': inf, 'PD_2,PD_3': inf, 'PD_2,PD_4': inf, 'PD_2,PD_7': inf, 'PD_3,PD_4': inf, 'PD_3,PD_7': inf, 'PD_4,PD_7': inf}
  Computing metrics...
    RSI: {'PD_1,PD_2': 1.0, 'PD_1,PD_3': 1.0, 'PD_1,PD_4': 1.0, 'PD_1,PD_7': 0.0, 'PD_2,PD_3': 1.0, 'PD_2,PD_4': 1.0, 'PD_2,PD_7': 0.0, 'PD_3,PD_4': 1.0, 'PD_3,PD_7': 0.0, 'PD_4,PD_7': 0.0}, ASR: 1.4, TCB: {'PD_1': ['PD_3', 'PD_2', 'PD_4'], 'PD_2': ['PD_4', 'PD_1', 'PD_3'], 'PD_3': ['PD_1', 'PD_2', 'PD_4'], 'PD_4': ['PD_1', 'PD_2', 'PD_3'], 'PD_7': ['PD_4']}, FR: {'PD_1,PD_2': inf, 'PD_1,PD_3': inf, 'PD_1,PD_4': inf, 'PD_1,PD_7': inf, 'PD_2,PD_3': inf, 'PD_2,PD_4': inf, 'PD_2,PD_7': 2, 'PD_3,PD_4': inf, 'PD_3,PD_7': inf, 'PD_4,PD_7': inf}
  Computing metrics...
    RSI: {'PD_1,PD_2': 1.0, 'PD_1,PD_3': 1.0, 'PD_1,PD_4': 1.0, 'PD_1,PD_7': 0.0, 'PD_2,PD_3': 1.0, 'PD_2,PD_4': 1.0, 'PD_2,PD_7': 0.0, 'PD_3,PD_4': 1.0, 'PD_3,PD_7': 0.0, 'PD_4,PD_7': 0.0}, ASR: 1.2, TCB: {'PD_1': ['PD_3', 'PD_2', 'PD_4'], 'PD_2': ['PD_4', 'PD_1', 'PD_3'], 'PD_3': ['PD_1', 'PD_2', 'PD_4'], 'PD_4': ['PD_1', 'PD_2', 'PD_3'], 'PD_7': []}, FR: {'PD_1,PD_2': inf, 'PD_1,PD_3': inf, 'PD_1,PD_4': inf, 'PD_1,PD_7': inf, 'PD_2,PD_3': inf, 'PD_2,PD_4': inf, 'PD_2,PD_7': inf, 'PD_3,PD_4': inf, 'PD_3,PD_7': inf, 'PD_4,PD_7': inf}
  Computing metrics...
    RSI: {'PD_1,PD_2': 1.0, 'PD_1,PD_3': 1.0, 'PD_1,PD_4': 1.0, 'PD_1,PD_7': 0.0, 'PD_2,PD_3': 1.0, 'PD_2,PD_4': 1.0, 'PD_2,PD_7': 0.0, 'PD_3,PD_4': 1.0, 'PD_3,PD_7': 0.0, 'PD_4,PD_7': 0.0}, ASR: 1.0, TCB: {'PD_1': ['PD_2', 'PD_3', 'PD_4'], 'PD_2': ['PD_4', 'PD_1', 'PD_3'], 'PD_3': ['PD_1', 'PD_2', 'PD_4'], 'PD_4': ['PD_1', 'PD_2', 'PD_3'], 'PD_7': []}, FR: {'PD_1,PD_2': inf, 'PD_1,PD_3': inf, 'PD_1,PD_4': inf, 'PD_1,PD_7': inf, 'PD_2,PD_3': inf, 'PD_2,PD_4': inf, 'PD_2,PD_7': inf, 'PD_3,PD_4': inf, 'PD_3,PD_7': inf, 'PD_4,PD_7': inf}
  Computing metrics...
    RSI: {'PD_1,PD_2': 1.0, 'PD_1,PD_3': 1.0, 'PD_1,PD_4': 1.0, 'PD_1,PD_7': 0.0, 'PD_2,PD_3': 1.0, 'PD_2,PD_4': 1.0, 'PD_2,PD_7': 0.0, 'PD_3,PD_4': 1.0, 'PD_3,PD_7': 0.0, 'PD_4,PD_7': 0.0}, ASR: 1.2, TCB: {'PD_1': ['PD_3', 'PD_2', 'PD_4'], 'PD_2': ['PD_4', 'PD_1', 'PD_3'], 'PD_3': ['PD_1', 'PD_2', 'PD_4'], 'PD_4': ['PD_1', 'PD_2', 'PD_3'], 'PD_7': []}, FR: {'PD_1,PD_2': inf, 'PD_1,PD_3': inf, 'PD_1,PD_4': inf, 'PD_1,PD_7': inf, 'PD_2,PD_3': inf, 'PD_2,PD_4': inf, 'PD_2,PD_7': inf, 'PD_3,PD_4': inf, 'PD_3,PD_7': inf, 'PD_4,PD_7': inf}
  Computing metrics...
    RSI: {'PD_1,PD_2': 1.0, 'PD_1,PD_3': 1.0, 'PD_1,PD_4': 1.0, 'PD_1,PD_7': 0.0, 'PD_2,PD_3': 1.0, 'PD_2,PD_4': 1.0, 'PD_2,PD_7': 0.0, 'PD_3,PD_4': 1.0, 'PD_3,PD_7': 0.0, 'PD_4,PD_7': 0.0}, ASR: 1.0, TCB: {'PD_1': ['PD_3', 'PD_2', 'PD_4'], 'PD_2': ['PD_1', 'PD_3', 'PD_4'], 'PD_3': ['PD_1', 'PD_2', 'PD_4'], 'PD_4': ['PD_1', 'PD_2', 'PD_3'], 'PD_7': []}, FR: {'PD_1,PD_2': inf, 'PD_1,PD_3': inf, 'PD_1,PD_4': inf, 'PD_1,PD_7': inf, 'PD_2,PD_3': inf, 'PD_2,PD_4': inf, 'PD_2,PD_7': inf, 'PD_3,PD_4': inf, 'PD_3,PD_7': inf, 'PD_4,PD_7': inf}
  Computing metrics...
    RSI: {'PD_1,PD_2': 1.0, 'PD_1,PD_3': 1.0, 'PD_1,PD_4': 1.0, 'PD_1,PD_7': 0.0, 'PD_2,PD_3': 1.0, 'PD_2,PD_4': 1.0, 'PD_2,PD_7': 0.0, 'PD_3,PD_4': 1.0, 'PD_3,PD_7': 0.0, 'PD_4,PD_7': 0.0}, ASR: 1.2, TCB: {'PD_1': ['PD_3', 'PD_2', 'PD_4'], 'PD_2': ['PD_4', 'PD_1', 'PD_3'], 'PD_3': ['PD_1', 'PD_2', 'PD_4'], 'PD_4': ['PD_1', 'PD_2', 'PD_3'], 'PD_7': []}, FR: {'PD_1,PD_2': inf, 'PD_1,PD_3': inf, 'PD_1,PD_4': inf, 'PD_1,PD_7': inf, 'PD_2,PD_3': inf, 'PD_2,PD_4': inf, 'PD_2,PD_7': inf, 'PD_3,PD_4': inf, 'PD_3,PD_7': inf, 'PD_4,PD_7': inf}
  Computing metrics...
    RSI: {'PD_1,PD_2': 1.0, 'PD_1,PD_3': 1.0, 'PD_1,PD_4': 1.0, 'PD_1,PD_7': 0.0, 'PD_2,PD_3': 1.0, 'PD_2,PD_4': 1.0, 'PD_2,PD_7': 0.0, 'PD_3,PD_4': 1.0, 'PD_3,PD_7': 0.0, 'PD_4,PD_7': 0.0}, ASR: 1.2, TCB: {'PD_1': ['PD_3', 'PD_2', 'PD_4'], 'PD_2': ['PD_4', 'PD_1', 'PD_3'], 'PD_3': ['PD_1', 'PD_2', 'PD_4'], 'PD_4': ['PD_1', 'PD_2', 'PD_3'], 'PD_7': []}, FR: {'PD_1,PD_2': inf, 'PD_1,PD_3': inf, 'PD_1,PD_4': inf, 'PD_1,PD_7': inf, 'PD_2,PD_3': inf, 'PD_2,PD_4': inf, 'PD_2,PD_7': inf, 'PD_3,PD_4': inf, 'PD_3,PD_7': inf, 'PD_4,PD_7': inf}
  🚫 Filtered out 1 'remove_pd' candidates (avoiding repetition)
  Trying best transition: primitive
    Target: add new protection domain (warning: 5 PDs already exist)
    Predicted improvement: 0.100
    Considered 32 other option(s):
      1. primitive: create new CONFIG file in FILE_SPACE_1 (improvement: 0.100)
      2. primitive: create new DATABASE file in FILE_SPACE_1 (improvement: 0.100)
      3. primitive: create new TEMP file in FILE_SPACE_1 (improvement: 0.100)
      4. primitive: create new LOG file in FILE_SPACE_1 (improvement: 0.100)
      5. primitive: remove FILE_1_1 (holders: 4) (improvement: 0.100)
      6. primitive: create new FILE resource space (improvement: 0.100)
      7. primitive: connect PD_7 to FILE_1_1 (improvement: 0.100)
      8. primitive: remove PD_3 -> FILE_1_1 HOLD edge (improvement: 0.100)
      9. primitive: remove PD_4 -> FILE_1_1 HOLD edge (improvement: 0.100)
      10. primitive: create PD_1 -> PD_2 REQUEST (improvement: 0.100)
      ... and 22 more
    ✅ Applied add_pd
  Computing metrics...
    RSI: {'PD_1,PD_2': 1.0, 'PD_1,PD_3': 1.0, 'PD_1,PD_4': 1.0, 'PD_1,PD_7': 0.0, 'PD_1,PD_8': 0.0, 'PD_2,PD_3': 1.0, 'PD_2,PD_4': 1.0, 'PD_2,PD_7': 0.0, 'PD_2,PD_8': 0.0, 'PD_3,PD_4': 1.0, 'PD_3,PD_7': 0.0, 'PD_3,PD_8': 0.0, 'PD_4,PD_7': 0.0, 'PD_4,PD_8': 0.0, 'PD_7,PD_8': 0.0}, ASR: 1.0, TCB: {'PD_1': ['PD_3', 'PD_2', 'PD_4'], 'PD_2': ['PD_4', 'PD_1', 'PD_3'], 'PD_3': ['PD_1', 'PD_2', 'PD_4'], 'PD_4': ['PD_1', 'PD_2', 'PD_3'], 'PD_7': [], 'PD_8': []}, FR: {'PD_1,PD_2': inf, 'PD_1,PD_3': inf, 'PD_1,PD_4': inf, 'PD_1,PD_7': inf, 'PD_1,PD_8': inf, 'PD_2,PD_3': inf, 'PD_2,PD_4': inf, 'PD_2,PD_7': inf, 'PD_2,PD_8': inf, 'PD_3,PD_4': inf, 'PD_3,PD_7': inf, 'PD_3,PD_8': inf, 'PD_4,PD_7': inf, 'PD_4,PD_8': inf, 'PD_7,PD_8': inf}
    All 1 goals met!
    All 1 goal(s) met!
  ✅ Mechanism saved! Total mechanisms found: 8

📊 Graph after iteration 8:
        # Graph structure:
        # PD_1 --REQUEST--> PD_3
        # PD_1 --HOLD--> FILE_1_1 -> FILE_SPACE_1
        # PD_2 --REQUEST--> PD_4
        # PD_2 --HOLD--> FILE_1_1 -> FILE_SPACE_1
        # PD_3 --HOLD--> FILE_1_1 -> FILE_SPACE_1
        # PD_4 --HOLD--> FILE_1_1 -> FILE_SPACE_1
        # PD_7
        # PD_8
        #
        # FILE_1_1 shared by: PD_1, PD_2, PD_3, PD_4


Iteration 9/10
  Computing metrics...
    RSI: {'PD_1,PD_2': 1.0, 'PD_1,PD_3': 1.0, 'PD_1,PD_4': 1.0, 'PD_1,PD_7': 0.0, 'PD_1,PD_8': 0.0, 'PD_2,PD_3': 1.0, 'PD_2,PD_4': 1.0, 'PD_2,PD_7': 0.0, 'PD_2,PD_8': 0.0, 'PD_3,PD_4': 1.0, 'PD_3,PD_7': 0.0, 'PD_3,PD_8': 0.0, 'PD_4,PD_7': 0.0, 'PD_4,PD_8': 0.0, 'PD_7,PD_8': 0.0}, ASR: 1.0, TCB: {'PD_1': ['PD_3', 'PD_2', 'PD_4'], 'PD_2': ['PD_4', 'PD_1', 'PD_3'], 'PD_3': ['PD_1', 'PD_2', 'PD_4'], 'PD_4': ['PD_1', 'PD_2', 'PD_3'], 'PD_7': [], 'PD_8': []}, FR: {'PD_1,PD_2': inf, 'PD_1,PD_3': inf, 'PD_1,PD_4': inf, 'PD_1,PD_7': inf, 'PD_1,PD_8': inf, 'PD_2,PD_3': inf, 'PD_2,PD_4': inf, 'PD_2,PD_7': inf, 'PD_2,PD_8': inf, 'PD_3,PD_4': inf, 'PD_3,PD_7': inf, 'PD_3,PD_8': inf, 'PD_4,PD_7': inf, 'PD_4,PD_8': inf, 'PD_7,PD_8': inf}
  Computing metrics...
    RSI: {'PD_1,PD_2': 1.0, 'PD_1,PD_3': 1.0, 'PD_1,PD_4': 1.0, 'PD_1,PD_7': 0.0, 'PD_1,PD_8': 0.0, 'PD_1,PD_9': 0.0, 'PD_2,PD_3': 1.0, 'PD_2,PD_4': 1.0, 'PD_2,PD_7': 0.0, 'PD_2,PD_8': 0.0, 'PD_2,PD_9': 0.0, 'PD_3,PD_4': 1.0, 'PD_3,PD_7': 0.0, 'PD_3,PD_8': 0.0, 'PD_3,PD_9': 0.0, 'PD_4,PD_7': 0.0, 'PD_4,PD_8': 0.0, 'PD_4,PD_9': 0.0, 'PD_7,PD_8': 0.0, 'PD_7,PD_9': 0.0, 'PD_8,PD_9': 0.0}, ASR: 0.8571428571428571, TCB: {'PD_1': ['PD_3', 'PD_2', 'PD_4'], 'PD_2': ['PD_4', 'PD_1', 'PD_3'], 'PD_3': ['PD_1', 'PD_2', 'PD_4'], 'PD_4': ['PD_1', 'PD_2', 'PD_3'], 'PD_7': [], 'PD_8': [], 'PD_9': []}, FR: {'PD_1,PD_2': inf, 'PD_1,PD_3': inf, 'PD_1,PD_4': inf, 'PD_1,PD_7': inf, 'PD_1,PD_8': inf, 'PD_1,PD_9': inf, 'PD_2,PD_3': inf, 'PD_2,PD_4': inf, 'PD_2,PD_7': inf, 'PD_2,PD_8': inf, 'PD_2,PD_9': inf, 'PD_3,PD_4': inf, 'PD_3,PD_7': inf, 'PD_3,PD_8': inf, 'PD_3,PD_9': inf, 'PD_4,PD_7': inf, 'PD_4,PD_8': inf, 'PD_4,PD_9': inf, 'PD_7,PD_8': inf, 'PD_7,PD_9': inf, 'PD_8,PD_9': inf}
  Computing metrics...
    RSI: {'PD_1,PD_2': 1.0, 'PD_1,PD_3': 1.0, 'PD_1,PD_4': 1.0, 'PD_1,PD_7': 0.0, 'PD_1,PD_8': 0.0, 'PD_2,PD_3': 1.0, 'PD_2,PD_4': 1.0, 'PD_2,PD_7': 0.0, 'PD_2,PD_8': 0.0, 'PD_3,PD_4': 1.0, 'PD_3,PD_7': 0.0, 'PD_3,PD_8': 0.0, 'PD_4,PD_7': 0.0, 'PD_4,PD_8': 0.0, 'PD_7,PD_8': 0.0}, ASR: 1.0, TCB: {'PD_1': ['PD_3', 'PD_2', 'PD_4'], 'PD_2': ['PD_4', 'PD_1', 'PD_3'], 'PD_3': ['PD_1', 'PD_2', 'PD_4'], 'PD_4': ['PD_1', 'PD_2', 'PD_3'], 'PD_7': [], 'PD_8': []}, FR: {'PD_1,PD_2': inf, 'PD_1,PD_3': inf, 'PD_1,PD_4': inf, 'PD_1,PD_7': inf, 'PD_1,PD_8': inf, 'PD_2,PD_3': inf, 'PD_2,PD_4': inf, 'PD_2,PD_7': inf, 'PD_2,PD_8': inf, 'PD_3,PD_4': inf, 'PD_3,PD_7': inf, 'PD_3,PD_8': inf, 'PD_4,PD_7': inf, 'PD_4,PD_8': inf, 'PD_7,PD_8': inf}
  Computing metrics...
    RSI: {'PD_1,PD_2': 1.0, 'PD_1,PD_3': 1.0, 'PD_1,PD_4': 1.0, 'PD_1,PD_7': 0.0, 'PD_1,PD_8': 0.0, 'PD_2,PD_3': 1.0, 'PD_2,PD_4': 1.0, 'PD_2,PD_7': 0.0, 'PD_2,PD_8': 0.0, 'PD_3,PD_4': 1.0, 'PD_3,PD_7': 0.0, 'PD_3,PD_8': 0.0, 'PD_4,PD_7': 0.0, 'PD_4,PD_8': 0.0, 'PD_7,PD_8': 0.0}, ASR: 1.0, TCB: {'PD_1': ['PD_3', 'PD_2', 'PD_4'], 'PD_2': ['PD_4', 'PD_1', 'PD_3'], 'PD_3': ['PD_1', 'PD_2', 'PD_4'], 'PD_4': ['PD_1', 'PD_2', 'PD_3'], 'PD_7': [], 'PD_8': []}, FR: {'PD_1,PD_2': inf, 'PD_1,PD_3': inf, 'PD_1,PD_4': inf, 'PD_1,PD_7': inf, 'PD_1,PD_8': inf, 'PD_2,PD_3': inf, 'PD_2,PD_4': inf, 'PD_2,PD_7': inf, 'PD_2,PD_8': inf, 'PD_3,PD_4': inf, 'PD_3,PD_7': inf, 'PD_3,PD_8': inf, 'PD_4,PD_7': inf, 'PD_4,PD_8': inf, 'PD_7,PD_8': inf}
  Computing metrics...
    RSI: {'PD_1,PD_2': 1.0, 'PD_1,PD_3': 1.0, 'PD_1,PD_4': 1.0, 'PD_1,PD_7': 0.0, 'PD_1,PD_8': 0.0, 'PD_2,PD_3': 1.0, 'PD_2,PD_4': 1.0, 'PD_2,PD_7': 0.0, 'PD_2,PD_8': 0.0, 'PD_3,PD_4': 1.0, 'PD_3,PD_7': 0.0, 'PD_3,PD_8': 0.0, 'PD_4,PD_7': 0.0, 'PD_4,PD_8': 0.0, 'PD_7,PD_8': 0.0}, ASR: 1.0, TCB: {'PD_1': ['PD_3', 'PD_2', 'PD_4'], 'PD_2': ['PD_4', 'PD_1', 'PD_3'], 'PD_3': ['PD_1', 'PD_2', 'PD_4'], 'PD_4': ['PD_1', 'PD_2', 'PD_3'], 'PD_7': [], 'PD_8': []}, FR: {'PD_1,PD_2': inf, 'PD_1,PD_3': inf, 'PD_1,PD_4': inf, 'PD_1,PD_7': inf, 'PD_1,PD_8': inf, 'PD_2,PD_3': inf, 'PD_2,PD_4': inf, 'PD_2,PD_7': inf, 'PD_2,PD_8': inf, 'PD_3,PD_4': inf, 'PD_3,PD_7': inf, 'PD_3,PD_8': inf, 'PD_4,PD_7': inf, 'PD_4,PD_8': inf, 'PD_7,PD_8': inf}
  Computing metrics...
    RSI: {'PD_1,PD_2': 1.0, 'PD_1,PD_3': 1.0, 'PD_1,PD_4': 1.0, 'PD_1,PD_7': 0.0, 'PD_1,PD_8': 0.0, 'PD_2,PD_3': 1.0, 'PD_2,PD_4': 1.0, 'PD_2,PD_7': 0.0, 'PD_2,PD_8': 0.0, 'PD_3,PD_4': 1.0, 'PD_3,PD_7': 0.0, 'PD_3,PD_8': 0.0, 'PD_4,PD_7': 0.0, 'PD_4,PD_8': 0.0, 'PD_7,PD_8': 0.0}, ASR: 1.0, TCB: {'PD_1': ['PD_3', 'PD_2', 'PD_4'], 'PD_2': ['PD_4', 'PD_1', 'PD_3'], 'PD_3': ['PD_1', 'PD_2', 'PD_4'], 'PD_4': ['PD_1', 'PD_2', 'PD_3'], 'PD_7': [], 'PD_8': []}, FR: {'PD_1,PD_2': inf, 'PD_1,PD_3': inf, 'PD_1,PD_4': inf, 'PD_1,PD_7': inf, 'PD_1,PD_8': inf, 'PD_2,PD_3': inf, 'PD_2,PD_4': inf, 'PD_2,PD_7': inf, 'PD_2,PD_8': inf, 'PD_3,PD_4': inf, 'PD_3,PD_7': inf, 'PD_3,PD_8': inf, 'PD_4,PD_7': inf, 'PD_4,PD_8': inf, 'PD_7,PD_8': inf}
  Computing metrics...
    RSI: {'PD_1,PD_2': 1.0, 'PD_1,PD_3': 1.0, 'PD_1,PD_4': 1.0, 'PD_1,PD_7': 0.0, 'PD_1,PD_8': 0.0, 'PD_2,PD_3': 1.0, 'PD_2,PD_4': 1.0, 'PD_2,PD_7': 0.0, 'PD_2,PD_8': 0.0, 'PD_3,PD_4': 1.0, 'PD_3,PD_7': 0.0, 'PD_3,PD_8': 0.0, 'PD_4,PD_7': 0.0, 'PD_4,PD_8': 0.0, 'PD_7,PD_8': 0.0}, ASR: 1.0, TCB: {'PD_1': ['PD_3', 'PD_2', 'PD_4'], 'PD_2': ['PD_4', 'PD_1', 'PD_3'], 'PD_3': ['PD_1', 'PD_2', 'PD_4'], 'PD_4': ['PD_1', 'PD_2', 'PD_3'], 'PD_7': [], 'PD_8': []}, FR: {'PD_1,PD_2': inf, 'PD_1,PD_3': inf, 'PD_1,PD_4': inf, 'PD_1,PD_7': inf, 'PD_1,PD_8': inf, 'PD_2,PD_3': inf, 'PD_2,PD_4': inf, 'PD_2,PD_7': inf, 'PD_2,PD_8': inf, 'PD_3,PD_4': inf, 'PD_3,PD_7': inf, 'PD_3,PD_8': inf, 'PD_4,PD_7': inf, 'PD_4,PD_8': inf, 'PD_7,PD_8': inf}
  Computing metrics...
    RSI: {'PD_1,PD_2': 1.0, 'PD_1,PD_3': 1.0, 'PD_1,PD_4': 1.0, 'PD_1,PD_7': 0.0, 'PD_1,PD_8': 0.0, 'PD_2,PD_3': 1.0, 'PD_2,PD_4': 1.0, 'PD_2,PD_7': 0.0, 'PD_2,PD_8': 0.0, 'PD_3,PD_4': 1.0, 'PD_3,PD_7': 0.0, 'PD_3,PD_8': 0.0, 'PD_4,PD_7': 0.0, 'PD_4,PD_8': 0.0, 'PD_7,PD_8': 0.0}, ASR: 1.0, TCB: {'PD_1': ['PD_3', 'PD_2', 'PD_4'], 'PD_2': ['PD_4', 'PD_1', 'PD_3'], 'PD_3': ['PD_1', 'PD_2', 'PD_4'], 'PD_4': ['PD_1', 'PD_2', 'PD_3'], 'PD_7': [], 'PD_8': []}, FR: {'PD_1,PD_2': inf, 'PD_1,PD_3': inf, 'PD_1,PD_4': inf, 'PD_1,PD_7': inf, 'PD_1,PD_8': inf, 'PD_2,PD_3': inf, 'PD_2,PD_4': inf, 'PD_2,PD_7': inf, 'PD_2,PD_8': inf, 'PD_3,PD_4': inf, 'PD_3,PD_7': inf, 'PD_3,PD_8': inf, 'PD_4,PD_7': inf, 'PD_4,PD_8': inf, 'PD_7,PD_8': inf}
  Computing metrics...
    RSI: {'PD_1,PD_2': 1.0, 'PD_1,PD_3': 1.0, 'PD_1,PD_4': 1.0, 'PD_1,PD_7': 0.0, 'PD_1,PD_8': 0.0, 'PD_2,PD_3': 1.0, 'PD_2,PD_4': 1.0, 'PD_2,PD_7': 0.0, 'PD_2,PD_8': 0.0, 'PD_3,PD_4': 1.0, 'PD_3,PD_7': 0.0, 'PD_3,PD_8': 0.0, 'PD_4,PD_7': 0.0, 'PD_4,PD_8': 0.0, 'PD_7,PD_8': 0.0}, ASR: 1.0, TCB: {'PD_1': ['PD_3', 'PD_2', 'PD_4'], 'PD_2': ['PD_4', 'PD_1', 'PD_3'], 'PD_3': ['PD_1', 'PD_2', 'PD_4'], 'PD_4': ['PD_1', 'PD_2', 'PD_3'], 'PD_7': [], 'PD_8': []}, FR: {'PD_1,PD_2': inf, 'PD_1,PD_3': inf, 'PD_1,PD_4': inf, 'PD_1,PD_7': inf, 'PD_1,PD_8': inf, 'PD_2,PD_3': inf, 'PD_2,PD_4': inf, 'PD_2,PD_7': inf, 'PD_2,PD_8': inf, 'PD_3,PD_4': inf, 'PD_3,PD_7': inf, 'PD_3,PD_8': inf, 'PD_4,PD_7': inf, 'PD_4,PD_8': inf, 'PD_7,PD_8': inf}
  Computing metrics...
    RSI: {'PD_1,PD_2': 1.0, 'PD_1,PD_3': 1.0, 'PD_1,PD_4': 1.0, 'PD_1,PD_7': 0.0, 'PD_1,PD_8': 0.0, 'PD_2,PD_3': 1.0, 'PD_2,PD_4': 1.0, 'PD_2,PD_7': 0.0, 'PD_2,PD_8': 0.0, 'PD_3,PD_4': 1.0, 'PD_3,PD_7': 0.0, 'PD_3,PD_8': 0.0, 'PD_4,PD_7': 0.0, 'PD_4,PD_8': 0.0, 'PD_7,PD_8': 0.0}, ASR: 1.0, TCB: {'PD_1': ['PD_3', 'PD_2', 'PD_4'], 'PD_2': ['PD_4', 'PD_1', 'PD_3'], 'PD_3': ['PD_1', 'PD_2', 'PD_4'], 'PD_4': ['PD_1', 'PD_2', 'PD_3'], 'PD_7': [], 'PD_8': []}, FR: {'PD_1,PD_2': inf, 'PD_1,PD_3': inf, 'PD_1,PD_4': inf, 'PD_1,PD_7': inf, 'PD_1,PD_8': inf, 'PD_2,PD_3': inf, 'PD_2,PD_4': inf, 'PD_2,PD_7': inf, 'PD_2,PD_8': inf, 'PD_3,PD_4': inf, 'PD_3,PD_7': inf, 'PD_3,PD_8': inf, 'PD_4,PD_7': inf, 'PD_4,PD_8': inf, 'PD_7,PD_8': inf}
  Computing metrics...
    RSI: {'PD_1,PD_2': 1.0, 'PD_1,PD_3': 1.0, 'PD_1,PD_4': 1.0, 'PD_1,PD_7': 0.0, 'PD_1,PD_8': 0.0, 'PD_2,PD_3': 1.0, 'PD_2,PD_4': 1.0, 'PD_2,PD_7': 0.0, 'PD_2,PD_8': 0.0, 'PD_3,PD_4': 1.0, 'PD_3,PD_7': 0.0, 'PD_3,PD_8': 0.0, 'PD_4,PD_7': 0.0, 'PD_4,PD_8': 0.0, 'PD_7,PD_8': 0.0}, ASR: 1.0, TCB: {'PD_1': ['PD_3', 'PD_2', 'PD_4'], 'PD_2': ['PD_4', 'PD_1', 'PD_3'], 'PD_3': ['PD_1', 'PD_2', 'PD_4'], 'PD_4': ['PD_1', 'PD_2', 'PD_3'], 'PD_7': [], 'PD_8': []}, FR: {'PD_1,PD_2': inf, 'PD_1,PD_3': inf, 'PD_1,PD_4': inf, 'PD_1,PD_7': inf, 'PD_1,PD_8': inf, 'PD_2,PD_3': inf, 'PD_2,PD_4': inf, 'PD_2,PD_7': inf, 'PD_2,PD_8': inf, 'PD_3,PD_4': inf, 'PD_3,PD_7': inf, 'PD_3,PD_8': inf, 'PD_4,PD_7': inf, 'PD_4,PD_8': inf, 'PD_7,PD_8': inf}
  Computing metrics...
    RSI: {'PD_1,PD_2': 1.0, 'PD_1,PD_3': 1.0, 'PD_1,PD_4': 1.0, 'PD_1,PD_7': 0.0, 'PD_1,PD_8': 0.0, 'PD_2,PD_3': 1.0, 'PD_2,PD_4': 1.0, 'PD_2,PD_7': 0.0, 'PD_2,PD_8': 0.0, 'PD_3,PD_4': 1.0, 'PD_3,PD_7': 0.0, 'PD_3,PD_8': 0.0, 'PD_4,PD_7': 0.0, 'PD_4,PD_8': 0.0, 'PD_7,PD_8': 0.0}, ASR: 1.0, TCB: {'PD_1': ['PD_3', 'PD_2', 'PD_4'], 'PD_2': ['PD_4', 'PD_1', 'PD_3'], 'PD_3': ['PD_1', 'PD_2', 'PD_4'], 'PD_4': ['PD_1', 'PD_2', 'PD_3'], 'PD_7': [], 'PD_8': []}, FR: {'PD_1,PD_2': inf, 'PD_1,PD_3': inf, 'PD_1,PD_4': inf, 'PD_1,PD_7': inf, 'PD_1,PD_8': inf, 'PD_2,PD_3': inf, 'PD_2,PD_4': inf, 'PD_2,PD_7': inf, 'PD_2,PD_8': inf, 'PD_3,PD_4': inf, 'PD_3,PD_7': inf, 'PD_3,PD_8': inf, 'PD_4,PD_7': inf, 'PD_4,PD_8': inf, 'PD_7,PD_8': inf}
  Computing metrics...
    RSI: {'PD_1,PD_2': 1.0, 'PD_1,PD_3': 1.0, 'PD_1,PD_4': 1.0, 'PD_1,PD_7': 0.0, 'PD_1,PD_8': 0.0, 'PD_2,PD_3': 1.0, 'PD_2,PD_4': 1.0, 'PD_2,PD_7': 0.0, 'PD_2,PD_8': 0.0, 'PD_3,PD_4': 1.0, 'PD_3,PD_7': 0.0, 'PD_3,PD_8': 0.0, 'PD_4,PD_7': 0.0, 'PD_4,PD_8': 0.0, 'PD_7,PD_8': 0.0}, ASR: 1.0, TCB: {'PD_1': ['PD_3', 'PD_2', 'PD_4'], 'PD_2': ['PD_4', 'PD_1', 'PD_3'], 'PD_3': ['PD_1', 'PD_2', 'PD_4'], 'PD_4': ['PD_1', 'PD_2', 'PD_3'], 'PD_7': [], 'PD_8': []}, FR: {'PD_1,PD_2': inf, 'PD_1,PD_3': inf, 'PD_1,PD_4': inf, 'PD_1,PD_7': inf, 'PD_1,PD_8': inf, 'PD_2,PD_3': inf, 'PD_2,PD_4': inf, 'PD_2,PD_7': inf, 'PD_2,PD_8': inf, 'PD_3,PD_4': inf, 'PD_3,PD_7': inf, 'PD_3,PD_8': inf, 'PD_4,PD_7': inf, 'PD_4,PD_8': inf, 'PD_7,PD_8': inf}
  Computing metrics...
    RSI: {'PD_1,PD_2': 1.0, 'PD_1,PD_3': 1.0, 'PD_1,PD_4': 1.0, 'PD_1,PD_7': 0.0, 'PD_1,PD_8': 0.0, 'PD_2,PD_3': 1.0, 'PD_2,PD_4': 1.0, 'PD_2,PD_7': 0.0, 'PD_2,PD_8': 0.0, 'PD_3,PD_4': 1.0, 'PD_3,PD_7': 0.0, 'PD_3,PD_8': 0.0, 'PD_4,PD_7': 0.0, 'PD_4,PD_8': 0.0, 'PD_7,PD_8': 0.0}, ASR: 1.0, TCB: {'PD_1': ['PD_3', 'PD_2', 'PD_4'], 'PD_2': ['PD_4', 'PD_1', 'PD_3'], 'PD_3': ['PD_1', 'PD_2', 'PD_4'], 'PD_4': ['PD_1', 'PD_2', 'PD_3'], 'PD_7': [], 'PD_8': []}, FR: {'PD_1,PD_2': inf, 'PD_1,PD_3': inf, 'PD_1,PD_4': inf, 'PD_1,PD_7': inf, 'PD_1,PD_8': inf, 'PD_2,PD_3': inf, 'PD_2,PD_4': inf, 'PD_2,PD_7': inf, 'PD_2,PD_8': inf, 'PD_3,PD_4': inf, 'PD_3,PD_7': inf, 'PD_3,PD_8': inf, 'PD_4,PD_7': inf, 'PD_4,PD_8': inf, 'PD_7,PD_8': inf}
  Computing metrics...
    RSI: {'PD_1,PD_2': 1.0, 'PD_1,PD_3': 1.0, 'PD_1,PD_4': 1.0, 'PD_1,PD_7': 0.0, 'PD_1,PD_8': 0.0, 'PD_2,PD_3': 1.0, 'PD_2,PD_4': 1.0, 'PD_2,PD_7': 0.0, 'PD_2,PD_8': 0.0, 'PD_3,PD_4': 1.0, 'PD_3,PD_7': 0.0, 'PD_3,PD_8': 0.0, 'PD_4,PD_7': 0.0, 'PD_4,PD_8': 0.0, 'PD_7,PD_8': 0.0}, ASR: 1.0, TCB: {'PD_1': ['PD_3', 'PD_2', 'PD_4'], 'PD_2': ['PD_4', 'PD_1', 'PD_3'], 'PD_3': ['PD_1', 'PD_2', 'PD_4'], 'PD_4': ['PD_1', 'PD_2', 'PD_3'], 'PD_7': [], 'PD_8': []}, FR: {'PD_1,PD_2': inf, 'PD_1,PD_3': inf, 'PD_1,PD_4': inf, 'PD_1,PD_7': inf, 'PD_1,PD_8': inf, 'PD_2,PD_3': inf, 'PD_2,PD_4': inf, 'PD_2,PD_7': inf, 'PD_2,PD_8': inf, 'PD_3,PD_4': inf, 'PD_3,PD_7': inf, 'PD_3,PD_8': inf, 'PD_4,PD_7': inf, 'PD_4,PD_8': inf, 'PD_7,PD_8': inf}
  Computing metrics...
    RSI: {'PD_1,PD_2': 1.0, 'PD_1,PD_3': 1.0, 'PD_1,PD_4': 1.0, 'PD_1,PD_7': 0.0, 'PD_1,PD_8': 0.0, 'PD_2,PD_3': 1.0, 'PD_2,PD_4': 1.0, 'PD_2,PD_7': 0.0, 'PD_2,PD_8': 0.0, 'PD_3,PD_4': 1.0, 'PD_3,PD_7': 0.0, 'PD_3,PD_8': 0.0, 'PD_4,PD_7': 0.0, 'PD_4,PD_8': 0.0, 'PD_7,PD_8': 0.0}, ASR: 1.0, TCB: {'PD_1': ['PD_3', 'PD_2', 'PD_4'], 'PD_2': ['PD_4', 'PD_1', 'PD_3'], 'PD_3': ['PD_1', 'PD_2', 'PD_4'], 'PD_4': ['PD_1', 'PD_2', 'PD_3'], 'PD_7': [], 'PD_8': []}, FR: {'PD_1,PD_2': inf, 'PD_1,PD_3': inf, 'PD_1,PD_4': inf, 'PD_1,PD_7': inf, 'PD_1,PD_8': inf, 'PD_2,PD_3': inf, 'PD_2,PD_4': inf, 'PD_2,PD_7': inf, 'PD_2,PD_8': inf, 'PD_3,PD_4': inf, 'PD_3,PD_7': inf, 'PD_3,PD_8': inf, 'PD_4,PD_7': inf, 'PD_4,PD_8': inf, 'PD_7,PD_8': inf}
  Computing metrics...
    RSI: {'PD_1,PD_2': 1.0, 'PD_1,PD_3': 1.0, 'PD_1,PD_4': 1.0, 'PD_1,PD_7': 0.0, 'PD_1,PD_8': 0.0, 'PD_2,PD_3': 1.0, 'PD_2,PD_4': 1.0, 'PD_2,PD_7': 0.0, 'PD_2,PD_8': 0.0, 'PD_3,PD_4': 1.0, 'PD_3,PD_7': 0.0, 'PD_3,PD_8': 0.0, 'PD_4,PD_7': 0.0, 'PD_4,PD_8': 0.0, 'PD_7,PD_8': 0.0}, ASR: 1.0, TCB: {'PD_1': ['PD_3', 'PD_2', 'PD_4'], 'PD_2': ['PD_4', 'PD_1', 'PD_3'], 'PD_3': ['PD_1', 'PD_2', 'PD_4'], 'PD_4': ['PD_1', 'PD_2', 'PD_3'], 'PD_7': [], 'PD_8': []}, FR: {'PD_1,PD_2': inf, 'PD_1,PD_3': inf, 'PD_1,PD_4': inf, 'PD_1,PD_7': inf, 'PD_1,PD_8': inf, 'PD_2,PD_3': inf, 'PD_2,PD_4': inf, 'PD_2,PD_7': inf, 'PD_2,PD_8': inf, 'PD_3,PD_4': inf, 'PD_3,PD_7': inf, 'PD_3,PD_8': inf, 'PD_4,PD_7': inf, 'PD_4,PD_8': inf, 'PD_7,PD_8': inf}
  Computing metrics...
    RSI: {'PD_1,PD_2': 1.0, 'PD_1,PD_3': 1.0, 'PD_1,PD_4': 1.0, 'PD_1,PD_7': 0.0, 'PD_1,PD_8': 0.0, 'PD_2,PD_3': 1.0, 'PD_2,PD_4': 1.0, 'PD_2,PD_7': 0.0, 'PD_2,PD_8': 0.0, 'PD_3,PD_4': 1.0, 'PD_3,PD_7': 0.0, 'PD_3,PD_8': 0.0, 'PD_4,PD_7': 0.0, 'PD_4,PD_8': 0.0, 'PD_7,PD_8': 0.0}, ASR: 1.0, TCB: {'PD_1': ['PD_3', 'PD_2', 'PD_4'], 'PD_2': ['PD_4', 'PD_1', 'PD_3'], 'PD_3': ['PD_1', 'PD_2', 'PD_4'], 'PD_4': ['PD_1', 'PD_2', 'PD_3'], 'PD_7': [], 'PD_8': []}, FR: {'PD_1,PD_2': inf, 'PD_1,PD_3': inf, 'PD_1,PD_4': inf, 'PD_1,PD_7': inf, 'PD_1,PD_8': inf, 'PD_2,PD_3': inf, 'PD_2,PD_4': inf, 'PD_2,PD_7': inf, 'PD_2,PD_8': inf, 'PD_3,PD_4': inf, 'PD_3,PD_7': inf, 'PD_3,PD_8': inf, 'PD_4,PD_7': inf, 'PD_4,PD_8': inf, 'PD_7,PD_8': inf}
  Computing metrics...
    RSI: {'PD_1,PD_2': 1.0, 'PD_1,PD_3': 1.0, 'PD_1,PD_4': 1.0, 'PD_1,PD_7': 0.0, 'PD_1,PD_8': 0.0, 'PD_2,PD_3': 1.0, 'PD_2,PD_4': 1.0, 'PD_2,PD_7': 0.0, 'PD_2,PD_8': 0.0, 'PD_3,PD_4': 1.0, 'PD_3,PD_7': 0.0, 'PD_3,PD_8': 0.0, 'PD_4,PD_7': 0.0, 'PD_4,PD_8': 0.0, 'PD_7,PD_8': 0.0}, ASR: 1.0, TCB: {'PD_1': ['PD_3', 'PD_2', 'PD_4'], 'PD_2': ['PD_4', 'PD_1', 'PD_3'], 'PD_3': ['PD_1', 'PD_2', 'PD_4'], 'PD_4': ['PD_1', 'PD_2', 'PD_3'], 'PD_7': [], 'PD_8': []}, FR: {'PD_1,PD_2': inf, 'PD_1,PD_3': inf, 'PD_1,PD_4': inf, 'PD_1,PD_7': inf, 'PD_1,PD_8': inf, 'PD_2,PD_3': inf, 'PD_2,PD_4': inf, 'PD_2,PD_7': inf, 'PD_2,PD_8': inf, 'PD_3,PD_4': inf, 'PD_3,PD_7': inf, 'PD_3,PD_8': inf, 'PD_4,PD_7': inf, 'PD_4,PD_8': inf, 'PD_7,PD_8': inf}
  Computing metrics...
    RSI: {'PD_1,PD_2': 1.0, 'PD_1,PD_3': 1.0, 'PD_1,PD_4': 1.0, 'PD_1,PD_7': 1.0, 'PD_1,PD_8': 0.0, 'PD_2,PD_3': 1.0, 'PD_2,PD_4': 1.0, 'PD_2,PD_7': 1.0, 'PD_2,PD_8': 0.0, 'PD_3,PD_4': 1.0, 'PD_3,PD_7': 1.0, 'PD_3,PD_8': 0.0, 'PD_4,PD_7': 1.0, 'PD_4,PD_8': 0.0, 'PD_7,PD_8': 0.0}, ASR: 1.1666666666666667, TCB: {'PD_1': ['PD_3', 'PD_2', 'PD_4', 'PD_7'], 'PD_2': ['PD_4', 'PD_1', 'PD_3', 'PD_7'], 'PD_3': ['PD_1', 'PD_2', 'PD_4', 'PD_7'], 'PD_4': ['PD_1', 'PD_2', 'PD_3', 'PD_7'], 'PD_7': ['PD_1', 'PD_2', 'PD_3', 'PD_4'], 'PD_8': []}, FR: {'PD_1,PD_2': inf, 'PD_1,PD_3': inf, 'PD_1,PD_4': inf, 'PD_1,PD_7': inf, 'PD_1,PD_8': inf, 'PD_2,PD_3': inf, 'PD_2,PD_4': inf, 'PD_2,PD_7': inf, 'PD_2,PD_8': inf, 'PD_3,PD_4': inf, 'PD_3,PD_7': inf, 'PD_3,PD_8': inf, 'PD_4,PD_7': inf, 'PD_4,PD_8': inf, 'PD_7,PD_8': inf}
  Computing metrics...
    RSI: {'PD_1,PD_2': 1.0, 'PD_1,PD_3': 1.0, 'PD_1,PD_4': 1.0, 'PD_1,PD_7': 0.0, 'PD_1,PD_8': 0.0, 'PD_2,PD_3': 1.0, 'PD_2,PD_4': 1.0, 'PD_2,PD_7': 0.0, 'PD_2,PD_8': 0.0, 'PD_3,PD_4': 1.0, 'PD_3,PD_7': 0.0, 'PD_3,PD_8': 0.0, 'PD_4,PD_7': 0.0, 'PD_4,PD_8': 0.0, 'PD_7,PD_8': 0.0}, ASR: 1.0, TCB: {'PD_1': ['PD_3', 'PD_2', 'PD_4'], 'PD_2': ['PD_4', 'PD_1', 'PD_3'], 'PD_3': ['PD_1', 'PD_2', 'PD_4'], 'PD_4': ['PD_1', 'PD_2', 'PD_3'], 'PD_7': [], 'PD_8': []}, FR: {'PD_1,PD_2': inf, 'PD_1,PD_3': inf, 'PD_1,PD_4': inf, 'PD_1,PD_7': inf, 'PD_1,PD_8': inf, 'PD_2,PD_3': inf, 'PD_2,PD_4': inf, 'PD_2,PD_7': inf, 'PD_2,PD_8': inf, 'PD_3,PD_4': inf, 'PD_3,PD_7': inf, 'PD_3,PD_8': inf, 'PD_4,PD_7': inf, 'PD_4,PD_8': inf, 'PD_7,PD_8': inf}
  Computing metrics...
    RSI: {'PD_1,PD_2': 1.0, 'PD_1,PD_3': 1.0, 'PD_1,PD_4': 1.0, 'PD_1,PD_7': 0.0, 'PD_1,PD_8': 1.0, 'PD_2,PD_3': 1.0, 'PD_2,PD_4': 1.0, 'PD_2,PD_7': 0.0, 'PD_2,PD_8': 1.0, 'PD_3,PD_4': 1.0, 'PD_3,PD_7': 0.0, 'PD_3,PD_8': 1.0, 'PD_4,PD_7': 0.0, 'PD_4,PD_8': 1.0, 'PD_7,PD_8': 0.0}, ASR: 1.1666666666666667, TCB: {'PD_1': ['PD_3', 'PD_2', 'PD_4', 'PD_8'], 'PD_2': ['PD_4', 'PD_1', 'PD_3', 'PD_8'], 'PD_3': ['PD_1', 'PD_2', 'PD_4', 'PD_8'], 'PD_4': ['PD_1', 'PD_2', 'PD_3', 'PD_8'], 'PD_7': [], 'PD_8': ['PD_1', 'PD_2', 'PD_3', 'PD_4']}, FR: {'PD_1,PD_2': inf, 'PD_1,PD_3': inf, 'PD_1,PD_4': inf, 'PD_1,PD_7': inf, 'PD_1,PD_8': inf, 'PD_2,PD_3': inf, 'PD_2,PD_4': inf, 'PD_2,PD_7': inf, 'PD_2,PD_8': inf, 'PD_3,PD_4': inf, 'PD_3,PD_7': inf, 'PD_3,PD_8': inf, 'PD_4,PD_7': inf, 'PD_4,PD_8': inf, 'PD_7,PD_8': inf}
  Computing metrics...
    RSI: {'PD_1,PD_2': 1.0, 'PD_1,PD_3': 1.0, 'PD_1,PD_4': 1.0, 'PD_1,PD_7': 0.0, 'PD_1,PD_8': 0.0, 'PD_2,PD_3': 1.0, 'PD_2,PD_4': 1.0, 'PD_2,PD_7': 0.0, 'PD_2,PD_8': 0.0, 'PD_3,PD_4': 1.0, 'PD_3,PD_7': 0.0, 'PD_3,PD_8': 0.0, 'PD_4,PD_7': 0.0, 'PD_4,PD_8': 0.0, 'PD_7,PD_8': 0.0}, ASR: 1.0, TCB: {'PD_1': ['PD_3', 'PD_2', 'PD_4'], 'PD_2': ['PD_4', 'PD_1', 'PD_3'], 'PD_3': ['PD_1', 'PD_2', 'PD_4'], 'PD_4': ['PD_1', 'PD_2', 'PD_3'], 'PD_7': [], 'PD_8': []}, FR: {'PD_1,PD_2': inf, 'PD_1,PD_3': inf, 'PD_1,PD_4': inf, 'PD_1,PD_7': inf, 'PD_1,PD_8': inf, 'PD_2,PD_3': inf, 'PD_2,PD_4': inf, 'PD_2,PD_7': inf, 'PD_2,PD_8': inf, 'PD_3,PD_4': inf, 'PD_3,PD_7': inf, 'PD_3,PD_8': inf, 'PD_4,PD_7': inf, 'PD_4,PD_8': inf, 'PD_7,PD_8': inf}
  Computing metrics...
    RSI: {'PD_1,PD_2': 0.0, 'PD_1,PD_3': 0.0, 'PD_1,PD_4': 0.0, 'PD_1,PD_7': 0.0, 'PD_1,PD_8': 0.0, 'PD_2,PD_3': 1.0, 'PD_2,PD_4': 1.0, 'PD_2,PD_7': 0.0, 'PD_2,PD_8': 0.0, 'PD_3,PD_4': 1.0, 'PD_3,PD_7': 0.0, 'PD_3,PD_8': 0.0, 'PD_4,PD_7': 0.0, 'PD_4,PD_8': 0.0, 'PD_7,PD_8': 0.0}, ASR: 0.8333333333333334, TCB: {'PD_1': ['PD_3'], 'PD_2': ['PD_4', 'PD_3'], 'PD_3': ['PD_2', 'PD_4'], 'PD_4': ['PD_2', 'PD_3'], 'PD_7': [], 'PD_8': []}, FR: {'PD_1,PD_2': inf, 'PD_1,PD_3': inf, 'PD_1,PD_4': inf, 'PD_1,PD_7': inf, 'PD_1,PD_8': inf, 'PD_2,PD_3': inf, 'PD_2,PD_4': inf, 'PD_2,PD_7': inf, 'PD_2,PD_8': inf, 'PD_3,PD_4': inf, 'PD_3,PD_7': inf, 'PD_3,PD_8': inf, 'PD_4,PD_7': inf, 'PD_4,PD_8': inf, 'PD_7,PD_8': inf}
    🎯 remove_hold_edge goal: -10.00, constraint: 0.00, unsatisfiable: 0.00, diversity: 0.00 → total: -4.90
    remove_hold_edge candidate: remove PD_1 -> FILE_1_1 HOLD edge -> score: -4.900
  Computing metrics...
    RSI: {'PD_1,PD_2': 1.0, 'PD_1,PD_3': 1.0, 'PD_1,PD_4': 1.0, 'PD_1,PD_7': 0.0, 'PD_1,PD_8': 0.0, 'PD_2,PD_3': 1.0, 'PD_2,PD_4': 1.0, 'PD_2,PD_7': 0.0, 'PD_2,PD_8': 0.0, 'PD_3,PD_4': 1.0, 'PD_3,PD_7': 0.0, 'PD_3,PD_8': 0.0, 'PD_4,PD_7': 0.0, 'PD_4,PD_8': 0.0, 'PD_7,PD_8': 0.0}, ASR: 1.0, TCB: {'PD_1': ['PD_3', 'PD_2', 'PD_4'], 'PD_2': ['PD_4', 'PD_1', 'PD_3'], 'PD_3': ['PD_1', 'PD_2', 'PD_4'], 'PD_4': ['PD_1', 'PD_2', 'PD_3'], 'PD_7': [], 'PD_8': []}, FR: {'PD_1,PD_2': inf, 'PD_1,PD_3': inf, 'PD_1,PD_4': inf, 'PD_1,PD_7': inf, 'PD_1,PD_8': inf, 'PD_2,PD_3': inf, 'PD_2,PD_4': inf, 'PD_2,PD_7': inf, 'PD_2,PD_8': inf, 'PD_3,PD_4': inf, 'PD_3,PD_7': inf, 'PD_3,PD_8': inf, 'PD_4,PD_7': inf, 'PD_4,PD_8': inf, 'PD_7,PD_8': inf}
  Computing metrics...
    RSI: {'PD_1,PD_2': 0.0, 'PD_1,PD_3': 1.0, 'PD_1,PD_4': 1.0, 'PD_1,PD_7': 0.0, 'PD_1,PD_8': 0.0, 'PD_2,PD_3': 0.0, 'PD_2,PD_4': 0.0, 'PD_2,PD_7': 0.0, 'PD_2,PD_8': 0.0, 'PD_3,PD_4': 1.0, 'PD_3,PD_7': 0.0, 'PD_3,PD_8': 0.0, 'PD_4,PD_7': 0.0, 'PD_4,PD_8': 0.0, 'PD_7,PD_8': 0.0}, ASR: 0.8333333333333334, TCB: {'PD_1': ['PD_3', 'PD_4'], 'PD_2': ['PD_4'], 'PD_3': ['PD_1', 'PD_4'], 'PD_4': ['PD_1', 'PD_3'], 'PD_7': [], 'PD_8': []}, FR: {'PD_1,PD_2': inf, 'PD_1,PD_3': inf, 'PD_1,PD_4': inf, 'PD_1,PD_7': inf, 'PD_1,PD_8': inf, 'PD_2,PD_3': inf, 'PD_2,PD_4': inf, 'PD_2,PD_7': inf, 'PD_2,PD_8': inf, 'PD_3,PD_4': inf, 'PD_3,PD_7': inf, 'PD_3,PD_8': inf, 'PD_4,PD_7': inf, 'PD_4,PD_8': inf, 'PD_7,PD_8': inf}
    🎯 remove_hold_edge goal: -10.00, constraint: 0.00, unsatisfiable: 0.00, diversity: 0.00 → total: -4.90
    remove_hold_edge candidate: remove PD_2 -> FILE_1_1 HOLD edge -> score: -4.900
  Computing metrics...
    RSI: {'PD_1,PD_2': 1.0, 'PD_1,PD_3': 1.0, 'PD_1,PD_4': 1.0, 'PD_1,PD_7': 0.0, 'PD_1,PD_8': 0.0, 'PD_2,PD_3': 1.0, 'PD_2,PD_4': 1.0, 'PD_2,PD_7': 0.0, 'PD_2,PD_8': 0.0, 'PD_3,PD_4': 1.0, 'PD_3,PD_7': 0.0, 'PD_3,PD_8': 0.0, 'PD_4,PD_7': 0.0, 'PD_4,PD_8': 0.0, 'PD_7,PD_8': 0.0}, ASR: 1.0, TCB: {'PD_1': ['PD_3', 'PD_2', 'PD_4'], 'PD_2': ['PD_4', 'PD_1', 'PD_3'], 'PD_3': ['PD_1', 'PD_2', 'PD_4'], 'PD_4': ['PD_1', 'PD_2', 'PD_3'], 'PD_7': [], 'PD_8': []}, FR: {'PD_1,PD_2': inf, 'PD_1,PD_3': inf, 'PD_1,PD_4': inf, 'PD_1,PD_7': inf, 'PD_1,PD_8': inf, 'PD_2,PD_3': inf, 'PD_2,PD_4': inf, 'PD_2,PD_7': inf, 'PD_2,PD_8': inf, 'PD_3,PD_4': inf, 'PD_3,PD_7': inf, 'PD_3,PD_8': inf, 'PD_4,PD_7': inf, 'PD_4,PD_8': inf, 'PD_7,PD_8': inf}
  Computing metrics...
    RSI: {'PD_1,PD_2': 1.0, 'PD_1,PD_3': 0.0, 'PD_1,PD_4': 1.0, 'PD_1,PD_7': 0.0, 'PD_1,PD_8': 0.0, 'PD_2,PD_3': 0.0, 'PD_2,PD_4': 1.0, 'PD_2,PD_7': 0.0, 'PD_2,PD_8': 0.0, 'PD_3,PD_4': 0.0, 'PD_3,PD_7': 0.0, 'PD_3,PD_8': 0.0, 'PD_4,PD_7': 0.0, 'PD_4,PD_8': 0.0, 'PD_7,PD_8': 0.0}, ASR: 0.8333333333333334, TCB: {'PD_1': ['PD_3', 'PD_2', 'PD_4'], 'PD_2': ['PD_4', 'PD_1'], 'PD_3': [], 'PD_4': ['PD_1', 'PD_2'], 'PD_7': [], 'PD_8': []}, FR: {'PD_1,PD_2': inf, 'PD_1,PD_3': inf, 'PD_1,PD_4': inf, 'PD_1,PD_7': inf, 'PD_1,PD_8': inf, 'PD_2,PD_3': inf, 'PD_2,PD_4': inf, 'PD_2,PD_7': inf, 'PD_2,PD_8': inf, 'PD_3,PD_4': inf, 'PD_3,PD_7': inf, 'PD_3,PD_8': inf, 'PD_4,PD_7': inf, 'PD_4,PD_8': inf, 'PD_7,PD_8': inf}
    remove_hold_edge candidate: remove PD_3 -> FILE_1_1 HOLD edge -> score: 0.100
  Computing metrics...
    RSI: {'PD_1,PD_2': 1.0, 'PD_1,PD_3': 1.0, 'PD_1,PD_4': 1.0, 'PD_1,PD_7': 0.0, 'PD_1,PD_8': 0.0, 'PD_2,PD_3': 1.0, 'PD_2,PD_4': 1.0, 'PD_2,PD_7': 0.0, 'PD_2,PD_8': 0.0, 'PD_3,PD_4': 1.0, 'PD_3,PD_7': 0.0, 'PD_3,PD_8': 0.0, 'PD_4,PD_7': 0.0, 'PD_4,PD_8': 0.0, 'PD_7,PD_8': 0.0}, ASR: 1.0, TCB: {'PD_1': ['PD_3', 'PD_2', 'PD_4'], 'PD_2': ['PD_4', 'PD_1', 'PD_3'], 'PD_3': ['PD_1', 'PD_2', 'PD_4'], 'PD_4': ['PD_1', 'PD_2', 'PD_3'], 'PD_7': [], 'PD_8': []}, FR: {'PD_1,PD_2': inf, 'PD_1,PD_3': inf, 'PD_1,PD_4': inf, 'PD_1,PD_7': inf, 'PD_1,PD_8': inf, 'PD_2,PD_3': inf, 'PD_2,PD_4': inf, 'PD_2,PD_7': inf, 'PD_2,PD_8': inf, 'PD_3,PD_4': inf, 'PD_3,PD_7': inf, 'PD_3,PD_8': inf, 'PD_4,PD_7': inf, 'PD_4,PD_8': inf, 'PD_7,PD_8': inf}
  Computing metrics...
    RSI: {'PD_1,PD_2': 1.0, 'PD_1,PD_3': 1.0, 'PD_1,PD_4': 0.0, 'PD_1,PD_7': 0.0, 'PD_1,PD_8': 0.0, 'PD_2,PD_3': 1.0, 'PD_2,PD_4': 0.0, 'PD_2,PD_7': 0.0, 'PD_2,PD_8': 0.0, 'PD_3,PD_4': 0.0, 'PD_3,PD_7': 0.0, 'PD_3,PD_8': 0.0, 'PD_4,PD_7': 0.0, 'PD_4,PD_8': 0.0, 'PD_7,PD_8': 0.0}, ASR: 0.8333333333333334, TCB: {'PD_1': ['PD_3', 'PD_2'], 'PD_2': ['PD_4', 'PD_1', 'PD_3'], 'PD_3': ['PD_1', 'PD_2'], 'PD_4': [], 'PD_7': [], 'PD_8': []}, FR: {'PD_1,PD_2': inf, 'PD_1,PD_3': inf, 'PD_1,PD_4': inf, 'PD_1,PD_7': inf, 'PD_1,PD_8': inf, 'PD_2,PD_3': inf, 'PD_2,PD_4': inf, 'PD_2,PD_7': inf, 'PD_2,PD_8': inf, 'PD_3,PD_4': inf, 'PD_3,PD_7': inf, 'PD_3,PD_8': inf, 'PD_4,PD_7': inf, 'PD_4,PD_8': inf, 'PD_7,PD_8': inf}
    remove_hold_edge candidate: remove PD_4 -> FILE_1_1 HOLD edge -> score: 0.100
  Computing metrics...
    RSI: {'PD_1,PD_2': 1.0, 'PD_1,PD_3': 1.0, 'PD_1,PD_4': 1.0, 'PD_1,PD_7': 0.0, 'PD_1,PD_8': 0.0, 'PD_2,PD_3': 1.0, 'PD_2,PD_4': 1.0, 'PD_2,PD_7': 0.0, 'PD_2,PD_8': 0.0, 'PD_3,PD_4': 1.0, 'PD_3,PD_7': 0.0, 'PD_3,PD_8': 0.0, 'PD_4,PD_7': 0.0, 'PD_4,PD_8': 0.0, 'PD_7,PD_8': 0.0}, ASR: 1.0, TCB: {'PD_1': ['PD_3', 'PD_2', 'PD_4'], 'PD_2': ['PD_4', 'PD_1', 'PD_3'], 'PD_3': ['PD_1', 'PD_2', 'PD_4'], 'PD_4': ['PD_1', 'PD_2', 'PD_3'], 'PD_7': [], 'PD_8': []}, FR: {'PD_1,PD_2': inf, 'PD_1,PD_3': inf, 'PD_1,PD_4': inf, 'PD_1,PD_7': inf, 'PD_1,PD_8': inf, 'PD_2,PD_3': inf, 'PD_2,PD_4': inf, 'PD_2,PD_7': inf, 'PD_2,PD_8': inf, 'PD_3,PD_4': inf, 'PD_3,PD_7': inf, 'PD_3,PD_8': inf, 'PD_4,PD_7': inf, 'PD_4,PD_8': inf, 'PD_7,PD_8': inf}
  Computing metrics...
    RSI: {'PD_1,PD_2': 1.0, 'PD_1,PD_3': 1.0, 'PD_1,PD_4': 1.0, 'PD_1,PD_7': 0.0, 'PD_1,PD_8': 0.0, 'PD_2,PD_3': 1.0, 'PD_2,PD_4': 1.0, 'PD_2,PD_7': 0.0, 'PD_2,PD_8': 0.0, 'PD_3,PD_4': 1.0, 'PD_3,PD_7': 0.0, 'PD_3,PD_8': 0.0, 'PD_4,PD_7': 0.0, 'PD_4,PD_8': 0.0, 'PD_7,PD_8': 0.0}, ASR: 1.1666666666666667, TCB: {'PD_1': ['PD_3', 'PD_2', 'PD_4'], 'PD_2': ['PD_4', 'PD_1', 'PD_3'], 'PD_3': ['PD_1', 'PD_2', 'PD_4'], 'PD_4': ['PD_1', 'PD_2', 'PD_3'], 'PD_7': [], 'PD_8': []}, FR: {'PD_1,PD_2': 3, 'PD_1,PD_3': inf, 'PD_1,PD_4': inf, 'PD_1,PD_7': inf, 'PD_1,PD_8': inf, 'PD_2,PD_3': inf, 'PD_2,PD_4': inf, 'PD_2,PD_7': inf, 'PD_2,PD_8': inf, 'PD_3,PD_4': inf, 'PD_3,PD_7': inf, 'PD_3,PD_8': inf, 'PD_4,PD_7': inf, 'PD_4,PD_8': inf, 'PD_7,PD_8': inf}
  Computing metrics...
    RSI: {'PD_1,PD_2': 1.0, 'PD_1,PD_3': 1.0, 'PD_1,PD_4': 1.0, 'PD_1,PD_7': 0.0, 'PD_1,PD_8': 0.0, 'PD_2,PD_3': 1.0, 'PD_2,PD_4': 1.0, 'PD_2,PD_7': 0.0, 'PD_2,PD_8': 0.0, 'PD_3,PD_4': 1.0, 'PD_3,PD_7': 0.0, 'PD_3,PD_8': 0.0, 'PD_4,PD_7': 0.0, 'PD_4,PD_8': 0.0, 'PD_7,PD_8': 0.0}, ASR: 1.0, TCB: {'PD_1': ['PD_3', 'PD_2', 'PD_4'], 'PD_2': ['PD_4', 'PD_1', 'PD_3'], 'PD_3': ['PD_1', 'PD_2', 'PD_4'], 'PD_4': ['PD_1', 'PD_2', 'PD_3'], 'PD_7': [], 'PD_8': []}, FR: {'PD_1,PD_2': inf, 'PD_1,PD_3': inf, 'PD_1,PD_4': inf, 'PD_1,PD_7': inf, 'PD_1,PD_8': inf, 'PD_2,PD_3': inf, 'PD_2,PD_4': inf, 'PD_2,PD_7': inf, 'PD_2,PD_8': inf, 'PD_3,PD_4': inf, 'PD_3,PD_7': inf, 'PD_3,PD_8': inf, 'PD_4,PD_7': inf, 'PD_4,PD_8': inf, 'PD_7,PD_8': inf}
  Computing metrics...
    RSI: {'PD_1,PD_2': 1.0, 'PD_1,PD_3': 1.0, 'PD_1,PD_4': 1.0, 'PD_1,PD_7': 0.0, 'PD_1,PD_8': 0.0, 'PD_2,PD_3': 1.0, 'PD_2,PD_4': 1.0, 'PD_2,PD_7': 0.0, 'PD_2,PD_8': 0.0, 'PD_3,PD_4': 1.0, 'PD_3,PD_7': 0.0, 'PD_3,PD_8': 0.0, 'PD_4,PD_7': 0.0, 'PD_4,PD_8': 0.0, 'PD_7,PD_8': 0.0}, ASR: 1.1666666666666667, TCB: {'PD_1': ['PD_3', 'PD_4', 'PD_2'], 'PD_2': ['PD_4', 'PD_1', 'PD_3'], 'PD_3': ['PD_1', 'PD_2', 'PD_4'], 'PD_4': ['PD_1', 'PD_2', 'PD_3'], 'PD_7': [], 'PD_8': []}, FR: {'PD_1,PD_2': 2, 'PD_1,PD_3': inf, 'PD_1,PD_4': inf, 'PD_1,PD_7': inf, 'PD_1,PD_8': inf, 'PD_2,PD_3': inf, 'PD_2,PD_4': inf, 'PD_2,PD_7': inf, 'PD_2,PD_8': inf, 'PD_3,PD_4': inf, 'PD_3,PD_7': inf, 'PD_3,PD_8': inf, 'PD_4,PD_7': inf, 'PD_4,PD_8': inf, 'PD_7,PD_8': inf}
  Computing metrics...
    RSI: {'PD_1,PD_2': 1.0, 'PD_1,PD_3': 1.0, 'PD_1,PD_4': 1.0, 'PD_1,PD_7': 0.0, 'PD_1,PD_8': 0.0, 'PD_2,PD_3': 1.0, 'PD_2,PD_4': 1.0, 'PD_2,PD_7': 0.0, 'PD_2,PD_8': 0.0, 'PD_3,PD_4': 1.0, 'PD_3,PD_7': 0.0, 'PD_3,PD_8': 0.0, 'PD_4,PD_7': 0.0, 'PD_4,PD_8': 0.0, 'PD_7,PD_8': 0.0}, ASR: 1.0, TCB: {'PD_1': ['PD_3', 'PD_2', 'PD_4'], 'PD_2': ['PD_4', 'PD_1', 'PD_3'], 'PD_3': ['PD_1', 'PD_2', 'PD_4'], 'PD_4': ['PD_1', 'PD_2', 'PD_3'], 'PD_7': [], 'PD_8': []}, FR: {'PD_1,PD_2': inf, 'PD_1,PD_3': inf, 'PD_1,PD_4': inf, 'PD_1,PD_7': inf, 'PD_1,PD_8': inf, 'PD_2,PD_3': inf, 'PD_2,PD_4': inf, 'PD_2,PD_7': inf, 'PD_2,PD_8': inf, 'PD_3,PD_4': inf, 'PD_3,PD_7': inf, 'PD_3,PD_8': inf, 'PD_4,PD_7': inf, 'PD_4,PD_8': inf, 'PD_7,PD_8': inf}
  Computing metrics...
    RSI: {'PD_1,PD_2': 1.0, 'PD_1,PD_3': 1.0, 'PD_1,PD_4': 1.0, 'PD_1,PD_7': 0.0, 'PD_1,PD_8': 0.0, 'PD_2,PD_3': 1.0, 'PD_2,PD_4': 1.0, 'PD_2,PD_7': 0.0, 'PD_2,PD_8': 0.0, 'PD_3,PD_4': 1.0, 'PD_3,PD_7': 0.0, 'PD_3,PD_8': 0.0, 'PD_4,PD_7': 0.0, 'PD_4,PD_8': 0.0, 'PD_7,PD_8': 0.0}, ASR: 1.1666666666666667, TCB: {'PD_1': ['PD_3', 'PD_7', 'PD_2', 'PD_4'], 'PD_2': ['PD_4', 'PD_1', 'PD_3'], 'PD_3': ['PD_1', 'PD_2', 'PD_4'], 'PD_4': ['PD_1', 'PD_2', 'PD_3'], 'PD_7': [], 'PD_8': []}, FR: {'PD_1,PD_2': inf, 'PD_1,PD_3': inf, 'PD_1,PD_4': inf, 'PD_1,PD_7': inf, 'PD_1,PD_8': inf, 'PD_2,PD_3': inf, 'PD_2,PD_4': inf, 'PD_2,PD_7': inf, 'PD_2,PD_8': inf, 'PD_3,PD_4': inf, 'PD_3,PD_7': inf, 'PD_3,PD_8': inf, 'PD_4,PD_7': inf, 'PD_4,PD_8': inf, 'PD_7,PD_8': inf}
  Computing metrics...
    RSI: {'PD_1,PD_2': 1.0, 'PD_1,PD_3': 1.0, 'PD_1,PD_4': 1.0, 'PD_1,PD_7': 0.0, 'PD_1,PD_8': 0.0, 'PD_2,PD_3': 1.0, 'PD_2,PD_4': 1.0, 'PD_2,PD_7': 0.0, 'PD_2,PD_8': 0.0, 'PD_3,PD_4': 1.0, 'PD_3,PD_7': 0.0, 'PD_3,PD_8': 0.0, 'PD_4,PD_7': 0.0, 'PD_4,PD_8': 0.0, 'PD_7,PD_8': 0.0}, ASR: 1.0, TCB: {'PD_1': ['PD_3', 'PD_2', 'PD_4'], 'PD_2': ['PD_4', 'PD_1', 'PD_3'], 'PD_3': ['PD_1', 'PD_2', 'PD_4'], 'PD_4': ['PD_1', 'PD_2', 'PD_3'], 'PD_7': [], 'PD_8': []}, FR: {'PD_1,PD_2': inf, 'PD_1,PD_3': inf, 'PD_1,PD_4': inf, 'PD_1,PD_7': inf, 'PD_1,PD_8': inf, 'PD_2,PD_3': inf, 'PD_2,PD_4': inf, 'PD_2,PD_7': inf, 'PD_2,PD_8': inf, 'PD_3,PD_4': inf, 'PD_3,PD_7': inf, 'PD_3,PD_8': inf, 'PD_4,PD_7': inf, 'PD_4,PD_8': inf, 'PD_7,PD_8': inf}
  Computing metrics...
    RSI: {'PD_1,PD_2': 1.0, 'PD_1,PD_3': 1.0, 'PD_1,PD_4': 1.0, 'PD_1,PD_7': 0.0, 'PD_1,PD_8': 0.0, 'PD_2,PD_3': 1.0, 'PD_2,PD_4': 1.0, 'PD_2,PD_7': 0.0, 'PD_2,PD_8': 0.0, 'PD_3,PD_4': 1.0, 'PD_3,PD_7': 0.0, 'PD_3,PD_8': 0.0, 'PD_4,PD_7': 0.0, 'PD_4,PD_8': 0.0, 'PD_7,PD_8': 0.0}, ASR: 1.1666666666666667, TCB: {'PD_1': ['PD_3', 'PD_8', 'PD_2', 'PD_4'], 'PD_2': ['PD_4', 'PD_1', 'PD_3'], 'PD_3': ['PD_1', 'PD_2', 'PD_4'], 'PD_4': ['PD_1', 'PD_2', 'PD_3'], 'PD_7': [], 'PD_8': []}, FR: {'PD_1,PD_2': inf, 'PD_1,PD_3': inf, 'PD_1,PD_4': inf, 'PD_1,PD_7': inf, 'PD_1,PD_8': inf, 'PD_2,PD_3': inf, 'PD_2,PD_4': inf, 'PD_2,PD_7': inf, 'PD_2,PD_8': inf, 'PD_3,PD_4': inf, 'PD_3,PD_7': inf, 'PD_3,PD_8': inf, 'PD_4,PD_7': inf, 'PD_4,PD_8': inf, 'PD_7,PD_8': inf}
  Computing metrics...
    RSI: {'PD_1,PD_2': 1.0, 'PD_1,PD_3': 1.0, 'PD_1,PD_4': 1.0, 'PD_1,PD_7': 0.0, 'PD_1,PD_8': 0.0, 'PD_2,PD_3': 1.0, 'PD_2,PD_4': 1.0, 'PD_2,PD_7': 0.0, 'PD_2,PD_8': 0.0, 'PD_3,PD_4': 1.0, 'PD_3,PD_7': 0.0, 'PD_3,PD_8': 0.0, 'PD_4,PD_7': 0.0, 'PD_4,PD_8': 0.0, 'PD_7,PD_8': 0.0}, ASR: 1.0, TCB: {'PD_1': ['PD_3', 'PD_2', 'PD_4'], 'PD_2': ['PD_4', 'PD_1', 'PD_3'], 'PD_3': ['PD_1', 'PD_2', 'PD_4'], 'PD_4': ['PD_1', 'PD_2', 'PD_3'], 'PD_7': [], 'PD_8': []}, FR: {'PD_1,PD_2': inf, 'PD_1,PD_3': inf, 'PD_1,PD_4': inf, 'PD_1,PD_7': inf, 'PD_1,PD_8': inf, 'PD_2,PD_3': inf, 'PD_2,PD_4': inf, 'PD_2,PD_7': inf, 'PD_2,PD_8': inf, 'PD_3,PD_4': inf, 'PD_3,PD_7': inf, 'PD_3,PD_8': inf, 'PD_4,PD_7': inf, 'PD_4,PD_8': inf, 'PD_7,PD_8': inf}
  Computing metrics...
    RSI: {'PD_1,PD_2': 1.0, 'PD_1,PD_3': 1.0, 'PD_1,PD_4': 1.0, 'PD_1,PD_7': 0.0, 'PD_1,PD_8': 0.0, 'PD_2,PD_3': 1.0, 'PD_2,PD_4': 1.0, 'PD_2,PD_7': 0.0, 'PD_2,PD_8': 0.0, 'PD_3,PD_4': 1.0, 'PD_3,PD_7': 0.0, 'PD_3,PD_8': 0.0, 'PD_4,PD_7': 0.0, 'PD_4,PD_8': 0.0, 'PD_7,PD_8': 0.0}, ASR: 1.1666666666666667, TCB: {'PD_1': ['PD_3', 'PD_2', 'PD_4'], 'PD_2': ['PD_4', 'PD_1', 'PD_3'], 'PD_3': ['PD_1', 'PD_2', 'PD_4'], 'PD_4': ['PD_1', 'PD_2', 'PD_3'], 'PD_7': [], 'PD_8': []}, FR: {'PD_1,PD_2': 3, 'PD_1,PD_3': inf, 'PD_1,PD_4': inf, 'PD_1,PD_7': inf, 'PD_1,PD_8': inf, 'PD_2,PD_3': inf, 'PD_2,PD_4': inf, 'PD_2,PD_7': inf, 'PD_2,PD_8': inf, 'PD_3,PD_4': inf, 'PD_3,PD_7': inf, 'PD_3,PD_8': inf, 'PD_4,PD_7': inf, 'PD_4,PD_8': inf, 'PD_7,PD_8': inf}
  Computing metrics...
    RSI: {'PD_1,PD_2': 1.0, 'PD_1,PD_3': 1.0, 'PD_1,PD_4': 1.0, 'PD_1,PD_7': 0.0, 'PD_1,PD_8': 0.0, 'PD_2,PD_3': 1.0, 'PD_2,PD_4': 1.0, 'PD_2,PD_7': 0.0, 'PD_2,PD_8': 0.0, 'PD_3,PD_4': 1.0, 'PD_3,PD_7': 0.0, 'PD_3,PD_8': 0.0, 'PD_4,PD_7': 0.0, 'PD_4,PD_8': 0.0, 'PD_7,PD_8': 0.0}, ASR: 1.0, TCB: {'PD_1': ['PD_3', 'PD_2', 'PD_4'], 'PD_2': ['PD_4', 'PD_1', 'PD_3'], 'PD_3': ['PD_1', 'PD_2', 'PD_4'], 'PD_4': ['PD_1', 'PD_2', 'PD_3'], 'PD_7': [], 'PD_8': []}, FR: {'PD_1,PD_2': inf, 'PD_1,PD_3': inf, 'PD_1,PD_4': inf, 'PD_1,PD_7': inf, 'PD_1,PD_8': inf, 'PD_2,PD_3': inf, 'PD_2,PD_4': inf, 'PD_2,PD_7': inf, 'PD_2,PD_8': inf, 'PD_3,PD_4': inf, 'PD_3,PD_7': inf, 'PD_3,PD_8': inf, 'PD_4,PD_7': inf, 'PD_4,PD_8': inf, 'PD_7,PD_8': inf}
  Computing metrics...
    RSI: {'PD_1,PD_2': 1.0, 'PD_1,PD_3': 1.0, 'PD_1,PD_4': 1.0, 'PD_1,PD_7': 0.0, 'PD_1,PD_8': 0.0, 'PD_2,PD_3': 1.0, 'PD_2,PD_4': 1.0, 'PD_2,PD_7': 0.0, 'PD_2,PD_8': 0.0, 'PD_3,PD_4': 1.0, 'PD_3,PD_7': 0.0, 'PD_3,PD_8': 0.0, 'PD_4,PD_7': 0.0, 'PD_4,PD_8': 0.0, 'PD_7,PD_8': 0.0}, ASR: 1.1666666666666667, TCB: {'PD_1': ['PD_3', 'PD_2', 'PD_4'], 'PD_2': ['PD_4', 'PD_3', 'PD_1'], 'PD_3': ['PD_1', 'PD_2', 'PD_4'], 'PD_4': ['PD_1', 'PD_2', 'PD_3'], 'PD_7': [], 'PD_8': []}, FR: {'PD_1,PD_2': 2, 'PD_1,PD_3': inf, 'PD_1,PD_4': inf, 'PD_1,PD_7': inf, 'PD_1,PD_8': inf, 'PD_2,PD_3': inf, 'PD_2,PD_4': inf, 'PD_2,PD_7': inf, 'PD_2,PD_8': inf, 'PD_3,PD_4': inf, 'PD_3,PD_7': inf, 'PD_3,PD_8': inf, 'PD_4,PD_7': inf, 'PD_4,PD_8': inf, 'PD_7,PD_8': inf}
  Computing metrics...
    RSI: {'PD_1,PD_2': 1.0, 'PD_1,PD_3': 1.0, 'PD_1,PD_4': 1.0, 'PD_1,PD_7': 0.0, 'PD_1,PD_8': 0.0, 'PD_2,PD_3': 1.0, 'PD_2,PD_4': 1.0, 'PD_2,PD_7': 0.0, 'PD_2,PD_8': 0.0, 'PD_3,PD_4': 1.0, 'PD_3,PD_7': 0.0, 'PD_3,PD_8': 0.0, 'PD_4,PD_7': 0.0, 'PD_4,PD_8': 0.0, 'PD_7,PD_8': 0.0}, ASR: 1.0, TCB: {'PD_1': ['PD_3', 'PD_2', 'PD_4'], 'PD_2': ['PD_4', 'PD_1', 'PD_3'], 'PD_3': ['PD_1', 'PD_2', 'PD_4'], 'PD_4': ['PD_1', 'PD_2', 'PD_3'], 'PD_7': [], 'PD_8': []}, FR: {'PD_1,PD_2': inf, 'PD_1,PD_3': inf, 'PD_1,PD_4': inf, 'PD_1,PD_7': inf, 'PD_1,PD_8': inf, 'PD_2,PD_3': inf, 'PD_2,PD_4': inf, 'PD_2,PD_7': inf, 'PD_2,PD_8': inf, 'PD_3,PD_4': inf, 'PD_3,PD_7': inf, 'PD_3,PD_8': inf, 'PD_4,PD_7': inf, 'PD_4,PD_8': inf, 'PD_7,PD_8': inf}
  Computing metrics...
    RSI: {'PD_1,PD_2': 1.0, 'PD_1,PD_3': 1.0, 'PD_1,PD_4': 1.0, 'PD_1,PD_7': 0.0, 'PD_1,PD_8': 0.0, 'PD_2,PD_3': 1.0, 'PD_2,PD_4': 1.0, 'PD_2,PD_7': 0.0, 'PD_2,PD_8': 0.0, 'PD_3,PD_4': 1.0, 'PD_3,PD_7': 0.0, 'PD_3,PD_8': 0.0, 'PD_4,PD_7': 0.0, 'PD_4,PD_8': 0.0, 'PD_7,PD_8': 0.0}, ASR: 1.1666666666666667, TCB: {'PD_1': ['PD_3', 'PD_2', 'PD_4'], 'PD_2': ['PD_4', 'PD_7', 'PD_1', 'PD_3'], 'PD_3': ['PD_1', 'PD_2', 'PD_4'], 'PD_4': ['PD_1', 'PD_2', 'PD_3'], 'PD_7': [], 'PD_8': []}, FR: {'PD_1,PD_2': inf, 'PD_1,PD_3': inf, 'PD_1,PD_4': inf, 'PD_1,PD_7': inf, 'PD_1,PD_8': inf, 'PD_2,PD_3': inf, 'PD_2,PD_4': inf, 'PD_2,PD_7': inf, 'PD_2,PD_8': inf, 'PD_3,PD_4': inf, 'PD_3,PD_7': inf, 'PD_3,PD_8': inf, 'PD_4,PD_7': inf, 'PD_4,PD_8': inf, 'PD_7,PD_8': inf}
  Computing metrics...
    RSI: {'PD_1,PD_2': 1.0, 'PD_1,PD_3': 1.0, 'PD_1,PD_4': 1.0, 'PD_1,PD_7': 0.0, 'PD_1,PD_8': 0.0, 'PD_2,PD_3': 1.0, 'PD_2,PD_4': 1.0, 'PD_2,PD_7': 0.0, 'PD_2,PD_8': 0.0, 'PD_3,PD_4': 1.0, 'PD_3,PD_7': 0.0, 'PD_3,PD_8': 0.0, 'PD_4,PD_7': 0.0, 'PD_4,PD_8': 0.0, 'PD_7,PD_8': 0.0}, ASR: 1.0, TCB: {'PD_1': ['PD_3', 'PD_2', 'PD_4'], 'PD_2': ['PD_4', 'PD_1', 'PD_3'], 'PD_3': ['PD_1', 'PD_2', 'PD_4'], 'PD_4': ['PD_1', 'PD_2', 'PD_3'], 'PD_7': [], 'PD_8': []}, FR: {'PD_1,PD_2': inf, 'PD_1,PD_3': inf, 'PD_1,PD_4': inf, 'PD_1,PD_7': inf, 'PD_1,PD_8': inf, 'PD_2,PD_3': inf, 'PD_2,PD_4': inf, 'PD_2,PD_7': inf, 'PD_2,PD_8': inf, 'PD_3,PD_4': inf, 'PD_3,PD_7': inf, 'PD_3,PD_8': inf, 'PD_4,PD_7': inf, 'PD_4,PD_8': inf, 'PD_7,PD_8': inf}
  Computing metrics...
    RSI: {'PD_1,PD_2': 1.0, 'PD_1,PD_3': 1.0, 'PD_1,PD_4': 1.0, 'PD_1,PD_7': 0.0, 'PD_1,PD_8': 0.0, 'PD_2,PD_3': 1.0, 'PD_2,PD_4': 1.0, 'PD_2,PD_7': 0.0, 'PD_2,PD_8': 0.0, 'PD_3,PD_4': 1.0, 'PD_3,PD_7': 0.0, 'PD_3,PD_8': 0.0, 'PD_4,PD_7': 0.0, 'PD_4,PD_8': 0.0, 'PD_7,PD_8': 0.0}, ASR: 1.1666666666666667, TCB: {'PD_1': ['PD_3', 'PD_2', 'PD_4'], 'PD_2': ['PD_4', 'PD_8', 'PD_1', 'PD_3'], 'PD_3': ['PD_1', 'PD_2', 'PD_4'], 'PD_4': ['PD_1', 'PD_2', 'PD_3'], 'PD_7': [], 'PD_8': []}, FR: {'PD_1,PD_2': inf, 'PD_1,PD_3': inf, 'PD_1,PD_4': inf, 'PD_1,PD_7': inf, 'PD_1,PD_8': inf, 'PD_2,PD_3': inf, 'PD_2,PD_4': inf, 'PD_2,PD_7': inf, 'PD_2,PD_8': inf, 'PD_3,PD_4': inf, 'PD_3,PD_7': inf, 'PD_3,PD_8': inf, 'PD_4,PD_7': inf, 'PD_4,PD_8': inf, 'PD_7,PD_8': inf}
  Computing metrics...
    RSI: {'PD_1,PD_2': 1.0, 'PD_1,PD_3': 1.0, 'PD_1,PD_4': 1.0, 'PD_1,PD_7': 0.0, 'PD_1,PD_8': 0.0, 'PD_2,PD_3': 1.0, 'PD_2,PD_4': 1.0, 'PD_2,PD_7': 0.0, 'PD_2,PD_8': 0.0, 'PD_3,PD_4': 1.0, 'PD_3,PD_7': 0.0, 'PD_3,PD_8': 0.0, 'PD_4,PD_7': 0.0, 'PD_4,PD_8': 0.0, 'PD_7,PD_8': 0.0}, ASR: 1.0, TCB: {'PD_1': ['PD_3', 'PD_2', 'PD_4'], 'PD_2': ['PD_4', 'PD_1', 'PD_3'], 'PD_3': ['PD_1', 'PD_2', 'PD_4'], 'PD_4': ['PD_1', 'PD_2', 'PD_3'], 'PD_7': [], 'PD_8': []}, FR: {'PD_1,PD_2': inf, 'PD_1,PD_3': inf, 'PD_1,PD_4': inf, 'PD_1,PD_7': inf, 'PD_1,PD_8': inf, 'PD_2,PD_3': inf, 'PD_2,PD_4': inf, 'PD_2,PD_7': inf, 'PD_2,PD_8': inf, 'PD_3,PD_4': inf, 'PD_3,PD_7': inf, 'PD_3,PD_8': inf, 'PD_4,PD_7': inf, 'PD_4,PD_8': inf, 'PD_7,PD_8': inf}
  Computing metrics...
    RSI: {'PD_1,PD_2': 1.0, 'PD_1,PD_3': 1.0, 'PD_1,PD_4': 1.0, 'PD_1,PD_7': 0.0, 'PD_1,PD_8': 0.0, 'PD_2,PD_3': 1.0, 'PD_2,PD_4': 1.0, 'PD_2,PD_7': 0.0, 'PD_2,PD_8': 0.0, 'PD_3,PD_4': 1.0, 'PD_3,PD_7': 0.0, 'PD_3,PD_8': 0.0, 'PD_4,PD_7': 0.0, 'PD_4,PD_8': 0.0, 'PD_7,PD_8': 0.0}, ASR: 1.1666666666666667, TCB: {'PD_1': ['PD_3', 'PD_2', 'PD_4'], 'PD_2': ['PD_4', 'PD_1', 'PD_3'], 'PD_3': ['PD_1', 'PD_2', 'PD_4'], 'PD_4': ['PD_1', 'PD_2', 'PD_3'], 'PD_7': [], 'PD_8': []}, FR: {'PD_1,PD_2': inf, 'PD_1,PD_3': inf, 'PD_1,PD_4': inf, 'PD_1,PD_7': inf, 'PD_1,PD_8': inf, 'PD_2,PD_3': inf, 'PD_2,PD_4': inf, 'PD_2,PD_7': inf, 'PD_2,PD_8': inf, 'PD_3,PD_4': inf, 'PD_3,PD_7': inf, 'PD_3,PD_8': inf, 'PD_4,PD_7': inf, 'PD_4,PD_8': inf, 'PD_7,PD_8': inf}
  Computing metrics...
    RSI: {'PD_1,PD_2': 1.0, 'PD_1,PD_3': 1.0, 'PD_1,PD_4': 1.0, 'PD_1,PD_7': 0.0, 'PD_1,PD_8': 0.0, 'PD_2,PD_3': 1.0, 'PD_2,PD_4': 1.0, 'PD_2,PD_7': 0.0, 'PD_2,PD_8': 0.0, 'PD_3,PD_4': 1.0, 'PD_3,PD_7': 0.0, 'PD_3,PD_8': 0.0, 'PD_4,PD_7': 0.0, 'PD_4,PD_8': 0.0, 'PD_7,PD_8': 0.0}, ASR: 1.0, TCB: {'PD_1': ['PD_3', 'PD_2', 'PD_4'], 'PD_2': ['PD_4', 'PD_1', 'PD_3'], 'PD_3': ['PD_1', 'PD_2', 'PD_4'], 'PD_4': ['PD_1', 'PD_2', 'PD_3'], 'PD_7': [], 'PD_8': []}, FR: {'PD_1,PD_2': inf, 'PD_1,PD_3': inf, 'PD_1,PD_4': inf, 'PD_1,PD_7': inf, 'PD_1,PD_8': inf, 'PD_2,PD_3': inf, 'PD_2,PD_4': inf, 'PD_2,PD_7': inf, 'PD_2,PD_8': inf, 'PD_3,PD_4': inf, 'PD_3,PD_7': inf, 'PD_3,PD_8': inf, 'PD_4,PD_7': inf, 'PD_4,PD_8': inf, 'PD_7,PD_8': inf}
  Computing metrics...
    RSI: {'PD_1,PD_2': 1.0, 'PD_1,PD_3': 1.0, 'PD_1,PD_4': 1.0, 'PD_1,PD_7': 0.0, 'PD_1,PD_8': 0.0, 'PD_2,PD_3': 1.0, 'PD_2,PD_4': 1.0, 'PD_2,PD_7': 0.0, 'PD_2,PD_8': 0.0, 'PD_3,PD_4': 1.0, 'PD_3,PD_7': 0.0, 'PD_3,PD_8': 0.0, 'PD_4,PD_7': 0.0, 'PD_4,PD_8': 0.0, 'PD_7,PD_8': 0.0}, ASR: 1.1666666666666667, TCB: {'PD_1': ['PD_3', 'PD_2', 'PD_4'], 'PD_2': ['PD_4', 'PD_1', 'PD_3'], 'PD_3': ['PD_2', 'PD_1', 'PD_4'], 'PD_4': ['PD_1', 'PD_2', 'PD_3'], 'PD_7': [], 'PD_8': []}, FR: {'PD_1,PD_2': 4, 'PD_1,PD_3': 3, 'PD_1,PD_4': inf, 'PD_1,PD_7': inf, 'PD_1,PD_8': inf, 'PD_2,PD_3': 3, 'PD_2,PD_4': inf, 'PD_2,PD_7': inf, 'PD_2,PD_8': inf, 'PD_3,PD_4': inf, 'PD_3,PD_7': inf, 'PD_3,PD_8': inf, 'PD_4,PD_7': inf, 'PD_4,PD_8': inf, 'PD_7,PD_8': inf}
  Computing metrics...
    RSI: {'PD_1,PD_2': 1.0, 'PD_1,PD_3': 1.0, 'PD_1,PD_4': 1.0, 'PD_1,PD_7': 0.0, 'PD_1,PD_8': 0.0, 'PD_2,PD_3': 1.0, 'PD_2,PD_4': 1.0, 'PD_2,PD_7': 0.0, 'PD_2,PD_8': 0.0, 'PD_3,PD_4': 1.0, 'PD_3,PD_7': 0.0, 'PD_3,PD_8': 0.0, 'PD_4,PD_7': 0.0, 'PD_4,PD_8': 0.0, 'PD_7,PD_8': 0.0}, ASR: 1.0, TCB: {'PD_1': ['PD_3', 'PD_2', 'PD_4'], 'PD_2': ['PD_4', 'PD_1', 'PD_3'], 'PD_3': ['PD_1', 'PD_2', 'PD_4'], 'PD_4': ['PD_1', 'PD_2', 'PD_3'], 'PD_7': [], 'PD_8': []}, FR: {'PD_1,PD_2': inf, 'PD_1,PD_3': inf, 'PD_1,PD_4': inf, 'PD_1,PD_7': inf, 'PD_1,PD_8': inf, 'PD_2,PD_3': inf, 'PD_2,PD_4': inf, 'PD_2,PD_7': inf, 'PD_2,PD_8': inf, 'PD_3,PD_4': inf, 'PD_3,PD_7': inf, 'PD_3,PD_8': inf, 'PD_4,PD_7': inf, 'PD_4,PD_8': inf, 'PD_7,PD_8': inf}
  Computing metrics...
    RSI: {'PD_1,PD_2': 1.0, 'PD_1,PD_3': 1.0, 'PD_1,PD_4': 1.0, 'PD_1,PD_7': 0.0, 'PD_1,PD_8': 0.0, 'PD_2,PD_3': 1.0, 'PD_2,PD_4': 1.0, 'PD_2,PD_7': 0.0, 'PD_2,PD_8': 0.0, 'PD_3,PD_4': 1.0, 'PD_3,PD_7': 0.0, 'PD_3,PD_8': 0.0, 'PD_4,PD_7': 0.0, 'PD_4,PD_8': 0.0, 'PD_7,PD_8': 0.0}, ASR: 1.1666666666666667, TCB: {'PD_1': ['PD_3', 'PD_2', 'PD_4'], 'PD_2': ['PD_4', 'PD_1', 'PD_3'], 'PD_3': ['PD_4', 'PD_1', 'PD_2'], 'PD_4': ['PD_1', 'PD_2', 'PD_3'], 'PD_7': [], 'PD_8': []}, FR: {'PD_1,PD_2': 3, 'PD_1,PD_3': 3, 'PD_1,PD_4': inf, 'PD_1,PD_7': inf, 'PD_1,PD_8': inf, 'PD_2,PD_3': 2, 'PD_2,PD_4': inf, 'PD_2,PD_7': inf, 'PD_2,PD_8': inf, 'PD_3,PD_4': inf, 'PD_3,PD_7': inf, 'PD_3,PD_8': inf, 'PD_4,PD_7': inf, 'PD_4,PD_8': inf, 'PD_7,PD_8': inf}
  Computing metrics...
    RSI: {'PD_1,PD_2': 1.0, 'PD_1,PD_3': 1.0, 'PD_1,PD_4': 1.0, 'PD_1,PD_7': 0.0, 'PD_1,PD_8': 0.0, 'PD_2,PD_3': 1.0, 'PD_2,PD_4': 1.0, 'PD_2,PD_7': 0.0, 'PD_2,PD_8': 0.0, 'PD_3,PD_4': 1.0, 'PD_3,PD_7': 0.0, 'PD_3,PD_8': 0.0, 'PD_4,PD_7': 0.0, 'PD_4,PD_8': 0.0, 'PD_7,PD_8': 0.0}, ASR: 1.0, TCB: {'PD_1': ['PD_3', 'PD_2', 'PD_4'], 'PD_2': ['PD_4', 'PD_1', 'PD_3'], 'PD_3': ['PD_1', 'PD_2', 'PD_4'], 'PD_4': ['PD_1', 'PD_2', 'PD_3'], 'PD_7': [], 'PD_8': []}, FR: {'PD_1,PD_2': inf, 'PD_1,PD_3': inf, 'PD_1,PD_4': inf, 'PD_1,PD_7': inf, 'PD_1,PD_8': inf, 'PD_2,PD_3': inf, 'PD_2,PD_4': inf, 'PD_2,PD_7': inf, 'PD_2,PD_8': inf, 'PD_3,PD_4': inf, 'PD_3,PD_7': inf, 'PD_3,PD_8': inf, 'PD_4,PD_7': inf, 'PD_4,PD_8': inf, 'PD_7,PD_8': inf}
  Computing metrics...
    RSI: {'PD_1,PD_2': 1.0, 'PD_1,PD_3': 1.0, 'PD_1,PD_4': 1.0, 'PD_1,PD_7': 0.0, 'PD_1,PD_8': 0.0, 'PD_2,PD_3': 1.0, 'PD_2,PD_4': 1.0, 'PD_2,PD_7': 0.0, 'PD_2,PD_8': 0.0, 'PD_3,PD_4': 1.0, 'PD_3,PD_7': 0.0, 'PD_3,PD_8': 0.0, 'PD_4,PD_7': 0.0, 'PD_4,PD_8': 0.0, 'PD_7,PD_8': 0.0}, ASR: 1.1666666666666667, TCB: {'PD_1': ['PD_3', 'PD_2', 'PD_4'], 'PD_2': ['PD_4', 'PD_1', 'PD_3'], 'PD_3': ['PD_7', 'PD_1', 'PD_2', 'PD_4'], 'PD_4': ['PD_1', 'PD_2', 'PD_3'], 'PD_7': [], 'PD_8': []}, FR: {'PD_1,PD_2': inf, 'PD_1,PD_3': 3, 'PD_1,PD_4': inf, 'PD_1,PD_7': inf, 'PD_1,PD_8': inf, 'PD_2,PD_3': inf, 'PD_2,PD_4': inf, 'PD_2,PD_7': inf, 'PD_2,PD_8': inf, 'PD_3,PD_4': inf, 'PD_3,PD_7': inf, 'PD_3,PD_8': inf, 'PD_4,PD_7': inf, 'PD_4,PD_8': inf, 'PD_7,PD_8': inf}
  Computing metrics...
    RSI: {'PD_1,PD_2': 1.0, 'PD_1,PD_3': 1.0, 'PD_1,PD_4': 1.0, 'PD_1,PD_7': 0.0, 'PD_1,PD_8': 0.0, 'PD_2,PD_3': 1.0, 'PD_2,PD_4': 1.0, 'PD_2,PD_7': 0.0, 'PD_2,PD_8': 0.0, 'PD_3,PD_4': 1.0, 'PD_3,PD_7': 0.0, 'PD_3,PD_8': 0.0, 'PD_4,PD_7': 0.0, 'PD_4,PD_8': 0.0, 'PD_7,PD_8': 0.0}, ASR: 1.0, TCB: {'PD_1': ['PD_3', 'PD_2', 'PD_4'], 'PD_2': ['PD_4', 'PD_1', 'PD_3'], 'PD_3': ['PD_1', 'PD_2', 'PD_4'], 'PD_4': ['PD_1', 'PD_2', 'PD_3'], 'PD_7': [], 'PD_8': []}, FR: {'PD_1,PD_2': inf, 'PD_1,PD_3': inf, 'PD_1,PD_4': inf, 'PD_1,PD_7': inf, 'PD_1,PD_8': inf, 'PD_2,PD_3': inf, 'PD_2,PD_4': inf, 'PD_2,PD_7': inf, 'PD_2,PD_8': inf, 'PD_3,PD_4': inf, 'PD_3,PD_7': inf, 'PD_3,PD_8': inf, 'PD_4,PD_7': inf, 'PD_4,PD_8': inf, 'PD_7,PD_8': inf}
  Computing metrics...
    RSI: {'PD_1,PD_2': 1.0, 'PD_1,PD_3': 1.0, 'PD_1,PD_4': 1.0, 'PD_1,PD_7': 0.0, 'PD_1,PD_8': 0.0, 'PD_2,PD_3': 1.0, 'PD_2,PD_4': 1.0, 'PD_2,PD_7': 0.0, 'PD_2,PD_8': 0.0, 'PD_3,PD_4': 1.0, 'PD_3,PD_7': 0.0, 'PD_3,PD_8': 0.0, 'PD_4,PD_7': 0.0, 'PD_4,PD_8': 0.0, 'PD_7,PD_8': 0.0}, ASR: 1.1666666666666667, TCB: {'PD_1': ['PD_3', 'PD_2', 'PD_4'], 'PD_2': ['PD_4', 'PD_1', 'PD_3'], 'PD_3': ['PD_8', 'PD_1', 'PD_2', 'PD_4'], 'PD_4': ['PD_1', 'PD_2', 'PD_3'], 'PD_7': [], 'PD_8': []}, FR: {'PD_1,PD_2': inf, 'PD_1,PD_3': 3, 'PD_1,PD_4': inf, 'PD_1,PD_7': inf, 'PD_1,PD_8': inf, 'PD_2,PD_3': inf, 'PD_2,PD_4': inf, 'PD_2,PD_7': inf, 'PD_2,PD_8': inf, 'PD_3,PD_4': inf, 'PD_3,PD_7': inf, 'PD_3,PD_8': inf, 'PD_4,PD_7': inf, 'PD_4,PD_8': inf, 'PD_7,PD_8': inf}
  Computing metrics...
    RSI: {'PD_1,PD_2': 1.0, 'PD_1,PD_3': 1.0, 'PD_1,PD_4': 1.0, 'PD_1,PD_7': 0.0, 'PD_1,PD_8': 0.0, 'PD_2,PD_3': 1.0, 'PD_2,PD_4': 1.0, 'PD_2,PD_7': 0.0, 'PD_2,PD_8': 0.0, 'PD_3,PD_4': 1.0, 'PD_3,PD_7': 0.0, 'PD_3,PD_8': 0.0, 'PD_4,PD_7': 0.0, 'PD_4,PD_8': 0.0, 'PD_7,PD_8': 0.0}, ASR: 1.0, TCB: {'PD_1': ['PD_3', 'PD_2', 'PD_4'], 'PD_2': ['PD_4', 'PD_1', 'PD_3'], 'PD_3': ['PD_1', 'PD_2', 'PD_4'], 'PD_4': ['PD_1', 'PD_2', 'PD_3'], 'PD_7': [], 'PD_8': []}, FR: {'PD_1,PD_2': inf, 'PD_1,PD_3': inf, 'PD_1,PD_4': inf, 'PD_1,PD_7': inf, 'PD_1,PD_8': inf, 'PD_2,PD_3': inf, 'PD_2,PD_4': inf, 'PD_2,PD_7': inf, 'PD_2,PD_8': inf, 'PD_3,PD_4': inf, 'PD_3,PD_7': inf, 'PD_3,PD_8': inf, 'PD_4,PD_7': inf, 'PD_4,PD_8': inf, 'PD_7,PD_8': inf}
  Computing metrics...
    RSI: {'PD_1,PD_2': 1.0, 'PD_1,PD_3': 1.0, 'PD_1,PD_4': 1.0, 'PD_1,PD_7': 0.0, 'PD_1,PD_8': 0.0, 'PD_2,PD_3': 1.0, 'PD_2,PD_4': 1.0, 'PD_2,PD_7': 0.0, 'PD_2,PD_8': 0.0, 'PD_3,PD_4': 1.0, 'PD_3,PD_7': 0.0, 'PD_3,PD_8': 0.0, 'PD_4,PD_7': 0.0, 'PD_4,PD_8': 0.0, 'PD_7,PD_8': 0.0}, ASR: 1.1666666666666667, TCB: {'PD_1': ['PD_3', 'PD_2', 'PD_4'], 'PD_2': ['PD_4', 'PD_1', 'PD_3'], 'PD_3': ['PD_1', 'PD_2', 'PD_4'], 'PD_4': ['PD_1', 'PD_2', 'PD_3'], 'PD_7': [], 'PD_8': []}, FR: {'PD_1,PD_2': 4, 'PD_1,PD_3': inf, 'PD_1,PD_4': 3, 'PD_1,PD_7': inf, 'PD_1,PD_8': inf, 'PD_2,PD_3': inf, 'PD_2,PD_4': 3, 'PD_2,PD_7': inf, 'PD_2,PD_8': inf, 'PD_3,PD_4': inf, 'PD_3,PD_7': inf, 'PD_3,PD_8': inf, 'PD_4,PD_7': inf, 'PD_4,PD_8': inf, 'PD_7,PD_8': inf}
  Computing metrics...
    RSI: {'PD_1,PD_2': 1.0, 'PD_1,PD_3': 1.0, 'PD_1,PD_4': 1.0, 'PD_1,PD_7': 0.0, 'PD_1,PD_8': 0.0, 'PD_2,PD_3': 1.0, 'PD_2,PD_4': 1.0, 'PD_2,PD_7': 0.0, 'PD_2,PD_8': 0.0, 'PD_3,PD_4': 1.0, 'PD_3,PD_7': 0.0, 'PD_3,PD_8': 0.0, 'PD_4,PD_7': 0.0, 'PD_4,PD_8': 0.0, 'PD_7,PD_8': 0.0}, ASR: 1.0, TCB: {'PD_1': ['PD_3', 'PD_2', 'PD_4'], 'PD_2': ['PD_4', 'PD_1', 'PD_3'], 'PD_3': ['PD_1', 'PD_2', 'PD_4'], 'PD_4': ['PD_1', 'PD_2', 'PD_3'], 'PD_7': [], 'PD_8': []}, FR: {'PD_1,PD_2': inf, 'PD_1,PD_3': inf, 'PD_1,PD_4': inf, 'PD_1,PD_7': inf, 'PD_1,PD_8': inf, 'PD_2,PD_3': inf, 'PD_2,PD_4': inf, 'PD_2,PD_7': inf, 'PD_2,PD_8': inf, 'PD_3,PD_4': inf, 'PD_3,PD_7': inf, 'PD_3,PD_8': inf, 'PD_4,PD_7': inf, 'PD_4,PD_8': inf, 'PD_7,PD_8': inf}
  Computing metrics...
    RSI: {'PD_1,PD_2': 1.0, 'PD_1,PD_3': 1.0, 'PD_1,PD_4': 1.0, 'PD_1,PD_7': 0.0, 'PD_1,PD_8': 0.0, 'PD_2,PD_3': 1.0, 'PD_2,PD_4': 1.0, 'PD_2,PD_7': 0.0, 'PD_2,PD_8': 0.0, 'PD_3,PD_4': 1.0, 'PD_3,PD_7': 0.0, 'PD_3,PD_8': 0.0, 'PD_4,PD_7': 0.0, 'PD_4,PD_8': 0.0, 'PD_7,PD_8': 0.0}, ASR: 1.1666666666666667, TCB: {'PD_1': ['PD_3', 'PD_2', 'PD_4'], 'PD_2': ['PD_4', 'PD_1', 'PD_3'], 'PD_3': ['PD_1', 'PD_2', 'PD_4'], 'PD_4': ['PD_2', 'PD_1', 'PD_3'], 'PD_7': [], 'PD_8': []}, FR: {'PD_1,PD_2': inf, 'PD_1,PD_3': inf, 'PD_1,PD_4': inf, 'PD_1,PD_7': inf, 'PD_1,PD_8': inf, 'PD_2,PD_3': inf, 'PD_2,PD_4': inf, 'PD_2,PD_7': inf, 'PD_2,PD_8': inf, 'PD_3,PD_4': inf, 'PD_3,PD_7': inf, 'PD_3,PD_8': inf, 'PD_4,PD_7': inf, 'PD_4,PD_8': inf, 'PD_7,PD_8': inf}
  Computing metrics...
    RSI: {'PD_1,PD_2': 1.0, 'PD_1,PD_3': 1.0, 'PD_1,PD_4': 1.0, 'PD_1,PD_7': 0.0, 'PD_1,PD_8': 0.0, 'PD_2,PD_3': 1.0, 'PD_2,PD_4': 1.0, 'PD_2,PD_7': 0.0, 'PD_2,PD_8': 0.0, 'PD_3,PD_4': 1.0, 'PD_3,PD_7': 0.0, 'PD_3,PD_8': 0.0, 'PD_4,PD_7': 0.0, 'PD_4,PD_8': 0.0, 'PD_7,PD_8': 0.0}, ASR: 1.0, TCB: {'PD_1': ['PD_3', 'PD_2', 'PD_4'], 'PD_2': ['PD_4', 'PD_1', 'PD_3'], 'PD_3': ['PD_1', 'PD_2', 'PD_4'], 'PD_4': ['PD_1', 'PD_2', 'PD_3'], 'PD_7': [], 'PD_8': []}, FR: {'PD_1,PD_2': inf, 'PD_1,PD_3': inf, 'PD_1,PD_4': inf, 'PD_1,PD_7': inf, 'PD_1,PD_8': inf, 'PD_2,PD_3': inf, 'PD_2,PD_4': inf, 'PD_2,PD_7': inf, 'PD_2,PD_8': inf, 'PD_3,PD_4': inf, 'PD_3,PD_7': inf, 'PD_3,PD_8': inf, 'PD_4,PD_7': inf, 'PD_4,PD_8': inf, 'PD_7,PD_8': inf}
  Computing metrics...
    RSI: {'PD_1,PD_2': 1.0, 'PD_1,PD_3': 1.0, 'PD_1,PD_4': 1.0, 'PD_1,PD_7': 0.0, 'PD_1,PD_8': 0.0, 'PD_2,PD_3': 1.0, 'PD_2,PD_4': 1.0, 'PD_2,PD_7': 0.0, 'PD_2,PD_8': 0.0, 'PD_3,PD_4': 1.0, 'PD_3,PD_7': 0.0, 'PD_3,PD_8': 0.0, 'PD_4,PD_7': 0.0, 'PD_4,PD_8': 0.0, 'PD_7,PD_8': 0.0}, ASR: 1.1666666666666667, TCB: {'PD_1': ['PD_3', 'PD_2', 'PD_4'], 'PD_2': ['PD_4', 'PD_1', 'PD_3'], 'PD_3': ['PD_1', 'PD_2', 'PD_4'], 'PD_4': ['PD_3', 'PD_1', 'PD_2'], 'PD_7': [], 'PD_8': []}, FR: {'PD_1,PD_2': 3, 'PD_1,PD_3': inf, 'PD_1,PD_4': 2, 'PD_1,PD_7': inf, 'PD_1,PD_8': inf, 'PD_2,PD_3': inf, 'PD_2,PD_4': 3, 'PD_2,PD_7': inf, 'PD_2,PD_8': inf, 'PD_3,PD_4': inf, 'PD_3,PD_7': inf, 'PD_3,PD_8': inf, 'PD_4,PD_7': inf, 'PD_4,PD_8': inf, 'PD_7,PD_8': inf}
  Computing metrics...
    RSI: {'PD_1,PD_2': 1.0, 'PD_1,PD_3': 1.0, 'PD_1,PD_4': 1.0, 'PD_1,PD_7': 0.0, 'PD_1,PD_8': 0.0, 'PD_2,PD_3': 1.0, 'PD_2,PD_4': 1.0, 'PD_2,PD_7': 0.0, 'PD_2,PD_8': 0.0, 'PD_3,PD_4': 1.0, 'PD_3,PD_7': 0.0, 'PD_3,PD_8': 0.0, 'PD_4,PD_7': 0.0, 'PD_4,PD_8': 0.0, 'PD_7,PD_8': 0.0}, ASR: 1.0, TCB: {'PD_1': ['PD_3', 'PD_2', 'PD_4'], 'PD_2': ['PD_4', 'PD_1', 'PD_3'], 'PD_3': ['PD_1', 'PD_2', 'PD_4'], 'PD_4': ['PD_1', 'PD_2', 'PD_3'], 'PD_7': [], 'PD_8': []}, FR: {'PD_1,PD_2': inf, 'PD_1,PD_3': inf, 'PD_1,PD_4': inf, 'PD_1,PD_7': inf, 'PD_1,PD_8': inf, 'PD_2,PD_3': inf, 'PD_2,PD_4': inf, 'PD_2,PD_7': inf, 'PD_2,PD_8': inf, 'PD_3,PD_4': inf, 'PD_3,PD_7': inf, 'PD_3,PD_8': inf, 'PD_4,PD_7': inf, 'PD_4,PD_8': inf, 'PD_7,PD_8': inf}
  Computing metrics...
    RSI: {'PD_1,PD_2': 1.0, 'PD_1,PD_3': 1.0, 'PD_1,PD_4': 1.0, 'PD_1,PD_7': 0.0, 'PD_1,PD_8': 0.0, 'PD_2,PD_3': 1.0, 'PD_2,PD_4': 1.0, 'PD_2,PD_7': 0.0, 'PD_2,PD_8': 0.0, 'PD_3,PD_4': 1.0, 'PD_3,PD_7': 0.0, 'PD_3,PD_8': 0.0, 'PD_4,PD_7': 0.0, 'PD_4,PD_8': 0.0, 'PD_7,PD_8': 0.0}, ASR: 1.1666666666666667, TCB: {'PD_1': ['PD_3', 'PD_2', 'PD_4'], 'PD_2': ['PD_4', 'PD_1', 'PD_3'], 'PD_3': ['PD_1', 'PD_2', 'PD_4'], 'PD_4': ['PD_7', 'PD_1', 'PD_2', 'PD_3'], 'PD_7': [], 'PD_8': []}, FR: {'PD_1,PD_2': inf, 'PD_1,PD_3': inf, 'PD_1,PD_4': inf, 'PD_1,PD_7': inf, 'PD_1,PD_8': inf, 'PD_2,PD_3': inf, 'PD_2,PD_4': 3, 'PD_2,PD_7': inf, 'PD_2,PD_8': inf, 'PD_3,PD_4': inf, 'PD_3,PD_7': inf, 'PD_3,PD_8': inf, 'PD_4,PD_7': inf, 'PD_4,PD_8': inf, 'PD_7,PD_8': inf}
  Computing metrics...
    RSI: {'PD_1,PD_2': 1.0, 'PD_1,PD_3': 1.0, 'PD_1,PD_4': 1.0, 'PD_1,PD_7': 0.0, 'PD_1,PD_8': 0.0, 'PD_2,PD_3': 1.0, 'PD_2,PD_4': 1.0, 'PD_2,PD_7': 0.0, 'PD_2,PD_8': 0.0, 'PD_3,PD_4': 1.0, 'PD_3,PD_7': 0.0, 'PD_3,PD_8': 0.0, 'PD_4,PD_7': 0.0, 'PD_4,PD_8': 0.0, 'PD_7,PD_8': 0.0}, ASR: 1.0, TCB: {'PD_1': ['PD_3', 'PD_2', 'PD_4'], 'PD_2': ['PD_4', 'PD_1', 'PD_3'], 'PD_3': ['PD_1', 'PD_2', 'PD_4'], 'PD_4': ['PD_1', 'PD_2', 'PD_3'], 'PD_7': [], 'PD_8': []}, FR: {'PD_1,PD_2': inf, 'PD_1,PD_3': inf, 'PD_1,PD_4': inf, 'PD_1,PD_7': inf, 'PD_1,PD_8': inf, 'PD_2,PD_3': inf, 'PD_2,PD_4': inf, 'PD_2,PD_7': inf, 'PD_2,PD_8': inf, 'PD_3,PD_4': inf, 'PD_3,PD_7': inf, 'PD_3,PD_8': inf, 'PD_4,PD_7': inf, 'PD_4,PD_8': inf, 'PD_7,PD_8': inf}
  Computing metrics...
    RSI: {'PD_1,PD_2': 1.0, 'PD_1,PD_3': 1.0, 'PD_1,PD_4': 1.0, 'PD_1,PD_7': 0.0, 'PD_1,PD_8': 0.0, 'PD_2,PD_3': 1.0, 'PD_2,PD_4': 1.0, 'PD_2,PD_7': 0.0, 'PD_2,PD_8': 0.0, 'PD_3,PD_4': 1.0, 'PD_3,PD_7': 0.0, 'PD_3,PD_8': 0.0, 'PD_4,PD_7': 0.0, 'PD_4,PD_8': 0.0, 'PD_7,PD_8': 0.0}, ASR: 1.1666666666666667, TCB: {'PD_1': ['PD_3', 'PD_2', 'PD_4'], 'PD_2': ['PD_4', 'PD_1', 'PD_3'], 'PD_3': ['PD_1', 'PD_2', 'PD_4'], 'PD_4': ['PD_8', 'PD_1', 'PD_2', 'PD_3'], 'PD_7': [], 'PD_8': []}, FR: {'PD_1,PD_2': inf, 'PD_1,PD_3': inf, 'PD_1,PD_4': inf, 'PD_1,PD_7': inf, 'PD_1,PD_8': inf, 'PD_2,PD_3': inf, 'PD_2,PD_4': 3, 'PD_2,PD_7': inf, 'PD_2,PD_8': inf, 'PD_3,PD_4': inf, 'PD_3,PD_7': inf, 'PD_3,PD_8': inf, 'PD_4,PD_7': inf, 'PD_4,PD_8': inf, 'PD_7,PD_8': inf}
  Computing metrics...
    RSI: {'PD_1,PD_2': 1.0, 'PD_1,PD_3': 1.0, 'PD_1,PD_4': 1.0, 'PD_1,PD_7': 0.0, 'PD_1,PD_8': 0.0, 'PD_2,PD_3': 1.0, 'PD_2,PD_4': 1.0, 'PD_2,PD_7': 0.0, 'PD_2,PD_8': 0.0, 'PD_3,PD_4': 1.0, 'PD_3,PD_7': 0.0, 'PD_3,PD_8': 0.0, 'PD_4,PD_7': 0.0, 'PD_4,PD_8': 0.0, 'PD_7,PD_8': 0.0}, ASR: 1.0, TCB: {'PD_1': ['PD_3', 'PD_2', 'PD_4'], 'PD_2': ['PD_4', 'PD_1', 'PD_3'], 'PD_3': ['PD_1', 'PD_2', 'PD_4'], 'PD_4': ['PD_1', 'PD_2', 'PD_3'], 'PD_7': [], 'PD_8': []}, FR: {'PD_1,PD_2': inf, 'PD_1,PD_3': inf, 'PD_1,PD_4': inf, 'PD_1,PD_7': inf, 'PD_1,PD_8': inf, 'PD_2,PD_3': inf, 'PD_2,PD_4': inf, 'PD_2,PD_7': inf, 'PD_2,PD_8': inf, 'PD_3,PD_4': inf, 'PD_3,PD_7': inf, 'PD_3,PD_8': inf, 'PD_4,PD_7': inf, 'PD_4,PD_8': inf, 'PD_7,PD_8': inf}
  Computing metrics...
    RSI: {'PD_1,PD_2': 1.0, 'PD_1,PD_3': 1.0, 'PD_1,PD_4': 1.0, 'PD_1,PD_7': 0.0, 'PD_1,PD_8': 0.0, 'PD_2,PD_3': 1.0, 'PD_2,PD_4': 1.0, 'PD_2,PD_7': 0.0, 'PD_2,PD_8': 0.0, 'PD_3,PD_4': 1.0, 'PD_3,PD_7': 0.0, 'PD_3,PD_8': 0.0, 'PD_4,PD_7': 0.0, 'PD_4,PD_8': 0.0, 'PD_7,PD_8': 0.0}, ASR: 1.1666666666666667, TCB: {'PD_1': ['PD_3', 'PD_2', 'PD_4'], 'PD_2': ['PD_4', 'PD_1', 'PD_3'], 'PD_3': ['PD_1', 'PD_2', 'PD_4'], 'PD_4': ['PD_1', 'PD_2', 'PD_3'], 'PD_7': ['PD_1'], 'PD_8': []}, FR: {'PD_1,PD_2': inf, 'PD_1,PD_3': inf, 'PD_1,PD_4': inf, 'PD_1,PD_7': 3, 'PD_1,PD_8': inf, 'PD_2,PD_3': inf, 'PD_2,PD_4': inf, 'PD_2,PD_7': inf, 'PD_2,PD_8': inf, 'PD_3,PD_4': inf, 'PD_3,PD_7': inf, 'PD_3,PD_8': inf, 'PD_4,PD_7': inf, 'PD_4,PD_8': inf, 'PD_7,PD_8': inf}
  Computing metrics...
    RSI: {'PD_1,PD_2': 1.0, 'PD_1,PD_3': 1.0, 'PD_1,PD_4': 1.0, 'PD_1,PD_7': 0.0, 'PD_1,PD_8': 0.0, 'PD_2,PD_3': 1.0, 'PD_2,PD_4': 1.0, 'PD_2,PD_7': 0.0, 'PD_2,PD_8': 0.0, 'PD_3,PD_4': 1.0, 'PD_3,PD_7': 0.0, 'PD_3,PD_8': 0.0, 'PD_4,PD_7': 0.0, 'PD_4,PD_8': 0.0, 'PD_7,PD_8': 0.0}, ASR: 1.0, TCB: {'PD_1': ['PD_3', 'PD_2', 'PD_4'], 'PD_2': ['PD_4', 'PD_1', 'PD_3'], 'PD_3': ['PD_1', 'PD_2', 'PD_4'], 'PD_4': ['PD_1', 'PD_2', 'PD_3'], 'PD_7': [], 'PD_8': []}, FR: {'PD_1,PD_2': inf, 'PD_1,PD_3': inf, 'PD_1,PD_4': inf, 'PD_1,PD_7': inf, 'PD_1,PD_8': inf, 'PD_2,PD_3': inf, 'PD_2,PD_4': inf, 'PD_2,PD_7': inf, 'PD_2,PD_8': inf, 'PD_3,PD_4': inf, 'PD_3,PD_7': inf, 'PD_3,PD_8': inf, 'PD_4,PD_7': inf, 'PD_4,PD_8': inf, 'PD_7,PD_8': inf}
  Computing metrics...
    RSI: {'PD_1,PD_2': 1.0, 'PD_1,PD_3': 1.0, 'PD_1,PD_4': 1.0, 'PD_1,PD_7': 0.0, 'PD_1,PD_8': 0.0, 'PD_2,PD_3': 1.0, 'PD_2,PD_4': 1.0, 'PD_2,PD_7': 0.0, 'PD_2,PD_8': 0.0, 'PD_3,PD_4': 1.0, 'PD_3,PD_7': 0.0, 'PD_3,PD_8': 0.0, 'PD_4,PD_7': 0.0, 'PD_4,PD_8': 0.0, 'PD_7,PD_8': 0.0}, ASR: 1.1666666666666667, TCB: {'PD_1': ['PD_3', 'PD_2', 'PD_4'], 'PD_2': ['PD_4', 'PD_1', 'PD_3'], 'PD_3': ['PD_1', 'PD_2', 'PD_4'], 'PD_4': ['PD_1', 'PD_2', 'PD_3'], 'PD_7': ['PD_2'], 'PD_8': []}, FR: {'PD_1,PD_2': inf, 'PD_1,PD_3': inf, 'PD_1,PD_4': inf, 'PD_1,PD_7': inf, 'PD_1,PD_8': inf, 'PD_2,PD_3': inf, 'PD_2,PD_4': inf, 'PD_2,PD_7': 3, 'PD_2,PD_8': inf, 'PD_3,PD_4': inf, 'PD_3,PD_7': inf, 'PD_3,PD_8': inf, 'PD_4,PD_7': inf, 'PD_4,PD_8': inf, 'PD_7,PD_8': inf}
  Computing metrics...
    RSI: {'PD_1,PD_2': 1.0, 'PD_1,PD_3': 1.0, 'PD_1,PD_4': 1.0, 'PD_1,PD_7': 0.0, 'PD_1,PD_8': 0.0, 'PD_2,PD_3': 1.0, 'PD_2,PD_4': 1.0, 'PD_2,PD_7': 0.0, 'PD_2,PD_8': 0.0, 'PD_3,PD_4': 1.0, 'PD_3,PD_7': 0.0, 'PD_3,PD_8': 0.0, 'PD_4,PD_7': 0.0, 'PD_4,PD_8': 0.0, 'PD_7,PD_8': 0.0}, ASR: 1.0, TCB: {'PD_1': ['PD_3', 'PD_2', 'PD_4'], 'PD_2': ['PD_4', 'PD_1', 'PD_3'], 'PD_3': ['PD_1', 'PD_2', 'PD_4'], 'PD_4': ['PD_1', 'PD_2', 'PD_3'], 'PD_7': [], 'PD_8': []}, FR: {'PD_1,PD_2': inf, 'PD_1,PD_3': inf, 'PD_1,PD_4': inf, 'PD_1,PD_7': inf, 'PD_1,PD_8': inf, 'PD_2,PD_3': inf, 'PD_2,PD_4': inf, 'PD_2,PD_7': inf, 'PD_2,PD_8': inf, 'PD_3,PD_4': inf, 'PD_3,PD_7': inf, 'PD_3,PD_8': inf, 'PD_4,PD_7': inf, 'PD_4,PD_8': inf, 'PD_7,PD_8': inf}
  Computing metrics...
    RSI: {'PD_1,PD_2': 1.0, 'PD_1,PD_3': 1.0, 'PD_1,PD_4': 1.0, 'PD_1,PD_7': 0.0, 'PD_1,PD_8': 0.0, 'PD_2,PD_3': 1.0, 'PD_2,PD_4': 1.0, 'PD_2,PD_7': 0.0, 'PD_2,PD_8': 0.0, 'PD_3,PD_4': 1.0, 'PD_3,PD_7': 0.0, 'PD_3,PD_8': 0.0, 'PD_4,PD_7': 0.0, 'PD_4,PD_8': 0.0, 'PD_7,PD_8': 0.0}, ASR: 1.1666666666666667, TCB: {'PD_1': ['PD_3', 'PD_2', 'PD_4'], 'PD_2': ['PD_4', 'PD_1', 'PD_3'], 'PD_3': ['PD_1', 'PD_2', 'PD_4'], 'PD_4': ['PD_1', 'PD_2', 'PD_3'], 'PD_7': ['PD_3'], 'PD_8': []}, FR: {'PD_1,PD_2': inf, 'PD_1,PD_3': inf, 'PD_1,PD_4': inf, 'PD_1,PD_7': 2, 'PD_1,PD_8': inf, 'PD_2,PD_3': inf, 'PD_2,PD_4': inf, 'PD_2,PD_7': inf, 'PD_2,PD_8': inf, 'PD_3,PD_4': inf, 'PD_3,PD_7': inf, 'PD_3,PD_8': inf, 'PD_4,PD_7': inf, 'PD_4,PD_8': inf, 'PD_7,PD_8': inf}
  Computing metrics...
    RSI: {'PD_1,PD_2': 1.0, 'PD_1,PD_3': 1.0, 'PD_1,PD_4': 1.0, 'PD_1,PD_7': 0.0, 'PD_1,PD_8': 0.0, 'PD_2,PD_3': 1.0, 'PD_2,PD_4': 1.0, 'PD_2,PD_7': 0.0, 'PD_2,PD_8': 0.0, 'PD_3,PD_4': 1.0, 'PD_3,PD_7': 0.0, 'PD_3,PD_8': 0.0, 'PD_4,PD_7': 0.0, 'PD_4,PD_8': 0.0, 'PD_7,PD_8': 0.0}, ASR: 1.0, TCB: {'PD_1': ['PD_3', 'PD_2', 'PD_4'], 'PD_2': ['PD_4', 'PD_1', 'PD_3'], 'PD_3': ['PD_1', 'PD_2', 'PD_4'], 'PD_4': ['PD_1', 'PD_2', 'PD_3'], 'PD_7': [], 'PD_8': []}, FR: {'PD_1,PD_2': inf, 'PD_1,PD_3': inf, 'PD_1,PD_4': inf, 'PD_1,PD_7': inf, 'PD_1,PD_8': inf, 'PD_2,PD_3': inf, 'PD_2,PD_4': inf, 'PD_2,PD_7': inf, 'PD_2,PD_8': inf, 'PD_3,PD_4': inf, 'PD_3,PD_7': inf, 'PD_3,PD_8': inf, 'PD_4,PD_7': inf, 'PD_4,PD_8': inf, 'PD_7,PD_8': inf}
  Computing metrics...
    RSI: {'PD_1,PD_2': 1.0, 'PD_1,PD_3': 1.0, 'PD_1,PD_4': 1.0, 'PD_1,PD_7': 0.0, 'PD_1,PD_8': 0.0, 'PD_2,PD_3': 1.0, 'PD_2,PD_4': 1.0, 'PD_2,PD_7': 0.0, 'PD_2,PD_8': 0.0, 'PD_3,PD_4': 1.0, 'PD_3,PD_7': 0.0, 'PD_3,PD_8': 0.0, 'PD_4,PD_7': 0.0, 'PD_4,PD_8': 0.0, 'PD_7,PD_8': 0.0}, ASR: 1.1666666666666667, TCB: {'PD_1': ['PD_3', 'PD_2', 'PD_4'], 'PD_2': ['PD_4', 'PD_1', 'PD_3'], 'PD_3': ['PD_1', 'PD_2', 'PD_4'], 'PD_4': ['PD_1', 'PD_2', 'PD_3'], 'PD_7': ['PD_4'], 'PD_8': []}, FR: {'PD_1,PD_2': inf, 'PD_1,PD_3': inf, 'PD_1,PD_4': inf, 'PD_1,PD_7': inf, 'PD_1,PD_8': inf, 'PD_2,PD_3': inf, 'PD_2,PD_4': inf, 'PD_2,PD_7': 2, 'PD_2,PD_8': inf, 'PD_3,PD_4': inf, 'PD_3,PD_7': inf, 'PD_3,PD_8': inf, 'PD_4,PD_7': inf, 'PD_4,PD_8': inf, 'PD_7,PD_8': inf}
  Computing metrics...
    RSI: {'PD_1,PD_2': 1.0, 'PD_1,PD_3': 1.0, 'PD_1,PD_4': 1.0, 'PD_1,PD_7': 0.0, 'PD_1,PD_8': 0.0, 'PD_2,PD_3': 1.0, 'PD_2,PD_4': 1.0, 'PD_2,PD_7': 0.0, 'PD_2,PD_8': 0.0, 'PD_3,PD_4': 1.0, 'PD_3,PD_7': 0.0, 'PD_3,PD_8': 0.0, 'PD_4,PD_7': 0.0, 'PD_4,PD_8': 0.0, 'PD_7,PD_8': 0.0}, ASR: 1.0, TCB: {'PD_1': ['PD_3', 'PD_2', 'PD_4'], 'PD_2': ['PD_4', 'PD_1', 'PD_3'], 'PD_3': ['PD_1', 'PD_2', 'PD_4'], 'PD_4': ['PD_1', 'PD_2', 'PD_3'], 'PD_7': [], 'PD_8': []}, FR: {'PD_1,PD_2': inf, 'PD_1,PD_3': inf, 'PD_1,PD_4': inf, 'PD_1,PD_7': inf, 'PD_1,PD_8': inf, 'PD_2,PD_3': inf, 'PD_2,PD_4': inf, 'PD_2,PD_7': inf, 'PD_2,PD_8': inf, 'PD_3,PD_4': inf, 'PD_3,PD_7': inf, 'PD_3,PD_8': inf, 'PD_4,PD_7': inf, 'PD_4,PD_8': inf, 'PD_7,PD_8': inf}
  Computing metrics...
    RSI: {'PD_1,PD_2': 1.0, 'PD_1,PD_3': 1.0, 'PD_1,PD_4': 1.0, 'PD_1,PD_7': 0.0, 'PD_1,PD_8': 0.0, 'PD_2,PD_3': 1.0, 'PD_2,PD_4': 1.0, 'PD_2,PD_7': 0.0, 'PD_2,PD_8': 0.0, 'PD_3,PD_4': 1.0, 'PD_3,PD_7': 0.0, 'PD_3,PD_8': 0.0, 'PD_4,PD_7': 0.0, 'PD_4,PD_8': 0.0, 'PD_7,PD_8': 0.0}, ASR: 1.1666666666666667, TCB: {'PD_1': ['PD_3', 'PD_2', 'PD_4'], 'PD_2': ['PD_4', 'PD_1', 'PD_3'], 'PD_3': ['PD_1', 'PD_2', 'PD_4'], 'PD_4': ['PD_1', 'PD_2', 'PD_3'], 'PD_7': ['PD_8'], 'PD_8': []}, FR: {'PD_1,PD_2': inf, 'PD_1,PD_3': inf, 'PD_1,PD_4': inf, 'PD_1,PD_7': inf, 'PD_1,PD_8': inf, 'PD_2,PD_3': inf, 'PD_2,PD_4': inf, 'PD_2,PD_7': inf, 'PD_2,PD_8': inf, 'PD_3,PD_4': inf, 'PD_3,PD_7': inf, 'PD_3,PD_8': inf, 'PD_4,PD_7': inf, 'PD_4,PD_8': inf, 'PD_7,PD_8': inf}
  Computing metrics...
    RSI: {'PD_1,PD_2': 1.0, 'PD_1,PD_3': 1.0, 'PD_1,PD_4': 1.0, 'PD_1,PD_7': 0.0, 'PD_1,PD_8': 0.0, 'PD_2,PD_3': 1.0, 'PD_2,PD_4': 1.0, 'PD_2,PD_7': 0.0, 'PD_2,PD_8': 0.0, 'PD_3,PD_4': 1.0, 'PD_3,PD_7': 0.0, 'PD_3,PD_8': 0.0, 'PD_4,PD_7': 0.0, 'PD_4,PD_8': 0.0, 'PD_7,PD_8': 0.0}, ASR: 1.0, TCB: {'PD_1': ['PD_3', 'PD_2', 'PD_4'], 'PD_2': ['PD_4', 'PD_1', 'PD_3'], 'PD_3': ['PD_1', 'PD_2', 'PD_4'], 'PD_4': ['PD_1', 'PD_2', 'PD_3'], 'PD_7': [], 'PD_8': []}, FR: {'PD_1,PD_2': inf, 'PD_1,PD_3': inf, 'PD_1,PD_4': inf, 'PD_1,PD_7': inf, 'PD_1,PD_8': inf, 'PD_2,PD_3': inf, 'PD_2,PD_4': inf, 'PD_2,PD_7': inf, 'PD_2,PD_8': inf, 'PD_3,PD_4': inf, 'PD_3,PD_7': inf, 'PD_3,PD_8': inf, 'PD_4,PD_7': inf, 'PD_4,PD_8': inf, 'PD_7,PD_8': inf}
  Computing metrics...
    RSI: {'PD_1,PD_2': 1.0, 'PD_1,PD_3': 1.0, 'PD_1,PD_4': 1.0, 'PD_1,PD_7': 0.0, 'PD_1,PD_8': 0.0, 'PD_2,PD_3': 1.0, 'PD_2,PD_4': 1.0, 'PD_2,PD_7': 0.0, 'PD_2,PD_8': 0.0, 'PD_3,PD_4': 1.0, 'PD_3,PD_7': 0.0, 'PD_3,PD_8': 0.0, 'PD_4,PD_7': 0.0, 'PD_4,PD_8': 0.0, 'PD_7,PD_8': 0.0}, ASR: 1.1666666666666667, TCB: {'PD_1': ['PD_3', 'PD_2', 'PD_4'], 'PD_2': ['PD_4', 'PD_1', 'PD_3'], 'PD_3': ['PD_1', 'PD_2', 'PD_4'], 'PD_4': ['PD_1', 'PD_2', 'PD_3'], 'PD_7': [], 'PD_8': ['PD_1']}, FR: {'PD_1,PD_2': inf, 'PD_1,PD_3': inf, 'PD_1,PD_4': inf, 'PD_1,PD_7': inf, 'PD_1,PD_8': 3, 'PD_2,PD_3': inf, 'PD_2,PD_4': inf, 'PD_2,PD_7': inf, 'PD_2,PD_8': inf, 'PD_3,PD_4': inf, 'PD_3,PD_7': inf, 'PD_3,PD_8': inf, 'PD_4,PD_7': inf, 'PD_4,PD_8': inf, 'PD_7,PD_8': inf}
  Computing metrics...
    RSI: {'PD_1,PD_2': 1.0, 'PD_1,PD_3': 1.0, 'PD_1,PD_4': 1.0, 'PD_1,PD_7': 0.0, 'PD_1,PD_8': 0.0, 'PD_2,PD_3': 1.0, 'PD_2,PD_4': 1.0, 'PD_2,PD_7': 0.0, 'PD_2,PD_8': 0.0, 'PD_3,PD_4': 1.0, 'PD_3,PD_7': 0.0, 'PD_3,PD_8': 0.0, 'PD_4,PD_7': 0.0, 'PD_4,PD_8': 0.0, 'PD_7,PD_8': 0.0}, ASR: 1.0, TCB: {'PD_1': ['PD_3', 'PD_2', 'PD_4'], 'PD_2': ['PD_4', 'PD_1', 'PD_3'], 'PD_3': ['PD_1', 'PD_2', 'PD_4'], 'PD_4': ['PD_1', 'PD_2', 'PD_3'], 'PD_7': [], 'PD_8': []}, FR: {'PD_1,PD_2': inf, 'PD_1,PD_3': inf, 'PD_1,PD_4': inf, 'PD_1,PD_7': inf, 'PD_1,PD_8': inf, 'PD_2,PD_3': inf, 'PD_2,PD_4': inf, 'PD_2,PD_7': inf, 'PD_2,PD_8': inf, 'PD_3,PD_4': inf, 'PD_3,PD_7': inf, 'PD_3,PD_8': inf, 'PD_4,PD_7': inf, 'PD_4,PD_8': inf, 'PD_7,PD_8': inf}
  Computing metrics...
    RSI: {'PD_1,PD_2': 1.0, 'PD_1,PD_3': 1.0, 'PD_1,PD_4': 1.0, 'PD_1,PD_7': 0.0, 'PD_1,PD_8': 0.0, 'PD_2,PD_3': 1.0, 'PD_2,PD_4': 1.0, 'PD_2,PD_7': 0.0, 'PD_2,PD_8': 0.0, 'PD_3,PD_4': 1.0, 'PD_3,PD_7': 0.0, 'PD_3,PD_8': 0.0, 'PD_4,PD_7': 0.0, 'PD_4,PD_8': 0.0, 'PD_7,PD_8': 0.0}, ASR: 1.1666666666666667, TCB: {'PD_1': ['PD_3', 'PD_2', 'PD_4'], 'PD_2': ['PD_4', 'PD_1', 'PD_3'], 'PD_3': ['PD_1', 'PD_2', 'PD_4'], 'PD_4': ['PD_1', 'PD_2', 'PD_3'], 'PD_7': [], 'PD_8': ['PD_2']}, FR: {'PD_1,PD_2': inf, 'PD_1,PD_3': inf, 'PD_1,PD_4': inf, 'PD_1,PD_7': inf, 'PD_1,PD_8': inf, 'PD_2,PD_3': inf, 'PD_2,PD_4': inf, 'PD_2,PD_7': inf, 'PD_2,PD_8': 3, 'PD_3,PD_4': inf, 'PD_3,PD_7': inf, 'PD_3,PD_8': inf, 'PD_4,PD_7': inf, 'PD_4,PD_8': inf, 'PD_7,PD_8': inf}
  Computing metrics...
    RSI: {'PD_1,PD_2': 1.0, 'PD_1,PD_3': 1.0, 'PD_1,PD_4': 1.0, 'PD_1,PD_7': 0.0, 'PD_1,PD_8': 0.0, 'PD_2,PD_3': 1.0, 'PD_2,PD_4': 1.0, 'PD_2,PD_7': 0.0, 'PD_2,PD_8': 0.0, 'PD_3,PD_4': 1.0, 'PD_3,PD_7': 0.0, 'PD_3,PD_8': 0.0, 'PD_4,PD_7': 0.0, 'PD_4,PD_8': 0.0, 'PD_7,PD_8': 0.0}, ASR: 1.0, TCB: {'PD_1': ['PD_3', 'PD_2', 'PD_4'], 'PD_2': ['PD_4', 'PD_1', 'PD_3'], 'PD_3': ['PD_1', 'PD_2', 'PD_4'], 'PD_4': ['PD_1', 'PD_2', 'PD_3'], 'PD_7': [], 'PD_8': []}, FR: {'PD_1,PD_2': inf, 'PD_1,PD_3': inf, 'PD_1,PD_4': inf, 'PD_1,PD_7': inf, 'PD_1,PD_8': inf, 'PD_2,PD_3': inf, 'PD_2,PD_4': inf, 'PD_2,PD_7': inf, 'PD_2,PD_8': inf, 'PD_3,PD_4': inf, 'PD_3,PD_7': inf, 'PD_3,PD_8': inf, 'PD_4,PD_7': inf, 'PD_4,PD_8': inf, 'PD_7,PD_8': inf}
  Computing metrics...
    RSI: {'PD_1,PD_2': 1.0, 'PD_1,PD_3': 1.0, 'PD_1,PD_4': 1.0, 'PD_1,PD_7': 0.0, 'PD_1,PD_8': 0.0, 'PD_2,PD_3': 1.0, 'PD_2,PD_4': 1.0, 'PD_2,PD_7': 0.0, 'PD_2,PD_8': 0.0, 'PD_3,PD_4': 1.0, 'PD_3,PD_7': 0.0, 'PD_3,PD_8': 0.0, 'PD_4,PD_7': 0.0, 'PD_4,PD_8': 0.0, 'PD_7,PD_8': 0.0}, ASR: 1.1666666666666667, TCB: {'PD_1': ['PD_3', 'PD_2', 'PD_4'], 'PD_2': ['PD_4', 'PD_1', 'PD_3'], 'PD_3': ['PD_1', 'PD_2', 'PD_4'], 'PD_4': ['PD_1', 'PD_2', 'PD_3'], 'PD_7': [], 'PD_8': ['PD_3']}, FR: {'PD_1,PD_2': inf, 'PD_1,PD_3': inf, 'PD_1,PD_4': inf, 'PD_1,PD_7': inf, 'PD_1,PD_8': 2, 'PD_2,PD_3': inf, 'PD_2,PD_4': inf, 'PD_2,PD_7': inf, 'PD_2,PD_8': inf, 'PD_3,PD_4': inf, 'PD_3,PD_7': inf, 'PD_3,PD_8': inf, 'PD_4,PD_7': inf, 'PD_4,PD_8': inf, 'PD_7,PD_8': inf}
  Computing metrics...
    RSI: {'PD_1,PD_2': 1.0, 'PD_1,PD_3': 1.0, 'PD_1,PD_4': 1.0, 'PD_1,PD_7': 0.0, 'PD_1,PD_8': 0.0, 'PD_2,PD_3': 1.0, 'PD_2,PD_4': 1.0, 'PD_2,PD_7': 0.0, 'PD_2,PD_8': 0.0, 'PD_3,PD_4': 1.0, 'PD_3,PD_7': 0.0, 'PD_3,PD_8': 0.0, 'PD_4,PD_7': 0.0, 'PD_4,PD_8': 0.0, 'PD_7,PD_8': 0.0}, ASR: 1.0, TCB: {'PD_1': ['PD_3', 'PD_2', 'PD_4'], 'PD_2': ['PD_4', 'PD_1', 'PD_3'], 'PD_3': ['PD_1', 'PD_2', 'PD_4'], 'PD_4': ['PD_1', 'PD_2', 'PD_3'], 'PD_7': [], 'PD_8': []}, FR: {'PD_1,PD_2': inf, 'PD_1,PD_3': inf, 'PD_1,PD_4': inf, 'PD_1,PD_7': inf, 'PD_1,PD_8': inf, 'PD_2,PD_3': inf, 'PD_2,PD_4': inf, 'PD_2,PD_7': inf, 'PD_2,PD_8': inf, 'PD_3,PD_4': inf, 'PD_3,PD_7': inf, 'PD_3,PD_8': inf, 'PD_4,PD_7': inf, 'PD_4,PD_8': inf, 'PD_7,PD_8': inf}
  Computing metrics...
    RSI: {'PD_1,PD_2': 1.0, 'PD_1,PD_3': 1.0, 'PD_1,PD_4': 1.0, 'PD_1,PD_7': 0.0, 'PD_1,PD_8': 0.0, 'PD_2,PD_3': 1.0, 'PD_2,PD_4': 1.0, 'PD_2,PD_7': 0.0, 'PD_2,PD_8': 0.0, 'PD_3,PD_4': 1.0, 'PD_3,PD_7': 0.0, 'PD_3,PD_8': 0.0, 'PD_4,PD_7': 0.0, 'PD_4,PD_8': 0.0, 'PD_7,PD_8': 0.0}, ASR: 1.1666666666666667, TCB: {'PD_1': ['PD_3', 'PD_2', 'PD_4'], 'PD_2': ['PD_4', 'PD_1', 'PD_3'], 'PD_3': ['PD_1', 'PD_2', 'PD_4'], 'PD_4': ['PD_1', 'PD_2', 'PD_3'], 'PD_7': [], 'PD_8': ['PD_4']}, FR: {'PD_1,PD_2': inf, 'PD_1,PD_3': inf, 'PD_1,PD_4': inf, 'PD_1,PD_7': inf, 'PD_1,PD_8': inf, 'PD_2,PD_3': inf, 'PD_2,PD_4': inf, 'PD_2,PD_7': inf, 'PD_2,PD_8': 2, 'PD_3,PD_4': inf, 'PD_3,PD_7': inf, 'PD_3,PD_8': inf, 'PD_4,PD_7': inf, 'PD_4,PD_8': inf, 'PD_7,PD_8': inf}
  Computing metrics...
    RSI: {'PD_1,PD_2': 1.0, 'PD_1,PD_3': 1.0, 'PD_1,PD_4': 1.0, 'PD_1,PD_7': 0.0, 'PD_1,PD_8': 0.0, 'PD_2,PD_3': 1.0, 'PD_2,PD_4': 1.0, 'PD_2,PD_7': 0.0, 'PD_2,PD_8': 0.0, 'PD_3,PD_4': 1.0, 'PD_3,PD_7': 0.0, 'PD_3,PD_8': 0.0, 'PD_4,PD_7': 0.0, 'PD_4,PD_8': 0.0, 'PD_7,PD_8': 0.0}, ASR: 1.0, TCB: {'PD_1': ['PD_3', 'PD_2', 'PD_4'], 'PD_2': ['PD_4', 'PD_1', 'PD_3'], 'PD_3': ['PD_1', 'PD_2', 'PD_4'], 'PD_4': ['PD_1', 'PD_2', 'PD_3'], 'PD_7': [], 'PD_8': []}, FR: {'PD_1,PD_2': inf, 'PD_1,PD_3': inf, 'PD_1,PD_4': inf, 'PD_1,PD_7': inf, 'PD_1,PD_8': inf, 'PD_2,PD_3': inf, 'PD_2,PD_4': inf, 'PD_2,PD_7': inf, 'PD_2,PD_8': inf, 'PD_3,PD_4': inf, 'PD_3,PD_7': inf, 'PD_3,PD_8': inf, 'PD_4,PD_7': inf, 'PD_4,PD_8': inf, 'PD_7,PD_8': inf}
  Computing metrics...
    RSI: {'PD_1,PD_2': 1.0, 'PD_1,PD_3': 1.0, 'PD_1,PD_4': 1.0, 'PD_1,PD_7': 0.0, 'PD_1,PD_8': 0.0, 'PD_2,PD_3': 1.0, 'PD_2,PD_4': 1.0, 'PD_2,PD_7': 0.0, 'PD_2,PD_8': 0.0, 'PD_3,PD_4': 1.0, 'PD_3,PD_7': 0.0, 'PD_3,PD_8': 0.0, 'PD_4,PD_7': 0.0, 'PD_4,PD_8': 0.0, 'PD_7,PD_8': 0.0}, ASR: 1.1666666666666667, TCB: {'PD_1': ['PD_3', 'PD_2', 'PD_4'], 'PD_2': ['PD_4', 'PD_1', 'PD_3'], 'PD_3': ['PD_1', 'PD_2', 'PD_4'], 'PD_4': ['PD_1', 'PD_2', 'PD_3'], 'PD_7': [], 'PD_8': ['PD_7']}, FR: {'PD_1,PD_2': inf, 'PD_1,PD_3': inf, 'PD_1,PD_4': inf, 'PD_1,PD_7': inf, 'PD_1,PD_8': inf, 'PD_2,PD_3': inf, 'PD_2,PD_4': inf, 'PD_2,PD_7': inf, 'PD_2,PD_8': inf, 'PD_3,PD_4': inf, 'PD_3,PD_7': inf, 'PD_3,PD_8': inf, 'PD_4,PD_7': inf, 'PD_4,PD_8': inf, 'PD_7,PD_8': inf}
  Computing metrics...
    RSI: {'PD_1,PD_2': 1.0, 'PD_1,PD_3': 1.0, 'PD_1,PD_4': 1.0, 'PD_1,PD_7': 0.0, 'PD_1,PD_8': 0.0, 'PD_2,PD_3': 1.0, 'PD_2,PD_4': 1.0, 'PD_2,PD_7': 0.0, 'PD_2,PD_8': 0.0, 'PD_3,PD_4': 1.0, 'PD_3,PD_7': 0.0, 'PD_3,PD_8': 0.0, 'PD_4,PD_7': 0.0, 'PD_4,PD_8': 0.0, 'PD_7,PD_8': 0.0}, ASR: 1.0, TCB: {'PD_1': ['PD_3', 'PD_2', 'PD_4'], 'PD_2': ['PD_4', 'PD_1', 'PD_3'], 'PD_3': ['PD_1', 'PD_2', 'PD_4'], 'PD_4': ['PD_1', 'PD_2', 'PD_3'], 'PD_7': [], 'PD_8': []}, FR: {'PD_1,PD_2': inf, 'PD_1,PD_3': inf, 'PD_1,PD_4': inf, 'PD_1,PD_7': inf, 'PD_1,PD_8': inf, 'PD_2,PD_3': inf, 'PD_2,PD_4': inf, 'PD_2,PD_7': inf, 'PD_2,PD_8': inf, 'PD_3,PD_4': inf, 'PD_3,PD_7': inf, 'PD_3,PD_8': inf, 'PD_4,PD_7': inf, 'PD_4,PD_8': inf, 'PD_7,PD_8': inf}
  Computing metrics...
    RSI: {'PD_1,PD_2': 1.0, 'PD_1,PD_3': 1.0, 'PD_1,PD_4': 1.0, 'PD_1,PD_7': 0.0, 'PD_1,PD_8': 0.0, 'PD_2,PD_3': 1.0, 'PD_2,PD_4': 1.0, 'PD_2,PD_7': 0.0, 'PD_2,PD_8': 0.0, 'PD_3,PD_4': 1.0, 'PD_3,PD_7': 0.0, 'PD_3,PD_8': 0.0, 'PD_4,PD_7': 0.0, 'PD_4,PD_8': 0.0, 'PD_7,PD_8': 0.0}, ASR: 0.8333333333333334, TCB: {'PD_1': ['PD_2', 'PD_3', 'PD_4'], 'PD_2': ['PD_4', 'PD_1', 'PD_3'], 'PD_3': ['PD_1', 'PD_2', 'PD_4'], 'PD_4': ['PD_1', 'PD_2', 'PD_3'], 'PD_7': [], 'PD_8': []}, FR: {'PD_1,PD_2': inf, 'PD_1,PD_3': inf, 'PD_1,PD_4': inf, 'PD_1,PD_7': inf, 'PD_1,PD_8': inf, 'PD_2,PD_3': inf, 'PD_2,PD_4': inf, 'PD_2,PD_7': inf, 'PD_2,PD_8': inf, 'PD_3,PD_4': inf, 'PD_3,PD_7': inf, 'PD_3,PD_8': inf, 'PD_4,PD_7': inf, 'PD_4,PD_8': inf, 'PD_7,PD_8': inf}
  Computing metrics...
    RSI: {'PD_1,PD_2': 1.0, 'PD_1,PD_3': 1.0, 'PD_1,PD_4': 1.0, 'PD_1,PD_7': 0.0, 'PD_1,PD_8': 0.0, 'PD_2,PD_3': 1.0, 'PD_2,PD_4': 1.0, 'PD_2,PD_7': 0.0, 'PD_2,PD_8': 0.0, 'PD_3,PD_4': 1.0, 'PD_3,PD_7': 0.0, 'PD_3,PD_8': 0.0, 'PD_4,PD_7': 0.0, 'PD_4,PD_8': 0.0, 'PD_7,PD_8': 0.0}, ASR: 1.0, TCB: {'PD_1': ['PD_3', 'PD_2', 'PD_4'], 'PD_2': ['PD_4', 'PD_1', 'PD_3'], 'PD_3': ['PD_1', 'PD_2', 'PD_4'], 'PD_4': ['PD_1', 'PD_2', 'PD_3'], 'PD_7': [], 'PD_8': []}, FR: {'PD_1,PD_2': inf, 'PD_1,PD_3': inf, 'PD_1,PD_4': inf, 'PD_1,PD_7': inf, 'PD_1,PD_8': inf, 'PD_2,PD_3': inf, 'PD_2,PD_4': inf, 'PD_2,PD_7': inf, 'PD_2,PD_8': inf, 'PD_3,PD_4': inf, 'PD_3,PD_7': inf, 'PD_3,PD_8': inf, 'PD_4,PD_7': inf, 'PD_4,PD_8': inf, 'PD_7,PD_8': inf}
  Computing metrics...
    RSI: {'PD_1,PD_2': 1.0, 'PD_1,PD_3': 1.0, 'PD_1,PD_4': 1.0, 'PD_1,PD_7': 0.0, 'PD_1,PD_8': 0.0, 'PD_2,PD_3': 1.0, 'PD_2,PD_4': 1.0, 'PD_2,PD_7': 0.0, 'PD_2,PD_8': 0.0, 'PD_3,PD_4': 1.0, 'PD_3,PD_7': 0.0, 'PD_3,PD_8': 0.0, 'PD_4,PD_7': 0.0, 'PD_4,PD_8': 0.0, 'PD_7,PD_8': 0.0}, ASR: 0.8333333333333334, TCB: {'PD_1': ['PD_3', 'PD_2', 'PD_4'], 'PD_2': ['PD_1', 'PD_3', 'PD_4'], 'PD_3': ['PD_1', 'PD_2', 'PD_4'], 'PD_4': ['PD_1', 'PD_2', 'PD_3'], 'PD_7': [], 'PD_8': []}, FR: {'PD_1,PD_2': inf, 'PD_1,PD_3': inf, 'PD_1,PD_4': inf, 'PD_1,PD_7': inf, 'PD_1,PD_8': inf, 'PD_2,PD_3': inf, 'PD_2,PD_4': inf, 'PD_2,PD_7': inf, 'PD_2,PD_8': inf, 'PD_3,PD_4': inf, 'PD_3,PD_7': inf, 'PD_3,PD_8': inf, 'PD_4,PD_7': inf, 'PD_4,PD_8': inf, 'PD_7,PD_8': inf}
  Computing metrics...
    RSI: {'PD_1,PD_2': 1.0, 'PD_1,PD_3': 1.0, 'PD_1,PD_4': 1.0, 'PD_1,PD_7': 0.0, 'PD_1,PD_8': 0.0, 'PD_2,PD_3': 1.0, 'PD_2,PD_4': 1.0, 'PD_2,PD_7': 0.0, 'PD_2,PD_8': 0.0, 'PD_3,PD_4': 1.0, 'PD_3,PD_7': 0.0, 'PD_3,PD_8': 0.0, 'PD_4,PD_7': 0.0, 'PD_4,PD_8': 0.0, 'PD_7,PD_8': 0.0}, ASR: 1.0, TCB: {'PD_1': ['PD_3', 'PD_2', 'PD_4'], 'PD_2': ['PD_4', 'PD_1', 'PD_3'], 'PD_3': ['PD_1', 'PD_2', 'PD_4'], 'PD_4': ['PD_1', 'PD_2', 'PD_3'], 'PD_7': [], 'PD_8': []}, FR: {'PD_1,PD_2': inf, 'PD_1,PD_3': inf, 'PD_1,PD_4': inf, 'PD_1,PD_7': inf, 'PD_1,PD_8': inf, 'PD_2,PD_3': inf, 'PD_2,PD_4': inf, 'PD_2,PD_7': inf, 'PD_2,PD_8': inf, 'PD_3,PD_4': inf, 'PD_3,PD_7': inf, 'PD_3,PD_8': inf, 'PD_4,PD_7': inf, 'PD_4,PD_8': inf, 'PD_7,PD_8': inf}
  Computing metrics...
    RSI: {'PD_1,PD_2': 1.0, 'PD_1,PD_3': 1.0, 'PD_1,PD_4': 1.0, 'PD_1,PD_7': 0.0, 'PD_1,PD_8': 0.0, 'PD_2,PD_3': 1.0, 'PD_2,PD_4': 1.0, 'PD_2,PD_7': 0.0, 'PD_2,PD_8': 0.0, 'PD_3,PD_4': 1.0, 'PD_3,PD_7': 0.0, 'PD_3,PD_8': 0.0, 'PD_4,PD_7': 0.0, 'PD_4,PD_8': 0.0, 'PD_7,PD_8': 0.0}, ASR: 1.0, TCB: {'PD_1': ['PD_3', 'PD_2', 'PD_4'], 'PD_2': ['PD_4', 'PD_1', 'PD_3'], 'PD_3': ['PD_1', 'PD_2', 'PD_4'], 'PD_4': ['PD_1', 'PD_2', 'PD_3'], 'PD_7': [], 'PD_8': []}, FR: {'PD_1,PD_2': inf, 'PD_1,PD_3': inf, 'PD_1,PD_4': inf, 'PD_1,PD_7': inf, 'PD_1,PD_8': inf, 'PD_2,PD_3': inf, 'PD_2,PD_4': inf, 'PD_2,PD_7': inf, 'PD_2,PD_8': inf, 'PD_3,PD_4': inf, 'PD_3,PD_7': inf, 'PD_3,PD_8': inf, 'PD_4,PD_7': inf, 'PD_4,PD_8': inf, 'PD_7,PD_8': inf}
  🚫 Filtered out 1 'add_pd' candidates (avoiding repetition)
  Trying best transition: primitive
    Target: remove empty PD_7
    Predicted improvement: 0.100
    Considered 44 other option(s):
      1. primitive: remove empty PD_8 (improvement: 0.100)
      2. primitive: create new CONFIG file in FILE_SPACE_1 (improvement: 0.100)
      3. primitive: create new DATABASE file in FILE_SPACE_1 (improvement: 0.100)
      4. primitive: create new TEMP file in FILE_SPACE_1 (improvement: 0.100)
      5. primitive: create new LOG file in FILE_SPACE_1 (improvement: 0.100)
      6. primitive: remove FILE_1_1 (holders: 4) (improvement: 0.100)
      7. primitive: create new FILE resource space (improvement: 0.100)
      8. primitive: connect PD_7 to FILE_1_1 (improvement: 0.100)
      9. primitive: connect PD_8 to FILE_1_1 (improvement: 0.100)
      10. primitive: remove PD_3 -> FILE_1_1 HOLD edge (improvement: 0.100)
      ... and 34 more
    ✅ Applied remove_pd
  Computing metrics...
    RSI: {'PD_1,PD_2': 1.0, 'PD_1,PD_3': 1.0, 'PD_1,PD_4': 1.0, 'PD_1,PD_8': 0.0, 'PD_2,PD_3': 1.0, 'PD_2,PD_4': 1.0, 'PD_2,PD_8': 0.0, 'PD_3,PD_4': 1.0, 'PD_3,PD_8': 0.0, 'PD_4,PD_8': 0.0}, ASR: 1.2, TCB: {'PD_1': ['PD_3', 'PD_2', 'PD_4'], 'PD_2': ['PD_4', 'PD_1', 'PD_3'], 'PD_3': ['PD_1', 'PD_2', 'PD_4'], 'PD_4': ['PD_1', 'PD_2', 'PD_3'], 'PD_8': []}, FR: {'PD_1,PD_2': inf, 'PD_1,PD_3': inf, 'PD_1,PD_4': inf, 'PD_1,PD_8': inf, 'PD_2,PD_3': inf, 'PD_2,PD_4': inf, 'PD_2,PD_8': inf, 'PD_3,PD_4': inf, 'PD_3,PD_8': inf, 'PD_4,PD_8': inf}
    All 1 goals met!
    All 1 goal(s) met!
  ✅ Mechanism saved! Total mechanisms found: 9

📊 Graph after iteration 9:
        # Graph structure:
        # PD_1 --REQUEST--> PD_3
        # PD_1 --HOLD--> FILE_1_1 -> FILE_SPACE_1
        # PD_2 --REQUEST--> PD_4
        # PD_2 --HOLD--> FILE_1_1 -> FILE_SPACE_1
        # PD_3 --HOLD--> FILE_1_1 -> FILE_SPACE_1
        # PD_4 --HOLD--> FILE_1_1 -> FILE_SPACE_1
        # PD_8
        #
        # FILE_1_1 shared by: PD_1, PD_2, PD_3, PD_4


Iteration 10/10
  Computing metrics...
    RSI: {'PD_1,PD_2': 1.0, 'PD_1,PD_3': 1.0, 'PD_1,PD_4': 1.0, 'PD_1,PD_8': 0.0, 'PD_2,PD_3': 1.0, 'PD_2,PD_4': 1.0, 'PD_2,PD_8': 0.0, 'PD_3,PD_4': 1.0, 'PD_3,PD_8': 0.0, 'PD_4,PD_8': 0.0}, ASR: 1.2, TCB: {'PD_1': ['PD_3', 'PD_2', 'PD_4'], 'PD_2': ['PD_4', 'PD_1', 'PD_3'], 'PD_3': ['PD_1', 'PD_2', 'PD_4'], 'PD_4': ['PD_1', 'PD_2', 'PD_3'], 'PD_8': []}, FR: {'PD_1,PD_2': inf, 'PD_1,PD_3': inf, 'PD_1,PD_4': inf, 'PD_1,PD_8': inf, 'PD_2,PD_3': inf, 'PD_2,PD_4': inf, 'PD_2,PD_8': inf, 'PD_3,PD_4': inf, 'PD_3,PD_8': inf, 'PD_4,PD_8': inf}
  Computing metrics...
    RSI: {'PD_1,PD_2': 1.0, 'PD_1,PD_3': 1.0, 'PD_1,PD_4': 1.0, 'PD_1,PD_8': 0.0, 'PD_1,PD_9': 0.0, 'PD_2,PD_3': 1.0, 'PD_2,PD_4': 1.0, 'PD_2,PD_8': 0.0, 'PD_2,PD_9': 0.0, 'PD_3,PD_4': 1.0, 'PD_3,PD_8': 0.0, 'PD_3,PD_9': 0.0, 'PD_4,PD_8': 0.0, 'PD_4,PD_9': 0.0, 'PD_8,PD_9': 0.0}, ASR: 1.0, TCB: {'PD_1': ['PD_3', 'PD_2', 'PD_4'], 'PD_2': ['PD_4', 'PD_1', 'PD_3'], 'PD_3': ['PD_1', 'PD_2', 'PD_4'], 'PD_4': ['PD_1', 'PD_2', 'PD_3'], 'PD_8': [], 'PD_9': []}, FR: {'PD_1,PD_2': inf, 'PD_1,PD_3': inf, 'PD_1,PD_4': inf, 'PD_1,PD_8': inf, 'PD_1,PD_9': inf, 'PD_2,PD_3': inf, 'PD_2,PD_4': inf, 'PD_2,PD_8': inf, 'PD_2,PD_9': inf, 'PD_3,PD_4': inf, 'PD_3,PD_8': inf, 'PD_3,PD_9': inf, 'PD_4,PD_8': inf, 'PD_4,PD_9': inf, 'PD_8,PD_9': inf}
  Computing metrics...
    RSI: {'PD_1,PD_2': 1.0, 'PD_1,PD_3': 1.0, 'PD_1,PD_4': 1.0, 'PD_1,PD_8': 0.0, 'PD_2,PD_3': 1.0, 'PD_2,PD_4': 1.0, 'PD_2,PD_8': 0.0, 'PD_3,PD_4': 1.0, 'PD_3,PD_8': 0.0, 'PD_4,PD_8': 0.0}, ASR: 1.2, TCB: {'PD_1': ['PD_3', 'PD_2', 'PD_4'], 'PD_2': ['PD_4', 'PD_1', 'PD_3'], 'PD_3': ['PD_1', 'PD_2', 'PD_4'], 'PD_4': ['PD_1', 'PD_2', 'PD_3'], 'PD_8': []}, FR: {'PD_1,PD_2': inf, 'PD_1,PD_3': inf, 'PD_1,PD_4': inf, 'PD_1,PD_8': inf, 'PD_2,PD_3': inf, 'PD_2,PD_4': inf, 'PD_2,PD_8': inf, 'PD_3,PD_4': inf, 'PD_3,PD_8': inf, 'PD_4,PD_8': inf}
  Computing metrics...
    RSI: {'PD_1,PD_2': 1.0, 'PD_1,PD_3': 1.0, 'PD_1,PD_4': 1.0, 'PD_1,PD_8': 0.0, 'PD_2,PD_3': 1.0, 'PD_2,PD_4': 1.0, 'PD_2,PD_8': 0.0, 'PD_3,PD_4': 1.0, 'PD_3,PD_8': 0.0, 'PD_4,PD_8': 0.0}, ASR: 1.2, TCB: {'PD_1': ['PD_3', 'PD_2', 'PD_4'], 'PD_2': ['PD_4', 'PD_1', 'PD_3'], 'PD_3': ['PD_1', 'PD_2', 'PD_4'], 'PD_4': ['PD_1', 'PD_2', 'PD_3'], 'PD_8': []}, FR: {'PD_1,PD_2': inf, 'PD_1,PD_3': inf, 'PD_1,PD_4': inf, 'PD_1,PD_8': inf, 'PD_2,PD_3': inf, 'PD_2,PD_4': inf, 'PD_2,PD_8': inf, 'PD_3,PD_4': inf, 'PD_3,PD_8': inf, 'PD_4,PD_8': inf}
  Computing metrics...
    RSI: {'PD_1,PD_2': 1.0, 'PD_1,PD_3': 1.0, 'PD_1,PD_4': 1.0, 'PD_1,PD_8': 0.0, 'PD_2,PD_3': 1.0, 'PD_2,PD_4': 1.0, 'PD_2,PD_8': 0.0, 'PD_3,PD_4': 1.0, 'PD_3,PD_8': 0.0, 'PD_4,PD_8': 0.0}, ASR: 1.2, TCB: {'PD_1': ['PD_3', 'PD_2', 'PD_4'], 'PD_2': ['PD_4', 'PD_1', 'PD_3'], 'PD_3': ['PD_1', 'PD_2', 'PD_4'], 'PD_4': ['PD_1', 'PD_2', 'PD_3'], 'PD_8': []}, FR: {'PD_1,PD_2': inf, 'PD_1,PD_3': inf, 'PD_1,PD_4': inf, 'PD_1,PD_8': inf, 'PD_2,PD_3': inf, 'PD_2,PD_4': inf, 'PD_2,PD_8': inf, 'PD_3,PD_4': inf, 'PD_3,PD_8': inf, 'PD_4,PD_8': inf}
  Computing metrics...
    RSI: {'PD_1,PD_2': 1.0, 'PD_1,PD_3': 1.0, 'PD_1,PD_4': 1.0, 'PD_1,PD_8': 0.0, 'PD_2,PD_3': 1.0, 'PD_2,PD_4': 1.0, 'PD_2,PD_8': 0.0, 'PD_3,PD_4': 1.0, 'PD_3,PD_8': 0.0, 'PD_4,PD_8': 0.0}, ASR: 1.2, TCB: {'PD_1': ['PD_3', 'PD_2', 'PD_4'], 'PD_2': ['PD_4', 'PD_1', 'PD_3'], 'PD_3': ['PD_1', 'PD_2', 'PD_4'], 'PD_4': ['PD_1', 'PD_2', 'PD_3'], 'PD_8': []}, FR: {'PD_1,PD_2': inf, 'PD_1,PD_3': inf, 'PD_1,PD_4': inf, 'PD_1,PD_8': inf, 'PD_2,PD_3': inf, 'PD_2,PD_4': inf, 'PD_2,PD_8': inf, 'PD_3,PD_4': inf, 'PD_3,PD_8': inf, 'PD_4,PD_8': inf}
  Computing metrics...
    RSI: {'PD_1,PD_2': 1.0, 'PD_1,PD_3': 1.0, 'PD_1,PD_4': 1.0, 'PD_1,PD_8': 0.0, 'PD_2,PD_3': 1.0, 'PD_2,PD_4': 1.0, 'PD_2,PD_8': 0.0, 'PD_3,PD_4': 1.0, 'PD_3,PD_8': 0.0, 'PD_4,PD_8': 0.0}, ASR: 1.2, TCB: {'PD_1': ['PD_3', 'PD_2', 'PD_4'], 'PD_2': ['PD_4', 'PD_1', 'PD_3'], 'PD_3': ['PD_1', 'PD_2', 'PD_4'], 'PD_4': ['PD_1', 'PD_2', 'PD_3'], 'PD_8': []}, FR: {'PD_1,PD_2': inf, 'PD_1,PD_3': inf, 'PD_1,PD_4': inf, 'PD_1,PD_8': inf, 'PD_2,PD_3': inf, 'PD_2,PD_4': inf, 'PD_2,PD_8': inf, 'PD_3,PD_4': inf, 'PD_3,PD_8': inf, 'PD_4,PD_8': inf}
  Computing metrics...
    RSI: {'PD_1,PD_2': 1.0, 'PD_1,PD_3': 1.0, 'PD_1,PD_4': 1.0, 'PD_1,PD_8': 0.0, 'PD_2,PD_3': 1.0, 'PD_2,PD_4': 1.0, 'PD_2,PD_8': 0.0, 'PD_3,PD_4': 1.0, 'PD_3,PD_8': 0.0, 'PD_4,PD_8': 0.0}, ASR: 1.2, TCB: {'PD_1': ['PD_3', 'PD_2', 'PD_4'], 'PD_2': ['PD_4', 'PD_1', 'PD_3'], 'PD_3': ['PD_1', 'PD_2', 'PD_4'], 'PD_4': ['PD_1', 'PD_2', 'PD_3'], 'PD_8': []}, FR: {'PD_1,PD_2': inf, 'PD_1,PD_3': inf, 'PD_1,PD_4': inf, 'PD_1,PD_8': inf, 'PD_2,PD_3': inf, 'PD_2,PD_4': inf, 'PD_2,PD_8': inf, 'PD_3,PD_4': inf, 'PD_3,PD_8': inf, 'PD_4,PD_8': inf}
  Computing metrics...
    RSI: {'PD_1,PD_2': 1.0, 'PD_1,PD_3': 1.0, 'PD_1,PD_4': 1.0, 'PD_1,PD_8': 0.0, 'PD_2,PD_3': 1.0, 'PD_2,PD_4': 1.0, 'PD_2,PD_8': 0.0, 'PD_3,PD_4': 1.0, 'PD_3,PD_8': 0.0, 'PD_4,PD_8': 0.0}, ASR: 1.2, TCB: {'PD_1': ['PD_3', 'PD_2', 'PD_4'], 'PD_2': ['PD_4', 'PD_1', 'PD_3'], 'PD_3': ['PD_1', 'PD_2', 'PD_4'], 'PD_4': ['PD_1', 'PD_2', 'PD_3'], 'PD_8': []}, FR: {'PD_1,PD_2': inf, 'PD_1,PD_3': inf, 'PD_1,PD_4': inf, 'PD_1,PD_8': inf, 'PD_2,PD_3': inf, 'PD_2,PD_4': inf, 'PD_2,PD_8': inf, 'PD_3,PD_4': inf, 'PD_3,PD_8': inf, 'PD_4,PD_8': inf}
  Computing metrics...
    RSI: {'PD_1,PD_2': 1.0, 'PD_1,PD_3': 1.0, 'PD_1,PD_4': 1.0, 'PD_1,PD_8': 0.0, 'PD_2,PD_3': 1.0, 'PD_2,PD_4': 1.0, 'PD_2,PD_8': 0.0, 'PD_3,PD_4': 1.0, 'PD_3,PD_8': 0.0, 'PD_4,PD_8': 0.0}, ASR: 1.2, TCB: {'PD_1': ['PD_3', 'PD_2', 'PD_4'], 'PD_2': ['PD_4', 'PD_1', 'PD_3'], 'PD_3': ['PD_1', 'PD_2', 'PD_4'], 'PD_4': ['PD_1', 'PD_2', 'PD_3'], 'PD_8': []}, FR: {'PD_1,PD_2': inf, 'PD_1,PD_3': inf, 'PD_1,PD_4': inf, 'PD_1,PD_8': inf, 'PD_2,PD_3': inf, 'PD_2,PD_4': inf, 'PD_2,PD_8': inf, 'PD_3,PD_4': inf, 'PD_3,PD_8': inf, 'PD_4,PD_8': inf}
  Computing metrics...
    RSI: {'PD_1,PD_2': 1.0, 'PD_1,PD_3': 1.0, 'PD_1,PD_4': 1.0, 'PD_1,PD_8': 0.0, 'PD_2,PD_3': 1.0, 'PD_2,PD_4': 1.0, 'PD_2,PD_8': 0.0, 'PD_3,PD_4': 1.0, 'PD_3,PD_8': 0.0, 'PD_4,PD_8': 0.0}, ASR: 1.2, TCB: {'PD_1': ['PD_3', 'PD_2', 'PD_4'], 'PD_2': ['PD_4', 'PD_1', 'PD_3'], 'PD_3': ['PD_1', 'PD_2', 'PD_4'], 'PD_4': ['PD_1', 'PD_2', 'PD_3'], 'PD_8': []}, FR: {'PD_1,PD_2': inf, 'PD_1,PD_3': inf, 'PD_1,PD_4': inf, 'PD_1,PD_8': inf, 'PD_2,PD_3': inf, 'PD_2,PD_4': inf, 'PD_2,PD_8': inf, 'PD_3,PD_4': inf, 'PD_3,PD_8': inf, 'PD_4,PD_8': inf}
  Computing metrics...
    RSI: {'PD_1,PD_2': 1.0, 'PD_1,PD_3': 1.0, 'PD_1,PD_4': 1.0, 'PD_1,PD_8': 0.0, 'PD_2,PD_3': 1.0, 'PD_2,PD_4': 1.0, 'PD_2,PD_8': 0.0, 'PD_3,PD_4': 1.0, 'PD_3,PD_8': 0.0, 'PD_4,PD_8': 0.0}, ASR: 1.2, TCB: {'PD_1': ['PD_3', 'PD_2', 'PD_4'], 'PD_2': ['PD_4', 'PD_1', 'PD_3'], 'PD_3': ['PD_1', 'PD_2', 'PD_4'], 'PD_4': ['PD_1', 'PD_2', 'PD_3'], 'PD_8': []}, FR: {'PD_1,PD_2': inf, 'PD_1,PD_3': inf, 'PD_1,PD_4': inf, 'PD_1,PD_8': inf, 'PD_2,PD_3': inf, 'PD_2,PD_4': inf, 'PD_2,PD_8': inf, 'PD_3,PD_4': inf, 'PD_3,PD_8': inf, 'PD_4,PD_8': inf}
  Computing metrics...
    RSI: {'PD_1,PD_2': 1.0, 'PD_1,PD_3': 1.0, 'PD_1,PD_4': 1.0, 'PD_1,PD_8': 0.0, 'PD_2,PD_3': 1.0, 'PD_2,PD_4': 1.0, 'PD_2,PD_8': 0.0, 'PD_3,PD_4': 1.0, 'PD_3,PD_8': 0.0, 'PD_4,PD_8': 0.0}, ASR: 1.2, TCB: {'PD_1': ['PD_3', 'PD_2', 'PD_4'], 'PD_2': ['PD_4', 'PD_1', 'PD_3'], 'PD_3': ['PD_1', 'PD_2', 'PD_4'], 'PD_4': ['PD_1', 'PD_2', 'PD_3'], 'PD_8': []}, FR: {'PD_1,PD_2': inf, 'PD_1,PD_3': inf, 'PD_1,PD_4': inf, 'PD_1,PD_8': inf, 'PD_2,PD_3': inf, 'PD_2,PD_4': inf, 'PD_2,PD_8': inf, 'PD_3,PD_4': inf, 'PD_3,PD_8': inf, 'PD_4,PD_8': inf}
  Computing metrics...
    RSI: {'PD_1,PD_2': 1.0, 'PD_1,PD_3': 1.0, 'PD_1,PD_4': 1.0, 'PD_1,PD_8': 0.0, 'PD_2,PD_3': 1.0, 'PD_2,PD_4': 1.0, 'PD_2,PD_8': 0.0, 'PD_3,PD_4': 1.0, 'PD_3,PD_8': 0.0, 'PD_4,PD_8': 0.0}, ASR: 1.2, TCB: {'PD_1': ['PD_3', 'PD_2', 'PD_4'], 'PD_2': ['PD_4', 'PD_1', 'PD_3'], 'PD_3': ['PD_1', 'PD_2', 'PD_4'], 'PD_4': ['PD_1', 'PD_2', 'PD_3'], 'PD_8': []}, FR: {'PD_1,PD_2': inf, 'PD_1,PD_3': inf, 'PD_1,PD_4': inf, 'PD_1,PD_8': inf, 'PD_2,PD_3': inf, 'PD_2,PD_4': inf, 'PD_2,PD_8': inf, 'PD_3,PD_4': inf, 'PD_3,PD_8': inf, 'PD_4,PD_8': inf}
  Computing metrics...
    RSI: {'PD_1,PD_2': 1.0, 'PD_1,PD_3': 1.0, 'PD_1,PD_4': 1.0, 'PD_1,PD_8': 0.0, 'PD_2,PD_3': 1.0, 'PD_2,PD_4': 1.0, 'PD_2,PD_8': 0.0, 'PD_3,PD_4': 1.0, 'PD_3,PD_8': 0.0, 'PD_4,PD_8': 0.0}, ASR: 1.2, TCB: {'PD_1': ['PD_3', 'PD_2', 'PD_4'], 'PD_2': ['PD_4', 'PD_1', 'PD_3'], 'PD_3': ['PD_1', 'PD_2', 'PD_4'], 'PD_4': ['PD_1', 'PD_2', 'PD_3'], 'PD_8': []}, FR: {'PD_1,PD_2': inf, 'PD_1,PD_3': inf, 'PD_1,PD_4': inf, 'PD_1,PD_8': inf, 'PD_2,PD_3': inf, 'PD_2,PD_4': inf, 'PD_2,PD_8': inf, 'PD_3,PD_4': inf, 'PD_3,PD_8': inf, 'PD_4,PD_8': inf}
  Computing metrics...
    RSI: {'PD_1,PD_2': 1.0, 'PD_1,PD_3': 1.0, 'PD_1,PD_4': 1.0, 'PD_1,PD_8': 0.0, 'PD_2,PD_3': 1.0, 'PD_2,PD_4': 1.0, 'PD_2,PD_8': 0.0, 'PD_3,PD_4': 1.0, 'PD_3,PD_8': 0.0, 'PD_4,PD_8': 0.0}, ASR: 1.2, TCB: {'PD_1': ['PD_3', 'PD_2', 'PD_4'], 'PD_2': ['PD_4', 'PD_1', 'PD_3'], 'PD_3': ['PD_1', 'PD_2', 'PD_4'], 'PD_4': ['PD_1', 'PD_2', 'PD_3'], 'PD_8': []}, FR: {'PD_1,PD_2': inf, 'PD_1,PD_3': inf, 'PD_1,PD_4': inf, 'PD_1,PD_8': inf, 'PD_2,PD_3': inf, 'PD_2,PD_4': inf, 'PD_2,PD_8': inf, 'PD_3,PD_4': inf, 'PD_3,PD_8': inf, 'PD_4,PD_8': inf}
  Computing metrics...
    RSI: {'PD_1,PD_2': 1.0, 'PD_1,PD_3': 1.0, 'PD_1,PD_4': 1.0, 'PD_1,PD_8': 0.0, 'PD_2,PD_3': 1.0, 'PD_2,PD_4': 1.0, 'PD_2,PD_8': 0.0, 'PD_3,PD_4': 1.0, 'PD_3,PD_8': 0.0, 'PD_4,PD_8': 0.0}, ASR: 1.2, TCB: {'PD_1': ['PD_3', 'PD_2', 'PD_4'], 'PD_2': ['PD_4', 'PD_1', 'PD_3'], 'PD_3': ['PD_1', 'PD_2', 'PD_4'], 'PD_4': ['PD_1', 'PD_2', 'PD_3'], 'PD_8': []}, FR: {'PD_1,PD_2': inf, 'PD_1,PD_3': inf, 'PD_1,PD_4': inf, 'PD_1,PD_8': inf, 'PD_2,PD_3': inf, 'PD_2,PD_4': inf, 'PD_2,PD_8': inf, 'PD_3,PD_4': inf, 'PD_3,PD_8': inf, 'PD_4,PD_8': inf}
  Computing metrics...
    RSI: {'PD_1,PD_2': 1.0, 'PD_1,PD_3': 1.0, 'PD_1,PD_4': 1.0, 'PD_1,PD_8': 1.0, 'PD_2,PD_3': 1.0, 'PD_2,PD_4': 1.0, 'PD_2,PD_8': 1.0, 'PD_3,PD_4': 1.0, 'PD_3,PD_8': 1.0, 'PD_4,PD_8': 1.0}, ASR: 1.4, TCB: {'PD_1': ['PD_3', 'PD_2', 'PD_4', 'PD_8'], 'PD_2': ['PD_4', 'PD_1', 'PD_3', 'PD_8'], 'PD_3': ['PD_1', 'PD_2', 'PD_4', 'PD_8'], 'PD_4': ['PD_1', 'PD_2', 'PD_3', 'PD_8'], 'PD_8': ['PD_1', 'PD_2', 'PD_3', 'PD_4']}, FR: {'PD_1,PD_2': inf, 'PD_1,PD_3': inf, 'PD_1,PD_4': inf, 'PD_1,PD_8': inf, 'PD_2,PD_3': inf, 'PD_2,PD_4': inf, 'PD_2,PD_8': inf, 'PD_3,PD_4': inf, 'PD_3,PD_8': inf, 'PD_4,PD_8': inf}
  Computing metrics...
    RSI: {'PD_1,PD_2': 1.0, 'PD_1,PD_3': 1.0, 'PD_1,PD_4': 1.0, 'PD_1,PD_8': 0.0, 'PD_2,PD_3': 1.0, 'PD_2,PD_4': 1.0, 'PD_2,PD_8': 0.0, 'PD_3,PD_4': 1.0, 'PD_3,PD_8': 0.0, 'PD_4,PD_8': 0.0}, ASR: 1.2, TCB: {'PD_1': ['PD_3', 'PD_2', 'PD_4'], 'PD_2': ['PD_4', 'PD_1', 'PD_3'], 'PD_3': ['PD_1', 'PD_2', 'PD_4'], 'PD_4': ['PD_1', 'PD_2', 'PD_3'], 'PD_8': []}, FR: {'PD_1,PD_2': inf, 'PD_1,PD_3': inf, 'PD_1,PD_4': inf, 'PD_1,PD_8': inf, 'PD_2,PD_3': inf, 'PD_2,PD_4': inf, 'PD_2,PD_8': inf, 'PD_3,PD_4': inf, 'PD_3,PD_8': inf, 'PD_4,PD_8': inf}
  Computing metrics...
    RSI: {'PD_1,PD_2': 0.0, 'PD_1,PD_3': 0.0, 'PD_1,PD_4': 0.0, 'PD_1,PD_8': 0.0, 'PD_2,PD_3': 1.0, 'PD_2,PD_4': 1.0, 'PD_2,PD_8': 0.0, 'PD_3,PD_4': 1.0, 'PD_3,PD_8': 0.0, 'PD_4,PD_8': 0.0}, ASR: 1.0, TCB: {'PD_1': ['PD_3'], 'PD_2': ['PD_4', 'PD_3'], 'PD_3': ['PD_2', 'PD_4'], 'PD_4': ['PD_2', 'PD_3'], 'PD_8': []}, FR: {'PD_1,PD_2': inf, 'PD_1,PD_3': inf, 'PD_1,PD_4': inf, 'PD_1,PD_8': inf, 'PD_2,PD_3': inf, 'PD_2,PD_4': inf, 'PD_2,PD_8': inf, 'PD_3,PD_4': inf, 'PD_3,PD_8': inf, 'PD_4,PD_8': inf}
    🎯 remove_hold_edge goal: -10.00, constraint: 0.00, unsatisfiable: 0.00, diversity: 0.00 → total: -4.90
    remove_hold_edge candidate: remove PD_1 -> FILE_1_1 HOLD edge -> score: -4.900
  Computing metrics...
    RSI: {'PD_1,PD_2': 1.0, 'PD_1,PD_3': 1.0, 'PD_1,PD_4': 1.0, 'PD_1,PD_8': 0.0, 'PD_2,PD_3': 1.0, 'PD_2,PD_4': 1.0, 'PD_2,PD_8': 0.0, 'PD_3,PD_4': 1.0, 'PD_3,PD_8': 0.0, 'PD_4,PD_8': 0.0}, ASR: 1.2, TCB: {'PD_1': ['PD_3', 'PD_2', 'PD_4'], 'PD_2': ['PD_4', 'PD_1', 'PD_3'], 'PD_3': ['PD_1', 'PD_2', 'PD_4'], 'PD_4': ['PD_1', 'PD_2', 'PD_3'], 'PD_8': []}, FR: {'PD_1,PD_2': inf, 'PD_1,PD_3': inf, 'PD_1,PD_4': inf, 'PD_1,PD_8': inf, 'PD_2,PD_3': inf, 'PD_2,PD_4': inf, 'PD_2,PD_8': inf, 'PD_3,PD_4': inf, 'PD_3,PD_8': inf, 'PD_4,PD_8': inf}
  Computing metrics...
    RSI: {'PD_1,PD_2': 0.0, 'PD_1,PD_3': 1.0, 'PD_1,PD_4': 1.0, 'PD_1,PD_8': 0.0, 'PD_2,PD_3': 0.0, 'PD_2,PD_4': 0.0, 'PD_2,PD_8': 0.0, 'PD_3,PD_4': 1.0, 'PD_3,PD_8': 0.0, 'PD_4,PD_8': 0.0}, ASR: 1.0, TCB: {'PD_1': ['PD_3', 'PD_4'], 'PD_2': ['PD_4'], 'PD_3': ['PD_1', 'PD_4'], 'PD_4': ['PD_1', 'PD_3'], 'PD_8': []}, FR: {'PD_1,PD_2': inf, 'PD_1,PD_3': inf, 'PD_1,PD_4': inf, 'PD_1,PD_8': inf, 'PD_2,PD_3': inf, 'PD_2,PD_4': inf, 'PD_2,PD_8': inf, 'PD_3,PD_4': inf, 'PD_3,PD_8': inf, 'PD_4,PD_8': inf}
    🎯 remove_hold_edge goal: -10.00, constraint: 0.00, unsatisfiable: 0.00, diversity: 0.00 → total: -4.90
    remove_hold_edge candidate: remove PD_2 -> FILE_1_1 HOLD edge -> score: -4.900
  Computing metrics...
    RSI: {'PD_1,PD_2': 1.0, 'PD_1,PD_3': 1.0, 'PD_1,PD_4': 1.0, 'PD_1,PD_8': 0.0, 'PD_2,PD_3': 1.0, 'PD_2,PD_4': 1.0, 'PD_2,PD_8': 0.0, 'PD_3,PD_4': 1.0, 'PD_3,PD_8': 0.0, 'PD_4,PD_8': 0.0}, ASR: 1.2, TCB: {'PD_1': ['PD_3', 'PD_2', 'PD_4'], 'PD_2': ['PD_4', 'PD_1', 'PD_3'], 'PD_3': ['PD_1', 'PD_2', 'PD_4'], 'PD_4': ['PD_1', 'PD_2', 'PD_3'], 'PD_8': []}, FR: {'PD_1,PD_2': inf, 'PD_1,PD_3': inf, 'PD_1,PD_4': inf, 'PD_1,PD_8': inf, 'PD_2,PD_3': inf, 'PD_2,PD_4': inf, 'PD_2,PD_8': inf, 'PD_3,PD_4': inf, 'PD_3,PD_8': inf, 'PD_4,PD_8': inf}
  Computing metrics...
    RSI: {'PD_1,PD_2': 1.0, 'PD_1,PD_3': 0.0, 'PD_1,PD_4': 1.0, 'PD_1,PD_8': 0.0, 'PD_2,PD_3': 0.0, 'PD_2,PD_4': 1.0, 'PD_2,PD_8': 0.0, 'PD_3,PD_4': 0.0, 'PD_3,PD_8': 0.0, 'PD_4,PD_8': 0.0}, ASR: 1.0, TCB: {'PD_1': ['PD_3', 'PD_2', 'PD_4'], 'PD_2': ['PD_4', 'PD_1'], 'PD_3': [], 'PD_4': ['PD_1', 'PD_2'], 'PD_8': []}, FR: {'PD_1,PD_2': inf, 'PD_1,PD_3': inf, 'PD_1,PD_4': inf, 'PD_1,PD_8': inf, 'PD_2,PD_3': inf, 'PD_2,PD_4': inf, 'PD_2,PD_8': inf, 'PD_3,PD_4': inf, 'PD_3,PD_8': inf, 'PD_4,PD_8': inf}
    remove_hold_edge candidate: remove PD_3 -> FILE_1_1 HOLD edge -> score: 0.100
  Computing metrics...
    RSI: {'PD_1,PD_2': 1.0, 'PD_1,PD_3': 1.0, 'PD_1,PD_4': 1.0, 'PD_1,PD_8': 0.0, 'PD_2,PD_3': 1.0, 'PD_2,PD_4': 1.0, 'PD_2,PD_8': 0.0, 'PD_3,PD_4': 1.0, 'PD_3,PD_8': 0.0, 'PD_4,PD_8': 0.0}, ASR: 1.2, TCB: {'PD_1': ['PD_3', 'PD_2', 'PD_4'], 'PD_2': ['PD_4', 'PD_1', 'PD_3'], 'PD_3': ['PD_1', 'PD_2', 'PD_4'], 'PD_4': ['PD_1', 'PD_2', 'PD_3'], 'PD_8': []}, FR: {'PD_1,PD_2': inf, 'PD_1,PD_3': inf, 'PD_1,PD_4': inf, 'PD_1,PD_8': inf, 'PD_2,PD_3': inf, 'PD_2,PD_4': inf, 'PD_2,PD_8': inf, 'PD_3,PD_4': inf, 'PD_3,PD_8': inf, 'PD_4,PD_8': inf}
  Computing metrics...
    RSI: {'PD_1,PD_2': 1.0, 'PD_1,PD_3': 1.0, 'PD_1,PD_4': 0.0, 'PD_1,PD_8': 0.0, 'PD_2,PD_3': 1.0, 'PD_2,PD_4': 0.0, 'PD_2,PD_8': 0.0, 'PD_3,PD_4': 0.0, 'PD_3,PD_8': 0.0, 'PD_4,PD_8': 0.0}, ASR: 1.0, TCB: {'PD_1': ['PD_3', 'PD_2'], 'PD_2': ['PD_4', 'PD_1', 'PD_3'], 'PD_3': ['PD_1', 'PD_2'], 'PD_4': [], 'PD_8': []}, FR: {'PD_1,PD_2': inf, 'PD_1,PD_3': inf, 'PD_1,PD_4': inf, 'PD_1,PD_8': inf, 'PD_2,PD_3': inf, 'PD_2,PD_4': inf, 'PD_2,PD_8': inf, 'PD_3,PD_4': inf, 'PD_3,PD_8': inf, 'PD_4,PD_8': inf}
    remove_hold_edge candidate: remove PD_4 -> FILE_1_1 HOLD edge -> score: 0.100
  Computing metrics...
    RSI: {'PD_1,PD_2': 1.0, 'PD_1,PD_3': 1.0, 'PD_1,PD_4': 1.0, 'PD_1,PD_8': 0.0, 'PD_2,PD_3': 1.0, 'PD_2,PD_4': 1.0, 'PD_2,PD_8': 0.0, 'PD_3,PD_4': 1.0, 'PD_3,PD_8': 0.0, 'PD_4,PD_8': 0.0}, ASR: 1.2, TCB: {'PD_1': ['PD_3', 'PD_2', 'PD_4'], 'PD_2': ['PD_4', 'PD_1', 'PD_3'], 'PD_3': ['PD_1', 'PD_2', 'PD_4'], 'PD_4': ['PD_1', 'PD_2', 'PD_3'], 'PD_8': []}, FR: {'PD_1,PD_2': inf, 'PD_1,PD_3': inf, 'PD_1,PD_4': inf, 'PD_1,PD_8': inf, 'PD_2,PD_3': inf, 'PD_2,PD_4': inf, 'PD_2,PD_8': inf, 'PD_3,PD_4': inf, 'PD_3,PD_8': inf, 'PD_4,PD_8': inf}
  Computing metrics...
    RSI: {'PD_1,PD_2': 1.0, 'PD_1,PD_3': 1.0, 'PD_1,PD_4': 1.0, 'PD_1,PD_8': 0.0, 'PD_2,PD_3': 1.0, 'PD_2,PD_4': 1.0, 'PD_2,PD_8': 0.0, 'PD_3,PD_4': 1.0, 'PD_3,PD_8': 0.0, 'PD_4,PD_8': 0.0}, ASR: 1.4, TCB: {'PD_1': ['PD_3', 'PD_2', 'PD_4'], 'PD_2': ['PD_4', 'PD_1', 'PD_3'], 'PD_3': ['PD_1', 'PD_2', 'PD_4'], 'PD_4': ['PD_1', 'PD_2', 'PD_3'], 'PD_8': []}, FR: {'PD_1,PD_2': 3, 'PD_1,PD_3': inf, 'PD_1,PD_4': inf, 'PD_1,PD_8': inf, 'PD_2,PD_3': inf, 'PD_2,PD_4': inf, 'PD_2,PD_8': inf, 'PD_3,PD_4': inf, 'PD_3,PD_8': inf, 'PD_4,PD_8': inf}
  Computing metrics...
    RSI: {'PD_1,PD_2': 1.0, 'PD_1,PD_3': 1.0, 'PD_1,PD_4': 1.0, 'PD_1,PD_8': 0.0, 'PD_2,PD_3': 1.0, 'PD_2,PD_4': 1.0, 'PD_2,PD_8': 0.0, 'PD_3,PD_4': 1.0, 'PD_3,PD_8': 0.0, 'PD_4,PD_8': 0.0}, ASR: 1.2, TCB: {'PD_1': ['PD_3', 'PD_2', 'PD_4'], 'PD_2': ['PD_4', 'PD_1', 'PD_3'], 'PD_3': ['PD_1', 'PD_2', 'PD_4'], 'PD_4': ['PD_1', 'PD_2', 'PD_3'], 'PD_8': []}, FR: {'PD_1,PD_2': inf, 'PD_1,PD_3': inf, 'PD_1,PD_4': inf, 'PD_1,PD_8': inf, 'PD_2,PD_3': inf, 'PD_2,PD_4': inf, 'PD_2,PD_8': inf, 'PD_3,PD_4': inf, 'PD_3,PD_8': inf, 'PD_4,PD_8': inf}
  Computing metrics...
    RSI: {'PD_1,PD_2': 1.0, 'PD_1,PD_3': 1.0, 'PD_1,PD_4': 1.0, 'PD_1,PD_8': 0.0, 'PD_2,PD_3': 1.0, 'PD_2,PD_4': 1.0, 'PD_2,PD_8': 0.0, 'PD_3,PD_4': 1.0, 'PD_3,PD_8': 0.0, 'PD_4,PD_8': 0.0}, ASR: 1.4, TCB: {'PD_1': ['PD_3', 'PD_4', 'PD_2'], 'PD_2': ['PD_4', 'PD_1', 'PD_3'], 'PD_3': ['PD_1', 'PD_2', 'PD_4'], 'PD_4': ['PD_1', 'PD_2', 'PD_3'], 'PD_8': []}, FR: {'PD_1,PD_2': 2, 'PD_1,PD_3': inf, 'PD_1,PD_4': inf, 'PD_1,PD_8': inf, 'PD_2,PD_3': inf, 'PD_2,PD_4': inf, 'PD_2,PD_8': inf, 'PD_3,PD_4': inf, 'PD_3,PD_8': inf, 'PD_4,PD_8': inf}
  Computing metrics...
    RSI: {'PD_1,PD_2': 1.0, 'PD_1,PD_3': 1.0, 'PD_1,PD_4': 1.0, 'PD_1,PD_8': 0.0, 'PD_2,PD_3': 1.0, 'PD_2,PD_4': 1.0, 'PD_2,PD_8': 0.0, 'PD_3,PD_4': 1.0, 'PD_3,PD_8': 0.0, 'PD_4,PD_8': 0.0}, ASR: 1.2, TCB: {'PD_1': ['PD_3', 'PD_2', 'PD_4'], 'PD_2': ['PD_4', 'PD_1', 'PD_3'], 'PD_3': ['PD_1', 'PD_2', 'PD_4'], 'PD_4': ['PD_1', 'PD_2', 'PD_3'], 'PD_8': []}, FR: {'PD_1,PD_2': inf, 'PD_1,PD_3': inf, 'PD_1,PD_4': inf, 'PD_1,PD_8': inf, 'PD_2,PD_3': inf, 'PD_2,PD_4': inf, 'PD_2,PD_8': inf, 'PD_3,PD_4': inf, 'PD_3,PD_8': inf, 'PD_4,PD_8': inf}
  Computing metrics...
    RSI: {'PD_1,PD_2': 1.0, 'PD_1,PD_3': 1.0, 'PD_1,PD_4': 1.0, 'PD_1,PD_8': 0.0, 'PD_2,PD_3': 1.0, 'PD_2,PD_4': 1.0, 'PD_2,PD_8': 0.0, 'PD_3,PD_4': 1.0, 'PD_3,PD_8': 0.0, 'PD_4,PD_8': 0.0}, ASR: 1.4, TCB: {'PD_1': ['PD_3', 'PD_8', 'PD_2', 'PD_4'], 'PD_2': ['PD_4', 'PD_1', 'PD_3'], 'PD_3': ['PD_1', 'PD_2', 'PD_4'], 'PD_4': ['PD_1', 'PD_2', 'PD_3'], 'PD_8': []}, FR: {'PD_1,PD_2': inf, 'PD_1,PD_3': inf, 'PD_1,PD_4': inf, 'PD_1,PD_8': inf, 'PD_2,PD_3': inf, 'PD_2,PD_4': inf, 'PD_2,PD_8': inf, 'PD_3,PD_4': inf, 'PD_3,PD_8': inf, 'PD_4,PD_8': inf}
  Computing metrics...
    RSI: {'PD_1,PD_2': 1.0, 'PD_1,PD_3': 1.0, 'PD_1,PD_4': 1.0, 'PD_1,PD_8': 0.0, 'PD_2,PD_3': 1.0, 'PD_2,PD_4': 1.0, 'PD_2,PD_8': 0.0, 'PD_3,PD_4': 1.0, 'PD_3,PD_8': 0.0, 'PD_4,PD_8': 0.0}, ASR: 1.2, TCB: {'PD_1': ['PD_3', 'PD_2', 'PD_4'], 'PD_2': ['PD_4', 'PD_1', 'PD_3'], 'PD_3': ['PD_1', 'PD_2', 'PD_4'], 'PD_4': ['PD_1', 'PD_2', 'PD_3'], 'PD_8': []}, FR: {'PD_1,PD_2': inf, 'PD_1,PD_3': inf, 'PD_1,PD_4': inf, 'PD_1,PD_8': inf, 'PD_2,PD_3': inf, 'PD_2,PD_4': inf, 'PD_2,PD_8': inf, 'PD_3,PD_4': inf, 'PD_3,PD_8': inf, 'PD_4,PD_8': inf}
  Computing metrics...
    RSI: {'PD_1,PD_2': 1.0, 'PD_1,PD_3': 1.0, 'PD_1,PD_4': 1.0, 'PD_1,PD_8': 0.0, 'PD_2,PD_3': 1.0, 'PD_2,PD_4': 1.0, 'PD_2,PD_8': 0.0, 'PD_3,PD_4': 1.0, 'PD_3,PD_8': 0.0, 'PD_4,PD_8': 0.0}, ASR: 1.4, TCB: {'PD_1': ['PD_3', 'PD_2', 'PD_4'], 'PD_2': ['PD_4', 'PD_1', 'PD_3'], 'PD_3': ['PD_1', 'PD_2', 'PD_4'], 'PD_4': ['PD_1', 'PD_2', 'PD_3'], 'PD_8': []}, FR: {'PD_1,PD_2': 3, 'PD_1,PD_3': inf, 'PD_1,PD_4': inf, 'PD_1,PD_8': inf, 'PD_2,PD_3': inf, 'PD_2,PD_4': inf, 'PD_2,PD_8': inf, 'PD_3,PD_4': inf, 'PD_3,PD_8': inf, 'PD_4,PD_8': inf}
  Computing metrics...
    RSI: {'PD_1,PD_2': 1.0, 'PD_1,PD_3': 1.0, 'PD_1,PD_4': 1.0, 'PD_1,PD_8': 0.0, 'PD_2,PD_3': 1.0, 'PD_2,PD_4': 1.0, 'PD_2,PD_8': 0.0, 'PD_3,PD_4': 1.0, 'PD_3,PD_8': 0.0, 'PD_4,PD_8': 0.0}, ASR: 1.2, TCB: {'PD_1': ['PD_3', 'PD_2', 'PD_4'], 'PD_2': ['PD_4', 'PD_1', 'PD_3'], 'PD_3': ['PD_1', 'PD_2', 'PD_4'], 'PD_4': ['PD_1', 'PD_2', 'PD_3'], 'PD_8': []}, FR: {'PD_1,PD_2': inf, 'PD_1,PD_3': inf, 'PD_1,PD_4': inf, 'PD_1,PD_8': inf, 'PD_2,PD_3': inf, 'PD_2,PD_4': inf, 'PD_2,PD_8': inf, 'PD_3,PD_4': inf, 'PD_3,PD_8': inf, 'PD_4,PD_8': inf}
  Computing metrics...
    RSI: {'PD_1,PD_2': 1.0, 'PD_1,PD_3': 1.0, 'PD_1,PD_4': 1.0, 'PD_1,PD_8': 0.0, 'PD_2,PD_3': 1.0, 'PD_2,PD_4': 1.0, 'PD_2,PD_8': 0.0, 'PD_3,PD_4': 1.0, 'PD_3,PD_8': 0.0, 'PD_4,PD_8': 0.0}, ASR: 1.4, TCB: {'PD_1': ['PD_3', 'PD_2', 'PD_4'], 'PD_2': ['PD_4', 'PD_3', 'PD_1'], 'PD_3': ['PD_1', 'PD_2', 'PD_4'], 'PD_4': ['PD_1', 'PD_2', 'PD_3'], 'PD_8': []}, FR: {'PD_1,PD_2': 2, 'PD_1,PD_3': inf, 'PD_1,PD_4': inf, 'PD_1,PD_8': inf, 'PD_2,PD_3': inf, 'PD_2,PD_4': inf, 'PD_2,PD_8': inf, 'PD_3,PD_4': inf, 'PD_3,PD_8': inf, 'PD_4,PD_8': inf}
  Computing metrics...
    RSI: {'PD_1,PD_2': 1.0, 'PD_1,PD_3': 1.0, 'PD_1,PD_4': 1.0, 'PD_1,PD_8': 0.0, 'PD_2,PD_3': 1.0, 'PD_2,PD_4': 1.0, 'PD_2,PD_8': 0.0, 'PD_3,PD_4': 1.0, 'PD_3,PD_8': 0.0, 'PD_4,PD_8': 0.0}, ASR: 1.2, TCB: {'PD_1': ['PD_3', 'PD_2', 'PD_4'], 'PD_2': ['PD_4', 'PD_1', 'PD_3'], 'PD_3': ['PD_1', 'PD_2', 'PD_4'], 'PD_4': ['PD_1', 'PD_2', 'PD_3'], 'PD_8': []}, FR: {'PD_1,PD_2': inf, 'PD_1,PD_3': inf, 'PD_1,PD_4': inf, 'PD_1,PD_8': inf, 'PD_2,PD_3': inf, 'PD_2,PD_4': inf, 'PD_2,PD_8': inf, 'PD_3,PD_4': inf, 'PD_3,PD_8': inf, 'PD_4,PD_8': inf}
  Computing metrics...
    RSI: {'PD_1,PD_2': 1.0, 'PD_1,PD_3': 1.0, 'PD_1,PD_4': 1.0, 'PD_1,PD_8': 0.0, 'PD_2,PD_3': 1.0, 'PD_2,PD_4': 1.0, 'PD_2,PD_8': 0.0, 'PD_3,PD_4': 1.0, 'PD_3,PD_8': 0.0, 'PD_4,PD_8': 0.0}, ASR: 1.4, TCB: {'PD_1': ['PD_3', 'PD_2', 'PD_4'], 'PD_2': ['PD_4', 'PD_8', 'PD_1', 'PD_3'], 'PD_3': ['PD_1', 'PD_2', 'PD_4'], 'PD_4': ['PD_1', 'PD_2', 'PD_3'], 'PD_8': []}, FR: {'PD_1,PD_2': inf, 'PD_1,PD_3': inf, 'PD_1,PD_4': inf, 'PD_1,PD_8': inf, 'PD_2,PD_3': inf, 'PD_2,PD_4': inf, 'PD_2,PD_8': inf, 'PD_3,PD_4': inf, 'PD_3,PD_8': inf, 'PD_4,PD_8': inf}
  Computing metrics...
    RSI: {'PD_1,PD_2': 1.0, 'PD_1,PD_3': 1.0, 'PD_1,PD_4': 1.0, 'PD_1,PD_8': 0.0, 'PD_2,PD_3': 1.0, 'PD_2,PD_4': 1.0, 'PD_2,PD_8': 0.0, 'PD_3,PD_4': 1.0, 'PD_3,PD_8': 0.0, 'PD_4,PD_8': 0.0}, ASR: 1.2, TCB: {'PD_1': ['PD_3', 'PD_2', 'PD_4'], 'PD_2': ['PD_4', 'PD_1', 'PD_3'], 'PD_3': ['PD_1', 'PD_2', 'PD_4'], 'PD_4': ['PD_1', 'PD_2', 'PD_3'], 'PD_8': []}, FR: {'PD_1,PD_2': inf, 'PD_1,PD_3': inf, 'PD_1,PD_4': inf, 'PD_1,PD_8': inf, 'PD_2,PD_3': inf, 'PD_2,PD_4': inf, 'PD_2,PD_8': inf, 'PD_3,PD_4': inf, 'PD_3,PD_8': inf, 'PD_4,PD_8': inf}
  Computing metrics...
    RSI: {'PD_1,PD_2': 1.0, 'PD_1,PD_3': 1.0, 'PD_1,PD_4': 1.0, 'PD_1,PD_8': 0.0, 'PD_2,PD_3': 1.0, 'PD_2,PD_4': 1.0, 'PD_2,PD_8': 0.0, 'PD_3,PD_4': 1.0, 'PD_3,PD_8': 0.0, 'PD_4,PD_8': 0.0}, ASR: 1.4, TCB: {'PD_1': ['PD_3', 'PD_2', 'PD_4'], 'PD_2': ['PD_4', 'PD_1', 'PD_3'], 'PD_3': ['PD_1', 'PD_2', 'PD_4'], 'PD_4': ['PD_1', 'PD_2', 'PD_3'], 'PD_8': []}, FR: {'PD_1,PD_2': inf, 'PD_1,PD_3': inf, 'PD_1,PD_4': inf, 'PD_1,PD_8': inf, 'PD_2,PD_3': inf, 'PD_2,PD_4': inf, 'PD_2,PD_8': inf, 'PD_3,PD_4': inf, 'PD_3,PD_8': inf, 'PD_4,PD_8': inf}
  Computing metrics...
    RSI: {'PD_1,PD_2': 1.0, 'PD_1,PD_3': 1.0, 'PD_1,PD_4': 1.0, 'PD_1,PD_8': 0.0, 'PD_2,PD_3': 1.0, 'PD_2,PD_4': 1.0, 'PD_2,PD_8': 0.0, 'PD_3,PD_4': 1.0, 'PD_3,PD_8': 0.0, 'PD_4,PD_8': 0.0}, ASR: 1.2, TCB: {'PD_1': ['PD_3', 'PD_2', 'PD_4'], 'PD_2': ['PD_4', 'PD_1', 'PD_3'], 'PD_3': ['PD_1', 'PD_2', 'PD_4'], 'PD_4': ['PD_1', 'PD_2', 'PD_3'], 'PD_8': []}, FR: {'PD_1,PD_2': inf, 'PD_1,PD_3': inf, 'PD_1,PD_4': inf, 'PD_1,PD_8': inf, 'PD_2,PD_3': inf, 'PD_2,PD_4': inf, 'PD_2,PD_8': inf, 'PD_3,PD_4': inf, 'PD_3,PD_8': inf, 'PD_4,PD_8': inf}
  Computing metrics...
    RSI: {'PD_1,PD_2': 1.0, 'PD_1,PD_3': 1.0, 'PD_1,PD_4': 1.0, 'PD_1,PD_8': 0.0, 'PD_2,PD_3': 1.0, 'PD_2,PD_4': 1.0, 'PD_2,PD_8': 0.0, 'PD_3,PD_4': 1.0, 'PD_3,PD_8': 0.0, 'PD_4,PD_8': 0.0}, ASR: 1.4, TCB: {'PD_1': ['PD_3', 'PD_2', 'PD_4'], 'PD_2': ['PD_4', 'PD_1', 'PD_3'], 'PD_3': ['PD_2', 'PD_1', 'PD_4'], 'PD_4': ['PD_1', 'PD_2', 'PD_3'], 'PD_8': []}, FR: {'PD_1,PD_2': 4, 'PD_1,PD_3': 3, 'PD_1,PD_4': inf, 'PD_1,PD_8': inf, 'PD_2,PD_3': 3, 'PD_2,PD_4': inf, 'PD_2,PD_8': inf, 'PD_3,PD_4': inf, 'PD_3,PD_8': inf, 'PD_4,PD_8': inf}
  Computing metrics...
    RSI: {'PD_1,PD_2': 1.0, 'PD_1,PD_3': 1.0, 'PD_1,PD_4': 1.0, 'PD_1,PD_8': 0.0, 'PD_2,PD_3': 1.0, 'PD_2,PD_4': 1.0, 'PD_2,PD_8': 0.0, 'PD_3,PD_4': 1.0, 'PD_3,PD_8': 0.0, 'PD_4,PD_8': 0.0}, ASR: 1.2, TCB: {'PD_1': ['PD_3', 'PD_2', 'PD_4'], 'PD_2': ['PD_4', 'PD_1', 'PD_3'], 'PD_3': ['PD_1', 'PD_2', 'PD_4'], 'PD_4': ['PD_1', 'PD_2', 'PD_3'], 'PD_8': []}, FR: {'PD_1,PD_2': inf, 'PD_1,PD_3': inf, 'PD_1,PD_4': inf, 'PD_1,PD_8': inf, 'PD_2,PD_3': inf, 'PD_2,PD_4': inf, 'PD_2,PD_8': inf, 'PD_3,PD_4': inf, 'PD_3,PD_8': inf, 'PD_4,PD_8': inf}
  Computing metrics...
    RSI: {'PD_1,PD_2': 1.0, 'PD_1,PD_3': 1.0, 'PD_1,PD_4': 1.0, 'PD_1,PD_8': 0.0, 'PD_2,PD_3': 1.0, 'PD_2,PD_4': 1.0, 'PD_2,PD_8': 0.0, 'PD_3,PD_4': 1.0, 'PD_3,PD_8': 0.0, 'PD_4,PD_8': 0.0}, ASR: 1.4, TCB: {'PD_1': ['PD_3', 'PD_2', 'PD_4'], 'PD_2': ['PD_4', 'PD_1', 'PD_3'], 'PD_3': ['PD_4', 'PD_1', 'PD_2'], 'PD_4': ['PD_1', 'PD_2', 'PD_3'], 'PD_8': []}, FR: {'PD_1,PD_2': 3, 'PD_1,PD_3': 3, 'PD_1,PD_4': inf, 'PD_1,PD_8': inf, 'PD_2,PD_3': 2, 'PD_2,PD_4': inf, 'PD_2,PD_8': inf, 'PD_3,PD_4': inf, 'PD_3,PD_8': inf, 'PD_4,PD_8': inf}
  Computing metrics...
    RSI: {'PD_1,PD_2': 1.0, 'PD_1,PD_3': 1.0, 'PD_1,PD_4': 1.0, 'PD_1,PD_8': 0.0, 'PD_2,PD_3': 1.0, 'PD_2,PD_4': 1.0, 'PD_2,PD_8': 0.0, 'PD_3,PD_4': 1.0, 'PD_3,PD_8': 0.0, 'PD_4,PD_8': 0.0}, ASR: 1.2, TCB: {'PD_1': ['PD_3', 'PD_2', 'PD_4'], 'PD_2': ['PD_4', 'PD_1', 'PD_3'], 'PD_3': ['PD_1', 'PD_2', 'PD_4'], 'PD_4': ['PD_1', 'PD_2', 'PD_3'], 'PD_8': []}, FR: {'PD_1,PD_2': inf, 'PD_1,PD_3': inf, 'PD_1,PD_4': inf, 'PD_1,PD_8': inf, 'PD_2,PD_3': inf, 'PD_2,PD_4': inf, 'PD_2,PD_8': inf, 'PD_3,PD_4': inf, 'PD_3,PD_8': inf, 'PD_4,PD_8': inf}
  Computing metrics...
    RSI: {'PD_1,PD_2': 1.0, 'PD_1,PD_3': 1.0, 'PD_1,PD_4': 1.0, 'PD_1,PD_8': 0.0, 'PD_2,PD_3': 1.0, 'PD_2,PD_4': 1.0, 'PD_2,PD_8': 0.0, 'PD_3,PD_4': 1.0, 'PD_3,PD_8': 0.0, 'PD_4,PD_8': 0.0}, ASR: 1.4, TCB: {'PD_1': ['PD_3', 'PD_2', 'PD_4'], 'PD_2': ['PD_4', 'PD_1', 'PD_3'], 'PD_3': ['PD_8', 'PD_1', 'PD_2', 'PD_4'], 'PD_4': ['PD_1', 'PD_2', 'PD_3'], 'PD_8': []}, FR: {'PD_1,PD_2': inf, 'PD_1,PD_3': 3, 'PD_1,PD_4': inf, 'PD_1,PD_8': inf, 'PD_2,PD_3': inf, 'PD_2,PD_4': inf, 'PD_2,PD_8': inf, 'PD_3,PD_4': inf, 'PD_3,PD_8': inf, 'PD_4,PD_8': inf}
  Computing metrics...
    RSI: {'PD_1,PD_2': 1.0, 'PD_1,PD_3': 1.0, 'PD_1,PD_4': 1.0, 'PD_1,PD_8': 0.0, 'PD_2,PD_3': 1.0, 'PD_2,PD_4': 1.0, 'PD_2,PD_8': 0.0, 'PD_3,PD_4': 1.0, 'PD_3,PD_8': 0.0, 'PD_4,PD_8': 0.0}, ASR: 1.2, TCB: {'PD_1': ['PD_3', 'PD_2', 'PD_4'], 'PD_2': ['PD_4', 'PD_1', 'PD_3'], 'PD_3': ['PD_1', 'PD_2', 'PD_4'], 'PD_4': ['PD_1', 'PD_2', 'PD_3'], 'PD_8': []}, FR: {'PD_1,PD_2': inf, 'PD_1,PD_3': inf, 'PD_1,PD_4': inf, 'PD_1,PD_8': inf, 'PD_2,PD_3': inf, 'PD_2,PD_4': inf, 'PD_2,PD_8': inf, 'PD_3,PD_4': inf, 'PD_3,PD_8': inf, 'PD_4,PD_8': inf}
  Computing metrics...
    RSI: {'PD_1,PD_2': 1.0, 'PD_1,PD_3': 1.0, 'PD_1,PD_4': 1.0, 'PD_1,PD_8': 0.0, 'PD_2,PD_3': 1.0, 'PD_2,PD_4': 1.0, 'PD_2,PD_8': 0.0, 'PD_3,PD_4': 1.0, 'PD_3,PD_8': 0.0, 'PD_4,PD_8': 0.0}, ASR: 1.4, TCB: {'PD_1': ['PD_3', 'PD_2', 'PD_4'], 'PD_2': ['PD_4', 'PD_1', 'PD_3'], 'PD_3': ['PD_1', 'PD_2', 'PD_4'], 'PD_4': ['PD_1', 'PD_2', 'PD_3'], 'PD_8': []}, FR: {'PD_1,PD_2': 4, 'PD_1,PD_3': inf, 'PD_1,PD_4': 3, 'PD_1,PD_8': inf, 'PD_2,PD_3': inf, 'PD_2,PD_4': 3, 'PD_2,PD_8': inf, 'PD_3,PD_4': inf, 'PD_3,PD_8': inf, 'PD_4,PD_8': inf}
  Computing metrics...
    RSI: {'PD_1,PD_2': 1.0, 'PD_1,PD_3': 1.0, 'PD_1,PD_4': 1.0, 'PD_1,PD_8': 0.0, 'PD_2,PD_3': 1.0, 'PD_2,PD_4': 1.0, 'PD_2,PD_8': 0.0, 'PD_3,PD_4': 1.0, 'PD_3,PD_8': 0.0, 'PD_4,PD_8': 0.0}, ASR: 1.2, TCB: {'PD_1': ['PD_3', 'PD_2', 'PD_4'], 'PD_2': ['PD_4', 'PD_1', 'PD_3'], 'PD_3': ['PD_1', 'PD_2', 'PD_4'], 'PD_4': ['PD_1', 'PD_2', 'PD_3'], 'PD_8': []}, FR: {'PD_1,PD_2': inf, 'PD_1,PD_3': inf, 'PD_1,PD_4': inf, 'PD_1,PD_8': inf, 'PD_2,PD_3': inf, 'PD_2,PD_4': inf, 'PD_2,PD_8': inf, 'PD_3,PD_4': inf, 'PD_3,PD_8': inf, 'PD_4,PD_8': inf}
  Computing metrics...
    RSI: {'PD_1,PD_2': 1.0, 'PD_1,PD_3': 1.0, 'PD_1,PD_4': 1.0, 'PD_1,PD_8': 0.0, 'PD_2,PD_3': 1.0, 'PD_2,PD_4': 1.0, 'PD_2,PD_8': 0.0, 'PD_3,PD_4': 1.0, 'PD_3,PD_8': 0.0, 'PD_4,PD_8': 0.0}, ASR: 1.4, TCB: {'PD_1': ['PD_3', 'PD_2', 'PD_4'], 'PD_2': ['PD_4', 'PD_1', 'PD_3'], 'PD_3': ['PD_1', 'PD_2', 'PD_4'], 'PD_4': ['PD_2', 'PD_1', 'PD_3'], 'PD_8': []}, FR: {'PD_1,PD_2': inf, 'PD_1,PD_3': inf, 'PD_1,PD_4': inf, 'PD_1,PD_8': inf, 'PD_2,PD_3': inf, 'PD_2,PD_4': inf, 'PD_2,PD_8': inf, 'PD_3,PD_4': inf, 'PD_3,PD_8': inf, 'PD_4,PD_8': inf}
  Computing metrics...
    RSI: {'PD_1,PD_2': 1.0, 'PD_1,PD_3': 1.0, 'PD_1,PD_4': 1.0, 'PD_1,PD_8': 0.0, 'PD_2,PD_3': 1.0, 'PD_2,PD_4': 1.0, 'PD_2,PD_8': 0.0, 'PD_3,PD_4': 1.0, 'PD_3,PD_8': 0.0, 'PD_4,PD_8': 0.0}, ASR: 1.2, TCB: {'PD_1': ['PD_3', 'PD_2', 'PD_4'], 'PD_2': ['PD_4', 'PD_1', 'PD_3'], 'PD_3': ['PD_1', 'PD_2', 'PD_4'], 'PD_4': ['PD_1', 'PD_2', 'PD_3'], 'PD_8': []}, FR: {'PD_1,PD_2': inf, 'PD_1,PD_3': inf, 'PD_1,PD_4': inf, 'PD_1,PD_8': inf, 'PD_2,PD_3': inf, 'PD_2,PD_4': inf, 'PD_2,PD_8': inf, 'PD_3,PD_4': inf, 'PD_3,PD_8': inf, 'PD_4,PD_8': inf}
  Computing metrics...
    RSI: {'PD_1,PD_2': 1.0, 'PD_1,PD_3': 1.0, 'PD_1,PD_4': 1.0, 'PD_1,PD_8': 0.0, 'PD_2,PD_3': 1.0, 'PD_2,PD_4': 1.0, 'PD_2,PD_8': 0.0, 'PD_3,PD_4': 1.0, 'PD_3,PD_8': 0.0, 'PD_4,PD_8': 0.0}, ASR: 1.4, TCB: {'PD_1': ['PD_3', 'PD_2', 'PD_4'], 'PD_2': ['PD_4', 'PD_1', 'PD_3'], 'PD_3': ['PD_1', 'PD_2', 'PD_4'], 'PD_4': ['PD_3', 'PD_1', 'PD_2'], 'PD_8': []}, FR: {'PD_1,PD_2': 3, 'PD_1,PD_3': inf, 'PD_1,PD_4': 2, 'PD_1,PD_8': inf, 'PD_2,PD_3': inf, 'PD_2,PD_4': 3, 'PD_2,PD_8': inf, 'PD_3,PD_4': inf, 'PD_3,PD_8': inf, 'PD_4,PD_8': inf}
  Computing metrics...
    RSI: {'PD_1,PD_2': 1.0, 'PD_1,PD_3': 1.0, 'PD_1,PD_4': 1.0, 'PD_1,PD_8': 0.0, 'PD_2,PD_3': 1.0, 'PD_2,PD_4': 1.0, 'PD_2,PD_8': 0.0, 'PD_3,PD_4': 1.0, 'PD_3,PD_8': 0.0, 'PD_4,PD_8': 0.0}, ASR: 1.2, TCB: {'PD_1': ['PD_3', 'PD_2', 'PD_4'], 'PD_2': ['PD_4', 'PD_1', 'PD_3'], 'PD_3': ['PD_1', 'PD_2', 'PD_4'], 'PD_4': ['PD_1', 'PD_2', 'PD_3'], 'PD_8': []}, FR: {'PD_1,PD_2': inf, 'PD_1,PD_3': inf, 'PD_1,PD_4': inf, 'PD_1,PD_8': inf, 'PD_2,PD_3': inf, 'PD_2,PD_4': inf, 'PD_2,PD_8': inf, 'PD_3,PD_4': inf, 'PD_3,PD_8': inf, 'PD_4,PD_8': inf}
  Computing metrics...
    RSI: {'PD_1,PD_2': 1.0, 'PD_1,PD_3': 1.0, 'PD_1,PD_4': 1.0, 'PD_1,PD_8': 0.0, 'PD_2,PD_3': 1.0, 'PD_2,PD_4': 1.0, 'PD_2,PD_8': 0.0, 'PD_3,PD_4': 1.0, 'PD_3,PD_8': 0.0, 'PD_4,PD_8': 0.0}, ASR: 1.4, TCB: {'PD_1': ['PD_3', 'PD_2', 'PD_4'], 'PD_2': ['PD_4', 'PD_1', 'PD_3'], 'PD_3': ['PD_1', 'PD_2', 'PD_4'], 'PD_4': ['PD_8', 'PD_1', 'PD_2', 'PD_3'], 'PD_8': []}, FR: {'PD_1,PD_2': inf, 'PD_1,PD_3': inf, 'PD_1,PD_4': inf, 'PD_1,PD_8': inf, 'PD_2,PD_3': inf, 'PD_2,PD_4': 3, 'PD_2,PD_8': inf, 'PD_3,PD_4': inf, 'PD_3,PD_8': inf, 'PD_4,PD_8': inf}
  Computing metrics...
    RSI: {'PD_1,PD_2': 1.0, 'PD_1,PD_3': 1.0, 'PD_1,PD_4': 1.0, 'PD_1,PD_8': 0.0, 'PD_2,PD_3': 1.0, 'PD_2,PD_4': 1.0, 'PD_2,PD_8': 0.0, 'PD_3,PD_4': 1.0, 'PD_3,PD_8': 0.0, 'PD_4,PD_8': 0.0}, ASR: 1.2, TCB: {'PD_1': ['PD_3', 'PD_2', 'PD_4'], 'PD_2': ['PD_4', 'PD_1', 'PD_3'], 'PD_3': ['PD_1', 'PD_2', 'PD_4'], 'PD_4': ['PD_1', 'PD_2', 'PD_3'], 'PD_8': []}, FR: {'PD_1,PD_2': inf, 'PD_1,PD_3': inf, 'PD_1,PD_4': inf, 'PD_1,PD_8': inf, 'PD_2,PD_3': inf, 'PD_2,PD_4': inf, 'PD_2,PD_8': inf, 'PD_3,PD_4': inf, 'PD_3,PD_8': inf, 'PD_4,PD_8': inf}
  Computing metrics...
    RSI: {'PD_1,PD_2': 1.0, 'PD_1,PD_3': 1.0, 'PD_1,PD_4': 1.0, 'PD_1,PD_8': 0.0, 'PD_2,PD_3': 1.0, 'PD_2,PD_4': 1.0, 'PD_2,PD_8': 0.0, 'PD_3,PD_4': 1.0, 'PD_3,PD_8': 0.0, 'PD_4,PD_8': 0.0}, ASR: 1.4, TCB: {'PD_1': ['PD_3', 'PD_2', 'PD_4'], 'PD_2': ['PD_4', 'PD_1', 'PD_3'], 'PD_3': ['PD_1', 'PD_2', 'PD_4'], 'PD_4': ['PD_1', 'PD_2', 'PD_3'], 'PD_8': ['PD_1']}, FR: {'PD_1,PD_2': inf, 'PD_1,PD_3': inf, 'PD_1,PD_4': inf, 'PD_1,PD_8': 3, 'PD_2,PD_3': inf, 'PD_2,PD_4': inf, 'PD_2,PD_8': inf, 'PD_3,PD_4': inf, 'PD_3,PD_8': inf, 'PD_4,PD_8': inf}
  Computing metrics...
    RSI: {'PD_1,PD_2': 1.0, 'PD_1,PD_3': 1.0, 'PD_1,PD_4': 1.0, 'PD_1,PD_8': 0.0, 'PD_2,PD_3': 1.0, 'PD_2,PD_4': 1.0, 'PD_2,PD_8': 0.0, 'PD_3,PD_4': 1.0, 'PD_3,PD_8': 0.0, 'PD_4,PD_8': 0.0}, ASR: 1.2, TCB: {'PD_1': ['PD_3', 'PD_2', 'PD_4'], 'PD_2': ['PD_4', 'PD_1', 'PD_3'], 'PD_3': ['PD_1', 'PD_2', 'PD_4'], 'PD_4': ['PD_1', 'PD_2', 'PD_3'], 'PD_8': []}, FR: {'PD_1,PD_2': inf, 'PD_1,PD_3': inf, 'PD_1,PD_4': inf, 'PD_1,PD_8': inf, 'PD_2,PD_3': inf, 'PD_2,PD_4': inf, 'PD_2,PD_8': inf, 'PD_3,PD_4': inf, 'PD_3,PD_8': inf, 'PD_4,PD_8': inf}
  Computing metrics...
    RSI: {'PD_1,PD_2': 1.0, 'PD_1,PD_3': 1.0, 'PD_1,PD_4': 1.0, 'PD_1,PD_8': 0.0, 'PD_2,PD_3': 1.0, 'PD_2,PD_4': 1.0, 'PD_2,PD_8': 0.0, 'PD_3,PD_4': 1.0, 'PD_3,PD_8': 0.0, 'PD_4,PD_8': 0.0}, ASR: 1.4, TCB: {'PD_1': ['PD_3', 'PD_2', 'PD_4'], 'PD_2': ['PD_4', 'PD_1', 'PD_3'], 'PD_3': ['PD_1', 'PD_2', 'PD_4'], 'PD_4': ['PD_1', 'PD_2', 'PD_3'], 'PD_8': ['PD_2']}, FR: {'PD_1,PD_2': inf, 'PD_1,PD_3': inf, 'PD_1,PD_4': inf, 'PD_1,PD_8': inf, 'PD_2,PD_3': inf, 'PD_2,PD_4': inf, 'PD_2,PD_8': 3, 'PD_3,PD_4': inf, 'PD_3,PD_8': inf, 'PD_4,PD_8': inf}
  Computing metrics...
    RSI: {'PD_1,PD_2': 1.0, 'PD_1,PD_3': 1.0, 'PD_1,PD_4': 1.0, 'PD_1,PD_8': 0.0, 'PD_2,PD_3': 1.0, 'PD_2,PD_4': 1.0, 'PD_2,PD_8': 0.0, 'PD_3,PD_4': 1.0, 'PD_3,PD_8': 0.0, 'PD_4,PD_8': 0.0}, ASR: 1.2, TCB: {'PD_1': ['PD_3', 'PD_2', 'PD_4'], 'PD_2': ['PD_4', 'PD_1', 'PD_3'], 'PD_3': ['PD_1', 'PD_2', 'PD_4'], 'PD_4': ['PD_1', 'PD_2', 'PD_3'], 'PD_8': []}, FR: {'PD_1,PD_2': inf, 'PD_1,PD_3': inf, 'PD_1,PD_4': inf, 'PD_1,PD_8': inf, 'PD_2,PD_3': inf, 'PD_2,PD_4': inf, 'PD_2,PD_8': inf, 'PD_3,PD_4': inf, 'PD_3,PD_8': inf, 'PD_4,PD_8': inf}
  Computing metrics...
    RSI: {'PD_1,PD_2': 1.0, 'PD_1,PD_3': 1.0, 'PD_1,PD_4': 1.0, 'PD_1,PD_8': 0.0, 'PD_2,PD_3': 1.0, 'PD_2,PD_4': 1.0, 'PD_2,PD_8': 0.0, 'PD_3,PD_4': 1.0, 'PD_3,PD_8': 0.0, 'PD_4,PD_8': 0.0}, ASR: 1.4, TCB: {'PD_1': ['PD_3', 'PD_2', 'PD_4'], 'PD_2': ['PD_4', 'PD_1', 'PD_3'], 'PD_3': ['PD_1', 'PD_2', 'PD_4'], 'PD_4': ['PD_1', 'PD_2', 'PD_3'], 'PD_8': ['PD_3']}, FR: {'PD_1,PD_2': inf, 'PD_1,PD_3': inf, 'PD_1,PD_4': inf, 'PD_1,PD_8': 2, 'PD_2,PD_3': inf, 'PD_2,PD_4': inf, 'PD_2,PD_8': inf, 'PD_3,PD_4': inf, 'PD_3,PD_8': inf, 'PD_4,PD_8': inf}
  Computing metrics...
    RSI: {'PD_1,PD_2': 1.0, 'PD_1,PD_3': 1.0, 'PD_1,PD_4': 1.0, 'PD_1,PD_8': 0.0, 'PD_2,PD_3': 1.0, 'PD_2,PD_4': 1.0, 'PD_2,PD_8': 0.0, 'PD_3,PD_4': 1.0, 'PD_3,PD_8': 0.0, 'PD_4,PD_8': 0.0}, ASR: 1.2, TCB: {'PD_1': ['PD_3', 'PD_2', 'PD_4'], 'PD_2': ['PD_4', 'PD_1', 'PD_3'], 'PD_3': ['PD_1', 'PD_2', 'PD_4'], 'PD_4': ['PD_1', 'PD_2', 'PD_3'], 'PD_8': []}, FR: {'PD_1,PD_2': inf, 'PD_1,PD_3': inf, 'PD_1,PD_4': inf, 'PD_1,PD_8': inf, 'PD_2,PD_3': inf, 'PD_2,PD_4': inf, 'PD_2,PD_8': inf, 'PD_3,PD_4': inf, 'PD_3,PD_8': inf, 'PD_4,PD_8': inf}
  Computing metrics...
    RSI: {'PD_1,PD_2': 1.0, 'PD_1,PD_3': 1.0, 'PD_1,PD_4': 1.0, 'PD_1,PD_8': 0.0, 'PD_2,PD_3': 1.0, 'PD_2,PD_4': 1.0, 'PD_2,PD_8': 0.0, 'PD_3,PD_4': 1.0, 'PD_3,PD_8': 0.0, 'PD_4,PD_8': 0.0}, ASR: 1.4, TCB: {'PD_1': ['PD_3', 'PD_2', 'PD_4'], 'PD_2': ['PD_4', 'PD_1', 'PD_3'], 'PD_3': ['PD_1', 'PD_2', 'PD_4'], 'PD_4': ['PD_1', 'PD_2', 'PD_3'], 'PD_8': ['PD_4']}, FR: {'PD_1,PD_2': inf, 'PD_1,PD_3': inf, 'PD_1,PD_4': inf, 'PD_1,PD_8': inf, 'PD_2,PD_3': inf, 'PD_2,PD_4': inf, 'PD_2,PD_8': 2, 'PD_3,PD_4': inf, 'PD_3,PD_8': inf, 'PD_4,PD_8': inf}
  Computing metrics...
    RSI: {'PD_1,PD_2': 1.0, 'PD_1,PD_3': 1.0, 'PD_1,PD_4': 1.0, 'PD_1,PD_8': 0.0, 'PD_2,PD_3': 1.0, 'PD_2,PD_4': 1.0, 'PD_2,PD_8': 0.0, 'PD_3,PD_4': 1.0, 'PD_3,PD_8': 0.0, 'PD_4,PD_8': 0.0}, ASR: 1.2, TCB: {'PD_1': ['PD_3', 'PD_2', 'PD_4'], 'PD_2': ['PD_4', 'PD_1', 'PD_3'], 'PD_3': ['PD_1', 'PD_2', 'PD_4'], 'PD_4': ['PD_1', 'PD_2', 'PD_3'], 'PD_8': []}, FR: {'PD_1,PD_2': inf, 'PD_1,PD_3': inf, 'PD_1,PD_4': inf, 'PD_1,PD_8': inf, 'PD_2,PD_3': inf, 'PD_2,PD_4': inf, 'PD_2,PD_8': inf, 'PD_3,PD_4': inf, 'PD_3,PD_8': inf, 'PD_4,PD_8': inf}
  Computing metrics...
    RSI: {'PD_1,PD_2': 1.0, 'PD_1,PD_3': 1.0, 'PD_1,PD_4': 1.0, 'PD_1,PD_8': 0.0, 'PD_2,PD_3': 1.0, 'PD_2,PD_4': 1.0, 'PD_2,PD_8': 0.0, 'PD_3,PD_4': 1.0, 'PD_3,PD_8': 0.0, 'PD_4,PD_8': 0.0}, ASR: 1.0, TCB: {'PD_1': ['PD_2', 'PD_3', 'PD_4'], 'PD_2': ['PD_4', 'PD_1', 'PD_3'], 'PD_3': ['PD_1', 'PD_2', 'PD_4'], 'PD_4': ['PD_1', 'PD_2', 'PD_3'], 'PD_8': []}, FR: {'PD_1,PD_2': inf, 'PD_1,PD_3': inf, 'PD_1,PD_4': inf, 'PD_1,PD_8': inf, 'PD_2,PD_3': inf, 'PD_2,PD_4': inf, 'PD_2,PD_8': inf, 'PD_3,PD_4': inf, 'PD_3,PD_8': inf, 'PD_4,PD_8': inf}
  Computing metrics...
    RSI: {'PD_1,PD_2': 1.0, 'PD_1,PD_3': 1.0, 'PD_1,PD_4': 1.0, 'PD_1,PD_8': 0.0, 'PD_2,PD_3': 1.0, 'PD_2,PD_4': 1.0, 'PD_2,PD_8': 0.0, 'PD_3,PD_4': 1.0, 'PD_3,PD_8': 0.0, 'PD_4,PD_8': 0.0}, ASR: 1.2, TCB: {'PD_1': ['PD_3', 'PD_2', 'PD_4'], 'PD_2': ['PD_4', 'PD_1', 'PD_3'], 'PD_3': ['PD_1', 'PD_2', 'PD_4'], 'PD_4': ['PD_1', 'PD_2', 'PD_3'], 'PD_8': []}, FR: {'PD_1,PD_2': inf, 'PD_1,PD_3': inf, 'PD_1,PD_4': inf, 'PD_1,PD_8': inf, 'PD_2,PD_3': inf, 'PD_2,PD_4': inf, 'PD_2,PD_8': inf, 'PD_3,PD_4': inf, 'PD_3,PD_8': inf, 'PD_4,PD_8': inf}
  Computing metrics...
    RSI: {'PD_1,PD_2': 1.0, 'PD_1,PD_3': 1.0, 'PD_1,PD_4': 1.0, 'PD_1,PD_8': 0.0, 'PD_2,PD_3': 1.0, 'PD_2,PD_4': 1.0, 'PD_2,PD_8': 0.0, 'PD_3,PD_4': 1.0, 'PD_3,PD_8': 0.0, 'PD_4,PD_8': 0.0}, ASR: 1.0, TCB: {'PD_1': ['PD_3', 'PD_2', 'PD_4'], 'PD_2': ['PD_1', 'PD_3', 'PD_4'], 'PD_3': ['PD_1', 'PD_2', 'PD_4'], 'PD_4': ['PD_1', 'PD_2', 'PD_3'], 'PD_8': []}, FR: {'PD_1,PD_2': inf, 'PD_1,PD_3': inf, 'PD_1,PD_4': inf, 'PD_1,PD_8': inf, 'PD_2,PD_3': inf, 'PD_2,PD_4': inf, 'PD_2,PD_8': inf, 'PD_3,PD_4': inf, 'PD_3,PD_8': inf, 'PD_4,PD_8': inf}
  Computing metrics...
    RSI: {'PD_1,PD_2': 1.0, 'PD_1,PD_3': 1.0, 'PD_1,PD_4': 1.0, 'PD_1,PD_8': 0.0, 'PD_2,PD_3': 1.0, 'PD_2,PD_4': 1.0, 'PD_2,PD_8': 0.0, 'PD_3,PD_4': 1.0, 'PD_3,PD_8': 0.0, 'PD_4,PD_8': 0.0}, ASR: 1.2, TCB: {'PD_1': ['PD_3', 'PD_2', 'PD_4'], 'PD_2': ['PD_4', 'PD_1', 'PD_3'], 'PD_3': ['PD_1', 'PD_2', 'PD_4'], 'PD_4': ['PD_1', 'PD_2', 'PD_3'], 'PD_8': []}, FR: {'PD_1,PD_2': inf, 'PD_1,PD_3': inf, 'PD_1,PD_4': inf, 'PD_1,PD_8': inf, 'PD_2,PD_3': inf, 'PD_2,PD_4': inf, 'PD_2,PD_8': inf, 'PD_3,PD_4': inf, 'PD_3,PD_8': inf, 'PD_4,PD_8': inf}
  Computing metrics...
    RSI: {'PD_1,PD_2': 1.0, 'PD_1,PD_3': 1.0, 'PD_1,PD_4': 1.0, 'PD_1,PD_8': 0.0, 'PD_2,PD_3': 1.0, 'PD_2,PD_4': 1.0, 'PD_2,PD_8': 0.0, 'PD_3,PD_4': 1.0, 'PD_3,PD_8': 0.0, 'PD_4,PD_8': 0.0}, ASR: 1.2, TCB: {'PD_1': ['PD_3', 'PD_2', 'PD_4'], 'PD_2': ['PD_4', 'PD_1', 'PD_3'], 'PD_3': ['PD_1', 'PD_2', 'PD_4'], 'PD_4': ['PD_1', 'PD_2', 'PD_3'], 'PD_8': []}, FR: {'PD_1,PD_2': inf, 'PD_1,PD_3': inf, 'PD_1,PD_4': inf, 'PD_1,PD_8': inf, 'PD_2,PD_3': inf, 'PD_2,PD_4': inf, 'PD_2,PD_8': inf, 'PD_3,PD_4': inf, 'PD_3,PD_8': inf, 'PD_4,PD_8': inf}
  🚫 Filtered out 1 'remove_pd' candidates (avoiding repetition)
  Trying best transition: primitive
    Target: add new protection domain (warning: 5 PDs already exist)
    Predicted improvement: 0.100
    Considered 32 other option(s):
      1. primitive: create new CONFIG file in FILE_SPACE_1 (improvement: 0.100)
      2. primitive: create new DATABASE file in FILE_SPACE_1 (improvement: 0.100)
      3. primitive: create new TEMP file in FILE_SPACE_1 (improvement: 0.100)
      4. primitive: create new LOG file in FILE_SPACE_1 (improvement: 0.100)
      5. primitive: remove FILE_1_1 (holders: 4) (improvement: 0.100)
      6. primitive: create new FILE resource space (improvement: 0.100)
      7. primitive: connect PD_8 to FILE_1_1 (improvement: 0.100)
      8. primitive: remove PD_3 -> FILE_1_1 HOLD edge (improvement: 0.100)
      9. primitive: remove PD_4 -> FILE_1_1 HOLD edge (improvement: 0.100)
      10. primitive: create PD_1 -> PD_2 REQUEST (improvement: 0.100)
      ... and 22 more
    ✅ Applied add_pd
  Computing metrics...
    RSI: {'PD_1,PD_2': 1.0, 'PD_1,PD_3': 1.0, 'PD_1,PD_4': 1.0, 'PD_1,PD_8': 0.0, 'PD_1,PD_9': 0.0, 'PD_2,PD_3': 1.0, 'PD_2,PD_4': 1.0, 'PD_2,PD_8': 0.0, 'PD_2,PD_9': 0.0, 'PD_3,PD_4': 1.0, 'PD_3,PD_8': 0.0, 'PD_3,PD_9': 0.0, 'PD_4,PD_8': 0.0, 'PD_4,PD_9': 0.0, 'PD_8,PD_9': 0.0}, ASR: 1.0, TCB: {'PD_1': ['PD_3', 'PD_2', 'PD_4'], 'PD_2': ['PD_4', 'PD_1', 'PD_3'], 'PD_3': ['PD_1', 'PD_2', 'PD_4'], 'PD_4': ['PD_1', 'PD_2', 'PD_3'], 'PD_8': [], 'PD_9': []}, FR: {'PD_1,PD_2': inf, 'PD_1,PD_3': inf, 'PD_1,PD_4': inf, 'PD_1,PD_8': inf, 'PD_1,PD_9': inf, 'PD_2,PD_3': inf, 'PD_2,PD_4': inf, 'PD_2,PD_8': inf, 'PD_2,PD_9': inf, 'PD_3,PD_4': inf, 'PD_3,PD_8': inf, 'PD_3,PD_9': inf, 'PD_4,PD_8': inf, 'PD_4,PD_9': inf, 'PD_8,PD_9': inf}
    All 1 goals met!
    All 1 goal(s) met!
  ✅ Mechanism saved! Total mechanisms found: 10

📊 Graph after iteration 10:
        # Graph structure:
        # PD_1 --REQUEST--> PD_3
        # PD_1 --HOLD--> FILE_1_1 -> FILE_SPACE_1
        # PD_2 --REQUEST--> PD_4
        # PD_2 --HOLD--> FILE_1_1 -> FILE_SPACE_1
        # PD_3 --HOLD--> FILE_1_1 -> FILE_SPACE_1
        # PD_4 --HOLD--> FILE_1_1 -> FILE_SPACE_1
        # PD_8
        # PD_9
        #
        # FILE_1_1 shared by: PD_1, PD_2, PD_3, PD_4


Exploration complete!

🏁 Final graph:
        # Graph structure:
        # PD_1 --REQUEST--> PD_3
        # PD_1 --HOLD--> FILE_1_1 -> FILE_SPACE_1
        # PD_2 --REQUEST--> PD_4
        # PD_2 --HOLD--> FILE_1_1 -> FILE_SPACE_1
        # PD_3 --HOLD--> FILE_1_1 -> FILE_SPACE_1
        # PD_4 --HOLD--> FILE_1_1 -> FILE_SPACE_1
        # PD_8
        # PD_9
        #
        # FILE_1_1 shared by: PD_1, PD_2, PD_3, PD_4


============================================================
📊 EXPLORATION DECISION SUMMARY
============================================================
Total iterations completed: 10
Total transformation candidates considered: 356
Total transformation candidates discarded: 337
Mechanisms discovered: 10
Success rate: 100.0%

🔧 Transformation Types:
   Tried: primitive
   Available but never selected: None

📋 Per-Iteration Decision Breakdown:

  Iteration 1:
    ✅ SUCCESS Selected: primitive
      Target: connect PD_1 to FILE_1_1
      Predicted improvement: 15.100
      Result: 🔄 CONTINUING
    🗂️  Discarded 23 alternatives:
      1. primitive: connect PD_2 to FILE_1_1 (improvement: 15.100)
      2. primitive: add new protection domain (improvement: 0.100)
      3. primitive: create new CONFIG file in FILE_SPACE_1 (improvement: 0.100)
      4. primitive: create new DATABASE file in FILE_SPACE_1 (improvement: 0.100)
      5. primitive: create new TEMP file in FILE_SPACE_1 (improvement: 0.100)
      ... and 18 more

  Iteration 2:
    ✅ SUCCESS Selected: primitive
      Target: add new protection domain
      Predicted improvement: 0.100
      Result: 🔄 CONTINUING
    🗂️  Discarded 22 alternatives:
      1. primitive: create new CONFIG file in FILE_SPACE_1 (improvement: 0.100)
      2. primitive: create new DATABASE file in FILE_SPACE_1 (improvement: 0.100)
      3. primitive: create new TEMP file in FILE_SPACE_1 (improvement: 0.100)
      4. primitive: create new LOG file in FILE_SPACE_1 (improvement: 0.100)
      5. primitive: remove FILE_1_1 (holders: 3) (improvement: 0.100)
      ... and 17 more

  Iteration 3:
    ✅ SUCCESS Selected: primitive
      Target: connect PD_2 to FILE_1_1 (RSI goal achievement)
      Predicted improvement: 65.100
      Result: 🎯 GOALS MET
    🗂️  Discarded 32 alternatives:
      1. primitive: remove empty PD_5 (improvement: 0.100)
      2. primitive: create new CONFIG file in FILE_SPACE_1 (improvement: 0.100)
      3. primitive: create new DATABASE file in FILE_SPACE_1 (improvement: 0.100)
      4. primitive: create new TEMP file in FILE_SPACE_1 (improvement: 0.100)
      5. primitive: create new LOG file in FILE_SPACE_1 (improvement: 0.100)
      ... and 27 more

  Iteration 4:
    ✅ SUCCESS Selected: primitive
      Target: add new protection domain (warning: 5 PDs already exist)
      Predicted improvement: 0.100
      Result: 🎯 GOALS MET
    🗂️  Discarded 32 alternatives:
      1. primitive: remove empty PD_5 (improvement: 0.100)
      2. primitive: create new CONFIG file in FILE_SPACE_1 (improvement: 0.100)
      3. primitive: create new DATABASE file in FILE_SPACE_1 (improvement: 0.100)
      4. primitive: create new TEMP file in FILE_SPACE_1 (improvement: 0.100)
      5. primitive: create new LOG file in FILE_SPACE_1 (improvement: 0.100)
      ... and 27 more

  Iteration 5:
    ✅ SUCCESS Selected: primitive
      Target: remove empty PD_5
      Predicted improvement: 0.100
      Result: 🎯 GOALS MET
    🗂️  Discarded 44 alternatives:
      1. primitive: remove empty PD_6 (improvement: 0.100)
      2. primitive: create new CONFIG file in FILE_SPACE_1 (improvement: 0.100)
      3. primitive: create new DATABASE file in FILE_SPACE_1 (improvement: 0.100)
      4. primitive: create new TEMP file in FILE_SPACE_1 (improvement: 0.100)
      5. primitive: create new LOG file in FILE_SPACE_1 (improvement: 0.100)
      ... and 39 more

  Iteration 6:
    ✅ SUCCESS Selected: primitive
      Target: add new protection domain (warning: 5 PDs already exist)
      Predicted improvement: 0.100
      Result: 🎯 GOALS MET
    🗂️  Discarded 32 alternatives:
      1. primitive: create new CONFIG file in FILE_SPACE_1 (improvement: 0.100)
      2. primitive: create new DATABASE file in FILE_SPACE_1 (improvement: 0.100)
      3. primitive: create new TEMP file in FILE_SPACE_1 (improvement: 0.100)
      4. primitive: create new LOG file in FILE_SPACE_1 (improvement: 0.100)
      5. primitive: remove FILE_1_1 (holders: 4) (improvement: 0.100)
      ... and 27 more

  Iteration 7:
    ✅ SUCCESS Selected: primitive
      Target: remove empty PD_6
      Predicted improvement: 0.100
      Result: 🎯 GOALS MET
    🗂️  Discarded 44 alternatives:
      1. primitive: remove empty PD_7 (improvement: 0.100)
      2. primitive: create new CONFIG file in FILE_SPACE_1 (improvement: 0.100)
      3. primitive: create new DATABASE file in FILE_SPACE_1 (improvement: 0.100)
      4. primitive: create new TEMP file in FILE_SPACE_1 (improvement: 0.100)
      5. primitive: create new LOG file in FILE_SPACE_1 (improvement: 0.100)
      ... and 39 more

  Iteration 8:
    ✅ SUCCESS Selected: primitive
      Target: add new protection domain (warning: 5 PDs already exist)
      Predicted improvement: 0.100
      Result: 🎯 GOALS MET
    🗂️  Discarded 32 alternatives:
      1. primitive: create new CONFIG file in FILE_SPACE_1 (improvement: 0.100)
      2. primitive: create new DATABASE file in FILE_SPACE_1 (improvement: 0.100)
      3. primitive: create new TEMP file in FILE_SPACE_1 (improvement: 0.100)
      4. primitive: create new LOG file in FILE_SPACE_1 (improvement: 0.100)
      5. primitive: remove FILE_1_1 (holders: 4) (improvement: 0.100)
      ... and 27 more

  Iteration 9:
    ✅ SUCCESS Selected: primitive
      Target: remove empty PD_7
      Predicted improvement: 0.100
      Result: 🎯 GOALS MET
    🗂️  Discarded 44 alternatives:
      1. primitive: remove empty PD_8 (improvement: 0.100)
      2. primitive: create new CONFIG file in FILE_SPACE_1 (improvement: 0.100)
      3. primitive: create new DATABASE file in FILE_SPACE_1 (improvement: 0.100)
      4. primitive: create new TEMP file in FILE_SPACE_1 (improvement: 0.100)
      5. primitive: create new LOG file in FILE_SPACE_1 (improvement: 0.100)
      ... and 39 more

  Iteration 10:
    ✅ SUCCESS Selected: primitive
      Target: add new protection domain (warning: 5 PDs already exist)
      Predicted improvement: 0.100
      Result: 🎯 GOALS MET
    🗂️  Discarded 32 alternatives:
      1. primitive: create new CONFIG file in FILE_SPACE_1 (improvement: 0.100)
      2. primitive: create new DATABASE file in FILE_SPACE_1 (improvement: 0.100)
      3. primitive: create new TEMP file in FILE_SPACE_1 (improvement: 0.100)
      4. primitive: create new LOG file in FILE_SPACE_1 (improvement: 0.100)
      5. primitive: remove FILE_1_1 (holders: 4) (improvement: 0.100)
      ... and 27 more

🔍 Decision Pattern Analysis:
   Most frequently selected:
     - primitive: 10 time(s)
   Average predicted improvement:
     - All candidates: 0.353
     - Selected candidates: 8.100
     - Discarded candidates: -0.063

============================================================

✅ Scenario 'Reduce Isolation' complete!
   Mechanisms discovered: 10

✅ Exploration complete!
