NODE_TYPE,NODE_ID,DATA,EDGE_TYPE,EDGE_FROM,EDGE_TO,EXTRA
PD,PD_100001,Kernel,,,,
RESOURCE_SPACE,MO_SPACE_100001,MO,,,,
RESOURCE,MO_100001_1,MO,,,,"{""pa"": ""0x40f8a000"", ""num_pages"": 1, ""page_size"": 4096}"
RESOURCE,MO_100001_2,MO,,,,"{""pa"": ""0x42300000"", ""num_pages"": 1, ""page_size"": 4096}"
RESOURCE,MO_100001_3,MO,,,,"{""pa"": ""0x42301000"", ""num_pages"": 1, ""page_size"": 4096}"
RESOURCE,MO_100001_4,MO,,,,"{""pa"": ""0x42302000"", ""num_pages"": 1, ""page_size"": 4096}"
RESOURCE,MO_100001_5,MO,,,,"{""pa"": ""0x42303000"", ""num_pages"": 1, ""page_size"": 4096}"
RESOURCE,MO_100001_6,MO,,,,"{""pa"": ""0x42304000"", ""num_pages"": 1, ""page_size"": 4096}"
RESOURCE,MO_100001_7,MO,,,,"{""pa"": ""0x42305000"", ""num_pages"": 1, ""page_size"": 4096}"
RESOURCE,MO_100001_8,MO,,,,"{""pa"": ""0x42306000"", ""num_pages"": 1, ""page_size"": 4096}"
RESOURCE,MO_100001_9,MO,,,,"{""pa"": ""0x42307000"", ""num_pages"": 1, ""page_size"": 4096}"
RESOURCE,MO_100001_10,MO,,,,"{""pa"": ""0x42308000"", ""num_pages"": 1, ""page_size"": 4096}"
RESOURCE,MO_100001_11,MO,,,,"{""pa"": ""0x42309000"", ""num_pages"": 1, ""page_size"": 4096}"
RESOURCE,MO_100001_12,MO,,,,"{""pa"": ""0x4230a000"", ""num_pages"": 1, ""page_size"": 4096}"
RESOURCE,MO_100001_13,MO,,,,"{""pa"": ""0x4230b000"", ""num_pages"": 1, ""page_size"": 4096}"
RESOURCE,MO_100001_14,MO,,,,"{""pa"": ""0x4230c000"", ""num_pages"": 1, ""page_size"": 4096}"
RESOURCE,MO_100001_15,MO,,,,"{""pa"": ""0x4230d000"", ""num_pages"": 1, ""page_size"": 4096}"
RESOURCE,MO_100001_16,MO,,,,"{""pa"": ""0x4230e000"", ""num_pages"": 1, ""page_size"": 4096}"
RESOURCE,MO_100001_17,MO,,,,"{""pa"": ""0x4230f000"", ""num_pages"": 1, ""page_size"": 4096}"
RESOURCE,MO_100001_18,MO,,,,"{""pa"": ""0x42310000"", ""num_pages"": 1, ""page_size"": 4096}"
RESOURCE,MO_100001_19,MO,,,,"{""pa"": ""0x42311000"", ""num_pages"": 1, ""page_size"": 4096}"
RESOURCE,MO_100001_20,MO,,,,"{""pa"": ""0x42312000"", ""num_pages"": 1, ""page_size"": 4096}"
RESOURCE,MO_100001_21,MO,,,,"{""pa"": ""0x42313000"", ""num_pages"": 1, ""page_size"": 4096}"
RESOURCE,MO_100001_22,MO,,,,"{""pa"": ""0x42314000"", ""num_pages"": 1, ""page_size"": 4096}"
RESOURCE,MO_100001_23,MO,,,,"{""pa"": ""0x42315000"", ""num_pages"": 1, ""page_size"": 4096}"
RESOURCE,MO_100001_24,MO,,,,"{""pa"": ""0x42316000"", ""num_pages"": 1, ""page_size"": 4096}"
RESOURCE,MO_100001_25,MO,,,,"{""pa"": ""0x42317000"", ""num_pages"": 1, ""page_size"": 4096}"
RESOURCE,MO_100001_26,MO,,,,"{""pa"": ""0x42318000"", ""num_pages"": 1, ""page_size"": 4096}"
RESOURCE,MO_100001_27,MO,,,,"{""pa"": ""0x42319000"", ""num_pages"": 1, ""page_size"": 4096}"
RESOURCE,MO_100001_28,MO,,,,"{""pa"": ""0x4231a000"", ""num_pages"": 1, ""page_size"": 4096}"
RESOURCE,MO_100001_29,MO,,,,"{""pa"": ""0x4231b000"", ""num_pages"": 1, ""page_size"": 4096}"
RESOURCE,MO_100001_30,MO,,,,"{""pa"": ""0x4231c000"", ""num_pages"": 1, ""page_size"": 4096}"
RESOURCE,MO_100001_31,MO,,,,"{""pa"": ""0x4231d000"", ""num_pages"": 1, ""page_size"": 4096}"
RESOURCE,MO_100001_32,MO,,,,"{""pa"": ""0x4231e000"", ""num_pages"": 1, ""page_size"": 4096}"
RESOURCE,MO_100001_33,MO,,,,"{""pa"": ""0x4231f000"", ""num_pages"": 1, ""page_size"": 4096}"
RESOURCE,MO_100001_34,MO,,,,"{""pa"": ""0x42320000"", ""num_pages"": 1, ""page_size"": 4096}"
RESOURCE,MO_100001_35,MO,,,,"{""pa"": ""0x42321000"", ""num_pages"": 1, ""page_size"": 4096}"
RESOURCE,MO_100001_36,MO,,,,"{""pa"": ""0x42322000"", ""num_pages"": 1, ""page_size"": 4096}"
RESOURCE,MO_100001_37,MO,,,,"{""pa"": ""0x42323000"", ""num_pages"": 1, ""page_size"": 4096}"
RESOURCE,MO_100001_38,MO,,,,"{""pa"": ""0x42324000"", ""num_pages"": 1, ""page_size"": 4096}"
RESOURCE,MO_100001_39,MO,,,,"{""pa"": ""0x42325000"", ""num_pages"": 1, ""page_size"": 4096}"
RESOURCE,MO_100001_40,MO,,,,"{""pa"": ""0x42326000"", ""num_pages"": 1, ""page_size"": 4096}"
RESOURCE,MO_100001_41,MO,,,,"{""pa"": ""0x42337000"", ""num_pages"": 1, ""page_size"": 4096}"
RESOURCE,MO_100001_42,MO,,,,"{""pa"": ""0x42338000"", ""num_pages"": 1, ""page_size"": 4096}"
RESOURCE,MO_100001_43,MO,,,,"{""pa"": ""0x42339000"", ""num_pages"": 1, ""page_size"": 4096}"
RESOURCE,MO_100001_44,MO,,,,"{""pa"": ""0x4233a000"", ""num_pages"": 1, ""page_size"": 4096}"
RESOURCE,MO_100001_45,MO,,,,"{""pa"": ""0x4233b000"", ""num_pages"": 1, ""page_size"": 4096}"
RESOURCE,MO_100001_46,MO,,,,"{""pa"": ""0x4233c000"", ""num_pages"": 1, ""page_size"": 4096}"
RESOURCE,MO_100001_47,MO,,,,"{""pa"": ""0x4233d000"", ""num_pages"": 1, ""page_size"": 4096}"
RESOURCE,MO_100001_48,MO,,,,"{""pa"": ""0x4233e000"", ""num_pages"": 1, ""page_size"": 4096}"
RESOURCE,MO_100001_49,MO,,,,"{""pa"": ""0x4233f000"", ""num_pages"": 1, ""page_size"": 4096}"
RESOURCE,MO_100001_50,MO,,,,"{""pa"": ""0x42340000"", ""num_pages"": 1, ""page_size"": 4096}"
RESOURCE,MO_100001_51,MO,,,,"{""pa"": ""0x42341000"", ""num_pages"": 1, ""page_size"": 4096}"
RESOURCE,MO_100001_52,MO,,,,"{""pa"": ""0x42342000"", ""num_pages"": 1, ""page_size"": 4096}"
RESOURCE,MO_100001_53,MO,,,,"{""pa"": ""0x42343000"", ""num_pages"": 1, ""page_size"": 4096}"
RESOURCE,MO_100001_54,MO,,,,"{""pa"": ""0x42344000"", ""num_pages"": 1, ""page_size"": 4096}"
RESOURCE,MO_100001_55,MO,,,,"{""pa"": ""0x42345000"", ""num_pages"": 1, ""page_size"": 4096}"
RESOURCE,MO_100001_56,MO,,,,"{""pa"": ""0x42346000"", ""num_pages"": 1, ""page_size"": 4096}"
RESOURCE,MO_100001_57,MO,,,,"{""pa"": ""0x42377000"", ""num_pages"": 1, ""page_size"": 4096}"
RESOURCE,MO_100001_58,MO,,,,"{""pa"": ""0x42378000"", ""num_pages"": 1, ""page_size"": 4096}"
RESOURCE,MO_100001_59,MO,,,,"{""pa"": ""0x42379000"", ""num_pages"": 1, ""page_size"": 4096}"
RESOURCE,MO_100001_60,MO,,,,"{""pa"": ""0x4237a000"", ""num_pages"": 1, ""page_size"": 4096}"
RESOURCE,MO_100001_61,MO,,,,"{""pa"": ""0x4237b000"", ""num_pages"": 1, ""page_size"": 4096}"
RESOURCE,MO_100001_62,MO,,,,"{""pa"": ""0x4237c000"", ""num_pages"": 1, ""page_size"": 4096}"
RESOURCE,MO_100001_63,MO,,,,"{""pa"": ""0x4237d000"", ""num_pages"": 1, ""page_size"": 4096}"
RESOURCE,MO_100001_64,MO,,,,"{""pa"": ""0x4237e000"", ""num_pages"": 1, ""page_size"": 4096}"
RESOURCE,MO_100001_65,MO,,,,"{""pa"": ""0x4237f000"", ""num_pages"": 1, ""page_size"": 4096}"
RESOURCE,MO_100001_66,MO,,,,"{""pa"": ""0x42380000"", ""num_pages"": 1, ""page_size"": 4096}"
RESOURCE,MO_100001_67,MO,,,,"{""pa"": ""0x42381000"", ""num_pages"": 1, ""page_size"": 4096}"
RESOURCE,MO_100001_68,MO,,,,"{""pa"": ""0x42382000"", ""num_pages"": 1, ""page_size"": 4096}"
RESOURCE,MO_100001_69,MO,,,,"{""pa"": ""0x42383000"", ""num_pages"": 1, ""page_size"": 4096}"
RESOURCE,MO_100001_70,MO,,,,"{""pa"": ""0x42384000"", ""num_pages"": 1, ""page_size"": 4096}"
RESOURCE,MO_100001_71,MO,,,,"{""pa"": ""0x42385000"", ""num_pages"": 1, ""page_size"": 4096}"
RESOURCE,MO_100001_72,MO,,,,"{""pa"": ""0x42386000"", ""num_pages"": 1, ""page_size"": 4096}"
RESOURCE,MO_100001_73,MO,,,,"{""pa"": ""0x42397000"", ""num_pages"": 1, ""page_size"": 4096}"
RESOURCE,MO_100001_74,MO,,,,"{""pa"": ""0x42398000"", ""num_pages"": 1, ""page_size"": 4096}"
RESOURCE,MO_100001_75,MO,,,,"{""pa"": ""0x42399000"", ""num_pages"": 1, ""page_size"": 4096}"
RESOURCE,MO_100001_76,MO,,,,"{""pa"": ""0x4239a000"", ""num_pages"": 1, ""page_size"": 4096}"
RESOURCE,MO_100001_77,MO,,,,"{""pa"": ""0x4239b000"", ""num_pages"": 1, ""page_size"": 4096}"
RESOURCE,MO_100001_78,MO,,,,"{""pa"": ""0x4239c000"", ""num_pages"": 1, ""page_size"": 4096}"
RESOURCE,MO_100001_79,MO,,,,"{""pa"": ""0x4239d000"", ""num_pages"": 1, ""page_size"": 4096}"
RESOURCE,MO_100001_80,MO,,,,"{""pa"": ""0x4239e000"", ""num_pages"": 1, ""page_size"": 4096}"
RESOURCE,MO_100001_81,MO,,,,"{""pa"": ""0x4239f000"", ""num_pages"": 1, ""page_size"": 4096}"
RESOURCE,MO_100001_82,MO,,,,"{""pa"": ""0x423a0000"", ""num_pages"": 1, ""page_size"": 4096}"
RESOURCE,MO_100001_83,MO,,,,"{""pa"": ""0x423a1000"", ""num_pages"": 1, ""page_size"": 4096}"
RESOURCE,MO_100001_84,MO,,,,"{""pa"": ""0x423a2000"", ""num_pages"": 1, ""page_size"": 4096}"
RESOURCE,MO_100001_85,MO,,,,"{""pa"": ""0x423a3000"", ""num_pages"": 1, ""page_size"": 4096}"
RESOURCE,MO_100001_86,MO,,,,"{""pa"": ""0x423a4000"", ""num_pages"": 1, ""page_size"": 4096}"
RESOURCE,MO_100001_87,MO,,,,"{""pa"": ""0x423a5000"", ""num_pages"": 1, ""page_size"": 4096}"
RESOURCE,MO_100001_88,MO,,,,"{""pa"": ""0x423a6000"", ""num_pages"": 1, ""page_size"": 4096}"
RESOURCE,MO_100001_89,MO,,,,"{""pa"": ""0x4d04a000"", ""num_pages"": 1, ""page_size"": 4096}"
RESOURCE,MO_100001_90,MO,,,,"{""pa"": ""0x4d04b000"", ""num_pages"": 1, ""page_size"": 4096}"
RESOURCE,MO_100001_91,MO,,,,"{""pa"": ""0x4d04c000"", ""num_pages"": 1, ""page_size"": 4096}"
RESOURCE,MO_100001_92,MO,,,,"{""pa"": ""0x4d04d000"", ""num_pages"": 1, ""page_size"": 4096}"
RESOURCE,MO_100001_93,MO,,,,"{""pa"": ""0x4d04e000"", ""num_pages"": 1, ""page_size"": 4096}"
RESOURCE,MO_100001_94,MO,,,,"{""pa"": ""0x4d04f000"", ""num_pages"": 1, ""page_size"": 4096}"
RESOURCE,MO_100001_95,MO,,,,"{""pa"": ""0x4d050000"", ""num_pages"": 1, ""page_size"": 4096}"
RESOURCE,MO_100001_96,MO,,,,"{""pa"": ""0x4d051000"", ""num_pages"": 1, ""page_size"": 4096}"
RESOURCE,MO_100001_97,MO,,,,"{""pa"": ""0x4d052000"", ""num_pages"": 1, ""page_size"": 4096}"
RESOURCE,MO_100001_98,MO,,,,"{""pa"": ""0x4d053000"", ""num_pages"": 1, ""page_size"": 4096}"
RESOURCE,MO_100001_99,MO,,,,"{""pa"": ""0x4d054000"", ""num_pages"": 1, ""page_size"": 4096}"
RESOURCE,MO_100001_100,MO,,,,"{""pa"": ""0x4d055000"", ""num_pages"": 1, ""page_size"": 4096}"
RESOURCE,MO_100001_101,MO,,,,"{""pa"": ""0x4d056000"", ""num_pages"": 1, ""page_size"": 4096}"
RESOURCE,MO_100001_102,MO,,,,"{""pa"": ""0x4d057000"", ""num_pages"": 1, ""page_size"": 4096}"
RESOURCE,MO_100001_103,MO,,,,"{""pa"": ""0x4d058000"", ""num_pages"": 1, ""page_size"": 4096}"
RESOURCE,MO_100001_104,MO,,,,"{""pa"": ""0x4d059000"", ""num_pages"": 1, ""page_size"": 4096}"
RESOURCE,MO_100001_105,MO,,,,"{""pa"": ""0x4d05a000"", ""num_pages"": 1, ""page_size"": 4096}"
RESOURCE,MO_100001_106,MO,,,,"{""pa"": ""0x4d05b000"", ""num_pages"": 1, ""page_size"": 4096}"
RESOURCE,MO_100001_107,MO,,,,"{""pa"": ""0x4d05c000"", ""num_pages"": 1, ""page_size"": 4096}"
RESOURCE,MO_100001_108,MO,,,,"{""pa"": ""0x4d05d000"", ""num_pages"": 1, ""page_size"": 4096}"
RESOURCE,MO_100001_109,MO,,,,"{""pa"": ""0x4d05e000"", ""num_pages"": 1, ""page_size"": 4096}"
RESOURCE,MO_100001_110,MO,,,,"{""pa"": ""0x4d05f000"", ""num_pages"": 1, ""page_size"": 4096}"
RESOURCE,MO_100001_111,MO,,,,"{""pa"": ""0x4d060000"", ""num_pages"": 1, ""page_size"": 4096}"
RESOURCE,MO_100001_112,MO,,,,"{""pa"": ""0x4d061000"", ""num_pages"": 1, ""page_size"": 4096}"
RESOURCE,MO_100001_113,MO,,,,"{""pa"": ""0x4d062000"", ""num_pages"": 1, ""page_size"": 4096}"
RESOURCE,MO_100001_114,MO,,,,"{""pa"": ""0x4d063000"", ""num_pages"": 1, ""page_size"": 4096}"
RESOURCE,MO_100001_115,MO,,,,"{""pa"": ""0x4d064000"", ""num_pages"": 1, ""page_size"": 4096}"
RESOURCE,MO_100001_116,MO,,,,"{""pa"": ""0x4d065000"", ""num_pages"": 1, ""page_size"": 4096}"
RESOURCE,MO_100001_117,MO,,,,"{""pa"": ""0x4d066000"", ""num_pages"": 1, ""page_size"": 4096}"
RESOURCE,MO_100001_118,MO,,,,"{""pa"": ""0x4d067000"", ""num_pages"": 1, ""page_size"": 4096}"
RESOURCE,MO_100001_119,MO,,,,"{""pa"": ""0x4d068000"", ""num_pages"": 1, ""page_size"": 4096}"
RESOURCE,MO_100001_120,MO,,,,"{""pa"": ""0x4d069000"", ""num_pages"": 1, ""page_size"": 4096}"
RESOURCE,MO_100001_121,MO,,,,"{""pa"": ""0x4d06a000"", ""num_pages"": 1, ""page_size"": 4096}"
RESOURCE,MO_100001_122,MO,,,,"{""pa"": ""0x4d06b000"", ""num_pages"": 1, ""page_size"": 4096}"
RESOURCE,MO_100001_123,MO,,,,"{""pa"": ""0x4d06c000"", ""num_pages"": 1, ""page_size"": 4096}"
RESOURCE,MO_100001_124,MO,,,,"{""pa"": ""0x4d06d000"", ""num_pages"": 1, ""page_size"": 4096}"
RESOURCE,MO_100001_125,MO,,,,"{""pa"": ""0x4d06e000"", ""num_pages"": 1, ""page_size"": 4096}"
RESOURCE,MO_100001_126,MO,,,,"{""pa"": ""0x4d084000"", ""num_pages"": 1, ""page_size"": 4096}"
RESOURCE,MO_100001_127,MO,,,,"{""pa"": ""0x4d085000"", ""num_pages"": 1, ""page_size"": 4096}"
RESOURCE,MO_100001_128,MO,,,,"{""pa"": ""0x4d086000"", ""num_pages"": 1, ""page_size"": 4096}"
RESOURCE,MO_100001_129,MO,,,,"{""pa"": ""0x4d087000"", ""num_pages"": 1, ""page_size"": 4096}"
RESOURCE,MO_100001_130,MO,,,,"{""pa"": ""0x4d088000"", ""num_pages"": 1, ""page_size"": 4096}"
RESOURCE,MO_100001_131,MO,,,,"{""pa"": ""0x4d089000"", ""num_pages"": 1, ""page_size"": 4096}"
RESOURCE,MO_100001_132,MO,,,,"{""pa"": ""0x4d08a000"", ""num_pages"": 1, ""page_size"": 4096}"
RESOURCE,MO_100001_133,MO,,,,"{""pa"": ""0x4d08b000"", ""num_pages"": 1, ""page_size"": 4096}"
RESOURCE,MO_100001_134,MO,,,,"{""pa"": ""0x4d08c000"", ""num_pages"": 1, ""page_size"": 4096}"
RESOURCE,MO_100001_135,MO,,,,"{""pa"": ""0x4d08d000"", ""num_pages"": 1, ""page_size"": 4096}"
RESOURCE,MO_100001_136,MO,,,,"{""pa"": ""0x4d08e000"", ""num_pages"": 1, ""page_size"": 4096}"
RESOURCE,MO_100001_137,MO,,,,"{""pa"": ""0x4d08f000"", ""num_pages"": 1, ""page_size"": 4096}"
RESOURCE,MO_100001_138,MO,,,,"{""pa"": ""0x4d090000"", ""num_pages"": 1, ""page_size"": 4096}"
RESOURCE,MO_100001_139,MO,,,,"{""pa"": ""0x4d091000"", ""num_pages"": 1, ""page_size"": 4096}"
RESOURCE,MO_100001_140,MO,,,,"{""pa"": ""0x4d092000"", ""num_pages"": 1, ""page_size"": 4096}"
RESOURCE,MO_100001_141,MO,,,,"{""pa"": ""0x4d093000"", ""num_pages"": 1, ""page_size"": 4096}"
RESOURCE,MO_100001_142,MO,,,,"{""pa"": ""0x4d094000"", ""num_pages"": 1, ""page_size"": 4096}"
RESOURCE,MO_100001_143,MO,,,,"{""pa"": ""0x4d095000"", ""num_pages"": 1, ""page_size"": 4096}"
RESOURCE,MO_100001_144,MO,,,,"{""pa"": ""0x4d096000"", ""num_pages"": 1, ""page_size"": 4096}"
RESOURCE,MO_100001_145,MO,,,,"{""pa"": ""0x4d097000"", ""num_pages"": 1, ""page_size"": 4096}"
RESOURCE,MO_100001_146,MO,,,,"{""pa"": ""0x4d098000"", ""num_pages"": 1, ""page_size"": 4096}"
RESOURCE,MO_100001_147,MO,,,,"{""pa"": ""0x4d099000"", ""num_pages"": 1, ""page_size"": 4096}"
RESOURCE,MO_100001_148,MO,,,,"{""pa"": ""0x4d09a000"", ""num_pages"": 1, ""page_size"": 4096}"
RESOURCE,MO_100001_149,MO,,,,"{""pa"": ""0x4d09b000"", ""num_pages"": 1, ""page_size"": 4096}"
RESOURCE,MO_100001_150,MO,,,,"{""pa"": ""0x4d09c000"", ""num_pages"": 1, ""page_size"": 4096}"
RESOURCE,MO_100001_151,MO,,,,"{""pa"": ""0x4d09d000"", ""num_pages"": 1, ""page_size"": 4096}"
RESOURCE,MO_100001_152,MO,,,,"{""pa"": ""0x4d09e000"", ""num_pages"": 1, ""page_size"": 4096}"
RESOURCE,MO_100001_153,MO,,,,"{""pa"": ""0x4d09f000"", ""num_pages"": 1, ""page_size"": 4096}"
RESOURCE,MO_100001_154,MO,,,,"{""pa"": ""0x4d0a0000"", ""num_pages"": 1, ""page_size"": 4096}"
RESOURCE,MO_100001_155,MO,,,,"{""pa"": ""0x4d0a1000"", ""num_pages"": 1, ""page_size"": 4096}"
RESOURCE,MO_100001_156,MO,,,,"{""pa"": ""0x4d0a2000"", ""num_pages"": 1, ""page_size"": 4096}"
RESOURCE,MO_100001_157,MO,,,,"{""pa"": ""0x4d0a3000"", ""num_pages"": 1, ""page_size"": 4096}"
RESOURCE,MO_100001_158,MO,,,,"{""pa"": ""0x4d0a4000"", ""num_pages"": 1, ""page_size"": 4096}"
RESOURCE,MO_100001_159,MO,,,,"{""pa"": ""0x4d0a5000"", ""num_pages"": 1, ""page_size"": 4096}"
RESOURCE,MO_100001_160,MO,,,,"{""pa"": ""0x4d0a6000"", ""num_pages"": 1, ""page_size"": 4096}"
RESOURCE,MO_100001_161,MO,,,,"{""pa"": ""0x4d0a7000"", ""num_pages"": 1, ""page_size"": 4096}"
RESOURCE,MO_100001_162,MO,,,,"{""pa"": ""0x4d0a8000"", ""num_pages"": 1, ""page_size"": 4096}"
RESOURCE,MO_100001_163,MO,,,,"{""pa"": ""0x4d0a9000"", ""num_pages"": 1, ""page_size"": 4096}"
RESOURCE,MO_100001_164,MO,,,,"{""pa"": ""0x4d0aa000"", ""num_pages"": 1, ""page_size"": 4096}"
RESOURCE,MO_100001_165,MO,,,,"{""pa"": ""0x4d0ab000"", ""num_pages"": 1, ""page_size"": 4096}"
RESOURCE,MO_100001_166,MO,,,,"{""pa"": ""0x4d0ac000"", ""num_pages"": 1, ""page_size"": 4096}"
RESOURCE,MO_100001_167,MO,,,,"{""pa"": ""0x4d0ad000"", ""num_pages"": 1, ""page_size"": 4096}"
RESOURCE,MO_100001_168,MO,,,,"{""pa"": ""0x4d0ae000"", ""num_pages"": 1, ""page_size"": 4096}"
RESOURCE,MO_100001_169,MO,,,,"{""pa"": ""0x4d0af000"", ""num_pages"": 1, ""page_size"": 4096}"
RESOURCE,MO_100001_170,MO,,,,"{""pa"": ""0x4d0b0000"", ""num_pages"": 1, ""page_size"": 4096}"
RESOURCE,MO_100001_171,MO,,,,"{""pa"": ""0x4d0b1000"", ""num_pages"": 1, ""page_size"": 4096}"
RESOURCE,MO_100001_172,MO,,,,"{""pa"": ""0x4d0b2000"", ""num_pages"": 1, ""page_size"": 4096}"
RESOURCE,MO_100001_173,MO,,,,"{""pa"": ""0x4d0b3000"", ""num_pages"": 1, ""page_size"": 4096}"
RESOURCE,MO_100001_174,MO,,,,"{""pa"": ""0x4d0b4000"", ""num_pages"": 1, ""page_size"": 4096}"
RESOURCE,MO_100001_175,MO,,,,"{""pa"": ""0x4d0b5000"", ""num_pages"": 1, ""page_size"": 4096}"
RESOURCE,MO_100001_176,MO,,,,"{""pa"": ""0x4d0b6000"", ""num_pages"": 1, ""page_size"": 4096}"
RESOURCE,MO_100001_177,MO,,,,"{""pa"": ""0x4d0b7000"", ""num_pages"": 1, ""page_size"": 4096}"
RESOURCE,MO_100001_178,MO,,,,"{""pa"": ""0x4d0b8000"", ""num_pages"": 1, ""page_size"": 4096}"
RESOURCE,MO_100001_179,MO,,,,"{""pa"": ""0x4d0b9000"", ""num_pages"": 1, ""page_size"": 4096}"
RESOURCE,MO_100001_180,MO,,,,"{""pa"": ""0x4d0ba000"", ""num_pages"": 1, ""page_size"": 4096}"
RESOURCE,MO_100001_181,MO,,,,"{""pa"": ""0x4d0bb000"", ""num_pages"": 1, ""page_size"": 4096}"
RESOURCE,MO_100001_182,MO,,,,"{""pa"": ""0x4d0bc000"", ""num_pages"": 1, ""page_size"": 4096}"
RESOURCE,MO_100001_183,MO,,,,"{""pa"": ""0x4d0bd000"", ""num_pages"": 1, ""page_size"": 4096}"
RESOURCE,MO_100001_184,MO,,,,"{""pa"": ""0x4d0be000"", ""num_pages"": 1, ""page_size"": 4096}"
RESOURCE,MO_100001_185,MO,,,,"{""pa"": ""0x4d0bf000"", ""num_pages"": 1, ""page_size"": 4096}"
RESOURCE,MO_100001_186,MO,,,,"{""pa"": ""0x4d0c0000"", ""num_pages"": 1, ""page_size"": 4096}"
RESOURCE,MO_100001_187,MO,,,,"{""pa"": ""0x4d0c1000"", ""num_pages"": 1, ""page_size"": 4096}"
RESOURCE,MO_100001_188,MO,,,,"{""pa"": ""0x4d0c2000"", ""num_pages"": 1, ""page_size"": 4096}"
RESOURCE,MO_100001_189,MO,,,,"{""pa"": ""0x4d0c3000"", ""num_pages"": 1, ""page_size"": 4096}"
RESOURCE,MO_100001_190,MO,,,,"{""pa"": ""0x4d0c4000"", ""num_pages"": 1, ""page_size"": 4096}"
RESOURCE,MO_100001_191,MO,,,,"{""pa"": ""0x4d0c5000"", ""num_pages"": 1, ""page_size"": 4096}"
RESOURCE,MO_100001_192,MO,,,,"{""pa"": ""0x4d0c6000"", ""num_pages"": 1, ""page_size"": 4096}"
RESOURCE,MO_100001_193,MO,,,,"{""pa"": ""0x4d0d7000"", ""num_pages"": 1, ""page_size"": 4096}"
RESOURCE,MO_100001_194,MO,,,,"{""pa"": ""0x4d0d8000"", ""num_pages"": 1, ""page_size"": 4096}"
RESOURCE,MO_100001_195,MO,,,,"{""pa"": ""0x4d0d9000"", ""num_pages"": 1, ""page_size"": 4096}"
RESOURCE,MO_100001_196,MO,,,,"{""pa"": ""0x4d0da000"", ""num_pages"": 1, ""page_size"": 4096}"
RESOURCE,MO_100001_197,MO,,,,"{""pa"": ""0x4d0db000"", ""num_pages"": 1, ""page_size"": 4096}"
RESOURCE,MO_100001_198,MO,,,,"{""pa"": ""0x4d0dc000"", ""num_pages"": 1, ""page_size"": 4096}"
RESOURCE,MO_100001_199,MO,,,,"{""pa"": ""0x4d0dd000"", ""num_pages"": 1, ""page_size"": 4096}"
RESOURCE,MO_100001_200,MO,,,,"{""pa"": ""0x4d0de000"", ""num_pages"": 1, ""page_size"": 4096}"
RESOURCE,MO_100001_201,MO,,,,"{""pa"": ""0x4d0df000"", ""num_pages"": 1, ""page_size"": 4096}"
RESOURCE,MO_100001_202,MO,,,,"{""pa"": ""0x4d0e0000"", ""num_pages"": 1, ""page_size"": 4096}"
RESOURCE,MO_100001_203,MO,,,,"{""pa"": ""0x4d0e1000"", ""num_pages"": 1, ""page_size"": 4096}"
RESOURCE,MO_100001_204,MO,,,,"{""pa"": ""0x4d0e2000"", ""num_pages"": 1, ""page_size"": 4096}"
RESOURCE,MO_100001_205,MO,,,,"{""pa"": ""0x4d0e3000"", ""num_pages"": 1, ""page_size"": 4096}"
RESOURCE,MO_100001_206,MO,,,,"{""pa"": ""0x4d0e4000"", ""num_pages"": 1, ""page_size"": 4096}"
RESOURCE,MO_100001_207,MO,,,,"{""pa"": ""0x4d0e5000"", ""num_pages"": 1, ""page_size"": 4096}"
RESOURCE,MO_100001_208,MO,,,,"{""pa"": ""0x4d0e6000"", ""num_pages"": 1, ""page_size"": 4096}"
RESOURCE,MO_100001_209,MO,,,,"{""pa"": ""0x4d0e7000"", ""num_pages"": 1, ""page_size"": 4096}"
RESOURCE,MO_100001_210,MO,,,,"{""pa"": ""0x4d0e8000"", ""num_pages"": 1, ""page_size"": 4096}"
RESOURCE,MO_100001_211,MO,,,,"{""pa"": ""0x4d0e9000"", ""num_pages"": 1, ""page_size"": 4096}"
RESOURCE,MO_100001_212,MO,,,,"{""pa"": ""0x4d0ea000"", ""num_pages"": 1, ""page_size"": 4096}"
RESOURCE,MO_100001_213,MO,,,,"{""pa"": ""0x4d0eb000"", ""num_pages"": 1, ""page_size"": 4096}"
RESOURCE,MO_100001_214,MO,,,,"{""pa"": ""0x4d0ec000"", ""num_pages"": 1, ""page_size"": 4096}"
RESOURCE,MO_100001_215,MO,,,,"{""pa"": ""0x4d0ed000"", ""num_pages"": 1, ""page_size"": 4096}"
RESOURCE,MO_100001_216,MO,,,,"{""pa"": ""0x4d0ee000"", ""num_pages"": 1, ""page_size"": 4096}"
RESOURCE,MO_100001_217,MO,,,,"{""pa"": ""0x4d0ef000"", ""num_pages"": 1, ""page_size"": 4096}"
RESOURCE,MO_100001_218,MO,,,,"{""pa"": ""0x4d0f0000"", ""num_pages"": 1, ""page_size"": 4096}"
RESOURCE,MO_100001_219,MO,,,,"{""pa"": ""0x4d0f1000"", ""num_pages"": 1, ""page_size"": 4096}"
RESOURCE,MO_100001_220,MO,,,,"{""pa"": ""0x4d0f2000"", ""num_pages"": 1, ""page_size"": 4096}"
RESOURCE,MO_100001_221,MO,,,,"{""pa"": ""0x4d0f3000"", ""num_pages"": 1, ""page_size"": 4096}"
RESOURCE,MO_100001_222,MO,,,,"{""pa"": ""0x4d0f4000"", ""num_pages"": 1, ""page_size"": 4096}"
RESOURCE,MO_100001_223,MO,,,,"{""pa"": ""0x4d0f5000"", ""num_pages"": 1, ""page_size"": 4096}"
RESOURCE,MO_100001_224,MO,,,,"{""pa"": ""0x4d0f6000"", ""num_pages"": 1, ""page_size"": 4096}"
RESOURCE,MO_100001_225,MO,,,,"{""pa"": ""0x4d0f7000"", ""num_pages"": 1, ""page_size"": 4096}"
RESOURCE,MO_100001_226,MO,,,,"{""pa"": ""0x4d0f8000"", ""num_pages"": 1, ""page_size"": 4096}"
RESOURCE,MO_100001_227,MO,,,,"{""pa"": ""0x4d0f9000"", ""num_pages"": 1, ""page_size"": 4096}"
RESOURCE,MO_100001_228,MO,,,,"{""pa"": ""0x4d0fa000"", ""num_pages"": 1, ""page_size"": 4096}"
RESOURCE,MO_100001_229,MO,,,,"{""pa"": ""0x4d0fb000"", ""num_pages"": 1, ""page_size"": 4096}"
RESOURCE,MO_100001_230,MO,,,,"{""pa"": ""0x4d0fc000"", ""num_pages"": 1, ""page_size"": 4096}"
RESOURCE,MO_100001_231,MO,,,,"{""pa"": ""0x4d0fd000"", ""num_pages"": 1, ""page_size"": 4096}"
RESOURCE,MO_100001_232,MO,,,,"{""pa"": ""0x4d0fe000"", ""num_pages"": 1, ""page_size"": 4096}"
RESOURCE,MO_100001_233,MO,,,,"{""pa"": ""0x4d0ff000"", ""num_pages"": 1, ""page_size"": 4096}"
RESOURCE,MO_100001_234,MO,,,,"{""pa"": ""0x4d193000"", ""num_pages"": 1, ""page_size"": 4096}"
RESOURCE,MO_100001_235,MO,,,,"{""pa"": ""0x504f1000"", ""num_pages"": 1, ""page_size"": 4096}"
RESOURCE,MO_100001_236,MO,,,,"{""pa"": ""0x504f3000"", ""num_pages"": 1, ""page_size"": 4096}"
RESOURCE,MO_100001_237,MO,,,,"{""pa"": ""0x504f4000"", ""num_pages"": 1, ""page_size"": 4096}"
RESOURCE,MO_100001_238,MO,,,,"{""pa"": ""0x504f5000"", ""num_pages"": 1, ""page_size"": 4096}"
RESOURCE,MO_100001_239,MO,,,,"{""pa"": ""0x504f6000"", ""num_pages"": 1, ""page_size"": 4096}"
RESOURCE,MO_100001_240,MO,,,,"{""pa"": ""0x504f7000"", ""num_pages"": 1, ""page_size"": 4096}"
RESOURCE,MO_100001_241,MO,,,,"{""pa"": ""0x504f8000"", ""num_pages"": 1, ""page_size"": 4096}"
RESOURCE,MO_100001_242,MO,,,,"{""pa"": ""0x504f9000"", ""num_pages"": 1, ""page_size"": 4096}"
RESOURCE,MO_100001_243,MO,,,,"{""pa"": ""0x504fa000"", ""num_pages"": 1, ""page_size"": 4096}"
RESOURCE,MO_100001_244,MO,,,,"{""pa"": ""0x504fb000"", ""num_pages"": 1, ""page_size"": 4096}"
RESOURCE,MO_100001_245,MO,,,,"{""pa"": ""0x504fc000"", ""num_pages"": 1, ""page_size"": 4096}"
RESOURCE,MO_100001_246,MO,,,,"{""pa"": ""0x504fd000"", ""num_pages"": 1, ""page_size"": 4096}"
RESOURCE,MO_100001_247,MO,,,,"{""pa"": ""0x504fe000"", ""num_pages"": 1, ""page_size"": 4096}"
RESOURCE,MO_100001_248,MO,,,,"{""pa"": ""0x504ff000"", ""num_pages"": 1, ""page_size"": 4096}"
RESOURCE,MO_100001_249,MO,,,,"{""pa"": ""0x50500000"", ""num_pages"": 1, ""page_size"": 4096}"
RESOURCE,MO_100001_250,MO,,,,"{""pa"": ""0x50501000"", ""num_pages"": 1, ""page_size"": 4096}"
RESOURCE,MO_100001_251,MO,,,,"{""pa"": ""0x50502000"", ""num_pages"": 1, ""page_size"": 4096}"
RESOURCE,MO_100001_252,MO,,,,"{""pa"": ""0x50503000"", ""num_pages"": 1, ""page_size"": 4096}"
RESOURCE,MO_100001_253,MO,,,,"{""pa"": ""0x50504000"", ""num_pages"": 1, ""page_size"": 4096}"
RESOURCE,MO_100001_254,MO,,,,"{""pa"": ""0x50505000"", ""num_pages"": 1, ""page_size"": 4096}"
RESOURCE,MO_100001_255,MO,,,,"{""pa"": ""0x50506000"", ""num_pages"": 1, ""page_size"": 4096}"
RESOURCE,MO_100001_256,MO,,,,"{""pa"": ""0x50507000"", ""num_pages"": 1, ""page_size"": 4096}"
PD,PD_100002,hello,,,,
RESOURCE_SPACE,VMR_SPACE_100002,VMR,,,,
RESOURCE,VMR_100002_1,VMR,,,,"{""va"": ""0xaaaab7c02000"", ""vmr_type"": ""PROGRAM"", ""num_pages"": 1, ""page_size"": 4096}"
RESOURCE,VMR_100002_2,VMR,,,,"{""va"": ""0xaaaab7c03000"", ""vmr_type"": ""PROGRAM"", ""num_pages"": 1, ""page_size"": 4096}"
RESOURCE,VMR_100002_3,VMR,,,,"{""va"": ""0xaaaab7c04000"", ""vmr_type"": ""PROGRAM"", ""num_pages"": 1, ""page_size"": 4096}"
RESOURCE,VMR_100002_4,VMR,,,,"{""va"": ""0xaaaae971a000"", ""vmr_type"": ""HEAP"", ""num_pages"": 1, ""page_size"": 4096}"
RESOURCE,VMR_100002_5,VMR,,,,"{""va"": ""0xaaaae971b000"", ""vmr_type"": ""HEAP"", ""num_pages"": 1, ""page_size"": 4096}"
RESOURCE,VMR_100002_6,VMR,,,,"{""va"": ""0xaaaae971c000"", ""vmr_type"": ""HEAP"", ""num_pages"": 1, ""page_size"": 4096}"
RESOURCE,VMR_100002_7,VMR,,,,"{""va"": ""0xaaaae971d000"", ""vmr_type"": ""HEAP"", ""num_pages"": 1, ""page_size"": 4096}"
RESOURCE,VMR_100002_8,VMR,,,,"{""va"": ""0xaaaae971e000"", ""vmr_type"": ""HEAP"", ""num_pages"": 1, ""page_size"": 4096}"
RESOURCE,VMR_100002_9,VMR,,,,"{""va"": ""0xaaaae971f000"", ""vmr_type"": ""HEAP"", ""num_pages"": 1, ""page_size"": 4096}"
RESOURCE,VMR_100002_10,VMR,,,,"{""va"": ""0xaaaae9720000"", ""vmr_type"": ""HEAP"", ""num_pages"": 1, ""page_size"": 4096}"
RESOURCE,VMR_100002_11,VMR,,,,"{""va"": ""0xaaaae9721000"", ""vmr_type"": ""HEAP"", ""num_pages"": 1, ""page_size"": 4096}"
RESOURCE,VMR_100002_12,VMR,,,,"{""va"": ""0xaaaae9722000"", ""vmr_type"": ""HEAP"", ""num_pages"": 1, ""page_size"": 4096}"
RESOURCE,VMR_100002_13,VMR,,,,"{""va"": ""0xaaaae9723000"", ""vmr_type"": ""HEAP"", ""num_pages"": 1, ""page_size"": 4096}"
RESOURCE,VMR_100002_14,VMR,,,,"{""va"": ""0xaaaae9724000"", ""vmr_type"": ""HEAP"", ""num_pages"": 1, ""page_size"": 4096}"
RESOURCE,VMR_100002_15,VMR,,,,"{""va"": ""0xaaaae9725000"", ""vmr_type"": ""HEAP"", ""num_pages"": 1, ""page_size"": 4096}"
RESOURCE,VMR_100002_16,VMR,,,,"{""va"": ""0xaaaae9726000"", ""vmr_type"": ""HEAP"", ""num_pages"": 1, ""page_size"": 4096}"
RESOURCE,VMR_100002_17,VMR,,,,"{""va"": ""0xaaaae9727000"", ""vmr_type"": ""HEAP"", ""num_pages"": 1, ""page_size"": 4096}"
RESOURCE,VMR_100002_18,VMR,,,,"{""va"": ""0xaaaae9728000"", ""vmr_type"": ""HEAP"", ""num_pages"": 1, ""page_size"": 4096}"
RESOURCE,VMR_100002_19,VMR,,,,"{""va"": ""0xaaaae9729000"", ""vmr_type"": ""HEAP"", ""num_pages"": 1, ""page_size"": 4096}"
RESOURCE,VMR_100002_20,VMR,,,,"{""va"": ""0xaaaae972a000"", ""vmr_type"": ""HEAP"", ""num_pages"": 1, ""page_size"": 4096}"
RESOURCE,VMR_100002_21,VMR,,,,"{""va"": ""0xaaaae972b000"", ""vmr_type"": ""HEAP"", ""num_pages"": 1, ""page_size"": 4096}"
RESOURCE,VMR_100002_22,VMR,,,,"{""va"": ""0xaaaae972c000"", ""vmr_type"": ""HEAP"", ""num_pages"": 1, ""page_size"": 4096}"
RESOURCE,VMR_100002_23,VMR,,,,"{""va"": ""0xaaaae972d000"", ""vmr_type"": ""HEAP"", ""num_pages"": 1, ""page_size"": 4096}"
RESOURCE,VMR_100002_24,VMR,,,,"{""va"": ""0xaaaae972e000"", ""vmr_type"": ""HEAP"", ""num_pages"": 1, ""page_size"": 4096}"
RESOURCE,VMR_100002_25,VMR,,,,"{""va"": ""0xaaaae972f000"", ""vmr_type"": ""HEAP"", ""num_pages"": 1, ""page_size"": 4096}"
RESOURCE,VMR_100002_26,VMR,,,,"{""va"": ""0xaaaae9730000"", ""vmr_type"": ""HEAP"", ""num_pages"": 1, ""page_size"": 4096}"
RESOURCE,VMR_100002_27,VMR,,,,"{""va"": ""0xaaaae9731000"", ""vmr_type"": ""HEAP"", ""num_pages"": 1, ""page_size"": 4096}"
RESOURCE,VMR_100002_28,VMR,,,,"{""va"": ""0xaaaae9732000"", ""vmr_type"": ""HEAP"", ""num_pages"": 1, ""page_size"": 4096}"
RESOURCE,VMR_100002_29,VMR,,,,"{""va"": ""0xaaaae9733000"", ""vmr_type"": ""HEAP"", ""num_pages"": 1, ""page_size"": 4096}"
RESOURCE,VMR_100002_30,VMR,,,,"{""va"": ""0xaaaae9734000"", ""vmr_type"": ""HEAP"", ""num_pages"": 1, ""page_size"": 4096}"
RESOURCE,VMR_100002_31,VMR,,,,"{""va"": ""0xaaaae9735000"", ""vmr_type"": ""HEAP"", ""num_pages"": 1, ""page_size"": 4096}"
RESOURCE,VMR_100002_32,VMR,,,,"{""va"": ""0xaaaae9736000"", ""vmr_type"": ""HEAP"", ""num_pages"": 1, ""page_size"": 4096}"
RESOURCE,VMR_100002_33,VMR,,,,"{""va"": ""0xaaaae9737000"", ""vmr_type"": ""HEAP"", ""num_pages"": 1, ""page_size"": 4096}"
RESOURCE,VMR_100002_34,VMR,,,,"{""va"": ""0xaaaae9738000"", ""vmr_type"": ""HEAP"", ""num_pages"": 1, ""page_size"": 4096}"
RESOURCE,VMR_100002_35,VMR,,,,"{""va"": ""0xaaaae9739000"", ""vmr_type"": ""HEAP"", ""num_pages"": 1, ""page_size"": 4096}"
RESOURCE,VMR_100002_36,VMR,,,,"{""va"": ""0xaaaae973a000"", ""vmr_type"": ""HEAP"", ""num_pages"": 1, ""page_size"": 4096}"
RESOURCE,VMR_100002_37,VMR,,,,"{""va"": ""0xffffaff7d000"", ""vmr_type"": ""LIB"", ""num_pages"": 1, ""page_size"": 4096}"
RESOURCE,VMR_100002_38,VMR,,,,"{""va"": ""0xffffaff7e000"", ""vmr_type"": ""LIB"", ""num_pages"": 1, ""page_size"": 4096}"
RESOURCE,VMR_100002_39,VMR,,,,"{""va"": ""0xffffaff7f000"", ""vmr_type"": ""LIB"", ""num_pages"": 1, ""page_size"": 4096}"
RESOURCE,VMR_100002_40,VMR,,,,"{""va"": ""0xffffaff80000"", ""vmr_type"": ""LIB"", ""num_pages"": 1, ""page_size"": 4096}"
RESOURCE,VMR_100002_41,VMR,,,,"{""va"": ""0xffffaff81000"", ""vmr_type"": ""LIB"", ""num_pages"": 1, ""page_size"": 4096}"
RESOURCE,VMR_100002_42,VMR,,,,"{""va"": ""0xffffaff82000"", ""vmr_type"": ""LIB"", ""num_pages"": 1, ""page_size"": 4096}"
RESOURCE,VMR_100002_43,VMR,,,,"{""va"": ""0xffffaff83000"", ""vmr_type"": ""LIB"", ""num_pages"": 1, ""page_size"": 4096}"
RESOURCE,VMR_100002_44,VMR,,,,"{""va"": ""0xffffaff84000"", ""vmr_type"": ""LIB"", ""num_pages"": 1, ""page_size"": 4096}"
RESOURCE,VMR_100002_45,VMR,,,,"{""va"": ""0xffffaff85000"", ""vmr_type"": ""LIB"", ""num_pages"": 1, ""page_size"": 4096}"
RESOURCE,VMR_100002_46,VMR,,,,"{""va"": ""0xffffaff86000"", ""vmr_type"": ""LIB"", ""num_pages"": 1, ""page_size"": 4096}"
RESOURCE,VMR_100002_47,VMR,,,,"{""va"": ""0xffffaff87000"", ""vmr_type"": ""LIB"", ""num_pages"": 1, ""page_size"": 4096}"
RESOURCE,VMR_100002_48,VMR,,,,"{""va"": ""0xffffaff88000"", ""vmr_type"": ""LIB"", ""num_pages"": 1, ""page_size"": 4096}"
RESOURCE,VMR_100002_49,VMR,,,,"{""va"": ""0xffffaff89000"", ""vmr_type"": ""LIB"", ""num_pages"": 1, ""page_size"": 4096}"
RESOURCE,VMR_100002_50,VMR,,,,"{""va"": ""0xffffaff8a000"", ""vmr_type"": ""LIB"", ""num_pages"": 1, ""page_size"": 4096}"
RESOURCE,VMR_100002_51,VMR,,,,"{""va"": ""0xffffaff8b000"", ""vmr_type"": ""LIB"", ""num_pages"": 1, ""page_size"": 4096}"
RESOURCE,VMR_100002_52,VMR,,,,"{""va"": ""0xffffaff8c000"", ""vmr_type"": ""LIB"", ""num_pages"": 1, ""page_size"": 4096}"
RESOURCE,VMR_100002_53,VMR,,,,"{""va"": ""0xffffaff8d000"", ""vmr_type"": ""LIB"", ""num_pages"": 1, ""page_size"": 4096}"
RESOURCE,VMR_100002_54,VMR,,,,"{""va"": ""0xffffaff8e000"", ""vmr_type"": ""LIB"", ""num_pages"": 1, ""page_size"": 4096}"
RESOURCE,VMR_100002_55,VMR,,,,"{""va"": ""0xffffaff8f000"", ""vmr_type"": ""LIB"", ""num_pages"": 1, ""page_size"": 4096}"
RESOURCE,VMR_100002_56,VMR,,,,"{""va"": ""0xffffaff90000"", ""vmr_type"": ""LIB"", ""num_pages"": 1, ""page_size"": 4096}"
RESOURCE,VMR_100002_57,VMR,,,,"{""va"": ""0xffffaff91000"", ""vmr_type"": ""LIB"", ""num_pages"": 1, ""page_size"": 4096}"
RESOURCE,VMR_100002_58,VMR,,,,"{""va"": ""0xffffaff92000"", ""vmr_type"": ""LIB"", ""num_pages"": 1, ""page_size"": 4096}"
RESOURCE,VMR_100002_59,VMR,,,,"{""va"": ""0xffffaff93000"", ""vmr_type"": ""LIB"", ""num_pages"": 1, ""page_size"": 4096}"
RESOURCE,VMR_100002_60,VMR,,,,"{""va"": ""0xffffaff94000"", ""vmr_type"": ""LIB"", ""num_pages"": 1, ""page_size"": 4096}"
RESOURCE,VMR_100002_61,VMR,,,,"{""va"": ""0xffffaff95000"", ""vmr_type"": ""LIB"", ""num_pages"": 1, ""page_size"": 4096}"
RESOURCE,VMR_100002_62,VMR,,,,"{""va"": ""0xffffaff96000"", ""vmr_type"": ""LIB"", ""num_pages"": 1, ""page_size"": 4096}"
RESOURCE,VMR_100002_63,VMR,,,,"{""va"": ""0xffffaff97000"", ""vmr_type"": ""LIB"", ""num_pages"": 1, ""page_size"": 4096}"
RESOURCE,VMR_100002_64,VMR,,,,"{""va"": ""0xffffaff98000"", ""vmr_type"": ""LIB"", ""num_pages"": 1, ""page_size"": 4096}"
RESOURCE,VMR_100002_65,VMR,,,,"{""va"": ""0xffffaff99000"", ""vmr_type"": ""LIB"", ""num_pages"": 1, ""page_size"": 4096}"
RESOURCE,VMR_100002_66,VMR,,,,"{""va"": ""0xffffaff9a000"", ""vmr_type"": ""LIB"", ""num_pages"": 1, ""page_size"": 4096}"
RESOURCE,VMR_100002_67,VMR,,,,"{""va"": ""0xffffaff9b000"", ""vmr_type"": ""LIB"", ""num_pages"": 1, ""page_size"": 4096}"
RESOURCE,VMR_100002_68,VMR,,,,"{""va"": ""0xffffaff9c000"", ""vmr_type"": ""LIB"", ""num_pages"": 1, ""page_size"": 4096}"
RESOURCE,VMR_100002_69,VMR,,,,"{""va"": ""0xffffaff9d000"", ""vmr_type"": ""LIB"", ""num_pages"": 1, ""page_size"": 4096}"
RESOURCE,VMR_100002_70,VMR,,,,"{""va"": ""0xffffaff9e000"", ""vmr_type"": ""LIB"", ""num_pages"": 1, ""page_size"": 4096}"
RESOURCE,VMR_100002_71,VMR,,,,"{""va"": ""0xffffaff9f000"", ""vmr_type"": ""LIB"", ""num_pages"": 1, ""page_size"": 4096}"
RESOURCE,VMR_100002_72,VMR,,,,"{""va"": ""0xffffaffa0000"", ""vmr_type"": ""LIB"", ""num_pages"": 1, ""page_size"": 4096}"
RESOURCE,VMR_100002_73,VMR,,,,"{""va"": ""0xffffaffa1000"", ""vmr_type"": ""LIB"", ""num_pages"": 1, ""page_size"": 4096}"
RESOURCE,VMR_100002_74,VMR,,,,"{""va"": ""0xffffaffa2000"", ""vmr_type"": ""LIB"", ""num_pages"": 1, ""page_size"": 4096}"
RESOURCE,VMR_100002_75,VMR,,,,"{""va"": ""0xffffaffa3000"", ""vmr_type"": ""LIB"", ""num_pages"": 1, ""page_size"": 4096}"
RESOURCE,VMR_100002_76,VMR,,,,"{""va"": ""0xffffaffa4000"", ""vmr_type"": ""LIB"", ""num_pages"": 1, ""page_size"": 4096}"
RESOURCE,VMR_100002_77,VMR,,,,"{""va"": ""0xffffaffa5000"", ""vmr_type"": ""LIB"", ""num_pages"": 1, ""page_size"": 4096}"
RESOURCE,VMR_100002_78,VMR,,,,"{""va"": ""0xffffaffa6000"", ""vmr_type"": ""LIB"", ""num_pages"": 1, ""page_size"": 4096}"
RESOURCE,VMR_100002_79,VMR,,,,"{""va"": ""0xffffaffa7000"", ""vmr_type"": ""LIB"", ""num_pages"": 1, ""page_size"": 4096}"
RESOURCE,VMR_100002_80,VMR,,,,"{""va"": ""0xffffaffa8000"", ""vmr_type"": ""LIB"", ""num_pages"": 1, ""page_size"": 4096}"
RESOURCE,VMR_100002_81,VMR,,,,"{""va"": ""0xffffaffa9000"", ""vmr_type"": ""LIB"", ""num_pages"": 1, ""page_size"": 4096}"
RESOURCE,VMR_100002_82,VMR,,,,"{""va"": ""0xffffaffaa000"", ""vmr_type"": ""LIB"", ""num_pages"": 1, ""page_size"": 4096}"
RESOURCE,VMR_100002_83,VMR,,,,"{""va"": ""0xffffaffab000"", ""vmr_type"": ""LIB"", ""num_pages"": 1, ""page_size"": 4096}"
RESOURCE,VMR_100002_84,VMR,,,,"{""va"": ""0xffffaffac000"", ""vmr_type"": ""LIB"", ""num_pages"": 1, ""page_size"": 4096}"
RESOURCE,VMR_100002_85,VMR,,,,"{""va"": ""0xffffaffad000"", ""vmr_type"": ""LIB"", ""num_pages"": 1, ""page_size"": 4096}"
RESOURCE,VMR_100002_86,VMR,,,,"{""va"": ""0xffffaffae000"", ""vmr_type"": ""LIB"", ""num_pages"": 1, ""page_size"": 4096}"
RESOURCE,VMR_100002_87,VMR,,,,"{""va"": ""0xffffaffaf000"", ""vmr_type"": ""LIB"", ""num_pages"": 1, ""page_size"": 4096}"
RESOURCE,VMR_100002_88,VMR,,,,"{""va"": ""0xffffaffb0000"", ""vmr_type"": ""LIB"", ""num_pages"": 1, ""page_size"": 4096}"
RESOURCE,VMR_100002_89,VMR,,,,"{""va"": ""0xffffaffb1000"", ""vmr_type"": ""LIB"", ""num_pages"": 1, ""page_size"": 4096}"
RESOURCE,VMR_100002_90,VMR,,,,"{""va"": ""0xffffaffb2000"", ""vmr_type"": ""LIB"", ""num_pages"": 1, ""page_size"": 4096}"
RESOURCE,VMR_100002_91,VMR,,,,"{""va"": ""0xffffaffb3000"", ""vmr_type"": ""LIB"", ""num_pages"": 1, ""page_size"": 4096}"
RESOURCE,VMR_100002_92,VMR,,,,"{""va"": ""0xffffaffb4000"", ""vmr_type"": ""LIB"", ""num_pages"": 1, ""page_size"": 4096}"
RESOURCE,VMR_100002_93,VMR,,,,"{""va"": ""0xffffaffb5000"", ""vmr_type"": ""LIB"", ""num_pages"": 1, ""page_size"": 4096}"
RESOURCE,VMR_100002_94,VMR,,,,"{""va"": ""0xffffaffb6000"", ""vmr_type"": ""LIB"", ""num_pages"": 1, ""page_size"": 4096}"
RESOURCE,VMR_100002_95,VMR,,,,"{""va"": ""0xffffaffb7000"", ""vmr_type"": ""LIB"", ""num_pages"": 1, ""page_size"": 4096}"
RESOURCE,VMR_100002_96,VMR,,,,"{""va"": ""0xffffaffb8000"", ""vmr_type"": ""LIB"", ""num_pages"": 1, ""page_size"": 4096}"
RESOURCE,VMR_100002_97,VMR,,,,"{""va"": ""0xffffaffb9000"", ""vmr_type"": ""LIB"", ""num_pages"": 1, ""page_size"": 4096}"
RESOURCE,VMR_100002_98,VMR,,,,"{""va"": ""0xffffaffba000"", ""vmr_type"": ""LIB"", ""num_pages"": 1, ""page_size"": 4096}"
RESOURCE,VMR_100002_99,VMR,,,,"{""va"": ""0xffffaffbb000"", ""vmr_type"": ""LIB"", ""num_pages"": 1, ""page_size"": 4096}"
RESOURCE,VMR_100002_100,VMR,,,,"{""va"": ""0xffffaffbc000"", ""vmr_type"": ""LIB"", ""num_pages"": 1, ""page_size"": 4096}"
RESOURCE,VMR_100002_101,VMR,,,,"{""va"": ""0xffffaffbd000"", ""vmr_type"": ""LIB"", ""num_pages"": 1, ""page_size"": 4096}"
RESOURCE,VMR_100002_102,VMR,,,,"{""va"": ""0xffffaffbe000"", ""vmr_type"": ""LIB"", ""num_pages"": 1, ""page_size"": 4096}"
RESOURCE,VMR_100002_103,VMR,,,,"{""va"": ""0xffffaffbf000"", ""vmr_type"": ""LIB"", ""num_pages"": 1, ""page_size"": 4096}"
RESOURCE,VMR_100002_104,VMR,,,,"{""va"": ""0xffffaffc0000"", ""vmr_type"": ""LIB"", ""num_pages"": 1, ""page_size"": 4096}"
RESOURCE,VMR_100002_105,VMR,,,,"{""va"": ""0xffffaffc1000"", ""vmr_type"": ""LIB"", ""num_pages"": 1, ""page_size"": 4096}"
RESOURCE,VMR_100002_106,VMR,,,,"{""va"": ""0xffffaffc2000"", ""vmr_type"": ""LIB"", ""num_pages"": 1, ""page_size"": 4096}"
RESOURCE,VMR_100002_107,VMR,,,,"{""va"": ""0xffffaffc3000"", ""vmr_type"": ""LIB"", ""num_pages"": 1, ""page_size"": 4096}"
RESOURCE,VMR_100002_108,VMR,,,,"{""va"": ""0xffffaffc4000"", ""vmr_type"": ""LIB"", ""num_pages"": 1, ""page_size"": 4096}"
RESOURCE,VMR_100002_109,VMR,,,,"{""va"": ""0xffffaffc5000"", ""vmr_type"": ""LIB"", ""num_pages"": 1, ""page_size"": 4096}"
RESOURCE,VMR_100002_110,VMR,,,,"{""va"": ""0xffffaffc6000"", ""vmr_type"": ""LIB"", ""num_pages"": 1, ""page_size"": 4096}"
RESOURCE,VMR_100002_111,VMR,,,,"{""va"": ""0xffffaffc7000"", ""vmr_type"": ""LIB"", ""num_pages"": 1, ""page_size"": 4096}"
RESOURCE,VMR_100002_112,VMR,,,,"{""va"": ""0xffffaffc8000"", ""vmr_type"": ""LIB"", ""num_pages"": 1, ""page_size"": 4096}"
RESOURCE,VMR_100002_113,VMR,,,,"{""va"": ""0xffffaffc9000"", ""vmr_type"": ""LIB"", ""num_pages"": 1, ""page_size"": 4096}"
RESOURCE,VMR_100002_114,VMR,,,,"{""va"": ""0xffffaffca000"", ""vmr_type"": ""LIB"", ""num_pages"": 1, ""page_size"": 4096}"
RESOURCE,VMR_100002_115,VMR,,,,"{""va"": ""0xffffaffcb000"", ""vmr_type"": ""LIB"", ""num_pages"": 1, ""page_size"": 4096}"
RESOURCE,VMR_100002_116,VMR,,,,"{""va"": ""0xffffaffcc000"", ""vmr_type"": ""LIB"", ""num_pages"": 1, ""page_size"": 4096}"
RESOURCE,VMR_100002_117,VMR,,,,"{""va"": ""0xffffaffcd000"", ""vmr_type"": ""LIB"", ""num_pages"": 1, ""page_size"": 4096}"
RESOURCE,VMR_100002_118,VMR,,,,"{""va"": ""0xffffaffce000"", ""vmr_type"": ""LIB"", ""num_pages"": 1, ""page_size"": 4096}"
RESOURCE,VMR_100002_119,VMR,,,,"{""va"": ""0xffffaffcf000"", ""vmr_type"": ""LIB"", ""num_pages"": 1, ""page_size"": 4096}"
RESOURCE,VMR_100002_120,VMR,,,,"{""va"": ""0xffffaffd0000"", ""vmr_type"": ""LIB"", ""num_pages"": 1, ""page_size"": 4096}"
RESOURCE,VMR_100002_121,VMR,,,,"{""va"": ""0xffffaffd1000"", ""vmr_type"": ""LIB"", ""num_pages"": 1, ""page_size"": 4096}"
RESOURCE,VMR_100002_122,VMR,,,,"{""va"": ""0xffffaffd2000"", ""vmr_type"": ""LIB"", ""num_pages"": 1, ""page_size"": 4096}"
RESOURCE,VMR_100002_123,VMR,,,,"{""va"": ""0xffffaffd3000"", ""vmr_type"": ""LIB"", ""num_pages"": 1, ""page_size"": 4096}"
RESOURCE,VMR_100002_124,VMR,,,,"{""va"": ""0xffffaffd4000"", ""vmr_type"": ""LIB"", ""num_pages"": 1, ""page_size"": 4096}"
RESOURCE,VMR_100002_125,VMR,,,,"{""va"": ""0xffffaffd5000"", ""vmr_type"": ""LIB"", ""num_pages"": 1, ""page_size"": 4096}"
RESOURCE,VMR_100002_126,VMR,,,,"{""va"": ""0xffffaffd6000"", ""vmr_type"": ""LIB"", ""num_pages"": 1, ""page_size"": 4096}"
RESOURCE,VMR_100002_127,VMR,,,,"{""va"": ""0xffffaffd7000"", ""vmr_type"": ""LIB"", ""num_pages"": 1, ""page_size"": 4096}"
RESOURCE,VMR_100002_128,VMR,,,,"{""va"": ""0xffffaffd8000"", ""vmr_type"": ""LIB"", ""num_pages"": 1, ""page_size"": 4096}"
RESOURCE,VMR_100002_129,VMR,,,,"{""va"": ""0xffffaffd9000"", ""vmr_type"": ""LIB"", ""num_pages"": 1, ""page_size"": 4096}"
RESOURCE,VMR_100002_130,VMR,,,,"{""va"": ""0xffffaffda000"", ""vmr_type"": ""LIB"", ""num_pages"": 1, ""page_size"": 4096}"
RESOURCE,VMR_100002_131,VMR,,,,"{""va"": ""0xffffaffdb000"", ""vmr_type"": ""LIB"", ""num_pages"": 1, ""page_size"": 4096}"
RESOURCE,VMR_100002_132,VMR,,,,"{""va"": ""0xffffaffdc000"", ""vmr_type"": ""LIB"", ""num_pages"": 1, ""page_size"": 4096}"
RESOURCE,VMR_100002_133,VMR,,,,"{""va"": ""0xffffaffdd000"", ""vmr_type"": ""LIB"", ""num_pages"": 1, ""page_size"": 4096}"
RESOURCE,VMR_100002_134,VMR,,,,"{""va"": ""0xffffaffde000"", ""vmr_type"": ""LIB"", ""num_pages"": 1, ""page_size"": 4096}"
RESOURCE,VMR_100002_135,VMR,,,,"{""va"": ""0xffffaffdf000"", ""vmr_type"": ""LIB"", ""num_pages"": 1, ""page_size"": 4096}"
RESOURCE,VMR_100002_136,VMR,,,,"{""va"": ""0xffffaffe0000"", ""vmr_type"": ""LIB"", ""num_pages"": 1, ""page_size"": 4096}"
RESOURCE,VMR_100002_137,VMR,,,,"{""va"": ""0xffffaffe1000"", ""vmr_type"": ""LIB"", ""num_pages"": 1, ""page_size"": 4096}"
RESOURCE,VMR_100002_138,VMR,,,,"{""va"": ""0xffffaffe2000"", ""vmr_type"": ""LIB"", ""num_pages"": 1, ""page_size"": 4096}"
RESOURCE,VMR_100002_139,VMR,,,,"{""va"": ""0xffffaffe3000"", ""vmr_type"": ""LIB"", ""num_pages"": 1, ""page_size"": 4096}"
RESOURCE,VMR_100002_140,VMR,,,,"{""va"": ""0xffffaffe4000"", ""vmr_type"": ""LIB"", ""num_pages"": 1, ""page_size"": 4096}"
RESOURCE,VMR_100002_141,VMR,,,,"{""va"": ""0xffffaffe5000"", ""vmr_type"": ""LIB"", ""num_pages"": 1, ""page_size"": 4096}"
RESOURCE,VMR_100002_142,VMR,,,,"{""va"": ""0xffffaffe6000"", ""vmr_type"": ""LIB"", ""num_pages"": 1, ""page_size"": 4096}"
RESOURCE,VMR_100002_143,VMR,,,,"{""va"": ""0xffffaffe7000"", ""vmr_type"": ""LIB"", ""num_pages"": 1, ""page_size"": 4096}"
RESOURCE,VMR_100002_144,VMR,,,,"{""va"": ""0xffffaffe8000"", ""vmr_type"": ""LIB"", ""num_pages"": 1, ""page_size"": 4096}"
RESOURCE,VMR_100002_145,VMR,,,,"{""va"": ""0xffffaffe9000"", ""vmr_type"": ""LIB"", ""num_pages"": 1, ""page_size"": 4096}"
RESOURCE,VMR_100002_146,VMR,,,,"{""va"": ""0xffffaffea000"", ""vmr_type"": ""LIB"", ""num_pages"": 1, ""page_size"": 4096}"
RESOURCE,VMR_100002_147,VMR,,,,"{""va"": ""0xffffaffeb000"", ""vmr_type"": ""LIB"", ""num_pages"": 1, ""page_size"": 4096}"
RESOURCE,VMR_100002_148,VMR,,,,"{""va"": ""0xffffaffec000"", ""vmr_type"": ""LIB"", ""num_pages"": 1, ""page_size"": 4096}"
RESOURCE,VMR_100002_149,VMR,,,,"{""va"": ""0xffffaffed000"", ""vmr_type"": ""LIB"", ""num_pages"": 1, ""page_size"": 4096}"
RESOURCE,VMR_100002_150,VMR,,,,"{""va"": ""0xffffaffee000"", ""vmr_type"": ""LIB"", ""num_pages"": 1, ""page_size"": 4096}"
RESOURCE,VMR_100002_151,VMR,,,,"{""va"": ""0xffffaffef000"", ""vmr_type"": ""LIB"", ""num_pages"": 1, ""page_size"": 4096}"
RESOURCE,VMR_100002_152,VMR,,,,"{""va"": ""0xffffafff0000"", ""vmr_type"": ""LIB"", ""num_pages"": 1, ""page_size"": 4096}"
RESOURCE,VMR_100002_153,VMR,,,,"{""va"": ""0xffffafff1000"", ""vmr_type"": ""LIB"", ""num_pages"": 1, ""page_size"": 4096}"
RESOURCE,VMR_100002_154,VMR,,,,"{""va"": ""0xffffafff2000"", ""vmr_type"": ""LIB"", ""num_pages"": 1, ""page_size"": 4096}"
RESOURCE,VMR_100002_155,VMR,,,,"{""va"": ""0xffffafff3000"", ""vmr_type"": ""LIB"", ""num_pages"": 1, ""page_size"": 4096}"
RESOURCE,VMR_100002_156,VMR,,,,"{""va"": ""0xffffafff4000"", ""vmr_type"": ""LIB"", ""num_pages"": 1, ""page_size"": 4096}"
RESOURCE,VMR_100002_157,VMR,,,,"{""va"": ""0xffffafff5000"", ""vmr_type"": ""LIB"", ""num_pages"": 1, ""page_size"": 4096}"
RESOURCE,VMR_100002_158,VMR,,,,"{""va"": ""0xffffafff6000"", ""vmr_type"": ""LIB"", ""num_pages"": 1, ""page_size"": 4096}"
RESOURCE,VMR_100002_159,VMR,,,,"{""va"": ""0xffffafff7000"", ""vmr_type"": ""LIB"", ""num_pages"": 1, ""page_size"": 4096}"
RESOURCE,VMR_100002_160,VMR,,,,"{""va"": ""0xffffafff8000"", ""vmr_type"": ""LIB"", ""num_pages"": 1, ""page_size"": 4096}"
RESOURCE,VMR_100002_161,VMR,,,,"{""va"": ""0xffffafff9000"", ""vmr_type"": ""LIB"", ""num_pages"": 1, ""page_size"": 4096}"
RESOURCE,VMR_100002_162,VMR,,,,"{""va"": ""0xffffafffa000"", ""vmr_type"": ""LIB"", ""num_pages"": 1, ""page_size"": 4096}"
RESOURCE,VMR_100002_163,VMR,,,,"{""va"": ""0xffffafffb000"", ""vmr_type"": ""LIB"", ""num_pages"": 1, ""page_size"": 4096}"
RESOURCE,VMR_100002_164,VMR,,,,"{""va"": ""0xffffafffc000"", ""vmr_type"": ""LIB"", ""num_pages"": 1, ""page_size"": 4096}"
RESOURCE,VMR_100002_165,VMR,,,,"{""va"": ""0xffffafffd000"", ""vmr_type"": ""LIB"", ""num_pages"": 1, ""page_size"": 4096}"
RESOURCE,VMR_100002_166,VMR,,,,"{""va"": ""0xffffafffe000"", ""vmr_type"": ""LIB"", ""num_pages"": 1, ""page_size"": 4096}"
RESOURCE,VMR_100002_167,VMR,,,,"{""va"": ""0xffffaffff000"", ""vmr_type"": ""LIB"", ""num_pages"": 1, ""page_size"": 4096}"
RESOURCE,VMR_100002_168,VMR,,,,"{""va"": ""0xffffb0000000"", ""vmr_type"": ""LIB"", ""num_pages"": 1, ""page_size"": 4096}"
RESOURCE,VMR_100002_169,VMR,,,,"{""va"": ""0xffffb0001000"", ""vmr_type"": ""LIB"", ""num_pages"": 1, ""page_size"": 4096}"
RESOURCE,VMR_100002_170,VMR,,,,"{""va"": ""0xffffb0002000"", ""vmr_type"": ""LIB"", ""num_pages"": 1, ""page_size"": 4096}"
RESOURCE,VMR_100002_171,VMR,,,,"{""va"": ""0xffffb0003000"", ""vmr_type"": ""LIB"", ""num_pages"": 1, ""page_size"": 4096}"
RESOURCE,VMR_100002_172,VMR,,,,"{""va"": ""0xffffb0004000"", ""vmr_type"": ""LIB"", ""num_pages"": 1, ""page_size"": 4096}"
RESOURCE,VMR_100002_173,VMR,,,,"{""va"": ""0xffffb0005000"", ""vmr_type"": ""LIB"", ""num_pages"": 1, ""page_size"": 4096}"
RESOURCE,VMR_100002_174,VMR,,,,"{""va"": ""0xffffb0006000"", ""vmr_type"": ""LIB"", ""num_pages"": 1, ""page_size"": 4096}"
RESOURCE,VMR_100002_175,VMR,,,,"{""va"": ""0xffffb0007000"", ""vmr_type"": ""LIB"", ""num_pages"": 1, ""page_size"": 4096}"
RESOURCE,VMR_100002_176,VMR,,,,"{""va"": ""0xffffb0008000"", ""vmr_type"": ""LIB"", ""num_pages"": 1, ""page_size"": 4096}"
RESOURCE,VMR_100002_177,VMR,,,,"{""va"": ""0xffffb0009000"", ""vmr_type"": ""LIB"", ""num_pages"": 1, ""page_size"": 4096}"
RESOURCE,VMR_100002_178,VMR,,,,"{""va"": ""0xffffb000a000"", ""vmr_type"": ""LIB"", ""num_pages"": 1, ""page_size"": 4096}"
RESOURCE,VMR_100002_179,VMR,,,,"{""va"": ""0xffffb000b000"", ""vmr_type"": ""LIB"", ""num_pages"": 1, ""page_size"": 4096}"
RESOURCE,VMR_100002_180,VMR,,,,"{""va"": ""0xffffb000c000"", ""vmr_type"": ""LIB"", ""num_pages"": 1, ""page_size"": 4096}"
RESOURCE,VMR_100002_181,VMR,,,,"{""va"": ""0xffffb000d000"", ""vmr_type"": ""LIB"", ""num_pages"": 1, ""page_size"": 4096}"
RESOURCE,VMR_100002_182,VMR,,,,"{""va"": ""0xffffb000e000"", ""vmr_type"": ""LIB"", ""num_pages"": 1, ""page_size"": 4096}"
RESOURCE,VMR_100002_183,VMR,,,,"{""va"": ""0xffffb000f000"", ""vmr_type"": ""LIB"", ""num_pages"": 1, ""page_size"": 4096}"
RESOURCE,VMR_100002_184,VMR,,,,"{""va"": ""0xffffb0010000"", ""vmr_type"": ""LIB"", ""num_pages"": 1, ""page_size"": 4096}"
RESOURCE,VMR_100002_185,VMR,,,,"{""va"": ""0xffffb0011000"", ""vmr_type"": ""LIB"", ""num_pages"": 1, ""page_size"": 4096}"
RESOURCE,VMR_100002_186,VMR,,,,"{""va"": ""0xffffb0012000"", ""vmr_type"": ""LIB"", ""num_pages"": 1, ""page_size"": 4096}"
RESOURCE,VMR_100002_187,VMR,,,,"{""va"": ""0xffffb0013000"", ""vmr_type"": ""LIB"", ""num_pages"": 1, ""page_size"": 4096}"
RESOURCE,VMR_100002_188,VMR,,,,"{""va"": ""0xffffb0014000"", ""vmr_type"": ""LIB"", ""num_pages"": 1, ""page_size"": 4096}"
RESOURCE,VMR_100002_189,VMR,,,,"{""va"": ""0xffffb0015000"", ""vmr_type"": ""LIB"", ""num_pages"": 1, ""page_size"": 4096}"
RESOURCE,VMR_100002_190,VMR,,,,"{""va"": ""0xffffb0016000"", ""vmr_type"": ""LIB"", ""num_pages"": 1, ""page_size"": 4096}"
RESOURCE,VMR_100002_191,VMR,,,,"{""va"": ""0xffffb0017000"", ""vmr_type"": ""LIB"", ""num_pages"": 1, ""page_size"": 4096}"
RESOURCE,VMR_100002_192,VMR,,,,"{""va"": ""0xffffb0018000"", ""vmr_type"": ""LIB"", ""num_pages"": 1, ""page_size"": 4096}"
RESOURCE,VMR_100002_193,VMR,,,,"{""va"": ""0xffffb0019000"", ""vmr_type"": ""LIB"", ""num_pages"": 1, ""page_size"": 4096}"
RESOURCE,VMR_100002_194,VMR,,,,"{""va"": ""0xffffb001a000"", ""vmr_type"": ""LIB"", ""num_pages"": 1, ""page_size"": 4096}"
RESOURCE,VMR_100002_195,VMR,,,,"{""va"": ""0xffffb001b000"", ""vmr_type"": ""LIB"", ""num_pages"": 1, ""page_size"": 4096}"
RESOURCE,VMR_100002_196,VMR,,,,"{""va"": ""0xffffb001c000"", ""vmr_type"": ""LIB"", ""num_pages"": 1, ""page_size"": 4096}"
RESOURCE,VMR_100002_197,VMR,,,,"{""va"": ""0xffffb001d000"", ""vmr_type"": ""LIB"", ""num_pages"": 1, ""page_size"": 4096}"
RESOURCE,VMR_100002_198,VMR,,,,"{""va"": ""0xffffb001e000"", ""vmr_type"": ""LIB"", ""num_pages"": 1, ""page_size"": 4096}"
RESOURCE,VMR_100002_199,VMR,,,,"{""va"": ""0xffffb001f000"", ""vmr_type"": ""LIB"", ""num_pages"": 1, ""page_size"": 4096}"
RESOURCE,VMR_100002_200,VMR,,,,"{""va"": ""0xffffb0020000"", ""vmr_type"": ""LIB"", ""num_pages"": 1, ""page_size"": 4096}"
RESOURCE,VMR_100002_201,VMR,,,,"{""va"": ""0xffffb0021000"", ""vmr_type"": ""LIB"", ""num_pages"": 1, ""page_size"": 4096}"
RESOURCE,VMR_100002_202,VMR,,,,"{""va"": ""0xffffb0022000"", ""vmr_type"": ""LIB"", ""num_pages"": 1, ""page_size"": 4096}"
RESOURCE,VMR_100002_203,VMR,,,,"{""va"": ""0xffffb0023000"", ""vmr_type"": ""LIB"", ""num_pages"": 1, ""page_size"": 4096}"
RESOURCE,VMR_100002_204,VMR,,,,"{""va"": ""0xffffb0024000"", ""vmr_type"": ""LIB"", ""num_pages"": 1, ""page_size"": 4096}"
RESOURCE,VMR_100002_205,VMR,,,,"{""va"": ""0xffffb0025000"", ""vmr_type"": ""LIB"", ""num_pages"": 1, ""page_size"": 4096}"
RESOURCE,VMR_100002_206,VMR,,,,"{""va"": ""0xffffb0026000"", ""vmr_type"": ""LIB"", ""num_pages"": 1, ""page_size"": 4096}"
RESOURCE,VMR_100002_207,VMR,,,,"{""va"": ""0xffffb0027000"", ""vmr_type"": ""LIB"", ""num_pages"": 1, ""page_size"": 4096}"
RESOURCE,VMR_100002_208,VMR,,,,"{""va"": ""0xffffb0028000"", ""vmr_type"": ""LIB"", ""num_pages"": 1, ""page_size"": 4096}"
RESOURCE,VMR_100002_209,VMR,,,,"{""va"": ""0xffffb0029000"", ""vmr_type"": ""LIB"", ""num_pages"": 1, ""page_size"": 4096}"
RESOURCE,VMR_100002_210,VMR,,,,"{""va"": ""0xffffb002a000"", ""vmr_type"": ""LIB"", ""num_pages"": 1, ""page_size"": 4096}"
RESOURCE,VMR_100002_211,VMR,,,,"{""va"": ""0xffffb002b000"", ""vmr_type"": ""LIB"", ""num_pages"": 1, ""page_size"": 4096}"
RESOURCE,VMR_100002_212,VMR,,,,"{""va"": ""0xffffb002c000"", ""vmr_type"": ""LIB"", ""num_pages"": 1, ""page_size"": 4096}"
RESOURCE,VMR_100002_213,VMR,,,,"{""va"": ""0xffffb002d000"", ""vmr_type"": ""LIB"", ""num_pages"": 1, ""page_size"": 4096}"
RESOURCE,VMR_100002_214,VMR,,,,"{""va"": ""0xffffb002e000"", ""vmr_type"": ""LIB"", ""num_pages"": 1, ""page_size"": 4096}"
RESOURCE,VMR_100002_215,VMR,,,,"{""va"": ""0xffffb002f000"", ""vmr_type"": ""LIB"", ""num_pages"": 1, ""page_size"": 4096}"
RESOURCE,VMR_100002_216,VMR,,,,"{""va"": ""0xffffb0030000"", ""vmr_type"": ""LIB"", ""num_pages"": 1, ""page_size"": 4096}"
RESOURCE,VMR_100002_217,VMR,,,,"{""va"": ""0xffffb0031000"", ""vmr_type"": ""LIB"", ""num_pages"": 1, ""page_size"": 4096}"
RESOURCE,VMR_100002_218,VMR,,,,"{""va"": ""0xffffb0032000"", ""vmr_type"": ""LIB"", ""num_pages"": 1, ""page_size"": 4096}"
RESOURCE,VMR_100002_219,VMR,,,,"{""va"": ""0xffffb0033000"", ""vmr_type"": ""LIB"", ""num_pages"": 1, ""page_size"": 4096}"
RESOURCE,VMR_100002_220,VMR,,,,"{""va"": ""0xffffb0034000"", ""vmr_type"": ""LIB"", ""num_pages"": 1, ""page_size"": 4096}"
RESOURCE,VMR_100002_221,VMR,,,,"{""va"": ""0xffffb0035000"", ""vmr_type"": ""LIB"", ""num_pages"": 1, ""page_size"": 4096}"
RESOURCE,VMR_100002_222,VMR,,,,"{""va"": ""0xffffb0036000"", ""vmr_type"": ""LIB"", ""num_pages"": 1, ""page_size"": 4096}"
RESOURCE,VMR_100002_223,VMR,,,,"{""va"": ""0xffffb0037000"", ""vmr_type"": ""LIB"", ""num_pages"": 1, ""page_size"": 4096}"
RESOURCE,VMR_100002_224,VMR,,,,"{""va"": ""0xffffb0038000"", ""vmr_type"": ""LIB"", ""num_pages"": 1, ""page_size"": 4096}"
RESOURCE,VMR_100002_225,VMR,,,,"{""va"": ""0xffffb0039000"", ""vmr_type"": ""LIB"", ""num_pages"": 1, ""page_size"": 4096}"
RESOURCE,VMR_100002_226,VMR,,,,"{""va"": ""0xffffb003a000"", ""vmr_type"": ""LIB"", ""num_pages"": 1, ""page_size"": 4096}"
RESOURCE,VMR_100002_227,VMR,,,,"{""va"": ""0xffffb003b000"", ""vmr_type"": ""LIB"", ""num_pages"": 1, ""page_size"": 4096}"
RESOURCE,VMR_100002_228,VMR,,,,"{""va"": ""0xffffb003c000"", ""vmr_type"": ""LIB"", ""num_pages"": 1, ""page_size"": 4096}"
RESOURCE,VMR_100002_229,VMR,,,,"{""va"": ""0xffffb003d000"", ""vmr_type"": ""LIB"", ""num_pages"": 1, ""page_size"": 4096}"
RESOURCE,VMR_100002_230,VMR,,,,"{""va"": ""0xffffb003e000"", ""vmr_type"": ""LIB"", ""num_pages"": 1, ""page_size"": 4096}"
RESOURCE,VMR_100002_231,VMR,,,,"{""va"": ""0xffffb003f000"", ""vmr_type"": ""LIB"", ""num_pages"": 1, ""page_size"": 4096}"
RESOURCE,VMR_100002_232,VMR,,,,"{""va"": ""0xffffb0040000"", ""vmr_type"": ""LIB"", ""num_pages"": 1, ""page_size"": 4096}"
RESOURCE,VMR_100002_233,VMR,,,,"{""va"": ""0xffffb0041000"", ""vmr_type"": ""LIB"", ""num_pages"": 1, ""page_size"": 4096}"
RESOURCE,VMR_100002_234,VMR,,,,"{""va"": ""0xffffb0042000"", ""vmr_type"": ""LIB"", ""num_pages"": 1, ""page_size"": 4096}"
RESOURCE,VMR_100002_235,VMR,,,,"{""va"": ""0xffffb0043000"", ""vmr_type"": ""LIB"", ""num_pages"": 1, ""page_size"": 4096}"
RESOURCE,VMR_100002_236,VMR,,,,"{""va"": ""0xffffb0044000"", ""vmr_type"": ""LIB"", ""num_pages"": 1, ""page_size"": 4096}"
RESOURCE,VMR_100002_237,VMR,,,,"{""va"": ""0xffffb0045000"", ""vmr_type"": ""LIB"", ""num_pages"": 1, ""page_size"": 4096}"
RESOURCE,VMR_100002_238,VMR,,,,"{""va"": ""0xffffb0046000"", ""vmr_type"": ""LIB"", ""num_pages"": 1, ""page_size"": 4096}"
RESOURCE,VMR_100002_239,VMR,,,,"{""va"": ""0xffffb0047000"", ""vmr_type"": ""LIB"", ""num_pages"": 1, ""page_size"": 4096}"
RESOURCE,VMR_100002_240,VMR,,,,"{""va"": ""0xffffb0048000"", ""vmr_type"": ""LIB"", ""num_pages"": 1, ""page_size"": 4096}"
RESOURCE,VMR_100002_241,VMR,,,,"{""va"": ""0xffffb0049000"", ""vmr_type"": ""LIB"", ""num_pages"": 1, ""page_size"": 4096}"
RESOURCE,VMR_100002_242,VMR,,,,"{""va"": ""0xffffb004a000"", ""vmr_type"": ""LIB"", ""num_pages"": 1, ""page_size"": 4096}"
RESOURCE,VMR_100002_243,VMR,,,,"{""va"": ""0xffffb004b000"", ""vmr_type"": ""LIB"", ""num_pages"": 1, ""page_size"": 4096}"
RESOURCE,VMR_100002_244,VMR,,,,"{""va"": ""0xffffb004c000"", ""vmr_type"": ""LIB"", ""num_pages"": 1, ""page_size"": 4096}"
RESOURCE,VMR_100002_245,VMR,,,,"{""va"": ""0xffffb004d000"", ""vmr_type"": ""LIB"", ""num_pages"": 1, ""page_size"": 4096}"
RESOURCE,VMR_100002_246,VMR,,,,"{""va"": ""0xffffb004e000"", ""vmr_type"": ""LIB"", ""num_pages"": 1, ""page_size"": 4096}"
RESOURCE,VMR_100002_247,VMR,,,,"{""va"": ""0xffffb004f000"", ""vmr_type"": ""LIB"", ""num_pages"": 1, ""page_size"": 4096}"
RESOURCE,VMR_100002_248,VMR,,,,"{""va"": ""0xffffb0050000"", ""vmr_type"": ""LIB"", ""num_pages"": 1, ""page_size"": 4096}"
RESOURCE,VMR_100002_249,VMR,,,,"{""va"": ""0xffffb0051000"", ""vmr_type"": ""LIB"", ""num_pages"": 1, ""page_size"": 4096}"
RESOURCE,VMR_100002_250,VMR,,,,"{""va"": ""0xffffb0052000"", ""vmr_type"": ""LIB"", ""num_pages"": 1, ""page_size"": 4096}"
RESOURCE,VMR_100002_251,VMR,,,,"{""va"": ""0xffffb0053000"", ""vmr_type"": ""LIB"", ""num_pages"": 1, ""page_size"": 4096}"
RESOURCE,VMR_100002_252,VMR,,,,"{""va"": ""0xffffb0054000"", ""vmr_type"": ""LIB"", ""num_pages"": 1, ""page_size"": 4096}"
RESOURCE,VMR_100002_253,VMR,,,,"{""va"": ""0xffffb0055000"", ""vmr_type"": ""LIB"", ""num_pages"": 1, ""page_size"": 4096}"
RESOURCE,VMR_100002_254,VMR,,,,"{""va"": ""0xffffb0056000"", ""vmr_type"": ""LIB"", ""num_pages"": 1, ""page_size"": 4096}"
RESOURCE,VMR_100002_255,VMR,,,,"{""va"": ""0xffffb0057000"", ""vmr_type"": ""LIB"", ""num_pages"": 1, ""page_size"": 4096}"
RESOURCE,VMR_100002_256,VMR,,,,"{""va"": ""0xffffb0058000"", ""vmr_type"": ""LIB"", ""num_pages"": 1, ""page_size"": 4096}"
RESOURCE,VMR_100002_257,VMR,,,,"{""va"": ""0xffffb0059000"", ""vmr_type"": ""LIB"", ""num_pages"": 1, ""page_size"": 4096}"
RESOURCE,VMR_100002_258,VMR,,,,"{""va"": ""0xffffb005a000"", ""vmr_type"": ""LIB"", ""num_pages"": 1, ""page_size"": 4096}"
RESOURCE,VMR_100002_259,VMR,,,,"{""va"": ""0xffffb005b000"", ""vmr_type"": ""LIB"", ""num_pages"": 1, ""page_size"": 4096}"
RESOURCE,VMR_100002_260,VMR,,,,"{""va"": ""0xffffb005c000"", ""vmr_type"": ""LIB"", ""num_pages"": 1, ""page_size"": 4096}"
RESOURCE,VMR_100002_261,VMR,,,,"{""va"": ""0xffffb005d000"", ""vmr_type"": ""LIB"", ""num_pages"": 1, ""page_size"": 4096}"
RESOURCE,VMR_100002_262,VMR,,,,"{""va"": ""0xffffb005e000"", ""vmr_type"": ""LIB"", ""num_pages"": 1, ""page_size"": 4096}"
RESOURCE,VMR_100002_263,VMR,,,,"{""va"": ""0xffffb005f000"", ""vmr_type"": ""LIB"", ""num_pages"": 1, ""page_size"": 4096}"
RESOURCE,VMR_100002_264,VMR,,,,"{""va"": ""0xffffb0060000"", ""vmr_type"": ""LIB"", ""num_pages"": 1, ""page_size"": 4096}"
RESOURCE,VMR_100002_265,VMR,,,,"{""va"": ""0xffffb0061000"", ""vmr_type"": ""LIB"", ""num_pages"": 1, ""page_size"": 4096}"
RESOURCE,VMR_100002_266,VMR,,,,"{""va"": ""0xffffb0062000"", ""vmr_type"": ""LIB"", ""num_pages"": 1, ""page_size"": 4096}"
RESOURCE,VMR_100002_267,VMR,,,,"{""va"": ""0xffffb0063000"", ""vmr_type"": ""LIB"", ""num_pages"": 1, ""page_size"": 4096}"
RESOURCE,VMR_100002_268,VMR,,,,"{""va"": ""0xffffb0064000"", ""vmr_type"": ""LIB"", ""num_pages"": 1, ""page_size"": 4096}"
RESOURCE,VMR_100002_269,VMR,,,,"{""va"": ""0xffffb0065000"", ""vmr_type"": ""LIB"", ""num_pages"": 1, ""page_size"": 4096}"
RESOURCE,VMR_100002_270,VMR,,,,"{""va"": ""0xffffb0066000"", ""vmr_type"": ""LIB"", ""num_pages"": 1, ""page_size"": 4096}"
RESOURCE,VMR_100002_271,VMR,,,,"{""va"": ""0xffffb0067000"", ""vmr_type"": ""LIB"", ""num_pages"": 1, ""page_size"": 4096}"
RESOURCE,VMR_100002_272,VMR,,,,"{""va"": ""0xffffb0068000"", ""vmr_type"": ""LIB"", ""num_pages"": 1, ""page_size"": 4096}"
RESOURCE,VMR_100002_273,VMR,,,,"{""va"": ""0xffffb0069000"", ""vmr_type"": ""LIB"", ""num_pages"": 1, ""page_size"": 4096}"
RESOURCE,VMR_100002_274,VMR,,,,"{""va"": ""0xffffb006a000"", ""vmr_type"": ""LIB"", ""num_pages"": 1, ""page_size"": 4096}"
RESOURCE,VMR_100002_275,VMR,,,,"{""va"": ""0xffffb006b000"", ""vmr_type"": ""LIB"", ""num_pages"": 1, ""page_size"": 4096}"
RESOURCE,VMR_100002_276,VMR,,,,"{""va"": ""0xffffb006c000"", ""vmr_type"": ""LIB"", ""num_pages"": 1, ""page_size"": 4096}"
RESOURCE,VMR_100002_277,VMR,,,,"{""va"": ""0xffffb006d000"", ""vmr_type"": ""LIB"", ""num_pages"": 1, ""page_size"": 4096}"
RESOURCE,VMR_100002_278,VMR,,,,"{""va"": ""0xffffb006e000"", ""vmr_type"": ""LIB"", ""num_pages"": 1, ""page_size"": 4096}"
RESOURCE,VMR_100002_279,VMR,,,,"{""va"": ""0xffffb006f000"", ""vmr_type"": ""LIB"", ""num_pages"": 1, ""page_size"": 4096}"
RESOURCE,VMR_100002_280,VMR,,,,"{""va"": ""0xffffb0070000"", ""vmr_type"": ""LIB"", ""num_pages"": 1, ""page_size"": 4096}"
RESOURCE,VMR_100002_281,VMR,,,,"{""va"": ""0xffffb0071000"", ""vmr_type"": ""LIB"", ""num_pages"": 1, ""page_size"": 4096}"
RESOURCE,VMR_100002_282,VMR,,,,"{""va"": ""0xffffb0072000"", ""vmr_type"": ""LIB"", ""num_pages"": 1, ""page_size"": 4096}"
RESOURCE,VMR_100002_283,VMR,,,,"{""va"": ""0xffffb0073000"", ""vmr_type"": ""LIB"", ""num_pages"": 1, ""page_size"": 4096}"
RESOURCE,VMR_100002_284,VMR,,,,"{""va"": ""0xffffb0074000"", ""vmr_type"": ""LIB"", ""num_pages"": 1, ""page_size"": 4096}"
RESOURCE,VMR_100002_285,VMR,,,,"{""va"": ""0xffffb0075000"", ""vmr_type"": ""LIB"", ""num_pages"": 1, ""page_size"": 4096}"
RESOURCE,VMR_100002_286,VMR,,,,"{""va"": ""0xffffb0076000"", ""vmr_type"": ""LIB"", ""num_pages"": 1, ""page_size"": 4096}"
RESOURCE,VMR_100002_287,VMR,,,,"{""va"": ""0xffffb0077000"", ""vmr_type"": ""LIB"", ""num_pages"": 1, ""page_size"": 4096}"
RESOURCE,VMR_100002_288,VMR,,,,"{""va"": ""0xffffb0078000"", ""vmr_type"": ""LIB"", ""num_pages"": 1, ""page_size"": 4096}"
RESOURCE,VMR_100002_289,VMR,,,,"{""va"": ""0xffffb0079000"", ""vmr_type"": ""LIB"", ""num_pages"": 1, ""page_size"": 4096}"
RESOURCE,VMR_100002_290,VMR,,,,"{""va"": ""0xffffb007a000"", ""vmr_type"": ""LIB"", ""num_pages"": 1, ""page_size"": 4096}"
RESOURCE,VMR_100002_291,VMR,,,,"{""va"": ""0xffffb007b000"", ""vmr_type"": ""LIB"", ""num_pages"": 1, ""page_size"": 4096}"
RESOURCE,VMR_100002_292,VMR,,,,"{""va"": ""0xffffb007c000"", ""vmr_type"": ""LIB"", ""num_pages"": 1, ""page_size"": 4096}"
RESOURCE,VMR_100002_293,VMR,,,,"{""va"": ""0xffffb007d000"", ""vmr_type"": ""LIB"", ""num_pages"": 1, ""page_size"": 4096}"
RESOURCE,VMR_100002_294,VMR,,,,"{""va"": ""0xffffb007e000"", ""vmr_type"": ""LIB"", ""num_pages"": 1, ""page_size"": 4096}"
RESOURCE,VMR_100002_295,VMR,,,,"{""va"": ""0xffffb007f000"", ""vmr_type"": ""LIB"", ""num_pages"": 1, ""page_size"": 4096}"
RESOURCE,VMR_100002_296,VMR,,,,"{""va"": ""0xffffb0080000"", ""vmr_type"": ""LIB"", ""num_pages"": 1, ""page_size"": 4096}"
RESOURCE,VMR_100002_297,VMR,,,,"{""va"": ""0xffffb0081000"", ""vmr_type"": ""LIB"", ""num_pages"": 1, ""page_size"": 4096}"
RESOURCE,VMR_100002_298,VMR,,,,"{""va"": ""0xffffb0082000"", ""vmr_type"": ""LIB"", ""num_pages"": 1, ""page_size"": 4096}"
RESOURCE,VMR_100002_299,VMR,,,,"{""va"": ""0xffffb0083000"", ""vmr_type"": ""LIB"", ""num_pages"": 1, ""page_size"": 4096}"
RESOURCE,VMR_100002_300,VMR,,,,"{""va"": ""0xffffb0084000"", ""vmr_type"": ""LIB"", ""num_pages"": 1, ""page_size"": 4096}"
RESOURCE,VMR_100002_301,VMR,,,,"{""va"": ""0xffffb0085000"", ""vmr_type"": ""LIB"", ""num_pages"": 1, ""page_size"": 4096}"
RESOURCE,VMR_100002_302,VMR,,,,"{""va"": ""0xffffb0086000"", ""vmr_type"": ""LIB"", ""num_pages"": 1, ""page_size"": 4096}"
RESOURCE,VMR_100002_303,VMR,,,,"{""va"": ""0xffffb0087000"", ""vmr_type"": ""LIB"", ""num_pages"": 1, ""page_size"": 4096}"
RESOURCE,VMR_100002_304,VMR,,,,"{""va"": ""0xffffb0088000"", ""vmr_type"": ""LIB"", ""num_pages"": 1, ""page_size"": 4096}"
RESOURCE,VMR_100002_305,VMR,,,,"{""va"": ""0xffffb0089000"", ""vmr_type"": ""LIB"", ""num_pages"": 1, ""page_size"": 4096}"
RESOURCE,VMR_100002_306,VMR,,,,"{""va"": ""0xffffb008a000"", ""vmr_type"": ""LIB"", ""num_pages"": 1, ""page_size"": 4096}"
RESOURCE,VMR_100002_307,VMR,,,,"{""va"": ""0xffffb008b000"", ""vmr_type"": ""LIB"", ""num_pages"": 1, ""page_size"": 4096}"
RESOURCE,VMR_100002_308,VMR,,,,"{""va"": ""0xffffb008c000"", ""vmr_type"": ""LIB"", ""num_pages"": 1, ""page_size"": 4096}"
RESOURCE,VMR_100002_309,VMR,,,,"{""va"": ""0xffffb008d000"", ""vmr_type"": ""LIB"", ""num_pages"": 1, ""page_size"": 4096}"
RESOURCE,VMR_100002_310,VMR,,,,"{""va"": ""0xffffb008e000"", ""vmr_type"": ""LIB"", ""num_pages"": 1, ""page_size"": 4096}"
RESOURCE,VMR_100002_311,VMR,,,,"{""va"": ""0xffffb008f000"", ""vmr_type"": ""LIB"", ""num_pages"": 1, ""page_size"": 4096}"
RESOURCE,VMR_100002_312,VMR,,,,"{""va"": ""0xffffb0090000"", ""vmr_type"": ""LIB"", ""num_pages"": 1, ""page_size"": 4096}"
RESOURCE,VMR_100002_313,VMR,,,,"{""va"": ""0xffffb0091000"", ""vmr_type"": ""LIB"", ""num_pages"": 1, ""page_size"": 4096}"
RESOURCE,VMR_100002_314,VMR,,,,"{""va"": ""0xffffb0092000"", ""vmr_type"": ""LIB"", ""num_pages"": 1, ""page_size"": 4096}"
RESOURCE,VMR_100002_315,VMR,,,,"{""va"": ""0xffffb0093000"", ""vmr_type"": ""LIB"", ""num_pages"": 1, ""page_size"": 4096}"
RESOURCE,VMR_100002_316,VMR,,,,"{""va"": ""0xffffb0094000"", ""vmr_type"": ""LIB"", ""num_pages"": 1, ""page_size"": 4096}"
RESOURCE,VMR_100002_317,VMR,,,,"{""va"": ""0xffffb0095000"", ""vmr_type"": ""LIB"", ""num_pages"": 1, ""page_size"": 4096}"
RESOURCE,VMR_100002_318,VMR,,,,"{""va"": ""0xffffb0096000"", ""vmr_type"": ""LIB"", ""num_pages"": 1, ""page_size"": 4096}"
RESOURCE,VMR_100002_319,VMR,,,,"{""va"": ""0xffffb0097000"", ""vmr_type"": ""LIB"", ""num_pages"": 1, ""page_size"": 4096}"
RESOURCE,VMR_100002_320,VMR,,,,"{""va"": ""0xffffb0098000"", ""vmr_type"": ""LIB"", ""num_pages"": 1, ""page_size"": 4096}"
RESOURCE,VMR_100002_321,VMR,,,,"{""va"": ""0xffffb0099000"", ""vmr_type"": ""LIB"", ""num_pages"": 1, ""page_size"": 4096}"
RESOURCE,VMR_100002_322,VMR,,,,"{""va"": ""0xffffb009a000"", ""vmr_type"": ""LIB"", ""num_pages"": 1, ""page_size"": 4096}"
RESOURCE,VMR_100002_323,VMR,,,,"{""va"": ""0xffffb009b000"", ""vmr_type"": ""LIB"", ""num_pages"": 1, ""page_size"": 4096}"
RESOURCE,VMR_100002_324,VMR,,,,"{""va"": ""0xffffb009c000"", ""vmr_type"": ""LIB"", ""num_pages"": 1, ""page_size"": 4096}"
RESOURCE,VMR_100002_325,VMR,,,,"{""va"": ""0xffffb009d000"", ""vmr_type"": ""LIB"", ""num_pages"": 1, ""page_size"": 4096}"
RESOURCE,VMR_100002_326,VMR,,,,"{""va"": ""0xffffb009e000"", ""vmr_type"": ""LIB"", ""num_pages"": 1, ""page_size"": 4096}"
RESOURCE,VMR_100002_327,VMR,,,,"{""va"": ""0xffffb009f000"", ""vmr_type"": ""LIB"", ""num_pages"": 1, ""page_size"": 4096}"
RESOURCE,VMR_100002_328,VMR,,,,"{""va"": ""0xffffb00a0000"", ""vmr_type"": ""LIB"", ""num_pages"": 1, ""page_size"": 4096}"
RESOURCE,VMR_100002_329,VMR,,,,"{""va"": ""0xffffb00a1000"", ""vmr_type"": ""LIB"", ""num_pages"": 1, ""page_size"": 4096}"
RESOURCE,VMR_100002_330,VMR,,,,"{""va"": ""0xffffb00a2000"", ""vmr_type"": ""LIB"", ""num_pages"": 1, ""page_size"": 4096}"
RESOURCE,VMR_100002_331,VMR,,,,"{""va"": ""0xffffb00a3000"", ""vmr_type"": ""LIB"", ""num_pages"": 1, ""page_size"": 4096}"
RESOURCE,VMR_100002_332,VMR,,,,"{""va"": ""0xffffb00a4000"", ""vmr_type"": ""LIB"", ""num_pages"": 1, ""page_size"": 4096}"
RESOURCE,VMR_100002_333,VMR,,,,"{""va"": ""0xffffb00a5000"", ""vmr_type"": ""LIB"", ""num_pages"": 1, ""page_size"": 4096}"
RESOURCE,VMR_100002_334,VMR,,,,"{""va"": ""0xffffb00a6000"", ""vmr_type"": ""LIB"", ""num_pages"": 1, ""page_size"": 4096}"
RESOURCE,VMR_100002_335,VMR,,,,"{""va"": ""0xffffb00a7000"", ""vmr_type"": ""LIB"", ""num_pages"": 1, ""page_size"": 4096}"
RESOURCE,VMR_100002_336,VMR,,,,"{""va"": ""0xffffb00a8000"", ""vmr_type"": ""LIB"", ""num_pages"": 1, ""page_size"": 4096}"
RESOURCE,VMR_100002_337,VMR,,,,"{""va"": ""0xffffb00a9000"", ""vmr_type"": ""LIB"", ""num_pages"": 1, ""page_size"": 4096}"
RESOURCE,VMR_100002_338,VMR,,,,"{""va"": ""0xffffb00aa000"", ""vmr_type"": ""LIB"", ""num_pages"": 1, ""page_size"": 4096}"
RESOURCE,VMR_100002_339,VMR,,,,"{""va"": ""0xffffb00ab000"", ""vmr_type"": ""LIB"", ""num_pages"": 1, ""page_size"": 4096}"
RESOURCE,VMR_100002_340,VMR,,,,"{""va"": ""0xffffb00ac000"", ""vmr_type"": ""LIB"", ""num_pages"": 1, ""page_size"": 4096}"
RESOURCE,VMR_100002_341,VMR,,,,"{""va"": ""0xffffb00ad000"", ""vmr_type"": ""LIB"", ""num_pages"": 1, ""page_size"": 4096}"
RESOURCE,VMR_100002_342,VMR,,,,"{""va"": ""0xffffb00ae000"", ""vmr_type"": ""LIB"", ""num_pages"": 1, ""page_size"": 4096}"
RESOURCE,VMR_100002_343,VMR,,,,"{""va"": ""0xffffb00af000"", ""vmr_type"": ""LIB"", ""num_pages"": 1, ""page_size"": 4096}"
RESOURCE,VMR_100002_344,VMR,,,,"{""va"": ""0xffffb00b0000"", ""vmr_type"": ""LIB"", ""num_pages"": 1, ""page_size"": 4096}"
RESOURCE,VMR_100002_345,VMR,,,,"{""va"": ""0xffffb00b1000"", ""vmr_type"": ""LIB"", ""num_pages"": 1, ""page_size"": 4096}"
RESOURCE,VMR_100002_346,VMR,,,,"{""va"": ""0xffffb00b2000"", ""vmr_type"": ""LIB"", ""num_pages"": 1, ""page_size"": 4096}"
RESOURCE,VMR_100002_347,VMR,,,,"{""va"": ""0xffffb00b3000"", ""vmr_type"": ""LIB"", ""num_pages"": 1, ""page_size"": 4096}"
RESOURCE,VMR_100002_348,VMR,,,,"{""va"": ""0xffffb00b4000"", ""vmr_type"": ""LIB"", ""num_pages"": 1, ""page_size"": 4096}"
RESOURCE,VMR_100002_349,VMR,,,,"{""va"": ""0xffffb00b5000"", ""vmr_type"": ""LIB"", ""num_pages"": 1, ""page_size"": 4096}"
RESOURCE,VMR_100002_350,VMR,,,,"{""va"": ""0xffffb00b6000"", ""vmr_type"": ""LIB"", ""num_pages"": 1, ""page_size"": 4096}"
RESOURCE,VMR_100002_351,VMR,,,,"{""va"": ""0xffffb00b7000"", ""vmr_type"": ""LIB"", ""num_pages"": 1, ""page_size"": 4096}"
RESOURCE,VMR_100002_352,VMR,,,,"{""va"": ""0xffffb00b8000"", ""vmr_type"": ""LIB"", ""num_pages"": 1, ""page_size"": 4096}"
RESOURCE,VMR_100002_353,VMR,,,,"{""va"": ""0xffffb00b9000"", ""vmr_type"": ""LIB"", ""num_pages"": 1, ""page_size"": 4096}"
RESOURCE,VMR_100002_354,VMR,,,,"{""va"": ""0xffffb00ba000"", ""vmr_type"": ""LIB"", ""num_pages"": 1, ""page_size"": 4096}"
RESOURCE,VMR_100002_355,VMR,,,,"{""va"": ""0xffffb00bb000"", ""vmr_type"": ""LIB"", ""num_pages"": 1, ""page_size"": 4096}"
RESOURCE,VMR_100002_356,VMR,,,,"{""va"": ""0xffffb00bc000"", ""vmr_type"": ""LIB"", ""num_pages"": 1, ""page_size"": 4096}"
RESOURCE,VMR_100002_357,VMR,,,,"{""va"": ""0xffffb00bd000"", ""vmr_type"": ""LIB"", ""num_pages"": 1, ""page_size"": 4096}"
RESOURCE,VMR_100002_358,VMR,,,,"{""va"": ""0xffffb00be000"", ""vmr_type"": ""LIB"", ""num_pages"": 1, ""page_size"": 4096}"
RESOURCE,VMR_100002_359,VMR,,,,"{""va"": ""0xffffb00bf000"", ""vmr_type"": ""LIB"", ""num_pages"": 1, ""page_size"": 4096}"
RESOURCE,VMR_100002_360,VMR,,,,"{""va"": ""0xffffb00c0000"", ""vmr_type"": ""LIB"", ""num_pages"": 1, ""page_size"": 4096}"
RESOURCE,VMR_100002_361,VMR,,,,"{""va"": ""0xffffb00c1000"", ""vmr_type"": ""LIB"", ""num_pages"": 1, ""page_size"": 4096}"
RESOURCE,VMR_100002_362,VMR,,,,"{""va"": ""0xffffb00c2000"", ""vmr_type"": ""LIB"", ""num_pages"": 1, ""page_size"": 4096}"
RESOURCE,VMR_100002_363,VMR,,,,"{""va"": ""0xffffb00c3000"", ""vmr_type"": ""LIB"", ""num_pages"": 1, ""page_size"": 4096}"
RESOURCE,VMR_100002_364,VMR,,,,"{""va"": ""0xffffb00c4000"", ""vmr_type"": ""LIB"", ""num_pages"": 1, ""page_size"": 4096}"
RESOURCE,VMR_100002_365,VMR,,,,"{""va"": ""0xffffb00c5000"", ""vmr_type"": ""LIB"", ""num_pages"": 1, ""page_size"": 4096}"
RESOURCE,VMR_100002_366,VMR,,,,"{""va"": ""0xffffb00c6000"", ""vmr_type"": ""LIB"", ""num_pages"": 1, ""page_size"": 4096}"
RESOURCE,VMR_100002_367,VMR,,,,"{""va"": ""0xffffb00c7000"", ""vmr_type"": ""LIB"", ""num_pages"": 1, ""page_size"": 4096}"
RESOURCE,VMR_100002_368,VMR,,,,"{""va"": ""0xffffb00c8000"", ""vmr_type"": ""LIB"", ""num_pages"": 1, ""page_size"": 4096}"
RESOURCE,VMR_100002_369,VMR,,,,"{""va"": ""0xffffb00c9000"", ""vmr_type"": ""LIB"", ""num_pages"": 1, ""page_size"": 4096}"
RESOURCE,VMR_100002_370,VMR,,,,"{""va"": ""0xffffb00ca000"", ""vmr_type"": ""LIB"", ""num_pages"": 1, ""page_size"": 4096}"
RESOURCE,VMR_100002_371,VMR,,,,"{""va"": ""0xffffb00cb000"", ""vmr_type"": ""LIB"", ""num_pages"": 1, ""page_size"": 4096}"
RESOURCE,VMR_100002_372,VMR,,,,"{""va"": ""0xffffb00cc000"", ""vmr_type"": ""LIB"", ""num_pages"": 1, ""page_size"": 4096}"
RESOURCE,VMR_100002_373,VMR,,,,"{""va"": ""0xffffb00cd000"", ""vmr_type"": ""LIB"", ""num_pages"": 1, ""page_size"": 4096}"
RESOURCE,VMR_100002_374,VMR,,,,"{""va"": ""0xffffb00ce000"", ""vmr_type"": ""LIB"", ""num_pages"": 1, ""page_size"": 4096}"
RESOURCE,VMR_100002_375,VMR,,,,"{""va"": ""0xffffb00cf000"", ""vmr_type"": ""LIB"", ""num_pages"": 1, ""page_size"": 4096}"
RESOURCE,VMR_100002_376,VMR,,,,"{""va"": ""0xffffb00d0000"", ""vmr_type"": ""NONE"", ""num_pages"": 1, ""page_size"": 4096}"
RESOURCE,VMR_100002_377,VMR,,,,"{""va"": ""0xffffb00d1000"", ""vmr_type"": ""NONE"", ""num_pages"": 1, ""page_size"": 4096}"
RESOURCE,VMR_100002_378,VMR,,,,"{""va"": ""0xffffb00d2000"", ""vmr_type"": ""NONE"", ""num_pages"": 1, ""page_size"": 4096}"
RESOURCE,VMR_100002_379,VMR,,,,"{""va"": ""0xffffb00d3000"", ""vmr_type"": ""NONE"", ""num_pages"": 1, ""page_size"": 4096}"
RESOURCE,VMR_100002_380,VMR,,,,"{""va"": ""0xffffb00d4000"", ""vmr_type"": ""NONE"", ""num_pages"": 1, ""page_size"": 4096}"
RESOURCE,VMR_100002_381,VMR,,,,"{""va"": ""0xffffb00d5000"", ""vmr_type"": ""NONE"", ""num_pages"": 1, ""page_size"": 4096}"
RESOURCE,VMR_100002_382,VMR,,,,"{""va"": ""0xffffb00d6000"", ""vmr_type"": ""NONE"", ""num_pages"": 1, ""page_size"": 4096}"
RESOURCE,VMR_100002_383,VMR,,,,"{""va"": ""0xffffb00d7000"", ""vmr_type"": ""NONE"", ""num_pages"": 1, ""page_size"": 4096}"
RESOURCE,VMR_100002_384,VMR,,,,"{""va"": ""0xffffb00d8000"", ""vmr_type"": ""NONE"", ""num_pages"": 1, ""page_size"": 4096}"
RESOURCE,VMR_100002_385,VMR,,,,"{""va"": ""0xffffb00d9000"", ""vmr_type"": ""NONE"", ""num_pages"": 1, ""page_size"": 4096}"
RESOURCE,VMR_100002_386,VMR,,,,"{""va"": ""0xffffb00da000"", ""vmr_type"": ""NONE"", ""num_pages"": 1, ""page_size"": 4096}"
RESOURCE,VMR_100002_387,VMR,,,,"{""va"": ""0xffffb00db000"", ""vmr_type"": ""NONE"", ""num_pages"": 1, ""page_size"": 4096}"
RESOURCE,VMR_100002_388,VMR,,,,"{""va"": ""0xffffb00dc000"", ""vmr_type"": ""NONE"", ""num_pages"": 1, ""page_size"": 4096}"
RESOURCE,VMR_100002_389,VMR,,,,"{""va"": ""0xffffb00dd000"", ""vmr_type"": ""NONE"", ""num_pages"": 1, ""page_size"": 4096}"
RESOURCE,VMR_100002_390,VMR,,,,"{""va"": ""0xffffb00de000"", ""vmr_type"": ""VVAR"", ""num_pages"": 1, ""page_size"": 4096}"
RESOURCE,VMR_100002_391,VMR,,,,"{""va"": ""0xffffb00df000"", ""vmr_type"": ""VVAR"", ""num_pages"": 1, ""page_size"": 4096}"
RESOURCE,VMR_100002_392,VMR,,,,"{""va"": ""0xffffb00e0000"", ""vmr_type"": ""VDSO"", ""num_pages"": 1, ""page_size"": 4096}"
RESOURCE,VMR_100002_393,VMR,,,,"{""va"": ""0xffffb00e1000"", ""vmr_type"": ""LIB"", ""num_pages"": 1, ""page_size"": 4096}"
RESOURCE,VMR_100002_394,VMR,,,,"{""va"": ""0xffffb00e2000"", ""vmr_type"": ""LIB"", ""num_pages"": 1, ""page_size"": 4096}"
RESOURCE,VMR_100002_395,VMR,,,,"{""va"": ""0xffffb00e3000"", ""vmr_type"": ""LIB"", ""num_pages"": 1, ""page_size"": 4096}"
RESOURCE,VMR_100002_396,VMR,,,,"{""va"": ""0xffffb00e4000"", ""vmr_type"": ""LIB"", ""num_pages"": 1, ""page_size"": 4096}"
RESOURCE,VMR_100002_397,VMR,,,,"{""va"": ""0xffffb00e5000"", ""vmr_type"": ""LIB"", ""num_pages"": 1, ""page_size"": 4096}"
RESOURCE,VMR_100002_398,VMR,,,,"{""va"": ""0xffffb00e6000"", ""vmr_type"": ""LIB"", ""num_pages"": 1, ""page_size"": 4096}"
RESOURCE,VMR_100002_399,VMR,,,,"{""va"": ""0xffffb00e7000"", ""vmr_type"": ""LIB"", ""num_pages"": 1, ""page_size"": 4096}"
RESOURCE,VMR_100002_400,VMR,,,,"{""va"": ""0xffffb00e8000"", ""vmr_type"": ""LIB"", ""num_pages"": 1, ""page_size"": 4096}"
RESOURCE,VMR_100002_401,VMR,,,,"{""va"": ""0xffffb00e9000"", ""vmr_type"": ""LIB"", ""num_pages"": 1, ""page_size"": 4096}"
RESOURCE,VMR_100002_402,VMR,,,,"{""va"": ""0xffffb00ea000"", ""vmr_type"": ""LIB"", ""num_pages"": 1, ""page_size"": 4096}"
RESOURCE,VMR_100002_403,VMR,,,,"{""va"": ""0xffffb00eb000"", ""vmr_type"": ""LIB"", ""num_pages"": 1, ""page_size"": 4096}"
RESOURCE,VMR_100002_404,VMR,,,,"{""va"": ""0xffffb00ec000"", ""vmr_type"": ""LIB"", ""num_pages"": 1, ""page_size"": 4096}"
RESOURCE,VMR_100002_405,VMR,,,,"{""va"": ""0xffffb00ed000"", ""vmr_type"": ""LIB"", ""num_pages"": 1, ""page_size"": 4096}"
RESOURCE,VMR_100002_406,VMR,,,,"{""va"": ""0xffffb00ee000"", ""vmr_type"": ""LIB"", ""num_pages"": 1, ""page_size"": 4096}"
RESOURCE,VMR_100002_407,VMR,,,,"{""va"": ""0xffffb00ef000"", ""vmr_type"": ""LIB"", ""num_pages"": 1, ""page_size"": 4096}"
RESOURCE,VMR_100002_408,VMR,,,,"{""va"": ""0xffffb00f0000"", ""vmr_type"": ""LIB"", ""num_pages"": 1, ""page_size"": 4096}"
RESOURCE,VMR_100002_409,VMR,,,,"{""va"": ""0xffffb00f1000"", ""vmr_type"": ""LIB"", ""num_pages"": 1, ""page_size"": 4096}"
RESOURCE,VMR_100002_410,VMR,,,,"{""va"": ""0xffffb00f2000"", ""vmr_type"": ""LIB"", ""num_pages"": 1, ""page_size"": 4096}"
RESOURCE,VMR_100002_411,VMR,,,,"{""va"": ""0xffffb00f3000"", ""vmr_type"": ""LIB"", ""num_pages"": 1, ""page_size"": 4096}"
RESOURCE,VMR_100002_412,VMR,,,,"{""va"": ""0xffffb00f4000"", ""vmr_type"": ""LIB"", ""num_pages"": 1, ""page_size"": 4096}"
RESOURCE,VMR_100002_413,VMR,,,,"{""va"": ""0xffffb00f5000"", ""vmr_type"": ""LIB"", ""num_pages"": 1, ""page_size"": 4096}"
RESOURCE,VMR_100002_414,VMR,,,,"{""va"": ""0xffffb00f6000"", ""vmr_type"": ""LIB"", ""num_pages"": 1, ""page_size"": 4096}"
RESOURCE,VMR_100002_415,VMR,,,,"{""va"": ""0xffffb00f7000"", ""vmr_type"": ""LIB"", ""num_pages"": 1, ""page_size"": 4096}"
RESOURCE,VMR_100002_416,VMR,,,,"{""va"": ""0xffffb00f8000"", ""vmr_type"": ""LIB"", ""num_pages"": 1, ""page_size"": 4096}"
RESOURCE,VMR_100002_417,VMR,,,,"{""va"": ""0xffffb00f9000"", ""vmr_type"": ""LIB"", ""num_pages"": 1, ""page_size"": 4096}"
RESOURCE,VMR_100002_418,VMR,,,,"{""va"": ""0xffffb00fa000"", ""vmr_type"": ""LIB"", ""num_pages"": 1, ""page_size"": 4096}"
RESOURCE,VMR_100002_419,VMR,,,,"{""va"": ""0xffffb00fb000"", ""vmr_type"": ""LIB"", ""num_pages"": 1, ""page_size"": 4096}"
RESOURCE,VMR_100002_420,VMR,,,,"{""va"": ""0xffffb00fc000"", ""vmr_type"": ""LIB"", ""num_pages"": 1, ""page_size"": 4096}"
RESOURCE,VMR_100002_421,VMR,,,,"{""va"": ""0xffffb00fd000"", ""vmr_type"": ""LIB"", ""num_pages"": 1, ""page_size"": 4096}"
RESOURCE,VMR_100002_422,VMR,,,,"{""va"": ""0xffffb00fe000"", ""vmr_type"": ""LIB"", ""num_pages"": 1, ""page_size"": 4096}"
RESOURCE,VMR_100002_423,VMR,,,,"{""va"": ""0xffffb00ff000"", ""vmr_type"": ""LIB"", ""num_pages"": 1, ""page_size"": 4096}"
RESOURCE,VMR_100002_424,VMR,,,,"{""va"": ""0xffffb0100000"", ""vmr_type"": ""LIB"", ""num_pages"": 1, ""page_size"": 4096}"
RESOURCE,VMR_100002_425,VMR,,,,"{""va"": ""0xffffb0101000"", ""vmr_type"": ""LIB"", ""num_pages"": 1, ""page_size"": 4096}"
RESOURCE,VMR_100002_426,VMR,,,,"{""va"": ""0xffffb0102000"", ""vmr_type"": ""LIB"", ""num_pages"": 1, ""page_size"": 4096}"
RESOURCE,VMR_100002_427,VMR,,,,"{""va"": ""0xffffb0103000"", ""vmr_type"": ""LIB"", ""num_pages"": 1, ""page_size"": 4096}"
RESOURCE,VMR_100002_428,VMR,,,,"{""va"": ""0xffffb0104000"", ""vmr_type"": ""LIB"", ""num_pages"": 1, ""page_size"": 4096}"
RESOURCE,VMR_100002_429,VMR,,,,"{""va"": ""0xffffb0105000"", ""vmr_type"": ""LIB"", ""num_pages"": 1, ""page_size"": 4096}"
RESOURCE,VMR_100002_430,VMR,,,,"{""va"": ""0xffffb0106000"", ""vmr_type"": ""LIB"", ""num_pages"": 1, ""page_size"": 4096}"
RESOURCE,VMR_100002_431,VMR,,,,"{""va"": ""0xffffb0107000"", ""vmr_type"": ""LIB"", ""num_pages"": 1, ""page_size"": 4096}"
RESOURCE,VMR_100002_432,VMR,,,,"{""va"": ""0xffffb0108000"", ""vmr_type"": ""LIB"", ""num_pages"": 1, ""page_size"": 4096}"
RESOURCE,VMR_100002_433,VMR,,,,"{""va"": ""0xffffb0109000"", ""vmr_type"": ""LIB"", ""num_pages"": 1, ""page_size"": 4096}"
RESOURCE,VMR_100002_434,VMR,,,,"{""va"": ""0xffffea7e1000"", ""vmr_type"": ""STACK"", ""num_pages"": 1, ""page_size"": 4096}"
RESOURCE,VMR_100002_435,VMR,,,,"{""va"": ""0xffffea7e2000"", ""vmr_type"": ""STACK"", ""num_pages"": 1, ""page_size"": 4096}"
RESOURCE,VMR_100002_436,VMR,,,,"{""va"": ""0xffffea7e3000"", ""vmr_type"": ""STACK"", ""num_pages"": 1, ""page_size"": 4096}"
RESOURCE,VMR_100002_437,VMR,,,,"{""va"": ""0xffffea7e4000"", ""vmr_type"": ""STACK"", ""num_pages"": 1, ""page_size"": 4096}"
RESOURCE,VMR_100002_438,VMR,,,,"{""va"": ""0xffffea7e5000"", ""vmr_type"": ""STACK"", ""num_pages"": 1, ""page_size"": 4096}"
RESOURCE,VMR_100002_439,VMR,,,,"{""va"": ""0xffffea7e6000"", ""vmr_type"": ""STACK"", ""num_pages"": 1, ""page_size"": 4096}"
RESOURCE,VMR_100002_440,VMR,,,,"{""va"": ""0xffffea7e7000"", ""vmr_type"": ""STACK"", ""num_pages"": 1, ""page_size"": 4096}"
RESOURCE,VMR_100002_441,VMR,,,,"{""va"": ""0xffffea7e8000"", ""vmr_type"": ""STACK"", ""num_pages"": 1, ""page_size"": 4096}"
RESOURCE,VMR_100002_442,VMR,,,,"{""va"": ""0xffffea7e9000"", ""vmr_type"": ""STACK"", ""num_pages"": 1, ""page_size"": 4096}"
RESOURCE,VMR_100002_443,VMR,,,,"{""va"": ""0xffffea7ea000"", ""vmr_type"": ""STACK"", ""num_pages"": 1, ""page_size"": 4096}"
RESOURCE,VMR_100002_444,VMR,,,,"{""va"": ""0xffffea7eb000"", ""vmr_type"": ""STACK"", ""num_pages"": 1, ""page_size"": 4096}"
RESOURCE,VMR_100002_445,VMR,,,,"{""va"": ""0xffffea7ec000"", ""vmr_type"": ""STACK"", ""num_pages"": 1, ""page_size"": 4096}"
RESOURCE,VMR_100002_446,VMR,,,,"{""va"": ""0xffffea7ed000"", ""vmr_type"": ""STACK"", ""num_pages"": 1, ""page_size"": 4096}"
RESOURCE,VMR_100002_447,VMR,,,,"{""va"": ""0xffffea7ee000"", ""vmr_type"": ""STACK"", ""num_pages"": 1, ""page_size"": 4096}"
RESOURCE,VMR_100002_448,VMR,,,,"{""va"": ""0xffffea7ef000"", ""vmr_type"": ""STACK"", ""num_pages"": 1, ""page_size"": 4096}"
RESOURCE,VMR_100002_449,VMR,,,,"{""va"": ""0xffffea7f0000"", ""vmr_type"": ""STACK"", ""num_pages"": 1, ""page_size"": 4096}"
RESOURCE,VMR_100002_450,VMR,,,,"{""va"": ""0xffffea7f1000"", ""vmr_type"": ""STACK"", ""num_pages"": 1, ""page_size"": 4096}"
RESOURCE,VMR_100002_451,VMR,,,,"{""va"": ""0xffffea7f2000"", ""vmr_type"": ""STACK"", ""num_pages"": 1, ""page_size"": 4096}"
RESOURCE,VMR_100002_452,VMR,,,,"{""va"": ""0xffffea7f3000"", ""vmr_type"": ""STACK"", ""num_pages"": 1, ""page_size"": 4096}"
RESOURCE,VMR_100002_453,VMR,,,,"{""va"": ""0xffffea7f4000"", ""vmr_type"": ""STACK"", ""num_pages"": 1, ""page_size"": 4096}"
RESOURCE,VMR_100002_454,VMR,,,,"{""va"": ""0xffffea7f5000"", ""vmr_type"": ""STACK"", ""num_pages"": 1, ""page_size"": 4096}"
RESOURCE,VMR_100002_455,VMR,,,,"{""va"": ""0xffffea7f6000"", ""vmr_type"": ""STACK"", ""num_pages"": 1, ""page_size"": 4096}"
RESOURCE,VMR_100002_456,VMR,,,,"{""va"": ""0xffffea7f7000"", ""vmr_type"": ""STACK"", ""num_pages"": 1, ""page_size"": 4096}"
RESOURCE,VMR_100002_457,VMR,,,,"{""va"": ""0xffffea7f8000"", ""vmr_type"": ""STACK"", ""num_pages"": 1, ""page_size"": 4096}"
RESOURCE,VMR_100002_458,VMR,,,,"{""va"": ""0xffffea7f9000"", ""vmr_type"": ""STACK"", ""num_pages"": 1, ""page_size"": 4096}"
RESOURCE,VMR_100002_459,VMR,,,,"{""va"": ""0xffffea7fa000"", ""vmr_type"": ""STACK"", ""num_pages"": 1, ""page_size"": 4096}"
RESOURCE,VMR_100002_460,VMR,,,,"{""va"": ""0xffffea7fb000"", ""vmr_type"": ""STACK"", ""num_pages"": 1, ""page_size"": 4096}"
RESOURCE,VMR_100002_461,VMR,,,,"{""va"": ""0xffffea7fc000"", ""vmr_type"": ""STACK"", ""num_pages"": 1, ""page_size"": 4096}"
RESOURCE,VMR_100002_462,VMR,,,,"{""va"": ""0xffffea7fd000"", ""vmr_type"": ""STACK"", ""num_pages"": 1, ""page_size"": 4096}"
RESOURCE,VMR_100002_463,VMR,,,,"{""va"": ""0xffffea7fe000"", ""vmr_type"": ""STACK"", ""num_pages"": 1, ""page_size"": 4096}"
RESOURCE,VMR_100002_464,VMR,,,,"{""va"": ""0xffffea7ff000"", ""vmr_type"": ""STACK"", ""num_pages"": 1, ""page_size"": 4096}"
RESOURCE,VMR_100002_465,VMR,,,,"{""va"": ""0xffffea800000"", ""vmr_type"": ""STACK"", ""num_pages"": 1, ""page_size"": 4096}"
RESOURCE,VMR_100002_466,VMR,,,,"{""va"": ""0xffffea801000"", ""vmr_type"": ""STACK"", ""num_pages"": 1, ""page_size"": 4096}"
,,RWX,HOLD,PD_100001,VMR_100002_1,
,,RWX,HOLD,PD_100001,VMR_100002_2,
,,RWX,HOLD,PD_100001,VMR_100002_3,
,,RWX,HOLD,PD_100001,VMR_100002_4,
,,RWX,HOLD,PD_100001,VMR_100002_5,
,,RWX,HOLD,PD_100001,VMR_100002_6,
,,RWX,HOLD,PD_100001,VMR_100002_7,
,,RWX,HOLD,PD_100001,VMR_100002_8,
,,RWX,HOLD,PD_100001,VMR_100002_9,
,,RWX,HOLD,PD_100001,VMR_100002_10,
,,RWX,HOLD,PD_100001,VMR_100002_11,
,,RWX,HOLD,PD_100001,VMR_100002_12,
,,RWX,HOLD,PD_100001,VMR_100002_13,
,,RWX,HOLD,PD_100001,VMR_100002_14,
,,RWX,HOLD,PD_100001,VMR_100002_15,
,,RWX,HOLD,PD_100001,VMR_100002_16,
,,RWX,HOLD,PD_100001,VMR_100002_17,
,,RWX,HOLD,PD_100001,VMR_100002_18,
,,RWX,HOLD,PD_100001,VMR_100002_19,
,,RWX,HOLD,PD_100001,VMR_100002_20,
,,RWX,HOLD,PD_100001,VMR_100002_21,
,,RWX,HOLD,PD_100001,VMR_100002_22,
,,RWX,HOLD,PD_100001,VMR_100002_23,
,,RWX,HOLD,PD_100001,VMR_100002_24,
,,RWX,HOLD,PD_100001,VMR_100002_25,
,,RWX,HOLD,PD_100001,VMR_100002_26,
,,RWX,HOLD,PD_100001,VMR_100002_27,
,,RWX,HOLD,PD_100001,VMR_100002_28,
,,RWX,HOLD,PD_100001,VMR_100002_29,
,,RWX,HOLD,PD_100001,VMR_100002_30,
,,RWX,HOLD,PD_100001,VMR_100002_31,
,,RWX,HOLD,PD_100001,VMR_100002_32,
,,RWX,HOLD,PD_100001,VMR_100002_33,
,,RWX,HOLD,PD_100001,VMR_100002_34,
,,RWX,HOLD,PD_100001,VMR_100002_35,
,,RWX,HOLD,PD_100001,VMR_100002_36,
,,RWX,HOLD,PD_100001,VMR_100002_37,
,,RWX,HOLD,PD_100001,VMR_100002_38,
,,RWX,HOLD,PD_100001,VMR_100002_39,
,,RWX,HOLD,PD_100001,VMR_100002_40,
,,RWX,HOLD,PD_100001,VMR_100002_41,
,,RWX,HOLD,PD_100001,VMR_100002_42,
,,RWX,HOLD,PD_100001,VMR_100002_43,
,,RWX,HOLD,PD_100001,VMR_100002_44,
,,RWX,HOLD,PD_100001,VMR_100002_45,
,,RWX,HOLD,PD_100001,VMR_100002_46,
,,RWX,HOLD,PD_100001,VMR_100002_47,
,,RWX,HOLD,PD_100001,VMR_100002_48,
,,RWX,HOLD,PD_100001,VMR_100002_49,
,,RWX,HOLD,PD_100001,VMR_100002_50,
,,RWX,HOLD,PD_100001,VMR_100002_51,
,,RWX,HOLD,PD_100001,VMR_100002_52,
,,RWX,HOLD,PD_100001,VMR_100002_53,
,,RWX,HOLD,PD_100001,VMR_100002_54,
,,RWX,HOLD,PD_100001,VMR_100002_55,
,,RWX,HOLD,PD_100001,VMR_100002_56,
,,RWX,HOLD,PD_100001,VMR_100002_57,
,,RWX,HOLD,PD_100001,VMR_100002_58,
,,RWX,HOLD,PD_100001,VMR_100002_59,
,,RWX,HOLD,PD_100001,VMR_100002_60,
,,RWX,HOLD,PD_100001,VMR_100002_61,
,,RWX,HOLD,PD_100001,VMR_100002_62,
,,RWX,HOLD,PD_100001,VMR_100002_63,
,,RWX,HOLD,PD_100001,VMR_100002_64,
,,RWX,HOLD,PD_100001,VMR_100002_65,
,,RWX,HOLD,PD_100001,VMR_100002_66,
,,RWX,HOLD,PD_100001,VMR_100002_67,
,,RWX,HOLD,PD_100001,VMR_100002_68,
,,RWX,HOLD,PD_100001,VMR_100002_69,
,,RWX,HOLD,PD_100001,VMR_100002_70,
,,RWX,HOLD,PD_100001,VMR_100002_71,
,,RWX,HOLD,PD_100001,VMR_100002_72,
,,RWX,HOLD,PD_100001,VMR_100002_73,
,,RWX,HOLD,PD_100001,VMR_100002_74,
,,RWX,HOLD,PD_100001,VMR_100002_75,
,,RWX,HOLD,PD_100001,VMR_100002_76,
,,RWX,HOLD,PD_100001,VMR_100002_77,
,,RWX,HOLD,PD_100001,VMR_100002_78,
,,RWX,HOLD,PD_100001,VMR_100002_79,
,,RWX,HOLD,PD_100001,VMR_100002_80,
,,RWX,HOLD,PD_100001,VMR_100002_81,
,,RWX,HOLD,PD_100001,VMR_100002_82,
,,RWX,HOLD,PD_100001,VMR_100002_83,
,,RWX,HOLD,PD_100001,VMR_100002_84,
,,RWX,HOLD,PD_100001,VMR_100002_85,
,,RWX,HOLD,PD_100001,VMR_100002_86,
,,RWX,HOLD,PD_100001,VMR_100002_87,
,,RWX,HOLD,PD_100001,VMR_100002_88,
,,RWX,HOLD,PD_100001,VMR_100002_89,
,,RWX,HOLD,PD_100001,VMR_100002_90,
,,RWX,HOLD,PD_100001,VMR_100002_91,
,,RWX,HOLD,PD_100001,VMR_100002_92,
,,RWX,HOLD,PD_100001,VMR_100002_93,
,,RWX,HOLD,PD_100001,VMR_100002_94,
,,RWX,HOLD,PD_100001,VMR_100002_95,
,,RWX,HOLD,PD_100001,VMR_100002_96,
,,RWX,HOLD,PD_100001,VMR_100002_97,
,,RWX,HOLD,PD_100001,VMR_100002_98,
,,RWX,HOLD,PD_100001,VMR_100002_99,
,,RWX,HOLD,PD_100001,VMR_100002_100,
,,RWX,HOLD,PD_100001,VMR_100002_101,
,,RWX,HOLD,PD_100001,VMR_100002_102,
,,RWX,HOLD,PD_100001,VMR_100002_103,
,,RWX,HOLD,PD_100001,VMR_100002_104,
,,RWX,HOLD,PD_100001,VMR_100002_105,
,,RWX,HOLD,PD_100001,VMR_100002_106,
,,RWX,HOLD,PD_100001,VMR_100002_107,
,,RWX,HOLD,PD_100001,VMR_100002_108,
,,RWX,HOLD,PD_100001,VMR_100002_109,
,,RWX,HOLD,PD_100001,VMR_100002_110,
,,RWX,HOLD,PD_100001,VMR_100002_111,
,,RWX,HOLD,PD_100001,VMR_100002_112,
,,RWX,HOLD,PD_100001,VMR_100002_113,
,,RWX,HOLD,PD_100001,VMR_100002_114,
,,RWX,HOLD,PD_100001,VMR_100002_115,
,,RWX,HOLD,PD_100001,VMR_100002_116,
,,RWX,HOLD,PD_100001,VMR_100002_117,
,,RWX,HOLD,PD_100001,VMR_100002_118,
,,RWX,HOLD,PD_100001,VMR_100002_119,
,,RWX,HOLD,PD_100001,VMR_100002_120,
,,RWX,HOLD,PD_100001,VMR_100002_121,
,,RWX,HOLD,PD_100001,VMR_100002_122,
,,RWX,HOLD,PD_100001,VMR_100002_123,
,,RWX,HOLD,PD_100001,VMR_100002_124,
,,RWX,HOLD,PD_100001,VMR_100002_125,
,,RWX,HOLD,PD_100001,VMR_100002_126,
,,RWX,HOLD,PD_100001,VMR_100002_127,
,,RWX,HOLD,PD_100001,VMR_100002_128,
,,RWX,HOLD,PD_100001,VMR_100002_129,
,,RWX,HOLD,PD_100001,VMR_100002_130,
,,RWX,HOLD,PD_100001,VMR_100002_131,
,,RWX,HOLD,PD_100001,VMR_100002_132,
,,RWX,HOLD,PD_100001,VMR_100002_133,
,,RWX,HOLD,PD_100001,VMR_100002_134,
,,RWX,HOLD,PD_100001,VMR_100002_135,
,,RWX,HOLD,PD_100001,VMR_100002_136,
,,RWX,HOLD,PD_100001,VMR_100002_137,
,,RWX,HOLD,PD_100001,VMR_100002_138,
,,RWX,HOLD,PD_100001,VMR_100002_139,
,,RWX,HOLD,PD_100001,VMR_100002_140,
,,RWX,HOLD,PD_100001,VMR_100002_141,
,,RWX,HOLD,PD_100001,VMR_100002_142,
,,RWX,HOLD,PD_100001,VMR_100002_143,
,,RWX,HOLD,PD_100001,VMR_100002_144,
,,RWX,HOLD,PD_100001,VMR_100002_145,
,,RWX,HOLD,PD_100001,VMR_100002_146,
,,RWX,HOLD,PD_100001,VMR_100002_147,
,,RWX,HOLD,PD_100001,VMR_100002_148,
,,RWX,HOLD,PD_100001,VMR_100002_149,
,,RWX,HOLD,PD_100001,VMR_100002_150,
,,RWX,HOLD,PD_100001,VMR_100002_151,
,,RWX,HOLD,PD_100001,VMR_100002_152,
,,RWX,HOLD,PD_100001,VMR_100002_153,
,,RWX,HOLD,PD_100001,VMR_100002_154,
,,RWX,HOLD,PD_100001,VMR_100002_155,
,,RWX,HOLD,PD_100001,VMR_100002_156,
,,RWX,HOLD,PD_100001,VMR_100002_157,
,,RWX,HOLD,PD_100001,VMR_100002_158,
,,RWX,HOLD,PD_100001,VMR_100002_159,
,,RWX,HOLD,PD_100001,VMR_100002_160,
,,RWX,HOLD,PD_100001,VMR_100002_161,
,,RWX,HOLD,PD_100001,VMR_100002_162,
,,RWX,HOLD,PD_100001,VMR_100002_163,
,,RWX,HOLD,PD_100001,VMR_100002_164,
,,RWX,HOLD,PD_100001,VMR_100002_165,
,,RWX,HOLD,PD_100001,VMR_100002_166,
,,RWX,HOLD,PD_100001,VMR_100002_167,
,,RWX,HOLD,PD_100001,VMR_100002_168,
,,RWX,HOLD,PD_100001,VMR_100002_169,
,,RWX,HOLD,PD_100001,VMR_100002_170,
,,RWX,HOLD,PD_100001,VMR_100002_171,
,,RWX,HOLD,PD_100001,VMR_100002_172,
,,RWX,HOLD,PD_100001,VMR_100002_173,
,,RWX,HOLD,PD_100001,VMR_100002_174,
,,RWX,HOLD,PD_100001,VMR_100002_175,
,,RWX,HOLD,PD_100001,VMR_100002_176,
,,RWX,HOLD,PD_100001,VMR_100002_177,
,,RWX,HOLD,PD_100001,VMR_100002_178,
,,RWX,HOLD,PD_100001,VMR_100002_179,
,,RWX,HOLD,PD_100001,VMR_100002_180,
,,RWX,HOLD,PD_100001,VMR_100002_181,
,,RWX,HOLD,PD_100001,VMR_100002_182,
,,RWX,HOLD,PD_100001,VMR_100002_183,
,,RWX,HOLD,PD_100001,VMR_100002_184,
,,RWX,HOLD,PD_100001,VMR_100002_185,
,,RWX,HOLD,PD_100001,VMR_100002_186,
,,RWX,HOLD,PD_100001,VMR_100002_187,
,,RWX,HOLD,PD_100001,VMR_100002_188,
,,RWX,HOLD,PD_100001,VMR_100002_189,
,,RWX,HOLD,PD_100001,VMR_100002_190,
,,RWX,HOLD,PD_100001,VMR_100002_191,
,,RWX,HOLD,PD_100001,VMR_100002_192,
,,RWX,HOLD,PD_100001,VMR_100002_193,
,,RWX,HOLD,PD_100001,VMR_100002_194,
,,RWX,HOLD,PD_100001,VMR_100002_195,
,,RWX,HOLD,PD_100001,VMR_100002_196,
,,RWX,HOLD,PD_100001,VMR_100002_197,
,,RWX,HOLD,PD_100001,VMR_100002_198,
,,RWX,HOLD,PD_100001,VMR_100002_199,
,,RWX,HOLD,PD_100001,VMR_100002_200,
,,RWX,HOLD,PD_100001,VMR_100002_201,
,,RWX,HOLD,PD_100001,VMR_100002_202,
,,RWX,HOLD,PD_100001,VMR_100002_203,
,,RWX,HOLD,PD_100001,VMR_100002_204,
,,RWX,HOLD,PD_100001,VMR_100002_205,
,,RWX,HOLD,PD_100001,VMR_100002_206,
,,RWX,HOLD,PD_100001,VMR_100002_207,
,,RWX,HOLD,PD_100001,VMR_100002_208,
,,RWX,HOLD,PD_100001,VMR_100002_209,
,,RWX,HOLD,PD_100001,VMR_100002_210,
,,RWX,HOLD,PD_100001,VMR_100002_211,
,,RWX,HOLD,PD_100001,VMR_100002_212,
,,RWX,HOLD,PD_100001,VMR_100002_213,
,,RWX,HOLD,PD_100001,VMR_100002_214,
,,RWX,HOLD,PD_100001,VMR_100002_215,
,,RWX,HOLD,PD_100001,VMR_100002_216,
,,RWX,HOLD,PD_100001,VMR_100002_217,
,,RWX,HOLD,PD_100001,VMR_100002_218,
,,RWX,HOLD,PD_100001,VMR_100002_219,
,,RWX,HOLD,PD_100001,VMR_100002_220,
,,RWX,HOLD,PD_100001,VMR_100002_221,
,,RWX,HOLD,PD_100001,VMR_100002_222,
,,RWX,HOLD,PD_100001,VMR_100002_223,
,,RWX,HOLD,PD_100001,VMR_100002_224,
,,RWX,HOLD,PD_100001,VMR_100002_225,
,,RWX,HOLD,PD_100001,VMR_100002_226,
,,RWX,HOLD,PD_100001,VMR_100002_227,
,,RWX,HOLD,PD_100001,VMR_100002_228,
,,RWX,HOLD,PD_100001,VMR_100002_229,
,,RWX,HOLD,PD_100001,VMR_100002_230,
,,RWX,HOLD,PD_100001,VMR_100002_231,
,,RWX,HOLD,PD_100001,VMR_100002_232,
,,RWX,HOLD,PD_100001,VMR_100002_233,
,,RWX,HOLD,PD_100001,VMR_100002_234,
,,RWX,HOLD,PD_100001,VMR_100002_235,
,,RWX,HOLD,PD_100001,VMR_100002_236,
,,RWX,HOLD,PD_100001,VMR_100002_237,
,,RWX,HOLD,PD_100001,VMR_100002_238,
,,RWX,HOLD,PD_100001,VMR_100002_239,
,,RWX,HOLD,PD_100001,VMR_100002_240,
,,RWX,HOLD,PD_100001,VMR_100002_241,
,,RWX,HOLD,PD_100001,VMR_100002_242,
,,RWX,HOLD,PD_100001,VMR_100002_243,
,,RWX,HOLD,PD_100001,VMR_100002_244,
,,RWX,HOLD,PD_100001,VMR_100002_245,
,,RWX,HOLD,PD_100001,VMR_100002_246,
,,RWX,HOLD,PD_100001,VMR_100002_247,
,,RWX,HOLD,PD_100001,VMR_100002_248,
,,RWX,HOLD,PD_100001,VMR_100002_249,
,,RWX,HOLD,PD_100001,VMR_100002_250,
,,RWX,HOLD,PD_100001,VMR_100002_251,
,,RWX,HOLD,PD_100001,VMR_100002_252,
,,RWX,HOLD,PD_100001,VMR_100002_253,
,,RWX,HOLD,PD_100001,VMR_100002_254,
,,RWX,HOLD,PD_100001,VMR_100002_255,
,,RWX,HOLD,PD_100001,VMR_100002_256,
,,RWX,HOLD,PD_100001,VMR_100002_257,
,,RWX,HOLD,PD_100001,VMR_100002_258,
,,RWX,HOLD,PD_100001,VMR_100002_259,
,,RWX,HOLD,PD_100001,VMR_100002_260,
,,RWX,HOLD,PD_100001,VMR_100002_261,
,,RWX,HOLD,PD_100001,VMR_100002_262,
,,RWX,HOLD,PD_100001,VMR_100002_263,
,,RWX,HOLD,PD_100001,VMR_100002_264,
,,RWX,HOLD,PD_100001,VMR_100002_265,
,,RWX,HOLD,PD_100001,VMR_100002_266,
,,RWX,HOLD,PD_100001,VMR_100002_267,
,,RWX,HOLD,PD_100001,VMR_100002_268,
,,RWX,HOLD,PD_100001,VMR_100002_269,
,,RWX,HOLD,PD_100001,VMR_100002_270,
,,RWX,HOLD,PD_100001,VMR_100002_271,
,,RWX,HOLD,PD_100001,VMR_100002_272,
,,RWX,HOLD,PD_100001,VMR_100002_273,
,,RWX,HOLD,PD_100001,VMR_100002_274,
,,RWX,HOLD,PD_100001,VMR_100002_275,
,,RWX,HOLD,PD_100001,VMR_100002_276,
,,RWX,HOLD,PD_100001,VMR_100002_277,
,,RWX,HOLD,PD_100001,VMR_100002_278,
,,RWX,HOLD,PD_100001,VMR_100002_279,
,,RWX,HOLD,PD_100001,VMR_100002_280,
,,RWX,HOLD,PD_100001,VMR_100002_281,
,,RWX,HOLD,PD_100001,VMR_100002_282,
,,RWX,HOLD,PD_100001,VMR_100002_283,
,,RWX,HOLD,PD_100001,VMR_100002_284,
,,RWX,HOLD,PD_100001,VMR_100002_285,
,,RWX,HOLD,PD_100001,VMR_100002_286,
,,RWX,HOLD,PD_100001,VMR_100002_287,
,,RWX,HOLD,PD_100001,VMR_100002_288,
,,RWX,HOLD,PD_100001,VMR_100002_289,
,,RWX,HOLD,PD_100001,VMR_100002_290,
,,RWX,HOLD,PD_100001,VMR_100002_291,
,,RWX,HOLD,PD_100001,VMR_100002_292,
,,RWX,HOLD,PD_100001,VMR_100002_293,
,,RWX,HOLD,PD_100001,VMR_100002_294,
,,RWX,HOLD,PD_100001,VMR_100002_295,
,,RWX,HOLD,PD_100001,VMR_100002_296,
,,RWX,HOLD,PD_100001,VMR_100002_297,
,,RWX,HOLD,PD_100001,VMR_100002_298,
,,RWX,HOLD,PD_100001,VMR_100002_299,
,,RWX,HOLD,PD_100001,VMR_100002_300,
,,RWX,HOLD,PD_100001,VMR_100002_301,
,,RWX,HOLD,PD_100001,VMR_100002_302,
,,RWX,HOLD,PD_100001,VMR_100002_303,
,,RWX,HOLD,PD_100001,VMR_100002_304,
,,RWX,HOLD,PD_100001,VMR_100002_305,
,,RWX,HOLD,PD_100001,VMR_100002_306,
,,RWX,HOLD,PD_100001,VMR_100002_307,
,,RWX,HOLD,PD_100001,VMR_100002_308,
,,RWX,HOLD,PD_100001,VMR_100002_309,
,,RWX,HOLD,PD_100001,VMR_100002_310,
,,RWX,HOLD,PD_100001,VMR_100002_311,
,,RWX,HOLD,PD_100001,VMR_100002_312,
,,RWX,HOLD,PD_100001,VMR_100002_313,
,,RWX,HOLD,PD_100001,VMR_100002_314,
,,RWX,HOLD,PD_100001,VMR_100002_315,
,,RWX,HOLD,PD_100001,VMR_100002_316,
,,RWX,HOLD,PD_100001,VMR_100002_317,
,,RWX,HOLD,PD_100001,VMR_100002_318,
,,RWX,HOLD,PD_100001,VMR_100002_319,
,,RWX,HOLD,PD_100001,VMR_100002_320,
,,RWX,HOLD,PD_100001,VMR_100002_321,
,,RWX,HOLD,PD_100001,VMR_100002_322,
,,RWX,HOLD,PD_100001,VMR_100002_323,
,,RWX,HOLD,PD_100001,VMR_100002_324,
,,RWX,HOLD,PD_100001,VMR_100002_325,
,,RWX,HOLD,PD_100001,VMR_100002_326,
,,RWX,HOLD,PD_100001,VMR_100002_327,
,,RWX,HOLD,PD_100001,VMR_100002_328,
,,RWX,HOLD,PD_100001,VMR_100002_329,
,,RWX,HOLD,PD_100001,VMR_100002_330,
,,RWX,HOLD,PD_100001,VMR_100002_331,
,,RWX,HOLD,PD_100001,VMR_100002_332,
,,RWX,HOLD,PD_100001,VMR_100002_333,
,,RWX,HOLD,PD_100001,VMR_100002_334,
,,RWX,HOLD,PD_100001,VMR_100002_335,
,,RWX,HOLD,PD_100001,VMR_100002_336,
,,RWX,HOLD,PD_100001,VMR_100002_337,
,,RWX,HOLD,PD_100001,VMR_100002_338,
,,RWX,HOLD,PD_100001,VMR_100002_339,
,,RWX,HOLD,PD_100001,VMR_100002_340,
,,RWX,HOLD,PD_100001,VMR_100002_341,
,,RWX,HOLD,PD_100001,VMR_100002_342,
,,RWX,HOLD,PD_100001,VMR_100002_343,
,,RWX,HOLD,PD_100001,VMR_100002_344,
,,RWX,HOLD,PD_100001,VMR_100002_345,
,,RWX,HOLD,PD_100001,VMR_100002_346,
,,RWX,HOLD,PD_100001,VMR_100002_347,
,,RWX,HOLD,PD_100001,VMR_100002_348,
,,RWX,HOLD,PD_100001,VMR_100002_349,
,,RWX,HOLD,PD_100001,VMR_100002_350,
,,RWX,HOLD,PD_100001,VMR_100002_351,
,,RWX,HOLD,PD_100001,VMR_100002_352,
,,RWX,HOLD,PD_100001,VMR_100002_353,
,,RWX,HOLD,PD_100001,VMR_100002_354,
,,RWX,HOLD,PD_100001,VMR_100002_355,
,,RWX,HOLD,PD_100001,VMR_100002_356,
,,RWX,HOLD,PD_100001,VMR_100002_357,
,,RWX,HOLD,PD_100001,VMR_100002_358,
,,RWX,HOLD,PD_100001,VMR_100002_359,
,,RWX,HOLD,PD_100001,VMR_100002_360,
,,RWX,HOLD,PD_100001,VMR_100002_361,
,,RWX,HOLD,PD_100001,VMR_100002_362,
,,RWX,HOLD,PD_100001,VMR_100002_363,
,,RWX,HOLD,PD_100001,VMR_100002_364,
,,RWX,HOLD,PD_100001,VMR_100002_365,
,,RWX,HOLD,PD_100001,VMR_100002_366,
,,RWX,HOLD,PD_100001,VMR_100002_367,
,,RWX,HOLD,PD_100001,VMR_100002_368,
,,RWX,HOLD,PD_100001,VMR_100002_369,
,,RWX,HOLD,PD_100001,VMR_100002_370,
,,RWX,HOLD,PD_100001,VMR_100002_371,
,,RWX,HOLD,PD_100001,VMR_100002_372,
,,RWX,HOLD,PD_100001,VMR_100002_373,
,,RWX,HOLD,PD_100001,VMR_100002_374,
,,RWX,HOLD,PD_100001,VMR_100002_375,
,,RWX,HOLD,PD_100001,VMR_100002_376,
,,RWX,HOLD,PD_100001,VMR_100002_377,
,,RWX,HOLD,PD_100001,VMR_100002_378,
,,RWX,HOLD,PD_100001,VMR_100002_379,
,,RWX,HOLD,PD_100001,VMR_100002_380,
,,RWX,HOLD,PD_100001,VMR_100002_381,
,,RWX,HOLD,PD_100001,VMR_100002_382,
,,RWX,HOLD,PD_100001,VMR_100002_383,
,,RWX,HOLD,PD_100001,VMR_100002_384,
,,RWX,HOLD,PD_100001,VMR_100002_385,
,,RWX,HOLD,PD_100001,VMR_100002_386,
,,RWX,HOLD,PD_100001,VMR_100002_387,
,,RWX,HOLD,PD_100001,VMR_100002_388,
,,RWX,HOLD,PD_100001,VMR_100002_389,
,,RWX,HOLD,PD_100001,VMR_100002_390,
,,RWX,HOLD,PD_100001,VMR_100002_391,
,,RWX,HOLD,PD_100001,VMR_100002_392,
,,RWX,HOLD,PD_100001,VMR_100002_393,
,,RWX,HOLD,PD_100001,VMR_100002_394,
,,RWX,HOLD,PD_100001,VMR_100002_395,
,,RWX,HOLD,PD_100001,VMR_100002_396,
,,RWX,HOLD,PD_100001,VMR_100002_397,
,,RWX,HOLD,PD_100001,VMR_100002_398,
,,RWX,HOLD,PD_100001,VMR_100002_399,
,,RWX,HOLD,PD_100001,VMR_100002_400,
,,RWX,HOLD,PD_100001,VMR_100002_401,
,,RWX,HOLD,PD_100001,VMR_100002_402,
,,RWX,HOLD,PD_100001,VMR_100002_403,
,,RWX,HOLD,PD_100001,VMR_100002_404,
,,RWX,HOLD,PD_100001,VMR_100002_405,
,,RWX,HOLD,PD_100001,VMR_100002_406,
,,RWX,HOLD,PD_100001,VMR_100002_407,
,,RWX,HOLD,PD_100001,VMR_100002_408,
,,RWX,HOLD,PD_100001,VMR_100002_409,
,,RWX,HOLD,PD_100001,VMR_100002_410,
,,RWX,HOLD,PD_100001,VMR_100002_411,
,,RWX,HOLD,PD_100001,VMR_100002_412,
,,RWX,HOLD,PD_100001,VMR_100002_413,
,,RWX,HOLD,PD_100001,VMR_100002_414,
,,RWX,HOLD,PD_100001,VMR_100002_415,
,,RWX,HOLD,PD_100001,VMR_100002_416,
,,RWX,HOLD,PD_100001,VMR_100002_417,
,,RWX,HOLD,PD_100001,VMR_100002_418,
,,RWX,HOLD,PD_100001,VMR_100002_419,
,,RWX,HOLD,PD_100001,VMR_100002_420,
,,RWX,HOLD,PD_100001,VMR_100002_421,
,,RWX,HOLD,PD_100001,VMR_100002_422,
,,RWX,HOLD,PD_100001,VMR_100002_423,
,,RWX,HOLD,PD_100001,VMR_100002_424,
,,RWX,HOLD,PD_100001,VMR_100002_425,
,,RWX,HOLD,PD_100001,VMR_100002_426,
,,RWX,HOLD,PD_100001,VMR_100002_427,
,,RWX,HOLD,PD_100001,VMR_100002_428,
,,RWX,HOLD,PD_100001,VMR_100002_429,
,,RWX,HOLD,PD_100001,VMR_100002_430,
,,RWX,HOLD,PD_100001,VMR_100002_431,
,,RWX,HOLD,PD_100001,VMR_100002_432,
,,RWX,HOLD,PD_100001,VMR_100002_433,
,,RWX,HOLD,PD_100001,VMR_100002_434,
,,RWX,HOLD,PD_100001,VMR_100002_435,
,,RWX,HOLD,PD_100001,VMR_100002_436,
,,RWX,HOLD,PD_100001,VMR_100002_437,
,,RWX,HOLD,PD_100001,VMR_100002_438,
,,RWX,HOLD,PD_100001,VMR_100002_439,
,,RWX,HOLD,PD_100001,VMR_100002_440,
,,RWX,HOLD,PD_100001,VMR_100002_441,
,,RWX,HOLD,PD_100001,VMR_100002_442,
,,RWX,HOLD,PD_100001,VMR_100002_443,
,,RWX,HOLD,PD_100001,VMR_100002_444,
,,RWX,HOLD,PD_100001,VMR_100002_445,
,,RWX,HOLD,PD_100001,VMR_100002_446,
,,RWX,HOLD,PD_100001,VMR_100002_447,
,,RWX,HOLD,PD_100001,VMR_100002_448,
,,RWX,HOLD,PD_100001,VMR_100002_449,
,,RWX,HOLD,PD_100001,VMR_100002_450,
,,RWX,HOLD,PD_100001,VMR_100002_451,
,,RWX,HOLD,PD_100001,VMR_100002_452,
,,RWX,HOLD,PD_100001,VMR_100002_453,
,,RWX,HOLD,PD_100001,VMR_100002_454,
,,RWX,HOLD,PD_100001,VMR_100002_455,
,,RWX,HOLD,PD_100001,VMR_100002_456,
,,RWX,HOLD,PD_100001,VMR_100002_457,
,,RWX,HOLD,PD_100001,VMR_100002_458,
,,RWX,HOLD,PD_100001,VMR_100002_459,
,,RWX,HOLD,PD_100001,VMR_100002_460,
,,RWX,HOLD,PD_100001,VMR_100002_461,
,,RWX,HOLD,PD_100001,VMR_100002_462,
,,RWX,HOLD,PD_100001,VMR_100002_463,
,,RWX,HOLD,PD_100001,VMR_100002_464,
,,RWX,HOLD,PD_100001,VMR_100002_465,
,,RWX,HOLD,PD_100001,VMR_100002_466,
,,NONE,SUBSET,MO_100001_1,MO_SPACE_100001,
,,NONE,SUBSET,MO_100001_2,MO_SPACE_100001,
,,NONE,SUBSET,MO_100001_3,MO_SPACE_100001,
,,NONE,SUBSET,MO_100001_4,MO_SPACE_100001,
,,NONE,SUBSET,MO_100001_5,MO_SPACE_100001,
,,NONE,SUBSET,MO_100001_6,MO_SPACE_100001,
,,NONE,SUBSET,MO_100001_7,MO_SPACE_100001,
,,NONE,SUBSET,MO_100001_8,MO_SPACE_100001,
,,NONE,SUBSET,MO_100001_9,MO_SPACE_100001,
,,NONE,SUBSET,MO_100001_10,MO_SPACE_100001,
,,NONE,SUBSET,MO_100001_11,MO_SPACE_100001,
,,NONE,SUBSET,MO_100001_12,MO_SPACE_100001,
,,NONE,SUBSET,MO_100001_13,MO_SPACE_100001,
,,NONE,SUBSET,MO_100001_14,MO_SPACE_100001,
,,NONE,SUBSET,MO_100001_15,MO_SPACE_100001,
,,NONE,SUBSET,MO_100001_16,MO_SPACE_100001,
,,NONE,SUBSET,MO_100001_17,MO_SPACE_100001,
,,NONE,SUBSET,MO_100001_18,MO_SPACE_100001,
,,NONE,SUBSET,MO_100001_19,MO_SPACE_100001,
,,NONE,SUBSET,MO_100001_20,MO_SPACE_100001,
,,NONE,SUBSET,MO_100001_21,MO_SPACE_100001,
,,NONE,SUBSET,MO_100001_22,MO_SPACE_100001,
,,NONE,SUBSET,MO_100001_23,MO_SPACE_100001,
,,NONE,SUBSET,MO_100001_24,MO_SPACE_100001,
,,NONE,SUBSET,MO_100001_25,MO_SPACE_100001,
,,NONE,SUBSET,MO_100001_26,MO_SPACE_100001,
,,NONE,SUBSET,MO_100001_27,MO_SPACE_100001,
,,NONE,SUBSET,MO_100001_28,MO_SPACE_100001,
,,NONE,SUBSET,MO_100001_29,MO_SPACE_100001,
,,NONE,SUBSET,MO_100001_30,MO_SPACE_100001,
,,NONE,SUBSET,MO_100001_31,MO_SPACE_100001,
,,NONE,SUBSET,MO_100001_32,MO_SPACE_100001,
,,NONE,SUBSET,MO_100001_33,MO_SPACE_100001,
,,NONE,SUBSET,MO_100001_34,MO_SPACE_100001,
,,NONE,SUBSET,MO_100001_35,MO_SPACE_100001,
,,NONE,SUBSET,MO_100001_36,MO_SPACE_100001,
,,NONE,SUBSET,MO_100001_37,MO_SPACE_100001,
,,NONE,SUBSET,MO_100001_38,MO_SPACE_100001,
,,NONE,SUBSET,MO_100001_39,MO_SPACE_100001,
,,NONE,SUBSET,MO_100001_40,MO_SPACE_100001,
,,NONE,SUBSET,MO_100001_41,MO_SPACE_100001,
,,NONE,SUBSET,MO_100001_42,MO_SPACE_100001,
,,NONE,SUBSET,MO_100001_43,MO_SPACE_100001,
,,NONE,SUBSET,MO_100001_44,MO_SPACE_100001,
,,NONE,SUBSET,MO_100001_45,MO_SPACE_100001,
,,NONE,SUBSET,MO_100001_46,MO_SPACE_100001,
,,NONE,SUBSET,MO_100001_47,MO_SPACE_100001,
,,NONE,SUBSET,MO_100001_48,MO_SPACE_100001,
,,NONE,SUBSET,MO_100001_49,MO_SPACE_100001,
,,NONE,SUBSET,MO_100001_50,MO_SPACE_100001,
,,NONE,SUBSET,MO_100001_51,MO_SPACE_100001,
,,NONE,SUBSET,MO_100001_52,MO_SPACE_100001,
,,NONE,SUBSET,MO_100001_53,MO_SPACE_100001,
,,NONE,SUBSET,MO_100001_54,MO_SPACE_100001,
,,NONE,SUBSET,MO_100001_55,MO_SPACE_100001,
,,NONE,SUBSET,MO_100001_56,MO_SPACE_100001,
,,NONE,SUBSET,MO_100001_57,MO_SPACE_100001,
,,NONE,SUBSET,MO_100001_58,MO_SPACE_100001,
,,NONE,SUBSET,MO_100001_59,MO_SPACE_100001,
,,NONE,SUBSET,MO_100001_60,MO_SPACE_100001,
,,NONE,SUBSET,MO_100001_61,MO_SPACE_100001,
,,NONE,SUBSET,MO_100001_62,MO_SPACE_100001,
,,NONE,SUBSET,MO_100001_63,MO_SPACE_100001,
,,NONE,SUBSET,MO_100001_64,MO_SPACE_100001,
,,NONE,SUBSET,MO_100001_65,MO_SPACE_100001,
,,NONE,SUBSET,MO_100001_66,MO_SPACE_100001,
,,NONE,SUBSET,MO_100001_67,MO_SPACE_100001,
,,NONE,SUBSET,MO_100001_68,MO_SPACE_100001,
,,NONE,SUBSET,MO_100001_69,MO_SPACE_100001,
,,NONE,SUBSET,MO_100001_70,MO_SPACE_100001,
,,NONE,SUBSET,MO_100001_71,MO_SPACE_100001,
,,NONE,SUBSET,MO_100001_72,MO_SPACE_100001,
,,NONE,SUBSET,MO_100001_73,MO_SPACE_100001,
,,NONE,SUBSET,MO_100001_74,MO_SPACE_100001,
,,NONE,SUBSET,MO_100001_75,MO_SPACE_100001,
,,NONE,SUBSET,MO_100001_76,MO_SPACE_100001,
,,NONE,SUBSET,MO_100001_77,MO_SPACE_100001,
,,NONE,SUBSET,MO_100001_78,MO_SPACE_100001,
,,NONE,SUBSET,MO_100001_79,MO_SPACE_100001,
,,NONE,SUBSET,MO_100001_80,MO_SPACE_100001,
,,NONE,SUBSET,MO_100001_81,MO_SPACE_100001,
,,NONE,SUBSET,MO_100001_82,MO_SPACE_100001,
,,NONE,SUBSET,MO_100001_83,MO_SPACE_100001,
,,NONE,SUBSET,MO_100001_84,MO_SPACE_100001,
,,NONE,SUBSET,MO_100001_85,MO_SPACE_100001,
,,NONE,SUBSET,MO_100001_86,MO_SPACE_100001,
,,NONE,SUBSET,MO_100001_87,MO_SPACE_100001,
,,NONE,SUBSET,MO_100001_88,MO_SPACE_100001,
,,NONE,SUBSET,MO_100001_89,MO_SPACE_100001,
,,NONE,SUBSET,MO_100001_90,MO_SPACE_100001,
,,NONE,SUBSET,MO_100001_91,MO_SPACE_100001,
,,NONE,SUBSET,MO_100001_92,MO_SPACE_100001,
,,NONE,SUBSET,MO_100001_93,MO_SPACE_100001,
,,NONE,SUBSET,MO_100001_94,MO_SPACE_100001,
,,NONE,SUBSET,MO_100001_95,MO_SPACE_100001,
,,NONE,SUBSET,MO_100001_96,MO_SPACE_100001,
,,NONE,SUBSET,MO_100001_97,MO_SPACE_100001,
,,NONE,SUBSET,MO_100001_98,MO_SPACE_100001,
,,NONE,SUBSET,MO_100001_99,MO_SPACE_100001,
,,NONE,SUBSET,MO_100001_100,MO_SPACE_100001,
,,NONE,SUBSET,MO_100001_101,MO_SPACE_100001,
,,NONE,SUBSET,MO_100001_102,MO_SPACE_100001,
,,NONE,SUBSET,MO_100001_103,MO_SPACE_100001,
,,NONE,SUBSET,MO_100001_104,MO_SPACE_100001,
,,NONE,SUBSET,MO_100001_105,MO_SPACE_100001,
,,NONE,SUBSET,MO_100001_106,MO_SPACE_100001,
,,NONE,SUBSET,MO_100001_107,MO_SPACE_100001,
,,NONE,SUBSET,MO_100001_108,MO_SPACE_100001,
,,NONE,SUBSET,MO_100001_109,MO_SPACE_100001,
,,NONE,SUBSET,MO_100001_110,MO_SPACE_100001,
,,NONE,SUBSET,MO_100001_111,MO_SPACE_100001,
,,NONE,SUBSET,MO_100001_112,MO_SPACE_100001,
,,NONE,SUBSET,MO_100001_113,MO_SPACE_100001,
,,NONE,SUBSET,MO_100001_114,MO_SPACE_100001,
,,NONE,SUBSET,MO_100001_115,MO_SPACE_100001,
,,NONE,SUBSET,MO_100001_116,MO_SPACE_100001,
,,NONE,SUBSET,MO_100001_117,MO_SPACE_100001,
,,NONE,SUBSET,MO_100001_118,MO_SPACE_100001,
,,NONE,SUBSET,MO_100001_119,MO_SPACE_100001,
,,NONE,SUBSET,MO_100001_120,MO_SPACE_100001,
,,NONE,SUBSET,MO_100001_121,MO_SPACE_100001,
,,NONE,SUBSET,MO_100001_122,MO_SPACE_100001,
,,NONE,SUBSET,MO_100001_123,MO_SPACE_100001,
,,NONE,SUBSET,MO_100001_124,MO_SPACE_100001,
,,NONE,SUBSET,MO_100001_125,MO_SPACE_100001,
,,NONE,SUBSET,MO_100001_126,MO_SPACE_100001,
,,NONE,SUBSET,MO_100001_127,MO_SPACE_100001,
,,NONE,SUBSET,MO_100001_128,MO_SPACE_100001,
,,NONE,SUBSET,MO_100001_129,MO_SPACE_100001,
,,NONE,SUBSET,MO_100001_130,MO_SPACE_100001,
,,NONE,SUBSET,MO_100001_131,MO_SPACE_100001,
,,NONE,SUBSET,MO_100001_132,MO_SPACE_100001,
,,NONE,SUBSET,MO_100001_133,MO_SPACE_100001,
,,NONE,SUBSET,MO_100001_134,MO_SPACE_100001,
,,NONE,SUBSET,MO_100001_135,MO_SPACE_100001,
,,NONE,SUBSET,MO_100001_136,MO_SPACE_100001,
,,NONE,SUBSET,MO_100001_137,MO_SPACE_100001,
,,NONE,SUBSET,MO_100001_138,MO_SPACE_100001,
,,NONE,SUBSET,MO_100001_139,MO_SPACE_100001,
,,NONE,SUBSET,MO_100001_140,MO_SPACE_100001,
,,NONE,SUBSET,MO_100001_141,MO_SPACE_100001,
,,NONE,SUBSET,MO_100001_142,MO_SPACE_100001,
,,NONE,SUBSET,MO_100001_143,MO_SPACE_100001,
,,NONE,SUBSET,MO_100001_144,MO_SPACE_100001,
,,NONE,SUBSET,MO_100001_145,MO_SPACE_100001,
,,NONE,SUBSET,MO_100001_146,MO_SPACE_100001,
,,NONE,SUBSET,MO_100001_147,MO_SPACE_100001,
,,NONE,SUBSET,MO_100001_148,MO_SPACE_100001,
,,NONE,SUBSET,MO_100001_149,MO_SPACE_100001,
,,NONE,SUBSET,MO_100001_150,MO_SPACE_100001,
,,NONE,SUBSET,MO_100001_151,MO_SPACE_100001,
,,NONE,SUBSET,MO_100001_152,MO_SPACE_100001,
,,NONE,SUBSET,MO_100001_153,MO_SPACE_100001,
,,NONE,SUBSET,MO_100001_154,MO_SPACE_100001,
,,NONE,SUBSET,MO_100001_155,MO_SPACE_100001,
,,NONE,SUBSET,MO_100001_156,MO_SPACE_100001,
,,NONE,SUBSET,MO_100001_157,MO_SPACE_100001,
,,NONE,SUBSET,MO_100001_158,MO_SPACE_100001,
,,NONE,SUBSET,MO_100001_159,MO_SPACE_100001,
,,NONE,SUBSET,MO_100001_160,MO_SPACE_100001,
,,NONE,SUBSET,MO_100001_161,MO_SPACE_100001,
,,NONE,SUBSET,MO_100001_162,MO_SPACE_100001,
,,NONE,SUBSET,MO_100001_163,MO_SPACE_100001,
,,NONE,SUBSET,MO_100001_164,MO_SPACE_100001,
,,NONE,SUBSET,MO_100001_165,MO_SPACE_100001,
,,NONE,SUBSET,MO_100001_166,MO_SPACE_100001,
,,NONE,SUBSET,MO_100001_167,MO_SPACE_100001,
,,NONE,SUBSET,MO_100001_168,MO_SPACE_100001,
,,NONE,SUBSET,MO_100001_169,MO_SPACE_100001,
,,NONE,SUBSET,MO_100001_170,MO_SPACE_100001,
,,NONE,SUBSET,MO_100001_171,MO_SPACE_100001,
,,NONE,SUBSET,MO_100001_172,MO_SPACE_100001,
,,NONE,SUBSET,MO_100001_173,MO_SPACE_100001,
,,NONE,SUBSET,MO_100001_174,MO_SPACE_100001,
,,NONE,SUBSET,MO_100001_175,MO_SPACE_100001,
,,NONE,SUBSET,MO_100001_176,MO_SPACE_100001,
,,NONE,SUBSET,MO_100001_177,MO_SPACE_100001,
,,NONE,SUBSET,MO_100001_178,MO_SPACE_100001,
,,NONE,SUBSET,MO_100001_179,MO_SPACE_100001,
,,NONE,SUBSET,MO_100001_180,MO_SPACE_100001,
,,NONE,SUBSET,MO_100001_181,MO_SPACE_100001,
,,NONE,SUBSET,MO_100001_182,MO_SPACE_100001,
,,NONE,SUBSET,MO_100001_183,MO_SPACE_100001,
,,NONE,SUBSET,MO_100001_184,MO_SPACE_100001,
,,NONE,SUBSET,MO_100001_185,MO_SPACE_100001,
,,NONE,SUBSET,MO_100001_186,MO_SPACE_100001,
,,NONE,SUBSET,MO_100001_187,MO_SPACE_100001,
,,NONE,SUBSET,MO_100001_188,MO_SPACE_100001,
,,NONE,SUBSET,MO_100001_189,MO_SPACE_100001,
,,NONE,SUBSET,MO_100001_190,MO_SPACE_100001,
,,NONE,SUBSET,MO_100001_191,MO_SPACE_100001,
,,NONE,SUBSET,MO_100001_192,MO_SPACE_100001,
,,NONE,SUBSET,MO_100001_193,MO_SPACE_100001,
,,NONE,SUBSET,MO_100001_194,MO_SPACE_100001,
,,NONE,SUBSET,MO_100001_195,MO_SPACE_100001,
,,NONE,SUBSET,MO_100001_196,MO_SPACE_100001,
,,NONE,SUBSET,MO_100001_197,MO_SPACE_100001,
,,NONE,SUBSET,MO_100001_198,MO_SPACE_100001,
,,NONE,SUBSET,MO_100001_199,MO_SPACE_100001,
,,NONE,SUBSET,MO_100001_200,MO_SPACE_100001,
,,NONE,SUBSET,MO_100001_201,MO_SPACE_100001,
,,NONE,SUBSET,MO_100001_202,MO_SPACE_100001,
,,NONE,SUBSET,MO_100001_203,MO_SPACE_100001,
,,NONE,SUBSET,MO_100001_204,MO_SPACE_100001,
,,NONE,SUBSET,MO_100001_205,MO_SPACE_100001,
,,NONE,SUBSET,MO_100001_206,MO_SPACE_100001,
,,NONE,SUBSET,MO_100001_207,MO_SPACE_100001,
,,NONE,SUBSET,MO_100001_208,MO_SPACE_100001,
,,NONE,SUBSET,MO_100001_209,MO_SPACE_100001,
,,NONE,SUBSET,MO_100001_210,MO_SPACE_100001,
,,NONE,SUBSET,MO_100001_211,MO_SPACE_100001,
,,NONE,SUBSET,MO_100001_212,MO_SPACE_100001,
,,NONE,SUBSET,MO_100001_213,MO_SPACE_100001,
,,NONE,SUBSET,MO_100001_214,MO_SPACE_100001,
,,NONE,SUBSET,MO_100001_215,MO_SPACE_100001,
,,NONE,SUBSET,MO_100001_216,MO_SPACE_100001,
,,NONE,SUBSET,MO_100001_217,MO_SPACE_100001,
,,NONE,SUBSET,MO_100001_218,MO_SPACE_100001,
,,NONE,SUBSET,MO_100001_219,MO_SPACE_100001,
,,NONE,SUBSET,MO_100001_220,MO_SPACE_100001,
,,NONE,SUBSET,MO_100001_221,MO_SPACE_100001,
,,NONE,SUBSET,MO_100001_222,MO_SPACE_100001,
,,NONE,SUBSET,MO_100001_223,MO_SPACE_100001,
,,NONE,SUBSET,MO_100001_224,MO_SPACE_100001,
,,NONE,SUBSET,MO_100001_225,MO_SPACE_100001,
,,NONE,SUBSET,MO_100001_226,MO_SPACE_100001,
,,NONE,SUBSET,MO_100001_227,MO_SPACE_100001,
,,NONE,SUBSET,MO_100001_228,MO_SPACE_100001,
,,NONE,SUBSET,MO_100001_229,MO_SPACE_100001,
,,NONE,SUBSET,MO_100001_230,MO_SPACE_100001,
,,NONE,SUBSET,MO_100001_231,MO_SPACE_100001,
,,NONE,SUBSET,MO_100001_232,MO_SPACE_100001,
,,NONE,SUBSET,MO_100001_233,MO_SPACE_100001,
,,NONE,SUBSET,MO_100001_234,MO_SPACE_100001,
,,NONE,SUBSET,MO_100001_235,MO_SPACE_100001,
,,NONE,SUBSET,MO_100001_236,MO_SPACE_100001,
,,NONE,SUBSET,MO_100001_237,MO_SPACE_100001,
,,NONE,SUBSET,MO_100001_238,MO_SPACE_100001,
,,NONE,SUBSET,MO_100001_239,MO_SPACE_100001,
,,NONE,SUBSET,MO_100001_240,MO_SPACE_100001,
,,NONE,SUBSET,MO_100001_241,MO_SPACE_100001,
,,NONE,SUBSET,MO_100001_242,MO_SPACE_100001,
,,NONE,SUBSET,MO_100001_243,MO_SPACE_100001,
,,NONE,SUBSET,MO_100001_244,MO_SPACE_100001,
,,NONE,SUBSET,MO_100001_245,MO_SPACE_100001,
,,NONE,SUBSET,MO_100001_246,MO_SPACE_100001,
,,NONE,SUBSET,MO_100001_247,MO_SPACE_100001,
,,NONE,SUBSET,MO_100001_248,MO_SPACE_100001,
,,NONE,SUBSET,MO_100001_249,MO_SPACE_100001,
,,NONE,SUBSET,MO_100001_250,MO_SPACE_100001,
,,NONE,SUBSET,MO_100001_251,MO_SPACE_100001,
,,NONE,SUBSET,MO_100001_252,MO_SPACE_100001,
,,NONE,SUBSET,MO_100001_253,MO_SPACE_100001,
,,NONE,SUBSET,MO_100001_254,MO_SPACE_100001,
,,NONE,SUBSET,MO_100001_255,MO_SPACE_100001,
,,NONE,SUBSET,MO_100001_256,MO_SPACE_100001,
,,VMR,REQUEST,PD_100002,PD_100001,
,,RXP,HOLD,PD_100002,VMR_100002_1,
,,RP,HOLD,PD_100002,VMR_100002_2,
,,RWP,HOLD,PD_100002,VMR_100002_3,
,,RWP,HOLD,PD_100002,VMR_100002_4,
,,RWP,HOLD,PD_100002,VMR_100002_5,
,,RWP,HOLD,PD_100002,VMR_100002_6,
,,RWP,HOLD,PD_100002,VMR_100002_7,
,,RWP,HOLD,PD_100002,VMR_100002_8,
,,RWP,HOLD,PD_100002,VMR_100002_9,
,,RWP,HOLD,PD_100002,VMR_100002_10,
,,RWP,HOLD,PD_100002,VMR_100002_11,
,,RWP,HOLD,PD_100002,VMR_100002_12,
,,RWP,HOLD,PD_100002,VMR_100002_13,
,,RWP,HOLD,PD_100002,VMR_100002_14,
,,RWP,HOLD,PD_100002,VMR_100002_15,
,,RWP,HOLD,PD_100002,VMR_100002_16,
,,RWP,HOLD,PD_100002,VMR_100002_17,
,,RWP,HOLD,PD_100002,VMR_100002_18,
,,RWP,HOLD,PD_100002,VMR_100002_19,
,,RWP,HOLD,PD_100002,VMR_100002_20,
,,RWP,HOLD,PD_100002,VMR_100002_21,
,,RWP,HOLD,PD_100002,VMR_100002_22,
,,RWP,HOLD,PD_100002,VMR_100002_23,
,,RWP,HOLD,PD_100002,VMR_100002_24,
,,RWP,HOLD,PD_100002,VMR_100002_25,
,,RWP,HOLD,PD_100002,VMR_100002_26,
,,RWP,HOLD,PD_100002,VMR_100002_27,
,,RWP,HOLD,PD_100002,VMR_100002_28,
,,RWP,HOLD,PD_100002,VMR_100002_29,
,,RWP,HOLD,PD_100002,VMR_100002_30,
,,RWP,HOLD,PD_100002,VMR_100002_31,
,,RWP,HOLD,PD_100002,VMR_100002_32,
,,RWP,HOLD,PD_100002,VMR_100002_33,
,,RWP,HOLD,PD_100002,VMR_100002_34,
,,RWP,HOLD,PD_100002,VMR_100002_35,
,,RWP,HOLD,PD_100002,VMR_100002_36,
,,RXP,HOLD,PD_100002,VMR_100002_37,
,,RXP,HOLD,PD_100002,VMR_100002_38,
,,RXP,HOLD,PD_100002,VMR_100002_39,
,,RXP,HOLD,PD_100002,VMR_100002_40,
,,RXP,HOLD,PD_100002,VMR_100002_41,
,,RXP,HOLD,PD_100002,VMR_100002_42,
,,RXP,HOLD,PD_100002,VMR_100002_43,
,,RXP,HOLD,PD_100002,VMR_100002_44,
,,RXP,HOLD,PD_100002,VMR_100002_45,
,,RXP,HOLD,PD_100002,VMR_100002_46,
,,RXP,HOLD,PD_100002,VMR_100002_47,
,,RXP,HOLD,PD_100002,VMR_100002_48,
,,RXP,HOLD,PD_100002,VMR_100002_49,
,,RXP,HOLD,PD_100002,VMR_100002_50,
,,RXP,HOLD,PD_100002,VMR_100002_51,
,,RXP,HOLD,PD_100002,VMR_100002_52,
,,RXP,HOLD,PD_100002,VMR_100002_53,
,,RXP,HOLD,PD_100002,VMR_100002_54,
,,RXP,HOLD,PD_100002,VMR_100002_55,
,,RXP,HOLD,PD_100002,VMR_100002_56,
,,RXP,HOLD,PD_100002,VMR_100002_57,
,,RXP,HOLD,PD_100002,VMR_100002_58,
,,RXP,HOLD,PD_100002,VMR_100002_59,
,,RXP,HOLD,PD_100002,VMR_100002_60,
,,RXP,HOLD,PD_100002,VMR_100002_61,
,,RXP,HOLD,PD_100002,VMR_100002_62,
,,RXP,HOLD,PD_100002,VMR_100002_63,
,,RXP,HOLD,PD_100002,VMR_100002_64,
,,RXP,HOLD,PD_100002,VMR_100002_65,
,,RXP,HOLD,PD_100002,VMR_100002_66,
,,RXP,HOLD,PD_100002,VMR_100002_67,
,,RXP,HOLD,PD_100002,VMR_100002_68,
,,RXP,HOLD,PD_100002,VMR_100002_69,
,,RXP,HOLD,PD_100002,VMR_100002_70,
,,RXP,HOLD,PD_100002,VMR_100002_71,
,,RXP,HOLD,PD_100002,VMR_100002_72,
,,RXP,HOLD,PD_100002,VMR_100002_73,
,,RXP,HOLD,PD_100002,VMR_100002_74,
,,RXP,HOLD,PD_100002,VMR_100002_75,
,,RXP,HOLD,PD_100002,VMR_100002_76,
,,RXP,HOLD,PD_100002,VMR_100002_77,
,,RXP,HOLD,PD_100002,VMR_100002_78,
,,RXP,HOLD,PD_100002,VMR_100002_79,
,,RXP,HOLD,PD_100002,VMR_100002_80,
,,RXP,HOLD,PD_100002,VMR_100002_81,
,,RXP,HOLD,PD_100002,VMR_100002_82,
,,RXP,HOLD,PD_100002,VMR_100002_83,
,,RXP,HOLD,PD_100002,VMR_100002_84,
,,RXP,HOLD,PD_100002,VMR_100002_85,
,,RXP,HOLD,PD_100002,VMR_100002_86,
,,RXP,HOLD,PD_100002,VMR_100002_87,
,,RXP,HOLD,PD_100002,VMR_100002_88,
,,RXP,HOLD,PD_100002,VMR_100002_89,
,,RXP,HOLD,PD_100002,VMR_100002_90,
,,RXP,HOLD,PD_100002,VMR_100002_91,
,,RXP,HOLD,PD_100002,VMR_100002_92,
,,RXP,HOLD,PD_100002,VMR_100002_93,
,,RXP,HOLD,PD_100002,VMR_100002_94,
,,RXP,HOLD,PD_100002,VMR_100002_95,
,,RXP,HOLD,PD_100002,VMR_100002_96,
,,RXP,HOLD,PD_100002,VMR_100002_97,
,,RXP,HOLD,PD_100002,VMR_100002_98,
,,RXP,HOLD,PD_100002,VMR_100002_99,
,,RXP,HOLD,PD_100002,VMR_100002_100,
,,RXP,HOLD,PD_100002,VMR_100002_101,
,,RXP,HOLD,PD_100002,VMR_100002_102,
,,RXP,HOLD,PD_100002,VMR_100002_103,
,,RXP,HOLD,PD_100002,VMR_100002_104,
,,RXP,HOLD,PD_100002,VMR_100002_105,
,,RXP,HOLD,PD_100002,VMR_100002_106,
,,RXP,HOLD,PD_100002,VMR_100002_107,
,,RXP,HOLD,PD_100002,VMR_100002_108,
,,RXP,HOLD,PD_100002,VMR_100002_109,
,,RXP,HOLD,PD_100002,VMR_100002_110,
,,RXP,HOLD,PD_100002,VMR_100002_111,
,,RXP,HOLD,PD_100002,VMR_100002_112,
,,RXP,HOLD,PD_100002,VMR_100002_113,
,,RXP,HOLD,PD_100002,VMR_100002_114,
,,RXP,HOLD,PD_100002,VMR_100002_115,
,,RXP,HOLD,PD_100002,VMR_100002_116,
,,RXP,HOLD,PD_100002,VMR_100002_117,
,,RXP,HOLD,PD_100002,VMR_100002_118,
,,RXP,HOLD,PD_100002,VMR_100002_119,
,,RXP,HOLD,PD_100002,VMR_100002_120,
,,RXP,HOLD,PD_100002,VMR_100002_121,
,,RXP,HOLD,PD_100002,VMR_100002_122,
,,RXP,HOLD,PD_100002,VMR_100002_123,
,,RXP,HOLD,PD_100002,VMR_100002_124,
,,RXP,HOLD,PD_100002,VMR_100002_125,
,,RXP,HOLD,PD_100002,VMR_100002_126,
,,RXP,HOLD,PD_100002,VMR_100002_127,
,,RXP,HOLD,PD_100002,VMR_100002_128,
,,RXP,HOLD,PD_100002,VMR_100002_129,
,,RXP,HOLD,PD_100002,VMR_100002_130,
,,RXP,HOLD,PD_100002,VMR_100002_131,
,,RXP,HOLD,PD_100002,VMR_100002_132,
,,RXP,HOLD,PD_100002,VMR_100002_133,
,,RXP,HOLD,PD_100002,VMR_100002_134,
,,RXP,HOLD,PD_100002,VMR_100002_135,
,,RXP,HOLD,PD_100002,VMR_100002_136,
,,RXP,HOLD,PD_100002,VMR_100002_137,
,,RXP,HOLD,PD_100002,VMR_100002_138,
,,RXP,HOLD,PD_100002,VMR_100002_139,
,,RXP,HOLD,PD_100002,VMR_100002_140,
,,RXP,HOLD,PD_100002,VMR_100002_141,
,,RXP,HOLD,PD_100002,VMR_100002_142,
,,RXP,HOLD,PD_100002,VMR_100002_143,
,,RXP,HOLD,PD_100002,VMR_100002_144,
,,RXP,HOLD,PD_100002,VMR_100002_145,
,,RXP,HOLD,PD_100002,VMR_100002_146,
,,RXP,HOLD,PD_100002,VMR_100002_147,
,,RXP,HOLD,PD_100002,VMR_100002_148,
,,RXP,HOLD,PD_100002,VMR_100002_149,
,,RXP,HOLD,PD_100002,VMR_100002_150,
,,RXP,HOLD,PD_100002,VMR_100002_151,
,,RXP,HOLD,PD_100002,VMR_100002_152,
,,RXP,HOLD,PD_100002,VMR_100002_153,
,,RXP,HOLD,PD_100002,VMR_100002_154,
,,RXP,HOLD,PD_100002,VMR_100002_155,
,,RXP,HOLD,PD_100002,VMR_100002_156,
,,RXP,HOLD,PD_100002,VMR_100002_157,
,,RXP,HOLD,PD_100002,VMR_100002_158,
,,RXP,HOLD,PD_100002,VMR_100002_159,
,,RXP,HOLD,PD_100002,VMR_100002_160,
,,RXP,HOLD,PD_100002,VMR_100002_161,
,,RXP,HOLD,PD_100002,VMR_100002_162,
,,RXP,HOLD,PD_100002,VMR_100002_163,
,,RXP,HOLD,PD_100002,VMR_100002_164,
,,RXP,HOLD,PD_100002,VMR_100002_165,
,,RXP,HOLD,PD_100002,VMR_100002_166,
,,RXP,HOLD,PD_100002,VMR_100002_167,
,,RXP,HOLD,PD_100002,VMR_100002_168,
,,RXP,HOLD,PD_100002,VMR_100002_169,
,,RXP,HOLD,PD_100002,VMR_100002_170,
,,RXP,HOLD,PD_100002,VMR_100002_171,
,,RXP,HOLD,PD_100002,VMR_100002_172,
,,RXP,HOLD,PD_100002,VMR_100002_173,
,,RXP,HOLD,PD_100002,VMR_100002_174,
,,RXP,HOLD,PD_100002,VMR_100002_175,
,,RXP,HOLD,PD_100002,VMR_100002_176,
,,RXP,HOLD,PD_100002,VMR_100002_177,
,,RXP,HOLD,PD_100002,VMR_100002_178,
,,RXP,HOLD,PD_100002,VMR_100002_179,
,,RXP,HOLD,PD_100002,VMR_100002_180,
,,RXP,HOLD,PD_100002,VMR_100002_181,
,,RXP,HOLD,PD_100002,VMR_100002_182,
,,RXP,HOLD,PD_100002,VMR_100002_183,
,,RXP,HOLD,PD_100002,VMR_100002_184,
,,RXP,HOLD,PD_100002,VMR_100002_185,
,,RXP,HOLD,PD_100002,VMR_100002_186,
,,RXP,HOLD,PD_100002,VMR_100002_187,
,,RXP,HOLD,PD_100002,VMR_100002_188,
,,RXP,HOLD,PD_100002,VMR_100002_189,
,,RXP,HOLD,PD_100002,VMR_100002_190,
,,RXP,HOLD,PD_100002,VMR_100002_191,
,,RXP,HOLD,PD_100002,VMR_100002_192,
,,RXP,HOLD,PD_100002,VMR_100002_193,
,,RXP,HOLD,PD_100002,VMR_100002_194,
,,RXP,HOLD,PD_100002,VMR_100002_195,
,,RXP,HOLD,PD_100002,VMR_100002_196,
,,RXP,HOLD,PD_100002,VMR_100002_197,
,,RXP,HOLD,PD_100002,VMR_100002_198,
,,RXP,HOLD,PD_100002,VMR_100002_199,
,,RXP,HOLD,PD_100002,VMR_100002_200,
,,RXP,HOLD,PD_100002,VMR_100002_201,
,,RXP,HOLD,PD_100002,VMR_100002_202,
,,RXP,HOLD,PD_100002,VMR_100002_203,
,,RXP,HOLD,PD_100002,VMR_100002_204,
,,RXP,HOLD,PD_100002,VMR_100002_205,
,,RXP,HOLD,PD_100002,VMR_100002_206,
,,RXP,HOLD,PD_100002,VMR_100002_207,
,,RXP,HOLD,PD_100002,VMR_100002_208,
,,RXP,HOLD,PD_100002,VMR_100002_209,
,,RXP,HOLD,PD_100002,VMR_100002_210,
,,RXP,HOLD,PD_100002,VMR_100002_211,
,,RXP,HOLD,PD_100002,VMR_100002_212,
,,RXP,HOLD,PD_100002,VMR_100002_213,
,,RXP,HOLD,PD_100002,VMR_100002_214,
,,RXP,HOLD,PD_100002,VMR_100002_215,
,,RXP,HOLD,PD_100002,VMR_100002_216,
,,RXP,HOLD,PD_100002,VMR_100002_217,
,,RXP,HOLD,PD_100002,VMR_100002_218,
,,RXP,HOLD,PD_100002,VMR_100002_219,
,,RXP,HOLD,PD_100002,VMR_100002_220,
,,RXP,HOLD,PD_100002,VMR_100002_221,
,,RXP,HOLD,PD_100002,VMR_100002_222,
,,RXP,HOLD,PD_100002,VMR_100002_223,
,,RXP,HOLD,PD_100002,VMR_100002_224,
,,RXP,HOLD,PD_100002,VMR_100002_225,
,,RXP,HOLD,PD_100002,VMR_100002_226,
,,RXP,HOLD,PD_100002,VMR_100002_227,
,,RXP,HOLD,PD_100002,VMR_100002_228,
,,RXP,HOLD,PD_100002,VMR_100002_229,
,,RXP,HOLD,PD_100002,VMR_100002_230,
,,RXP,HOLD,PD_100002,VMR_100002_231,
,,RXP,HOLD,PD_100002,VMR_100002_232,
,,RXP,HOLD,PD_100002,VMR_100002_233,
,,RXP,HOLD,PD_100002,VMR_100002_234,
,,RXP,HOLD,PD_100002,VMR_100002_235,
,,RXP,HOLD,PD_100002,VMR_100002_236,
,,RXP,HOLD,PD_100002,VMR_100002_237,
,,RXP,HOLD,PD_100002,VMR_100002_238,
,,RXP,HOLD,PD_100002,VMR_100002_239,
,,RXP,HOLD,PD_100002,VMR_100002_240,
,,RXP,HOLD,PD_100002,VMR_100002_241,
,,RXP,HOLD,PD_100002,VMR_100002_242,
,,RXP,HOLD,PD_100002,VMR_100002_243,
,,RXP,HOLD,PD_100002,VMR_100002_244,
,,RXP,HOLD,PD_100002,VMR_100002_245,
,,RXP,HOLD,PD_100002,VMR_100002_246,
,,RXP,HOLD,PD_100002,VMR_100002_247,
,,RXP,HOLD,PD_100002,VMR_100002_248,
,,RXP,HOLD,PD_100002,VMR_100002_249,
,,RXP,HOLD,PD_100002,VMR_100002_250,
,,RXP,HOLD,PD_100002,VMR_100002_251,
,,RXP,HOLD,PD_100002,VMR_100002_252,
,,RXP,HOLD,PD_100002,VMR_100002_253,
,,RXP,HOLD,PD_100002,VMR_100002_254,
,,RXP,HOLD,PD_100002,VMR_100002_255,
,,RXP,HOLD,PD_100002,VMR_100002_256,
,,RXP,HOLD,PD_100002,VMR_100002_257,
,,RXP,HOLD,PD_100002,VMR_100002_258,
,,RXP,HOLD,PD_100002,VMR_100002_259,
,,RXP,HOLD,PD_100002,VMR_100002_260,
,,RXP,HOLD,PD_100002,VMR_100002_261,
,,RXP,HOLD,PD_100002,VMR_100002_262,
,,RXP,HOLD,PD_100002,VMR_100002_263,
,,RXP,HOLD,PD_100002,VMR_100002_264,
,,RXP,HOLD,PD_100002,VMR_100002_265,
,,RXP,HOLD,PD_100002,VMR_100002_266,
,,RXP,HOLD,PD_100002,VMR_100002_267,
,,RXP,HOLD,PD_100002,VMR_100002_268,
,,RXP,HOLD,PD_100002,VMR_100002_269,
,,RXP,HOLD,PD_100002,VMR_100002_270,
,,RXP,HOLD,PD_100002,VMR_100002_271,
,,RXP,HOLD,PD_100002,VMR_100002_272,
,,RXP,HOLD,PD_100002,VMR_100002_273,
,,RXP,HOLD,PD_100002,VMR_100002_274,
,,RXP,HOLD,PD_100002,VMR_100002_275,
,,RXP,HOLD,PD_100002,VMR_100002_276,
,,RXP,HOLD,PD_100002,VMR_100002_277,
,,RXP,HOLD,PD_100002,VMR_100002_278,
,,RXP,HOLD,PD_100002,VMR_100002_279,
,,RXP,HOLD,PD_100002,VMR_100002_280,
,,RXP,HOLD,PD_100002,VMR_100002_281,
,,RXP,HOLD,PD_100002,VMR_100002_282,
,,RXP,HOLD,PD_100002,VMR_100002_283,
,,RXP,HOLD,PD_100002,VMR_100002_284,
,,RXP,HOLD,PD_100002,VMR_100002_285,
,,RXP,HOLD,PD_100002,VMR_100002_286,
,,RXP,HOLD,PD_100002,VMR_100002_287,
,,RXP,HOLD,PD_100002,VMR_100002_288,
,,RXP,HOLD,PD_100002,VMR_100002_289,
,,RXP,HOLD,PD_100002,VMR_100002_290,
,,RXP,HOLD,PD_100002,VMR_100002_291,
,,RXP,HOLD,PD_100002,VMR_100002_292,
,,RXP,HOLD,PD_100002,VMR_100002_293,
,,RXP,HOLD,PD_100002,VMR_100002_294,
,,RXP,HOLD,PD_100002,VMR_100002_295,
,,RXP,HOLD,PD_100002,VMR_100002_296,
,,RXP,HOLD,PD_100002,VMR_100002_297,
,,RXP,HOLD,PD_100002,VMR_100002_298,
,,RXP,HOLD,PD_100002,VMR_100002_299,
,,RXP,HOLD,PD_100002,VMR_100002_300,
,,RXP,HOLD,PD_100002,VMR_100002_301,
,,RXP,HOLD,PD_100002,VMR_100002_302,
,,RXP,HOLD,PD_100002,VMR_100002_303,
,,RXP,HOLD,PD_100002,VMR_100002_304,
,,RXP,HOLD,PD_100002,VMR_100002_305,
,,RXP,HOLD,PD_100002,VMR_100002_306,
,,RXP,HOLD,PD_100002,VMR_100002_307,
,,RXP,HOLD,PD_100002,VMR_100002_308,
,,RXP,HOLD,PD_100002,VMR_100002_309,
,,RXP,HOLD,PD_100002,VMR_100002_310,
,,RXP,HOLD,PD_100002,VMR_100002_311,
,,RXP,HOLD,PD_100002,VMR_100002_312,
,,RXP,HOLD,PD_100002,VMR_100002_313,
,,RXP,HOLD,PD_100002,VMR_100002_314,
,,RXP,HOLD,PD_100002,VMR_100002_315,
,,RXP,HOLD,PD_100002,VMR_100002_316,
,,RXP,HOLD,PD_100002,VMR_100002_317,
,,RXP,HOLD,PD_100002,VMR_100002_318,
,,RXP,HOLD,PD_100002,VMR_100002_319,
,,RXP,HOLD,PD_100002,VMR_100002_320,
,,RXP,HOLD,PD_100002,VMR_100002_321,
,,RXP,HOLD,PD_100002,VMR_100002_322,
,,RXP,HOLD,PD_100002,VMR_100002_323,
,,RXP,HOLD,PD_100002,VMR_100002_324,
,,RXP,HOLD,PD_100002,VMR_100002_325,
,,RXP,HOLD,PD_100002,VMR_100002_326,
,,RXP,HOLD,PD_100002,VMR_100002_327,
,,RXP,HOLD,PD_100002,VMR_100002_328,
,,RXP,HOLD,PD_100002,VMR_100002_329,
,,RXP,HOLD,PD_100002,VMR_100002_330,
,,RXP,HOLD,PD_100002,VMR_100002_331,
,,RXP,HOLD,PD_100002,VMR_100002_332,
,,RXP,HOLD,PD_100002,VMR_100002_333,
,,RXP,HOLD,PD_100002,VMR_100002_334,
,,RXP,HOLD,PD_100002,VMR_100002_335,
,,RXP,HOLD,PD_100002,VMR_100002_336,
,,RXP,HOLD,PD_100002,VMR_100002_337,
,,RXP,HOLD,PD_100002,VMR_100002_338,
,,RXP,HOLD,PD_100002,VMR_100002_339,
,,RXP,HOLD,PD_100002,VMR_100002_340,
,,RXP,HOLD,PD_100002,VMR_100002_341,
,,RXP,HOLD,PD_100002,VMR_100002_342,
,,RXP,HOLD,PD_100002,VMR_100002_343,
,,RXP,HOLD,PD_100002,VMR_100002_344,
,,RXP,HOLD,PD_100002,VMR_100002_345,
,,RXP,HOLD,PD_100002,VMR_100002_346,
,,RXP,HOLD,PD_100002,VMR_100002_347,
,,RXP,HOLD,PD_100002,VMR_100002_348,
,,RXP,HOLD,PD_100002,VMR_100002_349,
,,RXP,HOLD,PD_100002,VMR_100002_350,
,,RXP,HOLD,PD_100002,VMR_100002_351,
,,RXP,HOLD,PD_100002,VMR_100002_352,
,,RXP,HOLD,PD_100002,VMR_100002_353,
,,RXP,HOLD,PD_100002,VMR_100002_354,
,,RXP,HOLD,PD_100002,VMR_100002_355,
,,RXP,HOLD,PD_100002,VMR_100002_356,
,,RXP,HOLD,PD_100002,VMR_100002_357,
,,RXP,HOLD,PD_100002,VMR_100002_358,
,,RXP,HOLD,PD_100002,VMR_100002_359,
,,RXP,HOLD,PD_100002,VMR_100002_360,
,,RXP,HOLD,PD_100002,VMR_100002_361,
,,RXP,HOLD,PD_100002,VMR_100002_362,
,,RXP,HOLD,PD_100002,VMR_100002_363,
,,RXP,HOLD,PD_100002,VMR_100002_364,
,,RXP,HOLD,PD_100002,VMR_100002_365,
,,RXP,HOLD,PD_100002,VMR_100002_366,
,,RXP,HOLD,PD_100002,VMR_100002_367,
,,RXP,HOLD,PD_100002,VMR_100002_368,
,,RXP,HOLD,PD_100002,VMR_100002_369,
,,RP,HOLD,PD_100002,VMR_100002_370,
,,RP,HOLD,PD_100002,VMR_100002_371,
,,RP,HOLD,PD_100002,VMR_100002_372,
,,RP,HOLD,PD_100002,VMR_100002_373,
,,RWP,HOLD,PD_100002,VMR_100002_374,
,,RWP,HOLD,PD_100002,VMR_100002_375,
,,RWP,HOLD,PD_100002,VMR_100002_376,
,,RWP,HOLD,PD_100002,VMR_100002_377,
,,RWP,HOLD,PD_100002,VMR_100002_378,
,,RWP,HOLD,PD_100002,VMR_100002_379,
,,RWP,HOLD,PD_100002,VMR_100002_380,
,,RWP,HOLD,PD_100002,VMR_100002_381,
,,RWP,HOLD,PD_100002,VMR_100002_382,
,,RWP,HOLD,PD_100002,VMR_100002_383,
,,RWP,HOLD,PD_100002,VMR_100002_384,
,,RWP,HOLD,PD_100002,VMR_100002_385,
,,RWP,HOLD,PD_100002,VMR_100002_386,
,,RWP,HOLD,PD_100002,VMR_100002_387,
,,RWP,HOLD,PD_100002,VMR_100002_388,
,,RWP,HOLD,PD_100002,VMR_100002_389,
,,RP,HOLD,PD_100002,VMR_100002_390,
,,RP,HOLD,PD_100002,VMR_100002_391,
,,RXP,HOLD,PD_100002,VMR_100002_392,
,,RXP,HOLD,PD_100002,VMR_100002_393,
,,RXP,HOLD,PD_100002,VMR_100002_394,
,,RXP,HOLD,PD_100002,VMR_100002_395,
,,RXP,HOLD,PD_100002,VMR_100002_396,
,,RXP,HOLD,PD_100002,VMR_100002_397,
,,RXP,HOLD,PD_100002,VMR_100002_398,
,,RXP,HOLD,PD_100002,VMR_100002_399,
,,RXP,HOLD,PD_100002,VMR_100002_400,
,,RXP,HOLD,PD_100002,VMR_100002_401,
,,RXP,HOLD,PD_100002,VMR_100002_402,
,,RXP,HOLD,PD_100002,VMR_100002_403,
,,RXP,HOLD,PD_100002,VMR_100002_404,
,,RXP,HOLD,PD_100002,VMR_100002_405,
,,RXP,HOLD,PD_100002,VMR_100002_406,
,,RXP,HOLD,PD_100002,VMR_100002_407,
,,RXP,HOLD,PD_100002,VMR_100002_408,
,,RXP,HOLD,PD_100002,VMR_100002_409,
,,RXP,HOLD,PD_100002,VMR_100002_410,
,,RXP,HOLD,PD_100002,VMR_100002_411,
,,RXP,HOLD,PD_100002,VMR_100002_412,
,,RXP,HOLD,PD_100002,VMR_100002_413,
,,RXP,HOLD,PD_100002,VMR_100002_414,
,,RXP,HOLD,PD_100002,VMR_100002_415,
,,RXP,HOLD,PD_100002,VMR_100002_416,
,,RXP,HOLD,PD_100002,VMR_100002_417,
,,RXP,HOLD,PD_100002,VMR_100002_418,
,,RXP,HOLD,PD_100002,VMR_100002_419,
,,RXP,HOLD,PD_100002,VMR_100002_420,
,,RXP,HOLD,PD_100002,VMR_100002_421,
,,RXP,HOLD,PD_100002,VMR_100002_422,
,,RXP,HOLD,PD_100002,VMR_100002_423,
,,RXP,HOLD,PD_100002,VMR_100002_424,
,,RXP,HOLD,PD_100002,VMR_100002_425,
,,RXP,HOLD,PD_100002,VMR_100002_426,
,,RXP,HOLD,PD_100002,VMR_100002_427,
,,RXP,HOLD,PD_100002,VMR_100002_428,
,,RXP,HOLD,PD_100002,VMR_100002_429,
,,RP,HOLD,PD_100002,VMR_100002_430,
,,RP,HOLD,PD_100002,VMR_100002_431,
,,RWP,HOLD,PD_100002,VMR_100002_432,
,,RWP,HOLD,PD_100002,VMR_100002_433,
,,RWP,HOLD,PD_100002,VMR_100002_434,
,,RWP,HOLD,PD_100002,VMR_100002_435,
,,RWP,HOLD,PD_100002,VMR_100002_436,
,,RWP,HOLD,PD_100002,VMR_100002_437,
,,RWP,HOLD,PD_100002,VMR_100002_438,
,,RWP,HOLD,PD_100002,VMR_100002_439,
,,RWP,HOLD,PD_100002,VMR_100002_440,
,,RWP,HOLD,PD_100002,VMR_100002_441,
,,RWP,HOLD,PD_100002,VMR_100002_442,
,,RWP,HOLD,PD_100002,VMR_100002_443,
,,RWP,HOLD,PD_100002,VMR_100002_444,
,,RWP,HOLD,PD_100002,VMR_100002_445,
,,RWP,HOLD,PD_100002,VMR_100002_446,
,,RWP,HOLD,PD_100002,VMR_100002_447,
,,RWP,HOLD,PD_100002,VMR_100002_448,
,,RWP,HOLD,PD_100002,VMR_100002_449,
,,RWP,HOLD,PD_100002,VMR_100002_450,
,,RWP,HOLD,PD_100002,VMR_100002_451,
,,RWP,HOLD,PD_100002,VMR_100002_452,
,,RWP,HOLD,PD_100002,VMR_100002_453,
,,RWP,HOLD,PD_100002,VMR_100002_454,
,,RWP,HOLD,PD_100002,VMR_100002_455,
,,RWP,HOLD,PD_100002,VMR_100002_456,
,,RWP,HOLD,PD_100002,VMR_100002_457,
,,RWP,HOLD,PD_100002,VMR_100002_458,
,,RWP,HOLD,PD_100002,VMR_100002_459,
,,RWP,HOLD,PD_100002,VMR_100002_460,
,,RWP,HOLD,PD_100002,VMR_100002_461,
,,RWP,HOLD,PD_100002,VMR_100002_462,
,,RWP,HOLD,PD_100002,VMR_100002_463,
,,RWP,HOLD,PD_100002,VMR_100002_464,
,,RWP,HOLD,PD_100002,VMR_100002_465,
,,RWP,HOLD,PD_100002,VMR_100002_466,
,,NONE,MAP,VMR_SPACE_100002,MO_SPACE_100001,
,,NONE,SUBSET,VMR_100002_1,VMR_SPACE_100002,
,,NONE,MAP,VMR_100002_1,MO_100001_234,
,,NONE,SUBSET,VMR_100002_2,VMR_SPACE_100002,
,,NONE,MAP,VMR_100002_2,MO_100001_242,
,,NONE,SUBSET,VMR_100002_3,VMR_SPACE_100002,
,,NONE,MAP,VMR_100002_3,MO_100001_236,
,,NONE,SUBSET,VMR_100002_4,VMR_SPACE_100002,
,,NONE,MAP,VMR_100002_4,MO_100001_255,
,,NONE,SUBSET,VMR_100002_5,VMR_SPACE_100002,
,,NONE,MAP,VMR_100002_5,MO_100001_256,
,,NONE,SUBSET,VMR_100002_6,VMR_SPACE_100002,
,,NONE,SUBSET,VMR_100002_7,VMR_SPACE_100002,
,,NONE,SUBSET,VMR_100002_8,VMR_SPACE_100002,
,,NONE,SUBSET,VMR_100002_9,VMR_SPACE_100002,
,,NONE,SUBSET,VMR_100002_10,VMR_SPACE_100002,
,,NONE,SUBSET,VMR_100002_11,VMR_SPACE_100002,
,,NONE,SUBSET,VMR_100002_12,VMR_SPACE_100002,
,,NONE,SUBSET,VMR_100002_13,VMR_SPACE_100002,
,,NONE,SUBSET,VMR_100002_14,VMR_SPACE_100002,
,,NONE,SUBSET,VMR_100002_15,VMR_SPACE_100002,
,,NONE,SUBSET,VMR_100002_16,VMR_SPACE_100002,
,,NONE,SUBSET,VMR_100002_17,VMR_SPACE_100002,
,,NONE,SUBSET,VMR_100002_18,VMR_SPACE_100002,
,,NONE,SUBSET,VMR_100002_19,VMR_SPACE_100002,
,,NONE,SUBSET,VMR_100002_20,VMR_SPACE_100002,
,,NONE,SUBSET,VMR_100002_21,VMR_SPACE_100002,
,,NONE,SUBSET,VMR_100002_22,VMR_SPACE_100002,
,,NONE,SUBSET,VMR_100002_23,VMR_SPACE_100002,
,,NONE,SUBSET,VMR_100002_24,VMR_SPACE_100002,
,,NONE,SUBSET,VMR_100002_25,VMR_SPACE_100002,
,,NONE,SUBSET,VMR_100002_26,VMR_SPACE_100002,
,,NONE,SUBSET,VMR_100002_27,VMR_SPACE_100002,
,,NONE,SUBSET,VMR_100002_28,VMR_SPACE_100002,
,,NONE,SUBSET,VMR_100002_29,VMR_SPACE_100002,
,,NONE,SUBSET,VMR_100002_30,VMR_SPACE_100002,
,,NONE,SUBSET,VMR_100002_31,VMR_SPACE_100002,
,,NONE,SUBSET,VMR_100002_32,VMR_SPACE_100002,
,,NONE,SUBSET,VMR_100002_33,VMR_SPACE_100002,
,,NONE,SUBSET,VMR_100002_34,VMR_SPACE_100002,
,,NONE,SUBSET,VMR_100002_35,VMR_SPACE_100002,
,,NONE,SUBSET,VMR_100002_36,VMR_SPACE_100002,
,,NONE,SUBSET,VMR_100002_37,VMR_SPACE_100002,
,,NONE,MAP,VMR_100002_37,MO_100001_126,
,,NONE,SUBSET,VMR_100002_38,VMR_SPACE_100002,
,,NONE,MAP,VMR_100002_38,MO_100001_127,
,,NONE,SUBSET,VMR_100002_39,VMR_SPACE_100002,
,,NONE,MAP,VMR_100002_39,MO_100001_128,
,,NONE,SUBSET,VMR_100002_40,VMR_SPACE_100002,
,,NONE,MAP,VMR_100002_40,MO_100001_129,
,,NONE,SUBSET,VMR_100002_41,VMR_SPACE_100002,
,,NONE,MAP,VMR_100002_41,MO_100001_130,
,,NONE,SUBSET,VMR_100002_42,VMR_SPACE_100002,
,,NONE,MAP,VMR_100002_42,MO_100001_131,
,,NONE,SUBSET,VMR_100002_43,VMR_SPACE_100002,
,,NONE,MAP,VMR_100002_43,MO_100001_132,
,,NONE,SUBSET,VMR_100002_44,VMR_SPACE_100002,
,,NONE,MAP,VMR_100002_44,MO_100001_133,
,,NONE,SUBSET,VMR_100002_45,VMR_SPACE_100002,
,,NONE,MAP,VMR_100002_45,MO_100001_134,
,,NONE,SUBSET,VMR_100002_46,VMR_SPACE_100002,
,,NONE,MAP,VMR_100002_46,MO_100001_135,
,,NONE,SUBSET,VMR_100002_47,VMR_SPACE_100002,
,,NONE,MAP,VMR_100002_47,MO_100001_136,
,,NONE,SUBSET,VMR_100002_48,VMR_SPACE_100002,
,,NONE,MAP,VMR_100002_48,MO_100001_137,
,,NONE,SUBSET,VMR_100002_49,VMR_SPACE_100002,
,,NONE,MAP,VMR_100002_49,MO_100001_138,
,,NONE,SUBSET,VMR_100002_50,VMR_SPACE_100002,
,,NONE,MAP,VMR_100002_50,MO_100001_139,
,,NONE,SUBSET,VMR_100002_51,VMR_SPACE_100002,
,,NONE,MAP,VMR_100002_51,MO_100001_140,
,,NONE,SUBSET,VMR_100002_52,VMR_SPACE_100002,
,,NONE,MAP,VMR_100002_52,MO_100001_141,
,,NONE,SUBSET,VMR_100002_53,VMR_SPACE_100002,
,,NONE,MAP,VMR_100002_53,MO_100001_142,
,,NONE,SUBSET,VMR_100002_54,VMR_SPACE_100002,
,,NONE,MAP,VMR_100002_54,MO_100001_143,
,,NONE,SUBSET,VMR_100002_55,VMR_SPACE_100002,
,,NONE,MAP,VMR_100002_55,MO_100001_144,
,,NONE,SUBSET,VMR_100002_56,VMR_SPACE_100002,
,,NONE,MAP,VMR_100002_56,MO_100001_145,
,,NONE,SUBSET,VMR_100002_57,VMR_SPACE_100002,
,,NONE,MAP,VMR_100002_57,MO_100001_146,
,,NONE,SUBSET,VMR_100002_58,VMR_SPACE_100002,
,,NONE,MAP,VMR_100002_58,MO_100001_147,
,,NONE,SUBSET,VMR_100002_59,VMR_SPACE_100002,
,,NONE,MAP,VMR_100002_59,MO_100001_148,
,,NONE,SUBSET,VMR_100002_60,VMR_SPACE_100002,
,,NONE,MAP,VMR_100002_60,MO_100001_149,
,,NONE,SUBSET,VMR_100002_61,VMR_SPACE_100002,
,,NONE,MAP,VMR_100002_61,MO_100001_150,
,,NONE,SUBSET,VMR_100002_62,VMR_SPACE_100002,
,,NONE,MAP,VMR_100002_62,MO_100001_151,
,,NONE,SUBSET,VMR_100002_63,VMR_SPACE_100002,
,,NONE,MAP,VMR_100002_63,MO_100001_152,
,,NONE,SUBSET,VMR_100002_64,VMR_SPACE_100002,
,,NONE,MAP,VMR_100002_64,MO_100001_153,
,,NONE,SUBSET,VMR_100002_65,VMR_SPACE_100002,
,,NONE,MAP,VMR_100002_65,MO_100001_154,
,,NONE,SUBSET,VMR_100002_66,VMR_SPACE_100002,
,,NONE,MAP,VMR_100002_66,MO_100001_155,
,,NONE,SUBSET,VMR_100002_67,VMR_SPACE_100002,
,,NONE,MAP,VMR_100002_67,MO_100001_156,
,,NONE,SUBSET,VMR_100002_68,VMR_SPACE_100002,
,,NONE,MAP,VMR_100002_68,MO_100001_157,
,,NONE,SUBSET,VMR_100002_69,VMR_SPACE_100002,
,,NONE,MAP,VMR_100002_69,MO_100001_158,
,,NONE,SUBSET,VMR_100002_70,VMR_SPACE_100002,
,,NONE,MAP,VMR_100002_70,MO_100001_159,
,,NONE,SUBSET,VMR_100002_71,VMR_SPACE_100002,
,,NONE,MAP,VMR_100002_71,MO_100001_160,
,,NONE,SUBSET,VMR_100002_72,VMR_SPACE_100002,
,,NONE,MAP,VMR_100002_72,MO_100001_161,
,,NONE,SUBSET,VMR_100002_73,VMR_SPACE_100002,
,,NONE,MAP,VMR_100002_73,MO_100001_162,
,,NONE,SUBSET,VMR_100002_74,VMR_SPACE_100002,
,,NONE,MAP,VMR_100002_74,MO_100001_163,
,,NONE,SUBSET,VMR_100002_75,VMR_SPACE_100002,
,,NONE,MAP,VMR_100002_75,MO_100001_164,
,,NONE,SUBSET,VMR_100002_76,VMR_SPACE_100002,
,,NONE,MAP,VMR_100002_76,MO_100001_165,
,,NONE,SUBSET,VMR_100002_77,VMR_SPACE_100002,
,,NONE,MAP,VMR_100002_77,MO_100001_166,
,,NONE,SUBSET,VMR_100002_78,VMR_SPACE_100002,
,,NONE,MAP,VMR_100002_78,MO_100001_167,
,,NONE,SUBSET,VMR_100002_79,VMR_SPACE_100002,
,,NONE,MAP,VMR_100002_79,MO_100001_168,
,,NONE,SUBSET,VMR_100002_80,VMR_SPACE_100002,
,,NONE,MAP,VMR_100002_80,MO_100001_169,
,,NONE,SUBSET,VMR_100002_81,VMR_SPACE_100002,
,,NONE,MAP,VMR_100002_81,MO_100001_170,
,,NONE,SUBSET,VMR_100002_82,VMR_SPACE_100002,
,,NONE,MAP,VMR_100002_82,MO_100001_171,
,,NONE,SUBSET,VMR_100002_83,VMR_SPACE_100002,
,,NONE,MAP,VMR_100002_83,MO_100001_172,
,,NONE,SUBSET,VMR_100002_84,VMR_SPACE_100002,
,,NONE,MAP,VMR_100002_84,MO_100001_173,
,,NONE,SUBSET,VMR_100002_85,VMR_SPACE_100002,
,,NONE,MAP,VMR_100002_85,MO_100001_174,
,,NONE,SUBSET,VMR_100002_86,VMR_SPACE_100002,
,,NONE,MAP,VMR_100002_86,MO_100001_175,
,,NONE,SUBSET,VMR_100002_87,VMR_SPACE_100002,
,,NONE,MAP,VMR_100002_87,MO_100001_176,
,,NONE,SUBSET,VMR_100002_88,VMR_SPACE_100002,
,,NONE,MAP,VMR_100002_88,MO_100001_177,
,,NONE,SUBSET,VMR_100002_89,VMR_SPACE_100002,
,,NONE,MAP,VMR_100002_89,MO_100001_178,
,,NONE,SUBSET,VMR_100002_90,VMR_SPACE_100002,
,,NONE,MAP,VMR_100002_90,MO_100001_179,
,,NONE,SUBSET,VMR_100002_91,VMR_SPACE_100002,
,,NONE,MAP,VMR_100002_91,MO_100001_180,
,,NONE,SUBSET,VMR_100002_92,VMR_SPACE_100002,
,,NONE,MAP,VMR_100002_92,MO_100001_181,
,,NONE,SUBSET,VMR_100002_93,VMR_SPACE_100002,
,,NONE,MAP,VMR_100002_93,MO_100001_182,
,,NONE,SUBSET,VMR_100002_94,VMR_SPACE_100002,
,,NONE,MAP,VMR_100002_94,MO_100001_183,
,,NONE,SUBSET,VMR_100002_95,VMR_SPACE_100002,
,,NONE,MAP,VMR_100002_95,MO_100001_184,
,,NONE,SUBSET,VMR_100002_96,VMR_SPACE_100002,
,,NONE,MAP,VMR_100002_96,MO_100001_185,
,,NONE,SUBSET,VMR_100002_97,VMR_SPACE_100002,
,,NONE,MAP,VMR_100002_97,MO_100001_186,
,,NONE,SUBSET,VMR_100002_98,VMR_SPACE_100002,
,,NONE,MAP,VMR_100002_98,MO_100001_187,
,,NONE,SUBSET,VMR_100002_99,VMR_SPACE_100002,
,,NONE,MAP,VMR_100002_99,MO_100001_188,
,,NONE,SUBSET,VMR_100002_100,VMR_SPACE_100002,
,,NONE,MAP,VMR_100002_100,MO_100001_189,
,,NONE,SUBSET,VMR_100002_101,VMR_SPACE_100002,
,,NONE,MAP,VMR_100002_101,MO_100001_190,
,,NONE,SUBSET,VMR_100002_102,VMR_SPACE_100002,
,,NONE,MAP,VMR_100002_102,MO_100001_191,
,,NONE,SUBSET,VMR_100002_103,VMR_SPACE_100002,
,,NONE,MAP,VMR_100002_103,MO_100001_192,
,,NONE,SUBSET,VMR_100002_104,VMR_SPACE_100002,
,,NONE,SUBSET,VMR_100002_105,VMR_SPACE_100002,
,,NONE,SUBSET,VMR_100002_106,VMR_SPACE_100002,
,,NONE,SUBSET,VMR_100002_107,VMR_SPACE_100002,
,,NONE,SUBSET,VMR_100002_108,VMR_SPACE_100002,
,,NONE,SUBSET,VMR_100002_109,VMR_SPACE_100002,
,,NONE,SUBSET,VMR_100002_110,VMR_SPACE_100002,
,,NONE,SUBSET,VMR_100002_111,VMR_SPACE_100002,
,,NONE,SUBSET,VMR_100002_112,VMR_SPACE_100002,
,,NONE,SUBSET,VMR_100002_113,VMR_SPACE_100002,
,,NONE,SUBSET,VMR_100002_114,VMR_SPACE_100002,
,,NONE,SUBSET,VMR_100002_115,VMR_SPACE_100002,
,,NONE,SUBSET,VMR_100002_116,VMR_SPACE_100002,
,,NONE,SUBSET,VMR_100002_117,VMR_SPACE_100002,
,,NONE,SUBSET,VMR_100002_118,VMR_SPACE_100002,
,,NONE,SUBSET,VMR_100002_119,VMR_SPACE_100002,
,,NONE,SUBSET,VMR_100002_120,VMR_SPACE_100002,
,,NONE,MAP,VMR_100002_120,MO_100001_193,
,,NONE,SUBSET,VMR_100002_121,VMR_SPACE_100002,
,,NONE,MAP,VMR_100002_121,MO_100001_194,
,,NONE,SUBSET,VMR_100002_122,VMR_SPACE_100002,
,,NONE,MAP,VMR_100002_122,MO_100001_195,
,,NONE,SUBSET,VMR_100002_123,VMR_SPACE_100002,
,,NONE,MAP,VMR_100002_123,MO_100001_196,
,,NONE,SUBSET,VMR_100002_124,VMR_SPACE_100002,
,,NONE,MAP,VMR_100002_124,MO_100001_197,
,,NONE,SUBSET,VMR_100002_125,VMR_SPACE_100002,
,,NONE,MAP,VMR_100002_125,MO_100001_198,
,,NONE,SUBSET,VMR_100002_126,VMR_SPACE_100002,
,,NONE,MAP,VMR_100002_126,MO_100001_199,
,,NONE,SUBSET,VMR_100002_127,VMR_SPACE_100002,
,,NONE,MAP,VMR_100002_127,MO_100001_200,
,,NONE,SUBSET,VMR_100002_128,VMR_SPACE_100002,
,,NONE,MAP,VMR_100002_128,MO_100001_201,
,,NONE,SUBSET,VMR_100002_129,VMR_SPACE_100002,
,,NONE,MAP,VMR_100002_129,MO_100001_202,
,,NONE,SUBSET,VMR_100002_130,VMR_SPACE_100002,
,,NONE,MAP,VMR_100002_130,MO_100001_203,
,,NONE,SUBSET,VMR_100002_131,VMR_SPACE_100002,
,,NONE,MAP,VMR_100002_131,MO_100001_204,
,,NONE,SUBSET,VMR_100002_132,VMR_SPACE_100002,
,,NONE,MAP,VMR_100002_132,MO_100001_205,
,,NONE,SUBSET,VMR_100002_133,VMR_SPACE_100002,
,,NONE,MAP,VMR_100002_133,MO_100001_206,
,,NONE,SUBSET,VMR_100002_134,VMR_SPACE_100002,
,,NONE,MAP,VMR_100002_134,MO_100001_207,
,,NONE,SUBSET,VMR_100002_135,VMR_SPACE_100002,
,,NONE,MAP,VMR_100002_135,MO_100001_208,
,,NONE,SUBSET,VMR_100002_136,VMR_SPACE_100002,
,,NONE,MAP,VMR_100002_136,MO_100001_209,
,,NONE,SUBSET,VMR_100002_137,VMR_SPACE_100002,
,,NONE,MAP,VMR_100002_137,MO_100001_210,
,,NONE,SUBSET,VMR_100002_138,VMR_SPACE_100002,
,,NONE,MAP,VMR_100002_138,MO_100001_211,
,,NONE,SUBSET,VMR_100002_139,VMR_SPACE_100002,
,,NONE,MAP,VMR_100002_139,MO_100001_212,
,,NONE,SUBSET,VMR_100002_140,VMR_SPACE_100002,
,,NONE,MAP,VMR_100002_140,MO_100001_213,
,,NONE,SUBSET,VMR_100002_141,VMR_SPACE_100002,
,,NONE,MAP,VMR_100002_141,MO_100001_214,
,,NONE,SUBSET,VMR_100002_142,VMR_SPACE_100002,
,,NONE,MAP,VMR_100002_142,MO_100001_215,
,,NONE,SUBSET,VMR_100002_143,VMR_SPACE_100002,
,,NONE,MAP,VMR_100002_143,MO_100001_216,
,,NONE,SUBSET,VMR_100002_144,VMR_SPACE_100002,
,,NONE,MAP,VMR_100002_144,MO_100001_217,
,,NONE,SUBSET,VMR_100002_145,VMR_SPACE_100002,
,,NONE,MAP,VMR_100002_145,MO_100001_218,
,,NONE,SUBSET,VMR_100002_146,VMR_SPACE_100002,
,,NONE,MAP,VMR_100002_146,MO_100001_219,
,,NONE,SUBSET,VMR_100002_147,VMR_SPACE_100002,
,,NONE,MAP,VMR_100002_147,MO_100001_220,
,,NONE,SUBSET,VMR_100002_148,VMR_SPACE_100002,
,,NONE,MAP,VMR_100002_148,MO_100001_221,
,,NONE,SUBSET,VMR_100002_149,VMR_SPACE_100002,
,,NONE,MAP,VMR_100002_149,MO_100001_222,
,,NONE,SUBSET,VMR_100002_150,VMR_SPACE_100002,
,,NONE,MAP,VMR_100002_150,MO_100001_223,
,,NONE,SUBSET,VMR_100002_151,VMR_SPACE_100002,
,,NONE,MAP,VMR_100002_151,MO_100001_224,
,,NONE,SUBSET,VMR_100002_152,VMR_SPACE_100002,
,,NONE,MAP,VMR_100002_152,MO_100001_225,
,,NONE,SUBSET,VMR_100002_153,VMR_SPACE_100002,
,,NONE,MAP,VMR_100002_153,MO_100001_226,
,,NONE,SUBSET,VMR_100002_154,VMR_SPACE_100002,
,,NONE,MAP,VMR_100002_154,MO_100001_227,
,,NONE,SUBSET,VMR_100002_155,VMR_SPACE_100002,
,,NONE,MAP,VMR_100002_155,MO_100001_228,
,,NONE,SUBSET,VMR_100002_156,VMR_SPACE_100002,
,,NONE,MAP,VMR_100002_156,MO_100001_229,
,,NONE,SUBSET,VMR_100002_157,VMR_SPACE_100002,
,,NONE,MAP,VMR_100002_157,MO_100001_230,
,,NONE,SUBSET,VMR_100002_158,VMR_SPACE_100002,
,,NONE,MAP,VMR_100002_158,MO_100001_231,
,,NONE,SUBSET,VMR_100002_159,VMR_SPACE_100002,
,,NONE,MAP,VMR_100002_159,MO_100001_232,
,,NONE,SUBSET,VMR_100002_160,VMR_SPACE_100002,
,,NONE,MAP,VMR_100002_160,MO_100001_233,
,,NONE,SUBSET,VMR_100002_161,VMR_SPACE_100002,
,,NONE,MAP,VMR_100002_161,MO_100001_2,
,,NONE,SUBSET,VMR_100002_162,VMR_SPACE_100002,
,,NONE,MAP,VMR_100002_162,MO_100001_3,
,,NONE,SUBSET,VMR_100002_163,VMR_SPACE_100002,
,,NONE,MAP,VMR_100002_163,MO_100001_4,
,,NONE,SUBSET,VMR_100002_164,VMR_SPACE_100002,
,,NONE,MAP,VMR_100002_164,MO_100001_5,
,,NONE,SUBSET,VMR_100002_165,VMR_SPACE_100002,
,,NONE,MAP,VMR_100002_165,MO_100001_6,
,,NONE,SUBSET,VMR_100002_166,VMR_SPACE_100002,
,,NONE,MAP,VMR_100002_166,MO_100001_7,
,,NONE,SUBSET,VMR_100002_167,VMR_SPACE_100002,
,,NONE,MAP,VMR_100002_167,MO_100001_8,
,,NONE,SUBSET,VMR_100002_168,VMR_SPACE_100002,
,,NONE,MAP,VMR_100002_168,MO_100001_9,
,,NONE,SUBSET,VMR_100002_169,VMR_SPACE_100002,
,,NONE,MAP,VMR_100002_169,MO_100001_10,
,,NONE,SUBSET,VMR_100002_170,VMR_SPACE_100002,
,,NONE,MAP,VMR_100002_170,MO_100001_11,
,,NONE,SUBSET,VMR_100002_171,VMR_SPACE_100002,
,,NONE,MAP,VMR_100002_171,MO_100001_12,
,,NONE,SUBSET,VMR_100002_172,VMR_SPACE_100002,
,,NONE,MAP,VMR_100002_172,MO_100001_13,
,,NONE,SUBSET,VMR_100002_173,VMR_SPACE_100002,
,,NONE,MAP,VMR_100002_173,MO_100001_14,
,,NONE,SUBSET,VMR_100002_174,VMR_SPACE_100002,
,,NONE,MAP,VMR_100002_174,MO_100001_15,
,,NONE,SUBSET,VMR_100002_175,VMR_SPACE_100002,
,,NONE,MAP,VMR_100002_175,MO_100001_16,
,,NONE,SUBSET,VMR_100002_176,VMR_SPACE_100002,
,,NONE,MAP,VMR_100002_176,MO_100001_17,
,,NONE,SUBSET,VMR_100002_177,VMR_SPACE_100002,
,,NONE,MAP,VMR_100002_177,MO_100001_18,
,,NONE,SUBSET,VMR_100002_178,VMR_SPACE_100002,
,,NONE,MAP,VMR_100002_178,MO_100001_19,
,,NONE,SUBSET,VMR_100002_179,VMR_SPACE_100002,
,,NONE,MAP,VMR_100002_179,MO_100001_20,
,,NONE,SUBSET,VMR_100002_180,VMR_SPACE_100002,
,,NONE,MAP,VMR_100002_180,MO_100001_21,
,,NONE,SUBSET,VMR_100002_181,VMR_SPACE_100002,
,,NONE,MAP,VMR_100002_181,MO_100001_22,
,,NONE,SUBSET,VMR_100002_182,VMR_SPACE_100002,
,,NONE,MAP,VMR_100002_182,MO_100001_23,
,,NONE,SUBSET,VMR_100002_183,VMR_SPACE_100002,
,,NONE,MAP,VMR_100002_183,MO_100001_24,
,,NONE,SUBSET,VMR_100002_184,VMR_SPACE_100002,
,,NONE,MAP,VMR_100002_184,MO_100001_25,
,,NONE,SUBSET,VMR_100002_185,VMR_SPACE_100002,
,,NONE,MAP,VMR_100002_185,MO_100001_26,
,,NONE,SUBSET,VMR_100002_186,VMR_SPACE_100002,
,,NONE,MAP,VMR_100002_186,MO_100001_27,
,,NONE,SUBSET,VMR_100002_187,VMR_SPACE_100002,
,,NONE,MAP,VMR_100002_187,MO_100001_28,
,,NONE,SUBSET,VMR_100002_188,VMR_SPACE_100002,
,,NONE,MAP,VMR_100002_188,MO_100001_29,
,,NONE,SUBSET,VMR_100002_189,VMR_SPACE_100002,
,,NONE,MAP,VMR_100002_189,MO_100001_30,
,,NONE,SUBSET,VMR_100002_190,VMR_SPACE_100002,
,,NONE,MAP,VMR_100002_190,MO_100001_31,
,,NONE,SUBSET,VMR_100002_191,VMR_SPACE_100002,
,,NONE,MAP,VMR_100002_191,MO_100001_32,
,,NONE,SUBSET,VMR_100002_192,VMR_SPACE_100002,
,,NONE,MAP,VMR_100002_192,MO_100001_33,
,,NONE,SUBSET,VMR_100002_193,VMR_SPACE_100002,
,,NONE,MAP,VMR_100002_193,MO_100001_34,
,,NONE,SUBSET,VMR_100002_194,VMR_SPACE_100002,
,,NONE,MAP,VMR_100002_194,MO_100001_35,
,,NONE,SUBSET,VMR_100002_195,VMR_SPACE_100002,
,,NONE,MAP,VMR_100002_195,MO_100001_36,
,,NONE,SUBSET,VMR_100002_196,VMR_SPACE_100002,
,,NONE,MAP,VMR_100002_196,MO_100001_37,
,,NONE,SUBSET,VMR_100002_197,VMR_SPACE_100002,
,,NONE,MAP,VMR_100002_197,MO_100001_38,
,,NONE,SUBSET,VMR_100002_198,VMR_SPACE_100002,
,,NONE,MAP,VMR_100002_198,MO_100001_39,
,,NONE,SUBSET,VMR_100002_199,VMR_SPACE_100002,
,,NONE,MAP,VMR_100002_199,MO_100001_40,
,,NONE,SUBSET,VMR_100002_200,VMR_SPACE_100002,
,,NONE,SUBSET,VMR_100002_201,VMR_SPACE_100002,
,,NONE,SUBSET,VMR_100002_202,VMR_SPACE_100002,
,,NONE,SUBSET,VMR_100002_203,VMR_SPACE_100002,
,,NONE,SUBSET,VMR_100002_204,VMR_SPACE_100002,
,,NONE,SUBSET,VMR_100002_205,VMR_SPACE_100002,
,,NONE,SUBSET,VMR_100002_206,VMR_SPACE_100002,
,,NONE,SUBSET,VMR_100002_207,VMR_SPACE_100002,
,,NONE,SUBSET,VMR_100002_208,VMR_SPACE_100002,
,,NONE,SUBSET,VMR_100002_209,VMR_SPACE_100002,
,,NONE,SUBSET,VMR_100002_210,VMR_SPACE_100002,
,,NONE,SUBSET,VMR_100002_211,VMR_SPACE_100002,
,,NONE,SUBSET,VMR_100002_212,VMR_SPACE_100002,
,,NONE,SUBSET,VMR_100002_213,VMR_SPACE_100002,
,,NONE,SUBSET,VMR_100002_214,VMR_SPACE_100002,
,,NONE,SUBSET,VMR_100002_215,VMR_SPACE_100002,
,,NONE,SUBSET,VMR_100002_216,VMR_SPACE_100002,
,,NONE,MAP,VMR_100002_216,MO_100001_41,
,,NONE,SUBSET,VMR_100002_217,VMR_SPACE_100002,
,,NONE,MAP,VMR_100002_217,MO_100001_42,
,,NONE,SUBSET,VMR_100002_218,VMR_SPACE_100002,
,,NONE,MAP,VMR_100002_218,MO_100001_43,
,,NONE,SUBSET,VMR_100002_219,VMR_SPACE_100002,
,,NONE,MAP,VMR_100002_219,MO_100001_44,
,,NONE,SUBSET,VMR_100002_220,VMR_SPACE_100002,
,,NONE,MAP,VMR_100002_220,MO_100001_45,
,,NONE,SUBSET,VMR_100002_221,VMR_SPACE_100002,
,,NONE,MAP,VMR_100002_221,MO_100001_46,
,,NONE,SUBSET,VMR_100002_222,VMR_SPACE_100002,
,,NONE,MAP,VMR_100002_222,MO_100001_47,
,,NONE,SUBSET,VMR_100002_223,VMR_SPACE_100002,
,,NONE,MAP,VMR_100002_223,MO_100001_48,
,,NONE,SUBSET,VMR_100002_224,VMR_SPACE_100002,
,,NONE,MAP,VMR_100002_224,MO_100001_49,
,,NONE,SUBSET,VMR_100002_225,VMR_SPACE_100002,
,,NONE,MAP,VMR_100002_225,MO_100001_50,
,,NONE,SUBSET,VMR_100002_226,VMR_SPACE_100002,
,,NONE,MAP,VMR_100002_226,MO_100001_51,
,,NONE,SUBSET,VMR_100002_227,VMR_SPACE_100002,
,,NONE,MAP,VMR_100002_227,MO_100001_52,
,,NONE,SUBSET,VMR_100002_228,VMR_SPACE_100002,
,,NONE,MAP,VMR_100002_228,MO_100001_53,
,,NONE,SUBSET,VMR_100002_229,VMR_SPACE_100002,
,,NONE,MAP,VMR_100002_229,MO_100001_54,
,,NONE,SUBSET,VMR_100002_230,VMR_SPACE_100002,
,,NONE,MAP,VMR_100002_230,MO_100001_55,
,,NONE,SUBSET,VMR_100002_231,VMR_SPACE_100002,
,,NONE,MAP,VMR_100002_231,MO_100001_56,
,,NONE,SUBSET,VMR_100002_232,VMR_SPACE_100002,
,,NONE,SUBSET,VMR_100002_233,VMR_SPACE_100002,
,,NONE,SUBSET,VMR_100002_234,VMR_SPACE_100002,
,,NONE,SUBSET,VMR_100002_235,VMR_SPACE_100002,
,,NONE,SUBSET,VMR_100002_236,VMR_SPACE_100002,
,,NONE,SUBSET,VMR_100002_237,VMR_SPACE_100002,
,,NONE,SUBSET,VMR_100002_238,VMR_SPACE_100002,
,,NONE,SUBSET,VMR_100002_239,VMR_SPACE_100002,
,,NONE,SUBSET,VMR_100002_240,VMR_SPACE_100002,
,,NONE,SUBSET,VMR_100002_241,VMR_SPACE_100002,
,,NONE,SUBSET,VMR_100002_242,VMR_SPACE_100002,
,,NONE,SUBSET,VMR_100002_243,VMR_SPACE_100002,
,,NONE,SUBSET,VMR_100002_244,VMR_SPACE_100002,
,,NONE,SUBSET,VMR_100002_245,VMR_SPACE_100002,
,,NONE,SUBSET,VMR_100002_246,VMR_SPACE_100002,
,,NONE,SUBSET,VMR_100002_247,VMR_SPACE_100002,
,,NONE,SUBSET,VMR_100002_248,VMR_SPACE_100002,
,,NONE,SUBSET,VMR_100002_249,VMR_SPACE_100002,
,,NONE,SUBSET,VMR_100002_250,VMR_SPACE_100002,
,,NONE,SUBSET,VMR_100002_251,VMR_SPACE_100002,
,,NONE,SUBSET,VMR_100002_252,VMR_SPACE_100002,
,,NONE,SUBSET,VMR_100002_253,VMR_SPACE_100002,
,,NONE,SUBSET,VMR_100002_254,VMR_SPACE_100002,
,,NONE,SUBSET,VMR_100002_255,VMR_SPACE_100002,
,,NONE,SUBSET,VMR_100002_256,VMR_SPACE_100002,
,,NONE,SUBSET,VMR_100002_257,VMR_SPACE_100002,
,,NONE,SUBSET,VMR_100002_258,VMR_SPACE_100002,
,,NONE,SUBSET,VMR_100002_259,VMR_SPACE_100002,
,,NONE,SUBSET,VMR_100002_260,VMR_SPACE_100002,
,,NONE,SUBSET,VMR_100002_261,VMR_SPACE_100002,
,,NONE,SUBSET,VMR_100002_262,VMR_SPACE_100002,
,,NONE,SUBSET,VMR_100002_263,VMR_SPACE_100002,
,,NONE,SUBSET,VMR_100002_264,VMR_SPACE_100002,
,,NONE,SUBSET,VMR_100002_265,VMR_SPACE_100002,
,,NONE,SUBSET,VMR_100002_266,VMR_SPACE_100002,
,,NONE,SUBSET,VMR_100002_267,VMR_SPACE_100002,
,,NONE,SUBSET,VMR_100002_268,VMR_SPACE_100002,
,,NONE,SUBSET,VMR_100002_269,VMR_SPACE_100002,
,,NONE,SUBSET,VMR_100002_270,VMR_SPACE_100002,
,,NONE,SUBSET,VMR_100002_271,VMR_SPACE_100002,
,,NONE,SUBSET,VMR_100002_272,VMR_SPACE_100002,
,,NONE,SUBSET,VMR_100002_273,VMR_SPACE_100002,
,,NONE,SUBSET,VMR_100002_274,VMR_SPACE_100002,
,,NONE,SUBSET,VMR_100002_275,VMR_SPACE_100002,
,,NONE,SUBSET,VMR_100002_276,VMR_SPACE_100002,
,,NONE,SUBSET,VMR_100002_277,VMR_SPACE_100002,
,,NONE,SUBSET,VMR_100002_278,VMR_SPACE_100002,
,,NONE,SUBSET,VMR_100002_279,VMR_SPACE_100002,
,,NONE,SUBSET,VMR_100002_280,VMR_SPACE_100002,
,,NONE,MAP,VMR_100002_280,MO_100001_57,
,,NONE,SUBSET,VMR_100002_281,VMR_SPACE_100002,
,,NONE,MAP,VMR_100002_281,MO_100001_58,
,,NONE,SUBSET,VMR_100002_282,VMR_SPACE_100002,
,,NONE,MAP,VMR_100002_282,MO_100001_59,
,,NONE,SUBSET,VMR_100002_283,VMR_SPACE_100002,
,,NONE,MAP,VMR_100002_283,MO_100001_60,
,,NONE,SUBSET,VMR_100002_284,VMR_SPACE_100002,
,,NONE,MAP,VMR_100002_284,MO_100001_61,
,,NONE,SUBSET,VMR_100002_285,VMR_SPACE_100002,
,,NONE,MAP,VMR_100002_285,MO_100001_62,
,,NONE,SUBSET,VMR_100002_286,VMR_SPACE_100002,
,,NONE,MAP,VMR_100002_286,MO_100001_63,
,,NONE,SUBSET,VMR_100002_287,VMR_SPACE_100002,
,,NONE,MAP,VMR_100002_287,MO_100001_64,
,,NONE,SUBSET,VMR_100002_288,VMR_SPACE_100002,
,,NONE,MAP,VMR_100002_288,MO_100001_65,
,,NONE,SUBSET,VMR_100002_289,VMR_SPACE_100002,
,,NONE,MAP,VMR_100002_289,MO_100001_66,
,,NONE,SUBSET,VMR_100002_290,VMR_SPACE_100002,
,,NONE,MAP,VMR_100002_290,MO_100001_67,
,,NONE,SUBSET,VMR_100002_291,VMR_SPACE_100002,
,,NONE,MAP,VMR_100002_291,MO_100001_68,
,,NONE,SUBSET,VMR_100002_292,VMR_SPACE_100002,
,,NONE,MAP,VMR_100002_292,MO_100001_69,
,,NONE,SUBSET,VMR_100002_293,VMR_SPACE_100002,
,,NONE,MAP,VMR_100002_293,MO_100001_70,
,,NONE,SUBSET,VMR_100002_294,VMR_SPACE_100002,
,,NONE,MAP,VMR_100002_294,MO_100001_71,
,,NONE,SUBSET,VMR_100002_295,VMR_SPACE_100002,
,,NONE,MAP,VMR_100002_295,MO_100001_72,
,,NONE,SUBSET,VMR_100002_296,VMR_SPACE_100002,
,,NONE,SUBSET,VMR_100002_297,VMR_SPACE_100002,
,,NONE,SUBSET,VMR_100002_298,VMR_SPACE_100002,
,,NONE,SUBSET,VMR_100002_299,VMR_SPACE_100002,
,,NONE,SUBSET,VMR_100002_300,VMR_SPACE_100002,
,,NONE,SUBSET,VMR_100002_301,VMR_SPACE_100002,
,,NONE,SUBSET,VMR_100002_302,VMR_SPACE_100002,
,,NONE,SUBSET,VMR_100002_303,VMR_SPACE_100002,
,,NONE,SUBSET,VMR_100002_304,VMR_SPACE_100002,
,,NONE,SUBSET,VMR_100002_305,VMR_SPACE_100002,
,,NONE,SUBSET,VMR_100002_306,VMR_SPACE_100002,
,,NONE,SUBSET,VMR_100002_307,VMR_SPACE_100002,
,,NONE,SUBSET,VMR_100002_308,VMR_SPACE_100002,
,,NONE,SUBSET,VMR_100002_309,VMR_SPACE_100002,
,,NONE,SUBSET,VMR_100002_310,VMR_SPACE_100002,
,,NONE,SUBSET,VMR_100002_311,VMR_SPACE_100002,
,,NONE,SUBSET,VMR_100002_312,VMR_SPACE_100002,
,,NONE,MAP,VMR_100002_312,MO_100001_73,
,,NONE,SUBSET,VMR_100002_313,VMR_SPACE_100002,
,,NONE,MAP,VMR_100002_313,MO_100001_74,
,,NONE,SUBSET,VMR_100002_314,VMR_SPACE_100002,
,,NONE,MAP,VMR_100002_314,MO_100001_75,
,,NONE,SUBSET,VMR_100002_315,VMR_SPACE_100002,
,,NONE,MAP,VMR_100002_315,MO_100001_76,
,,NONE,SUBSET,VMR_100002_316,VMR_SPACE_100002,
,,NONE,MAP,VMR_100002_316,MO_100001_77,
,,NONE,SUBSET,VMR_100002_317,VMR_SPACE_100002,
,,NONE,MAP,VMR_100002_317,MO_100001_78,
,,NONE,SUBSET,VMR_100002_318,VMR_SPACE_100002,
,,NONE,MAP,VMR_100002_318,MO_100001_79,
,,NONE,SUBSET,VMR_100002_319,VMR_SPACE_100002,
,,NONE,MAP,VMR_100002_319,MO_100001_80,
,,NONE,SUBSET,VMR_100002_320,VMR_SPACE_100002,
,,NONE,MAP,VMR_100002_320,MO_100001_81,
,,NONE,SUBSET,VMR_100002_321,VMR_SPACE_100002,
,,NONE,MAP,VMR_100002_321,MO_100001_82,
,,NONE,SUBSET,VMR_100002_322,VMR_SPACE_100002,
,,NONE,MAP,VMR_100002_322,MO_100001_83,
,,NONE,SUBSET,VMR_100002_323,VMR_SPACE_100002,
,,NONE,MAP,VMR_100002_323,MO_100001_84,
,,NONE,SUBSET,VMR_100002_324,VMR_SPACE_100002,
,,NONE,MAP,VMR_100002_324,MO_100001_85,
,,NONE,SUBSET,VMR_100002_325,VMR_SPACE_100002,
,,NONE,MAP,VMR_100002_325,MO_100001_86,
,,NONE,SUBSET,VMR_100002_326,VMR_SPACE_100002,
,,NONE,MAP,VMR_100002_326,MO_100001_87,
,,NONE,SUBSET,VMR_100002_327,VMR_SPACE_100002,
,,NONE,MAP,VMR_100002_327,MO_100001_88,
,,NONE,SUBSET,VMR_100002_328,VMR_SPACE_100002,
,,NONE,SUBSET,VMR_100002_329,VMR_SPACE_100002,
,,NONE,SUBSET,VMR_100002_330,VMR_SPACE_100002,
,,NONE,SUBSET,VMR_100002_331,VMR_SPACE_100002,
,,NONE,SUBSET,VMR_100002_332,VMR_SPACE_100002,
,,NONE,SUBSET,VMR_100002_333,VMR_SPACE_100002,
,,NONE,SUBSET,VMR_100002_334,VMR_SPACE_100002,
,,NONE,SUBSET,VMR_100002_335,VMR_SPACE_100002,
,,NONE,SUBSET,VMR_100002_336,VMR_SPACE_100002,
,,NONE,SUBSET,VMR_100002_337,VMR_SPACE_100002,
,,NONE,SUBSET,VMR_100002_338,VMR_SPACE_100002,
,,NONE,SUBSET,VMR_100002_339,VMR_SPACE_100002,
,,NONE,SUBSET,VMR_100002_340,VMR_SPACE_100002,
,,NONE,SUBSET,VMR_100002_341,VMR_SPACE_100002,
,,NONE,SUBSET,VMR_100002_342,VMR_SPACE_100002,
,,NONE,SUBSET,VMR_100002_343,VMR_SPACE_100002,
,,NONE,SUBSET,VMR_100002_344,VMR_SPACE_100002,
,,NONE,SUBSET,VMR_100002_345,VMR_SPACE_100002,
,,NONE,SUBSET,VMR_100002_346,VMR_SPACE_100002,
,,NONE,SUBSET,VMR_100002_347,VMR_SPACE_100002,
,,NONE,SUBSET,VMR_100002_348,VMR_SPACE_100002,
,,NONE,SUBSET,VMR_100002_349,VMR_SPACE_100002,
,,NONE,SUBSET,VMR_100002_350,VMR_SPACE_100002,
,,NONE,SUBSET,VMR_100002_351,VMR_SPACE_100002,
,,NONE,SUBSET,VMR_100002_352,VMR_SPACE_100002,
,,NONE,SUBSET,VMR_100002_353,VMR_SPACE_100002,
,,NONE,SUBSET,VMR_100002_354,VMR_SPACE_100002,
,,NONE,SUBSET,VMR_100002_355,VMR_SPACE_100002,
,,NONE,SUBSET,VMR_100002_356,VMR_SPACE_100002,
,,NONE,SUBSET,VMR_100002_357,VMR_SPACE_100002,
,,NONE,SUBSET,VMR_100002_358,VMR_SPACE_100002,
,,NONE,SUBSET,VMR_100002_359,VMR_SPACE_100002,
,,NONE,SUBSET,VMR_100002_360,VMR_SPACE_100002,
,,NONE,SUBSET,VMR_100002_361,VMR_SPACE_100002,
,,NONE,SUBSET,VMR_100002_362,VMR_SPACE_100002,
,,NONE,SUBSET,VMR_100002_363,VMR_SPACE_100002,
,,NONE,SUBSET,VMR_100002_364,VMR_SPACE_100002,
,,NONE,SUBSET,VMR_100002_365,VMR_SPACE_100002,
,,NONE,SUBSET,VMR_100002_366,VMR_SPACE_100002,
,,NONE,SUBSET,VMR_100002_367,VMR_SPACE_100002,
,,NONE,SUBSET,VMR_100002_368,VMR_SPACE_100002,
,,NONE,SUBSET,VMR_100002_369,VMR_SPACE_100002,
,,NONE,SUBSET,VMR_100002_370,VMR_SPACE_100002,
,,NONE,MAP,VMR_100002_370,MO_100001_247,
,,NONE,SUBSET,VMR_100002_371,VMR_SPACE_100002,
,,NONE,MAP,VMR_100002_371,MO_100001_248,
,,NONE,SUBSET,VMR_100002_372,VMR_SPACE_100002,
,,NONE,MAP,VMR_100002_372,MO_100001_249,
,,NONE,SUBSET,VMR_100002_373,VMR_SPACE_100002,
,,NONE,MAP,VMR_100002_373,MO_100001_245,
,,NONE,SUBSET,VMR_100002_374,VMR_SPACE_100002,
,,NONE,MAP,VMR_100002_374,MO_100001_250,
,,NONE,SUBSET,VMR_100002_375,VMR_SPACE_100002,
,,NONE,MAP,VMR_100002_375,MO_100001_244,
,,NONE,SUBSET,VMR_100002_376,VMR_SPACE_100002,
,,NONE,MAP,VMR_100002_376,MO_100001_254,
,,NONE,SUBSET,VMR_100002_377,VMR_SPACE_100002,
,,NONE,SUBSET,VMR_100002_378,VMR_SPACE_100002,
,,NONE,SUBSET,VMR_100002_379,VMR_SPACE_100002,
,,NONE,SUBSET,VMR_100002_380,VMR_SPACE_100002,
,,NONE,MAP,VMR_100002_380,MO_100001_253,
,,NONE,SUBSET,VMR_100002_381,VMR_SPACE_100002,
,,NONE,MAP,VMR_100002_381,MO_100001_252,
,,NONE,SUBSET,VMR_100002_382,VMR_SPACE_100002,
,,NONE,SUBSET,VMR_100002_383,VMR_SPACE_100002,
,,NONE,SUBSET,VMR_100002_384,VMR_SPACE_100002,
,,NONE,SUBSET,VMR_100002_385,VMR_SPACE_100002,
,,NONE,SUBSET,VMR_100002_386,VMR_SPACE_100002,
,,NONE,SUBSET,VMR_100002_387,VMR_SPACE_100002,
,,NONE,MAP,VMR_100002_387,MO_100001_251,
,,NONE,SUBSET,VMR_100002_388,VMR_SPACE_100002,
,,NONE,MAP,VMR_100002_388,MO_100001_243,
,,NONE,SUBSET,VMR_100002_389,VMR_SPACE_100002,
,,NONE,MAP,VMR_100002_389,MO_100001_246,
,,NONE,SUBSET,VMR_100002_390,VMR_SPACE_100002,
,,NONE,SUBSET,VMR_100002_391,VMR_SPACE_100002,
,,NONE,SUBSET,VMR_100002_392,VMR_SPACE_100002,
,,NONE,MAP,VMR_100002_392,MO_100001_1,
,,NONE,SUBSET,VMR_100002_393,VMR_SPACE_100002,
,,NONE,MAP,VMR_100002_393,MO_100001_89,
,,NONE,SUBSET,VMR_100002_394,VMR_SPACE_100002,
,,NONE,MAP,VMR_100002_394,MO_100001_90,
,,NONE,SUBSET,VMR_100002_395,VMR_SPACE_100002,
,,NONE,MAP,VMR_100002_395,MO_100001_91,
,,NONE,SUBSET,VMR_100002_396,VMR_SPACE_100002,
,,NONE,MAP,VMR_100002_396,MO_100001_92,
,,NONE,SUBSET,VMR_100002_397,VMR_SPACE_100002,
,,NONE,MAP,VMR_100002_397,MO_100001_93,
,,NONE,SUBSET,VMR_100002_398,VMR_SPACE_100002,
,,NONE,MAP,VMR_100002_398,MO_100001_94,
,,NONE,SUBSET,VMR_100002_399,VMR_SPACE_100002,
,,NONE,MAP,VMR_100002_399,MO_100001_95,
,,NONE,SUBSET,VMR_100002_400,VMR_SPACE_100002,
,,NONE,MAP,VMR_100002_400,MO_100001_96,
,,NONE,SUBSET,VMR_100002_401,VMR_SPACE_100002,
,,NONE,MAP,VMR_100002_401,MO_100001_97,
,,NONE,SUBSET,VMR_100002_402,VMR_SPACE_100002,
,,NONE,MAP,VMR_100002_402,MO_100001_98,
,,NONE,SUBSET,VMR_100002_403,VMR_SPACE_100002,
,,NONE,MAP,VMR_100002_403,MO_100001_99,
,,NONE,SUBSET,VMR_100002_404,VMR_SPACE_100002,
,,NONE,MAP,VMR_100002_404,MO_100001_100,
,,NONE,SUBSET,VMR_100002_405,VMR_SPACE_100002,
,,NONE,MAP,VMR_100002_405,MO_100001_101,
,,NONE,SUBSET,VMR_100002_406,VMR_SPACE_100002,
,,NONE,MAP,VMR_100002_406,MO_100001_102,
,,NONE,SUBSET,VMR_100002_407,VMR_SPACE_100002,
,,NONE,MAP,VMR_100002_407,MO_100001_103,
,,NONE,SUBSET,VMR_100002_408,VMR_SPACE_100002,
,,NONE,MAP,VMR_100002_408,MO_100001_104,
,,NONE,SUBSET,VMR_100002_409,VMR_SPACE_100002,
,,NONE,MAP,VMR_100002_409,MO_100001_105,
,,NONE,SUBSET,VMR_100002_410,VMR_SPACE_100002,
,,NONE,MAP,VMR_100002_410,MO_100001_106,
,,NONE,SUBSET,VMR_100002_411,VMR_SPACE_100002,
,,NONE,MAP,VMR_100002_411,MO_100001_107,
,,NONE,SUBSET,VMR_100002_412,VMR_SPACE_100002,
,,NONE,MAP,VMR_100002_412,MO_100001_108,
,,NONE,SUBSET,VMR_100002_413,VMR_SPACE_100002,
,,NONE,MAP,VMR_100002_413,MO_100001_109,
,,NONE,SUBSET,VMR_100002_414,VMR_SPACE_100002,
,,NONE,MAP,VMR_100002_414,MO_100001_110,
,,NONE,SUBSET,VMR_100002_415,VMR_SPACE_100002,
,,NONE,MAP,VMR_100002_415,MO_100001_111,
,,NONE,SUBSET,VMR_100002_416,VMR_SPACE_100002,
,,NONE,MAP,VMR_100002_416,MO_100001_112,
,,NONE,SUBSET,VMR_100002_417,VMR_SPACE_100002,
,,NONE,MAP,VMR_100002_417,MO_100001_113,
,,NONE,SUBSET,VMR_100002_418,VMR_SPACE_100002,
,,NONE,MAP,VMR_100002_418,MO_100001_114,
,,NONE,SUBSET,VMR_100002_419,VMR_SPACE_100002,
,,NONE,MAP,VMR_100002_419,MO_100001_115,
,,NONE,SUBSET,VMR_100002_420,VMR_SPACE_100002,
,,NONE,MAP,VMR_100002_420,MO_100001_116,
,,NONE,SUBSET,VMR_100002_421,VMR_SPACE_100002,
,,NONE,MAP,VMR_100002_421,MO_100001_117,
,,NONE,SUBSET,VMR_100002_422,VMR_SPACE_100002,
,,NONE,MAP,VMR_100002_422,MO_100001_118,
,,NONE,SUBSET,VMR_100002_423,VMR_SPACE_100002,
,,NONE,MAP,VMR_100002_423,MO_100001_119,
,,NONE,SUBSET,VMR_100002_424,VMR_SPACE_100002,
,,NONE,MAP,VMR_100002_424,MO_100001_120,
,,NONE,SUBSET,VMR_100002_425,VMR_SPACE_100002,
,,NONE,MAP,VMR_100002_425,MO_100001_121,
,,NONE,SUBSET,VMR_100002_426,VMR_SPACE_100002,
,,NONE,MAP,VMR_100002_426,MO_100001_122,
,,NONE,SUBSET,VMR_100002_427,VMR_SPACE_100002,
,,NONE,MAP,VMR_100002_427,MO_100001_123,
,,NONE,SUBSET,VMR_100002_428,VMR_SPACE_100002,
,,NONE,MAP,VMR_100002_428,MO_100001_124,
,,NONE,SUBSET,VMR_100002_429,VMR_SPACE_100002,
,,NONE,MAP,VMR_100002_429,MO_100001_125,
,,NONE,SUBSET,VMR_100002_430,VMR_SPACE_100002,
,,NONE,MAP,VMR_100002_430,MO_100001_240,
,,NONE,SUBSET,VMR_100002_431,VMR_SPACE_100002,
,,NONE,MAP,VMR_100002_431,MO_100001_239,
,,NONE,SUBSET,VMR_100002_432,VMR_SPACE_100002,
,,NONE,MAP,VMR_100002_432,MO_100001_238,
,,NONE,SUBSET,VMR_100002_433,VMR_SPACE_100002,
,,NONE,MAP,VMR_100002_433,MO_100001_237,
,,NONE,SUBSET,VMR_100002_434,VMR_SPACE_100002,
,,NONE,SUBSET,VMR_100002_435,VMR_SPACE_100002,
,,NONE,SUBSET,VMR_100002_436,VMR_SPACE_100002,
,,NONE,SUBSET,VMR_100002_437,VMR_SPACE_100002,
,,NONE,SUBSET,VMR_100002_438,VMR_SPACE_100002,
,,NONE,SUBSET,VMR_100002_439,VMR_SPACE_100002,
,,NONE,SUBSET,VMR_100002_440,VMR_SPACE_100002,
,,NONE,SUBSET,VMR_100002_441,VMR_SPACE_100002,
,,NONE,SUBSET,VMR_100002_442,VMR_SPACE_100002,
,,NONE,SUBSET,VMR_100002_443,VMR_SPACE_100002,
,,NONE,SUBSET,VMR_100002_444,VMR_SPACE_100002,
,,NONE,SUBSET,VMR_100002_445,VMR_SPACE_100002,
,,NONE,SUBSET,VMR_100002_446,VMR_SPACE_100002,
,,NONE,SUBSET,VMR_100002_447,VMR_SPACE_100002,
,,NONE,SUBSET,VMR_100002_448,VMR_SPACE_100002,
,,NONE,SUBSET,VMR_100002_449,VMR_SPACE_100002,
,,NONE,SUBSET,VMR_100002_450,VMR_SPACE_100002,
,,NONE,SUBSET,VMR_100002_451,VMR_SPACE_100002,
,,NONE,SUBSET,VMR_100002_452,VMR_SPACE_100002,
,,NONE,SUBSET,VMR_100002_453,VMR_SPACE_100002,
,,NONE,SUBSET,VMR_100002_454,VMR_SPACE_100002,
,,NONE,SUBSET,VMR_100002_455,VMR_SPACE_100002,
,,NONE,SUBSET,VMR_100002_456,VMR_SPACE_100002,
,,NONE,SUBSET,VMR_100002_457,VMR_SPACE_100002,
,,NONE,SUBSET,VMR_100002_458,VMR_SPACE_100002,
,,NONE,SUBSET,VMR_100002_459,VMR_SPACE_100002,
,,NONE,SUBSET,VMR_100002_460,VMR_SPACE_100002,
,,NONE,SUBSET,VMR_100002_461,VMR_SPACE_100002,
,,NONE,SUBSET,VMR_100002_462,VMR_SPACE_100002,
,,NONE,SUBSET,VMR_100002_463,VMR_SPACE_100002,
,,NONE,SUBSET,VMR_100002_464,VMR_SPACE_100002,
,,NONE,SUBSET,VMR_100002_465,VMR_SPACE_100002,
,,NONE,MAP,VMR_100002_465,MO_100001_241,
,,NONE,SUBSET,VMR_100002_466,VMR_SPACE_100002,
,,NONE,MAP,VMR_100002_466,MO_100001_235,
