NODE_TYPE,NODE_ID,DATA,EDGE_TYPE,EDGE_FROM,EDGE_TO,EXTRA
PD,PD_100001,Kernel,,,,
RESOURCE_SPACE,MO_SPACE_100001,MO,,,,
RESOURCE,MO_100001_1,MO,,,,"{""pa"": ""0x376a000"", ""num_pages"": 1, ""page_size"": 4096}"
RESOURCE,MO_100001_2,MO,,,,"{""pa"": ""0x376b000"", ""num_pages"": 1, ""page_size"": 4096}"
RESOURCE,MO_100001_3,MO,,,,"{""pa"": ""0x376c000"", ""num_pages"": 1, ""page_size"": 4096}"
RESOURCE,MO_100001_4,MO,,,,"{""pa"": ""0x376d000"", ""num_pages"": 1, ""page_size"": 4096}"
RESOURCE,MO_100001_5,MO,,,,"{""pa"": ""0x3770000"", ""num_pages"": 1, ""page_size"": 4096}"
RESOURCE,MO_100001_6,MO,,,,"{""pa"": ""0x3771000"", ""num_pages"": 1, ""page_size"": 4096}"
RESOURCE,MO_100001_7,MO,,,,"{""pa"": ""0x3772000"", ""num_pages"": 1, ""page_size"": 4096}"
RESOURCE,MO_100001_8,MO,,,,"{""pa"": ""0x3773000"", ""num_pages"": 1, ""page_size"": 4096}"
RESOURCE,MO_100001_9,MO,,,,"{""pa"": ""0x3774000"", ""num_pages"": 1, ""page_size"": 4096}"
RESOURCE,MO_100001_10,MO,,,,"{""pa"": ""0x3775000"", ""num_pages"": 1, ""page_size"": 4096}"
RESOURCE,MO_100001_11,MO,,,,"{""pa"": ""0x3776000"", ""num_pages"": 1, ""page_size"": 4096}"
RESOURCE,MO_100001_12,MO,,,,"{""pa"": ""0x3777000"", ""num_pages"": 1, ""page_size"": 4096}"
RESOURCE,MO_100001_13,MO,,,,"{""pa"": ""0x3778000"", ""num_pages"": 1, ""page_size"": 4096}"
RESOURCE,MO_100001_14,MO,,,,"{""pa"": ""0x3779000"", ""num_pages"": 1, ""page_size"": 4096}"
RESOURCE,MO_100001_15,MO,,,,"{""pa"": ""0x377a000"", ""num_pages"": 1, ""page_size"": 4096}"
RESOURCE,MO_100001_16,MO,,,,"{""pa"": ""0x377b000"", ""num_pages"": 1, ""page_size"": 4096}"
RESOURCE,MO_100001_17,MO,,,,"{""pa"": ""0x377c000"", ""num_pages"": 1, ""page_size"": 4096}"
RESOURCE,MO_100001_18,MO,,,,"{""pa"": ""0x377d000"", ""num_pages"": 1, ""page_size"": 4096}"
RESOURCE,MO_100001_19,MO,,,,"{""pa"": ""0x377e000"", ""num_pages"": 1, ""page_size"": 4096}"
RESOURCE,MO_100001_20,MO,,,,"{""pa"": ""0x377f000"", ""num_pages"": 1, ""page_size"": 4096}"
RESOURCE,MO_100001_21,MO,,,,"{""pa"": ""0x3780000"", ""num_pages"": 1, ""page_size"": 4096}"
RESOURCE,MO_100001_22,MO,,,,"{""pa"": ""0x3781000"", ""num_pages"": 1, ""page_size"": 4096}"
RESOURCE,MO_100001_23,MO,,,,"{""pa"": ""0x3782000"", ""num_pages"": 1, ""page_size"": 4096}"
RESOURCE,MO_100001_24,MO,,,,"{""pa"": ""0x3783000"", ""num_pages"": 1, ""page_size"": 4096}"
RESOURCE,MO_100001_25,MO,,,,"{""pa"": ""0x3784000"", ""num_pages"": 1, ""page_size"": 4096}"
RESOURCE,MO_100001_26,MO,,,,"{""pa"": ""0x3785000"", ""num_pages"": 1, ""page_size"": 4096}"
RESOURCE,MO_100001_27,MO,,,,"{""pa"": ""0x3786000"", ""num_pages"": 1, ""page_size"": 4096}"
RESOURCE,MO_100001_28,MO,,,,"{""pa"": ""0x5004000"", ""num_pages"": 1, ""page_size"": 4096}"
RESOURCE,MO_100001_29,MO,,,,"{""pa"": ""0x5005000"", ""num_pages"": 1, ""page_size"": 4096}"
RESOURCE,MO_100001_30,MO,,,,"{""pa"": ""0x5006000"", ""num_pages"": 1, ""page_size"": 4096}"
RESOURCE,MO_100001_31,MO,,,,"{""pa"": ""0x5007000"", ""num_pages"": 1, ""page_size"": 4096}"
RESOURCE,MO_100001_32,MO,,,,"{""pa"": ""0x5010000"", ""num_pages"": 1, ""page_size"": 4096}"
RESOURCE,MO_100001_33,MO,,,,"{""pa"": ""0x5011000"", ""num_pages"": 1, ""page_size"": 4096}"
RESOURCE,MO_100001_34,MO,,,,"{""pa"": ""0x5012000"", ""num_pages"": 1, ""page_size"": 4096}"
RESOURCE,MO_100001_35,MO,,,,"{""pa"": ""0x5013000"", ""num_pages"": 1, ""page_size"": 4096}"
RESOURCE,MO_100001_36,MO,,,,"{""pa"": ""0x5014000"", ""num_pages"": 1, ""page_size"": 4096}"
RESOURCE,MO_100001_37,MO,,,,"{""pa"": ""0x5015000"", ""num_pages"": 1, ""page_size"": 4096}"
RESOURCE,MO_100001_38,MO,,,,"{""pa"": ""0x5016000"", ""num_pages"": 1, ""page_size"": 4096}"
RESOURCE,MO_100001_39,MO,,,,"{""pa"": ""0x5017000"", ""num_pages"": 1, ""page_size"": 4096}"
RESOURCE,MO_100001_40,MO,,,,"{""pa"": ""0x5018000"", ""num_pages"": 1, ""page_size"": 4096}"
RESOURCE,MO_100001_41,MO,,,,"{""pa"": ""0x5019000"", ""num_pages"": 1, ""page_size"": 4096}"
RESOURCE,MO_100001_42,MO,,,,"{""pa"": ""0x501a000"", ""num_pages"": 1, ""page_size"": 4096}"
RESOURCE,MO_100001_43,MO,,,,"{""pa"": ""0x501b000"", ""num_pages"": 1, ""page_size"": 4096}"
RESOURCE,MO_100001_44,MO,,,,"{""pa"": ""0x501c000"", ""num_pages"": 1, ""page_size"": 4096}"
RESOURCE,MO_100001_45,MO,,,,"{""pa"": ""0x501d000"", ""num_pages"": 1, ""page_size"": 4096}"
RESOURCE,MO_100001_46,MO,,,,"{""pa"": ""0x501e000"", ""num_pages"": 1, ""page_size"": 4096}"
RESOURCE,MO_100001_47,MO,,,,"{""pa"": ""0x501f000"", ""num_pages"": 1, ""page_size"": 4096}"
RESOURCE,MO_100001_48,MO,,,,"{""pa"": ""0x503d000"", ""num_pages"": 1, ""page_size"": 4096}"
RESOURCE,MO_100001_49,MO,,,,"{""pa"": ""0x503e000"", ""num_pages"": 1, ""page_size"": 4096}"
RESOURCE,MO_100001_50,MO,,,,"{""pa"": ""0x503f000"", ""num_pages"": 1, ""page_size"": 4096}"
RESOURCE,MO_100001_51,MO,,,,"{""pa"": ""0x5047000"", ""num_pages"": 1, ""page_size"": 4096}"
RESOURCE,MO_100001_52,MO,,,,"{""pa"": ""0x5048000"", ""num_pages"": 1, ""page_size"": 4096}"
RESOURCE,MO_100001_53,MO,,,,"{""pa"": ""0x5049000"", ""num_pages"": 1, ""page_size"": 4096}"
RESOURCE,MO_100001_54,MO,,,,"{""pa"": ""0x504a000"", ""num_pages"": 1, ""page_size"": 4096}"
RESOURCE,MO_100001_55,MO,,,,"{""pa"": ""0x504b000"", ""num_pages"": 1, ""page_size"": 4096}"
RESOURCE,MO_100001_56,MO,,,,"{""pa"": ""0x504c000"", ""num_pages"": 1, ""page_size"": 4096}"
RESOURCE,MO_100001_57,MO,,,,"{""pa"": ""0x504d000"", ""num_pages"": 1, ""page_size"": 4096}"
RESOURCE,MO_100001_58,MO,,,,"{""pa"": ""0x504e000"", ""num_pages"": 1, ""page_size"": 4096}"
RESOURCE,MO_100001_59,MO,,,,"{""pa"": ""0x504f000"", ""num_pages"": 1, ""page_size"": 4096}"
RESOURCE,MO_100001_60,MO,,,,"{""pa"": ""0x5050000"", ""num_pages"": 1, ""page_size"": 4096}"
RESOURCE,MO_100001_61,MO,,,,"{""pa"": ""0x5051000"", ""num_pages"": 1, ""page_size"": 4096}"
RESOURCE,MO_100001_62,MO,,,,"{""pa"": ""0x5053000"", ""num_pages"": 1, ""page_size"": 4096}"
RESOURCE,MO_100001_63,MO,,,,"{""pa"": ""0x5054000"", ""num_pages"": 1, ""page_size"": 4096}"
RESOURCE,MO_100001_64,MO,,,,"{""pa"": ""0x5055000"", ""num_pages"": 1, ""page_size"": 4096}"
RESOURCE,MO_100001_65,MO,,,,"{""pa"": ""0x5056000"", ""num_pages"": 1, ""page_size"": 4096}"
RESOURCE,MO_100001_66,MO,,,,"{""pa"": ""0x5067000"", ""num_pages"": 1, ""page_size"": 4096}"
RESOURCE,MO_100001_67,MO,,,,"{""pa"": ""0x5068000"", ""num_pages"": 1, ""page_size"": 4096}"
RESOURCE,MO_100001_68,MO,,,,"{""pa"": ""0x5069000"", ""num_pages"": 1, ""page_size"": 4096}"
RESOURCE,MO_100001_69,MO,,,,"{""pa"": ""0x506a000"", ""num_pages"": 1, ""page_size"": 4096}"
RESOURCE,MO_100001_70,MO,,,,"{""pa"": ""0x506b000"", ""num_pages"": 1, ""page_size"": 4096}"
RESOURCE,MO_100001_71,MO,,,,"{""pa"": ""0x506c000"", ""num_pages"": 1, ""page_size"": 4096}"
RESOURCE,MO_100001_72,MO,,,,"{""pa"": ""0x506d000"", ""num_pages"": 1, ""page_size"": 4096}"
RESOURCE,MO_100001_73,MO,,,,"{""pa"": ""0x506e000"", ""num_pages"": 1, ""page_size"": 4096}"
RESOURCE,MO_100001_74,MO,,,,"{""pa"": ""0x506f000"", ""num_pages"": 1, ""page_size"": 4096}"
RESOURCE,MO_100001_75,MO,,,,"{""pa"": ""0x5070000"", ""num_pages"": 1, ""page_size"": 4096}"
RESOURCE,MO_100001_76,MO,,,,"{""pa"": ""0x5071000"", ""num_pages"": 1, ""page_size"": 4096}"
RESOURCE,MO_100001_77,MO,,,,"{""pa"": ""0x5073000"", ""num_pages"": 1, ""page_size"": 4096}"
RESOURCE,MO_100001_78,MO,,,,"{""pa"": ""0x5074000"", ""num_pages"": 1, ""page_size"": 4096}"
RESOURCE,MO_100001_79,MO,,,,"{""pa"": ""0x5075000"", ""num_pages"": 1, ""page_size"": 4096}"
RESOURCE,MO_100001_80,MO,,,,"{""pa"": ""0x5076000"", ""num_pages"": 1, ""page_size"": 4096}"
RESOURCE,MO_100001_81,MO,,,,"{""pa"": ""0x51c0000"", ""num_pages"": 1, ""page_size"": 4096}"
RESOURCE,MO_100001_82,MO,,,,"{""pa"": ""0x51e9000"", ""num_pages"": 1, ""page_size"": 4096}"
RESOURCE,MO_100001_83,MO,,,,"{""pa"": ""0x51ea000"", ""num_pages"": 1, ""page_size"": 4096}"
RESOURCE,MO_100001_84,MO,,,,"{""pa"": ""0x51eb000"", ""num_pages"": 1, ""page_size"": 4096}"
RESOURCE,MO_100001_85,MO,,,,"{""pa"": ""0x51ec000"", ""num_pages"": 1, ""page_size"": 4096}"
RESOURCE,MO_100001_86,MO,,,,"{""pa"": ""0x51ed000"", ""num_pages"": 1, ""page_size"": 4096}"
RESOURCE,MO_100001_87,MO,,,,"{""pa"": ""0x51ee000"", ""num_pages"": 1, ""page_size"": 4096}"
RESOURCE,MO_100001_88,MO,,,,"{""pa"": ""0x51ef000"", ""num_pages"": 1, ""page_size"": 4096}"
RESOURCE,MO_100001_89,MO,,,,"{""pa"": ""0x51f0000"", ""num_pages"": 1, ""page_size"": 4096}"
RESOURCE,MO_100001_90,MO,,,,"{""pa"": ""0x51f1000"", ""num_pages"": 1, ""page_size"": 4096}"
RESOURCE,MO_100001_91,MO,,,,"{""pa"": ""0x51f2000"", ""num_pages"": 1, ""page_size"": 4096}"
RESOURCE,MO_100001_92,MO,,,,"{""pa"": ""0x51f3000"", ""num_pages"": 1, ""page_size"": 4096}"
RESOURCE,MO_100001_93,MO,,,,"{""pa"": ""0x51f4000"", ""num_pages"": 1, ""page_size"": 4096}"
RESOURCE,MO_100001_94,MO,,,,"{""pa"": ""0x51f5000"", ""num_pages"": 1, ""page_size"": 4096}"
RESOURCE,MO_100001_95,MO,,,,"{""pa"": ""0x51f6000"", ""num_pages"": 1, ""page_size"": 4096}"
RESOURCE,MO_100001_96,MO,,,,"{""pa"": ""0x51f7000"", ""num_pages"": 1, ""page_size"": 4096}"
RESOURCE,MO_100001_97,MO,,,,"{""pa"": ""0x51f8000"", ""num_pages"": 1, ""page_size"": 4096}"
RESOURCE,MO_100001_98,MO,,,,"{""pa"": ""0x51f9000"", ""num_pages"": 1, ""page_size"": 4096}"
RESOURCE,MO_100001_99,MO,,,,"{""pa"": ""0x51fa000"", ""num_pages"": 1, ""page_size"": 4096}"
RESOURCE,MO_100001_100,MO,,,,"{""pa"": ""0x51fb000"", ""num_pages"": 1, ""page_size"": 4096}"
RESOURCE,MO_100001_101,MO,,,,"{""pa"": ""0x536f000"", ""num_pages"": 1, ""page_size"": 4096}"
RESOURCE,MO_100001_102,MO,,,,"{""pa"": ""0x53c3000"", ""num_pages"": 1, ""page_size"": 4096}"
RESOURCE,MO_100001_103,MO,,,,"{""pa"": ""0x53c4000"", ""num_pages"": 1, ""page_size"": 4096}"
RESOURCE,MO_100001_104,MO,,,,"{""pa"": ""0x53c5000"", ""num_pages"": 1, ""page_size"": 4096}"
RESOURCE,MO_100001_105,MO,,,,"{""pa"": ""0x53c6000"", ""num_pages"": 1, ""page_size"": 4096}"
RESOURCE,MO_100001_106,MO,,,,"{""pa"": ""0x53c7000"", ""num_pages"": 1, ""page_size"": 4096}"
RESOURCE,MO_100001_107,MO,,,,"{""pa"": ""0x53c8000"", ""num_pages"": 1, ""page_size"": 4096}"
RESOURCE,MO_100001_108,MO,,,,"{""pa"": ""0x53c9000"", ""num_pages"": 1, ""page_size"": 4096}"
RESOURCE,MO_100001_109,MO,,,,"{""pa"": ""0x53ca000"", ""num_pages"": 1, ""page_size"": 4096}"
RESOURCE,MO_100001_110,MO,,,,"{""pa"": ""0x53cb000"", ""num_pages"": 1, ""page_size"": 4096}"
RESOURCE,MO_100001_111,MO,,,,"{""pa"": ""0x53cc000"", ""num_pages"": 1, ""page_size"": 4096}"
RESOURCE,MO_100001_112,MO,,,,"{""pa"": ""0x53cd000"", ""num_pages"": 1, ""page_size"": 4096}"
RESOURCE,MO_100001_113,MO,,,,"{""pa"": ""0x53ce000"", ""num_pages"": 1, ""page_size"": 4096}"
RESOURCE,MO_100001_114,MO,,,,"{""pa"": ""0x53cf000"", ""num_pages"": 1, ""page_size"": 4096}"
RESOURCE,MO_100001_115,MO,,,,"{""pa"": ""0x53e4000"", ""num_pages"": 1, ""page_size"": 4096}"
RESOURCE,MO_100001_116,MO,,,,"{""pa"": ""0x53e5000"", ""num_pages"": 1, ""page_size"": 4096}"
RESOURCE,MO_100001_117,MO,,,,"{""pa"": ""0x53e6000"", ""num_pages"": 1, ""page_size"": 4096}"
RESOURCE,MO_100001_118,MO,,,,"{""pa"": ""0x53e7000"", ""num_pages"": 1, ""page_size"": 4096}"
RESOURCE,MO_100001_119,MO,,,,"{""pa"": ""0x53e8000"", ""num_pages"": 1, ""page_size"": 4096}"
RESOURCE,MO_100001_120,MO,,,,"{""pa"": ""0x53e9000"", ""num_pages"": 1, ""page_size"": 4096}"
RESOURCE,MO_100001_121,MO,,,,"{""pa"": ""0x53ea000"", ""num_pages"": 1, ""page_size"": 4096}"
RESOURCE,MO_100001_122,MO,,,,"{""pa"": ""0x53eb000"", ""num_pages"": 1, ""page_size"": 4096}"
RESOURCE,MO_100001_123,MO,,,,"{""pa"": ""0x53ec000"", ""num_pages"": 1, ""page_size"": 4096}"
RESOURCE,MO_100001_124,MO,,,,"{""pa"": ""0x53ed000"", ""num_pages"": 1, ""page_size"": 4096}"
RESOURCE,MO_100001_125,MO,,,,"{""pa"": ""0x53ee000"", ""num_pages"": 1, ""page_size"": 4096}"
RESOURCE,MO_100001_126,MO,,,,"{""pa"": ""0x53ef000"", ""num_pages"": 1, ""page_size"": 4096}"
RESOURCE,MO_100001_127,MO,,,,"{""pa"": ""0x54fe000"", ""num_pages"": 1, ""page_size"": 4096}"
RESOURCE,MO_100001_128,MO,,,,"{""pa"": ""0x54ff000"", ""num_pages"": 1, ""page_size"": 4096}"
RESOURCE,MO_100001_129,MO,,,,"{""pa"": ""0x5580000"", ""num_pages"": 1, ""page_size"": 4096}"
RESOURCE,MO_100001_130,MO,,,,"{""pa"": ""0x558b000"", ""num_pages"": 1, ""page_size"": 4096}"
RESOURCE,MO_100001_131,MO,,,,"{""pa"": ""0x558c000"", ""num_pages"": 1, ""page_size"": 4096}"
RESOURCE,MO_100001_132,MO,,,,"{""pa"": ""0x558d000"", ""num_pages"": 1, ""page_size"": 4096}"
RESOURCE,MO_100001_133,MO,,,,"{""pa"": ""0x558e000"", ""num_pages"": 1, ""page_size"": 4096}"
RESOURCE,MO_100001_134,MO,,,,"{""pa"": ""0x558f000"", ""num_pages"": 1, ""page_size"": 4096}"
RESOURCE,MO_100001_135,MO,,,,"{""pa"": ""0x5590000"", ""num_pages"": 1, ""page_size"": 4096}"
RESOURCE,MO_100001_136,MO,,,,"{""pa"": ""0x55c0000"", ""num_pages"": 1, ""page_size"": 4096}"
RESOURCE,MO_100001_137,MO,,,,"{""pa"": ""0x55c1000"", ""num_pages"": 1, ""page_size"": 4096}"
RESOURCE,MO_100001_138,MO,,,,"{""pa"": ""0x55c2000"", ""num_pages"": 1, ""page_size"": 4096}"
RESOURCE,MO_100001_139,MO,,,,"{""pa"": ""0x55c3000"", ""num_pages"": 1, ""page_size"": 4096}"
RESOURCE,MO_100001_140,MO,,,,"{""pa"": ""0x55c4000"", ""num_pages"": 1, ""page_size"": 4096}"
RESOURCE,MO_100001_141,MO,,,,"{""pa"": ""0x55c5000"", ""num_pages"": 1, ""page_size"": 4096}"
RESOURCE,MO_100001_142,MO,,,,"{""pa"": ""0x55c6000"", ""num_pages"": 1, ""page_size"": 4096}"
RESOURCE,MO_100001_143,MO,,,,"{""pa"": ""0x55c7000"", ""num_pages"": 1, ""page_size"": 4096}"
RESOURCE,MO_100001_144,MO,,,,"{""pa"": ""0x55c8000"", ""num_pages"": 1, ""page_size"": 4096}"
RESOURCE,MO_100001_145,MO,,,,"{""pa"": ""0x55c9000"", ""num_pages"": 1, ""page_size"": 4096}"
RESOURCE,MO_100001_146,MO,,,,"{""pa"": ""0x55ca000"", ""num_pages"": 1, ""page_size"": 4096}"
RESOURCE,MO_100001_147,MO,,,,"{""pa"": ""0x55cb000"", ""num_pages"": 1, ""page_size"": 4096}"
RESOURCE,MO_100001_148,MO,,,,"{""pa"": ""0x55cc000"", ""num_pages"": 1, ""page_size"": 4096}"
RESOURCE,MO_100001_149,MO,,,,"{""pa"": ""0x55cd000"", ""num_pages"": 1, ""page_size"": 4096}"
RESOURCE,MO_100001_150,MO,,,,"{""pa"": ""0x55ce000"", ""num_pages"": 1, ""page_size"": 4096}"
RESOURCE,MO_100001_151,MO,,,,"{""pa"": ""0x55cf000"", ""num_pages"": 1, ""page_size"": 4096}"
RESOURCE,MO_100001_152,MO,,,,"{""pa"": ""0x55d0000"", ""num_pages"": 1, ""page_size"": 4096}"
RESOURCE,MO_100001_153,MO,,,,"{""pa"": ""0x55d1000"", ""num_pages"": 1, ""page_size"": 4096}"
RESOURCE,MO_100001_154,MO,,,,"{""pa"": ""0x55d2000"", ""num_pages"": 1, ""page_size"": 4096}"
RESOURCE,MO_100001_155,MO,,,,"{""pa"": ""0x55d3000"", ""num_pages"": 1, ""page_size"": 4096}"
RESOURCE,MO_100001_156,MO,,,,"{""pa"": ""0x55d4000"", ""num_pages"": 1, ""page_size"": 4096}"
RESOURCE,MO_100001_157,MO,,,,"{""pa"": ""0x55d5000"", ""num_pages"": 1, ""page_size"": 4096}"
RESOURCE,MO_100001_158,MO,,,,"{""pa"": ""0x55d6000"", ""num_pages"": 1, ""page_size"": 4096}"
RESOURCE,MO_100001_159,MO,,,,"{""pa"": ""0x55d7000"", ""num_pages"": 1, ""page_size"": 4096}"
RESOURCE,MO_100001_160,MO,,,,"{""pa"": ""0x55da000"", ""num_pages"": 1, ""page_size"": 4096}"
RESOURCE,MO_100001_161,MO,,,,"{""pa"": ""0x55db000"", ""num_pages"": 1, ""page_size"": 4096}"
RESOURCE,MO_100001_162,MO,,,,"{""pa"": ""0x55dc000"", ""num_pages"": 1, ""page_size"": 4096}"
RESOURCE,MO_100001_163,MO,,,,"{""pa"": ""0x55dd000"", ""num_pages"": 1, ""page_size"": 4096}"
RESOURCE,MO_100001_164,MO,,,,"{""pa"": ""0x55de000"", ""num_pages"": 1, ""page_size"": 4096}"
RESOURCE,MO_100001_165,MO,,,,"{""pa"": ""0x55df000"", ""num_pages"": 1, ""page_size"": 4096}"
RESOURCE,MO_100001_166,MO,,,,"{""pa"": ""0x5814000"", ""num_pages"": 1, ""page_size"": 4096}"
RESOURCE,MO_100001_167,MO,,,,"{""pa"": ""0x5815000"", ""num_pages"": 1, ""page_size"": 4096}"
RESOURCE,MO_100001_168,MO,,,,"{""pa"": ""0x5816000"", ""num_pages"": 1, ""page_size"": 4096}"
RESOURCE,MO_100001_169,MO,,,,"{""pa"": ""0x5817000"", ""num_pages"": 1, ""page_size"": 4096}"
RESOURCE,MO_100001_170,MO,,,,"{""pa"": ""0x5818000"", ""num_pages"": 1, ""page_size"": 4096}"
RESOURCE,MO_100001_171,MO,,,,"{""pa"": ""0x5819000"", ""num_pages"": 1, ""page_size"": 4096}"
RESOURCE,MO_100001_172,MO,,,,"{""pa"": ""0x581a000"", ""num_pages"": 1, ""page_size"": 4096}"
RESOURCE,MO_100001_173,MO,,,,"{""pa"": ""0x581b000"", ""num_pages"": 1, ""page_size"": 4096}"
RESOURCE,MO_100001_174,MO,,,,"{""pa"": ""0x581c000"", ""num_pages"": 1, ""page_size"": 4096}"
RESOURCE,MO_100001_175,MO,,,,"{""pa"": ""0x581d000"", ""num_pages"": 1, ""page_size"": 4096}"
RESOURCE,MO_100001_176,MO,,,,"{""pa"": ""0x581e000"", ""num_pages"": 1, ""page_size"": 4096}"
RESOURCE,MO_100001_177,MO,,,,"{""pa"": ""0x581f000"", ""num_pages"": 1, ""page_size"": 4096}"
RESOURCE,MO_100001_178,MO,,,,"{""pa"": ""0x5820000"", ""num_pages"": 1, ""page_size"": 4096}"
RESOURCE,MO_100001_179,MO,,,,"{""pa"": ""0x5821000"", ""num_pages"": 1, ""page_size"": 4096}"
RESOURCE,MO_100001_180,MO,,,,"{""pa"": ""0x5822000"", ""num_pages"": 1, ""page_size"": 4096}"
RESOURCE,MO_100001_181,MO,,,,"{""pa"": ""0x5823000"", ""num_pages"": 1, ""page_size"": 4096}"
RESOURCE,MO_100001_182,MO,,,,"{""pa"": ""0x5824000"", ""num_pages"": 1, ""page_size"": 4096}"
RESOURCE,MO_100001_183,MO,,,,"{""pa"": ""0x5825000"", ""num_pages"": 1, ""page_size"": 4096}"
RESOURCE,MO_100001_184,MO,,,,"{""pa"": ""0x5826000"", ""num_pages"": 1, ""page_size"": 4096}"
RESOURCE,MO_100001_185,MO,,,,"{""pa"": ""0x5827000"", ""num_pages"": 1, ""page_size"": 4096}"
RESOURCE,MO_100001_186,MO,,,,"{""pa"": ""0x5828000"", ""num_pages"": 1, ""page_size"": 4096}"
RESOURCE,MO_100001_187,MO,,,,"{""pa"": ""0x5829000"", ""num_pages"": 1, ""page_size"": 4096}"
RESOURCE,MO_100001_188,MO,,,,"{""pa"": ""0x582a000"", ""num_pages"": 1, ""page_size"": 4096}"
RESOURCE,MO_100001_189,MO,,,,"{""pa"": ""0x582b000"", ""num_pages"": 1, ""page_size"": 4096}"
RESOURCE,MO_100001_190,MO,,,,"{""pa"": ""0x582c000"", ""num_pages"": 1, ""page_size"": 4096}"
RESOURCE,MO_100001_191,MO,,,,"{""pa"": ""0x582d000"", ""num_pages"": 1, ""page_size"": 4096}"
RESOURCE,MO_100001_192,MO,,,,"{""pa"": ""0x582e000"", ""num_pages"": 1, ""page_size"": 4096}"
RESOURCE,MO_100001_193,MO,,,,"{""pa"": ""0x582f000"", ""num_pages"": 1, ""page_size"": 4096}"
RESOURCE,MO_100001_194,MO,,,,"{""pa"": ""0x5830000"", ""num_pages"": 1, ""page_size"": 4096}"
RESOURCE,MO_100001_195,MO,,,,"{""pa"": ""0x5831000"", ""num_pages"": 1, ""page_size"": 4096}"
RESOURCE,MO_100001_196,MO,,,,"{""pa"": ""0x583d000"", ""num_pages"": 1, ""page_size"": 4096}"
RESOURCE,MO_100001_197,MO,,,,"{""pa"": ""0x583e000"", ""num_pages"": 1, ""page_size"": 4096}"
RESOURCE,MO_100001_198,MO,,,,"{""pa"": ""0x583f000"", ""num_pages"": 1, ""page_size"": 4096}"
RESOURCE,MO_100001_199,MO,,,,"{""pa"": ""0x5845000"", ""num_pages"": 1, ""page_size"": 4096}"
RESOURCE,MO_100001_200,MO,,,,"{""pa"": ""0x5846000"", ""num_pages"": 1, ""page_size"": 4096}"
RESOURCE,MO_100001_201,MO,,,,"{""pa"": ""0x5847000"", ""num_pages"": 1, ""page_size"": 4096}"
RESOURCE,MO_100001_202,MO,,,,"{""pa"": ""0x5848000"", ""num_pages"": 1, ""page_size"": 4096}"
RESOURCE,MO_100001_203,MO,,,,"{""pa"": ""0x5849000"", ""num_pages"": 1, ""page_size"": 4096}"
RESOURCE,MO_100001_204,MO,,,,"{""pa"": ""0x584a000"", ""num_pages"": 1, ""page_size"": 4096}"
RESOURCE,MO_100001_205,MO,,,,"{""pa"": ""0x584b000"", ""num_pages"": 1, ""page_size"": 4096}"
RESOURCE,MO_100001_206,MO,,,,"{""pa"": ""0x584c000"", ""num_pages"": 1, ""page_size"": 4096}"
RESOURCE,MO_100001_207,MO,,,,"{""pa"": ""0x584d000"", ""num_pages"": 1, ""page_size"": 4096}"
RESOURCE,MO_100001_208,MO,,,,"{""pa"": ""0x7a2c000"", ""num_pages"": 1, ""page_size"": 4096}"
RESOURCE,MO_100001_209,MO,,,,"{""pa"": ""0x7a2d000"", ""num_pages"": 1, ""page_size"": 4096}"
RESOURCE,MO_100001_210,MO,,,,"{""pa"": ""0x7a2e000"", ""num_pages"": 1, ""page_size"": 4096}"
RESOURCE,MO_100001_211,MO,,,,"{""pa"": ""0x7a2f000"", ""num_pages"": 1, ""page_size"": 4096}"
RESOURCE,MO_100001_212,MO,,,,"{""pa"": ""0x7a30000"", ""num_pages"": 1, ""page_size"": 4096}"
RESOURCE,MO_100001_213,MO,,,,"{""pa"": ""0x7a31000"", ""num_pages"": 1, ""page_size"": 4096}"
RESOURCE,MO_100001_214,MO,,,,"{""pa"": ""0x7a32000"", ""num_pages"": 1, ""page_size"": 4096}"
RESOURCE,MO_100001_215,MO,,,,"{""pa"": ""0x7a33000"", ""num_pages"": 1, ""page_size"": 4096}"
RESOURCE,MO_100001_216,MO,,,,"{""pa"": ""0x7a34000"", ""num_pages"": 1, ""page_size"": 4096}"
RESOURCE,MO_100001_217,MO,,,,"{""pa"": ""0x7a35000"", ""num_pages"": 1, ""page_size"": 4096}"
RESOURCE,MO_100001_218,MO,,,,"{""pa"": ""0x7a4f000"", ""num_pages"": 1, ""page_size"": 4096}"
RESOURCE,MO_100001_219,MO,,,,"{""pa"": ""0x7a50000"", ""num_pages"": 1, ""page_size"": 4096}"
RESOURCE,MO_100001_220,MO,,,,"{""pa"": ""0x7a51000"", ""num_pages"": 1, ""page_size"": 4096}"
RESOURCE,MO_100001_221,MO,,,,"{""pa"": ""0x7a52000"", ""num_pages"": 1, ""page_size"": 4096}"
RESOURCE,MO_100001_222,MO,,,,"{""pa"": ""0x7a53000"", ""num_pages"": 1, ""page_size"": 4096}"
RESOURCE,MO_100001_223,MO,,,,"{""pa"": ""0x7a54000"", ""num_pages"": 1, ""page_size"": 4096}"
RESOURCE,MO_100001_224,MO,,,,"{""pa"": ""0x7a55000"", ""num_pages"": 1, ""page_size"": 4096}"
RESOURCE,MO_100001_225,MO,,,,"{""pa"": ""0x7a56000"", ""num_pages"": 1, ""page_size"": 4096}"
RESOURCE,MO_100001_226,MO,,,,"{""pa"": ""0x7a57000"", ""num_pages"": 1, ""page_size"": 4096}"
RESOURCE,MO_100001_227,MO,,,,"{""pa"": ""0x7a58000"", ""num_pages"": 1, ""page_size"": 4096}"
RESOURCE,MO_100001_228,MO,,,,"{""pa"": ""0x7a59000"", ""num_pages"": 1, ""page_size"": 4096}"
RESOURCE,MO_100001_229,MO,,,,"{""pa"": ""0x7a5a000"", ""num_pages"": 1, ""page_size"": 4096}"
RESOURCE,MO_100001_230,MO,,,,"{""pa"": ""0x7a5b000"", ""num_pages"": 1, ""page_size"": 4096}"
RESOURCE,MO_100001_231,MO,,,,"{""pa"": ""0x7a5c000"", ""num_pages"": 1, ""page_size"": 4096}"
RESOURCE,MO_100001_232,MO,,,,"{""pa"": ""0x7a5e000"", ""num_pages"": 1, ""page_size"": 4096}"
RESOURCE,MO_100001_233,MO,,,,"{""pa"": ""0x7a5f000"", ""num_pages"": 1, ""page_size"": 4096}"
RESOURCE,MO_100001_234,MO,,,,"{""pa"": ""0x7a70000"", ""num_pages"": 1, ""page_size"": 4096}"
RESOURCE,MO_100001_235,MO,,,,"{""pa"": ""0x7a71000"", ""num_pages"": 1, ""page_size"": 4096}"
RESOURCE,MO_100001_236,MO,,,,"{""pa"": ""0x7a72000"", ""num_pages"": 1, ""page_size"": 4096}"
RESOURCE,MO_100001_237,MO,,,,"{""pa"": ""0x7a73000"", ""num_pages"": 1, ""page_size"": 4096}"
RESOURCE,MO_100001_238,MO,,,,"{""pa"": ""0x7a74000"", ""num_pages"": 1, ""page_size"": 4096}"
RESOURCE,MO_100001_239,MO,,,,"{""pa"": ""0x7a75000"", ""num_pages"": 1, ""page_size"": 4096}"
RESOURCE,MO_100001_240,MO,,,,"{""pa"": ""0x7a76000"", ""num_pages"": 1, ""page_size"": 4096}"
RESOURCE,MO_100001_241,MO,,,,"{""pa"": ""0x7a77000"", ""num_pages"": 1, ""page_size"": 4096}"
RESOURCE,MO_100001_242,MO,,,,"{""pa"": ""0x7a78000"", ""num_pages"": 1, ""page_size"": 4096}"
RESOURCE,MO_100001_243,MO,,,,"{""pa"": ""0x7a79000"", ""num_pages"": 1, ""page_size"": 4096}"
RESOURCE,MO_100001_244,MO,,,,"{""pa"": ""0x7a7a000"", ""num_pages"": 1, ""page_size"": 4096}"
RESOURCE,MO_100001_245,MO,,,,"{""pa"": ""0x7a7b000"", ""num_pages"": 1, ""page_size"": 4096}"
RESOURCE,MO_100001_246,MO,,,,"{""pa"": ""0x7a7c000"", ""num_pages"": 1, ""page_size"": 4096}"
RESOURCE,MO_100001_247,MO,,,,"{""pa"": ""0x7a7d000"", ""num_pages"": 1, ""page_size"": 4096}"
RESOURCE,MO_100001_248,MO,,,,"{""pa"": ""0x7a7e000"", ""num_pages"": 1, ""page_size"": 4096}"
RESOURCE,MO_100001_249,MO,,,,"{""pa"": ""0x7a7f000"", ""num_pages"": 1, ""page_size"": 4096}"
RESOURCE,MO_100001_250,MO,,,,"{""pa"": ""0x7f80000"", ""num_pages"": 1, ""page_size"": 4096}"
RESOURCE,MO_100001_251,MO,,,,"{""pa"": ""0x7f81000"", ""num_pages"": 1, ""page_size"": 4096}"
RESOURCE,MO_100001_252,MO,,,,"{""pa"": ""0x7f82000"", ""num_pages"": 1, ""page_size"": 4096}"
RESOURCE,MO_100001_253,MO,,,,"{""pa"": ""0x7f83000"", ""num_pages"": 1, ""page_size"": 4096}"
RESOURCE,MO_100001_254,MO,,,,"{""pa"": ""0x7f84000"", ""num_pages"": 1, ""page_size"": 4096}"
RESOURCE,MO_100001_255,MO,,,,"{""pa"": ""0x7f85000"", ""num_pages"": 1, ""page_size"": 4096}"
RESOURCE,MO_100001_256,MO,,,,"{""pa"": ""0x7f86000"", ""num_pages"": 1, ""page_size"": 4096}"
RESOURCE,MO_100001_257,MO,,,,"{""pa"": ""0x7f87000"", ""num_pages"": 1, ""page_size"": 4096}"
RESOURCE,MO_100001_258,MO,,,,"{""pa"": ""0x7f88000"", ""num_pages"": 1, ""page_size"": 4096}"
RESOURCE,MO_100001_259,MO,,,,"{""pa"": ""0x7f89000"", ""num_pages"": 1, ""page_size"": 4096}"
RESOURCE,MO_100001_260,MO,,,,"{""pa"": ""0x7f8a000"", ""num_pages"": 1, ""page_size"": 4096}"
RESOURCE,MO_100001_261,MO,,,,"{""pa"": ""0x7f8b000"", ""num_pages"": 1, ""page_size"": 4096}"
RESOURCE,MO_100001_262,MO,,,,"{""pa"": ""0x7f8c000"", ""num_pages"": 1, ""page_size"": 4096}"
RESOURCE,MO_100001_263,MO,,,,"{""pa"": ""0x7f8d000"", ""num_pages"": 1, ""page_size"": 4096}"
RESOURCE,MO_100001_264,MO,,,,"{""pa"": ""0x7f8e000"", ""num_pages"": 1, ""page_size"": 4096}"
RESOURCE,MO_100001_265,MO,,,,"{""pa"": ""0x7f8f000"", ""num_pages"": 1, ""page_size"": 4096}"
RESOURCE,MO_100001_266,MO,,,,"{""pa"": ""0x7f90000"", ""num_pages"": 1, ""page_size"": 4096}"
RESOURCE,MO_100001_267,MO,,,,"{""pa"": ""0x7f91000"", ""num_pages"": 1, ""page_size"": 4096}"
RESOURCE,MO_100001_268,MO,,,,"{""pa"": ""0x7f92000"", ""num_pages"": 1, ""page_size"": 4096}"
RESOURCE,MO_100001_269,MO,,,,"{""pa"": ""0x7f93000"", ""num_pages"": 1, ""page_size"": 4096}"
RESOURCE,MO_100001_270,MO,,,,"{""pa"": ""0x7f94000"", ""num_pages"": 1, ""page_size"": 4096}"
RESOURCE,MO_100001_271,MO,,,,"{""pa"": ""0x7f95000"", ""num_pages"": 1, ""page_size"": 4096}"
RESOURCE,MO_100001_272,MO,,,,"{""pa"": ""0x7f96000"", ""num_pages"": 1, ""page_size"": 4096}"
RESOURCE,MO_100001_273,MO,,,,"{""pa"": ""0x7f98000"", ""num_pages"": 1, ""page_size"": 4096}"
RESOURCE,MO_100001_274,MO,,,,"{""pa"": ""0x7f99000"", ""num_pages"": 1, ""page_size"": 4096}"
RESOURCE,MO_100001_275,MO,,,,"{""pa"": ""0x7f9a000"", ""num_pages"": 1, ""page_size"": 4096}"
RESOURCE,MO_100001_276,MO,,,,"{""pa"": ""0x7f9b000"", ""num_pages"": 1, ""page_size"": 4096}"
RESOURCE,MO_100001_277,MO,,,,"{""pa"": ""0x7f9c000"", ""num_pages"": 1, ""page_size"": 4096}"
RESOURCE,MO_100001_278,MO,,,,"{""pa"": ""0x7f9d000"", ""num_pages"": 1, ""page_size"": 4096}"
RESOURCE,MO_100001_279,MO,,,,"{""pa"": ""0x7f9e000"", ""num_pages"": 1, ""page_size"": 4096}"
PD,PD_100002,hello,,,,
RESOURCE_SPACE,VMR_SPACE_100002,VMR,,,,
RESOURCE,VMR_100002_1,VMR,,,,"{""va"": ""0x5612cf98f000"", ""vmr_type"": ""PROGRAM"", ""num_pages"": 1, ""page_size"": 4096}"
RESOURCE,VMR_100002_2,VMR,,,,"{""va"": ""0x5612cf990000"", ""vmr_type"": ""PROGRAM"", ""num_pages"": 1, ""page_size"": 4096}"
RESOURCE,VMR_100002_3,VMR,,,,"{""va"": ""0x5612cf991000"", ""vmr_type"": ""PROGRAM"", ""num_pages"": 1, ""page_size"": 4096}"
RESOURCE,VMR_100002_4,VMR,,,,"{""va"": ""0x5612cf992000"", ""vmr_type"": ""PROGRAM"", ""num_pages"": 1, ""page_size"": 4096}"
RESOURCE,VMR_100002_5,VMR,,,,"{""va"": ""0x5612cf993000"", ""vmr_type"": ""PROGRAM"", ""num_pages"": 1, ""page_size"": 4096}"
RESOURCE,VMR_100002_6,VMR,,,,"{""va"": ""0x5612cf994000"", ""vmr_type"": ""HEAP"", ""num_pages"": 1, ""page_size"": 4096}"
RESOURCE,VMR_100002_7,VMR,,,,"{""va"": ""0x5612cf995000"", ""vmr_type"": ""HEAP"", ""num_pages"": 1, ""page_size"": 4096}"
RESOURCE,VMR_100002_8,VMR,,,,"{""va"": ""0x5612cf996000"", ""vmr_type"": ""HEAP"", ""num_pages"": 1, ""page_size"": 4096}"
RESOURCE,VMR_100002_9,VMR,,,,"{""va"": ""0x5612cf997000"", ""vmr_type"": ""HEAP"", ""num_pages"": 1, ""page_size"": 4096}"
RESOURCE,VMR_100002_10,VMR,,,,"{""va"": ""0x5612cf998000"", ""vmr_type"": ""HEAP"", ""num_pages"": 1, ""page_size"": 4096}"
RESOURCE,VMR_100002_11,VMR,,,,"{""va"": ""0x5612cf999000"", ""vmr_type"": ""HEAP"", ""num_pages"": 1, ""page_size"": 4096}"
RESOURCE,VMR_100002_12,VMR,,,,"{""va"": ""0x5612cf99a000"", ""vmr_type"": ""HEAP"", ""num_pages"": 1, ""page_size"": 4096}"
RESOURCE,VMR_100002_13,VMR,,,,"{""va"": ""0x5612cf99b000"", ""vmr_type"": ""HEAP"", ""num_pages"": 1, ""page_size"": 4096}"
RESOURCE,VMR_100002_14,VMR,,,,"{""va"": ""0x5612cf99c000"", ""vmr_type"": ""HEAP"", ""num_pages"": 1, ""page_size"": 4096}"
RESOURCE,VMR_100002_15,VMR,,,,"{""va"": ""0x5612cf99d000"", ""vmr_type"": ""HEAP"", ""num_pages"": 1, ""page_size"": 4096}"
RESOURCE,VMR_100002_16,VMR,,,,"{""va"": ""0x5612cf99e000"", ""vmr_type"": ""HEAP"", ""num_pages"": 1, ""page_size"": 4096}"
RESOURCE,VMR_100002_17,VMR,,,,"{""va"": ""0x5612cf99f000"", ""vmr_type"": ""HEAP"", ""num_pages"": 1, ""page_size"": 4096}"
RESOURCE,VMR_100002_18,VMR,,,,"{""va"": ""0x5612cf9a0000"", ""vmr_type"": ""HEAP"", ""num_pages"": 1, ""page_size"": 4096}"
RESOURCE,VMR_100002_19,VMR,,,,"{""va"": ""0x5612cf9a1000"", ""vmr_type"": ""HEAP"", ""num_pages"": 1, ""page_size"": 4096}"
RESOURCE,VMR_100002_20,VMR,,,,"{""va"": ""0x5612cf9a2000"", ""vmr_type"": ""HEAP"", ""num_pages"": 1, ""page_size"": 4096}"
RESOURCE,VMR_100002_21,VMR,,,,"{""va"": ""0x5612cf9a3000"", ""vmr_type"": ""HEAP"", ""num_pages"": 1, ""page_size"": 4096}"
RESOURCE,VMR_100002_22,VMR,,,,"{""va"": ""0x5612cf9a4000"", ""vmr_type"": ""HEAP"", ""num_pages"": 1, ""page_size"": 4096}"
RESOURCE,VMR_100002_23,VMR,,,,"{""va"": ""0x5612cf9a5000"", ""vmr_type"": ""HEAP"", ""num_pages"": 1, ""page_size"": 4096}"
RESOURCE,VMR_100002_24,VMR,,,,"{""va"": ""0x5612cf9a6000"", ""vmr_type"": ""HEAP"", ""num_pages"": 1, ""page_size"": 4096}"
RESOURCE,VMR_100002_25,VMR,,,,"{""va"": ""0x5612cf9a7000"", ""vmr_type"": ""HEAP"", ""num_pages"": 1, ""page_size"": 4096}"
RESOURCE,VMR_100002_26,VMR,,,,"{""va"": ""0x5612cf9a8000"", ""vmr_type"": ""HEAP"", ""num_pages"": 1, ""page_size"": 4096}"
RESOURCE,VMR_100002_27,VMR,,,,"{""va"": ""0x5612cf9a9000"", ""vmr_type"": ""HEAP"", ""num_pages"": 1, ""page_size"": 4096}"
RESOURCE,VMR_100002_28,VMR,,,,"{""va"": ""0x5612cf9aa000"", ""vmr_type"": ""HEAP"", ""num_pages"": 1, ""page_size"": 4096}"
RESOURCE,VMR_100002_29,VMR,,,,"{""va"": ""0x5612cf9ab000"", ""vmr_type"": ""HEAP"", ""num_pages"": 1, ""page_size"": 4096}"
RESOURCE,VMR_100002_30,VMR,,,,"{""va"": ""0x5612cf9ac000"", ""vmr_type"": ""HEAP"", ""num_pages"": 1, ""page_size"": 4096}"
RESOURCE,VMR_100002_31,VMR,,,,"{""va"": ""0x5612cf9ad000"", ""vmr_type"": ""HEAP"", ""num_pages"": 1, ""page_size"": 4096}"
RESOURCE,VMR_100002_32,VMR,,,,"{""va"": ""0x5612cf9ae000"", ""vmr_type"": ""HEAP"", ""num_pages"": 1, ""page_size"": 4096}"
RESOURCE,VMR_100002_33,VMR,,,,"{""va"": ""0x5612cf9af000"", ""vmr_type"": ""HEAP"", ""num_pages"": 1, ""page_size"": 4096}"
RESOURCE,VMR_100002_34,VMR,,,,"{""va"": ""0x5612cf9b0000"", ""vmr_type"": ""HEAP"", ""num_pages"": 1, ""page_size"": 4096}"
RESOURCE,VMR_100002_35,VMR,,,,"{""va"": ""0x5612cf9b1000"", ""vmr_type"": ""HEAP"", ""num_pages"": 1, ""page_size"": 4096}"
RESOURCE,VMR_100002_36,VMR,,,,"{""va"": ""0x5612cf9b2000"", ""vmr_type"": ""HEAP"", ""num_pages"": 1, ""page_size"": 4096}"
RESOURCE,VMR_100002_37,VMR,,,,"{""va"": ""0x5612cf9b3000"", ""vmr_type"": ""HEAP"", ""num_pages"": 1, ""page_size"": 4096}"
RESOURCE,VMR_100002_38,VMR,,,,"{""va"": ""0x5612cf9b4000"", ""vmr_type"": ""HEAP"", ""num_pages"": 1, ""page_size"": 4096}"
RESOURCE,VMR_100002_39,VMR,,,,"{""va"": ""0x7f0500d9a000"", ""vmr_type"": ""NONE"", ""num_pages"": 1, ""page_size"": 4096}"
RESOURCE,VMR_100002_40,VMR,,,,"{""va"": ""0x7f0500d9b000"", ""vmr_type"": ""NONE"", ""num_pages"": 1, ""page_size"": 4096}"
RESOURCE,VMR_100002_41,VMR,,,,"{""va"": ""0x7f0500d9c000"", ""vmr_type"": ""LIB"", ""num_pages"": 1, ""page_size"": 4096}"
RESOURCE,VMR_100002_42,VMR,,,,"{""va"": ""0x7f0500d9d000"", ""vmr_type"": ""LIB"", ""num_pages"": 1, ""page_size"": 4096}"
RESOURCE,VMR_100002_43,VMR,,,,"{""va"": ""0x7f0500d9e000"", ""vmr_type"": ""LIB"", ""num_pages"": 1, ""page_size"": 4096}"
RESOURCE,VMR_100002_44,VMR,,,,"{""va"": ""0x7f0500d9f000"", ""vmr_type"": ""LIB"", ""num_pages"": 1, ""page_size"": 4096}"
RESOURCE,VMR_100002_45,VMR,,,,"{""va"": ""0x7f0500da0000"", ""vmr_type"": ""LIB"", ""num_pages"": 1, ""page_size"": 4096}"
RESOURCE,VMR_100002_46,VMR,,,,"{""va"": ""0x7f0500da1000"", ""vmr_type"": ""LIB"", ""num_pages"": 1, ""page_size"": 4096}"
RESOURCE,VMR_100002_47,VMR,,,,"{""va"": ""0x7f0500da2000"", ""vmr_type"": ""LIB"", ""num_pages"": 1, ""page_size"": 4096}"
RESOURCE,VMR_100002_48,VMR,,,,"{""va"": ""0x7f0500da3000"", ""vmr_type"": ""LIB"", ""num_pages"": 1, ""page_size"": 4096}"
RESOURCE,VMR_100002_49,VMR,,,,"{""va"": ""0x7f0500da4000"", ""vmr_type"": ""LIB"", ""num_pages"": 1, ""page_size"": 4096}"
RESOURCE,VMR_100002_50,VMR,,,,"{""va"": ""0x7f0500da5000"", ""vmr_type"": ""LIB"", ""num_pages"": 1, ""page_size"": 4096}"
RESOURCE,VMR_100002_51,VMR,,,,"{""va"": ""0x7f0500da6000"", ""vmr_type"": ""LIB"", ""num_pages"": 1, ""page_size"": 4096}"
RESOURCE,VMR_100002_52,VMR,,,,"{""va"": ""0x7f0500da7000"", ""vmr_type"": ""LIB"", ""num_pages"": 1, ""page_size"": 4096}"
RESOURCE,VMR_100002_53,VMR,,,,"{""va"": ""0x7f0500da8000"", ""vmr_type"": ""LIB"", ""num_pages"": 1, ""page_size"": 4096}"
RESOURCE,VMR_100002_54,VMR,,,,"{""va"": ""0x7f0500da9000"", ""vmr_type"": ""LIB"", ""num_pages"": 1, ""page_size"": 4096}"
RESOURCE,VMR_100002_55,VMR,,,,"{""va"": ""0x7f0500daa000"", ""vmr_type"": ""LIB"", ""num_pages"": 1, ""page_size"": 4096}"
RESOURCE,VMR_100002_56,VMR,,,,"{""va"": ""0x7f0500dab000"", ""vmr_type"": ""LIB"", ""num_pages"": 1, ""page_size"": 4096}"
RESOURCE,VMR_100002_57,VMR,,,,"{""va"": ""0x7f0500dac000"", ""vmr_type"": ""LIB"", ""num_pages"": 1, ""page_size"": 4096}"
RESOURCE,VMR_100002_58,VMR,,,,"{""va"": ""0x7f0500dad000"", ""vmr_type"": ""LIB"", ""num_pages"": 1, ""page_size"": 4096}"
RESOURCE,VMR_100002_59,VMR,,,,"{""va"": ""0x7f0500dae000"", ""vmr_type"": ""LIB"", ""num_pages"": 1, ""page_size"": 4096}"
RESOURCE,VMR_100002_60,VMR,,,,"{""va"": ""0x7f0500daf000"", ""vmr_type"": ""LIB"", ""num_pages"": 1, ""page_size"": 4096}"
RESOURCE,VMR_100002_61,VMR,,,,"{""va"": ""0x7f0500db0000"", ""vmr_type"": ""LIB"", ""num_pages"": 1, ""page_size"": 4096}"
RESOURCE,VMR_100002_62,VMR,,,,"{""va"": ""0x7f0500db1000"", ""vmr_type"": ""LIB"", ""num_pages"": 1, ""page_size"": 4096}"
RESOURCE,VMR_100002_63,VMR,,,,"{""va"": ""0x7f0500db2000"", ""vmr_type"": ""LIB"", ""num_pages"": 1, ""page_size"": 4096}"
RESOURCE,VMR_100002_64,VMR,,,,"{""va"": ""0x7f0500db3000"", ""vmr_type"": ""LIB"", ""num_pages"": 1, ""page_size"": 4096}"
RESOURCE,VMR_100002_65,VMR,,,,"{""va"": ""0x7f0500db4000"", ""vmr_type"": ""LIB"", ""num_pages"": 1, ""page_size"": 4096}"
RESOURCE,VMR_100002_66,VMR,,,,"{""va"": ""0x7f0500db5000"", ""vmr_type"": ""LIB"", ""num_pages"": 1, ""page_size"": 4096}"
RESOURCE,VMR_100002_67,VMR,,,,"{""va"": ""0x7f0500db6000"", ""vmr_type"": ""LIB"", ""num_pages"": 1, ""page_size"": 4096}"
RESOURCE,VMR_100002_68,VMR,,,,"{""va"": ""0x7f0500db7000"", ""vmr_type"": ""LIB"", ""num_pages"": 1, ""page_size"": 4096}"
RESOURCE,VMR_100002_69,VMR,,,,"{""va"": ""0x7f0500db8000"", ""vmr_type"": ""LIB"", ""num_pages"": 1, ""page_size"": 4096}"
RESOURCE,VMR_100002_70,VMR,,,,"{""va"": ""0x7f0500db9000"", ""vmr_type"": ""LIB"", ""num_pages"": 1, ""page_size"": 4096}"
RESOURCE,VMR_100002_71,VMR,,,,"{""va"": ""0x7f0500dba000"", ""vmr_type"": ""LIB"", ""num_pages"": 1, ""page_size"": 4096}"
RESOURCE,VMR_100002_72,VMR,,,,"{""va"": ""0x7f0500dbb000"", ""vmr_type"": ""LIB"", ""num_pages"": 1, ""page_size"": 4096}"
RESOURCE,VMR_100002_73,VMR,,,,"{""va"": ""0x7f0500dbc000"", ""vmr_type"": ""LIB"", ""num_pages"": 1, ""page_size"": 4096}"
RESOURCE,VMR_100002_74,VMR,,,,"{""va"": ""0x7f0500dbd000"", ""vmr_type"": ""LIB"", ""num_pages"": 1, ""page_size"": 4096}"
RESOURCE,VMR_100002_75,VMR,,,,"{""va"": ""0x7f0500dbe000"", ""vmr_type"": ""LIB"", ""num_pages"": 1, ""page_size"": 4096}"
RESOURCE,VMR_100002_76,VMR,,,,"{""va"": ""0x7f0500dbf000"", ""vmr_type"": ""LIB"", ""num_pages"": 1, ""page_size"": 4096}"
RESOURCE,VMR_100002_77,VMR,,,,"{""va"": ""0x7f0500dc0000"", ""vmr_type"": ""LIB"", ""num_pages"": 1, ""page_size"": 4096}"
RESOURCE,VMR_100002_78,VMR,,,,"{""va"": ""0x7f0500dc1000"", ""vmr_type"": ""LIB"", ""num_pages"": 1, ""page_size"": 4096}"
RESOURCE,VMR_100002_79,VMR,,,,"{""va"": ""0x7f0500dc2000"", ""vmr_type"": ""LIB"", ""num_pages"": 1, ""page_size"": 4096}"
RESOURCE,VMR_100002_80,VMR,,,,"{""va"": ""0x7f0500dc3000"", ""vmr_type"": ""LIB"", ""num_pages"": 1, ""page_size"": 4096}"
RESOURCE,VMR_100002_81,VMR,,,,"{""va"": ""0x7f0500dc4000"", ""vmr_type"": ""LIB"", ""num_pages"": 1, ""page_size"": 4096}"
RESOURCE,VMR_100002_82,VMR,,,,"{""va"": ""0x7f0500dc5000"", ""vmr_type"": ""LIB"", ""num_pages"": 1, ""page_size"": 4096}"
RESOURCE,VMR_100002_83,VMR,,,,"{""va"": ""0x7f0500dc6000"", ""vmr_type"": ""LIB"", ""num_pages"": 1, ""page_size"": 4096}"
RESOURCE,VMR_100002_84,VMR,,,,"{""va"": ""0x7f0500dc7000"", ""vmr_type"": ""LIB"", ""num_pages"": 1, ""page_size"": 4096}"
RESOURCE,VMR_100002_85,VMR,,,,"{""va"": ""0x7f0500dc8000"", ""vmr_type"": ""LIB"", ""num_pages"": 1, ""page_size"": 4096}"
RESOURCE,VMR_100002_86,VMR,,,,"{""va"": ""0x7f0500dc9000"", ""vmr_type"": ""LIB"", ""num_pages"": 1, ""page_size"": 4096}"
RESOURCE,VMR_100002_87,VMR,,,,"{""va"": ""0x7f0500dca000"", ""vmr_type"": ""LIB"", ""num_pages"": 1, ""page_size"": 4096}"
RESOURCE,VMR_100002_88,VMR,,,,"{""va"": ""0x7f0500dcb000"", ""vmr_type"": ""LIB"", ""num_pages"": 1, ""page_size"": 4096}"
RESOURCE,VMR_100002_89,VMR,,,,"{""va"": ""0x7f0500dcc000"", ""vmr_type"": ""LIB"", ""num_pages"": 1, ""page_size"": 4096}"
RESOURCE,VMR_100002_90,VMR,,,,"{""va"": ""0x7f0500dcd000"", ""vmr_type"": ""LIB"", ""num_pages"": 1, ""page_size"": 4096}"
RESOURCE,VMR_100002_91,VMR,,,,"{""va"": ""0x7f0500dce000"", ""vmr_type"": ""LIB"", ""num_pages"": 1, ""page_size"": 4096}"
RESOURCE,VMR_100002_92,VMR,,,,"{""va"": ""0x7f0500dcf000"", ""vmr_type"": ""LIB"", ""num_pages"": 1, ""page_size"": 4096}"
RESOURCE,VMR_100002_93,VMR,,,,"{""va"": ""0x7f0500dd0000"", ""vmr_type"": ""LIB"", ""num_pages"": 1, ""page_size"": 4096}"
RESOURCE,VMR_100002_94,VMR,,,,"{""va"": ""0x7f0500dd1000"", ""vmr_type"": ""LIB"", ""num_pages"": 1, ""page_size"": 4096}"
RESOURCE,VMR_100002_95,VMR,,,,"{""va"": ""0x7f0500dd2000"", ""vmr_type"": ""LIB"", ""num_pages"": 1, ""page_size"": 4096}"
RESOURCE,VMR_100002_96,VMR,,,,"{""va"": ""0x7f0500dd3000"", ""vmr_type"": ""LIB"", ""num_pages"": 1, ""page_size"": 4096}"
RESOURCE,VMR_100002_97,VMR,,,,"{""va"": ""0x7f0500dd4000"", ""vmr_type"": ""LIB"", ""num_pages"": 1, ""page_size"": 4096}"
RESOURCE,VMR_100002_98,VMR,,,,"{""va"": ""0x7f0500dd5000"", ""vmr_type"": ""LIB"", ""num_pages"": 1, ""page_size"": 4096}"
RESOURCE,VMR_100002_99,VMR,,,,"{""va"": ""0x7f0500dd6000"", ""vmr_type"": ""LIB"", ""num_pages"": 1, ""page_size"": 4096}"
RESOURCE,VMR_100002_100,VMR,,,,"{""va"": ""0x7f0500dd7000"", ""vmr_type"": ""LIB"", ""num_pages"": 1, ""page_size"": 4096}"
RESOURCE,VMR_100002_101,VMR,,,,"{""va"": ""0x7f0500dd8000"", ""vmr_type"": ""LIB"", ""num_pages"": 1, ""page_size"": 4096}"
RESOURCE,VMR_100002_102,VMR,,,,"{""va"": ""0x7f0500dd9000"", ""vmr_type"": ""LIB"", ""num_pages"": 1, ""page_size"": 4096}"
RESOURCE,VMR_100002_103,VMR,,,,"{""va"": ""0x7f0500dda000"", ""vmr_type"": ""LIB"", ""num_pages"": 1, ""page_size"": 4096}"
RESOURCE,VMR_100002_104,VMR,,,,"{""va"": ""0x7f0500ddb000"", ""vmr_type"": ""LIB"", ""num_pages"": 1, ""page_size"": 4096}"
RESOURCE,VMR_100002_105,VMR,,,,"{""va"": ""0x7f0500ddc000"", ""vmr_type"": ""LIB"", ""num_pages"": 1, ""page_size"": 4096}"
RESOURCE,VMR_100002_106,VMR,,,,"{""va"": ""0x7f0500ddd000"", ""vmr_type"": ""LIB"", ""num_pages"": 1, ""page_size"": 4096}"
RESOURCE,VMR_100002_107,VMR,,,,"{""va"": ""0x7f0500dde000"", ""vmr_type"": ""LIB"", ""num_pages"": 1, ""page_size"": 4096}"
RESOURCE,VMR_100002_108,VMR,,,,"{""va"": ""0x7f0500ddf000"", ""vmr_type"": ""LIB"", ""num_pages"": 1, ""page_size"": 4096}"
RESOURCE,VMR_100002_109,VMR,,,,"{""va"": ""0x7f0500de0000"", ""vmr_type"": ""LIB"", ""num_pages"": 1, ""page_size"": 4096}"
RESOURCE,VMR_100002_110,VMR,,,,"{""va"": ""0x7f0500de1000"", ""vmr_type"": ""LIB"", ""num_pages"": 1, ""page_size"": 4096}"
RESOURCE,VMR_100002_111,VMR,,,,"{""va"": ""0x7f0500de2000"", ""vmr_type"": ""LIB"", ""num_pages"": 1, ""page_size"": 4096}"
RESOURCE,VMR_100002_112,VMR,,,,"{""va"": ""0x7f0500de3000"", ""vmr_type"": ""LIB"", ""num_pages"": 1, ""page_size"": 4096}"
RESOURCE,VMR_100002_113,VMR,,,,"{""va"": ""0x7f0500de4000"", ""vmr_type"": ""LIB"", ""num_pages"": 1, ""page_size"": 4096}"
RESOURCE,VMR_100002_114,VMR,,,,"{""va"": ""0x7f0500de5000"", ""vmr_type"": ""LIB"", ""num_pages"": 1, ""page_size"": 4096}"
RESOURCE,VMR_100002_115,VMR,,,,"{""va"": ""0x7f0500de6000"", ""vmr_type"": ""LIB"", ""num_pages"": 1, ""page_size"": 4096}"
RESOURCE,VMR_100002_116,VMR,,,,"{""va"": ""0x7f0500de7000"", ""vmr_type"": ""LIB"", ""num_pages"": 1, ""page_size"": 4096}"
RESOURCE,VMR_100002_117,VMR,,,,"{""va"": ""0x7f0500de8000"", ""vmr_type"": ""LIB"", ""num_pages"": 1, ""page_size"": 4096}"
RESOURCE,VMR_100002_118,VMR,,,,"{""va"": ""0x7f0500de9000"", ""vmr_type"": ""LIB"", ""num_pages"": 1, ""page_size"": 4096}"
RESOURCE,VMR_100002_119,VMR,,,,"{""va"": ""0x7f0500dea000"", ""vmr_type"": ""LIB"", ""num_pages"": 1, ""page_size"": 4096}"
RESOURCE,VMR_100002_120,VMR,,,,"{""va"": ""0x7f0500deb000"", ""vmr_type"": ""LIB"", ""num_pages"": 1, ""page_size"": 4096}"
RESOURCE,VMR_100002_121,VMR,,,,"{""va"": ""0x7f0500dec000"", ""vmr_type"": ""LIB"", ""num_pages"": 1, ""page_size"": 4096}"
RESOURCE,VMR_100002_122,VMR,,,,"{""va"": ""0x7f0500ded000"", ""vmr_type"": ""LIB"", ""num_pages"": 1, ""page_size"": 4096}"
RESOURCE,VMR_100002_123,VMR,,,,"{""va"": ""0x7f0500dee000"", ""vmr_type"": ""LIB"", ""num_pages"": 1, ""page_size"": 4096}"
RESOURCE,VMR_100002_124,VMR,,,,"{""va"": ""0x7f0500def000"", ""vmr_type"": ""LIB"", ""num_pages"": 1, ""page_size"": 4096}"
RESOURCE,VMR_100002_125,VMR,,,,"{""va"": ""0x7f0500df0000"", ""vmr_type"": ""LIB"", ""num_pages"": 1, ""page_size"": 4096}"
RESOURCE,VMR_100002_126,VMR,,,,"{""va"": ""0x7f0500df1000"", ""vmr_type"": ""LIB"", ""num_pages"": 1, ""page_size"": 4096}"
RESOURCE,VMR_100002_127,VMR,,,,"{""va"": ""0x7f0500df2000"", ""vmr_type"": ""LIB"", ""num_pages"": 1, ""page_size"": 4096}"
RESOURCE,VMR_100002_128,VMR,,,,"{""va"": ""0x7f0500df3000"", ""vmr_type"": ""LIB"", ""num_pages"": 1, ""page_size"": 4096}"
RESOURCE,VMR_100002_129,VMR,,,,"{""va"": ""0x7f0500df4000"", ""vmr_type"": ""LIB"", ""num_pages"": 1, ""page_size"": 4096}"
RESOURCE,VMR_100002_130,VMR,,,,"{""va"": ""0x7f0500df5000"", ""vmr_type"": ""LIB"", ""num_pages"": 1, ""page_size"": 4096}"
RESOURCE,VMR_100002_131,VMR,,,,"{""va"": ""0x7f0500df6000"", ""vmr_type"": ""LIB"", ""num_pages"": 1, ""page_size"": 4096}"
RESOURCE,VMR_100002_132,VMR,,,,"{""va"": ""0x7f0500df7000"", ""vmr_type"": ""LIB"", ""num_pages"": 1, ""page_size"": 4096}"
RESOURCE,VMR_100002_133,VMR,,,,"{""va"": ""0x7f0500df8000"", ""vmr_type"": ""LIB"", ""num_pages"": 1, ""page_size"": 4096}"
RESOURCE,VMR_100002_134,VMR,,,,"{""va"": ""0x7f0500df9000"", ""vmr_type"": ""LIB"", ""num_pages"": 1, ""page_size"": 4096}"
RESOURCE,VMR_100002_135,VMR,,,,"{""va"": ""0x7f0500dfa000"", ""vmr_type"": ""LIB"", ""num_pages"": 1, ""page_size"": 4096}"
RESOURCE,VMR_100002_136,VMR,,,,"{""va"": ""0x7f0500dfb000"", ""vmr_type"": ""LIB"", ""num_pages"": 1, ""page_size"": 4096}"
RESOURCE,VMR_100002_137,VMR,,,,"{""va"": ""0x7f0500dfc000"", ""vmr_type"": ""LIB"", ""num_pages"": 1, ""page_size"": 4096}"
RESOURCE,VMR_100002_138,VMR,,,,"{""va"": ""0x7f0500dfd000"", ""vmr_type"": ""LIB"", ""num_pages"": 1, ""page_size"": 4096}"
RESOURCE,VMR_100002_139,VMR,,,,"{""va"": ""0x7f0500dfe000"", ""vmr_type"": ""LIB"", ""num_pages"": 1, ""page_size"": 4096}"
RESOURCE,VMR_100002_140,VMR,,,,"{""va"": ""0x7f0500dff000"", ""vmr_type"": ""LIB"", ""num_pages"": 1, ""page_size"": 4096}"
RESOURCE,VMR_100002_141,VMR,,,,"{""va"": ""0x7f0500e00000"", ""vmr_type"": ""LIB"", ""num_pages"": 1, ""page_size"": 4096}"
RESOURCE,VMR_100002_142,VMR,,,,"{""va"": ""0x7f0500e01000"", ""vmr_type"": ""LIB"", ""num_pages"": 1, ""page_size"": 4096}"
RESOURCE,VMR_100002_143,VMR,,,,"{""va"": ""0x7f0500e02000"", ""vmr_type"": ""LIB"", ""num_pages"": 1, ""page_size"": 4096}"
RESOURCE,VMR_100002_144,VMR,,,,"{""va"": ""0x7f0500e03000"", ""vmr_type"": ""LIB"", ""num_pages"": 1, ""page_size"": 4096}"
RESOURCE,VMR_100002_145,VMR,,,,"{""va"": ""0x7f0500e04000"", ""vmr_type"": ""LIB"", ""num_pages"": 1, ""page_size"": 4096}"
RESOURCE,VMR_100002_146,VMR,,,,"{""va"": ""0x7f0500e05000"", ""vmr_type"": ""LIB"", ""num_pages"": 1, ""page_size"": 4096}"
RESOURCE,VMR_100002_147,VMR,,,,"{""va"": ""0x7f0500e06000"", ""vmr_type"": ""LIB"", ""num_pages"": 1, ""page_size"": 4096}"
RESOURCE,VMR_100002_148,VMR,,,,"{""va"": ""0x7f0500e07000"", ""vmr_type"": ""LIB"", ""num_pages"": 1, ""page_size"": 4096}"
RESOURCE,VMR_100002_149,VMR,,,,"{""va"": ""0x7f0500e08000"", ""vmr_type"": ""LIB"", ""num_pages"": 1, ""page_size"": 4096}"
RESOURCE,VMR_100002_150,VMR,,,,"{""va"": ""0x7f0500e09000"", ""vmr_type"": ""LIB"", ""num_pages"": 1, ""page_size"": 4096}"
RESOURCE,VMR_100002_151,VMR,,,,"{""va"": ""0x7f0500e0a000"", ""vmr_type"": ""LIB"", ""num_pages"": 1, ""page_size"": 4096}"
RESOURCE,VMR_100002_152,VMR,,,,"{""va"": ""0x7f0500e0b000"", ""vmr_type"": ""LIB"", ""num_pages"": 1, ""page_size"": 4096}"
RESOURCE,VMR_100002_153,VMR,,,,"{""va"": ""0x7f0500e0c000"", ""vmr_type"": ""LIB"", ""num_pages"": 1, ""page_size"": 4096}"
RESOURCE,VMR_100002_154,VMR,,,,"{""va"": ""0x7f0500e0d000"", ""vmr_type"": ""LIB"", ""num_pages"": 1, ""page_size"": 4096}"
RESOURCE,VMR_100002_155,VMR,,,,"{""va"": ""0x7f0500e0e000"", ""vmr_type"": ""LIB"", ""num_pages"": 1, ""page_size"": 4096}"
RESOURCE,VMR_100002_156,VMR,,,,"{""va"": ""0x7f0500e0f000"", ""vmr_type"": ""LIB"", ""num_pages"": 1, ""page_size"": 4096}"
RESOURCE,VMR_100002_157,VMR,,,,"{""va"": ""0x7f0500e10000"", ""vmr_type"": ""LIB"", ""num_pages"": 1, ""page_size"": 4096}"
RESOURCE,VMR_100002_158,VMR,,,,"{""va"": ""0x7f0500e11000"", ""vmr_type"": ""LIB"", ""num_pages"": 1, ""page_size"": 4096}"
RESOURCE,VMR_100002_159,VMR,,,,"{""va"": ""0x7f0500e12000"", ""vmr_type"": ""LIB"", ""num_pages"": 1, ""page_size"": 4096}"
RESOURCE,VMR_100002_160,VMR,,,,"{""va"": ""0x7f0500e13000"", ""vmr_type"": ""LIB"", ""num_pages"": 1, ""page_size"": 4096}"
RESOURCE,VMR_100002_161,VMR,,,,"{""va"": ""0x7f0500e14000"", ""vmr_type"": ""LIB"", ""num_pages"": 1, ""page_size"": 4096}"
RESOURCE,VMR_100002_162,VMR,,,,"{""va"": ""0x7f0500e15000"", ""vmr_type"": ""LIB"", ""num_pages"": 1, ""page_size"": 4096}"
RESOURCE,VMR_100002_163,VMR,,,,"{""va"": ""0x7f0500e16000"", ""vmr_type"": ""LIB"", ""num_pages"": 1, ""page_size"": 4096}"
RESOURCE,VMR_100002_164,VMR,,,,"{""va"": ""0x7f0500e17000"", ""vmr_type"": ""LIB"", ""num_pages"": 1, ""page_size"": 4096}"
RESOURCE,VMR_100002_165,VMR,,,,"{""va"": ""0x7f0500e18000"", ""vmr_type"": ""LIB"", ""num_pages"": 1, ""page_size"": 4096}"
RESOURCE,VMR_100002_166,VMR,,,,"{""va"": ""0x7f0500e19000"", ""vmr_type"": ""LIB"", ""num_pages"": 1, ""page_size"": 4096}"
RESOURCE,VMR_100002_167,VMR,,,,"{""va"": ""0x7f0500e1a000"", ""vmr_type"": ""LIB"", ""num_pages"": 1, ""page_size"": 4096}"
RESOURCE,VMR_100002_168,VMR,,,,"{""va"": ""0x7f0500e1b000"", ""vmr_type"": ""LIB"", ""num_pages"": 1, ""page_size"": 4096}"
RESOURCE,VMR_100002_169,VMR,,,,"{""va"": ""0x7f0500e1c000"", ""vmr_type"": ""LIB"", ""num_pages"": 1, ""page_size"": 4096}"
RESOURCE,VMR_100002_170,VMR,,,,"{""va"": ""0x7f0500e1d000"", ""vmr_type"": ""LIB"", ""num_pages"": 1, ""page_size"": 4096}"
RESOURCE,VMR_100002_171,VMR,,,,"{""va"": ""0x7f0500e1e000"", ""vmr_type"": ""LIB"", ""num_pages"": 1, ""page_size"": 4096}"
RESOURCE,VMR_100002_172,VMR,,,,"{""va"": ""0x7f0500e1f000"", ""vmr_type"": ""LIB"", ""num_pages"": 1, ""page_size"": 4096}"
RESOURCE,VMR_100002_173,VMR,,,,"{""va"": ""0x7f0500e20000"", ""vmr_type"": ""LIB"", ""num_pages"": 1, ""page_size"": 4096}"
RESOURCE,VMR_100002_174,VMR,,,,"{""va"": ""0x7f0500e21000"", ""vmr_type"": ""LIB"", ""num_pages"": 1, ""page_size"": 4096}"
RESOURCE,VMR_100002_175,VMR,,,,"{""va"": ""0x7f0500e22000"", ""vmr_type"": ""LIB"", ""num_pages"": 1, ""page_size"": 4096}"
RESOURCE,VMR_100002_176,VMR,,,,"{""va"": ""0x7f0500e23000"", ""vmr_type"": ""LIB"", ""num_pages"": 1, ""page_size"": 4096}"
RESOURCE,VMR_100002_177,VMR,,,,"{""va"": ""0x7f0500e24000"", ""vmr_type"": ""LIB"", ""num_pages"": 1, ""page_size"": 4096}"
RESOURCE,VMR_100002_178,VMR,,,,"{""va"": ""0x7f0500e25000"", ""vmr_type"": ""LIB"", ""num_pages"": 1, ""page_size"": 4096}"
RESOURCE,VMR_100002_179,VMR,,,,"{""va"": ""0x7f0500e26000"", ""vmr_type"": ""LIB"", ""num_pages"": 1, ""page_size"": 4096}"
RESOURCE,VMR_100002_180,VMR,,,,"{""va"": ""0x7f0500e27000"", ""vmr_type"": ""LIB"", ""num_pages"": 1, ""page_size"": 4096}"
RESOURCE,VMR_100002_181,VMR,,,,"{""va"": ""0x7f0500e28000"", ""vmr_type"": ""LIB"", ""num_pages"": 1, ""page_size"": 4096}"
RESOURCE,VMR_100002_182,VMR,,,,"{""va"": ""0x7f0500e29000"", ""vmr_type"": ""LIB"", ""num_pages"": 1, ""page_size"": 4096}"
RESOURCE,VMR_100002_183,VMR,,,,"{""va"": ""0x7f0500e2a000"", ""vmr_type"": ""LIB"", ""num_pages"": 1, ""page_size"": 4096}"
RESOURCE,VMR_100002_184,VMR,,,,"{""va"": ""0x7f0500e2b000"", ""vmr_type"": ""LIB"", ""num_pages"": 1, ""page_size"": 4096}"
RESOURCE,VMR_100002_185,VMR,,,,"{""va"": ""0x7f0500e2c000"", ""vmr_type"": ""LIB"", ""num_pages"": 1, ""page_size"": 4096}"
RESOURCE,VMR_100002_186,VMR,,,,"{""va"": ""0x7f0500e2d000"", ""vmr_type"": ""LIB"", ""num_pages"": 1, ""page_size"": 4096}"
RESOURCE,VMR_100002_187,VMR,,,,"{""va"": ""0x7f0500e2e000"", ""vmr_type"": ""LIB"", ""num_pages"": 1, ""page_size"": 4096}"
RESOURCE,VMR_100002_188,VMR,,,,"{""va"": ""0x7f0500e2f000"", ""vmr_type"": ""LIB"", ""num_pages"": 1, ""page_size"": 4096}"
RESOURCE,VMR_100002_189,VMR,,,,"{""va"": ""0x7f0500e30000"", ""vmr_type"": ""LIB"", ""num_pages"": 1, ""page_size"": 4096}"
RESOURCE,VMR_100002_190,VMR,,,,"{""va"": ""0x7f0500e31000"", ""vmr_type"": ""LIB"", ""num_pages"": 1, ""page_size"": 4096}"
RESOURCE,VMR_100002_191,VMR,,,,"{""va"": ""0x7f0500e32000"", ""vmr_type"": ""LIB"", ""num_pages"": 1, ""page_size"": 4096}"
RESOURCE,VMR_100002_192,VMR,,,,"{""va"": ""0x7f0500e33000"", ""vmr_type"": ""LIB"", ""num_pages"": 1, ""page_size"": 4096}"
RESOURCE,VMR_100002_193,VMR,,,,"{""va"": ""0x7f0500e34000"", ""vmr_type"": ""LIB"", ""num_pages"": 1, ""page_size"": 4096}"
RESOURCE,VMR_100002_194,VMR,,,,"{""va"": ""0x7f0500e35000"", ""vmr_type"": ""LIB"", ""num_pages"": 1, ""page_size"": 4096}"
RESOURCE,VMR_100002_195,VMR,,,,"{""va"": ""0x7f0500e36000"", ""vmr_type"": ""LIB"", ""num_pages"": 1, ""page_size"": 4096}"
RESOURCE,VMR_100002_196,VMR,,,,"{""va"": ""0x7f0500e37000"", ""vmr_type"": ""LIB"", ""num_pages"": 1, ""page_size"": 4096}"
RESOURCE,VMR_100002_197,VMR,,,,"{""va"": ""0x7f0500e38000"", ""vmr_type"": ""LIB"", ""num_pages"": 1, ""page_size"": 4096}"
RESOURCE,VMR_100002_198,VMR,,,,"{""va"": ""0x7f0500e39000"", ""vmr_type"": ""LIB"", ""num_pages"": 1, ""page_size"": 4096}"
RESOURCE,VMR_100002_199,VMR,,,,"{""va"": ""0x7f0500e3a000"", ""vmr_type"": ""LIB"", ""num_pages"": 1, ""page_size"": 4096}"
RESOURCE,VMR_100002_200,VMR,,,,"{""va"": ""0x7f0500e3b000"", ""vmr_type"": ""LIB"", ""num_pages"": 1, ""page_size"": 4096}"
RESOURCE,VMR_100002_201,VMR,,,,"{""va"": ""0x7f0500e3c000"", ""vmr_type"": ""LIB"", ""num_pages"": 1, ""page_size"": 4096}"
RESOURCE,VMR_100002_202,VMR,,,,"{""va"": ""0x7f0500e3d000"", ""vmr_type"": ""LIB"", ""num_pages"": 1, ""page_size"": 4096}"
RESOURCE,VMR_100002_203,VMR,,,,"{""va"": ""0x7f0500e3e000"", ""vmr_type"": ""LIB"", ""num_pages"": 1, ""page_size"": 4096}"
RESOURCE,VMR_100002_204,VMR,,,,"{""va"": ""0x7f0500e3f000"", ""vmr_type"": ""LIB"", ""num_pages"": 1, ""page_size"": 4096}"
RESOURCE,VMR_100002_205,VMR,,,,"{""va"": ""0x7f0500e40000"", ""vmr_type"": ""LIB"", ""num_pages"": 1, ""page_size"": 4096}"
RESOURCE,VMR_100002_206,VMR,,,,"{""va"": ""0x7f0500e41000"", ""vmr_type"": ""LIB"", ""num_pages"": 1, ""page_size"": 4096}"
RESOURCE,VMR_100002_207,VMR,,,,"{""va"": ""0x7f0500e42000"", ""vmr_type"": ""LIB"", ""num_pages"": 1, ""page_size"": 4096}"
RESOURCE,VMR_100002_208,VMR,,,,"{""va"": ""0x7f0500e43000"", ""vmr_type"": ""LIB"", ""num_pages"": 1, ""page_size"": 4096}"
RESOURCE,VMR_100002_209,VMR,,,,"{""va"": ""0x7f0500e44000"", ""vmr_type"": ""LIB"", ""num_pages"": 1, ""page_size"": 4096}"
RESOURCE,VMR_100002_210,VMR,,,,"{""va"": ""0x7f0500e45000"", ""vmr_type"": ""LIB"", ""num_pages"": 1, ""page_size"": 4096}"
RESOURCE,VMR_100002_211,VMR,,,,"{""va"": ""0x7f0500e46000"", ""vmr_type"": ""LIB"", ""num_pages"": 1, ""page_size"": 4096}"
RESOURCE,VMR_100002_212,VMR,,,,"{""va"": ""0x7f0500e47000"", ""vmr_type"": ""LIB"", ""num_pages"": 1, ""page_size"": 4096}"
RESOURCE,VMR_100002_213,VMR,,,,"{""va"": ""0x7f0500e48000"", ""vmr_type"": ""LIB"", ""num_pages"": 1, ""page_size"": 4096}"
RESOURCE,VMR_100002_214,VMR,,,,"{""va"": ""0x7f0500e49000"", ""vmr_type"": ""LIB"", ""num_pages"": 1, ""page_size"": 4096}"
RESOURCE,VMR_100002_215,VMR,,,,"{""va"": ""0x7f0500e4a000"", ""vmr_type"": ""LIB"", ""num_pages"": 1, ""page_size"": 4096}"
RESOURCE,VMR_100002_216,VMR,,,,"{""va"": ""0x7f0500e4b000"", ""vmr_type"": ""LIB"", ""num_pages"": 1, ""page_size"": 4096}"
RESOURCE,VMR_100002_217,VMR,,,,"{""va"": ""0x7f0500e4c000"", ""vmr_type"": ""LIB"", ""num_pages"": 1, ""page_size"": 4096}"
RESOURCE,VMR_100002_218,VMR,,,,"{""va"": ""0x7f0500e4d000"", ""vmr_type"": ""LIB"", ""num_pages"": 1, ""page_size"": 4096}"
RESOURCE,VMR_100002_219,VMR,,,,"{""va"": ""0x7f0500e4e000"", ""vmr_type"": ""LIB"", ""num_pages"": 1, ""page_size"": 4096}"
RESOURCE,VMR_100002_220,VMR,,,,"{""va"": ""0x7f0500e4f000"", ""vmr_type"": ""LIB"", ""num_pages"": 1, ""page_size"": 4096}"
RESOURCE,VMR_100002_221,VMR,,,,"{""va"": ""0x7f0500e50000"", ""vmr_type"": ""LIB"", ""num_pages"": 1, ""page_size"": 4096}"
RESOURCE,VMR_100002_222,VMR,,,,"{""va"": ""0x7f0500e51000"", ""vmr_type"": ""LIB"", ""num_pages"": 1, ""page_size"": 4096}"
RESOURCE,VMR_100002_223,VMR,,,,"{""va"": ""0x7f0500e52000"", ""vmr_type"": ""LIB"", ""num_pages"": 1, ""page_size"": 4096}"
RESOURCE,VMR_100002_224,VMR,,,,"{""va"": ""0x7f0500e53000"", ""vmr_type"": ""LIB"", ""num_pages"": 1, ""page_size"": 4096}"
RESOURCE,VMR_100002_225,VMR,,,,"{""va"": ""0x7f0500e54000"", ""vmr_type"": ""LIB"", ""num_pages"": 1, ""page_size"": 4096}"
RESOURCE,VMR_100002_226,VMR,,,,"{""va"": ""0x7f0500e55000"", ""vmr_type"": ""LIB"", ""num_pages"": 1, ""page_size"": 4096}"
RESOURCE,VMR_100002_227,VMR,,,,"{""va"": ""0x7f0500e56000"", ""vmr_type"": ""LIB"", ""num_pages"": 1, ""page_size"": 4096}"
RESOURCE,VMR_100002_228,VMR,,,,"{""va"": ""0x7f0500e57000"", ""vmr_type"": ""LIB"", ""num_pages"": 1, ""page_size"": 4096}"
RESOURCE,VMR_100002_229,VMR,,,,"{""va"": ""0x7f0500e58000"", ""vmr_type"": ""LIB"", ""num_pages"": 1, ""page_size"": 4096}"
RESOURCE,VMR_100002_230,VMR,,,,"{""va"": ""0x7f0500e59000"", ""vmr_type"": ""LIB"", ""num_pages"": 1, ""page_size"": 4096}"
RESOURCE,VMR_100002_231,VMR,,,,"{""va"": ""0x7f0500e5a000"", ""vmr_type"": ""LIB"", ""num_pages"": 1, ""page_size"": 4096}"
RESOURCE,VMR_100002_232,VMR,,,,"{""va"": ""0x7f0500e5b000"", ""vmr_type"": ""LIB"", ""num_pages"": 1, ""page_size"": 4096}"
RESOURCE,VMR_100002_233,VMR,,,,"{""va"": ""0x7f0500e5c000"", ""vmr_type"": ""LIB"", ""num_pages"": 1, ""page_size"": 4096}"
RESOURCE,VMR_100002_234,VMR,,,,"{""va"": ""0x7f0500e5d000"", ""vmr_type"": ""LIB"", ""num_pages"": 1, ""page_size"": 4096}"
RESOURCE,VMR_100002_235,VMR,,,,"{""va"": ""0x7f0500e5e000"", ""vmr_type"": ""LIB"", ""num_pages"": 1, ""page_size"": 4096}"
RESOURCE,VMR_100002_236,VMR,,,,"{""va"": ""0x7f0500e5f000"", ""vmr_type"": ""LIB"", ""num_pages"": 1, ""page_size"": 4096}"
RESOURCE,VMR_100002_237,VMR,,,,"{""va"": ""0x7f0500e60000"", ""vmr_type"": ""LIB"", ""num_pages"": 1, ""page_size"": 4096}"
RESOURCE,VMR_100002_238,VMR,,,,"{""va"": ""0x7f0500e61000"", ""vmr_type"": ""LIB"", ""num_pages"": 1, ""page_size"": 4096}"
RESOURCE,VMR_100002_239,VMR,,,,"{""va"": ""0x7f0500e62000"", ""vmr_type"": ""LIB"", ""num_pages"": 1, ""page_size"": 4096}"
RESOURCE,VMR_100002_240,VMR,,,,"{""va"": ""0x7f0500e63000"", ""vmr_type"": ""LIB"", ""num_pages"": 1, ""page_size"": 4096}"
RESOURCE,VMR_100002_241,VMR,,,,"{""va"": ""0x7f0500e64000"", ""vmr_type"": ""LIB"", ""num_pages"": 1, ""page_size"": 4096}"
RESOURCE,VMR_100002_242,VMR,,,,"{""va"": ""0x7f0500e65000"", ""vmr_type"": ""LIB"", ""num_pages"": 1, ""page_size"": 4096}"
RESOURCE,VMR_100002_243,VMR,,,,"{""va"": ""0x7f0500e66000"", ""vmr_type"": ""LIB"", ""num_pages"": 1, ""page_size"": 4096}"
RESOURCE,VMR_100002_244,VMR,,,,"{""va"": ""0x7f0500e67000"", ""vmr_type"": ""LIB"", ""num_pages"": 1, ""page_size"": 4096}"
RESOURCE,VMR_100002_245,VMR,,,,"{""va"": ""0x7f0500e68000"", ""vmr_type"": ""LIB"", ""num_pages"": 1, ""page_size"": 4096}"
RESOURCE,VMR_100002_246,VMR,,,,"{""va"": ""0x7f0500e69000"", ""vmr_type"": ""LIB"", ""num_pages"": 1, ""page_size"": 4096}"
RESOURCE,VMR_100002_247,VMR,,,,"{""va"": ""0x7f0500e6a000"", ""vmr_type"": ""LIB"", ""num_pages"": 1, ""page_size"": 4096}"
RESOURCE,VMR_100002_248,VMR,,,,"{""va"": ""0x7f0500e6b000"", ""vmr_type"": ""LIB"", ""num_pages"": 1, ""page_size"": 4096}"
RESOURCE,VMR_100002_249,VMR,,,,"{""va"": ""0x7f0500e6c000"", ""vmr_type"": ""LIB"", ""num_pages"": 1, ""page_size"": 4096}"
RESOURCE,VMR_100002_250,VMR,,,,"{""va"": ""0x7f0500e6d000"", ""vmr_type"": ""LIB"", ""num_pages"": 1, ""page_size"": 4096}"
RESOURCE,VMR_100002_251,VMR,,,,"{""va"": ""0x7f0500e6e000"", ""vmr_type"": ""LIB"", ""num_pages"": 1, ""page_size"": 4096}"
RESOURCE,VMR_100002_252,VMR,,,,"{""va"": ""0x7f0500e6f000"", ""vmr_type"": ""LIB"", ""num_pages"": 1, ""page_size"": 4096}"
RESOURCE,VMR_100002_253,VMR,,,,"{""va"": ""0x7f0500e70000"", ""vmr_type"": ""LIB"", ""num_pages"": 1, ""page_size"": 4096}"
RESOURCE,VMR_100002_254,VMR,,,,"{""va"": ""0x7f0500e71000"", ""vmr_type"": ""LIB"", ""num_pages"": 1, ""page_size"": 4096}"
RESOURCE,VMR_100002_255,VMR,,,,"{""va"": ""0x7f0500e72000"", ""vmr_type"": ""LIB"", ""num_pages"": 1, ""page_size"": 4096}"
RESOURCE,VMR_100002_256,VMR,,,,"{""va"": ""0x7f0500e73000"", ""vmr_type"": ""LIB"", ""num_pages"": 1, ""page_size"": 4096}"
RESOURCE,VMR_100002_257,VMR,,,,"{""va"": ""0x7f0500e74000"", ""vmr_type"": ""LIB"", ""num_pages"": 1, ""page_size"": 4096}"
RESOURCE,VMR_100002_258,VMR,,,,"{""va"": ""0x7f0500e75000"", ""vmr_type"": ""LIB"", ""num_pages"": 1, ""page_size"": 4096}"
RESOURCE,VMR_100002_259,VMR,,,,"{""va"": ""0x7f0500e76000"", ""vmr_type"": ""LIB"", ""num_pages"": 1, ""page_size"": 4096}"
RESOURCE,VMR_100002_260,VMR,,,,"{""va"": ""0x7f0500e77000"", ""vmr_type"": ""LIB"", ""num_pages"": 1, ""page_size"": 4096}"
RESOURCE,VMR_100002_261,VMR,,,,"{""va"": ""0x7f0500e78000"", ""vmr_type"": ""LIB"", ""num_pages"": 1, ""page_size"": 4096}"
RESOURCE,VMR_100002_262,VMR,,,,"{""va"": ""0x7f0500e79000"", ""vmr_type"": ""LIB"", ""num_pages"": 1, ""page_size"": 4096}"
RESOURCE,VMR_100002_263,VMR,,,,"{""va"": ""0x7f0500e7a000"", ""vmr_type"": ""LIB"", ""num_pages"": 1, ""page_size"": 4096}"
RESOURCE,VMR_100002_264,VMR,,,,"{""va"": ""0x7f0500e7b000"", ""vmr_type"": ""LIB"", ""num_pages"": 1, ""page_size"": 4096}"
RESOURCE,VMR_100002_265,VMR,,,,"{""va"": ""0x7f0500e7c000"", ""vmr_type"": ""LIB"", ""num_pages"": 1, ""page_size"": 4096}"
RESOURCE,VMR_100002_266,VMR,,,,"{""va"": ""0x7f0500e7d000"", ""vmr_type"": ""LIB"", ""num_pages"": 1, ""page_size"": 4096}"
RESOURCE,VMR_100002_267,VMR,,,,"{""va"": ""0x7f0500e7e000"", ""vmr_type"": ""LIB"", ""num_pages"": 1, ""page_size"": 4096}"
RESOURCE,VMR_100002_268,VMR,,,,"{""va"": ""0x7f0500e7f000"", ""vmr_type"": ""LIB"", ""num_pages"": 1, ""page_size"": 4096}"
RESOURCE,VMR_100002_269,VMR,,,,"{""va"": ""0x7f0500e80000"", ""vmr_type"": ""LIB"", ""num_pages"": 1, ""page_size"": 4096}"
RESOURCE,VMR_100002_270,VMR,,,,"{""va"": ""0x7f0500e81000"", ""vmr_type"": ""LIB"", ""num_pages"": 1, ""page_size"": 4096}"
RESOURCE,VMR_100002_271,VMR,,,,"{""va"": ""0x7f0500e82000"", ""vmr_type"": ""LIB"", ""num_pages"": 1, ""page_size"": 4096}"
RESOURCE,VMR_100002_272,VMR,,,,"{""va"": ""0x7f0500e83000"", ""vmr_type"": ""LIB"", ""num_pages"": 1, ""page_size"": 4096}"
RESOURCE,VMR_100002_273,VMR,,,,"{""va"": ""0x7f0500e84000"", ""vmr_type"": ""LIB"", ""num_pages"": 1, ""page_size"": 4096}"
RESOURCE,VMR_100002_274,VMR,,,,"{""va"": ""0x7f0500e85000"", ""vmr_type"": ""LIB"", ""num_pages"": 1, ""page_size"": 4096}"
RESOURCE,VMR_100002_275,VMR,,,,"{""va"": ""0x7f0500e86000"", ""vmr_type"": ""LIB"", ""num_pages"": 1, ""page_size"": 4096}"
RESOURCE,VMR_100002_276,VMR,,,,"{""va"": ""0x7f0500e87000"", ""vmr_type"": ""LIB"", ""num_pages"": 1, ""page_size"": 4096}"
RESOURCE,VMR_100002_277,VMR,,,,"{""va"": ""0x7f0500e88000"", ""vmr_type"": ""LIB"", ""num_pages"": 1, ""page_size"": 4096}"
RESOURCE,VMR_100002_278,VMR,,,,"{""va"": ""0x7f0500e89000"", ""vmr_type"": ""LIB"", ""num_pages"": 1, ""page_size"": 4096}"
RESOURCE,VMR_100002_279,VMR,,,,"{""va"": ""0x7f0500e8a000"", ""vmr_type"": ""LIB"", ""num_pages"": 1, ""page_size"": 4096}"
RESOURCE,VMR_100002_280,VMR,,,,"{""va"": ""0x7f0500e8b000"", ""vmr_type"": ""LIB"", ""num_pages"": 1, ""page_size"": 4096}"
RESOURCE,VMR_100002_281,VMR,,,,"{""va"": ""0x7f0500e8c000"", ""vmr_type"": ""LIB"", ""num_pages"": 1, ""page_size"": 4096}"
RESOURCE,VMR_100002_282,VMR,,,,"{""va"": ""0x7f0500e8d000"", ""vmr_type"": ""LIB"", ""num_pages"": 1, ""page_size"": 4096}"
RESOURCE,VMR_100002_283,VMR,,,,"{""va"": ""0x7f0500e8e000"", ""vmr_type"": ""LIB"", ""num_pages"": 1, ""page_size"": 4096}"
RESOURCE,VMR_100002_284,VMR,,,,"{""va"": ""0x7f0500e8f000"", ""vmr_type"": ""LIB"", ""num_pages"": 1, ""page_size"": 4096}"
RESOURCE,VMR_100002_285,VMR,,,,"{""va"": ""0x7f0500e90000"", ""vmr_type"": ""LIB"", ""num_pages"": 1, ""page_size"": 4096}"
RESOURCE,VMR_100002_286,VMR,,,,"{""va"": ""0x7f0500e91000"", ""vmr_type"": ""LIB"", ""num_pages"": 1, ""page_size"": 4096}"
RESOURCE,VMR_100002_287,VMR,,,,"{""va"": ""0x7f0500e92000"", ""vmr_type"": ""LIB"", ""num_pages"": 1, ""page_size"": 4096}"
RESOURCE,VMR_100002_288,VMR,,,,"{""va"": ""0x7f0500e93000"", ""vmr_type"": ""LIB"", ""num_pages"": 1, ""page_size"": 4096}"
RESOURCE,VMR_100002_289,VMR,,,,"{""va"": ""0x7f0500e94000"", ""vmr_type"": ""LIB"", ""num_pages"": 1, ""page_size"": 4096}"
RESOURCE,VMR_100002_290,VMR,,,,"{""va"": ""0x7f0500e95000"", ""vmr_type"": ""LIB"", ""num_pages"": 1, ""page_size"": 4096}"
RESOURCE,VMR_100002_291,VMR,,,,"{""va"": ""0x7f0500e96000"", ""vmr_type"": ""LIB"", ""num_pages"": 1, ""page_size"": 4096}"
RESOURCE,VMR_100002_292,VMR,,,,"{""va"": ""0x7f0500e97000"", ""vmr_type"": ""LIB"", ""num_pages"": 1, ""page_size"": 4096}"
RESOURCE,VMR_100002_293,VMR,,,,"{""va"": ""0x7f0500e98000"", ""vmr_type"": ""LIB"", ""num_pages"": 1, ""page_size"": 4096}"
RESOURCE,VMR_100002_294,VMR,,,,"{""va"": ""0x7f0500e99000"", ""vmr_type"": ""LIB"", ""num_pages"": 1, ""page_size"": 4096}"
RESOURCE,VMR_100002_295,VMR,,,,"{""va"": ""0x7f0500e9a000"", ""vmr_type"": ""LIB"", ""num_pages"": 1, ""page_size"": 4096}"
RESOURCE,VMR_100002_296,VMR,,,,"{""va"": ""0x7f0500e9b000"", ""vmr_type"": ""LIB"", ""num_pages"": 1, ""page_size"": 4096}"
RESOURCE,VMR_100002_297,VMR,,,,"{""va"": ""0x7f0500e9c000"", ""vmr_type"": ""LIB"", ""num_pages"": 1, ""page_size"": 4096}"
RESOURCE,VMR_100002_298,VMR,,,,"{""va"": ""0x7f0500e9d000"", ""vmr_type"": ""LIB"", ""num_pages"": 1, ""page_size"": 4096}"
RESOURCE,VMR_100002_299,VMR,,,,"{""va"": ""0x7f0500e9e000"", ""vmr_type"": ""LIB"", ""num_pages"": 1, ""page_size"": 4096}"
RESOURCE,VMR_100002_300,VMR,,,,"{""va"": ""0x7f0500e9f000"", ""vmr_type"": ""LIB"", ""num_pages"": 1, ""page_size"": 4096}"
RESOURCE,VMR_100002_301,VMR,,,,"{""va"": ""0x7f0500ea0000"", ""vmr_type"": ""LIB"", ""num_pages"": 1, ""page_size"": 4096}"
RESOURCE,VMR_100002_302,VMR,,,,"{""va"": ""0x7f0500ea1000"", ""vmr_type"": ""LIB"", ""num_pages"": 1, ""page_size"": 4096}"
RESOURCE,VMR_100002_303,VMR,,,,"{""va"": ""0x7f0500ea2000"", ""vmr_type"": ""LIB"", ""num_pages"": 1, ""page_size"": 4096}"
RESOURCE,VMR_100002_304,VMR,,,,"{""va"": ""0x7f0500ea3000"", ""vmr_type"": ""LIB"", ""num_pages"": 1, ""page_size"": 4096}"
RESOURCE,VMR_100002_305,VMR,,,,"{""va"": ""0x7f0500ea4000"", ""vmr_type"": ""LIB"", ""num_pages"": 1, ""page_size"": 4096}"
RESOURCE,VMR_100002_306,VMR,,,,"{""va"": ""0x7f0500ea5000"", ""vmr_type"": ""LIB"", ""num_pages"": 1, ""page_size"": 4096}"
RESOURCE,VMR_100002_307,VMR,,,,"{""va"": ""0x7f0500ea6000"", ""vmr_type"": ""LIB"", ""num_pages"": 1, ""page_size"": 4096}"
RESOURCE,VMR_100002_308,VMR,,,,"{""va"": ""0x7f0500ea7000"", ""vmr_type"": ""LIB"", ""num_pages"": 1, ""page_size"": 4096}"
RESOURCE,VMR_100002_309,VMR,,,,"{""va"": ""0x7f0500ea8000"", ""vmr_type"": ""LIB"", ""num_pages"": 1, ""page_size"": 4096}"
RESOURCE,VMR_100002_310,VMR,,,,"{""va"": ""0x7f0500ea9000"", ""vmr_type"": ""LIB"", ""num_pages"": 1, ""page_size"": 4096}"
RESOURCE,VMR_100002_311,VMR,,,,"{""va"": ""0x7f0500eaa000"", ""vmr_type"": ""LIB"", ""num_pages"": 1, ""page_size"": 4096}"
RESOURCE,VMR_100002_312,VMR,,,,"{""va"": ""0x7f0500eab000"", ""vmr_type"": ""LIB"", ""num_pages"": 1, ""page_size"": 4096}"
RESOURCE,VMR_100002_313,VMR,,,,"{""va"": ""0x7f0500eac000"", ""vmr_type"": ""LIB"", ""num_pages"": 1, ""page_size"": 4096}"
RESOURCE,VMR_100002_314,VMR,,,,"{""va"": ""0x7f0500ead000"", ""vmr_type"": ""LIB"", ""num_pages"": 1, ""page_size"": 4096}"
RESOURCE,VMR_100002_315,VMR,,,,"{""va"": ""0x7f0500eae000"", ""vmr_type"": ""LIB"", ""num_pages"": 1, ""page_size"": 4096}"
RESOURCE,VMR_100002_316,VMR,,,,"{""va"": ""0x7f0500eaf000"", ""vmr_type"": ""LIB"", ""num_pages"": 1, ""page_size"": 4096}"
RESOURCE,VMR_100002_317,VMR,,,,"{""va"": ""0x7f0500eb0000"", ""vmr_type"": ""LIB"", ""num_pages"": 1, ""page_size"": 4096}"
RESOURCE,VMR_100002_318,VMR,,,,"{""va"": ""0x7f0500eb1000"", ""vmr_type"": ""LIB"", ""num_pages"": 1, ""page_size"": 4096}"
RESOURCE,VMR_100002_319,VMR,,,,"{""va"": ""0x7f0500eb2000"", ""vmr_type"": ""LIB"", ""num_pages"": 1, ""page_size"": 4096}"
RESOURCE,VMR_100002_320,VMR,,,,"{""va"": ""0x7f0500eb3000"", ""vmr_type"": ""LIB"", ""num_pages"": 1, ""page_size"": 4096}"
RESOURCE,VMR_100002_321,VMR,,,,"{""va"": ""0x7f0500eb4000"", ""vmr_type"": ""LIB"", ""num_pages"": 1, ""page_size"": 4096}"
RESOURCE,VMR_100002_322,VMR,,,,"{""va"": ""0x7f0500eb5000"", ""vmr_type"": ""LIB"", ""num_pages"": 1, ""page_size"": 4096}"
RESOURCE,VMR_100002_323,VMR,,,,"{""va"": ""0x7f0500eb6000"", ""vmr_type"": ""LIB"", ""num_pages"": 1, ""page_size"": 4096}"
RESOURCE,VMR_100002_324,VMR,,,,"{""va"": ""0x7f0500eb7000"", ""vmr_type"": ""LIB"", ""num_pages"": 1, ""page_size"": 4096}"
RESOURCE,VMR_100002_325,VMR,,,,"{""va"": ""0x7f0500eb8000"", ""vmr_type"": ""LIB"", ""num_pages"": 1, ""page_size"": 4096}"
RESOURCE,VMR_100002_326,VMR,,,,"{""va"": ""0x7f0500eb9000"", ""vmr_type"": ""LIB"", ""num_pages"": 1, ""page_size"": 4096}"
RESOURCE,VMR_100002_327,VMR,,,,"{""va"": ""0x7f0500eba000"", ""vmr_type"": ""LIB"", ""num_pages"": 1, ""page_size"": 4096}"
RESOURCE,VMR_100002_328,VMR,,,,"{""va"": ""0x7f0500ebb000"", ""vmr_type"": ""LIB"", ""num_pages"": 1, ""page_size"": 4096}"
RESOURCE,VMR_100002_329,VMR,,,,"{""va"": ""0x7f0500ebc000"", ""vmr_type"": ""LIB"", ""num_pages"": 1, ""page_size"": 4096}"
RESOURCE,VMR_100002_330,VMR,,,,"{""va"": ""0x7f0500ebd000"", ""vmr_type"": ""LIB"", ""num_pages"": 1, ""page_size"": 4096}"
RESOURCE,VMR_100002_331,VMR,,,,"{""va"": ""0x7f0500ebe000"", ""vmr_type"": ""LIB"", ""num_pages"": 1, ""page_size"": 4096}"
RESOURCE,VMR_100002_332,VMR,,,,"{""va"": ""0x7f0500ebf000"", ""vmr_type"": ""LIB"", ""num_pages"": 1, ""page_size"": 4096}"
RESOURCE,VMR_100002_333,VMR,,,,"{""va"": ""0x7f0500ec0000"", ""vmr_type"": ""LIB"", ""num_pages"": 1, ""page_size"": 4096}"
RESOURCE,VMR_100002_334,VMR,,,,"{""va"": ""0x7f0500ec1000"", ""vmr_type"": ""LIB"", ""num_pages"": 1, ""page_size"": 4096}"
RESOURCE,VMR_100002_335,VMR,,,,"{""va"": ""0x7f0500ec2000"", ""vmr_type"": ""LIB"", ""num_pages"": 1, ""page_size"": 4096}"
RESOURCE,VMR_100002_336,VMR,,,,"{""va"": ""0x7f0500ec3000"", ""vmr_type"": ""LIB"", ""num_pages"": 1, ""page_size"": 4096}"
RESOURCE,VMR_100002_337,VMR,,,,"{""va"": ""0x7f0500ec4000"", ""vmr_type"": ""LIB"", ""num_pages"": 1, ""page_size"": 4096}"
RESOURCE,VMR_100002_338,VMR,,,,"{""va"": ""0x7f0500ec5000"", ""vmr_type"": ""LIB"", ""num_pages"": 1, ""page_size"": 4096}"
RESOURCE,VMR_100002_339,VMR,,,,"{""va"": ""0x7f0500ec6000"", ""vmr_type"": ""LIB"", ""num_pages"": 1, ""page_size"": 4096}"
RESOURCE,VMR_100002_340,VMR,,,,"{""va"": ""0x7f0500ec7000"", ""vmr_type"": ""LIB"", ""num_pages"": 1, ""page_size"": 4096}"
RESOURCE,VMR_100002_341,VMR,,,,"{""va"": ""0x7f0500ec8000"", ""vmr_type"": ""LIB"", ""num_pages"": 1, ""page_size"": 4096}"
RESOURCE,VMR_100002_342,VMR,,,,"{""va"": ""0x7f0500ec9000"", ""vmr_type"": ""LIB"", ""num_pages"": 1, ""page_size"": 4096}"
RESOURCE,VMR_100002_343,VMR,,,,"{""va"": ""0x7f0500eca000"", ""vmr_type"": ""LIB"", ""num_pages"": 1, ""page_size"": 4096}"
RESOURCE,VMR_100002_344,VMR,,,,"{""va"": ""0x7f0500ecb000"", ""vmr_type"": ""LIB"", ""num_pages"": 1, ""page_size"": 4096}"
RESOURCE,VMR_100002_345,VMR,,,,"{""va"": ""0x7f0500ecc000"", ""vmr_type"": ""LIB"", ""num_pages"": 1, ""page_size"": 4096}"
RESOURCE,VMR_100002_346,VMR,,,,"{""va"": ""0x7f0500ecd000"", ""vmr_type"": ""LIB"", ""num_pages"": 1, ""page_size"": 4096}"
RESOURCE,VMR_100002_347,VMR,,,,"{""va"": ""0x7f0500ece000"", ""vmr_type"": ""LIB"", ""num_pages"": 1, ""page_size"": 4096}"
RESOURCE,VMR_100002_348,VMR,,,,"{""va"": ""0x7f0500ecf000"", ""vmr_type"": ""LIB"", ""num_pages"": 1, ""page_size"": 4096}"
RESOURCE,VMR_100002_349,VMR,,,,"{""va"": ""0x7f0500ed0000"", ""vmr_type"": ""LIB"", ""num_pages"": 1, ""page_size"": 4096}"
RESOURCE,VMR_100002_350,VMR,,,,"{""va"": ""0x7f0500ed1000"", ""vmr_type"": ""LIB"", ""num_pages"": 1, ""page_size"": 4096}"
RESOURCE,VMR_100002_351,VMR,,,,"{""va"": ""0x7f0500ed2000"", ""vmr_type"": ""LIB"", ""num_pages"": 1, ""page_size"": 4096}"
RESOURCE,VMR_100002_352,VMR,,,,"{""va"": ""0x7f0500ed3000"", ""vmr_type"": ""LIB"", ""num_pages"": 1, ""page_size"": 4096}"
RESOURCE,VMR_100002_353,VMR,,,,"{""va"": ""0x7f0500ed4000"", ""vmr_type"": ""LIB"", ""num_pages"": 1, ""page_size"": 4096}"
RESOURCE,VMR_100002_354,VMR,,,,"{""va"": ""0x7f0500ed5000"", ""vmr_type"": ""LIB"", ""num_pages"": 1, ""page_size"": 4096}"
RESOURCE,VMR_100002_355,VMR,,,,"{""va"": ""0x7f0500ed6000"", ""vmr_type"": ""LIB"", ""num_pages"": 1, ""page_size"": 4096}"
RESOURCE,VMR_100002_356,VMR,,,,"{""va"": ""0x7f0500ed7000"", ""vmr_type"": ""LIB"", ""num_pages"": 1, ""page_size"": 4096}"
RESOURCE,VMR_100002_357,VMR,,,,"{""va"": ""0x7f0500ed8000"", ""vmr_type"": ""LIB"", ""num_pages"": 1, ""page_size"": 4096}"
RESOURCE,VMR_100002_358,VMR,,,,"{""va"": ""0x7f0500ed9000"", ""vmr_type"": ""LIB"", ""num_pages"": 1, ""page_size"": 4096}"
RESOURCE,VMR_100002_359,VMR,,,,"{""va"": ""0x7f0500eda000"", ""vmr_type"": ""LIB"", ""num_pages"": 1, ""page_size"": 4096}"
RESOURCE,VMR_100002_360,VMR,,,,"{""va"": ""0x7f0500edb000"", ""vmr_type"": ""LIB"", ""num_pages"": 1, ""page_size"": 4096}"
RESOURCE,VMR_100002_361,VMR,,,,"{""va"": ""0x7f0500edc000"", ""vmr_type"": ""LIB"", ""num_pages"": 1, ""page_size"": 4096}"
RESOURCE,VMR_100002_362,VMR,,,,"{""va"": ""0x7f0500edd000"", ""vmr_type"": ""LIB"", ""num_pages"": 1, ""page_size"": 4096}"
RESOURCE,VMR_100002_363,VMR,,,,"{""va"": ""0x7f0500ede000"", ""vmr_type"": ""LIB"", ""num_pages"": 1, ""page_size"": 4096}"
RESOURCE,VMR_100002_364,VMR,,,,"{""va"": ""0x7f0500edf000"", ""vmr_type"": ""LIB"", ""num_pages"": 1, ""page_size"": 4096}"
RESOURCE,VMR_100002_365,VMR,,,,"{""va"": ""0x7f0500ee0000"", ""vmr_type"": ""LIB"", ""num_pages"": 1, ""page_size"": 4096}"
RESOURCE,VMR_100002_366,VMR,,,,"{""va"": ""0x7f0500ee1000"", ""vmr_type"": ""LIB"", ""num_pages"": 1, ""page_size"": 4096}"
RESOURCE,VMR_100002_367,VMR,,,,"{""va"": ""0x7f0500ee2000"", ""vmr_type"": ""LIB"", ""num_pages"": 1, ""page_size"": 4096}"
RESOURCE,VMR_100002_368,VMR,,,,"{""va"": ""0x7f0500ee3000"", ""vmr_type"": ""LIB"", ""num_pages"": 1, ""page_size"": 4096}"
RESOURCE,VMR_100002_369,VMR,,,,"{""va"": ""0x7f0500ee4000"", ""vmr_type"": ""LIB"", ""num_pages"": 1, ""page_size"": 4096}"
RESOURCE,VMR_100002_370,VMR,,,,"{""va"": ""0x7f0500ee5000"", ""vmr_type"": ""LIB"", ""num_pages"": 1, ""page_size"": 4096}"
RESOURCE,VMR_100002_371,VMR,,,,"{""va"": ""0x7f0500ee6000"", ""vmr_type"": ""LIB"", ""num_pages"": 1, ""page_size"": 4096}"
RESOURCE,VMR_100002_372,VMR,,,,"{""va"": ""0x7f0500ee7000"", ""vmr_type"": ""LIB"", ""num_pages"": 1, ""page_size"": 4096}"
RESOURCE,VMR_100002_373,VMR,,,,"{""va"": ""0x7f0500ee8000"", ""vmr_type"": ""LIB"", ""num_pages"": 1, ""page_size"": 4096}"
RESOURCE,VMR_100002_374,VMR,,,,"{""va"": ""0x7f0500ee9000"", ""vmr_type"": ""LIB"", ""num_pages"": 1, ""page_size"": 4096}"
RESOURCE,VMR_100002_375,VMR,,,,"{""va"": ""0x7f0500eea000"", ""vmr_type"": ""LIB"", ""num_pages"": 1, ""page_size"": 4096}"
RESOURCE,VMR_100002_376,VMR,,,,"{""va"": ""0x7f0500eeb000"", ""vmr_type"": ""LIB"", ""num_pages"": 1, ""page_size"": 4096}"
RESOURCE,VMR_100002_377,VMR,,,,"{""va"": ""0x7f0500eec000"", ""vmr_type"": ""LIB"", ""num_pages"": 1, ""page_size"": 4096}"
RESOURCE,VMR_100002_378,VMR,,,,"{""va"": ""0x7f0500eed000"", ""vmr_type"": ""LIB"", ""num_pages"": 1, ""page_size"": 4096}"
RESOURCE,VMR_100002_379,VMR,,,,"{""va"": ""0x7f0500eee000"", ""vmr_type"": ""LIB"", ""num_pages"": 1, ""page_size"": 4096}"
RESOURCE,VMR_100002_380,VMR,,,,"{""va"": ""0x7f0500eef000"", ""vmr_type"": ""LIB"", ""num_pages"": 1, ""page_size"": 4096}"
RESOURCE,VMR_100002_381,VMR,,,,"{""va"": ""0x7f0500ef0000"", ""vmr_type"": ""LIB"", ""num_pages"": 1, ""page_size"": 4096}"
RESOURCE,VMR_100002_382,VMR,,,,"{""va"": ""0x7f0500ef1000"", ""vmr_type"": ""LIB"", ""num_pages"": 1, ""page_size"": 4096}"
RESOURCE,VMR_100002_383,VMR,,,,"{""va"": ""0x7f0500ef2000"", ""vmr_type"": ""LIB"", ""num_pages"": 1, ""page_size"": 4096}"
RESOURCE,VMR_100002_384,VMR,,,,"{""va"": ""0x7f0500ef3000"", ""vmr_type"": ""LIB"", ""num_pages"": 1, ""page_size"": 4096}"
RESOURCE,VMR_100002_385,VMR,,,,"{""va"": ""0x7f0500ef4000"", ""vmr_type"": ""LIB"", ""num_pages"": 1, ""page_size"": 4096}"
RESOURCE,VMR_100002_386,VMR,,,,"{""va"": ""0x7f0500ef5000"", ""vmr_type"": ""LIB"", ""num_pages"": 1, ""page_size"": 4096}"
RESOURCE,VMR_100002_387,VMR,,,,"{""va"": ""0x7f0500ef6000"", ""vmr_type"": ""LIB"", ""num_pages"": 1, ""page_size"": 4096}"
RESOURCE,VMR_100002_388,VMR,,,,"{""va"": ""0x7f0500ef7000"", ""vmr_type"": ""LIB"", ""num_pages"": 1, ""page_size"": 4096}"
RESOURCE,VMR_100002_389,VMR,,,,"{""va"": ""0x7f0500ef8000"", ""vmr_type"": ""LIB"", ""num_pages"": 1, ""page_size"": 4096}"
RESOURCE,VMR_100002_390,VMR,,,,"{""va"": ""0x7f0500ef9000"", ""vmr_type"": ""LIB"", ""num_pages"": 1, ""page_size"": 4096}"
RESOURCE,VMR_100002_391,VMR,,,,"{""va"": ""0x7f0500efa000"", ""vmr_type"": ""LIB"", ""num_pages"": 1, ""page_size"": 4096}"
RESOURCE,VMR_100002_392,VMR,,,,"{""va"": ""0x7f0500efb000"", ""vmr_type"": ""LIB"", ""num_pages"": 1, ""page_size"": 4096}"
RESOURCE,VMR_100002_393,VMR,,,,"{""va"": ""0x7f0500efc000"", ""vmr_type"": ""LIB"", ""num_pages"": 1, ""page_size"": 4096}"
RESOURCE,VMR_100002_394,VMR,,,,"{""va"": ""0x7f0500efd000"", ""vmr_type"": ""LIB"", ""num_pages"": 1, ""page_size"": 4096}"
RESOURCE,VMR_100002_395,VMR,,,,"{""va"": ""0x7f0500efe000"", ""vmr_type"": ""LIB"", ""num_pages"": 1, ""page_size"": 4096}"
RESOURCE,VMR_100002_396,VMR,,,,"{""va"": ""0x7f0500eff000"", ""vmr_type"": ""LIB"", ""num_pages"": 1, ""page_size"": 4096}"
RESOURCE,VMR_100002_397,VMR,,,,"{""va"": ""0x7f0500f00000"", ""vmr_type"": ""LIB"", ""num_pages"": 1, ""page_size"": 4096}"
RESOURCE,VMR_100002_398,VMR,,,,"{""va"": ""0x7f0500f01000"", ""vmr_type"": ""LIB"", ""num_pages"": 1, ""page_size"": 4096}"
RESOURCE,VMR_100002_399,VMR,,,,"{""va"": ""0x7f0500f02000"", ""vmr_type"": ""LIB"", ""num_pages"": 1, ""page_size"": 4096}"
RESOURCE,VMR_100002_400,VMR,,,,"{""va"": ""0x7f0500f03000"", ""vmr_type"": ""LIB"", ""num_pages"": 1, ""page_size"": 4096}"
RESOURCE,VMR_100002_401,VMR,,,,"{""va"": ""0x7f0500f04000"", ""vmr_type"": ""LIB"", ""num_pages"": 1, ""page_size"": 4096}"
RESOURCE,VMR_100002_402,VMR,,,,"{""va"": ""0x7f0500f05000"", ""vmr_type"": ""LIB"", ""num_pages"": 1, ""page_size"": 4096}"
RESOURCE,VMR_100002_403,VMR,,,,"{""va"": ""0x7f0500f06000"", ""vmr_type"": ""LIB"", ""num_pages"": 1, ""page_size"": 4096}"
RESOURCE,VMR_100002_404,VMR,,,,"{""va"": ""0x7f0500f07000"", ""vmr_type"": ""LIB"", ""num_pages"": 1, ""page_size"": 4096}"
RESOURCE,VMR_100002_405,VMR,,,,"{""va"": ""0x7f0500f08000"", ""vmr_type"": ""LIB"", ""num_pages"": 1, ""page_size"": 4096}"
RESOURCE,VMR_100002_406,VMR,,,,"{""va"": ""0x7f0500f09000"", ""vmr_type"": ""LIB"", ""num_pages"": 1, ""page_size"": 4096}"
RESOURCE,VMR_100002_407,VMR,,,,"{""va"": ""0x7f0500f0a000"", ""vmr_type"": ""LIB"", ""num_pages"": 1, ""page_size"": 4096}"
RESOURCE,VMR_100002_408,VMR,,,,"{""va"": ""0x7f0500f0b000"", ""vmr_type"": ""LIB"", ""num_pages"": 1, ""page_size"": 4096}"
RESOURCE,VMR_100002_409,VMR,,,,"{""va"": ""0x7f0500f0c000"", ""vmr_type"": ""LIB"", ""num_pages"": 1, ""page_size"": 4096}"
RESOURCE,VMR_100002_410,VMR,,,,"{""va"": ""0x7f0500f0d000"", ""vmr_type"": ""LIB"", ""num_pages"": 1, ""page_size"": 4096}"
RESOURCE,VMR_100002_411,VMR,,,,"{""va"": ""0x7f0500f0e000"", ""vmr_type"": ""LIB"", ""num_pages"": 1, ""page_size"": 4096}"
RESOURCE,VMR_100002_412,VMR,,,,"{""va"": ""0x7f0500f0f000"", ""vmr_type"": ""LIB"", ""num_pages"": 1, ""page_size"": 4096}"
RESOURCE,VMR_100002_413,VMR,,,,"{""va"": ""0x7f0500f10000"", ""vmr_type"": ""LIB"", ""num_pages"": 1, ""page_size"": 4096}"
RESOURCE,VMR_100002_414,VMR,,,,"{""va"": ""0x7f0500f11000"", ""vmr_type"": ""LIB"", ""num_pages"": 1, ""page_size"": 4096}"
RESOURCE,VMR_100002_415,VMR,,,,"{""va"": ""0x7f0500f12000"", ""vmr_type"": ""LIB"", ""num_pages"": 1, ""page_size"": 4096}"
RESOURCE,VMR_100002_416,VMR,,,,"{""va"": ""0x7f0500f13000"", ""vmr_type"": ""LIB"", ""num_pages"": 1, ""page_size"": 4096}"
RESOURCE,VMR_100002_417,VMR,,,,"{""va"": ""0x7f0500f14000"", ""vmr_type"": ""LIB"", ""num_pages"": 1, ""page_size"": 4096}"
RESOURCE,VMR_100002_418,VMR,,,,"{""va"": ""0x7f0500f15000"", ""vmr_type"": ""LIB"", ""num_pages"": 1, ""page_size"": 4096}"
RESOURCE,VMR_100002_419,VMR,,,,"{""va"": ""0x7f0500f16000"", ""vmr_type"": ""LIB"", ""num_pages"": 1, ""page_size"": 4096}"
RESOURCE,VMR_100002_420,VMR,,,,"{""va"": ""0x7f0500f17000"", ""vmr_type"": ""LIB"", ""num_pages"": 1, ""page_size"": 4096}"
RESOURCE,VMR_100002_421,VMR,,,,"{""va"": ""0x7f0500f18000"", ""vmr_type"": ""LIB"", ""num_pages"": 1, ""page_size"": 4096}"
RESOURCE,VMR_100002_422,VMR,,,,"{""va"": ""0x7f0500f19000"", ""vmr_type"": ""LIB"", ""num_pages"": 1, ""page_size"": 4096}"
RESOURCE,VMR_100002_423,VMR,,,,"{""va"": ""0x7f0500f1a000"", ""vmr_type"": ""LIB"", ""num_pages"": 1, ""page_size"": 4096}"
RESOURCE,VMR_100002_424,VMR,,,,"{""va"": ""0x7f0500f1b000"", ""vmr_type"": ""LIB"", ""num_pages"": 1, ""page_size"": 4096}"
RESOURCE,VMR_100002_425,VMR,,,,"{""va"": ""0x7f0500f1c000"", ""vmr_type"": ""LIB"", ""num_pages"": 1, ""page_size"": 4096}"
RESOURCE,VMR_100002_426,VMR,,,,"{""va"": ""0x7f0500f1d000"", ""vmr_type"": ""LIB"", ""num_pages"": 1, ""page_size"": 4096}"
RESOURCE,VMR_100002_427,VMR,,,,"{""va"": ""0x7f0500f1e000"", ""vmr_type"": ""LIB"", ""num_pages"": 1, ""page_size"": 4096}"
RESOURCE,VMR_100002_428,VMR,,,,"{""va"": ""0x7f0500f1f000"", ""vmr_type"": ""LIB"", ""num_pages"": 1, ""page_size"": 4096}"
RESOURCE,VMR_100002_429,VMR,,,,"{""va"": ""0x7f0500f20000"", ""vmr_type"": ""LIB"", ""num_pages"": 1, ""page_size"": 4096}"
RESOURCE,VMR_100002_430,VMR,,,,"{""va"": ""0x7f0500f21000"", ""vmr_type"": ""LIB"", ""num_pages"": 1, ""page_size"": 4096}"
RESOURCE,VMR_100002_431,VMR,,,,"{""va"": ""0x7f0500f22000"", ""vmr_type"": ""LIB"", ""num_pages"": 1, ""page_size"": 4096}"
RESOURCE,VMR_100002_432,VMR,,,,"{""va"": ""0x7f0500f23000"", ""vmr_type"": ""LIB"", ""num_pages"": 1, ""page_size"": 4096}"
RESOURCE,VMR_100002_433,VMR,,,,"{""va"": ""0x7f0500f24000"", ""vmr_type"": ""LIB"", ""num_pages"": 1, ""page_size"": 4096}"
RESOURCE,VMR_100002_434,VMR,,,,"{""va"": ""0x7f0500f25000"", ""vmr_type"": ""LIB"", ""num_pages"": 1, ""page_size"": 4096}"
RESOURCE,VMR_100002_435,VMR,,,,"{""va"": ""0x7f0500f26000"", ""vmr_type"": ""LIB"", ""num_pages"": 1, ""page_size"": 4096}"
RESOURCE,VMR_100002_436,VMR,,,,"{""va"": ""0x7f0500f27000"", ""vmr_type"": ""LIB"", ""num_pages"": 1, ""page_size"": 4096}"
RESOURCE,VMR_100002_437,VMR,,,,"{""va"": ""0x7f0500f28000"", ""vmr_type"": ""LIB"", ""num_pages"": 1, ""page_size"": 4096}"
RESOURCE,VMR_100002_438,VMR,,,,"{""va"": ""0x7f0500f29000"", ""vmr_type"": ""LIB"", ""num_pages"": 1, ""page_size"": 4096}"
RESOURCE,VMR_100002_439,VMR,,,,"{""va"": ""0x7f0500f2a000"", ""vmr_type"": ""LIB"", ""num_pages"": 1, ""page_size"": 4096}"
RESOURCE,VMR_100002_440,VMR,,,,"{""va"": ""0x7f0500f2b000"", ""vmr_type"": ""LIB"", ""num_pages"": 1, ""page_size"": 4096}"
RESOURCE,VMR_100002_441,VMR,,,,"{""va"": ""0x7f0500f2c000"", ""vmr_type"": ""LIB"", ""num_pages"": 1, ""page_size"": 4096}"
RESOURCE,VMR_100002_442,VMR,,,,"{""va"": ""0x7f0500f2d000"", ""vmr_type"": ""LIB"", ""num_pages"": 1, ""page_size"": 4096}"
RESOURCE,VMR_100002_443,VMR,,,,"{""va"": ""0x7f0500f2e000"", ""vmr_type"": ""LIB"", ""num_pages"": 1, ""page_size"": 4096}"
RESOURCE,VMR_100002_444,VMR,,,,"{""va"": ""0x7f0500f2f000"", ""vmr_type"": ""LIB"", ""num_pages"": 1, ""page_size"": 4096}"
RESOURCE,VMR_100002_445,VMR,,,,"{""va"": ""0x7f0500f30000"", ""vmr_type"": ""LIB"", ""num_pages"": 1, ""page_size"": 4096}"
RESOURCE,VMR_100002_446,VMR,,,,"{""va"": ""0x7f0500f31000"", ""vmr_type"": ""LIB"", ""num_pages"": 1, ""page_size"": 4096}"
RESOURCE,VMR_100002_447,VMR,,,,"{""va"": ""0x7f0500f32000"", ""vmr_type"": ""LIB"", ""num_pages"": 1, ""page_size"": 4096}"
RESOURCE,VMR_100002_448,VMR,,,,"{""va"": ""0x7f0500f33000"", ""vmr_type"": ""LIB"", ""num_pages"": 1, ""page_size"": 4096}"
RESOURCE,VMR_100002_449,VMR,,,,"{""va"": ""0x7f0500f34000"", ""vmr_type"": ""LIB"", ""num_pages"": 1, ""page_size"": 4096}"
RESOURCE,VMR_100002_450,VMR,,,,"{""va"": ""0x7f0500f35000"", ""vmr_type"": ""LIB"", ""num_pages"": 1, ""page_size"": 4096}"
RESOURCE,VMR_100002_451,VMR,,,,"{""va"": ""0x7f0500f36000"", ""vmr_type"": ""LIB"", ""num_pages"": 1, ""page_size"": 4096}"
RESOURCE,VMR_100002_452,VMR,,,,"{""va"": ""0x7f0500f37000"", ""vmr_type"": ""LIB"", ""num_pages"": 1, ""page_size"": 4096}"
RESOURCE,VMR_100002_453,VMR,,,,"{""va"": ""0x7f0500f38000"", ""vmr_type"": ""LIB"", ""num_pages"": 1, ""page_size"": 4096}"
RESOURCE,VMR_100002_454,VMR,,,,"{""va"": ""0x7f0500f39000"", ""vmr_type"": ""LIB"", ""num_pages"": 1, ""page_size"": 4096}"
RESOURCE,VMR_100002_455,VMR,,,,"{""va"": ""0x7f0500f3a000"", ""vmr_type"": ""LIB"", ""num_pages"": 1, ""page_size"": 4096}"
RESOURCE,VMR_100002_456,VMR,,,,"{""va"": ""0x7f0500f3b000"", ""vmr_type"": ""LIB"", ""num_pages"": 1, ""page_size"": 4096}"
RESOURCE,VMR_100002_457,VMR,,,,"{""va"": ""0x7f0500f3c000"", ""vmr_type"": ""LIB"", ""num_pages"": 1, ""page_size"": 4096}"
RESOURCE,VMR_100002_458,VMR,,,,"{""va"": ""0x7f0500f3d000"", ""vmr_type"": ""LIB"", ""num_pages"": 1, ""page_size"": 4096}"
RESOURCE,VMR_100002_459,VMR,,,,"{""va"": ""0x7f0500f3e000"", ""vmr_type"": ""LIB"", ""num_pages"": 1, ""page_size"": 4096}"
RESOURCE,VMR_100002_460,VMR,,,,"{""va"": ""0x7f0500f3f000"", ""vmr_type"": ""LIB"", ""num_pages"": 1, ""page_size"": 4096}"
RESOURCE,VMR_100002_461,VMR,,,,"{""va"": ""0x7f0500f40000"", ""vmr_type"": ""NONE"", ""num_pages"": 1, ""page_size"": 4096}"
RESOURCE,VMR_100002_462,VMR,,,,"{""va"": ""0x7f0500f41000"", ""vmr_type"": ""NONE"", ""num_pages"": 1, ""page_size"": 4096}"
RESOURCE,VMR_100002_463,VMR,,,,"{""va"": ""0x7f0500f42000"", ""vmr_type"": ""NONE"", ""num_pages"": 1, ""page_size"": 4096}"
RESOURCE,VMR_100002_464,VMR,,,,"{""va"": ""0x7f0500f43000"", ""vmr_type"": ""NONE"", ""num_pages"": 1, ""page_size"": 4096}"
RESOURCE,VMR_100002_465,VMR,,,,"{""va"": ""0x7f0500f44000"", ""vmr_type"": ""NONE"", ""num_pages"": 1, ""page_size"": 4096}"
RESOURCE,VMR_100002_466,VMR,,,,"{""va"": ""0x7f0500f45000"", ""vmr_type"": ""NONE"", ""num_pages"": 1, ""page_size"": 4096}"
RESOURCE,VMR_100002_467,VMR,,,,"{""va"": ""0x7f0500f46000"", ""vmr_type"": ""NONE"", ""num_pages"": 1, ""page_size"": 4096}"
RESOURCE,VMR_100002_468,VMR,,,,"{""va"": ""0x7f0500f47000"", ""vmr_type"": ""NONE"", ""num_pages"": 1, ""page_size"": 4096}"
RESOURCE,VMR_100002_469,VMR,,,,"{""va"": ""0x7f0500f48000"", ""vmr_type"": ""NONE"", ""num_pages"": 1, ""page_size"": 4096}"
RESOURCE,VMR_100002_470,VMR,,,,"{""va"": ""0x7f0500f49000"", ""vmr_type"": ""NONE"", ""num_pages"": 1, ""page_size"": 4096}"
RESOURCE,VMR_100002_471,VMR,,,,"{""va"": ""0x7f0500f4a000"", ""vmr_type"": ""NONE"", ""num_pages"": 1, ""page_size"": 4096}"
RESOURCE,VMR_100002_472,VMR,,,,"{""va"": ""0x7f0500f4b000"", ""vmr_type"": ""NONE"", ""num_pages"": 1, ""page_size"": 4096}"
RESOURCE,VMR_100002_473,VMR,,,,"{""va"": ""0x7f0500f4c000"", ""vmr_type"": ""NONE"", ""num_pages"": 1, ""page_size"": 4096}"
RESOURCE,VMR_100002_474,VMR,,,,"{""va"": ""0x7f0500f4d000"", ""vmr_type"": ""NONE"", ""num_pages"": 1, ""page_size"": 4096}"
RESOURCE,VMR_100002_475,VMR,,,,"{""va"": ""0x7f0500f4e000"", ""vmr_type"": ""NONE"", ""num_pages"": 1, ""page_size"": 4096}"
RESOURCE,VMR_100002_476,VMR,,,,"{""va"": ""0x7f0500f4f000"", ""vmr_type"": ""LIB"", ""num_pages"": 1, ""page_size"": 4096}"
RESOURCE,VMR_100002_477,VMR,,,,"{""va"": ""0x7f0500f50000"", ""vmr_type"": ""LIB"", ""num_pages"": 1, ""page_size"": 4096}"
RESOURCE,VMR_100002_478,VMR,,,,"{""va"": ""0x7f0500f51000"", ""vmr_type"": ""LIB"", ""num_pages"": 1, ""page_size"": 4096}"
RESOURCE,VMR_100002_479,VMR,,,,"{""va"": ""0x7f0500f52000"", ""vmr_type"": ""LIB"", ""num_pages"": 1, ""page_size"": 4096}"
RESOURCE,VMR_100002_480,VMR,,,,"{""va"": ""0x7f0500f53000"", ""vmr_type"": ""LIB"", ""num_pages"": 1, ""page_size"": 4096}"
RESOURCE,VMR_100002_481,VMR,,,,"{""va"": ""0x7f0500f54000"", ""vmr_type"": ""LIB"", ""num_pages"": 1, ""page_size"": 4096}"
RESOURCE,VMR_100002_482,VMR,,,,"{""va"": ""0x7f0500f55000"", ""vmr_type"": ""LIB"", ""num_pages"": 1, ""page_size"": 4096}"
RESOURCE,VMR_100002_483,VMR,,,,"{""va"": ""0x7f0500f56000"", ""vmr_type"": ""LIB"", ""num_pages"": 1, ""page_size"": 4096}"
RESOURCE,VMR_100002_484,VMR,,,,"{""va"": ""0x7f0500f57000"", ""vmr_type"": ""LIB"", ""num_pages"": 1, ""page_size"": 4096}"
RESOURCE,VMR_100002_485,VMR,,,,"{""va"": ""0x7f0500f58000"", ""vmr_type"": ""LIB"", ""num_pages"": 1, ""page_size"": 4096}"
RESOURCE,VMR_100002_486,VMR,,,,"{""va"": ""0x7f0500f59000"", ""vmr_type"": ""LIB"", ""num_pages"": 1, ""page_size"": 4096}"
RESOURCE,VMR_100002_487,VMR,,,,"{""va"": ""0x7f0500f5a000"", ""vmr_type"": ""LIB"", ""num_pages"": 1, ""page_size"": 4096}"
RESOURCE,VMR_100002_488,VMR,,,,"{""va"": ""0x7f0500f5b000"", ""vmr_type"": ""LIB"", ""num_pages"": 1, ""page_size"": 4096}"
RESOURCE,VMR_100002_489,VMR,,,,"{""va"": ""0x7f0500f5c000"", ""vmr_type"": ""LIB"", ""num_pages"": 1, ""page_size"": 4096}"
RESOURCE,VMR_100002_490,VMR,,,,"{""va"": ""0x7f0500f5d000"", ""vmr_type"": ""LIB"", ""num_pages"": 1, ""page_size"": 4096}"
RESOURCE,VMR_100002_491,VMR,,,,"{""va"": ""0x7f0500f5e000"", ""vmr_type"": ""LIB"", ""num_pages"": 1, ""page_size"": 4096}"
RESOURCE,VMR_100002_492,VMR,,,,"{""va"": ""0x7f0500f5f000"", ""vmr_type"": ""LIB"", ""num_pages"": 1, ""page_size"": 4096}"
RESOURCE,VMR_100002_493,VMR,,,,"{""va"": ""0x7f0500f60000"", ""vmr_type"": ""LIB"", ""num_pages"": 1, ""page_size"": 4096}"
RESOURCE,VMR_100002_494,VMR,,,,"{""va"": ""0x7f0500f61000"", ""vmr_type"": ""LIB"", ""num_pages"": 1, ""page_size"": 4096}"
RESOURCE,VMR_100002_495,VMR,,,,"{""va"": ""0x7f0500f62000"", ""vmr_type"": ""LIB"", ""num_pages"": 1, ""page_size"": 4096}"
RESOURCE,VMR_100002_496,VMR,,,,"{""va"": ""0x7f0500f63000"", ""vmr_type"": ""LIB"", ""num_pages"": 1, ""page_size"": 4096}"
RESOURCE,VMR_100002_497,VMR,,,,"{""va"": ""0x7f0500f64000"", ""vmr_type"": ""LIB"", ""num_pages"": 1, ""page_size"": 4096}"
RESOURCE,VMR_100002_498,VMR,,,,"{""va"": ""0x7f0500f65000"", ""vmr_type"": ""LIB"", ""num_pages"": 1, ""page_size"": 4096}"
RESOURCE,VMR_100002_499,VMR,,,,"{""va"": ""0x7f0500f66000"", ""vmr_type"": ""LIB"", ""num_pages"": 1, ""page_size"": 4096}"
RESOURCE,VMR_100002_500,VMR,,,,"{""va"": ""0x7f0500f67000"", ""vmr_type"": ""LIB"", ""num_pages"": 1, ""page_size"": 4096}"
RESOURCE,VMR_100002_501,VMR,,,,"{""va"": ""0x7f0500f68000"", ""vmr_type"": ""LIB"", ""num_pages"": 1, ""page_size"": 4096}"
RESOURCE,VMR_100002_502,VMR,,,,"{""va"": ""0x7f0500f69000"", ""vmr_type"": ""LIB"", ""num_pages"": 1, ""page_size"": 4096}"
RESOURCE,VMR_100002_503,VMR,,,,"{""va"": ""0x7f0500f6a000"", ""vmr_type"": ""LIB"", ""num_pages"": 1, ""page_size"": 4096}"
RESOURCE,VMR_100002_504,VMR,,,,"{""va"": ""0x7f0500f6b000"", ""vmr_type"": ""LIB"", ""num_pages"": 1, ""page_size"": 4096}"
RESOURCE,VMR_100002_505,VMR,,,,"{""va"": ""0x7f0500f6c000"", ""vmr_type"": ""LIB"", ""num_pages"": 1, ""page_size"": 4096}"
RESOURCE,VMR_100002_506,VMR,,,,"{""va"": ""0x7f0500f6d000"", ""vmr_type"": ""LIB"", ""num_pages"": 1, ""page_size"": 4096}"
RESOURCE,VMR_100002_507,VMR,,,,"{""va"": ""0x7f0500f6e000"", ""vmr_type"": ""LIB"", ""num_pages"": 1, ""page_size"": 4096}"
RESOURCE,VMR_100002_508,VMR,,,,"{""va"": ""0x7f0500f6f000"", ""vmr_type"": ""LIB"", ""num_pages"": 1, ""page_size"": 4096}"
RESOURCE,VMR_100002_509,VMR,,,,"{""va"": ""0x7f0500f70000"", ""vmr_type"": ""LIB"", ""num_pages"": 1, ""page_size"": 4096}"
RESOURCE,VMR_100002_510,VMR,,,,"{""va"": ""0x7f0500f71000"", ""vmr_type"": ""LIB"", ""num_pages"": 1, ""page_size"": 4096}"
RESOURCE,VMR_100002_511,VMR,,,,"{""va"": ""0x7f0500f72000"", ""vmr_type"": ""LIB"", ""num_pages"": 1, ""page_size"": 4096}"
RESOURCE,VMR_100002_512,VMR,,,,"{""va"": ""0x7f0500f73000"", ""vmr_type"": ""LIB"", ""num_pages"": 1, ""page_size"": 4096}"
RESOURCE,VMR_100002_513,VMR,,,,"{""va"": ""0x7f0500f74000"", ""vmr_type"": ""LIB"", ""num_pages"": 1, ""page_size"": 4096}"
RESOURCE,VMR_100002_514,VMR,,,,"{""va"": ""0x7f0500f75000"", ""vmr_type"": ""LIB"", ""num_pages"": 1, ""page_size"": 4096}"
RESOURCE,VMR_100002_515,VMR,,,,"{""va"": ""0x7f0500f76000"", ""vmr_type"": ""LIB"", ""num_pages"": 1, ""page_size"": 4096}"
RESOURCE,VMR_100002_516,VMR,,,,"{""va"": ""0x7f0500f77000"", ""vmr_type"": ""LIB"", ""num_pages"": 1, ""page_size"": 4096}"
RESOURCE,VMR_100002_517,VMR,,,,"{""va"": ""0x7f0500f78000"", ""vmr_type"": ""LIB"", ""num_pages"": 1, ""page_size"": 4096}"
RESOURCE,VMR_100002_518,VMR,,,,"{""va"": ""0x7f0500f79000"", ""vmr_type"": ""LIB"", ""num_pages"": 1, ""page_size"": 4096}"
RESOURCE,VMR_100002_519,VMR,,,,"{""va"": ""0x7f0500f7a000"", ""vmr_type"": ""LIB"", ""num_pages"": 1, ""page_size"": 4096}"
RESOURCE,VMR_100002_520,VMR,,,,"{""va"": ""0x7f0500f7c000"", ""vmr_type"": ""LIB"", ""num_pages"": 1, ""page_size"": 4096}"
RESOURCE,VMR_100002_521,VMR,,,,"{""va"": ""0x7f0500f7d000"", ""vmr_type"": ""LIB"", ""num_pages"": 1, ""page_size"": 4096}"
RESOURCE,VMR_100002_522,VMR,,,,"{""va"": ""0x7f0500f7e000"", ""vmr_type"": ""LIB"", ""num_pages"": 1, ""page_size"": 4096}"
RESOURCE,VMR_100002_523,VMR,,,,"{""va"": ""0x7f0500f7f000"", ""vmr_type"": ""LIB"", ""num_pages"": 1, ""page_size"": 4096}"
RESOURCE,VMR_100002_524,VMR,,,,"{""va"": ""0x7ffe85501000"", ""vmr_type"": ""STACK"", ""num_pages"": 1, ""page_size"": 4096}"
RESOURCE,VMR_100002_525,VMR,,,,"{""va"": ""0x7ffe85502000"", ""vmr_type"": ""STACK"", ""num_pages"": 1, ""page_size"": 4096}"
RESOURCE,VMR_100002_526,VMR,,,,"{""va"": ""0x7ffe85503000"", ""vmr_type"": ""STACK"", ""num_pages"": 1, ""page_size"": 4096}"
RESOURCE,VMR_100002_527,VMR,,,,"{""va"": ""0x7ffe85504000"", ""vmr_type"": ""STACK"", ""num_pages"": 1, ""page_size"": 4096}"
RESOURCE,VMR_100002_528,VMR,,,,"{""va"": ""0x7ffe85505000"", ""vmr_type"": ""STACK"", ""num_pages"": 1, ""page_size"": 4096}"
RESOURCE,VMR_100002_529,VMR,,,,"{""va"": ""0x7ffe85506000"", ""vmr_type"": ""STACK"", ""num_pages"": 1, ""page_size"": 4096}"
RESOURCE,VMR_100002_530,VMR,,,,"{""va"": ""0x7ffe85507000"", ""vmr_type"": ""STACK"", ""num_pages"": 1, ""page_size"": 4096}"
RESOURCE,VMR_100002_531,VMR,,,,"{""va"": ""0x7ffe85508000"", ""vmr_type"": ""STACK"", ""num_pages"": 1, ""page_size"": 4096}"
RESOURCE,VMR_100002_532,VMR,,,,"{""va"": ""0x7ffe85509000"", ""vmr_type"": ""STACK"", ""num_pages"": 1, ""page_size"": 4096}"
RESOURCE,VMR_100002_533,VMR,,,,"{""va"": ""0x7ffe8550a000"", ""vmr_type"": ""STACK"", ""num_pages"": 1, ""page_size"": 4096}"
RESOURCE,VMR_100002_534,VMR,,,,"{""va"": ""0x7ffe8550b000"", ""vmr_type"": ""STACK"", ""num_pages"": 1, ""page_size"": 4096}"
RESOURCE,VMR_100002_535,VMR,,,,"{""va"": ""0x7ffe8550c000"", ""vmr_type"": ""STACK"", ""num_pages"": 1, ""page_size"": 4096}"
RESOURCE,VMR_100002_536,VMR,,,,"{""va"": ""0x7ffe8550d000"", ""vmr_type"": ""STACK"", ""num_pages"": 1, ""page_size"": 4096}"
RESOURCE,VMR_100002_537,VMR,,,,"{""va"": ""0x7ffe8550e000"", ""vmr_type"": ""STACK"", ""num_pages"": 1, ""page_size"": 4096}"
RESOURCE,VMR_100002_538,VMR,,,,"{""va"": ""0x7ffe8550f000"", ""vmr_type"": ""STACK"", ""num_pages"": 1, ""page_size"": 4096}"
RESOURCE,VMR_100002_539,VMR,,,,"{""va"": ""0x7ffe85510000"", ""vmr_type"": ""STACK"", ""num_pages"": 1, ""page_size"": 4096}"
RESOURCE,VMR_100002_540,VMR,,,,"{""va"": ""0x7ffe85511000"", ""vmr_type"": ""STACK"", ""num_pages"": 1, ""page_size"": 4096}"
RESOURCE,VMR_100002_541,VMR,,,,"{""va"": ""0x7ffe85512000"", ""vmr_type"": ""STACK"", ""num_pages"": 1, ""page_size"": 4096}"
RESOURCE,VMR_100002_542,VMR,,,,"{""va"": ""0x7ffe85513000"", ""vmr_type"": ""STACK"", ""num_pages"": 1, ""page_size"": 4096}"
RESOURCE,VMR_100002_543,VMR,,,,"{""va"": ""0x7ffe85514000"", ""vmr_type"": ""STACK"", ""num_pages"": 1, ""page_size"": 4096}"
RESOURCE,VMR_100002_544,VMR,,,,"{""va"": ""0x7ffe85515000"", ""vmr_type"": ""STACK"", ""num_pages"": 1, ""page_size"": 4096}"
RESOURCE,VMR_100002_545,VMR,,,,"{""va"": ""0x7ffe85516000"", ""vmr_type"": ""STACK"", ""num_pages"": 1, ""page_size"": 4096}"
RESOURCE,VMR_100002_546,VMR,,,,"{""va"": ""0x7ffe85517000"", ""vmr_type"": ""STACK"", ""num_pages"": 1, ""page_size"": 4096}"
RESOURCE,VMR_100002_547,VMR,,,,"{""va"": ""0x7ffe85518000"", ""vmr_type"": ""STACK"", ""num_pages"": 1, ""page_size"": 4096}"
RESOURCE,VMR_100002_548,VMR,,,,"{""va"": ""0x7ffe85519000"", ""vmr_type"": ""STACK"", ""num_pages"": 1, ""page_size"": 4096}"
RESOURCE,VMR_100002_549,VMR,,,,"{""va"": ""0x7ffe8551a000"", ""vmr_type"": ""STACK"", ""num_pages"": 1, ""page_size"": 4096}"
RESOURCE,VMR_100002_550,VMR,,,,"{""va"": ""0x7ffe8551b000"", ""vmr_type"": ""STACK"", ""num_pages"": 1, ""page_size"": 4096}"
RESOURCE,VMR_100002_551,VMR,,,,"{""va"": ""0x7ffe8551c000"", ""vmr_type"": ""STACK"", ""num_pages"": 1, ""page_size"": 4096}"
RESOURCE,VMR_100002_552,VMR,,,,"{""va"": ""0x7ffe8551d000"", ""vmr_type"": ""STACK"", ""num_pages"": 1, ""page_size"": 4096}"
RESOURCE,VMR_100002_553,VMR,,,,"{""va"": ""0x7ffe8551e000"", ""vmr_type"": ""STACK"", ""num_pages"": 1, ""page_size"": 4096}"
RESOURCE,VMR_100002_554,VMR,,,,"{""va"": ""0x7ffe8551f000"", ""vmr_type"": ""STACK"", ""num_pages"": 1, ""page_size"": 4096}"
RESOURCE,VMR_100002_555,VMR,,,,"{""va"": ""0x7ffe85520000"", ""vmr_type"": ""STACK"", ""num_pages"": 1, ""page_size"": 4096}"
RESOURCE,VMR_100002_556,VMR,,,,"{""va"": ""0x7ffe85521000"", ""vmr_type"": ""STACK"", ""num_pages"": 1, ""page_size"": 4096}"
RESOURCE,VMR_100002_557,VMR,,,,"{""va"": ""0x7ffe8555d000"", ""vmr_type"": ""VVAR"", ""num_pages"": 1, ""page_size"": 4096}"
RESOURCE,VMR_100002_558,VMR,,,,"{""va"": ""0x7ffe8555e000"", ""vmr_type"": ""VVAR"", ""num_pages"": 1, ""page_size"": 4096}"
RESOURCE,VMR_100002_559,VMR,,,,"{""va"": ""0x7ffe8555f000"", ""vmr_type"": ""VVAR"", ""num_pages"": 1, ""page_size"": 4096}"
RESOURCE,VMR_100002_560,VMR,,,,"{""va"": ""0x7ffe85560000"", ""vmr_type"": ""VVAR"", ""num_pages"": 1, ""page_size"": 4096}"
RESOURCE,VMR_100002_561,VMR,,,,"{""va"": ""0x7ffe85561000"", ""vmr_type"": ""VDSO"", ""num_pages"": 1, ""page_size"": 4096}"
RESOURCE,VMR_100002_562,VMR,,,,"{""va"": ""0x7ffe85562000"", ""vmr_type"": ""VDSO"", ""num_pages"": 1, ""page_size"": 4096}"
,,RWX,HOLD,PD_100001,VMR_100002_1,
,,RWX,HOLD,PD_100001,VMR_100002_2,
,,RWX,HOLD,PD_100001,VMR_100002_3,
,,RWX,HOLD,PD_100001,VMR_100002_4,
,,RWX,HOLD,PD_100001,VMR_100002_5,
,,RWX,HOLD,PD_100001,VMR_100002_6,
,,RWX,HOLD,PD_100001,VMR_100002_7,
,,RWX,HOLD,PD_100001,VMR_100002_8,
,,RWX,HOLD,PD_100001,VMR_100002_9,
,,RWX,HOLD,PD_100001,VMR_100002_10,
,,RWX,HOLD,PD_100001,VMR_100002_11,
,,RWX,HOLD,PD_100001,VMR_100002_12,
,,RWX,HOLD,PD_100001,VMR_100002_13,
,,RWX,HOLD,PD_100001,VMR_100002_14,
,,RWX,HOLD,PD_100001,VMR_100002_15,
,,RWX,HOLD,PD_100001,VMR_100002_16,
,,RWX,HOLD,PD_100001,VMR_100002_17,
,,RWX,HOLD,PD_100001,VMR_100002_18,
,,RWX,HOLD,PD_100001,VMR_100002_19,
,,RWX,HOLD,PD_100001,VMR_100002_20,
,,RWX,HOLD,PD_100001,VMR_100002_21,
,,RWX,HOLD,PD_100001,VMR_100002_22,
,,RWX,HOLD,PD_100001,VMR_100002_23,
,,RWX,HOLD,PD_100001,VMR_100002_24,
,,RWX,HOLD,PD_100001,VMR_100002_25,
,,RWX,HOLD,PD_100001,VMR_100002_26,
,,RWX,HOLD,PD_100001,VMR_100002_27,
,,RWX,HOLD,PD_100001,VMR_100002_28,
,,RWX,HOLD,PD_100001,VMR_100002_29,
,,RWX,HOLD,PD_100001,VMR_100002_30,
,,RWX,HOLD,PD_100001,VMR_100002_31,
,,RWX,HOLD,PD_100001,VMR_100002_32,
,,RWX,HOLD,PD_100001,VMR_100002_33,
,,RWX,HOLD,PD_100001,VMR_100002_34,
,,RWX,HOLD,PD_100001,VMR_100002_35,
,,RWX,HOLD,PD_100001,VMR_100002_36,
,,RWX,HOLD,PD_100001,VMR_100002_37,
,,RWX,HOLD,PD_100001,VMR_100002_38,
,,RWX,HOLD,PD_100001,VMR_100002_39,
,,RWX,HOLD,PD_100001,VMR_100002_40,
,,RWX,HOLD,PD_100001,VMR_100002_41,
,,RWX,HOLD,PD_100001,VMR_100002_42,
,,RWX,HOLD,PD_100001,VMR_100002_43,
,,RWX,HOLD,PD_100001,VMR_100002_44,
,,RWX,HOLD,PD_100001,VMR_100002_45,
,,RWX,HOLD,PD_100001,VMR_100002_46,
,,RWX,HOLD,PD_100001,VMR_100002_47,
,,RWX,HOLD,PD_100001,VMR_100002_48,
,,RWX,HOLD,PD_100001,VMR_100002_49,
,,RWX,HOLD,PD_100001,VMR_100002_50,
,,RWX,HOLD,PD_100001,VMR_100002_51,
,,RWX,HOLD,PD_100001,VMR_100002_52,
,,RWX,HOLD,PD_100001,VMR_100002_53,
,,RWX,HOLD,PD_100001,VMR_100002_54,
,,RWX,HOLD,PD_100001,VMR_100002_55,
,,RWX,HOLD,PD_100001,VMR_100002_56,
,,RWX,HOLD,PD_100001,VMR_100002_57,
,,RWX,HOLD,PD_100001,VMR_100002_58,
,,RWX,HOLD,PD_100001,VMR_100002_59,
,,RWX,HOLD,PD_100001,VMR_100002_60,
,,RWX,HOLD,PD_100001,VMR_100002_61,
,,RWX,HOLD,PD_100001,VMR_100002_62,
,,RWX,HOLD,PD_100001,VMR_100002_63,
,,RWX,HOLD,PD_100001,VMR_100002_64,
,,RWX,HOLD,PD_100001,VMR_100002_65,
,,RWX,HOLD,PD_100001,VMR_100002_66,
,,RWX,HOLD,PD_100001,VMR_100002_67,
,,RWX,HOLD,PD_100001,VMR_100002_68,
,,RWX,HOLD,PD_100001,VMR_100002_69,
,,RWX,HOLD,PD_100001,VMR_100002_70,
,,RWX,HOLD,PD_100001,VMR_100002_71,
,,RWX,HOLD,PD_100001,VMR_100002_72,
,,RWX,HOLD,PD_100001,VMR_100002_73,
,,RWX,HOLD,PD_100001,VMR_100002_74,
,,RWX,HOLD,PD_100001,VMR_100002_75,
,,RWX,HOLD,PD_100001,VMR_100002_76,
,,RWX,HOLD,PD_100001,VMR_100002_77,
,,RWX,HOLD,PD_100001,VMR_100002_78,
,,RWX,HOLD,PD_100001,VMR_100002_79,
,,RWX,HOLD,PD_100001,VMR_100002_80,
,,RWX,HOLD,PD_100001,VMR_100002_81,
,,RWX,HOLD,PD_100001,VMR_100002_82,
,,RWX,HOLD,PD_100001,VMR_100002_83,
,,RWX,HOLD,PD_100001,VMR_100002_84,
,,RWX,HOLD,PD_100001,VMR_100002_85,
,,RWX,HOLD,PD_100001,VMR_100002_86,
,,RWX,HOLD,PD_100001,VMR_100002_87,
,,RWX,HOLD,PD_100001,VMR_100002_88,
,,RWX,HOLD,PD_100001,VMR_100002_89,
,,RWX,HOLD,PD_100001,VMR_100002_90,
,,RWX,HOLD,PD_100001,VMR_100002_91,
,,RWX,HOLD,PD_100001,VMR_100002_92,
,,RWX,HOLD,PD_100001,VMR_100002_93,
,,RWX,HOLD,PD_100001,VMR_100002_94,
,,RWX,HOLD,PD_100001,VMR_100002_95,
,,RWX,HOLD,PD_100001,VMR_100002_96,
,,RWX,HOLD,PD_100001,VMR_100002_97,
,,RWX,HOLD,PD_100001,VMR_100002_98,
,,RWX,HOLD,PD_100001,VMR_100002_99,
,,RWX,HOLD,PD_100001,VMR_100002_100,
,,RWX,HOLD,PD_100001,VMR_100002_101,
,,RWX,HOLD,PD_100001,VMR_100002_102,
,,RWX,HOLD,PD_100001,VMR_100002_103,
,,RWX,HOLD,PD_100001,VMR_100002_104,
,,RWX,HOLD,PD_100001,VMR_100002_105,
,,RWX,HOLD,PD_100001,VMR_100002_106,
,,RWX,HOLD,PD_100001,VMR_100002_107,
,,RWX,HOLD,PD_100001,VMR_100002_108,
,,RWX,HOLD,PD_100001,VMR_100002_109,
,,RWX,HOLD,PD_100001,VMR_100002_110,
,,RWX,HOLD,PD_100001,VMR_100002_111,
,,RWX,HOLD,PD_100001,VMR_100002_112,
,,RWX,HOLD,PD_100001,VMR_100002_113,
,,RWX,HOLD,PD_100001,VMR_100002_114,
,,RWX,HOLD,PD_100001,VMR_100002_115,
,,RWX,HOLD,PD_100001,VMR_100002_116,
,,RWX,HOLD,PD_100001,VMR_100002_117,
,,RWX,HOLD,PD_100001,VMR_100002_118,
,,RWX,HOLD,PD_100001,VMR_100002_119,
,,RWX,HOLD,PD_100001,VMR_100002_120,
,,RWX,HOLD,PD_100001,VMR_100002_121,
,,RWX,HOLD,PD_100001,VMR_100002_122,
,,RWX,HOLD,PD_100001,VMR_100002_123,
,,RWX,HOLD,PD_100001,VMR_100002_124,
,,RWX,HOLD,PD_100001,VMR_100002_125,
,,RWX,HOLD,PD_100001,VMR_100002_126,
,,RWX,HOLD,PD_100001,VMR_100002_127,
,,RWX,HOLD,PD_100001,VMR_100002_128,
,,RWX,HOLD,PD_100001,VMR_100002_129,
,,RWX,HOLD,PD_100001,VMR_100002_130,
,,RWX,HOLD,PD_100001,VMR_100002_131,
,,RWX,HOLD,PD_100001,VMR_100002_132,
,,RWX,HOLD,PD_100001,VMR_100002_133,
,,RWX,HOLD,PD_100001,VMR_100002_134,
,,RWX,HOLD,PD_100001,VMR_100002_135,
,,RWX,HOLD,PD_100001,VMR_100002_136,
,,RWX,HOLD,PD_100001,VMR_100002_137,
,,RWX,HOLD,PD_100001,VMR_100002_138,
,,RWX,HOLD,PD_100001,VMR_100002_139,
,,RWX,HOLD,PD_100001,VMR_100002_140,
,,RWX,HOLD,PD_100001,VMR_100002_141,
,,RWX,HOLD,PD_100001,VMR_100002_142,
,,RWX,HOLD,PD_100001,VMR_100002_143,
,,RWX,HOLD,PD_100001,VMR_100002_144,
,,RWX,HOLD,PD_100001,VMR_100002_145,
,,RWX,HOLD,PD_100001,VMR_100002_146,
,,RWX,HOLD,PD_100001,VMR_100002_147,
,,RWX,HOLD,PD_100001,VMR_100002_148,
,,RWX,HOLD,PD_100001,VMR_100002_149,
,,RWX,HOLD,PD_100001,VMR_100002_150,
,,RWX,HOLD,PD_100001,VMR_100002_151,
,,RWX,HOLD,PD_100001,VMR_100002_152,
,,RWX,HOLD,PD_100001,VMR_100002_153,
,,RWX,HOLD,PD_100001,VMR_100002_154,
,,RWX,HOLD,PD_100001,VMR_100002_155,
,,RWX,HOLD,PD_100001,VMR_100002_156,
,,RWX,HOLD,PD_100001,VMR_100002_157,
,,RWX,HOLD,PD_100001,VMR_100002_158,
,,RWX,HOLD,PD_100001,VMR_100002_159,
,,RWX,HOLD,PD_100001,VMR_100002_160,
,,RWX,HOLD,PD_100001,VMR_100002_161,
,,RWX,HOLD,PD_100001,VMR_100002_162,
,,RWX,HOLD,PD_100001,VMR_100002_163,
,,RWX,HOLD,PD_100001,VMR_100002_164,
,,RWX,HOLD,PD_100001,VMR_100002_165,
,,RWX,HOLD,PD_100001,VMR_100002_166,
,,RWX,HOLD,PD_100001,VMR_100002_167,
,,RWX,HOLD,PD_100001,VMR_100002_168,
,,RWX,HOLD,PD_100001,VMR_100002_169,
,,RWX,HOLD,PD_100001,VMR_100002_170,
,,RWX,HOLD,PD_100001,VMR_100002_171,
,,RWX,HOLD,PD_100001,VMR_100002_172,
,,RWX,HOLD,PD_100001,VMR_100002_173,
,,RWX,HOLD,PD_100001,VMR_100002_174,
,,RWX,HOLD,PD_100001,VMR_100002_175,
,,RWX,HOLD,PD_100001,VMR_100002_176,
,,RWX,HOLD,PD_100001,VMR_100002_177,
,,RWX,HOLD,PD_100001,VMR_100002_178,
,,RWX,HOLD,PD_100001,VMR_100002_179,
,,RWX,HOLD,PD_100001,VMR_100002_180,
,,RWX,HOLD,PD_100001,VMR_100002_181,
,,RWX,HOLD,PD_100001,VMR_100002_182,
,,RWX,HOLD,PD_100001,VMR_100002_183,
,,RWX,HOLD,PD_100001,VMR_100002_184,
,,RWX,HOLD,PD_100001,VMR_100002_185,
,,RWX,HOLD,PD_100001,VMR_100002_186,
,,RWX,HOLD,PD_100001,VMR_100002_187,
,,RWX,HOLD,PD_100001,VMR_100002_188,
,,RWX,HOLD,PD_100001,VMR_100002_189,
,,RWX,HOLD,PD_100001,VMR_100002_190,
,,RWX,HOLD,PD_100001,VMR_100002_191,
,,RWX,HOLD,PD_100001,VMR_100002_192,
,,RWX,HOLD,PD_100001,VMR_100002_193,
,,RWX,HOLD,PD_100001,VMR_100002_194,
,,RWX,HOLD,PD_100001,VMR_100002_195,
,,RWX,HOLD,PD_100001,VMR_100002_196,
,,RWX,HOLD,PD_100001,VMR_100002_197,
,,RWX,HOLD,PD_100001,VMR_100002_198,
,,RWX,HOLD,PD_100001,VMR_100002_199,
,,RWX,HOLD,PD_100001,VMR_100002_200,
,,RWX,HOLD,PD_100001,VMR_100002_201,
,,RWX,HOLD,PD_100001,VMR_100002_202,
,,RWX,HOLD,PD_100001,VMR_100002_203,
,,RWX,HOLD,PD_100001,VMR_100002_204,
,,RWX,HOLD,PD_100001,VMR_100002_205,
,,RWX,HOLD,PD_100001,VMR_100002_206,
,,RWX,HOLD,PD_100001,VMR_100002_207,
,,RWX,HOLD,PD_100001,VMR_100002_208,
,,RWX,HOLD,PD_100001,VMR_100002_209,
,,RWX,HOLD,PD_100001,VMR_100002_210,
,,RWX,HOLD,PD_100001,VMR_100002_211,
,,RWX,HOLD,PD_100001,VMR_100002_212,
,,RWX,HOLD,PD_100001,VMR_100002_213,
,,RWX,HOLD,PD_100001,VMR_100002_214,
,,RWX,HOLD,PD_100001,VMR_100002_215,
,,RWX,HOLD,PD_100001,VMR_100002_216,
,,RWX,HOLD,PD_100001,VMR_100002_217,
,,RWX,HOLD,PD_100001,VMR_100002_218,
,,RWX,HOLD,PD_100001,VMR_100002_219,
,,RWX,HOLD,PD_100001,VMR_100002_220,
,,RWX,HOLD,PD_100001,VMR_100002_221,
,,RWX,HOLD,PD_100001,VMR_100002_222,
,,RWX,HOLD,PD_100001,VMR_100002_223,
,,RWX,HOLD,PD_100001,VMR_100002_224,
,,RWX,HOLD,PD_100001,VMR_100002_225,
,,RWX,HOLD,PD_100001,VMR_100002_226,
,,RWX,HOLD,PD_100001,VMR_100002_227,
,,RWX,HOLD,PD_100001,VMR_100002_228,
,,RWX,HOLD,PD_100001,VMR_100002_229,
,,RWX,HOLD,PD_100001,VMR_100002_230,
,,RWX,HOLD,PD_100001,VMR_100002_231,
,,RWX,HOLD,PD_100001,VMR_100002_232,
,,RWX,HOLD,PD_100001,VMR_100002_233,
,,RWX,HOLD,PD_100001,VMR_100002_234,
,,RWX,HOLD,PD_100001,VMR_100002_235,
,,RWX,HOLD,PD_100001,VMR_100002_236,
,,RWX,HOLD,PD_100001,VMR_100002_237,
,,RWX,HOLD,PD_100001,VMR_100002_238,
,,RWX,HOLD,PD_100001,VMR_100002_239,
,,RWX,HOLD,PD_100001,VMR_100002_240,
,,RWX,HOLD,PD_100001,VMR_100002_241,
,,RWX,HOLD,PD_100001,VMR_100002_242,
,,RWX,HOLD,PD_100001,VMR_100002_243,
,,RWX,HOLD,PD_100001,VMR_100002_244,
,,RWX,HOLD,PD_100001,VMR_100002_245,
,,RWX,HOLD,PD_100001,VMR_100002_246,
,,RWX,HOLD,PD_100001,VMR_100002_247,
,,RWX,HOLD,PD_100001,VMR_100002_248,
,,RWX,HOLD,PD_100001,VMR_100002_249,
,,RWX,HOLD,PD_100001,VMR_100002_250,
,,RWX,HOLD,PD_100001,VMR_100002_251,
,,RWX,HOLD,PD_100001,VMR_100002_252,
,,RWX,HOLD,PD_100001,VMR_100002_253,
,,RWX,HOLD,PD_100001,VMR_100002_254,
,,RWX,HOLD,PD_100001,VMR_100002_255,
,,RWX,HOLD,PD_100001,VMR_100002_256,
,,RWX,HOLD,PD_100001,VMR_100002_257,
,,RWX,HOLD,PD_100001,VMR_100002_258,
,,RWX,HOLD,PD_100001,VMR_100002_259,
,,RWX,HOLD,PD_100001,VMR_100002_260,
,,RWX,HOLD,PD_100001,VMR_100002_261,
,,RWX,HOLD,PD_100001,VMR_100002_262,
,,RWX,HOLD,PD_100001,VMR_100002_263,
,,RWX,HOLD,PD_100001,VMR_100002_264,
,,RWX,HOLD,PD_100001,VMR_100002_265,
,,RWX,HOLD,PD_100001,VMR_100002_266,
,,RWX,HOLD,PD_100001,VMR_100002_267,
,,RWX,HOLD,PD_100001,VMR_100002_268,
,,RWX,HOLD,PD_100001,VMR_100002_269,
,,RWX,HOLD,PD_100001,VMR_100002_270,
,,RWX,HOLD,PD_100001,VMR_100002_271,
,,RWX,HOLD,PD_100001,VMR_100002_272,
,,RWX,HOLD,PD_100001,VMR_100002_273,
,,RWX,HOLD,PD_100001,VMR_100002_274,
,,RWX,HOLD,PD_100001,VMR_100002_275,
,,RWX,HOLD,PD_100001,VMR_100002_276,
,,RWX,HOLD,PD_100001,VMR_100002_277,
,,RWX,HOLD,PD_100001,VMR_100002_278,
,,RWX,HOLD,PD_100001,VMR_100002_279,
,,RWX,HOLD,PD_100001,VMR_100002_280,
,,RWX,HOLD,PD_100001,VMR_100002_281,
,,RWX,HOLD,PD_100001,VMR_100002_282,
,,RWX,HOLD,PD_100001,VMR_100002_283,
,,RWX,HOLD,PD_100001,VMR_100002_284,
,,RWX,HOLD,PD_100001,VMR_100002_285,
,,RWX,HOLD,PD_100001,VMR_100002_286,
,,RWX,HOLD,PD_100001,VMR_100002_287,
,,RWX,HOLD,PD_100001,VMR_100002_288,
,,RWX,HOLD,PD_100001,VMR_100002_289,
,,RWX,HOLD,PD_100001,VMR_100002_290,
,,RWX,HOLD,PD_100001,VMR_100002_291,
,,RWX,HOLD,PD_100001,VMR_100002_292,
,,RWX,HOLD,PD_100001,VMR_100002_293,
,,RWX,HOLD,PD_100001,VMR_100002_294,
,,RWX,HOLD,PD_100001,VMR_100002_295,
,,RWX,HOLD,PD_100001,VMR_100002_296,
,,RWX,HOLD,PD_100001,VMR_100002_297,
,,RWX,HOLD,PD_100001,VMR_100002_298,
,,RWX,HOLD,PD_100001,VMR_100002_299,
,,RWX,HOLD,PD_100001,VMR_100002_300,
,,RWX,HOLD,PD_100001,VMR_100002_301,
,,RWX,HOLD,PD_100001,VMR_100002_302,
,,RWX,HOLD,PD_100001,VMR_100002_303,
,,RWX,HOLD,PD_100001,VMR_100002_304,
,,RWX,HOLD,PD_100001,VMR_100002_305,
,,RWX,HOLD,PD_100001,VMR_100002_306,
,,RWX,HOLD,PD_100001,VMR_100002_307,
,,RWX,HOLD,PD_100001,VMR_100002_308,
,,RWX,HOLD,PD_100001,VMR_100002_309,
,,RWX,HOLD,PD_100001,VMR_100002_310,
,,RWX,HOLD,PD_100001,VMR_100002_311,
,,RWX,HOLD,PD_100001,VMR_100002_312,
,,RWX,HOLD,PD_100001,VMR_100002_313,
,,RWX,HOLD,PD_100001,VMR_100002_314,
,,RWX,HOLD,PD_100001,VMR_100002_315,
,,RWX,HOLD,PD_100001,VMR_100002_316,
,,RWX,HOLD,PD_100001,VMR_100002_317,
,,RWX,HOLD,PD_100001,VMR_100002_318,
,,RWX,HOLD,PD_100001,VMR_100002_319,
,,RWX,HOLD,PD_100001,VMR_100002_320,
,,RWX,HOLD,PD_100001,VMR_100002_321,
,,RWX,HOLD,PD_100001,VMR_100002_322,
,,RWX,HOLD,PD_100001,VMR_100002_323,
,,RWX,HOLD,PD_100001,VMR_100002_324,
,,RWX,HOLD,PD_100001,VMR_100002_325,
,,RWX,HOLD,PD_100001,VMR_100002_326,
,,RWX,HOLD,PD_100001,VMR_100002_327,
,,RWX,HOLD,PD_100001,VMR_100002_328,
,,RWX,HOLD,PD_100001,VMR_100002_329,
,,RWX,HOLD,PD_100001,VMR_100002_330,
,,RWX,HOLD,PD_100001,VMR_100002_331,
,,RWX,HOLD,PD_100001,VMR_100002_332,
,,RWX,HOLD,PD_100001,VMR_100002_333,
,,RWX,HOLD,PD_100001,VMR_100002_334,
,,RWX,HOLD,PD_100001,VMR_100002_335,
,,RWX,HOLD,PD_100001,VMR_100002_336,
,,RWX,HOLD,PD_100001,VMR_100002_337,
,,RWX,HOLD,PD_100001,VMR_100002_338,
,,RWX,HOLD,PD_100001,VMR_100002_339,
,,RWX,HOLD,PD_100001,VMR_100002_340,
,,RWX,HOLD,PD_100001,VMR_100002_341,
,,RWX,HOLD,PD_100001,VMR_100002_342,
,,RWX,HOLD,PD_100001,VMR_100002_343,
,,RWX,HOLD,PD_100001,VMR_100002_344,
,,RWX,HOLD,PD_100001,VMR_100002_345,
,,RWX,HOLD,PD_100001,VMR_100002_346,
,,RWX,HOLD,PD_100001,VMR_100002_347,
,,RWX,HOLD,PD_100001,VMR_100002_348,
,,RWX,HOLD,PD_100001,VMR_100002_349,
,,RWX,HOLD,PD_100001,VMR_100002_350,
,,RWX,HOLD,PD_100001,VMR_100002_351,
,,RWX,HOLD,PD_100001,VMR_100002_352,
,,RWX,HOLD,PD_100001,VMR_100002_353,
,,RWX,HOLD,PD_100001,VMR_100002_354,
,,RWX,HOLD,PD_100001,VMR_100002_355,
,,RWX,HOLD,PD_100001,VMR_100002_356,
,,RWX,HOLD,PD_100001,VMR_100002_357,
,,RWX,HOLD,PD_100001,VMR_100002_358,
,,RWX,HOLD,PD_100001,VMR_100002_359,
,,RWX,HOLD,PD_100001,VMR_100002_360,
,,RWX,HOLD,PD_100001,VMR_100002_361,
,,RWX,HOLD,PD_100001,VMR_100002_362,
,,RWX,HOLD,PD_100001,VMR_100002_363,
,,RWX,HOLD,PD_100001,VMR_100002_364,
,,RWX,HOLD,PD_100001,VMR_100002_365,
,,RWX,HOLD,PD_100001,VMR_100002_366,
,,RWX,HOLD,PD_100001,VMR_100002_367,
,,RWX,HOLD,PD_100001,VMR_100002_368,
,,RWX,HOLD,PD_100001,VMR_100002_369,
,,RWX,HOLD,PD_100001,VMR_100002_370,
,,RWX,HOLD,PD_100001,VMR_100002_371,
,,RWX,HOLD,PD_100001,VMR_100002_372,
,,RWX,HOLD,PD_100001,VMR_100002_373,
,,RWX,HOLD,PD_100001,VMR_100002_374,
,,RWX,HOLD,PD_100001,VMR_100002_375,
,,RWX,HOLD,PD_100001,VMR_100002_376,
,,RWX,HOLD,PD_100001,VMR_100002_377,
,,RWX,HOLD,PD_100001,VMR_100002_378,
,,RWX,HOLD,PD_100001,VMR_100002_379,
,,RWX,HOLD,PD_100001,VMR_100002_380,
,,RWX,HOLD,PD_100001,VMR_100002_381,
,,RWX,HOLD,PD_100001,VMR_100002_382,
,,RWX,HOLD,PD_100001,VMR_100002_383,
,,RWX,HOLD,PD_100001,VMR_100002_384,
,,RWX,HOLD,PD_100001,VMR_100002_385,
,,RWX,HOLD,PD_100001,VMR_100002_386,
,,RWX,HOLD,PD_100001,VMR_100002_387,
,,RWX,HOLD,PD_100001,VMR_100002_388,
,,RWX,HOLD,PD_100001,VMR_100002_389,
,,RWX,HOLD,PD_100001,VMR_100002_390,
,,RWX,HOLD,PD_100001,VMR_100002_391,
,,RWX,HOLD,PD_100001,VMR_100002_392,
,,RWX,HOLD,PD_100001,VMR_100002_393,
,,RWX,HOLD,PD_100001,VMR_100002_394,
,,RWX,HOLD,PD_100001,VMR_100002_395,
,,RWX,HOLD,PD_100001,VMR_100002_396,
,,RWX,HOLD,PD_100001,VMR_100002_397,
,,RWX,HOLD,PD_100001,VMR_100002_398,
,,RWX,HOLD,PD_100001,VMR_100002_399,
,,RWX,HOLD,PD_100001,VMR_100002_400,
,,RWX,HOLD,PD_100001,VMR_100002_401,
,,RWX,HOLD,PD_100001,VMR_100002_402,
,,RWX,HOLD,PD_100001,VMR_100002_403,
,,RWX,HOLD,PD_100001,VMR_100002_404,
,,RWX,HOLD,PD_100001,VMR_100002_405,
,,RWX,HOLD,PD_100001,VMR_100002_406,
,,RWX,HOLD,PD_100001,VMR_100002_407,
,,RWX,HOLD,PD_100001,VMR_100002_408,
,,RWX,HOLD,PD_100001,VMR_100002_409,
,,RWX,HOLD,PD_100001,VMR_100002_410,
,,RWX,HOLD,PD_100001,VMR_100002_411,
,,RWX,HOLD,PD_100001,VMR_100002_412,
,,RWX,HOLD,PD_100001,VMR_100002_413,
,,RWX,HOLD,PD_100001,VMR_100002_414,
,,RWX,HOLD,PD_100001,VMR_100002_415,
,,RWX,HOLD,PD_100001,VMR_100002_416,
,,RWX,HOLD,PD_100001,VMR_100002_417,
,,RWX,HOLD,PD_100001,VMR_100002_418,
,,RWX,HOLD,PD_100001,VMR_100002_419,
,,RWX,HOLD,PD_100001,VMR_100002_420,
,,RWX,HOLD,PD_100001,VMR_100002_421,
,,RWX,HOLD,PD_100001,VMR_100002_422,
,,RWX,HOLD,PD_100001,VMR_100002_423,
,,RWX,HOLD,PD_100001,VMR_100002_424,
,,RWX,HOLD,PD_100001,VMR_100002_425,
,,RWX,HOLD,PD_100001,VMR_100002_426,
,,RWX,HOLD,PD_100001,VMR_100002_427,
,,RWX,HOLD,PD_100001,VMR_100002_428,
,,RWX,HOLD,PD_100001,VMR_100002_429,
,,RWX,HOLD,PD_100001,VMR_100002_430,
,,RWX,HOLD,PD_100001,VMR_100002_431,
,,RWX,HOLD,PD_100001,VMR_100002_432,
,,RWX,HOLD,PD_100001,VMR_100002_433,
,,RWX,HOLD,PD_100001,VMR_100002_434,
,,RWX,HOLD,PD_100001,VMR_100002_435,
,,RWX,HOLD,PD_100001,VMR_100002_436,
,,RWX,HOLD,PD_100001,VMR_100002_437,
,,RWX,HOLD,PD_100001,VMR_100002_438,
,,RWX,HOLD,PD_100001,VMR_100002_439,
,,RWX,HOLD,PD_100001,VMR_100002_440,
,,RWX,HOLD,PD_100001,VMR_100002_441,
,,RWX,HOLD,PD_100001,VMR_100002_442,
,,RWX,HOLD,PD_100001,VMR_100002_443,
,,RWX,HOLD,PD_100001,VMR_100002_444,
,,RWX,HOLD,PD_100001,VMR_100002_445,
,,RWX,HOLD,PD_100001,VMR_100002_446,
,,RWX,HOLD,PD_100001,VMR_100002_447,
,,RWX,HOLD,PD_100001,VMR_100002_448,
,,RWX,HOLD,PD_100001,VMR_100002_449,
,,RWX,HOLD,PD_100001,VMR_100002_450,
,,RWX,HOLD,PD_100001,VMR_100002_451,
,,RWX,HOLD,PD_100001,VMR_100002_452,
,,RWX,HOLD,PD_100001,VMR_100002_453,
,,RWX,HOLD,PD_100001,VMR_100002_454,
,,RWX,HOLD,PD_100001,VMR_100002_455,
,,RWX,HOLD,PD_100001,VMR_100002_456,
,,RWX,HOLD,PD_100001,VMR_100002_457,
,,RWX,HOLD,PD_100001,VMR_100002_458,
,,RWX,HOLD,PD_100001,VMR_100002_459,
,,RWX,HOLD,PD_100001,VMR_100002_460,
,,RWX,HOLD,PD_100001,VMR_100002_461,
,,RWX,HOLD,PD_100001,VMR_100002_462,
,,RWX,HOLD,PD_100001,VMR_100002_463,
,,RWX,HOLD,PD_100001,VMR_100002_464,
,,RWX,HOLD,PD_100001,VMR_100002_465,
,,RWX,HOLD,PD_100001,VMR_100002_466,
,,RWX,HOLD,PD_100001,VMR_100002_467,
,,RWX,HOLD,PD_100001,VMR_100002_468,
,,RWX,HOLD,PD_100001,VMR_100002_469,
,,RWX,HOLD,PD_100001,VMR_100002_470,
,,RWX,HOLD,PD_100001,VMR_100002_471,
,,RWX,HOLD,PD_100001,VMR_100002_472,
,,RWX,HOLD,PD_100001,VMR_100002_473,
,,RWX,HOLD,PD_100001,VMR_100002_474,
,,RWX,HOLD,PD_100001,VMR_100002_475,
,,RWX,HOLD,PD_100001,VMR_100002_476,
,,RWX,HOLD,PD_100001,VMR_100002_477,
,,RWX,HOLD,PD_100001,VMR_100002_478,
,,RWX,HOLD,PD_100001,VMR_100002_479,
,,RWX,HOLD,PD_100001,VMR_100002_480,
,,RWX,HOLD,PD_100001,VMR_100002_481,
,,RWX,HOLD,PD_100001,VMR_100002_482,
,,RWX,HOLD,PD_100001,VMR_100002_483,
,,RWX,HOLD,PD_100001,VMR_100002_484,
,,RWX,HOLD,PD_100001,VMR_100002_485,
,,RWX,HOLD,PD_100001,VMR_100002_486,
,,RWX,HOLD,PD_100001,VMR_100002_487,
,,RWX,HOLD,PD_100001,VMR_100002_488,
,,RWX,HOLD,PD_100001,VMR_100002_489,
,,RWX,HOLD,PD_100001,VMR_100002_490,
,,RWX,HOLD,PD_100001,VMR_100002_491,
,,RWX,HOLD,PD_100001,VMR_100002_492,
,,RWX,HOLD,PD_100001,VMR_100002_493,
,,RWX,HOLD,PD_100001,VMR_100002_494,
,,RWX,HOLD,PD_100001,VMR_100002_495,
,,RWX,HOLD,PD_100001,VMR_100002_496,
,,RWX,HOLD,PD_100001,VMR_100002_497,
,,RWX,HOLD,PD_100001,VMR_100002_498,
,,RWX,HOLD,PD_100001,VMR_100002_499,
,,RWX,HOLD,PD_100001,VMR_100002_500,
,,RWX,HOLD,PD_100001,VMR_100002_501,
,,RWX,HOLD,PD_100001,VMR_100002_502,
,,RWX,HOLD,PD_100001,VMR_100002_503,
,,RWX,HOLD,PD_100001,VMR_100002_504,
,,RWX,HOLD,PD_100001,VMR_100002_505,
,,RWX,HOLD,PD_100001,VMR_100002_506,
,,RWX,HOLD,PD_100001,VMR_100002_507,
,,RWX,HOLD,PD_100001,VMR_100002_508,
,,RWX,HOLD,PD_100001,VMR_100002_509,
,,RWX,HOLD,PD_100001,VMR_100002_510,
,,RWX,HOLD,PD_100001,VMR_100002_511,
,,RWX,HOLD,PD_100001,VMR_100002_512,
,,RWX,HOLD,PD_100001,VMR_100002_513,
,,RWX,HOLD,PD_100001,VMR_100002_514,
,,RWX,HOLD,PD_100001,VMR_100002_515,
,,RWX,HOLD,PD_100001,VMR_100002_516,
,,RWX,HOLD,PD_100001,VMR_100002_517,
,,RWX,HOLD,PD_100001,VMR_100002_518,
,,RWX,HOLD,PD_100001,VMR_100002_519,
,,RWX,HOLD,PD_100001,VMR_100002_520,
,,RWX,HOLD,PD_100001,VMR_100002_521,
,,RWX,HOLD,PD_100001,VMR_100002_522,
,,RWX,HOLD,PD_100001,VMR_100002_523,
,,RWX,HOLD,PD_100001,VMR_100002_524,
,,RWX,HOLD,PD_100001,VMR_100002_525,
,,RWX,HOLD,PD_100001,VMR_100002_526,
,,RWX,HOLD,PD_100001,VMR_100002_527,
,,RWX,HOLD,PD_100001,VMR_100002_528,
,,RWX,HOLD,PD_100001,VMR_100002_529,
,,RWX,HOLD,PD_100001,VMR_100002_530,
,,RWX,HOLD,PD_100001,VMR_100002_531,
,,RWX,HOLD,PD_100001,VMR_100002_532,
,,RWX,HOLD,PD_100001,VMR_100002_533,
,,RWX,HOLD,PD_100001,VMR_100002_534,
,,RWX,HOLD,PD_100001,VMR_100002_535,
,,RWX,HOLD,PD_100001,VMR_100002_536,
,,RWX,HOLD,PD_100001,VMR_100002_537,
,,RWX,HOLD,PD_100001,VMR_100002_538,
,,RWX,HOLD,PD_100001,VMR_100002_539,
,,RWX,HOLD,PD_100001,VMR_100002_540,
,,RWX,HOLD,PD_100001,VMR_100002_541,
,,RWX,HOLD,PD_100001,VMR_100002_542,
,,RWX,HOLD,PD_100001,VMR_100002_543,
,,RWX,HOLD,PD_100001,VMR_100002_544,
,,RWX,HOLD,PD_100001,VMR_100002_545,
,,RWX,HOLD,PD_100001,VMR_100002_546,
,,RWX,HOLD,PD_100001,VMR_100002_547,
,,RWX,HOLD,PD_100001,VMR_100002_548,
,,RWX,HOLD,PD_100001,VMR_100002_549,
,,RWX,HOLD,PD_100001,VMR_100002_550,
,,RWX,HOLD,PD_100001,VMR_100002_551,
,,RWX,HOLD,PD_100001,VMR_100002_552,
,,RWX,HOLD,PD_100001,VMR_100002_553,
,,RWX,HOLD,PD_100001,VMR_100002_554,
,,RWX,HOLD,PD_100001,VMR_100002_555,
,,RWX,HOLD,PD_100001,VMR_100002_556,
,,RWX,HOLD,PD_100001,VMR_100002_557,
,,RWX,HOLD,PD_100001,VMR_100002_558,
,,RWX,HOLD,PD_100001,VMR_100002_559,
,,RWX,HOLD,PD_100001,VMR_100002_560,
,,RWX,HOLD,PD_100001,VMR_100002_561,
,,RWX,HOLD,PD_100001,VMR_100002_562,
,,NONE,SUBSET,MO_100001_1,MO_SPACE_100001,
,,NONE,SUBSET,MO_100001_2,MO_SPACE_100001,
,,NONE,SUBSET,MO_100001_3,MO_SPACE_100001,
,,NONE,SUBSET,MO_100001_4,MO_SPACE_100001,
,,NONE,SUBSET,MO_100001_5,MO_SPACE_100001,
,,NONE,SUBSET,MO_100001_6,MO_SPACE_100001,
,,NONE,SUBSET,MO_100001_7,MO_SPACE_100001,
,,NONE,SUBSET,MO_100001_8,MO_SPACE_100001,
,,NONE,SUBSET,MO_100001_9,MO_SPACE_100001,
,,NONE,SUBSET,MO_100001_10,MO_SPACE_100001,
,,NONE,SUBSET,MO_100001_11,MO_SPACE_100001,
,,NONE,SUBSET,MO_100001_12,MO_SPACE_100001,
,,NONE,SUBSET,MO_100001_13,MO_SPACE_100001,
,,NONE,SUBSET,MO_100001_14,MO_SPACE_100001,
,,NONE,SUBSET,MO_100001_15,MO_SPACE_100001,
,,NONE,SUBSET,MO_100001_16,MO_SPACE_100001,
,,NONE,SUBSET,MO_100001_17,MO_SPACE_100001,
,,NONE,SUBSET,MO_100001_18,MO_SPACE_100001,
,,NONE,SUBSET,MO_100001_19,MO_SPACE_100001,
,,NONE,SUBSET,MO_100001_20,MO_SPACE_100001,
,,NONE,SUBSET,MO_100001_21,MO_SPACE_100001,
,,NONE,SUBSET,MO_100001_22,MO_SPACE_100001,
,,NONE,SUBSET,MO_100001_23,MO_SPACE_100001,
,,NONE,SUBSET,MO_100001_24,MO_SPACE_100001,
,,NONE,SUBSET,MO_100001_25,MO_SPACE_100001,
,,NONE,SUBSET,MO_100001_26,MO_SPACE_100001,
,,NONE,SUBSET,MO_100001_27,MO_SPACE_100001,
,,NONE,SUBSET,MO_100001_28,MO_SPACE_100001,
,,NONE,SUBSET,MO_100001_29,MO_SPACE_100001,
,,NONE,SUBSET,MO_100001_30,MO_SPACE_100001,
,,NONE,SUBSET,MO_100001_31,MO_SPACE_100001,
,,NONE,SUBSET,MO_100001_32,MO_SPACE_100001,
,,NONE,SUBSET,MO_100001_33,MO_SPACE_100001,
,,NONE,SUBSET,MO_100001_34,MO_SPACE_100001,
,,NONE,SUBSET,MO_100001_35,MO_SPACE_100001,
,,NONE,SUBSET,MO_100001_36,MO_SPACE_100001,
,,NONE,SUBSET,MO_100001_37,MO_SPACE_100001,
,,NONE,SUBSET,MO_100001_38,MO_SPACE_100001,
,,NONE,SUBSET,MO_100001_39,MO_SPACE_100001,
,,NONE,SUBSET,MO_100001_40,MO_SPACE_100001,
,,NONE,SUBSET,MO_100001_41,MO_SPACE_100001,
,,NONE,SUBSET,MO_100001_42,MO_SPACE_100001,
,,NONE,SUBSET,MO_100001_43,MO_SPACE_100001,
,,NONE,SUBSET,MO_100001_44,MO_SPACE_100001,
,,NONE,SUBSET,MO_100001_45,MO_SPACE_100001,
,,NONE,SUBSET,MO_100001_46,MO_SPACE_100001,
,,NONE,SUBSET,MO_100001_47,MO_SPACE_100001,
,,NONE,SUBSET,MO_100001_48,MO_SPACE_100001,
,,NONE,SUBSET,MO_100001_49,MO_SPACE_100001,
,,NONE,SUBSET,MO_100001_50,MO_SPACE_100001,
,,NONE,SUBSET,MO_100001_51,MO_SPACE_100001,
,,NONE,SUBSET,MO_100001_52,MO_SPACE_100001,
,,NONE,SUBSET,MO_100001_53,MO_SPACE_100001,
,,NONE,SUBSET,MO_100001_54,MO_SPACE_100001,
,,NONE,SUBSET,MO_100001_55,MO_SPACE_100001,
,,NONE,SUBSET,MO_100001_56,MO_SPACE_100001,
,,NONE,SUBSET,MO_100001_57,MO_SPACE_100001,
,,NONE,SUBSET,MO_100001_58,MO_SPACE_100001,
,,NONE,SUBSET,MO_100001_59,MO_SPACE_100001,
,,NONE,SUBSET,MO_100001_60,MO_SPACE_100001,
,,NONE,SUBSET,MO_100001_61,MO_SPACE_100001,
,,NONE,SUBSET,MO_100001_62,MO_SPACE_100001,
,,NONE,SUBSET,MO_100001_63,MO_SPACE_100001,
,,NONE,SUBSET,MO_100001_64,MO_SPACE_100001,
,,NONE,SUBSET,MO_100001_65,MO_SPACE_100001,
,,NONE,SUBSET,MO_100001_66,MO_SPACE_100001,
,,NONE,SUBSET,MO_100001_67,MO_SPACE_100001,
,,NONE,SUBSET,MO_100001_68,MO_SPACE_100001,
,,NONE,SUBSET,MO_100001_69,MO_SPACE_100001,
,,NONE,SUBSET,MO_100001_70,MO_SPACE_100001,
,,NONE,SUBSET,MO_100001_71,MO_SPACE_100001,
,,NONE,SUBSET,MO_100001_72,MO_SPACE_100001,
,,NONE,SUBSET,MO_100001_73,MO_SPACE_100001,
,,NONE,SUBSET,MO_100001_74,MO_SPACE_100001,
,,NONE,SUBSET,MO_100001_75,MO_SPACE_100001,
,,NONE,SUBSET,MO_100001_76,MO_SPACE_100001,
,,NONE,SUBSET,MO_100001_77,MO_SPACE_100001,
,,NONE,SUBSET,MO_100001_78,MO_SPACE_100001,
,,NONE,SUBSET,MO_100001_79,MO_SPACE_100001,
,,NONE,SUBSET,MO_100001_80,MO_SPACE_100001,
,,NONE,SUBSET,MO_100001_81,MO_SPACE_100001,
,,NONE,SUBSET,MO_100001_82,MO_SPACE_100001,
,,NONE,SUBSET,MO_100001_83,MO_SPACE_100001,
,,NONE,SUBSET,MO_100001_84,MO_SPACE_100001,
,,NONE,SUBSET,MO_100001_85,MO_SPACE_100001,
,,NONE,SUBSET,MO_100001_86,MO_SPACE_100001,
,,NONE,SUBSET,MO_100001_87,MO_SPACE_100001,
,,NONE,SUBSET,MO_100001_88,MO_SPACE_100001,
,,NONE,SUBSET,MO_100001_89,MO_SPACE_100001,
,,NONE,SUBSET,MO_100001_90,MO_SPACE_100001,
,,NONE,SUBSET,MO_100001_91,MO_SPACE_100001,
,,NONE,SUBSET,MO_100001_92,MO_SPACE_100001,
,,NONE,SUBSET,MO_100001_93,MO_SPACE_100001,
,,NONE,SUBSET,MO_100001_94,MO_SPACE_100001,
,,NONE,SUBSET,MO_100001_95,MO_SPACE_100001,
,,NONE,SUBSET,MO_100001_96,MO_SPACE_100001,
,,NONE,SUBSET,MO_100001_97,MO_SPACE_100001,
,,NONE,SUBSET,MO_100001_98,MO_SPACE_100001,
,,NONE,SUBSET,MO_100001_99,MO_SPACE_100001,
,,NONE,SUBSET,MO_100001_100,MO_SPACE_100001,
,,NONE,SUBSET,MO_100001_101,MO_SPACE_100001,
,,NONE,SUBSET,MO_100001_102,MO_SPACE_100001,
,,NONE,SUBSET,MO_100001_103,MO_SPACE_100001,
,,NONE,SUBSET,MO_100001_104,MO_SPACE_100001,
,,NONE,SUBSET,MO_100001_105,MO_SPACE_100001,
,,NONE,SUBSET,MO_100001_106,MO_SPACE_100001,
,,NONE,SUBSET,MO_100001_107,MO_SPACE_100001,
,,NONE,SUBSET,MO_100001_108,MO_SPACE_100001,
,,NONE,SUBSET,MO_100001_109,MO_SPACE_100001,
,,NONE,SUBSET,MO_100001_110,MO_SPACE_100001,
,,NONE,SUBSET,MO_100001_111,MO_SPACE_100001,
,,NONE,SUBSET,MO_100001_112,MO_SPACE_100001,
,,NONE,SUBSET,MO_100001_113,MO_SPACE_100001,
,,NONE,SUBSET,MO_100001_114,MO_SPACE_100001,
,,NONE,SUBSET,MO_100001_115,MO_SPACE_100001,
,,NONE,SUBSET,MO_100001_116,MO_SPACE_100001,
,,NONE,SUBSET,MO_100001_117,MO_SPACE_100001,
,,NONE,SUBSET,MO_100001_118,MO_SPACE_100001,
,,NONE,SUBSET,MO_100001_119,MO_SPACE_100001,
,,NONE,SUBSET,MO_100001_120,MO_SPACE_100001,
,,NONE,SUBSET,MO_100001_121,MO_SPACE_100001,
,,NONE,SUBSET,MO_100001_122,MO_SPACE_100001,
,,NONE,SUBSET,MO_100001_123,MO_SPACE_100001,
,,NONE,SUBSET,MO_100001_124,MO_SPACE_100001,
,,NONE,SUBSET,MO_100001_125,MO_SPACE_100001,
,,NONE,SUBSET,MO_100001_126,MO_SPACE_100001,
,,NONE,SUBSET,MO_100001_127,MO_SPACE_100001,
,,NONE,SUBSET,MO_100001_128,MO_SPACE_100001,
,,NONE,SUBSET,MO_100001_129,MO_SPACE_100001,
,,NONE,SUBSET,MO_100001_130,MO_SPACE_100001,
,,NONE,SUBSET,MO_100001_131,MO_SPACE_100001,
,,NONE,SUBSET,MO_100001_132,MO_SPACE_100001,
,,NONE,SUBSET,MO_100001_133,MO_SPACE_100001,
,,NONE,SUBSET,MO_100001_134,MO_SPACE_100001,
,,NONE,SUBSET,MO_100001_135,MO_SPACE_100001,
,,NONE,SUBSET,MO_100001_136,MO_SPACE_100001,
,,NONE,SUBSET,MO_100001_137,MO_SPACE_100001,
,,NONE,SUBSET,MO_100001_138,MO_SPACE_100001,
,,NONE,SUBSET,MO_100001_139,MO_SPACE_100001,
,,NONE,SUBSET,MO_100001_140,MO_SPACE_100001,
,,NONE,SUBSET,MO_100001_141,MO_SPACE_100001,
,,NONE,SUBSET,MO_100001_142,MO_SPACE_100001,
,,NONE,SUBSET,MO_100001_143,MO_SPACE_100001,
,,NONE,SUBSET,MO_100001_144,MO_SPACE_100001,
,,NONE,SUBSET,MO_100001_145,MO_SPACE_100001,
,,NONE,SUBSET,MO_100001_146,MO_SPACE_100001,
,,NONE,SUBSET,MO_100001_147,MO_SPACE_100001,
,,NONE,SUBSET,MO_100001_148,MO_SPACE_100001,
,,NONE,SUBSET,MO_100001_149,MO_SPACE_100001,
,,NONE,SUBSET,MO_100001_150,MO_SPACE_100001,
,,NONE,SUBSET,MO_100001_151,MO_SPACE_100001,
,,NONE,SUBSET,MO_100001_152,MO_SPACE_100001,
,,NONE,SUBSET,MO_100001_153,MO_SPACE_100001,
,,NONE,SUBSET,MO_100001_154,MO_SPACE_100001,
,,NONE,SUBSET,MO_100001_155,MO_SPACE_100001,
,,NONE,SUBSET,MO_100001_156,MO_SPACE_100001,
,,NONE,SUBSET,MO_100001_157,MO_SPACE_100001,
,,NONE,SUBSET,MO_100001_158,MO_SPACE_100001,
,,NONE,SUBSET,MO_100001_159,MO_SPACE_100001,
,,NONE,SUBSET,MO_100001_160,MO_SPACE_100001,
,,NONE,SUBSET,MO_100001_161,MO_SPACE_100001,
,,NONE,SUBSET,MO_100001_162,MO_SPACE_100001,
,,NONE,SUBSET,MO_100001_163,MO_SPACE_100001,
,,NONE,SUBSET,MO_100001_164,MO_SPACE_100001,
,,NONE,SUBSET,MO_100001_165,MO_SPACE_100001,
,,NONE,SUBSET,MO_100001_166,MO_SPACE_100001,
,,NONE,SUBSET,MO_100001_167,MO_SPACE_100001,
,,NONE,SUBSET,MO_100001_168,MO_SPACE_100001,
,,NONE,SUBSET,MO_100001_169,MO_SPACE_100001,
,,NONE,SUBSET,MO_100001_170,MO_SPACE_100001,
,,NONE,SUBSET,MO_100001_171,MO_SPACE_100001,
,,NONE,SUBSET,MO_100001_172,MO_SPACE_100001,
,,NONE,SUBSET,MO_100001_173,MO_SPACE_100001,
,,NONE,SUBSET,MO_100001_174,MO_SPACE_100001,
,,NONE,SUBSET,MO_100001_175,MO_SPACE_100001,
,,NONE,SUBSET,MO_100001_176,MO_SPACE_100001,
,,NONE,SUBSET,MO_100001_177,MO_SPACE_100001,
,,NONE,SUBSET,MO_100001_178,MO_SPACE_100001,
,,NONE,SUBSET,MO_100001_179,MO_SPACE_100001,
,,NONE,SUBSET,MO_100001_180,MO_SPACE_100001,
,,NONE,SUBSET,MO_100001_181,MO_SPACE_100001,
,,NONE,SUBSET,MO_100001_182,MO_SPACE_100001,
,,NONE,SUBSET,MO_100001_183,MO_SPACE_100001,
,,NONE,SUBSET,MO_100001_184,MO_SPACE_100001,
,,NONE,SUBSET,MO_100001_185,MO_SPACE_100001,
,,NONE,SUBSET,MO_100001_186,MO_SPACE_100001,
,,NONE,SUBSET,MO_100001_187,MO_SPACE_100001,
,,NONE,SUBSET,MO_100001_188,MO_SPACE_100001,
,,NONE,SUBSET,MO_100001_189,MO_SPACE_100001,
,,NONE,SUBSET,MO_100001_190,MO_SPACE_100001,
,,NONE,SUBSET,MO_100001_191,MO_SPACE_100001,
,,NONE,SUBSET,MO_100001_192,MO_SPACE_100001,
,,NONE,SUBSET,MO_100001_193,MO_SPACE_100001,
,,NONE,SUBSET,MO_100001_194,MO_SPACE_100001,
,,NONE,SUBSET,MO_100001_195,MO_SPACE_100001,
,,NONE,SUBSET,MO_100001_196,MO_SPACE_100001,
,,NONE,SUBSET,MO_100001_197,MO_SPACE_100001,
,,NONE,SUBSET,MO_100001_198,MO_SPACE_100001,
,,NONE,SUBSET,MO_100001_199,MO_SPACE_100001,
,,NONE,SUBSET,MO_100001_200,MO_SPACE_100001,
,,NONE,SUBSET,MO_100001_201,MO_SPACE_100001,
,,NONE,SUBSET,MO_100001_202,MO_SPACE_100001,
,,NONE,SUBSET,MO_100001_203,MO_SPACE_100001,
,,NONE,SUBSET,MO_100001_204,MO_SPACE_100001,
,,NONE,SUBSET,MO_100001_205,MO_SPACE_100001,
,,NONE,SUBSET,MO_100001_206,MO_SPACE_100001,
,,NONE,SUBSET,MO_100001_207,MO_SPACE_100001,
,,NONE,SUBSET,MO_100001_208,MO_SPACE_100001,
,,NONE,SUBSET,MO_100001_209,MO_SPACE_100001,
,,NONE,SUBSET,MO_100001_210,MO_SPACE_100001,
,,NONE,SUBSET,MO_100001_211,MO_SPACE_100001,
,,NONE,SUBSET,MO_100001_212,MO_SPACE_100001,
,,NONE,SUBSET,MO_100001_213,MO_SPACE_100001,
,,NONE,SUBSET,MO_100001_214,MO_SPACE_100001,
,,NONE,SUBSET,MO_100001_215,MO_SPACE_100001,
,,NONE,SUBSET,MO_100001_216,MO_SPACE_100001,
,,NONE,SUBSET,MO_100001_217,MO_SPACE_100001,
,,NONE,SUBSET,MO_100001_218,MO_SPACE_100001,
,,NONE,SUBSET,MO_100001_219,MO_SPACE_100001,
,,NONE,SUBSET,MO_100001_220,MO_SPACE_100001,
,,NONE,SUBSET,MO_100001_221,MO_SPACE_100001,
,,NONE,SUBSET,MO_100001_222,MO_SPACE_100001,
,,NONE,SUBSET,MO_100001_223,MO_SPACE_100001,
,,NONE,SUBSET,MO_100001_224,MO_SPACE_100001,
,,NONE,SUBSET,MO_100001_225,MO_SPACE_100001,
,,NONE,SUBSET,MO_100001_226,MO_SPACE_100001,
,,NONE,SUBSET,MO_100001_227,MO_SPACE_100001,
,,NONE,SUBSET,MO_100001_228,MO_SPACE_100001,
,,NONE,SUBSET,MO_100001_229,MO_SPACE_100001,
,,NONE,SUBSET,MO_100001_230,MO_SPACE_100001,
,,NONE,SUBSET,MO_100001_231,MO_SPACE_100001,
,,NONE,SUBSET,MO_100001_232,MO_SPACE_100001,
,,NONE,SUBSET,MO_100001_233,MO_SPACE_100001,
,,NONE,SUBSET,MO_100001_234,MO_SPACE_100001,
,,NONE,SUBSET,MO_100001_235,MO_SPACE_100001,
,,NONE,SUBSET,MO_100001_236,MO_SPACE_100001,
,,NONE,SUBSET,MO_100001_237,MO_SPACE_100001,
,,NONE,SUBSET,MO_100001_238,MO_SPACE_100001,
,,NONE,SUBSET,MO_100001_239,MO_SPACE_100001,
,,NONE,SUBSET,MO_100001_240,MO_SPACE_100001,
,,NONE,SUBSET,MO_100001_241,MO_SPACE_100001,
,,NONE,SUBSET,MO_100001_242,MO_SPACE_100001,
,,NONE,SUBSET,MO_100001_243,MO_SPACE_100001,
,,NONE,SUBSET,MO_100001_244,MO_SPACE_100001,
,,NONE,SUBSET,MO_100001_245,MO_SPACE_100001,
,,NONE,SUBSET,MO_100001_246,MO_SPACE_100001,
,,NONE,SUBSET,MO_100001_247,MO_SPACE_100001,
,,NONE,SUBSET,MO_100001_248,MO_SPACE_100001,
,,NONE,SUBSET,MO_100001_249,MO_SPACE_100001,
,,NONE,SUBSET,MO_100001_250,MO_SPACE_100001,
,,NONE,SUBSET,MO_100001_251,MO_SPACE_100001,
,,NONE,SUBSET,MO_100001_252,MO_SPACE_100001,
,,NONE,SUBSET,MO_100001_253,MO_SPACE_100001,
,,NONE,SUBSET,MO_100001_254,MO_SPACE_100001,
,,NONE,SUBSET,MO_100001_255,MO_SPACE_100001,
,,NONE,SUBSET,MO_100001_256,MO_SPACE_100001,
,,NONE,SUBSET,MO_100001_257,MO_SPACE_100001,
,,NONE,SUBSET,MO_100001_258,MO_SPACE_100001,
,,NONE,SUBSET,MO_100001_259,MO_SPACE_100001,
,,NONE,SUBSET,MO_100001_260,MO_SPACE_100001,
,,NONE,SUBSET,MO_100001_261,MO_SPACE_100001,
,,NONE,SUBSET,MO_100001_262,MO_SPACE_100001,
,,NONE,SUBSET,MO_100001_263,MO_SPACE_100001,
,,NONE,SUBSET,MO_100001_264,MO_SPACE_100001,
,,NONE,SUBSET,MO_100001_265,MO_SPACE_100001,
,,NONE,SUBSET,MO_100001_266,MO_SPACE_100001,
,,NONE,SUBSET,MO_100001_267,MO_SPACE_100001,
,,NONE,SUBSET,MO_100001_268,MO_SPACE_100001,
,,NONE,SUBSET,MO_100001_269,MO_SPACE_100001,
,,NONE,SUBSET,MO_100001_270,MO_SPACE_100001,
,,NONE,SUBSET,MO_100001_271,MO_SPACE_100001,
,,NONE,SUBSET,MO_100001_272,MO_SPACE_100001,
,,NONE,SUBSET,MO_100001_273,MO_SPACE_100001,
,,NONE,SUBSET,MO_100001_274,MO_SPACE_100001,
,,NONE,SUBSET,MO_100001_275,MO_SPACE_100001,
,,NONE,SUBSET,MO_100001_276,MO_SPACE_100001,
,,NONE,SUBSET,MO_100001_277,MO_SPACE_100001,
,,NONE,SUBSET,MO_100001_278,MO_SPACE_100001,
,,NONE,SUBSET,MO_100001_279,MO_SPACE_100001,
,,VMR,REQUEST,PD_100002,PD_100001,
,,RP,HOLD,PD_100002,VMR_100002_1,
,,RXP,HOLD,PD_100002,VMR_100002_2,
,,RP,HOLD,PD_100002,VMR_100002_3,
,,RP,HOLD,PD_100002,VMR_100002_4,
,,RWP,HOLD,PD_100002,VMR_100002_5,
,,RWP,HOLD,PD_100002,VMR_100002_6,
,,RWP,HOLD,PD_100002,VMR_100002_7,
,,RWP,HOLD,PD_100002,VMR_100002_8,
,,RWP,HOLD,PD_100002,VMR_100002_9,
,,RWP,HOLD,PD_100002,VMR_100002_10,
,,RWP,HOLD,PD_100002,VMR_100002_11,
,,RWP,HOLD,PD_100002,VMR_100002_12,
,,RWP,HOLD,PD_100002,VMR_100002_13,
,,RWP,HOLD,PD_100002,VMR_100002_14,
,,RWP,HOLD,PD_100002,VMR_100002_15,
,,RWP,HOLD,PD_100002,VMR_100002_16,
,,RWP,HOLD,PD_100002,VMR_100002_17,
,,RWP,HOLD,PD_100002,VMR_100002_18,
,,RWP,HOLD,PD_100002,VMR_100002_19,
,,RWP,HOLD,PD_100002,VMR_100002_20,
,,RWP,HOLD,PD_100002,VMR_100002_21,
,,RWP,HOLD,PD_100002,VMR_100002_22,
,,RWP,HOLD,PD_100002,VMR_100002_23,
,,RWP,HOLD,PD_100002,VMR_100002_24,
,,RWP,HOLD,PD_100002,VMR_100002_25,
,,RWP,HOLD,PD_100002,VMR_100002_26,
,,RWP,HOLD,PD_100002,VMR_100002_27,
,,RWP,HOLD,PD_100002,VMR_100002_28,
,,RWP,HOLD,PD_100002,VMR_100002_29,
,,RWP,HOLD,PD_100002,VMR_100002_30,
,,RWP,HOLD,PD_100002,VMR_100002_31,
,,RWP,HOLD,PD_100002,VMR_100002_32,
,,RWP,HOLD,PD_100002,VMR_100002_33,
,,RWP,HOLD,PD_100002,VMR_100002_34,
,,RWP,HOLD,PD_100002,VMR_100002_35,
,,RWP,HOLD,PD_100002,VMR_100002_36,
,,RWP,HOLD,PD_100002,VMR_100002_37,
,,RWP,HOLD,PD_100002,VMR_100002_38,
,,RWP,HOLD,PD_100002,VMR_100002_39,
,,RWP,HOLD,PD_100002,VMR_100002_40,
,,RP,HOLD,PD_100002,VMR_100002_41,
,,RP,HOLD,PD_100002,VMR_100002_42,
,,RP,HOLD,PD_100002,VMR_100002_43,
,,RP,HOLD,PD_100002,VMR_100002_44,
,,RP,HOLD,PD_100002,VMR_100002_45,
,,RP,HOLD,PD_100002,VMR_100002_46,
,,RP,HOLD,PD_100002,VMR_100002_47,
,,RP,HOLD,PD_100002,VMR_100002_48,
,,RP,HOLD,PD_100002,VMR_100002_49,
,,RP,HOLD,PD_100002,VMR_100002_50,
,,RP,HOLD,PD_100002,VMR_100002_51,
,,RP,HOLD,PD_100002,VMR_100002_52,
,,RP,HOLD,PD_100002,VMR_100002_53,
,,RP,HOLD,PD_100002,VMR_100002_54,
,,RP,HOLD,PD_100002,VMR_100002_55,
,,RP,HOLD,PD_100002,VMR_100002_56,
,,RP,HOLD,PD_100002,VMR_100002_57,
,,RP,HOLD,PD_100002,VMR_100002_58,
,,RP,HOLD,PD_100002,VMR_100002_59,
,,RP,HOLD,PD_100002,VMR_100002_60,
,,RP,HOLD,PD_100002,VMR_100002_61,
,,RP,HOLD,PD_100002,VMR_100002_62,
,,RP,HOLD,PD_100002,VMR_100002_63,
,,RP,HOLD,PD_100002,VMR_100002_64,
,,RP,HOLD,PD_100002,VMR_100002_65,
,,RP,HOLD,PD_100002,VMR_100002_66,
,,RP,HOLD,PD_100002,VMR_100002_67,
,,RP,HOLD,PD_100002,VMR_100002_68,
,,RP,HOLD,PD_100002,VMR_100002_69,
,,RP,HOLD,PD_100002,VMR_100002_70,
,,RP,HOLD,PD_100002,VMR_100002_71,
,,RP,HOLD,PD_100002,VMR_100002_72,
,,RP,HOLD,PD_100002,VMR_100002_73,
,,RP,HOLD,PD_100002,VMR_100002_74,
,,RP,HOLD,PD_100002,VMR_100002_75,
,,RP,HOLD,PD_100002,VMR_100002_76,
,,RP,HOLD,PD_100002,VMR_100002_77,
,,RP,HOLD,PD_100002,VMR_100002_78,
,,RP,HOLD,PD_100002,VMR_100002_79,
,,RP,HOLD,PD_100002,VMR_100002_80,
,,RXP,HOLD,PD_100002,VMR_100002_81,
,,RXP,HOLD,PD_100002,VMR_100002_82,
,,RXP,HOLD,PD_100002,VMR_100002_83,
,,RXP,HOLD,PD_100002,VMR_100002_84,
,,RXP,HOLD,PD_100002,VMR_100002_85,
,,RXP,HOLD,PD_100002,VMR_100002_86,
,,RXP,HOLD,PD_100002,VMR_100002_87,
,,RXP,HOLD,PD_100002,VMR_100002_88,
,,RXP,HOLD,PD_100002,VMR_100002_89,
,,RXP,HOLD,PD_100002,VMR_100002_90,
,,RXP,HOLD,PD_100002,VMR_100002_91,
,,RXP,HOLD,PD_100002,VMR_100002_92,
,,RXP,HOLD,PD_100002,VMR_100002_93,
,,RXP,HOLD,PD_100002,VMR_100002_94,
,,RXP,HOLD,PD_100002,VMR_100002_95,
,,RXP,HOLD,PD_100002,VMR_100002_96,
,,RXP,HOLD,PD_100002,VMR_100002_97,
,,RXP,HOLD,PD_100002,VMR_100002_98,
,,RXP,HOLD,PD_100002,VMR_100002_99,
,,RXP,HOLD,PD_100002,VMR_100002_100,
,,RXP,HOLD,PD_100002,VMR_100002_101,
,,RXP,HOLD,PD_100002,VMR_100002_102,
,,RXP,HOLD,PD_100002,VMR_100002_103,
,,RXP,HOLD,PD_100002,VMR_100002_104,
,,RXP,HOLD,PD_100002,VMR_100002_105,
,,RXP,HOLD,PD_100002,VMR_100002_106,
,,RXP,HOLD,PD_100002,VMR_100002_107,
,,RXP,HOLD,PD_100002,VMR_100002_108,
,,RXP,HOLD,PD_100002,VMR_100002_109,
,,RXP,HOLD,PD_100002,VMR_100002_110,
,,RXP,HOLD,PD_100002,VMR_100002_111,
,,RXP,HOLD,PD_100002,VMR_100002_112,
,,RXP,HOLD,PD_100002,VMR_100002_113,
,,RXP,HOLD,PD_100002,VMR_100002_114,
,,RXP,HOLD,PD_100002,VMR_100002_115,
,,RXP,HOLD,PD_100002,VMR_100002_116,
,,RXP,HOLD,PD_100002,VMR_100002_117,
,,RXP,HOLD,PD_100002,VMR_100002_118,
,,RXP,HOLD,PD_100002,VMR_100002_119,
,,RXP,HOLD,PD_100002,VMR_100002_120,
,,RXP,HOLD,PD_100002,VMR_100002_121,
,,RXP,HOLD,PD_100002,VMR_100002_122,
,,RXP,HOLD,PD_100002,VMR_100002_123,
,,RXP,HOLD,PD_100002,VMR_100002_124,
,,RXP,HOLD,PD_100002,VMR_100002_125,
,,RXP,HOLD,PD_100002,VMR_100002_126,
,,RXP,HOLD,PD_100002,VMR_100002_127,
,,RXP,HOLD,PD_100002,VMR_100002_128,
,,RXP,HOLD,PD_100002,VMR_100002_129,
,,RXP,HOLD,PD_100002,VMR_100002_130,
,,RXP,HOLD,PD_100002,VMR_100002_131,
,,RXP,HOLD,PD_100002,VMR_100002_132,
,,RXP,HOLD,PD_100002,VMR_100002_133,
,,RXP,HOLD,PD_100002,VMR_100002_134,
,,RXP,HOLD,PD_100002,VMR_100002_135,
,,RXP,HOLD,PD_100002,VMR_100002_136,
,,RXP,HOLD,PD_100002,VMR_100002_137,
,,RXP,HOLD,PD_100002,VMR_100002_138,
,,RXP,HOLD,PD_100002,VMR_100002_139,
,,RXP,HOLD,PD_100002,VMR_100002_140,
,,RXP,HOLD,PD_100002,VMR_100002_141,
,,RXP,HOLD,PD_100002,VMR_100002_142,
,,RXP,HOLD,PD_100002,VMR_100002_143,
,,RXP,HOLD,PD_100002,VMR_100002_144,
,,RXP,HOLD,PD_100002,VMR_100002_145,
,,RXP,HOLD,PD_100002,VMR_100002_146,
,,RXP,HOLD,PD_100002,VMR_100002_147,
,,RXP,HOLD,PD_100002,VMR_100002_148,
,,RXP,HOLD,PD_100002,VMR_100002_149,
,,RXP,HOLD,PD_100002,VMR_100002_150,
,,RXP,HOLD,PD_100002,VMR_100002_151,
,,RXP,HOLD,PD_100002,VMR_100002_152,
,,RXP,HOLD,PD_100002,VMR_100002_153,
,,RXP,HOLD,PD_100002,VMR_100002_154,
,,RXP,HOLD,PD_100002,VMR_100002_155,
,,RXP,HOLD,PD_100002,VMR_100002_156,
,,RXP,HOLD,PD_100002,VMR_100002_157,
,,RXP,HOLD,PD_100002,VMR_100002_158,
,,RXP,HOLD,PD_100002,VMR_100002_159,
,,RXP,HOLD,PD_100002,VMR_100002_160,
,,RXP,HOLD,PD_100002,VMR_100002_161,
,,RXP,HOLD,PD_100002,VMR_100002_162,
,,RXP,HOLD,PD_100002,VMR_100002_163,
,,RXP,HOLD,PD_100002,VMR_100002_164,
,,RXP,HOLD,PD_100002,VMR_100002_165,
,,RXP,HOLD,PD_100002,VMR_100002_166,
,,RXP,HOLD,PD_100002,VMR_100002_167,
,,RXP,HOLD,PD_100002,VMR_100002_168,
,,RXP,HOLD,PD_100002,VMR_100002_169,
,,RXP,HOLD,PD_100002,VMR_100002_170,
,,RXP,HOLD,PD_100002,VMR_100002_171,
,,RXP,HOLD,PD_100002,VMR_100002_172,
,,RXP,HOLD,PD_100002,VMR_100002_173,
,,RXP,HOLD,PD_100002,VMR_100002_174,
,,RXP,HOLD,PD_100002,VMR_100002_175,
,,RXP,HOLD,PD_100002,VMR_100002_176,
,,RXP,HOLD,PD_100002,VMR_100002_177,
,,RXP,HOLD,PD_100002,VMR_100002_178,
,,RXP,HOLD,PD_100002,VMR_100002_179,
,,RXP,HOLD,PD_100002,VMR_100002_180,
,,RXP,HOLD,PD_100002,VMR_100002_181,
,,RXP,HOLD,PD_100002,VMR_100002_182,
,,RXP,HOLD,PD_100002,VMR_100002_183,
,,RXP,HOLD,PD_100002,VMR_100002_184,
,,RXP,HOLD,PD_100002,VMR_100002_185,
,,RXP,HOLD,PD_100002,VMR_100002_186,
,,RXP,HOLD,PD_100002,VMR_100002_187,
,,RXP,HOLD,PD_100002,VMR_100002_188,
,,RXP,HOLD,PD_100002,VMR_100002_189,
,,RXP,HOLD,PD_100002,VMR_100002_190,
,,RXP,HOLD,PD_100002,VMR_100002_191,
,,RXP,HOLD,PD_100002,VMR_100002_192,
,,RXP,HOLD,PD_100002,VMR_100002_193,
,,RXP,HOLD,PD_100002,VMR_100002_194,
,,RXP,HOLD,PD_100002,VMR_100002_195,
,,RXP,HOLD,PD_100002,VMR_100002_196,
,,RXP,HOLD,PD_100002,VMR_100002_197,
,,RXP,HOLD,PD_100002,VMR_100002_198,
,,RXP,HOLD,PD_100002,VMR_100002_199,
,,RXP,HOLD,PD_100002,VMR_100002_200,
,,RXP,HOLD,PD_100002,VMR_100002_201,
,,RXP,HOLD,PD_100002,VMR_100002_202,
,,RXP,HOLD,PD_100002,VMR_100002_203,
,,RXP,HOLD,PD_100002,VMR_100002_204,
,,RXP,HOLD,PD_100002,VMR_100002_205,
,,RXP,HOLD,PD_100002,VMR_100002_206,
,,RXP,HOLD,PD_100002,VMR_100002_207,
,,RXP,HOLD,PD_100002,VMR_100002_208,
,,RXP,HOLD,PD_100002,VMR_100002_209,
,,RXP,HOLD,PD_100002,VMR_100002_210,
,,RXP,HOLD,PD_100002,VMR_100002_211,
,,RXP,HOLD,PD_100002,VMR_100002_212,
,,RXP,HOLD,PD_100002,VMR_100002_213,
,,RXP,HOLD,PD_100002,VMR_100002_214,
,,RXP,HOLD,PD_100002,VMR_100002_215,
,,RXP,HOLD,PD_100002,VMR_100002_216,
,,RXP,HOLD,PD_100002,VMR_100002_217,
,,RXP,HOLD,PD_100002,VMR_100002_218,
,,RXP,HOLD,PD_100002,VMR_100002_219,
,,RXP,HOLD,PD_100002,VMR_100002_220,
,,RXP,HOLD,PD_100002,VMR_100002_221,
,,RXP,HOLD,PD_100002,VMR_100002_222,
,,RXP,HOLD,PD_100002,VMR_100002_223,
,,RXP,HOLD,PD_100002,VMR_100002_224,
,,RXP,HOLD,PD_100002,VMR_100002_225,
,,RXP,HOLD,PD_100002,VMR_100002_226,
,,RXP,HOLD,PD_100002,VMR_100002_227,
,,RXP,HOLD,PD_100002,VMR_100002_228,
,,RXP,HOLD,PD_100002,VMR_100002_229,
,,RXP,HOLD,PD_100002,VMR_100002_230,
,,RXP,HOLD,PD_100002,VMR_100002_231,
,,RXP,HOLD,PD_100002,VMR_100002_232,
,,RXP,HOLD,PD_100002,VMR_100002_233,
,,RXP,HOLD,PD_100002,VMR_100002_234,
,,RXP,HOLD,PD_100002,VMR_100002_235,
,,RXP,HOLD,PD_100002,VMR_100002_236,
,,RXP,HOLD,PD_100002,VMR_100002_237,
,,RXP,HOLD,PD_100002,VMR_100002_238,
,,RXP,HOLD,PD_100002,VMR_100002_239,
,,RXP,HOLD,PD_100002,VMR_100002_240,
,,RXP,HOLD,PD_100002,VMR_100002_241,
,,RXP,HOLD,PD_100002,VMR_100002_242,
,,RXP,HOLD,PD_100002,VMR_100002_243,
,,RXP,HOLD,PD_100002,VMR_100002_244,
,,RXP,HOLD,PD_100002,VMR_100002_245,
,,RXP,HOLD,PD_100002,VMR_100002_246,
,,RXP,HOLD,PD_100002,VMR_100002_247,
,,RXP,HOLD,PD_100002,VMR_100002_248,
,,RXP,HOLD,PD_100002,VMR_100002_249,
,,RXP,HOLD,PD_100002,VMR_100002_250,
,,RXP,HOLD,PD_100002,VMR_100002_251,
,,RXP,HOLD,PD_100002,VMR_100002_252,
,,RXP,HOLD,PD_100002,VMR_100002_253,
,,RXP,HOLD,PD_100002,VMR_100002_254,
,,RXP,HOLD,PD_100002,VMR_100002_255,
,,RXP,HOLD,PD_100002,VMR_100002_256,
,,RXP,HOLD,PD_100002,VMR_100002_257,
,,RXP,HOLD,PD_100002,VMR_100002_258,
,,RXP,HOLD,PD_100002,VMR_100002_259,
,,RXP,HOLD,PD_100002,VMR_100002_260,
,,RXP,HOLD,PD_100002,VMR_100002_261,
,,RXP,HOLD,PD_100002,VMR_100002_262,
,,RXP,HOLD,PD_100002,VMR_100002_263,
,,RXP,HOLD,PD_100002,VMR_100002_264,
,,RXP,HOLD,PD_100002,VMR_100002_265,
,,RXP,HOLD,PD_100002,VMR_100002_266,
,,RXP,HOLD,PD_100002,VMR_100002_267,
,,RXP,HOLD,PD_100002,VMR_100002_268,
,,RXP,HOLD,PD_100002,VMR_100002_269,
,,RXP,HOLD,PD_100002,VMR_100002_270,
,,RXP,HOLD,PD_100002,VMR_100002_271,
,,RXP,HOLD,PD_100002,VMR_100002_272,
,,RXP,HOLD,PD_100002,VMR_100002_273,
,,RXP,HOLD,PD_100002,VMR_100002_274,
,,RXP,HOLD,PD_100002,VMR_100002_275,
,,RXP,HOLD,PD_100002,VMR_100002_276,
,,RXP,HOLD,PD_100002,VMR_100002_277,
,,RXP,HOLD,PD_100002,VMR_100002_278,
,,RXP,HOLD,PD_100002,VMR_100002_279,
,,RXP,HOLD,PD_100002,VMR_100002_280,
,,RXP,HOLD,PD_100002,VMR_100002_281,
,,RXP,HOLD,PD_100002,VMR_100002_282,
,,RXP,HOLD,PD_100002,VMR_100002_283,
,,RXP,HOLD,PD_100002,VMR_100002_284,
,,RXP,HOLD,PD_100002,VMR_100002_285,
,,RXP,HOLD,PD_100002,VMR_100002_286,
,,RXP,HOLD,PD_100002,VMR_100002_287,
,,RXP,HOLD,PD_100002,VMR_100002_288,
,,RXP,HOLD,PD_100002,VMR_100002_289,
,,RXP,HOLD,PD_100002,VMR_100002_290,
,,RXP,HOLD,PD_100002,VMR_100002_291,
,,RXP,HOLD,PD_100002,VMR_100002_292,
,,RXP,HOLD,PD_100002,VMR_100002_293,
,,RXP,HOLD,PD_100002,VMR_100002_294,
,,RXP,HOLD,PD_100002,VMR_100002_295,
,,RXP,HOLD,PD_100002,VMR_100002_296,
,,RXP,HOLD,PD_100002,VMR_100002_297,
,,RXP,HOLD,PD_100002,VMR_100002_298,
,,RXP,HOLD,PD_100002,VMR_100002_299,
,,RXP,HOLD,PD_100002,VMR_100002_300,
,,RXP,HOLD,PD_100002,VMR_100002_301,
,,RXP,HOLD,PD_100002,VMR_100002_302,
,,RXP,HOLD,PD_100002,VMR_100002_303,
,,RXP,HOLD,PD_100002,VMR_100002_304,
,,RXP,HOLD,PD_100002,VMR_100002_305,
,,RXP,HOLD,PD_100002,VMR_100002_306,
,,RXP,HOLD,PD_100002,VMR_100002_307,
,,RXP,HOLD,PD_100002,VMR_100002_308,
,,RXP,HOLD,PD_100002,VMR_100002_309,
,,RXP,HOLD,PD_100002,VMR_100002_310,
,,RXP,HOLD,PD_100002,VMR_100002_311,
,,RXP,HOLD,PD_100002,VMR_100002_312,
,,RXP,HOLD,PD_100002,VMR_100002_313,
,,RXP,HOLD,PD_100002,VMR_100002_314,
,,RXP,HOLD,PD_100002,VMR_100002_315,
,,RXP,HOLD,PD_100002,VMR_100002_316,
,,RXP,HOLD,PD_100002,VMR_100002_317,
,,RXP,HOLD,PD_100002,VMR_100002_318,
,,RXP,HOLD,PD_100002,VMR_100002_319,
,,RXP,HOLD,PD_100002,VMR_100002_320,
,,RXP,HOLD,PD_100002,VMR_100002_321,
,,RXP,HOLD,PD_100002,VMR_100002_322,
,,RXP,HOLD,PD_100002,VMR_100002_323,
,,RXP,HOLD,PD_100002,VMR_100002_324,
,,RXP,HOLD,PD_100002,VMR_100002_325,
,,RXP,HOLD,PD_100002,VMR_100002_326,
,,RXP,HOLD,PD_100002,VMR_100002_327,
,,RXP,HOLD,PD_100002,VMR_100002_328,
,,RXP,HOLD,PD_100002,VMR_100002_329,
,,RXP,HOLD,PD_100002,VMR_100002_330,
,,RXP,HOLD,PD_100002,VMR_100002_331,
,,RXP,HOLD,PD_100002,VMR_100002_332,
,,RXP,HOLD,PD_100002,VMR_100002_333,
,,RXP,HOLD,PD_100002,VMR_100002_334,
,,RXP,HOLD,PD_100002,VMR_100002_335,
,,RXP,HOLD,PD_100002,VMR_100002_336,
,,RXP,HOLD,PD_100002,VMR_100002_337,
,,RXP,HOLD,PD_100002,VMR_100002_338,
,,RXP,HOLD,PD_100002,VMR_100002_339,
,,RXP,HOLD,PD_100002,VMR_100002_340,
,,RXP,HOLD,PD_100002,VMR_100002_341,
,,RXP,HOLD,PD_100002,VMR_100002_342,
,,RXP,HOLD,PD_100002,VMR_100002_343,
,,RXP,HOLD,PD_100002,VMR_100002_344,
,,RXP,HOLD,PD_100002,VMR_100002_345,
,,RXP,HOLD,PD_100002,VMR_100002_346,
,,RXP,HOLD,PD_100002,VMR_100002_347,
,,RXP,HOLD,PD_100002,VMR_100002_348,
,,RXP,HOLD,PD_100002,VMR_100002_349,
,,RXP,HOLD,PD_100002,VMR_100002_350,
,,RXP,HOLD,PD_100002,VMR_100002_351,
,,RXP,HOLD,PD_100002,VMR_100002_352,
,,RXP,HOLD,PD_100002,VMR_100002_353,
,,RXP,HOLD,PD_100002,VMR_100002_354,
,,RXP,HOLD,PD_100002,VMR_100002_355,
,,RXP,HOLD,PD_100002,VMR_100002_356,
,,RXP,HOLD,PD_100002,VMR_100002_357,
,,RXP,HOLD,PD_100002,VMR_100002_358,
,,RXP,HOLD,PD_100002,VMR_100002_359,
,,RXP,HOLD,PD_100002,VMR_100002_360,
,,RXP,HOLD,PD_100002,VMR_100002_361,
,,RXP,HOLD,PD_100002,VMR_100002_362,
,,RXP,HOLD,PD_100002,VMR_100002_363,
,,RXP,HOLD,PD_100002,VMR_100002_364,
,,RXP,HOLD,PD_100002,VMR_100002_365,
,,RXP,HOLD,PD_100002,VMR_100002_366,
,,RXP,HOLD,PD_100002,VMR_100002_367,
,,RXP,HOLD,PD_100002,VMR_100002_368,
,,RXP,HOLD,PD_100002,VMR_100002_369,
,,RXP,HOLD,PD_100002,VMR_100002_370,
,,RXP,HOLD,PD_100002,VMR_100002_371,
,,RP,HOLD,PD_100002,VMR_100002_372,
,,RP,HOLD,PD_100002,VMR_100002_373,
,,RP,HOLD,PD_100002,VMR_100002_374,
,,RP,HOLD,PD_100002,VMR_100002_375,
,,RP,HOLD,PD_100002,VMR_100002_376,
,,RP,HOLD,PD_100002,VMR_100002_377,
,,RP,HOLD,PD_100002,VMR_100002_378,
,,RP,HOLD,PD_100002,VMR_100002_379,
,,RP,HOLD,PD_100002,VMR_100002_380,
,,RP,HOLD,PD_100002,VMR_100002_381,
,,RP,HOLD,PD_100002,VMR_100002_382,
,,RP,HOLD,PD_100002,VMR_100002_383,
,,RP,HOLD,PD_100002,VMR_100002_384,
,,RP,HOLD,PD_100002,VMR_100002_385,
,,RP,HOLD,PD_100002,VMR_100002_386,
,,RP,HOLD,PD_100002,VMR_100002_387,
,,RP,HOLD,PD_100002,VMR_100002_388,
,,RP,HOLD,PD_100002,VMR_100002_389,
,,RP,HOLD,PD_100002,VMR_100002_390,
,,RP,HOLD,PD_100002,VMR_100002_391,
,,RP,HOLD,PD_100002,VMR_100002_392,
,,RP,HOLD,PD_100002,VMR_100002_393,
,,RP,HOLD,PD_100002,VMR_100002_394,
,,RP,HOLD,PD_100002,VMR_100002_395,
,,RP,HOLD,PD_100002,VMR_100002_396,
,,RP,HOLD,PD_100002,VMR_100002_397,
,,RP,HOLD,PD_100002,VMR_100002_398,
,,RP,HOLD,PD_100002,VMR_100002_399,
,,RP,HOLD,PD_100002,VMR_100002_400,
,,RP,HOLD,PD_100002,VMR_100002_401,
,,RP,HOLD,PD_100002,VMR_100002_402,
,,RP,HOLD,PD_100002,VMR_100002_403,
,,RP,HOLD,PD_100002,VMR_100002_404,
,,RP,HOLD,PD_100002,VMR_100002_405,
,,RP,HOLD,PD_100002,VMR_100002_406,
,,RP,HOLD,PD_100002,VMR_100002_407,
,,RP,HOLD,PD_100002,VMR_100002_408,
,,RP,HOLD,PD_100002,VMR_100002_409,
,,RP,HOLD,PD_100002,VMR_100002_410,
,,RP,HOLD,PD_100002,VMR_100002_411,
,,RP,HOLD,PD_100002,VMR_100002_412,
,,RP,HOLD,PD_100002,VMR_100002_413,
,,RP,HOLD,PD_100002,VMR_100002_414,
,,RP,HOLD,PD_100002,VMR_100002_415,
,,RP,HOLD,PD_100002,VMR_100002_416,
,,RP,HOLD,PD_100002,VMR_100002_417,
,,RP,HOLD,PD_100002,VMR_100002_418,
,,RP,HOLD,PD_100002,VMR_100002_419,
,,RP,HOLD,PD_100002,VMR_100002_420,
,,RP,HOLD,PD_100002,VMR_100002_421,
,,RP,HOLD,PD_100002,VMR_100002_422,
,,RP,HOLD,PD_100002,VMR_100002_423,
,,RP,HOLD,PD_100002,VMR_100002_424,
,,RP,HOLD,PD_100002,VMR_100002_425,
,,RP,HOLD,PD_100002,VMR_100002_426,
,,RP,HOLD,PD_100002,VMR_100002_427,
,,RP,HOLD,PD_100002,VMR_100002_428,
,,RP,HOLD,PD_100002,VMR_100002_429,
,,RP,HOLD,PD_100002,VMR_100002_430,
,,RP,HOLD,PD_100002,VMR_100002_431,
,,RP,HOLD,PD_100002,VMR_100002_432,
,,RP,HOLD,PD_100002,VMR_100002_433,
,,RP,HOLD,PD_100002,VMR_100002_434,
,,RP,HOLD,PD_100002,VMR_100002_435,
,,RP,HOLD,PD_100002,VMR_100002_436,
,,RP,HOLD,PD_100002,VMR_100002_437,
,,RP,HOLD,PD_100002,VMR_100002_438,
,,RP,HOLD,PD_100002,VMR_100002_439,
,,RP,HOLD,PD_100002,VMR_100002_440,
,,RP,HOLD,PD_100002,VMR_100002_441,
,,RP,HOLD,PD_100002,VMR_100002_442,
,,RP,HOLD,PD_100002,VMR_100002_443,
,,RP,HOLD,PD_100002,VMR_100002_444,
,,RP,HOLD,PD_100002,VMR_100002_445,
,,RP,HOLD,PD_100002,VMR_100002_446,
,,RP,HOLD,PD_100002,VMR_100002_447,
,,RP,HOLD,PD_100002,VMR_100002_448,
,,RP,HOLD,PD_100002,VMR_100002_449,
,,RP,HOLD,PD_100002,VMR_100002_450,
,,RP,HOLD,PD_100002,VMR_100002_451,
,,RP,HOLD,PD_100002,VMR_100002_452,
,,RP,HOLD,PD_100002,VMR_100002_453,
,,RP,HOLD,PD_100002,VMR_100002_454,
,,RP,HOLD,PD_100002,VMR_100002_455,
,,RP,HOLD,PD_100002,VMR_100002_456,
,,RP,HOLD,PD_100002,VMR_100002_457,
,,RP,HOLD,PD_100002,VMR_100002_458,
,,RWP,HOLD,PD_100002,VMR_100002_459,
,,RWP,HOLD,PD_100002,VMR_100002_460,
,,RWP,HOLD,PD_100002,VMR_100002_461,
,,RWP,HOLD,PD_100002,VMR_100002_462,
,,RWP,HOLD,PD_100002,VMR_100002_463,
,,RWP,HOLD,PD_100002,VMR_100002_464,
,,RWP,HOLD,PD_100002,VMR_100002_465,
,,RWP,HOLD,PD_100002,VMR_100002_466,
,,RWP,HOLD,PD_100002,VMR_100002_467,
,,RWP,HOLD,PD_100002,VMR_100002_468,
,,RWP,HOLD,PD_100002,VMR_100002_469,
,,RWP,HOLD,PD_100002,VMR_100002_470,
,,RWP,HOLD,PD_100002,VMR_100002_471,
,,RWP,HOLD,PD_100002,VMR_100002_472,
,,RWP,HOLD,PD_100002,VMR_100002_473,
,,RWP,HOLD,PD_100002,VMR_100002_474,
,,RWP,HOLD,PD_100002,VMR_100002_475,
,,RP,HOLD,PD_100002,VMR_100002_476,
,,RP,HOLD,PD_100002,VMR_100002_477,
,,RXP,HOLD,PD_100002,VMR_100002_478,
,,RXP,HOLD,PD_100002,VMR_100002_479,
,,RXP,HOLD,PD_100002,VMR_100002_480,
,,RXP,HOLD,PD_100002,VMR_100002_481,
,,RXP,HOLD,PD_100002,VMR_100002_482,
,,RXP,HOLD,PD_100002,VMR_100002_483,
,,RXP,HOLD,PD_100002,VMR_100002_484,
,,RXP,HOLD,PD_100002,VMR_100002_485,
,,RXP,HOLD,PD_100002,VMR_100002_486,
,,RXP,HOLD,PD_100002,VMR_100002_487,
,,RXP,HOLD,PD_100002,VMR_100002_488,
,,RXP,HOLD,PD_100002,VMR_100002_489,
,,RXP,HOLD,PD_100002,VMR_100002_490,
,,RXP,HOLD,PD_100002,VMR_100002_491,
,,RXP,HOLD,PD_100002,VMR_100002_492,
,,RXP,HOLD,PD_100002,VMR_100002_493,
,,RXP,HOLD,PD_100002,VMR_100002_494,
,,RXP,HOLD,PD_100002,VMR_100002_495,
,,RXP,HOLD,PD_100002,VMR_100002_496,
,,RXP,HOLD,PD_100002,VMR_100002_497,
,,RXP,HOLD,PD_100002,VMR_100002_498,
,,RXP,HOLD,PD_100002,VMR_100002_499,
,,RXP,HOLD,PD_100002,VMR_100002_500,
,,RXP,HOLD,PD_100002,VMR_100002_501,
,,RXP,HOLD,PD_100002,VMR_100002_502,
,,RXP,HOLD,PD_100002,VMR_100002_503,
,,RXP,HOLD,PD_100002,VMR_100002_504,
,,RXP,HOLD,PD_100002,VMR_100002_505,
,,RXP,HOLD,PD_100002,VMR_100002_506,
,,RXP,HOLD,PD_100002,VMR_100002_507,
,,RXP,HOLD,PD_100002,VMR_100002_508,
,,RP,HOLD,PD_100002,VMR_100002_509,
,,RP,HOLD,PD_100002,VMR_100002_510,
,,RP,HOLD,PD_100002,VMR_100002_511,
,,RP,HOLD,PD_100002,VMR_100002_512,
,,RP,HOLD,PD_100002,VMR_100002_513,
,,RP,HOLD,PD_100002,VMR_100002_514,
,,RP,HOLD,PD_100002,VMR_100002_515,
,,RP,HOLD,PD_100002,VMR_100002_516,
,,RP,HOLD,PD_100002,VMR_100002_517,
,,RP,HOLD,PD_100002,VMR_100002_518,
,,RP,HOLD,PD_100002,VMR_100002_519,
,,RP,HOLD,PD_100002,VMR_100002_520,
,,RP,HOLD,PD_100002,VMR_100002_521,
,,RWP,HOLD,PD_100002,VMR_100002_522,
,,RWP,HOLD,PD_100002,VMR_100002_523,
,,RWP,HOLD,PD_100002,VMR_100002_524,
,,RWP,HOLD,PD_100002,VMR_100002_525,
,,RWP,HOLD,PD_100002,VMR_100002_526,
,,RWP,HOLD,PD_100002,VMR_100002_527,
,,RWP,HOLD,PD_100002,VMR_100002_528,
,,RWP,HOLD,PD_100002,VMR_100002_529,
,,RWP,HOLD,PD_100002,VMR_100002_530,
,,RWP,HOLD,PD_100002,VMR_100002_531,
,,RWP,HOLD,PD_100002,VMR_100002_532,
,,RWP,HOLD,PD_100002,VMR_100002_533,
,,RWP,HOLD,PD_100002,VMR_100002_534,
,,RWP,HOLD,PD_100002,VMR_100002_535,
,,RWP,HOLD,PD_100002,VMR_100002_536,
,,RWP,HOLD,PD_100002,VMR_100002_537,
,,RWP,HOLD,PD_100002,VMR_100002_538,
,,RWP,HOLD,PD_100002,VMR_100002_539,
,,RWP,HOLD,PD_100002,VMR_100002_540,
,,RWP,HOLD,PD_100002,VMR_100002_541,
,,RWP,HOLD,PD_100002,VMR_100002_542,
,,RWP,HOLD,PD_100002,VMR_100002_543,
,,RWP,HOLD,PD_100002,VMR_100002_544,
,,RWP,HOLD,PD_100002,VMR_100002_545,
,,RWP,HOLD,PD_100002,VMR_100002_546,
,,RWP,HOLD,PD_100002,VMR_100002_547,
,,RWP,HOLD,PD_100002,VMR_100002_548,
,,RWP,HOLD,PD_100002,VMR_100002_549,
,,RWP,HOLD,PD_100002,VMR_100002_550,
,,RWP,HOLD,PD_100002,VMR_100002_551,
,,RWP,HOLD,PD_100002,VMR_100002_552,
,,RWP,HOLD,PD_100002,VMR_100002_553,
,,RWP,HOLD,PD_100002,VMR_100002_554,
,,RWP,HOLD,PD_100002,VMR_100002_555,
,,RWP,HOLD,PD_100002,VMR_100002_556,
,,RP,HOLD,PD_100002,VMR_100002_557,
,,RP,HOLD,PD_100002,VMR_100002_558,
,,RP,HOLD,PD_100002,VMR_100002_559,
,,RP,HOLD,PD_100002,VMR_100002_560,
,,RXP,HOLD,PD_100002,VMR_100002_561,
,,RXP,HOLD,PD_100002,VMR_100002_562,
,,NONE,MAP,VMR_SPACE_100002,MO_SPACE_100001,
,,NONE,SUBSET,VMR_100002_1,VMR_SPACE_100002,
,,NONE,MAP,VMR_100002_1,MO_100001_2,
,,NONE,SUBSET,VMR_100002_2,VMR_SPACE_100002,
,,NONE,MAP,VMR_100002_2,MO_100001_3,
,,NONE,SUBSET,VMR_100002_3,VMR_SPACE_100002,
,,NONE,MAP,VMR_100002_3,MO_100001_4,
,,NONE,SUBSET,VMR_100002_4,VMR_SPACE_100002,
,,NONE,MAP,VMR_100002_4,MO_100001_10,
,,NONE,SUBSET,VMR_100002_5,VMR_SPACE_100002,
,,NONE,MAP,VMR_100002_5,MO_100001_5,
,,NONE,SUBSET,VMR_100002_6,VMR_SPACE_100002,
,,NONE,MAP,VMR_100002_6,MO_100001_26,
,,NONE,SUBSET,VMR_100002_7,VMR_SPACE_100002,
,,NONE,MAP,VMR_100002_7,MO_100001_27,
,,NONE,SUBSET,VMR_100002_8,VMR_SPACE_100002,
,,NONE,SUBSET,VMR_100002_9,VMR_SPACE_100002,
,,NONE,SUBSET,VMR_100002_10,VMR_SPACE_100002,
,,NONE,SUBSET,VMR_100002_11,VMR_SPACE_100002,
,,NONE,SUBSET,VMR_100002_12,VMR_SPACE_100002,
,,NONE,SUBSET,VMR_100002_13,VMR_SPACE_100002,
,,NONE,SUBSET,VMR_100002_14,VMR_SPACE_100002,
,,NONE,SUBSET,VMR_100002_15,VMR_SPACE_100002,
,,NONE,SUBSET,VMR_100002_16,VMR_SPACE_100002,
,,NONE,SUBSET,VMR_100002_17,VMR_SPACE_100002,
,,NONE,SUBSET,VMR_100002_18,VMR_SPACE_100002,
,,NONE,SUBSET,VMR_100002_19,VMR_SPACE_100002,
,,NONE,SUBSET,VMR_100002_20,VMR_SPACE_100002,
,,NONE,SUBSET,VMR_100002_21,VMR_SPACE_100002,
,,NONE,SUBSET,VMR_100002_22,VMR_SPACE_100002,
,,NONE,SUBSET,VMR_100002_23,VMR_SPACE_100002,
,,NONE,SUBSET,VMR_100002_24,VMR_SPACE_100002,
,,NONE,SUBSET,VMR_100002_25,VMR_SPACE_100002,
,,NONE,SUBSET,VMR_100002_26,VMR_SPACE_100002,
,,NONE,SUBSET,VMR_100002_27,VMR_SPACE_100002,
,,NONE,SUBSET,VMR_100002_28,VMR_SPACE_100002,
,,NONE,SUBSET,VMR_100002_29,VMR_SPACE_100002,
,,NONE,SUBSET,VMR_100002_30,VMR_SPACE_100002,
,,NONE,SUBSET,VMR_100002_31,VMR_SPACE_100002,
,,NONE,SUBSET,VMR_100002_32,VMR_SPACE_100002,
,,NONE,SUBSET,VMR_100002_33,VMR_SPACE_100002,
,,NONE,SUBSET,VMR_100002_34,VMR_SPACE_100002,
,,NONE,SUBSET,VMR_100002_35,VMR_SPACE_100002,
,,NONE,SUBSET,VMR_100002_36,VMR_SPACE_100002,
,,NONE,SUBSET,VMR_100002_37,VMR_SPACE_100002,
,,NONE,SUBSET,VMR_100002_38,VMR_SPACE_100002,
,,NONE,SUBSET,VMR_100002_39,VMR_SPACE_100002,
,,NONE,MAP,VMR_100002_39,MO_100001_16,
,,NONE,SUBSET,VMR_100002_40,VMR_SPACE_100002,
,,NONE,SUBSET,VMR_100002_41,VMR_SPACE_100002,
,,NONE,MAP,VMR_100002_41,MO_100001_28,
,,NONE,SUBSET,VMR_100002_42,VMR_SPACE_100002,
,,NONE,MAP,VMR_100002_42,MO_100001_29,
,,NONE,SUBSET,VMR_100002_43,VMR_SPACE_100002,
,,NONE,MAP,VMR_100002_43,MO_100001_30,
,,NONE,SUBSET,VMR_100002_44,VMR_SPACE_100002,
,,NONE,MAP,VMR_100002_44,MO_100001_31,
,,NONE,SUBSET,VMR_100002_45,VMR_SPACE_100002,
,,NONE,MAP,VMR_100002_45,MO_100001_166,
,,NONE,SUBSET,VMR_100002_46,VMR_SPACE_100002,
,,NONE,MAP,VMR_100002_46,MO_100001_167,
,,NONE,SUBSET,VMR_100002_47,VMR_SPACE_100002,
,,NONE,MAP,VMR_100002_47,MO_100001_168,
,,NONE,SUBSET,VMR_100002_48,VMR_SPACE_100002,
,,NONE,MAP,VMR_100002_48,MO_100001_169,
,,NONE,SUBSET,VMR_100002_49,VMR_SPACE_100002,
,,NONE,MAP,VMR_100002_49,MO_100001_208,
,,NONE,SUBSET,VMR_100002_50,VMR_SPACE_100002,
,,NONE,MAP,VMR_100002_50,MO_100001_209,
,,NONE,SUBSET,VMR_100002_51,VMR_SPACE_100002,
,,NONE,MAP,VMR_100002_51,MO_100001_210,
,,NONE,SUBSET,VMR_100002_52,VMR_SPACE_100002,
,,NONE,MAP,VMR_100002_52,MO_100001_211,
,,NONE,SUBSET,VMR_100002_53,VMR_SPACE_100002,
,,NONE,MAP,VMR_100002_53,MO_100001_196,
,,NONE,SUBSET,VMR_100002_54,VMR_SPACE_100002,
,,NONE,MAP,VMR_100002_54,MO_100001_197,
,,NONE,SUBSET,VMR_100002_55,VMR_SPACE_100002,
,,NONE,MAP,VMR_100002_55,MO_100001_127,
,,NONE,SUBSET,VMR_100002_56,VMR_SPACE_100002,
,,NONE,MAP,VMR_100002_56,MO_100001_128,
,,NONE,SUBSET,VMR_100002_57,VMR_SPACE_100002,
,,NONE,MAP,VMR_100002_57,MO_100001_170,
,,NONE,SUBSET,VMR_100002_58,VMR_SPACE_100002,
,,NONE,MAP,VMR_100002_58,MO_100001_171,
,,NONE,SUBSET,VMR_100002_59,VMR_SPACE_100002,
,,NONE,MAP,VMR_100002_59,MO_100001_172,
,,NONE,SUBSET,VMR_100002_60,VMR_SPACE_100002,
,,NONE,MAP,VMR_100002_60,MO_100001_173,
,,NONE,SUBSET,VMR_100002_61,VMR_SPACE_100002,
,,NONE,MAP,VMR_100002_61,MO_100001_174,
,,NONE,SUBSET,VMR_100002_62,VMR_SPACE_100002,
,,NONE,MAP,VMR_100002_62,MO_100001_175,
,,NONE,SUBSET,VMR_100002_63,VMR_SPACE_100002,
,,NONE,MAP,VMR_100002_63,MO_100001_176,
,,NONE,SUBSET,VMR_100002_64,VMR_SPACE_100002,
,,NONE,MAP,VMR_100002_64,MO_100001_177,
,,NONE,SUBSET,VMR_100002_65,VMR_SPACE_100002,
,,NONE,MAP,VMR_100002_65,MO_100001_32,
,,NONE,SUBSET,VMR_100002_66,VMR_SPACE_100002,
,,NONE,MAP,VMR_100002_66,MO_100001_33,
,,NONE,SUBSET,VMR_100002_67,VMR_SPACE_100002,
,,NONE,MAP,VMR_100002_67,MO_100001_34,
,,NONE,SUBSET,VMR_100002_68,VMR_SPACE_100002,
,,NONE,MAP,VMR_100002_68,MO_100001_35,
,,NONE,SUBSET,VMR_100002_69,VMR_SPACE_100002,
,,NONE,MAP,VMR_100002_69,MO_100001_36,
,,NONE,SUBSET,VMR_100002_70,VMR_SPACE_100002,
,,NONE,MAP,VMR_100002_70,MO_100001_37,
,,NONE,SUBSET,VMR_100002_71,VMR_SPACE_100002,
,,NONE,MAP,VMR_100002_71,MO_100001_38,
,,NONE,SUBSET,VMR_100002_72,VMR_SPACE_100002,
,,NONE,MAP,VMR_100002_72,MO_100001_39,
,,NONE,SUBSET,VMR_100002_73,VMR_SPACE_100002,
,,NONE,MAP,VMR_100002_73,MO_100001_40,
,,NONE,SUBSET,VMR_100002_74,VMR_SPACE_100002,
,,NONE,MAP,VMR_100002_74,MO_100001_41,
,,NONE,SUBSET,VMR_100002_75,VMR_SPACE_100002,
,,NONE,MAP,VMR_100002_75,MO_100001_42,
,,NONE,SUBSET,VMR_100002_76,VMR_SPACE_100002,
,,NONE,MAP,VMR_100002_76,MO_100001_43,
,,NONE,SUBSET,VMR_100002_77,VMR_SPACE_100002,
,,NONE,MAP,VMR_100002_77,MO_100001_44,
,,NONE,SUBSET,VMR_100002_78,VMR_SPACE_100002,
,,NONE,MAP,VMR_100002_78,MO_100001_45,
,,NONE,SUBSET,VMR_100002_79,VMR_SPACE_100002,
,,NONE,MAP,VMR_100002_79,MO_100001_46,
,,NONE,SUBSET,VMR_100002_80,VMR_SPACE_100002,
,,NONE,MAP,VMR_100002_80,MO_100001_47,
,,NONE,SUBSET,VMR_100002_81,VMR_SPACE_100002,
,,NONE,MAP,VMR_100002_81,MO_100001_212,
,,NONE,SUBSET,VMR_100002_82,VMR_SPACE_100002,
,,NONE,MAP,VMR_100002_82,MO_100001_213,
,,NONE,SUBSET,VMR_100002_83,VMR_SPACE_100002,
,,NONE,MAP,VMR_100002_83,MO_100001_214,
,,NONE,SUBSET,VMR_100002_84,VMR_SPACE_100002,
,,NONE,MAP,VMR_100002_84,MO_100001_215,
,,NONE,SUBSET,VMR_100002_85,VMR_SPACE_100002,
,,NONE,MAP,VMR_100002_85,MO_100001_216,
,,NONE,SUBSET,VMR_100002_86,VMR_SPACE_100002,
,,NONE,MAP,VMR_100002_86,MO_100001_217,
,,NONE,SUBSET,VMR_100002_87,VMR_SPACE_100002,
,,NONE,SUBSET,VMR_100002_88,VMR_SPACE_100002,
,,NONE,MAP,VMR_100002_88,MO_100001_48,
,,NONE,SUBSET,VMR_100002_89,VMR_SPACE_100002,
,,NONE,MAP,VMR_100002_89,MO_100001_49,
,,NONE,SUBSET,VMR_100002_90,VMR_SPACE_100002,
,,NONE,MAP,VMR_100002_90,MO_100001_50,
,,NONE,SUBSET,VMR_100002_91,VMR_SPACE_100002,
,,NONE,MAP,VMR_100002_91,MO_100001_178,
,,NONE,SUBSET,VMR_100002_92,VMR_SPACE_100002,
,,NONE,MAP,VMR_100002_92,MO_100001_179,
,,NONE,SUBSET,VMR_100002_93,VMR_SPACE_100002,
,,NONE,MAP,VMR_100002_93,MO_100001_180,
,,NONE,SUBSET,VMR_100002_94,VMR_SPACE_100002,
,,NONE,MAP,VMR_100002_94,MO_100001_181,
,,NONE,SUBSET,VMR_100002_95,VMR_SPACE_100002,
,,NONE,MAP,VMR_100002_95,MO_100001_182,
,,NONE,SUBSET,VMR_100002_96,VMR_SPACE_100002,
,,NONE,MAP,VMR_100002_96,MO_100001_183,
,,NONE,SUBSET,VMR_100002_97,VMR_SPACE_100002,
,,NONE,MAP,VMR_100002_97,MO_100001_184,
,,NONE,SUBSET,VMR_100002_98,VMR_SPACE_100002,
,,NONE,MAP,VMR_100002_98,MO_100001_185,
,,NONE,SUBSET,VMR_100002_99,VMR_SPACE_100002,
,,NONE,MAP,VMR_100002_99,MO_100001_186,
,,NONE,SUBSET,VMR_100002_100,VMR_SPACE_100002,
,,NONE,MAP,VMR_100002_100,MO_100001_187,
,,NONE,SUBSET,VMR_100002_101,VMR_SPACE_100002,
,,NONE,MAP,VMR_100002_101,MO_100001_188,
,,NONE,SUBSET,VMR_100002_102,VMR_SPACE_100002,
,,NONE,MAP,VMR_100002_102,MO_100001_189,
,,NONE,SUBSET,VMR_100002_103,VMR_SPACE_100002,
,,NONE,MAP,VMR_100002_103,MO_100001_190,
,,NONE,SUBSET,VMR_100002_104,VMR_SPACE_100002,
,,NONE,MAP,VMR_100002_104,MO_100001_191,
,,NONE,SUBSET,VMR_100002_105,VMR_SPACE_100002,
,,NONE,MAP,VMR_100002_105,MO_100001_192,
,,NONE,SUBSET,VMR_100002_106,VMR_SPACE_100002,
,,NONE,MAP,VMR_100002_106,MO_100001_193,
,,NONE,SUBSET,VMR_100002_107,VMR_SPACE_100002,
,,NONE,MAP,VMR_100002_107,MO_100001_194,
,,NONE,SUBSET,VMR_100002_108,VMR_SPACE_100002,
,,NONE,MAP,VMR_100002_108,MO_100001_195,
,,NONE,SUBSET,VMR_100002_109,VMR_SPACE_100002,
,,NONE,SUBSET,VMR_100002_110,VMR_SPACE_100002,
,,NONE,SUBSET,VMR_100002_111,VMR_SPACE_100002,
,,NONE,SUBSET,VMR_100002_112,VMR_SPACE_100002,
,,NONE,SUBSET,VMR_100002_113,VMR_SPACE_100002,
,,NONE,SUBSET,VMR_100002_114,VMR_SPACE_100002,
,,NONE,SUBSET,VMR_100002_115,VMR_SPACE_100002,
,,NONE,SUBSET,VMR_100002_116,VMR_SPACE_100002,
,,NONE,SUBSET,VMR_100002_117,VMR_SPACE_100002,
,,NONE,SUBSET,VMR_100002_118,VMR_SPACE_100002,
,,NONE,SUBSET,VMR_100002_119,VMR_SPACE_100002,
,,NONE,SUBSET,VMR_100002_120,VMR_SPACE_100002,
,,NONE,SUBSET,VMR_100002_121,VMR_SPACE_100002,
,,NONE,SUBSET,VMR_100002_122,VMR_SPACE_100002,
,,NONE,SUBSET,VMR_100002_123,VMR_SPACE_100002,
,,NONE,SUBSET,VMR_100002_124,VMR_SPACE_100002,
,,NONE,SUBSET,VMR_100002_125,VMR_SPACE_100002,
,,NONE,MAP,VMR_100002_125,MO_100001_130,
,,NONE,SUBSET,VMR_100002_126,VMR_SPACE_100002,
,,NONE,MAP,VMR_100002_126,MO_100001_131,
,,NONE,SUBSET,VMR_100002_127,VMR_SPACE_100002,
,,NONE,MAP,VMR_100002_127,MO_100001_132,
,,NONE,SUBSET,VMR_100002_128,VMR_SPACE_100002,
,,NONE,MAP,VMR_100002_128,MO_100001_133,
,,NONE,SUBSET,VMR_100002_129,VMR_SPACE_100002,
,,NONE,MAP,VMR_100002_129,MO_100001_134,
,,NONE,SUBSET,VMR_100002_130,VMR_SPACE_100002,
,,NONE,MAP,VMR_100002_130,MO_100001_135,
,,NONE,SUBSET,VMR_100002_131,VMR_SPACE_100002,
,,NONE,MAP,VMR_100002_131,MO_100001_234,
,,NONE,SUBSET,VMR_100002_132,VMR_SPACE_100002,
,,NONE,MAP,VMR_100002_132,MO_100001_235,
,,NONE,SUBSET,VMR_100002_133,VMR_SPACE_100002,
,,NONE,MAP,VMR_100002_133,MO_100001_236,
,,NONE,SUBSET,VMR_100002_134,VMR_SPACE_100002,
,,NONE,MAP,VMR_100002_134,MO_100001_237,
,,NONE,SUBSET,VMR_100002_135,VMR_SPACE_100002,
,,NONE,MAP,VMR_100002_135,MO_100001_238,
,,NONE,SUBSET,VMR_100002_136,VMR_SPACE_100002,
,,NONE,MAP,VMR_100002_136,MO_100001_239,
,,NONE,SUBSET,VMR_100002_137,VMR_SPACE_100002,
,,NONE,MAP,VMR_100002_137,MO_100001_240,
,,NONE,SUBSET,VMR_100002_138,VMR_SPACE_100002,
,,NONE,MAP,VMR_100002_138,MO_100001_241,
,,NONE,SUBSET,VMR_100002_139,VMR_SPACE_100002,
,,NONE,MAP,VMR_100002_139,MO_100001_242,
,,NONE,SUBSET,VMR_100002_140,VMR_SPACE_100002,
,,NONE,MAP,VMR_100002_140,MO_100001_243,
,,NONE,SUBSET,VMR_100002_141,VMR_SPACE_100002,
,,NONE,MAP,VMR_100002_141,MO_100001_244,
,,NONE,SUBSET,VMR_100002_142,VMR_SPACE_100002,
,,NONE,MAP,VMR_100002_142,MO_100001_245,
,,NONE,SUBSET,VMR_100002_143,VMR_SPACE_100002,
,,NONE,MAP,VMR_100002_143,MO_100001_246,
,,NONE,SUBSET,VMR_100002_144,VMR_SPACE_100002,
,,NONE,MAP,VMR_100002_144,MO_100001_247,
,,NONE,SUBSET,VMR_100002_145,VMR_SPACE_100002,
,,NONE,MAP,VMR_100002_145,MO_100001_248,
,,NONE,SUBSET,VMR_100002_146,VMR_SPACE_100002,
,,NONE,MAP,VMR_100002_146,MO_100001_249,
,,NONE,SUBSET,VMR_100002_147,VMR_SPACE_100002,
,,NONE,MAP,VMR_100002_147,MO_100001_129,
,,NONE,SUBSET,VMR_100002_148,VMR_SPACE_100002,
,,NONE,MAP,VMR_100002_148,MO_100001_136,
,,NONE,SUBSET,VMR_100002_149,VMR_SPACE_100002,
,,NONE,MAP,VMR_100002_149,MO_100001_137,
,,NONE,SUBSET,VMR_100002_150,VMR_SPACE_100002,
,,NONE,MAP,VMR_100002_150,MO_100001_138,
,,NONE,SUBSET,VMR_100002_151,VMR_SPACE_100002,
,,NONE,MAP,VMR_100002_151,MO_100001_139,
,,NONE,SUBSET,VMR_100002_152,VMR_SPACE_100002,
,,NONE,MAP,VMR_100002_152,MO_100001_140,
,,NONE,SUBSET,VMR_100002_153,VMR_SPACE_100002,
,,NONE,MAP,VMR_100002_153,MO_100001_141,
,,NONE,SUBSET,VMR_100002_154,VMR_SPACE_100002,
,,NONE,MAP,VMR_100002_154,MO_100001_142,
,,NONE,SUBSET,VMR_100002_155,VMR_SPACE_100002,
,,NONE,MAP,VMR_100002_155,MO_100001_143,
,,NONE,SUBSET,VMR_100002_156,VMR_SPACE_100002,
,,NONE,MAP,VMR_100002_156,MO_100001_144,
,,NONE,SUBSET,VMR_100002_157,VMR_SPACE_100002,
,,NONE,MAP,VMR_100002_157,MO_100001_145,
,,NONE,SUBSET,VMR_100002_158,VMR_SPACE_100002,
,,NONE,MAP,VMR_100002_158,MO_100001_146,
,,NONE,SUBSET,VMR_100002_159,VMR_SPACE_100002,
,,NONE,MAP,VMR_100002_159,MO_100001_147,
,,NONE,SUBSET,VMR_100002_160,VMR_SPACE_100002,
,,NONE,MAP,VMR_100002_160,MO_100001_148,
,,NONE,SUBSET,VMR_100002_161,VMR_SPACE_100002,
,,NONE,MAP,VMR_100002_161,MO_100001_149,
,,NONE,SUBSET,VMR_100002_162,VMR_SPACE_100002,
,,NONE,MAP,VMR_100002_162,MO_100001_150,
,,NONE,SUBSET,VMR_100002_163,VMR_SPACE_100002,
,,NONE,MAP,VMR_100002_163,MO_100001_151,
,,NONE,SUBSET,VMR_100002_164,VMR_SPACE_100002,
,,NONE,MAP,VMR_100002_164,MO_100001_152,
,,NONE,SUBSET,VMR_100002_165,VMR_SPACE_100002,
,,NONE,MAP,VMR_100002_165,MO_100001_153,
,,NONE,SUBSET,VMR_100002_166,VMR_SPACE_100002,
,,NONE,MAP,VMR_100002_166,MO_100001_154,
,,NONE,SUBSET,VMR_100002_167,VMR_SPACE_100002,
,,NONE,MAP,VMR_100002_167,MO_100001_155,
,,NONE,SUBSET,VMR_100002_168,VMR_SPACE_100002,
,,NONE,MAP,VMR_100002_168,MO_100001_156,
,,NONE,SUBSET,VMR_100002_169,VMR_SPACE_100002,
,,NONE,MAP,VMR_100002_169,MO_100001_157,
,,NONE,SUBSET,VMR_100002_170,VMR_SPACE_100002,
,,NONE,MAP,VMR_100002_170,MO_100001_158,
,,NONE,SUBSET,VMR_100002_171,VMR_SPACE_100002,
,,NONE,MAP,VMR_100002_171,MO_100001_159,
,,NONE,SUBSET,VMR_100002_172,VMR_SPACE_100002,
,,NONE,MAP,VMR_100002_172,MO_100001_198,
,,NONE,SUBSET,VMR_100002_173,VMR_SPACE_100002,
,,NONE,MAP,VMR_100002_173,MO_100001_250,
,,NONE,SUBSET,VMR_100002_174,VMR_SPACE_100002,
,,NONE,MAP,VMR_100002_174,MO_100001_251,
,,NONE,SUBSET,VMR_100002_175,VMR_SPACE_100002,
,,NONE,MAP,VMR_100002_175,MO_100001_252,
,,NONE,SUBSET,VMR_100002_176,VMR_SPACE_100002,
,,NONE,MAP,VMR_100002_176,MO_100001_253,
,,NONE,SUBSET,VMR_100002_177,VMR_SPACE_100002,
,,NONE,MAP,VMR_100002_177,MO_100001_254,
,,NONE,SUBSET,VMR_100002_178,VMR_SPACE_100002,
,,NONE,MAP,VMR_100002_178,MO_100001_255,
,,NONE,SUBSET,VMR_100002_179,VMR_SPACE_100002,
,,NONE,MAP,VMR_100002_179,MO_100001_256,
,,NONE,SUBSET,VMR_100002_180,VMR_SPACE_100002,
,,NONE,MAP,VMR_100002_180,MO_100001_257,
,,NONE,SUBSET,VMR_100002_181,VMR_SPACE_100002,
,,NONE,MAP,VMR_100002_181,MO_100001_258,
,,NONE,SUBSET,VMR_100002_182,VMR_SPACE_100002,
,,NONE,MAP,VMR_100002_182,MO_100001_259,
,,NONE,SUBSET,VMR_100002_183,VMR_SPACE_100002,
,,NONE,MAP,VMR_100002_183,MO_100001_260,
,,NONE,SUBSET,VMR_100002_184,VMR_SPACE_100002,
,,NONE,MAP,VMR_100002_184,MO_100001_261,
,,NONE,SUBSET,VMR_100002_185,VMR_SPACE_100002,
,,NONE,MAP,VMR_100002_185,MO_100001_262,
,,NONE,SUBSET,VMR_100002_186,VMR_SPACE_100002,
,,NONE,MAP,VMR_100002_186,MO_100001_263,
,,NONE,SUBSET,VMR_100002_187,VMR_SPACE_100002,
,,NONE,MAP,VMR_100002_187,MO_100001_264,
,,NONE,SUBSET,VMR_100002_188,VMR_SPACE_100002,
,,NONE,MAP,VMR_100002_188,MO_100001_265,
,,NONE,SUBSET,VMR_100002_189,VMR_SPACE_100002,
,,NONE,MAP,VMR_100002_189,MO_100001_266,
,,NONE,SUBSET,VMR_100002_190,VMR_SPACE_100002,
,,NONE,MAP,VMR_100002_190,MO_100001_267,
,,NONE,SUBSET,VMR_100002_191,VMR_SPACE_100002,
,,NONE,MAP,VMR_100002_191,MO_100001_268,
,,NONE,SUBSET,VMR_100002_192,VMR_SPACE_100002,
,,NONE,MAP,VMR_100002_192,MO_100001_269,
,,NONE,SUBSET,VMR_100002_193,VMR_SPACE_100002,
,,NONE,MAP,VMR_100002_193,MO_100001_270,
,,NONE,SUBSET,VMR_100002_194,VMR_SPACE_100002,
,,NONE,MAP,VMR_100002_194,MO_100001_271,
,,NONE,SUBSET,VMR_100002_195,VMR_SPACE_100002,
,,NONE,MAP,VMR_100002_195,MO_100001_272,
,,NONE,SUBSET,VMR_100002_196,VMR_SPACE_100002,
,,NONE,SUBSET,VMR_100002_197,VMR_SPACE_100002,
,,NONE,MAP,VMR_100002_197,MO_100001_273,
,,NONE,SUBSET,VMR_100002_198,VMR_SPACE_100002,
,,NONE,MAP,VMR_100002_198,MO_100001_274,
,,NONE,SUBSET,VMR_100002_199,VMR_SPACE_100002,
,,NONE,MAP,VMR_100002_199,MO_100001_275,
,,NONE,SUBSET,VMR_100002_200,VMR_SPACE_100002,
,,NONE,MAP,VMR_100002_200,MO_100001_276,
,,NONE,SUBSET,VMR_100002_201,VMR_SPACE_100002,
,,NONE,MAP,VMR_100002_201,MO_100001_277,
,,NONE,SUBSET,VMR_100002_202,VMR_SPACE_100002,
,,NONE,MAP,VMR_100002_202,MO_100001_278,
,,NONE,SUBSET,VMR_100002_203,VMR_SPACE_100002,
,,NONE,MAP,VMR_100002_203,MO_100001_279,
,,NONE,SUBSET,VMR_100002_204,VMR_SPACE_100002,
,,NONE,MAP,VMR_100002_204,MO_100001_218,
,,NONE,SUBSET,VMR_100002_205,VMR_SPACE_100002,
,,NONE,MAP,VMR_100002_205,MO_100001_219,
,,NONE,SUBSET,VMR_100002_206,VMR_SPACE_100002,
,,NONE,MAP,VMR_100002_206,MO_100001_220,
,,NONE,SUBSET,VMR_100002_207,VMR_SPACE_100002,
,,NONE,MAP,VMR_100002_207,MO_100001_221,
,,NONE,SUBSET,VMR_100002_208,VMR_SPACE_100002,
,,NONE,MAP,VMR_100002_208,MO_100001_222,
,,NONE,SUBSET,VMR_100002_209,VMR_SPACE_100002,
,,NONE,MAP,VMR_100002_209,MO_100001_223,
,,NONE,SUBSET,VMR_100002_210,VMR_SPACE_100002,
,,NONE,MAP,VMR_100002_210,MO_100001_224,
,,NONE,SUBSET,VMR_100002_211,VMR_SPACE_100002,
,,NONE,MAP,VMR_100002_211,MO_100001_225,
,,NONE,SUBSET,VMR_100002_212,VMR_SPACE_100002,
,,NONE,MAP,VMR_100002_212,MO_100001_226,
,,NONE,SUBSET,VMR_100002_213,VMR_SPACE_100002,
,,NONE,MAP,VMR_100002_213,MO_100001_227,
,,NONE,SUBSET,VMR_100002_214,VMR_SPACE_100002,
,,NONE,MAP,VMR_100002_214,MO_100001_228,
,,NONE,SUBSET,VMR_100002_215,VMR_SPACE_100002,
,,NONE,MAP,VMR_100002_215,MO_100001_229,
,,NONE,SUBSET,VMR_100002_216,VMR_SPACE_100002,
,,NONE,MAP,VMR_100002_216,MO_100001_230,
,,NONE,SUBSET,VMR_100002_217,VMR_SPACE_100002,
,,NONE,MAP,VMR_100002_217,MO_100001_231,
,,NONE,SUBSET,VMR_100002_218,VMR_SPACE_100002,
,,NONE,SUBSET,VMR_100002_219,VMR_SPACE_100002,
,,NONE,MAP,VMR_100002_219,MO_100001_232,
,,NONE,SUBSET,VMR_100002_220,VMR_SPACE_100002,
,,NONE,MAP,VMR_100002_220,MO_100001_233,
,,NONE,SUBSET,VMR_100002_221,VMR_SPACE_100002,
,,NONE,SUBSET,VMR_100002_222,VMR_SPACE_100002,
,,NONE,SUBSET,VMR_100002_223,VMR_SPACE_100002,
,,NONE,SUBSET,VMR_100002_224,VMR_SPACE_100002,
,,NONE,SUBSET,VMR_100002_225,VMR_SPACE_100002,
,,NONE,SUBSET,VMR_100002_226,VMR_SPACE_100002,
,,NONE,SUBSET,VMR_100002_227,VMR_SPACE_100002,
,,NONE,SUBSET,VMR_100002_228,VMR_SPACE_100002,
,,NONE,SUBSET,VMR_100002_229,VMR_SPACE_100002,
,,NONE,SUBSET,VMR_100002_230,VMR_SPACE_100002,
,,NONE,SUBSET,VMR_100002_231,VMR_SPACE_100002,
,,NONE,SUBSET,VMR_100002_232,VMR_SPACE_100002,
,,NONE,SUBSET,VMR_100002_233,VMR_SPACE_100002,
,,NONE,SUBSET,VMR_100002_234,VMR_SPACE_100002,
,,NONE,SUBSET,VMR_100002_235,VMR_SPACE_100002,
,,NONE,SUBSET,VMR_100002_236,VMR_SPACE_100002,
,,NONE,SUBSET,VMR_100002_237,VMR_SPACE_100002,
,,NONE,MAP,VMR_100002_237,MO_100001_199,
,,NONE,SUBSET,VMR_100002_238,VMR_SPACE_100002,
,,NONE,MAP,VMR_100002_238,MO_100001_200,
,,NONE,SUBSET,VMR_100002_239,VMR_SPACE_100002,
,,NONE,MAP,VMR_100002_239,MO_100001_201,
,,NONE,SUBSET,VMR_100002_240,VMR_SPACE_100002,
,,NONE,MAP,VMR_100002_240,MO_100001_202,
,,NONE,SUBSET,VMR_100002_241,VMR_SPACE_100002,
,,NONE,MAP,VMR_100002_241,MO_100001_203,
,,NONE,SUBSET,VMR_100002_242,VMR_SPACE_100002,
,,NONE,MAP,VMR_100002_242,MO_100001_204,
,,NONE,SUBSET,VMR_100002_243,VMR_SPACE_100002,
,,NONE,MAP,VMR_100002_243,MO_100001_205,
,,NONE,SUBSET,VMR_100002_244,VMR_SPACE_100002,
,,NONE,MAP,VMR_100002_244,MO_100001_206,
,,NONE,SUBSET,VMR_100002_245,VMR_SPACE_100002,
,,NONE,MAP,VMR_100002_245,MO_100001_207,
,,NONE,SUBSET,VMR_100002_246,VMR_SPACE_100002,
,,NONE,MAP,VMR_100002_246,MO_100001_160,
,,NONE,SUBSET,VMR_100002_247,VMR_SPACE_100002,
,,NONE,MAP,VMR_100002_247,MO_100001_161,
,,NONE,SUBSET,VMR_100002_248,VMR_SPACE_100002,
,,NONE,MAP,VMR_100002_248,MO_100001_162,
,,NONE,SUBSET,VMR_100002_249,VMR_SPACE_100002,
,,NONE,MAP,VMR_100002_249,MO_100001_163,
,,NONE,SUBSET,VMR_100002_250,VMR_SPACE_100002,
,,NONE,MAP,VMR_100002_250,MO_100001_164,
,,NONE,SUBSET,VMR_100002_251,VMR_SPACE_100002,
,,NONE,MAP,VMR_100002_251,MO_100001_165,
,,NONE,SUBSET,VMR_100002_252,VMR_SPACE_100002,
,,NONE,MAP,VMR_100002_252,MO_100001_81,
,,NONE,SUBSET,VMR_100002_253,VMR_SPACE_100002,
,,NONE,SUBSET,VMR_100002_254,VMR_SPACE_100002,
,,NONE,SUBSET,VMR_100002_255,VMR_SPACE_100002,
,,NONE,SUBSET,VMR_100002_256,VMR_SPACE_100002,
,,NONE,SUBSET,VMR_100002_257,VMR_SPACE_100002,
,,NONE,SUBSET,VMR_100002_258,VMR_SPACE_100002,
,,NONE,SUBSET,VMR_100002_259,VMR_SPACE_100002,
,,NONE,SUBSET,VMR_100002_260,VMR_SPACE_100002,
,,NONE,SUBSET,VMR_100002_261,VMR_SPACE_100002,
,,NONE,SUBSET,VMR_100002_262,VMR_SPACE_100002,
,,NONE,SUBSET,VMR_100002_263,VMR_SPACE_100002,
,,NONE,SUBSET,VMR_100002_264,VMR_SPACE_100002,
,,NONE,SUBSET,VMR_100002_265,VMR_SPACE_100002,
,,NONE,SUBSET,VMR_100002_266,VMR_SPACE_100002,
,,NONE,SUBSET,VMR_100002_267,VMR_SPACE_100002,
,,NONE,SUBSET,VMR_100002_268,VMR_SPACE_100002,
,,NONE,SUBSET,VMR_100002_269,VMR_SPACE_100002,
,,NONE,SUBSET,VMR_100002_270,VMR_SPACE_100002,
,,NONE,SUBSET,VMR_100002_271,VMR_SPACE_100002,
,,NONE,SUBSET,VMR_100002_272,VMR_SPACE_100002,
,,NONE,SUBSET,VMR_100002_273,VMR_SPACE_100002,
,,NONE,SUBSET,VMR_100002_274,VMR_SPACE_100002,
,,NONE,SUBSET,VMR_100002_275,VMR_SPACE_100002,
,,NONE,SUBSET,VMR_100002_276,VMR_SPACE_100002,
,,NONE,SUBSET,VMR_100002_277,VMR_SPACE_100002,
,,NONE,SUBSET,VMR_100002_278,VMR_SPACE_100002,
,,NONE,SUBSET,VMR_100002_279,VMR_SPACE_100002,
,,NONE,SUBSET,VMR_100002_280,VMR_SPACE_100002,
,,NONE,SUBSET,VMR_100002_281,VMR_SPACE_100002,
,,NONE,SUBSET,VMR_100002_282,VMR_SPACE_100002,
,,NONE,SUBSET,VMR_100002_283,VMR_SPACE_100002,
,,NONE,SUBSET,VMR_100002_284,VMR_SPACE_100002,
,,NONE,SUBSET,VMR_100002_285,VMR_SPACE_100002,
,,NONE,SUBSET,VMR_100002_286,VMR_SPACE_100002,
,,NONE,SUBSET,VMR_100002_287,VMR_SPACE_100002,
,,NONE,SUBSET,VMR_100002_288,VMR_SPACE_100002,
,,NONE,SUBSET,VMR_100002_289,VMR_SPACE_100002,
,,NONE,SUBSET,VMR_100002_290,VMR_SPACE_100002,
,,NONE,SUBSET,VMR_100002_291,VMR_SPACE_100002,
,,NONE,SUBSET,VMR_100002_292,VMR_SPACE_100002,
,,NONE,SUBSET,VMR_100002_293,VMR_SPACE_100002,
,,NONE,SUBSET,VMR_100002_294,VMR_SPACE_100002,
,,NONE,SUBSET,VMR_100002_295,VMR_SPACE_100002,
,,NONE,SUBSET,VMR_100002_296,VMR_SPACE_100002,
,,NONE,SUBSET,VMR_100002_297,VMR_SPACE_100002,
,,NONE,SUBSET,VMR_100002_298,VMR_SPACE_100002,
,,NONE,SUBSET,VMR_100002_299,VMR_SPACE_100002,
,,NONE,SUBSET,VMR_100002_300,VMR_SPACE_100002,
,,NONE,SUBSET,VMR_100002_301,VMR_SPACE_100002,
,,NONE,MAP,VMR_100002_301,MO_100001_66,
,,NONE,SUBSET,VMR_100002_302,VMR_SPACE_100002,
,,NONE,MAP,VMR_100002_302,MO_100001_67,
,,NONE,SUBSET,VMR_100002_303,VMR_SPACE_100002,
,,NONE,MAP,VMR_100002_303,MO_100001_68,
,,NONE,SUBSET,VMR_100002_304,VMR_SPACE_100002,
,,NONE,MAP,VMR_100002_304,MO_100001_69,
,,NONE,SUBSET,VMR_100002_305,VMR_SPACE_100002,
,,NONE,MAP,VMR_100002_305,MO_100001_70,
,,NONE,SUBSET,VMR_100002_306,VMR_SPACE_100002,
,,NONE,MAP,VMR_100002_306,MO_100001_71,
,,NONE,SUBSET,VMR_100002_307,VMR_SPACE_100002,
,,NONE,MAP,VMR_100002_307,MO_100001_72,
,,NONE,SUBSET,VMR_100002_308,VMR_SPACE_100002,
,,NONE,MAP,VMR_100002_308,MO_100001_73,
,,NONE,SUBSET,VMR_100002_309,VMR_SPACE_100002,
,,NONE,MAP,VMR_100002_309,MO_100001_74,
,,NONE,SUBSET,VMR_100002_310,VMR_SPACE_100002,
,,NONE,MAP,VMR_100002_310,MO_100001_75,
,,NONE,SUBSET,VMR_100002_311,VMR_SPACE_100002,
,,NONE,MAP,VMR_100002_311,MO_100001_76,
,,NONE,SUBSET,VMR_100002_312,VMR_SPACE_100002,
,,NONE,SUBSET,VMR_100002_313,VMR_SPACE_100002,
,,NONE,MAP,VMR_100002_313,MO_100001_77,
,,NONE,SUBSET,VMR_100002_314,VMR_SPACE_100002,
,,NONE,MAP,VMR_100002_314,MO_100001_78,
,,NONE,SUBSET,VMR_100002_315,VMR_SPACE_100002,
,,NONE,MAP,VMR_100002_315,MO_100001_79,
,,NONE,SUBSET,VMR_100002_316,VMR_SPACE_100002,
,,NONE,MAP,VMR_100002_316,MO_100001_80,
,,NONE,SUBSET,VMR_100002_317,VMR_SPACE_100002,
,,NONE,SUBSET,VMR_100002_318,VMR_SPACE_100002,
,,NONE,SUBSET,VMR_100002_319,VMR_SPACE_100002,
,,NONE,SUBSET,VMR_100002_320,VMR_SPACE_100002,
,,NONE,SUBSET,VMR_100002_321,VMR_SPACE_100002,
,,NONE,SUBSET,VMR_100002_322,VMR_SPACE_100002,
,,NONE,SUBSET,VMR_100002_323,VMR_SPACE_100002,
,,NONE,SUBSET,VMR_100002_324,VMR_SPACE_100002,
,,NONE,SUBSET,VMR_100002_325,VMR_SPACE_100002,
,,NONE,SUBSET,VMR_100002_326,VMR_SPACE_100002,
,,NONE,SUBSET,VMR_100002_327,VMR_SPACE_100002,
,,NONE,SUBSET,VMR_100002_328,VMR_SPACE_100002,
,,NONE,SUBSET,VMR_100002_329,VMR_SPACE_100002,
,,NONE,SUBSET,VMR_100002_330,VMR_SPACE_100002,
,,NONE,SUBSET,VMR_100002_331,VMR_SPACE_100002,
,,NONE,SUBSET,VMR_100002_332,VMR_SPACE_100002,
,,NONE,SUBSET,VMR_100002_333,VMR_SPACE_100002,
,,NONE,SUBSET,VMR_100002_334,VMR_SPACE_100002,
,,NONE,SUBSET,VMR_100002_335,VMR_SPACE_100002,
,,NONE,SUBSET,VMR_100002_336,VMR_SPACE_100002,
,,NONE,SUBSET,VMR_100002_337,VMR_SPACE_100002,
,,NONE,SUBSET,VMR_100002_338,VMR_SPACE_100002,
,,NONE,SUBSET,VMR_100002_339,VMR_SPACE_100002,
,,NONE,SUBSET,VMR_100002_340,VMR_SPACE_100002,
,,NONE,SUBSET,VMR_100002_341,VMR_SPACE_100002,
,,NONE,SUBSET,VMR_100002_342,VMR_SPACE_100002,
,,NONE,SUBSET,VMR_100002_343,VMR_SPACE_100002,
,,NONE,SUBSET,VMR_100002_344,VMR_SPACE_100002,
,,NONE,SUBSET,VMR_100002_345,VMR_SPACE_100002,
,,NONE,SUBSET,VMR_100002_346,VMR_SPACE_100002,
,,NONE,SUBSET,VMR_100002_347,VMR_SPACE_100002,
,,NONE,SUBSET,VMR_100002_348,VMR_SPACE_100002,
,,NONE,SUBSET,VMR_100002_349,VMR_SPACE_100002,
,,NONE,SUBSET,VMR_100002_350,VMR_SPACE_100002,
,,NONE,SUBSET,VMR_100002_351,VMR_SPACE_100002,
,,NONE,SUBSET,VMR_100002_352,VMR_SPACE_100002,
,,NONE,SUBSET,VMR_100002_353,VMR_SPACE_100002,
,,NONE,SUBSET,VMR_100002_354,VMR_SPACE_100002,
,,NONE,SUBSET,VMR_100002_355,VMR_SPACE_100002,
,,NONE,SUBSET,VMR_100002_356,VMR_SPACE_100002,
,,NONE,SUBSET,VMR_100002_357,VMR_SPACE_100002,
,,NONE,SUBSET,VMR_100002_358,VMR_SPACE_100002,
,,NONE,SUBSET,VMR_100002_359,VMR_SPACE_100002,
,,NONE,SUBSET,VMR_100002_360,VMR_SPACE_100002,
,,NONE,SUBSET,VMR_100002_361,VMR_SPACE_100002,
,,NONE,SUBSET,VMR_100002_362,VMR_SPACE_100002,
,,NONE,SUBSET,VMR_100002_363,VMR_SPACE_100002,
,,NONE,SUBSET,VMR_100002_364,VMR_SPACE_100002,
,,NONE,SUBSET,VMR_100002_365,VMR_SPACE_100002,
,,NONE,SUBSET,VMR_100002_366,VMR_SPACE_100002,
,,NONE,SUBSET,VMR_100002_367,VMR_SPACE_100002,
,,NONE,SUBSET,VMR_100002_368,VMR_SPACE_100002,
,,NONE,SUBSET,VMR_100002_369,VMR_SPACE_100002,
,,NONE,SUBSET,VMR_100002_370,VMR_SPACE_100002,
,,NONE,SUBSET,VMR_100002_371,VMR_SPACE_100002,
,,NONE,SUBSET,VMR_100002_372,VMR_SPACE_100002,
,,NONE,SUBSET,VMR_100002_373,VMR_SPACE_100002,
,,NONE,SUBSET,VMR_100002_374,VMR_SPACE_100002,
,,NONE,SUBSET,VMR_100002_375,VMR_SPACE_100002,
,,NONE,SUBSET,VMR_100002_376,VMR_SPACE_100002,
,,NONE,SUBSET,VMR_100002_377,VMR_SPACE_100002,
,,NONE,SUBSET,VMR_100002_378,VMR_SPACE_100002,
,,NONE,SUBSET,VMR_100002_379,VMR_SPACE_100002,
,,NONE,SUBSET,VMR_100002_380,VMR_SPACE_100002,
,,NONE,SUBSET,VMR_100002_381,VMR_SPACE_100002,
,,NONE,SUBSET,VMR_100002_382,VMR_SPACE_100002,
,,NONE,SUBSET,VMR_100002_383,VMR_SPACE_100002,
,,NONE,SUBSET,VMR_100002_384,VMR_SPACE_100002,
,,NONE,SUBSET,VMR_100002_385,VMR_SPACE_100002,
,,NONE,SUBSET,VMR_100002_386,VMR_SPACE_100002,
,,NONE,SUBSET,VMR_100002_387,VMR_SPACE_100002,
,,NONE,SUBSET,VMR_100002_388,VMR_SPACE_100002,
,,NONE,SUBSET,VMR_100002_389,VMR_SPACE_100002,
,,NONE,SUBSET,VMR_100002_390,VMR_SPACE_100002,
,,NONE,SUBSET,VMR_100002_391,VMR_SPACE_100002,
,,NONE,SUBSET,VMR_100002_392,VMR_SPACE_100002,
,,NONE,SUBSET,VMR_100002_393,VMR_SPACE_100002,
,,NONE,SUBSET,VMR_100002_394,VMR_SPACE_100002,
,,NONE,SUBSET,VMR_100002_395,VMR_SPACE_100002,
,,NONE,SUBSET,VMR_100002_396,VMR_SPACE_100002,
,,NONE,SUBSET,VMR_100002_397,VMR_SPACE_100002,
,,NONE,MAP,VMR_100002_397,MO_100001_51,
,,NONE,SUBSET,VMR_100002_398,VMR_SPACE_100002,
,,NONE,MAP,VMR_100002_398,MO_100001_52,
,,NONE,SUBSET,VMR_100002_399,VMR_SPACE_100002,
,,NONE,MAP,VMR_100002_399,MO_100001_53,
,,NONE,SUBSET,VMR_100002_400,VMR_SPACE_100002,
,,NONE,MAP,VMR_100002_400,MO_100001_54,
,,NONE,SUBSET,VMR_100002_401,VMR_SPACE_100002,
,,NONE,MAP,VMR_100002_401,MO_100001_55,
,,NONE,SUBSET,VMR_100002_402,VMR_SPACE_100002,
,,NONE,MAP,VMR_100002_402,MO_100001_56,
,,NONE,SUBSET,VMR_100002_403,VMR_SPACE_100002,
,,NONE,MAP,VMR_100002_403,MO_100001_57,
,,NONE,SUBSET,VMR_100002_404,VMR_SPACE_100002,
,,NONE,MAP,VMR_100002_404,MO_100001_58,
,,NONE,SUBSET,VMR_100002_405,VMR_SPACE_100002,
,,NONE,MAP,VMR_100002_405,MO_100001_59,
,,NONE,SUBSET,VMR_100002_406,VMR_SPACE_100002,
,,NONE,MAP,VMR_100002_406,MO_100001_60,
,,NONE,SUBSET,VMR_100002_407,VMR_SPACE_100002,
,,NONE,MAP,VMR_100002_407,MO_100001_61,
,,NONE,SUBSET,VMR_100002_408,VMR_SPACE_100002,
,,NONE,SUBSET,VMR_100002_409,VMR_SPACE_100002,
,,NONE,MAP,VMR_100002_409,MO_100001_62,
,,NONE,SUBSET,VMR_100002_410,VMR_SPACE_100002,
,,NONE,MAP,VMR_100002_410,MO_100001_63,
,,NONE,SUBSET,VMR_100002_411,VMR_SPACE_100002,
,,NONE,MAP,VMR_100002_411,MO_100001_64,
,,NONE,SUBSET,VMR_100002_412,VMR_SPACE_100002,
,,NONE,MAP,VMR_100002_412,MO_100001_65,
,,NONE,SUBSET,VMR_100002_413,VMR_SPACE_100002,
,,NONE,SUBSET,VMR_100002_414,VMR_SPACE_100002,
,,NONE,SUBSET,VMR_100002_415,VMR_SPACE_100002,
,,NONE,SUBSET,VMR_100002_416,VMR_SPACE_100002,
,,NONE,SUBSET,VMR_100002_417,VMR_SPACE_100002,
,,NONE,SUBSET,VMR_100002_418,VMR_SPACE_100002,
,,NONE,SUBSET,VMR_100002_419,VMR_SPACE_100002,
,,NONE,SUBSET,VMR_100002_420,VMR_SPACE_100002,
,,NONE,SUBSET,VMR_100002_421,VMR_SPACE_100002,
,,NONE,SUBSET,VMR_100002_422,VMR_SPACE_100002,
,,NONE,SUBSET,VMR_100002_423,VMR_SPACE_100002,
,,NONE,SUBSET,VMR_100002_424,VMR_SPACE_100002,
,,NONE,SUBSET,VMR_100002_425,VMR_SPACE_100002,
,,NONE,SUBSET,VMR_100002_426,VMR_SPACE_100002,
,,NONE,SUBSET,VMR_100002_427,VMR_SPACE_100002,
,,NONE,SUBSET,VMR_100002_428,VMR_SPACE_100002,
,,NONE,SUBSET,VMR_100002_429,VMR_SPACE_100002,
,,NONE,SUBSET,VMR_100002_430,VMR_SPACE_100002,
,,NONE,SUBSET,VMR_100002_431,VMR_SPACE_100002,
,,NONE,SUBSET,VMR_100002_432,VMR_SPACE_100002,
,,NONE,SUBSET,VMR_100002_433,VMR_SPACE_100002,
,,NONE,SUBSET,VMR_100002_434,VMR_SPACE_100002,
,,NONE,SUBSET,VMR_100002_435,VMR_SPACE_100002,
,,NONE,SUBSET,VMR_100002_436,VMR_SPACE_100002,
,,NONE,SUBSET,VMR_100002_437,VMR_SPACE_100002,
,,NONE,SUBSET,VMR_100002_438,VMR_SPACE_100002,
,,NONE,SUBSET,VMR_100002_439,VMR_SPACE_100002,
,,NONE,SUBSET,VMR_100002_440,VMR_SPACE_100002,
,,NONE,SUBSET,VMR_100002_441,VMR_SPACE_100002,
,,NONE,SUBSET,VMR_100002_442,VMR_SPACE_100002,
,,NONE,SUBSET,VMR_100002_443,VMR_SPACE_100002,
,,NONE,SUBSET,VMR_100002_444,VMR_SPACE_100002,
,,NONE,SUBSET,VMR_100002_445,VMR_SPACE_100002,
,,NONE,SUBSET,VMR_100002_446,VMR_SPACE_100002,
,,NONE,SUBSET,VMR_100002_447,VMR_SPACE_100002,
,,NONE,SUBSET,VMR_100002_448,VMR_SPACE_100002,
,,NONE,SUBSET,VMR_100002_449,VMR_SPACE_100002,
,,NONE,SUBSET,VMR_100002_450,VMR_SPACE_100002,
,,NONE,SUBSET,VMR_100002_451,VMR_SPACE_100002,
,,NONE,SUBSET,VMR_100002_452,VMR_SPACE_100002,
,,NONE,SUBSET,VMR_100002_453,VMR_SPACE_100002,
,,NONE,SUBSET,VMR_100002_454,VMR_SPACE_100002,
,,NONE,SUBSET,VMR_100002_455,VMR_SPACE_100002,
,,NONE,MAP,VMR_100002_455,MO_100001_17,
,,NONE,SUBSET,VMR_100002_456,VMR_SPACE_100002,
,,NONE,MAP,VMR_100002_456,MO_100001_18,
,,NONE,SUBSET,VMR_100002_457,VMR_SPACE_100002,
,,NONE,MAP,VMR_100002_457,MO_100001_19,
,,NONE,SUBSET,VMR_100002_458,VMR_SPACE_100002,
,,NONE,MAP,VMR_100002_458,MO_100001_14,
,,NONE,SUBSET,VMR_100002_459,VMR_SPACE_100002,
,,NONE,MAP,VMR_100002_459,MO_100001_20,
,,NONE,SUBSET,VMR_100002_460,VMR_SPACE_100002,
,,NONE,MAP,VMR_100002_460,MO_100001_13,
,,NONE,SUBSET,VMR_100002_461,VMR_SPACE_100002,
,,NONE,MAP,VMR_100002_461,MO_100001_25,
,,NONE,SUBSET,VMR_100002_462,VMR_SPACE_100002,
,,NONE,SUBSET,VMR_100002_463,VMR_SPACE_100002,
,,NONE,SUBSET,VMR_100002_464,VMR_SPACE_100002,
,,NONE,SUBSET,VMR_100002_465,VMR_SPACE_100002,
,,NONE,MAP,VMR_100002_465,MO_100001_24,
,,NONE,SUBSET,VMR_100002_466,VMR_SPACE_100002,
,,NONE,MAP,VMR_100002_466,MO_100001_21,
,,NONE,SUBSET,VMR_100002_467,VMR_SPACE_100002,
,,NONE,MAP,VMR_100002_467,MO_100001_23,
,,NONE,SUBSET,VMR_100002_468,VMR_SPACE_100002,
,,NONE,SUBSET,VMR_100002_469,VMR_SPACE_100002,
,,NONE,SUBSET,VMR_100002_470,VMR_SPACE_100002,
,,NONE,SUBSET,VMR_100002_471,VMR_SPACE_100002,
,,NONE,SUBSET,VMR_100002_472,VMR_SPACE_100002,
,,NONE,SUBSET,VMR_100002_473,VMR_SPACE_100002,
,,NONE,MAP,VMR_100002_473,MO_100001_22,
,,NONE,SUBSET,VMR_100002_474,VMR_SPACE_100002,
,,NONE,MAP,VMR_100002_474,MO_100001_12,
,,NONE,SUBSET,VMR_100002_475,VMR_SPACE_100002,
,,NONE,MAP,VMR_100002_475,MO_100001_15,
,,NONE,SUBSET,VMR_100002_476,VMR_SPACE_100002,
,,NONE,MAP,VMR_100002_476,MO_100001_126,
,,NONE,SUBSET,VMR_100002_477,VMR_SPACE_100002,
,,NONE,MAP,VMR_100002_477,MO_100001_125,
,,NONE,SUBSET,VMR_100002_478,VMR_SPACE_100002,
,,NONE,MAP,VMR_100002_478,MO_100001_124,
,,NONE,SUBSET,VMR_100002_479,VMR_SPACE_100002,
,,NONE,MAP,VMR_100002_479,MO_100001_123,
,,NONE,SUBSET,VMR_100002_480,VMR_SPACE_100002,
,,NONE,MAP,VMR_100002_480,MO_100001_122,
,,NONE,SUBSET,VMR_100002_481,VMR_SPACE_100002,
,,NONE,MAP,VMR_100002_481,MO_100001_121,
,,NONE,SUBSET,VMR_100002_482,VMR_SPACE_100002,
,,NONE,MAP,VMR_100002_482,MO_100001_120,
,,NONE,SUBSET,VMR_100002_483,VMR_SPACE_100002,
,,NONE,MAP,VMR_100002_483,MO_100001_119,
,,NONE,SUBSET,VMR_100002_484,VMR_SPACE_100002,
,,NONE,MAP,VMR_100002_484,MO_100001_118,
,,NONE,SUBSET,VMR_100002_485,VMR_SPACE_100002,
,,NONE,MAP,VMR_100002_485,MO_100001_117,
,,NONE,SUBSET,VMR_100002_486,VMR_SPACE_100002,
,,NONE,MAP,VMR_100002_486,MO_100001_116,
,,NONE,SUBSET,VMR_100002_487,VMR_SPACE_100002,
,,NONE,MAP,VMR_100002_487,MO_100001_115,
,,NONE,SUBSET,VMR_100002_488,VMR_SPACE_100002,
,,NONE,MAP,VMR_100002_488,MO_100001_100,
,,NONE,SUBSET,VMR_100002_489,VMR_SPACE_100002,
,,NONE,MAP,VMR_100002_489,MO_100001_99,
,,NONE,SUBSET,VMR_100002_490,VMR_SPACE_100002,
,,NONE,MAP,VMR_100002_490,MO_100001_98,
,,NONE,SUBSET,VMR_100002_491,VMR_SPACE_100002,
,,NONE,MAP,VMR_100002_491,MO_100001_97,
,,NONE,SUBSET,VMR_100002_492,VMR_SPACE_100002,
,,NONE,MAP,VMR_100002_492,MO_100001_96,
,,NONE,SUBSET,VMR_100002_493,VMR_SPACE_100002,
,,NONE,MAP,VMR_100002_493,MO_100001_95,
,,NONE,SUBSET,VMR_100002_494,VMR_SPACE_100002,
,,NONE,MAP,VMR_100002_494,MO_100001_94,
,,NONE,SUBSET,VMR_100002_495,VMR_SPACE_100002,
,,NONE,MAP,VMR_100002_495,MO_100001_93,
,,NONE,SUBSET,VMR_100002_496,VMR_SPACE_100002,
,,NONE,MAP,VMR_100002_496,MO_100001_92,
,,NONE,SUBSET,VMR_100002_497,VMR_SPACE_100002,
,,NONE,MAP,VMR_100002_497,MO_100001_91,
,,NONE,SUBSET,VMR_100002_498,VMR_SPACE_100002,
,,NONE,MAP,VMR_100002_498,MO_100001_90,
,,NONE,SUBSET,VMR_100002_499,VMR_SPACE_100002,
,,NONE,MAP,VMR_100002_499,MO_100001_89,
,,NONE,SUBSET,VMR_100002_500,VMR_SPACE_100002,
,,NONE,MAP,VMR_100002_500,MO_100001_88,
,,NONE,SUBSET,VMR_100002_501,VMR_SPACE_100002,
,,NONE,MAP,VMR_100002_501,MO_100001_87,
,,NONE,SUBSET,VMR_100002_502,VMR_SPACE_100002,
,,NONE,MAP,VMR_100002_502,MO_100001_86,
,,NONE,SUBSET,VMR_100002_503,VMR_SPACE_100002,
,,NONE,MAP,VMR_100002_503,MO_100001_85,
,,NONE,SUBSET,VMR_100002_504,VMR_SPACE_100002,
,,NONE,MAP,VMR_100002_504,MO_100001_84,
,,NONE,SUBSET,VMR_100002_505,VMR_SPACE_100002,
,,NONE,MAP,VMR_100002_505,MO_100001_83,
,,NONE,SUBSET,VMR_100002_506,VMR_SPACE_100002,
,,NONE,MAP,VMR_100002_506,MO_100001_82,
,,NONE,SUBSET,VMR_100002_507,VMR_SPACE_100002,
,,NONE,MAP,VMR_100002_507,MO_100001_114,
,,NONE,SUBSET,VMR_100002_508,VMR_SPACE_100002,
,,NONE,MAP,VMR_100002_508,MO_100001_113,
,,NONE,SUBSET,VMR_100002_509,VMR_SPACE_100002,
,,NONE,MAP,VMR_100002_509,MO_100001_112,
,,NONE,SUBSET,VMR_100002_510,VMR_SPACE_100002,
,,NONE,MAP,VMR_100002_510,MO_100001_111,
,,NONE,SUBSET,VMR_100002_511,VMR_SPACE_100002,
,,NONE,MAP,VMR_100002_511,MO_100001_110,
,,NONE,SUBSET,VMR_100002_512,VMR_SPACE_100002,
,,NONE,MAP,VMR_100002_512,MO_100001_109,
,,NONE,SUBSET,VMR_100002_513,VMR_SPACE_100002,
,,NONE,MAP,VMR_100002_513,MO_100001_108,
,,NONE,SUBSET,VMR_100002_514,VMR_SPACE_100002,
,,NONE,MAP,VMR_100002_514,MO_100001_107,
,,NONE,SUBSET,VMR_100002_515,VMR_SPACE_100002,
,,NONE,MAP,VMR_100002_515,MO_100001_106,
,,NONE,SUBSET,VMR_100002_516,VMR_SPACE_100002,
,,NONE,MAP,VMR_100002_516,MO_100001_105,
,,NONE,SUBSET,VMR_100002_517,VMR_SPACE_100002,
,,NONE,MAP,VMR_100002_517,MO_100001_104,
,,NONE,SUBSET,VMR_100002_518,VMR_SPACE_100002,
,,NONE,MAP,VMR_100002_518,MO_100001_103,
,,NONE,SUBSET,VMR_100002_519,VMR_SPACE_100002,
,,NONE,MAP,VMR_100002_519,MO_100001_102,
,,NONE,SUBSET,VMR_100002_520,VMR_SPACE_100002,
,,NONE,MAP,VMR_100002_520,MO_100001_9,
,,NONE,SUBSET,VMR_100002_521,VMR_SPACE_100002,
,,NONE,MAP,VMR_100002_521,MO_100001_8,
,,NONE,SUBSET,VMR_100002_522,VMR_SPACE_100002,
,,NONE,MAP,VMR_100002_522,MO_100001_7,
,,NONE,SUBSET,VMR_100002_523,VMR_SPACE_100002,
,,NONE,MAP,VMR_100002_523,MO_100001_6,
,,NONE,SUBSET,VMR_100002_524,VMR_SPACE_100002,
,,NONE,SUBSET,VMR_100002_525,VMR_SPACE_100002,
,,NONE,SUBSET,VMR_100002_526,VMR_SPACE_100002,
,,NONE,SUBSET,VMR_100002_527,VMR_SPACE_100002,
,,NONE,SUBSET,VMR_100002_528,VMR_SPACE_100002,
,,NONE,SUBSET,VMR_100002_529,VMR_SPACE_100002,
,,NONE,SUBSET,VMR_100002_530,VMR_SPACE_100002,
,,NONE,SUBSET,VMR_100002_531,VMR_SPACE_100002,
,,NONE,SUBSET,VMR_100002_532,VMR_SPACE_100002,
,,NONE,SUBSET,VMR_100002_533,VMR_SPACE_100002,
,,NONE,SUBSET,VMR_100002_534,VMR_SPACE_100002,
,,NONE,SUBSET,VMR_100002_535,VMR_SPACE_100002,
,,NONE,SUBSET,VMR_100002_536,VMR_SPACE_100002,
,,NONE,SUBSET,VMR_100002_537,VMR_SPACE_100002,
,,NONE,SUBSET,VMR_100002_538,VMR_SPACE_100002,
,,NONE,SUBSET,VMR_100002_539,VMR_SPACE_100002,
,,NONE,SUBSET,VMR_100002_540,VMR_SPACE_100002,
,,NONE,SUBSET,VMR_100002_541,VMR_SPACE_100002,
,,NONE,SUBSET,VMR_100002_542,VMR_SPACE_100002,
,,NONE,SUBSET,VMR_100002_543,VMR_SPACE_100002,
,,NONE,SUBSET,VMR_100002_544,VMR_SPACE_100002,
,,NONE,SUBSET,VMR_100002_545,VMR_SPACE_100002,
,,NONE,SUBSET,VMR_100002_546,VMR_SPACE_100002,
,,NONE,SUBSET,VMR_100002_547,VMR_SPACE_100002,
,,NONE,SUBSET,VMR_100002_548,VMR_SPACE_100002,
,,NONE,SUBSET,VMR_100002_549,VMR_SPACE_100002,
,,NONE,SUBSET,VMR_100002_550,VMR_SPACE_100002,
,,NONE,SUBSET,VMR_100002_551,VMR_SPACE_100002,
,,NONE,SUBSET,VMR_100002_552,VMR_SPACE_100002,
,,NONE,SUBSET,VMR_100002_553,VMR_SPACE_100002,
,,NONE,SUBSET,VMR_100002_554,VMR_SPACE_100002,
,,NONE,SUBSET,VMR_100002_555,VMR_SPACE_100002,
,,NONE,MAP,VMR_100002_555,MO_100001_11,
,,NONE,SUBSET,VMR_100002_556,VMR_SPACE_100002,
,,NONE,MAP,VMR_100002_556,MO_100001_1,
,,NONE,SUBSET,VMR_100002_557,VMR_SPACE_100002,
,,NONE,SUBSET,VMR_100002_558,VMR_SPACE_100002,
,,NONE,SUBSET,VMR_100002_559,VMR_SPACE_100002,
,,NONE,SUBSET,VMR_100002_560,VMR_SPACE_100002,
,,NONE,SUBSET,VMR_100002_561,VMR_SPACE_100002,
,,NONE,MAP,VMR_100002_561,MO_100001_101,
,,NONE,SUBSET,VMR_100002_562,VMR_SPACE_100002,
