NODE_TYPE,NODE_ID,DATA,EDGE_TYPE,EDGE_FROM,EDGE_TO,EXTRA
PD,PD_1,Kernel,,,,
RESOURCE_SPACE,MO_SPACE_1,MO,,,,
RESOURCE,MO_1_1,MO,,,,"{""pa"": 6862024704, ""num_pages"": 1, ""page_size"": 4096}"
RESOURCE,MO_1_2,MO,,,,"{""pa"": 6885322752, ""num_pages"": 1, ""page_size"": 4096}"
RESOURCE,MO_1_3,MO,,,,"{""pa"": 6904422400, ""num_pages"": 2, ""page_size"": 4096}"
RESOURCE,MO_1_4,MO,,,,"{""pa"": 6907969536, ""num_pages"": 2, ""page_size"": 4096}"
RESOURCE,MO_1_5,MO,,,,"{""pa"": 6907977728, ""num_pages"": 2, ""page_size"": 4096}"
RESOURCE,MO_1_6,MO,,,,"{""pa"": 6931251200, ""num_pages"": 1, ""page_size"": 4096}"
RESOURCE,MO_1_7,MO,,,,"{""pa"": 6975205376, ""num_pages"": 1, ""page_size"": 4096}"
RESOURCE,MO_1_8,MO,,,,"{""pa"": 6975217664, ""num_pages"": 1, ""page_size"": 4096}"
RESOURCE,MO_1_9,MO,,,,"{""pa"": 6991245312, ""num_pages"": 1, ""page_size"": 4096}"
RESOURCE,MO_1_10,MO,,,,"{""pa"": 7031848960, ""num_pages"": 4, ""page_size"": 4096}"
RESOURCE,MO_1_11,MO,,,,"{""pa"": 7037329408, ""num_pages"": 1, ""page_size"": 4096}"
RESOURCE,MO_1_12,MO,,,,"{""pa"": 7042080768, ""num_pages"": 1, ""page_size"": 4096}"
RESOURCE,MO_1_13,MO,,,,"{""pa"": 7053033472, ""num_pages"": 1, ""page_size"": 4096}"
RESOURCE,MO_1_14,MO,,,,"{""pa"": 7056531456, ""num_pages"": 1, ""page_size"": 4096}"
RESOURCE,MO_1_15,MO,,,,"{""pa"": 7062708224, ""num_pages"": 2, ""page_size"": 4096}"
RESOURCE,MO_1_16,MO,,,,"{""pa"": 7064354816, ""num_pages"": 3, ""page_size"": 4096}"
RESOURCE,MO_1_17,MO,,,,"{""pa"": 7066189824, ""num_pages"": 2, ""page_size"": 4096}"
RESOURCE,MO_1_18,MO,,,,"{""pa"": 7083261952, ""num_pages"": 1, ""page_size"": 4096}"
RESOURCE,MO_1_19,MO,,,,"{""pa"": 7083319296, ""num_pages"": 1, ""page_size"": 4096}"
RESOURCE,MO_1_20,MO,,,,"{""pa"": 7083331584, ""num_pages"": 1, ""page_size"": 4096}"
RESOURCE,MO_1_21,MO,,,,"{""pa"": 7085080576, ""num_pages"": 2, ""page_size"": 4096}"
RESOURCE,MO_1_22,MO,,,,"{""pa"": 7085506560, ""num_pages"": 1, ""page_size"": 4096}"
RESOURCE,MO_1_23,MO,,,,"{""pa"": 7085629440, ""num_pages"": 1, ""page_size"": 4096}"
RESOURCE,MO_1_24,MO,,,,"{""pa"": 7093731328, ""num_pages"": 4, ""page_size"": 4096}"
RESOURCE,MO_1_25,MO,,,,"{""pa"": 7106355200, ""num_pages"": 2, ""page_size"": 4096}"
RESOURCE,MO_1_26,MO,,,,"{""pa"": 7110033408, ""num_pages"": 1, ""page_size"": 4096}"
RESOURCE,MO_1_27,MO,,,,"{""pa"": 7110037504, ""num_pages"": 1, ""page_size"": 4096}"
RESOURCE,MO_1_28,MO,,,,"{""pa"": 7110045696, ""num_pages"": 1, ""page_size"": 4096}"
RESOURCE,MO_1_29,MO,,,,"{""pa"": 7110066176, ""num_pages"": 2, ""page_size"": 4096}"
RESOURCE,MO_1_30,MO,,,,"{""pa"": 7110078464, ""num_pages"": 1, ""page_size"": 4096}"
RESOURCE,MO_1_31,MO,,,,"{""pa"": 7110107136, ""num_pages"": 1, ""page_size"": 4096}"
RESOURCE,MO_1_32,MO,,,,"{""pa"": 7110127616, ""num_pages"": 1, ""page_size"": 4096}"
RESOURCE,MO_1_33,MO,,,,"{""pa"": 7120097280, ""num_pages"": 3, ""page_size"": 4096}"
RESOURCE,MO_1_34,MO,,,,"{""pa"": 7133081600, ""num_pages"": 1, ""page_size"": 4096}"
RESOURCE,MO_1_35,MO,,,,"{""pa"": 7133106176, ""num_pages"": 1, ""page_size"": 4096}"
RESOURCE,MO_1_36,MO,,,,"{""pa"": 7133122560, ""num_pages"": 1, ""page_size"": 4096}"
RESOURCE,MO_1_37,MO,,,,"{""pa"": 7134314496, ""num_pages"": 4, ""page_size"": 4096}"
RESOURCE,MO_1_38,MO,,,,"{""pa"": 7136788480, ""num_pages"": 4, ""page_size"": 4096}"
RESOURCE,MO_1_39,MO,,,,"{""pa"": 7149805568, ""num_pages"": 1, ""page_size"": 4096}"
RESOURCE,MO_1_40,MO,,,,"{""pa"": 7748956160, ""num_pages"": 1, ""page_size"": 4096}"
RESOURCE,MO_1_41,MO,,,,"{""pa"": 7748960256, ""num_pages"": 1, ""page_size"": 4096}"
RESOURCE,MO_1_42,MO,,,,"{""pa"": 7748993024, ""num_pages"": 3, ""page_size"": 4096}"
RESOURCE,MO_1_43,MO,,,,"{""pa"": 7749005312, ""num_pages"": 1, ""page_size"": 4096}"
RESOURCE,MO_1_44,MO,,,,"{""pa"": 7749013504, ""num_pages"": 7, ""page_size"": 4096}"
RESOURCE,MO_1_45,MO,,,,"{""pa"": 7749042176, ""num_pages"": 2, ""page_size"": 4096}"
RESOURCE,MO_1_46,MO,,,,"{""pa"": 7749218304, ""num_pages"": 1, ""page_size"": 4096}"
RESOURCE,MO_1_47,MO,,,,"{""pa"": 7749222400, ""num_pages"": 1, ""page_size"": 4096}"
RESOURCE,MO_1_48,MO,,,,"{""pa"": 7749246976, ""num_pages"": 1, ""page_size"": 4096}"
RESOURCE,MO_1_49,MO,,,,"{""pa"": 7749251072, ""num_pages"": 1, ""page_size"": 4096}"
RESOURCE,MO_1_50,MO,,,,"{""pa"": 7749255168, ""num_pages"": 1, ""page_size"": 4096}"
RESOURCE,MO_1_51,MO,,,,"{""pa"": 7749271552, ""num_pages"": 2, ""page_size"": 4096}"
RESOURCE,MO_1_52,MO,,,,"{""pa"": 7749279744, ""num_pages"": 2, ""page_size"": 4096}"
RESOURCE,MO_1_53,MO,,,,"{""pa"": 7749296128, ""num_pages"": 6, ""page_size"": 4096}"
RESOURCE,MO_1_54,MO,,,,"{""pa"": 7749361664, ""num_pages"": 2, ""page_size"": 4096}"
RESOURCE,MO_1_55,MO,,,,"{""pa"": 7749369856, ""num_pages"": 2, ""page_size"": 4096}"
RESOURCE,MO_1_56,MO,,,,"{""pa"": 7749382144, ""num_pages"": 1, ""page_size"": 4096}"
RESOURCE,MO_1_57,MO,,,,"{""pa"": 7749386240, ""num_pages"": 1, ""page_size"": 4096}"
RESOURCE,MO_1_58,MO,,,,"{""pa"": 7749398528, ""num_pages"": 1, ""page_size"": 4096}"
RESOURCE,MO_1_59,MO,,,,"{""pa"": 7749402624, ""num_pages"": 2, ""page_size"": 4096}"
RESOURCE,MO_1_60,MO,,,,"{""pa"": 7749410816, ""num_pages"": 1, ""page_size"": 4096}"
RESOURCE,MO_1_61,MO,,,,"{""pa"": 7749439488, ""num_pages"": 1, ""page_size"": 4096}"
RESOURCE,MO_1_62,MO,,,,"{""pa"": 7749443584, ""num_pages"": 1, ""page_size"": 4096}"
RESOURCE,MO_1_63,MO,,,,"{""pa"": 7749447680, ""num_pages"": 1, ""page_size"": 4096}"
RESOURCE,MO_1_64,MO,,,,"{""pa"": 7749468160, ""num_pages"": 4, ""page_size"": 4096}"
RESOURCE,MO_1_65,MO,,,,"{""pa"": 7749566464, ""num_pages"": 6, ""page_size"": 4096}"
RESOURCE,MO_1_66,MO,,,,"{""pa"": 7749591040, ""num_pages"": 16, ""page_size"": 4096}"
RESOURCE,MO_1_67,MO,,,,"{""pa"": 7749697536, ""num_pages"": 1, ""page_size"": 4096}"
RESOURCE,MO_1_68,MO,,,,"{""pa"": 7749701632, ""num_pages"": 2, ""page_size"": 4096}"
RESOURCE,MO_1_69,MO,,,,"{""pa"": 7749881856, ""num_pages"": 1, ""page_size"": 4096}"
RESOURCE,MO_1_70,MO,,,,"{""pa"": 7749885952, ""num_pages"": 1, ""page_size"": 4096}"
RESOURCE,MO_1_71,MO,,,,"{""pa"": 7749906432, ""num_pages"": 2, ""page_size"": 4096}"
RESOURCE,MO_1_72,MO,,,,"{""pa"": 7749914624, ""num_pages"": 2, ""page_size"": 4096}"
RESOURCE,MO_1_73,MO,,,,"{""pa"": 7749931008, ""num_pages"": 1, ""page_size"": 4096}"
RESOURCE,MO_1_74,MO,,,,"{""pa"": 7749951488, ""num_pages"": 4, ""page_size"": 4096}"
RESOURCE,MO_1_75,MO,,,,"{""pa"": 7749971968, ""num_pages"": 3, ""page_size"": 4096}"
RESOURCE,MO_1_76,MO,,,,"{""pa"": 7750004736, ""num_pages"": 2, ""page_size"": 4096}"
RESOURCE,MO_1_77,MO,,,,"{""pa"": 7750012928, ""num_pages"": 2, ""page_size"": 4096}"
RESOURCE,MO_1_78,MO,,,,"{""pa"": 7750029312, ""num_pages"": 1, ""page_size"": 4096}"
RESOURCE,MO_1_79,MO,,,,"{""pa"": 7750062080, ""num_pages"": 1, ""page_size"": 4096}"
RESOURCE,MO_1_80,MO,,,,"{""pa"": 7750066176, ""num_pages"": 1, ""page_size"": 4096}"
RESOURCE,MO_1_81,MO,,,,"{""pa"": 7750070272, ""num_pages"": 1, ""page_size"": 4096}"
RESOURCE,MO_1_82,MO,,,,"{""pa"": 8117731328, ""num_pages"": 1, ""page_size"": 4096}"
RESOURCE,MO_1_83,MO,,,,"{""pa"": 8221306880, ""num_pages"": 1, ""page_size"": 4096}"
RESOURCE,MO_1_84,MO,,,,"{""pa"": 8226070528, ""num_pages"": 1, ""page_size"": 4096}"
RESOURCE,MO_1_85,MO,,,,"{""pa"": 8237776896, ""num_pages"": 1, ""page_size"": 4096}"
RESOURCE,MO_1_86,MO,,,,"{""pa"": 8238030848, ""num_pages"": 1, ""page_size"": 4096}"
RESOURCE,MO_1_87,MO,,,,"{""pa"": 8238301184, ""num_pages"": 1, ""page_size"": 4096}"
RESOURCE,MO_1_88,MO,,,,"{""pa"": 8238329856, ""num_pages"": 1, ""page_size"": 4096}"
RESOURCE,MO_1_89,MO,,,,"{""pa"": 8238735360, ""num_pages"": 1, ""page_size"": 4096}"
RESOURCE,MO_1_90,MO,,,,"{""pa"": 8239398912, ""num_pages"": 1, ""page_size"": 4096}"
RESOURCE,MO_1_91,MO,,,,"{""pa"": 8239554560, ""num_pages"": 1, ""page_size"": 4096}"
RESOURCE,MO_1_92,MO,,,,"{""pa"": 8264982528, ""num_pages"": 1, ""page_size"": 4096}"
RESOURCE,MO_1_93,MO,,,,"{""pa"": 8265031680, ""num_pages"": 1, ""page_size"": 4096}"
RESOURCE,MO_1_94,MO,,,,"{""pa"": 8265654272, ""num_pages"": 1, ""page_size"": 4096}"
RESOURCE,MO_1_95,MO,,,,"{""pa"": 8266555392, ""num_pages"": 1, ""page_size"": 4096}"
RESOURCE,MO_1_96,MO,,,,"{""pa"": 8266608640, ""num_pages"": 1, ""page_size"": 4096}"
RESOURCE,MO_1_97,MO,,,,"{""pa"": 8266735616, ""num_pages"": 1, ""page_size"": 4096}"
RESOURCE,MO_1_98,MO,,,,"{""pa"": 8266928128, ""num_pages"": 1, ""page_size"": 4096}"
RESOURCE,MO_1_99,MO,,,,"{""pa"": 8266969088, ""num_pages"": 1, ""page_size"": 4096}"
RESOURCE,MO_1_100,MO,,,,"{""pa"": 8276029440, ""num_pages"": 1, ""page_size"": 4096}"
RESOURCE,MO_1_101,MO,,,,"{""pa"": 8282333184, ""num_pages"": 1, ""page_size"": 4096}"
RESOURCE,MO_1_102,MO,,,,"{""pa"": 8282513408, ""num_pages"": 1, ""page_size"": 4096}"
RESOURCE,MO_1_103,MO,,,,"{""pa"": 8282529792, ""num_pages"": 1, ""page_size"": 4096}"
RESOURCE,MO_1_104,MO,,,,"{""pa"": 8282562560, ""num_pages"": 1, ""page_size"": 4096}"
RESOURCE,MO_1_105,MO,,,,"{""pa"": 8282738688, ""num_pages"": 1, ""page_size"": 4096}"
RESOURCE,MO_1_106,MO,,,,"{""pa"": 8282824704, ""num_pages"": 1, ""page_size"": 4096}"
RESOURCE,MO_1_107,MO,,,,"{""pa"": 8282910720, ""num_pages"": 1, ""page_size"": 4096}"
RESOURCE,MO_1_108,MO,,,,"{""pa"": 8283021312, ""num_pages"": 1, ""page_size"": 4096}"
RESOURCE,MO_1_109,MO,,,,"{""pa"": 8283054080, ""num_pages"": 1, ""page_size"": 4096}"
RESOURCE,MO_1_110,MO,,,,"{""pa"": 8283348992, ""num_pages"": 1, ""page_size"": 4096}"
RESOURCE,MO_1_111,MO,,,,"{""pa"": 8301535232, ""num_pages"": 1, ""page_size"": 4096}"
RESOURCE,MO_1_112,MO,,,,"{""pa"": 8302239744, ""num_pages"": 1, ""page_size"": 4096}"
RESOURCE,MO_1_113,MO,,,,"{""pa"": 8302379008, ""num_pages"": 1, ""page_size"": 4096}"
RESOURCE,MO_1_114,MO,,,,"{""pa"": 8314183680, ""num_pages"": 1, ""page_size"": 4096}"
RESOURCE,MO_1_115,MO,,,,"{""pa"": 8352673792, ""num_pages"": 1, ""page_size"": 4096}"
RESOURCE,MO_1_116,MO,,,,"{""pa"": 8359301120, ""num_pages"": 1, ""page_size"": 4096}"
RESOURCE,MO_1_117,MO,,,,"{""pa"": 8381702144, ""num_pages"": 1, ""page_size"": 4096}"
RESOURCE,MO_1_118,MO,,,,"{""pa"": 8408379392, ""num_pages"": 1, ""page_size"": 4096}"
RESOURCE,MO_1_119,MO,,,,"{""pa"": 8442527744, ""num_pages"": 1, ""page_size"": 4096}"
RESOURCE,MO_1_120,MO,,,,"{""pa"": 8443072512, ""num_pages"": 1, ""page_size"": 4096}"
RESOURCE,MO_1_121,MO,,,,"{""pa"": 8450080768, ""num_pages"": 1, ""page_size"": 4096}"
RESOURCE,MO_1_122,MO,,,,"{""pa"": 8473153536, ""num_pages"": 1, ""page_size"": 4096}"
RESOURCE,MO_1_123,MO,,,,"{""pa"": 8477990912, ""num_pages"": 1, ""page_size"": 4096}"
RESOURCE,MO_1_124,MO,,,,"{""pa"": 8513933312, ""num_pages"": 1, ""page_size"": 4096}"
RESOURCE,MO_1_125,MO,,,,"{""pa"": 8549142528, ""num_pages"": 1, ""page_size"": 4096}"
RESOURCE,MO_1_126,MO,,,,"{""pa"": 8549396480, ""num_pages"": 1, ""page_size"": 4096}"
RESOURCE,MO_1_127,MO,,,,"{""pa"": 8680132608, ""num_pages"": 1, ""page_size"": 4096}"
RESOURCE,MO_1_128,MO,,,,"{""pa"": 8681660416, ""num_pages"": 1, ""page_size"": 4096}"
RESOURCE,MO_1_129,MO,,,,"{""pa"": 8720052224, ""num_pages"": 1, ""page_size"": 4096}"
RESOURCE,MO_1_130,MO,,,,"{""pa"": 8720740352, ""num_pages"": 1, ""page_size"": 4096}"
RESOURCE,MO_1_131,MO,,,,"{""pa"": 8745160704, ""num_pages"": 1, ""page_size"": 4096}"
RESOURCE,MO_1_132,MO,,,,"{""pa"": 8801095680, ""num_pages"": 1, ""page_size"": 4096}"
RESOURCE,MO_1_133,MO,,,,"{""pa"": 8852807680, ""num_pages"": 1, ""page_size"": 4096}"
RESOURCE,MO_1_134,MO,,,,"{""pa"": 8935063552, ""num_pages"": 1, ""page_size"": 4096}"
RESOURCE,MO_1_135,MO,,,,"{""pa"": 9001054208, ""num_pages"": 1, ""page_size"": 4096}"
RESOURCE,MO_1_136,MO,,,,"{""pa"": 9019981824, ""num_pages"": 1, ""page_size"": 4096}"
RESOURCE,MO_1_137,MO,,,,"{""pa"": 9026519040, ""num_pages"": 1, ""page_size"": 4096}"
RESOURCE,MO_1_138,MO,,,,"{""pa"": 9040916480, ""num_pages"": 1, ""page_size"": 4096}"
RESOURCE,MO_1_139,MO,,,,"{""pa"": 9046777856, ""num_pages"": 1, ""page_size"": 4096}"
RESOURCE,MO_1_140,MO,,,,"{""pa"": 9068978176, ""num_pages"": 1, ""page_size"": 4096}"
RESOURCE,MO_1_141,MO,,,,"{""pa"": 9069056000, ""num_pages"": 1, ""page_size"": 4096}"
RESOURCE,MO_1_142,MO,,,,"{""pa"": 9070669824, ""num_pages"": 1, ""page_size"": 4096}"
RESOURCE,MO_1_143,MO,,,,"{""pa"": 9070727168, ""num_pages"": 1, ""page_size"": 4096}"
RESOURCE,MO_1_144,MO,,,,"{""pa"": 9128058880, ""num_pages"": 1, ""page_size"": 4096}"
RESOURCE,MO_1_145,MO,,,,"{""pa"": 9128144896, ""num_pages"": 1, ""page_size"": 4096}"
RESOURCE,MO_1_146,MO,,,,"{""pa"": 9128275968, ""num_pages"": 1, ""page_size"": 4096}"
RESOURCE,MO_1_147,MO,,,,"{""pa"": 9151569920, ""num_pages"": 1, ""page_size"": 4096}"
RESOURCE,MO_1_148,MO,,,,"{""pa"": 9155198976, ""num_pages"": 1, ""page_size"": 4096}"
RESOURCE,MO_1_149,MO,,,,"{""pa"": 9156046848, ""num_pages"": 1, ""page_size"": 4096}"
RESOURCE,MO_1_150,MO,,,,"{""pa"": 9162973184, ""num_pages"": 1, ""page_size"": 4096}"
RESOURCE,MO_1_151,MO,,,,"{""pa"": 9166622720, ""num_pages"": 1, ""page_size"": 4096}"
RESOURCE,MO_1_152,MO,,,,"{""pa"": 9179783168, ""num_pages"": 1, ""page_size"": 4096}"
RESOURCE,MO_1_153,MO,,,,"{""pa"": 9179795456, ""num_pages"": 1, ""page_size"": 4096}"
RESOURCE,MO_1_154,MO,,,,"{""pa"": 9179799552, ""num_pages"": 1, ""page_size"": 4096}"
RESOURCE,MO_1_155,MO,,,,"{""pa"": 9179807744, ""num_pages"": 1, ""page_size"": 4096}"
RESOURCE,MO_1_156,MO,,,,"{""pa"": 9180352512, ""num_pages"": 1, ""page_size"": 4096}"
RESOURCE,MO_1_157,MO,,,,"{""pa"": 9180422144, ""num_pages"": 1, ""page_size"": 4096}"
RESOURCE,MO_1_158,MO,,,,"{""pa"": 9181421568, ""num_pages"": 1, ""page_size"": 4096}"
RESOURCE,MO_1_159,MO,,,,"{""pa"": 9181921280, ""num_pages"": 1, ""page_size"": 4096}"
RESOURCE,MO_1_160,MO,,,,"{""pa"": 9182081024, ""num_pages"": 1, ""page_size"": 4096}"
RESOURCE,MO_1_161,MO,,,,"{""pa"": 9182613504, ""num_pages"": 1, ""page_size"": 4096}"
RESOURCE,MO_1_162,MO,,,,"{""pa"": 9182666752, ""num_pages"": 1, ""page_size"": 4096}"
RESOURCE,MO_1_163,MO,,,,"{""pa"": 9182699520, ""num_pages"": 1, ""page_size"": 4096}"
RESOURCE,MO_1_164,MO,,,,"{""pa"": 9186979840, ""num_pages"": 1, ""page_size"": 4096}"
RESOURCE,MO_1_165,MO,,,,"{""pa"": 9193508864, ""num_pages"": 1, ""page_size"": 4096}"
RESOURCE,MO_1_166,MO,,,,"{""pa"": 9212870656, ""num_pages"": 1, ""page_size"": 4096}"
RESOURCE,MO_1_167,MO,,,,"{""pa"": 9216585728, ""num_pages"": 1, ""page_size"": 4096}"
RESOURCE,MO_1_168,MO,,,,"{""pa"": 9219731456, ""num_pages"": 1, ""page_size"": 4096}"
RESOURCE,MO_1_169,MO,,,,"{""pa"": 9271660544, ""num_pages"": 1, ""page_size"": 4096}"
RESOURCE,MO_1_170,MO,,,,"{""pa"": 9271717888, ""num_pages"": 1, ""page_size"": 4096}"
RESOURCE,MO_1_171,MO,,,,"{""pa"": 9282224128, ""num_pages"": 1, ""page_size"": 4096}"
RESOURCE,MO_1_172,MO,,,,"{""pa"": 9289084928, ""num_pages"": 1, ""page_size"": 4096}"
RESOURCE,MO_1_173,MO,,,,"{""pa"": 9289089024, ""num_pages"": 1, ""page_size"": 4096}"
RESOURCE,MO_1_174,MO,,,,"{""pa"": 9297551360, ""num_pages"": 1, ""page_size"": 4096}"
RESOURCE,MO_1_175,MO,,,,"{""pa"": 9297559552, ""num_pages"": 1, ""page_size"": 4096}"
RESOURCE,MO_1_176,MO,,,,"{""pa"": 9297584128, ""num_pages"": 1, ""page_size"": 4096}"
RESOURCE,MO_1_177,MO,,,,"{""pa"": 9297592320, ""num_pages"": 1, ""page_size"": 4096}"
RESOURCE,MO_1_178,MO,,,,"{""pa"": 9298427904, ""num_pages"": 1, ""page_size"": 4096}"
RESOURCE,MO_1_179,MO,,,,"{""pa"": 9298436096, ""num_pages"": 1, ""page_size"": 4096}"
RESOURCE,MO_1_180,MO,,,,"{""pa"": 9305968640, ""num_pages"": 1, ""page_size"": 4096}"
RESOURCE,MO_1_181,MO,,,,"{""pa"": 9310138368, ""num_pages"": 1, ""page_size"": 4096}"
RESOURCE,MO_1_182,MO,,,,"{""pa"": 9311059968, ""num_pages"": 1, ""page_size"": 4096}"
RESOURCE,MO_1_183,MO,,,,"{""pa"": 9311195136, ""num_pages"": 1, ""page_size"": 4096}"
RESOURCE,MO_1_184,MO,,,,"{""pa"": 9316016128, ""num_pages"": 1, ""page_size"": 4096}"
RESOURCE,MO_1_185,MO,,,,"{""pa"": 9321746432, ""num_pages"": 1, ""page_size"": 4096}"
RESOURCE,MO_1_186,MO,,,,"{""pa"": 9322967040, ""num_pages"": 1, ""page_size"": 4096}"
RESOURCE,MO_1_187,MO,,,,"{""pa"": 9322971136, ""num_pages"": 1, ""page_size"": 4096}"
RESOURCE,MO_1_188,MO,,,,"{""pa"": 9323016192, ""num_pages"": 1, ""page_size"": 4096}"
RESOURCE,MO_1_189,MO,,,,"{""pa"": 9323208704, ""num_pages"": 1, ""page_size"": 4096}"
RESOURCE,MO_1_190,MO,,,,"{""pa"": 9413009408, ""num_pages"": 1, ""page_size"": 4096}"
RESOURCE,MO_1_191,MO,,,,"{""pa"": 9419653120, ""num_pages"": 1, ""page_size"": 4096}"
RESOURCE,MO_1_192,MO,,,,"{""pa"": 9419685888, ""num_pages"": 1, ""page_size"": 4096}"
RESOURCE,MO_1_193,MO,,,,"{""pa"": 9426632704, ""num_pages"": 1, ""page_size"": 4096}"
RESOURCE,MO_1_194,MO,,,,"{""pa"": 9426681856, ""num_pages"": 1, ""page_size"": 4096}"
RESOURCE,MO_1_195,MO,,,,"{""pa"": 9436844032, ""num_pages"": 1, ""page_size"": 4096}"
RESOURCE,MO_1_196,MO,,,,"{""pa"": 9454247936, ""num_pages"": 1, ""page_size"": 4096}"
RESOURCE,MO_1_197,MO,,,,"{""pa"": 9454387200, ""num_pages"": 1, ""page_size"": 4096}"
RESOURCE,MO_1_198,MO,,,,"{""pa"": 9454448640, ""num_pages"": 1, ""page_size"": 4096}"
RESOURCE,MO_1_199,MO,,,,"{""pa"": 9461293056, ""num_pages"": 1, ""page_size"": 4096}"
RESOURCE,MO_1_200,MO,,,,"{""pa"": 9526947840, ""num_pages"": 1, ""page_size"": 4096}"
RESOURCE,MO_1_201,MO,,,,"{""pa"": 9526956032, ""num_pages"": 1, ""page_size"": 4096}"
RESOURCE,MO_1_202,MO,,,,"{""pa"": 9543147520, ""num_pages"": 1, ""page_size"": 4096}"
RESOURCE,MO_1_203,MO,,,,"{""pa"": 9543163904, ""num_pages"": 1, ""page_size"": 4096}"
RESOURCE,MO_1_204,MO,,,,"{""pa"": 9556541440, ""num_pages"": 1, ""page_size"": 4096}"
RESOURCE,MO_1_205,MO,,,,"{""pa"": 9562984448, ""num_pages"": 1, ""page_size"": 4096}"
RESOURCE,MO_1_206,MO,,,,"{""pa"": 9575108608, ""num_pages"": 1, ""page_size"": 4096}"
RESOURCE,MO_1_207,MO,,,,"{""pa"": 9662443520, ""num_pages"": 1, ""page_size"": 4096}"
RESOURCE,MO_1_208,MO,,,,"{""pa"": 9680670720, ""num_pages"": 1, ""page_size"": 4096}"
RESOURCE,MO_1_209,MO,,,,"{""pa"": 9696931840, ""num_pages"": 1, ""page_size"": 4096}"
RESOURCE,MO_1_210,MO,,,,"{""pa"": 9724993536, ""num_pages"": 1, ""page_size"": 4096}"
RESOURCE,MO_1_211,MO,,,,"{""pa"": 9727406080, ""num_pages"": 1, ""page_size"": 4096}"
RESOURCE,MO_1_212,MO,,,,"{""pa"": 9731502080, ""num_pages"": 1, ""page_size"": 4096}"
RESOURCE,MO_1_213,MO,,,,"{""pa"": 9744936960, ""num_pages"": 1, ""page_size"": 4096}"
RESOURCE,MO_1_214,MO,,,,"{""pa"": 9753468928, ""num_pages"": 1, ""page_size"": 4096}"
RESOURCE,MO_1_215,MO,,,,"{""pa"": 9754304512, ""num_pages"": 1, ""page_size"": 4096}"
RESOURCE,MO_1_216,MO,,,,"{""pa"": 9762648064, ""num_pages"": 1, ""page_size"": 4096}"
RESOURCE,MO_1_217,MO,,,,"{""pa"": 9762664448, ""num_pages"": 1, ""page_size"": 4096}"
RESOURCE,MO_1_218,MO,,,,"{""pa"": 9763811328, ""num_pages"": 1, ""page_size"": 4096}"
RESOURCE,MO_1_219,MO,,,,"{""pa"": 9796345856, ""num_pages"": 1, ""page_size"": 4096}"
RESOURCE,MO_1_220,MO,,,,"{""pa"": 9830547456, ""num_pages"": 1, ""page_size"": 4096}"
RESOURCE,MO_1_221,MO,,,,"{""pa"": 9853022208, ""num_pages"": 1, ""page_size"": 4096}"
RESOURCE,MO_1_222,MO,,,,"{""pa"": 9877315584, ""num_pages"": 1, ""page_size"": 4096}"
RESOURCE,MO_1_223,MO,,,,"{""pa"": 9879085056, ""num_pages"": 1, ""page_size"": 4096}"
RESOURCE,MO_1_224,MO,,,,"{""pa"": 9880240128, ""num_pages"": 1, ""page_size"": 4096}"
RESOURCE,MO_1_225,MO,,,,"{""pa"": 9880252416, ""num_pages"": 1, ""page_size"": 4096}"
RESOURCE,MO_1_226,MO,,,,"{""pa"": 9881890816, ""num_pages"": 1, ""page_size"": 4096}"
RESOURCE,MO_1_227,MO,,,,"{""pa"": 9882165248, ""num_pages"": 1, ""page_size"": 4096}"
RESOURCE,MO_1_228,MO,,,,"{""pa"": 9882226688, ""num_pages"": 1, ""page_size"": 4096}"
RESOURCE,MO_1_229,MO,,,,"{""pa"": 9882320896, ""num_pages"": 1, ""page_size"": 4096}"
RESOURCE,MO_1_230,MO,,,,"{""pa"": 9882902528, ""num_pages"": 1, ""page_size"": 4096}"
RESOURCE,MO_1_231,MO,,,,"{""pa"": 9883000832, ""num_pages"": 1, ""page_size"": 4096}"
RESOURCE,MO_1_232,MO,,,,"{""pa"": 9883090944, ""num_pages"": 1, ""page_size"": 4096}"
RESOURCE,MO_1_233,MO,,,,"{""pa"": 9883213824, ""num_pages"": 1, ""page_size"": 4096}"
RESOURCE,MO_1_234,MO,,,,"{""pa"": 9883471872, ""num_pages"": 1, ""page_size"": 4096}"
RESOURCE,MO_1_235,MO,,,,"{""pa"": 9883627520, ""num_pages"": 1, ""page_size"": 4096}"
RESOURCE,MO_1_236,MO,,,,"{""pa"": 9883668480, ""num_pages"": 1, ""page_size"": 4096}"
RESOURCE,MO_1_237,MO,,,,"{""pa"": 9883762688, ""num_pages"": 1, ""page_size"": 4096}"
RESOURCE,MO_1_238,MO,,,,"{""pa"": 9883799552, ""num_pages"": 1, ""page_size"": 4096}"
RESOURCE,MO_1_239,MO,,,,"{""pa"": 9883836416, ""num_pages"": 1, ""page_size"": 4096}"
RESOURCE,MO_1_240,MO,,,,"{""pa"": 9883881472, ""num_pages"": 1, ""page_size"": 4096}"
RESOURCE,MO_1_241,MO,,,,"{""pa"": 9883889664, ""num_pages"": 1, ""page_size"": 4096}"
RESOURCE,MO_1_242,MO,,,,"{""pa"": 9883901952, ""num_pages"": 1, ""page_size"": 4096}"
RESOURCE,MO_1_243,MO,,,,"{""pa"": 9898790912, ""num_pages"": 1, ""page_size"": 4096}"
RESOURCE,MO_1_244,MO,,,,"{""pa"": 9900486656, ""num_pages"": 1, ""page_size"": 4096}"
RESOURCE,MO_1_245,MO,,,,"{""pa"": 9900716032, ""num_pages"": 1, ""page_size"": 4096}"
RESOURCE,MO_1_246,MO,,,,"{""pa"": 9901772800, ""num_pages"": 1, ""page_size"": 4096}"
RESOURCE,MO_1_247,MO,,,,"{""pa"": 9901977600, ""num_pages"": 1, ""page_size"": 4096}"
RESOURCE,MO_1_248,MO,,,,"{""pa"": 9902022656, ""num_pages"": 1, ""page_size"": 4096}"
RESOURCE,MO_1_249,MO,,,,"{""pa"": 9903001600, ""num_pages"": 1, ""page_size"": 4096}"
RESOURCE,MO_1_250,MO,,,,"{""pa"": 9903005696, ""num_pages"": 1, ""page_size"": 4096}"
RESOURCE,MO_1_251,MO,,,,"{""pa"": 9903493120, ""num_pages"": 2, ""page_size"": 4096}"
RESOURCE,MO_1_252,MO,,,,"{""pa"": 9903910912, ""num_pages"": 1, ""page_size"": 4096}"
RESOURCE,MO_1_253,MO,,,,"{""pa"": 9904472064, ""num_pages"": 1, ""page_size"": 4096}"
RESOURCE,MO_1_254,MO,,,,"{""pa"": 9904836608, ""num_pages"": 1, ""page_size"": 4096}"
RESOURCE,MO_1_255,MO,,,,"{""pa"": 9905233920, ""num_pages"": 1, ""page_size"": 4096}"
RESOURCE,MO_1_256,MO,,,,"{""pa"": 9905258496, ""num_pages"": 1, ""page_size"": 4096}"
RESOURCE,MO_1_257,MO,,,,"{""pa"": 9905651712, ""num_pages"": 1, ""page_size"": 4096}"
RESOURCE,MO_1_258,MO,,,,"{""pa"": 9905672192, ""num_pages"": 1, ""page_size"": 4096}"
RESOURCE,MO_1_259,MO,,,,"{""pa"": 9907589120, ""num_pages"": 1, ""page_size"": 4096}"
RESOURCE,MO_1_260,MO,,,,"{""pa"": 9908178944, ""num_pages"": 1, ""page_size"": 4096}"
RESOURCE,MO_1_261,MO,,,,"{""pa"": 9910161408, ""num_pages"": 1, ""page_size"": 4096}"
RESOURCE,MO_1_262,MO,,,,"{""pa"": 9910173696, ""num_pages"": 1, ""page_size"": 4096}"
RESOURCE,MO_1_263,MO,,,,"{""pa"": 9910919168, ""num_pages"": 1, ""page_size"": 4096}"
RESOURCE,MO_1_264,MO,,,,"{""pa"": 9911668736, ""num_pages"": 1, ""page_size"": 4096}"
RESOURCE,MO_1_265,MO,,,,"{""pa"": 9916239872, ""num_pages"": 1, ""page_size"": 4096}"
RESOURCE,MO_1_266,MO,,,,"{""pa"": 9916243968, ""num_pages"": 1, ""page_size"": 4096}"
RESOURCE,MO_1_267,MO,,,,"{""pa"": 9916264448, ""num_pages"": 1, ""page_size"": 4096}"
RESOURCE,MO_1_268,MO,,,,"{""pa"": 9916370944, ""num_pages"": 1, ""page_size"": 4096}"
RESOURCE,MO_1_269,MO,,,,"{""pa"": 9917829120, ""num_pages"": 1, ""page_size"": 4096}"
RESOURCE,MO_1_270,MO,,,,"{""pa"": 9917841408, ""num_pages"": 1, ""page_size"": 4096}"
RESOURCE,MO_1_271,MO,,,,"{""pa"": 9918078976, ""num_pages"": 1, ""page_size"": 4096}"
RESOURCE,MO_1_272,MO,,,,"{""pa"": 9918398464, ""num_pages"": 1, ""page_size"": 4096}"
RESOURCE,MO_1_273,MO,,,,"{""pa"": 9918537728, ""num_pages"": 1, ""page_size"": 4096}"
RESOURCE,MO_1_274,MO,,,,"{""pa"": 9937072128, ""num_pages"": 1, ""page_size"": 4096}"
RESOURCE,MO_1_275,MO,,,,"{""pa"": 9937117184, ""num_pages"": 1, ""page_size"": 4096}"
RESOURCE,MO_1_276,MO,,,,"{""pa"": 9937235968, ""num_pages"": 1, ""page_size"": 4096}"
RESOURCE,MO_1_277,MO,,,,"{""pa"": 9952473088, ""num_pages"": 1, ""page_size"": 4096}"
RESOURCE,MO_1_278,MO,,,,"{""pa"": 10025492480, ""num_pages"": 1, ""page_size"": 4096}"
RESOURCE,MO_1_279,MO,,,,"{""pa"": 10057580544, ""num_pages"": 1, ""page_size"": 4096}"
RESOURCE,MO_1_280,MO,,,,"{""pa"": 10086301696, ""num_pages"": 1, ""page_size"": 4096}"
RESOURCE,MO_1_281,MO,,,,"{""pa"": 10116685824, ""num_pages"": 1, ""page_size"": 4096}"
RESOURCE,MO_1_282,MO,,,,"{""pa"": 21656838144, ""num_pages"": 1, ""page_size"": 4096}"
RESOURCE,MO_1_283,MO,,,,"{""pa"": 21656842240, ""num_pages"": 1, ""page_size"": 4096}"
RESOURCE,MO_1_284,MO,,,,"{""pa"": 21688487936, ""num_pages"": 1, ""page_size"": 4096}"
RESOURCE,MO_1_285,MO,,,,"{""pa"": 21707034624, ""num_pages"": 1, ""page_size"": 4096}"
RESOURCE,MO_1_286,MO,,,,"{""pa"": 22110519296, ""num_pages"": 1, ""page_size"": 4096}"
RESOURCE,MO_1_287,MO,,,,"{""pa"": 22110523392, ""num_pages"": 1, ""page_size"": 4096}"
RESOURCE,MO_1_288,MO,,,,"{""pa"": 25075052544, ""num_pages"": 1, ""page_size"": 4096}"
RESOURCE,MO_1_289,MO,,,,"{""pa"": 25107984384, ""num_pages"": 1, ""page_size"": 4096}"
RESOURCE,MO_1_290,MO,,,,"{""pa"": 25227689984, ""num_pages"": 1, ""page_size"": 4096}"
RESOURCE,MO_1_291,MO,,,,"{""pa"": 25561976832, ""num_pages"": 1, ""page_size"": 4096}"
RESOURCE,MO_1_292,MO,,,,"{""pa"": 25702006784, ""num_pages"": 1, ""page_size"": 4096}"
RESOURCE,MO_1_293,MO,,,,"{""pa"": 25742139392, ""num_pages"": 1, ""page_size"": 4096}"
RESOURCE,MO_1_294,MO,,,,"{""pa"": 26004144128, ""num_pages"": 1, ""page_size"": 4096}"
RESOURCE,MO_1_295,MO,,,,"{""pa"": 26004148224, ""num_pages"": 1, ""page_size"": 4096}"
RESOURCE,MO_1_296,MO,,,,"{""pa"": 26017030144, ""num_pages"": 1, ""page_size"": 4096}"
RESOURCE,MO_1_297,MO,,,,"{""pa"": 26017034240, ""num_pages"": 1, ""page_size"": 4096}"
RESOURCE,MO_1_298,MO,,,,"{""pa"": 26033422336, ""num_pages"": 1, ""page_size"": 4096}"
RESOURCE,MO_1_299,MO,,,,"{""pa"": 26033426432, ""num_pages"": 1, ""page_size"": 4096}"
RESOURCE,MO_1_300,MO,,,,"{""pa"": 26746052608, ""num_pages"": 1, ""page_size"": 4096}"
RESOURCE,MO_1_301,MO,,,,"{""pa"": 26746056704, ""num_pages"": 1, ""page_size"": 4096}"
RESOURCE,MO_1_302,MO,,,,"{""pa"": 27021508608, ""num_pages"": 1, ""page_size"": 4096}"
RESOURCE,MO_1_303,MO,,,,"{""pa"": 27141279744, ""num_pages"": 1, ""page_size"": 4096}"
RESOURCE,MO_1_304,MO,,,,"{""pa"": 27469160448, ""num_pages"": 2, ""page_size"": 4096}"
RESOURCE,MO_1_305,MO,,,,"{""pa"": 28041940992, ""num_pages"": 1, ""page_size"": 4096}"
RESOURCE,MO_1_306,MO,,,,"{""pa"": 28580364288, ""num_pages"": 1, ""page_size"": 4096}"
RESOURCE,MO_1_307,MO,,,,"{""pa"": 28580368384, ""num_pages"": 1, ""page_size"": 4096}"
RESOURCE,MO_1_308,MO,,,,"{""pa"": 28594298880, ""num_pages"": 1, ""page_size"": 4096}"
RESOURCE,MO_1_309,MO,,,,"{""pa"": 28594302976, ""num_pages"": 1, ""page_size"": 4096}"
RESOURCE,MO_1_310,MO,,,,"{""pa"": 28687187968, ""num_pages"": 2, ""page_size"": 4096}"
RESOURCE,MO_1_311,MO,,,,"{""pa"": 28948865024, ""num_pages"": 1, ""page_size"": 4096}"
RESOURCE,MO_1_312,MO,,,,"{""pa"": 28948869120, ""num_pages"": 1, ""page_size"": 4096}"
RESOURCE,MO_1_313,MO,,,,"{""pa"": 29735006208, ""num_pages"": 1, ""page_size"": 4096}"
RESOURCE,MO_1_314,MO,,,,"{""pa"": 30233780224, ""num_pages"": 1, ""page_size"": 4096}"
RESOURCE,MO_1_315,MO,,,,"{""pa"": 30852141056, ""num_pages"": 1, ""page_size"": 4096}"
RESOURCE,MO_1_316,MO,,,,"{""pa"": 30869061632, ""num_pages"": 1, ""page_size"": 4096}"
RESOURCE,MO_1_317,MO,,,,"{""pa"": 30918418432, ""num_pages"": 1, ""page_size"": 4096}"
RESOURCE,MO_1_318,MO,,,,"{""pa"": 30938415104, ""num_pages"": 1, ""page_size"": 4096}"
RESOURCE,MO_1_319,MO,,,,"{""pa"": 30963470336, ""num_pages"": 1, ""page_size"": 4096}"
RESOURCE,MO_1_320,MO,,,,"{""pa"": 31133069312, ""num_pages"": 1, ""page_size"": 4096}"
RESOURCE,MO_1_321,MO,,,,"{""pa"": 31150497792, ""num_pages"": 1, ""page_size"": 4096}"
RESOURCE,MO_1_322,MO,,,,"{""pa"": 31264210944, ""num_pages"": 1, ""page_size"": 4096}"
RESOURCE,MO_1_323,MO,,,,"{""pa"": 31264215040, ""num_pages"": 1, ""page_size"": 4096}"
RESOURCE,MO_1_324,MO,,,,"{""pa"": 31640477696, ""num_pages"": 1, ""page_size"": 4096}"
RESOURCE,MO_1_325,MO,,,,"{""pa"": 31640481792, ""num_pages"": 1, ""page_size"": 4096}"
RESOURCE,MO_1_326,MO,,,,"{""pa"": 31726518272, ""num_pages"": 1, ""page_size"": 4096}"
RESOURCE,MO_1_327,MO,,,,"{""pa"": 31962103808, ""num_pages"": 1, ""page_size"": 4096}"
RESOURCE,MO_1_328,MO,,,,"{""pa"": 31962107904, ""num_pages"": 1, ""page_size"": 4096}"
RESOURCE,MO_1_329,MO,,,,"{""pa"": 32111407104, ""num_pages"": 1, ""page_size"": 4096}"
RESOURCE,MO_1_330,MO,,,,"{""pa"": 32218636288, ""num_pages"": 1, ""page_size"": 4096}"
RESOURCE,MO_1_331,MO,,,,"{""pa"": 32218640384, ""num_pages"": 1, ""page_size"": 4096}"
RESOURCE,MO_1_332,MO,,,,"{""pa"": 32461983744, ""num_pages"": 1, ""page_size"": 4096}"
RESOURCE,MO_1_333,MO,,,,"{""pa"": 33052147712, ""num_pages"": 1, ""page_size"": 4096}"
RESOURCE,MO_1_334,MO,,,,"{""pa"": 33120686080, ""num_pages"": 1, ""page_size"": 4096}"
RESOURCE,MO_1_335,MO,,,,"{""pa"": 33127157760, ""num_pages"": 1, ""page_size"": 4096}"
RESOURCE,MO_1_336,MO,,,,"{""pa"": 33131937792, ""num_pages"": 1, ""page_size"": 4096}"
RESOURCE,MO_1_337,MO,,,,"{""pa"": 33667002368, ""num_pages"": 1, ""page_size"": 4096}"
RESOURCE,MO_1_338,MO,,,,"{""pa"": 33669267456, ""num_pages"": 1, ""page_size"": 4096}"
RESOURCE,MO_1_339,MO,,,,"{""pa"": 33669271552, ""num_pages"": 1, ""page_size"": 4096}"
RESOURCE,MO_1_340,MO,,,,"{""pa"": 33831403520, ""num_pages"": 1, ""page_size"": 4096}"
RESOURCE,MO_1_341,MO,,,,"{""pa"": 33831407616, ""num_pages"": 1, ""page_size"": 4096}"
RESOURCE,MO_1_342,MO,,,,"{""pa"": 35849465856, ""num_pages"": 1, ""page_size"": 4096}"
RESOURCE,MO_1_343,MO,,,,"{""pa"": 35889553408, ""num_pages"": 1, ""page_size"": 4096}"
RESOURCE,MO_1_344,MO,,,,"{""pa"": 37555433472, ""num_pages"": 1, ""page_size"": 4096}"
RESOURCE,MO_1_345,MO,,,,"{""pa"": 39414861824, ""num_pages"": 1, ""page_size"": 4096}"
RESOURCE,MO_1_346,MO,,,,"{""pa"": 40142794752, ""num_pages"": 1, ""page_size"": 4096}"
RESOURCE,MO_1_347,MO,,,,"{""pa"": 41376751616, ""num_pages"": 1, ""page_size"": 4096}"
RESOURCE,MO_1_348,MO,,,,"{""pa"": 41376755712, ""num_pages"": 1, ""page_size"": 4096}"
RESOURCE,MO_1_349,MO,,,,"{""pa"": 41838567424, ""num_pages"": 1, ""page_size"": 4096}"
RESOURCE,MO_1_350,MO,,,,"{""pa"": 41838571520, ""num_pages"": 1, ""page_size"": 4096}"
RESOURCE,MO_1_351,MO,,,,"{""pa"": 41894989824, ""num_pages"": 1, ""page_size"": 4096}"
RESOURCE,MO_1_352,MO,,,,"{""pa"": 42071474176, ""num_pages"": 1, ""page_size"": 4096}"
RESOURCE,MO_1_353,MO,,,,"{""pa"": 42240999424, ""num_pages"": 1, ""page_size"": 4096}"
RESOURCE,MO_1_354,MO,,,,"{""pa"": 42611458048, ""num_pages"": 1, ""page_size"": 4096}"
RESOURCE,MO_1_355,MO,,,,"{""pa"": 42623213568, ""num_pages"": 1, ""page_size"": 4096}"
RESOURCE,MO_1_356,MO,,,,"{""pa"": 42623217664, ""num_pages"": 1, ""page_size"": 4096}"
RESOURCE,MO_1_357,MO,,,,"{""pa"": 43146293248, ""num_pages"": 1, ""page_size"": 4096}"
RESOURCE,MO_1_358,MO,,,,"{""pa"": 43733348352, ""num_pages"": 1, ""page_size"": 4096}"
RESOURCE,MO_1_359,MO,,,,"{""pa"": 44940529664, ""num_pages"": 1, ""page_size"": 4096}"
RESOURCE,MO_1_360,MO,,,,"{""pa"": 44947537920, ""num_pages"": 1, ""page_size"": 4096}"
RESOURCE,MO_1_361,MO,,,,"{""pa"": 44947542016, ""num_pages"": 1, ""page_size"": 4096}"
RESOURCE,MO_1_362,MO,,,,"{""pa"": 45316251648, ""num_pages"": 1, ""page_size"": 4096}"
RESOURCE,MO_1_363,MO,,,,"{""pa"": 45316603904, ""num_pages"": 1, ""page_size"": 4096}"
RESOURCE,MO_1_364,MO,,,,"{""pa"": 45316608000, ""num_pages"": 1, ""page_size"": 4096}"
RESOURCE,MO_1_365,MO,,,,"{""pa"": 45534785536, ""num_pages"": 1, ""page_size"": 4096}"
RESOURCE,MO_1_366,MO,,,,"{""pa"": 45661696000, ""num_pages"": 1, ""page_size"": 4096}"
RESOURCE,MO_1_367,MO,,,,"{""pa"": 46189293568, ""num_pages"": 1, ""page_size"": 4096}"
RESOURCE,MO_1_368,MO,,,,"{""pa"": 46351290368, ""num_pages"": 1, ""page_size"": 4096}"
RESOURCE,MO_1_369,MO,,,,"{""pa"": 46372777984, ""num_pages"": 1, ""page_size"": 4096}"
RESOURCE,MO_1_370,MO,,,,"{""pa"": 46668197888, ""num_pages"": 1, ""page_size"": 4096}"
RESOURCE,MO_1_371,MO,,,,"{""pa"": 46739980288, ""num_pages"": 1, ""page_size"": 4096}"
RESOURCE,MO_1_372,MO,,,,"{""pa"": 46739984384, ""num_pages"": 1, ""page_size"": 4096}"
RESOURCE,MO_1_373,MO,,,,"{""pa"": 46740545536, ""num_pages"": 1, ""page_size"": 4096}"
RESOURCE,MO_1_374,MO,,,,"{""pa"": 46791774208, ""num_pages"": 1, ""page_size"": 4096}"
RESOURCE,MO_1_375,MO,,,,"{""pa"": 47487672320, ""num_pages"": 1, ""page_size"": 4096}"
RESOURCE,MO_1_376,MO,,,,"{""pa"": 47579807744, ""num_pages"": 1, ""page_size"": 4096}"
RESOURCE,MO_1_377,MO,,,,"{""pa"": 47587942400, ""num_pages"": 1, ""page_size"": 4096}"
RESOURCE,MO_1_378,MO,,,,"{""pa"": 47746121728, ""num_pages"": 1, ""page_size"": 4096}"
RESOURCE,MO_1_379,MO,,,,"{""pa"": 47776391168, ""num_pages"": 1, ""page_size"": 4096}"
RESOURCE,MO_1_380,MO,,,,"{""pa"": 47776395264, ""num_pages"": 1, ""page_size"": 4096}"
RESOURCE,MO_1_381,MO,,,,"{""pa"": 47821156352, ""num_pages"": 1, ""page_size"": 4096}"
RESOURCE,MO_1_382,MO,,,,"{""pa"": 47999721472, ""num_pages"": 1, ""page_size"": 4096}"
RESOURCE,MO_1_383,MO,,,,"{""pa"": 47999725568, ""num_pages"": 1, ""page_size"": 4096}"
RESOURCE,MO_1_384,MO,,,,"{""pa"": 48126124032, ""num_pages"": 1, ""page_size"": 4096}"
RESOURCE,MO_1_385,MO,,,,"{""pa"": 48229597184, ""num_pages"": 1, ""page_size"": 4096}"
RESOURCE,MO_1_386,MO,,,,"{""pa"": 48229601280, ""num_pages"": 1, ""page_size"": 4096}"
RESOURCE,MO_1_387,MO,,,,"{""pa"": 48306618368, ""num_pages"": 1, ""page_size"": 4096}"
RESOURCE,MO_1_388,MO,,,,"{""pa"": 48566530048, ""num_pages"": 1, ""page_size"": 4096}"
RESOURCE,MO_1_389,MO,,,,"{""pa"": 48599453696, ""num_pages"": 1, ""page_size"": 4096}"
RESOURCE,MO_1_390,MO,,,,"{""pa"": 48928235520, ""num_pages"": 1, ""page_size"": 4096}"
RESOURCE,MO_1_391,MO,,,,"{""pa"": 48928239616, ""num_pages"": 1, ""page_size"": 4096}"
RESOURCE,MO_1_392,MO,,,,"{""pa"": 49981599744, ""num_pages"": 1, ""page_size"": 4096}"
RESOURCE,MO_1_393,MO,,,,"{""pa"": 50086019072, ""num_pages"": 1, ""page_size"": 4096}"
RESOURCE,MO_1_394,MO,,,,"{""pa"": 50331435008, ""num_pages"": 1, ""page_size"": 4096}"
RESOURCE,MO_1_395,MO,,,,"{""pa"": 50331439104, ""num_pages"": 1, ""page_size"": 4096}"
RESOURCE,MO_1_396,MO,,,,"{""pa"": 50517688320, ""num_pages"": 1, ""page_size"": 4096}"
RESOURCE,MO_1_397,MO,,,,"{""pa"": 50517692416, ""num_pages"": 1, ""page_size"": 4096}"
RESOURCE,MO_1_398,MO,,,,"{""pa"": 50596392960, ""num_pages"": 1, ""page_size"": 4096}"
RESOURCE,MO_1_399,MO,,,,"{""pa"": 50612117504, ""num_pages"": 1, ""page_size"": 4096}"
RESOURCE,MO_1_400,MO,,,,"{""pa"": 50831003648, ""num_pages"": 1, ""page_size"": 4096}"
RESOURCE,MO_1_401,MO,,,,"{""pa"": 51016404992, ""num_pages"": 1, ""page_size"": 4096}"
RESOURCE,MO_1_402,MO,,,,"{""pa"": 51238662144, ""num_pages"": 1, ""page_size"": 4096}"
RESOURCE,MO_1_403,MO,,,,"{""pa"": 51440455680, ""num_pages"": 1, ""page_size"": 4096}"
RESOURCE,MO_1_404,MO,,,,"{""pa"": 51542876160, ""num_pages"": 1, ""page_size"": 4096}"
RESOURCE,MO_1_405,MO,,,,"{""pa"": 51682426880, ""num_pages"": 1, ""page_size"": 4096}"
RESOURCE,MO_1_406,MO,,,,"{""pa"": 51751620608, ""num_pages"": 1, ""page_size"": 4096}"
RESOURCE,MO_1_407,MO,,,,"{""pa"": 51759497216, ""num_pages"": 1, ""page_size"": 4096}"
RESOURCE,MO_1_408,MO,,,,"{""pa"": 52027432960, ""num_pages"": 1, ""page_size"": 4096}"
RESOURCE,MO_1_409,MO,,,,"{""pa"": 52419829760, ""num_pages"": 1, ""page_size"": 4096}"
RESOURCE,MO_1_410,MO,,,,"{""pa"": 52566167552, ""num_pages"": 1, ""page_size"": 4096}"
RESOURCE,MO_1_411,MO,,,,"{""pa"": 52583743488, ""num_pages"": 1, ""page_size"": 4096}"
RESOURCE,MO_1_412,MO,,,,"{""pa"": 52772061184, ""num_pages"": 1, ""page_size"": 4096}"
RESOURCE,MO_1_413,MO,,,,"{""pa"": 52993114112, ""num_pages"": 1, ""page_size"": 4096}"
RESOURCE,MO_1_414,MO,,,,"{""pa"": 53222678528, ""num_pages"": 1, ""page_size"": 4096}"
RESOURCE,MO_1_415,MO,,,,"{""pa"": 53257494528, ""num_pages"": 1, ""page_size"": 4096}"
RESOURCE,MO_1_416,MO,,,,"{""pa"": 53257498624, ""num_pages"": 1, ""page_size"": 4096}"
RESOURCE,MO_1_417,MO,,,,"{""pa"": 54075510784, ""num_pages"": 1, ""page_size"": 4096}"
RESOURCE,MO_1_418,MO,,,,"{""pa"": 54096060416, ""num_pages"": 1, ""page_size"": 4096}"
RESOURCE,MO_1_419,MO,,,,"{""pa"": 54096064512, ""num_pages"": 1, ""page_size"": 4096}"
RESOURCE,MO_1_420,MO,,,,"{""pa"": 54151471104, ""num_pages"": 1, ""page_size"": 4096}"
RESOURCE,MO_1_421,MO,,,,"{""pa"": 54151475200, ""num_pages"": 1, ""page_size"": 4096}"
RESOURCE,MO_1_422,MO,,,,"{""pa"": 54153388032, ""num_pages"": 1, ""page_size"": 4096}"
RESOURCE,MO_1_423,MO,,,,"{""pa"": 54282457088, ""num_pages"": 1, ""page_size"": 4096}"
RESOURCE,MO_1_424,MO,,,,"{""pa"": 54570807296, ""num_pages"": 1, ""page_size"": 4096}"
RESOURCE,MO_1_425,MO,,,,"{""pa"": 54658334720, ""num_pages"": 1, ""page_size"": 4096}"
RESOURCE,MO_1_426,MO,,,,"{""pa"": 54658338816, ""num_pages"": 1, ""page_size"": 4096}"
RESOURCE,MO_1_427,MO,,,,"{""pa"": 54786101248, ""num_pages"": 1, ""page_size"": 4096}"
RESOURCE,MO_1_428,MO,,,,"{""pa"": 55062450176, ""num_pages"": 1, ""page_size"": 4096}"
RESOURCE,MO_1_429,MO,,,,"{""pa"": 55493976064, ""num_pages"": 1, ""page_size"": 4096}"
RESOURCE,MO_1_430,MO,,,,"{""pa"": 55614025728, ""num_pages"": 1, ""page_size"": 4096}"
RESOURCE,MO_1_431,MO,,,,"{""pa"": 55828824064, ""num_pages"": 1, ""page_size"": 4096}"
RESOURCE,MO_1_432,MO,,,,"{""pa"": 55828828160, ""num_pages"": 1, ""page_size"": 4096}"
RESOURCE,MO_1_433,MO,,,,"{""pa"": 56069808128, ""num_pages"": 1, ""page_size"": 4096}"
RESOURCE,MO_1_434,MO,,,,"{""pa"": 56172756992, ""num_pages"": 1, ""page_size"": 4096}"
RESOURCE,MO_1_435,MO,,,,"{""pa"": 57002385408, ""num_pages"": 1, ""page_size"": 4096}"
RESOURCE,MO_1_436,MO,,,,"{""pa"": 57002389504, ""num_pages"": 1, ""page_size"": 4096}"
RESOURCE,MO_1_437,MO,,,,"{""pa"": 57083949056, ""num_pages"": 1, ""page_size"": 4096}"
RESOURCE,MO_1_438,MO,,,,"{""pa"": 57182715904, ""num_pages"": 1, ""page_size"": 4096}"
RESOURCE,MO_1_439,MO,,,,"{""pa"": 57334333440, ""num_pages"": 1, ""page_size"": 4096}"
RESOURCE,MO_1_440,MO,,,,"{""pa"": 57334337536, ""num_pages"": 1, ""page_size"": 4096}"
RESOURCE,MO_1_441,MO,,,,"{""pa"": 57715015680, ""num_pages"": 1, ""page_size"": 4096}"
RESOURCE,MO_1_442,MO,,,,"{""pa"": 57715019776, ""num_pages"": 1, ""page_size"": 4096}"
RESOURCE,MO_1_443,MO,,,,"{""pa"": 57810501632, ""num_pages"": 1, ""page_size"": 4096}"
RESOURCE,MO_1_444,MO,,,,"{""pa"": 57810505728, ""num_pages"": 1, ""page_size"": 4096}"
RESOURCE,MO_1_445,MO,,,,"{""pa"": 57942642688, ""num_pages"": 1, ""page_size"": 4096}"
RESOURCE,MO_1_446,MO,,,,"{""pa"": 58462863360, ""num_pages"": 1, ""page_size"": 4096}"
RESOURCE,MO_1_447,MO,,,,"{""pa"": 58473259008, ""num_pages"": 1, ""page_size"": 4096}"
RESOURCE,MO_1_448,MO,,,,"{""pa"": 58473263104, ""num_pages"": 1, ""page_size"": 4096}"
RESOURCE,MO_1_449,MO,,,,"{""pa"": 58643898368, ""num_pages"": 1, ""page_size"": 4096}"
RESOURCE,MO_1_450,MO,,,,"{""pa"": 59023638528, ""num_pages"": 1, ""page_size"": 4096}"
RESOURCE,MO_1_451,MO,,,,"{""pa"": 59023642624, ""num_pages"": 1, ""page_size"": 4096}"
RESOURCE,MO_1_452,MO,,,,"{""pa"": 59154300928, ""num_pages"": 1, ""page_size"": 4096}"
RESOURCE,MO_1_453,MO,,,,"{""pa"": 59311775744, ""num_pages"": 1, ""page_size"": 4096}"
RESOURCE,MO_1_454,MO,,,,"{""pa"": 59598995456, ""num_pages"": 1, ""page_size"": 4096}"
RESOURCE,MO_1_455,MO,,,,"{""pa"": 59764875264, ""num_pages"": 1, ""page_size"": 4096}"
RESOURCE,MO_1_456,MO,,,,"{""pa"": 59764879360, ""num_pages"": 1, ""page_size"": 4096}"
RESOURCE,MO_1_457,MO,,,,"{""pa"": 60003196928, ""num_pages"": 1, ""page_size"": 4096}"
RESOURCE,MO_1_458,MO,,,,"{""pa"": 60167659520, ""num_pages"": 1, ""page_size"": 4096}"
RESOURCE,MO_1_459,MO,,,,"{""pa"": 60307529728, ""num_pages"": 2, ""page_size"": 4096}"
RESOURCE,MO_1_460,MO,,,,"{""pa"": 60350279680, ""num_pages"": 1, ""page_size"": 4096}"
RESOURCE,MO_1_461,MO,,,,"{""pa"": 60620726272, ""num_pages"": 1, ""page_size"": 4096}"
RESOURCE,MO_1_462,MO,,,,"{""pa"": 60657713152, ""num_pages"": 1, ""page_size"": 4096}"
RESOURCE,MO_1_463,MO,,,,"{""pa"": 60657717248, ""num_pages"": 1, ""page_size"": 4096}"
RESOURCE,MO_1_464,MO,,,,"{""pa"": 60744978432, ""num_pages"": 1, ""page_size"": 4096}"
RESOURCE,MO_1_465,MO,,,,"{""pa"": 60779986944, ""num_pages"": 1, ""page_size"": 4096}"
RESOURCE,MO_1_466,MO,,,,"{""pa"": 60779991040, ""num_pages"": 1, ""page_size"": 4096}"
RESOURCE,MO_1_467,MO,,,,"{""pa"": 60807598080, ""num_pages"": 1, ""page_size"": 4096}"
RESOURCE,MO_1_468,MO,,,,"{""pa"": 60968542208, ""num_pages"": 1, ""page_size"": 4096}"
RESOURCE,MO_1_469,MO,,,,"{""pa"": 61070512128, ""num_pages"": 1, ""page_size"": 4096}"
RESOURCE,MO_1_470,MO,,,,"{""pa"": 61098647552, ""num_pages"": 1, ""page_size"": 4096}"
RESOURCE,MO_1_471,MO,,,,"{""pa"": 61098651648, ""num_pages"": 1, ""page_size"": 4096}"
RESOURCE,MO_1_472,MO,,,,"{""pa"": 61193396224, ""num_pages"": 1, ""page_size"": 4096}"
RESOURCE,MO_1_473,MO,,,,"{""pa"": 61259689984, ""num_pages"": 1, ""page_size"": 4096}"
RESOURCE,MO_1_474,MO,,,,"{""pa"": 61262209024, ""num_pages"": 1, ""page_size"": 4096}"
RESOURCE,MO_1_475,MO,,,,"{""pa"": 61262213120, ""num_pages"": 1, ""page_size"": 4096}"
RESOURCE,MO_1_476,MO,,,,"{""pa"": 61507657728, ""num_pages"": 1, ""page_size"": 4096}"
RESOURCE,MO_1_477,MO,,,,"{""pa"": 61589544960, ""num_pages"": 1, ""page_size"": 4096}"
RESOURCE,MO_1_478,MO,,,,"{""pa"": 61708009472, ""num_pages"": 1, ""page_size"": 4096}"
RESOURCE,MO_1_479,MO,,,,"{""pa"": 61708013568, ""num_pages"": 1, ""page_size"": 4096}"
RESOURCE,MO_1_480,MO,,,,"{""pa"": 61762895872, ""num_pages"": 1, ""page_size"": 4096}"
RESOURCE,MO_1_481,MO,,,,"{""pa"": 61762899968, ""num_pages"": 1, ""page_size"": 4096}"
RESOURCE,MO_1_482,MO,,,,"{""pa"": 61870710784, ""num_pages"": 1, ""page_size"": 4096}"
RESOURCE,MO_1_483,MO,,,,"{""pa"": 61941833728, ""num_pages"": 1, ""page_size"": 4096}"
RESOURCE,MO_1_484,MO,,,,"{""pa"": 62035496960, ""num_pages"": 1, ""page_size"": 4096}"
RESOURCE,MO_1_485,MO,,,,"{""pa"": 62198497280, ""num_pages"": 1, ""page_size"": 4096}"
RESOURCE,MO_1_486,MO,,,,"{""pa"": 62198501376, ""num_pages"": 1, ""page_size"": 4096}"
RESOURCE,MO_1_487,MO,,,,"{""pa"": 62351925248, ""num_pages"": 1, ""page_size"": 4096}"
RESOURCE,MO_1_488,MO,,,,"{""pa"": 62705664000, ""num_pages"": 1, ""page_size"": 4096}"
RESOURCE,MO_1_489,MO,,,,"{""pa"": 62705668096, ""num_pages"": 1, ""page_size"": 4096}"
RESOURCE,MO_1_490,MO,,,,"{""pa"": 62876205056, ""num_pages"": 1, ""page_size"": 4096}"
RESOURCE,MO_1_491,MO,,,,"{""pa"": 62947241984, ""num_pages"": 1, ""page_size"": 4096}"
RESOURCE,MO_1_492,MO,,,,"{""pa"": 62961799168, ""num_pages"": 1, ""page_size"": 4096}"
RESOURCE,MO_1_493,MO,,,,"{""pa"": 63077281792, ""num_pages"": 1, ""page_size"": 4096}"
RESOURCE,MO_1_494,MO,,,,"{""pa"": 63113011200, ""num_pages"": 1, ""page_size"": 4096}"
RESOURCE,MO_1_495,MO,,,,"{""pa"": 63383650304, ""num_pages"": 2, ""page_size"": 4096}"
RESOURCE,MO_1_496,MO,,,,"{""pa"": 63644385280, ""num_pages"": 1, ""page_size"": 4096}"
RESOURCE,MO_1_497,MO,,,,"{""pa"": 63703855104, ""num_pages"": 1, ""page_size"": 4096}"
RESOURCE,MO_1_498,MO,,,,"{""pa"": 63713316864, ""num_pages"": 1, ""page_size"": 4096}"
RESOURCE,MO_1_499,MO,,,,"{""pa"": 63791984640, ""num_pages"": 1, ""page_size"": 4096}"
RESOURCE,MO_1_500,MO,,,,"{""pa"": 64103276544, ""num_pages"": 1, ""page_size"": 4096}"
RESOURCE,MO_1_501,MO,,,,"{""pa"": 64171757568, ""num_pages"": 1, ""page_size"": 4096}"
RESOURCE,MO_1_502,MO,,,,"{""pa"": 64218087424, ""num_pages"": 1, ""page_size"": 4096}"
RESOURCE,MO_1_503,MO,,,,"{""pa"": 64218091520, ""num_pages"": 1, ""page_size"": 4096}"
RESOURCE,MO_1_504,MO,,,,"{""pa"": 64339521536, ""num_pages"": 1, ""page_size"": 4096}"
RESOURCE,MO_1_505,MO,,,,"{""pa"": 64875433984, ""num_pages"": 1, ""page_size"": 4096}"
RESOURCE,MO_1_506,MO,,,,"{""pa"": 65045012480, ""num_pages"": 1, ""page_size"": 4096}"
RESOURCE,MO_1_507,MO,,,,"{""pa"": 65150640128, ""num_pages"": 1, ""page_size"": 4096}"
RESOURCE,MO_1_508,MO,,,,"{""pa"": 65150644224, ""num_pages"": 1, ""page_size"": 4096}"
RESOURCE,MO_1_509,MO,,,,"{""pa"": 65217064960, ""num_pages"": 1, ""page_size"": 4096}"
RESOURCE,MO_1_510,MO,,,,"{""pa"": 65344757760, ""num_pages"": 1, ""page_size"": 4096}"
RESOURCE,MO_1_511,MO,,,,"{""pa"": 65381453824, ""num_pages"": 1, ""page_size"": 4096}"
RESOURCE,MO_1_512,MO,,,,"{""pa"": 65494228992, ""num_pages"": 1, ""page_size"": 4096}"
RESOURCE,MO_1_513,MO,,,,"{""pa"": 65618296832, ""num_pages"": 1, ""page_size"": 4096}"
RESOURCE,MO_1_514,MO,,,,"{""pa"": 65705644032, ""num_pages"": 1, ""page_size"": 4096}"
RESOURCE,MO_1_515,MO,,,,"{""pa"": 66105585664, ""num_pages"": 1, ""page_size"": 4096}"
RESOURCE,MO_1_516,MO,,,,"{""pa"": 66351009792, ""num_pages"": 1, ""page_size"": 4096}"
RESOURCE,MO_1_517,MO,,,,"{""pa"": 66351153152, ""num_pages"": 1, ""page_size"": 4096}"
RESOURCE,MO_1_518,MO,,,,"{""pa"": 66354184192, ""num_pages"": 1, ""page_size"": 4096}"
RESOURCE,MO_1_519,MO,,,,"{""pa"": 66496217088, ""num_pages"": 1, ""page_size"": 4096}"
RESOURCE,MO_1_520,MO,,,,"{""pa"": 66497855488, ""num_pages"": 1, ""page_size"": 4096}"
RESOURCE,MO_1_521,MO,,,,"{""pa"": 66497859584, ""num_pages"": 1, ""page_size"": 4096}"
RESOURCE,MO_1_522,MO,,,,"{""pa"": 66563284992, ""num_pages"": 1, ""page_size"": 4096}"
RESOURCE,MO_1_523,MO,,,,"{""pa"": 66563289088, ""num_pages"": 1, ""page_size"": 4096}"
RESOURCE,MO_1_524,MO,,,,"{""pa"": 66619547648, ""num_pages"": 1, ""page_size"": 4096}"
RESOURCE,MO_1_525,MO,,,,"{""pa"": 66623176704, ""num_pages"": 1, ""page_size"": 4096}"
RESOURCE,MO_1_526,MO,,,,"{""pa"": 66694012928, ""num_pages"": 1, ""page_size"": 4096}"
RESOURCE,MO_1_527,MO,,,,"{""pa"": 66694017024, ""num_pages"": 1, ""page_size"": 4096}"
RESOURCE,MO_1_528,MO,,,,"{""pa"": 67745402880, ""num_pages"": 1, ""page_size"": 4096}"
RESOURCE,MO_1_529,MO,,,,"{""pa"": 122624819200, ""num_pages"": 1, ""page_size"": 4096}"
RESOURCE,MO_1_530,MO,,,,"{""pa"": 122624831488, ""num_pages"": 1, ""page_size"": 4096}"
RESOURCE,MO_1_531,MO,,,,"{""pa"": 122624864256, ""num_pages"": 1, ""page_size"": 4096}"
RESOURCE,MO_1_532,MO,,,,"{""pa"": 122625175552, ""num_pages"": 1, ""page_size"": 4096}"
RESOURCE,MO_1_533,MO,,,,"{""pa"": 122625306624, ""num_pages"": 1, ""page_size"": 4096}"
RESOURCE,MO_1_534,MO,,,,"{""pa"": 122625310720, ""num_pages"": 1, ""page_size"": 4096}"
RESOURCE,MO_1_535,MO,,,,"{""pa"": 122625343488, ""num_pages"": 1, ""page_size"": 4096}"
RESOURCE,MO_1_536,MO,,,,"{""pa"": 122625400832, ""num_pages"": 1, ""page_size"": 4096}"
RESOURCE,MO_1_537,MO,,,,"{""pa"": 122625458176, ""num_pages"": 1, ""page_size"": 4096}"
RESOURCE,MO_1_538,MO,,,,"{""pa"": 122625511424, ""num_pages"": 1, ""page_size"": 4096}"
RESOURCE,MO_1_539,MO,,,,"{""pa"": 122625527808, ""num_pages"": 1, ""page_size"": 4096}"
RESOURCE,MO_1_540,MO,,,,"{""pa"": 122625556480, ""num_pages"": 1, ""page_size"": 4096}"
RESOURCE,MO_1_541,MO,,,,"{""pa"": 122625564672, ""num_pages"": 1, ""page_size"": 4096}"
RESOURCE,MO_1_542,MO,,,,"{""pa"": 122625585152, ""num_pages"": 3, ""page_size"": 4096}"
RESOURCE,MO_1_543,MO,,,,"{""pa"": 122625609728, ""num_pages"": 1, ""page_size"": 4096}"
RESOURCE,MO_1_544,MO,,,,"{""pa"": 122625613824, ""num_pages"": 1, ""page_size"": 4096}"
RESOURCE,MO_1_545,MO,,,,"{""pa"": 122625777664, ""num_pages"": 1, ""page_size"": 4096}"
RESOURCE,MO_1_546,MO,,,,"{""pa"": 122625802240, ""num_pages"": 1, ""page_size"": 4096}"
RESOURCE,MO_1_547,MO,,,,"{""pa"": 122625814528, ""num_pages"": 1, ""page_size"": 4096}"
RESOURCE,MO_1_548,MO,,,,"{""pa"": 122625888256, ""num_pages"": 2, ""page_size"": 4096}"
RESOURCE,MO_1_549,MO,,,,"{""pa"": 122654445568, ""num_pages"": 1, ""page_size"": 4096}"
RESOURCE,MO_1_550,MO,,,,"{""pa"": 122661453824, ""num_pages"": 1, ""page_size"": 4096}"
RESOURCE,MO_1_551,MO,,,,"{""pa"": 122661470208, ""num_pages"": 1, ""page_size"": 4096}"
RESOURCE,MO_1_552,MO,,,,"{""pa"": 122661511168, ""num_pages"": 1, ""page_size"": 4096}"
RESOURCE,MO_1_553,MO,,,,"{""pa"": 122661818368, ""num_pages"": 1, ""page_size"": 4096}"
RESOURCE,MO_1_554,MO,,,,"{""pa"": 122662035456, ""num_pages"": 1, ""page_size"": 4096}"
RESOURCE,MO_1_555,MO,,,,"{""pa"": 122662068224, ""num_pages"": 2, ""page_size"": 4096}"
RESOURCE,MO_1_556,MO,,,,"{""pa"": 122662133760, ""num_pages"": 2, ""page_size"": 4096}"
RESOURCE,MO_1_557,MO,,,,"{""pa"": 122662150144, ""num_pages"": 2, ""page_size"": 4096}"
RESOURCE,MO_1_558,MO,,,,"{""pa"": 122662244352, ""num_pages"": 1, ""page_size"": 4096}"
RESOURCE,MO_1_559,MO,,,,"{""pa"": 122662248448, ""num_pages"": 1, ""page_size"": 4096}"
RESOURCE,MO_1_560,MO,,,,"{""pa"": 122662268928, ""num_pages"": 1, ""page_size"": 4096}"
RESOURCE,MO_1_561,MO,,,,"{""pa"": 122662338560, ""num_pages"": 1, ""page_size"": 4096}"
RESOURCE,MO_1_562,MO,,,,"{""pa"": 122662391808, ""num_pages"": 1, ""page_size"": 4096}"
RESOURCE,MO_1_563,MO,,,,"{""pa"": 122662400000, ""num_pages"": 1, ""page_size"": 4096}"
RESOURCE,MO_1_564,MO,,,,"{""pa"": 122662404096, ""num_pages"": 1, ""page_size"": 4096}"
RESOURCE,MO_1_565,MO,,,,"{""pa"": 122662408192, ""num_pages"": 1, ""page_size"": 4096}"
RESOURCE,MO_1_566,MO,,,,"{""pa"": 122662416384, ""num_pages"": 1, ""page_size"": 4096}"
RESOURCE,MO_1_567,MO,,,,"{""pa"": 122666987520, ""num_pages"": 1, ""page_size"": 4096}"
RESOURCE,MO_1_568,MO,,,,"{""pa"": 122666991616, ""num_pages"": 2, ""page_size"": 4096}"
RESOURCE,MO_1_569,MO,,,,"{""pa"": 122667008000, ""num_pages"": 1, ""page_size"": 4096}"
RESOURCE,MO_1_570,MO,,,,"{""pa"": 122667139072, ""num_pages"": 2, ""page_size"": 4096}"
RESOURCE,MO_1_571,MO,,,,"{""pa"": 122667163648, ""num_pages"": 2, ""page_size"": 4096}"
RESOURCE,MO_1_572,MO,,,,"{""pa"": 122667204608, ""num_pages"": 1, ""page_size"": 4096}"
RESOURCE,MO_1_573,MO,,,,"{""pa"": 122667302912, ""num_pages"": 1, ""page_size"": 4096}"
RESOURCE,MO_1_574,MO,,,,"{""pa"": 122667540480, ""num_pages"": 1, ""page_size"": 4096}"
RESOURCE,MO_1_575,MO,,,,"{""pa"": 122667618304, ""num_pages"": 1, ""page_size"": 4096}"
RESOURCE,MO_1_576,MO,,,,"{""pa"": 122667745280, ""num_pages"": 1, ""page_size"": 4096}"
RESOURCE,MO_1_577,MO,,,,"{""pa"": 122668081152, ""num_pages"": 15, ""page_size"": 4096}"
RESOURCE,MO_1_578,MO,,,,"{""pa"": 122668711936, ""num_pages"": 1, ""page_size"": 4096}"
RESOURCE,MO_1_579,MO,,,,"{""pa"": 122668744704, ""num_pages"": 1, ""page_size"": 4096}"
RESOURCE,MO_1_580,MO,,,,"{""pa"": 122669015040, ""num_pages"": 1, ""page_size"": 4096}"
RESOURCE,MO_1_581,MO,,,,"{""pa"": 122669137920, ""num_pages"": 8, ""page_size"": 4096}"
RESOURCE,MO_1_582,MO,,,,"{""pa"": 122669551616, ""num_pages"": 1, ""page_size"": 4096}"
RESOURCE,MO_1_583,MO,,,,"{""pa"": 122669670400, ""num_pages"": 1, ""page_size"": 4096}"
RESOURCE,MO_1_584,MO,,,,"{""pa"": 122669727744, ""num_pages"": 8, ""page_size"": 4096}"
RESOURCE,MO_1_585,MO,,,,"{""pa"": 122669846528, ""num_pages"": 1, ""page_size"": 4096}"
RESOURCE,MO_1_586,MO,,,,"{""pa"": 122669940736, ""num_pages"": 1, ""page_size"": 4096}"
RESOURCE,MO_1_587,MO,,,,"{""pa"": 122669944832, ""num_pages"": 1, ""page_size"": 4096}"
RESOURCE,MO_1_588,MO,,,,"{""pa"": 122669965312, ""num_pages"": 1, ""page_size"": 4096}"
RESOURCE,MO_1_589,MO,,,,"{""pa"": 122669985792, ""num_pages"": 1, ""page_size"": 4096}"
RESOURCE,MO_1_590,MO,,,,"{""pa"": 122670014464, ""num_pages"": 1, ""page_size"": 4096}"
RESOURCE,MO_1_591,MO,,,,"{""pa"": 122670026752, ""num_pages"": 1, ""page_size"": 4096}"
RESOURCE,MO_1_592,MO,,,,"{""pa"": 122670145536, ""num_pages"": 1, ""page_size"": 4096}"
RESOURCE,MO_1_593,MO,,,,"{""pa"": 122670292992, ""num_pages"": 1, ""page_size"": 4096}"
RESOURCE,MO_1_594,MO,,,,"{""pa"": 122670436352, ""num_pages"": 1, ""page_size"": 4096}"
RESOURCE,MO_1_595,MO,,,,"{""pa"": 122670571520, ""num_pages"": 1, ""page_size"": 4096}"
RESOURCE,MO_1_596,MO,,,,"{""pa"": 122670632960, ""num_pages"": 1, ""page_size"": 4096}"
RESOURCE,MO_1_597,MO,,,,"{""pa"": 122670641152, ""num_pages"": 1, ""page_size"": 4096}"
RESOURCE,MO_1_598,MO,,,,"{""pa"": 122670772224, ""num_pages"": 1, ""page_size"": 4096}"
RESOURCE,MO_1_599,MO,,,,"{""pa"": 122670776320, ""num_pages"": 1, ""page_size"": 4096}"
RESOURCE,MO_1_600,MO,,,,"{""pa"": 122670784512, ""num_pages"": 1, ""page_size"": 4096}"
RESOURCE,MO_1_601,MO,,,,"{""pa"": 122670800896, ""num_pages"": 1, ""page_size"": 4096}"
RESOURCE,MO_1_602,MO,,,,"{""pa"": 122670809088, ""num_pages"": 1, ""page_size"": 4096}"
RESOURCE,MO_1_603,MO,,,,"{""pa"": 122670850048, ""num_pages"": 1, ""page_size"": 4096}"
RESOURCE,MO_1_604,MO,,,,"{""pa"": 122670858240, ""num_pages"": 1, ""page_size"": 4096}"
RESOURCE,MO_1_605,MO,,,,"{""pa"": 122670936064, ""num_pages"": 1, ""page_size"": 4096}"
RESOURCE,MO_1_606,MO,,,,"{""pa"": 122670956544, ""num_pages"": 1, ""page_size"": 4096}"
RESOURCE,MO_1_607,MO,,,,"{""pa"": 122670993408, ""num_pages"": 1, ""page_size"": 4096}"
RESOURCE,MO_1_608,MO,,,,"{""pa"": 122671132672, ""num_pages"": 1, ""page_size"": 4096}"
RESOURCE,MO_1_609,MO,,,,"{""pa"": 122671136768, ""num_pages"": 1, ""page_size"": 4096}"
RESOURCE,MO_1_610,MO,,,,"{""pa"": 122671165440, ""num_pages"": 1, ""page_size"": 4096}"
RESOURCE,MO_1_611,MO,,,,"{""pa"": 122671169536, ""num_pages"": 1, ""page_size"": 4096}"
RESOURCE,MO_1_612,MO,,,,"{""pa"": 122671280128, ""num_pages"": 1, ""page_size"": 4096}"
RESOURCE,MO_1_613,MO,,,,"{""pa"": 122671771648, ""num_pages"": 1, ""page_size"": 4096}"
RESOURCE,MO_1_614,MO,,,,"{""pa"": 122688167936, ""num_pages"": 2, ""page_size"": 4096}"
RESOURCE,MO_1_615,MO,,,,"{""pa"": 122688569344, ""num_pages"": 2, ""page_size"": 4096}"
RESOURCE,MO_1_616,MO,,,,"{""pa"": 122688745472, ""num_pages"": 1, ""page_size"": 4096}"
RESOURCE,MO_1_617,MO,,,,"{""pa"": 122688770048, ""num_pages"": 1, ""page_size"": 4096}"
RESOURCE,MO_1_618,MO,,,,"{""pa"": 122688794624, ""num_pages"": 1, ""page_size"": 4096}"
RESOURCE,MO_1_619,MO,,,,"{""pa"": 122688835584, ""num_pages"": 1, ""page_size"": 4096}"
RESOURCE,MO_1_620,MO,,,,"{""pa"": 122688839680, ""num_pages"": 1, ""page_size"": 4096}"
RESOURCE,MO_1_621,MO,,,,"{""pa"": 122688843776, ""num_pages"": 1, ""page_size"": 4096}"
RESOURCE,MO_1_622,MO,,,,"{""pa"": 122688847872, ""num_pages"": 1, ""page_size"": 4096}"
RESOURCE,MO_1_623,MO,,,,"{""pa"": 122688851968, ""num_pages"": 1, ""page_size"": 4096}"
RESOURCE,MO_1_624,MO,,,,"{""pa"": 122688868352, ""num_pages"": 1, ""page_size"": 4096}"
RESOURCE,MO_1_625,MO,,,,"{""pa"": 122688872448, ""num_pages"": 1, ""page_size"": 4096}"
RESOURCE,MO_1_626,MO,,,,"{""pa"": 122688876544, ""num_pages"": 1, ""page_size"": 4096}"
RESOURCE,MO_1_627,MO,,,,"{""pa"": 122688880640, ""num_pages"": 1, ""page_size"": 4096}"
RESOURCE,MO_1_628,MO,,,,"{""pa"": 122688888832, ""num_pages"": 1, ""page_size"": 4096}"
RESOURCE,MO_1_629,MO,,,,"{""pa"": 122689638400, ""num_pages"": 1, ""page_size"": 4096}"
RESOURCE,MO_1_630,MO,,,,"{""pa"": 122689916928, ""num_pages"": 1, ""page_size"": 4096}"
RESOURCE,MO_1_631,MO,,,,"{""pa"": 122689937408, ""num_pages"": 1, ""page_size"": 4096}"
RESOURCE,MO_1_632,MO,,,,"{""pa"": 122689941504, ""num_pages"": 1, ""page_size"": 4096}"
RESOURCE,MO_1_633,MO,,,,"{""pa"": 122690043904, ""num_pages"": 1, ""page_size"": 4096}"
RESOURCE,MO_1_634,MO,,,,"{""pa"": 122690097152, ""num_pages"": 1, ""page_size"": 4096}"
RESOURCE,MO_1_635,MO,,,,"{""pa"": 122690101248, ""num_pages"": 1, ""page_size"": 4096}"
RESOURCE,MO_1_636,MO,,,,"{""pa"": 122690113536, ""num_pages"": 1, ""page_size"": 4096}"
RESOURCE,MO_1_637,MO,,,,"{""pa"": 122690752512, ""num_pages"": 1, ""page_size"": 4096}"
RESOURCE,MO_1_638,MO,,,,"{""pa"": 122690830336, ""num_pages"": 1, ""page_size"": 4096}"
RESOURCE,MO_1_639,MO,,,,"{""pa"": 122690949120, ""num_pages"": 1, ""page_size"": 4096}"
RESOURCE,MO_1_640,MO,,,,"{""pa"": 122690969600, ""num_pages"": 1, ""page_size"": 4096}"
RESOURCE,MO_1_641,MO,,,,"{""pa"": 122690973696, ""num_pages"": 1, ""page_size"": 4096}"
RESOURCE,MO_1_642,MO,,,,"{""pa"": 122690985984, ""num_pages"": 1, ""page_size"": 4096}"
RESOURCE,MO_1_643,MO,,,,"{""pa"": 122691059712, ""num_pages"": 2, ""page_size"": 4096}"
RESOURCE,MO_1_644,MO,,,,"{""pa"": 122691076096, ""num_pages"": 2, ""page_size"": 4096}"
RESOURCE,MO_1_645,MO,,,,"{""pa"": 122691133440, ""num_pages"": 2, ""page_size"": 4096}"
RESOURCE,MO_1_646,MO,,,,"{""pa"": 122691158016, ""num_pages"": 8, ""page_size"": 4096}"
RESOURCE,MO_1_647,MO,,,,"{""pa"": 137149562880, ""num_pages"": 2, ""page_size"": 4096}"
RESOURCE,MO_1_648,MO,,,,"{""pa"": 137149636608, ""num_pages"": 1, ""page_size"": 4096}"
RESOURCE,MO_1_649,MO,,,,"{""pa"": 137149640704, ""num_pages"": 1, ""page_size"": 4096}"
RESOURCE,MO_1_650,MO,,,,"{""pa"": 137149652992, ""num_pages"": 1, ""page_size"": 4096}"
RESOURCE,MO_1_651,MO,,,,"{""pa"": 137149657088, ""num_pages"": 1, ""page_size"": 4096}"
RESOURCE,MO_1_652,MO,,,,"{""pa"": 137149661184, ""num_pages"": 2, ""page_size"": 4096}"
RESOURCE,MO_1_653,MO,,,,"{""pa"": 137149968384, ""num_pages"": 1, ""page_size"": 4096}"
RESOURCE,MO_1_654,MO,,,,"{""pa"": 137150005248, ""num_pages"": 9, ""page_size"": 4096}"
RESOURCE,MO_1_655,MO,,,,"{""pa"": 137150423040, ""num_pages"": 1, ""page_size"": 4096}"
RESOURCE,MO_1_656,MO,,,,"{""pa"": 137150427136, ""num_pages"": 1, ""page_size"": 4096}"
RESOURCE,MO_1_657,MO,,,,"{""pa"": 137150431232, ""num_pages"": 1, ""page_size"": 4096}"
RESOURCE,MO_1_658,MO,,,,"{""pa"": 137150435328, ""num_pages"": 1, ""page_size"": 4096}"
RESOURCE,MO_1_659,MO,,,,"{""pa"": 137150476288, ""num_pages"": 1, ""page_size"": 4096}"
RESOURCE,MO_1_660,MO,,,,"{""pa"": 137150500864, ""num_pages"": 7, ""page_size"": 4096}"
RESOURCE,MO_1_661,MO,,,,"{""pa"": 137150758912, ""num_pages"": 6, ""page_size"": 4096}"
RESOURCE,MO_1_662,MO,,,,"{""pa"": 137150787584, ""num_pages"": 1, ""page_size"": 4096}"
RESOURCE,MO_1_663,MO,,,,"{""pa"": 137150996480, ""num_pages"": 1, ""page_size"": 4096}"
RESOURCE,MO_1_664,MO,,,,"{""pa"": 137151168512, ""num_pages"": 1, ""page_size"": 4096}"
RESOURCE,MO_1_665,MO,,,,"{""pa"": 137259909120, ""num_pages"": 1, ""page_size"": 4096}"
RESOURCE,MO_1_666,MO,,,,"{""pa"": 137260036096, ""num_pages"": 1, ""page_size"": 4096}"
RESOURCE,MO_1_667,MO,,,,"{""pa"": 137260130304, ""num_pages"": 1, ""page_size"": 4096}"
RESOURCE,MO_1_668,MO,,,,"{""pa"": 137260138496, ""num_pages"": 1, ""page_size"": 4096}"
RESOURCE,MO_1_669,MO,,,,"{""pa"": 137260146688, ""num_pages"": 1, ""page_size"": 4096}"
RESOURCE,MO_1_670,MO,,,,"{""pa"": 139478929408, ""num_pages"": 1, ""page_size"": 4096}"
RESOURCE,MO_1_671,MO,,,,"{""pa"": 139512770560, ""num_pages"": 1, ""page_size"": 4096}"
RESOURCE,MO_1_672,MO,,,,"{""pa"": 139518111744, ""num_pages"": 1, ""page_size"": 4096}"
RESOURCE,MO_1_673,MO,,,,"{""pa"": 139520843776, ""num_pages"": 1, ""page_size"": 4096}"
RESOURCE,MO_1_674,MO,,,,"{""pa"": 139562139648, ""num_pages"": 2, ""page_size"": 4096}"
RESOURCE,MO_1_675,MO,,,,"{""pa"": 139581227008, ""num_pages"": 4, ""page_size"": 4096}"
RESOURCE,MO_1_676,MO,,,,"{""pa"": 139581980672, ""num_pages"": 2, ""page_size"": 4096}"
RESOURCE,MO_1_677,MO,,,,"{""pa"": 139584323584, ""num_pages"": 3, ""page_size"": 4096}"
RESOURCE,MO_1_678,MO,,,,"{""pa"": 139584356352, ""num_pages"": 4, ""page_size"": 4096}"
RESOURCE,MO_1_679,MO,,,,"{""pa"": 139584552960, ""num_pages"": 4, ""page_size"": 4096}"
RESOURCE,MO_1_680,MO,,,,"{""pa"": 139596857344, ""num_pages"": 4, ""page_size"": 4096}"
RESOURCE,MO_1_681,MO,,,,"{""pa"": 139615784960, ""num_pages"": 3, ""page_size"": 4096}"
RESOURCE,MO_1_682,MO,,,,"{""pa"": 139630362624, ""num_pages"": 2, ""page_size"": 4096}"
RESOURCE,MO_1_683,MO,,,,"{""pa"": 139630370816, ""num_pages"": 1, ""page_size"": 4096}"
RESOURCE,MO_1_684,MO,,,,"{""pa"": 139638632448, ""num_pages"": 1, ""page_size"": 4096}"
RESOURCE,MO_1_685,MO,,,,"{""pa"": 139638915072, ""num_pages"": 4, ""page_size"": 4096}"
RESOURCE,MO_1_686,MO,,,,"{""pa"": 139643252736, ""num_pages"": 1, ""page_size"": 4096}"
RESOURCE,MO_1_687,MO,,,,"{""pa"": 139644354560, ""num_pages"": 2, ""page_size"": 4096}"
RESOURCE,MO_1_688,MO,,,,"{""pa"": 139648860160, ""num_pages"": 1, ""page_size"": 4096}"
RESOURCE,MO_1_689,MO,,,,"{""pa"": 139648864256, ""num_pages"": 2, ""page_size"": 4096}"
RESOURCE,MO_1_690,MO,,,,"{""pa"": 139656085504, ""num_pages"": 4, ""page_size"": 4096}"
RESOURCE,MO_1_691,MO,,,,"{""pa"": 139667005440, ""num_pages"": 1, ""page_size"": 4096}"
RESOURCE,MO_1_692,MO,,,,"{""pa"": 139672272896, ""num_pages"": 1, ""page_size"": 4096}"
RESOURCE,MO_1_693,MO,,,,"{""pa"": 139672281088, ""num_pages"": 2, ""page_size"": 4096}"
RESOURCE,MO_1_694,MO,,,,"{""pa"": 139672674304, ""num_pages"": 1, ""page_size"": 4096}"
RESOURCE,MO_1_695,MO,,,,"{""pa"": 139680858112, ""num_pages"": 4, ""page_size"": 4096}"
RESOURCE,MO_1_696,MO,,,,"{""pa"": 139684270080, ""num_pages"": 1, ""page_size"": 4096}"
RESOURCE,MO_1_697,MO,,,,"{""pa"": 139693391872, ""num_pages"": 3, ""page_size"": 4096}"
RESOURCE,MO_1_698,MO,,,,"{""pa"": 139693486080, ""num_pages"": 1, ""page_size"": 4096}"
RESOURCE,MO_1_699,MO,,,,"{""pa"": 139707416576, ""num_pages"": 1, ""page_size"": 4096}"
RESOURCE,MO_1_700,MO,,,,"{""pa"": 139707465728, ""num_pages"": 1, ""page_size"": 4096}"
RESOURCE,MO_1_701,MO,,,,"{""pa"": 139729870848, ""num_pages"": 1, ""page_size"": 4096}"
RESOURCE,MO_1_702,MO,,,,"{""pa"": 139736563712, ""num_pages"": 4, ""page_size"": 4096}"
RESOURCE,MO_1_703,MO,,,,"{""pa"": 139742085120, ""num_pages"": 1, ""page_size"": 4096}"
RESOURCE,MO_1_704,MO,,,,"{""pa"": 139747098624, ""num_pages"": 4, ""page_size"": 4096}"
RESOURCE,MO_1_705,MO,,,,"{""pa"": 139747868672, ""num_pages"": 4, ""page_size"": 4096}"
RESOURCE,MO_1_706,MO,,,,"{""pa"": 139762839552, ""num_pages"": 1, ""page_size"": 4096}"
RESOURCE,MO_1_707,MO,,,,"{""pa"": 139766034432, ""num_pages"": 1, ""page_size"": 4096}"
RESOURCE,MO_1_708,MO,,,,"{""pa"": 139776929792, ""num_pages"": 1, ""page_size"": 4096}"
RESOURCE,MO_1_709,MO,,,,"{""pa"": 139779252224, ""num_pages"": 1, ""page_size"": 4096}"
RESOURCE,MO_1_710,MO,,,,"{""pa"": 139779833856, ""num_pages"": 1, ""page_size"": 4096}"
RESOURCE,MO_1_711,MO,,,,"{""pa"": 139780292608, ""num_pages"": 2, ""page_size"": 4096}"
RESOURCE,MO_1_712,MO,,,,"{""pa"": 139802378240, ""num_pages"": 4, ""page_size"": 4096}"
RESOURCE,MO_1_713,MO,,,,"{""pa"": 139854991360, ""num_pages"": 1, ""page_size"": 4096}"
RESOURCE,MO_1_714,MO,,,,"{""pa"": 139857330176, ""num_pages"": 1, ""page_size"": 4096}"
RESOURCE,MO_1_715,MO,,,,"{""pa"": 139862761472, ""num_pages"": 1, ""page_size"": 4096}"
RESOURCE,MO_1_716,MO,,,,"{""pa"": 139862945792, ""num_pages"": 1, ""page_size"": 4096}"
RESOURCE,MO_1_717,MO,,,,"{""pa"": 139925127168, ""num_pages"": 1, ""page_size"": 4096}"
RESOURCE,MO_1_718,MO,,,,"{""pa"": 139925159936, ""num_pages"": 1, ""page_size"": 4096}"
RESOURCE,MO_1_719,MO,,,,"{""pa"": 139925164032, ""num_pages"": 1, ""page_size"": 4096}"
RESOURCE,MO_1_720,MO,,,,"{""pa"": 139925176320, ""num_pages"": 1, ""page_size"": 4096}"
RESOURCE,MO_1_721,MO,,,,"{""pa"": 139925184512, ""num_pages"": 1, ""page_size"": 4096}"
RESOURCE,MO_1_722,MO,,,,"{""pa"": 139925553152, ""num_pages"": 1, ""page_size"": 4096}"
RESOURCE,MO_1_723,MO,,,,"{""pa"": 139928915968, ""num_pages"": 1, ""page_size"": 4096}"
RESOURCE,MO_1_724,MO,,,,"{""pa"": 139928948736, ""num_pages"": 1, ""page_size"": 4096}"
RESOURCE,MO_1_725,MO,,,,"{""pa"": 139928952832, ""num_pages"": 1, ""page_size"": 4096}"
RESOURCE,MO_1_726,MO,,,,"{""pa"": 139929223168, ""num_pages"": 1, ""page_size"": 4096}"
RESOURCE,MO_1_727,MO,,,,"{""pa"": 139929264128, ""num_pages"": 1, ""page_size"": 4096}"
RESOURCE,MO_1_728,MO,,,,"{""pa"": 139929284608, ""num_pages"": 1, ""page_size"": 4096}"
RESOURCE,MO_1_729,MO,,,,"{""pa"": 139929313280, ""num_pages"": 1, ""page_size"": 4096}"
RESOURCE,MO_1_730,MO,,,,"{""pa"": 139929325568, ""num_pages"": 1, ""page_size"": 4096}"
RESOURCE,MO_1_731,MO,,,,"{""pa"": 139929354240, ""num_pages"": 1, ""page_size"": 4096}"
RESOURCE,MO_1_732,MO,,,,"{""pa"": 139929358336, ""num_pages"": 1, ""page_size"": 4096}"
RESOURCE,MO_1_733,MO,,,,"{""pa"": 139929513984, ""num_pages"": 1, ""page_size"": 4096}"
RESOURCE,MO_1_734,MO,,,,"{""pa"": 139942973440, ""num_pages"": 1, ""page_size"": 4096}"
RESOURCE,MO_1_735,MO,,,,"{""pa"": 139943104512, ""num_pages"": 1, ""page_size"": 4096}"
RESOURCE,MO_1_736,MO,,,,"{""pa"": 139945353216, ""num_pages"": 7, ""page_size"": 4096}"
RESOURCE,MO_1_737,MO,,,,"{""pa"": 139951140864, ""num_pages"": 1, ""page_size"": 4096}"
RESOURCE,MO_1_738,MO,,,,"{""pa"": 139951239168, ""num_pages"": 1, ""page_size"": 4096}"
RESOURCE,MO_1_739,MO,,,,"{""pa"": 139951288320, ""num_pages"": 1, ""page_size"": 4096}"
RESOURCE,MO_1_740,MO,,,,"{""pa"": 139951304704, ""num_pages"": 1, ""page_size"": 4096}"
RESOURCE,MO_1_741,MO,,,,"{""pa"": 139951927296, ""num_pages"": 1, ""page_size"": 4096}"
RESOURCE,MO_1_742,MO,,,,"{""pa"": 139952091136, ""num_pages"": 1, ""page_size"": 4096}"
RESOURCE,MO_1_743,MO,,,,"{""pa"": 139952123904, ""num_pages"": 1, ""page_size"": 4096}"
RESOURCE,MO_1_744,MO,,,,"{""pa"": 139952447488, ""num_pages"": 1, ""page_size"": 4096}"
RESOURCE,MO_1_745,MO,,,,"{""pa"": 139953221632, ""num_pages"": 1, ""page_size"": 4096}"
RESOURCE,MO_1_746,MO,,,,"{""pa"": 139960315904, ""num_pages"": 1, ""page_size"": 4096}"
RESOURCE,MO_1_747,MO,,,,"{""pa"": 139961110528, ""num_pages"": 1, ""page_size"": 4096}"
RESOURCE,MO_1_748,MO,,,,"{""pa"": 139961602048, ""num_pages"": 20, ""page_size"": 4096}"
RESOURCE,MO_1_749,MO,,,,"{""pa"": 139962716160, ""num_pages"": 12, ""page_size"": 4096}"
RESOURCE,MO_1_750,MO,,,,"{""pa"": 139962765312, ""num_pages"": 1, ""page_size"": 4096}"
RESOURCE,MO_1_751,MO,,,,"{""pa"": 139963723776, ""num_pages"": 1, ""page_size"": 4096}"
RESOURCE,MO_1_752,MO,,,,"{""pa"": 139963736064, ""num_pages"": 1, ""page_size"": 4096}"
RESOURCE,MO_1_753,MO,,,,"{""pa"": 139964469248, ""num_pages"": 1, ""page_size"": 4096}"
RESOURCE,MO_1_754,MO,,,,"{""pa"": 139964727296, ""num_pages"": 8, ""page_size"": 4096}"
RESOURCE,MO_1_755,MO,,,,"{""pa"": 139965280256, ""num_pages"": 1, ""page_size"": 4096}"
RESOURCE,MO_1_756,MO,,,,"{""pa"": 139965313024, ""num_pages"": 1, ""page_size"": 4096}"
RESOURCE,MO_1_757,MO,,,,"{""pa"": 139966840832, ""num_pages"": 2, ""page_size"": 4096}"
RESOURCE,MO_1_758,MO,,,,"{""pa"": 139966849024, ""num_pages"": 2, ""page_size"": 4096}"
RESOURCE,MO_1_759,MO,,,,"{""pa"": 139966861312, ""num_pages"": 8, ""page_size"": 4096}"
RESOURCE,MO_1_760,MO,,,,"{""pa"": 139966935040, ""num_pages"": 6, ""page_size"": 4096}"
RESOURCE,MO_1_761,MO,,,,"{""pa"": 139967041536, ""num_pages"": 1, ""page_size"": 4096}"
RESOURCE,MO_1_762,MO,,,,"{""pa"": 139967442944, ""num_pages"": 1, ""page_size"": 4096}"
RESOURCE,MO_1_763,MO,,,,"{""pa"": 139968204800, ""num_pages"": 1, ""page_size"": 4096}"
RESOURCE,MO_1_764,MO,,,,"{""pa"": 139968217088, ""num_pages"": 8, ""page_size"": 4096}"
RESOURCE,MO_1_765,MO,,,,"{""pa"": 139968344064, ""num_pages"": 1, ""page_size"": 4096}"
RESOURCE,MO_1_766,MO,,,,"{""pa"": 139968401408, ""num_pages"": 1, ""page_size"": 4096}"
RESOURCE,MO_1_767,MO,,,,"{""pa"": 139968438272, ""num_pages"": 1, ""page_size"": 4096}"
RESOURCE,MO_1_768,MO,,,,"{""pa"": 139969507328, ""num_pages"": 1, ""page_size"": 4096}"
RESOURCE,MO_1_769,MO,,,,"{""pa"": 139969757184, ""num_pages"": 1, ""page_size"": 4096}"
RESOURCE,MO_1_770,MO,,,,"{""pa"": 139969761280, ""num_pages"": 1, ""page_size"": 4096}"
RESOURCE,MO_1_771,MO,,,,"{""pa"": 139969765376, ""num_pages"": 1, ""page_size"": 4096}"
RESOURCE,MO_1_772,MO,,,,"{""pa"": 139969769472, ""num_pages"": 1, ""page_size"": 4096}"
RESOURCE,MO_1_773,MO,,,,"{""pa"": 139969773568, ""num_pages"": 1, ""page_size"": 4096}"
RESOURCE,MO_1_774,MO,,,,"{""pa"": 139969777664, ""num_pages"": 1, ""page_size"": 4096}"
RESOURCE,MO_1_775,MO,,,,"{""pa"": 139969781760, ""num_pages"": 1, ""page_size"": 4096}"
RESOURCE,MO_1_776,MO,,,,"{""pa"": 139969798144, ""num_pages"": 1, ""page_size"": 4096}"
RESOURCE,MO_1_777,MO,,,,"{""pa"": 139969826816, ""num_pages"": 1, ""page_size"": 4096}"
RESOURCE,MO_1_778,MO,,,,"{""pa"": 139969830912, ""num_pages"": 1, ""page_size"": 4096}"
RESOURCE,MO_1_779,MO,,,,"{""pa"": 139969835008, ""num_pages"": 1, ""page_size"": 4096}"
RESOURCE,MO_1_780,MO,,,,"{""pa"": 139969839104, ""num_pages"": 1, ""page_size"": 4096}"
RESOURCE,MO_1_781,MO,,,,"{""pa"": 139969843200, ""num_pages"": 1, ""page_size"": 4096}"
RESOURCE,MO_1_782,MO,,,,"{""pa"": 139969867776, ""num_pages"": 1, ""page_size"": 4096}"
RESOURCE,MO_1_783,MO,,,,"{""pa"": 139969871872, ""num_pages"": 1, ""page_size"": 4096}"
RESOURCE,MO_1_784,MO,,,,"{""pa"": 139969875968, ""num_pages"": 1, ""page_size"": 4096}"
RESOURCE,MO_1_785,MO,,,,"{""pa"": 139969884160, ""num_pages"": 1, ""page_size"": 4096}"
RESOURCE,MO_1_786,MO,,,,"{""pa"": 139970523136, ""num_pages"": 1, ""page_size"": 4096}"
RESOURCE,MO_1_787,MO,,,,"{""pa"": 139970801664, ""num_pages"": 1, ""page_size"": 4096}"
RESOURCE,MO_1_788,MO,,,,"{""pa"": 139971129344, ""num_pages"": 1, ""page_size"": 4096}"
RESOURCE,MO_1_789,MO,,,,"{""pa"": 139971604480, ""num_pages"": 1, ""page_size"": 4096}"
RESOURCE,MO_1_790,MO,,,,"{""pa"": 139971661824, ""num_pages"": 1, ""page_size"": 4096}"
RESOURCE,MO_1_791,MO,,,,"{""pa"": 139971665920, ""num_pages"": 1, ""page_size"": 4096}"
RESOURCE,MO_1_792,MO,,,,"{""pa"": 139971670016, ""num_pages"": 1, ""page_size"": 4096}"
RESOURCE,MO_1_793,MO,,,,"{""pa"": 139971674112, ""num_pages"": 1, ""page_size"": 4096}"
RESOURCE,MO_1_794,MO,,,,"{""pa"": 139971678208, ""num_pages"": 1, ""page_size"": 4096}"
RESOURCE,MO_1_795,MO,,,,"{""pa"": 139971682304, ""num_pages"": 1, ""page_size"": 4096}"
RESOURCE,MO_1_796,MO,,,,"{""pa"": 139972067328, ""num_pages"": 1, ""page_size"": 4096}"
RESOURCE,MO_1_797,MO,,,,"{""pa"": 140001767424, ""num_pages"": 1, ""page_size"": 4096}"
RESOURCE,MO_1_798,MO,,,,"{""pa"": 140001804288, ""num_pages"": 4, ""page_size"": 4096}"
RESOURCE,MO_1_799,MO,,,,"{""pa"": 140003377152, ""num_pages"": 8, ""page_size"": 4096}"
RESOURCE,MO_1_800,MO,,,,"{""pa"": 140003835904, ""num_pages"": 8, ""page_size"": 4096}"
RESOURCE,MO_1_801,MO,,,,"{""pa"": 140003983360, ""num_pages"": 1, ""page_size"": 4096}"
RESOURCE,MO_1_802,MO,,,,"{""pa"": 140004114432, ""num_pages"": 1, ""page_size"": 4096}"
RESOURCE,MO_1_803,MO,,,,"{""pa"": 140004134912, ""num_pages"": 1, ""page_size"": 4096}"
RESOURCE,MO_1_804,MO,,,,"{""pa"": 140004294656, ""num_pages"": 3, ""page_size"": 4096}"
RESOURCE,MO_1_805,MO,,,,"{""pa"": 140004306944, ""num_pages"": 2, ""page_size"": 4096}"
RESOURCE,MO_1_806,MO,,,,"{""pa"": 140004364288, ""num_pages"": 1, ""page_size"": 4096}"
RESOURCE,MO_1_807,MO,,,,"{""pa"": 140004622336, ""num_pages"": 8, ""page_size"": 4096}"
RESOURCE,MO_1_808,MO,,,,"{""pa"": 140014542848, ""num_pages"": 10, ""page_size"": 4096}"
RESOURCE,MO_1_809,MO,,,,"{""pa"": 140014583808, ""num_pages"": 1, ""page_size"": 4096}"
RESOURCE,MO_1_810,MO,,,,"{""pa"": 140014620672, ""num_pages"": 1, ""page_size"": 4096}"
RESOURCE,MO_1_811,MO,,,,"{""pa"": 140014772224, ""num_pages"": 1, ""page_size"": 4096}"
RESOURCE,MO_1_812,MO,,,,"{""pa"": 140014878720, ""num_pages"": 1, ""page_size"": 4096}"
RESOURCE,MO_1_813,MO,,,,"{""pa"": 140014882816, ""num_pages"": 1, ""page_size"": 4096}"
RESOURCE,MO_1_814,MO,,,,"{""pa"": 140015247360, ""num_pages"": 2, ""page_size"": 4096}"
RESOURCE,MO_1_815,MO,,,,"{""pa"": 140016287744, ""num_pages"": 13, ""page_size"": 4096}"
RESOURCE,MO_1_816,MO,,,,"{""pa"": 140016340992, ""num_pages"": 1, ""page_size"": 4096}"
RESOURCE,MO_1_817,MO,,,,"{""pa"": 140016812032, ""num_pages"": 16, ""page_size"": 4096}"
RESOURCE,MO_1_818,MO,,,,"{""pa"": 140016939008, ""num_pages"": 1, ""page_size"": 4096}"
RESOURCE,MO_1_819,MO,,,,"{""pa"": 140016975872, ""num_pages"": 8, ""page_size"": 4096}"
RESOURCE,MO_1_820,MO,,,,"{""pa"": 140017831936, ""num_pages"": 1, ""page_size"": 4096}"
RESOURCE,MO_1_821,MO,,,,"{""pa"": 140018429952, ""num_pages"": 1, ""page_size"": 4096}"
RESOURCE,MO_1_822,MO,,,,"{""pa"": 140031492096, ""num_pages"": 8, ""page_size"": 4096}"
RESOURCE,MO_1_823,MO,,,,"{""pa"": 140032479232, ""num_pages"": 1, ""page_size"": 4096}"
RESOURCE,MO_1_824,MO,,,,"{""pa"": 140032483328, ""num_pages"": 1, ""page_size"": 4096}"
RESOURCE,MO_1_825,MO,,,,"{""pa"": 140032487424, ""num_pages"": 1, ""page_size"": 4096}"
RESOURCE,MO_1_826,MO,,,,"{""pa"": 140032507904, ""num_pages"": 1, ""page_size"": 4096}"
RESOURCE,MO_1_827,MO,,,,"{""pa"": 140032548864, ""num_pages"": 1, ""page_size"": 4096}"
RESOURCE,MO_1_828,MO,,,,"{""pa"": 140032684032, ""num_pages"": 1, ""page_size"": 4096}"
RESOURCE,MO_1_829,MO,,,,"{""pa"": 140032688128, ""num_pages"": 1, ""page_size"": 4096}"
RESOURCE,MO_1_830,MO,,,,"{""pa"": 140032811008, ""num_pages"": 1, ""page_size"": 4096}"
RESOURCE,MO_1_831,MO,,,,"{""pa"": 140032815104, ""num_pages"": 1, ""page_size"": 4096}"
RESOURCE,MO_1_832,MO,,,,"{""pa"": 140032942080, ""num_pages"": 1, ""page_size"": 4096}"
RESOURCE,MO_1_833,MO,,,,"{""pa"": 140033232896, ""num_pages"": 1, ""page_size"": 4096}"
RESOURCE,MO_1_834,MO,,,,"{""pa"": 140033347584, ""num_pages"": 1, ""page_size"": 4096}"
RESOURCE,MO_1_835,MO,,,,"{""pa"": 140033527808, ""num_pages"": 1, ""page_size"": 4096}"
RESOURCE,MO_1_836,MO,,,,"{""pa"": 140033732608, ""num_pages"": 1, ""page_size"": 4096}"
RESOURCE,MO_1_837,MO,,,,"{""pa"": 140033765376, ""num_pages"": 1, ""page_size"": 4096}"
RESOURCE,MO_1_838,MO,,,,"{""pa"": 140034260992, ""num_pages"": 1, ""page_size"": 4096}"
RESOURCE,MO_1_839,MO,,,,"{""pa"": 140034433024, ""num_pages"": 1, ""page_size"": 4096}"
RESOURCE,MO_1_840,MO,,,,"{""pa"": 140034486272, ""num_pages"": 1, ""page_size"": 4096}"
RESOURCE,MO_1_841,MO,,,,"{""pa"": 140034613248, ""num_pages"": 1, ""page_size"": 4096}"
RESOURCE,MO_1_842,MO,,,,"{""pa"": 140034748416, ""num_pages"": 1, ""page_size"": 4096}"
RESOURCE,MO_1_843,MO,,,,"{""pa"": 140035010560, ""num_pages"": 1, ""page_size"": 4096}"
RESOURCE,MO_1_844,MO,,,,"{""pa"": 140035641344, ""num_pages"": 1, ""page_size"": 4096}"
RESOURCE,MO_1_845,MO,,,,"{""pa"": 140035653632, ""num_pages"": 1, ""page_size"": 4096}"
RESOURCE,MO_1_846,MO,,,,"{""pa"": 140035657728, ""num_pages"": 2, ""page_size"": 4096}"
RESOURCE,MO_1_847,MO,,,,"{""pa"": 140035715072, ""num_pages"": 1, ""page_size"": 4096}"
RESOURCE,MO_1_848,MO,,,,"{""pa"": 140035743744, ""num_pages"": 1, ""page_size"": 4096}"
RESOURCE,MO_1_849,MO,,,,"{""pa"": 140035747840, ""num_pages"": 1, ""page_size"": 4096}"
RESOURCE,MO_1_850,MO,,,,"{""pa"": 140035751936, ""num_pages"": 1, ""page_size"": 4096}"
RESOURCE,MO_1_851,MO,,,,"{""pa"": 140035776512, ""num_pages"": 1, ""page_size"": 4096}"
RESOURCE,MO_1_852,MO,,,,"{""pa"": 140035780608, ""num_pages"": 1, ""page_size"": 4096}"
RESOURCE,MO_1_853,MO,,,,"{""pa"": 140035784704, ""num_pages"": 1, ""page_size"": 4096}"
RESOURCE,MO_1_854,MO,,,,"{""pa"": 140035788800, ""num_pages"": 1, ""page_size"": 4096}"
RESOURCE,MO_1_855,MO,,,,"{""pa"": 140035792896, ""num_pages"": 1, ""page_size"": 4096}"
RESOURCE,MO_1_856,MO,,,,"{""pa"": 140035796992, ""num_pages"": 1, ""page_size"": 4096}"
RESOURCE,MO_1_857,MO,,,,"{""pa"": 140035899392, ""num_pages"": 1, ""page_size"": 4096}"
RESOURCE,MO_1_858,MO,,,,"{""pa"": 140035903488, ""num_pages"": 1, ""page_size"": 4096}"
RESOURCE,MO_1_859,MO,,,,"{""pa"": 140035911680, ""num_pages"": 1, ""page_size"": 4096}"
RESOURCE,MO_1_860,MO,,,,"{""pa"": 140035915776, ""num_pages"": 1, ""page_size"": 4096}"
RESOURCE,MO_1_861,MO,,,,"{""pa"": 140035928064, ""num_pages"": 1, ""page_size"": 4096}"
RESOURCE,MO_1_862,MO,,,,"{""pa"": 140035932160, ""num_pages"": 1, ""page_size"": 4096}"
RESOURCE,MO_1_863,MO,,,,"{""pa"": 140035940352, ""num_pages"": 1, ""page_size"": 4096}"
RESOURCE,MO_1_864,MO,,,,"{""pa"": 140035948544, ""num_pages"": 2, ""page_size"": 4096}"
RESOURCE,MO_1_865,MO,,,,"{""pa"": 140036239360, ""num_pages"": 1, ""page_size"": 4096}"
RESOURCE,MO_1_866,MO,,,,"{""pa"": 140036247552, ""num_pages"": 1, ""page_size"": 4096}"
RESOURCE,MO_1_867,MO,,,,"{""pa"": 140036317184, ""num_pages"": 1, ""page_size"": 4096}"
RESOURCE,MO_1_868,MO,,,,"{""pa"": 140036321280, ""num_pages"": 5, ""page_size"": 4096}"
RESOURCE,MO_1_869,MO,,,,"{""pa"": 140036345856, ""num_pages"": 14, ""page_size"": 4096}"
RESOURCE,MO_1_870,MO,,,,"{""pa"": 140036403200, ""num_pages"": 2, ""page_size"": 4096}"
RESOURCE,MO_1_871,MO,,,,"{""pa"": 140036411392, ""num_pages"": 1, ""page_size"": 4096}"
RESOURCE,MO_1_872,MO,,,,"{""pa"": 140036419584, ""num_pages"": 1, ""page_size"": 4096}"
RESOURCE,MO_1_873,MO,,,,"{""pa"": 140036431872, ""num_pages"": 1, ""page_size"": 4096}"
RESOURCE,MO_1_874,MO,,,,"{""pa"": 140036435968, ""num_pages"": 1, ""page_size"": 4096}"
RESOURCE,MO_1_875,MO,,,,"{""pa"": 140036440064, ""num_pages"": 1, ""page_size"": 4096}"
RESOURCE,MO_1_876,MO,,,,"{""pa"": 140036444160, ""num_pages"": 1, ""page_size"": 4096}"
RESOURCE,MO_1_877,MO,,,,"{""pa"": 140036452352, ""num_pages"": 1, ""page_size"": 4096}"
RESOURCE,MO_1_878,MO,,,,"{""pa"": 140036460544, ""num_pages"": 1, ""page_size"": 4096}"
RESOURCE,MO_1_879,MO,,,,"{""pa"": 140036468736, ""num_pages"": 1, ""page_size"": 4096}"
RESOURCE,MO_1_880,MO,,,,"{""pa"": 140036472832, ""num_pages"": 1, ""page_size"": 4096}"
RESOURCE,MO_1_881,MO,,,,"{""pa"": 140036476928, ""num_pages"": 1, ""page_size"": 4096}"
RESOURCE,MO_1_882,MO,,,,"{""pa"": 140036489216, ""num_pages"": 1, ""page_size"": 4096}"
RESOURCE,MO_1_883,MO,,,,"{""pa"": 140036890624, ""num_pages"": 1, ""page_size"": 4096}"
RESOURCE,MO_1_884,MO,,,,"{""pa"": 140036956160, ""num_pages"": 1, ""page_size"": 4096}"
RESOURCE,MO_1_885,MO,,,,"{""pa"": 140037033984, ""num_pages"": 1, ""page_size"": 4096}"
RESOURCE,MO_1_886,MO,,,,"{""pa"": 140037828608, ""num_pages"": 1, ""page_size"": 4096}"
RESOURCE,MO_1_887,MO,,,,"{""pa"": 140038123520, ""num_pages"": 1, ""page_size"": 4096}"
RESOURCE,MO_1_888,MO,,,,"{""pa"": 140038533120, ""num_pages"": 1, ""page_size"": 4096}"
RESOURCE,MO_1_889,MO,,,,"{""pa"": 140039151616, ""num_pages"": 1, ""page_size"": 4096}"
RESOURCE,MO_1_890,MO,,,,"{""pa"": 140039352320, ""num_pages"": 1, ""page_size"": 4096}"
RESOURCE,MO_1_891,MO,,,,"{""pa"": 140039426048, ""num_pages"": 1, ""page_size"": 4096}"
RESOURCE,MO_1_892,MO,,,,"{""pa"": 140039430144, ""num_pages"": 1, ""page_size"": 4096}"
RESOURCE,MO_1_893,MO,,,,"{""pa"": 140039446528, ""num_pages"": 1, ""page_size"": 4096}"
RESOURCE,MO_1_894,MO,,,,"{""pa"": 140039450624, ""num_pages"": 1, ""page_size"": 4096}"
RESOURCE,MO_1_895,MO,,,,"{""pa"": 140039458816, ""num_pages"": 1, ""page_size"": 4096}"
RESOURCE,MO_1_896,MO,,,,"{""pa"": 140039467008, ""num_pages"": 1, ""page_size"": 4096}"
RESOURCE,MO_1_897,MO,,,,"{""pa"": 140039475200, ""num_pages"": 1, ""page_size"": 4096}"
RESOURCE,MO_1_898,MO,,,,"{""pa"": 140039487488, ""num_pages"": 2, ""page_size"": 4096}"
RESOURCE,MO_1_899,MO,,,,"{""pa"": 140039499776, ""num_pages"": 2, ""page_size"": 4096}"
RESOURCE,MO_1_900,MO,,,,"{""pa"": 140039561216, ""num_pages"": 1, ""page_size"": 4096}"
RESOURCE,MO_1_901,MO,,,,"{""pa"": 140039581696, ""num_pages"": 1, ""page_size"": 4096}"
RESOURCE,MO_1_902,MO,,,,"{""pa"": 140039720960, ""num_pages"": 1, ""page_size"": 4096}"
RESOURCE,MO_1_903,MO,,,,"{""pa"": 140040384512, ""num_pages"": 2, ""page_size"": 4096}"
RESOURCE,MO_1_904,MO,,,,"{""pa"": 140040392704, ""num_pages"": 1, ""page_size"": 4096}"
RESOURCE,MO_1_905,MO,,,,"{""pa"": 140040396800, ""num_pages"": 1, ""page_size"": 4096}"
RESOURCE,MO_1_906,MO,,,,"{""pa"": 140040400896, ""num_pages"": 1, ""page_size"": 4096}"
RESOURCE,MO_1_907,MO,,,,"{""pa"": 140040404992, ""num_pages"": 1, ""page_size"": 4096}"
RESOURCE,MO_1_908,MO,,,,"{""pa"": 140040409088, ""num_pages"": 1, ""page_size"": 4096}"
RESOURCE,MO_1_909,MO,,,,"{""pa"": 140040413184, ""num_pages"": 1, ""page_size"": 4096}"
RESOURCE,MO_1_910,MO,,,,"{""pa"": 140040417280, ""num_pages"": 1, ""page_size"": 4096}"
RESOURCE,MO_1_911,MO,,,,"{""pa"": 140040421376, ""num_pages"": 1, ""page_size"": 4096}"
RESOURCE,MO_1_912,MO,,,,"{""pa"": 140040425472, ""num_pages"": 1, ""page_size"": 4096}"
RESOURCE,MO_1_913,MO,,,,"{""pa"": 140040429568, ""num_pages"": 1, ""page_size"": 4096}"
RESOURCE,MO_1_914,MO,,,,"{""pa"": 140040437760, ""num_pages"": 1, ""page_size"": 4096}"
RESOURCE,MO_1_915,MO,,,,"{""pa"": 140040458240, ""num_pages"": 1, ""page_size"": 4096}"
RESOURCE,MO_1_916,MO,,,,"{""pa"": 140040462336, ""num_pages"": 1, ""page_size"": 4096}"
RESOURCE,MO_1_917,MO,,,,"{""pa"": 140040466432, ""num_pages"": 1, ""page_size"": 4096}"
RESOURCE,MO_1_918,MO,,,,"{""pa"": 140040478720, ""num_pages"": 1, ""page_size"": 4096}"
RESOURCE,MO_1_919,MO,,,,"{""pa"": 140040482816, ""num_pages"": 1, ""page_size"": 4096}"
RESOURCE,MO_1_920,MO,,,,"{""pa"": 140040540160, ""num_pages"": 1, ""page_size"": 4096}"
RESOURCE,MO_1_921,MO,,,,"{""pa"": 140040609792, ""num_pages"": 1, ""page_size"": 4096}"
RESOURCE,MO_1_922,MO,,,,"{""pa"": 140040650752, ""num_pages"": 1, ""page_size"": 4096}"
RESOURCE,MO_1_923,MO,,,,"{""pa"": 140040675328, ""num_pages"": 1, ""page_size"": 4096}"
RESOURCE,MO_1_924,MO,,,,"{""pa"": 140040683520, ""num_pages"": 1, ""page_size"": 4096}"
RESOURCE,MO_1_925,MO,,,,"{""pa"": 140040712192, ""num_pages"": 1, ""page_size"": 4096}"
RESOURCE,MO_1_926,MO,,,,"{""pa"": 140041342976, ""num_pages"": 1, ""page_size"": 4096}"
RESOURCE,MO_1_927,MO,,,,"{""pa"": 140041347072, ""num_pages"": 1, ""page_size"": 4096}"
RESOURCE,MO_1_928,MO,,,,"{""pa"": 140041629696, ""num_pages"": 1, ""page_size"": 4096}"
RESOURCE,MO_1_929,MO,,,,"{""pa"": 140041895936, ""num_pages"": 1, ""page_size"": 4096}"
RESOURCE,MO_1_930,MO,,,,"{""pa"": 140041900032, ""num_pages"": 2, ""page_size"": 4096}"
RESOURCE,MO_1_931,MO,,,,"{""pa"": 140041953280, ""num_pages"": 1, ""page_size"": 4096}"
RESOURCE,MO_1_932,MO,,,,"{""pa"": 140041977856, ""num_pages"": 1, ""page_size"": 4096}"
RESOURCE,MO_1_933,MO,,,,"{""pa"": 140041981952, ""num_pages"": 1, ""page_size"": 4096}"
RESOURCE,MO_1_934,MO,,,,"{""pa"": 140041986048, ""num_pages"": 1, ""page_size"": 4096}"
RESOURCE,MO_1_935,MO,,,,"{""pa"": 140041990144, ""num_pages"": 1, ""page_size"": 4096}"
RESOURCE,MO_1_936,MO,,,,"{""pa"": 140041998336, ""num_pages"": 1, ""page_size"": 4096}"
RESOURCE,MO_1_937,MO,,,,"{""pa"": 140042002432, ""num_pages"": 1, ""page_size"": 4096}"
RESOURCE,MO_1_938,MO,,,,"{""pa"": 140042084352, ""num_pages"": 10, ""page_size"": 4096}"
RESOURCE,MO_1_939,MO,,,,"{""pa"": 140042125312, ""num_pages"": 2, ""page_size"": 4096}"
RESOURCE,MO_1_940,MO,,,,"{""pa"": 140042133504, ""num_pages"": 2, ""page_size"": 4096}"
RESOURCE,MO_1_941,MO,,,,"{""pa"": 140042141696, ""num_pages"": 1, ""page_size"": 4096}"
RESOURCE,MO_1_942,MO,,,,"{""pa"": 140042145792, ""num_pages"": 1, ""page_size"": 4096}"
RESOURCE,MO_1_943,MO,,,,"{""pa"": 140042149888, ""num_pages"": 1, ""page_size"": 4096}"
RESOURCE,MO_1_944,MO,,,,"{""pa"": 140042153984, ""num_pages"": 1, ""page_size"": 4096}"
RESOURCE,MO_1_945,MO,,,,"{""pa"": 140042158080, ""num_pages"": 1, ""page_size"": 4096}"
RESOURCE,MO_1_946,MO,,,,"{""pa"": 140042162176, ""num_pages"": 1, ""page_size"": 4096}"
RESOURCE,MO_1_947,MO,,,,"{""pa"": 140042166272, ""num_pages"": 1, ""page_size"": 4096}"
RESOURCE,MO_1_948,MO,,,,"{""pa"": 140042170368, ""num_pages"": 1, ""page_size"": 4096}"
RESOURCE,MO_1_949,MO,,,,"{""pa"": 140042174464, ""num_pages"": 1, ""page_size"": 4096}"
RESOURCE,MO_1_950,MO,,,,"{""pa"": 140042178560, ""num_pages"": 1, ""page_size"": 4096}"
RESOURCE,MO_1_951,MO,,,,"{""pa"": 140042182656, ""num_pages"": 1, ""page_size"": 4096}"
RESOURCE,MO_1_952,MO,,,,"{""pa"": 140042186752, ""num_pages"": 1, ""page_size"": 4096}"
RESOURCE,MO_1_953,MO,,,,"{""pa"": 140042190848, ""num_pages"": 2, ""page_size"": 4096}"
RESOURCE,MO_1_954,MO,,,,"{""pa"": 140042272768, ""num_pages"": 8, ""page_size"": 4096}"
RESOURCE,MO_1_955,MO,,,,"{""pa"": 140042379264, ""num_pages"": 1, ""page_size"": 4096}"
RESOURCE,MO_1_956,MO,,,,"{""pa"": 140042571776, ""num_pages"": 1, ""page_size"": 4096}"
RESOURCE,MO_1_957,MO,,,,"{""pa"": 140042637312, ""num_pages"": 1, ""page_size"": 4096}"
RESOURCE,MO_1_958,MO,,,,"{""pa"": 140043005952, ""num_pages"": 1, ""page_size"": 4096}"
RESOURCE,MO_1_959,MO,,,,"{""pa"": 140043071488, ""num_pages"": 1, ""page_size"": 4096}"
RESOURCE,MO_1_960,MO,,,,"{""pa"": 140043145216, ""num_pages"": 1, ""page_size"": 4096}"
RESOURCE,MO_1_961,MO,,,,"{""pa"": 140043157504, ""num_pages"": 1, ""page_size"": 4096}"
RESOURCE,MO_1_962,MO,,,,"{""pa"": 140043161600, ""num_pages"": 1, ""page_size"": 4096}"
RESOURCE,MO_1_963,MO,,,,"{""pa"": 140043190272, ""num_pages"": 1, ""page_size"": 4096}"
RESOURCE,MO_1_964,MO,,,,"{""pa"": 140043436032, ""num_pages"": 1, ""page_size"": 4096}"
RESOURCE,MO_1_965,MO,,,,"{""pa"": 140043567104, ""num_pages"": 1, ""page_size"": 4096}"
RESOURCE,MO_1_966,MO,,,,"{""pa"": 140043587584, ""num_pages"": 1, ""page_size"": 4096}"
RESOURCE,MO_1_967,MO,,,,"{""pa"": 140043595776, ""num_pages"": 1, ""page_size"": 4096}"
RESOURCE,MO_1_968,MO,,,,"{""pa"": 140047970304, ""num_pages"": 1, ""page_size"": 4096}"
RESOURCE,MO_1_969,MO,,,,"{""pa"": 140048281600, ""num_pages"": 1, ""page_size"": 4096}"
RESOURCE,MO_1_970,MO,,,,"{""pa"": 140048334848, ""num_pages"": 1, ""page_size"": 4096}"
RESOURCE,MO_1_971,MO,,,,"{""pa"": 140048363520, ""num_pages"": 1, ""page_size"": 4096}"
RESOURCE,MO_1_972,MO,,,,"{""pa"": 140048478208, ""num_pages"": 1, ""page_size"": 4096}"
RESOURCE,MO_1_973,MO,,,,"{""pa"": 140049809408, ""num_pages"": 1, ""page_size"": 4096}"
RESOURCE,MO_1_974,MO,,,,"{""pa"": 140049846272, ""num_pages"": 1, ""page_size"": 4096}"
RESOURCE,MO_1_975,MO,,,,"{""pa"": 140049874944, ""num_pages"": 1, ""page_size"": 4096}"
RESOURCE,MO_1_976,MO,,,,"{""pa"": 140049887232, ""num_pages"": 1, ""page_size"": 4096}"
RESOURCE,MO_1_977,MO,,,,"{""pa"": 140049920000, ""num_pages"": 1, ""page_size"": 4096}"
RESOURCE,MO_1_978,MO,,,,"{""pa"": 140049944576, ""num_pages"": 1, ""page_size"": 4096}"
RESOURCE,MO_1_979,MO,,,,"{""pa"": 140049952768, ""num_pages"": 1, ""page_size"": 4096}"
RESOURCE,MO_1_980,MO,,,,"{""pa"": 140049956864, ""num_pages"": 1, ""page_size"": 4096}"
RESOURCE,MO_1_981,MO,,,,"{""pa"": 140049960960, ""num_pages"": 1, ""page_size"": 4096}"
RESOURCE,MO_1_982,MO,,,,"{""pa"": 140049965056, ""num_pages"": 1, ""page_size"": 4096}"
RESOURCE,MO_1_983,MO,,,,"{""pa"": 140049973248, ""num_pages"": 1, ""page_size"": 4096}"
RESOURCE,MO_1_984,MO,,,,"{""pa"": 140049985536, ""num_pages"": 1, ""page_size"": 4096}"
RESOURCE,MO_1_985,MO,,,,"{""pa"": 140049989632, ""num_pages"": 1, ""page_size"": 4096}"
RESOURCE,MO_1_986,MO,,,,"{""pa"": 140050014208, ""num_pages"": 1, ""page_size"": 4096}"
RESOURCE,MO_1_987,MO,,,,"{""pa"": 140050038784, ""num_pages"": 1, ""page_size"": 4096}"
RESOURCE,MO_1_988,MO,,,,"{""pa"": 140050444288, ""num_pages"": 1, ""page_size"": 4096}"
RESOURCE,MO_1_989,MO,,,,"{""pa"": 140050448384, ""num_pages"": 2, ""page_size"": 4096}"
RESOURCE,MO_1_990,MO,,,,"{""pa"": 140050464768, ""num_pages"": 1, ""page_size"": 4096}"
RESOURCE,MO_1_991,MO,,,,"{""pa"": 140050481152, ""num_pages"": 1, ""page_size"": 4096}"
RESOURCE,MO_1_992,MO,,,,"{""pa"": 140050485248, ""num_pages"": 1, ""page_size"": 4096}"
RESOURCE,MO_1_993,MO,,,,"{""pa"": 140050489344, ""num_pages"": 1, ""page_size"": 4096}"
RESOURCE,MO_1_994,MO,,,,"{""pa"": 140050509824, ""num_pages"": 1, ""page_size"": 4096}"
RESOURCE,MO_1_995,MO,,,,"{""pa"": 140050513920, ""num_pages"": 1, ""page_size"": 4096}"
RESOURCE,MO_1_996,MO,,,,"{""pa"": 140050518016, ""num_pages"": 1, ""page_size"": 4096}"
RESOURCE,MO_1_997,MO,,,,"{""pa"": 140050522112, ""num_pages"": 1, ""page_size"": 4096}"
RESOURCE,MO_1_998,MO,,,,"{""pa"": 140050526208, ""num_pages"": 1, ""page_size"": 4096}"
RESOURCE,MO_1_999,MO,,,,"{""pa"": 140050530304, ""num_pages"": 1, ""page_size"": 4096}"
RESOURCE,MO_1_1000,MO,,,,"{""pa"": 140050534400, ""num_pages"": 1, ""page_size"": 4096}"
RESOURCE,MO_1_1001,MO,,,,"{""pa"": 140050538496, ""num_pages"": 1, ""page_size"": 4096}"
RESOURCE,MO_1_1002,MO,,,,"{""pa"": 140050542592, ""num_pages"": 1, ""page_size"": 4096}"
RESOURCE,MO_1_1003,MO,,,,"{""pa"": 140050546688, ""num_pages"": 1, ""page_size"": 4096}"
RESOURCE,MO_1_1004,MO,,,,"{""pa"": 140050550784, ""num_pages"": 1, ""page_size"": 4096}"
RESOURCE,MO_1_1005,MO,,,,"{""pa"": 140050558976, ""num_pages"": 1, ""page_size"": 4096}"
RESOURCE,MO_1_1006,MO,,,,"{""pa"": 140050563072, ""num_pages"": 1, ""page_size"": 4096}"
RESOURCE,MO_1_1007,MO,,,,"{""pa"": 140050567168, ""num_pages"": 1, ""page_size"": 4096}"
RESOURCE,MO_1_1008,MO,,,,"{""pa"": 140050571264, ""num_pages"": 1, ""page_size"": 4096}"
RESOURCE,MO_1_1009,MO,,,,"{""pa"": 140050575360, ""num_pages"": 1, ""page_size"": 4096}"
RESOURCE,MO_1_1010,MO,,,,"{""pa"": 140050812928, ""num_pages"": 1, ""page_size"": 4096}"
RESOURCE,MO_1_1011,MO,,,,"{""pa"": 140051021824, ""num_pages"": 1, ""page_size"": 4096}"
RESOURCE,MO_1_1012,MO,,,,"{""pa"": 140051439616, ""num_pages"": 1, ""page_size"": 4096}"
RESOURCE,MO_1_1013,MO,,,,"{""pa"": 140051488768, ""num_pages"": 1, ""page_size"": 4096}"
RESOURCE,MO_1_1014,MO,,,,"{""pa"": 140051501056, ""num_pages"": 1, ""page_size"": 4096}"
RESOURCE,MO_1_1015,MO,,,,"{""pa"": 140051607552, ""num_pages"": 1, ""page_size"": 4096}"
RESOURCE,MO_1_1016,MO,,,,"{""pa"": 140051869696, ""num_pages"": 1, ""page_size"": 4096}"
RESOURCE,MO_1_1017,MO,,,,"{""pa"": 140051873792, ""num_pages"": 1, ""page_size"": 4096}"
RESOURCE,MO_1_1018,MO,,,,"{""pa"": 140051881984, ""num_pages"": 1, ""page_size"": 4096}"
RESOURCE,MO_1_1019,MO,,,,"{""pa"": 140051894272, ""num_pages"": 1, ""page_size"": 4096}"
RESOURCE,MO_1_1020,MO,,,,"{""pa"": 140051902464, ""num_pages"": 1, ""page_size"": 4096}"
RESOURCE,MO_1_1021,MO,,,,"{""pa"": 140051906560, ""num_pages"": 1, ""page_size"": 4096}"
RESOURCE,MO_1_1022,MO,,,,"{""pa"": 140051914752, ""num_pages"": 2, ""page_size"": 4096}"
RESOURCE,MO_1_1023,MO,,,,"{""pa"": 140051922944, ""num_pages"": 1, ""page_size"": 4096}"
RESOURCE,MO_1_1024,MO,,,,"{""pa"": 140051927040, ""num_pages"": 1, ""page_size"": 4096}"
RESOURCE,MO_1_1025,MO,,,,"{""pa"": 140051939328, ""num_pages"": 1, ""page_size"": 4096}"
RESOURCE,MO_1_1026,MO,,,,"{""pa"": 140051947520, ""num_pages"": 1, ""page_size"": 4096}"
RESOURCE,MO_1_1027,MO,,,,"{""pa"": 140051951616, ""num_pages"": 1, ""page_size"": 4096}"
RESOURCE,MO_1_1028,MO,,,,"{""pa"": 140051955712, ""num_pages"": 1, ""page_size"": 4096}"
RESOURCE,MO_1_1029,MO,,,,"{""pa"": 140051959808, ""num_pages"": 1, ""page_size"": 4096}"
RESOURCE,MO_1_1030,MO,,,,"{""pa"": 140051972096, ""num_pages"": 1, ""page_size"": 4096}"
RESOURCE,MO_1_1031,MO,,,,"{""pa"": 140051976192, ""num_pages"": 2, ""page_size"": 4096}"
RESOURCE,MO_1_1032,MO,,,,"{""pa"": 140051984384, ""num_pages"": 1, ""page_size"": 4096}"
RESOURCE,MO_1_1033,MO,,,,"{""pa"": 140051988480, ""num_pages"": 1, ""page_size"": 4096}"
RESOURCE,MO_1_1034,MO,,,,"{""pa"": 140051992576, ""num_pages"": 1, ""page_size"": 4096}"
RESOURCE,MO_1_1035,MO,,,,"{""pa"": 140051996672, ""num_pages"": 1, ""page_size"": 4096}"
RESOURCE,MO_1_1036,MO,,,,"{""pa"": 140052000768, ""num_pages"": 1, ""page_size"": 4096}"
RESOURCE,MO_1_1037,MO,,,,"{""pa"": 140056821760, ""num_pages"": 1, ""page_size"": 4096}"
RESOURCE,MO_1_1038,MO,,,,"{""pa"": 140056825856, ""num_pages"": 2, ""page_size"": 4096}"
RESOURCE,MO_1_1039,MO,,,,"{""pa"": 140056838144, ""num_pages"": 1, ""page_size"": 4096}"
RESOURCE,MO_1_1040,MO,,,,"{""pa"": 140056875008, ""num_pages"": 1, ""page_size"": 4096}"
RESOURCE,MO_1_1041,MO,,,,"{""pa"": 140056920064, ""num_pages"": 1, ""page_size"": 4096}"
RESOURCE,MO_1_1042,MO,,,,"{""pa"": 140056928256, ""num_pages"": 1, ""page_size"": 4096}"
RESOURCE,MO_1_1043,MO,,,,"{""pa"": 140059951104, ""num_pages"": 1, ""page_size"": 4096}"
RESOURCE,MO_1_1044,MO,,,,"{""pa"": 140060061696, ""num_pages"": 1, ""page_size"": 4096}"
RESOURCE,MO_1_1045,MO,,,,"{""pa"": 140060864512, ""num_pages"": 1, ""page_size"": 4096}"
RESOURCE,MO_1_1046,MO,,,,"{""pa"": 140061704192, ""num_pages"": 3, ""page_size"": 4096}"
RESOURCE,MO_1_1047,MO,,,,"{""pa"": 140061745152, ""num_pages"": 3, ""page_size"": 4096}"
RESOURCE,MO_1_1048,MO,,,,"{""pa"": 140062179328, ""num_pages"": 1, ""page_size"": 4096}"
RESOURCE,MO_1_1049,MO,,,,"{""pa"": 140062519296, ""num_pages"": 1, ""page_size"": 4096}"
RESOURCE,MO_1_1050,MO,,,,"{""pa"": 140062531584, ""num_pages"": 1, ""page_size"": 4096}"
RESOURCE,MO_1_1051,MO,,,,"{""pa"": 140062760960, ""num_pages"": 1, ""page_size"": 4096}"
RESOURCE,MO_1_1052,MO,,,,"{""pa"": 140062793728, ""num_pages"": 6, ""page_size"": 4096}"
RESOURCE,MO_1_1053,MO,,,,"{""pa"": 140062818304, ""num_pages"": 8, ""page_size"": 4096}"
RESOURCE,MO_1_1054,MO,,,,"{""pa"": 140062859264, ""num_pages"": 1, ""page_size"": 4096}"
RESOURCE,MO_1_1055,MO,,,,"{""pa"": 140062879744, ""num_pages"": 1, ""page_size"": 4096}"
RESOURCE,MO_1_1056,MO,,,,"{""pa"": 140062883840, ""num_pages"": 1, ""page_size"": 4096}"
RESOURCE,MO_1_1057,MO,,,,"{""pa"": 140062887936, ""num_pages"": 1, ""page_size"": 4096}"
RESOURCE,MO_1_1058,MO,,,,"{""pa"": 140062892032, ""num_pages"": 1, ""page_size"": 4096}"
RESOURCE,MO_1_1059,MO,,,,"{""pa"": 140062896128, ""num_pages"": 1, ""page_size"": 4096}"
RESOURCE,MO_1_1060,MO,,,,"{""pa"": 140062900224, ""num_pages"": 1, ""page_size"": 4096}"
RESOURCE,MO_1_1061,MO,,,,"{""pa"": 140062904320, ""num_pages"": 1, ""page_size"": 4096}"
RESOURCE,MO_1_1062,MO,,,,"{""pa"": 140062908416, ""num_pages"": 1, ""page_size"": 4096}"
RESOURCE,MO_1_1063,MO,,,,"{""pa"": 140062912512, ""num_pages"": 1, ""page_size"": 4096}"
RESOURCE,MO_1_1064,MO,,,,"{""pa"": 140062916608, ""num_pages"": 1, ""page_size"": 4096}"
RESOURCE,MO_1_1065,MO,,,,"{""pa"": 140062920704, ""num_pages"": 1, ""page_size"": 4096}"
RESOURCE,MO_1_1066,MO,,,,"{""pa"": 140062924800, ""num_pages"": 1, ""page_size"": 4096}"
RESOURCE,MO_1_1067,MO,,,,"{""pa"": 140062928896, ""num_pages"": 1, ""page_size"": 4096}"
RESOURCE,MO_1_1068,MO,,,,"{""pa"": 140062932992, ""num_pages"": 1, ""page_size"": 4096}"
RESOURCE,MO_1_1069,MO,,,,"{""pa"": 140062937088, ""num_pages"": 3, ""page_size"": 4096}"
RESOURCE,MO_1_1070,MO,,,,"{""pa"": 140062949376, ""num_pages"": 3, ""page_size"": 4096}"
RESOURCE,MO_1_1071,MO,,,,"{""pa"": 140063428608, ""num_pages"": 1, ""page_size"": 4096}"
RESOURCE,MO_1_1072,MO,,,,"{""pa"": 140063510528, ""num_pages"": 1, ""page_size"": 4096}"
RESOURCE,MO_1_1073,MO,,,,"{""pa"": 140063543296, ""num_pages"": 1, ""page_size"": 4096}"
RESOURCE,MO_1_1074,MO,,,,"{""pa"": 140063817728, ""num_pages"": 2, ""page_size"": 4096}"
RESOURCE,MO_1_1075,MO,,,,"{""pa"": 140064563200, ""num_pages"": 1, ""page_size"": 4096}"
RESOURCE,MO_1_1076,MO,,,,"{""pa"": 140085686272, ""num_pages"": 1, ""page_size"": 4096}"
RESOURCE,MO_1_1077,MO,,,,"{""pa"": 140085886976, ""num_pages"": 6, ""page_size"": 4096}"
RESOURCE,MO_1_1078,MO,,,,"{""pa"": 140085911552, ""num_pages"": 2, ""page_size"": 4096}"
RESOURCE,MO_1_1079,MO,,,,"{""pa"": 140086214656, ""num_pages"": 2, ""page_size"": 4096}"
RESOURCE,MO_1_1080,MO,,,,"{""pa"": 140086239232, ""num_pages"": 1, ""page_size"": 4096}"
RESOURCE,MO_1_1081,MO,,,,"{""pa"": 140086243328, ""num_pages"": 1, ""page_size"": 4096}"
RESOURCE,MO_1_1082,MO,,,,"{""pa"": 140086505472, ""num_pages"": 1, ""page_size"": 4096}"
RESOURCE,MO_1_1083,MO,,,,"{""pa"": 140086575104, ""num_pages"": 4, ""page_size"": 4096}"
RESOURCE,MO_1_1084,MO,,,,"{""pa"": 140086595584, ""num_pages"": 3, ""page_size"": 4096}"
RESOURCE,MO_1_1085,MO,,,,"{""pa"": 140086607872, ""num_pages"": 1, ""page_size"": 4096}"
RESOURCE,MO_1_1086,MO,,,,"{""pa"": 140086611968, ""num_pages"": 1, ""page_size"": 4096}"
RESOURCE,MO_1_1087,MO,,,,"{""pa"": 140086632448, ""num_pages"": 1, ""page_size"": 4096}"
RESOURCE,MO_1_1088,MO,,,,"{""pa"": 140086640640, ""num_pages"": 1, ""page_size"": 4096}"
RESOURCE,MO_1_1089,MO,,,,"{""pa"": 140086738944, ""num_pages"": 8, ""page_size"": 4096}"
RESOURCE,MO_1_1090,MO,,,,"{""pa"": 140086796288, ""num_pages"": 1, ""page_size"": 4096}"
RESOURCE,MO_1_1091,MO,,,,"{""pa"": 140087459840, ""num_pages"": 1, ""page_size"": 4096}"
RESOURCE,MO_1_1092,MO,,,,"{""pa"": 140087480320, ""num_pages"": 1, ""page_size"": 4096}"
RESOURCE,MO_1_1093,MO,,,,"{""pa"": 140087484416, ""num_pages"": 1, ""page_size"": 4096}"
RESOURCE,MO_1_1094,MO,,,,"{""pa"": 140087595008, ""num_pages"": 1, ""page_size"": 4096}"
RESOURCE,MO_1_1095,MO,,,,"{""pa"": 140087599104, ""num_pages"": 1, ""page_size"": 4096}"
RESOURCE,MO_1_1096,MO,,,,"{""pa"": 140087631872, ""num_pages"": 1, ""page_size"": 4096}"
RESOURCE,MO_1_1097,MO,,,,"{""pa"": 140087648256, ""num_pages"": 1, ""page_size"": 4096}"
RESOURCE,MO_1_1098,MO,,,,"{""pa"": 140087681024, ""num_pages"": 1, ""page_size"": 4096}"
RESOURCE,MO_1_1099,MO,,,,"{""pa"": 140088266752, ""num_pages"": 1, ""page_size"": 4096}"
RESOURCE,MO_1_1100,MO,,,,"{""pa"": 140088274944, ""num_pages"": 1, ""page_size"": 4096}"
RESOURCE,MO_1_1101,MO,,,,"{""pa"": 140088782848, ""num_pages"": 1, ""page_size"": 4096}"
RESOURCE,MO_1_1102,MO,,,,"{""pa"": 140089294848, ""num_pages"": 1, ""page_size"": 4096}"
RESOURCE,MO_1_1103,MO,,,,"{""pa"": 140089315328, ""num_pages"": 1, ""page_size"": 4096}"
RESOURCE,MO_1_1104,MO,,,,"{""pa"": 140089327616, ""num_pages"": 1, ""page_size"": 4096}"
RESOURCE,MO_1_1105,MO,,,,"{""pa"": 140089446400, ""num_pages"": 1, ""page_size"": 4096}"
RESOURCE,MO_1_1106,MO,,,,"{""pa"": 140089511936, ""num_pages"": 1, ""page_size"": 4096}"
RESOURCE,MO_1_1107,MO,,,,"{""pa"": 140114923520, ""num_pages"": 1, ""page_size"": 4096}"
RESOURCE,MO_1_1108,MO,,,,"{""pa"": 140114944000, ""num_pages"": 1, ""page_size"": 4096}"
RESOURCE,MO_1_1109,MO,,,,"{""pa"": 140114989056, ""num_pages"": 1, ""page_size"": 4096}"
RESOURCE,MO_1_1110,MO,,,,"{""pa"": 140114993152, ""num_pages"": 1, ""page_size"": 4096}"
RESOURCE,MO_1_1111,MO,,,,"{""pa"": 140115009536, ""num_pages"": 1, ""page_size"": 4096}"
RESOURCE,MO_1_1112,MO,,,,"{""pa"": 140115038208, ""num_pages"": 1, ""page_size"": 4096}"
RESOURCE,MO_1_1113,MO,,,,"{""pa"": 140115107840, ""num_pages"": 1, ""page_size"": 4096}"
RESOURCE,MO_1_1114,MO,,,,"{""pa"": 140115116032, ""num_pages"": 1, ""page_size"": 4096}"
RESOURCE,MO_1_1115,MO,,,,"{""pa"": 140115496960, ""num_pages"": 1, ""page_size"": 4096}"
RESOURCE,MO_1_1116,MO,,,,"{""pa"": 140115517440, ""num_pages"": 1, ""page_size"": 4096}"
RESOURCE,MO_1_1117,MO,,,,"{""pa"": 140115554304, ""num_pages"": 1, ""page_size"": 4096}"
RESOURCE,MO_1_1118,MO,,,,"{""pa"": 140115570688, ""num_pages"": 1, ""page_size"": 4096}"
RESOURCE,MO_1_1119,MO,,,,"{""pa"": 140115599360, ""num_pages"": 1, ""page_size"": 4096}"
RESOURCE,MO_1_1120,MO,,,,"{""pa"": 140115648512, ""num_pages"": 1, ""page_size"": 4096}"
RESOURCE,MO_1_1121,MO,,,,"{""pa"": 140115677184, ""num_pages"": 1, ""page_size"": 4096}"
RESOURCE,MO_1_1122,MO,,,,"{""pa"": 140115681280, ""num_pages"": 1, ""page_size"": 4096}"
RESOURCE,MO_1_1123,MO,,,,"{""pa"": 140115968000, ""num_pages"": 1, ""page_size"": 4096}"
RESOURCE,MO_1_1124,MO,,,,"{""pa"": 140116193280, ""num_pages"": 1, ""page_size"": 4096}"
RESOURCE,MO_1_1125,MO,,,,"{""pa"": 140117454848, ""num_pages"": 1, ""page_size"": 4096}"
RESOURCE,MO_1_1126,MO,,,,"{""pa"": 140117491712, ""num_pages"": 1, ""page_size"": 4096}"
RESOURCE,MO_1_1127,MO,,,,"{""pa"": 140117639168, ""num_pages"": 6, ""page_size"": 4096}"
RESOURCE,MO_1_1128,MO,,,,"{""pa"": 140118257664, ""num_pages"": 1, ""page_size"": 4096}"
RESOURCE,MO_1_1129,MO,,,,"{""pa"": 140118261760, ""num_pages"": 2, ""page_size"": 4096}"
RESOURCE,MO_1_1130,MO,,,,"{""pa"": 140118302720, ""num_pages"": 2, ""page_size"": 4096}"
RESOURCE,MO_1_1131,MO,,,,"{""pa"": 140118401024, ""num_pages"": 2, ""page_size"": 4096}"
RESOURCE,MO_1_1132,MO,,,,"{""pa"": 140118523904, ""num_pages"": 1, ""page_size"": 4096}"
RESOURCE,MO_1_1133,MO,,,,"{""pa"": 140118589440, ""num_pages"": 8, ""page_size"": 4096}"
RESOURCE,MO_1_1134,MO,,,,"{""pa"": 140118642688, ""num_pages"": 1, ""page_size"": 4096}"
PD,PD_2,qemu,,,,
RESOURCE_SPACE,VMR_SPACE_2,VMR,,,,
RESOURCE,VMR_2_1,VMR,,,,PROGRAM_6_12
RESOURCE,VMR_2_2,VMR,,,,PROGRAM_37_12
RESOURCE,VMR_2_3,VMR,,,,PROGRAM_11_12
RESOURCE,VMR_2_4,VMR,,,,PROGRAM_2_12
RESOURCE,VMR_2_5,VMR,,,,PROGRAM_2_12
RESOURCE,VMR_2_6,VMR,,,,NONE_2_12
RESOURCE,VMR_2_7,VMR,,,,HEAP_239_12
RESOURCE,VMR_2_8,VMR,,,,LIB_10_12
RESOURCE,VMR_2_9,VMR,,,,LIB_76_12
RESOURCE,VMR_2_10,VMR,,,,LIB_23_12
RESOURCE,VMR_2_11,VMR,,,,LIB_1_12
RESOURCE,VMR_2_12,VMR,,,,LIB_5_12
RESOURCE,VMR_2_13,VMR,,,,LIB_1_12
RESOURCE,VMR_2_14,VMR,,,,NONE_1_12
RESOURCE,VMR_2_15,VMR,,,,LIB_4_12
RESOURCE,VMR_2_16,VMR,,,,LIB_3_12
RESOURCE,VMR_2_17,VMR,,,,LIB_2_12
RESOURCE,VMR_2_18,VMR,,,,LIB_1_12
RESOURCE,VMR_2_19,VMR,,,,LIB_1_12
RESOURCE,VMR_2_20,VMR,,,,LIB_1_12
RESOURCE,VMR_2_21,VMR,,,,NONE_4_12
RESOURCE,VMR_2_22,VMR,,,,LIB_2_12
RESOURCE,VMR_2_23,VMR,,,,LIB_3_12
RESOURCE,VMR_2_24,VMR,,,,LIB_2_12
RESOURCE,VMR_2_25,VMR,,,,LIB_1_12
RESOURCE,VMR_2_26,VMR,,,,LIB_1_12
RESOURCE,VMR_2_27,VMR,,,,LIB_7_12
RESOURCE,VMR_2_28,VMR,,,,LIB_1_12
RESOURCE,VMR_2_29,VMR,,,,LIB_2_12
RESOURCE,VMR_2_30,VMR,,,,LIB_1_12
RESOURCE,VMR_2_31,VMR,,,,LIB_1_12
RESOURCE,VMR_2_32,VMR,,,,LIB_1_12
RESOURCE,VMR_2_33,VMR,,,,LIB_2_12
RESOURCE,VMR_2_34,VMR,,,,LIB_3_12
RESOURCE,VMR_2_35,VMR,,,,LIB_2_12
RESOURCE,VMR_2_36,VMR,,,,LIB_1_12
RESOURCE,VMR_2_37,VMR,,,,LIB_1_12
RESOURCE,VMR_2_38,VMR,,,,LIB_1_12
RESOURCE,VMR_2_39,VMR,,,,LIB_1_12
RESOURCE,VMR_2_40,VMR,,,,LIB_1_12
RESOURCE,VMR_2_41,VMR,,,,LIB_1_12
RESOURCE,VMR_2_42,VMR,,,,LIB_1_12
RESOURCE,VMR_2_43,VMR,,,,LIB_1_12
RESOURCE,VMR_2_44,VMR,,,,LIB_1_12
RESOURCE,VMR_2_45,VMR,,,,LIB_1_12
RESOURCE,VMR_2_46,VMR,,,,LIB_1_12
RESOURCE,VMR_2_47,VMR,,,,LIB_1_12
RESOURCE,VMR_2_48,VMR,,,,LIB_4_12
RESOURCE,VMR_2_49,VMR,,,,LIB_27_12
RESOURCE,VMR_2_50,VMR,,,,LIB_12_12
RESOURCE,VMR_2_51,VMR,,,,LIB_1_12
RESOURCE,VMR_2_52,VMR,,,,LIB_1_12
RESOURCE,VMR_2_53,VMR,,,,LIB_1_12
RESOURCE,VMR_2_54,VMR,,,,NONE_1_12
RESOURCE,VMR_2_55,VMR,,,,LIB_33_12
RESOURCE,VMR_2_56,VMR,,,,LIB_93_12
RESOURCE,VMR_2_57,VMR,,,,LIB_61_12
RESOURCE,VMR_2_58,VMR,,,,LIB_1_12
RESOURCE,VMR_2_59,VMR,,,,LIB_13_12
RESOURCE,VMR_2_60,VMR,,,,LIB_2_12
RESOURCE,VMR_2_61,VMR,,,,LIB_11_12
RESOURCE,VMR_2_62,VMR,,,,LIB_56_12
RESOURCE,VMR_2_63,VMR,,,,LIB_12_12
RESOURCE,VMR_2_64,VMR,,,,LIB_1_12
RESOURCE,VMR_2_65,VMR,,,,LIB_2_12
RESOURCE,VMR_2_66,VMR,,,,LIB_2_12
RESOURCE,VMR_2_67,VMR,,,,LIB_6_12
RESOURCE,VMR_2_68,VMR,,,,LIB_50_12
RESOURCE,VMR_2_69,VMR,,,,LIB_16_12
RESOURCE,VMR_2_70,VMR,,,,LIB_4_12
RESOURCE,VMR_2_71,VMR,,,,LIB_1_12
RESOURCE,VMR_2_72,VMR,,,,LIB_1395_12
RESOURCE,VMR_2_73,VMR,,,,LIB_1_12
RESOURCE,VMR_2_74,VMR,,,,LIB_1_12
RESOURCE,VMR_2_75,VMR,,,,LIB_1_12
RESOURCE,VMR_2_76,VMR,,,,LIB_1_12
RESOURCE,VMR_2_77,VMR,,,,LIB_1_12
RESOURCE,VMR_2_78,VMR,,,,LIB_3_12
RESOURCE,VMR_2_79,VMR,,,,LIB_4_12
RESOURCE,VMR_2_80,VMR,,,,LIB_2_12
RESOURCE,VMR_2_81,VMR,,,,LIB_1_12
RESOURCE,VMR_2_82,VMR,,,,LIB_1_12
RESOURCE,VMR_2_83,VMR,,,,LIB_3_12
RESOURCE,VMR_2_84,VMR,,,,LIB_10_12
RESOURCE,VMR_2_85,VMR,,,,LIB_3_12
RESOURCE,VMR_2_86,VMR,,,,LIB_1_12
RESOURCE,VMR_2_87,VMR,,,,LIB_1_12
RESOURCE,VMR_2_88,VMR,,,,NONE_2_12
RESOURCE,VMR_2_89,VMR,,,,LIB_7_12
RESOURCE,VMR_2_90,VMR,,,,LIB_27_12
RESOURCE,VMR_2_91,VMR,,,,LIB_9_12
RESOURCE,VMR_2_92,VMR,,,,LIB_1_12
RESOURCE,VMR_2_93,VMR,,,,LIB_1_12
RESOURCE,VMR_2_94,VMR,,,,LIB_1_12
RESOURCE,VMR_2_95,VMR,,,,LIB_2_12
RESOURCE,VMR_2_96,VMR,,,,LIB_20_12
RESOURCE,VMR_2_97,VMR,,,,LIB_25_12
RESOURCE,VMR_2_98,VMR,,,,LIB_1_12
RESOURCE,VMR_2_99,VMR,,,,LIB_1_12
RESOURCE,VMR_2_100,VMR,,,,LIB_1_12
RESOURCE,VMR_2_101,VMR,,,,NONE_8_12
RESOURCE,VMR_2_102,VMR,,,,LIB_40_12
RESOURCE,VMR_2_103,VMR,,,,LIB_405_12
RESOURCE,VMR_2_104,VMR,,,,LIB_88_12
RESOURCE,VMR_2_105,VMR,,,,LIB_1_12
RESOURCE,VMR_2_106,VMR,,,,LIB_4_12
RESOURCE,VMR_2_107,VMR,,,,LIB_2_12
RESOURCE,VMR_2_108,VMR,,,,NONE_13_12
RESOURCE,VMR_2_109,VMR,,,,LIB_1_12
RESOURCE,VMR_2_110,VMR,,,,LIB_1_12
RESOURCE,VMR_2_111,VMR,,,,LIB_1_12
RESOURCE,VMR_2_112,VMR,,,,LIB_1_12
RESOURCE,VMR_2_113,VMR,,,,LIB_1_12
RESOURCE,VMR_2_114,VMR,,,,LIB_1_12
RESOURCE,VMR_2_115,VMR,,,,LIB_1_12
RESOURCE,VMR_2_116,VMR,,,,LIB_1_12
RESOURCE,VMR_2_117,VMR,,,,LIB_1_12
RESOURCE,VMR_2_118,VMR,,,,LIB_1_12
RESOURCE,VMR_2_119,VMR,,,,LIB_2_12
RESOURCE,VMR_2_120,VMR,,,,LIB_2_12
RESOURCE,VMR_2_121,VMR,,,,LIB_1_12
RESOURCE,VMR_2_122,VMR,,,,LIB_1_12
RESOURCE,VMR_2_123,VMR,,,,LIB_1_12
RESOURCE,VMR_2_124,VMR,,,,LIB_4_12
RESOURCE,VMR_2_125,VMR,,,,LIB_14_12
RESOURCE,VMR_2_126,VMR,,,,LIB_4_12
RESOURCE,VMR_2_127,VMR,,,,LIB_1_12
RESOURCE,VMR_2_128,VMR,,,,LIB_1_12
RESOURCE,VMR_2_129,VMR,,,,NONE_2_12
RESOURCE,VMR_2_130,VMR,,,,LIB_2_12
RESOURCE,VMR_2_131,VMR,,,,LIB_7_12
RESOURCE,VMR_2_132,VMR,,,,LIB_2_12
RESOURCE,VMR_2_133,VMR,,,,LIB_1_12
RESOURCE,VMR_2_134,VMR,,,,LIB_1_12
RESOURCE,VMR_2_135,VMR,,,,LIB_3_12
RESOURCE,VMR_2_136,VMR,,,,LIB_6_12
RESOURCE,VMR_2_137,VMR,,,,LIB_2_12
RESOURCE,VMR_2_138,VMR,,,,LIB_1_12
RESOURCE,VMR_2_139,VMR,,,,LIB_1_12
RESOURCE,VMR_2_140,VMR,,,,LIB_1_12
RESOURCE,VMR_2_141,VMR,,,,LIB_1_12
RESOURCE,VMR_2_142,VMR,,,,LIB_1_12
RESOURCE,VMR_2_143,VMR,,,,LIB_1_12
RESOURCE,VMR_2_144,VMR,,,,LIB_1_12
RESOURCE,VMR_2_145,VMR,,,,LIB_1_12
RESOURCE,VMR_2_146,VMR,,,,LIB_2_12
RESOURCE,VMR_2_147,VMR,,,,LIB_8_12
RESOURCE,VMR_2_148,VMR,,,,LIB_2_12
RESOURCE,VMR_2_149,VMR,,,,LIB_1_12
RESOURCE,VMR_2_150,VMR,,,,LIB_1_12
RESOURCE,VMR_2_151,VMR,,,,LIB_3_12
RESOURCE,VMR_2_152,VMR,,,,LIB_8_12
RESOURCE,VMR_2_153,VMR,,,,LIB_2_12
RESOURCE,VMR_2_154,VMR,,,,LIB_1_12
RESOURCE,VMR_2_155,VMR,,,,LIB_1_12
RESOURCE,VMR_2_156,VMR,,,,LIB_1_12
RESOURCE,VMR_2_157,VMR,,,,NONE_12_12
RESOURCE,VMR_2_158,VMR,,,,LIB_2_12
RESOURCE,VMR_2_159,VMR,,,,LIB_17_12
RESOURCE,VMR_2_160,VMR,,,,LIB_6_12
RESOURCE,VMR_2_161,VMR,,,,LIB_1_12
RESOURCE,VMR_2_162,VMR,,,,LIB_1_12
RESOURCE,VMR_2_163,VMR,,,,LIB_1_12
RESOURCE,VMR_2_164,VMR,,,,LIB_3_12
RESOURCE,VMR_2_165,VMR,,,,LIB_9_12
RESOURCE,VMR_2_166,VMR,,,,LIB_4_12
RESOURCE,VMR_2_167,VMR,,,,LIB_1_12
RESOURCE,VMR_2_168,VMR,,,,LIB_1_12
RESOURCE,VMR_2_169,VMR,,,,LIB_10_12
RESOURCE,VMR_2_170,VMR,,,,LIB_76_12
RESOURCE,VMR_2_171,VMR,,,,LIB_33_12
RESOURCE,VMR_2_172,VMR,,,,LIB_1_12
RESOURCE,VMR_2_173,VMR,,,,LIB_3_12
RESOURCE,VMR_2_174,VMR,,,,LIB_3_12
RESOURCE,VMR_2_175,VMR,,,,NONE_4_12
RESOURCE,VMR_2_176,VMR,,,,LIB_2_12
RESOURCE,VMR_2_177,VMR,,,,LIB_107_12
RESOURCE,VMR_2_178,VMR,,,,LIB_40_12
RESOURCE,VMR_2_179,VMR,,,,LIB_1_12
RESOURCE,VMR_2_180,VMR,,,,LIB_1_12
RESOURCE,VMR_2_181,VMR,,,,NONE_2_12
RESOURCE,VMR_2_182,VMR,,,,LIB_2_12
RESOURCE,VMR_2_183,VMR,,,,LIB_3_12
RESOURCE,VMR_2_184,VMR,,,,LIB_1_12
RESOURCE,VMR_2_185,VMR,,,,LIB_1_12
RESOURCE,VMR_2_186,VMR,,,,LIB_1_12
RESOURCE,VMR_2_187,VMR,,,,LIB_6_12
RESOURCE,VMR_2_188,VMR,,,,LIB_19_12
RESOURCE,VMR_2_189,VMR,,,,LIB_6_12
RESOURCE,VMR_2_190,VMR,,,,LIB_1_12
RESOURCE,VMR_2_191,VMR,,,,LIB_1_12
RESOURCE,VMR_2_192,VMR,,,,LIB_1_12
RESOURCE,VMR_2_193,VMR,,,,LIB_6_12
RESOURCE,VMR_2_194,VMR,,,,LIB_26_12
RESOURCE,VMR_2_195,VMR,,,,LIB_7_12
RESOURCE,VMR_2_196,VMR,,,,LIB_1_12
RESOURCE,VMR_2_197,VMR,,,,LIB_1_12
RESOURCE,VMR_2_198,VMR,,,,LIB_1_12
RESOURCE,VMR_2_199,VMR,,,,NONE_2_12
RESOURCE,VMR_2_200,VMR,,,,LIB_3_12
RESOURCE,VMR_2_201,VMR,,,,LIB_8_12
RESOURCE,VMR_2_202,VMR,,,,LIB_21_12
RESOURCE,VMR_2_203,VMR,,,,LIB_1_12
RESOURCE,VMR_2_204,VMR,,,,LIB_1_12
RESOURCE,VMR_2_205,VMR,,,,NONE_12_12
RESOURCE,VMR_2_206,VMR,,,,LIB_2_12
RESOURCE,VMR_2_207,VMR,,,,LIB_1_12
RESOURCE,VMR_2_208,VMR,,,,LIB_1_12
RESOURCE,VMR_2_209,VMR,,,,LIB_1_12
RESOURCE,VMR_2_210,VMR,,,,LIB_1_12
RESOURCE,VMR_2_211,VMR,,,,LIB_1_12
RESOURCE,VMR_2_212,VMR,,,,LIB_2_12
RESOURCE,VMR_2_213,VMR,,,,LIB_1_12
RESOURCE,VMR_2_214,VMR,,,,LIB_1_12
RESOURCE,VMR_2_215,VMR,,,,LIB_1_12
RESOURCE,VMR_2_216,VMR,,,,LIB_2_12
RESOURCE,VMR_2_217,VMR,,,,LIB_3_12
RESOURCE,VMR_2_218,VMR,,,,LIB_1_12
RESOURCE,VMR_2_219,VMR,,,,LIB_1_12
RESOURCE,VMR_2_220,VMR,,,,LIB_1_12
RESOURCE,VMR_2_221,VMR,,,,NONE_2_12
RESOURCE,VMR_2_222,VMR,,,,LIB_2_12
RESOURCE,VMR_2_223,VMR,,,,LIB_42_12
RESOURCE,VMR_2_224,VMR,,,,LIB_11_12
RESOURCE,VMR_2_225,VMR,,,,LIB_2_12
RESOURCE,VMR_2_226,VMR,,,,LIB_2_12
RESOURCE,VMR_2_227,VMR,,,,STACK_69_12
RESOURCE,VMR_2_228,VMR,,,,VVAR_4_12
RESOURCE,VMR_2_229,VMR,,,,VDSO_2_12
RESOURCE,VMR_2_230,VMR,,,,VSYSCALL_1_12
,,RWX,HOLD,PD_1,MO_1_1,
,,RWX,HOLD,PD_1,MO_1_2,
,,RWX,HOLD,PD_1,MO_1_3,
,,RWX,HOLD,PD_1,MO_1_4,
,,RWX,HOLD,PD_1,MO_1_5,
,,RWX,HOLD,PD_1,MO_1_6,
,,RWX,HOLD,PD_1,MO_1_7,
,,RWX,HOLD,PD_1,MO_1_8,
,,RWX,HOLD,PD_1,MO_1_9,
,,RWX,HOLD,PD_1,MO_1_10,
,,RWX,HOLD,PD_1,MO_1_11,
,,RWX,HOLD,PD_1,MO_1_12,
,,RWX,HOLD,PD_1,MO_1_13,
,,RWX,HOLD,PD_1,MO_1_14,
,,RWX,HOLD,PD_1,MO_1_15,
,,RWX,HOLD,PD_1,MO_1_16,
,,RWX,HOLD,PD_1,MO_1_17,
,,RWX,HOLD,PD_1,MO_1_18,
,,RWX,HOLD,PD_1,MO_1_19,
,,RWX,HOLD,PD_1,MO_1_20,
,,RWX,HOLD,PD_1,MO_1_21,
,,RWX,HOLD,PD_1,MO_1_22,
,,RWX,HOLD,PD_1,MO_1_23,
,,RWX,HOLD,PD_1,MO_1_24,
,,RWX,HOLD,PD_1,MO_1_25,
,,RWX,HOLD,PD_1,MO_1_26,
,,RWX,HOLD,PD_1,MO_1_27,
,,RWX,HOLD,PD_1,MO_1_28,
,,RWX,HOLD,PD_1,MO_1_29,
,,RWX,HOLD,PD_1,MO_1_30,
,,RWX,HOLD,PD_1,MO_1_31,
,,RWX,HOLD,PD_1,MO_1_32,
,,RWX,HOLD,PD_1,MO_1_33,
,,RWX,HOLD,PD_1,MO_1_34,
,,RWX,HOLD,PD_1,MO_1_35,
,,RWX,HOLD,PD_1,MO_1_36,
,,RWX,HOLD,PD_1,MO_1_37,
,,RWX,HOLD,PD_1,MO_1_38,
,,RWX,HOLD,PD_1,MO_1_39,
,,RWX,HOLD,PD_1,MO_1_40,
,,RWX,HOLD,PD_1,MO_1_41,
,,RWX,HOLD,PD_1,MO_1_42,
,,RWX,HOLD,PD_1,MO_1_43,
,,RWX,HOLD,PD_1,MO_1_44,
,,RWX,HOLD,PD_1,MO_1_45,
,,RWX,HOLD,PD_1,MO_1_46,
,,RWX,HOLD,PD_1,MO_1_47,
,,RWX,HOLD,PD_1,MO_1_48,
,,RWX,HOLD,PD_1,MO_1_49,
,,RWX,HOLD,PD_1,MO_1_50,
,,RWX,HOLD,PD_1,MO_1_51,
,,RWX,HOLD,PD_1,MO_1_52,
,,RWX,HOLD,PD_1,MO_1_53,
,,RWX,HOLD,PD_1,MO_1_54,
,,RWX,HOLD,PD_1,MO_1_55,
,,RWX,HOLD,PD_1,MO_1_56,
,,RWX,HOLD,PD_1,MO_1_57,
,,RWX,HOLD,PD_1,MO_1_58,
,,RWX,HOLD,PD_1,MO_1_59,
,,RWX,HOLD,PD_1,MO_1_60,
,,RWX,HOLD,PD_1,MO_1_61,
,,RWX,HOLD,PD_1,MO_1_62,
,,RWX,HOLD,PD_1,MO_1_63,
,,RWX,HOLD,PD_1,MO_1_64,
,,RWX,HOLD,PD_1,MO_1_65,
,,RWX,HOLD,PD_1,MO_1_66,
,,RWX,HOLD,PD_1,MO_1_67,
,,RWX,HOLD,PD_1,MO_1_68,
,,RWX,HOLD,PD_1,MO_1_69,
,,RWX,HOLD,PD_1,MO_1_70,
,,RWX,HOLD,PD_1,MO_1_71,
,,RWX,HOLD,PD_1,MO_1_72,
,,RWX,HOLD,PD_1,MO_1_73,
,,RWX,HOLD,PD_1,MO_1_74,
,,RWX,HOLD,PD_1,MO_1_75,
,,RWX,HOLD,PD_1,MO_1_76,
,,RWX,HOLD,PD_1,MO_1_77,
,,RWX,HOLD,PD_1,MO_1_78,
,,RWX,HOLD,PD_1,MO_1_79,
,,RWX,HOLD,PD_1,MO_1_80,
,,RWX,HOLD,PD_1,MO_1_81,
,,RWX,HOLD,PD_1,MO_1_82,
,,RWX,HOLD,PD_1,MO_1_83,
,,RWX,HOLD,PD_1,MO_1_84,
,,RWX,HOLD,PD_1,MO_1_85,
,,RWX,HOLD,PD_1,MO_1_86,
,,RWX,HOLD,PD_1,MO_1_87,
,,RWX,HOLD,PD_1,MO_1_88,
,,RWX,HOLD,PD_1,MO_1_89,
,,RWX,HOLD,PD_1,MO_1_90,
,,RWX,HOLD,PD_1,MO_1_91,
,,RWX,HOLD,PD_1,MO_1_92,
,,RWX,HOLD,PD_1,MO_1_93,
,,RWX,HOLD,PD_1,MO_1_94,
,,RWX,HOLD,PD_1,MO_1_95,
,,RWX,HOLD,PD_1,MO_1_96,
,,RWX,HOLD,PD_1,MO_1_97,
,,RWX,HOLD,PD_1,MO_1_98,
,,RWX,HOLD,PD_1,MO_1_99,
,,RWX,HOLD,PD_1,MO_1_100,
,,RWX,HOLD,PD_1,MO_1_101,
,,RWX,HOLD,PD_1,MO_1_102,
,,RWX,HOLD,PD_1,MO_1_103,
,,RWX,HOLD,PD_1,MO_1_104,
,,RWX,HOLD,PD_1,MO_1_105,
,,RWX,HOLD,PD_1,MO_1_106,
,,RWX,HOLD,PD_1,MO_1_107,
,,RWX,HOLD,PD_1,MO_1_108,
,,RWX,HOLD,PD_1,MO_1_109,
,,RWX,HOLD,PD_1,MO_1_110,
,,RWX,HOLD,PD_1,MO_1_111,
,,RWX,HOLD,PD_1,MO_1_112,
,,RWX,HOLD,PD_1,MO_1_113,
,,RWX,HOLD,PD_1,MO_1_114,
,,RWX,HOLD,PD_1,MO_1_115,
,,RWX,HOLD,PD_1,MO_1_116,
,,RWX,HOLD,PD_1,MO_1_117,
,,RWX,HOLD,PD_1,MO_1_118,
,,RWX,HOLD,PD_1,MO_1_119,
,,RWX,HOLD,PD_1,MO_1_120,
,,RWX,HOLD,PD_1,MO_1_121,
,,RWX,HOLD,PD_1,MO_1_122,
,,RWX,HOLD,PD_1,MO_1_123,
,,RWX,HOLD,PD_1,MO_1_124,
,,RWX,HOLD,PD_1,MO_1_125,
,,RWX,HOLD,PD_1,MO_1_126,
,,RWX,HOLD,PD_1,MO_1_127,
,,RWX,HOLD,PD_1,MO_1_128,
,,RWX,HOLD,PD_1,MO_1_129,
,,RWX,HOLD,PD_1,MO_1_130,
,,RWX,HOLD,PD_1,MO_1_131,
,,RWX,HOLD,PD_1,MO_1_132,
,,RWX,HOLD,PD_1,MO_1_133,
,,RWX,HOLD,PD_1,MO_1_134,
,,RWX,HOLD,PD_1,MO_1_135,
,,RWX,HOLD,PD_1,MO_1_136,
,,RWX,HOLD,PD_1,MO_1_137,
,,RWX,HOLD,PD_1,MO_1_138,
,,RWX,HOLD,PD_1,MO_1_139,
,,RWX,HOLD,PD_1,MO_1_140,
,,RWX,HOLD,PD_1,MO_1_141,
,,RWX,HOLD,PD_1,MO_1_142,
,,RWX,HOLD,PD_1,MO_1_143,
,,RWX,HOLD,PD_1,MO_1_144,
,,RWX,HOLD,PD_1,MO_1_145,
,,RWX,HOLD,PD_1,MO_1_146,
,,RWX,HOLD,PD_1,MO_1_147,
,,RWX,HOLD,PD_1,MO_1_148,
,,RWX,HOLD,PD_1,MO_1_149,
,,RWX,HOLD,PD_1,MO_1_150,
,,RWX,HOLD,PD_1,MO_1_151,
,,RWX,HOLD,PD_1,MO_1_152,
,,RWX,HOLD,PD_1,MO_1_153,
,,RWX,HOLD,PD_1,MO_1_154,
,,RWX,HOLD,PD_1,MO_1_155,
,,RWX,HOLD,PD_1,MO_1_156,
,,RWX,HOLD,PD_1,MO_1_157,
,,RWX,HOLD,PD_1,MO_1_158,
,,RWX,HOLD,PD_1,MO_1_159,
,,RWX,HOLD,PD_1,MO_1_160,
,,RWX,HOLD,PD_1,MO_1_161,
,,RWX,HOLD,PD_1,MO_1_162,
,,RWX,HOLD,PD_1,MO_1_163,
,,RWX,HOLD,PD_1,MO_1_164,
,,RWX,HOLD,PD_1,MO_1_165,
,,RWX,HOLD,PD_1,MO_1_166,
,,RWX,HOLD,PD_1,MO_1_167,
,,RWX,HOLD,PD_1,MO_1_168,
,,RWX,HOLD,PD_1,MO_1_169,
,,RWX,HOLD,PD_1,MO_1_170,
,,RWX,HOLD,PD_1,MO_1_171,
,,RWX,HOLD,PD_1,MO_1_172,
,,RWX,HOLD,PD_1,MO_1_173,
,,RWX,HOLD,PD_1,MO_1_174,
,,RWX,HOLD,PD_1,MO_1_175,
,,RWX,HOLD,PD_1,MO_1_176,
,,RWX,HOLD,PD_1,MO_1_177,
,,RWX,HOLD,PD_1,MO_1_178,
,,RWX,HOLD,PD_1,MO_1_179,
,,RWX,HOLD,PD_1,MO_1_180,
,,RWX,HOLD,PD_1,MO_1_181,
,,RWX,HOLD,PD_1,MO_1_182,
,,RWX,HOLD,PD_1,MO_1_183,
,,RWX,HOLD,PD_1,MO_1_184,
,,RWX,HOLD,PD_1,MO_1_185,
,,RWX,HOLD,PD_1,MO_1_186,
,,RWX,HOLD,PD_1,MO_1_187,
,,RWX,HOLD,PD_1,MO_1_188,
,,RWX,HOLD,PD_1,MO_1_189,
,,RWX,HOLD,PD_1,MO_1_190,
,,RWX,HOLD,PD_1,MO_1_191,
,,RWX,HOLD,PD_1,MO_1_192,
,,RWX,HOLD,PD_1,MO_1_193,
,,RWX,HOLD,PD_1,MO_1_194,
,,RWX,HOLD,PD_1,MO_1_195,
,,RWX,HOLD,PD_1,MO_1_196,
,,RWX,HOLD,PD_1,MO_1_197,
,,RWX,HOLD,PD_1,MO_1_198,
,,RWX,HOLD,PD_1,MO_1_199,
,,RWX,HOLD,PD_1,MO_1_200,
,,RWX,HOLD,PD_1,MO_1_201,
,,RWX,HOLD,PD_1,MO_1_202,
,,RWX,HOLD,PD_1,MO_1_203,
,,RWX,HOLD,PD_1,MO_1_204,
,,RWX,HOLD,PD_1,MO_1_205,
,,RWX,HOLD,PD_1,MO_1_206,
,,RWX,HOLD,PD_1,MO_1_207,
,,RWX,HOLD,PD_1,MO_1_208,
,,RWX,HOLD,PD_1,MO_1_209,
,,RWX,HOLD,PD_1,MO_1_210,
,,RWX,HOLD,PD_1,MO_1_211,
,,RWX,HOLD,PD_1,MO_1_212,
,,RWX,HOLD,PD_1,MO_1_213,
,,RWX,HOLD,PD_1,MO_1_214,
,,RWX,HOLD,PD_1,MO_1_215,
,,RWX,HOLD,PD_1,MO_1_216,
,,RWX,HOLD,PD_1,MO_1_217,
,,RWX,HOLD,PD_1,MO_1_218,
,,RWX,HOLD,PD_1,MO_1_219,
,,RWX,HOLD,PD_1,MO_1_220,
,,RWX,HOLD,PD_1,MO_1_221,
,,RWX,HOLD,PD_1,MO_1_222,
,,RWX,HOLD,PD_1,MO_1_223,
,,RWX,HOLD,PD_1,MO_1_224,
,,RWX,HOLD,PD_1,MO_1_225,
,,RWX,HOLD,PD_1,MO_1_226,
,,RWX,HOLD,PD_1,MO_1_227,
,,RWX,HOLD,PD_1,MO_1_228,
,,RWX,HOLD,PD_1,MO_1_229,
,,RWX,HOLD,PD_1,MO_1_230,
,,RWX,HOLD,PD_1,MO_1_231,
,,RWX,HOLD,PD_1,MO_1_232,
,,RWX,HOLD,PD_1,MO_1_233,
,,RWX,HOLD,PD_1,MO_1_234,
,,RWX,HOLD,PD_1,MO_1_235,
,,RWX,HOLD,PD_1,MO_1_236,
,,RWX,HOLD,PD_1,MO_1_237,
,,RWX,HOLD,PD_1,MO_1_238,
,,RWX,HOLD,PD_1,MO_1_239,
,,RWX,HOLD,PD_1,MO_1_240,
,,RWX,HOLD,PD_1,MO_1_241,
,,RWX,HOLD,PD_1,MO_1_242,
,,RWX,HOLD,PD_1,MO_1_243,
,,RWX,HOLD,PD_1,MO_1_244,
,,RWX,HOLD,PD_1,MO_1_245,
,,RWX,HOLD,PD_1,MO_1_246,
,,RWX,HOLD,PD_1,MO_1_247,
,,RWX,HOLD,PD_1,MO_1_248,
,,RWX,HOLD,PD_1,MO_1_249,
,,RWX,HOLD,PD_1,MO_1_250,
,,RWX,HOLD,PD_1,MO_1_251,
,,RWX,HOLD,PD_1,MO_1_252,
,,RWX,HOLD,PD_1,MO_1_253,
,,RWX,HOLD,PD_1,MO_1_254,
,,RWX,HOLD,PD_1,MO_1_255,
,,RWX,HOLD,PD_1,MO_1_256,
,,RWX,HOLD,PD_1,MO_1_257,
,,RWX,HOLD,PD_1,MO_1_258,
,,RWX,HOLD,PD_1,MO_1_259,
,,RWX,HOLD,PD_1,MO_1_260,
,,RWX,HOLD,PD_1,MO_1_261,
,,RWX,HOLD,PD_1,MO_1_262,
,,RWX,HOLD,PD_1,MO_1_263,
,,RWX,HOLD,PD_1,MO_1_264,
,,RWX,HOLD,PD_1,MO_1_265,
,,RWX,HOLD,PD_1,MO_1_266,
,,RWX,HOLD,PD_1,MO_1_267,
,,RWX,HOLD,PD_1,MO_1_268,
,,RWX,HOLD,PD_1,MO_1_269,
,,RWX,HOLD,PD_1,MO_1_270,
,,RWX,HOLD,PD_1,MO_1_271,
,,RWX,HOLD,PD_1,MO_1_272,
,,RWX,HOLD,PD_1,MO_1_273,
,,RWX,HOLD,PD_1,MO_1_274,
,,RWX,HOLD,PD_1,MO_1_275,
,,RWX,HOLD,PD_1,MO_1_276,
,,RWX,HOLD,PD_1,MO_1_277,
,,RWX,HOLD,PD_1,MO_1_278,
,,RWX,HOLD,PD_1,MO_1_279,
,,RWX,HOLD,PD_1,MO_1_280,
,,RWX,HOLD,PD_1,MO_1_281,
,,RWX,HOLD,PD_1,MO_1_282,
,,RWX,HOLD,PD_1,MO_1_283,
,,RWX,HOLD,PD_1,MO_1_284,
,,RWX,HOLD,PD_1,MO_1_285,
,,RWX,HOLD,PD_1,MO_1_286,
,,RWX,HOLD,PD_1,MO_1_287,
,,RWX,HOLD,PD_1,MO_1_288,
,,RWX,HOLD,PD_1,MO_1_289,
,,RWX,HOLD,PD_1,MO_1_290,
,,RWX,HOLD,PD_1,MO_1_291,
,,RWX,HOLD,PD_1,MO_1_292,
,,RWX,HOLD,PD_1,MO_1_293,
,,RWX,HOLD,PD_1,MO_1_294,
,,RWX,HOLD,PD_1,MO_1_295,
,,RWX,HOLD,PD_1,MO_1_296,
,,RWX,HOLD,PD_1,MO_1_297,
,,RWX,HOLD,PD_1,MO_1_298,
,,RWX,HOLD,PD_1,MO_1_299,
,,RWX,HOLD,PD_1,MO_1_300,
,,RWX,HOLD,PD_1,MO_1_301,
,,RWX,HOLD,PD_1,MO_1_302,
,,RWX,HOLD,PD_1,MO_1_303,
,,RWX,HOLD,PD_1,MO_1_304,
,,RWX,HOLD,PD_1,MO_1_305,
,,RWX,HOLD,PD_1,MO_1_306,
,,RWX,HOLD,PD_1,MO_1_307,
,,RWX,HOLD,PD_1,MO_1_308,
,,RWX,HOLD,PD_1,MO_1_309,
,,RWX,HOLD,PD_1,MO_1_310,
,,RWX,HOLD,PD_1,MO_1_311,
,,RWX,HOLD,PD_1,MO_1_312,
,,RWX,HOLD,PD_1,MO_1_313,
,,RWX,HOLD,PD_1,MO_1_314,
,,RWX,HOLD,PD_1,MO_1_315,
,,RWX,HOLD,PD_1,MO_1_316,
,,RWX,HOLD,PD_1,MO_1_317,
,,RWX,HOLD,PD_1,MO_1_318,
,,RWX,HOLD,PD_1,MO_1_319,
,,RWX,HOLD,PD_1,MO_1_320,
,,RWX,HOLD,PD_1,MO_1_321,
,,RWX,HOLD,PD_1,MO_1_322,
,,RWX,HOLD,PD_1,MO_1_323,
,,RWX,HOLD,PD_1,MO_1_324,
,,RWX,HOLD,PD_1,MO_1_325,
,,RWX,HOLD,PD_1,MO_1_326,
,,RWX,HOLD,PD_1,MO_1_327,
,,RWX,HOLD,PD_1,MO_1_328,
,,RWX,HOLD,PD_1,MO_1_329,
,,RWX,HOLD,PD_1,MO_1_330,
,,RWX,HOLD,PD_1,MO_1_331,
,,RWX,HOLD,PD_1,MO_1_332,
,,RWX,HOLD,PD_1,MO_1_333,
,,RWX,HOLD,PD_1,MO_1_334,
,,RWX,HOLD,PD_1,MO_1_335,
,,RWX,HOLD,PD_1,MO_1_336,
,,RWX,HOLD,PD_1,MO_1_337,
,,RWX,HOLD,PD_1,MO_1_338,
,,RWX,HOLD,PD_1,MO_1_339,
,,RWX,HOLD,PD_1,MO_1_340,
,,RWX,HOLD,PD_1,MO_1_341,
,,RWX,HOLD,PD_1,MO_1_342,
,,RWX,HOLD,PD_1,MO_1_343,
,,RWX,HOLD,PD_1,MO_1_344,
,,RWX,HOLD,PD_1,MO_1_345,
,,RWX,HOLD,PD_1,MO_1_346,
,,RWX,HOLD,PD_1,MO_1_347,
,,RWX,HOLD,PD_1,MO_1_348,
,,RWX,HOLD,PD_1,MO_1_349,
,,RWX,HOLD,PD_1,MO_1_350,
,,RWX,HOLD,PD_1,MO_1_351,
,,RWX,HOLD,PD_1,MO_1_352,
,,RWX,HOLD,PD_1,MO_1_353,
,,RWX,HOLD,PD_1,MO_1_354,
,,RWX,HOLD,PD_1,MO_1_355,
,,RWX,HOLD,PD_1,MO_1_356,
,,RWX,HOLD,PD_1,MO_1_357,
,,RWX,HOLD,PD_1,MO_1_358,
,,RWX,HOLD,PD_1,MO_1_359,
,,RWX,HOLD,PD_1,MO_1_360,
,,RWX,HOLD,PD_1,MO_1_361,
,,RWX,HOLD,PD_1,MO_1_362,
,,RWX,HOLD,PD_1,MO_1_363,
,,RWX,HOLD,PD_1,MO_1_364,
,,RWX,HOLD,PD_1,MO_1_365,
,,RWX,HOLD,PD_1,MO_1_366,
,,RWX,HOLD,PD_1,MO_1_367,
,,RWX,HOLD,PD_1,MO_1_368,
,,RWX,HOLD,PD_1,MO_1_369,
,,RWX,HOLD,PD_1,MO_1_370,
,,RWX,HOLD,PD_1,MO_1_371,
,,RWX,HOLD,PD_1,MO_1_372,
,,RWX,HOLD,PD_1,MO_1_373,
,,RWX,HOLD,PD_1,MO_1_374,
,,RWX,HOLD,PD_1,MO_1_375,
,,RWX,HOLD,PD_1,MO_1_376,
,,RWX,HOLD,PD_1,MO_1_377,
,,RWX,HOLD,PD_1,MO_1_378,
,,RWX,HOLD,PD_1,MO_1_379,
,,RWX,HOLD,PD_1,MO_1_380,
,,RWX,HOLD,PD_1,MO_1_381,
,,RWX,HOLD,PD_1,MO_1_382,
,,RWX,HOLD,PD_1,MO_1_383,
,,RWX,HOLD,PD_1,MO_1_384,
,,RWX,HOLD,PD_1,MO_1_385,
,,RWX,HOLD,PD_1,MO_1_386,
,,RWX,HOLD,PD_1,MO_1_387,
,,RWX,HOLD,PD_1,MO_1_388,
,,RWX,HOLD,PD_1,MO_1_389,
,,RWX,HOLD,PD_1,MO_1_390,
,,RWX,HOLD,PD_1,MO_1_391,
,,RWX,HOLD,PD_1,MO_1_392,
,,RWX,HOLD,PD_1,MO_1_393,
,,RWX,HOLD,PD_1,MO_1_394,
,,RWX,HOLD,PD_1,MO_1_395,
,,RWX,HOLD,PD_1,MO_1_396,
,,RWX,HOLD,PD_1,MO_1_397,
,,RWX,HOLD,PD_1,MO_1_398,
,,RWX,HOLD,PD_1,MO_1_399,
,,RWX,HOLD,PD_1,MO_1_400,
,,RWX,HOLD,PD_1,MO_1_401,
,,RWX,HOLD,PD_1,MO_1_402,
,,RWX,HOLD,PD_1,MO_1_403,
,,RWX,HOLD,PD_1,MO_1_404,
,,RWX,HOLD,PD_1,MO_1_405,
,,RWX,HOLD,PD_1,MO_1_406,
,,RWX,HOLD,PD_1,MO_1_407,
,,RWX,HOLD,PD_1,MO_1_408,
,,RWX,HOLD,PD_1,MO_1_409,
,,RWX,HOLD,PD_1,MO_1_410,
,,RWX,HOLD,PD_1,MO_1_411,
,,RWX,HOLD,PD_1,MO_1_412,
,,RWX,HOLD,PD_1,MO_1_413,
,,RWX,HOLD,PD_1,MO_1_414,
,,RWX,HOLD,PD_1,MO_1_415,
,,RWX,HOLD,PD_1,MO_1_416,
,,RWX,HOLD,PD_1,MO_1_417,
,,RWX,HOLD,PD_1,MO_1_418,
,,RWX,HOLD,PD_1,MO_1_419,
,,RWX,HOLD,PD_1,MO_1_420,
,,RWX,HOLD,PD_1,MO_1_421,
,,RWX,HOLD,PD_1,MO_1_422,
,,RWX,HOLD,PD_1,MO_1_423,
,,RWX,HOLD,PD_1,MO_1_424,
,,RWX,HOLD,PD_1,MO_1_425,
,,RWX,HOLD,PD_1,MO_1_426,
,,RWX,HOLD,PD_1,MO_1_427,
,,RWX,HOLD,PD_1,MO_1_428,
,,RWX,HOLD,PD_1,MO_1_429,
,,RWX,HOLD,PD_1,MO_1_430,
,,RWX,HOLD,PD_1,MO_1_431,
,,RWX,HOLD,PD_1,MO_1_432,
,,RWX,HOLD,PD_1,MO_1_433,
,,RWX,HOLD,PD_1,MO_1_434,
,,RWX,HOLD,PD_1,MO_1_435,
,,RWX,HOLD,PD_1,MO_1_436,
,,RWX,HOLD,PD_1,MO_1_437,
,,RWX,HOLD,PD_1,MO_1_438,
,,RWX,HOLD,PD_1,MO_1_439,
,,RWX,HOLD,PD_1,MO_1_440,
,,RWX,HOLD,PD_1,MO_1_441,
,,RWX,HOLD,PD_1,MO_1_442,
,,RWX,HOLD,PD_1,MO_1_443,
,,RWX,HOLD,PD_1,MO_1_444,
,,RWX,HOLD,PD_1,MO_1_445,
,,RWX,HOLD,PD_1,MO_1_446,
,,RWX,HOLD,PD_1,MO_1_447,
,,RWX,HOLD,PD_1,MO_1_448,
,,RWX,HOLD,PD_1,MO_1_449,
,,RWX,HOLD,PD_1,MO_1_450,
,,RWX,HOLD,PD_1,MO_1_451,
,,RWX,HOLD,PD_1,MO_1_452,
,,RWX,HOLD,PD_1,MO_1_453,
,,RWX,HOLD,PD_1,MO_1_454,
,,RWX,HOLD,PD_1,MO_1_455,
,,RWX,HOLD,PD_1,MO_1_456,
,,RWX,HOLD,PD_1,MO_1_457,
,,RWX,HOLD,PD_1,MO_1_458,
,,RWX,HOLD,PD_1,MO_1_459,
,,RWX,HOLD,PD_1,MO_1_460,
,,RWX,HOLD,PD_1,MO_1_461,
,,RWX,HOLD,PD_1,MO_1_462,
,,RWX,HOLD,PD_1,MO_1_463,
,,RWX,HOLD,PD_1,MO_1_464,
,,RWX,HOLD,PD_1,MO_1_465,
,,RWX,HOLD,PD_1,MO_1_466,
,,RWX,HOLD,PD_1,MO_1_467,
,,RWX,HOLD,PD_1,MO_1_468,
,,RWX,HOLD,PD_1,MO_1_469,
,,RWX,HOLD,PD_1,MO_1_470,
,,RWX,HOLD,PD_1,MO_1_471,
,,RWX,HOLD,PD_1,MO_1_472,
,,RWX,HOLD,PD_1,MO_1_473,
,,RWX,HOLD,PD_1,MO_1_474,
,,RWX,HOLD,PD_1,MO_1_475,
,,RWX,HOLD,PD_1,MO_1_476,
,,RWX,HOLD,PD_1,MO_1_477,
,,RWX,HOLD,PD_1,MO_1_478,
,,RWX,HOLD,PD_1,MO_1_479,
,,RWX,HOLD,PD_1,MO_1_480,
,,RWX,HOLD,PD_1,MO_1_481,
,,RWX,HOLD,PD_1,MO_1_482,
,,RWX,HOLD,PD_1,MO_1_483,
,,RWX,HOLD,PD_1,MO_1_484,
,,RWX,HOLD,PD_1,MO_1_485,
,,RWX,HOLD,PD_1,MO_1_486,
,,RWX,HOLD,PD_1,MO_1_487,
,,RWX,HOLD,PD_1,MO_1_488,
,,RWX,HOLD,PD_1,MO_1_489,
,,RWX,HOLD,PD_1,MO_1_490,
,,RWX,HOLD,PD_1,MO_1_491,
,,RWX,HOLD,PD_1,MO_1_492,
,,RWX,HOLD,PD_1,MO_1_493,
,,RWX,HOLD,PD_1,MO_1_494,
,,RWX,HOLD,PD_1,MO_1_495,
,,RWX,HOLD,PD_1,MO_1_496,
,,RWX,HOLD,PD_1,MO_1_497,
,,RWX,HOLD,PD_1,MO_1_498,
,,RWX,HOLD,PD_1,MO_1_499,
,,RWX,HOLD,PD_1,MO_1_500,
,,RWX,HOLD,PD_1,MO_1_501,
,,RWX,HOLD,PD_1,MO_1_502,
,,RWX,HOLD,PD_1,MO_1_503,
,,RWX,HOLD,PD_1,MO_1_504,
,,RWX,HOLD,PD_1,MO_1_505,
,,RWX,HOLD,PD_1,MO_1_506,
,,RWX,HOLD,PD_1,MO_1_507,
,,RWX,HOLD,PD_1,MO_1_508,
,,RWX,HOLD,PD_1,MO_1_509,
,,RWX,HOLD,PD_1,MO_1_510,
,,RWX,HOLD,PD_1,MO_1_511,
,,RWX,HOLD,PD_1,MO_1_512,
,,RWX,HOLD,PD_1,MO_1_513,
,,RWX,HOLD,PD_1,MO_1_514,
,,RWX,HOLD,PD_1,MO_1_515,
,,RWX,HOLD,PD_1,MO_1_516,
,,RWX,HOLD,PD_1,MO_1_517,
,,RWX,HOLD,PD_1,MO_1_518,
,,RWX,HOLD,PD_1,MO_1_519,
,,RWX,HOLD,PD_1,MO_1_520,
,,RWX,HOLD,PD_1,MO_1_521,
,,RWX,HOLD,PD_1,MO_1_522,
,,RWX,HOLD,PD_1,MO_1_523,
,,RWX,HOLD,PD_1,MO_1_524,
,,RWX,HOLD,PD_1,MO_1_525,
,,RWX,HOLD,PD_1,MO_1_526,
,,RWX,HOLD,PD_1,MO_1_527,
,,RWX,HOLD,PD_1,MO_1_528,
,,RWX,HOLD,PD_1,MO_1_529,
,,RWX,HOLD,PD_1,MO_1_530,
,,RWX,HOLD,PD_1,MO_1_531,
,,RWX,HOLD,PD_1,MO_1_532,
,,RWX,HOLD,PD_1,MO_1_533,
,,RWX,HOLD,PD_1,MO_1_534,
,,RWX,HOLD,PD_1,MO_1_535,
,,RWX,HOLD,PD_1,MO_1_536,
,,RWX,HOLD,PD_1,MO_1_537,
,,RWX,HOLD,PD_1,MO_1_538,
,,RWX,HOLD,PD_1,MO_1_539,
,,RWX,HOLD,PD_1,MO_1_540,
,,RWX,HOLD,PD_1,MO_1_541,
,,RWX,HOLD,PD_1,MO_1_542,
,,RWX,HOLD,PD_1,MO_1_543,
,,RWX,HOLD,PD_1,MO_1_544,
,,RWX,HOLD,PD_1,MO_1_545,
,,RWX,HOLD,PD_1,MO_1_546,
,,RWX,HOLD,PD_1,MO_1_547,
,,RWX,HOLD,PD_1,MO_1_548,
,,RWX,HOLD,PD_1,MO_1_549,
,,RWX,HOLD,PD_1,MO_1_550,
,,RWX,HOLD,PD_1,MO_1_551,
,,RWX,HOLD,PD_1,MO_1_552,
,,RWX,HOLD,PD_1,MO_1_553,
,,RWX,HOLD,PD_1,MO_1_554,
,,RWX,HOLD,PD_1,MO_1_555,
,,RWX,HOLD,PD_1,MO_1_556,
,,RWX,HOLD,PD_1,MO_1_557,
,,RWX,HOLD,PD_1,MO_1_558,
,,RWX,HOLD,PD_1,MO_1_559,
,,RWX,HOLD,PD_1,MO_1_560,
,,RWX,HOLD,PD_1,MO_1_561,
,,RWX,HOLD,PD_1,MO_1_562,
,,RWX,HOLD,PD_1,MO_1_563,
,,RWX,HOLD,PD_1,MO_1_564,
,,RWX,HOLD,PD_1,MO_1_565,
,,RWX,HOLD,PD_1,MO_1_566,
,,RWX,HOLD,PD_1,MO_1_567,
,,RWX,HOLD,PD_1,MO_1_568,
,,RWX,HOLD,PD_1,MO_1_569,
,,RWX,HOLD,PD_1,MO_1_570,
,,RWX,HOLD,PD_1,MO_1_571,
,,RWX,HOLD,PD_1,MO_1_572,
,,RWX,HOLD,PD_1,MO_1_573,
,,RWX,HOLD,PD_1,MO_1_574,
,,RWX,HOLD,PD_1,MO_1_575,
,,RWX,HOLD,PD_1,MO_1_576,
,,RWX,HOLD,PD_1,MO_1_577,
,,RWX,HOLD,PD_1,MO_1_578,
,,RWX,HOLD,PD_1,MO_1_579,
,,RWX,HOLD,PD_1,MO_1_580,
,,RWX,HOLD,PD_1,MO_1_581,
,,RWX,HOLD,PD_1,MO_1_582,
,,RWX,HOLD,PD_1,MO_1_583,
,,RWX,HOLD,PD_1,MO_1_584,
,,RWX,HOLD,PD_1,MO_1_585,
,,RWX,HOLD,PD_1,MO_1_586,
,,RWX,HOLD,PD_1,MO_1_587,
,,RWX,HOLD,PD_1,MO_1_588,
,,RWX,HOLD,PD_1,MO_1_589,
,,RWX,HOLD,PD_1,MO_1_590,
,,RWX,HOLD,PD_1,MO_1_591,
,,RWX,HOLD,PD_1,MO_1_592,
,,RWX,HOLD,PD_1,MO_1_593,
,,RWX,HOLD,PD_1,MO_1_594,
,,RWX,HOLD,PD_1,MO_1_595,
,,RWX,HOLD,PD_1,MO_1_596,
,,RWX,HOLD,PD_1,MO_1_597,
,,RWX,HOLD,PD_1,MO_1_598,
,,RWX,HOLD,PD_1,MO_1_599,
,,RWX,HOLD,PD_1,MO_1_600,
,,RWX,HOLD,PD_1,MO_1_601,
,,RWX,HOLD,PD_1,MO_1_602,
,,RWX,HOLD,PD_1,MO_1_603,
,,RWX,HOLD,PD_1,MO_1_604,
,,RWX,HOLD,PD_1,MO_1_605,
,,RWX,HOLD,PD_1,MO_1_606,
,,RWX,HOLD,PD_1,MO_1_607,
,,RWX,HOLD,PD_1,MO_1_608,
,,RWX,HOLD,PD_1,MO_1_609,
,,RWX,HOLD,PD_1,MO_1_610,
,,RWX,HOLD,PD_1,MO_1_611,
,,RWX,HOLD,PD_1,MO_1_612,
,,RWX,HOLD,PD_1,MO_1_613,
,,RWX,HOLD,PD_1,MO_1_614,
,,RWX,HOLD,PD_1,MO_1_615,
,,RWX,HOLD,PD_1,MO_1_616,
,,RWX,HOLD,PD_1,MO_1_617,
,,RWX,HOLD,PD_1,MO_1_618,
,,RWX,HOLD,PD_1,MO_1_619,
,,RWX,HOLD,PD_1,MO_1_620,
,,RWX,HOLD,PD_1,MO_1_621,
,,RWX,HOLD,PD_1,MO_1_622,
,,RWX,HOLD,PD_1,MO_1_623,
,,RWX,HOLD,PD_1,MO_1_624,
,,RWX,HOLD,PD_1,MO_1_625,
,,RWX,HOLD,PD_1,MO_1_626,
,,RWX,HOLD,PD_1,MO_1_627,
,,RWX,HOLD,PD_1,MO_1_628,
,,RWX,HOLD,PD_1,MO_1_629,
,,RWX,HOLD,PD_1,MO_1_630,
,,RWX,HOLD,PD_1,MO_1_631,
,,RWX,HOLD,PD_1,MO_1_632,
,,RWX,HOLD,PD_1,MO_1_633,
,,RWX,HOLD,PD_1,MO_1_634,
,,RWX,HOLD,PD_1,MO_1_635,
,,RWX,HOLD,PD_1,MO_1_636,
,,RWX,HOLD,PD_1,MO_1_637,
,,RWX,HOLD,PD_1,MO_1_638,
,,RWX,HOLD,PD_1,MO_1_639,
,,RWX,HOLD,PD_1,MO_1_640,
,,RWX,HOLD,PD_1,MO_1_641,
,,RWX,HOLD,PD_1,MO_1_642,
,,RWX,HOLD,PD_1,MO_1_643,
,,RWX,HOLD,PD_1,MO_1_644,
,,RWX,HOLD,PD_1,MO_1_645,
,,RWX,HOLD,PD_1,MO_1_646,
,,RWX,HOLD,PD_1,MO_1_647,
,,RWX,HOLD,PD_1,MO_1_648,
,,RWX,HOLD,PD_1,MO_1_649,
,,RWX,HOLD,PD_1,MO_1_650,
,,RWX,HOLD,PD_1,MO_1_651,
,,RWX,HOLD,PD_1,MO_1_652,
,,RWX,HOLD,PD_1,MO_1_653,
,,RWX,HOLD,PD_1,MO_1_654,
,,RWX,HOLD,PD_1,MO_1_655,
,,RWX,HOLD,PD_1,MO_1_656,
,,RWX,HOLD,PD_1,MO_1_657,
,,RWX,HOLD,PD_1,MO_1_658,
,,RWX,HOLD,PD_1,MO_1_659,
,,RWX,HOLD,PD_1,MO_1_660,
,,RWX,HOLD,PD_1,MO_1_661,
,,RWX,HOLD,PD_1,MO_1_662,
,,RWX,HOLD,PD_1,MO_1_663,
,,RWX,HOLD,PD_1,MO_1_664,
,,RWX,HOLD,PD_1,MO_1_665,
,,RWX,HOLD,PD_1,MO_1_666,
,,RWX,HOLD,PD_1,MO_1_667,
,,RWX,HOLD,PD_1,MO_1_668,
,,RWX,HOLD,PD_1,MO_1_669,
,,RWX,HOLD,PD_1,MO_1_670,
,,RWX,HOLD,PD_1,MO_1_671,
,,RWX,HOLD,PD_1,MO_1_672,
,,RWX,HOLD,PD_1,MO_1_673,
,,RWX,HOLD,PD_1,MO_1_674,
,,RWX,HOLD,PD_1,MO_1_675,
,,RWX,HOLD,PD_1,MO_1_676,
,,RWX,HOLD,PD_1,MO_1_677,
,,RWX,HOLD,PD_1,MO_1_678,
,,RWX,HOLD,PD_1,MO_1_679,
,,RWX,HOLD,PD_1,MO_1_680,
,,RWX,HOLD,PD_1,MO_1_681,
,,RWX,HOLD,PD_1,MO_1_682,
,,RWX,HOLD,PD_1,MO_1_683,
,,RWX,HOLD,PD_1,MO_1_684,
,,RWX,HOLD,PD_1,MO_1_685,
,,RWX,HOLD,PD_1,MO_1_686,
,,RWX,HOLD,PD_1,MO_1_687,
,,RWX,HOLD,PD_1,MO_1_688,
,,RWX,HOLD,PD_1,MO_1_689,
,,RWX,HOLD,PD_1,MO_1_690,
,,RWX,HOLD,PD_1,MO_1_691,
,,RWX,HOLD,PD_1,MO_1_692,
,,RWX,HOLD,PD_1,MO_1_693,
,,RWX,HOLD,PD_1,MO_1_694,
,,RWX,HOLD,PD_1,MO_1_695,
,,RWX,HOLD,PD_1,MO_1_696,
,,RWX,HOLD,PD_1,MO_1_697,
,,RWX,HOLD,PD_1,MO_1_698,
,,RWX,HOLD,PD_1,MO_1_699,
,,RWX,HOLD,PD_1,MO_1_700,
,,RWX,HOLD,PD_1,MO_1_701,
,,RWX,HOLD,PD_1,MO_1_702,
,,RWX,HOLD,PD_1,MO_1_703,
,,RWX,HOLD,PD_1,MO_1_704,
,,RWX,HOLD,PD_1,MO_1_705,
,,RWX,HOLD,PD_1,MO_1_706,
,,RWX,HOLD,PD_1,MO_1_707,
,,RWX,HOLD,PD_1,MO_1_708,
,,RWX,HOLD,PD_1,MO_1_709,
,,RWX,HOLD,PD_1,MO_1_710,
,,RWX,HOLD,PD_1,MO_1_711,
,,RWX,HOLD,PD_1,MO_1_712,
,,RWX,HOLD,PD_1,MO_1_713,
,,RWX,HOLD,PD_1,MO_1_714,
,,RWX,HOLD,PD_1,MO_1_715,
,,RWX,HOLD,PD_1,MO_1_716,
,,RWX,HOLD,PD_1,MO_1_717,
,,RWX,HOLD,PD_1,MO_1_718,
,,RWX,HOLD,PD_1,MO_1_719,
,,RWX,HOLD,PD_1,MO_1_720,
,,RWX,HOLD,PD_1,MO_1_721,
,,RWX,HOLD,PD_1,MO_1_722,
,,RWX,HOLD,PD_1,MO_1_723,
,,RWX,HOLD,PD_1,MO_1_724,
,,RWX,HOLD,PD_1,MO_1_725,
,,RWX,HOLD,PD_1,MO_1_726,
,,RWX,HOLD,PD_1,MO_1_727,
,,RWX,HOLD,PD_1,MO_1_728,
,,RWX,HOLD,PD_1,MO_1_729,
,,RWX,HOLD,PD_1,MO_1_730,
,,RWX,HOLD,PD_1,MO_1_731,
,,RWX,HOLD,PD_1,MO_1_732,
,,RWX,HOLD,PD_1,MO_1_733,
,,RWX,HOLD,PD_1,MO_1_734,
,,RWX,HOLD,PD_1,MO_1_735,
,,RWX,HOLD,PD_1,MO_1_736,
,,RWX,HOLD,PD_1,MO_1_737,
,,RWX,HOLD,PD_1,MO_1_738,
,,RWX,HOLD,PD_1,MO_1_739,
,,RWX,HOLD,PD_1,MO_1_740,
,,RWX,HOLD,PD_1,MO_1_741,
,,RWX,HOLD,PD_1,MO_1_742,
,,RWX,HOLD,PD_1,MO_1_743,
,,RWX,HOLD,PD_1,MO_1_744,
,,RWX,HOLD,PD_1,MO_1_745,
,,RWX,HOLD,PD_1,MO_1_746,
,,RWX,HOLD,PD_1,MO_1_747,
,,RWX,HOLD,PD_1,MO_1_748,
,,RWX,HOLD,PD_1,MO_1_749,
,,RWX,HOLD,PD_1,MO_1_750,
,,RWX,HOLD,PD_1,MO_1_751,
,,RWX,HOLD,PD_1,MO_1_752,
,,RWX,HOLD,PD_1,MO_1_753,
,,RWX,HOLD,PD_1,MO_1_754,
,,RWX,HOLD,PD_1,MO_1_755,
,,RWX,HOLD,PD_1,MO_1_756,
,,RWX,HOLD,PD_1,MO_1_757,
,,RWX,HOLD,PD_1,MO_1_758,
,,RWX,HOLD,PD_1,MO_1_759,
,,RWX,HOLD,PD_1,MO_1_760,
,,RWX,HOLD,PD_1,MO_1_761,
,,RWX,HOLD,PD_1,MO_1_762,
,,RWX,HOLD,PD_1,MO_1_763,
,,RWX,HOLD,PD_1,MO_1_764,
,,RWX,HOLD,PD_1,MO_1_765,
,,RWX,HOLD,PD_1,MO_1_766,
,,RWX,HOLD,PD_1,MO_1_767,
,,RWX,HOLD,PD_1,MO_1_768,
,,RWX,HOLD,PD_1,MO_1_769,
,,RWX,HOLD,PD_1,MO_1_770,
,,RWX,HOLD,PD_1,MO_1_771,
,,RWX,HOLD,PD_1,MO_1_772,
,,RWX,HOLD,PD_1,MO_1_773,
,,RWX,HOLD,PD_1,MO_1_774,
,,RWX,HOLD,PD_1,MO_1_775,
,,RWX,HOLD,PD_1,MO_1_776,
,,RWX,HOLD,PD_1,MO_1_777,
,,RWX,HOLD,PD_1,MO_1_778,
,,RWX,HOLD,PD_1,MO_1_779,
,,RWX,HOLD,PD_1,MO_1_780,
,,RWX,HOLD,PD_1,MO_1_781,
,,RWX,HOLD,PD_1,MO_1_782,
,,RWX,HOLD,PD_1,MO_1_783,
,,RWX,HOLD,PD_1,MO_1_784,
,,RWX,HOLD,PD_1,MO_1_785,
,,RWX,HOLD,PD_1,MO_1_786,
,,RWX,HOLD,PD_1,MO_1_787,
,,RWX,HOLD,PD_1,MO_1_788,
,,RWX,HOLD,PD_1,MO_1_789,
,,RWX,HOLD,PD_1,MO_1_790,
,,RWX,HOLD,PD_1,MO_1_791,
,,RWX,HOLD,PD_1,MO_1_792,
,,RWX,HOLD,PD_1,MO_1_793,
,,RWX,HOLD,PD_1,MO_1_794,
,,RWX,HOLD,PD_1,MO_1_795,
,,RWX,HOLD,PD_1,MO_1_796,
,,RWX,HOLD,PD_1,MO_1_797,
,,RWX,HOLD,PD_1,MO_1_798,
,,RWX,HOLD,PD_1,MO_1_799,
,,RWX,HOLD,PD_1,MO_1_800,
,,RWX,HOLD,PD_1,MO_1_801,
,,RWX,HOLD,PD_1,MO_1_802,
,,RWX,HOLD,PD_1,MO_1_803,
,,RWX,HOLD,PD_1,MO_1_804,
,,RWX,HOLD,PD_1,MO_1_805,
,,RWX,HOLD,PD_1,MO_1_806,
,,RWX,HOLD,PD_1,MO_1_807,
,,RWX,HOLD,PD_1,MO_1_808,
,,RWX,HOLD,PD_1,MO_1_809,
,,RWX,HOLD,PD_1,MO_1_810,
,,RWX,HOLD,PD_1,MO_1_811,
,,RWX,HOLD,PD_1,MO_1_812,
,,RWX,HOLD,PD_1,MO_1_813,
,,RWX,HOLD,PD_1,MO_1_814,
,,RWX,HOLD,PD_1,MO_1_815,
,,RWX,HOLD,PD_1,MO_1_816,
,,RWX,HOLD,PD_1,MO_1_817,
,,RWX,HOLD,PD_1,MO_1_818,
,,RWX,HOLD,PD_1,MO_1_819,
,,RWX,HOLD,PD_1,MO_1_820,
,,RWX,HOLD,PD_1,MO_1_821,
,,RWX,HOLD,PD_1,MO_1_822,
,,RWX,HOLD,PD_1,MO_1_823,
,,RWX,HOLD,PD_1,MO_1_824,
,,RWX,HOLD,PD_1,MO_1_825,
,,RWX,HOLD,PD_1,MO_1_826,
,,RWX,HOLD,PD_1,MO_1_827,
,,RWX,HOLD,PD_1,MO_1_828,
,,RWX,HOLD,PD_1,MO_1_829,
,,RWX,HOLD,PD_1,MO_1_830,
,,RWX,HOLD,PD_1,MO_1_831,
,,RWX,HOLD,PD_1,MO_1_832,
,,RWX,HOLD,PD_1,MO_1_833,
,,RWX,HOLD,PD_1,MO_1_834,
,,RWX,HOLD,PD_1,MO_1_835,
,,RWX,HOLD,PD_1,MO_1_836,
,,RWX,HOLD,PD_1,MO_1_837,
,,RWX,HOLD,PD_1,MO_1_838,
,,RWX,HOLD,PD_1,MO_1_839,
,,RWX,HOLD,PD_1,MO_1_840,
,,RWX,HOLD,PD_1,MO_1_841,
,,RWX,HOLD,PD_1,MO_1_842,
,,RWX,HOLD,PD_1,MO_1_843,
,,RWX,HOLD,PD_1,MO_1_844,
,,RWX,HOLD,PD_1,MO_1_845,
,,RWX,HOLD,PD_1,MO_1_846,
,,RWX,HOLD,PD_1,MO_1_847,
,,RWX,HOLD,PD_1,MO_1_848,
,,RWX,HOLD,PD_1,MO_1_849,
,,RWX,HOLD,PD_1,MO_1_850,
,,RWX,HOLD,PD_1,MO_1_851,
,,RWX,HOLD,PD_1,MO_1_852,
,,RWX,HOLD,PD_1,MO_1_853,
,,RWX,HOLD,PD_1,MO_1_854,
,,RWX,HOLD,PD_1,MO_1_855,
,,RWX,HOLD,PD_1,MO_1_856,
,,RWX,HOLD,PD_1,MO_1_857,
,,RWX,HOLD,PD_1,MO_1_858,
,,RWX,HOLD,PD_1,MO_1_859,
,,RWX,HOLD,PD_1,MO_1_860,
,,RWX,HOLD,PD_1,MO_1_861,
,,RWX,HOLD,PD_1,MO_1_862,
,,RWX,HOLD,PD_1,MO_1_863,
,,RWX,HOLD,PD_1,MO_1_864,
,,RWX,HOLD,PD_1,MO_1_865,
,,RWX,HOLD,PD_1,MO_1_866,
,,RWX,HOLD,PD_1,MO_1_867,
,,RWX,HOLD,PD_1,MO_1_868,
,,RWX,HOLD,PD_1,MO_1_869,
,,RWX,HOLD,PD_1,MO_1_870,
,,RWX,HOLD,PD_1,MO_1_871,
,,RWX,HOLD,PD_1,MO_1_872,
,,RWX,HOLD,PD_1,MO_1_873,
,,RWX,HOLD,PD_1,MO_1_874,
,,RWX,HOLD,PD_1,MO_1_875,
,,RWX,HOLD,PD_1,MO_1_876,
,,RWX,HOLD,PD_1,MO_1_877,
,,RWX,HOLD,PD_1,MO_1_878,
,,RWX,HOLD,PD_1,MO_1_879,
,,RWX,HOLD,PD_1,MO_1_880,
,,RWX,HOLD,PD_1,MO_1_881,
,,RWX,HOLD,PD_1,MO_1_882,
,,RWX,HOLD,PD_1,MO_1_883,
,,RWX,HOLD,PD_1,MO_1_884,
,,RWX,HOLD,PD_1,MO_1_885,
,,RWX,HOLD,PD_1,MO_1_886,
,,RWX,HOLD,PD_1,MO_1_887,
,,RWX,HOLD,PD_1,MO_1_888,
,,RWX,HOLD,PD_1,MO_1_889,
,,RWX,HOLD,PD_1,MO_1_890,
,,RWX,HOLD,PD_1,MO_1_891,
,,RWX,HOLD,PD_1,MO_1_892,
,,RWX,HOLD,PD_1,MO_1_893,
,,RWX,HOLD,PD_1,MO_1_894,
,,RWX,HOLD,PD_1,MO_1_895,
,,RWX,HOLD,PD_1,MO_1_896,
,,RWX,HOLD,PD_1,MO_1_897,
,,RWX,HOLD,PD_1,MO_1_898,
,,RWX,HOLD,PD_1,MO_1_899,
,,RWX,HOLD,PD_1,MO_1_900,
,,RWX,HOLD,PD_1,MO_1_901,
,,RWX,HOLD,PD_1,MO_1_902,
,,RWX,HOLD,PD_1,MO_1_903,
,,RWX,HOLD,PD_1,MO_1_904,
,,RWX,HOLD,PD_1,MO_1_905,
,,RWX,HOLD,PD_1,MO_1_906,
,,RWX,HOLD,PD_1,MO_1_907,
,,RWX,HOLD,PD_1,MO_1_908,
,,RWX,HOLD,PD_1,MO_1_909,
,,RWX,HOLD,PD_1,MO_1_910,
,,RWX,HOLD,PD_1,MO_1_911,
,,RWX,HOLD,PD_1,MO_1_912,
,,RWX,HOLD,PD_1,MO_1_913,
,,RWX,HOLD,PD_1,MO_1_914,
,,RWX,HOLD,PD_1,MO_1_915,
,,RWX,HOLD,PD_1,MO_1_916,
,,RWX,HOLD,PD_1,MO_1_917,
,,RWX,HOLD,PD_1,MO_1_918,
,,RWX,HOLD,PD_1,MO_1_919,
,,RWX,HOLD,PD_1,MO_1_920,
,,RWX,HOLD,PD_1,MO_1_921,
,,RWX,HOLD,PD_1,MO_1_922,
,,RWX,HOLD,PD_1,MO_1_923,
,,RWX,HOLD,PD_1,MO_1_924,
,,RWX,HOLD,PD_1,MO_1_925,
,,RWX,HOLD,PD_1,MO_1_926,
,,RWX,HOLD,PD_1,MO_1_927,
,,RWX,HOLD,PD_1,MO_1_928,
,,RWX,HOLD,PD_1,MO_1_929,
,,RWX,HOLD,PD_1,MO_1_930,
,,RWX,HOLD,PD_1,MO_1_931,
,,RWX,HOLD,PD_1,MO_1_932,
,,RWX,HOLD,PD_1,MO_1_933,
,,RWX,HOLD,PD_1,MO_1_934,
,,RWX,HOLD,PD_1,MO_1_935,
,,RWX,HOLD,PD_1,MO_1_936,
,,RWX,HOLD,PD_1,MO_1_937,
,,RWX,HOLD,PD_1,MO_1_938,
,,RWX,HOLD,PD_1,MO_1_939,
,,RWX,HOLD,PD_1,MO_1_940,
,,RWX,HOLD,PD_1,MO_1_941,
,,RWX,HOLD,PD_1,MO_1_942,
,,RWX,HOLD,PD_1,MO_1_943,
,,RWX,HOLD,PD_1,MO_1_944,
,,RWX,HOLD,PD_1,MO_1_945,
,,RWX,HOLD,PD_1,MO_1_946,
,,RWX,HOLD,PD_1,MO_1_947,
,,RWX,HOLD,PD_1,MO_1_948,
,,RWX,HOLD,PD_1,MO_1_949,
,,RWX,HOLD,PD_1,MO_1_950,
,,RWX,HOLD,PD_1,MO_1_951,
,,RWX,HOLD,PD_1,MO_1_952,
,,RWX,HOLD,PD_1,MO_1_953,
,,RWX,HOLD,PD_1,MO_1_954,
,,RWX,HOLD,PD_1,MO_1_955,
,,RWX,HOLD,PD_1,MO_1_956,
,,RWX,HOLD,PD_1,MO_1_957,
,,RWX,HOLD,PD_1,MO_1_958,
,,RWX,HOLD,PD_1,MO_1_959,
,,RWX,HOLD,PD_1,MO_1_960,
,,RWX,HOLD,PD_1,MO_1_961,
,,RWX,HOLD,PD_1,MO_1_962,
,,RWX,HOLD,PD_1,MO_1_963,
,,RWX,HOLD,PD_1,MO_1_964,
,,RWX,HOLD,PD_1,MO_1_965,
,,RWX,HOLD,PD_1,MO_1_966,
,,RWX,HOLD,PD_1,MO_1_967,
,,RWX,HOLD,PD_1,MO_1_968,
,,RWX,HOLD,PD_1,MO_1_969,
,,RWX,HOLD,PD_1,MO_1_970,
,,RWX,HOLD,PD_1,MO_1_971,
,,RWX,HOLD,PD_1,MO_1_972,
,,RWX,HOLD,PD_1,MO_1_973,
,,RWX,HOLD,PD_1,MO_1_974,
,,RWX,HOLD,PD_1,MO_1_975,
,,RWX,HOLD,PD_1,MO_1_976,
,,RWX,HOLD,PD_1,MO_1_977,
,,RWX,HOLD,PD_1,MO_1_978,
,,RWX,HOLD,PD_1,MO_1_979,
,,RWX,HOLD,PD_1,MO_1_980,
,,RWX,HOLD,PD_1,MO_1_981,
,,RWX,HOLD,PD_1,MO_1_982,
,,RWX,HOLD,PD_1,MO_1_983,
,,RWX,HOLD,PD_1,MO_1_984,
,,RWX,HOLD,PD_1,MO_1_985,
,,RWX,HOLD,PD_1,MO_1_986,
,,RWX,HOLD,PD_1,MO_1_987,
,,RWX,HOLD,PD_1,MO_1_988,
,,RWX,HOLD,PD_1,MO_1_989,
,,RWX,HOLD,PD_1,MO_1_990,
,,RWX,HOLD,PD_1,MO_1_991,
,,RWX,HOLD,PD_1,MO_1_992,
,,RWX,HOLD,PD_1,MO_1_993,
,,RWX,HOLD,PD_1,MO_1_994,
,,RWX,HOLD,PD_1,MO_1_995,
,,RWX,HOLD,PD_1,MO_1_996,
,,RWX,HOLD,PD_1,MO_1_997,
,,RWX,HOLD,PD_1,MO_1_998,
,,RWX,HOLD,PD_1,MO_1_999,
,,RWX,HOLD,PD_1,MO_1_1000,
,,RWX,HOLD,PD_1,MO_1_1001,
,,RWX,HOLD,PD_1,MO_1_1002,
,,RWX,HOLD,PD_1,MO_1_1003,
,,RWX,HOLD,PD_1,MO_1_1004,
,,RWX,HOLD,PD_1,MO_1_1005,
,,RWX,HOLD,PD_1,MO_1_1006,
,,RWX,HOLD,PD_1,MO_1_1007,
,,RWX,HOLD,PD_1,MO_1_1008,
,,RWX,HOLD,PD_1,MO_1_1009,
,,RWX,HOLD,PD_1,MO_1_1010,
,,RWX,HOLD,PD_1,MO_1_1011,
,,RWX,HOLD,PD_1,MO_1_1012,
,,RWX,HOLD,PD_1,MO_1_1013,
,,RWX,HOLD,PD_1,MO_1_1014,
,,RWX,HOLD,PD_1,MO_1_1015,
,,RWX,HOLD,PD_1,MO_1_1016,
,,RWX,HOLD,PD_1,MO_1_1017,
,,RWX,HOLD,PD_1,MO_1_1018,
,,RWX,HOLD,PD_1,MO_1_1019,
,,RWX,HOLD,PD_1,MO_1_1020,
,,RWX,HOLD,PD_1,MO_1_1021,
,,RWX,HOLD,PD_1,MO_1_1022,
,,RWX,HOLD,PD_1,MO_1_1023,
,,RWX,HOLD,PD_1,MO_1_1024,
,,RWX,HOLD,PD_1,MO_1_1025,
,,RWX,HOLD,PD_1,MO_1_1026,
,,RWX,HOLD,PD_1,MO_1_1027,
,,RWX,HOLD,PD_1,MO_1_1028,
,,RWX,HOLD,PD_1,MO_1_1029,
,,RWX,HOLD,PD_1,MO_1_1030,
,,RWX,HOLD,PD_1,MO_1_1031,
,,RWX,HOLD,PD_1,MO_1_1032,
,,RWX,HOLD,PD_1,MO_1_1033,
,,RWX,HOLD,PD_1,MO_1_1034,
,,RWX,HOLD,PD_1,MO_1_1035,
,,RWX,HOLD,PD_1,MO_1_1036,
,,RWX,HOLD,PD_1,MO_1_1037,
,,RWX,HOLD,PD_1,MO_1_1038,
,,RWX,HOLD,PD_1,MO_1_1039,
,,RWX,HOLD,PD_1,MO_1_1040,
,,RWX,HOLD,PD_1,MO_1_1041,
,,RWX,HOLD,PD_1,MO_1_1042,
,,RWX,HOLD,PD_1,MO_1_1043,
,,RWX,HOLD,PD_1,MO_1_1044,
,,RWX,HOLD,PD_1,MO_1_1045,
,,RWX,HOLD,PD_1,MO_1_1046,
,,RWX,HOLD,PD_1,MO_1_1047,
,,RWX,HOLD,PD_1,MO_1_1048,
,,RWX,HOLD,PD_1,MO_1_1049,
,,RWX,HOLD,PD_1,MO_1_1050,
,,RWX,HOLD,PD_1,MO_1_1051,
,,RWX,HOLD,PD_1,MO_1_1052,
,,RWX,HOLD,PD_1,MO_1_1053,
,,RWX,HOLD,PD_1,MO_1_1054,
,,RWX,HOLD,PD_1,MO_1_1055,
,,RWX,HOLD,PD_1,MO_1_1056,
,,RWX,HOLD,PD_1,MO_1_1057,
,,RWX,HOLD,PD_1,MO_1_1058,
,,RWX,HOLD,PD_1,MO_1_1059,
,,RWX,HOLD,PD_1,MO_1_1060,
,,RWX,HOLD,PD_1,MO_1_1061,
,,RWX,HOLD,PD_1,MO_1_1062,
,,RWX,HOLD,PD_1,MO_1_1063,
,,RWX,HOLD,PD_1,MO_1_1064,
,,RWX,HOLD,PD_1,MO_1_1065,
,,RWX,HOLD,PD_1,MO_1_1066,
,,RWX,HOLD,PD_1,MO_1_1067,
,,RWX,HOLD,PD_1,MO_1_1068,
,,RWX,HOLD,PD_1,MO_1_1069,
,,RWX,HOLD,PD_1,MO_1_1070,
,,RWX,HOLD,PD_1,MO_1_1071,
,,RWX,HOLD,PD_1,MO_1_1072,
,,RWX,HOLD,PD_1,MO_1_1073,
,,RWX,HOLD,PD_1,MO_1_1074,
,,RWX,HOLD,PD_1,MO_1_1075,
,,RWX,HOLD,PD_1,MO_1_1076,
,,RWX,HOLD,PD_1,MO_1_1077,
,,RWX,HOLD,PD_1,MO_1_1078,
,,RWX,HOLD,PD_1,MO_1_1079,
,,RWX,HOLD,PD_1,MO_1_1080,
,,RWX,HOLD,PD_1,MO_1_1081,
,,RWX,HOLD,PD_1,MO_1_1082,
,,RWX,HOLD,PD_1,MO_1_1083,
,,RWX,HOLD,PD_1,MO_1_1084,
,,RWX,HOLD,PD_1,MO_1_1085,
,,RWX,HOLD,PD_1,MO_1_1086,
,,RWX,HOLD,PD_1,MO_1_1087,
,,RWX,HOLD,PD_1,MO_1_1088,
,,RWX,HOLD,PD_1,MO_1_1089,
,,RWX,HOLD,PD_1,MO_1_1090,
,,RWX,HOLD,PD_1,MO_1_1091,
,,RWX,HOLD,PD_1,MO_1_1092,
,,RWX,HOLD,PD_1,MO_1_1093,
,,RWX,HOLD,PD_1,MO_1_1094,
,,RWX,HOLD,PD_1,MO_1_1095,
,,RWX,HOLD,PD_1,MO_1_1096,
,,RWX,HOLD,PD_1,MO_1_1097,
,,RWX,HOLD,PD_1,MO_1_1098,
,,RWX,HOLD,PD_1,MO_1_1099,
,,RWX,HOLD,PD_1,MO_1_1100,
,,RWX,HOLD,PD_1,MO_1_1101,
,,RWX,HOLD,PD_1,MO_1_1102,
,,RWX,HOLD,PD_1,MO_1_1103,
,,RWX,HOLD,PD_1,MO_1_1104,
,,RWX,HOLD,PD_1,MO_1_1105,
,,RWX,HOLD,PD_1,MO_1_1106,
,,RWX,HOLD,PD_1,MO_1_1107,
,,RWX,HOLD,PD_1,MO_1_1108,
,,RWX,HOLD,PD_1,MO_1_1109,
,,RWX,HOLD,PD_1,MO_1_1110,
,,RWX,HOLD,PD_1,MO_1_1111,
,,RWX,HOLD,PD_1,MO_1_1112,
,,RWX,HOLD,PD_1,MO_1_1113,
,,RWX,HOLD,PD_1,MO_1_1114,
,,RWX,HOLD,PD_1,MO_1_1115,
,,RWX,HOLD,PD_1,MO_1_1116,
,,RWX,HOLD,PD_1,MO_1_1117,
,,RWX,HOLD,PD_1,MO_1_1118,
,,RWX,HOLD,PD_1,MO_1_1119,
,,RWX,HOLD,PD_1,MO_1_1120,
,,RWX,HOLD,PD_1,MO_1_1121,
,,RWX,HOLD,PD_1,MO_1_1122,
,,RWX,HOLD,PD_1,MO_1_1123,
,,RWX,HOLD,PD_1,MO_1_1124,
,,RWX,HOLD,PD_1,MO_1_1125,
,,RWX,HOLD,PD_1,MO_1_1126,
,,RWX,HOLD,PD_1,MO_1_1127,
,,RWX,HOLD,PD_1,MO_1_1128,
,,RWX,HOLD,PD_1,MO_1_1129,
,,RWX,HOLD,PD_1,MO_1_1130,
,,RWX,HOLD,PD_1,MO_1_1131,
,,RWX,HOLD,PD_1,MO_1_1132,
,,RWX,HOLD,PD_1,MO_1_1133,
,,RWX,HOLD,PD_1,MO_1_1134,
,,RWX,HOLD,PD_1,VMR_2_1,
,,RWX,HOLD,PD_1,VMR_2_2,
,,RWX,HOLD,PD_1,VMR_2_3,
,,RWX,HOLD,PD_1,VMR_2_4,
,,RWX,HOLD,PD_1,VMR_2_5,
,,RWX,HOLD,PD_1,VMR_2_6,
,,RWX,HOLD,PD_1,VMR_2_7,
,,RWX,HOLD,PD_1,VMR_2_8,
,,RWX,HOLD,PD_1,VMR_2_9,
,,RWX,HOLD,PD_1,VMR_2_10,
,,RWX,HOLD,PD_1,VMR_2_11,
,,RWX,HOLD,PD_1,VMR_2_12,
,,RWX,HOLD,PD_1,VMR_2_13,
,,RWX,HOLD,PD_1,VMR_2_14,
,,RWX,HOLD,PD_1,VMR_2_15,
,,RWX,HOLD,PD_1,VMR_2_16,
,,RWX,HOLD,PD_1,VMR_2_17,
,,RWX,HOLD,PD_1,VMR_2_18,
,,RWX,HOLD,PD_1,VMR_2_19,
,,RWX,HOLD,PD_1,VMR_2_20,
,,RWX,HOLD,PD_1,VMR_2_21,
,,RWX,HOLD,PD_1,VMR_2_22,
,,RWX,HOLD,PD_1,VMR_2_23,
,,RWX,HOLD,PD_1,VMR_2_24,
,,RWX,HOLD,PD_1,VMR_2_25,
,,RWX,HOLD,PD_1,VMR_2_26,
,,RWX,HOLD,PD_1,VMR_2_27,
,,RWX,HOLD,PD_1,VMR_2_28,
,,RWX,HOLD,PD_1,VMR_2_29,
,,RWX,HOLD,PD_1,VMR_2_30,
,,RWX,HOLD,PD_1,VMR_2_31,
,,RWX,HOLD,PD_1,VMR_2_32,
,,RWX,HOLD,PD_1,VMR_2_33,
,,RWX,HOLD,PD_1,VMR_2_34,
,,RWX,HOLD,PD_1,VMR_2_35,
,,RWX,HOLD,PD_1,VMR_2_36,
,,RWX,HOLD,PD_1,VMR_2_37,
,,RWX,HOLD,PD_1,VMR_2_38,
,,RWX,HOLD,PD_1,VMR_2_39,
,,RWX,HOLD,PD_1,VMR_2_40,
,,RWX,HOLD,PD_1,VMR_2_41,
,,RWX,HOLD,PD_1,VMR_2_42,
,,RWX,HOLD,PD_1,VMR_2_43,
,,RWX,HOLD,PD_1,VMR_2_44,
,,RWX,HOLD,PD_1,VMR_2_45,
,,RWX,HOLD,PD_1,VMR_2_46,
,,RWX,HOLD,PD_1,VMR_2_47,
,,RWX,HOLD,PD_1,VMR_2_48,
,,RWX,HOLD,PD_1,VMR_2_49,
,,RWX,HOLD,PD_1,VMR_2_50,
,,RWX,HOLD,PD_1,VMR_2_51,
,,RWX,HOLD,PD_1,VMR_2_52,
,,RWX,HOLD,PD_1,VMR_2_53,
,,RWX,HOLD,PD_1,VMR_2_54,
,,RWX,HOLD,PD_1,VMR_2_55,
,,RWX,HOLD,PD_1,VMR_2_56,
,,RWX,HOLD,PD_1,VMR_2_57,
,,RWX,HOLD,PD_1,VMR_2_58,
,,RWX,HOLD,PD_1,VMR_2_59,
,,RWX,HOLD,PD_1,VMR_2_60,
,,RWX,HOLD,PD_1,VMR_2_61,
,,RWX,HOLD,PD_1,VMR_2_62,
,,RWX,HOLD,PD_1,VMR_2_63,
,,RWX,HOLD,PD_1,VMR_2_64,
,,RWX,HOLD,PD_1,VMR_2_65,
,,RWX,HOLD,PD_1,VMR_2_66,
,,RWX,HOLD,PD_1,VMR_2_67,
,,RWX,HOLD,PD_1,VMR_2_68,
,,RWX,HOLD,PD_1,VMR_2_69,
,,RWX,HOLD,PD_1,VMR_2_70,
,,RWX,HOLD,PD_1,VMR_2_71,
,,RWX,HOLD,PD_1,VMR_2_72,
,,RWX,HOLD,PD_1,VMR_2_73,
,,RWX,HOLD,PD_1,VMR_2_74,
,,RWX,HOLD,PD_1,VMR_2_75,
,,RWX,HOLD,PD_1,VMR_2_76,
,,RWX,HOLD,PD_1,VMR_2_77,
,,RWX,HOLD,PD_1,VMR_2_78,
,,RWX,HOLD,PD_1,VMR_2_79,
,,RWX,HOLD,PD_1,VMR_2_80,
,,RWX,HOLD,PD_1,VMR_2_81,
,,RWX,HOLD,PD_1,VMR_2_82,
,,RWX,HOLD,PD_1,VMR_2_83,
,,RWX,HOLD,PD_1,VMR_2_84,
,,RWX,HOLD,PD_1,VMR_2_85,
,,RWX,HOLD,PD_1,VMR_2_86,
,,RWX,HOLD,PD_1,VMR_2_87,
,,RWX,HOLD,PD_1,VMR_2_88,
,,RWX,HOLD,PD_1,VMR_2_89,
,,RWX,HOLD,PD_1,VMR_2_90,
,,RWX,HOLD,PD_1,VMR_2_91,
,,RWX,HOLD,PD_1,VMR_2_92,
,,RWX,HOLD,PD_1,VMR_2_93,
,,RWX,HOLD,PD_1,VMR_2_94,
,,RWX,HOLD,PD_1,VMR_2_95,
,,RWX,HOLD,PD_1,VMR_2_96,
,,RWX,HOLD,PD_1,VMR_2_97,
,,RWX,HOLD,PD_1,VMR_2_98,
,,RWX,HOLD,PD_1,VMR_2_99,
,,RWX,HOLD,PD_1,VMR_2_100,
,,RWX,HOLD,PD_1,VMR_2_101,
,,RWX,HOLD,PD_1,VMR_2_102,
,,RWX,HOLD,PD_1,VMR_2_103,
,,RWX,HOLD,PD_1,VMR_2_104,
,,RWX,HOLD,PD_1,VMR_2_105,
,,RWX,HOLD,PD_1,VMR_2_106,
,,RWX,HOLD,PD_1,VMR_2_107,
,,RWX,HOLD,PD_1,VMR_2_108,
,,RWX,HOLD,PD_1,VMR_2_109,
,,RWX,HOLD,PD_1,VMR_2_110,
,,RWX,HOLD,PD_1,VMR_2_111,
,,RWX,HOLD,PD_1,VMR_2_112,
,,RWX,HOLD,PD_1,VMR_2_113,
,,RWX,HOLD,PD_1,VMR_2_114,
,,RWX,HOLD,PD_1,VMR_2_115,
,,RWX,HOLD,PD_1,VMR_2_116,
,,RWX,HOLD,PD_1,VMR_2_117,
,,RWX,HOLD,PD_1,VMR_2_118,
,,RWX,HOLD,PD_1,VMR_2_119,
,,RWX,HOLD,PD_1,VMR_2_120,
,,RWX,HOLD,PD_1,VMR_2_121,
,,RWX,HOLD,PD_1,VMR_2_122,
,,RWX,HOLD,PD_1,VMR_2_123,
,,RWX,HOLD,PD_1,VMR_2_124,
,,RWX,HOLD,PD_1,VMR_2_125,
,,RWX,HOLD,PD_1,VMR_2_126,
,,RWX,HOLD,PD_1,VMR_2_127,
,,RWX,HOLD,PD_1,VMR_2_128,
,,RWX,HOLD,PD_1,VMR_2_129,
,,RWX,HOLD,PD_1,VMR_2_130,
,,RWX,HOLD,PD_1,VMR_2_131,
,,RWX,HOLD,PD_1,VMR_2_132,
,,RWX,HOLD,PD_1,VMR_2_133,
,,RWX,HOLD,PD_1,VMR_2_134,
,,RWX,HOLD,PD_1,VMR_2_135,
,,RWX,HOLD,PD_1,VMR_2_136,
,,RWX,HOLD,PD_1,VMR_2_137,
,,RWX,HOLD,PD_1,VMR_2_138,
,,RWX,HOLD,PD_1,VMR_2_139,
,,RWX,HOLD,PD_1,VMR_2_140,
,,RWX,HOLD,PD_1,VMR_2_141,
,,RWX,HOLD,PD_1,VMR_2_142,
,,RWX,HOLD,PD_1,VMR_2_143,
,,RWX,HOLD,PD_1,VMR_2_144,
,,RWX,HOLD,PD_1,VMR_2_145,
,,RWX,HOLD,PD_1,VMR_2_146,
,,RWX,HOLD,PD_1,VMR_2_147,
,,RWX,HOLD,PD_1,VMR_2_148,
,,RWX,HOLD,PD_1,VMR_2_149,
,,RWX,HOLD,PD_1,VMR_2_150,
,,RWX,HOLD,PD_1,VMR_2_151,
,,RWX,HOLD,PD_1,VMR_2_152,
,,RWX,HOLD,PD_1,VMR_2_153,
,,RWX,HOLD,PD_1,VMR_2_154,
,,RWX,HOLD,PD_1,VMR_2_155,
,,RWX,HOLD,PD_1,VMR_2_156,
,,RWX,HOLD,PD_1,VMR_2_157,
,,RWX,HOLD,PD_1,VMR_2_158,
,,RWX,HOLD,PD_1,VMR_2_159,
,,RWX,HOLD,PD_1,VMR_2_160,
,,RWX,HOLD,PD_1,VMR_2_161,
,,RWX,HOLD,PD_1,VMR_2_162,
,,RWX,HOLD,PD_1,VMR_2_163,
,,RWX,HOLD,PD_1,VMR_2_164,
,,RWX,HOLD,PD_1,VMR_2_165,
,,RWX,HOLD,PD_1,VMR_2_166,
,,RWX,HOLD,PD_1,VMR_2_167,
,,RWX,HOLD,PD_1,VMR_2_168,
,,RWX,HOLD,PD_1,VMR_2_169,
,,RWX,HOLD,PD_1,VMR_2_170,
,,RWX,HOLD,PD_1,VMR_2_171,
,,RWX,HOLD,PD_1,VMR_2_172,
,,RWX,HOLD,PD_1,VMR_2_173,
,,RWX,HOLD,PD_1,VMR_2_174,
,,RWX,HOLD,PD_1,VMR_2_175,
,,RWX,HOLD,PD_1,VMR_2_176,
,,RWX,HOLD,PD_1,VMR_2_177,
,,RWX,HOLD,PD_1,VMR_2_178,
,,RWX,HOLD,PD_1,VMR_2_179,
,,RWX,HOLD,PD_1,VMR_2_180,
,,RWX,HOLD,PD_1,VMR_2_181,
,,RWX,HOLD,PD_1,VMR_2_182,
,,RWX,HOLD,PD_1,VMR_2_183,
,,RWX,HOLD,PD_1,VMR_2_184,
,,RWX,HOLD,PD_1,VMR_2_185,
,,RWX,HOLD,PD_1,VMR_2_186,
,,RWX,HOLD,PD_1,VMR_2_187,
,,RWX,HOLD,PD_1,VMR_2_188,
,,RWX,HOLD,PD_1,VMR_2_189,
,,RWX,HOLD,PD_1,VMR_2_190,
,,RWX,HOLD,PD_1,VMR_2_191,
,,RWX,HOLD,PD_1,VMR_2_192,
,,RWX,HOLD,PD_1,VMR_2_193,
,,RWX,HOLD,PD_1,VMR_2_194,
,,RWX,HOLD,PD_1,VMR_2_195,
,,RWX,HOLD,PD_1,VMR_2_196,
,,RWX,HOLD,PD_1,VMR_2_197,
,,RWX,HOLD,PD_1,VMR_2_198,
,,RWX,HOLD,PD_1,VMR_2_199,
,,RWX,HOLD,PD_1,VMR_2_200,
,,RWX,HOLD,PD_1,VMR_2_201,
,,RWX,HOLD,PD_1,VMR_2_202,
,,RWX,HOLD,PD_1,VMR_2_203,
,,RWX,HOLD,PD_1,VMR_2_204,
,,RWX,HOLD,PD_1,VMR_2_205,
,,RWX,HOLD,PD_1,VMR_2_206,
,,RWX,HOLD,PD_1,VMR_2_207,
,,RWX,HOLD,PD_1,VMR_2_208,
,,RWX,HOLD,PD_1,VMR_2_209,
,,RWX,HOLD,PD_1,VMR_2_210,
,,RWX,HOLD,PD_1,VMR_2_211,
,,RWX,HOLD,PD_1,VMR_2_212,
,,RWX,HOLD,PD_1,VMR_2_213,
,,RWX,HOLD,PD_1,VMR_2_214,
,,RWX,HOLD,PD_1,VMR_2_215,
,,RWX,HOLD,PD_1,VMR_2_216,
,,RWX,HOLD,PD_1,VMR_2_217,
,,RWX,HOLD,PD_1,VMR_2_218,
,,RWX,HOLD,PD_1,VMR_2_219,
,,RWX,HOLD,PD_1,VMR_2_220,
,,RWX,HOLD,PD_1,VMR_2_221,
,,RWX,HOLD,PD_1,VMR_2_222,
,,RWX,HOLD,PD_1,VMR_2_223,
,,RWX,HOLD,PD_1,VMR_2_224,
,,RWX,HOLD,PD_1,VMR_2_225,
,,RWX,HOLD,PD_1,VMR_2_226,
,,RWX,HOLD,PD_1,VMR_2_227,
,,RWX,HOLD,PD_1,VMR_2_228,
,,RWX,HOLD,PD_1,VMR_2_229,
,,RWX,HOLD,PD_1,VMR_2_230,
,,NONE,SUBSET,MO_1_1,MO_SPACE_1,
,,NONE,SUBSET,MO_1_2,MO_SPACE_1,
,,NONE,SUBSET,MO_1_3,MO_SPACE_1,
,,NONE,SUBSET,MO_1_4,MO_SPACE_1,
,,NONE,SUBSET,MO_1_5,MO_SPACE_1,
,,NONE,SUBSET,MO_1_6,MO_SPACE_1,
,,NONE,SUBSET,MO_1_7,MO_SPACE_1,
,,NONE,SUBSET,MO_1_8,MO_SPACE_1,
,,NONE,SUBSET,MO_1_9,MO_SPACE_1,
,,NONE,SUBSET,MO_1_10,MO_SPACE_1,
,,NONE,SUBSET,MO_1_11,MO_SPACE_1,
,,NONE,SUBSET,MO_1_12,MO_SPACE_1,
,,NONE,SUBSET,MO_1_13,MO_SPACE_1,
,,NONE,SUBSET,MO_1_14,MO_SPACE_1,
,,NONE,SUBSET,MO_1_15,MO_SPACE_1,
,,NONE,SUBSET,MO_1_16,MO_SPACE_1,
,,NONE,SUBSET,MO_1_17,MO_SPACE_1,
,,NONE,SUBSET,MO_1_18,MO_SPACE_1,
,,NONE,SUBSET,MO_1_19,MO_SPACE_1,
,,NONE,SUBSET,MO_1_20,MO_SPACE_1,
,,NONE,SUBSET,MO_1_21,MO_SPACE_1,
,,NONE,SUBSET,MO_1_22,MO_SPACE_1,
,,NONE,SUBSET,MO_1_23,MO_SPACE_1,
,,NONE,SUBSET,MO_1_24,MO_SPACE_1,
,,NONE,SUBSET,MO_1_25,MO_SPACE_1,
,,NONE,SUBSET,MO_1_26,MO_SPACE_1,
,,NONE,SUBSET,MO_1_27,MO_SPACE_1,
,,NONE,SUBSET,MO_1_28,MO_SPACE_1,
,,NONE,SUBSET,MO_1_29,MO_SPACE_1,
,,NONE,SUBSET,MO_1_30,MO_SPACE_1,
,,NONE,SUBSET,MO_1_31,MO_SPACE_1,
,,NONE,SUBSET,MO_1_32,MO_SPACE_1,
,,NONE,SUBSET,MO_1_33,MO_SPACE_1,
,,NONE,SUBSET,MO_1_34,MO_SPACE_1,
,,NONE,SUBSET,MO_1_35,MO_SPACE_1,
,,NONE,SUBSET,MO_1_36,MO_SPACE_1,
,,NONE,SUBSET,MO_1_37,MO_SPACE_1,
,,NONE,SUBSET,MO_1_38,MO_SPACE_1,
,,NONE,SUBSET,MO_1_39,MO_SPACE_1,
,,NONE,SUBSET,MO_1_40,MO_SPACE_1,
,,NONE,SUBSET,MO_1_41,MO_SPACE_1,
,,NONE,SUBSET,MO_1_42,MO_SPACE_1,
,,NONE,SUBSET,MO_1_43,MO_SPACE_1,
,,NONE,SUBSET,MO_1_44,MO_SPACE_1,
,,NONE,SUBSET,MO_1_45,MO_SPACE_1,
,,NONE,SUBSET,MO_1_46,MO_SPACE_1,
,,NONE,SUBSET,MO_1_47,MO_SPACE_1,
,,NONE,SUBSET,MO_1_48,MO_SPACE_1,
,,NONE,SUBSET,MO_1_49,MO_SPACE_1,
,,NONE,SUBSET,MO_1_50,MO_SPACE_1,
,,NONE,SUBSET,MO_1_51,MO_SPACE_1,
,,NONE,SUBSET,MO_1_52,MO_SPACE_1,
,,NONE,SUBSET,MO_1_53,MO_SPACE_1,
,,NONE,SUBSET,MO_1_54,MO_SPACE_1,
,,NONE,SUBSET,MO_1_55,MO_SPACE_1,
,,NONE,SUBSET,MO_1_56,MO_SPACE_1,
,,NONE,SUBSET,MO_1_57,MO_SPACE_1,
,,NONE,SUBSET,MO_1_58,MO_SPACE_1,
,,NONE,SUBSET,MO_1_59,MO_SPACE_1,
,,NONE,SUBSET,MO_1_60,MO_SPACE_1,
,,NONE,SUBSET,MO_1_61,MO_SPACE_1,
,,NONE,SUBSET,MO_1_62,MO_SPACE_1,
,,NONE,SUBSET,MO_1_63,MO_SPACE_1,
,,NONE,SUBSET,MO_1_64,MO_SPACE_1,
,,NONE,SUBSET,MO_1_65,MO_SPACE_1,
,,NONE,SUBSET,MO_1_66,MO_SPACE_1,
,,NONE,SUBSET,MO_1_67,MO_SPACE_1,
,,NONE,SUBSET,MO_1_68,MO_SPACE_1,
,,NONE,SUBSET,MO_1_69,MO_SPACE_1,
,,NONE,SUBSET,MO_1_70,MO_SPACE_1,
,,NONE,SUBSET,MO_1_71,MO_SPACE_1,
,,NONE,SUBSET,MO_1_72,MO_SPACE_1,
,,NONE,SUBSET,MO_1_73,MO_SPACE_1,
,,NONE,SUBSET,MO_1_74,MO_SPACE_1,
,,NONE,SUBSET,MO_1_75,MO_SPACE_1,
,,NONE,SUBSET,MO_1_76,MO_SPACE_1,
,,NONE,SUBSET,MO_1_77,MO_SPACE_1,
,,NONE,SUBSET,MO_1_78,MO_SPACE_1,
,,NONE,SUBSET,MO_1_79,MO_SPACE_1,
,,NONE,SUBSET,MO_1_80,MO_SPACE_1,
,,NONE,SUBSET,MO_1_81,MO_SPACE_1,
,,NONE,SUBSET,MO_1_82,MO_SPACE_1,
,,NONE,SUBSET,MO_1_83,MO_SPACE_1,
,,NONE,SUBSET,MO_1_84,MO_SPACE_1,
,,NONE,SUBSET,MO_1_85,MO_SPACE_1,
,,NONE,SUBSET,MO_1_86,MO_SPACE_1,
,,NONE,SUBSET,MO_1_87,MO_SPACE_1,
,,NONE,SUBSET,MO_1_88,MO_SPACE_1,
,,NONE,SUBSET,MO_1_89,MO_SPACE_1,
,,NONE,SUBSET,MO_1_90,MO_SPACE_1,
,,NONE,SUBSET,MO_1_91,MO_SPACE_1,
,,NONE,SUBSET,MO_1_92,MO_SPACE_1,
,,NONE,SUBSET,MO_1_93,MO_SPACE_1,
,,NONE,SUBSET,MO_1_94,MO_SPACE_1,
,,NONE,SUBSET,MO_1_95,MO_SPACE_1,
,,NONE,SUBSET,MO_1_96,MO_SPACE_1,
,,NONE,SUBSET,MO_1_97,MO_SPACE_1,
,,NONE,SUBSET,MO_1_98,MO_SPACE_1,
,,NONE,SUBSET,MO_1_99,MO_SPACE_1,
,,NONE,SUBSET,MO_1_100,MO_SPACE_1,
,,NONE,SUBSET,MO_1_101,MO_SPACE_1,
,,NONE,SUBSET,MO_1_102,MO_SPACE_1,
,,NONE,SUBSET,MO_1_103,MO_SPACE_1,
,,NONE,SUBSET,MO_1_104,MO_SPACE_1,
,,NONE,SUBSET,MO_1_105,MO_SPACE_1,
,,NONE,SUBSET,MO_1_106,MO_SPACE_1,
,,NONE,SUBSET,MO_1_107,MO_SPACE_1,
,,NONE,SUBSET,MO_1_108,MO_SPACE_1,
,,NONE,SUBSET,MO_1_109,MO_SPACE_1,
,,NONE,SUBSET,MO_1_110,MO_SPACE_1,
,,NONE,SUBSET,MO_1_111,MO_SPACE_1,
,,NONE,SUBSET,MO_1_112,MO_SPACE_1,
,,NONE,SUBSET,MO_1_113,MO_SPACE_1,
,,NONE,SUBSET,MO_1_114,MO_SPACE_1,
,,NONE,SUBSET,MO_1_115,MO_SPACE_1,
,,NONE,SUBSET,MO_1_116,MO_SPACE_1,
,,NONE,SUBSET,MO_1_117,MO_SPACE_1,
,,NONE,SUBSET,MO_1_118,MO_SPACE_1,
,,NONE,SUBSET,MO_1_119,MO_SPACE_1,
,,NONE,SUBSET,MO_1_120,MO_SPACE_1,
,,NONE,SUBSET,MO_1_121,MO_SPACE_1,
,,NONE,SUBSET,MO_1_122,MO_SPACE_1,
,,NONE,SUBSET,MO_1_123,MO_SPACE_1,
,,NONE,SUBSET,MO_1_124,MO_SPACE_1,
,,NONE,SUBSET,MO_1_125,MO_SPACE_1,
,,NONE,SUBSET,MO_1_126,MO_SPACE_1,
,,NONE,SUBSET,MO_1_127,MO_SPACE_1,
,,NONE,SUBSET,MO_1_128,MO_SPACE_1,
,,NONE,SUBSET,MO_1_129,MO_SPACE_1,
,,NONE,SUBSET,MO_1_130,MO_SPACE_1,
,,NONE,SUBSET,MO_1_131,MO_SPACE_1,
,,NONE,SUBSET,MO_1_132,MO_SPACE_1,
,,NONE,SUBSET,MO_1_133,MO_SPACE_1,
,,NONE,SUBSET,MO_1_134,MO_SPACE_1,
,,NONE,SUBSET,MO_1_135,MO_SPACE_1,
,,NONE,SUBSET,MO_1_136,MO_SPACE_1,
,,NONE,SUBSET,MO_1_137,MO_SPACE_1,
,,NONE,SUBSET,MO_1_138,MO_SPACE_1,
,,NONE,SUBSET,MO_1_139,MO_SPACE_1,
,,NONE,SUBSET,MO_1_140,MO_SPACE_1,
,,NONE,SUBSET,MO_1_141,MO_SPACE_1,
,,NONE,SUBSET,MO_1_142,MO_SPACE_1,
,,NONE,SUBSET,MO_1_143,MO_SPACE_1,
,,NONE,SUBSET,MO_1_144,MO_SPACE_1,
,,NONE,SUBSET,MO_1_145,MO_SPACE_1,
,,NONE,SUBSET,MO_1_146,MO_SPACE_1,
,,NONE,SUBSET,MO_1_147,MO_SPACE_1,
,,NONE,SUBSET,MO_1_148,MO_SPACE_1,
,,NONE,SUBSET,MO_1_149,MO_SPACE_1,
,,NONE,SUBSET,MO_1_150,MO_SPACE_1,
,,NONE,SUBSET,MO_1_151,MO_SPACE_1,
,,NONE,SUBSET,MO_1_152,MO_SPACE_1,
,,NONE,SUBSET,MO_1_153,MO_SPACE_1,
,,NONE,SUBSET,MO_1_154,MO_SPACE_1,
,,NONE,SUBSET,MO_1_155,MO_SPACE_1,
,,NONE,SUBSET,MO_1_156,MO_SPACE_1,
,,NONE,SUBSET,MO_1_157,MO_SPACE_1,
,,NONE,SUBSET,MO_1_158,MO_SPACE_1,
,,NONE,SUBSET,MO_1_159,MO_SPACE_1,
,,NONE,SUBSET,MO_1_160,MO_SPACE_1,
,,NONE,SUBSET,MO_1_161,MO_SPACE_1,
,,NONE,SUBSET,MO_1_162,MO_SPACE_1,
,,NONE,SUBSET,MO_1_163,MO_SPACE_1,
,,NONE,SUBSET,MO_1_164,MO_SPACE_1,
,,NONE,SUBSET,MO_1_165,MO_SPACE_1,
,,NONE,SUBSET,MO_1_166,MO_SPACE_1,
,,NONE,SUBSET,MO_1_167,MO_SPACE_1,
,,NONE,SUBSET,MO_1_168,MO_SPACE_1,
,,NONE,SUBSET,MO_1_169,MO_SPACE_1,
,,NONE,SUBSET,MO_1_170,MO_SPACE_1,
,,NONE,SUBSET,MO_1_171,MO_SPACE_1,
,,NONE,SUBSET,MO_1_172,MO_SPACE_1,
,,NONE,SUBSET,MO_1_173,MO_SPACE_1,
,,NONE,SUBSET,MO_1_174,MO_SPACE_1,
,,NONE,SUBSET,MO_1_175,MO_SPACE_1,
,,NONE,SUBSET,MO_1_176,MO_SPACE_1,
,,NONE,SUBSET,MO_1_177,MO_SPACE_1,
,,NONE,SUBSET,MO_1_178,MO_SPACE_1,
,,NONE,SUBSET,MO_1_179,MO_SPACE_1,
,,NONE,SUBSET,MO_1_180,MO_SPACE_1,
,,NONE,SUBSET,MO_1_181,MO_SPACE_1,
,,NONE,SUBSET,MO_1_182,MO_SPACE_1,
,,NONE,SUBSET,MO_1_183,MO_SPACE_1,
,,NONE,SUBSET,MO_1_184,MO_SPACE_1,
,,NONE,SUBSET,MO_1_185,MO_SPACE_1,
,,NONE,SUBSET,MO_1_186,MO_SPACE_1,
,,NONE,SUBSET,MO_1_187,MO_SPACE_1,
,,NONE,SUBSET,MO_1_188,MO_SPACE_1,
,,NONE,SUBSET,MO_1_189,MO_SPACE_1,
,,NONE,SUBSET,MO_1_190,MO_SPACE_1,
,,NONE,SUBSET,MO_1_191,MO_SPACE_1,
,,NONE,SUBSET,MO_1_192,MO_SPACE_1,
,,NONE,SUBSET,MO_1_193,MO_SPACE_1,
,,NONE,SUBSET,MO_1_194,MO_SPACE_1,
,,NONE,SUBSET,MO_1_195,MO_SPACE_1,
,,NONE,SUBSET,MO_1_196,MO_SPACE_1,
,,NONE,SUBSET,MO_1_197,MO_SPACE_1,
,,NONE,SUBSET,MO_1_198,MO_SPACE_1,
,,NONE,SUBSET,MO_1_199,MO_SPACE_1,
,,NONE,SUBSET,MO_1_200,MO_SPACE_1,
,,NONE,SUBSET,MO_1_201,MO_SPACE_1,
,,NONE,SUBSET,MO_1_202,MO_SPACE_1,
,,NONE,SUBSET,MO_1_203,MO_SPACE_1,
,,NONE,SUBSET,MO_1_204,MO_SPACE_1,
,,NONE,SUBSET,MO_1_205,MO_SPACE_1,
,,NONE,SUBSET,MO_1_206,MO_SPACE_1,
,,NONE,SUBSET,MO_1_207,MO_SPACE_1,
,,NONE,SUBSET,MO_1_208,MO_SPACE_1,
,,NONE,SUBSET,MO_1_209,MO_SPACE_1,
,,NONE,SUBSET,MO_1_210,MO_SPACE_1,
,,NONE,SUBSET,MO_1_211,MO_SPACE_1,
,,NONE,SUBSET,MO_1_212,MO_SPACE_1,
,,NONE,SUBSET,MO_1_213,MO_SPACE_1,
,,NONE,SUBSET,MO_1_214,MO_SPACE_1,
,,NONE,SUBSET,MO_1_215,MO_SPACE_1,
,,NONE,SUBSET,MO_1_216,MO_SPACE_1,
,,NONE,SUBSET,MO_1_217,MO_SPACE_1,
,,NONE,SUBSET,MO_1_218,MO_SPACE_1,
,,NONE,SUBSET,MO_1_219,MO_SPACE_1,
,,NONE,SUBSET,MO_1_220,MO_SPACE_1,
,,NONE,SUBSET,MO_1_221,MO_SPACE_1,
,,NONE,SUBSET,MO_1_222,MO_SPACE_1,
,,NONE,SUBSET,MO_1_223,MO_SPACE_1,
,,NONE,SUBSET,MO_1_224,MO_SPACE_1,
,,NONE,SUBSET,MO_1_225,MO_SPACE_1,
,,NONE,SUBSET,MO_1_226,MO_SPACE_1,
,,NONE,SUBSET,MO_1_227,MO_SPACE_1,
,,NONE,SUBSET,MO_1_228,MO_SPACE_1,
,,NONE,SUBSET,MO_1_229,MO_SPACE_1,
,,NONE,SUBSET,MO_1_230,MO_SPACE_1,
,,NONE,SUBSET,MO_1_231,MO_SPACE_1,
,,NONE,SUBSET,MO_1_232,MO_SPACE_1,
,,NONE,SUBSET,MO_1_233,MO_SPACE_1,
,,NONE,SUBSET,MO_1_234,MO_SPACE_1,
,,NONE,SUBSET,MO_1_235,MO_SPACE_1,
,,NONE,SUBSET,MO_1_236,MO_SPACE_1,
,,NONE,SUBSET,MO_1_237,MO_SPACE_1,
,,NONE,SUBSET,MO_1_238,MO_SPACE_1,
,,NONE,SUBSET,MO_1_239,MO_SPACE_1,
,,NONE,SUBSET,MO_1_240,MO_SPACE_1,
,,NONE,SUBSET,MO_1_241,MO_SPACE_1,
,,NONE,SUBSET,MO_1_242,MO_SPACE_1,
,,NONE,SUBSET,MO_1_243,MO_SPACE_1,
,,NONE,SUBSET,MO_1_244,MO_SPACE_1,
,,NONE,SUBSET,MO_1_245,MO_SPACE_1,
,,NONE,SUBSET,MO_1_246,MO_SPACE_1,
,,NONE,SUBSET,MO_1_247,MO_SPACE_1,
,,NONE,SUBSET,MO_1_248,MO_SPACE_1,
,,NONE,SUBSET,MO_1_249,MO_SPACE_1,
,,NONE,SUBSET,MO_1_250,MO_SPACE_1,
,,NONE,SUBSET,MO_1_251,MO_SPACE_1,
,,NONE,SUBSET,MO_1_252,MO_SPACE_1,
,,NONE,SUBSET,MO_1_253,MO_SPACE_1,
,,NONE,SUBSET,MO_1_254,MO_SPACE_1,
,,NONE,SUBSET,MO_1_255,MO_SPACE_1,
,,NONE,SUBSET,MO_1_256,MO_SPACE_1,
,,NONE,SUBSET,MO_1_257,MO_SPACE_1,
,,NONE,SUBSET,MO_1_258,MO_SPACE_1,
,,NONE,SUBSET,MO_1_259,MO_SPACE_1,
,,NONE,SUBSET,MO_1_260,MO_SPACE_1,
,,NONE,SUBSET,MO_1_261,MO_SPACE_1,
,,NONE,SUBSET,MO_1_262,MO_SPACE_1,
,,NONE,SUBSET,MO_1_263,MO_SPACE_1,
,,NONE,SUBSET,MO_1_264,MO_SPACE_1,
,,NONE,SUBSET,MO_1_265,MO_SPACE_1,
,,NONE,SUBSET,MO_1_266,MO_SPACE_1,
,,NONE,SUBSET,MO_1_267,MO_SPACE_1,
,,NONE,SUBSET,MO_1_268,MO_SPACE_1,
,,NONE,SUBSET,MO_1_269,MO_SPACE_1,
,,NONE,SUBSET,MO_1_270,MO_SPACE_1,
,,NONE,SUBSET,MO_1_271,MO_SPACE_1,
,,NONE,SUBSET,MO_1_272,MO_SPACE_1,
,,NONE,SUBSET,MO_1_273,MO_SPACE_1,
,,NONE,SUBSET,MO_1_274,MO_SPACE_1,
,,NONE,SUBSET,MO_1_275,MO_SPACE_1,
,,NONE,SUBSET,MO_1_276,MO_SPACE_1,
,,NONE,SUBSET,MO_1_277,MO_SPACE_1,
,,NONE,SUBSET,MO_1_278,MO_SPACE_1,
,,NONE,SUBSET,MO_1_279,MO_SPACE_1,
,,NONE,SUBSET,MO_1_280,MO_SPACE_1,
,,NONE,SUBSET,MO_1_281,MO_SPACE_1,
,,NONE,SUBSET,MO_1_282,MO_SPACE_1,
,,NONE,SUBSET,MO_1_283,MO_SPACE_1,
,,NONE,SUBSET,MO_1_284,MO_SPACE_1,
,,NONE,SUBSET,MO_1_285,MO_SPACE_1,
,,NONE,SUBSET,MO_1_286,MO_SPACE_1,
,,NONE,SUBSET,MO_1_287,MO_SPACE_1,
,,NONE,SUBSET,MO_1_288,MO_SPACE_1,
,,NONE,SUBSET,MO_1_289,MO_SPACE_1,
,,NONE,SUBSET,MO_1_290,MO_SPACE_1,
,,NONE,SUBSET,MO_1_291,MO_SPACE_1,
,,NONE,SUBSET,MO_1_292,MO_SPACE_1,
,,NONE,SUBSET,MO_1_293,MO_SPACE_1,
,,NONE,SUBSET,MO_1_294,MO_SPACE_1,
,,NONE,SUBSET,MO_1_295,MO_SPACE_1,
,,NONE,SUBSET,MO_1_296,MO_SPACE_1,
,,NONE,SUBSET,MO_1_297,MO_SPACE_1,
,,NONE,SUBSET,MO_1_298,MO_SPACE_1,
,,NONE,SUBSET,MO_1_299,MO_SPACE_1,
,,NONE,SUBSET,MO_1_300,MO_SPACE_1,
,,NONE,SUBSET,MO_1_301,MO_SPACE_1,
,,NONE,SUBSET,MO_1_302,MO_SPACE_1,
,,NONE,SUBSET,MO_1_303,MO_SPACE_1,
,,NONE,SUBSET,MO_1_304,MO_SPACE_1,
,,NONE,SUBSET,MO_1_305,MO_SPACE_1,
,,NONE,SUBSET,MO_1_306,MO_SPACE_1,
,,NONE,SUBSET,MO_1_307,MO_SPACE_1,
,,NONE,SUBSET,MO_1_308,MO_SPACE_1,
,,NONE,SUBSET,MO_1_309,MO_SPACE_1,
,,NONE,SUBSET,MO_1_310,MO_SPACE_1,
,,NONE,SUBSET,MO_1_311,MO_SPACE_1,
,,NONE,SUBSET,MO_1_312,MO_SPACE_1,
,,NONE,SUBSET,MO_1_313,MO_SPACE_1,
,,NONE,SUBSET,MO_1_314,MO_SPACE_1,
,,NONE,SUBSET,MO_1_315,MO_SPACE_1,
,,NONE,SUBSET,MO_1_316,MO_SPACE_1,
,,NONE,SUBSET,MO_1_317,MO_SPACE_1,
,,NONE,SUBSET,MO_1_318,MO_SPACE_1,
,,NONE,SUBSET,MO_1_319,MO_SPACE_1,
,,NONE,SUBSET,MO_1_320,MO_SPACE_1,
,,NONE,SUBSET,MO_1_321,MO_SPACE_1,
,,NONE,SUBSET,MO_1_322,MO_SPACE_1,
,,NONE,SUBSET,MO_1_323,MO_SPACE_1,
,,NONE,SUBSET,MO_1_324,MO_SPACE_1,
,,NONE,SUBSET,MO_1_325,MO_SPACE_1,
,,NONE,SUBSET,MO_1_326,MO_SPACE_1,
,,NONE,SUBSET,MO_1_327,MO_SPACE_1,
,,NONE,SUBSET,MO_1_328,MO_SPACE_1,
,,NONE,SUBSET,MO_1_329,MO_SPACE_1,
,,NONE,SUBSET,MO_1_330,MO_SPACE_1,
,,NONE,SUBSET,MO_1_331,MO_SPACE_1,
,,NONE,SUBSET,MO_1_332,MO_SPACE_1,
,,NONE,SUBSET,MO_1_333,MO_SPACE_1,
,,NONE,SUBSET,MO_1_334,MO_SPACE_1,
,,NONE,SUBSET,MO_1_335,MO_SPACE_1,
,,NONE,SUBSET,MO_1_336,MO_SPACE_1,
,,NONE,SUBSET,MO_1_337,MO_SPACE_1,
,,NONE,SUBSET,MO_1_338,MO_SPACE_1,
,,NONE,SUBSET,MO_1_339,MO_SPACE_1,
,,NONE,SUBSET,MO_1_340,MO_SPACE_1,
,,NONE,SUBSET,MO_1_341,MO_SPACE_1,
,,NONE,SUBSET,MO_1_342,MO_SPACE_1,
,,NONE,SUBSET,MO_1_343,MO_SPACE_1,
,,NONE,SUBSET,MO_1_344,MO_SPACE_1,
,,NONE,SUBSET,MO_1_345,MO_SPACE_1,
,,NONE,SUBSET,MO_1_346,MO_SPACE_1,
,,NONE,SUBSET,MO_1_347,MO_SPACE_1,
,,NONE,SUBSET,MO_1_348,MO_SPACE_1,
,,NONE,SUBSET,MO_1_349,MO_SPACE_1,
,,NONE,SUBSET,MO_1_350,MO_SPACE_1,
,,NONE,SUBSET,MO_1_351,MO_SPACE_1,
,,NONE,SUBSET,MO_1_352,MO_SPACE_1,
,,NONE,SUBSET,MO_1_353,MO_SPACE_1,
,,NONE,SUBSET,MO_1_354,MO_SPACE_1,
,,NONE,SUBSET,MO_1_355,MO_SPACE_1,
,,NONE,SUBSET,MO_1_356,MO_SPACE_1,
,,NONE,SUBSET,MO_1_357,MO_SPACE_1,
,,NONE,SUBSET,MO_1_358,MO_SPACE_1,
,,NONE,SUBSET,MO_1_359,MO_SPACE_1,
,,NONE,SUBSET,MO_1_360,MO_SPACE_1,
,,NONE,SUBSET,MO_1_361,MO_SPACE_1,
,,NONE,SUBSET,MO_1_362,MO_SPACE_1,
,,NONE,SUBSET,MO_1_363,MO_SPACE_1,
,,NONE,SUBSET,MO_1_364,MO_SPACE_1,
,,NONE,SUBSET,MO_1_365,MO_SPACE_1,
,,NONE,SUBSET,MO_1_366,MO_SPACE_1,
,,NONE,SUBSET,MO_1_367,MO_SPACE_1,
,,NONE,SUBSET,MO_1_368,MO_SPACE_1,
,,NONE,SUBSET,MO_1_369,MO_SPACE_1,
,,NONE,SUBSET,MO_1_370,MO_SPACE_1,
,,NONE,SUBSET,MO_1_371,MO_SPACE_1,
,,NONE,SUBSET,MO_1_372,MO_SPACE_1,
,,NONE,SUBSET,MO_1_373,MO_SPACE_1,
,,NONE,SUBSET,MO_1_374,MO_SPACE_1,
,,NONE,SUBSET,MO_1_375,MO_SPACE_1,
,,NONE,SUBSET,MO_1_376,MO_SPACE_1,
,,NONE,SUBSET,MO_1_377,MO_SPACE_1,
,,NONE,SUBSET,MO_1_378,MO_SPACE_1,
,,NONE,SUBSET,MO_1_379,MO_SPACE_1,
,,NONE,SUBSET,MO_1_380,MO_SPACE_1,
,,NONE,SUBSET,MO_1_381,MO_SPACE_1,
,,NONE,SUBSET,MO_1_382,MO_SPACE_1,
,,NONE,SUBSET,MO_1_383,MO_SPACE_1,
,,NONE,SUBSET,MO_1_384,MO_SPACE_1,
,,NONE,SUBSET,MO_1_385,MO_SPACE_1,
,,NONE,SUBSET,MO_1_386,MO_SPACE_1,
,,NONE,SUBSET,MO_1_387,MO_SPACE_1,
,,NONE,SUBSET,MO_1_388,MO_SPACE_1,
,,NONE,SUBSET,MO_1_389,MO_SPACE_1,
,,NONE,SUBSET,MO_1_390,MO_SPACE_1,
,,NONE,SUBSET,MO_1_391,MO_SPACE_1,
,,NONE,SUBSET,MO_1_392,MO_SPACE_1,
,,NONE,SUBSET,MO_1_393,MO_SPACE_1,
,,NONE,SUBSET,MO_1_394,MO_SPACE_1,
,,NONE,SUBSET,MO_1_395,MO_SPACE_1,
,,NONE,SUBSET,MO_1_396,MO_SPACE_1,
,,NONE,SUBSET,MO_1_397,MO_SPACE_1,
,,NONE,SUBSET,MO_1_398,MO_SPACE_1,
,,NONE,SUBSET,MO_1_399,MO_SPACE_1,
,,NONE,SUBSET,MO_1_400,MO_SPACE_1,
,,NONE,SUBSET,MO_1_401,MO_SPACE_1,
,,NONE,SUBSET,MO_1_402,MO_SPACE_1,
,,NONE,SUBSET,MO_1_403,MO_SPACE_1,
,,NONE,SUBSET,MO_1_404,MO_SPACE_1,
,,NONE,SUBSET,MO_1_405,MO_SPACE_1,
,,NONE,SUBSET,MO_1_406,MO_SPACE_1,
,,NONE,SUBSET,MO_1_407,MO_SPACE_1,
,,NONE,SUBSET,MO_1_408,MO_SPACE_1,
,,NONE,SUBSET,MO_1_409,MO_SPACE_1,
,,NONE,SUBSET,MO_1_410,MO_SPACE_1,
,,NONE,SUBSET,MO_1_411,MO_SPACE_1,
,,NONE,SUBSET,MO_1_412,MO_SPACE_1,
,,NONE,SUBSET,MO_1_413,MO_SPACE_1,
,,NONE,SUBSET,MO_1_414,MO_SPACE_1,
,,NONE,SUBSET,MO_1_415,MO_SPACE_1,
,,NONE,SUBSET,MO_1_416,MO_SPACE_1,
,,NONE,SUBSET,MO_1_417,MO_SPACE_1,
,,NONE,SUBSET,MO_1_418,MO_SPACE_1,
,,NONE,SUBSET,MO_1_419,MO_SPACE_1,
,,NONE,SUBSET,MO_1_420,MO_SPACE_1,
,,NONE,SUBSET,MO_1_421,MO_SPACE_1,
,,NONE,SUBSET,MO_1_422,MO_SPACE_1,
,,NONE,SUBSET,MO_1_423,MO_SPACE_1,
,,NONE,SUBSET,MO_1_424,MO_SPACE_1,
,,NONE,SUBSET,MO_1_425,MO_SPACE_1,
,,NONE,SUBSET,MO_1_426,MO_SPACE_1,
,,NONE,SUBSET,MO_1_427,MO_SPACE_1,
,,NONE,SUBSET,MO_1_428,MO_SPACE_1,
,,NONE,SUBSET,MO_1_429,MO_SPACE_1,
,,NONE,SUBSET,MO_1_430,MO_SPACE_1,
,,NONE,SUBSET,MO_1_431,MO_SPACE_1,
,,NONE,SUBSET,MO_1_432,MO_SPACE_1,
,,NONE,SUBSET,MO_1_433,MO_SPACE_1,
,,NONE,SUBSET,MO_1_434,MO_SPACE_1,
,,NONE,SUBSET,MO_1_435,MO_SPACE_1,
,,NONE,SUBSET,MO_1_436,MO_SPACE_1,
,,NONE,SUBSET,MO_1_437,MO_SPACE_1,
,,NONE,SUBSET,MO_1_438,MO_SPACE_1,
,,NONE,SUBSET,MO_1_439,MO_SPACE_1,
,,NONE,SUBSET,MO_1_440,MO_SPACE_1,
,,NONE,SUBSET,MO_1_441,MO_SPACE_1,
,,NONE,SUBSET,MO_1_442,MO_SPACE_1,
,,NONE,SUBSET,MO_1_443,MO_SPACE_1,
,,NONE,SUBSET,MO_1_444,MO_SPACE_1,
,,NONE,SUBSET,MO_1_445,MO_SPACE_1,
,,NONE,SUBSET,MO_1_446,MO_SPACE_1,
,,NONE,SUBSET,MO_1_447,MO_SPACE_1,
,,NONE,SUBSET,MO_1_448,MO_SPACE_1,
,,NONE,SUBSET,MO_1_449,MO_SPACE_1,
,,NONE,SUBSET,MO_1_450,MO_SPACE_1,
,,NONE,SUBSET,MO_1_451,MO_SPACE_1,
,,NONE,SUBSET,MO_1_452,MO_SPACE_1,
,,NONE,SUBSET,MO_1_453,MO_SPACE_1,
,,NONE,SUBSET,MO_1_454,MO_SPACE_1,
,,NONE,SUBSET,MO_1_455,MO_SPACE_1,
,,NONE,SUBSET,MO_1_456,MO_SPACE_1,
,,NONE,SUBSET,MO_1_457,MO_SPACE_1,
,,NONE,SUBSET,MO_1_458,MO_SPACE_1,
,,NONE,SUBSET,MO_1_459,MO_SPACE_1,
,,NONE,SUBSET,MO_1_460,MO_SPACE_1,
,,NONE,SUBSET,MO_1_461,MO_SPACE_1,
,,NONE,SUBSET,MO_1_462,MO_SPACE_1,
,,NONE,SUBSET,MO_1_463,MO_SPACE_1,
,,NONE,SUBSET,MO_1_464,MO_SPACE_1,
,,NONE,SUBSET,MO_1_465,MO_SPACE_1,
,,NONE,SUBSET,MO_1_466,MO_SPACE_1,
,,NONE,SUBSET,MO_1_467,MO_SPACE_1,
,,NONE,SUBSET,MO_1_468,MO_SPACE_1,
,,NONE,SUBSET,MO_1_469,MO_SPACE_1,
,,NONE,SUBSET,MO_1_470,MO_SPACE_1,
,,NONE,SUBSET,MO_1_471,MO_SPACE_1,
,,NONE,SUBSET,MO_1_472,MO_SPACE_1,
,,NONE,SUBSET,MO_1_473,MO_SPACE_1,
,,NONE,SUBSET,MO_1_474,MO_SPACE_1,
,,NONE,SUBSET,MO_1_475,MO_SPACE_1,
,,NONE,SUBSET,MO_1_476,MO_SPACE_1,
,,NONE,SUBSET,MO_1_477,MO_SPACE_1,
,,NONE,SUBSET,MO_1_478,MO_SPACE_1,
,,NONE,SUBSET,MO_1_479,MO_SPACE_1,
,,NONE,SUBSET,MO_1_480,MO_SPACE_1,
,,NONE,SUBSET,MO_1_481,MO_SPACE_1,
,,NONE,SUBSET,MO_1_482,MO_SPACE_1,
,,NONE,SUBSET,MO_1_483,MO_SPACE_1,
,,NONE,SUBSET,MO_1_484,MO_SPACE_1,
,,NONE,SUBSET,MO_1_485,MO_SPACE_1,
,,NONE,SUBSET,MO_1_486,MO_SPACE_1,
,,NONE,SUBSET,MO_1_487,MO_SPACE_1,
,,NONE,SUBSET,MO_1_488,MO_SPACE_1,
,,NONE,SUBSET,MO_1_489,MO_SPACE_1,
,,NONE,SUBSET,MO_1_490,MO_SPACE_1,
,,NONE,SUBSET,MO_1_491,MO_SPACE_1,
,,NONE,SUBSET,MO_1_492,MO_SPACE_1,
,,NONE,SUBSET,MO_1_493,MO_SPACE_1,
,,NONE,SUBSET,MO_1_494,MO_SPACE_1,
,,NONE,SUBSET,MO_1_495,MO_SPACE_1,
,,NONE,SUBSET,MO_1_496,MO_SPACE_1,
,,NONE,SUBSET,MO_1_497,MO_SPACE_1,
,,NONE,SUBSET,MO_1_498,MO_SPACE_1,
,,NONE,SUBSET,MO_1_499,MO_SPACE_1,
,,NONE,SUBSET,MO_1_500,MO_SPACE_1,
,,NONE,SUBSET,MO_1_501,MO_SPACE_1,
,,NONE,SUBSET,MO_1_502,MO_SPACE_1,
,,NONE,SUBSET,MO_1_503,MO_SPACE_1,
,,NONE,SUBSET,MO_1_504,MO_SPACE_1,
,,NONE,SUBSET,MO_1_505,MO_SPACE_1,
,,NONE,SUBSET,MO_1_506,MO_SPACE_1,
,,NONE,SUBSET,MO_1_507,MO_SPACE_1,
,,NONE,SUBSET,MO_1_508,MO_SPACE_1,
,,NONE,SUBSET,MO_1_509,MO_SPACE_1,
,,NONE,SUBSET,MO_1_510,MO_SPACE_1,
,,NONE,SUBSET,MO_1_511,MO_SPACE_1,
,,NONE,SUBSET,MO_1_512,MO_SPACE_1,
,,NONE,SUBSET,MO_1_513,MO_SPACE_1,
,,NONE,SUBSET,MO_1_514,MO_SPACE_1,
,,NONE,SUBSET,MO_1_515,MO_SPACE_1,
,,NONE,SUBSET,MO_1_516,MO_SPACE_1,
,,NONE,SUBSET,MO_1_517,MO_SPACE_1,
,,NONE,SUBSET,MO_1_518,MO_SPACE_1,
,,NONE,SUBSET,MO_1_519,MO_SPACE_1,
,,NONE,SUBSET,MO_1_520,MO_SPACE_1,
,,NONE,SUBSET,MO_1_521,MO_SPACE_1,
,,NONE,SUBSET,MO_1_522,MO_SPACE_1,
,,NONE,SUBSET,MO_1_523,MO_SPACE_1,
,,NONE,SUBSET,MO_1_524,MO_SPACE_1,
,,NONE,SUBSET,MO_1_525,MO_SPACE_1,
,,NONE,SUBSET,MO_1_526,MO_SPACE_1,
,,NONE,SUBSET,MO_1_527,MO_SPACE_1,
,,NONE,SUBSET,MO_1_528,MO_SPACE_1,
,,NONE,SUBSET,MO_1_529,MO_SPACE_1,
,,NONE,SUBSET,MO_1_530,MO_SPACE_1,
,,NONE,SUBSET,MO_1_531,MO_SPACE_1,
,,NONE,SUBSET,MO_1_532,MO_SPACE_1,
,,NONE,SUBSET,MO_1_533,MO_SPACE_1,
,,NONE,SUBSET,MO_1_534,MO_SPACE_1,
,,NONE,SUBSET,MO_1_535,MO_SPACE_1,
,,NONE,SUBSET,MO_1_536,MO_SPACE_1,
,,NONE,SUBSET,MO_1_537,MO_SPACE_1,
,,NONE,SUBSET,MO_1_538,MO_SPACE_1,
,,NONE,SUBSET,MO_1_539,MO_SPACE_1,
,,NONE,SUBSET,MO_1_540,MO_SPACE_1,
,,NONE,SUBSET,MO_1_541,MO_SPACE_1,
,,NONE,SUBSET,MO_1_542,MO_SPACE_1,
,,NONE,SUBSET,MO_1_543,MO_SPACE_1,
,,NONE,SUBSET,MO_1_544,MO_SPACE_1,
,,NONE,SUBSET,MO_1_545,MO_SPACE_1,
,,NONE,SUBSET,MO_1_546,MO_SPACE_1,
,,NONE,SUBSET,MO_1_547,MO_SPACE_1,
,,NONE,SUBSET,MO_1_548,MO_SPACE_1,
,,NONE,SUBSET,MO_1_549,MO_SPACE_1,
,,NONE,SUBSET,MO_1_550,MO_SPACE_1,
,,NONE,SUBSET,MO_1_551,MO_SPACE_1,
,,NONE,SUBSET,MO_1_552,MO_SPACE_1,
,,NONE,SUBSET,MO_1_553,MO_SPACE_1,
,,NONE,SUBSET,MO_1_554,MO_SPACE_1,
,,NONE,SUBSET,MO_1_555,MO_SPACE_1,
,,NONE,SUBSET,MO_1_556,MO_SPACE_1,
,,NONE,SUBSET,MO_1_557,MO_SPACE_1,
,,NONE,SUBSET,MO_1_558,MO_SPACE_1,
,,NONE,SUBSET,MO_1_559,MO_SPACE_1,
,,NONE,SUBSET,MO_1_560,MO_SPACE_1,
,,NONE,SUBSET,MO_1_561,MO_SPACE_1,
,,NONE,SUBSET,MO_1_562,MO_SPACE_1,
,,NONE,SUBSET,MO_1_563,MO_SPACE_1,
,,NONE,SUBSET,MO_1_564,MO_SPACE_1,
,,NONE,SUBSET,MO_1_565,MO_SPACE_1,
,,NONE,SUBSET,MO_1_566,MO_SPACE_1,
,,NONE,SUBSET,MO_1_567,MO_SPACE_1,
,,NONE,SUBSET,MO_1_568,MO_SPACE_1,
,,NONE,SUBSET,MO_1_569,MO_SPACE_1,
,,NONE,SUBSET,MO_1_570,MO_SPACE_1,
,,NONE,SUBSET,MO_1_571,MO_SPACE_1,
,,NONE,SUBSET,MO_1_572,MO_SPACE_1,
,,NONE,SUBSET,MO_1_573,MO_SPACE_1,
,,NONE,SUBSET,MO_1_574,MO_SPACE_1,
,,NONE,SUBSET,MO_1_575,MO_SPACE_1,
,,NONE,SUBSET,MO_1_576,MO_SPACE_1,
,,NONE,SUBSET,MO_1_577,MO_SPACE_1,
,,NONE,SUBSET,MO_1_578,MO_SPACE_1,
,,NONE,SUBSET,MO_1_579,MO_SPACE_1,
,,NONE,SUBSET,MO_1_580,MO_SPACE_1,
,,NONE,SUBSET,MO_1_581,MO_SPACE_1,
,,NONE,SUBSET,MO_1_582,MO_SPACE_1,
,,NONE,SUBSET,MO_1_583,MO_SPACE_1,
,,NONE,SUBSET,MO_1_584,MO_SPACE_1,
,,NONE,SUBSET,MO_1_585,MO_SPACE_1,
,,NONE,SUBSET,MO_1_586,MO_SPACE_1,
,,NONE,SUBSET,MO_1_587,MO_SPACE_1,
,,NONE,SUBSET,MO_1_588,MO_SPACE_1,
,,NONE,SUBSET,MO_1_589,MO_SPACE_1,
,,NONE,SUBSET,MO_1_590,MO_SPACE_1,
,,NONE,SUBSET,MO_1_591,MO_SPACE_1,
,,NONE,SUBSET,MO_1_592,MO_SPACE_1,
,,NONE,SUBSET,MO_1_593,MO_SPACE_1,
,,NONE,SUBSET,MO_1_594,MO_SPACE_1,
,,NONE,SUBSET,MO_1_595,MO_SPACE_1,
,,NONE,SUBSET,MO_1_596,MO_SPACE_1,
,,NONE,SUBSET,MO_1_597,MO_SPACE_1,
,,NONE,SUBSET,MO_1_598,MO_SPACE_1,
,,NONE,SUBSET,MO_1_599,MO_SPACE_1,
,,NONE,SUBSET,MO_1_600,MO_SPACE_1,
,,NONE,SUBSET,MO_1_601,MO_SPACE_1,
,,NONE,SUBSET,MO_1_602,MO_SPACE_1,
,,NONE,SUBSET,MO_1_603,MO_SPACE_1,
,,NONE,SUBSET,MO_1_604,MO_SPACE_1,
,,NONE,SUBSET,MO_1_605,MO_SPACE_1,
,,NONE,SUBSET,MO_1_606,MO_SPACE_1,
,,NONE,SUBSET,MO_1_607,MO_SPACE_1,
,,NONE,SUBSET,MO_1_608,MO_SPACE_1,
,,NONE,SUBSET,MO_1_609,MO_SPACE_1,
,,NONE,SUBSET,MO_1_610,MO_SPACE_1,
,,NONE,SUBSET,MO_1_611,MO_SPACE_1,
,,NONE,SUBSET,MO_1_612,MO_SPACE_1,
,,NONE,SUBSET,MO_1_613,MO_SPACE_1,
,,NONE,SUBSET,MO_1_614,MO_SPACE_1,
,,NONE,SUBSET,MO_1_615,MO_SPACE_1,
,,NONE,SUBSET,MO_1_616,MO_SPACE_1,
,,NONE,SUBSET,MO_1_617,MO_SPACE_1,
,,NONE,SUBSET,MO_1_618,MO_SPACE_1,
,,NONE,SUBSET,MO_1_619,MO_SPACE_1,
,,NONE,SUBSET,MO_1_620,MO_SPACE_1,
,,NONE,SUBSET,MO_1_621,MO_SPACE_1,
,,NONE,SUBSET,MO_1_622,MO_SPACE_1,
,,NONE,SUBSET,MO_1_623,MO_SPACE_1,
,,NONE,SUBSET,MO_1_624,MO_SPACE_1,
,,NONE,SUBSET,MO_1_625,MO_SPACE_1,
,,NONE,SUBSET,MO_1_626,MO_SPACE_1,
,,NONE,SUBSET,MO_1_627,MO_SPACE_1,
,,NONE,SUBSET,MO_1_628,MO_SPACE_1,
,,NONE,SUBSET,MO_1_629,MO_SPACE_1,
,,NONE,SUBSET,MO_1_630,MO_SPACE_1,
,,NONE,SUBSET,MO_1_631,MO_SPACE_1,
,,NONE,SUBSET,MO_1_632,MO_SPACE_1,
,,NONE,SUBSET,MO_1_633,MO_SPACE_1,
,,NONE,SUBSET,MO_1_634,MO_SPACE_1,
,,NONE,SUBSET,MO_1_635,MO_SPACE_1,
,,NONE,SUBSET,MO_1_636,MO_SPACE_1,
,,NONE,SUBSET,MO_1_637,MO_SPACE_1,
,,NONE,SUBSET,MO_1_638,MO_SPACE_1,
,,NONE,SUBSET,MO_1_639,MO_SPACE_1,
,,NONE,SUBSET,MO_1_640,MO_SPACE_1,
,,NONE,SUBSET,MO_1_641,MO_SPACE_1,
,,NONE,SUBSET,MO_1_642,MO_SPACE_1,
,,NONE,SUBSET,MO_1_643,MO_SPACE_1,
,,NONE,SUBSET,MO_1_644,MO_SPACE_1,
,,NONE,SUBSET,MO_1_645,MO_SPACE_1,
,,NONE,SUBSET,MO_1_646,MO_SPACE_1,
,,NONE,SUBSET,MO_1_647,MO_SPACE_1,
,,NONE,SUBSET,MO_1_648,MO_SPACE_1,
,,NONE,SUBSET,MO_1_649,MO_SPACE_1,
,,NONE,SUBSET,MO_1_650,MO_SPACE_1,
,,NONE,SUBSET,MO_1_651,MO_SPACE_1,
,,NONE,SUBSET,MO_1_652,MO_SPACE_1,
,,NONE,SUBSET,MO_1_653,MO_SPACE_1,
,,NONE,SUBSET,MO_1_654,MO_SPACE_1,
,,NONE,SUBSET,MO_1_655,MO_SPACE_1,
,,NONE,SUBSET,MO_1_656,MO_SPACE_1,
,,NONE,SUBSET,MO_1_657,MO_SPACE_1,
,,NONE,SUBSET,MO_1_658,MO_SPACE_1,
,,NONE,SUBSET,MO_1_659,MO_SPACE_1,
,,NONE,SUBSET,MO_1_660,MO_SPACE_1,
,,NONE,SUBSET,MO_1_661,MO_SPACE_1,
,,NONE,SUBSET,MO_1_662,MO_SPACE_1,
,,NONE,SUBSET,MO_1_663,MO_SPACE_1,
,,NONE,SUBSET,MO_1_664,MO_SPACE_1,
,,NONE,SUBSET,MO_1_665,MO_SPACE_1,
,,NONE,SUBSET,MO_1_666,MO_SPACE_1,
,,NONE,SUBSET,MO_1_667,MO_SPACE_1,
,,NONE,SUBSET,MO_1_668,MO_SPACE_1,
,,NONE,SUBSET,MO_1_669,MO_SPACE_1,
,,NONE,SUBSET,MO_1_670,MO_SPACE_1,
,,NONE,SUBSET,MO_1_671,MO_SPACE_1,
,,NONE,SUBSET,MO_1_672,MO_SPACE_1,
,,NONE,SUBSET,MO_1_673,MO_SPACE_1,
,,NONE,SUBSET,MO_1_674,MO_SPACE_1,
,,NONE,SUBSET,MO_1_675,MO_SPACE_1,
,,NONE,SUBSET,MO_1_676,MO_SPACE_1,
,,NONE,SUBSET,MO_1_677,MO_SPACE_1,
,,NONE,SUBSET,MO_1_678,MO_SPACE_1,
,,NONE,SUBSET,MO_1_679,MO_SPACE_1,
,,NONE,SUBSET,MO_1_680,MO_SPACE_1,
,,NONE,SUBSET,MO_1_681,MO_SPACE_1,
,,NONE,SUBSET,MO_1_682,MO_SPACE_1,
,,NONE,SUBSET,MO_1_683,MO_SPACE_1,
,,NONE,SUBSET,MO_1_684,MO_SPACE_1,
,,NONE,SUBSET,MO_1_685,MO_SPACE_1,
,,NONE,SUBSET,MO_1_686,MO_SPACE_1,
,,NONE,SUBSET,MO_1_687,MO_SPACE_1,
,,NONE,SUBSET,MO_1_688,MO_SPACE_1,
,,NONE,SUBSET,MO_1_689,MO_SPACE_1,
,,NONE,SUBSET,MO_1_690,MO_SPACE_1,
,,NONE,SUBSET,MO_1_691,MO_SPACE_1,
,,NONE,SUBSET,MO_1_692,MO_SPACE_1,
,,NONE,SUBSET,MO_1_693,MO_SPACE_1,
,,NONE,SUBSET,MO_1_694,MO_SPACE_1,
,,NONE,SUBSET,MO_1_695,MO_SPACE_1,
,,NONE,SUBSET,MO_1_696,MO_SPACE_1,
,,NONE,SUBSET,MO_1_697,MO_SPACE_1,
,,NONE,SUBSET,MO_1_698,MO_SPACE_1,
,,NONE,SUBSET,MO_1_699,MO_SPACE_1,
,,NONE,SUBSET,MO_1_700,MO_SPACE_1,
,,NONE,SUBSET,MO_1_701,MO_SPACE_1,
,,NONE,SUBSET,MO_1_702,MO_SPACE_1,
,,NONE,SUBSET,MO_1_703,MO_SPACE_1,
,,NONE,SUBSET,MO_1_704,MO_SPACE_1,
,,NONE,SUBSET,MO_1_705,MO_SPACE_1,
,,NONE,SUBSET,MO_1_706,MO_SPACE_1,
,,NONE,SUBSET,MO_1_707,MO_SPACE_1,
,,NONE,SUBSET,MO_1_708,MO_SPACE_1,
,,NONE,SUBSET,MO_1_709,MO_SPACE_1,
,,NONE,SUBSET,MO_1_710,MO_SPACE_1,
,,NONE,SUBSET,MO_1_711,MO_SPACE_1,
,,NONE,SUBSET,MO_1_712,MO_SPACE_1,
,,NONE,SUBSET,MO_1_713,MO_SPACE_1,
,,NONE,SUBSET,MO_1_714,MO_SPACE_1,
,,NONE,SUBSET,MO_1_715,MO_SPACE_1,
,,NONE,SUBSET,MO_1_716,MO_SPACE_1,
,,NONE,SUBSET,MO_1_717,MO_SPACE_1,
,,NONE,SUBSET,MO_1_718,MO_SPACE_1,
,,NONE,SUBSET,MO_1_719,MO_SPACE_1,
,,NONE,SUBSET,MO_1_720,MO_SPACE_1,
,,NONE,SUBSET,MO_1_721,MO_SPACE_1,
,,NONE,SUBSET,MO_1_722,MO_SPACE_1,
,,NONE,SUBSET,MO_1_723,MO_SPACE_1,
,,NONE,SUBSET,MO_1_724,MO_SPACE_1,
,,NONE,SUBSET,MO_1_725,MO_SPACE_1,
,,NONE,SUBSET,MO_1_726,MO_SPACE_1,
,,NONE,SUBSET,MO_1_727,MO_SPACE_1,
,,NONE,SUBSET,MO_1_728,MO_SPACE_1,
,,NONE,SUBSET,MO_1_729,MO_SPACE_1,
,,NONE,SUBSET,MO_1_730,MO_SPACE_1,
,,NONE,SUBSET,MO_1_731,MO_SPACE_1,
,,NONE,SUBSET,MO_1_732,MO_SPACE_1,
,,NONE,SUBSET,MO_1_733,MO_SPACE_1,
,,NONE,SUBSET,MO_1_734,MO_SPACE_1,
,,NONE,SUBSET,MO_1_735,MO_SPACE_1,
,,NONE,SUBSET,MO_1_736,MO_SPACE_1,
,,NONE,SUBSET,MO_1_737,MO_SPACE_1,
,,NONE,SUBSET,MO_1_738,MO_SPACE_1,
,,NONE,SUBSET,MO_1_739,MO_SPACE_1,
,,NONE,SUBSET,MO_1_740,MO_SPACE_1,
,,NONE,SUBSET,MO_1_741,MO_SPACE_1,
,,NONE,SUBSET,MO_1_742,MO_SPACE_1,
,,NONE,SUBSET,MO_1_743,MO_SPACE_1,
,,NONE,SUBSET,MO_1_744,MO_SPACE_1,
,,NONE,SUBSET,MO_1_745,MO_SPACE_1,
,,NONE,SUBSET,MO_1_746,MO_SPACE_1,
,,NONE,SUBSET,MO_1_747,MO_SPACE_1,
,,NONE,SUBSET,MO_1_748,MO_SPACE_1,
,,NONE,SUBSET,MO_1_749,MO_SPACE_1,
,,NONE,SUBSET,MO_1_750,MO_SPACE_1,
,,NONE,SUBSET,MO_1_751,MO_SPACE_1,
,,NONE,SUBSET,MO_1_752,MO_SPACE_1,
,,NONE,SUBSET,MO_1_753,MO_SPACE_1,
,,NONE,SUBSET,MO_1_754,MO_SPACE_1,
,,NONE,SUBSET,MO_1_755,MO_SPACE_1,
,,NONE,SUBSET,MO_1_756,MO_SPACE_1,
,,NONE,SUBSET,MO_1_757,MO_SPACE_1,
,,NONE,SUBSET,MO_1_758,MO_SPACE_1,
,,NONE,SUBSET,MO_1_759,MO_SPACE_1,
,,NONE,SUBSET,MO_1_760,MO_SPACE_1,
,,NONE,SUBSET,MO_1_761,MO_SPACE_1,
,,NONE,SUBSET,MO_1_762,MO_SPACE_1,
,,NONE,SUBSET,MO_1_763,MO_SPACE_1,
,,NONE,SUBSET,MO_1_764,MO_SPACE_1,
,,NONE,SUBSET,MO_1_765,MO_SPACE_1,
,,NONE,SUBSET,MO_1_766,MO_SPACE_1,
,,NONE,SUBSET,MO_1_767,MO_SPACE_1,
,,NONE,SUBSET,MO_1_768,MO_SPACE_1,
,,NONE,SUBSET,MO_1_769,MO_SPACE_1,
,,NONE,SUBSET,MO_1_770,MO_SPACE_1,
,,NONE,SUBSET,MO_1_771,MO_SPACE_1,
,,NONE,SUBSET,MO_1_772,MO_SPACE_1,
,,NONE,SUBSET,MO_1_773,MO_SPACE_1,
,,NONE,SUBSET,MO_1_774,MO_SPACE_1,
,,NONE,SUBSET,MO_1_775,MO_SPACE_1,
,,NONE,SUBSET,MO_1_776,MO_SPACE_1,
,,NONE,SUBSET,MO_1_777,MO_SPACE_1,
,,NONE,SUBSET,MO_1_778,MO_SPACE_1,
,,NONE,SUBSET,MO_1_779,MO_SPACE_1,
,,NONE,SUBSET,MO_1_780,MO_SPACE_1,
,,NONE,SUBSET,MO_1_781,MO_SPACE_1,
,,NONE,SUBSET,MO_1_782,MO_SPACE_1,
,,NONE,SUBSET,MO_1_783,MO_SPACE_1,
,,NONE,SUBSET,MO_1_784,MO_SPACE_1,
,,NONE,SUBSET,MO_1_785,MO_SPACE_1,
,,NONE,SUBSET,MO_1_786,MO_SPACE_1,
,,NONE,SUBSET,MO_1_787,MO_SPACE_1,
,,NONE,SUBSET,MO_1_788,MO_SPACE_1,
,,NONE,SUBSET,MO_1_789,MO_SPACE_1,
,,NONE,SUBSET,MO_1_790,MO_SPACE_1,
,,NONE,SUBSET,MO_1_791,MO_SPACE_1,
,,NONE,SUBSET,MO_1_792,MO_SPACE_1,
,,NONE,SUBSET,MO_1_793,MO_SPACE_1,
,,NONE,SUBSET,MO_1_794,MO_SPACE_1,
,,NONE,SUBSET,MO_1_795,MO_SPACE_1,
,,NONE,SUBSET,MO_1_796,MO_SPACE_1,
,,NONE,SUBSET,MO_1_797,MO_SPACE_1,
,,NONE,SUBSET,MO_1_798,MO_SPACE_1,
,,NONE,SUBSET,MO_1_799,MO_SPACE_1,
,,NONE,SUBSET,MO_1_800,MO_SPACE_1,
,,NONE,SUBSET,MO_1_801,MO_SPACE_1,
,,NONE,SUBSET,MO_1_802,MO_SPACE_1,
,,NONE,SUBSET,MO_1_803,MO_SPACE_1,
,,NONE,SUBSET,MO_1_804,MO_SPACE_1,
,,NONE,SUBSET,MO_1_805,MO_SPACE_1,
,,NONE,SUBSET,MO_1_806,MO_SPACE_1,
,,NONE,SUBSET,MO_1_807,MO_SPACE_1,
,,NONE,SUBSET,MO_1_808,MO_SPACE_1,
,,NONE,SUBSET,MO_1_809,MO_SPACE_1,
,,NONE,SUBSET,MO_1_810,MO_SPACE_1,
,,NONE,SUBSET,MO_1_811,MO_SPACE_1,
,,NONE,SUBSET,MO_1_812,MO_SPACE_1,
,,NONE,SUBSET,MO_1_813,MO_SPACE_1,
,,NONE,SUBSET,MO_1_814,MO_SPACE_1,
,,NONE,SUBSET,MO_1_815,MO_SPACE_1,
,,NONE,SUBSET,MO_1_816,MO_SPACE_1,
,,NONE,SUBSET,MO_1_817,MO_SPACE_1,
,,NONE,SUBSET,MO_1_818,MO_SPACE_1,
,,NONE,SUBSET,MO_1_819,MO_SPACE_1,
,,NONE,SUBSET,MO_1_820,MO_SPACE_1,
,,NONE,SUBSET,MO_1_821,MO_SPACE_1,
,,NONE,SUBSET,MO_1_822,MO_SPACE_1,
,,NONE,SUBSET,MO_1_823,MO_SPACE_1,
,,NONE,SUBSET,MO_1_824,MO_SPACE_1,
,,NONE,SUBSET,MO_1_825,MO_SPACE_1,
,,NONE,SUBSET,MO_1_826,MO_SPACE_1,
,,NONE,SUBSET,MO_1_827,MO_SPACE_1,
,,NONE,SUBSET,MO_1_828,MO_SPACE_1,
,,NONE,SUBSET,MO_1_829,MO_SPACE_1,
,,NONE,SUBSET,MO_1_830,MO_SPACE_1,
,,NONE,SUBSET,MO_1_831,MO_SPACE_1,
,,NONE,SUBSET,MO_1_832,MO_SPACE_1,
,,NONE,SUBSET,MO_1_833,MO_SPACE_1,
,,NONE,SUBSET,MO_1_834,MO_SPACE_1,
,,NONE,SUBSET,MO_1_835,MO_SPACE_1,
,,NONE,SUBSET,MO_1_836,MO_SPACE_1,
,,NONE,SUBSET,MO_1_837,MO_SPACE_1,
,,NONE,SUBSET,MO_1_838,MO_SPACE_1,
,,NONE,SUBSET,MO_1_839,MO_SPACE_1,
,,NONE,SUBSET,MO_1_840,MO_SPACE_1,
,,NONE,SUBSET,MO_1_841,MO_SPACE_1,
,,NONE,SUBSET,MO_1_842,MO_SPACE_1,
,,NONE,SUBSET,MO_1_843,MO_SPACE_1,
,,NONE,SUBSET,MO_1_844,MO_SPACE_1,
,,NONE,SUBSET,MO_1_845,MO_SPACE_1,
,,NONE,SUBSET,MO_1_846,MO_SPACE_1,
,,NONE,SUBSET,MO_1_847,MO_SPACE_1,
,,NONE,SUBSET,MO_1_848,MO_SPACE_1,
,,NONE,SUBSET,MO_1_849,MO_SPACE_1,
,,NONE,SUBSET,MO_1_850,MO_SPACE_1,
,,NONE,SUBSET,MO_1_851,MO_SPACE_1,
,,NONE,SUBSET,MO_1_852,MO_SPACE_1,
,,NONE,SUBSET,MO_1_853,MO_SPACE_1,
,,NONE,SUBSET,MO_1_854,MO_SPACE_1,
,,NONE,SUBSET,MO_1_855,MO_SPACE_1,
,,NONE,SUBSET,MO_1_856,MO_SPACE_1,
,,NONE,SUBSET,MO_1_857,MO_SPACE_1,
,,NONE,SUBSET,MO_1_858,MO_SPACE_1,
,,NONE,SUBSET,MO_1_859,MO_SPACE_1,
,,NONE,SUBSET,MO_1_860,MO_SPACE_1,
,,NONE,SUBSET,MO_1_861,MO_SPACE_1,
,,NONE,SUBSET,MO_1_862,MO_SPACE_1,
,,NONE,SUBSET,MO_1_863,MO_SPACE_1,
,,NONE,SUBSET,MO_1_864,MO_SPACE_1,
,,NONE,SUBSET,MO_1_865,MO_SPACE_1,
,,NONE,SUBSET,MO_1_866,MO_SPACE_1,
,,NONE,SUBSET,MO_1_867,MO_SPACE_1,
,,NONE,SUBSET,MO_1_868,MO_SPACE_1,
,,NONE,SUBSET,MO_1_869,MO_SPACE_1,
,,NONE,SUBSET,MO_1_870,MO_SPACE_1,
,,NONE,SUBSET,MO_1_871,MO_SPACE_1,
,,NONE,SUBSET,MO_1_872,MO_SPACE_1,
,,NONE,SUBSET,MO_1_873,MO_SPACE_1,
,,NONE,SUBSET,MO_1_874,MO_SPACE_1,
,,NONE,SUBSET,MO_1_875,MO_SPACE_1,
,,NONE,SUBSET,MO_1_876,MO_SPACE_1,
,,NONE,SUBSET,MO_1_877,MO_SPACE_1,
,,NONE,SUBSET,MO_1_878,MO_SPACE_1,
,,NONE,SUBSET,MO_1_879,MO_SPACE_1,
,,NONE,SUBSET,MO_1_880,MO_SPACE_1,
,,NONE,SUBSET,MO_1_881,MO_SPACE_1,
,,NONE,SUBSET,MO_1_882,MO_SPACE_1,
,,NONE,SUBSET,MO_1_883,MO_SPACE_1,
,,NONE,SUBSET,MO_1_884,MO_SPACE_1,
,,NONE,SUBSET,MO_1_885,MO_SPACE_1,
,,NONE,SUBSET,MO_1_886,MO_SPACE_1,
,,NONE,SUBSET,MO_1_887,MO_SPACE_1,
,,NONE,SUBSET,MO_1_888,MO_SPACE_1,
,,NONE,SUBSET,MO_1_889,MO_SPACE_1,
,,NONE,SUBSET,MO_1_890,MO_SPACE_1,
,,NONE,SUBSET,MO_1_891,MO_SPACE_1,
,,NONE,SUBSET,MO_1_892,MO_SPACE_1,
,,NONE,SUBSET,MO_1_893,MO_SPACE_1,
,,NONE,SUBSET,MO_1_894,MO_SPACE_1,
,,NONE,SUBSET,MO_1_895,MO_SPACE_1,
,,NONE,SUBSET,MO_1_896,MO_SPACE_1,
,,NONE,SUBSET,MO_1_897,MO_SPACE_1,
,,NONE,SUBSET,MO_1_898,MO_SPACE_1,
,,NONE,SUBSET,MO_1_899,MO_SPACE_1,
,,NONE,SUBSET,MO_1_900,MO_SPACE_1,
,,NONE,SUBSET,MO_1_901,MO_SPACE_1,
,,NONE,SUBSET,MO_1_902,MO_SPACE_1,
,,NONE,SUBSET,MO_1_903,MO_SPACE_1,
,,NONE,SUBSET,MO_1_904,MO_SPACE_1,
,,NONE,SUBSET,MO_1_905,MO_SPACE_1,
,,NONE,SUBSET,MO_1_906,MO_SPACE_1,
,,NONE,SUBSET,MO_1_907,MO_SPACE_1,
,,NONE,SUBSET,MO_1_908,MO_SPACE_1,
,,NONE,SUBSET,MO_1_909,MO_SPACE_1,
,,NONE,SUBSET,MO_1_910,MO_SPACE_1,
,,NONE,SUBSET,MO_1_911,MO_SPACE_1,
,,NONE,SUBSET,MO_1_912,MO_SPACE_1,
,,NONE,SUBSET,MO_1_913,MO_SPACE_1,
,,NONE,SUBSET,MO_1_914,MO_SPACE_1,
,,NONE,SUBSET,MO_1_915,MO_SPACE_1,
,,NONE,SUBSET,MO_1_916,MO_SPACE_1,
,,NONE,SUBSET,MO_1_917,MO_SPACE_1,
,,NONE,SUBSET,MO_1_918,MO_SPACE_1,
,,NONE,SUBSET,MO_1_919,MO_SPACE_1,
,,NONE,SUBSET,MO_1_920,MO_SPACE_1,
,,NONE,SUBSET,MO_1_921,MO_SPACE_1,
,,NONE,SUBSET,MO_1_922,MO_SPACE_1,
,,NONE,SUBSET,MO_1_923,MO_SPACE_1,
,,NONE,SUBSET,MO_1_924,MO_SPACE_1,
,,NONE,SUBSET,MO_1_925,MO_SPACE_1,
,,NONE,SUBSET,MO_1_926,MO_SPACE_1,
,,NONE,SUBSET,MO_1_927,MO_SPACE_1,
,,NONE,SUBSET,MO_1_928,MO_SPACE_1,
,,NONE,SUBSET,MO_1_929,MO_SPACE_1,
,,NONE,SUBSET,MO_1_930,MO_SPACE_1,
,,NONE,SUBSET,MO_1_931,MO_SPACE_1,
,,NONE,SUBSET,MO_1_932,MO_SPACE_1,
,,NONE,SUBSET,MO_1_933,MO_SPACE_1,
,,NONE,SUBSET,MO_1_934,MO_SPACE_1,
,,NONE,SUBSET,MO_1_935,MO_SPACE_1,
,,NONE,SUBSET,MO_1_936,MO_SPACE_1,
,,NONE,SUBSET,MO_1_937,MO_SPACE_1,
,,NONE,SUBSET,MO_1_938,MO_SPACE_1,
,,NONE,SUBSET,MO_1_939,MO_SPACE_1,
,,NONE,SUBSET,MO_1_940,MO_SPACE_1,
,,NONE,SUBSET,MO_1_941,MO_SPACE_1,
,,NONE,SUBSET,MO_1_942,MO_SPACE_1,
,,NONE,SUBSET,MO_1_943,MO_SPACE_1,
,,NONE,SUBSET,MO_1_944,MO_SPACE_1,
,,NONE,SUBSET,MO_1_945,MO_SPACE_1,
,,NONE,SUBSET,MO_1_946,MO_SPACE_1,
,,NONE,SUBSET,MO_1_947,MO_SPACE_1,
,,NONE,SUBSET,MO_1_948,MO_SPACE_1,
,,NONE,SUBSET,MO_1_949,MO_SPACE_1,
,,NONE,SUBSET,MO_1_950,MO_SPACE_1,
,,NONE,SUBSET,MO_1_951,MO_SPACE_1,
,,NONE,SUBSET,MO_1_952,MO_SPACE_1,
,,NONE,SUBSET,MO_1_953,MO_SPACE_1,
,,NONE,SUBSET,MO_1_954,MO_SPACE_1,
,,NONE,SUBSET,MO_1_955,MO_SPACE_1,
,,NONE,SUBSET,MO_1_956,MO_SPACE_1,
,,NONE,SUBSET,MO_1_957,MO_SPACE_1,
,,NONE,SUBSET,MO_1_958,MO_SPACE_1,
,,NONE,SUBSET,MO_1_959,MO_SPACE_1,
,,NONE,SUBSET,MO_1_960,MO_SPACE_1,
,,NONE,SUBSET,MO_1_961,MO_SPACE_1,
,,NONE,SUBSET,MO_1_962,MO_SPACE_1,
,,NONE,SUBSET,MO_1_963,MO_SPACE_1,
,,NONE,SUBSET,MO_1_964,MO_SPACE_1,
,,NONE,SUBSET,MO_1_965,MO_SPACE_1,
,,NONE,SUBSET,MO_1_966,MO_SPACE_1,
,,NONE,SUBSET,MO_1_967,MO_SPACE_1,
,,NONE,SUBSET,MO_1_968,MO_SPACE_1,
,,NONE,SUBSET,MO_1_969,MO_SPACE_1,
,,NONE,SUBSET,MO_1_970,MO_SPACE_1,
,,NONE,SUBSET,MO_1_971,MO_SPACE_1,
,,NONE,SUBSET,MO_1_972,MO_SPACE_1,
,,NONE,SUBSET,MO_1_973,MO_SPACE_1,
,,NONE,SUBSET,MO_1_974,MO_SPACE_1,
,,NONE,SUBSET,MO_1_975,MO_SPACE_1,
,,NONE,SUBSET,MO_1_976,MO_SPACE_1,
,,NONE,SUBSET,MO_1_977,MO_SPACE_1,
,,NONE,SUBSET,MO_1_978,MO_SPACE_1,
,,NONE,SUBSET,MO_1_979,MO_SPACE_1,
,,NONE,SUBSET,MO_1_980,MO_SPACE_1,
,,NONE,SUBSET,MO_1_981,MO_SPACE_1,
,,NONE,SUBSET,MO_1_982,MO_SPACE_1,
,,NONE,SUBSET,MO_1_983,MO_SPACE_1,
,,NONE,SUBSET,MO_1_984,MO_SPACE_1,
,,NONE,SUBSET,MO_1_985,MO_SPACE_1,
,,NONE,SUBSET,MO_1_986,MO_SPACE_1,
,,NONE,SUBSET,MO_1_987,MO_SPACE_1,
,,NONE,SUBSET,MO_1_988,MO_SPACE_1,
,,NONE,SUBSET,MO_1_989,MO_SPACE_1,
,,NONE,SUBSET,MO_1_990,MO_SPACE_1,
,,NONE,SUBSET,MO_1_991,MO_SPACE_1,
,,NONE,SUBSET,MO_1_992,MO_SPACE_1,
,,NONE,SUBSET,MO_1_993,MO_SPACE_1,
,,NONE,SUBSET,MO_1_994,MO_SPACE_1,
,,NONE,SUBSET,MO_1_995,MO_SPACE_1,
,,NONE,SUBSET,MO_1_996,MO_SPACE_1,
,,NONE,SUBSET,MO_1_997,MO_SPACE_1,
,,NONE,SUBSET,MO_1_998,MO_SPACE_1,
,,NONE,SUBSET,MO_1_999,MO_SPACE_1,
,,NONE,SUBSET,MO_1_1000,MO_SPACE_1,
,,NONE,SUBSET,MO_1_1001,MO_SPACE_1,
,,NONE,SUBSET,MO_1_1002,MO_SPACE_1,
,,NONE,SUBSET,MO_1_1003,MO_SPACE_1,
,,NONE,SUBSET,MO_1_1004,MO_SPACE_1,
,,NONE,SUBSET,MO_1_1005,MO_SPACE_1,
,,NONE,SUBSET,MO_1_1006,MO_SPACE_1,
,,NONE,SUBSET,MO_1_1007,MO_SPACE_1,
,,NONE,SUBSET,MO_1_1008,MO_SPACE_1,
,,NONE,SUBSET,MO_1_1009,MO_SPACE_1,
,,NONE,SUBSET,MO_1_1010,MO_SPACE_1,
,,NONE,SUBSET,MO_1_1011,MO_SPACE_1,
,,NONE,SUBSET,MO_1_1012,MO_SPACE_1,
,,NONE,SUBSET,MO_1_1013,MO_SPACE_1,
,,NONE,SUBSET,MO_1_1014,MO_SPACE_1,
,,NONE,SUBSET,MO_1_1015,MO_SPACE_1,
,,NONE,SUBSET,MO_1_1016,MO_SPACE_1,
,,NONE,SUBSET,MO_1_1017,MO_SPACE_1,
,,NONE,SUBSET,MO_1_1018,MO_SPACE_1,
,,NONE,SUBSET,MO_1_1019,MO_SPACE_1,
,,NONE,SUBSET,MO_1_1020,MO_SPACE_1,
,,NONE,SUBSET,MO_1_1021,MO_SPACE_1,
,,NONE,SUBSET,MO_1_1022,MO_SPACE_1,
,,NONE,SUBSET,MO_1_1023,MO_SPACE_1,
,,NONE,SUBSET,MO_1_1024,MO_SPACE_1,
,,NONE,SUBSET,MO_1_1025,MO_SPACE_1,
,,NONE,SUBSET,MO_1_1026,MO_SPACE_1,
,,NONE,SUBSET,MO_1_1027,MO_SPACE_1,
,,NONE,SUBSET,MO_1_1028,MO_SPACE_1,
,,NONE,SUBSET,MO_1_1029,MO_SPACE_1,
,,NONE,SUBSET,MO_1_1030,MO_SPACE_1,
,,NONE,SUBSET,MO_1_1031,MO_SPACE_1,
,,NONE,SUBSET,MO_1_1032,MO_SPACE_1,
,,NONE,SUBSET,MO_1_1033,MO_SPACE_1,
,,NONE,SUBSET,MO_1_1034,MO_SPACE_1,
,,NONE,SUBSET,MO_1_1035,MO_SPACE_1,
,,NONE,SUBSET,MO_1_1036,MO_SPACE_1,
,,NONE,SUBSET,MO_1_1037,MO_SPACE_1,
,,NONE,SUBSET,MO_1_1038,MO_SPACE_1,
,,NONE,SUBSET,MO_1_1039,MO_SPACE_1,
,,NONE,SUBSET,MO_1_1040,MO_SPACE_1,
,,NONE,SUBSET,MO_1_1041,MO_SPACE_1,
,,NONE,SUBSET,MO_1_1042,MO_SPACE_1,
,,NONE,SUBSET,MO_1_1043,MO_SPACE_1,
,,NONE,SUBSET,MO_1_1044,MO_SPACE_1,
,,NONE,SUBSET,MO_1_1045,MO_SPACE_1,
,,NONE,SUBSET,MO_1_1046,MO_SPACE_1,
,,NONE,SUBSET,MO_1_1047,MO_SPACE_1,
,,NONE,SUBSET,MO_1_1048,MO_SPACE_1,
,,NONE,SUBSET,MO_1_1049,MO_SPACE_1,
,,NONE,SUBSET,MO_1_1050,MO_SPACE_1,
,,NONE,SUBSET,MO_1_1051,MO_SPACE_1,
,,NONE,SUBSET,MO_1_1052,MO_SPACE_1,
,,NONE,SUBSET,MO_1_1053,MO_SPACE_1,
,,NONE,SUBSET,MO_1_1054,MO_SPACE_1,
,,NONE,SUBSET,MO_1_1055,MO_SPACE_1,
,,NONE,SUBSET,MO_1_1056,MO_SPACE_1,
,,NONE,SUBSET,MO_1_1057,MO_SPACE_1,
,,NONE,SUBSET,MO_1_1058,MO_SPACE_1,
,,NONE,SUBSET,MO_1_1059,MO_SPACE_1,
,,NONE,SUBSET,MO_1_1060,MO_SPACE_1,
,,NONE,SUBSET,MO_1_1061,MO_SPACE_1,
,,NONE,SUBSET,MO_1_1062,MO_SPACE_1,
,,NONE,SUBSET,MO_1_1063,MO_SPACE_1,
,,NONE,SUBSET,MO_1_1064,MO_SPACE_1,
,,NONE,SUBSET,MO_1_1065,MO_SPACE_1,
,,NONE,SUBSET,MO_1_1066,MO_SPACE_1,
,,NONE,SUBSET,MO_1_1067,MO_SPACE_1,
,,NONE,SUBSET,MO_1_1068,MO_SPACE_1,
,,NONE,SUBSET,MO_1_1069,MO_SPACE_1,
,,NONE,SUBSET,MO_1_1070,MO_SPACE_1,
,,NONE,SUBSET,MO_1_1071,MO_SPACE_1,
,,NONE,SUBSET,MO_1_1072,MO_SPACE_1,
,,NONE,SUBSET,MO_1_1073,MO_SPACE_1,
,,NONE,SUBSET,MO_1_1074,MO_SPACE_1,
,,NONE,SUBSET,MO_1_1075,MO_SPACE_1,
,,NONE,SUBSET,MO_1_1076,MO_SPACE_1,
,,NONE,SUBSET,MO_1_1077,MO_SPACE_1,
,,NONE,SUBSET,MO_1_1078,MO_SPACE_1,
,,NONE,SUBSET,MO_1_1079,MO_SPACE_1,
,,NONE,SUBSET,MO_1_1080,MO_SPACE_1,
,,NONE,SUBSET,MO_1_1081,MO_SPACE_1,
,,NONE,SUBSET,MO_1_1082,MO_SPACE_1,
,,NONE,SUBSET,MO_1_1083,MO_SPACE_1,
,,NONE,SUBSET,MO_1_1084,MO_SPACE_1,
,,NONE,SUBSET,MO_1_1085,MO_SPACE_1,
,,NONE,SUBSET,MO_1_1086,MO_SPACE_1,
,,NONE,SUBSET,MO_1_1087,MO_SPACE_1,
,,NONE,SUBSET,MO_1_1088,MO_SPACE_1,
,,NONE,SUBSET,MO_1_1089,MO_SPACE_1,
,,NONE,SUBSET,MO_1_1090,MO_SPACE_1,
,,NONE,SUBSET,MO_1_1091,MO_SPACE_1,
,,NONE,SUBSET,MO_1_1092,MO_SPACE_1,
,,NONE,SUBSET,MO_1_1093,MO_SPACE_1,
,,NONE,SUBSET,MO_1_1094,MO_SPACE_1,
,,NONE,SUBSET,MO_1_1095,MO_SPACE_1,
,,NONE,SUBSET,MO_1_1096,MO_SPACE_1,
,,NONE,SUBSET,MO_1_1097,MO_SPACE_1,
,,NONE,SUBSET,MO_1_1098,MO_SPACE_1,
,,NONE,SUBSET,MO_1_1099,MO_SPACE_1,
,,NONE,SUBSET,MO_1_1100,MO_SPACE_1,
,,NONE,SUBSET,MO_1_1101,MO_SPACE_1,
,,NONE,SUBSET,MO_1_1102,MO_SPACE_1,
,,NONE,SUBSET,MO_1_1103,MO_SPACE_1,
,,NONE,SUBSET,MO_1_1104,MO_SPACE_1,
,,NONE,SUBSET,MO_1_1105,MO_SPACE_1,
,,NONE,SUBSET,MO_1_1106,MO_SPACE_1,
,,NONE,SUBSET,MO_1_1107,MO_SPACE_1,
,,NONE,SUBSET,MO_1_1108,MO_SPACE_1,
,,NONE,SUBSET,MO_1_1109,MO_SPACE_1,
,,NONE,SUBSET,MO_1_1110,MO_SPACE_1,
,,NONE,SUBSET,MO_1_1111,MO_SPACE_1,
,,NONE,SUBSET,MO_1_1112,MO_SPACE_1,
,,NONE,SUBSET,MO_1_1113,MO_SPACE_1,
,,NONE,SUBSET,MO_1_1114,MO_SPACE_1,
,,NONE,SUBSET,MO_1_1115,MO_SPACE_1,
,,NONE,SUBSET,MO_1_1116,MO_SPACE_1,
,,NONE,SUBSET,MO_1_1117,MO_SPACE_1,
,,NONE,SUBSET,MO_1_1118,MO_SPACE_1,
,,NONE,SUBSET,MO_1_1119,MO_SPACE_1,
,,NONE,SUBSET,MO_1_1120,MO_SPACE_1,
,,NONE,SUBSET,MO_1_1121,MO_SPACE_1,
,,NONE,SUBSET,MO_1_1122,MO_SPACE_1,
,,NONE,SUBSET,MO_1_1123,MO_SPACE_1,
,,NONE,SUBSET,MO_1_1124,MO_SPACE_1,
,,NONE,SUBSET,MO_1_1125,MO_SPACE_1,
,,NONE,SUBSET,MO_1_1126,MO_SPACE_1,
,,NONE,SUBSET,MO_1_1127,MO_SPACE_1,
,,NONE,SUBSET,MO_1_1128,MO_SPACE_1,
,,NONE,SUBSET,MO_1_1129,MO_SPACE_1,
,,NONE,SUBSET,MO_1_1130,MO_SPACE_1,
,,NONE,SUBSET,MO_1_1131,MO_SPACE_1,
,,NONE,SUBSET,MO_1_1132,MO_SPACE_1,
,,NONE,SUBSET,MO_1_1133,MO_SPACE_1,
,,NONE,SUBSET,MO_1_1134,MO_SPACE_1,
,,VMR,REQUEST,PD_2,PD_1,
,,RP,HOLD,PD_2,VMR_2_1,
,,RXP,HOLD,PD_2,VMR_2_2,
,,RP,HOLD,PD_2,VMR_2_3,
,,RP,HOLD,PD_2,VMR_2_4,
,,RWP,HOLD,PD_2,VMR_2_5,
,,RWP,HOLD,PD_2,VMR_2_6,
,,RWP,HOLD,PD_2,VMR_2_7,
,,RP,HOLD,PD_2,VMR_2_8,
,,RXP,HOLD,PD_2,VMR_2_9,
,,RP,HOLD,PD_2,VMR_2_10,
,,P,HOLD,PD_2,VMR_2_11,
,,RP,HOLD,PD_2,VMR_2_12,
,,RWP,HOLD,PD_2,VMR_2_13,
,,RWP,HOLD,PD_2,VMR_2_14,
,,RP,HOLD,PD_2,VMR_2_15,
,,RXP,HOLD,PD_2,VMR_2_16,
,,RP,HOLD,PD_2,VMR_2_17,
,,P,HOLD,PD_2,VMR_2_18,
,,RP,HOLD,PD_2,VMR_2_19,
,,RWP,HOLD,PD_2,VMR_2_20,
,,RWP,HOLD,PD_2,VMR_2_21,
,,RP,HOLD,PD_2,VMR_2_22,
,,RXP,HOLD,PD_2,VMR_2_23,
,,RP,HOLD,PD_2,VMR_2_24,
,,RP,HOLD,PD_2,VMR_2_25,
,,RWP,HOLD,PD_2,VMR_2_26,
,,RS,HOLD,PD_2,VMR_2_27,
,,RP,HOLD,PD_2,VMR_2_28,
,,RXP,HOLD,PD_2,VMR_2_29,
,,RP,HOLD,PD_2,VMR_2_30,
,,RP,HOLD,PD_2,VMR_2_31,
,,RWP,HOLD,PD_2,VMR_2_32,
,,RP,HOLD,PD_2,VMR_2_33,
,,RXP,HOLD,PD_2,VMR_2_34,
,,RP,HOLD,PD_2,VMR_2_35,
,,RP,HOLD,PD_2,VMR_2_36,
,,RWP,HOLD,PD_2,VMR_2_37,
,,RP,HOLD,PD_2,VMR_2_38,
,,RXP,HOLD,PD_2,VMR_2_39,
,,RP,HOLD,PD_2,VMR_2_40,
,,RP,HOLD,PD_2,VMR_2_41,
,,RWP,HOLD,PD_2,VMR_2_42,
,,RP,HOLD,PD_2,VMR_2_43,
,,RXP,HOLD,PD_2,VMR_2_44,
,,RP,HOLD,PD_2,VMR_2_45,
,,RP,HOLD,PD_2,VMR_2_46,
,,RWP,HOLD,PD_2,VMR_2_47,
,,RP,HOLD,PD_2,VMR_2_48,
,,RXP,HOLD,PD_2,VMR_2_49,
,,RP,HOLD,PD_2,VMR_2_50,
,,P,HOLD,PD_2,VMR_2_51,
,,RP,HOLD,PD_2,VMR_2_52,
,,RWP,HOLD,PD_2,VMR_2_53,
,,RWP,HOLD,PD_2,VMR_2_54,
,,RP,HOLD,PD_2,VMR_2_55,
,,RXP,HOLD,PD_2,VMR_2_56,
,,RP,HOLD,PD_2,VMR_2_57,
,,P,HOLD,PD_2,VMR_2_58,
,,RP,HOLD,PD_2,VMR_2_59,
,,RWP,HOLD,PD_2,VMR_2_60,
,,RP,HOLD,PD_2,VMR_2_61,
,,RXP,HOLD,PD_2,VMR_2_62,
,,RP,HOLD,PD_2,VMR_2_63,
,,P,HOLD,PD_2,VMR_2_64,
,,RP,HOLD,PD_2,VMR_2_65,
,,RWP,HOLD,PD_2,VMR_2_66,
,,RP,HOLD,PD_2,VMR_2_67,
,,RXP,HOLD,PD_2,VMR_2_68,
,,RP,HOLD,PD_2,VMR_2_69,
,,RP,HOLD,PD_2,VMR_2_70,
,,RWP,HOLD,PD_2,VMR_2_71,
,,RP,HOLD,PD_2,VMR_2_72,
,,RP,HOLD,PD_2,VMR_2_73,
,,RXP,HOLD,PD_2,VMR_2_74,
,,RP,HOLD,PD_2,VMR_2_75,
,,RP,HOLD,PD_2,VMR_2_76,
,,RWP,HOLD,PD_2,VMR_2_77,
,,RP,HOLD,PD_2,VMR_2_78,
,,RXP,HOLD,PD_2,VMR_2_79,
,,RP,HOLD,PD_2,VMR_2_80,
,,RP,HOLD,PD_2,VMR_2_81,
,,RWP,HOLD,PD_2,VMR_2_82,
,,RP,HOLD,PD_2,VMR_2_83,
,,RXP,HOLD,PD_2,VMR_2_84,
,,RP,HOLD,PD_2,VMR_2_85,
,,RP,HOLD,PD_2,VMR_2_86,
,,RWP,HOLD,PD_2,VMR_2_87,
,,RWP,HOLD,PD_2,VMR_2_88,
,,RP,HOLD,PD_2,VMR_2_89,
,,RXP,HOLD,PD_2,VMR_2_90,
,,RP,HOLD,PD_2,VMR_2_91,
,,P,HOLD,PD_2,VMR_2_92,
,,RP,HOLD,PD_2,VMR_2_93,
,,RWP,HOLD,PD_2,VMR_2_94,
,,RP,HOLD,PD_2,VMR_2_95,
,,RXP,HOLD,PD_2,VMR_2_96,
,,RP,HOLD,PD_2,VMR_2_97,
,,P,HOLD,PD_2,VMR_2_98,
,,RP,HOLD,PD_2,VMR_2_99,
,,RWP,HOLD,PD_2,VMR_2_100,
,,RWP,HOLD,PD_2,VMR_2_101,
,,RP,HOLD,PD_2,VMR_2_102,
,,RXP,HOLD,PD_2,VMR_2_103,
,,RP,HOLD,PD_2,VMR_2_104,
,,P,HOLD,PD_2,VMR_2_105,
,,RP,HOLD,PD_2,VMR_2_106,
,,RWP,HOLD,PD_2,VMR_2_107,
,,RWP,HOLD,PD_2,VMR_2_108,
,,RP,HOLD,PD_2,VMR_2_109,
,,RXP,HOLD,PD_2,VMR_2_110,
,,RP,HOLD,PD_2,VMR_2_111,
,,RP,HOLD,PD_2,VMR_2_112,
,,RWP,HOLD,PD_2,VMR_2_113,
,,RP,HOLD,PD_2,VMR_2_114,
,,RXP,HOLD,PD_2,VMR_2_115,
,,RP,HOLD,PD_2,VMR_2_116,
,,RP,HOLD,PD_2,VMR_2_117,
,,RWP,HOLD,PD_2,VMR_2_118,
,,RP,HOLD,PD_2,VMR_2_119,
,,RXP,HOLD,PD_2,VMR_2_120,
,,RP,HOLD,PD_2,VMR_2_121,
,,RP,HOLD,PD_2,VMR_2_122,
,,RWP,HOLD,PD_2,VMR_2_123,
,,RP,HOLD,PD_2,VMR_2_124,
,,RXP,HOLD,PD_2,VMR_2_125,
,,RP,HOLD,PD_2,VMR_2_126,
,,RP,HOLD,PD_2,VMR_2_127,
,,RWP,HOLD,PD_2,VMR_2_128,
,,RWP,HOLD,PD_2,VMR_2_129,
,,RP,HOLD,PD_2,VMR_2_130,
,,RXP,HOLD,PD_2,VMR_2_131,
,,RP,HOLD,PD_2,VMR_2_132,
,,RP,HOLD,PD_2,VMR_2_133,
,,RWP,HOLD,PD_2,VMR_2_134,
,,RP,HOLD,PD_2,VMR_2_135,
,,RXP,HOLD,PD_2,VMR_2_136,
,,RP,HOLD,PD_2,VMR_2_137,
,,P,HOLD,PD_2,VMR_2_138,
,,RP,HOLD,PD_2,VMR_2_139,
,,RWP,HOLD,PD_2,VMR_2_140,
,,RP,HOLD,PD_2,VMR_2_141,
,,RXP,HOLD,PD_2,VMR_2_142,
,,RP,HOLD,PD_2,VMR_2_143,
,,RP,HOLD,PD_2,VMR_2_144,
,,RWP,HOLD,PD_2,VMR_2_145,
,,RP,HOLD,PD_2,VMR_2_146,
,,RXP,HOLD,PD_2,VMR_2_147,
,,RP,HOLD,PD_2,VMR_2_148,
,,RP,HOLD,PD_2,VMR_2_149,
,,RWP,HOLD,PD_2,VMR_2_150,
,,RP,HOLD,PD_2,VMR_2_151,
,,RXP,HOLD,PD_2,VMR_2_152,
,,RP,HOLD,PD_2,VMR_2_153,
,,P,HOLD,PD_2,VMR_2_154,
,,RP,HOLD,PD_2,VMR_2_155,
,,RWP,HOLD,PD_2,VMR_2_156,
,,RWP,HOLD,PD_2,VMR_2_157,
,,RP,HOLD,PD_2,VMR_2_158,
,,RXP,HOLD,PD_2,VMR_2_159,
,,RP,HOLD,PD_2,VMR_2_160,
,,P,HOLD,PD_2,VMR_2_161,
,,RP,HOLD,PD_2,VMR_2_162,
,,RWP,HOLD,PD_2,VMR_2_163,
,,RP,HOLD,PD_2,VMR_2_164,
,,RXP,HOLD,PD_2,VMR_2_165,
,,RP,HOLD,PD_2,VMR_2_166,
,,RP,HOLD,PD_2,VMR_2_167,
,,RWP,HOLD,PD_2,VMR_2_168,
,,RP,HOLD,PD_2,VMR_2_169,
,,RXP,HOLD,PD_2,VMR_2_170,
,,RP,HOLD,PD_2,VMR_2_171,
,,P,HOLD,PD_2,VMR_2_172,
,,RP,HOLD,PD_2,VMR_2_173,
,,RWP,HOLD,PD_2,VMR_2_174,
,,RWP,HOLD,PD_2,VMR_2_175,
,,RP,HOLD,PD_2,VMR_2_176,
,,RXP,HOLD,PD_2,VMR_2_177,
,,RP,HOLD,PD_2,VMR_2_178,
,,RP,HOLD,PD_2,VMR_2_179,
,,RWP,HOLD,PD_2,VMR_2_180,
,,RWP,HOLD,PD_2,VMR_2_181,
,,RP,HOLD,PD_2,VMR_2_182,
,,RXP,HOLD,PD_2,VMR_2_183,
,,RP,HOLD,PD_2,VMR_2_184,
,,RP,HOLD,PD_2,VMR_2_185,
,,RWP,HOLD,PD_2,VMR_2_186,
,,RP,HOLD,PD_2,VMR_2_187,
,,RXP,HOLD,PD_2,VMR_2_188,
,,RP,HOLD,PD_2,VMR_2_189,
,,P,HOLD,PD_2,VMR_2_190,
,,RP,HOLD,PD_2,VMR_2_191,
,,RWP,HOLD,PD_2,VMR_2_192,
,,RP,HOLD,PD_2,VMR_2_193,
,,RXP,HOLD,PD_2,VMR_2_194,
,,RP,HOLD,PD_2,VMR_2_195,
,,P,HOLD,PD_2,VMR_2_196,
,,RP,HOLD,PD_2,VMR_2_197,
,,RWP,HOLD,PD_2,VMR_2_198,
,,RWP,HOLD,PD_2,VMR_2_199,
,,RP,HOLD,PD_2,VMR_2_200,
,,RXP,HOLD,PD_2,VMR_2_201,
,,RP,HOLD,PD_2,VMR_2_202,
,,RP,HOLD,PD_2,VMR_2_203,
,,RWP,HOLD,PD_2,VMR_2_204,
,,RWP,HOLD,PD_2,VMR_2_205,
,,RP,HOLD,PD_2,VMR_2_206,
,,RXP,HOLD,PD_2,VMR_2_207,
,,RP,HOLD,PD_2,VMR_2_208,
,,RP,HOLD,PD_2,VMR_2_209,
,,RWP,HOLD,PD_2,VMR_2_210,
,,RP,HOLD,PD_2,VMR_2_211,
,,RXP,HOLD,PD_2,VMR_2_212,
,,RP,HOLD,PD_2,VMR_2_213,
,,RP,HOLD,PD_2,VMR_2_214,
,,RWP,HOLD,PD_2,VMR_2_215,
,,RP,HOLD,PD_2,VMR_2_216,
,,RXP,HOLD,PD_2,VMR_2_217,
,,RP,HOLD,PD_2,VMR_2_218,
,,RP,HOLD,PD_2,VMR_2_219,
,,RWP,HOLD,PD_2,VMR_2_220,
,,RWP,HOLD,PD_2,VMR_2_221,
,,RP,HOLD,PD_2,VMR_2_222,
,,RXP,HOLD,PD_2,VMR_2_223,
,,RP,HOLD,PD_2,VMR_2_224,
,,RP,HOLD,PD_2,VMR_2_225,
,,RWP,HOLD,PD_2,VMR_2_226,
,,RWP,HOLD,PD_2,VMR_2_227,
,,RP,HOLD,PD_2,VMR_2_228,
,,RXP,HOLD,PD_2,VMR_2_229,
,,XP,HOLD,PD_2,VMR_2_230,
,,NONE,MAP,VMR_SPACE_2,MO_SPACE_1,
,,NONE,SUBSET,VMR_2_1,VMR_SPACE_2,
,,NONE,MAP,VMR_2_1,MO_1_184,
,,NONE,MAP,VMR_2_1,MO_1_173,
,,NONE,MAP,VMR_2_1,MO_1_246,
,,NONE,MAP,VMR_2_1,MO_1_247,
,,NONE,MAP,VMR_2_1,MO_1_142,
,,NONE,MAP,VMR_2_1,MO_1_272,
,,NONE,SUBSET,VMR_2_2,VMR_SPACE_2,
,,NONE,MAP,VMR_2_2,MO_1_99,
,,NONE,MAP,VMR_2_2,MO_1_251,
,,NONE,MAP,VMR_2_2,MO_1_159,
,,NONE,MAP,VMR_2_2,MO_1_165,
,,NONE,MAP,VMR_2_2,MO_1_135,
,,NONE,MAP,VMR_2_2,MO_1_268,
,,NONE,MAP,VMR_2_2,MO_1_232,
,,NONE,MAP,VMR_2_2,MO_1_90,
,,NONE,MAP,VMR_2_2,MO_1_263,
,,NONE,MAP,VMR_2_2,MO_1_91,
,,NONE,MAP,VMR_2_2,MO_1_83,
,,NONE,MAP,VMR_2_2,MO_1_277,
,,NONE,MAP,VMR_2_2,MO_1_190,
,,NONE,MAP,VMR_2_2,MO_1_197,
,,NONE,MAP,VMR_2_2,MO_1_107,
,,NONE,MAP,VMR_2_2,MO_1_86,
,,NONE,MAP,VMR_2_2,MO_1_124,
,,NONE,MAP,VMR_2_2,MO_1_265,
,,NONE,MAP,VMR_2_2,MO_1_110,
,,NONE,MAP,VMR_2_2,MO_1_219,
,,NONE,MAP,VMR_2_2,MO_1_125,
,,NONE,MAP,VMR_2_2,MO_1_275,
,,NONE,MAP,VMR_2_2,MO_1_196,
,,NONE,MAP,VMR_2_2,MO_1_101,
,,NONE,MAP,VMR_2_2,MO_1_261,
,,NONE,MAP,VMR_2_2,MO_1_100,
,,NONE,MAP,VMR_2_2,MO_1_117,
,,NONE,MAP,VMR_2_2,MO_1_126,
,,NONE,MAP,VMR_2_2,MO_1_215,
,,NONE,MAP,VMR_2_2,MO_1_171,
,,NONE,MAP,VMR_2_2,MO_1_163,
,,NONE,MAP,VMR_2_2,MO_1_183,
,,NONE,MAP,VMR_2_2,MO_1_145,
,,NONE,MAP,VMR_2_2,MO_1_235,
,,NONE,MAP,VMR_2_2,MO_1_238,
,,NONE,MAP,VMR_2_2,MO_1_188,
,,NONE,SUBSET,VMR_2_3,VMR_SPACE_2,
,,NONE,MAP,VMR_2_3,MO_1_271,
,,NONE,MAP,VMR_2_3,MO_1_259,
,,NONE,MAP,VMR_2_3,MO_1_189,
,,NONE,MAP,VMR_2_3,MO_1_241,
,,NONE,MAP,VMR_2_3,MO_1_240,
,,NONE,MAP,VMR_2_3,MO_1_174,
,,NONE,MAP,VMR_2_3,MO_1_237,
,,NONE,MAP,VMR_2_3,MO_1_242,
,,NONE,MAP,VMR_2_3,MO_1_234,
,,NONE,MAP,VMR_2_3,MO_1_239,
,,NONE,MAP,VMR_2_3,MO_1_221,
,,NONE,SUBSET,VMR_2_4,VMR_SPACE_2,
,,NONE,MAP,VMR_2_4,MO_1_438,
,,NONE,MAP,VMR_2_4,MO_1_525,
,,NONE,SUBSET,VMR_2_5,VMR_SPACE_2,
,,NONE,MAP,VMR_2_5,MO_1_325,
,,NONE,MAP,VMR_2_5,MO_1_454,
,,NONE,SUBSET,VMR_2_6,VMR_SPACE_2,
,,NONE,MAP,VMR_2_6,MO_1_333,
,,NONE,MAP,VMR_2_6,MO_1_613,
,,NONE,SUBSET,VMR_2_7,VMR_SPACE_2,
,,NONE,MAP,VMR_2_7,MO_1_444,
,,NONE,MAP,VMR_2_7,MO_1_435,
,,NONE,MAP,VMR_2_7,MO_1_478,
,,NONE,MAP,VMR_2_7,MO_1_289,
,,NONE,MAP,VMR_2_7,MO_1_451,
,,NONE,MAP,VMR_2_7,MO_1_452,
,,NONE,MAP,VMR_2_7,MO_1_351,
,,NONE,MAP,VMR_2_7,MO_1_422,
,,NONE,MAP,VMR_2_7,MO_1_359,
,,NONE,MAP,VMR_2_7,MO_1_300,
,,NONE,MAP,VMR_2_7,MO_1_298,
,,NONE,MAP,VMR_2_7,MO_1_450,
,,NONE,MAP,VMR_2_7,MO_1_496,
,,NONE,MAP,VMR_2_7,MO_1_516,
,,NONE,MAP,VMR_2_7,MO_1_395,
,,NONE,MAP,VMR_2_7,MO_1_520,
,,NONE,MAP,VMR_2_7,MO_1_461,
,,NONE,MAP,VMR_2_7,MO_1_302,
,,NONE,MAP,VMR_2_7,MO_1_285,
,,NONE,MAP,VMR_2_7,MO_1_500,
,,NONE,MAP,VMR_2_7,MO_1_344,
,,NONE,MAP,VMR_2_7,MO_1_494,
,,NONE,MAP,VMR_2_7,MO_1_453,
,,NONE,MAP,VMR_2_7,MO_1_393,
,,NONE,MAP,VMR_2_7,MO_1_336,
,,NONE,MAP,VMR_2_7,MO_1_320,
,,NONE,MAP,VMR_2_7,MO_1_405,
,,NONE,MAP,VMR_2_7,MO_1_448,
,,NONE,MAP,VMR_2_7,MO_1_441,
,,NONE,MAP,VMR_2_7,MO_1_82,
,,NONE,MAP,VMR_2_7,MO_1_419,
,,NONE,MAP,VMR_2_7,MO_1_330,
,,NONE,MAP,VMR_2_7,MO_1_503,
,,NONE,MAP,VMR_2_7,MO_1_418,
,,NONE,MAP,VMR_2_7,MO_1_443,
,,NONE,MAP,VMR_2_7,MO_1_483,
,,NONE,MAP,VMR_2_7,MO_1_284,
,,NONE,MAP,VMR_2_7,MO_1_501,
,,NONE,MAP,VMR_2_7,MO_1_321,
,,NONE,MAP,VMR_2_7,MO_1_362,
,,NONE,MAP,VMR_2_7,MO_1_511,
,,NONE,MAP,VMR_2_7,MO_1_524,
,,NONE,MAP,VMR_2_7,MO_1_332,
,,NONE,MAP,VMR_2_7,MO_1_519,
,,NONE,MAP,VMR_2_7,MO_1_373,
,,NONE,MAP,VMR_2_7,MO_1_521,
,,NONE,MAP,VMR_2_7,MO_1_517,
,,NONE,MAP,VMR_2_7,MO_1_396,
,,NONE,MAP,VMR_2_7,MO_1_394,
,,NONE,MAP,VMR_2_7,MO_1_343,
,,NONE,MAP,VMR_2_7,MO_1_399,
,,NONE,SUBSET,VMR_2_8,VMR_SPACE_2,
,,NONE,MAP,VMR_2_8,MO_1_64,
,,NONE,MAP,VMR_2_8,MO_1_65,
,,NONE,SUBSET,VMR_2_9,VMR_SPACE_2,
,,NONE,MAP,VMR_2_9,MO_1_66,
,,NONE,SUBSET,VMR_2_10,VMR_SPACE_2,
,,NONE,SUBSET,VMR_2_11,VMR_SPACE_2,
,,NONE,SUBSET,VMR_2_12,VMR_SPACE_2,
,,NONE,MAP,VMR_2_12,MO_1_377,
,,NONE,MAP,VMR_2_12,MO_1_486,
,,NONE,MAP,VMR_2_12,MO_1_469,
,,NONE,MAP,VMR_2_12,MO_1_365,
,,NONE,MAP,VMR_2_12,MO_1_348,
,,NONE,SUBSET,VMR_2_13,VMR_SPACE_2,
,,NONE,MAP,VMR_2_13,MO_1_357,
,,NONE,SUBSET,VMR_2_14,VMR_SPACE_2,
,,NONE,SUBSET,VMR_2_15,VMR_SPACE_2,
,,NONE,MAP,VMR_2_15,MO_1_74,
,,NONE,SUBSET,VMR_2_16,VMR_SPACE_2,
,,NONE,MAP,VMR_2_16,MO_1_75,
,,NONE,SUBSET,VMR_2_17,VMR_SPACE_2,
,,NONE,SUBSET,VMR_2_18,VMR_SPACE_2,
,,NONE,SUBSET,VMR_2_19,VMR_SPACE_2,
,,NONE,MAP,VMR_2_19,MO_1_331,
,,NONE,SUBSET,VMR_2_20,VMR_SPACE_2,
,,NONE,MAP,VMR_2_20,MO_1_287,
,,NONE,SUBSET,VMR_2_21,VMR_SPACE_2,
,,NONE,SUBSET,VMR_2_22,VMR_SPACE_2,
,,NONE,MAP,VMR_2_22,MO_1_71,
,,NONE,SUBSET,VMR_2_23,VMR_SPACE_2,
,,NONE,MAP,VMR_2_23,MO_1_72,
,,NONE,MAP,VMR_2_23,MO_1_73,
,,NONE,SUBSET,VMR_2_24,VMR_SPACE_2,
,,NONE,SUBSET,VMR_2_25,VMR_SPACE_2,
,,NONE,MAP,VMR_2_25,MO_1_526,
,,NONE,SUBSET,VMR_2_26,VMR_SPACE_2,
,,NONE,MAP,VMR_2_26,MO_1_363,
,,NONE,SUBSET,VMR_2_27,VMR_SPACE_2,
,,NONE,MAP,VMR_2_27,MO_1_736,
,,NONE,SUBSET,VMR_2_28,VMR_SPACE_2,
,,NONE,MAP,VMR_2_28,MO_1_67,
,,NONE,SUBSET,VMR_2_29,VMR_SPACE_2,
,,NONE,MAP,VMR_2_29,MO_1_68,
,,NONE,SUBSET,VMR_2_30,VMR_SPACE_2,
,,NONE,SUBSET,VMR_2_31,VMR_SPACE_2,
,,NONE,MAP,VMR_2_31,MO_1_312,
,,NONE,SUBSET,VMR_2_32,VMR_SPACE_2,
,,NONE,MAP,VMR_2_32,MO_1_515,
,,NONE,SUBSET,VMR_2_33,VMR_SPACE_2,
,,NONE,MAP,VMR_2_33,MO_1_76,
,,NONE,SUBSET,VMR_2_34,VMR_SPACE_2,
,,NONE,MAP,VMR_2_34,MO_1_77,
,,NONE,MAP,VMR_2_34,MO_1_78,
,,NONE,SUBSET,VMR_2_35,VMR_SPACE_2,
,,NONE,SUBSET,VMR_2_36,VMR_SPACE_2,
,,NONE,MAP,VMR_2_36,MO_1_460,
,,NONE,SUBSET,VMR_2_37,VMR_SPACE_2,
,,NONE,MAP,VMR_2_37,MO_1_476,
,,NONE,SUBSET,VMR_2_38,VMR_SPACE_2,
,,NONE,MAP,VMR_2_38,MO_1_69,
,,NONE,SUBSET,VMR_2_39,VMR_SPACE_2,
,,NONE,MAP,VMR_2_39,MO_1_70,
,,NONE,SUBSET,VMR_2_40,VMR_SPACE_2,
,,NONE,SUBSET,VMR_2_41,VMR_SPACE_2,
,,NONE,MAP,VMR_2_41,MO_1_465,
,,NONE,SUBSET,VMR_2_42,VMR_SPACE_2,
,,NONE,MAP,VMR_2_42,MO_1_370,
,,NONE,SUBSET,VMR_2_43,VMR_SPACE_2,
,,NONE,MAP,VMR_2_43,MO_1_61,
,,NONE,SUBSET,VMR_2_44,VMR_SPACE_2,
,,NONE,MAP,VMR_2_44,MO_1_62,
,,NONE,SUBSET,VMR_2_45,VMR_SPACE_2,
,,NONE,MAP,VMR_2_45,MO_1_63,
,,NONE,SUBSET,VMR_2_46,VMR_SPACE_2,
,,NONE,MAP,VMR_2_46,MO_1_425,
,,NONE,SUBSET,VMR_2_47,VMR_SPACE_2,
,,NONE,MAP,VMR_2_47,MO_1_499,
,,NONE,SUBSET,VMR_2_48,VMR_SPACE_2,
,,NONE,MAP,VMR_2_48,MO_1_5,
,,NONE,MAP,VMR_2_48,MO_1_711,
,,NONE,SUBSET,VMR_2_49,VMR_SPACE_2,
,,NONE,MAP,VMR_2_49,MO_1_672,
,,NONE,MAP,VMR_2_49,MO_1_695,
,,NONE,MAP,VMR_2_49,MO_1_675,
,,NONE,MAP,VMR_2_49,MO_1_678,
,,NONE,MAP,VMR_2_49,MO_1_677,
,,NONE,SUBSET,VMR_2_50,VMR_SPACE_2,
,,NONE,SUBSET,VMR_2_51,VMR_SPACE_2,
,,NONE,SUBSET,VMR_2_52,VMR_SPACE_2,
,,NONE,MAP,VMR_2_52,MO_1_368,
,,NONE,SUBSET,VMR_2_53,VMR_SPACE_2,
,,NONE,MAP,VMR_2_53,MO_1_455,
,,NONE,SUBSET,VMR_2_54,VMR_SPACE_2,
,,NONE,SUBSET,VMR_2_55,VMR_SPACE_2,
,,NONE,MAP,VMR_2_55,MO_1_707,
,,NONE,MAP,VMR_2_55,MO_1_16,
,,NONE,MAP,VMR_2_55,MO_1_3,
,,NONE,MAP,VMR_2_55,MO_1_712,
,,NONE,MAP,VMR_2_55,MO_1_685,
,,NONE,MAP,VMR_2_55,MO_1_38,
,,NONE,MAP,VMR_2_55,MO_1_704,
,,NONE,MAP,VMR_2_55,MO_1_702,
,,NONE,MAP,VMR_2_55,MO_1_705,
,,NONE,MAP,VMR_2_55,MO_1_4,
,,NONE,MAP,VMR_2_55,MO_1_684,
,,NONE,SUBSET,VMR_2_56,VMR_SPACE_2,
,,NONE,MAP,VMR_2_56,MO_1_679,
,,NONE,MAP,VMR_2_56,MO_1_10,
,,NONE,MAP,VMR_2_56,MO_1_680,
,,NONE,MAP,VMR_2_56,MO_1_698,
,,NONE,MAP,VMR_2_56,MO_1_697,
,,NONE,SUBSET,VMR_2_57,VMR_SPACE_2,
,,NONE,SUBSET,VMR_2_58,VMR_SPACE_2,
,,NONE,SUBSET,VMR_2_59,VMR_SPACE_2,
,,NONE,MAP,VMR_2_59,MO_1_439,
,,NONE,MAP,VMR_2_59,MO_1_426,
,,NONE,MAP,VMR_2_59,MO_1_430,
,,NONE,MAP,VMR_2_59,MO_1_513,
,,NONE,MAP,VMR_2_59,MO_1_369,
,,NONE,MAP,VMR_2_59,MO_1_391,
,,NONE,MAP,VMR_2_59,MO_1_309,
,,NONE,MAP,VMR_2_59,MO_1_456,
,,NONE,MAP,VMR_2_59,MO_1_479,
,,NONE,MAP,VMR_2_59,MO_1_508,
,,NONE,MAP,VMR_2_59,MO_1_372,
,,NONE,MAP,VMR_2_59,MO_1_361,
,,NONE,MAP,VMR_2_59,MO_1_522,
,,NONE,SUBSET,VMR_2_60,VMR_SPACE_2,
,,NONE,MAP,VMR_2_60,MO_1_306,
,,NONE,MAP,VMR_2_60,MO_1_409,
,,NONE,SUBSET,VMR_2_61,VMR_SPACE_2,
,,NONE,MAP,VMR_2_61,MO_1_25,
,,NONE,MAP,VMR_2_61,MO_1_687,
,,NONE,MAP,VMR_2_61,MO_1_700,
,,NONE,MAP,VMR_2_61,MO_1_741,
,,NONE,MAP,VMR_2_61,MO_1_699,
,,NONE,MAP,VMR_2_61,MO_1_18,
,,NONE,MAP,VMR_2_61,MO_1_739,
,,NONE,MAP,VMR_2_61,MO_1_745,
,,NONE,MAP,VMR_2_61,MO_1_691,
,,NONE,SUBSET,VMR_2_62,VMR_SPACE_2,
,,NONE,MAP,VMR_2_62,MO_1_670,
,,NONE,MAP,VMR_2_62,MO_1_742,
,,NONE,MAP,VMR_2_62,MO_1_750,
,,NONE,MAP,VMR_2_62,MO_1_713,
,,NONE,MAP,VMR_2_62,MO_1_716,
,,NONE,MAP,VMR_2_62,MO_1_706,
,,NONE,MAP,VMR_2_62,MO_1_715,
,,NONE,MAP,VMR_2_62,MO_1_23,
,,NONE,MAP,VMR_2_62,MO_1_20,
,,NONE,MAP,VMR_2_62,MO_1_19,
,,NONE,MAP,VMR_2_62,MO_1_22,
,,NONE,MAP,VMR_2_62,MO_1_816,
,,NONE,MAP,VMR_2_62,MO_1_709,
,,NONE,MAP,VMR_2_62,MO_1_708,
,,NONE,MAP,VMR_2_62,MO_1_714,
,,NONE,SUBSET,VMR_2_63,VMR_SPACE_2,
,,NONE,SUBSET,VMR_2_64,VMR_SPACE_2,
,,NONE,SUBSET,VMR_2_65,VMR_SPACE_2,
,,NONE,MAP,VMR_2_65,MO_1_489,
,,NONE,MAP,VMR_2_65,MO_1_424,
,,NONE,SUBSET,VMR_2_66,VMR_SPACE_2,
,,NONE,MAP,VMR_2_66,MO_1_390,
,,NONE,MAP,VMR_2_66,MO_1_482,
,,NONE,SUBSET,VMR_2_67,VMR_SPACE_2,
,,NONE,MAP,VMR_2_67,MO_1_721,
,,NONE,MAP,VMR_2_67,MO_1_602,
,,NONE,MAP,VMR_2_67,MO_1_530,
,,NONE,MAP,VMR_2_67,MO_1_582,
,,NONE,MAP,VMR_2_67,MO_1_752,
,,NONE,MAP,VMR_2_67,MO_1_598,
,,NONE,SUBSET,VMR_2_68,VMR_SPACE_2,
,,NONE,MAP,VMR_2_68,MO_1_601,
,,NONE,MAP,VMR_2_68,MO_1_1015,
,,NONE,MAP,VMR_2_68,MO_1_600,
,,NONE,MAP,VMR_2_68,MO_1_599,
,,NONE,MAP,VMR_2_68,MO_1_718,
,,NONE,MAP,VMR_2_68,MO_1_640,
,,NONE,MAP,VMR_2_68,MO_1_719,
,,NONE,MAP,VMR_2_68,MO_1_1041,
,,NONE,MAP,VMR_2_68,MO_1_727,
,,NONE,MAP,VMR_2_68,MO_1_720,
,,NONE,MAP,VMR_2_68,MO_1_635,
,,NONE,MAP,VMR_2_68,MO_1_603,
,,NONE,MAP,VMR_2_68,MO_1_922,
,,NONE,MAP,VMR_2_68,MO_1_1039,
,,NONE,MAP,VMR_2_68,MO_1_744,
,,NONE,MAP,VMR_2_68,MO_1_726,
,,NONE,MAP,VMR_2_68,MO_1_634,
,,NONE,MAP,VMR_2_68,MO_1_730,
,,NONE,MAP,VMR_2_68,MO_1_732,
,,NONE,MAP,VMR_2_68,MO_1_761,
,,NONE,MAP,VMR_2_68,MO_1_787,
,,NONE,MAP,VMR_2_68,MO_1_756,
,,NONE,MAP,VMR_2_68,MO_1_731,
,,NONE,MAP,VMR_2_68,MO_1_811,
,,NONE,MAP,VMR_2_68,MO_1_751,
,,NONE,MAP,VMR_2_68,MO_1_1040,
,,NONE,MAP,VMR_2_68,MO_1_723,
,,NONE,MAP,VMR_2_68,MO_1_725,
,,NONE,MAP,VMR_2_68,MO_1_794,
,,NONE,MAP,VMR_2_68,MO_1_743,
,,NONE,MAP,VMR_2_68,MO_1_728,
,,NONE,MAP,VMR_2_68,MO_1_717,
,,NONE,MAP,VMR_2_68,MO_1_740,
,,NONE,MAP,VMR_2_68,MO_1_1045,
,,NONE,MAP,VMR_2_68,MO_1_812,
,,NONE,MAP,VMR_2_68,MO_1_738,
,,NONE,MAP,VMR_2_68,MO_1_1071,
,,NONE,MAP,VMR_2_68,MO_1_747,
,,NONE,MAP,VMR_2_68,MO_1_735,
,,NONE,MAP,VMR_2_68,MO_1_813,
,,NONE,MAP,VMR_2_68,MO_1_733,
,,NONE,MAP,VMR_2_68,MO_1_729,
,,NONE,MAP,VMR_2_68,MO_1_724,
,,NONE,MAP,VMR_2_68,MO_1_755,
,,NONE,MAP,VMR_2_68,MO_1_746,
,,NONE,MAP,VMR_2_68,MO_1_793,
,,NONE,MAP,VMR_2_68,MO_1_792,
,,NONE,MAP,VMR_2_68,MO_1_795,
,,NONE,MAP,VMR_2_68,MO_1_791,
,,NONE,MAP,VMR_2_68,MO_1_790,
,,NONE,SUBSET,VMR_2_69,VMR_SPACE_2,
,,NONE,MAP,VMR_2_69,MO_1_806,
,,NONE,MAP,VMR_2_69,MO_1_722,
,,NONE,MAP,VMR_2_69,MO_1_762,
,,NONE,MAP,VMR_2_69,MO_1_924,
,,NONE,MAP,VMR_2_69,MO_1_737,
,,NONE,MAP,VMR_2_69,MO_1_734,
,,NONE,MAP,VMR_2_69,MO_1_641,
,,NONE,MAP,VMR_2_69,MO_1_923,
,,NONE,MAP,VMR_2_69,MO_1_921,
,,NONE,MAP,VMR_2_69,MO_1_1010,
,,NONE,MAP,VMR_2_69,MO_1_612,
,,NONE,MAP,VMR_2_69,MO_1_968,
,,NONE,MAP,VMR_2_69,MO_1_665,
,,NONE,MAP,VMR_2_69,MO_1_642,
,,NONE,MAP,VMR_2_69,MO_1_925,
,,NONE,SUBSET,VMR_2_70,VMR_SPACE_2,
,,NONE,MAP,VMR_2_70,MO_1_423,
,,NONE,MAP,VMR_2_70,MO_1_413,
,,NONE,MAP,VMR_2_70,MO_1_404,
,,NONE,MAP,VMR_2_70,MO_1_436,
,,NONE,SUBSET,VMR_2_71,VMR_SPACE_2,
,,NONE,MAP,VMR_2_71,MO_1_358,
,,NONE,SUBSET,VMR_2_72,VMR_SPACE_2,
,,NONE,MAP,VMR_2_72,MO_1_956,
,,NONE,MAP,VMR_2_72,MO_1_1042,
,,NONE,MAP,VMR_2_72,MO_1_554,
,,NONE,MAP,VMR_2_72,MO_1_851,
,,NONE,MAP,VMR_2_72,MO_1_844,
,,NONE,MAP,VMR_2_72,MO_1_853,
,,NONE,MAP,VMR_2_72,MO_1_852,
,,NONE,MAP,VMR_2_72,MO_1_854,
,,NONE,MAP,VMR_2_72,MO_1_616,
,,NONE,MAP,VMR_2_72,MO_1_855,
,,NONE,MAP,VMR_2_72,MO_1_666,
,,NONE,MAP,VMR_2_72,MO_1_964,
,,NONE,MAP,VMR_2_72,MO_1_623,
,,NONE,MAP,VMR_2_72,MO_1_622,
,,NONE,MAP,VMR_2_72,MO_1_621,
,,NONE,MAP,VMR_2_72,MO_1_856,
,,NONE,MAP,VMR_2_72,MO_1_867,
,,NONE,MAP,VMR_2_72,MO_1_620,
,,NONE,MAP,VMR_2_72,MO_1_881,
,,NONE,MAP,VMR_2_72,MO_1_868,
,,NONE,MAP,VMR_2_72,MO_1_869,
,,NONE,MAP,VMR_2_72,MO_1_850,
,,NONE,MAP,VMR_2_72,MO_1_870,
,,NONE,MAP,VMR_2_72,MO_1_848,
,,NONE,MAP,VMR_2_72,MO_1_871,
,,NONE,MAP,VMR_2_72,MO_1_550,
,,NONE,MAP,VMR_2_72,MO_1_552,
,,NONE,MAP,VMR_2_72,MO_1_872,
,,NONE,MAP,VMR_2_72,MO_1_536,
,,NONE,MAP,VMR_2_72,MO_1_857,
,,NONE,MAP,VMR_2_72,MO_1_578,
,,NONE,MAP,VMR_2_72,MO_1_537,
,,NONE,MAP,VMR_2_72,MO_1_579,
,,NONE,MAP,VMR_2_72,MO_1_1114,
,,NONE,MAP,VMR_2_72,MO_1_617,
,,NONE,MAP,VMR_2_72,MO_1_873,
,,NONE,MAP,VMR_2_72,MO_1_874,
,,NONE,MAP,VMR_2_72,MO_1_618,
,,NONE,MAP,VMR_2_72,MO_1_858,
,,NONE,MAP,VMR_2_72,MO_1_558,
,,NONE,MAP,VMR_2_72,MO_1_875,
,,NONE,MAP,VMR_2_72,MO_1_619,
,,NONE,MAP,VMR_2_72,MO_1_876,
,,NONE,MAP,VMR_2_72,MO_1_628,
,,NONE,MAP,VMR_2_72,MO_1_878,
,,NONE,MAP,VMR_2_72,MO_1_879,
,,NONE,MAP,VMR_2_72,MO_1_541,
,,NONE,MAP,VMR_2_72,MO_1_861,
,,NONE,MAP,VMR_2_72,MO_1_542,
,,NONE,MAP,VMR_2_72,MO_1_862,
,,NONE,MAP,VMR_2_72,MO_1_1037,
,,NONE,MAP,VMR_2_72,MO_1_963,
,,NONE,MAP,VMR_2_72,MO_1_880,
,,NONE,MAP,VMR_2_72,MO_1_846,
,,NONE,MAP,VMR_2_72,MO_1_847,
,,NONE,MAP,VMR_2_72,MO_1_957,
,,NONE,MAP,VMR_2_72,MO_1_543,
,,NONE,MAP,VMR_2_72,MO_1_590,
,,NONE,MAP,VMR_2_72,MO_1_540,
,,NONE,MAP,VMR_2_72,MO_1_587,
,,NONE,MAP,VMR_2_72,MO_1_588,
,,NONE,MAP,VMR_2_72,MO_1_586,
,,NONE,MAP,VMR_2_72,MO_1_544,
,,NONE,MAP,VMR_2_72,MO_1_863,
,,NONE,MAP,VMR_2_72,MO_1_864,
,,NONE,MAP,VMR_2_72,MO_1_1038,
,,NONE,MAP,VMR_2_72,MO_1_1102,
,,NONE,MAP,VMR_2_72,MO_1_1047,
,,NONE,MAP,VMR_2_72,MO_1_551,
,,NONE,MAP,VMR_2_72,MO_1_877,
,,NONE,MAP,VMR_2_72,MO_1_845,
,,NONE,MAP,VMR_2_72,MO_1_958,
,,NONE,MAP,VMR_2_72,MO_1_625,
,,NONE,MAP,VMR_2_72,MO_1_592,
,,NONE,MAP,VMR_2_72,MO_1_859,
,,NONE,MAP,VMR_2_72,MO_1_539,
,,NONE,MAP,VMR_2_72,MO_1_860,
,,NONE,MAP,VMR_2_72,MO_1_538,
,,NONE,MAP,VMR_2_72,MO_1_849,
,,NONE,MAP,VMR_2_72,MO_1_624,
,,NONE,MAP,VMR_2_72,MO_1_626,
,,NONE,MAP,VMR_2_72,MO_1_1113,
,,NONE,MAP,VMR_2_72,MO_1_627,
,,NONE,SUBSET,VMR_2_73,VMR_SPACE_2,
,,NONE,MAP,VMR_2_73,MO_1_48,
,,NONE,SUBSET,VMR_2_74,VMR_SPACE_2,
,,NONE,MAP,VMR_2_74,MO_1_49,
,,NONE,SUBSET,VMR_2_75,VMR_SPACE_2,
,,NONE,MAP,VMR_2_75,MO_1_50,
,,NONE,SUBSET,VMR_2_76,VMR_SPACE_2,
,,NONE,MAP,VMR_2_76,MO_1_297,
,,NONE,SUBSET,VMR_2_77,VMR_SPACE_2,
,,NONE,MAP,VMR_2_77,MO_1_442,
,,NONE,SUBSET,VMR_2_78,VMR_SPACE_2,
,,NONE,MAP,VMR_2_78,MO_1_652,
,,NONE,MAP,VMR_2_78,MO_1_650,
,,NONE,SUBSET,VMR_2_79,VMR_SPACE_2,
,,NONE,MAP,VMR_2_79,MO_1_651,
,,NONE,MAP,VMR_2_79,MO_1_814,
,,NONE,MAP,VMR_2_79,MO_1_545,
,,NONE,SUBSET,VMR_2_80,VMR_SPACE_2,
,,NONE,SUBSET,VMR_2_81,VMR_SPACE_2,
,,NONE,MAP,VMR_2_81,MO_1_283,
,,NONE,SUBSET,VMR_2_82,VMR_SPACE_2,
,,NONE,MAP,VMR_2_82,MO_1_504,
,,NONE,SUBSET,VMR_2_83,VMR_SPACE_2,
,,NONE,MAP,VMR_2_83,MO_1_686,
,,NONE,MAP,VMR_2_83,MO_1_682,
,,NONE,SUBSET,VMR_2_84,VMR_SPACE_2,
,,NONE,MAP,VMR_2_84,MO_1_683,
,,NONE,MAP,VMR_2_84,MO_1_11,
,,NONE,MAP,VMR_2_84,MO_1_694,
,,NONE,MAP,VMR_2_84,MO_1_14,
,,NONE,MAP,VMR_2_84,MO_1_2,
,,NONE,MAP,VMR_2_84,MO_1_8,
,,NONE,MAP,VMR_2_84,MO_1_673,
,,NONE,MAP,VMR_2_84,MO_1_39,
,,NONE,MAP,VMR_2_84,MO_1_7,
,,NONE,SUBSET,VMR_2_85,VMR_SPACE_2,
,,NONE,SUBSET,VMR_2_86,VMR_SPACE_2,
,,NONE,MAP,VMR_2_86,MO_1_417,
,,NONE,SUBSET,VMR_2_87,VMR_SPACE_2,
,,NONE,MAP,VMR_2_87,MO_1_293,
,,NONE,SUBSET,VMR_2_88,VMR_SPACE_2,
,,NONE,SUBSET,VMR_2_89,VMR_SPACE_2,
,,NONE,MAP,VMR_2_89,MO_1_21,
,,NONE,MAP,VMR_2_89,MO_1_15,
,,NONE,MAP,VMR_2_89,MO_1_33,
,,NONE,SUBSET,VMR_2_90,VMR_SPACE_2,
,,NONE,MAP,VMR_2_90,MO_1_690,
,,NONE,MAP,VMR_2_90,MO_1_37,
,,NONE,MAP,VMR_2_90,MO_1_17,
,,NONE,MAP,VMR_2_90,MO_1_24,
,,NONE,MAP,VMR_2_90,MO_1_676,
,,NONE,SUBSET,VMR_2_91,VMR_SPACE_2,
,,NONE,SUBSET,VMR_2_92,VMR_SPACE_2,
,,NONE,SUBSET,VMR_2_93,VMR_SPACE_2,
,,NONE,MAP,VMR_2_93,MO_1_492,
,,NONE,SUBSET,VMR_2_94,VMR_SPACE_2,
,,NONE,MAP,VMR_2_94,MO_1_342,
,,NONE,SUBSET,VMR_2_95,VMR_SPACE_2,
,,NONE,MAP,VMR_2_95,MO_1_810,
,,NONE,MAP,VMR_2_95,MO_1_830,
,,NONE,SUBSET,VMR_2_96,VMR_SPACE_2,
,,NONE,MAP,VMR_2_96,MO_1_831,
,,NONE,MAP,VMR_2_96,MO_1_663,
,,NONE,MAP,VMR_2_96,MO_1_798,
,,NONE,MAP,VMR_2_96,MO_1_754,
,,NONE,MAP,VMR_2_96,MO_1_647,
,,NONE,SUBSET,VMR_2_97,VMR_SPACE_2,
,,NONE,SUBSET,VMR_2_98,VMR_SPACE_2,
,,NONE,SUBSET,VMR_2_99,VMR_SPACE_2,
,,NONE,MAP,VMR_2_99,MO_1_381,
,,NONE,SUBSET,VMR_2_100,VMR_SPACE_2,
,,NONE,MAP,VMR_2_100,MO_1_388,
,,NONE,SUBSET,VMR_2_101,VMR_SPACE_2,
,,NONE,SUBSET,VMR_2_102,VMR_SPACE_2,
,,NONE,MAP,VMR_2_102,MO_1_568,
,,NONE,MAP,VMR_2_102,MO_1_1129,
,,NONE,MAP,VMR_2_102,MO_1_961,
,,NONE,MAP,VMR_2_102,MO_1_912,
,,NONE,MAP,VMR_2_102,MO_1_1029,
,,NONE,MAP,VMR_2_102,MO_1_1134,
,,NONE,MAP,VMR_2_102,MO_1_952,
,,NONE,MAP,VMR_2_102,MO_1_913,
,,NONE,MAP,VMR_2_102,MO_1_895,
,,NONE,MAP,VMR_2_102,MO_1_937,
,,NONE,MAP,VMR_2_102,MO_1_936,
,,NONE,MAP,VMR_2_102,MO_1_902,
,,NONE,MAP,VMR_2_102,MO_1_531,
,,NONE,MAP,VMR_2_102,MO_1_1131,
,,NONE,MAP,VMR_2_102,MO_1_643,
,,NONE,MAP,VMR_2_102,MO_1_614,
,,NONE,MAP,VMR_2_102,MO_1_1130,
,,NONE,MAP,VMR_2_102,MO_1_615,
,,NONE,MAP,VMR_2_102,MO_1_644,
,,NONE,MAP,VMR_2_102,MO_1_1074,
,,NONE,MAP,VMR_2_102,MO_1_645,
,,NONE,MAP,VMR_2_102,MO_1_570,
,,NONE,MAP,VMR_2_102,MO_1_1079,
,,NONE,MAP,VMR_2_102,MO_1_571,
,,NONE,MAP,VMR_2_102,MO_1_557,
,,NONE,MAP,VMR_2_102,MO_1_1080,
,,NONE,SUBSET,VMR_2_103,VMR_SPACE_2,
,,NONE,MAP,VMR_2_103,MO_1_1081,
,,NONE,MAP,VMR_2_103,MO_1_556,
,,NONE,MAP,VMR_2_103,MO_1_555,
,,NONE,MAP,VMR_2_103,MO_1_1048,
,,NONE,MAP,VMR_2_103,MO_1_903,
,,NONE,MAP,VMR_2_103,MO_1_918,
,,NONE,MAP,VMR_2_103,MO_1_915,
,,NONE,MAP,VMR_2_103,MO_1_904,
,,NONE,MAP,VMR_2_103,MO_1_927,
,,NONE,MAP,VMR_2_103,MO_1_926,
,,NONE,MAP,VMR_2_103,MO_1_916,
,,NONE,MAP,VMR_2_103,MO_1_905,
,,NONE,MAP,VMR_2_103,MO_1_896,
,,NONE,MAP,VMR_2_103,MO_1_906,
,,NONE,MAP,VMR_2_103,MO_1_917,
,,NONE,MAP,VMR_2_103,MO_1_1068,
,,NONE,MAP,VMR_2_103,MO_1_1067,
,,NONE,MAP,VMR_2_103,MO_1_1066,
,,NONE,MAP,VMR_2_103,MO_1_1065,
,,NONE,MAP,VMR_2_103,MO_1_1064,
,,NONE,MAP,VMR_2_103,MO_1_1063,
,,NONE,MAP,VMR_2_103,MO_1_1062,
,,NONE,MAP,VMR_2_103,MO_1_1061,
,,NONE,MAP,VMR_2_103,MO_1_1060,
,,NONE,MAP,VMR_2_103,MO_1_907,
,,NONE,MAP,VMR_2_103,MO_1_1059,
,,NONE,MAP,VMR_2_103,MO_1_908,
,,NONE,MAP,VMR_2_103,MO_1_1058,
,,NONE,MAP,VMR_2_103,MO_1_909,
,,NONE,MAP,VMR_2_103,MO_1_1057,
,,NONE,MAP,VMR_2_103,MO_1_910,
,,NONE,MAP,VMR_2_103,MO_1_1056,
,,NONE,MAP,VMR_2_103,MO_1_911,
,,NONE,MAP,VMR_2_103,MO_1_1055,
,,NONE,MAP,VMR_2_103,MO_1_962,
,,NONE,MAP,VMR_2_103,MO_1_884,
,,NONE,MAP,VMR_2_103,MO_1_883,
,,NONE,MAP,VMR_2_103,MO_1_885,
,,NONE,MAP,VMR_2_103,MO_1_818,
,,NONE,MAP,VMR_2_103,MO_1_817,
,,NONE,MAP,VMR_2_103,MO_1_815,
,,NONE,MAP,VMR_2_103,MO_1_660,
,,NONE,MAP,VMR_2_103,MO_1_819,
,,NONE,MAP,VMR_2_103,MO_1_646,
,,NONE,MAP,VMR_2_103,MO_1_1132,
,,NONE,MAP,VMR_2_103,MO_1_1084,
,,NONE,MAP,VMR_2_103,MO_1_1089,
,,NONE,MAP,VMR_2_103,MO_1_1077,
,,NONE,MAP,VMR_2_103,MO_1_1008,
,,NONE,MAP,VMR_2_103,MO_1_1003,
,,NONE,MAP,VMR_2_103,MO_1_980,
,,NONE,MAP,VMR_2_103,MO_1_979,
,,NONE,MAP,VMR_2_103,MO_1_981,
,,NONE,MAP,VMR_2_103,MO_1_1036,
,,NONE,MAP,VMR_2_103,MO_1_1021,
,,NONE,MAP,VMR_2_103,MO_1_1020,
,,NONE,MAP,VMR_2_103,MO_1_1017,
,,NONE,MAP,VMR_2_103,MO_1_1006,
,,NONE,MAP,VMR_2_103,MO_1_1004,
,,NONE,MAP,VMR_2_103,MO_1_999,
,,NONE,MAP,VMR_2_103,MO_1_1009,
,,NONE,MAP,VMR_2_103,MO_1_891,
,,NONE,MAP,VMR_2_103,MO_1_894,
,,NONE,MAP,VMR_2_103,MO_1_1032,
,,NONE,MAP,VMR_2_103,MO_1_1031,
,,NONE,MAP,VMR_2_103,MO_1_1033,
,,NONE,MAP,VMR_2_103,MO_1_1030,
,,NONE,MAP,VMR_2_103,MO_1_1034,
,,NONE,MAP,VMR_2_103,MO_1_892,
,,NONE,MAP,VMR_2_103,MO_1_1026,
,,NONE,MAP,VMR_2_103,MO_1_1028,
,,NONE,MAP,VMR_2_103,MO_1_1027,
,,NONE,MAP,VMR_2_103,MO_1_1025,
,,NONE,MAP,VMR_2_103,MO_1_997,
,,NONE,MAP,VMR_2_103,MO_1_1035,
,,NONE,MAP,VMR_2_103,MO_1_1024,
,,NONE,MAP,VMR_2_103,MO_1_992,
,,NONE,MAP,VMR_2_103,MO_1_996,
,,NONE,MAP,VMR_2_103,MO_1_994,
,,NONE,MAP,VMR_2_103,MO_1_1023,
,,NONE,MAP,VMR_2_103,MO_1_1016,
,,NONE,MAP,VMR_2_103,MO_1_993,
,,NONE,MAP,VMR_2_103,MO_1_998,
,,NONE,MAP,VMR_2_103,MO_1_1022,
,,NONE,MAP,VMR_2_103,MO_1_983,
,,NONE,MAP,VMR_2_103,MO_1_991,
,,NONE,MAP,VMR_2_103,MO_1_1000,
,,NONE,MAP,VMR_2_103,MO_1_1018,
,,NONE,MAP,VMR_2_103,MO_1_973,
,,NONE,MAP,VMR_2_103,MO_1_995,
,,NONE,MAP,VMR_2_103,MO_1_826,
,,NONE,MAP,VMR_2_103,MO_1_1005,
,,NONE,MAP,VMR_2_103,MO_1_982,
,,NONE,MAP,VMR_2_103,MO_1_1007,
,,NONE,MAP,VMR_2_103,MO_1_1019,
,,NONE,MAP,VMR_2_103,MO_1_824,
,,NONE,MAP,VMR_2_103,MO_1_974,
,,NONE,MAP,VMR_2_103,MO_1_975,
,,NONE,MAP,VMR_2_103,MO_1_977,
,,NONE,MAP,VMR_2_103,MO_1_985,
,,NONE,MAP,VMR_2_103,MO_1_978,
,,NONE,MAP,VMR_2_103,MO_1_986,
,,NONE,MAP,VMR_2_103,MO_1_976,
,,NONE,MAP,VMR_2_103,MO_1_1044,
,,NONE,MAP,VMR_2_103,MO_1_893,
,,NONE,MAP,VMR_2_103,MO_1_1002,
,,NONE,MAP,VMR_2_103,MO_1_1001,
,,NONE,MAP,VMR_2_103,MO_1_772,
,,NONE,MAP,VMR_2_103,MO_1_771,
,,NONE,MAP,VMR_2_103,MO_1_778,
,,NONE,MAP,VMR_2_103,MO_1_944,
,,NONE,MAP,VMR_2_103,MO_1_779,
,,NONE,MAP,VMR_2_103,MO_1_945,
,,NONE,MAP,VMR_2_103,MO_1_780,
,,NONE,MAP,VMR_2_103,MO_1_946,
,,NONE,MAP,VMR_2_103,MO_1_781,
,,NONE,MAP,VMR_2_103,MO_1_947,
,,NONE,MAP,VMR_2_103,MO_1_770,
,,NONE,MAP,VMR_2_103,MO_1_948,
,,NONE,MAP,VMR_2_103,MO_1_1070,
,,NONE,MAP,VMR_2_103,MO_1_949,
,,NONE,MAP,VMR_2_103,MO_1_929,
,,NONE,MAP,VMR_2_103,MO_1_960,
,,NONE,MAP,VMR_2_103,MO_1_769,
,,NONE,MAP,VMR_2_103,MO_1_950,
,,NONE,MAP,VMR_2_103,MO_1_605,
,,NONE,MAP,VMR_2_103,MO_1_822,
,,NONE,MAP,VMR_2_103,MO_1_799,
,,NONE,MAP,VMR_2_103,MO_1_577,
,,NONE,MAP,VMR_2_103,MO_1_763,
,,NONE,MAP,VMR_2_103,MO_1_1052,
,,NONE,MAP,VMR_2_103,MO_1_764,
,,NONE,MAP,VMR_2_103,MO_1_584,
,,NONE,MAP,VMR_2_103,MO_1_1083,
,,NONE,MAP,VMR_2_103,MO_1_938,
,,NONE,MAP,VMR_2_103,MO_1_934,
,,NONE,MAP,VMR_2_103,MO_1_939,
,,NONE,MAP,VMR_2_103,MO_1_932,
,,NONE,MAP,VMR_2_103,MO_1_940,
,,NONE,MAP,VMR_2_103,MO_1_785,
,,NONE,MAP,VMR_2_103,MO_1_784,
,,NONE,MAP,VMR_2_103,MO_1_941,
,,NONE,MAP,VMR_2_103,MO_1_1069,
,,NONE,MAP,VMR_2_103,MO_1_942,
,,NONE,MAP,VMR_2_103,MO_1_935,
,,NONE,MAP,VMR_2_103,MO_1_943,
,,NONE,MAP,VMR_2_103,MO_1_777,
,,NONE,MAP,VMR_2_103,MO_1_783,
,,NONE,MAP,VMR_2_103,MO_1_782,
,,NONE,MAP,VMR_2_103,MO_1_775,
,,NONE,MAP,VMR_2_103,MO_1_776,
,,NONE,MAP,VMR_2_103,MO_1_774,
,,NONE,MAP,VMR_2_103,MO_1_773,
,,NONE,MAP,VMR_2_103,MO_1_748,
,,NONE,MAP,VMR_2_103,MO_1_749,
,,NONE,MAP,VMR_2_103,MO_1_1075,
,,NONE,MAP,VMR_2_103,MO_1_954,
,,NONE,MAP,VMR_2_103,MO_1_1053,
,,NONE,MAP,VMR_2_103,MO_1_1133,
,,NONE,MAP,VMR_2_103,MO_1_1046,
,,NONE,MAP,VMR_2_103,MO_1_808,
,,NONE,MAP,VMR_2_103,MO_1_654,
,,NONE,MAP,VMR_2_103,MO_1_1078,
,,NONE,MAP,VMR_2_103,MO_1_800,
,,NONE,MAP,VMR_2_103,MO_1_581,
,,NONE,MAP,VMR_2_103,MO_1_807,
,,NONE,SUBSET,VMR_2_104,VMR_SPACE_2,
,,NONE,MAP,VMR_2_104,MO_1_661,
,,NONE,MAP,VMR_2_104,MO_1_303,
,,NONE,MAP,VMR_2_104,MO_1_288,
,,NONE,MAP,VMR_2_104,MO_1_304,
,,NONE,MAP,VMR_2_104,MO_1_310,
,,NONE,MAP,VMR_2_104,MO_1_933,
,,NONE,MAP,VMR_2_104,MO_1_766,
,,NONE,MAP,VMR_2_104,MO_1_667,
,,NONE,MAP,VMR_2_104,MO_1_668,
,,NONE,MAP,VMR_2_104,MO_1_669,
,,NONE,MAP,VMR_2_104,MO_1_765,
,,NONE,MAP,VMR_2_104,MO_1_768,
,,NONE,MAP,VMR_2_104,MO_1_767,
,,NONE,MAP,VMR_2_104,MO_1_786,
,,NONE,MAP,VMR_2_104,MO_1_951,
,,NONE,MAP,VMR_2_104,MO_1_953,
,,NONE,MAP,VMR_2_104,MO_1_930,
,,NONE,MAP,VMR_2_104,MO_1_931,
,,NONE,MAP,VMR_2_104,MO_1_837,
,,NONE,MAP,VMR_2_104,MO_1_972,
,,NONE,MAP,VMR_2_104,MO_1_835,
,,NONE,MAP,VMR_2_104,MO_1_971,
,,NONE,MAP,VMR_2_104,MO_1_638,
,,NONE,MAP,VMR_2_104,MO_1_900,
,,NONE,MAP,VMR_2_104,MO_1_572,
,,NONE,MAP,VMR_2_104,MO_1_1012,
,,NONE,MAP,VMR_2_104,MO_1_919,
,,NONE,MAP,VMR_2_104,MO_1_920,
,,NONE,MAP,VMR_2_104,MO_1_882,
,,NONE,MAP,VMR_2_104,MO_1_575,
,,NONE,MAP,VMR_2_104,MO_1_573,
,,NONE,MAP,VMR_2_104,MO_1_1013,
,,NONE,MAP,VMR_2_104,MO_1_662,
,,NONE,MAP,VMR_2_104,MO_1_1127,
,,NONE,SUBSET,VMR_2_105,VMR_SPACE_2,
,,NONE,SUBSET,VMR_2_106,VMR_SPACE_2,
,,NONE,MAP,VMR_2_106,MO_1_346,
,,NONE,MAP,VMR_2_106,MO_1_326,
,,NONE,MAP,VMR_2_106,MO_1_427,
,,NONE,MAP,VMR_2_106,MO_1_506,
,,NONE,SUBSET,VMR_2_107,VMR_SPACE_2,
,,NONE,MAP,VMR_2_107,MO_1_458,
,,NONE,MAP,VMR_2_107,MO_1_308,
,,NONE,SUBSET,VMR_2_108,VMR_SPACE_2,
,,NONE,MAP,VMR_2_108,MO_1_447,
,,NONE,MAP,VMR_2_108,MO_1_378,
,,NONE,MAP,VMR_2_108,MO_1_387,
,,NONE,MAP,VMR_2_108,MO_1_347,
,,NONE,MAP,VMR_2_108,MO_1_414,
,,NONE,MAP,VMR_2_108,MO_1_407,
,,NONE,SUBSET,VMR_2_109,VMR_SPACE_2,
,,NONE,MAP,VMR_2_109,MO_1_79,
,,NONE,SUBSET,VMR_2_110,VMR_SPACE_2,
,,NONE,MAP,VMR_2_110,MO_1_80,
,,NONE,SUBSET,VMR_2_111,VMR_SPACE_2,
,,NONE,MAP,VMR_2_111,MO_1_81,
,,NONE,SUBSET,VMR_2_112,VMR_SPACE_2,
,,NONE,MAP,VMR_2_112,MO_1_307,
,,NONE,SUBSET,VMR_2_113,VMR_SPACE_2,
,,NONE,MAP,VMR_2_113,MO_1_282,
,,NONE,SUBSET,VMR_2_114,VMR_SPACE_2,
,,NONE,MAP,VMR_2_114,MO_1_40,
,,NONE,SUBSET,VMR_2_115,VMR_SPACE_2,
,,NONE,MAP,VMR_2_115,MO_1_41,
,,NONE,SUBSET,VMR_2_116,VMR_SPACE_2,
,,NONE,SUBSET,VMR_2_117,VMR_SPACE_2,
,,NONE,MAP,VMR_2_117,MO_1_294,
,,NONE,SUBSET,VMR_2_118,VMR_SPACE_2,
,,NONE,MAP,VMR_2_118,MO_1_467,
,,NONE,SUBSET,VMR_2_119,VMR_SPACE_2,
,,NONE,MAP,VMR_2_119,MO_1_1,
,,NONE,MAP,VMR_2_119,MO_1_688,
,,NONE,SUBSET,VMR_2_120,VMR_SPACE_2,
,,NONE,MAP,VMR_2_120,MO_1_689,
,,NONE,SUBSET,VMR_2_121,VMR_SPACE_2,
,,NONE,SUBSET,VMR_2_122,VMR_SPACE_2,
,,NONE,MAP,VMR_2_122,MO_1_397,
,,NONE,SUBSET,VMR_2_123,VMR_SPACE_2,
,,NONE,MAP,VMR_2_123,MO_1_319,
,,NONE,SUBSET,VMR_2_124,VMR_SPACE_2,
,,NONE,MAP,VMR_2_124,MO_1_671,
,,NONE,MAP,VMR_2_124,MO_1_703,
,,NONE,MAP,VMR_2_124,MO_1_32,
,,NONE,MAP,VMR_2_124,MO_1_31,
,,NONE,SUBSET,VMR_2_125,VMR_SPACE_2,
,,NONE,MAP,VMR_2_125,MO_1_9,
,,NONE,MAP,VMR_2_125,MO_1_701,
,,NONE,MAP,VMR_2_125,MO_1_13,
,,NONE,MAP,VMR_2_125,MO_1_35,
,,NONE,MAP,VMR_2_125,MO_1_696,
,,NONE,MAP,VMR_2_125,MO_1_36,
,,NONE,MAP,VMR_2_125,MO_1_34,
,,NONE,MAP,VMR_2_125,MO_1_30,
,,NONE,MAP,VMR_2_125,MO_1_29,
,,NONE,MAP,VMR_2_125,MO_1_28,
,,NONE,MAP,VMR_2_125,MO_1_27,
,,NONE,MAP,VMR_2_125,MO_1_26,
,,NONE,SUBSET,VMR_2_126,VMR_SPACE_2,
,,NONE,SUBSET,VMR_2_127,VMR_SPACE_2,
,,NONE,MAP,VMR_2_127,MO_1_337,
,,NONE,SUBSET,VMR_2_128,VMR_SPACE_2,
,,NONE,MAP,VMR_2_128,MO_1_408,
,,NONE,SUBSET,VMR_2_129,VMR_SPACE_2,
,,NONE,SUBSET,VMR_2_130,VMR_SPACE_2,
,,NONE,MAP,VMR_2_130,MO_1_789,
,,NONE,MAP,VMR_2_130,MO_1_1086,
,,NONE,SUBSET,VMR_2_131,VMR_SPACE_2,
,,NONE,MAP,VMR_2_131,MO_1_1087,
,,NONE,MAP,VMR_2_131,MO_1_821,
,,NONE,MAP,VMR_2_131,MO_1_1088,
,,NONE,MAP,VMR_2_131,MO_1_1085,
,,NONE,MAP,VMR_2_131,MO_1_804,
,,NONE,SUBSET,VMR_2_132,VMR_SPACE_2,
,,NONE,MAP,VMR_2_132,MO_1_805,
,,NONE,SUBSET,VMR_2_133,VMR_SPACE_2,
,,NONE,MAP,VMR_2_133,MO_1_355,
,,NONE,SUBSET,VMR_2_134,VMR_SPACE_2,
,,NONE,MAP,VMR_2_134,MO_1_481,
,,NONE,SUBSET,VMR_2_135,VMR_SPACE_2,
,,NONE,MAP,VMR_2_135,MO_1_681,
,,NONE,SUBSET,VMR_2_136,VMR_SPACE_2,
,,NONE,MAP,VMR_2_136,MO_1_710,
,,NONE,MAP,VMR_2_136,MO_1_692,
,,NONE,MAP,VMR_2_136,MO_1_693,
,,NONE,MAP,VMR_2_136,MO_1_6,
,,NONE,SUBSET,VMR_2_137,VMR_SPACE_2,
,,NONE,SUBSET,VMR_2_138,VMR_SPACE_2,
,,NONE,SUBSET,VMR_2_139,VMR_SPACE_2,
,,NONE,MAP,VMR_2_139,MO_1_523,
,,NONE,SUBSET,VMR_2_140,VMR_SPACE_2,
,,NONE,MAP,VMR_2_140,MO_1_353,
,,NONE,SUBSET,VMR_2_141,VMR_SPACE_2,
,,NONE,MAP,VMR_2_141,MO_1_46,
,,NONE,SUBSET,VMR_2_142,VMR_SPACE_2,
,,NONE,MAP,VMR_2_142,MO_1_47,
,,NONE,SUBSET,VMR_2_143,VMR_SPACE_2,
,,NONE,SUBSET,VMR_2_144,VMR_SPACE_2,
,,NONE,MAP,VMR_2_144,MO_1_463,
,,NONE,SUBSET,VMR_2_145,VMR_SPACE_2,
,,NONE,MAP,VMR_2_145,MO_1_318,
,,NONE,SUBSET,VMR_2_146,VMR_SPACE_2,
,,NONE,MAP,VMR_2_146,MO_1_51,
,,NONE,SUBSET,VMR_2_147,VMR_SPACE_2,
,,NONE,MAP,VMR_2_147,MO_1_52,
,,NONE,MAP,VMR_2_147,MO_1_53,
,,NONE,SUBSET,VMR_2_148,VMR_SPACE_2,
,,NONE,SUBSET,VMR_2_149,VMR_SPACE_2,
,,NONE,MAP,VMR_2_149,MO_1_296,
,,NONE,SUBSET,VMR_2_150,VMR_SPACE_2,
,,NONE,MAP,VMR_2_150,MO_1_457,
,,NONE,SUBSET,VMR_2_151,VMR_SPACE_2,
,,NONE,MAP,VMR_2_151,MO_1_42,
,,NONE,SUBSET,VMR_2_152,VMR_SPACE_2,
,,NONE,MAP,VMR_2_152,MO_1_43,
,,NONE,MAP,VMR_2_152,MO_1_44,
,,NONE,SUBSET,VMR_2_153,VMR_SPACE_2,
,,NONE,MAP,VMR_2_153,MO_1_45,
,,NONE,SUBSET,VMR_2_154,VMR_SPACE_2,
,,NONE,SUBSET,VMR_2_155,VMR_SPACE_2,
,,NONE,MAP,VMR_2_155,MO_1_434,
,,NONE,SUBSET,VMR_2_156,VMR_SPACE_2,
,,NONE,MAP,VMR_2_156,MO_1_305,
,,NONE,SUBSET,VMR_2_157,VMR_SPACE_2,
,,NONE,SUBSET,VMR_2_158,VMR_SPACE_2,
,,NONE,MAP,VMR_2_158,MO_1_757,
,,NONE,SUBSET,VMR_2_159,VMR_SPACE_2,
,,NONE,MAP,VMR_2_159,MO_1_758,
,,NONE,MAP,VMR_2_159,MO_1_760,
,,NONE,MAP,VMR_2_159,MO_1_759,
,,NONE,SUBSET,VMR_2_160,VMR_SPACE_2,
,,NONE,SUBSET,VMR_2_161,VMR_SPACE_2,
,,NONE,SUBSET,VMR_2_162,VMR_SPACE_2,
,,NONE,MAP,VMR_2_162,MO_1_509,
,,NONE,SUBSET,VMR_2_163,VMR_SPACE_2,
,,NONE,MAP,VMR_2_163,MO_1_376,
,,NONE,SUBSET,VMR_2_164,VMR_SPACE_2,
,,NONE,MAP,VMR_2_164,MO_1_637,
,,NONE,MAP,VMR_2_164,MO_1_1120,
,,NONE,MAP,VMR_2_164,MO_1_576,
,,NONE,SUBSET,VMR_2_165,VMR_SPACE_2,
,,NONE,MAP,VMR_2_165,MO_1_1119,
,,NONE,MAP,VMR_2_165,MO_1_597,
,,NONE,MAP,VMR_2_165,MO_1_664,
,,NONE,MAP,VMR_2_165,MO_1_865,
,,NONE,MAP,VMR_2_165,MO_1_886,
,,NONE,MAP,VMR_2_165,MO_1_965,
,,NONE,MAP,VMR_2_165,MO_1_866,
,,NONE,MAP,VMR_2_165,MO_1_839,
,,NONE,MAP,VMR_2_165,MO_1_841,
,,NONE,SUBSET,VMR_2_166,VMR_SPACE_2,
,,NONE,MAP,VMR_2_166,MO_1_1115,
,,NONE,MAP,VMR_2_166,MO_1_1105,
,,NONE,MAP,VMR_2_166,MO_1_606,
,,NONE,MAP,VMR_2_166,MO_1_611,
,,NONE,SUBSET,VMR_2_167,VMR_SPACE_2,
,,NONE,MAP,VMR_2_167,MO_1_498,
,,NONE,SUBSET,VMR_2_168,VMR_SPACE_2,
,,NONE,MAP,VMR_2_168,MO_1_512,
,,NONE,SUBSET,VMR_2_169,VMR_SPACE_2,
,,NONE,MAP,VMR_2_169,MO_1_109,
,,NONE,MAP,VMR_2_169,MO_1_158,
,,NONE,MAP,VMR_2_169,MO_1_278,
,,NONE,MAP,VMR_2_169,MO_1_281,
,,NONE,MAP,VMR_2_169,MO_1_186,
,,NONE,MAP,VMR_2_169,MO_1_137,
,,NONE,MAP,VMR_2_169,MO_1_108,
,,NONE,MAP,VMR_2_169,MO_1_270,
,,NONE,MAP,VMR_2_169,MO_1_122,
,,NONE,MAP,VMR_2_169,MO_1_257,
,,NONE,SUBSET,VMR_2_170,VMR_SPACE_2,
,,NONE,MAP,VMR_2_170,MO_1_118,
,,NONE,MAP,VMR_2_170,MO_1_136,
,,NONE,MAP,VMR_2_170,MO_1_102,
,,NONE,MAP,VMR_2_170,MO_1_187,
,,NONE,MAP,VMR_2_170,MO_1_169,
,,NONE,MAP,VMR_2_170,MO_1_213,
,,NONE,MAP,VMR_2_170,MO_1_143,
,,NONE,MAP,VMR_2_170,MO_1_269,
,,NONE,MAP,VMR_2_170,MO_1_149,
,,NONE,MAP,VMR_2_170,MO_1_206,
,,NONE,MAP,VMR_2_170,MO_1_195,
,,NONE,MAP,VMR_2_170,MO_1_228,
,,NONE,MAP,VMR_2_170,MO_1_820,
,,NONE,MAP,VMR_2_170,MO_1_92,
,,NONE,MAP,VMR_2_170,MO_1_180,
,,NONE,MAP,VMR_2_170,MO_1_212,
,,NONE,MAP,VMR_2_170,MO_1_85,
,,NONE,MAP,VMR_2_170,MO_1_200,
,,NONE,MAP,VMR_2_170,MO_1_201,
,,NONE,MAP,VMR_2_170,MO_1_170,
,,NONE,MAP,VMR_2_170,MO_1_260,
,,NONE,MAP,VMR_2_170,MO_1_129,
,,NONE,MAP,VMR_2_170,MO_1_132,
,,NONE,MAP,VMR_2_170,MO_1_96,
,,NONE,MAP,VMR_2_170,MO_1_250,
,,NONE,MAP,VMR_2_170,MO_1_167,
,,NONE,MAP,VMR_2_170,MO_1_128,
,,NONE,MAP,VMR_2_170,MO_1_152,
,,NONE,MAP,VMR_2_170,MO_1_154,
,,NONE,MAP,VMR_2_170,MO_1_224,
,,NONE,MAP,VMR_2_170,MO_1_225,
,,NONE,MAP,VMR_2_170,MO_1_106,
,,NONE,MAP,VMR_2_170,MO_1_139,
,,NONE,MAP,VMR_2_170,MO_1_205,
,,NONE,MAP,VMR_2_170,MO_1_141,
,,NONE,MAP,VMR_2_170,MO_1_157,
,,NONE,MAP,VMR_2_170,MO_1_127,
,,NONE,MAP,VMR_2_170,MO_1_153,
,,NONE,MAP,VMR_2_170,MO_1_155,
,,NONE,MAP,VMR_2_170,MO_1_150,
,,NONE,MAP,VMR_2_170,MO_1_249,
,,NONE,MAP,VMR_2_170,MO_1_134,
,,NONE,MAP,VMR_2_170,MO_1_114,
,,NONE,MAP,VMR_2_170,MO_1_116,
,,NONE,MAP,VMR_2_170,MO_1_230,
,,NONE,MAP,VMR_2_170,MO_1_223,
,,NONE,MAP,VMR_2_170,MO_1_123,
,,NONE,MAP,VMR_2_170,MO_1_202,
,,NONE,MAP,VMR_2_170,MO_1_203,
,,NONE,MAP,VMR_2_170,MO_1_111,
,,NONE,MAP,VMR_2_170,MO_1_151,
,,NONE,MAP,VMR_2_170,MO_1_161,
,,NONE,MAP,VMR_2_170,MO_1_113,
,,NONE,MAP,VMR_2_170,MO_1_233,
,,NONE,MAP,VMR_2_170,MO_1_255,
,,NONE,MAP,VMR_2_170,MO_1_256,
,,NONE,MAP,VMR_2_170,MO_1_119,
,,NONE,MAP,VMR_2_170,MO_1_208,
,,NONE,MAP,VMR_2_170,MO_1_120,
,,NONE,MAP,VMR_2_170,MO_1_166,
,,NONE,MAP,VMR_2_170,MO_1_276,
,,NONE,MAP,VMR_2_170,MO_1_88,
,,NONE,MAP,VMR_2_170,MO_1_93,
,,NONE,MAP,VMR_2_170,MO_1_267,
,,NONE,MAP,VMR_2_170,MO_1_226,
,,NONE,MAP,VMR_2_170,MO_1_121,
,,NONE,MAP,VMR_2_170,MO_1_243,
,,NONE,MAP,VMR_2_170,MO_1_87,
,,NONE,MAP,VMR_2_170,MO_1_211,
,,NONE,MAP,VMR_2_170,MO_1_105,
,,NONE,MAP,VMR_2_170,MO_1_193,
,,NONE,MAP,VMR_2_170,MO_1_204,
,,NONE,SUBSET,VMR_2_171,VMR_SPACE_2,
,,NONE,MAP,VMR_2_171,MO_1_140,
,,NONE,MAP,VMR_2_171,MO_1_185,
,,NONE,MAP,VMR_2_171,MO_1_218,
,,NONE,MAP,VMR_2_171,MO_1_194,
,,NONE,MAP,VMR_2_171,MO_1_244,
,,NONE,MAP,VMR_2_171,MO_1_104,
,,NONE,MAP,VMR_2_171,MO_1_198,
,,NONE,MAP,VMR_2_171,MO_1_103,
,,NONE,MAP,VMR_2_171,MO_1_131,
,,NONE,MAP,VMR_2_171,MO_1_164,
,,NONE,MAP,VMR_2_171,MO_1_216,
,,NONE,MAP,VMR_2_171,MO_1_147,
,,NONE,MAP,VMR_2_171,MO_1_112,
,,NONE,MAP,VMR_2_171,MO_1_266,
,,NONE,MAP,VMR_2_171,MO_1_258,
,,NONE,MAP,VMR_2_171,MO_1_168,
,,NONE,MAP,VMR_2_171,MO_1_178,
,,NONE,MAP,VMR_2_171,MO_1_144,
,,NONE,MAP,VMR_2_171,MO_1_133,
,,NONE,MAP,VMR_2_171,MO_1_207,
,,NONE,MAP,VMR_2_171,MO_1_138,
,,NONE,MAP,VMR_2_171,MO_1_160,
,,NONE,MAP,VMR_2_171,MO_1_84,
,,NONE,MAP,VMR_2_171,MO_1_191,
,,NONE,MAP,VMR_2_171,MO_1_192,
,,NONE,MAP,VMR_2_171,MO_1_115,
,,NONE,MAP,VMR_2_171,MO_1_209,
,,NONE,MAP,VMR_2_171,MO_1_148,
,,NONE,MAP,VMR_2_171,MO_1_252,
,,NONE,MAP,VMR_2_171,MO_1_97,
,,NONE,MAP,VMR_2_171,MO_1_156,
,,NONE,MAP,VMR_2_171,MO_1_245,
,,NONE,SUBSET,VMR_2_172,VMR_SPACE_2,
,,NONE,SUBSET,VMR_2_173,VMR_SPACE_2,
,,NONE,MAP,VMR_2_173,MO_1_495,
,,NONE,MAP,VMR_2_173,MO_1_382,
,,NONE,SUBSET,VMR_2_174,VMR_SPACE_2,
,,NONE,MAP,VMR_2_174,MO_1_317,
,,NONE,MAP,VMR_2_174,MO_1_402,
,,NONE,MAP,VMR_2_174,MO_1_364,
,,NONE,SUBSET,VMR_2_175,VMR_SPACE_2,
,,NONE,MAP,VMR_2_175,MO_1_352,
,,NONE,MAP,VMR_2_175,MO_1_345,
,,NONE,MAP,VMR_2_175,MO_1_291,
,,NONE,SUBSET,VMR_2_176,VMR_SPACE_2,
,,NONE,MAP,VMR_2_176,MO_1_659,
,,NONE,MAP,VMR_2_176,MO_1_648,
,,NONE,SUBSET,VMR_2_177,VMR_SPACE_2,
,,NONE,MAP,VMR_2_177,MO_1_649,
,,NONE,MAP,VMR_2_177,MO_1_801,
,,NONE,MAP,VMR_2_177,MO_1_823,
,,NONE,MAP,VMR_2_177,MO_1_990,
,,NONE,MAP,VMR_2_177,MO_1_988,
,,NONE,MAP,VMR_2_177,MO_1_656,
,,NONE,MAP,VMR_2_177,MO_1_655,
,,NONE,MAP,VMR_2_177,MO_1_989,
,,NONE,MAP,VMR_2_177,MO_1_658,
,,NONE,MAP,VMR_2_177,MO_1_657,
,,NONE,MAP,VMR_2_177,MO_1_914,
,,NONE,MAP,VMR_2_177,MO_1_888,
,,NONE,MAP,VMR_2_177,MO_1_897,
,,NONE,MAP,VMR_2_177,MO_1_987,
,,NONE,MAP,VMR_2_177,MO_1_984,
,,NONE,SUBSET,VMR_2_178,VMR_SPACE_2,
,,NONE,SUBSET,VMR_2_179,VMR_SPACE_2,
,,NONE,MAP,VMR_2_179,MO_1_433,
,,NONE,SUBSET,VMR_2_180,VMR_SPACE_2,
,,NONE,MAP,VMR_2_180,MO_1_375,
,,NONE,SUBSET,VMR_2_181,VMR_SPACE_2,
,,NONE,MAP,VMR_2_181,MO_1_392,
,,NONE,MAP,VMR_2_181,MO_1_485,
,,NONE,SUBSET,VMR_2_182,VMR_SPACE_2,
,,NONE,MAP,VMR_2_182,MO_1_898,
,,NONE,SUBSET,VMR_2_183,VMR_SPACE_2,
,,NONE,MAP,VMR_2_183,MO_1_825,
,,NONE,MAP,VMR_2_183,MO_1_899,
,,NONE,SUBSET,VMR_2_184,VMR_SPACE_2,
,,NONE,SUBSET,VMR_2_185,VMR_SPACE_2,
,,NONE,MAP,VMR_2_185,MO_1_472,
,,NONE,SUBSET,VMR_2_186,VMR_SPACE_2,
,,NONE,MAP,VMR_2_186,MO_1_386,
,,NONE,SUBSET,VMR_2_187,VMR_SPACE_2,
,,NONE,MAP,VMR_2_187,MO_1_236,
,,NONE,MAP,VMR_2_187,MO_1_274,
,,NONE,MAP,VMR_2_187,MO_1_217,
,,NONE,MAP,VMR_2_187,MO_1_98,
,,NONE,MAP,VMR_2_187,MO_1_253,
,,NONE,MAP,VMR_2_187,MO_1_95,
,,NONE,SUBSET,VMR_2_188,VMR_SPACE_2,
,,NONE,MAP,VMR_2_188,MO_1_273,
,,NONE,MAP,VMR_2_188,MO_1_262,
,,NONE,MAP,VMR_2_188,MO_1_264,
,,NONE,MAP,VMR_2_188,MO_1_248,
,,NONE,MAP,VMR_2_188,MO_1_220,
,,NONE,MAP,VMR_2_188,MO_1_222,
,,NONE,MAP,VMR_2_188,MO_1_214,
,,NONE,MAP,VMR_2_188,MO_1_227,
,,NONE,MAP,VMR_2_188,MO_1_229,
,,NONE,MAP,VMR_2_188,MO_1_199,
,,NONE,MAP,VMR_2_188,MO_1_146,
,,NONE,MAP,VMR_2_188,MO_1_177,
,,NONE,MAP,VMR_2_188,MO_1_89,
,,NONE,MAP,VMR_2_188,MO_1_175,
,,NONE,MAP,VMR_2_188,MO_1_162,
,,NONE,MAP,VMR_2_188,MO_1_176,
,,NONE,MAP,VMR_2_188,MO_1_94,
,,NONE,MAP,VMR_2_188,MO_1_254,
,,NONE,MAP,VMR_2_188,MO_1_172,
,,NONE,SUBSET,VMR_2_189,VMR_SPACE_2,
,,NONE,MAP,VMR_2_189,MO_1_130,
,,NONE,MAP,VMR_2_189,MO_1_182,
,,NONE,MAP,VMR_2_189,MO_1_210,
,,NONE,MAP,VMR_2_189,MO_1_231,
,,NONE,MAP,VMR_2_189,MO_1_179,
,,NONE,MAP,VMR_2_189,MO_1_181,
,,NONE,SUBSET,VMR_2_190,VMR_SPACE_2,
,,NONE,SUBSET,VMR_2_191,VMR_SPACE_2,
,,NONE,MAP,VMR_2_191,MO_1_400,
,,NONE,SUBSET,VMR_2_192,VMR_SPACE_2,
,,NONE,MAP,VMR_2_192,MO_1_290,
,,NONE,SUBSET,VMR_2_193,VMR_SPACE_2,
,,NONE,MAP,VMR_2_193,MO_1_585,
,,NONE,MAP,VMR_2_193,MO_1_1049,
,,NONE,MAP,VMR_2_193,MO_1_580,
,,NONE,MAP,VMR_2_193,MO_1_1124,
,,NONE,MAP,VMR_2_193,MO_1_636,
,,NONE,MAP,VMR_2_193,MO_1_1128,
,,NONE,SUBSET,VMR_2_194,VMR_SPACE_2,
,,NONE,MAP,VMR_2_194,MO_1_639,
,,NONE,MAP,VMR_2_194,MO_1_632,
,,NONE,MAP,VMR_2_194,MO_1_1090,
,,NONE,MAP,VMR_2_194,MO_1_559,
,,NONE,MAP,VMR_2_194,MO_1_594,
,,NONE,MAP,VMR_2_194,MO_1_591,
,,NONE,MAP,VMR_2_194,MO_1_593,
,,NONE,MAP,VMR_2_194,MO_1_1094,
,,NONE,MAP,VMR_2_194,MO_1_1096,
,,NONE,MAP,VMR_2_194,MO_1_596,
,,NONE,MAP,VMR_2_194,MO_1_1095,
,,NONE,MAP,VMR_2_194,MO_1_1098,
,,NONE,MAP,VMR_2_194,MO_1_1117,
,,NONE,MAP,VMR_2_194,MO_1_595,
,,NONE,MAP,VMR_2_194,MO_1_589,
,,NONE,MAP,VMR_2_194,MO_1_1106,
,,NONE,SUBSET,VMR_2_195,VMR_SPACE_2,
,,NONE,MAP,VMR_2_195,MO_1_569,
,,NONE,MAP,VMR_2_195,MO_1_566,
,,NONE,MAP,VMR_2_195,MO_1_630,
,,NONE,MAP,VMR_2_195,MO_1_583,
,,NONE,MAP,VMR_2_195,MO_1_1011,
,,NONE,MAP,VMR_2_195,MO_1_1014,
,,NONE,MAP,VMR_2_195,MO_1_1108,
,,NONE,SUBSET,VMR_2_196,VMR_SPACE_2,
,,NONE,SUBSET,VMR_2_197,VMR_SPACE_2,
,,NONE,MAP,VMR_2_197,MO_1_429,
,,NONE,SUBSET,VMR_2_198,VMR_SPACE_2,
,,NONE,MAP,VMR_2_198,MO_1_528,
,,NONE,SUBSET,VMR_2_199,VMR_SPACE_2,
,,NONE,SUBSET,VMR_2_200,VMR_SPACE_2,
,,NONE,MAP,VMR_2_200,MO_1_1122,
,,NONE,MAP,VMR_2_200,MO_1_604,
,,NONE,MAP,VMR_2_200,MO_1_1118,
,,NONE,SUBSET,VMR_2_201,VMR_SPACE_2,
,,NONE,MAP,VMR_2_201,MO_1_607,
,,NONE,MAP,VMR_2_201,MO_1_803,
,,NONE,MAP,VMR_2_201,MO_1_802,
,,NONE,MAP,VMR_2_201,MO_1_609,
,,NONE,MAP,VMR_2_201,MO_1_1097,
,,NONE,MAP,VMR_2_201,MO_1_1050,
,,NONE,MAP,VMR_2_201,MO_1_1051,
,,NONE,MAP,VMR_2_201,MO_1_633,
,,NONE,SUBSET,VMR_2_202,VMR_SPACE_2,
,,NONE,MAP,VMR_2_202,MO_1_1054,
,,NONE,MAP,VMR_2_202,MO_1_1104,
,,NONE,MAP,VMR_2_202,MO_1_1103,
,,NONE,MAP,VMR_2_202,MO_1_955,
,,NONE,MAP,VMR_2_202,MO_1_928,
,,NONE,MAP,VMR_2_202,MO_1_1121,
,,NONE,MAP,VMR_2_202,MO_1_1072,
,,NONE,MAP,VMR_2_202,MO_1_834,
,,NONE,MAP,VMR_2_202,MO_1_1110,
,,NONE,MAP,VMR_2_202,MO_1_959,
,,NONE,MAP,VMR_2_202,MO_1_1112,
,,NONE,MAP,VMR_2_202,MO_1_1111,
,,NONE,MAP,VMR_2_202,MO_1_1109,
,,NONE,MAP,VMR_2_202,MO_1_1107,
,,NONE,MAP,VMR_2_202,MO_1_753,
,,NONE,MAP,VMR_2_202,MO_1_608,
,,NONE,MAP,VMR_2_202,MO_1_610,
,,NONE,MAP,VMR_2_202,MO_1_832,
,,NONE,MAP,VMR_2_202,MO_1_889,
,,NONE,SUBSET,VMR_2_203,VMR_SPACE_2,
,,NONE,MAP,VMR_2_203,MO_1_446,
,,NONE,SUBSET,VMR_2_204,VMR_SPACE_2,
,,NONE,MAP,VMR_2_204,MO_1_385,
,,NONE,SUBSET,VMR_2_205,VMR_SPACE_2,
,,NONE,MAP,VMR_2_205,MO_1_432,
,,NONE,MAP,VMR_2_205,MO_1_292,
,,NONE,SUBSET,VMR_2_206,VMR_SPACE_2,
,,NONE,MAP,VMR_2_206,MO_1_674,
,,NONE,SUBSET,VMR_2_207,VMR_SPACE_2,
,,NONE,MAP,VMR_2_207,MO_1_12,
,,NONE,SUBSET,VMR_2_208,VMR_SPACE_2,
,,NONE,SUBSET,VMR_2_209,VMR_SPACE_2,
,,NONE,MAP,VMR_2_209,MO_1_339,
,,NONE,SUBSET,VMR_2_210,VMR_SPACE_2,
,,NONE,MAP,VMR_2_210,MO_1_338,
,,NONE,SUBSET,VMR_2_211,VMR_SPACE_2,
,,NONE,MAP,VMR_2_211,MO_1_58,
,,NONE,SUBSET,VMR_2_212,VMR_SPACE_2,
,,NONE,MAP,VMR_2_212,MO_1_59,
,,NONE,SUBSET,VMR_2_213,VMR_SPACE_2,
,,NONE,MAP,VMR_2_213,MO_1_60,
,,NONE,SUBSET,VMR_2_214,VMR_SPACE_2,
,,NONE,MAP,VMR_2_214,MO_1_431,
,,NONE,SUBSET,VMR_2_215,VMR_SPACE_2,
,,NONE,MAP,VMR_2_215,MO_1_428,
,,NONE,SUBSET,VMR_2_216,VMR_SPACE_2,
,,NONE,MAP,VMR_2_216,MO_1_54,
,,NONE,SUBSET,VMR_2_217,VMR_SPACE_2,
,,NONE,MAP,VMR_2_217,MO_1_55,
,,NONE,MAP,VMR_2_217,MO_1_56,
,,NONE,SUBSET,VMR_2_218,VMR_SPACE_2,
,,NONE,MAP,VMR_2_218,MO_1_57,
,,NONE,SUBSET,VMR_2_219,VMR_SPACE_2,
,,NONE,MAP,VMR_2_219,MO_1_410,
,,NONE,SUBSET,VMR_2_220,VMR_SPACE_2,
,,NONE,MAP,VMR_2_220,MO_1_406,
,,NONE,SUBSET,VMR_2_221,VMR_SPACE_2,
,,NONE,MAP,VMR_2_221,MO_1_314,
,,NONE,MAP,VMR_2_221,MO_1_324,
,,NONE,SUBSET,VMR_2_222,VMR_SPACE_2,
,,NONE,MAP,VMR_2_222,MO_1_1101,
,,NONE,MAP,VMR_2_222,MO_1_1092,
,,NONE,SUBSET,VMR_2_223,VMR_SPACE_2,
,,NONE,MAP,VMR_2_223,MO_1_1099,
,,NONE,MAP,VMR_2_223,MO_1_546,
,,NONE,MAP,VMR_2_223,MO_1_1091,
,,NONE,MAP,VMR_2_223,MO_1_1100,
,,NONE,MAP,VMR_2_223,MO_1_529,
,,NONE,MAP,VMR_2_223,MO_1_1093,
,,NONE,MAP,VMR_2_223,MO_1_901,
,,NONE,MAP,VMR_2_223,MO_1_967,
,,NONE,MAP,VMR_2_223,MO_1_887,
,,NONE,MAP,VMR_2_223,MO_1_836,
,,NONE,MAP,VMR_2_223,MO_1_574,
,,NONE,MAP,VMR_2_223,MO_1_970,
,,NONE,MAP,VMR_2_223,MO_1_969,
,,NONE,MAP,VMR_2_223,MO_1_966,
,,NONE,MAP,VMR_2_223,MO_1_809,
,,NONE,MAP,VMR_2_223,MO_1_840,
,,NONE,MAP,VMR_2_223,MO_1_1073,
,,NONE,MAP,VMR_2_223,MO_1_843,
,,NONE,MAP,VMR_2_223,MO_1_1126,
,,NONE,MAP,VMR_2_223,MO_1_829,
,,NONE,MAP,VMR_2_223,MO_1_828,
,,NONE,MAP,VMR_2_223,MO_1_553,
,,NONE,MAP,VMR_2_223,MO_1_797,
,,NONE,MAP,VMR_2_223,MO_1_548,
,,NONE,MAP,VMR_2_223,MO_1_653,
,,NONE,MAP,VMR_2_223,MO_1_1123,
,,NONE,MAP,VMR_2_223,MO_1_1125,
,,NONE,MAP,VMR_2_223,MO_1_547,
,,NONE,MAP,VMR_2_223,MO_1_532,
,,NONE,MAP,VMR_2_223,MO_1_629,
,,NONE,MAP,VMR_2_223,MO_1_534,
,,NONE,MAP,VMR_2_223,MO_1_535,
,,NONE,MAP,VMR_2_223,MO_1_1116,
,,NONE,MAP,VMR_2_223,MO_1_533,
,,NONE,MAP,VMR_2_223,MO_1_788,
,,NONE,MAP,VMR_2_223,MO_1_1076,
,,NONE,MAP,VMR_2_223,MO_1_833,
,,NONE,MAP,VMR_2_223,MO_1_838,
,,NONE,MAP,VMR_2_223,MO_1_796,
,,NONE,MAP,VMR_2_223,MO_1_567,
,,NONE,MAP,VMR_2_223,MO_1_560,
,,NONE,SUBSET,VMR_2_224,VMR_SPACE_2,
,,NONE,MAP,VMR_2_224,MO_1_561,
,,NONE,MAP,VMR_2_224,MO_1_827,
,,NONE,MAP,VMR_2_224,MO_1_631,
,,NONE,MAP,VMR_2_224,MO_1_1082,
,,NONE,MAP,VMR_2_224,MO_1_565,
,,NONE,MAP,VMR_2_224,MO_1_563,
,,NONE,MAP,VMR_2_224,MO_1_562,
,,NONE,MAP,VMR_2_224,MO_1_564,
,,NONE,MAP,VMR_2_224,MO_1_1043,
,,NONE,MAP,VMR_2_224,MO_1_890,
,,NONE,MAP,VMR_2_224,MO_1_842,
,,NONE,SUBSET,VMR_2_225,VMR_SPACE_2,
,,NONE,MAP,VMR_2_225,MO_1_313,
,,NONE,MAP,VMR_2_225,MO_1_473,
,,NONE,SUBSET,VMR_2_226,VMR_SPACE_2,
,,NONE,MAP,VMR_2_226,MO_1_411,
,,NONE,MAP,VMR_2_226,MO_1_449,
,,NONE,SUBSET,VMR_2_227,VMR_SPACE_2,
,,NONE,MAP,VMR_2_227,MO_1_518,
,,NONE,MAP,VMR_2_227,MO_1_350,
,,NONE,MAP,VMR_2_227,MO_1_440,
,,NONE,MAP,VMR_2_227,MO_1_371,
,,NONE,MAP,VMR_2_227,MO_1_466,
,,NONE,MAP,VMR_2_227,MO_1_328,
,,NONE,MAP,VMR_2_227,MO_1_484,
,,NONE,MAP,VMR_2_227,MO_1_493,
,,NONE,MAP,VMR_2_227,MO_1_374,
,,NONE,MAP,VMR_2_227,MO_1_527,
,,NONE,MAP,VMR_2_227,MO_1_502,
,,NONE,MAP,VMR_2_227,MO_1_488,
,,NONE,MAP,VMR_2_227,MO_1_421,
,,NONE,MAP,VMR_2_227,MO_1_420,
,,NONE,MAP,VMR_2_227,MO_1_507,
,,NONE,MAP,VMR_2_227,MO_1_329,
,,NONE,MAP,VMR_2_227,MO_1_280,
,,NONE,MAP,VMR_2_227,MO_1_311,
,,NONE,MAP,VMR_2_227,MO_1_334,
,,NONE,MAP,VMR_2_227,MO_1_398,
,,NONE,MAP,VMR_2_227,MO_1_299,
,,NONE,MAP,VMR_2_227,MO_1_367,
,,NONE,MAP,VMR_2_227,MO_1_462,
,,NONE,MAP,VMR_2_227,MO_1_349,
,,NONE,MAP,VMR_2_227,MO_1_335,
,,NONE,MAP,VMR_2_227,MO_1_341,
,,NONE,MAP,VMR_2_227,MO_1_360,
,,NONE,MAP,VMR_2_227,MO_1_380,
,,NONE,MAP,VMR_2_227,MO_1_468,
,,NONE,MAP,VMR_2_227,MO_1_323,
,,NONE,MAP,VMR_2_227,MO_1_412,
,,NONE,MAP,VMR_2_227,MO_1_416,
,,NONE,MAP,VMR_2_227,MO_1_401,
,,NONE,MAP,VMR_2_227,MO_1_477,
,,NONE,MAP,VMR_2_227,MO_1_415,
,,NONE,MAP,VMR_2_227,MO_1_279,
,,NONE,MAP,VMR_2_227,MO_1_470,
,,NONE,MAP,VMR_2_227,MO_1_322,
,,NONE,MAP,VMR_2_227,MO_1_459,
,,NONE,MAP,VMR_2_227,MO_1_505,
,,NONE,MAP,VMR_2_227,MO_1_366,
,,NONE,MAP,VMR_2_227,MO_1_475,
,,NONE,MAP,VMR_2_227,MO_1_327,
,,NONE,MAP,VMR_2_227,MO_1_474,
,,NONE,MAP,VMR_2_227,MO_1_471,
,,NONE,MAP,VMR_2_227,MO_1_514,
,,NONE,MAP,VMR_2_227,MO_1_445,
,,NONE,MAP,VMR_2_227,MO_1_340,
,,NONE,MAP,VMR_2_227,MO_1_480,
,,NONE,MAP,VMR_2_227,MO_1_384,
,,NONE,MAP,VMR_2_227,MO_1_487,
,,NONE,MAP,VMR_2_227,MO_1_403,
,,NONE,MAP,VMR_2_227,MO_1_315,
,,NONE,MAP,VMR_2_227,MO_1_379,
,,NONE,MAP,VMR_2_227,MO_1_464,
,,NONE,MAP,VMR_2_227,MO_1_510,
,,NONE,MAP,VMR_2_227,MO_1_354,
,,NONE,MAP,VMR_2_227,MO_1_295,
,,NONE,MAP,VMR_2_227,MO_1_286,
,,NONE,MAP,VMR_2_227,MO_1_389,
,,NONE,MAP,VMR_2_227,MO_1_301,
,,NONE,MAP,VMR_2_227,MO_1_316,
,,NONE,MAP,VMR_2_227,MO_1_491,
,,NONE,MAP,VMR_2_227,MO_1_497,
,,NONE,MAP,VMR_2_227,MO_1_437,
,,NONE,MAP,VMR_2_227,MO_1_356,
,,NONE,MAP,VMR_2_227,MO_1_490,
,,NONE,MAP,VMR_2_227,MO_1_383,
,,NONE,SUBSET,VMR_2_228,VMR_SPACE_2,
,,NONE,SUBSET,VMR_2_229,VMR_SPACE_2,
,,NONE,MAP,VMR_2_229,MO_1_549,
,,NONE,SUBSET,VMR_2_230,VMR_SPACE_2,
