ID:ID,NODE_TYPE,DATA,EXTRA,:LABEL
MO_100001_1,RESOURCE,MO,"{""pa"": ""0x3b75000"", ""num_pages"": ""1"", ""page_size"": ""4096""}",RESOURCE
MO_100001_2,RESOURCE,MO,"{""pa"": ""0x3b76000"", ""num_pages"": ""1"", ""page_size"": ""4096""}",RESOURCE
MO_100001_3,RESOURCE,MO,"{""pa"": ""0x3b77000"", ""num_pages"": ""1"", ""page_size"": ""4096""}",RESOURCE
MO_100001_4,RESOURCE,MO,"{""pa"": ""0x3b78000"", ""num_pages"": ""1"", ""page_size"": ""4096""}",RESOURCE
MO_100001_5,RESOURCE,MO,"{""pa"": ""0x3b7b000"", ""num_pages"": ""1"", ""page_size"": ""4096""}",RESOURCE
MO_100001_6,RESOURCE,MO,"{""pa"": ""0x3b7c000"", ""num_pages"": ""1"", ""page_size"": ""4096""}",RESOURCE
MO_100001_7,RESOURCE,MO,"{""pa"": ""0x3b7d000"", ""num_pages"": ""1"", ""page_size"": ""4096""}",RESOURCE
MO_100001_8,RESOURCE,MO,"{""pa"": ""0x3b7e000"", ""num_pages"": ""1"", ""page_size"": ""4096""}",RESOURCE
MO_100001_9,RESOURCE,MO,"{""pa"": ""0x3b7f000"", ""num_pages"": ""1"", ""page_size"": ""4096""}",RESOURCE
MO_100001_10,RESOURCE,MO,"{""pa"": ""0x3b80000"", ""num_pages"": ""1"", ""page_size"": ""4096""}",RESOURCE
MO_100001_11,RESOURCE,MO,"{""pa"": ""0x3b81000"", ""num_pages"": ""1"", ""page_size"": ""4096""}",RESOURCE
MO_100001_12,RESOURCE,MO,"{""pa"": ""0x3b82000"", ""num_pages"": ""1"", ""page_size"": ""4096""}",RESOURCE
MO_100001_13,RESOURCE,MO,"{""pa"": ""0x3b83000"", ""num_pages"": ""1"", ""page_size"": ""4096""}",RESOURCE
MO_100001_14,RESOURCE,MO,"{""pa"": ""0x3b84000"", ""num_pages"": ""1"", ""page_size"": ""4096""}",RESOURCE
MO_100001_15,RESOURCE,MO,"{""pa"": ""0x3b85000"", ""num_pages"": ""1"", ""page_size"": ""4096""}",RESOURCE
MO_100001_16,RESOURCE,MO,"{""pa"": ""0x3b86000"", ""num_pages"": ""1"", ""page_size"": ""4096""}",RESOURCE
MO_100001_17,RESOURCE,MO,"{""pa"": ""0x3b87000"", ""num_pages"": ""1"", ""page_size"": ""4096""}",RESOURCE
MO_100001_18,RESOURCE,MO,"{""pa"": ""0x3b88000"", ""num_pages"": ""1"", ""page_size"": ""4096""}",RESOURCE
MO_100001_19,RESOURCE,MO,"{""pa"": ""0x3b89000"", ""num_pages"": ""1"", ""page_size"": ""4096""}",RESOURCE
MO_100001_20,RESOURCE,MO,"{""pa"": ""0x3b8a000"", ""num_pages"": ""1"", ""page_size"": ""4096""}",RESOURCE
MO_100001_21,RESOURCE,MO,"{""pa"": ""0x3b8b000"", ""num_pages"": ""1"", ""page_size"": ""4096""}",RESOURCE
MO_100001_22,RESOURCE,MO,"{""pa"": ""0x3b8c000"", ""num_pages"": ""1"", ""page_size"": ""4096""}",RESOURCE
MO_100001_23,RESOURCE,MO,"{""pa"": ""0x3b8d000"", ""num_pages"": ""1"", ""page_size"": ""4096""}",RESOURCE
MO_100001_24,RESOURCE,MO,"{""pa"": ""0x3b8e000"", ""num_pages"": ""1"", ""page_size"": ""4096""}",RESOURCE
MO_100001_25,RESOURCE,MO,"{""pa"": ""0x3b8f000"", ""num_pages"": ""1"", ""page_size"": ""4096""}",RESOURCE
MO_100001_26,RESOURCE,MO,"{""pa"": ""0x3b90000"", ""num_pages"": ""1"", ""page_size"": ""4096""}",RESOURCE
MO_100001_27,RESOURCE,MO,"{""pa"": ""0x3b91000"", ""num_pages"": ""1"", ""page_size"": ""4096""}",RESOURCE
MO_100001_28,RESOURCE,MO,"{""pa"": ""0x3b92000"", ""num_pages"": ""1"", ""page_size"": ""4096""}",RESOURCE
MO_100001_29,RESOURCE,MO,"{""pa"": ""0x3b93000"", ""num_pages"": ""1"", ""page_size"": ""4096""}",RESOURCE
MO_100001_30,RESOURCE,MO,"{""pa"": ""0x4e05000"", ""num_pages"": ""1"", ""page_size"": ""4096""}",RESOURCE
MO_100001_31,RESOURCE,MO,"{""pa"": ""0x4e06000"", ""num_pages"": ""1"", ""page_size"": ""4096""}",RESOURCE
MO_100001_32,RESOURCE,MO,"{""pa"": ""0x4e07000"", ""num_pages"": ""1"", ""page_size"": ""4096""}",RESOURCE
MO_100001_33,RESOURCE,MO,"{""pa"": ""0x4e08000"", ""num_pages"": ""1"", ""page_size"": ""4096""}",RESOURCE
MO_100001_34,RESOURCE,MO,"{""pa"": ""0x4e10000"", ""num_pages"": ""1"", ""page_size"": ""4096""}",RESOURCE
MO_100001_35,RESOURCE,MO,"{""pa"": ""0x4e11000"", ""num_pages"": ""1"", ""page_size"": ""4096""}",RESOURCE
MO_100001_36,RESOURCE,MO,"{""pa"": ""0x4e12000"", ""num_pages"": ""1"", ""page_size"": ""4096""}",RESOURCE
MO_100001_37,RESOURCE,MO,"{""pa"": ""0x4e13000"", ""num_pages"": ""1"", ""page_size"": ""4096""}",RESOURCE
MO_100001_38,RESOURCE,MO,"{""pa"": ""0x4e14000"", ""num_pages"": ""1"", ""page_size"": ""4096""}",RESOURCE
MO_100001_39,RESOURCE,MO,"{""pa"": ""0x4e15000"", ""num_pages"": ""1"", ""page_size"": ""4096""}",RESOURCE
MO_100001_40,RESOURCE,MO,"{""pa"": ""0x4e16000"", ""num_pages"": ""1"", ""page_size"": ""4096""}",RESOURCE
MO_100001_41,RESOURCE,MO,"{""pa"": ""0x4e17000"", ""num_pages"": ""1"", ""page_size"": ""4096""}",RESOURCE
MO_100001_42,RESOURCE,MO,"{""pa"": ""0x4e18000"", ""num_pages"": ""1"", ""page_size"": ""4096""}",RESOURCE
MO_100001_43,RESOURCE,MO,"{""pa"": ""0x4e19000"", ""num_pages"": ""1"", ""page_size"": ""4096""}",RESOURCE
MO_100001_44,RESOURCE,MO,"{""pa"": ""0x4e1a000"", ""num_pages"": ""1"", ""page_size"": ""4096""}",RESOURCE
MO_100001_45,RESOURCE,MO,"{""pa"": ""0x4e1b000"", ""num_pages"": ""1"", ""page_size"": ""4096""}",RESOURCE
MO_100001_46,RESOURCE,MO,"{""pa"": ""0x4e1c000"", ""num_pages"": ""1"", ""page_size"": ""4096""}",RESOURCE
MO_100001_47,RESOURCE,MO,"{""pa"": ""0x4e1d000"", ""num_pages"": ""1"", ""page_size"": ""4096""}",RESOURCE
MO_100001_48,RESOURCE,MO,"{""pa"": ""0x4e1e000"", ""num_pages"": ""1"", ""page_size"": ""4096""}",RESOURCE
MO_100001_49,RESOURCE,MO,"{""pa"": ""0x4e1f000"", ""num_pages"": ""1"", ""page_size"": ""4096""}",RESOURCE
MO_100001_50,RESOURCE,MO,"{""pa"": ""0x4e3e000"", ""num_pages"": ""1"", ""page_size"": ""4096""}",RESOURCE
MO_100001_51,RESOURCE,MO,"{""pa"": ""0x4e3f000"", ""num_pages"": ""1"", ""page_size"": ""4096""}",RESOURCE
MO_100001_52,RESOURCE,MO,"{""pa"": ""0x4e41000"", ""num_pages"": ""1"", ""page_size"": ""4096""}",RESOURCE
MO_100001_53,RESOURCE,MO,"{""pa"": ""0x4e42000"", ""num_pages"": ""1"", ""page_size"": ""4096""}",RESOURCE
MO_100001_54,RESOURCE,MO,"{""pa"": ""0x4e43000"", ""num_pages"": ""1"", ""page_size"": ""4096""}",RESOURCE
MO_100001_55,RESOURCE,MO,"{""pa"": ""0x4e44000"", ""num_pages"": ""1"", ""page_size"": ""4096""}",RESOURCE
MO_100001_56,RESOURCE,MO,"{""pa"": ""0x4e45000"", ""num_pages"": ""1"", ""page_size"": ""4096""}",RESOURCE
MO_100001_57,RESOURCE,MO,"{""pa"": ""0x4e46000"", ""num_pages"": ""1"", ""page_size"": ""4096""}",RESOURCE
MO_100001_58,RESOURCE,MO,"{""pa"": ""0x4e47000"", ""num_pages"": ""1"", ""page_size"": ""4096""}",RESOURCE
MO_100001_59,RESOURCE,MO,"{""pa"": ""0x4e48000"", ""num_pages"": ""1"", ""page_size"": ""4096""}",RESOURCE
MO_100001_60,RESOURCE,MO,"{""pa"": ""0x4e49000"", ""num_pages"": ""1"", ""page_size"": ""4096""}",RESOURCE
MO_100001_61,RESOURCE,MO,"{""pa"": ""0x4e4a000"", ""num_pages"": ""1"", ""page_size"": ""4096""}",RESOURCE
MO_100001_62,RESOURCE,MO,"{""pa"": ""0x4e4b000"", ""num_pages"": ""1"", ""page_size"": ""4096""}",RESOURCE
MO_100001_63,RESOURCE,MO,"{""pa"": ""0x4e4c000"", ""num_pages"": ""1"", ""page_size"": ""4096""}",RESOURCE
MO_100001_64,RESOURCE,MO,"{""pa"": ""0x4e4d000"", ""num_pages"": ""1"", ""page_size"": ""4096""}",RESOURCE
MO_100001_65,RESOURCE,MO,"{""pa"": ""0x4e4e000"", ""num_pages"": ""1"", ""page_size"": ""4096""}",RESOURCE
MO_100001_66,RESOURCE,MO,"{""pa"": ""0x4e4f000"", ""num_pages"": ""1"", ""page_size"": ""4096""}",RESOURCE
MO_100001_67,RESOURCE,MO,"{""pa"": ""0x4e50000"", ""num_pages"": ""1"", ""page_size"": ""4096""}",RESOURCE
MO_100001_68,RESOURCE,MO,"{""pa"": ""0x4e61000"", ""num_pages"": ""1"", ""page_size"": ""4096""}",RESOURCE
MO_100001_69,RESOURCE,MO,"{""pa"": ""0x4e62000"", ""num_pages"": ""1"", ""page_size"": ""4096""}",RESOURCE
MO_100001_70,RESOURCE,MO,"{""pa"": ""0x4e63000"", ""num_pages"": ""1"", ""page_size"": ""4096""}",RESOURCE
MO_100001_71,RESOURCE,MO,"{""pa"": ""0x4e64000"", ""num_pages"": ""1"", ""page_size"": ""4096""}",RESOURCE
MO_100001_72,RESOURCE,MO,"{""pa"": ""0x4e65000"", ""num_pages"": ""1"", ""page_size"": ""4096""}",RESOURCE
MO_100001_73,RESOURCE,MO,"{""pa"": ""0x4e66000"", ""num_pages"": ""1"", ""page_size"": ""4096""}",RESOURCE
MO_100001_74,RESOURCE,MO,"{""pa"": ""0x4e67000"", ""num_pages"": ""1"", ""page_size"": ""4096""}",RESOURCE
MO_100001_75,RESOURCE,MO,"{""pa"": ""0x4e68000"", ""num_pages"": ""1"", ""page_size"": ""4096""}",RESOURCE
MO_100001_76,RESOURCE,MO,"{""pa"": ""0x4e69000"", ""num_pages"": ""1"", ""page_size"": ""4096""}",RESOURCE
MO_100001_77,RESOURCE,MO,"{""pa"": ""0x4e6a000"", ""num_pages"": ""1"", ""page_size"": ""4096""}",RESOURCE
MO_100001_78,RESOURCE,MO,"{""pa"": ""0x4e6b000"", ""num_pages"": ""1"", ""page_size"": ""4096""}",RESOURCE
MO_100001_79,RESOURCE,MO,"{""pa"": ""0x4e6c000"", ""num_pages"": ""1"", ""page_size"": ""4096""}",RESOURCE
MO_100001_80,RESOURCE,MO,"{""pa"": ""0x4e6d000"", ""num_pages"": ""1"", ""page_size"": ""4096""}",RESOURCE
MO_100001_81,RESOURCE,MO,"{""pa"": ""0x4e6e000"", ""num_pages"": ""1"", ""page_size"": ""4096""}",RESOURCE
MO_100001_82,RESOURCE,MO,"{""pa"": ""0x4e6f000"", ""num_pages"": ""1"", ""page_size"": ""4096""}",RESOURCE
MO_100001_83,RESOURCE,MO,"{""pa"": ""0x4e70000"", ""num_pages"": ""1"", ""page_size"": ""4096""}",RESOURCE
MO_100001_84,RESOURCE,MO,"{""pa"": ""0x4e7d000"", ""num_pages"": ""1"", ""page_size"": ""4096""}",RESOURCE
MO_100001_85,RESOURCE,MO,"{""pa"": ""0x4e7e000"", ""num_pages"": ""1"", ""page_size"": ""4096""}",RESOURCE
MO_100001_86,RESOURCE,MO,"{""pa"": ""0x4e7f000"", ""num_pages"": ""1"", ""page_size"": ""4096""}",RESOURCE
MO_100001_87,RESOURCE,MO,"{""pa"": ""0x4edb000"", ""num_pages"": ""1"", ""page_size"": ""4096""}",RESOURCE
MO_100001_88,RESOURCE,MO,"{""pa"": ""0x4edc000"", ""num_pages"": ""1"", ""page_size"": ""4096""}",RESOURCE
MO_100001_89,RESOURCE,MO,"{""pa"": ""0x4fc0000"", ""num_pages"": ""1"", ""page_size"": ""4096""}",RESOURCE
MO_100001_90,RESOURCE,MO,"{""pa"": ""0x4fc1000"", ""num_pages"": ""1"", ""page_size"": ""4096""}",RESOURCE
MO_100001_91,RESOURCE,MO,"{""pa"": ""0x4fc2000"", ""num_pages"": ""1"", ""page_size"": ""4096""}",RESOURCE
MO_100001_92,RESOURCE,MO,"{""pa"": ""0x4fc3000"", ""num_pages"": ""1"", ""page_size"": ""4096""}",RESOURCE
MO_100001_93,RESOURCE,MO,"{""pa"": ""0x4fc4000"", ""num_pages"": ""1"", ""page_size"": ""4096""}",RESOURCE
MO_100001_94,RESOURCE,MO,"{""pa"": ""0x4fc5000"", ""num_pages"": ""1"", ""page_size"": ""4096""}",RESOURCE
MO_100001_95,RESOURCE,MO,"{""pa"": ""0x4fc6000"", ""num_pages"": ""1"", ""page_size"": ""4096""}",RESOURCE
MO_100001_96,RESOURCE,MO,"{""pa"": ""0x4fc7000"", ""num_pages"": ""1"", ""page_size"": ""4096""}",RESOURCE
MO_100001_97,RESOURCE,MO,"{""pa"": ""0x4fc8000"", ""num_pages"": ""1"", ""page_size"": ""4096""}",RESOURCE
MO_100001_98,RESOURCE,MO,"{""pa"": ""0x4fc9000"", ""num_pages"": ""1"", ""page_size"": ""4096""}",RESOURCE
MO_100001_99,RESOURCE,MO,"{""pa"": ""0x4fca000"", ""num_pages"": ""1"", ""page_size"": ""4096""}",RESOURCE
MO_100001_100,RESOURCE,MO,"{""pa"": ""0x4fe8000"", ""num_pages"": ""1"", ""page_size"": ""4096""}",RESOURCE
MO_100001_101,RESOURCE,MO,"{""pa"": ""0x4fe9000"", ""num_pages"": ""1"", ""page_size"": ""4096""}",RESOURCE
MO_100001_102,RESOURCE,MO,"{""pa"": ""0x4fea000"", ""num_pages"": ""1"", ""page_size"": ""4096""}",RESOURCE
MO_100001_103,RESOURCE,MO,"{""pa"": ""0x4feb000"", ""num_pages"": ""1"", ""page_size"": ""4096""}",RESOURCE
MO_100001_104,RESOURCE,MO,"{""pa"": ""0x4fec000"", ""num_pages"": ""1"", ""page_size"": ""4096""}",RESOURCE
MO_100001_105,RESOURCE,MO,"{""pa"": ""0x4fed000"", ""num_pages"": ""1"", ""page_size"": ""4096""}",RESOURCE
MO_100001_106,RESOURCE,MO,"{""pa"": ""0x4fee000"", ""num_pages"": ""1"", ""page_size"": ""4096""}",RESOURCE
MO_100001_107,RESOURCE,MO,"{""pa"": ""0x4fef000"", ""num_pages"": ""1"", ""page_size"": ""4096""}",RESOURCE
MO_100001_108,RESOURCE,MO,"{""pa"": ""0x4ff0000"", ""num_pages"": ""1"", ""page_size"": ""4096""}",RESOURCE
MO_100001_109,RESOURCE,MO,"{""pa"": ""0x4ff1000"", ""num_pages"": ""1"", ""page_size"": ""4096""}",RESOURCE
MO_100001_110,RESOURCE,MO,"{""pa"": ""0x4ff2000"", ""num_pages"": ""1"", ""page_size"": ""4096""}",RESOURCE
MO_100001_111,RESOURCE,MO,"{""pa"": ""0x4ff3000"", ""num_pages"": ""1"", ""page_size"": ""4096""}",RESOURCE
MO_100001_112,RESOURCE,MO,"{""pa"": ""0x4ff4000"", ""num_pages"": ""1"", ""page_size"": ""4096""}",RESOURCE
MO_100001_113,RESOURCE,MO,"{""pa"": ""0x4ff5000"", ""num_pages"": ""1"", ""page_size"": ""4096""}",RESOURCE
MO_100001_114,RESOURCE,MO,"{""pa"": ""0x4ff6000"", ""num_pages"": ""1"", ""page_size"": ""4096""}",RESOURCE
MO_100001_115,RESOURCE,MO,"{""pa"": ""0x4ff7000"", ""num_pages"": ""1"", ""page_size"": ""4096""}",RESOURCE
MO_100001_116,RESOURCE,MO,"{""pa"": ""0x4ff8000"", ""num_pages"": ""1"", ""page_size"": ""4096""}",RESOURCE
MO_100001_117,RESOURCE,MO,"{""pa"": ""0x4ff9000"", ""num_pages"": ""1"", ""page_size"": ""4096""}",RESOURCE
MO_100001_118,RESOURCE,MO,"{""pa"": ""0x4ffa000"", ""num_pages"": ""1"", ""page_size"": ""4096""}",RESOURCE
MO_100001_119,RESOURCE,MO,"{""pa"": ""0x516f000"", ""num_pages"": ""1"", ""page_size"": ""4096""}",RESOURCE
MO_100001_120,RESOURCE,MO,"{""pa"": ""0x51c3000"", ""num_pages"": ""1"", ""page_size"": ""4096""}",RESOURCE
MO_100001_121,RESOURCE,MO,"{""pa"": ""0x51c4000"", ""num_pages"": ""1"", ""page_size"": ""4096""}",RESOURCE
MO_100001_122,RESOURCE,MO,"{""pa"": ""0x51c5000"", ""num_pages"": ""1"", ""page_size"": ""4096""}",RESOURCE
MO_100001_123,RESOURCE,MO,"{""pa"": ""0x51c6000"", ""num_pages"": ""1"", ""page_size"": ""4096""}",RESOURCE
MO_100001_124,RESOURCE,MO,"{""pa"": ""0x51c7000"", ""num_pages"": ""1"", ""page_size"": ""4096""}",RESOURCE
MO_100001_125,RESOURCE,MO,"{""pa"": ""0x51c8000"", ""num_pages"": ""1"", ""page_size"": ""4096""}",RESOURCE
MO_100001_126,RESOURCE,MO,"{""pa"": ""0x51c9000"", ""num_pages"": ""1"", ""page_size"": ""4096""}",RESOURCE
MO_100001_127,RESOURCE,MO,"{""pa"": ""0x51ca000"", ""num_pages"": ""1"", ""page_size"": ""4096""}",RESOURCE
MO_100001_128,RESOURCE,MO,"{""pa"": ""0x51cb000"", ""num_pages"": ""1"", ""page_size"": ""4096""}",RESOURCE
MO_100001_129,RESOURCE,MO,"{""pa"": ""0x51cc000"", ""num_pages"": ""1"", ""page_size"": ""4096""}",RESOURCE
MO_100001_130,RESOURCE,MO,"{""pa"": ""0x51cd000"", ""num_pages"": ""1"", ""page_size"": ""4096""}",RESOURCE
MO_100001_131,RESOURCE,MO,"{""pa"": ""0x51ce000"", ""num_pages"": ""1"", ""page_size"": ""4096""}",RESOURCE
MO_100001_132,RESOURCE,MO,"{""pa"": ""0x51cf000"", ""num_pages"": ""1"", ""page_size"": ""4096""}",RESOURCE
MO_100001_133,RESOURCE,MO,"{""pa"": ""0x51e4000"", ""num_pages"": ""1"", ""page_size"": ""4096""}",RESOURCE
MO_100001_134,RESOURCE,MO,"{""pa"": ""0x51e5000"", ""num_pages"": ""1"", ""page_size"": ""4096""}",RESOURCE
MO_100001_135,RESOURCE,MO,"{""pa"": ""0x51e6000"", ""num_pages"": ""1"", ""page_size"": ""4096""}",RESOURCE
MO_100001_136,RESOURCE,MO,"{""pa"": ""0x51e7000"", ""num_pages"": ""1"", ""page_size"": ""4096""}",RESOURCE
MO_100001_137,RESOURCE,MO,"{""pa"": ""0x51e8000"", ""num_pages"": ""1"", ""page_size"": ""4096""}",RESOURCE
MO_100001_138,RESOURCE,MO,"{""pa"": ""0x51e9000"", ""num_pages"": ""1"", ""page_size"": ""4096""}",RESOURCE
MO_100001_139,RESOURCE,MO,"{""pa"": ""0x51ea000"", ""num_pages"": ""1"", ""page_size"": ""4096""}",RESOURCE
MO_100001_140,RESOURCE,MO,"{""pa"": ""0x51eb000"", ""num_pages"": ""1"", ""page_size"": ""4096""}",RESOURCE
MO_100001_141,RESOURCE,MO,"{""pa"": ""0x51ec000"", ""num_pages"": ""1"", ""page_size"": ""4096""}",RESOURCE
MO_100001_142,RESOURCE,MO,"{""pa"": ""0x51ed000"", ""num_pages"": ""1"", ""page_size"": ""4096""}",RESOURCE
MO_100001_143,RESOURCE,MO,"{""pa"": ""0x51ee000"", ""num_pages"": ""1"", ""page_size"": ""4096""}",RESOURCE
MO_100001_144,RESOURCE,MO,"{""pa"": ""0x51ef000"", ""num_pages"": ""1"", ""page_size"": ""4096""}",RESOURCE
MO_100001_145,RESOURCE,MO,"{""pa"": ""0x52ff000"", ""num_pages"": ""1"", ""page_size"": ""4096""}",RESOURCE
MO_100001_146,RESOURCE,MO,"{""pa"": ""0x5380000"", ""num_pages"": ""1"", ""page_size"": ""4096""}",RESOURCE
MO_100001_147,RESOURCE,MO,"{""pa"": ""0x5381000"", ""num_pages"": ""1"", ""page_size"": ""4096""}",RESOURCE
MO_100001_148,RESOURCE,MO,"{""pa"": ""0x53c1000"", ""num_pages"": ""1"", ""page_size"": ""4096""}",RESOURCE
MO_100001_149,RESOURCE,MO,"{""pa"": ""0x53c2000"", ""num_pages"": ""1"", ""page_size"": ""4096""}",RESOURCE
MO_100001_150,RESOURCE,MO,"{""pa"": ""0x53c3000"", ""num_pages"": ""1"", ""page_size"": ""4096""}",RESOURCE
MO_100001_151,RESOURCE,MO,"{""pa"": ""0x53c4000"", ""num_pages"": ""1"", ""page_size"": ""4096""}",RESOURCE
MO_100001_152,RESOURCE,MO,"{""pa"": ""0x53c5000"", ""num_pages"": ""1"", ""page_size"": ""4096""}",RESOURCE
MO_100001_153,RESOURCE,MO,"{""pa"": ""0x53c6000"", ""num_pages"": ""1"", ""page_size"": ""4096""}",RESOURCE
MO_100001_154,RESOURCE,MO,"{""pa"": ""0x53c7000"", ""num_pages"": ""1"", ""page_size"": ""4096""}",RESOURCE
MO_100001_155,RESOURCE,MO,"{""pa"": ""0x53c8000"", ""num_pages"": ""1"", ""page_size"": ""4096""}",RESOURCE
MO_100001_156,RESOURCE,MO,"{""pa"": ""0x53c9000"", ""num_pages"": ""1"", ""page_size"": ""4096""}",RESOURCE
MO_100001_157,RESOURCE,MO,"{""pa"": ""0x53ca000"", ""num_pages"": ""1"", ""page_size"": ""4096""}",RESOURCE
MO_100001_158,RESOURCE,MO,"{""pa"": ""0x53cb000"", ""num_pages"": ""1"", ""page_size"": ""4096""}",RESOURCE
MO_100001_159,RESOURCE,MO,"{""pa"": ""0x53cc000"", ""num_pages"": ""1"", ""page_size"": ""4096""}",RESOURCE
MO_100001_160,RESOURCE,MO,"{""pa"": ""0x53cd000"", ""num_pages"": ""1"", ""page_size"": ""4096""}",RESOURCE
MO_100001_161,RESOURCE,MO,"{""pa"": ""0x53ce000"", ""num_pages"": ""1"", ""page_size"": ""4096""}",RESOURCE
MO_100001_162,RESOURCE,MO,"{""pa"": ""0x53cf000"", ""num_pages"": ""1"", ""page_size"": ""4096""}",RESOURCE
MO_100001_163,RESOURCE,MO,"{""pa"": ""0x53d0000"", ""num_pages"": ""1"", ""page_size"": ""4096""}",RESOURCE
MO_100001_164,RESOURCE,MO,"{""pa"": ""0x53d1000"", ""num_pages"": ""1"", ""page_size"": ""4096""}",RESOURCE
MO_100001_165,RESOURCE,MO,"{""pa"": ""0x53d2000"", ""num_pages"": ""1"", ""page_size"": ""4096""}",RESOURCE
MO_100001_166,RESOURCE,MO,"{""pa"": ""0x53d3000"", ""num_pages"": ""1"", ""page_size"": ""4096""}",RESOURCE
MO_100001_167,RESOURCE,MO,"{""pa"": ""0x53d4000"", ""num_pages"": ""1"", ""page_size"": ""4096""}",RESOURCE
MO_100001_168,RESOURCE,MO,"{""pa"": ""0x53d5000"", ""num_pages"": ""1"", ""page_size"": ""4096""}",RESOURCE
MO_100001_169,RESOURCE,MO,"{""pa"": ""0x53d6000"", ""num_pages"": ""1"", ""page_size"": ""4096""}",RESOURCE
MO_100001_170,RESOURCE,MO,"{""pa"": ""0x53d7000"", ""num_pages"": ""1"", ""page_size"": ""4096""}",RESOURCE
MO_100001_171,RESOURCE,MO,"{""pa"": ""0x53d8000"", ""num_pages"": ""1"", ""page_size"": ""4096""}",RESOURCE
MO_100001_172,RESOURCE,MO,"{""pa"": ""0x53db000"", ""num_pages"": ""1"", ""page_size"": ""4096""}",RESOURCE
MO_100001_173,RESOURCE,MO,"{""pa"": ""0x53dc000"", ""num_pages"": ""1"", ""page_size"": ""4096""}",RESOURCE
MO_100001_174,RESOURCE,MO,"{""pa"": ""0x53dd000"", ""num_pages"": ""1"", ""page_size"": ""4096""}",RESOURCE
MO_100001_175,RESOURCE,MO,"{""pa"": ""0x53de000"", ""num_pages"": ""1"", ""page_size"": ""4096""}",RESOURCE
MO_100001_176,RESOURCE,MO,"{""pa"": ""0x53df000"", ""num_pages"": ""1"", ""page_size"": ""4096""}",RESOURCE
MO_100001_177,RESOURCE,MO,"{""pa"": ""0x5614000"", ""num_pages"": ""1"", ""page_size"": ""4096""}",RESOURCE
MO_100001_178,RESOURCE,MO,"{""pa"": ""0x5615000"", ""num_pages"": ""1"", ""page_size"": ""4096""}",RESOURCE
MO_100001_179,RESOURCE,MO,"{""pa"": ""0x5616000"", ""num_pages"": ""1"", ""page_size"": ""4096""}",RESOURCE
MO_100001_180,RESOURCE,MO,"{""pa"": ""0x5617000"", ""num_pages"": ""1"", ""page_size"": ""4096""}",RESOURCE
MO_100001_181,RESOURCE,MO,"{""pa"": ""0x5618000"", ""num_pages"": ""1"", ""page_size"": ""4096""}",RESOURCE
MO_100001_182,RESOURCE,MO,"{""pa"": ""0x5619000"", ""num_pages"": ""1"", ""page_size"": ""4096""}",RESOURCE
MO_100001_183,RESOURCE,MO,"{""pa"": ""0x561a000"", ""num_pages"": ""1"", ""page_size"": ""4096""}",RESOURCE
MO_100001_184,RESOURCE,MO,"{""pa"": ""0x561b000"", ""num_pages"": ""1"", ""page_size"": ""4096""}",RESOURCE
MO_100001_185,RESOURCE,MO,"{""pa"": ""0x561c000"", ""num_pages"": ""1"", ""page_size"": ""4096""}",RESOURCE
MO_100001_186,RESOURCE,MO,"{""pa"": ""0x561d000"", ""num_pages"": ""1"", ""page_size"": ""4096""}",RESOURCE
MO_100001_187,RESOURCE,MO,"{""pa"": ""0x561e000"", ""num_pages"": ""1"", ""page_size"": ""4096""}",RESOURCE
MO_100001_188,RESOURCE,MO,"{""pa"": ""0x561f000"", ""num_pages"": ""1"", ""page_size"": ""4096""}",RESOURCE
MO_100001_189,RESOURCE,MO,"{""pa"": ""0x5620000"", ""num_pages"": ""1"", ""page_size"": ""4096""}",RESOURCE
MO_100001_190,RESOURCE,MO,"{""pa"": ""0x5621000"", ""num_pages"": ""1"", ""page_size"": ""4096""}",RESOURCE
MO_100001_191,RESOURCE,MO,"{""pa"": ""0x5622000"", ""num_pages"": ""1"", ""page_size"": ""4096""}",RESOURCE
MO_100001_192,RESOURCE,MO,"{""pa"": ""0x5623000"", ""num_pages"": ""1"", ""page_size"": ""4096""}",RESOURCE
MO_100001_193,RESOURCE,MO,"{""pa"": ""0x5624000"", ""num_pages"": ""1"", ""page_size"": ""4096""}",RESOURCE
MO_100001_194,RESOURCE,MO,"{""pa"": ""0x5625000"", ""num_pages"": ""1"", ""page_size"": ""4096""}",RESOURCE
MO_100001_195,RESOURCE,MO,"{""pa"": ""0x5626000"", ""num_pages"": ""1"", ""page_size"": ""4096""}",RESOURCE
MO_100001_196,RESOURCE,MO,"{""pa"": ""0x5627000"", ""num_pages"": ""1"", ""page_size"": ""4096""}",RESOURCE
MO_100001_197,RESOURCE,MO,"{""pa"": ""0x5628000"", ""num_pages"": ""1"", ""page_size"": ""4096""}",RESOURCE
MO_100001_198,RESOURCE,MO,"{""pa"": ""0x5629000"", ""num_pages"": ""1"", ""page_size"": ""4096""}",RESOURCE
MO_100001_199,RESOURCE,MO,"{""pa"": ""0x562a000"", ""num_pages"": ""1"", ""page_size"": ""4096""}",RESOURCE
MO_100001_200,RESOURCE,MO,"{""pa"": ""0x562b000"", ""num_pages"": ""1"", ""page_size"": ""4096""}",RESOURCE
MO_100001_201,RESOURCE,MO,"{""pa"": ""0x563e000"", ""num_pages"": ""1"", ""page_size"": ""4096""}",RESOURCE
MO_100001_202,RESOURCE,MO,"{""pa"": ""0x563f000"", ""num_pages"": ""1"", ""page_size"": ""4096""}",RESOURCE
MO_100001_203,RESOURCE,MO,"{""pa"": ""0x5640000"", ""num_pages"": ""1"", ""page_size"": ""4096""}",RESOURCE
MO_100001_204,RESOURCE,MO,"{""pa"": ""0x5641000"", ""num_pages"": ""1"", ""page_size"": ""4096""}",RESOURCE
MO_100001_205,RESOURCE,MO,"{""pa"": ""0x5642000"", ""num_pages"": ""1"", ""page_size"": ""4096""}",RESOURCE
MO_100001_206,RESOURCE,MO,"{""pa"": ""0x5643000"", ""num_pages"": ""1"", ""page_size"": ""4096""}",RESOURCE
MO_100001_207,RESOURCE,MO,"{""pa"": ""0x5644000"", ""num_pages"": ""1"", ""page_size"": ""4096""}",RESOURCE
MO_100001_208,RESOURCE,MO,"{""pa"": ""0x5645000"", ""num_pages"": ""1"", ""page_size"": ""4096""}",RESOURCE
MO_100001_209,RESOURCE,MO,"{""pa"": ""0x5646000"", ""num_pages"": ""1"", ""page_size"": ""4096""}",RESOURCE
MO_100001_210,RESOURCE,MO,"{""pa"": ""0x5647000"", ""num_pages"": ""1"", ""page_size"": ""4096""}",RESOURCE
MO_100001_211,RESOURCE,MO,"{""pa"": ""0x5648000"", ""num_pages"": ""1"", ""page_size"": ""4096""}",RESOURCE
MO_100001_212,RESOURCE,MO,"{""pa"": ""0x5649000"", ""num_pages"": ""1"", ""page_size"": ""4096""}",RESOURCE
MO_100001_213,RESOURCE,MO,"{""pa"": ""0x564a000"", ""num_pages"": ""1"", ""page_size"": ""4096""}",RESOURCE
MO_100001_214,RESOURCE,MO,"{""pa"": ""0x564b000"", ""num_pages"": ""1"", ""page_size"": ""4096""}",RESOURCE
MO_100001_215,RESOURCE,MO,"{""pa"": ""0x564c000"", ""num_pages"": ""1"", ""page_size"": ""4096""}",RESOURCE
MO_100001_216,RESOURCE,MO,"{""pa"": ""0x564d000"", ""num_pages"": ""1"", ""page_size"": ""4096""}",RESOURCE
MO_100001_217,RESOURCE,MO,"{""pa"": ""0x564e000"", ""num_pages"": ""1"", ""page_size"": ""4096""}",RESOURCE
MO_100001_218,RESOURCE,MO,"{""pa"": ""0x7a2c000"", ""num_pages"": ""1"", ""page_size"": ""4096""}",RESOURCE
MO_100001_219,RESOURCE,MO,"{""pa"": ""0x7a2d000"", ""num_pages"": ""1"", ""page_size"": ""4096""}",RESOURCE
MO_100001_220,RESOURCE,MO,"{""pa"": ""0x7a2e000"", ""num_pages"": ""1"", ""page_size"": ""4096""}",RESOURCE
MO_100001_221,RESOURCE,MO,"{""pa"": ""0x7a2f000"", ""num_pages"": ""1"", ""page_size"": ""4096""}",RESOURCE
MO_100001_222,RESOURCE,MO,"{""pa"": ""0x7a30000"", ""num_pages"": ""1"", ""page_size"": ""4096""}",RESOURCE
MO_100001_223,RESOURCE,MO,"{""pa"": ""0x7a31000"", ""num_pages"": ""1"", ""page_size"": ""4096""}",RESOURCE
MO_100001_224,RESOURCE,MO,"{""pa"": ""0x7a32000"", ""num_pages"": ""1"", ""page_size"": ""4096""}",RESOURCE
MO_100001_225,RESOURCE,MO,"{""pa"": ""0x7a33000"", ""num_pages"": ""1"", ""page_size"": ""4096""}",RESOURCE
MO_100001_226,RESOURCE,MO,"{""pa"": ""0x7a34000"", ""num_pages"": ""1"", ""page_size"": ""4096""}",RESOURCE
MO_100001_227,RESOURCE,MO,"{""pa"": ""0x7a35000"", ""num_pages"": ""1"", ""page_size"": ""4096""}",RESOURCE
MO_100001_228,RESOURCE,MO,"{""pa"": ""0x7a36000"", ""num_pages"": ""1"", ""page_size"": ""4096""}",RESOURCE
MO_100001_229,RESOURCE,MO,"{""pa"": ""0x7a50000"", ""num_pages"": ""1"", ""page_size"": ""4096""}",RESOURCE
MO_100001_230,RESOURCE,MO,"{""pa"": ""0x7a51000"", ""num_pages"": ""1"", ""page_size"": ""4096""}",RESOURCE
MO_100001_231,RESOURCE,MO,"{""pa"": ""0x7a52000"", ""num_pages"": ""1"", ""page_size"": ""4096""}",RESOURCE
MO_100001_232,RESOURCE,MO,"{""pa"": ""0x7a53000"", ""num_pages"": ""1"", ""page_size"": ""4096""}",RESOURCE
MO_100001_233,RESOURCE,MO,"{""pa"": ""0x7a54000"", ""num_pages"": ""1"", ""page_size"": ""4096""}",RESOURCE
MO_100001_234,RESOURCE,MO,"{""pa"": ""0x7a55000"", ""num_pages"": ""1"", ""page_size"": ""4096""}",RESOURCE
MO_100001_235,RESOURCE,MO,"{""pa"": ""0x7a56000"", ""num_pages"": ""1"", ""page_size"": ""4096""}",RESOURCE
MO_100001_236,RESOURCE,MO,"{""pa"": ""0x7a57000"", ""num_pages"": ""1"", ""page_size"": ""4096""}",RESOURCE
MO_100001_237,RESOURCE,MO,"{""pa"": ""0x7a58000"", ""num_pages"": ""1"", ""page_size"": ""4096""}",RESOURCE
MO_100001_238,RESOURCE,MO,"{""pa"": ""0x7a59000"", ""num_pages"": ""1"", ""page_size"": ""4096""}",RESOURCE
MO_100001_239,RESOURCE,MO,"{""pa"": ""0x7a5a000"", ""num_pages"": ""1"", ""page_size"": ""4096""}",RESOURCE
MO_100001_240,RESOURCE,MO,"{""pa"": ""0x7a5b000"", ""num_pages"": ""1"", ""page_size"": ""4096""}",RESOURCE
MO_100001_241,RESOURCE,MO,"{""pa"": ""0x7a5c000"", ""num_pages"": ""1"", ""page_size"": ""4096""}",RESOURCE
MO_100001_242,RESOURCE,MO,"{""pa"": ""0x7a5d000"", ""num_pages"": ""1"", ""page_size"": ""4096""}",RESOURCE
MO_100001_243,RESOURCE,MO,"{""pa"": ""0x7a5f000"", ""num_pages"": ""1"", ""page_size"": ""4096""}",RESOURCE
MO_100001_244,RESOURCE,MO,"{""pa"": ""0x7a60000"", ""num_pages"": ""1"", ""page_size"": ""4096""}",RESOURCE
MO_100001_245,RESOURCE,MO,"{""pa"": ""0x7a61000"", ""num_pages"": ""1"", ""page_size"": ""4096""}",RESOURCE
MO_100001_246,RESOURCE,MO,"{""pa"": ""0x7a62000"", ""num_pages"": ""1"", ""page_size"": ""4096""}",RESOURCE
MO_100001_247,RESOURCE,MO,"{""pa"": ""0x7a63000"", ""num_pages"": ""1"", ""page_size"": ""4096""}",RESOURCE
MO_100001_248,RESOURCE,MO,"{""pa"": ""0x7a64000"", ""num_pages"": ""1"", ""page_size"": ""4096""}",RESOURCE
MO_100001_249,RESOURCE,MO,"{""pa"": ""0x7a65000"", ""num_pages"": ""1"", ""page_size"": ""4096""}",RESOURCE
MO_100001_250,RESOURCE,MO,"{""pa"": ""0x7a74000"", ""num_pages"": ""1"", ""page_size"": ""4096""}",RESOURCE
MO_100001_251,RESOURCE,MO,"{""pa"": ""0x7a75000"", ""num_pages"": ""1"", ""page_size"": ""4096""}",RESOURCE
MO_100001_252,RESOURCE,MO,"{""pa"": ""0x7a76000"", ""num_pages"": ""1"", ""page_size"": ""4096""}",RESOURCE
MO_100001_253,RESOURCE,MO,"{""pa"": ""0x7a77000"", ""num_pages"": ""1"", ""page_size"": ""4096""}",RESOURCE
MO_100001_254,RESOURCE,MO,"{""pa"": ""0x7a78000"", ""num_pages"": ""1"", ""page_size"": ""4096""}",RESOURCE
MO_100001_255,RESOURCE,MO,"{""pa"": ""0x7a79000"", ""num_pages"": ""1"", ""page_size"": ""4096""}",RESOURCE
MO_100001_256,RESOURCE,MO,"{""pa"": ""0x7a7a000"", ""num_pages"": ""1"", ""page_size"": ""4096""}",RESOURCE
MO_100001_257,RESOURCE,MO,"{""pa"": ""0x7a7b000"", ""num_pages"": ""1"", ""page_size"": ""4096""}",RESOURCE
MO_100001_258,RESOURCE,MO,"{""pa"": ""0x7a7c000"", ""num_pages"": ""1"", ""page_size"": ""4096""}",RESOURCE
MO_100001_259,RESOURCE,MO,"{""pa"": ""0x7a7d000"", ""num_pages"": ""1"", ""page_size"": ""4096""}",RESOURCE
MO_100001_260,RESOURCE,MO,"{""pa"": ""0x7a7e000"", ""num_pages"": ""1"", ""page_size"": ""4096""}",RESOURCE
MO_100001_261,RESOURCE,MO,"{""pa"": ""0x7a7f000"", ""num_pages"": ""1"", ""page_size"": ""4096""}",RESOURCE
MO_100001_262,RESOURCE,MO,"{""pa"": ""0x7f80000"", ""num_pages"": ""1"", ""page_size"": ""4096""}",RESOURCE
MO_100001_263,RESOURCE,MO,"{""pa"": ""0x7f81000"", ""num_pages"": ""1"", ""page_size"": ""4096""}",RESOURCE
MO_100001_264,RESOURCE,MO,"{""pa"": ""0x7f82000"", ""num_pages"": ""1"", ""page_size"": ""4096""}",RESOURCE
MO_100001_265,RESOURCE,MO,"{""pa"": ""0x7f83000"", ""num_pages"": ""1"", ""page_size"": ""4096""}",RESOURCE
MO_100001_266,RESOURCE,MO,"{""pa"": ""0x7f84000"", ""num_pages"": ""1"", ""page_size"": ""4096""}",RESOURCE
MO_100001_267,RESOURCE,MO,"{""pa"": ""0x7f85000"", ""num_pages"": ""1"", ""page_size"": ""4096""}",RESOURCE
MO_100001_268,RESOURCE,MO,"{""pa"": ""0x7f86000"", ""num_pages"": ""1"", ""page_size"": ""4096""}",RESOURCE
MO_100001_269,RESOURCE,MO,"{""pa"": ""0x7f87000"", ""num_pages"": ""1"", ""page_size"": ""4096""}",RESOURCE
MO_100001_270,RESOURCE,MO,"{""pa"": ""0x7f88000"", ""num_pages"": ""1"", ""page_size"": ""4096""}",RESOURCE
MO_100001_271,RESOURCE,MO,"{""pa"": ""0x7f89000"", ""num_pages"": ""1"", ""page_size"": ""4096""}",RESOURCE
MO_100001_272,RESOURCE,MO,"{""pa"": ""0x7f8a000"", ""num_pages"": ""1"", ""page_size"": ""4096""}",RESOURCE
MO_100001_273,RESOURCE,MO,"{""pa"": ""0x7f8b000"", ""num_pages"": ""1"", ""page_size"": ""4096""}",RESOURCE
MO_100001_274,RESOURCE,MO,"{""pa"": ""0x7f8c000"", ""num_pages"": ""1"", ""page_size"": ""4096""}",RESOURCE
MO_100001_275,RESOURCE,MO,"{""pa"": ""0x7f8d000"", ""num_pages"": ""1"", ""page_size"": ""4096""}",RESOURCE
MO_100001_276,RESOURCE,MO,"{""pa"": ""0x7f8e000"", ""num_pages"": ""1"", ""page_size"": ""4096""}",RESOURCE
MO_100001_277,RESOURCE,MO,"{""pa"": ""0x7f8f000"", ""num_pages"": ""1"", ""page_size"": ""4096""}",RESOURCE
MO_100001_278,RESOURCE,MO,"{""pa"": ""0x7f90000"", ""num_pages"": ""1"", ""page_size"": ""4096""}",RESOURCE
MO_100001_279,RESOURCE,MO,"{""pa"": ""0x7f91000"", ""num_pages"": ""1"", ""page_size"": ""4096""}",RESOURCE
MO_100001_280,RESOURCE,MO,"{""pa"": ""0x7f92000"", ""num_pages"": ""1"", ""page_size"": ""4096""}",RESOURCE
MO_100001_281,RESOURCE,MO,"{""pa"": ""0x7f93000"", ""num_pages"": ""1"", ""page_size"": ""4096""}",RESOURCE
MO_100001_282,RESOURCE,MO,"{""pa"": ""0x7f94000"", ""num_pages"": ""1"", ""page_size"": ""4096""}",RESOURCE
MO_100001_283,RESOURCE,MO,"{""pa"": ""0x7f95000"", ""num_pages"": ""1"", ""page_size"": ""4096""}",RESOURCE
MO_100001_284,RESOURCE,MO,"{""pa"": ""0x7f96000"", ""num_pages"": ""1"", ""page_size"": ""4096""}",RESOURCE
MO_100001_285,RESOURCE,MO,"{""pa"": ""0x7f97000"", ""num_pages"": ""1"", ""page_size"": ""4096""}",RESOURCE
MO_100001_286,RESOURCE,MO,"{""pa"": ""0x7f99000"", ""num_pages"": ""1"", ""page_size"": ""4096""}",RESOURCE
MO_100001_287,RESOURCE,MO,"{""pa"": ""0x7f9a000"", ""num_pages"": ""1"", ""page_size"": ""4096""}",RESOURCE
MO_100001_288,RESOURCE,MO,"{""pa"": ""0x7f9b000"", ""num_pages"": ""1"", ""page_size"": ""4096""}",RESOURCE
MO_100001_289,RESOURCE,MO,"{""pa"": ""0x7f9c000"", ""num_pages"": ""1"", ""page_size"": ""4096""}",RESOURCE
MO_100001_290,RESOURCE,MO,"{""pa"": ""0x7f9d000"", ""num_pages"": ""1"", ""page_size"": ""4096""}",RESOURCE
MO_100001_291,RESOURCE,MO,"{""pa"": ""0x7f9e000"", ""num_pages"": ""1"", ""page_size"": ""4096""}",RESOURCE
MO_100001_292,RESOURCE,MO,"{""pa"": ""0x7f9f000"", ""num_pages"": ""1"", ""page_size"": ""4096""}",RESOURCE
VMR_100002_1,RESOURCE,VMR,"{""va"": ""0x5645db837000"", ""vmr_type"": ""PROGRAM"", ""num_pages"": ""1"", ""page_size"": ""4096""}",RESOURCE
VMR_100002_2,RESOURCE,VMR,"{""va"": ""0x5645db838000"", ""vmr_type"": ""PROGRAM"", ""num_pages"": ""1"", ""page_size"": ""4096""}",RESOURCE
VMR_100002_3,RESOURCE,VMR,"{""va"": ""0x5645db839000"", ""vmr_type"": ""PROGRAM"", ""num_pages"": ""1"", ""page_size"": ""4096""}",RESOURCE
VMR_100002_4,RESOURCE,VMR,"{""va"": ""0x5645db83a000"", ""vmr_type"": ""PROGRAM"", ""num_pages"": ""1"", ""page_size"": ""4096""}",RESOURCE
VMR_100002_5,RESOURCE,VMR,"{""va"": ""0x5645db83b000"", ""vmr_type"": ""PROGRAM"", ""num_pages"": ""1"", ""page_size"": ""4096""}",RESOURCE
VMR_100002_6,RESOURCE,VMR,"{""va"": ""0x5645db83c000"", ""vmr_type"": ""HEAP"", ""num_pages"": ""1"", ""page_size"": ""4096""}",RESOURCE
VMR_100002_7,RESOURCE,VMR,"{""va"": ""0x5645db83d000"", ""vmr_type"": ""HEAP"", ""num_pages"": ""1"", ""page_size"": ""4096""}",RESOURCE
VMR_100002_8,RESOURCE,VMR,"{""va"": ""0x5645db83e000"", ""vmr_type"": ""HEAP"", ""num_pages"": ""1"", ""page_size"": ""4096""}",RESOURCE
VMR_100002_9,RESOURCE,VMR,"{""va"": ""0x5645db83f000"", ""vmr_type"": ""HEAP"", ""num_pages"": ""1"", ""page_size"": ""4096""}",RESOURCE
VMR_100002_10,RESOURCE,VMR,"{""va"": ""0x5645db840000"", ""vmr_type"": ""HEAP"", ""num_pages"": ""1"", ""page_size"": ""4096""}",RESOURCE
VMR_100002_11,RESOURCE,VMR,"{""va"": ""0x5645db841000"", ""vmr_type"": ""HEAP"", ""num_pages"": ""1"", ""page_size"": ""4096""}",RESOURCE
VMR_100002_12,RESOURCE,VMR,"{""va"": ""0x5645db842000"", ""vmr_type"": ""HEAP"", ""num_pages"": ""1"", ""page_size"": ""4096""}",RESOURCE
VMR_100002_13,RESOURCE,VMR,"{""va"": ""0x5645db843000"", ""vmr_type"": ""HEAP"", ""num_pages"": ""1"", ""page_size"": ""4096""}",RESOURCE
VMR_100002_14,RESOURCE,VMR,"{""va"": ""0x5645db844000"", ""vmr_type"": ""HEAP"", ""num_pages"": ""1"", ""page_size"": ""4096""}",RESOURCE
VMR_100002_15,RESOURCE,VMR,"{""va"": ""0x5645db845000"", ""vmr_type"": ""HEAP"", ""num_pages"": ""1"", ""page_size"": ""4096""}",RESOURCE
VMR_100002_16,RESOURCE,VMR,"{""va"": ""0x5645db846000"", ""vmr_type"": ""HEAP"", ""num_pages"": ""1"", ""page_size"": ""4096""}",RESOURCE
VMR_100002_17,RESOURCE,VMR,"{""va"": ""0x5645db847000"", ""vmr_type"": ""HEAP"", ""num_pages"": ""1"", ""page_size"": ""4096""}",RESOURCE
VMR_100002_18,RESOURCE,VMR,"{""va"": ""0x5645db848000"", ""vmr_type"": ""HEAP"", ""num_pages"": ""1"", ""page_size"": ""4096""}",RESOURCE
VMR_100002_19,RESOURCE,VMR,"{""va"": ""0x5645db849000"", ""vmr_type"": ""HEAP"", ""num_pages"": ""1"", ""page_size"": ""4096""}",RESOURCE
VMR_100002_20,RESOURCE,VMR,"{""va"": ""0x5645db84a000"", ""vmr_type"": ""HEAP"", ""num_pages"": ""1"", ""page_size"": ""4096""}",RESOURCE
VMR_100002_21,RESOURCE,VMR,"{""va"": ""0x5645db84b000"", ""vmr_type"": ""HEAP"", ""num_pages"": ""1"", ""page_size"": ""4096""}",RESOURCE
VMR_100002_22,RESOURCE,VMR,"{""va"": ""0x5645db84c000"", ""vmr_type"": ""HEAP"", ""num_pages"": ""1"", ""page_size"": ""4096""}",RESOURCE
VMR_100002_23,RESOURCE,VMR,"{""va"": ""0x5645db84d000"", ""vmr_type"": ""HEAP"", ""num_pages"": ""1"", ""page_size"": ""4096""}",RESOURCE
VMR_100002_24,RESOURCE,VMR,"{""va"": ""0x5645db84e000"", ""vmr_type"": ""HEAP"", ""num_pages"": ""1"", ""page_size"": ""4096""}",RESOURCE
VMR_100002_25,RESOURCE,VMR,"{""va"": ""0x5645db84f000"", ""vmr_type"": ""HEAP"", ""num_pages"": ""1"", ""page_size"": ""4096""}",RESOURCE
VMR_100002_26,RESOURCE,VMR,"{""va"": ""0x5645db850000"", ""vmr_type"": ""HEAP"", ""num_pages"": ""1"", ""page_size"": ""4096""}",RESOURCE
VMR_100002_27,RESOURCE,VMR,"{""va"": ""0x5645db851000"", ""vmr_type"": ""HEAP"", ""num_pages"": ""1"", ""page_size"": ""4096""}",RESOURCE
VMR_100002_28,RESOURCE,VMR,"{""va"": ""0x5645db852000"", ""vmr_type"": ""HEAP"", ""num_pages"": ""1"", ""page_size"": ""4096""}",RESOURCE
VMR_100002_29,RESOURCE,VMR,"{""va"": ""0x5645db853000"", ""vmr_type"": ""HEAP"", ""num_pages"": ""1"", ""page_size"": ""4096""}",RESOURCE
VMR_100002_30,RESOURCE,VMR,"{""va"": ""0x5645db854000"", ""vmr_type"": ""HEAP"", ""num_pages"": ""1"", ""page_size"": ""4096""}",RESOURCE
VMR_100002_31,RESOURCE,VMR,"{""va"": ""0x5645db855000"", ""vmr_type"": ""HEAP"", ""num_pages"": ""1"", ""page_size"": ""4096""}",RESOURCE
VMR_100002_32,RESOURCE,VMR,"{""va"": ""0x5645db856000"", ""vmr_type"": ""HEAP"", ""num_pages"": ""1"", ""page_size"": ""4096""}",RESOURCE
VMR_100002_33,RESOURCE,VMR,"{""va"": ""0x5645db857000"", ""vmr_type"": ""HEAP"", ""num_pages"": ""1"", ""page_size"": ""4096""}",RESOURCE
VMR_100002_34,RESOURCE,VMR,"{""va"": ""0x5645db858000"", ""vmr_type"": ""HEAP"", ""num_pages"": ""1"", ""page_size"": ""4096""}",RESOURCE
VMR_100002_35,RESOURCE,VMR,"{""va"": ""0x5645db859000"", ""vmr_type"": ""HEAP"", ""num_pages"": ""1"", ""page_size"": ""4096""}",RESOURCE
VMR_100002_36,RESOURCE,VMR,"{""va"": ""0x5645db85a000"", ""vmr_type"": ""HEAP"", ""num_pages"": ""1"", ""page_size"": ""4096""}",RESOURCE
VMR_100002_37,RESOURCE,VMR,"{""va"": ""0x5645db85b000"", ""vmr_type"": ""HEAP"", ""num_pages"": ""1"", ""page_size"": ""4096""}",RESOURCE
VMR_100002_38,RESOURCE,VMR,"{""va"": ""0x5645db85c000"", ""vmr_type"": ""HEAP"", ""num_pages"": ""1"", ""page_size"": ""4096""}",RESOURCE
VMR_100002_39,RESOURCE,VMR,"{""va"": ""0x7f941f861000"", ""vmr_type"": ""NONE"", ""num_pages"": ""1"", ""page_size"": ""4096""}",RESOURCE
VMR_100002_40,RESOURCE,VMR,"{""va"": ""0x7f941f862000"", ""vmr_type"": ""NONE"", ""num_pages"": ""1"", ""page_size"": ""4096""}",RESOURCE
VMR_100002_41,RESOURCE,VMR,"{""va"": ""0x7f941f863000"", ""vmr_type"": ""LIB"", ""num_pages"": ""1"", ""page_size"": ""4096""}",RESOURCE
VMR_100002_42,RESOURCE,VMR,"{""va"": ""0x7f941f864000"", ""vmr_type"": ""LIB"", ""num_pages"": ""1"", ""page_size"": ""4096""}",RESOURCE
VMR_100002_43,RESOURCE,VMR,"{""va"": ""0x7f941f865000"", ""vmr_type"": ""LIB"", ""num_pages"": ""1"", ""page_size"": ""4096""}",RESOURCE
VMR_100002_44,RESOURCE,VMR,"{""va"": ""0x7f941f866000"", ""vmr_type"": ""LIB"", ""num_pages"": ""1"", ""page_size"": ""4096""}",RESOURCE
VMR_100002_45,RESOURCE,VMR,"{""va"": ""0x7f941f867000"", ""vmr_type"": ""LIB"", ""num_pages"": ""1"", ""page_size"": ""4096""}",RESOURCE
VMR_100002_46,RESOURCE,VMR,"{""va"": ""0x7f941f868000"", ""vmr_type"": ""LIB"", ""num_pages"": ""1"", ""page_size"": ""4096""}",RESOURCE
VMR_100002_47,RESOURCE,VMR,"{""va"": ""0x7f941f869000"", ""vmr_type"": ""LIB"", ""num_pages"": ""1"", ""page_size"": ""4096""}",RESOURCE
VMR_100002_48,RESOURCE,VMR,"{""va"": ""0x7f941f86a000"", ""vmr_type"": ""LIB"", ""num_pages"": ""1"", ""page_size"": ""4096""}",RESOURCE
VMR_100002_49,RESOURCE,VMR,"{""va"": ""0x7f941f86b000"", ""vmr_type"": ""LIB"", ""num_pages"": ""1"", ""page_size"": ""4096""}",RESOURCE
VMR_100002_50,RESOURCE,VMR,"{""va"": ""0x7f941f86c000"", ""vmr_type"": ""LIB"", ""num_pages"": ""1"", ""page_size"": ""4096""}",RESOURCE
VMR_100002_51,RESOURCE,VMR,"{""va"": ""0x7f941f86d000"", ""vmr_type"": ""LIB"", ""num_pages"": ""1"", ""page_size"": ""4096""}",RESOURCE
VMR_100002_52,RESOURCE,VMR,"{""va"": ""0x7f941f86e000"", ""vmr_type"": ""LIB"", ""num_pages"": ""1"", ""page_size"": ""4096""}",RESOURCE
VMR_100002_53,RESOURCE,VMR,"{""va"": ""0x7f941f86f000"", ""vmr_type"": ""LIB"", ""num_pages"": ""1"", ""page_size"": ""4096""}",RESOURCE
VMR_100002_54,RESOURCE,VMR,"{""va"": ""0x7f941f870000"", ""vmr_type"": ""LIB"", ""num_pages"": ""1"", ""page_size"": ""4096""}",RESOURCE
VMR_100002_55,RESOURCE,VMR,"{""va"": ""0x7f941f871000"", ""vmr_type"": ""LIB"", ""num_pages"": ""1"", ""page_size"": ""4096""}",RESOURCE
VMR_100002_56,RESOURCE,VMR,"{""va"": ""0x7f941f872000"", ""vmr_type"": ""LIB"", ""num_pages"": ""1"", ""page_size"": ""4096""}",RESOURCE
VMR_100002_57,RESOURCE,VMR,"{""va"": ""0x7f941f873000"", ""vmr_type"": ""LIB"", ""num_pages"": ""1"", ""page_size"": ""4096""}",RESOURCE
VMR_100002_58,RESOURCE,VMR,"{""va"": ""0x7f941f874000"", ""vmr_type"": ""LIB"", ""num_pages"": ""1"", ""page_size"": ""4096""}",RESOURCE
VMR_100002_59,RESOURCE,VMR,"{""va"": ""0x7f941f875000"", ""vmr_type"": ""LIB"", ""num_pages"": ""1"", ""page_size"": ""4096""}",RESOURCE
VMR_100002_60,RESOURCE,VMR,"{""va"": ""0x7f941f876000"", ""vmr_type"": ""LIB"", ""num_pages"": ""1"", ""page_size"": ""4096""}",RESOURCE
VMR_100002_61,RESOURCE,VMR,"{""va"": ""0x7f941f877000"", ""vmr_type"": ""LIB"", ""num_pages"": ""1"", ""page_size"": ""4096""}",RESOURCE
VMR_100002_62,RESOURCE,VMR,"{""va"": ""0x7f941f878000"", ""vmr_type"": ""LIB"", ""num_pages"": ""1"", ""page_size"": ""4096""}",RESOURCE
VMR_100002_63,RESOURCE,VMR,"{""va"": ""0x7f941f879000"", ""vmr_type"": ""LIB"", ""num_pages"": ""1"", ""page_size"": ""4096""}",RESOURCE
VMR_100002_64,RESOURCE,VMR,"{""va"": ""0x7f941f87a000"", ""vmr_type"": ""LIB"", ""num_pages"": ""1"", ""page_size"": ""4096""}",RESOURCE
VMR_100002_65,RESOURCE,VMR,"{""va"": ""0x7f941f87b000"", ""vmr_type"": ""LIB"", ""num_pages"": ""1"", ""page_size"": ""4096""}",RESOURCE
VMR_100002_66,RESOURCE,VMR,"{""va"": ""0x7f941f87c000"", ""vmr_type"": ""LIB"", ""num_pages"": ""1"", ""page_size"": ""4096""}",RESOURCE
VMR_100002_67,RESOURCE,VMR,"{""va"": ""0x7f941f87d000"", ""vmr_type"": ""LIB"", ""num_pages"": ""1"", ""page_size"": ""4096""}",RESOURCE
VMR_100002_68,RESOURCE,VMR,"{""va"": ""0x7f941f87e000"", ""vmr_type"": ""LIB"", ""num_pages"": ""1"", ""page_size"": ""4096""}",RESOURCE
VMR_100002_69,RESOURCE,VMR,"{""va"": ""0x7f941f87f000"", ""vmr_type"": ""LIB"", ""num_pages"": ""1"", ""page_size"": ""4096""}",RESOURCE
VMR_100002_70,RESOURCE,VMR,"{""va"": ""0x7f941f880000"", ""vmr_type"": ""LIB"", ""num_pages"": ""1"", ""page_size"": ""4096""}",RESOURCE
VMR_100002_71,RESOURCE,VMR,"{""va"": ""0x7f941f881000"", ""vmr_type"": ""LIB"", ""num_pages"": ""1"", ""page_size"": ""4096""}",RESOURCE
VMR_100002_72,RESOURCE,VMR,"{""va"": ""0x7f941f882000"", ""vmr_type"": ""LIB"", ""num_pages"": ""1"", ""page_size"": ""4096""}",RESOURCE
VMR_100002_73,RESOURCE,VMR,"{""va"": ""0x7f941f883000"", ""vmr_type"": ""LIB"", ""num_pages"": ""1"", ""page_size"": ""4096""}",RESOURCE
VMR_100002_74,RESOURCE,VMR,"{""va"": ""0x7f941f884000"", ""vmr_type"": ""LIB"", ""num_pages"": ""1"", ""page_size"": ""4096""}",RESOURCE
VMR_100002_75,RESOURCE,VMR,"{""va"": ""0x7f941f885000"", ""vmr_type"": ""LIB"", ""num_pages"": ""1"", ""page_size"": ""4096""}",RESOURCE
VMR_100002_76,RESOURCE,VMR,"{""va"": ""0x7f941f886000"", ""vmr_type"": ""LIB"", ""num_pages"": ""1"", ""page_size"": ""4096""}",RESOURCE
VMR_100002_77,RESOURCE,VMR,"{""va"": ""0x7f941f887000"", ""vmr_type"": ""LIB"", ""num_pages"": ""1"", ""page_size"": ""4096""}",RESOURCE
VMR_100002_78,RESOURCE,VMR,"{""va"": ""0x7f941f888000"", ""vmr_type"": ""LIB"", ""num_pages"": ""1"", ""page_size"": ""4096""}",RESOURCE
VMR_100002_79,RESOURCE,VMR,"{""va"": ""0x7f941f889000"", ""vmr_type"": ""LIB"", ""num_pages"": ""1"", ""page_size"": ""4096""}",RESOURCE
VMR_100002_80,RESOURCE,VMR,"{""va"": ""0x7f941f88a000"", ""vmr_type"": ""LIB"", ""num_pages"": ""1"", ""page_size"": ""4096""}",RESOURCE
VMR_100002_81,RESOURCE,VMR,"{""va"": ""0x7f941f88b000"", ""vmr_type"": ""LIB"", ""num_pages"": ""1"", ""page_size"": ""4096""}",RESOURCE
VMR_100002_82,RESOURCE,VMR,"{""va"": ""0x7f941f88c000"", ""vmr_type"": ""LIB"", ""num_pages"": ""1"", ""page_size"": ""4096""}",RESOURCE
VMR_100002_83,RESOURCE,VMR,"{""va"": ""0x7f941f88d000"", ""vmr_type"": ""LIB"", ""num_pages"": ""1"", ""page_size"": ""4096""}",RESOURCE
VMR_100002_84,RESOURCE,VMR,"{""va"": ""0x7f941f88e000"", ""vmr_type"": ""LIB"", ""num_pages"": ""1"", ""page_size"": ""4096""}",RESOURCE
VMR_100002_85,RESOURCE,VMR,"{""va"": ""0x7f941f88f000"", ""vmr_type"": ""LIB"", ""num_pages"": ""1"", ""page_size"": ""4096""}",RESOURCE
VMR_100002_86,RESOURCE,VMR,"{""va"": ""0x7f941f890000"", ""vmr_type"": ""LIB"", ""num_pages"": ""1"", ""page_size"": ""4096""}",RESOURCE
VMR_100002_87,RESOURCE,VMR,"{""va"": ""0x7f941f891000"", ""vmr_type"": ""LIB"", ""num_pages"": ""1"", ""page_size"": ""4096""}",RESOURCE
VMR_100002_88,RESOURCE,VMR,"{""va"": ""0x7f941f892000"", ""vmr_type"": ""LIB"", ""num_pages"": ""1"", ""page_size"": ""4096""}",RESOURCE
VMR_100002_89,RESOURCE,VMR,"{""va"": ""0x7f941f893000"", ""vmr_type"": ""LIB"", ""num_pages"": ""1"", ""page_size"": ""4096""}",RESOURCE
VMR_100002_90,RESOURCE,VMR,"{""va"": ""0x7f941f894000"", ""vmr_type"": ""LIB"", ""num_pages"": ""1"", ""page_size"": ""4096""}",RESOURCE
VMR_100002_91,RESOURCE,VMR,"{""va"": ""0x7f941f895000"", ""vmr_type"": ""LIB"", ""num_pages"": ""1"", ""page_size"": ""4096""}",RESOURCE
VMR_100002_92,RESOURCE,VMR,"{""va"": ""0x7f941f896000"", ""vmr_type"": ""LIB"", ""num_pages"": ""1"", ""page_size"": ""4096""}",RESOURCE
VMR_100002_93,RESOURCE,VMR,"{""va"": ""0x7f941f897000"", ""vmr_type"": ""LIB"", ""num_pages"": ""1"", ""page_size"": ""4096""}",RESOURCE
VMR_100002_94,RESOURCE,VMR,"{""va"": ""0x7f941f898000"", ""vmr_type"": ""LIB"", ""num_pages"": ""1"", ""page_size"": ""4096""}",RESOURCE
VMR_100002_95,RESOURCE,VMR,"{""va"": ""0x7f941f899000"", ""vmr_type"": ""LIB"", ""num_pages"": ""1"", ""page_size"": ""4096""}",RESOURCE
VMR_100002_96,RESOURCE,VMR,"{""va"": ""0x7f941f89a000"", ""vmr_type"": ""LIB"", ""num_pages"": ""1"", ""page_size"": ""4096""}",RESOURCE
VMR_100002_97,RESOURCE,VMR,"{""va"": ""0x7f941f89b000"", ""vmr_type"": ""LIB"", ""num_pages"": ""1"", ""page_size"": ""4096""}",RESOURCE
VMR_100002_98,RESOURCE,VMR,"{""va"": ""0x7f941f89c000"", ""vmr_type"": ""LIB"", ""num_pages"": ""1"", ""page_size"": ""4096""}",RESOURCE
VMR_100002_99,RESOURCE,VMR,"{""va"": ""0x7f941f89d000"", ""vmr_type"": ""LIB"", ""num_pages"": ""1"", ""page_size"": ""4096""}",RESOURCE
VMR_100002_100,RESOURCE,VMR,"{""va"": ""0x7f941f89e000"", ""vmr_type"": ""LIB"", ""num_pages"": ""1"", ""page_size"": ""4096""}",RESOURCE
VMR_100002_101,RESOURCE,VMR,"{""va"": ""0x7f941f89f000"", ""vmr_type"": ""LIB"", ""num_pages"": ""1"", ""page_size"": ""4096""}",RESOURCE
VMR_100002_102,RESOURCE,VMR,"{""va"": ""0x7f941f8a0000"", ""vmr_type"": ""LIB"", ""num_pages"": ""1"", ""page_size"": ""4096""}",RESOURCE
VMR_100002_103,RESOURCE,VMR,"{""va"": ""0x7f941f8a1000"", ""vmr_type"": ""LIB"", ""num_pages"": ""1"", ""page_size"": ""4096""}",RESOURCE
VMR_100002_104,RESOURCE,VMR,"{""va"": ""0x7f941f8a2000"", ""vmr_type"": ""LIB"", ""num_pages"": ""1"", ""page_size"": ""4096""}",RESOURCE
VMR_100002_105,RESOURCE,VMR,"{""va"": ""0x7f941f8a3000"", ""vmr_type"": ""LIB"", ""num_pages"": ""1"", ""page_size"": ""4096""}",RESOURCE
VMR_100002_106,RESOURCE,VMR,"{""va"": ""0x7f941f8a4000"", ""vmr_type"": ""LIB"", ""num_pages"": ""1"", ""page_size"": ""4096""}",RESOURCE
VMR_100002_107,RESOURCE,VMR,"{""va"": ""0x7f941f8a5000"", ""vmr_type"": ""LIB"", ""num_pages"": ""1"", ""page_size"": ""4096""}",RESOURCE
VMR_100002_108,RESOURCE,VMR,"{""va"": ""0x7f941f8a6000"", ""vmr_type"": ""LIB"", ""num_pages"": ""1"", ""page_size"": ""4096""}",RESOURCE
VMR_100002_109,RESOURCE,VMR,"{""va"": ""0x7f941f8a7000"", ""vmr_type"": ""LIB"", ""num_pages"": ""1"", ""page_size"": ""4096""}",RESOURCE
VMR_100002_110,RESOURCE,VMR,"{""va"": ""0x7f941f8a8000"", ""vmr_type"": ""LIB"", ""num_pages"": ""1"", ""page_size"": ""4096""}",RESOURCE
VMR_100002_111,RESOURCE,VMR,"{""va"": ""0x7f941f8a9000"", ""vmr_type"": ""LIB"", ""num_pages"": ""1"", ""page_size"": ""4096""}",RESOURCE
VMR_100002_112,RESOURCE,VMR,"{""va"": ""0x7f941f8aa000"", ""vmr_type"": ""LIB"", ""num_pages"": ""1"", ""page_size"": ""4096""}",RESOURCE
VMR_100002_113,RESOURCE,VMR,"{""va"": ""0x7f941f8ab000"", ""vmr_type"": ""LIB"", ""num_pages"": ""1"", ""page_size"": ""4096""}",RESOURCE
VMR_100002_114,RESOURCE,VMR,"{""va"": ""0x7f941f8ac000"", ""vmr_type"": ""LIB"", ""num_pages"": ""1"", ""page_size"": ""4096""}",RESOURCE
VMR_100002_115,RESOURCE,VMR,"{""va"": ""0x7f941f8ad000"", ""vmr_type"": ""LIB"", ""num_pages"": ""1"", ""page_size"": ""4096""}",RESOURCE
VMR_100002_116,RESOURCE,VMR,"{""va"": ""0x7f941f8ae000"", ""vmr_type"": ""LIB"", ""num_pages"": ""1"", ""page_size"": ""4096""}",RESOURCE
VMR_100002_117,RESOURCE,VMR,"{""va"": ""0x7f941f8af000"", ""vmr_type"": ""LIB"", ""num_pages"": ""1"", ""page_size"": ""4096""}",RESOURCE
VMR_100002_118,RESOURCE,VMR,"{""va"": ""0x7f941f8b0000"", ""vmr_type"": ""LIB"", ""num_pages"": ""1"", ""page_size"": ""4096""}",RESOURCE
VMR_100002_119,RESOURCE,VMR,"{""va"": ""0x7f941f8b1000"", ""vmr_type"": ""LIB"", ""num_pages"": ""1"", ""page_size"": ""4096""}",RESOURCE
VMR_100002_120,RESOURCE,VMR,"{""va"": ""0x7f941f8b2000"", ""vmr_type"": ""LIB"", ""num_pages"": ""1"", ""page_size"": ""4096""}",RESOURCE
VMR_100002_121,RESOURCE,VMR,"{""va"": ""0x7f941f8b3000"", ""vmr_type"": ""LIB"", ""num_pages"": ""1"", ""page_size"": ""4096""}",RESOURCE
VMR_100002_122,RESOURCE,VMR,"{""va"": ""0x7f941f8b4000"", ""vmr_type"": ""LIB"", ""num_pages"": ""1"", ""page_size"": ""4096""}",RESOURCE
VMR_100002_123,RESOURCE,VMR,"{""va"": ""0x7f941f8b5000"", ""vmr_type"": ""LIB"", ""num_pages"": ""1"", ""page_size"": ""4096""}",RESOURCE
VMR_100002_124,RESOURCE,VMR,"{""va"": ""0x7f941f8b6000"", ""vmr_type"": ""LIB"", ""num_pages"": ""1"", ""page_size"": ""4096""}",RESOURCE
VMR_100002_125,RESOURCE,VMR,"{""va"": ""0x7f941f8b7000"", ""vmr_type"": ""LIB"", ""num_pages"": ""1"", ""page_size"": ""4096""}",RESOURCE
VMR_100002_126,RESOURCE,VMR,"{""va"": ""0x7f941f8b8000"", ""vmr_type"": ""LIB"", ""num_pages"": ""1"", ""page_size"": ""4096""}",RESOURCE
VMR_100002_127,RESOURCE,VMR,"{""va"": ""0x7f941f8b9000"", ""vmr_type"": ""LIB"", ""num_pages"": ""1"", ""page_size"": ""4096""}",RESOURCE
VMR_100002_128,RESOURCE,VMR,"{""va"": ""0x7f941f8ba000"", ""vmr_type"": ""LIB"", ""num_pages"": ""1"", ""page_size"": ""4096""}",RESOURCE
VMR_100002_129,RESOURCE,VMR,"{""va"": ""0x7f941f8bb000"", ""vmr_type"": ""LIB"", ""num_pages"": ""1"", ""page_size"": ""4096""}",RESOURCE
VMR_100002_130,RESOURCE,VMR,"{""va"": ""0x7f941f8bc000"", ""vmr_type"": ""LIB"", ""num_pages"": ""1"", ""page_size"": ""4096""}",RESOURCE
VMR_100002_131,RESOURCE,VMR,"{""va"": ""0x7f941f8bd000"", ""vmr_type"": ""LIB"", ""num_pages"": ""1"", ""page_size"": ""4096""}",RESOURCE
VMR_100002_132,RESOURCE,VMR,"{""va"": ""0x7f941f8be000"", ""vmr_type"": ""LIB"", ""num_pages"": ""1"", ""page_size"": ""4096""}",RESOURCE
VMR_100002_133,RESOURCE,VMR,"{""va"": ""0x7f941f8bf000"", ""vmr_type"": ""LIB"", ""num_pages"": ""1"", ""page_size"": ""4096""}",RESOURCE
VMR_100002_134,RESOURCE,VMR,"{""va"": ""0x7f941f8c0000"", ""vmr_type"": ""LIB"", ""num_pages"": ""1"", ""page_size"": ""4096""}",RESOURCE
VMR_100002_135,RESOURCE,VMR,"{""va"": ""0x7f941f8c1000"", ""vmr_type"": ""LIB"", ""num_pages"": ""1"", ""page_size"": ""4096""}",RESOURCE
VMR_100002_136,RESOURCE,VMR,"{""va"": ""0x7f941f8c2000"", ""vmr_type"": ""LIB"", ""num_pages"": ""1"", ""page_size"": ""4096""}",RESOURCE
VMR_100002_137,RESOURCE,VMR,"{""va"": ""0x7f941f8c3000"", ""vmr_type"": ""LIB"", ""num_pages"": ""1"", ""page_size"": ""4096""}",RESOURCE
VMR_100002_138,RESOURCE,VMR,"{""va"": ""0x7f941f8c4000"", ""vmr_type"": ""LIB"", ""num_pages"": ""1"", ""page_size"": ""4096""}",RESOURCE
VMR_100002_139,RESOURCE,VMR,"{""va"": ""0x7f941f8c5000"", ""vmr_type"": ""LIB"", ""num_pages"": ""1"", ""page_size"": ""4096""}",RESOURCE
VMR_100002_140,RESOURCE,VMR,"{""va"": ""0x7f941f8c6000"", ""vmr_type"": ""LIB"", ""num_pages"": ""1"", ""page_size"": ""4096""}",RESOURCE
VMR_100002_141,RESOURCE,VMR,"{""va"": ""0x7f941f8c7000"", ""vmr_type"": ""LIB"", ""num_pages"": ""1"", ""page_size"": ""4096""}",RESOURCE
VMR_100002_142,RESOURCE,VMR,"{""va"": ""0x7f941f8c8000"", ""vmr_type"": ""LIB"", ""num_pages"": ""1"", ""page_size"": ""4096""}",RESOURCE
VMR_100002_143,RESOURCE,VMR,"{""va"": ""0x7f941f8c9000"", ""vmr_type"": ""LIB"", ""num_pages"": ""1"", ""page_size"": ""4096""}",RESOURCE
VMR_100002_144,RESOURCE,VMR,"{""va"": ""0x7f941f8ca000"", ""vmr_type"": ""LIB"", ""num_pages"": ""1"", ""page_size"": ""4096""}",RESOURCE
VMR_100002_145,RESOURCE,VMR,"{""va"": ""0x7f941f8cb000"", ""vmr_type"": ""LIB"", ""num_pages"": ""1"", ""page_size"": ""4096""}",RESOURCE
VMR_100002_146,RESOURCE,VMR,"{""va"": ""0x7f941f8cc000"", ""vmr_type"": ""LIB"", ""num_pages"": ""1"", ""page_size"": ""4096""}",RESOURCE
VMR_100002_147,RESOURCE,VMR,"{""va"": ""0x7f941f8cd000"", ""vmr_type"": ""LIB"", ""num_pages"": ""1"", ""page_size"": ""4096""}",RESOURCE
VMR_100002_148,RESOURCE,VMR,"{""va"": ""0x7f941f8ce000"", ""vmr_type"": ""LIB"", ""num_pages"": ""1"", ""page_size"": ""4096""}",RESOURCE
VMR_100002_149,RESOURCE,VMR,"{""va"": ""0x7f941f8cf000"", ""vmr_type"": ""LIB"", ""num_pages"": ""1"", ""page_size"": ""4096""}",RESOURCE
VMR_100002_150,RESOURCE,VMR,"{""va"": ""0x7f941f8d0000"", ""vmr_type"": ""LIB"", ""num_pages"": ""1"", ""page_size"": ""4096""}",RESOURCE
VMR_100002_151,RESOURCE,VMR,"{""va"": ""0x7f941f8d1000"", ""vmr_type"": ""LIB"", ""num_pages"": ""1"", ""page_size"": ""4096""}",RESOURCE
VMR_100002_152,RESOURCE,VMR,"{""va"": ""0x7f941f8d2000"", ""vmr_type"": ""LIB"", ""num_pages"": ""1"", ""page_size"": ""4096""}",RESOURCE
VMR_100002_153,RESOURCE,VMR,"{""va"": ""0x7f941f8d3000"", ""vmr_type"": ""LIB"", ""num_pages"": ""1"", ""page_size"": ""4096""}",RESOURCE
VMR_100002_154,RESOURCE,VMR,"{""va"": ""0x7f941f8d4000"", ""vmr_type"": ""LIB"", ""num_pages"": ""1"", ""page_size"": ""4096""}",RESOURCE
VMR_100002_155,RESOURCE,VMR,"{""va"": ""0x7f941f8d5000"", ""vmr_type"": ""LIB"", ""num_pages"": ""1"", ""page_size"": ""4096""}",RESOURCE
VMR_100002_156,RESOURCE,VMR,"{""va"": ""0x7f941f8d6000"", ""vmr_type"": ""LIB"", ""num_pages"": ""1"", ""page_size"": ""4096""}",RESOURCE
VMR_100002_157,RESOURCE,VMR,"{""va"": ""0x7f941f8d7000"", ""vmr_type"": ""LIB"", ""num_pages"": ""1"", ""page_size"": ""4096""}",RESOURCE
VMR_100002_158,RESOURCE,VMR,"{""va"": ""0x7f941f8d8000"", ""vmr_type"": ""LIB"", ""num_pages"": ""1"", ""page_size"": ""4096""}",RESOURCE
VMR_100002_159,RESOURCE,VMR,"{""va"": ""0x7f941f8d9000"", ""vmr_type"": ""LIB"", ""num_pages"": ""1"", ""page_size"": ""4096""}",RESOURCE
VMR_100002_160,RESOURCE,VMR,"{""va"": ""0x7f941f8da000"", ""vmr_type"": ""LIB"", ""num_pages"": ""1"", ""page_size"": ""4096""}",RESOURCE
VMR_100002_161,RESOURCE,VMR,"{""va"": ""0x7f941f8db000"", ""vmr_type"": ""LIB"", ""num_pages"": ""1"", ""page_size"": ""4096""}",RESOURCE
VMR_100002_162,RESOURCE,VMR,"{""va"": ""0x7f941f8dc000"", ""vmr_type"": ""LIB"", ""num_pages"": ""1"", ""page_size"": ""4096""}",RESOURCE
VMR_100002_163,RESOURCE,VMR,"{""va"": ""0x7f941f8dd000"", ""vmr_type"": ""LIB"", ""num_pages"": ""1"", ""page_size"": ""4096""}",RESOURCE
VMR_100002_164,RESOURCE,VMR,"{""va"": ""0x7f941f8de000"", ""vmr_type"": ""LIB"", ""num_pages"": ""1"", ""page_size"": ""4096""}",RESOURCE
VMR_100002_165,RESOURCE,VMR,"{""va"": ""0x7f941f8df000"", ""vmr_type"": ""LIB"", ""num_pages"": ""1"", ""page_size"": ""4096""}",RESOURCE
VMR_100002_166,RESOURCE,VMR,"{""va"": ""0x7f941f8e0000"", ""vmr_type"": ""LIB"", ""num_pages"": ""1"", ""page_size"": ""4096""}",RESOURCE
VMR_100002_167,RESOURCE,VMR,"{""va"": ""0x7f941f8e1000"", ""vmr_type"": ""LIB"", ""num_pages"": ""1"", ""page_size"": ""4096""}",RESOURCE
VMR_100002_168,RESOURCE,VMR,"{""va"": ""0x7f941f8e2000"", ""vmr_type"": ""LIB"", ""num_pages"": ""1"", ""page_size"": ""4096""}",RESOURCE
VMR_100002_169,RESOURCE,VMR,"{""va"": ""0x7f941f8e3000"", ""vmr_type"": ""LIB"", ""num_pages"": ""1"", ""page_size"": ""4096""}",RESOURCE
VMR_100002_170,RESOURCE,VMR,"{""va"": ""0x7f941f8e4000"", ""vmr_type"": ""LIB"", ""num_pages"": ""1"", ""page_size"": ""4096""}",RESOURCE
VMR_100002_171,RESOURCE,VMR,"{""va"": ""0x7f941f8e5000"", ""vmr_type"": ""LIB"", ""num_pages"": ""1"", ""page_size"": ""4096""}",RESOURCE
VMR_100002_172,RESOURCE,VMR,"{""va"": ""0x7f941f8e6000"", ""vmr_type"": ""LIB"", ""num_pages"": ""1"", ""page_size"": ""4096""}",RESOURCE
VMR_100002_173,RESOURCE,VMR,"{""va"": ""0x7f941f8e7000"", ""vmr_type"": ""LIB"", ""num_pages"": ""1"", ""page_size"": ""4096""}",RESOURCE
VMR_100002_174,RESOURCE,VMR,"{""va"": ""0x7f941f8e8000"", ""vmr_type"": ""LIB"", ""num_pages"": ""1"", ""page_size"": ""4096""}",RESOURCE
VMR_100002_175,RESOURCE,VMR,"{""va"": ""0x7f941f8e9000"", ""vmr_type"": ""LIB"", ""num_pages"": ""1"", ""page_size"": ""4096""}",RESOURCE
VMR_100002_176,RESOURCE,VMR,"{""va"": ""0x7f941f8ea000"", ""vmr_type"": ""LIB"", ""num_pages"": ""1"", ""page_size"": ""4096""}",RESOURCE
VMR_100002_177,RESOURCE,VMR,"{""va"": ""0x7f941f8eb000"", ""vmr_type"": ""LIB"", ""num_pages"": ""1"", ""page_size"": ""4096""}",RESOURCE
VMR_100002_178,RESOURCE,VMR,"{""va"": ""0x7f941f8ec000"", ""vmr_type"": ""LIB"", ""num_pages"": ""1"", ""page_size"": ""4096""}",RESOURCE
VMR_100002_179,RESOURCE,VMR,"{""va"": ""0x7f941f8ed000"", ""vmr_type"": ""LIB"", ""num_pages"": ""1"", ""page_size"": ""4096""}",RESOURCE
VMR_100002_180,RESOURCE,VMR,"{""va"": ""0x7f941f8ee000"", ""vmr_type"": ""LIB"", ""num_pages"": ""1"", ""page_size"": ""4096""}",RESOURCE
VMR_100002_181,RESOURCE,VMR,"{""va"": ""0x7f941f8ef000"", ""vmr_type"": ""LIB"", ""num_pages"": ""1"", ""page_size"": ""4096""}",RESOURCE
VMR_100002_182,RESOURCE,VMR,"{""va"": ""0x7f941f8f0000"", ""vmr_type"": ""LIB"", ""num_pages"": ""1"", ""page_size"": ""4096""}",RESOURCE
VMR_100002_183,RESOURCE,VMR,"{""va"": ""0x7f941f8f1000"", ""vmr_type"": ""LIB"", ""num_pages"": ""1"", ""page_size"": ""4096""}",RESOURCE
VMR_100002_184,RESOURCE,VMR,"{""va"": ""0x7f941f8f2000"", ""vmr_type"": ""LIB"", ""num_pages"": ""1"", ""page_size"": ""4096""}",RESOURCE
VMR_100002_185,RESOURCE,VMR,"{""va"": ""0x7f941f8f3000"", ""vmr_type"": ""LIB"", ""num_pages"": ""1"", ""page_size"": ""4096""}",RESOURCE
VMR_100002_186,RESOURCE,VMR,"{""va"": ""0x7f941f8f4000"", ""vmr_type"": ""LIB"", ""num_pages"": ""1"", ""page_size"": ""4096""}",RESOURCE
VMR_100002_187,RESOURCE,VMR,"{""va"": ""0x7f941f8f5000"", ""vmr_type"": ""LIB"", ""num_pages"": ""1"", ""page_size"": ""4096""}",RESOURCE
VMR_100002_188,RESOURCE,VMR,"{""va"": ""0x7f941f8f6000"", ""vmr_type"": ""LIB"", ""num_pages"": ""1"", ""page_size"": ""4096""}",RESOURCE
VMR_100002_189,RESOURCE,VMR,"{""va"": ""0x7f941f8f7000"", ""vmr_type"": ""LIB"", ""num_pages"": ""1"", ""page_size"": ""4096""}",RESOURCE
VMR_100002_190,RESOURCE,VMR,"{""va"": ""0x7f941f8f8000"", ""vmr_type"": ""LIB"", ""num_pages"": ""1"", ""page_size"": ""4096""}",RESOURCE
VMR_100002_191,RESOURCE,VMR,"{""va"": ""0x7f941f8f9000"", ""vmr_type"": ""LIB"", ""num_pages"": ""1"", ""page_size"": ""4096""}",RESOURCE
VMR_100002_192,RESOURCE,VMR,"{""va"": ""0x7f941f8fa000"", ""vmr_type"": ""LIB"", ""num_pages"": ""1"", ""page_size"": ""4096""}",RESOURCE
VMR_100002_193,RESOURCE,VMR,"{""va"": ""0x7f941f8fb000"", ""vmr_type"": ""LIB"", ""num_pages"": ""1"", ""page_size"": ""4096""}",RESOURCE
VMR_100002_194,RESOURCE,VMR,"{""va"": ""0x7f941f8fc000"", ""vmr_type"": ""LIB"", ""num_pages"": ""1"", ""page_size"": ""4096""}",RESOURCE
VMR_100002_195,RESOURCE,VMR,"{""va"": ""0x7f941f8fd000"", ""vmr_type"": ""LIB"", ""num_pages"": ""1"", ""page_size"": ""4096""}",RESOURCE
VMR_100002_196,RESOURCE,VMR,"{""va"": ""0x7f941f8fe000"", ""vmr_type"": ""LIB"", ""num_pages"": ""1"", ""page_size"": ""4096""}",RESOURCE
VMR_100002_197,RESOURCE,VMR,"{""va"": ""0x7f941f8ff000"", ""vmr_type"": ""LIB"", ""num_pages"": ""1"", ""page_size"": ""4096""}",RESOURCE
VMR_100002_198,RESOURCE,VMR,"{""va"": ""0x7f941f900000"", ""vmr_type"": ""LIB"", ""num_pages"": ""1"", ""page_size"": ""4096""}",RESOURCE
VMR_100002_199,RESOURCE,VMR,"{""va"": ""0x7f941f901000"", ""vmr_type"": ""LIB"", ""num_pages"": ""1"", ""page_size"": ""4096""}",RESOURCE
VMR_100002_200,RESOURCE,VMR,"{""va"": ""0x7f941f902000"", ""vmr_type"": ""LIB"", ""num_pages"": ""1"", ""page_size"": ""4096""}",RESOURCE
VMR_100002_201,RESOURCE,VMR,"{""va"": ""0x7f941f903000"", ""vmr_type"": ""LIB"", ""num_pages"": ""1"", ""page_size"": ""4096""}",RESOURCE
VMR_100002_202,RESOURCE,VMR,"{""va"": ""0x7f941f904000"", ""vmr_type"": ""LIB"", ""num_pages"": ""1"", ""page_size"": ""4096""}",RESOURCE
VMR_100002_203,RESOURCE,VMR,"{""va"": ""0x7f941f905000"", ""vmr_type"": ""LIB"", ""num_pages"": ""1"", ""page_size"": ""4096""}",RESOURCE
VMR_100002_204,RESOURCE,VMR,"{""va"": ""0x7f941f906000"", ""vmr_type"": ""LIB"", ""num_pages"": ""1"", ""page_size"": ""4096""}",RESOURCE
VMR_100002_205,RESOURCE,VMR,"{""va"": ""0x7f941f907000"", ""vmr_type"": ""LIB"", ""num_pages"": ""1"", ""page_size"": ""4096""}",RESOURCE
VMR_100002_206,RESOURCE,VMR,"{""va"": ""0x7f941f908000"", ""vmr_type"": ""LIB"", ""num_pages"": ""1"", ""page_size"": ""4096""}",RESOURCE
VMR_100002_207,RESOURCE,VMR,"{""va"": ""0x7f941f909000"", ""vmr_type"": ""LIB"", ""num_pages"": ""1"", ""page_size"": ""4096""}",RESOURCE
VMR_100002_208,RESOURCE,VMR,"{""va"": ""0x7f941f90a000"", ""vmr_type"": ""LIB"", ""num_pages"": ""1"", ""page_size"": ""4096""}",RESOURCE
VMR_100002_209,RESOURCE,VMR,"{""va"": ""0x7f941f90b000"", ""vmr_type"": ""LIB"", ""num_pages"": ""1"", ""page_size"": ""4096""}",RESOURCE
VMR_100002_210,RESOURCE,VMR,"{""va"": ""0x7f941f90c000"", ""vmr_type"": ""LIB"", ""num_pages"": ""1"", ""page_size"": ""4096""}",RESOURCE
VMR_100002_211,RESOURCE,VMR,"{""va"": ""0x7f941f90d000"", ""vmr_type"": ""LIB"", ""num_pages"": ""1"", ""page_size"": ""4096""}",RESOURCE
VMR_100002_212,RESOURCE,VMR,"{""va"": ""0x7f941f90e000"", ""vmr_type"": ""LIB"", ""num_pages"": ""1"", ""page_size"": ""4096""}",RESOURCE
VMR_100002_213,RESOURCE,VMR,"{""va"": ""0x7f941f90f000"", ""vmr_type"": ""LIB"", ""num_pages"": ""1"", ""page_size"": ""4096""}",RESOURCE
VMR_100002_214,RESOURCE,VMR,"{""va"": ""0x7f941f910000"", ""vmr_type"": ""LIB"", ""num_pages"": ""1"", ""page_size"": ""4096""}",RESOURCE
VMR_100002_215,RESOURCE,VMR,"{""va"": ""0x7f941f911000"", ""vmr_type"": ""LIB"", ""num_pages"": ""1"", ""page_size"": ""4096""}",RESOURCE
VMR_100002_216,RESOURCE,VMR,"{""va"": ""0x7f941f912000"", ""vmr_type"": ""LIB"", ""num_pages"": ""1"", ""page_size"": ""4096""}",RESOURCE
VMR_100002_217,RESOURCE,VMR,"{""va"": ""0x7f941f913000"", ""vmr_type"": ""LIB"", ""num_pages"": ""1"", ""page_size"": ""4096""}",RESOURCE
VMR_100002_218,RESOURCE,VMR,"{""va"": ""0x7f941f914000"", ""vmr_type"": ""LIB"", ""num_pages"": ""1"", ""page_size"": ""4096""}",RESOURCE
VMR_100002_219,RESOURCE,VMR,"{""va"": ""0x7f941f915000"", ""vmr_type"": ""LIB"", ""num_pages"": ""1"", ""page_size"": ""4096""}",RESOURCE
VMR_100002_220,RESOURCE,VMR,"{""va"": ""0x7f941f916000"", ""vmr_type"": ""LIB"", ""num_pages"": ""1"", ""page_size"": ""4096""}",RESOURCE
VMR_100002_221,RESOURCE,VMR,"{""va"": ""0x7f941f917000"", ""vmr_type"": ""LIB"", ""num_pages"": ""1"", ""page_size"": ""4096""}",RESOURCE
VMR_100002_222,RESOURCE,VMR,"{""va"": ""0x7f941f918000"", ""vmr_type"": ""LIB"", ""num_pages"": ""1"", ""page_size"": ""4096""}",RESOURCE
VMR_100002_223,RESOURCE,VMR,"{""va"": ""0x7f941f919000"", ""vmr_type"": ""LIB"", ""num_pages"": ""1"", ""page_size"": ""4096""}",RESOURCE
VMR_100002_224,RESOURCE,VMR,"{""va"": ""0x7f941f91a000"", ""vmr_type"": ""LIB"", ""num_pages"": ""1"", ""page_size"": ""4096""}",RESOURCE
VMR_100002_225,RESOURCE,VMR,"{""va"": ""0x7f941f91b000"", ""vmr_type"": ""LIB"", ""num_pages"": ""1"", ""page_size"": ""4096""}",RESOURCE
VMR_100002_226,RESOURCE,VMR,"{""va"": ""0x7f941f91c000"", ""vmr_type"": ""LIB"", ""num_pages"": ""1"", ""page_size"": ""4096""}",RESOURCE
VMR_100002_227,RESOURCE,VMR,"{""va"": ""0x7f941f91d000"", ""vmr_type"": ""LIB"", ""num_pages"": ""1"", ""page_size"": ""4096""}",RESOURCE
VMR_100002_228,RESOURCE,VMR,"{""va"": ""0x7f941f91e000"", ""vmr_type"": ""LIB"", ""num_pages"": ""1"", ""page_size"": ""4096""}",RESOURCE
VMR_100002_229,RESOURCE,VMR,"{""va"": ""0x7f941f91f000"", ""vmr_type"": ""LIB"", ""num_pages"": ""1"", ""page_size"": ""4096""}",RESOURCE
VMR_100002_230,RESOURCE,VMR,"{""va"": ""0x7f941f920000"", ""vmr_type"": ""LIB"", ""num_pages"": ""1"", ""page_size"": ""4096""}",RESOURCE
VMR_100002_231,RESOURCE,VMR,"{""va"": ""0x7f941f921000"", ""vmr_type"": ""LIB"", ""num_pages"": ""1"", ""page_size"": ""4096""}",RESOURCE
VMR_100002_232,RESOURCE,VMR,"{""va"": ""0x7f941f922000"", ""vmr_type"": ""LIB"", ""num_pages"": ""1"", ""page_size"": ""4096""}",RESOURCE
VMR_100002_233,RESOURCE,VMR,"{""va"": ""0x7f941f923000"", ""vmr_type"": ""LIB"", ""num_pages"": ""1"", ""page_size"": ""4096""}",RESOURCE
VMR_100002_234,RESOURCE,VMR,"{""va"": ""0x7f941f924000"", ""vmr_type"": ""LIB"", ""num_pages"": ""1"", ""page_size"": ""4096""}",RESOURCE
VMR_100002_235,RESOURCE,VMR,"{""va"": ""0x7f941f925000"", ""vmr_type"": ""LIB"", ""num_pages"": ""1"", ""page_size"": ""4096""}",RESOURCE
VMR_100002_236,RESOURCE,VMR,"{""va"": ""0x7f941f926000"", ""vmr_type"": ""LIB"", ""num_pages"": ""1"", ""page_size"": ""4096""}",RESOURCE
VMR_100002_237,RESOURCE,VMR,"{""va"": ""0x7f941f927000"", ""vmr_type"": ""LIB"", ""num_pages"": ""1"", ""page_size"": ""4096""}",RESOURCE
VMR_100002_238,RESOURCE,VMR,"{""va"": ""0x7f941f928000"", ""vmr_type"": ""LIB"", ""num_pages"": ""1"", ""page_size"": ""4096""}",RESOURCE
VMR_100002_239,RESOURCE,VMR,"{""va"": ""0x7f941f929000"", ""vmr_type"": ""LIB"", ""num_pages"": ""1"", ""page_size"": ""4096""}",RESOURCE
VMR_100002_240,RESOURCE,VMR,"{""va"": ""0x7f941f92a000"", ""vmr_type"": ""LIB"", ""num_pages"": ""1"", ""page_size"": ""4096""}",RESOURCE
VMR_100002_241,RESOURCE,VMR,"{""va"": ""0x7f941f92b000"", ""vmr_type"": ""LIB"", ""num_pages"": ""1"", ""page_size"": ""4096""}",RESOURCE
VMR_100002_242,RESOURCE,VMR,"{""va"": ""0x7f941f92c000"", ""vmr_type"": ""LIB"", ""num_pages"": ""1"", ""page_size"": ""4096""}",RESOURCE
VMR_100002_243,RESOURCE,VMR,"{""va"": ""0x7f941f92d000"", ""vmr_type"": ""LIB"", ""num_pages"": ""1"", ""page_size"": ""4096""}",RESOURCE
VMR_100002_244,RESOURCE,VMR,"{""va"": ""0x7f941f92e000"", ""vmr_type"": ""LIB"", ""num_pages"": ""1"", ""page_size"": ""4096""}",RESOURCE
VMR_100002_245,RESOURCE,VMR,"{""va"": ""0x7f941f92f000"", ""vmr_type"": ""LIB"", ""num_pages"": ""1"", ""page_size"": ""4096""}",RESOURCE
VMR_100002_246,RESOURCE,VMR,"{""va"": ""0x7f941f930000"", ""vmr_type"": ""LIB"", ""num_pages"": ""1"", ""page_size"": ""4096""}",RESOURCE
VMR_100002_247,RESOURCE,VMR,"{""va"": ""0x7f941f931000"", ""vmr_type"": ""LIB"", ""num_pages"": ""1"", ""page_size"": ""4096""}",RESOURCE
VMR_100002_248,RESOURCE,VMR,"{""va"": ""0x7f941f932000"", ""vmr_type"": ""LIB"", ""num_pages"": ""1"", ""page_size"": ""4096""}",RESOURCE
VMR_100002_249,RESOURCE,VMR,"{""va"": ""0x7f941f933000"", ""vmr_type"": ""LIB"", ""num_pages"": ""1"", ""page_size"": ""4096""}",RESOURCE
VMR_100002_250,RESOURCE,VMR,"{""va"": ""0x7f941f934000"", ""vmr_type"": ""LIB"", ""num_pages"": ""1"", ""page_size"": ""4096""}",RESOURCE
VMR_100002_251,RESOURCE,VMR,"{""va"": ""0x7f941f935000"", ""vmr_type"": ""LIB"", ""num_pages"": ""1"", ""page_size"": ""4096""}",RESOURCE
VMR_100002_252,RESOURCE,VMR,"{""va"": ""0x7f941f936000"", ""vmr_type"": ""LIB"", ""num_pages"": ""1"", ""page_size"": ""4096""}",RESOURCE
VMR_100002_253,RESOURCE,VMR,"{""va"": ""0x7f941f937000"", ""vmr_type"": ""LIB"", ""num_pages"": ""1"", ""page_size"": ""4096""}",RESOURCE
VMR_100002_254,RESOURCE,VMR,"{""va"": ""0x7f941f938000"", ""vmr_type"": ""LIB"", ""num_pages"": ""1"", ""page_size"": ""4096""}",RESOURCE
VMR_100002_255,RESOURCE,VMR,"{""va"": ""0x7f941f939000"", ""vmr_type"": ""LIB"", ""num_pages"": ""1"", ""page_size"": ""4096""}",RESOURCE
VMR_100002_256,RESOURCE,VMR,"{""va"": ""0x7f941f93a000"", ""vmr_type"": ""LIB"", ""num_pages"": ""1"", ""page_size"": ""4096""}",RESOURCE
VMR_100002_257,RESOURCE,VMR,"{""va"": ""0x7f941f93b000"", ""vmr_type"": ""LIB"", ""num_pages"": ""1"", ""page_size"": ""4096""}",RESOURCE
VMR_100002_258,RESOURCE,VMR,"{""va"": ""0x7f941f93c000"", ""vmr_type"": ""LIB"", ""num_pages"": ""1"", ""page_size"": ""4096""}",RESOURCE
VMR_100002_259,RESOURCE,VMR,"{""va"": ""0x7f941f93d000"", ""vmr_type"": ""LIB"", ""num_pages"": ""1"", ""page_size"": ""4096""}",RESOURCE
VMR_100002_260,RESOURCE,VMR,"{""va"": ""0x7f941f93e000"", ""vmr_type"": ""LIB"", ""num_pages"": ""1"", ""page_size"": ""4096""}",RESOURCE
VMR_100002_261,RESOURCE,VMR,"{""va"": ""0x7f941f93f000"", ""vmr_type"": ""LIB"", ""num_pages"": ""1"", ""page_size"": ""4096""}",RESOURCE
VMR_100002_262,RESOURCE,VMR,"{""va"": ""0x7f941f940000"", ""vmr_type"": ""LIB"", ""num_pages"": ""1"", ""page_size"": ""4096""}",RESOURCE
VMR_100002_263,RESOURCE,VMR,"{""va"": ""0x7f941f941000"", ""vmr_type"": ""LIB"", ""num_pages"": ""1"", ""page_size"": ""4096""}",RESOURCE
VMR_100002_264,RESOURCE,VMR,"{""va"": ""0x7f941f942000"", ""vmr_type"": ""LIB"", ""num_pages"": ""1"", ""page_size"": ""4096""}",RESOURCE
VMR_100002_265,RESOURCE,VMR,"{""va"": ""0x7f941f943000"", ""vmr_type"": ""LIB"", ""num_pages"": ""1"", ""page_size"": ""4096""}",RESOURCE
VMR_100002_266,RESOURCE,VMR,"{""va"": ""0x7f941f944000"", ""vmr_type"": ""LIB"", ""num_pages"": ""1"", ""page_size"": ""4096""}",RESOURCE
VMR_100002_267,RESOURCE,VMR,"{""va"": ""0x7f941f945000"", ""vmr_type"": ""LIB"", ""num_pages"": ""1"", ""page_size"": ""4096""}",RESOURCE
VMR_100002_268,RESOURCE,VMR,"{""va"": ""0x7f941f946000"", ""vmr_type"": ""LIB"", ""num_pages"": ""1"", ""page_size"": ""4096""}",RESOURCE
VMR_100002_269,RESOURCE,VMR,"{""va"": ""0x7f941f947000"", ""vmr_type"": ""LIB"", ""num_pages"": ""1"", ""page_size"": ""4096""}",RESOURCE
VMR_100002_270,RESOURCE,VMR,"{""va"": ""0x7f941f948000"", ""vmr_type"": ""LIB"", ""num_pages"": ""1"", ""page_size"": ""4096""}",RESOURCE
VMR_100002_271,RESOURCE,VMR,"{""va"": ""0x7f941f949000"", ""vmr_type"": ""LIB"", ""num_pages"": ""1"", ""page_size"": ""4096""}",RESOURCE
VMR_100002_272,RESOURCE,VMR,"{""va"": ""0x7f941f94a000"", ""vmr_type"": ""LIB"", ""num_pages"": ""1"", ""page_size"": ""4096""}",RESOURCE
VMR_100002_273,RESOURCE,VMR,"{""va"": ""0x7f941f94b000"", ""vmr_type"": ""LIB"", ""num_pages"": ""1"", ""page_size"": ""4096""}",RESOURCE
VMR_100002_274,RESOURCE,VMR,"{""va"": ""0x7f941f94c000"", ""vmr_type"": ""LIB"", ""num_pages"": ""1"", ""page_size"": ""4096""}",RESOURCE
VMR_100002_275,RESOURCE,VMR,"{""va"": ""0x7f941f94d000"", ""vmr_type"": ""LIB"", ""num_pages"": ""1"", ""page_size"": ""4096""}",RESOURCE
VMR_100002_276,RESOURCE,VMR,"{""va"": ""0x7f941f94e000"", ""vmr_type"": ""LIB"", ""num_pages"": ""1"", ""page_size"": ""4096""}",RESOURCE
VMR_100002_277,RESOURCE,VMR,"{""va"": ""0x7f941f94f000"", ""vmr_type"": ""LIB"", ""num_pages"": ""1"", ""page_size"": ""4096""}",RESOURCE
VMR_100002_278,RESOURCE,VMR,"{""va"": ""0x7f941f950000"", ""vmr_type"": ""LIB"", ""num_pages"": ""1"", ""page_size"": ""4096""}",RESOURCE
VMR_100002_279,RESOURCE,VMR,"{""va"": ""0x7f941f951000"", ""vmr_type"": ""LIB"", ""num_pages"": ""1"", ""page_size"": ""4096""}",RESOURCE
VMR_100002_280,RESOURCE,VMR,"{""va"": ""0x7f941f952000"", ""vmr_type"": ""LIB"", ""num_pages"": ""1"", ""page_size"": ""4096""}",RESOURCE
VMR_100002_281,RESOURCE,VMR,"{""va"": ""0x7f941f953000"", ""vmr_type"": ""LIB"", ""num_pages"": ""1"", ""page_size"": ""4096""}",RESOURCE
VMR_100002_282,RESOURCE,VMR,"{""va"": ""0x7f941f954000"", ""vmr_type"": ""LIB"", ""num_pages"": ""1"", ""page_size"": ""4096""}",RESOURCE
VMR_100002_283,RESOURCE,VMR,"{""va"": ""0x7f941f955000"", ""vmr_type"": ""LIB"", ""num_pages"": ""1"", ""page_size"": ""4096""}",RESOURCE
VMR_100002_284,RESOURCE,VMR,"{""va"": ""0x7f941f956000"", ""vmr_type"": ""LIB"", ""num_pages"": ""1"", ""page_size"": ""4096""}",RESOURCE
VMR_100002_285,RESOURCE,VMR,"{""va"": ""0x7f941f957000"", ""vmr_type"": ""LIB"", ""num_pages"": ""1"", ""page_size"": ""4096""}",RESOURCE
VMR_100002_286,RESOURCE,VMR,"{""va"": ""0x7f941f958000"", ""vmr_type"": ""LIB"", ""num_pages"": ""1"", ""page_size"": ""4096""}",RESOURCE
VMR_100002_287,RESOURCE,VMR,"{""va"": ""0x7f941f959000"", ""vmr_type"": ""LIB"", ""num_pages"": ""1"", ""page_size"": ""4096""}",RESOURCE
VMR_100002_288,RESOURCE,VMR,"{""va"": ""0x7f941f95a000"", ""vmr_type"": ""LIB"", ""num_pages"": ""1"", ""page_size"": ""4096""}",RESOURCE
VMR_100002_289,RESOURCE,VMR,"{""va"": ""0x7f941f95b000"", ""vmr_type"": ""LIB"", ""num_pages"": ""1"", ""page_size"": ""4096""}",RESOURCE
VMR_100002_290,RESOURCE,VMR,"{""va"": ""0x7f941f95c000"", ""vmr_type"": ""LIB"", ""num_pages"": ""1"", ""page_size"": ""4096""}",RESOURCE
VMR_100002_291,RESOURCE,VMR,"{""va"": ""0x7f941f95d000"", ""vmr_type"": ""LIB"", ""num_pages"": ""1"", ""page_size"": ""4096""}",RESOURCE
VMR_100002_292,RESOURCE,VMR,"{""va"": ""0x7f941f95e000"", ""vmr_type"": ""LIB"", ""num_pages"": ""1"", ""page_size"": ""4096""}",RESOURCE
VMR_100002_293,RESOURCE,VMR,"{""va"": ""0x7f941f95f000"", ""vmr_type"": ""LIB"", ""num_pages"": ""1"", ""page_size"": ""4096""}",RESOURCE
VMR_100002_294,RESOURCE,VMR,"{""va"": ""0x7f941f960000"", ""vmr_type"": ""LIB"", ""num_pages"": ""1"", ""page_size"": ""4096""}",RESOURCE
VMR_100002_295,RESOURCE,VMR,"{""va"": ""0x7f941f961000"", ""vmr_type"": ""LIB"", ""num_pages"": ""1"", ""page_size"": ""4096""}",RESOURCE
VMR_100002_296,RESOURCE,VMR,"{""va"": ""0x7f941f962000"", ""vmr_type"": ""LIB"", ""num_pages"": ""1"", ""page_size"": ""4096""}",RESOURCE
VMR_100002_297,RESOURCE,VMR,"{""va"": ""0x7f941f963000"", ""vmr_type"": ""LIB"", ""num_pages"": ""1"", ""page_size"": ""4096""}",RESOURCE
VMR_100002_298,RESOURCE,VMR,"{""va"": ""0x7f941f964000"", ""vmr_type"": ""LIB"", ""num_pages"": ""1"", ""page_size"": ""4096""}",RESOURCE
VMR_100002_299,RESOURCE,VMR,"{""va"": ""0x7f941f965000"", ""vmr_type"": ""LIB"", ""num_pages"": ""1"", ""page_size"": ""4096""}",RESOURCE
VMR_100002_300,RESOURCE,VMR,"{""va"": ""0x7f941f966000"", ""vmr_type"": ""LIB"", ""num_pages"": ""1"", ""page_size"": ""4096""}",RESOURCE
VMR_100002_301,RESOURCE,VMR,"{""va"": ""0x7f941f967000"", ""vmr_type"": ""LIB"", ""num_pages"": ""1"", ""page_size"": ""4096""}",RESOURCE
VMR_100002_302,RESOURCE,VMR,"{""va"": ""0x7f941f968000"", ""vmr_type"": ""LIB"", ""num_pages"": ""1"", ""page_size"": ""4096""}",RESOURCE
VMR_100002_303,RESOURCE,VMR,"{""va"": ""0x7f941f969000"", ""vmr_type"": ""LIB"", ""num_pages"": ""1"", ""page_size"": ""4096""}",RESOURCE
VMR_100002_304,RESOURCE,VMR,"{""va"": ""0x7f941f96a000"", ""vmr_type"": ""LIB"", ""num_pages"": ""1"", ""page_size"": ""4096""}",RESOURCE
VMR_100002_305,RESOURCE,VMR,"{""va"": ""0x7f941f96b000"", ""vmr_type"": ""LIB"", ""num_pages"": ""1"", ""page_size"": ""4096""}",RESOURCE
VMR_100002_306,RESOURCE,VMR,"{""va"": ""0x7f941f96c000"", ""vmr_type"": ""LIB"", ""num_pages"": ""1"", ""page_size"": ""4096""}",RESOURCE
VMR_100002_307,RESOURCE,VMR,"{""va"": ""0x7f941f96d000"", ""vmr_type"": ""LIB"", ""num_pages"": ""1"", ""page_size"": ""4096""}",RESOURCE
VMR_100002_308,RESOURCE,VMR,"{""va"": ""0x7f941f96e000"", ""vmr_type"": ""LIB"", ""num_pages"": ""1"", ""page_size"": ""4096""}",RESOURCE
VMR_100002_309,RESOURCE,VMR,"{""va"": ""0x7f941f96f000"", ""vmr_type"": ""LIB"", ""num_pages"": ""1"", ""page_size"": ""4096""}",RESOURCE
VMR_100002_310,RESOURCE,VMR,"{""va"": ""0x7f941f970000"", ""vmr_type"": ""LIB"", ""num_pages"": ""1"", ""page_size"": ""4096""}",RESOURCE
VMR_100002_311,RESOURCE,VMR,"{""va"": ""0x7f941f971000"", ""vmr_type"": ""LIB"", ""num_pages"": ""1"", ""page_size"": ""4096""}",RESOURCE
VMR_100002_312,RESOURCE,VMR,"{""va"": ""0x7f941f972000"", ""vmr_type"": ""LIB"", ""num_pages"": ""1"", ""page_size"": ""4096""}",RESOURCE
VMR_100002_313,RESOURCE,VMR,"{""va"": ""0x7f941f973000"", ""vmr_type"": ""LIB"", ""num_pages"": ""1"", ""page_size"": ""4096""}",RESOURCE
VMR_100002_314,RESOURCE,VMR,"{""va"": ""0x7f941f974000"", ""vmr_type"": ""LIB"", ""num_pages"": ""1"", ""page_size"": ""4096""}",RESOURCE
VMR_100002_315,RESOURCE,VMR,"{""va"": ""0x7f941f975000"", ""vmr_type"": ""LIB"", ""num_pages"": ""1"", ""page_size"": ""4096""}",RESOURCE
VMR_100002_316,RESOURCE,VMR,"{""va"": ""0x7f941f976000"", ""vmr_type"": ""LIB"", ""num_pages"": ""1"", ""page_size"": ""4096""}",RESOURCE
VMR_100002_317,RESOURCE,VMR,"{""va"": ""0x7f941f977000"", ""vmr_type"": ""LIB"", ""num_pages"": ""1"", ""page_size"": ""4096""}",RESOURCE
VMR_100002_318,RESOURCE,VMR,"{""va"": ""0x7f941f978000"", ""vmr_type"": ""LIB"", ""num_pages"": ""1"", ""page_size"": ""4096""}",RESOURCE
VMR_100002_319,RESOURCE,VMR,"{""va"": ""0x7f941f979000"", ""vmr_type"": ""LIB"", ""num_pages"": ""1"", ""page_size"": ""4096""}",RESOURCE
VMR_100002_320,RESOURCE,VMR,"{""va"": ""0x7f941f97a000"", ""vmr_type"": ""LIB"", ""num_pages"": ""1"", ""page_size"": ""4096""}",RESOURCE
VMR_100002_321,RESOURCE,VMR,"{""va"": ""0x7f941f97b000"", ""vmr_type"": ""LIB"", ""num_pages"": ""1"", ""page_size"": ""4096""}",RESOURCE
VMR_100002_322,RESOURCE,VMR,"{""va"": ""0x7f941f97c000"", ""vmr_type"": ""LIB"", ""num_pages"": ""1"", ""page_size"": ""4096""}",RESOURCE
VMR_100002_323,RESOURCE,VMR,"{""va"": ""0x7f941f97d000"", ""vmr_type"": ""LIB"", ""num_pages"": ""1"", ""page_size"": ""4096""}",RESOURCE
VMR_100002_324,RESOURCE,VMR,"{""va"": ""0x7f941f97e000"", ""vmr_type"": ""LIB"", ""num_pages"": ""1"", ""page_size"": ""4096""}",RESOURCE
VMR_100002_325,RESOURCE,VMR,"{""va"": ""0x7f941f97f000"", ""vmr_type"": ""LIB"", ""num_pages"": ""1"", ""page_size"": ""4096""}",RESOURCE
VMR_100002_326,RESOURCE,VMR,"{""va"": ""0x7f941f980000"", ""vmr_type"": ""LIB"", ""num_pages"": ""1"", ""page_size"": ""4096""}",RESOURCE
VMR_100002_327,RESOURCE,VMR,"{""va"": ""0x7f941f981000"", ""vmr_type"": ""LIB"", ""num_pages"": ""1"", ""page_size"": ""4096""}",RESOURCE
VMR_100002_328,RESOURCE,VMR,"{""va"": ""0x7f941f982000"", ""vmr_type"": ""LIB"", ""num_pages"": ""1"", ""page_size"": ""4096""}",RESOURCE
VMR_100002_329,RESOURCE,VMR,"{""va"": ""0x7f941f983000"", ""vmr_type"": ""LIB"", ""num_pages"": ""1"", ""page_size"": ""4096""}",RESOURCE
VMR_100002_330,RESOURCE,VMR,"{""va"": ""0x7f941f984000"", ""vmr_type"": ""LIB"", ""num_pages"": ""1"", ""page_size"": ""4096""}",RESOURCE
VMR_100002_331,RESOURCE,VMR,"{""va"": ""0x7f941f985000"", ""vmr_type"": ""LIB"", ""num_pages"": ""1"", ""page_size"": ""4096""}",RESOURCE
VMR_100002_332,RESOURCE,VMR,"{""va"": ""0x7f941f986000"", ""vmr_type"": ""LIB"", ""num_pages"": ""1"", ""page_size"": ""4096""}",RESOURCE
VMR_100002_333,RESOURCE,VMR,"{""va"": ""0x7f941f987000"", ""vmr_type"": ""LIB"", ""num_pages"": ""1"", ""page_size"": ""4096""}",RESOURCE
VMR_100002_334,RESOURCE,VMR,"{""va"": ""0x7f941f988000"", ""vmr_type"": ""LIB"", ""num_pages"": ""1"", ""page_size"": ""4096""}",RESOURCE
VMR_100002_335,RESOURCE,VMR,"{""va"": ""0x7f941f989000"", ""vmr_type"": ""LIB"", ""num_pages"": ""1"", ""page_size"": ""4096""}",RESOURCE
VMR_100002_336,RESOURCE,VMR,"{""va"": ""0x7f941f98a000"", ""vmr_type"": ""LIB"", ""num_pages"": ""1"", ""page_size"": ""4096""}",RESOURCE
VMR_100002_337,RESOURCE,VMR,"{""va"": ""0x7f941f98b000"", ""vmr_type"": ""LIB"", ""num_pages"": ""1"", ""page_size"": ""4096""}",RESOURCE
VMR_100002_338,RESOURCE,VMR,"{""va"": ""0x7f941f98c000"", ""vmr_type"": ""LIB"", ""num_pages"": ""1"", ""page_size"": ""4096""}",RESOURCE
VMR_100002_339,RESOURCE,VMR,"{""va"": ""0x7f941f98d000"", ""vmr_type"": ""LIB"", ""num_pages"": ""1"", ""page_size"": ""4096""}",RESOURCE
VMR_100002_340,RESOURCE,VMR,"{""va"": ""0x7f941f98e000"", ""vmr_type"": ""LIB"", ""num_pages"": ""1"", ""page_size"": ""4096""}",RESOURCE
VMR_100002_341,RESOURCE,VMR,"{""va"": ""0x7f941f98f000"", ""vmr_type"": ""LIB"", ""num_pages"": ""1"", ""page_size"": ""4096""}",RESOURCE
VMR_100002_342,RESOURCE,VMR,"{""va"": ""0x7f941f990000"", ""vmr_type"": ""LIB"", ""num_pages"": ""1"", ""page_size"": ""4096""}",RESOURCE
VMR_100002_343,RESOURCE,VMR,"{""va"": ""0x7f941f991000"", ""vmr_type"": ""LIB"", ""num_pages"": ""1"", ""page_size"": ""4096""}",RESOURCE
VMR_100002_344,RESOURCE,VMR,"{""va"": ""0x7f941f992000"", ""vmr_type"": ""LIB"", ""num_pages"": ""1"", ""page_size"": ""4096""}",RESOURCE
VMR_100002_345,RESOURCE,VMR,"{""va"": ""0x7f941f993000"", ""vmr_type"": ""LIB"", ""num_pages"": ""1"", ""page_size"": ""4096""}",RESOURCE
VMR_100002_346,RESOURCE,VMR,"{""va"": ""0x7f941f994000"", ""vmr_type"": ""LIB"", ""num_pages"": ""1"", ""page_size"": ""4096""}",RESOURCE
VMR_100002_347,RESOURCE,VMR,"{""va"": ""0x7f941f995000"", ""vmr_type"": ""LIB"", ""num_pages"": ""1"", ""page_size"": ""4096""}",RESOURCE
VMR_100002_348,RESOURCE,VMR,"{""va"": ""0x7f941f996000"", ""vmr_type"": ""LIB"", ""num_pages"": ""1"", ""page_size"": ""4096""}",RESOURCE
VMR_100002_349,RESOURCE,VMR,"{""va"": ""0x7f941f997000"", ""vmr_type"": ""LIB"", ""num_pages"": ""1"", ""page_size"": ""4096""}",RESOURCE
VMR_100002_350,RESOURCE,VMR,"{""va"": ""0x7f941f998000"", ""vmr_type"": ""LIB"", ""num_pages"": ""1"", ""page_size"": ""4096""}",RESOURCE
VMR_100002_351,RESOURCE,VMR,"{""va"": ""0x7f941f999000"", ""vmr_type"": ""LIB"", ""num_pages"": ""1"", ""page_size"": ""4096""}",RESOURCE
VMR_100002_352,RESOURCE,VMR,"{""va"": ""0x7f941f99a000"", ""vmr_type"": ""LIB"", ""num_pages"": ""1"", ""page_size"": ""4096""}",RESOURCE
VMR_100002_353,RESOURCE,VMR,"{""va"": ""0x7f941f99b000"", ""vmr_type"": ""LIB"", ""num_pages"": ""1"", ""page_size"": ""4096""}",RESOURCE
VMR_100002_354,RESOURCE,VMR,"{""va"": ""0x7f941f99c000"", ""vmr_type"": ""LIB"", ""num_pages"": ""1"", ""page_size"": ""4096""}",RESOURCE
VMR_100002_355,RESOURCE,VMR,"{""va"": ""0x7f941f99d000"", ""vmr_type"": ""LIB"", ""num_pages"": ""1"", ""page_size"": ""4096""}",RESOURCE
VMR_100002_356,RESOURCE,VMR,"{""va"": ""0x7f941f99e000"", ""vmr_type"": ""LIB"", ""num_pages"": ""1"", ""page_size"": ""4096""}",RESOURCE
VMR_100002_357,RESOURCE,VMR,"{""va"": ""0x7f941f99f000"", ""vmr_type"": ""LIB"", ""num_pages"": ""1"", ""page_size"": ""4096""}",RESOURCE
VMR_100002_358,RESOURCE,VMR,"{""va"": ""0x7f941f9a0000"", ""vmr_type"": ""LIB"", ""num_pages"": ""1"", ""page_size"": ""4096""}",RESOURCE
VMR_100002_359,RESOURCE,VMR,"{""va"": ""0x7f941f9a1000"", ""vmr_type"": ""LIB"", ""num_pages"": ""1"", ""page_size"": ""4096""}",RESOURCE
VMR_100002_360,RESOURCE,VMR,"{""va"": ""0x7f941f9a2000"", ""vmr_type"": ""LIB"", ""num_pages"": ""1"", ""page_size"": ""4096""}",RESOURCE
VMR_100002_361,RESOURCE,VMR,"{""va"": ""0x7f941f9a3000"", ""vmr_type"": ""LIB"", ""num_pages"": ""1"", ""page_size"": ""4096""}",RESOURCE
VMR_100002_362,RESOURCE,VMR,"{""va"": ""0x7f941f9a4000"", ""vmr_type"": ""LIB"", ""num_pages"": ""1"", ""page_size"": ""4096""}",RESOURCE
VMR_100002_363,RESOURCE,VMR,"{""va"": ""0x7f941f9a5000"", ""vmr_type"": ""LIB"", ""num_pages"": ""1"", ""page_size"": ""4096""}",RESOURCE
VMR_100002_364,RESOURCE,VMR,"{""va"": ""0x7f941f9a6000"", ""vmr_type"": ""LIB"", ""num_pages"": ""1"", ""page_size"": ""4096""}",RESOURCE
VMR_100002_365,RESOURCE,VMR,"{""va"": ""0x7f941f9a7000"", ""vmr_type"": ""LIB"", ""num_pages"": ""1"", ""page_size"": ""4096""}",RESOURCE
VMR_100002_366,RESOURCE,VMR,"{""va"": ""0x7f941f9a8000"", ""vmr_type"": ""LIB"", ""num_pages"": ""1"", ""page_size"": ""4096""}",RESOURCE
VMR_100002_367,RESOURCE,VMR,"{""va"": ""0x7f941f9a9000"", ""vmr_type"": ""LIB"", ""num_pages"": ""1"", ""page_size"": ""4096""}",RESOURCE
VMR_100002_368,RESOURCE,VMR,"{""va"": ""0x7f941f9aa000"", ""vmr_type"": ""LIB"", ""num_pages"": ""1"", ""page_size"": ""4096""}",RESOURCE
VMR_100002_369,RESOURCE,VMR,"{""va"": ""0x7f941f9ab000"", ""vmr_type"": ""LIB"", ""num_pages"": ""1"", ""page_size"": ""4096""}",RESOURCE
VMR_100002_370,RESOURCE,VMR,"{""va"": ""0x7f941f9ac000"", ""vmr_type"": ""LIB"", ""num_pages"": ""1"", ""page_size"": ""4096""}",RESOURCE
VMR_100002_371,RESOURCE,VMR,"{""va"": ""0x7f941f9ad000"", ""vmr_type"": ""LIB"", ""num_pages"": ""1"", ""page_size"": ""4096""}",RESOURCE
VMR_100002_372,RESOURCE,VMR,"{""va"": ""0x7f941f9ae000"", ""vmr_type"": ""LIB"", ""num_pages"": ""1"", ""page_size"": ""4096""}",RESOURCE
VMR_100002_373,RESOURCE,VMR,"{""va"": ""0x7f941f9af000"", ""vmr_type"": ""LIB"", ""num_pages"": ""1"", ""page_size"": ""4096""}",RESOURCE
VMR_100002_374,RESOURCE,VMR,"{""va"": ""0x7f941f9b0000"", ""vmr_type"": ""LIB"", ""num_pages"": ""1"", ""page_size"": ""4096""}",RESOURCE
VMR_100002_375,RESOURCE,VMR,"{""va"": ""0x7f941f9b1000"", ""vmr_type"": ""LIB"", ""num_pages"": ""1"", ""page_size"": ""4096""}",RESOURCE
VMR_100002_376,RESOURCE,VMR,"{""va"": ""0x7f941f9b2000"", ""vmr_type"": ""LIB"", ""num_pages"": ""1"", ""page_size"": ""4096""}",RESOURCE
VMR_100002_377,RESOURCE,VMR,"{""va"": ""0x7f941f9b3000"", ""vmr_type"": ""LIB"", ""num_pages"": ""1"", ""page_size"": ""4096""}",RESOURCE
VMR_100002_378,RESOURCE,VMR,"{""va"": ""0x7f941f9b4000"", ""vmr_type"": ""LIB"", ""num_pages"": ""1"", ""page_size"": ""4096""}",RESOURCE
VMR_100002_379,RESOURCE,VMR,"{""va"": ""0x7f941f9b5000"", ""vmr_type"": ""LIB"", ""num_pages"": ""1"", ""page_size"": ""4096""}",RESOURCE
VMR_100002_380,RESOURCE,VMR,"{""va"": ""0x7f941f9b6000"", ""vmr_type"": ""LIB"", ""num_pages"": ""1"", ""page_size"": ""4096""}",RESOURCE
VMR_100002_381,RESOURCE,VMR,"{""va"": ""0x7f941f9b7000"", ""vmr_type"": ""LIB"", ""num_pages"": ""1"", ""page_size"": ""4096""}",RESOURCE
VMR_100002_382,RESOURCE,VMR,"{""va"": ""0x7f941f9b8000"", ""vmr_type"": ""LIB"", ""num_pages"": ""1"", ""page_size"": ""4096""}",RESOURCE
VMR_100002_383,RESOURCE,VMR,"{""va"": ""0x7f941f9b9000"", ""vmr_type"": ""LIB"", ""num_pages"": ""1"", ""page_size"": ""4096""}",RESOURCE
VMR_100002_384,RESOURCE,VMR,"{""va"": ""0x7f941f9ba000"", ""vmr_type"": ""LIB"", ""num_pages"": ""1"", ""page_size"": ""4096""}",RESOURCE
VMR_100002_385,RESOURCE,VMR,"{""va"": ""0x7f941f9bb000"", ""vmr_type"": ""LIB"", ""num_pages"": ""1"", ""page_size"": ""4096""}",RESOURCE
VMR_100002_386,RESOURCE,VMR,"{""va"": ""0x7f941f9bc000"", ""vmr_type"": ""LIB"", ""num_pages"": ""1"", ""page_size"": ""4096""}",RESOURCE
VMR_100002_387,RESOURCE,VMR,"{""va"": ""0x7f941f9bd000"", ""vmr_type"": ""LIB"", ""num_pages"": ""1"", ""page_size"": ""4096""}",RESOURCE
VMR_100002_388,RESOURCE,VMR,"{""va"": ""0x7f941f9be000"", ""vmr_type"": ""LIB"", ""num_pages"": ""1"", ""page_size"": ""4096""}",RESOURCE
VMR_100002_389,RESOURCE,VMR,"{""va"": ""0x7f941f9bf000"", ""vmr_type"": ""LIB"", ""num_pages"": ""1"", ""page_size"": ""4096""}",RESOURCE
VMR_100002_390,RESOURCE,VMR,"{""va"": ""0x7f941f9c0000"", ""vmr_type"": ""LIB"", ""num_pages"": ""1"", ""page_size"": ""4096""}",RESOURCE
VMR_100002_391,RESOURCE,VMR,"{""va"": ""0x7f941f9c1000"", ""vmr_type"": ""LIB"", ""num_pages"": ""1"", ""page_size"": ""4096""}",RESOURCE
VMR_100002_392,RESOURCE,VMR,"{""va"": ""0x7f941f9c2000"", ""vmr_type"": ""LIB"", ""num_pages"": ""1"", ""page_size"": ""4096""}",RESOURCE
VMR_100002_393,RESOURCE,VMR,"{""va"": ""0x7f941f9c3000"", ""vmr_type"": ""LIB"", ""num_pages"": ""1"", ""page_size"": ""4096""}",RESOURCE
VMR_100002_394,RESOURCE,VMR,"{""va"": ""0x7f941f9c4000"", ""vmr_type"": ""LIB"", ""num_pages"": ""1"", ""page_size"": ""4096""}",RESOURCE
VMR_100002_395,RESOURCE,VMR,"{""va"": ""0x7f941f9c5000"", ""vmr_type"": ""LIB"", ""num_pages"": ""1"", ""page_size"": ""4096""}",RESOURCE
VMR_100002_396,RESOURCE,VMR,"{""va"": ""0x7f941f9c6000"", ""vmr_type"": ""LIB"", ""num_pages"": ""1"", ""page_size"": ""4096""}",RESOURCE
VMR_100002_397,RESOURCE,VMR,"{""va"": ""0x7f941f9c7000"", ""vmr_type"": ""LIB"", ""num_pages"": ""1"", ""page_size"": ""4096""}",RESOURCE
VMR_100002_398,RESOURCE,VMR,"{""va"": ""0x7f941f9c8000"", ""vmr_type"": ""LIB"", ""num_pages"": ""1"", ""page_size"": ""4096""}",RESOURCE
VMR_100002_399,RESOURCE,VMR,"{""va"": ""0x7f941f9c9000"", ""vmr_type"": ""LIB"", ""num_pages"": ""1"", ""page_size"": ""4096""}",RESOURCE
VMR_100002_400,RESOURCE,VMR,"{""va"": ""0x7f941f9ca000"", ""vmr_type"": ""LIB"", ""num_pages"": ""1"", ""page_size"": ""4096""}",RESOURCE
VMR_100002_401,RESOURCE,VMR,"{""va"": ""0x7f941f9cb000"", ""vmr_type"": ""LIB"", ""num_pages"": ""1"", ""page_size"": ""4096""}",RESOURCE
VMR_100002_402,RESOURCE,VMR,"{""va"": ""0x7f941f9cc000"", ""vmr_type"": ""LIB"", ""num_pages"": ""1"", ""page_size"": ""4096""}",RESOURCE
VMR_100002_403,RESOURCE,VMR,"{""va"": ""0x7f941f9cd000"", ""vmr_type"": ""LIB"", ""num_pages"": ""1"", ""page_size"": ""4096""}",RESOURCE
VMR_100002_404,RESOURCE,VMR,"{""va"": ""0x7f941f9ce000"", ""vmr_type"": ""LIB"", ""num_pages"": ""1"", ""page_size"": ""4096""}",RESOURCE
VMR_100002_405,RESOURCE,VMR,"{""va"": ""0x7f941f9cf000"", ""vmr_type"": ""LIB"", ""num_pages"": ""1"", ""page_size"": ""4096""}",RESOURCE
VMR_100002_406,RESOURCE,VMR,"{""va"": ""0x7f941f9d0000"", ""vmr_type"": ""LIB"", ""num_pages"": ""1"", ""page_size"": ""4096""}",RESOURCE
VMR_100002_407,RESOURCE,VMR,"{""va"": ""0x7f941f9d1000"", ""vmr_type"": ""LIB"", ""num_pages"": ""1"", ""page_size"": ""4096""}",RESOURCE
VMR_100002_408,RESOURCE,VMR,"{""va"": ""0x7f941f9d2000"", ""vmr_type"": ""LIB"", ""num_pages"": ""1"", ""page_size"": ""4096""}",RESOURCE
VMR_100002_409,RESOURCE,VMR,"{""va"": ""0x7f941f9d3000"", ""vmr_type"": ""LIB"", ""num_pages"": ""1"", ""page_size"": ""4096""}",RESOURCE
VMR_100002_410,RESOURCE,VMR,"{""va"": ""0x7f941f9d4000"", ""vmr_type"": ""LIB"", ""num_pages"": ""1"", ""page_size"": ""4096""}",RESOURCE
VMR_100002_411,RESOURCE,VMR,"{""va"": ""0x7f941f9d5000"", ""vmr_type"": ""LIB"", ""num_pages"": ""1"", ""page_size"": ""4096""}",RESOURCE
VMR_100002_412,RESOURCE,VMR,"{""va"": ""0x7f941f9d6000"", ""vmr_type"": ""LIB"", ""num_pages"": ""1"", ""page_size"": ""4096""}",RESOURCE
VMR_100002_413,RESOURCE,VMR,"{""va"": ""0x7f941f9d7000"", ""vmr_type"": ""LIB"", ""num_pages"": ""1"", ""page_size"": ""4096""}",RESOURCE
VMR_100002_414,RESOURCE,VMR,"{""va"": ""0x7f941f9d8000"", ""vmr_type"": ""LIB"", ""num_pages"": ""1"", ""page_size"": ""4096""}",RESOURCE
VMR_100002_415,RESOURCE,VMR,"{""va"": ""0x7f941f9d9000"", ""vmr_type"": ""LIB"", ""num_pages"": ""1"", ""page_size"": ""4096""}",RESOURCE
VMR_100002_416,RESOURCE,VMR,"{""va"": ""0x7f941f9da000"", ""vmr_type"": ""LIB"", ""num_pages"": ""1"", ""page_size"": ""4096""}",RESOURCE
VMR_100002_417,RESOURCE,VMR,"{""va"": ""0x7f941f9db000"", ""vmr_type"": ""LIB"", ""num_pages"": ""1"", ""page_size"": ""4096""}",RESOURCE
VMR_100002_418,RESOURCE,VMR,"{""va"": ""0x7f941f9dc000"", ""vmr_type"": ""LIB"", ""num_pages"": ""1"", ""page_size"": ""4096""}",RESOURCE
VMR_100002_419,RESOURCE,VMR,"{""va"": ""0x7f941f9dd000"", ""vmr_type"": ""LIB"", ""num_pages"": ""1"", ""page_size"": ""4096""}",RESOURCE
VMR_100002_420,RESOURCE,VMR,"{""va"": ""0x7f941f9de000"", ""vmr_type"": ""LIB"", ""num_pages"": ""1"", ""page_size"": ""4096""}",RESOURCE
VMR_100002_421,RESOURCE,VMR,"{""va"": ""0x7f941f9df000"", ""vmr_type"": ""LIB"", ""num_pages"": ""1"", ""page_size"": ""4096""}",RESOURCE
VMR_100002_422,RESOURCE,VMR,"{""va"": ""0x7f941f9e0000"", ""vmr_type"": ""LIB"", ""num_pages"": ""1"", ""page_size"": ""4096""}",RESOURCE
VMR_100002_423,RESOURCE,VMR,"{""va"": ""0x7f941f9e1000"", ""vmr_type"": ""LIB"", ""num_pages"": ""1"", ""page_size"": ""4096""}",RESOURCE
VMR_100002_424,RESOURCE,VMR,"{""va"": ""0x7f941f9e2000"", ""vmr_type"": ""LIB"", ""num_pages"": ""1"", ""page_size"": ""4096""}",RESOURCE
VMR_100002_425,RESOURCE,VMR,"{""va"": ""0x7f941f9e3000"", ""vmr_type"": ""LIB"", ""num_pages"": ""1"", ""page_size"": ""4096""}",RESOURCE
VMR_100002_426,RESOURCE,VMR,"{""va"": ""0x7f941f9e4000"", ""vmr_type"": ""LIB"", ""num_pages"": ""1"", ""page_size"": ""4096""}",RESOURCE
VMR_100002_427,RESOURCE,VMR,"{""va"": ""0x7f941f9e5000"", ""vmr_type"": ""LIB"", ""num_pages"": ""1"", ""page_size"": ""4096""}",RESOURCE
VMR_100002_428,RESOURCE,VMR,"{""va"": ""0x7f941f9e6000"", ""vmr_type"": ""LIB"", ""num_pages"": ""1"", ""page_size"": ""4096""}",RESOURCE
VMR_100002_429,RESOURCE,VMR,"{""va"": ""0x7f941f9e7000"", ""vmr_type"": ""LIB"", ""num_pages"": ""1"", ""page_size"": ""4096""}",RESOURCE
VMR_100002_430,RESOURCE,VMR,"{""va"": ""0x7f941f9e8000"", ""vmr_type"": ""LIB"", ""num_pages"": ""1"", ""page_size"": ""4096""}",RESOURCE
VMR_100002_431,RESOURCE,VMR,"{""va"": ""0x7f941f9e9000"", ""vmr_type"": ""LIB"", ""num_pages"": ""1"", ""page_size"": ""4096""}",RESOURCE
VMR_100002_432,RESOURCE,VMR,"{""va"": ""0x7f941f9ea000"", ""vmr_type"": ""LIB"", ""num_pages"": ""1"", ""page_size"": ""4096""}",RESOURCE
VMR_100002_433,RESOURCE,VMR,"{""va"": ""0x7f941f9eb000"", ""vmr_type"": ""LIB"", ""num_pages"": ""1"", ""page_size"": ""4096""}",RESOURCE
VMR_100002_434,RESOURCE,VMR,"{""va"": ""0x7f941f9ec000"", ""vmr_type"": ""LIB"", ""num_pages"": ""1"", ""page_size"": ""4096""}",RESOURCE
VMR_100002_435,RESOURCE,VMR,"{""va"": ""0x7f941f9ed000"", ""vmr_type"": ""LIB"", ""num_pages"": ""1"", ""page_size"": ""4096""}",RESOURCE
VMR_100002_436,RESOURCE,VMR,"{""va"": ""0x7f941f9ee000"", ""vmr_type"": ""LIB"", ""num_pages"": ""1"", ""page_size"": ""4096""}",RESOURCE
VMR_100002_437,RESOURCE,VMR,"{""va"": ""0x7f941f9ef000"", ""vmr_type"": ""LIB"", ""num_pages"": ""1"", ""page_size"": ""4096""}",RESOURCE
VMR_100002_438,RESOURCE,VMR,"{""va"": ""0x7f941f9f0000"", ""vmr_type"": ""LIB"", ""num_pages"": ""1"", ""page_size"": ""4096""}",RESOURCE
VMR_100002_439,RESOURCE,VMR,"{""va"": ""0x7f941f9f1000"", ""vmr_type"": ""LIB"", ""num_pages"": ""1"", ""page_size"": ""4096""}",RESOURCE
VMR_100002_440,RESOURCE,VMR,"{""va"": ""0x7f941f9f2000"", ""vmr_type"": ""LIB"", ""num_pages"": ""1"", ""page_size"": ""4096""}",RESOURCE
VMR_100002_441,RESOURCE,VMR,"{""va"": ""0x7f941f9f3000"", ""vmr_type"": ""LIB"", ""num_pages"": ""1"", ""page_size"": ""4096""}",RESOURCE
VMR_100002_442,RESOURCE,VMR,"{""va"": ""0x7f941f9f4000"", ""vmr_type"": ""LIB"", ""num_pages"": ""1"", ""page_size"": ""4096""}",RESOURCE
VMR_100002_443,RESOURCE,VMR,"{""va"": ""0x7f941f9f5000"", ""vmr_type"": ""LIB"", ""num_pages"": ""1"", ""page_size"": ""4096""}",RESOURCE
VMR_100002_444,RESOURCE,VMR,"{""va"": ""0x7f941f9f6000"", ""vmr_type"": ""LIB"", ""num_pages"": ""1"", ""page_size"": ""4096""}",RESOURCE
VMR_100002_445,RESOURCE,VMR,"{""va"": ""0x7f941f9f7000"", ""vmr_type"": ""LIB"", ""num_pages"": ""1"", ""page_size"": ""4096""}",RESOURCE
VMR_100002_446,RESOURCE,VMR,"{""va"": ""0x7f941f9f8000"", ""vmr_type"": ""LIB"", ""num_pages"": ""1"", ""page_size"": ""4096""}",RESOURCE
VMR_100002_447,RESOURCE,VMR,"{""va"": ""0x7f941f9f9000"", ""vmr_type"": ""LIB"", ""num_pages"": ""1"", ""page_size"": ""4096""}",RESOURCE
VMR_100002_448,RESOURCE,VMR,"{""va"": ""0x7f941f9fa000"", ""vmr_type"": ""LIB"", ""num_pages"": ""1"", ""page_size"": ""4096""}",RESOURCE
VMR_100002_449,RESOURCE,VMR,"{""va"": ""0x7f941f9fb000"", ""vmr_type"": ""LIB"", ""num_pages"": ""1"", ""page_size"": ""4096""}",RESOURCE
VMR_100002_450,RESOURCE,VMR,"{""va"": ""0x7f941f9fc000"", ""vmr_type"": ""LIB"", ""num_pages"": ""1"", ""page_size"": ""4096""}",RESOURCE
VMR_100002_451,RESOURCE,VMR,"{""va"": ""0x7f941f9fd000"", ""vmr_type"": ""LIB"", ""num_pages"": ""1"", ""page_size"": ""4096""}",RESOURCE
VMR_100002_452,RESOURCE,VMR,"{""va"": ""0x7f941f9fe000"", ""vmr_type"": ""LIB"", ""num_pages"": ""1"", ""page_size"": ""4096""}",RESOURCE
VMR_100002_453,RESOURCE,VMR,"{""va"": ""0x7f941f9ff000"", ""vmr_type"": ""LIB"", ""num_pages"": ""1"", ""page_size"": ""4096""}",RESOURCE
VMR_100002_454,RESOURCE,VMR,"{""va"": ""0x7f941fa00000"", ""vmr_type"": ""LIB"", ""num_pages"": ""1"", ""page_size"": ""4096""}",RESOURCE
VMR_100002_455,RESOURCE,VMR,"{""va"": ""0x7f941fa01000"", ""vmr_type"": ""LIB"", ""num_pages"": ""1"", ""page_size"": ""4096""}",RESOURCE
VMR_100002_456,RESOURCE,VMR,"{""va"": ""0x7f941fa02000"", ""vmr_type"": ""LIB"", ""num_pages"": ""1"", ""page_size"": ""4096""}",RESOURCE
VMR_100002_457,RESOURCE,VMR,"{""va"": ""0x7f941fa03000"", ""vmr_type"": ""LIB"", ""num_pages"": ""1"", ""page_size"": ""4096""}",RESOURCE
VMR_100002_458,RESOURCE,VMR,"{""va"": ""0x7f941fa04000"", ""vmr_type"": ""LIB"", ""num_pages"": ""1"", ""page_size"": ""4096""}",RESOURCE
VMR_100002_459,RESOURCE,VMR,"{""va"": ""0x7f941fa05000"", ""vmr_type"": ""LIB"", ""num_pages"": ""1"", ""page_size"": ""4096""}",RESOURCE
VMR_100002_460,RESOURCE,VMR,"{""va"": ""0x7f941fa06000"", ""vmr_type"": ""LIB"", ""num_pages"": ""1"", ""page_size"": ""4096""}",RESOURCE
VMR_100002_461,RESOURCE,VMR,"{""va"": ""0x7f941fa07000"", ""vmr_type"": ""NONE"", ""num_pages"": ""1"", ""page_size"": ""4096""}",RESOURCE
VMR_100002_462,RESOURCE,VMR,"{""va"": ""0x7f941fa08000"", ""vmr_type"": ""NONE"", ""num_pages"": ""1"", ""page_size"": ""4096""}",RESOURCE
VMR_100002_463,RESOURCE,VMR,"{""va"": ""0x7f941fa09000"", ""vmr_type"": ""NONE"", ""num_pages"": ""1"", ""page_size"": ""4096""}",RESOURCE
VMR_100002_464,RESOURCE,VMR,"{""va"": ""0x7f941fa0a000"", ""vmr_type"": ""NONE"", ""num_pages"": ""1"", ""page_size"": ""4096""}",RESOURCE
VMR_100002_465,RESOURCE,VMR,"{""va"": ""0x7f941fa0b000"", ""vmr_type"": ""NONE"", ""num_pages"": ""1"", ""page_size"": ""4096""}",RESOURCE
VMR_100002_466,RESOURCE,VMR,"{""va"": ""0x7f941fa0c000"", ""vmr_type"": ""NONE"", ""num_pages"": ""1"", ""page_size"": ""4096""}",RESOURCE
VMR_100002_467,RESOURCE,VMR,"{""va"": ""0x7f941fa0d000"", ""vmr_type"": ""NONE"", ""num_pages"": ""1"", ""page_size"": ""4096""}",RESOURCE
VMR_100002_468,RESOURCE,VMR,"{""va"": ""0x7f941fa0e000"", ""vmr_type"": ""NONE"", ""num_pages"": ""1"", ""page_size"": ""4096""}",RESOURCE
VMR_100002_469,RESOURCE,VMR,"{""va"": ""0x7f941fa0f000"", ""vmr_type"": ""NONE"", ""num_pages"": ""1"", ""page_size"": ""4096""}",RESOURCE
VMR_100002_470,RESOURCE,VMR,"{""va"": ""0x7f941fa10000"", ""vmr_type"": ""NONE"", ""num_pages"": ""1"", ""page_size"": ""4096""}",RESOURCE
VMR_100002_471,RESOURCE,VMR,"{""va"": ""0x7f941fa11000"", ""vmr_type"": ""NONE"", ""num_pages"": ""1"", ""page_size"": ""4096""}",RESOURCE
VMR_100002_472,RESOURCE,VMR,"{""va"": ""0x7f941fa12000"", ""vmr_type"": ""NONE"", ""num_pages"": ""1"", ""page_size"": ""4096""}",RESOURCE
VMR_100002_473,RESOURCE,VMR,"{""va"": ""0x7f941fa13000"", ""vmr_type"": ""NONE"", ""num_pages"": ""1"", ""page_size"": ""4096""}",RESOURCE
VMR_100002_474,RESOURCE,VMR,"{""va"": ""0x7f941fa14000"", ""vmr_type"": ""NONE"", ""num_pages"": ""1"", ""page_size"": ""4096""}",RESOURCE
VMR_100002_475,RESOURCE,VMR,"{""va"": ""0x7f941fa15000"", ""vmr_type"": ""NONE"", ""num_pages"": ""1"", ""page_size"": ""4096""}",RESOURCE
VMR_100002_476,RESOURCE,VMR,"{""va"": ""0x7f941fa16000"", ""vmr_type"": ""LIB"", ""num_pages"": ""1"", ""page_size"": ""4096""}",RESOURCE
VMR_100002_477,RESOURCE,VMR,"{""va"": ""0x7f941fa17000"", ""vmr_type"": ""LIB"", ""num_pages"": ""1"", ""page_size"": ""4096""}",RESOURCE
VMR_100002_478,RESOURCE,VMR,"{""va"": ""0x7f941fa18000"", ""vmr_type"": ""LIB"", ""num_pages"": ""1"", ""page_size"": ""4096""}",RESOURCE
VMR_100002_479,RESOURCE,VMR,"{""va"": ""0x7f941fa19000"", ""vmr_type"": ""LIB"", ""num_pages"": ""1"", ""page_size"": ""4096""}",RESOURCE
VMR_100002_480,RESOURCE,VMR,"{""va"": ""0x7f941fa1a000"", ""vmr_type"": ""LIB"", ""num_pages"": ""1"", ""page_size"": ""4096""}",RESOURCE
VMR_100002_481,RESOURCE,VMR,"{""va"": ""0x7f941fa1b000"", ""vmr_type"": ""LIB"", ""num_pages"": ""1"", ""page_size"": ""4096""}",RESOURCE
VMR_100002_482,RESOURCE,VMR,"{""va"": ""0x7f941fa1c000"", ""vmr_type"": ""LIB"", ""num_pages"": ""1"", ""page_size"": ""4096""}",RESOURCE
VMR_100002_483,RESOURCE,VMR,"{""va"": ""0x7f941fa1d000"", ""vmr_type"": ""LIB"", ""num_pages"": ""1"", ""page_size"": ""4096""}",RESOURCE
VMR_100002_484,RESOURCE,VMR,"{""va"": ""0x7f941fa1e000"", ""vmr_type"": ""LIB"", ""num_pages"": ""1"", ""page_size"": ""4096""}",RESOURCE
VMR_100002_485,RESOURCE,VMR,"{""va"": ""0x7f941fa1f000"", ""vmr_type"": ""LIB"", ""num_pages"": ""1"", ""page_size"": ""4096""}",RESOURCE
VMR_100002_486,RESOURCE,VMR,"{""va"": ""0x7f941fa20000"", ""vmr_type"": ""LIB"", ""num_pages"": ""1"", ""page_size"": ""4096""}",RESOURCE
VMR_100002_487,RESOURCE,VMR,"{""va"": ""0x7f941fa21000"", ""vmr_type"": ""LIB"", ""num_pages"": ""1"", ""page_size"": ""4096""}",RESOURCE
VMR_100002_488,RESOURCE,VMR,"{""va"": ""0x7f941fa22000"", ""vmr_type"": ""LIB"", ""num_pages"": ""1"", ""page_size"": ""4096""}",RESOURCE
VMR_100002_489,RESOURCE,VMR,"{""va"": ""0x7f941fa23000"", ""vmr_type"": ""LIB"", ""num_pages"": ""1"", ""page_size"": ""4096""}",RESOURCE
VMR_100002_490,RESOURCE,VMR,"{""va"": ""0x7f941fa24000"", ""vmr_type"": ""LIB"", ""num_pages"": ""1"", ""page_size"": ""4096""}",RESOURCE
VMR_100002_491,RESOURCE,VMR,"{""va"": ""0x7f941fa25000"", ""vmr_type"": ""LIB"", ""num_pages"": ""1"", ""page_size"": ""4096""}",RESOURCE
VMR_100002_492,RESOURCE,VMR,"{""va"": ""0x7f941fa26000"", ""vmr_type"": ""LIB"", ""num_pages"": ""1"", ""page_size"": ""4096""}",RESOURCE
VMR_100002_493,RESOURCE,VMR,"{""va"": ""0x7f941fa27000"", ""vmr_type"": ""LIB"", ""num_pages"": ""1"", ""page_size"": ""4096""}",RESOURCE
VMR_100002_494,RESOURCE,VMR,"{""va"": ""0x7f941fa28000"", ""vmr_type"": ""LIB"", ""num_pages"": ""1"", ""page_size"": ""4096""}",RESOURCE
VMR_100002_495,RESOURCE,VMR,"{""va"": ""0x7f941fa29000"", ""vmr_type"": ""LIB"", ""num_pages"": ""1"", ""page_size"": ""4096""}",RESOURCE
VMR_100002_496,RESOURCE,VMR,"{""va"": ""0x7f941fa2a000"", ""vmr_type"": ""LIB"", ""num_pages"": ""1"", ""page_size"": ""4096""}",RESOURCE
VMR_100002_497,RESOURCE,VMR,"{""va"": ""0x7f941fa2b000"", ""vmr_type"": ""LIB"", ""num_pages"": ""1"", ""page_size"": ""4096""}",RESOURCE
VMR_100002_498,RESOURCE,VMR,"{""va"": ""0x7f941fa2c000"", ""vmr_type"": ""LIB"", ""num_pages"": ""1"", ""page_size"": ""4096""}",RESOURCE
VMR_100002_499,RESOURCE,VMR,"{""va"": ""0x7f941fa2d000"", ""vmr_type"": ""LIB"", ""num_pages"": ""1"", ""page_size"": ""4096""}",RESOURCE
VMR_100002_500,RESOURCE,VMR,"{""va"": ""0x7f941fa2e000"", ""vmr_type"": ""LIB"", ""num_pages"": ""1"", ""page_size"": ""4096""}",RESOURCE
VMR_100002_501,RESOURCE,VMR,"{""va"": ""0x7f941fa2f000"", ""vmr_type"": ""LIB"", ""num_pages"": ""1"", ""page_size"": ""4096""}",RESOURCE
VMR_100002_502,RESOURCE,VMR,"{""va"": ""0x7f941fa30000"", ""vmr_type"": ""LIB"", ""num_pages"": ""1"", ""page_size"": ""4096""}",RESOURCE
VMR_100002_503,RESOURCE,VMR,"{""va"": ""0x7f941fa31000"", ""vmr_type"": ""LIB"", ""num_pages"": ""1"", ""page_size"": ""4096""}",RESOURCE
VMR_100002_504,RESOURCE,VMR,"{""va"": ""0x7f941fa32000"", ""vmr_type"": ""LIB"", ""num_pages"": ""1"", ""page_size"": ""4096""}",RESOURCE
VMR_100002_505,RESOURCE,VMR,"{""va"": ""0x7f941fa33000"", ""vmr_type"": ""LIB"", ""num_pages"": ""1"", ""page_size"": ""4096""}",RESOURCE
VMR_100002_506,RESOURCE,VMR,"{""va"": ""0x7f941fa34000"", ""vmr_type"": ""LIB"", ""num_pages"": ""1"", ""page_size"": ""4096""}",RESOURCE
VMR_100002_507,RESOURCE,VMR,"{""va"": ""0x7f941fa35000"", ""vmr_type"": ""LIB"", ""num_pages"": ""1"", ""page_size"": ""4096""}",RESOURCE
VMR_100002_508,RESOURCE,VMR,"{""va"": ""0x7f941fa36000"", ""vmr_type"": ""LIB"", ""num_pages"": ""1"", ""page_size"": ""4096""}",RESOURCE
VMR_100002_509,RESOURCE,VMR,"{""va"": ""0x7f941fa37000"", ""vmr_type"": ""LIB"", ""num_pages"": ""1"", ""page_size"": ""4096""}",RESOURCE
VMR_100002_510,RESOURCE,VMR,"{""va"": ""0x7f941fa38000"", ""vmr_type"": ""LIB"", ""num_pages"": ""1"", ""page_size"": ""4096""}",RESOURCE
VMR_100002_511,RESOURCE,VMR,"{""va"": ""0x7f941fa39000"", ""vmr_type"": ""LIB"", ""num_pages"": ""1"", ""page_size"": ""4096""}",RESOURCE
VMR_100002_512,RESOURCE,VMR,"{""va"": ""0x7f941fa3a000"", ""vmr_type"": ""LIB"", ""num_pages"": ""1"", ""page_size"": ""4096""}",RESOURCE
VMR_100002_513,RESOURCE,VMR,"{""va"": ""0x7f941fa3b000"", ""vmr_type"": ""LIB"", ""num_pages"": ""1"", ""page_size"": ""4096""}",RESOURCE
VMR_100002_514,RESOURCE,VMR,"{""va"": ""0x7f941fa3c000"", ""vmr_type"": ""LIB"", ""num_pages"": ""1"", ""page_size"": ""4096""}",RESOURCE
VMR_100002_515,RESOURCE,VMR,"{""va"": ""0x7f941fa3d000"", ""vmr_type"": ""LIB"", ""num_pages"": ""1"", ""page_size"": ""4096""}",RESOURCE
VMR_100002_516,RESOURCE,VMR,"{""va"": ""0x7f941fa3e000"", ""vmr_type"": ""LIB"", ""num_pages"": ""1"", ""page_size"": ""4096""}",RESOURCE
VMR_100002_517,RESOURCE,VMR,"{""va"": ""0x7f941fa3f000"", ""vmr_type"": ""LIB"", ""num_pages"": ""1"", ""page_size"": ""4096""}",RESOURCE
VMR_100002_518,RESOURCE,VMR,"{""va"": ""0x7f941fa40000"", ""vmr_type"": ""LIB"", ""num_pages"": ""1"", ""page_size"": ""4096""}",RESOURCE
VMR_100002_519,RESOURCE,VMR,"{""va"": ""0x7f941fa41000"", ""vmr_type"": ""LIB"", ""num_pages"": ""1"", ""page_size"": ""4096""}",RESOURCE
VMR_100002_520,RESOURCE,VMR,"{""va"": ""0x7f941fa43000"", ""vmr_type"": ""LIB"", ""num_pages"": ""1"", ""page_size"": ""4096""}",RESOURCE
VMR_100002_521,RESOURCE,VMR,"{""va"": ""0x7f941fa44000"", ""vmr_type"": ""LIB"", ""num_pages"": ""1"", ""page_size"": ""4096""}",RESOURCE
VMR_100002_522,RESOURCE,VMR,"{""va"": ""0x7f941fa45000"", ""vmr_type"": ""LIB"", ""num_pages"": ""1"", ""page_size"": ""4096""}",RESOURCE
VMR_100002_523,RESOURCE,VMR,"{""va"": ""0x7f941fa46000"", ""vmr_type"": ""LIB"", ""num_pages"": ""1"", ""page_size"": ""4096""}",RESOURCE
VMR_100002_524,RESOURCE,VMR,"{""va"": ""0x7ffdcf509000"", ""vmr_type"": ""STACK"", ""num_pages"": ""1"", ""page_size"": ""4096""}",RESOURCE
VMR_100002_525,RESOURCE,VMR,"{""va"": ""0x7ffdcf50a000"", ""vmr_type"": ""STACK"", ""num_pages"": ""1"", ""page_size"": ""4096""}",RESOURCE
VMR_100002_526,RESOURCE,VMR,"{""va"": ""0x7ffdcf50b000"", ""vmr_type"": ""STACK"", ""num_pages"": ""1"", ""page_size"": ""4096""}",RESOURCE
VMR_100002_527,RESOURCE,VMR,"{""va"": ""0x7ffdcf50c000"", ""vmr_type"": ""STACK"", ""num_pages"": ""1"", ""page_size"": ""4096""}",RESOURCE
VMR_100002_528,RESOURCE,VMR,"{""va"": ""0x7ffdcf50d000"", ""vmr_type"": ""STACK"", ""num_pages"": ""1"", ""page_size"": ""4096""}",RESOURCE
VMR_100002_529,RESOURCE,VMR,"{""va"": ""0x7ffdcf50e000"", ""vmr_type"": ""STACK"", ""num_pages"": ""1"", ""page_size"": ""4096""}",RESOURCE
VMR_100002_530,RESOURCE,VMR,"{""va"": ""0x7ffdcf50f000"", ""vmr_type"": ""STACK"", ""num_pages"": ""1"", ""page_size"": ""4096""}",RESOURCE
VMR_100002_531,RESOURCE,VMR,"{""va"": ""0x7ffdcf510000"", ""vmr_type"": ""STACK"", ""num_pages"": ""1"", ""page_size"": ""4096""}",RESOURCE
VMR_100002_532,RESOURCE,VMR,"{""va"": ""0x7ffdcf511000"", ""vmr_type"": ""STACK"", ""num_pages"": ""1"", ""page_size"": ""4096""}",RESOURCE
VMR_100002_533,RESOURCE,VMR,"{""va"": ""0x7ffdcf512000"", ""vmr_type"": ""STACK"", ""num_pages"": ""1"", ""page_size"": ""4096""}",RESOURCE
VMR_100002_534,RESOURCE,VMR,"{""va"": ""0x7ffdcf513000"", ""vmr_type"": ""STACK"", ""num_pages"": ""1"", ""page_size"": ""4096""}",RESOURCE
VMR_100002_535,RESOURCE,VMR,"{""va"": ""0x7ffdcf514000"", ""vmr_type"": ""STACK"", ""num_pages"": ""1"", ""page_size"": ""4096""}",RESOURCE
VMR_100002_536,RESOURCE,VMR,"{""va"": ""0x7ffdcf515000"", ""vmr_type"": ""STACK"", ""num_pages"": ""1"", ""page_size"": ""4096""}",RESOURCE
VMR_100002_537,RESOURCE,VMR,"{""va"": ""0x7ffdcf516000"", ""vmr_type"": ""STACK"", ""num_pages"": ""1"", ""page_size"": ""4096""}",RESOURCE
VMR_100002_538,RESOURCE,VMR,"{""va"": ""0x7ffdcf517000"", ""vmr_type"": ""STACK"", ""num_pages"": ""1"", ""page_size"": ""4096""}",RESOURCE
VMR_100002_539,RESOURCE,VMR,"{""va"": ""0x7ffdcf518000"", ""vmr_type"": ""STACK"", ""num_pages"": ""1"", ""page_size"": ""4096""}",RESOURCE
VMR_100002_540,RESOURCE,VMR,"{""va"": ""0x7ffdcf519000"", ""vmr_type"": ""STACK"", ""num_pages"": ""1"", ""page_size"": ""4096""}",RESOURCE
VMR_100002_541,RESOURCE,VMR,"{""va"": ""0x7ffdcf51a000"", ""vmr_type"": ""STACK"", ""num_pages"": ""1"", ""page_size"": ""4096""}",RESOURCE
VMR_100002_542,RESOURCE,VMR,"{""va"": ""0x7ffdcf51b000"", ""vmr_type"": ""STACK"", ""num_pages"": ""1"", ""page_size"": ""4096""}",RESOURCE
VMR_100002_543,RESOURCE,VMR,"{""va"": ""0x7ffdcf51c000"", ""vmr_type"": ""STACK"", ""num_pages"": ""1"", ""page_size"": ""4096""}",RESOURCE
VMR_100002_544,RESOURCE,VMR,"{""va"": ""0x7ffdcf51d000"", ""vmr_type"": ""STACK"", ""num_pages"": ""1"", ""page_size"": ""4096""}",RESOURCE
VMR_100002_545,RESOURCE,VMR,"{""va"": ""0x7ffdcf51e000"", ""vmr_type"": ""STACK"", ""num_pages"": ""1"", ""page_size"": ""4096""}",RESOURCE
VMR_100002_546,RESOURCE,VMR,"{""va"": ""0x7ffdcf51f000"", ""vmr_type"": ""STACK"", ""num_pages"": ""1"", ""page_size"": ""4096""}",RESOURCE
VMR_100002_547,RESOURCE,VMR,"{""va"": ""0x7ffdcf520000"", ""vmr_type"": ""STACK"", ""num_pages"": ""1"", ""page_size"": ""4096""}",RESOURCE
VMR_100002_548,RESOURCE,VMR,"{""va"": ""0x7ffdcf521000"", ""vmr_type"": ""STACK"", ""num_pages"": ""1"", ""page_size"": ""4096""}",RESOURCE
VMR_100002_549,RESOURCE,VMR,"{""va"": ""0x7ffdcf522000"", ""vmr_type"": ""STACK"", ""num_pages"": ""1"", ""page_size"": ""4096""}",RESOURCE
VMR_100002_550,RESOURCE,VMR,"{""va"": ""0x7ffdcf523000"", ""vmr_type"": ""STACK"", ""num_pages"": ""1"", ""page_size"": ""4096""}",RESOURCE
VMR_100002_551,RESOURCE,VMR,"{""va"": ""0x7ffdcf524000"", ""vmr_type"": ""STACK"", ""num_pages"": ""1"", ""page_size"": ""4096""}",RESOURCE
VMR_100002_552,RESOURCE,VMR,"{""va"": ""0x7ffdcf525000"", ""vmr_type"": ""STACK"", ""num_pages"": ""1"", ""page_size"": ""4096""}",RESOURCE
VMR_100002_553,RESOURCE,VMR,"{""va"": ""0x7ffdcf526000"", ""vmr_type"": ""STACK"", ""num_pages"": ""1"", ""page_size"": ""4096""}",RESOURCE
VMR_100002_554,RESOURCE,VMR,"{""va"": ""0x7ffdcf527000"", ""vmr_type"": ""STACK"", ""num_pages"": ""1"", ""page_size"": ""4096""}",RESOURCE
VMR_100002_555,RESOURCE,VMR,"{""va"": ""0x7ffdcf528000"", ""vmr_type"": ""STACK"", ""num_pages"": ""1"", ""page_size"": ""4096""}",RESOURCE
VMR_100002_556,RESOURCE,VMR,"{""va"": ""0x7ffdcf529000"", ""vmr_type"": ""STACK"", ""num_pages"": ""1"", ""page_size"": ""4096""}",RESOURCE
VMR_100002_557,RESOURCE,VMR,"{""va"": ""0x7ffdcf5ea000"", ""vmr_type"": ""VVAR"", ""num_pages"": ""1"", ""page_size"": ""4096""}",RESOURCE
VMR_100002_558,RESOURCE,VMR,"{""va"": ""0x7ffdcf5eb000"", ""vmr_type"": ""VVAR"", ""num_pages"": ""1"", ""page_size"": ""4096""}",RESOURCE
VMR_100002_559,RESOURCE,VMR,"{""va"": ""0x7ffdcf5ec000"", ""vmr_type"": ""VVAR"", ""num_pages"": ""1"", ""page_size"": ""4096""}",RESOURCE
VMR_100002_560,RESOURCE,VMR,"{""va"": ""0x7ffdcf5ed000"", ""vmr_type"": ""VVAR"", ""num_pages"": ""1"", ""page_size"": ""4096""}",RESOURCE
VMR_100002_561,RESOURCE,VMR,"{""va"": ""0x7ffdcf5ee000"", ""vmr_type"": ""VDSO"", ""num_pages"": ""1"", ""page_size"": ""4096""}",RESOURCE
VMR_100002_562,RESOURCE,VMR,"{""va"": ""0x7ffdcf5ef000"", ""vmr_type"": ""VDSO"", ""num_pages"": ""1"", ""page_size"": ""4096""}",RESOURCE
