ID:ID,NODE_TYPE,DATA,EXTRA,:LABEL
MO_100001_1,RESOURCE,MO,"{""pa"": ""0x3b78000"", ""num_pages"": ""1"", ""page_size"": ""4096""}",RESOURCE
MO_100001_2,RESOURCE,MO,"{""pa"": ""0x3b79000"", ""num_pages"": ""1"", ""page_size"": ""4096""}",RESOURCE
MO_100001_3,RESOURCE,MO,"{""pa"": ""0x3b7a000"", ""num_pages"": ""1"", ""page_size"": ""4096""}",RESOURCE
MO_100001_4,RESOURCE,MO,"{""pa"": ""0x3b7b000"", ""num_pages"": ""1"", ""page_size"": ""4096""}",RESOURCE
MO_100001_5,RESOURCE,MO,"{""pa"": ""0x3b7e000"", ""num_pages"": ""1"", ""page_size"": ""4096""}",RESOURCE
MO_100001_6,RESOURCE,MO,"{""pa"": ""0x3b7f000"", ""num_pages"": ""1"", ""page_size"": ""4096""}",RESOURCE
MO_100001_7,RESOURCE,MO,"{""pa"": ""0x3b80000"", ""num_pages"": ""1"", ""page_size"": ""4096""}",RESOURCE
MO_100001_8,RESOURCE,MO,"{""pa"": ""0x3b81000"", ""num_pages"": ""1"", ""page_size"": ""4096""}",RESOURCE
MO_100001_9,RESOURCE,MO,"{""pa"": ""0x3b82000"", ""num_pages"": ""1"", ""page_size"": ""4096""}",RESOURCE
MO_100001_10,RESOURCE,MO,"{""pa"": ""0x3b83000"", ""num_pages"": ""1"", ""page_size"": ""4096""}",RESOURCE
MO_100001_11,RESOURCE,MO,"{""pa"": ""0x3b84000"", ""num_pages"": ""1"", ""page_size"": ""4096""}",RESOURCE
MO_100001_12,RESOURCE,MO,"{""pa"": ""0x3b85000"", ""num_pages"": ""1"", ""page_size"": ""4096""}",RESOURCE
MO_100001_13,RESOURCE,MO,"{""pa"": ""0x3b86000"", ""num_pages"": ""1"", ""page_size"": ""4096""}",RESOURCE
MO_100001_14,RESOURCE,MO,"{""pa"": ""0x3b87000"", ""num_pages"": ""1"", ""page_size"": ""4096""}",RESOURCE
MO_100001_15,RESOURCE,MO,"{""pa"": ""0x3b88000"", ""num_pages"": ""1"", ""page_size"": ""4096""}",RESOURCE
MO_100001_16,RESOURCE,MO,"{""pa"": ""0x3b89000"", ""num_pages"": ""1"", ""page_size"": ""4096""}",RESOURCE
MO_100001_17,RESOURCE,MO,"{""pa"": ""0x3b8a000"", ""num_pages"": ""1"", ""page_size"": ""4096""}",RESOURCE
MO_100001_18,RESOURCE,MO,"{""pa"": ""0x3b8b000"", ""num_pages"": ""1"", ""page_size"": ""4096""}",RESOURCE
MO_100001_19,RESOURCE,MO,"{""pa"": ""0x3b8c000"", ""num_pages"": ""1"", ""page_size"": ""4096""}",RESOURCE
MO_100001_20,RESOURCE,MO,"{""pa"": ""0x3b8d000"", ""num_pages"": ""1"", ""page_size"": ""4096""}",RESOURCE
MO_100001_21,RESOURCE,MO,"{""pa"": ""0x3b8e000"", ""num_pages"": ""1"", ""page_size"": ""4096""}",RESOURCE
MO_100001_22,RESOURCE,MO,"{""pa"": ""0x3b8f000"", ""num_pages"": ""1"", ""page_size"": ""4096""}",RESOURCE
MO_100001_23,RESOURCE,MO,"{""pa"": ""0x3b90000"", ""num_pages"": ""1"", ""page_size"": ""4096""}",RESOURCE
MO_100001_24,RESOURCE,MO,"{""pa"": ""0x3b91000"", ""num_pages"": ""1"", ""page_size"": ""4096""}",RESOURCE
MO_100001_25,RESOURCE,MO,"{""pa"": ""0x3b92000"", ""num_pages"": ""1"", ""page_size"": ""4096""}",RESOURCE
MO_100001_26,RESOURCE,MO,"{""pa"": ""0x3b93000"", ""num_pages"": ""1"", ""page_size"": ""4096""}",RESOURCE
MO_100001_27,RESOURCE,MO,"{""pa"": ""0x3b94000"", ""num_pages"": ""1"", ""page_size"": ""4096""}",RESOURCE
MO_100001_28,RESOURCE,MO,"{""pa"": ""0x5204000"", ""num_pages"": ""1"", ""page_size"": ""4096""}",RESOURCE
MO_100001_29,RESOURCE,MO,"{""pa"": ""0x5205000"", ""num_pages"": ""1"", ""page_size"": ""4096""}",RESOURCE
MO_100001_30,RESOURCE,MO,"{""pa"": ""0x5206000"", ""num_pages"": ""1"", ""page_size"": ""4096""}",RESOURCE
MO_100001_31,RESOURCE,MO,"{""pa"": ""0x5207000"", ""num_pages"": ""1"", ""page_size"": ""4096""}",RESOURCE
MO_100001_32,RESOURCE,MO,"{""pa"": ""0x5210000"", ""num_pages"": ""1"", ""page_size"": ""4096""}",RESOURCE
MO_100001_33,RESOURCE,MO,"{""pa"": ""0x5211000"", ""num_pages"": ""1"", ""page_size"": ""4096""}",RESOURCE
MO_100001_34,RESOURCE,MO,"{""pa"": ""0x5212000"", ""num_pages"": ""1"", ""page_size"": ""4096""}",RESOURCE
MO_100001_35,RESOURCE,MO,"{""pa"": ""0x5213000"", ""num_pages"": ""1"", ""page_size"": ""4096""}",RESOURCE
MO_100001_36,RESOURCE,MO,"{""pa"": ""0x5214000"", ""num_pages"": ""1"", ""page_size"": ""4096""}",RESOURCE
MO_100001_37,RESOURCE,MO,"{""pa"": ""0x5215000"", ""num_pages"": ""1"", ""page_size"": ""4096""}",RESOURCE
MO_100001_38,RESOURCE,MO,"{""pa"": ""0x5216000"", ""num_pages"": ""1"", ""page_size"": ""4096""}",RESOURCE
MO_100001_39,RESOURCE,MO,"{""pa"": ""0x5217000"", ""num_pages"": ""1"", ""page_size"": ""4096""}",RESOURCE
MO_100001_40,RESOURCE,MO,"{""pa"": ""0x5218000"", ""num_pages"": ""1"", ""page_size"": ""4096""}",RESOURCE
MO_100001_41,RESOURCE,MO,"{""pa"": ""0x5219000"", ""num_pages"": ""1"", ""page_size"": ""4096""}",RESOURCE
MO_100001_42,RESOURCE,MO,"{""pa"": ""0x521a000"", ""num_pages"": ""1"", ""page_size"": ""4096""}",RESOURCE
MO_100001_43,RESOURCE,MO,"{""pa"": ""0x521b000"", ""num_pages"": ""1"", ""page_size"": ""4096""}",RESOURCE
MO_100001_44,RESOURCE,MO,"{""pa"": ""0x521c000"", ""num_pages"": ""1"", ""page_size"": ""4096""}",RESOURCE
MO_100001_45,RESOURCE,MO,"{""pa"": ""0x521d000"", ""num_pages"": ""1"", ""page_size"": ""4096""}",RESOURCE
MO_100001_46,RESOURCE,MO,"{""pa"": ""0x521e000"", ""num_pages"": ""1"", ""page_size"": ""4096""}",RESOURCE
MO_100001_47,RESOURCE,MO,"{""pa"": ""0x521f000"", ""num_pages"": ""1"", ""page_size"": ""4096""}",RESOURCE
MO_100001_48,RESOURCE,MO,"{""pa"": ""0x523e000"", ""num_pages"": ""1"", ""page_size"": ""4096""}",RESOURCE
MO_100001_49,RESOURCE,MO,"{""pa"": ""0x523f000"", ""num_pages"": ""1"", ""page_size"": ""4096""}",RESOURCE
MO_100001_50,RESOURCE,MO,"{""pa"": ""0x5240000"", ""num_pages"": ""1"", ""page_size"": ""4096""}",RESOURCE
MO_100001_51,RESOURCE,MO,"{""pa"": ""0x5241000"", ""num_pages"": ""1"", ""page_size"": ""4096""}",RESOURCE
MO_100001_52,RESOURCE,MO,"{""pa"": ""0x5242000"", ""num_pages"": ""1"", ""page_size"": ""4096""}",RESOURCE
MO_100001_53,RESOURCE,MO,"{""pa"": ""0x5243000"", ""num_pages"": ""1"", ""page_size"": ""4096""}",RESOURCE
MO_100001_54,RESOURCE,MO,"{""pa"": ""0x5244000"", ""num_pages"": ""1"", ""page_size"": ""4096""}",RESOURCE
MO_100001_55,RESOURCE,MO,"{""pa"": ""0x5245000"", ""num_pages"": ""1"", ""page_size"": ""4096""}",RESOURCE
MO_100001_56,RESOURCE,MO,"{""pa"": ""0x5246000"", ""num_pages"": ""1"", ""page_size"": ""4096""}",RESOURCE
MO_100001_57,RESOURCE,MO,"{""pa"": ""0x5247000"", ""num_pages"": ""1"", ""page_size"": ""4096""}",RESOURCE
MO_100001_58,RESOURCE,MO,"{""pa"": ""0x5248000"", ""num_pages"": ""1"", ""page_size"": ""4096""}",RESOURCE
MO_100001_59,RESOURCE,MO,"{""pa"": ""0x5249000"", ""num_pages"": ""1"", ""page_size"": ""4096""}",RESOURCE
MO_100001_60,RESOURCE,MO,"{""pa"": ""0x524a000"", ""num_pages"": ""1"", ""page_size"": ""4096""}",RESOURCE
MO_100001_61,RESOURCE,MO,"{""pa"": ""0x524b000"", ""num_pages"": ""1"", ""page_size"": ""4096""}",RESOURCE
MO_100001_62,RESOURCE,MO,"{""pa"": ""0x524c000"", ""num_pages"": ""1"", ""page_size"": ""4096""}",RESOURCE
MO_100001_63,RESOURCE,MO,"{""pa"": ""0x524d000"", ""num_pages"": ""1"", ""page_size"": ""4096""}",RESOURCE
MO_100001_64,RESOURCE,MO,"{""pa"": ""0x524e000"", ""num_pages"": ""1"", ""page_size"": ""4096""}",RESOURCE
MO_100001_65,RESOURCE,MO,"{""pa"": ""0x525f000"", ""num_pages"": ""1"", ""page_size"": ""4096""}",RESOURCE
MO_100001_66,RESOURCE,MO,"{""pa"": ""0x5260000"", ""num_pages"": ""1"", ""page_size"": ""4096""}",RESOURCE
MO_100001_67,RESOURCE,MO,"{""pa"": ""0x5261000"", ""num_pages"": ""1"", ""page_size"": ""4096""}",RESOURCE
MO_100001_68,RESOURCE,MO,"{""pa"": ""0x5262000"", ""num_pages"": ""1"", ""page_size"": ""4096""}",RESOURCE
MO_100001_69,RESOURCE,MO,"{""pa"": ""0x5263000"", ""num_pages"": ""1"", ""page_size"": ""4096""}",RESOURCE
MO_100001_70,RESOURCE,MO,"{""pa"": ""0x5264000"", ""num_pages"": ""1"", ""page_size"": ""4096""}",RESOURCE
MO_100001_71,RESOURCE,MO,"{""pa"": ""0x5265000"", ""num_pages"": ""1"", ""page_size"": ""4096""}",RESOURCE
MO_100001_72,RESOURCE,MO,"{""pa"": ""0x5266000"", ""num_pages"": ""1"", ""page_size"": ""4096""}",RESOURCE
MO_100001_73,RESOURCE,MO,"{""pa"": ""0x5267000"", ""num_pages"": ""1"", ""page_size"": ""4096""}",RESOURCE
MO_100001_74,RESOURCE,MO,"{""pa"": ""0x5268000"", ""num_pages"": ""1"", ""page_size"": ""4096""}",RESOURCE
MO_100001_75,RESOURCE,MO,"{""pa"": ""0x5269000"", ""num_pages"": ""1"", ""page_size"": ""4096""}",RESOURCE
MO_100001_76,RESOURCE,MO,"{""pa"": ""0x526a000"", ""num_pages"": ""1"", ""page_size"": ""4096""}",RESOURCE
MO_100001_77,RESOURCE,MO,"{""pa"": ""0x526b000"", ""num_pages"": ""1"", ""page_size"": ""4096""}",RESOURCE
MO_100001_78,RESOURCE,MO,"{""pa"": ""0x526c000"", ""num_pages"": ""1"", ""page_size"": ""4096""}",RESOURCE
MO_100001_79,RESOURCE,MO,"{""pa"": ""0x526d000"", ""num_pages"": ""1"", ""page_size"": ""4096""}",RESOURCE
MO_100001_80,RESOURCE,MO,"{""pa"": ""0x526e000"", ""num_pages"": ""1"", ""page_size"": ""4096""}",RESOURCE
MO_100001_81,RESOURCE,MO,"{""pa"": ""0x527d000"", ""num_pages"": ""1"", ""page_size"": ""4096""}",RESOURCE
MO_100001_82,RESOURCE,MO,"{""pa"": ""0x527e000"", ""num_pages"": ""1"", ""page_size"": ""4096""}",RESOURCE
MO_100001_83,RESOURCE,MO,"{""pa"": ""0x527f000"", ""num_pages"": ""1"", ""page_size"": ""4096""}",RESOURCE
MO_100001_84,RESOURCE,MO,"{""pa"": ""0x52e2000"", ""num_pages"": ""1"", ""page_size"": ""4096""}",RESOURCE
MO_100001_85,RESOURCE,MO,"{""pa"": ""0x53c0000"", ""num_pages"": ""1"", ""page_size"": ""4096""}",RESOURCE
MO_100001_86,RESOURCE,MO,"{""pa"": ""0x53c1000"", ""num_pages"": ""1"", ""page_size"": ""4096""}",RESOURCE
MO_100001_87,RESOURCE,MO,"{""pa"": ""0x53c2000"", ""num_pages"": ""1"", ""page_size"": ""4096""}",RESOURCE
MO_100001_88,RESOURCE,MO,"{""pa"": ""0x53c3000"", ""num_pages"": ""1"", ""page_size"": ""4096""}",RESOURCE
MO_100001_89,RESOURCE,MO,"{""pa"": ""0x53c4000"", ""num_pages"": ""1"", ""page_size"": ""4096""}",RESOURCE
MO_100001_90,RESOURCE,MO,"{""pa"": ""0x53c5000"", ""num_pages"": ""1"", ""page_size"": ""4096""}",RESOURCE
MO_100001_91,RESOURCE,MO,"{""pa"": ""0x53c6000"", ""num_pages"": ""1"", ""page_size"": ""4096""}",RESOURCE
MO_100001_92,RESOURCE,MO,"{""pa"": ""0x53c7000"", ""num_pages"": ""1"", ""page_size"": ""4096""}",RESOURCE
MO_100001_93,RESOURCE,MO,"{""pa"": ""0x53c8000"", ""num_pages"": ""1"", ""page_size"": ""4096""}",RESOURCE
MO_100001_94,RESOURCE,MO,"{""pa"": ""0x53df000"", ""num_pages"": ""1"", ""page_size"": ""4096""}",RESOURCE
MO_100001_95,RESOURCE,MO,"{""pa"": ""0x53e9000"", ""num_pages"": ""1"", ""page_size"": ""4096""}",RESOURCE
MO_100001_96,RESOURCE,MO,"{""pa"": ""0x53ea000"", ""num_pages"": ""1"", ""page_size"": ""4096""}",RESOURCE
MO_100001_97,RESOURCE,MO,"{""pa"": ""0x53eb000"", ""num_pages"": ""1"", ""page_size"": ""4096""}",RESOURCE
MO_100001_98,RESOURCE,MO,"{""pa"": ""0x53ec000"", ""num_pages"": ""1"", ""page_size"": ""4096""}",RESOURCE
MO_100001_99,RESOURCE,MO,"{""pa"": ""0x53ed000"", ""num_pages"": ""1"", ""page_size"": ""4096""}",RESOURCE
MO_100001_100,RESOURCE,MO,"{""pa"": ""0x53ee000"", ""num_pages"": ""1"", ""page_size"": ""4096""}",RESOURCE
MO_100001_101,RESOURCE,MO,"{""pa"": ""0x53ef000"", ""num_pages"": ""1"", ""page_size"": ""4096""}",RESOURCE
MO_100001_102,RESOURCE,MO,"{""pa"": ""0x53f0000"", ""num_pages"": ""1"", ""page_size"": ""4096""}",RESOURCE
MO_100001_103,RESOURCE,MO,"{""pa"": ""0x53f1000"", ""num_pages"": ""1"", ""page_size"": ""4096""}",RESOURCE
MO_100001_104,RESOURCE,MO,"{""pa"": ""0x53f2000"", ""num_pages"": ""1"", ""page_size"": ""4096""}",RESOURCE
MO_100001_105,RESOURCE,MO,"{""pa"": ""0x53f3000"", ""num_pages"": ""1"", ""page_size"": ""4096""}",RESOURCE
MO_100001_106,RESOURCE,MO,"{""pa"": ""0x53f4000"", ""num_pages"": ""1"", ""page_size"": ""4096""}",RESOURCE
MO_100001_107,RESOURCE,MO,"{""pa"": ""0x53f5000"", ""num_pages"": ""1"", ""page_size"": ""4096""}",RESOURCE
MO_100001_108,RESOURCE,MO,"{""pa"": ""0x53f6000"", ""num_pages"": ""1"", ""page_size"": ""4096""}",RESOURCE
MO_100001_109,RESOURCE,MO,"{""pa"": ""0x53f7000"", ""num_pages"": ""1"", ""page_size"": ""4096""}",RESOURCE
MO_100001_110,RESOURCE,MO,"{""pa"": ""0x53f8000"", ""num_pages"": ""1"", ""page_size"": ""4096""}",RESOURCE
MO_100001_111,RESOURCE,MO,"{""pa"": ""0x53f9000"", ""num_pages"": ""1"", ""page_size"": ""4096""}",RESOURCE
MO_100001_112,RESOURCE,MO,"{""pa"": ""0x53fa000"", ""num_pages"": ""1"", ""page_size"": ""4096""}",RESOURCE
MO_100001_113,RESOURCE,MO,"{""pa"": ""0x53fb000"", ""num_pages"": ""1"", ""page_size"": ""4096""}",RESOURCE
MO_100001_114,RESOURCE,MO,"{""pa"": ""0x556f000"", ""num_pages"": ""1"", ""page_size"": ""4096""}",RESOURCE
MO_100001_115,RESOURCE,MO,"{""pa"": ""0x55c3000"", ""num_pages"": ""1"", ""page_size"": ""4096""}",RESOURCE
MO_100001_116,RESOURCE,MO,"{""pa"": ""0x55c4000"", ""num_pages"": ""1"", ""page_size"": ""4096""}",RESOURCE
MO_100001_117,RESOURCE,MO,"{""pa"": ""0x55c5000"", ""num_pages"": ""1"", ""page_size"": ""4096""}",RESOURCE
MO_100001_118,RESOURCE,MO,"{""pa"": ""0x55c6000"", ""num_pages"": ""1"", ""page_size"": ""4096""}",RESOURCE
MO_100001_119,RESOURCE,MO,"{""pa"": ""0x55c7000"", ""num_pages"": ""1"", ""page_size"": ""4096""}",RESOURCE
MO_100001_120,RESOURCE,MO,"{""pa"": ""0x55c8000"", ""num_pages"": ""1"", ""page_size"": ""4096""}",RESOURCE
MO_100001_121,RESOURCE,MO,"{""pa"": ""0x55c9000"", ""num_pages"": ""1"", ""page_size"": ""4096""}",RESOURCE
MO_100001_122,RESOURCE,MO,"{""pa"": ""0x55ca000"", ""num_pages"": ""1"", ""page_size"": ""4096""}",RESOURCE
MO_100001_123,RESOURCE,MO,"{""pa"": ""0x55cb000"", ""num_pages"": ""1"", ""page_size"": ""4096""}",RESOURCE
MO_100001_124,RESOURCE,MO,"{""pa"": ""0x55cc000"", ""num_pages"": ""1"", ""page_size"": ""4096""}",RESOURCE
MO_100001_125,RESOURCE,MO,"{""pa"": ""0x55cd000"", ""num_pages"": ""1"", ""page_size"": ""4096""}",RESOURCE
MO_100001_126,RESOURCE,MO,"{""pa"": ""0x55ce000"", ""num_pages"": ""1"", ""page_size"": ""4096""}",RESOURCE
MO_100001_127,RESOURCE,MO,"{""pa"": ""0x55cf000"", ""num_pages"": ""1"", ""page_size"": ""4096""}",RESOURCE
MO_100001_128,RESOURCE,MO,"{""pa"": ""0x55e4000"", ""num_pages"": ""1"", ""page_size"": ""4096""}",RESOURCE
MO_100001_129,RESOURCE,MO,"{""pa"": ""0x55e5000"", ""num_pages"": ""1"", ""page_size"": ""4096""}",RESOURCE
MO_100001_130,RESOURCE,MO,"{""pa"": ""0x55e6000"", ""num_pages"": ""1"", ""page_size"": ""4096""}",RESOURCE
MO_100001_131,RESOURCE,MO,"{""pa"": ""0x55e7000"", ""num_pages"": ""1"", ""page_size"": ""4096""}",RESOURCE
MO_100001_132,RESOURCE,MO,"{""pa"": ""0x55e8000"", ""num_pages"": ""1"", ""page_size"": ""4096""}",RESOURCE
MO_100001_133,RESOURCE,MO,"{""pa"": ""0x55e9000"", ""num_pages"": ""1"", ""page_size"": ""4096""}",RESOURCE
MO_100001_134,RESOURCE,MO,"{""pa"": ""0x55ea000"", ""num_pages"": ""1"", ""page_size"": ""4096""}",RESOURCE
MO_100001_135,RESOURCE,MO,"{""pa"": ""0x55eb000"", ""num_pages"": ""1"", ""page_size"": ""4096""}",RESOURCE
MO_100001_136,RESOURCE,MO,"{""pa"": ""0x55ec000"", ""num_pages"": ""1"", ""page_size"": ""4096""}",RESOURCE
MO_100001_137,RESOURCE,MO,"{""pa"": ""0x55ed000"", ""num_pages"": ""1"", ""page_size"": ""4096""}",RESOURCE
MO_100001_138,RESOURCE,MO,"{""pa"": ""0x55ee000"", ""num_pages"": ""1"", ""page_size"": ""4096""}",RESOURCE
MO_100001_139,RESOURCE,MO,"{""pa"": ""0x55ef000"", ""num_pages"": ""1"", ""page_size"": ""4096""}",RESOURCE
MO_100001_140,RESOURCE,MO,"{""pa"": ""0x56ff000"", ""num_pages"": ""1"", ""page_size"": ""4096""}",RESOURCE
MO_100001_141,RESOURCE,MO,"{""pa"": ""0x5729000"", ""num_pages"": ""1"", ""page_size"": ""4096""}",RESOURCE
MO_100001_142,RESOURCE,MO,"{""pa"": ""0x5780000"", ""num_pages"": ""1"", ""page_size"": ""4096""}",RESOURCE
MO_100001_143,RESOURCE,MO,"{""pa"": ""0x5781000"", ""num_pages"": ""1"", ""page_size"": ""4096""}",RESOURCE
MO_100001_144,RESOURCE,MO,"{""pa"": ""0x57c1000"", ""num_pages"": ""1"", ""page_size"": ""4096""}",RESOURCE
MO_100001_145,RESOURCE,MO,"{""pa"": ""0x57c2000"", ""num_pages"": ""1"", ""page_size"": ""4096""}",RESOURCE
MO_100001_146,RESOURCE,MO,"{""pa"": ""0x57c3000"", ""num_pages"": ""1"", ""page_size"": ""4096""}",RESOURCE
MO_100001_147,RESOURCE,MO,"{""pa"": ""0x57c4000"", ""num_pages"": ""1"", ""page_size"": ""4096""}",RESOURCE
MO_100001_148,RESOURCE,MO,"{""pa"": ""0x57c5000"", ""num_pages"": ""1"", ""page_size"": ""4096""}",RESOURCE
MO_100001_149,RESOURCE,MO,"{""pa"": ""0x57c6000"", ""num_pages"": ""1"", ""page_size"": ""4096""}",RESOURCE
MO_100001_150,RESOURCE,MO,"{""pa"": ""0x57c7000"", ""num_pages"": ""1"", ""page_size"": ""4096""}",RESOURCE
MO_100001_151,RESOURCE,MO,"{""pa"": ""0x57c8000"", ""num_pages"": ""1"", ""page_size"": ""4096""}",RESOURCE
MO_100001_152,RESOURCE,MO,"{""pa"": ""0x57c9000"", ""num_pages"": ""1"", ""page_size"": ""4096""}",RESOURCE
MO_100001_153,RESOURCE,MO,"{""pa"": ""0x57ca000"", ""num_pages"": ""1"", ""page_size"": ""4096""}",RESOURCE
MO_100001_154,RESOURCE,MO,"{""pa"": ""0x57cb000"", ""num_pages"": ""1"", ""page_size"": ""4096""}",RESOURCE
MO_100001_155,RESOURCE,MO,"{""pa"": ""0x57cc000"", ""num_pages"": ""1"", ""page_size"": ""4096""}",RESOURCE
MO_100001_156,RESOURCE,MO,"{""pa"": ""0x57cd000"", ""num_pages"": ""1"", ""page_size"": ""4096""}",RESOURCE
MO_100001_157,RESOURCE,MO,"{""pa"": ""0x57ce000"", ""num_pages"": ""1"", ""page_size"": ""4096""}",RESOURCE
MO_100001_158,RESOURCE,MO,"{""pa"": ""0x57cf000"", ""num_pages"": ""1"", ""page_size"": ""4096""}",RESOURCE
MO_100001_159,RESOURCE,MO,"{""pa"": ""0x57d0000"", ""num_pages"": ""1"", ""page_size"": ""4096""}",RESOURCE
MO_100001_160,RESOURCE,MO,"{""pa"": ""0x57d1000"", ""num_pages"": ""1"", ""page_size"": ""4096""}",RESOURCE
MO_100001_161,RESOURCE,MO,"{""pa"": ""0x57d2000"", ""num_pages"": ""1"", ""page_size"": ""4096""}",RESOURCE
MO_100001_162,RESOURCE,MO,"{""pa"": ""0x57d3000"", ""num_pages"": ""1"", ""page_size"": ""4096""}",RESOURCE
MO_100001_163,RESOURCE,MO,"{""pa"": ""0x57d4000"", ""num_pages"": ""1"", ""page_size"": ""4096""}",RESOURCE
MO_100001_164,RESOURCE,MO,"{""pa"": ""0x57d5000"", ""num_pages"": ""1"", ""page_size"": ""4096""}",RESOURCE
MO_100001_165,RESOURCE,MO,"{""pa"": ""0x57d6000"", ""num_pages"": ""1"", ""page_size"": ""4096""}",RESOURCE
MO_100001_166,RESOURCE,MO,"{""pa"": ""0x57d7000"", ""num_pages"": ""1"", ""page_size"": ""4096""}",RESOURCE
MO_100001_167,RESOURCE,MO,"{""pa"": ""0x57d8000"", ""num_pages"": ""1"", ""page_size"": ""4096""}",RESOURCE
MO_100001_168,RESOURCE,MO,"{""pa"": ""0x57db000"", ""num_pages"": ""1"", ""page_size"": ""4096""}",RESOURCE
MO_100001_169,RESOURCE,MO,"{""pa"": ""0x57dc000"", ""num_pages"": ""1"", ""page_size"": ""4096""}",RESOURCE
MO_100001_170,RESOURCE,MO,"{""pa"": ""0x57dd000"", ""num_pages"": ""1"", ""page_size"": ""4096""}",RESOURCE
MO_100001_171,RESOURCE,MO,"{""pa"": ""0x57de000"", ""num_pages"": ""1"", ""page_size"": ""4096""}",RESOURCE
MO_100001_172,RESOURCE,MO,"{""pa"": ""0x57df000"", ""num_pages"": ""1"", ""page_size"": ""4096""}",RESOURCE
MO_100001_173,RESOURCE,MO,"{""pa"": ""0x5a14000"", ""num_pages"": ""1"", ""page_size"": ""4096""}",RESOURCE
MO_100001_174,RESOURCE,MO,"{""pa"": ""0x5a15000"", ""num_pages"": ""1"", ""page_size"": ""4096""}",RESOURCE
MO_100001_175,RESOURCE,MO,"{""pa"": ""0x5a16000"", ""num_pages"": ""1"", ""page_size"": ""4096""}",RESOURCE
MO_100001_176,RESOURCE,MO,"{""pa"": ""0x5a17000"", ""num_pages"": ""1"", ""page_size"": ""4096""}",RESOURCE
MO_100001_177,RESOURCE,MO,"{""pa"": ""0x5a18000"", ""num_pages"": ""1"", ""page_size"": ""4096""}",RESOURCE
MO_100001_178,RESOURCE,MO,"{""pa"": ""0x5a19000"", ""num_pages"": ""1"", ""page_size"": ""4096""}",RESOURCE
MO_100001_179,RESOURCE,MO,"{""pa"": ""0x5a1a000"", ""num_pages"": ""1"", ""page_size"": ""4096""}",RESOURCE
MO_100001_180,RESOURCE,MO,"{""pa"": ""0x5a1b000"", ""num_pages"": ""1"", ""page_size"": ""4096""}",RESOURCE
MO_100001_181,RESOURCE,MO,"{""pa"": ""0x5a1c000"", ""num_pages"": ""1"", ""page_size"": ""4096""}",RESOURCE
MO_100001_182,RESOURCE,MO,"{""pa"": ""0x5a1d000"", ""num_pages"": ""1"", ""page_size"": ""4096""}",RESOURCE
MO_100001_183,RESOURCE,MO,"{""pa"": ""0x5a1e000"", ""num_pages"": ""1"", ""page_size"": ""4096""}",RESOURCE
MO_100001_184,RESOURCE,MO,"{""pa"": ""0x5a1f000"", ""num_pages"": ""1"", ""page_size"": ""4096""}",RESOURCE
MO_100001_185,RESOURCE,MO,"{""pa"": ""0x5a20000"", ""num_pages"": ""1"", ""page_size"": ""4096""}",RESOURCE
MO_100001_186,RESOURCE,MO,"{""pa"": ""0x5a21000"", ""num_pages"": ""1"", ""page_size"": ""4096""}",RESOURCE
MO_100001_187,RESOURCE,MO,"{""pa"": ""0x5a22000"", ""num_pages"": ""1"", ""page_size"": ""4096""}",RESOURCE
MO_100001_188,RESOURCE,MO,"{""pa"": ""0x5a23000"", ""num_pages"": ""1"", ""page_size"": ""4096""}",RESOURCE
MO_100001_189,RESOURCE,MO,"{""pa"": ""0x5a24000"", ""num_pages"": ""1"", ""page_size"": ""4096""}",RESOURCE
MO_100001_190,RESOURCE,MO,"{""pa"": ""0x5a25000"", ""num_pages"": ""1"", ""page_size"": ""4096""}",RESOURCE
MO_100001_191,RESOURCE,MO,"{""pa"": ""0x5a26000"", ""num_pages"": ""1"", ""page_size"": ""4096""}",RESOURCE
MO_100001_192,RESOURCE,MO,"{""pa"": ""0x5a27000"", ""num_pages"": ""1"", ""page_size"": ""4096""}",RESOURCE
MO_100001_193,RESOURCE,MO,"{""pa"": ""0x5a28000"", ""num_pages"": ""1"", ""page_size"": ""4096""}",RESOURCE
MO_100001_194,RESOURCE,MO,"{""pa"": ""0x5a29000"", ""num_pages"": ""1"", ""page_size"": ""4096""}",RESOURCE
MO_100001_195,RESOURCE,MO,"{""pa"": ""0x5a3e000"", ""num_pages"": ""1"", ""page_size"": ""4096""}",RESOURCE
MO_100001_196,RESOURCE,MO,"{""pa"": ""0x5a3f000"", ""num_pages"": ""1"", ""page_size"": ""4096""}",RESOURCE
MO_100001_197,RESOURCE,MO,"{""pa"": ""0x5a40000"", ""num_pages"": ""1"", ""page_size"": ""4096""}",RESOURCE
MO_100001_198,RESOURCE,MO,"{""pa"": ""0x5a41000"", ""num_pages"": ""1"", ""page_size"": ""4096""}",RESOURCE
MO_100001_199,RESOURCE,MO,"{""pa"": ""0x5a42000"", ""num_pages"": ""1"", ""page_size"": ""4096""}",RESOURCE
MO_100001_200,RESOURCE,MO,"{""pa"": ""0x5a43000"", ""num_pages"": ""1"", ""page_size"": ""4096""}",RESOURCE
MO_100001_201,RESOURCE,MO,"{""pa"": ""0x5a44000"", ""num_pages"": ""1"", ""page_size"": ""4096""}",RESOURCE
MO_100001_202,RESOURCE,MO,"{""pa"": ""0x5a45000"", ""num_pages"": ""1"", ""page_size"": ""4096""}",RESOURCE
MO_100001_203,RESOURCE,MO,"{""pa"": ""0x5a46000"", ""num_pages"": ""1"", ""page_size"": ""4096""}",RESOURCE
MO_100001_204,RESOURCE,MO,"{""pa"": ""0x5a47000"", ""num_pages"": ""1"", ""page_size"": ""4096""}",RESOURCE
MO_100001_205,RESOURCE,MO,"{""pa"": ""0x5a48000"", ""num_pages"": ""1"", ""page_size"": ""4096""}",RESOURCE
MO_100001_206,RESOURCE,MO,"{""pa"": ""0x5a49000"", ""num_pages"": ""1"", ""page_size"": ""4096""}",RESOURCE
MO_100001_207,RESOURCE,MO,"{""pa"": ""0x5a4a000"", ""num_pages"": ""1"", ""page_size"": ""4096""}",RESOURCE
MO_100001_208,RESOURCE,MO,"{""pa"": ""0x5a4b000"", ""num_pages"": ""1"", ""page_size"": ""4096""}",RESOURCE
MO_100001_209,RESOURCE,MO,"{""pa"": ""0x5a4c000"", ""num_pages"": ""1"", ""page_size"": ""4096""}",RESOURCE
MO_100001_210,RESOURCE,MO,"{""pa"": ""0x5a4d000"", ""num_pages"": ""1"", ""page_size"": ""4096""}",RESOURCE
MO_100001_211,RESOURCE,MO,"{""pa"": ""0x5a4e000"", ""num_pages"": ""1"", ""page_size"": ""4096""}",RESOURCE
MO_100001_212,RESOURCE,MO,"{""pa"": ""0x7a2c000"", ""num_pages"": ""1"", ""page_size"": ""4096""}",RESOURCE
MO_100001_213,RESOURCE,MO,"{""pa"": ""0x7a2d000"", ""num_pages"": ""1"", ""page_size"": ""4096""}",RESOURCE
MO_100001_214,RESOURCE,MO,"{""pa"": ""0x7a2e000"", ""num_pages"": ""1"", ""page_size"": ""4096""}",RESOURCE
MO_100001_215,RESOURCE,MO,"{""pa"": ""0x7a2f000"", ""num_pages"": ""1"", ""page_size"": ""4096""}",RESOURCE
MO_100001_216,RESOURCE,MO,"{""pa"": ""0x7a30000"", ""num_pages"": ""1"", ""page_size"": ""4096""}",RESOURCE
MO_100001_217,RESOURCE,MO,"{""pa"": ""0x7a31000"", ""num_pages"": ""1"", ""page_size"": ""4096""}",RESOURCE
MO_100001_218,RESOURCE,MO,"{""pa"": ""0x7a32000"", ""num_pages"": ""1"", ""page_size"": ""4096""}",RESOURCE
MO_100001_219,RESOURCE,MO,"{""pa"": ""0x7a33000"", ""num_pages"": ""1"", ""page_size"": ""4096""}",RESOURCE
MO_100001_220,RESOURCE,MO,"{""pa"": ""0x7a34000"", ""num_pages"": ""1"", ""page_size"": ""4096""}",RESOURCE
MO_100001_221,RESOURCE,MO,"{""pa"": ""0x7a35000"", ""num_pages"": ""1"", ""page_size"": ""4096""}",RESOURCE
MO_100001_222,RESOURCE,MO,"{""pa"": ""0x7a36000"", ""num_pages"": ""1"", ""page_size"": ""4096""}",RESOURCE
MO_100001_223,RESOURCE,MO,"{""pa"": ""0x7a50000"", ""num_pages"": ""1"", ""page_size"": ""4096""}",RESOURCE
MO_100001_224,RESOURCE,MO,"{""pa"": ""0x7a51000"", ""num_pages"": ""1"", ""page_size"": ""4096""}",RESOURCE
MO_100001_225,RESOURCE,MO,"{""pa"": ""0x7a52000"", ""num_pages"": ""1"", ""page_size"": ""4096""}",RESOURCE
MO_100001_226,RESOURCE,MO,"{""pa"": ""0x7a53000"", ""num_pages"": ""1"", ""page_size"": ""4096""}",RESOURCE
MO_100001_227,RESOURCE,MO,"{""pa"": ""0x7a54000"", ""num_pages"": ""1"", ""page_size"": ""4096""}",RESOURCE
MO_100001_228,RESOURCE,MO,"{""pa"": ""0x7a55000"", ""num_pages"": ""1"", ""page_size"": ""4096""}",RESOURCE
MO_100001_229,RESOURCE,MO,"{""pa"": ""0x7a56000"", ""num_pages"": ""1"", ""page_size"": ""4096""}",RESOURCE
MO_100001_230,RESOURCE,MO,"{""pa"": ""0x7a57000"", ""num_pages"": ""1"", ""page_size"": ""4096""}",RESOURCE
MO_100001_231,RESOURCE,MO,"{""pa"": ""0x7a58000"", ""num_pages"": ""1"", ""page_size"": ""4096""}",RESOURCE
MO_100001_232,RESOURCE,MO,"{""pa"": ""0x7a59000"", ""num_pages"": ""1"", ""page_size"": ""4096""}",RESOURCE
MO_100001_233,RESOURCE,MO,"{""pa"": ""0x7a5a000"", ""num_pages"": ""1"", ""page_size"": ""4096""}",RESOURCE
MO_100001_234,RESOURCE,MO,"{""pa"": ""0x7a5b000"", ""num_pages"": ""1"", ""page_size"": ""4096""}",RESOURCE
MO_100001_235,RESOURCE,MO,"{""pa"": ""0x7a5c000"", ""num_pages"": ""1"", ""page_size"": ""4096""}",RESOURCE
MO_100001_236,RESOURCE,MO,"{""pa"": ""0x7a5d000"", ""num_pages"": ""1"", ""page_size"": ""4096""}",RESOURCE
MO_100001_237,RESOURCE,MO,"{""pa"": ""0x7a5f000"", ""num_pages"": ""1"", ""page_size"": ""4096""}",RESOURCE
MO_100001_238,RESOURCE,MO,"{""pa"": ""0x7a60000"", ""num_pages"": ""1"", ""page_size"": ""4096""}",RESOURCE
MO_100001_239,RESOURCE,MO,"{""pa"": ""0x7a61000"", ""num_pages"": ""1"", ""page_size"": ""4096""}",RESOURCE
MO_100001_240,RESOURCE,MO,"{""pa"": ""0x7a62000"", ""num_pages"": ""1"", ""page_size"": ""4096""}",RESOURCE
MO_100001_241,RESOURCE,MO,"{""pa"": ""0x7a63000"", ""num_pages"": ""1"", ""page_size"": ""4096""}",RESOURCE
MO_100001_242,RESOURCE,MO,"{""pa"": ""0x7a64000"", ""num_pages"": ""1"", ""page_size"": ""4096""}",RESOURCE
MO_100001_243,RESOURCE,MO,"{""pa"": ""0x7a65000"", ""num_pages"": ""1"", ""page_size"": ""4096""}",RESOURCE
MO_100001_244,RESOURCE,MO,"{""pa"": ""0x7a72000"", ""num_pages"": ""1"", ""page_size"": ""4096""}",RESOURCE
MO_100001_245,RESOURCE,MO,"{""pa"": ""0x7a73000"", ""num_pages"": ""1"", ""page_size"": ""4096""}",RESOURCE
MO_100001_246,RESOURCE,MO,"{""pa"": ""0x7a74000"", ""num_pages"": ""1"", ""page_size"": ""4096""}",RESOURCE
MO_100001_247,RESOURCE,MO,"{""pa"": ""0x7a75000"", ""num_pages"": ""1"", ""page_size"": ""4096""}",RESOURCE
MO_100001_248,RESOURCE,MO,"{""pa"": ""0x7a76000"", ""num_pages"": ""1"", ""page_size"": ""4096""}",RESOURCE
MO_100001_249,RESOURCE,MO,"{""pa"": ""0x7a77000"", ""num_pages"": ""1"", ""page_size"": ""4096""}",RESOURCE
MO_100001_250,RESOURCE,MO,"{""pa"": ""0x7a78000"", ""num_pages"": ""1"", ""page_size"": ""4096""}",RESOURCE
MO_100001_251,RESOURCE,MO,"{""pa"": ""0x7a79000"", ""num_pages"": ""1"", ""page_size"": ""4096""}",RESOURCE
MO_100001_252,RESOURCE,MO,"{""pa"": ""0x7a7a000"", ""num_pages"": ""1"", ""page_size"": ""4096""}",RESOURCE
MO_100001_253,RESOURCE,MO,"{""pa"": ""0x7a7b000"", ""num_pages"": ""1"", ""page_size"": ""4096""}",RESOURCE
MO_100001_254,RESOURCE,MO,"{""pa"": ""0x7a7c000"", ""num_pages"": ""1"", ""page_size"": ""4096""}",RESOURCE
MO_100001_255,RESOURCE,MO,"{""pa"": ""0x7a7d000"", ""num_pages"": ""1"", ""page_size"": ""4096""}",RESOURCE
MO_100001_256,RESOURCE,MO,"{""pa"": ""0x7a7e000"", ""num_pages"": ""1"", ""page_size"": ""4096""}",RESOURCE
MO_100001_257,RESOURCE,MO,"{""pa"": ""0x7a7f000"", ""num_pages"": ""1"", ""page_size"": ""4096""}",RESOURCE
MO_100001_258,RESOURCE,MO,"{""pa"": ""0x7f80000"", ""num_pages"": ""1"", ""page_size"": ""4096""}",RESOURCE
MO_100001_259,RESOURCE,MO,"{""pa"": ""0x7f81000"", ""num_pages"": ""1"", ""page_size"": ""4096""}",RESOURCE
MO_100001_260,RESOURCE,MO,"{""pa"": ""0x7f82000"", ""num_pages"": ""1"", ""page_size"": ""4096""}",RESOURCE
MO_100001_261,RESOURCE,MO,"{""pa"": ""0x7f83000"", ""num_pages"": ""1"", ""page_size"": ""4096""}",RESOURCE
MO_100001_262,RESOURCE,MO,"{""pa"": ""0x7f84000"", ""num_pages"": ""1"", ""page_size"": ""4096""}",RESOURCE
MO_100001_263,RESOURCE,MO,"{""pa"": ""0x7f85000"", ""num_pages"": ""1"", ""page_size"": ""4096""}",RESOURCE
MO_100001_264,RESOURCE,MO,"{""pa"": ""0x7f86000"", ""num_pages"": ""1"", ""page_size"": ""4096""}",RESOURCE
MO_100001_265,RESOURCE,MO,"{""pa"": ""0x7f87000"", ""num_pages"": ""1"", ""page_size"": ""4096""}",RESOURCE
MO_100001_266,RESOURCE,MO,"{""pa"": ""0x7f88000"", ""num_pages"": ""1"", ""page_size"": ""4096""}",RESOURCE
MO_100001_267,RESOURCE,MO,"{""pa"": ""0x7f89000"", ""num_pages"": ""1"", ""page_size"": ""4096""}",RESOURCE
MO_100001_268,RESOURCE,MO,"{""pa"": ""0x7f8a000"", ""num_pages"": ""1"", ""page_size"": ""4096""}",RESOURCE
MO_100001_269,RESOURCE,MO,"{""pa"": ""0x7f8b000"", ""num_pages"": ""1"", ""page_size"": ""4096""}",RESOURCE
MO_100001_270,RESOURCE,MO,"{""pa"": ""0x7f8c000"", ""num_pages"": ""1"", ""page_size"": ""4096""}",RESOURCE
MO_100001_271,RESOURCE,MO,"{""pa"": ""0x7f8d000"", ""num_pages"": ""1"", ""page_size"": ""4096""}",RESOURCE
MO_100001_272,RESOURCE,MO,"{""pa"": ""0x7f8e000"", ""num_pages"": ""1"", ""page_size"": ""4096""}",RESOURCE
MO_100001_273,RESOURCE,MO,"{""pa"": ""0x7f8f000"", ""num_pages"": ""1"", ""page_size"": ""4096""}",RESOURCE
MO_100001_274,RESOURCE,MO,"{""pa"": ""0x7f90000"", ""num_pages"": ""1"", ""page_size"": ""4096""}",RESOURCE
MO_100001_275,RESOURCE,MO,"{""pa"": ""0x7f91000"", ""num_pages"": ""1"", ""page_size"": ""4096""}",RESOURCE
MO_100001_276,RESOURCE,MO,"{""pa"": ""0x7f92000"", ""num_pages"": ""1"", ""page_size"": ""4096""}",RESOURCE
MO_100001_277,RESOURCE,MO,"{""pa"": ""0x7f93000"", ""num_pages"": ""1"", ""page_size"": ""4096""}",RESOURCE
MO_100001_278,RESOURCE,MO,"{""pa"": ""0x7f94000"", ""num_pages"": ""1"", ""page_size"": ""4096""}",RESOURCE
MO_100001_279,RESOURCE,MO,"{""pa"": ""0x7f95000"", ""num_pages"": ""1"", ""page_size"": ""4096""}",RESOURCE
MO_100001_280,RESOURCE,MO,"{""pa"": ""0x7f96000"", ""num_pages"": ""1"", ""page_size"": ""4096""}",RESOURCE
MO_100001_281,RESOURCE,MO,"{""pa"": ""0x7f97000"", ""num_pages"": ""1"", ""page_size"": ""4096""}",RESOURCE
MO_100001_282,RESOURCE,MO,"{""pa"": ""0x7f99000"", ""num_pages"": ""1"", ""page_size"": ""4096""}",RESOURCE
MO_100001_283,RESOURCE,MO,"{""pa"": ""0x7f9a000"", ""num_pages"": ""1"", ""page_size"": ""4096""}",RESOURCE
MO_100001_284,RESOURCE,MO,"{""pa"": ""0x7f9b000"", ""num_pages"": ""1"", ""page_size"": ""4096""}",RESOURCE
MO_100001_285,RESOURCE,MO,"{""pa"": ""0x7f9c000"", ""num_pages"": ""1"", ""page_size"": ""4096""}",RESOURCE
MO_100001_286,RESOURCE,MO,"{""pa"": ""0x7f9d000"", ""num_pages"": ""1"", ""page_size"": ""4096""}",RESOURCE
MO_100001_287,RESOURCE,MO,"{""pa"": ""0x7f9e000"", ""num_pages"": ""1"", ""page_size"": ""4096""}",RESOURCE
MO_100001_288,RESOURCE,MO,"{""pa"": ""0x7f9f000"", ""num_pages"": ""1"", ""page_size"": ""4096""}",RESOURCE
VMR_100002_1,RESOURCE,VMR,"{""va"": ""0x55fcb4d01000"", ""vmr_type"": ""PROGRAM"", ""num_pages"": ""1"", ""page_size"": ""4096""}",RESOURCE
VMR_100002_2,RESOURCE,VMR,"{""va"": ""0x55fcb4d02000"", ""vmr_type"": ""PROGRAM"", ""num_pages"": ""1"", ""page_size"": ""4096""}",RESOURCE
VMR_100002_3,RESOURCE,VMR,"{""va"": ""0x55fcb4d03000"", ""vmr_type"": ""PROGRAM"", ""num_pages"": ""1"", ""page_size"": ""4096""}",RESOURCE
VMR_100002_4,RESOURCE,VMR,"{""va"": ""0x55fcb4d04000"", ""vmr_type"": ""PROGRAM"", ""num_pages"": ""1"", ""page_size"": ""4096""}",RESOURCE
VMR_100002_5,RESOURCE,VMR,"{""va"": ""0x55fcb4d05000"", ""vmr_type"": ""PROGRAM"", ""num_pages"": ""1"", ""page_size"": ""4096""}",RESOURCE
VMR_100002_6,RESOURCE,VMR,"{""va"": ""0x55fcb4d06000"", ""vmr_type"": ""HEAP"", ""num_pages"": ""1"", ""page_size"": ""4096""}",RESOURCE
VMR_100002_7,RESOURCE,VMR,"{""va"": ""0x55fcb4d07000"", ""vmr_type"": ""HEAP"", ""num_pages"": ""1"", ""page_size"": ""4096""}",RESOURCE
VMR_100002_8,RESOURCE,VMR,"{""va"": ""0x55fcb4d08000"", ""vmr_type"": ""HEAP"", ""num_pages"": ""1"", ""page_size"": ""4096""}",RESOURCE
VMR_100002_9,RESOURCE,VMR,"{""va"": ""0x55fcb4d09000"", ""vmr_type"": ""HEAP"", ""num_pages"": ""1"", ""page_size"": ""4096""}",RESOURCE
VMR_100002_10,RESOURCE,VMR,"{""va"": ""0x55fcb4d0a000"", ""vmr_type"": ""HEAP"", ""num_pages"": ""1"", ""page_size"": ""4096""}",RESOURCE
VMR_100002_11,RESOURCE,VMR,"{""va"": ""0x55fcb4d0b000"", ""vmr_type"": ""HEAP"", ""num_pages"": ""1"", ""page_size"": ""4096""}",RESOURCE
VMR_100002_12,RESOURCE,VMR,"{""va"": ""0x55fcb4d0c000"", ""vmr_type"": ""HEAP"", ""num_pages"": ""1"", ""page_size"": ""4096""}",RESOURCE
VMR_100002_13,RESOURCE,VMR,"{""va"": ""0x55fcb4d0d000"", ""vmr_type"": ""HEAP"", ""num_pages"": ""1"", ""page_size"": ""4096""}",RESOURCE
VMR_100002_14,RESOURCE,VMR,"{""va"": ""0x55fcb4d0e000"", ""vmr_type"": ""HEAP"", ""num_pages"": ""1"", ""page_size"": ""4096""}",RESOURCE
VMR_100002_15,RESOURCE,VMR,"{""va"": ""0x55fcb4d0f000"", ""vmr_type"": ""HEAP"", ""num_pages"": ""1"", ""page_size"": ""4096""}",RESOURCE
VMR_100002_16,RESOURCE,VMR,"{""va"": ""0x55fcb4d10000"", ""vmr_type"": ""HEAP"", ""num_pages"": ""1"", ""page_size"": ""4096""}",RESOURCE
VMR_100002_17,RESOURCE,VMR,"{""va"": ""0x55fcb4d11000"", ""vmr_type"": ""HEAP"", ""num_pages"": ""1"", ""page_size"": ""4096""}",RESOURCE
VMR_100002_18,RESOURCE,VMR,"{""va"": ""0x55fcb4d12000"", ""vmr_type"": ""HEAP"", ""num_pages"": ""1"", ""page_size"": ""4096""}",RESOURCE
VMR_100002_19,RESOURCE,VMR,"{""va"": ""0x55fcb4d13000"", ""vmr_type"": ""HEAP"", ""num_pages"": ""1"", ""page_size"": ""4096""}",RESOURCE
VMR_100002_20,RESOURCE,VMR,"{""va"": ""0x55fcb4d14000"", ""vmr_type"": ""HEAP"", ""num_pages"": ""1"", ""page_size"": ""4096""}",RESOURCE
VMR_100002_21,RESOURCE,VMR,"{""va"": ""0x55fcb4d15000"", ""vmr_type"": ""HEAP"", ""num_pages"": ""1"", ""page_size"": ""4096""}",RESOURCE
VMR_100002_22,RESOURCE,VMR,"{""va"": ""0x55fcb4d16000"", ""vmr_type"": ""HEAP"", ""num_pages"": ""1"", ""page_size"": ""4096""}",RESOURCE
VMR_100002_23,RESOURCE,VMR,"{""va"": ""0x55fcb4d17000"", ""vmr_type"": ""HEAP"", ""num_pages"": ""1"", ""page_size"": ""4096""}",RESOURCE
VMR_100002_24,RESOURCE,VMR,"{""va"": ""0x55fcb4d18000"", ""vmr_type"": ""HEAP"", ""num_pages"": ""1"", ""page_size"": ""4096""}",RESOURCE
VMR_100002_25,RESOURCE,VMR,"{""va"": ""0x55fcb4d19000"", ""vmr_type"": ""HEAP"", ""num_pages"": ""1"", ""page_size"": ""4096""}",RESOURCE
VMR_100002_26,RESOURCE,VMR,"{""va"": ""0x55fcb4d1a000"", ""vmr_type"": ""HEAP"", ""num_pages"": ""1"", ""page_size"": ""4096""}",RESOURCE
VMR_100002_27,RESOURCE,VMR,"{""va"": ""0x55fcb4d1b000"", ""vmr_type"": ""HEAP"", ""num_pages"": ""1"", ""page_size"": ""4096""}",RESOURCE
VMR_100002_28,RESOURCE,VMR,"{""va"": ""0x55fcb4d1c000"", ""vmr_type"": ""HEAP"", ""num_pages"": ""1"", ""page_size"": ""4096""}",RESOURCE
VMR_100002_29,RESOURCE,VMR,"{""va"": ""0x55fcb4d1d000"", ""vmr_type"": ""HEAP"", ""num_pages"": ""1"", ""page_size"": ""4096""}",RESOURCE
VMR_100002_30,RESOURCE,VMR,"{""va"": ""0x55fcb4d1e000"", ""vmr_type"": ""HEAP"", ""num_pages"": ""1"", ""page_size"": ""4096""}",RESOURCE
VMR_100002_31,RESOURCE,VMR,"{""va"": ""0x55fcb4d1f000"", ""vmr_type"": ""HEAP"", ""num_pages"": ""1"", ""page_size"": ""4096""}",RESOURCE
VMR_100002_32,RESOURCE,VMR,"{""va"": ""0x55fcb4d20000"", ""vmr_type"": ""HEAP"", ""num_pages"": ""1"", ""page_size"": ""4096""}",RESOURCE
VMR_100002_33,RESOURCE,VMR,"{""va"": ""0x55fcb4d21000"", ""vmr_type"": ""HEAP"", ""num_pages"": ""1"", ""page_size"": ""4096""}",RESOURCE
VMR_100002_34,RESOURCE,VMR,"{""va"": ""0x55fcb4d22000"", ""vmr_type"": ""HEAP"", ""num_pages"": ""1"", ""page_size"": ""4096""}",RESOURCE
VMR_100002_35,RESOURCE,VMR,"{""va"": ""0x55fcb4d23000"", ""vmr_type"": ""HEAP"", ""num_pages"": ""1"", ""page_size"": ""4096""}",RESOURCE
VMR_100002_36,RESOURCE,VMR,"{""va"": ""0x55fcb4d24000"", ""vmr_type"": ""HEAP"", ""num_pages"": ""1"", ""page_size"": ""4096""}",RESOURCE
VMR_100002_37,RESOURCE,VMR,"{""va"": ""0x55fcb4d25000"", ""vmr_type"": ""HEAP"", ""num_pages"": ""1"", ""page_size"": ""4096""}",RESOURCE
VMR_100002_38,RESOURCE,VMR,"{""va"": ""0x55fcb4d26000"", ""vmr_type"": ""HEAP"", ""num_pages"": ""1"", ""page_size"": ""4096""}",RESOURCE
VMR_100002_39,RESOURCE,VMR,"{""va"": ""0x7f7d57ae3000"", ""vmr_type"": ""NONE"", ""num_pages"": ""1"", ""page_size"": ""4096""}",RESOURCE
VMR_100002_40,RESOURCE,VMR,"{""va"": ""0x7f7d57ae4000"", ""vmr_type"": ""NONE"", ""num_pages"": ""1"", ""page_size"": ""4096""}",RESOURCE
VMR_100002_41,RESOURCE,VMR,"{""va"": ""0x7f7d57ae5000"", ""vmr_type"": ""LIB"", ""num_pages"": ""1"", ""page_size"": ""4096""}",RESOURCE
VMR_100002_42,RESOURCE,VMR,"{""va"": ""0x7f7d57ae6000"", ""vmr_type"": ""LIB"", ""num_pages"": ""1"", ""page_size"": ""4096""}",RESOURCE
VMR_100002_43,RESOURCE,VMR,"{""va"": ""0x7f7d57ae7000"", ""vmr_type"": ""LIB"", ""num_pages"": ""1"", ""page_size"": ""4096""}",RESOURCE
VMR_100002_44,RESOURCE,VMR,"{""va"": ""0x7f7d57ae8000"", ""vmr_type"": ""LIB"", ""num_pages"": ""1"", ""page_size"": ""4096""}",RESOURCE
VMR_100002_45,RESOURCE,VMR,"{""va"": ""0x7f7d57ae9000"", ""vmr_type"": ""LIB"", ""num_pages"": ""1"", ""page_size"": ""4096""}",RESOURCE
VMR_100002_46,RESOURCE,VMR,"{""va"": ""0x7f7d57aea000"", ""vmr_type"": ""LIB"", ""num_pages"": ""1"", ""page_size"": ""4096""}",RESOURCE
VMR_100002_47,RESOURCE,VMR,"{""va"": ""0x7f7d57aeb000"", ""vmr_type"": ""LIB"", ""num_pages"": ""1"", ""page_size"": ""4096""}",RESOURCE
VMR_100002_48,RESOURCE,VMR,"{""va"": ""0x7f7d57aec000"", ""vmr_type"": ""LIB"", ""num_pages"": ""1"", ""page_size"": ""4096""}",RESOURCE
VMR_100002_49,RESOURCE,VMR,"{""va"": ""0x7f7d57aed000"", ""vmr_type"": ""LIB"", ""num_pages"": ""1"", ""page_size"": ""4096""}",RESOURCE
VMR_100002_50,RESOURCE,VMR,"{""va"": ""0x7f7d57aee000"", ""vmr_type"": ""LIB"", ""num_pages"": ""1"", ""page_size"": ""4096""}",RESOURCE
VMR_100002_51,RESOURCE,VMR,"{""va"": ""0x7f7d57aef000"", ""vmr_type"": ""LIB"", ""num_pages"": ""1"", ""page_size"": ""4096""}",RESOURCE
VMR_100002_52,RESOURCE,VMR,"{""va"": ""0x7f7d57af0000"", ""vmr_type"": ""LIB"", ""num_pages"": ""1"", ""page_size"": ""4096""}",RESOURCE
VMR_100002_53,RESOURCE,VMR,"{""va"": ""0x7f7d57af1000"", ""vmr_type"": ""LIB"", ""num_pages"": ""1"", ""page_size"": ""4096""}",RESOURCE
VMR_100002_54,RESOURCE,VMR,"{""va"": ""0x7f7d57af2000"", ""vmr_type"": ""LIB"", ""num_pages"": ""1"", ""page_size"": ""4096""}",RESOURCE
VMR_100002_55,RESOURCE,VMR,"{""va"": ""0x7f7d57af3000"", ""vmr_type"": ""LIB"", ""num_pages"": ""1"", ""page_size"": ""4096""}",RESOURCE
VMR_100002_56,RESOURCE,VMR,"{""va"": ""0x7f7d57af4000"", ""vmr_type"": ""LIB"", ""num_pages"": ""1"", ""page_size"": ""4096""}",RESOURCE
VMR_100002_57,RESOURCE,VMR,"{""va"": ""0x7f7d57af5000"", ""vmr_type"": ""LIB"", ""num_pages"": ""1"", ""page_size"": ""4096""}",RESOURCE
VMR_100002_58,RESOURCE,VMR,"{""va"": ""0x7f7d57af6000"", ""vmr_type"": ""LIB"", ""num_pages"": ""1"", ""page_size"": ""4096""}",RESOURCE
VMR_100002_59,RESOURCE,VMR,"{""va"": ""0x7f7d57af7000"", ""vmr_type"": ""LIB"", ""num_pages"": ""1"", ""page_size"": ""4096""}",RESOURCE
VMR_100002_60,RESOURCE,VMR,"{""va"": ""0x7f7d57af8000"", ""vmr_type"": ""LIB"", ""num_pages"": ""1"", ""page_size"": ""4096""}",RESOURCE
VMR_100002_61,RESOURCE,VMR,"{""va"": ""0x7f7d57af9000"", ""vmr_type"": ""LIB"", ""num_pages"": ""1"", ""page_size"": ""4096""}",RESOURCE
VMR_100002_62,RESOURCE,VMR,"{""va"": ""0x7f7d57afa000"", ""vmr_type"": ""LIB"", ""num_pages"": ""1"", ""page_size"": ""4096""}",RESOURCE
VMR_100002_63,RESOURCE,VMR,"{""va"": ""0x7f7d57afb000"", ""vmr_type"": ""LIB"", ""num_pages"": ""1"", ""page_size"": ""4096""}",RESOURCE
VMR_100002_64,RESOURCE,VMR,"{""va"": ""0x7f7d57afc000"", ""vmr_type"": ""LIB"", ""num_pages"": ""1"", ""page_size"": ""4096""}",RESOURCE
VMR_100002_65,RESOURCE,VMR,"{""va"": ""0x7f7d57afd000"", ""vmr_type"": ""LIB"", ""num_pages"": ""1"", ""page_size"": ""4096""}",RESOURCE
VMR_100002_66,RESOURCE,VMR,"{""va"": ""0x7f7d57afe000"", ""vmr_type"": ""LIB"", ""num_pages"": ""1"", ""page_size"": ""4096""}",RESOURCE
VMR_100002_67,RESOURCE,VMR,"{""va"": ""0x7f7d57aff000"", ""vmr_type"": ""LIB"", ""num_pages"": ""1"", ""page_size"": ""4096""}",RESOURCE
VMR_100002_68,RESOURCE,VMR,"{""va"": ""0x7f7d57b00000"", ""vmr_type"": ""LIB"", ""num_pages"": ""1"", ""page_size"": ""4096""}",RESOURCE
VMR_100002_69,RESOURCE,VMR,"{""va"": ""0x7f7d57b01000"", ""vmr_type"": ""LIB"", ""num_pages"": ""1"", ""page_size"": ""4096""}",RESOURCE
VMR_100002_70,RESOURCE,VMR,"{""va"": ""0x7f7d57b02000"", ""vmr_type"": ""LIB"", ""num_pages"": ""1"", ""page_size"": ""4096""}",RESOURCE
VMR_100002_71,RESOURCE,VMR,"{""va"": ""0x7f7d57b03000"", ""vmr_type"": ""LIB"", ""num_pages"": ""1"", ""page_size"": ""4096""}",RESOURCE
VMR_100002_72,RESOURCE,VMR,"{""va"": ""0x7f7d57b04000"", ""vmr_type"": ""LIB"", ""num_pages"": ""1"", ""page_size"": ""4096""}",RESOURCE
VMR_100002_73,RESOURCE,VMR,"{""va"": ""0x7f7d57b05000"", ""vmr_type"": ""LIB"", ""num_pages"": ""1"", ""page_size"": ""4096""}",RESOURCE
VMR_100002_74,RESOURCE,VMR,"{""va"": ""0x7f7d57b06000"", ""vmr_type"": ""LIB"", ""num_pages"": ""1"", ""page_size"": ""4096""}",RESOURCE
VMR_100002_75,RESOURCE,VMR,"{""va"": ""0x7f7d57b07000"", ""vmr_type"": ""LIB"", ""num_pages"": ""1"", ""page_size"": ""4096""}",RESOURCE
VMR_100002_76,RESOURCE,VMR,"{""va"": ""0x7f7d57b08000"", ""vmr_type"": ""LIB"", ""num_pages"": ""1"", ""page_size"": ""4096""}",RESOURCE
VMR_100002_77,RESOURCE,VMR,"{""va"": ""0x7f7d57b09000"", ""vmr_type"": ""LIB"", ""num_pages"": ""1"", ""page_size"": ""4096""}",RESOURCE
VMR_100002_78,RESOURCE,VMR,"{""va"": ""0x7f7d57b0a000"", ""vmr_type"": ""LIB"", ""num_pages"": ""1"", ""page_size"": ""4096""}",RESOURCE
VMR_100002_79,RESOURCE,VMR,"{""va"": ""0x7f7d57b0b000"", ""vmr_type"": ""LIB"", ""num_pages"": ""1"", ""page_size"": ""4096""}",RESOURCE
VMR_100002_80,RESOURCE,VMR,"{""va"": ""0x7f7d57b0c000"", ""vmr_type"": ""LIB"", ""num_pages"": ""1"", ""page_size"": ""4096""}",RESOURCE
VMR_100002_81,RESOURCE,VMR,"{""va"": ""0x7f7d57b0d000"", ""vmr_type"": ""LIB"", ""num_pages"": ""1"", ""page_size"": ""4096""}",RESOURCE
VMR_100002_82,RESOURCE,VMR,"{""va"": ""0x7f7d57b0e000"", ""vmr_type"": ""LIB"", ""num_pages"": ""1"", ""page_size"": ""4096""}",RESOURCE
VMR_100002_83,RESOURCE,VMR,"{""va"": ""0x7f7d57b0f000"", ""vmr_type"": ""LIB"", ""num_pages"": ""1"", ""page_size"": ""4096""}",RESOURCE
VMR_100002_84,RESOURCE,VMR,"{""va"": ""0x7f7d57b10000"", ""vmr_type"": ""LIB"", ""num_pages"": ""1"", ""page_size"": ""4096""}",RESOURCE
VMR_100002_85,RESOURCE,VMR,"{""va"": ""0x7f7d57b11000"", ""vmr_type"": ""LIB"", ""num_pages"": ""1"", ""page_size"": ""4096""}",RESOURCE
VMR_100002_86,RESOURCE,VMR,"{""va"": ""0x7f7d57b12000"", ""vmr_type"": ""LIB"", ""num_pages"": ""1"", ""page_size"": ""4096""}",RESOURCE
VMR_100002_87,RESOURCE,VMR,"{""va"": ""0x7f7d57b13000"", ""vmr_type"": ""LIB"", ""num_pages"": ""1"", ""page_size"": ""4096""}",RESOURCE
VMR_100002_88,RESOURCE,VMR,"{""va"": ""0x7f7d57b14000"", ""vmr_type"": ""LIB"", ""num_pages"": ""1"", ""page_size"": ""4096""}",RESOURCE
VMR_100002_89,RESOURCE,VMR,"{""va"": ""0x7f7d57b15000"", ""vmr_type"": ""LIB"", ""num_pages"": ""1"", ""page_size"": ""4096""}",RESOURCE
VMR_100002_90,RESOURCE,VMR,"{""va"": ""0x7f7d57b16000"", ""vmr_type"": ""LIB"", ""num_pages"": ""1"", ""page_size"": ""4096""}",RESOURCE
VMR_100002_91,RESOURCE,VMR,"{""va"": ""0x7f7d57b17000"", ""vmr_type"": ""LIB"", ""num_pages"": ""1"", ""page_size"": ""4096""}",RESOURCE
VMR_100002_92,RESOURCE,VMR,"{""va"": ""0x7f7d57b18000"", ""vmr_type"": ""LIB"", ""num_pages"": ""1"", ""page_size"": ""4096""}",RESOURCE
VMR_100002_93,RESOURCE,VMR,"{""va"": ""0x7f7d57b19000"", ""vmr_type"": ""LIB"", ""num_pages"": ""1"", ""page_size"": ""4096""}",RESOURCE
VMR_100002_94,RESOURCE,VMR,"{""va"": ""0x7f7d57b1a000"", ""vmr_type"": ""LIB"", ""num_pages"": ""1"", ""page_size"": ""4096""}",RESOURCE
VMR_100002_95,RESOURCE,VMR,"{""va"": ""0x7f7d57b1b000"", ""vmr_type"": ""LIB"", ""num_pages"": ""1"", ""page_size"": ""4096""}",RESOURCE
VMR_100002_96,RESOURCE,VMR,"{""va"": ""0x7f7d57b1c000"", ""vmr_type"": ""LIB"", ""num_pages"": ""1"", ""page_size"": ""4096""}",RESOURCE
VMR_100002_97,RESOURCE,VMR,"{""va"": ""0x7f7d57b1d000"", ""vmr_type"": ""LIB"", ""num_pages"": ""1"", ""page_size"": ""4096""}",RESOURCE
VMR_100002_98,RESOURCE,VMR,"{""va"": ""0x7f7d57b1e000"", ""vmr_type"": ""LIB"", ""num_pages"": ""1"", ""page_size"": ""4096""}",RESOURCE
VMR_100002_99,RESOURCE,VMR,"{""va"": ""0x7f7d57b1f000"", ""vmr_type"": ""LIB"", ""num_pages"": ""1"", ""page_size"": ""4096""}",RESOURCE
VMR_100002_100,RESOURCE,VMR,"{""va"": ""0x7f7d57b20000"", ""vmr_type"": ""LIB"", ""num_pages"": ""1"", ""page_size"": ""4096""}",RESOURCE
VMR_100002_101,RESOURCE,VMR,"{""va"": ""0x7f7d57b21000"", ""vmr_type"": ""LIB"", ""num_pages"": ""1"", ""page_size"": ""4096""}",RESOURCE
VMR_100002_102,RESOURCE,VMR,"{""va"": ""0x7f7d57b22000"", ""vmr_type"": ""LIB"", ""num_pages"": ""1"", ""page_size"": ""4096""}",RESOURCE
VMR_100002_103,RESOURCE,VMR,"{""va"": ""0x7f7d57b23000"", ""vmr_type"": ""LIB"", ""num_pages"": ""1"", ""page_size"": ""4096""}",RESOURCE
VMR_100002_104,RESOURCE,VMR,"{""va"": ""0x7f7d57b24000"", ""vmr_type"": ""LIB"", ""num_pages"": ""1"", ""page_size"": ""4096""}",RESOURCE
VMR_100002_105,RESOURCE,VMR,"{""va"": ""0x7f7d57b25000"", ""vmr_type"": ""LIB"", ""num_pages"": ""1"", ""page_size"": ""4096""}",RESOURCE
VMR_100002_106,RESOURCE,VMR,"{""va"": ""0x7f7d57b26000"", ""vmr_type"": ""LIB"", ""num_pages"": ""1"", ""page_size"": ""4096""}",RESOURCE
VMR_100002_107,RESOURCE,VMR,"{""va"": ""0x7f7d57b27000"", ""vmr_type"": ""LIB"", ""num_pages"": ""1"", ""page_size"": ""4096""}",RESOURCE
VMR_100002_108,RESOURCE,VMR,"{""va"": ""0x7f7d57b28000"", ""vmr_type"": ""LIB"", ""num_pages"": ""1"", ""page_size"": ""4096""}",RESOURCE
VMR_100002_109,RESOURCE,VMR,"{""va"": ""0x7f7d57b29000"", ""vmr_type"": ""LIB"", ""num_pages"": ""1"", ""page_size"": ""4096""}",RESOURCE
VMR_100002_110,RESOURCE,VMR,"{""va"": ""0x7f7d57b2a000"", ""vmr_type"": ""LIB"", ""num_pages"": ""1"", ""page_size"": ""4096""}",RESOURCE
VMR_100002_111,RESOURCE,VMR,"{""va"": ""0x7f7d57b2b000"", ""vmr_type"": ""LIB"", ""num_pages"": ""1"", ""page_size"": ""4096""}",RESOURCE
VMR_100002_112,RESOURCE,VMR,"{""va"": ""0x7f7d57b2c000"", ""vmr_type"": ""LIB"", ""num_pages"": ""1"", ""page_size"": ""4096""}",RESOURCE
VMR_100002_113,RESOURCE,VMR,"{""va"": ""0x7f7d57b2d000"", ""vmr_type"": ""LIB"", ""num_pages"": ""1"", ""page_size"": ""4096""}",RESOURCE
VMR_100002_114,RESOURCE,VMR,"{""va"": ""0x7f7d57b2e000"", ""vmr_type"": ""LIB"", ""num_pages"": ""1"", ""page_size"": ""4096""}",RESOURCE
VMR_100002_115,RESOURCE,VMR,"{""va"": ""0x7f7d57b2f000"", ""vmr_type"": ""LIB"", ""num_pages"": ""1"", ""page_size"": ""4096""}",RESOURCE
VMR_100002_116,RESOURCE,VMR,"{""va"": ""0x7f7d57b30000"", ""vmr_type"": ""LIB"", ""num_pages"": ""1"", ""page_size"": ""4096""}",RESOURCE
VMR_100002_117,RESOURCE,VMR,"{""va"": ""0x7f7d57b31000"", ""vmr_type"": ""LIB"", ""num_pages"": ""1"", ""page_size"": ""4096""}",RESOURCE
VMR_100002_118,RESOURCE,VMR,"{""va"": ""0x7f7d57b32000"", ""vmr_type"": ""LIB"", ""num_pages"": ""1"", ""page_size"": ""4096""}",RESOURCE
VMR_100002_119,RESOURCE,VMR,"{""va"": ""0x7f7d57b33000"", ""vmr_type"": ""LIB"", ""num_pages"": ""1"", ""page_size"": ""4096""}",RESOURCE
VMR_100002_120,RESOURCE,VMR,"{""va"": ""0x7f7d57b34000"", ""vmr_type"": ""LIB"", ""num_pages"": ""1"", ""page_size"": ""4096""}",RESOURCE
VMR_100002_121,RESOURCE,VMR,"{""va"": ""0x7f7d57b35000"", ""vmr_type"": ""LIB"", ""num_pages"": ""1"", ""page_size"": ""4096""}",RESOURCE
VMR_100002_122,RESOURCE,VMR,"{""va"": ""0x7f7d57b36000"", ""vmr_type"": ""LIB"", ""num_pages"": ""1"", ""page_size"": ""4096""}",RESOURCE
VMR_100002_123,RESOURCE,VMR,"{""va"": ""0x7f7d57b37000"", ""vmr_type"": ""LIB"", ""num_pages"": ""1"", ""page_size"": ""4096""}",RESOURCE
VMR_100002_124,RESOURCE,VMR,"{""va"": ""0x7f7d57b38000"", ""vmr_type"": ""LIB"", ""num_pages"": ""1"", ""page_size"": ""4096""}",RESOURCE
VMR_100002_125,RESOURCE,VMR,"{""va"": ""0x7f7d57b39000"", ""vmr_type"": ""LIB"", ""num_pages"": ""1"", ""page_size"": ""4096""}",RESOURCE
VMR_100002_126,RESOURCE,VMR,"{""va"": ""0x7f7d57b3a000"", ""vmr_type"": ""LIB"", ""num_pages"": ""1"", ""page_size"": ""4096""}",RESOURCE
VMR_100002_127,RESOURCE,VMR,"{""va"": ""0x7f7d57b3b000"", ""vmr_type"": ""LIB"", ""num_pages"": ""1"", ""page_size"": ""4096""}",RESOURCE
VMR_100002_128,RESOURCE,VMR,"{""va"": ""0x7f7d57b3c000"", ""vmr_type"": ""LIB"", ""num_pages"": ""1"", ""page_size"": ""4096""}",RESOURCE
VMR_100002_129,RESOURCE,VMR,"{""va"": ""0x7f7d57b3d000"", ""vmr_type"": ""LIB"", ""num_pages"": ""1"", ""page_size"": ""4096""}",RESOURCE
VMR_100002_130,RESOURCE,VMR,"{""va"": ""0x7f7d57b3e000"", ""vmr_type"": ""LIB"", ""num_pages"": ""1"", ""page_size"": ""4096""}",RESOURCE
VMR_100002_131,RESOURCE,VMR,"{""va"": ""0x7f7d57b3f000"", ""vmr_type"": ""LIB"", ""num_pages"": ""1"", ""page_size"": ""4096""}",RESOURCE
VMR_100002_132,RESOURCE,VMR,"{""va"": ""0x7f7d57b40000"", ""vmr_type"": ""LIB"", ""num_pages"": ""1"", ""page_size"": ""4096""}",RESOURCE
VMR_100002_133,RESOURCE,VMR,"{""va"": ""0x7f7d57b41000"", ""vmr_type"": ""LIB"", ""num_pages"": ""1"", ""page_size"": ""4096""}",RESOURCE
VMR_100002_134,RESOURCE,VMR,"{""va"": ""0x7f7d57b42000"", ""vmr_type"": ""LIB"", ""num_pages"": ""1"", ""page_size"": ""4096""}",RESOURCE
VMR_100002_135,RESOURCE,VMR,"{""va"": ""0x7f7d57b43000"", ""vmr_type"": ""LIB"", ""num_pages"": ""1"", ""page_size"": ""4096""}",RESOURCE
VMR_100002_136,RESOURCE,VMR,"{""va"": ""0x7f7d57b44000"", ""vmr_type"": ""LIB"", ""num_pages"": ""1"", ""page_size"": ""4096""}",RESOURCE
VMR_100002_137,RESOURCE,VMR,"{""va"": ""0x7f7d57b45000"", ""vmr_type"": ""LIB"", ""num_pages"": ""1"", ""page_size"": ""4096""}",RESOURCE
VMR_100002_138,RESOURCE,VMR,"{""va"": ""0x7f7d57b46000"", ""vmr_type"": ""LIB"", ""num_pages"": ""1"", ""page_size"": ""4096""}",RESOURCE
VMR_100002_139,RESOURCE,VMR,"{""va"": ""0x7f7d57b47000"", ""vmr_type"": ""LIB"", ""num_pages"": ""1"", ""page_size"": ""4096""}",RESOURCE
VMR_100002_140,RESOURCE,VMR,"{""va"": ""0x7f7d57b48000"", ""vmr_type"": ""LIB"", ""num_pages"": ""1"", ""page_size"": ""4096""}",RESOURCE
VMR_100002_141,RESOURCE,VMR,"{""va"": ""0x7f7d57b49000"", ""vmr_type"": ""LIB"", ""num_pages"": ""1"", ""page_size"": ""4096""}",RESOURCE
VMR_100002_142,RESOURCE,VMR,"{""va"": ""0x7f7d57b4a000"", ""vmr_type"": ""LIB"", ""num_pages"": ""1"", ""page_size"": ""4096""}",RESOURCE
VMR_100002_143,RESOURCE,VMR,"{""va"": ""0x7f7d57b4b000"", ""vmr_type"": ""LIB"", ""num_pages"": ""1"", ""page_size"": ""4096""}",RESOURCE
VMR_100002_144,RESOURCE,VMR,"{""va"": ""0x7f7d57b4c000"", ""vmr_type"": ""LIB"", ""num_pages"": ""1"", ""page_size"": ""4096""}",RESOURCE
VMR_100002_145,RESOURCE,VMR,"{""va"": ""0x7f7d57b4d000"", ""vmr_type"": ""LIB"", ""num_pages"": ""1"", ""page_size"": ""4096""}",RESOURCE
VMR_100002_146,RESOURCE,VMR,"{""va"": ""0x7f7d57b4e000"", ""vmr_type"": ""LIB"", ""num_pages"": ""1"", ""page_size"": ""4096""}",RESOURCE
VMR_100002_147,RESOURCE,VMR,"{""va"": ""0x7f7d57b4f000"", ""vmr_type"": ""LIB"", ""num_pages"": ""1"", ""page_size"": ""4096""}",RESOURCE
VMR_100002_148,RESOURCE,VMR,"{""va"": ""0x7f7d57b50000"", ""vmr_type"": ""LIB"", ""num_pages"": ""1"", ""page_size"": ""4096""}",RESOURCE
VMR_100002_149,RESOURCE,VMR,"{""va"": ""0x7f7d57b51000"", ""vmr_type"": ""LIB"", ""num_pages"": ""1"", ""page_size"": ""4096""}",RESOURCE
VMR_100002_150,RESOURCE,VMR,"{""va"": ""0x7f7d57b52000"", ""vmr_type"": ""LIB"", ""num_pages"": ""1"", ""page_size"": ""4096""}",RESOURCE
VMR_100002_151,RESOURCE,VMR,"{""va"": ""0x7f7d57b53000"", ""vmr_type"": ""LIB"", ""num_pages"": ""1"", ""page_size"": ""4096""}",RESOURCE
VMR_100002_152,RESOURCE,VMR,"{""va"": ""0x7f7d57b54000"", ""vmr_type"": ""LIB"", ""num_pages"": ""1"", ""page_size"": ""4096""}",RESOURCE
VMR_100002_153,RESOURCE,VMR,"{""va"": ""0x7f7d57b55000"", ""vmr_type"": ""LIB"", ""num_pages"": ""1"", ""page_size"": ""4096""}",RESOURCE
VMR_100002_154,RESOURCE,VMR,"{""va"": ""0x7f7d57b56000"", ""vmr_type"": ""LIB"", ""num_pages"": ""1"", ""page_size"": ""4096""}",RESOURCE
VMR_100002_155,RESOURCE,VMR,"{""va"": ""0x7f7d57b57000"", ""vmr_type"": ""LIB"", ""num_pages"": ""1"", ""page_size"": ""4096""}",RESOURCE
VMR_100002_156,RESOURCE,VMR,"{""va"": ""0x7f7d57b58000"", ""vmr_type"": ""LIB"", ""num_pages"": ""1"", ""page_size"": ""4096""}",RESOURCE
VMR_100002_157,RESOURCE,VMR,"{""va"": ""0x7f7d57b59000"", ""vmr_type"": ""LIB"", ""num_pages"": ""1"", ""page_size"": ""4096""}",RESOURCE
VMR_100002_158,RESOURCE,VMR,"{""va"": ""0x7f7d57b5a000"", ""vmr_type"": ""LIB"", ""num_pages"": ""1"", ""page_size"": ""4096""}",RESOURCE
VMR_100002_159,RESOURCE,VMR,"{""va"": ""0x7f7d57b5b000"", ""vmr_type"": ""LIB"", ""num_pages"": ""1"", ""page_size"": ""4096""}",RESOURCE
VMR_100002_160,RESOURCE,VMR,"{""va"": ""0x7f7d57b5c000"", ""vmr_type"": ""LIB"", ""num_pages"": ""1"", ""page_size"": ""4096""}",RESOURCE
VMR_100002_161,RESOURCE,VMR,"{""va"": ""0x7f7d57b5d000"", ""vmr_type"": ""LIB"", ""num_pages"": ""1"", ""page_size"": ""4096""}",RESOURCE
VMR_100002_162,RESOURCE,VMR,"{""va"": ""0x7f7d57b5e000"", ""vmr_type"": ""LIB"", ""num_pages"": ""1"", ""page_size"": ""4096""}",RESOURCE
VMR_100002_163,RESOURCE,VMR,"{""va"": ""0x7f7d57b5f000"", ""vmr_type"": ""LIB"", ""num_pages"": ""1"", ""page_size"": ""4096""}",RESOURCE
VMR_100002_164,RESOURCE,VMR,"{""va"": ""0x7f7d57b60000"", ""vmr_type"": ""LIB"", ""num_pages"": ""1"", ""page_size"": ""4096""}",RESOURCE
VMR_100002_165,RESOURCE,VMR,"{""va"": ""0x7f7d57b61000"", ""vmr_type"": ""LIB"", ""num_pages"": ""1"", ""page_size"": ""4096""}",RESOURCE
VMR_100002_166,RESOURCE,VMR,"{""va"": ""0x7f7d57b62000"", ""vmr_type"": ""LIB"", ""num_pages"": ""1"", ""page_size"": ""4096""}",RESOURCE
VMR_100002_167,RESOURCE,VMR,"{""va"": ""0x7f7d57b63000"", ""vmr_type"": ""LIB"", ""num_pages"": ""1"", ""page_size"": ""4096""}",RESOURCE
VMR_100002_168,RESOURCE,VMR,"{""va"": ""0x7f7d57b64000"", ""vmr_type"": ""LIB"", ""num_pages"": ""1"", ""page_size"": ""4096""}",RESOURCE
VMR_100002_169,RESOURCE,VMR,"{""va"": ""0x7f7d57b65000"", ""vmr_type"": ""LIB"", ""num_pages"": ""1"", ""page_size"": ""4096""}",RESOURCE
VMR_100002_170,RESOURCE,VMR,"{""va"": ""0x7f7d57b66000"", ""vmr_type"": ""LIB"", ""num_pages"": ""1"", ""page_size"": ""4096""}",RESOURCE
VMR_100002_171,RESOURCE,VMR,"{""va"": ""0x7f7d57b67000"", ""vmr_type"": ""LIB"", ""num_pages"": ""1"", ""page_size"": ""4096""}",RESOURCE
VMR_100002_172,RESOURCE,VMR,"{""va"": ""0x7f7d57b68000"", ""vmr_type"": ""LIB"", ""num_pages"": ""1"", ""page_size"": ""4096""}",RESOURCE
VMR_100002_173,RESOURCE,VMR,"{""va"": ""0x7f7d57b69000"", ""vmr_type"": ""LIB"", ""num_pages"": ""1"", ""page_size"": ""4096""}",RESOURCE
VMR_100002_174,RESOURCE,VMR,"{""va"": ""0x7f7d57b6a000"", ""vmr_type"": ""LIB"", ""num_pages"": ""1"", ""page_size"": ""4096""}",RESOURCE
VMR_100002_175,RESOURCE,VMR,"{""va"": ""0x7f7d57b6b000"", ""vmr_type"": ""LIB"", ""num_pages"": ""1"", ""page_size"": ""4096""}",RESOURCE
VMR_100002_176,RESOURCE,VMR,"{""va"": ""0x7f7d57b6c000"", ""vmr_type"": ""LIB"", ""num_pages"": ""1"", ""page_size"": ""4096""}",RESOURCE
VMR_100002_177,RESOURCE,VMR,"{""va"": ""0x7f7d57b6d000"", ""vmr_type"": ""LIB"", ""num_pages"": ""1"", ""page_size"": ""4096""}",RESOURCE
VMR_100002_178,RESOURCE,VMR,"{""va"": ""0x7f7d57b6e000"", ""vmr_type"": ""LIB"", ""num_pages"": ""1"", ""page_size"": ""4096""}",RESOURCE
VMR_100002_179,RESOURCE,VMR,"{""va"": ""0x7f7d57b6f000"", ""vmr_type"": ""LIB"", ""num_pages"": ""1"", ""page_size"": ""4096""}",RESOURCE
VMR_100002_180,RESOURCE,VMR,"{""va"": ""0x7f7d57b70000"", ""vmr_type"": ""LIB"", ""num_pages"": ""1"", ""page_size"": ""4096""}",RESOURCE
VMR_100002_181,RESOURCE,VMR,"{""va"": ""0x7f7d57b71000"", ""vmr_type"": ""LIB"", ""num_pages"": ""1"", ""page_size"": ""4096""}",RESOURCE
VMR_100002_182,RESOURCE,VMR,"{""va"": ""0x7f7d57b72000"", ""vmr_type"": ""LIB"", ""num_pages"": ""1"", ""page_size"": ""4096""}",RESOURCE
VMR_100002_183,RESOURCE,VMR,"{""va"": ""0x7f7d57b73000"", ""vmr_type"": ""LIB"", ""num_pages"": ""1"", ""page_size"": ""4096""}",RESOURCE
VMR_100002_184,RESOURCE,VMR,"{""va"": ""0x7f7d57b74000"", ""vmr_type"": ""LIB"", ""num_pages"": ""1"", ""page_size"": ""4096""}",RESOURCE
VMR_100002_185,RESOURCE,VMR,"{""va"": ""0x7f7d57b75000"", ""vmr_type"": ""LIB"", ""num_pages"": ""1"", ""page_size"": ""4096""}",RESOURCE
VMR_100002_186,RESOURCE,VMR,"{""va"": ""0x7f7d57b76000"", ""vmr_type"": ""LIB"", ""num_pages"": ""1"", ""page_size"": ""4096""}",RESOURCE
VMR_100002_187,RESOURCE,VMR,"{""va"": ""0x7f7d57b77000"", ""vmr_type"": ""LIB"", ""num_pages"": ""1"", ""page_size"": ""4096""}",RESOURCE
VMR_100002_188,RESOURCE,VMR,"{""va"": ""0x7f7d57b78000"", ""vmr_type"": ""LIB"", ""num_pages"": ""1"", ""page_size"": ""4096""}",RESOURCE
VMR_100002_189,RESOURCE,VMR,"{""va"": ""0x7f7d57b79000"", ""vmr_type"": ""LIB"", ""num_pages"": ""1"", ""page_size"": ""4096""}",RESOURCE
VMR_100002_190,RESOURCE,VMR,"{""va"": ""0x7f7d57b7a000"", ""vmr_type"": ""LIB"", ""num_pages"": ""1"", ""page_size"": ""4096""}",RESOURCE
VMR_100002_191,RESOURCE,VMR,"{""va"": ""0x7f7d57b7b000"", ""vmr_type"": ""LIB"", ""num_pages"": ""1"", ""page_size"": ""4096""}",RESOURCE
VMR_100002_192,RESOURCE,VMR,"{""va"": ""0x7f7d57b7c000"", ""vmr_type"": ""LIB"", ""num_pages"": ""1"", ""page_size"": ""4096""}",RESOURCE
VMR_100002_193,RESOURCE,VMR,"{""va"": ""0x7f7d57b7d000"", ""vmr_type"": ""LIB"", ""num_pages"": ""1"", ""page_size"": ""4096""}",RESOURCE
VMR_100002_194,RESOURCE,VMR,"{""va"": ""0x7f7d57b7e000"", ""vmr_type"": ""LIB"", ""num_pages"": ""1"", ""page_size"": ""4096""}",RESOURCE
VMR_100002_195,RESOURCE,VMR,"{""va"": ""0x7f7d57b7f000"", ""vmr_type"": ""LIB"", ""num_pages"": ""1"", ""page_size"": ""4096""}",RESOURCE
VMR_100002_196,RESOURCE,VMR,"{""va"": ""0x7f7d57b80000"", ""vmr_type"": ""LIB"", ""num_pages"": ""1"", ""page_size"": ""4096""}",RESOURCE
VMR_100002_197,RESOURCE,VMR,"{""va"": ""0x7f7d57b81000"", ""vmr_type"": ""LIB"", ""num_pages"": ""1"", ""page_size"": ""4096""}",RESOURCE
VMR_100002_198,RESOURCE,VMR,"{""va"": ""0x7f7d57b82000"", ""vmr_type"": ""LIB"", ""num_pages"": ""1"", ""page_size"": ""4096""}",RESOURCE
VMR_100002_199,RESOURCE,VMR,"{""va"": ""0x7f7d57b83000"", ""vmr_type"": ""LIB"", ""num_pages"": ""1"", ""page_size"": ""4096""}",RESOURCE
VMR_100002_200,RESOURCE,VMR,"{""va"": ""0x7f7d57b84000"", ""vmr_type"": ""LIB"", ""num_pages"": ""1"", ""page_size"": ""4096""}",RESOURCE
VMR_100002_201,RESOURCE,VMR,"{""va"": ""0x7f7d57b85000"", ""vmr_type"": ""LIB"", ""num_pages"": ""1"", ""page_size"": ""4096""}",RESOURCE
VMR_100002_202,RESOURCE,VMR,"{""va"": ""0x7f7d57b86000"", ""vmr_type"": ""LIB"", ""num_pages"": ""1"", ""page_size"": ""4096""}",RESOURCE
VMR_100002_203,RESOURCE,VMR,"{""va"": ""0x7f7d57b87000"", ""vmr_type"": ""LIB"", ""num_pages"": ""1"", ""page_size"": ""4096""}",RESOURCE
VMR_100002_204,RESOURCE,VMR,"{""va"": ""0x7f7d57b88000"", ""vmr_type"": ""LIB"", ""num_pages"": ""1"", ""page_size"": ""4096""}",RESOURCE
VMR_100002_205,RESOURCE,VMR,"{""va"": ""0x7f7d57b89000"", ""vmr_type"": ""LIB"", ""num_pages"": ""1"", ""page_size"": ""4096""}",RESOURCE
VMR_100002_206,RESOURCE,VMR,"{""va"": ""0x7f7d57b8a000"", ""vmr_type"": ""LIB"", ""num_pages"": ""1"", ""page_size"": ""4096""}",RESOURCE
VMR_100002_207,RESOURCE,VMR,"{""va"": ""0x7f7d57b8b000"", ""vmr_type"": ""LIB"", ""num_pages"": ""1"", ""page_size"": ""4096""}",RESOURCE
VMR_100002_208,RESOURCE,VMR,"{""va"": ""0x7f7d57b8c000"", ""vmr_type"": ""LIB"", ""num_pages"": ""1"", ""page_size"": ""4096""}",RESOURCE
VMR_100002_209,RESOURCE,VMR,"{""va"": ""0x7f7d57b8d000"", ""vmr_type"": ""LIB"", ""num_pages"": ""1"", ""page_size"": ""4096""}",RESOURCE
VMR_100002_210,RESOURCE,VMR,"{""va"": ""0x7f7d57b8e000"", ""vmr_type"": ""LIB"", ""num_pages"": ""1"", ""page_size"": ""4096""}",RESOURCE
VMR_100002_211,RESOURCE,VMR,"{""va"": ""0x7f7d57b8f000"", ""vmr_type"": ""LIB"", ""num_pages"": ""1"", ""page_size"": ""4096""}",RESOURCE
VMR_100002_212,RESOURCE,VMR,"{""va"": ""0x7f7d57b90000"", ""vmr_type"": ""LIB"", ""num_pages"": ""1"", ""page_size"": ""4096""}",RESOURCE
VMR_100002_213,RESOURCE,VMR,"{""va"": ""0x7f7d57b91000"", ""vmr_type"": ""LIB"", ""num_pages"": ""1"", ""page_size"": ""4096""}",RESOURCE
VMR_100002_214,RESOURCE,VMR,"{""va"": ""0x7f7d57b92000"", ""vmr_type"": ""LIB"", ""num_pages"": ""1"", ""page_size"": ""4096""}",RESOURCE
VMR_100002_215,RESOURCE,VMR,"{""va"": ""0x7f7d57b93000"", ""vmr_type"": ""LIB"", ""num_pages"": ""1"", ""page_size"": ""4096""}",RESOURCE
VMR_100002_216,RESOURCE,VMR,"{""va"": ""0x7f7d57b94000"", ""vmr_type"": ""LIB"", ""num_pages"": ""1"", ""page_size"": ""4096""}",RESOURCE
VMR_100002_217,RESOURCE,VMR,"{""va"": ""0x7f7d57b95000"", ""vmr_type"": ""LIB"", ""num_pages"": ""1"", ""page_size"": ""4096""}",RESOURCE
VMR_100002_218,RESOURCE,VMR,"{""va"": ""0x7f7d57b96000"", ""vmr_type"": ""LIB"", ""num_pages"": ""1"", ""page_size"": ""4096""}",RESOURCE
VMR_100002_219,RESOURCE,VMR,"{""va"": ""0x7f7d57b97000"", ""vmr_type"": ""LIB"", ""num_pages"": ""1"", ""page_size"": ""4096""}",RESOURCE
VMR_100002_220,RESOURCE,VMR,"{""va"": ""0x7f7d57b98000"", ""vmr_type"": ""LIB"", ""num_pages"": ""1"", ""page_size"": ""4096""}",RESOURCE
VMR_100002_221,RESOURCE,VMR,"{""va"": ""0x7f7d57b99000"", ""vmr_type"": ""LIB"", ""num_pages"": ""1"", ""page_size"": ""4096""}",RESOURCE
VMR_100002_222,RESOURCE,VMR,"{""va"": ""0x7f7d57b9a000"", ""vmr_type"": ""LIB"", ""num_pages"": ""1"", ""page_size"": ""4096""}",RESOURCE
VMR_100002_223,RESOURCE,VMR,"{""va"": ""0x7f7d57b9b000"", ""vmr_type"": ""LIB"", ""num_pages"": ""1"", ""page_size"": ""4096""}",RESOURCE
VMR_100002_224,RESOURCE,VMR,"{""va"": ""0x7f7d57b9c000"", ""vmr_type"": ""LIB"", ""num_pages"": ""1"", ""page_size"": ""4096""}",RESOURCE
VMR_100002_225,RESOURCE,VMR,"{""va"": ""0x7f7d57b9d000"", ""vmr_type"": ""LIB"", ""num_pages"": ""1"", ""page_size"": ""4096""}",RESOURCE
VMR_100002_226,RESOURCE,VMR,"{""va"": ""0x7f7d57b9e000"", ""vmr_type"": ""LIB"", ""num_pages"": ""1"", ""page_size"": ""4096""}",RESOURCE
VMR_100002_227,RESOURCE,VMR,"{""va"": ""0x7f7d57b9f000"", ""vmr_type"": ""LIB"", ""num_pages"": ""1"", ""page_size"": ""4096""}",RESOURCE
VMR_100002_228,RESOURCE,VMR,"{""va"": ""0x7f7d57ba0000"", ""vmr_type"": ""LIB"", ""num_pages"": ""1"", ""page_size"": ""4096""}",RESOURCE
VMR_100002_229,RESOURCE,VMR,"{""va"": ""0x7f7d57ba1000"", ""vmr_type"": ""LIB"", ""num_pages"": ""1"", ""page_size"": ""4096""}",RESOURCE
VMR_100002_230,RESOURCE,VMR,"{""va"": ""0x7f7d57ba2000"", ""vmr_type"": ""LIB"", ""num_pages"": ""1"", ""page_size"": ""4096""}",RESOURCE
VMR_100002_231,RESOURCE,VMR,"{""va"": ""0x7f7d57ba3000"", ""vmr_type"": ""LIB"", ""num_pages"": ""1"", ""page_size"": ""4096""}",RESOURCE
VMR_100002_232,RESOURCE,VMR,"{""va"": ""0x7f7d57ba4000"", ""vmr_type"": ""LIB"", ""num_pages"": ""1"", ""page_size"": ""4096""}",RESOURCE
VMR_100002_233,RESOURCE,VMR,"{""va"": ""0x7f7d57ba5000"", ""vmr_type"": ""LIB"", ""num_pages"": ""1"", ""page_size"": ""4096""}",RESOURCE
VMR_100002_234,RESOURCE,VMR,"{""va"": ""0x7f7d57ba6000"", ""vmr_type"": ""LIB"", ""num_pages"": ""1"", ""page_size"": ""4096""}",RESOURCE
VMR_100002_235,RESOURCE,VMR,"{""va"": ""0x7f7d57ba7000"", ""vmr_type"": ""LIB"", ""num_pages"": ""1"", ""page_size"": ""4096""}",RESOURCE
VMR_100002_236,RESOURCE,VMR,"{""va"": ""0x7f7d57ba8000"", ""vmr_type"": ""LIB"", ""num_pages"": ""1"", ""page_size"": ""4096""}",RESOURCE
VMR_100002_237,RESOURCE,VMR,"{""va"": ""0x7f7d57ba9000"", ""vmr_type"": ""LIB"", ""num_pages"": ""1"", ""page_size"": ""4096""}",RESOURCE
VMR_100002_238,RESOURCE,VMR,"{""va"": ""0x7f7d57baa000"", ""vmr_type"": ""LIB"", ""num_pages"": ""1"", ""page_size"": ""4096""}",RESOURCE
VMR_100002_239,RESOURCE,VMR,"{""va"": ""0x7f7d57bab000"", ""vmr_type"": ""LIB"", ""num_pages"": ""1"", ""page_size"": ""4096""}",RESOURCE
VMR_100002_240,RESOURCE,VMR,"{""va"": ""0x7f7d57bac000"", ""vmr_type"": ""LIB"", ""num_pages"": ""1"", ""page_size"": ""4096""}",RESOURCE
VMR_100002_241,RESOURCE,VMR,"{""va"": ""0x7f7d57bad000"", ""vmr_type"": ""LIB"", ""num_pages"": ""1"", ""page_size"": ""4096""}",RESOURCE
VMR_100002_242,RESOURCE,VMR,"{""va"": ""0x7f7d57bae000"", ""vmr_type"": ""LIB"", ""num_pages"": ""1"", ""page_size"": ""4096""}",RESOURCE
VMR_100002_243,RESOURCE,VMR,"{""va"": ""0x7f7d57baf000"", ""vmr_type"": ""LIB"", ""num_pages"": ""1"", ""page_size"": ""4096""}",RESOURCE
VMR_100002_244,RESOURCE,VMR,"{""va"": ""0x7f7d57bb0000"", ""vmr_type"": ""LIB"", ""num_pages"": ""1"", ""page_size"": ""4096""}",RESOURCE
VMR_100002_245,RESOURCE,VMR,"{""va"": ""0x7f7d57bb1000"", ""vmr_type"": ""LIB"", ""num_pages"": ""1"", ""page_size"": ""4096""}",RESOURCE
VMR_100002_246,RESOURCE,VMR,"{""va"": ""0x7f7d57bb2000"", ""vmr_type"": ""LIB"", ""num_pages"": ""1"", ""page_size"": ""4096""}",RESOURCE
VMR_100002_247,RESOURCE,VMR,"{""va"": ""0x7f7d57bb3000"", ""vmr_type"": ""LIB"", ""num_pages"": ""1"", ""page_size"": ""4096""}",RESOURCE
VMR_100002_248,RESOURCE,VMR,"{""va"": ""0x7f7d57bb4000"", ""vmr_type"": ""LIB"", ""num_pages"": ""1"", ""page_size"": ""4096""}",RESOURCE
VMR_100002_249,RESOURCE,VMR,"{""va"": ""0x7f7d57bb5000"", ""vmr_type"": ""LIB"", ""num_pages"": ""1"", ""page_size"": ""4096""}",RESOURCE
VMR_100002_250,RESOURCE,VMR,"{""va"": ""0x7f7d57bb6000"", ""vmr_type"": ""LIB"", ""num_pages"": ""1"", ""page_size"": ""4096""}",RESOURCE
VMR_100002_251,RESOURCE,VMR,"{""va"": ""0x7f7d57bb7000"", ""vmr_type"": ""LIB"", ""num_pages"": ""1"", ""page_size"": ""4096""}",RESOURCE
VMR_100002_252,RESOURCE,VMR,"{""va"": ""0x7f7d57bb8000"", ""vmr_type"": ""LIB"", ""num_pages"": ""1"", ""page_size"": ""4096""}",RESOURCE
VMR_100002_253,RESOURCE,VMR,"{""va"": ""0x7f7d57bb9000"", ""vmr_type"": ""LIB"", ""num_pages"": ""1"", ""page_size"": ""4096""}",RESOURCE
VMR_100002_254,RESOURCE,VMR,"{""va"": ""0x7f7d57bba000"", ""vmr_type"": ""LIB"", ""num_pages"": ""1"", ""page_size"": ""4096""}",RESOURCE
VMR_100002_255,RESOURCE,VMR,"{""va"": ""0x7f7d57bbb000"", ""vmr_type"": ""LIB"", ""num_pages"": ""1"", ""page_size"": ""4096""}",RESOURCE
VMR_100002_256,RESOURCE,VMR,"{""va"": ""0x7f7d57bbc000"", ""vmr_type"": ""LIB"", ""num_pages"": ""1"", ""page_size"": ""4096""}",RESOURCE
VMR_100002_257,RESOURCE,VMR,"{""va"": ""0x7f7d57bbd000"", ""vmr_type"": ""LIB"", ""num_pages"": ""1"", ""page_size"": ""4096""}",RESOURCE
VMR_100002_258,RESOURCE,VMR,"{""va"": ""0x7f7d57bbe000"", ""vmr_type"": ""LIB"", ""num_pages"": ""1"", ""page_size"": ""4096""}",RESOURCE
VMR_100002_259,RESOURCE,VMR,"{""va"": ""0x7f7d57bbf000"", ""vmr_type"": ""LIB"", ""num_pages"": ""1"", ""page_size"": ""4096""}",RESOURCE
VMR_100002_260,RESOURCE,VMR,"{""va"": ""0x7f7d57bc0000"", ""vmr_type"": ""LIB"", ""num_pages"": ""1"", ""page_size"": ""4096""}",RESOURCE
VMR_100002_261,RESOURCE,VMR,"{""va"": ""0x7f7d57bc1000"", ""vmr_type"": ""LIB"", ""num_pages"": ""1"", ""page_size"": ""4096""}",RESOURCE
VMR_100002_262,RESOURCE,VMR,"{""va"": ""0x7f7d57bc2000"", ""vmr_type"": ""LIB"", ""num_pages"": ""1"", ""page_size"": ""4096""}",RESOURCE
VMR_100002_263,RESOURCE,VMR,"{""va"": ""0x7f7d57bc3000"", ""vmr_type"": ""LIB"", ""num_pages"": ""1"", ""page_size"": ""4096""}",RESOURCE
VMR_100002_264,RESOURCE,VMR,"{""va"": ""0x7f7d57bc4000"", ""vmr_type"": ""LIB"", ""num_pages"": ""1"", ""page_size"": ""4096""}",RESOURCE
VMR_100002_265,RESOURCE,VMR,"{""va"": ""0x7f7d57bc5000"", ""vmr_type"": ""LIB"", ""num_pages"": ""1"", ""page_size"": ""4096""}",RESOURCE
VMR_100002_266,RESOURCE,VMR,"{""va"": ""0x7f7d57bc6000"", ""vmr_type"": ""LIB"", ""num_pages"": ""1"", ""page_size"": ""4096""}",RESOURCE
VMR_100002_267,RESOURCE,VMR,"{""va"": ""0x7f7d57bc7000"", ""vmr_type"": ""LIB"", ""num_pages"": ""1"", ""page_size"": ""4096""}",RESOURCE
VMR_100002_268,RESOURCE,VMR,"{""va"": ""0x7f7d57bc8000"", ""vmr_type"": ""LIB"", ""num_pages"": ""1"", ""page_size"": ""4096""}",RESOURCE
VMR_100002_269,RESOURCE,VMR,"{""va"": ""0x7f7d57bc9000"", ""vmr_type"": ""LIB"", ""num_pages"": ""1"", ""page_size"": ""4096""}",RESOURCE
VMR_100002_270,RESOURCE,VMR,"{""va"": ""0x7f7d57bca000"", ""vmr_type"": ""LIB"", ""num_pages"": ""1"", ""page_size"": ""4096""}",RESOURCE
VMR_100002_271,RESOURCE,VMR,"{""va"": ""0x7f7d57bcb000"", ""vmr_type"": ""LIB"", ""num_pages"": ""1"", ""page_size"": ""4096""}",RESOURCE
VMR_100002_272,RESOURCE,VMR,"{""va"": ""0x7f7d57bcc000"", ""vmr_type"": ""LIB"", ""num_pages"": ""1"", ""page_size"": ""4096""}",RESOURCE
VMR_100002_273,RESOURCE,VMR,"{""va"": ""0x7f7d57bcd000"", ""vmr_type"": ""LIB"", ""num_pages"": ""1"", ""page_size"": ""4096""}",RESOURCE
VMR_100002_274,RESOURCE,VMR,"{""va"": ""0x7f7d57bce000"", ""vmr_type"": ""LIB"", ""num_pages"": ""1"", ""page_size"": ""4096""}",RESOURCE
VMR_100002_275,RESOURCE,VMR,"{""va"": ""0x7f7d57bcf000"", ""vmr_type"": ""LIB"", ""num_pages"": ""1"", ""page_size"": ""4096""}",RESOURCE
VMR_100002_276,RESOURCE,VMR,"{""va"": ""0x7f7d57bd0000"", ""vmr_type"": ""LIB"", ""num_pages"": ""1"", ""page_size"": ""4096""}",RESOURCE
VMR_100002_277,RESOURCE,VMR,"{""va"": ""0x7f7d57bd1000"", ""vmr_type"": ""LIB"", ""num_pages"": ""1"", ""page_size"": ""4096""}",RESOURCE
VMR_100002_278,RESOURCE,VMR,"{""va"": ""0x7f7d57bd2000"", ""vmr_type"": ""LIB"", ""num_pages"": ""1"", ""page_size"": ""4096""}",RESOURCE
VMR_100002_279,RESOURCE,VMR,"{""va"": ""0x7f7d57bd3000"", ""vmr_type"": ""LIB"", ""num_pages"": ""1"", ""page_size"": ""4096""}",RESOURCE
VMR_100002_280,RESOURCE,VMR,"{""va"": ""0x7f7d57bd4000"", ""vmr_type"": ""LIB"", ""num_pages"": ""1"", ""page_size"": ""4096""}",RESOURCE
VMR_100002_281,RESOURCE,VMR,"{""va"": ""0x7f7d57bd5000"", ""vmr_type"": ""LIB"", ""num_pages"": ""1"", ""page_size"": ""4096""}",RESOURCE
VMR_100002_282,RESOURCE,VMR,"{""va"": ""0x7f7d57bd6000"", ""vmr_type"": ""LIB"", ""num_pages"": ""1"", ""page_size"": ""4096""}",RESOURCE
VMR_100002_283,RESOURCE,VMR,"{""va"": ""0x7f7d57bd7000"", ""vmr_type"": ""LIB"", ""num_pages"": ""1"", ""page_size"": ""4096""}",RESOURCE
VMR_100002_284,RESOURCE,VMR,"{""va"": ""0x7f7d57bd8000"", ""vmr_type"": ""LIB"", ""num_pages"": ""1"", ""page_size"": ""4096""}",RESOURCE
VMR_100002_285,RESOURCE,VMR,"{""va"": ""0x7f7d57bd9000"", ""vmr_type"": ""LIB"", ""num_pages"": ""1"", ""page_size"": ""4096""}",RESOURCE
VMR_100002_286,RESOURCE,VMR,"{""va"": ""0x7f7d57bda000"", ""vmr_type"": ""LIB"", ""num_pages"": ""1"", ""page_size"": ""4096""}",RESOURCE
VMR_100002_287,RESOURCE,VMR,"{""va"": ""0x7f7d57bdb000"", ""vmr_type"": ""LIB"", ""num_pages"": ""1"", ""page_size"": ""4096""}",RESOURCE
VMR_100002_288,RESOURCE,VMR,"{""va"": ""0x7f7d57bdc000"", ""vmr_type"": ""LIB"", ""num_pages"": ""1"", ""page_size"": ""4096""}",RESOURCE
VMR_100002_289,RESOURCE,VMR,"{""va"": ""0x7f7d57bdd000"", ""vmr_type"": ""LIB"", ""num_pages"": ""1"", ""page_size"": ""4096""}",RESOURCE
VMR_100002_290,RESOURCE,VMR,"{""va"": ""0x7f7d57bde000"", ""vmr_type"": ""LIB"", ""num_pages"": ""1"", ""page_size"": ""4096""}",RESOURCE
VMR_100002_291,RESOURCE,VMR,"{""va"": ""0x7f7d57bdf000"", ""vmr_type"": ""LIB"", ""num_pages"": ""1"", ""page_size"": ""4096""}",RESOURCE
VMR_100002_292,RESOURCE,VMR,"{""va"": ""0x7f7d57be0000"", ""vmr_type"": ""LIB"", ""num_pages"": ""1"", ""page_size"": ""4096""}",RESOURCE
VMR_100002_293,RESOURCE,VMR,"{""va"": ""0x7f7d57be1000"", ""vmr_type"": ""LIB"", ""num_pages"": ""1"", ""page_size"": ""4096""}",RESOURCE
VMR_100002_294,RESOURCE,VMR,"{""va"": ""0x7f7d57be2000"", ""vmr_type"": ""LIB"", ""num_pages"": ""1"", ""page_size"": ""4096""}",RESOURCE
VMR_100002_295,RESOURCE,VMR,"{""va"": ""0x7f7d57be3000"", ""vmr_type"": ""LIB"", ""num_pages"": ""1"", ""page_size"": ""4096""}",RESOURCE
VMR_100002_296,RESOURCE,VMR,"{""va"": ""0x7f7d57be4000"", ""vmr_type"": ""LIB"", ""num_pages"": ""1"", ""page_size"": ""4096""}",RESOURCE
VMR_100002_297,RESOURCE,VMR,"{""va"": ""0x7f7d57be5000"", ""vmr_type"": ""LIB"", ""num_pages"": ""1"", ""page_size"": ""4096""}",RESOURCE
VMR_100002_298,RESOURCE,VMR,"{""va"": ""0x7f7d57be6000"", ""vmr_type"": ""LIB"", ""num_pages"": ""1"", ""page_size"": ""4096""}",RESOURCE
VMR_100002_299,RESOURCE,VMR,"{""va"": ""0x7f7d57be7000"", ""vmr_type"": ""LIB"", ""num_pages"": ""1"", ""page_size"": ""4096""}",RESOURCE
VMR_100002_300,RESOURCE,VMR,"{""va"": ""0x7f7d57be8000"", ""vmr_type"": ""LIB"", ""num_pages"": ""1"", ""page_size"": ""4096""}",RESOURCE
VMR_100002_301,RESOURCE,VMR,"{""va"": ""0x7f7d57be9000"", ""vmr_type"": ""LIB"", ""num_pages"": ""1"", ""page_size"": ""4096""}",RESOURCE
VMR_100002_302,RESOURCE,VMR,"{""va"": ""0x7f7d57bea000"", ""vmr_type"": ""LIB"", ""num_pages"": ""1"", ""page_size"": ""4096""}",RESOURCE
VMR_100002_303,RESOURCE,VMR,"{""va"": ""0x7f7d57beb000"", ""vmr_type"": ""LIB"", ""num_pages"": ""1"", ""page_size"": ""4096""}",RESOURCE
VMR_100002_304,RESOURCE,VMR,"{""va"": ""0x7f7d57bec000"", ""vmr_type"": ""LIB"", ""num_pages"": ""1"", ""page_size"": ""4096""}",RESOURCE
VMR_100002_305,RESOURCE,VMR,"{""va"": ""0x7f7d57bed000"", ""vmr_type"": ""LIB"", ""num_pages"": ""1"", ""page_size"": ""4096""}",RESOURCE
VMR_100002_306,RESOURCE,VMR,"{""va"": ""0x7f7d57bee000"", ""vmr_type"": ""LIB"", ""num_pages"": ""1"", ""page_size"": ""4096""}",RESOURCE
VMR_100002_307,RESOURCE,VMR,"{""va"": ""0x7f7d57bef000"", ""vmr_type"": ""LIB"", ""num_pages"": ""1"", ""page_size"": ""4096""}",RESOURCE
VMR_100002_308,RESOURCE,VMR,"{""va"": ""0x7f7d57bf0000"", ""vmr_type"": ""LIB"", ""num_pages"": ""1"", ""page_size"": ""4096""}",RESOURCE
VMR_100002_309,RESOURCE,VMR,"{""va"": ""0x7f7d57bf1000"", ""vmr_type"": ""LIB"", ""num_pages"": ""1"", ""page_size"": ""4096""}",RESOURCE
VMR_100002_310,RESOURCE,VMR,"{""va"": ""0x7f7d57bf2000"", ""vmr_type"": ""LIB"", ""num_pages"": ""1"", ""page_size"": ""4096""}",RESOURCE
VMR_100002_311,RESOURCE,VMR,"{""va"": ""0x7f7d57bf3000"", ""vmr_type"": ""LIB"", ""num_pages"": ""1"", ""page_size"": ""4096""}",RESOURCE
VMR_100002_312,RESOURCE,VMR,"{""va"": ""0x7f7d57bf4000"", ""vmr_type"": ""LIB"", ""num_pages"": ""1"", ""page_size"": ""4096""}",RESOURCE
VMR_100002_313,RESOURCE,VMR,"{""va"": ""0x7f7d57bf5000"", ""vmr_type"": ""LIB"", ""num_pages"": ""1"", ""page_size"": ""4096""}",RESOURCE
VMR_100002_314,RESOURCE,VMR,"{""va"": ""0x7f7d57bf6000"", ""vmr_type"": ""LIB"", ""num_pages"": ""1"", ""page_size"": ""4096""}",RESOURCE
VMR_100002_315,RESOURCE,VMR,"{""va"": ""0x7f7d57bf7000"", ""vmr_type"": ""LIB"", ""num_pages"": ""1"", ""page_size"": ""4096""}",RESOURCE
VMR_100002_316,RESOURCE,VMR,"{""va"": ""0x7f7d57bf8000"", ""vmr_type"": ""LIB"", ""num_pages"": ""1"", ""page_size"": ""4096""}",RESOURCE
VMR_100002_317,RESOURCE,VMR,"{""va"": ""0x7f7d57bf9000"", ""vmr_type"": ""LIB"", ""num_pages"": ""1"", ""page_size"": ""4096""}",RESOURCE
VMR_100002_318,RESOURCE,VMR,"{""va"": ""0x7f7d57bfa000"", ""vmr_type"": ""LIB"", ""num_pages"": ""1"", ""page_size"": ""4096""}",RESOURCE
VMR_100002_319,RESOURCE,VMR,"{""va"": ""0x7f7d57bfb000"", ""vmr_type"": ""LIB"", ""num_pages"": ""1"", ""page_size"": ""4096""}",RESOURCE
VMR_100002_320,RESOURCE,VMR,"{""va"": ""0x7f7d57bfc000"", ""vmr_type"": ""LIB"", ""num_pages"": ""1"", ""page_size"": ""4096""}",RESOURCE
VMR_100002_321,RESOURCE,VMR,"{""va"": ""0x7f7d57bfd000"", ""vmr_type"": ""LIB"", ""num_pages"": ""1"", ""page_size"": ""4096""}",RESOURCE
VMR_100002_322,RESOURCE,VMR,"{""va"": ""0x7f7d57bfe000"", ""vmr_type"": ""LIB"", ""num_pages"": ""1"", ""page_size"": ""4096""}",RESOURCE
VMR_100002_323,RESOURCE,VMR,"{""va"": ""0x7f7d57bff000"", ""vmr_type"": ""LIB"", ""num_pages"": ""1"", ""page_size"": ""4096""}",RESOURCE
VMR_100002_324,RESOURCE,VMR,"{""va"": ""0x7f7d57c00000"", ""vmr_type"": ""LIB"", ""num_pages"": ""1"", ""page_size"": ""4096""}",RESOURCE
VMR_100002_325,RESOURCE,VMR,"{""va"": ""0x7f7d57c01000"", ""vmr_type"": ""LIB"", ""num_pages"": ""1"", ""page_size"": ""4096""}",RESOURCE
VMR_100002_326,RESOURCE,VMR,"{""va"": ""0x7f7d57c02000"", ""vmr_type"": ""LIB"", ""num_pages"": ""1"", ""page_size"": ""4096""}",RESOURCE
VMR_100002_327,RESOURCE,VMR,"{""va"": ""0x7f7d57c03000"", ""vmr_type"": ""LIB"", ""num_pages"": ""1"", ""page_size"": ""4096""}",RESOURCE
VMR_100002_328,RESOURCE,VMR,"{""va"": ""0x7f7d57c04000"", ""vmr_type"": ""LIB"", ""num_pages"": ""1"", ""page_size"": ""4096""}",RESOURCE
VMR_100002_329,RESOURCE,VMR,"{""va"": ""0x7f7d57c05000"", ""vmr_type"": ""LIB"", ""num_pages"": ""1"", ""page_size"": ""4096""}",RESOURCE
VMR_100002_330,RESOURCE,VMR,"{""va"": ""0x7f7d57c06000"", ""vmr_type"": ""LIB"", ""num_pages"": ""1"", ""page_size"": ""4096""}",RESOURCE
VMR_100002_331,RESOURCE,VMR,"{""va"": ""0x7f7d57c07000"", ""vmr_type"": ""LIB"", ""num_pages"": ""1"", ""page_size"": ""4096""}",RESOURCE
VMR_100002_332,RESOURCE,VMR,"{""va"": ""0x7f7d57c08000"", ""vmr_type"": ""LIB"", ""num_pages"": ""1"", ""page_size"": ""4096""}",RESOURCE
VMR_100002_333,RESOURCE,VMR,"{""va"": ""0x7f7d57c09000"", ""vmr_type"": ""LIB"", ""num_pages"": ""1"", ""page_size"": ""4096""}",RESOURCE
VMR_100002_334,RESOURCE,VMR,"{""va"": ""0x7f7d57c0a000"", ""vmr_type"": ""LIB"", ""num_pages"": ""1"", ""page_size"": ""4096""}",RESOURCE
VMR_100002_335,RESOURCE,VMR,"{""va"": ""0x7f7d57c0b000"", ""vmr_type"": ""LIB"", ""num_pages"": ""1"", ""page_size"": ""4096""}",RESOURCE
VMR_100002_336,RESOURCE,VMR,"{""va"": ""0x7f7d57c0c000"", ""vmr_type"": ""LIB"", ""num_pages"": ""1"", ""page_size"": ""4096""}",RESOURCE
VMR_100002_337,RESOURCE,VMR,"{""va"": ""0x7f7d57c0d000"", ""vmr_type"": ""LIB"", ""num_pages"": ""1"", ""page_size"": ""4096""}",RESOURCE
VMR_100002_338,RESOURCE,VMR,"{""va"": ""0x7f7d57c0e000"", ""vmr_type"": ""LIB"", ""num_pages"": ""1"", ""page_size"": ""4096""}",RESOURCE
VMR_100002_339,RESOURCE,VMR,"{""va"": ""0x7f7d57c0f000"", ""vmr_type"": ""LIB"", ""num_pages"": ""1"", ""page_size"": ""4096""}",RESOURCE
VMR_100002_340,RESOURCE,VMR,"{""va"": ""0x7f7d57c10000"", ""vmr_type"": ""LIB"", ""num_pages"": ""1"", ""page_size"": ""4096""}",RESOURCE
VMR_100002_341,RESOURCE,VMR,"{""va"": ""0x7f7d57c11000"", ""vmr_type"": ""LIB"", ""num_pages"": ""1"", ""page_size"": ""4096""}",RESOURCE
VMR_100002_342,RESOURCE,VMR,"{""va"": ""0x7f7d57c12000"", ""vmr_type"": ""LIB"", ""num_pages"": ""1"", ""page_size"": ""4096""}",RESOURCE
VMR_100002_343,RESOURCE,VMR,"{""va"": ""0x7f7d57c13000"", ""vmr_type"": ""LIB"", ""num_pages"": ""1"", ""page_size"": ""4096""}",RESOURCE
VMR_100002_344,RESOURCE,VMR,"{""va"": ""0x7f7d57c14000"", ""vmr_type"": ""LIB"", ""num_pages"": ""1"", ""page_size"": ""4096""}",RESOURCE
VMR_100002_345,RESOURCE,VMR,"{""va"": ""0x7f7d57c15000"", ""vmr_type"": ""LIB"", ""num_pages"": ""1"", ""page_size"": ""4096""}",RESOURCE
VMR_100002_346,RESOURCE,VMR,"{""va"": ""0x7f7d57c16000"", ""vmr_type"": ""LIB"", ""num_pages"": ""1"", ""page_size"": ""4096""}",RESOURCE
VMR_100002_347,RESOURCE,VMR,"{""va"": ""0x7f7d57c17000"", ""vmr_type"": ""LIB"", ""num_pages"": ""1"", ""page_size"": ""4096""}",RESOURCE
VMR_100002_348,RESOURCE,VMR,"{""va"": ""0x7f7d57c18000"", ""vmr_type"": ""LIB"", ""num_pages"": ""1"", ""page_size"": ""4096""}",RESOURCE
VMR_100002_349,RESOURCE,VMR,"{""va"": ""0x7f7d57c19000"", ""vmr_type"": ""LIB"", ""num_pages"": ""1"", ""page_size"": ""4096""}",RESOURCE
VMR_100002_350,RESOURCE,VMR,"{""va"": ""0x7f7d57c1a000"", ""vmr_type"": ""LIB"", ""num_pages"": ""1"", ""page_size"": ""4096""}",RESOURCE
VMR_100002_351,RESOURCE,VMR,"{""va"": ""0x7f7d57c1b000"", ""vmr_type"": ""LIB"", ""num_pages"": ""1"", ""page_size"": ""4096""}",RESOURCE
VMR_100002_352,RESOURCE,VMR,"{""va"": ""0x7f7d57c1c000"", ""vmr_type"": ""LIB"", ""num_pages"": ""1"", ""page_size"": ""4096""}",RESOURCE
VMR_100002_353,RESOURCE,VMR,"{""va"": ""0x7f7d57c1d000"", ""vmr_type"": ""LIB"", ""num_pages"": ""1"", ""page_size"": ""4096""}",RESOURCE
VMR_100002_354,RESOURCE,VMR,"{""va"": ""0x7f7d57c1e000"", ""vmr_type"": ""LIB"", ""num_pages"": ""1"", ""page_size"": ""4096""}",RESOURCE
VMR_100002_355,RESOURCE,VMR,"{""va"": ""0x7f7d57c1f000"", ""vmr_type"": ""LIB"", ""num_pages"": ""1"", ""page_size"": ""4096""}",RESOURCE
VMR_100002_356,RESOURCE,VMR,"{""va"": ""0x7f7d57c20000"", ""vmr_type"": ""LIB"", ""num_pages"": ""1"", ""page_size"": ""4096""}",RESOURCE
VMR_100002_357,RESOURCE,VMR,"{""va"": ""0x7f7d57c21000"", ""vmr_type"": ""LIB"", ""num_pages"": ""1"", ""page_size"": ""4096""}",RESOURCE
VMR_100002_358,RESOURCE,VMR,"{""va"": ""0x7f7d57c22000"", ""vmr_type"": ""LIB"", ""num_pages"": ""1"", ""page_size"": ""4096""}",RESOURCE
VMR_100002_359,RESOURCE,VMR,"{""va"": ""0x7f7d57c23000"", ""vmr_type"": ""LIB"", ""num_pages"": ""1"", ""page_size"": ""4096""}",RESOURCE
VMR_100002_360,RESOURCE,VMR,"{""va"": ""0x7f7d57c24000"", ""vmr_type"": ""LIB"", ""num_pages"": ""1"", ""page_size"": ""4096""}",RESOURCE
VMR_100002_361,RESOURCE,VMR,"{""va"": ""0x7f7d57c25000"", ""vmr_type"": ""LIB"", ""num_pages"": ""1"", ""page_size"": ""4096""}",RESOURCE
VMR_100002_362,RESOURCE,VMR,"{""va"": ""0x7f7d57c26000"", ""vmr_type"": ""LIB"", ""num_pages"": ""1"", ""page_size"": ""4096""}",RESOURCE
VMR_100002_363,RESOURCE,VMR,"{""va"": ""0x7f7d57c27000"", ""vmr_type"": ""LIB"", ""num_pages"": ""1"", ""page_size"": ""4096""}",RESOURCE
VMR_100002_364,RESOURCE,VMR,"{""va"": ""0x7f7d57c28000"", ""vmr_type"": ""LIB"", ""num_pages"": ""1"", ""page_size"": ""4096""}",RESOURCE
VMR_100002_365,RESOURCE,VMR,"{""va"": ""0x7f7d57c29000"", ""vmr_type"": ""LIB"", ""num_pages"": ""1"", ""page_size"": ""4096""}",RESOURCE
VMR_100002_366,RESOURCE,VMR,"{""va"": ""0x7f7d57c2a000"", ""vmr_type"": ""LIB"", ""num_pages"": ""1"", ""page_size"": ""4096""}",RESOURCE
VMR_100002_367,RESOURCE,VMR,"{""va"": ""0x7f7d57c2b000"", ""vmr_type"": ""LIB"", ""num_pages"": ""1"", ""page_size"": ""4096""}",RESOURCE
VMR_100002_368,RESOURCE,VMR,"{""va"": ""0x7f7d57c2c000"", ""vmr_type"": ""LIB"", ""num_pages"": ""1"", ""page_size"": ""4096""}",RESOURCE
VMR_100002_369,RESOURCE,VMR,"{""va"": ""0x7f7d57c2d000"", ""vmr_type"": ""LIB"", ""num_pages"": ""1"", ""page_size"": ""4096""}",RESOURCE
VMR_100002_370,RESOURCE,VMR,"{""va"": ""0x7f7d57c2e000"", ""vmr_type"": ""LIB"", ""num_pages"": ""1"", ""page_size"": ""4096""}",RESOURCE
VMR_100002_371,RESOURCE,VMR,"{""va"": ""0x7f7d57c2f000"", ""vmr_type"": ""LIB"", ""num_pages"": ""1"", ""page_size"": ""4096""}",RESOURCE
VMR_100002_372,RESOURCE,VMR,"{""va"": ""0x7f7d57c30000"", ""vmr_type"": ""LIB"", ""num_pages"": ""1"", ""page_size"": ""4096""}",RESOURCE
VMR_100002_373,RESOURCE,VMR,"{""va"": ""0x7f7d57c31000"", ""vmr_type"": ""LIB"", ""num_pages"": ""1"", ""page_size"": ""4096""}",RESOURCE
VMR_100002_374,RESOURCE,VMR,"{""va"": ""0x7f7d57c32000"", ""vmr_type"": ""LIB"", ""num_pages"": ""1"", ""page_size"": ""4096""}",RESOURCE
VMR_100002_375,RESOURCE,VMR,"{""va"": ""0x7f7d57c33000"", ""vmr_type"": ""LIB"", ""num_pages"": ""1"", ""page_size"": ""4096""}",RESOURCE
VMR_100002_376,RESOURCE,VMR,"{""va"": ""0x7f7d57c34000"", ""vmr_type"": ""LIB"", ""num_pages"": ""1"", ""page_size"": ""4096""}",RESOURCE
VMR_100002_377,RESOURCE,VMR,"{""va"": ""0x7f7d57c35000"", ""vmr_type"": ""LIB"", ""num_pages"": ""1"", ""page_size"": ""4096""}",RESOURCE
VMR_100002_378,RESOURCE,VMR,"{""va"": ""0x7f7d57c36000"", ""vmr_type"": ""LIB"", ""num_pages"": ""1"", ""page_size"": ""4096""}",RESOURCE
VMR_100002_379,RESOURCE,VMR,"{""va"": ""0x7f7d57c37000"", ""vmr_type"": ""LIB"", ""num_pages"": ""1"", ""page_size"": ""4096""}",RESOURCE
VMR_100002_380,RESOURCE,VMR,"{""va"": ""0x7f7d57c38000"", ""vmr_type"": ""LIB"", ""num_pages"": ""1"", ""page_size"": ""4096""}",RESOURCE
VMR_100002_381,RESOURCE,VMR,"{""va"": ""0x7f7d57c39000"", ""vmr_type"": ""LIB"", ""num_pages"": ""1"", ""page_size"": ""4096""}",RESOURCE
VMR_100002_382,RESOURCE,VMR,"{""va"": ""0x7f7d57c3a000"", ""vmr_type"": ""LIB"", ""num_pages"": ""1"", ""page_size"": ""4096""}",RESOURCE
VMR_100002_383,RESOURCE,VMR,"{""va"": ""0x7f7d57c3b000"", ""vmr_type"": ""LIB"", ""num_pages"": ""1"", ""page_size"": ""4096""}",RESOURCE
VMR_100002_384,RESOURCE,VMR,"{""va"": ""0x7f7d57c3c000"", ""vmr_type"": ""LIB"", ""num_pages"": ""1"", ""page_size"": ""4096""}",RESOURCE
VMR_100002_385,RESOURCE,VMR,"{""va"": ""0x7f7d57c3d000"", ""vmr_type"": ""LIB"", ""num_pages"": ""1"", ""page_size"": ""4096""}",RESOURCE
VMR_100002_386,RESOURCE,VMR,"{""va"": ""0x7f7d57c3e000"", ""vmr_type"": ""LIB"", ""num_pages"": ""1"", ""page_size"": ""4096""}",RESOURCE
VMR_100002_387,RESOURCE,VMR,"{""va"": ""0x7f7d57c3f000"", ""vmr_type"": ""LIB"", ""num_pages"": ""1"", ""page_size"": ""4096""}",RESOURCE
VMR_100002_388,RESOURCE,VMR,"{""va"": ""0x7f7d57c40000"", ""vmr_type"": ""LIB"", ""num_pages"": ""1"", ""page_size"": ""4096""}",RESOURCE
VMR_100002_389,RESOURCE,VMR,"{""va"": ""0x7f7d57c41000"", ""vmr_type"": ""LIB"", ""num_pages"": ""1"", ""page_size"": ""4096""}",RESOURCE
VMR_100002_390,RESOURCE,VMR,"{""va"": ""0x7f7d57c42000"", ""vmr_type"": ""LIB"", ""num_pages"": ""1"", ""page_size"": ""4096""}",RESOURCE
VMR_100002_391,RESOURCE,VMR,"{""va"": ""0x7f7d57c43000"", ""vmr_type"": ""LIB"", ""num_pages"": ""1"", ""page_size"": ""4096""}",RESOURCE
VMR_100002_392,RESOURCE,VMR,"{""va"": ""0x7f7d57c44000"", ""vmr_type"": ""LIB"", ""num_pages"": ""1"", ""page_size"": ""4096""}",RESOURCE
VMR_100002_393,RESOURCE,VMR,"{""va"": ""0x7f7d57c45000"", ""vmr_type"": ""LIB"", ""num_pages"": ""1"", ""page_size"": ""4096""}",RESOURCE
VMR_100002_394,RESOURCE,VMR,"{""va"": ""0x7f7d57c46000"", ""vmr_type"": ""LIB"", ""num_pages"": ""1"", ""page_size"": ""4096""}",RESOURCE
VMR_100002_395,RESOURCE,VMR,"{""va"": ""0x7f7d57c47000"", ""vmr_type"": ""LIB"", ""num_pages"": ""1"", ""page_size"": ""4096""}",RESOURCE
VMR_100002_396,RESOURCE,VMR,"{""va"": ""0x7f7d57c48000"", ""vmr_type"": ""LIB"", ""num_pages"": ""1"", ""page_size"": ""4096""}",RESOURCE
VMR_100002_397,RESOURCE,VMR,"{""va"": ""0x7f7d57c49000"", ""vmr_type"": ""LIB"", ""num_pages"": ""1"", ""page_size"": ""4096""}",RESOURCE
VMR_100002_398,RESOURCE,VMR,"{""va"": ""0x7f7d57c4a000"", ""vmr_type"": ""LIB"", ""num_pages"": ""1"", ""page_size"": ""4096""}",RESOURCE
VMR_100002_399,RESOURCE,VMR,"{""va"": ""0x7f7d57c4b000"", ""vmr_type"": ""LIB"", ""num_pages"": ""1"", ""page_size"": ""4096""}",RESOURCE
VMR_100002_400,RESOURCE,VMR,"{""va"": ""0x7f7d57c4c000"", ""vmr_type"": ""LIB"", ""num_pages"": ""1"", ""page_size"": ""4096""}",RESOURCE
VMR_100002_401,RESOURCE,VMR,"{""va"": ""0x7f7d57c4d000"", ""vmr_type"": ""LIB"", ""num_pages"": ""1"", ""page_size"": ""4096""}",RESOURCE
VMR_100002_402,RESOURCE,VMR,"{""va"": ""0x7f7d57c4e000"", ""vmr_type"": ""LIB"", ""num_pages"": ""1"", ""page_size"": ""4096""}",RESOURCE
VMR_100002_403,RESOURCE,VMR,"{""va"": ""0x7f7d57c4f000"", ""vmr_type"": ""LIB"", ""num_pages"": ""1"", ""page_size"": ""4096""}",RESOURCE
VMR_100002_404,RESOURCE,VMR,"{""va"": ""0x7f7d57c50000"", ""vmr_type"": ""LIB"", ""num_pages"": ""1"", ""page_size"": ""4096""}",RESOURCE
VMR_100002_405,RESOURCE,VMR,"{""va"": ""0x7f7d57c51000"", ""vmr_type"": ""LIB"", ""num_pages"": ""1"", ""page_size"": ""4096""}",RESOURCE
VMR_100002_406,RESOURCE,VMR,"{""va"": ""0x7f7d57c52000"", ""vmr_type"": ""LIB"", ""num_pages"": ""1"", ""page_size"": ""4096""}",RESOURCE
VMR_100002_407,RESOURCE,VMR,"{""va"": ""0x7f7d57c53000"", ""vmr_type"": ""LIB"", ""num_pages"": ""1"", ""page_size"": ""4096""}",RESOURCE
VMR_100002_408,RESOURCE,VMR,"{""va"": ""0x7f7d57c54000"", ""vmr_type"": ""LIB"", ""num_pages"": ""1"", ""page_size"": ""4096""}",RESOURCE
VMR_100002_409,RESOURCE,VMR,"{""va"": ""0x7f7d57c55000"", ""vmr_type"": ""LIB"", ""num_pages"": ""1"", ""page_size"": ""4096""}",RESOURCE
VMR_100002_410,RESOURCE,VMR,"{""va"": ""0x7f7d57c56000"", ""vmr_type"": ""LIB"", ""num_pages"": ""1"", ""page_size"": ""4096""}",RESOURCE
VMR_100002_411,RESOURCE,VMR,"{""va"": ""0x7f7d57c57000"", ""vmr_type"": ""LIB"", ""num_pages"": ""1"", ""page_size"": ""4096""}",RESOURCE
VMR_100002_412,RESOURCE,VMR,"{""va"": ""0x7f7d57c58000"", ""vmr_type"": ""LIB"", ""num_pages"": ""1"", ""page_size"": ""4096""}",RESOURCE
VMR_100002_413,RESOURCE,VMR,"{""va"": ""0x7f7d57c59000"", ""vmr_type"": ""LIB"", ""num_pages"": ""1"", ""page_size"": ""4096""}",RESOURCE
VMR_100002_414,RESOURCE,VMR,"{""va"": ""0x7f7d57c5a000"", ""vmr_type"": ""LIB"", ""num_pages"": ""1"", ""page_size"": ""4096""}",RESOURCE
VMR_100002_415,RESOURCE,VMR,"{""va"": ""0x7f7d57c5b000"", ""vmr_type"": ""LIB"", ""num_pages"": ""1"", ""page_size"": ""4096""}",RESOURCE
VMR_100002_416,RESOURCE,VMR,"{""va"": ""0x7f7d57c5c000"", ""vmr_type"": ""LIB"", ""num_pages"": ""1"", ""page_size"": ""4096""}",RESOURCE
VMR_100002_417,RESOURCE,VMR,"{""va"": ""0x7f7d57c5d000"", ""vmr_type"": ""LIB"", ""num_pages"": ""1"", ""page_size"": ""4096""}",RESOURCE
VMR_100002_418,RESOURCE,VMR,"{""va"": ""0x7f7d57c5e000"", ""vmr_type"": ""LIB"", ""num_pages"": ""1"", ""page_size"": ""4096""}",RESOURCE
VMR_100002_419,RESOURCE,VMR,"{""va"": ""0x7f7d57c5f000"", ""vmr_type"": ""LIB"", ""num_pages"": ""1"", ""page_size"": ""4096""}",RESOURCE
VMR_100002_420,RESOURCE,VMR,"{""va"": ""0x7f7d57c60000"", ""vmr_type"": ""LIB"", ""num_pages"": ""1"", ""page_size"": ""4096""}",RESOURCE
VMR_100002_421,RESOURCE,VMR,"{""va"": ""0x7f7d57c61000"", ""vmr_type"": ""LIB"", ""num_pages"": ""1"", ""page_size"": ""4096""}",RESOURCE
VMR_100002_422,RESOURCE,VMR,"{""va"": ""0x7f7d57c62000"", ""vmr_type"": ""LIB"", ""num_pages"": ""1"", ""page_size"": ""4096""}",RESOURCE
VMR_100002_423,RESOURCE,VMR,"{""va"": ""0x7f7d57c63000"", ""vmr_type"": ""LIB"", ""num_pages"": ""1"", ""page_size"": ""4096""}",RESOURCE
VMR_100002_424,RESOURCE,VMR,"{""va"": ""0x7f7d57c64000"", ""vmr_type"": ""LIB"", ""num_pages"": ""1"", ""page_size"": ""4096""}",RESOURCE
VMR_100002_425,RESOURCE,VMR,"{""va"": ""0x7f7d57c65000"", ""vmr_type"": ""LIB"", ""num_pages"": ""1"", ""page_size"": ""4096""}",RESOURCE
VMR_100002_426,RESOURCE,VMR,"{""va"": ""0x7f7d57c66000"", ""vmr_type"": ""LIB"", ""num_pages"": ""1"", ""page_size"": ""4096""}",RESOURCE
VMR_100002_427,RESOURCE,VMR,"{""va"": ""0x7f7d57c67000"", ""vmr_type"": ""LIB"", ""num_pages"": ""1"", ""page_size"": ""4096""}",RESOURCE
VMR_100002_428,RESOURCE,VMR,"{""va"": ""0x7f7d57c68000"", ""vmr_type"": ""LIB"", ""num_pages"": ""1"", ""page_size"": ""4096""}",RESOURCE
VMR_100002_429,RESOURCE,VMR,"{""va"": ""0x7f7d57c69000"", ""vmr_type"": ""LIB"", ""num_pages"": ""1"", ""page_size"": ""4096""}",RESOURCE
VMR_100002_430,RESOURCE,VMR,"{""va"": ""0x7f7d57c6a000"", ""vmr_type"": ""LIB"", ""num_pages"": ""1"", ""page_size"": ""4096""}",RESOURCE
VMR_100002_431,RESOURCE,VMR,"{""va"": ""0x7f7d57c6b000"", ""vmr_type"": ""LIB"", ""num_pages"": ""1"", ""page_size"": ""4096""}",RESOURCE
VMR_100002_432,RESOURCE,VMR,"{""va"": ""0x7f7d57c6c000"", ""vmr_type"": ""LIB"", ""num_pages"": ""1"", ""page_size"": ""4096""}",RESOURCE
VMR_100002_433,RESOURCE,VMR,"{""va"": ""0x7f7d57c6d000"", ""vmr_type"": ""LIB"", ""num_pages"": ""1"", ""page_size"": ""4096""}",RESOURCE
VMR_100002_434,RESOURCE,VMR,"{""va"": ""0x7f7d57c6e000"", ""vmr_type"": ""LIB"", ""num_pages"": ""1"", ""page_size"": ""4096""}",RESOURCE
VMR_100002_435,RESOURCE,VMR,"{""va"": ""0x7f7d57c6f000"", ""vmr_type"": ""LIB"", ""num_pages"": ""1"", ""page_size"": ""4096""}",RESOURCE
VMR_100002_436,RESOURCE,VMR,"{""va"": ""0x7f7d57c70000"", ""vmr_type"": ""LIB"", ""num_pages"": ""1"", ""page_size"": ""4096""}",RESOURCE
VMR_100002_437,RESOURCE,VMR,"{""va"": ""0x7f7d57c71000"", ""vmr_type"": ""LIB"", ""num_pages"": ""1"", ""page_size"": ""4096""}",RESOURCE
VMR_100002_438,RESOURCE,VMR,"{""va"": ""0x7f7d57c72000"", ""vmr_type"": ""LIB"", ""num_pages"": ""1"", ""page_size"": ""4096""}",RESOURCE
VMR_100002_439,RESOURCE,VMR,"{""va"": ""0x7f7d57c73000"", ""vmr_type"": ""LIB"", ""num_pages"": ""1"", ""page_size"": ""4096""}",RESOURCE
VMR_100002_440,RESOURCE,VMR,"{""va"": ""0x7f7d57c74000"", ""vmr_type"": ""LIB"", ""num_pages"": ""1"", ""page_size"": ""4096""}",RESOURCE
VMR_100002_441,RESOURCE,VMR,"{""va"": ""0x7f7d57c75000"", ""vmr_type"": ""LIB"", ""num_pages"": ""1"", ""page_size"": ""4096""}",RESOURCE
VMR_100002_442,RESOURCE,VMR,"{""va"": ""0x7f7d57c76000"", ""vmr_type"": ""LIB"", ""num_pages"": ""1"", ""page_size"": ""4096""}",RESOURCE
VMR_100002_443,RESOURCE,VMR,"{""va"": ""0x7f7d57c77000"", ""vmr_type"": ""LIB"", ""num_pages"": ""1"", ""page_size"": ""4096""}",RESOURCE
VMR_100002_444,RESOURCE,VMR,"{""va"": ""0x7f7d57c78000"", ""vmr_type"": ""LIB"", ""num_pages"": ""1"", ""page_size"": ""4096""}",RESOURCE
VMR_100002_445,RESOURCE,VMR,"{""va"": ""0x7f7d57c79000"", ""vmr_type"": ""LIB"", ""num_pages"": ""1"", ""page_size"": ""4096""}",RESOURCE
VMR_100002_446,RESOURCE,VMR,"{""va"": ""0x7f7d57c7a000"", ""vmr_type"": ""LIB"", ""num_pages"": ""1"", ""page_size"": ""4096""}",RESOURCE
VMR_100002_447,RESOURCE,VMR,"{""va"": ""0x7f7d57c7b000"", ""vmr_type"": ""LIB"", ""num_pages"": ""1"", ""page_size"": ""4096""}",RESOURCE
VMR_100002_448,RESOURCE,VMR,"{""va"": ""0x7f7d57c7c000"", ""vmr_type"": ""LIB"", ""num_pages"": ""1"", ""page_size"": ""4096""}",RESOURCE
VMR_100002_449,RESOURCE,VMR,"{""va"": ""0x7f7d57c7d000"", ""vmr_type"": ""LIB"", ""num_pages"": ""1"", ""page_size"": ""4096""}",RESOURCE
VMR_100002_450,RESOURCE,VMR,"{""va"": ""0x7f7d57c7e000"", ""vmr_type"": ""LIB"", ""num_pages"": ""1"", ""page_size"": ""4096""}",RESOURCE
VMR_100002_451,RESOURCE,VMR,"{""va"": ""0x7f7d57c7f000"", ""vmr_type"": ""LIB"", ""num_pages"": ""1"", ""page_size"": ""4096""}",RESOURCE
VMR_100002_452,RESOURCE,VMR,"{""va"": ""0x7f7d57c80000"", ""vmr_type"": ""LIB"", ""num_pages"": ""1"", ""page_size"": ""4096""}",RESOURCE
VMR_100002_453,RESOURCE,VMR,"{""va"": ""0x7f7d57c81000"", ""vmr_type"": ""LIB"", ""num_pages"": ""1"", ""page_size"": ""4096""}",RESOURCE
VMR_100002_454,RESOURCE,VMR,"{""va"": ""0x7f7d57c82000"", ""vmr_type"": ""LIB"", ""num_pages"": ""1"", ""page_size"": ""4096""}",RESOURCE
VMR_100002_455,RESOURCE,VMR,"{""va"": ""0x7f7d57c83000"", ""vmr_type"": ""LIB"", ""num_pages"": ""1"", ""page_size"": ""4096""}",RESOURCE
VMR_100002_456,RESOURCE,VMR,"{""va"": ""0x7f7d57c84000"", ""vmr_type"": ""LIB"", ""num_pages"": ""1"", ""page_size"": ""4096""}",RESOURCE
VMR_100002_457,RESOURCE,VMR,"{""va"": ""0x7f7d57c85000"", ""vmr_type"": ""LIB"", ""num_pages"": ""1"", ""page_size"": ""4096""}",RESOURCE
VMR_100002_458,RESOURCE,VMR,"{""va"": ""0x7f7d57c86000"", ""vmr_type"": ""LIB"", ""num_pages"": ""1"", ""page_size"": ""4096""}",RESOURCE
VMR_100002_459,RESOURCE,VMR,"{""va"": ""0x7f7d57c87000"", ""vmr_type"": ""LIB"", ""num_pages"": ""1"", ""page_size"": ""4096""}",RESOURCE
VMR_100002_460,RESOURCE,VMR,"{""va"": ""0x7f7d57c88000"", ""vmr_type"": ""LIB"", ""num_pages"": ""1"", ""page_size"": ""4096""}",RESOURCE
VMR_100002_461,RESOURCE,VMR,"{""va"": ""0x7f7d57c89000"", ""vmr_type"": ""NONE"", ""num_pages"": ""1"", ""page_size"": ""4096""}",RESOURCE
VMR_100002_462,RESOURCE,VMR,"{""va"": ""0x7f7d57c8a000"", ""vmr_type"": ""NONE"", ""num_pages"": ""1"", ""page_size"": ""4096""}",RESOURCE
VMR_100002_463,RESOURCE,VMR,"{""va"": ""0x7f7d57c8b000"", ""vmr_type"": ""NONE"", ""num_pages"": ""1"", ""page_size"": ""4096""}",RESOURCE
VMR_100002_464,RESOURCE,VMR,"{""va"": ""0x7f7d57c8c000"", ""vmr_type"": ""NONE"", ""num_pages"": ""1"", ""page_size"": ""4096""}",RESOURCE
VMR_100002_465,RESOURCE,VMR,"{""va"": ""0x7f7d57c8d000"", ""vmr_type"": ""NONE"", ""num_pages"": ""1"", ""page_size"": ""4096""}",RESOURCE
VMR_100002_466,RESOURCE,VMR,"{""va"": ""0x7f7d57c8e000"", ""vmr_type"": ""NONE"", ""num_pages"": ""1"", ""page_size"": ""4096""}",RESOURCE
VMR_100002_467,RESOURCE,VMR,"{""va"": ""0x7f7d57c8f000"", ""vmr_type"": ""NONE"", ""num_pages"": ""1"", ""page_size"": ""4096""}",RESOURCE
VMR_100002_468,RESOURCE,VMR,"{""va"": ""0x7f7d57c90000"", ""vmr_type"": ""NONE"", ""num_pages"": ""1"", ""page_size"": ""4096""}",RESOURCE
VMR_100002_469,RESOURCE,VMR,"{""va"": ""0x7f7d57c91000"", ""vmr_type"": ""NONE"", ""num_pages"": ""1"", ""page_size"": ""4096""}",RESOURCE
VMR_100002_470,RESOURCE,VMR,"{""va"": ""0x7f7d57c92000"", ""vmr_type"": ""NONE"", ""num_pages"": ""1"", ""page_size"": ""4096""}",RESOURCE
VMR_100002_471,RESOURCE,VMR,"{""va"": ""0x7f7d57c93000"", ""vmr_type"": ""NONE"", ""num_pages"": ""1"", ""page_size"": ""4096""}",RESOURCE
VMR_100002_472,RESOURCE,VMR,"{""va"": ""0x7f7d57c94000"", ""vmr_type"": ""NONE"", ""num_pages"": ""1"", ""page_size"": ""4096""}",RESOURCE
VMR_100002_473,RESOURCE,VMR,"{""va"": ""0x7f7d57c95000"", ""vmr_type"": ""NONE"", ""num_pages"": ""1"", ""page_size"": ""4096""}",RESOURCE
VMR_100002_474,RESOURCE,VMR,"{""va"": ""0x7f7d57c96000"", ""vmr_type"": ""NONE"", ""num_pages"": ""1"", ""page_size"": ""4096""}",RESOURCE
VMR_100002_475,RESOURCE,VMR,"{""va"": ""0x7f7d57c97000"", ""vmr_type"": ""NONE"", ""num_pages"": ""1"", ""page_size"": ""4096""}",RESOURCE
VMR_100002_476,RESOURCE,VMR,"{""va"": ""0x7f7d57c98000"", ""vmr_type"": ""LIB"", ""num_pages"": ""1"", ""page_size"": ""4096""}",RESOURCE
VMR_100002_477,RESOURCE,VMR,"{""va"": ""0x7f7d57c99000"", ""vmr_type"": ""LIB"", ""num_pages"": ""1"", ""page_size"": ""4096""}",RESOURCE
VMR_100002_478,RESOURCE,VMR,"{""va"": ""0x7f7d57c9a000"", ""vmr_type"": ""LIB"", ""num_pages"": ""1"", ""page_size"": ""4096""}",RESOURCE
VMR_100002_479,RESOURCE,VMR,"{""va"": ""0x7f7d57c9b000"", ""vmr_type"": ""LIB"", ""num_pages"": ""1"", ""page_size"": ""4096""}",RESOURCE
VMR_100002_480,RESOURCE,VMR,"{""va"": ""0x7f7d57c9c000"", ""vmr_type"": ""LIB"", ""num_pages"": ""1"", ""page_size"": ""4096""}",RESOURCE
VMR_100002_481,RESOURCE,VMR,"{""va"": ""0x7f7d57c9d000"", ""vmr_type"": ""LIB"", ""num_pages"": ""1"", ""page_size"": ""4096""}",RESOURCE
VMR_100002_482,RESOURCE,VMR,"{""va"": ""0x7f7d57c9e000"", ""vmr_type"": ""LIB"", ""num_pages"": ""1"", ""page_size"": ""4096""}",RESOURCE
VMR_100002_483,RESOURCE,VMR,"{""va"": ""0x7f7d57c9f000"", ""vmr_type"": ""LIB"", ""num_pages"": ""1"", ""page_size"": ""4096""}",RESOURCE
VMR_100002_484,RESOURCE,VMR,"{""va"": ""0x7f7d57ca0000"", ""vmr_type"": ""LIB"", ""num_pages"": ""1"", ""page_size"": ""4096""}",RESOURCE
VMR_100002_485,RESOURCE,VMR,"{""va"": ""0x7f7d57ca1000"", ""vmr_type"": ""LIB"", ""num_pages"": ""1"", ""page_size"": ""4096""}",RESOURCE
VMR_100002_486,RESOURCE,VMR,"{""va"": ""0x7f7d57ca2000"", ""vmr_type"": ""LIB"", ""num_pages"": ""1"", ""page_size"": ""4096""}",RESOURCE
VMR_100002_487,RESOURCE,VMR,"{""va"": ""0x7f7d57ca3000"", ""vmr_type"": ""LIB"", ""num_pages"": ""1"", ""page_size"": ""4096""}",RESOURCE
VMR_100002_488,RESOURCE,VMR,"{""va"": ""0x7f7d57ca4000"", ""vmr_type"": ""LIB"", ""num_pages"": ""1"", ""page_size"": ""4096""}",RESOURCE
VMR_100002_489,RESOURCE,VMR,"{""va"": ""0x7f7d57ca5000"", ""vmr_type"": ""LIB"", ""num_pages"": ""1"", ""page_size"": ""4096""}",RESOURCE
VMR_100002_490,RESOURCE,VMR,"{""va"": ""0x7f7d57ca6000"", ""vmr_type"": ""LIB"", ""num_pages"": ""1"", ""page_size"": ""4096""}",RESOURCE
VMR_100002_491,RESOURCE,VMR,"{""va"": ""0x7f7d57ca7000"", ""vmr_type"": ""LIB"", ""num_pages"": ""1"", ""page_size"": ""4096""}",RESOURCE
VMR_100002_492,RESOURCE,VMR,"{""va"": ""0x7f7d57ca8000"", ""vmr_type"": ""LIB"", ""num_pages"": ""1"", ""page_size"": ""4096""}",RESOURCE
VMR_100002_493,RESOURCE,VMR,"{""va"": ""0x7f7d57ca9000"", ""vmr_type"": ""LIB"", ""num_pages"": ""1"", ""page_size"": ""4096""}",RESOURCE
VMR_100002_494,RESOURCE,VMR,"{""va"": ""0x7f7d57caa000"", ""vmr_type"": ""LIB"", ""num_pages"": ""1"", ""page_size"": ""4096""}",RESOURCE
VMR_100002_495,RESOURCE,VMR,"{""va"": ""0x7f7d57cab000"", ""vmr_type"": ""LIB"", ""num_pages"": ""1"", ""page_size"": ""4096""}",RESOURCE
VMR_100002_496,RESOURCE,VMR,"{""va"": ""0x7f7d57cac000"", ""vmr_type"": ""LIB"", ""num_pages"": ""1"", ""page_size"": ""4096""}",RESOURCE
VMR_100002_497,RESOURCE,VMR,"{""va"": ""0x7f7d57cad000"", ""vmr_type"": ""LIB"", ""num_pages"": ""1"", ""page_size"": ""4096""}",RESOURCE
VMR_100002_498,RESOURCE,VMR,"{""va"": ""0x7f7d57cae000"", ""vmr_type"": ""LIB"", ""num_pages"": ""1"", ""page_size"": ""4096""}",RESOURCE
VMR_100002_499,RESOURCE,VMR,"{""va"": ""0x7f7d57caf000"", ""vmr_type"": ""LIB"", ""num_pages"": ""1"", ""page_size"": ""4096""}",RESOURCE
VMR_100002_500,RESOURCE,VMR,"{""va"": ""0x7f7d57cb0000"", ""vmr_type"": ""LIB"", ""num_pages"": ""1"", ""page_size"": ""4096""}",RESOURCE
VMR_100002_501,RESOURCE,VMR,"{""va"": ""0x7f7d57cb1000"", ""vmr_type"": ""LIB"", ""num_pages"": ""1"", ""page_size"": ""4096""}",RESOURCE
VMR_100002_502,RESOURCE,VMR,"{""va"": ""0x7f7d57cb2000"", ""vmr_type"": ""LIB"", ""num_pages"": ""1"", ""page_size"": ""4096""}",RESOURCE
VMR_100002_503,RESOURCE,VMR,"{""va"": ""0x7f7d57cb3000"", ""vmr_type"": ""LIB"", ""num_pages"": ""1"", ""page_size"": ""4096""}",RESOURCE
VMR_100002_504,RESOURCE,VMR,"{""va"": ""0x7f7d57cb4000"", ""vmr_type"": ""LIB"", ""num_pages"": ""1"", ""page_size"": ""4096""}",RESOURCE
VMR_100002_505,RESOURCE,VMR,"{""va"": ""0x7f7d57cb5000"", ""vmr_type"": ""LIB"", ""num_pages"": ""1"", ""page_size"": ""4096""}",RESOURCE
VMR_100002_506,RESOURCE,VMR,"{""va"": ""0x7f7d57cb6000"", ""vmr_type"": ""LIB"", ""num_pages"": ""1"", ""page_size"": ""4096""}",RESOURCE
VMR_100002_507,RESOURCE,VMR,"{""va"": ""0x7f7d57cb7000"", ""vmr_type"": ""LIB"", ""num_pages"": ""1"", ""page_size"": ""4096""}",RESOURCE
VMR_100002_508,RESOURCE,VMR,"{""va"": ""0x7f7d57cb8000"", ""vmr_type"": ""LIB"", ""num_pages"": ""1"", ""page_size"": ""4096""}",RESOURCE
VMR_100002_509,RESOURCE,VMR,"{""va"": ""0x7f7d57cb9000"", ""vmr_type"": ""LIB"", ""num_pages"": ""1"", ""page_size"": ""4096""}",RESOURCE
VMR_100002_510,RESOURCE,VMR,"{""va"": ""0x7f7d57cba000"", ""vmr_type"": ""LIB"", ""num_pages"": ""1"", ""page_size"": ""4096""}",RESOURCE
VMR_100002_511,RESOURCE,VMR,"{""va"": ""0x7f7d57cbb000"", ""vmr_type"": ""LIB"", ""num_pages"": ""1"", ""page_size"": ""4096""}",RESOURCE
VMR_100002_512,RESOURCE,VMR,"{""va"": ""0x7f7d57cbc000"", ""vmr_type"": ""LIB"", ""num_pages"": ""1"", ""page_size"": ""4096""}",RESOURCE
VMR_100002_513,RESOURCE,VMR,"{""va"": ""0x7f7d57cbd000"", ""vmr_type"": ""LIB"", ""num_pages"": ""1"", ""page_size"": ""4096""}",RESOURCE
VMR_100002_514,RESOURCE,VMR,"{""va"": ""0x7f7d57cbe000"", ""vmr_type"": ""LIB"", ""num_pages"": ""1"", ""page_size"": ""4096""}",RESOURCE
VMR_100002_515,RESOURCE,VMR,"{""va"": ""0x7f7d57cbf000"", ""vmr_type"": ""LIB"", ""num_pages"": ""1"", ""page_size"": ""4096""}",RESOURCE
VMR_100002_516,RESOURCE,VMR,"{""va"": ""0x7f7d57cc0000"", ""vmr_type"": ""LIB"", ""num_pages"": ""1"", ""page_size"": ""4096""}",RESOURCE
VMR_100002_517,RESOURCE,VMR,"{""va"": ""0x7f7d57cc1000"", ""vmr_type"": ""LIB"", ""num_pages"": ""1"", ""page_size"": ""4096""}",RESOURCE
VMR_100002_518,RESOURCE,VMR,"{""va"": ""0x7f7d57cc2000"", ""vmr_type"": ""LIB"", ""num_pages"": ""1"", ""page_size"": ""4096""}",RESOURCE
VMR_100002_519,RESOURCE,VMR,"{""va"": ""0x7f7d57cc3000"", ""vmr_type"": ""LIB"", ""num_pages"": ""1"", ""page_size"": ""4096""}",RESOURCE
VMR_100002_520,RESOURCE,VMR,"{""va"": ""0x7f7d57cc5000"", ""vmr_type"": ""LIB"", ""num_pages"": ""1"", ""page_size"": ""4096""}",RESOURCE
VMR_100002_521,RESOURCE,VMR,"{""va"": ""0x7f7d57cc6000"", ""vmr_type"": ""LIB"", ""num_pages"": ""1"", ""page_size"": ""4096""}",RESOURCE
VMR_100002_522,RESOURCE,VMR,"{""va"": ""0x7f7d57cc7000"", ""vmr_type"": ""LIB"", ""num_pages"": ""1"", ""page_size"": ""4096""}",RESOURCE
VMR_100002_523,RESOURCE,VMR,"{""va"": ""0x7f7d57cc8000"", ""vmr_type"": ""LIB"", ""num_pages"": ""1"", ""page_size"": ""4096""}",RESOURCE
VMR_100002_524,RESOURCE,VMR,"{""va"": ""0x7fff592fd000"", ""vmr_type"": ""STACK"", ""num_pages"": ""1"", ""page_size"": ""4096""}",RESOURCE
VMR_100002_525,RESOURCE,VMR,"{""va"": ""0x7fff592fe000"", ""vmr_type"": ""STACK"", ""num_pages"": ""1"", ""page_size"": ""4096""}",RESOURCE
VMR_100002_526,RESOURCE,VMR,"{""va"": ""0x7fff592ff000"", ""vmr_type"": ""STACK"", ""num_pages"": ""1"", ""page_size"": ""4096""}",RESOURCE
VMR_100002_527,RESOURCE,VMR,"{""va"": ""0x7fff59300000"", ""vmr_type"": ""STACK"", ""num_pages"": ""1"", ""page_size"": ""4096""}",RESOURCE
VMR_100002_528,RESOURCE,VMR,"{""va"": ""0x7fff59301000"", ""vmr_type"": ""STACK"", ""num_pages"": ""1"", ""page_size"": ""4096""}",RESOURCE
VMR_100002_529,RESOURCE,VMR,"{""va"": ""0x7fff59302000"", ""vmr_type"": ""STACK"", ""num_pages"": ""1"", ""page_size"": ""4096""}",RESOURCE
VMR_100002_530,RESOURCE,VMR,"{""va"": ""0x7fff59303000"", ""vmr_type"": ""STACK"", ""num_pages"": ""1"", ""page_size"": ""4096""}",RESOURCE
VMR_100002_531,RESOURCE,VMR,"{""va"": ""0x7fff59304000"", ""vmr_type"": ""STACK"", ""num_pages"": ""1"", ""page_size"": ""4096""}",RESOURCE
VMR_100002_532,RESOURCE,VMR,"{""va"": ""0x7fff59305000"", ""vmr_type"": ""STACK"", ""num_pages"": ""1"", ""page_size"": ""4096""}",RESOURCE
VMR_100002_533,RESOURCE,VMR,"{""va"": ""0x7fff59306000"", ""vmr_type"": ""STACK"", ""num_pages"": ""1"", ""page_size"": ""4096""}",RESOURCE
VMR_100002_534,RESOURCE,VMR,"{""va"": ""0x7fff59307000"", ""vmr_type"": ""STACK"", ""num_pages"": ""1"", ""page_size"": ""4096""}",RESOURCE
VMR_100002_535,RESOURCE,VMR,"{""va"": ""0x7fff59308000"", ""vmr_type"": ""STACK"", ""num_pages"": ""1"", ""page_size"": ""4096""}",RESOURCE
VMR_100002_536,RESOURCE,VMR,"{""va"": ""0x7fff59309000"", ""vmr_type"": ""STACK"", ""num_pages"": ""1"", ""page_size"": ""4096""}",RESOURCE
VMR_100002_537,RESOURCE,VMR,"{""va"": ""0x7fff5930a000"", ""vmr_type"": ""STACK"", ""num_pages"": ""1"", ""page_size"": ""4096""}",RESOURCE
VMR_100002_538,RESOURCE,VMR,"{""va"": ""0x7fff5930b000"", ""vmr_type"": ""STACK"", ""num_pages"": ""1"", ""page_size"": ""4096""}",RESOURCE
VMR_100002_539,RESOURCE,VMR,"{""va"": ""0x7fff5930c000"", ""vmr_type"": ""STACK"", ""num_pages"": ""1"", ""page_size"": ""4096""}",RESOURCE
VMR_100002_540,RESOURCE,VMR,"{""va"": ""0x7fff5930d000"", ""vmr_type"": ""STACK"", ""num_pages"": ""1"", ""page_size"": ""4096""}",RESOURCE
VMR_100002_541,RESOURCE,VMR,"{""va"": ""0x7fff5930e000"", ""vmr_type"": ""STACK"", ""num_pages"": ""1"", ""page_size"": ""4096""}",RESOURCE
VMR_100002_542,RESOURCE,VMR,"{""va"": ""0x7fff5930f000"", ""vmr_type"": ""STACK"", ""num_pages"": ""1"", ""page_size"": ""4096""}",RESOURCE
VMR_100002_543,RESOURCE,VMR,"{""va"": ""0x7fff59310000"", ""vmr_type"": ""STACK"", ""num_pages"": ""1"", ""page_size"": ""4096""}",RESOURCE
VMR_100002_544,RESOURCE,VMR,"{""va"": ""0x7fff59311000"", ""vmr_type"": ""STACK"", ""num_pages"": ""1"", ""page_size"": ""4096""}",RESOURCE
VMR_100002_545,RESOURCE,VMR,"{""va"": ""0x7fff59312000"", ""vmr_type"": ""STACK"", ""num_pages"": ""1"", ""page_size"": ""4096""}",RESOURCE
VMR_100002_546,RESOURCE,VMR,"{""va"": ""0x7fff59313000"", ""vmr_type"": ""STACK"", ""num_pages"": ""1"", ""page_size"": ""4096""}",RESOURCE
VMR_100002_547,RESOURCE,VMR,"{""va"": ""0x7fff59314000"", ""vmr_type"": ""STACK"", ""num_pages"": ""1"", ""page_size"": ""4096""}",RESOURCE
VMR_100002_548,RESOURCE,VMR,"{""va"": ""0x7fff59315000"", ""vmr_type"": ""STACK"", ""num_pages"": ""1"", ""page_size"": ""4096""}",RESOURCE
VMR_100002_549,RESOURCE,VMR,"{""va"": ""0x7fff59316000"", ""vmr_type"": ""STACK"", ""num_pages"": ""1"", ""page_size"": ""4096""}",RESOURCE
VMR_100002_550,RESOURCE,VMR,"{""va"": ""0x7fff59317000"", ""vmr_type"": ""STACK"", ""num_pages"": ""1"", ""page_size"": ""4096""}",RESOURCE
VMR_100002_551,RESOURCE,VMR,"{""va"": ""0x7fff59318000"", ""vmr_type"": ""STACK"", ""num_pages"": ""1"", ""page_size"": ""4096""}",RESOURCE
VMR_100002_552,RESOURCE,VMR,"{""va"": ""0x7fff59319000"", ""vmr_type"": ""STACK"", ""num_pages"": ""1"", ""page_size"": ""4096""}",RESOURCE
VMR_100002_553,RESOURCE,VMR,"{""va"": ""0x7fff5931a000"", ""vmr_type"": ""STACK"", ""num_pages"": ""1"", ""page_size"": ""4096""}",RESOURCE
VMR_100002_554,RESOURCE,VMR,"{""va"": ""0x7fff5931b000"", ""vmr_type"": ""STACK"", ""num_pages"": ""1"", ""page_size"": ""4096""}",RESOURCE
VMR_100002_555,RESOURCE,VMR,"{""va"": ""0x7fff5931c000"", ""vmr_type"": ""STACK"", ""num_pages"": ""1"", ""page_size"": ""4096""}",RESOURCE
VMR_100002_556,RESOURCE,VMR,"{""va"": ""0x7fff5931d000"", ""vmr_type"": ""STACK"", ""num_pages"": ""1"", ""page_size"": ""4096""}",RESOURCE
VMR_100002_557,RESOURCE,VMR,"{""va"": ""0x7fff59394000"", ""vmr_type"": ""VVAR"", ""num_pages"": ""1"", ""page_size"": ""4096""}",RESOURCE
VMR_100002_558,RESOURCE,VMR,"{""va"": ""0x7fff59395000"", ""vmr_type"": ""VVAR"", ""num_pages"": ""1"", ""page_size"": ""4096""}",RESOURCE
VMR_100002_559,RESOURCE,VMR,"{""va"": ""0x7fff59396000"", ""vmr_type"": ""VVAR"", ""num_pages"": ""1"", ""page_size"": ""4096""}",RESOURCE
VMR_100002_560,RESOURCE,VMR,"{""va"": ""0x7fff59397000"", ""vmr_type"": ""VVAR"", ""num_pages"": ""1"", ""page_size"": ""4096""}",RESOURCE
VMR_100002_561,RESOURCE,VMR,"{""va"": ""0x7fff59398000"", ""vmr_type"": ""VDSO"", ""num_pages"": ""1"", ""page_size"": ""4096""}",RESOURCE
VMR_100002_562,RESOURCE,VMR,"{""va"": ""0x7fff59399000"", ""vmr_type"": ""VDSO"", ""num_pages"": ""1"", ""page_size"": ""4096""}",RESOURCE
